S02B00002F73646B323032362D6669726D776172652F67656E6572617465642F636D616B655F6763632F62756F
S214004000C80A0020C33001006DB4010071B401007D
S2140040103D37010075B401007DB40100C1300100D8
S214004020C1300100C1300100C1300100C1300100C3
S21400403081B4010054620200C1300100C1300100A9
S214004040C1300100C1300100C1300100256600000A
S214004050C1300100C1300100C1300100C130010093
S214004060C1300100C13001000F6B0100C1300100FA
S21400407031C70000C1300100C1300100C13001006D
S214004080C1300100C1300100C1300100C130010063
S214004090C13001009B380100C1300100C130010071
S2140040A0C13001002131010001310100C1300100A1
S2140040B0C1300100C1300100C1300100E12D020015
S2140040C0EB4D0200E74D020011250200014E0200F2
S2140040D0EF4D0200A12D0200F34D02006114020014
S2140040E0212E0200C1300100C1300100C1300100A4
S2140040F0C1300100C1300100C1300100C1300100F3
S214004100C1300100C1300100C1300100C1300100E2
S214004110C1300100C1300100C1300100C1300100D2
S214004120C1300100C1300100C1300100C1300100C2
S208004130C130010094
S21400414070B5104A104C114DE3695E0714D4082868
S21400415001D12B4213D103EA00068E4207D10B4A47
S2140041601A40002A14BF6FF00100002070BD013A0B
S214004170EAD16FF00200F9E74FF0FF30F6E76FF094
S2140041800100F3E78096980000000350020001004B
S214004190000000000000000000000000000000001A
S2140041A02DE98048B74BCDB05B691A0B03F03F038F
S2140041B0012B8DF8E0208DF8E13015D1B24B9A6DC9
S2140041C0D40311D45A6B6FF3162242F4BC1242F495
S2140041D0A0625A631A6B22F4704242F440421A6399
S2140041E01A6B42F4E0621A63BDF8E030B3F5807FE4
S2140041F00CD14FF000531B68A44B1B68A44B1B68E4
S214004200A44B1B68A44B1B68A44B1B68A44AD2F89B
S214004210803043F00303C2F88030EFF3118330227E
S21400422082F311889F4C94F84920002A40F0758448
S214004230012284F8492083F31188BFF36F8F6FF053
S21400424004035025984A994913F0800F03F10100A2
S21400425040F05B840B443D2883F800530346F3D1BB
S214004260934BD3F84C21100300F15D84D3F85051E2
S214004270EDB2904B904A93F90060904B2E441A6032
S214004280874B86F308061B6F03F00703032B01D149
S21400429021F03AFA12F08AFF032842D045F60E03C0
S2140042A00221794AC2F88030854B9962012103F5D4
S2140042B080539962936DD903FCD4824B8249136173
S2140042C0936903F0004343EA064343EA052343F0B9
S2140042D0407343F03C039361136A23F00D031362AB
S2140042E0936A23F0330343F001039362664A936DA7
S2140042F031EA0303FBD10221714B9962936D5B0097
S214004300FCD4136923F4700343F4001313614FF0D5
S21400431000426B4B9A61022203F580539A62012297
S2140043209A62634BD3F89850684B5A68012A00F09B
S214004330018412F03BFF042807D1654812F0EEFE18
S214004340574A136F43F480631367624A25F040733D
S214004350D16811F0060FFBD19168936090684340D6
S21400436013F4F81F05BF5C4B594A91601A6012F0AF
S2140043701DFF042812D121F0C7F912F0CFFE01204C
S21400438010F042FE5549464A884294BF002001205C
S214004390136F23F4806343EA80231367444B504A29
S2140043A0D3F8C0303E4D23F0407393602E6F4848DC
S2140043B0C6F38026731C84F84A3012F0AFFE2B6FCB
S2140043C043F480632B672B6F23F0070343F002034D
S2140043D02B6721F099F912F0A1FE2B6F324923F4D6
S2140043E0806343EA86232B672B6F23F4505343F4F2
S2140043F080632B67D1F8FC2012F080721EBFD1F8C4
S214004400FC3023F08073C1F8FC30D5F8803023F000
S214004410030343F00203C5F8803032B1224AD2F8D3
S214004420FC3043F08073C2F8FC301D4BD3F82021DB
S21400443022F0070242F00102C3F82021D3F88021BF
S21400444022F0030242F00102C3F88021D3F8402193
S21400445022F0030242F00102C3F84021D3F86021A3
S21400446022F0030242F00102C3F86021D3F8402292
S21400447022F0030242F00102C3F84022D3F80022E1
S21400448030E000BF00C0075000C0005000400020D1
S2140044900080002000C00020000001200040012015
S2140044A000800050B019002000ED00E000E100E0C0
S2140044B00080E00FF031002000F04902A43F002009
S2140044C000D000502008B00B0300014000C001508F
S2140044D000B4C40400000150A03F002080F0FA029F
S2140044E00040015A22F0070242F00102C3F80022FF
S2140044F0D3F8082222F0070242F00102C3F808228D
S214004500BD4A536A23F0010353624FF0E022136959
S21400451043F004031361B94B5A6F42F001025A6725
S214004520DA6E22F03002DA66EFF31186302383F378
S214004530118894F84B30002B3ED14FF0B045B04A6E
S2140045401360B04A1360B04A13606B680BB110F08A
S21400455009FF01230021AD4A5360A960AC494B60B6
S2140045600223EB606023EB631F23936153614FF0DC
S214004570B0439A6A12F00802FBD11A625A685B6866
S2140045800BB110F0EFFE0127A14D6F6010F0EAFEB0
S2140045904FF0B0434FF48062DF609E4BC3F880213B
S2140045A01A601220AF6138A921F0B9FC389A9A4BEC
S2140045B01A60002A40F0C58286F31188BFF36F8F19
S2140045C011F09CFF954A964DD2F8C030954E23F0D8
S2140045D0FF0343F0A003B5429349C2F8C03000F091
S2140045E0078326F01F03203BB3F1005F80F00183B2
S2140045F08E4B0A68894823F01F0343F00303C0F874
S2140046009820C0F89C308A4B0132C0F8A0300A606F
S214004610BFF35F8F0525814BC3F894505A6A42F466
S21400462080325A62BFF34F8FBFF36F8FBFF34F8F47
S214004630BFF36F8FDFF828B27E4816F012FFBBF884
S2140046405830BBF85A10DBF8682001EB43010139FB
S214004650342011F016FF0BF16C0016F002FFBBF8C9
S2140046605830BBF85A10DBF86C2001EB43010139D7
S214004670072011F006FF0BF1700016F0F2FEBBF8F3
S2140046805810DBF8702049080131012011F0F9FEBE
S2140046900BF1740016F0E5FEDBF85400DBF874202E
S2140046A0113080B2BBF85810043011F0EAFE0BF15E
S2140046B0780016F0D6FEBBF85810DBF878200139E3
S2140046C00C2011F0DEFE0BF17C0016F0CAFE294627
S2140046D00025DBF87C20942011F0D3FE0BF180003F
S2140046E016F0BFFEDBF88020BBF85A10082011F049
S2140046F0C8FECBE9185510F027FE4FF050234FF4B4
S2140047000032C6071A6709D401221146154601FA77
S21400471005F3034002F1010200F07B82464B33F8BA
S2140047201530464A062B116845480A918AB24FEA68
S214004730114140F075824FF20F03994240F06D82AE
S214004740B2F5406F28BF4FF4C06202804FF00053AE
S2140047504CF23C325A80314A536A43F47023536217
S214004760EFF308834FF0CD31364A043B934280F096
S214004770688200239B6AB3F5804F80F093801A68A6
S214004780314B9A4240F08E8094F84C5015F0FD055F
S21400479040F088802D4E3378002B00F0558202239F
S2140047A0337008214FF480331A4A2948C2F8801122
S2140047B0C3601160274A136100239B6ADB69984730
S2140047C033780746012B40F0C88202F0F5F9013035
S2140047D040F0B482226E204B1A66626E5A66A26E53
S2140047E0C3F87021E26ED20700F1B4821B4A536808
S2140047F001334BD136E000BF00C0075000400050E8
S21400480038310020103200200C32002000200058E2
S2140048100010005800E100E08C0D002000ED00E0E4
S214004820803E0020203E0020043200209F3E0020D4
S214004830E1FF0020EC3E0020806E02000000002019
S2140048401E1100200800002007B0CD5ED20A00200E
S21400485000A0004400900044008000440040002077
S214004860843E002094F84C3083B9BB494968C90798
S21400487048BF5360B94B5B68DB0744BF01235360F6
S214004880B74B5B68D80744BF022353601BF0E4FBBA
S214004890236D83F31188BFF36F8F357017B901232B
S2140048A084F84C30AF49B04811F012FD11F03AFED2
S2140048B0AE4B1A68910104D44FF00072C3F8802101
S2140048C01A601A68520104D44FF08062C3F880213F
S2140048D01A600023CBE90233CBE908B3CBE90DB36A
S2140048E0A34ADBF84C00CBF81030CBF840308BF8FE
S2140048F04430ABF8C4308BF82830CBF81C308BF83B
S2140049003C30CBF83030CBE9003311468368A2F157
S2140049105007984768BBDBF84C000368984740BBD5
S214004920DBF84C003946436898470546D8B93E46FA
S2140049300146CBF89800CBF8C0008BF8BC00ABF86B
S2140049409400202207F19C001FF0CAF846F8845F06
S214004950C6E90155DBF84C00C7F89050C368984785
S214004960002800F0FC81834802F0B9FA824802F081
S214004970B6FA05F0B3F920F0DBFE00217F4B0846BF
S2140049805B6811F0A5FC08B1122809D138A813F00D
S214004990EFF828B94FF0FF309DF8E0101FF070FBDD
S2140049A0002612F0FDF91422002138A81FF098F80E
S2140049B0734B38A94FF0FF3039931FF0F3FC0123F7
S2140049C0B04638A94FF0FF30CDE938668DF8E230B2
S2140049D01FF0B6FB6FF00A014FF0FF301FF0E5FC4A
S2140049E017F07AFB4022314666481FF079F83022ED
S2140049F0314665481FF074F8624D644B644ADFF830
S214004A00E491DFF8E4E1DFF8E4C1A3F1180705F16B
S214004A10400A2426002106FB08F65E4843E90615F0
S214004A2043E9030EB81943F8109C43F804CC017709
S214004A300162C8F1000000F01800504442F8140C5F
S214004A40554842F8181C42F8100C544843F8241BEA
S214004A5042F80C0C5248203542F8080C514842F8EF
S214004A60040C5148304408F10106022E01774FF03D
S214004A700108016242F8241BCBD1404620F010FA10
S214004A800546002840F0DD8100200021474B4FF608
S214004A90FF7AC3E9000141F60B23454A7F21938044
S214004AA0444B156044482022C4F8FC30ADF824A0DE
S214004AB08DF826801FF014F847F67F723F4B4FF0B4
S214004AC0FF391A803E4B3F491B88C4F81C11A4F8D6
S214004AD00C313D4B2A461B682439C4F814313B4B35
S214004AE038A81B8809AFA4F80E31394BCDF8E090F2
S214004AF01B68C4F818314FF08003A4F8103117F083
S214004B0049FB002800F04B81FEE703F00F03043B4F
S214004B1013441D760346FFF797BB83F31188BFF354
S214004B206F8FFFF79DBB2B4B1D88FF2D88BF802501
S214004B30FFF79FBB28494A609A699707FCD1FFF7A1
S214004B40F8BB002340F2E73124481EF0A7FD244BB3
S214004B5084F84B7018602FE50080055000C00550A3
S214004B600000065074680200201A002000E100E0F1
S214004B70D43E00209C3E0020B03E002000ED00E029
S214004B80006A18003C1A00207C1A0020A80D00209D
S214004B90D00F002079D2000075DA000085D2000020
S214004BA0A5DA0000ADDA0000B80F002030110020B2
S214004BB04C110020C52801007F1300207D13002023
S214004BC0C6890200D01A0020CC890200C4890200DF
S214004BD0C88902000001E00F00E0015018FCFFFF4A
S214004BE0880D00200D23010019DA0000692301005A
S214004BF0A54B0868A54FC2F8980043F001030130A2
S214004C00B542C2F89C70C2F8A03008603FF400AD10
S214004C10EEE4102A7FF47AAD83E54FF4C06294E5A3
S214004C2040F20725AB420AD14FF20F05A94206D142
S214004C309A4202BF4FF000524CF23C315180038042
S214004C4089E543F8041991E50127209528953770E2
S214004C50EFF31183302282F3118823651BF0F4F9F9
S214004C6094F854304BB911F05DFC30B98849894846
S214004C7014F00CF908B984F85470874B5A68E26649
S214004C80864A9A601A6E22665A6E6266D3F8703149
S214004C90834AA366834B5968481C36D04FF480136A
S214004CA08B40136604237E4A4FF0804113664FF410
S214004CB080631366102313664FF4005300271366B1
S214004CC011665366BB6AB3F5804F0FD2012338A82E
S214004CD08DF8E030CDE9397701F0EDFE3A9B5905C5
S214004CE004D5BB6A28A91B6C20A89847209A6C4B51
S214004CF01A66289A5A6694F85420002A3FF451AD52
S214004D00A26D1A66E26D5A664BE594F84C30002B9D
S214004D10C8D1654B5B6813B94FF480131366634BB9
S214004D205A685F4B12B94FF400121A66604A52680E
S214004D30002AB7D14FF480021A66B3E701F03CFFB1
S214004D4040F2011398423FF445AD5A4AD368D8075B
S214004D50FCD43FE500229A6048E501259DE53046F3
S214004D6006F0FEFB00287FF4FEAD04F0B7FF054614
S214004D7000287FF4F8AD4FF4844009F050FC00386A
S214004D8018BF01204C4A4D4B84F848001A604C4B23
S214004D9002201D6102F0BEFA02F064FAE9E5494914
S214004DA0389817F077FD00B1FEE7314638981FF0C7
S214004DB0E0F900B1FEE74449389817F063FF00B108
S214004DC0FEE7414638981FF0C0FB00B1FEE74146BB
S214004DD038981FF0C8FB054600B1FEE70146802262
S214004DE03A481EF07DFE394B41463898A3F83C9071
S214004DF083F87E9083F83EA0A3F87CA0DFF8E090CE
S214004E0017F02EFA389BC9F8003003B9FEE71CA34A
S214004E10D3E900234FF0FF304FF0FF3109F02AFDB1
S214004E2029462B4809F036FF4146404620F020F838
S214004E303946D9F8000017F0EBF900B1FEE70DF09F
S214004E4079FF10F081FA234B4FF4003218604FF0D0
S214004E5050231A67204B214D039395F8E430002B1E
S214004E6040F0DA80C5E90135C5E903356B614FF6D8
S214004E70FF73DFF87080B8F800709F4236D1FEE707
S214004E800AE020FF220200000000012003000020AC
S214004E90081A0020D80A00200080004455CEAC0036
S214004EA000900044004000200080055000C00550DF
S214004EB00000065000000440616C0000980B0020C3
S214004EC09C0B002007001100A06E0200B811002005
S214004ED04C11002024140020501B0020D80D002068
S214004EE00C110020E01200200126B6E7FFB9B946F3
S214004EF00DF12C0AC7F1040138AA89B20AEB0700A3
S214004F00CDF8E09012F0E5FE002840F09980389B3E
S214004F101F44032FEED9DAF80030002B00F0918002
S214004F206FF00042934208BF01237C4A1360B8F832
S214004F300030C5E9075501336D62A8F8003008F067
S214004F40CAF90027764B05F13001A86200F18040CF
S214004F50744A6B63E963A863EF6205F108002D638A
S214004F600AF075FAFB23704AA5F85830EB69302131
S214004F709B1A1E22DB10B3FBF2F34FF00B094FF621
S214004F80FF7A6A4ADBB201FB032305F18000C5E91C
S214004F901C35C5E91277C5E91E772D6485F844905F
S214004FA0A5F846A02F656D650AF084F905F1900016
S214004FB00AF080F905F1A0000AF07CF95C4B05F1D7
S214004FC05408C5F8BC3005F1B803C5F8C4304046EF
S214004FD0C5F8B8500BF066F94046C5E91377AF64DC
S214004FE085F84490A5F846A00BF05CF90C23C5E9BB
S214004FF03777C5F8CC30C5F8C850A5F8CE70A5F8F8
S214005000D07085F8DA7085F8E4700AF093F9012319
S214005010C5F8E80085F8E430039B012E43F8045BEE
S214005020039305F1F0057FF45FAFD4F8A071C4F8E0
S214005030A87147B969213F4B3F4A404816F05AFAD3
S214005040FEE7012371E7D4F8A4913D4C00252346E2
S21400505043F8E97B636104F6E903A3614FF4006358
S21400506004F114063046A383C4E908550BF088F90A
S214005070266623460426013EC3E9195503F10803B4
S214005080F9D1C823DFF8C4E00022C4E92CE34FF6C8
S214005090FF73A4F8B8302B4B0421C4E93036002344
S2140050A0294DC4E92266C4E92466C4E92666C4E933
S2140050B03423C4E93623A4F8846084F8A860C4F8CE
S2140050C0AC60C4F8BC70C4F8C86084F8E010C4F8DB
S2140050D0E46084F8E86084F8ED6884F8EE68A4F884
S2140050E06869A4F86E69A4F87069C4F88069C4F8A1
S2140050F08469C4F88869C4F88C6984F89069C4F82F
S214005100946945E90223D4F800A0C4F8A069A4F87D
S214005110A469BAF1000F1BD1FEE700BFE41200201D
S214005120B5F40000BC620200D80D0020F812002082
S214005130612701001F890200CC6E02002989020047
S214005140F01B0020012301009025002000F8FF0737
S214005150634BDFF8BC8178223146A5F1B000C4E984
S2140051600A34C8F800401EF0BBFC4FF0FF33C4F80A
S21400517076395C4B5C4A7721C4F87269C4F87A6960
S214005180C4F86A69C4F8E968A5F50D60CAE9373459
S214005190C2E900340CF0B2FAA5F6E4000AF0E0F832
S2140051A0504BC4E90167C7E93734C9E937344F4B78
S2140051B0C4F80C90C5F818384D4BA5F80668C5F825
S2140051C024384C4BC5F81478C5F83038D8F8003079
S2140051D0C5F81C68A342C5F82078C5F82868C5F845
S2140051E02C78C5F834686ED103969BF8C43043B16A
S2140051F0DBF80030002B67D13F488BF8C43006F050
S214005200AFF9DBF848402546002D63D1EFF3118255
S214005210302383F31188DBF848301B1BCBF848306B
S21400522082F31188BFF36F8F9BF8943023B1324816
S21400523006F002F98BF894509BF8BC3093B1032328
S2140052402D4828AA38A912F08DFA58B9BDF8A03012
S21400525038982BB10278DBF8C0301344CBF8C03056
S21400526001F03CFF254C237823B106F064F923783F
S214005270002B6FD1224B1B78002B6BD00DF1300A20
S214005280012351461F480DF1220212F06BFA044624
S214005290002840F08B82DAF800506B885A1E042AE9
S2140052A054D80622184F298802FB0372B2F86220EF
S2140052B091424BD1023B032B2CD8DFE813F00101BF
S2140052C013013B016102FEE793F85020022A98D1B1
S2140052D01B688FE70D4807F0B5FB013D94E700BF5C
S2140052E0AD2201009F0B0100B0190020AF050100A0
S2140052F00DDE000019F40000083F00208C0B002093
S2140053004C3F0020800B0020806E0200843E002070
S214005310081100200421AF4B2A7983F8AC11002134
S21400532083F8AD11012183F8AE116FF07F0183F889
S214005330AF1193F84810002940F0C080012A18BF2A
S2140053402424A548C3F8B04101F073FFDAF8000042
S21400535001F0C4FEDBF8083013B9DBF80C3023B1DB
S2140053609E4801F0E5FF0028F4D09C4B5B68002BBC
S21400537040F02F82994B302593F844603446EFF383
S214005380118785F3118896480EF0CCFA87F31188BA
S214005390BFF36F8F002840F05182EFF31182302365
S2140053A083F311888D4B93F844309E4240F251822D
S2140053B000238A4981F8443082F31188BFF36F8F47
S2140053C0844C039AD4F8A8315E685A60002E40F0E8
S2140053D04382D4F8A831834C04932278022AD3B2AD
S2140053E000F06882032B00F042820BB90123237081
S2140053F07D4B1C68002C00F02B85204609F0BEFF74
S21400540004F58D5001230DAA18A9083012F0AAF948
S214005410002840F00E8504F5805393F8A62112B9B3
S214005420012283F8A6210023189ABDF834509A4228
S21400543008BF1D460121C4F8902004220DF11F0963
S21400544004F1900884F86F1940464946A4F8945031
S214005450A4F89630A4F8985084F89A30A4F89C5093
S21400546084F8E02084F8A8308DF81F300BF038FC64
S214005470D0B99DF91F309DF81F70002B14DAD4F8B0
S2140054808439C7F301190133C4F8843984F8719953
S21400549004EB89035B682360002B40F042820622FF
S2140054A0394620460CF068FB002384F86F391898BC
S2140054B001F014FE002800F0BC84FEE7122440E74A
S2140054C00423444880F8AC31002380F8AD31022331
S2140054D080F8AE316FF07F0380F8AF312423C0F838
S2140054E0B03173E0414A2B1D05F1240153F8040B3B
S2140054F08B4242F8040BF9D114F0A0FF3C4B3D4917
S2140055001A68044601F5D6701EF04EFC06226B881B
S214005510304902FB03726FEA43436FEA5343B2F823
S2140055206420A1F8AE31A1F8AC21C1F8B04101F574
S214005530D67009E7274890F84830002B00F0118114
S2140055402022002120A81EF0CBFA2B4B2E1D1B7804
S214005550052B02D1032001F0DDFE28AA06F1200C5F
S214005560134630687168083603C366451A46F7D195
S2140055704021224804F090FBA8B9204B30AE03F13E
S214005580200C324618685968083303C2634516462D
S214005590F7D1002318AE38933246402138AB28A8FE
S2140055A012F092F860B301240A4BC3F8B041062209
S2140055B06B88084802FB03776FEA43436FEA53435E
S2140055C0B7F86420A0F8AE31A0F8AC2100F5D6708C
S2140055D0BAE600BFB01900205C1B0020843E002005
S2140055E0C43E0020E812002008110020D819002030
S2140055F000400020B8190020940B0020641B0020F7
S214005600B34B96E803009980090C9DF86E2018604D
S21400561099711A98BDF86C105A73C3F80700A3F86E
S2140056200B1005F1240238AB05F1440C1E46106839
S2140056305168083203C662453346F7D1A54B40AEE3
S21400564003F1200C324618685968083303C26345D4
S2140056501646F7D1002301224FF4844012A904F025
S21400566052FA064690BBDDF84880D8F80430D8E9F0
S21400567008191B0A2FD1B8F8003003F4E042B2F53F
S214005680805F10D0B2F5005F0DD044F2010223F423
S2140056904050904207D003F44F43B3F5824F02D0F8
S2140056A0B3F5844F1AD1B9F1100F1AD848AB4A4651
S2140056B018461EF079FB0021C9F1100248441EF07E
S2140056C00FFA404608F096FF06B968B1502138A890
S2140056D002F0ECF967E76FF08606F2E76FF08506F2
S2140056E0EFE76FF08906ECE7502112AB20AA38A846
S2140056F0129611F0E9FF0646502138A802F0D6F9B6
S21400570016B1202120A8E3E7734B1B78032B03D1A7
S214005710724B186804F04AFA12A801F076FD704B36
S2140057200DA815934FF440730D9301F076FD0D9B75
S214005730DFF8C8C11493002320A9CDE912C317933C
S2140057402022664B12A804F0E5FE0646202120A87B
S21400575002F0ACF9002E7FF426AF042001F0DAFD4B
S21400576022E7112280F8B13180F8B02180F8B231FA
S21400577080F8B331402100F5DA7002F097F916E7A9
S2140057804FF0AA334FF0AA32CDE90E230423554832
S21400579080F8AC31002380F8AD31052380F8AE31B7
S2140057A06FF07F0380F8AF31082398E61B280DD1F1
S2140057B04C4C94F8F431002B3FF4CCAD04F2F510C9
S2140057C001F037FD002384F8F431C3E505F0B3FE9D
S2140057D0C0E5EFF31184302585F3118842480EF0BA
S2140057E0A1F8074684F31188BFF36F8F97F84C3003
S2140057F03C1F022B13D1204601F032FB78B107F193
S2140058002C00D7F8A06020F0B1F9039B3046214663
S21400581087F84C300EF08EF820461FF0BDFFEFF3F1
S214005820118485F3118830480EF07CF8074684F31F
S2140058301188BFF36F8F0028D8D19BE5039B013CEE
S21400584003744368C068984714F0FF047FF497AD6C
S214005850A3E59B1BDBB2ACE5B068864216BF836847
S2140058600026B360039B836043689847AEE50CF060
S21400587080FD1E4BD3E9002390429941FFF4B8AD5A
S2140058801B4D286800B9FEE71E221A4B1A49C31A98
S214005890DB10B3FBF2F33022DBB202FB03110B7F0B
S2140058A00E7666F382030B770CF084FD01232E60E0
S2140058B023709DE50CF05DFD0C4BD3E90023904270
S2140058C09941FFF495AD0A4D2868C8B9FEE700BFB8
S2140058D09C0B0020841B0020940B0020B40C00209E
S2140058E000024805B0190020883E0020F012002073
S2140058F030140020D80D0020F812002000240001EB
S214005900B04B4FF0300CC71A1E23FF10B7FBF3F74F
S214005910AD49FFB20B2332460CFB07110CF0F8FE24
S214005920C4E7404620A90BF067FD002840F0AB8096
S214005930DDF880A0BAF1010F08D040F2B880AAF1D5
S2140059400203032B40F2AB80052250E202238DF8BF
S2140059504830B4F89630AB4205D0404612A90BF05A
S214005960BFF900B1FEE79DF84830022B40F0868074
S2140059700DF1E0084046276809F09CFC00211E2532
S214005980924BDFF840A21970FB699148A3EB0A031B
S214005990DB10B3FBF5F3DBB2402200EB83101EF006
S2140059A09FF8FB698B48A3EB0A03DB10B3FBF5F308
S2140059B0DBB24022002100EB83101EF091F801209C
S2140059C007F11C091FF06CFA48B1484609F0A6FC1E
S2140059D000B1FEE701201FF063FA00B9FEE70025DC
S2140059E04FF6FF71F86908F069FF484628A9CDE927
S2140059F028550AF081FC4FF6FE71F86908F0A0FF02
S214005A00404609F057FCCDF80080424643462946FA
S214005A10F86912F019F82946F86909F035FB2846A6
S214005A2012F0CEFF4FF6FF780B2307F1540087F8ED
S214005A304430C7E91355BD64A7F846800AF032FC27
S214005A4094F87139234483F86A5983F8725983F8B5
S214005A50768983F87A59206EC4F88059C4F8845938
S214005A60C4F88859C4F88C590AF08AFC7022802140
S214005A7020460CF081F8002872D0FEE7032B0CD1EC
S214005A8001F030F81B200BF06DFE9DF81F5002460B
S214005A90294620460CF06DF862E00DF031FF2890A4
S214005AA028A940460BF0A8FC18B10BF05BFE024696
S214005AB09DE1BAF1030F289D13D0AAF10403012B30
S214005AC008D853462A46394620460CF0FEF90028E8
S214005AD046D0D8E72B460022394620460BF0DCFF9E
S214005AE0F5E72B4610A81D223B490CF0CFF9DDE95F
S214005AF0103000F0010A002B40F07E81BAF1000F52
S214005B0040F07A81712D69D0B5F56F5F55D00C2DB8
S214005B1040F05D81404638A90BF0E2F8002840F0DE
S214005B204A819DF8E030022B3BD003D9DA1E012AC9
S214005B3088BF0323002584F8E0300C220123394671
S214005B40204684F8E8500CF03DFA94F8E030042B38
S214005B5030D0012338BB626C84F8A830C4F8E42047
S214005B6094F8ED2894F8EE389A4202D020460CF0CD
S214005B70DBFA94F871299DF81F30224492F8E91850
S214005B8003F00F0331B18B421EBFD4F888190131E0
S214005B90C4F888190F2B0CBF0123013382F8E938AB
S214005BA082E40123C6E7C4F8E45084F8A83084F8F9
S214005BB0E870D5E70028D3D0F9E7394620460BF041
S214005BC0F5FF84E7D80D0020F812002069130020A6
S214005BD00410002084100020086F020023689A6CCE
S214005BE0002A00F0F0801D6F002D00F0EE80404689
S214005BF012AA38A90BF0C6FC002840F0DC80BDF8DD
S214005C0048207F2A00F2D6802B46AA8053F8060B3F
S214005C10389905931EF0C8F8059B404619460BF0C8
S214005C205FF8002840F0C780AB794046AB7640F678
S214005C3004732B837F23EB762B7FC5E904AA23F01E
S214005C40170343F004032B7705F118010BF048F80F
S214005C50002852D1404605F119010BF041F8002802
S214005C604BD10DF1200A514640460BF049F800286A
S214005C7043D12B7F9DF820200DF1220A62F3820388
S214005C80514640462B770BF03BF8B0BB2B7F9DF878
S214005C9022200DF1210A62F30003514640462B777D
S214005CA00BF02EF848BB2B7F9DF821200DF1300A13
S214005CB062F34103514640462B770BF021F8E0B9DA
S214005CC02B7F9DF83020404662F304132B7705F1B6
S214005CD014010BF09BFA80B9404605F110010BF059
S214005CE095FA50B9404605F11A010AF0F9FF20B9B5
S214005CF0404605F11B010BF002FAD4F80080D8F8F4
S214005D004830002B5FD098F85A3008F15405052B20
S214005D1059D0D8F870A0DAF8000012F009FFB0B336
S214005D209AF81C30D80632D4504638A909F035FE09
S214005D3068BB9AF81C30D90704D4504698F8B410BB
S214005D4009F054FEB8F858309A0620D49DF8E03092
S214005D50082B1CD1D8F8703008F190029A60D8F859
S214005D607000037FDB070CD4D8F8B0A0514609F0CA
S214005D7024FED8F8B0309A4524BF0AF10101C8F8CD
S214005D80B010D8F8700008F162010AF02CF8002371
S214005D90284688F85B3088F85C3088F8B5300CF018
S214005DA0FDFBAF4BA14407F00F07C8F84C3089F84D
S214005DB07279D5E606200BF0D5FC39460246204619
S214005DC00BF0DAFE83E60D20F5E70320F3E7A5F5F2
S214005DD07053B3F5806F09D243F601439D424FF0EE
S214005DE0010984F86FA91CD084F86F990D223946F2
S214005DF020460BF0BEFE6AE6002284F86F294210A9
S214005E0004EB6000BAF1000F01D0A258D3589847AF
S214005E10012384F86F3900287FF447AE2B46012211
S214005E205AE640460BF00CFA172884F86F99F2D120
S214005E30DCE704F5805393F8A6314BB104F1140067
S214005E400AF07EFB20B904F58D50143009F088FA6C
S214005E50002108461FF0A0FF4FF00008814F824C3B
S214005E60EFF3108072B67D881FF098FF002D3CD1AE
S214005E704FF4F8501FF014F858B34FF480701FF02A
S214005E800FF87A4C0746002800F0968023682946CB
S214005E901B684FF480701B78754F13F0200F08BFF7
S214005EA000271EF0E5FF2B4600212268C2E90411F8
S214005EB0EFF31180302282F311886E4A82F83D1289
S214005EC080F31188BFF36F8F21683A46886A0CF01A
S214005ED01FFC694A049B9B1A1E22DB10B3FBF2F3DD
S214005EE0DBB2012B40F28A80FEE784F80080EFF3F5
S214005EF0108072B67A8882B13B88013A07EB83013C
S214005F00CD68B9880133B3FBF1FC01FB1C337A8002
S214005F103B801FF043FF15B9FEE71546F9E7DFF8AB
S214005F2074912B7B99F81720C3F3800363F3410227
S214005F3089F817202B7B03F0FB032B7399F81720A7
S214005F40DB0963F3000289F817202B7B03F07F033D
S214005F502B736B7889F806302B4613F80C2BA9F8B0
S214005F600420C9F8003095F90330444A89F8153002
S214005F701370AB78424A89F8163013706B68C9F80C
S214005F802830D5F808A00CF0F4F900238245D9F89B
S214005F90280028BF01F1FF3113EB0A03C9E90231DB
S214005FA018B9354809F0BCFC364809F0B9FC294652
S214005FB0354812F05BFB53E74FF400701EF070FF9D
S214005FC0054630B139464FF400701EF051FF0F23DE
S214005FD06AE74FF480601EF063FF074638B1294633
S214005FE04FF480601EF044FF2F460E235CE7014608
S214005FF04FF480501EF03CFF0B2355E7234A52F81F
S214006000230020B10368022B01D108F0BBFDEFF39B
S214006010108072B61E4C65881FF0C0FE002D42D060
S21400602008F00BFC00283ED1EFF3108072B66188B2
S21400603061B1238804EB8302D668A2880133B3FBE0
S214006040F2F502FB153323804B1E63801FF0A6FE7D
S21400605006B9FEE73379FBB1012B41D0FEE700BF5E
S214006060AD190100981500205813002024110020B7
S21400607088110020B0190020D80D00206B130020D6
S2140060806A130020C80E0020E41500202811002006
S2140060903415002058110020B16830680CF08AF9D9
S2140060A030461FF079FB1D49A1F1480008F096FB29
S2140060B0E0B11A49A1F1480008F090FB0446F0B997
S2140060C01749A1F1480008F089FB044600283FF470
S2140060D08CA82046134908F097FB20461049F2E7A3
S2140060E07289317A306808F0D6FED9E70C49A1F1FA
S2140060F0480008F073FB0028DBD1FFF776B80A4BA0
S2140061000A4A19780A4B2046002918BF1A46114633
S21400611008F07AFB20460149CEE700BFD80D0020E4
S21400612000100020A5D60000041100208BD6000029
S214006130D1D600000348044B834202D0034B03B180
S21400614018477047CC400020CC40002000000000DC
S214006150064B0749C91A891048BF0131491003D0B8
S214006160044B0BB101481847704700BFCC400020D5
S214006170CC4000200000000010B5064C237843B940
S214006180FFF7D8FF044B13B10448AFF30080012398
S214006190237010BD483D00200000000038A6020015
S2140061A008B5054B1BB105490548AFF30080BDE8AF
S2140061B00840FFF7CDBF00BF00000000F82F00200A
S2140061C038A60200A3F5803A704700BF174B002B95
S2140061D008BF134B9D46FFF7F5FF00218B460F4681
S2140061E01348144A121A1DF07BFC0E4B002B00D0ED
S2140061F098470D4B002B00D0984700200021040044
S2140062000D000D48002802D00C48AFF3008015F0B2
S2140062109FFA20002900FDF7C3FF15F089F900BF9B
S214006220000008000000000000000000C80A00206F
S214006230C80A0020803D002000000000000000008A
S21400624008B5C36F0A462BB1D0F88010007A98477D
S214006250012008BD1846FCE70246D0F8940068B94D
S214006260937B73B9D2F8900050B9D2F88C3043B90A
S214006270537B127B9B1A5842584170470020704748
S2140062801846704740BA80B24140C1F303135940E4
S214006290080380B24840490101F4FF514840704766
S2140062A0024610B544180020A24200D110BD12F8D4
S2140062B0011BFFF7E7FFF7E738B50446451800204F
S2140062C0AC4203D1831A5842584138BD14F8011B1A
S2140062D0FFF7D8FFF4E721B10020012308800B70F8
S2140062E0704722207047EFF31183302282F3118823
S2140062F0064A107820B1064A1088003818BF0120D8
S21400630083F31188BFF36F8F704700BF803E002075
S214006310C80A00204FF4E13070474FF4E130704770
S214006320EFF31183302282F3118883F31188BFF3D1
S2140063306F8F70473021094A937852684B4303F1B8
S214006340A04303F58023DB6E92689B1AB3F5897F22
S2140063503ABF038000200120704700BFC80A002013
S214006360F8B51646044600258F1FAF4201DC002014
S2140063700CE0204603780134142B08D10521B0F830
S2140063800520FFF799FF10B106B13580F8BD01353D
S214006390EBE72DE9F3470746EFF31188302383F345
S2140063A011880125DFF880A01E4E9AF802400DF1F4
S2140063B00600A5405C4304F1A044B56204F58024C1
S2140063C0D4F86490FFF7B6FF28B1756288F3118899
S2140063D0BFF36F8F09E0BDF80630BB4208D3756285
S2140063E088F31188BFF36F8F2E2002B0BDE8F087C8
S2140063F04A46FB1A9BB2013B63F30E126266236F9A
S21400640043F002032367636E43F480136366756587
S214006410236FAAF8087023F003031A7B60F3410287
S2140064201A73D2E700100450C80A00208B7C01F1D2
S2140064302C0201338B74036813B9CB620260704779
S2140064401846F8E7C06C836A03B118477047012303
S2140064500B747047C388B1EB431F3FBF03684A09FC
S21400646053F8220001F01F013ABFC84000F00100B7
S2140064700020704710B5C38823B9CA885AB9ABB193
S214006480012017E0026802EB830252F8042C002A6F
S214006490F3D1013BF0E70C6804EB820454F8044C9B
S2140064A00CB9013AEAE79A42EAD30FD8013B5A1CE4
S2140064B001D1002010BD026852F823400A6852F845
S2140064C023209442DCD803F1FF33F0D24FF0FF30A4
S2140064D0F0E730B5C38823B9CA885AB9002B3DD136
S2140064E036E0026802EB830252F8042C002AF3D14D
S2140064F0013BF0E70C6804EB820555F8045C4DBBE5
S214006500013AEAE7B1F9045003D2B1F90400404277
S21400651026E0B0F90420002A03DD002D0CDA012065
S2140065201EE0002D08DD3AB14FF0FF3018E003F111
S214006530FF330BD2504213E0013B016851F8235061
S21400654054F823108D42F2D9104609E0591CF4D1B4
S214006550002005E0002BD8D09342D3D9B0F9040030
S21400656030BD0022154BB3F90010884202D1B3F9B2
S214006570020070470132042A03F10403F3D110F13C
S214006580910F15D010F1900F0ADA10F1970F12D074
S21400659010F1930F14BF4FF0FF306FF06F0070478D
S2140065A010F1860F14BF4FF0FF306FF07100704788
S2140065B06FF06F0070476FF06D007047E05F02008D
S2140065C08A4228D001F0FE43B3F1A06F14D102F046
S2140065D0FE43B3F1A06F0FD182EA010333F47E13BA
S2140065E00AD10B0408D5C1F30541C2F30542914216
S2140065F08CBF00200120704721F47F03B3F1106F99
S2140066000BD102F0FE42B2F1106F06D104480B1A0D
S214006610584258417047012070470020704700BF1D
S2140066200000020907B51E48837A03B9FEE7002377
S21400663069461030CDE9003312F028FCE8B9194A53
S214006640D2F84031D2F840211F2B4FF001030FD96A
S214006650203A9340019A1A43019208236A46124947
S21400666012480EF013FB124B124A1A600DF048F94E
S2140066709340009A1A430092EFE72D28F3D1094A77
S214006680D2F84031D2F840211F2B4FF0010385BFCE
S214006690203A93409340019398BF0093DDE700BFF4
S2140066A0C80A00200080004400710800D80A0020B4
S2140066B0000000200B020FF008B50DF033F920B1F2
S2140066C010F81A3C2C38013B837408BD38B50C46CC
S2140066D0EFF31185302383F311880848FFF7ECFFAA
S2140066E0206028B985F31188BFF36F8F1B2038BD53
S2140066F085F31188BFF36F8F0020F8E7400B00206A
S21400670038B50D48002284780C497C3012F041FBE5
S214006710302301250A4AA54003FB0423196F21F004
S21400672002011967596E21F48011596602F500536B
S2140067305D651D6538BD00BFC80A002099C0000011
S2140067400000045010B550F8044C011F606F12F0A2
S214006750E1FA204610BD38B505460C4661B14868DA
S21400676020B1FFF7EFFF2846FFF76CFE2146A86F23
S214006770BDE8384012F0CEBA38BD38B50446406F92
S2140067800D4612F0CCFA034620B1002043F8044B25
S2140067902B6038BD1A20FBE710B50C4661B1C06F00
S2140067A012F0BDFA206048B1002303601846226844
S2140067B013722268536010BD2220FCE71A20FAE705
S2140067C0F8B5044600284BD0837C002B4AD10168DC
S2140067D0856911B1284612F09EFAA16819B1D5F85C
S2140067E0800012F097FAE37C022B0AD0032B0AD023
S2140067F0012B0AD1606820B1FFF7A4FF2846FFF7F7
S21400680021FE012602E06168E1B90026EFF3118758
S214006810302383F311882146A86E12F07BFAE37CBE
S214006820042B13D1B5F86430013BA5F8643087F328
S2140068301188BFF36F8F1EB1E86C436A03B19847A7
S2140068400020F8BD286F12F065FADEE7052B01D0B0
S214006850032BECD1B5F86630013BA5F86630E6E7C9
S2140068602220EEE70420ECE770B516461C460D46DF
S214006870B1B1806F12F053FAA0B1002303606B68C9
S214006880048143600223837234683CB9022330607B
S2140068902846EB74FFF794FF204670BD2646F3E7C4
S2140068A02220FAE71A20F8E7F7B540F2011301258F
S2140068B0012204216846ADF800300EF083FD2A461A
S2140068C0022101A8ADF804500EF07CFD032001A9BA
S2140068D01FF025FB019B40F6AA6259014FF4E11315
S2140068E001F561213948B1FBF3F1394B456041F2BE
S2140068F005075A610022374C374E9A60DA65DF602A
S2140069001A61DA61DA64A6649A651A655A65656082
S21400691045609E68203946F080469E602F4EDF60B8
S21400692006EAC10102268260D9612D499A65C1F83E
S214006930AC650421E1654FF440645C611023294A8C
S214006940C2F8AC354FF00113C2F8C435C2F8BC55D6
S2140069504560416145610DEB010011F009F988BB06
S2140069609DF80460204C01A8A67011F001F948BB00
S2140069709DF8043084F89030D4F894301A68127D6C
S214006980B24221D9EFF31182302181F311881749E1
S2140069901B6943F8261082F31188BFF36F8F4FF4FC
S2140069A08023C4F89830124BC4E92700C4E92B00B2
S2140069B0C4F8A400C4F8B400C4F8A83084F8A15001
S2140069C084F8B15003B0F0BD2120FBE700900550DD
S2140069D00080055000A00550FFFF0100F8FF7F0073
S2140069E000E0035000C00350C80A0020BDBC0000F1
S2140069F00200040010B5682101200FF007FD0446D0
S214006A0018B1682200211DF06BF8204610BD10B5A5
S214006A10242101200FF0FAFC044618B1242200219C
S214006A201DF05EF8204610BD0022C188914201D8B4
S214006A3000207047036853F8223033B193FAA3F06E
S214006A40B0FA80F000EB421070470132EEE7F0B586
S214006A50C4880546082C8BB017D9083C082C17D8D4
S214006A600668A70020363A46314602A81DF09CF973
S214006A703A46002130461DF033F8262300930921BC
S214006A802346286802AA12F071F800200BB0F0BD69
S214006A900048FBE780B0FFFF0FF02BB810B50446A8
S214006AA00FF008F82046BDE810401EF075BE0FF047
S214006AB006B80FF004B800239A6AB2F5804F03D2E6
S214006AC01168074A914203D0002303708360704721
S214006AD0012202709A6A926842609B6A9B69F5E797
S214006AE007B0CD5E1FB501238DF80430002301A842
S214006AF00293FFF7E0FF039B9C0245D5254C636895
S214006B000BB10EF077FA0122234B5A60A36A98065F
S214006B10FCD402230125A3606362204B5D600EF067
S214006B2069FA1C4BE5609A6AD106FCD402221A6305
S214006B309A6AD206FCD40323174A5361A2F5805200
S214006B4093614FF48022164B1A604AF6E850154BB4
S214006B50154CDA6ED96E22F003021866134842F01E
S214006B60020241F00301C0F82044DA66D966DA660C
S214006B70D966DA66D966DA66D966DA66BFF34F8F03
S214006B80BFF36F8F30BFFEE7094B0A4A1A600CF05E
S214006B90B7FE00BF0040065000600650005006508A
S214006BA000E100E0004000500000FFFF00E003505E
S214006BB00000002002020FF01FB500239A6AB2F50B
S214006BC0804F1ED2126BB2F5804F1AD2012201A856
S214006BD002938DF80420FFF76EFF039BDB0310D5AE
S214006BE0029B1A0E0DD0012A03D1C3F307430A2BCA
S214006BF007D900239B6A1B6B1B6C05B05DF804EB82
S214006C00184740F2011005B05DF804FB006800B9B3
S214006C107047037A8B42F9D190F85030002B08BFAA
S214006C200020704708B503683BB901790448FFF7B0
S214006C30EDFF08B190F8500008BD93F85000FBE750
S214006C40843E0020054A08B502F1B800FFF7EAFFC7
S214006C5005281CBF012382F8C43008BDC80A0020DE
S214006C60022808B509D1042906D100210948FFF7F2
S214006C70CDFF012380F8A03008BD0328FCD10429ED
S214006C80FAD10022044B5B68002BF5D0C3E926221C
S214006C901B68F9E7843E0020803E00202DE9F04383
S214006CA01D46062387B0137049681446302900F045
S214006CB081801AD8042906D80139032940D8DFE88C
S214006CC001F04368495320296ED0A1F5E063FF2BFD
S214006CD000F2BC80C9B241F4E0635E486360FFF72F
S214006CE095FF58B390F8A00028E040F2022399429E
S214006CF07FD00ED8502960D0B1F5007F62D04029F1
S214006D00E3D1516050F8380CC3699847A060082357
S214006D104EE040F20133994270D0B1F5885F72D0F0
S214006D20A1F58053FF2BD0D8C9B241F4805349480F
S214006D305360FFF76BFF08B190F85000207207E031
S214006D4000235360A360E2E7012353600623137217
S214006D5005232DE0042303220921C4E9012301238E
S214006D60C4E90313102323E01346042243F8042F38
S214006D70394A116859605168128999609A810E23C0
S214006D80638001234374638804332B6007B0BDE837
S214006D90F083022301215360082210F8333C6280FE
S214006DA013FB0213A360EEE7516050F8302C2281EB
S214006DB06380E8E75160C36BC4E7516050F8380C55
S214006DC0036AA2E7516003A8FFF775FE049BE36021
S214006DD0002323619DF80C30012B02D1032323727C
S214006DE0C0E723B923724FF0FF33E360BAE704230A
S214006DF0F5E71A4B5160D3F8C830A3E7174B51603C
S214006E0093F8CC309EE7516002F1070802F187093B
S214006E1000221646531C6846CDE90066CDE9036697
S214006E208DF804208DF8103002960596FFF7FAFECE
S214006E30074603A8FFF7F6FE47EA001708F8017FA3
S214006E400232C145D2B2E5D18423B1E700236360A4
S214006E500D2377E7843E0020AC830200C80A00209A
S214006E6008B50146FFF7F8F950B1D1F8880040B9E7
S214006E70D1F8843023B9B1F86800B0FA80F0400940
S214006E8008BD0020FCE7EFF31182302383F311885E
S214006E908368013B836082F31188BFF36F8F70476E
S214006EA008B508B9022008BDEFF31182302383F33A
S214006EB01188836823B982F31188BFF36F8FF1E7D7
S214006EC00133836082F31188BFF36F8F21B10368AB
S214006ED013B100200B60E6E7FFF7D5FFE2E738B511
S214006EE00446EFF31185302383F31188037C63B1E6
S214006EF08068214640300CF01DFDA26892F84430B0
S214006F00013B82F844300023237485F31188BFF3D5
S214006F106F8F38BD2DE9F041044617460E4600290E
S214006F203DD0806E11F0FBFE0546F8B134220021FC
S214006F301CF0D6FDEFF31188302383F311887B1EF7
S214006F40042B2ED8DFE803F0182D03210300B4F835
S214006F505820B4F86630013A93420ADB2946A06E00
S214006F6011F0D8FE88F31188BFF36F8F1A20BDE8A2
S214006F70F0810133A4F8663088F31188BFF36F8F71
S214006F800020EF74AC613560F1E7B4F86430B4F813
S214006F905A209A42E2D90133A4F86430ECE7222062
S214006FA0E5E72120E3E72DE9F3479146042204466E
S214006FB08846D0F8A4000DEB02019A46FFF7AAFF18
S214006FC0074660B91AF00E0F667A019D0AF00203B2
S214006FD01AD0B20707D42846FFF7F2FB2127384617
S214006FE002B0BDE8F087A3B91AF0040F14D11AF066
S214006FF0080613D1324694F85030052B10D0284698
S214007000FFF7DEFB0227EAE716F00106E3D10122CE
S214007010F1E706463A46EEE70426FBE70E26F9E7D2
S214007020C5F80480A5F80C906C61237A6B740A9BF3
S2140070302B62CAB1A37AE27A1B01DBB21343CAF30E
S214007040001A43EACA0A85F810A0A37A013303F0AF
S2140070500703A37249464046FFF722F92946E8810E
S214007060204611F0DAFEBAE766F03F062E74F1E726
S2140070702DE9FF410F4603A9064615469846FFF739
S2140070800FFF38BB45B30398D0F8A43090F8A02083
S214007090B3F85C4040F6F773002C08BF1C46C2EB02
S2140070A0423204EBC204A4B2A5420ED80A9B39466B
S2140070B000932A464346FFF776FF01463046FFF721
S2140070C0E2FE084604B0BDE8F0813046FFF7DBFE7E
S2140070D02B21F6E70221F4E72121F2E710B578B17B
S2140070E0FFF730FB044660300CF01CFC014610B184
S2140070F0A06F11F00FFE2046FFF7A4F9002010BD88
S2140071002220FCE708B50CF00DFC20B110F81E3C60
S2140071103038013B837408BD8B7C01F130020133AB
S2140071208B74036813B90B63026070471846F8E760
S21400713038B581624469EFF31185302383F31188F3
S214007140D4F8A430014603F11000FFF7E5FF85F3FD
S2140071501188BFF36F8FD4F8A420074902F11800F6
S21400716011F017FE4FF6FF72B4F8683093421CBF5A
S2140071700133A4F8683038BD8776000010B50446A1
S214007180A37C0846013B04F13001A3740CF0D2FB4B
S2140071902046BDE810403321CAE72DE9F74389466B
S2140071A0174601A9032206461D469DF82880FFF7CC
S2140071B0B1FE38BB306F019C11F0B1FD606028B99C
S2140071C0204603B0BDE8F043FFF7FABA012165F0A8
S2140071D06F05A181C4F814906774257480F8008048
S2140071E06068FFF75DF8E081EFF31185302383F3E5
S2140071F01188214606F10800FFF78EFF85F31188F7
S214007200BFF36F8F03B0BDE8F08310B504461822B5
S21400721000211CF065FC204610BD0368D90444BF5D
S21400722043F4806303609A0444BF43F4006303603E
S214007230704707B50022084B014683F8CC20028829
S214007240064B0432009392B201230548FFF710FF65
S21400725003B05DF804FB00BF803E00201D760000F2
S214007260800B0020002307B5012219460E4811F0B6
S21400727063F868B90C4801A9FFF712FE40B9019BF4
S2140072800A4A09489A65FFF7FEFDFFF709FE18B19E
S214007290002003B05DF804FB019B054A02485A67CC
S2140072A0FFF7F1FD0120F4E7800B00201D760000BB
S2140072B0456C000010F1840F12DA10F1950F25DBF3
S2140072C09530102822D8DFE800F01D2121211B214F
S2140072D021211913110F151F170923000F207047BE
S2140072E0003818BF012070471D2070472E207047B9
S2140072F02D20704724207047212070471A207047A1
S2140073002F2070472C20704725207047012070479B
S214007310082070470146054B93F8CC0083F8CC1044
S214007320D3F8D03003B11847704700BFC80A002012
S2140073302DE9F0470646C06C86B0836998478046BC
S214007340002800F06781F36823B9B368002B39D1B1
S2140073501B2533E0B04B93F8CC3003F0FB03012B36
S214007360F3D1EFF31185302383F3118806F10C0077
S214007370FFF7C8FE044685F31188BFF36F8F002819
S214007380E3D0237C9F097F2BA36898BF002743BBCD
S214007390F06E11F0C4FC206028BBEFF3118230239E
S2140073A083F31188A37C0133A374B36844F8303F99
S2140073B0B46082F31188BFF36F8F1A25284606B093
S2140073C0BDE8F087EFF31185302383F3118806F1CB
S2140073D00800FFF797FE044685F31188BFF36F8F0A
S2140073E0CFE74FF00008A189002939D08B1C9BB24B
S2140073F0D4F814C037B9227C9CF80B0022F00702A0
S21400740002432274207C25687F28D4F808A029D857
S21400741041B3BAF1000F28D19CF8A090B9F1000F43
S21400742027D07D4A92F8CC2002F0FB02012A1ED01B
S2140074302946304611F06FFCC4F800A0EFF3118225
S214007440302383F31188A37C0133A374F36844F8D4
S214007450303FF46082F31188BFF36F8F0025ADE7ED
S2140074600B46C5E7BAF1000F22D04FF000090833EB
S2140074709BB21421627CAB701B0A2970287105210F
S21400748028466A70EB70FEF70BFF6871000AA87159
S214007490B9F1000F7BD0D6F8800011F040FC2168CF
S2140074A00546A06030B9304611F035FC256084E70B
S2140074B0D146DEE70B79584D03F0070923F00703A2
S2140074C00B71D4F814A0D4E900129AF80800D4F886
S2140074D008C08DF80C00DAF89C00A3890590D5F852
S2140074E0DB00CDF80D00B5F8DF00ADF8110095F81B
S2140074F0E100CDF800C08DF8130003A811F07CFE63
S214007500804698B9DAF89C300133CAF89C30D5F832
S214007510E4300133B3F1005FC5F8E43006D195F8E6
S214007520CC30052B02D10320FFF7F4FE4046FFF7D0
S214007530C1FE2268054613794FF0000823F00703C2
S21400754049EA030982F80490A26870B122B1114694
S214007550D6F8800011F0DEFB30462168C4F80880BB
S21400756011F0D9FBC4F8008028E7D4F80480B4F8FA
S2140075700C90C144C1452BD102F1080512F8011B3D
S214007580FEF780FE9542F9D14FF00008E081EFF358
S2140075901189302383F31188F06C2146436998479C
S2140075A00546D0B1A37C0133A3742346B26843F8E2
S2140075B0302FB360B8F1000F05D03046216811F0C7
S2140075C0AAFB0023236089F31188BFF36F8FF5E6CB
S2140075D018F8011BFEF756FECCE7606938B9022F93
S2140075E015D089F31188BFF36F8F0125E6E677B9CA
S2140075F021468C30FFF790FD6269D37B0133D3734D
S2140076006469237C1BB91EF01BFAC4E9060189F3E2
S214007610118821E73425D1E6C80A0020094A13B1AB
S214007620012382F8C4300121074B83F8CC1092F86E
S214007630CC30042B04D100230520C2F8E43069E6E0
S214007640704700BFC80A0020803E0020EFB50646FF
S2140076500D46843803A91746FFF79EF888B9062317
S214007660039909228B8105230D7245F48055CB8141
S2140076700E600D610F750123009130460C31FFF747
S214007680F7FC04B0E0BD2DE9F047064630274FF082
S214007690020900F1100833697BB1EFF3118A87F312
S2140076A011884046FFF72EFD4469054694F8503091
S2140076B02BB98AF31188BFF36F8FBDE8F087B4F853
S2140076C06830002BF5D0013BA4F868308AF31188A7
S2140076D0BFF36F8F037C7F2B4FEA931232D9032AB6
S2140076E00AD14069D0F864A0BAF1000F04D0AB6AA2
S2140076F02A6A6968007AD04794F85030062B25D05D
S214007700082B23D0032B17D12046FFF7A9FB98B1EF
S214007710637A84F85090DB060ED5EFF3118230239F
S21400772083F31188D4F8A430596844F8041F5C60C9
S21400773082F31188BFF36F8F002328466B60FFF734
S2140077403FF8A8E74069D0F858A0CDE72046FEF7F6
S21400775083FD0028F0D0D4F8A4000922217A8430D2
S214007760FFF774FF18B1092384F85030E4E794F863
S2140077705030062BE0D10723F6E7054BD3F8E83068
S214007780584043085B4240421843C017704700BF4A
S214007790C80A0020F8B5C3880E46B2EB830F076808
S2140077A04FEA83041AD813469C420CD81546002389
S2140077B0AB4215D1A24204D90021121B30191CF08D
S2140077C08FF90020F8BD23F003003D5803F00301B5
S2140077D0C900CD40EDB26DB90133E5E72546E6E7D1
S2140077E023F00301795803F00300C000C140F154B0
S2140077F00133DDE76FF00700E4E7034670B51C6869
S214007800DB880846B2EB830F4FEA830519D9521B73
S2140078108E1800211CF064F930462A4600231044D6
S214007820934210D1002070BD23F00301615803F08D
S2140078300306F600F140C9B281B901339D42F3D880
S214007840ECE71346FAE723F00301615803F003055B
S214007850ED00E94000F8011D0133E1E76FF0070095
S214007860E1E71FB54FF001130191039302A901ABA5
S2140078700293FEF72EFE05B05DF804FB10B50C4C27
S214007880D4F8E820D4F8E8304240594081EA0200B3
S214007890C00FFFF772FFD4F8E830521A434022EACE
S2140078A0030208401043C00FBDE8104065E700BF64
S2140078B0C80A0020013901D20020704750F8213054
S2140078C0002BF7D0B3FA83F00131C0EB41107047BC
S2140078D0C1880068EEE753098B42F0B402F01F043B
S2140078E001D805D13CB3F0BC8A0000211CF0F8B8E2
S2140078F01F2A22D834B1002200EB8101C4F12006F1
S21400790081420FD1F0BC704752F8047B45F8047FE3
S214007910B242F9D10022CB1A8B42EBD240F8232098
S2140079200133F9E751F8045D25FA04F313430B60BD
S21400793005FA06F2E4E71F2AE4D900EB8302051FE6
S21400794000EB8106E4E708B50A46C18811B1006875
S214007950FFF7C1FF002008BD01F18041013900EBAF
S21400796081018142034600D270471B680A681BBA31
S21400797012BA40F8042B41F80439F2E70346C0690E
S21400798020B15B6A002B14BF012002207047002242
S2140079900123C0E90023C0E90223C0E9042370479D
S2140079A038B5002401250146C0E90254C0E9045454
S2140079B00470446085611C30FFF7E9FFC1E90D459E
S2140079C0C1E90F44C1E91144C1E91344C1E91544B2
S2140079D0CC6538BD70B50646FFF7D0FF02280C46CA
S2140079E005461DD100212046FEF734FD60BB01216F
S2140079F02046FEF72FFD024630BB2046FFF768FF05
S214007A00336C591C88421FD1FE2B07D129462046CD
S214007A10FEF720FD0D4B021E18BF1A46104670BD1D
S214007A2001280FD101462046FFF71BFF00280BDB7D
S214007A30204606F13401FEF74CFD0028034AB8BF85
S214007A400022EBE7024AE9E7004AE7E780B3FFFFD8
S214007A5080B0FFFF70B5066C0D460736B3EBD60F49
S214007A60114604464FEAD60203D200230D482B6087
S214007A7070BD2A60B0F866307BB1FFF77FFF022842
S214007A8004D104F16000BDE8704083E6012806D109
S214007A9004F16000BDE87040AFE60348E8E76FF029
S214007AA06D00E5E700B1FFFF80B0FFFF10B5034BA8
S214007AB00A461B6900210446984710BDE05F020095
S214007AC010B5044610B109B1FFF7F0FF2046BDE837
S214007AD010401DF061BE10B5044648B1006818B1EC
S214007AE0E1888900FFF7ECFF00220123C4E90023A8
S214007AF010BD10B50446FFF7EEFF04F10800FFF7CF
S214007B00EAFF04F11000BDE81040E4E700B1F0E73A
S214007B10704742F21073994270B504460D4602D97A
S214007B206FF00F0070BDC3888B4213D20421284625
S214007B300EF06CFC06460028F2D0216841B1E288BF
S214007B4092001CF031F9E18820688900FFF7B8FF41
S214007B50E58026600020E5E72DE9F0410D46C9885E
S214007B6004461646FFF7D5FF014618BB3046FFF71A
S214007B7004FE03461C4EB4F90420D6F8E800013291
S214007B80584022EA0002B5F90400013018400243CA
S214007B90013AA280D5F800E02268B5F80680724562
S214007BA003D08C46043AE04507D8DB43EA88E088F1
S214007BB0824211D30846BDE8F081D6F8E87052F844
S214007BC0040F5F4020EA07005EF82C700CF1010CF1
S214007BD01F4038431060E6E7256855F82200184035
S214007BE045F822000132E2E7C80A0020F8B505464B
S214007BF08D420E46104601D10020F8BDFFF7BDFDB0
S214007C00C98804462846FFF784FF10B16FF00F00BE
S214007C10F3E73046E988FFF77CFF0028F6D11E4AD6
S214007C20B6F90430B5F90410D2F8E8000131013392
S214007C30604021EA000023400343013BAB80B6F9D5
S214007C400430D2F8E80001336040214023EA000304
S214007C500B43013BB38031682B68EE888B42CBD058
S214007C60043903EB8606B342C6D0D2F8E8001D6896
S214007C7051F8047F604025EA00002740384343F867
S214007C80040BD2F8E8700868674020EA0700254031
S214007C9028430860E7E700BFC80A002038B5044656
S214007CA00D4619B9FFF717FF002038BDC2888A4273
S214007CB007D10021006892001BF012FF0123A38069
S214007CC0F2E7FFF708FF29462046BDE8384020E7E0
S214007CD02DE9F84312F0030318BF012303EB9206C5
S214007CE08946314680461546FFF7D8FF0446F0B968
S214007CF0B8F80620D8F80070B2421BD33FB1014650
S214007D00920038461BF0ECFE23469D4202D12046E8
S214007D10BDE8F88319F80310DA0023F0030002F038
S214007D20180291403A5801330A433A50EDE76FF093
S214007D300F04ECE76FF00704E9E72DE9F84312F0CB
S214007D40030318BF012303EB92068846314681469B
S214007D501446FFF7A3FF0546D0B9B9F80670B74238
S214007D6019D397B1D9F80090BE000146324648466E
S214007D701BF0B6FE2CB1301B2246414648441CF090
S214007D8013F839464846FFF7E7FD2846BDE8F8836E
S214007D906FF00F05F9E76FF00705F6E7884270B554
S214007DA005460E4609D0C988C28841B92AB10123C2
S214007DB09200838000681BF093FE002070BD4C1E6E
S214007DC06CB9B6F904300134A242AB800ED221461B
S214007DD02846FFF79EFE88B16FF00F00EEE7336887
S214007DE053F82430002BECD1013CE9E72868121B3D
S214007DF00021920000EB84001BF072FE31682868B8
S214007E00A2001BF0D1FFD8E738B504460D46FFF7B1
S214007E10C5FF68B905F1080104F10800FFF7BEFFC9
S214007E2030B905F1100104F11000BDE83840B5E79F
S214007E306FF00F0038BD70B50E4601210446FFF7FF
S214007E4068FE054648B9E2880146920020681BF0A5
S214007E5047FE23681E600123A380284670BD10B528
S214007E6001210446FFF7E7FF58B9012104F1080095
S214007E70FFF7E1FF014620B904F11000BDE810400D
S214007E80D9E76FF00F0010BDF8B5C3880646B1EB12
S214007E90431F0C4617464FEA511514D2012231688B
S214007EA004F01F0451F82530A24023EA020341F8EB
S214007EB02530326807FA04F452F82530234342F896
S214007EC025300020F8BD002AFBD0691CFFF721FEF4
S214007ED00028E3D06FF00F00F4E7F8B504460D462F
S214007EE0FFF7F6FCE3882844B0EB431F24D81F2D89
S214007EF02368E1884FEA551005F01F0412D96FF089
S214007F0003060A4606FB0036904202F1FF3521D3EF
S214007F10421A814238BF002200250A4403EB82023F
S214007F209A421DD134B1002503EB8003C4F120072B
S214007F30814218D80020F8BD10F01F0118BF01219B
S214007F4001EB50112046FFF7E4FD0028CFD06FF07C
S214007F500F00F0E756F8252043F825202A46D3E7F9
S214007F6042F8045DDCE71E68013006FA04F22A4394
S214007F7043F8042B26FA07F5DAE72DE9F843054619
S214007F800E469046D4887CBBF1882846FFF7C1FD94
S214007F900746002864D1F28894420BD2AE4209D03C
S214007FA028683168121B920001EB840100EB840004
S214007FB01BF0FAFEEA88F088824207D92B68121A6C
S214007FC00021920003EB80001BF08AFD002213467E
S214007FD0D5F800C0D6F800E0D8F80080944214D156
S214007FE043BB0123AB800DE0D8F8003003EB8403DD
S214007FF053F8043C0BB9013CC5E7F188A142C4D252
S2140080006FF009073846BDE8F8835EF8226058F836
S2140080102200F11A81422CBF4FF000094FF00109EF
S214008020091A4CF822109E422CBF4B4609F1010358
S2140080300132D3E72A68E98802EB840402EB810266
S214008040944202D1002BCCD0DAE72168C91A34BF9B
S21400805001230023003B18BF012344F8041BEFE76D
S2140080606FF00F07CEE738B50C46051D29462046AB
S214008070FEF72FFA002801DA002006E02A462146FD
S2140080802046FFF77AFF0028F0D038BD2DE9F843E8
S2140080901446B1F904709288054612FB07F2534362
S2140080A00E461ED521463046FEF7E4F9B0F1FF3FF6
S2140080B080460DD0224631462846FFF75EFF28B997
S2140080C0B8F1000F08BF01270020AF80BDE8F88395
S2140080D032462846FFF751FF0028F7D17F42AF808F
S2140080E0F4E7844202D0814212D126460123AB80B7
S2140080F0B6F80690B9F1000FE6D033684FEA890863
S21400810003EB890353F8043C4BB909F1FF39F1E757
S214008110FFF744FE0028E8D06FF00F00D6E7494688
S2140081202846FFF7F6FC04460028F5D131682646B7
S2140081302B68181F50F8042FA2182CBF4FF0010C04
S2140081404FF0000C51F82640013612194CF100048D
S214008150B1450260EED14344002CB5D0EA8806F162
S2140081600108B24208D841462846FFF7D2FC00284C
S214008170D2D12B6803EB86031A68464612192CBF29
S21400818001240024003C18BF012443F8042BE3E735
S21400819001237BE770B50C460546114620461A4675
S2140081A0FFF7F6FF064630B9043529462046FEF7A7
S2140081B090F9002801DA304670BD2A46214620464E
S2140081C0FFF7DBFE0028F0D00646F4E74FF0FF335B
S2140081D05CE770B50C460646114620461A46FFF781
S2140081E0F5FF054688B90436B4F90430002B0CDADE
S2140081F000212046FFF735FB30B1324621462046A7
S214008200FFF7C6FF0028EFD00546284670BDF7B535
S2140082100D4601230021083504462846CDE9001303
S2140082201646FFF71EFB211D07462A466846FFF73F
S214008230CDFF044648B9002F0CBF002206F001020D
S21400824069462846FFF788FC04466846FFF743FC65
S214008250204603B0F0BD2DE9F34104460F4615460F
S214008260CE8836B13B6803EB860353F8043C33B143
S2140082703DB90021204602B0BDE8F041DBE5013EF5
S214008280EFE72046711CFFF744FC28B16FF00F089B
S214008290404602B0BDE8F08139462046FFF77EFD35
S2140082A080460028F2D1013D009533463A68E188C1
S2140082B0206810F05BFCEBE72DE9F047112104463F
S2140082C0FFF727FC002840F0B58125682B682A6A4E
S2140082D0D5F82C9099182CBF012300236A6AD5F88C
S2140082E03080521843F10003914588BF013BA2EB52
S2140082F0090EF04588BF013BD5F834C0AEEB080642
S214008300B44588BF013BAF6BA6EB0C018F4288BF1C
S214008310013BC91B29602568DEB2002B696880F224
S2140083208B815A4291424FF0FF3228BF00221944F7
S2140083306B6AD5F830905B18A96A42F10002C9183A
S2140083402CBF4FF0010A4FF0000A5AFA82F2894514
S21400835088BF013AD5F83480A1EB090EF04588BFF6
S214008360013AD5F838C0AEEB0806B44588BF013AE6
S214008370EF6BA6EB0C039F4288BF013ADB1B6B60DA
S2140083802568D6B252B2002AA96880F25A815342B2
S21400839099424FF0FF3328BF00231144AA6AD5F84C
S2140083A034E0521843F10001EB6AD5F838C09B1848
S2140083B02CBF4FF001084FF0000858FA81F19E4597
S2140083C088BF0139A3EB0E06B44588BF0139EF6BB1
S2140083D0A6EB0C02974288BF0139D21BAA6022681E
S2140083E0CEB249B20029D56880F230814B429D4218
S2140083F04FF0FF3328BF00230D44D16AD2F83CE08B
S2140084004D1943F100034919156B43F10003691830
S21400841043F100036D18516B43F1000349192CBF5B
S2140084204FF001084FF0000858FA83F38E4588BFD6
S214008430013BD2F820C0A1EB0E06B44588BF013B35
S214008440576AA6EB0C05AF4288BF013BED1BD56013
S2140084502168DEB25BB2002B0D6980F2FC805A42C6
S21400846095424FF0FF3228BF00221D440B6B4F6A27
S2140084705D1942F100025B194D6B42F10002EB18E8
S21400848042F10002ED188B6B42F100025B192CBF23
S2140084904FF0010C4FF0000C5CFA82F29F4288BF4E
S2140084A0013A8E6ADD1BAE4288BF013AAD1B0D61F4
S2140084B02568D3B252B2002A696980F2D18053424D
S2140084C099424FF0FF3328BF002311446E6BEF6ACA
S2140084D0721843F10001AB6BB61841F10001EA6B6C
S2140084E09E1941F100019B1941F10001D2182CBFE1
S2140084F04FF0010C4FF0000CAE6A5CFA81F1964228
S21400850088BF0139931B9F4288BF0139DB1B6B6113
S2140085102268CEB249B20029956980F2A6804B4205
S2140085209D424FF0FF3328BF00230D44916BD66B5E
S2140085304D1943F100034D1943F10003751943F13A
S21400854000037619556B43F10003891943F10003C4
S2140085506D182CBF4FF0010C4FF0000C176A5CFA38
S21400856083F3AF4288BF013B566AE91B8E4288BF41
S214008570013B891B91612168DDB25BB2002BCA69A1
S21400858078DA5D42AA424FF0FF3528BF00251A442C
S214008590CB6BD1F828A09A1845F100059A1845F13A
S2140085A000059B180A6A45F10005D2182CBF012366
S2140085B0002353FA85F3924588BF013BD1F82C90EF
S2140085C0A2EB0A08C14588BF013BD1F830E0A8EB12
S2140085D0090CE64588BF013B4F6BACEB0E06B74275
S2140085E088BF013BF61BCE6122685BB223EAE371CB
S2140085F0116200250822E188013291423FD8002B03
S21400860018DA00222568A958C943A9500432242A3A
S214008610F8D100222568A9580131A95021688D5843
S21400862015B90432242AF5D14FF6FF72A2800A6AE1
S214008630D21A0A62BDE8F08789192CBF01220022EF
S21400864076E689192CBF01230023A7E6AD192CBFB7
S21400865001230023D1E6AD192CBF0122002205E735
S214008660C9182CBF0123002330E7AD192CBF012306
S21400867000235BE752192CBF0125002588E72168F7
S21400868041F82250B7E72DE9F04F99B0CDE9031233
S214008690824600211046FFF7E4F80028C0F2F68173
S2140086A005D16FF00B03184619B0BDE8F08F4FF0F8
S2140086B00109DDE90301924BADF83090149315AB38
S2140086C0ADF83890CDF84090CDF848901393FDF76C
S2140086D0D1FE013019D1BAF1000F06D050460399E9
S2140086E0FFF75CFB002840F0B28100215046FFF700
S2140086F0B8F80028C0F2B98150460499FDF7E9FEA3
S214008700002880F2B9810023CDE7002503990BA845
S2140087100B95ADF83250FFF741FB0B9E0446BDF8B3
S2140087203270002840F09A810D90ADF83A00049916
S2140087300DA8FFF733FB0D9B0546BDF83A80019365
S214008740002840F09081039B0F90D9880FA8023133
S214008750ADF83890ADF83090FFF7DBF9044628B155
S2140087602C460F9B02936FF00F03A8E001460FA85C
S214008770FFF761FB0F9B02930028F4D1039B119037
S214008780D98811A80231FFF7C4F9119C02460028C7
S214008790E9D10DA8FFF79CF800F01F001F287AD03B
S2140087A0C0F11F0319460BA80593FFF796FB0B9E17
S2140087B0BDF832700028D6D105990DA8FFF78DFBBD
S2140087C00D9BBDF83A8001930028CCD1C1463D46AA
S2140087D0A7EB080B4FEA4B130793019B4FEA4B118D
S2140087E00DA80D93ADF83A80FFF777FB0D9BBDF80B
S2140087F03A8001930028B6D1029B03EB8B0B019BBA
S2140088000DA90BA80B96ADF832700D93ADF83A8013
S214008810FDF75FFE002842DA09F1FF3307990DA83D
S2140088200693FFF790F8019B09F1FF3203EB8203F2
S2140088300793019A09F18043023B02EB830305F19B
S214008840FF3B05F180450893013D029BA5EB09051A
S21400885003EB8505069B5B4554D3BAF1000F18D091
S21400886005990BA80B96ADF83270FFF76CF8039BD2
S2140088700BA99B885046ADF83030FFF78FFA0146BB
S21400888000287FF470AF5046FEF7EBFF002800F09C
S214008890DA80002313E0C1463D46059298E7DBF8F0
S2140088A000300BA90133CBF8003008460DAAFFF7BD
S2140088B08DFC0B9E0346BDF8327000289FD00BA897
S2140088C003930B96ADF83270FFF705F9019B0DA8E0
S2140088D00D93ADF83A80FFF7FEF8029B0FA80F93B2
S2140088E0FFF7F9F811A81194FFF7F5F80C2115A871
S2140088F0FFF7DCF8039B002B3FF4F7AED3E600BF90
S21400890001000300079B56F82B101A684FEA8B09E4
S214008910A9F104003318914209934AD20023305833
S2140089201AF0BCFE002914BF4FF0FF330346BBF11C
S214008930010F2B600EBF0023B14459F8083C159375
S214008940099B1B68169306EB8B031B6817932B6813
S21400895001332B602B680021013B2B6011A811947A
S214008960FFF769FA119C00287FF4FDAE069B1BB347
S214008970089B1B682360079B11A91B680846636059
S2140089802A68FFF768FC119C00287FF4ECAE13A958
S21400899011A8FDF79EFD0028DCDC019B2A680DA9C6
S2140089A011A80D93ADF83A80FFF755FC30B1119C35
S2140089B0D9E64FF0FF33BAE7069BDBE76FF0070315
S2140089C0029A4FEAC50902FB039911A84946FFF728
S2140089D084FA119C00287FF4C6AE0BA9084611AA9B
S2140089E00B96ADF83270FFF7F1FB0B9E0346BDF811
S2140089F0327000287FF463AF01460BA8FEF731FF04
S214008A0000281CDA0DA911A8FFF7C8F90028CED156
S214008A10494611A8FFF761FA119C00287FF4A3AE1F
S214008A200BA9084611AAFFF7B3FB0B9E0346BDF839
S214008A30327000287FF443AF2B68013B2B600BF1AC
S214008A40FF3B043D06E70123AAF8043021E7002493
S214008A50A046274626460294019484E62C46A8465D
S214008A60029501957FE602947DE651465046049AAB
S214008A70FFF78EFB03463EE751465046049AFFF743
S214008A80A5FB034600283FF437AE0CE66FF009035B
S214008A9009E62DE9F04F99B001900D4610460121E8
S214008AA09146FEF7DEFE002840F3048201230022F2
S214008AB0294614A8CDE91023CDE91223CDE90823D1
S214008AC0CDE91423CDE916230F930D930B9307934B
S214008AD005930393FFF762F988B36FF00F0B14A8A2
S214008AE0FEF7F9FF16A8FEF7F6FFBBF1000F40F001
S214008AF0C581012112A8FEF7B4FE0446002840F006
S214008B00C4814A46294610A8FFF7BDFD83460028C3
S214008B1040F0B5810E9010A90EA8FFF73FF90E9C05
S214008B2028B9494608A8FFF739F900286AD0002670
S214008B30B046B246354637466FF00F0B6CE14946F5
S214008B4016A8FFF72BF90028C7D114A8FDF76CFF6D
S214008B50064616A8FDF768FF044650B9014616A853
S214008B60FDF778FC28B9294612A8FFF717F98346BF
S214008B70B5E70123ADF85C30ADF85430002114A8F9
S214008B80FEF76FFE80B9A642314616A828BF2146DA
S214008B90FFF7A3F90028A0D116A912A8FFF7FEF840
S214008BA0834600289BD098E714A8FDF73DFF0146B2
S214008BB014A8FEF7C8FE16A8FDF736FF014616A84D
S214008BC0FEF7C1FE16A914A8FDF783FC00280DDBEE
S214008BD014A9084616AAFFF7D0F9834600287FF4A2
S214008BE07EAF012114A8FEF7AEFEC7E716A9084619
S214008BF014AAFFF7C2F9834600287FF470AF01215C
S214008C0016A8F0E7494606A8CDF818B0FFF7C6F84C
S214008C10DDF818A0002840F0418101210CA8CDF80D
S214008C2030B0FFF708F90C9E002840F03A8159460C
S214008C300AA8CDF828B0FFF7FEF8DDF8288000284F
S214008C4040F03381594604A8CDF810B0FFF7F3F88A
S214008C50049D002840F02C81012102A8CDF808B020
S214008C60FFF7E9F8029F00287FF466AF2368D8076D
S214008C7052D5DAF80030DB077CD506A90EA80E948C
S214008C80CDF818A0FDF725FC0028C0F29E800EA99E
S214008C90084606AAFFF79AFA0E9C8346002840F07C
S214008CA0BB800CA9084604AA0C960495FFF78EFA1A
S214008CB00C9E8346002840F0AF800AA9084602AA08
S214008CC0CDF828800297FFF781FADDF828808346E2
S214008CD0002840F0A18000210EA80E94FEF7C1FDEA
S214008CE00028C3D1002104A80495FEF7BAFD002889
S214008CF0C0F28880494604A80495FDF7EAFB0028E0
S214008D0080F2B180019804A9FFF748F8B0F1000B93
S214008D1018BF6FF00F0B7FE001210EA80E94FEF730
S214008D2012FE3368DA0703D4D8F80030DB0715D50F
S214008D300CA9084608AA0C96FFF72AFA0C9E83464A
S214008D40002869D10AA9084610AACDF82880FFF79E
S214008D503DFADDF82880834600285DD101210CA865
S214008D600C96FEF7F0FD01210AA8CDF82880FEF744
S214008D70EAFD7BE7012106A8CDF818A0FEF7E3FD83
S214008D802B68D90702D43B68DA0713D504A908462E
S214008D9008AA0495FFF7FCF9049D834600283BD1FA
S214008DA002A9084610AA0297FFF710FA029F834608
S214008DB0002831D1012104A80495FEF7C4FD012145
S214008DC002A80297FEF7BFFD53E706A908460EAABB
S214008DD0FFF7FCF9DDF818A08346E8B904A90846B1
S214008DE00CAA04950C96FFF7F1F9049D834698B9F2
S214008DF002A908460AAA0297CDF82880FFF7E6F9E6
S214008E00029F64E704A94A460846FFF7C1F9049D95
S214008E10834600283FF466AF10A8FEF75CFE0EA857
S214008E200E94FEF758FE0CA80C96FEF754FE0AA801
S214008E30CDF82880FEF74FFE12A8FEF74CFE08A8D5
S214008E40FEF749FE06A8CDF818A0FEF744FE04A8D3
S214008E500495FEF740FE02A80297FEF73CFE584631
S214008E6019B0BDE8F08F04A94A460846FFF7AEF9E8
S214008E70049D834600283FF43DAFCDE700242646F8
S214008E80A046A24625462746C6E75C465E46D84626
S214008E90DA465D465F466FF00D0BBDE75E46D84688
S214008EA048E6D8465D465F4646E65D465F4643E68C
S214008EB05F4641E66FF0030BD1E72DE9F04F16460B
S214008EC01D46002201238BB0B14281460C46CDE9F7
S214008ED00623CDE908231ED106A8FEF75FFFC8B11A
S214008EE06FF00F03029308A8FEF7F5FD06A8FEF73D
S214008EF0F2FD029B002B40F0B080D9F84850002DC0
S214008F0070D12146204609F104020BB0BDE8F04FAF
S214008F10FFF7B9BB06AEAC4206D1214608A8FEF75D
S214008F203DFF0028DCD108ADB6F80680B8F1000F8A
S214008F3036D1B8FA88F3EF885B09002F3AD1002FB4
S214008F4008BF43F0010308EB070A51462046049386
S214008F50FEF7DFFD01460028C2D12046FEF76BFF74
S214008F6002900028BCD13268236801460392184656
S214008F704FEA8A02D5F800B01AF0B2FDABF1040A47
S214008F80834600EB870708F10101BB451BD1049B14
S214008F9033BBB388AA8813FB02F39BB2A380A2E775
S214008FA0336803EB880353F8043C002BC1D108F167
S214008FB0FF38BBE72A6802EB870252F8042C002A27
S214008FC0BDD1013FB9E75AF8043F58460093039ACB
S214008FD0434605910BF1040B0FF0C8FD0599D4E745
S214008FE00123DBE7B4F90430002B04DA20460299AB
S214008FF0FEF737FCA0BB2046FEF76AFCD9F83C30EB
S214009000B0EB430F2CD82046A847054680B909F197
S2140090100406B4F90430002B04DA00212046FEF7DB
S21400902020FC48B931462046FDF753FA00280CDAF2
S21400903028460BB0BDE8F08F324621462046FFF7A3
S214009040A7F80028E5D00546F2E732462146204636
S214009050FEF793FF0028E5D0F5E76FF00F05E7E78A
S214009060004DE5E780B0FFFF2DE9F74301F110065C
S2140090700546894630460021FEF7F3FB0446A0B3BA
S21400908000230127314668462A1DCDE90037FFF741
S21400909000FD044630BB09F108086B4642464146CF
S2140090A02846FFF70AFF0446E0B96B466A4669465B
S2140090B02846FFF702FF0446A0B96B464A464946D3
S2140090C02846FFF7FAFE044660B96B46424641461C
S2140090D02846FFF7F2FE044620B939463046FEF72A
S2140090E0AAFE04466846FEF7F6FC204603B0BDE836
S2140090F0F0832DE9F84F1E4603F10805C3680446C1
S2140091008A469046002B40F0A58002F110031A46CE
S2140091102946FFF7D2FE002840F09A8006F1100795
S2140091202B46424639462046FFF734F8002840F0E2
S2140091308F8006F118092B46424649462046FFF71F
S21400914048F8002840F084804B463A462946204698
S214009150FFF7B3FE00287BD1032229463046FFF7EF
S2140091607AF8002872D131462046FEF77CFF0028A8
S2140091706ED108F1080B06F110075B465A463946D1
S2140091802046FFF79AFE002862D1394620460EF0A8
S214009190FDFF00285CD13B46424629462046FFF7A5
S2140091A08CFE002854D1294620460EF0EFFF0028FA
S2140091B04ED106F118093B463A4649462046FFF787
S2140091C07CFE002844D1494620460EF0DFFF0028EA
S2140091D03ED13346324639462046FFF76EFEB8BBD0
S2140091E02B463A4639462046FEF7F3FF80BB2B4611
S2140091F03A4639462046FEF7ECFF48BB3B462A4631
S21400920029462046FEF7E5FF10BB33462A46294688
S2140092102046FFF752FED8B94B462A462946204636
S214009220FEF7D7FFA0B95A464946204608F1100374
S214009230FFF743FE60B9494620460EF0A7FF38B94F
S21400924039465046FEF7AAFD002841D06FF00F00C1
S214009250BDE8F88F13462946FFF72FFE0028F7D102
S214009260032229463046FEF7F6FF0028EED13146A7
S2140092702046FEF7F8FE0028EAD104F10C07014666
S2140092803846FEF7EEFA00283FF473AF08F11003F5
S2140092901A4629462046FFF710FE0028D8D106F1C8
S2140092A010092B462A4649462046FFF706FE0028A8
S2140092B0CED13B464A4629462046FFF7FEFD00280B
S2140092C0C6D12B46324631462046FEF763FF4EE7B0
S2140092D029460AF10800FEF761FD0028B6D1494686
S2140092E00AF11000BDE8F84FFEF758BD2DE9F14F22
S2140092F09A461B6904460E4691460A9D002B00F0CE
S214009300D38002F1100700213846FEF7AAFA30B9DA
S2140093105146304601B0BDE8F04FFEF775BD0AF184
S214009320100800214046FEF79CFA08B94946F0E7C7
S21400933001214046FEF795FA002840F0B5803B46EE
S2140093403A4629462046FFF7B8FD002840F0AD8093
S21400935005F108083B462A4641462046FFF7ADFD84
S214009360002840F0A28053462A4629462046FFF7AA
S214009370A4FD002840F099804246414620460AF166
S2140093800803FFF79AFD002840F08F804B462A46D8
S21400939029462046FEF71DFF002840F0868009F18A
S2140093A0080B5B46424641462046FEF712FF002861
S2140093B07BD100212846FEF754FA014688B940467C
S2140093C0FEF74FFA38B92B464A463146204601B0DA
S2140093D0BDE8F04F8DE6304601B0BDE8F04FFEF731
S2140093E03EBD2B463A46204606F11001FFF765FDC6
S2140093F000285AD105F110072B462A463946204642
S214009400FFF75BFD002850D105F1180A2B463A46B7
S21400941051462046FFF751FD002846D14B463A46B6
S21400942039462046FFF749FD00283ED139462846F2
S214009430FEF7B4FCE0BB294620460EF0A7FEA0BB14
S2140094404346424631462046FFF737FD68BB2B466B
S214009450324631462046FEF7BCFE30BB5346324607
S21400946031462046FEF7B5FEF8B933463A46394649
S2140094702046FEF7AEFEC0B943463A463946204679
S214009480FFF71BFD88B95B46524651462046FFF75C
S21400949014FD50B953463A46204606F1080101B07D
S2140094A0BDE8F04FFEF795BE034801B0BDE8F08F6B
S2140094B06FF00F00F9E700BF80B0FFFF2DE9F04323
S2140094C00E460546012189B006F11000FEF7C9F9DF
S2140094D00446002840F0E2802846FEF74FFA0228AD
S2140094E0804660D13046FEF7F3F92B6C0730073321
S2140094F0C008B0EBD30F00F2D18021463046FEF70D
S214009500B0F90028C0F2CA800123314604A82F789B
S21400951004940593FEF742FC002841D10435294601
S21400952004A8FCF7D6FF002807DA012104A8FEF7F6
S21400953098F9002810DC5B4C07E004A92A46084688
S214009540FEF744FE04460028E9D004A8FEF7C3FA56
S214009550204609B0BDE8F083092F0BD1524904A874
S214009560FCF7B7FF0028E6D0504904A8FCF7B1FF87
S2140095700028E0D0012302934FF0011304A90793BB
S214009580084602AB06AA0693FEF702FE044600282B
S214009590DBD1294604A8FCF79CFF0028D5D1CAE7F2
S2140095A06FF00F04D1E701287AD121463046FEF746
S2140095B058F9002872DB06F1080921464846FEF7EE
S2140095C050F900286ADB2F1D39463046FCF781FF2C
S2140095D0002863DA39464846FCF77BFF00285DDA48
S2140095E04B464A46284602A9CDE90248CDE904483A
S2140095F0FFF763FC044600284CD133463246284623
S21400960004A9FFF75AFC0446002843D1EB68002B58
S21400961036D1032301934FF0011304A9079308469C
S21400962001AB06AA0693FEF7D1FD044690BBBDF932
S2140096301430002B04DA002104A8FEF712F9C8B98A
S21400964004AA334611462846FFF737FC044608BBF3
S21400965004AA1146284605F11403FEF79BFD0446AE
S214009660C0B904A902A8FCF734FF0E4B041E18BFAD
S2140096701C460FE004A93A460846FEF789FDD4E7E3
S21400968004AA1146284605F10C03FEF783FD04469E
S2140096900028D5D002A8FEF71EFA56E7014C57E779
S2140096A0034C55E780B3FFFFF45F0200FC5F020047
S2140096B080B0FFFF70B5044658B3436C012B11D041
S2140096C00C30FEF708FA04F11400FEF704FA04F171
S2140096D01C00FEF71BFA04F13400FEF7FCF9201D0F
S2140096E0FEF7F9F9A36D8BB92046BDE870406021FE
S2140096F0FEF7DCB906FB0500FEF708FA0135D4E9EB
S2140097001603AB42F6D81CF047F8EDE700251826FE
S214009710F5E770BD10B5044658B1FFF7CBFF04F16E
S2140097206000FEF7D8F904F16800BDE81040FEF7C7
S214009730EDB910BDF0B504460E4685B0FFF7BAFF8A
S2140097402046FEF72DF9032E267005D0092E30D0C0
S21400975000233F4D237029E03E4B3F4AA3643F4B16
S214009760A260A261A2632262A26203F18002626228
S2140097704FF0011203F12001616103F140016360C3
S214009780616303F16001A033E362E1612263201D9F
S214009790FEF79EF8E06304F13400FEF799F8012323
S2140097A063640023C4E9163320640025284605B008
S2140097B0F0BD2B4B2B49A36404F10C00FEF73BFBDA
S2140097C000283FD1271D01213846FEF734FB00282C
S2140097D038D1FF213846FEF780FB98BB1323019350
S2140097E04FF0011339460393384601AB02AA0293A1
S2140097F0FEF7ECFC054638BB3846FEF769F804F180
S2140098003407E063102238461749FEF796FA0546F5
S214009810D0B90122FC213846FEF736FB90B9314616
S21400982004F11C00FEF707FB60B9012104F12C00CF
S214009830FEF701FB30B904F12400FEF74CF9FE23D5
S2140098402364B2E76FF00F052046FFF733FFADE75E
S21400985080B1FFFFB982000001000800046002002A
S2140098604F6A000042DB0100A8600200434213F08A
S2140098707F0320D0584210F15F0F80F2C98010F1AC
S2140098806C0F48DA10F1700F00F0F28010F16F0FD5
S21400989080F2B68010F5645F00F08E8000F3A5803D
S2140098A010F5685F6DD000F39D8010F56C5F1DD0DD
S2140098B010F56A5F64E010F56E5F00F0D680DADCC3
S2140098C010F59C4F78D05FDC10F5C44F00F0C480D4
S2140098D034DC10F5C74F00F0C280C0F2CF8010F520
S2140098E0C64F69D010F5C54F40F0C8806FF08600AF
S2140098F07047012300F10E02934040F217521342C4
S214009900F4D100283FD010F1080F14BF6FF0830089
S2140099106FF089007047012300F16C02934041F21A
S21400992050521342E2D1DB0700F1A58010F16A0F16
S21400993014BF6FF083006FF08C00704710F5A24FD5
S214009940D4D010DC10F5C14F1BD005DC10F5C34F8A
S21400995006D010F5C24FC7E710F5A34F40F08E8033
S2140099606FF08C00704710F59E4F00F0848005DC89
S21400997010F5A14F05D010F59F4FB5E710F59D4F98
S2140099807CD16FF08500704710F5785F6AD01BDCDD
S21400999010F5994FAAD008DC10F59B4FE0D010F5D3
S2140099A09A4F6BD16FF09300704710F57E5FD7D05B
S2140099B005DC10F5984F61D16FF09400704720F0E9
S2140099C0800010F57C5F8FE710F5705F4DD055DC9A
S2140099D010F5725FD5D051DC10F5765F86D010F5A5
S2140099E0745F81E710F5665FCAE710F5625F42D0E4
S2140099F010F1720F14BF6FF083006FF08500704790
S214009A0010F16E0F14BF6FF083006FF09600704772
S214009A10002833DC10F10E0FBFF66BAF10F13B0FD2
S214009A200ADA10F13D0FBDDA10F1400F14BF6FF0E7
S214009A3083006FF09300704710F1100F90D010F174
S214009A400F0FB9D010F1210F3FF450AF10F1200FD7
S214009A5097D010F1220FCDE76FF0950070476FF0AA
S214009A60960070476FF0910070476FF08400704763
S214009A706FF0920070476FF0890070476FF08300B8
S214009A80704741F2052398421AD8B0F5905F09D284
S214009A9041F2010398420CD0B0F5885F09D06FF010
S214009AA0850070472923A0F5905080B2C340DB079D
S214009AB0F5D511F0070F14BF6FF086000020704731
S214009AC0B0F5105FEBD121F04003802B06D0B1F546
S214009AD0807F14BF6FF0860000207047002070471C
S214009AE070B5046A05460E463CB901200CF08EFCA3
S214009AF0286228B120466E6270BD6FF08A00FBE7D0
S214009B006FF08C00F8E72DE9F843884617461E46A6
S214009B1004F034FC044620BBD8F80050B5F800909A
S214009B2009F4E043B3F5804FAB6808BF27F00107A0
S214009B3037EA03030DD1A6B132464846E968FCF77A
S214009B403FFD074668B9324648462969FCF738FDA6
S214009B5050B900232846C8F8003004F04BFD6FF0DB
S214009B6084042046BDE8F8833C46FAE738B5044648
S214009B70006A10B1616AFDF7A3FF237E012B0FD0A8
S214009B80023B012B0FD8E369012B14BF6FF096053B
S214009B90002528220021204619F0A2FF284638BDBD
S214009BA0E369002BF1E76FF09605F2E713B504467C
S214009BB0C0B101A904F0E2FB044698B9019B1A7EE5
S214009BC0022A12D103221A761A79FF2A10D01AB165
S214009BD0586904F02FFD0446019804F00BFD002898
S214009BE018BF0446204602B010BD6FF09604F3E797
S214009BF06FF08404F0E710B543780446012B03D1D8
S214009C00BDE810404068D1E70378012B02D1083048
S214009C100BF050FF0023237010BD10B5044630B182
S214009C203830FFF7E8FF68212046FDF73FFF204663
S214009C30BDE810401BF0B0BD38B5044640B390F800
S214009C404430012B11D1C56B4DB12B7A012B02D1BB
S214009C506868FFF7ABFF0C212846FDF731FF20466A
S214009C60BDE838404821FDF721BF006C10B15C21EB
S214009C70FDF726FFE06B0028F1D02368DA79054B64
S214009C8002F07C021344D3F8D8309B699847E6E785
S214009C9038BD00BFE05F020013B50D4B0C4693F8CD
S214009CA0ED20022A10D193F8EC30072B0CD10023BC
S214009CB001AA01930EF00DF820B9019BA34218BF2C
S214009CC06FF0930002B010BD6FF08800FAE700BF97
S214009CD0C80A0020002303604360704708B5134994
S214009CE091F8ED3091F8EC20022B01D1072A1BD019
S214009CF0D0075CBF42F0010281F8EC2090075FBFFE
S214009D00012042F0020281F8E80181F8EC202BB92C
S214009D100748FFF7DFFF022381F8ED3053075CBFEB
S214009D2042F0040281F8EC20002008BDC80A00209A
S214009D30B80B00202DE9F04F00F1780BB9B00546BE
S214009D40039100F1680600215846CDE90523FDF78A
S214009D5088FD20B3281DFDF7BBFDC41D2846FDF772
S214009D600DFE02284FEAD40400F031835D4A2846EF
S214009D70FDF704FE0128074640F02F8300215846D1
S214009D80FDF76FFD002840F04183059B002B00F097
S214009D902383039B1870069B1F6000221DE305F1BA
S214009DA06003194628460493FDF714FE044600286F
S214009DB03CD105F11C0A51462846FFF77FFB0446B6
S214009DC0A0BB2846FDF7DAFD022840F06981012293
S214009DD00321CDE91024CDE91224CDE909420F94E0
S214009DE0149217AB013903F1080323F8042C23F867
S214009DF0024C43F8084CF5D2514609A8FDF7CEFFB1
S214009E00F0B16FF00F040FA8FDF773FE09A8FDF779
S214009E1062FE00270DF15C0808EB07000837FDF727
S214009E205AFE202FF8D1002C00F03B812046FFF789
S214009E301DFD044600288DD0204639B0BDE8F08FC1
S214009E4051460FA8FDF7E0FF0028DAD10121304681
S214009E50FDF7F1FF01460028D3D15846FDF7EBFF8A
S214009E600028CED105F17000FDF735FE05F1040996
S214009E7049460FA8FCF72DFB002829DA28460FA92B
S214009E8011F0B2F904460028BDD1D5F84080B8F1EB
S214009E90FF3F29D13146284611F0A6F9044600288E
S214009EA0B1D14A4659465846FEF7F3FD0446002807
S214009EB0A9D15B46324631462846FEF7FEFF0446E9
S214009EC00028A0D101215846FDF7B5FF04469AE7C1
S214009ED00FA94A460846FEF750F804460028C7D0A1
S214009EE091E700BF80B1FFFF41460498FCF7B2FA45
S214009EF0C7B23A4630460FA9FDF778FE002880D153
S214009F003A46584613A9FDF771FE00287FF479AF4C
S214009F105B463246284617A9FEF73CF90446002859
S214009F207FF471AF5B463246284619A9FEF751F911
S214009F30044600287FF467AF284613AB0FAA1BA978
S214009F40FEF728F9044600287FF45DAF284613ABD9
S214009F500FAA1DA9FEF73DF9044600287FF453AF6B
S214009F601DAA1146284617ABFEF7A7FF0446002891
S214009F707FF449AF1BAA1146284619ABFEF79DFF92
S214009F80044600287FF43FAF17AB1A46194628460A
S214009F90FEF793FF044600287FF435AF19AB1A4648
S214009FA019462846FEF789FF044600287FF42BAFA3
S214009FB03146284619AB17AAFEF77FFF044600284D
S214009FC07FF421AF17AA1146284619ABFEF701F910
S214009FD0044600287FF417AF5946284617AB05F10C
S214009FE00C02FEF76AFF044600287FF40CAF5B46BF
S214009FF05946284619AAFEF7CDF8044600287FF4ED
S21400A00002AF28461BAB1DAA0FA9FEF7C3F80446ED
S21400A01000287FF4F8AE0FAB1A4619462846FEF71E
S21400A0204CFF044600287FF4EEAE28461BAB1DAA64
S21400A03013A9FEF7CEF8044600287FF4E4AE13AB6F
S21400A0401A4619462846FEF738FF044600287FF4CD
S21400A050DAAE13AB1946284609AAFEF72EFF0446C9
S21400A06000287FF4D0AE5B465946284617AAFEF76E
S21400A07024FF044600287FF4C6AE3A4630460FA9B1
S21400A080FDF7B4FD00287FF4BCAE3A46584613A947
S21400A090FDF7ACFD08F1FF3800283FF4F8AEB0E657
S21400A0A0B94C2846FDF76AFC012807907FF4BEAE3F
S21400A0B02B6C1821013302204FEA53080CF0A6F946
S21400A0C00746002800F0818100F11809FDF75FFCC3
S21400A0D04846FDF75CFC04230022029317AB079961
S21400A0E0083323F8041C029923F8022C0139029144
S21400A0F043F8082CF3D151463846FDF785FE002874
S21400A10078D06FF00F044FF0000A0DF15C0909EBF0
S21400A1100A000AF1080AFDF7DEFCBAF1200FF6D1B4
S21400A12074B9012305F1340A21465046CDE90F43A0
S21400A13009940A93FCF78EF901285ED0A4F59F4493
S21400A140AB6D9F420AD04FB13846FDF7DFFC07F1F2
S21400A1501800FDF7DBFC38461BF01EFB002C3FF416
S21400A16065AE3046FDF7D2FC60E6BAFBF8F3012296
S21400A17002FA03F1182208FB13A3C9B202FB01740A
S21400A18073B322462146284617ABFEF7B2FF0446B5
S21400A1900028B8D10AF1010AD045E6D1494628463A
S21400A1A0FEF762FF04460028ADD117AB00933A468F
S21400A1B04B4649462846FFF799F804460028A2D1A0
S21400A1C049462846FEF750FF044600289BD107F173
S21400A1D01000FDF780FC07F12800FDF77CFC92E7F5
S21400A1E018234908204603FB0171FDF70DFE0028E1
S21400A1F0C7D086E7DDF808A0CEE721460498FCF72E
S21400A20029F980F00100C3B2049909A80793FDF765
S21400A210C5FD00285ED06FF00F040FA8FDF75BFCAD
S21400A22009A8FDF758FC002C8AD101224FF004093A
S21400A230CDE90A24CDE90C2409940E920FABB9F1AE
S21400A240010903F1080323F8042C23F8024C43F811
S21400A250084CF4D108F1E0036B443A4631462846F0
S21400A26013F8843C0DF054FF044658B9314628468E
S21400A27010F076FF044628B90DF13C0AB8F1000F3D
S21400A28040F0848009A8FDF734FC0DF13C0808EB8B
S21400A290090009F10809FDF71EFCB9F1200FF6D1F7
S21400A2A0002C7FF44DAF31462846079AFDF7AFFFE6
S21400A2B0044600287FF444AF3146284610F050FF8D
S21400A2C0044600287FF43CAF31462846FEF7CCFE15
S21400A2D0044635E75146049A0FA8FDF777FF044673
S21400A2E000289AD1079A0FA909A8FDF735FC04465D
S21400A2F0002890D1014608F10102484619F0F0FB0B
S21400A3004B460493029B984539D0194609A8FCF79A
S21400A310A1F8049B93F800A0029B4AEA000A08EB07
S21400A320030109A8FCF796F8029A049B5FFA8AFADA
S21400A3304AEA400A013203F801AB0292E1E799F8D3
S21400A340010099F800A080EA0201CB4303F0010E59
S21400A35043F300030AEA0303104001EA03025940EC
S21400A36009F8011F19F8013C024343EACE1309F825
S21400A370013C0CF1010C029B6345E0D24DE7002244
S21400A3804FF0010CF7E700BF80B0FFFF53463246A0
S21400A3903146284608F1FF38FEF7ABFE98B917ABF2
S21400A3A03A46284613F8083009A90DF0B1FE50B910
S21400A3B0324631462846CDF800A009ABFEF796FF98
S21400A3C000283FF45BAF04465CE71F4CB8E6069BEC
S21400A3D01C60059BA3420DD21C4A1046FFF746FAA6
S21400A3E0044600283FF428AD0021059A039819F08A
S21400A3F077FB21E5224630460399FDF7CBF9024666
S21400A40000283FF4B4AC6FF00702E6E7069A630054
S21400A41001331360059A9A42DED304230399224639
S21400A420304601F8013BFDF7E8F90028EBD1039B25
S21400A430611C2246194405F17000FDF7DEF900287C
S21400A4403FF4ABACDFE700BF80B2FFFF00B1FFFF19
S21400A45010B5036804463BB1064A934207D1702202
S21400A4600021043019F03CFB0020206010BD6FF086
S21400A4708800FBE709000002037E022B06D1C369B1
S21400A4805A1C03D00133C361002070476FF096005A
S21400A4907047F8B51E4B064693F8E8210F46A2B360
S21400A4A00024F83322461D46197EE1B13CB9022944
S21400A4B005D1D96919B91979002918BF1C46013286
S21400A4C0062A03F12803EFD114B96FF08C0008E0D8
S21400A4D02046FFF7D1FF2046FFF748FB20B16FF07C
S21400A4E0960000240FE01C46237E002BF7D10123A4
S21400A4F023763EB1651BED1003F1CC335D4305F1C9
S21400A5008045356000203C60F8BD6FF08800E8E7C5
S21400A510C80A00202DE9F04F89B0029300230E46AA
S21400A52002998146154606930B60002A00F01281B8
S21400A5300EF07EF8034638BB99F8047007B907A8F2
S21400A54006A9FFF7A6FF8046E8B9069CCE46A446B5
S21400A550BEE80F00ACE80F009EE803008CE803009E
S21400A5600FB9079B6361636AB3B1D4E908AB63882C
S21400A570059363681B0A1ED0784A934200F0BB809E
S21400A5806FF0860300E00346069818B10293FFF7C3
S21400A590EDFA029B9846D9E0D9F804301B0A02D09F
S21400A5A06E4A9342ECD129462046FFF799FA0346B5
S21400A5B00028DAD0E8E7238803F44F43B3F5824F48
S21400A5C019D0208800F4E043B3F5805F25D10599C3
S21400A5D059B3FFF756FA03460028D5D10731B5EB35
S21400A5E0D10FCDD1AB4511D32A463146504619F08E
S21400A5F0DBFB656252E005AB2A46314620460BF08F
S21400A600ADFC034628B9AB4580F086806FF0890321
S21400A610BAE710F1860FD4D0B6E7B3F5005FD6D010
S21400A620430405D46FF08503AEE7E9000591D0E753
S21400A6304B4F00EA0703B3F5824FF3D1002307938D
S21400A64007AB6188324600932B460DF0BBFB079D97
S21400A6500346C0B923882A6C1F40B7F5824F03D142
S21400A660D9B2412908BF013203F4E043B3F5804F65
S21400A67004F12401059236D10B465A465146284627
S21400A680FFF758FB034628460393FFF743F8284690
S21400A6901BF082F8039B002B7FF476AF6288059B45
S21400A6A0002A44D163804FF6F8729342BAD8B9F8BC
S21400A6B000301BB122889A427FF462AFB9F80230AC
S21400A6C01BB162889A427FF45BAF23799BBB6369B8
S21400A6D0029A1360237E012B36D00023029A136061
S21400A6E06FF0960350E75B4652462846FDF7B2F9F0
S21400A6F0FFF7BCF8C6E7238803F44F43B3F5824F51
S21400A70090D105AB2A46314620460BF027FC03467F
S21400A71000283FF478AF37E72A463146504619F00E
S21400A72043FB5146059A20880DF0D2FF61E79A4216
S21400A7307FF426AFB7E72046D4E9081203F095FF6A
S21400A74003460028C3D01FE702232376404609B0FD
S21400A750BDE8F08F6FF08608F8E700BF02008000C3
S21400A76000CFFFFF2DE9F04F43780D46012B17462B
S21400A770ABB040F0EE820023DFF800A30A934FF45C
S21400A7808072534640680AA9FFF7BDF9064670B9BD
S21400A790DDF82890D9F80430D9E908425FEA132892
S21400A7A013D0AF4B984500F0C6826FF086060A9825
S21400A7B003F020FF1EB9002800F0D7820646304678
S21400A7C02BB0BDE8F04FFBF7CCBE09AB04931023CB
S21400A7D02146CDE902734846CDE900850CAB0EF064
S21400A7E0D0FB10F1860F0646E1D10DF1580B502232
S21400A7F04146584619F074F9B9F8003050460693A9
S21400A800CDF858A0069910AB0BAAB9F802908DF8AF
S21400A81040800EF093F948B99DF840009DF82CC092
S21400A8209049D1F804A0BAF1000F07D1169B03F0A7
S21400A830FE43B3F1806F00F0C380B8E79AF80720B4
S21400A840894B02F07C021A44D2F8D8201278824251
S21400A8500CD19AF8052002F00F0E4FEA8E13B9EBD2
S21400A8608E1F079302D1BCEB121F01D00831D8E728
S21400A8704822002118A819F033F99AF807207A4BD5
S21400A88002F07C021A44D2F8D8205269FAB99DF830
S21400A890A420CDF860A0012A40F0D380279E16227F
S21400A8A000210DF1420019F01BF9327A002A40F01F
S21400A8B0D5809AF80630102B00F286800D2B00F219
S21400A8C08580023B052B40F28180684804E0904773
S21400A8D027900028DBD16648FEF7C8FF064600280A
S21400A8E0A4D1169B03F0FF43B3F1906F09D0219BD0
S21400A8F09DF85D201033B3FBF2F35343102B00F2A8
S21400A9000682189B002B00F07C819DF8A420012A6B
S21400A91000F07C811C7914F01F0400F069815A79DC
S21400A92002F0F002102A40F0C080102C40F0628145
S21400A930DA794D4B02F07C021344D3F8D8302A461D
S21400A9405E689DF968103B462798B047FEF78EFF75
S21400A950102C064600F2DE8100287FF467AF07B1B0
S21400A9602744219A10AD32B1169B424923F48063E6
S21400A9708B4200F0C6811898002840F051813E486E
S21400A980FEF774FF064650B90B9A42B1C4F11003A5
S21400A9909342C0F0B9812946384619F005FA1021CD
S21400A9A02846FDF783F8002E7FF440AF0B9B234428
S21400A9B00993169B03F0FE43B3F1806F40F0B88115
S21400A9C018A8FFF739F9F2E6263B7BE74FF4105359
S21400A9D0ADF840304FF440730BA80B93FCF71DFC0A
S21400A9E00B9B21461293334653F8042B10A8139260
S21400A9F0079AD208FFF78EFD10F1860F3FF465AF79
S21400AA0028B18D303FF467AF6FF06F0064E7012325
S21400AA103372CDF864908DF86830069B002003F4FE
S21400AA20E043B3F5005F09BF069B0023C3F3022291
S21400AA30012304BF9340DBB28DF85D308DF85C00D7
S21400AA404AE79AF8072002F00302012A18D89AF873
S21400AA50052002F00F02B9EB821F11D006483BE733
S21400AA6002008000C8600200E05F0200809FFFFFD7
S21400AA70809EFFFF00404004009FFFFF004440040C
S21400AA800122CDF864908DF868209AF80720A34B31
S21400AA9002F07C021344D3F8D8302146DB68079ACC
S21400AAA0279898470028B8D016E7902A14D12798F8
S21400AAB0446E14F0100440F0A080836A2BB1C36A81
S21400AAC0026A1033934200F299803B4610222946D0
S21400AAD000F03EFA102439E7BD420AD12199002938
S21400AAE040F08F801023B3FBF4F36343102B40F049
S21400AAF08B80202A40F08A809DF96830219EA3B979
S21400AB001B9BA3B1A31B0F2B14D91C365E4405F167
S21400AB10100355F8042B9D4246F8042BF9D1002467
S21400AB20219B20461033219310E7012B02D1A31B53
S21400AB30102BE9E70DF17409002E56D0A4EB060A97
S21400AB4006F11C0052462946584419F02DF9189B68
S21400AB50724ADB79CDE9009703F07C031344D3F8FF
S21400AB60D8302246D3F808B09DF96810279822AB53
S21400AB70D84700284DD106F110031B1B21903FF447
S21400AB80E5AE264607EB040B5544B3FBF4F204FB94
S21400AB90123232B99DF9681019B91B99002918BFED
S21400ABA02246A3EB020A484605EB0A01069219F074
S21400ABB0FBF8219B069A13442193BAF1000F2AD082
S21400ABC0189B564ADB79CDE9005B03F07C031344FF
S21400ABD0D3F8D83052469C689DF96810279822AB67
S21400ABE0A047D8B906EB0A04B0E6BB461023CCE76C
S21400ABF04B48ABE600244B48A8E600246FF00C0058
S21400AC00A4E600244848A1E60C46FBE70024474893
S21400AC109CE600249AE63446504697E6344695E687
S21400AC209DF8A430012B01D14048A9E600230B93E0
S21400AC30417901F0F003202B0BD11C9900293FF439
S21400AC409EAE81794C39012911D9102B11D172B1E0
S21400AC504DE001F0B006302E09D001F0E0014029A9
S21400AC6005D0602B03D0902B01D0A02BE9D100207B
S21400AC7086E6202BD8D19DF96830012B2FD11B9B5F
S21400AC80002BE4D0269911B90179490989001DA83D
S21400AC909847189B21491A79DB79019503F07C03C4
S21400ACA00B44D3F8D8301DA900919E689DF9681012
S21400ACB0279822AB02F01F02B04700287FF460AE50
S21400ACC09DF96820189BA2B91C9E1BB193F80480BE
S21400ACD008F01F08414628460BAAB04750E60379FD
S21400ACE003F01F039A42D4D01B9B002BAFD00D4815
S21400ACF046E61BB193F8048008F01F08CDF82C80B8
S21400AD00B5E76FF086064AE66FF0890647E66FF00D
S21400AD1089068BE56FF0960688E500BFE05F0200C7
S21400AD20809CFFFF809DFFFF009FFFFF809FFFFF2F
S21400AD306FF088063BE509AB04931023CDE90005C8
S21400AD40CDE90273214648460CAB0EF01AF90646CA
S21400AD502DE50178012907D113462A4608302BB085
S21400AD60BDE8F04F0AF0C5BE01482BB0BDE8F08F35
S21400AD70809CFFFF2DE9FF4705460C4690460021C4
S21400AD80102268469A46DDF8309018F0A9FE6A460A
S21400AD9005F1100105F13800FFF7E4FC6F460646A2
S21400ADA058B16B6E43F010036B6638461021FCF703
S21400ADB07DFE304604B0BDE8F08739190446221DF2
S21400ADC0904509D2A045F0D91AF804300A5D5340E0
S21400ADD009F804300134F5E75AF8043008594340BE
S21400ADE049F804301446EAE7F7B5436E1746DA0624
S21400ADF004460E4636D4426A0AB11B072AD5236A91
S21400AE002BBB00221046216BD3B2994202F10102FD
S21400AE1023D823461022002120460094FFF7AAFFDD
S21400AE20054688B926B13A462146304618F0BCFF9A
S21400AE300026102231462046666618F051FE102283
S21400AE403146A01818F04CFE284603B0F0BDE26A62
S21400AE509342D6D06FF00C05F6E7C3F10F032344F8
S21400AE601874D1E76FF06D05EEE738B5416E04460D
S21400AE7001F00303032B06D1826A32B9436B023B0F
S21400AE80012B1CD80262002038BD056B2378681E93
S21400AE900343606A023A003818BF012043EA801371
S21400AEA00020520843EAC2032370236AC2B29542C6
S21400AEB000F1010006D853B141F0100161666FF051
S21400AEC00C00E1E7C2F10F02A3541B0AEEE722468C
S21400AED0214604F13800FFF745FC0028D4D0636E05
S21400AEE043F010036366CFE72DE9F0411D46073BAC
S21400AEF0062B0446164627D8A04600F11103C5F1D6
S21400AF000F07416307630F2218460021013F18F020
S21400AF10E7FD2A46314608F8107F18F045FF681C02
S21400AF20226B0021404418F0DBFD01232A46E3771C
S21400AF30E018314618F038FF636E204643F00103F0
S21400AF406366BDE8F04190E76FF00C00BDE8F08165
S21400AF502DE9F04F04468846914689B09A4600F19E
S21400AF60380303930DF1100BB9F1000F01D14B46D6
S21400AF7083E0E36A03F00F06C6F110054D4528BFCF
S21400AF804D462B44E362636B23F00203012B3ED055
S21400AF90676B37F0020727D143462A4631462046DC
S21400AFA0CDF800B0FFF7E6FE0346002865D1584608
S21400AFB0A319A3F1040C3A1D954269D23B44BD4245
S21400AFC06FD82A465946504618F0EEFE7319102BD5
S21400AFD003D0E26A236A9A426FD12246214603983A
S21400AFE0FFF7C0FB034648BB2E44102E61D100215C
S21400AFF0206BCBB2984260D9C3F10F0323441A7C6E
S21400B00001310132D2B21A74002AF2D055E0002380
S21400B010A119181D854201EB030214D29D4219D8CE
S21400B0207319102B03D0E26A236A9A421AD1224679
S21400B03021460398FFF796FB034698B1626E42F0EE
S21400B0401002626619E058F80320CF587A40CA50BA
S21400B0500346DEE718F8030011780133414002F892
S21400B060011BDBE743462A4631462046CDF800A0C2
S21400B070FFF780FE034600288AD010210DEB010062
S21400B0800393FCF713FD039B184609B0BDE8F08F49
S21400B09050F8047B5CF8021079404CF80210174612
S21400B0A089E71A781BF8071001374A4003F8012B86
S21400B0B085E7E26A236A9A4299D0A9EB0509A84473
S21400B0C0AA4451E72DE9F04F604E044696F8CC307E
S21400B0D00D4692468FB0042B11D8DFE803F0B3B5C7
S21400B0E0030C0C00007A012894BF00200120C00049
S21400B0F00FB0BDE8F08F037A012B00F0A58094F81E
S21400B100A0000028F4D02A68137903F0070123F082
S21400B110070313712B68D6F8D4000693237A079199
S21400B1208DF82C30D4F89830CDF82D0043F000433D
S21400B1300D93474BD6F8EC019A889B79ADF83120F1
S21400B1408DF8333000234FF4007209930AA9414B5F
S21400B150D5F80490BAF80070FEF7D5FC83460028B0
S21400B16061D1DDF82880D8F80430D8E908121B0A27
S21400B1700CD03948834229D06FF0860B002F36D08A
S21400B1803A460021484618F0ABFC30E009ABCDE962
S21400B1900473069B40460093CDE90279CDF80490EF
S21400B1A00BAB0FF02BF810F1860F83461CD10DF178
S21400B1B02203B8F8001027480DF123020DF0BEFC5C
S21400B1C0031E14BF9B466FF0850BD7E709ABCDE98E
S21400B1D00473069B40460093CDE90279CDF80490AF
S21400B1E00BAB0FF00BF88346BBF1000FC6D10A98E5
S21400B1F003F000FABBF1000F15D10DF07AFDD4F87C
S21400B20098200132C4F89820D6F8E4200132B2F132
S21400B210005FC6F8E42006D196F8CC20052A02D1B5
S21400B2200320FCF777F85846FCF744F810B9099B5A
S21400B230AAF800302A680799137923F00703194300
S21400B240117155E7032053E7002051E7C80A002094
S21400B2509C0B0020000248050200800070B50446E2
S21400B26088B038300E461546FEF7C5FC0122224B44
S21400B27084F8382093F8EC3013EA020129D0002134
S21400B28084F8392003A8142218F02AFC4FF410532F
S21400B2904FF6F872ADF808304FF6FF73954298BF38
S21400B2A02B46ADF80A30154B01A805934FF4807372
S21400B2B00193FBF7B2FF019BEA1D0493314604F1AC
S21400B2C03C03D20802A8FFF725F978B1FBF749F945
S21400B2D00BE084F8391040342422204618F000FC95
S21400B2E02A46314620460AF0EAFB10B9002008B08C
S21400B2F070BD6FF00C00FAE7C80A00200044400456
S21400B3002DE9F0410446EFF31186302383F31188CC
S21400B310D0F8A4309D681DBB04F130001AF026FC5E
S21400B320D4F8A4305D69002D36D1A04658F88C7F3D
S21400B330002F4DD12774274657F8905F002D5FD118
S21400B340274657F8945F002D61D1D4F8A430DF6803
S21400B350002F63D186F31188BFF36F8FBDE8F081AD
S21400B36015F8203CA5F130007F2B4FEA9317436970
S21400B37098BF0027A3422D68CDD1D4F8A410083179
S21400B380FBF7FCFE1FB9637B01336373C3E7032F30
S21400B39004BF0023A373BEE715F8203CA5F13000D8
S21400B3A07F2B4FEA9317436998BF0027A3422D6867
S21400B3B0B9D1D4F8A4101431FBF7E0FE1FB9637BB3
S21400B3C001336373AFE7032F04BF0023A373AAE719
S21400B3D03D4655F830794046AB7C05F13001013BDF
S21400B3E0AB7408F0A7FAAB7C33B9637B3321013327
S21400B3F028466373FBF79CFEE37B013BE37397E70A
S21400B4002846394650F83059FBF7B8FE96E72846E6
S21400B410394650F83059FBF7B1FE94E7384650F8F5
S21400B42030794369A34293D1D4F8A4100C31FBF7CA
S21400B430A5FE84F8A1508BE7F8B50546EFF3118317
S21400B440302282F31188046844B1627AD20605D4A9
S21400B45083F31188BFF36F8F0F20F8BDAA68012A07
S21400B46005D983F31188BFF36F8F0420F5E7002218
S21400B470AA6083F31188BFF36F8F002C47D094F82F
S21400B480506030460DF0EFFC08B9042E08D1217A42
S21400B49031B1D4F8A40000B184300222FCF7D6F80B
S21400B4A0032304F1840684F85030D4F8843083BB38
S21400B4B004F18807D4F88860A6BB2046FFF720FF73
S21400B4C0642066811AF064FA002200236061C4E9F1
S21400B4D006232046C4E90823C4E90A23C4E92666ED
S21400B4E0FBF7BEFC88B1022384F85030EFF31182DC
S21400B4F0302383F31188D4F8A430596844F8041F25
S21400B5005C6082F31188BFF36F8F00232B600020EE
S21400B510A3E7304608F006FA0146D4F8A400FBF785
S21400B5201AF9C2E7384608F0FDF90146D4F8A40037
S21400B530FBF711F9BEE710B5074C04F1B800FFF7AA
S21400B5407BFFFBF78FFE30B10122044B83F8CC2043
S21400B550002384F8C43010BDC80A0020803E0020B6
S21400B560F0B5A0F1840602230022314685B00446D9
S21400B5700CF0E2FE2E28054670D000286BD120463F
S21400B58003A9FBF78DFC40B9039B354D20465D664D
S21400B590FBF779FCFBF784FC20B12046FFF74CFF55
S21400B5A0022558E0039B20469D65FBF76CFCFBF7E5
S21400B5B077FC0028F1D1039B2A4A20465A67FBF7FE
S21400B5C062FCFBF76DFC05460028E6D1039B20468F
S21400B5D09C67FBF758FC3046FBF7DEF8039E062315
S21400B5E0374647F80C4BB381356109F0ADFE4FF096
S21400B5F050234FF4003210F0400F1A6714BF732325
S21400B600772310F0800F18BF732310F4806F18BFD5
S21400B610732310F0010F18BF782310F0020F18BF25
S21400B620782310F0080F18BF742310F4004F18BFCB
S21400B630742310F0040F18BF722310F4804F18BF45
S21400B6407223736108230C22F381394603232046B4
S21400B6500096FBF70DFD284605B0F0BD1225FAE76B
S21400B660FFB600004F64000010B5436F044613B1E8
S21400B670816F007A98472046BDE8104040E62DE9E5
S21400B680F0410546302700F114086B690BB9BDE898
S21400B690F081EFF3118487F311884046FBF732FD03
S21400B6A0034684F31188BFF36F8F90F824201AB1F5
S21400B6B00021FBF73DFDE8E7827C44690132827495
S21400B6C0D4F88C2043F8302FC4F88C30237C092B18
S21400B6D006D90A23204684F85030FFF7C5FFD4E782
S21400B6E0666941F28830760066611AF051F9864242
S21400B6F094BF6661606120460DF000FCC5E7F8B5B2
S21400B700154612681C46A2F1840000297CD06968A0
S21400B7103E4B99424CD13E4B90F8C510D3F8C830FA
S21400B720B1B343BB012302260A2780F8C43052F87F
S21400B730844C3CB92B68294653F8080CBDE8F84001
S21400B7400DF0E8BA94F85030042B0DD003D8012B36
S21400B7500AD02468EDE7053B032BFAD8204684F888
S21400B7605070FFF781FFF4E70621204684F850600A
S21400B770FAF766FDEDE74FF000524FF20F015180E9
S21400B780012B4FF000530FD04CF23C325A8009E0A8
S21400B7904FF000524FF20F015180002BF0D140F2D3
S21400B7A00123138008F0ACF840F202221A80F9E771
S21400B7B0184A21F0FF03934215D1C9B2FBF726FAC7
S21400B7C00028B7D090F85030042BB3D1002C14BF0B
S21400B7D00223052380F85030C36F002BAAD02146E1
S21400B7E0FAF72EFDA6E70C4A9342A3D1C9B2FBF79F
S21400B7F00DFA00289ED090F85030073B012B9CBFD6
S21400B800092380F8503095E7F8BD00BFEFBEADDEE7
S21400B810C80A002000BAFECA00BAEFBE70B50D46D0
S21400B820EFF31186302383F311884C6904F18C0002
S21400B830FBF768FC04F130001AF098F9D4F8A4007D
S21400B84029461430FBF768FCD4F8A420044902F11A
S21400B8502C000DF09EFA86F31188BFF36F8F70BD33
S21400B8607FB600002DE9F04F85B0EFF31188302643
S21400B87086F311883B48FAF71FFF0446DFF8EC9082
S21400B88034B988F31188BFF36F8F05B0BDE8F08F29
S21400B89023681B797F2B4FEA931198BF0021EFF3A3
S21400B8A0118A86F311886569BDB9022956D08AF3D4
S21400B8B01188BFF36F8F88F31188BFF36F8FEFF394
S21400B8C0118886F31188B9F8003026480133A9F8A4
S21400B8D00030FAF7F1FE0446D2E741BB94F8247034
S21400B8E02FB184F824102046FBF722FCDFE795F8FA
S21400B8F050000DF0B8FAA8B12046FAF761FF042808
S21400B900D5D1696905F1300B5846EF6403911AF0FA
S21400B9102DF923465846CDE90077134A03991AF0C5
S21400B9209BF9C4E76B7B332101336B73DBE7032999
S21400B93014D1AB7B002BBAD000212046A973FBF7AD
S21400B940F7FBD5F89430002BB1D005F19400FBF747
S21400B950D9FB014628460DF060FAA8E72046FAF71C
S21400B9602FFFA4E7B80C00201DB80000C80A00206E
S21400B97070B5EFF31186302383F311880F4CB4F8BB
S21400B980F45165B90123A1780D4884F8F6311AF010
S21400B99019FA86F31188BFF36F8F002070BD04F587
S21400B9A0FC70FAF789FE0028F3D0013DA4F8F451A4
S21400B9B086F31188BFF36F8FF0E700BFC80A002038
S21400B9C0000004502DE9F84FEFF31189302383F37C
S21400B9D01188644DD5F8FC312C2BA3F12C0606D12A
S21400B9E089F31188BFF36F8F1B20BDE8F88F53F8DB
S21400B9F02C8CB8F1000F00F0B380B4895A4F002C9D
S21400BA0000F0A2800D22002105F5007018F068F8FD
S21400BA10564BB4F5006FC5E980384FF01308C5F8EB
S21400BA200872C5F80C8260D8013C0D22002105F58D
S21400BA300470A4B2D6F804A0240118F051F84C4BB8
S21400BA4044F0405423400224C5E9843AC5E9867888
S21400BA50D6F808A0BAF1000F12D0A04605EB0818D9
S21400BA6008F5007310220021184618F039F8414AEC
S21400BA700134C8E9802A1322C8F80872E4B2C2600A
S21400BA8005EB04181022002108F500700E3618F099
S21400BA9027F8394BC8E98167C8F80032002305EB60
S21400BAA0031191F80222013322F0100281F80222DB
S21400BAB0DAB2A242F3D90024304B95F890501C70AD
S21400BAC02F4B2946A3F5AC722E4809F0D8FC01236B
S21400BAD02D4AAB4029462B48536509F00BFD89F3E8
S21400BAE01188BFF36F8F20467FE7B4F5805F25D8B7
S21400BAF0D6F804A0DFF878B00D22002105F5047012
S21400BB0017F0EEFFC5E984BAC5E9867873680D229A
S21400BB10002105F5087003F5006A17F0E1FF6FF4E1
S21400BB200063E3189BB21B0143F0405303EA0B0388
S21400BB300324C5E9883AC5E98A7889E789F3118834
S21400BB40BFF36F8F212050E71022214605F50070C5
S21400BB5017F0C6FF0D4BC5F80872C5E980389DE79B
S21400BB60012042E7C80A00203C80055060000030F3
S21400BB70F07F00307000003010001030803E002053
S21400BB80C80C002000000450001004506000103064
S21400BB9010B5EFF31184302383F311880A48038825
S21400BBA02BB984F31188BFF36F8F032010BD013BC0
S21400BBB0038000F5FE70FAF739FCFFF703FF84F305
S21400BBC01188BFF36F8FF1E7C80A00202DE9F8430C
S21400BBD0EFF311884FF0300989F3118801271D4DC6
S21400BBE01D4CAE78204631461AF0ECF8342200217F
S21400BBF005F5147017F074FF184A062182F8CD7008
S21400BC0007222A81B5F8842205F5217361F30E1206
S21400BC1020463146A5F8842205F198026B6009F0AB
S21400BC202EFC04F58055204609FB0644B7403146F5
S21400BC306F6509F05FFC6F62236F43F002032367B2
S21400BC40636E43F48013636688F31188BFF36F8FC7
S21400BC50BDE8F883C80A002000000450803E00209B
S21400BC6008B5FFF7B3FF002008BD10B5EFF3118449
S21400BC70302383F31188104BB3F8F421092A04D932
S21400BC8084F31188BFF36F8F10BD817C01320131C0
S21400BC908174D3F8F811A3F8F42193F8F62140F84C
S21400BCA02C1FC3F8F801002AEAD0002283F8F621F8
S21400BCB0FFF78CFFE4E700BFC80A00202DE9F04F2D
S21400BCC085B0EFF31189302383F311884FF488721F
S21400BCD0914CD4F804B0BBF80030DBF8085062F39F
S21400BCE00E13ABF8003094F8633213B994F8583258
S21400BCF023B30723B4F85A822381A844DBF80C3018
S21400BD00D4F8A47223F00303384603A9D3F808A096
S21400BD106360FAF732FD98B9039BCBF8083094F8C5
S21400BD20621200293CD0C4E9945AFAF7E9FC89F378
S21400BD301188BFF36F8F05B0BDE8F08FA846DDE72A
S21400BD40764E96F8CD1089BB94F862323BB1D4F8A3
S21400BD505C3234227248C4F8A83217F0C1FE4FF0A5
S21400BD600008D4F8A8126F48A1F80C80C1F8048027
S21400BD70FAF75CFBBB6C07200133BB640123CBF8EE
S21400BD800850C4F8A88286F8CD30FAF702FB2E28B1
S21400BD90CDD1C4F850A2C4F85C82A4F85A82C4E795
S21400BDA05E4B93F8CD60002E00F08D800191FFF77A
S21400BDB0DFFD01990646C4F8A80238B915B1284631
S21400BDC0FAF7C0FC002384F86332B0E7D8F8002006
S21400BDD003681A60B8F804209A8098F806209A71CA
S21400BDE031B3CBF80850D6F8008000220721404631
S21400BDF0FAF7B6FA054608BBD8F800004A4BC4F86E
S21400BE006402B8F8041098F80620304699809A71B3
S21400BE10FFF72BFF0123C4F8A852C4F85C5284F83D
S21400BE20635284F85832C4F850A2A4F85A527CE7F9
S21400BE30002DD8D02846FAF785FCD4E74FF0000846
S21400BE4084F8588233685888B08180B3B0F5857F0F
S21400BE5030D90623314633773248FAF7E7FA4646B2
S21400BE600720BB6CC4F8A8820133BB642B4B20812F
S21400BE7083F8CD50FAF78DFA2E2848D10023D4F84F
S21400BE80A812C4F850A2A4F85A32B6B12548FAF758
S21400BE90CDFABB6C0133BB6400210025C4F85C12EC
S21400BEA0C4F8A852FAF72CFC84F863523FE72E46F3
S21400BEB00720DBE745464646D8E7002DEDD0084686
S21400BEC0FFF7D3FEE8E707200125D4F8A82283F879
S21400BED0CD50C2F804802081FAF75BFA2E280F4B6B
S21400BEE009D183F8CD50C4F850A2C4F85C62A4F817
S21400BEF05A62FAF705FCD4F8A8120A48FAF796FA36
S21400BF00BB6C0133BB640023C4F8A8325AE7002E8A
S21400BF103FF458AFEFE700BFC80A0020803E00207D
S21400BF20180D0020400B00202C0D002000232DE9CA
S21400BF30F3470D460A26434CC4E9AD13C4E9211362
S21400BF40C4F8A412C4F8F831A367C4F8FC31C4F8E6
S21400BF50F03184F8BC32C4F8B03284F88C30C4F8BF
S21400BF608030284601A90CF0F2FE20B11927384689
S21400BF7002B0BDE8F0870198FFF777FE013EF0D1EA
S21400BF800A2323804FF480522F4B1A604FF44062EE
S21400BF902E4B69465A614FF0FF3203F500539A6400
S21400BFA00122A3F58053DA64D4F8A4723846FAF76F
S21400BFB0E4FB0028DAD1DFF8A080102231464046A4
S21400BFC0DDF800A0DFF8949017F08AFD204B384685
S21400BFD06946C4E9A139C4F88CA2FAF7CEFB074635
S21400BFE00028C3D108F110030D2231461846DDF8AB
S21400BFF000A017F075FD174A20F00303C4E9A52931
S21400C00094F88622C4F8903266F30412D4F8A0326C
S21400C01084F886224FEA980262F39F033146342260
S21400C020C4F8A032A8F13400C4F89CA2C4F8048076
S21400C03017F056FDA86F0CF072FE002896D0072366
S21400C040238194E7C80A002000E100E00080055044
S21400C05000111003001100034C0D00202480055031
S21400C06013B5EFF31184302383F31188094BB3F82B
S21400C070F421092A08D8D3F8A40201A90CF067FE17
S21400C08010B90198FFF7F1FD84F31188BFF36F8FA5
S21400C09002B010BDC80A00202DE9F04F89B0EFF3BA
S21400C0A011830193302383F311880026C74FFD1DAB
S21400C0B00023C74CADF81230D4F85022ADF810303B
S21400C0C0D4F85C32002A00F02E8293B9C14B93F864
S21400C0D0CD3073B1FFF74CFCC4F85C0248B9C4F825
S21400C0E05002019B83F31188BFF36F8F09B0BDE840
S21400C0F0F08F94F858320293002B00F098802B684B
S21400C100DFF8DC823B60AB88D8F80000BB80AB79F8
S21400C110B8F80420BB7198F806302860AA800D2174
S21400C12004AA08F10800AB71FAF71AF948B3BDF88B
S21400C1301010D4F85C32013189B278581B687A182E
S21400C14018609088ADF810109880927908F1150064
S21400C1509A71D4F85C321A6852889A81C1F1070243
S21400C1600731D2B2394484F8802217F01DFE0E2221
S21400C170002108F1070017F0B3FC002384F85832BA
S21400C18054E00DF11200FAF7D5F8002840F0CB8104
S21400C190BDF81290B9F1000F00F0DC8008F10E0334
S21400C1A04FF0010813F8012B142A40F0C6804FF018
S21400C1B0000A0DF1180B1946C8F1070258460393FA
S21400C1C0CDF818A0CDF81BA017F0EEFD0DF11F005E
S21400C1D04246D4F85012A0EB080017F0E5FD072100
S21400C1E0584604AAFAF7BCF8039B002800F0A5807E
S21400C1F0D4F85C32BDF810101B680BEB01025BF83C
S21400C2000110384619609188927999809A71D4F80D
S21400C2105C3251461A685288A4F85A829A810E22D5
S21400C22017F05EFC84F858A284F880A2029E94F868
S21400C2308082B8F1070F00F2768194F862A2BAF114
S21400C240000F02D0002384F86232DFF88891D4F819
S21400C2505C3299F8CDB0BBF1000F00F07C81002E67
S21400C26043D10DF112000293FAF764F8002840F06B
S21400C2705A81BDF81210029BB8F1000F00F01B8126
S21400C280C8F10702D2B28A4200F24D81B8F1070F18
S21400C29000F0498142465049186817F085FDD4F8E9
S21400C2A05C2294F880321068D4F85012C3F107026A
S21400C2B0184417F079FDB4F85A3294F88022073300
S21400C2C09B1AD4F85C82A4F85A3284F88062D8F8B4
S21400C2D000A0324607215046FAF742F8002800F040
S21400C2E02281BAF80230A8F80C30D4F85C12002983
S21400C2F000F019818E89002E40F008813748FAF741
S21400C30095F8D4F8A422C4F85C62936C0133936465
S21400C310B4F85A32D81DB3F5857F80B200F2038197
S21400C320FAF737F8002840F0F8810123C4F85002E5
S21400C33084F8633284F88002D3E6B8F1060F06D09C
S21400C34008F101081FFA88F29145BFF42BAF002EC2
S21400C3507FF46CAF0720FAF71CF8064650B9D4F8FD
S21400C3605C02FFF782FCC4F85062A4F85A62C4F874
S21400C3705C62B6E62B680E213B60AB883846BB8015
S21400C380AB79BB71D4F850321A682A609A88AA80B2
S21400C3909B7904AAAB71F9F7E3FF18B3D4F85C32C3
S21400C3A0BDF810201B68B858B9181860888898809F
S21400C3B0897906489971D4F85C3219684988A4F8D6
S21400C3C05A2299810E220021D5E600BF330D0020A7
S21400C3D0C80A0020803E0020410D0020400B0020AF
S21400C3E02C0D00200720F9F7D4FF064690B9B9F1C6
S21400C3F0060F40F29880D4F85022A9F1070902EB04
S21400C400090352F80920C4F872229A88AA809B79F8
S21400C410AB71A4E70DF11200F9F78CFF0646002871
S21400C42040F08180D4F85092BDF8128048464146CC
S21400C43004AAF9F795FFF0B1D4F85C32BDF8108085
S21400C4401A6859F8081009EB080311609988B5486E
S21400C45091809B7931469371D4F85C321A68528881
S21400C4609A810E2217F03CFB08F10703A4F85A3213
S21400C47084F85862DAE608F1070080B2F9F789FF17
S21400C480064600284FD1B8F1060F4CD9D4F8501202
S21400C490A8F107028B188A58D4F85C02C4F87222F6
S21400C4A09A88AA809B79AB71FFF7DFFBC4F85062CD
S21400C4B0A4F85A825BE70629029334D9B4F85A6284
S21400C4C08E4230D2D4F85082891B04AA89B208EB77
S21400C4D00600F9F745FF029B28B3BDF810101A684E
S21400C4E08B1908EB030058F8033013608388938099
S21400C4F083799371D4F85C321A6852889A81B4F8BA
S21400C5005A320B440733A4F85A32EEE6B6F5857F66
S21400C51011D9062384480B77F9F788FFD4F8A422AC
S21400C520936C01339364D4F85C0208B1FFF79DFB6B
S21400C530FFF74CFBD5E50023B4F85A0289F8CD3056
S21400C5403044B0F5897FEEDA94F880329E4200F2ED
S21400C550D7800026ACE5002BE5D09A89904542D3DB
S21400C560D4F8A4A205A95046FAF707F9D4F85C2235
S21400C57003900028D7D1059BDFF8B08118464146C6
S21400C5809289029317F010FCD4F85CB294F88022DB
S21400C590BBF80C104046521A414417F0B4FBBBF8E7
S21400C5A00C1094F88022029B521A84F88022CBF852
S21400C5B004306FF40073D4F85C12B4F85A228889F9
S21400C5C0024408EB0300A4F85A22F9F72FFFDAF822
S21400C5D04820039B0132CAF84820C4F85C32012385
S21400C5E089F8CD3094E6BAF1000F2DD0D4F8500279
S21400C5F0B4F85A12A2EB08020144404417F083FB39
S21400C60094F880224949D4F8500217F0CDFBD4F8AC
S21400C6105022D4F85C3284F880B25A60D4F854328F
S21400C620D4F85C124048C4F85032F9F7FFFED4F84C
S21400C630A422C4F85CB2936CA4F85AB20133936493
S21400C640012389F8CD3063E60DF112000292F9F766
S21400C65071FE00287FF467AFBDF81210B4F85A32A6
S21400C660029A414413449942FFF65DAFD4F8A4B24F
S21400C67005A95846FAF781F8D4F85C2200287FF41A
S21400C68052AF94F8803292897BB393423FF64BAF19
S21400C690DDF814801A462549404617F085FBD4F885
S21400C6A05C3294F880029A89B4F85A12D4F8503260
S21400C6B0121A1944404417F077FB84F880A2D4F885
S21400C6C05C321948C3F80480D4F85C12B4F85A32C5
S21400C6D08A891344A4F85A32F9F7A8FEDBF84830E2
S21400C6E00133CBF84830002377E7DDF81480B4F840
S21400C6F05A12D4F850324046194417F055FBDEE77C
S21400C700C01A80B2F9F745FE18B9012384F86232E0
S21400C710E7E42E283FF41DAFE3E42E283FF4C8AC30
S21400C720DFE400BF330D0020400B0020410D002049
S21400C73038B5184B184A9B6C03F0010393643BB35F
S21400C740164C174894F8901019F04FFB0122154B21
S21400C7501A70EFF31185302383F3118804F5FE7009
S21400C760F9F7AAFF014604F5F870F9F75FFE85F3BE
S21400C7701188BFF36F8F00220B4904F52B700CF065
S21400C78008FBD4F8FC311BB1BDE83840FFF71AB9F6
S21400C79038BD00BF0080055000A00550C80A002024
S21400C7A000000450803E002065B8000038B50D46F5
S21400C7B019F0A8FB19F0FEF804462D6819F0A2FB44
S21400C7C019F0F8F8031BAB42F8D938BD2DE9F7434A
S21400C7D00627177014464A681E46A2F58053FF2B9C
S21400C7E081460D46DDF8288075D80523D1B26380D2
S21400C7F041F4805363602A7A931E012B27D884382D
S21400C800FAF704FA022305462372D0B190F8508056
S21400C81040460CF028FB30B10A2385F850302846F5
S21400C820FEF722FF0DE0B8F1040F0AD109233946BE
S21400C830284685F85030F9F703FD10B96B7ADB0609
S21400C840EDD463880433336003B0BDE8F083052A73
S21400C85016D18438FAF7DAF9022323720028F0D0CA
S21400C86090F85030012B01D0042BEAD1042380F835
S21400C8705030052323726E4B0B43C8F80030E0E7B8
S21400C880092A21D18438FAF7C1F908B92272D8E703
S21400C89090F85030053B032B10D8DFE803F0070272
S21400C8A01107082380F850302372CAE7082580F85D
S21400C8B05050F9F7D1FC18B92572C2E70923F3E7FF
S21400C8C0092323725B4BD7E704236380002363604E
S21400C8D00323A360B5E7A2F5E063FF2B24D84F88B7
S21400C8E00C2F03D00023636003235CE05248D1B2D0
S21400C8F0FAF78CF990B190F85030012B0ED1AB6856
S21400C900EA6841F4E061C0E92623234643F8041FA1
S21400C910AA685A60EA689A60678092E700236360B4
S21400C920082363800423D4E740F203239A4272D09C
S21400C930B2F5017F21D2602A6AD007D8042A2FD9FF
S21400C940212A37D0002363600D232CE0B2F5007F48
S21400C95026D040F202239A42F4D1042363808B68E7
S21400C9601BB3012BBED10123344AA360C2F8C830E2
S21400C97040F202236360082348E0B2F5C06F21D07E
S21400C9800BD840F201339A420AD0B2F5A06FD9D143
S21400C9900B7A80F83830626037E0B2F5885FD1D124
S21400C9A0002363601523A360E5E724496260C1F8AD
S21400C9B0C830F8E762600B89678023810B8920F80E
S21400C9C0283C3EE7CB6843611C4B8F68D3F8C022F7
S21400C9D0974217D8002500F11408294640F2E730A0
S21400C9E0D3F8C4C24FF47A720023E7FB0C0116F0AA
S21400C9F055FE43460146CDE90055114A09F1180097
S21400CA0018F09EFF4FF4C06363600423638018E74A
S21400CA108B68C360BFE70B7A62600822003B6280C7
S21400CA2018BF01230022A26080F8413009E700BF4A
S21400CA3000BAFECA00BAEFBE843E0020C80A002034
S21400CA40ADC700002DE9F04F0646C06C8FB00369F5
S21400CA5008A998470290002840F06A82DDF820A0D6
S21400CA6096F85030DAF800406BB905212046B4F845
S21400CA700520F9F721FC10B12378142B03D050467B
S21400CA80F9F79EFE54E294F80480BAF80C30B8F138
S21400CA907F0F4FEA981594F8019098BF0025678895
S21400CAA0DBB93B1E18BF01230593736D49460A3355
S21400CAB09F42304628BFAAF80C30FAF7A7F804467B
S21400CAC068B9022D07D00523014600934A4603465F
S21400CAD03046FAF762FB0898D2E70023E4E790F8BE
S21400CAE05030042B08D13DB9052380F85030C36F71
S21400CAF013B12946F9F7A4FB94F8506030460CF0C1
S21400CB00B2F9049018B1082E09D1022D07D00523DA
S21400CB10009300234A462146D4F8A400D9E7089B90
S21400CB2015F0FD0F5C6111D11B7F7BB908F0070380
S21400CB30EFF311820392302282F31188D4F88C200E
S21400CB402ABB039B83F31188BFF36F8F059B08985E
S21400CB50002B95D117B14368002B91D0027F62B1AC
S21400CB60E37A0092D4F8A4004A462146FAF715FB69
S21400CB70002308980377F9F723FE002F00F0FC80C7
S21400CB80022F00F2E5800622E37A0092C2E752F80E
S21400CB90302CE17B1279C2F30212501C114400F0D3
S21400CBA0070001F00701884200F292808342C8D352
S21400CBB08B42C6D8934298BF08339B1ADBB20693C3
S21400CBC00023237418F03CFFD4E90626B0EB020AD3
S21400CBD061EB060BBC4991F8CE20002A7FD00023DB
S21400CBE04FEA5A0646EACB764FEA5B02C4E908AB40
S21400CBF0C4E90A6281F8CE300520079218F0C8FE14
S21400CC000023079A864272F100013CBF1A46064688
S21400CC104FEA820242EA96724FEA860638BFC4E9B5
S21400CC200A0316EB0A0641F288304BEB020A18F0AC
S21400CC30AFFE4FF0000BB0427BEB0A0307D3052094
S21400CC4018F0A6FEB0427BEB0A0B38BF3046606198
S21400CC5004F1300018F08AFF4FF0010A04F18C0648
S21400CC603046FAF74FFA817C00296ED1FAF760FA5F
S21400CC70637B069A01336373E37B013BE373029B9A
S21400CC80013302939DF808309342E9D3039B83F364
S21400CC901188BFF36F8F4FF0300A04F19006D4F876
S21400CCA09030002B3FF452AF637B002B3FF44EAF27
S21400CCB0EFF3118B8AF311883046FAF723FA014610
S21400CCC08BF31188BFF36F8F20460CF0A6F8E6E7CB
S21400CCD08B427FF66FAF8342BFF46CAF31E7D4E987
S21400CCE00810514570EB0B03D4E90A324FEA930360
S21400CCF043EA8273B4BFAAEB010CA1EB0A0C9208BC
S21400CD00DE1842EB020EF6184FF007034FEAD10189
S21400CD104FEA9C0C41EA407142EB0E0216EB0C0601
S21400CD20A1FB031C4FEAD00003FB00CC4FEADA0A53
S21400CD304AEA4B7A42F1000211EB0A0A4CEBDB0B93
S21400CD40C4E90A62C4E908AB56E780F824A08FE776
S21400CD50089ABB1E50689FB210FA83F35A78C35DD8
S21400CD60394643EA0222F9F7A7FA28B9002D7FF4DC
S21400CD70B2AE0122E37A08E7089E002D40F0E48078
S21400CD80627AADF82470D707CDE90A55D4F8A40026
S21400CD90E37A07D50621227A00912146FAF7FDF9B3
S21400CDA030466DE6C8F3021199420CD05A1E9142E5
S21400CDB005D00BB9072902D00221227AECE72046DB
S21400CDC00CF009F8ECE718F0080F0ED131462046B3
S21400CDD009AAFEF777F90346D4F8A400002B00F062
S21400CDE084800421E37A227AD6E7227A1AB10623CF
S21400CDF000930B46D1E73146204609AAFEF762F9B2
S21400CE00D4F8A49030B10421E37A227A48460091FF
S21400CE102146C3E7BDF82420032A64D9D6F8048047
S21400CE20B8F8023004339A425DD148460AA9F9F7A9
S21400CE30B3FC09F1840A074690B90A990D4645F8ED
S21400CE400CAB98F801304B7398F80030022B33D0B7
S21400CE50032B3BD0002B42D10B73CB8104230B93C7
S21400CE60706830B1D4F8A480F9F76CFC4046F9F746
S21400CE70E9FA002330467360F9F7A2FCE37A20460D
S21400CE80013303F00703E3720BF0A5FF002F4FD129
S21400CE900A9F112329462046BDF82C200097FAF752
S21400CEA082F8002844D0A66D002E41D033233A469F
S21400CEB02946207AB0473BE02A46414650460BAB0F
S21400CEC0F9F7ECFECCE700BF803E0020043100916D
S21400CED02A46414650460BABFFF778FCC0E7D9F828
S21400CEE07C000BF017FF2127BAE73146BDF8243047
S21400CEF004F18402F9F7B8FCE8B10321E37A227A58
S21400CF000091D4F8A4002146FAF747F93046F9F71D
S21400CF1057FC8F4B93F8CC20052A09D1D4F89820DB
S21400CF20013AC4F89820D3F8E420013AC3F8E42084
S21400CF300FB0BDE8F08FE36D13B1216E207A9847ED
S21400CF4000254FF0FF3799E7022D2ED108F0300864
S21400CF50B8F1100F94F8505020D173681B78013B3D
S21400CF60042B1ED8DFE803F0141A1A1F03000A2544
S21400CF703046F9F725FC049B002BD9D004F130008D
S21400CF8018F0F4FD204684F85050FEF76DFBCFE70E
S21400CF90D4F88C3013B120460BF0B0FF0023049376
S21400CFA0E6E70C25E4E70B25E2E70023CDE90933A5
S21400CFB0637A98077FF5F4AE18F037081AD1590748
S21400CFC03FF5EEAEB3898BB13B463146D4F8A400AC
S21400CFD004F18802F9F748FC00287FF4E1AEE36E1E
S21400CFE0002BA5D0216F207A9847A1E73046F9F7A5
S21400CFF0E7FBF4E7B8F1040F40F09780237A002BA4
S21400D0007AD1032F78D9D6F80480B8F802300433E2
S21400D0109F4271D1D4F8A4A00AA950460AF1840907
S21400D020F9F7BAFB002867D10A9D2F4647F80C9BF4
S21400D03098F801306B7398F80030022B26D0032B3B
S21400D04039D0012B53D12B730423EB81082309938A
S21400D0503F4BD3F8C8303BB1012B13D10BA8F9F7DF
S21400D0602AFD9DF82C306BB100232B61394B6B6089
S21400D0700095052339462046BDF82420F9F793FF8E
S21400D08005463BE001232B610023F0E7D8F8043087
S21400D090202B09D05A1E032A06D923F01002402A54
S21400D0A002D0B3F5007F19D13A464146484609AB4F
S21400D0B0F9F7F4FDDCE7D8F80430A3F20222012ADF
S21400D0C003D9212B01D0602B08D12B1D00933A46A3
S21400D0D04146484609ABFFF779FBC9E70D23002216
S21400D0E0C5E904230823EB810C230993C0E72946EE
S21400D0F0DAF87C000BF00EFE002701253046F9F723
S21400D1005FFB002F3FF414AF099B002B3FF410AFDA
S21400D110002D3FF40DAF656E002D3FF409AF3323AD
S21400D12039460A9A207AA84702E7B8F1310F7FF409
S21400D13037AE3046F9F744FB227A002A7FF4F8AE81
S21400D14062810923114620460092F9F72CFFEFE68C
S21400D150C80A0020EFBEADDE2DE9F04301290646E1
S21400D1600F4615469846A9B077D8130778D10468B5
S21400D17024F04003802B02D0B4F5807F73D12022A8
S21400D180002120A816F0ACFC384A394BE408012FE1
S21400D19008BF134601271F9344F00054331D1C9309
S21400D1A01D971E94334C0DF1040C1CAB93E807003E
S21400D1B00DF110098CE8070019ABCDF864801A97BA
S21400D1C01B9493E8070016AB89E80700CDF8588053
S21400D1D01797189493E80700309B45F0005E07AC5D
S21400D1E084E807001393149713ABCDF854E093E844
S21400D1F00700319B0DF1280888E80700109310AB54
S21400D2001197CDF848E00DAF93E8070087E80700D0
S21400D21061461FA808F0F1FA49461FA808F0EDFA83
S21400D22041461FA808F0E9FA39461FA818F059FE2B
S21400D23021461FA818F055FE31681FA8C90818F027
S21400D240F8FD29461FA818F0F4FD1FA818F0FAFDEF
S21400D25018F0DCFD29B0BDE8F0836FF02000F9E798
S21400D2606FF02100F6E76FF01F00F3E703020004FB
S21400D2700302010410000020014B1868704700BF2D
S21400D280880D00204FF0FF30704710B5044600B9F7
S21400D290FEE7037F1BB1436998470023237710BD41
S21400D2A038B5044600B9FEE7038B428B9A420CD988
S21400D2B00022013302770383D0E9025398470146E0
S21400D2C02046A8470123237738BD036A013303624B
S21400D2D0BDE83840D9E7014B1B691847900D002080
S21400D2E010B5EFF31184302282F31188094A02F157
S21400D2F04801431A1E21DB10B3FBF1F32420DBB2F6
S21400D30000FB0320FFF7C1FF84F31188BFF36F8F84
S21400D31010BD00BF900D0020014BD3F838321847DF
S21400D320900D002010B5EFF31184302282F311889F
S21400D330094A02F50A714832831A1E22DB10B3FB33
S21400D340F2F32420DBB200FB0310FFF79EFF84F30A
S21400D3501188BFF36F8F10BD900D00202DE9F843A4
S21400D360064614460D46FFF790FF33699847002798
S21400D3702D1947EB07032C1A63F10005012C75F1F4
S21400D380000306DA336A304601333362BDE8F843F9
S21400D3907BE7D6E902839847A04277EB05031CD2C9
S21400D3A0F36898473B4602462946204616F076F92B
S21400D3B0F368914698473B4602462946204616F0B3
S21400D3C06DF94C4683B20022738321463046328381
S21400D3D0C04701233377BDE8F8833B46F3E770B5D3
S21400D3E00D4C054604F14803C31A1E20DB10B3FBA0
S21400D3F0F0F32420DBB24343E658E01806B9E550C4
S21400D400EFF31184302383F31188FFF7A7FF84F32B
S21400D4101188BFF36F8F70BD900D002070B50E4C55
S21400D4200546A4F5F073C31A1E20DB10B3FBF0F319
S21400D4302420DBB24343E658E01806B9E550EFF384
S21400D4401184302383F31188FFF788FF84F3118853
S21400D450BFF36F8F70BD00BFB80F0020FEE710F05F
S21400D460010217D10C4B197801EA000303F00F03F1
S21400D47001EA101143EA0100830709D410F0040002
S21400D48009D0012305485B4203F0F00318447047B7
S21400D4901346F7E7002070477C3F0020D80D002099
S21400D4A0114B03F14802821A1E20D210B2FBF0F292
S21400D4B0D2B203EB4200B0F8700203F51D730144CC
S21400D4C0002089B203EB82131A888A4201D19A7827
S21400D4D03AB90130102803F10403F5D14FF0FF30BC
S21400D4E0704700B2704700BF900D002038B5044664
S21400D4F00D46FFF7D5FF80B20F2823D91E21124A0A
S21400D500A31ADB10B3FBF1F3DBB202EB831202F2D9
S21400D5102E21002211F8220020B10132102AF9D162
S21400D520032038BD0949180100FA82F201EB820295
S21400D53001EB4301B1F870321D440123A2F8745286
S21400D54082F876320020ECE7D80D0020900D0020FF
S21400D550154B30B503F14802821A1E20D210B2FBDA
S21400D560F0F24C880D88D2B225448C8803EB42003A
S21400D570C988B0F870022C4421440144002003F509
S21400D5803D7389B203EB82131A888A4201D19A78D6
S21400D5903AB90130102803F10403F5D14FF0FF30FB
S21400D5A030BD00B2FCE700BF900D00207047A0F130
S21400D5B04103052B03D83738087000207047A0F1C8
S21400D5C06103052B01D85738F6E73038C0B2092872
S21400D5D0F2D90720704770B5436804460D4623B954
S21400D5E0BDE870404B68006818478B6898476368CA
S21400D5F001469A68831A002BB8BF121A2B68206857
S21400D600A8BF0022BDE87040184738B50C46114642
S21400D610E2680346944206D04568AC420BD14260AD
S21400D620FFF7D9FFE46038BD94420DD01146D268AA
S21400D630002AF9D1F6E72A460021F9E7CB68002B45
S21400D640F0D0DB68CB60EDE70029F7D1002DE9D0FC
S21400D650EA685A60E6E770B5466804460D467EB14D
S21400D6608B689847B368C01A002809DB20462A460C
S21400D6703146FFF7CAFF30467368BDE8704018476A
S21400D68029462046BDE87040A5E701490830E2E794
S21400D690BC62020001460068014A1030B5E700BFD0
S21400D6A0C862020001491030D5E700BFC862020018
S21400D6B00122024B002083F874237047900D00204F
S21400D6C00020024B83F87403704700BF900D0020C3
S21400D6D0704700F01800102805D0A0F11803584233
S21400D6E05841C00070470420704700F0070301202F
S21400D6F0984010F0220F09D110F0880F08D100F0E2
S21400D7004400003818BF0120C0007047042070474E
S21400D7101020704708B54307024608D0FFF7D9FF28
S21400D72012F0180F0CBF05300630C0B208BDFF203F
S21400D730FCE710B58379046A022B1CBF02238371B1
S21400D740A36C2BB1236D1BB1206C98470023236577
S21400D75010BD2DE9F3470E46044618B9072002B05F
S21400D760BDE8F0870378302B30D1437803F0DF0331
S21400D770582B2BD10127023400224FF09939154639
S21400D7804FF00A08DFF868A020780FB30DF1070104
S21400D790FFF70DFF0028E1D1B5F1805FDED22B0147
S21400D7A043EA127312019DF807100020891853F1FE
S21400D7B0000328BF01200A461D460028CED114F8D3
S21400D7C0010F0028E0D1C6E90013C8E70027D3E719
S21400D7D03038C0B20928C1D891457AEB05038DF8D8
S21400D7E00700BBD3A2FB082308FB0533DBE700BF1B
S21400D7F09999991913B50C466946FFF7AAFF50B9CF
S21400D8004FF0FF32009B9A42019A70EB020202D35D
S21400D810236002B010BD0720FBE710B5C38802895D
S21400D8209C1C94420BD80268D4186478D35C43EAF4
S21400D83004230B80C3880233C380002010BD06205B
S21400D840FCE770B5C288038902F108049C421CD824
S21400D8500568AC18A3786678AA5C1B0443EA06231E
S21400D8601343E278657943EA0263227942EA0522A5
S21400D870A579E47942EA054242EA0462C1E9003247
S21400D880C3880833C380002070BD0620FCE730B58F
S21400D890C4880389A5189D42D7BF036806201B19B4
S21400D8A00B60DFBFC388D218C280002030BD00F1F5
S21400D8B0B4019030B1E70C20704707B590300DF1F9
S21400D8C00601FFF7AAFF00280CBF0C20062003B0B5
S21400D8D05DF804FBFEE7FEE737B5002300220446AA
S21400D8E0CDE90023FFF7F7FC6946054604F19000F2
S21400D8F0FFF7A7FF70B9DDE90032AB4272F1000115
S21400D9000AD35B1B62F10002C4F89839C4F89C295C
S21400D91003B030BD0620FBE70720F9E7074BD3F836
S21400D9207823002352F8041F884201D1D8B27047EA
S21400D9300133042BF6D10020704700BF900D002065
S21400D94037B504460DF106019030FFF766FF054631
S21400D950F8B923689A6CF2B1DC69BDF80610204667
S21400D960FFF79EFD83B20F2B17D80D4B03F148022D
S21400D970A41A1E22E410B4FBF2F4E4B200EB041086
S21400D98003EB800383F87652A3F87452284603B05C
S21400D99030BD0625FAE70D25F8E70A25F6E700BFAD
S21400D9A0900D002013B504460DF106019030FFF7E8
S21400D9B034FF48B923689A6C4AB1BDF80610D86996
S21400D9C002B0BDE8104091E5062002B010BD0D2063
S21400D9D0FBE713B504460DF106019030FFF71DFF77
S21400D9E060B923689A6C5AB1BDF80620B3F8601087
S21400D9F0914201D0A3F8602002B010BD0620FBE7DC
S21400DA000D20F9E7084608B51146FCF745F9002849
S21400DA1018BF6FF03B0008BD10B518F011F8124B98
S21400DA208342124B8B411DD3114B1A68D2B14FF46F
S21400DA307A74A0FB040304FB0131531E13420DD17C
S21400DA40B2FA82F2C2F11F04531CD243E04001FA3C
S21400DA5003F3184321FA02F2104310BD002315F019
S21400DA601DFEFAE7FEE700BFEFA7C64B3789410069
S21400DA708C0D002007B50A4600B9FEE7037F03B108
S21400DA80FEE7074B01900093416801234FF0FF30FB
S21400DA9016F0AFFA00B1FEE703B05DF804FB00BF76
S21400DAA07B5D02004FF0FF3016F08FBC00B9FEE73A
S21400DAB041684FF0FF3016F0ACBA38B5124C94F807
S21400DAC07433E3B1E9B115681049284616F004FA34
S21400DAD0014668B9D4F87C0316F017FD10B9002487
S21400DAE0204638BD0124214609480AF02DF8F7E7FC
S21400DAF02846084916F0F0F918B90121EAE70D247E
S21400DB00F1E70724EFE700BF900D002082840200B3
S21400DB10918402008984020010B50F4B93F8743389
S21400DB2093B1B9B114680D49204616F0D5F920B95D
S21400DB300AF056FF0024204610BD2046084916F07D
S21400DB40CBF938B90120F3E70D242146054809F042
S21400DB50FBFFF0E70724F8E7900D00208284020020
S21400DB60898402009184020037B5094D04460DF100
S21400DB700601D5F87C0316F000FB38B903462246AA
S21400DB809DF80610D5F87C0316F051FA03B030BDA8
S21400DB90900D0020002330B585B0CDE90133039306
S21400DBA0FF230D4D8DF80430D5F87C0316F041FAAE
S21400DBB0044670B90DF10201D5F87C0316F0DDFAC3
S21400DBC09DF80210D5F87C0301AA16F037FA00B1CA
S21400DBD0FEE7204605B030BD900D002008B5054B89
S21400DBE0D3F87C0316F0FEF900F00300C31E58427B
S21400DBF0584108BD900D00200139013811F8012F59
S21400DC0010F8013F3AB9002B14BF01200220831EF2
S21400DC105842584170479A42F0D00020F7E710B5B6
S21400DC20A1B114680A492046FFF7E6FF30B100208C
S21400DC30FFF79AFF003818BF012010BD204605499F
S21400DC40FFF7DAFF10B1FFF7A5FFF3E70720F4E7C9
S21400DC50A6840200AC84020010B5A1B114680B497A
S21400DC602046FFF7C9FF30B10120FFF77DFF0038DF
S21400DC7018BF012010BD20460549FFF7BDFF10B1B3
S21400DC80FFF788FFF3E70720F4E700BFA68402004B
S21400DC90AC84020038B5056804463DB128460AF053
S21400DCA0B5FE284617F078FD0023236038BD37B54B
S21400DCB0036804469A6C82B31948DB69A0F50B72B8
S21400DCC09B1A1E22DB10B3FBF2F3DBB240220021CC
S21400DCD000EB831015F004FF04F19005B4F89830BB
S21400DCE0B4F896209B1A9BB2012B01D8002012E0B4
S21400DCF028460DF10601FFF790FD58B923689A6C87
S21400DD005AB1BDF80610D869FFF7F0FB0028E5D039
S21400DD10032000E0062003B030BD0D20FBE700BF67
S21400DD2004100020012973B50D4603D0072630469F
S21400DD3002B070BD10680028F8D003782D2B21D1D2
S21400DD4001306946FFF705FD06460028EED1009C27
S21400DD5005F10042013AA242019A4FEA400393417C
S21400DD60E4D305B1644204F18003FF2BDED80A4DEC
S21400DD7004EB84014900D5F87C0309B20EF0DCFC04
S21400DD8030B1FEE72B2B4FF0000508BF0130D8E777
S21400DD9085F88043CBE700BF900D002008B5054B03
S21400DDA000EB80004100D3F87C030EF0C5FC00B108
S21400DDB0FEE708BD900D0020012B08B50DD0022B04
S21400DDC015D0D3B98A4237BF4368511A5B1A016827
S21400DDD03CBF521AD11888B208BD8A4289BF436830
S21400DDE0891A9B1A026884BF891AC918F3E7C721E3
S21400DDF0034B044A04480DF07DFB0021EBE700BF0F
S21400DE00B1840200B78402001185020010B5074BEA
S21400DE10D3F8784304F58D500830FDF70DFB00B1BC
S21400DE20FEE704F5805484F8A60110BD900D00208E
S21400DE30084B03F56172D2E8AF2FD20707D493F8E8
S21400DE40842322B9C3F88823012283F88423024856
S21400DE50704700BF900D00201811002008B513462B
S21400DE608288232A05D90A460068012107F041FE68
S21400DE7000B1FEE708BD0EB4034617B505A951F874
S21400DE80040B5C6901910CB19A69A04703B0BDE828
S21400DE90104003B0704770B5012905461446C2B05D
S21400DEA005D112681649FFF7E6FF00200EE00229AA
S21400DEB00BD114491068FFF79FFE30B101AE314612
S21400DEC06068FFF797FC034610B1072042B070BDAC
S21400DED031680A24FF2928BFFF2102A88B4206D1F9
S21400DEE0002202A9CA5428460A460549DBE7B3FBC6
S21400DEF0F4F204FB1232303200F8012B0133EDE766
S21400DF007A8702008885020013B50C4629B90E49A7
S21400DF10FFF7B1FF204602B010BD012904D16946C3
S21400DF201068FFF716FC08B10724F3E7009B019A78
S21400DF30B3F5807F72F10002F6D20B3BDBB20F2BFB
S21400DF40F2D80C24E6E700BF8B85020070B586B0D9
S21400DF5011B90C2006B070BD14681D492046FFF7A5
S21400DF604BFE0028F5D120461A49FFF745FE00284B
S21400DF70EFD11023ADF8143044B3204615F0BEFFA1
S21400DF80431C212B4FEA530520D801AE00F00100B8
S21400DF903544AE42DDD0B8B920780DF10301FFF765
S21400DFA006FB98B99DF8032001341201D2B22078FE
S21400DFB00DF10301FFF7FBFA40B99DF80330013479
S21400DFC01A4306F8012BE4E70022F0E70720C1E732
S21400DFD082840200898402000368006E93F844106D
S21400DFE00AF080BC044B006E93F88C13490001F0D5
S21400DFF0FE010AF077BC00BF900D00203221006EB3
S21400E0000AF070BCAF21006E0AF06CBCF8B505468D
S21400E0100E460024012707FA04F3334204D10134E4
S21400E020202CF8D10020F8BD286EE1B20AF05AFC88
S21400E0300028F4D0F7E7D0F8B010E7E70049E5E7A6
S21400E04000F8FF070049E1E700F8FF070368996C4E
S21400E05041B190F87139034493F97619013118BF2C
S21400E06001214900006E0AF03DBC0346002110B4B1
S21400E07000F1100253F8044F0CB10131C9B29342BB
S21400E080F8D1006E5DF8044B0AF02CBC0021006E3F
S21400E0900AF028BC0421006E0AF024BC90F8E010B8
S21400E0A0006E0AF01FBC9C21006E0AF01BBC022109
S21400E0B0006E0AF017BC232070477F2973B51DD960
S21400E0C0B1F5804F1CD3B1F5001F1BD3B1F1805FB3
S21400E0D034BF0422052200246D46561EB442CBB23D
S21400E0E012D102F10801694403F07F0301F8093CEC
S21400E0F0006869460AF024FB02B070BD0122EAE718
S21400E1000222E8E70322E6E763F07F0305F8013B17
S21400E110C9090134E2E72DE9F0470568044695F899
S21400E1201C900E46B9F1020F25D0AB6AD0F82C80B1
S21400E130984523D14B464146EA6A2846FFF73CFEFF
S21400E140D4F828A007464B46524641462846FFF7D5
S21400E15033FE874212D9C5F82CA094F8253000214A
S21400E160204684F82430FFF7A8FF28B93146204619
S21400E170BDE8F047A1E70D20BDE8F0870720FBE7E4
S21400E18002216030C7E7D0F8AC10603095E710B5D4
S21400E19000F1600404212046FFF78FFF20B92046D7
S21400E1A0BDE81040032188E710BD0321603084E7F6
S21400E1B00021603081E710B500F16004052120469B
S21400E1C0FFF77BFF40BB0C212046FFF776FF18BB0E
S21400E1D018212046FFF771FFF0B922212046FFF7ED
S21400E1E06CFFC8B940F201212046FFF766FF98B9D8
S21400E1F040212046FFF761FF70B941212046FFF716
S21400E2005CFF48B942212046FFF757FF20B9204659
S21400E210BDE81040432150E710BD0B2160304CE7AD
S21400E2200421603049E750F8603BB3F8581041F0DD
S21400E230340142E730B5164A87B002AC516805464D
S21400E2401068224604AB03C3124B134913F80109A6
S21400E2508B4202F8010BF9D10822204604A916F0D9
S21400E260E8FD60B90D4B9A6CDB6CCDE900236A467D
S21400E270234613F8011D9A4204F8011BF9D108221F
S21400E280286E0DEB02010AF05BFA07B030BD00BF46
S21400E290128602000900E00F0100E00F0080E00F88
S21400E2A001680822006E62310AF04ABA0368006EFE
S21400E2B0996C003918BF01210AF016BB90F8713925
S21400E2C0034493F86A19006E0AF00EBB0021006E34
S21400E2D00AF00ABB90F87139034493F87A19006E75
S21400E2E00AF002BB2DE9F0431E4BC3B0B3F88E23F1
S21400E2F00123120A934040F2A17213420FD04FF04E
S21400E300000902AF4FF480720021384615F0E8FB92
S21400E3104D46154C154EDFF8608023781BB900205B
S21400E32043B0BDE8F083124B05F00302032A18BF82
S21400E3304346019356F8043B4FF4807100930D4A10
S21400E340234607EB09000DF087FD14F8013B002B70
S21400E350FBD16A1CD5B212F003021CBF4844C2B2FD
S21400E3609146DAE7900D0020D4620200803D00203E
S21400E370118602001E8602001B86020000232DE97D
S21400E380F047994C8EB00B6094F8F020054688460E
S21400E390002A00F0D18000F14042052A31D8282317
S21400E3A003FB0244237E022B03D16369984200F0EC
S21400E3B00E8141460020FCF76CF80446002840F029
S21400E3C00E810127D8F8003000215D61D8F80030B2
S21400E3D005465F60D8F800900AAAD9F8146030465F
S21400E3E008F022FB0446E8B9DDF828A03846514676
S21400E3F008F00CF8074648BB264625466FF08C0406
S21400E40011E0002840F39B802246117E022903D1AA
S21400E41051698D4200F0D8800133062B02F12802A4
S21400E420F3D1C6E72E4630462946F9F749FBD8F819
S21400E4300000002C6ED0FBF799FB14F18C0F08BF80
S21400E4406FF087040023C8F80030C8E0304600218B
S21400E45008AA08F0E9FA0446002839D1BAF1000FF4
S21400E46008D0B7F1005F2ED3CAF1005303F580330E
S21400E4709F4228D80025102200210AA815F030FB5C
S21400E48007AB029305AB019306AB00932A463046D2
S21400E49029460AABCDE9055508F084F90446A8B923
S21400E4A0059C5646A24528BF26463A46069B07992F
S21400E4B04E48009605F080FE0546002845D06FF0D1
S21400E4C09104B24504D000252E461AE02E46F8E701
S21400E4D000252E4651463846F9F7F2FA002CA2D10E
S21400E4E029464846FBF7FCFA044600289BD12A46F4
S21400E4F03146D9F8200015F057FC94E72E464AE03E
S21400E50026466FF09804E5E76FF08C04E2E76FF0BC
S21400E5109104DFE70830F8F780FED8F800301A7E5E
S21400E520012A04BF02221A76D8F80000FBF7A4FFDF
S21400E5300446002852D085E76FF088044FE06FF05D
S21400E54087044CE06FF0960449E0A245BBD8BAF1C8
S21400E550230FB9D908223846254916F06AFC044626
S21400E5600028B1D1BB68002BCAD13D6AAAF12403AA
S21400E5709D42C5D8B5F5005FC2D2002DBED0294653
S21400E580012007F043FF06460028BDD02A4607F1C3
S21400E590240115F009FCFB68C9F804303B8AA9F889
S21400E5A000307B8AA9F802307B69C9F80830BB695D
S21400E5B0C9F80C30FB69C9F81030002EA7D0002D22
S21400E5C008BF6FF0910485E7282202FB034420462B
S21400E5D0FBF752FF0028B5D1C8F8004000242046BB
S21400E5E00EB0BDE8F08700BFC00B0020D80A0020A0
S21400E5F0A0630200034668B1017E8A1E012A0BD87A
S21400E6000329C26903D1012A01D1FBF7AFBA1AB1B7
S21400E610013ADA61002070476FF09600704707B540
S21400E62000216A4608F000FA8C3018BF012003B0BB
S21400E6305DF804FB13B500216A46044608F0F4F9B9
S21400E6408C3002D1002002B010BD0021204608F018
S21400E6500EFA014610B16FF09800F4E76A462046BD
S21400E66008F0E2F98C30EDD0F5E72DE9F04F0546DD
S21400E6701646884687B0002900F0A080002A00F0E1
S21400E6809D80B2F5005F80F09C8002F12407394639
S21400E690012007F0BBFE0446002800F095804FF0EE
S21400E6A0000A4B4AC0F808A0D2F8E430414603609E
S21400E6B0D2F8E830243040F8203C6B68324640F808
S21400E6C0183C2B8820F8143C6B8820F8123CAB686A
S21400E6D040F8103CEB6840F80C3C2B6940F8046CA2
S21400E6E040F8083C15F060FBD5F814804046FFF76C
S21400E6F096FF01285FD040F26C739F423DD806F12A
S21400E700340949460120CDF810A007F07FFE0546E3
S21400E71098B349460DF1100B06F000FF2B46012278
S21400E72040465146CDE901ABCDF800A008F03AF8D6
S21400E7300646D0B9274B3A462146C5E902802B60EB
S21400E740686005F1100015F02FFBDDF810A04B46B1
S21400E7502A465146204806F099FAC0B9504607F0B6
S21400E76029FA013008BF6FF086062846494606F0AB
S21400E770D5FE284617F010F866B16FF098053946B2
S21400E7802046F9F79DF9284607B0BDE8F08F6FF0F0
S21400E7909106EAE75A464046314608F045F90546EE
S21400E7A020B9049B9F42EAD06FF0980540460021AE
S21400E7B008F05DF9E3E76FF08A05E0E76FF086059D
S21400E7C0E1E76FF08D05DEE76FF08C05DBE700BF55
S21400E7D0BC620200105D175ED80A0020094B091AB9
S21400E7E0891030B559430246002324258B4205FB89
S21400E7F0032004D0046A04B130BD0133F6E70020DC
S21400E800FAE700BF398EE33870B50D460668EFF3B9
S21400E8101182302181F311880021046A016282F39B
S21400E8201188BFF36F8F002C00DC70BD3046013CB2
S21400E830A847F8E7022016F033BB08B50C4AD2F812
S21400E84098335BB9D2F89C336BB9FFF7F3FF40B946
S21400E850BDE808404FF4F85016F022BB1B68012BA9
S21400E860F0D1012008BD1B68012BEED1F9E700BFEF
S21400E870900D00202DE9F3410F4C8446D4E9E8655D
S21400E88086EA020885EA030708EA00080F4058EA05
S21400E89007000DD0D4F87C0350B1CDE9002386EAFA
S21400E8A0080662460B467D4015F048FCC4E9E8655C
S21400E8B002B0BDE8F08100BF900D002038B5104BC7
S21400E8C00D4603F14802841A1E22E410B4FBF2F44B
S21400E8D0E4B203EB4402A2F87012D3F87C0322469B
S21400E8E015F001FE00B1FEE74FF6FF739D4206D01D
S21400E8F00123044A01341178A3400B43137038BD3A
S21400E900900D00207C3F002073B505460DF10601F2
S21400E9109030FEF782FF044670B92D68AB6C6BB181
S21400E920BDF806606B6D3146D869FFF7C7FFA5F8DE
S21400E9304660204602B070BD0624FAE70D24F8E7CC
S21400E94008B5084B03F14802821A1E20D210B2FB0B
S21400E950F0F2D3F87C03D2B215F0CBFD00B1FEE79F
S21400E96008BD00BF900D002037B505460DF1060125
S21400E9709030FEF752FF044668B92B689A6C62B175
S21400E980BDF80610A3F85E105B6DD869FFF7D8FFD8
S21400E990204603B030BD0624FAE70D24F8E7074A00
S21400E9A0B2F8B033FF2B07D092F8AE03FF2803D09F
S21400E9B0C01A18BF0120704700207047900D002035
S21400E9C0FF2330B585B08DF8043000230546CDE929
S21400E9D00233FFF7E4FF1B4C0246D0B1B4F8AE3367
S21400E9E0AB4204D0B4F8B033AB4200D0FEE716F02A
S21400E9F08DFA1549D4F87C0315F0D4FD00B1FEE776
S21400EA004FF48062D4F87C03114615F0EAFB40B15F
S21400EA10FEE74FF48061D4F87C0315F0E2FB00B10A
S21400EA20FEE7D4F87C03294601AA15F007FB044646
S21400EA3030B901460B2017F0AFF9204605B030BDBF
S21400EA400120FBE7900D002038110020F0B589B0BA
S21400EA50FFF7F0FE00B9FEE73D4CD4F8941301B979
S21400EA60FEE7102016F01CFA8B8800268DF80B3077
S21400EA7001230DF10B011A46D4F87C0315F06BFC4C
S21400EA809DF80B20D4F89413023A002392B209683A
S21400EA90D4F87C0315F05FFC2E4B05960693D4F84D
S21400EAA09433079693F82C2020208DF814201B68AA
S21400EAB005AF1D78C5F3401516F0F2F950B109F010
S21400EAC09DFF3146202016F0D3F931464FF4004022
S21400EAD016F0CEF9D4F89463D4F87C437369C3B9BE
S21400EAE0102016F0DDF9B17968B11B4B327E204656
S21400EAF09A711A7C0433DA702A46009715F093FA56
S21400EB0000BB09B0F0BD3B462A46204615F089FA00
S21400EB10F6E70022962104923269204613440E4AF4
S21400EB20A3F59B7311831432B17903930092019776
S21400EB302A4603AB15F079FA20B90121402016F0D9
S21400EB4097F9DEE74FF4805017F066F8D9E700BF74
S21400EB50900D002020A107007C3F002010B5084A39
S21400EB6092F8B41351B90124102882F8B44300D0A7
S21400EB70FEE716F07DF9BDE8104067E710BD00BF60
S21400EB80900D0020034670B558B30268022A28D1BB
S21400EB904279817995001348B1B1012A19D85242B9
S21400EBA0A0F5547402F0F002144428441E79FFF7CE
S21400EBB071F894F8E43076B29BB1206A3146BDE82D
S21400EBC070405430FEF7B5BD2844BDE87040FFF7EE
S21400EBD061B828441B79FFF75DF8002393F8E4300A
S21400EBE0FFDE70BD2811002038B51446002A39D043
S21400EBF0D168936801391C4D9942D5F87C034FF0D3
S21400EC00FF3118BF002115F01BFA10F5007F0CD15C
S21400EC1080232374A368E26801339A42A3600FD965
S21400EC202046BDE8384008F04DBF002894F9103063
S21400EC30B8BF033040F387008342B8BF2074E9E7CB
S21400EC4094F91030237102232360A37913B1204670
S21400EC50FFF798FFD5F87C030022BDE838408021F6
S21400EC6015F0BFBA38BD00BF900D002008B5074BA1
S21400EC70D3F87C0315F07FFA30B1054BB3FBF0F008
S21400EC8083B20BB1184608BD0120FCE7900D0020AA
S21400EC9040420F00F8B506462C4D33680C46D5F8B2
S21400ECA07C031BB3972115F01AFC024600B1FEE761
S21400ECB03168D5F87C030DF077FB00B1FEE73168CC
S21400ECC0D5F87C0315F040FA3179814200D0FEE792
S21400ECD0D5F87C030DF018FD00B1FEE70122D5F84B
S21400ECE07C03114615F02FFC20B1FEE708F074F8FF
S21400ECF000B1FEE70322D5F87C03114615F013FC9D
S21400ED007F2C20D0D5F87C0315F0B1FA042814D156
S21400ED1004EB84046400D5F87C730A21384615F0A9
S21400ED20A8FA40F6E441384615F0A5FA2146D5F88B
S21400ED307C030DF001FD30B1FEE7D5F87C030DF045
S21400ED4017FD0446E7E7C5F8B863F8BD900D002048
S21400ED5038B50446164D16F0D9F8237D95F8C0232D
S21400ED609A4223D895F8C1239A421FD3D5F8B833D0
S21400ED7005F56F70834202D07F21FFF78BFF80225C
S21400ED80D5F87C03114615F02CFA10B101200023AB
S21400ED900AE0207DFFF714FE0028F7D1204608F091
S21400EDA091FE0028F2D10123236038BD2120EEE732
S21400EDB0900D00202DE9F8430546FFF73BFD18B1FE
S21400EDC07F252846BDE8F8832B4E06F14803ED1A4A
S21400EDD01E23ED10B5FBF3F5EDB2012D00D9FEE7CD
S21400EDE006EB8503D3F89883AF00B8F1000F3DD14A
S21400EDF006EB45031820B3F8AE9307F011FB5FFA55
S21400EE0089F9A0F814904FF08009C0F80080457189
S21400EE1080F8049080F80680C0F808800446FFF763
S21400EE2025FFC0001028D6BF10230123B3FBF0F344
S21400EE3084F810902046E360FFF78AFF58B93744FD
S21400EE40C7F898432368012BFCD0257920466DB27D
S21400EE50FFF798FEB5E73E44D6F89833A34205D0B0
S21400EE60204609F0D3FD204616F096FC03483844A9
S21400EE70FEF710FFA4E700BF900D00202811002029
S21400EE8010B504460068FFF795FFC1B2206EBDE8D6
S21400EE90104009F027BD2DE9F047274E894606F1B8
S21400EEA04803C51A1E23ED10B5FBF3F5EDB2012D90
S21400EEB0904600D9FEE706EB8503D3F898A3AF008B
S21400EEC0BAF1000F36D1182007F0AAFAA0F814906D
S21400EED045714FF080090125C0F800A0857180F8C3
S21400EEE00490C0F808A00446FFF7C0FEC300B8EBC5
S21400EEF0C00F28BFB8FBF3F52046E56084F81090F5
S21400EF00FFF726FF054628B93744C7F89843284632
S21400EF10BDE8F0873E44D6F89833A34205D0204695
S21400EF2009F074FD204616F037FC04483844FEF716
S21400EF30B1FEECE70425F8E7900D0020281100202C
S21400EF4038B50F4B0C4693F8C023824215D893F879
S21400EF50C123824211D303F56F75D3F8B833AB42A1
S21400EF6004D10846FEF71AFF002038BD09F046FD1A
S21400EF7021462846FFF78EFEF6E70720F5E700BF96
S21400EF80900D002070B504460D46FFF753FC68BB95
S21400EF901E22184E06F14803E31ADB10B3FBF2F309
S21400EFA0DBB2012B00D9FEE706EB8302D2F89823EA
S21400EFB012B11268012A19D006EB4303A3F8AE5328
S21400EFC009F094FC01462846FFF7BAFF80B92846A8
S21400EFD0FFF7F6FC044638B90146202015F048FF36
S21400EFE086F8CE5386F8FE53204670BD0D24FBE708
S21400EFF00724F9E7900D00200068C3E710B5836882
S21400F00004465BB1406921791C30FFF7F5FF20B953
S21400F010A37E022B01D00223A37610BD0D20FCE7B1
S21400F020F0B5012985B003D00724204605B0F0BD11
S21400F03069461068FEF78DFB03460028F4D1009E53
S21400F040019AB6F5807F72F10002EDD2F0B2A0F11F
S21400F0500B020F2AE8D80093CDE90133FF23094FAE
S21400F0608DF8003097F98013FFF76AFF044600B169
S21400F070FEE76A46D7F87C03B1B214F0DFFF00283B
S21400F080D3D0FEE7900D002010B5EFF311823023A9
S21400F09083F31188084B03F14804001B1E24C0109C
S21400F0A0B0FBF4F0C0B203EB8013C3F82C1482F369
S21400F0B01188BFF36F8F10BD900D002008B5302368
S21400F0C083F311884FF000534FF20F0218805A80D6
S21400F0D0BFF35F8F04F014FC2DE9F0416C4A6D4BD2
S21400F0E055686D4C5D65516A99656C49D1F80002AA
S21400F0F0D865D1F80412586B1966916A10F0040F9F
S21400F1005966D16A4FF000009966116BD966516B4B
S21400F1101967D26BD8645A67D3E90E1218BF114626
S21400F1205F4A91421A655DD301F12000A04259D88A
S21400F1308869C5F308051864CE69062D5E6455D146
S21400F140584DA84252D3584DA8424FD205884DF686
S21400F150426085424AD11868C3F890005868C3F8E0
S21400F160940040F20170A242154604D22E68043282
S21400F170B6F1CD3FF7D00022C3E91E22C3E9202214
S21400F180C3E92222641BDFF81CC1434DDFF818E1F7
S21400F1909C648D422DD8D3E91EC7D3E92065D3E9F8
S21400F1A022414FF0000E013AD2B2FF2A3CD1BEF106
S21400F1B0000F05D0C3E91EC7C3E92065C3E9224195
S21400F1C0B3F85430C3F308030C2B3BD8022B54D9A6
S21400F1D0DA1E092A51D8DFE802F031574043505072
S21400F1E05050504D0021C3E910112D494FF42060B6
S21400F1F0B9E755F8044D6445CBD37445C9D2E60744
S21400F200C7D50026294F57F8048FA045C1D0013630
S21400F210062EF8D132B1013AD2B202F11E0643F8F8
S21400F2202640B6E70522F8E7E0464FF0010EBC465A
S21400F23037462E4625460C464146B4E740F60120A2
S21400F240BDE8F0813B2B18D1194B9B6913F0020FD8
S21400F25040F2025318BF1846F2E740F60320EFE7E5
S21400F26040F6042240F20173B0F5206F0CBF104642
S21400F2701846E5E740F60520E2E740F60722013BA0
S21400F2804B2B98BF1046DBE740F60220D8E700BFBE
S21400F29000ED00E0803D0020C80A002000E100E00C
S21400F2A008000020A0410000C05F0200F43D0020DE
S21400F2B00080015A1022002114F012BC70B5144DC3
S21400F2C005F59563D3E8AF4F14F0010416D195F811
S21400F2D0A8349BB9C5F8AC4405F5966630191034C9
S21400F2E0FFF7E8FFA02CF9D10B220A4B013A19468A
S21400F2F003F1100304D1012385F8A834064870BD35
S21400F300D5F8AC0443F8100CC5F8AC14EEE700BF13
S21400F310900D0020401200203C12002008B5FFF798
S21400F32089FA014620B9202015F0A2FD15F0EEFD61
S21400F330002008BD094AB2F8503503B9FEE748F286
S21400F3404E30D2F85435A3FB003010EB530044BFC8
S21400F35020F000400130C2F854057047900D0020A0
S21400F360836853B903685A6812B95860806070475A
S21400F370926882605A68906058607047002337B57C
S21400F38000F58D54083405460C221946204608F030
S21400F390D3FF2E2834D0042809D11A4BD3F878038B
S21400F3A000F58E500C3003B0BDE83040D8E700B111
S21400F3B0FEE7204601A9F7F773FD58B9019B124AEC
S21400F3C020469A65F7F75FFD204601A9F7F768FD26
S21400F3D008B1FEE7FEE7019B0C4A2046DA65F7F720
S21400F3E052FD204601A9F7F75BFD00B1FEE7019B41
S21400F3F0074A20465A67F7F746FD064BC5E9083523
S21400F40003B030BD900D002059050100ADD50000B9
S21400F41025F4000035F40000014BD3F87803ADE77F
S21400F420900D0020024BD3F8780300F58E5097E736
S21400F430900D002000F5805393F8A62132B193F882
S21400F440A7311BB900F58D50143089E770472DE9B8
S21400F450F041936805460C461646984732460746DE
S21400F46021462846FEF7D1F86868002203466BB1AD
S21400F470A168D3F808E0A1EB070CAEEB070898EA02
S21400F4800C0F14D4A1EB0E01002908DA52B9E06083
S21400F4906C6031462846BDE8F041FEF79CB81A4637
S21400F4A0DB68E4E7D368E360D460BDE8F081BCF1D4
S21400F4B0000FEAE701688A6A8B6B086B934208BF05
S21400F4C0CA6A03F1804304BF0132CA628B63024AF0
S21400F4D030310830BBE700BFBC62020000F4405287
S21400F4E0B2F5005F034622D148F2400220F44E50A7
S21400F4F020F03F0090421ED010D8B0F5446F1AD0CE
S21400F50007D8B0F5046F18BF002814BF01200020EC
S21400F5107047B0F5004018BF012070474CF64042D7
S21400F52003F44C43B3F5404F18BF9042EDE700F4A8
S21400F5304063181EEFE70020704700F44053B3F511
S21400F540005F04D100F44C43B3F54C4F08D0B0F53F
S21400F550804F05D3C0F3801080F00100C0B2704722
S21400F5600020704710B58388032B12D9006809F075
S21400F5705BFA80F480720446C2F30021FFF7AEFF08
S21400F58048B98A1CC4F38123022B06D0032B16D05D
S21400F5902BB1FF2012E00A1DF4E70232D2B2204659
S21400F5A0FFF7CBFFC4F3813402EB4002022CD0B24B
S21400F5B007D0032C08D0002C18BFFF2010BD08323F
S21400F5C0ECE70230C0B2F9E70830FBE710B58388F5
S21400F5D00446022B07D9006809F0AAFA18B120469B
S21400F5E0BDE81040BEE7FF2010BD38B505460C4606
S21400F5F0FFF7ECFFFF2817BF2B6806201B5C0020D8
S21400F6001CBF03F00703237038BD38B505460C460B
S21400F610FFF7DCFFFF281FBF431C2A68DBB2D35866
S21400F6201ABF00202360062038BD70B506460D467A
S21400F630FFF7CCFFFF28044609D03268105CFEF7BF
S21400F64048F822440244002053792B7070BD0620EF
S21400F650FCE710B50446FFF7B9FFFF2806D023687D
S21400F660185CFEF742F80230C0B210BD0220FCE77C
S21400F67070B50546FFF776FFFF28044611D02E68C2
S21400F680304609F055FA60B1A9888C420BDA305D35
S21400F690FEF740F8FF2808D00444E4B2A142B8BF01
S21400F6A0FF24204670BDFF24FBE70446F9E7F8B5C3
S21400F6B00746FFF7DDFFFF28044633D03D6828469F
S21400F6C009F0B2F9830506461CD53846FFF7C1FF98
S21400F6D0B988A21C93B210FA82F28A4205EB04079C
S21400F6E020DC2A5D02F07F0213449CB210FA83F3FA
S21400F6F0994217DB3A8802F4FF42B2F57E5F01D0EA
S21400F7009942E6DC2B7803F00703032B06D106F4B8
S21400F7104056B6F5005F1CBF0134A4B2FE2C01D8DB
S21400F7202819F8BD0020FCE72DE9F047794F05467B
S21400F73097F874930E46144686B0B9F1000F36D18A
S21400F7400846FFF7B4FF804688B390F800A00AF09A
S21400F7503C030C2B0ABFCAF340094B4689F0010351
S21400F760B6F80490B9F1090F21D903B3306809F04F
S21400F7705BF910F4405F1AD10AF0C30ABAF1010F20
S21400F78021D198F80130E32B15D184B197F858357C
S21400F790022B0CD1D6E9020445F2082103230A18ED
S21400F7A05D4987F8583544F10003C1E9002300207D
S21400F7B006B0BDE8F08784F00104F32B14BF0020E8
S21400F7C004F00100F4E7BAF1800FF0D1B9F10D0FA3
S21400F7D0EDD998F8013003F0F8025CB9802AE6D13A
S21400F7E013F007033CD198F80630F02B04D184F0D0
S21400F7F00100DDE7402AF2E7E02B08D003F11C0207
S21400F800D2B20B2A03D95033DBB20F2BCFD8002C41
S21400F810CDD097F85835022BC9D11E223F4C08F19F
S21400F82002002B1BDB10B3FBF2F33022DBB202FB31
S21400F8300373D3F868150422093115F0FAFA002884
S21400F840B5D1D6E9020545F2082103230A1887F840
S21400F850583504F5A36445F10003C4E90023A6E780
S21400F860022BA4D198F80330F02BC0D0E02B08D0A0
S21400F87003F11C02D2B20B2A03D95033DBB20F2B92
S21400F88095D8002C93D097F85835022B8FD11E238D
S21400F890224CE9462C1BE410B4FBF3F400238DF84D
S21400F8A014303023E4B203FB047303AD2946D3F8C7
S21400F8B0680509F0C4F840B99DF81430012B1AD039
S21400F8C0022B1FD00BB98DF808302946304609F0B8
S21400F8D010F908222946484615F0ABFA00287FF4AE
S21400F8E066AF302303FB0474D4F8683598F802201A
S21400F8F0DB7B9A424DE78DF80830BDF80C30ADF84A
S21400F9000030E2E795E803008DF80830CDE9000105
S21400F910DBE700BF900D0020F0120020D80D00207D
S21400F9201E2238B5114C054604F14803C31ADB10F5
S21400F930B3FBF2F3DBB204EB831393F82824D3F87B
S21400F940303484F8DC2304F572710122C4F8D8330D
S21400F950FFF7EAFE95F8E4303BB1286A94F8C8153C
S21400F9605430BDE8384008F0C7B838BD900D0020C8
S21400F97010B50446FFF79BFE2368C01AC0B210BD40
S21400F98070B505468688FFF7F3FF04462846FFF75E
S21400F99060FE0444301B80B270BD38B505460C4688
S21400F9A0FFF714FEFF2817BF2B6806201B5C0020FD
S21400F9B01CBF03F01803237038BD38B505460C4647
S21400F9C0FFF704FEFF2800D1FEE72A68431CD9B2E1
S21400F9D0545452FA83F3220A5A70220C240E9A7058
S21400F9E0DC702B7F43F001032B7738BD70B50646DD
S21400F9F00D46FFF7EBFDFF28044600D1FEE7326810
S21400FA00105CFDF766FE22440244557170BD2DE978
S21400FA10F04FD0F8009004469BB048460E4609F0DA
S21400FA2087F8002800F0CB8107AD29462046FFF76F
S21400FA30B4FF0746002840F0C2819DF81CA0BAF12A
S21400FA40080F40F0BC81237FDA0600F1B881DFF8AA
S21400FA507C8399F8009008F14803F61A1E2309F0F3
S21400FA600709F610B9F1020FB6FBF3F61CD12946CA
S21400FA708DF81C002046FFF7D8FD9DF81C100029C5
S21400FA8000F0AE81F6B208EB861393F829345A1EBE
S21400FA9091420FD08B420CD00133994200F018816E
S21400FAA050461BB0BDE8F08FF6B208EB861393F80D
S21400FAB029140127C34B07EB860003EB00130C3316
S21400FAC0A360237FDB0720D4EFF31180302383F37A
S21400FAD0118808EB8613D3F82C747A1CC3F82C24F0
S21400FAE02268127802F00702022A04BF83F828145C
S21400FAF0C3F8307480F31188BFF36F8F2046FFF78A
S21400FB0075FF39462046FFF758FF0023206802930A
S21400FB1009F00EF8002800F0528120460DF107018A
S21400FB20FFF763FD002840F04A81204602A9FFF750
S21400FB306CFD8146002840F04281A349029B01EB00
S21400FB40C60C51F83600DCF804101ABA9DF8077097
S21400FB5003AB03C3204605928DF81870FFF779FDB6
S21400FB60A0F10208A3685FFA88F8B8F1030F1393B0
S21400FB7040F2B0802046FFF703FF4E46824603461B
S21400FB80721C002B40F0A780F6B2022E38BF022669
S21400FB902046022EC6F10F0718BFFFB2FFF7E8FE99
S21400FBA0021E18BF0122013E4FEA6803F6B2013B6F
S21400FBB046EAC30343EA821303A93A4683460DF195
S21400FBC01D008DF81C3014F0EFF852460F230BA9D9
S21400FBD09F42C0F083802A462946139816F072F892
S21400FBE0BBF1000F07D04FF002099DF81D308BEADD
S21400FBF003038DF81D303A4603A90DF12D008DF84C
S21400FC002C6014F0D1F807F111000021C7F10F02A3
S21400FC10284413F065FF0023CDE9153A1793102307
S21400FC2020468DF86470CDF850B0ADF86090ADF811
S21400FC3062308DF86580FFF79BFE8345064653D3FA
S21400FC40276800EB0708B8454FD1159B1E44149B48
S21400FC5015969E420AD1BDF8603023B12A46294641
S21400FC60139816F02FF80023ADF860302046FFF703
S21400FC7087FE179B169A0344934206464CD82046A6
S21400FC80FFF715FD4FF00009074606EB0008B845DC
S21400FC9043D1179B1E44169B17969E4213D3BDF85E
S21400FCA0603023B12A462946139816F00BF89DF8C3
S21400FCB064200E2A07D802F111000021C2F10F02BB
S21400FCC0284413F00DFFDDE916329A4262D0FEE7B3
S21400FCD04F46EFE6FEE716461B0A51E7013B01F8E2
S21400FCE0012DDBB2120A73E7FEE7BDF86030102B79
S21400FCF005D12A462946139815F0E4FF00235A1C1E
S21400FD006833ADF860206B4417F8012B13F84C1CD1
S21400FD104A4003F84C2C96E7FEE7BDF86230102BFD
S21400FD2013D10F219DF864000FAA814205DD12F859
S21400FD30013D0133DBB2137053B313980FAA0BA91E
S21400FD4015F0C0FF0023ADF862905A1C683397F890
S21400FD5000A06B44ADF8622013F82C3C8AEA03033B
S21400FD6007F8013BBDF86030102B05D12A4629461E
S21400FD70139815F0A7FF00235A1C6833ADF86020CF
S21400FD806B4413F84C2C8AEA020A03F84CAC7EE764
S21400FD900139CAE72046FFF75CFCA7880FAA3F1A7E
S21400FDA00BA91398266815F08DFF0023F0199DF80F
S21400FDB0652093420CDB237F43F0100323774FF03C
S21400FDC0000A6DE6B811002059130020900D00209F
S21400FDD015F8012B0133E97F4A4000F8012BE6E7CE
S21400FDE04FF0010A5CE62DE9F04F0027A7B0044665
S21400FDF02A220D460DF126003946039713F070FEB1
S21400FE0024220AAE394630460896ADF8242013F070
S21400FE1067FE206808F08CFE002800F05A81204615
S21400FE200DF10B01FFF7E1FB002840F05281204660
S21400FE3003A9FFF7EAFB8246002840F04A81039BAD
S21400FE40286869689DF80B701ABA04AB03C306925B
S21400FE5030468022A1688DF81C7005F030FE0746FB
S21400FE60002840F0BD802046FFF7F3FBA0F1020912
S21400FE705FFA89F9B9F1030F40F2B3802046FFF725
S21400FE807FFD3B46834606465A1C002E40F0AA805D
S21400FE90DBB2022B38BF02232046C3F10F05022B2C
S21400FEA018BFEDB20193FFF763FD019B04A9013B68
S21400FEB0DBB20193019A4FEA6903013B42EAC303AE
S21400FEC0021E18BF0122804643EA82130DF151003C
S21400FED02A468DF8503013F067FF5A460F2318A9AC
S21400FEE09D42C0F0828014AA114608A8FDF7B6FF0E
S21400FEF0B8F1000F07D04FF0020A9DF8513088EA9B
S21400FF0003038DF85130019B2A4604A90DF16100C8
S21400FF108DF8603013F048FF08AB05F14100C5F1DD
S21400FF200F020021184413F0DBFD0023CDE9213B2E
S21400FF302393102320468DF89450CDF88080ADF89A
S21400FF4090A0ADF892308DF89590FFF711FD8045A2
S21400FF50054650D3D4F8008000EB0809C1454BD1C4
S21400FF60219B1D44209B21959D420AD1BDF89030CF
S21400FF7023B114AA114608A8FDF770FF0023ADF8B8
S21400FF8090302046FFF7FCFC239B229A03449342C2
S21400FF90054648D82046FFF78AFB4FF00008814602
S21400FFA0B54241D8239B1D44229B23959D4212D3E4
S21400FFB0BDF8903008AD23B114AA11462846FDF7C7
S21400FFC04DFF9DF89420002102F141002844C2F123
S21400FFD00F0213F085FDDDE922329A4263D0FEE778
S21400FFE0FEE7FEE71346360A4EE7013B01F8012D11
S21400FFF0DBB2120A74E7FEE7BDF89030102B05D18D
S21401000014AA114608A8FDF729FF00235A1C9833A5
S2140100106B44ADF8902018F8012B13F8481C4A40A1
S21401002003F8482C9AE7FEE7BDF89230102B12D160
S2140100300F219DF894001CAA814205DD12F8013DAE
S2140100400133DBB2137063B31CAA18A908A8FDF725
S21401005005FFADF89280BDF8923019F806A05A1C3B
S21401006098336B4413F8283CADF892208AEA0303D0
S21401007009F80630BDF89030102B05D114AA1146A8
S21401008008A8FDF7EBFE00235A1C98336B44ADF825
S214010090902013F8482C01368AEA020A03F848AC85
S2140100A07EE70139C8E72046FFF7D3FAA688256818
S2140100B0361A1CAA08A818A9FDF7D0FE0DF14F03A1
S2140100C0A8199DF8952097420DDB237F43F0100376
S2140100D02377BDF82430232B0ED9089805F0EAFCC7
S2140100E027B0BDE8F08F13F8012F013793F82010E1
S2140100F04A4000F8012BE4E7FEE701F1080313F894
S214010100012D8B4200F8012BF9D1704713B5044637
S2140101106846FFF7F2FF246869462046FDF718FA9D
S21401012080B20F282FD91E21184AA31ADB10B3FB61
S214010130F1F3DBB202EB831202F2AE21002211F8D8
S214010140220028B10132102AF9D1032002B010BDD5
S2140101500F4901EB43001B0103FA82F201EB820215
S214010160BDF80030BDF80210B0F870020B44BDF8BF
S21401017004100B44BDF806100B440344A2F8F432F5
S214010180012382F8F6320020E0E700BFD80D0020F8
S214010190900D0020002313B50822044601A99030D3
S2140101A00193FDF774FB40B92068836C43B1019954
S2140101B01C3002B0BDE81040A8E7062002B010BD12
S2140101C00D20FBE737B5036804469A6C7AB31948E5
S2140101D0DB69A0F52B729B1A1E22DB10B3FBF2F330
S2140101E0DBB24022002100EB831013F079FC04F10E
S2140101F09005B4F89830B4F896209B1A9BB2072B5A
S21401020001D8002011E00822284601A9FDF73FFB8E
S21401021050B92068836C53B101991C30FFF776FF03
S2140102200028E6D0032000E0062003B030BD0D20F4
S214010230FBE700BF8410002030B585B004460822D5
S21401024001A99030FDF723FB054620BB2468A36C6B
S2140102501BB3019902A8FFF750FFE46902A92046E3
S214010260FDF776F983B20F2B13D80D4B03F1480235
S214010270A41A1E22E410B4FBF2F4E4B200EB04105C
S21401028003EB800383F8F652A3F8F452284605B030
S21401029030BD0A25FAE70625F8E70D25F6E700BF83
S2140102A0900D002038B54FF6FE73002504464381B5
S2140102B08381C38AC58003F0FE0343F4FE4343F003
S2140102C00103C3820572C0F80E50C0F81250856152
S2140102D02C30FEF7EFFF04F13C00FEF7EBFF04F1D4
S2140102E04C00FEF7E7FFE565A4F8605004F16400F2
S2140102F0BDE83840FDF7CEB937B505466846FFF785
S214010300FCFE1E210D4B2A686C46D21AD210B2FB97
S214010310F1F20721D2B203F2815303EBC203605C10
S214010320013903F8010BFAD2054B2146D3F87C03B9
S21401033014F0E5F800B1FEE703B030BDD80D00209B
S214010340900D002037B50546082201A99030FDF72B
S2140103509EFA044680B92B689A6C7AB10199586D59
S2140103600A681C30C3F862204A68C3F86620FFF7A3
S214010370C3FF204603B030BD0624FAE70D24F8E794
S214010380036810B55A1E114603628B4211D84162AA
S2140103900221017700210163A1F58031C0E90A330A
S2140103A0C0E90D13934207D8C0E90F23C0E9113302
S2140103B010BD04892144E8E701890A44F2E7012BCC
S2140103C010B5044608460AD0022B0FD01BB9636845
S2140103D01044834200D910BD2289801AF9E72368A8
S2140103E0881A8342F7D922891044FAE79C21024BE6
S2140103F0024A03480BF07EF8B18402002D86020003
S214010400118502002DE9F04790F8242012B90D203D
S214010410BDE8F087013A0568D2B280F8242095F845
S2140104201C90B9F1020FF2D000EBC204AB6AA668C9
S2140104309E42ECD1D5F82CA031464B465246284672
S214010440FDF7BAFC6768804631464B463A46284671
S214010450FDF7B2FC80450646D9D94B465246394689
S2140104602846FDF7A9FC0128D1D90236464512DCFB
S214010470841EA4B23C702B7F012239462846FFF722
S2140104809EFF240A04700146012228462B7FFFF7AF
S21401049096FF0020BCE70720BAE7134610B50122F5
S2140104A00C78FFF78CFF03782402E01880B210BDA9
S2140104B02DE9F041044694F82470002F33D12468C6
S2140104C094F81C80B8F1020F38D0A56A4346294635
S2140104D02046E26AFDF770FC012806462CD929461B
S2140104E042462046FFF7D9FF023EC6F30D063043CB
S2140104F086B2C0F3072028702946434601222046CB
S214010500FFF75DFF0670E56AA562227F04EB8203B2
S214010510196A21631D62E56815B123462069A8475B
S2140105200223237705E02046FFF76CFF07460028E5
S214010530C1D03846BDE8F081E562E6E70D27F8E769
S214010540C26B436A9A4205D1836B006A1B1A5842F2
S214010550584170470020704710B50E4B4FF40062AB
S214010560D3F87843002104F6A61013F0B9FA002256
S21401057004F5805383F8A72104F11400FFF7E0FF88
S21401058030B904F58D501430BDE81040FEF7E8BED2
S21401059010BD00BF900D002090F8353033B9C36B05
S2140105A0426A9B1A18BF012380F8343070472DE940
S2140105B0F04F5C4B85B0D3F8784304F5805898F833
S2140105C0A63104F11407002B4DD098F8A731002B63
S2140105D049D13846FFF7B4FF0546002843D1012329
S2140105E088F8A7313846FFF7ABFF029068BB38465C
S2140105F0FFF7D2FF94F8483004EB8303DB6CC4E9C1
S214010600153308F007F94FF6FF73B4F84A609E42B7
S21401061016D13846FFF7C0FF94F848A04FF00B09F3
S21401062004EB8A03D3F84CB05B6B5946029E0393E6
S214010630039B994221D194F849300BB1A4F84A6042
S214010640AB1CF218B2F5006F38D3002604F58D50B6
S21401065033462A46009604F6A6110830F6F708FD3A
S21401066008B188F8A76198F8A631002B56D138460C
S21401067005B0BDE8F04F08F07EB852463846029104
S214010680FFF70BFF10F4004F029901D08B45D2D132
S214010690C0F30D025346164438460232FFF78FFE6A
S2140106A009F1FF3313F0FF090146B6B2C0D140F29B
S2140106B0AE311D4B1D4A1E480AF01CFF04F6A61952
S2140106C0310A09EB050209F80510994456709DB2E6
S2140106D009EB060BD9451BD094F84920032A17D0FD
S2140106E0B2B1012A11D1E16D94F84830384691F83B
S2140106F000A0FFF764FEA36DE065984202D138467C
S21401070008F088F809F801ABE4E74FF0000AF9E7CA
S21401071035443846ADB208F02EF863E705B0BDE8BB
S214010720F08F00BF900D0020808602009C8602009C
S21401073011850200416AD0E90E23994209D1017F51
S214010740012906D0531E026893420ED34362C36347
S2140107507047016A914207D1027F2AB1426801338C
S214010760934205D203628363704701890B44EBE72A
S21401077001895B1AF4E7037F022B06D0083350F891
S2140107802330C0E90A3302230377D3E7F8B5047FA1
S2140107900546022C0E4605D1E6210E4B0E4A0F48A1
S2140107A00AF0A8FE2346B4FA84F4C76A0122394641
S2140107B0FFF705FE6409083455F82430834203D058
S2140107C03E70E8620020F8BD2846FFF7D4FF0320FC
S2140107D0F9E700BFCD860200E98602001185020016
S2140107E070B5D0E90A239A4204461DD1037F002141
S2140107F0083350F82350AB1A5D425D41FFF7C6FF40
S214010800ED03014608B1032070BD2046FFF7BEFF89
S21401081006460028F7D1A16A2D0A237F0122204629
S2140108200D70FFF7CCFD06700020EDE738B5037FAD
S2140108300446022B0D4607D0FFF7D2FF30B92946F2
S2140108402046BDE83840A1E70D2038BD0320FCE76F
S21401085038B504460D460068C9B2FFF7E7FF20B970
S2140108602068290ABDE83840E0E738BD50F8603B0B
S214010870B3F84610ECE750F8603BB3F85E10E7E7D4
S214010880B0F8B4106030E3E738B504460D460068AA
S214010890C9B2FFF7CBFF80B92068C5F30721FFF780
S2140108A0C5FF50B92068C5F30741FFF7BFFF20B960
S2140108B02068290EBDE83840B8E738BD036893F8CC
S2140108C0441071B10A2906D84FF4FA62074B11FB9E
S2140108D002316030D8E7192905D841F28832044B35
S2140108E0F5E70449F5E70021F3E700BF40CB0D002B
S2140108F0B0DB2300CC3F0D0070B5D1B204460068D2
S21401090016461D46FFF792FF30BB2068C6F3072147
S214010910FFF78CFF00BB2068C6F30741FFF786FF91
S214010920D0B92068310EFFF781FFA8B92068E9B277
S214010930FFF77CFF80B92068C5F30721FFF776FF34
S21401094050B92068C5F30741FFF770FF20B920684A
S214010950290EBDE8704069E770BD00F51A6353E9DA
S21401096002236030C8E738B5044608460D4613F042
S214010970C5FA4FF6FF73984228BF1846294682B239
S214010980206807F0DDFE014618B92068BDE838404A
S2140109904CE738BD01496030E5E700BFA8630200B7
S2140109A070B590F824500446032D1DD80668337F91
S2140109B0022B19D03046FFF713FF0146B0B9F36A90
S2140109C004EBC5056B60B36AAB602068FFF72EFFCA
S2140109D048B901462068FFF729FF20B994F824306A
S2140109E0013384F8243070BD0D20FCE70320FAE7BC
S2140109F02DE9F843074616460C4600F16005002926
S214010A007BD0002A79D1B1F80480D1F8009028462D
S214010A104146FFF71DFF10B10120BDE8F8834246AD
S214010A204946386E07F08CFE0028F5D194F915106A
S214010A302868C9B207F056FF0028EDD18021286842
S214010A4007F050FF0028E7D1002C60D0E17D0901B6
S214010A5001F030012846FFF7FBFE0028DCD12846CE
S214010A60FFF79EFF01460028D6D104B1A179286878
S214010A7007F038FF01460028CED104B1A17D2868D1
S214010A8007F030FF0028C7D1002C42D0D4E902235A
S214010A902846FFF731FF0028BED12846FFF7B2FCF3
S214010AA00028B9D12846FFF77BFF0028B4D131468C
S214010AB02846FDF702FB0028AED12846FFF7A2FC28
S214010AC00028A9D12846FFF76BFF01460028A3D1CD
S214010AD004B1217D286807F005FF00289CD1DCB110
S214010AE021692846FFF7D0FE002895D12846FFF752
S214010AF089FC003818BF01208FE700212846FFF740
S214010B00A7FE002888D1002C90D1214690E72146E7
S214010B10A0E700220023BBE72146E2E72DE9F041EA
S214010B2011F00F0804460D4617461E46006829D0E8
S214010B30002384F82430FFF71EFE01230377436A5F
S214010B40C0E90A332946206807F0CCFE18BB3946AF
S214010B502046FDF7B2FAF0B925682B7F022B19D093
S214010B602846FFF73DFEC0B9EB6A3146A362AB6A81
S214010B702046E36294F8243084F82530BDE8F0413D
S214010B80FDF79BBA84F82480FFF7F5FD036A80F829
S214010B901C80D5E70D20BDE8F0810320FBE730B5CA
S214010BA00546D2F8A00914460B462A46C1B0A0B1A4
S214010BB0B4F8A4190BF086F900280CDDB4F8A439B2
S214010BC0D4F8A0299842A8BF184602441B1AC4F8B4
S214010BD0A029A4F8A43941B030BD4FF4807168460D
S214010BE00BF070F90028F6DB60344FF46F530622E1
S214010BF080212046FFF792FF0028ECD16946204667
S214010C00FFF7B1FE0028E6D12046FFF751FCE2E7E8
S214010C10F8B50F4B0C46D3F878731546FCF77EFEF5
S214010C20000160F07F0007F1600600F0F00171231B
S214010C3006223046FFF772FF48B92A462146384653
S214010C40FFF7D6FE18B93046BDE8F84030E4F8BDE7
S214010C50900D00202DE9F041204B0F46D3F8785334
S214010C60FCF75CFEFF2204462B1893F9768983F87D
S214010C70762905EB80035868240164F07F04403030
S214010C8005F16006E4B2FEF7B9F9392306222146DA
S214010C903046FFF743FFF8B9286E5FFA88F107F090
S214010CA021FEC8B9286EF9B207F01CFEA0B930467D
S214010CB0FFF7FEFB80B92146302306223046FFF7B8
S214010CC02DFF014640B9286E07F00CFE20B93046CC
S214010CD0BDE8F041FFF7ECBBBDE8F081900D0020C8
S214010CE010B5C38802895C1C944297BF026806202F
S214010CF0D35C0B709FBFC3880133C380002010BD37
S214010D0013B50C460DF10701FFF7EAFF48B99DF848
S214010D10073013B9207002B010BD012B01D123702A
S214010D20F9E70620F7E713B504460DF10701903001
S214010D30FFF7E6FF60B923689A6C5AB193F86A2008
S214010D409DF8071061F3000283F86A2002B010BD17
S214010D500620FBE70D20F9E7002373B505460DF1E4
S214010D60070190308DF80730FFF7CAFF0446A8B98F
S214010D7028689DF80760836C23B15EB14030FEF7AA
S214010D803DF9044695F871391D4485F86A6920468F
S214010D9002B070BD1C30FEF7C1FAF3E70624F6E791
S214010DA007B590300DF10701FFF7AAFF48B99DF886
S214010DB0073013B9044A82F82030012003B05DF8E9
S214010DC004FB0620FAE700BF7C3F002010B590F830
S214010DD07119044601F67A1101449030FFF790FF2D
S214010DE058B9226894F87139926C42B11C4494F84F
S214010DF07A29044B83F8D92510BD0620FCE70D207F
S214010E00FAE700BF900D0020002337B505460DF127
S214010E10070190308DF80730FFF772FF0446B0B92E
S214010E209DF807302D68ABB905F1B800FCF732FC28
S214010E30686D1C30FEF772FA012014F031F820B10B
S214010E4095F85A300BB185F85A400023AB6420461A
S214010E5003B030BD95F85A306BB9012014F020F874
S214010E60686D1C30FEF75AFA95F85A30012B1CBFF4
S214010E70012385F85A30014BE8E700BF110C010049
S214010E80002337B505460DF1070190308DF8073080
S214010E90FFF726FF0446A0B99DF8073023B1013BB2
S214010EA0012B09D9072404E02B689B6C5BB107F082
S214010EB087FD204603B030BD2B689B6C1BB101201B
S214010EC0F5E70624F5E70D24F3E7F7B50446002514
S214010ED0012700F19006B4F89620B4F898309A42AB
S214010EE004D10020C4F8B05003B0F0BD30460DF177
S214010EF00701FFF7F5FE38B99DF807301F2B05D817
S214010F0007FA03F31D43E6E70620EDE70720EBE7C4
S214010F100023F7B506460DF1070190308DF807302E
S214010F20FFF7DEFE0446002847D19DF8073013B1CF
S214010F30022B03D00C24204603B0F0BD3568AB6C01
S214010F40002BF8D096F87129324492F9763901339C
S214010F5001D00D24EFE7D6F8B03083B3591E1942FD
S214010F602DD1B3FA83F3C3F11F0182F87619AB6C66
S214010F70002BEED095F85A30002BEAD0033B042B19
S214010F80E7D9B5F858309B07D4D56B6DB6F8B47071
S214010F90DE69FDF752FC30B94FF47A7230467A4377
S214010FA089B2FDF778FF95F85A30052B1CBF05234B
S214010FB085F85A30034B2B65BDE70624BBE70724AB
S214010FC0B9E700BF550C010013B504460DF1070142
S214010FD09030FFF785FE60B99DF8073003F00303F4
S214010FE004EB83046368002B14BF23200C2002B09B
S214010FF010BD0620FBE72DE9F34100F190042046E1
S2140110000DF10201FCF709FC20B10625284602B0C5
S214011010BDE8F0810822204601A9FCF738FC00282B
S214011020F3D18DF801000DF101012046FFF758FEBE
S21401103005460028E9D19DF80130DDF8048003F06B
S2140110400106C3F34000314646EA4006C3F380007A
S21401105046EA800603F008000643BDF80270C3F3B3
S214011060C00206F00F06B8F1000F44D019B913F00C
S214011070060F00D1E2B1FCF7DBFE0468002C35D187
S214011080FEF71CF90468002C37D02368036020465D
S214011090FEF710F9FCF7CCFE0368236004602671A6
S2140110A0E780D8F80030A360D8F80430E360ADE7F5
S2140110B0FCF7BEFE02682B4614460CB91725A5E7B9
S2140110C0E188B94202D023462468F6E743B90AB15B
S2140110D013680360FEF7F2F803682360046095E77F
S2140110E01A68002AF6D012681A60F3E7E388BB4252
S2140110F0D5D02468C2E7072588E7032586E713B518
S2140111000C460DF10701FFF7EBFD10B99DF807300E
S214011110237002B010BD002307B590300DF1070112
S2140111208DF80730FFF7EBFF18B99DF80720024B43
S2140111301A7403B05DF804FB7C3F0020002337B52A
S21401114005460DF1070190308DF80730FFF7D7FF00
S214011150044690B90A4A2B6802F148015B1A1E211F
S214011160DB10B3FBF1F352FA83F39DF8072083F803
S214011170ED2507F0BBFBFCF711FE204603B030BDA2
S214011180900D002007B590300DF10701FFF7B7FF6E
S21401119000280CBF0C20062003B05DF804FB37B511
S2140111A000F1900405460DF107012046FFF798FD72
S2140111B018B10624204603B030BD20460DF10601C5
S2140111C0FFF79DFF04460028F3D19DF80710A1F113
S2140111D00B030F2B15D80C4A2B6802F148001B1A7B
S2140111E01E20DB10B3FBF0F3DBB202EB03129DF81B
S2140111F006300A4482F8E43507F078FBFCF7CEFDAA
S214011200D8E70724D6E700BF900D002070B5C48844
S2140112100389221D9A4211D805682A1993785678AF
S2140112202C5D1B04D27843EA0623234343EA026378
S2140112300B60C3880433C380002070BD0620FCE722
S21401124073B50DF101010546FFF74AFD0446002876
S2140112506DD19DF80160092E69D8DFE806F0050E0C
S214011260682A38683D465D63284601A9FFF738FDC0
S21401127000280CBF012406240CE0002328460DF1AB
S21401128003018DF803308DF80430FFF729FD20B1F6
S21401129006263446204602B070BD284601A9FFF74F
S2140112A02FFD0028F4D19DF80330082B28BF072610
S2140112B0EFE70023284601A98DF80430FFF710FD5B
S2140112C0C8B99DF80440003C18BF0124E2E728464F
S2140112D001A9FFF79BFFCBE7284601A9FFF710FD01
S2140112E0002814BF34460124D4E728460DF1020134
S2140112F0FFF7F6FC08B10624CCE728460DF10301FA
S214011300FFF7EEFC0028F6D1284601A9FFF7E8FC16
S2140113100028F0D10124BDE718220021054812F06B
S214011320DFFBB7E7284601A9FFF7EAFCA0E7172489
S214011330B0E700BFA0130020002373B500F19006AC
S214011340044601A930468DF80330FFF75FFF0546D6
S21401135018B10625284602B070BDB4F89620B4F838
S21401136098309A4236D030460DF10301FFF7C8FC9B
S2140113700028EED123689DF803109A6C51B30AB980
S2140113800D25E7E7D3F8B02001998A42B3F8582033
S21401139038BFC3F8B0109006DCD55B6D154ADB6923
S2140113A002F148001B1A1E20DB10B3FBF0F3EFF32B
S2140113B01180302484F31188DBB202EB8313D3F857
S2140113C02C248A4238BFC3F82C1480F31188BFF34B
S2140113D06F8FBFE723689A6C002AD1D0B3F85820E4
S2140113E001999206C3F8B010B4D55B6DD869FDF7C4
S2140113F04BFEAFE7900D0020F0B50024C2880368CD
S21401140007899E182346BF1A9F42C3EBC30E12D00C
S214011410052B10D016F803C001330CF07F0505FA32
S2140114200EF51CF0800F44EA0504EDD11A44C28083
S21401143000200C6000E00620F0BD002313B5044632
S21401144001A990300193FFF7D7FFB0B923689DF843
S2140114500420996CA1B183F8442023689A6C6AB180
S21401146094F87129144494F86A293AB103F14000BA
S21401147002B0BDE81040FDF7C1BD062002B010BDA8
S2140114800D20FBE72DE9F341044601A99030FFF753
S214011490B3FFB0BB034605464FF0010CDDF804E090
S2140114A0194991F80880B8F1000F1FD00A689645CF
S2140114B01CD1D4E93676A3F12002C3F120052CFA1B
S2140114C005F50CFA02F22A430CFA03F52F431643EC
S2140114D0C4E93676D4E9347627EA050726EA020611
S2140114E0C4E93476BEF1000F08D1454601331F2BFF
S2140114F001F10C01D5D1002D08BF072002B0BDE8CF
S214011500F0810620FAE700BFEC6302002DE9F34103
S214011510044601A99030FFF76FFF78BB03460646E5
S2140115200125DDF804E0164991F80880B8F1000FAE
S21401153019D00A68964516D1A3F12002C3F12006F8
S21401154025FA06F605FA02F2324305FA03FCD4E957
S214011550367627EA0C0726EA0206C4E93676BEF195
S214011560000F08D1464601331F2B01F10C01DBD1D8
S214011570002E08BF072002B0BDE8F0810620FAE77A
S214011580EC630200F7B50E460DF10601054614465A
S214011590FCF743F910B1062003B0F0BDBDF80670A4
S2140115A031463A462846FCF772F90028F3D12780DF
S2140115B0F2E72DE9F04F00F1900495B006460DF1E3
S2140115C011012046FFF78CFB20B10625284615B0F1
S2140115D0BDE8F08F9DF81130082B01D00725F5E7FF
S2140115E0204604A9FFF77CFB0028EED120460DF12A
S2140115F0120207A9FFF7C6FF0028E6D1BDF8123090
S214011600102BEBD120460DF1120206A9FFF7BAFF07
S2140116100028DAD1BDF81230102BDFD120460DF1AB
S214011620120205A9FFF7AEFF05460028CDD1BDF889
S2140116301230102BD2D1DDE9054B079BD6F800906E
S21401164008AE30460CAF03939DF810A00DF140088C
S214011650FDF730FE3846FDF72DFE4046FDF72AFE23
S214011660D9F84820002A47D0B446039B03F1100E50
S214011670624618685968083303C273459446F7D121
S2140116805B46BC460BF1100E624618685968083373
S21401169003C273459446F7D12346444603F1100C22
S2140116A0224618685968083303C263451446F7D1C1
S2140116B096E80F0009F1800489F8B4A084E80F00C9
S2140116C097E80F0009F1900484E80F0098E80F00EE
S2140116D009F1A00484E80F00B9F858309B067FF59D
S2140116E075AFD9F85400CDF800803B4632465146D6
S2140116F0C06906F0A9F969E70D2567E7002330B54B
S214011700174A146824BB5468A14221D1C3F12004AE
S214011710D0E90225A3F1200105FA04F4DA402243B8
S21401172025FA01F10A4312F0010FC3F12004A3F1D7
S21401173020020CD1012121FA04F401FA02F222431B
S2140117409940D0E900430C431343C0E9004330BD40
S2140117500133DBB21F2B02F10C02D2D1F7E700BF37
S214011760EC6302001C282ED8DFE800F00F301113BE
S2140117702D1517192D2D2D2D1B1D1F212D2D2D2717
S2140117802D2D2D25232D2D292B00002070470E20D1
S21401179070470B2070470C207047092070470320C4
S2140117A070470220704704207047112070471220AE
S2140117B07047132070471420704716207047172073
S2140117C070471820704700F5804070470120704729
S2140117D0024B006E197C07F085B800BF7C3F0020E5
S2140117E010B5074B0446D3F87C030AF0C1FF0A2361
S2140117F090FBF3F1206EC9B2BDE8104007F072B855
S214011800900D0020024608B50C20FFF7ABFFBDE89F
S2140118100840014602F16000FCF77DBC024608B5AF
S2140118200C20FFF79FFFBDE80840014602F160006B
S214011830FCF771BC2DE9F04F5B4B8FB0D3F828262F
S214011840D3F82C160192D3F83C26D3F830B603927F
S214011850D3F84826D3F834A60292D3F84C26D3F808
S21401186038960492D3F85026D3F840760592D3F8EA
S2140118705426D3F844660692D3F858260D9107925B
S214011880D3F85C2600F160040892D3F8602605467A
S2140118900992D3F8642620460A92D3F868260B925A
S2140118A0D3F86C2693F870860C92FFF779F8002827
S2140118B077D120460D99FEF7E7FF002871D15946EA
S2140118C02046FEF7E1FF00286BD151462046FEF781
S2140118D0DBFF002865D149462046FEF7D5FF0028E4
S2140118E05FD120460399FEF7CFFF002859D139462C
S2140118F02046FEF7C9FF002853D131462046FEF7A1
S214011900C3FF00284DD120460299FEF7BDFF0028EF
S21401191047D12046FEF776FD002842D12046FFF744
S2140119203FF800283DD120460499FEF7ADFF002878
S21401193037D120460599FEF7A7FF90BB20460699AA
S214011940FEF7A2FF68BB20460799FEF79DFF40BB46
S21401195020460899FEF798FF18BB20460999FEF71E
S21401196093FFF0B920460A99FEF78EFFC8B92046C4
S2140119700B99FEF789FFA0B920460C99FEF784FF64
S21401198078B92046FEF73EFD58B94146286E06F066
S214011990ABFF30B9204601990FB0BDE8F04FFEF716
S2140119A073BF0FB0BDE8F08F900D00202DE9F74F03
S2140119B09846384B0E46D3F878531746FBF7AEFFDA
S2140119C005EB000999F87249002C41D044EA00144D
S2140119D064F07F04E4B297B3386807F025F8C0F3E3
S2140119E0001B002396F81CA089F8723905F16009DE
S2140119F00622214648460AF0010AFFF78FF838BB4F
S214011A004046FFF7AFFE01464846FCF756FBF8B9DD
S214011A105946286E06F068FFD0B95146286E06F082
S214011A2063FFA8B9B8F1000F0BD0306807F080F853
S214011A3088B9484603B0BDE8F04FFEF739BDBB464E
S214011A40CFE7424639462846FEF7D2FF0028ECD0BB
S214011A5003B0BDE8F08FBAF1000FEAD030460DF1C1
S214011A600301FDF7E2FD0028F2D1304601A9FDF79A
S214011A70CCFD0028ECD19DF80310286E06F032FF4D
S214011A800028E5D148460199FEF7FEFE0028D0D091
S214011A90DEE700BF900D00202DE9F8430C4614F058
S214011AA00F081746194604F00F0C06D1022A02D178
S214011AB0D030FFF723FE00200CE090F8EE6890F897
S214011AC0EDE8A6EB0E030E2B06DDD0300E21FFF758
S214011AD015FE0320BDE8F883C4F30112841894F8B8
S214011AE0E948134644453DD133460E2B3ED842F0D5
S214011AF0400203F58F7342EA8C0230F8334042EA23
S214011B00072222F08002920524F45F74920D24F0DD
S214011B100304224320F8332000EBC3056B6801362B
S214011B2061F317036B6080F8EE68C4E70F3CE4B21C
S214011B300E2CFBD804F58F7410F8345015F0400FB6
S214011B400CD005F003094B4508D1C5F38309C145FF
S214011B5004D125F0400500F83450C5E70EF1010E1A
S214011B605FFA8EFE7645BFD97446E1E70F3BDBB2DE
S214011B70BBE7134602228FE738B511F0300F00F1AC
S214011B80600408BFC0F8AC20154600230622204694
S214011B90FEF7C4FF48B929462046FCF78EFA20B95D
S214011BA02046BDE83840FEF783BC38BD2DE9F04F2E
S214011BB00546ADF5457D0DF5887B00914FF48072A5
S214011BC00021584611F08CFFB5F89610B5F89830FC
S214011BD04C1C9C4230D8D5F890205B1A51189BB209
S214011BE027D000204F1E82B2934225D901303E5C99
S214011BF0002EF8D14FF48073D5F800902244A5F852
S214011C009620C5F8A0B9A5F8A43909F1C80721BBE3
S214011C1084A812F06BF90024DFF86C820DF5047AC3
S214011C2056461AF8013B33BB23A9002001EB840278
S214011C305DE00BB10A46DDE70620FFF793FD00994C
S214011C4002462846FFF798FF0023C5F8A039A5F8F5
S214011C50A4390DF5457DBDE8F08F0023CA5C002A46
S214011C60D6D00133B3F5807FF8D138467749FCF7F3
S214011C7002F90320E8E75C2B29D19AF80020A2F1AB
S214011C800903DBB2172B17D828FA03F3D90715D4A3
S214011C901AF8013C002BC3D02CB11AF8023C002BD9
S214011CA0BED1202C2CD0C4AA631C02EB8404A4F55C
S214011CB021742660DCB2B3E75C2AE9D1304612F023
S214011CC01DF951460246304612F01DF8E0E7093B81
S214011CD0DBB2172BDCD828FA03F3DA0744BF00235C
S214011CE00AF8013CD4E70134E4B242F8040B202C94
S214011CF0F9D93BB138465649FCF7BDF80720A3E7AA
S214011D00072391E7DAB2C4A800EB8202A2F521729A
S214011D1012681C460133002AF4D1134603A8DAB22E
S214011D2051F822800133B8F1000F31D114F0FF04CD
S214011D30484B0AD048490398FBF75EFF03AE454B74
S214011D4050B3013C14F0FF0425D193F874234349A2
S214011D50434B3846002A18BF19460A464149FCF744
S214011D608AF805F160044FF46F5306222046009965
S214011D70FEF7D4FE00287FF467AF59462046FEF7EB
S214011D80F2FD00287FF460AF2046FEF791FB5BE78B
S214011D9040F82280C3E704AE93F87433D6F800A067
S214011DA053B950463049FBF727FF28B938462F4923
S214011DB0FCF761F80D2047E72D4B19685046019353
S214011DC0FBF71AFF019B2B4AC0B1D3E901A35A10B6
S214011DD007EB6300DB0748BFBB5804F1FF3148BF80
S214011DE053F80AA0012C18BF06F104084246C9B2EE
S214011DF0D04723280FD00028B3D025E70C339342D1
S214011E00DBD150461C4912F067F870B150461B49A9
S214011E1012F062F840B1012C04D0384632681849F5
S214011E20FCF729F823200FE70120164B012C03EBC2
S214011E30C00304F1FF3118BF06F104084246D3F887
S214011E402033D9F8C800C9B29847D2E7D78702002D
S214011E502D870200900D0020628702002487020071
S214011E601C87020066870200A68402007F870200A4
S214011E7060650200D86502009E870200A9870200FD
S214011E80B2870200BC62020013008000F0B504466F
S214011E900C260020013A90420DD370430A180958C7
S214011EA08B4215BF0023D2E90101C4E90033C4E91E
S214011EB000012046F0BD85186D0806FB05F7CF59D1
S214011EC09F422CBF2A46681CE5E72DE9F04F052BFB
S214011ED09046134604460E464FF0030287B016D0CE
S214011EE04FF0070A354904A8FFF7D0FFDDE904974C
S214011EF007F0010BB9F1000F12D1BBF1000F0FD1A2
S214011F000D223146204607B0BDE8F04F31E62C4998
S214011F1004A8FFF7BBFFDDE904974FF0080AE7E7DF
S214011F20B4F89630B4F8985094F89A20A4F89E50D5
S214011F30ED1AADB2A4F89C3084F89B2003A92A467A
S214011F4004F190000193FBF7A2FC019BB4F89420E6
S214011F5004EB67009A4288BFA4F89630002384F801
S214011F606F397B10BBF1000F02D0E35853F809908C
S214011F70C847012384F86F3918B1FFF7F3FB02460F
S214011F80BFE704F160074346524631463846DDF85E
S214011F900C90FEF7C3FD08B10022B2E72A46494677
S214011FA0206E06F0CDFB0028F6D13846FEF780FA03
S214011FB00028F1D107B0BDE8F08F00BFE865020048
S214011FC00C6602002DE9F0438BB004460E4690469F
S214011FD01F465349134602A82D22FFF757FFDDE996
S214011FE0025945BB19F0010F25D1A8F57053B3F579
S214011FF0806F44D204F160054346062231462846E6
S214012000FEF78CFD002856D143F60143984536D19C
S2140120100DF1070104F19000FEF762FE804670BBE9
S2140120209DF80730082B2AD8DFE803F0212132215A
S21401203036484B50520004F16007434606223146AB
S2140120403846FEF76BFD002835D119F0010F4FEA2F
S214012050690318BFE35804EB690018BF5D59A84728
S21401206048BB38460BB0BDE8F043FEF721BA002165
S214012070206E06F037FC00284DD0172812D1002F0D
S2140120804BD00D22314620460BB0BDE8F04373E538
S214012090244B93F89016EBE700212846FEF7F4FB55
S2140120A0002838D0FFF75EFB01462846FCF733F8D8
S2140120B01728E4D078B30BB0BDE8F0836FF4407115
S2140120C0EBE70021206E06F00FFCD4E70120E9E7DC
S2140120D0144B0DF11009D3F810260492D3F81426E8
S2140120E00592D3F818260692D3F81C260792D3F841
S2140120F02026D3F8243608920993284659F8041B5B
S214012100FEF7C2FB0028CDD108F101085FFA88F876
S214012110B8F1060FF1D12846A4E73A46B2E700BF68
S21401212030660200900D002070B50446002694F833
S214012130ED5894F8EE38AB4201D1002034E005F5B5
S2140121408F7514F835305A0616D414F8353023F046
S214012150400304F8353094F8ED380133DBB20F2B29
S21401216084F8ED38E3D194F8EE3884F8ED680E2B58
S21401217022D884F8EE38DAE7C3F30102C3F3830109
S21401218041EA021104EBC5025378526803F00303D7
S21401219061F07F01022BC9B2C2F3170205D12046B6
S2140121A0FFF7EAFC0028D0D070BDB3FA83F32046CF
S2140121B05B09FFF707FFF5E70F3BDBB2D7E72DE932
S2140121C0F047D0E93432134304461ED000254FF0C1
S2140121D00109344FDFF8D0A0C5F12001D4E934302D
S2140121E0A5F12002EB4000FA01F10B4320FA02F2BE
S2140121F0134313F0010FC5F12008A5F1200609D1FC
S21401220001351F2D07F10C07E6D1012384F890391B
S214012210BDE8F0873A68002A39D17B68772B14D15C
S214012220DAF89436D9070ED4580628D413F0180FC6
S21401223027D1990727D49A0627D440F284721342ED
S2140122400CBF0722062202F170031A46802120469F
S214012250FFF792FC0028D8D1D4E9343209FA06F601
S21401226029FA08F846EA080609FA05F123EA0103FD
S21401227022EA0602C4E934321343C1D1C5E7022279
S214012280E1E70822DFE70122DDE70322DBE794F836
S2140122909039002BE0D0012380212046FFF792FEE3
S2140122A0D8E700BFEC630200900D002010B590F84F
S2140122B0A830044633B1D0F8E430994204BF002375
S2140122C080F8A8302046FFF72FFFC0B994F8E81031
S2140122D089B101230C222046FFF774FE78B994F8E1
S2140122E0E03084F8E800042B1FBF636CC4F8E430C8
S2140122F0012384F8A8302046BDE810405FE710BDF2
S214012300014BD3F878035AE7900D0020F7B50D4638
S214012310044600B9FEE7037F03F0FF0603B1FEE7BC
S2140123200E4B1B68994215D840F2E73031460C4BEC
S2140123304FF47A721F680023E5FB070111F0AEF92E
S2140123400123CDE9006301462346064A606813F07F
S214012350F7FA00B1FEE703B0F0BD00BF880D00201C
S2140123608C0D0020755D020000B9FEE7406813F091
S214012370FDBB70B5EFF3108672B64FF0FF3012F06A
S21401238024F804460A4BD3F89826C3F898068242E6
S21401239088BFD3F89C26304684BF0132C3F89C26FA
S2140123A0D3F89C5613F0FAFC2046294670BD00BFB0
S2140123B0900D00202DE9F74307460D4606F096FAE4
S2140123C01E23624E804606F148043C1BE410B4FB13
S2140123D0F3F496F85835E4B2032B1AD000222946B6
S2140123E03846FDF7A1F9A0B1FFF7C3FF584C021913
S2140123F041F1000306F5AC61C1E90023022386F82A
S214012400583507B9FEE7C6F8A076002003B0BDE848
S214012410F083012C00D9FEE7302363434D4AD118DF
S2140124208D4200D0FEE7C4EBC41102F59E720A4449
S2140124302968914200D0FEE72A7F334412F0020F4A
S21401244010D1642283F89425FCF7F7F938B30026F7
S2140124504FF0FF310C2001AA019608F03FFF019CC6
S21401246084B9FEE793F89425022A04D83023502233
S21401247003FB0463E6E7023AD2B24F2A83F89425B7
S214012480F4D9E1E72146344827602671A56004F0B7
S214012490FBFB0028B9D1204613F07EF9B5E741468B
S2140124A0A879FCF74DFD00284DD1FCF7C3F980460D
S2140124B000B1FEE74FF0300901464FF4F85012F034
S2140124C0D7FC09FB0463C3F89075297F1020C1F37C
S2140124D08001C6F8945312F0CBFC0C2303FB046472
S2140124E02B7F2846C3F3C003A96A84F8FA37FDF7A1
S2140124F08EFAEFF3118489F311880220012112F07C
S214012500B7FCFCF797F900B9FEE786F8B483FCF749
S2140125109DFA84F31188BFF36F8F4FF4805012F049
S214012520BFFC00283FF471AF97F8E430002B3FF46E
S2140125306CAF3A6A936F002B3FF467AF01212846D0
S214012540D26F984761E7072060E700BF900D002033
S214012550404B4C00F81200203415002010B583794A
S214012560044603F0FB03032B17D18388DB0608D54B
S2140125700423A3712368E169D869FFF71BFF60B1E3
S214012580FEE7C369006899791C30FCF735FD00B198
S214012590FEE7A379042BEDD0EAE710BDC269837983
S2140125A0516909B9126922B1072B01D0072383713A
S2140125B0D4E7032BFCD00323F9E72DE9F7430446C0
S2140125C000F1640738460D4690461E46FBF762F852
S2140125D0B4F8049019F0200F2AD0286806F0A8FA5B
S2140125E030B32B7FDA0723D528460DF10201FDF71C
S2140125F0D4F900B1FEE79DF80230082B18D1284621
S21401260001A9FDF702F800B1FEE728460DF1030126
S214012610FDF70BF800B1FEE79DF8032094F8603053
S2140126209A4205D1019BE26D934224BF0133E365D3
S2140126300023E3719EB119F0040F10D1237A6A7E4C
S2140126409A420CD9013323722B7F0E2E43F00203DC
S2140126502B771ED0204603B0BDE8F0439EE7A37952
S214012660022B4FD1A97EAB798B4206D0A37DDB0727
S21401267003D520681C30FCF7BFFC246AE76C002FEA
S2140126803DD0334642462946206CB8470023E364D2
S21401269035E0A37994F86160062B1CBF0623A3716D
S2140126A0FCF748FEA37D0546206813F0010F00F1F4
S2140126B01C0010D0E3699979FCF79EFC4FF0FF33BC
S2140126C0B34025EA03054FF4A0735D43FAF724FEF1
S2140126D0002D03DAFEE7FCF721FEEFE70544606E06
S2140126E039460A4AE5661030FCF7B1FE94F86130C7
S2140126F00133DBB2052B28BF052384F8613003B014
S214012700BDE8F0830223A371ACE700BFC8620200F4
S2140127102DE9F04190F8E47004460D461E46C7B117
S2140127200D4F97F8747397B1897EAB798B4206D0BB
S2140127300A4BCB40DB0700D4FEE7FCF723FC33460D
S21401274000222946206A5430BDE8F04135E7006A88
S214012750F9E7BDE8F08100BF900D002000F8FF0703
S21401276070B5046894F85A3004F15405033B042B01
S21401277048D8DFE803F00307181403002846BDE82D
S2140127807040EBE6236F606D99791C30FCF734FCE2
S2140127902846216F0E23BDE8704000220DE728462B
S2140127A0BDE87040FAE6B4F858309B0700D5FEE75E
S2140127B0636DD869FCF7FEFA7F2807D094F96B3071
S2140127C07F2B01D0834201DA84F86B00FAF783FD90
S2140127D0E36EC01A00280EDAD4F8C030D4F8B80078
S2140127E08033C4F8C03004F1B801074A1030BDE8A0
S2140127F07040FCF72CBE284694F96B10BDE870407B
S214012800FAF797BF70BD00BFC862020010B5044654
S214012810FFF7AFFD02460B4604F16000BDE810402D
S214012820FEF76AB830B500F1900485B0204602A9DB
S214012830FBF707F8002838D1204601A9FEF7E6FC89
S21401284098BB20460DF10301FEF74AFA044660BB29
S214012850FFF78FFDDDE90223904271EB030502D3FA
S214012860072005B030BD121A63EB01036FF00101BA
S214012870914274EB0303F3D39DF8034006F036F858
S21401288001460C4812F00CFB88B92046FCF758FBB1
S2140128900028E5D10121202012F0EAFA40F2944105
S2140128A0054B064A064808F025FE0620D9E7012012
S2140128B0D7E700BF40000100F9870200FB8702004E
S2140128C0308802002DE9F04F12F0C00F82461546FF
S2140128D01F468FB001D012F0BDFAAB0206D55046A6
S2140128E011F037FD10B9504612F044FBAE0301D586
S2140128F012F0B0FAEC0105F0807340F15881FBF755
S21401290099FF68B11020002112F0B2FA12F0DCFA39
S2140129100446002800F03C810121082012F0A8FAA4
S214012920202012F0BDFA05F400510446002800F0FC
S2140129305D8121B101214FF4004012F099FA15F49E
S214012940404F06D0002148F2200012F091FA12F012
S214012950DDFA280740F1BB80B24C0321D4F87C0392
S21401296003AA11F0FAFC0146002800F08F819DF8B9
S2140129700C30072B40F08A81D4F87C0308AA11F0AA
S214012980F1FC002840F082819DF81C3013F0110202
S214012990009208D113EA131003F00F0203D112B10B
S2140129A00F2B00F27381BDF80E60059806F1010B3E
S2140129B002781FFA8BFB5A4540F06881F21E7B2A8B
S2140129C000F26481BDF81020002A00F05F81013A10
S2140129D0411C06F1FF3C92B20591ADF80EC0ADF870
S2140129E01020002A40F01A81069A92F800801846B4
S2140129F00193FAF734FD019B814630B9009A22B95A
S214012A00190702D00F2B00F241819DF82D30002BC3
S214012A1000F0108108F00703022B40F0378103AA6B
S214012A20D4F8F813D4F87C0311F0A0FCA4F8FCB396
S214012A30FBF7D4F812F048FA002843D0D4F89433C0
S214012A40D4F8F8231B6892789B789A423AD19DF87D
S214012A502630002B00F01A810236D4F87C0308A930
S214012A60ADF8246011F080FC002840F00F819DF83D
S214012A702E30089E84F80D349DF82F30C4F820942B
S214012A8084F80E34FFF775FC4FF00009664B86425A
S214012A9028BF01F1FF31596019EB060601214FF4F9
S214012AA08070C4F8006412F0E3F96048494612F0F9
S214012AB0DFF912F019FA28B118F0100F1CBF012324
S214012AC084F8B53312F010FA08B905F091FFEE0557
S214012AD001D512F0BFF915F4863F01D012F0BAF90C
S214012AE0AC014FF000060DD54E4C12F0B3F931464D
S214012AF0042012F0BDF994F8B5331BB105F078FF48
S214012B0084F8B56315F0084F05D012F0A3F900213B
S214012B10042012F0ADF9A80001D512F09BF9A9071F
S214012B2005D5082012F0BCF908B112F0FFF9FA0534
S214012B3023D5504608AA03A911F052FA9DF80C3085
S214012B40DBB13B48002112F093F9042012F0A8F9FA
S214012B5028B1FBF743F80021042012F089F9FBF7AE
S214012B6069FE28B112F0B0F94FF4007013F054F872
S214012B7013F008F908B112F0D9F9BB0540F1D2807B
S214012B800022504611460FB0BDE8F04F09F022BEB4
S214012B9005F02EFF01214FF4807012F069F92146ED
S214012BA0022012F065F921464FF48030B6E607F0B0
S214012BB00202134306D012F087F94FF4007013F0A7
S214012BC02BF8ADE605F0A8431A4304D012F07CF9C1
S214012BD04FF48050F3E707F0040213433FF4A0AE2E
S214012BE0104BD3F87C0311F011FB99E649B1012192
S214012BF04FF4803012F03CF92146402012F038F9AB
S214012C00A7E607F020030B433FF4A3AE402012F0E3
S214012C102FF94FF4006012F0FFFF9AE690F801805A
S214012C20E5E600BF900D0020901100200A0001008B
S214012C306000010094F88C3313B9BBF1040F25D062
S214012C409DF8263013B30236D4F87C0308A9ADF8F4
S214012C50246011F089FBC8B9EFF3108072B6B4F89E
S214012C600A38B4F80C68009313F098F8009BB34246
S214012C700CD0EFF31183302282F31188D4F8586810
S214012C80721C0BD183F31188BFF36F8F0026FAF7FE
S214012C90A5FF3146254805F0E9FC18E7314651F80D
S214012CA00C2BC4F8582883F31188BFF36F8FD4F820
S214012CB07C0303AA11F05AFB86F800B0BDF8343045
S214012CC0314673709DF92E301948F3709DF82F30F8
S214012CD0B370089BB3609DF81C3013F0010F18BF4A
S214012CE04FF00009C6F8049003F0CEFF0028CED0BE
S214012CF018F020080AD0D4F87C0311F02AFBFAF762
S214012D006DFF0121042012F0B3F8E0E6FAF766FF42
S214012D1094F8B533002B3FF4DAAE05F069FE84F87B
S214012D20B583D4E60FB0BDE8F08F00BFE4150020F0
S214012D3098150020F8B50025644C04F66403A4F841
S214012D40CC53C4F8C853A4F8FC53C4F8F833EFF3D3
S214012D50108072B60223C4F8A457A4F8A837C4F8A2
S214012D60AC5713F01BF85A4BC4F89055C4F8AC375F
S214012D7004F2A463C4F8683504F6E803C4F87435AD
S214012D8004F22373C4F8983504F6F803C4F8A4359E
S214012D909C23A4F86C5584F8DC35C4F8C055A4F817
S214012DA09C55FBF745F80560FCF788FA031D00F112
S214012DB0B402194610339342056018D194F8C03313
S214012DC00B2B18D894F8C1330A2B14D9414EC4F8EA
S214012DD0B86303F0E5FF0020FAF7E0FF0822D4F815
S214012DE07C03114611F0FDF9054628B1FEE743F8CC
S214012DF0105C0D46DDE7FEE70146682206F51B700E
S214012E0010F06EFEEFF31186302383F31188012054
S214012E1012F046F810B1284605F0E2FD86F3118857
S214012E20BFF36F8F0822D4F87C03114611F0D9F94D
S214012E30054600B1FEE70023002241F20D012648B7
S214012E40FBF718FD2946D4F87C0311F0A9FB1822DC
S214012E502946224810F044FE2148FAF71BFF214874
S214012E60FAF718FF204B214EC4F8AC33FF23A4F821
S214012E70B033A6F59773C4F8F2571D815D604FF61F
S214012E80FE73A6F59172C4F8FE57C4F8A863A4F8B9
S214012E90F03755601581A4F8FC37EFF3108072B651
S214012EA01027C4F80858A4F80C78C4F8105812F083
S214012EB075FF0F4B39468C20A6F1CC02C4F81038AA
S214012EC003F0DFFA00B1FEE7F8BD00BF900D002069
S214012ED05DD400004C110020C00D030098160020A0
S214012EE0281100202C110020C002FF00B01600207F
S214012EF0815D0200B0F5802F07B54FEA104382B21C
S214012F0012D20F2A10D8002914BF042101218DF8EE
S214012F100500002201A88DF8043002F09FFA10F097
S214012F20FF0002D0022803D0072003B05DF804FB9F
S214012F300D20FAE70229F7B505460E4614460DD1CF
S214012F4056491068FAF758FE002856D06946606858
S214012F50FAF750FC68B3072003B0F0BD03294AD145
S214012F604F491068FAF748FE002846D0694660685F
S214012F70FAF740FC0028EED1A06801A9FAF73AFC5E
S214012F800028E8D1DDE90034B3F5802F4FEA13417C
S214012F90E1D29AB20F2ADED801223020DBB29A4063
S214012FA0404B00FB0133002C5ED041F210015A5019
S214012FB01FE00099B1F5802F4FEA11438AB2CAD2B9
S214012FC00F2AC8D8EFF31180302282F311885343B9
S214012FD003F1A04303F570335A6980F31188BFF3F8
S214012FE06F8FC9B2CA4028462F4902F00102FAF78C
S214012FF042FF0020B0E70129ADD92C492068FAF735
S214013000FBFD0028A7D069466068FAF7F3FB074680
S2140130100028A0D1022E2AD1009BB3F5802F4FEABB
S21401302013409AB297D20F2A95D8EFF31181302424
S21401303084F3118860431B4ADBB2072B024492BF1C
S2140130405268D268083B9B0022FA03F303F00F0391
S21401305081F31188BFF36F8F012B28460CBF1449EB
S2140130601449FAF708FFC4E742F210019FE7032E5E
S214013070BFD1A46810492046FAF7BEFD28B13946EB
S214013080009803B0BDE8F04034E720460B49FAF754
S214013090B3FD0028ADD00121F2E700BF8988020008
S2140130A09288020000C003508D88020096880200B4
S2140130B09B880200A0880200A6880200A988020058
S2140130C0FEE700F061BC70B5044601260B4D04B95D
S2140130D070BD94FAA4F0B0FA80F006FA00F224EA81
S2140130E00204C200AA580F2805EBC001C8BF103859
S2140130F0002AECD04968C0B29047E8E710300020BB
S214013100064BD3F82404D3F8202403F500531040CB
S21401311000F05530C3F82004D5E700BF00C00350C7
S214013120064BD3F82404D3F8202403F500531040AB
S21401313000F0AA30C3F82004C5E700BF00C0035062
S21401314010B5416C4369A1F11404DA1CB2FBF4F228
S21401315003EBC2000330B0FBF4F0B1F5805F00F181
S214013160010002D1012828BF0120013010BDF7B5AA
S21401317007460E4600257C6CA819644280EA0603C1
S2140131801C4003D02C46204603B0F0BDFB6B012249
S2140131905B6901A99847019B0133F4D10435EAE73D
S2140131A02DE9F341154690F842201E46012A14BF28
S2140131B0042302235D43CF7D2C1D844605F00205C2
S2140131C0BFB915B1012724F0030448680834204428
S2140131D0DCF83C30012A5B6927D101A9984717B171
S2140131E0BDF806300193BDF80430336002B0BDE887
S2140131F0F08155B124F0030400230D7E01F1200E69
S214013200D8B2854203D80020E2E72F46F4E73EF81D
S214013210330003F10108A04204D901EBC303D869C6
S2140132200834D4E74346241AEAE70122314602B0BD
S214013230BDE8F0411847D01E009B42424241187E2D
S214013240824212D11A688A420FD85A688A420CD32F
S2140132505A6901325A61D3E90302824205D298685B
S21401326040F822101A6901321A61012070470023C2
S2140132704FF0FF3142689A4202D80023037270472A
S214013280026842F83310026802EBC3025160013350
S214013290F0E7002370B545689D4211D00468DE0052
S2140132A054F83320B2F1FF3F0BD0C2F31302914220
S2140132B007D14FF0FF3244F83320036833445A6095
S2140132C070BD0133E8E710B5032A029C07D1A26A54
S2140132D05340626C5242134201D1FFF7DAFF0120DC
S2140132E010BD0023F0B545689D4202D14FF0FF3076
S2140132F00EE00468DE0054F83340671C09D0C4F3BE
S2140133001307B94205D1240D147003683344586875
S214013310F0BD0133E8E773B5164600F108040D4623
S214013320204609680DF10702FFF7DBFF032E05D1E2
S2140133306B68834202D12046FFF7ABFF012002B043
S21401334070BD00BF2DE9F0414668002E3AD00568F1
S21401335098464FF0000CAE4655F83C40C4F31307B0
S214013360013401D0B94222D00CF1010CB4450EF162
S214013370080EF1D100273C4603E0B44207F10807E6
S2140133801DD055F8343001340133F6D16FEA0131DE
S2140133906FEA1131E9510168CB59C3F3130343EACC
S2140133A00853CB5103683B445A60BDE8F08141EABB
S2140133B00851CEF80010036803EBCC03F4E7B8F12C
S2140133C0030F03D101230372BDE8F08100231C46DD
S2140133D003E0B44203F10803F4D055F83470013425
S2140133E0C7F3075CBCF1030FF3D16FF3130739433F
S2140133F0E9500468E158C1F3130141EA0851E1506C
S21401340001680B44D0E708B508301346D1E900122D
S214013410FFF798FF012008BD41F67132034B0020EB
S214013420DA63012203F50053DA60704700000350A7
S21401343041F671320121044BDA6303F50052D16083
S2140134400022DA63704700BF00000350704737B5AB
S214013450054601F10C04436901A90122204698475B
S214013460BDF804300122009369462046AB699847AF
S21401347003B030BD202A0B681EBF4FF0FF319140CC
S2140134808B43590801F055315B1A03F033319B0821
S21401349003F033330B44017803EB13130A444FF064
S2140134A0013103F00F334B43A2EB136202707047F6
S2140134B037B5044600251B22011D0DF107008DF8C6
S2140134C00750FFF7D7FF63689DF80720B2EBD36F6D
S2140134D003D123F0784003B030BD1B2204F108016C
S2140134E08DF80750FFF7C6FFA0689DF80730B3EBCD
S2140134F0D06F0ABFC0434FF0FF3020F07840EAE7B4
S2140135002DE9F0430646994689B0036908460F46F9
S214013510904698470446002867D1D9F804305B0ADC
S214013520012B22464FEA530304F10104F8D899F817
S214013530035099F802302D03DB0203F4006305F40F
S21401354080551D43B9F800304FF00009C3F30A0354
S21401355052032B4492B29D18294B0DF107001B22F2
S21401356028F0784402A9039302948DF80790FFF798
S21401357081FF9DF807306FEA054544EAC364049469
S2140135806FEA08041B2224F0784402A902948DF8FD
S2140135900790FFF76FFF9DF807306FEA154544EA7D
S2140135A0C3644FF0FF3301220594069307A9B3695C
S2140135B0079507F11000984701220446B36905A94B
S2140135C007F1080098470122484518BF0446B36929
S2140135D004A9381D98470122484518BF0446B36917
S2140135E0384603A9984728B1044639463046FFF7BE
S2140135F02EFF01E0002CF8D1204609B0BDE8F0838B
S21401360001009AB238B5134B0546D3F820010C4693
S21401361000F00700042816D8DFE800F003090D11B2
S2140136201800012305B1286004B1236038BD0A4B98
S21401363018680423F6E7084B58680323F2E711F0ED
S214013640E1FF0523EEE700231846EBE702230348D4
S214013650E8E700BF00800050A03F0020002D3101A8
S21401366041F67133012270B5194D0446EE69EB63DC
S214013670184B0021DA600223686121202B6106F4D1
S214013680803612F0A9FC10B9212012F0A5FC012207
S214013690114BDA600EB10023EB63431C14D0A8B9BA
S2140136A00E4B9A6801230A3202F01F02934023F060
S2140136B0030323449C4201D1002070BD54F8042B1F
S2140136C00132F7D03E20F8E76E20F6E77120F4E7E6
S2140136D00000035000100350002003500080E00F4C
S2140136E000F01F03A0F50620A0F55060812810B554
S2140136F01ED80121104A400902EB80049940D4F8F3
S21401370000310B43C4F80031D2E945310B44D2F8FD
S2140137101C110B44D2F820110B44D2F824115B186B
S21401372005D1C2E94033C2E94233C2F8103110BDB7
S2140137304FF0FF30FBE700BF10300020BFF34F8F84
S2140137400549064BCA6802F4E0621343CB60BFF337
S2140137504F8F00BFFDE700BF00ED00E00400FA0553
S21401376010B5044644EA010313F00303084609D1E1
S214013770934201D1002010BD54F8231040F82310C5
S2140137800133F5E72146920010F00EFBF2E738B55B
S214013790202204460D460C30002110F0A1F94FF00E
S2140137A0FF33C4E90035A36038BD2DE9F74F324D2C
S2140137B04FEA820BEA698A4602F4803341F6713297
S2140137C001210093EA632D4A8146D160074652469D
S2140137D0D846B8F1000F01D140462BE007F500545A
S2140137E06FF30C046F61E41BE969444528BF444646
S2140137F049073AD4164656F8041B2244A961964254
S2140138000FD10422002121202A6112F0E5FB88B99C
S214013810212012F0E1FB68B932462744A8EB0408E0
S214013820D7E708210846019212F0D6FB019AC0B1EB
S21401383004232B610122124BDA60009B13B1002294
S2140138400D4BDA63431C13D0A0B95A46514648467D
S21401385011F0EFFA002814BF3D20002003B0BDE8A8
S214013860F08F56F8041BA961C9E74FF0FF30E1E776
S2140138706E20F3E77120F1E70000035000100350BB
S2140138800020035013B5002401AA019407F026FD79
S21401389000B10194019802B010BD70B50F4A536D86
S2140138A0116D0B400E49002B0B659DB202DB012604
S2140138B03DB970BDD068BDE87040C0F3042012F079
S2140138C087B9B5FA85F4C4F11F04E4B2204606FAB6
S2140138D004F412F07DF925EA0405E9E70000045036
S2140138E00020045030B40446EFF3108072B6256809
S2140138F085EA02030B406B40236030BC12F04EBADF
S214013900BFF34F8F0549064BCA6802F4E0621343C2
S214013910CB60BFF34F8F00BFFDE700BF00ED00E0B7
S2140139200400FA050346006818B102681A6000230D
S21401393003607047036803B970478B4204D10B6874
S214013940036000230B6070471846F3E74FF0FF3023
S2140139507047FEE70020704701207047012070473E
S2140139604FF0FF307047002070470020704700205E
S21401397070470348034BC01A801004F057B800BFC5
S214013980A04100004041000008B5254B83F30A889A
S2140139906FF00101234B244A9A60D3F8882042F441
S2140139A07002C3F88820214A116641F2FF71516600
S2140139B00221C3F8D010BFF34F8FBFF36F8F0820DB
S2140139C04FF440331A49C1F88001D3600860A2F56C
S2140139D000521361FFF7CDFF164B17498B4212D3E6
S2140139E00020164B16498B4218D3F2F7EFFB1868E6
S2140139F050F82240586840F82240013298688242C6
S214013A00F5D30C33EAE70022F8E71C6844F82200F5
S214013A1001325C68A242F8D30833E4E70022F8E7F3
S214013A200800002000ED00E00040000000A0004477
S214013A3000E100E040A602004CA602004CA60200EF
S214013A404CA6020070B10122417803788A403021E9
S214013A504B4341F2100103F1A04303F570330020FC
S214013A605A5070472220704770B10122417803787E
S214013A708A4030214B4342F2100103F1A04303F583
S214013A80703300205A5070472220704738B50546DB
S214013A900C46FFF755FB6B6CA3F11402B3F5805F80
S214013AA002FB00F005D140F6E8736969994288BFC8
S214013AB0CC30E31DB3FBF2F3013304EBC304204423
S214013AC038BD38B5054644692146FFF7DFFF6A6C05
S214013AD0E31D143AB3FBF2F3AA69144404EBC304DE
S214013AE00C34204438BD03460846EFF3108172B605
S214013AF0024ADB6BC2F82C11DB6818471030002035
S214013B002DE9F0410646406882B0B8B10F469046AE
S214013B100024336853F8345003EBC403C5F307524B
S214013B20C5F31301013506D05B683046CDF8008039
S214013B30B84718B1706801348442EAD302B0BDE8D0
S214013B40F081036813F07E0F03D1406820F07C40BB
S214013B50704713F078001CBF03F07F03D81F70472F
S214013B604BF29A2210B503680446B2EB134F13D1F9
S214013B709BB2012B15D1FFF79BFC013011D04FF6FC
S214013B80FF72E068B2EB104F4FEA10430BD180B2E0
S214013B90C01A18BF012010BD01330CBF032004203A
S214013BA0F9E70420F7E70220F5E7F0B50546002619
S214013BB087B0EC69013CB44203D80C46204607B0F6
S214013BC0F0BD01B14C1E6F6C2868EB6B05225B697A
S214013BD001A907FB0400984701A8FFF7C1FF0128C8
S214013BE0ECD921460136E4E7F0B503680646CC1A5F
S214013BF0436C0025B4FBF3F487B0F36937685A1EAB
S214013C009542706C06D3736C306803FB0400143065
S214013C1007B0F0BD0134B4FBF3F203FB1244F36BBF
S214013C2005225B6901A900FB0470984701A8FFF70C
S214013C3097FF0128E7D90135DFE710B423F0030425
S214013C4022449B070A44436C18BF04325B4281EA54
S214013C500204234202D05DF8044BC5E710465DF826
S214013C60044B70472DE9F04F144605468B4699469E
S214013C70C36B89B001225B6905A960689847EB6B45
S214013C8001225B69584604A99847059B581C07D131
S214013C900022A360A2756275002009B0BDE8F08F0E
S214013CA001220021A275227E049804EBC202C2F80A
S214013CB01CB011846168C0F3D31C594500F07F0223
S214013CC00BD14FF0FF33C4F800C02275A360043A4D
S214013CD0022A24D80023A375DEE72168277D00F099
S214013CE07E06614508BF974203F07E03B3FA83FC64
S214013CF03246B6FA86F60CBF012100214FEA5C1C5B
S214013D007609B44514BF002101F00101A175002A0E
S214013D1000F0E8800BB90023A3753A46D7E710F008
S214013D207E0F0FD1EB6B022258465B6906A99847B6
S214013D3006A8FFF706FF237D032B43D8DFE803F031
S214013D40130D044B04A8F4E7CC22237E04EBC30333
S214013D501A840123654AD35C0AE0237E04EBC3037D
S214013D6018840023F6E7237E04EBC303188401239B
S214013D70129A1370049B227E13F07E0A18BF002647
S214013D804FEAD36704EBC20208BF07F00306B2F896
S214013D90208082F82260BAF1000F1ED000231B2279
S214013DA004A906A88DF81830FFF764FB04229DF8D5
S214013DB01830D91B4B424B4163755BBB0023A3757F
S214013DC0002754E0227E013BDBB204EBC202052B46
S214013DD01084CCD8BEE70223BCE7EA6B06A9576974
S214013DE058460222B847202206A90DF10F008DF889
S214013DF00FA0FFF73FFB1A2207A9FFF73BFB9DF831
S214013E000F30079AB3EB926F0CBF012300230822F1
S214013E106375D2E7A77D002FD2D0B8F1000F09D184
S214013E20E6B10123E375637E002B50D1012E43D109
S214013E30667615E06B6C0BEB02005B428BEA0001C9
S214013E400B421CBF0023A3756B6C591E01405B1A05
S214013E509845B3D8A37D002BE2D1B1E7E37D33B912
S214013E600027434659462846FFF7E7FEA060A07D97
S214013E7010B1236943442361237E012B3FF62AAF09
S214013E8001332376B9F1000F3FF407AF00283FF462
S214013E9003AFE37D002B3FF400AFFFB9032E1FD025
S214013EA0A1684A1C1CD0129B224600932846012377
S214013EB0FFF7D8FEA075F0E695F8343063B9EB6AE3
S214013EC00133CED1032ECCD10123A376C8E7012E30
S214013ED0CDD0032EC4D1F7E71F46C2E73846DCE64D
S214013EE01846DAE6002B3FF418AF14E74C680200D8
S214013EF013B50C46002121760093616813462246CD
S214013F00FFF7B0FE18B1E37D03B1A07EA075A07DDA
S214013F1002B010BD2DE9F341044616461F461B4B61
S214013F200D46816AA3F59878E36A8B4201D04B1C53
S214013F3002D102B0BDE8F0811448FFF728FC012247
S214013F40204612490DF10703FFF7D2FF38B13B4671
S214013F5020469DF807200D49B0470028E9D0D8F83B
S214013F6038114A1C05D1D8F834112046FFF73CFE1B
S214013F700146012DD8D1D8F8343181EA0302636CA9
S214013F805B421A4218BF4FF0FF31CDE740310020A7
S214013F902DE9F0410F4616469846044688B060B3B0
S214013FA090F83450FDB10121FFF79DFD00210E9BD5
S214013FB0CDE90511CDE902379DF83C30CDF80480F6
S214013FC08DF81C30237C04968BB90D4901AA04F1A7
S214013FD00800FFF795FDDDE90553E06B002E08BFED
S214013FE01D4604F046FF284608B0BDE8F08120468D
S214013FF0044A01ABFFF78EFFEDE70546F3E700BF86
S21401400037320100494201002DE9F041D0E90A3674
S2140140109E42044686B028D11422C369456802FB35
S2140140201355284606B0BDE8F0812068676C331A40
S214014030B3FBF7F3E26B07FB0300D2F8148001A988
S2140140400522C04701A8FFF78BFD012804D0636C49
S2140140501D44013B3340ED1A31462046FFF7C4FDAF
S2140140600646A36AB342E0D1DBE70025F9E72DE96E
S214014070F04F0F469A46002389B004464FF0FF31B1
S214014080104690468DF80B30FFF781FBB7F5801F81
S21401409020D2394603AA04F10800FFF722F9451C8D
S2140140A0014605D1237CBBB92D2009B0BDE8F08FB0
S2140140B04046FFF76CFB0122414620460DF10B03FB
S2140140C0FFF716FF0028EDD09DF80B308AF8003078
S2140140D00020EAE7B81CE5D1E66A711C2CD120461F
S2140140E0616AFFF762FD0646BB1C18BF0123DFF8B5
S2140140F0C4B00093636A626C0193236803A902FB50
S2140141000639E36B484605225B6909F114099847AD
S214014110002549464B1C05D0636C81EA09025B42C7
S21401412013420FD031462046FFF73FFD019BB342B5
S2140141302FD085BB0646DDE72368F61A636CB6FB0F
S214014140F3F6D1E71A48FFF722FB2046009A1849F2
S2140141500DF10B03FFF7CCFE8446B8B1BA1C03D0B1
S214014160DBF85C31BB4211D145469DF80B30DFF8D8
S21401417040E08AF80030BEE80F000FC5BEE80F0029
S2140141800FC59EE8070085E807006546DBF8641161
S214014190C0E7002D88D0B7F5801F99D239469AF826
S2140141A00030D8F8042004F10800FFF7CBF88FE7B9
S2140141B06C310020103000202DE9F04385B00E460A
S2140141C017461C460546DDF83080A8B390F8343013
S2140141D0A3B3B1F5801F33D2DFF868900121FFF752
S2140141E082FC314628460DF10F0309F5C472FFF72C
S2140141F03EFFE8B99DF80F30012B14D1D9F898216C
S21401420004EB08039A4215D32246009043463946EA
S214014210284604F059F90446E86B04F02AFE2046C5
S21401422005B0BDE8F083022B0CBF60242D24F3E714
S2140142302D24F1E76324EFE72124F0E71124EEE7CC
S2140142402924ECE71030002073B50D46D11E4A42F2
S2140142501C461B7E4A419A4229D129682368994205
S21401426025D36368994222D8124E0DF1070306F54D
S214014270DA72FFF7FCFED0B9D6F8B8216B689A421D
S21401428015D19DF80730DA1E53425341227E9342E0
S2140142900DD1636901336361D4E90323934206D2E6
S2140142A02968A26842F8231023690133236101209B
S2140142B002B070BD1030002070B50025044686B0EF
S2140142C00562E369AB4202D8206A06B070BD666C2F
S2140142D02068E36B05225B6906FB050001A9984788
S2140142E001A8FFF73DFC012898BF236A05F10105E7
S2140142F09CBF01332362E4E738B50446456C006889
S21401430004F1400305FB0101E06BFFF7F9F80546F0
S2140143102046FFF7D1FF284638BD2DE9F04100259C
S2140143204FF0FF384FF6FF73044647462E4686B0D9
S214014330C0E90853E369B3420DD8A5EB0805012D82
S21401434006D94FF6FF7300256362E369AB4223D8B3
S21401435006B0BDE8F081E26B2368606CD2F814C049
S21401436000FB0630052201A9E04701A8FFF7F8FB8C
S21401437001280FD801A8FFF79BF8874288BF66621D
S214014380804528BF8046854238BF05460746236AD2
S214014390013323620136CDE7666C2068E36B06FBCA
S2140143A0050005225B6901A998470135CDE72DE98E
S2140143B0F04F95B00D460A920A69416C069314397E
S2140143C0D31DB3FBF1F3013302EBC302036B0446C7
S2140143D09342C0F00C83002308939B4BA3F5AE7960
S2140143E0E36A994819460493FFF7D1F9D5E90337EB
S2140143F00293069B022B40F0C280CC2F40F06A82CB
S2140144000A9B002B00F0B58000266868E36B0F96C8
S21401441001225B690FA908309847B04694F84230EC
S214014420012B40F0E682632E07D90F9B666C109332
S2140144300A9B002B40F0AA809EE0612E08D812ABA2
S214014440324629462046FEF7ABFE9DF8483013B3A8
S21401445012AB3246294620468DF84480FEF7A0FE70
S21401446094F84230DDF848A0012B71D14FF6FF7366
S2140144709A4549D0082212A911A8FEF7FBFF9DF81C
S2140144804420CAF307239A423ED15FFA8AFA0F9B69
S21401449053440F9338E094F84230012B36D1612E05
S2140144A02BD832462946204610ABFEF779FE294620
S2140144B0204611AB721CFEF773FE2946204612AB4E
S2140144C0B21CFEF76DFE0823102211A90DF13B0068
S2140144D08DF83B30FEF7CEFF102212A9FEF7CAFF79
S2140144E0109BDAB24AB99DF83B20B2EB132F04D1E8
S2140144F0DDE9113203EB02430F9394F84230012BAE
S21401450014BF012302231E44013687E7302EF4D858
S21401451032462946204610ABFEF742FE2946204683
S21401452011AB721CFEF73CFE1023202211A90DF1DF
S2140145303B008DF83B30FEF79DFF109B9AB2002A98
S214014540DBD19DF83B20B2EB134FD6D1119BD3E7BD
S214014550BAF1FF3FD8D0102212A911A8FEF78AFFA0
S2140145609DF84420CAF307439A42CDD11FFA8AFA2E
S2140145708DE7029B1B6810930823099315E0782F9B
S214014580666C3FF655AF0A9B002B3AD0E36B0122CF
S2140145905B69686812A99847129B13F07E0F14BFD7
S2140145A004230823782F099331D901220023059289
S2140145B0082200922A68C9F86C71C9F85C21069A2B
S2140145C0032A3FD0022A059A37D1C2F10202D2B29B
S2140145D089F870210022CDE90B22DDF810A00392A4
S2140145E00792606C411E0AEA0101421A002F2DD083
S2140145F0009E33449A422CD8236B1B1A0B44236328
S21401460041E1EB7D002B14BF082304230993049A90
S214014610731E1340F31A3A1D934207D257B1082B63
S214014620C3D80022042305920093C3E70023042283
S2140146300593BEE704230597F6E7002A0CBF072279
S2140146400022C5E7069AC3E76C310020009B9A4218
S214014650D2D3009BB846D21A974228BF90465344FD
S2140146609742019348D90123D9F86C2189F873310F
S214014670974246D1C9F860A1039399F87331002B8C
S21401468041D099F874210399D31C09EBC303013275
S214014690C3F860A1A3F8648183F8661189F87421D0
S2140146A0B8F1000F14D0069B022B2FD10C9B7BB9BF
S2140146B00B9B4344032B0BD9E36B01229B690198A7
S2140146C010A998470646002840F00E8101230C9356
S2140146D099F870312E68824A012B02EAC61628F034
S2140146E07C4B40F28D809A1E012A03D908F10703FC
S2140146F003F07F031E4389E0039B002B18BF0323AF
S214014700BAE70223B8E7C9F860A1C9E70A9B002BFC
S21401471031D1029BB8F1030F03EB080B28D9DDE971
S2140147200101E36B4FEA98029B6998470646002809
S21401473040F0CA8018F003025FD0029B28F00306FF
S21401474033440293019B1E444FF0FF33029911A894
S21401475011930FF029FBE36B304601229B6911A9E7
S21401476098470646CDF808B0002EB1D0019B6FE001
S2140147704246019EE8E705F12003DDF804B00D93FB
S214014780EB7D68689BB100232E7E079AD9B28E42D4
S21401479011D90D9903F1010C31F83310914226D944
S2140147A0099905EBC303D8690A44104403E0079B43
S2140147B0099A13441844E36B01225B6911A99847CF
S2140147C0119B01220F93079B584604330793E36B13
S2140147D00FA99B699847019B06464344A3EB0B032D
S2140147E0042B07D9002872D10BF1040BC8E76346E6
S2140147F0521ACBE7CDF804B0B6E7CDF808B067E7B4
S214014800039A43EAC263334343F060464FF0000322
S2140148108DF84430059BCDE9126B002B49D0202240
S21401482012A911A8FEF726FE1A2213A9FEF722FEE8
S2140148309DF844304BEA83631393E36B009A9B69BC
S2140148405046920812A99847061E089B18BF534661
S214014850009A0893514643462046FFF7EEF9236B2C
S214014860009AC9F864019B1A08F1030222F00302B8
S2140148709B1A2363002E37D10B9BDDF804A043441B
S214014880A7EB08070B9351462046FFF7ADF9002327
S2140148908246002F7FF4A5AE124A04F10800D2F832
S2140148A06431D2F86021E3622968069BFEF74AFD6F
S2140148B012E01B2212A911A8FEF7DCFD9DF8443078
S2140148C046EAC3661296B8E7CDF808B04EE7CDF8CB
S2140148D004B04BE770263746384615B0BDE8F08F72
S2140148E080FFFF07103000203D2EF4D104F10803AD
S2140148F00093049B2768E16A2046A3EB070BD4F8D4
S21401490044A0FFF771F9A36ABBFBFAFB8342D4F814
S21401491030C0616C5DD0D9F8642101F1FF3E02EA36
S2140149200E0EACEB010C0EEB0C02089B2263226808
S214014930E0629A1AB2FBF1F8C3453ED10AFB08774A
S214014940049B07F1140BB3EB0B0711D0E36BBA080A
S21401495059469B6998478246E26A049B3A44E2625A
S214014960226B0098D21A5A442263FEF780FC5746FF
S2140149702368616CE06B01FB0831FEF768FD204699
S214014980FFF79AFC2046FFF7C8FC626A616C236851
S214014990204601FB02331433A362FFF735FB206385
S2140149A06FB12A69616CD31D1439B3FBF1F301337E
S2140149B002EBC30290429CD28DE70027D8E704F1B0
S2140149C00800FEF754FC3B4639462046104AFFF7DE
S2140149D0A1FA2A69616CD31D1439B3FBF1F30133D3
S2140149E002EBC302236B9342BFF4FAAC73E71C27B6
S2140149F072E7312E3FF619AD3FF42AAD12AB3246BF
S214014A0029462046FEF7CCFBBDF848301FE500BF1F
S214014A1007340100F7B5032A1646089C05D1237A08
S214014A20012B26D0012003B0F0BD2568274F28466C
S214014A300DF1070307F5DA72FFF719FB606000282E
S214014A40EDD1D4F800E0D7F8B801DEF82810DEF88A
S214014A5044C04840CCF100031840E0D1237A012B32
S214014A6009D1E268D7F8C43113446A69934202D97E
S214014A702074207CD7E7DEF80020DEF82C30891A77
S214014A809B1AB3FBFCF3B1FBFCF18B420DD1696CB5
S214014A90EB6A4A1E13402A6B521A13442B6325688D
S214014AA02846A96AFFF7A0F8E862D7F8C421E368A8
S214014AB008321344E3600122334605492068FFF7B4
S214014AC076FC60600028AAD00020ACE710300020F9
S214014AD0C4310020032A2DE9F34106460D46174648
S214014AE01C4606D1237A012B24D0012002B0BDE852
S214014AF0F081DFF8608009680DF1070308F5DA72C6
S214014B00FFF7B5FA60600028ECD19DF80730032B5B
S214014B10E8D0D8F8B8216B689A42E3D1237A29699C
S214014B20012BD4F80CC007D172690CEB0103934238
S214014B3002D92074207CD9E708316144E1603B4604
S214014B40012229463046FFF732FC60600028C9D0B2
S214014B500020CBE7103000202DE9F34104461F4624
S214014B60164688462C4D4FF0FF3105F5DA70FEF7F4
S214014B700EFE9DF820300022204605F5DA71C5E9C3
S214014B807067C5F8B481FFF712FC236E0746002B49
S214014B903DD020466169FEF779FF626E236B0244C1
S214014BA093422CBF00220122984228BF0023257C75
S214014BB038BF1B1A002684F85020636584F85850C5
S214014BC0D5B1DFF858803346324631462046019645
S214014BD0CDF80080FFF7DCF901230546CDE9008317
S214014BE03246334631462046FFF7D2F9E36805449C
S214014BF09D4294BF3546ED1A94F85030E56513B9D9
S214014C0094F858301BB1236E04F15000984738468B
S214014C1002B0BDE8F08100BF10300020FFFF0F009A
S214014C207FB50C46054648B390F8343043B3B1F52A
S214014C30801F27D20221FEF756FF21462846124A38
S214014C400DF10F03FFF713FA0646A8B99DF80F30CA
S214014C50032B11D0284603F050FD03232146009371
S214014C60324633462846FFF777FF0446E86B04F0E2
S214014C7000F9204604B070BD2D24F7E72124F8E79B
S214014C801124F6E72924F4E7983100202DE9FF41A5
S214014C900F4690461E460546002847D090F8343009
S214014CA0002B45D0B1F5801F44D2234C0221FEF7DC
S214014CB01AFF04F5C472394628460DF10F03FFF7B3
S214014CC0D6F9024620B16B699E4219D9622410E0DA
S214014CD09DF80F30012BF6D1D4F898118E42F2D1FF
S214014CE0009341463346284603F0EEFB044600286F
S214014CF0E9D1E86B04F0BDF8204604B0BDE8F081C8
S214014D00284603F0FAFC31462846FEF7BFFE2C6B18
S214014D10844209D301234246009339463346284646
S214014D20FFF71AFF0446E4E71C24E2E72124E3E741
S214014D301124E1E72924DFE710300020F0B504460E
S214014D400D46466CE36B006887B005225B6901A9D6
S214014D5006FB0500984701A8FEF702FF012804D8C4
S214014D6001A8FEF7A5FB07B0F0BD29462046FEF7D1
S214014D701CFF0646676C2068E36B05225B6901A988
S214014D8007FB0600984701A8FEF792FB431CEAD0F2
S214014D90B54238BF0130E6E72DE9F04F4FF0FF335B
S214014DA04FF6FF720025044600F108088BB0C0E9F3
S214014DB00923C3620562056340468B46FEF757FA30
S214014DC02046FFF779FA002842D14FF6FF79676A45
S214014DD000264F4514BF3D460025E3699E4239D360
S214014DE02046FFF769FA38BB5E202EE02368E26BA7
S214014DF0606C576900FB0530052205A9B84705A870
S214014E00FEF7AEFE26FA00F3DB0707460BD529466A
S214014E102046FFF793FF0246012F2946204608BF8A
S214014E200132FFF769FA0135E3699D42DED3204678
S214014E30FFF742FA0028C8D02046FFF76EFA4FF671
S214014E40FF72636A93422FD167200BB0BDE8F08FE3
S214014E501A26E9E7E26B2368606CD2F814C000FBFF
S214014E600530052205A9E04705A8FEF779FE0228C8
S214014E7007D04F450DD10BF1010229462046FFF719
S214014E803BFAE3690135B5FBF3F2013603FB125534
S214014E90A3E729462046FFF751FFB0F1FF3F14BFB5
S214014EA002465A460132E8E7E26B666C20685569AD
S214014EB06946052206FB0300A847626A616C2368FF
S214014EC04A4D01FB02331433A3624FF0FF336FF0F8
S214014ED00101E362204605AB05F5DA72FFF7C7F874
S214014EE0002849D1D5F8BC5129462046E562FEF78F
S214014EF03EF9206320B92046E16AFEF775FEE062BE
S214014F0029462046FEF770FE0546A36A9D4235D126
S214014F102046FEF715F9002607463546E3699D4209
S214014F203ED3B74257D92046616AFEF73EFE4FF0A0
S214014F300008054604F1400A464512D8626C23680B
S214014F40694602FB0539E36B05225B6948469847CB
S214014F506846FEF7ADFA534602464946E06BFEF751
S214014F60CFFA29462046FEF720FE08F101084745FC
S214014F700546E1D1642068E7A56AB5E729462046DB
S214014F80FEF7F5F8236B29460344064623632046BD
S214014F90FEF72AFE0546002EB7D1C4E90B06B4E794
S214014FA0626C236805A902FB0539E36B05225B6980
S214014FB04846984705A8FEF7D3FD012809D820469C
S214014FC009F11401FEF7D3F8636C143B984208BF4D
S214014FD001360135A2E74046FEF749F9002320468F
S214014FE01946034AFEF796FF00202EE710300020F0
S214014FF007340100034B5A6812B19A6A002AFAD1A3
S214015000704700BF00400650002307B500932528CF
S21401501053D8DFE800F0135B172229344E6A767AFC
S2140150208996ABB9525B565252765B222922345B83
S2140150306A22B94E4E4E4E2222227A8910F046FB43
S21401504000903AE010F042FB534BD3F89030C3F394
S21401505004630133B0FBF3F0F2E710F055FB4E4B5F
S2140150601B6FC3F38023F4E710F04EFB4A4B1B6F14
S214015070C3F380230133B0FBF3F04008E0E701936C
S214015080454BD3F8803103F00303022B0AD0032BE0
S2140150900CD0012B03D1002101A8FEF7B3FA019B26
S2140150A000930AE010F0AEFA0190F8E73B4B01934B
S2140150B0F5E700216846FEF7A5FA009803B05DF80B
S2140150C004FB4FF0E0231B695A0702D510F01CFBC6
S2140150D0B6E7314BD3F8400100F0030003282DD08A
S2140150E0003818BF0120C003AAE72B4BD3F8403184
S2140150F003F00303032B4BD0003B18BF0123DB0354
S214015100CEE7254BD3F86031F2E7234BD3F80032D4
S21401511003F00700032811D05B0709D401380128E2
S2140151208CBF00200120DEE71B4BD3F80832EFE7E7
S214015130042824D110F0E8FA800A81E74FF47A7047
S2140151407EE7154BD3F8003103F00303022B06D09C
S214015150032B07D0012B07D1114B5B68A0E74FF457
S21401516000439DE70F4B9BE7002399E70A4BD3F8D3
S214015170803003F00303022BA8D0032B01D00020BC
S2140151805EE710F03FFA5BE7034BD3F84032AFE738
S2140151904FF47A7384E700BF00800050002D310180
S2140151A0A03F002080D5430238B5174CFF28A26ADD
S2140151B028D8A36D13F4803F18BF0121134B18BFE5
S2140151C0996202219962A56D15F08045FBD11049BF
S2140151D0A36991F9E0116FF31723014481F30801E4
S2140151E043EA002343EA0143A36102210948FEF78B
S2140151F079FBA36DDB0303D501210648FEF772FB9D
S214015200284638BD2125FBE700C0005000D00050DD
S2140152101030002028C0005038B50F4CA26AA36D8C
S21401522013F4803F18BF01210C4B18BF996202216D
S2140152309962A36D5900FCD402210948A569FEF7BD
S21401524051FBA36DC5F30725DB0303D501210448F4
S214015250FEF748FB284638BD00C0005000D000507D
S21401526028C00050014B83F8E00170471030002041
S214015270014B93F9E00170471030002001231348D9
S2140152801349826A8B62836D03F00303032BFAD101
S21401529002238B620D498B6D5800FCD40D488B6D33
S2140152A030EA0303FBD10121094B1965A3F58053AD
S2140152B0996D8907FCD4996D8807FCD5996D890786
S2140152C0FCD503210448FEF70DBB00BF00C000500B
S2140152D000D000500300010028C00050114321F007
S2140152E0F8014904034B490C41F44021063043F8C8
S2140152F02010704700800350021E30B54FF00000AA
S21401530014BF04250C2547F60774084952B9831DB6
S21401531051F82330234023B101308542F6D14FF0B6
S214015320FF3030BD00F11203F2E700BF00800350EA
S2140153303AB122F0030202F1A04202F5603209B945
S214015340106070470002FBE7044B9868421C02BFDE
S214015350034AD2F894009860704700BFA03F00202F
S214015360004000504FF0B0435A6812B19A6A002AC2
S214015370FAD17047054B5B69C3F38512827003F05F
S2140153803F021B0B42700370704700BF00C00750FE
S21401539007B5014601A8FFF7EDFF9DF8063001228B
S2140153A00B804FF4807300204B80054B9B680A33BB
S2140153B003F01F0302FA03F34B6003B05DF804FB2E
S2140153C00080E00FF8B5224B0446D3F810334B1E8D
S2140153D00E2B0D4616462AD971B30022012130271D
S2140153E06378207899401A4B07FB00330EB341F2DD
S2140153F010001950302163782778072B01FB07F737
S2140154001CD80F219B0013489A4099403844FEF758
S21401541069FA5DB901223020637821789A400C4BF5
S21401542000FB01338EB141F210015A50F8BD0A4615
S214015430D4E742F21000DCE70A46DBE70F21083B1F
S2140154409B0005489A409940E0E742F21001ECE7DC
S21401545000C0035004C003500CC0035010B560B127
S214015460EFF31184302383F31188FFF7ABFF84F346
S2140154701188BFF36F8F002010BD2220FCE7F0B526
S21401548001258D40EFF311864FF0300C8CF3118817
S214015490174C176823F0030344F821700CFB010135
S2140154A0547B0C66D47A977A240544EA0744177B22
S2140154B044EA4754CC650B671179937943EA014373
S2140154C000F500518B615379D17941EA034100F52A
S2140154D080539961117A01B11D64527A02B19D63BC
S2140154E000F50050456386F31188BFF36F8FF0BD5A
S2140154F000400450012303FA01F1BFF35F8F00F56A
S214015500005300F5805059638164704738B50A46E8
S2140155100C46002105460EF0E3FA38BD01B1F5E769
S214015520704710B508B9212010BD0029FBD00368CB
S21401553013F0704209D1C3F30E030B601BB9436825
S214015540002BF0D00B600020EEE703F05044B4F1DE
S214015550004F05D0B2F1304F02D0B2F1404FE2D148
S214015560DBB2EAE773B50D460646F0B1E9B10023B2
S21401557001A90193FFF7D5FFB8B93468019A14F071
S214015580704402F1030222F0030202D12A6002B043
S21401559070BDB168B4F1204FC1F38033C1F340311F
S2140155A00BD004D8B4F1004F09D02120EFE7B4F1B5
S2140155B0304F02D0B4F1404FF7D10B4401E003EB7A
S2140155C0410353432B60E2E72DE9F7430D4690462E
S2140155D01F460646E8B1E1B10468D1F800904C4593
S2140155E01BD004F03043B3F1004F12D184EA090313
S2140155F0B3F1805F3CD2002301A90193FFF791FF2D
S21401560038B9019AC2F30E02144349EA02039C42D6
S2140156102ED0212003B0BDE8F08314F0704427D4C7
S214015620B4F1805F29D00023304601A90193FFF72A
S21401563078FF0028EDD1009069462846FFF771FFF4
S2140156400028E6D1DDE900329A42E3D0E1E7002303
S214015650B8F1000F06D043F48053B268A9684A40F7
S2140156601A42D6D1002FDED0AB689B04DBD4D0E73C
S214015670002FECD14FF4C043EAE7002BF4D1B8F188
S214015680000FD0D04FF4C043E7E737B50C460546C8
S21401569050B149B100230B60036803F070430B60FF
S2140156A0C2683AB1032A02D0212003B030BD43F0CC
S2140156B080630B60AB689A013ED403F08073EA689E
S2140156C00AB9002BF0D1226822F0407213432360FE
S2140156D0EA68032A05D12A69F62AE5D962F317434F
S2140156E02360AB681B0442BF236843F40043236076
S2140156F0EB68032B1FBF23682A6862F30E0323603F
S2140157002A68AB6802F07042B2F1805F1CD213F4D3
S214015710D84FC9D10023284601A90193FFF701FFFD
S2140157200028C1D12B6813F0704231D12368019A49
S21401573062F30E032360B8E703F04073B3F1407FD2
S21401574018BF4FF00073BAE7580403F4005118D499
S2140157500029A9D0226842F4005222601A0542BFED
S214015760226842F4006222602A6802F07042B2F1B6
S214015770404FCFD05B0542BF236843F4806323606C
S214015780C8E7226842F4804222600029E6D0E1E7B9
S21401579003F05043B3F1004F05D0B2F1304F02D0C1
S2140157A0B2F1404F80D1019B013B23707DE737B5B5
S2140157B00C46054608B9212019E00029FBD0012333
S2140157C04B60C368ABB901A90193FFF7CBFE002874
S2140157D0F1D1019B6A699A4208D32A69002AEAD064
S2140157E0226043F000530020A36000E01D2003B0B8
S2140157F030BD032BDFD10023F5E7436882B013B930
S214015800416002B0704743680193019B5B68012BBE
S214015810019B01D15960F4E75B68F5E7F0B51746DF
S21401582002780446022A0E4693B03FD0032A41D09E
S214015830012A43D11425224A0C34326000229901F0
S21401584072603046B260326210F0F3FA4FF0010C2B
S21401585041F00051099709ABCDF828C006AF0B916E
S21401586045F0005593E8070003AB87E807000C9462
S2140158700CAACDF834C00E9507CA83E807000F942A
S21401588012AACDF840C0119512E907008DE807006D
S21401589019463046FFF7B1FF3946FFF7AEFF6946B6
S2140158A010F01FFB10F0EEFA13B0F0BD2025054AEC
S2140158B00C34C2E72025044A0C34BEE72120F3E766
S2140158C00002010300030103000401032DE9F04770
S2140158D0884616461C46054600283FD000293DD07E
S2140158E00378013B022B39D8436800F12C0903F0F9
S2140158F03F07E318436022BF8368013383607FB3A9
S214015900C7F1400A544522D35246314609EB0700F7
S2140159100EF04AFA01234A4641462846FFF77EFF23
S21401592090B9403C3C443F2C56440BD93246414644
S2140159302846A309FFF772FF30B924F03F031E443F
S21401594004F03F0414B90020BDE8F0870027224682
S214015950314609EB07000EF027FAF4E72120F3E7BA
S2140159603F2CE3D8F3E72DE9F0430E4617461D46D4
S214015970044693B018B9212013B0BDE8F08300297E
S214015980F9D0002AF7D0002BF5D0002339461A4665
S2140159903046FFF719FE0028EDD169463846FFF775
S2140159A0C0FD0028E7D130683249009A88426B6909
S2140159B05CD19342DFD32B68002BDCD14FF06062C1
S2140159C0636030462260A360236201A9FFF75DFE93
S2140159D00028D0D10199204621F4F061019110F000
S2140159E028FA284602A9FFF750FE0028C3D14FF037
S2140159F001094FF000582046029910F01AFA09A939
S214015A00CDF82890CDF82C80FFF7F7FE304606A992
S214015A10FFF7CDFE0028AFD1204606A9FFF7EDFE21
S214015A20EB6833B10CA9CDF83490CDF83880FFF788
S214015A30E4FE38460FA9FFF7BAFE00289CD120469F
S214015A400FA9FFF7DAFE284603A9FFF7B0FE0028E4
S214015A5092D1204603A910F044FA0325204610F0FF
S214015A6011FA012888D1013DF8D185E7B3EB420F41
S214015A70A1D280E7200000B010F1860F12D010F1FD
S214015A80850F0ADA10F1950F0FD010F1930F0CBFA6
S214015A906FF06F004FF0FF307047003818BF0120DD
S214015AA0404270476FF0710070470148704700BF71
S214015AB000B2FFFF10B12421F1F7F8BF704770B5AF
S214015AC015460E4624210446F1F7F0FF25F0400363
S214015AD0802B02D0B5F5807F08D12046314640F8AC
S214015AE0045BEA080EF060F9002070BD6FF01F003D
S214015AF0FBE72DE9F043012905460E4691469846F7
S214015B009DB04BD8046824F04003802B02D0B4F536
S214015B10807F46D12022002114A80DF0E1FF224A01
S214015B20224BE408012E08BF134613932B1D0A933C
S214015B30012344F000540B930C941D4C07AF0AAAA2
S214015B4007CA04AE87E80700CDF834900DAA0E9375
S214015B500F9407CA86E80700CDF84080119310AB72
S214015B60129401AC93E8070084E8070013A83946AD
S214015B70FFF743FE3146FFF740FE214610F0B1F92C
S214015B802968C90810F055F9102110F052F910F0E3
S214015B9059F910F03BF91DB0BDE8F0836FF0200015
S214015BA0F9E76FF07100F6E7000100040001010457
S214015BB01000002000F01F03A0F50620A0F550609D
S214015BC0812811D801229A40094B400903EB800332
S214015BD0D3F814111143C3F81411D3F8001121EAB4
S214015BE00201C3F8001170474FF0FF30704700BF45
S214015BF0103000202DE9F04FBBB028AE00F1300781
S214015C000446884615460FCF0FC697E80F0086E86C
S214015C100F002822002130A80DF062FF30A810F0F6
S214015C20FEF804F1300B0646002840F05A81D4F8FD
S214015C300090BB4A29F47E13934240F0DB809DF826
S214015C40A030014603932A9B102218A804932F9F85
S214015C500DF046FF102231461CA80DF041FF102220
S214015C60314620A80DF03CFF1022314624A80DF045
S214015C7037FF049B1DB1B8F1000F00F03281C9F364
S214015C800742C9F30549B9F1020F00F02A81B9F1BB
S214015C90100F00F22681D20700F12381FA1F062A8F
S214015CA000F21F81FAB2C2F10F0A5FFA8AFABAF15C
S214015CB0030F049209D8BAF1020F0CBF4FF48032D9
S214015CC04FF08072934280F00C815022002158469A
S214015CD005930DF005FF2A1E18BF0122FBB2C3F182
S214015CE00E0B5FFA8BFBA9F1020149084BEA8212FF
S214015CF042EAC1028DF860202BA93A460DF16100F7
S214015D000EF052F8059B1CA91A460136564501F8B5
S214015D10012D4FEA1222F8D3039A6363049B84F899
S214015D204C20C4F848903A4684F85D302BA9261DCD
S214015D3004F138000DF170090EF036F83146CDF851
S214015D40009018AB20AA30A802F02FFA002840F0E5
S214015D50C880E5B14FF4A063ADF86030D8F80030E4
S214015D60CDF86600CDF8623098F80430CDF86A00B8
S214015D70ADF86E008DF866303146CDF8009018AB60
S214015D8020AA30A802F011FA002840F0AA8020AB21
S214015D9004F15E0C24AE1A4603CAB242CCF80000E7
S214015DA0CCF8041013460CF1080CF4D13A462BA992
S214015DB00DF191008DF890B00DF0F6FF781C52466B
S214015DC0002130440DF08CFE012304F14D028DF8C4
S214015DD09F3028AF334603CBBB42106051601E464E
S214015DE002F10802F6D10020636A1D4465623BB0E9
S214015DF0BDE8F08F4B4A934240F0AD802F9B15B122
S214015E00B8F1000F6DD00C2B6BD1782200215846CB
S214015E109DF8A0600DF064FE002384F8A160C4E93B
S214015E200E532BAA002D00F08D80012618923E4AB3
S214015E3019960DF118091A9218AA07CA89E80700D7
S214015E403A4ACDF870801D960DF124081E921CAAC0
S214015E5007CA88E8070004F1400220920392344AF8
S214015E6021960CAF229220AA07CA04F1040B87E8F8
S214015E7007000DF1900A2F4A514658463193309249
S214015E8032933893FFF701FC049050BB30A8249955
S214015E900FF0CFFF05210FF0CCFF049B19460FF042
S214015EA0C8FF4FF000530FA910961193FFF7A5FCFA
S214015EB0584612A9FFF77BFC98B930A812A9FFF73C
S214015EC09CFC4946FFF799FC4146FFF796FC39468C
S214015ED010F007F80FF0D6FF30B110210398FFF746
S214015EE015FB6FF0920082E7134B04F170072497BD
S214015EF02596269315AB9AE8070083E8070094F8E1
S214015F00A1000E4A0E493293012808BF0A4630A85E
S214015F1030920FF0B7FFD8B120213846DFE700BF37
S214015F2000014005000240050C000020050000208D
S214015F3010000020000002042000002001000204DE
S214015F400100030404F1700307CA83E80700012077
S214015F5084F8A20047E76FF0850048E72DE9F04195
S214015F600E4614461D46BAB0002845D0002943D037
S214015F70002B41D0038803F44F42B2F5824F40F024
S214015F809B80DAB2122A0ED0413A012A00F294809E
S214015F902B68002B00F0B680DA1DB4EBD20F2BD1A4
S214015FA0FF2B21D0B0E023F0FF03B3F5E24F26D15B
S214015FB043882B60E3B9E3002B60B3F5807F7BD188
S214015FC00023184657493519214415F8012D11F8B3
S214015FD0014D1043121B18BF0023AE4243EA0203D1
S214015FE0F3D148B1002B07DA00203AB0BDE8F081C2
S214015FF0DA1DB4EBD20FE0D06FF08600F5E7B3F50B
S214016000824F40F08B800B78042BF5D1282200219B
S2140160101FA80DF065FD1FA80FF001FF10B16FF06E
S2140160209200E2E7404B20901F9301232190CDF888
S21401603010D005933D4B04AA069301AB0090279020
S21401604007CA83E8070019461FA80FF04AFF0FF09A
S21401605019FF0028E3D1009B354A23F07F43934282
S2140160602AD94FF0420829AF4246002138460DF0A2
S21401607037FD012320220021013C17A88DF8A4300A
S21401608001360DF02DFD202200211C940FA8E400FE
S21401609064081B960DF024FD2022002107A8CDE9F7
S2140160A013780DF01DFDB4F5807FCDE90B782C60DB
S2140160B00BD004D8E02C9FD16FF0850095E7B4F59E
S2140160C0C07FF9D0B4F5047FF5E71A4B0FA91793F3
S2140160D00F934FF4005319934FF4804311934023C9
S2140160E017AA08931FA807ABFFF73DFC04462968CB
S2140160F038460731C9084900FFF710FA002C3FF46B
S21401610073AF79E7E3002B60B3F5807FD4D1438882
S214016110B3F5807FD0D0FF232B6065E76FF0960044
S21401612063E700BF52680200000008430400002035
S2140161300102010020000080F8B5134642880C4693
S2140161400732072A4FEAD20101D0A14253D1D0E942
S214016150016705882022184600210DF0C1FC360A89
S2140161600346002E4AD1002C45D041F20102954249
S21401617005D0B5F5885F02D0B5F5905F02D15C60B9
S214016180002011E0B5F5105F07D1182C03D0202CA4
S21401619001D0102C2FD11C60F1E705F44F42B2F567
S2140161A0824F02D06FF08500F8BDEAB2122A03D101
S2140161B0202CF7D1134A04E0412AF3D1202CF1D147
S2140161C0114A25F0FF05B5F5E24F1A600CD0B5F57A
S2140161D0824F10D14FF4005217F4705F09D017F4B4
S2140161E0864F04D09A60DDE74FF48042F4E742F42C
S2140161F080629A60C4E76FF08600D5E76FF08B0087
S214016200D2E700BF20000080200000B02DE9F04159
S2140162101C46436807461B0A8846154688B054D173
S214016220038823F0FF02B2F5824F2BD14688413B0B
S214016230DBB20736012B4FEAD60607D90B78042BBB
S21401624019D06FF0860008B0BDE8F081B542F8D1EC
S214016250224631463846FFF76FFF0028F3D1033553
S21401626025F00305C4E9030865616EB920212046BF
S214016270FFF74CF9E5E7013DB5EB460F01F10108E3
S214016280E6D0DEE72E46E3E70146202268460DF01B
S21401629027FC31466A463846FFF74EFFDDE90076B1
S2140162A0DDE9062C02990028E0D12368A568BB42E7
S2140162B0DCD16768B742D9D18D42D7D1A169914265
S2140162C0D4D1E2696245BED0D0E76FF08B00BAE761
S2140162D02DE9F84F05460E4621B10B7D1F2B02D93D
S2140162E00F2426E0454EEFF31187302383F3118800
S2140162F0DFF81091D9F8E831183B13F1180F11D1D6
S214016300DFF80481D8F800A0C5BB42464FF0FF3144
S2140163101C2004F0E3FF0446D8B187F31188BFF3CD
S2140163206F8F06E0AB4207D187F31188BFF36F8FFB
S21401633012242046BDE8F88F1A68B24201D09B6944
S214016340DAE7002DF0D087F31188BFF36F8F23248F
S214016350EFE74FF0010BD8F800500421307D05F12E
S214016360100205F065F8044680B1BBF1000F02D0BB
S21401637028460FF011FAC8F800A0CEE7BAF1000FD0
S21401638001D1C8F800504FF0000BE6E70421307D3C
S21401639005F1140205F04CF8044618B128690FF00F
S2140163A0FBF9E2E72B464FF400112E60D9F8E821FD
S2140163B068602873A86043F8182F114AC9F8E831B5
S2140163C03368C2F8801111604FF0F0529A60FF22D4
S2140163D04FF0FF3198619A6203F500529863186492
S2140163E01165012203F580535A6008232B73326826
S2140163F0936823F0F85393608FE700BF7468020038
S21401640000E100E0103000205C0B0020002307B5FF
S21401641001AA019305F00CF8019803B05DF804FB9E
S21401642013B500244FF0FF3101AA019404F056FF82
S21401643000B10194019802B010BDF1E7F0E7EFE773
S214016440EEE7FDF71FBAFDF71DBAFDF71BBAFDF71C
S21401645019BA0FF0A1B90FF09FB90FF09DB90FF05F
S2140164609BB90FF099B90FF097B90FF095B90FF0E6
S21401647093B90FF091B90FF08FB90FF08DB90FF0F6
S2140164808BB9002337B50D461446019302B3073086
S21401649020F00700C2E902104FF0FF31684301AA5D
S2140164A004F01CFF60B90246019B013DC4E90033BC
S2140164B091B2A94202F1010204D34FF0FF321A60F1
S2140164C003B030BDE16819441960E1680B44EFE799
S2140164D02220F5E7FEE7002307B5084601AA4FF09C
S2140164E0FF31019304F0FAFE019803B05DF804FB56
S2140164F008460FF051B90846114687E7BFF35F8F8C
S214016500074B5A6A22F480325A62D3F8942022F05A
S2140165100102C3F89420BFF34F8FBFF36F8F70470C
S21401652000ED00E000232DE9F0479A4CDFF8708279
S214016530994E94F83470D8F8EC91F568C8F8EC31B7
S21401654017B32268AA4240F0188131696268914205
S21401655040F013817169A268914240F00E81B169E1
S214016560E268914240F00981F1696269914240F026
S2140165700481716AE26B914240F0FF801D46326AE7
S214016580A2612846BDE8F0875822394604F110007A
S214016590D4F838A00DF0A4FA336904F1080063605A
S2140165A0F369C4F838A06361336A2560A361D6E94C
S2140165B00523C4E90223FCF75AFE736A04F140007E
S2140165C0E3639B68984720B9676C17B16368B3FBB0
S2140165D0F7F794F84330E761002B00F0D0800023F2
S2140165E0656C2366002D00F0D280002F00F0CF806E
S2140165F02368B3FBF5F205FB1233002B40F0C18094
S2140166006668B6FBF5F305FB1363002B40F0B98013
S2140166106048FDF756FA8642C0F0B58040F63472FF
S2140166206369CC3B934200F2B080B5F5805FC0F061
S214016630AE8003215748FDF756FAD4E90001E36B13
S2140166401B6898470546E36B0220DB689847BDB98F
S21401665049465048FEF7A0FB6428054604D1494642
S2140166604C48FEF799FB054655B9636C226A143B04
S214016670484802FB03F6FDF724FA864238BF5A253E
S214016680002D0CBF0123002384F8343056D1D4E901
S2140166900060D8F8F031D8F8F4710133C8F8F03159
S2140166A0FFF72CFF1F2837D94FF0000CF10600F139
S2140166B0FF3018BF26F01F0106EB00030CBF314662
S2140166C02031DA06354A18BF23F01F035FFA8CF033
S2140166D0874237D8D2F8C00041F0030120F47F404A
S2140166E040F48070C2F8C000EFF31186302080F3CA
S2140166F01188D8F8F40143F00303C2F89800C2F8F1
S2140167009C10C2F8A03086F31188BFF36F8FD8F8BB
S214016710F4310133C8F8F431BFF35F8F05221F4B04
S214016720C3F894205A6A42F480325A62BFF34F8FFC
S214016730BFF36F8FBFF34F8FBFF36F8FE06B02F026
S21401674098FB1EE7C2F89800D2F89C00D2F8A06029
S21401675020F01F00884226F01F0601D19E42DBD0A2
S2140167608E4201D39842D7D9D2F898000CF1010C89
S21401677020F0FF00C2F89800A8E75D2501E7212573
S214016780FFE65925FDE65A25FBE65F25F9E65B257A
S214016790F7E600BFD80A0020A03F002000ED00E089
S2140167A0103000202DE9F04FA7B0CDE90221804638
S2140167B01D4604460822319F28FA02F383EA08039D
S2140167C0990702F1080218BF9B00202A1C44F3D146
S2140167D08123B4FBF3F303EBC313E41A8A4B04F5EA
S2140167E0062493F8F83104F55064002B3CD1FFF7EA
S2140167F099FE0646002879D10146402206A80DF0EA
S2140168006FF94022314616A80DF06AF9DFF81492A6
S2140168107E4BCB4609F110094B4528BF4B46002657
S21401682003F1FF3A10225B46CDE900A6784806A997
S214016830FDF7AEFB034606AA9E4244D10123102271
S214016840CDE900A372485B4616A9FDF7A1FB4FF000
S214016850000B824616AED3454DD16E4B9945D7D126
S2140168600122694B83F8F8214FF081090026DFF8F1
S21401687098B16309A3F58643683B0BEB8303D3F812
S214016880142104F01F01CA40D2074AD4D3F80031BC
S214016890CB40DB0738D5002E08BF26468123A4F55A
S2140168A00624A4F6FF44B4FBF3F303EBC313E41A84
S2140168B004F50624B9F1010904F55064D9D1029B07
S2140168C023B356BB22E052F8040B05930492FFF75C
S2140168D071F9DDE9042301300BD100224A4B83F81C
S2140168E0F821494B93F8F831002BBDD16FF0910098
S2140168F00EE00136A0E756F8040BFCF7F1FE013076
S214016900EFD00BF1010BA6E7029B23B96FF08B00CA
S21401691027B0BDE8F08F06B92646329B00201E60E0
S214016920F6E7309B13B10023309A13600FB10023B2
S2140169303B604FF0100A00232A4621463448CDF822
S21401694000A0FDF739FC002854D1309B0BB1C3F8E9
S21401695000A02A68304B9A4215D021462C48FEF7F3
S2140169605FF90028D2D1D5E9022303998B4208BFEB
S214016970424593D1029B002BCED06B68012BCBD125
S2140169806FF08400C4E7309B002BECD0002FEAD0D8
S21401699000231F483B6090F83430002BA6D0DFF868
S2140169A068A00121FDF79FF816AB214618480AF5A5
S2140169B0C472FDF75CFB0346D0B99DF85820032A44
S2140169C016D0022A11D104223A60114A0493D06BE0
S2140169D002F04FFA049B002B88D1309A3B6812686C
S2140169E0934283D39B1A3B60BDE7DAF89821EBE725
S2140169F02D23EAE7094B9842AFD06328ADD0084B68
S214016A009842B0D072E700BF10300020816D0800B8
S214016A10D80A0020906D0800105D175EFFDF00F0B9
S214016A20FEDF00F0006D080070B506460D46144600
S214016A308CB0CAB11022002108A80DF051F800222E
S214016A4005AB029307AB019306AB0093304629468C
S214016A5008ABCDE90622FFF7A5FE18B9099B6360CE
S214016A60079B23600CB070BD6FF08600FAE730B567
S214016A708DB00C4605461022002108A80DF030F80E
S214016A80002205AB029307AB019306AB21460093A8
S214016A90284608ABCDE90622FFF784FE044610BB64
S214016AA0099B012B22D0059D13482946FEF7B8F80D
S214016AB0F8B9A5F50623A3F55063812B05F01F0051
S214016AC00FD801210D4A5B0902EB8303D3F8142189
S214016AD081404A402846C3F81421FCF701FE0130E4
S214016AE001D16FF0860420460DB030BD6FF08404EE
S214016AF0F9E76FF09104F6E7D80A0020103000207D
S214016B004FF0B0439A6A1207FCD4186A70472DE911
S214016B10F84FEFF31189302383F311884FF0B04318
S214016B205B691907554903F0010203F00D0314468A
S214016B304B6148BF42F002044AB1514AD2F8FC31D7
S214016B400133C2F8FC310EF0F5FF0EF093FFA307F8
S214016B502FD5EFF31185302686F311884FF0000A02
S214016B600EF0E8FF5746DFF81881D8F828410CB137
S214016B70636923B30023012F88F8053204D11AF084
S214016B80020F18BF88F805720EF074FF22280CD188
S214016B9001223C4B83F828204FF0B042D36B23F000
S214016BA00303D3630822354B9A6185F31188BFF33B
S214016BB06F8F89F31188BFF36F8FBDE8F88F234677
S214016BC05A693AB91A792179914288BF1C469B685D
S214016BD0002BF5D185F31188BFF36F8F2569DDB1E1
S214016BE0FFF78EFFA369A0EB030A4FEAEA72AA45F4
S214016BF072F1000211DB2B44A361E36813B1204656
S214016C0021689847B4F806A00137EFF3118586F39B
S214016C1011880EF08FFFA8E7AA46EFF3118B86F3D3
S214016C20118820460EF032FD8BF31188BFF36F8F6B
S214016C302369002BE1D0A38BB5EB0A0133B1E28BBC
S214016C4013449BB2B3F57A7F10D2E383EFF3118539
S214016C5086F3118820460EF0CFFEA36922691344FD
S214016C60A36185F31188BFF36F8FC6E7A3F57A7327
S214016C70E383A3690139013BA361E7E700200058DC
S214016C8010300020A03F002070B504460E46EFF3FA
S214016C90108572B64288818803888A420FD21344CF
S214016CA0B3FBF1F001FB1033013204EB8303DE602A
S214016CB06280012328460FF071F8184670BD82687D
S214016CC05AB9238804EB8302D660A2880133B3FB4A
S214016CD0F2F102FB11332380EBE700EB8303D96863
S214016CE0904703460028ECD1E4E72DE9F0432B4812
S214016CF0DDF81C8090F8124294424BD90C24624372
S214016D00D0F808E21EEB020446D06089002843D082
S214016D10B4F90450B4F906608D42B4F908701DDC6C
S214016D20B142A8BF3146002F36D000F1FF3C1FFA12
S214016D308CFC07FB0C594C1B94FBF7F44E45D8BF53
S214016D406046A4B2A04202D3B14218BF20465EF804
S214016D5002C05CF820200CEB800403E02946E2E741
S214016D60013880B218B154F804ED7245F8D0B1423A
S214016D701EBF17FB00F1491909B2994203DD10B194
S214016D80013880B2E5E70020C8F80020A8F8041012
S214016D90BDE8F0830E20FBE70220F9E71030002063
S214016DA010B5084C20460DF068FA20B994E80700A3
S214016DB0054B83E80700BDE8104001214FF0FF3086
S214016DC00DF05DBA8C68020018320020FF20704773
S214016DD0004870470080FFFF38B5134C0546616BCD
S214016DE079B9A26B5AB9616CA1B9A26CCAB13C342B
S214016DF0E3688BB922780D4B00201A7009E02C3419
S214016E00F6E72C342846227809680DF06AFB00283C
S214016E10EED038BD3C34F5E7284698470028E9D03F
S214016E20F7E70220F5E700BFA03F0020201400206E
S214016E30F8B5154F97F8143223BB0222134E144DA2
S214016E40144CAD1BC4E90065C7F81C52013D304621
S214016E50ED08C4E90233236122776362C4E905665B
S214016E60C7F81862F2F736FF75802369E2680133C6
S214016E702361A36808339342A36088BFE3600123BC
S214016E8087F81432F8BD00BF10300020D040002033
S214016E90000001207019002000232DE9F04F9E4EBE
S214016EA085B0039373680D469A42104606D249B9D7
S214016EB022B14FF0FF3103AA04F010FA039805B08F
S214016EC0BDE8F08F1AB908460EF066FCF6E7EFF358
S214016ED01188302383F31188A1F1080C31F8061CC0
S214016EE007304FEAC10920F00704A14580F09280DF
S214016EF035F8023C002B76D0591A012973D10CEBD8
S214016F00C30A1CF83330D9076DD4BAF80230A9EB9E
S214016F10040717EBC30766D41F2F3DDD05EB040BF3
S214016F20C4F3CF0425F8064C0134584625F8024C24
S214016F30FF08F2F7CFFEABF8027035F8023CABF86B
S214016F400430BAF806301BB3BAF802209A1A12FABD
S214016F5087F7BFB20AEBC303ABF806709F80002227
S214016F605146584601F0A4F95046F2F7B3FE002206
S214016F7035F8061CB368039503EBC103F168A3EB70
S214016F8009038B42B36043D8A2B3083BB36031E038
S214016F900023ABF80630E2E73369013B336135F88D
S214016FA0063CBAF802200133134425F8063CBAF829
S214016FB00620A2B1BAF80210511A11FA83F39BB255
S214016FC00AEBC20225F8023C938001226046514634
S214016FD001F06EF95046F2F77DFE0122C8E7002364
S214016FE025F8023CF1E74FF0FF31204603AA04F0F2
S214016FF075F920B188F31188BFF36F8F5EE74A46B3
S214017000294603980CF0D0FE28460EF0C5FBF1E7A2
S214017010F360B9E777D935F8022CA9EB0407531EBC
S2140170205B1A002A3ED00CEBC20A1CF83220D207AB
S21401703039D4C3BBC4F3CF0305EB040B25F8063CD8
S214017040013325F8023C5846F2F744FEBAF80230FE
S21401705003EBD703ABF8023035F8022CABF804206B
S214017060BAF80620DAB1BAF80210511A11FA83F307
S2140170709BB20AEBC202ABF806309380002251465F
S214017080584601F015F95046F2F724FE0023B2687F
S21401709003951444A4EB0904BBBBB460AAE7ABF8A0
S2140170A00620EBE79246272F2DD9C4F3CF0205EB36
S2140170B0040B25F8062C013F013225F8022C584610
S2140170C0FF080193F2F706FEABF8027035F8022CC2
S2140170D0ABF80420BAF1000F12D0019B013313FA6A
S2140170E087F7BFB2ABF80670AAF8047000223369BE
S2140170F0114601335846336101F0DAF80123C6E739
S214017100ABF806A0F2E7039574E7F36808349C42EF
S214017110B46088BFF4606DE77019002041F67132E3
S21401712010B5104C104BA04294BF00240124D9691D
S214017130DA639A6801F4803122F4401242EA04527A
S2140171409A600A4A90420A4AD2F818028CBF40F066
S214017150020020F00200C2F8180209B10022DA6328
S21401716010BD00BF005A62020000035080F0FA0210
S21401717000C0075010F1860F12D010F1850F0ADA01
S21401718010F1930F0FD010F1870F0CBF6FF0730043
S2140171904FF0FF307047003818BF0120404270475B
S2140171A06FF0710070476FF06F007047094B186FF2
S2140171B000F00700431E032B03D8DFE803F00608A0
S2140171C009040020704706207047022070470420FB
S2140171D0704700BF008000500EB417B50446828881
S2140171E0E18800688A4234BF891A002106AB104440
S2140171F00D4A019304F066FE002800DAFEE7A38834
S214017200E288184480B2904228BF2368A08028BF35
S2140172109B18204624BF002203F8012C03B0BDE8CA
S214017220104003B0704700BFED8802002DE9F0431F
S2140172300D4690461E46044693B0002850D00029BD
S2140172404ED0002A4CD0002B4AD0264B0FAF0360FD
S214017250002339464360036283602846FEF715FA29
S21401726000283AD120460F990EF0E3FD1021204662
S2140172700EF0DFFD4FF001094FF00053694620463E
S214017280CDF804900293FEF7B8FA284603A9FEF754
S2140172908EFA10BB144D204603A9FEF7AEFACDF8C0
S2140172A03C8006ABCDF84090119597E8070083E83F
S2140172B0070019462046FEF7A0FA0C9609ABCDF852
S2140172C034900CAA0E9507CA83E807002046194693
S2140172D00EF007FE20460EF0D5FD13B0BDE8F08394
S2140172E02120FAE700010004100000202DE9F04FEC
S2140172F0894690461F460446A3B0002800F0BA808F
S214017300002900F0B7803AB12D9B002B00F0B28027
S2140173102E9B002B00F0AE8000252E46A84540F29D
S214017320A7805EB12D9B2C9A5B5D925D0136534022
S2140173302E9A06F00F0653550135EFE7A8EB050B1D
S214017340BBF10F0F40F292804B4B666048462360BC
S214017350A660266203A9FEF798F9002865D12046A3
S21401736003992BF00F0B0EF064FD594620460EF0E4
S21401737060FD4FF0010A4FF00053204604A9CDF8F6
S21401738014A00693FEF739FA484607A9FEF70FFA46
S21401739000284AD1204607A9FEF72FFA374B1F9738
S2140173A00DF1280CCDF880A022A9219311E9070040
S2140173B08CE807002D990DF1340E4B191C934BF0F8
S2140173C00053CDF874A01CAA1E9307CA8EE80700C6
S2140173D0614620460193FEF710FA20460DA9FEF7F6
S2140173E00CFA2E99019B4A191992CDF868A019AA90
S2140173F01B9310AB07CA83E80700204A1697CDF8FF
S2140174005CA018920DF14C0A16AA07CA8AE8070072
S214017410194620460EF065FD514620460EF061FDE8
S21401742020460EF02FFD5D4400B323B0BDE8F08F7B
S2140174308EB93A46494620462C9BFFF7F7FE0028B0
S214017440F3D107F1100212F8013D0133DBB21370DC
S2140174500BB99742F7D12C9B2D9A9B5D525D013655
S21401746053402E9A06F00F0653550135A845DFD135
S2140174700020DAE72120D8E70303000410000020EB
S2140174802DE9F3410C4616461F46054628B1D02283
S21401749000210CF025FB04B116B96FF086042AE032
S2140174A063880733B7EBD30FF7D32388B3F5105FA1
S2140174B025D1164B05F12C082046AB623A464346C9
S2140174C03146FEF7A3FE0446A8B9019001A940463D
S2140174D0FEF727F8B0B9019AA2F110011029DCD8FD
S2140174E00B4BCB40DB07D8D52846E96B0CF05CFC90
S2140174F0ED6385F85840204602B0BDE8F0816FF094
S2140175008504F8E76FF09204F5E700BF000248052E
S214017510010101002DE9F04F934620220646BBB03B
S2140175200DEB02008A4600211F46449C0CF0D8FA57
S2140175302022002110A80CF0D3FA2022002118A83E
S2140175400CF0CEFA2822002120A80CF0C9FA40221D
S21401755000212AA80CF0C4FA002E00F09080BAF19F
S214017560000F00F08C80479B002B00F08880B6F857
S2140175700090758809F4E042B2F5804F7FD0EA1D8D
S214017580BBEBD20F4FEAD20879D3469B984500F25F
S2140175908D8020A80EF043FC28B16FF0920420469F
S2140175A03BB0BDE8F08F434A2190209201AA229079
S2140175B0059201220692404A0DF1080C079205AA8F
S2140175C00190289007CA8CE8070020A861460EF0B3
S2140175D088FC20A80EF056FC0028DED1019A374917
S2140175E022F07F428A42019202D86FF08504D6E7E4
S2140175F047F21212914512D047F241129145F4D149
S214017600A0453CD8FF2DF0D1469B0334DD1C459A9E
S21401761020232B4924F0030425F003050AE0B5F5E1
S214017620807FE2D140252B4602342649013724F0DB
S21401763003042AAA109100211993CDE91B12CDE962
S21401764013175A465146304608AB15941D95FEF75A
S214017650DDFD04460028A2D1129B189043F4005386
S21401766020A812930EF0DBFB002896D118AB10AAC7
S21401767008A920A8FEF777F920B14828B5D06FF001
S21401768086048CE747F2121399450BD12AAD424680
S214017690294645980CF088FB4022214628460CF0E6
S2140176A01FFA4023479BC3F8008078E76FF08904F0
S2140176B075E700BF00000843040000200102010036
S2140176C0200000B0200000802DE9F04106460D465E
S2140176D090461F4696B0002B3CD020230CA83B605A
S2140176E00EF09DFB044620B16FF0920016B0BDE887
S2140176F0F0811A4B29460D9014900E900CA80C930D
S2140177000EF097FB4FF0010C45F00055069606ABC0
S214017710CDF81CC0089593E80700114B8DE80700CB
S21401772003ADCDF82480CDF828C00B9309AB93E8C0
S214017730070085E8070069460CA8FEF75EF80CA866
S21401774029460EF0CEFB0CA80EF09CFB0028CDD0EF
S2140177503C60C9E76FF08600C8E700BF000400037D
S214017760200000202DE9F74399460023884601A909
S214017770054617460193EFF793FB0446D8B9019ED9
S214017780B9F1010F15BFD6F88830D6F8843006F166
S214017790880006F184009BB9727A96F85030D206BA
S2140177A003D5012B21D0042B1FD0053B022B1CD95E
S2140177B02846EFF768FB0224204603B0BDE8F083B5
S2140177C0FCF7B0F870B14268019BD3F8A430C8F852
S2140177D0002002893A801A6E026018662846EFF782
S2140177E052FBE9E7C8F8000038802846EFF74BFB64
S2140177F01B24E1E72DE9F84312F0030418BF012426
S21401780004EB92048C4207460E4615464FEA84095D
S214017810C2EB84081AD8424600210CF061F9321BEB
S2140178200021920007EB09000CF05AF92A460020C5
S21401783007EB0801F6F7E6F8054620B91CB1214624
S2140178403846F0F789F82846BDE8F8836FF0030557
S214017850F9E72DE9F041036B826B92B09A4288BF3B
S2140178608363426C436A07680E4602FB0377C36B69
S21401787003A905225B6904463846984703A8FCF726
S2140178806FF901280146307070D0656CE26B236891
S214017890606AD2F814C005FB0030052208A9E0474B
S2140178A008A8FCF75DF901284FF000053CD0D4E9A3
S2140178B00A3201219342CDE90D458DF83C501095D1
S2140178C08DF8441043D119462046FCF78DF9236BF9
S2140178D0626C14339B1AE06223630E9B1BBB9DF8FC
S2140178E0443003B3636A626C2568D4F83C8002FBBB
S2140178F003550C350122D8F8143001A928469847BB
S2140179004FF6FF72019B99B291420CD16FF30F03B0
S21401791043F4254343F0A503029301222846D8F8F1
S214017920183002A998470E9DE36B05225B6903A9EF
S2140179303846984703A8FCF713F930702846236B9E
S214017940A26B9A4288BFA36312B0BDE8F081237C84
S21401795033B91D490DAA04F10800FCF7D1F8BCE7BC
S21401796020461A4A0DABFCF7D5FAB6E7237C23BBB3
S2140179702246174904F10800FCF7C2F8616A20465E
S214017980FDF7DCF9616A421C2046FCF7B5FC0546AA
S21401799020B9236B626C1344143B23632046A16A0F
S2140179A0FCF722F92368A062C01A636CB0FBF3F0FF
S2140179B060622046FCF728FBB6E700232046054A0E
S2140179C0FCF7A8FADAE700BF154A0100D54A01001C
S2140179D0C73201001733010038B5036804460BB3FC
S2140179E0012B08D0042B14D02046BDE83840E822ED
S2140179F000210CF075B882690B4B9A42F4D100F164
S214017A0020055830F2F7F7F868212846F0F74EF8C7
S214017A10EAE7D02500F118032A46002118460CF0A3
S214017A205FF8E1E738BD00BF00015005044A054B89
S214017A30013800D2704753F8041B42F8041BF7E7DD
S214017A40203E0020404100002DE9F041069E0446FC
S214017A5088461F4615460AB103B106B9FEE700215E
S214017A60F7F712FB154BDFF858E0E41A1E23E41073
S214017A70B4FBF3F4E4B24FEA841C0EEB841484F8EE
S214017A8001800CF10C08F04495E80F0088E80F001F
S214017A900CF11C05754497E80F0085E80F000CF102
S214017AA02C05754496E80F0085E80F004FF6FF7326
S214017AB0A38784F83E30BDE8F08100BFD80D0020D2
S214017AC0B811002037B5094D0446094928680CF05D
S214017AD0A0FAF7F7CBF8074B01940093C2000123F5
S214017AE0034928680CF085FA03B030BD0C1100205C
S214017AF098160020E9EB000070B5436A04460D466F
S214017B001BB111B9826A0F489847A38899060ED50A
S214017B100C4BDA7D92070AD5197D94F860209142C4
S214017B2005D11B69E26D934224BF0133E365206AE8
S214017B30836C33B12DB92A46BDE870400149006C0B
S214017B40184770BD581100200FB407B5064A05A99D
S214017B501368019113B152680448984703B05DF861
S214017B6004EB04B0704700BFB019002091840200F6
S214017B70F0B51E4B1968EFF31184302383F3118897
S214017B8001220B684D681E7DB240013A22EA0502C9
S214017B9092FAA2F3B3FA83F39E4205D884F31188CE
S214017BA0BFF36F8F1A20F0BD0F7BBE4213D0F61BBA
S214017BB006F1FF3C5FFA8CFC9C450CD90123BB40C7
S214017BC0013BB34032EA030314BFB3FA83F3202325
S214017BD0C3F11F03DBB201229A402A434A600370B5
S214017BE084F31188BFF36F8F0020DCE75C0B002065
S214017BF02DE9F843436E044613F018060D4644D1AA
S214017C005907426A3DD4042A3FD9017843F0040358
S214017C1081EA12210170417843664A4042704FF072
S214017C20050804F13807E26A0023023202F00F0267
S214017C30C2F11000404528BF404604EB020C03F198
S214017C40040E70450CEB030122D2984229D8E36A50
S214017C5002440344102AE362A8EB0008054402D05C
S214017C60626A934227D1224621463846F2F77AFDC8
S214017C7008B30646636E43F0100363663046BDE8FC
S214017C80F883C36A05339342C9D96FF00C06F5E74A
S214017C90E9585CF8039081EA09014CF80310734631
S214017CA0CDE715F803E091F800C001338CEA0E0C1D
S214017CB001F801CBC9E7B8F1000FB4D1E26A636AF3
S214017CC09A42DBD1636EC4F82C8043F008036366E6
S214017CD0D4E72DE9F04399B004460EA80D461646A2
S214017CE00EF09DF820B16FF0920019B0BDE8F08358
S214017CF0019005B15CB335F0030705F0030829D000
S214017D004FF0E0634FF000090E930123CDF83C904D
S214017D10CDF840900B940C9347F000530D930BAAAB
S214017D2005AB07CA83E8070019460EA8CDF8589098
S214017D300EF0D7F80EA839460EF07BF80EA80EF016
S214017D40A1F838B13A46494620460BF0C9FE002351
S214017D503360C8E7B8F1000F02D100203560C4E7F0
S214017D604FF0E0634FF000090E9301ABCDF83C9065
S214017D70CDF84090089301230993114B08AA0A9362
S214017D8002AB07CA83E8070019460EA8CDF858903B
S214017D900EF0A7F80EA804210EF04BF80EA80EF070
S214017DA071F808B12A46CEE7019A3C44C300013077
S214017DB022FA03F3804504F8013BF7D1CDE700BF73
S214017DC0040000202DE9F74F00F4E048B8F5804F95
S214017DD082460F4616461D4612D100F44F43B3F5B0
S214017DE0824F02D1C3B2412B0AD0E90705D56B08F1
S214017DF047B1FA1DB3EBD20F05D06FF0860787E0C7
S214017E002B46F5E7DF0080210120FEF7FFFA044646
S214017E10002800F07381EFF7C3FD0123002204F16F
S214017E206809C4E918234846EFF7B1FD0AF44F4341
S214017E30B3F5824F0BD15FFA8AFABAF1300F37D019
S214017E4008D8BAF1120F13D0BAF1170F39D06FF064
S214017E5086051FE0BAF1410FF9D1B7F5807F05D04D
S214017E60B7F5E07F00F04581FF2FF0D109212FE023
S214017E7040F209239F4200F03C8116D8B7F5807F77
S214017E8025D00FD827F02007C02F14BF6FF0860526
S214017E906FF085052046F1F73DFC20460DF07CFC91
S214017EA02F4635E0B7F5C07FEFE7B7F5047FECE77F
S214017EB027F08003B3F5807F00F01B81B7F5007FC4
S214017EC0E3E7C02F00F01581B7F5807FDDE70321DA
S214017ED02046F1F72FFCF1F7C9FC0746002840F0D1
S214017EE00B81B8F5804F7DD1B5B9DFF820B2584681
S214017EF0F1F7BCFC05460028CCD149462046F1F7EF
S214017F00DDFAF1F7B3FC05460028C3D10C9B1C60D3
S214017F10384603B0BDE8F08F201DEFF7D9FC00F11D
S214017F2007082046EFF72AFD02284FEAD80830D185
S214017F304545DAD12A4631464846EFF7C9FE83461B
S214017F400028D4D104F17000EFF7C5FD2378092B82
S214017F5015D0012104F17800EFF76DFF8346002864
S214017F60C5D12046EFF70AFD0128C0D132789AB96B
S214017F70012DBAD14846EFF772FF8346B7E7E9000D
S214017F805A4648460139EFF77FFF83460028E0D07E
S214017F90ADE7DFF870B1E4E708F1010A5545019055
S214017FA0A3D342464846711CEFF7C7FE8346002816
S214017FB09DD1019B04F178001946EFF73CFF8346FB
S214017FC0002894D13378042B8FD14FEA480301332C
S214017FD09D428AD1424606EB0A0104F17000EFF792
S214017FE0ACFECAE794F8009020464946F1F7A2FB9A
S214017FF08046002879D12046EFF7C0FC0228824649
S21401800054D1B9F1090F30D1202D70D104F1600996
S2140180102A4631464846EFF75BFE0246F0B901466E
S2140180204846EFF731FF0246C0B901214846EFF74F
S2140180302BFF024690B951464846EFF725FF024608
S21401804060B9FF214846EFF71FFF024630B901220B
S214018050FE214846EFF718FF024648B304F16000D8
S2140180600192EFF738FD019A38E0B9F10D0F1DD1F5
S214018070382D3CD104F160092A4631464846EFF7CF
S21401808027FE02460028E9D101464846EFF7FCFEE6
S21401809002460028E2D101214846EFF7F5FE0246E6
S2140180A00028DBD1012240F2BF11D2E7DFF854806D
S2140180B02046EFF763FC012804F1600910D12A4637
S2140180C031464846EFF739FE02460028C6D14946F2
S2140180D02046EFF77FFC02460028BFD1104610E786
S2140180E0B8F1000FF3D0074AB8E70246F6E7064AAA
S2140180F0F4E76FF08505CDE60546CBE66FF08C0715
S21401810006E700BF80B1FFFF80B3FFFF80B0FFFF2F
S2140181102DE9F047C3F34508B8FA88FA0C46154628
S2140181204FEA5A1A07465246294620461E46EFF798
S21401813013FD48BB04F108095246484605F10801FB
S214018140EFF70AFD00BB08F1FF33D3F1000848EB57
S21401815003084246204605F11801EFF7FDFC98B9E1
S2140181604246484605F12001EFF7F6FC60B9214684
S2140181703846F209F0F74BF830B904F11000012146
S214018180BDE8F047EFF757BEBDE8F08738B50C46B7
S214018190054601212046EFF7A0FE28B921462846CC
S2140181A0BDE83840EFF75FBF38BD2DE9F0479EB018
S2140181B0894615461E460446DDF89880002871D08B
S2140181C000296FD0002B6DD0B8F1000F6AD0364B66
S2140181D01BAF036000233946436003628360484651
S2140181E0FDF753FA00285AD120461B990DF021FEBF
S2140181F0102120460DF01DFE4FF0010A4FF00053EE
S21401820069462046CDF804A00293FDF7F6FA4846E3
S21401821003A9FDF7CCFA002841D1DFF8909020465B
S21401822003A9FDF7EAFA1B9506ABCDF870A0CDF8C9
S214018230749097E8070083E80700189618AACDF807
S21401824064A009AECDF8689007CA86E8070019460B
S2140182502046FDF7D2FA31462046FDF7CEFACDF894
S21401826054800CABCDF858A015AACDF85C9007CA7F
S21401827083E80700129512AACDF84CA00FADCDF8F1
S214018280509007CA85E80700194620460DF029FEDA
S214018290204629460DF025FE20460DF0F3FD1EB0C2
S2140182A0BDE8F0872120FAE7030200041000002051
S2140182B030B5204DD5E905340AB38B4200D089BBD1
S2140182C02B6993B340B92B681A78D20707D5DA8899
S2140182D022B103EBC203F7E70346F5E713468C42E8
S2140182E000D0B1B92A69CAB1002818BF044622785D
S2140182F0D2070ED5A2888AB1A4EBC204F7E78B4257
S2140183000AD0834228BF03468C4209D0844238BF34
S2140183100446C5E9053430BD0346F5E71446F8E7DB
S2140183200446F6E78C42F4D1DCE78C42D9D11C46F0
S214018330EFE700BF701900202DE9F7439946614B1E
S2140183400646002914BF8846984698F8C430174652
S214018350002B40F0B18011464046EEF757FC05462B
S214018360002861D1A821012003F05EFD0446002803
S21401837000F0A48040F201138381022380F8099063
S21401838080F8503007724581C573056064200DF092
S214018390FFFA012F94BF00230123C4E9265584F870
S2140183A0A030C4E92155D8F80030C4E923556061EE
S2140183B0C4F8A480C4F894502360C8F8004041462D
S2140183C000200A680AB1136803BB0028F7D1EFF34F
S2140183D01183302282F3118801223771B260346032
S2140183E083F31188BFF36F8F40F20113D6F8008034
S2140183F03046A8F80C3001A9EEF752FD0546E8B163
S214018400022440460DF0C8F9254613E092F808C04C
S2140184101D7AAC4529BF186811461A60106022BF44
S2140184200B6001201946CCE790F85030012B0CBFA9
S2140184302E250425284603B0BDE8F083019F3A7B2C
S2140184407B7B934201D1012B04D03046EEF71BFD16
S2140184502124D6E797F85030013B042B2AD8DFE8D1
S21401846003F01F03291F0800397A81B9052387F80D
S214018470503000243046EEF706FD0CB1052CC0D175
S21401848098F8093043F0100388F80930D2E7D7F896
S214018490A400A8B190F8953023B9012387F850308D
S2140184A00524E7E701228430EFF7D0F804460028D8
S2140184B0F3D0DFE70224DDE70425BBE71925B9E79A
S2140184C0437CFFDE843E00202DE9F04F9A468BB0B8
S2140184D09DF85030DFF854B10293DBF81030804637
S2140184E053450D461646C0F09A80D146DBF8043057
S2140184F00193B9F1000F00F08E80D8F83C300122CC
S2140185005B6907A901989847079BDBF80010C3F33E
S214018510D312914240F0868013F07E0F1CD1D8F81A
S2140185203C3002225B6908A90198984708A8FBF726
S21401853008FB08270446019B029A3B44002A3BD1CC
S214018540A6420FD9361B144640460199FBF74CFB51
S214018550A9EB04090190CCE707A8FBF7F2FA042778
S2140185600446E8E7A41B544528BF5446032C03EBF6
S2140185700607AAEB040A1DD9D8F83C302946384626
S2140185805B69A208984724F0030304F003061F441E
S2140185901D44002ED8D0D8F83C3001225B6908A9CA
S2140185A0384698473246284608A935440BF0FCFB66
S2140185B00026C9E72646ECE7274604F003020392A5
S2140185C023442A1904920593049BDD1B059BD81BA3
S2140185D0039B9F420FD1002FB6D0D8F83C30012222
S2140185E008A95B6998473A46284608A90CF021FC79
S2140185F078B93D44A8E7D8F83C30012208A95B6960
S21401860098470422284608A90CF013FC08B9043F31
S214018610DAE74FF0360948460BB0BDE8F08F4FF069
S2140186206309F8E74FF06F09F5E700BF98310020BE
S2140186300279FF2A02D043691AB93BB16FF086006E
S21401864070476FF04042013B9342F7D2836823F4B0
S2140186507F4323F00303002BF0D14FF6F8734288D3
S2140186609A428CBF6FF085000020704770B550B3FA
S21401867049B30368994226D3D0E9024204FB023388
S214018680994220D2EFF31186302383F311880B68C9
S2140186905C1C0ED00468A3420ED3D0E9025205FB3F
S2140186A00245AB4208D21B1BB3FBF2F402FB1433A8
S2140186B013B943685A1C07D143680B60416086F3BF
S2140186C01188BFF36F8F70BD9942F8D01B68F1E730
S2140186D020F0FF03B3F5E24F0ED1C0B241280BD113
S2140186E0FF2A09D10B7823F007030B70CB7F03F029
S2140186F07F0343F04003CB77704773B500250446EC
S2140187008DF8075020466169FBF7C0F9266B864253
S21401871009D2236AB5EB430F05D220460DF10701B6
S214018720FFF797F850B19DF80730012B04D120468A
S2140187300DF10701FFF78DF802B070BD0135E1E7D5
S214018740F8B5037F0746022B0D46164611D0F8F7FB
S21401875047F8044610B103242046F8BD2E44AE4225
S214018760FAD0384615F8011BF8F710F80028F6D0AD
S214018770F1E70D24F0E72DE9F0470446F7F7E0FEB0
S21401878020BB2046F7F708FF94F834700B2604EB5D
S2140187908709D9F83880D9F820A04546554508D02C
S2140187A03A4629462046F7F778FE030410D5A84531
S2140187B00ED0C9F838502046F7F7BCFF002384F8DE
S2140187C035304FF6FF736569E386ADB9BDE8F087CE
S2140187D0C0F30D002946821C3B462046F7F7EFFD05
S2140187E0013E16F0FF060546D8D140F24531064B4C
S2140187F0064A074802F07EFE23463A464146AC4604
S214018800A069BDE8F047604780860200F288020052
S214018810118502002DE9F843044690F8346000EB18
S2140188208607D7F82080656C4545256421D03246F9
S21401883029462046F7F731FE030402D5BB6B9D425D
S21401884017D1C0F30D00821C334629462046F7F7A0
S214018850B6FD334681466064022229462046F7F774
S214018860AEFD8145A064DED0012384F83530BDE835
S214018870F8830323F9E770B506460C468D18AC421B
S21401888000D170BD304614F8012B0249FEF7A4FC56
S214018890F5E700BFED8802008388C28810B59C1CEE
S2140188A0944204D80268D15283880233838010BD73
S2140188B010B50A7A0446012A02D0022A04D010BD55
S2140188C00988BDE81040E7E78388E28803F10800DD
S2140188D09042F4D820681844F7F70FFCA3880833B1
S2140188E0A380ECE7F7F7A2BFF7F7A0BFF0B5304BD0
S2140188F085B018680DF102010BF03FFCF6F74FF852
S2140189002C4B2D4E93F9004093F90150C0B9BDF898
S21401891002300B3BF218F05692F910309842A8BF7D
S21401892018467F2D04D07F2C3FD0AC42B8BF2C46D2
S214018930A04203DB7F2C14BF2046002005B0F0BD0B
S2140189401E4B02AF93E8070004AB03E907007F2341
S2140189500021184637F8022F7F2CA2F10B0216F9D8
S21401896002C005D07F2B1CD0A342B8BF23465BB202
S214018970324492F910206245A8BF62468242A8BFDF
S21401898002467F2D50B205D07F2B0CD0AB42B8BF2C
S2140189902B465BB24A1C022A4FF00101DAD11C4673
S2140189A0C6E72346E4E72B46F4E72C46C0E700BFBC
S2140189B00C1100207D1300207F13002038110020A9
S2140189C008B5054B01461870044B18680BF09DFD61
S2140189D000B1FEE708BD00BF1C1100200C110020ED
S2140189E0024B014618680BF0B2BC00BF0C11002008
S2140189F0014B186803F02ABC0C110020024B01221F
S214018A00002118680BF0F0BA0C1100200368012B46
S214018A1004D1034B034918680BF0FBBA704700BF3B
S214018A200C110020981600200088704708B5FFF743
S214018A30FBFF10F4807F0CBF0320022008BDF8B5B1
S214018A400746FFF7F3FF04463846FFF7EDFF0646F5
S214018A500D46F6F743FDC6F3812204EB4003022AD6
S214018A60DBB203D0032A06D00020F8BDFB5A2B80C8
S214018A7001232B72F8E7F9182846F7F73EFB022385
S214018A80F7E7F8B50746FFF7CFFF05463846FFF785
S214018A90CDFF044628460E46F6F720FDC5F3812392
S214018AA004EB4004022BE4B210D0032B11D028466D
S214018AB0F6F743FDC5F3813504EB4004022DE4B21D
S214018AC009D0032D0DD095B10620F8BD0234E4B2CD
S214018AD0EDE70834FBE73B5B33800123337200206C
S214018AE0F3E730463919F7F708FB0223F6E7357244
S214018AF0F5E71FB500230C46006801A98DF80C3078
S214018B00FFF7BFFF38B99DF80C30012B05D0022BBB
S214018B1008D003B9237204B010BD2372BDF8043027
S214018B202380F8E7237201AB03CB20606160F2E794
S214018B3008B5FFF779FFC0F3C00008BD10B500F017
S214018B40FE44B4F1A06F084C08BF20F47E10A0428A
S214018B5002D06FF0850010BD0220B1F5105F1070D5
S214018B60F7D118700020F6E7004040048B4228BF7A
S214018B700B462DE9F04FA1EB030B03F00707DB08CB
S214018B804FEA431E02EB431C054613464FF000080E
S214018B90099C634505F1200511D14FEA870C00EBCE
S214018BA00E0503EB8707821ABB4240F0828005EB75
S214018BB00C03BBF1010B80F08C80BDE8F08F1E68C2
S214018BC055F8201CA6FB046916EB080649F10009B6
S214018BD0761845F8206C5E6855F81C1CA6FB04A8A0
S214018BE049F1000616EB0A0648F10008761845F822
S214018BF01C6C9E6848F10008A6FB04A618EB0A0840
S214018C0046F1000955F8186C55F8141C18EB0606C1
S214018C1045F8186CDE6803F12003A6FB04A849F1A9
S214018C20000616EB0A0648F10008761845F8146C9B
S214018C3053F8106C48F10008A6FB04A618EB0A08C6
S214018C4046F1000955F8106C55F80C1C18EB060691
S214018C5045F8106C53F80C6CA6FB04A849F1000605
S214018C6016EB0A0648F10008761845F80C6C53F81E
S214018C70086C48F10008A6FB04A618EB0A0846F1A2
S214018C80000955F8086C55F8041C18EB060645F85B
S214018C90086C53F8046CA6FB04A849F1000616EB11
S214018CA00A0648F10008761848F1000845F8046CF1
S214018CB06FE79E465EF8040BA0FB040610EB080067
S214018CC046F100089E588019985048F100087346EE
S214018CD06AE71A6812EB08022CBF4FF001084FF042
S214018CE00008B8F1000818BF4FF0010843F8042B3C
S214018CF05FE7002307B506481A46006801A9F0F7A2
S214018D0002FF10B90198F5F775FC03B05DF804FB96
S214018D10B40C0020AAE409B1C06EFBE77047034615
S214018D2008B900207047EFF31182302181F31188D2
S214018D304068411C04D182F31188BFF36F8FF0E7BE
S214018D400168596082F31188BFF36F8F7047F7B5DA
S214018D5006460F46C9B1C06EFFF7E1FF0546B0B142
S214018D600122304601A9EEF7D5F8044630B129466E
S214018D703046FFF7D0FF204603B0F0BD019BC3E9A4
S214018D800050988118773B60F5E72224F3E71A2410
S214018D90F1E710B5EFF31184302383F31188037CD8
S214018DA023B184F31188BFF36F8F10BD8368C2604F
S214018DB0416003F140021B6C53B903601060826886
S214018DC092F84430013382F8443001230374E8E713
S214018DD01A461B68F0E737B504460522D0F8A4000A
S214018DE001A9EEF797F8B0B9019B5C61227A5A7433
S214018DF0E27A62F07F021A74EFF31185302383F36F
S214018E001188D4F8A40001990830EEF785F985F3A6
S214018E101188BFF36F8F03B030BD0A7C10B57F2A6F
S214018E204FEA921398BF0023EFF31184302282F3A6
S214018E3011881BB9437B43B990300BE0032B10D14B
S214018E40837B73B90123837301E0013B4373D0F83D
S214018E50A4000830EEF760F984F31188BFF36F8F32
S214018E6010BD9430F6E7053803288CBF002001209A
S214018E70704708B5C36800209847034B1868BDE8DB
S214018E8008400CF08BBF00BF3C3100207FB50C467C
S214018E90054658B390F8343053B3164E0121FAF70D
S214018EA022FE3246284614490DF10F03FBF7DFF880
S214018EB00246B8B99DF80F30012B0ED13369082B45
S214018EC012D1214600902846FFF7FEFA0446E86BC9
S214018ED0FFF7CFFF204604B070BD022B0CBF602405
S214018EE02D24F4E72D24F2E76324F0E72124F1E7AB
S214018EF01124EFE79831002000710800F8B5054607
S214018F00EFF31186302383F311888C30EEF7FAF8ED
S214018F10044620B986F31188BFF36F8FF8BD837CB2
S214018F2000F130073BB101338374D5F88C3003630D
S214018F30C5F88C70EEE705F130000CF017FE86F3ED
S214018F401188BFF36F8FA6682EB92168D5F8A400E3
S214018F50FFF7E1FE2660EFF31181302383F31188DA
S214018F60A37CD5F8A4200133A37493682363976088
S214018F702B7C01332B74EB7B013BEB7381F3118864
S214018F80CAE72DE9F04792B00446DDE91B65DDE945
S214018F901D789246894629B96FF08604204612B09C
S214018FA0BDE8F087002AF7D0002EF5D00DB9002FC6
S214018FB0F2D1B8F1000FEFD02388B3F5105F4BD193
S214018FC02822002108A80AF08BFD202200216846ED
S214018FD00AF086FD08A80CF022FF10B16FF092048B
S214018FE0DCE720466B4652464946FDF70FF9044634
S214018FF00028D3D1009B103B102BCDD8184A22FA5B
S21401900003F3DB07C8D5AE421FD206F110039D421B
S2140190101BD20F2FC0D93146102228460AF073FE04
S2140190202E4632462B46694608A8FEF7FFF8064646
S21401903070B139462846FCF771FA0023012EC8F8AC
S2140190400030CBD16FF08B04A8E70F2FE9D8A3E748
S2140190501023C8F80030A1E76FF085049EE700BF33
S214019060010101002DE9F04FA7B00F46DDE9339865
S21401907015469B460446002800F0B680002900F0FD
S214019080B380359B002B00F0AF80319B1BB1309B2A
S214019090002B00F0A9803DB1329B002B00F0A4808C
S2140190A0B9F1000F00F0A080A8F104030C2B00F228
S2140190B09B803B68103B102B00F296804B4A22FAAD
S2140190C003F3DB0740F19080494B0DF18C0A43EA2C
S2140190D0082323600023514663602362A360384659
S2140190E0FCF7D3FA034600287AD1204623990CF0E0
S2140190F0A0FE204631990CF09CFE294620460CF035
S21401910098FE01264FF00053204602A903960493C9
S214019110FCF773FB384605A9FCF749FB0346002814
S2140191205ED1204605A9FCF768FB324BCDF88CB022
S2140191302496259308AB9AE8070083E807001946AA
S2140191402046FCF75AFB309B20AA2093319B2196A0
S21401915043F0005322930BAB07CA83E80700194676
S2140191602046FCF74AFB329B45F000571D931DAA8B
S2140191701E960EAB1F9707CA83E8070019462046BE
S214019180FCF73BFB359B1AAA1A9348F000531B9633
S2140191901C9311AB07CA83E8070019462046FCF763
S2140191A02CFBCDF85C9014AB189617AA199707CA32
S2140191B083E80700B9F1000F03D1169A42F0804206
S2140191C01692194620460CF08CFE20460CF05AFEEC
S2140191D0034628B1019029464846FCF79FF9019BB2
S2140191E0184627B0BDE8F08F2123F9E701010100F9
S2140191F0000003040C0000202DE9F04FADF5757D4D
S21401920007468846934600211822BAA899460AF0CE
S21401921067FC00219F4BD0221C68B0AE3160C0A80D
S2140192200AF05EFC4FF48072314620469A4BF0F706
S2140192306AFC054650B931684868D1E90823000A36
S21401924017D0964CA04220D06FF086053068F5F70F
S214019250D1F9044635BB924BBB939DF8FC3243F0E3
S21401926010038DF8FC3210B320460DF5757DBDE870
S214019270F08F0420BA90C0A8FEF702F910F1860F0D
S214019280054608D10123BA93E0E70420BA90C0A8A6
S214019290FEF7F6F805463368002DD7D11B88ADF8E2
S2140192A0F032D3E7BAA8FEF797FB2C46DCE7BA9B69
S2140192B0002B00F08A809DF8FC2212F00E0F40F081
S2140192C08480012B04D0042B75D06FF08604A5E0B2
S2140192D0744BC09A9A421AD19DF80733022B67D075
S2140192E0102B65D8DC0763D40522CDE9CB23DB9BA5
S2140192F0C2A843F00203CDF82893CD95DB93F1F78E
S214019300B4FDF0F7B3FA0446002840F08780052341
S214019310CDE9BD399DF8FC32BA9A43F002038DF8C7
S214019320FC32002A51D09DF8FC32D9074DD4BB9BA4
S2140193305D4923F47E138B4203D001F580718B4285
S214019340C3D1012A58D0042ABFD1DD9B002B3CD1C2
S21401935038687968D9AB03C3B86818600C23DD9305
S2140193609DF8FC32BA9A43F001038DF8FC3262B3E1
S2140193709DF8FC3203F00901012926D19B0754D53B
S214019380BD9B042BA1D9053BBD93012A52D0042ACB
S2140193909BD1B8F1000F98D0CA9BB3B1DDE9D332A7
S2140193A0134312D105224146CAA8FCF723FC4BE021
S2140193B06FF00C00A5E7CA9B3B4923F47E128A4254
S2140193C006D001F580718A4205D06FF0880425E049
S2140193D0D8033FF57AAF13F4701F3FF476AFC3F3AB
S2140193E00543102B3FF671AFDDE9D3321343ECD1C1
S2140193F00523CDE9D7398AE72A4BC09A9A4231D15B
S2140194009DF806130C233A4601F00101C2A8F1F7B4
S2140194106BFDF0F72BFA04460028A1D0BAA8FEF798
S214019420DBFABAA8FEF7D8FA1EE71E4BBB9999429B
S214019430ABD1CAE71B4BC09A9A4213D14146C2A888
S214019440FEF7D6FBF0F712FA04460028E6D19DF89F
S214019450FC32BA9A43F004038DF8FC322AB96FF055
S21401946088060FE06FF08504D8E79DF8FC32DF0729
S214019470F5D59D072ED5BD9B13B9BE9B994515D92C
S2140194806FF08606BAA8FEF7A7FABAA8FEF7A4FAFE
S2140194903446E9E6B40C00200002480502008000CC
S2140194A0000250050001500500014005A3EB090329
S2140194B0BE93012A13D0042AE2D128220021304685
S2140194C00AF00EFB30460CF0AAFC054630B36FF0EE
S2140194D09206D7E7A94BBB999942EAD1BFE7A74BBA
S2140194E0C09A9A4240F0BB83DB9BD80613D4CC9B30
S2140194F023B1CD9BCA9A4B4493420CD85B464A464D
S2140195005946C2A8F1F724FDF0F7B0F9064600283F
S214019510B8D14D4620E06FF00C00F5E7CA9B984A9B
S21401952023F47E13934208D19DF8A633934F4B4400
S21401953099450BD26FF08906A4E7924A934240F010
S2140195408E839DF8C833904F102BF0D1BBF1000FDE
S2140195500FD1B9F1000F93D19DF8FC32BA9E43F0BA
S21401956008038DF8FC32002E40F07C836FF08804EF
S214019570AFE3B9F1000FEFD0DDE9D3231A4307D1EA
S2140195801146CAA8FCF736FB064600287FF47AAFD8
S2140195907A4B9F4200F09C82DDE9D63213EB090339
S2140195A052F100024FF0000128BF012100298ED19F
S2140195B06FF01F0098424FF00F03934187D39DF839
S2140195C0C86316F0EF0F00F0098109EB06030DF5ED
S2140195D06E7E0F2BB6440FD84A46594670460AF09F
S2140195E0E3FB9DF8C883C8445FFA88F88DF8C88302
S2140195F0D49B4B44D493AFE7102BE6AF0AD1B846C1
S2140196000DF55E7CB8E80F00ACE80F0098E80F0097
S2140196108CE80F00C6F11003DBB21A4659467046B5
S21401962004930AF0C1FB5F979DF8CA33574F584918
S2140196304FF00108002B08BF3946CDF880810DF1A7
S214019640B00C61915FAA07CA8CE80700DFF84CC12D
S214019650EEA95C915CAACDF874810DF1BC0ACDF837
S21401966078C107CA8AE80700CDF864B159AACDF8CF
S2140196706881CDF86CC10DF1C80C07CA8CE80700EB
S214019680E6A9569156AACDF85C81589735AF07CA18
S21401969087E807009DF8C9033E493F4A404508BF91
S2140196A00A46002B0CBF032343461A430023ACA9EA
S2140196B0CBA8B193B092B293B893FBF7E6FF0590AF
S2140196C000287FF404AFAC99B0A80CF0B2FB059B60
S2140196D0B0A819460CF0ADFB1021B0A80CF0A9FB00
S2140196E04FF0005338A9B0A8CDF8E4803A93FCF7C0
S2140196F084F83BA9CBA8FCF75AF800287FF4E7AE1C
S2140197003BA9B0A8FCF779F82CA9B0A8FCF775F826
S2140197105146B0A8FCF771F832A9B0A80CF0E1FBED
S214019720B0A839460CF0DDFBB0A80CF0ABFB20B1BD
S2140197302021E6A8FBF7EAFEC9E6D69BD79A1033A6
S21401974042F10002CDE9D6329DF8C8338DF8CA033E
S2140197504B44102B03D110258DF8C83348E7049BE2
S214019760A9EB03070F2F1BD81946103E3A4659445A
S214019770EEA84E440AF018FBF3B2ECE700015005E0
S21401978000014005000240050002500520000020AF
S2140197900C0000200000030400000204100000205A
S2140197A00BF11003059310238DF8C8030693049B51
S2140197B017F00F020BEB03061BD0102F5FFA87F88A
S2140197C011D927F00F07F9185944EEA808F00F0829
S2140197D00AF0EAFA8DF8C8835E46C4E04F46CDE942
S2140197E005B10491E3E73A463146EEA80AF0DCFA01
S2140197F0FCE6102F00F04B81A7F1100572199DF8B9
S214019800CAE3EEAB02F110089C46106851680832B4
S214019810ACE8030042456346F6D14FF01003A84971
S2140198208DF8C833A74B4FF00108BEF1000F08BFF3
S21401983019460DF5667ACDF84CA10DF1680CCDF8F8
S214019840508153AA559107CA8CE80700509645F0F7
S2140198500056CDF844810DF1740C529650AA07CAF1
S2140198608CE8070005994DAA4D91CDF838814F96A1
S21401987020AE07CA86E80700CDF828A14AAACDF887
S2140198802C8123AE4C9307CA8F4B86E807008F4A7C
S2140198909DF8C913CBA8414508BF1346BEF1000F7A
S2140198A00CBF032242461343B0930023ACA9B193E5
S2140198B0B893B293FBF7E9FE079000287FF407AE52
S2140198C0AC99B0A80CF0B5FA079BB0A819460CF0F5
S2140198D0B0FA2946B0A80CF0ACFA4FF0005326A90E
S2140198E0B0A8CDF89C802893FBF787FF29A9CBA8C1
S2140198F0FBF75DFF00287FF4EAAD29A9B0A8FBF7C6
S2140199007CFF1AA9B0A8FBF778FF1DA9B0A8FBF742
S21401991074FF20A9B0A80CF0E4FAB0A831460CF008
S214019920E0FAB0A80CF0AEFA00287FF401AF059B70
S214019930D79A2B440593D69B8DF8CA035B1942F13F
S2140199400002CDE9D632069B0BEB05061F44A7F1B4
S21401995010035746DEAD06930FCF0FC597E80F00ED
S214019960102785E80F00D69BD79ADB1942F1000233
S214019970CDE9D632534D9DF8CA3351494FF0010A0D
S214019980002B08BF29460DF5667CCDF81CC10DF1EC
S214019990200ECDF820A147AA499107CA8EE80700F4
S2140199A0049944AA0E44449647F00056CDF814A1F3
S2140199B00DF12C08469607CA88E80700059941AAC2
S2140199C04191CDF808A143960EAE07CA86E8070076
S2140199D0CDF8F8C03EAACDF8FCA0409511AD07CA57
S2140199E085E807009DF8C9033849374A504508BF3E
S2140199F00A46002B0CBF032353461A430023ACA987
S214019A00CBA8B193B092B293B893FBF73EFE049005
S214019A1000287FF45CADAC99B0A80CF00AFA049B60
S214019A20B0A819460CF005FA3946B0A80CF001FAB0
S214019A304FF0005314A9B0A8CDF854A01693FBF725
S214019A40DCFE17A9CBA8FBF7B2FE00287FF43FADDA
S214019A5017A9B0A8FBF7D1FE08A9B0A8FBF7CDFE61
S214019A604146B0A8FBF7C9FE3146B0A80CF039FA5A
S214019A70B0A829460CF035FAB0A80CF003FA002875
S214019A807FF456AE069D8DF8CA033D44B0E5DEADC3
S214019A900DF5667CBCE80F000FC59CE80F0085E855
S214019AA00F00EEAB06F110051A46306871680836ED
S214019AB003C2AE421346F7D110238DF8C8338BE6A6
S214019AC00C00002020000020000002040000030417
S214019AD010220021A4A80AF003F810220021A8A849
S214019AE009F0FEFF10220021ACA809F0F9FFD69B71
S214019AF019EB030213462CBF01250025BFF4E7AC82
S214019B00D79A93423FF6E3AC96490BEB090088429D
S214019B103FF6DDAC9DF8A60309EB000ABAF10F0F7C
S214019B200ED893420CD00DF2963318444A46594645
S214019B300AF03AF99DF8A6334B448DF8A63357E55B
S214019B405F46CDF810B0ACAEBAF1100F4FF0100270
S214019B504FF000013046D04628BF4FF0100809F0FC
S214019B60BFFF9DF8A633002B62D0102B3FF6AFAC9B
S214019B701A460DF29631304605930AF015F9059B03
S214019B803946C3F11002F01805920AF00DF94FF0AC
S214019B900003059A8DF8A63317449DF87433002BFD
S214019BA04DD0049B4246CDE90163A8AB0093CBA9F7
S214019BB00DF27533B0A8FDF799FB9DF874230346A3
S214019BC0012A16D110220021304609F089FF4246AB
S214019BD0049930460AF0E8F8A4AB00930DF28632F9
S214019BE03346CBA9B0A8FEF7E0FA034600287FF477
S214019BF06EACD699049808EB0102D692AAEB08023D
S214019C0040440F2A4544049027D8D79851448142AE
S214019C1021D039460DF29630CDE904230AF0C4F876
S214019C20049A059B8DF8A623002B3FF4E1AC4EE485
S214019C303946424630460AF0B7F84744ADE7A4AB8A
S214019C4000930DF286323346CBA9B0A8FEF7ADFAE3
S214019C500028A6D03BE4002AE6D0924674E76FF0CF
S214019C6085060FE49DF8FC32D9074CD59A0707D52F
S214019C70DDE9BD210A4303D06FF08604002628E003
S214019C8013F010033FD0012E0FD0042EF4D128225A
S214019C900021B0A809F024FFCA9FC7F30548B8F110
S214019CA0080F27D96FF08904E8E79DF80723082AEB
S214019CB0F8D82D4BC099994240F09682FE99C2A8D9
S214019CC0F1F792F8EFF7D2FD04460028D6D19DF8B9
S214019CD00763FE9B2121C6F10802981909F000FFCF
S214019CE0BAA8FDF779FE002C7FF49BABFFF701F8CD
S214019CF0FFF7BABAA9EB0509B9F1FF0FBCD8FE9B6D
S214019D00002BB9D017B96FF08804B7E7DDE9D36344
S214019D101E4307D132463146CAA8FBF76BFF08B18E
S214019D200446D6E7CA9B114A23F47E13934212D007
S214019D3002F58072934211D0B3F1052F0C4B14BF7C
S214019D404FF0000A9A46B0A80CF069F8064698B19A
S214019D506FF0920492E7DFF810A0F4E7DFF814A0A2
S214019D60F1E700BF00000120000150050001400599
S214019D700005100500025005804B9A4500F0CA8187
S214019D8003F580739A4540F027829DF8C933002B6E
S214019D9040F0268217F4701F00F023829DF8C873E6
S214019DA0102F04D05FFA89F9B945C0F01A8217F06E
S214019DB00F0C14BF3B460023D69AD7999B1841F146
S214019DC00001DDE9D82E52EA0E00CDE9D63115D0D4
S214019DD053EA010012D1DAA94246FE9809F0E4FFDF
S214019DE01021DAA8FBF792FB4646B0A80CF017F84C
S214019DF00028ADD1002C18BF00266AE79DF8CA03DB
S214019E005D4440B952EA0E0040F0C280A3F1100052
S214019E10084340F0BD800F2F04D827B11DB94FF07D
S214019E20210BA6E0A8ADCB9B103B102BF7D8544ACC
S214019E3022FA03F3DB07F2D5524B0DF52C79B093DA
S214019E4000234946CBA8B193B893B293FBF71DFC08
S214019E508346002840F08D804FF001094FF0005AEC
S214019E60AC99B0A80BF0E5FF5946B0A80BF0E1FF9E
S214019E703946B0A80BF0DDFF83A9B0A8CDF8109243
S214019E80CDF814A2FBF7B9FC86A9CBA8FBF78FFC8B
S214019E90834600286DD186A9B0A8FBF7AEFCE6AADA
S214019EA09892394ACDF864920DF5097C98AB9A924E
S214019EB093E807008CE807006146B0A8FBF79DFC15
S214019EC0CDF86CB20DF50C7CCDF870929BABCDF84D
S214019ED074A293E807008CE807006146B0A8FBF778
S214019EE08CFC47EA0A0AEEAA9E929EABCDF87C92BB
S214019EF00DF50F7CCDF880A293E807008CE80700EB
S214019F006146B0A8FBF779FCA195A1AACDF8889285
S214019F1092ABCDF88CA207CA83E807001DB99A68F0
S214019F2042F080429A601946B0A80BF0DAFF01228F
S214019F300DF52C79CDF89092A592144A0DF5157C65
S214019F40A4ABA69293E807008CE807006146B0A888
S214019F500BF0C7FFB0A80BF095FF834628B9424621
S214019F604946FE9809F020FF3EE739462846FBF7AA
S214019F70D5FA4146FE98FBF7D1FAC3E00001500539
S214019F8001010100000002040C0000201000002066
S214019F90500FD20040EACE0012BAA9925A0FDB0047
S214019FA01BBAAB93EEAB7793012342EAC1027893D7
S214019FB012BA47F0005300BA79930DF5C479AA9204
S214019FC077AA0DF5287ECEF8000007CA89E80700B3
S214019FD0BCF1000F40F09C80002F00F09980DEA9B4
S214019FE04FF0010C7A918249CDF8ECC17AAA7C91A6
S214019FF00DF5CA7907CA89E807007E49CDF8F4E16C
S21401A0007DAACDF8F8C10DF5D07E7F9107CA102F35
S21401A0108EE80700809580AACDF804C282936BABC8
S21401A02007CA83E8070005D100221A609A6842F041
S21401A03080429A604FF0010AFE9AACABAC9248F0AF
S21401A0400052CDF8B4A2AE9293E807006A4B6EAD0B
S21401A05043EA0823B093002385E80700A4A9CBA808
S21401A060B193B893B293FBF710FB8346002849D10E
S21401A070A499B0A80BF0DDFE5946B0A80BF0D9FEA6
S21401A0803946B0A80BF0D5FE4FF0005371A9B0A821
S21401A090CDF8C8A17393FBF7B0FB74A9CBA8FBF767
S21401A0A086FB834670BB74A9B0A8FBF7A6FB49469E
S21401A0B0B0A8FBF7A2FB62A9B0A8FBF79EFB68A9B4
S21401A0C0B0A8FBF79AFB9DF8C933534503D129463F
S21401A0D0B0A8FBF792FB6BA9B0A80BF002FF9DF8A6
S21401A0E0C9331BB96EA9B0A80BF0FBFEB0A80BF0E4
S21401A0F0C9FE834600283FF477AE9DF8C933002B8E
S21401A1003FF437AFBBF1210F6BD06FF092046CE6D2
S21401A110E6A965E79DF87433002B61D10DF5247A25
S21401A120014610225046A8AD09F0DAFC102231464D
S21401A130284609F0D5FCDC9FB84552D39DF8A633D6
S21401A1405FFA89F94B454CD89DF88523D8A9C2F109
S21401A1500E030DF291208DF8903209F025FEACAB7E
S21401A16010223146184609F0BBFC0DF28632CDE9C5
S21401A170000253463A460295CBA9B0A8FDF7B6F8B9
S21401A180834690B99DF87433DC9A012B1FD12F4674
S21401A1900346FE9902EB010C8C4510D12BB11146FA
S21401A1A0FE98FBF7BBF94FF02C0B10212846FBF766
S21401A1B0ADF9DC9BBBF1000FA4D11E4615E611F8E4
S21401A1C0010B17F801EB80EA0E000343E4E729468A
S21401A1D0FE9809F0E9FDE8E708266FF0850404E635
S21401A1E008266FF0860400E66FF0850446E500BF9A
S21401A1F02000002010000020020002042DE9F04F8C
S21401A200A1B08946DDE92B540746CDE907232D9EEB
S21401A21000283AD0B0F800A00AF4E043B3F5005F96
S21401A22036D10AF4E062B2F5806F31D1072C2CD911
S21401A2304FF00808099345B3A4EB080405EB040B9B
S21401A240424659460AA809F0AFFDB9F1000F1CD0E5
S21401A2502A9BD3B1099B0EB92E9AB2B92F9AA2B1F5
S21401A260B3F5005F17D10AF4E063A3F580625342A9
S21401A2705341DB00BAF5105F07D17A8822F040011E
S21401A28080290AD0B2F5807F07D06FF0860716E0E6
S21401A2904FF00008CEE70023ECE7002BF5D028228C
S21401A2A0002116A809F01CFC202200210EA809F0A6
S21401A2B017FC16A80BF0B3FD28B16FF092073846CD
S21401A2C021B0BDE8F08F38464946079A0EABFBF73A
S21401A2D09DFF07460028F2D12E9B9C4221D8B5420D
S21401A2E007D2B34505D929462246304609F00BFD6B
S21401A2F035460AABCDE90483052301932A9B224602
S21401A3000093CDE90256089B0EA916A8FEF7AAFEF1
S21401A3102128BAD02C2807D00028CED12F9B1C602C
S21401A320CDE76FF08907CAE76FF09407C7E72DE915
S21401A330F04F044689B0104615460491EDF791FAA0
S21401A34000286FDD2046E988EDF7A8FC00286CD1CF
S21401A3502B68B4F806900093374D494600982B6851
S21401A3602B68EDF7A7FA03460733282B34BF4FF0C7
S21401A370FA0A4FF01E0ADA08D4F8008023F0070321
S21401A38001900292059349464046029AFDF732FA39
S21401A390044618BB059B019A494640469A1AEDF7B2
S21401A3A09AFABAF1010A43D00499D8F80000EDF7F9
S21401A3B065FA0126C743D5F800B0B14512D84BEA75
S21401A3C0070303932F682B684B462E6803F1FF3B68
S21401A3D083B9039A2B6817409F42D4D0204609B010
S21401A3E0BDE8F08F58F82600EDF7C7F901364BEABD
S21401A3F0000BE2E7009B53F82B2058F82B30104651
S21401A400194607930692EDF739FA079B069A064313
S21401A41011461846EDF732FA20EA06031F430643B3
S21401A4205B46D3E76FF00304D8E76FF00F04D5E778
S21401A4306FF00D04D2E700BFB00B00202DE9F04FFE
S21401A44001230024ADF50B7D2020CDE91243CDE993
S21401A4501443CDE9164301F0EFFC0790002800F005
S21401A4606D86202001F0E8FC0590002800F0628649
S21401A4702AAE3046ECF7C9FE4FF4804361AD28465C
S21401A48061932B9FECF7C9FEA14B30462A93619B43
S21401A49038942C939F4B0DF1E0092D93FEF7C8F8E5
S21401A4A08346002834D117F0FF0849460CBF2846DA
S21401A4B02046EFF7EEFF834650BB0FCE389CA446EE
S21401A4C0ACE80F0096E803008CE80300B8F1000F33
S21401A4D001D1619B6361636A83B1D4E908676368EC
S21401A4E01B0A06932FD06FF0860B206A10B1616AA3
S21401A4F0EDF7E6FA0022C4E9082209E03F0A40F037
S21401A500C68120212046EFF7EBFA83460028E4D0E7
S21401A510389808B1EFF72AFB5846ECF7CBFE0690C1
S21401A52020210798EDF7C2FA05982021EDF7BEFA2B
S21401A530059801F089FC079801F086FC06980DF550
S21401A5400B7DBDE8F08F23885A0440F1AC80002EC5
S21401A550C9D0002FC7D0628808920732072A4FEA6F
S21401A560D20800F0A08003F4E043B3F5804F00F07A
S21401A5709A802022069950A809F0B2FA4146204650
S21401A58050AAFBF7D9FD8346002840F0DF854745F2
S21401A59002D26FF08C0BA8E7509B01462822284672
S21401A5A0DDF84CA1099309F09BFA28460BF037FC1D
S21401A5B010B16FF0920B98E74FF00072FD1C0DF58D
S21401A5C0807925F00305494650A8CDF888B1CDE934
S21401A5D054656192CDF88CB1CDF8A4B1FBF755F86E
S21401A5E000287FD1409961A80BF023FC0122199223
S21401A5F04FF0005218A961A81A92FBF7FEF81BA9A2
S21401A60050A8FBF7D4F8002841D161A81BA90BF08C
S21401A61068FC61A80BF036FC002838D1BAF1000FAF
S21401A62019D1099BB3F1805F15D2494650A8CDF8E0
S21401A63000A1CDF84CA1FAF774FF002852D140983A
S21401A640830708D085424DD32A1A514602F00302E9
S21401A650304409F045FA6268120A04D13146089A74
S21401A6602088FEF735F8002162686162120A10D16F
S21401A670228822F0FF01B1F5824F05D1413AD2B2CC
S21401A680012A88BF08F10108C4F8248003E048289D
S21401A69028D16FF0850B61A80BF0C1FB002888D18B
S21401A6A01BF1860F0DD1238803F4E042B2F5805FDB
S21401A6B002D0B2F5005F18D139463046EFF7ECFA12
S21401A6C08346BBF1000F7FF410AF2379002B40F0D7
S21401A6D0C280277E6369012F089300F0C6806FF061
S21401A6E0960B15E76FF0920BD5E703F44F41B1F5E2
S21401A6F0824F09D1B2F5E04F06D1DBB2122B628848
S21401A7000AD0412B00F088806FF0850BEDE600BF84
S21401A7104171FF0000000209B2F5807FF4D10321E8
S21401A7200023012561A8CDE96353CDE96553CDE941
S21401A7306753CDE96953CDE96B53CDE96D53CDE947
S21401A7406F53CDE97133CDE97333CDE97533CDE977
S21401A7507733CDE97935CDE97B35CDE97D35CDE961
S21401A7607F358DF884316293EEF7E4FF02460028C8
S21401A77043D161A8EDF702F90228804659D1DDF8E8
S21401A780C49179A84FEAD90AAA441AF0030118BF5E
S21401A790294601EB9A01EDF781FA002856D1524677
S21401A7A0BDF8EA117998FDF725F8024628BBC9EBF2
S21401A7B0CA01013979A8EDF7C6F80246E8B92A4672
S21401A7C0494679A8EDF760FB0246B0B9014679A87B
S21401A7D0EDF75AFB024680B9294679A8EDF754FBF6
S21401A7E0024650B9B9F1FE0F1BD032463B4604F182
S21401A7F0240161A8EDF72EF9024661A80892EEF74A
S21401A80059FF79A8EDF767F97BA8EDF77FF9089A64
S21401A8101046EFF72BF853E7FF2A7FF475AF0921AF
S21401A8207EE7414679A8EDF72FFB0246002ADCD0E9
S21401A830E3E701280DD101466EAA79A8FFF777FD57
S21401A84010F10E0F0246F1D1B44AD6E76FF00F02AF
S21401A850D3E7B34AD1E72046D4E90812F3F705FF58
S21401A860834600283FF435AF52E6022323760023C1
S21401A870AC4A0FAC136021461A460898EFF743F925
S21401A880054638B10898EFF791F9284645E66FF086
S21401A890860B3DE625682B88590406D569682A6A21
S21401A8A0090AD5F824B00A920BD06FF086040F98E7
S21401A8B0F3F7A0FE0FAE0546002C00F09181254669
S21401A8C0E0E703F4E043B3F5804F2AD1288800F48B
S21401A8D0E043B3F5804F20F4405244F2010340F0C8
S21401A8E059819A4208D000F44F43B3F5824F03D002
S21401A8F0B3F5844F40F05081BBF1200F00F2A480E5
S21401A900894B5A4618460A9909F04EFA0021CBF1AE
S21401A9102002584409F0E4F8824B0024C3F800B042
S21401A920C5E70A9B002BC0D0BBF1000FBDD030AEEF
S21401A9302022304609F0D4F833465A4628460A996A
S21401A940FBF764FC0446002840F0E3802B8803F400
S21401A9504F4ABAF5824F62D1413BDBB2012B94BF1D
S21401A960002301230993B4464FF02009BCE80F00E9
S21401A97038AF0FC79CE80F0087E80F00B368402286
S21401A980002161A840AF0D93D6F80C8009F0A8F815
S21401A9904A460021384609F0A3F86B88BAF5824F7B
S21401A9A003F107034FEAD3030B933AD15B4213F04B
S21401A9B0030A36D0B8F1000F12D10B9B9B45FFF46A
S21401A9C074AF52464146384609F08AF8DDE90A1264
S21401A9D007EB0A0009F0E8F9C6E90387C6F8149000
S21401A9E04FF0400961AB0C9300220D9B38AF23F06A
S21401A9F0807323F4804343F40053C7E902320C9B6F
S21401AA000DF1400841463846C7E90439C8F8002028
S21401AA10FAF7A8FD014668B16FF0920447E7099777
S21401AA20A1E7414B099A4FF0000A13444FF0200961
S21401AA300C93D9E7D8F80060099B1E44A6EB4A069A
S21401AA40202EC8F8006002D96FF089042FE728226B
S21401AA5050A809F045F850A80BF0E1F90028DBD121
S21401AA60012339461A4630A8FAF7AEFD002862D10E
S21401AA700D9B13F4C04F5ED02C4B0DF19C085190EA
S21401AA8058905290414630A85093FAF7FEFD0028A0
S21401AA9051D1279950A80BF0CCF901234FF0005261
S21401AAA01EA950A81F932092FAF7A7FE21A930A845
S21401AAB0FAF77DFE002840F0458321A950A8FAF751
S21401AAC09CFE384611A9FAF74DFD002833D1119A9C
S21401AAD04A4530D801230C9942F00052279124AF01
S21401AAE02893299298E8070087E80700394650A876
S21401AAF00BF0F7F9032750A80BF0C4F9012817D17A
S21401AB00013FF8D16FF08B0450A80BF088F90028AC
S21401AB1082D114F1860F7FF4CAAED7E600B3FFFFE9
S21401AB2080B0FFFF00400020B8190020000001029D
S21401AB3020B148282BD06FF09204E5E7BAF1000F58
S21401AB401DD0099A524BA6EB02094FEA5909C9F1E1
S21401AB500007134407F003070DF5C2784A46184666
S21401AB6008EB070109F020F909EB470141444A4681
S21401AB70484409F019F90B9940A8FAF7CFFC099B4C
S21401AB8013B10422434B1A72434B1E60BCE76FF0AD
S21401AB908504B9E79A4220D000F44F43B3F5824FBB
S21401ABA01BD10023619361AB69880A9A00935B46C7
S21401ABB0FDF708F9044600287FF479AE619D20224E
S21401ABC0354B33492846EFF7B5F804462846EEF7E5
S21401ABD0A1FD28460AF0E0FD69E66FF0850466E609
S21401ABE000287FF44FAE2022294914A8EDF770F80B
S21401ABF02022274914A8ECF700FE2022274912A894
S21401AC00EDF79BF82022254912A8ECF7C3FD4FF477
S21401AC1080423146224B08983460EEF774FF0746AF
S21401AC2078BB35682B8823F0FF03B3F5E24F02D0DB
S21401AC30B3F5E44F05D16B880733B3F5847F80F015
S21401AC401C82D5E908986C68240A40F019820EAB7C
S21401AC5003932023059A0293CDE9003249464246E2
S21401AC6028460E4BFCF756FC10F1860F074640F0BF
S21401AC700681288820F0FF03B3F5E24F12D06FF06B
S21401AC80860720210598EFF707F820230E93F9E0B1
S21401AC90B8190020B019002000400020D819002063
S21401ACA00000020910AE698843464A460096109491
S21401ACB0FDF788F807460028E3D1109E11AD3378DA
S21401ACC02C60032B00F0EC80092B00F0ED8027466A
S21401ACD0A422002161A808F003FF47F48240202344
S21401ACE02146914A0095FDF76DF8D5F80080074694
S21401ACF0002840F09C809DF8853198F80010002BC4
S21401AD0040F0D580012262A8CDE96332CDE96532F3
S21401AD10CDE96732CDE96932CDE96B32CDE96D32E5
S21401AD20CDE96F32CDE97133CDE97333CDE97533B2
S21401AD30CDE97733CDE97933CDE97B23CDE97D23A1
S21401AD408DF884318DF886218DF885118DF888313E
S21401AD50CDE97F23CDE98123CDE98323CDE9852381
S21401AD60CDE987238992EEF7E5FC002840F0A9801B
S21401AD709DF88631012B00F09E806C48EEF776FD3B
S21401AD800746002853D19DF885313178002B40F0D5
S21401AD909A80012262A8CDE96332CDE96532CDE918
S21401ADA06732CDE96932CDE96B32CDE96D32CDE955
S21401ADB06F32CDE97133CDE97333CDE97533CDE922
S21401ADC07733CDE97933CDE97B23CDE97D238DF842
S21401ADD084318DF886218DF885118DF88831CDE97D
S21401ADE07F23CDE98123CDE98323CDE98523CDE9F1
S21401ADF087238992EEF79EFC002874D19DF8863150
S21401AE00012B63D04948EEF731FD074678B99DF826
S21401AE108631012B69D04548EEF728FD074630B943
S21401AE200E9B0734B3EBD40F05D06FF096072021A5
S21401AE300598ECF73BFE9DF88631012B0ED162A8F2
S21401AE40EEF738FC7AA8ECF746FE7CA8ECF751FE44
S21401AE5082A8ECF74EFE88A8ECF73DFE002340469C
S21401AE60ADF884318DF88631EEF754FC40460AF091
S21401AE7093FC3046EEF74EFC30460AF08DFC002F70
S21401AE807FF4FFAE0F98F3F7B5FB0446002F00F0F2
S21401AE90FA803C460898EEF789FE2046FFF73DBB50
S21401AEA04FF48074122713E7FF24412710E78B42E3
S21401AEB03FF45EAF61E708F1680182A8ECF7A4FFF2
S21401AEC05CE71B485AE78B4298D09BE706F168017E
S21401AED07CA8ECF799FF002895D106F160017AA8C5
S21401AEE0ECF75CFF8FE712488DE7719B002B92D041
S21401AEF00146412250A89DF8885108F0F1FD4022F4
S21401AF00394640A808F0ECFD1822394638A808F062
S21401AF10E7FD6B1E082B0DD8DFE803F08B0C7B805A
S21401AF20830C0C0C860000BFD819002080B0FFFFF0
S21401AF3080B1FFFF4FF0000A6FF0710755463846A3
S21401AF40FAF79AFD00287FF467AF4FF4804330AFDD
S21401AF5038463093ECF761F9309B0AF107023A93D1
S21401AF6005F48243B3F5824F4FEAD209099363D1C0
S21401AF70EBB2412B60D14A4640A97AA8CDF8C090E1
S21401AF80ECF708FC4A4650A982A8ECF703FC4F46AA
S21401AF904123ADF8E2A00DF5A07B0DF1C00AADF896
S21401AFA0E05038A84A46CDE901B340A95B46CDF842
S21401AFB00CA00097FCF7AEFAFAF75EFD00287FF4C6
S21401AFC02BAF05F48243B3F5824F5946309A88A8D1
S21401AFD04DD1EDB2412D4AD1ECF77AFE88A8ECF7B7
S21401AFE077FC0730B0F5847FBFF415AF719B62A87C
S21401AFF013F0070518BF012505EBD3050E95ECF7F1
S21401B000BDFC02282A46059988A833D1ECF7C2FB75
S21401B01002E74FF4807A47F2121590E74FF4C07AB0
S21401B020F9E740F2092AF6E74FF0FF0A47F2411521
S21401B03085E74FF0C00AEEE74FEA49074A4640A9BE
S21401B04001377AA83097ECF7D8FB04234A460DF26D
S21401B050411182A88DF84031ECF7CFFB09F10101CF
S21401B06050AB4A46194484A8ECF7C7FB90E7ECF7C7
S21401B07064FEB3E7ECF7C1FBCEE66FF0890700E6A6
S21401B0806FF08507FDE500287FF404AF20220599BF
S21401B09016A8ECF752FE40AD2022059916A8ECF74B
S21401B0A079FB2B462021079A05984097FCF70CFB65
S21401B0B004460898002C7FF4EEAE409D202D7FF4C8
S21401B0C0EAAEEEF773FD044620B129460798ECF781
S21401B0D0EDFCE2E6204E96F848301BB101230693BC
S21401B0E0FFF71EBA012561A8ECF78FF850A8649700
S21401B0F05095ECF792F8509B079963934FF484436D
S21401B1006693164B1022CDE9613561A850ABEFF777
S21401B11001FA044610210798ECF7C8FC1CB986F81A
S21401B1204850FFF7FDB92046ECF7C4F8031E18BFD8
S21401B1300123D4E719230693FFF7FDB919230693D4
S21401B140FFF7FCB901283FF4DDACF2E410F1860FFD
S21401B1507FF4CBA9FFF7A7BAB01900200110800031
S21401B160F7B5012300220546CDE900230E46021D50
S21401B17002216846FFF7DBF8044648BB06F11002D9
S21401B1806B4611462846EDF798FE044600BB06F1CD
S21401B19008076B463A4639462846EDF78EFE0446C2
S21401B1A0B0B96B466A4669462846EDF786FE044600
S21401B1B070B96B46324631462846EDF77EFE0446A8
S21401B1C030B96B463A4639462846EDF776FE0446D0
S21401B1D06846ECF780FC034814F10E0F18BF2046B2
S21401B1E003B0F0BD00B3FFFF0022012373B506468E
S21401B1F0CDE900230D46021D02216846FFF797F8A8
S21401B200044678B96B462A4629463046EDF755FE80
S21401B210044638B905F110026B4611463046EDF783
S21401B2204CFE04466846ECF756FC034814F10E0F34
S21401B23018BF204602B070BD00B3FFFFF8B5044644
S21401B2404518073549420D40A5F108063046EEF788
S21401B25041FD6188331BA1EBE30125F8061CA0889C
S21401B260DA1000EBE30080B225F8040CA188D1B116
S21401B270A4EBC1014F88C880D0194880E188C9B1C4
S21401B2808A1A92B204EBC10125F8022C8A80A288A0
S21401B2909AB911498A681344CA688B60934200D9E7
S21401B2A0CB603046F8BD15F8081C41F0020105F8E0
S21401B2B0081CE3E725F8021CE9E7A4EBC2042278A0
S21401B2C0D207EED5044A91680B44D16893608B424D
S21401B2D088BFD360E5E700BF701900202DE9F0476D
S21401B2E0002390464A1C08BF0821C8F800300028F1
S21401B2F000F099804D4F7B68984280F0948007302B
S21401B30020F00705EFF31189302383F311887E6956
S21401B310BEB133787288DB074FEAC20204D5F388E0
S21401B3207BB106EBC306F4E79542F8D806F10803AD
S21401B330B3FBF1F001FB103353B12B449A42EED329
S21401B34043B989F31188BFF36F8F1920BDE8F087E1
S21401B3502B46F5E770883A69C3EBC000013A272807
S21401B3603A614ED99D4205F1080A45D03046FFF7AD
S21401B37065FF0446A2445046EEF7ACFC628805F130
S21401B3800F01A2EBD102CB08AAF80220AAF80430DA
S21401B390E288002A32D0D31A9BB204EBC202AAF882
S21401B3A006309380ED086580BAF804300022E38009
S21401B3B031465046FCF77CFFBB68FA680833934277
S21401B3C0BB6088BFFB60237843F0010323703B69B1
S21401B3D001333B616288BB68083403EBC203FA6839
S21401B3E0BB60934288BFFB60C8F8004089F31188B0
S21401B3F0BFF36F8F0020A9E73446BBE7AAF8062003
S21401B400D0E79D420DD03046FFF718FF044623785B
S21401B410012243F00103314620462370FCF748FF22
S21401B420D8E73446F3E7212090E700BF70190020E3
S21401B430002370B51646136089B180B101FB00F593
S21401B4404FF0FF312846FFF749FF044628B9306818
S21401B45018B12A46214608F043FB204670BD212438
S21401B460FBE702464FF0FF31102037E700F00CB83B
S21401B47000F00AB800F008B800F006B800F004B80A
S21401B48000F002B800F000B872B61EF0080F09D03E
S21401B4901EF0040F0DD0DFF850E0AEE8FF1F6FF08E
S21401B4A002000CE0DFF840E0AEE8FF1F6FF00E0090
S21401B4B005E0DFF834E0AEE8FF1F6FF006006946EE
S21401B4C0EFF309828EE8070086460848084C854552
S21401B4D001D3A54501D384F30888F3F7FDFD84F372
S21401B4E00888F3F7EBFD0000803D002048000020AF
S21401B4F0C80A00201FB514461A46094B05461B68A4
S21401B500D8684CB1074B00910749CDE901342B4669
S21401B51000F0C6F808F0EFFA044B1C46F3E700BF4C
S21401B520244000203D8302004A8302001186020067
S21401B53008B5064B044613B10021AFF30080044B57
S21401B5401B6803B198472046F8F703FA000000008D
S21401B550A8390020002310B504468360818119466E
S21401B5604366C28108228361C0E90033C0E904331F
S21401B5705C3008F0B5FA0D4B246263620C4BA36293
S21401B5800C4BE3620C4B23630C4B9C4206D003F13D
S21401B5906802944202D0D0339C4205D104F158008F
S21401B5A0BDE8104008F0A4BA10BD00BF593A020029
S21401B5B07B3A0200B33A0200D93A02007038002002
S21401B5C0024A0349034808F029BA00BF1840002080
S21401B5D03B3C02002840002041680C4B994210B5C4
S21401B5E0044601D008F029FBA168094B994202D014
S21401B5F0204608F022FBE168064B994204D020461B
S21401B600BDE8104008F019BB10BD00BF703800201F
S21401B610D8380020403900200C4B04210C4A0D4834
S21401B62010B51A600022FFF795FF0A4B0122092187
S21401B6301C4603F16800FFF78DFF022204F1D000DB
S21401B6401221BDE81040FFF785BF00BFA8390020D2
S21401B650C1B5010070380020014808F04ABA00BFA1
S21401B660493D0020014808F045BA00BF493D002089
S21401B67010B50446FFF7F0FF236A1BB1BDE8104082
S21401B680FFF7F0BF044B2362044B1B68002BF5D178
S21401B690FFF7C2FFF2E700BFD9B50100A8390020C5
S21401B6A00EB403B503AB0146054853F8042B0068F6
S21401B6B0019300F071F802B05DF804EB03B0704737
S21401B6C02440002038B50023054D044608462B606B
S21401B6D0F8F73CF9431C02D12B6803B1236038BD4F
S21401B6E0AC39002038B50446064D084611460022FE
S21401B6F02A601A46F8F737F9431C02D12B6803B1C2
S21401B700236038BDAC39002038B50446064D0846DE
S21401B710114600222A601A46F8F727F9431C02D17F
S21401B7202B6803B1236038BDAC39002038B5044618
S21401B730064D0846114600222A601A46F8F717F900
S21401B740431C02D12B6803B1236038BDAC390020FD
S21401B75070B50D4B00260D4D5B1B9C10A64209D102
S21401B7600B4D0AF02DFC0B4B00265B1B9C10A642D2
S21401B77005D170BD55F8043B01369847EEE755F8FC
S21401B780043B01369847F2E7C4400020C040002041
S21401B790C4400020C84000202DE9F04F0D469DB062
S21401B7A014469846064618B1036A0BB9FFF760FFC0
S21401B7B06B6ED90705D4AB899A0502D4A86D08F03B
S21401B7C098F9AB891B0701D52B699BB929463046E9
S21401B7D000F09AFA70B16B6EDC0704D54FF0FF30BB
S21401B7E01DB0BDE8F08FAB899805F7D4A86D08F0B9
S21401B7F081F9F3E70023CDF80C804FF00109DFF85B
S21401B800B481099320238DF8293030238DF82A300E
S21401B81023469A4613F8012B0AB1252AF9D1BAEB29
S21401B820040B0BD05B4622462946304608F081F9C8
S21401B830013000F0A780099A5A4409929AF800301C
S21401B840002B00F09F8000234FF0FF320AF1010A1F
S21401B850049307938DF853301A93CDE90523544684
S21401B8600522544814F8011B08F090FA049AD8B936
S21401B870D10644BF20238DF85330130744BF2B2332
S21401B8808DF853309AF800302A2B15D0079A544673
S21401B89000204FF00A0C214611F8013B303B092BE2
S21401B8A04BD9B0B1079214E0A0EB0803A24609FAFF
S21401B8B003F313430493D2E7039B191D1B68002B64
S21401B8C00391BBBF5B4242F0020207930793B8BFE6
S21401B8D0049223782E2B0AD163782A2B32D1039B2C
S21401B8E002341A1D1B6843EAE37303920593DFF8DB
S21401B8F0D4A003222178504608F048FA38B1A0EBCC
S21401B9000A004022049B013482401343049314F836
S21401B910011B062228488DF8281008F037FA00285F
S21401B9203FD0264B1BBB039B073323F0070308338B
S21401B9300393099B3B4409936AE70CFB02320C46CE
S21401B9400120A8E7002301344FF00A0C194605939D
S21401B950204610F8012B303A092A03D9002BC6D00D
S21401B9600591C4E70CFB012104460123F0E703AB74
S21401B9702A4604A930460093114BAFF300800746D0
S21401B980781CD6D16B6ED90705D4AB899A0502D43B
S21401B990A86D08F0AFF8AB895B063FF51FAF0998B5
S21401B9A01EE703AB2A4604A930460093044B00F079
S21401B9B00BF8E4E7798302008383020000000000AD
S21401B9C0333B02007F8302002DE9FF470F7E91463D
S21401B9D080460C46782F9A460C9E01F1430207D802
S21401B9E0622F0AD8002F00F0D280582F00F0B780BF
S21401B9F004F1420684F842703AE0A7F16303152B7E
S21401BA00F6D801A151F823F061BA010075BA010018
S21401BA10F1B90100F1B90100F1B90100F1B9010074
S21401BA2075BA0100F1B90100F1B90100F1B90100DF
S21401BA30F1B9010075BB01009FBA01002BBB0100E3
S21401BA40F1B90100F1B9010097BB0100F1B901009C
S21401BA509FBA0100F1B90100F1B9010033BB010041
S21401BA6033681A1D1B68326004F1420684F84230BE
S21401BA7001239DE033682068191D3160060601D553
S21401BA801D6803E04506FBD5B3F90050002D03DA27
S21401BA902D236D4284F8433059480A2310E021686B
S21401BAA03368080653F8045B02D4490648BFADB2B2
S21401BAB06F2F5348336059D10823002184F843106F
S21401BAC06668002EA66005DB21682E4321F004017E
S21401BAD021604DD01646B5FBF3F103FB1157C75D48
S21401BAE006F8017D2F460D46BB42F4D9082B0BD133
S21401BAF02368DF0708D5236961689942DEBF3023D2
S21401BB0006F8013C06F1FF36921B22614B4603AA5A
S21401BB1021464046CDF800A008F01DF801304CD172
S21401BB204FF0FF3004B0BDE8F087236843F02003F0
S21401BB30236078273348236884F845701F063168E8
S21401BB4051F8045B02D45F0648BFADB23160D90735
S21401BB5044BF43F0200323601DB11023ADE72848FE
S21401BB60E9E7236823F020032360F6E70A23A4E726
S21401BB701646BBE733682568181D616930602E06D6
S21401BB801B6801D5196002E06806FBD51980002301
S21401BB9016462361BAE7336800211A1D32601E6813
S21401BBA06268304608F0F2F808B1801B606063688E
S21401BBB02361002384F84330A8E7236932464946C7
S21401BBC04046D0470130ABD023689B0713D4E068CA
S21401BBD0039B9842B8BF1846A4E70123324649465C
S21401BBE04046D04701309BD00135E36803995B1A84
S21401BBF0AB42F2DCEBE7002504F11906F5E700BFDE
S21401BC008A8302009B830200B1F90C202DE9F041E2
S21401BC10160705460C4651D44B68002B02DC0B6C0C
S21401BC20002B49DDE66A002E46D0002312F480522E
S21401BC302F682B6031D0626DA389590705D56368DB
S21401BC40D21A636B0BB1236CD21A0023E66A216AFF
S21401BC502846B047421CB4F90C3006D129681D2984
S21401BC6045D8284ACA40D60741D50022D904626081
S21401BC702269226004D5421C01D12B6803B9606594
S21401BC80616B2F60C1B104F14403994202D028468A
S21401BC90FAF72EFC002363630EE00123216A28468F
S21401BCA0B0470246501CC7D12B68002BC4D01D2BB1
S21401BCB001D0162B19D12F6000201DE00F69002F2F
S21401BCC0FAD093070E680F600CBF4B690023A6EBF2
S21401BCD007088B60B8F1000FEEDD43463A46216A4D
S21401BCE02846A66AB047002808DCB4F90C3043F0B1
S21401BCF040034FF0FF30A381BDE8F0810744A8EB75
S21401BD000008E7E70100402038B5284B05460C46F9
S21401BD10186818B1036A0BB9FFF7AAFCB4F90C301E
S21401BD201A0721D4D80607D409222A6043F0400313
S21401BD304FF0FF30A38130E0590712D5616B41B156
S21401BD4004F14403994202D02846FAF7D1FB0023B6
S21401BD5063630022B4F90C30626023F02403226985
S21401BD60226043F00803A38122693AB99A0501D5F6
S21401BD70180603D52146284608F047F8B4F90C30D2
S21401BD8013F001020AD00022A26062695242A26147
S21401BD90226942B913F08000C8D138BD990758BF4F
S21401BDA06269A260F4E70020F7E700BF24400020A4
S21401BDB0024B0146186807F0BFBF00BF24400020B1
S21401BDC038B50023064D0446084611462B60F7F7A2
S21401BDD0C7FD431C02D12B6803B1236038BD00BFE9
S21401BDE0AC39002038B50023064D044608461146F6
S21401BDF02B60F7F7AFFD431C02D12B6803B123601C
S21401BE0038BD00BFAC39002038B50023054D0446C7
S21401BE1008462B60F7F7A2FD431C02D12B6803B13D
S21401BE20236038BDAC390020024B0A46014618682B
S21401BE30FAF761BB24400020024B01461868FAF766
S21401BE404ABB00BF24400020024B01461868FAF79F
S21401BE504FBB00BF244000200CB4194B30B50C1E5C
S21401BE609DB01D6808DA8B234FF0FF302B601DB0A4
S21401BE70BDE8304002B070474FF40273029006905E
S21401BE8002A9ADF814304FF00003209A28461B9300
S21401BE9014BF04F1FF332346049307934FF6FF7351
S21401BEA0ADF8163021AB019300F01AF8431CBCBF65
S21401BEB08B232B60002CDAD0029B00221A70D6E767
S21401BEC02440002007B5009313460A46014603485E
S21401BED0006807F0D3FF03B05DF804FB24400020A0
S21401BEE02DE9F04F98468B899DB007461B060D46F7
S21401BEF0144610D50B6973B94021FAF7ECFA28609D
S21401BF00286130B90C233B604FF0FF301DB0BDE80F
S21401BF10F08F40236B610023CDF80C804FF00109B0
S21401BF20DFF8A081099320238DF8293030238DF87E
S21401BF302A3023469A4613F8012B0AB1252AF9D14D
S21401BF40BAEB040B0BD05B4622462946384607F06F
S21401BF50DDFF013000F0A780099A5A4409929AF849
S21401BF600030002B00F09F8000234FF0FF320AF1D3
S21401BF70010A049307938DF853301A93CDE90523EC
S21401BF80544605224F4814F8011B07F0FFFE049A99
S21401BF90D8B9D00644BF20238DF85330110744BFCB
S21401BFA02B238DF853309AF800302A2B15D0079A98
S21401BFB0544600204FF00A0C214611F8013B303B55
S21401BFC0092B4BD9B0B1079214E0A0EB0803A246A7
S21401BFD009FA03F313430493D2E7039B191D1B6865
S21401BFE0002B0391BBBF5B4242F00202079307930B
S21401BFF0B8BF049223782E2B0AD163782A2B32D12C
S21401C000039B02341A1D1B6843EAE37303920593EC
S21401C010DFF8C0A003222178504607F0B7FE38B1FA
S21401C020A0EB0A004022049B013482401343049390
S21401C03014F8011B062224488DF8281007F0A6FEE6
S21401C040002836D0214B1BBB039B073323F0070385
S21401C05008330393099B334409936AE70CFB0232C6
S21401C0600C460120A8E7002301344FF00A0C1946BC
S21401C0700593204610F8012B303A092A03D9002BE4
S21401C080C6D00591C4E70CFB012104460123F0E765
S21401C09003AB2A4604A9384600930D4BAFF3008044
S21401C0A0421C0646D6D1AB895B063FF52DAF0998F3
S21401C0B02CE703AB2A4604A938460093044BFFF746
S21401C0C083FCEDE779830200838302000000000011
S21401C0D00D3F02007F830200014807F0CABF00BF80
S21401C0E0690345EC1046044A1368591E033102D809
S21401C0F0002111601847704774400020034B1868F0
S21401C100034B002808BF1846704700BFB03900200F
S21401C11070890200014808F079B900BFB8390020DB
S21401C12013B50B4C0229226005D10A4808F06EF9B6
S21401C130002002B010BD0A4600930146064B054892
S21401C14008F045F9003818BF01204000F1E700BFAC
S21401C15074400020B8390020E5C00100014808F00D
S21401C16066B900BFB83900200021014808F081B93E
S21401C170B839002008B5064B1B68013305D0FFF718
S21401C180EDFF80F00100C0B208BD0020FCE700BF53
S21401C190744000202DE9F843DFF860900646D9F890
S21401C1A0008008461746B8F1000F03D00E2420463B
S21401C1B0BDE8F88306B3336801331DD1E1B100F061
S21401C1C075F805460028F1D0C9F8000000F0DAF845
S21401C1D0284607F058FF044640B14046C9F800809B
S21401C1E000F0D0F8284607F046FFE0E73560002F5C
S21401C1F0DDD02846B847DAE72124D8E7B43900204D
S21401C200024B1868003818BF01207047B439002067
S21401C21038B50C4601F0EEFDA3780B4A13705A1E92
S21401C22055425541A8420CD0012B04D02846BDE802
S21401C230384001F0C7BD204601F0B4FD0028F5D016
S21401C24038BD0020FCE700BF4A3D0020002108B5AC
S21401C250024B08465B689847002008BD90400020C6
S21401C26010B5FFF74BFF0D4B0C461A1A53425341BC
S21401C2708B4201D1002010BD094B1B683BB9094A0E
S21401C280064B002C08BF1346074A1360F2E708F076
S21401C29012FA0028F3D00220EDE700BF4889020019
S21401C2A0B439002070890200B0390020F8B5044680
S21401C2B009F079FD002607460E4B1B6893B19E6870
S21401C2C0AEB196F82420D20711D435460FCC0FC54F
S21401C2D00FCC0FC523682B6096F8243043F001037A
S21401C2E086F82430384609F059FD3046F8BD1B68FB
S21401C2F0E4E700BF84400020431E033306D8044B06
S21401C300984228BF1846642838BF6420704700BF8B
S21401C31040420F0038B5184B05461B680C4603B162
S21401C320984744B1236833B11B68013303D0E368EF
S21401C3300BB1A36843B908F071FC0020912241219A
S21401C34000F0CCFA212038BD204603F069FA00231C
S21401C3500A4A85F84831C5E93A4313605360636970
S21401C36043B1074A42211068B322C31A58425841C2
S21401C37000F0B4FA0020E6E70C3C002078400020EC
S21401C380703C002010B5044618B9054B054A1360E9
S21401C39010BD00F08FFDD4F8F430002BF6D1F4E791
S21401C3A04741020088400020084B10B4002A14BF01
S21401C3B014461C46064B1C6019B15DF8044B07F089
S21401C3C0CFBE08465DF8044B704700BF47410200E8
S21401C3D08840002008B502460868FFF78DFF086010
S21401C3E04868FFF789FF48608868FFF785FF88601F
S21401C3F0C868FFF781FF0B69C860581C03D00B485B
S21401C400834228BF03460B614B69581C03D007487B
S21401C410834228BF034688694B61FFF76DFFBDE87D
S21401C42008408861104601F049BC00BF40420F0039
S21401C430D0F8EC302DE9F04105460C4613B1C38D1A
S21401C4408B424ED0D5F8E830002B4DD09E68002E9A
S21401C4504AD0D868002847D0013800B200281DDB32
S21401C460002107E0128A0CF10101A24219D209B299
S21401C470884213DB0B1803EBD3735B1003EBC30289
S21401C48006EB8202B2F80EE01FFA83FCA6450CF119
S21401C490FF3EE7D90FFA8EF08842EBDA2120BDE89D
S21401C4A0F0814FF6FF729445F8D09BB203EBC303BD
S21401C4B006EB83062846B6F9122095F83C11D5F806
S21401C4C0FC80FAF783FC0746B8F1000F04D000237E
S21401C4D0324628461946C047EC85C5F8EC6085F813
S21401C4E045710020BDE8F0810E20BDE8F08100BF57
S21401C4F02DE9F04782B004460E46904601F080FCD6
S21401C500002877D15D4D2F68D4F8E8A0D4F8EC90D8
S21401C5101FB1574500F090800027AE6002F0BCF8CE
S21401C5200128064604D001210022084607F0DAFD5C
S21401C530204608F04AFA002860D12B68DAF8001085
S21401C540D9F800201BB11868884200F08180204687
S21401C55008F00CFAB7B1B8F1000F13D1204601F07C
S21401C560C7FE0546D4F89830002B3CD1012E05D0E5
S21401C57025B1434B002103205B689847284602B04B
S21401C580BDE8F0873F4BC5F800A01A78C5F80490BF
S21401C5908DF80780002A40D1D4F8FC50002D5FD0DA
S21401C5A0114620460DF10703A847204601F0A0FEDC
S21401C5B0054617B1B8F1000FD4D0B5FA85F040F2B0
S21401C5C005423321400900F089F94146204601F031
S21401C5D073FF2D4B49461B68054620469847D4F8FD
S21401C5E09830002BC2D000224FF40073204600F092
S21401C5F071FCBBE70023214D6B6084E794F825307E
S21401C600DA079AD5D4F8A0305B0596D51F4B0122E0
S21401C610002120461B6898478FE7D4F8EC30B4F920
S21401C620461023B1B3F912309942A8BF19464246C3
S21401C630204601F0A9FDB8E76F68002F3FF46DAF03
S21401C6404F457FF469AFAB68B34215D0012764E765
S21401C650696819B1096891423FF47CAF596876E779
S21401C66094F82A1094F845314246994228BF194653
S21401C670204601F04FFD98E700257FE7784000202F
S21401C680904000203C83020088400020103C00209F
S21401C690F8B505460E4609F086FB3146074628469C
S21401C6A0FFF7C6FE044620B1384609F077FB204660
S21401C6B0F8BD01F0CDFF224631462846FFF718FFA8
S21401C6C004460028F0D1284608F07FF90028EBD070
S21401C6D095F8253013F001030DD0D5F8A0205205AA
S21401C6E00DD5B5F83621B24205D0B5F838319B1BC9
S21401C6F0B3FA83F35B09034A82F8C430D4E72346CE
S21401C700F9E700BF001E00B070B504460E4609F0FA
S21401C7104AFB314605462046FFF7BAFF044620B9D4
S21401C720044B01465B6803209847284609F036FB10
S21401C730204670BD9040002070B5044600200D468E
S21401C74008F070FA094B1B784BB9D4F8FC6036B187
S21401C75029462046B446BDE870401A466047294639
S21401C7602046BDE8704008F0F0B800BF3C830200E8
S21401C77013B56946044607F085FD0C4B1B783BB1A3
S21401C7809DF800300D2B03D0B4F94C0002B010BD5B
S21401C790204607F0D1FFFF28024605D020469DF827
S21401C7A00010FAF715FBF1E70148EFE73C830200BA
S21401C7B00080FFFF30B4064DBDF908402D781DB14D
S21401C7C0029430BC08F0C4B80E2030BC704700BFDD
S21401C7D0533D00202DE9FF4106460D4690460AB915
S21401C7E0D0F898804146304607F05CFD18F0010FFE
S21401C7F002D0304605F07EFB02F0FEFC244B0446D8
S21401C8000FCB6F468DE80F006DB1FF2C0DBF2B6867
S21401C81004AB55F8242000930BBF6B6803EB84032D
S21401C820019343F8102C18F4803F17D1224639465D
S21401C830304608F069F970B96DB1FF2C0FBF009B47
S21401C84004AB03EB840353F8103C05BF2B60019B3C
S21401C85045F824306B6004B0BDE8F081FF2C0BD1A5
S21401C860009B01330ED0019B01330BD02246394683
S21401C870304608F067F9DEE704AB03EB840353F8B0
S21401C880103CF1E722463946304607F0DBFBD2E79B
S21401C890A489020008B50B460249194007F0F4FCCA
S21401C8A0002008BD07001100024B1860024B1960FA
S21401C8B0FEE700BFD03B00208C40002038B5044D79
S21401C8C0044C054B286021601A60FFF7EDFF38BD68
S21401C8D0D03B00208C400020D43B002010B550B93E
S21401C8E00548064B0160064802601868054B18604B
S21401C8F01868FFF7E3FF10BD8C400020B439002014
S21401C900D43B0020D03B0020054B1B680BB91846D2
S21401C9107047834201D01B69F8E70120704700BFCA
S21401C920DC3B002018B10A4B1A680AB9104670475A
S21401C9301A68824207D1026901201A60054A136803
S21401C940013B1360704702F110031269EDE700BF67
S21401C950DC3B0020D83B00202DE9F74F064609F0C6
S21401C9602BFADFF82081012398F800B0DFF8189140
S21401C9700190BBF1000F06D089F8003003B0BDE886
S21401C980F04F09F014BA3D4F88F8003089F800B02E
S21401C99007F0A3FD08B107F09EFD3D6838495DB973
S21401C9A0DFF8E8A0DAF800200024AA423B682ED877
S21401C9B04FF0FF31324838E06B7D8BB12B68B342C4
S21401C9C002D09A1B8A420BD96A6813442B60AB6863
S21401C9D0003A18BF0122003B18BF01236A75AB75E8
S21401C9E02D69DCE7907D20B1107D88429CBF014611
S21401C9F014461269002AF5D1002CD9D094E80B0010
S21401CA00A275411AE268204698470135CAE71A46D8
S21401CA10FF21EFE75A7D3AB11A68B24228D0921B3D
S21401CA20824225D8914226D21B69002BF2D15CB1F5
S21401CA302046FFF777FF38B13B683C602361DAF8A0
S21401CA4000300133CAF800303B685C7D1CB11868C1
S21401CA5000F0DEF8044607F03CFD0646002C95D1B2
S21401CA6099F80030002B91D1019888F8004085E7AD
S21401CA701C460021D8E711461C46D5E7DC3B0020C2
S21401CA80FCFFFFBF4C3D00204B3D0020D83B002063
S21401CA9038B5054610B31822002107F021F809F031
S21401CAA08BF902462846FFF72FFF20B1104609F002
S21401CAB07EF9022038BD0A4B1C6854B909491D602D
S21401CAC00B68104601332C610B6009F070F92046A3
S21401CAD0F0E719680C6901F11003EEE72120E9E798
S21401CAE0DC3B0020D83B002038B50446FFF70CFF9E
S21401CAF009F062F905462046FFF706FF637D23B974
S21401CB00284609F054F90E2038BD00236375064BFC
S21401CB101B68A34203D107F0DCFCFFF71DFF284684
S21401CB2009F045F90020EFE7DC3B00202DE9F84F3E
S21401CB30DDF82890984604460D469246FFF7E4FE37
S21401CB40DDF830B009F038F9074607F0C2FC0646B2
S21401CB502046FFF7D9FE637D23B12046FFF7C4FFC9
S21401CB600023A375BAF1010F21D175B9B8F1000FF1
S21401CB701FD1B9F1000F03D05A4631462046C847A7
S21401CB80384609F014F9002017E035440C4BAA1B6F
S21401CB909A420ED8012363759DF82C30304684E8FE
S21401CBA020032375C4F80CB0FFF7D6FEE8E7AE42C3
S21401CBB0ECD1384609F0FBF82120BDE8F88F00BF1C
S21401CBC0FCFFFFBF2DE9F04107468846FFF79CFEB4
S21401CBD009F0F2F83D68064607F07BFC7B7D7BB1E9
S21401CBE085420DD0094B2C1A9C4209D8304609F0D3
S21401CBF0DEF8B8F1010F08BF25462846BDE8F081EA
S21401CC00304609F0D4F80025F7E700BFFCFFFFBF68
S21401CC100023024A194600F047BA00BF9D440200AD
S21401CC202DE9F0418AB001AB0C4605462422184690
S21401CC30134907F0B9F80027002C08BF0446384608
S21401CC4004F10C0690B95FFA87F842462846218817
S21401CC5007F0BEFE50B942462846E18807F0C9FEF5
S21401CC6020B942463146284607F0D6FE0137032F43
S21401CC7006F1080604F10204E4D10AB0BDE8F08129
S21401CC80D8890200F0B589B005460E4607F0DCFEED
S21401CC90044600BB01AC06F10C070FCF0FC497E8A2
S21401CCA0070084E8070001A92846FFF793FB2846FA
S21401CCB0311D07F009FB044648B92846074900F02C
S21401CCC053FF044618B9284602F01EF804462846C3
S21401CCD03168FFF7A5FF204609B0F0BDD0890200F4
S21401CCE0024BD868C0F30360704700BF000002B86B
S21401CCF02DE9FF478F7881460F2F0C4603D9212057
S21401CD0004B0BDE8F08727B901223D4B00201A7018
S21401CD10F6E70E784D78002E3DD1002DEFD1AE42CC
S21401CD20E088B24638BFAA4603F00EFDC30943EABF
S21401CD304163C01A61EBD11103F03AFDFF2880462A
S21401CD40DDD0A08803F0A8FD2E4B354301461A8896
S21401CD504FF60400002D4AD1824208D12A48006EBF
S21401CD6080B290420ABF4FF6050218801A80B1F5CC
S21401CD70803F254B14D902224FF0080A1A668022FA
S21401CD8056464908C3F880204FF6FF730139994289
S21401CD9028BF19460EE0082EB1D8082DAFD8BEE739
S21401CDA001224FF0080A1A6680225646C3F88020F0
S21401CDB00029E9D1002302930123013FFFB200932A
S21401CDC032465346019709F5827003F0E7FB1DB919
S21401CDD04FF480120D4B5A65404694F9031003F048
S21401CDE003FDA2680A4B1A600222054B8EE78242B7
S21401CDF01EBFDFF814C0CCF860201880D8E700BF4B
S21401CE004D3D0020AC40002000C001B800D001B864
S21401CE10EC3B002010B5054C237823B104F096FBBB
S21401CE200020207010BD0E20FCE700BF4F3D002003
S21401CE3008B504F075FB0122014B00201A7008BDED
S21401CE404F3D0020F8B504460F46164608F0ABFFE6
S21401CE500546A047044620B1284608F09FFF204615
S21401CE60F8BD06F06FFA04220549D1F8D83E23EA48
S21401CE7007033343C1F8D83E024B1A67ECE700BFFD
S21401CE80001000B0002002B800F01803182B0AD0DA
S21401CE9003070AD410F0100F40F2011308BF002355
S21401CEA0034A136570470023FAE70123F8E700BF3A
S21401CEB0001F00B038B10368044A002B08BF1346B0
S21401CEC0034A13607047014BFAE700BFB145020001
S21401CED0A040002010B4D0E9564122400B4052EA4F
S21401CEE0030104D003495DF8044B096808475DF85F
S21401CEF0044B7047A04000200F2938B505460C4664
S21401CF000ED801F0C9FB01280CD1074A2846D36B7D
S21401CF1023F00F032343D36307F0E7FD002038BD5A
S21401CF202120FCE70220FAE7001F00B008B50E4BEF
S21401CF301A6F12F0A00F13D15B6F5B0712D40B4B65
S21401CF40D3F8D83E23F07F4323F0FF0353B1FFF716
S21401CF50C7FE6FF4905343FA00F000F0010008BDDD
S21401CF600020FCE70120FAE7000002B8001000B03C
S21401CF7070B50D46064620B91A4B1B68EBB10E205C
S21401CF801AE001F089FB012827D1174BD6F8F000EB
S21401CF9093F9004007F0A6FC0022C4F11C04241AF1
S21401CFA0641BC4F11C03002BB8BF5B42232B16DCA9
S21401CFB03AB10D4B1D70002070BD0122C1F11C0459
S21401CFC0EFE786F8285008F0EEFE054660B200F05E
S21401CFD0FFFF284608F0E2FEEDE70220ECE72120FD
S21401CFE0EAE700BFB43900204E3D002010B50446E4
S21401CFF007F0EBFC10B1012001F076FE204601F0AF
S21401D000E5FA08F0D0FE0A4A0121D2F8A03004461B
S21401D01023F02003C2F8A0300222064B08469A608D
S21401D020054B5B689847204608F0B8FE002010BD07
S21401D030001E00B0001002B89040002008B507F0AE
S21401D040B8FA8022024BD864024B1A6108BD00BFB1
S21401D050001F00B0000002B8014B1868704700BFFF
S21401D060F83B002037B508F09EFE0123002200247D
S21401D07000930023054619461046019405F07CFFEF
S21401D080022003F07DF9064B21461C60054B022069
S21401D0905B689847284608F081FE204603B030BDFD
S21401D0A0003C0020904000202DE9FF4102290C465B
S21401D0B015469846039005D1FFF7D4FF002004B02B
S21401D0C0BDE8F08108F06FFE1E4E0746336853B187
S21401D0D0AB4208D00024384608F060FE002CEDD1A3
S21401D0E021203460EBE7184B0022C3F8008035603E
S21401D0F0002301254FF000081046194601950095BA
S21401D10005F03AFF114B022083F8008003F038F94E
S21401D11022464346022003A903F050F90C4B039A1A
S21401D12004461A600028D5D0DFF82880D8F80030E9
S21401D13098472128CFD12946D8F8043002209847AD
S21401D140C9E700BF003C0020FC3B0020513D002009
S21401D150F83B002090400020034B5B6E5B055ABFF6
S21401D160024B18780120704700C001B8513D0020DD
S21401D17010B590F827300446023B022B05D84B7CAD
S21401D18003B3012B20D0022B20D0D4F860311B062C
S21401D19013D58B8A1A2B10D9D4F8A410084607F099
S21401D1A021FA0D2814D00F2810D0102810D01128DD
S21401D1B00CD001F0FD010D290AD02046BDE8104033
S21401D1C007F092BA034810BD0348FCE70348FAE7A4
S21401D1D00348F8E720A1070048E8010040420F0095
S21401D1E080841E000A78022A11D0101F4242424152
S21401D1F052004B781201022B0BD0191F4B424B41A8
S21401D2005B000549054842EA8312FFF71BBE01226F
S21401D210EFE70123F5E700BFF0FFFF00E1E60100BD
S21401D2200B78022B10D0181F434243415B004A780B
S21401D230022A0BD0111F4A424A4152000F210448CC
S21401D24043EA8202FFF7FEBD0123F0E70122F5E77C
S21401D2500DE70100D0F8B43010B5994204460ED05F
S21401D260C0F8B41002F068FD0649A4F84001012395
S21401D270054AD1F8FC1004F5827004F00BFF00207B
S21401D28010BD00BF001F00B0581F00B02DE9F74FBA
S21401D29004468B4615461E46FFF748FE20B3A38A72
S21401D2A013B3204607F076F878B9002E40F0E680F2
S21401D2B0734BD3F8D83E03F03002102A00F0DE801C
S21401D2C003F0C003402B00F0D9806E4F7B69DB076B
S21401D2D040F1D48008F067FD0646032003F054F9B8
S21401D2E030B1304608F05AFD022003B0BDE8F08F99
S21401D2F07A6912F0060AF4D1304608F04FFD604B09
S21401D3004FF400612046D3F8D89ED3F8AC8E06F0D1
S21401D31081F948B14FF4007601215B4F5246084629
S21401D3203E6706F0DFFE3E6794F82530DF0707D537
S21401D330D4F8A0305E0542BF4FF40022534B1A6763
S21401D34059462046FFF7A4F94D4BC3F8D89EC3F8BB
S21401D350AC8E0028C9D194F82430980601D4002D4B
S21401D3604DD0C5F3400005F049F8022315F4807F3F
S21401D3701BBF0021454A444A136717BF444A136737
S21401D3805161136305F0DEFF4FF4806315F0040F5F
S21401D39014BF404A404A3C4E536204232846336732
S21401D3A0FFF772FD204607F0F0F938B14FF48073AD
S21401D3B015F0010F16BF354A33671367A90647D51F
S21401D3C04FF6FF72B4F8403093420FD0334A3449D7
S21401D3D0526E100CC2F301120132B3FBF2F3088055
S21401D3E02C4A2D492F481B0448665366003D18BF3A
S21401D3F0012594F8243065F3451384F8243020463B
S21401D40007F0E3FAF0B1204607F0BFF9D0B14FF4C8
S21401D4100031204606F0FEF8431C03229BB201A908
S21401D420214807F0F2FB9DF804209DF8053002F034
S21401D4300701052915D112070DD443F480731B4A41
S21401D440C2F8B830002003B0BDE8F04F07F0EABBE1
S21401D45001F0DEF8CAE713F0040F09D19DF8063093
S21401D460EBE703F03002202A05D113F0010FF4E7B1
S21401D4704FF48073E3E79DF80630E0E70E2034E7CB
S21401D480001000B000C001B8002002B8001002B8B9
S21401D49000400054005001B8006001B8004001B8D7
S21401D4A0AE4000200000FFFF08400054001E00B000
S21401D4B02DE9F3410646884615461F4608F073FCDB
S21401D4C00446032003F060F838B1204608F066FCF5
S21401D4D00E24204602B0BDE8F081042003F054F883
S21401D4E00028F2D1204608F059FC01232A4641467D
S21401D4F03046FFF7CBFE04460028EAD1DFF8BC80B1
S21401D5006FB188F8000039463046FFF7F1FB50B995
S21401D51098F80030012B08D104F05AFFD9E798F8A3
S21401D5200030002BF4D12124D3E720221D4B01200B
S21401D5301A671D4BDB6CB3F5817F22BF80221B4B24
S21401D5401A6107F0B1FB08F02EFC194B06461B6862
S21401D55001938BB903F074F815F080051ED10120F4
S21401D56003F0D6F815B9284604F01CFF114B01212B
S21401D5705B68002098470DE0042002F001FF0023BD
S21401D5800122042001A902F019FF0028E2D104F0CB
S21401D59069FF2124304608F001FC9AE70022064B79
S21401D5A09A67DCE7001002B8001F00B0000002B85E
S21401D5B0EC3B00209040002000C001B84D3D00200B
S21401D5C010B50C4619B107F000FA04EB80042046AA
S21401D5D003F062F9024B4042C3F8C80E002010BDAA
S21401D5E0001000B0838E70B593420C4615461BD3CF
S21401D5F0036D8B4208BF002408F0D5FB0646FFF7F3
S21401D6006FFB4FF49C53C340DA0703D5074B1B6FE0
S21401D6109B0304D401222946204601F0BDFE304674
S21401D62008F0BCFB002070BD2120FCE7000002B81A
S21401D6302DE9F0470B460746164611B92120BDE8ED
S21401D640F087002AFAD0032905D8002202F006F84E
S21401D65003460028F2D01C889978B4F5804F01F073
S21401D660070080F0C580A0F1070C1A7993F805A091
S21401D670DD88DCF1000343EB0C030528337394BF0C
S21401D6800023C1F30013C1F3801C73738B0986F862
S21401D69010C003F00203C1F3C00C43EA0C03C1F34C
S21401D6A040117374B174B582002A40F0838097F8F4
S21401D6B02A31013BDBB2F374D7F8A030D90600F16A
S21401D6C08280063801287ED80020B7F81280D7F865
S21401D6D01C9008F1FF38474B083C04EA08045B6DD0
S21401D6E019F80430B060802B1CBF323BDBB2B37339
S21401D6F097F827300134FF2B04EA080435D1631D5F
S21401D70003EA08035A1C02EA080219F8022019F86B
S21401D710033043EA0223DA041DB24DD5D7F8F030C0
S21401D72013B11B68022B05D841F2C2324C210020EE
S21401D730FFF7D4F8D7F8F030C5F30B0093F8243090
S21401D740C0000BB1B0FBF3F082453AD838B1CAEB52
S21401D7500A2ABAFBF0FA6FEA0A0A5FFA8AF0D7F8E1
S21401D760F83013B196F90E109847631CF07303EA6C
S21401D770080319F80310013303EA080319F8032014
S21401D780013303EA080341EA022119F803200133B1
S21401D79003EA080319F8030041EA0241002341EABB
S21401D7A00061727C384604F01FFD062330600020BD
S21401D7B0B37144E7531E7DE719F804004000C0B278
S21401D7C0CDE70020CBE70023F3730B4B5B691A0A06
S21401D7D01B0406D4D3B2323BDBB2B37300233360EF
S21401D7E0E5E762F0FF0352B28032F4D18023F4E71A
S21401D7F0022024E7004000B800C000B838B505464E
S21401D800084B808A9C6A41F21652C4F30C04A0426B
S21401D81034BF002001200821FFF760F8A88A001B0A
S21401D82080B238BD0040005470B506460D46144619
S21401D8306BB107F099F8B08AA04228BF204684B29F
S21401D84022462946034801F053FD204670BDFFF7E6
S21401D850D5FFF1E70840005438B5148811F00305E8
S21401D8604FEAC40422D13F2C20D9B4FA84F4C4F17F
S21401D8701903DBB2052B01D8192C15D0052B28BFAF
S21401D880052301240633DBB29C40C4F3CF03138087
S21401D89003828161448701F0A7FD054A631E234385
S21401D8A0C2F8A430284638BD2B46EAE72125F9E719
S21401D8B0001E00B0082310B1024A13677047024ADF
S21401D8C0FBE700BF001002B8002002B82DE9F743BD
S21401D8D0DDF828800746894616461D4608F063FA95
S21401D8E00446032002F050FE38B1204608F056FAEE
S21401D8F00E24204603B0BDE8F083484B20465B6902
S21401D90013F0060FF2D108F049FA012332464946D0
S21401D9103846FFF7BBFC04460028EAD1002D6CD040
S21401D920B8F1000F69D03E4C2368002B05DAF7F7F3
S21401D930E3FC002803462060DADB184604224FF495
S21401D9403C51F7F7CBFCA42200212068F7F7F0FC46
S21401D9504FF48072314B414638469A65FFF7C8F955
S21401D96000284AD12F4B1B78012B46D020222E4B64
S21401D97001201A672D4BDB6CB3F5817F22BF802215
S21401D9802B4B1A6107F090F908F00DFA294A074661
S21401D9901368B3B129682C790B441360019383B1E2
S21401D9A0042002F0EDFC00232246042001A902F027
S21401D9B005FD30B904F056FD2124384608F0EEF98D
S21401D9C097E702F03DFE16F0800018D00022134BB8
S21401D9D09A67687901A9431E58425841FFF76AFFC2
S21401D9E02B68032001932A79082302F0E7FC48B943
S21401D9F004F038FD384608F0D1F9212479E704F01F
S21401DA00D1FCE6E70C4D2B68984721280446D4D173
S21401DA10012100206B6898470024CEE700C001B8BA
S21401DA20984000204D3D0020001002B8001F00B0B5
S21401DA30000002B8EC3B002090400020054A126826
S21401DA401AB190F82A1119B91047084603F062BABC
S21401DA5001487047E43B002000FEFFFF374B2DE9ED
S21401DA60F7431C6801F4007900F00103174653EAF6
S21401DA70090206460D463AD04FF0000863B300236C
S21401DA80002200210120CDF80480CDF8008005F0A9
S21401DA9073FA042002F074FC41462046FFF7CEFFDD
S21401DAA0012241462086DFF8A880104606F01AFBC0
S21401DAB0D4F8A01094F8270003F0C6FAD8F80000AE
S21401DAC000F0D4F94FF0FF33C8F8003094F8243052
S21401DAD043F0040384F82430B9F1000F07D0012184
S21401DAE0204607F08FF925F4007506430D432B46B3
S21401DAF032462046FFF7EEF9FB070FD51049114ACB
S21401DB00086800211368116001210F4A117003B1E2
S21401DB1098470E4B002102205B68984717F00E0FBE
S21401DB2008D04FF4EC723B21002003B0BDE8F0436F
S21401DB30FEF7D4BE03B0BDE8F08300BFB4390020C1
S21401DB40FC3B0020003C0020513D0020904000207E
S21401DB509C40002008B548220021024805F0C0FF7D
S21401DB60002008BDDC1E00B010B50C46FFF7F2FF22
S21401DB70BCB1A378082B16D8E278082A13D843EA52
S21401DB80021313F0FF030CBF19466168074AC2F877
S21401DB90DC10217882F82011617882F8233182F82E
S21401DBA02111002010BD2120FCE700BF001E00B09F
S21401DBB073B52F4A2F49137809784FF0FF350B4379
S21401DBC078211370A0F8201164228221C0E9462230
S21401DBD0C0E94412C0F80C216FF47B42C2624FF4D4
S21401DBE000420D23A0F846200722002680F83C318B
S21401DBF04FF6FF730446C28700F1540202651E4ABF
S21401DC00A0F84030438642630387C384C0F8B4500B
S21401DC10458580F8286004F087FB2046FFF79AFFC9
S21401DC2094F928102046FFF7A3F9602340F6FF7108
S21401DC30124A2046D36402F11C42D162D165104AD1
S21401DC402946D36440220F4B1A67D4F8A02006F069
S21401DC5026FD0E2300220193009340F20223104674
S21401DC60194605F089F901F021FF304602B070BD72
S21401DC70533D00203C8302004000FFFF004000B8F7
S21401DC80005000B8002002B8012A10B512D8032BA4
S21401DC9010D803EB82020123074C934094F822012B
S21401DCA0DBB221B10343002084F8223110BD20EA03
S21401DCB00303F8E72120F9E7001E00B003462DE92B
S21401DCC0F0410C68D1F804E0651C08BFD3F80C419C
S21401DCD0B0F8402108BF0C60BEF1FF3F08BFD3F883
S21401DCE018E18E6808BFC1F804E0771C00F5827061
S21401DCF045D1D3F81451CF688D607E1C45D1D3F839
S21401DD001061D1F810C04F69BCF1FF3F08BFD3F8CE
S21401DD1004C1D1F8188008BFC1F810C0B7F1FF3FA1
S21401DD2008BFD3F80871CE6008BF4F61B8F1FF3F56
S21401DD3008BFD3F81C81B8F1000F2CD05A324245E7
S21401DD4038BF42468A6114B15A2C38BF5A24134947
S21401DD50C3F80C41C3F81061C3F81451C3F818E1B5
S21401DD60C3F81C21C3F804C1C3F808710C4A072381
S21401DD70D1F8FC1004F08EF90020BDE8F08102F124
S21401DD805A05B54238BF3546B5E702F17806BE42B8
S21401DD9038BF3E46B5E76422D4E700BF001F00B097
S21401DDA0581F00B038B5054C054B417800782568FA
S21401DDB0236003F065FB00B1256038BD043C0020FC
S21401DDC0048A0200074B1B684BB10028064B08BFAC
S21401DDD00023064A1360064B187000207047022085
S21401DDE0704700BF043C0020FC890200083C00206C
S21401DDF0523D0020014B1878704700BF523D00206D
S21401DE004FF40022034B186F03F500531A67C0F353
S21401DE10C0407047000002B8024B586900F001008C
S21401DE20704700BF00C001B870B50C4616461D46C7
S21401DE301AB113680BB15B688BB907F0B4FF07F032
S21401DE40ADFF0123AB71B389049AE11A7368B06818
S21401DE5089B2134400FB0133A9802B6070BD1A6898
S21401DE60032AEAD99B6A5B0EECE700BF431C07D086
S21401DE706FF0FF02034B10401A62A3F5805318623D
S21401DE80704700BF00E000B8014B186C704700BF38
S21401DE90001F00B0014B002019647047001F00B03E
S21401DEA003282DE9F74F0C46914678D83D4B1E5C6A
S21401DEB03D4B13F800A03D4B13F800B007F073FF7D
S21401DEC0804605F00BFA074640B100230022019375
S21401DED0009301200023002105F04EF805F006FA14
S21401DEE048B10023002201930093002000234FF441
S21401DEF0004105F041F8002E49D02D4BDD6C05F0B0
S21401DF00080506EB0A002B4B23305844DD64C0B2EB
S21401DF1002F07EF95146304605F02CFA5A46514633
S21401DF20304605F093FA244BDD6477B1234B1B682A
S21401DF30D3F8A01093F8270003F086F82049086864
S21401DF40FFF794FF4FF0FF330B60B9F1000F04D0D9
S21401DF501C4B002103205B689847D4B14FF48062C4
S21401DF60194B1D6F03F50053C5F380251A6740460C
S21401DF7007F014FF00F090FB01280CD11DB14FF4FF
S21401DF808062124B1A67002003B0BDE8F08F354659
S21401DF90B7E72546EBE7002CECD10520F4E7212076
S21401DFA0F2E700BF1C8A0200188A0200148A0200E7
S21401DFB0004000B8006000B8005000B8B439002036
S21401DFC09C4000209040002000C001B800D001B85D
S21401DFD0034AD36960F3D223D3610020704700BFA0
S21401DFE000C000B8064B5A6A920207D4D3F88000E4
S21401DFF000F47060003818BF012070470120704798
S21401E000004001B870B514460E4601F00B0323EA32
S21401E0100201394A2340D164A2F58052D3647307C2
S21401E020054610D50121FFF7DDFF60B105F08AF93D
S21401E0304FF4007314F0040F14BF304A304A536291
S21401E0400422304B1A67F10606D514F0100F14BFE0
S21401E05000221B222C4B5A6532060CD5230605D509
S21401E0604FF40012254B1A6203F000F8214695F88A
S21401E070270002F0E9FFF00503D5E10525D502F0FA
S21401E080ABFFB20503D5A30522D502F0B1FF16F406
S21401E0908C6F18D014F480621FD095F82530DC07F9
S21401E0A00CD5EA8DB5F83631934214D0B5F838312F
S21401E0B0981A43424341154A82F8C4302846D5F897
S21401E0C0F010FEF7BBFF002070BD02F07FFFD8E71F
S21401E0D002F088FFDBE70123EDE77105EED595F841
S21401E0E02530DB07EAD5094B114683F8C420084BD7
S21401E0F028461B689847E1E7006000B8005001B861
S21401E100006001B8002002B8004000B8001E00B050
S21401E110103C0020F8B5054690F83C010C460D2849
S21401E120164628D0FF2928D01AB14FF0FF32144BDB
S21401E1301A6006F09FFD074695F83C0101F0FAFCCF
S21401E140844228BF0446E4B2BC4238BF3C46E0B233
S21401E15085F82B0001F092FD0A4B1B784BB9FF287E
S21401E1600CBF2124002416B9284601F0F7FC2046EE
S21401E170F8BD0024F7E70224F9E72124F7E700BFFA
S21401E180A44000203C8302007FB5204B04461B7848
S21401E1900E46154643B3D0F8EC3000229BB34FF041
S21401E1A0FF36029602AEB3F9123000960392F8F7E4
S21401E1B09CFDB8B902994B1C14D02046C1F381319D
S21401E1C006F09FFB70B9BDF90C3002990246009328
S21401E1D0C1F30D0103462046FEF7ECFA2946204618
S21401E1E006F052FD04B070BD02A906F04BF83246A7
S21401E1F09DF808102046F8F7E9FD2A460146204614
S21401E200FFF788FFEEE71846ECE700BF3C83020005
S21401E210F8B50D4690F83C1104460D29174603D172
S21401E2202E4B1B78002B50D02A462046A4F8465089
S21401E230F8F7CCFDD4F8EC3084F82A00002B40D057
S21401E240274A1678D4F8FC204EB1002A3FD1B4F9FB
S21401E2504600B3F91210884206DC002607E0B2BB7E
S21401E26094F84521824202D20126B3F912500022C7
S21401E2702946204684F82D70FFF786FF00BB76B14D
S21401E280C4F8EC00204605F0AAFF4FF6FF7398424B
S21401E290014614D02046BDE8F840FEF7F9B9114B07
S21401E2A01B78022B0BD8204601F046FD0E490123B0
S21401E2B00E4AD1F8FC1004F5827003F0EBFE002044
S21401E2C0F8BDFF2384F82B30F9E70220F8E7B4F90C
S21401E2D04210B3F912209142BEE700BF3C83020010
S21401E2E0533D0020B0400020001F00B0581F00B072
S21401E2F0D0F8A830012B01D10020704770B5044634
S21401E3005A498CB006F0F4FCD4F8EC600146E58D71
S21401E310C4F8F00026B1336813B15B68002B5ED1F8
S21401E32007F041FD07F03AFD0123D4F8F0108DF80F
S21401E3300630B389B0687268EB1A9BB200FB032201
S21401E3404B48ADF80430036800928B4202D0204659
S21401E350FEF774FE474D00F09FF90128FBD1AB682C
S21401E3609E06F8D420469DF80620009906AB03F0D9
S21401E37085FB002830D100F08FF90128FBD13D4AFA
S21401E380136FD801FCD493689906F9D4684606A998
S21401E39003F02EFD0546F8B9E28D374B5A6494F822
S21401E3A0243060F3410384F8243000F025FF024650
S21401E3B0D4F8EC104B691E685868531EDBB2FD2B6F
S21401E3C00296039011D8012A2AD0204602A906F007
S21401E3D0B9FB00200CB070BD02200CB070BD1A68ED
S21401E3E0032A9DD99B6A5B0EA1E7F31C03D8FF2A7B
S21401E3F01BD00022E9E7FF2A21D00136E9D1D4F863
S21401E400EC101E4B4A689A4221D8D4F85C319B0521
S21401E41023D494F8243043F0020384F82430D8E758
S21401E420C51CD2D90130D4D1EBE7C61CCDD90130F9
S21401E430DFD12A46204602A906F084FBDFE7C31C8B
S21401E44011D80122204602A906F07CFBD5E720461A
S21401E45000F06EFE0028BCD0D7E720464FF480318E
S21401E46006F0D0FCB5E70130C7D1CAE7FC1F00B003
S21401E470E83B0020000002B8008001B800CA9A3BC1
S21401E48010B5042301240A4A0A49D1F8EC00C2F85F
S21401E490EC30C2F8E0300C634FF40051D162410712
S21401E4A042BFC2F8E030A2F58052C2F8EC3010BD8F
S21401E4B00060005400400054F8B504460D46D0F8FC
S21401E4C0F07019B990F82430590645D44FF6FF7309
S21401E4D0618E994204D0324B1B680BB12046984797
S21401E4E0304E3368BB4253D02F4B1B683BB11FB134
S21401E4F03A68002A4ED0BF68394620469847072713
S21401E500204601F019FC002D38D006200125274BA6
S21401E51094F9282093F900302549C3F11C039B1A6E
S21401E520CA6963F3D222D4F8F030CA61214A336053
S21401E530214B906720461D7006F0D7FA1F4B1B6FC4
S21401E5405A0203D4D4F8A0301B0603D54FF40012A8
S21401E5501B4B1A620020F8BD4FF6FF72114E65F391
S21401E560861380F82430336842869F4214D00E4BBF
S21401E5701B68002BBBD101F0DFFB072711493B4687
S21401E580114AD1F8FC1004F5827003F083FDBCE754
S21401E5900127B5E71746AFE701F0CEFB0127EDE708
S21401E5A0F43B0020E83B0020F03B00204E3D0020DD
S21401E5B000C000B8006000B8503D0020000002B85E
S21401E5C0005001B8001F00B0581F00B010B5044637
S21401E5D0D0F824210B4B4FF40061C3F8A82090F823
S21401E5E02420D20102F4006205F000F894F82430E9
S21401E5F013F0100F4FF4007314BF034A034A136756
S21401E60010BD00BF001E00B0001002B8002002B806
S21401E61038B507F0C8FB4FF6FF710A4A13888B42DC
S21401E62003D107F0BBFB0E2038BD074C074D1B047A
S21401E6306566A4F580546366118007F0AFFB002081
S21401E640F2E700BFAE400020006001B80000FFFF07
S21401E65008B50D4BD3F84C21531C13D012F0804251
S21401E66010D10A4B1B681BB111460320FFF718FC9B
S21401E6704FF080624FF40071054BDA67054AD162AC
S21401E68001225A6108BD00BF0080E00FB4390020A6
S21401E690001002B8004000B80F4BDB68C3F30363F9
S21401E6A0013B0B2B0FD8DFE803F006060C06060627
S21401E6B006080A080808022070470420704705204B
S21401E6C0704703207047054B5B6913F0060F14BFB4
S21401E6D004200120704700BF000002B800C001B846
S21401E6E0094AD368C3F303630B2B08D06FF4905029
S21401E6F0184100F0010080F0010040007047106FE3
S21401E70010F48030EDD17047000002B80C4AD3688F
S21401E710C3F30363062B07D8042BD8B20BD8C31E4A
S21401E7205842584140007047072B06D1D2F83001B5
S21401E7300028ECD17047022070470020704700BFC8
S21401E740000002B8084BDA68C2F30362931E012B7D
S21401E7508CBF00230123037040F62203D34003F04D
S21401E76001030B70704700BF000002B8084BDA685F
S21401E77002F03062B2F1407F08D15A6FD20605D45A
S21401E780986FC0F3C00080F001007047002070470A
S21401E790000002B82DE9F84F4FF00108264F08FA9D
S21401E7A001F8BB69064613EA080F0C4633D006F09B
S21401E7B074FA4FF03009824609FB0679DFF894B007
S21401E7C0D9F8645005F00305012D26D11034BB6934
S21401E7D005FA04F444EA080423EA04033146BB615B
S21401E7E0154807F0EFFA154BB5405D631449154B14
S21401E7F0CA6ADB6C22F4706203F4706313434FF44D
S21401E8007A52CB62104BC3F83021104B1B68134071
S21401E8100F4AC2F83031BDE8F88F06F03EFAA0EB99
S21401E8200A00584540F2F7624FF051018CBF0020B4
S21401E8300120FEF753F8C3E70000045000200450FF
S21401E840004001B8001F00B0002002B8143C0020B0
S21401E850001002B83F420F002DE9F04FADF5257DBF
S21401E86004460E4602F060F94FF4247280460021F9
S21401E870684605F035F94FF0010E132202210346D2
S21401E8800EFA06F6F6B280F800E006724672C2602C
S21401E89080F810E04676C26180F82010A948E52588
S21401E8A058624FF432705865A748A84FC3E91A0258
S21401E8B00830C3E91E021838DFF8B4C2C3E92202E1
S21401E8C0DFF8B0A2DFF8B0B25D635F64A04DA14F80
S21401E8D0A0F57D500838C3E90AA2C3E90EC2C3E910
S21401E8E012B2C3E9167283F8301083F8401083F829
S21401E8F050101D661D67C3F88050C3F89050C3E9D9
S21401E90026022030C3E92A029348DFF87092C3F842
S21401E910B40000F56050C3F8C400A520C3F8D400C5
S21401E9208E48C3E92E72C3F8E4000420C3F8F4004D
S21401E930302000FB08F88A48C144C3F808010320C8
S21401E94083F80C01C820C3E93272C3E936C2C3E9B1
S21401E9503AB2C3E93E92C3E94672C3F8A05083F8BF
S21401E960B01083F8C01083F8D01083F8E01083F855
S21401E970F010C3F8005183F81011C3F8140183F89E
S21401E980201183F859616F4E7648C3F86461E52615
S21401E990C3F874616D4EC3F82401C3F884614FF067
S21401E9A000404FF432764FF08048C3F83401C3F884
S21401E9B094616D48644EC3E94E02C3E95202C3E94D
S21401E9C04AA2C3E95AA2C3E95EC2C3E962B2C3E975
S21401E9D0667283F8301183F84011C3F85C2183F81E
S21401E9E0601183F8701183F8801183F89011C3F8D1
S21401E9F0A051C3F8448183F850E1C3E96A6208363E
S21401EA00C3E96E62183EC3E97262A6F57D56083EFA
S21401EA10C3E976622036C3E97A624F4EC3E97E7255
S21401EA20C3F8F46106F56056C3F80462A526C3F878
S21401EA3014624A4EC3E98272C3F824620426C3E90B
S21401EA4086C2C3E98AB2C3E98E92C3F8B051C3F84D
S21401EA50C051C3F8D051C3F8E05183F8F01183F8E0
S21401EA60001283F8101283F8201283F83012C3F8CC
S21401EA703462C3F840523A4DC3E99E02C3F8485285
S21401EA80032583F84C52C825C3F85452354DC3E9C3
S21401EA909672C3F864524FF00045C3E99AA283F810
S21401EAA05012A42283F8601283F8701283F8801241
S21401EAB0C3F8880283F88C1204F130001946C3F8B3
S21401EAC07452C3F8848201F0B1FFD4F8BC2204F179
S21401EAD040039B0863F39F0225462346C4F8BC22E5
S21401EAE004F11402C3F8945005F118010435954257
S21401EAF0C3F8D41103F11003F4D11920F6F784FA00
S21401EB0000F59200194B00F578508000B0FBF3F049
S21401EB1094F83231C4F8240143F0400384F83231CA
S21401EB2094F87232C4F8345143F0400384F87232D8
S21401EB3004F12C03C4F86402C4F874320DF5257D83
S21401EB40BDE8F08F296E0600448001B8030000403E
S21401EB5008002008548001B8C80A04000300008099
S21401EB60284000B8096E0600100002B800F04902FD
S21401EB702C8001B83C0102B8108001B86000045036
S21401EB802DE9F84F82460C46174605F01EFF002871
S21401EB9066D09AF82530DB0762D501F0C5FF9AF9F1
S21401EBA0269005463CB94946FFF7F4FD002F4ED1A5
S21401EBB00020BDE8F88F0124DFF8B4B004FA09F6A6
S21401EBC0DBF818303342F1D14FF47062254B04FA6A
S21401EBD000F8DA624FF42062A3F58053DA624FF44C
S21401EBE02C5122464846F6F779FB302303FB05B540
S21401EBF04FF4803340F6A202EB65DAF83031303359
S21401EC0023F003032B67184BCBF82880C3F8348016
S21401EC10164BDB68C3F3036304FA03F1114211D107
S21401EC20022B1DD1124B09F110095C60DA6904FA56
S21401EC3009F42243DA619A69164326439E61C3F8B2
S21401EC404880B3E7094BDB68C3F30363E4E74FF49B
S21401EC500012084BDA614022074BC3F88421A7E76C
S21401EC600220A6E7006001B800200450000002B8A8
S21401EC7000000450002002B800E100E010B5044690
S21401EC8005F0A3FE30B394F82530DB0722D501F05A
S21401EC904BFF94F92610FFF77DFD002294F82530EE
S21401ECA0C4F8302123F0010384F825300A4B1146BD
S21401ECB083F8C420094B20461A60094B1A6005F0F8
S21401ECC00FFE084A92F8493003F0010363F073031C
S21401ECD082F84930002010BD001E00B0103C002014
S21401ECE00C3C0020001F00B0024B1B6803B1184704
S21401ECF0704700BF1C3C0020024B1B6803B118473D
S21401ED00704700BF183C002010B5FF224FF6FF7178
S21401ED10044605F05DFE68B9FF224FF6FF712046F6
S21401ED2005F067FE30B92046BDE81040FF220249D3
S21401ED3005F072BE10BD00BF208A02002DE9F04129
S21401ED401C46184B05461E680F46904646B130686D
S21401ED5001F0EAFFF3681BB1B368186801F0E4FF3D
S21401ED60114B1B682BB1DA681AB19B68186801F061
S21401ED70DBFF9DF81830640744EA08425B0503F0A0
S21401ED80BC6342EAC7621A432846084942F4C8727D
S21401ED9004F02CFC002228461146FEF723FC002036
S21401EDA0BDE8F0811C830200BC6D02009007E12DD6
S21401EDB008B5FFF7DBFC88B1094BDA6912030DD5FC
S21401EDC0186F10F4003009D19B6F13F0100F4FF03D
S21401EDD010030CBF034A044A936708BD0220FCE7F0
S21401EDE0000002B8001002B8002002B838B5044688
S21401EDF0E8B1114BDA6912031BD55D6FC5F38115B6
S21401EE00032D12D0022D14D12A460C4B2146D3F8DD
S21401EE10B4300B489B1A9BB205F0F7FE0020064B58
S21401EE2025729B6F1B0A637238BD0822EDE721200D
S21401EE30FAE70220F8E700BF000002B8001E00B0A3
S21401EE403840005438B50546FFF790FC98B10B4B97
S21401EE501C6F14F400340ED10220094B094A1B68BA
S21401EE601B6D90672246AB4214BF2846002000F077
S21401EE7093FA204638BD0224FBE700BF000002B823
S21401EE80B4390020001002B82DE9F04FDFF8F88100
S21401EE900446D8F800300D468DB02BB14FF00E0B5E
S21401EEA058460DB0BDE8F08F05F08FFD10B94FF054
S21401EEB0020BF5E775B194F82530DB0706D50C2271
S21401EEC0294604F5987005F0B4FF30B1EA882B891D
S21401EED09A4205D12046FFF7D1FE4FF0000BDFE73F
S21401EEE0FFF7DAFB0128E2D12F68002FD6D017F002
S21401EEF00307D3D1AB88B3F5307FCFD301F014FE2F
S21401EF00FF28CBD094F92660002E08DA3846F6F7AB
S21401EF10F3F946B2002EC0F2A18084F826600022E2
S21401EF2094F82530114623F0010384F82530204655
S21401EF3005F0D6FC4FF400224A4B1A674A4B4B4A5F
S21401EF401A604B4B4B4A1A6001F0EEFD3146FFF753
S21401EF5021FCD8F80030A3B1A84658F8049B05F167
S21401EF6008034F46B4F82EA00393204638F8021F34
S21401EF70FDF75EFA834670B151462046FDF758FA12
S21401EF808EE73D4B0E222046196805F0FBFC8346B2
S21401EF900028E1D084E70090D4F8EC202046E18DEB
S21401EFA004ABFEF741FF20469DF81620049906ABF8
S21401EFB002F064FD83460028DED13049089BD1F873
S21401EFC0EC20183722F07F6222F47F2222F40F62AF
S21401EFD022F00F021A43D1F80C3107996FF313038D
S21401EFE00B43E18D47F8181C069947F8083CBDF815
S21401EFF0143047F8101C47F8043C039B47F80C2CC8
S21401F0009845B2D151462046FDF712FA83460028AC
S21401F0107FF446AF31464846FFF71EFC5A460121AB
S21401F020204605F05DFC164A04F59876C2F8C090B5
S21401F03082F8C5B095E8070086E80700114991F8FF
S21401F040492002F0010242F0200281F8492094F89A
S21401F050252042F0010284F8252021E74FF0210BFC
S21401F0601EE700BF001002B8103C002081EB010033
S21401F0700C3C00207DEC0100B86D0200004001B898
S21401F080001E00B0001F00B0183C0020431EDBB27B
S21401F090FD2B12D9FF280B6812D013F0802F1EBF4C
S21401F0A042F20102084BC3F8282251F82020064BF1
S21401F0B0C3F85022C3F8542270470128F5D1002323
S21401F0C04A681343E9E700BF004001B8F0B5164BA4
S21401F0D085B007460E4614460FCB8DE80F00134A3F
S21401F0E06D46D2F84832D2F84C22591C08BF00238C
S21401F0F0501C15D0002B08BF13463EB1611EC9B285
S21401F100FD290FD93360FF2C00D17260CDE90032A2
S21401F11029462246384605F015FD002005B0F0BD0B
S21401F1201A46EAE7012CEFE7308A02000080E00F7A
S21401F130F0B51C4B85B0D0F8E8700FCB8DE80F000A
S21401F140194B6E46D3F84842D3F84C52631C08BF9D
S21401F15000246A1C12D0002C08BF2C463146FF2022
S21401F160CDE90045FFF792FF00224FF0240CF96825
S21401F1700E4E914204D1002005B0F0BD2546EDE7C4
S21401F180BB680CFB02335868B04209D95B693BB1D6
S21401F19018680130586808BF1C60013008BF5D6000
S21401F1A00132E6E7308A02000080E00F00CA9A3B8F
S21401F1B030B50C4B85B005461870082378B90A4A55
S21401F1C0C2F8FC3349B9094B0FCB8DE80F00084B49
S21401F1D02A4669461868FFF779FF05B030BD054A2B
S21401F1E0EEE700BFB6400020001002B8408A0200D9
S21401F1F0B4390020002002B8014B1878704700BFD0
S21401F200B6400020124BD3F8E020D2031ED54FF4AF
S21401F21080321049C1F8E020A1F58051C1F8EC20F8
S21401F2201A6CD1B2C2F30722C3F88010C3F880204B
S21401F2300422C3F880200022C3F88020C3F880206F
S21401F240C3F88020C3F88020C3F88020704700BF31
S21401F2500040005400600054F0220D4B016D9A648A
S21401F260A022A3F580539A64838E0120B3FA83F318
S21401F270084AC3F11903DBB2C2F8C000C2F89830DD
S21401F2804FF40053C2F89C10C2F8BC30704700BF60
S21401F290006000B800400054F8B50D461746064613
S21401F2A006F081FD01230421084C094A2363A76067
S21401F2B0E6602561C2F8E010064AC2F8843106F01D
S21401F2C06DFD0DB102232363F8BD00BF004000545D
S21401F2D00060005400E100E00122044B1A6640F68B
S21401F2E0FF729963D863DA65704700BF0040005427
S21401F2F02DE9F04F042A05460B4683B037D901267F
S21401F3000978141F81615A7803F1040982619A7899
S21401F3108261DB7883610368D0F808B003F00703E5
S21401F32006339E4006F1FF3A47680AEA0B08A6EB49
S21401F330080247F00057944207EB08000CD84946EC
S21401F340224604F031FD46EA0A0604EB0B0232407F
S21401F350AA6003B0BDE8F08F4946019204F024FD8F
S21401F360019A384609EB0201A21B4244E9E7013A39
S21401F370032AEED8DFE802F00B08050213F8012B8A
S21401F380826113F8012BAA6113F8012BAA611B787D
S21401F390AB6103B0BDE8F08F38B50C4615460146A3
S21401F3A00F4B60B101220F48C3F8C0202246FFF779
S21401F3B09FFF1DB104220A4BC3F8C02038BD64B1BB
S21401F3C0D3F8A420A24284BF0122C3F8C02002229F
S21401F3D0C3F8A040C3F8C020EBE70122FAE700BF5C
S21401F3E0004000549840005438B5044606F0DBFC53
S21401F3F001211A4A638F054611663BB3B3FA83F3BC
S21401F400C3F11903DBB2A069C2F890109366072313
S21401F410D066C2F88C304FF4A02302F50052C2F831
S21401F420E030A2F58052C2F8EC3000220C4B1A6094
S21401F4300C4B1B6F5B0209D54FF480020A4B1A670F
S21401F440D4F8A01094F8270001F0FEFD4FF4E02355
S21401F4502846E363BDE8384006F0A0BC00400054EF
S21401F460203C0020000002B8002002B82DE9F84335
S21401F47005460C46C1B1D0F81880478F06F093FCBC
S21401F480B5F83CC0791EDFF8049101EA0C0323F0BD
S21401F4900702032C0646D9F800E042445AD1BEF1D1
S21401F4A0000F04D106F07AFC0E20BDE8F8832EF09A
S21401F4B001042EF0010EA64551D10023C9F80030F3
S21401F4C0238894426FEA43436FEA534323803CD137
S21401F4D0EB8F08EB07091846083880B202F10804DA
S21401F4E04C4528BF4446082804D9B4F800E0BEF5C8
S21401F4F0804F3ED263440F431B1A3B409BB2AB87FF
S21401F500E887118894781C4AC1F30C01516453674B
S21401F510C2F88C004FF48022184B04F00704C3F89D
S21401F520E0200122164BC3F88421FFF76BFE042C62
S21401F5300BD14FF48002134B1B6F134B1A67D5F890
S21401F540A01095F8270001F07FFD304606F026FC56
S21401F5500020AAE7601E012898BF1446A9E7E88F95
S21401F5604344E31A48BFDB1908389842A8DC304602
S21401F57098E72246B0E700BF004000540060005400
S21401F58000E100E0000002B8002002B8203C0020A4
S21401F590144B10B51968CA8F8B8F488F13440138E6
S21401F5A0073B8C69034023F007031C4402F1080360
S21401F5B00D4A9BB2CB87C2F88C304FF480220B4B9E
S21401F5C0C3F8E02001220A4BC3F88421A07800F09A
S21401F5D00700042803D1074AD3681B03FCD4064B53
S21401F5E01C6010BDB4390020004000540060005477
S21401F5F000E100E0000002B8203C002010B5064CF7
S21401F600216839B1CB0703D4044B1868FFF72EFFE6
S21401F6100023236010BD00BF203C0020B439002029
S21401F6204FF480320B4B0C49C3F8EC20A3F5005382
S21401F630C1F8E020D3F888109A6E012302F0070281
S21401F64006329340C1F30C01083B994201D8FFF7FB
S21401F650D9BD704700600054005000542DE9F041B8
S21401F66006460C46478F1546D0F8188006F09BFBD9
S21401F670B28F07F1FF3E02EA0E0323F00701032CC7
S21401F680B6F83EC0414419D14A4C24689CB962443C
S21401F690073A02EA0E0222F0070208EB020443448C
S21401F6A0E31A48BFDB19634510DB06F077FB00243D
S21401F6B02046BDE8F08124F00104F0E7012C03D0D8
S21401F6C0022CECD1ACF1080C0C46E8E7002D36D044
S21401F6D08C4237D1384A526CDFF8DCC0718ADCF8CC
S21401F6E08870C7F30C079F423FDD2388B3F5804F30
S21401F6F0DBD2A77801F1FF3C07F00707C3F30C0341
S21401F7009B1A41EA0C0E052F2F7003EA0E0324D82C
S21401F7101BB223EAE3776F80E7782F74F66902EA73
S21401F7200C02B718AF609FB212FA83F38B4291BFF7
S21401F73000238B1AAB80EE609CBFAF80EB6006F0B7
S21401F7402DFBB5E7A4F10802904584BFFF0802EB44
S21401F750C7021288C2F30C02BEE7184F7F6D003F46
S21401F76018BF0127A3EBC703D2E7DCF8403001F14D
S21401F770FF3CA3EB020E41EA0C030EEA030EDFF890
S21401F78040800FFA8EF3002BD8F80C700FDC07F0D0
S21401F7907067B7F1407F14BF00270127FF002F7065
S21401F7A0D8F87870A5F802E03F0A2F74B6E7082764
S21401F7B0F5E700BF203C002000400054004000B8A0
S21401F7C0000002B8134B70B51E68134B748A9D6C0B
S21401F7D0621E1B6CADB292B242EA04015B1B0B4087
S21401F7E0191E18BF0121C90001700C492A40896FF2
S21401F7F04380090A0174F169D618A64201EB020595
S21401F800D2BF0021A31A9BB285608380C16000200D
S21401F81070BD00BFB439002000400054000002B89B
S21401F820054BA822D3F84C013121431C0CBF012003
S21401F830C0F38070FDF752B80080E00F38B5094D6F
S21401F8400446286840F6C202003818BF01202B2162
S21401F850FDF744F8FA235C432B680A20B4FBF3F463
S21401F860604338BD543C0020164B30B51A68431C23
S21401F870154B1FD0B2F1407F1CD3144CD4F8002195
S21401F880154661F3050260F30505C3F8D020C3F8F9
S21401F890C850D4F804310E4A1A400E4B03EA500001
S21401F8A003EA510110431143074BC3F8CC00C3F8D8
S21401F8B0D41030BD00200146C3F8C800C3F8D000FC
S21401F8C0F2E700BF0080E00F001F00B0000002B8A2
S21401F8D01FF087E1E0FFFF7F014B58800020704753
S21401F8E0B040002073B5564E0446317819B91C2233
S21401F8F0544804F0F5F82378534A544C13704FF0EB
S21401F900FC62C4F8FC204FF47F02FF21C4F80821F2
S21401F9104F4A022B4F4D117033D1042307224E4913
S21401F920C4F8FC23C5F8FC33C4F800114FF4C071C9
S21401F930C5F80011C4F8FC234FF48052C5F8FC3317
S21401F940C5F870214FF40052C4F87021C4F808318C
S21401F9504FF4FF13C4F8FC304FF4BB13C5F8FC306A
S21401F9608023C4F8703148F2C8023C4BC3F8D82053
S21401F9703B4B3C4A0020C3F8C02F0123337002B032
S21401F98070BD394A012BC4F80021384B27D14FF4FA
S21401F990C072C5F80021D3F83802D3F83C12FFF73D
S21401F9A063FF0723C4F8FC330223C5F8FC334FF486
S21401F9B08053C5F870314FF40053C4F870310423F6
S21401F9C0C4F808310DEB0300F5F7D4FC9DF80530BB
S21401F9D0023B012B9CBF8023C5F87031C3E7244A44
S21401F9E0C5F80021D3F83002D3F83412FFF73CFFF4
S21401F9F00723C4F8FC330123C5F8FC338023C4F87D
S21401FA0070314FF4805301A8C4F87031F5F7B2FC99
S21401FA109DF80530012B05D19DF8043053B948F205
S21401FA205D1309E0FBD9023B012B9CBF4FF4005349
S21401FA30C5F8703148F25813084AC2F8D83097E72B
S21401FA40543D0020C41F00B0B0400020002002B882
S21401FA50BA400020001002B8C0F10F00001F00B02D
S21401FA60001000B0283C0020C0F70F000080E00F17
S21401FA70C0F60F0010B5044601F086F80A4BD3F81D
S21401FA80F83724B983F40023C3F3C04010BD012C1A
S21401FA9005D103F4C023B3FA83F04009F6E7A31EA9
S21401FAA058425841F2E700BF000002B86FF07F42AB
S21401FAB0154BD3F8FC37934208D0144A03F03F03A2
S21401FAC01370F123124A1370124A13701249134B22
S21401FAD009781A68A9B1B2F1A06F12D3D3F85012FF
S21401FAE00F4A104BB1F1FF3F18BF13460E4A136081
S21401FAF041F66A020D4B1B68B3FBF2F30C4A136026
S21401FB007047084BF2E700BF000002B8BB40002078
S21401FB10BC400020BD400020B94000200080E00F1E
S21401FB205082E00F648A0200243C0020703C0020D2
S21401FB30543C0020012807D0022802D030B1002012
S21401FB407047034B18787047024BFBE7024BF9E707
S21401FB50BB400020BC400020BD400020F0B505465B
S21401FB6085B001AC0B220021204603F0B9FF95F8C1
S21401FB703C110846FFF7DEFF95F82B30421ED2B245
S21401FB80934228BF134600293AD0012936D1194697
S21401FB9004204FF00F0C374EB1FBFCF7F75D013830
S21401FBA0C91BC9B28A4238BF002121540028F3D1AB
S21401FBB005200F278DF80830B3FBF7F1715C0B4475
S21401FBC0DBB2934228BF1346235401300B28F3D1EE
S21401FBD00F2605F1B401E03514F8013BB3FBF6F24C
S21401FBE0501CC2EB02129B1A0133DBB2C0B21B04DB
S21401FBF043EA005341F8043F8D42EDD105B0F0BD14
S21401FC00194604204FF00F0C1B4FB1FBFCF6F6B261
S21401FC10BE5D0138891BC9B28A4238BF0021215412
S21401FC200028F2D105200F268DF80830B3FBF6F137
S21401FC30795C0B44DBB2934228BF13462354013050
S21401FC400B28F3D10F2605F1B401E03514F8013B7A
S21401FC50B3FBF6F2501CC2EB02129B1A0133DBB265
S21401FC60C0B21B0443EA005341F8043F8D42EDD174
S21401FC70C4E700BF5D8A0200508A020038B5284BEF
S21401FC8005461A7827490D2A02D1FF20087038BD8B
S21401FC90104604F0EFFF04461046FFF74BFFA8425C
S21401FCA028BF2846C0B2A04238BF20460B78C0B253
S21401FCB08342ECD0087088B1431EDBB2022A1A498F
S21401FCC00ED14FF0FC62C1F8FC20A1F50051D1F82D
S21401FCD0FC2042EA4353C1F8FC30D8E70346EDE77F
S21401FCE0124A134C1268B832C4F8C02F4FF47F0280
S21401FCF0C1F808210F49CA6FD202C8D40F22B3FB3C
S21401FD00F2F2551CC2EB02129B1A0133D1F80841DC
S21401FD101B0443EA05532343C1F80831B7E700BF84
S21401FD20B0400020BA400020002002B8B4390020BC
S21401FD30001000B0000002B82DE9F04F90F83C51D9
S21401FD400746D0F8B41087B04DBB1F2938BF1F2116
S21401FD5009398C4B8C4E1A6A4C233068C2F38212D6
S21401FD60D34003F0010A8842534697F82B40874850
S21401FD70DFF83CB2DFF83C9216D190F800C0D445CB
S21401FD8012D19BF800C0AC450ED1814A92F800C052
S21401FD90A44509D1B9F8040007B0BDE8F08F0329DE
S21401FDA038BF03210239D4E7FF2C3160037015D127
S21401FDB0284604F05FFF8046764CBAF1000F1ED04D
S21401FDC0D7F8F000002800F0CF800368082B40F237
S21401FDD0CB8090F83880002D5BD016E099F80000B3
S21401FDE0FFF7A8FE00F1FF38A04528BFA046B8F1EE
S21401FDF0010F38BF4FF001085FFA88F8DCE7012DE4
S21401FE002CD0022D01D0D5B3D04640F27122236802
S21401FE1008EB0826B3FBF2F319224B43B3FBF2F3CC
S21401FE204146012205A8059308EB062604F0FEFECE
S21401FE304FEA4808B8F1030F38BF4FF00308040231
S21401FE4044EA0014A8F10308044300F01F0008FA6E
S21401FE5000F0FFF7F3FC00F5FA685FE00F23B8FB4C
S21401FE60F3F35A1CC3EB0313A8EB03030133DBB212
S21401FE70D2B21B0443EA0253C3F30748C5E70F2374
S21401FE80B8FBF3F344480133006850FA83F313F8E0
S21401FE90018C40F2712324684FEA0846B4FBF3F460
S21401FEA019234C43B4FBF3F40294BAF1000F5ED16C
S21401FEB03A4B5246A3FB041303A8A8F1400103934F
S21401FEC004F0B4FEDDF80C80354BA4EB0804A3FB6C
S21401FED0041352463021009004A8049304F0A6FEB1
S21401FEE0049B8246E41A0122102105A80193059479
S21401FEF004F09CFE009B46F480461C02019B44EAEB
S21401FF000A14044308EB0300059B46F01006184448
S21401FF10FFF794FC00F50C5808F1280840F6FF722C
S21401FF20204B4046C3F8C020A3F58053C3F8C04019
S21401FF30A3F580531C4CC3F8C460C4F8008002F0DB
S21401FF403BF84FF47A72194B404298652368104982
S21401FF50B3FBF2F3A9F8043097F82B30B8FBF2F0B4
S21401FF608BF800500B7017E74FF0000833E70022BC
S21401FF70414602A804F05AFE040244F01104029815
S21401FF80C6E700BF004001B8A4400020553D002050
S21401FF90B7400020703C0020243C002069C2F56870
S21401FFA0911E856B006001B8583C0020001F00B010
S21401FFB0B8400020B0400020014B1870704700BFC9
S21401FFC0B940002010B50446FCF71AF978B1174B72
S21401FFD01B786BB964B1164B1B784BB1154B1B786C
S21401FFE0013B012B04D84FF40042134BDA6710BDD6
S21401FFF0124BDB6F1B04FAD405F0D5FE4FF400421A
S2140200000F4B0446DA67A3F5A0435B682BB1FDF7F6
S21402001003FF10B1022004F047FE0222094B2046DD
S214020020BDE81040C3F8842405F0B8BE563D002053
S214020030573D00205C3C0020002002B8000002B8B9
S214020040001002B800D003500122024B00201A70A2
S214020050FFF7B8BF563D00200022024B01201A705F
S214020060FFF7B0BF563D002037B50446354D00F0C9
S2140200708BFD354B00201C702B78002B0CBF002408
S21402008004F00104FFF79EFF2B78013B012B08D8F2
S214020090EB7B01A88DF804302B7C8DF80530F3F746
S2140200A0E3FC0022294BC3F88424002C42D06A6861
S2140200B0002A35D0264B1B6803EB5203B3FBF2F340
S2140200C0013B1B0243F0F8032A78022A2AD0032AAD
S2140200D02CD0012A31D1072243F002034FF6FF70DB
S2140200E01C49C1F88400A1F58051C1F88430174B31
S2140200F0C3F8842493070BD5EB7B01A88DF8043054
S2140201002B7C8DF80530F3F79DFC0120FFF75AFF94
S2140201104FF080439CB1104A0020D36703B030BD35
S214020120F823D1E7062243F00103D7E7042243F07F
S2140201300503D3E72246F823D0E70022CEE7074A94
S214020140EAE700BF5C3C0020573D002000C0035099
S214020150703C0020006000B8001002B8002002B810
S214020160F0B5284F06463D4604460FCE85B00FC56D
S21402017033682B6000F008FD0022234BC3F884246A
S214020180A17A627A42EA0142C3F89024217CE27B99
S21402019042EA0142C3F88C24217B627B41EA024098
S2140201A0C3F888043B78032B29D8DFE803F0220241
S2140201B00C178DF8041004218DF805200DEB0100B4
S2140201C00022F5F74BF9E37B00228DF80830237CFA
S2140201D0042102A88DF80930F5F740F9637A012266
S2140201E08DF80C30A37A042103A88DF80D30F5F7AC
S2140201F035F9064B1878FFF737FF002000E021207C
S21402020005B0F0BD5C3C002000C00350573D002006
S214020210034BDB6F002BBCBF024BC3F88800704752
S214020220000002B8004000B8084B1A6C0A2A81BFC8
S2140202305A6D4FF0FF3302F00F02934083BF98438C
S214020240B0FA80F040090120704700BF00C001B834
S2140202502DE9F04704F08BFD4FF47A752F4BB0FB77
S214020260F5F518604FF4FA736B4307462C48190EDF
S2140202701B0218182B4A4FF0000341F1000103F04D
S2140202800DFA294BA0F5807182460246196330B9F1
S2140202904FF0010A4A222B21FCF720FB52464FF46C
S2140202A07A735A4329020023500803F0F7F91E4BCB
S2140202B01E4AB7F57A7F9A601D4B4FEA0A661960A6
S2140202C01C4BA9468846044618604FEA1A2A06D2EC
S2140202D001259D222B210020FCF700FBA9464FF4A6
S2140202E07A73A6FB030103FB0A116D0840194FF04F
S2140202F0000341F100014A4603F0D0F90E4B0234E6
S21402030019600E4B48F10008A408186044EA887485
S214020310054B013C9C63BDE8F08700BF703C0020A3
S21402032020A1070040420F0000C001B802110100E0
S214020330803C00207C3C0020783C0020743C00205E
S2140203401022044BC3F884215A600122024BDA6061
S214020350704700BF00E100E000C001B810B50446D7
S214020360A242A2EB0000A3EB010104D2034B013927
S2140203709B6B0133184401F0030110BD00C001B8A5
S21402038038B501250A4B02019D504FF4807304468E
S214020390084A8340536605F006FD074AA5401378CF
S2140203A023EA05031370BDE8384005F0F7BC00BF2A
S2140203B000E101B800E001B8613D00202DE9F84FE8
S2140203C0164604468A461F4605F0EDFC022E00F04D
S2140203D09280804605F0F0FC604B614AD3F820908C
S2140203E0157D5A6EEDB2520744BFD3F82090013500
S2140203F005F0030505F0DBFC4846294600F038FA0E
S2140204008446DAF80000012E04BF01306044ACEBEB
S214020410000C08BFCAF80000BCF1804F7ED300F083
S2140204203BFA8145A1EB050188BF4C4BDFF854E14E
S21402043088BF01F1FF3101F0030188BF9B6BA0EB7F
S214020440090C0EF80410A1B1F90742BF41F61F725B
S214020450444B5A67BA0742BF424B434A5A677B0726
S21402046042BF00223D4B9A673D0742BF00223B4BEC
S2140204709A6511254FF0010A384B04F11002120159
S21402048003EB041BCBF80C0138499D501A6A0AFA92
S21402049004F5586E0B78A2EB0902EDB22B436245C7
S2140204A00B704FEA041925D34FF48073A34003421E
S2140204B020D11EF80420002A4BD10EB32C4AF8078E
S2140204C0536607D541F61F7140F20110254B596756
S2140204D050675967B90706D5224B234A244925484F
S2140204E05A6748675A677A0742BF0122224B1A6147
S2140204F03B0719D4404605F051FC0120BDE8F88FB1
S2140205001E4A42F809A042F89C3C05F04CFC1749EA
S2140205100B7823EA05030B7005F040FC404605F015
S2140205203DFC0020BDE8F88F2120FFF771FE4FF456
S21402053080310A4A124BD1601A78002ADAD0002299
S2140205402D201A70FFF764FE1022094B40465A66A9
S214020550D1E7074A40465366CDE700BF00C001B860
S214020560183D002000E001B800001F1F613D00207A
S21402057000D001B800000101000002B800E101B895
S214020580583D0020593D0020034B103000011858FA
S21402059000F00100704700BF00C001B82DE9F0412D
S2140205A09DF818800D46B8F1000F08BF0022214EB4
S2140205B0B5F5803FB168074621F4700141F4A00109
S2140205C0B1609DF820409DF81C104FEA042444EACE
S2140205D0016444EA031444EA084444EA02044FF07D
S2140205E018014FF436722CBF002001207465FCF708
S2140205F075F93564B8F1000F1AD00F4BBC68D3F802
S21402060088305A2C38BF5A245B0606D500F074FC94
S21402061018B10A4BB3FBF0F31C44204600F03CF939
S2140206200130854238BF0022024B34BF5A645864F8
S214020630BDE8F08100C001B800C000B800093D0066
S214020640F7B52B4F3D6E01F067FE04462846FFF7CE
S214020650EBFD7B6C06460BB100283AD01027202013
S214020660FFF7D6FD234B9F606CB1002200200821C5
S214020670FDF7F4F98022204B5F66A3F580531F67CF
S21402068003F540531A6102F08BFB20221B4BC3F882
S214020690842101231A4A8DF80730D36813F0706F4D
S2140206A0FBD09DF807306BB91CB116B10122154B71
S2140206B01A700F4B144A1D665A6741F201429A6736
S2140206C003B0F0BD0DF107010DF10600FEF73AF892
S2140206D0E7E7002CEDD00D4B074A5366A2F5805291
S2140206E013672846FFF7A0FD0028E2D03D6EF8E724
S2140206F000C001B8001002B800E001B800E100E056
S214020700000002B8583D0020011B0118100000200E
S21402071010B504462120FFF77BFD1CB14FF4803252
S214020720064BDA60064B1A783AB100222D201A7070
S214020730FFF76EFD1022034B5A6610BD00C001B8CB
S214020740583D002000D001B8F8B5184D04462B6A73
S2140207501B0426D500F01CFC2B6AA0FB044613F0F3
S214020760787F4FEA9367C3F34450C3F3044505D139
S21402077040F239422B21FCF7B1F80120AD01B5FB5E
S214020780F0F010EB871005D140F23E422B21FCF729
S214020790A5F80120024600232046314602F07EFFDD
S2140207A0F8BD00F0A9FBA0FB0401F9E700C000B801
S2140207B00246012030B50B4CA0F12003C0F1200503
S2140207C024FA05F504FA03F32B4304FA00F59542DE
S2140207D08B4100D330BD0F2801D00130ECE7FF205B
S2140207E0F8E700BF40420F0000220B4B40F010001B
S2140207F01A700F22094BC3F88820A3F58053C3F85A
S2140208008800A3F580531B6ADBB2802B02D0084611
S21402081000F0F4BB704700BF583D002000E000B86F
S21402082038B505F0C9FA084B084A1D6A147D5A6E97
S214020830E4B2520744BF1D6A013405F0B8FA2846EE
S21402084004F0030138BD00BF00C001B8183D002007
S2140208500346064A103302EB00111B01D1F80C01C5
S214020860D158C1F3400104F02ABA00BF00C001B853
S214020870074B084A1B6810B54343146803EB8173A1
S21402088000224FF00041E4FB0012981810BD00BF92
S214020890783C0020743C00200C4A20F0404301467D
S2140208A010B5002014684FF00042E4FB0320084A0B
S2140208B0890F126802FB0300064B9B6B984204D911
S2140208C001330131C01A01F0030110BD7C3C002047
S2140208D0803C002000C001B8044B01F0F0711030DB
S2140208E041F0030100011950704700BF00C001B873
S2140208F008B52220FFF78CFC4FF48022014BDA6009
S21402090008BD00BF00C001B808B5064B4FF0304026
S2140209101A680549920003F047FABDE8084001F05C
S2140209209DBC00BF988A02009C8A020070B50C68C3
S214020930651C15D0C4F302669E42C4F3074530D147
S214020940A4B294422DD804EB8506B24229D2141BD7
S214020950A50824F003040E59340F04D0012C08D045
S2140209600022212402E06B1C51F82320C0E9002457
S21402097070BD0E4C34F8133042EA03431A686B1CFF
S21402098051F8234001EB83014B6822405E4036F06B
S214020990704404D11B0F032B04BF8B681A43002438
S2140209A0E4E7013501EB8501C1E700BF788A020062
S2140209B007B501A8F4F7DEFC4822164B5A65164A1C
S2140209C0D2F8D43023F4FC33C2F8D430134B1B686D
S2140209D09DF80530023B012B19D84022104BC3F874
S2140209E0FC23104BD3F85C32DBB2FF2B00D106237C
S2140209F0094A1B03D2F8FC139BB20B43C2F8FC3322
S214020A00D2F83021084B1A6003B05DF804FB01F0FF
S214020A1051FAECE7008001B8000002B8002000B0EE
S214020A20001002B80080E00F143C00202DE9F047C9
S214020A30074688461446234D234EDFF894A088B016
S214020A401CB9204608B0BDE8F087B4F5006F4FF039
S214020A5010024FF000016846A14628BF4FF4006915
S214020A6003F03EF808238DF8003009F1FF339BB2FD
S214020A70009A1B0143F0036332402B4013431022BB
S214020A8000210DEB0200CDE90038029703F028F8AA
S214020A906B469AF800100D4804AAF4F7F0FC9AF890
S214020AA000100A48F4F726FDA4EB090408EB8908AF
S214020AB007EB89079AF80010044805F096F9002813
S214020AC0F8D0BDE7F07F300C0F80CFF30000045063
S214020AD0BE40002008B5054B4FF030401A68044966
S214020AE0FFF7A4FFBDE8084001F0B8BB988A0200F1
S214020AF09C8A020010B5044605F055F9064B074AD3
S214020B001C70074BFF2C08BF1346064A136005F0FD
S214020B1045F9002010BD00BFBE40002009090200B2
S214020B20D50A0200A8400020014B1878704700BF83
S214020B30BE40002000224FF400710F4B10B51A671A
S214020B405A679A670D4AD162012102F5E83251616D
S214020B50DA6812F0706FFBD14FF0304201245A6609
S214020B6002F5FC5208329C66DA64054B1B6898470D
S214020B70044B5C6110BD00BF000002B8004000B824
S214020B80A8400020002002B801230F4A0F49C2F8ED
S214020B9080328A6A22F002028A620D4A53600D4A45
S214020BA053600D4A5360A2F580425360A2F540425C
S214020BB0536002F5C032536002F580425360A2F5DC
S214020BC000425360704700BF0080005000C00050D3
S214020BD000D000B800500054005001B808B5FFF726
S214020BE0D3FF0D4B0D4ADA6701F05CF9FFF7E0FE22
S214020BF003220B4BC3F8E02000F0E8F94FF46072D2
S214020C00084B5A614FF40072DA67FEF7F5FABDE850
S214020C1008400021FEF7CCBA000002B80048F000F7
S214020C20005001B8001002B82DE9F04F804687B098
S214020C3002900D4655F8044B631C08D1029BC8F877
S214020C400040A8EB0300801007B0BDE8F08F5FEA13
S214020C50147B18BF0122324BC4F3016A33F81A1010
S214020C6008BFC4F307424FEAC209A4B22D4B44EAB6
S214020C70014409F104014144994241D398453FD8C1
S214020C800020E1E7059B23BB072017F0420F20FA5E
S214020C900AF000F001002BD117F0280F20D1002215
S214020CA02244BBF1010F46F8082C4FF0FF3218BF62
S214020CB00022019B043453F8041B08364A4046F8C7
S214020CC00C2C0193049B9C42DCD10399C844294412
S214020CD0AFE740F6F30232210020FBF7FFFDDEE726
S214020CE040F6F7023221FBF7F9FD4FF48052D7E7C0
S214020CF040F6FC023221FBF7F1FD4FF40052CFE73B
S214020D009300039304EB82030493012303FA0BF785
S214020D1007F0940308F1080601950593D2E700BF91
S214020D20788A0200003000B0F8B50546F0B1002619
S214020D30154B34461F46154953F8042BBAB9A00082
S214020D4000F13040294600F50150FFF76DFF30B93B
S214020D5040F6A8223621BDE8F840FBF7BFBD0C4B93
S214020D600134044447F8265023F81640F8BDAA4238
S214020D70FCD001360C2E02D031F81640DCE740F6E5
S214020D80C22236210020E6E7843C00202E3D0020C9
S214020D90303D002070B5C0B100296ED00022134647
S214020DA03749384C51F8045B85420FD136498A6878
S214020DB09206FCD49B00354A03F1304303F50153F7
S214020DC0C2F8B0302022324B9A6070BD01320C2A33
S214020DD053D034F81230E5E71FD142680830C3E931
S214020DE000120268531CF0D0C2F3016334F81310E9
S214020DF012F47E0F93B243EA014313D00430C2F3D7
S214020E000742022A0168E7D946688568033AC3E9B9
S214020E1000169D600C300C33F3E7012AE1D1043052
S214020E201960DEE7120F00F108054068072A09D8A4
S214020E30DFE802F007040A0E1114191EC04303F578
S214020E40005318602846CCE71A6842401A60F9E751
S214020E5003F58053F5E703F027FFF3E7012203F5D6
S214020E6080538240F2E7012203F500538240EDE709
S214020E701A6830EA0202FBD1E4E7064CB1E700BF8B
S214020E80843C00202E3D0020000002B8001E00B068
S214020E90001002B8788A02000B4B1B68D3F8F030B9
S214020EA023B11A68022A01D9186A7047074B9A6D4D
S214020EB090B238B1064BC2F307421B68DB085343B5
S214020EC0B3FBF0F0704700BFB4390020004001B811
S214020ED0703C0020064BDB68C3F30363984206D1DE
S214020EE0044AD36B23F0F00343EA0111D16370473F
S214020EF0000002B8001F00B0054B1B68D3F8F030A4
S214020F0013B11A680A2A01D8FFF7C6BF186C7047D1
S214020F10B43900202DE9F347054603F0BEFE00274C
S214020F208046194EDFF864A004F03DFF0DF107017C
S214020F3081460DF10600FDF705FC9DF806300BB361
S214020F40DAF80C3013F4603F1CD0DAF8100003F025
S214020F5010FF04466B1C03D003F09FFEA0EB0807AD
S214020F60484604F01BFF14F5007F07D19DF80630B3
S214020F7013B99DF807300BB1AF42D5D3204602B065
S214020F80BDE8F0873446E5E700FEFFFF00C000B884
S214020F900B4A10B5136E0B4C116E03F00703E35C9D
S214020FA0C1F3CD0101FB0333126E0748C2F345427B
S214020FB002FB033300688001B0FBF3F010BD00BFF4
S214020FC0004001B8708A0200703C00200122014BEA
S214020FD0DA677047001002B80122014BDA677047E1
S214020FE0002002B84022014BDA677047002002B8A0
S214020FF04022014BDA677047001002B810F1800FEA
S21402100004D04D28CEBF7F20323040B2FF22034BA1
S214021010C0B21A62A3F580531862704700E000B8A7
S214021020084910B5D1F89C3040B11C46CA68D1F8C0
S2140210309C309C42F9D1C2F30362027003F00F00A7
S21402104010BD00BF000002B8064B01F080011B6F06
S21402105003F480030B4302BF4FF40012024B1A62E2
S214021060704700BF000002B8006001B810B504F077
S2140210709AFE0E2104460320FFF72CFF40F20122BF
S214021080034B2046BDE81040DA6204F087BE00BF7C
S214021090004000B8124B197809BB124A106A586011
S2140210A0D2F88800D860526E1A610F4AD0689861EA
S2140210B0D06BD861D2F8B4001862D2F8B800586281
S2140210C0106B9862506BD862926B1A6301221A7088
S2140210D0064B074AD3F8A0001060C3F8A01070476A
S2140210E0B83C0020004001B8004000B8001E00B026
S2140210F0B43C0020164B1A784AB35968154A116256
S214021100D968C2F88810196951669969A2F58032C1
S214021110D160D969D163196AC2F8B410596AC2F8A3
S214021120B810996A1163D96A5163196B91630121E8
S21402113002F5005291641021A2F58052C2F8841082
S21402114000221A70044B1A68044BC3F8A02070479A
S214021150B83C0020004001B8B43C0020001E00B09D
S214021160194A38B5136A03F4E071C02921D003F096
S214021170C003802B23D1154B154A01255A6630220F
S21402118003F580535A660522A3F59033DA6003F519
S21402119080539D6404F007FE04460E4B29461D61EB
S2140211A00D4B00205B6898472046BDE8384004F0A7
S2140211B0F5BD23F4E07343F080031362DBE70023FC
S2140211C0C2F88830D7E700BF004001B8005001B827
S2140211D00F00FFFF000002B890400020012838B53B
S2140211E001D0042831D11E4BD3F8B42022F4804219
S2140211F0C3F8B420D3F8B82022F48042C3F8B8204B
S2140212000122DA6324221A634FF480725A634FF47F
S2140212109C729A63102203F50053C3F884200522B9
S21402122001250F4BDA6003F580539D6404F0BBFD85
S21402123004460C4B29461D610B4B00205B68984701
S2140212402046BDE8384004F0A9BD3F22074B0628D9
S2140212505A660CBF064A074AA3F580535A66DEE76B
S214021260004000B8000002B890400020006001B8BC
S2140212703800FFFF1200FFFF4FF604014FF605028B
S214021280044B01201B6C9BB28B4208BF1346024ADA
S214021290136670470080E00F00C001B82DE9F843DE
S2140212A004F081FD0C224FF0B04700212B4C2C4D50
S2140212B0637C06465A433A441163D5F87080296720
S2140212C0D5F8000194F810C0E06026480233C0F852
S2140212D08CC00320C5F80001012000FA03F322485F
S2140212E043614FF48070214B586602203B6A0133FB
S2140212F0A3605363106301333A6A00BF00BF00BFA6
S21402130000BF00BF00BF00BF00BF686E10F4807948
S21402131015D19342F0D139B1304604F03FFDCD22CB
S2140213201A214846FBF7DAFA0C21627CA3684A4384
S214021330023302F1B042A36001215363DBE74FF4AC
S21402134080720A4B30465A660122C5F87080C3F88E
S2140213500021BDE8F84304F021BD00BF183D00207F
S21402136000C001B8008003500020005800E001B819
S2140213702DE9F74F81460E464FF0FF34FFF750FA3D
S214021380002501908A46A0462846DFF8D0B005F12F
S21402139010031B015BF8037007F00307012F15D13A
S2140213A02846FFF755FA02460B4601985146FEF7C5
S2140213B0D5FFDBF8643005F10802D340DB0736D5EB
S2140213C0002E3DD00024A046356038460135082D53
S2140213D0DDD148B300221146204DAF68AB6B013316
S2140213E0E8FB034107F44033B3F5003F30D16B6BA3
S2140213F007F44057013342F10006B7F5805F22D169
S2140214002D6B15F5807505FB06F642F1000203FB0F
S2140214100266A5FB03323244594304FB0212A3FBC5
S21402142004342244C9E9003203B0BDE8F08FA0427A
S21402143071EB0803C9D206B1356004468846C4E794
S2140214403446B046C1E7320242EA13621B02E3E7C1
S2140214502B6B13F5807342F10002DDE700C001B882
S21402146008B503F0B5FC044B5A7C012302329340C4
S214021470024A536108BD00BF183D002000200058F4
S214021480FF2870B53ED0FF2938D00B2834D8022961
S21402149032D81F4C1F4B617441F44021207441F432
S2140214A04071063043F820101B4B1D6803F07DFC8C
S2140214B06E08ED07024600232846314602F0EEF893
S2140214C0090241EA1061C0F3C05040EA4100134BE2
S2140214D02060186B10F5807005D14FF4D7722B215F
S2140214E0FBF7FCF90220024600230020012102F04D
S2140214F0D5F86060002070BD2120FCE70B28FBD8E1
S2140215000021C6E7FF294FF00700C0D1F8E700BF69
S214021510183D002000800350703C002000C001B837
S21402152010B504F040FC0446FFF7B8FE0222054B55
S2140215302046BDE81040DA600122034B1A7004F020
S2140215402DBC00BF00C001B8623D00200C490B78DC
S214021550ABB10C4B5A7C0123023293400A4A936188
S21402156053614FF48062094BC3F8802100230B704D
S214021570074BD3F80C01D3F8041100F0ABB8704750
S214021580623D0020183D00200020005800E100E0E7
S21402159000C001B810B5044603F007FC6043044BD4
S2140215A000F5F42000F59070B0FBF3F010BD00BF1C
S2140215B040420F002DE9F74FFFF7ECFF044604F018
S2140215C0F2FB00213C4D064668462970FFF7D0FE26
S2140215D04FF0B0431F6A394BDB6813F0706F1ED1B1
S2140215E0374B5B6913F0060A19D1F0B1DFF8DC80DD
S2140215F0611DD8F80000A1FB00B903F0D6FB5346E4
S21402160002464946584602F049F8DDE9009A0902C0
S21402161041EA10610002484571EB0A010DD33046DB
S21402162003B0BDE8F04F04F0B9BBFFF737FE022265
S214021630234BDA6001232B70F1E7FFF72FFE03F04E
S214021640B4FB4FEA192141EA0A61A0FB01B9D8F8B6
S21402165000204FEA1A2A00FB0A9912B903F087FB08
S214021660024600235846494602F018F84FF00C0E80
S2140216700122DFF85CC001349CF811303F1B991C34
S2140216800EFB03F38A400F49074403F1B0434A6155
S2140216905F630D4F241ABA614FF0B0473F6A5B6B27
S2140216A0FB1AA342C3D2DCF80C00054BC3F80001B8
S2140216B08A614A61B3E700BF623D0020000002B8BB
S2140216C000C001B80020005800100058703C0020EE
S2140216D0183D00202DE9F74F0C228D4C0191637CBA
S2140216E08C4E5343002203F1B0431A63217C8A4B8B
S2140216F00546C3F8AC104FF40031884B904619618A
S2140217000223F3604FF0B0431B6A5F1EDB1B002B05
S21402171040F3E88008F10108B8F1020F69D9EC221B
S2140217200D210020FBF7DAF84FF080527C4B794E01
S2140217305A66E2684FF00008C6F800214FF40032FD
S2140217401A61754BC3F8AC800C23627C5A4302F1D3
S214021750B042C2F8308004F026FB434641464FF4BE
S214021760807E376AD6F864C003F110021201B258BE
S21402177002F00302012A10D10EFA03F212EA0C0F4B
S2140217800BD106EB0314BD42D4F80C4100F2BA802A
S214021790A54202D2A74280F0B8800133082BE3D1DB
S2140217A0604C2268012A08D85F4D2B78142B02BFA2
S2140217B000235E4E337001332B70A9B1544D012ABB
S2140217C06B8A43EA01036B82544B59660CD857491D
S2140217D00B780133DBB2022B0B7005D100230132EA
S2140217E02260514A0B70137003B0BDE8F04F04F04C
S2140217F0D5BA4FF00C0A4FF00009637C0AFB03F3DC
S21402180003F1B043C3F8309004F0CDFA4FF08053A2
S214021810434A53664FF0B04394F811E01F6A0AFB3E
S2140218200EF3013703F1B0435F63316BB368DB033A
S2140218304ED5A2682368BA1AA2FB03A2D4F804B053
S214021840AAFB0BC3CC46E2FB0B3C01F58079A9FB55
S214021850031B09FB0CBBBAEB010162EB0B02090A84
S21402186041EA0261019A1144B1EB192F4FEA19229B
S21402187003D301334CF1000C891A043A8A4228BF7A
S2140218800A46EB18B261227D4CF10001D6F820C060
S214021890D2B26545D6F838C084BF02F1FF32D2B262
S2140218A0BCF1FF3F0ED04FF0000A0CF101099C4537
S2140218B07AEB010B08D20132B3EB0903D2B261F123
S2140218C00001F4E70A44D2B202F003022275336240
S2140218D00C2303FB0EFE02230EF1B04ECEF8303080
S2140218E004F05CFA4FF0B0431B6A00BF00BF00BFB3
S2140218F000BF00BF00BF00BF00BF726ED2007FF500
S21402190005AF11E7A542BFF445AF0A4391B244E7DB
S214021910183D002000C001B80080035000D001B876
S21402192000E001B8E03B0020643D0020633D00205B
S21402193037B50446FFF728F9E17822791B4841EAD1
S2140219400243C0F8CC34E579A37943EA0543C0F8EC
S214021950D03423784BB18DF8041004218DF805207D
S2140219600DEB01000022F3F779FD63785BB10421E9
S214021970A37900228DF80430E3790DEB01008DF88F
S2140219800530F3F76BFD227801235AB1084AC2F8F4
S214021990C834627802233AB1054A0020C2F8C83435
S2140219A003B030BD034AF2E7024AF6E700C003502E
S2140219B000D0035000E0035070B52B4B0D461A784A
S2140219C012B92A4A926D1A70294AD26F520549D51F
S2140219D01C78284B04F00F06B0FBF3F040434FEAA6
S2140219E0141405D140F289622B21FAF777FF012001
S2140219F0214A0A217243B2FBF0F34843B3FBF1F6E5
S214021A0002EB5002B2FBF0F201FB1633042BD2B209
S214021A101BD8C3EB8311C3EB81035BB2002B14BF4D
S214021A206FF0040105210B440A2193FBF1F31C44D9
S214021A30E3B264B20F2C0FDD013AD2B2053B5CB2C0
S214021A40002042EA04122A6070BDC3F10A0303EBC7
S214021A5083030521DBB2E6E7002CF1DA0132D2B2CB
S214021A600533ECE70220EFE7653D0020008001B871
S214021A70000002B8403B2500809698004FF0000C0C
S214021A802DE9F84FA2FB0179C94EDFF860E3BE19D3
S214021A90984669F10003B6457CEB030308D240F290
S214021AA043220E216046FAF719FF0220BDE8F88F9E
S214021AB0D0F8F0A00C461546BAF1000F04D0DAF8BA
S214021AC00030032B00F21881BA4BBB4A9E6BA3F57B
S214021AD08043D3F8EC30C6F314065900B74B48BF20
S214021AE046F400161B6ED2F8FCA05A074EBF4FF4FF
S214021AF040039B0503F0E07346EA45661E4303F087
S214021B0011FE012D8346D0D10028CED0AC4B984290
S214021B1000F0008103F5122303F5F863984200F003
S214021B20FD80A84B984200F0258102460023002043
S214021B304FF0007101F0B2FD0130A7FB007200FB0E
S214021B400922C6F31303A3FB0B3B20329209C8F803
S214021B500020DB0C9C4A43EA4B33F502146058BF64
S214021B605B429A4A9A4DC8F814401C4413602C6093
S214021B70BAF1000F00F0BD80F001964A83EAE370E6
S214021B80A0EBE370C6F38153D75C4FEAE07E47F3DF
S214021B90401100FB01F14FEA876707FB0E11A0FB1D
S214021BA0070748BF64084FEA540C10EB0C004FF0CE
S214021BB0000341EB0701224601F070FDDAF800301F
S214021BC00E2B08D97D4B7B4A926BD969D3F80C3120
S214021BD0C90600F1C680B3024CBFC42140F2071109
S214021BE0C0F31300C8F804007B48DAF81820A0FBFC
S214021BF00460400901FB00F04FF4FA73B0FBF2F008
S214021C0000FB03F3FA33A4FB0116A3FB02328B425A
S214021C10B24138BF0130C0B240F4006CC8F808C008
S214021C20002879D0DAF81C70A0FB07321CB1B4FA8F
S214021C3084F10E297FDDE103002A71D1B1FBF3F1B5
S214021C404B0003FB0003A3FB07624FEA044EB645B4
S214021C504FEA144474EB020209D340000344A7FB84
S214021C600362B64574EB020201F10101F6D2C1F33A
S214021C700E014CEA013C4CF00063C8F8083003F051
S214021C8051FD2C68002C00F08680B4FA84F3D3F160
S214021C90020358BFDC40514B9C4288BF64080028B0
S214021CA06AD0B4FBF0F3642100FB134201FB02F29C
S214021CB05D1E90424FEA550572D85B08013B2D0225
S214021CC045EA0315C8F80C5003F000FD58B3B4FB00
S214021CD0F0F3642100FB134401FB04F4A04228D86D
S214021CE05A1E52085B08013B120242EA0313C8F866
S214021CF010300020BDE8F88F042BDAF828607FF455
S214021D00FEAEF00154BF06F0E0734FF4400326F037
S214021D10E076F3E6324810E72120C7E631480CE7C2
S214021D20034600218FE740F2F2422B21FAF7D6FD56
S214021D302346013BD4E7C1F10F0601F1110E02FA68
S214021D400EFEF34043EA0E03A6F1200E22FA0EFE22
S214021D5043EA0E03F240013304FA01F142F10002B3
S214021D606AE702F4801203F400131A4308BFC0F5B0
S214021D70801030E71C48E0E6631EA51E5B086D086F
S214021D80013B2D0245EA031540F2CF422B210020EB
S214021D90FAF7A4FD96E76FF01F05002892D1F3E745
S214021DA0023B013D5B082D0145EA03258AE700BF99
S214021DB0006CCA88008001B8001F00B0004001B85D
S214021DC000F04902005A6202F43C0020F03C002077
S214021DD0EC3C0020808A0200D34D62103FBE4025B4
S214021DE00A3BB2DF313641DCD694BFD6807C814ACC
S214021DF010B50B46044686B039B982790168214887
S214021E006B460068FFF73AFE6B461F4A1968516335
S214021E101E4AD2F8FC2062B35A6842B11C4A1D49D7
S214021E20C2F80C115968A2F58052C2F80C119A68D1
S214021E3042B1174A1849C2F8EC109968A2F58052C6
S214021E40C2F8EC101549D868D1F8642122F4EE6283
S214021E500243C1F86421D1F85C21186922F4EE62CB
S214021E600243C1F85C21A1F5FF4158692839FFF702
S214021E70A3FD0020A2880A4B9A6203F5A0331864D9
S214021E8006B010BDB4390020008001B8001F00B0B3
S214021E90006001B8FFFF0F00FFF8FF0F000002B856
S214021EA0004000B84FF48062014BDA67704700BF0B
S214021EB0001002B84FF48062034BDA67034B1B78BC
S214021EC00BB1034A93657047002002B8653D0020B7
S214021ED0008001B80523064AA2F84A3092F8493033
S214021EE003F0010363F0730382F84930704700BFC2
S214021EF0001F00B070B51D4E0546F36803F0706310
S214021F00B3F1007F30D103F04EFFF368044603F0CE
S214021F107063B3F1007F22D1284602F056FD30B13D
S214021F20134B93F8C42012B1002283F8C5200F4B3E
S214021F301B6F9B0510D50E4B0E49D3F8A8300969C6
S214021F401A789B6843F80C1C32B94FF400320A4BDD
S214021F50CF20DA61FEF75CF98022044B1A61204634
S214021F6003F01CFF002070BD0220FCE7000002B850
S214021F70001E00B000C000B8001002B810B590B144
S214021F800468012C0FD902696AB11168094B102C3A
S214021F90196051685960916888BFD268996094BF89
S214021FA0D960DA6010BD10220021024801F098FDC7
S214021FB0F8E700BFFC3C0020084BC1171A68A2FBDA
S214021FC0000302FB013310F1807043F10003400E60
S214021FD040EAC310803820EAE07070470C3D0020CB
S214021FE00722164B70B5DA66154B164A1E68164B54
S214021FF0F408E005C0184FEA163141F1000100234B
S21402200001F04CFB114B124D18604EF66020FFF7A4
S214022010D3FF4042C5F884000E48FEF73DFC024658
S21402202058B1E301500818184FEA16714FF0000332
S21402203041F1000101F032FBE86570BD000002B814
S214022040703C002065CD1D00B2E60E000C3D00205F
S214022050001F00B040420F0010B5044698B10B4B6B
S214022060D3F8FC00FFF78AFF4FF47A7303FB04F001
S214022070074BA0F6AC50DA689B681044C01ABDE85D
S2140220801040FFF799BF4EF66020F8E7001F00B039
S214022090FC3C00202DE9F0410546084614461E4643
S2140220A0FFF76CFF002D00F0838072076CD528695D
S2140220B000287FD04FF47A735843464BA0F6AC50B4
S2140220C09B68C01AFFF778FFE061A88B002874D0DF
S2140220D04FF47A7358433F4BA0F6AC509B68C01A35
S2140220E0FFF76AFF20613C4BE9681F68002967D04A
S2140220F04FF47A735943374BA1F6AC519A685B6832
S214022100891AC91A354BC8171A68DFF8D880A2FB95
S214022110011302FB003311F1807143F10003490EF3
S21402212041EAC31180392E4B6161DB6EA361D8F898
S214022130003053B1384602F048FC30B12246D8F897
S21402214000302449D7F8E40098470021A869FFF731
S21402215083FFA062A868002835D04FF47A735843EC
S214022160A0F503501038FFF727FFA060286840B19B
S2140221704FF47A72174B1B6803F51C53103302FB9D
S2140221800030FFF719FFE060B30711D5284600F0CC
S21402219055F860626B69CBB10E4AD0684FF47A721A
S2140221A002FB0300A0F503501038FFF705FF20627C
S2140221B0BDE8F0814EF6602084E74EF660208FE799
S2140221C04EF660219EE747F23050CCE747F2305099
S2140221D0EBE700BFFC3C0020B43900200C3D002099
S2140221E0001F00B0F83C002070B5064608461C46A4
S2140221F002F076FD0546D6F8F00000F011F84368C6
S214022200054A002BA8BF4FF4FA721A44034B601912
S21402221092FBF3F2104470BD0CFEFFFF18FCFFFFAA
S21402222040B10368012B05D90069034B002808BF9B
S2140222301846704700487047888A0200406840B1D6
S2140222404FF47A72044B1B6803F51C53103302FBDF
S2140222500030FFF7B1BE00BFFC3C002070B5124C48
S21402226088B001AD0FCC0FC594E8070085E80700DB
S2140222708C2200210D4801F033FCD42200210C48A8
S21402228001F02EFC0B4B0C4A5A63FFF723FE0B4B56
S2140222901B783BB1044E01AD0FCD0FC695E8070083
S2140222A084E8070008B070BDC41F00B0A01E00B0CE
S2140222B02C1F00B0001F00B010111111543D002059
S2140222C0064BD3F8D80E064B5B6F1A0103D4054BA8
S2140222D09B6E1B0401D500F580707047001000B09D
S2140222E0000002B8004000B8012370B5074C237006
S2140222F0074B1E68074B3240D3E90053194028406B
S214022300FBF7ACFB0023237070BD00BF6D3D0020C1
S214022310143D0020F02F0020024B1879C0F3C000B5
S214022320704700BFF02F002010B50446FEF756FC9B
S21402233000F0BCFD2046FCF78FFFFEF7FBFBFDF727
S21402234087FFFDF7FDFFFFF74BFE13490723134AEE
S214022350D1F8FC1004F58270FFF79CFE4FF08071F6
S2140223600020FEF7B9FA4FF000720D4B4FF4001141
S2140223700120C3F80021FEF7AFFAFEF77DFF20B971
S21402238040F221121421FAF7A9FA02F02AFDBDE85A
S21402239010400120FDF768BE001F00B0581F00B0B5
S2140223A000D001B88023074A1367082340B1136799
S2140223B0054AD2F8A03023F02003C2F8A0307047B6
S2140223C0024AF4E7001002B8001E00B0002002B86D
S2140223D010B503F0E8FC012104460020FFF7E2FFF7
S2140223E0044B1961044B5B6898472046BDE81040D1
S2140223F003F0D4BC000002B89040002038B5164C5A
S214022400054620784FF42072B0FA80F03E2140094B
S214022410FAF764FA55B14FF44062104BD3F8B43071
S214022420C3F3812323700E4BC3F8B42060784FF4B5
S2140224302072B0FA80F03E214009FAF74FFA55B101
S2140224404FF44062054BD3F8B830C3F38123637070
S214022450034BC3F8B82038BD663D0020004000B8E4
S214022460006000B8A82238B51B4B1D6F03F5005359
S2140224701A6710229A60A3F5804302F100521A6787
S2140224805A6600F039FF154B1B7813B90320FDF787
S21402249077FF0024124B9C6700F054FF114A124B40
S2140224A0D2F8D81E0B40C2F8D83E04220F4B1A6749
S2140224B00F4BAA06C3F8AC4008D503F58073DB6C55
S2140224C0B3F5817F22BF8022034B1A61FCF7A0F886
S2140224D00022084B1A7038BD000002B8693D002081
S2140224E000C001B8001000B0DF0000FF002002B8F4
S2140224F0001E00B0683D0020034B187818B9034B45
S214022500D868C0F380307047683D0020000002B8EB
S214022510994B2DE9F04F9A6EDB6E87B002EA0308FC
S214022520964BC3F86880964BD3F8E070D3F8EC303D
S2140225301F40944BC3F8E070934BD3F80822D3F8AD
S2140225400C3202EA030A914BC3F808A203F52043B1
S214022550DA691B6A02EA03098D4B09F47702DA612B
S2140225608C4BD3F80422D00605D4D3F8046116F0B7
S214022570100600F0DD8003F016FC874B5A695E6E8B
S21402258002F0060BBBF1000218BF01221B6F01927C
S2140225901E40824A26F0007323F4006371075366D6
S2140225A004D57F4A137D0133DBB2137503F0F6FBC5
S2140225B0B8F1000F00F0DD8018F4004427D003F0D5
S2140225C0F2FB0146FFF77CFE0446764B1D682A683E
S2140225D02B689A42FCD02A689A42FCD0FFF770FE1B
S2140225E0A04240F0A780084603F0D8FB6E4B1C6062
S2140225F06E4B1D6F15F4E05B40F09E8024F07F4426
S21402260024F0DF040CB9FFF72DFF4FF0807400258D
S21402261018F0020F12D0654B5D491B6F03F460423F
S2140226200A67002A00F09C801A0400F19C809D0430
S21402263040F19C804FF0006300251C43C8F34038ED
S2140226404FEA48085A4B3B40002B4AD017F4206FFB
S2140226500AD040F2C95206210020FAF73FF90020BC
S21402266000F0CCFE27F48027F80506D5FF22484B5B
S21402267044F4C0649A60FEF7F9FC17F0090F0AD01A
S21402268040F2DE5208210020FAF728F900F0AAFEEE
S21402269001223B4B1A6317F0106F0CD040F2E75240
S2140226A009210020FAF71AF900F09CFE00221146D2
S2140226B01046FCF771FE17F4202F0AD040F2EF52B4
S2140226C007210020FAF70AF9002000F097FE27F407
S2140226D08027F90301D5FCF7A3FF002FB8BF48F007
S2140226E008087A070DD5264BDB6A13F4005F4FF411
S2140226F0005317BF234A2F4AD36244F4000408BF8C
S214022700D3627B0548BF44F0040417F48023029387
S21402271000F0B580FCF73CFF013806284CD8DFE80D
S21402272010F068016B0168016E0171017401740199
S21402273001963DE704464AE7FFF794FE144BC3F8BA
S21402274070B015F4805305D115F4806505D04FF0AE
S21402275080645CE74FF0804459E74FF0805457E7B7
S2140227604FF0007368E74FF0004365E74FF0005301
S21402277062E74446454665E7004000B8006000B898
S2140227800040005400600054004001B8006001B8E8
S214022790002002B800E100E000C001B800E001B885
S2140227A0183D0020108A0200103D0020000002B8EA
S2140227B0090B0B89005000544FF4C4620321002019
S2140227C0FAF78CF801219B4A936ED2F8880003F040
S2140227D00703063301FA03F3C0F30C001B1A9BB27D
S2140227E0072B12D9944B1B6F58020ED49348936B47
S2140227F0926D406D58B103F0070306339940C2F359
S2140228000C03C91A89B2072901D844F400748C4B08
S2140228101B78002B33D0874BD3F8E03013F4A02F6D
S2140228202DD1884BDFF85CB21B7883B9F2040ED444
S2140228309BF800305BB18449C4F3C003D1F8D81EBC
S21402284083F001035B0021FA03F39B0717D10420F0
S214022850FDF796FD7D4B7E49596700F019FB9BF804
S214022860003043B97B4B1B782BB17B4B7B4A1B68F2
S2140228702340134201D144F4804426F48056BAF130
S214022880000F1DD01AF4805F18BF44F480241AF497
S214022890807F18BF44F400241AF4005F18BF44F087
S2140228A010041AF4007F18BF44F020041AF4806F54
S2140228B018BF44F040041AF4006F18BF44F08004B6
S2140228C0B9F1000F47D019F4001F0AD0644B1B68F9
S2140228D03BB1594A6348116F00680022C1F3C061D8
S2140228E0984719F4802F18BF45F4007519F4803FF5
S2140228F018BF44F4805419F4801F18BF44F40034FF
S21402290019F4800F18BF44F0020419F4003F18BFF0
S21402291044F4801419F4000F18BF45F0100519F49A
S214022920002F18D0504BD3F8A03013F0C00F12D09F
S214022930414BDA6802F03062B2F1407F05D15A6F3D
S214022940D00602D49B6F190762D54FF40022474B7C
S21402295029F40029DA61002E00F0468132051ED5E0
S2140229604349DFF8E8B091F803A0424ABAF1000FF3
S21402297000F08A804FF400600AF1FF3A50665FFA70
S2140229808AF2CA703AB93C4A1278002A43D040F614
S21402299001423A4B5A670022134614431D43B300C2
S2140229A009D52E20FDF734FC4FF00052314B45F08E
S2140229B008051A675A66F00608D52B20FDF728FC8C
S2140229C010222C4B45F400151A675A6616F0306F23
S2140229D040F0A080F10440F1FB80019B002B40F008
S2140229E0DD80274B1B68013300F0548144F001045C
S2140229F0EEE044F48034E5E644F40064E2E644F4AF
S214022A008064DFE644F48074DCE644F00804D9E629
S214022A1044F400149FE7DBF8782012F4A05F15BF99
S214022A204FF4807240F60142CBF85820CBF878205B
S214022A30B1E700BF00400054000002B8004000B8F2
S214022A406F3D00206E3D0020001000B000C001B8AF
S214022A50000001016A3D0020F02F0020088D0100D1
S214022A60103C0020B4390020001E00B0002002B83E
S214022A70593D002000E001B8693D002000D001B8B1
S214022A809C4000206B3D00200320FDF779FC4FF4AC
S214022A900061AA4A5166DBF8141011F0060124D030
S214022AA05046FDF735FEDBF86410DBF87030A34ABB
S214022AB00B4013F0100F1DD010232D201367536602
S214022AC0FDF7A6FB4FF4001A9D499E4A4B8A13F463
S214022AD0006F1BD023F400634B82137803F0FF02CF
S214022AE05BB14FF40042534657E741F61F705067FA
S214022AF0CBF878104FF0000AE6E70392FDF7F8FEEF
S214022B00FFF7B0FC039A4AF0200346E713784FF427
S214022B100052E8E732011BD52920FDF779FB8A4BE4
S214022B205B6C13B11022894B9A60894B8949DB682A
S214022B3003F48042C3F380330B70FFF7EDFB28B13A
S214022B40854B7E4985484B660367D2B945F0040536
S214022B50B30123D50420FDF713FC2720FDF758FB0D
S214022B60FFF780FC4FF00072744B5A667C4BD3F82A
S214022B70D83E590676D40222744B9A6045F0020576
S214022B8023E00B6720204B66FDF742FB45F4001559
S214022B902D2045F00C05FDF73BFBD9E716F0807FAC
S214022BA0DFF8A4A149D00420FDF7EAFB2820FDF7B0
S214022BB02FFBDAF87830002B3BD1FFF753FC5F4B44
S214022BC0654A45F001051A675A6600225E4B9A6509
S214022BD0720509D5634A9378002B00F0A980013B61
S214022BE09370002348EA03085F4BD3F8A0301B0615
S214022BF003D520462946FCF77FF84246204629465A
S214022C00FFF772FB029B0BB1FCF7F8FC0122574B55
S214022C1007F00437C3F8E070554B19F4002FC3F8D9
S214022C2084211EBF4FF40022484BDA6107B0BDE88C
S214022C30F08F0023CAF87830C1E7F004C5D5042027
S214022C40FDF79EFB4B4BCAF87430FDF751FEDAF8DF
S214022C50643013F0407FB8D12A20FDF7D9FAFFF787
S214022C6001FC83E7404BD3F8A020920686D40221CB
S214022C70414A9160414A126892F82520D0077FF5B2
S214022C807DAF93F8C430002B3FF478AF8022304BF0
S214022C901A6173E7334A13794BB1013BDBB2137106
S214022CA013B92E4B364A5A6700231C4390E704207A
S214022CB0FDF766FB0320FDF763FB234B2D4A5A679D
S214022CC003F071F882460DF11700FEF7A9F92D4BB5
S214022CD083461B780BB1FEF7C9F9BBF1030F0ED181
S214022CE0DFF86CB00020FEF79BF9032807D1DBF86B
S214022CF07430D903F6D4DBF85C300C2BF2D99DF88D
S214022D001730032B06D101221F4B50461A7003F0D0
S214022D1045F8C9E71D4BD3F8E03013F4A02FF2D1E3
S214022D2000F0B6F8504603F039F84FF48043BCE79B
S214022D300220FDF725FB012354E700BF00E001B89F
S214022D40183D0020693D002000C001B8002002B8EE
S214022D50000002B8683D00201000002000D001B834
S214022D60001000B0593D0020001E00B00060005464
S214022D7000E100E000000101001002B8B4390020B2
S214022D800000010D6C3D00206E3D00200040005406
S214022D900122024B1A62DA61704700BF002002B8B5
S214022DA00D4B10B5DC691A6A14400C4A24F47F01F4
S214022DB0D161E20706D5D9684FF0FF30C1F303614F
S214022DC002F019F8630706D5BDE810400422002079
S214022DD00021FFF789BA10BD000002B8002002B831
S214022DE00C4A08B5936B526C13400B4A9363DB078D
S214022DF00FD50A4B40F67A021878122100F001002D
S214022E00F9F76CFDBDE80840002201200021FFF71B
S214022E106BBA08BD00C000B800E000B8F02F002072
S214022E20054AD2F88430DB07FBD4936FD2F88420AD
S214022E301340024A93677047008001B800A001B8A9
S214022E4008B502F0B0FF0E4B1A78A2B90D4A126806
S214022E5012F4843F0FD10C4A1021D1671B7863B954
S214022E60084B1B68DB0508D4074B2022DA67BDE84F
S214022E70084002F093BF054AEEE7044BF5E700BFB1
S214022E806F3D0020F02F0020002002B8001002B88C
S214022E900022044B1A70044B197811B11A70FFF70E
S214022EA0CFBF70476E3D00206F3D002008B502F090
S214022EB07AFF4FF00042224BC3F88020BFF34F8FB9
S214022EC0BFF36F8F0122C3F88420BFF34F8FBFF387
S214022ED06F8F0222C3F88420BFF34F8FBFF36F8F2A
S214022EE00422C3F88420BFF34F8FBFF36F8F0822EC
S214022EF0C3F88420BFF34F8FBFF36F8F1022C3F83F
S214022F008420BFF34F8FBFF36F8F2022C3F8842035
S214022F10BFF34F8FBFF36F8F4022C3F88420BFF3F7
S214022F204F8FBFF36F8F4FF48072C3F88420BFF3C6
S214022F304F8FBFF36F8FBDE8084002F02FBF00BF70
S214022F4000E100E008B502F02EFF4FF00042094B08
S214022F501A6001225A6004225A6008225A6010221D
S214022F605A6020225A6040225A60BDE8084002F0A9
S214022F7015BF00BF00E100E02DE9F047DDF820A014
S214022F8003EA0108099B06460C4602EA000703EA22
S214022F900A09BAF1000F40F04E81031F0B4300F0FE
S214022FA00E81052871F1000380F0E48050EA0103E7
S214022FB000F06081431E0B4300F02481FFF776FF8A
S214022FC0AD4AD2E9005323EA040325EA06053D4347
S214022FD043EA0807A94BC2E900571E68DFF8F482E5
S214022FE026EA0A0646EA09061E60FFF729FF15F0DA
S214022FF02A4F0CBF4FF4004348F20203A04AB00720
S214023000D26EA04848BF43F4005383EA020122EA84
S2140230100302C2669C4A0B408166D366C5F38042B1
S2140230201203290348BF42F48072EB0648BF42F4FB
S2140230300052964BAC0648BF42F400726806D3F8BC
S2140230400C3248BF42F48062290648BF42F400624E
S2140230508F4882EA030123EA0203C0F80C328D4B42
S2140230600A40C7F34024A404C0F80812C3F80C228E
S214023070EA0448BF44F48034AB0348BF44F48014E7
S214023080A80748BF44F4800415F4001F06D0D8F8F9
S214023090000001F0CCFE08B944F40024E90248BF5F
S2140230A044F40034FA0648BF44F4000473077A4B2B
S2140230B048BF44F004041A6A44F4001484EA020383
S2140230C023F0010375491A400A621C40CB61744B17
S2140230D016F0010F1C62734B734A08BF1A46734BF5
S2140230E07C071B6F48BF42F00062714882EA030108
S2140230F023EA020303676F4B0A4041661A676E4A69
S21402310005F00103516CA0F5803081EA030221EA42
S2140231100301416482631A40684B28025A64D8F855
S214023120002048BF664B92F8022158BF654B6907DC
S21402313048BF43F4806322B115F4C06F18BF43F44E
S21402314080733207604A48BF43F00043D2F8EC105F
S2140231505E4883EA010222F4A0221140C0F8EC1075
S2140231601340C0F8E0205A4ABDE8F047C2F8EC30F7
S214023170FFF7E8BEA0F580630B4306D020F4806319
S214023180A3F500730B437FF419AF02F00CFE3A4925
S214023190D1E9003223EA060322EA040242EA0802DE
S2140231A03B43C1E900324B4A126892F80211474A81
S2140231B009B313F4C06F1ED04FF4807311E002F00F
S2140231C0F2FD2D4AD2E9003123F004033B4341EAE3
S2140231D0080157EA0807C2E900314FF480633B4A08
S2140231E00BD0C2F8E030A2F58052C2F8EC30BDE84F
S2140231F0F04702F0D3BD4FF48073C2F8EC30C2F849
S214023200E030F4E702F0CFFD1B4AD2E9003123F0AA
S21402321001033B4341EA0801C2E9003101232E4A79
S21402322057EA08071BBF9363A2F5805253645364A0
S21402323008BF9363DBE750EA01037FF4BFAEBAF13F
S214023240010F7FF4BBAE02F0AEFD0C4A136823F00A
S214023250010343EA090313604FF48063144AB9F189
S214023260000F04D05366A2F580521367BFE71367B8
S2140232705366BCE7BDE8F087F02F0020143D00201F
S214023280004000B8006000B8005000B8004001B826
S214023290006001B8005001B8000002B8002002B871
S2140232A0001002B804180003041C000300C001B892
S2140232B000E001B800D001B800C000B800D000B8E5
S2140232C00D0A0A09090A0A0900400054006000545F
S2140232D000500054B439002000E000B8024B1868D1
S2140232E000F00100704700BFF02F0020014B587914
S2140232F0C0097047F02F00200A4B197801F0FF0230
S21402330029B10021197008499202C1F8B4205978EF
S21402331001F0FF0229B1002159709302024AC2F855
S214023320B8307047663D0020005000B84FF4006287
S214023330034B1A674FF40042A3F5E0339A667047D0
S214023340001002B8F8B5084C084D236F0423084F46
S2140233502B67236F5B0300D4F8BD042602203E676A
S21402336001F0A2FC2E67F4E7000002B8001002B8D3
S214023370002002B838B5044669B940B1164BDA687F
S21402338012F0606F04D04FF4C062144BDA6238BD9C
S2140233909B689A06F7D4FDF769FE0F4D0020FDF7ED
S2140233A03FFE032801D0092805D16B6FDB03F5D455
S2140233B0EB6D0C2BF2D9FFF7C5FF4FF40072084BEA
S2140233C0DA62012203F5E8335A61042203F58053D8
S2140233D01A67002CDBD0D6E7000002B8006001B8FE
S2140233E0004000B808B503210920FDF773FD20222E
S2140233F0014B1A6108BD00BF000002B838B5054689
S21402340002F0D1FC0E4B04461868FBF7EDFF35B10F
S214023410FFF73EFD2046BDE8384002F0BFBC094B30
S2140234201B78002BF6D0084B1D78002DF2D1FFF743
S2140234302FFD2A464FF480400021FEF755FFE9E7AC
S214023440B43900206E3D00206D3D00202DE9F74F77
S214023450574B074615461C6F0191002A40F0A5807F
S21402346004F0A004003C18BF0124FBF7D1F8A02307
S2140234704FF0000A4F4A03201367FCF781FF04202F
S214023480FCF77EFFDFF86081FFF702FD4A4B4FF044
S214023490040BC8F87430C8F878A0FFF753FF474B00
S2140234A0444AD3F8A010DFF8089141F02001C3F88F
S2140234B0A010FF2191604FF48071C9F810104049A6
S2140234C04048D1F8D86E3040C1F8D80EC2F870B075
S2140234D0C3F8ACA0D8F8143013F0060F04D0FDF7EA
S2140234E007FA5846FCF74CFF0CB1FFF71FFF47B12F
S2140234F0FDF7BCFDFFF776FF0420FCF741FFFFF760
S214023500FBFED9F81430D90749D5294AD36813F0F7
S214023510706FFBD1274B2C4A1A672C4AD36B23F0C9
S214023520F003D363019B13B12846FFF767FF284BCE
S214023530D3F84C315A1C01D05B0002D501221D4B38
S2140235405A6165B3234BDA6E03F500539A6603F5A8
S214023550D0331B6A174A23F00103D3611E4BD3F8FC
S2140235600C1203F50053C3F8081203F50053D3F800
S214023570841003F500539967184BD3F8EC1003F543
S2140235800053C3F8E010164B596C03F500539963C9
S214023590144903F5803359664FF608431367002033
S2140235A003B0BDE8F04FFBF79FBB00245DE700BF0A
S2140235B0000002B8002002B800000101001E00B0A0
S2140235C0001000B0DF0000FF10003000001F00B047
S2140235D00080E00F004000B8004001B800400054F0
S2140235E000C000B85000002F00C001B838B514461D
S2140235F00D4602F0D8FB064BD3F8A02054402C40D0
S2140236005440C3F8A040BDE8384002F0C7BB00BF34
S214023610001E00B0034BD3F8A03099430CBF012024
S21402362000207047001E00B02DE9F04115460A43FF
S214023630012A1C469DF818809DF81C70089E29D801
S214023640B84527D2082F25D8032B23D816B30A4607
S2140236500021FAF719FBE300FF249C404146E443AD
S214023660DFF834C0701E4FEAC50ECAB2974202D8BF
S2140236700020BDE8F0810EEB01060CEB8606D6F8BC
S214023680E02010F8015F22409D401543C6F8E05046
S2140236900131EAE72120ECE7001E00B053B94AB92F
S2140236A0002908BF00281CBF4FF0FF314FF0FF3043
S2140236B000F0B2B9ADF1080C6DE904CE00F006F8E0
S2140236C0DDF804E0DDE9022304B070472DE9F04F8F
S2140236D08C46099E04460F46002B48D18A42154660
S2140236E05ED9B2FA82F33BB1C3F120029F409D40FD
S2140236F09C4020FA02F217434FEA154E1FFA85FC49
S214023700220CB7FBFEF10EFB117701FB0CF042EA2E
S2140237100742904207D9AA1801F1FF3702D2904217
S21402372000F258813946121AA4B2B2FBFEF00EFB22
S214023730102200FB0CFC44EA0244A4450BD92C19C7
S21402374000F1FF322CBF01270027A44502D9002F23
S21402375000F04381104640EA0140A4EB0C0400212D
S2140237601EB1DC400023C6E90043BDE8F08F8B4261
S21402377006D90EB1C6E9000100210846BDE8F08F61
S214023780B3FA83F1002951D16345C0F01681824213
S21402379040F213810846002EE7D0C6E90047E4E768
S2140237A0002A00F0AF80B2FA82F3002B40F0C2800B
S2140237B08A1A4FEA154EAFB20121200CB2FBFEFC6C
S2140237C00EFB1C2240EA024207FB0CF090420ED986
S2140237D0AA180CF1FF382CBF4FF001094FF0000970
S2140237E0904203D9B9F1000F00F0F080C446121AD5
S2140237F0A4B2B2FBFEF00EFB102200FB07F744EA6F
S2140238000244A7420ED92C1900F1FF322CBF4FF00A
S214023810010E4FF0000EA74203D9BEF1000F00F0D2
S214023820D2801046E41B40EA0C4099E7C1F120051D
S2140238308B400CFA01F400FA01F922FA05F72CFA89
S21402384005FC8A401F4320FA05F3380C23431FFA6F
S21402385087FE1C0CBCFBF0F800FB18CC44EA0C44B8
S21402386008FB0EFCA4450ED93C1908F1FF3A2CBF02
S2140238704FF0010B4FF0000BA44503D9BBF1000F2C
S21402388000F0B880D046A4EB0C041FFA83FCB4FB0D
S214023890F0F300FB134403FB0EFE4CEA0444A64579
S2140238A00ED93C1903F1FF302CBF4FF0010C4FF03C
S2140238B0000CA64503D9BCF1000F00F09F8003461A
S2140238C043EA0840A4EB0E04A0FB02EC64457346F0
S2140238D0E04602D307D1F14505D2BEEB02036CEBFC
S2140238E0070C0138E0465EB1B9EB030264EB08044C
S2140238F004FA05F522FA01F3CC401D43C6E900544A
S214023900002132E742082F464B08AC4642EAC17213
S214023910AE46C407110C92B241EA034142EA0142A2
S214023920B1FBF5F1B3FBF5F01F23A2EB0C0241EA63
S214023930004142E79D40C3F1200299409C402CFA88
S21402394002FC4FEA154E20FA02F2AFB2BCFBFEF8BA
S2140239500A430EFB18CC110C41EA0C4108FB07FC8B
S2140239608C4550D9691808F1FF302CBF4FF0010979
S2140239704FF000098C4502D9B9F1000F30D0A1EB07
S2140239800C01B1FBFEF808FB07FC0EFB181192B205
S21402399042EA0142624534D2AA1808F1FF312CBF2E
S2140239A04FF001094FF000096245BED2B9F1000F8F
S2140239B0BBD1A8F102012A44B7E7841A6CEB0302D2
S2140239C001201746E7E62C4402382BE7ACF1020C3E
S2140239D02A440CE702392A44A5E62C440238BAE601
S2140239E0A5EB0C0CA8F102006144B1FBFEF808FB43
S2140239F007FCCAE7A8F102083C4444E7023B3C4401
S214023A005EE7414691E7A1EB0C014046B1FBFEF8AA
S214023A1008FB07FCB9E700BF704700BF2DE9F84373
S214023A200746884614460026D4E90195B9F10109ED
S214023A3005D52468002CF7D13046BDE8F883AB895B
S214023A40012B07D9B5F90E30013303D02946384683
S214023A50C04706436835E9E710B50C46B1F90E10C3
S214023A60F7F752FE0028ABBF636DA3891B1823F439
S214023A708053ACBF6365A38110BD2DE9F0411F469C
S214023A808B8905460C46DB05164605D50223002221
S214023A90B1F90E10F7F726FEA3893246B4F90E10D6
S214023AA0284623F48053A3813B46BDE8F041F7F74E
S214023AB03DBE10B50C46B1F90E10F7F713FE421CC8
S214023AC0B4F90C3015BF606523F4805343F4805379
S214023AD0A38118BFA38110BDB1F90E10F7F7F2BD8E
S214023AE002440346934200D1704703F8011BF9E7EC
S214023AF0704770477047062008B5F8F759F9012055
S214023B00EFF727FF9368013B002B10B4936008DAA7
S214023B109469A34201DB0A2903D15DF8044B00F045
S214023B20B4B81368581C1060084619705DF8044B48
S214023B307047F8B506460F461446D518AC4201D172
S214023B40002007E03A4614F8011B3046FFF7DAFF7A
S214023B50431CF3D1F8BD2DE9F047164698468A680D
S214023B6007460B690C46DDF820909342B8BF134611
S214023B70336091F843200AB1013333602368990613
S214023B8042BF336802333360256815F0060506D156
S214023B9004F1190AE36832689B1AAB422BDC94F8EC
S214023BA043302268003B18BF0123920630D404F14A
S214023BB0430241463846C847013023D023681A34A8
S214023BC054F80A2C03F00603042B0ABF54F80E5CC2
S214023BD0002533684FF0000608BFED1A54F8123C71
S214023BE008BF25EAE5759342C4BF9B1AED18B54295
S214023BF01AD1002008E00123524641463846C847FB
S214023C00013003D14FF0FF30BDE8F0870135C1E740
S214023C10E1185A1C30200233224481F8430094F8FB
S214023C20451082F84310C2E7012322464146384631
S214023C30C8470130E6D00136D9E738B50B690546E4
S214023C400C4613B90025284638BD18B1036A0BB9CD
S214023C50F7F70EFDB4F90C30002BF3D0626ED007E6
S214023C6004D4990502D4A06DFFF743FF28462146E7
S214023C70F7F7CAFF636E0546DA07E4D4A3899B0505
S214023C80E1D4A06DFFF736FFDDE7F8B50E46144621
S214023C90054618B1036A0BB9F7F7EAFCA369A360F5
S214023CA0A3891A0701D5236943B921462846F8F79E
S214023CB02BF818B14FF0FF373846F8BD2368F6B236
S214023CC022693746981A6369834205DC21462846EC
S214023CD0FFF7B3FF0028EDD1A368013BA36023687A
S214023CE05A1C22601E70431C62699A4204D0A38941
S214023CF0DB07E1D50A2EDFD121462846FFF79DFFD6
S214023D000028D9D0D6E7884210B501EB020402D9C2
S214023D108442234607D8431EA14207D011F8012B3E
S214023D2003F8012FF8E70244824200D110BD13F8CF
S214023D30011D02F8011DF7E71F2938B505460C4696
S214023D4004D9162303604FF0FF3038BDC26B12B1A0
S214023D5052F821304BB9284600F016F822460146A2
S214023D602846BDE83840F8F72BB8012B0AD0591C74
S214023D7003D1162303600120E7E70021204642F81C
S214023D80241098470020E0E7EFF7E6BDC9B20346E5
S214023D90024410B59342184601D1002003E004788D
S214023DA001338C42F6D110BD0A44431E914200D123
S214023DB0704710B511F8014B914203F8014FF9D143
S214023DC010BD70B50C46B1F90E1096B01546002916
S214023DD01E460ADAA18911F0800113D14FF48062DF
S214023DE0002031602A6016B070BD6A46F7F7FAFF07
S214023DF00028EFDB019901F47041A1F50053594206
S214023E005941EBE700214022EAE78B8973B59E070A
S214023E1005460C4607D504F14703236023610123B8
S214023E20636102B070BD01AB6A46FFF7CAFF009E2F
S214023E3028463146F2F74FFBB4F90C3038B99A05EA
S214023E40EFD423F0030343F00203A381E3E743F036
S214023E5080032060A381019BC4E90406002BE0D006
S214023E60B4F90E102846F7F7CFFF0028D9D0A38959
S214023E7023F0030343F00103A381D2E730B51446CF
S214023E809BB005461A46002C05DA8B2303604FF0DA
S214023E90FF301BB030BD4FF40273009104916946A7
S214023EA0ADF80C304FF00003199314BF04F1FF3342
S214023EB02346029305934FF6FF73ADF80E301E9B12
S214023EC0F8F70EF8431CBCBF8B232B60002CE0D007
S214023ED0009B00221A70DCE710F8012B11F8013B58
S214023EE0012A28BF9A42F7D0D01A7047034611F823
S214023EF0012B03F8012B002AF9D17047034613F869
S214023F00012B002AFBD1181A013870472DE9F04719
S214023F101F468E6882460C46BE429046334653D8AB
S214023F20B1F90C0010F4906F2BD06569236809690B
S214023F3005EB4505A3EB010905EBD5757B1C6D105A
S214023F404B442A46AB4284BF1D462A46430527D524
S214023F5011465046F2F7BFFA064658B34A4621695A
S214023F60FFF722FFA38923F4906343F08003A38123
S214023F7026614E4465613B46A5EB090526603E4632
S214023F80A5601F463A4641462068FFF7BCFEA36876
S214023F9000209B1BA36023683B442360BDE8F08798
S214023FA05046F2F779FF06460028E1D121695046CD
S214023FB0F2F79EFA0C234FF0FF30CAF80030A389BE
S214023FC043F04003A381E9E73E46DBE70220704761
S214023FD0022070470020704701207047002070477B
S214023FE00E207047FAF758BB08461146012200F029
S214023FF079B870B50C4611461A46F8F77FF8059B55
S214024000049E0493456933462046AC46BDE870409C
S214024010604710B5F8F772F8BDE8104083690846A5
S214024020184700F0B6BBF9F743BAF9F74FBC00F0F1
S214024030EFB808B500F088FB002008BD00F0D3B842
S214024040F9F7FCBC70B504460D4616464FF48811C7
S21402405000F028F9324629462046BDE87040FBF7B4
S21402406035B8431E042818BF012B94BF0120002038
S214024070704700F0D5BD4FF4D4720021FFF730BD73
S2140240800846FCF737BD10B50446F9F791FDE8B9C6
S214024090A169D9B1238ACBB1204604F11002F9F7FF
S2140240A0DBFBB8B9E169A9B1638A9BB1204604F18A
S2140240B0120200F0EDFB88B9216A79B1A28A6AB1D0
S2140240C02046E38ABDE8104000F0A7BB0023238207
S2140240D0A361E6E700236382E361ECE70023636102
S2140240E0236210BDF9F7DCBE0A7838B505461046DD
S2140240F0FFF7B7FF60B14C782046FFF7B2FF38B142
S2140241002243530704D42846BDE83840F9F76AB874
S214024110212038BD10B504460878FFF7A2FF58B133
S2140241204A781046FFF79DFF30B1042A04D0204695
S214024130BDE81040F9F774B8212010BD00F072BA3D
S214024140084600F023BD704711B9D0F8E81021B137
S214024150CB6813B18B68D88970474FF6FF707047EB
S21402416010B5F8F7D7F8044608B900F05DFD20460A
S21402417010BDF8F7C1BE00F0A1BAD0F8EC300BB90A
S2140241800E2070474FF6FF72C38D93420B80F7D016
S21402419000207047F8B506460D46F8F7BBF8D8B9C2
S2140241A04FF6FF734FF0240CEF68C1B28F4208D867
S2140241B01C4621463046F8F76BFA00F035FD2046DD
S2140241C0F8BDAA680CFB0122D4899C4202D2002CBC
S2140241D0EFD023460130E8E74FF6FF74EFE7C08DD5
S2140241E0704700F05CBA38B504460D4600F0D2F8C7
S2140241F050B129462046F8F74BFA30B929462046F0
S214024200BDE83840F8F7F2BE0E2038BDFEF774B9A6
S214024210062AF8B504460F4615461E4623D8F8F772
S21402422085FE10B320463946F8F732FA0446A8B996
S214024230012102460846FFF755FF204600F0F2FC31
S214024240FCF728FF3046F8F71FFE062D284607D053
S2140242502923EB40DB0703D5FCF782FF2046F8BD97
S214024260FCF7BCFFFAE72124F8E70224F6E700F0A1
S2140242703BBBF8F7EFBF00F053BA00207047084682
S214024280FBF79ABE00F033BB38B504460D4601F084
S2140242908AFD0023C4F89C50C4F89830BDE8384024
S2140242A001F07CBD38B504460D4601F07CFDD4F81D
S2140242B09C301D40D4F8983023EA0505C4F898507F
S2140242C001F06CFD284638BD73B50D7806460C46DF
S2140242D035B304238DF804302379304601A98DF8CE
S2140242E00530FFF717FF0546B8B92278A37952BB07
S2140242F08DF80430E379304601A98DF80530FFF7D2
S214024300F3FE054648B923783BB161883046F9F793
S21402431057F90121304600F01EFA284602B070BD59
S214024320294600F018FA2946304600F03CFA29469B
S214024330304600F040FA22782379002AC9D18DF857
S21402434004306379C9E702228DF80420D3E700F02F
S2140243502ABA00F038BAF9F767BAFBF77FB9084607
S214024360FBF730BAF9F764B900F031BA0B4610B56C
S21402437014461846A1689288FFF716FDE1680346C0
S21402438031B1A0886288121A92B21844FFF70CFD67
S214024390002010BD0346408A18B1188A003818BF9C
S2140243A0012070470846FBF7DBBE431C08BF00200F
S2140243B0F8F7DEBD10B5044600F06EF820B92046C8
S2140243C0BDE81040F8F764BB10BD00F066BC2DE9EE
S2140243D0FF41984604460E46174601F0EDFC054698
S2140243E02046FFF7E7FF0A9B3A4602930023314630
S2140243F001932046CDF80080F8F798FB044628463D
S21402440001F0D5FC204604B0BDE8F08138B504467C
S21402441001F0D2FC05462046FFF7CCFF2046F8F70F
S21402442063FB0446284601F0C2FC204638BD38B578
S214024430044601F0C1FC05462046FFF7BBFF2046B6
S21402444000F039F80446284601F0B1FC204638BD93
S21402445038B5044601F0B0FC05462046FFF7AAFF31
S214024460204600F02EF80446284601F0A0FC20461E
S21402447038BD70B504460E4601F09EFC0546204641
S214024480FFF798FF31462046F8F79CFB044628467D
S21402449001F08DFC204670BDF8F736BA10B501F073
S2140244A08BFC044600F015F8F8F756FA2046BDE8ED
S2140244B0104001F07CBC024608B5F8F725FA507D9C
S2140244C008BD024608B5F8F71FFA507D80F00100D5
S2140244D008BD00F0E2BBF8F7C5BD00F0ECB800F08E
S2140244E0FFBA00F04FBA022A01D800F071BA2120B2
S2140244F07047022A01D800F07CBA21207047022AAF
S21402450001D800F089BA2120704738B504460D4616
S21402451000F05BFA28B129462046BDE8384000F094
S2140245208BBA022038BD70B504460D46164600F01A
S2140245304CFA30B1324629462046BDE8704000F0BB
S21402454093BA022070BD0E20704738B504460D4659
S21402455000F03BFA28B129462046BDE8384000F074
S214024560AFBA022038BD38B504460D4600F02DFA23
S21402457028B129462046BDE8384000F0A9BA0220F4
S21402458038BDFAF715BC0846FAF730BC03469B8ED0
S21402459008469342114601D3FAF754BC21207047CD
S2140245A000F0ADBAFAF770BC0020704700207047E2
S2140245B07047D0F8A03003F06003402B0DD0602B7C
S2140245C003D0203B58425841704749B10B68012B33
S2140245D006D9486940F00100704740F20110704762
S2140245E0002070470D281CD00F281AD0102818D08B
S2140245F0112816D020F090030D2B11D00F2B0FD0C0
S21402460020F010030D2B0BD00F2B09D020F08003C7
S2140246100D2B05D0A3F10F02022A98BF1846704749
S21402462018467047F7B504461046D4E956C7DDE982
S21402463008268CEA020587EA06010540194085EA43
S2140246400C057940C4E95651002523F4004106EAD8
S214024650010320F0010043F40073024043F002031A
S21402466001950095FEF788FC94F824309A0713D536
S214024670D4F85C319B050FD54FF48811204600F024
S214024680C1FB94F82430024665F3410384F82430D3
S21402469020460B46F8F71EFC002003B0F0BD30B4EF
S2140246A0D0F8A0300A4023EA01031343C0F8A03032
S2140246B030BCF9F7A7BC0220FBF766BF08B5D0F8F6
S2140246C0F0304BB11A68022A06D993F825204AB16F
S2140246D0186AB0FBF2F008BD40F68C324C2100207E
S2140246E0F8F7FCF80020F6E7D0F8F02008B57AB123
S2140246F01368022B0CD9536A13F47F4FC3F30721B6
S21402470006D0126ADBB253438B42B3FBF1F006D2F9
S214024710002040F6AB324C21F8F7E0F8002008BD46
S2140247200346B3F83E2108468A4203D0A3F83E1158
S214024730FBF7D2B80020704790F83C310D2B14BF1F
S21402474090F82B00FF20704708B500F029FBBDE863
S2140247500840FCF7CFBC38B50C464FF4006105465E
S214024760FEF758FF60B16CB195F82A3163B94FF481
S21402477080722846BDE838404FF48071FEF736BF97
S2140247802202F6E72246F4E738BD4FF48071FEF7C0
S21402479041BF10B50023F8F779FD044608B9FDF7C6
S2140247A017FE204610BD08B54A024FF40071FEF708
S2140247B01DFF002008BD08B58A024FF48061FEF78F
S2140247C015FF002008BD4FF40071FEF723BF70B539
S2140247D08D8806460C463DB90B688A689B1A23608C
S2140247E005230020A37170BDF8F7C2FC96F82720B7
S2140247F0EB00023A012A98BF033360B1B3F5803F5B
S21402480009D84FF22441420901FB03220009B2FBF8
S214024810F0F22368E2E70220E5E7B2F5805FF8B53A
S2140248200F460646154619462ED89A422CD33F2ADC
S21402483028D9B2FA82F40122C4F11F03DBB29A40ED
S21402484092B2AA422CBFC4F11904C4F11A04E2B20D
S2140248500124931DDBB29C40A4B2AC4214BF0120DB
S214024860002002D096F8013183B996F8243060F31E
S214024870C71386F824303846FAF70EFD0020376252
S214024880B582F8BD0022E3E72120FAE70E20F8E71A
S21402489070B505460E46144602B313883F2B1DD943
S2140248A0B3FA83F3C3F11901C9B2062901D8192B49
S2140248B012D0062928BF062101238A1DD2B29340B0
S2140248C030462380FAF708FD23882846EE616B827D
S2140248D0FAF78AFD002070BD0021EDE72120FAE7F5
S2140248E00E2070470020704790F82D00704708B5DC
S2140248F00B46062200F59E711846FFF755FA002071
S21402490008BD0429F8B505460C460AD10026F7B2BA
S2140249103846FBF7AFF808B13C4602E00136042EF3
S214024920F5D12046FBF7A6F858B195F83C31A342DC
S21402493009D085F83C4105F59E70BDE8F840FAF7C7
S214024940D1BF2120F8BD0020FCE70022F9F760BCA9
S214024950A0F84A30BDF90030C0F89410A0F84820FC
S214024960A0F84C3000207047F9F78ABD10B51446FF
S21402497008460121FCF70EFA2046BDE81040012148
S214024980FCF708BA70B5044615460E4609B921204A
S21402499070BD130617D400F048F931462046FFF7DB
S2140249A0F9FB4FF6FF739842F1D000F03EF920462D
S2140249B04FF400310022FEF719FE29462046BDE8D4
S2140249C07040F9F767BA0E20E2E78021FEF722BEB2
S2140249D07FB5531C05AA0292022201920022ADF86C
S2140249E0141000921146DBB2FEF71EFE07B05DF809
S2140249F004FB7FB5531C05AA4FF0040C0292022258
S214024A00ADF81410CDE9002C01210022DBB2FEF72E
S214024A100BFE07B05DF804FB1FB54FF0080C531CE5
S214024A200022CDE9002C01220291DBB21146FEF7EC
S214024A30FBFD05B05DF804FB08B50A044FF48031AF
S214024A40FEF7D4FD002008BD07B591F82830009384
S214024A5091F82B3091F8292091F82A10FAF76EF97E
S214024A60002003B05DF804FBF8B514468A07064634
S214024A700D4601F001070CD43FB1A2044FF4802189
S214024A80304602F48022FEF7B1FD6B070FD40020F9
S214024A90F8BD3FB104F00100C4F340038342EBD0FB
S214024AA02120F5E74FF48021FEF7B4FDF4E7A206D5
S214024AB04FF08051304602F08052FEF797FDE6E74F
S214024AC008B50A054FF48011FEF790FD002008BDD8
S214024AD008B5CA044FF40021FEF788FD002008BD81
S214024AE009B141F01001F9F7D5B910B50446F9F746
S214024AF0CBF901462046BDE81040F9F7CBB90029AC
S214024B0014BF212000207047D0F8EC30C3B158699A
S214024B10B0B1531EDBB2FD2B10D9036813F1020F9E
S214024B2008BF4FF0FF33FF2A0B6005D143689A1C7B
S214024B3008BF4FF0FF334B6000207047012AF4E7AE
S214024B402120704738B5054610460C46FAF79EFAFD
S214024B50C5B1D5F8EC30ABB15A699AB1431EDBB297
S214024B60FD2B11D90B685D1C04BF6FF001030B60AF
S214024B701360FF2806D16368591C02D16FF0010347
S214024B8063605360002038BD0128F3E738B5054658
S214024B90FCF7CEFE04460021A878FAF709FB204669
S214024BA038BD2DE9F74F01251C469DF830300646E4
S214024BB001930368174603F0070306339D4005F189
S214024BC0FF380B46A1B1416804EA080BA5EB0B0AB5
S214024BD041F00059524509EB0B0114D952461846CA
S214024BE0FFF7E2F849467A1B5A445044FFF7DCF8CE
S214024BF0019B2BB13C4448EA050804EA0804F46029
S214024C0003B0BDE8F08F1846F0E737B50025144626
S214024C100095FFF7C6FF204603B030BDF9F718BD72
S214024C2000207047002070477047704710B5490053
S214024C3004461AB1032938BF032103392268C9037F
S214024C40B2FA82F314D0B1FA81F01B1A002B0DDDF2
S214024C50C3F10F00012838BF012003F01F03D9401B
S214024C608A4201D201384908216010BD0F20F7E7B9
S214024C700F20F9E7012805D9023818BF4FF0FF3098
S214024C80C0B27047012070470A4690F894109B29DC
S214024C9001D8F9F73FBA2120704708B5FBF7C0FDE7
S214024CA0BDE80840FBF7E4BD38B50446FFF7F5FF5C
S214024CB00546FFF7F2FF431BA342FAD338BD38B5C9
S214024CC00D460446FBF7ACFD35B1844200D90139E6
S214024CD0204601F0030138BD844238BF0131F7E7B0
S214024CE008B50121FFF7EBFFBDE80840FBF7C0BDA2
S214024CF00B0C23F48053B3F5284FF7B50D468FB24D
S214024D00064699B217D04AF60103994215D04AF6DA
S214024D100203994213D0B1F5204F14BF0424032492
S214024D20D6F8EC300BB1196859B9D6F8E83093B911
S214024D30286803B0F0BD0024F2E70124F0E702245D
S214024D40EEE723463A466846FBF7F0FD019B002B4A
S214024D50EBD10098EDE719680029E9D023463A46D8
S214024D606846FBF7E3FD019B002BE1D1F1E700F07B
S214024D70D9BC02044FEA901309D4C3F30903A3F182
S214024D80C8006FF4FF739842B8BF184607E06FEA90
S214024D9083536FEA935313F5007F18B2EFD170472F
S214024DA0012200210320F9F77BB808B51C20F0F792
S214024DB02BF94FF0B042936813F0080F4FF001033F
S214024DC002BF9268C2F303129340B0FBF3F008BD31
S214024DD04FF0384359699A6903F500530A405A61FD
S214024DE070470E207047FDF793BBFDF791BBFDF7AA
S214024DF08FBBFDF78DBB08B50846FDF7C9FF08BD9A
S214024E00FDF786BB38B505460C4600F0CCFFD5F854
S214024E109C301C40D5F898302343C5F8983000F0F3
S214024E20BDFF211E18BF01210020490238BD002007
S214024E3070470139024410B5904201D1002005E0C6
S214024E40037811F8014FA34201D0181B10BD0130A0
S214024E50F2E7000008B5054BD3F87C03FFF7C2F86B
S214024E6000F00300C31E5842584108BD900D0020B2
S214024E70EFF31182302383F31188084B49B1D3F83C
S214024E8090130843C3F8900382F31188BFF36F8F21
S214024E907047D3F8901321EA0000F3E7900D002044
S214024EA0EFF31182302383F31188064BD3F8903345
S214024EB082F31188BFF36F8F1840003818BF0120A5
S214024EC0704700BF900D002008B5E9F7B3FC38B173
S214024ED0044BD3F8940318B103681878C0F3401053
S214024EE008BD00BF900D002008B5E9F7A3FC50B13D
S214024EF0054BD3F8940330B10368188800F0070016
S214024F00C31E5842584108BD900D002008B5064BF6
S214024F10D3F87C03FFF766F8012801D0F3F76EFD9D
S214024F20BDE80840F3F764BD900D002008B5FFF712
S214024F30CBFF00B9FEE700F025FF00B9FEE701212E
S214024F404FF48060FFF794FF00210220FFF790FFE6
S214024F5000214FF48030FFF78BFF00210820FFF777
S214024F6087FFF3F745FD0022014B83F8B52308BD02
S214024F70900D00202DE9F04F4B4DF1B00EAC029093
S214024F80E8F7CAF92146D5F87C03FFF7E8F9B4F842
S214024F9002C0BCF1020F40F2E882274650AE0FCFA5
S214024FA00FC63B68BCF1270F336009D92723A288B6
S214024FB0ADF84231262A82BFADF84431002353931E
S214024FC030AE3146D5F87C0350AAFFF7CFF99DF8EC
S214024FD04271002F00F0C9820DF170080DF1C10078
S214024FE0A368C8F800001B78A8F80430F3F71CFD85
S214024FF000F44050B0F5005F40F0BE82207CE8F737
S2140250002EFA0DF12009009049464046F3F771FD4D
S214025010009B99F808B03BB395F8D97567B1BBF118
S214025020000F23D0BBF1020F18D149461846E8F705
S2140250308FFA471C18BF0127BBF1010F95F8DAA5B6
S21402504095F9DB651BD1E8F7F3FEB9F80030D0F826
S21402505000B0BBF1000F0BD100237DE0B9F80010C1
S2140250600098E8F71DFAE4E7009FE5E75F46E3E706
S214025070BBF806209A4219D0DBF800B0E9E7BBF18C
S214025080020FE9D1E8F7D4FED0F800B0BBF1000F6A
S214025090E2D0082249460BEB0200FFF7CAFE28B10F
S2140250A0DBF800B0F2E700BF900D00209BF804206A
S2140250B09007C2F3400944BF8DF814A04FF00109CF
S2140250C0510717D595F8DC35F31A5BB2002BC0F200
S2140250D0A7817F2E08BF00238221C3EB0323B3FBE5
S2140250E0F1F305A901F80930B9F1000F40F0858205
S2140250F04FF00109130740F1958182228236C6EBF2
S2140251000626B6FBF2F609F1010305AA02F80960C3
S2140251105FFA83F9009B002B9ED0B5F8DD354A4630
S21402512023F4FF43A5F8DD3509F1040385F8DD35E0
S2140251309B2385F8DF35B82385F8E035EA2385F822
S214025140E1350023CA4805A909F1060985F8E235C2
S214025150FEF72AFE5FFA89F34FF0000A13AD5146B6
S214025160222228460DF1110901938DF89FA0FEF721
S214025170B7FC8DF834A089F800A08DF812A0D8F8F4
S21402518000A026AE5046F3F74FFC00F44053B3F5AA
S214025190005F0DF12C0B40F0E881800640F1E581BE
S2140251A059465046F3F74BFC9DF83430002B00F07E
S2140251B0DC81012B06D14FF6FF73BDF82C209A42F4
S2140251C000F0D381D8F800000DF15A01F3F759FC2C
S2140251D0002840F0CA8195F816B0BBF1000F00F027
S2140251E0C481D8F800A05046F3F7A2FC98B149460D
S2140251F04046EAF7FAF9002840F0B78199F80030FD
S214025200052B40F0B28140460DF11201EAF7C5FBCC
S214025210002840F0AA815046F3F706FC8146EAF7DA
S2140252208CF901464846EAF759F9002900F004814C
S21402523003905046F3F7FAFB039BC9F3812900EB70
S2140252404300B9F1020FC0B200F0F180B9F1030FCA
S21402525000F0F080FF2800F088813AF800306B8377
S21402526001236B7798F806302022B3714FF00003C3
S21402527000210DF2411928A8B380C6F80090FEF767
S2140252802FFC7C4B2A7B9DF811102B609DF8123068
S214025290012AA977EB7700F0D680022A0CBF0323F7
S2140252A00023BBF1010F4FEA833300F0CE80BBF13F
S2140252B0020F0CBF03200020003918BF012143EA69
S2140252C0C10343EA802343F4005A4AF0020A002A42
S2140252D040F0BD806A7F002A00F0C48095F8213035
S2140252E00DF1180B03F001034AEA032A4FF4FE03FA
S2140252F051465846CBF80430CBF80090F3F7CCFA78
S2140253001AF4807FBBF80410BBF8063003D14A1C9F
S2140253109A4298BF91B250460393EAF7DFF8002804
S21402532040F0AA80DBF80020039B5846ABF8041036
S2140253300DF15A01CBF80020ABF80630F3F7B8FAB5
S2140253405046EAF7FAF8002840F0A380DBF800108F
S214025350BBF80630BBF804200DF1180B5846069130
S21402536014A9ADF81E30ADF81C20F3F7A1FAAB7FF6
S2140253700699BDF81CA0BDF81EB0D3B1EA7F134350
S2140253800AF10102934528BF01F80A30184628BFE1
S2140253901FFA82FA0393E8F7BDF90138039B1AFA5B
S2140253A080F0834528BF1FFA80FA1846E8F79DF971
S2140253B003462A88032A09D10AF10102934522BF2D
S2140253C095F8200001F80A001FFA82FA02335AFA08
S2140253D083F39B45484628BF1FFA83FAF3F724FB5C
S2140253E0002F5BD040F0100080B28DF84101000A19
S2140253F08DF842014846F3F717FB019B002B50D06D
S21402540040F4007080B2D8F800508DF84101000ACE
S2140254108DF842012846F3F707FBC10544D5FEE79F
S214025420002359E6B9F1000F3FF416AE72E60230D9
S214025430C0B20FE70830FBE700283FF413AF504630
S214025440F3F7F4FA06E702232BE7022034E7022AF0
S21402545003D1BBF1020F3FF43DAF298B6A8B914219
S2140254607FF43CAF43F4015A4AF0020A36E700BF23
S2140254707313002002000020ABF804105846698B14
S214025480F3F70AFADBF80020BBF80410BBF8063084
S2140254904BE75846298BF3F7FFF957E720F0100041
S2140254A0A2E720F40070ADE74846F3F7BDFAC2055E
S2140254B000D5FEE7AB7828468DF84331F3F738FB84
S2140254C070B10DF1130529464046EAF7AEF80028FA
S2140254D04BD130469DF81310A6F804A0EAF786FAD8
S2140254E0019B93B14846F3F79FFA830540D53046B1
S2140254F0A6F804A0EAF7BCF8019A41494844FEF728
S21402550053FC019B53441FFA83FA4846F3F710FBF9
S21402551080B330460099C6F80090A6F804A0EAF7D1
S21402552076FA10BB3068B6F804A0A388EBB1A5687B
S2140255306288013B0135013A9BB2A5606280A38076
S21402554003B9E568F3F7F4FA18B12B7843F00403CD
S2140255502B701FB12B7863F07F032B705246029894
S21402556050A98DF840A1FFF711F871B0BDE8F08F91
S214025570FF20C1E74846D8E795F8D925012F0CBF8A
S21402558000237378002A31D0029850A9FEF7FBFF59
S21402559000282FD1207CE7F762FF0028E5D09DF88F
S2140255A04831032B1BD150A9E7F7D2FF0130DCD0DC
S2140255B00298FEF7E6FFE8B9A388002BD5D0A268CA
S2140255C06188013B013201399BB2A2606180A380EF
S2140255D003B9E268137863F07F031370C5E7022B02
S2140255E0C3D1BDF84011E7F75BFFDFE703F007031F
S2140255F0012BDCE70228B8D0FEE74FF0020989E566
S2140256006D130020174A9368C3F304430C2B0AD881
S214025610DFE803F00B0909090909072119091B1D0F
S2140256201F001148704700207047936803F04073CC
S214025630B3F1807F11D0B3F1007F10D0002B0B485E
S21402564018BF002070470A4870470A4870470A4841
S21402565070470A4870470A4870470A4870470A481F
S214025660704700BF0040015A405DC60000093D0079
S214025670C0EA210180BA8C010048E801005A6202A1
S2140256800024F40080841E0040420F000E49D1F828
S2140256902831A0B10022A3B1834204D183682AB97B
S2140256A0C1F8283103E01A469B68F4E793608368E2
S2140256B01BB15A6941690A445A6100207047222088
S2140256C070470220704700BF103000200A4B1B6F45
S2140256D003F00703013B032B03D8DFE803F00B03B9
S2140256E00609FEE7054B18687047044B5868704772
S2140256F0034870470348704700800050A03F0020D0
S21402570080D54302002D310108B5FFF7DFFF044BB9
S2140257101B6FC3F301330133B0FBF3F008BD00BFC8
S21402572000800050014B5868704700BFA03F002021
S21402573038B5164AD2F8803243F00103C2F88032F6
S214025740134B5B68C3F3080343B14FF0A842D36B15
S21402575013F0430FFBD11424204638BD4FF0A84364
S214025760DC6B14F04304FBD10A4DD5F8E43123B9BF
S214025770042105F5F270E4F78FFAD5F8E431013327
S21402578043F00043C5F8E431E6E700BF008000506E
S21402579000ED00E0103000202DE9F74F002800F061
S2140257A0CB80664B1A68904203D359680A449042EB
S2140257B004D35B6A002BF5D15B69FFDED3E9054CA7
S2140257C0EFF31188302282F3118810F8082C30F893
S2140257D0067CD207A0F1080600D53FB988F31188E7
S2140257E0BFF36F8F012003B0BDE8F08F9968D3F83E
S2140257F010A0A1EBC7010AF1010299601A6130F804
S21402580004EC7D1CBEF1000F00F08C804FEACE0245
S2140258100192A6EBCE0292F800B010F8089C1BF09C
S214025820010F09F002096DD1B9F1000F6DD1B2F87E
S2140258300290B2F806E0AEEB090EBEF1010F71D18E
S2140258400237083907EB0905C3F810A0996030F84B
S21402585002ECBEF1000F69D0D3E9001706EBCE09C1
S2140258603944894562D216F83E104F4611F00101BE
S21402587017D130F8066CAEEB0606012E11D1B9F838
S2140258800260A9F80210B9F806100136354400295C
S2140258904AD009EBC10719690139196199680839B3
S2140258A09960002610F8081C20F8066C21F0010109
S2140258B000F8081C1178013D66F30001558011704E
S2140258C0002F35D0C2F107013944C1F3CF01D18090
S2140258D0B9807CB394422DD86188002908BF14464B
S2140258E0BCF1000F06D0944504D3BCF80210002980
S2140258F018BF6246C3E9054288F31188BFF36F8F6B
S214025900002070E7B9F1000F0CD0019F7544C91B47
S214025910996010F8081C21F0020100F8081C00210A
S214025920918094E7324692E70F46B4E70027B8E73D
S214025930D780CEE71446D3E7222054E7701900201A
S21402594037B5F8B10024C461EFF31185302484F32F
S21402595011880E4CD4F8284114B1A04210D101246B
S21402596085F31188BFF36F8F74B9BDF81C5001958B
S2140259709DF81850009500F06FF9204603B030BD30
S214025980A468E9E72220F9E70320F7E710300020B1
S21402599038B50021044640F2E730054B4FF47A72E0
S2140259A01D680023E4FB0501FDF778FE38BD00BF45
S2140259B08C0D002010B50F4B1A689AB14FF47A710D
S2140259C0531E1342A0FB01010ED1B2FA82F2C2F1BB
S2140259D01F04531CD243E04001FA03F3184321FA92
S2140259E002F20243104610BD0023FDF757FE0246A0
S2140259F0F8E700BF8C0D002030B5104A4161D2F89E
S214025A0028318BB9C2F8280183600CE0491B41613A
S214025A109D681C462B461DB15D698D42F6D92CB198
S214025A20A06083602BB930BD0024F5E7C2F82801D8
S214025A3083605A69521A5A61F5E700BF1030002097
S214025A4010B5EFF31184302383F31188F1F758F879
S214025A50074BD3F8FC114FF0B0435B69DB0702D566
S214025A60F1F74EF8013184F31188BFF36F8F10BD42
S214025A701030002070B52C4CD4F82831002B51D0B1
S214025A8059692A4B002941D0D4F800224FF0B0457C
S214025A90114408229A61EFF3108672B6F1F730F8D5
S214025AA02B6C6A69150704D41A1A032A01D898427D
S214025AB00ED10B1A022B98BFC11C4FF0B043B1F1A6
S214025AC0FF3F38BF01390822196403F580539A61F3
S214025AD0174A304600F062F992F8283043B14FF088
S214025AE0B041CB6B43F00203CB63002382F828302D
S214025AF00023D4F8282184F804322AB1D1888907F1
S214025B0008D5012384F80432002070BD08229A6169
S214025B105A61EDE79268002AF6D051690B44012BD0
S214025B20ECD9F1E72220F0E71030002000100058F0
S214025B30A03F002010B5F0F7E3FF0B4CD4F800327C
S214025B40D4F82811C31A11B9C4F8000210BD002BEC
S214025B50FAD04A699A423ABF9B1A0022D21A4A617E
S214025B6028BF00238968EEE710300020F8B5054606
S214025B7028B3EFF3108672B6FFF7DCFF114B284608
S214025B80D3F82871FFF782FD044620B1304600F0B4
S214025B9005F92046F8BDAF42F8D1FFF76BFF222881
S214025BA0F4D10122084B83F828204FF0B042D36B81
S214025BB023F00303D3630822044B9A61E6E7222408
S214025BC0E7E700BF10300020A03F0020002000586A
S214025BD010B5EFF31184302383F311880C4B0D4A72
S214025BE01B68183B13F1180F04D184F31188BFF316
S214025BF06F8F10BD19680968914202D09B69183BE5
S214025C00F0E71B6953F82030002BEED09847ECE7FC
S214025C10F83100200000045010B50446E8F70AFEEA
S214025C20B0B1B4F5007F4FF001010ED12046FFF768
S214025C301FF900211020FFF71BF900210548FFF786
S214025C4017F9BDE81040F2F7D3BE4FF48050F2E7E2
S214025C5010BD00BF0A0001002DE9F0411F469DF865
S214025C601830164603710023BDF81C20C0E90363F2
S214025C7007608360C28004460D46F0F741FF284461
S214025C80A0613DB96561CEB1394620463346BDE8CE
S214025C90F0411847EFF3108672B6FFF74BFF29461E
S214025CA02046FFF7A9FE064B1B689C4201D1FFF770
S214025CB0E1FE3046BDE8F04100F070B8BDE8F08184
S214025CC0383100204FF4807370B596B002920124EA
S214025CD021220193102303940493059206910794BC
S214025CE00893099201AA0A9206AA0B9204220C921F
S214025CF011220D920AAA0E900F92109340F61103EB
S214025D001193194B12930EAB1393184B149346F63A
S214025D1011031593FFF70CFD1428044620D1EFF368
S214025D20108072B64FF0A8431E681D6900F036F860
S214025D304FF0A843032212A95A63196002A91961F7
S214025D409A63DA6B9207FCD1142C06D1EFF310801B
S214025D5072B61E601D6100F021F8054B5B6801E01B
S214025D600028E5D016B070BDF431002004000020F3
S214025D7000ED00E00846E7F793BA1046E7F790BA58
S214025D800020704708B5E8F755FD20B1BDE8084089
S214025D900820FFF785B808BD0020704710B962B624
S214025DA0BFF36F8F7047EFF3108072B6704780F3C1
S214025DB01188BFF36F8F7047EFF31180302383F3A0
S214025DC011887047012303FA01F1EFF311833022A1
S214025DD082F3118800F5005200F580505165816209
S214025DE083F31188BFF36F8F7047EFF3118230236E
S214025DF083F31188436B82F31188BFF36F8F012000
S214025E0088401840003818BF012070474FF098436A
S214025E105A6CD202FCD5586D00F47020704708B553
S214025E2028B128220021FDF75BFE002008BD2120B4
S214025E30FCE7036A042B9FBF00EB83020133D160A9
S214025E4003627047036A10B5052B15D84FF09842C7
S214025E50116CC902FCD504339B00136503684FF02E
S214025E609844136043681360034653F8081F116092
S214025E700022016A914200D810BD53F8041F013275
S214025E802160F6E708B508B9212008BDFFF7DAFF5A
S214025E90FFF7BCFF0028F8D0B0F5802F17D00BD83C
S214025EA0B0F5003F15D0B0F5403F14D0B0F5803FB6
S214025EB014BF01204820E8E7B0F5202F0DD0B0F53A
S214025EC0302F0CD0B0F5E02FDED00120DDE74B20DE
S214025ED0DBE72A20D9E72C20D7E71020D5E71120C8
S214025EE0D3E7836882B013B9816002B070478368D3
S214025EF00193019B5B68012B019B01D15960F4E77A
S214025F005B68F5E708B5EFF31181302383F3118858
S214025F10F0F7F6FD81F31188BFF36F8F08BD38B531
S214025F200C46EFF31185302383F311881D2836D8EB
S214025F30DFE800F00F17351B1D1F352123353535D9
S214025F40252735292B2D2F3535353533353535353E
S214025F503531FFF7BBFB206085F31188BFF36F8FE7
S214025F6038BD0120EFF750F8F5E70320FAE70420E2
S214025F70F8E70C20F6E70220F4E70620F2E707200F
S214025F80F0E70820EEE70520ECE70920EAE70A201A
S214025F90E8E70D20E6E71020E4E70B20E2E7002022
S214025FA0D9E700000000000000000000000000002A
S214025FB000000000000000000000000000000000DA
S214025FC0F8B500BFF8BC08BC9E467047F8B500BFDF
S214025FD0F8BC08BC9E4670475FF800F0213E0020E1
S214025FE0000000007AFF809F79FF009F73FF809E6B
S214025FF0E13A0200686102000100080048610200FE
S21402600001000800FFFFFFFFFFFFFFFFFFFFFFFF8C
S2140260100000000000000000000000000100000078
S214026020FFFFFFFF4B60D2273E3CCE3BF6B053CC81
S214026030B0061D65BC86987655BDEBB3E7933AAAC3
S214026040D835C65A512563FCC2CAB9F3849E17A72F
S214026050ADFAE6BCFFFFFFFFFFFFFFFF00000000F8
S214026060FFFFFFFF96C298D84539A1F4A033EB2D67
S214026070817D0377F240A463E5E6BCF847422CE153
S214026080F2D1176BF551BF376840B6CBCE5E316B97
S2140260905733CE2B169E0F7C4AEBE78E9B7F1AFE5B
S2140260A0E242E34F0100000014DEF9DEA2F79CD6BE
S2140260B05812631A5CF5D3ED386202001C620200C5
S2140260C0006202000000000002000000F861020008
S2140260D003000000F061020004000000E861020014
S2140260E005000000E061020006000000D861020020
S2140260F007000000D06102000E000000C861020026
S2140261000F000000C061020010000000B86102002B
S21402611026000000B061020027000000A86102000D
S21402612028000000A0610200290000009861020019
S2140261302A000000906102002B0000008861020025
S21402614000000000000000005F9C95BCA3508C2459
S214026150B1D0B1559C83EF5B04445CC4581C8E8658
S214026160D8224EDDD09F1157E0EB7A7C3B41B8AE89
S2140261701656E3FAF19FC46ADA098DEB9C32B1FD3A
S214026180866205165F49B800B683020070942B0536
S214026190CA83020070932A05DE83020070922905E4
S2140261A0F283020070842805FE83020070832705AE
S2140261B00A840200708226051684020070641009A2
S2140261C02284020070630F092E84020070620E0998
S2140261D03A840200902407004684020090230600B8
S2140261E052840200902205005E840200101404000D
S2140261F06A84020010130300768402001012020062
S2140262000200000000000000000000000000000085
S2140262100000000000000000000000000200000075
S21402622000000000000000005DB200005DB2000049
S214026230F56900001B9C000002000000996A00003D
S21402624059D10000AF6A0000B36A00000F6A00006E
S2140262509D6A000013B779FAC925DDB7ADF3CFE022
S214026260F1B614B80102000000000000FFFFFFFFB5
S2140262700200000001000000000000000000000014
S2140262800000000000000000000000000000000007
S21402629000000000000000000000000000000000F7
S2140262A00000000010141400101C2030401C2000B7
S2140262B0001C203040000000D80A0020DFD3000077
S2140262C0E1D20000D7D200001DD4000025D3000082
S2140262D019D30000523000523100523200523300BD
S2140262E052340052350052360052370052380052AD
S2140262F039005231300052313100523132005231BF
S21402630033284C5229004D535000505350005043EE
S2140263100078505352004D535020757365640050F8
S214026320535020757365640043535441434B2062B7
S2140263306F74746F6D00494353520053484353526F
S21402634000494E545F4143544956453000494E5425
S2140263505F4143544956453100434653520048462E
S21402636053520044465352004D4D41522F4246412D
S21402637052004146535200526574300052657431E1
S21402638000526574320052657433005265743400EC
S2140263905265743500446174300044617431000003
S2140263A0505341004B455900534C2D4F50454E54C7
S2140263B048524541442F332E312E312E305F4769E5
S2140263C0744875622D6662323734656665363B20E0
S2140263D045465233323B20536570203134203230EA
S2140263E032362030393A30333A303000000000007E
S2140263F077000000000000007000000000000000AF
S2140264000100000060000000000000000100000023
S21402641061000000000000000100000063000000B0
S2140264200000000001000000410000000000000023
S2140264300100000043000000000000000100000010
S21402644048000000000000000100000047000000B5
S21402645000000000010000000D1500000000000012
S21402646001000000520000000000000001000000D1
S2140264705A00000000000000010000005B0000005F
S21402648000000000010000004200000000000000C2
S21402649001000000490000000000000001000000AA
S2140264A0000000000B0000000100000000000000D9
S2140264B00E0000000100000000000000680000005E
S2140264C00000000030000000000000000000000095
S2140264D0660000000000000001000000210000002D
S2140264E0000000000100000036000000000000006E
S2140264F0010000004400000000000000010000004F
S21402650045000000000000000100000046000000F8
S21402651000000000010000004B0000000000000028
S214026520010000004C000000000000000000000017
S2140265302200000000000000010000000D1900000B
S21402654000000000010000003E15000000000000F0
S21402655000000000710900000000000000000000BA
S214026560AD88020021F0000000000000B58802009D
S2140265701FDC000000000000B888020097DE000062
S21402658000000000BD880200352F01000000000058
S214026590C288020025DD000000000000C888020054
S2140265A009DF000000000000D68802004DDF000070
S2140265B000000000A6840200B1D600000000000021
S2140265C0AC840200C1D6000000000000E68802008B
S2140265D059DC0000000000009E870200BBDA0000C3
S2140265E0A987020019DB00000810000085140100CC
S2140265F00000000004130000A5D9000000000000FF
S21402660005130000950101000000000008100000BC
S2140266100D150100000000000413000041D900001F
S214026620000000000513000039020100000000000F
S2140266300000000087E100000000000001000000EA
S2140266408FE1000000000000020000009509010032
S2140266500000000003000000ABE1000000000000A4
S21402666004000000B1E10000000000000500000088
S214026670B7E1000000000000060000006BE000002A
S214026680000000000700000095E000000000000087
S2140266900800000035E200000000000009000000CB
S2140266A081E10000000000000C0000009DE00000F8
S2140266B0000000000D0000008DE000000000000059
S2140266C020000000ADE200000000000021000000F3
S2140266D0D9DF000000000000220000003DE00000BC
S2140266E00000000023000000BD08010000000000BA
S2140266F024000000D1170100000000002500000061
S214026700E1170100000000002600000081EE0000F4
S2140267100000000027000000A7E0000000000000C4
S2140267202900000045E00000000000002A000000EA
S21402673005180100000000002C0000001D180100D2
S21402674000000000300000004DE0000000000000E5
S2140267503100000037E000000000000032000000B8
S214026760810801000000000034000000A1E20000E1
S214026770000000003500000077080100000000005D
S214026780360000006D08010000000000370000001F
S214026790BDE200000000000038000000E5DF000057
S2140267A000000000B00000001BE200000000000035
S2140267B0B100000021E20000000000000208000014
S2140267C00D2801000000000004080000FDDF0000A4
S2140267D0000000000508000005E0000000000000C0
S2140267E000090000B7E00000000000000B120000E5
S2140267F027E20000000000000C120000351801001D
S214026800000000000D120000CDE2000000000000B3
S21402681003130000D5E20000000000000040000064
S214026820D5D800000000000001400000AFE00000E4
S2140268300000000002400000D7D800000000000060
S214026840034000005B090100000000000202030092
S2140268500000FFFFFFFF00000000FFFFFFFFFFFF3B
S214026860FFFFBCE6FAADA7179E84F3B9CAC2FC6363
S2140268702551000000000450010000000000000046
S214026880000000000000000008080000F43F00209E
S2140268900000000000000100E1190000E1190000FC
S2140268A00000000000000000193F0106041001006D
S2140268B00001010600102700000900000000000089
S2140268C0000000001400000066666600000000007B
S2140268D0A868020098680200000A0000001A9A00DF
S2140268E0005A620280841E000420000011495002F1
S2140268F00000000000000000000000000000000091
S21402690000000000B1841E0000000000000000002D
S214026910000000000000000014000000666666002A
S21402692000000000A868020098680200000000004C
S214026930001A9A00005A620280841E000420FE009A
S2140269401149500200000000000000000000000094
S2140269500000000000000000B1841E0000000000DD
S214026960000000000000000000000000FC1F010301
S214026970C46802001CC0011000F807001CC00130E9
S214026980F502080050C001008741300C2440060181
S21402699007C04200000000000000000000000003E4
S2140269A00000000020380000584001016402FF0089
S2140269B0804005015C02A0089BC34A74F0030000F5
S2140269C00000000000000000E0400101730000002B
S2140269D0F040040111010000640483078813C83ADA
S2140269E09C200A0028410101031000003C410B01D3
S2140269F00000000000000000000000000000000090
S214026A00000000000000000001000000000000007E
S214026A100000000000000000000000003C420101EF
S214026A2000000000A0800201D5C00000D5C0000012
S214026A30A8800111F0010000A880013105228D0016
S214026A40AC800111F0010000AC80013105228D00FE
S214026A50B080010137000001FFFFFFFFA06D0200BA
S214026A6000000000FC1F0103186902001CC0011090
S214026A7000F807001CC001301402080050C00100D4
S214026A808741300424400601070062003870000087
S214026A9000000000000000030068010F40B8244018
S214026AA058400101FC006900804005012363E011A3
S214026AB09BC34A74F003000003800000BE0A000075
S214026AC0E040010133000000F0400401590B0000D1
S214026AD0640483078813C83A90200A0028410101FB
S214026AE0001E00003C410B0100148C00141A2128E1
S214026AF02E343B42495043557698BA0C286900001A
S214026B00010000000721286414171A002004C8692F
S214026B10A1203A093C42010129000000A08002019E
S214026B2070780300D5C00000A8800111F0010000B3
S214026B30A88001310542CB01AC800111F0010000B2
S214026B40AC80013105228D00B080010100030002F5
S214026B50FFFFFFFF6C6902004063598F404B4C00F9
S214026B600B000B001A00FF7FEC3F00200000000025
S214026B70606A020000000000646A02004063598FE7
S214026B80404B4C000B000B001A00FF7FEC3F00202E
S214026B9000000000606A0200000000000C400200D4
S214026BA0018014007F400000204002000000000028
S214026BB00000000030400700000000000000000057
S214026BC000000000000000000000000000000000BE
S214026BD0A007000050400100000000005C400200D8
S214026BE00000000000000000A840010007000000AE
S214026BF0B440040000400000FF4C000000410000CA
S214026C00FF4D000008C001000000000020C0011077
S214026C10FF00000020C001300043000024C0040032
S214026C20EC80B3034375A802000000002E020000A9
S214026C3054C003000E2D09E654060708D1B602001A
S214026C4064C008000430000040201006C8F248184D
S214026C501FE8F600BD4B721511A3180510325476C4
S214026C60980A000088C00100000000000800010128
S214026C7004070000180001010000000020000101C6
S214026C80088400001C4002011000000020F91304D2
S214026C905C4005014108000001000000B007080042
S214026CA0A700000000000000944007010101103018
S214026CB050707F7F0000000000000000000000000F
S214026CC00000000000000000E44001010000000097
S214026CD0EC4001017DA8D98B004102010061200031
S214026CE0B75635120C410301F9541200203004291C
S214026CF088BB40002441010100000000304103012E
S214026D006406660C0C010000E853FA0068410301B1
S214026D1064048307881382000000000030420301E7
S214026D20000000000000000E0000000044420101C6
S214026D3000000000108001010300000038800201FC
S214026D4011491000010000009C800101EB40020086
S214026D50B48001013700000188000202000C000422
S214026D604C0000009400010200040000D40001025E
S214026D7090029608E40001023D094204180101024D
S214026D8060005102FFFFFFFF9C6B02000000000044
S214026D90546B0200010000000000000000F04902EF
S214026DA09C6B020000000000786B020001000000ED
S214026DB00000000000F04902886D0200A06D02008B
S214026DC001000000010000000100000001000000B8
S214026DD001000000010000000200000002000000A6
S214026DE00200000002000000030000000300000092
S214026DF0040000000400000005000000050000007A
S214026E00060000000700000008000000090000005D
S214026E100A0000000C0000000D0000000F00000039
S214026E201100000013000000160000001900000008
S214026E301C000000200000002400000029000000C2
S214026E402C000000340000003B000000430000005D
S214026E504E000000590000006A0000008200000098
S214026E6097000000193401003134010091530100EB
S214026E704D3401006136010061370100AB37010075
S214026E800104010303060105010501090600060BBC
S214026E900000070B050B00000000000000000000C9
S214026EA0000000000100A0020202020264000000CC
S214026EB0B6000000640000000001000000000000B0
S214026EC000000000000000000B000000736C5F6F03
S214026ED0745F6372656174655F696E7374616E6315
S214026EE06500000000000000010004000100100020
S214026EF004000200200024000300400044000400B6
S214026F00000004000500000007000000B7D80000DB
S214026F100000000020000000090E01000000000032
S214026F20210000003B1401000000000024000000C5
S214026F301711010000000000250000003D110100AD
S214026F40000000002A000000851101000000000079
S214026F502B0000009F110100000000002C00000022
S214026F60BBD800000000000030000000110F010036
S214026F700000000031000000CB0E010000000000FF
S214026F8032000000AFD8000000000000340000000D
S214026F9045030100000000003500000069E900001A
S214026FA0000000003600000009E9000000000000B2
S214026FB037000000590D01000000000038000000F4
S214026FC0810E0100000000003B000000270D0100BA
S214026FD0000000003C000000D3D9000000000000C2
S214026FE03D0000002528010000000000B20000005D
S214026FF0E5E200000000000000080000B3150100F2
S2140270000000000001080000391301000000000023
S21402701003080000F70F010000000000000900004E
S214027020C90F0100000000000D120000A10D0100B2
S2140270300000000003130000CD0D01000000000058
S21402704004130000AFDC000000000000051300007F
S214027050C50101000000000003400000D9D800006E
S2140270600000000050C300001C250000F4010000D0
S214027070F401000050C300007C150000DC0500008F
S214027080DC050000F5DA02001C250000F401000011
S214027090F4010000E5BF00001C250000F40100001A
S2140270A0F4010000193F0106041001000001010668
S2140270B000102700000C0000000000000000000086
S2140270C0140000000000400000000000A47002004F
S2140270D06470020000000000082F86000048E801E5
S2140270E040420F000101000011495002000000005A
S2140270F00000000000000000000000000000000089
S2140271002A420F00000000000000000000000000FD
S21402711000000000140000000000800000000000D4
S214027120A47002007470020000000000004786008F
S2140271300048E80180841E00010100001149500247
S2140271400000000000000000000000000000000038
S2140271500000000055841E00000000000000000031
S2140271600000000000000000140000000000800084
S21402717000000000A47002008470020000000000FC
S214027180802596000048E80140420F0001080000F2
S214027190114950020000000000000000000000003C
S2140271A000000000000000003E420F000000000049
S2140271B000000000000000000000000014000000B4
S2140271C00000800000000000A4700200947002001C
S2140271D000000000802596000048E80140420F00AB
S2140271E001020000114950020000000000000000E9
S2140271F00000000000000000000000003E420F00F9
S2140272000000000000000000000000000000000077
S21402721003010000FC1F0103C07002003C40010095
S2140272200000000048400100A00700005040010096
S214027230000000005C4002000000000000000000A9
S214027240B4400100FF4C000054C001000E2D09E6B8
S21402725020400401000000861FC0010000600000FC
S2140272600080000058400401180005008008000055
S214027270090000009100040080400C018C000C0004
S21402728000000000130022000000000000000000C2
S2140272900002050D1C2F42536269686053402E1F80
S2140272A0918220846745332212490200EC4007018E
S2140272B090382CAC000000005A10080AD007CA4AC0
S2140272C051104800F9541E804737414A10410201C6
S2140272D030194A0589BB400028410101FFFF000022
S2140272E030410901F15004430C010000E853FA0052
S2140272F00000080010161C22282E343A404621436D
S2140273006587A90B0000C0B4684103015A10080A39
S214027310D0074104C1030000304202018993A30F43
S2140273205EC25D0EA080020170780300D0000000ED
S214027330A8800111F0010000A88001310542CB01AE
S214027340AC800111F0010000AC800131053EFD0069
S214027350FFFFFFFF03020000FC1F0103147102007F
S2140273603C4001000000000048400100A007000069
S21402737050400100000000005C40020000000000D7
S21402738000000000B4400100FF4C000054C00100A1
S2140273900A2D09E620400401000000061FC0000076
S2140273A00060000000D03200584004016402FF0072
S2140273B080080000010000001100080080400C0157
S2140273C00804000000000000D903220000000000AC
S2140273D0000000000102071121374B5A6769625408
S2140273E04029150500008020434433332392A42409
S2140273F0EC40070190382CAC0000000064048307C0
S2140274008813C83A9D200A00016120804737414A06
S214027410104102012A144A0289BBC00A284101010E
S214027420FFFF0000304109016406660C0C010000F3
S214027430E853FA000000080012181E242A30363CD0
S214027440424821436587A90B0000E0C46841030156
S2140274506404830788138200C108000030420201D8
S21402746045966B105C22670EA080020170780300BE
S214027470D5C00000A8800111F0010000A8800131EB
S2140274800542CB01AC800111F0010000AC80013155
S21402749005228D00FFFFFFFF03030000FC1F010310
S2140274A0687102003C4001001000000048400100E4
S2140274B02007000050400100000400005C4002006B
S2140274C00D0F000001010000B440010003C00100DE
S2140274D054C001000E2D09E620400401300000468B
S2140274E01FC8010000200010008000005840040160
S2140274F018000500400800000900000092000A007B
S21402750080400C018C002C020000000012001200C9
S2140275105B808C1B000000000002050E1C2F4353EC
S214027520626968615543320416E4B8C68A67453311
S214027530224A9204EC40070180B0B18C00000000A1
S214027540640483078813C83A9C200A0001612080DD
S214027550B756351210410201A01B042908884000C4
S2140275602841010100000000304109016406660C52
S2140275700C0100004CD4E83B04196F30080E141AB4
S21402758020262C32383E10325476980A1D5F0000B0
S2140275906841030164048307881382000000000028
S2140275A030420201000000000008000EA080020126
S2140275B070380300D0000000A8800111F00100001E
S2140275C0A8800131055AFD01AC800111F0010000CE
S2140275D0AC800131053EFD00FFFFFFFF0304000003
S2140275E0FC1F0103BC7102003C40010010000000B9
S2140275F0484001002017000050400100010400002E
S2140276005C4002000D0F000001010000B4400100C2
S21402761003C0010054C001000E2D09E620400401FB
S214027620300000461FC80100002000100080000045
S2140276305840040118000500400800000900000038
S21402764092000A0080400C018C002C020000000010
S214027650120012005B808C1B000000000002050E68
S2140276601C2F4353626968615543320416E4B8C658
S2140276708A674533224A9204EC40070180B0B18CF7
S21402768000000000640483078813C83A9C200A009E
S21402769001612080B756351210410201A01B042951
S2140276A0088840002841010100000000304109011D
S2140276B06406660C0C0100004CD4E83B04196F30DB
S2140276C00A10161C22282E343A4010325476980A93
S2140276D01D5F80A468410301640483078813820047
S2140276E00000000030420201000000000008000E08
S2140276F0A080020170380300D0000000A8800111AB
S214027700F0010000A8800131055AFD01AC8001118C
S214027710F0010000AC800131053EFD00FFFFFFFFD7
S21402772014720200809C2B8F80841E0000000000D2
S2140277302700FF7F084000200000000010720200B1
S2140277400000000058730200809C2B8F80841E006D
S214027750000000002200FF7F08400020000000001A
S214027760547302000000000058730200809C2B8FA6
S21402777080841E00000023002300B600084000207C
S214027780000000005473020000000000587302005C
S214027790809C2B8F80841E000000240024009D0005
S2140277A008400020000000005473020000000000A1
S2140277B058730200809C2B8F80841E0000002500D8
S2140277C025007D00084000200000000054730200DF
S2140277D00000000058730200809C2B8F80841E00DD
S2140277E0000026002600530008400020000000008B
S2140277F0547302000000000058730200809C2B8F16
S21402780080841E00000027002700FF7F084000201B
S2140278100000000054730200000000009C74020086
S214027820809C2B8F80841E00000000002700FF7FB4
S21402783008400020000000009874020000000000CB
S214027840E0750200809C2B8F80841E0000000000E2
S2140278502700FF7F0840002000000000DC750200C1
S214027860000000000C4002000181010000410000FF
S214027870204002000000000001000000304003002B
S214027880000000000000000000000000404002006F
S2140278900000000000000000A840010007000000F1
S2140278A0B8400300FF4C0000FF4D0000FF4D0000F3
S2140278B008C00100000000001CC0011000F807000C
S2140278C01CC00130F502080020C00110FF000000B5
S2140278D020C001300013000024C00400EC80B30373
S2140278E04375A802000000002E02000050C00100EE
S2140278F08741300C58C0020054060708D1B6020071
S21402790064C008000430000040201006C8F2481880
S2140279101FE8F600BD4B721511A3180510325476F7
S214027920980A000088C0010000000000080001015B
S2140279300807000018000101AAAAAA0020000101F7
S2140279400060DA001C400101100000003040030114
S2140279500000000300000000000000006840020172
S2140279602941767100000000E04002013300000069
S214027970000000000C410101B8551200244101012B
S2140279800000000054410501010000000000000054
S2140279900000000000000000000000003842020163
S2140279A00000000000000000444201010000000048
S2140279B01080010103000000388002011149100006
S2140279C0010000009C800101EB400200B080020131
S2140279D0000300023700000188000202000C0004C7
S2140279E04C0000009400010200040000D4000102D2
S2140279F090029608E40001023D09420418010102C1
S214027A0060005102FFFFFFFF0000000000000000C0
S214027A10000000000000000050C300007C150000BB
S214027A20DC050000DC050000193F01060410010019
S214027A300001010600102700000C000000000000F4
S214027A4000000000140000006666660000000000E9
S214027A50A8680200087A020000000000001A9A00D5
S214027A60005A620280841E000420FE001149500261
S214027A7000000000000000000000000000000000FF
S214027A8000000000B1841E0000000000000000009C
S214027A900000000000000000140000006666660099
S214027AA000000000287A0200187A02000000000097
S214027AB000478600005A620280841E000101000010
S214027AC01149500200000000000000000000000003
S214027AD0000000000000000041841E0000000000BC
S214027AE0000000000000000000000000140000007B
S214027AF06666660000000000A86802009868020039
S214027B00000C0000001A9A00005A620280841E00CE
S214027B10042000001149500200000000000000008E
S214027B20000000000000000000000000B1841E00FB
S214027B30000000000000000000000000000000003E
S214027B40FC1F0103987A02000C4002000CB11100DF
S214027B50004100003040040025080000000100003B
S214027B60FF00000001030100504001000B0000006E
S214027B705C4002000F0D000001010000B44004004A
S214027B8001400000FF0C000001410000FF0D000054
S214027B901CC0011000F807001CC00130F5020800E6
S214027BA020C00110FF00000020C0013000130000BA
S214027BB050C001008741300C080001010E1700007A
S214027BC018000101FFFFFFFF200001012083B8ED2E
S214027BD01C40080110000000000000041FC0010045
S214027BE00030000000100A00000000030000000041
S214027BF000000000584006016402FF004108000031
S214027C0001000000120008007C4E78AB0000000065
S214027C1080400C013200AC0800000000DF032A009E
S214027C2000000000000000000102071121374B5A35
S214027C3067696254402915050000802043443333A7
S214027C402392A424EC40050190A8578B0000000064
S214027C50640483078813C83A9C200A002441020160
S214027C6000000000000000003C410B010000000084
S214027C7000000000000000000000000000000000FD
S214027C8000000000000000000000000000000000ED
S214027C9000000000000000003C420101000000005D
S214027CA0FFFFFFFF03000000FC1F0103987A02009B
S214027CB00C4002000CB111000041000030400400EC
S214027CC02508000000010000FF0000001407010064
S214027CD0504001000B0000005C4002000F0D000047
S214027CE001010000B440040001400000FF0C000047
S214027CF001410000FF0D00001CC0011000F8070043
S214027D001CC00130F502080020C00110FF00000070
S214027D1020C001300013000050C001008741300C23
S214027D20080001010E17000018000101FFFFFFFF07
S214027D30200001012083B8ED1C400801100000005D
S214027D40000000041FC001000030000000100A00FE
S214027D50000000030000000000000000584006017A
S214027D606402FF0041080000010000001200080043
S214027D7083B187540000000080400C013200AC083A
S214027D8000000000DF032A000000000000000000E0
S214027D900102071121374B5A6769625440291505BB
S214027DA000008020434433332392A424EC40050190
S214027DB090A8578B00000000640483078813C83A13
S214027DC09C200A002441020100000000000000007E
S214027DD03C410B0100000000000000000000000013
S214027DE0000000000000000000000000000000008C
S214027DF0000000000000000000000000000000007C
S214027E003C42010100000000FFFFFFFFFC1F0103D0
S214027E10447A02000C400200018014007F400000F9
S214027E2030400400000000000000000000000000D7
S214027E300000000050400100000000005C4002000C
S214027E400000000000000000A8400100070000003B
S214027E50B440040000400000FF4C00000041000057
S214027E60FF4D00001CC0011000F807001CC00130C6
S214027E701402080020C00110FF00000020C00130DC
S214027E800043000050C00100874130040800010191
S214027E900407000018000101000000002000010194
S214027EA0088400001C4008011000000020F913049A
S214027EB007026200387000000000000000000003A5
S214027EC00068010F40B8244058400601FC006900D3
S214027ED04108000001000000B0070800A7000000EB
S214027EE02F00000080400C012363E0119BC34A74FC
S214027EF0F003000003800000BE0A000001011030FB
S214027F0050707F7F000000000000000000000000AC
S214027F100000000000000000EC4005017DA8D98B9F
S214027F20590B0000640483078813C83A90200A009D
S214027F302441020100000000001E00003C410B012B
S214027F4000148C00141A21282E343B424950435503
S214027F507698BA0C28690000010000000721286400
S214027F6014171A002004C869A1203A093C420101EC
S214027F7029000000FFFFFFFF05020000FC1F0103AF
S214027F80EC7A02001CC0011000F807001CC0013089
S214027F90F502080050C001008741300C244006015B
S214027FA007C05200000000000000000000000003AE
S214027FB00000000000000000584001016402FF00BB
S214027FC0804005014B01A0089BC34A74F0030000E1
S214027FD00000000000000000E04001013300000045
S214027FE0F040040100000000640483078813C83AC6
S214027FF09C200A0028410101031000003C410B01AD
S2140280000000000000000000000000000000000069
S2140280100000000000000000010000000000000058
S2140280200000000000000000000000003C420101C9
S21402803000000000A080020170780300D5C0000096
S214028040A8800111F0010000A88001310542CB0191
S214028050AC800111F0010000AC80013105228D00D8
S214028060B080010100030002FFFFFFFF0C7E02004A
S2140280704063598F404B4C000B000B001A00FF7FE9
S214028080EC3F002000000000606A020000000000D2
S214028090407B02004063598F404B4C001B001B0084
S2140280A02A00FF7F1040002000000000A47C02008F
S2140280B0000000000C7E02004063598F404B4C00CB
S2140280C00B000B001A00FF7FEC3F002000000000B0
S2140280D0606A020000000000A87C02004063598F1C
S2140280E0404B4C001B001B002A00FF7F1040002064
S2140280F000000000A47C02000000000020400200F5
S21402810000000000000000004040030000000000E5
S21402811000000000A007000008C0010000000000E8
S21402812024C00400EC80B3034375A80200000000DC
S2140281302E02000054C003000E2D09E6540607085E
S214028140D1B6020064C008000430000040201006C9
S214028150C8F248181FE8F600BD4B721511A31805A1
S21402816010325476980A000088C001000000000011
S214028170E04002013300000000000000004102015E
S21402818000612000B75635120C410301F954120063
S2140281902030042988BB4000304103016406660C87
S2140281A00C010000E853FA006841030164048307E7
S2140281B08813820000000000304203010000000025
S2140281C00000000E00000000444201010000000012
S2140281D010800101030000003880020111491000DE
S2140281E0010000009C800301EB400200707803004F
S2140281F0D5C00000A8800111F0010000A88001315E
S2140282000542CB01AC800111F0010000AC800131C7
S21402821005228D00B0800201000300023700000133
S21402822088000202000C00044C00000094000102C8
S21402823000040000D400010290029608E400010245
S2140282403D0942041801010260005102FFFFFFFFD0
S2140282507C7F02004063598F404B4C000B000B00A2
S2140282601A00FF7FEC3F002000000000787F02002B
S2140282700000000064780200000000002077020080
S214028280010000000000000000F0490274820200B3
S2140282906478020000000000447702000600000036
S2140282A00000000000F0490290820200647802009A
S2140282B0000000001C780200010000000000000020
S2140282C000F04902AC82020064780200000000005E
S2140282D040780200010000000000000000F04902A1
S2140282E0C8820200FC80020000000000B480020087
S2140282F0020000000000000000F04902E4820200D2
S214028300FC800200000000006C80020002000000F8
S2140283100000000000F049020083020020830200F1
S2140283209C6B020000000000508202000100000068
S2140283300000000000F0490220830200012C2066A3
S214028340756E6374696F6E3A20006173736572743A
S214028350696F6E2022257322206661696C65643A15
S2140283602066696C6520222573222C206C696E6556
S214028370202564257325730A00232D302B200068E0
S2140283806C4C0065666745464700303132333435FB
S2140283903637383941424344454600303132333469
S2140283A0353637383961626364656600554E444532
S2140283B046494E4544004145532D3235362D4343FA
S2140283C04D2A2D4E4F2D544147004145532D3139EC
S2140283D0322D43434D2A2D4E4F2D544147004145E1
S2140283E0532D3132382D43434D2A2D4E4F2D5441B5
S2140283F047004145532D3235362D43434D00414506
S214028400532D3139322D43434D004145532D3132E0
S214028410382D43434D004145532D3235362D4743C3
S2140284204D004145532D3139322D47434D004145CC
S214028430532D3132382D47434D004145532D3235A9
S214028440362D434243004145532D3139322D4342A6
S21402845043004145532D3132382D434243004145B6
S214028460532D3235362D454342004145532D313981
S214028470322D454342004145532D3132382D454376
S2140284804200656E61626C650064697361626C6568
S214028490006661696C65640D0A7374617475732095
S2140284A02523780D0A0073746172740073746F70FA
S2140284B00066616C73650075696E7431365F742090
S2140284C06F743A3A5370696E656C3A3A42756666EC
S2140284D065723A3A47657444697374616E636528D7
S2140284E0636F6E73742075696E74385F742A2C20FD
S2140284F0636F6E73742075696E74385F742A2C20ED
S214028500446972656374696F6E2920636F6E737453
S214028510002F6F70742F73696C6162732F73646BB4
S214028520732F73696D706C69636974795F73646BBA
S2140285305F323032362E362E312F6F70656E74688B
S214028540726561645F737461636B2F7574696C2FF7
S21402855074686972645F70617274792F6F70656E89
S2140285607468726561642F7372632F6C69622F730D
S21402857070696E656C2F7370696E656C5F62756686
S2140285806665722E637070002D6E007C20537461D7
S21402859072744368207C20456E644368207C2054B5
S2140285A06172676574506F776572207C20416374D0
S2140285B075616C506F776572207C20526177506FC0
S2140285C077657253657474696E67207C0D0A2B2D6D
S2140285D02D2D2D2D2D2D2D2D2B2D2D2D2D2D2D2DC6
S2140285E02B2D2D2D2D2D2D2D2D2D2D2D2D2D2B2DB8
S2140285F02D2D2D2D2D2D2D2D2D2D2D2D2B2D2D2DA6
S2140286002D2D2D2D2D2D2D2D2D2D2D2D2D2D2B0DB5
S2140286100A00FFFFFFFFFFFFFFFF002C200025736D
S214028620203D2030782530386C7825730075696EC9
S21402863074385F742A206F743A3A5370696E656CA8
S2140286403A3A4275666665723A3A47657455706498
S214028650617465644275665074722875696E743802
S2140286605F742A2C2075696E7431365F742C204430
S2140286706972656374696F6E2920636F6E73740026
S2140286806E756D5365676D656E7473203C3D206B29
S2140286904D61785365676D656E74730075696E74A7
S2140286A031365F74206F743A3A5370696E656C3A6D
S2140286B03A4275666665723A3A4F75744672616DED
S2140286C0654765744C656E6774682829006D577235
S2140286D0697465446972656374696F6E20213D2012
S2140286E06B556E6B6E6F776E006F744572726F723B
S2140286F0206F743A3A5370696E656C3A3A42756600
S2140287006665723A3A496E4672616D654170706589
S2140287106E642875696E74385F742900656E6162CE
S2140287206C65640064697361626C656400666169A5
S2140287306C65643A20636F6D6D616E64207374724B
S214028740696E6720636F6E7461696E7320746F6FF3
S214028750206D616E7920617267756D656E74730D3A
S2140287600A0072637000646961676E6F737469638E
S21402877073206D6F64652069732025730D0A00648B
S2140287806961676E6F7374696373206D6F646520C9
S21402879069732064697361626C65640D0A006164C2
S2140287A064722D6D61746368006175746F2D616308
S2140287B06B0064696167206665617475726520275F
S2140287C0257327206973206E6F7420737570706F1F
S2140287D0727465640D0A006661696C65643A2063AA
S2140287E06F6D6D616E6420737472696E6720746F4C
S2140287F06F206C6F6E670D0A0030006F74457272E0
S2140288006F7220726164696F5363686564756C6524
S21402881052782875696E74385F742C2075696E7488
S21402882033325F742C2075696E7433325F7429009C
S2140288302F6F70742F73696C6162732F73646B731E
S2140288402F73696D706C69636974795F73646B5FAB
S214028850323032362E362E312F6F70656E74687255
S2140288606561642F706C6174666F726D2D616273E0
S2140288707472616374696F6E2F65667233322F721B
S2140288806164696F2E637070006765740025640DFD
S2140288900A00736574006D6F646500696E0D0A00E8
S2140288A06F75740D0A00696E006F757400636861F7
S2140288B06E6E656C006377006563686F006770694B
S2140288C06F00706F77657200706F7765727365748C
S2140288D074696E677300726177706F77657273651D
S2140288E07474696E670073747265616D0025303248
S2140288F078006F744572726F72206F743A3A5370D2
S214028900696E656C3A3A4275666665723A3A4F75B2
S214028910744672616D6552656D6F766528290073BF
S214028920496E7374616E6365002F73646B32303206
S214028930362D6669726D776172652F736F75726315
S214028940652F6170702E630021C1010069C10100AC
S21402895015C1010075C101005DC10100CF430200CF
S2140289600D4402002F4402005144020073440200E8
S214028970A9D0010059D0010065D0010059D10100EB
S214028980B7460200CD3F0200D13F0200D53F0200AB
S214028990D93F0200DD3F020000000000A8010000EF
S2140289A0C82D0020FFFFFFFFFFFFFFFFFFFFFFFFB7
S2140289B0FFFFFFFFFFFFFFFFFFFFFFFFFFFFFFFFC0
S2140289C0FFFFFFFF00021000D0390020702F0020AA
S2140289D00000020800000000FFFFFFFFFFFFFFFF8E
S2140289E0FFFFFFFF00000000000000000000000084
S2140289F000000000000000000000000031CE010070
S214028A0015CE010081140200B51502004D150200B4
S214028A1020C001B8000000010000010100010101B0
S214028A200000000000000000010100033F000000FB
S214028A30FFFFFFFFFFFFFFFFFFFFFFFFFFFFFFFF3F
S214028A40FFFFFFFFFFFFFFFFFFFFFFFFFFFFFFFF2F
S214028A50000102020303040506080C0C0C000102C6
S214028A6003040707C8C8C8C8C8C8C8C8C8C8C8C88A
S214028A70030404080808080800B801B802B800B0E1
S214028A8003040408080500000000000000000000BF
S214028A900000000000000000E706000048703E0FDD
S214028AA04470000E30707013029890173870260FBC
S214028AB034704C0F30703A102C703A102870C21175
S214028AC02470DA112070300F1C7082121870FE1299
S214028AD014702C0FB110086001D80A7104B87F78A0
S214028AE0020C7E78641000C6881F00A01DB870783D
S214028AF003B018600F3027B30F330111C048069831
S214028B00760229B0086001D8087109DD047109BB34
S214028B1011101660A048086004100112FF3221509E
S214028B200860D0480860008806982E1400C4441FC7
S214028B3000A000BA03DF107109DF0672029828034C
S214028B401DB8507800A044132814411581100860FF
S214028B5002D8147110880698121900C014C000B802
S214028B600698781B009106988C020160B83020D8CF
S214028B7006711EBC637C784D5412F03240DE0472DD
S214028B80404804DB08720DDD0C72044BEF301448CB
S214028B900698E40400C4E04000544412086201321D
S214028BA02140087C811140D91C72B1123032CF4A62
S214028BB0013AB1DA107208D8067104D80871804CEE
S214028BC0237C5070684C441200C4A41E00A04414B7
S214028BD0413AF3240164415C412A047580B800C41A
S214028BE06040005481D8307140D90472237C084B0F
S214028BF00698E40404BA1CB9767900C1204001B88C
S214028C00357906B906A901D8067102980A02804C7F
S214028C10307C02985E0208D86A7100C1544000B8DF
S214028C20141110D95E71584C441280BDA26DFF25F6
S214028C30784C4412FC22513A2814104C00C20CC143
S214028C4001B824122814086228140862281408623C
S214028C502814304C304C00C11C4000B814111814B3
S214028C60086100C5284001B85415FF350471104943
S214028C701814B04C441208620132067102980401BC
S214028C80804C08D80C7107BA24D8047106BA18703A
S214028C9004D80C7101BA40D80E7102BA0A7005BA2D
S214028CA020D8047203BA204C4411C04C1814086130
S214028CB018149111383111429111186110D90472A9
S214028CC0EF3200C1084001B8141110311E61114282
S214028CD02814A1110861181406985E1B181400C106
S214028CE0084001B814111861FF31181400C14480FD
S214028CF001B814111814086118143088024806982E
S214028D008603009308DB047101F800A027B00F3039
S214028D1000A01088B111186180D90A7100C188407C
S214028D2000B80811009100A000C4684000B84410C2
S214028D3000A000C0884000500411826104108260C6
S214028D401050F07200A05415504512710698F404A3
S214028D500698840407B8707802B8417800C220C02A
S214028D6001B8241206981C1900C5481F00A0541505
S214028D70511400C3FF010000313D09647F34069898
S214028D809602015851280475015841280E75811122
S214028D90086102D90472FF0FCC7007B8727800F827
S214028DA0EBBD00C0441F00A00411113D10D9127182
S214028DB0FF33186300C1781002B8381107B9747906
S214028DC0581000A006988C020D300472044809DC84
S214028DD00472084800C11CC101B8141100C3D01E99
S214028DE000A0911504351A7218131CBB08D804711A
S214028DF06C7B04D804716A7B1DBB2F7C5B7B167070
S214028E00044B18131CBB08D804716F7B04D804717A
S214028E106D7B217C0C300260069870040698B60BB7
S214028E2000B8B111186140D9067202984A0401BC12
S214028E3000C2084001B800DC0A7124150265604AC7
S214028E400A702C4A241508654C4A043508D9047160
S214028E50202400C13C1F00A0141200DC327120D86E
S214028E60067101B80C70F0DA0C720CDB087102B8ED
S214028E7006987804482400C3384101B834138F7B1F
S214028E800E7102B9911308DB047203B928707C498B
S214028E9014111110FD300DDC1C7200C0A01E00A0C3
S214028EA0041080D8107100C0448001B80410E52078
S214028EB00475804900C3884000B8FFB801201141FC
S214028EC00871014118130824014200C1284000B865
S214028ED0141101411C655141911520351E65514101
S214028EE018132813481300C3844000B8341003D85C
S214028EF01671073005DC1071B1108F780A7200C344
S214028F0084C40350217B1DB8507800B800C13C1FB2
S214028F1000A014121C602150F0300152281100A04B
S214028F204024076400C0FFFF0100013C17B0022086
S214028F3001584028067518AC01EC00A0208800C035
S214028F4020C001B8041217B4211304123052F8716B
S214028F501964402400C35C1F00A034101411069844
S214028F60E80D1961009211592129067600BB1159A4
S214028F700698C80D8762313B0472215A412A00A026
S214028F8000C2686000B8B8B91F610D49181200A087
S214028F90308801B9116100C30000C0FF31103128CA
S214028FA000BC002D0C75115418AC01EC312DF47078
S214028FB0196451134155312C009300A000C3C00F11
S214028FC0FEFF50B2313A014250AA00A0069830077E
S214028FD0FFB0867808715CB86B786E7800C25480F1
S214028FE001B800C0D81F00A004100812B822217AC7
S214028FF0237A52B8417801B80C6021A809B81960E2
S2140290004CA800C0FFD1C1FF4FB2013A00C0002EEB
S214029010300001424FAA24B86E78ACB9FFB004D82B
S21402902004714CB923A906989A0500C01390010052
S2140290300698200500A00698F40419B81460FFB23A
S2140290408C620F32826A21400698200549BC21B9FB
S21402905052B849B207DE2A7105DE0871627C607C6E
S2140290601D0C6179677864786B78627865786378C6
S2140290706078617C010C010C6878020C69786C7867
S214029080020C00C22C8001B8277A287A267A6A78DF
S214029090050C41790A0CB11040D806710298AC064C
S2140290A0784A2B7A327A584A247A00C40001110090
S2140290B0404A00C0108400000812508800C5841080
S2140290C00100FBAD10BD01BB8A6B21B9FAA9C44AE7
S2140290D01812217A227A00C0341F00A00410FCA8BD
S2140290E08264411030300129F9A9F8ADFBB08260E4
S2140290F0FBA80330A0652110044820EC237A041054
S214029100037A184A2411DC4A0158002924100475EF
S2140291103150F8B1115081632A7151403140081222
S214029120FCB18461FCA90F310E7117B0112817B17A
S21402913011591028FA76C44AF9B11812217A227AFD
S214029140A07000950812F8A800C20C8001B8207A18
S214029150844A00B80812020CA44A087A020C21B803
S2140291604178784A0B7A127A00C2C81F00A0FFB074
S21402917008D80472184A241000DC0A7140A8042297
S214029180241041A80698960200C2481F00A0241088
S214029190015100C4FF01000041391150081200A01D
S2140291A00698300700BC00C20C8001B8217A52B87B
S2140291B04978020C4878020C49B8417852AC21AC86
S2140291C0204A087A067A077A49AC00A059B840784D
S2140291D05AB101D9FC72427857B8407858B101D9D1
S2140291E0FC72427800A000C20C8001B8217A227A72
S2140291F021B8547852B8BC4A24119979127107B929
S21402920015614CA9617800BB03BC0C64147009B9E3
S21402921019614CA9417801BB126300C4002E3000CC
S21402922000C0FFD1C1FF4FB1013941414FA9E44A05
S214029230C8B8081224AB4CB823A806989A0500C0F2
S21402924004900100FFB1867904710848069820054B
S21402925000C08009004040A809B8FFB108D90471CF
S21402926003B853A8B11004D80C7156BB607B57BA2A
S214029270627A607A02D80C7156BB607B59BA627AFF
S214029280607A04B86E783DB8607800C05638000040
S21402929000C1B08001B814119979087200C0D604D2
S2140292A0000000C124C000B814119F790472084857
S2140292B04CA82EB8FFB108D906714AA804704BA86C
S2140292C00FB834A800C00C5E000046B2014246AA9F
S2140292D000C12C4001B8141108610631087100B9AA
S2140292E00698421106983414B11101D90E710698E7
S2140292F0841B02D906720698920C06982E145114F4
S2140293000698840406981C1106985A1700A0069818
S214029310441701D80A711CB85B7807B8757800B88C
S2140293204CA84AA84BA800C0F321FFFF46B101395A
S21402933046A904B86F7800A0FABC1964415C512CA7
S21402934000C0581F00A00410012C0675069884045D
S21402935006986A0FB110186005D8327140BA06989E
S214029360041404B86578911004D816711CB86E7887
S21402937000C0684000B8217806986A1101400A7257
S2140293801DB84278069840140298500B1DB87178A2
S21402939004B86C7841B8427863784478FFB104D94F
S2140293A006720298BC0900C004900100FFB18679DB
S2140293B0047108480698200500C32C1F00A000C2AE
S2140293C074C000B82414481300BC48121C4B1C4A34
S2140293D02414481300BC4812084B584A2414481355
S2140293E001BC48124ABA447A427A4BBA447A427A62
S2140293F0FFB086780472617A4CBA647A657A3DBAAE
S214029400607A4DB942B83FBB5B7966796179020CE6
S2140294106479050C63796079050C627965795A7905
S21402942000C2340102B8241305B81960314008128C
S21402943042B86A78020C4A78020C40BCFFB208DADC
S21402944006714ABA06704BBA627A657A677A667AA3
S2140294506A79667B0298960A00C32C1F00A000C297
S21402946074C000B8241448131C4B1C4A2414481316
S2140294703FBC48121C4A00BC4812084B444A2414FB
S214029480481301BC48124ABA647A627A4BBA647AC2
S214029490627AFFB3867B0472617A4CBA647A657A22
S2140294A03DBA607A01D94E71647800C1708001B805
S2140294B000C08000080008110698780B42B8617850
S2140294C04DB97F797E796A7868786278020C7B7902
S2140294D00F0C7A79140C7479417860787579050CDA
S2140294E0FFB208DA06714AB804704BB8657801BC58
S2140294F01664407002D93C710698780B42B84DB992
S2140295006878407841787F797E797B790F0C7A7912
S214029510140CFFB208DA087171794ABA06707079CB
S2140295204BBA7279657A6A78020C4A78050C01BCE5
S2140295301664020C417940790C0C00C04C0102B84A
S21402954048100698E40400C4784000B8007C00C0C6
S214029550A01E00A0041180D93271911104D92C7278
S2140295607F2021200411FD310DDD207200C04480D1
S21402957001B80411E521147600C0244001B8041194
S2140295808A790871207C104C207C2AB862785114A3
S21402959000C0581F00A00410012C17B001118768E4
S2140295A0015841280E7605218769415C412D112D0F
S2140295B006700698840442B84DBB7C7B6478020C25
S2140295C029B868785114404406750698840442B84F
S2140295D044782AB84278FFB101D90C7100C1548090
S2140295E001B8CBB80811911004D8147100C0A01E9F
S2140295F000A0041080D8067107B8537800F807B8A0
S21402960000C1CC1E00A000C220C001B8241228113E
S214029610777800F8B1109478387106989602E4B913
S21402962011591128067600B80C70A0B911590129F3
S2140296300475A0B8826000C3C01F00A03413012BBB
S214029640341000C3FFFF00FF42B13139114042A877
S21402965000A01DB09178FA7142B86478020C00BA84
S21402966029AA00C4548001B842B84DB900C3C0400C
S21402967001B83413977B047240EC020C44785C7990
S21402968053AA0A0C281442B84DB9FFB301DB26715F
S214029690244C00C3FF0FFF013814547940784178F8
S2140296A05579020C5B795A79140C5F795E794A789F
S2140296B04278347002DB1471527951795079020C77
S2140296C05B795A795F795E791E7004DB1A7100C481
S2140296D0FF07000000C3342102B848133FBB467B95
S2140296E0020C5B795A793DBB407B4CBB447B457B85
S2140296F000C3301F00A03414403C207100C068C074
S21402970000B8481028131C4B1C4834144810281361
S214029710144B44483414481028134AAA4BAA04B8D7
S2140297206D781DB851785CB84B784E7800A000C0B2
S21402973074C000B80411108800B9181068480411E3
S214029740108801B90B6118102C4804111088008883
S21402975000C1231C000018104AB864784BB864781D
S214029760260C28B000C1FFFF0FF0113871B90B614B
S214029770114028A828B97379747900C210103030C5
S21402978045AA54790E0C00C0E84001B8041100C284
S2140297903030101045AA0E0C041000881088069867
S2140297A0540D0091009020888F618F600698540DAA
S2140297B00090886A21400112906A035800C13F3F18
S2140297C000001138FFBC022441281138014245AA84
S2140297D028B953794AB844784BB844780090009137
S2140297E0181000912C48181000916848181000A014
S2140297F09168436091694361115B012B11284160B6
S2140298003128315B00BA302806763128204A416377
S214029810302806763128104A4163302806763128E9
S214029820084A4163302806763128044A41633028C4
S21402983006763128024A416330280476014A00A09F
S214029840115910D906710860086008D904710860B9
S21402985004D90471046002D90471026001D904714A
S214029860016000A000BA01D806710148112A1F61E2
S214029870016001D8F6720138F67200A000C220C05C
S21402988001B8241211592129127300210E7100C247
S21402989038C001B824120121212900A002B020D824
S2140298A0147100C0B01E00A0041002B945790698D3
S2140298B06813EA7003B09F78087200B806A800F82A
S2140298C00698300700C5641F00A05088044D1CBCD3
S2140298D000C0B41E00A0811101D91E71407C009503
S2140298E001150C4D5088044DFFBB1863315B041103
S2140298F00698E00D3129F87506985A1A54150698F6
S214029900841B01D9087206984A0706700698E6076D
S2140299101CBB547B0698441701D8067202980C0F9B
S214029920FFB901211038F67281129B7AF07100C2DB
S214029930448001B8241400C0C01E00A00410011305
S2140299400020041040500C7200B906981A0F18B97D
S2140299500A7018B906981A0F00B900B80698100FC0
S214029960704A08B80698100F00C2284000B814B80B
S2140299700698100F00C2EC4001B80CB80698100FFB
S214029980202210B80698100F1088308806984A07CA
S2140299900093009106981A0F00C0C41E00A004127D
S2140299A0FFB9012121411810009500F8312811282D
S2140299B00410081200A004B831281128F8B11810B3
S2140299C000A0069872080E700698B60B06987208E3
S2140299D006986412069804079112211900C02C40BA
S2140299E001B80A78097800F810B901BA0698FA138D
S2140299F006981C1106985A1700C5641F00A081100D
S214029A009D78FC7200F8911203321CB900C3A01EA6
S214029A1000A0341300C4B04000541DB842787079D8
S214029A2003DE067144783A707179A11020D8067167
S214029A300298461080DB1C7102D8187205B808140A
S214029A40A11010300248081400B8081491100860DB
S214029A5008141DB86278A11000DC0676517900BAA7
S214029A600698441701D82272911120311D61911077
S214029A7004D80E7200C1501F00A0141101D90A7139
S214029A80208806984211009200C1204000B801DBEF
S214029A901871084C03DE0471904C441400C3FF1F77
S214029AA00000413BFF233811944900C3384101B8F6
S214029AB03413086380DB0C7103BA186206982E1002
S214029AC00870186206982E100C4908790979141045
S214029AD02140081100A000BD0698700210B903DCF0
S214029AE0047100B901BA0698FA1302D90671004049
S214029AF04E7203B118610F3106986A11FFD82872A8
S214029B00811008D8187106DD0A710698700203DC07
S214029B100C720698AE11069840140C7006DD107191
S214029B200698B411487020B804A806DD107206988C
S214029B3072080698040701F840B804A800F800C0A6
S214029B40A01E00A00413086301DB2271911001110C
S214029B50186111381DB910D8087144790298461058
S214029B6002DBFA72A11328DBF47203BD0698101109
S214029B70069872081DBA7F7A0698E40400C5681F24
S214029B8000A00698700200BA03DC1672044DA110FB
S214029B9002D804711C4D00C10CC101B80698A0047D
S214029BA05415212D0698300502989C0891100155EF
S214029BB003355150011900A000C14C1F00A014101B
S214029BC001D8427101480860FE200E75811020D827
S214029BD0087100C1501F00A0141101D9287100C0DD
S214029BE02C4001B80412215108610F31186111523C
S214029BF0281000C0084001B80411911221512031EA
S214029C001152211900A0811380DB067201B800A050
S214029C1000C314C001B8341006302E726C4B3412D6
S214029C201C4B3410186002302072811080D8DE710E
S214029C303410014A08620460803021508C480A7150
S214029C407F234D233410013000A000BD069810116A
S214029C501CB847784578437802B8447800A006983E
S214029C6072080698AE1100C5741F00A05415069817
S214029C70300502989C08B1138F7B0A7200C384C415
S214029C800350017B0698341400C1384101B8141100
S214029C908F790E7100C1B84000B800BA06982E102F
S214029CA050BA0698041406986A11FFD84A719110A1
S214029CB004D84872811008601CD8407220D93872C5
S214029CC01112FF322151347180218021111400C0FB
S214029CD0D81E00A00413FFBA3151113A2151115374
S214029CE01DB938107B7940440E7200B900C2AC1E12
S214029CF000A01812067004B8607806982E1400F8B1
S214029D0000B900C2A44000541812644A0AB91812D4
S214029D101CBA507A517A1DB942795F7900A006982A
S214029D20700207DC1072911000200A750698641201
S214029D300298580F0698040701B9911004D80471C6
S214029D4000B910BA0698FA1300BA0040347100C07F
S214029D50A01E00A00411086101D9127104D9E27292
S214029D608110086001D8DA711DB8647800C11CC180
S214029D7001B80698A00401B81160002A047600BA59
S214029D8000C5781F00A05415212D06986412069867
S214029D904A0700C57C1F00A000F800BC811108D944
S214029DA0167280D9207201B910BA0698FA130040CA
S214029DB00E7101BC10700698AE110698401420B8B9
S214029DC004A800F80698641281110231127100B9D3
S214029DD000C2144000541812244A02B918120698F7
S214029DE0AE1100C5801F00A054150698E21A02980C
S214029DF09C080411012114711CBA737A04200412FF
S214029E002811042004110121F47200A00698E4042B
S214029E1000B8011A01F80698441701D81671FFB95E
S214029E20012110380E7281109B78087104B9677987
S214029E3000F8911010D8287100C51CC101B8541141
S214029E400698E00D00C5C81E00A054155129EA75F3
S214029E5007B876781DB8447801B804A800F8B1109F
S214029E60186010D82E7100C05040005400C308403D
S214029E7000B83114984C44113411086101D9FA71B2
S214029E804412281008622810086228100862281057
S214029E90E8700298AA0206988C02113804721E62B2
S214029EA002BB00C1D81E00A0141120390C729112F8
S214029EB010DA0672417B00A00698341400C2A01E77
S214029EC000A0241220DA0472617B1CBA527A00A027
S214029ED01CBA727A811204DAFC7200A01CB86B7883
S214029EE000C0684000B82F7800A00698441701D832
S214029EF03A7100C22C4001B824100360911120313F
S214029F000151383111501D6008121DB9457900C241
S214029F10448001B8241200C0C01E00A004101820FD
S214029F200020041020500471657910631EB963790D
S214029F3000B902EC00CD114502EC00CC01DB087141
S214029F4000BB0298C81803B841110731FA211C76E3
S214029F500621911210DA087102DD10721E7020B806
S214029F600698A40D3038147208B80698700400C01B
S214029F702C4000B82978207800F8056020D80671B1
S214029F800298021602EC00CA05B823DA187104DB3E
S214029F90DA7120DAD67110DAD2721EB8617800B899
S214029FA001DA067202EC00C8911110D9267100C1BE
S214029FB0B81E00A014111150FF300C720761A110D8
S214029FC0115002300A7180DB0A720AB89E701DB9FF
S214029FD07C791860911111402111C031114001198C
S214029FE01EB8411108D90471667820D904726578C2
S214029FF0A11002D80672C0DA1E711EB8273123DD00
S21402A000087210DB1072607825DD0A7121DD087295
S21402A01008DB0471627803B8411107310872A11592
S21402A0202035AA7102DD2072A11120D9A07102D9B1
S21402A0301672CCDA9872411140D9927206B8054D62
S21402A0405A720298A41421114049C0D94C71A03109
S21402A05041154035026551410461086308DA1E72F3
S21402A06004DA36721049A1150235067110DB0E723B
S21402A07001340A7108DB22711EB86778CC321110DF
S21402A0801A300ADC0872CCDE0471FD3100C00D0FF6
S21402A0900C0D216001D85C7207B80298CE1400BA83
S21402A0A0411108D90C7102EC00CA05B830DAEC721C
S21402A0B00734F031036101DA0471014900C0F3008C
S21402A0C0A3E3216001D8D27100C0981440682160D1
S21402A0D04030014440DA0471204C04320262204AC5
S21402A0E0111006301F60014218311D61114202989C
S21402A0F0EC14204A00C005170850216011300142B6
S21402A1002088FFBB0DDA507100C1DE1B250180BC22
S21402A11004DA107208DA0A7200C120841000E02401
S21402A120A02408634143026401DA06711E49024B09
S21402A13000C0201F00A008633810BC2002DA12718B
S21402A14001B91159A11380DB087100C100FCFF019F
S21402A15018100298541800C4A01E00A0441080D8FC
S21402A1607C710092D0DA06710DDA0C711EBD437D49
S21402A170EFBD0698060304620DDA8672A11105D9B0
S21402A1805C7100C24040005424121424281401D9E1
S21402A190067202D9327140D91E7102EC00CA211031
S21402A1A018320471FA2220D804720822FE22087598
S21402A1B002EC00C8F87001D90E7102EC00C802D990
S21402A1C0067204DC187200C0A01E00A004101D60F7
S21402A1D001D806711EB8647807B873780298C81852
S21402A1E000C0A01E00A0041080300A7100C0C41E69
S21402A1F000A0041000A00698441701D82E719110F2
S21402A20010D828728110A0D8227203B084781C72EB
S21402A21000C12C4001B814100DBA487A697A6B7ADC
S21402A22008111CB87B7807B8757800A0641000C6C1
S21402A230881F00A0C3B80698760200C4441F00A078
S21402A24014BA2814B1108F780A7200C084C403505E
S21402A250017891101030011905BA0698041402D933
S21402A260067101B804A800C0A01E00A00413069838
S21402A270561180DB067102984E141DBA7C7A01DBF9
S21402A2806A7100C2241F00A024111114FF3402ECCC
S21402A29000C8FF24FA7608610698B40D04611138E6
S21402A2A00F3004611114011141100698B40D01D843
S21402A2B0087203B80298CE140C4A01DB22712410ED
S21402A2C011281128041202300471106200C0FFFF28
S21402A2D00000213800C2204000B8FF2008124110BA
S21402A2E008600698B40D01D87C7120BC10337671D4
S21402A2F000BB00C1201F00A01415C021112C511252
S21402A30018620F320E71408851140698EC184143B9
S21402A3100094511208651C620F320E7141115114DD
S21402A3200698EC181C6441430865513B00C1DC1ECC
S21402A33000A01411111231100F30127100BA05610B
S21402A34001D80471114201600FD8F4723110036013
S21402A3501E30047201B8003A087204B80298CE148D
S21402A3600298BA1600C0384101B804118F791471E8
S21402A3707F20692004110861303110DD06711DBA94
S21402A380637A0698040300F830885088FF34087110
S21402A39002ECFF24F87002EC00CD14105950014470
S21402A3A00421FF22F2720F4C0095009300A000C118
S21402A3B0A81E00A0141100A030880698341B811134
S21402A3C0086102D906720298F8191CBB557B08610F
S21402A3D020D906710298E8190088A110186006981C
S21402A3E0121908211415FC251EBB5C7B5D7B00C17F
S21402A3F0084001B814110731FE21307608D82A72B7
S21402A4005113FC23341304DB20711863FF33315BD2
S21402A41000C110C000B81411086180490C71FF31E8
S21402A420302954751EBB7B7B10707B7B7C7B00DDEA
S21402A43004717D7B01BB3815EC25541300DF547183
S21402A440042505DF54715415211120880698E00D65
S21402A450009251293E7500C1084001B8141102DB72
S21402A4600C710731315B31292A760C7004DF0872D1
S21402A470016180D91E720698121900C010C000B879
S21402A4800698781B069812191411FFD96072029862
S21402A4903E1A0090009300A05415A111186110D91D
S21402A4A0A672082508D8A071082510D89A712088A7
S21402A4B021110698E00DFC255412112AF825541194
S21402A4C00C2520D80871F025541110252029047671
S21402A4D02159181500920298AA1907B971798110A4
S21402A4E010D80A711CB8447802B841781CB974793D
S21402A4F004B9677900F88110A0D808711CB94979A7
S21402A50000A0086002D8FA710698121910880698F8
S21402A5103414106210DA087108211415F02554114B
S21402A52000C20020FEFF202912750698841B01D95E
S21402A5300A72069872080698040700941CBB41101B
S21402A5400C2006985613411108211410069856132B
S21402A5503128441111120861FF31FF3201221052D4
S21402A56010721861181404244413042438140C704E
S21402A5701861214118140824081402982E14404425
S21402A580147100C1AC1E00A0141551131C630FDB1E
S21402A5900C7219650698F404411500A000C37840B1
S21402A5A000B83413807B06720698040706983414A3
S21402A5B008BB51140698A21A4415FC25541500C36C
S21402A5C0784000B83413807B047100A002983005EE
S21402A5D01CB900C3A01E00A03413086308DB1A715E
S21402A5E08113A0DB0671497910706979086302DB72
S21402A5F0087204B9677900F800A08111086102D9CF
S21402A60010711CB97579069812191411FF3100A041
S21402A610FFB900A0041008211411F421081100A0AB
S21402A6208111106110310E71069812190821141149
S20C02A630F821141100A000003D
S20C02A6388CBBFD7F010000004F
S21002A6404CA60200803E002093000000A2
S21402A64C01000000000000000000000000000000F6
S21402A65C00000000000000000000000000000000E7
S21402A66C00000000000000000000000000000000D7
S21402A67C00000000000000000000000000000000C7
S21402A68C00000000000000000000000000000000B7
S21402A69C503F002000000000000100000F000F00D9
S21402A6AC0000000000000000000000000000000097
S21402A6BC0000000000000000000000000000000087
S21402A6CC0000000000000000000000000000000077
S21402A6DC0000000000000000000000000000000067
S21402A6EC0000000000000000000000000000000057
S21402A6FC0000000000000000000000000000000047
S21402A70C0000000000000000000000000101010033
S21402A71CA96800002DBF0000D762000061BC0000D3
S21402A72CCD66000091BB0000E762000015630000D6
S21402A73C1B63000061C000002163000001000000E2
S21402A74C030505B54001800000000000B5000000BE
S21402A75C000001B5000080000000000001000000AF
S21402A76CC0EA210100F04902FFFFFFFF00400B0088
S21402A77C00A0000030320020C8000000FE000000DE
S21402A78C00000000646E02000100000000000000E1
S21402A79C00000000BC6D0200000000000E0000006D
S21402A7AC40000000B86D020000000000FFFFFFFF33
S21402A7BCFFFFFFFFC06D02003BFFC8000A00290026
S21402A7CC20000000FFFFFFFFFFFFFFFFFFFFFFFF62
S21402A7DCFFFFFFFFFFFFFFFF00000000030000006B
S21402A7EC703800202840002000000000703800203E
S21402A7FCD83800204039002000000000000000007D
S21402A80C0000000000000000000000000000000035
S21402A81C0000000000000000000000000000000025
S21402A82C0000000000000000000000000000000015
S21402A83C00000000FFFFFFFF000000000000000009
S21402A84CFFFF00009889020047410200FFFFFFFF4E
S21402A85CAD450200A9450200FFFFFFFFFFFFFFFF09
S21402A86CB1450200FFFFFFFF0909020004F8FFFFD3
S21402A87C0D000000000001FF0D01FF405AB4FF005E
S21002A88C316E0100A1610000796100003D
S8040130C307
