:10400000C80A0020C33001006DB4010071B4010082
:104010003D37010075B401007DB40100C1300100DD
:10402000C1300100C1300100C1300100C1300100C8
:1040300081B4010054620200C1300100C1300100AE
:10404000C1300100C1300100C1300100256600000F
:10405000C1300100C1300100C1300100C130010098
:10406000C1300100C13001000F6B0100C1300100FF
:1040700031C70000C1300100C1300100C130010072
:10408000C1300100C1300100C1300100C130010068
:10409000C13001009B380100C1300100C130010076
:1040A000C13001002131010001310100C1300100A6
:1040B000C1300100C1300100C1300100E12D02001A
:1040C000EB4D0200E74D020011250200014E0200F7
:1040D000EF4D0200A12D0200F34D02006114020019
:1040E000212E0200C1300100C1300100C1300100A9
:1040F000C1300100C1300100C1300100C1300100F8
:10410000C1300100C1300100C1300100C1300100E7
:10411000C1300100C1300100C1300100C1300100D7
:10412000C1300100C1300100C1300100C1300100C7
:04413000C130010099
:1041400070B5104A104C114DE3695E0714D408286D
:1041500001D12B4213D103EA00068E4207D10B4A4C
:104160001A40002A14BF6FF00100002070BD013A10
:10417000EAD16FF00200F9E74FF0FF30F6E76FF099
:104180000100F3E780969800000003500200010050
:10419000000000000000000000000000000000001F
:1041A0002DE98048B74BCDB05B691A0B03F03F0394
:1041B000012B8DF8E0208DF8E13015D1B24B9A6DCE
:1041C000D40311D45A6B6FF3162242F4BC1242F49A
:1041D000A0625A631A6B22F4704242F440421A639E
:1041E0001A6B42F4E0621A63BDF8E030B3F5807FE9
:1041F0000CD14FF000531B68A44B1B68A44B1B68E9
:10420000A44B1B68A44B1B68A44B1B68A44AD2F8A0
:10421000803043F00303C2F88030EFF31183302283
:1042200082F311889F4C94F84920002A40F075844D
:10423000012284F8492083F31188BFF36F8F6FF058
:1042400004035025984A994913F0800F03F10100A7
:1042500040F05B840B443D2883F800530346F3D1C0
:10426000934BD3F84C21100300F15D84D3F85051E7
:10427000EDB2904B904A93F90060904B2E441A6037
:10428000874B86F308061B6F03F00703032B01D14E
:1042900021F03AFA12F08AFF032842D045F60E03C5
:1042A0000221794AC2F88030854B9962012103F5D9
:1042B00080539962936DD903FCD4824B8249136178
:1042C000936903F0004343EA064343EA052343F0BE
:1042D000407343F03C039361136A23F00D031362B0
:1042E000936A23F0330343F001039362664A936DAC
:1042F00031EA0303FBD10221714B9962936D5B009C
:10430000FCD4136923F4700343F4001313614FF0DA
:1043100000426B4B9A61022203F580539A6201229C
:104320009A62634BD3F89850684B5A68012A00F0A0
:10433000018412F03BFF042807D1654812F0EEFE1D
:10434000574A136F43F480631367624A25F0407342
:10435000D16811F0060FFBD19168936090684340DB
:1043600013F4F81F05BF5C4B594A91601A6012F0B4
:104370001DFF042812D121F0C7F912F0CFFE012051
:1043800010F042FE5549464A884294BF0020012061
:10439000136F23F4806343EA80231367444B504A2E
:1043A000D3F8C0303E4D23F0407393602E6F4848E1
:1043B000C6F38026731C84F84A3012F0AFFE2B6FD0
:1043C00043F480632B672B6F23F0070343F0020352
:1043D0002B6721F099F912F0A1FE2B6F324923F4DB
:1043E000806343EA86232B672B6F23F4505343F4F7
:1043F00080632B67D1F8FC2012F080721EBFD1F8C9
:10440000FC3023F08073C1F8FC30D5F8803023F005
:10441000030343F00203C5F8803032B1224AD2F8D8
:10442000FC3043F08073C2F8FC301D4BD3F82021E0
:1044300022F0070242F00102C3F82021D3F88021C4
:1044400022F0030242F00102C3F88021D3F8402198
:1044500022F0030242F00102C3F84021D3F86021A8
:1044600022F0030242F00102C3F86021D3F8402297
:1044700022F0030242F00102C3F84022D3F80022E6
:1044800030E000BF00C0075000C0005000400020D6
:104490000080002000C0002000000120004001201A
:1044A00000800050B019002000ED00E000E100E0C5
:1044B0000080E00FF031002000F04902A43F00200E
:1044C00000D000502008B00B0300014000C0015094
:1044D00000B4C40400000150A03F002080F0FA02A4
:1044E0000040015A22F0070242F00102C3F8002204
:1044F000D3F8082222F0070242F00102C3F8082292
:10450000BD4A536A23F0010353624FF0E02213695E
:1045100043F004031361B94B5A6F42F001025A672A
:10452000DA6E22F03002DA66EFF31186302383F37D
:10453000118894F84B30002B3ED14FF0B045B04A73
:104540001360B04A1360B04A13606B680BB110F08F
:1045500009FF01230021AD4A5360A960AC494B60BB
:104560000223EB606023EB631F23936153614FF0E1
:10457000B0439A6A12F00802FBD11A625A685B686B
:104580000BB110F0EFFE0127A14D6F6010F0EAFEB5
:104590004FF0B0434FF48062DF609E4BC3F8802140
:1045A0001A601220AF6138A921F0B9FC389A9A4BF1
:1045B0001A60002A40F0C58286F31188BFF36F8F1E
:1045C00011F09CFF954A964DD2F8C030954E23F0DD
:1045D000FF0343F0A003B5429349C2F8C03000F096
:1045E000078326F01F03203BB3F1005F80F00183B7
:1045F0008E4B0A68894823F01F0343F00303C0F879
:104600009820C0F89C308A4B0132C0F8A0300A6074
:10461000BFF35F8F0525814BC3F894505A6A42F46B
:1046200080325A62BFF34F8FBFF36F8FBFF34F8F4C
:10463000BFF36F8FDFF828B27E4816F012FFBBF889
:104640005830BBF85A10DBF8682001EB4301013900
:10465000342011F016FF0BF16C0016F002FFBBF8CE
:104660005830BBF85A10DBF86C2001EB43010139DC
:10467000072011F006FF0BF1700016F0F2FEBBF8F8
:104680005810DBF8702049080131012011F0F9FEC3
:104690000BF1740016F0E5FEDBF85400DBF8742033
:1046A000113080B2BBF85810043011F0EAFE0BF163
:1046B000780016F0D6FEBBF85810DBF878200139E8
:1046C0000C2011F0DEFE0BF17C0016F0CAFE29462C
:1046D0000025DBF87C20942011F0D3FE0BF1800044
:1046E00016F0BFFEDBF88020BBF85A10082011F04E
:1046F000C8FECBE9185510F027FE4FF050234FF4B9
:104700000032C6071A6709D401221146154601FA7C
:1047100005F3034002F1010200F07B82464B33F8BF
:104720001530464A062B116845480A918AB24FEA6D
:10473000114140F075824FF20F03994240F06D82B3
:10474000B2F5406F28BF4FF4C06202804FF00053B3
:104750004CF23C325A80314A536A43F4702353621C
:10476000EFF308834FF0CD31364A043B934280F09B
:10477000688200239B6AB3F5804F80F093801A68AB
:10478000314B9A4240F08E8094F84C5015F0FD0564
:1047900040F088802D4E3378002B00F055820223A4
:1047A000337008214FF480331A4A2948C2F8801127
:1047B000C3601160274A136100239B6ADB69984735
:1047C00033780746012B40F0C88202F0F5F901303A
:1047D00040F0B482226E204B1A66626E5A66A26E58
:1047E000C3F87021E26ED20700F1B4821B4A53680D
:1047F00001334BD136E000BF00C0075000400050ED
:1048000038310020103200200C32002000200058E7
:104810000010005800E100E08C0D002000ED00E0E9
:10482000803E0020203E0020043200209F3E0020D9
:10483000E1FF0020EC3E0020806E0200000000201E
:104840001E1100200800002007B0CD5ED20A002013
:1048500000A000440090004400800044004000207C
:10486000843E002094F84C3083B9BB494968C9079D
:1048700048BF5360B94B5B68DB0744BF01235360FB
:10488000B74B5B68D80744BF022353601BF0E4FBBF
:10489000236D83F31188BFF36F8F357017B9012330
:1048A00084F84C30AF49B04811F012FD11F03AFED7
:1048B000AE4B1A68910104D44FF00072C3F8802106
:1048C0001A601A68520104D44FF08062C3F8802144
:1048D0001A600023CBE90233CBE908B3CBE90DB36F
:1048E000A34ADBF84C00CBF81030CBF840308BF803
:1048F0004430ABF8C4308BF82830CBF81C308BF840
:104900003C30CBF83030CBE9003311468368A2F15C
:104910005007984768BBDBF84C000368984740BBDA
:10492000DBF84C003946436898470546D8B93E46FF
:104930000146CBF89800CBF8C0008BF8BC00ABF870
:104940009400202207F19C001FF0CAF846F8845F0B
:10495000C6E90155DBF84C00C7F89050C36898478A
:10496000002800F0FC81834802F0B9FA824802F086
:10497000B6FA05F0B3F920F0DBFE00217F4B0846C4
:104980005B6811F0A5FC08B1122809D138A813F012
:10499000EFF828B94FF0FF309DF8E0101FF070FBE2
:1049A000002612F0FDF91422002138A81FF098F813
:1049B000734B38A94FF0FF3039931FF0F3FC0123FC
:1049C000B04638A94FF0FF30CDE938668DF8E230B7
:1049D0001FF0B6FB6FF00A014FF0FF301FF0E5FC4F
:1049E00017F07AFB4022314666481FF079F83022F2
:1049F000314665481FF074F8624D644B644ADFF835
:104A0000E491DFF8E4E1DFF8E4C1A3F1180705F170
:104A1000400A2426002106FB08F65E4843E90615F5
:104A200043E9030EB81943F8109C43F804CC01770E
:104A30000162C8F1000000F01800504442F8140C64
:104A4000554842F8181C42F8100C544843F8241BEF
:104A500042F80C0C5248203542F8080C514842F8F4
:104A6000040C5148304408F10106022E01774FF042
:104A70000108016242F8241BCBD1404620F010FA15
:104A80000546002840F0DD8100200021474B4FF60D
:104A9000FF7AC3E9000141F60B23454A7F21938049
:104AA000444B156044482022C4F8FC30ADF824A0E3
:104AB0008DF826801FF014F847F67F723F4B4FF0B9
:104AC000FF391A803E4B3F491B88C4F81C11A4F8DB
:104AD0000C313D4B2A461B682439C4F814313B4B3A
:104AE00038A81B8809AFA4F80E31394BCDF8E090F7
:104AF0001B68C4F818314FF08003A4F8103117F088
:104B000049FB002800F04B81FEE703F00F03043B54
:104B100013441D760346FFF797BB83F31188BFF359
:104B20006F8FFFF79DBB2B4B1D88FF2D88BF802506
:104B3000FFF79FBB28494A609A699707FCD1FFF7A6
:104B4000F8BB002340F2E73124481EF0A7FD244BB8
:104B500084F84B7018602FE50080055000C00550A8
:104B60000000065074680200201A002000E100E0F6
:104B7000D43E00209C3E0020B03E002000ED00E02E
:104B8000006A18003C1A00207C1A0020A80D0020A2
:104B9000D00F002079D2000075DA000085D2000025
:104BA000A5DA0000ADDA0000B80F002030110020B7
:104BB0004C110020C52801007F1300207D13002028
:104BC000C6890200D01A0020CC890200C4890200E4
:104BD000C88902000001E00F00E0015018FCFFFF4F
:104BE000880D00200D23010019DA0000692301005F
:104BF000A54B0868A54FC2F8980043F001030130A7
:104C0000B542C2F89C70C2F8A03008603FF400AD15
:104C1000EEE4102A7FF47AAD83E54FF4C06294E5A8
:104C200040F20725AB420AD14FF20F05A94206D147
:104C30009A4202BF4FF000524CF23C315180038047
:104C400089E543F8041991E50127209528953770E7
:104C5000EFF31183302282F3118823651BF0F4F9FE
:104C600094F854304BB911F05DFC30B9884989484B
:104C700014F00CF908B984F85470874B5A68E2664E
:104C8000864A9A601A6E22665A6E6266D3F870314E
:104C9000834AA366834B5968481C36D04FF480136F
:104CA0008B40136604237E4A4FF0804113664FF415
:104CB00080631366102313664FF4005300271366B6
:104CC00011665366BB6AB3F5804F0FD2012338A833
:104CD0008DF8E030CDE9397701F0EDFE3A9B5905CA
:104CE00004D5BB6A28A91B6C20A89847209A6C4B56
:104CF0001A66289A5A6694F85420002A3FF451AD57
:104D0000A26D1A66E26D5A664BE594F84C30002BA2
:104D1000C8D1654B5B6813B94FF480131366634BBE
:104D20005A685F4B12B94FF400121A66604A526813
:104D3000002AB7D14FF480021A66B3E701F03CFFB6
:104D400040F2011398423FF445AD5A4AD368D80760
:104D5000FCD43FE500229A6048E501259DE53046F8
:104D600006F0FEFB00287FF4FEAD04F0B7FF054619
:104D700000287FF4F8AD4FF4844009F050FC00386F
:104D800018BF01204C4A4D4B84F848001A604C4B28
:104D900002201D6102F0BEFA02F064FAE9E5494919
:104DA000389817F077FD00B1FEE7314638981FF0CC
:104DB000E0F900B1FEE74449389817F063FF00B10D
:104DC000FEE7414638981FF0C0FB00B1FEE74146C0
:104DD00038981FF0C8FB054600B1FEE70146802267
:104DE0003A481EF07DFE394B41463898A3F83C9076
:104DF00083F87E9083F83EA0A3F87CA0DFF8E090D3
:104E000017F02EFA389BC9F8003003B9FEE71CA34F
:104E1000D3E900234FF0FF304FF0FF3109F02AFDB6
:104E200029462B4809F036FF4146404620F020F83D
:104E30003946D9F8000017F0EBF900B1FEE70DF0A4
:104E400079FF10F081FA234B4FF4003218604FF0D5
:104E500050231A67204B214D039395F8E430002B23
:104E600040F0DA80C5E90135C5E903356B614FF6DD
:104E7000FF73DFF87080B8F800709F4236D1FEE70C
:104E80000AE020FF220200000000012003000020B1
:104E9000081A0020D80A00200080004455CEAC003B
:104EA00000900044004000200080055000C00550E4
:104EB0000000065000000440616C0000980B0020C8
:104EC0009C0B002007001100A06E0200B81100200A
:104ED0004C11002024140020501B0020D80D00206D
:104EE0000C110020E01200200126B6E7FFB9B946F8
:104EF0000DF12C0AC7F1040138AA89B20AEB0700A8
:104F0000CDF8E09012F0E5FE002840F09980389B43
:104F10001F44032FEED9DAF80030002B00F0918007
:104F20006FF00042934208BF01237C4A1360B8F837
:104F30000030C5E9075501336D62A8F8003008F06C
:104F4000CAF90027764B05F13001A86200F18040D4
:104F5000744A6B63E963A863EF6205F108002D638F
:104F60000AF075FAFB23704AA5F85830EB69302136
:104F70009B1A1E22DB10B3FBF2F34FF00B094FF626
:104F8000FF7A6A4ADBB201FB032305F18000C5E921
:104F90001C35C5E91277C5E91E772D6485F8449064
:104FA000A5F846A02F656D650AF084F905F190001B
:104FB0000AF080F905F1A0000AF07CF95C4B05F1DC
:104FC0005408C5F8BC3005F1B803C5F8C4304046F4
:104FD000C5F8B8500BF066F94046C5E91377AF64E1
:104FE00085F84490A5F846A00BF05CF90C23C5E9C0
:104FF0003777C5F8CC30C5F8C850A5F8CE70A5F8FD
:10500000D07085F8DA7085F8E4700AF093F901231E
:10501000C5F8E80085F8E430039B012E43F8045BF3
:10502000039305F1F0057FF45FAFD4F8A071C4F8E5
:10503000A87147B969213F4B3F4A404816F05AFAD8
:10504000FEE7012371E7D4F8A4913D4C00252346E7
:1050500043F8E97B636104F6E903A3614FF400635D
:1050600004F114063046A383C4E908550BF088F90F
:10507000266623460426013EC3E9195503F10803B9
:10508000F9D1C823DFF8C4E00022C4E92CE34FF6CD
:10509000FF73A4F8B8302B4B0421C4E93036002349
:1050A000294DC4E92266C4E92466C4E92666C4E938
:1050B0003423C4E93623A4F8846084F8A860C4F8D3
:1050C000AC60C4F8BC70C4F8C86084F8E010C4F8E0
:1050D000E46084F8E86084F8ED6884F8EE68A4F889
:1050E0006869A4F86E69A4F87069C4F88069C4F8A6
:1050F0008469C4F88869C4F88C6984F89069C4F834
:10510000946945E90223D4F800A0C4F8A069A4F882
:10511000A469BAF1000F1BD1FEE700BFE412002022
:10512000B5F40000BC620200D80D0020F812002087
:10513000612701001F890200CC6E0200298902004C
:10514000F01B0020012301009025002000F8FF073C
:10515000634BDFF8BC8178223146A5F1B000C4E989
:105160000A34C8F800401EF0BBFC4FF0FF33C4F80F
:1051700076395C4B5C4A7721C4F87269C4F87A6965
:10518000C4F86A69C4F8E968A5F50D60CAE937345E
:10519000C2E900340CF0B2FAA5F6E4000AF0E0F837
:1051A000504BC4E90167C7E93734C9E937344F4B7D
:1051B000C4F80C90C5F818384D4BA5F80668C5F82A
:1051C00024384C4BC5F81478C5F83038D8F800307E
:1051D000C5F81C68A342C5F82078C5F82868C5F84A
:1051E0002C78C5F834686ED103969BF8C43043B16F
:1051F000DBF80030002B67D13F488BF8C43006F055
:10520000AFF9DBF848402546002D63D1EFF311825A
:10521000302383F31188DBF848301B1BCBF8483070
:1052200082F31188BFF36F8F9BF8943023B132481B
:1052300006F002F98BF894509BF8BC3093B103232D
:105240002D4828AA38A912F08DFA58B9BDF8A03017
:1052500038982BB10278DBF8C0301344CBF8C0305B
:1052600001F03CFF254C237823B106F064F9237844
:10527000002B6FD1224B1B78002B6BD00DF1300A25
:10528000012351461F480DF1220212F06BFA044629
:10529000002840F08B82DAF800506B885A1E042AEE
:1052A00054D80622184F298802FB0372B2F86220F4
:1052B00091424BD1023B032B2CD8DFE813F00101C4
:1052C00013013B016102FEE793F85020022A98D1B6
:1052D0001B688FE70D4807F0B5FB013D94E700BF61
:1052E000AD2201009F0B0100B0190020AF050100A5
:1052F0000DDE000019F40000083F00208C0B002098
:105300004C3F0020800B0020806E0200843E002075
:10531000081100200421AF4B2A7983F8AC11002139
:1053200083F8AD11012183F8AE116FF07F0183F88E
:10533000AF1193F84810002940F0C080012A18BF2F
:105340002424A548C3F8B04101F073FFDAF8000047
:1053500001F0C4FEDBF8083013B9DBF80C3023B1E0
:105360009E4801F0E5FF0028F4D09C4B5B68002BC1
:1053700040F02F82994B302593F844603446EFF388
:10538000118785F3118896480EF0CCFA87F31188BF
:10539000BFF36F8F002840F05182EFF3118230236A
:1053A00083F311888D4B93F844309E4240F2518232
:1053B00000238A4981F8443082F31188BFF36F8F4C
:1053C000844C039AD4F8A8315E685A60002E40F0ED
:1053D0004382D4F8A831834C04932278022AD3B2B2
:1053E00000F06882032B00F042820BB90123237086
:1053F0007D4B1C68002C00F02B85204609F0BEFF79
:1054000004F58D5001230DAA18A9083012F0AAF94D
:10541000002840F00E8504F5805393F8A62112B9B8
:10542000012283F8A6210023189ABDF834509A422D
:1054300008BF1D460121C4F8902004220DF11F0968
:1054400004F1900884F86F1940464946A4F8945036
:10545000A4F89630A4F8985084F89A30A4F89C5098
:1054600084F8E02084F8A8308DF81F300BF038FC69
:10547000D0B99DF91F309DF81F70002B14DAD4F8B5
:105480008439C7F301190133C4F8843984F8719958
:1054900004EB89035B682360002B40F04282062204
:1054A000394620460CF068FB002384F86F391898C1
:1054B00001F014FE002800F0BC84FEE7122440E74F
:1054C0000423444880F8AC31002380F8AD31022336
:1054D00080F8AE316FF07F0380F8AF312423C0F83D
:1054E000B03173E0414A2B1D05F1240153F8040B40
:1054F0008B4242F8040BF9D114F0A0FF3C4B3D491C
:105500001A68044601F5D6701EF04EFC06226B8820
:10551000304902FB03726FEA43436FEA5343B2F828
:105520006420A1F8AE31A1F8AC21C1F8B04101F579
:10553000D67009E7274890F84830002B00F0118119
:105540002022002120A81EF0CBFA2B4B2E1D1B7809
:10555000052B02D1032001F0DDFE28AA06F1200C64
:10556000134630687168083603C366451A46F7D19A
:105570004021224804F090FBA8B9204B30AE03F143
:10558000200C324618685968083303C26345164632
:10559000F7D1002318AE38933246402138AB28A803
:1055A00012F092F860B301240A4BC3F8B04106220E
:1055B0006B88084802FB03776FEA43436FEA534363
:1055C000B7F86420A0F8AE31A0F8AC2100F5D67091
:1055D000BAE600BFB01900205C1B0020843E00200A
:1055E000C43E0020E812002008110020D819002035
:1055F00000400020B8190020940B0020641B0020FC
:10560000B34B96E803009980090C9DF86E20186052
:1056100099711A98BDF86C105A73C3F80700A3F873
:105620000B1005F1240238AB05F1440C1E4610683E
:105630005168083203C662453346F7D1A54B40AEE8
:1056400003F1200C324618685968083303C26345D9
:105650001646F7D1002301224FF4844012A904F02A
:1056600052FA064690BBDDF84880D8F80430D8E9F5
:1056700008191B0A2FD1B8F8003003F4E042B2F544
:10568000805F10D0B2F5005F0DD044F2010223F428
:105690004050904207D003F44F43B3F5824F02D0FD
:1056A000B3F5844F1AD1B9F1100F1AD848AB4A4656
:1056B00018461EF079FB0021C9F1100248441EF083
:1056C0000FFA404608F096FF06B968B1502138A895
:1056D00002F0ECF967E76FF08606F2E76FF08506F7
:1056E000EFE76FF08906ECE7502112AB20AA38A84B
:1056F000129611F0E9FF0646502138A802F0D6F9BB
:1057000016B1202120A8E3E7734B1B78032B03D1AC
:10571000724B186804F04AFA12A801F076FD704B3B
:105720000DA815934FF440730D9301F076FD0D9B7A
:10573000DFF8C8C11493002320A9CDE912C3179341
:105740002022664B12A804F0E5FE0646202120A880
:1057500002F0ACF9002E7FF426AF042001F0DAFD50
:1057600022E7112280F8B13180F8B02180F8B231FF
:1057700080F8B331402100F5DA7002F097F916E7AE
:105780004FF0AA334FF0AA32CDE90E230423554837
:1057900080F8AC31002380F8AD31052380F8AE31BC
:1057A0006FF07F0380F8AF31082398E61B280DD1F6
:1057B0004C4C94F8F431002B3FF4CCAD04F2F510CE
:1057C00001F037FD002384F8F431C3E505F0B3FEA2
:1057D000C0E5EFF31184302585F3118842480EF0BF
:1057E000A1F8074684F31188BFF36F8F97F84C3008
:1057F0003C1F022B13D1204601F032FB78B107F198
:105800002C00D7F8A06020F0B1F9039B3046214668
:1058100087F84C300EF08EF820461FF0BDFFEFF3F6
:10582000118485F3118830480EF07CF8074684F324
:105830001188BFF36F8F0028D8D19BE5039B013CF3
:1058400003744368C068984714F0FF047FF497AD71
:10585000A3E59B1BDBB2ACE5B068864216BF83684C
:105860000026B360039B836043689847AEE50CF065
:1058700080FD1E4BD3E9002390429941FFF4B8AD5F
:105880001B4D286800B9FEE71E221A4B1A49C31A9D
:10589000DB10B3FBF2F33022DBB202FB03110B7F10
:1058A0000E7666F382030B770CF084FD01232E60E5
:1058B00023709DE50CF05DFD0C4BD3E90023904275
:1058C0009941FFF495AD0A4D2868C8B9FEE700BFBD
:1058D0009C0B0020841B0020940B0020B40C0020A3
:1058E00000024805B0190020883E0020F012002078
:1058F00030140020D80D0020F812002000240001F0
:10590000B04B4FF0300CC71A1E23FF10B7FBF3F754
:10591000AD49FFB20B2332460CFB07110CF0F8FE29
:10592000C4E7404620A90BF067FD002840F0AB809B
:10593000DDF880A0BAF1010F08D040F2B880AAF1DA
:105940000203032B40F2AB80052250E202238DF8C4
:105950004830B4F89630AB4205D0404612A90BF05F
:10596000BFF900B1FEE79DF84830022B40F0868079
:105970000DF1E0084046276809F09CFC00211E2537
:10598000924BDFF840A21970FB699148A3EB0A0320
:10599000DB10B3FBF5F3DBB2402200EB83101EF00B
:1059A0009FF8FB698B48A3EB0A03DB10B3FBF5F30D
:1059B000DBB24022002100EB83101EF091F80120A1
:1059C00007F11C091FF06CFA48B1484609F0A6FC23
:1059D00000B1FEE701201FF063FA00B9FEE70025E1
:1059E0004FF6FF71F86908F069FF484628A9CDE92C
:1059F00028550AF081FC4FF6FE71F86908F0A0FF07
:105A0000404609F057FCCDF80080424643462946FF
:105A1000F86912F019F82946F86909F035FB2846AB
:105A200012F0CEFF4FF6FF780B2307F1540087F8F2
:105A30004430C7E91355BD64A7F846800AF032FC2C
:105A400094F87139234483F86A5983F8725983F8BA
:105A5000768983F87A59206EC4F88059C4F884593D
:105A6000C4F88859C4F88C590AF08AFC7022802145
:105A700020460CF081F8002872D0FEE7032B0CD1F1
:105A800001F030F81B200BF06DFE9DF81F50024610
:105A9000294620460CF06DF862E00DF031FF2890A9
:105AA00028A940460BF0A8FC18B10BF05BFE02469B
:105AB0009DE1BAF1030F289D13D0AAF10403012B35
:105AC00008D853462A46394620460CF0FEF90028ED
:105AD00046D0D8E72B460022394620460BF0DCFFA3
:105AE000F5E72B4610A81D223B490CF0CFF9DDE964
:105AF000103000F0010A002B40F07E81BAF1000F57
:105B000040F07A81712D69D0B5F56F5F55D00C2DBD
:105B100040F05D81404638A90BF0E2F8002840F0E3
:105B20004A819DF8E030022B3BD003D9DA1E012ACE
:105B300088BF0323002584F8E0300C220123394676
:105B4000204684F8E8500CF03DFA94F8E030042B3D
:105B500030D0012338BB626C84F8A830C4F8E4204C
:105B600094F8ED2894F8EE389A4202D020460CF0D2
:105B7000DBFA94F871299DF81F30224492F8E91855
:105B800003F00F0331B18B421EBFD4F888190131E5
:105B9000C4F888190F2B0CBF0123013382F8E938B0
:105BA00082E40123C6E7C4F8E45084F8A83084F8FE
:105BB000E870D5E70028D3D0F9E7394620460BF046
:105BC000F5FF84E7D80D0020F812002069130020AB
:105BD0000410002084100020086F020023689A6CD3
:105BE000002A00F0F0801D6F002D00F0EE8040468E
:105BF00012AA38A90BF0C6FC002840F0DC80BDF8E2
:105C000048207F2A00F2D6802B46AA8053F8060B44
:105C1000389905931EF0C8F8059B404619460BF0CD
:105C20005FF8002840F0C780AB794046AB7640F67D
:105C300004732B837F23EB762B7FC5E904AA23F023
:105C4000170343F004032B7705F118010BF048F814
:105C5000002852D1404605F119010BF041F8002807
:105C60004BD10DF1200A514640460BF049F800286F
:105C700043D12B7F9DF820200DF1220A62F382038D
:105C8000514640462B770BF03BF8B0BB2B7F9DF87D
:105C900022200DF1210A62F30003514640462B7782
:105CA0000BF02EF848BB2B7F9DF821200DF1300A18
:105CB00062F34103514640462B770BF021F8E0B9DF
:105CC0002B7F9DF83020404662F304132B7705F1BB
:105CD00014010BF09BFA80B9404605F110010BF05E
:105CE00095FA50B9404605F11A010AF0F9FF20B9BA
:105CF000404605F11B010BF002FAD4F80080D8F8F9
:105D00004830002B5FD098F85A3008F15405052B25
:105D100059D0D8F870A0DAF8000012F009FFB0B33B
:105D20009AF81C30D80632D4504638A909F035FE0E
:105D300068BB9AF81C30D90704D4504698F8B410C0
:105D400009F054FEB8F858309A0620D49DF8E03097
:105D5000082B1CD1D8F8703008F190029A60D8F85E
:105D60007000037FDB070CD4D8F8B0A0514609F0CF
:105D700024FED8F8B0309A4524BF0AF10101C8F8D2
:105D8000B010D8F8700008F162010AF02CF8002376
:105D9000284688F85B3088F85C3088F8B5300CF01D
:105DA000FDFBAF4BA14407F00F07C8F84C3089F852
:105DB0007279D5E606200BF0D5FC3946024620461E
:105DC0000BF0DAFE83E60D20F5E70320F3E7A5F5F7
:105DD0007053B3F5806F09D243F601439D424FF0F3
:105DE000010984F86FA91CD084F86F990D223946F7
:105DF00020460BF0BEFE6AE6002284F86F294210AE
:105E000004EB6000BAF1000F01D0A258D3589847B4
:105E1000012384F86F3900287FF447AE2B46012216
:105E20005AE640460BF00CFA172884F86F99F2D125
:105E3000DCE704F5805393F8A6314BB104F114006C
:105E40000AF07EFB20B904F58D50143009F088FA71
:105E5000002108461FF0A0FF4FF00008814F824C40
:105E6000EFF3108072B67D881FF098FF002D3CD1B3
:105E70004FF4F8501FF014F858B34FF480701FF02F
:105E80000FF87A4C0746002800F0968023682946D0
:105E90001B684FF480701B78754F13F0200F08BFFC
:105EA00000271EF0E5FF2B4600212268C2E90411FD
:105EB000EFF31180302282F311886E4A82F83D128E
:105EC00080F31188BFF36F8F21683A46886A0CF01F
:105ED0001FFC694A049B9B1A1E22DB10B3FBF2F3E2
:105EE000DBB2012B40F28A80FEE784F80080EFF3FA
:105EF000108072B67A8882B13B88013A07EB830141
:105F0000CD68B9880133B3FBF1FC01FB1C337A8007
:105F10003B801FF043FF15B9FEE71546F9E7DFF8B0
:105F200074912B7B99F81720C3F3800363F341022C
:105F300089F817202B7B03F0FB032B7399F81720AC
:105F4000DB0963F3000289F817202B7B03F07F0342
:105F50002B736B7889F806302B4613F80C2BA9F8B5
:105F60000420C9F8003095F90330444A89F8153007
:105F70001370AB78424A89F8163013706B68C9F811
:105F80002830D5F808A00CF0F4F900238245D9F8A0
:105F9000280028BF01F1FF3113EB0A03C9E90231E0
:105FA00018B9354809F0BCFC364809F0B9FC294657
:105FB000354812F05BFB53E74FF400701EF070FFA2
:105FC000054630B139464FF400701EF051FF0F23E3
:105FD0006AE74FF480601EF063FF074638B1294638
:105FE0004FF480601EF044FF2F460E235CE701460D
:105FF0004FF480501EF03CFF0B2355E7234A52F824
:10600000230020B10368022B01D108F0BBFDEFF3A0
:10601000108072B61E4C65881FF0C0FE002D42D065
:1060200008F00BFC00283ED1EFF3108072B66188B7
:1060300061B1238804EB8302D668A2880133B3FBE5
:10604000F2F502FB153323804B1E63801FF0A6FE82
:1060500006B9FEE73379FBB1012B41D0FEE700BF63
:10606000AD190100981500205813002024110020BC
:1060700088110020B0190020D80D00206B130020DB
:106080006A130020C80E0020E4150020281100200B
:106090003415002058110020B16830680CF08AF9DE
:1060A00030461FF079FB1D49A1F1480008F096FB2E
:1060B000E0B11A49A1F1480008F090FB0446F0B99C
:1060C0001749A1F1480008F089FB044600283FF475
:1060D0008CA82046134908F097FB20461049F2E7A8
:1060E0007289317A306808F0D6FED9E70C49A1F1FF
:1060F000480008F073FB0028DBD1FFF776B80A4BA5
:106100000A4A19780A4B2046002918BF1A46114638
:1061100008F07AFB20460149CEE700BFD80D0020E9
:1061200000100020A5D60000041100208BD600002E
:10613000D1D600000348044B834202D0034B03B185
:1061400018477047CC400020CC40002000000000E1
:10615000064B0749C91A891048BF0131491003D0BD
:10616000044B0BB101481847704700BFCC400020DA
:10617000CC4000200000000010B5064C237843B945
:10618000FFF7D8FF044B13B10448AFF3008001239D
:10619000237010BD483D00200000000038A602001A
:1061A00008B5054B1BB105490548AFF30080BDE8B4
:1061B0000840FFF7CDBF00BF00000000F82F00200F
:1061C00038A60200A3F5803A704700BF174B002B9A
:1061D00008BF134B9D46FFF7F5FF00218B460F4686
:1061E0001348144A121A1DF07BFC0E4B002B00D0F2
:1061F00098470D4B002B00D0984700200021040049
:106200000D000D48002802D00C48AFF3008015F0B7
:106210009FFA20002900FDF7C3FF15F089F900BFA0
:10622000000008000000000000000000C80A002074
:10623000C80A0020803D002000000000000000008F
:1062400008B5C36F0A462BB1D0F88010007A984782
:10625000012008BD1846FCE70246D0F8940068B952
:10626000937B73B9D2F8900050B9D2F88C3043B90F
:10627000537B127B9B1A584258417047002070474D
:106280001846704740BA80B24140C1F303135940E9
:10629000080380B24840490101F4FF51484070476B
:1062A000024610B544180020A24200D110BD12F8D9
:1062B000011BFFF7E7FFF7E738B504464518002054
:1062C000AC4203D1831A5842584138BD14F8011B1F
:1062D000FFF7D8FFF4E721B10020012308800B70FD
:1062E000704722207047EFF31183302282F3118828
:1062F000064A107820B1064A1088003818BF0120DD
:1063000083F31188BFF36F8F704700BF803E00207A
:10631000C80A00204FF4E13070474FF4E130704775
:10632000EFF31183302282F3118883F31188BFF3D6
:106330006F8F70473021094A937852684B4303F1BD
:10634000A04303F58023DB6E92689B1AB3F5897F27
:106350003ABF038000200120704700BFC80A002018
:10636000F8B51646044600258F1FAF4201DC002019
:106370000CE0204603780134142B08D10521B0F835
:106380000520FFF799FF10B106B13580F8BD013542
:10639000EBE72DE9F3470746EFF31188302383F34A
:1063A00011880125DFF880A01E4E9AF802400DF1F9
:1063B0000600A5405C4304F1A044B56204F58024C6
:1063C000D4F86490FFF7B6FF28B1756288F311889E
:1063D000BFF36F8F09E0BDF80630BB4208D375628A
:1063E00088F31188BFF36F8F2E2002B0BDE8F087CD
:1063F0004A46FB1A9BB2013B63F30E126266236F9F
:1064000043F002032367636E43F48013636675658C
:10641000236FAAF8087023F003031A7B60F341028C
:106420001A73D2E700100450C80A00208B7C01F1D7
:106430002C0201338B74036813B9CB62026070477E
:106440001846F8E7C06C836A03B118477047012308
:106450000B747047C388B1EB431F3FBF03684A0901
:1064600053F8220001F01F013ABFC84000F00100BC
:106470000020704710B5C38823B9CA885AB9ABB198
:10648000012017E0026802EB830252F8042C002A74
:10649000F3D1013BF0E70C6804EB820454F8044CA0
:1064A0000CB9013AEAE79A42EAD30FD8013B5A1CE9
:1064B00001D1002010BD026852F823400A6852F84A
:1064C00023209442DCD803F1FF33F0D24FF0FF30A9
:1064D000F0E730B5C38823B9CA885AB9002B3DD13B
:1064E00036E0026802EB830252F8042C002AF3D152
:1064F000013BF0E70C6804EB820555F8045C4DBBEA
:10650000013AEAE7B1F9045003D2B1F9040040427C
:1065100026E0B0F90420002A03DD002D0CDA01206A
:106520001EE0002D08DD3AB14FF0FF3018E003F116
:10653000FF330BD2504213E0013B016851F8235066
:1065400054F823108D42F2D9104609E0591CF4D1B9
:10655000002005E0002BD8D09342D3D9B0F9040035
:1065600030BD0022154BB3F90010884202D1B3F9B7
:10657000020070470132042A03F10403F3D110F141
:10658000910F15D010F1900F0ADA10F1970F12D079
:1065900010F1930F14BF4FF0FF306FF06F00704792
:1065A00010F1860F14BF4FF0FF306FF0710070478D
:1065B0006FF06F0070476FF06D007047E05F020092
:1065C0008A4228D001F0FE43B3F1A06F14D102F04B
:1065D000FE43B3F1A06F0FD182EA010333F47E13BF
:1065E0000AD10B0408D5C1F30541C2F3054291421B
:1065F0008CBF00200120704721F47F03B3F1106F9E
:106600000BD102F0FE42B2F1106F06D104480B1A12
:10661000584258417047012070470020704700BF22
:106620000000020907B51E48837A03B9FEE700237C
:1066300069461030CDE9003312F028FCE8B9194A58
:10664000D2F84031D2F840211F2B4FF001030FD96F
:10665000203A9340019A1A43019208236A4612494C
:1066600012480EF013FB124B124A1A600DF048F953
:106670009340009A1A430092EFE72D28F3D1094A7C
:10668000D2F84031D2F840211F2B4FF0010385BFD3
:10669000203A93409340019398BF0093DDE700BFF9
:1066A000C80A00200080004400710800D80A0020B9
:1066B000000000200B020FF008B50DF033F920B1F7
:1066C00010F81A3C2C38013B837408BD38B50C46D1
:1066D000EFF31185302383F311880848FFF7ECFFAF
:1066E000206028B985F31188BFF36F8F1B2038BD58
:1066F00085F31188BFF36F8F0020F8E7400B00206F
:1067000038B50D48002284780C497C3012F041FBEA
:10671000302301250A4AA54003FB0423196F21F009
:1067200002011967596E21F48011596602F5005370
:106730005D651D6538BD00BFC80A002099C0000016
:106740000000045010B550F8044C011F606F12F0A7
:10675000E1FA204610BD38B505460C4661B14868DF
:1067600020B1FFF7EFFF2846FFF76CFE2146A86F28
:10677000BDE8384012F0CEBA38BD38B50446406F97
:106780000D4612F0CCFA034620B1002043F8044B2A
:106790002B6038BD1A20FBE710B50C4661B1C06F05
:1067A00012F0BDFA206048B1002303601846226849
:1067B00013722268536010BD2220FCE71A20FAE70A
:1067C000F8B5044600284BD0837C002B4AD10168E1
:1067D000856911B1284612F09EFAA16819B1D5F861
:1067E000800012F097FAE37C022B0AD0032B0AD028
:1067F000012B0AD1606820B1FFF7A4FF2846FFF7FC
:1068000021FE012602E06168E1B90026EFF311875D
:10681000302383F311882146A86E12F07BFAE37CC3
:10682000042B13D1B5F86430013BA5F8643087F32D
:106830001188BFF36F8F1EB1E86C436A03B19847AC
:106840000020F8BD286F12F065FADEE7052B01D0B5
:10685000032BECD1B5F86630013BA5F86630E6E7CE
:106860002220EEE70420ECE770B516461C460D46E4
:10687000B1B1806F12F053FAA0B1002303606B68CE
:10688000048143600223837234683CB90223306080
:106890002846EB74FFF794FF204670BD2646F3E7C9
:1068A0002220FAE71A20F8E7F7B540F20113012594
:1068B000012204216846ADF800300EF083FD2A461F
:1068C000022101A8ADF804500EF07CFD032001A9BF
:1068D0001FF025FB019B40F6AA6259014FF4E1131A
:1068E00001F561213948B1FBF3F1394B456041F2C3
:1068F00005075A610022374C374E9A60DA65DF602F
:106900001A61DA61DA64A6649A651A655A65656087
:1069100045609E68203946F080469E602F4EDF60BD
:1069200006EAC10102268260D9612D499A65C1F843
:10693000AC650421E1654FF440645C611023294A91
:10694000C2F8AC354FF00113C2F8C435C2F8BC55DB
:106950004560416145610DEB010011F009F988BB0B
:106960009DF80460204C01A8A67011F001F948BB05
:106970009DF8043084F89030D4F894301A68127D71
:10698000B24221D9EFF31182302181F311881749E6
:106990001B6943F8261082F31188BFF36F8F4FF401
:1069A0008023C4F89830124BC4E92700C4E92B00B7
:1069B000C4F8A400C4F8B400C4F8A83084F8A15006
:1069C00084F8B15003B0F0BD2120FBE700900550E2
:1069D0000080055000A00550FFFF0100F8FF7F0078
:1069E00000E0035000C00350C80A0020BDBC0000F6
:1069F0000200040010B5682101200FF007FD0446D5
:106A000018B1682200211DF06BF8204610BD10B5AA
:106A1000242101200FF0FAFC044618B124220021A1
:106A20001DF05EF8204610BD0022C188914201D8B9
:106A300000207047036853F8223033B193FAA3F073
:106A4000B0FA80F000EB421070470132EEE7F0B58B
:106A5000C4880546082C8BB017D9083C082C17D8D9
:106A60000668A70020363A46314602A81DF09CF978
:106A70003A46002130461DF033F8262300930921C1
:106A80002346286802AA12F071F800200BB0F0BD6E
:106A90000048FBE780B0FFFF0FF02BB810B50446AD
:106AA0000FF008F82046BDE810401EF075BE0FF04C
:106AB00006B80FF004B800239A6AB2F5804F03D2EB
:106AC0001168074A914203D0002303708360704726
:106AD000012202709A6A926842609B6A9B69F5E79C
:106AE00007B0CD5E1FB501238DF80430002301A847
:106AF0000293FFF7E0FF039B9C0245D5254C63689A
:106B00000BB10EF077FA0122234B5A60A36A980664
:106B1000FCD402230125A3606362204B5D600EF06C
:106B200069FA1C4BE5609A6AD106FCD402221A630A
:106B30009A6AD206FCD40323174A5361A2F5805205
:106B400093614FF48022164B1A604AF6E850154BB9
:106B5000154CDA6ED96E22F003021866134842F023
:106B6000020241F00301C0F82044DA66D966DA6611
:106B7000D966DA66D966DA66D966DA66BFF34F8F08
:106B8000BFF36F8F30BFFEE7094B0A4A1A600CF063
:106B9000B7FE00BF0040065000600650005006508F
:106BA00000E100E0004000500000FFFF00E0035063
:106BB0000000002002020FF01FB500239A6AB2F510
:106BC000804F1ED2126BB2F5804F1AD2012201A85B
:106BD00002938DF80420FFF76EFF039BDB0310D5B3
:106BE000029B1A0E0DD0012A03D1C3F307430A2BCF
:106BF00007D900239B6A1B6B1B6C05B05DF804EB87
:106C0000184740F2011005B05DF804FB006800B9B8
:106C10007047037A8B42F9D190F85030002B08BFAF
:106C20000020704708B503683BB901790448FFF7B5
:106C3000EDFF08B190F8500008BD93F85000FBE755
:106C4000843E0020054A08B502F1B800FFF7EAFFCC
:106C500005281CBF012382F8C43008BDC80A0020E3
:106C6000022808B509D1042906D100210948FFF7F7
:106C7000CDFF012380F8A03008BD0328FCD10429F2
:106C8000FAD10022044B5B68002BF5D0C3E9262221
:106C90001B68F9E7843E0020803E00202DE9F04388
:106CA0001D46062387B0137049681446302900F04A
:106CB00081801AD8042906D80139032940D8DFE891
:106CC00001F04368495320296ED0A1F5E063FF2B02
:106CD00000F2BC80C9B241F4E0635E486360FFF734
:106CE00095FF58B390F8A00028E040F202239942A3
:106CF0007FD00ED8502960D0B1F5007F62D04029F6
:106D0000E3D1516050F8380CC3699847A06008235C
:106D10004EE040F20133994270D0B1F5885F72D0F5
:106D2000A1F58053FF2BD0D8C9B241F48053494814
:106D30005360FFF76BFF08B190F85000207207E036
:106D400000235360A360E2E701235360062313721C
:106D500005232DE0042303220921C4E90123012393
:106D6000C4E90313102323E01346042243F8042F3D
:106D7000394A116859605168128999609A810E23C5
:106D8000638001234374638804332B6007B0BDE83C
:106D9000F083022301215360082210F8333C628003
:106DA00013FB0213A360EEE7516050F8302C2281F0
:106DB0006380E8E75160C36BC4E7516050F8380C5A
:106DC000036AA2E7516003A8FFF775FE049BE36026
:106DD000002323619DF80C30012B02D10323237281
:106DE000C0E723B923724FF0FF33E360BAE704230F
:106DF000F5E71A4B5160D3F8C830A3E7174B516041
:106E000093F8CC309EE7516002F1070802F1870940
:106E100000221646531C6846CDE90066CDE903669C
:106E20008DF804208DF8103002960596FFF7FAFED3
:106E3000074603A8FFF7F6FE47EA001708F8017FA8
:106E40000232C145D2B2E5D18423B1E700236360A9
:106E50000D2377E7843E0020AC830200C80A00209F
:106E600008B50146FFF7F8F950B1D1F8880040B9EC
:106E7000D1F8843023B9B1F86800B0FA80F0400945
:106E800008BD0020FCE7EFF31182302383F3118863
:106E90008368013B836082F31188BFF36F8F704773
:106EA00008B508B9022008BDEFF31182302383F33F
:106EB0001188836823B982F31188BFF36F8FF1E7DC
:106EC0000133836082F31188BFF36F8F21B10368B0
:106ED00013B100200B60E6E7FFF7D5FFE2E738B516
:106EE0000446EFF31185302383F31188037C63B1EB
:106EF0008068214640300CF01DFDA26892F84430B5
:106F0000013B82F844300023237485F31188BFF3DA
:106F10006F8F38BD2DE9F041044617460E46002913
:106F20003DD0806E11F0FBFE0546F8B13422002101
:106F30001CF0D6FDEFF31188302383F311887B1EFC
:106F4000042B2ED8DFE803F0182D03210300B4F83A
:106F50005820B4F86630013A93420ADB2946A06E05
:106F600011F0D8FE88F31188BFF36F8F1A20BDE8A7
:106F7000F0810133A4F8663088F31188BFF36F8F76
:106F80000020EF74AC613560F1E7B4F86430B4F818
:106F90005A209A42E2D90133A4F86430ECE7222067
:106FA000E5E72120E3E72DE9F34791460422044673
:106FB0008846D0F8A4000DEB02019A46FFF7AAFF1D
:106FC000074660B91AF00E0F667A019D0AF00203B7
:106FD0001AD0B20707D42846FFF7F2FB212738461C
:106FE00002B0BDE8F087A3B91AF0040F14D11AF06B
:106FF000080613D1324694F85030052B10D028469D
:10700000FFF7DEFB0227EAE716F00106E3D10122D3
:10701000F1E706463A46EEE70426FBE70E26F9E7D7
:10702000C5F80480A5F80C906C61237A6B740A9BF8
:107030002B62CAB1A37AE27A1B01DBB21343CAF313
:10704000001A43EACA0A85F810A0A37A013303F0B4
:107050000703A37249464046FFF722F92946E88113
:10706000204611F0DAFEBAE766F03F062E74F1E72B
:107070002DE9FF410F4603A9064615469846FFF73E
:107080000FFF38BB45B30398D0F8A43090F8A02088
:10709000B3F85C4040F6F773002C08BF1C46C2EB07
:1070A000423204EBC204A4B2A5420ED80A9B394670
:1070B00000932A464346FFF776FF01463046FFF726
:1070C000E2FE084604B0BDE8F0813046FFF7DBFE83
:1070D0002B21F6E70221F4E72121F2E710B578B180
:1070E000FFF730FB044660300CF01CFC014610B189
:1070F000A06F11F00FFE2046FFF7A4F9002010BD8D
:107100002220FCE708B50CF00DFC20B110F81E3C65
:107110003038013B837408BD8B7C01F130020133B0
:107120008B74036813B90B63026070471846F8E765
:1071300038B581624469EFF31185302383F31188F8
:10714000D4F8A430014603F11000FFF7E5FF85F302
:107150001188BFF36F8FD4F8A420074902F11800FB
:1071600011F017FE4FF6FF72B4F8683093421CBF5F
:107170000133A4F8683038BD8776000010B50446A6
:10718000A37C0846013B04F13001A3740CF0D2FB50
:107190002046BDE810403321CAE72DE9F743894670
:1071A000174601A9032206461D469DF82880FFF7D1
:1071B000B1FE38BB306F019C11F0B1FD606028B9A1
:1071C000204603B0BDE8F043FFF7FABA012165F0AD
:1071D0006F05A181C4F814906774257480F800804D
:1071E0006068FFF75DF8E081EFF31185302383F3EA
:1071F0001188214606F10800FFF78EFF85F31188FC
:10720000BFF36F8F03B0BDE8F08310B504461822BA
:1072100000211CF065FC204610BD0368D90444BF62
:1072200043F4806303609A0444BF43F40063036043
:10723000704707B50022084B014683F8CC2002882E
:10724000064B0432009392B201230548FFF710FF6A
:1072500003B05DF804FB00BF803E00201D760000F7
:10726000800B0020002307B5012219460E4811F0BB
:1072700063F868B90C4801A9FFF712FE40B9019BF9
:107280000A4A09489A65FFF7FEFDFFF709FE18B1A3
:10729000002003B05DF804FB019B054A02485A67D1
:1072A000FFF7F1FD0120F4E7800B00201D760000C0
:1072B000456C000010F1840F12DA10F1950F25DBF8
:1072C0009530102822D8DFE800F01D2121211B2154
:1072D00021211913110F151F170923000F207047C3
:1072E000003818BF012070471D2070472E207047BE
:1072F0002D20704724207047212070471A207047A6
:107300002F2070472C2070472520704701207047A0
:10731000082070470146054B93F8CC0083F8CC1049
:10732000D3F8D03003B11847704700BFC80A002017
:107330002DE9F0470646C06C86B0836998478046C1
:10734000002800F06781F36823B9B368002B39D1B6
:107350001B2533E0B04B93F8CC3003F0FB03012B3B
:10736000F3D1EFF31185302383F3118806F10C007C
:10737000FFF7C8FE044685F31188BFF36F8F00281E
:10738000E3D0237C9F097F2BA36898BF002743BBD2
:10739000F06E11F0C4FC206028BBEFF311823023A3
:1073A00083F31188A37C0133A374B36844F8303F9E
:1073B000B46082F31188BFF36F8F1A25284606B098
:1073C000BDE8F087EFF31185302383F3118806F1D0
:1073D0000800FFF797FE044685F31188BFF36F8F0F
:1073E000CFE74FF00008A189002939D08B1C9BB250
:1073F000D4F814C037B9227C9CF80B0022F00702A5
:1074000002432274207C25687F28D4F808A029D85C
:1074100041B3BAF1000F28D19CF8A090B9F1000F48
:1074200027D07D4A92F8CC2002F0FB02012A1ED020
:107430002946304611F06FFCC4F800A0EFF311822A
:10744000302383F31188A37C0133A374F36844F8D9
:10745000303FF46082F31188BFF36F8F0025ADE7F2
:107460000B46C5E7BAF1000F22D04FF000090833F0
:107470009BB21421627CAB701B0A29702871052114
:1074800028466A70EB70FEF70BFF6871000AA8715E
:10749000B9F1000F7BD0D6F8800011F040FC2168D4
:1074A0000546A06030B9304611F035FC256084E710
:1074B000D146DEE70B79584D03F0070923F00703A7
:1074C0000B71D4F814A0D4E900129AF80800D4F88B
:1074D00008C08DF80C00DAF89C00A3890590D5F857
:1074E000DB00CDF80D00B5F8DF00ADF8110095F820
:1074F000E100CDF800C08DF8130003A811F07CFE68
:10750000804698B9DAF89C300133CAF89C30D5F837
:10751000E4300133B3F1005FC5F8E43006D195F8EB
:10752000CC30052B02D10320FFF7F4FE4046FFF7D5
:10753000C1FE2268054613794FF0000823F00703C7
:1075400049EA030982F80490A26870B122B1114699
:10755000D6F8800011F0DEFB30462168C4F80880C0
:1075600011F0D9FBC4F8008028E7D4F80480B4F8FF
:107570000C90C144C1452BD102F1080512F8011B42
:10758000FEF780FE9542F9D14FF00008E081EFF35D
:107590001189302383F31188F06C214643699847A1
:1075A0000546D0B1A37C0133A3742346B26843F8E7
:1075B000302FB360B8F1000F05D03046216811F0CC
:1075C000AAFB0023236089F31188BFF36F8FF5E6D0
:1075D00018F8011BFEF756FECCE7606938B9022F98
:1075E00015D089F31188BFF36F8F0125E6E677B9CF
:1075F00021468C30FFF790FD6269D37B0133D37352
:107600006469237C1BB91EF01BFAC4E9060189F3E7
:10761000118821E73425D1E6C80A0020094A13B1B0
:10762000012382F8C4300121074B83F8CC1092F873
:10763000CC30042B04D100230520C2F8E43069E6E5
:10764000704700BFC80A0020803E0020EFB5064604
:107650000D46843803A91746FFF79EF888B906231C
:10766000039909228B8105230D7245F48055CB8146
:107670000E600D610F750123009130460C31FFF74C
:10768000F7FC04B0E0BD2DE9F047064630274FF087
:10769000020900F1100833697BB1EFF3118A87F317
:1076A00011884046FFF72EFD4469054694F8503096
:1076B0002BB98AF31188BFF36F8FBDE8F087B4F858
:1076C0006830002BF5D0013BA4F868308AF31188AC
:1076D000BFF36F8F037C7F2B4FEA931232D9032ABB
:1076E0000AD14069D0F864A0BAF1000F04D0AB6AA7
:1076F0002A6A6968007AD04794F85030062B25D062
:10770000082B23D0032B17D12046FFF7A9FB98B1F4
:10771000637A84F85090DB060ED5EFF311823023A4
:1077200083F31188D4F8A430596844F8041F5C60CE
:1077300082F31188BFF36F8F002328466B60FFF739
:107740003FF8A8E74069D0F858A0CDE72046FEF7FB
:1077500083FD0028F0D0D4F8A4000922217A8430D7
:10776000FFF774FF18B1092384F85030E4E794F868
:107770005030062BE0D10723F6E7054BD3F8E8306D
:10778000584043085B4240421843C017704700BF4F
:10779000C80A0020F8B5C3880E46B2EB830F07680D
:1077A0004FEA83041AD813469C420CD8154600238E
:1077B000AB4215D1A24204D90021121B30191CF092
:1077C0008FF90020F8BD23F003003D5803F00301BA
:1077D000C900CD40EDB26DB90133E5E72546E6E7D6
:1077E00023F00301795803F00300C000C140F154B5
:1077F0000133DDE76FF00700E4E7034670B51C686E
:10780000DB880846B2EB830F4FEA830519D9521B78
:107810008E1800211CF064F930462A4600231044DB
:10782000934210D1002070BD23F00301615803F092
:107830000306F600F140C9B281B901339D42F3D885
:10784000ECE71346FAE723F00301615803F0030560
:10785000ED00E94000F8011D0133E1E76FF007009A
:10786000E1E71FB54FF001130191039302A901ABAA
:107870000293FEF72EFE05B05DF804FB10B50C4C2C
:10788000D4F8E820D4F8E8304240594081EA0200B8
:10789000C00FFFF772FFD4F8E830521A434022EAD3
:1078A000030208401043C00FBDE8104065E700BF69
:1078B000C80A0020013901D20020704750F8213059
:1078C000002BF7D0B3FA83F00131C0EB41107047C1
:1078D000C1880068EEE753098B42F0B402F01F0440
:1078E00001D805D13CB3F0BC8A0000211CF0F8B8E7
:1078F0001F2A22D834B1002200EB8101C4F12006F6
:1079000081420FD1F0BC704752F8047B45F8047FE8
:10791000B242F9D10022CB1A8B42EBD240F823209D
:107920000133F9E751F8045D25FA04F313430B60C2
:1079300005FA06F2E4E71F2AE4D900EB8302051FEB
:1079400000EB8106E4E708B50A46C18811B100687A
:10795000FFF7C1FF002008BD01F18041013900EBB4
:1079600081018142034600D270471B680A681BBA36
:1079700012BA40F8042B41F80439F2E70346C06913
:1079800020B15B6A002B14BF012002207047002247
:107990000123C0E90023C0E90223C0E904237047A2
:1079A00038B5002401250146C0E90254C0E9045459
:1079B0000470446085611C30FFF7E9FFC1E90D45A3
:1079C000C1E90F44C1E91144C1E91344C1E91544B7
:1079D000CC6538BD70B50646FFF7D0FF02280C46CF
:1079E00005461DD100212046FEF734FD60BB012174
:1079F0002046FEF72FFD024630BB2046FFF768FF0A
:107A0000336C591C88421FD1FE2B07D129462046D2
:107A1000FEF720FD0D4B021E18BF1A46104670BD22
:107A200001280FD101462046FFF71BFF00280BDB82
:107A3000204606F13401FEF74CFD0028034AB8BF8A
:107A40000022EBE7024AE9E7004AE7E780B3FFFFDD
:107A500080B0FFFF70B5066C0D460736B3EBD60F4E
:107A6000114604464FEAD60203D200230D482B608C
:107A700070BD2A60B0F866307BB1FFF77FFF022847
:107A800004D104F16000BDE8704083E6012806D10E
:107A900004F16000BDE87040AFE60348E8E76FF02E
:107AA0006D00E5E700B1FFFF80B0FFFF10B5034BAD
:107AB0000A461B6900210446984710BDE05F02009A
:107AC00010B5044610B109B1FFF7F0FF2046BDE83C
:107AD00010401DF061BE10B5044648B1006818B1F1
:107AE000E1888900FFF7ECFF00220123C4E90023AD
:107AF00010BD10B50446FFF7EEFF04F10800FFF7D4
:107B0000EAFF04F11000BDE81040E4E700B1F0E73F
:107B1000704742F21073994270B504460D4602D97F
:107B20006FF00F0070BDC3888B4213D2042128462A
:107B30000EF06CFC06460028F2D0216841B1E288C4
:107B400092001CF031F9E18820688900FFF7B8FF46
:107B5000E58026600020E5E72DE9F0410D46C98863
:107B600004461646FFF7D5FF014618BB3046FFF71F
:107B700004FE03461C4EB4F90420D6F8E800013296
:107B8000584022EA0002B5F90400013018400243CF
:107B9000013AA280D5F800E02268B5F80680724567
:107BA00003D08C46043AE04507D8DB43EA88E088F6
:107BB000824211D30846BDE8F081D6F8E87052F849
:107BC000040F5F4020EA07005EF82C700CF1010CF6
:107BD0001F4038431060E6E7256855F8220018403A
:107BE00045F822000132E2E7C80A0020F8B5054650
:107BF0008D420E46104601D10020F8BDFFF7BDFDB5
:107C0000C98804462846FFF784FF10B16FF00F00C3
:107C1000F3E73046E988FFF77CFF0028F6D11E4ADB
:107C2000B6F90430B5F90410D2F8E8000131013397
:107C3000604021EA000023400343013BAB80B6F9DA
:107C40000430D2F8E80001336040214023EA000309
:107C50000B43013BB38031682B68EE888B42CBD05D
:107C6000043903EB8606B342C6D0D2F8E8001D689B
:107C700051F8047F604025EA00002740384343F86C
:107C8000040BD2F8E8700868674020EA0700254036
:107C900028430860E7E700BFC80A002038B504465B
:107CA0000D4619B9FFF717FF002038BDC2888A4278
:107CB00007D10021006892001BF012FF0123A3806E
:107CC000F2E7FFF708FF29462046BDE8384020E7E5
:107CD0002DE9F84312F0030318BF012303EB9206CA
:107CE0008946314680461546FFF7D8FF0446F0B96D
:107CF000B8F80620D8F80070B2421BD33FB1014655
:107D0000920038461BF0ECFE23469D4202D12046ED
:107D1000BDE8F88319F80310DA0023F0030002F03D
:107D2000180291403A5801330A433A50EDE76FF098
:107D30000F04ECE76FF00704E9E72DE9F84312F0D0
:107D4000030318BF012303EB9206884631468146A0
:107D50001446FFF7A3FF0546D0B9B9F80670B7423D
:107D600019D397B1D9F80090BE0001463246484673
:107D70001BF0B6FE2CB1301B2246414648441CF095
:107D800013F839464846FFF7E7FD2846BDE8F88373
:107D90006FF00F05F9E76FF00705F6E7884270B559
:107DA00005460E4609D0C988C28841B92AB10123C7
:107DB0009200838000681BF093FE002070BD4C1E73
:107DC0006CB9B6F904300134A242AB800ED2214620
:107DD0002846FFF79EFE88B16FF00F00EEE733688C
:107DE00053F82430002BECD1013CE9E72868121B42
:107DF0000021920000EB84001BF072FE31682868BD
:107E0000A2001BF0D1FFD8E738B504460D46FFF7B6
:107E1000C5FF68B905F1080104F10800FFF7BEFFCE
:107E200030B905F1100104F11000BDE83840B5E7A4
:107E30006FF00F0038BD70B50E4601210446FFF704
:107E400068FE054648B9E2880146920020681BF0AA
:107E500047FE23681E600123A380284670BD10B52D
:107E600001210446FFF7E7FF58B9012104F108009A
:107E7000FFF7E1FF014620B904F11000BDE8104012
:107E8000D9E76FF00F0010BDF8B5C3880646B1EB17
:107E9000431F0C4617464FEA511514D20122316890
:107EA00004F01F0451F82530A24023EA020341F8F0
:107EB0002530326807FA04F452F82530234342F89B
:107EC00025300020F8BD002AFBD0691CFFF721FEF9
:107ED0000028E3D06FF00F00F4E7F8B504460D4634
:107EE000FFF7F6FCE3882844B0EB431F24D81F2D8E
:107EF0002368E1884FEA551005F01F0412D96FF08E
:107F000003060A4606FB0036904202F1FF3521D3F4
:107F1000421A814238BF002200250A4403EB820244
:107F20009A421DD134B1002503EB8003C4F1200730
:107F3000814218D80020F8BD10F01F0118BF0121A0
:107F400001EB50112046FFF7E4FD0028CFD06FF081
:107F50000F00F0E756F8252043F825202A46D3E7FE
:107F600042F8045DDCE71E68013006FA04F22A4399
:107F700043F8042B26FA07F5DAE72DE9F84305461E
:107F80000E469046D4887CBBF1882846FFF7C1FD99
:107F90000746002864D1F28894420BD2AE4209D041
:107FA00028683168121B920001EB840100EB840009
:107FB0001BF0FAFEEA88F088824207D92B68121A71
:107FC0000021920003EB80001BF08AFD0022134683
:107FD000D5F800C0D6F800E0D8F80080944214D15B
:107FE00043BB0123AB800DE0D8F8003003EB8403E2
:107FF00053F8043C0BB9013CC5E7F188A142C4D257
:108000006FF009073846BDE8F8835EF8226058F83B
:108010002200F11A81422CBF4FF000094FF00109F4
:10802000091A4CF822109E422CBF4B4609F101035D
:108030000132D3E72A68E98802EB840402EB81026B
:10804000944202D1002BCCD0DAE72168C91A34BFA0
:1080500001230023003B18BF012344F8041BEFE772
:108060006FF00F07CEE738B50C46051D29462046B0
:10807000FEF72FFA002801DA002006E02A46214602
:108080002046FFF77AFF0028F0D038BD2DE9F843ED
:108090001446B1F904709288054612FB07F2534367
:1080A0000E461ED521463046FEF7E4F9B0F1FF3FFB
:1080B00080460DD0224631462846FFF75EFF28B99C
:1080C000B8F1000F08BF01270020AF80BDE8F8839A
:1080D00032462846FFF751FF0028F7D17F42AF8094
:1080E000F4E7844202D0814212D126460123AB80BC
:1080F000B6F80690B9F1000FE6D033684FEA890868
:1081000003EB890353F8043C4BB909F1FF39F1E75C
:10811000FFF744FE0028E8D06FF00F00D6E749468D
:108120002846FFF7F6FC04460028F5D131682646BC
:108130002B68181F50F8042FA2182CBF4FF0010C09
:108140004FF0000C51F82640013612194CF1000492
:10815000B1450260EED14344002CB5D0EA8806F167
:108160000108B24208D841462846FFF7D2FC002851
:10817000D2D12B6803EB86031A68464612192CBF2E
:1081800001240024003C18BF012443F8042BE3E73A
:1081900001237BE770B50C460546114620461A467A
:1081A000FFF7F6FF064630B9043529462046FEF7AC
:1081B00090F9002801DA304670BD2A462146204653
:1081C000FFF7DBFE0028F0D00646F4E74FF0FF3360
:1081D0005CE770B50C460646114620461A46FFF786
:1081E000F5FF054688B90436B4F90430002B0CDAE3
:1081F00000212046FFF735FB30B1324621462046AC
:10820000FFF7C6FF0028EFD00546284670BDF7B53A
:108210000D4601230021083504462846CDE9001308
:108220001646FFF71EFB211D07462A466846FFF744
:10823000CDFF044648B9002F0CBF002206F0010212
:1082400069462846FFF788FC04466846FFF743FC6A
:10825000204603B0F0BD2DE9F34104460F46154614
:10826000CE8836B13B6803EB860353F8043C33B148
:108270003DB90021204602B0BDE8F041DBE5013EFA
:10828000EFE72046711CFFF744FC28B16FF00F08A0
:10829000404602B0BDE8F08139462046FFF77EFD3A
:1082A00080460028F2D1013D009533463A68E188C6
:1082B000206810F05BFCEBE72DE9F0471121044644
:1082C000FFF727FC002840F0B58125682B682A6A53
:1082D000D5F82C9099182CBF012300236A6AD5F891
:1082E0003080521843F10003914588BF013BA2EB57
:1082F000090EF04588BF013BD5F834C0AEEB080647
:10830000B44588BF013BAF6BA6EB0C018F4288BF21
:10831000013BC91B29602568DEB2002B696880F229
:108320008B815A4291424FF0FF3228BF00221944FC
:108330006B6AD5F830905B18A96A42F10002C9183F
:108340002CBF4FF0010A4FF0000A5AFA82F2894519
:1083500088BF013AD5F83480A1EB090EF04588BFFB
:10836000013AD5F838C0AEEB0806B44588BF013AEB
:10837000EF6BA6EB0C039F4288BF013ADB1B6B60DF
:108380002568D6B252B2002AA96880F25A815342B7
:1083900099424FF0FF3328BF00231144AA6AD5F851
:1083A00034E0521843F10001EB6AD5F838C09B184D
:1083B0002CBF4FF001084FF0000858FA81F19E459C
:1083C00088BF0139A3EB0E06B44588BF0139EF6BB6
:1083D000A6EB0C02974288BF0139D21BAA60226823
:1083E000CEB249B20029D56880F230814B429D421D
:1083F0004FF0FF3328BF00230D44D16AD2F83CE090
:108400004D1943F100034919156B43F10003691835
:1084100043F100036D18516B43F1000349192CBF60
:108420004FF001084FF0000858FA83F38E4588BFDB
:10843000013BD2F820C0A1EB0E06B44588BF013B3A
:10844000576AA6EB0C05AF4288BF013BED1BD56018
:108450002168DEB25BB2002B0D6980F2FC805A42CB
:1084600095424FF0FF3228BF00221D440B6B4F6A2C
:108470005D1942F100025B194D6B42F10002EB18ED
:1084800042F10002ED188B6B42F100025B192CBF28
:108490004FF0010C4FF0000C5CFA82F29F4288BF53
:1084A000013A8E6ADD1BAE4288BF013AAD1B0D61F9
:1084B0002568D3B252B2002A696980F2D180534252
:1084C00099424FF0FF3328BF002311446E6BEF6ACF
:1084D000721843F10001AB6BB61841F10001EA6B71
:1084E0009E1941F100019B1941F10001D2182CBFE6
:1084F0004FF0010C4FF0000CAE6A5CFA81F196422D
:1085000088BF0139931B9F4288BF0139DB1B6B6118
:108510002268CEB249B20029956980F2A6804B420A
:108520009D424FF0FF3328BF00230D44916BD66B63
:108530004D1943F100034D1943F10003751943F13F
:1085400000037619556B43F10003891943F10003C9
:108550006D182CBF4FF0010C4FF0000C176A5CFA3D
:1085600083F3AF4288BF013B566AE91B8E4288BF46
:10857000013B891B91612168DDB25BB2002BCA69A6
:1085800078DA5D42AA424FF0FF3528BF00251A4431
:10859000CB6BD1F828A09A1845F100059A1845F13F
:1085A00000059B180A6A45F10005D2182CBF01236B
:1085B000002353FA85F3924588BF013BD1F82C90F4
:1085C000A2EB0A08C14588BF013BD1F830E0A8EB17
:1085D000090CE64588BF013B4F6BACEB0E06B7427A
:1085E00088BF013BF61BCE6122685BB223EAE371D0
:1085F000116200250822E188013291423FD8002B08
:1086000018DA00222568A958C943A9500432242A3F
:10861000F8D100222568A9580131A95021688D5848
:1086200015B90432242AF5D14FF6FF72A2800A6AE6
:10863000D21A0A62BDE8F08789192CBF01220022F4
:1086400076E689192CBF01230023A7E6AD192CBFBC
:1086500001230023D1E6AD192CBF0122002205E73A
:10866000C9182CBF0123002330E7AD192CBF01230B
:1086700000235BE752192CBF0125002588E72168FC
:1086800041F82250B7E72DE9F04F99B0CDE9031238
:10869000824600211046FFF7E4F80028C0F2F68178
:1086A00005D16FF00B03184619B0BDE8F08F4FF0FD
:1086B0000109DDE90301924BADF83090149315AB3D
:1086C000ADF83890CDF84090CDF848901393FDF771
:1086D000D1FE013019D1BAF1000F06D050460399EE
:1086E000FFF75CFB002840F0B28100215046FFF705
:1086F000B8F80028C0F2B98150460499FDF7E9FEA8
:10870000002880F2B9810023CDE7002503990BA84A
:108710000B95ADF83250FFF741FB0B9E0446BDF8B8
:108720003270002840F09A810D90ADF83A0004991B
:108730000DA8FFF733FB0D9B0546BDF83A8001936A
:10874000002840F09081039B0F90D9880FA8023138
:10875000ADF83890ADF83090FFF7DBF9044628B15A
:108760002C460F9B02936FF00F03A8E001460FA861
:10877000FFF761FB0F9B02930028F4D1039B11903C
:10878000D98811A80231FFF7C4F9119C02460028CC
:10879000E9D10DA8FFF79CF800F01F001F287AD040
:1087A000C0F11F0319460BA80593FFF796FB0B9E1C
:1087B000BDF832700028D6D105990DA8FFF78DFBC2
:1087C0000D9BBDF83A8001930028CCD1C1463D46AF
:1087D000A7EB080B4FEA4B130793019B4FEA4B1192
:1087E0000DA80D93ADF83A80FFF777FB0D9BBDF810
:1087F0003A8001930028B6D1029B03EB8B0B019BBF
:108800000DA90BA80B96ADF832700D93ADF83A8018
:10881000FDF75FFE002842DA09F1FF3307990DA842
:108820000693FFF790F8019B09F1FF3203EB8203F7
:108830000793019A09F18043023B02EB830305F1A0
:10884000FF3B05F180450893013D029BA5EB09051F
:1088500003EB8505069B5B4554D3BAF1000F18D096
:1088600005990BA80B96ADF83270FFF76CF8039BD7
:108870000BA99B885046ADF83030FFF78FFA0146C0
:1088800000287FF470AF5046FEF7EBFF002800F0A1
:10889000DA80002313E0C1463D46059298E7DBF8F5
:1088A00000300BA90133CBF8003008460DAAFFF7C2
:1088B0008DFC0B9E0346BDF8327000289FD00BA89C
:1088C00003930B96ADF83270FFF705F9019B0DA8E5
:1088D0000D93ADF83A80FFF7FEF8029B0FA80F93B7
:1088E000FFF7F9F811A81194FFF7F5F80C2115A876
:1088F000FFF7DCF8039B002B3FF4F7AED3E600BF95
:1089000001000300079B56F82B101A684FEA8B09E9
:10891000A9F104003318914209934AD20023305838
:108920001AF0BCFE002914BF4FF0FF330346BBF121
:10893000010F2B600EBF0023B14459F8083C15937A
:10894000099B1B68169306EB8B031B6817932B6818
:1089500001332B602B680021013B2B6011A811947F
:10896000FFF769FA119C00287FF4FDAE069B1BB34C
:10897000089B1B682360079B11A91B68084663605E
:108980002A68FFF768FC119C00287FF4ECAE13A95D
:1089900011A8FDF79EFD0028DCDC019B2A680DA9CB
:1089A00011A80D93ADF83A80FFF755FC30B1119C3A
:1089B000D9E64FF0FF33BAE7069BDBE76FF007031A
:1089C000029A4FEAC50902FB039911A84946FFF72D
:1089D00084FA119C00287FF4C6AE0BA9084611AAA0
:1089E0000B96ADF83270FFF7F1FB0B9E0346BDF816
:1089F000327000287FF463AF01460BA8FEF731FF09
:108A000000281CDA0DA911A8FFF7C8F90028CED15B
:108A1000494611A8FFF761FA119C00287FF4A3AE24
:108A20000BA9084611AAFFF7B3FB0B9E0346BDF83E
:108A3000327000287FF443AF2B68013B2B600BF1B1
:108A4000FF3B043D06E70123AAF8043021E7002498
:108A5000A046274626460294019484E62C46A84662
:108A6000029501957FE602947DE651465046049AB0
:108A7000FFF78EFB03463EE751465046049AFFF748
:108A8000A5FB034600283FF437AE0CE66FF0090360
:108A900009E62DE9F04F99B001900D4610460121ED
:108AA0009146FEF7DEFE002840F3048201230022F7
:108AB000294614A8CDE91023CDE91223CDE90823D6
:108AC000CDE91423CDE916230F930D930B93079350
:108AD00005930393FFF762F988B36FF00F0B14A8A7
:108AE000FEF7F9FF16A8FEF7F6FFBBF1000F40F006
:108AF000C581012112A8FEF7B4FE0446002840F00B
:108B0000C4814A46294610A8FFF7BDFD83460028C8
:108B100040F0B5810E9010A90EA8FFF73FF90E9C0A
:108B200028B9494608A8FFF739F900286AD0002675
:108B3000B046B246354637466FF00F0B6CE14946FA
:108B400016A8FFF72BF90028C7D114A8FDF76CFF72
:108B5000064616A8FDF768FF044650B9014616A858
:108B6000FDF778FC28B9294612A8FFF717F98346C4
:108B7000B5E70123ADF85C30ADF85430002114A8FE
:108B8000FEF76FFE80B9A642314616A828BF2146DF
:108B9000FFF7A3F90028A0D116A912A8FFF7FEF845
:108BA000834600289BD098E714A8FDF73DFF0146B7
:108BB00014A8FEF7C8FE16A8FDF736FF014616A852
:108BC000FEF7C1FE16A914A8FDF783FC00280DDBF3
:108BD00014A9084616AAFFF7D0F9834600287FF4A7
:108BE0007EAF012114A8FEF7AEFEC7E716A908461E
:108BF00014AAFFF7C2F9834600287FF470AF012161
:108C000016A8F0E7494606A8CDF818B0FFF7C6F851
:108C1000DDF818A0002840F0418101210CA8CDF812
:108C200030B0FFF708F90C9E002840F03A81594611
:108C30000AA8CDF828B0FFF7FEF8DDF82880002854
:108C400040F03381594604A8CDF810B0FFF7F3F88F
:108C5000049D002840F02C81012102A8CDF808B025
:108C6000FFF7E9F8029F00287FF466AF2368D80772
:108C700052D5DAF80030DB077CD506A90EA80E9491
:108C8000CDF818A0FDF725FC0028C0F29E800EA9A3
:108C9000084606AAFFF79AFA0E9C8346002840F081
:108CA000BB800CA9084604AA0C960495FFF78EFA1F
:108CB0000C9E8346002840F0AF800AA9084602AA0D
:108CC000CDF828800297FFF781FADDF828808346E7
:108CD000002840F0A18000210EA80E94FEF7C1FDEF
:108CE0000028C3D1002104A80495FEF7BAFD00288E
:108CF000C0F28880494604A80495FDF7EAFB0028E5
:108D000080F2B180019804A9FFF748F8B0F1000B98
:108D100018BF6FF00F0B7FE001210EA80E94FEF735
:108D200012FE3368DA0703D4D8F80030DB0715D514
:108D30000CA9084608AA0C96FFF72AFA0C9E83464F
:108D4000002869D10AA9084610AACDF82880FFF7A3
:108D50003DFADDF82880834600285DD101210CA86A
:108D60000C96FEF7F0FD01210AA8CDF82880FEF749
:108D7000EAFD7BE7012106A8CDF818A0FEF7E3FD88
:108D80002B68D90702D43B68DA0713D504A9084633
:108D900008AA0495FFF7FCF9049D834600283BD1FF
:108DA00002A9084610AA0297FFF710FA029F83460D
:108DB000002831D1012104A80495FEF7C4FD01214A
:108DC00002A80297FEF7BFFD53E706A908460EAAC0
:108DD000FFF7FCF9DDF818A08346E8B904A90846B6
:108DE0000CAA04950C96FFF7F1F9049D834698B9F7
:108DF00002A908460AAA0297CDF82880FFF7E6F9EB
:108E0000029F64E704A94A460846FFF7C1F9049D9A
:108E1000834600283FF466AF10A8FEF75CFE0EA85C
:108E20000E94FEF758FE0CA80C96FEF754FE0AA806
:108E3000CDF82880FEF74FFE12A8FEF74CFE08A8DA
:108E4000FEF749FE06A8CDF818A0FEF744FE04A8D8
:108E50000495FEF740FE02A80297FEF73CFE584636
:108E600019B0BDE8F08F04A94A460846FFF7AEF9ED
:108E7000049D834600283FF43DAFCDE700242646FD
:108E8000A046A24625462746C6E75C465E46D8462B
:108E9000DA465D465F466FF00D0BBDE75E46D8468D
:108EA00048E6D8465D465F4646E65D465F4643E691
:108EB0005F4641E66FF0030BD1E72DE9F04F164610
:108EC0001D46002201238BB0B14281460C46CDE9FC
:108ED0000623CDE908231ED106A8FEF75FFFC8B11F
:108EE0006FF00F03029308A8FEF7F5FD06A8FEF742
:108EF000F2FD029B002B40F0B080D9F84850002DC5
:108F000070D12146204609F104020BB0BDE8F04FB4
:108F1000FFF7B9BB06AEAC4206D1214608A8FEF762
:108F20003DFF0028DCD108ADB6F80680B8F1000F8F
:108F300036D1B8FA88F3EF885B09002F3AD1002FB9
:108F400008BF43F0010308EB070A5146204604938B
:108F5000FEF7DFFD01460028C2D12046FEF76BFF79
:108F600002900028BCD1326823680146039218465B
:108F70004FEA8A02D5F800B01AF0B2FDABF1040A4C
:108F8000834600EB870708F10101BB451BD1049B19
:108F900033BBB388AA8813FB02F39BB2A380A2E77A
:108FA000336803EB880353F8043C002BC1D108F16C
:108FB000FF38BBE72A6802EB870252F8042C002A2C
:108FC000BDD1013FB9E75AF8043F58460093039AD0
:108FD000434605910BF1040B0FF0C8FD0599D4E74A
:108FE0000123DBE7B4F90430002B04DA20460299B0
:108FF000FEF737FCA0BB2046FEF76AFCD9F83C30F0
:10900000B0EB430F2CD82046A847054680B909F19C
:109010000406B4F90430002B04DA00212046FEF7E0
:1090200020FC48B931462046FDF753FA00280CDAF7
:1090300028460BB0BDE8F08F324621462046FFF7A8
:10904000A7F80028E5D00546F2E73246214620463B
:10905000FEF793FF0028E5D0F5E76FF00F05E7E78F
:10906000004DE5E780B0FFFF2DE9F74301F1100661
:109070000546894630460021FEF7F3FB0446A0B3BF
:1090800000230127314668462A1DCDE90037FFF746
:1090900000FD044630BB09F108086B4642464146D4
:1090A0002846FFF70AFF0446E0B96B466A46694660
:1090B0002846FFF702FF0446A0B96B464A464946D8
:1090C0002846FFF7FAFE044660B96B464246414621
:1090D0002846FFF7F2FE044620B939463046FEF72F
:1090E000AAFE04466846FEF7F6FC204603B0BDE83B
:1090F000F0832DE9F84F1E4603F10805C3680446C6
:109100008A469046002B40F0A58002F110031A46D3
:109110002946FFF7D2FE002840F09A8006F110079A
:109120002B46424639462046FFF734F8002840F0E7
:109130008F8006F118092B46424649462046FFF724
:1091400048F8002840F084804B463A46294620469D
:10915000FFF7B3FE00287BD1032229463046FFF7F4
:109160007AF8002872D131462046FEF77CFF0028AD
:109170006ED108F1080B06F110075B465A463946D6
:109180002046FFF79AFE002862D1394620460EF0AD
:10919000FDFF00285CD13B46424629462046FFF7AA
:1091A0008CFE002854D1294620460EF0EFFF0028FF
:1091B0004ED106F118093B463A4649462046FFF78C
:1091C0007CFE002844D1494620460EF0DFFF0028EF
:1091D0003ED13346324639462046FFF76EFEB8BBD5
:1091E0002B463A4639462046FEF7F3FF80BB2B4616
:1091F0003A4639462046FEF7ECFF48BB3B462A4636
:1092000029462046FEF7E5FF10BB33462A4629468D
:109210002046FFF752FED8B94B462A46294620463B
:10922000FEF7D7FFA0B95A464946204608F1100379
:10923000FFF743FE60B9494620460EF0A7FF38B954
:1092400039465046FEF7AAFD002841D06FF00F00C6
:10925000BDE8F88F13462946FFF72FFE0028F7D107
:10926000032229463046FEF7F6FF0028EED13146AC
:109270002046FEF7F8FE0028EAD104F10C0701466B
:109280003846FEF7EEFA00283FF473AF08F11003FA
:109290001A4629462046FFF710FE0028D8D106F1CD
:1092A00010092B462A4649462046FFF706FE0028AD
:1092B000CED13B464A4629462046FFF7FEFD002810
:1092C000C6D12B46324631462046FEF763FF4EE7B5
:1092D00029460AF10800FEF761FD0028B6D149468B
:1092E0000AF11000BDE8F84FFEF758BD2DE9F14F27
:1092F0009A461B6904460E4691460A9D002B00F0D3
:10930000D38002F1100700213846FEF7AAFA30B9DF
:109310005146304601B0BDE8F04FFEF775BD0AF189
:10932000100800214046FEF79CFA08B94946F0E7CC
:1093300001214046FEF795FA002840F0B5803B46F3
:109340003A4629462046FFF7B8FD002840F0AD8098
:1093500005F108083B462A4641462046FFF7ADFD89
:10936000002840F0A28053462A4629462046FFF7AF
:10937000A4FD002840F099804246414620460AF16B
:109380000803FFF79AFD002840F08F804B462A46DD
:1093900029462046FEF71DFF002840F0868009F18F
:1093A000080B5B46424641462046FEF712FF002866
:1093B0007BD100212846FEF754FA014688B9404681
:1093C000FEF74FFA38B92B464A463146204601B0DF
:1093D000BDE8F04F8DE6304601B0BDE8F04FFEF736
:1093E0003EBD2B463A46204606F11001FFF765FDCB
:1093F00000285AD105F110072B462A463946204647
:10940000FFF75BFD002850D105F1180A2B463A46BC
:1094100051462046FFF751FD002846D14B463A46BB
:1094200039462046FFF749FD00283ED139462846F7
:10943000FEF7B4FCE0BB294620460EF0A7FEA0BB19
:109440004346424631462046FFF737FD68BB2B4670
:10945000324631462046FEF7BCFE30BB534632460C
:1094600031462046FEF7B5FEF8B933463A4639464E
:109470002046FEF7AEFEC0B943463A46394620467E
:10948000FFF71BFD88B95B46524651462046FFF761
:1094900014FD50B953463A46204606F1080101B082
:1094A000BDE8F04FFEF795BE034801B0BDE8F08F70
:1094B0006FF00F00F9E700BF80B0FFFF2DE9F04328
:1094C0000E460546012189B006F11000FEF7C9F9E4
:1094D0000446002840F0E2802846FEF74FFA0228B2
:1094E000804660D13046FEF7F3F92B6C0730073326
:1094F000C008B0EBD30F00F2D18021463046FEF712
:10950000B0F90028C0F2CA800123314604A82F78A0
:1095100004940593FEF742FC002841D10435294606
:1095200004A8FCF7D6FF002807DA012104A8FEF7FB
:1095300098F9002810DC5B4C07E004A92A4608468D
:10954000FEF744FE04460028E9D004A8FEF7C3FA5B
:10955000204609B0BDE8F083092F0BD1524904A879
:10956000FCF7B7FF0028E6D0504904A8FCF7B1FF8C
:109570000028E0D0012302934FF0011304A90793C0
:10958000084602AB06AA0693FEF702FE0446002830
:10959000DBD1294604A8FCF79CFF0028D5D1CAE7F7
:1095A0006FF00F04D1E701287AD121463046FEF74B
:1095B00058F9002872DB06F1080921464846FEF7F3
:1095C00050F900286ADB2F1D39463046FCF781FF31
:1095D000002863DA39464846FCF77BFF00285DDA4D
:1095E0004B464A46284602A9CDE90248CDE904483F
:1095F000FFF763FC044600284CD133463246284628
:1096000004A9FFF75AFC0446002843D1EB68002B5D
:1096100036D1032301934FF0011304A907930846A1
:1096200001AB06AA0693FEF7D1FD044690BBBDF937
:109630001430002B04DA002104A8FEF712F9C8B98F
:1096400004AA334611462846FFF737FC044608BBF8
:1096500004AA1146284605F11403FEF79BFD0446B3
:10966000C0B904A902A8FCF734FF0E4B041E18BFB2
:109670001C460FE004A93A460846FEF789FDD4E7E8
:1096800004AA1146284605F10C03FEF783FD0446A3
:109690000028D5D002A8FEF71EFA56E7014C57E77E
:1096A000034C55E780B3FFFFF45F0200FC5F02004C
:1096B00080B0FFFF70B5044658B3436C012B11D046
:1096C0000C30FEF708FA04F11400FEF704FA04F176
:1096D0001C00FEF71BFA04F13400FEF7FCF9201D14
:1096E000FEF7F9F9A36D8BB92046BDE87040602103
:1096F000FEF7DCB906FB0500FEF708FA0135D4E9F0
:109700001603AB42F6D81CF047F8EDE70025182603
:10971000F5E770BD10B5044658B1FFF7CBFF04F173
:109720006000FEF7D8F904F16800BDE81040FEF7CC
:10973000EDB910BDF0B504460E4685B0FFF7BAFF8F
:109740002046FEF72DF9032E267005D0092E30D0C5
:1097500000233F4D237029E03E4B3F4AA3643F4B1B
:10976000A260A261A2632262A26203F1800262622D
:109770004FF0011203F12001616103F140016360C8
:10978000616303F16001A033E362E1612263201DA4
:10979000FEF79EF8E06304F13400FEF799F8012328
:1097A00063640023C4E9163320640025284605B00D
:1097B000F0BD2B4B2B49A36404F10C00FEF73BFBDF
:1097C00000283FD1271D01213846FEF734FB002831
:1097D00038D1FF213846FEF780FB98BB1323019355
:1097E0004FF0011339460393384601AB02AA0293A6
:1097F000FEF7ECFC054638BB3846FEF769F804F185
:109800003407E063102238461749FEF796FA0546FA
:10981000D0B90122FC213846FEF736FB90B931461B
:1098200004F11C00FEF707FB60B9012104F12C00D4
:10983000FEF701FB30B904F12400FEF74CF9FE23DA
:109840002364B2E76FF00F052046FFF733FFADE763
:1098500080B1FFFFB982000001000800046002002F
:109860004F6A000042DB0100A8600200434213F08F
:109870007F0320D0584210F15F0F80F2C98010F1B1
:109880006C0F48DA10F1700F00F0F28010F16F0FDA
:1098900080F2B68010F5645F00F08E8000F3A58042
:1098A00010F5685F6DD000F39D8010F56C5F1DD0E2
:1098B00010F56A5F64E010F56E5F00F0D680DADCC8
:1098C00010F59C4F78D05FDC10F5C44F00F0C480D9
:1098D00034DC10F5C74F00F0C280C0F2CF8010F525
:1098E000C64F69D010F5C54F40F0C8806FF08600B4
:1098F0007047012300F10E02934040F217521342C9
:10990000F4D100283FD010F1080F14BF6FF083008E
:109910006FF089007047012300F16C02934041F21F
:1099200050521342E2D1DB0700F1A58010F16A0F1B
:1099300014BF6FF083006FF08C00704710F5A24FDA
:10994000D4D010DC10F5C14F1BD005DC10F5C34F8F
:1099500006D010F5C24FC7E710F5A34F40F08E8038
:109960006FF08C00704710F59E4F00F0848005DC8E
:1099700010F5A14F05D010F59F4FB5E710F59D4F9D
:109980007CD16FF08500704710F5785F6AD01BDCE2
:1099900010F5994FAAD008DC10F59B4FE0D010F5D8
:1099A0009A4F6BD16FF09300704710F57E5FD7D060
:1099B00005DC10F5984F61D16FF09400704720F0EE
:1099C000800010F57C5F8FE710F5705F4DD055DC9F
:1099D00010F5725FD5D051DC10F5765F86D010F5AA
:1099E000745F81E710F5665FCAE710F5625F42D0E9
:1099F00010F1720F14BF6FF083006FF08500704795
:109A000010F16E0F14BF6FF083006FF09600704777
:109A1000002833DC10F10E0FBFF66BAF10F13B0FD7
:109A20000ADA10F13D0FBDDA10F1400F14BF6FF0EC
:109A300083006FF09300704710F1100F90D010F179
:109A40000F0FB9D010F1210F3FF450AF10F1200FDC
:109A500097D010F1220FCDE76FF0950070476FF0AF
:109A6000960070476FF0910070476FF08400704768
:109A70006FF0920070476FF0890070476FF08300BD
:109A8000704741F2052398421AD8B0F5905F09D289
:109A900041F2010398420CD0B0F5885F09D06FF015
:109AA000850070472923A0F5905080B2C340DB07A2
:109AB000F5D511F0070F14BF6FF086000020704736
:109AC000B0F5105FEBD121F04003802B06D0B1F54B
:109AD000807F14BF6FF08600002070470020704721
:109AE00070B5046A05460E463CB901200CF08EFCA8
:109AF000286228B120466E6270BD6FF08A00FBE7D5
:109B00006FF08C00F8E72DE9F843884617461E46AB
:109B100004F034FC044620BBD8F80050B5F800909F
:109B200009F4E043B3F5804FAB6808BF27F00107A5
:109B300037EA03030DD1A6B132464846E968FCF77F
:109B40003FFD074668B9324648462969FCF738FDAB
:109B500050B900232846C8F8003004F04BFD6FF0E0
:109B600084042046BDE8F8833C46FAE738B504464D
:109B7000006A10B1616AFDF7A3FF237E012B0FD0AD
:109B8000023B012B0FD8E369012B14BF6FF0960540
:109B9000002528220021204619F0A2FF284638BDC2
:109BA000E369002BF1E76FF09605F2E713B5044681
:109BB000C0B101A904F0E2FB044698B9019B1A7EEA
:109BC000022A12D103221A761A79FF2A10D01AB16A
:109BD000586904F02FFD0446019804F00BFD00289D
:109BE00018BF0446204602B010BD6FF09604F3E79C
:109BF0006FF08404F0E710B543780446012B03D1DD
:109C0000BDE810404068D1E70378012B02D108304D
:109C10000BF050FF0023237010BD10B5044630B187
:109C20003830FFF7E8FF68212046FDF73FFF204668
:109C3000BDE810401BF0B0BD38B5044640B390F805
:109C40004430012B11D1C56B4DB12B7A012B02D1C0
:109C50006868FFF7ABFF0C212846FDF731FF20466F
:109C6000BDE838404821FDF721BF006C10B15C21F0
:109C7000FDF726FFE06B0028F1D02368DA79054B69
:109C800002F07C021344D3F8D8309B699847E6E78A
:109C900038BD00BFE05F020013B50D4B0C4693F8D2
:109CA000ED20022A10D193F8EC30072B0CD10023C1
:109CB00001AA01930EF00DF820B9019BA34218BF31
:109CC0006FF0930002B010BD6FF08800FAE700BF9C
:109CD000C80A0020002303604360704708B5134999
:109CE00091F8ED3091F8EC20022B01D1072A1BD01E
:109CF000D0075CBF42F0010281F8EC2090075FBF03
:109D0000012042F0020281F8E80181F8EC202BB931
:109D10000748FFF7DFFF022381F8ED3053075CBFF0
:109D200042F0040281F8EC20002008BDC80A00209F
:109D3000B80B00202DE9F04F00F1780BB9B00546C3
:109D4000039100F1680600215846CDE90523FDF78F
:109D500088FD20B3281DFDF7BBFDC41D2846FDF777
:109D60000DFE02284FEAD40400F031835D4A2846F4
:109D7000FDF704FE0128074640F02F8300215846D6
:109D8000FDF76FFD002840F04183059B002B00F09C
:109D90002383039B1870069B1F6000221DE305F1BF
:109DA0006003194628460493FDF714FE0446002874
:109DB0003CD105F11C0A51462846FFF77FFB0446BB
:109DC000A0BB2846FDF7DAFD022840F06981012298
:109DD0000321CDE91024CDE91224CDE909420F94E5
:109DE000149217AB013903F1080323F8042C23F86C
:109DF000024C43F8084CF5D2514609A8FDF7CEFFB6
:109E0000F0B16FF00F040FA8FDF773FE09A8FDF77E
:109E100062FE00270DF15C0808EB07000837FDF72C
:109E20005AFE202FF8D1002C00F03B812046FFF78E
:109E30001DFD044600288DD0204639B0BDE8F08FC6
:109E400051460FA8FDF7E0FF0028DAD10121304686
:109E5000FDF7F1FF01460028D3D15846FDF7EBFF8F
:109E60000028CED105F17000FDF735FE05F104099B
:109E700049460FA8FCF72DFB002829DA28460FA930
:109E800011F0B2F904460028BDD1D5F84080B8F1F0
:109E9000FF3F29D13146284611F0A6F90446002893
:109EA000B1D14A4659465846FEF7F3FD044600280C
:109EB000A9D15B46324631462846FEF7FEFF0446EE
:109EC0000028A0D101215846FDF7B5FF04469AE7C6
:109ED0000FA94A460846FEF750F804460028C7D0A6
:109EE00091E700BF80B1FFFF41460498FCF7B2FA4A
:109EF000C7B23A4630460FA9FDF778FE002880D158
:109F00003A46584613A9FDF771FE00287FF479AF51
:109F10005B463246284617A9FEF73CF9044600285E
:109F20007FF471AF5B463246284619A9FEF751F916
:109F3000044600287FF467AF284613AB0FAA1BA97D
:109F4000FEF728F9044600287FF45DAF284613ABDE
:109F50000FAA1DA9FEF73DF9044600287FF453AF70
:109F60001DAA1146284617ABFEF7A7FF0446002896
:109F70007FF449AF1BAA1146284619ABFEF79DFF97
:109F8000044600287FF43FAF17AB1A46194628460F
:109F9000FEF793FF044600287FF435AF19AB1A464D
:109FA00019462846FEF789FF044600287FF42BAFA8
:109FB0003146284619AB17AAFEF77FFF0446002852
:109FC0007FF421AF17AA1146284619ABFEF701F915
:109FD000044600287FF417AF5946284617AB05F111
:109FE0000C02FEF76AFF044600287FF40CAF5B46C4
:109FF0005946284619AAFEF7CDF8044600287FF4F2
:10A0000002AF28461BAB1DAA0FA9FEF7C3F80446F2
:10A0100000287FF4F8AE0FAB1A4619462846FEF723
:10A020004CFF044600287FF4EEAE28461BAB1DAA69
:10A0300013A9FEF7CEF8044600287FF4E4AE13AB74
:10A040001A4619462846FEF738FF044600287FF4D2
:10A05000DAAE13AB1946284609AAFEF72EFF0446CE
:10A0600000287FF4D0AE5B465946284617AAFEF773
:10A0700024FF044600287FF4C6AE3A4630460FA9B6
:10A08000FDF7B4FD00287FF4BCAE3A46584613A94C
:10A09000FDF7ACFD08F1FF3800283FF4F8AEB0E65C
:10A0A000B94C2846FDF76AFC012807907FF4BEAE44
:10A0B0002B6C1821013302204FEA53080CF0A6F94B
:10A0C0000746002800F0818100F11809FDF75FFCC8
:10A0D0004846FDF75CFC04230022029317AB079966
:10A0E000083323F8041C029923F8022C0139029149
:10A0F00043F8082CF3D151463846FDF785FE002879
:10A1000078D06FF00F044FF0000A0DF15C0909EBF5
:10A110000A000AF1080AFDF7DEFCBAF1200FF6D1B9
:10A1200074B9012305F1340A21465046CDE90F43A5
:10A1300009940A93FCF78EF901285ED0A4F59F4498
:10A14000AB6D9F420AD04FB13846FDF7DFFC07F1F7
:10A150001800FDF7DBFC38461BF01EFB002C3FF41B
:10A1600065AE3046FDF7D2FC60E6BAFBF8F301229B
:10A1700002FA03F1182208FB13A3C9B202FB01740F
:10A1800073B322462146284617ABFEF7B2FF0446BA
:10A190000028B8D10AF1010AD045E6D1494628463F
:10A1A000FEF762FF04460028ADD117AB00933A4694
:10A1B0004B4649462846FFF799F804460028A2D1A5
:10A1C00049462846FEF750FF044600289BD107F178
:10A1D0001000FDF780FC07F12800FDF77CFC92E7FA
:10A1E00018234908204603FB0171FDF70DFE0028E6
:10A1F000C7D086E7DDF808A0CEE721460498FCF733
:10A2000029F980F00100C3B2049909A80793FDF76A
:10A21000C5FD00285ED06FF00F040FA8FDF75BFCB2
:10A2200009A8FDF758FC002C8AD101224FF004093F
:10A23000CDE90A24CDE90C2409940E920FABB9F1B3
:10A24000010903F1080323F8042C23F8024C43F816
:10A25000084CF4D108F1E0036B443A4631462846F5
:10A2600013F8843C0DF054FF044658B93146284693
:10A2700010F076FF044628B90DF13C0AB8F1000F42
:10A2800040F0848009A8FDF734FC0DF13C0808EB90
:10A29000090009F10809FDF71EFCB9F1200FF6D1FC
:10A2A000002C7FF44DAF31462846079AFDF7AFFFEB
:10A2B000044600287FF444AF3146284610F050FF92
:10A2C000044600287FF43CAF31462846FEF7CCFE1A
:10A2D000044635E75146049A0FA8FDF777FF044678
:10A2E00000289AD1079A0FA909A8FDF735FC044662
:10A2F000002890D1014608F10102484619F0F0FB10
:10A300004B460493029B984539D0194609A8FCF79F
:10A31000A1F8049B93F800A0029B4AEA000A08EB0C
:10A32000030109A8FCF796F8029A049B5FFA8AFADF
:10A330004AEA400A013203F801AB0292E1E799F8D8
:10A34000010099F800A080EA0201CB4303F0010E5E
:10A3500043F300030AEA0303104001EA03025940F1
:10A3600009F8011F19F8013C024343EACE1309F82A
:10A37000013C0CF1010C029B6345E0D24DE7002249
:10A380004FF0010CF7E700BF80B0FFFF53463246A5
:10A390003146284608F1FF38FEF7ABFE98B917ABF7
:10A3A0003A46284613F8083009A90DF0B1FE50B915
:10A3B000324631462846CDF800A009ABFEF796FF9D
:10A3C00000283FF45BAF04465CE71F4CB8E6069BF1
:10A3D0001C60059BA3420DD21C4A1046FFF746FAAB
:10A3E000044600283FF428AD0021059A039819F08F
:10A3F00077FB21E5224630460399FDF7CBF902466B
:10A4000000283FF4B4AC6FF00702E6E7069A630059
:10A4100001331360059A9A42DED30423039922463E
:10A42000304601F8013BFDF7E8F90028EBD1039B2A
:10A43000611C2246194405F17000FDF7DEF9002881
:10A440003FF4ABACDFE700BF80B2FFFF00B1FFFF1E
:10A4500010B5036804463BB1064A934207D1702207
:10A460000021043019F03CFB0020206010BD6FF08B
:10A470008800FBE709000002037E022B06D1C369B6
:10A480005A1C03D00133C361002070476FF096005F
:10A490007047F8B51E4B064693F8E8210F46A2B365
:10A4A0000024F83322461D46197EE1B13CB9022949
:10A4B00005D1D96919B91979002918BF1C4601328B
:10A4C000062A03F12803EFD114B96FF08C0008E0DD
:10A4D0002046FFF7D1FF2046FFF748FB20B16FF081
:10A4E000960000240FE01C46237E002BF7D10123A9
:10A4F00023763EB1651BED1003F1CC335D4305F1CE
:10A500008045356000203C60F8BD6FF08800E8E7CA
:10A51000C80A00202DE9F04F89B0029300230E46AF
:10A5200002998146154606930B60002A00F01281BD
:10A530000EF07EF8034638BB99F8047007B907A8F7
:10A5400006A9FFF7A6FF8046E8B9069CCE46A446BA
:10A55000BEE80F00ACE80F009EE803008CE80300A3
:10A560000FB9079B6361636AB3B1D4E908AB638831
:10A57000059363681B0A1ED0784A934200F0BB80A3
:10A580006FF0860300E00346069818B10293FFF7C8
:10A59000EDFA029B9846D9E0D9F804301B0A02D0A4
:10A5A0006E4A9342ECD129462046FFF799FA0346BA
:10A5B0000028DAD0E8E7238803F44F43B3F5824F4D
:10A5C00019D0208800F4E043B3F5805F25D10599C8
:10A5D00059B3FFF756FA03460028D5D10731B5EB3A
:10A5E000D10FCDD1AB4511D32A463146504619F093
:10A5F000DBFB656252E005AB2A46314620460BF094
:10A60000ADFC034628B9AB4580F086806FF0890326
:10A61000BAE710F1860FD4D0B6E7B3F5005FD6D015
:10A62000430405D46FF08503AEE7E9000591D0E758
:10A630004B4F00EA0703B3F5824FF3D10023079392
:10A6400007AB6188324600932B460DF0BBFB079D9C
:10A650000346C0B923882A6C1F40B7F5824F03D147
:10A66000D9B2412908BF013203F4E043B3F5804F6A
:10A6700004F12401059236D10B465A46514628462C
:10A68000FFF758FB034628460393FFF743F8284695
:10A690001BF082F8039B002B7FF476AF6288059B4A
:10A6A000002A44D163804FF6F8729342BAD8B9F8C1
:10A6B00000301BB122889A427FF462AFB9F80230B1
:10A6C0001BB162889A427FF45BAF23799BBB6369BD
:10A6D000029A1360237E012B36D00023029A136066
:10A6E0006FF0960350E75B4652462846FDF7B2F9F5
:10A6F000FFF7BCF8C6E7238803F44F43B3F5824F56
:10A7000090D105AB2A46314620460BF027FC034684
:10A7100000283FF478AF37E72A463146504619F013
:10A7200043FB5146059A20880DF0D2FF61E79A421B
:10A730007FF426AFB7E72046D4E9081203F095FF6F
:10A7400003460028C3D01FE702232376404609B002
:10A75000BDE8F08F6FF08608F8E700BF02008000C8
:10A7600000CFFFFF2DE9F04F43780D46012B174630
:10A77000ABB040F0EE820023DFF800A30A934FF461
:10A780008072534640680AA9FFF7BDF9064670B9C2
:10A79000DDF82890D9F80430D9E908425FEA132897
:10A7A00013D0AF4B984500F0C6826FF086060A982A
:10A7B00003F020FF1EB9002800F0D782064630467D
:10A7C0002BB0BDE8F04FFBF7CCBE09AB04931023D0
:10A7D0002146CDE902734846CDE900850CAB0EF069
:10A7E000D0FB10F1860F0646E1D10DF1580B502237
:10A7F0004146584619F074F9B9F8003050460693AE
:10A80000CDF858A0069910AB0BAAB9F802908DF8B4
:10A8100040800EF093F948B99DF840009DF82CC097
:10A820009049D1F804A0BAF1000F07D1169B03F0AC
:10A83000FE43B3F1806F00F0C380B8E79AF80720B9
:10A84000894B02F07C021A44D2F8D8201278824256
:10A850000CD19AF8052002F00F0E4FEA8E13B9EBD7
:10A860008E1F079302D1BCEB121F01D00831D8E72D
:10A870004822002118A819F033F99AF807207A4BDA
:10A8800002F07C021A44D2F8D8205269FAB99DF835
:10A89000A420CDF860A0012A40F0D380279E162284
:10A8A00000210DF1420019F01BF9327A002A40F024
:10A8B000D5809AF80630102B00F286800D2B00F21E
:10A8C0008580023B052B40F28180684804E0904778
:10A8D00027900028DBD16648FEF7C8FF064600280F
:10A8E000A4D1169B03F0FF43B3F1906F09D0219BD5
:10A8F0009DF85D201033B3FBF2F35343102B00F2AD
:10A900000682189B002B00F07C819DF8A420012A70
:10A9100000F07C811C7914F01F0400F069815A79E1
:10A9200002F0F002102A40F0C080102C40F062814A
:10A93000DA794D4B02F07C021344D3F8D8302A4622
:10A940005E689DF968103B462798B047FEF78EFF7A
:10A95000102C064600F2DE8100287FF467AF07B1B5
:10A960002744219A10AD32B1169B424923F48063EB
:10A970008B4200F0C6811898002840F051813E4873
:10A98000FEF774FF064650B90B9A42B1C4F11003AA
:10A990009342C0F0B9812946384619F005FA1021D2
:10A9A0002846FDF783F8002E7FF440AF0B9B23442D
:10A9B0000993169B03F0FE43B3F1806F40F0B8811A
:10A9C00018A8FFF739F9F2E6263B7BE74FF410535E
:10A9D000ADF840304FF440730BA80B93FCF71DFC0F
:10A9E0000B9B21461293334653F8042B10A8139265
:10A9F000079AD208FFF78EFD10F1860F3FF465AF7E
:10AA000028B18D303FF467AF6FF06F0064E701232A
:10AA10003372CDF864908DF86830069B002003F403
:10AA2000E043B3F5005F09BF069B0023C3F3022296
:10AA3000012304BF9340DBB28DF85D308DF85C00DC
:10AA40004AE79AF8072002F00302012A18D89AF878
:10AA5000052002F00F02B9EB821F11D006483BE738
:10AA600002008000C8600200E05F0200809FFFFFDC
:10AA7000809EFFFF00404004009FFFFF0044400411
:10AA80000122CDF864908DF868209AF80720A34B36
:10AA900002F07C021344D3F8D8302146DB68079AD1
:10AAA000279898470028B8D016E7902A14D12798FD
:10AAB000446E14F0100440F0A080836A2BB1C36A86
:10AAC000026A1033934200F299803B4610222946D5
:10AAD00000F03EFA102439E7BD420AD1219900293D
:10AAE00040F08F801023B3FBF4F36343102B40F04E
:10AAF0008B80202A40F08A809DF96830219EA3B97E
:10AB00001B9BA3B1A31B0F2B14D91C365E4405F16C
:10AB1000100355F8042B9D4246F8042BF9D100246C
:10AB2000219B20461033219310E7012B02D1A31B58
:10AB3000102BE9E70DF17409002E56D0A4EB060A9C
:10AB400006F11C0052462946584419F02DF9189B6D
:10AB5000724ADB79CDE9009703F07C031344D3F804
:10AB6000D8302246D3F808B09DF96810279822AB58
:10AB7000D84700284DD106F110031B1B21903FF44C
:10AB8000E5AE264607EB040B5544B3FBF4F204FB99
:10AB9000123232B99DF9681019B91B99002918BFF2
:10ABA0002246A3EB020A484605EB0A01069219F079
:10ABB000FBF8219B069A13442193BAF1000F2AD087
:10ABC000189B564ADB79CDE9005B03F07C03134404
:10ABD000D3F8D83052469C689DF96810279822AB6C
:10ABE000A047D8B906EB0A04B0E6BB461023CCE771
:10ABF0004B48ABE600244B48A8E600246FF00C005D
:10AC0000A4E600244848A1E60C46FBE70024474898
:10AC10009CE600249AE63446504697E6344695E68C
:10AC20009DF8A430012B01D14048A9E600230B93E5
:10AC3000417901F0F003202B0BD11C9900293FF43E
:10AC40009EAE81794C39012911D9102B11D172B1E5
:10AC50004DE001F0B006302E09D001F0E0014029AE
:10AC600005D0602B03D0902B01D0A02BE9D1002080
:10AC700086E6202BD8D19DF96830012B2FD11B9B64
:10AC8000002BE4D0269911B90179490989001DA842
:10AC90009847189B21491A79DB79019503F07C03C9
:10ACA0000B44D3F8D8301DA900919E689DF9681017
:10ACB000279822AB02F01F02B04700287FF460AE55
:10ACC0009DF96820189BA2B91C9E1BB193F80480C3
:10ACD00008F01F08414628460BAAB04750E6037902
:10ACE00003F01F039A42D4D01B9B002BAFD00D481A
:10ACF00046E61BB193F8048008F01F08CDF82C80BD
:10AD0000B5E76FF086064AE66FF0890647E66FF012
:10AD100089068BE56FF0960688E500BFE05F0200CC
:10AD2000809CFFFF809DFFFF009FFFFF809FFFFF34
:10AD30006FF088063BE509AB04931023CDE90005CD
:10AD4000CDE90273214648460CAB0EF01AF90646CF
:10AD50002DE50178012907D113462A4608302BB08A
:10AD6000BDE8F04F0AF0C5BE01482BB0BDE8F08F3A
:10AD7000809CFFFF2DE9FF4705460C4690460021C9
:10AD8000102268469A46DDF8309018F0A9FE6A460F
:10AD900005F1100105F13800FFF7E4FC6F460646A7
:10ADA00058B16B6E43F010036B6638461021FCF708
:10ADB0007DFE304604B0BDE8F08739190446221DF7
:10ADC000904509D2A045F0D91AF804300A5D5340E5
:10ADD00009F804300134F5E75AF8043008594340C3
:10ADE00049F804301446EAE7F7B5436E1746DA0629
:10ADF00004460E4636D4426A0AB11B072AD5236A96
:10AE00002BBB00221046216BD3B2994202F1010202
:10AE100023D823461022002120460094FFF7AAFFE2
:10AE2000054688B926B13A462146304618F0BCFF9F
:10AE30000026102231462046666618F051FE102288
:10AE40003146A01818F04CFE284603B0F0BDE26A67
:10AE50009342D6D06FF00C05F6E7C3F10F032344FD
:10AE60001874D1E76FF06D05EEE738B5416E044612
:10AE700001F00303032B06D1826A32B9436B023B14
:10AE8000012B1CD80262002038BD056B2378681E98
:10AE90000343606A023A003818BF012043EA801376
:10AEA0000020520843EAC2032370236AC2B29542CB
:10AEB00000F1010006D853B141F0100161666FF056
:10AEC0000C00E1E7C2F10F02A3541B0AEEE7224691
:10AED000214604F13800FFF745FC0028D4D0636E0A
:10AEE00043F010036366CFE72DE9F0411D46073BB1
:10AEF000062B0446164627D8A04600F11103C5F1DB
:10AF00000F07416307630F2218460021013F18F025
:10AF1000E7FD2A46314608F8107F18F045FF681C07
:10AF2000226B0021404418F0DBFD01232A46E37721
:10AF3000E018314618F038FF636E204643F00103F5
:10AF40006366BDE8F04190E76FF00C00BDE8F0816A
:10AF50002DE9F04F04468846914689B09A4600F1A3
:10AF6000380303930DF1100BB9F1000F01D14B46DB
:10AF700083E0E36A03F00F06C6F110054D4528BFD4
:10AF80004D462B44E362636B23F00203012B3ED05A
:10AF9000676B37F0020727D143462A4631462046E1
:10AFA000CDF800B0FFF7E6FE0346002865D158460D
:10AFB000A319A3F1040C3A1D954269D23B44BD424A
:10AFC0006FD82A465946504618F0EEFE7319102BDA
:10AFD00003D0E26A236A9A426FD12246214603983F
:10AFE000FFF7C0FB034648BB2E44102E61D1002161
:10AFF000206BCBB2984260D9C3F10F0323441A7C73
:10B0000001310132D2B21A74002AF2D055E0002385
:10B01000A119181D854201EB030214D29D4219D8D3
:10B020007319102B03D0E26A236A9A421AD122467E
:10B0300021460398FFF796FB034698B1626E42F0F3
:10B040001002626619E058F80320CF587A40CA50BF
:10B050000346DEE718F8030011780133414002F897
:10B06000011BDBE743462A4631462046CDF800A0C7
:10B07000FFF780FE034600288AD010210DEB010067
:10B080000393FCF713FD039B184609B0BDE8F08F4E
:10B0900050F8047B5CF8021079404CF80210174617
:10B0A00089E71A781BF8071001374A4003F8012B8B
:10B0B00085E7E26A236A9A4299D0A9EB0509A84478
:10B0C000AA4451E72DE9F04F604E044696F8CC3083
:10B0D0000D4692468FB0042B11D8DFE803F0B3B5CC
:10B0E000030C0C00007A012894BF00200120C0004E
:10B0F0000FB0BDE8F08F037A012B00F0A58094F823
:10B10000A0000028F4D02A68137903F0070123F087
:10B11000070313712B68D6F8D4000693237A07919E
:10B120008DF82C30D4F89830CDF82D0043F0004342
:10B130000D93474BD6F8EC019A889B79ADF83120F6
:10B140008DF8333000234FF4007209930AA9414B64
:10B15000D5F80490BAF80070FEF7D5FC83460028B5
:10B1600061D1DDF82880D8F80430D8E908121B0A2C
:10B170000CD03948834229D06FF0860B002F36D08F
:10B180003A460021484618F0ABFC30E009ABCDE967
:10B190000473069B40460093CDE90279CDF80490F4
:10B1A0000BAB0FF02BF810F1860F83461CD10DF17D
:10B1B0002203B8F8001027480DF123020DF0BEFC61
:10B1C000031E14BF9B466FF0850BD7E709ABCDE993
:10B1D0000473069B40460093CDE90279CDF80490B4
:10B1E0000BAB0FF00BF88346BBF1000FC6D10A98EA
:10B1F00003F000FABBF1000F15D10DF07AFDD4F881
:10B2000098200132C4F89820D6F8E4200132B2F137
:10B21000005FC6F8E42006D196F8CC20052A02D1BA
:10B220000320FCF777F85846FCF744F810B9099B5F
:10B23000AAF800302A680799137923F00703194305
:10B24000117155E7032053E7002051E7C80A002099
:10B250009C0B0020000248050200800070B50446E7
:10B2600088B038300E461546FEF7C5FC0122224B49
:10B2700084F8382093F8EC3013EA020129D0002139
:10B2800084F8392003A8142218F02AFC4FF4105334
:10B290004FF6F872ADF808304FF6FF73954298BF3D
:10B2A0002B46ADF80A30154B01A805934FF4807377
:10B2B0000193FBF7B2FF019BEA1D0493314604F1B1
:10B2C0003C03D20802A8FFF725F978B1FBF749F94A
:10B2D0000BE084F8391040342422204618F000FC9A
:10B2E0002A46314620460AF0EAFB10B9002008B091
:10B2F00070BD6FF00C00FAE7C80A0020004440045B
:10B300002DE9F0410446EFF31186302383F31188D1
:10B31000D0F8A4309D681DBB04F130001AF026FC63
:10B32000D4F8A4305D69002D36D1A04658F88C7F42
:10B33000002F4DD12774274657F8905F002D5FD11D
:10B34000274657F8945F002D61D1D4F8A430DF6808
:10B35000002F63D186F31188BFF36F8FBDE8F081B2
:10B3600015F8203CA5F130007F2B4FEA9317436975
:10B3700098BF0027A3422D68CDD1D4F8A41008317E
:10B38000FBF7FCFE1FB9637B01336373C3E7032F35
:10B3900004BF0023A373BEE715F8203CA5F13000DD
:10B3A0007F2B4FEA9317436998BF0027A3422D686C
:10B3B000B9D1D4F8A4101431FBF7E0FE1FB9637BB8
:10B3C00001336373AFE7032F04BF0023A373AAE71E
:10B3D0003D4655F830794046AB7C05F13001013BE4
:10B3E000AB7408F0A7FAAB7C33B9637B332101332C
:10B3F00028466373FBF79CFEE37B013BE37397E70F
:10B400002846394650F83059FBF7B8FE96E72846EB
:10B41000394650F83059FBF7B1FE94E7384650F8FA
:10B4200030794369A34293D1D4F8A4100C31FBF7CF
:10B43000A5FE84F8A1508BE7F8B50546EFF311831C
:10B44000302282F31188046844B1627AD20605D4AE
:10B4500083F31188BFF36F8F0F20F8BDAA68012A0C
:10B4600005D983F31188BFF36F8F0420F5E700221D
:10B47000AA6083F31188BFF36F8F002C47D094F834
:10B48000506030460DF0EFFC08B9042E08D1217A47
:10B4900031B1D4F8A40000B184300222FCF7D6F810
:10B4A000032304F1840684F85030D4F8843083BB3D
:10B4B00004F18807D4F88860A6BB2046FFF720FF78
:10B4C000642066811AF064FA002200236061C4E9F6
:10B4D00006232046C4E90823C4E90A23C4E92666F2
:10B4E000FBF7BEFC88B1022384F85030EFF31182E1
:10B4F000302383F31188D4F8A430596844F8041F2A
:10B500005C6082F31188BFF36F8F00232B600020F3
:10B51000A3E7304608F006FA0146D4F8A400FBF78A
:10B520001AF9C2E7384608F0FDF90146D4F8A4003C
:10B53000FBF711F9BEE710B5074C04F1B800FFF7AF
:10B540007BFFFBF78FFE30B10122044B83F8CC2048
:10B55000002384F8C43010BDC80A0020803E0020BB
:10B56000F0B5A0F1840602230022314685B00446DE
:10B570000CF0E2FE2E28054670D000286BD1204644
:10B5800003A9FBF78DFC40B9039B354D20465D6652
:10B59000FBF779FCFBF784FC20B12046FFF74CFF5A
:10B5A000022558E0039B20469D65FBF76CFCFBF7EA
:10B5B00077FC0028F1D1039B2A4A20465A67FBF703
:10B5C00062FCFBF76DFC05460028E6D1039B204694
:10B5D0009C67FBF758FC3046FBF7DEF8039E06231A
:10B5E000374647F80C4BB381356109F0ADFE4FF09B
:10B5F00050234FF4003210F0400F1A6714BF73232A
:10B60000772310F0800F18BF732310F4806F18BFDA
:10B61000732310F0010F18BF782310F0020F18BF2A
:10B62000782310F0080F18BF742310F4004F18BFD0
:10B63000742310F0040F18BF722310F4804F18BF4A
:10B640007223736108230C22F381394603232046B9
:10B650000096FBF70DFD284605B0F0BD1225FAE770
:10B66000FFB600004F64000010B5436F044613B1ED
:10B67000816F007A98472046BDE8104040E62DE9EA
:10B68000F0410546302700F114086B690BB9BDE89D
:10B69000F081EFF3118487F311884046FBF732FD08
:10B6A000034684F31188BFF36F8F90F824201AB1FA
:10B6B0000021FBF73DFDE8E7827C4469013282749A
:10B6C000D4F88C2043F8302FC4F88C30237C092B1D
:10B6D00006D90A23204684F85030FFF7C5FFD4E787
:10B6E000666941F28830760066611AF051F9864247
:10B6F00094BF6661606120460DF000FCC5E7F8B5B7
:10B70000154612681C46A2F1840000297CD06968A5
:10B710003E4B99424CD13E4B90F8C510D3F8C830FF
:10B72000B1B343BB012302260A2780F8C43052F884
:10B73000844C3CB92B68294653F8080CBDE8F84006
:10B740000DF0E8BA94F85030042B0DD003D8012B3B
:10B750000AD02468EDE7053B032BFAD8204684F88D
:10B760005070FFF781FFF4E70621204684F850600F
:10B77000FAF766FDEDE74FF000524FF20F015180EE
:10B78000012B4FF000530FD04CF23C325A8009E0AD
:10B790004FF000524FF20F015180002BF0D140F2D8
:10B7A0000123138008F0ACF840F202221A80F9E776
:10B7B000184A21F0FF03934215D1C9B2FBF726FACC
:10B7C0000028B7D090F85030042BB3D1002C14BF10
:10B7D0000223052380F85030C36F002BAAD02146E6
:10B7E000FAF72EFDA6E70C4A9342A3D1C9B2FBF7A4
:10B7F0000DFA00289ED090F85030073B012B9CBFDB
:10B80000092380F8503095E7F8BD00BFEFBEADDEEC
:10B81000C80A002000BAFECA00BAEFBE70B50D46D5
:10B82000EFF31186302383F311884C6904F18C0007
:10B83000FBF768FC04F130001AF098F9D4F8A40082
:10B8400029461430FBF768FCD4F8A420044902F11F
:10B850002C000DF09EFA86F31188BFF36F8F70BD38
:10B860007FB600002DE9F04F85B0EFF31188302648
:10B8700086F311883B48FAF71FFF0446DFF8EC9087
:10B8800034B988F31188BFF36F8F05B0BDE8F08F2E
:10B8900023681B797F2B4FEA931198BF0021EFF3A8
:10B8A000118A86F311886569BDB9022956D08AF3D9
:10B8B0001188BFF36F8F88F31188BFF36F8FEFF399
:10B8C000118886F31188B9F8003026480133A9F8A9
:10B8D0000030FAF7F1FE0446D2E741BB94F8247039
:10B8E0002FB184F824102046FBF722FCDFE795F8FF
:10B8F00050000DF0B8FAA8B12046FAF761FF04280D
:10B90000D5D1696905F1300B5846EF6403911AF0FF
:10B910002DF923465846CDE90077134A03991AF0CA
:10B920009BF9C4E76B7B332101336B73DBE703299E
:10B9300014D1AB7B002BBAD000212046A973FBF7B2
:10B94000F7FBD5F89430002BB1D005F19400FBF74C
:10B95000D9FB014628460DF060FAA8E72046FAF721
:10B960002FFFA4E7B80C00201DB80000C80A002073
:10B9700070B5EFF31186302383F311880F4CB4F8C0
:10B98000F45165B90123A1780D4884F8F6311AF015
:10B9900019FA86F31188BFF36F8F002070BD04F58C
:10B9A000FC70FAF789FE0028F3D0013DA4F8F451A9
:10B9B00086F31188BFF36F8FF0E700BFC80A00203D
:10B9C000000004502DE9F84FEFF31189302383F381
:10B9D0001188644DD5F8FC312C2BA3F12C0606D12F
:10B9E00089F31188BFF36F8F1B20BDE8F88F53F8E0
:10B9F0002C8CB8F1000F00F0B380B4895A4F002CA2
:10BA000000F0A2800D22002105F5007018F068F802
:10BA1000564BB4F5006FC5E980384FF01308C5F8F0
:10BA20000872C5F80C8260D8013C0D22002105F592
:10BA30000470A4B2D6F804A0240118F051F84C4BBD
:10BA400044F0405423400224C5E9843AC5E986788D
:10BA5000D6F808A0BAF1000F12D0A04605EB0818DE
:10BA600008F5007310220021184618F039F8414AF1
:10BA70000134C8E9802A1322C8F80872E4B2C2600F
:10BA800005EB04181022002108F500700E3618F09E
:10BA900027F8394BC8E98167C8F80032002305EB65
:10BAA000031191F80222013322F0100281F80222E0
:10BAB000DAB2A242F3D90024304B95F890501C70B2
:10BAC0002F4B2946A3F5AC722E4809F0D8FC012370
:10BAD0002D4AAB4029462B48536509F00BFD89F3ED
:10BAE0001188BFF36F8F20467FE7B4F5805F25D8BC
:10BAF000D6F804A0DFF878B00D22002105F5047017
:10BB000017F0EEFFC5E984BAC5E9867873680D229F
:10BB1000002105F5087003F5006A17F0E1FF6FF4E6
:10BB20000063E3189BB21B0143F0405303EA0B038D
:10BB30000324C5E9883AC5E98A7889E789F3118839
:10BB4000BFF36F8F212050E71022214605F50070CA
:10BB500017F0C6FF0D4BC5F80872C5E980389DE7A0
:10BB6000012042E7C80A00203C80055060000030F8
:10BB7000F07F00307000003010001030803E002058
:10BB8000C80C002000000450001004506000103069
:10BB900010B5EFF31184302383F311880A4803882A
:10BBA0002BB984F31188BFF36F8F032010BD013BC5
:10BBB000038000F5FE70FAF739FCFFF703FF84F30A
:10BBC0001188BFF36F8FF1E7C80A00202DE9F84311
:10BBD000EFF311884FF0300989F3118801271D4DCB
:10BBE0001D4CAE78204631461AF0ECF83422002184
:10BBF00005F5147017F074FF184A062182F8CD700D
:10BC000007222A81B5F8842205F5217361F30E120B
:10BC100020463146A5F8842205F198026B6009F0B0
:10BC20002EFC04F58055204609FB0644B7403146FA
:10BC30006F6509F05FFC6F62236F43F002032367B7
:10BC4000636E43F48013636688F31188BFF36F8FCC
:10BC5000BDE8F883C80A002000000450803E0020A0
:10BC600008B5FFF7B3FF002008BD10B5EFF311844E
:10BC7000302383F31188104BB3F8F421092A04D937
:10BC800084F31188BFF36F8F10BD817C01320131C5
:10BC90008174D3F8F811A3F8F42193F8F62140F851
:10BCA0002C1FC3F8F801002AEAD0002283F8F621FD
:10BCB000FFF78CFFE4E700BFC80A00202DE9F04F32
:10BCC00085B0EFF31189302383F311884FF4887224
:10BCD000914CD4F804B0BBF80030DBF8085062F3A4
:10BCE0000E13ABF8003094F8633213B994F858325D
:10BCF00023B30723B4F85A822381A844DBF80C301D
:10BD0000D4F8A47223F00303384603A9D3F808A09B
:10BD10006360FAF732FD98B9039BCBF8083094F8CA
:10BD2000621200293CD0C4E9945AFAF7E9FC89F37D
:10BD30001188BFF36F8F05B0BDE8F08FA846DDE72F
:10BD4000764E96F8CD1089BB94F862323BB1D4F8A8
:10BD50005C3234227248C4F8A83217F0C1FE4FF0AA
:10BD60000008D4F8A8126F48A1F80C80C1F804802C
:10BD7000FAF75CFBBB6C07200133BB640123CBF8F3
:10BD80000850C4F8A88286F8CD30FAF702FB2E28B6
:10BD9000CDD1C4F850A2C4F85C82A4F85A82C4E79A
:10BDA0005E4B93F8CD60002E00F08D800191FFF77F
:10BDB000DFFD01990646C4F8A80238B915B1284636
:10BDC000FAF7C0FC002384F86332B0E7D8F800200B
:10BDD00003681A60B8F804209A8098F806209A71CF
:10BDE00031B3CBF80850D6F8008000220721404636
:10BDF000FAF7B6FA054608BBD8F800004A4BC4F873
:10BE00006402B8F8041098F80620304699809A71B8
:10BE1000FFF72BFF0123C4F8A852C4F85C5284F842
:10BE2000635284F85832C4F850A2A4F85A527CE7FE
:10BE3000002DD8D02846FAF785FCD4E74FF000084B
:10BE400084F8588233685888B08180B3B0F5857F14
:10BE500030D90623314633773248FAF7E7FA4646B7
:10BE60000720BB6CC4F8A8820133BB642B4B208134
:10BE700083F8CD50FAF78DFA2E2848D10023D4F854
:10BE8000A812C4F850A2A4F85A32B6B12548FAF75D
:10BE9000CDFABB6C0133BB6400210025C4F85C12F1
:10BEA000C4F8A852FAF72CFC84F863523FE72E46F8
:10BEB0000720DBE745464646D8E7002DEDD008468B
:10BEC000FFF7D3FEE8E707200125D4F8A82283F87E
:10BED000CD50C2F804802081FAF75BFA2E280F4B70
:10BEE00009D183F8CD50C4F850A2C4F85C62A4F81C
:10BEF0005A62FAF705FCD4F8A8120A48FAF796FA3B
:10BF0000BB6C0133BB640023C4F8A8325AE7002E8F
:10BF10003FF458AFEFE700BFC80A0020803E002082
:10BF2000180D0020400B00202C0D002000232DE9CF
:10BF3000F3470D460A26434CC4E9AD13C4E9211367
:10BF4000C4F8A412C4F8F831A367C4F8FC31C4F8EB
:10BF5000F03184F8BC32C4F8B03284F88C30C4F8C4
:10BF60008030284601A90CF0F2FE20B1192738468E
:10BF700002B0BDE8F0870198FFF777FE013EF0D1EF
:10BF80000A2323804FF480522F4B1A604FF44062F3
:10BF90002E4B69465A614FF0FF3203F500539A6405
:10BFA0000122A3F58053DA64D4F8A4723846FAF774
:10BFB000E4FB0028DAD1DFF8A080102231464046A9
:10BFC000DDF800A0DFF8949017F08AFD204B38468A
:10BFD0006946C4E9A139C4F88CA2FAF7CEFB07463A
:10BFE0000028C3D108F110030D2231461846DDF8B0
:10BFF00000A017F075FD174A20F00303C4E9A52936
:10C0000094F88622C4F8903266F30412D4F8A03271
:10C0100084F886224FEA980262F39F033146342265
:10C02000C4F8A032A8F13400C4F89CA2C4F804807B
:10C0300017F056FDA86F0CF072FE002896D007236B
:10C04000238194E7C80A002000E100E00080055049
:10C0500000111003001100034C0D00202480055036
:10C0600013B5EFF31184302383F31188094BB3F830
:10C07000F421092A08D8D3F8A40201A90CF067FE1C
:10C0800010B90198FFF7F1FD84F31188BFF36F8FAA
:10C0900002B010BDC80A00202DE9F04F89B0EFF3BF
:10C0A00011830193302383F311880026C74FFD1DB0
:10C0B0000023C74CADF81230D4F85022ADF8103040
:10C0C000D4F85C32002A00F02E8293B9C14B93F869
:10C0D000CD3073B1FFF74CFCC4F85C0248B9C4F82A
:10C0E0005002019B83F31188BFF36F8F09B0BDE845
:10C0F000F08F94F858320293002B00F098802B6850
:10C10000DFF8DC823B60AB88D8F80000BB80AB79FD
:10C11000B8F80420BB7198F806302860AA800D2179
:10C1200004AA08F10800AB71FAF71AF948B3BDF890
:10C130001010D4F85C32013189B278581B687A1833
:10C1400018609088ADF810109880927908F1150069
:10C150009A71D4F85C321A6852889A81C1F1070248
:10C160000731D2B2394484F8802217F01DFE0E2226
:10C17000002108F1070017F0B3FC002384F85832BF
:10C1800054E00DF11200FAF7D5F8002840F0CB8109
:10C19000BDF81290B9F1000F00F0DC8008F10E0339
:10C1A0004FF0010813F8012B142A40F0C6804FF01D
:10C1B000000A0DF1180B1946C8F1070258460393FF
:10C1C000CDF818A0CDF81BA017F0EEFD0DF11F0063
:10C1D0004246D4F85012A0EB080017F0E5FD072105
:10C1E000584604AAFAF7BCF8039B002800F0A58083
:10C1F000D4F85C32BDF810101B680BEB01025BF841
:10C200000110384619609188927999809A71D4F812
:10C210005C3251461A685288A4F85A829A810E22DA
:10C2200017F05EFC84F858A284F880A2029E94F86D
:10C230008082B8F1070F00F2768194F862A2BAF119
:10C24000000F02D0002384F86232DFF88891D4F81E
:10C250005C3299F8CDB0BBF1000F00F07C81002E6C
:10C2600043D10DF112000293FAF764F8002840F070
:10C270005A81BDF81210029BB8F1000F00F01B812B
:10C28000C8F10702D2B28A4200F24D81B8F1070F1D
:10C2900000F0498142465049186817F085FDD4F8EE
:10C2A0005C2294F880321068D4F85012C3F107026F
:10C2B000184417F079FDB4F85A3294F88022073305
:10C2C0009B1AD4F85C82A4F85A3284F88062D8F8B9
:10C2D00000A0324607215046FAF742F8002800F045
:10C2E0002281BAF80230A8F80C30D4F85C12002988
:10C2F00000F019818E89002E40F008813748FAF746
:10C3000095F8D4F8A422C4F85C62936C013393646A
:10C31000B4F85A32D81DB3F5857F80B200F203819C
:10C32000FAF737F8002840F0F8810123C4F85002EA
:10C3300084F8633284F88002D3E6B8F1060F06D0A1
:10C3400008F101081FFA88F29145BFF42BAF002EC7
:10C350007FF46CAF0720FAF71CF8064650B9D4F802
:10C360005C02FFF782FCC4F85062A4F85A62C4F879
:10C370005C62B6E62B680E213B60AB883846BB801A
:10C38000AB79BB71D4F850321A682A609A88AA80B7
:10C390009B7904AAAB71F9F7E3FF18B3D4F85C32C8
:10C3A000BDF810201B68B858B918186088889880A4
:10C3B000897906489971D4F85C3219684988A4F8DB
:10C3C0005A2299810E220021D5E600BF330D0020AC
:10C3D000C80A0020803E0020410D0020400B0020B4
:10C3E0002C0D00200720F9F7D4FF064690B9B9F1CB
:10C3F000060F40F29880D4F85022A9F1070902EB09
:10C40000090352F80920C4F872229A88AA809B79FD
:10C41000AB71A4E70DF11200F9F78CFF0646002876
:10C4200040F08180D4F85092BDF8128048464146D1
:10C4300004AAF9F795FFF0B1D4F85C32BDF810808A
:10C440001A6859F8081009EB080311609988B54873
:10C4500091809B7931469371D4F85C321A68528886
:10C460009A810E2217F03CFB08F10703A4F85A3218
:10C4700084F85862DAE608F1070080B2F9F789FF1C
:10C48000064600284FD1B8F1060F4CD9D4F8501207
:10C49000A8F107028B188A58D4F85C02C4F87222FB
:10C4A0009A88AA809B79AB71FFF7DFFBC4F85062D2
:10C4B000A4F85A825BE70629029334D9B4F85A6289
:10C4C0008E4230D2D4F85082891B04AA89B208EB7C
:10C4D0000600F9F745FF029B28B3BDF810101A6853
:10C4E0008B1908EB030058F803301360838893809E
:10C4F00083799371D4F85C321A6852889A81B4F8BF
:10C500005A320B440733A4F85A32EEE6B6F5857F6B
:10C5100011D9062384480B77F9F788FFD4F8A422B1
:10C52000936C01339364D4F85C0208B1FFF79DFB70
:10C53000FFF74CFBD5E50023B4F85A0289F8CD305B
:10C540003044B0F5897FEEDA94F880329E4200F2F2
:10C55000D7800026ACE5002BE5D09A89904542D3E0
:10C56000D4F8A4A205A95046FAF707F9D4F85C223A
:10C5700003900028D7D1059BDFF8B08118464146CB
:10C580009289029317F010FCD4F85CB294F88022E0
:10C59000BBF80C104046521A414417F0B4FBBBF8EC
:10C5A0000C1094F88022029B521A84F88022CBF857
:10C5B00004306FF40073D4F85C12B4F85A228889FE
:10C5C000024408EB0300A4F85A22F9F72FFFDAF827
:10C5D0004820039B0132CAF84820C4F85C3201238A
:10C5E00089F8CD3094E6BAF1000F2DD0D4F850027E
:10C5F000B4F85A12A2EB08020144404417F083FB3E
:10C6000094F880224949D4F8500217F0CDFBD4F8B1
:10C610005022D4F85C3284F880B25A60D4F8543294
:10C62000D4F85C124048C4F85032F9F7FFFED4F851
:10C63000A422C4F85CB2936CA4F85AB20133936498
:10C64000012389F8CD3063E60DF112000292F9F76B
:10C6500071FE00287FF467AFBDF81210B4F85A32AB
:10C66000029A414413449942FFF65DAFD4F8A4B254
:10C6700005A95846FAF781F8D4F85C2200287FF41F
:10C6800052AF94F8803292897BB393423FF64BAF1E
:10C69000DDF814801A462549404617F085FBD4F88A
:10C6A0005C3294F880029A89B4F85A12D4F8503265
:10C6B000121A1944404417F077FB84F880A2D4F88A
:10C6C0005C321948C3F80480D4F85C12B4F85A32CA
:10C6D0008A891344A4F85A32F9F7A8FEDBF84830E7
:10C6E0000133CBF84830002377E7DDF81480B4F845
:10C6F0005A12D4F850324046194417F055FBDEE781
:10C70000C01A80B2F9F745FE18B9012384F86232E5
:10C71000E7E42E283FF41DAFE3E42E283FF4C8AC35
:10C72000DFE400BF330D0020400B0020410D00204E
:10C7300038B5184B184A9B6C03F0010393643BB364
:10C74000164C174894F8901019F04FFB0122154B26
:10C750001A70EFF31185302383F3118804F5FE700E
:10C76000F9F7AAFF014604F5F870F9F75FFE85F3C3
:10C770001188BFF36F8F00220B4904F52B700CF06A
:10C7800008FBD4F8FC311BB1BDE83840FFF71AB9FB
:10C7900038BD00BF0080055000A00550C80A002029
:10C7A00000000450803E002065B8000038B50D46FA
:10C7B00019F0A8FB19F0FEF804462D6819F0A2FB49
:10C7C00019F0F8F8031BAB42F8D938BD2DE9F7434F
:10C7D0000627177014464A681E46A2F58053FF2BA1
:10C7E00081460D46DDF8288075D80523D1B26380D7
:10C7F00041F4805363602A7A931E012B27D8843832
:10C80000FAF704FA022305462372D0B190F850805B
:10C8100040460CF028FB30B10A2385F850302846FA
:10C82000FEF722FF0DE0B8F1040F0AD109233946C3
:10C83000284685F85030F9F703FD10B96B7ADB060E
:10C84000EDD463880433336003B0BDE8F083052A78
:10C8500016D18438FAF7DAF9022323720028F0D0CF
:10C8600090F85030012B01D0042BEAD1042380F83A
:10C870005030052323726E4B0B43C8F80030E0E7BD
:10C88000092A21D18438FAF7C1F908B92272D8E708
:10C8900090F85030053B032B10D8DFE803F0070277
:10C8A0001107082380F850302372CAE7082580F862
:10C8B0005050F9F7D1FC18B92572C2E70923F3E704
:10C8C000092323725B4BD7E7042363800023636053
:10C8D0000323A360B5E7A2F5E063FF2B24D84F88BC
:10C8E0000C2F03D00023636003235CE05248D1B2D5
:10C8F000FAF78CF990B190F85030012B0ED1AB685B
:10C90000EA6841F4E061C0E92623234643F8041FA6
:10C91000AA685A60EA689A60678092E700236360B9
:10C92000082363800423D4E740F203239A4272D0A1
:10C93000B2F5017F21D2602A6AD007D8042A2FD904
:10C94000212A37D0002363600D232CE0B2F5007F4D
:10C9500026D040F202239A42F4D1042363808B68EC
:10C960001BB3012BBED10123344AA360C2F8C830E7
:10C9700040F202236360082348E0B2F5C06F21D083
:10C980000BD840F201339A420AD0B2F5A06FD9D148
:10C990000B7A80F83830626037E0B2F5885FD1D129
:10C9A000002363601523A360E5E724496260C1F8B2
:10C9B000C830F8E762600B89678023810B8920F813
:10C9C000283C3EE7CB6843611C4B8F68D3F8C022FC
:10C9D000974217D8002500F11408294640F2E730A5
:10C9E000D3F8C4C24FF47A720023E7FB0C0116F0AF
:10C9F00055FE43460146CDE90055114A09F118009C
:10CA000018F09EFF4FF4C06363600423638018E74F
:10CA10008B68C360BFE70B7A62600822003B6280CC
:10CA200018BF01230022A26080F8413009E700BF4F
:10CA300000BAFECA00BAEFBE843E0020C80A002039
:10CA4000ADC700002DE9F04F0646C06C8FB00369FA
:10CA500008A998470290002840F06A82DDF820A0DB
:10CA600096F85030DAF800406BB905212046B4F84A
:10CA70000520F9F721FC10B12378142B03D0504680
:10CA8000F9F79EFE54E294F80480BAF80C30B8F13D
:10CA90007F0F4FEA981594F8019098BF002567889A
:10CAA000DBB93B1E18BF01230593736D49460A335A
:10CAB0009F42304628BFAAF80C30FAF7A7F8044680
:10CAC00068B9022D07D00523014600934A46034664
:10CAD0003046FAF762FB0898D2E70023E4E790F8C3
:10CAE0005030042B08D13DB9052380F85030C36F76
:10CAF00013B12946F9F7A4FB94F8506030460CF0C6
:10CB0000B2F9049018B1082E09D1022D07D00523DF
:10CB1000009300234A462146D4F8A400D9E7089B95
:10CB200015F0FD0F5C6111D11B7F7BB908F0070385
:10CB3000EFF311820392302282F31188D4F88C2013
:10CB40002ABB039B83F31188BFF36F8F059B089863
:10CB5000002B95D117B14368002B91D0027F62B1B1
:10CB6000E37A0092D4F8A4004A462146FAF715FB6E
:10CB7000002308980377F9F723FE002F00F0FC80CC
:10CB8000022F00F2E5800622E37A0092C2E752F813
:10CB9000302CE17B1279C2F30212501C114400F0D8
:10CBA000070001F00701884200F292808342C8D357
:10CBB0008B42C6D8934298BF08339B1ADBB20693C8
:10CBC0000023237418F03CFFD4E90626B0EB020AD8
:10CBD00061EB060BBC4991F8CE20002A7FD00023E0
:10CBE0004FEA5A0646EACB764FEA5B02C4E908AB45
:10CBF000C4E90A6281F8CE300520079218F0C8FE19
:10CC00000023079A864272F100013CBF1A4606468D
:10CC10004FEA820242EA96724FEA860638BFC4E9BA
:10CC20000A0316EB0A0641F288304BEB020A18F0B1
:10CC3000AFFE4FF0000BB0427BEB0A0307D3052099
:10CC400018F0A6FEB0427BEB0A0B38BF304660619D
:10CC500004F1300018F08AFF4FF0010A04F18C064D
:10CC60003046FAF74FFA817C00296ED1FAF760FA64
:10CC7000637B069A01336373E37B013BE373029B9F
:10CC8000013302939DF808309342E9D3039B83F369
:10CC90001188BFF36F8F4FF0300A04F19006D4F87B
:10CCA0009030002B3FF452AF637B002B3FF44EAF2C
:10CCB000EFF3118B8AF311883046FAF723FA014615
:10CCC0008BF31188BFF36F8F20460CF0A6F8E6E7D0
:10CCD0008B427FF66FAF8342BFF46CAF31E7D4E98C
:10CCE0000810514570EB0B03D4E90A324FEA930365
:10CCF00043EA8273B4BFAAEB010CA1EB0A0C9208C1
:10CD0000DE1842EB020EF6184FF007034FEAD1018E
:10CD10004FEA9C0C41EA407142EB0E0216EB0C0606
:10CD2000A1FB031C4FEAD00003FB00CC4FEADA0A58
:10CD30004AEA4B7A42F1000211EB0A0A4CEBDB0B98
:10CD4000C4E90A62C4E908AB56E780F824A08FE77B
:10CD5000089ABB1E50689FB210FA83F35A78C35DDD
:10CD6000394643EA0222F9F7A7FA28B9002D7FF4E1
:10CD7000B2AE0122E37A08E7089E002D40F0E4807D
:10CD8000627AADF82470D707CDE90A55D4F8A4002B
:10CD9000E37A07D50621227A00912146FAF7FDF9B8
:10CDA00030466DE6C8F3021199420CD05A1E9142EA
:10CDB00005D00BB9072902D00221227AECE72046E0
:10CDC0000CF009F8ECE718F0080F0ED131462046B8
:10CDD00009AAFEF777F90346D4F8A400002B00F067
:10CDE00084800421E37A227AD6E7227A1AB10623D4
:10CDF00000930B46D1E73146204609AAFEF762F9B7
:10CE0000D4F8A49030B10421E37A227A4846009104
:10CE10002146C3E7BDF82420032A64D9D6F804804C
:10CE2000B8F8023004339A425DD148460AA9F9F7AE
:10CE3000B3FC09F1840A074690B90A990D4645F8F2
:10CE40000CAB98F801304B7398F80030022B33D0BC
:10CE5000032B3BD0002B42D10B73CB8104230B93CC
:10CE6000706830B1D4F8A480F9F76CFC4046F9F74B
:10CE7000E9FA002330467360F9F7A2FCE37A204612
:10CE8000013303F00703E3720BF0A5FF002F4FD12E
:10CE90000A9F112329462046BDF82C200097FAF757
:10CEA00082F8002844D0A66D002E41D033233A46A4
:10CEB0002946207AB0473BE02A46414650460BAB14
:10CEC000F9F7ECFECCE700BF803E00200431009172
:10CED0002A46414650460BABFFF778FCC0E7D9F82D
:10CEE0007C000BF017FF2127BAE73146BDF824304C
:10CEF00004F18402F9F7B8FCE8B10321E37A227A5D
:10CF00000091D4F8A4002146FAF747F93046F9F722
:10CF100057FC8F4B93F8CC20052A09D1D4F89820E0
:10CF2000013AC4F89820D3F8E420013AC3F8E42089
:10CF30000FB0BDE8F08FE36D13B1216E207A9847F2
:10CF400000254FF0FF3799E7022D2ED108F0300869
:10CF5000B8F1100F94F8505020D173681B78013B42
:10CF6000042B1ED8DFE803F0141A1A1F03000A2549
:10CF70003046F9F725FC049B002BD9D004F1300092
:10CF800018F0F4FD204684F85050FEF76DFBCFE713
:10CF9000D4F88C3013B120460BF0B0FF002304937B
:10CFA000E6E70C25E4E70B25E2E70023CDE90933AA
:10CFB000637A98077FF5F4AE18F037081AD159074D
:10CFC0003FF5EEAEB3898BB13B463146D4F8A400B1
:10CFD00004F18802F9F748FC00287FF4E1AEE36E23
:10CFE000002BA5D0216F207A9847A1E73046F9F7AA
:10CFF000E7FBF4E7B8F1040F40F09780237A002BA9
:10D000007AD1032F78D9D6F80480B8F802300433E7
:10D010009F4271D1D4F8A4A00AA950460AF184090C
:10D02000F9F7BAFB002867D10A9D2F4647F80C9BF9
:10D0300098F801306B7398F80030022B26D0032B40
:10D0400039D0012B53D12B730423EB81082309938F
:10D050003F4BD3F8C8303BB1012B13D10BA8F9F7E4
:10D060002AFD9DF82C306BB100232B61394B6B608E
:10D070000095052339462046BDF82420F9F793FF93
:10D0800005463BE001232B610023F0E7D8F804308C
:10D09000202B09D05A1E032A06D923F01002402A59
:10D0A00002D0B3F5007F19D13A464146484609AB54
:10D0B000F9F7F4FDDCE7D8F80430A3F20222012AE4
:10D0C00003D9212B01D0602B08D12B1D00933A46A8
:10D0D0004146484609ABFFF779FBC9E70D2300221B
:10D0E000C5E904230823EB810C230993C0E72946F3
:10D0F000DAF87C000BF00EFE002701253046F9F728
:10D100005FFB002F3FF414AF099B002B3FF410AFDF
:10D11000002D3FF40DAF656E002D3FF409AF3323B2
:10D1200039460A9A207AA84702E7B8F1310F7FF40E
:10D1300037AE3046F9F744FB227A002A7FF4F8AE86
:10D1400062810923114620460092F9F72CFFEFE691
:10D15000C80A0020EFBEADDE2DE9F04301290646E6
:10D160000F4615469846A9B077D8130778D10468BA
:10D1700024F04003802B02D0B4F5807F73D12022AD
:10D18000002120A816F0ACFC384A394BE408012FE6
:10D1900008BF134601271F9344F00054331D1C930E
:10D1A0001D971E94334C0DF1040C1CAB93E8070043
:10D1B0000DF110098CE8070019ABCDF864801A97BF
:10D1C0001B9493E8070016AB89E80700CDF8588058
:10D1D0001797189493E80700309B45F0005E07AC62
:10D1E00084E807001393149713ABCDF854E093E849
:10D1F0000700319B0DF1280888E80700109310AB59
:10D200001197CDF848E00DAF93E8070087E80700D5
:10D2100061461FA808F0F1FA49461FA808F0EDFA88
:10D2200041461FA808F0E9FA39461FA818F059FE30
:10D2300021461FA818F055FE31681FA8C90818F02C
:10D24000F8FD29461FA818F0F4FD1FA818F0FAFDF4
:10D2500018F0DCFD29B0BDE8F0836FF02000F9E79D
:10D260006FF02100F6E76FF01F00F3E70302000400
:10D270000302010410000020014B1868704700BF32
:10D28000880D00204FF0FF30704710B5044600B9FC
:10D29000FEE7037F1BB1436998470023237710BD46
:10D2A00038B5044600B9FEE7038B428B9A420CD98D
:10D2B0000022013302770383D0E9025398470146E5
:10D2C0002046A8470123237738BD036A0133036250
:10D2D000BDE83840D9E7014B1B691847900D002085
:10D2E00010B5EFF31184302282F31188094A02F15C
:10D2F0004801431A1E21DB10B3FBF1F32420DBB2FB
:10D3000000FB0320FFF7C1FF84F31188BFF36F8F89
:10D3100010BD00BF900D0020014BD3F838321847E4
:10D32000900D002010B5EFF31184302282F31188A4
:10D33000094A02F50A714832831A1E22DB10B3FB38
:10D34000F2F32420DBB200FB0310FFF79EFF84F30F
:10D350001188BFF36F8F10BD900D00202DE9F843A9
:10D36000064614460D46FFF790FF3369984700279D
:10D370002D1947EB07032C1A63F10005012C75F1F9
:10D38000000306DA336A304601333362BDE8F843FE
:10D390007BE7D6E902839847A04277EB05031CD2CE
:10D3A000F36898473B4602462946204616F076F930
:10D3B000F368914698473B4602462946204616F0B8
:10D3C0006DF94C4683B20022738321463046328386
:10D3D000C04701233377BDE8F8833B46F3E770B5D8
:10D3E0000D4C054604F14803C31A1E20DB10B3FBA5
:10D3F000F0F32420DBB24343E658E01806B9E550C9
:10D40000EFF31184302383F31188FFF7A7FF84F330
:10D410001188BFF36F8F70BD900D002070B50E4C5A
:10D420000546A4F5F073C31A1E20DB10B3FBF0F31E
:10D430002420DBB24343E658E01806B9E550EFF389
:10D440001184302383F31188FFF788FF84F3118858
:10D45000BFF36F8F70BD00BFB80F0020FEE710F064
:10D46000010217D10C4B197801EA000303F00F03F6
:10D4700001EA101143EA0100830709D410F0040007
:10D4800009D0012305485B4203F0F00318447047BC
:10D490001346F7E7002070477C3F0020D80D00209E
:10D4A000114B03F14802821A1E20D210B2FBF0F297
:10D4B000D2B203EB4200B0F8700203F51D730144D1
:10D4C000002089B203EB82131A888A4201D19A782C
:10D4D0003AB90130102803F10403F5D14FF0FF30C1
:10D4E000704700B2704700BF900D002038B5044669
:10D4F0000D46FFF7D5FF80B20F2823D91E21124A0F
:10D50000A31ADB10B3FBF1F3DBB202EB831202F2DE
:10D510002E21002211F8220020B10132102AF9D167
:10D52000032038BD0949180100FA82F201EB82029A
:10D5300001EB4301B1F870321D440123A2F874528B
:10D5400082F876320020ECE7D80D0020900D002004
:10D55000154B30B503F14802821A1E20D210B2FBDF
:10D56000F0F24C880D88D2B225448C8803EB42003F
:10D57000C988B0F870022C4421440144002003F50E
:10D580003D7389B203EB82131A888A4201D19A78DB
:10D590003AB90130102803F10403F5D14FF0FF3000
:10D5A00030BD00B2FCE700BF900D00207047A0F135
:10D5B0004103052B03D83738087000207047A0F1CD
:10D5C0006103052B01D85738F6E73038C0B2092877
:10D5D000F2D90720704770B5436804460D4623B959
:10D5E000BDE870404B68006818478B6898476368CF
:10D5F00001469A68831A002BB8BF121A2B6820685C
:10D60000A8BF0022BDE87040184738B50C46114647
:10D61000E2680346944206D04568AC420BD14260B2
:10D62000FFF7D9FFE46038BD94420DD01146D268AF
:10D63000002AF9D1F6E72A460021F9E7CB68002B4A
:10D64000F0D0DB68CB60EDE70029F7D1002DE9D001
:10D65000EA685A60E6E770B5466804460D467EB152
:10D660008B689847B368C01A002809DB20462A4611
:10D670003146FFF7CAFF30467368BDE8704018476F
:10D6800029462046BDE87040A5E701490830E2E799
:10D69000BC62020001460068014A1030B5E700BFD5
:10D6A000C862020001491030D5E700BFC86202001D
:10D6B0000122024B002083F874237047900D002054
:10D6C0000020024B83F87403704700BF900D0020C8
:10D6D000704700F01800102805D0A0F11803584238
:10D6E0005841C00070470420704700F00703012034
:10D6F000984010F0220F09D110F0880F08D100F0E7
:10D700004400003818BF0120C00070470420704753
:10D710001020704708B54307024608D0FFF7D9FF2D
:10D7200012F0180F0CBF05300630C0B208BDFF2044
:10D73000FCE710B58379046A022B1CBF02238371B6
:10D74000A36C2BB1236D1BB1206C9847002323657C
:10D7500010BD2DE9F3470E46044618B9072002B064
:10D76000BDE8F0870378302B30D1437803F0DF0336
:10D77000582B2BD10127023400224FF0993915463E
:10D780004FF00A08DFF868A020780FB30DF1070109
:10D79000FFF70DFF0028E1D1B5F1805FDED22B014C
:10D7A00043EA127312019DF807100020891853F103
:10D7B000000328BF01200A461D460028CED114F8D8
:10D7C000010F0028E0D1C6E90013C8E70027D3E71E
:10D7D0003038C0B20928C1D891457AEB05038DF8DD
:10D7E0000700BBD3A2FB082308FB0533DBE700BF20
:10D7F0009999991913B50C466946FFF7AAFF50B9D4
:10D800004FF0FF32009B9A42019A70EB020202D362
:10D81000236002B010BD0720FBE710B5C388028962
:10D820009C1C94420BD80268D4186478D35C43EAF9
:10D8300004230B80C3880233C380002010BD062060
:10D84000FCE770B5C288038902F108049C421CD829
:10D850000568AC18A3786678AA5C1B0443EA062323
:10D860001343E278657943EA0263227942EA0522AA
:10D87000A579E47942EA054242EA0462C1E900324C
:10D88000C3880833C380002070BD0620FCE730B594
:10D89000C4880389A5189D42D7BF036806201B19B9
:10D8A0000B60DFBFC388D218C280002030BD00F1FA
:10D8B000B4019030B1E70C20704707B590300DF1FE
:10D8C0000601FFF7AAFF00280CBF0C20062003B0BA
:10D8D0005DF804FBFEE7FEE737B5002300220446AF
:10D8E000CDE90023FFF7F7FC6946054604F19000F7
:10D8F000FFF7A7FF70B9DDE90032AB4272F100011A
:10D900000AD35B1B62F10002C4F89839C4F89C2961
:10D9100003B030BD0620FBE70720F9E7074BD3F83B
:10D920007823002352F8041F884201D1D8B27047EF
:10D930000133042BF6D10020704700BF900D00206A
:10D9400037B504460DF106019030FFF766FF054636
:10D95000F8B923689A6CF2B1DC69BDF8061020466C
:10D96000FFF79EFD83B20F2B17D80D4B03F1480232
:10D97000A41A1E22E410B4FBF2F4E4B200EB04108B
:10D9800003EB800383F87652A3F87452284603B061
:10D9900030BD0625FAE70D25F8E70A25F6E700BFB2
:10D9A000900D002013B504460DF106019030FFF7ED
:10D9B00034FF48B923689A6C4AB1BDF80610D8699B
:10D9C00002B0BDE8104091E5062002B010BD0D2068
:10D9D000FBE713B504460DF106019030FFF71DFF7C
:10D9E00060B923689A6C5AB1BDF80620B3F860108C
:10D9F000914201D0A3F8602002B010BD0620FBE7E1
:10DA00000D20F9E7084608B51146FCF745F900284E
:10DA100018BF6FF03B0008BD10B518F011F8124B9D
:10DA20008342124B8B411DD3114B1A68D2B14FF474
:10DA30007A74A0FB040304FB0131531E13420DD181
:10DA4000B2FA82F2C2F11F04531CD243E04001FA41
:10DA500003F3184321FA02F2104310BD002315F01E
:10DA60001DFEFAE7FEE700BFEFA7C64B378941006E
:10DA70008C0D002007B50A4600B9FEE7037F03B10D
:10DA8000FEE7074B01900093416801234FF0FF3000
:10DA900016F0AFFA00B1FEE703B05DF804FB00BF7B
:10DAA0007B5D02004FF0FF3016F08FBC00B9FEE73F
:10DAB00041684FF0FF3016F0ACBA38B5124C94F80C
:10DAC0007433E3B1E9B115681049284616F004FA39
:10DAD000014668B9D4F87C0316F017FD10B900248C
:10DAE000204638BD0124214609480AF02DF8F7E701
:10DAF0002846084916F0F0F918B90121EAE70D2483
:10DB0000F1E70724EFE700BF900D002082840200B8
:10DB1000918402008984020010B50F4B93F874338E
:10DB200093B1B9B114680D49204616F0D5F920B962
:10DB30000AF056FF0024204610BD2046084916F082
:10DB4000CBF938B90120F3E70D242146054809F047
:10DB5000FBFFF0E70724F8E7900D00208284020025
:10DB6000898402009184020037B5094D04460DF105
:10DB70000601D5F87C0316F000FB38B903462246AF
:10DB80009DF80610D5F87C0316F051FA03B030BDAD
:10DB9000900D0020002330B585B0CDE9013303930B
:10DBA000FF230D4D8DF80430D5F87C0316F041FAB3
:10DBB000044670B90DF10201D5F87C0316F0DDFAC8
:10DBC0009DF80210D5F87C0301AA16F037FA00B1CF
:10DBD000FEE7204605B030BD900D002008B5054B8E
:10DBE000D3F87C0316F0FEF900F00300C31E584280
:10DBF000584108BD900D00200139013811F8012F5E
:10DC000010F8013F3AB9002B14BF01200220831EF7
:10DC10005842584170479A42F0D00020F7E710B5BB
:10DC2000A1B114680A492046FFF7E6FF30B1002091
:10DC3000FFF79AFF003818BF012010BD20460549A4
:10DC4000FFF7DAFF10B1FFF7A5FFF3E70720F4E7CE
:10DC5000A6840200AC84020010B5A1B114680B497F
:10DC60002046FFF7C9FF30B10120FFF77DFF0038E4
:10DC700018BF012010BD20460549FFF7BDFF10B1B8
:10DC8000FFF788FFF3E70720F4E700BFA684020050
:10DC9000AC84020038B5056804463DB128460AF058
:10DCA000B5FE284617F078FD0023236038BD37B550
:10DCB000036804469A6C82B31948DB69A0F50B72BD
:10DCC0009B1A1E22DB10B3FBF2F3DBB240220021D1
:10DCD00000EB831015F004FF04F19005B4F89830C0
:10DCE000B4F896209B1A9BB2012B01D8002012E0B9
:10DCF00028460DF10601FFF790FD58B923689A6C8C
:10DD00005AB1BDF80610D869FFF7F0FB0028E5D03E
:10DD1000032000E0062003B030BD0D20FBE700BF6C
:10DD200004100020012973B50D4603D007263046A4
:10DD300002B070BD10680028F8D003782D2B21D1D7
:10DD400001306946FFF705FD06460028EED1009C2C
:10DD500005F10042013AA242019A4FEA4003934181
:10DD6000E4D305B1644204F18003FF2BDED80A4DF1
:10DD700004EB84014900D5F87C0309B20EF0DCFC09
:10DD800030B1FEE72B2B4FF0000508BF0130D8E77C
:10DD900085F88043CBE700BF900D002008B5054B08
:10DDA00000EB80004100D3F87C030EF0C5FC00B10D
:10DDB000FEE708BD900D0020012B08B50DD0022B09
:10DDC00015D0D3B98A4237BF4368511A5B1A01682C
:10DDD0003CBF521AD11888B208BD8A4289BF436835
:10DDE000891A9B1A026884BF891AC918F3E7C721E8
:10DDF000034B044A04480DF07DFB0021EBE700BF14
:10DE0000B1840200B78402001185020010B5074BEF
:10DE1000D3F8784304F58D500830FDF70DFB00B1C1
:10DE2000FEE704F5805484F8A60110BD900D002093
:10DE3000084B03F56172D2E8AF2FD20707D493F8ED
:10DE4000842322B9C3F88823012283F8842302485B
:10DE5000704700BF900D00201811002008B5134630
:10DE60008288232A05D90A460068012107F041FE6D
:10DE700000B1FEE708BD0EB4034617B505A951F879
:10DE8000040B5C6901910CB19A69A04703B0BDE82D
:10DE9000104003B0704770B5012905461446C2B062
:10DEA00005D112681649FFF7E6FF00200EE00229AF
:10DEB0000BD114491068FFF79FFE30B101AE314617
:10DEC0006068FFF797FC034610B1072042B070BDB1
:10DED00031680A24FF2928BFFF2102A88B4206D1FE
:10DEE000002202A9CA5428460A460549DBE7B3FBCB
:10DEF000F4F204FB1232303200F8012B0133EDE76B
:10DF00007A8702008885020013B50C4629B90E49AC
:10DF1000FFF7B1FF204602B010BD012904D16946C8
:10DF20001068FFF716FC08B10724F3E7009B019A7D
:10DF3000B3F5807F72F10002F6D20B3BDBB20F2B00
:10DF4000F2D80C24E6E700BF8B85020070B586B0DE
:10DF500011B90C2006B070BD14681D492046FFF7AA
:10DF60004BFE0028F5D120461A49FFF745FE002850
:10DF7000EFD11023ADF8143044B3204615F0BEFFA6
:10DF8000431C212B4FEA530520D801AE00F00100BD
:10DF90003544AE42DDD0B8B920780DF10301FFF76A
:10DFA00006FB98B99DF8032001341201D2B2207803
:10DFB0000DF10301FFF7FBFA40B99DF8033001347E
:10DFC0001A4306F8012BE4E70022F0E70720C1E737
:10DFD00082840200898402000368006E93F8441072
:10DFE0000AF080BC044B006E93F88C13490001F0DA
:10DFF000FE010AF077BC00BF900D00203221006EB8
:10E000000AF070BCAF21006E0AF06CBCF8B5054692
:10E010000E460024012707FA04F3334204D10134E9
:10E02000202CF8D10020F8BD286EE1B20AF05AFC8D
:10E030000028F4D0F7E7D0F8B010E7E70049E5E7AB
:10E0400000F8FF070049E1E700F8FF070368996C53
:10E0500041B190F87139034493F97619013118BF31
:10E0600001214900006E0AF03DBC0346002110B4B6
:10E0700000F1100253F8044F0CB10131C9B29342C0
:10E08000F8D1006E5DF8044B0AF02CBC0021006E44
:10E090000AF028BC0421006E0AF024BC90F8E010BD
:10E0A000006E0AF01FBC9C21006E0AF01BBC02210E
:10E0B000006E0AF017BC232070477F2973B51DD965
:10E0C000B1F5804F1CD3B1F5001F1BD3B1F1805FB8
:10E0D00034BF0422052200246D46561EB442CBB242
:10E0E00012D102F10801694403F07F0301F8093CF1
:10E0F000006869460AF024FB02B070BD0122EAE71D
:10E100000222E8E70322E6E763F07F0305F8013B1C
:10E11000C9090134E2E72DE9F0470568044695F89E
:10E120001C900E46B9F1020F25D0AB6AD0F82C80B6
:10E13000984523D14B464146EA6A2846FFF73CFE04
:10E14000D4F828A007464B46524641462846FFF7DA
:10E1500033FE874212D9C5F82CA094F8253000214F
:10E16000204684F82430FFF7A8FF28B9314620461E
:10E17000BDE8F047A1E70D20BDE8F0870720FBE7E9
:10E1800002216030C7E7D0F8AC10603095E710B5D9
:10E1900000F1600404212046FFF78FFF20B92046DC
:10E1A000BDE81040032188E710BD0321603084E7FB
:10E1B0000021603081E710B500F1600405212046A0
:10E1C000FFF77BFF40BB0C212046FFF776FF18BB13
:10E1D00018212046FFF771FFF0B922212046FFF7F2
:10E1E0006CFFC8B940F201212046FFF766FF98B9DD
:10E1F00040212046FFF761FF70B941212046FFF71B
:10E200005CFF48B942212046FFF757FF20B920465E
:10E21000BDE81040432150E710BD0B2160304CE7B2
:10E220000421603049E750F8603BB3F8581041F0E2
:10E23000340142E730B5164A87B002AC5168054652
:10E240001068224604AB03C3124B134913F80109AB
:10E250008B4202F8010BF9D10822204604A916F0DE
:10E26000E8FD60B90D4B9A6CDB6CCDE900236A4682
:10E27000234613F8011D9A4204F8011BF9D1082224
:10E28000286E0DEB02010AF05BFA07B030BD00BF4B
:10E29000128602000900E00F0100E00F0080E00F8D
:10E2A00001680822006E62310AF04ABA0368006E03
:10E2B000996C003918BF01210AF016BB90F871392A
:10E2C000034493F86A19006E0AF00EBB0021006E39
:10E2D0000AF00ABB90F87139034493F87A19006E7A
:10E2E0000AF002BB2DE9F0431E4BC3B0B3F88E23F6
:10E2F0000123120A934040F2A17213420FD04FF053
:10E30000000902AF4FF480720021384615F0E8FB97
:10E310004D46154C154EDFF8608023781BB9002060
:10E3200043B0BDE8F083124B05F00302032A18BF87
:10E330004346019356F8043B4FF4807100930D4A15
:10E34000234607EB09000DF087FD14F8013B002B75
:10E35000FBD16A1CD5B212F003021CBF4844C2B202
:10E360009146DAE7900D0020D4620200803D002043
:10E37000118602001E8602001B86020000232DE982
:10E38000F047994C8EB00B6094F8F0200546884613
:10E39000002A00F0D18000F14042052A31D828231C
:10E3A00003FB0244237E022B03D16369984200F0F1
:10E3B0000E8141460020FCF76CF80446002840F02E
:10E3C0000E810127D8F8003000215D61D8F80030B7
:10E3D00005465F60D8F800900AAAD9F81460304664
:10E3E00008F022FB0446E8B9DDF828A0384651467B
:10E3F00008F00CF8074648BB264625466FF08C040B
:10E4000011E0002840F39B802246117E022903D1AF
:10E4100051698D4200F0D8800133062B02F12802A9
:10E42000F3D1C6E72E4630462946F9F749FBD8F81E
:10E430000000002C6ED0FBF799FB14F18C0F08BF85
:10E440006FF087040023C8F80030C8E03046002190
:10E4500008AA08F0E9FA0446002839D1BAF1000FF9
:10E4600008D0B7F1005F2ED3CAF1005303F5803313
:10E470009F4228D80025102200210AA815F030FB61
:10E4800007AB029305AB019306AB00932A463046D7
:10E4900029460AABCDE9055508F084F90446A8B928
:10E4A000059C5646A24528BF26463A46069B079934
:10E4B0004E48009605F080FE0546002845D06FF0D6
:10E4C0009104B24504D000252E461AE02E46F8E706
:10E4D00000252E4651463846F9F7F2FA002CA2D113
:10E4E00029464846FBF7FCFA044600289BD12A46F9
:10E4F0003146D9F8200015F057FC94E72E464AE043
:10E5000026466FF09804E5E76FF08C04E2E76FF0C1
:10E510009104DFE70830F8F780FED8F800301A7E63
:10E52000012A04BF02221A76D8F80000FBF7A4FFE4
:10E530000446002852D085E76FF088044FE06FF062
:10E5400087044CE06FF0960449E0A245BBD8BAF1CD
:10E55000230FB9D908223846254916F06AFC04462B
:10E560000028B1D1BB68002BCAD13D6AAAF12403AF
:10E570009D42C5D8B5F5005FC2D2002DBED0294658
:10E58000012007F043FF06460028BDD02A4607F1C8
:10E59000240115F009FCFB68C9F804303B8AA9F88E
:10E5A00000307B8AA9F802307B69C9F80830BB6962
:10E5B000C9F80C30FB69C9F81030002EA7D0002D27
:10E5C00008BF6FF0910485E7282202FB0344204630
:10E5D000FBF752FF0028B5D1C8F8004000242046C0
:10E5E0000EB0BDE8F08700BFC00B0020D80A0020A5
:10E5F000A0630200034668B1017E8A1E012A0BD87F
:10E600000329C26903D1012A01D1FBF7AFBA1AB1BC
:10E61000013ADA61002070476FF09600704707B545
:10E6200000216A4608F000FA8C3018BF012003B0C0
:10E630005DF804FB13B500216A46044608F0F4F9BE
:10E640008C3002D1002002B010BD0021204608F01D
:10E650000EFA014610B16FF09800F4E76A462046C2
:10E6600008F0E2F98C30EDD0F5E72DE9F04F0546E2
:10E670001646884687B0002900F0A080002A00F0E6
:10E680009D80B2F5005F80F09C8002F1240739463E
:10E69000012007F0BBFE0446002800F095804FF0F3
:10E6A000000A4B4AC0F808A0D2F8E43041460360A3
:10E6B000D2F8E830243040F8203C6B68324640F80D
:10E6C000183C2B8820F8143C6B8820F8123CAB686F
:10E6D00040F8103CEB6840F80C3C2B6940F8046CA7
:10E6E00040F8083C15F060FBD5F814804046FFF771
:10E6F00096FF01285FD040F26C739F423DD806F12F
:10E70000340949460120CDF810A007F07FFE0546E8
:10E7100098B349460DF1100B06F000FF2B4601227D
:10E7200040465146CDE901ABCDF800A008F03AF8DB
:10E730000646D0B9274B3A462146C5E902802B60F0
:10E74000686005F1100015F02FFBDDF810A04B46B6
:10E750002A465146204806F099FAC0B9504607F0BB
:10E7600029FA013008BF6FF086062846494606F0B0
:10E77000D5FE284617F010F866B16FF098053946B7
:10E780002046F9F79DF9284607B0BDE8F08F6FF0F5
:10E790009106EAE75A464046314608F045F90546F3
:10E7A00020B9049B9F42EAD06FF0980540460021B3
:10E7B00008F05DF9E3E76FF08A05E0E76FF08605A2
:10E7C000E1E76FF08D05DEE76FF08C05DBE700BF5A
:10E7D000BC620200105D175ED80A0020094B091ABE
:10E7E000891030B559430246002324258B4205FB8E
:10E7F000032004D0046A04B130BD0133F6E70020E1
:10E80000FAE700BF398EE33870B50D460668EFF3BE
:10E810001182302181F311880021046A016282F3A0
:10E820001188BFF36F8F002C00DC70BD3046013CB7
:10E83000A847F8E7022016F033BB08B50C4AD2F817
:10E8400098335BB9D2F89C336BB9FFF7F3FF40B94B
:10E85000BDE808404FF4F85016F022BB1B68012BAE
:10E86000F0D1012008BD1B68012BEED1F9E700BFF4
:10E87000900D00202DE9F3410F4C8446D4E9E86562
:10E8800086EA020885EA030708EA00080F4058EA0A
:10E8900007000DD0D4F87C0350B1CDE9002386EAFF
:10E8A000080662460B467D4015F048FCC4E9E86561
:10E8B00002B0BDE8F08100BF900D002038B5104BCC
:10E8C0000D4603F14802841A1E22E410B4FBF2F450
:10E8D000E4B203EB4402A2F87012D3F87C032246A0
:10E8E00015F001FE00B1FEE74FF6FF739D4206D022
:10E8F0000123044A01341178A3400B43137038BD3F
:10E90000900D00207C3F002073B505460DF10601F7
:10E910009030FEF782FF044670B92D68AB6C6BB186
:10E92000BDF806606B6D3146D869FFF7C7FFA5F8E3
:10E930004660204602B070BD0624FAE70D24F8E7D1
:10E9400008B5084B03F14802821A1E20D210B2FB10
:10E95000F0F2D3F87C03D2B215F0CBFD00B1FEE7A4
:10E9600008BD00BF900D002037B505460DF106012A
:10E970009030FEF752FF044668B92B689A6C62B17A
:10E98000BDF80610A3F85E105B6DD869FFF7D8FFDD
:10E99000204603B030BD0624FAE70D24F8E7074A05
:10E9A000B2F8B033FF2B07D092F8AE03FF2803D0A4
:10E9B000C01A18BF0120704700207047900D00203A
:10E9C000FF2330B585B08DF8043000230546CDE92E
:10E9D0000233FFF7E4FF1B4C0246D0B1B4F8AE336C
:10E9E000AB4204D0B4F8B033AB4200D0FEE716F02F
:10E9F0008DFA1549D4F87C0315F0D4FD00B1FEE77B
:10EA00004FF48062D4F87C03114615F0EAFB40B164
:10EA1000FEE74FF48061D4F87C0315F0E2FB00B10F
:10EA2000FEE7D4F87C03294601AA15F007FB04464B
:10EA300030B901460B2017F0AFF9204605B030BDC4
:10EA40000120FBE7900D002038110020F0B589B0BF
:10EA5000FFF7F0FE00B9FEE73D4CD4F8941301B97E
:10EA6000FEE7102016F01CFA8B8800268DF80B307C
:10EA700001230DF10B011A46D4F87C0315F06BFC51
:10EA80009DF80B20D4F89413023A002392B209683F
:10EA9000D4F87C0315F05FFC2E4B05960693D4F852
:10EAA0009433079693F82C2020208DF814201B68AF
:10EAB00005AF1D78C5F3401516F0F2F950B109F015
:10EAC0009DFF3146202016F0D3F931464FF4004027
:10EAD00016F0CEF9D4F89463D4F87C437369C3B9C3
:10EAE000102016F0DDF9B17968B11B4B327E20465B
:10EAF0009A711A7C0433DA702A46009715F093FA5B
:10EB000000BB09B0F0BD3B462A46204615F089FA05
:10EB1000F6E70022962104923269204613440E4AF9
:10EB2000A3F59B7311831432B1790393009201977B
:10EB30002A4603AB15F079FA20B90121402016F0DE
:10EB400097F9DEE74FF4805017F066F8D9E700BF79
:10EB5000900D002020A107007C3F002010B5084A3E
:10EB600092F8B41351B90124102882F8B44300D0AC
:10EB7000FEE716F07DF9BDE8104067E710BD00BF65
:10EB8000900D0020034670B558B30268022A28D1C0
:10EB90004279817995001348B1B1012A19D85242BE
:10EBA000A0F5547402F0F002144428441E79FFF7D3
:10EBB00071F894F8E43076B29BB1206A3146BDE832
:10EBC00070405430FEF7B5BD2844BDE87040FFF7F3
:10EBD00061B828441B79FFF75DF8002393F8E4300F
:10EBE000FFDE70BD2811002038B51446002A39D048
:10EBF000D168936801391C4D9942D5F87C034FF0D8
:10EC0000FF3118BF002115F01BFA10F5007F0CD161
:10EC100080232374A368E26801339A42A3600FD96A
:10EC20002046BDE8384008F04DBF002894F9103068
:10EC3000B8BF033040F387008342B8BF2074E9E7D0
:10EC400094F91030237102232360A37913B1204675
:10EC5000FFF798FFD5F87C030022BDE838408021FB
:10EC600015F0BFBA38BD00BF900D002008B5074BA6
:10EC7000D3F87C0315F07FFA30B1054BB3FBF0F00D
:10EC800083B20BB1184608BD0120FCE7900D0020AF
:10EC900040420F00F8B506462C4D33680C46D5F8B7
:10ECA0007C031BB3972115F01AFC024600B1FEE766
:10ECB0003168D5F87C030DF077FB00B1FEE73168D1
:10ECC000D5F87C0315F040FA3179814200D0FEE797
:10ECD000D5F87C030DF018FD00B1FEE70122D5F850
:10ECE0007C03114615F02FFC20B1FEE708F074F804
:10ECF00000B1FEE70322D5F87C03114615F013FCA2
:10ED00007F2C20D0D5F87C0315F0B1FA042814D15B
:10ED100004EB84046400D5F87C730A21384615F0AE
:10ED2000A8FA40F6E441384615F0A5FA2146D5F890
:10ED30007C030DF001FD30B1FEE7D5F87C030DF04A
:10ED400017FD0446E7E7C5F8B863F8BD900D00204D
:10ED500038B50446164D16F0D9F8237D95F8C02332
:10ED60009A4223D895F8C1239A421FD3D5F8B833D5
:10ED700005F56F70834202D07F21FFF78BFF802261
:10ED8000D5F87C03114615F02CFA10B101200023B0
:10ED90000AE0207DFFF714FE0028F7D1204608F096
:10EDA00091FE0028F2D10123236038BD2120EEE737
:10EDB000900D00202DE9F8430546FFF73BFD18B103
:10EDC0007F252846BDE8F8832B4E06F14803ED1A4F
:10EDD0001E23ED10B5FBF3F5EDB2012D00D9FEE7D2
:10EDE00006EB8503D3F89883AF00B8F1000F3DD14F
:10EDF00006EB45031820B3F8AE9307F011FB5FFA5A
:10EE000089F9A0F814904FF08009C0F8008045718E
:10EE100080F8049080F80680C0F808800446FFF768
:10EE200025FFC0001028D6BF10230123B3FBF0F349
:10EE300084F810902046E360FFF78AFF58B9374402
:10EE4000C7F898432368012BFCD0257920466DB282
:10EE5000FFF798FEB5E73E44D6F89833A34205D0B5
:10EE6000204609F0D3FD204616F096FC03483844AE
:10EE7000FEF710FFA4E700BF900D0020281100202E
:10EE800010B504460068FFF795FFC1B2206EBDE8DB
:10EE9000104009F027BD2DE9F047274E894606F1BD
:10EEA0004803C51A1E23ED10B5FBF3F5EDB2012D95
:10EEB000904600D9FEE706EB8503D3F898A3AF0090
:10EEC000BAF1000F36D1182007F0AAFAA0F8149072
:10EED00045714FF080090125C0F800A0857180F8C8
:10EEE0000490C0F808A00446FFF7C0FEC300B8EBCA
:10EEF000C00F28BFB8FBF3F52046E56084F81090FA
:10EF0000FFF726FF054628B93744C7F89843284637
:10EF1000BDE8F0873E44D6F89833A34205D020469A
:10EF200009F074FD204616F037FC04483844FEF71B
:10EF3000B1FEECE70425F8E7900D00202811002031
:10EF400038B50F4B0C4693F8C023824215D893F87E
:10EF5000C123824211D303F56F75D3F8B833AB42A6
:10EF600004D10846FEF71AFF002038BD09F046FD1F
:10EF700021462846FFF78EFEF6E70720F5E700BF9B
:10EF8000900D002070B504460D46FFF753FC68BB9A
:10EF90001E22184E06F14803E31ADB10B3FBF2F30E
:10EFA000DBB2012B00D9FEE706EB8302D2F89823EF
:10EFB00012B11268012A19D006EB4303A3F8AE532D
:10EFC00009F094FC01462846FFF7BAFF80B92846AD
:10EFD000FFF7F6FC044638B90146202015F048FF3B
:10EFE00086F8CE5386F8FE53204670BD0D24FBE70D
:10EFF0000724F9E7900D00200068C3E710B5836887
:10F0000004465BB1406921791C30FFF7F5FF20B958
:10F01000A37E022B01D00223A37610BD0D20FCE7B6
:10F02000F0B5012985B003D00724204605B0F0BD16
:10F0300069461068FEF78DFB03460028F4D1009E58
:10F04000019AB6F5807F72F10002EDD2F0B2A0F124
:10F050000B020F2AE8D80093CDE90133FF23094FB3
:10F060008DF8003097F98013FFF76AFF044600B16E
:10F07000FEE76A46D7F87C03B1B214F0DFFF002840
:10F08000D3D0FEE7900D002010B5EFF311823023AE
:10F0900083F31188084B03F14804001B1E24C010A1
:10F0A000B0FBF4F0C0B203EB8013C3F82C1482F36E
:10F0B0001188BFF36F8F10BD900D002008B530236D
:10F0C00083F311884FF000534FF20F0218805A80DB
:10F0D000BFF35F8F04F014FC2DE9F0416C4A6D4BD7
:10F0E00055686D4C5D65516A99656C49D1F80002AF
:10F0F000D865D1F80412586B1966916A10F0040FA4
:10F100005966D16A4FF000009966116BD966516B50
:10F110001967D26BD8645A67D3E90E1218BF11462B
:10F120005F4A91421A655DD301F12000A04259D88F
:10F130008869C5F308051864CE69062D5E6455D14B
:10F14000584DA84252D3584DA8424FD205884DF68B
:10F15000426085424AD11868C3F890005868C3F8E5
:10F16000940040F20170A242154604D22E68043287
:10F17000B6F1CD3FF7D00022C3E91E22C3E9202219
:10F18000C3E92222641BDFF81CC1434DDFF818E1FC
:10F190009C648D422DD8D3E91EC7D3E92065D3E9FD
:10F1A00022414FF0000E013AD2B2FF2A3CD1BEF10B
:10F1B000000F05D0C3E91EC7C3E92065C3E922419A
:10F1C000B3F85430C3F308030C2B3BD8022B54D9AB
:10F1D000DA1E092A51D8DFE802F031574043505077
:10F1E0005050504D0021C3E910112D494FF42060BB
:10F1F000B9E755F8044D6445CBD37445C9D2E60749
:10F20000C7D50026294F57F8048FA045C1D0013635
:10F21000062EF8D132B1013AD2B202F11E0643F8FD
:10F220002640B6E70522F8E7E0464FF0010EBC465F
:10F2300037462E4625460C464146B4E740F60120A7
:10F24000BDE8F0813B2B18D1194B9B6913F0020FDD
:10F2500040F2025318BF1846F2E740F60320EFE7EA
:10F2600040F6042240F20173B0F5206F0CBF104647
:10F270001846E5E740F60520E2E740F60722013BA5
:10F280004B2B98BF1046DBE740F60220D8E700BFC3
:10F2900000ED00E0803D0020C80A002000E100E011
:10F2A00008000020A0410000C05F0200F43D0020E3
:10F2B0000080015A1022002114F012BC70B5144DC8
:10F2C00005F59563D3E8AF4F14F0010416D195F816
:10F2D000A8349BB9C5F8AC4405F5966630191034CE
:10F2E000FFF7E8FFA02CF9D10B220A4B013A19468F
:10F2F00003F1100304D1012385F8A834064870BD3A
:10F30000D5F8AC0443F8100CC5F8AC14EEE700BF18
:10F31000900D0020401200203C12002008B5FFF79D
:10F3200089FA014620B9202015F0A2FD15F0EEFD66
:10F33000002008BD094AB2F8503503B9FEE748F28B
:10F340004E30D2F85435A3FB003010EB530044BFCD
:10F3500020F000400130C2F854057047900D0020A5
:10F36000836853B903685A6812B95860806070475F
:10F37000926882605A68906058607047002337B581
:10F3800000F58D54083405460C221946204608F035
:10F39000D3FF2E2834D0042809D11A4BD3F8780390
:10F3A00000F58E500C3003B0BDE83040D8E700B116
:10F3B000FEE7204601A9F7F773FD58B9019B124AF1
:10F3C00020469A65F7F75FFD204601A9F7F768FD2B
:10F3D00008B1FEE7FEE7019B0C4A2046DA65F7F725
:10F3E00052FD204601A9F7F75BFD00B1FEE7019B46
:10F3F000074A20465A67F7F746FD064BC5E9083528
:10F4000003B030BD900D002059050100ADD50000BE
:10F4100025F4000035F40000014BD3F87803ADE784
:10F42000900D0020024BD3F8780300F58E5097E73B
:10F43000900D002000F5805393F8A62132B193F887
:10F44000A7311BB900F58D50143089E770472DE9BD
:10F45000F041936805460C461646984732460746E3
:10F4600021462846FEF7D1F86868002203466BB1B2
:10F47000A168D3F808E0A1EB070CAEEB070898EA07
:10F480000C0F14D4A1EB0E01002908DA52B9E06088
:10F490006C6031462846BDE8F041FEF79CB81A463C
:10F4A000DB68E4E7D368E360D460BDE8F081BCF1D9
:10F4B000000FEAE701688A6A8B6B086B934208BF0A
:10F4C000CA6A03F1804304BF0132CA628B63024AF5
:10F4D00030310830BBE700BFBC62020000F440528C
:10F4E000B2F5005F034622D148F2400220F44E50AC
:10F4F00020F03F0090421ED010D8B0F5446F1AD0D3
:10F5000007D8B0F5046F18BF002814BF01200020F1
:10F510007047B0F5004018BF012070474CF64042DC
:10F5200003F44C43B3F5404F18BF9042EDE700F4AD
:10F530004063181EEFE70020704700F44053B3F516
:10F54000005F04D100F44C43B3F54C4F08D0B0F544
:10F55000804F05D3C0F3801080F00100C0B2704727
:10F560000020704710B58388032B12D9006809F07A
:10F570005BFA80F480720446C2F30021FFF7AEFF0D
:10F5800048B98A1CC4F38123022B06D0032B16D062
:10F590002BB1FF2012E00A1DF4E70232D2B220465E
:10F5A000FFF7CBFFC4F3813402EB4002022CD0B250
:10F5B00007D0032C08D0002C18BFFF2010BD083244
:10F5C000ECE70230C0B2F9E70830FBE710B58388FA
:10F5D0000446022B07D9006809F0AAFA18B12046A0
:10F5E000BDE81040BEE7FF2010BD38B505460C460B
:10F5F000FFF7ECFFFF2817BF2B6806201B5C0020DD
:10F600001CBF03F00703237038BD38B505460C4610
:10F61000FFF7DCFFFF281FBF431C2A68DBB2D3586B
:10F620001ABF00202360062038BD70B506460D467F
:10F63000FFF7CCFFFF28044609D03268105CFEF7C4
:10F6400048F822440244002053792B7070BD0620F4
:10F65000FCE710B50446FFF7B9FFFF2806D0236882
:10F66000185CFEF742F80230C0B210BD0220FCE781
:10F6700070B50546FFF776FFFF28044611D02E68C7
:10F68000304609F055FA60B1A9888C420BDA305D3A
:10F69000FEF740F8FF2808D00444E4B2A142B8BF06
:10F6A000FF24204670BDFF24FBE70446F9E7F8B5C8
:10F6B0000746FFF7DDFFFF28044633D03D682846A4
:10F6C00009F0B2F9830506461CD53846FFF7C1FF9D
:10F6D000B988A21C93B210FA82F28A4205EB0407A1
:10F6E00020DC2A5D02F07F0213449CB210FA83F3FF
:10F6F000994217DB3A8802F4FF42B2F57E5F01D0EF
:10F700009942E6DC2B7803F00703032B06D106F4BD
:10F710004056B6F5005F1CBF0134A4B2FE2C01D8E0
:10F720002819F8BD0020FCE72DE9F047794F054680
:10F7300097F874930E46144686B0B9F1000F36D18F
:10F740000846FFF7B4FF804688B390F800A00AF09F
:10F750003C030C2B0ABFCAF340094B4689F0010356
:10F76000B6F80490B9F1090F21D903B3306809F054
:10F770005BF910F4405F1AD10AF0C30ABAF1010F25
:10F7800021D198F80130E32B15D184B197F8583581
:10F79000022B0CD1D6E9020445F2082103230A18F2
:10F7A0005D4987F8583544F10003C1E90023002082
:10F7B00006B0BDE8F08784F00104F32B14BF0020ED
:10F7C00004F00100F4E7BAF1800FF0D1B9F10D0FA8
:10F7D000EDD998F8013003F0F8025CB9802AE6D13F
:10F7E00013F007033CD198F80630F02B04D184F0D5
:10F7F0000100DDE7402AF2E7E02B08D003F11C020C
:10F80000D2B20B2A03D95033DBB20F2BCFD8002C46
:10F81000CDD097F85835022BC9D11E223F4C08F1A4
:10F8200002002B1BDB10B3FBF2F33022DBB202FB36
:10F830000373D3F868150422093115F0FAFA002889
:10F84000B5D1D6E9020545F2082103230A1887F845
:10F85000583504F5A36445F10003C4E90023A6E785
:10F86000022BA4D198F80330F02BC0D0E02B08D0A5
:10F8700003F11C02D2B20B2A03D95033DBB20F2B97
:10F8800095D8002C93D097F85835022B8FD11E2392
:10F89000224CE9462C1BE410B4FBF3F400238DF852
:10F8A00014303023E4B203FB047303AD2946D3F8CC
:10F8B000680509F0C4F840B99DF81430012B1AD03E
:10F8C000022B1FD00BB98DF808302946304609F0BD
:10F8D00010F908222946484615F0ABFA00287FF4B3
:10F8E00066AF302303FB0474D4F8683598F802201F
:10F8F000DB7B9A424DE78DF80830BDF80C30ADF84F
:10F900000030E2E795E803008DF80830CDE900010A
:10F91000DBE700BF900D0020F0120020D80D002082
:10F920001E2238B5114C054604F14803C31ADB10FA
:10F93000B3FBF2F3DBB204EB831393F82824D3F880
:10F94000303484F8DC2304F572710122C4F8D83312
:10F95000FFF7EAFE95F8E4303BB1286A94F8C81541
:10F960005430BDE8384008F0C7B838BD900D0020CD
:10F9700010B50446FFF79BFE2368C01AC0B210BD45
:10F9800070B505468688FFF7F3FF04462846FFF763
:10F9900060FE0444301B80B270BD38B505460C468D
:10F9A000FFF714FEFF2817BF2B6806201B5C002002
:10F9B0001CBF03F01803237038BD38B505460C464C
:10F9C000FFF704FEFF2800D1FEE72A68431CD9B2E6
:10F9D000545452FA83F3220A5A70220C240E9A705D
:10F9E000DC702B7F43F001032B7738BD70B50646E2
:10F9F0000D46FFF7EBFDFF28044600D1FEE7326815
:10FA0000105CFDF766FE22440244557170BD2DE97D
:10FA1000F04FD0F8009004469BB048460E4609F0DF
:10FA200087F8002800F0CB8107AD29462046FFF774
:10FA3000B4FF0746002840F0C2819DF81CA0BAF12F
:10FA4000080F40F0BC81237FDA0600F1B881DFF8AF
:10FA50007C8399F8009008F14803F61A1E2309F0F8
:10FA60000709F610B9F1020FB6FBF3F61CD12946CF
:10FA70008DF81C002046FFF7D8FD9DF81C100029CA
:10FA800000F0AE81F6B208EB861393F829345A1EC3
:10FA900091420FD08B420CD00133994200F0188173
:10FAA00050461BB0BDE8F08FF6B208EB861393F812
:10FAB00029140127C34B07EB860003EB00130C331B
:10FAC000A360237FDB0720D4EFF31180302383F37F
:10FAD000118808EB8613D3F82C747A1CC3F82C24F5
:10FAE0002268127802F00702022A04BF83F8281461
:10FAF000C3F8307480F31188BFF36F8F2046FFF78F
:10FB000075FF39462046FFF758FF0023206802930F
:10FB100009F00EF8002800F0528120460DF107018F
:10FB2000FFF763FD002840F04A81204602A9FFF755
:10FB30006CFD8146002840F04281A349029B01EB05
:10FB4000C60C51F83600DCF804101ABA9DF807709C
:10FB500003AB03C3204605928DF81870FFF779FDBB
:10FB6000A0F10208A3685FFA88F8B8F1030F1393B5
:10FB700040F2B0802046FFF703FF4E468246034620
:10FB8000721C002B40F0A780F6B2022E38BF02266E
:10FB90002046022EC6F10F0718BFFFB2FFF7E8FE9E
:10FBA000021E18BF0122013E4FEA6803F6B2013B74
:10FBB00046EAC30343EA821303A93A4683460DF19A
:10FBC0001D008DF81C3014F0EFF852460F230BA9DE
:10FBD0009F42C0F083802A462946139816F072F897
:10FBE000BBF1000F07D04FF002099DF81D308BEAE2
:10FBF00003038DF81D303A4603A90DF12D008DF851
:10FC00002C6014F0D1F807F111000021C7F10F02A8
:10FC1000284413F065FF0023CDE9153A179310230C
:10FC200020468DF86470CDF850B0ADF86090ADF816
:10FC300062308DF86580FFF79BFE8345064653D3FF
:10FC4000276800EB0708B8454FD1159B1E44149B4D
:10FC500015969E420AD1BDF8603023B12A46294646
:10FC6000139816F02FF80023ADF860302046FFF708
:10FC700087FE179B169A0344934206464CD82046AB
:10FC8000FFF715FD4FF00009074606EB0008B845E1
:10FC900043D1179B1E44169B17969E4213D3BDF863
:10FCA000603023B12A462946139816F00BF89DF8C8
:10FCB00064200E2A07D802F111000021C2F10F02C0
:10FCC000284413F00DFFDDE916329A4262D0FEE7B8
:10FCD0004F46EFE6FEE716461B0A51E7013B01F8E7
:10FCE000012DDBB2120A73E7FEE7BDF86030102B7E
:10FCF00005D12A462946139815F0E4FF00235A1C23
:10FD00006833ADF860206B4417F8012B13F84C1CD6
:10FD10004A4003F84C2C96E7FEE7BDF86230102B02
:10FD200013D10F219DF864000FAA814205DD12F85E
:10FD3000013D0133DBB2137053B313980FAA0BA923
:10FD400015F0C0FF0023ADF862905A1C683397F895
:10FD500000A06B44ADF8622013F82C3C8AEA030340
:10FD600007F8013BBDF86030102B05D12A46294623
:10FD7000139815F0A7FF00235A1C6833ADF86020D4
:10FD80006B4413F84C2C8AEA020A03F84CAC7EE769
:10FD90000139CAE72046FFF75CFCA7880FAA3F1A83
:10FDA0000BA91398266815F08DFF0023F0199DF814
:10FDB000652093420CDB237F43F0100323774FF041
:10FDC000000A6DE6B811002059130020900D0020A4
:10FDD00015F8012B0133E97F4A4000F8012BE6E7D3
:10FDE0004FF0010A5CE62DE9F04F0027A7B004466A
:10FDF0002A220D460DF126003946039713F070FEB6
:10FE000024220AAE394630460896ADF8242013F075
:10FE100067FE206808F08CFE002800F05A8120461A
:10FE20000DF10B01FFF7E1FB002840F05281204665
:10FE300003A9FFF7EAFB8246002840F04A81039BB2
:10FE4000286869689DF80B701ABA04AB03C3069260
:10FE500030468022A1688DF81C7005F030FE074600
:10FE6000002840F0BD802046FFF7F3FBA0F1020917
:10FE70005FFA89F9B9F1030F40F2B3802046FFF72A
:10FE80007FFD3B46834606465A1C002E40F0AA8062
:10FE9000DBB2022B38BF02232046C3F10F05022B31
:10FEA00018BFEDB20193FFF763FD019B04A9013B6D
:10FEB000DBB20193019A4FEA6903013B42EAC303B3
:10FEC000021E18BF0122804643EA82130DF1510041
:10FED0002A468DF8503013F067FF5A460F2318A9B1
:10FEE0009D42C0F0828014AA114608A8FDF7B6FF13
:10FEF000B8F1000F07D04FF0020A9DF8513088EAA0
:10FF000003038DF85130019B2A4604A90DF16100CD
:10FF10008DF8603013F048FF08AB05F14100C5F1E2
:10FF20000F020021184413F0DBFD0023CDE9213B33
:10FF30002393102320468DF89450CDF88080ADF89F
:10FF400090A0ADF892308DF89590FFF711FD8045A7
:10FF5000054650D3D4F8008000EB0809C1454BD1C9
:10FF6000219B1D44209B21959D420AD1BDF89030D4
:10FF700023B114AA114608A8FDF770FF0023ADF8BD
:10FF800090302046FFF7FCFC239B229A03449342C7
:10FF9000054648D82046FFF78AFB4FF00008814607
:10FFA000B54241D8239B1D44229B23959D4212D3E9
:10FFB000BDF8903008AD23B114AA11462846FDF7CC
:10FFC0004DFF9DF89420002102F141002844C2F128
:10FFD0000F0213F085FDDDE922329A4263D0FEE77D
:10FFE000FEE7FEE71346360A4EE7013B01F8012D16
:10FFF000DBB2120A74E7FEE7BDF89030102B05D192
:020000021000EC
:1000000014AA114608A8FDF729FF00235A1C9833AB
:100010006B44ADF8902018F8012B13F8481C4A40A7
:1000200003F8482C9AE7FEE7BDF89230102B12D166
:100030000F219DF894001CAA814205DD12F8013DB4
:100040000133DBB2137063B31CAA18A908A8FDF72B
:1000500005FFADF89280BDF8923019F806A05A1C41
:1000600098336B4413F8283CADF892208AEA0303D6
:1000700009F80630BDF89030102B05D114AA1146AE
:1000800008A8FDF7EBFE00235A1C98336B44ADF82B
:10009000902013F8482C01368AEA020A03F848AC8B
:1000A0007EE70139C8E72046FFF7D3FAA68825681E
:1000B000361A1CAA08A818A9FDF7D0FE0DF14F03A7
:1000C000A8199DF8952097420DDB237F43F010037C
:1000D0002377BDF82430232B0ED9089805F0EAFCCD
:1000E00027B0BDE8F08F13F8012F013793F82010E7
:1000F0004A4000F8012BE4E7FEE701F1080313F89A
:10010000012D8B4200F8012BF9D1704713B504463D
:100110006846FFF7F2FF246869462046FDF718FAA3
:1001200080B20F282FD91E21184AA31ADB10B3FB67
:10013000F1F3DBB202EB831202F2AE21002211F8DE
:10014000220028B10132102AF9D1032002B010BDDB
:100150000F4901EB43001B0103FA82F201EB82021B
:10016000BDF80030BDF80210B0F870020B44BDF8C5
:1001700004100B44BDF806100B440344A2F8F432FB
:10018000012382F8F6320020E0E700BFD80D0020FE
:10019000900D0020002313B50822044601A99030D9
:1001A0000193FDF774FB40B92068836C43B101995A
:1001B0001C3002B0BDE81040A8E7062002B010BD18
:1001C0000D20FBE737B5036804469A6C7AB31948EB
:1001D000DB69A0F52B729B1A1E22DB10B3FBF2F336
:1001E000DBB24022002100EB831013F079FC04F114
:1001F0009005B4F89830B4F896209B1A9BB2072B60
:1002000001D8002011E00822284601A9FDF73FFB94
:1002100050B92068836C53B101991C30FFF776FF09
:100220000028E6D0032000E0062003B030BD0D20FA
:10023000FBE700BF8410002030B585B004460822DB
:1002400001A99030FDF723FB054620BB2468A36C71
:100250001BB3019902A8FFF750FFE46902A92046E9
:10026000FDF776F983B20F2B13D80D4B03F148023B
:10027000A41A1E22E410B4FBF2F4E4B200EB041062
:1002800003EB800383F8F652A3F8F452284605B036
:1002900030BD0A25FAE70625F8E70D25F6E700BF89
:1002A000900D002038B54FF6FE73002504464381BB
:1002B0008381C38AC58003F0FE0343F4FE4343F009
:1002C0000103C3820572C0F80E50C0F81250856158
:1002D0002C30FEF7EFFF04F13C00FEF7EBFF04F1DA
:1002E0004C00FEF7E7FFE565A4F8605004F16400F8
:1002F000BDE83840FDF7CEB937B505466846FFF78B
:10030000FCFE1E210D4B2A686C46D21AD210B2FB9D
:10031000F1F20721D2B203F2815303EBC203605C16
:10032000013903F8010BFAD2054B2146D3F87C03BF
:1003300014F0E5F800B1FEE703B030BDD80D0020A1
:10034000900D002037B50546082201A99030FDF731
:100350009EFA044680B92B689A6C7AB10199586D5F
:100360000A681C30C3F862204A68C3F86620FFF7A9
:10037000C3FF204603B030BD0624FAE70D24F8E79A
:10038000036810B55A1E114603628B4211D84162B0
:100390000221017700210163A1F58031C0E90A3310
:1003A000C0E90D13934207D8C0E90F23C0E9113308
:1003B00010BD04892144E8E701890A44F2E7012BD2
:1003C00010B5044608460AD0022B0FD01BB963684B
:1003D0001044834200D910BD2289801AF9E72368AE
:1003E000881A8342F7D922891044FAE79C21024BEC
:1003F000024A03480BF07EF8B18402002D86020009
:10040000118502002DE9F04790F8242012B90D2043
:10041000BDE8F087013A0568D2B280F8242095F84B
:100420001C90B9F1020FF2D000EBC204AB6AA668CF
:100430009E42ECD1D5F82CA031464B465246284678
:10044000FDF7BAFC6768804631464B463A46284677
:10045000FDF7B2FC80450646D9D94B46524639468F
:100460002846FDF7A9FC0128D1D90236464512DC01
:10047000841EA4B23C702B7F012239462846FFF728
:100480009EFF240A04700146012228462B7FFFF7B5
:1004900096FF0020BCE70720BAE7134610B50122FB
:1004A0000C78FFF78CFF03782402E01880B210BDAF
:1004B0002DE9F041044694F82470002F33D12468CC
:1004C00094F81C80B8F1020F38D0A56A434629463B
:1004D0002046E26AFDF770FC012806462CD9294621
:1004E00042462046FFF7D9FF023EC6F30D063043D1
:1004F00086B2C0F3072028702946434601222046D1
:10050000FFF75DFF0670E56AA562227F04EB8203B8
:10051000196A21631D62E56815B123462069A84761
:100520000223237705E02046FFF76CFF07460028EB
:10053000C1D03846BDE8F081E562E6E70D27F8E76F
:10054000C26B436A9A4205D1836B006A1B1A5842F8
:10055000584170470020704710B50E4B4FF40062B1
:10056000D3F87843002104F6A61013F0B9FA00225C
:1005700004F5805383F8A72104F11400FFF7E0FF8E
:1005800030B904F58D501430BDE81040FEF7E8BED8
:1005900010BD00BF900D002090F8353033B9C36B0B
:1005A000426A9B1A18BF012380F8343070472DE946
:1005B000F04F5C4B85B0D3F8784304F5805898F839
:1005C000A63104F11407002B4DD098F8A731002B69
:1005D00049D13846FFF7B4FF0546002843D101232F
:1005E00088F8A7313846FFF7ABFF029068BB384662
:1005F000FFF7D2FF94F8483004EB8303DB6CC4E9C7
:10060000153308F007F94FF6FF73B4F84A609E42BD
:1006100016D13846FFF7C0FF94F848A04FF00B09F9
:1006200004EB8A03D3F84CB05B6B5946029E0393EC
:10063000039B994221D194F849300BB1A4F84A6048
:10064000AB1CF218B2F5006F38D3002604F58D50BC
:1006500033462A46009604F6A6110830F6F708FD40
:1006600008B188F8A76198F8A631002B56D1384612
:1006700005B0BDE8F04F08F07EB85246384602910A
:10068000FFF70BFF10F4004F029901D08B45D2D138
:10069000C0F30D025346164438460232FFF78FFE70
:1006A00009F1FF3313F0FF090146B6B2C0D140F2A1
:1006B000AE311D4B1D4A1E480AF01CFF04F6A61958
:1006C000310A09EB050209F80510994456709DB2EC
:1006D00009EB060BD9451BD094F84920032A17D003
:1006E000B2B1012A11D1E16D94F84830384691F841
:1006F00000A0FFF764FEA36DE065984202D1384682
:1007000008F088F809F801ABE4E74FF0000AF9E7D0
:1007100035443846ADB208F02EF863E705B0BDE8C1
:10072000F08F00BF900D0020808602009C860200A2
:1007300011850200416AD0E90E23994209D1017F57
:10074000012906D0531E026893420ED34362C3634D
:100750007047016A914207D1027F2AB14268013392
:10076000934205D203628363704701890B44EBE730
:1007700001895B1AF4E7037F022B06D0083350F897
:100780002330C0E90A3302230377D3E7F8B5047FA7
:100790000546022C0E4605D1E6210E4B0E4A0F48A7
:1007A0000AF0A8FE2346B4FA84F4C76A0122394647
:1007B000FFF705FE6409083455F82430834203D05E
:1007C0003E70E8620020F8BD2846FFF7D4FF032002
:1007D000F9E700BFCD860200E9860200118502001C
:1007E00070B5D0E90A239A4204461DD1037F002147
:1007F000083350F82350AB1A5D425D41FFF7C6FF46
:10080000ED03014608B1032070BD2046FFF7BEFF8F
:1008100006460028F7D1A16A2D0A237F012220462F
:100820000D70FFF7CCFD06700020EDE738B5037FB3
:100830000446022B0D4607D0FFF7D2FF30B92946F8
:100840002046BDE83840A1E70D2038BD0320FCE775
:1008500038B504460D460068C9B2FFF7E7FF20B976
:100860002068290ABDE83840E0E738BD50F8603B11
:10087000B3F84610ECE750F8603BB3F85E10E7E7DA
:10088000B0F8B4106030E3E738B504460D460068B0
:10089000C9B2FFF7CBFF80B92068C5F30721FFF786
:1008A000C5FF50B92068C5F30741FFF7BFFF20B966
:1008B0002068290EBDE83840B8E738BD036893F8D2
:1008C000441071B10A2906D84FF4FA62074B11FBA4
:1008D00002316030D8E7192905D841F28832044B3B
:1008E000F5E70449F5E70021F3E700BF40CB0D0031
:1008F000B0DB2300CC3F0D0070B5D1B204460068D8
:1009000016461D46FFF792FF30BB2068C6F307214D
:10091000FFF78CFF00BB2068C6F30741FFF786FF97
:10092000D0B92068310EFFF781FFA8B92068E9B27D
:10093000FFF77CFF80B92068C5F30721FFF776FF3A
:1009400050B92068C5F30741FFF770FF20B9206850
:10095000290EBDE8704069E770BD00F51A6353E9E0
:1009600002236030C8E738B5044608460D4613F048
:10097000C5FA4FF6FF73984228BF1846294682B23F
:10098000206807F0DDFE014618B92068BDE8384050
:100990004CE738BD01496030E5E700BFA8630200BD
:1009A00070B590F824500446032D1DD80668337F97
:1009B000022B19D03046FFF713FF0146B0B9F36A96
:1009C00004EBC5056B60B36AAB602068FFF72EFFD0
:1009D00048B901462068FFF729FF20B994F8243070
:1009E000013384F8243070BD0D20FCE70320FAE7C2
:1009F0002DE9F843074616460C4600F1600500292C
:100A00007BD0002A79D1B1F80480D1F80090284633
:100A10004146FFF71DFF10B10120BDE8F8834246B3
:100A20004946386E07F08CFE0028F5D194F9151070
:100A30002868C9B207F056FF0028EDD18021286848
:100A400007F050FF0028E7D1002C60D0E17D0901BC
:100A500001F030012846FFF7FBFE0028DCD12846D4
:100A6000FFF79EFF01460028D6D104B1A17928687E
:100A700007F038FF01460028CED104B1A17D2868D7
:100A800007F030FF0028C7D1002C42D0D4E9022360
:100A90002846FFF731FF0028BED12846FFF7B2FCF9
:100AA0000028B9D12846FFF77BFF0028B4D1314692
:100AB0002846FDF702FB0028AED12846FFF7A2FC2E
:100AC0000028A9D12846FFF76BFF01460028A3D1D3
:100AD00004B1217D286807F005FF00289CD1DCB116
:100AE00021692846FFF7D0FE002895D12846FFF758
:100AF00089FC003818BF01208FE700212846FFF746
:100B0000A7FE002888D1002C90D1214690E72146ED
:100B1000A0E700220023BBE72146E2E72DE9F041F0
:100B200011F00F0804460D4617461E46006829D0EE
:100B3000002384F82430FFF71EFE01230377436A65
:100B4000C0E90A332946206807F0CCFE18BB3946B5
:100B50002046FDF7B2FAF0B925682B7F022B19D099
:100B60002846FFF73DFEC0B9EB6A3146A362AB6A87
:100B70002046E36294F8243084F82530BDE8F04143
:100B8000FDF79BBA84F82480FFF7F5FD036A80F82F
:100B90001C80D5E70D20BDE8F0810320FBE730B5D0
:100BA0000546D2F8A00914460B462A46C1B0A0B1AA
:100BB000B4F8A4190BF086F900280CDDB4F8A439B8
:100BC000D4F8A0299842A8BF184602441B1AC4F8BA
:100BD000A029A4F8A43941B030BD4FF48071684613
:100BE0000BF070F90028F6DB60344FF46F530622E7
:100BF00080212046FFF792FF0028ECD1694620466D
:100C0000FFF7B1FE0028E6D12046FFF751FCE2E7EE
:100C1000F8B50F4B0C46D3F878731546FCF77EFEFB
:100C2000000160F07F0007F1600600F0F001712321
:100C300006223046FFF772FF48B92A462146384659
:100C4000FFF7D6FE18B93046BDE8F84030E4F8BDED
:100C5000900D00202DE9F041204B0F46D3F878533A
:100C6000FCF75CFEFF2204462B1893F9768983F883
:100C7000762905EB80035868240164F07F04403036
:100C800005F16006E4B2FEF7B9F9392306222146E0
:100C90003046FFF743FFF8B9286E5FFA88F107F096
:100CA00021FEC8B9286EF9B207F01CFEA0B9304683
:100CB000FFF7FEFB80B92146302306223046FFF7BE
:100CC0002DFF014640B9286E07F00CFE20B93046D2
:100CD000BDE8F041FFF7ECBBBDE8F081900D0020CE
:100CE00010B5C38802895C1C944297BF0268062035
:100CF000D35C0B709FBFC3880133C380002010BD3D
:100D000013B50C460DF10701FFF7EAFF48B99DF84E
:100D1000073013B9207002B010BD012B01D1237030
:100D2000F9E70620F7E713B504460DF10701903007
:100D3000FFF7E6FF60B923689A6C5AB193F86A200E
:100D40009DF8071061F3000283F86A2002B010BD1D
:100D50000620FBE70D20F9E7002373B505460DF1EA
:100D6000070190308DF80730FFF7CAFF0446A8B995
:100D700028689DF80760836C23B15EB14030FEF7B0
:100D80003DF9044695F871391D4485F86A69204695
:100D900002B070BD1C30FEF7C1FAF3E70624F6E797
:100DA00007B590300DF10701FFF7AAFF48B99DF88C
:100DB000073013B9044A82F82030012003B05DF8EF
:100DC00004FB0620FAE700BF7C3F002010B590F836
:100DD0007119044601F67A1101449030FFF790FF33
:100DE00058B9226894F87139926C42B11C4494F855
:100DF0007A29044B83F8D92510BD0620FCE70D2085
:100E0000FAE700BF900D0020002337B505460DF12D
:100E1000070190308DF80730FFF772FF0446B0B934
:100E20009DF807302D68ABB905F1B800FCF732FC2E
:100E3000686D1C30FEF772FA012014F031F820B111
:100E400095F85A300BB185F85A400023AB64204620
:100E500003B030BD95F85A306BB9012014F020F87A
:100E6000686D1C30FEF75AFA95F85A30012B1CBFFA
:100E7000012385F85A30014BE8E700BF110C01004F
:100E8000002337B505460DF1070190308DF8073086
:100E9000FFF726FF0446A0B99DF8073023B1013BB8
:100EA000012B09D9072404E02B689B6C5BB107F088
:100EB00087FD204603B030BD2B689B6C1BB1012021
:100EC000F5E70624F5E70D24F3E7F7B5044600251A
:100ED000012700F19006B4F89620B4F898309A42B1
:100EE00004D10020C4F8B05003B0F0BD30460DF17D
:100EF0000701FFF7F5FE38B99DF807301F2B05D81D
:100F000007FA03F31D43E6E70620EDE70720EBE7CA
:100F10000023F7B506460DF1070190308DF8073034
:100F2000FFF7DEFE0446002847D19DF8073013B1D5
:100F3000022B03D00C24204603B0F0BD3568AB6C07
:100F4000002BF8D096F87129324492F976390133A2
:100F500001D00D24EFE7D6F8B03083B3591E194203
:100F60002DD1B3FA83F3C3F11F0182F87619AB6C6C
:100F7000002BEED095F85A30002BEAD0033B042B1F
:100F8000E7D9B5F858309B07D4D56B6DB6F8B47077
:100F9000DE69FDF752FC30B94FF47A7230467A437D
:100FA00089B2FDF778FF95F85A30052B1CBF052351
:100FB00085F85A30034B2B65BDE70624BBE70724B1
:100FC000B9E700BF550C010013B504460DF1070148
:100FD0009030FFF785FE60B99DF8073003F00303FA
:100FE00004EB83046368002B14BF23200C2002B0A1
:100FF00010BD0620FBE72DE9F34100F190042046E7
:101000000DF10201FCF709FC20B10625284602B0CB
:10101000BDE8F0810822204601A9FCF738FC002831
:10102000F3D18DF801000DF101012046FFF758FEC4
:1010300005460028E9D19DF80130DDF8048003F071
:101040000106C3F34000314646EA4006C3F3800080
:1010500046EA800603F008000643BDF80270C3F3B9
:10106000C00206F00F06B8F1000F44D019B913F012
:10107000060F00D1E2B1FCF7DBFE0468002C35D18D
:10108000FEF71CF90468002C37D023680360204663
:10109000FEF710F9FCF7CCFE0368236004602671AC
:1010A000E780D8F80030A360D8F80430E360ADE7FB
:1010B000FCF7BEFE02682B4614460CB91725A5E7BF
:1010C000E188B94202D023462468F6E743B90AB161
:1010D00013680360FEF7F2F803682360046095E785
:1010E0001A68002AF6D012681A60F3E7E388BB4258
:1010F000D5D02468C2E7072588E7032586E713B51E
:101100000C460DF10701FFF7EBFD10B99DF8073014
:10111000237002B010BD002307B590300DF1070118
:101120008DF80730FFF7EBFF18B99DF80720024B49
:101130001A7403B05DF804FB7C3F0020002337B530
:1011400005460DF1070190308DF80730FFF7D7FF06
:10115000044690B90A4A2B6802F148015B1A1E2125
:10116000DB10B3FBF1F352FA83F39DF8072083F809
:10117000ED2507F0BBFBFCF711FE204603B030BDA8
:10118000900D002007B590300DF10701FFF7B7FF74
:1011900000280CBF0C20062003B05DF804FB37B517
:1011A00000F1900405460DF107012046FFF798FD78
:1011B00018B10624204603B030BD20460DF10601CB
:1011C000FFF79DFF04460028F3D19DF80710A1F119
:1011D0000B030F2B15D80C4A2B6802F148001B1A81
:1011E0001E20DB10B3FBF0F3DBB202EB03129DF821
:1011F00006300A4482F8E43507F078FBFCF7CEFDB0
:10120000D8E70724D6E700BF900D002070B5C4884A
:101210000389221D9A4211D805682A1993785678B5
:101220002C5D1B04D27843EA0623234343EA02637E
:101230000B60C3880433C380002070BD0620FCE728
:1012400073B50DF101010546FFF74AFD044600287C
:101250006DD19DF80160092E69D8DFE806F0050E12
:10126000682A38683D465D63284601A9FFF738FDC6
:1012700000280CBF012406240CE0002328460DF1B1
:1012800003018DF803308DF80430FFF729FD20B1FC
:1012900006263446204602B070BD284601A9FFF755
:1012A0002FFD0028F4D19DF80330082B28BF072616
:1012B000EFE70023284601A98DF80430FFF710FD61
:1012C000C8B99DF80440003C18BF0124E2E7284655
:1012D00001A9FFF79BFFCBE7284601A9FFF710FD07
:1012E000002814BF34460124D4E728460DF102013A
:1012F000FFF7F6FC08B10624CCE728460DF1030100
:10130000FFF7EEFC0028F6D1284601A9FFF7E8FC1C
:101310000028F0D10124BDE718220021054812F071
:10132000DFFBB7E7284601A9FFF7EAFCA0E717248F
:10133000B0E700BFA0130020002373B500F19006B2
:10134000044601A930468DF80330FFF75FFF0546DC
:1013500018B10625284602B070BDB4F89620B4F83E
:1013600098309A4236D030460DF10301FFF7C8FCA1
:101370000028EED123689DF803109A6C51B30AB986
:101380000D25E7E7D3F8B02001998A42B3F8582039
:1013900038BFC3F8B0109006DCD55B6D154ADB6929
:1013A00002F148001B1A1E20DB10B3FBF0F3EFF331
:1013B0001180302484F31188DBB202EB8313D3F85D
:1013C0002C248A4238BFC3F82C1480F31188BFF351
:1013D0006F8FBFE723689A6C002AD1D0B3F85820EA
:1013E00001999206C3F8B010B4D55B6DD869FDF7CA
:1013F0004BFEAFE7900D0020F0B50024C2880368D3
:1014000007899E182346BF1A9F42C3EBC30E12D012
:10141000052B10D016F803C001330CF07F0505FA38
:101420000EF51CF0800F44EA0504EDD11A44C28089
:1014300000200C6000E00620F0BD002313B5044638
:1014400001A990300193FFF7D7FFB0B923689DF849
:101450000420996CA1B183F8442023689A6C6AB186
:1014600094F87129144494F86A293AB103F14000C0
:1014700002B0BDE81040FDF7C1BD062002B010BDAE
:101480000D20FBE72DE9F341044601A99030FFF759
:10149000B3FFB0BB034605464FF0010CDDF804E096
:1014A000194991F80880B8F1000F1FD00A689645D5
:1014B0001CD1D4E93676A3F12002C3F120052CFA21
:1014C00005F50CFA02F22A430CFA03F52F431643F2
:1014D000C4E93676D4E9347627EA050726EA020617
:1014E000C4E93476BEF1000F08D1454601331F2B05
:1014F00001F10C01D5D1002D08BF072002B0BDE8D5
:10150000F0810620FAE700BFEC6302002DE9F34109
:10151000044601A99030FFF76FFF78BB03460646EB
:101520000125DDF804E0164991F80880B8F1000FB4
:1015300019D00A68964516D1A3F12002C3F12006FE
:1015400025FA06F605FA02F2324305FA03FCD4E95D
:10155000367627EA0C0726EA0206C4E93676BEF19B
:10156000000F08D1464601331F2B01F10C01DBD1DE
:10157000002E08BF072002B0BDE8F0810620FAE780
:10158000EC630200F7B50E460DF106010546144660
:10159000FCF743F910B1062003B0F0BDBDF80670AA
:1015A00031463A462846FCF772F90028F3D12780E5
:1015B000F2E72DE9F04F00F1900495B006460DF1E9
:1015C00011012046FFF78CFB20B10625284615B0F7
:1015D000BDE8F08F9DF81130082B01D00725F5E705
:1015E000204604A9FFF77CFB0028EED120460DF130
:1015F000120207A9FFF7C6FF0028E6D1BDF8123096
:10160000102BEBD120460DF1120206A9FFF7BAFF0D
:101610000028DAD1BDF81230102BDFD120460DF1B1
:10162000120205A9FFF7AEFF05460028CDD1BDF88F
:101630001230102BD2D1DDE9054B079BD6F8009074
:1016400008AE30460CAF03939DF810A00DF1400892
:10165000FDF730FE3846FDF72DFE4046FDF72AFE29
:10166000D9F84820002A47D0B446039B03F1100E56
:10167000624618685968083303C273459446F7D127
:101680005B46BC460BF1100E624618685968083379
:1016900003C273459446F7D12346444603F1100C28
:1016A000224618685968083303C263451446F7D1C7
:1016B00096E80F0009F1800489F8B4A084E80F00CF
:1016C00097E80F0009F1900484E80F0098E80F00F4
:1016D00009F1A00484E80F00B9F858309B067FF5A3
:1016E00075AFD9F85400CDF800803B4632465146DC
:1016F000C06906F0A9F969E70D2567E7002330B551
:10170000174A146824BB5468A14221D1C3F12004B4
:10171000D0E90225A3F1200105FA04F4DA402243BE
:1017200025FA01F10A4312F0010FC3F12004A3F1DD
:1017300020020CD1012121FA04F401FA02F2224321
:101740009940D0E900430C431343C0E9004330BD46
:101750000133DBB21F2B02F10C02D2D1F7E700BF3D
:10176000EC6302001C282ED8DFE800F00F301113C4
:101770002D1517192D2D2D2D1B1D1F212D2D2D271D
:101780002D2D2D25232D2D292B00002070470E20D7
:1017900070470B2070470C207047092070470320CA
:1017A00070470220704704207047112070471220B4
:1017B0007047132070471420704716207047172079
:1017C00070471820704700F580407047012070472F
:1017D000024B006E197C07F085B800BF7C3F0020EB
:1017E00010B5074B0446D3F87C030AF0C1FF0A2367
:1017F00090FBF3F1206EC9B2BDE8104007F072B85B
:10180000900D0020024608B50C20FFF7ABFFBDE8A5
:101810000840014602F16000FCF77DBC024608B5B5
:101820000C20FFF79FFFBDE80840014602F1600071
:10183000FCF771BC2DE9F04F5B4B8FB0D3F8282635
:10184000D3F82C160192D3F83C26D3F830B6039285
:10185000D3F84826D3F834A60292D3F84C26D3F80E
:1018600038960492D3F85026D3F840760592D3F8F0
:101870005426D3F844660692D3F858260D91079261
:10188000D3F85C2600F160040892D3F86026054680
:101890000992D3F8642620460A92D3F868260B9260
:1018A000D3F86C2693F870860C92FFF779F800282D
:1018B00077D120460D99FEF7E7FF002871D15946F0
:1018C0002046FEF7E1FF00286BD151462046FEF787
:1018D000DBFF002865D149462046FEF7D5FF0028EA
:1018E0005FD120460399FEF7CFFF002859D1394632
:1018F0002046FEF7C9FF002853D131462046FEF7A7
:10190000C3FF00284DD120460299FEF7BDFF0028F5
:1019100047D12046FEF776FD002842D12046FFF74A
:101920003FF800283DD120460499FEF7ADFF00287E
:1019300037D120460599FEF7A7FF90BB20460699B0
:10194000FEF7A2FF68BB20460799FEF79DFF40BB4C
:1019500020460899FEF798FF18BB20460999FEF724
:1019600093FFF0B920460A99FEF78EFFC8B92046CA
:101970000B99FEF789FFA0B920460C99FEF784FF6A
:1019800078B92046FEF73EFD58B94146286E06F06C
:10199000ABFF30B9204601990FB0BDE8F04FFEF71C
:1019A00073BF0FB0BDE8F08F900D00202DE9F74F09
:1019B0009846384B0E46D3F878531746FBF7AEFFE0
:1019C00005EB000999F87249002C41D044EA001453
:1019D00064F07F04E4B297B3386807F025F8C0F3E9
:1019E000001B002396F81CA089F8723905F16009E4
:1019F0000622214648460AF0010AFFF78FF838BB55
:101A00004046FFF7AFFE01464846FCF756FBF8B9E3
:101A10005946286E06F068FFD0B95146286E06F088
:101A200063FFA8B9B8F1000F0BD0306807F080F859
:101A300088B9484603B0BDE8F04FFEF739BDBB4654
:101A4000CFE7424639462846FEF7D2FF0028ECD0C1
:101A500003B0BDE8F08FBAF1000FEAD030460DF1C7
:101A60000301FDF7E2FD0028F2D1304601A9FDF7A0
:101A7000CCFD0028ECD19DF80310286E06F032FF53
:101A80000028E5D148460199FEF7FEFE0028D0D097
:101A9000DEE700BF900D00202DE9F8430C4614F05E
:101AA0000F081746194604F00F0C06D1022A02D17E
:101AB000D030FFF723FE00200CE090F8EE6890F89D
:101AC000EDE8A6EB0E030E2B06DDD0300E21FFF75E
:101AD00015FE0320BDE8F883C4F30112841894F8BE
:101AE000E948134644453DD133460E2B3ED842F0DB
:101AF000400203F58F7342EA8C0230F8334042EA29
:101B0000072222F08002920524F45F74920D24F0E3
:101B10000304224320F8332000EBC3056B68013631
:101B200061F317036B6080F8EE68C4E70F3CE4B222
:101B30000E2CFBD804F58F7410F8345015F0400FBC
:101B40000CD005F003094B4508D1C5F38309C14505
:101B500004D125F0400500F83450C5E70EF1010E20
:101B60005FFA8EFE7645BFD97446E1E70F3BDBB2E4
:101B7000BBE7134602228FE738B511F0300F00F1B2
:101B8000600408BFC0F8AC2015460023062220469A
:101B9000FEF7C4FF48B929462046FCF78EFA20B963
:101BA0002046BDE83840FEF783BC38BD2DE9F04F34
:101BB0000546ADF5457D0DF5887B00914FF48072AB
:101BC0000021584611F08CFFB5F89610B5F8983002
:101BD0004C1C9C4230D8D5F890205B1A51189BB20F
:101BE00027D000204F1E82B2934225D901303E5C9F
:101BF000002EF8D14FF48073D5F800902244A5F858
:101C00009620C5F8A0B9A5F8A43909F1C80721BBE9
:101C100084A812F06BF90024DFF86C820DF5047AC9
:101C200056461AF8013B33BB23A9002001EB84027E
:101C30005DE00BB10A46DDE70620FFF793FD009952
:101C400002462846FFF798FF0023C5F8A039A5F8FB
:101C5000A4390DF5457DBDE8F08F0023CA5C002A4C
:101C6000D6D00133B3F5807FF8D138467749FCF7F9
:101C700002F90320E8E75C2B29D19AF80020A2F1B1
:101C80000903DBB2172B17D828FA03F3D90715D4A9
:101C90001AF8013C002BC3D02CB11AF8023C002BDF
:101CA000BED1202C2CD0C4AA631C02EB8404A4F562
:101CB00021742660DCB2B3E75C2AE9D1304612F029
:101CC0001DF951460246304612F01DF8E0E7093B87
:101CD000DBB2172BDCD828FA03F3DA0744BF002362
:101CE0000AF8013CD4E70134E4B242F8040B202C9A
:101CF000F9D93BB138465649FCF7BDF80720A3E7B0
:101D0000072391E7DAB2C4A800EB8202A2F52172A0
:101D100012681C460133002AF4D1134603A8DAB234
:101D200051F822800133B8F1000F31D114F0FF04D3
:101D3000484B0AD048490398FBF75EFF03AE454B7A
:101D400050B3013C14F0FF0425D193F874234349A8
:101D5000434B3846002A18BF19460A464149FCF74A
:101D60008AF805F160044FF46F530622204600996B
:101D7000FEF7D4FE00287FF467AF59462046FEF7F1
:101D8000F2FD00287FF460AF2046FEF791FB5BE791
:101D900040F82280C3E704AE93F87433D6F800A06D
:101DA00053B950463049FBF727FF28B938462F4929
:101DB000FCF761F80D2047E72D4B19685046019359
:101DC000FBF71AFF019B2B4AC0B1D3E901A35A10BC
:101DD00007EB6300DB0748BFBB5804F1FF3148BF86
:101DE00053F80AA0012C18BF06F104084246C9B2F4
:101DF000D04723280FD00028B3D025E70C339342D7
:101E0000DBD150461C4912F067F870B150461B49AF
:101E100012F062F840B1012C04D0384632681849FB
:101E2000FCF729F823200FE70120164B012C03EBC8
:101E3000C00304F1FF3118BF06F104084246D3F88D
:101E40002033D9F8C800C9B29847D2E7D787020033
:101E50002D870200900D0020628702002487020077
:101E60001C87020066870200A68402007F870200AA
:101E700060650200D86502009E870200A987020003
:101E8000B2870200BC62020013008000F0B5044675
:101E90000C260020013A90420DD370430A180958CD
:101EA0008B4215BF0023D2E90101C4E90033C4E924
:101EB00000012046F0BD85186D0806FB05F7CF59D7
:101EC0009F422CBF2A46681CE5E72DE9F04F052B01
:101ED0009046134604460E464FF0030287B016D0D4
:101EE0004FF0070A354904A8FFF7D0FFDDE9049752
:101EF00007F0010BB9F1000F12D1BBF1000F0FD1A8
:101F00000D223146204607B0BDE8F04F31E62C499E
:101F100004A8FFF7BBFFDDE904974FF0080AE7E7E5
:101F2000B4F89630B4F8985094F89A20A4F89E50DB
:101F3000ED1AADB2A4F89C3084F89B2003A92A4680
:101F400004F190000193FBF7A2FC019BB4F89420EC
:101F500004EB67009A4288BFA4F89630002384F807
:101F60006F397B10BBF1000F02D0E35853F8099092
:101F7000C847012384F86F3918B1FFF7F3FB024615
:101F8000BFE704F160074346524631463846DDF864
:101F90000C90FEF7C3FD08B10022B2E72A4649467D
:101FA000206E06F0CDFB0028F6D13846FEF780FA09
:101FB0000028F1D107B0BDE8F08F00BFE86502004E
:101FC0000C6602002DE9F0438BB004460E469046A5
:101FD0001F465349134602A82D22FFF757FFDDE99C
:101FE000025945BB19F0010F25D1A8F57053B3F57F
:101FF000806F44D204F160054346062231462846EC
:10200000FEF78CFD002856D143F60143984536D1A2
:102010000DF1070104F19000FEF762FE804670BBEF
:102020009DF80730082B2AD8DFE803F02121322160
:1020300036484B50520004F16007434606223146B1
:102040003846FEF76BFD002835D119F0010F4FEA35
:10205000690318BFE35804EB690018BF5D59A8472E
:1020600048BB38460BB0BDE8F043FEF721BA00216B
:10207000206E06F037FC00284DD0172812D1002F13
:102080004BD00D22314620460BB0BDE8F04373E53E
:10209000244B93F89016EBE700212846FEF7F4FB5B
:1020A000002838D0FFF75EFB01462846FCF733F8DE
:1020B0001728E4D078B30BB0BDE8F0836FF440711B
:1020C000EBE70021206E06F00FFCD4E70120E9E7E2
:1020D000144B0DF11009D3F810260492D3F81426EE
:1020E0000592D3F818260692D3F81C260792D3F847
:1020F0002026D3F8243608920993284659F8041B61
:10210000FEF7C2FB0028CDD108F101085FFA88F87C
:10211000B8F1060FF1D12846A4E73A46B2E700BF6E
:1021200030660200900D002070B50446002694F839
:10213000ED5894F8EE38AB4201D1002034E005F5BB
:102140008F7514F835305A0616D414F8353023F04C
:10215000400304F8353094F8ED380133DBB20F2B2F
:1021600084F8ED38E3D194F8EE3884F8ED680E2B5E
:1021700022D884F8EE38DAE7C3F30102C3F383010F
:1021800041EA021104EBC5025378526803F00303DD
:1021900061F07F01022BC9B2C2F3170205D12046BC
:1021A000FFF7EAFC0028D0D070BDB3FA83F32046D5
:1021B0005B09FFF707FFF5E70F3BDBB2D7E72DE938
:1021C000F047D0E93432134304461ED000254FF0C7
:1021D0000109344FDFF8D0A0C5F12001D4E9343033
:1021E000A5F12002EB4000FA01F10B4320FA02F2C4
:1021F000134313F0010FC5F12008A5F1200609D102
:1022000001351F2D07F10C07E6D1012384F8903921
:10221000BDE8F0873A68002A39D17B68772B14D162
:10222000DAF89436D9070ED4580628D413F0180FCC
:1022300027D1990727D49A0627D440F284721342F3
:102240000CBF0722062202F170031A4680212046A5
:10225000FFF792FC0028D8D1D4E9343209FA06F607
:1022600029FA08F846EA080609FA05F123EA010303
:1022700022EA0602C4E934321343C1D1C5E702227F
:10228000E1E70822DFE70122DDE70322DBE794F83C
:102290009039002BE0D0012380212046FFF792FEE9
:1022A000D8E700BFEC630200900D002010B590F855
:1022B000A830044633B1D0F8E430994204BF00237B
:1022C00080F8A8302046FFF72FFFC0B994F8E81037
:1022D00089B101230C222046FFF774FE78B994F8E7
:1022E000E03084F8E800042B1FBF636CC4F8E430CE
:1022F000012384F8A8302046BDE810405FE710BDF8
:10230000014BD3F878035AE7900D0020F7B50D463E
:10231000044600B9FEE7037F03F0FF0603B1FEE7C2
:102320000E4B1B68994215D840F2E73031460C4BF2
:102330004FF47A721F680023E5FB070111F0AEF934
:102340000123CDE9006301462346064A606813F085
:10235000F7FA00B1FEE703B0F0BD00BF880D002022
:102360008C0D0020755D020000B9FEE7406813F097
:10237000FDBB70B5EFF3108672B64FF0FF3012F070
:1023800024F804460A4BD3F89826C3F898068242EC
:1023900088BFD3F89C26304684BF0132C3F89C2600
:1023A000D3F89C5613F0FAFC2046294670BD00BFB6
:1023B000900D00202DE9F74307460D4606F096FAEA
:1023C0001E23624E804606F148043C1BE410B4FB19
:1023D000F3F496F85835E4B2032B1AD000222946BC
:1023E0003846FDF7A1F9A0B1FFF7C3FF584C021919
:1023F00041F1000306F5AC61C1E90023022386F830
:10240000583507B9FEE7C6F8A076002003B0BDE84E
:10241000F083012C00D9FEE7302363434D4AD118E5
:102420008D4200D0FEE7C4EBC41102F59E720A444F
:102430002968914200D0FEE72A7F334412F0020F50
:1024400010D1642283F89425FCF7F7F938B30026FD
:102450004FF0FF310C2001AA019608F03FFF019CCC
:1024600084B9FEE793F89425022A04D83023502239
:1024700003FB0463E6E7023AD2B24F2A83F89425BD
:10248000F4D9E1E72146344827602671A56004F0BD
:10249000FBFB0028B9D1204613F07EF9B5E7414691
:1024A000A879FCF74DFD00284DD1FCF7C3F9804613
:1024B00000B1FEE74FF0300901464FF4F85012F03A
:1024C000D7FC09FB0463C3F89075297F1020C1F382
:1024D0008001C6F8945312F0CBFC0C2303FB046478
:1024E0002B7F2846C3F3C003A96A84F8FA37FDF7A7
:1024F0008EFAEFF3118489F311880220012112F082
:10250000B7FCFCF797F900B9FEE786F8B483FCF74F
:102510009DFA84F31188BFF36F8F4FF4805012F04F
:10252000BFFC00283FF471AF97F8E430002B3FF474
:102530006CAF3A6A936F002B3FF467AF01212846D6
:10254000D26F984761E7072060E700BF900D002039
:10255000404B4C00F81200203415002010B5837950
:10256000044603F0FB03032B17D18388DB0608D551
:102570000423A3712368E169D869FFF71BFF60B1E9
:10258000FEE7C369006899791C30FCF735FD00B19E
:10259000FEE7A379042BEDD0EAE710BDC269837989
:1025A000516909B9126922B1072B01D00723837140
:1025B000D4E7032BFCD00323F9E72DE9F7430446C6
:1025C00000F1640738460D4690461E46FBF762F858
:1025D000B4F8049019F0200F2AD0286806F0A8FA61
:1025E00030B32B7FDA0723D528460DF10201FDF722
:1025F000D4F900B1FEE79DF80230082B18D1284627
:1026000001A9FDF702F800B1FEE728460DF103012C
:10261000FDF70BF800B1FEE79DF8032094F8603059
:102620009A4205D1019BE26D934224BF0133E365D9
:102630000023E3719EB119F0040F10D1237A6A7E52
:102640009A420CD9013323722B7F0E2E43F00203E2
:102650002B771ED0204603B0BDE8F0439EE7A37958
:10266000022B4FD1A97EAB798B4206D0A37DDB072D
:1026700003D520681C30FCF7BFFC246AE76C002FF0
:102680003DD0334642462946206CB8470023E364D8
:1026900035E0A37994F86160062B1CBF0623A37173
:1026A000FCF748FEA37D0546206813F0010F00F1FA
:1026B0001C0010D0E3699979FCF79EFC4FF0FF33C2
:1026C000B34025EA03054FF4A0735D43FAF724FEF7
:1026D000002D03DAFEE7FCF721FEEFE70544606E0C
:1026E00039460A4AE5661030FCF7B1FE94F86130CD
:1026F0000133DBB2052B28BF052384F8613003B01A
:10270000BDE8F0830223A371ACE700BFC8620200FA
:102710002DE9F04190F8E47004460D461E46C7B11D
:102720000D4F97F8747397B1897EAB798B4206D0C1
:102730000A4BCB40DB0700D4FEE7FCF723FC334613
:1027400000222946206A5430BDE8F04135E7006A8E
:10275000F9E7BDE8F08100BF900D002000F8FF0709
:1027600070B5046894F85A3004F15405033B042B07
:1027700048D8DFE803F00307181403002846BDE833
:102780007040EBE6236F606D99791C30FCF734FCE8
:102790002846216F0E23BDE8704000220DE7284631
:1027A000BDE87040FAE6B4F858309B0700D5FEE764
:1027B000636DD869FCF7FEFA7F2807D094F96B3077
:1027C0007F2B01D0834201DA84F86B00FAF783FD96
:1027D000E36EC01A00280EDAD4F8C030D4F8B8007E
:1027E0008033C4F8C03004F1B801074A1030BDE8A6
:1027F0007040FCF72CBE284694F96B10BDE8704081
:10280000FAF797BF70BD00BFC862020010B504465A
:10281000FFF7AFFD02460B4604F16000BDE8104033
:10282000FEF76AB830B500F1900485B0204602A9E1
:10283000FBF707F8002838D1204601A9FEF7E6FC8F
:1028400098BB20460DF10301FEF74AFA044660BB2F
:10285000FFF78FFDDDE90223904271EB030502D300
:10286000072005B030BD121A63EB01036FF00101C0
:10287000914274EB0303F3D39DF8034006F036F85E
:1028800001460C4812F00CFB88B92046FCF758FBB7
:102890000028E5D10121202012F0EAFA40F294410B
:1028A000054B064A064808F025FE0620D9E7012018
:1028B000D7E700BF40000100F9870200FB87020054
:1028C000308802002DE9F04F12F0C00F8246154605
:1028D0001F468FB001D012F0BDFAAB0206D55046AC
:1028E00011F037FD10B9504612F044FBAE0301D58C
:1028F00012F0B0FAEC0105F0807340F15881FBF75B
:1029000099FF68B11020002112F0B2FA12F0DCFA3F
:102910000446002800F03C810121082012F0A8FAAA
:10292000202012F0BDFA05F400510446002800F002
:102930005D8121B101214FF4004012F099FA15F4A4
:10294000404F06D0002148F2200012F091FA12F018
:10295000DDFA280740F1BB80B24C0321D4F87C0398
:1029600003AA11F0FAFC0146002800F08F819DF8BF
:102970000C30072B40F08A81D4F87C0308AA11F0B0
:10298000F1FC002840F082819DF81C3013F0110208
:10299000009208D113EA131003F00F0203D112B111
:1029A0000F2B00F27381BDF80E60059806F1010B44
:1029B00002781FFA8BFB5A4540F06881F21E7B2A91
:1029C00000F26481BDF81020002A00F05F81013A16
:1029D000411C06F1FF3C92B20591ADF80EC0ADF876
:1029E0001020002A40F01A81069A92F800801846BA
:1029F0000193FAF734FD019B814630B9009A22B960
:102A0000190702D00F2B00F241819DF82D30002BC9
:102A100000F0108108F00703022B40F0378103AA71
:102A2000D4F8F813D4F87C0311F0A0FCA4F8FCB39C
:102A3000FBF7D4F812F048FA002843D0D4F89433C6
:102A4000D4F8F8231B6892789B789A423AD19DF883
:102A50002630002B00F01A810236D4F87C0308A936
:102A6000ADF8246011F080FC002840F00F819DF843
:102A70002E30089E84F80D349DF82F30C4F8209431
:102A800084F80E34FFF775FC4FF00009664B864260
:102A900028BF01F1FF31596019EB060601214FF4FF
:102AA0008070C4F8006412F0E3F96048494612F0FF
:102AB000DFF912F019FA28B118F0100F1CBF01232A
:102AC00084F8B53312F010FA08B905F091FFEE055D
:102AD00001D512F0BFF915F4863F01D012F0BAF912
:102AE000AC014FF000060DD54E4C12F0B3F9314653
:102AF000042012F0BDF994F8B5331BB105F078FF4E
:102B000084F8B56315F0084F05D012F0A3F9002141
:102B1000042012F0ADF9A80001D512F09BF9A90725
:102B200005D5082012F0BCF908B112F0FFF9FA053A
:102B300023D5504608AA03A911F052FA9DF80C308B
:102B4000DBB13B48002112F093F9042012F0A8F900
:102B500028B1FBF743F80021042012F089F9FBF7B4
:102B600069FE28B112F0B0F94FF4007013F054F878
:102B700013F008F908B112F0D9F9BB0540F1D28081
:102B80000022504611460FB0BDE8F04F09F022BEBA
:102B900005F02EFF01214FF4807012F069F92146F3
:102BA000022012F065F921464FF48030B6E607F0B6
:102BB0000202134306D012F087F94FF4007013F0AD
:102BC0002BF8ADE605F0A8431A4304D012F07CF9C7
:102BD0004FF48050F3E707F0040213433FF4A0AE34
:102BE000104BD3F87C0311F011FB99E649B1012198
:102BF0004FF4803012F03CF92146402012F038F9B1
:102C0000A7E607F020030B433FF4A3AE402012F0E9
:102C10002FF94FF4006012F0FFFF9AE690F8018060
:102C2000E5E600BF900D0020901100200A00010091
:102C30006000010094F88C3313B9BBF1040F25D068
:102C40009DF8263013B30236D4F87C0308A9ADF8FA
:102C5000246011F089FBC8B9EFF3108072B6B4F8A4
:102C60000A38B4F80C68009313F098F8009BB3424C
:102C70000CD0EFF31183302282F31188D4F8586816
:102C8000721C0BD183F31188BFF36F8F0026FAF704
:102C9000A5FF3146254805F0E9FC18E7314651F813
:102CA0000C2BC4F8582883F31188BFF36F8FD4F826
:102CB0007C0303AA11F05AFB86F800B0BDF834304B
:102CC000314673709DF92E301948F3709DF82F30FE
:102CD000B370089BB3609DF81C3013F0010F18BF50
:102CE0004FF00009C6F8049003F0CEFF0028CED0C4
:102CF00018F020080AD0D4F87C0311F02AFBFAF768
:102D00006DFF0121042012F0B3F8E0E6FAF766FF48
:102D100094F8B533002B3FF4DAAE05F069FE84F881
:102D2000B583D4E60FB0BDE8F08F00BFE4150020F6
:102D300098150020F8B50025644C04F66403A4F847
:102D4000CC53C4F8C853A4F8FC53C4F8F833EFF3D9
:102D5000108072B60223C4F8A457A4F8A837C4F8A8
:102D6000AC5713F01BF85A4BC4F89055C4F8AC3765
:102D700004F2A463C4F8683504F6E803C4F87435B3
:102D800004F22373C4F8983504F6F803C4F8A435A4
:102D90009C23A4F86C5584F8DC35C4F8C055A4F81D
:102DA0009C55FBF745F80560FCF788FA031D00F118
:102DB000B402194610339342056018D194F8C03319
:102DC0000B2B18D894F8C1330A2B14D9414EC4F8F0
:102DD000B86303F0E5FF0020FAF7E0FF0822D4F81B
:102DE0007C03114611F0FDF9054628B1FEE743F8D2
:102DF000105C0D46DDE7FEE70146682206F51B7014
:102E000010F06EFEEFF31186302383F3118801205A
:102E100012F046F810B1284605F0E2FD86F311885D
:102E2000BFF36F8F0822D4F87C03114611F0D9F953
:102E3000054600B1FEE70023002241F20D012648BD
:102E4000FBF718FD2946D4F87C0311F0A9FB1822E2
:102E50002946224810F044FE2148FAF71BFF21487A
:102E6000FAF718FF204B214EC4F8AC33FF23A4F827
:102E7000B033A6F59773C4F8F2571D815D604FF625
:102E8000FE73A6F59172C4F8FE57C4F8A863A4F8BF
:102E9000F03755601581A4F8FC37EFF3108072B657
:102EA0001027C4F80858A4F80C78C4F8105812F089
:102EB00075FF0F4B39468C20A6F1CC02C4F81038B0
:102EC00003F0DFFA00B1FEE7F8BD00BF900D00206F
:102ED0005DD400004C110020C00D030098160020A6
:102EE000281100202C110020C002FF00B016002085
:102EF000815D0200B0F5802F07B54FEA104382B222
:102F000012D20F2A10D8002914BF042101218DF8F4
:102F10000500002201A88DF8043002F09FFA10F09D
:102F2000FF0002D0022803D0072003B05DF804FBA5
:102F30000D20FAE70229F7B505460E4614460DD1D5
:102F400056491068FAF758FE002856D0694660685E
:102F5000FAF750FC68B3072003B0F0BD03294AD14B
:102F60004F491068FAF748FE002846D06946606865
:102F7000FAF740FC0028EED1A06801A9FAF73AFC64
:102F80000028E8D1DDE90034B3F5802F4FEA134182
:102F9000E1D29AB20F2ADED801223020DBB29A4069
:102FA000404B00FB0133002C5ED041F210015A501F
:102FB0001FE00099B1F5802F4FEA11438AB2CAD2BF
:102FC0000F2AC8D8EFF31180302282F311885343BF
:102FD00003F1A04303F570335A6980F31188BFF3FE
:102FE0006F8FC9B2CA4028462F4902F00102FAF792
:102FF00042FF0020B0E70129ADD92C492068FAF73B
:10300000FBFD0028A7D069466068FAF7F3FB074686
:103010000028A0D1022E2AD1009BB3F5802F4FEAC1
:1030200013409AB297D20F2A95D8EFF3118130242A
:1030300084F3118860431B4ADBB2072B024492BF22
:103040005268D268083B9B0022FA03F303F00F0397
:1030500081F31188BFF36F8F012B28460CBF1449F1
:103060001449FAF708FFC4E742F210019FE7032E64
:10307000BFD1A46810492046FAF7BEFD28B13946F1
:10308000009803B0BDE8F04034E720460B49FAF75A
:10309000B3FD0028ADD00121F2E700BF898802000E
:1030A0009288020000C003508D88020096880200BA
:1030B0009B880200A0880200A6880200A98802005E
:1030C000FEE700F061BC70B5044601260B4D04B963
:1030D00070BD94FAA4F0B0FA80F006FA00F224EA87
:1030E0000204C200AA580F2805EBC001C8BF10385F
:1030F000002AECD04968C0B29047E8E710300020C1
:10310000064BD3F82404D3F8202403F500531040D1
:1031100000F05530C3F82004D5E700BF00C00350CD
:10312000064BD3F82404D3F8202403F500531040B1
:1031300000F0AA30C3F82004C5E700BF00C0035068
:1031400010B5416C4369A1F11404DA1CB2FBF4F22E
:1031500003EBC2000330B0FBF4F0B1F5805F00F187
:10316000010002D1012828BF0120013010BDF7B5B0
:1031700007460E4600257C6CA819644280EA0603C7
:103180001C4003D02C46204603B0F0BDFB6B01224F
:103190005B6901A99847019B0133F4D10435EAE743
:1031A0002DE9F341154690F842201E46012A14BF2E
:1031B000042302235D43CF7D2C1D844605F00205C8
:1031C000BFB915B1012724F003044868083420442E
:1031D000DCF83C30012A5B6927D101A9984717B177
:1031E000BDF806300193BDF80430336002B0BDE88D
:1031F000F08155B124F0030400230D7E01F1200E6F
:10320000D8B2854203D80020E2E72F46F4E73EF823
:10321000330003F10108A04204D901EBC303D869CC
:103220000834D4E74346241AEAE70122314602B0C3
:10323000BDE8F0411847D01E009B42424241187E33
:10324000824212D11A688A420FD85A688A420CD335
:103250005A6901325A61D3E90302824205D2986861
:1032600040F822101A6901321A61012070470023C8
:103270004FF0FF3142689A4202D800230372704730
:10328000026842F83310026802EBC3025160013356
:10329000F0E7002370B545689D4211D00468DE0058
:1032A00054F83320B2F1FF3F0BD0C2F31302914226
:1032B00007D14FF0FF3244F83320036833445A609B
:1032C00070BD0133E8E710B5032A029C07D1A26A5A
:1032D0005340626C5242134201D1FFF7DAFF0120E2
:1032E00010BD0023F0B545689D4202D14FF0FF307C
:1032F0000EE00468DE0054F83340671C09D0C4F3C4
:103300001307B94205D1240D14700368334458687B
:10331000F0BD0133E8E773B5164600F108040D4629
:10332000204609680DF10702FFF7DBFF032E05D1E8
:103330006B68834202D12046FFF7ABFF012002B049
:1033400070BD00BF2DE9F0414668002E3AD00568F7
:1033500098464FF0000CAE4655F83C40C4F31307B6
:10336000013401D0B94222D00CF1010CB4450EF168
:10337000080EF1D100273C4603E0B44207F10807EC
:103380001DD055F8343001340133F6D16FEA0131E4
:103390006FEA1131E9510168CB59C3F3130343EAD2
:1033A0000853CB5103683B445A60BDE8F08141EAC1
:1033B0000851CEF80010036803EBCC03F4E7B8F132
:1033C000030F03D101230372BDE8F08100231C46E3
:1033D00003E0B44203F10803F4D055F8347001342B
:1033E000C7F3075CBCF1030FF3D16FF31307394345
:1033F000E9500468E158C1F3130141EA0851E15072
:1034000001680B44D0E708B508301346D1E9001233
:10341000FFF798FF012008BD41F67132034B0020F1
:10342000DA63012203F50053DA60704700000350AD
:1034300041F671320121044BDA6303F50052D16089
:103440000022DA63704700BF00000350704737B5B1
:10345000054601F10C04436901A901222046984761
:10346000BDF804300122009369462046AB699847B5
:1034700003B030BD202A0B681EBF4FF0FF319140D2
:103480008B43590801F055315B1A03F033319B0827
:1034900003F033330B44017803EB13130A444FF06A
:1034A000013103F00F334B43A2EB136202707047FC
:1034B00037B5044600251B22011D0DF107008DF8CC
:1034C0000750FFF7D7FF63689DF80720B2EBD36F73
:1034D00003D123F0784003B030BD1B2204F1080172
:1034E0008DF80750FFF7C6FFA0689DF80730B3EBD3
:1034F000D06F0ABFC0434FF0FF3020F07840EAE7BA
:103500002DE9F0430646994689B0036908460F46FF
:10351000904698470446002867D1D9F804305B0AE2
:10352000012B22464FEA530304F10104F8D899F81D
:10353000035099F802302D03DB0203F4006305F415
:1035400080551D43B9F800304FF00009C3F30A035A
:1035500052032B4492B29D18294B0DF107001B22F8
:1035600028F0784402A9039302948DF80790FFF79E
:1035700081FF9DF807306FEA054544EAC36404946F
:103580006FEA08041B2224F0784402A902948DF803
:103590000790FFF76FFF9DF807306FEA154544EA83
:1035A000C3644FF0FF3301220594069307A9B36962
:1035B000079507F11000984701220446B36905A951
:1035C00007F1080098470122484518BF0446B3692F
:1035D00004A9381D98470122484518BF0446B3691D
:1035E000384603A9984728B1044639463046FFF7C4
:1035F0002EFF01E0002CF8D1204609B0BDE8F08391
:1036000001009AB238B5134B0546D3F820010C4699
:1036100000F00700042816D8DFE800F003090D11B8
:103620001800012305B1286004B1236038BD0A4B9E
:1036300018680423F6E7084B58680323F2E711F0F3
:10364000E1FF0523EEE700231846EBE702230348DA
:10365000E8E700BF00800050A03F0020002D3101AE
:1036600041F67133012270B5194D0446EE69EB63E2
:10367000184B0021DA600223686121202B6106F4D7
:10368000803612F0A9FC10B9212012F0A5FC01220D
:10369000114BDA600EB10023EB63431C14D0A8B9C0
:1036A0000E4B9A6801230A3202F01F02934023F066
:1036B000030323449C4201D1002070BD54F8042B25
:1036C0000132F7D03E20F8E76E20F6E77120F4E7EC
:1036D0000000035000100350002003500080E00F52
:1036E00000F01F03A0F50620A0F55060812810B55A
:1036F0001ED80121104A400902EB80049940D4F8F9
:1037000000310B43C4F80031D2E945310B44D2F803
:103710001C110B44D2F820110B44D2F824115B1871
:1037200005D1C2E94033C2E94233C2F8103110BDBD
:103730004FF0FF30FBE700BF10300020BFF34F8F8A
:103740000549064BCA6802F4E0621343CB60BFF33D
:103750004F8F00BFFDE700BF00ED00E00400FA0559
:1037600010B5044644EA010313F00303084609D1E7
:10377000934201D1002010BD54F8231040F82310CB
:103780000133F5E72146920010F00EFBF2E738B561
:10379000202204460D460C30002110F0A1F94FF014
:1037A000FF33C4E90035A36038BD2DE9F74F324D32
:1037B0004FEA820BEA698A4602F4803341F671329D
:1037C00001210093EA632D4A8146D16007465246A3
:1037D000D846B8F1000F01D140462BE007F5005460
:1037E0006FF30C046F61E41BE969444528BF44464C
:1037F00049073AD4164656F8041B2244A96196425A
:103800000FD10422002121202A6112F0E5FB88B9A2
:10381000212012F0E1FB68B932462744A8EB0408E6
:10382000D7E708210846019212F0D6FB019AC0B1F1
:1038300004232B610122124BDA60009B13B100229A
:103840000D4BDA63431C13D0A0B95A465146484683
:1038500011F0EFFA002814BF3D20002003B0BDE8AE
:10386000F08F56F8041BA961C9E74FF0FF30E1E77C
:103870006E20F3E77120F1E70000035000100350C1
:103880000020035013B5002401AA019407F026FD7F
:1038900000B10194019802B010BD70B50F4A536D8C
:1038A000116D0B400E49002B0B659DB202DB01260A
:1038B0003DB970BDD068BDE87040C0F3042012F07F
:1038C00087B9B5FA85F4C4F11F04E4B2204606FABC
:1038D00004F412F07DF925EA0405E9E7000004503C
:1038E0000020045030B40446EFF3108072B625680F
:1038F00085EA02030B406B40236030BC12F04EBAE5
:10390000BFF34F8F0549064BCA6802F4E0621343C8
:10391000CB60BFF34F8F00BFFDE700BF00ED00E0BD
:103920000400FA050346006818B102681A60002313
:1039300003607047036803B970478B4204D10B687A
:10394000036000230B6070471846F3E74FF0FF3029
:103950007047FEE700207047012070470120704744
:103960004FF0FF3070470020704700207047002064
:1039700070470348034BC01A801004F057B800BFCB
:10398000A04100004041000008B5254B83F30A88A0
:103990006FF00101234B244A9A60D3F8882042F447
:1039A0007002C3F88820214A116641F2FF71516606
:1039B0000221C3F8D010BFF34F8FBFF36F8F0820E1
:1039C0004FF440331A49C1F88001D3600860A2F572
:1039D00000521361FFF7CDFF164B17498B4212D3EC
:1039E0000020164B16498B4218D3F2F7EFFB1868EC
:1039F00050F82240586840F82240013298688242CC
:103A0000F5D30C33EAE70022F8E71C6844F82200FB
:103A100001325C68A242F8D30833E4E70022F8E7F9
:103A20000800002000ED00E00040000000A000447D
:103A300000E100E040A602004CA602004CA60200F5
:103A40004CA6020070B10122417803788A403021EF
:103A50004B4341F2100103F1A04303F57033002002
:103A60005A5070472220704770B101224178037884
:103A70008A4030214B4342F2100103F1A04303F589
:103A8000703300205A5070472220704738B50546E1
:103A90000C46FFF755FB6B6CA3F11402B3F5805F86
:103AA00002FB00F005D140F6E8736969994288BFCE
:103AB000CC30E31DB3FBF2F3013304EBC304204429
:103AC00038BD38B5054644692146FFF7DFFF6A6C0B
:103AD000E31D143AB3FBF2F3AA69144404EBC304E4
:103AE0000C34204438BD03460846EFF3108172B60B
:103AF000024ADB6BC2F82C11DB681847103000203B
:103B00002DE9F0410646406882B0B8B10F469046B4
:103B10000024336853F8345003EBC403C5F3075251
:103B2000C5F31301013506D05B683046CDF800803F
:103B3000B84718B1706801348442EAD302B0BDE8D6
:103B4000F081036813F07E0F03D1406820F07C40C1
:103B5000704713F078001CBF03F07F03D81F704735
:103B60004BF29A2210B503680446B2EB134F13D1FF
:103B70009BB2012B15D1FFF79BFC013011D04FF602
:103B8000FF72E068B2EB104F4FEA10430BD180B2E6
:103B9000C01A18BF012010BD01330CBF0320042040
:103BA000F9E70420F7E70220F5E7F0B5054600261F
:103BB00087B0EC69013CB44203D80C46204607B0FC
:103BC000F0BD01B14C1E6F6C2868EB6B05225B6980
:103BD00001A907FB0400984701A8FFF7C1FF0128CE
:103BE000ECD921460136E4E7F0B503680646CC1A65
:103BF000436C0025B4FBF3F487B0F36937685A1EB1
:103C00009542706C06D3736C306803FB040014306B
:103C100007B0F0BD0134B4FBF3F203FB1244F36BC5
:103C200005225B6901A900FB0470984701A8FFF712
:103C300097FF0128E7D90135DFE710B423F003042B
:103C400022449B070A44436C18BF04325B4281EA5A
:103C50000204234202D05DF8044BC5E710465DF82C
:103C6000044B70472DE9F04F144605468B469946A4
:103C7000C36B89B001225B6905A960689847EB6B4B
:103C800001225B69584604A99847059B581C07D137
:103C90000022A360A2756275002009B0BDE8F08F14
:103CA00001220021A275227E049804EBC202C2F810
:103CB0001CB011846168C0F3D31C594500F07F0229
:103CC0000BD14FF0FF33C4F800C02275A360043A53
:103CD000022A24D80023A375DEE72168277D00F09F
:103CE0007E06614508BF974203F07E03B3FA83FC6A
:103CF0003246B6FA86F60CBF012100214FEA5C1C61
:103D00007609B44514BF002101F00101A175002A14
:103D100000F0E8800BB90023A3753A46D7E710F00E
:103D20007E0F0FD1EB6B022258465B6906A99847BC
:103D300006A8FFF706FF237D032B43D8DFE803F037
:103D4000130D044B04A8F4E7CC22237E04EBC30339
:103D50001A840123654AD35C0AE0237E04EBC30383
:103D600018840023F6E7237E04EBC30318840123A1
:103D7000129A1370049B227E13F07E0A18BF00264D
:103D80004FEAD36704EBC20208BF07F00306B2F89C
:103D9000208082F82260BAF1000F1ED000231B227F
:103DA00004A906A88DF81830FFF764FB04229DF8DB
:103DB0001830D91B4B424B4163755BBB0023A37585
:103DC000002754E0227E013BDBB204EBC202052B4C
:103DD0001084CCD8BEE70223BCE7EA6B06A957697A
:103DE00058460222B847202206A90DF10F008DF88F
:103DF0000FA0FFF73FFB1A2207A9FFF73BFB9DF837
:103E00000F30079AB3EB926F0CBF012300230822F7
:103E10006375D2E7A77D002FD2D0B8F1000F09D18A
:103E2000E6B10123E375637E002B50D1012E43D10F
:103E3000667615E06B6C0BEB02005B428BEA0001CF
:103E40000B421CBF0023A3756B6C591E01405B1A0B
:103E50009845B3D8A37D002BE2D1B1E7E37D33B918
:103E60000027434659462846FFF7E7FEA060A07D9D
:103E700010B1236943442361237E012B3FF62AAF0F
:103E800001332376B9F1000F3FF407AF00283FF468
:103E900003AFE37D002B3FF400AFFFB9032E1FD02B
:103EA000A1684A1C1CD0129B22460093284601237D
:103EB000FFF7D8FEA075F0E695F8343063B9EB6AE9
:103EC0000133CED1032ECCD10123A376C8E7012E36
:103ED000CDD0032EC4D1F7E71F46C2E73846DCE653
:103EE0001846DAE6002B3FF418AF14E74C680200DE
:103EF00013B50C46002121760093616813462246D3
:103F0000FFF7B0FE18B1E37D03B1A07EA075A07DE0
:103F100002B010BD2DE9F341044616461F461B4B67
:103F20000D46816AA3F59878E36A8B4201D04B1C59
:103F300002D102B0BDE8F0811448FFF728FC01224D
:103F4000204612490DF10703FFF7D2FF38B13B4677
:103F500020469DF807200D49B0470028E9D0D8F841
:103F600038114A1C05D1D8F834112046FFF73CFE21
:103F70000146012DD8D1D8F8343181EA0302636CAF
:103F80005B421A4218BF4FF0FF31CDE740310020AD
:103F90002DE9F0410F4616469846044688B060B3B6
:103FA00090F83450FDB10121FFF79DFD00210E9BDB
:103FB000CDE90511CDE902379DF83C30CDF80480FC
:103FC0008DF81C30237C04968BB90D4901AA04F1AD
:103FD0000800FFF795FDDDE90553E06B002E08BFF3
:103FE0001D4604F046FF284608B0BDE8F081204693
:103FF000044A01ABFFF78EFFEDE70546F3E700BF8C
:1040000037320100494201002DE9F041D0E90A367A
:104010009E42044686B028D11422C369456802FB3B
:104020001355284606B0BDE8F0812068676C331A46
:10403000B3FBF7F3E26B07FB0300D2F8148001A98E
:104040000522C04701A8FFF78BFD012804D0636C4F
:104050001D44013B3340ED1A31462046FFF7C4FDB5
:104060000646A36AB342E0D1DBE70025F9E72DE974
:10407000F04F0F469A46002389B004464FF0FF31B7
:10408000104690468DF80B30FFF781FBB7F5801F87
:1040900020D2394603AA04F10800FFF722F9451C93
:1040A000014605D1237CBBB92D2009B0BDE8F08FB6
:1040B0004046FFF76CFB0122414620460DF10B0301
:1040C000FFF716FF0028EDD09DF80B308AF800307E
:1040D0000020EAE7B81CE5D1E66A711C2CD1204625
:1040E000616AFFF762FD0646BB1C18BF0123DFF8BB
:1040F000C4B00093636A626C0193236803A902FB56
:104100000639E36B484605225B6909F114099847B3
:10411000002549464B1C05D0636C81EA09025B42CD
:1041200013420FD031462046FFF73FFD019BB342BB
:104130002FD085BB0646DDE72368F61A636CB6FB15
:10414000F3F6D1E71A48FFF722FB2046009A1849F8
:104150000DF10B03FFF7CCFE8446B8B1BA1C03D0B7
:10416000DBF85C31BB4211D145469DF80B30DFF8DE
:1041700040E08AF80030BEE80F000FC5BEE80F002F
:104180000FC59EE8070085E807006546DBF8641167
:10419000C0E7002D88D0B7F5801F99D239469AF82C
:1041A0000030D8F8042004F10800FFF7CBF88FE7BF
:1041B0006C310020103000202DE9F04385B00E4610
:1041C00017461C460546DDF83080A8B390F8343019
:1041D000A3B3B1F5801F33D2DFF868900121FFF758
:1041E00082FC314628460DF10F0309F5C472FFF732
:1041F0003EFFE8B99DF80F30012B14D1D9F8982172
:1042000004EB08039A4215D32246009043463946F0
:10421000284604F059F90446E86B04F02AFE2046CB
:1042200005B0BDE8F083022B0CBF60242D24F3E71A
:104230002D24F1E76324EFE72124F0E71124EEE7D2
:104240002924ECE71030002073B50D46D11E4A42F8
:104250001C461B7E4A419A4229D12968236899420B
:1042600025D36368994222D8124E0DF1070306F553
:10427000DA72FFF7FCFED0B9D6F8B8216B689A4223
:1042800015D19DF80730DA1E53425341227E9342E6
:104290000DD1636901336361D4E90323934206D2EC
:1042A0002968A26842F823102369013323610120A1
:1042B00002B070BD1030002070B50025044686B0F5
:1042C0000562E369AB4202D8206A06B070BD666C35
:1042D0002068E36B05225B6906FB050001A998478E
:1042E00001A8FFF73DFC012898BF236A05F10105ED
:1042F0009CBF01332362E4E738B50446456C00688F
:1043000004F1400305FB0101E06BFFF7F9F80546F6
:104310002046FFF7D1FF284638BD2DE9F0410025A2
:104320004FF0FF384FF6FF73044647462E4686B0DF
:10433000C0E90853E369B3420DD8A5EB0805012D88
:1043400006D94FF6FF7300256362E369AB4223D8B9
:1043500006B0BDE8F081E26B2368606CD2F814C04F
:1043600000FB0630052201A9E04701A8FFF7F8FB92
:1043700001280FD801A8FFF79BF8874288BF666223
:10438000804528BF8046854238BF05460746236AD8
:10439000013323620136CDE7666C2068E36B06FBD0
:1043A000050005225B6901A998470135CDE72DE994
:1043B000F04F95B00D460A920A69416C0693143984
:1043C000D31DB3FBF1F3013302EBC302036B0446CD
:1043D0009342C0F00C83002308939B4BA3F5AE7966
:1043E000E36A994819460493FFF7D1F9D5E90337F1
:1043F0000293069B022B40F0C280CC2F40F06A82D1
:104400000A9B002B00F0B58000266868E36B0F96CE
:1044100001225B690FA908309847B04694F84230F2
:10442000012B40F0E682632E07D90F9B666C109338
:104430000A9B002B40F0AA809EE0612E08D812ABA8
:10444000324629462046FEF7ABFE9DF8483013B3AE
:1044500012AB3246294620468DF84480FEF7A0FE76
:1044600094F84230DDF848A0012B71D14FF6FF736C
:104470009A4549D0082212A911A8FEF7FBFF9DF822
:104480004420CAF307239A423ED15FFA8AFA0F9B6F
:1044900053440F9338E094F84230012B36D1612E0B
:1044A0002BD832462946204610ABFEF779FE294626
:1044B000204611AB721CFEF773FE2946204612AB54
:1044C000B21CFEF76DFE0823102211A90DF13B006E
:1044D0008DF83B30FEF7CEFF102212A9FEF7CAFF7F
:1044E000109BDAB24AB99DF83B20B2EB132F04D1EE
:1044F000DDE9113203EB02430F9394F84230012BB4
:1045000014BF012302231E44013687E7302EF4D85E
:1045100032462946204610ABFEF742FE2946204689
:1045200011AB721CFEF73CFE1023202211A90DF1E5
:104530003B008DF83B30FEF79DFF109B9AB2002A9E
:10454000DBD19DF83B20B2EB134FD6D1119BD3E7C3
:10455000BAF1FF3FD8D0102212A911A8FEF78AFFA6
:104560009DF84420CAF307439A42CDD11FFA8AFA34
:104570008DE7029B1B6810930823099315E0782FA1
:10458000666C3FF655AF0A9B002B3AD0E36B0122D5
:104590005B69686812A99847129B13F07E0F14BFDD
:1045A00004230823782F099331D90122002305928F
:1045B000082200922A68C9F86C71C9F85C21069A31
:1045C000032A3FD0022A059A37D1C2F10202D2B2A1
:1045D00089F870210022CDE90B22DDF810A00392AA
:1045E0000792606C411E0AEA0101421A002F2DD089
:1045F000009E33449A422CD8236B1B1A0B4423632E
:1046000041E1EB7D002B14BF082304230993049A96
:10461000731E1340F31A3A1D934207D257B1082B69
:10462000C3D80022042305920093C3E70023042289
:104630000593BEE704230597F6E7002A0CBF07227F
:104640000022C5E7069AC3E76C310020009B9A421E
:10465000D2D3009BB846D21A974228BF9046534403
:104660009742019348D90123D9F86C2189F8733115
:10467000974246D1C9F860A1039399F87331002B92
:1046800041D099F874210399D31C09EBC30301327B
:10469000C3F860A1A3F8648183F8661189F87421D6
:1046A000B8F1000F14D0069B022B2FD10C9B7BB9C5
:1046B0000B9B4344032B0BD9E36B01229B690198AD
:1046C00010A998470646002840F00E8101230C935C
:1046D00099F870312E68824A012B02EAC61628F03A
:1046E0007C4B40F28D809A1E012A03D908F1070302
:1046F00003F07F031E4389E0039B002B18BF0323B5
:10470000BAE70223B8E7C9F860A1C9E70A9B002B02
:1047100031D1029BB8F1030F03EB080B28D9DDE977
:104720000101E36B4FEA98029B699847064600280F
:1047300040F0CA8018F003025FD0029B28F0030605
:1047400033440293019B1E444FF0FF33029911A89A
:1047500011930FF029FBE36B304601229B6911A9ED
:1047600098470646CDF808B0002EB1D0019B6FE007
:104770004246019EE8E705F12003DDF804B00D9301
:10478000EB7D68689BB100232E7E079AD9B28E42DA
:1047900011D90D9903F1010C31F83310914226D94A
:1047A000099905EBC303D8690A44104403E0079B49
:1047B000099A13441844E36B01225B6911A99847D5
:1047C000119B01220F93079B584604330793E36B19
:1047D0000FA99B699847019B06464344A3EB0B0333
:1047E000042B07D9002872D10BF1040BC8E76346EC
:1047F000521ACBE7CDF804B0B6E7CDF808B067E7BA
:10480000039A43EAC263334343F060464FF0000328
:104810008DF84430059BCDE9126B002B49D0202246
:1048200012A911A8FEF726FE1A2213A9FEF722FEEE
:104830009DF844304BEA83631393E36B009A9B69C2
:104840005046920812A99847061E089B18BF534667
:10485000009A0893514643462046FFF7EEF9236B32
:10486000009AC9F864019B1A08F1030222F00302BE
:104870009B1A2363002E37D10B9BDDF804A0434421
:10488000A7EB08070B9351462046FFF7ADF900232D
:104890008246002F7FF4A5AE124A04F10800D2F838
:1048A0006431D2F86021E3622968069BFEF74AFD75
:1048B00012E01B2212A911A8FEF7DCFD9DF844307E
:1048C00046EAC3661296B8E7CDF808B04EE7CDF8D1
:1048D00004B04BE770263746384615B0BDE8F08F78
:1048E00080FFFF07103000203D2EF4D104F10803B3
:1048F0000093049B2768E16A2046A3EB070BD4F8DA
:1049000044A0FFF771F9A36ABBFBFAFB8342D4F81A
:1049100030C0616C5DD0D9F8642101F1FF3E02EA3C
:104920000E0EACEB010C0EEB0C02089B226322680E
:10493000E0629A1AB2FBF1F8C3453ED10AFB087750
:10494000049B07F1140BB3EB0B0711D0E36BBA0810
:1049500059469B6998478246E26A049B3A44E26260
:10496000226B0098D21A5A442263FEF780FC574605
:104970002368616CE06B01FB0831FEF768FD20469F
:10498000FFF79AFC2046FFF7C8FC626A616C236857
:10499000204601FB02331433A362FFF735FB20638B
:1049A0006FB12A69616CD31D1439B3FBF1F3013384
:1049B00002EBC30290429CD28DE70027D8E704F1B6
:1049C0000800FEF754FC3B4639462046104AFFF7E4
:1049D000A1FA2A69616CD31D1439B3FBF1F30133D9
:1049E00002EBC302236B9342BFF4FAAC73E71C27BC
:1049F00072E7312E3FF619AD3FF42AAD12AB3246C5
:104A000029462046FEF7CCFBBDF848301FE500BF25
:104A100007340100F7B5032A1646089C05D1237A0E
:104A2000012B26D0012003B0F0BD2568274F284672
:104A30000DF1070307F5DA72FFF719FB6060002834
:104A4000EDD1D4F800E0D7F8B801DEF82810DEF890
:104A500044C04840CCF100031840E0D1237A012B38
:104A600009D1E268D7F8C43113446A69934202D984
:104A70002074207CD7E7DEF80020DEF82C30891A7D
:104A80009B1AB3FBFCF3B1FBFCF18B420DD1696CBB
:104A9000EB6A4A1E13402A6B521A13442B63256893
:104AA0002846A96AFFF7A0F8E862D7F8C421E368AE
:104AB00008321344E3600122334605492068FFF7BA
:104AC00076FC60600028AAD00020ACE710300020FF
:104AD000C4310020032A2DE9F34106460D4617464E
:104AE0001C4606D1237A012B24D0012002B0BDE858
:104AF000F081DFF8608009680DF1070308F5DA72CC
:104B0000FFF7B5FA60600028ECD19DF80730032B61
:104B1000E8D0D8F8B8216B689A42E3D1237A2969A2
:104B2000012BD4F80CC007D172690CEB010393423E
:104B300002D92074207CD9E708316144E1603B460A
:104B4000012229463046FFF732FC60600028C9D0B8
:104B50000020CBE7103000202DE9F34104461F462A
:104B6000164688462C4D4FF0FF3105F5DA70FEF7FA
:104B70000EFE9DF820300022204605F5DA71C5E9C9
:104B80007067C5F8B481FFF712FC236E0746002B4F
:104B90003DD020466169FEF779FF626E236B0244C7
:104BA00093422CBF00220122984228BF0023257C7B
:104BB00038BF1B1A002684F85020636584F85850CB
:104BC000D5B1DFF85880334632463146204601964B
:104BD000CDF80080FFF7DCF901230546CDE900831D
:104BE0003246334631462046FFF7D2F9E3680544A2
:104BF0009D4294BF3546ED1A94F85030E56513B9DF
:104C000094F858301BB1236E04F150009847384691
:104C100002B0BDE8F08100BF10300020FFFF0F00A0
:104C20007FB50C46054648B390F8343043B3B1F530
:104C3000801F27D20221FEF756FF21462846124A3E
:104C40000DF10F03FFF713FA0646A8B99DF80F30D0
:104C5000032B11D0284603F050FD03232146009377
:104C6000324633462846FFF777FF0446E86B04F0E8
:104C700000F9204604B070BD2D24F7E72124F8E7A1
:104C80001124F6E72924F4E7983100202DE9FF41AB
:104C90000F4690461E460546002847D090F834300F
:104CA000002B45D0B1F5801F44D2234C0221FEF7E2
:104CB0001AFF04F5C472394628460DF10F03FFF7B9
:104CC000D6F9024620B16B699E4219D9622410E0E0
:104CD0009DF80F30012BF6D1D4F898118E42F2D105
:104CE000009341463346284603F0EEFB0446002875
:104CF000E9D1E86B04F0BDF8204604B0BDE8F081CE
:104D0000284603F0FAFC31462846FEF7BFFE2C6B1E
:104D1000844209D30123424600933946334628464C
:104D2000FFF71AFF0446E4E71C24E2E72124E3E747
:104D30001124E1E72924DFE710300020F0B5044614
:104D40000D46466CE36B006887B005225B6901A9DC
:104D500006FB0500984701A8FEF702FF012804D8CA
:104D600001A8FEF7A5FB07B0F0BD29462046FEF7D7
:104D70001CFF0646676C2068E36B05225B6901A98E
:104D800007FB0600984701A8FEF792FB431CEAD0F8
:104D9000B54238BF0130E6E72DE9F04F4FF0FF3361
:104DA0004FF6FF720025044600F108088BB0C0E9F9
:104DB0000923C3620562056340468B46FEF757FA36
:104DC0002046FFF779FA002842D14FF6FF79676A4B
:104DD00000264F4514BF3D460025E3699E4239D366
:104DE0002046FFF769FA38BB5E202EE02368E26BAD
:104DF000606C576900FB0530052205A9B84705A876
:104E0000FEF7AEFE26FA00F3DB0707460BD5294670
:104E10002046FFF793FF0246012F2946204608BF90
:104E20000132FFF769FA0135E3699D42DED320467E
:104E3000FFF742FA0028C8D02046FFF76EFA4FF677
:104E4000FF72636A93422FD167200BB0BDE8F08FE9
:104E50001A26E9E7E26B2368606CD2F814C000FB05
:104E60000530052205A9E04705A8FEF779FE0228CE
:104E700007D04F450DD10BF1010229462046FFF71F
:104E80003BFAE3690135B5FBF3F2013603FB12553A
:104E9000A3E729462046FFF751FFB0F1FF3F14BFBB
:104EA00002465A460132E8E7E26B666C20685569B3
:104EB0006946052206FB0300A847626A616C236805
:104EC0004A4D01FB02331433A3624FF0FF336FF0FE
:104ED0000101E362204605AB05F5DA72FFF7C7F87A
:104EE000002849D1D5F8BC5129462046E562FEF795
:104EF0003EF9206320B92046E16AFEF775FEE062C4
:104F000029462046FEF770FE0546A36A9D4235D12C
:104F10002046FEF715F9002607463546E3699D420F
:104F20003ED3B74257D92046616AFEF73EFE4FF0A6
:104F30000008054604F1400A464512D8626C236811
:104F4000694602FB0539E36B05225B6948469847D1
:104F50006846FEF7ADFA534602464946E06BFEF757
:104F6000CFFA29462046FEF720FE08F10108474502
:104F70000546E1D1642068E7A56AB5E729462046E1
:104F8000FEF7F5F8236B29460344064623632046C3
:104F9000FEF72AFE0546002EB7D1C4E90B06B4E79A
:104FA000626C236805A902FB0539E36B05225B6986
:104FB0004846984705A8FEF7D3FD012809D82046A2
:104FC00009F11401FEF7D3F8636C143B984208BF53
:104FD00001360135A2E74046FEF749F90023204695
:104FE0001946034AFEF796FF00202EE710300020F6
:104FF00007340100034B5A6812B19A6A002AFAD1A9
:10500000704700BF00400650002307B500932528D5
:1050100053D8DFE800F0135B172229344E6A767A02
:105020008996ABB9525B565252765B222922345B89
:105030006A22B94E4E4E4E2222227A8910F046FB49
:1050400000903AE010F042FB534BD3F89030C3F39A
:1050500004630133B0FBF3F0F2E710F055FB4E4B65
:105060001B6FC3F38023F4E710F04EFB4A4B1B6F1A
:10507000C3F380230133B0FBF3F04008E0E7019372
:10508000454BD3F8803103F00303022B0AD0032BE6
:105090000CD0012B03D1002101A8FEF7B3FA019B2C
:1050A00000930AE010F0AEFA0190F8E73B4B019351
:1050B000F5E700216846FEF7A5FA009803B05DF811
:1050C00004FB4FF0E0231B695A0702D510F01CFBCC
:1050D000B6E7314BD3F8400100F0030003282DD090
:1050E000003818BF0120C003AAE72B4BD3F840318A
:1050F00003F00303032B4BD0003B18BF0123DB035A
:10510000CEE7254BD3F86031F2E7234BD3F80032DA
:1051100003F00700032811D05B0709D401380128E8
:105120008CBF00200120DEE71B4BD3F80832EFE7ED
:10513000042824D110F0E8FA800A81E74FF47A704D
:105140007EE7154BD3F8003103F00303022B06D0A2
:10515000032B07D0012B07D1114B5B68A0E74FF45D
:1051600000439DE70F4B9BE7002399E70A4BD3F8D9
:10517000803003F00303022BA8D0032B01D00020C2
:105180005EE710F03FFA5BE7034BD3F84032AFE73E
:105190004FF47A7384E700BF00800050002D310186
:1051A000A03F002080D5430238B5174CFF28A26AE3
:1051B00028D8A36D13F4803F18BF0121134B18BFEB
:1051C000996202219962A56D15F08045FBD11049C5
:1051D000A36991F9E0116FF31723014481F30801EA
:1051E00043EA002343EA0143A36102210948FEF791
:1051F00079FBA36DDB0303D501210648FEF772FBA3
:10520000284638BD2125FBE700C0005000D00050E3
:105210001030002028C0005038B50F4CA26AA36D92
:1052200013F4803F18BF01210C4B18BF9962022173
:105230009962A36D5900FCD402210948A569FEF7C3
:1052400051FBA36DC5F30725DB0303D501210448FA
:10525000FEF748FB284638BD00C0005000D0005083
:1052600028C00050014B83F8E00170471030002047
:10527000014B93F9E00170471030002001231348DF
:105280001349826A8B62836D03F00303032BFAD107
:1052900002238B620D498B6D5800FCD40D488B6D39
:1052A00030EA0303FBD10121094B1965A3F58053B3
:1052B000996D8907FCD4996D8807FCD5996D89078C
:1052C000FCD503210448FEF70DBB00BF00C0005011
:1052D00000D000500300010028C00050114321F00D
:1052E000F8014904034B490C41F44021063043F8CE
:1052F0002010704700800350021E30B54FF00000B0
:1053000014BF04250C2547F60774084952B9831DBC
:1053100051F82330234023B101308542F6D14FF0BC
:10532000FF3030BD00F11203F2E700BF00800350F0
:105330003AB122F0030202F1A04202F5603209B94B
:10534000106070470002FBE7044B9868421C02BFE4
:10535000034AD2F894009860704700BFA03F002035
:10536000004000504FF0B0435A6812B19A6A002AC8
:10537000FAD17047054B5B69C3F38512827003F065
:105380003F021B0B42700370704700BF00C0075004
:1053900007B5014601A8FFF7EDFF9DF80630012291
:1053A0000B804FF4807300204B80054B9B680A33C1
:1053B00003F01F0302FA03F34B6003B05DF804FB34
:1053C0000080E00FF8B5224B0446D3F810334B1E93
:1053D0000E2B0D4616462AD971B300220121302723
:1053E0006378207899401A4B07FB00330EB341F2E3
:1053F00010001950302163782778072B01FB07F73D
:105400001CD80F219B0013489A4099403844FEF75E
:1054100069FA5DB901223020637821789A400C4BFB
:1054200000FB01338EB141F210015A50F8BD0A461B
:10543000D4E742F21000DCE70A46DBE70F21083B25
:105440009B0005489A409940E0E742F21001ECE7E2
:1054500000C0035004C003500CC0035010B560B12D
:10546000EFF31184302383F31188FFF7ABFF84F34C
:105470001188BFF36F8F002010BD2220FCE7F0B52C
:1054800001258D40EFF311864FF0300C8CF311881D
:10549000174C176823F0030344F821700CFB01013B
:1054A000547B0C66D47A977A240544EA0744177B28
:1054B00044EA4754CC650B671179937943EA014379
:1054C00000F500518B615379D17941EA034100F530
:1054D00080539961117A01B11D64527A02B19D63C2
:1054E00000F50050456386F31188BFF36F8FF0BD60
:1054F00000400450012303FA01F1BFF35F8F00F570
:10550000005300F5805059638164704738B50A46EE
:105510000C46002105460EF0E3FA38BD01B1F5E76F
:10552000704710B508B9212010BD0029FBD00368D1
:1055300013F0704209D1C3F30E030B601BB943682B
:10554000002BF0D00B600020EEE703F05044B4F1E4
:10555000004F05D0B2F1304F02D0B2F1404FE2D14E
:10556000DBB2EAE773B50D460646F0B1E9B10023B8
:1055700001A90193FFF7D5FFB8B93468019A14F077
:10558000704402F1030222F0030202D12A6002B049
:1055900070BDB168B4F1204FC1F38033C1F3403125
:1055A0000BD004D8B4F1004F09D02120EFE7B4F1BB
:1055B000304F02D0B4F1404FF7D10B4401E003EB80
:1055C000410353432B60E2E72DE9F7430D46904634
:1055D0001F460646E8B1E1B10468D1F800904C4599
:1055E0001BD004F03043B3F1004F12D184EA090319
:1055F000B3F1805F3CD2002301A90193FFF791FF33
:1056000038B9019AC2F30E02144349EA02039C42DC
:105610002ED0212003B0BDE8F08314F0704427D4CD
:10562000B4F1805F29D00023304601A90193FFF730
:1056300078FF0028EDD1009069462846FFF771FFFA
:105640000028E6D1DDE900329A42E3D0E1E7002309
:10565000B8F1000F06D043F48053B268A9684A40FD
:105660001A42D6D1002FDED0AB689B04DBD4D0E742
:10567000002FECD14FF4C043EAE7002BF4D1B8F18E
:10568000000FD0D04FF4C043E7E737B50C460546CE
:1056900050B149B100230B60036803F070430B6005
:1056A000C2683AB1032A02D0212003B030BD43F0D2
:1056B00080630B60AB689A013ED403F08073EA68A4
:1056C0000AB9002BF0D1226822F040721343236004
:1056D000EA68032A05D12A69F62AE5D962F3174355
:1056E0002360AB681B0442BF236843F4004323607C
:1056F000EB68032B1FBF23682A6862F30E03236045
:105700002A68AB6802F07042B2F1805F1CD213F4D9
:10571000D84FC9D10023284601A90193FFF701FF03
:105720000028C1D12B6813F0704231D12368019A4F
:1057300062F30E032360B8E703F04073B3F1407FD8
:1057400018BF4FF00073BAE7580403F4005118D49F
:105750000029A9D0226842F4005222601A0542BFF3
:10576000226842F4006222602A6802F07042B2F1BC
:10577000404FCFD05B0542BF236843F48063236072
:10578000C8E7226842F4804222600029E6D0E1E7BF
:1057900003F05043B3F1004F05D0B2F1304F02D0C7
:1057A000B2F1404F80D1019B013B23707DE737B5BB
:1057B0000C46054608B9212019E00029FBD0012339
:1057C0004B60C368ABB901A90193FFF7CBFE00287A
:1057D000F1D1019B6A699A4208D32A69002AEAD06A
:1057E000226043F000530020A36000E01D2003B0BE
:1057F00030BD032BDFD10023F5E7436882B013B936
:10580000416002B0704743680193019B5B68012BC4
:10581000019B01D15960F4E75B68F5E7F0B51746E5
:1058200002780446022A0E4693B03FD0032A41D0A4
:10583000012A43D11425224A0C34326000229901F6
:1058400072603046B260326210F0F3FA4FF0010C31
:1058500041F00051099709ABCDF828C006AF0B9174
:1058600045F0005593E8070003AB87E807000C9468
:105870000CAACDF834C00E9507CA83E807000F9430
:1058800012AACDF840C0119512E907008DE8070073
:1058900019463046FFF7B1FF3946FFF7AEFF6946BC
:1058A00010F01FFB10F0EEFA13B0F0BD2025054AF2
:1058B0000C34C2E72025044A0C34BEE72120F3E76C
:1058C0000002010300030103000401032DE9F04776
:1058D000884616461C46054600283FD000293DD084
:1058E0000378013B022B39D8436800F12C0903F0FF
:1058F0003F07E318436022BF8368013383607FB3AF
:10590000C7F1400A544522D35246314609EB0700FD
:105910000EF04AFA01234A4641462846FFF77EFF29
:1059200090B9403C3C443F2C56440BD9324641464A
:105930002846A309FFF772FF30B924F03F031E4445
:1059400004F03F0414B90020BDE8F0870027224688
:10595000314609EB07000EF027FAF4E72120F3E7C0
:105960003F2CE3D8F3E72DE9F0430E4617461D46DA
:10597000044693B018B9212013B0BDE8F083002984
:10598000F9D0002AF7D0002BF5D0002339461A466B
:105990003046FFF719FE0028EDD169463846FFF77B
:1059A000C0FD0028E7D130683249009A88426B690F
:1059B0005CD19342DFD32B68002BDCD14FF06062C7
:1059C000636030462260A360236201A9FFF75DFE99
:1059D0000028D0D10199204621F4F061019110F006
:1059E00028FA284602A9FFF750FE0028C3D14FF03D
:1059F00001094FF000582046029910F01AFA09A93F
:105A0000CDF82890CDF82C80FFF7F7FE304606A998
:105A1000FFF7CDFE0028AFD1204606A9FFF7EDFE27
:105A2000EB6833B10CA9CDF83490CDF83880FFF78E
:105A3000E4FE38460FA9FFF7BAFE00289CD12046A5
:105A40000FA9FFF7DAFE284603A9FFF7B0FE0028EA
:105A500092D1204603A910F044FA0325204610F005
:105A600011FA012888D1013DF8D185E7B3EB420F47
:105A7000A1D280E7200000B010F1860F12D010F103
:105A8000850F0ADA10F1950F0FD010F1930F0CBFAC
:105A90006FF06F004FF0FF307047003818BF0120E3
:105AA000404270476FF0710070470148704700BF77
:105AB00000B2FFFF10B12421F1F7F8BF704770B5B5
:105AC00015460E4624210446F1F7F0FF25F0400369
:105AD000802B02D0B5F5807F08D12046314640F8B2
:105AE000045BEA080EF060F9002070BD6FF01F0043
:105AF000FBE72DE9F043012905460E4691469846FD
:105B00009DB04BD8046824F04003802B02D0B4F53C
:105B1000807F46D12022002114A80DF0E1FF224A07
:105B2000224BE408012E08BF134613932B1D0A9342
:105B3000012344F000540B930C941D4C07AF0AAAA8
:105B400007CA04AE87E80700CDF834900DAA0E937B
:105B50000F9407CA86E80700CDF84080119310AB78
:105B6000129401AC93E8070084E8070013A83946B3
:105B7000FFF743FE3146FFF740FE214610F0B1F932
:105B80002968C90810F055F9102110F052F910F0E9
:105B900059F910F03BF91DB0BDE8F0836FF020001B
:105BA000F9E76FF07100F6E700010004000101045D
:105BB0001000002000F01F03A0F50620A0F55060A3
:105BC000812811D801229A40094B400903EB800338
:105BD000D3F814111143C3F81411D3F8001121EABA
:105BE0000201C3F8001170474FF0FF30704700BF4B
:105BF000103000202DE9F04FBBB028AE00F1300787
:105C00000446884615460FCF0FC697E80F0086E872
:105C10000F002822002130A80DF062FF30A810F0FC
:105C2000FEF804F1300B0646002840F05A81D4F803
:105C30000090BB4A29F47E13934240F0DB809DF82C
:105C4000A030014603932A9B102218A804932F9F8B
:105C50000DF046FF102231461CA80DF041FF102226
:105C6000314620A80DF03CFF1022314624A80DF04B
:105C700037FF049B1DB1B8F1000F00F03281C9F36A
:105C80000742C9F30549B9F1020F00F02A81B9F1C1
:105C9000100F00F22681D20700F12381FA1F062A95
:105CA00000F21F81FAB2C2F10F0A5FFA8AFABAF162
:105CB000030F049209D8BAF1020F0CBF4FF48032DF
:105CC0004FF08072934280F00C81502200215846A0
:105CD00005930DF005FF2A1E18BF0122FBB2C3F188
:105CE0000E0B5FFA8BFBA9F1020149084BEA821205
:105CF00042EAC1028DF860202BA93A460DF16100FD
:105D00000EF052F8059B1CA91A460136564501F8BB
:105D1000012D4FEA1222F8D3039A6363049B84F89F
:105D20004C20C4F848903A4684F85D302BA9261DD3
:105D300004F138000DF170090EF036F83146CDF857
:105D4000009018AB20AA30A802F02FFA002840F0EB
:105D5000C880E5B14FF4A063ADF86030D8F80030EA
:105D6000CDF86600CDF8623098F80430CDF86A00BE
:105D7000ADF86E008DF866303146CDF8009018AB66
:105D800020AA30A802F011FA002840F0AA8020AB27
:105D900004F15E0C24AE1A4603CAB242CCF80000ED
:105DA000CCF8041013460CF1080CF4D13A462BA998
:105DB0000DF191008DF890B00DF0F6FF781C524671
:105DC000002130440DF08CFE012304F14D028DF8CA
:105DD0009F3028AF334603CBBB42106051601E4654
:105DE00002F10802F6D10020636A1D4465623BB0EF
:105DF000BDE8F08F4B4A934240F0AD802F9B15B128
:105E0000B8F1000F6DD00C2B6BD1782200215846D1
:105E10009DF8A0600DF064FE002384F8A160C4E941
:105E20000E532BAA002D00F08D80012618923E4AB9
:105E300019960DF118091A9218AA07CA89E80700DD
:105E40003A4ACDF870801D960DF124081E921CAAC6
:105E500007CA88E8070004F1400220920392344AFE
:105E600021960CAF229220AA07CA04F1040B87E8FE
:105E700007000DF1900A2F4A51465846319330924F
:105E800032933893FFF701FC049050BB30A824995B
:105E90000FF0CFFF05210FF0CCFF049B19460FF048
:105EA000C8FF4FF000530FA910961193FFF7A5FC00
:105EB000584612A9FFF77BFC98B930A812A9FFF742
:105EC0009CFC4946FFF799FC4146FFF796FC394692
:105ED00010F007F80FF0D6FF30B110210398FFF74C
:105EE00015FB6FF0920082E7134B04F170072497C3
:105EF0002596269315AB9AE8070083E8070094F8E7
:105F0000A1000E4A0E493293012808BF0A4630A864
:105F100030920FF0B7FFD8B120213846DFE700BF3D
:105F200000014005000240050C0000200500002093
:105F300010000020000002042000002001000204E4
:105F40000100030404F1700307CA83E8070001207D
:105F500084F8A20047E76FF0850048E72DE9F0419B
:105F60000E4614461D46BAB0002845D0002943D03D
:105F7000002B41D0038803F44F42B2F5824F40F02A
:105F80009B80DAB2122A0ED0413A012A00F29480A4
:105F90002B68002B00F0B680DA1DB4EBD20F2BD1AA
:105FA000FF2B21D0B0E023F0FF03B3F5E24F26D161
:105FB00043882B60E3B9E3002B60B3F5807F7BD18E
:105FC0000023184657493519214415F8012D11F8B9
:105FD000014D1043121B18BF0023AE4243EA0203D7
:105FE000F3D148B1002B07DA00203AB0BDE8F081C8
:105FF000DA1DB4EBD20FE0D06FF08600F5E7B3F511
:10600000824F40F08B800B78042BF5D128220021A1
:106010001FA80DF065FD1FA80FF001FF10B16FF074
:106020009200E2E7404B20901F9301232190CDF88E
:1060300010D005933D4B04AA069301AB0090279026
:1060400007CA83E8070019461FA80FF04AFF0FF0A0
:1060500019FF0028E3D1009B354A23F07F43934288
:106060002AD94FF0420829AF4246002138460DF0A8
:1060700037FD012320220021013C17A88DF8A43010
:1060800001360DF02DFD202200211C940FA8E40004
:1060900064081B960DF024FD2022002107A8CDE9FD
:1060A00013780DF01DFDB4F5807FCDE90B782C60E1
:1060B0000BD004D8E02C9FD16FF0850095E7B4F5A4
:1060C000C07FF9D0B4F5047FF5E71A4B0FA91793F9
:1060D0000F934FF4005319934FF4804311934023CF
:1060E00017AA08931FA807ABFFF73DFC04462968D1
:1060F00038460731C9084900FFF710FA002C3FF471
:1061000073AF79E7E3002B60B3F5807FD4D1438888
:10611000B3F5807FD0D0FF232B6065E76FF096004A
:1061200063E700BF5268020000000843040000203B
:106130000102010020000080F8B5134642880C4699
:106140000732072A4FEAD20101D0A14253D1D0E948
:10615000016705882022184600210DF0C1FC360A8F
:106160000346002E4AD1002C45D041F2010295424F
:1061700005D0B5F5885F02D0B5F5905F02D15C60BF
:10618000002011E0B5F5105F07D1182C03D0202CAA
:1061900001D0102C2FD11C60F1E705F44F42B2F56D
:1061A000824F02D06FF08500F8BDEAB2122A03D107
:1061B000202CF7D1134A04E0412AF3D1202CF1D14D
:1061C000114A25F0FF05B5F5E24F1A600CD0B5F580
:1061D000824F10D14FF4005217F4705F09D017F4BA
:1061E000864F04D09A60DDE74FF48042F4E742F432
:1061F00080629A60C4E76FF08600D5E76FF08B008D
:10620000D2E700BF20000080200000B02DE9F0415F
:106210001C46436807461B0A8846154688B054D179
:10622000038823F0FF02B2F5824F2BD14688413B11
:10623000DBB20736012B4FEAD60607D90B78042BC1
:1062400019D06FF0860008B0BDE8F081B542F8D1F2
:10625000224631463846FFF76FFF0028F3D1033559
:1062600025F00305C4E9030865616EB920212046C5
:10627000FFF74CF9E5E7013DB5EB460F01F10108E9
:10628000E6D0DEE72E46E3E70146202268460DF021
:1062900027FC31466A463846FFF74EFFDDE90076B7
:1062A000DDE9062C02990028E0D12368A568BB42ED
:1062B000DCD16768B742D9D18D42D7D1A16991426B
:1062C000D4D1E2696245BED0D0E76FF08B00BAE767
:1062D0002DE9F84F05460E4621B10B7D1F2B02D943
:1062E0000F2426E0454EEFF31187302383F3118806
:1062F000DFF81091D9F8E831183B13F1180F11D1DC
:10630000DFF80481D8F800A0C5BB42464FF0FF314A
:106310001C2004F0E3FF0446D8B187F31188BFF3D3
:106320006F8F06E0AB4207D187F31188BFF36F8F01
:1063300012242046BDE8F88F1A68B24201D09B694A
:10634000DAE7002DF0D087F31188BFF36F8F232495
:10635000EFE74FF0010BD8F800500421307D05F134
:10636000100205F065F8044680B1BBF1000F02D0C1
:1063700028460FF011FAC8F800A0CEE7BAF1000FD6
:1063800001D1C8F800504FF0000BE6E70421307D42
:1063900005F1140205F04CF8044618B128690FF015
:1063A000FBF9E2E72B464FF400112E60D9F8E82103
:1063B00068602873A86043F8182F114AC9F8E831BB
:1063C0003368C2F8801111604FF0F0529A60FF22DA
:1063D0004FF0FF3198619A6203F500529863186498
:1063E0001165012203F580535A6008232B7332682C
:1063F000936823F0F85393608FE700BF746802003E
:1064000000E100E0103000205C0B0020002307B505
:1064100001AA019305F00CF8019803B05DF804FBA4
:1064200013B500244FF0FF3101AA019404F056FF88
:1064300000B10194019802B010BDF1E7F0E7EFE779
:10644000EEE7FDF71FBAFDF71DBAFDF71BBAFDF722
:1064500019BA0FF0A1B90FF09FB90FF09DB90FF065
:106460009BB90FF099B90FF097B90FF095B90FF0EC
:1064700093B90FF091B90FF08FB90FF08DB90FF0FC
:106480008BB9002337B50D461446019302B307308C
:1064900020F00700C2E902104FF0FF31684301AA63
:1064A00004F01CFF60B90246019B013DC4E90033C2
:1064B00091B2A94202F1010204D34FF0FF321A60F7
:1064C00003B030BDE16819441960E1680B44EFE79F
:1064D0002220F5E7FEE7002307B5084601AA4FF0A2
:1064E000FF31019304F0FAFE019803B05DF804FB5C
:1064F00008460FF051B90846114687E7BFF35F8F92
:10650000074B5A6A22F480325A62D3F8942022F060
:106510000102C3F89420BFF34F8FBFF36F8F704712
:1065200000ED00E000232DE9F0479A4CDFF870827F
:10653000994E94F83470D8F8EC91F568C8F8EC31BD
:1065400017B32268AA4240F018813169626891420B
:1065500040F013817169A268914240F00E81B169E7
:10656000E268914240F00981F1696269914240F02C
:106570000481716AE26B914240F0FF801D46326AED
:10658000A2612846BDE8F0875822394604F1100080
:10659000D4F838A00DF0A4FA336904F10800636060
:1065A000F369C4F838A06361336A2560A361D6E952
:1065B0000523C4E90223FCF75AFE736A04F1400084
:1065C000E3639B68984720B9676C17B16368B3FBB6
:1065D000F7F794F84330E761002B00F0D0800023F8
:1065E000656C2366002D00F0D280002F00F0CF8074
:1065F0002368B3FBF5F205FB1233002B40F0C1809A
:106600006668B6FBF5F305FB1363002B40F0B98019
:106610006048FDF756FA8642C0F0B58040F6347205
:106620006369CC3B934200F2B080B5F5805FC0F067
:10663000AE8003215748FDF756FAD4E90001E36B19
:106640001B6898470546E36B0220DB689847BDB995
:1066500049465048FEF7A0FB6428054604D1494648
:106660004C48FEF799FB054655B9636C226A143B0A
:10667000484802FB03F6FDF724FA864238BF5A2544
:10668000002D0CBF0123002384F8343056D1D4E907
:106690000060D8F8F031D8F8F4710133C8F8F0315F
:1066A000FFF72CFF1F2837D94FF0000CF10600F13F
:1066B000FF3018BF26F01F0106EB00030CBF314668
:1066C0002031DA06354A18BF23F01F035FFA8CF039
:1066D000874237D8D2F8C00041F0030120F47F4050
:1066E00040F48070C2F8C000EFF31186302080F3D0
:1066F0001188D8F8F40143F00303C2F89800C2F8F7
:106700009C10C2F8A03086F31188BFF36F8FD8F8C1
:10671000F4310133C8F8F431BFF35F8F05221F4B0A
:10672000C3F894205A6A42F480325A62BFF34F8F02
:10673000BFF36F8FBFF34F8FBFF36F8FE06B02F02C
:1067400098FB1EE7C2F89800D2F89C00D2F8A0602F
:1067500020F01F00884226F01F0601D19E42DBD0A8
:106760008E4201D39842D7D9D2F898000CF1010C8F
:1067700020F0FF00C2F89800A8E75D2501E7212579
:10678000FFE65925FDE65A25FBE65F25F9E65B2580
:10679000F7E600BFD80A0020A03F002000ED00E08F
:1067A000103000202DE9F04FA7B0CDE9022180463E
:1067B0001D4604460822319F28FA02F383EA0803A3
:1067C000990702F1080218BF9B00202A1C44F3D14C
:1067D0008123B4FBF3F303EBC313E41A8A4B04F5F0
:1067E000062493F8F83104F55064002B3CD1FFF7F0
:1067F00099FE0646002879D10146402206A80DF0F0
:106800006FF94022314616A80DF06AF9DFF81492AC
:106810007E4BCB4609F110094B4528BF4B4600265D
:1068200003F1FF3A10225B46CDE900A6784806A99D
:10683000FDF7AEFB034606AA9E4244D10123102277
:10684000CDE900A372485B4616A9FDF7A1FB4FF006
:10685000000B824616AED3454DD16E4B9945D7D12C
:106860000122694B83F8F8214FF081090026DFF8F7
:1068700098B16309A3F58643683B0BEB8303D3F818
:10688000142104F01F01CA40D2074AD4D3F80031C2
:10689000CB40DB0738D5002E08BF26468123A4F560
:1068A0000624A4F6FF44B4FBF3F303EBC313E41A8A
:1068B00004F50624B9F1010904F55064D9D1029B0D
:1068C00023B356BB22E052F8040B05930492FFF762
:1068D00071F9DDE9042301300BD100224A4B83F822
:1068E000F821494B93F8F831002BBDD16FF091009E
:1068F0000EE00136A0E756F8040BFCF7F1FE01307C
:10690000EFD00BF1010BA6E7029B23B96FF08B00D0
:1069100027B0BDE8F08F06B92646329B00201E60E6
:10692000F6E7309B13B10023309A13600FB10023B8
:106930003B604FF0100A00232A4621463448CDF828
:1069400000A0FDF739FC002854D1309B0BB1C3F8EF
:1069500000A02A68304B9A4215D021462C48FEF7F9
:106960005FF90028D2D1D5E9022303998B4208BFF1
:10697000424593D1029B002BCED06B68012BCBD12B
:106980006FF08400C4E7309B002BECD0002FEAD0DE
:1069900000231F483B6090F83430002BA6D0DFF86E
:1069A00068A00121FDF79FF816AB214618480AF5AB
:1069B000C472FDF75CFB0346D0B99DF85820032A4A
:1069C00016D0022A11D104223A60114A0493D06BE6
:1069D00002F04FFA049B002B88D1309A3B68126872
:1069E000934283D39B1A3B60BDE7DAF89821EBE72B
:1069F0002D23EAE7094B9842AFD06328ADD0084B6E
:106A00009842B0D072E700BF10300020816D0800BE
:106A1000D80A0020906D0800105D175EFFDF00F0BF
:106A2000FEDF00F0006D080070B506460D46144606
:106A30008CB0CAB11022002108A80DF051F8002234
:106A400005AB029307AB019306AB00933046294692
:106A500008ABCDE90622FFF7A5FE18B9099B6360D4
:106A6000079B23600CB070BD6FF08600FAE730B56D
:106A70008DB00C4605461022002108A80DF030F814
:106A8000002205AB029307AB019306AB21460093AE
:106A9000284608ABCDE90622FFF784FE044610BB6A
:106AA000099B012B22D0059D13482946FEF7B8F813
:106AB000F8B9A5F50623A3F55063812B05F01F0057
:106AC0000FD801210D4A5B0902EB8303D3F814218F
:106AD00081404A402846C3F81421FCF701FE0130EA
:106AE00001D16FF0860420460DB030BD6FF08404F4
:106AF000F9E76FF09104F6E7D80A00201030002083
:106B00004FF0B0439A6A1207FCD4186A70472DE917
:106B1000F84FEFF31189302383F311884FF0B0431E
:106B20005B691907554903F0010203F00D03144690
:106B30004B6148BF42F002044AB1514AD2F8FC31DD
:106B40000133C2F8FC310EF0F5FF0EF093FFA307FE
:106B50002FD5EFF31185302686F311884FF0000A08
:106B60000EF0E8FF5746DFF81881D8F828410CB13D
:106B7000636923B30023012F88F8053204D11AF08A
:106B8000020F18BF88F805720EF074FF22280CD18E
:106B900001223C4B83F828204FF0B042D36B23F006
:106BA0000303D3630822354B9A6185F31188BFF341
:106BB0006F8F89F31188BFF36F8FBDE8F88F23467D
:106BC0005A693AB91A792179914288BF1C469B6863
:106BD000002BF5D185F31188BFF36F8F2569DDB1E7
:106BE000FFF78EFFA369A0EB030A4FEAEA72AA45FA
:106BF00072F1000211DB2B44A361E36813B120465C
:106C000021689847B4F806A00137EFF3118586F3A1
:106C100011880EF08FFFA8E7AA46EFF3118B86F3D9
:106C2000118820460EF032FD8BF31188BFF36F8F71
:106C30002369002BE1D0A38BB5EB0A0133B1E28BC2
:106C400013449BB2B3F57A7F10D2E383EFF311853F
:106C500086F3118820460EF0CFFEA3692269134403
:106C6000A36185F31188BFF36F8FC6E7A3F57A732D
:106C7000E383A3690139013BA361E7E700200058E2
:106C800010300020A03F002070B504460E46EFF300
:106C9000108572B64288818803888A420FD21344D5
:106CA000B3FBF1F001FB1033013204EB8303DE6030
:106CB0006280012328460FF071F8184670BD826883
:106CC0005AB9238804EB8302D660A2880133B3FB50
:106CD000F2F102FB11332380EBE700EB8303D96869
:106CE000904703460028ECD1E4E72DE9F0432B4818
:106CF000DDF81C8090F8124294424BD90C24624378
:106D0000D0F808E21EEB020446D06089002843D088
:106D1000B4F90450B4F906608D42B4F908701DDC72
:106D2000B142A8BF3146002F36D000F1FF3C1FFA18
:106D30008CFC07FB0C594C1B94FBF7F44E45D8BF59
:106D40006046A4B2A04202D3B14218BF20465EF80A
:106D500002C05CF820200CEB800403E02946E2E747
:106D6000013880B218B154F804ED7245F8D0B14240
:106D70001EBF17FB00F1491909B2994203DD10B19A
:106D8000013880B2E5E70020C8F80020A8F8041018
:106D9000BDE8F0830E20FBE70220F9E71030002069
:106DA00010B5084C20460DF068FA20B994E80700A9
:106DB000054B83E80700BDE8104001214FF0FF308C
:106DC0000DF05DBA8C68020018320020FF20704779
:106DD000004870470080FFFF38B5134C0546616BD3
:106DE00079B9A26B5AB9616CA1B9A26CCAB13C3431
:106DF000E3688BB922780D4B00201A7009E02C341F
:106E0000F6E72C342846227809680DF06AFB002842
:106E1000EED038BD3C34F5E7284698470028E9D045
:106E2000F7E70220F5E700BFA03F00202014002074
:106E3000F8B5154F97F8143223BB0222134E144DA8
:106E4000144CAD1BC4E90065C7F81C52013D304627
:106E5000ED08C4E90233236122776362C4E9056661
:106E6000C7F81862F2F736FF75802369E2680133CC
:106E70002361A36808339342A36088BFE3600123C2
:106E800087F81432F8BD00BF10300020D040002039
:106E9000000001207019002000232DE9F04F9E4EC4
:106EA00085B0039373680D469A42104606D249B9DD
:106EB00022B14FF0FF3103AA04F010FA039805B095
:106EC000BDE8F08F1AB908460EF066FCF6E7EFF35E
:106ED0001188302383F31188A1F1080C31F8061CC6
:106EE00007304FEAC10920F00704A14580F09280E5
:106EF00035F8023C002B76D0591A012973D10CEBDE
:106F0000C30A1CF83330D9076DD4BAF80230A9EBA4
:106F1000040717EBC30766D41F2F3DDD05EB040BF9
:106F2000C4F3CF0425F8064C0134584625F8024C2A
:106F3000FF08F2F7CFFEABF8027035F8023CABF871
:106F40000430BAF806301BB3BAF802209A1A12FAC3
:106F500087F7BFB20AEBC303ABF806709F8000222D
:106F60005146584601F0A4F95046F2F7B3FE00220C
:106F700035F8061CB368039503EBC103F168A3EB76
:106F800009038B42B36043D8A2B3083BB36031E03E
:106F90000023ABF80630E2E73369013B336135F893
:106FA000063CBAF802200133134425F8063CBAF82F
:106FB0000620A2B1BAF80210511A11FA83F39BB25B
:106FC0000AEBC20225F8023C93800122604651463A
:106FD00001F06EF95046F2F77DFE0122C8E700236A
:106FE00025F8023CF1E74FF0FF31204603AA04F0F8
:106FF00075F920B188F31188BFF36F8F5EE74A46B9
:10700000294603980CF0D0FE28460EF0C5FBF1E7A8
:10701000F360B9E777D935F8022CA9EB0407531EC2
:107020005B1A002A3ED00CEBC20A1CF83220D207B1
:1070300039D4C3BBC4F3CF0305EB040B25F8063CDE
:10704000013325F8023C5846F2F744FEBAF8023004
:1070500003EBD703ABF8023035F8022CABF8042071
:10706000BAF80620DAB1BAF80210511A11FA83F30D
:107070009BB20AEBC202ABF8063093800022514665
:10708000584601F015F95046F2F724FE0023B26885
:1070900003951444A4EB0904BBBBB460AAE7ABF8A6
:1070A0000620EBE79246272F2DD9C4F3CF0205EB3C
:1070B000040B25F8062C013F013225F8022C584616
:1070C000FF080193F2F706FEABF8027035F8022CC8
:1070D000ABF80420BAF1000F12D0019B013313FA70
:1070E00087F7BFB2ABF80670AAF8047000223369C4
:1070F000114601335846336101F0DAF80123C6E73F
:10710000ABF806A0F2E7039574E7F36808349C42F5
:10711000B46088BFF4606DE77019002041F67132E9
:1071200010B5104C104BA04294BF00240124D96923
:10713000DA639A6801F4803122F4401242EA045280
:107140009A600A4A90420A4AD2F818028CBF40F06C
:10715000020020F00200C2F8180209B10022DA632E
:1071600010BD00BF005A62020000035080F0FA0216
:1071700000C0075010F1860F12D010F1850F0ADA07
:1071800010F1930F0FD010F1870F0CBF6FF0730049
:107190004FF0FF307047003818BF01204042704761
:1071A0006FF0710070476FF06F007047094B186FF8
:1071B00000F00700431E032B03D8DFE803F00608A6
:1071C0000904002070470620704702207047042001
:1071D000704700BF008000500EB417B50446828887
:1071E000E18800688A4234BF891A002106AB104446
:1071F0000D4A019304F066FE002800DAFEE7A3883A
:10720000E288184480B2904228BF2368A08028BF3B
:107210009B18204624BF002203F8012C03B0BDE8D0
:10722000104003B0704700BFED8802002DE9F04325
:107230000D4690461E46044693B0002850D00029C3
:107240004ED0002A4CD0002B4AD0264B0FAF036003
:10725000002339464360036283602846FEF715FA2F
:1072600000283AD120460F990EF0E3FD1021204668
:107270000EF0DFFD4FF001094FF000536946204644
:10728000CDF804900293FEF7B8FA284603A9FEF75A
:107290008EFA10BB144D204603A9FEF7AEFACDF8C6
:1072A0003C8006ABCDF84090119597E8070083E845
:1072B000070019462046FEF7A0FA0C9609ABCDF858
:1072C00034900CAA0E9507CA83E807002046194699
:1072D0000EF007FE20460EF0D5FD13B0BDE8F0839A
:1072E0002120FAE700010004100000202DE9F04FF2
:1072F000894690461F460446A3B0002800F0BA8095
:10730000002900F0B7803AB12D9B002B00F0B2802D
:107310002E9B002B00F0AE8000252E46A84540F2A3
:10732000A7805EB12D9B2C9A5B5D925D0136534028
:107330002E9A06F00F0653550135EFE7A8EB050B23
:10734000BBF10F0F40F292804B4B666048462360C2
:10735000A660266203A9FEF798F9002865D12046A9
:1073600003992BF00F0B0EF064FD594620460EF0EA
:1073700060FD4FF0010A4FF00053204604A9CDF8FC
:1073800014A00693FEF739FA484607A9FEF70FFA4C
:1073900000284AD1204607A9FEF72FFA374B1F973E
:1073A0000DF1280CCDF880A022A9219311E9070046
:1073B0008CE807002D990DF1340E4B191C934BF0FE
:1073C0000053CDF874A01CAA1E9307CA8EE80700CC
:1073D000614620460193FEF710FA20460DA9FEF7FC
:1073E0000CFA2E99019B4A191992CDF868A019AA96
:1073F0001B9310AB07CA83E80700204A1697CDF805
:107400005CA018920DF14C0A16AA07CA8AE8070078
:10741000194620460EF065FD514620460EF061FDEE
:1074200020460EF02FFD5D4400B323B0BDE8F08F81
:107430008EB93A46494620462C9BFFF7F7FE0028B6
:10744000F3D107F1100212F8013D0133DBB21370E2
:107450000BB99742F7D12C9B2D9A9B5D525D01365B
:1074600053402E9A06F00F0653550135A845DFD13B
:107470000020DAE72120D8E70303000410000020F1
:107480002DE9F3410C4616461F46054628B1D02289
:1074900000210CF025FB04B116B96FF086042AE038
:1074A00063880733B7EBD30FF7D32388B3F5105FA7
:1074B00025D1164B05F12C082046AB623A464346CF
:1074C0003146FEF7A3FE0446A8B9019001A9404643
:1074D000FEF727F8B0B9019AA2F110011029DCD803
:1074E0000B4BCB40DB07D8D52846E96B0CF05CFC96
:1074F000ED6385F85840204602B0BDE8F0816FF09A
:107500008504F8E76FF09204F5E700BF0002480534
:10751000010101002DE9F04F934620220646BBB041
:107520000DEB02008A4600211F46449C0CF0D8FA5D
:107530002022002110A80CF0D3FA2022002118A844
:107540000CF0CEFA2822002120A80CF0C9FA402223
:1075500000212AA80CF0C4FA002E00F09080BAF1A5
:10756000000F00F08C80479B002B00F08880B6F85D
:107570000090758809F4E042B2F5804F7FD0EA1D93
:10758000BBEBD20F4FEAD20879D3469B984500F265
:107590008D8020A80EF043FC28B16FF092042046A5
:1075A0003BB0BDE8F08F434A2190209201AA22907F
:1075B000059201220692404A0DF1080C079205AA95
:1075C0000190289007CA8CE8070020A861460EF0B9
:1075D00088FC20A80EF056FC0028DED1019A37491D
:1075E00022F07F428A42019202D86FF08504D6E7EA
:1075F00047F21212914512D047F241129145F4D14F
:10760000A0453CD8FF2DF0D1469B0334DD1C459AA4
:1076100020232B4924F0030425F003050AE0B5F5E7
:10762000807FE2D140252B4602342649013724F0E1
:1076300003042AAA109100211993CDE91B12CDE968
:1076400013175A465146304608AB15941D95FEF760
:10765000DDFD04460028A2D1129B189043F400538C
:1076600020A812930EF0DBFB002896D118AB10AACD
:1076700008A920A8FEF777F920B14828B5D06FF007
:1076800086048CE747F2121399450BD12AAD424686
:10769000294645980CF088FB4022214628460CF0EC
:1076A0001FFA4023479BC3F8008078E76FF08904F6
:1076B00075E700BF0000084304000020010201003C
:1076C000200000B0200000802DE9F04106460D4664
:1076D00090461F4696B0002B3CD020230CA83B6060
:1076E0000EF09DFB044620B16FF0920016B0BDE88D
:1076F000F0811A4B29460D9014900E900CA80C9313
:107700000EF097FB4FF0010C45F00055069606ABC6
:10771000CDF81CC0089593E80700114B8DE80700D1
:1077200003ADCDF82480CDF828C00B9309AB93E8C6
:10773000070085E8070069460CA8FEF75EF80CA86C
:1077400029460EF0CEFB0CA80EF09CFB0028CDD0F5
:107750003C60C9E76FF08600C8E700BF0004000383
:10776000200000202DE9F74399460023884601A90F
:10777000054617460193EFF793FB0446D8B9019EDF
:10778000B9F1010F15BFD6F88830D6F8843006F16C
:10779000880006F184009BB9727A96F85030D206C0
:1077A00003D5012B21D0042B1FD0053B022B1CD964
:1077B0002846EFF768FB0224204603B0BDE8F083BB
:1077C000FCF7B0F870B14268019BD3F8A430C8F858
:1077D000002002893A801A6E026018662846EFF788
:1077E00052FBE9E7C8F8000038802846EFF74BFB6A
:1077F0001B24E1E72DE9F84312F0030418BF01242C
:1078000004EB92048C4207460E4615464FEA840963
:10781000C2EB84081AD8424600210CF061F9321BF1
:107820000021920007EB09000CF05AF92A460020CB
:1078300007EB0801F6F7E6F8054620B91CB121462A
:107840003846F0F789F82846BDE8F8836FF003055D
:10785000F9E72DE9F041036B826B92B09A4288BF41
:107860008363426C436A07680E4602FB0377C36B6F
:1078700003A905225B6904463846984703A8FCF72C
:107880006FF901280146307070D0656CE26B236897
:10789000606AD2F814C005FB0030052208A9E04751
:1078A00008A8FCF75DF901284FF000053CD0D4E9A9
:1078B0000A3201219342CDE90D458DF83C501095D7
:1078C0008DF8441043D119462046FCF78DF9236BFF
:1078D000626C14339B1AE06223630E9B1BBB9DF802
:1078E000443003B3636A626C2568D4F83C8002FBC1
:1078F00003550C350122D8F8143001A928469847C1
:107900004FF6FF72019B99B291420CD16FF30F03B6
:1079100043F4254343F0A503029301222846D8F8F7
:10792000183002A998470E9DE36B05225B6903A9F5
:107930003846984703A8FCF713F930702846236BA4
:10794000A26B9A4288BFA36312B0BDE8F081237C8A
:1079500033B91D490DAA04F10800FCF7D1F8BCE7C2
:1079600020461A4A0DABFCF7D5FAB6E7237C23BBB9
:107970002246174904F10800FCF7C2F8616A204664
:10798000FDF7DCF9616A421C2046FCF7B5FC0546B0
:1079900020B9236B626C1344143B23632046A16A15
:1079A000FCF722F92368A062C01A636CB0FBF3F005
:1079B00060622046FCF728FBB6E700232046054A14
:1079C000FCF7A8FADAE700BF154A0100D54A010022
:1079D000C73201001733010038B5036804460BB302
:1079E000012B08D0042B14D02046BDE83840E822F3
:1079F00000210CF075B882690B4B9A42F4D100F16A
:107A000020055830F2F7F7F868212846F0F74EF8CD
:107A1000EAE7D02500F118032A46002118460CF0A9
:107A20005FF8E1E738BD00BF00015005044A054B8F
:107A3000013800D2704753F8041B42F8041BF7E7E3
:107A4000203E0020404100002DE9F041069E044602
:107A500088461F4615460AB103B106B9FEE7002164
:107A6000F7F712FB154BDFF858E0E41A1E23E41079
:107A7000B4FBF3F4E4B24FEA841C0EEB841484F8F4
:107A800001800CF10C08F04495E80F0088E80F0025
:107A90000CF11C05754497E80F0085E80F000CF108
:107AA0002C05754496E80F0085E80F004FF6FF732C
:107AB000A38784F83E30BDE8F08100BFD80D0020D8
:107AC000B811002037B5094D0446094928680CF063
:107AD000A0FAF7F7CBF8074B01940093C2000123FB
:107AE000034928680CF085FA03B030BD0C11002062
:107AF00098160020E9EB000070B5436A04460D4675
:107B00001BB111B9826A0F489847A38899060ED510
:107B10000C4BDA7D92070AD5197D94F860209142CA
:107B200005D11B69E26D934224BF0133E365206AEE
:107B3000836C33B12DB92A46BDE870400149006C11
:107B4000184770BD581100200FB407B5064A05A9A3
:107B50001368019113B152680448984703B05DF867
:107B600004EB04B0704700BFB019002091840200FC
:107B7000F0B51E4B1968EFF31184302383F311889D
:107B800001220B684D681E7DB240013A22EA0502CF
:107B900092FAA2F3B3FA83F39E4205D884F31188D4
:107BA000BFF36F8F1A20F0BD0F7BBE4213D0F61BC0
:107BB00006F1FF3C5FFA8CFC9C450CD90123BB40CD
:107BC000013BB34032EA030314BFB3FA83F320232B
:107BD000C3F11F03DBB201229A402A434A600370BB
:107BE00084F31188BFF36F8F0020DCE75C0B00206B
:107BF0002DE9F843436E044613F018060D4644D1B0
:107C00005907426A3DD4042A3FD9017843F004035E
:107C100081EA12210170417843664A4042704FF078
:107C2000050804F13807E26A0023023202F00F026D
:107C3000C2F11000404528BF404604EB020C03F19E
:107C4000040E70450CEB030122D2984229D8E36A56
:107C500002440344102AE362A8EB0008054402D062
:107C6000626A934227D1224621463846F2F77AFDCE
:107C700008B30646636E43F0100363663046BDE802
:107C8000F883C36A05339342C9D96FF00C06F5E750
:107C9000E9585CF8039081EA09014CF80310734637
:107CA000CDE715F803E091F800C001338CEA0E0C23
:107CB00001F801CBC9E7B8F1000FB4D1E26A636AF9
:107CC0009A42DBD1636EC4F82C8043F008036366EC
:107CD000D4E72DE9F04399B004460EA80D461646A8
:107CE0000EF09DF820B16FF0920019B0BDE8F0835E
:107CF000019005B15CB335F0030705F0030829D006
:107D00004FF0E0634FF000090E930123CDF83C9053
:107D1000CDF840900B940C9347F000530D930BAAB1
:107D200005AB07CA83E8070019460EA8CDF858909E
:107D30000EF0D7F80EA839460EF07BF80EA80EF01C
:107D4000A1F838B13A46494620460BF0C9FE002357
:107D50003360C8E7B8F1000F02D100203560C4E7F6
:107D60004FF0E0634FF000090E9301ABCDF83C906B
:107D7000CDF84090089301230993114B08AA0A9368
:107D800002AB07CA83E8070019460EA8CDF8589041
:107D90000EF0A7F80EA804210EF04BF80EA80EF076
:107DA00071F808B12A46CEE7019A3C44C30001307D
:107DB00022FA03F3804504F8013BF7D1CDE700BF79
:107DC000040000202DE9F74F00F4E048B8F5804F9B
:107DD00082460F4616461D4612D100F44F43B3F5B6
:107DE000824F02D1C3B2412B0AD0E90705D56B08F7
:107DF00047B1FA1DB3EBD20F05D06FF0860787E0CD
:107E00002B46F5E7DF0080210120FEF7FFFA04464C
:107E1000002800F07381EFF7C3FD0123002204F175
:107E20006809C4E918234846EFF7B1FD0AF44F4347
:107E3000B3F5824F0BD15FFA8AFABAF1300F37D01F
:107E400008D8BAF1120F13D0BAF1170F39D06FF06A
:107E500086051FE0BAF1410FF9D1B7F5807F05D053
:107E6000B7F5E07F00F04581FF2FF0D109212FE029
:107E700040F209239F4200F03C8116D8B7F5807F7D
:107E800025D00FD827F02007C02F14BF6FF086052C
:107E90006FF085052046F1F73DFC20460DF07CFC97
:107EA0002F4635E0B7F5C07FEFE7B7F5047FECE785
:107EB00027F08003B3F5807F00F01B81B7F5007FCA
:107EC000E3E7C02F00F01581B7F5807FDDE70321E0
:107ED0002046F1F72FFCF1F7C9FC0746002840F0D7
:107EE0000B81B8F5804F7DD1B5B9DFF820B2584687
:107EF000F1F7BCFC05460028CCD149462046F1F7F5
:107F0000DDFAF1F7B3FC05460028C3D10C9B1C60D9
:107F1000384603B0BDE8F08F201DEFF7D9FC00F123
:107F200007082046EFF72AFD02284FEAD80830D18B
:107F30004545DAD12A4631464846EFF7C9FE834621
:107F40000028D4D104F17000EFF7C5FD2378092B88
:107F500015D0012104F17800EFF76DFF834600286A
:107F6000C5D12046EFF70AFD0128C0D132789AB971
:107F7000012DBAD14846EFF772FF8346B7E7E90013
:107F80005A4648460139EFF77FFF83460028E0D084
:107F9000ADE7DFF870B1E4E708F1010A554501905B
:107FA000A3D342464846711CEFF7C7FE834600281C
:107FB0009DD1019B04F178001946EFF73CFF834601
:107FC000002894D13378042B8FD14FEA4803013332
:107FD0009D428AD1424606EB0A0104F17000EFF798
:107FE000ACFECAE794F8009020464946F1F7A2FBA0
:107FF0008046002879D12046EFF7C0FC022882464F
:1080000054D1B9F1090F30D1202D70D104F160099C
:108010002A4631464846EFF75BFE0246F0B9014674
:108020004846EFF731FF0246C0B901214846EFF755
:108030002BFF024690B951464846EFF725FF02460E
:1080400060B9FF214846EFF71FFF024630B9012211
:10805000FE214846EFF718FF024648B304F16000DE
:108060000192EFF738FD019A38E0B9F10D0F1DD1FB
:10807000382D3CD104F160092A4631464846EFF7D5
:1080800027FE02460028E9D101464846EFF7FCFEEC
:1080900002460028E2D101214846EFF7F5FE0246EC
:1080A0000028DBD1012240F2BF11D2E7DFF8548073
:1080B0002046EFF763FC012804F1600910D12A463D
:1080C00031464846EFF739FE02460028C6D14946F8
:1080D0002046EFF77FFC02460028BFD1104610E78C
:1080E000B8F1000FF3D0074AB8E70246F6E7064AB0
:1080F000F4E76FF08505CDE60546CBE66FF08C071B
:1081000006E700BF80B1FFFF80B3FFFF80B0FFFF35
:108110002DE9F047C3F34508B8FA88FA0C4615462E
:108120004FEA5A1A07465246294620461E46EFF79E
:1081300013FD48BB04F108095246484605F1080101
:10814000EFF70AFD00BB08F1FF33D3F1000848EB5D
:1081500003084246204605F11801EFF7FDFC98B9E7
:108160004246484605F12001EFF7F6FC60B921468A
:108170003846F209F0F74BF830B904F1100001214C
:10818000BDE8F047EFF757BEBDE8F08738B50C46BD
:10819000054601212046EFF7A0FE28B921462846D2
:1081A000BDE83840EFF75FBF38BD2DE9F0479EB01E
:1081B000894615461E460446DDF89880002871D091
:1081C00000296FD0002B6DD0B8F1000F6AD0364B6C
:1081D0001BAF036000233946436003628360484657
:1081E000FDF753FA00285AD120461B990DF021FEC5
:1081F000102120460DF01DFE4FF0010A4FF00053F4
:1082000069462046CDF804A00293FDF7F6FA4846E9
:1082100003A9FDF7CCFA002841D1DFF89090204661
:1082200003A9FDF7EAFA1B9506ABCDF870A0CDF8CF
:10823000749097E8070083E80700189618AACDF80D
:1082400064A009AECDF8689007CA86E80700194611
:108250002046FDF7D2FA31462046FDF7CEFACDF89A
:1082600054800CABCDF858A015AACDF85C9007CA85
:1082700083E80700129512AACDF84CA00FADCDF8F7
:10828000509007CA85E80700194620460DF029FEE0
:10829000204629460DF025FE20460DF0F3FD1EB0C8
:1082A000BDE8F0872120FAE7030200041000002057
:1082B00030B5204DD5E905340AB38B4200D089BBD7
:1082C0002B6993B340B92B681A78D20707D5DA889F
:1082D00022B103EBC203F7E70346F5E713468C42EE
:1082E00000D0B1B92A69CAB1002818BF0446227863
:1082F000D2070ED5A2888AB1A4EBC204F7E78B425D
:108300000AD0834228BF03468C4209D0844238BF3A
:108310000446C5E9053430BD0346F5E71446F8E7E1
:108320000446F6E78C42F4D1DCE78C42D9D11C46F6
:10833000EFE700BF701900202DE9F7439946614B24
:108340000646002914BF8846984698F8C430174658
:10835000002B40F0B18011464046EEF757FC054631
:10836000002861D1A821012003F05EFD0446002809
:1083700000F0A48040F201138381022380F8099069
:1083800080F8503007724581C573056064200DF098
:10839000FFFA012F94BF00230123C4E9265584F876
:1083A000A030C4E92155D8F80030C4E923556061F4
:1083B000C4F8A480C4F894502360C8F80040414633
:1083C00000200A680AB1136803BB0028F7D1EFF355
:1083D0001183302282F3118801223771B260346038
:1083E00083F31188BFF36F8F40F20113D6F800803A
:1083F0003046A8F80C3001A9EEF752FD0546E8B169
:10840000022440460DF0C8F9254613E092F808C052
:108410001D7AAC4529BF186811461A60106022BF4A
:108420000B6001201946CCE790F85030012B0CBFAF
:108430002E250425284603B0BDE8F083019F3A7B32
:108440007B7B934201D1012B04D03046EEF71BFD1C
:108450002124D6E797F85030013B042B2AD8DFE8D7
:1084600003F01F03291F0800397A81B9052387F813
:10847000503000243046EEF706FD0CB1052CC0D17B
:1084800098F8093043F0100388F80930D2E7D7F89C
:10849000A400A8B190F8953023B9012387F8503093
:1084A0000524E7E701228430EFF7D0F804460028DE
:1084B000F3D0DFE70224DDE70425BBE71925B9E7A0
:1084C000437CFFDE843E00202DE9F04F9A468BB0BE
:1084D0009DF85030DFF854B10293DBF8103080463D
:1084E00053450D461646C0F09A80D146DBF804305D
:1084F0000193B9F1000F00F08E80D8F83C300122D2
:108500005B6907A901989847079BDBF80010C3F344
:10851000D312914240F0868013F07E0F1CD1D8F820
:108520003C3002225B6908A90198984708A8FBF72C
:1085300008FB08270446019B029A3B44002A3BD1D2
:10854000A6420FD9361B144640460199FBF74CFB57
:10855000A9EB04090190CCE707A8FBF7F2FA04277E
:108560000446E8E7A41B544528BF5446032C03EBFC
:108570000607AAEB040A1DD9D8F83C30294638462C
:108580005B69A208984724F0030304F003061F4424
:108590001D44002ED8D0D8F83C3001225B6908A9D0
:1085A000384698473246284608A935440BF0FCFB6C
:1085B0000026C9E72646ECE7274604F003020392AB
:1085C00023442A1904920593049BDD1B059BD81BA9
:1085D000039B9F420FD1002FB6D0D8F83C30012228
:1085E00008A95B6998473A46284608A90CF021FC7F
:1085F00078B93D44A8E7D8F83C30012208A95B6966
:1086000098470422284608A90CF013FC08B9043F37
:10861000DAE74FF0360948460BB0BDE8F08F4FF06F
:108620006309F8E74FF06F09F5E700BF98310020C4
:108630000279FF2A02D043691AB93BB16FF0860074
:1086400070476FF04042013B9342F7D2836823F4B6
:108650007F4323F00303002BF0D14FF6F8734288D9
:108660009A428CBF6FF085000020704770B550B300
:1086700049B30368994226D3D0E9024204FB02338E
:10868000994220D2EFF31186302383F311880B68CF
:108690005C1C0ED00468A3420ED3D0E9025205FB45
:1086A0000245AB4208D21B1BB3FBF2F402FB1433AE
:1086B00013B943685A1C07D143680B60416086F3C5
:1086C0001188BFF36F8F70BD9942F8D01B68F1E736
:1086D00020F0FF03B3F5E24F0ED1C0B241280BD119
:1086E000FF2A09D10B7823F007030B70CB7F03F02F
:1086F0007F0343F04003CB77704773B500250446F2
:108700008DF8075020466169FBF7C0F9266B864259
:1087100009D2236AB5EB430F05D220460DF10701BC
:10872000FFF797F850B19DF80730012B04D1204690
:108730000DF10701FFF78DF802B070BD0135E1E7DB
:10874000F8B5037F0746022B0D46164611D0F8F701
:1087500047F8044610B103242046F8BD2E44AE422B
:10876000FAD0384615F8011BF8F710F80028F6D0B3
:10877000F1E70D24F0E72DE9F0470446F7F7E0FEB6
:1087800020BB2046F7F708FF94F834700B2604EB63
:108790008709D9F83880D9F820A04546554508D032
:1087A0003A4629462046F7F778FE030410D5A84537
:1087B0000ED0C9F838502046F7F7BCFF002384F8E4
:1087C00035304FF6FF736569E386ADB9BDE8F087D4
:1087D000C0F30D002946821C3B462046F7F7EFFD0B
:1087E000013E16F0FF060546D8D140F24531064B52
:1087F000064A074802F07EFE23463A464146AC460A
:10880000A069BDE8F047604780860200F288020058
:10881000118502002DE9F843044690F8346000EB1E
:108820008607D7F82080656C4545256421D03246FF
:1088300029462046F7F731FE030402D5BB6B9D4263
:1088400017D1C0F30D00821C334629462046F7F7A6
:10885000B6FD334681466064022229462046F7F77A
:10886000AEFD8145A064DED0012384F83530BDE83B
:10887000F8830323F9E770B506460C468D18AC4221
:1088800000D170BD304614F8012B0249FEF7A4FC5C
:10889000F5E700BFED8802008388C28810B59C1CF4
:1088A000944204D80268D15283880233838010BD79
:1088B00010B50A7A0446012A02D0022A04D010BD5B
:1088C0000988BDE81040E7E78388E28803F10800E3
:1088D0009042F4D820681844F7F70FFCA3880833B7
:1088E000A380ECE7F7F7A2BFF7F7A0BFF0B5304BD6
:1088F00085B018680DF102010BF03FFCF6F74FF858
:108900002C4B2D4E93F9004093F90150C0B9BDF89E
:1089100002300B3BF218F05692F910309842A8BF83
:1089200018467F2D04D07F2C3FD0AC42B8BF2C46D8
:10893000A04203DB7F2C14BF2046002005B0F0BD11
:108940001E4B02AF93E8070004AB03E907007F2347
:108950000021184637F8022F7F2CA2F10B0216F9DE
:1089600002C005D07F2B1CD0A342B8BF23465BB208
:10897000324492F910206245A8BF62468242A8BFE5
:1089800002467F2D50B205D07F2B0CD0AB42B8BF32
:108990002B465BB24A1C022A4FF00101DAD11C4679
:1089A000C6E72346E4E72B46F4E72C46C0E700BFC2
:1089B0000C1100207D1300207F13002038110020AF
:1089C00008B5054B01461870044B18680BF09DFD67
:1089D00000B1FEE708BD00BF1C1100200C110020F3
:1089E000024B014618680BF0B2BC00BF0C1100200E
:1089F000014B186803F02ABC0C110020024B012225
:108A0000002118680BF0F0BA0C1100200368012B4C
:108A100004D1034B034918680BF0FBBA704700BF41
:108A20000C110020981600200088704708B5FFF749
:108A3000FBFF10F4807F0CBF0320022008BDF8B5B7
:108A40000746FFF7F3FF04463846FFF7EDFF0646FB
:108A50000D46F6F743FDC6F3812204EB4003022ADC
:108A6000DBB203D0032A06D00020F8BDFB5A2B80CE
:108A700001232B72F8E7F9182846F7F73EFB02238B
:108A8000F7E7F8B50746FFF7CFFF05463846FFF78B
:108A9000CDFF044628460E46F6F720FDC5F3812398
:108AA00004EB4004022BE4B210D0032B11D0284673
:108AB000F6F743FDC5F3813504EB4004022DE4B223
:108AC00009D0032D0DD095B10620F8BD0234E4B2D3
:108AD000EDE70834FBE73B5B338001233372002072
:108AE000F3E730463919F7F708FB0223F6E735724A
:108AF000F5E71FB500230C46006801A98DF80C307E
:108B0000FFF7BFFF38B99DF80C30012B05D0022BC1
:108B100008D003B9237204B010BD2372BDF804302D
:108B20002380F8E7237201AB03CB20606160F2E79A
:108B300008B5FFF779FFC0F3C00008BD10B500F01D
:108B4000FE44B4F1A06F084C08BF20F47E10A04290
:108B500002D06FF0850010BD0220B1F5105F1070DB
:108B6000F7D118700020F6E7004040048B4228BF80
:108B70000B462DE9F04FA1EB030B03F00707DB08D1
:108B80004FEA431E02EB431C054613464FF0000814
:108B9000099C634505F1200511D14FEA870C00EBD4
:108BA0000E0503EB8707821ABB4240F0828005EB7B
:108BB0000C03BBF1010B80F08C80BDE8F08F1E68C8
:108BC00055F8201CA6FB046916EB080649F10009BC
:108BD000761845F8206C5E6855F81C1CA6FB04A8A6
:108BE00049F1000616EB0A0648F10008761845F828
:108BF0001C6C9E6848F10008A6FB04A618EB0A0846
:108C000046F1000955F8186C55F8141C18EB0606C7
:108C100045F8186CDE6803F12003A6FB04A849F1AF
:108C2000000616EB0A0648F10008761845F8146CA1
:108C300053F8106C48F10008A6FB04A618EB0A08CC
:108C400046F1000955F8106C55F80C1C18EB060697
:108C500045F8106C53F80C6CA6FB04A849F100060B
:108C600016EB0A0648F10008761845F80C6C53F824
:108C7000086C48F10008A6FB04A618EB0A0846F1A8
:108C8000000955F8086C55F8041C18EB060645F861
:108C9000086C53F8046CA6FB04A849F1000616EB17
:108CA0000A0648F10008761848F1000845F8046CF7
:108CB0006FE79E465EF8040BA0FB040610EB08006D
:108CC00046F100089E588019985048F100087346F4
:108CD0006AE71A6812EB08022CBF4FF001084FF048
:108CE0000008B8F1000818BF4FF0010843F8042B42
:108CF0005FE7002307B506481A46006801A9F0F7A8
:108D000002FF10B90198F5F775FC03B05DF804FB9C
:108D1000B40C0020AAE409B1C06EFBE7704703461B
:108D200008B900207047EFF31182302181F31188D8
:108D30004068411C04D182F31188BFF36F8FF0E7C4
:108D40000168596082F31188BFF36F8F7047F7B5E0
:108D500006460F46C9B1C06EFFF7E1FF0546B0B148
:108D60000122304601A9EEF7D5F8044630B1294674
:108D70003046FFF7D0FF204603B0F0BD019BC3E9AA
:108D80000050988118773B60F5E72224F3E71A2416
:108D9000F1E710B5EFF31184302383F31188037CDE
:108DA00023B184F31188BFF36F8F10BD8368C26055
:108DB000416003F140021B6C53B90360106082688C
:108DC00092F84430013382F8443001230374E8E719
:108DD0001A461B68F0E737B504460522D0F8A40010
:108DE00001A9EEF797F8B0B9019B5C61227A5A7439
:108DF000E27A62F07F021A74EFF31185302383F375
:108E00001188D4F8A40001990830EEF785F985F3AC
:108E10001188BFF36F8F03B030BD0A7C10B57F2A75
:108E20004FEA921398BF0023EFF31184302282F3AC
:108E300011881BB9437B43B990300BE0032B10D151
:108E4000837B73B90123837301E0013B4373D0F843
:108E5000A4000830EEF760F984F31188BFF36F8F38
:108E600010BD9430F6E7053803288CBF00200120A0
:108E7000704708B5C36800209847034B1868BDE8E1
:108E800008400CF08BBF00BF3C3100207FB50C4682
:108E9000054658B390F8343053B3164E0121FAF713
:108EA00022FE3246284614490DF10F03FBF7DFF886
:108EB0000246B8B99DF80F30012B0ED13369082B4B
:108EC00012D1214600902846FFF7FEFA0446E86BCF
:108ED000FFF7CFFF204604B070BD022B0CBF60240B
:108EE0002D24F4E72D24F2E76324F0E72124F1E7B1
:108EF0001124EFE79831002000710800F8B505460D
:108F0000EFF31186302383F311888C30EEF7FAF8F3
:108F1000044620B986F31188BFF36F8FF8BD837CB8
:108F200000F130073BB101338374D5F88C30036313
:108F3000C5F88C70EEE705F130000CF017FE86F3F3
:108F40001188BFF36F8FA6682EB92168D5F8A400E9
:108F5000FFF7E1FE2660EFF31181302383F31188E0
:108F6000A37CD5F8A4200133A3749368236397608E
:108F70002B7C01332B74EB7B013BEB7381F311886A
:108F8000CAE72DE9F04792B00446DDE91B65DDE94B
:108F90001D789246894629B96FF08604204612B0A2
:108FA000BDE8F087002AF7D0002EF5D00DB9002FCC
:108FB000F2D1B8F1000FEFD02388B3F5105F4BD199
:108FC0002822002108A80AF08BFD202200216846F3
:108FD0000AF086FD08A80CF022FF10B16FF0920491
:108FE000DCE720466B4652464946FDF70FF904463A
:108FF0000028D3D1009B103B102BCDD8184A22FA61
:1090000003F3DB07C8D5AE421FD206F110039D4221
:109010001BD20F2FC0D93146102228460AF073FE0A
:109020002E4632462B46694608A8FEF7FFF806464C
:1090300070B139462846FCF771FA0023012EC8F8B2
:109040000030CBD16FF08B04A8E70F2FE9D8A3E74E
:109050001023C8F80030A1E76FF085049EE700BF39
:10906000010101002DE9F04FA7B00F46DDE933986B
:1090700015469B460446002800F0B680002900F003
:10908000B380359B002B00F0AF80319B1BB1309B30
:10909000002B00F0A9803DB1329B002B00F0A48092
:1090A000B9F1000F00F0A080A8F104030C2B00F22E
:1090B0009B803B68103B102B00F296804B4A22FAB3
:1090C00003F3DB0740F19080494B0DF18C0A43EA32
:1090D000082323600023514663602362A36038465F
:1090E000FCF7D3FA034600287AD1204623990CF0E6
:1090F000A0FE204631990CF09CFE294620460CF03B
:1091000098FE01264FF00053204602A903960493CF
:10911000FCF773FB384605A9FCF749FB034600281A
:109120005ED1204605A9FCF768FB324BCDF88CB028
:109130002496259308AB9AE8070083E807001946B0
:109140002046FCF75AFB309B20AA2093319B2196A6
:1091500043F0005322930BAB07CA83E8070019467C
:109160002046FCF74AFB329B45F000571D931DAA91
:109170001E960EAB1F9707CA83E8070019462046C4
:10918000FCF73BFB359B1AAA1A9348F000531B9639
:109190001C9311AB07CA83E8070019462046FCF769
:1091A0002CFBCDF85C9014AB189617AA199707CA38
:1091B00083E80700B9F1000F03D1169A42F080420C
:1091C0001692194620460CF08CFE20460CF05AFEF2
:1091D000034628B1019029464846FCF79FF9019BB8
:1091E000184627B0BDE8F08F2123F9E701010100FF
:1091F000000003040C0000202DE9F04FADF5757D53
:1092000007468846934600211822BAA899460AF0D4
:1092100067FC00219F4BD0221C68B0AE3160C0A813
:109220000AF05EFC4FF48072314620469A4BF0F70C
:109230006AFC054650B931684868D1E90823000A3C
:1092400017D0964CA04220D06FF086053068F5F715
:10925000D1F9044635BB924BBB939DF8FC3243F0E9
:1092600010038DF8FC3210B320460DF5757DBDE876
:10927000F08F0420BA90C0A8FEF702F910F1860F13
:10928000054608D10123BA93E0E70420BA90C0A8AC
:10929000FEF7F6F805463368002DD7D11B88ADF8E8
:1092A000F032D3E7BAA8FEF797FB2C46DCE7BA9B6F
:1092B000002B00F08A809DF8FC2212F00E0F40F087
:1092C0008480012B04D0042B75D06FF08604A5E0B8
:1092D000744BC09A9A421AD19DF80733022B67D07B
:1092E000102B65D8DC0763D40522CDE9CB23DB9BAB
:1092F000C2A843F00203CDF82893CD95DB93F1F794
:10930000B4FDF0F7B3FA0446002840F08780052347
:10931000CDE9BD399DF8FC32BA9A43F002038DF8CD
:10932000FC32002A51D09DF8FC32D9074DD4BB9BAA
:109330005D4923F47E138B4203D001F580718B428B
:10934000C3D1012A58D0042ABFD1DD9B002B3CD1C8
:1093500038687968D9AB03C3B86818600C23DD930B
:109360009DF8FC32BA9A43F001038DF8FC3262B3E7
:109370009DF8FC3203F00901012926D19B0754D541
:10938000BD9B042BA1D9053BBD93012A52D0042AD1
:109390009BD1B8F1000F98D0CA9BB3B1DDE9D332AD
:1093A000134312D105224146CAA8FCF723FC4BE027
:1093B0006FF00C00A5E7CA9B3B4923F47E128A425A
:1093C00006D001F580718A4205D06FF0880425E04F
:1093D000D8033FF57AAF13F4701F3FF476AFC3F3B1
:1093E0000543102B3FF671AFDDE9D3321343ECD1C7
:1093F0000523CDE9D7398AE72A4BC09A9A4231D161
:109400009DF806130C233A4601F00101C2A8F1F7BA
:109410006BFDF0F72BFA04460028A1D0BAA8FEF79E
:10942000DBFABAA8FEF7D8FA1EE71E4BBB999942A1
:10943000ABD1CAE71B4BC09A9A4213D14146C2A88E
:10944000FEF7D6FBF0F712FA04460028E6D19DF8A5
:10945000FC32BA9A43F004038DF8FC322AB96FF05B
:1094600088060FE06FF08504D8E79DF8FC32DF072F
:10947000F5D59D072ED5BD9B13B9BE9B994515D932
:109480006FF08606BAA8FEF7A7FABAA8FEF7A4FA04
:109490003446E9E6B40C00200002480502008000D2
:1094A000000250050001500500014005A3EB09032F
:1094B000BE93012A13D0042AE2D12822002130468B
:1094C0000AF00EFB30460CF0AAFC054630B36FF0F4
:1094D0009206D7E7A94BBB999942EAD1BFE7A74BC0
:1094E000C09A9A4240F0BB83DB9BD80613D4CC9B36
:1094F00023B1CD9BCA9A4B4493420CD85B464A4653
:109500005946C2A8F1F724FDF0F7B0F90646002845
:10951000B8D14D4620E06FF00C00F5E7CA9B984AA1
:1095200023F47E13934208D19DF8A633934F4B4406
:1095300099450BD26FF08906A4E7924A934240F016
:109540008E839DF8C833904F102BF0D1BBF1000FE4
:109550000FD1B9F1000F93D19DF8FC32BA9E43F0C0
:1095600008038DF8FC32002E40F07C836FF08804F5
:10957000AFE3B9F1000FEFD0DDE9D3231A4307D1F0
:109580001146CAA8FCF736FB064600287FF47AAFDE
:109590007A4B9F4200F09C82DDE9D63213EB09033F
:1095A00052F100024FF0000128BF012100298ED1A5
:1095B0006FF01F0098424FF00F03934187D39DF83F
:1095C000C86316F0EF0F00F0098109EB06030DF5F3
:1095D0006E7E0F2BB6440FD84A46594670460AF0A5
:1095E000E3FB9DF8C883C8445FFA88F88DF8C88308
:1095F000D49B4B44D493AFE7102BE6AF0AD1B846C7
:109600000DF55E7CB8E80F00ACE80F0098E80F009D
:109610008CE80F00C6F11003DBB21A4659467046BB
:1096200004930AF0C1FB5F979DF8CA33574F58491E
:109630004FF00108002B08BF3946CDF880810DF1AD
:10964000B00C61915FAA07CA8CE80700DFF84CC133
:10965000EEA95C915CAACDF874810DF1BC0ACDF83D
:1096600078C107CA8AE80700CDF864B159AACDF8D5
:109670006881CDF86CC10DF1C80C07CA8CE80700F1
:10968000E6A9569156AACDF85C81589735AF07CA1E
:1096900087E807009DF8C9033E493F4A404508BF97
:1096A0000A46002B0CBF032343461A430023ACA9F0
:1096B000CBA8B193B092B293B893FBF7E6FF0590B5
:1096C00000287FF404AFAC99B0A80CF0B2FB059B66
:1096D000B0A819460CF0ADFB1021B0A80CF0A9FB06
:1096E0004FF0005338A9B0A8CDF8E4803A93FCF7C6
:1096F00084F83BA9CBA8FCF75AF800287FF4E7AE22
:109700003BA9B0A8FCF779F82CA9B0A8FCF775F82C
:109710005146B0A8FCF771F832A9B0A80CF0E1FBF3
:10972000B0A839460CF0DDFBB0A80CF0ABFB20B1C3
:109730002021E6A8FBF7EAFEC9E6D69BD79A1033AC
:1097400042F10002CDE9D6329DF8C8338DF8CA0344
:109750004B44102B03D110258DF8C83348E7049BE8
:10976000A9EB03070F2F1BD81946103E3A46594460
:10977000EEA84E440AF018FBF3B2ECE700015005E6
:1097800000014005000240050002500520000020B5
:109790000C00002000000304000002041000002060
:1097A0000BF11003059310238DF8C8030693049B57
:1097B00017F00F020BEB03061BD0102F5FFA87F890
:1097C00011D927F00F07F9185944EEA808F00F082F
:1097D0000AF0EAFA8DF8C8835E46C4E04F46CDE948
:1097E00005B10491E3E73A463146EEA80AF0DCFA07
:1097F000FCE6102F00F04B81A7F1100572199DF8BF
:10980000CAE3EEAB02F110089C46106851680832BA
:10981000ACE8030042456346F6D14FF01003A84977
:109820008DF8C833A74B4FF00108BEF1000F08BFF9
:1098300019460DF5667ACDF84CA10DF1680CCDF8FE
:10984000508153AA559107CA8CE80700509645F0FD
:109850000056CDF844810DF1740C529650AA07CAF7
:109860008CE8070005994DAA4D91CDF838814F96A7
:1098700020AE07CA86E80700CDF828A14AAACDF88D
:109880002C8123AE4C9307CA8F4B86E807008F4A82
:109890009DF8C913CBA8414508BF1346BEF1000F80
:1098A0000CBF032242461343B0930023ACA9B193EB
:1098B000B893B293FBF7E9FE079000287FF407AE58
:1098C000AC99B0A80CF0B5FA079BB0A819460CF0FB
:1098D000B0FA2946B0A80CF0ACFA4FF0005326A914
:1098E000B0A8CDF89C802893FBF787FF29A9CBA8C7
:1098F000FBF75DFF00287FF4EAAD29A9B0A8FBF7CC
:109900007CFF1AA9B0A8FBF778FF1DA9B0A8FBF748
:1099100074FF20A9B0A80CF0E4FAB0A831460CF00E
:10992000E0FAB0A80CF0AEFA00287FF401AF059B76
:10993000D79A2B440593D69B8DF8CA035B1942F145
:109940000002CDE9D632069B0BEB05061F44A7F1BA
:1099500010035746DEAD06930FCF0FC597E80F00F3
:10996000102785E80F00D69BD79ADB1942F1000239
:10997000CDE9D632534D9DF8CA3351494FF0010A13
:10998000002B08BF29460DF5667CCDF81CC10DF1F2
:10999000200ECDF820A147AA499107CA8EE80700FA
:1099A000049944AA0E44449647F00056CDF814A1F9
:1099B0000DF12C08469607CA88E80700059941AAC8
:1099C0004191CDF808A143960EAE07CA86E807007C
:1099D000CDF8F8C03EAACDF8FCA0409511AD07CA5D
:1099E00085E807009DF8C9033849374A504508BF44
:1099F0000A46002B0CBF032353461A430023ACA98D
:109A0000CBA8B193B092B293B893FBF73EFE04900B
:109A100000287FF45CADAC99B0A80CF00AFA049B66
:109A2000B0A819460CF005FA3946B0A80CF001FAB6
:109A30004FF0005314A9B0A8CDF854A01693FBF72B
:109A4000DCFE17A9CBA8FBF7B2FE00287FF43FADE0
:109A500017A9B0A8FBF7D1FE08A9B0A8FBF7CDFE67
:109A60004146B0A8FBF7C9FE3146B0A80CF039FA60
:109A7000B0A829460CF035FAB0A80CF003FA00287B
:109A80007FF456AE069D8DF8CA033D44B0E5DEADC9
:109A90000DF5667CBCE80F000FC59CE80F0085E85B
:109AA0000F00EEAB06F110051A46306871680836F3
:109AB00003C2AE421346F7D110238DF8C8338BE6AC
:109AC0000C0000202000002000000204000003041D
:109AD00010220021A4A80AF003F810220021A8A84F
:109AE00009F0FEFF10220021ACA809F0F9FFD69B77
:109AF00019EB030213462CBF01250025BFF4E7AC88
:109B0000D79A93423FF6E3AC96490BEB09008842A3
:109B10003FF6DDAC9DF8A60309EB000ABAF10F0F82
:109B20000ED893420CD00DF2963318444A4659464B
:109B30000AF03AF99DF8A6334B448DF8A63357E561
:109B40005F46CDF810B0ACAEBAF1100F4FF0100276
:109B50004FF000013046D04628BF4FF0100809F002
:109B6000BFFF9DF8A633002B62D0102B3FF6AFACA1
:109B70001A460DF29631304605930AF015F9059B09
:109B80003946C3F11002F01805920AF00DF94FF0B2
:109B90000003059A8DF8A63317449DF87433002B03
:109BA0004DD0049B4246CDE90163A8AB0093CBA9FD
:109BB0000DF27533B0A8FDF799FB9DF874230346A9
:109BC000012A16D110220021304609F089FF4246B1
:109BD000049930460AF0E8F8A4AB00930DF28632FF
:109BE0003346CBA9B0A8FEF7E0FA034600287FF47D
:109BF0006EACD699049808EB0102D692AAEB080243
:109C000040440F2A4544049027D8D79851448142B4
:109C100021D039460DF29630CDE904230AF0C4F87C
:109C2000049A059B8DF8A623002B3FF4E1AC4EE48B
:109C30003946424630460AF0B7F84744ADE7A4AB90
:109C400000930DF286323346CBA9B0A8FEF7ADFAE9
:109C50000028A6D03BE4002AE6D0924674E76FF0D5
:109C600085060FE49DF8FC32D9074CD59A0707D535
:109C7000DDE9BD210A4303D06FF08604002628E009
:109C800013F010033FD0012E0FD0042EF4D1282260
:109C90000021B0A809F024FFCA9FC7F30548B8F116
:109CA000080F27D96FF08904E8E79DF80723082AF1
:109CB000F8D82D4BC099994240F09682FE99C2A8DF
:109CC000F1F792F8EFF7D2FD04460028D6D19DF8BF
:109CD0000763FE9B2121C6F10802981909F000FFD5
:109CE000BAA8FDF779FE002C7FF49BABFFF701F8D3
:109CF000FFF7BABAA9EB0509B9F1FF0FBCD8FE9B73
:109D0000002BB9D017B96FF08804B7E7DDE9D3634A
:109D10001E4307D132463146CAA8FBF76BFF08B194
:109D20000446D6E7CA9B114A23F47E13934212D00D
:109D300002F58072934211D0B3F1052F0C4B14BF82
:109D40004FF0000A9A46B0A80CF069F8064698B1A0
:109D50006FF0920492E7DFF810A0F4E7DFF814A0A8
:109D6000F1E700BF0000012000015005000140059F
:109D70000005100500025005804B9A4500F0CA818D
:109D800003F580739A4540F027829DF8C933002B74
:109D900040F0268217F4701F00F023829DF8C873EC
:109DA000102F04D05FFA89F9B945C0F01A8217F074
:109DB0000F0C14BF3B460023D69AD7999B1841F14C
:109DC0000001DDE9D82E52EA0E00CDE9D63115D0DA
:109DD00053EA010012D1DAA94246FE9809F0E4FFE5
:109DE0001021DAA8FBF792FB4646B0A80CF017F852
:109DF0000028ADD1002C18BF00266AE79DF8CA03E1
:109E00005D4440B952EA0E0040F0C280A3F1100058
:109E1000084340F0BD800F2F04D827B11DB94FF083
:109E2000210BA6E0A8ADCB9B103B102BF7D8544AD2
:109E300022FA03F3DB07F2D5524B0DF52C79B093E0
:109E400000234946CBA8B193B893B293FBF71DFC0E
:109E50008346002840F08D804FF001094FF0005AF2
:109E6000AC99B0A80BF0E5FF5946B0A80BF0E1FFA4
:109E70003946B0A80BF0DDFF83A9B0A8CDF8109249
:109E8000CDF814A2FBF7B9FC86A9CBA8FBF78FFC91
:109E9000834600286DD186A9B0A8FBF7AEFCE6AAE0
:109EA0009892394ACDF864920DF5097C98AB9A9254
:109EB00093E807008CE807006146B0A8FBF79DFC1B
:109EC000CDF86CB20DF50C7CCDF870929BABCDF853
:109ED00074A293E807008CE807006146B0A8FBF77E
:109EE0008CFC47EA0A0AEEAA9E929EABCDF87C92C1
:109EF0000DF50F7CCDF880A293E807008CE80700F1
:109F00006146B0A8FBF779FCA195A1AACDF888928B
:109F100092ABCDF88CA207CA83E807001DB99A68F6
:109F200042F080429A601946B0A80BF0DAFF012295
:109F30000DF52C79CDF89092A592144A0DF5157C6B
:109F4000A4ABA69293E807008CE807006146B0A88E
:109F50000BF0C7FFB0A80BF095FF834628B9424627
:109F60004946FE9809F020FF3EE739462846FBF7B0
:109F7000D5FA4146FE98FBF7D1FAC3E0000150053F
:109F800001010100000002040C000020100000206C
:109F9000500FD20040EACE0012BAA9925A0FDB004D
:109FA0001BBAAB93EEAB7793012342EAC1027893DD
:109FB00012BA47F0005300BA79930DF5C479AA920A
:109FC00077AA0DF5287ECEF8000007CA89E80700B9
:109FD000BCF1000F40F09C80002F00F09980DEA9BA
:109FE0004FF0010C7A918249CDF8ECC17AAA7C91AC
:109FF0000DF5CA7907CA89E807007E49CDF8F4E172
:10A000007DAACDF8F8C10DF5D07E7F9107CA102F3B
:10A010008EE80700809580AACDF804C282936BABCE
:10A0200007CA83E8070005D100221A609A6842F047
:10A0300080429A604FF0010AFE9AACABAC9248F0B5
:10A040000052CDF8B4A2AE9293E807006A4B6EAD11
:10A0500043EA0823B093002385E80700A4A9CBA80E
:10A06000B193B893B293FBF710FB8346002849D114
:10A07000A499B0A80BF0DDFE5946B0A80BF0D9FEAC
:10A080003946B0A80BF0D5FE4FF0005371A9B0A827
:10A09000CDF8C8A17393FBF7B0FB74A9CBA8FBF76D
:10A0A00086FB834670BB74A9B0A8FBF7A6FB4946A4
:10A0B000B0A8FBF7A2FB62A9B0A8FBF79EFB68A9BA
:10A0C000B0A8FBF79AFB9DF8C933534503D1294645
:10A0D000B0A8FBF792FB6BA9B0A80BF002FF9DF8AC
:10A0E000C9331BB96EA9B0A80BF0FBFEB0A80BF0EA
:10A0F000C9FE834600283FF477AE9DF8C933002B94
:10A100003FF437AFBBF1210F6BD06FF092046CE6D8
:10A11000E6A965E79DF87433002B61D10DF5247A2B
:10A12000014610225046A8AD09F0DAFC1022314653
:10A13000284609F0D5FCDC9FB84552D39DF8A633DC
:10A140005FFA89F94B454CD89DF88523D8A9C2F10F
:10A150000E030DF291208DF8903209F025FEACAB84
:10A1600010223146184609F0BBFC0DF28632CDE9CB
:10A17000000253463A460295CBA9B0A8FDF7B6F8BF
:10A18000834690B99DF87433DC9A012B1FD12F467A
:10A190000346FE9902EB010C8C4510D12BB1114600
:10A1A000FE98FBF7BBF94FF02C0B10212846FBF76C
:10A1B000ADF9DC9BBBF1000FA4D11E4615E611F8EA
:10A1C000010B17F801EB80EA0E000343E4E7294690
:10A1D000FE9809F0E9FDE8E708266FF0850404E63B
:10A1E00008266FF0860400E66FF0850446E500BFA0
:10A1F0002000002010000020020002042DE9F04F92
:10A20000A1B08946DDE92B540746CDE907232D9EF1
:10A2100000283AD0B0F800A00AF4E043B3F5005F9C
:10A2200036D10AF4E062B2F5806F31D1072C2CD917
:10A230004FF00808099345B3A4EB080405EB040BA1
:10A24000424659460AA809F0AFFDB9F1000F1CD0EB
:10A250002A9BD3B1099B0EB92E9AB2B92F9AA2B1FB
:10A26000B3F5005F17D10AF4E063A3F580625342AF
:10A270005341DB00BAF5105F07D17A8822F0400124
:10A2800080290AD0B2F5807F07D06FF0860716E0EC
:10A290004FF00008CEE70023ECE7002BF5D0282292
:10A2A000002116A809F01CFC202200210EA809F0AC
:10A2B00017FC16A80BF0B3FD28B16FF092073846D3
:10A2C00021B0BDE8F08F38464946079A0EABFBF740
:10A2D0009DFF07460028F2D12E9B9C4221D8B54213
:10A2E00007D2B34505D929462246304609F00BFD71
:10A2F00035460AABCDE90483052301932A9B224608
:10A300000093CDE90256089B0EA916A8FEF7AAFEF7
:10A310002128BAD02C2807D00028CED12F9B1C6032
:10A32000CDE76FF08907CAE76FF09407C7E72DE91B
:10A33000F04F044689B0104615460491EDF791FAA6
:10A3400000286FDD2046E988EDF7A8FC00286CD1D5
:10A350002B68B4F806900093374D494600982B6857
:10A360002B68EDF7A7FA03460733282B34BF4FF0CD
:10A37000FA0A4FF01E0ADA08D4F8008023F0070327
:10A3800001900292059349464046029AFDF732FA3F
:10A39000044618BB059B019A494640469A1AEDF7B8
:10A3A0009AFABAF1010A43D00499D8F80000EDF7FF
:10A3B00065FA0126C743D5F800B0B14512D84BEA7B
:10A3C000070303932F682B684B462E6803F1FF3B6E
:10A3D00083B9039A2B6817409F42D4D0204609B016
:10A3E000BDE8F08F58F82600EDF7C7F901364BEAC3
:10A3F000000BE2E7009B53F82B2058F82B30104657
:10A40000194607930692EDF739FA079B069A064319
:10A4100011461846EDF732FA20EA06031F430643B9
:10A420005B46D3E76FF00304D8E76FF00F04D5E77E
:10A430006FF00D04D2E700BFB00B00202DE9F04F04
:10A4400001230024ADF50B7D2020CDE91243CDE999
:10A450001443CDE9164301F0EFFC0790002800F00B
:10A460006D86202001F0E8FC0590002800F062864F
:10A470002AAE3046ECF7C9FE4FF4804361AD284662
:10A4800061932B9FECF7C9FEA14B30462A93619B49
:10A4900038942C939F4B0DF1E0092D93FEF7C8F8EB
:10A4A0008346002834D117F0FF0849460CBF2846E0
:10A4B0002046EFF7EEFF834650BB0FCE389CA446F4
:10A4C000ACE80F0096E803008CE80300B8F1000F39
:10A4D00001D1619B6361636A83B1D4E908676368F2
:10A4E0001B0A06932FD06FF0860B206A10B1616AA9
:10A4F000EDF7E6FA0022C4E9082209E03F0A40F03D
:10A50000C68120212046EFF7EBFA83460028E4D0ED
:10A51000389808B1EFF72AFB5846ECF7CBFE0690C7
:10A5200020210798EDF7C2FA05982021EDF7BEFA31
:10A53000059801F089FC079801F086FC06980DF556
:10A540000B7DBDE8F08F23885A0440F1AC80002ECB
:10A55000C9D0002FC7D0628808920732072A4FEA75
:10A56000D20800F0A08003F4E043B3F5804F00F080
:10A570009A802022069950A809F0B2FA4146204656
:10A5800050AAFBF7D9FD8346002840F0DF854745F8
:10A5900002D26FF08C0BA8E7509B01462822284678
:10A5A000DDF84CA1099309F09BFA28460BF037FC23
:10A5B00010B16FF0920B98E74FF00072FD1C0DF593
:10A5C000807925F00305494650A8CDF888B1CDE93A
:10A5D00054656192CDF88CB1CDF8A4B1FBF755F874
:10A5E00000287FD1409961A80BF023FC0122199229
:10A5F0004FF0005218A961A81A92FBF7FEF81BA9A8
:10A6000050A8FBF7D4F8002841D161A81BA90BF092
:10A6100068FC61A80BF036FC002838D1BAF1000FB5
:10A6200019D1099BB3F1805F15D2494650A8CDF8E6
:10A6300000A1CDF84CA1FAF774FF002852D1409840
:10A64000830708D085424DD32A1A514602F00302EF
:10A65000304409F045FA6268120A04D13146089A7A
:10A660002088FEF735F8002162686162120A10D175
:10A67000228822F0FF01B1F5824F05D1413AD2B2D2
:10A68000012A88BF08F10108C4F8248003E04828A3
:10A6900028D16FF0850B61A80BF0C1FB002888D191
:10A6A0001BF1860F0DD1238803F4E042B2F5805FE1
:10A6B00002D0B2F5005F18D139463046EFF7ECFA18
:10A6C0008346BBF1000F7FF410AF2379002B40F0DD
:10A6D000C280277E6369012F089300F0C6806FF067
:10A6E000960B15E76FF0920BD5E703F44F41B1F5E8
:10A6F000824F09D1B2F5E04F06D1DBB2122B62884E
:10A700000AD0412B00F088806FF0850BEDE600BF8A
:10A710004171FF0000000209B2F5807FF4D10321EE
:10A720000023012561A8CDE96353CDE96553CDE947
:10A730006753CDE96953CDE96B53CDE96D53CDE94D
:10A740006F53CDE97133CDE97333CDE97533CDE97D
:10A750007733CDE97935CDE97B35CDE97D35CDE967
:10A760007F358DF884316293EEF7E4FF02460028CE
:10A7700043D161A8EDF702F90228804659D1DDF8EE
:10A78000C49179A84FEAD90AAA441AF0030118BF64
:10A79000294601EB9A01EDF781FA002856D152467D
:10A7A000BDF8EA117998FDF725F8024628BBC9EBF8
:10A7B000CA01013979A8EDF7C6F80246E8B92A4678
:10A7C000494679A8EDF760FB0246B0B9014679A881
:10A7D000EDF75AFB024680B9294679A8EDF754FBFC
:10A7E000024650B9B9F1FE0F1BD032463B4604F188
:10A7F000240161A8EDF72EF9024661A80892EEF750
:10A8000059FF79A8EDF767F97BA8EDF77FF9089A6A
:10A810001046EFF72BF853E7FF2A7FF475AF0921B5
:10A820007EE7414679A8EDF72FFB0246002ADCD0EF
:10A83000E3E701280DD101466EAA79A8FFF777FD5D
:10A8400010F10E0F0246F1D1B44AD6E76FF00F02B5
:10A85000D3E7B34AD1E72046D4E90812F3F705FF5E
:10A86000834600283FF435AF52E6022323760023C7
:10A87000AC4A0FAC136021461A460898EFF743F92B
:10A88000054638B10898EFF791F9284645E66FF08C
:10A89000860B3DE625682B88590406D569682A6A27
:10A8A000090AD5F824B00A920BD06FF086040F98ED
:10A8B000F3F7A0FE0FAE0546002C00F0918125466F
:10A8C000E0E703F4E043B3F5804F2AD1288800F491
:10A8D000E043B3F5804F20F4405244F2010340F0CE
:10A8E00059819A4208D000F44F43B3F5824F03D008
:10A8F000B3F5844F40F05081BBF1200F00F2A480EB
:10A90000894B5A4618460A9909F04EFA0021CBF1B4
:10A910002002584409F0E4F8824B0024C3F800B048
:10A92000C5E70A9B002BC0D0BBF1000FBDD030AEF5
:10A930002022304609F0D4F833465A4628460A9970
:10A94000FBF764FC0446002840F0E3802B8803F406
:10A950004F4ABAF5824F62D1413BDBB2012B94BF23
:10A96000002301230993B4464FF02009BCE80F00EF
:10A9700038AF0FC79CE80F0087E80F00B36840228C
:10A98000002161A840AF0D93D6F80C8009F0A8F81B
:10A990004A460021384609F0A3F86B88BAF5824F81
:10A9A00003F107034FEAD3030B933AD15B4213F051
:10A9B000030A36D0B8F1000F12D10B9B9B45FFF470
:10A9C00074AF52464146384609F08AF8DDE90A126A
:10A9D00007EB0A0009F0E8F9C6E90387C6F8149006
:10A9E0004FF0400961AB0C9300220D9B38AF23F070
:10A9F000807323F4804343F40053C7E902320C9B75
:10AA00000DF1400841463846C7E90439C8F800202E
:10AA1000FAF7A8FD014668B16FF0920447E709977D
:10AA2000A1E7414B099A4FF0000A13444FF0200967
:10AA30000C93D9E7D8F80060099B1E44A6EB4A06A0
:10AA4000202EC8F8006002D96FF089042FE7282271
:10AA500050A809F045F850A80BF0E1F90028DBD127
:10AA6000012339461A4630A8FAF7AEFD002862D114
:10AA70000D9B13F4C04F5ED02C4B0DF19C085190F0
:10AA800058905290414630A85093FAF7FEFD0028A6
:10AA900051D1279950A80BF0CCF901234FF0005267
:10AAA0001EA950A81F932092FAF7A7FE21A930A84B
:10AAB000FAF77DFE002840F0458321A950A8FAF757
:10AAC0009CFE384611A9FAF74DFD002833D1119AA2
:10AAD0004A4530D801230C9942F00052279124AF07
:10AAE0002893299298E8070087E80700394650A87C
:10AAF0000BF0F7F9032750A80BF0C4F9012817D180
:10AB0000013FF8D16FF08B0450A80BF088F90028B2
:10AB100082D114F1860F7FF4CAAED7E600B3FFFFEF
:10AB200080B0FFFF00400020B819002000000102A3
:10AB300020B148282BD06FF09204E5E7BAF1000F5E
:10AB40001DD0099A524BA6EB02094FEA5909C9F1E7
:10AB50000007134407F003070DF5C2784A4618466C
:10AB600008EB070109F020F909EB470141444A4687
:10AB7000484409F019F90B9940A8FAF7CFFC099B52
:10AB800013B10422434B1A72434B1E60BCE76FF0B3
:10AB90008504B9E79A4220D000F44F43B3F5824FC1
:10ABA0001BD10023619361AB69880A9A00935B46CD
:10ABB000FDF708F9044600287FF479AE619D202254
:10ABC000354B33492846EFF7B5F804462846EEF7EB
:10ABD000A1FD28460AF0E0FD69E66FF0850466E60F
:10ABE00000287FF44FAE2022294914A8EDF770F811
:10ABF0002022274914A8ECF700FE2022274912A89A
:10AC0000EDF79BF82022254912A8ECF7C3FD4FF47D
:10AC100080423146224B08983460EEF774FF0746B5
:10AC200078BB35682B8823F0FF03B3F5E24F02D0E1
:10AC3000B3F5E44F05D16B880733B3F5847F80F01B
:10AC40001C82D5E908986C68240A40F019820EAB82
:10AC500003932023059A0293CDE9003249464246E8
:10AC600028460E4BFCF756FC10F1860F074640F0C5
:10AC70000681288820F0FF03B3F5E24F12D06FF071
:10AC8000860720210598EFF707F820230E93F9E0B7
:10AC9000B8190020B019002000400020D819002069
:10ACA0000000020910AE698843464A460096109497
:10ACB000FDF788F807460028E3D1109E11AD3378E0
:10ACC0002C60032B00F0EC80092B00F0ED80274670
:10ACD000A422002161A808F003FF47F4824020234A
:10ACE0002146914A0095FDF76DF8D5F8008007469A
:10ACF000002840F09C809DF8853198F80010002BCA
:10AD000040F0D580012262A8CDE96332CDE96532F9
:10AD1000CDE96732CDE96932CDE96B32CDE96D32EB
:10AD2000CDE96F32CDE97133CDE97333CDE97533B8
:10AD3000CDE97733CDE97933CDE97B23CDE97D23A7
:10AD40008DF884318DF886218DF885118DF8883144
:10AD5000CDE97F23CDE98123CDE98323CDE9852387
:10AD6000CDE987238992EEF7E5FC002840F0A98021
:10AD70009DF88631012B00F09E806C48EEF776FD41
:10AD80000746002853D19DF885313178002B40F0DB
:10AD90009A80012262A8CDE96332CDE96532CDE91E
:10ADA0006732CDE96932CDE96B32CDE96D32CDE95B
:10ADB0006F32CDE97133CDE97333CDE97533CDE928
:10ADC0007733CDE97933CDE97B23CDE97D238DF848
:10ADD00084318DF886218DF885118DF88831CDE983
:10ADE0007F23CDE98123CDE98323CDE98523CDE9F7
:10ADF00087238992EEF79EFC002874D19DF8863156
:10AE0000012B63D04948EEF731FD074678B99DF82C
:10AE10008631012B69D04548EEF728FD074630B949
:10AE20000E9B0734B3EBD40F05D06FF096072021AB
:10AE30000598ECF73BFE9DF88631012B0ED162A8F8
:10AE4000EEF738FC7AA8ECF746FE7CA8ECF751FE4A
:10AE500082A8ECF74EFE88A8ECF73DFE00234046A2
:10AE6000ADF884318DF88631EEF754FC40460AF097
:10AE700093FC3046EEF74EFC30460AF08DFC002F76
:10AE80007FF4FFAE0F98F3F7B5FB0446002F00F0F8
:10AE9000FA803C460898EEF789FE2046FFF73DBB56
:10AEA0004FF48074122713E7FF24412710E78B42E9
:10AEB0003FF45EAF61E708F1680182A8ECF7A4FFF8
:10AEC0005CE71B485AE78B4298D09BE706F1680184
:10AED0007CA8ECF799FF002895D106F160017AA8CB
:10AEE000ECF75CFF8FE712488DE7719B002B92D047
:10AEF0000146412250A89DF8885108F0F1FD4022FA
:10AF0000394640A808F0ECFD1822394638A808F068
:10AF1000E7FD6B1E082B0DD8DFE803F08B0C7B8060
:10AF2000830C0C0C860000BFD819002080B0FFFFF6
:10AF300080B1FFFF4FF0000A6FF0710755463846A9
:10AF4000FAF79AFD00287FF467AF4FF4804330AFE3
:10AF500038463093ECF761F9309B0AF107023A93D7
:10AF600005F48243B3F5824F4FEAD209099363D1C6
:10AF7000EBB2412B60D14A4640A97AA8CDF8C090E7
:10AF8000ECF708FC4A4650A982A8ECF703FC4F46B0
:10AF90004123ADF8E2A00DF5A07B0DF1C00AADF89C
:10AFA000E05038A84A46CDE901B340A95B46CDF848
:10AFB0000CA00097FCF7AEFAFAF75EFD00287FF4CC
:10AFC0002BAF05F48243B3F5824F5946309A88A8D7
:10AFD0004DD1EDB2412D4AD1ECF77AFE88A8ECF7BD
:10AFE00077FC0730B0F5847FBFF415AF719B62A882
:10AFF00013F0070518BF012505EBD3050E95ECF7F7
:10B00000BDFC02282A46059988A833D1ECF7C2FB7B
:10B0100002E74FF4807A47F2121590E74FF4C07AB6
:10B02000F9E740F2092AF6E74FF0FF0A47F2411527
:10B0300085E74FF0C00AEEE74FEA49074A4640A9C4
:10B0400001377AA83097ECF7D8FB04234A460DF273
:10B05000411182A88DF84031ECF7CFFB09F10101D5
:10B0600050AB4A46194484A8ECF7C7FB90E7ECF7CD
:10B0700064FEB3E7ECF7C1FBCEE66FF0890700E6AC
:10B080006FF08507FDE500287FF404AF20220599C5
:10B0900016A8ECF752FE40AD2022059916A8ECF751
:10B0A00079FB2B462021079A05984097FCF70CFB6B
:10B0B00004460898002C7FF4EEAE409D202D7FF4CE
:10B0C000EAAEEEF773FD044620B129460798ECF787
:10B0D000EDFCE2E6204E96F848301BB101230693C2
:10B0E000FFF71EBA012561A8ECF78FF850A8649706
:10B0F0005095ECF792F8509B079963934FF4844373
:10B100006693164B1022CDE9613561A850ABEFF77D
:10B1100001FA044610210798ECF7C8FC1CB986F820
:10B120004850FFF7FDB92046ECF7C4F8031E18BFDE
:10B130000123D4E719230693FFF7FDB919230693DA
:10B14000FFF7FCB901283FF4DDACF2E410F1860F03
:10B150007FF4CBA9FFF7A7BAB01900200110800037
:10B16000F7B5012300220546CDE900230E46021D56
:10B1700002216846FFF7DBF8044648BB06F11002DF
:10B180006B4611462846EDF798FE044600BB06F1D3
:10B1900008076B463A4639462846EDF78EFE0446C8
:10B1A000B0B96B466A4669462846EDF786FE044606
:10B1B00070B96B46324631462846EDF77EFE0446AE
:10B1C00030B96B463A4639462846EDF776FE0446D6
:10B1D0006846ECF780FC034814F10E0F18BF2046B8
:10B1E00003B0F0BD00B3FFFF0022012373B5064694
:10B1F000CDE900230D46021D02216846FFF797F8AE
:10B20000044678B96B462A4629463046EDF755FE86
:10B21000044638B905F110026B4611463046EDF789
:10B220004CFE04466846ECF756FC034814F10E0F3A
:10B2300018BF204602B070BD00B3FFFFF8B504464A
:10B240004518073549420D40A5F108063046EEF78E
:10B2500041FD6188331BA1EBE30125F8061CA088A2
:10B26000DA1000EBE30080B225F8040CA188D1B11C
:10B27000A4EBC1014F88C880D0194880E188C9B1CA
:10B280008A1A92B204EBC10125F8022C8A80A288A6
:10B290009AB911498A681344CA688B60934200D9ED
:10B2A000CB603046F8BD15F8081C41F0020105F8E6
:10B2B000081CE3E725F8021CE9E7A4EBC2042278A6
:10B2C000D207EED5044A91680B44D16893608B4253
:10B2D00088BFD360E5E700BF701900202DE9F04773
:10B2E000002390464A1C08BF0821C8F800300028F7
:10B2F00000F099804D4F7B68984280F09480073031
:10B3000020F00705EFF31189302383F311887E695C
:10B31000BEB133787288DB074FEAC20204D5F388E6
:10B320007BB106EBC306F4E79542F8D806F10803B3
:10B33000B3FBF1F001FB103353B12B449A42EED32F
:10B3400043B989F31188BFF36F8F1920BDE8F087E7
:10B350002B46F5E770883A69C3EBC000013A27280D
:10B360003A614ED99D4205F1080A45D03046FFF7B3
:10B3700065FF0446A2445046EEF7ACFC628805F136
:10B380000F01A2EBD102CB08AAF80220AAF80430E0
:10B39000E288002A32D0D31A9BB204EBC202AAF888
:10B3A00006309380ED086580BAF804300022E3800F
:10B3B00031465046FCF77CFFBB68FA68083393427D
:10B3C000BB6088BFFB60237843F0010323703B69B7
:10B3D00001333B616288BB68083403EBC203FA683F
:10B3E000BB60934288BFFB60C8F8004089F31188B6
:10B3F000BFF36F8F0020A9E73446BBE7AAF8062009
:10B40000D0E79D420DD03046FFF718FF0446237861
:10B41000012243F00103314620462370FCF748FF28
:10B42000D8E73446F3E7212090E700BF70190020E9
:10B43000002370B51646136089B180B101FB00F599
:10B440004FF0FF312846FFF749FF044628B930681E
:10B4500018B12A46214608F043FB204670BD21243E
:10B46000FBE702464FF0FF31102037E700F00CB841
:10B4700000F00AB800F008B800F006B800F004B810
:10B4800000F002B800F000B872B61EF0080F09D044
:10B490001EF0040F0DD0DFF850E0AEE8FF1F6FF094
:10B4A00002000CE0DFF840E0AEE8FF1F6FF00E0096
:10B4B00005E0DFF834E0AEE8FF1F6FF006006946F4
:10B4C000EFF309828EE8070086460848084C854558
:10B4D00001D3A54501D384F30888F3F7FDFD84F378
:10B4E0000888F3F7EBFD0000803D002048000020B5
:10B4F000C80A00201FB514461A46094B05461B68AA
:10B50000D8684CB1074B00910749CDE901342B466F
:10B5100000F0C6F808F0EFFA044B1C46F3E700BF52
:10B52000244000203D8302004A830200118602006D
:10B5300008B5064B044613B10021AFF30080044B5D
:10B540001B6803B198472046F8F703FA0000000093
:10B55000A8390020002310B5044683608181194674
:10B560004366C28108228361C0E90033C0E9043325
:10B570005C3008F0B5FA0D4B246263620C4BA36299
:10B580000C4BE3620C4B23630C4B9C4206D003F143
:10B590006802944202D0D0339C4205D104F1580095
:10B5A000BDE8104008F0A4BA10BD00BF593A02002F
:10B5B0007B3A0200B33A0200D93A02007038002008
:10B5C000024A0349034808F029BA00BF1840002086
:10B5D0003B3C02002840002041680C4B994210B5CA
:10B5E000044601D008F029FBA168094B994202D01A
:10B5F000204608F022FBE168064B994204D0204621
:10B60000BDE8104008F019BB10BD00BF7038002025
:10B61000D8380020403900200C4B04210C4A0D483A
:10B6200010B51A600022FFF795FF0A4B012209218D
:10B630001C4603F16800FFF78DFF022204F1D000E1
:10B640001221BDE81040FFF785BF00BFA8390020D8
:10B65000C1B5010070380020014808F04ABA00BFA7
:10B66000493D0020014808F045BA00BF493D00208F
:10B6700010B50446FFF7F0FF236A1BB1BDE8104088
:10B68000FFF7F0BF044B2362044B1B68002BF5D17E
:10B69000FFF7C2FFF2E700BFD9B50100A8390020CB
:10B6A0000EB403B503AB0146054853F8042B0068FC
:10B6B000019300F071F802B05DF804EB03B070473D
:10B6C0002440002038B50023054D044608462B6071
:10B6D000F8F73CF9431C02D12B6803B1236038BD55
:10B6E000AC39002038B50446064D08461146002204
:10B6F0002A601A46F8F737F9431C02D12B6803B1C8
:10B70000236038BDAC39002038B50446064D0846E4
:10B71000114600222A601A46F8F727F9431C02D185
:10B720002B6803B1236038BDAC39002038B504461E
:10B73000064D0846114600222A601A46F8F717F906
:10B74000431C02D12B6803B1236038BDAC39002003
:10B7500070B50D4B00260D4D5B1B9C10A64209D108
:10B760000B4D0AF02DFC0B4B00265B1B9C10A642D8
:10B7700005D170BD55F8043B01369847EEE755F802
:10B78000043B01369847F2E7C4400020C040002047
:10B79000C4400020C84000202DE9F04F0D469DB068
:10B7A00014469846064618B1036A0BB9FFF760FFC6
:10B7B0006B6ED90705D4AB899A0502D4A86D08F041
:10B7C00098F9AB891B0701D52B699BB929463046EF
:10B7D00000F09AFA70B16B6EDC0704D54FF0FF30C1
:10B7E0001DB0BDE8F08FAB899805F7D4A86D08F0BF
:10B7F00081F9F3E70023CDF80C804FF00109DFF861
:10B80000B481099320238DF8293030238DF82A3014
:10B8100023469A4613F8012B0AB1252AF9D1BAEB2F
:10B82000040B0BD05B4622462946304608F081F9CE
:10B83000013000F0A780099A5A4409929AF8003022
:10B84000002B00F09F8000234FF0FF320AF1010A25
:10B85000049307938DF853301A93CDE9052354468A
:10B860000522544814F8011B08F090FA049AD8B93C
:10B87000D10644BF20238DF85330130744BF2B2338
:10B880008DF853309AF800302A2B15D0079A544679
:10B8900000204FF00A0C214611F8013B303B092BE8
:10B8A0004BD9B0B1079214E0A0EB0803A24609FA05
:10B8B00003F313430493D2E7039B191D1B68002B6A
:10B8C0000391BBBF5B4242F0020207930793B8BFEC
:10B8D000049223782E2B0AD163782A2B32D1039B32
:10B8E00002341A1D1B6843EAE37303920593DFF8E1
:10B8F000D4A003222178504608F048FA38B1A0EBD2
:10B900000A004022049B013482401343049314F83C
:10B91000011B062228488DF8281008F037FA002865
:10B920003FD0264B1BBB039B073323F00703083391
:10B930000393099B3B4409936AE70CFB02320C46D4
:10B940000120A8E7002301344FF00A0C19460593A3
:10B95000204610F8012B303A092A03D9002BC6D013
:10B960000591C4E70CFB012104460123F0E703AB7A
:10B970002A4604A930460093114BAFF300800746D6
:10B98000781CD6D16B6ED90705D4AB899A0502D441
:10B99000A86D08F0AFF8AB895B063FF51FAF0998BB
:10B9A0001EE703AB2A4604A930460093044B00F07F
:10B9B0000BF8E4E7798302008383020000000000B3
:10B9C000333B02007F8302002DE9FF470F7E914643
:10B9D00080460C46782F9A460C9E01F1430207D808
:10B9E000622F0AD8002F00F0D280582F00F0B780C5
:10B9F00004F1420684F842703AE0A7F16303152B84
:10BA0000F6D801A151F823F061BA010075BA01001E
:10BA1000F1B90100F1B90100F1B90100F1B901007A
:10BA200075BA0100F1B90100F1B90100F1B90100E5
:10BA3000F1B9010075BB01009FBA01002BBB0100E9
:10BA4000F1B90100F1B9010097BB0100F1B90100A2
:10BA50009FBA0100F1B90100F1B9010033BB010047
:10BA600033681A1D1B68326004F1420684F84230C4
:10BA700001239DE033682068191D3160060601D559
:10BA80001D6803E04506FBD5B3F90050002D03DA2D
:10BA90002D236D4284F8433059480A2310E0216871
:10BAA0003368080653F8045B02D4490648BFADB2B8
:10BAB0006F2F5348336059D10823002184F8431075
:10BAC0006668002EA66005DB21682E4321F0040184
:10BAD00021604DD01646B5FBF3F103FB1157C75D4E
:10BAE00006F8017D2F460D46BB42F4D9082B0BD139
:10BAF0002368DF0708D5236961689942DEBF3023D8
:10BB000006F8013C06F1FF36921B22614B4603AA60
:10BB100021464046CDF800A008F01DF801304CD178
:10BB20004FF0FF3004B0BDE8F087236843F02003F6
:10BB3000236078273348236884F845701F063168EE
:10BB400051F8045B02D45F0648BFADB23160D9073B
:10BB500044BF43F0200323601DB11023ADE7284804
:10BB6000E9E7236823F020032360F6E70A23A4E72C
:10BB70001646BBE733682568181D616930602E06DC
:10BB80001B6801D5196002E06806FBD51980002307
:10BB900016462361BAE7336800211A1D32601E6819
:10BBA0006268304608F0F2F808B1801B6060636894
:10BBB0002361002384F84330A8E7236932464946CD
:10BBC0004046D0470130ABD023689B0713D4E068D0
:10BBD000039B9842B8BF1846A4E701233246494662
:10BBE0004046D04701309BD00135E36803995B1A8A
:10BBF000AB42F2DCEBE7002504F11906F5E700BFE4
:10BC00008A8302009B830200B1F90C202DE9F041E8
:10BC1000160705460C4651D44B68002B02DC0B6C12
:10BC2000002B49DDE66A002E46D0002312F4805234
:10BC30002F682B6031D0626DA389590705D56368E1
:10BC4000D21A636B0BB1236CD21A0023E66A216A05
:10BC50002846B047421CB4F90C3006D129681D298A
:10BC600045D8284ACA40D60741D50022D904626087
:10BC70002269226004D5421C01D12B6803B960659A
:10BC8000616B2F60C1B104F14403994202D0284690
:10BC9000FAF72EFC002363630EE00123216A284695
:10BCA000B0470246501CC7D12B68002BC4D01D2BB7
:10BCB00001D0162B19D12F6000201DE00F69002F35
:10BCC000FAD093070E680F600CBF4B690023A6EBF8
:10BCD00007088B60B8F1000FEEDD43463A46216A53
:10BCE0002846A66AB047002808DCB4F90C3043F0B7
:10BCF00040034FF0FF30A381BDE8F0810744A8EB7B
:10BD00000008E7E70100402038B5284B05460C46FF
:10BD1000186818B1036A0BB9FFF7AAFCB4F90C3024
:10BD20001A0721D4D80607D409222A6043F0400319
:10BD30004FF0FF30A38130E0590712D5616B41B15C
:10BD400004F14403994202D02846FAF7D1FB0023BC
:10BD500063630022B4F90C30626023F0240322698B
:10BD6000226043F00803A38122693AB99A0501D5FC
:10BD7000180603D52146284608F047F8B4F90C30D8
:10BD800013F001020AD00022A26062695242A2614D
:10BD9000226942B913F08000C8D138BD990758BF55
:10BDA0006269A260F4E70020F7E700BF24400020AA
:10BDB000024B0146186807F0BFBF00BF24400020B7
:10BDC00038B50023064D0446084611462B60F7F7A8
:10BDD000C7FD431C02D12B6803B1236038BD00BFEF
:10BDE000AC39002038B50023064D044608461146FC
:10BDF0002B60F7F7AFFD431C02D12B6803B1236022
:10BE000038BD00BFAC39002038B50023054D0446CD
:10BE100008462B60F7F7A2FD431C02D12B6803B143
:10BE2000236038BDAC390020024B0A460146186831
:10BE3000FAF761BB24400020024B01461868FAF76C
:10BE40004ABB00BF24400020024B01461868FAF7A5
:10BE50004FBB00BF244000200CB4194B30B50C1E62
:10BE60009DB01D6808DA8B234FF0FF302B601DB0AA
:10BE7000BDE8304002B070474FF402730290069064
:10BE800002A9ADF814304FF00003209A28461B9306
:10BE900014BF04F1FF332346049307934FF6FF7357
:10BEA000ADF8163021AB019300F01AF8431CBCBF6B
:10BEB0008B232B60002CDAD0029B00221A70D6E76D
:10BEC0002440002007B5009313460A460146034864
:10BED000006807F0D3FF03B05DF804FB24400020A6
:10BEE0002DE9F04F98468B899DB007461B060D46FD
:10BEF000144610D50B6973B94021FAF7ECFA2860A3
:10BF0000286130B90C233B604FF0FF301DB0BDE815
:10BF1000F08F40236B610023CDF80C804FF00109B6
:10BF2000DFF8A081099320238DF8293030238DF884
:10BF30002A3023469A4613F8012B0AB1252AF9D153
:10BF4000BAEB040B0BD05B4622462946384607F075
:10BF5000DDFF013000F0A780099A5A4409929AF84F
:10BF60000030002B00F09F8000234FF0FF320AF1D9
:10BF7000010A049307938DF853301A93CDE90523F2
:10BF8000544605224F4814F8011B07F0FFFE049A9F
:10BF9000D8B9D00644BF20238DF85330110744BFD1
:10BFA0002B238DF853309AF800302A2B15D0079A9E
:10BFB000544600204FF00A0C214611F8013B303B5B
:10BFC000092B4BD9B0B1079214E0A0EB0803A246AD
:10BFD00009FA03F313430493D2E7039B191D1B686B
:10BFE000002B0391BBBF5B4242F002020793079311
:10BFF000B8BF049223782E2B0AD163782A2B32D132
:10C00000039B02341A1D1B6843EAE37303920593F2
:10C01000DFF8C0A003222178504607F0B7FE38B100
:10C02000A0EB0A004022049B013482401343049396
:10C0300014F8011B062224488DF8281007F0A6FEEC
:10C04000002836D0214B1BBB039B073323F007038B
:10C0500008330393099B334409936AE70CFB0232CC
:10C060000C460120A8E7002301344FF00A0C1946C2
:10C070000593204610F8012B303A092A03D9002BEA
:10C08000C6D00591C4E70CFB012104460123F0E76B
:10C0900003AB2A4604A9384600930D4BAFF300804A
:10C0A000421C0646D6D1AB895B063FF52DAF0998F9
:10C0B0002CE703AB2A4604A938460093044BFFF74C
:10C0C00083FCEDE779830200838302000000000017
:10C0D0000D3F02007F830200014807F0CABF00BF86
:10C0E000690345EC1046044A1368591E033102D80F
:10C0F000002111601847704774400020034B1868F6
:10C10000034B002808BF1846704700BFB039002015
:10C1100070890200014808F079B900BFB8390020E1
:10C1200013B50B4C0229226005D10A4808F06EF9BC
:10C13000002002B010BD0A4600930146064B054898
:10C1400008F045F9003818BF01204000F1E700BFB2
:10C1500074400020B8390020E5C00100014808F013
:10C1600066B900BFB83900200021014808F081B944
:10C17000B839002008B5064B1B68013305D0FFF71E
:10C18000EDFF80F00100C0B208BD0020FCE700BF59
:10C19000744000202DE9F843DFF860900646D9F896
:10C1A000008008461746B8F1000F03D00E24204641
:10C1B000BDE8F88306B3336801331DD1E1B100F067
:10C1C00075F805460028F1D0C9F8000000F0DAF84B
:10C1D000284607F058FF044640B14046C9F80080A1
:10C1E00000F0D0F8284607F046FFE0E73560002F62
:10C1F000DDD02846B847DAE72124D8E7B439002053
:10C20000024B1868003818BF01207047B43900206D
:10C2100038B50C4601F0EEFDA3780B4A13705A1E98
:10C2200055425541A8420CD0012B04D02846BDE808
:10C23000384001F0C7BD204601F0B4FD0028F5D01C
:10C2400038BD0020FCE700BF4A3D0020002108B5B2
:10C25000024B08465B689847002008BD90400020CC
:10C2600010B5FFF74BFF0D4B0C461A1A53425341C2
:10C270008B4201D1002010BD094B1B683BB9094A14
:10C28000064B002C08BF1346074A1360F2E708F07C
:10C2900012FA0028F3D00220EDE700BF488902001F
:10C2A000B439002070890200B0390020F8B5044686
:10C2B00009F079FD002607460E4B1B6893B19E6876
:10C2C000AEB196F82420D20711D435460FCC0FC555
:10C2D0000FCC0FC523682B6096F8243043F0010380
:10C2E00086F82430384609F059FD3046F8BD1B6801
:10C2F000E4E700BF84400020431E033306D8044B0C
:10C30000984228BF1846642838BF6420704700BF91
:10C3100040420F0038B5184B05461B680C4603B168
:10C32000984744B1236833B11B68013303D0E368F5
:10C330000BB1A36843B908F071FC002091224121A0
:10C3400000F0CCFA212038BD204603F069FA002322
:10C350000A4A85F84831C5E93A4313605360636976
:10C3600043B1074A42211068B322C31A58425841C8
:10C3700000F0B4FA0020E6E70C3C002078400020F2
:10C38000703C002010B5044618B9054B054A1360EF
:10C3900010BD00F08FFDD4F8F430002BF6D1F4E797
:10C3A0004741020088400020084B10B4002A14BF07
:10C3B00014461C46064B1C6019B15DF8044B07F08F
:10C3C000CFBE08465DF8044B704700BF47410200EE
:10C3D0008840002008B502460868FFF78DFF086016
:10C3E0004868FFF789FF48608868FFF785FF886025
:10C3F000C868FFF781FF0B69C860581C03D00B4861
:10C40000834228BF03460B614B69581C03D0074881
:10C41000834228BF034688694B61FFF76DFFBDE883
:10C4200008408861104601F049BC00BF40420F003F
:10C43000D0F8EC302DE9F04105460C4613B1C38D20
:10C440008B424ED0D5F8E830002B4DD09E68002EA0
:10C450004AD0D868002847D0013800B200281DDB38
:10C46000002107E0128A0CF10101A24219D209B29F
:10C47000884213DB0B1803EBD3735B1003EBC3028F
:10C4800006EB8202B2F80EE01FFA83FCA6450CF11F
:10C49000FF3EE7D90FFA8EF08842EBDA2120BDE8A3
:10C4A000F0814FF6FF729445F8D09BB203EBC303C3
:10C4B00006EB83062846B6F9122095F83C11D5F80C
:10C4C000FC80FAF783FC0746B8F1000F04D0002384
:10C4D000324628461946C047EC85C5F8EC6085F819
:10C4E00045710020BDE8F0810E20BDE8F08100BF5D
:10C4F0002DE9F04782B004460E46904601F080FCDC
:10C50000002877D15D4D2F68D4F8E8A0D4F8EC90DE
:10C510001FB1574500F090800027AE6002F0BCF8D4
:10C520000128064604D001210022084607F0DAFD62
:10C53000204608F04AFA002860D12B68DAF800108B
:10C54000D9F800201BB11868884200F0818020468D
:10C5500008F00CFAB7B1B8F1000F13D1204601F082
:10C56000C7FE0546D4F89830002B3CD1012E05D0EB
:10C5700025B1434B002103205B689847284602B051
:10C58000BDE8F0873F4BC5F800A01A78C5F80490C5
:10C590008DF80780002A40D1D4F8FC50002D5FD0E0
:10C5A000114620460DF10703A847204601F0A0FEE2
:10C5B000054617B1B8F1000FD4D0B5FA85F040F2B6
:10C5C00005423321400900F089F94146204601F037
:10C5D00073FF2D4B49461B68054620469847D4F803
:10C5E0009830002BC2D000224FF40073204600F098
:10C5F00071FCBBE70023214D6B6084E794F8253084
:10C60000DA079AD5D4F8A0305B0596D51F4B0122E6
:10C61000002120461B6898478FE7D4F8EC30B4F926
:10C62000461023B1B3F912309942A8BF19464246C9
:10C63000204601F0A9FDB8E76F68002F3FF46DAF09
:10C640004F457FF469AFAB68B34215D0012764E76B
:10C65000696819B1096891423FF47CAF596876E77F
:10C6600094F82A1094F845314246994228BF194659
:10C67000204601F04FFD98E700257FE77840002035
:10C68000904000203C83020088400020103C0020A5
:10C69000F8B505460E4609F086FB314607462846A2
:10C6A000FFF7C6FE044620B1384609F077FB204666
:10C6B000F8BD01F0CDFF224631462846FFF718FFAE
:10C6C00004460028F0D1284608F07FF90028EBD076
:10C6D00095F8253013F001030DD0D5F8A0205205B0
:10C6E0000DD5B5F83621B24205D0B5F838319B1BCF
:10C6F000B3FA83F35B09034A82F8C430D4E72346D4
:10C70000F9E700BF001E00B070B504460E4609F000
:10C710004AFB314605462046FFF7BAFF044620B9DA
:10C72000044B01465B6803209847284609F036FB16
:10C73000204670BD9040002070B5044600200D4694
:10C7400008F070FA094B1B784BB9D4F8FC6036B18D
:10C7500029462046B446BDE870401A46604729463F
:10C760002046BDE8704008F0F0B800BF3C830200EE
:10C7700013B56946044607F085FD0C4B1B783BB1A9
:10C780009DF800300D2B03D0B4F94C0002B010BD61
:10C79000204607F0D1FFFF28024605D020469DF82D
:10C7A0000010FAF715FBF1E70148EFE73C830200C0
:10C7B0000080FFFF30B4064DBDF908402D781DB153
:10C7C000029430BC08F0C4B80E2030BC704700BFE3
:10C7D000533D00202DE9FF4106460D4690460AB91B
:10C7E000D0F898804146304607F05CFD18F0010F04
:10C7F00002D0304605F07EFB02F0FEFC244B0446DE
:10C800000FCB6F468DE80F006DB1FF2C0DBF2B686D
:10C8100004AB55F8242000930BBF6B6803EB840333
:10C82000019343F8102C18F4803F17D12246394663
:10C83000304608F069F970B96DB1FF2C0FBF009B4D
:10C8400004AB03EB840353F8103C05BF2B60019B42
:10C8500045F824306B6004B0BDE8F081FF2C0BD1AB
:10C86000009B01330ED0019B01330BD02246394689
:10C87000304608F067F9DEE704AB03EB840353F8B6
:10C88000103CF1E722463946304607F0DBFBD2E7A1
:10C89000A489020008B50B460249194007F0F4FCD0
:10C8A000002008BD07001100024B1860024B196000
:10C8B000FEE700BFD03B00208C40002038B5044D7F
:10C8C000044C054B286021601A60FFF7EDFF38BD6E
:10C8D000D03B00208C400020D43B002010B550B944
:10C8E0000548064B0160064802601868054B186051
:10C8F0001868FFF7E3FF10BD8C400020B43900201A
:10C90000D43B0020D03B0020054B1B680BB91846D8
:10C910007047834201D01B69F8E70120704700BFD0
:10C92000DC3B002018B10A4B1A680AB91046704760
:10C930001A68824207D1026901201A60054A136809
:10C94000013B1360704702F110031269EDE700BF6D
:10C95000DC3B0020D83B00202DE9F74F064609F0CC
:10C960002BFADFF82081012398F800B0DFF8189146
:10C970000190BBF1000F06D089F8003003B0BDE88C
:10C98000F04F09F014BA3D4F88F8003089F800B034
:10C9900007F0A3FD08B107F09EFD3D6838495DB979
:10C9A000DFF8E8A0DAF800200024AA423B682ED87D
:10C9B0004FF0FF31324838E06B7D8BB12B68B342CA
:10C9C00002D09A1B8A420BD96A6813442B60AB6869
:10C9D000003A18BF0122003B18BF01236A75AB75EE
:10C9E0002D69DCE7907D20B1107D88429CBF014617
:10C9F00014461269002AF5D1002CD9D094E80B0016
:10CA0000A275411AE268204698470135CAE71A46DE
:10CA1000FF21EFE75A7D3AB11A68B24228D0921B43
:10CA2000824225D8914226D21B69002BF2D15CB1FB
:10CA30002046FFF777FF38B13B683C602361DAF8A6
:10CA400000300133CAF800303B685C7D1CB11868C7
:10CA500000F0DEF8044607F03CFD0646002C95D1B8
:10CA600099F80030002B91D1019888F8004085E7B3
:10CA70001C460021D8E711461C46D5E7DC3B0020C8
:10CA8000FCFFFFBF4C3D00204B3D0020D83B002069
:10CA900038B5054610B31822002107F021F809F037
:10CAA0008BF902462846FFF72FFF20B1104609F008
:10CAB0007EF9022038BD0A4B1C6854B909491D6033
:10CAC0000B68104601332C610B6009F070F92046A9
:10CAD000F0E719680C6901F11003EEE72120E9E79E
:10CAE000DC3B0020D83B002038B50446FFF70CFFA4
:10CAF00009F062F905462046FFF706FF637D23B97A
:10CB0000284609F054F90E2038BD00236375064B02
:10CB10001B68A34203D107F0DCFCFFF71DFF28468A
:10CB200009F045F90020EFE7DC3B00202DE9F84F44
:10CB3000DDF82890984604460D469246FFF7E4FE3D
:10CB4000DDF830B009F038F9074607F0C2FC0646B8
:10CB50002046FFF7D9FE637D23B12046FFF7C4FFCF
:10CB60000023A375BAF1010F21D175B9B8F1000FF7
:10CB70001FD1B9F1000F03D05A4631462046C847AD
:10CB8000384609F014F9002017E035440C4BAA1B75
:10CB90009A420ED8012363759DF82C30304684E804
:10CBA00020032375C4F80CB0FFF7D6FEE8E7AE42C9
:10CBB000ECD1384609F0FBF82120BDE8F88F00BF22
:10CBC000FCFFFFBF2DE9F04107468846FFF79CFEBA
:10CBD00009F0F2F83D68064607F07BFC7B7D7BB1EF
:10CBE00085420DD0094B2C1A9C4209D8304609F0D9
:10CBF000DEF8B8F1010F08BF25462846BDE8F081F0
:10CC0000304609F0D4F80025F7E700BFFCFFFFBF6E
:10CC10000023024A194600F047BA00BF9D440200B3
:10CC20002DE9F0418AB001AB0C4605462422184696
:10CC3000134907F0B9F80027002C08BF044638460E
:10CC400004F10C0690B95FFA87F84246284621881D
:10CC500007F0BEFE50B942462846E18807F0C9FEFB
:10CC600020B942463146284607F0D6FE0137032F49
:10CC700006F1080604F10204E4D10AB0BDE8F0812F
:10CC8000D8890200F0B589B005460E4607F0DCFEF3
:10CC9000044600BB01AC06F10C070FCF0FC497E8A8
:10CCA000070084E8070001A92846FFF793FB284600
:10CCB000311D07F009FB044648B92846074900F032
:10CCC00053FF044618B9284602F01EF804462846C9
:10CCD0003168FFF7A5FF204609B0F0BDD0890200FA
:10CCE000024BD868C0F30360704700BF000002B871
:10CCF0002DE9FF478F7881460F2F0C4603D921205D
:10CD000004B0BDE8F08727B901223D4B00201A701E
:10CD1000F6E70E784D78002E3DD1002DEFD1AE42D2
:10CD2000E088B24638BFAA4603F00EFDC30943EAC5
:10CD30004163C01A61EBD11103F03AFDFF28804630
:10CD4000DDD0A08803F0A8FD2E4B354301461A889C
:10CD50004FF60400002D4AD1824208D12A48006EC5
:10CD600080B290420ABF4FF6050218801A80B1F5D2
:10CD7000803F254B14D902224FF0080A1A66802200
:10CD800056464908C3F880204FF6FF73013999428F
:10CD900028BF19460EE0082EB1D8082DAFD8BEE73F
:10CDA00001224FF0080A1A6680225646C3F88020F6
:10CDB0000029E9D1002302930123013FFFB2009330
:10CDC00032465346019709F5827003F0E7FB1DB91F
:10CDD0004FF480120D4B5A65404694F9031003F04E
:10CDE00003FDA2680A4B1A600222054B8EE78242BD
:10CDF0001EBFDFF814C0CCF860201880D8E700BF51
:10CE00004D3D0020AC40002000C001B800D001B86A
:10CE1000EC3B002010B5054C237823B104F096FBC1
:10CE20000020207010BD0E20FCE700BF4F3D002009
:10CE300008B504F075FB0122014B00201A7008BDF3
:10CE40004F3D0020F8B504460F46164608F0ABFFEC
:10CE50000546A047044620B1284608F09FFF20461B
:10CE6000F8BD06F06FFA04220549D1F8D83E23EA4E
:10CE700007033343C1F8D83E024B1A67ECE700BF03
:10CE8000001000B0002002B800F01803182B0AD0E0
:10CE900003070AD410F0100F40F2011308BF00235B
:10CEA000034A136570470023FAE70123F8E700BF40
:10CEB000001F00B038B10368044A002B08BF1346B6
:10CEC000034A13607047014BFAE700BFB145020007
:10CED000A040002010B4D0E9564122400B4052EA55
:10CEE000030104D003495DF8044B096808475DF865
:10CEF000044B7047A04000200F2938B505460C466A
:10CF00000ED801F0C9FB01280CD1074A2846D36B83
:10CF100023F00F032343D36307F0E7FD002038BD60
:10CF20002120FCE70220FAE7001F00B008B50E4BF5
:10CF30001A6F12F0A00F13D15B6F5B0712D40B4B6B
:10CF4000D3F8D83E23F07F4323F0FF0353B1FFF71C
:10CF5000C7FE6FF4905343FA00F000F0010008BDE3
:10CF60000020FCE70120FAE7000002B8001000B042
:10CF700070B50D46064620B91A4B1B68EBB10E2062
:10CF80001AE001F089FB012827D1174BD6F8F000F1
:10CF900093F9004007F0A6FC0022C4F11C04241AF7
:10CFA000641BC4F11C03002BB8BF5B42232B16DCAF
:10CFB0003AB10D4B1D70002070BD0122C1F11C045F
:10CFC000EFE786F8285008F0EEFE054660B200F064
:10CFD000FFFF284608F0E2FEEDE70220ECE7212003
:10CFE000EAE700BFB43900204E3D002010B50446EA
:10CFF00007F0EBFC10B1012001F076FE204601F0B5
:10D00000E5FA08F0D0FE0A4A0121D2F8A030044621
:10D0100023F02003C2F8A0300222064B08469A6093
:10D02000054B5B689847204608F0B8FE002010BD0D
:10D03000001E00B0001002B89040002008B507F0B4
:10D04000B8FA8022024BD864024B1A6108BD00BFB7
:10D05000001F00B0000002B8014B1868704700BF05
:10D06000F83B002037B508F09EFE01230022002483
:10D0700000930023054619461046019405F07CFFF5
:10D08000022003F07DF9064B21461C60054B02206F
:10D090005B689847284608F081FE204603B030BD03
:10D0A000003C0020904000202DE9FF4102290C4661
:10D0B00015469846039005D1FFF7D4FF002004B031
:10D0C000BDE8F08108F06FFE1E4E0746336853B18D
:10D0D000AB4208D00024384608F060FE002CEDD1A9
:10D0E00021203460EBE7184B0022C3F80080356044
:10D0F000002301254FF000081046194601950095C0
:10D1000005F03AFF114B022083F8008003F038F954
:10D1100022464346022003A903F050F90C4B039A20
:10D1200004461A600028D5D0DFF82880D8F80030EF
:10D1300098472128CFD12946D8F8043002209847B3
:10D14000C9E700BF003C0020FC3B0020513D00200F
:10D15000F83B002090400020034B5B6E5B055ABFFC
:10D16000024B18780120704700C001B8513D0020E3
:10D1700010B590F827300446023B022B05D84B7CB3
:10D1800003B3012B20D0022B20D0D4F860311B0632
:10D1900013D58B8A1A2B10D9D4F8A410084607F09F
:10D1A00021FA0D2814D00F2810D0102810D01128E3
:10D1B0000CD001F0FD010D290AD02046BDE8104039
:10D1C00007F092BA034810BD0348FCE70348FAE7AA
:10D1D0000348F8E720A1070048E8010040420F009B
:10D1E00080841E000A78022A11D0101F4242424158
:10D1F00052004B781201022B0BD0191F4B424B41AE
:10D200005B000549054842EA8312FFF71BBE012275
:10D21000EFE70123F5E700BFF0FFFF00E1E60100C3
:10D220000B78022B10D0181F434243415B004A7811
:10D23000022A0BD0111F4A424A4152000F210448D2
:10D2400043EA8202FFF7FEBD0123F0E70122F5E782
:10D250000DE70100D0F8B43010B5994204460ED065
:10D26000C0F8B41002F068FD0649A4F8400101239B
:10D27000054AD1F8FC1004F5827004F00BFF002081
:10D2800010BD00BF001F00B0581F00B02DE9F74FC0
:10D2900004468B4615461E46FFF748FE20B3A38A78
:10D2A00013B3204607F076F878B9002E40F0E680F8
:10D2B000734BD3F8D83E03F03002102A00F0DE8022
:10D2C00003F0C003402B00F0D9806E4F7B69DB0771
:10D2D00040F1D48008F067FD0646032003F054F9BE
:10D2E00030B1304608F05AFD022003B0BDE8F08F9F
:10D2F0007A6912F0060AF4D1304608F04FFD604B0F
:10D300004FF400612046D3F8D89ED3F8AC8E06F0D7
:10D3100081F948B14FF4007601215B4F524608462F
:10D320003E6706F0DFFE3E6794F82530DF0707D53D
:10D33000D4F8A0305E0542BF4FF40022534B1A6769
:10D3400059462046FFF7A4F94D4BC3F8D89EC3F8C1
:10D35000AC8E0028C9D194F82430980601D4002D51
:10D360004DD0C5F3400005F049F8022315F4807F45
:10D370001BBF0021454A444A136717BF444A13673D
:10D380005161136305F0DEFF4FF4806315F0040F65
:10D3900014BF404A404A3C4E536204232846336738
:10D3A000FFF772FD204607F0F0F938B14FF48073B3
:10D3B00015F0010F16BF354A33671367A90647D525
:10D3C0004FF6FF72B4F8403093420FD0334A3449DD
:10D3D000526E100CC2F301120132B3FBF2F308805B
:10D3E0002C4A2D492F481B0448665366003D18BF40
:10D3F000012594F8243065F3451384F82430204641
:10D4000007F0E3FAF0B1204607F0BFF9D0B14FF4CE
:10D410000031204606F0FEF8431C03229BB201A90E
:10D42000214807F0F2FB9DF804209DF8053002F03A
:10D430000701052915D112070DD443F480731B4A47
:10D44000C2F8B830002003B0BDE8F04F07F0EABBE7
:10D4500001F0DEF8CAE713F0040F09D19DF8063099
:10D46000EBE703F03002202A05D113F0010FF4E7B7
:10D470004FF48073E3E79DF80630E0E70E2034E7D1
:10D48000001000B000C001B8002002B8001002B8BF
:10D4900000400054005001B8006001B8004001B8DD
:10D4A000AE4000200000FFFF08400054001E00B006
:10D4B0002DE9F3410646884615461F4608F073FCE1
:10D4C0000446032003F060F838B1204608F066FCFB
:10D4D0000E24204602B0BDE8F081042003F054F889
:10D4E0000028F2D1204608F059FC01232A46414683
:10D4F0003046FFF7CBFE04460028EAD1DFF8BC80B7
:10D500006FB188F8000039463046FFF7F1FB50B99B
:10D5100098F80030012B08D104F05AFFD9E798F8A9
:10D520000030002BF4D12124D3E720221D4B012011
:10D530001A671D4BDB6CB3F5817F22BF80221B4B2A
:10D540001A6107F0B1FB08F02EFC194B06461B6868
:10D5500001938BB903F074F815F080051ED10120FA
:10D5600003F0D6F815B9284604F01CFF114B012131
:10D570005B68002098470DE0042002F001FF0023C3
:10D580000122042001A902F019FF0028E2D104F0D1
:10D5900069FF2124304608F001FC9AE70022064B7F
:10D5A0009A67DCE7001002B8001F00B0000002B864
:10D5B000EC3B00209040002000C001B84D3D002011
:10D5C00010B50C4619B107F000FA04EB80042046B0
:10D5D00003F062F9024B4042C3F8C80E002010BDB0
:10D5E000001000B0838E70B593420C4615461BD3D5
:10D5F000036D8B4208BF002408F0D5FB0646FFF7F9
:10D600006FFB4FF49C53C340DA0703D5074B1B6FE6
:10D610009B0304D401222946204601F0BDFE30467A
:10D6200008F0BCFB002070BD2120FCE7000002B820
:10D630002DE9F0470B460746164611B92120BDE8F3
:10D64000F087002AFAD0032905D8002202F006F854
:10D6500003460028F2D01C889978B4F5804F01F079
:10D66000070080F0C580A0F1070C1A7993F805A097
:10D67000DD88DCF1000343EB0C030528337394BF12
:10D680000023C1F30013C1F3801C73738B0986F868
:10D6900010C003F00203C1F3C00C43EA0C03C1F352
:10D6A00040117374B174B582002A40F0838097F8FA
:10D6B0002A31013BDBB2F374D7F8A030D90600F170
:10D6C0008280063801287ED80020B7F81280D7F86B
:10D6D0001C9008F1FF38474B083C04EA08045B6DD6
:10D6E00019F80430B060802B1CBF323BDBB2B3733F
:10D6F00097F827300134FF2B04EA080435D1631D65
:10D7000003EA08035A1C02EA080219F8022019F871
:10D71000033043EA0223DA041DB24DD5D7F8F030C6
:10D7200013B11B68022B05D841F2C2324C210020F4
:10D73000FFF7D4F8D7F8F030C5F30B0093F8243096
:10D74000C0000BB1B0FBF3F082453AD838B1CAEB58
:10D750000A2ABAFBF0FA6FEA0A0A5FFA8AF0D7F8E7
:10D76000F83013B196F90E109847631CF07303EA72
:10D77000080319F80310013303EA080319F803201A
:10D78000013303EA080341EA022119F803200133B7
:10D7900003EA080319F8030041EA0241002341EAC1
:10D7A0000061727C384604F01FFD062330600020C3
:10D7B000B37144E7531E7DE719F804004000C0B27E
:10D7C000CDE70020CBE70023F3730B4B5B691A0A0C
:10D7D0001B0406D4D3B2323BDBB2B37300233360F5
:10D7E000E5E762F0FF0352B28032F4D18023F4E720
:10D7F000022024E7004000B800C000B838B5054654
:10D80000084B808A9C6A41F21652C4F30C04A04271
:10D8100034BF002001200821FFF760F8A88A001B10
:10D8200080B238BD0040005470B506460D4614461F
:10D830006BB107F099F8B08AA04228BF204684B2A5
:10D8400022462946034801F053FD204670BDFFF7EC
:10D85000D5FFF1E70840005438B5148811F00305EE
:10D860004FEAC40422D13F2C20D9B4FA84F4C4F185
:10D870001903DBB2052B01D8192C15D0052B28BFB5
:10D88000052301240633DBB29C40C4F3CF0313808D
:10D8900003828161448701F0A7FD054A631E23438B
:10D8A000C2F8A430284638BD2B46EAE72125F9E71F
:10D8B000001E00B0082310B1024A13677047024AE5
:10D8C000FBE700BF001002B8002002B82DE9F743C3
:10D8D000DDF828800746894616461D4608F063FA9B
:10D8E0000446032002F050FE38B1204608F056FAF4
:10D8F0000E24204603B0BDE8F083484B20465B6908
:10D9000013F0060FF2D108F049FA012332464946D6
:10D910003846FFF7BBFC04460028EAD1002D6CD046
:10D92000B8F1000F69D03E4C2368002B05DAF7F7F9
:10D93000E3FC002803462060DADB184604224FF49B
:10D940003C51F7F7CBFCA42200212068F7F7F0FC4C
:10D950004FF48072314B414638469A65FFF7C8F95B
:10D9600000284AD12F4B1B78012B46D020222E4B6A
:10D9700001201A672D4BDB6CB3F5817F22BF80221B
:10D980002B4B1A6107F090F908F00DFA294A074667
:10D990001368B3B129682C790B441360019383B1E8
:10D9A000042002F0EDFC00232246042001A902F02D
:10D9B00005FD30B904F056FD2124384608F0EEF993
:10D9C00097E702F03DFE16F0800018D00022134BBE
:10D9D0009A67687901A9431E58425841FFF76AFFC8
:10D9E0002B68032001932A79082302F0E7FC48B949
:10D9F00004F038FD384608F0D1F9212479E704F025
:10DA0000D1FCE6E70C4D2B68984721280446D4D179
:10DA1000012100206B6898470024CEE700C001B8C0
:10DA2000984000204D3D0020001002B8001F00B0BB
:10DA3000000002B8EC3B002090400020054A12682C
:10DA40001AB190F82A1119B91047084603F062BAC2
:10DA500001487047E43B002000FEFFFF374B2DE9F3
:10DA6000F7431C6801F4007900F00103174653EAFC
:10DA7000090206460D463AD04FF0000863B3002372
:10DA8000002200210120CDF80480CDF8008005F0AF
:10DA900073FA042002F074FC41462046FFF7CEFFE3
:10DAA000012241462086DFF8A880104606F01AFBC6
:10DAB000D4F8A01094F8270003F0C6FAD8F80000B4
:10DAC00000F0D4F94FF0FF33C8F8003094F8243058
:10DAD00043F0040384F82430B9F1000F07D001218A
:10DAE000204607F08FF925F4007506430D432B46B9
:10DAF00032462046FFF7EEF9FB070FD51049114AD1
:10DB0000086800211368116001210F4A117003B1E8
:10DB100098470E4B002102205B68984717F00E0FC4
:10DB200008D04FF4EC723B21002003B0BDE8F04375
:10DB3000FEF7D4BE03B0BDE8F08300BFB4390020C7
:10DB4000FC3B0020003C0020513D00209040002084
:10DB50009C40002008B548220021024805F0C0FF83
:10DB6000002008BDDC1E00B010B50C46FFF7F2FF28
:10DB7000BCB1A378082B16D8E278082A13D843EA58
:10DB8000021313F0FF030CBF19466168074AC2F87D
:10DB9000DC10217882F82011617882F8233182F834
:10DBA0002111002010BD2120FCE700BF001E00B0A5
:10DBB00073B52F4A2F49137809784FF0FF350B437F
:10DBC00078211370A0F8201164228221C0E9462236
:10DBD000C0E94412C0F80C216FF47B42C2624FF4DA
:10DBE00000420D23A0F846200722002680F83C3191
:10DBF0004FF6FF730446C28700F1540202651E4AC5
:10DC0000A0F84030438642630387C384C0F8B45011
:10DC1000458580F8286004F087FB2046FFF79AFFCF
:10DC200094F928102046FFF7A3F9602340F6FF710E
:10DC3000124A2046D36402F11C42D162D165104AD7
:10DC40002946D36440220F4B1A67D4F8A02006F06F
:10DC500026FD0E2300220193009340F2022310467A
:10DC6000194605F089F901F021FF304602B070BD78
:10DC7000533D00203C8302004000FFFF004000B8FD
:10DC8000005000B8002002B8012A10B512D8032BAA
:10DC900010D803EB82020123074C934094F8220131
:10DCA000DBB221B10343002084F8223110BD20EA09
:10DCB0000303F8E72120F9E7001E00B003462DE931
:10DCC000F0410C68D1F804E0651C08BFD3F80C41A2
:10DCD000B0F8402108BF0C60BEF1FF3F08BFD3F889
:10DCE00018E18E6808BFC1F804E0771C00F5827067
:10DCF00045D1D3F81451CF688D607E1C45D1D3F83F
:10DD00001061D1F810C04F69BCF1FF3F08BFD3F8D4
:10DD100004C1D1F8188008BFC1F810C0B7F1FF3FA7
:10DD200008BFD3F80871CE6008BF4F61B8F1FF3F5C
:10DD300008BFD3F81C81B8F1000F2CD05A324245ED
:10DD400038BF42468A6114B15A2C38BF5A2413494D
:10DD5000C3F80C41C3F81061C3F81451C3F818E1BB
:10DD6000C3F81C21C3F804C1C3F808710C4A072387
:10DD7000D1F8FC1004F08EF90020BDE8F08102F12A
:10DD80005A05B54238BF3546B5E702F17806BE42BE
:10DD900038BF3E46B5E76422D4E700BF001F00B09D
:10DDA000581F00B038B5054C054B41780078256800
:10DDB000236003F065FB00B1256038BD043C002002
:10DDC000048A0200074B1B684BB10028064B08BFB2
:10DDD0000023064A1360064B18700020704702208B
:10DDE000704700BF043C0020FC890200083C002072
:10DDF000523D0020014B1878704700BF523D002073
:10DE00004FF40022034B186F03F500531A67C0F359
:10DE1000C0407047000002B8024B586900F0010092
:10DE2000704700BF00C001B870B50C4616461D46CD
:10DE30001AB113680BB15B688BB907F0B4FF07F038
:10DE4000ADFF0123AB71B389049AE11A7368B0681E
:10DE500089B2134400FB0133A9802B6070BD1A689E
:10DE6000032AEAD99B6A5B0EECE700BF431C07D08C
:10DE70006FF0FF02034B10401A62A3F58053186243
:10DE8000704700BF00E000B8014B186C704700BF3E
:10DE9000001F00B0014B002019647047001F00B044
:10DEA00003282DE9F74F0C46914678D83D4B1E5C70
:10DEB0003D4B13F800A03D4B13F800B007F073FF83
:10DEC000804605F00BFA074640B10023002201937B
:10DED000009301200023002105F04EF805F006FA1A
:10DEE00048B10023002201930093002000234FF447
:10DEF000004105F041F8002E49D02D4BDD6C05F0B6
:10DF0000080506EB0A002B4B23305844DD64C0B2F1
:10DF100002F07EF95146304605F02CFA5A46514639
:10DF2000304605F093FA244BDD6477B1234B1B6830
:10DF3000D3F8A01093F8270003F086F8204908686A
:10DF4000FFF794FF4FF0FF330B60B9F1000F04D0DF
:10DF50001C4B002103205B689847D4B14FF48062CA
:10DF6000194B1D6F03F50053C5F380251A67404612
:10DF700007F014FF00F090FB01280CD11DB14FF405
:10DF80008062124B1A67002003B0BDE8F08F35465F
:10DF9000B7E72546EBE7002CECD10520F4E721207C
:10DFA000F2E700BF1C8A0200188A0200148A0200ED
:10DFB000004000B8006000B8005000B8B43900203C
:10DFC0009C4000209040002000C001B800D001B863
:10DFD000034AD36960F3D223D3610020704700BFA6
:10DFE00000C000B8064B5A6A920207D4D3F88000EA
:10DFF00000F47060003818BF01207047012070479E
:10E00000004001B870B514460E4601F00B0323EA38
:10E010000201394A2340D164A2F58052D3647307C8
:10E02000054610D50121FFF7DDFF60B105F08AF943
:10E030004FF4007314F0040F14BF304A304A536297
:10E040000422304B1A67F10606D514F0100F14BFE6
:10E0500000221B222C4B5A6532060CD5230605D50F
:10E060004FF40012254B1A6203F000F8214695F890
:10E07000270002F0E9FFF00503D5E10525D502F000
:10E08000ABFFB20503D5A30522D502F0B1FF16F40C
:10E090008C6F18D014F480621FD095F82530DC07FF
:10E0A0000CD5EA8DB5F83631934214D0B5F8383135
:10E0B000981A43424341154A82F8C4302846D5F89D
:10E0C000F010FEF7BBFF002070BD02F07FFFD8E725
:10E0D00002F088FFDBE70123EDE77105EED595F847
:10E0E0002530DB07EAD5094B114683F8C420084BDD
:10E0F00028461B689847E1E7006000B8005001B867
:10E10000006001B8002002B8004000B8001E00B056
:10E11000103C0020F8B5054690F83C010C460D284F
:10E12000164628D0FF2928D01AB14FF0FF32144BE1
:10E130001A6006F09FFD074695F83C0101F0FAFCD5
:10E14000844228BF0446E4B2BC4238BF3C46E0B239
:10E1500085F82B0001F092FD0A4B1B784BB9FF2884
:10E160000CBF2124002416B9284601F0F7FC2046F4
:10E17000F8BD0024F7E70224F9E72124F7E700BF00
:10E18000A44000203C8302007FB5204B04461B784E
:10E190000E46154643B3D0F8EC3000229BB34FF047
:10E1A000FF36029602AEB3F9123000960392F8F7EA
:10E1B0009CFDB8B902994B1C14D02046C1F38131A3
:10E1C00006F09FFB70B9BDF90C300299024600932E
:10E1D000C1F30D0103462046FEF7ECFA294620461E
:10E1E00006F052FD04B070BD02A906F04BF83246AD
:10E1F0009DF808102046F8F7E9FD2A46014620461A
:10E20000FFF788FFEEE71846ECE700BF3C8302000B
:10E21000F8B50D4690F83C1104460D29174603D178
:10E220002E4B1B78002B50D02A462046A4F846508F
:10E23000F8F7CCFDD4F8EC3084F82A00002B40D05D
:10E24000274A1678D4F8FC204EB1002A3FD1B4F901
:10E250004600B3F91210884206DC002607E0B2BB84
:10E2600094F84521824202D20126B3F912500022CD
:10E270002946204684F82D70FFF786FF00BB76B153
:10E28000C4F8EC00204605F0AAFF4FF6FF73984251
:10E29000014614D02046BDE8F840FEF7F9B9114B0D
:10E2A0001B78022B0BD8204601F046FD0E490123B6
:10E2B0000E4AD1F8FC1004F5827003F0EBFE00204A
:10E2C000F8BDFF2384F82B30F9E70220F8E7B4F912
:10E2D0004210B3F912209142BEE700BF3C83020016
:10E2E000533D0020B0400020001F00B0581F00B078
:10E2F000D0F8A830012B01D10020704770B504463A
:10E300005A498CB006F0F4FCD4F8EC600146E58D77
:10E31000C4F8F00026B1336813B15B68002B5ED1FE
:10E3200007F041FD07F03AFD0123D4F8F0108DF815
:10E330000630B389B0687268EB1A9BB200FB032207
:10E340004B48ADF80430036800928B4202D020465F
:10E35000FEF774FE474D00F09FF90128FBD1AB6832
:10E360009E06F8D420469DF80620009906AB03F0DF
:10E3700085FB002830D100F08FF90128FBD13D4A00
:10E38000136FD801FCD493689906F9D4684606A99E
:10E3900003F02EFD0546F8B9E28D374B5A6494F828
:10E3A000243060F3410384F8243000F025FF024656
:10E3B000D4F8EC104B691E685868531EDBB2FD2B75
:10E3C0000296039011D8012A2AD0204602A906F00D
:10E3D000B9FB00200CB070BD02200CB070BD1A68F3
:10E3E000032A9DD99B6A5B0EA1E7F31C03D8FF2A81
:10E3F0001BD00022E9E7FF2A21D00136E9D1D4F869
:10E40000EC101E4B4A689A4221D8D4F85C319B0527
:10E4100023D494F8243043F0020384F82430D8E75E
:10E42000C51CD2D90130D4D1EBE7C61CCDD90130FF
:10E43000DFD12A46204602A906F084FBDFE7C31C91
:10E4400011D80122204602A906F07CFBD5E7204620
:10E4500000F06EFE0028BCD0D7E720464FF4803194
:10E4600006F0D0FCB5E70130C7D1CAE7FC1F00B009
:10E47000E83B0020000002B8008001B800CA9A3BC7
:10E4800010B5042301240A4A0A49D1F8EC00C2F865
:10E49000EC30C2F8E0300C634FF40051D162410718
:10E4A00042BFC2F8E030A2F58052C2F8EC3010BD95
:10E4B0000060005400400054F8B504460D46D0F802
:10E4C000F07019B990F82430590645D44FF6FF730F
:10E4D000618E994204D0324B1B680BB1204698479D
:10E4E000304E3368BB4253D02F4B1B683BB11FB13A
:10E4F0003A68002A4ED0BF68394620469847072719
:10E50000204601F019FC002D38D006200125274BAC
:10E5100094F9282093F900302549C3F11C039B1A74
:10E52000CA6963F3D222D4F8F030CA61214A336059
:10E53000214B906720461D7006F0D7FA1F4B1B6FCA
:10E540005A0203D4D4F8A0301B0603D54FF40012AE
:10E550001B4B1A620020F8BD4FF6FF72114E65F397
:10E56000861380F82430336842869F4214D00E4BC5
:10E570001B68002BBBD101F0DFFB072711493B468D
:10E58000114AD1F8FC1004F5827003F083FDBCE75A
:10E590000127B5E71746AFE701F0CEFB0127EDE70E
:10E5A000F43B0020E83B0020F03B00204E3D0020E3
:10E5B00000C000B8006000B8503D0020000002B864
:10E5C000005001B8001F00B0581F00B010B504463D
:10E5D000D0F824210B4B4FF40061C3F8A82090F829
:10E5E0002420D20102F4006205F000F894F82430EF
:10E5F00013F0100F4FF4007314BF034A034A13675C
:10E6000010BD00BF001E00B0001002B8002002B80C
:10E6100038B507F0C8FB4FF6FF710A4A13888B42E2
:10E6200003D107F0BBFB0E2038BD074C074D1B0480
:10E630006566A4F580546366118007F0AFFB002087
:10E64000F2E700BFAE400020006001B80000FFFF0D
:10E6500008B50D4BD3F84C21531C13D012F0804257
:10E6600010D10A4B1B681BB111460320FFF718FCA1
:10E670004FF080624FF40071054BDA67054AD162B2
:10E6800001225A6108BD00BF0080E00FB4390020AC
:10E69000001002B8004000B80F4BDB68C3F30363FF
:10E6A000013B0B2B0FD8DFE803F006060C0606062D
:10E6B00006080A0808080220704704207047052051
:10E6C000704703207047054B5B6913F0060F14BFBA
:10E6D00004200120704700BF000002B800C001B84C
:10E6E000094AD368C3F303630B2B08D06FF490502F
:10E6F000184100F0010080F0010040007047106FE9
:10E7000010F48030EDD17047000002B80C4AD36895
:10E71000C3F30363062B07D8042BD8B20BD8C31E50
:10E720005842584140007047072B06D1D2F83001BB
:10E730000028ECD17047022070470020704700BFCE
:10E74000000002B8084BDA68C2F30362931E012B83
:10E750008CBF00230123037040F62203D34003F053
:10E7600001030B70704700BF000002B8084BDA6865
:10E7700002F03062B2F1407F08D15A6FD20605D460
:10E78000986FC0F3C00080F0010070470020704710
:10E79000000002B82DE9F84F4FF00108264F08FAA3
:10E7A00001F8BB69064613EA080F0C4633D006F0A1
:10E7B00074FA4FF03009824609FB0679DFF894B00D
:10E7C000D9F8645005F00305012D26D11034BB693A
:10E7D00005FA04F444EA080423EA04033146BB6161
:10E7E000154807F0EFFA154BB5405D631449154B1A
:10E7F000CA6ADB6C22F4706203F4706313434FF453
:10E800007A52CB62104BC3F83021104B1B68134077
:10E810000F4AC2F83031BDE8F88F06F03EFAA0EB9F
:10E820000A00584540F2F7624FF051018CBF0020BA
:10E830000120FEF753F8C3E7000004500020045005
:10E84000004001B8001F00B0002002B8143C0020B6
:10E85000001002B83F420F002DE9F04FADF5257DC5
:10E8600004460E4602F060F94FF4247280460021FF
:10E87000684605F035F94FF0010E132202210346D8
:10E880000EFA06F6F6B280F800E006724672C26032
:10E8900080F810E04676C26180F82010A948E5258E
:10E8A00058624FF432705865A748A84FC3E91A025E
:10E8B0000830C3E91E021838DFF8B4C2C3E92202E7
:10E8C000DFF8B0A2DFF8B0B25D635F64A04DA14F86
:10E8D000A0F57D500838C3E90AA2C3E90EC2C3E916
:10E8E00012B2C3E9167283F8301083F8401083F82F
:10E8F00050101D661D67C3F88050C3F89050C3E9DF
:10E9000026022030C3E92A029348DFF87092C3F848
:10E91000B40000F56050C3F8C400A520C3F8D400CB
:10E920008E48C3E92E72C3F8E4000420C3F8F40053
:10E93000302000FB08F88A48C144C3F808010320CE
:10E9400083F80C01C820C3E93272C3E936C2C3E9B7
:10E950003AB2C3E93E92C3E94672C3F8A05083F8C5
:10E96000B01083F8C01083F8D01083F8E01083F85B
:10E97000F010C3F8005183F81011C3F8140183F8A4
:10E98000201183F859616F4E7648C3F86461E5261B
:10E99000C3F874616D4EC3F82401C3F884614FF06D
:10E9A00000404FF432764FF08048C3F83401C3F88A
:10E9B00094616D48644EC3E94E02C3E95202C3E953
:10E9C0004AA2C3E95AA2C3E95EC2C3E962B2C3E97B
:10E9D000667283F8301183F84011C3F85C2183F824
:10E9E000601183F8701183F8801183F89011C3F8D7
:10E9F000A051C3F8448183F850E1C3E96A62083644
:10EA0000C3E96E62183EC3E97262A6F57D56083E00
:10EA1000C3E976622036C3E97A624F4EC3E97E725B
:10EA2000C3F8F46106F56056C3F80462A526C3F87E
:10EA300014624A4EC3E98272C3F824620426C3E911
:10EA400086C2C3E98AB2C3E98E92C3F8B051C3F853
:10EA5000C051C3F8D051C3F8E05183F8F01183F8E6
:10EA6000001283F8101283F8201283F83012C3F8D2
:10EA70003462C3F840523A4DC3E99E02C3F848528B
:10EA8000032583F84C52C825C3F85452354DC3E9C9
:10EA90009672C3F864524FF00045C3E99AA283F816
:10EAA0005012A42283F8601283F8701283F8801247
:10EAB000C3F8880283F88C1204F130001946C3F8B9
:10EAC0007452C3F8848201F0B1FFD4F8BC2204F17F
:10EAD00040039B0863F39F0225462346C4F8BC22EB
:10EAE00004F11402C3F8945005F11801043595425D
:10EAF000C3F8D41103F11003F4D11920F6F784FA06
:10EB000000F59200194B00F578508000B0FBF3F04F
:10EB100094F83231C4F8240143F0400384F83231D0
:10EB200094F87232C4F8345143F0400384F87232DE
:10EB300004F12C03C4F86402C4F874320DF5257D89
:10EB4000BDE8F08F296E0600448001B80300004044
:10EB500008002008548001B8C80A0400030000809F
:10EB6000284000B8096E0600100002B800F0490203
:10EB70002C8001B83C0102B8108001B8600004503C
:10EB80002DE9F84F82460C46174605F01EFF002877
:10EB900066D09AF82530DB0762D501F0C5FF9AF9F7
:10EBA000269005463CB94946FFF7F4FD002F4ED1AB
:10EBB0000020BDE8F88F0124DFF8B4B004FA09F6AC
:10EBC000DBF818303342F1D14FF47062254B04FA70
:10EBD00000F8DA624FF42062A3F58053DA624FF452
:10EBE0002C5122464846F6F779FB302303FB05B546
:10EBF0004FF4803340F6A202EB65DAF8303130335F
:10EC000023F003032B67184BCBF82880C3F834801C
:10EC1000164BDB68C3F3036304FA03F1114211D10D
:10EC2000022B1DD1124B09F110095C60DA6904FA5C
:10EC300009F42243DA619A69164326439E61C3F8B8
:10EC40004880B3E7094BDB68C3F30363E4E74FF4A1
:10EC50000012084BDA614022074BC3F88421A7E772
:10EC60000220A6E7006001B800200450000002B8AE
:10EC700000000450002002B800E100E010B5044696
:10EC800005F0A3FE30B394F82530DB0722D501F060
:10EC90004BFF94F92610FFF77DFD002294F82530F4
:10ECA000C4F8302123F0010384F825300A4B1146C3
:10ECB00083F8C420094B20461A60094B1A6005F0FE
:10ECC0000FFE084A92F8493003F0010363F0730322
:10ECD00082F84930002010BD001E00B0103C00201A
:10ECE0000C3C0020001F00B0024B1B6803B118470A
:10ECF000704700BF1C3C0020024B1B6803B1184743
:10ED0000704700BF183C002010B5FF224FF6FF717E
:10ED1000044605F05DFE68B9FF224FF6FF712046FC
:10ED200005F067FE30B92046BDE81040FF220249D9
:10ED300005F072BE10BD00BF208A02002DE9F0412F
:10ED40001C46184B05461E680F46904646B1306873
:10ED500001F0EAFFF3681BB1B368186801F0E4FF43
:10ED6000114B1B682BB1DA681AB19B68186801F067
:10ED7000DBFF9DF81830640744EA08425B0503F0A6
:10ED8000BC6342EAC7621A432846084942F4C87283
:10ED900004F02CFC002228461146FEF723FC00203C
:10EDA000BDE8F0811C830200BC6D02009007E12DDC
:10EDB00008B5FFF7DBFC88B1094BDA6912030DD502
:10EDC000186F10F4003009D19B6F13F0100F4FF043
:10EDD00010030CBF034A044A936708BD0220FCE7F6
:10EDE000000002B8001002B8002002B838B504468E
:10EDF000E8B1114BDA6912031BD55D6FC5F38115BC
:10EE0000032D12D0022D14D12A460C4B2146D3F8E3
:10EE1000B4300B489B1A9BB205F0F7FE0020064B5E
:10EE200025729B6F1B0A637238BD0822EDE7212013
:10EE3000FAE70220F8E700BF000002B8001E00B0A9
:10EE40003840005438B50546FFF790FC98B10B4B9D
:10EE50001C6F14F400340ED10220094B094A1B68C0
:10EE60001B6D90672246AB4214BF2846002000F07D
:10EE700093FA204638BD0224FBE700BF000002B829
:10EE8000B4390020001002B82DE9F04FDFF8F88106
:10EE90000446D8F800300D468DB02BB14FF00E0B64
:10EEA00058460DB0BDE8F08F05F08FFD10B94FF05A
:10EEB000020BF5E775B194F82530DB0706D50C2277
:10EEC000294604F5987005F0B4FF30B1EA882B8923
:10EED0009A4205D12046FFF7D1FE4FF0000BDFE745
:10EEE000FFF7DAFB0128E2D12F68002FD6D017F008
:10EEF0000307D3D1AB88B3F5307FCFD301F014FE35
:10EF0000FF28CBD094F92660002E08DA3846F6F7B1
:10EF1000F3F946B2002EC0F2A18084F826600022E8
:10EF200094F82530114623F0010384F8253020465B
:10EF300005F0D6FC4FF400224A4B1A674A4B4B4A65
:10EF40001A604B4B4B4A1A6001F0EEFD3146FFF759
:10EF500021FCD8F80030A3B1A84658F8049B05F16D
:10EF600008034F46B4F82EA00393204638F8021F3A
:10EF7000FDF75EFA834670B151462046FDF758FA18
:10EF80008EE73D4B0E222046196805F0FBFC8346B8
:10EF90000028E1D084E70090D4F8EC202046E18DF1
:10EFA00004ABFEF741FF20469DF81620049906ABFE
:10EFB00002F064FD83460028DED13049089BD1F879
:10EFC000EC20183722F07F6222F47F2222F40F62B5
:10EFD00022F00F021A43D1F80C3107996FF3130393
:10EFE0000B43E18D47F8181C069947F8083CBDF81B
:10EFF000143047F8101C47F8043C039B47F80C2CCE
:10F000009845B2D151462046FDF712FA83460028B2
:10F010007FF446AF31464846FFF71EFC5A460121B1
:10F02000204605F05DFC164A04F59876C2F8C090BB
:10F0300082F8C5B095E8070086E80700114991F805
:10F04000492002F0010242F0200281F8492094F8A0
:10F05000252042F0010284F8252021E74FF0210B02
:10F060001EE700BF001002B8103C002081EB010039
:10F070000C3C00207DEC0100B86D0200004001B89E
:10F08000001E00B0001F00B0183C0020431EDBB281
:10F09000FD2B12D9FF280B6812D013F0802F1EBF52
:10F0A00042F20102084BC3F8282251F82020064BF7
:10F0B000C3F85022C3F8542270470128F5D1002329
:10F0C0004A681343E9E700BF004001B8F0B5164BAA
:10F0D00085B007460E4614460FCB8DE80F00134A45
:10F0E0006D46D2F84832D2F84C22591C08BF002392
:10F0F000501C15D0002B08BF13463EB1611EC9B28B
:10F10000FD290FD93360FF2C00D17260CDE90032A8
:10F1100029462246384605F015FD002005B0F0BD11
:10F120001A46EAE7012CEFE7308A02000080E00F80
:10F13000F0B51C4B85B0D0F8E8700FCB8DE80F0010
:10F14000194B6E46D3F84842D3F84C52631C08BFA3
:10F1500000246A1C12D0002C08BF2C463146FF2028
:10F16000CDE90045FFF792FF00224FF0240CF9682B
:10F170000E4E914204D1002005B0F0BD2546EDE7CA
:10F18000BB680CFB02335868B04209D95B693BB1DC
:10F1900018680130586808BF1C60013008BF5D6006
:10F1A0000132E6E7308A02000080E00F00CA9A3B95
:10F1B00030B50C4B85B005461870082378B90A4A5B
:10F1C000C2F8FC3349B9094B0FCB8DE80F00084B4F
:10F1D0002A4669461868FFF779FF05B030BD054A31
:10F1E000EEE700BFB6400020001002B8408A0200DF
:10F1F000B4390020002002B8014B1878704700BFD6
:10F20000B6400020124BD3F8E020D2031ED54FF4B5
:10F2100080321049C1F8E020A1F58051C1F8EC20FE
:10F220001A6CD1B2C2F30722C3F88010C3F8802051
:10F230000422C3F880200022C3F88020C3F8802075
:10F24000C3F88020C3F88020C3F88020704700BF37
:10F250000040005400600054F0220D4B016D9A6490
:10F26000A022A3F580539A64838E0120B3FA83F31E
:10F27000084AC3F11903DBB2C2F8C000C2F89830E3
:10F280004FF40053C2F89C10C2F8BC30704700BF66
:10F29000006000B800400054F8B50D461746064619
:10F2A00006F081FD01230421084C094A2363A7606D
:10F2B000E6602561C2F8E010064AC2F8843106F023
:10F2C0006DFD0DB102232363F8BD00BF0040005463
:10F2D0000060005400E100E00122044B1A6640F691
:10F2E000FF729963D863DA65704700BF004000542D
:10F2F0002DE9F04F042A05460B4683B037D9012685
:10F300000978141F81615A7803F1040982619A789F
:10F310008261DB7883610368D0F808B003F00703EB
:10F3200006339E4006F1FF3A47680AEA0B08A6EB4F
:10F33000080247F00057944207EB08000CD84946F2
:10F34000224604F031FD46EA0A0604EB0B02324085
:10F35000AA6003B0BDE8F08F4946019204F024FD95
:10F36000019A384609EB0201A21B4244E9E7013A3F
:10F37000032AEED8DFE802F00B08050213F8012B90
:10F38000826113F8012BAA6113F8012BAA611B7883
:10F39000AB6103B0BDE8F08F38B50C4615460146A9
:10F3A0000F4B60B101220F48C3F8C0202246FFF77F
:10F3B0009FFF1DB104220A4BC3F8C02038BD64B1C1
:10F3C000D3F8A420A24284BF0122C3F8C0200222A5
:10F3D000C3F8A040C3F8C020EBE70122FAE700BF62
:10F3E000004000549840005438B5044606F0DBFC59
:10F3F00001211A4A638F054611663BB3B3FA83F3C2
:10F40000C3F11903DBB2A069C2F890109366072319
:10F41000D066C2F88C304FF4A02302F50052C2F837
:10F42000E030A2F58052C2F8EC3000220C4B1A609A
:10F430000C4B1B6F5B0209D54FF480020A4B1A6715
:10F44000D4F8A01094F8270001F0FEFD4FF4E0235B
:10F450002846E363BDE8384006F0A0BC00400054F5
:10F46000203C0020000002B8002002B82DE9F8433B
:10F4700005460C46C1B1D0F81880478F06F093FCC2
:10F48000B5F83CC0791EDFF8049101EA0C0323F0C3
:10F490000702032C0646D9F800E042445AD1BEF1D7
:10F4A000000F04D106F07AFC0E20BDE8F8832EF0A0
:10F4B00001042EF0010EA64551D10023C9F80030F9
:10F4C000238894426FEA43436FEA534323803CD13D
:10F4D000EB8F08EB07091846083880B202F10804E0
:10F4E0004C4528BF4446082804D9B4F800E0BEF5CE
:10F4F000804F3ED263440F431B1A3B409BB2AB8705
:10F50000E887118894781C4AC1F30C015164536751
:10F51000C2F88C004FF48022184B04F00704C3F8A3
:10F52000E0200122164BC3F88421FFF76BFE042C68
:10F530000BD14FF48002134B1B6F134B1A67D5F896
:10F54000A01095F8270001F07FFD304606F026FC5C
:10F550000020AAE7601E012898BF1446A9E7E88F9B
:10F560004344E31A48BFDB1908389842A8DC304608
:10F5700098E72246B0E700BF004000540060005406
:10F5800000E100E0000002B8002002B8203C0020AA
:10F59000144B10B51968CA8F8B8F488F13440138EC
:10F5A000073B8C69034023F007031C4402F1080366
:10F5B0000D4A9BB2CB87C2F88C304FF480220B4BA4
:10F5C000C3F8E02001220A4BC3F88421A07800F0A0
:10F5D0000700042803D1074AD3681B03FCD4064B59
:10F5E0001C6010BDB439002000400054006000547D
:10F5F00000E100E0000002B8203C002010B5064CFD
:10F60000216839B1CB0703D4044B1868FFF72EFFEC
:10F610000023236010BD00BF203C0020B43900202F
:10F620004FF480320B4B0C49C3F8EC20A3F5005388
:10F63000C1F8E020D3F888109A6E012302F0070287
:10F6400006329340C1F30C01083B994201D8FFF701
:10F65000D9BD704700600054005000542DE9F041BE
:10F6600006460C46478F1546D0F8188006F09BFBDF
:10F67000B28F07F1FF3E02EA0E0323F00701032CCD
:10F68000B6F83EC0414419D14A4C24689CB9624442
:10F69000073A02EA0E0222F0070208EB0204434492
:10F6A000E31A48BFDB19634510DB06F077FB002443
:10F6B0002046BDE8F08124F00104F0E7012C03D0DE
:10F6C000022CECD1ACF1080C0C46E8E7002D36D04A
:10F6D0008C4237D1384A526CDFF8DCC0718ADCF8D2
:10F6E0008870C7F30C079F423FDD2388B3F5804F36
:10F6F000DBD2A77801F1FF3C07F00707C3F30C0347
:10F700009B1A41EA0C0E052F2F7003EA0E0324D832
:10F710001BB223EAE3776F80E7782F74F66902EA79
:10F720000C02B718AF609FB212FA83F38B4291BFFD
:10F7300000238B1AAB80EE609CBFAF80EB6006F0BD
:10F740002DFBB5E7A4F10802904584BFFF0802EB4A
:10F75000C7021288C2F30C02BEE7184F7F6D003F4C
:10F7600018BF0127A3EBC703D2E7DCF8403001F153
:10F77000FF3CA3EB020E41EA0C030EEA030EDFF896
:10F7800040800FFA8EF3002BD8F80C700FDC07F0D6
:10F790007067B7F1407F14BF00270127FF002F706B
:10F7A000D8F87870A5F802E03F0A2F74B6E708276A
:10F7B000F5E700BF203C002000400054004000B8A6
:10F7C000000002B8134B70B51E68134B748A9D6C11
:10F7D000621E1B6CADB292B242EA04015B1B0B408D
:10F7E000191E18BF0121C90001700C492A40896FF8
:10F7F0004380090A0174F169D618A64201EB02059B
:10F80000D2BF0021A31A9BB285608380C160002013
:10F8100070BD00BFB439002000400054000002B8A1
:10F82000054BA822D3F84C013121431C0CBF012009
:10F83000C0F38070FDF752B80080E00F38B5094D75
:10F840000446286840F6C202003818BF01202B2168
:10F85000FDF744F8FA235C432B680A20B4FBF3F469
:10F86000604338BD543C0020164B30B51A68431C29
:10F87000154B1FD0B2F1407F1CD3144CD4F800219B
:10F88000154661F3050260F30505C3F8D020C3F8FF
:10F89000C850D4F804310E4A1A400E4B03EA500007
:10F8A00003EA510110431143074BC3F8CC00C3F8DE
:10F8B000D41030BD00200146C3F8C800C3F8D00002
:10F8C000F2E700BF0080E00F001F00B0000002B8A8
:10F8D0001FF087E1E0FFFF7F014B58800020704759
:10F8E000B040002073B5564E0446317819B91C2239
:10F8F000544804F0F5F82378534A544C13704FF0F1
:10F90000FC62C4F8FC204FF47F02FF21C4F80821F8
:10F910004F4A022B4F4D117033D1042307224E4919
:10F92000C4F8FC23C5F8FC33C4F800114FF4C071CF
:10F93000C5F80011C4F8FC234FF48052C5F8FC331D
:10F94000C5F870214FF40052C4F87021C4F8083192
:10F950004FF4FF13C4F8FC304FF4BB13C5F8FC3070
:10F960008023C4F8703148F2C8023C4BC3F8D82059
:10F970003B4B3C4A0020C3F8C02F0123337002B038
:10F9800070BD394A012BC4F80021384B27D14FF400
:10F99000C072C5F80021D3F83802D3F83C12FFF743
:10F9A00063FF0723C4F8FC330223C5F8FC334FF48C
:10F9B0008053C5F870314FF40053C4F870310423FC
:10F9C000C4F808310DEB0300F5F7D4FC9DF80530C1
:10F9D000023B012B9CBF8023C5F87031C3E7244A4A
:10F9E000C5F80021D3F83002D3F83412FFF73CFFFA
:10F9F0000723C4F8FC330123C5F8FC338023C4F883
:10FA000070314FF4805301A8C4F87031F5F7B2FC9F
:10FA10009DF80530012B05D19DF8043053B948F20B
:10FA20005D1309E0FBD9023B012B9CBF4FF400534F
:10FA3000C5F8703148F25813084AC2F8D83097E731
:10FA4000543D0020C41F00B0B0400020002002B888
:10FA5000BA400020001002B8C0F10F00001F00B033
:10FA6000001000B0283C0020C0F70F000080E00F1D
:10FA7000C0F60F0010B5044601F086F80A4BD3F823
:10FA8000F83724B983F40023C3F3C04010BD012C20
:10FA900005D103F4C023B3FA83F04009F6E7A31EAF
:10FAA00058425841F2E700BF000002B86FF07F42B1
:10FAB000154BD3F8FC37934208D0144A03F03F03A8
:10FAC0001370F123124A1370124A13701249134B28
:10FAD00009781A68A9B1B2F1A06F12D3D3F8501205
:10FAE0000F4A104BB1F1FF3F18BF13460E4A136087
:10FAF00041F66A020D4B1B68B3FBF2F30C4A13602C
:10FB00007047084BF2E700BF000002B8BB4000207E
:10FB1000BC400020BD400020B94000200080E00F24
:10FB20005082E00F648A0200243C0020703C0020D8
:10FB3000543C0020012807D0022802D030B1002018
:10FB40007047034B18787047024BFBE7024BF9E70D
:10FB5000BB400020BC400020BD400020F0B5054661
:10FB600085B001AC0B220021204603F0B9FF95F8C7
:10FB70003C110846FFF7DEFF95F82B30421ED2B24B
:10FB8000934228BF134600293AD0012936D119469D
:10FB900004204FF00F0C374EB1FBFCF7F75D013836
:10FBA000C91BC9B28A4238BF002121540028F3D1B1
:10FBB00005200F278DF80830B3FBF7F1715C0B447B
:10FBC000DBB2934228BF1346235401300B28F3D1F4
:10FBD0000F2605F1B401E03514F8013BB3FBF6F252
:10FBE000501CC2EB02129B1A0133DBB2C0B21B04E1
:10FBF00043EA005341F8043F8D42EDD105B0F0BD1A
:10FC0000194604204FF00F0C1B4FB1FBFCF6F6B267
:10FC1000BE5D0138891BC9B28A4238BF0021215418
:10FC20000028F2D105200F268DF80830B3FBF6F13D
:10FC3000795C0B44DBB2934228BF13462354013056
:10FC40000B28F3D10F2605F1B401E03514F8013B80
:10FC5000B3FBF6F2501CC2EB02129B1A0133DBB26B
:10FC6000C0B21B0443EA005341F8043F8D42EDD17A
:10FC7000C4E700BF5D8A0200508A020038B5284BF5
:10FC800005461A7827490D2A02D1FF20087038BD91
:10FC9000104604F0EFFF04461046FFF74BFFA84262
:10FCA00028BF2846C0B2A04238BF20460B78C0B259
:10FCB0008342ECD0087088B1431EDBB2022A1A4995
:10FCC0000ED14FF0FC62C1F8FC20A1F50051D1F833
:10FCD000FC2042EA4353C1F8FC30D8E70346EDE785
:10FCE000124A134C1268B832C4F8C02F4FF47F0286
:10FCF000C1F808210F49CA6FD202C8D40F22B3FB42
:10FD0000F2F2551CC2EB02129B1A0133D1F80841E2
:10FD10001B0443EA05532343C1F80831B7E700BF8A
:10FD2000B0400020BA400020002002B8B4390020C2
:10FD3000001000B0000002B82DE9F04F90F83C51DF
:10FD40000746D0F8B41087B04DBB1F2938BF1F211C
:10FD500009398C4B8C4E1A6A4C233068C2F38212DC
:10FD6000D34003F0010A8842534697F82B40874856
:10FD7000DFF83CB2DFF83C9216D190F800C0D445D1
:10FD800012D19BF800C0AC450ED1814A92F800C058
:10FD9000A44509D1B9F8040007B0BDE8F08F0329E4
:10FDA00038BF03210239D4E7FF2C3160037015D12D
:10FDB000284604F05FFF8046764CBAF1000F1ED053
:10FDC000D7F8F000002800F0CF800368082B40F23D
:10FDD000CB8090F83880002D5BD016E099F80000B9
:10FDE000FFF7A8FE00F1FF38A04528BFA046B8F1F4
:10FDF000010F38BF4FF001085FFA88F8DCE7012DEA
:10FE00002CD0022D01D0D5B3D04640F27122236808
:10FE100008EB0826B3FBF2F319224B43B3FBF2F3D2
:10FE20004146012205A8059308EB062604F0FEFED4
:10FE30004FEA4808B8F1030F38BF4FF00308040237
:10FE400044EA0014A8F10308044300F01F0008FA74
:10FE500000F0FFF7F3FC00F5FA685FE00F23B8FB52
:10FE6000F3F35A1CC3EB0313A8EB03030133DBB218
:10FE7000D2B21B0443EA0253C3F30748C5E70F237A
:10FE8000B8FBF3F344480133006850FA83F313F8E6
:10FE9000018C40F2712324684FEA0846B4FBF3F466
:10FEA00019234C43B4FBF3F40294BAF1000F5ED172
:10FEB0003A4B5246A3FB041303A8A8F14001039355
:10FEC00004F0B4FEDDF80C80354BA4EB0804A3FB72
:10FED000041352463021009004A8049304F0A6FEB7
:10FEE000049B8246E41A0122102105A8019305947F
:10FEF00004F09CFE009B46F480461C02019B44EAF1
:10FF00000A14044308EB0300059B46F0100618444E
:10FF1000FFF794FC00F50C5808F1280840F6FF7232
:10FF2000204B4046C3F8C020A3F58053C3F8C0401F
:10FF3000A3F580531C4CC3F8C460C4F8008002F0E1
:10FF40003BF84FF47A72194B404298652368104988
:10FF5000B3FBF2F3A9F8043097F82B30B8FBF2F0BA
:10FF60008BF800500B7017E74FF0000833E70022C2
:10FF7000414602A804F05AFE040244F0110402981B
:10FF8000C6E700BF004001B8A4400020553D002056
:10FF9000B7400020703C0020243C002069C2F56876
:10FFA000911E856B006001B8583C0020001F00B016
:10FFB000B8400020B0400020014B1870704700BFCF
:10FFC000B940002010B50446FCF71AF978B1174B78
:10FFD0001B786BB964B1164B1B784BB1154B1B7872
:10FFE000013B012B04D84FF40042134BDA6710BDDC
:10FFF000124BDB6F1B04FAD405F0D5FE4FF4004220
:020000022000DC
:100000000F4B0446DA67A3F5A0435B682BB1FDF7FD
:1000100003FF10B1022004F047FE0222094B2046E4
:10002000BDE81040C3F8842405F0B8BE563D00205A
:10003000573D00205C3C0020002002B8000002B8C0
:10004000001002B800D003500122024B00201A70A9
:10005000FFF7B8BF563D00200022024B01201A7066
:10006000FFF7B0BF563D002037B50446354D00F0D0
:100070008BFD354B00201C702B78002B0CBF00240F
:1000800004F00104FFF79EFF2B78013B012B08D8F9
:10009000EB7B01A88DF804302B7C8DF80530F3F74D
:1000A000E3FC0022294BC3F88424002C42D06A6868
:1000B000002A35D0264B1B6803EB5203B3FBF2F347
:1000C000013B1B0243F0F8032A78022A2AD0032AB4
:1000D0002CD0012A31D1072243F002034FF6FF70E2
:1000E0001C49C1F88400A1F58051C1F88430174B38
:1000F000C3F8842493070BD5EB7B01A88DF804305B
:100100002B7C8DF80530F3F79DFC0120FFF75AFF9B
:100110004FF080439CB1104A0020D36703B030BD3C
:10012000F823D1E7062243F00103D7E7042243F086
:100130000503D3E72246F823D0E70022CEE7074A9B
:10014000EAE700BF5C3C0020573D002000C00350A0
:10015000703C0020006000B8001002B8002002B817
:10016000F0B5284F06463D4604460FCE85B00FC574
:1001700033682B6000F008FD0022234BC3F8842471
:10018000A17A627A42EA0142C3F89024217CE27BA0
:1001900042EA0142C3F88C24217B627B41EA02409F
:1001A000C3F888043B78032B29D8DFE803F0220248
:1001B0000C178DF8041004218DF805200DEB0100BB
:1001C0000022F5F74BF9E37B00228DF80830237C01
:1001D000042102A88DF80930F5F740F9637A01226D
:1001E0008DF80C30A37A042103A88DF80D30F5F7B3
:1001F00035F9064B1878FFF737FF002000E0212083
:1002000005B0F0BD5C3C002000C00350573D00200D
:10021000034BDB6F002BBCBF024BC3F88800704759
:10022000000002B8004000B8084B1A6C0A2A81BFCF
:100230005A6D4FF0FF3302F00F02934083BF984393
:10024000B0FA80F040090120704700BF00C001B83B
:100250002DE9F04704F08BFD4FF47A752F4BB0FB7E
:10026000F5F518604FF4FA736B4307462C48190EE6
:100270001B0218182B4A4FF0000341F1000103F054
:100280000DFA294BA0F5807182460246196330B9F8
:100290004FF0010A4A222B21FCF720FB52464FF473
:1002A0007A735A4329020023500803F0F7F91E4BD2
:1002B0001E4AB7F57A7F9A601D4B4FEA0A661960AD
:1002C0001C4BA9468846044618604FEA1A2A06D2F3
:1002D00001259D222B210020FCF700FBA9464FF4AD
:1002E0007A73A6FB030103FB0A116D0840194FF056
:1002F000000341F100014A4603F0D0F90E4B0234ED
:1003000019600E4B48F10008A408186044EA88748C
:10031000054B013C9C63BDE8F08700BF703C0020AA
:1003200020A1070040420F0000C001B802110100E7
:10033000803C00207C3C0020783C0020743C002065
:100340001022044BC3F884215A600122024BDA6068
:10035000704700BF00E100E000C001B810B50446DE
:10036000A242A2EB0000A3EB010104D2034B01392E
:100370009B6B0133184401F0030110BD00C001B8AC
:1003800038B501250A4B02019D504FF48073044695
:10039000084A8340536605F006FD074AA5401378D6
:1003A00023EA05031370BDE8384005F0F7BC00BF31
:1003B00000E101B800E001B8613D00202DE9F84FEF
:1003C000164604468A461F4605F0EDFC022E00F054
:1003D0009280804605F0F0FC604B614AD3F8209093
:1003E000157D5A6EEDB2520744BFD3F82090013507
:1003F00005F0030505F0DBFC4846294600F038FA15
:100400008446DAF80000012E04BF01306044ACEBF2
:10041000000C08BFCAF80000BCF1804F7ED300F08A
:100420003BFA8145A1EB050188BF4C4BDFF854E155
:1004300088BF01F1FF3101F0030188BF9B6BA0EB86
:10044000090C0EF80410A1B1F90742BF41F61F7262
:10045000444B5A67BA0742BF424B434A5A677B072D
:1004600042BF00223D4B9A673D0742BF00223B4BF3
:100470009A6511254FF0010A384B04F11002120160
:1004800003EB041BCBF80C0138499D501A6A0AFA99
:1004900004F5586E0B78A2EB0902EDB22B436245CE
:1004A0000B704FEA041925D34FF48073A340034225
:1004B00020D11EF80420002A4BD10EB32C4AF80795
:1004C000536607D541F61F7140F20110254B59675D
:1004D00050675967B90706D5224B234A2449254856
:1004E0005A6748675A677A0742BF0122224B1A614E
:1004F0003B0719D4404605F051FC0120BDE8F88FB8
:100500001E4A42F809A042F89C3C05F04CFC1749F1
:100510000B7823EA05030B7005F040FC404605F01C
:100520003DFC0020BDE8F88F2120FFF771FE4FF45D
:1005300080310A4A124BD1601A78002ADAD00022A0
:100540002D201A70FFF764FE1022094B40465A66B0
:10055000D1E7074A40465366CDE700BF00C001B867
:10056000183D002000E001B800001F1F613D002081
:1005700000D001B800000101000002B800E101B89C
:10058000583D0020593D0020034B10300001185801
:1005900000F00100704700BF00C001B82DE9F04134
:1005A0009DF818800D46B8F1000F08BF0022214EBB
:1005B000B5F5803FB168074621F4700141F4A00110
:1005C000B1609DF820409DF81C104FEA042444EAD5
:1005D000016444EA031444EA084444EA02044FF084
:1005E00018014FF436722CBF002001207465FCF70F
:1005F00075F93564B8F1000F1AD00F4BBC68D3F809
:1006000088305A2C38BF5A245B0606D500F074FC9B
:1006100018B10A4BB3FBF0F31C44204600F03CF940
:100620000130854238BF0022024B34BF5A645864FF
:10063000BDE8F08100C001B800C000B800093D006D
:10064000F7B52B4F3D6E01F067FE04462846FFF7D5
:10065000EBFD7B6C06460BB100283AD0102720201A
:10066000FFF7D6FD234B9F606CB1002200200821CC
:10067000FDF7F4F98022204B5F66A3F580531F67D6
:1006800003F540531A6102F08BFB20221B4BC3F889
:10069000842101231A4A8DF80730D36813F0706F54
:1006A000FBD09DF807306BB91CB116B10122154B78
:1006B0001A700F4B144A1D665A6741F201429A673D
:1006C00003B0F0BD0DF107010DF10600FEF73AF899
:1006D000E7E7002CEDD00D4B074A5366A2F5805298
:1006E00013672846FFF7A0FD0028E2D03D6EF8E72B
:1006F00000C001B8001002B800E001B800E100E05D
:10070000000002B8583D0020011B01181000002015
:1007100010B504462120FFF77BFD1CB14FF4803259
:10072000064BDA60064B1A783AB100222D201A7077
:10073000FFF76EFD1022034B5A6610BD00C001B8D2
:10074000583D002000D001B8F8B5184D04462B6A7A
:100750001B0426D500F01CFC2B6AA0FB044613F0FA
:10076000787F4FEA9367C3F34450C3F3044505D140
:1007700040F239422B21FCF7B1F80120AD01B5FB65
:10078000F0F010EB871005D140F23E422B21FCF730
:10079000A5F80120024600232046314602F07EFFE4
:1007A000F8BD00F0A9FBA0FB0401F9E700C000B808
:1007B0000246012030B50B4CA0F12003C0F120050A
:1007C00024FA05F504FA03F32B4304FA00F59542E5
:1007D0008B4100D330BD0F2801D00130ECE7FF2062
:1007E000F8E700BF40420F0000220B4B40F0100022
:1007F0001A700F22094BC3F88820A3F58053C3F861
:100800008800A3F580531B6ADBB2802B02D0084618
:1008100000F0F4BB704700BF583D002000E000B876
:1008200038B505F0C9FA084B084A1D6A147D5A6E9E
:10083000E4B2520744BF1D6A013405F0B8FA2846F5
:1008400004F0030138BD00BF00C001B8183D00200E
:100850000346064A103302EB00111B01D1F80C01CC
:10086000D158C1F3400104F02ABA00BF00C001B85A
:10087000074B084A1B6810B54343146803EB8173A8
:1008800000224FF00041E4FB0012981810BD00BF99
:10089000783C0020743C00200C4A20F04043014684
:1008A00010B5002014684FF00042E4FB0320084A12
:1008B000890F126802FB0300064B9B6B984204D918
:1008C00001330131C01A01F0030110BD7C3C00204E
:1008D000803C002000C001B8044B01F0F0711030E2
:1008E00041F0030100011950704700BF00C001B87A
:1008F00008B52220FFF78CFC4FF48022014BDA6010
:1009000008BD00BF00C001B808B5064B4FF030402D
:100910001A680549920003F047FABDE8084001F063
:100920009DBC00BF988A02009C8A020070B50C68CA
:10093000651C15D0C4F302669E42C4F3074530D14E
:10094000A4B294422DD804EB8506B24229D2141BDE
:10095000A50824F003040E59340F04D0012C08D04C
:100960000022212402E06B1C51F82320C0E900245E
:1009700070BD0E4C34F8133042EA03431A686B1C06
:1009800051F8234001EB83014B6822405E4036F072
:10099000704404D11B0F032B04BF8B681A4300243F
:1009A000E4E7013501EB8501C1E700BF788A020069
:1009B00007B501A8F4F7DEFC4822164B5A65164A23
:1009C000D2F8D43023F4FC33C2F8D430134B1B6874
:1009D0009DF80530023B012B19D84022104BC3F87B
:1009E000FC23104BD3F85C32DBB2FF2B00D1062383
:1009F000094A1B03D2F8FC139BB20B43C2F8FC3329
:100A0000D2F83021084B1A6003B05DF804FB01F006
:100A100051FAECE7008001B8000002B8002000B0F5
:100A2000001002B80080E00F143C00202DE9F047D0
:100A3000074688461446234D234EDFF894A088B01D
:100A40001CB9204608B0BDE8F087B4F5006F4FF040
:100A500010024FF000016846A14628BF4FF400691C
:100A600003F03EF808238DF8003009F1FF339BB204
:100A7000009A1B0143F0036332402B4013431022C2
:100A800000210DEB0200CDE90038029703F028F8B1
:100A90006B469AF800100D4804AAF4F7F0FC9AF897
:100AA00000100A48F4F726FDA4EB090408EB8908B6
:100AB00007EB89079AF80010044805F096F900281A
:100AC000F8D0BDE7F07F300C0F80CFF3000004506A
:100AD000BE40002008B5054B4FF030401A6804496D
:100AE000FFF7A4FFBDE8084001F0B8BB988A0200F8
:100AF0009C8A020010B5044605F055F9064B074ADA
:100B00001C70074BFF2C08BF1346064A136005F004
:100B100045F9002010BD00BFBE40002009090200B9
:100B2000D50A0200A8400020014B1878704700BF8A
:100B3000BE40002000224FF400710F4B10B51A6721
:100B40005A679A670D4AD162012102F5E832516174
:100B5000DA6812F0706FFBD14FF0304201245A6610
:100B600002F5FC5208329C66DA64054B1B68984714
:100B7000044B5C6110BD00BF000002B8004000B82B
:100B8000A8400020002002B801230F4A0F49C2F8F4
:100B900080328A6A22F002028A620D4A53600D4A4C
:100BA00053600D4A5360A2F580425360A2F5404263
:100BB000536002F5C032536002F580425360A2F5E3
:100BC00000425360704700BF0080005000C00050DA
:100BD00000D000B800500054005001B808B5FFF72D
:100BE000D3FF0D4B0D4ADA6701F05CF9FFF7E0FE29
:100BF00003220B4BC3F8E02000F0E8F94FF46072D9
:100C0000084B5A614FF40072DA67FEF7F5FABDE857
:100C100008400021FEF7CCBA000002B80048F000FE
:100C2000005001B8001002B82DE9F04F804687B09F
:100C300002900D4655F8044B631C08D1029BC8F87E
:100C40000040A8EB0300801007B0BDE8F08F5FEA1A
:100C5000147B18BF0122324BC4F3016A33F81A1017
:100C600008BFC4F307424FEAC209A4B22D4B44EABD
:100C7000014409F104014144994241D398453FD8C8
:100C80000020E1E7059B23BB072017F0420F20FA65
:100C90000AF000F001002BD117F0280F20D100221C
:100CA0002244BBF1010F46F8082C4FF0FF3218BF69
:100CB0000022019B043453F8041B08364A4046F8CE
:100CC0000C2C0193049B9C42DCD10399C844294419
:100CD000AFE740F6F30232210020FBF7FFFDDEE72D
:100CE00040F6F7023221FBF7F9FD4FF48052D7E7C7
:100CF00040F6FC023221FBF7F1FD4FF40052CFE742
:100D00009300039304EB82030493012303FA0BF78C
:100D100007F0940308F1080601950593D2E700BF98
:100D2000788A0200003000B0F8B50546F0B1002620
:100D3000154B34461F46154953F8042BBAB9A00089
:100D400000F13040294600F50150FFF76DFF30B942
:100D500040F6A8223621BDE8F840FBF7BFBD0C4B9A
:100D60000134044447F8265023F81640F8BDAA423F
:100D7000FCD001360C2E02D031F81640DCE740F6EC
:100D8000C22236210020E6E7843C00202E3D0020D0
:100D9000303D002070B5C0B100296ED0002213464E
:100DA0003749384C51F8045B85420FD136498A687F
:100DB0009206FCD49B00354A03F1304303F50153FE
:100DC000C2F8B0302022324B9A6070BD01320C2A3A
:100DD00053D034F81230E5E71FD142680830C3E938
:100DE00000120268531CF0D0C2F3016334F81310F0
:100DF00012F47E0F93B243EA014313D00430C2F3DE
:100E00000742022A0168E7D946688568033AC3E9C0
:100E100000169D600C300C33F3E7012AE1D1043059
:100E20001960DEE7120F00F108054068072A09D8AB
:100E3000DFE802F007040A0E1114191EC04303F57F
:100E4000005318602846CCE71A6842401A60F9E758
:100E500003F58053F5E703F027FFF3E7012203F5DD
:100E600080538240F2E7012203F500538240EDE710
:100E70001A6830EA0202FBD1E4E7064CB1E700BF92
:100E8000843C00202E3D0020000002B8001E00B06F
:100E9000001002B8788A02000B4B1B68D3F8F030C0
:100EA00023B11A68022A01D9186A7047074B9A6D54
:100EB00090B238B1064BC2F307421B68DB085343BC
:100EC000B3FBF0F0704700BFB4390020004001B818
:100ED000703C0020064BDB68C3F30363984206D1E5
:100EE000044AD36B23F0F00343EA0111D163704746
:100EF000000002B8001F00B0054B1B68D3F8F030AB
:100F000013B11A680A2A01D8FFF7C6BF186C7047D8
:100F1000B43900202DE9F347054603F0BEFE002753
:100F20008046194EDFF864A004F03DFF0DF1070183
:100F300081460DF10600FDF705FC9DF806300BB368
:100F4000DAF80C3013F4603F1CD0DAF8100003F02C
:100F500010FF04466B1C03D003F09FFEA0EB0807B4
:100F6000484604F01BFF14F5007F07D19DF80630BA
:100F700013B99DF807300BB1AF42D5D3204602B06C
:100F8000BDE8F0873446E5E700FEFFFF00C000B88B
:100F90000B4A10B5136E0B4C116E03F00703E35CA4
:100FA000C1F3CD0101FB0333126E0748C2F3454282
:100FB00002FB033300688001B0FBF3F010BD00BFFB
:100FC000004001B8708A0200703C00200122014BF1
:100FD000DA677047001002B80122014BDA677047E8
:100FE000002002B84022014BDA677047002002B8A7
:100FF0004022014BDA677047001002B810F1800FF1
:1010000004D04D28CEBF7F20323040B2FF22034BA8
:10101000C0B21A62A3F580531862704700E000B8AE
:10102000084910B5D1F89C3040B11C46CA68D1F8C7
:101030009C309C42F9D1C2F30362027003F00F00AE
:1010400010BD00BF000002B8064B01F080011B6F0D
:1010500003F480030B4302BF4FF40012024B1A62E9
:10106000704700BF000002B8006001B810B504F07E
:101070009AFE0E2104460320FFF72CFF40F20122C6
:10108000034B2046BDE81040DA6204F087BE00BF83
:10109000004000B8124B197809BB124A106A586018
:1010A000D2F88800D860526E1A610F4AD0689861F1
:1010B000D06BD861D2F8B4001862D2F8B800586288
:1010C000106B9862506BD862926B1A6301221A708F
:1010D000064B074AD3F8A0001060C3F8A010704771
:1010E000B83C0020004001B8004000B8001E00B02D
:1010F000B43C0020164B1A784AB35968154A11625D
:10110000D968C2F88810196951669969A2F58032C8
:10111000D160D969D163196AC2F8B410596AC2F8AA
:10112000B810996A1163D96A5163196B91630121EF
:1011300002F5005291641021A2F58052C2F8841089
:1011400000221A70044B1A68044BC3F8A0207047A1
:10115000B83C0020004001B8B43C0020001E00B0A4
:10116000194A38B5136A03F4E071C02921D003F09D
:10117000C003802B23D1154B154A01255A66302216
:1011800003F580535A660522A3F59033DA6003F520
:1011900080539D6404F007FE04460E4B29461D61F2
:1011A0000D4B00205B6898472046BDE8384004F0AE
:1011B000F5BD23F4E07343F080031362DBE7002303
:1011C000C2F88830D7E700BF004001B8005001B82E
:1011D0000F00FFFF000002B890400020012838B542
:1011E00001D0042831D11E4BD3F8B42022F4804220
:1011F000C3F8B420D3F8B82022F48042C3F8B82052
:101200000122DA6324221A634FF480725A634FF486
:101210009C729A63102203F50053C3F884200522C0
:1012200001250F4BDA6003F580539D6404F0BBFD8C
:1012300004460C4B29461D610B4B00205B68984708
:101240002046BDE8384004F0A9BD3F22074B0628E0
:101250005A660CBF064A074AA3F580535A66DEE772
:10126000004000B8000002B890400020006001B8C3
:101270003800FFFF1200FFFF4FF604014FF6050292
:10128000044B01201B6C9BB28B4208BF1346024AE1
:10129000136670470080E00F00C001B82DE9F843E5
:1012A00004F081FD0C224FF0B04700212B4C2C4D57
:1012B000637C06465A433A441163D5F87080296727
:1012C000D5F8000194F810C0E06026480233C0F859
:1012D0008CC00320C5F80001012000FA03F3224866
:1012E00043614FF48070214B586602203B6A013302
:1012F000A3605363106301333A6A00BF00BF00BFAD
:1013000000BF00BF00BF00BF00BF686E10F480794F
:1013100015D19342F0D139B1304604F03FFDCD22D2
:101320001A214846FBF7DAFA0C21627CA3684A438B
:10133000023302F1B042A36001215363DBE74FF4B3
:1013400080720A4B30465A660122C5F87080C3F895
:101350000021BDE8F84304F021BD00BF183D002086
:1013600000C001B8008003500020005800E001B820
:101370002DE9F74F81460E464FF0FF34FFF750FA44
:10138000002501908A46A0462846DFF8D0B005F136
:1013900010031B015BF8037007F00307012F15D141
:1013A0002846FFF755FA02460B4601985146FEF7CC
:1013B000D5FFDBF8643005F10802D340DB0736D5F2
:1013C000002E3DD00024A046356038460135082D5A
:1013D000DDD148B300221146204DAF68AB6B01331D
:1013E000E8FB034107F44033B3F5003F30D16B6BAA
:1013F00007F44057013342F10006B7F5805F22D170
:101400002D6B15F5807505FB06F642F1000203FB16
:101410000266A5FB03323244594304FB0212A3FBCC
:1014200004342244C9E9003203B0BDE8F08FA04281
:1014300071EB0803C9D206B1356004468846C4E79B
:101440003446B046C1E7320242EA13621B02E3E7C8
:101450002B6B13F5807342F10002DDE700C001B889
:1014600008B503F0B5FC044B5A7C012302329340CB
:10147000024A536108BD00BF183D002000200058FB
:10148000FF2870B53ED0FF2938D00B2834D8022968
:1014900032D81F4C1F4B617441F44021207441F439
:1014A0004071063043F820101B4B1D6803F07DFC93
:1014B0006E08ED07024600232846314602F0EEF89A
:1014C000090241EA1061C0F3C05040EA4100134BE9
:1014D0002060186B10F5807005D14FF4D7722B2166
:1014E000FBF7FCF90220024600230020012102F054
:1014F000D5F86060002070BD2120FCE70B28FBD8E8
:101500000021C6E7FF294FF00700C0D1F8E700BF70
:10151000183D002000800350703C002000C001B83E
:1015200010B504F040FC0446FFF7B8FE0222054B5C
:101530002046BDE81040DA600122034B1A7004F027
:101540002DBC00BF00C001B8623D00200C490B78E3
:10155000ABB10C4B5A7C0123023293400A4A93618F
:1015600053614FF48062094BC3F8802100230B7054
:10157000074BD3F80C01D3F8041100F0ABB8704757
:10158000623D0020183D00200020005800E100E0EE
:1015900000C001B810B5044603F007FC6043044BDB
:1015A00000F5F42000F59070B0FBF3F010BD00BF23
:1015B00040420F002DE9F74FFFF7ECFF044604F01F
:1015C000F2FB00213C4D064668462970FFF7D0FE2D
:1015D0004FF0B0431F6A394BDB6813F0706F1ED1B8
:1015E000374B5B6913F0060A19D1F0B1DFF8DC80E4
:1015F000611DD8F80000A1FB00B903F0D6FB5346EB
:1016000002464946584602F049F8DDE9009A0902C7
:1016100041EA10610002484571EB0A010DD33046E2
:1016200003B0BDE8F04F04F0B9BBFFF737FE02226C
:10163000234BDA6001232B70F1E7FFF72FFE03F055
:10164000B4FB4FEA192141EA0A61A0FB01B9D8F8BD
:1016500000204FEA1A2A00FB0A9912B903F087FB0F
:10166000024600235846494602F018F84FF00C0E87
:101670000122DFF85CC001349CF811303F1B991C3B
:101680000EFB03F38A400F49074403F1B0434A615C
:101690005F630D4F241ABA614FF0B0473F6A5B6B2E
:1016A000FB1AA342C3D2DCF80C00054BC3F80001BF
:1016B0008A614A61B3E700BF623D0020000002B8C2
:1016C00000C001B80020005800100058703C0020F5
:1016D000183D00202DE9F74F0C228D4C0191637CC1
:1016E0008C4E5343002203F1B0431A63217C8A4B92
:1016F0000546C3F8AC104FF40031884B9046196191
:101700000223F3604FF0B0431B6A5F1EDB1B002B0C
:1017100040F3E88008F10108B8F1020F69D9EC2222
:101720000D210020FBF7DAF84FF080527C4B794E08
:101730005A66E2684FF00008C6F800214FF4003204
:101740001A61754BC3F8AC800C23627C5A4302F1DA
:10175000B042C2F8308004F026FB434641464FF4C5
:10176000807E376AD6F864C003F110021201B258C5
:1017700002F00302012A10D10EFA03F212EA0C0F52
:101780000BD106EB0314BD42D4F80C4100F2BA8031
:10179000A54202D2A74280F0B8800133082BE3D1E2
:1017A000604C2268012A08D85F4D2B78142B02BFA9
:1017B00000235E4E337001332B70A9B1544D012AC2
:1017C0006B8A43EA01036B82544B59660CD8574924
:1017D0000B780133DBB2022B0B7005D100230132F1
:1017E0002260514A0B70137003B0BDE8F04F04F053
:1017F000D5BA4FF00C0A4FF00009637C0AFB03F3E3
:1018000003F1B043C3F8309004F0CDFA4FF08053A9
:10181000434A53664FF0B04394F811E01F6A0AFB45
:101820000EF3013703F1B0435F63316BB368DB0341
:101830004ED5A2682368BA1AA2FB03A2D4F804B05A
:10184000AAFB0BC3CC46E2FB0B3C01F58079A9FB5C
:10185000031B09FB0CBBBAEB010162EB0B02090A8B
:1018600041EA0261019A1144B1EB192F4FEA1922A2
:1018700003D301334CF1000C891A043A8A4228BF81
:101880000A46EB18B261227D4CF10001D6F820C067
:10189000D2B26545D6F838C084BF02F1FF32D2B269
:1018A000BCF1FF3F0ED04FF0000A0CF101099C453E
:1018B0007AEB010B08D20132B3EB0903D2B261F12A
:1018C0000001F4E70A44D2B202F003022275336247
:1018D0000C2303FB0EFE02230EF1B04ECEF8303087
:1018E00004F05CFA4FF0B0431B6A00BF00BF00BFBA
:1018F00000BF00BF00BF00BF00BF726ED2007FF507
:1019000005AF11E7A542BFF445AF0A4391B244E7E2
:10191000183D002000C001B80080035000D001B87D
:1019200000E001B8E03B0020643D0020633D002062
:1019300037B50446FFF728F9E17822791B4841EAD8
:101940000243C0F8CC34E579A37943EA0543C0F8F3
:10195000D03423784BB18DF8041004218DF8052084
:101960000DEB01000022F3F779FD63785BB10421F0
:10197000A37900228DF80430E3790DEB01008DF896
:101980000530F3F76BFD227801235AB1084AC2F8FB
:10199000C834627802233AB1054A0020C2F8C8343C
:1019A00003B030BD034AF2E7024AF6E700C0035035
:1019B00000D0035000E0035070B52B4B0D461A7851
:1019C00012B92A4A926D1A70294AD26F520549D526
:1019D0001C78284B04F00F06B0FBF3F040434FEAAD
:1019E000141405D140F289622B21FAF777FF012008
:1019F000214A0A217243B2FBF0F34843B3FBF1F6EC
:101A000002EB5002B2FBF0F201FB1633042BD2B210
:101A10001BD8C3EB8311C3EB81035BB2002B14BF54
:101A20006FF0040105210B440A2193FBF1F31C44E0
:101A3000E3B264B20F2C0FDD013AD2B2053B5CB2C7
:101A4000002042EA04122A6070BDC3F10A0303EBCE
:101A500083030521DBB2E6E7002CF1DA0132D2B2D2
:101A60000533ECE70220EFE7653D0020008001B878
:101A7000000002B8403B2500809698004FF0000C13
:101A80002DE9F84FA2FB0179C94EDFF860E3BE19DA
:101A9000984669F10003B6457CEB030308D240F297
:101AA00043220E216046FAF719FF0220BDE8F88FA5
:101AB000D0F8F0A00C461546BAF1000F04D0DAF8C1
:101AC0000030032B00F21881BA4BBB4A9E6BA3F582
:101AD0008043D3F8EC30C6F314065900B74B48BF27
:101AE00046F400161B6ED2F8FCA05A074EBF4FF406
:101AF00040039B0503F0E07346EA45661E4303F08E
:101B000011FE012D8346D0D10028CED0AC4B984297
:101B100000F0008103F5122303F5F863984200F00A
:101B2000FD80A84B984200F025810246002300204A
:101B30004FF0007101F0B2FD0130A7FB007200FB15
:101B40000922C6F31303A3FB0B3B20329209C8F80A
:101B50000020DB0C9C4A43EA4B33F502146058BF6B
:101B60005B429A4A9A4DC8F814401C4413602C609A
:101B7000BAF1000F00F0BD80F001964A83EAE370ED
:101B8000A0EBE370C6F38153D75C4FEAE07E47F3E6
:101B9000401100FB01F14FEA876707FB0E11A0FB24
:101BA000070748BF64084FEA540C10EB0C004FF0D5
:101BB000000341EB0701224601F070FDDAF8003026
:101BC0000E2B08D97D4B7B4A926BD969D3F80C3127
:101BD000C90600F1C680B3024CBFC42140F2071110
:101BE000C0F31300C8F804007B48DAF81820A0FB03
:101BF0000460400901FB00F04FF4FA73B0FBF2F00F
:101C000000FB03F3FA33A4FB0116A3FB02328B4261
:101C1000B24138BF0130C0B240F4006CC8F808C00F
:101C2000002879D0DAF81C70A0FB07321CB1B4FA96
:101C300084F10E297FDDE103002A71D1B1FBF3F1BC
:101C40004B0003FB0003A3FB07624FEA044EB645BB
:101C50004FEA144474EB020209D340000344A7FB8B
:101C60000362B64574EB020201F10101F6D2C1F341
:101C70000E014CEA013C4CF00063C8F8083003F058
:101C800051FD2C68002C00F08680B4FA84F3D3F167
:101C9000020358BFDC40514B9C4288BF64080028B7
:101CA0006AD0B4FBF0F3642100FB134201FB02F2A3
:101CB0005D1E90424FEA550572D85B08013B2D022C
:101CC00045EA0315C8F80C5003F000FD58B3B4FB07
:101CD000F0F3642100FB134401FB04F4A04228D874
:101CE0005A1E52085B08013B120242EA0313C8F86D
:101CF00010300020BDE8F88F042BDAF828607FF45C
:101D0000FEAEF00154BF06F0E0734FF4400326F03E
:101D1000E076F3E6324810E72120C7E631480CE7C9
:101D2000034600218FE740F2F2422B21FAF7D6FD5D
:101D30002346013BD4E7C1F10F0601F1110E02FA6F
:101D40000EFEF34043EA0E03A6F1200E22FA0EFE29
:101D500043EA0E03F240013304FA01F142F10002BA
:101D60006AE702F4801203F400131A4308BFC0F5B7
:101D7000801030E71C48E0E6631EA51E5B086D0876
:101D8000013B2D0245EA031540F2CF422B210020F2
:101D9000FAF7A4FD96E76FF01F05002892D1F3E74C
:101DA000023B013D5B082D0145EA03258AE700BFA0
:101DB000006CCA88008001B8001F00B0004001B864
:101DC00000F04902005A6202F43C0020F03C00207E
:101DD000EC3C0020808A0200D34D62103FBE4025BB
:101DE0000A3BB2DF313641DCD694BFD6807C814AD3
:101DF00010B50B46044686B039B98279016821488E
:101E00006B460068FFF73AFE6B461F4A196851633C
:101E10001E4AD2F8FC2062B35A6842B11C4A1D49DE
:101E2000C2F80C115968A2F58052C2F80C119A68D8
:101E300042B1174A1849C2F8EC109968A2F58052CD
:101E4000C2F8EC101549D868D1F8642122F4EE628A
:101E50000243C1F86421D1F85C21186922F4EE62D2
:101E60000243C1F85C21A1F5FF4158692839FFF709
:101E7000A3FD0020A2880A4B9A6203F5A0331864E0
:101E800006B010BDB4390020008001B8001F00B0BA
:101E9000006001B8FFFF0F00FFF8FF0F000002B85D
:101EA000004000B84FF48062014BDA67704700BF12
:101EB000001002B84FF48062034BDA67034B1B78C3
:101EC0000BB1034A93657047002002B8653D0020BE
:101ED000008001B80523064AA2F84A3092F849303A
:101EE00003F0010363F0730382F84930704700BFC9
:101EF000001F00B070B51D4E0546F36803F0706317
:101F0000B3F1007F30D103F04EFFF368044603F0D5
:101F10007063B3F1007F22D1284602F056FD30B144
:101F2000134B93F8C42012B1002283F8C5200F4B45
:101F30001B6F9B0510D50E4B0E49D3F8A8300969CD
:101F40001A789B6843F80C1C32B94FF400320A4BE4
:101F5000CF20DA61FEF75CF98022044B1A6120463B
:101F600003F01CFF002070BD0220FCE7000002B857
:101F7000001E00B000C000B8001002B810B590B14B
:101F80000468012C0FD902696AB11168094B102C41
:101F9000196051685960916888BFD268996094BF90
:101FA000D960DA6010BD10220021024801F098FDCE
:101FB000F8E700BFFC3C0020084BC1171A68A2FBE1
:101FC000000302FB013310F1807043F10003400E67
:101FD00040EAC310803820EAE07070470C3D0020D2
:101FE0000722164B70B5DA66154B164A1E68164B5B
:101FF000F408E005C0184FEA163141F10001002352
:1020000001F04CFB114B124D18604EF66020FFF7AB
:10201000D3FF4042C5F884000E48FEF73DFC02465F
:1020200058B1E301500818184FEA16714FF0000339
:1020300041F1000101F032FBE86570BD000002B81B
:10204000703C002065CD1D00B2E60E000C3D002066
:10205000001F00B040420F0010B5044698B10B4B72
:10206000D3F8FC00FFF78AFF4FF47A7303FB04F008
:10207000074BA0F6AC50DA689B681044C01ABDE864
:102080001040FFF799BF4EF66020F8E7001F00B040
:10209000FC3C00202DE9F0410546084614461E464A
:1020A000FFF76CFF002D00F0838072076CD5286964
:1020B00000287FD04FF47A735843464BA0F6AC50BB
:1020C0009B68C01AFFF778FFE061A88B002874D0E6
:1020D0004FF47A7358433F4BA0F6AC509B68C01A3C
:1020E000FFF76AFF20613C4BE9681F68002967D051
:1020F0004FF47A735943374BA1F6AC519A685B6839
:10210000891AC91A354BC8171A68DFF8D880A2FB9C
:10211000011302FB003311F1807143F10003490EFA
:1021200041EAC31180392E4B6161DB6EA361D8F89F
:10213000003053B1384602F048FC30B12246D8F89E
:1021400000302449D7F8E40098470021A869FFF738
:1021500083FFA062A868002835D04FF47A735843F3
:10216000A0F503501038FFF727FFA060286840B1A2
:102170004FF47A72174B1B6803F51C53103302FBA4
:102180000030FFF719FFE060B30711D5284600F0D3
:1021900055F860626B69CBB10E4AD0684FF47A7221
:1021A00002FB0300A0F503501038FFF705FF206283
:1021B000BDE8F0814EF6602084E74EF660208FE7A0
:1021C0004EF660219EE747F23050CCE747F23050A0
:1021D000EBE700BFFC3C0020B43900200C3D0020A0
:1021E000001F00B0F83C002070B5064608461C46AB
:1021F00002F076FD0546D6F8F00000F011F84368CD
:10220000054A002BA8BF4FF4FA721A44034B601919
:1022100092FBF3F2104470BD0CFEFFFF18FCFFFFB1
:1022200040B10368012B05D90069034B002808BFA2
:102230001846704700487047888A0200406840B1DD
:102240004FF47A72044B1B6803F51C53103302FBE6
:102250000030FFF7B1BE00BFFC3C002070B5124C4F
:1022600088B001AD0FCC0FC594E8070085E80700E2
:102270008C2200210D4801F033FCD42200210C48AF
:1022800001F02EFC0B4B0C4A5A63FFF723FE0B4B5D
:102290001B783BB1044E01AD0FCD0FC695E807008A
:1022A00084E8070008B070BDC41F00B0A01E00B0D5
:1022B0002C1F00B0001F00B010111111543D002060
:1022C000064BD3F8D80E064B5B6F1A0103D4054BAF
:1022D0009B6E1B0401D500F580707047001000B0A4
:1022E000000002B8004000B8012370B5074C23700D
:1022F000074B1E68074B3240D3E900531940284072
:10230000FBF7ACFB0023237070BD00BF6D3D0020C8
:10231000143D0020F02F0020024B1879C0F3C000BC
:10232000704700BFF02F002010B50446FEF756FCA2
:1023300000F0BCFD2046FCF78FFFFEF7FBFBFDF72E
:1023400087FFFDF7FDFFFFF74BFE13490723134AF5
:10235000D1F8FC1004F58270FFF79CFE4FF08071FD
:102360000020FEF7B9FA4FF000720D4B4FF4001148
:102370000120C3F80021FEF7AFFAFEF77DFF20B978
:1023800040F221121421FAF7A9FA02F02AFDBDE861
:1023900010400120FDF768BE001F00B0581F00B0BC
:1023A00000D001B88023074A1367082340B11367A0
:1023B000054AD2F8A03023F02003C2F8A0307047BD
:1023C000024AF4E7001002B8001E00B0002002B874
:1023D00010B503F0E8FC012104460020FFF7E2FFFE
:1023E000044B1961044B5B6898472046BDE81040D8
:1023F00003F0D4BC000002B89040002038B5164C61
:10240000054620784FF42072B0FA80F03E21400952
:10241000FAF764FA55B14FF44062104BD3F8B43078
:10242000C3F3812323700E4BC3F8B42060784FF4BC
:102430002072B0FA80F03E214009FAF74FFA55B108
:102440004FF44062054BD3F8B830C3F38123637077
:10245000034BC3F8B82038BD663D0020004000B8EB
:10246000006000B8A82238B51B4B1D6F03F5005360
:102470001A6710229A60A3F5804302F100521A678E
:102480005A6600F039FF154B1B7813B90320FDF78E
:1024900077FF0024124B9C6700F054FF114A124B47
:1024A000D2F8D81E0B40C2F8D83E04220F4B1A6750
:1024B0000F4BAA06C3F8AC4008D503F58073DB6C5C
:1024C000B3F5817F22BF8022034B1A61FCF7A0F88D
:1024D0000022084B1A7038BD000002B8693D002088
:1024E00000C001B8001000B0DF0000FF002002B8FB
:1024F000001E00B0683D0020034B187818B9034B4C
:10250000D868C0F380307047683D0020000002B8F2
:10251000994B2DE9F04F9A6EDB6E87B002EA030803
:10252000964BC3F86880964BD3F8E070D3F8EC3044
:102530001F40944BC3F8E070934BD3F80822D3F8B4
:102540000C3202EA030A914BC3F808A203F52043B8
:10255000DA691B6A02EA03098D4B09F47702DA6132
:102560008C4BD3F80422D00605D4D3F8046116F0BE
:10257000100600F0DD8003F016FC874B5A695E6E92
:1025800002F0060BBBF1000218BF01221B6F019283
:102590001E40824A26F0007323F4006371075366DD
:1025A00004D57F4A137D0133DBB2137503F0F6FBCC
:1025B000B8F1000F00F0DD8018F4004427D003F0DC
:1025C000F2FB0146FFF77CFE0446764B1D682A6845
:1025D0002B689A42FCD02A689A42FCD0FFF770FE22
:1025E000A04240F0A780084603F0D8FB6E4B1C6069
:1025F0006E4B1D6F15F4E05B40F09E8024F07F442D
:1026000024F0DF040CB9FFF72DFF4FF08074002594
:1026100018F0020F12D0654B5D491B6F03F4604246
:102620000A67002A00F09C801A0400F19C809D0437
:1026300040F19C804FF0006300251C43C8F34038F4
:102640004FEA48085A4B3B40002B4AD017F4206F02
:102650000AD040F2C95206210020FAF73FF90020C3
:1026600000F0CCFE27F48027F80506D5FF22484B62
:1026700044F4C0649A60FEF7F9FC17F0090F0AD021
:1026800040F2DE5208210020FAF728F900F0AAFEF5
:1026900001223B4B1A6317F0106F0CD040F2E75247
:1026A00009210020FAF71AF900F09CFE00221146D9
:1026B0001046FCF771FE17F4202F0AD040F2EF52BB
:1026C00007210020FAF70AF9002000F097FE27F40E
:1026D0008027F90301D5FCF7A3FF002FB8BF48F00E
:1026E00008087A070DD5264BDB6A13F4005F4FF418
:1026F000005317BF234A2F4AD36244F4000408BF93
:10270000D3627B0548BF44F0040417F4802302938E
:1027100000F0B580FCF73CFF013806284CD8DFE814
:1027200010F068016B0168016E01710174017401A0
:1027300001963DE704464AE7FFF794FE144BC3F8C1
:1027400070B015F4805305D115F4806505D04FF0B5
:1027500080645CE74FF0804459E74FF0805457E7BE
:102760004FF0007368E74FF0004365E74FF0005308
:1027700062E74446454665E7004000B8006000B89F
:102780000040005400600054004001B8006001B8EF
:10279000002002B800E100E000C001B800E001B88C
:1027A000183D0020108A0200103D0020000002B8F1
:1027B000090B0B89005000544FF4C4620321002020
:1027C000FAF78CF801219B4A936ED2F8880003F047
:1027D0000703063301FA03F3C0F30C001B1A9BB284
:1027E000072B12D9944B1B6F58020ED49348936B4E
:1027F000926D406D58B103F0070306339940C2F360
:102800000C03C91A89B2072901D844F400748C4B0F
:102810001B78002B33D0874BD3F8E03013F4A02F74
:102820002DD1884BDFF85CB21B7883B9F2040ED44B
:102830009BF800305BB18449C4F3C003D1F8D81EC3
:1028400083F001035B0021FA03F39B0717D10420F7
:10285000FDF796FD7D4B7E49596700F019FB9BF80B
:10286000003043B97B4B1B782BB17B4B7B4A1B68F9
:102870002340134201D144F4804426F48056BAF137
:10288000000F1DD01AF4805F18BF44F480241AF49E
:10289000807F18BF44F400241AF4005F18BF44F08E
:1028A00010041AF4007F18BF44F020041AF4806F5B
:1028B00018BF44F040041AF4006F18BF44F08004BD
:1028C000B9F1000F47D019F4001F0AD0644B1B6800
:1028D0003BB1594A6348116F00680022C1F3C061DF
:1028E000984719F4802F18BF45F4007519F4803FFC
:1028F00018BF44F4805419F4801F18BF44F4003406
:1029000019F4800F18BF44F0020419F4003F18BFF7
:1029100044F4801419F4000F18BF45F0100519F4A1
:10292000002F18D0504BD3F8A03013F0C00F12D0A6
:10293000414BDA6802F03062B2F1407F05D15A6F44
:10294000D00602D49B6F190762D54FF40022474B83
:1029500029F40029DA61002E00F0468132051ED5E7
:102960004349DFF8E8B091F803A0424ABAF1000FFA
:1029700000F08A804FF400600AF1FF3A50665FFA77
:102980008AF2CA703AB93C4A1278002A43D040F61B
:1029900001423A4B5A670022134614431D43B300C9
:1029A00009D52E20FDF734FC4FF00052314B45F095
:1029B00008051A675A66F00608D52B20FDF728FC93
:1029C00010222C4B45F400151A675A6616F0306F2A
:1029D00040F0A080F10440F1FB80019B002B40F00F
:1029E000DD80274B1B68013300F0548144F0010463
:1029F000EEE044F48034E5E644F40064E2E644F4B6
:102A00008064DFE644F48074DCE644F00804D9E630
:102A100044F400149FE7DBF8782012F4A05F15BFA0
:102A20004FF4807240F60142CBF85820CBF8782062
:102A3000B1E700BF00400054000002B8004000B8F9
:102A40006F3D00206E3D0020001000B000C001B8B6
:102A5000000001016A3D0020F02F0020088D0100D8
:102A6000103C0020B4390020001E00B0002002B845
:102A7000593D002000E001B8693D002000D001B8B8
:102A80009C4000206B3D00200320FDF779FC4FF4B3
:102A90000061AA4A5166DBF8141011F0060124D037
:102AA0005046FDF735FEDBF86410DBF87030A34AC2
:102AB0000B4013F0100F1DD010232D201367536609
:102AC000FDF7A6FB4FF4001A9D499E4A4B8A13F46A
:102AD000006F1BD023F400634B82137803F0FF02D6
:102AE0005BB14FF40042534657E741F61F70506701
:102AF000CBF878104FF0000AE6E70392FDF7F8FEF6
:102B0000FFF7B0FC039A4AF0200346E713784FF42E
:102B10000052E8E732011BD52920FDF779FB8A4BEB
:102B20005B6C13B11022894B9A60894B8949DB6831
:102B300003F48042C3F380330B70FFF7EDFB28B141
:102B4000854B7E4985484B660367D2B945F004053D
:102B5000B30123D50420FDF713FC2720FDF758FB14
:102B6000FFF780FC4FF00072744B5A667C4BD3F831
:102B7000D83E590676D40222744B9A6045F002057D
:102B800023E00B6720204B66FDF742FB45F4001560
:102B90002D2045F00C05FDF73BFBD9E716F0807FB3
:102BA000DFF8A4A149D00420FDF7EAFB2820FDF7B7
:102BB0002FFBDAF87830002B3BD1FFF753FC5F4B4B
:102BC000654A45F001051A675A6600225E4B9A6510
:102BD000720509D5634A9378002B00F0A980013B68
:102BE0009370002348EA03085F4BD3F8A0301B061C
:102BF00003D520462946FCF77FF842462046294661
:102C0000FFF772FB029B0BB1FCF7F8FC0122574B5C
:102C100007F00437C3F8E070554B19F4002FC3F8E0
:102C200084211EBF4FF40022484BDA6107B0BDE893
:102C3000F08F0023CAF87830C1E7F004C5D504202E
:102C4000FDF79EFB4B4BCAF87430FDF751FEDAF8E6
:102C5000643013F0407FB8D12A20FDF7D9FAFFF78E
:102C600001FC83E7404BD3F8A020920686D40221D2
:102C7000414A9160414A126892F82520D0077FF5B9
:102C80007DAF93F8C430002B3FF478AF8022304BF7
:102C90001A6173E7334A13794BB1013BDBB213710D
:102CA00013B92E4B364A5A6700231C4390E7042081
:102CB000FDF766FB0320FDF763FB234B2D4A5A67A4
:102CC00003F071F882460DF11700FEF7A9F92D4BBC
:102CD00083461B780BB1FEF7C9F9BBF1030F0ED188
:102CE000DFF86CB00020FEF79BF9032807D1DBF872
:102CF0007430D903F6D4DBF85C300C2BF2D99DF894
:102D00001730032B06D101221F4B50461A7003F0D7
:102D100045F8C9E71D4BD3F8E03013F4A02FF2D1EA
:102D200000F0B6F8504603F039F84FF48043BCE7A2
:102D30000220FDF725FB012354E700BF00E001B8A6
:102D4000183D0020693D002000C001B8002002B8F5
:102D5000000002B8683D00201000002000D001B83B
:102D6000001000B0593D0020001E00B0006000546B
:102D700000E100E000000101001002B8B4390020B9
:102D80000000010D6C3D00206E3D0020004000540D
:102D90000122024B1A62DA61704700BF002002B8BC
:102DA0000D4B10B5DC691A6A14400C4A24F47F01FB
:102DB000D161E20706D5D9684FF0FF30C1F3036156
:102DC00002F019F8630706D5BDE810400422002080
:102DD0000021FFF789BA10BD000002B8002002B838
:102DE0000C4A08B5936B526C13400B4A9363DB0794
:102DF0000FD50A4B40F67A021878122100F0010034
:102E0000F9F76CFDBDE80840002201200021FFF722
:102E10006BBA08BD00C000B800E000B8F02F002079
:102E2000054AD2F88430DB07FBD4936FD2F88420B4
:102E30001340024A93677047008001B800A001B8B0
:102E400008B502F0B0FF0E4B1A78A2B90D4A12680D
:102E500012F4843F0FD10C4A1021D1671B7863B95B
:102E6000084B1B68DB0508D4074B2022DA67BDE856
:102E7000084002F093BF054AEEE7044BF5E700BFB8
:102E80006F3D0020F02F0020002002B8001002B893
:102E90000022044B1A70044B197811B11A70FFF715
:102EA000CFBF70476E3D00206F3D002008B502F097
:102EB0007AFF4FF00042224BC3F88020BFF34F8FC0
:102EC000BFF36F8F0122C3F88420BFF34F8FBFF38E
:102ED0006F8F0222C3F88420BFF34F8FBFF36F8F31
:102EE0000422C3F88420BFF34F8FBFF36F8F0822F3
:102EF000C3F88420BFF34F8FBFF36F8F1022C3F846
:102F00008420BFF34F8FBFF36F8F2022C3F884203C
:102F1000BFF34F8FBFF36F8F4022C3F88420BFF3FE
:102F20004F8FBFF36F8F4FF48072C3F88420BFF3CD
:102F30004F8FBFF36F8FBDE8084002F02FBF00BF77
:102F400000E100E008B502F02EFF4FF00042094B0F
:102F50001A6001225A6004225A6008225A60102224
:102F60005A6020225A6040225A60BDE8084002F0B0
:102F700015BF00BF00E100E02DE9F047DDF820A01B
:102F800003EA0108099B06460C4602EA000703EA29
:102F90000A09BAF1000F40F04E81031F0B4300F005
:102FA0000E81052871F1000380F0E48050EA0103EE
:102FB00000F06081431E0B4300F02481FFF776FF91
:102FC000AD4AD2E9005323EA040325EA06053D434E
:102FD00043EA0807A94BC2E900571E68DFF8F482EC
:102FE00026EA0A0646EA09061E60FFF729FF15F0E1
:102FF0002A4F0CBF4FF4004348F20203A04AB00727
:10300000D26EA04848BF43F4005383EA020122EA8B
:103010000302C2669C4A0B408166D366C5F38042B8
:103020001203290348BF42F48072EB0648BF42F402
:103030000052964BAC0648BF42F400726806D3F8C3
:103040000C3248BF42F48062290648BF42F4006255
:103050008F4882EA030123EA0203C0F80C328D4B49
:103060000A40C7F34024A404C0F80812C3F80C2295
:10307000EA0448BF44F48034AB0348BF44F48014EE
:10308000A80748BF44F4800415F4001F06D0D8F800
:10309000000001F0CCFE08B944F40024E90248BF66
:1030A00044F40034FA0648BF44F4000473077A4B32
:1030B00048BF44F004041A6A44F4001484EA02038A
:1030C00023F0010375491A400A621C40CB61744B1E
:1030D00016F0010F1C62734B734A08BF1A46734BFC
:1030E0007C071B6F48BF42F00062714882EA03010F
:1030F00023EA020303676F4B0A4041661A676E4A70
:1031000005F00103516CA0F5803081EA030221EA49
:103110000301416482631A40684B28025A64D8F85C
:10312000002048BF664B92F8022158BF654B6907E3
:1031300048BF43F4806322B115F4C06F18BF43F455
:1031400080733207604A48BF43F00043D2F8EC1066
:103150005E4883EA010222F4A0221140C0F8EC107C
:103160001340C0F8E0205A4ABDE8F047C2F8EC30FE
:10317000FFF7E8BEA0F580630B4306D020F4806320
:10318000A3F500730B437FF419AF02F00CFE3A492C
:10319000D1E9003223EA060322EA040242EA0802E5
:1031A0003B43C1E900324B4A126892F80211474A88
:1031B00009B313F4C06F1ED04FF4807311E002F016
:1031C000F2FD2D4AD2E9003123F004033B4341EAEA
:1031D000080157EA0807C2E900314FF480633B4A0F
:1031E0000BD0C2F8E030A2F58052C2F8EC30BDE856
:1031F000F04702F0D3BD4FF48073C2F8EC30C2F850
:10320000E030F4E702F0CFFD1B4AD2E9003123F0B1
:1032100001033B4341EA0801C2E9003101232E4A80
:1032200057EA08071BBF9363A2F5805253645364A7
:1032300008BF9363DBE750EA01037FF4BFAEBAF146
:10324000010F7FF4BBAE02F0AEFD0C4A136823F011
:10325000010343EA090313604FF48063144AB9F190
:10326000000F04D05366A2F580521367BFE71367BF
:103270005366BCE7BDE8F087F02F0020143D002026
:10328000004000B8006000B8005000B8004001B82D
:10329000006001B8005001B8000002B8002002B878
:1032A000001002B804180003041C000300C001B899
:1032B00000E001B800D001B800C000B800D000B8EC
:1032C0000D0A0A09090A0A09004000540060005466
:1032D00000500054B439002000E000B8024B1868D8
:1032E00000F00100704700BFF02F0020014B58791B
:1032F000C0097047F02F00200A4B197801F0FF0237
:1033000029B10021197008499202C1F8B4205978F6
:1033100001F0FF0229B1002159709302024AC2F85C
:10332000B8307047663D0020005000B84FF400628E
:10333000034B1A674FF40042A3F5E0339A667047D7
:10334000001002B8F8B5084C084D236F0423084F4D
:103350002B67236F5B0300D4F8BD042602203E6771
:1033600001F0A2FC2E67F4E7000002B8001002B8DA
:10337000002002B838B5044669B940B1164BDA6886
:1033800012F0606F04D04FF4C062144BDA6238BDA3
:103390009B689A06F7D4FDF769FE0F4D0020FDF7F4
:1033A0003FFE032801D0092805D16B6FDB03F5D45C
:1033B000EB6D0C2BF2D9FFF7C5FF4FF40072084BF1
:1033C000DA62012203F5E8335A61042203F58053DF
:1033D0001A67002CDBD0D6E7000002B8006001B805
:1033E000004000B808B503210920FDF773FD202235
:1033F000014B1A6108BD00BF000002B838B5054690
:1034000002F0D1FC0E4B04461868FBF7EDFF35B116
:10341000FFF73EFD2046BDE8384002F0BFBC094B37
:103420001B78002BF6D0084B1D78002DF2D1FFF74A
:103430002FFD2A464FF480400021FEF755FFE9E7B3
:10344000B43900206E3D00206D3D00202DE9F74F7E
:10345000574B074615461C6F0191002A40F0A58086
:1034600004F0A004003C18BF0124FBF7D1F8A0230E
:103470004FF0000A4F4A03201367FCF781FF042036
:10348000FCF77EFFDFF86081FFF702FD4A4B4FF04B
:10349000040BC8F87430C8F878A0FFF753FF474B07
:1034A000444AD3F8A010DFF8089141F02001C3F896
:1034B000A010FF2191604FF48071C9F810104049AD
:1034C0004048D1F8D86E3040C1F8D80EC2F870B07C
:1034D000C3F8ACA0D8F8143013F0060F04D0FDF7F1
:1034E00007FA5846FCF74CFF0CB1FFF71FFF47B136
:1034F000FDF7BCFDFFF776FF0420FCF741FFFFF767
:10350000FBFED9F81430D90749D5294AD36813F0FE
:10351000706FFBD1274B2C4A1A672C4AD36B23F0D0
:10352000F003D363019B13B12846FFF767FF284BD5
:10353000D3F84C315A1C01D05B0002D501221D4B3F
:103540005A6165B3234BDA6E03F500539A6603F5AF
:10355000D0331B6A174A23F00103D3611E4BD3F803
:103560000C1203F50053C3F8081203F50053D3F807
:10357000841003F500539967184BD3F8EC1003F54A
:103580000053C3F8E010164B596C03F500539963D0
:10359000144903F5803359664FF60843136700203A
:1035A00003B0BDE8F04FFBF79FBB00245DE700BF11
:1035B000000002B8002002B800000101001E00B0A7
:1035C000001000B0DF0000FF10003000001F00B04E
:1035D0000080E00F004000B8004001B800400054F7
:1035E00000C000B85000002F00C001B838B5144624
:1035F0000D4602F0D8FB064BD3F8A02054402C40D7
:103600005440C3F8A040BDE8384002F0C7BB00BF3B
:10361000001E00B0034BD3F8A03099430CBF01202B
:1036200000207047001E00B02DE9F04115460A4306
:10363000012A1C469DF818809DF81C70089E29D808
:10364000B84527D2082F25D8032B23D816B30A460E
:103650000021FAF719FBE300FF249C404146E443B4
:10366000DFF834C0701E4FEAC50ECAB2974202D8C6
:103670000020BDE8F0810EEB01060CEB8606D6F8C3
:10368000E02010F8015F22409D401543C6F8E0504D
:103690000131EAE72120ECE7001E00B053B94AB936
:1036A000002908BF00281CBF4FF0FF314FF0FF304A
:1036B00000F0B2B9ADF1080C6DE904CE00F006F8E7
:1036C000DDF804E0DDE9022304B070472DE9F04F96
:1036D0008C46099E04460F46002B48D18A42154667
:1036E0005ED9B2FA82F33BB1C3F120029F409D4004
:1036F0009C4020FA02F217434FEA154E1FFA85FC50
:10370000220CB7FBFEF10EFB117701FB0CF042EA35
:103710000742904207D9AA1801F1FF3702D290421E
:1037200000F258813946121AA4B2B2FBFEF00EFB29
:10373000102200FB0CFC44EA0244A4450BD92C19CE
:1037400000F1FF322CBF01270027A44502D9002F2A
:1037500000F04381104640EA0140A4EB0C04002134
:103760001EB1DC400023C6E90043BDE8F08F8B4268
:1037700006D90EB1C6E9000100210846BDE8F08F68
:10378000B3FA83F1002951D16345C0F0168182421A
:1037900040F213810846002EE7D0C6E90047E4E76F
:1037A000002A00F0AF80B2FA82F3002B40F0C28012
:1037B0008A1A4FEA154EAFB20121200CB2FBFEFC73
:1037C0000EFB1C2240EA024207FB0CF090420ED98D
:1037D000AA180CF1FF382CBF4FF001094FF0000977
:1037E000904203D9B9F1000F00F0F080C446121ADC
:1037F000A4B2B2FBFEF00EFB102200FB07F744EA76
:103800000244A7420ED92C1900F1FF322CBF4FF011
:10381000010E4FF0000EA74203D9BEF1000F00F0D9
:10382000D2801046E41B40EA0C4099E7C1F1200524
:103830008B400CFA01F400FA01F922FA05F72CFA90
:1038400005FC8A401F4320FA05F3380C23431FFA76
:1038500087FE1C0CBCFBF0F800FB18CC44EA0C44BF
:1038600008FB0EFCA4450ED93C1908F1FF3A2CBF09
:103870004FF0010B4FF0000BA44503D9BBF1000F33
:1038800000F0B880D046A4EB0C041FFA83FCB4FB14
:10389000F0F300FB134403FB0EFE4CEA0444A64580
:1038A0000ED93C1903F1FF302CBF4FF0010C4FF043
:1038B000000CA64503D9BCF1000F00F09F80034621
:1038C00043EA0840A4EB0E04A0FB02EC64457346F7
:1038D000E04602D307D1F14505D2BEEB02036CEB03
:1038E000070C0138E0465EB1B9EB030264EB080453
:1038F00004FA05F522FA01F3CC401D43C6E9005451
:10390000002132E742082F464B08AC4642EAC1721A
:10391000AE46C407110C92B241EA034142EA0142A9
:10392000B1FBF5F1B3FBF5F01F23A2EB0C0241EA6A
:10393000004142E79D40C3F1200299409C402CFA8F
:1039400002FC4FEA154E20FA02F2AFB2BCFBFEF8C1
:103950000A430EFB18CC110C41EA0C4108FB07FC92
:103960008C4550D9691808F1FF302CBF4FF0010980
:103970004FF000098C4502D9B9F1000F30D0A1EB0E
:103980000C01B1FBFEF808FB07FC0EFB181192B20C
:1039900042EA0142624534D2AA1808F1FF312CBF35
:1039A0004FF001094FF000096245BED2B9F1000F96
:1039B000BBD1A8F102012A44B7E7841A6CEB0302D9
:1039C00001201746E7E62C4402382BE7ACF1020C45
:1039D0002A440CE702392A44A5E62C440238BAE608
:1039E000A5EB0C0CA8F102006144B1FBFEF808FB4A
:1039F00007FCCAE7A8F102083C4444E7023B3C4408
:103A00005EE7414691E7A1EB0C014046B1FBFEF8B1
:103A100008FB07FCB9E700BF704700BF2DE9F8437A
:103A20000746884614460026D4E90195B9F10109F4
:103A300005D52468002CF7D13046BDE8F883AB8962
:103A4000012B07D9B5F90E30013303D0294638468A
:103A5000C04706436835E9E710B50C46B1F90E10CA
:103A6000F7F752FE0028ABBF636DA3891B1823F440
:103A70008053ACBF6365A38110BD2DE9F0411F46A3
:103A80008B8905460C46DB05164605D50223002228
:103A9000B1F90E10F7F726FEA3893246B4F90E10DD
:103AA000284623F48053A3813B46BDE8F041F7F755
:103AB0003DBE10B50C46B1F90E10F7F713FE421CCF
:103AC000B4F90C3015BF606523F4805343F4805380
:103AD000A38118BFA38110BDB1F90E10F7F7F2BD95
:103AE00002440346934200D1704703F8011BF9E7F3
:103AF000704770477047062008B5F8F759F901205C
:103B0000EFF727FF9368013B002B10B4936008DAAE
:103B10009469A34201DB0A2903D15DF8044B00F04C
:103B2000B4B81368581C1060084619705DF8044B4F
:103B30007047F8B506460F461446D518AC4201D179
:103B4000002007E03A4614F8011B3046FFF7DAFF81
:103B5000431CF3D1F8BD2DE9F047164698468A6814
:103B600007460B690C46DDF820909342B8BF134618
:103B7000336091F843200AB101333360236899061A
:103B800042BF336802333360256815F0060506D15D
:103B900004F1190AE36832689B1AAB422BDC94F8F3
:103BA00043302268003B18BF0123920630D404F151
:103BB000430241463846C847013023D023681A34AF
:103BC00054F80A2C03F00603042B0ABF54F80E5CC9
:103BD000002533684FF0000608BFED1A54F8123C78
:103BE00008BF25EAE5759342C4BF9B1AED18B5429C
:103BF0001AD1002008E00123524641463846C84702
:103C0000013003D14FF0FF30BDE8F0870135C1E747
:103C1000E1185A1C30200233224481F8430094F802
:103C2000451082F84310C2E7012322464146384638
:103C3000C8470130E6D00136D9E738B50B690546EB
:103C40000C4613B90025284638BD18B1036A0BB9D4
:103C5000F7F70EFDB4F90C30002BF3D0626ED007ED
:103C600004D4990502D4A06DFFF743FF28462146EE
:103C7000F7F7CAFF636E0546DA07E4D4A3899B050C
:103C8000E1D4A06DFFF736FFDDE7F8B50E46144628
:103C9000054618B1036A0BB9F7F7EAFCA369A360FC
:103CA000A3891A0701D5236943B921462846F8F7A5
:103CB0002BF818B14FF0FF373846F8BD2368F6B23D
:103CC00022693746981A6369834205DC21462846F3
:103CD000FFF7B3FF0028EDD1A368013BA360236881
:103CE0005A1C22601E70431C62699A4204D0A38948
:103CF000DB07E1D50A2EDFD121462846FFF79DFFDD
:103D00000028D9D0D6E7884210B501EB020402D9C9
:103D10008442234607D8431EA14207D011F8012B45
:103D200003F8012FF8E70244824200D110BD13F8D6
:103D3000011D02F8011DF7E71F2938B505460C469D
:103D400004D9162303604FF0FF3038BDC26B12B1A7
:103D500052F821304BB9284600F016F822460146A9
:103D60002846BDE83840F8F72BB8012B0AD0591C7B
:103D700003D1162303600120E7E70021204642F823
:103D8000241098470020E0E7EFF7E6BDC9B20346EC
:103D9000024410B59342184601D1002003E0047894
:103DA00001338C42F6D110BD0A44431E914200D12A
:103DB000704710B511F8014B914203F8014FF9D14A
:103DC00010BD70B50C46B1F90E1096B0154600291D
:103DD0001E460ADAA18911F0800113D14FF48062E6
:103DE000002031602A6016B070BD6A46F7F7FAFF0E
:103DF0000028EFDB019901F47041A1F5005359420D
:103E00005941EBE700214022EAE78B8973B59E0711
:103E100005460C4607D504F14703236023610123BF
:103E2000636102B070BD01AB6A46FFF7CAFF009E36
:103E300028463146F2F74FFBB4F90C3038B99A05F1
:103E4000EFD423F0030343F00203A381E3E743F03D
:103E500080032060A381019BC4E90406002BE0D00D
:103E6000B4F90E102846F7F7CFFF0028D9D0A38960
:103E700023F0030343F00103A381D2E730B51446D6
:103E80009BB005461A46002C05DA8B2303604FF0E1
:103E9000FF301BB030BD4FF40273009104916946AE
:103EA000ADF80C304FF00003199314BF04F1FF3349
:103EB0002346029305934FF6FF73ADF80E301E9B19
:103EC000F8F70EF8431CBCBF8B232B60002CE0D00E
:103ED000009B00221A70DCE710F8012B11F8013B5F
:103EE000012A28BF9A42F7D0D01A7047034611F82A
:103EF000012B03F8012B002AF9D17047034613F870
:103F0000012B002AFBD1181A013870472DE9F04720
:103F10001F468E6882460C46BE429046334653D8B2
:103F2000B1F90C0010F4906F2BD065692368096912
:103F300005EB4505A3EB010905EBD5757B1C6D1061
:103F40004B442A46AB4284BF1D462A46430527D52B
:103F500011465046F2F7BFFA064658B34A46216961
:103F6000FFF722FFA38923F4906343F08003A3812A
:103F700026614E4465613B46A5EB090526603E4639
:103F8000A5601F463A4641462068FFF7BCFEA3687D
:103F900000209B1BA36023683B442360BDE8F0879F
:103FA0005046F2F779FF06460028E1D121695046D4
:103FB000F2F79EFA0C234FF0FF30CAF80030A389C5
:103FC00043F04003A381E9E73E46DBE70220704768
:103FD0000220704700207047012070470020704782
:103FE0000E207047FAF758BB08461146012200F030
:103FF00079B870B50C4611461A46F8F77FF8059B5C
:10400000049E0493456933462046AC46BDE87040A3
:10401000604710B5F8F772F8BDE8104083690846AC
:10402000184700F0B6BBF9F743BAF9F74FBC00F0F8
:10403000EFB808B500F088FB002008BD00F0D3B849
:10404000F9F7FCBC70B504460D4616464FF48811CE
:1040500000F028F9324629462046BDE87040FBF7BB
:1040600035B8431E042818BF012B94BF012000203F
:10407000704700F0D5BD4FF4D4720021FFF730BD7A
:104080000846FCF737BD10B50446F9F791FDE8B9CD
:10409000A169D9B1238ACBB1204604F11002F9F706
:1040A000DBFBB8B9E169A9B1638A9BB1204604F191
:1040B000120200F0EDFB88B9216A79B1A28A6AB1D7
:1040C0002046E38ABDE8104000F0A7BB002323820E
:1040D000A361E6E700236382E361ECE70023636109
:1040E000236210BDF9F7DCBE0A7838B505461046E4
:1040F000FFF7B7FF60B14C782046FFF7B2FF38B149
:104100002243530704D42846BDE83840F9F76AB87B
:10411000212038BD10B504460878FFF7A2FF58B13A
:104120004A781046FFF79DFF30B1042A04D020469C
:10413000BDE81040F9F774B8212010BD00F072BA44
:10414000084600F023BD704711B9D0F8E81021B13E
:10415000CB6813B18B68D88970474FF6FF707047F2
:1041600010B5F8F7D7F8044608B900F05DFD204611
:1041700010BDF8F7C1BE00F0A1BAD0F8EC300BB911
:104180000E2070474FF6FF72C38D93420B80F7D01D
:1041900000207047F8B506460D46F8F7BBF8D8B9C9
:1041A0004FF6FF734FF0240CEF68C1B28F4208D86E
:1041B0001C4621463046F8F76BFA00F035FD2046E4
:1041C000F8BDAA680CFB0122D4899C4202D2002CC3
:1041D000EFD023460130E8E74FF6FF74EFE7C08DDC
:1041E000704700F05CBA38B504460D4600F0D2F8CE
:1041F00050B129462046F8F74BFA30B929462046F7
:10420000BDE83840F8F7F2BE0E2038BDFEF774B9AD
:10421000062AF8B504460F4615461E4623D8F8F779
:1042200085FE10B320463946F8F732FA0446A8B99D
:10423000012102460846FFF755FF204600F0F2FC38
:10424000FCF728FF3046F8F71FFE062D284607D05A
:104250002923EB40DB0703D5FCF782FF2046F8BD9E
:10426000FCF7BCFFFAE72124F8E70224F6E700F0A8
:104270003BBBF8F7EFBF00F053BA00207047084689
:10428000FBF79ABE00F033BB38B504460D4601F08B
:104290008AFD0023C4F89C50C4F89830BDE838402B
:1042A00001F07CBD38B504460D4601F07CFDD4F824
:1042B0009C301D40D4F8983023EA0505C4F8985086
:1042C00001F06CFD284638BD73B50D7806460C46E6
:1042D00035B304238DF804302379304601A98DF8D5
:1042E0000530FFF717FF0546B8B92278A37952BB0E
:1042F0008DF80430E379304601A98DF80530FFF7D9
:10430000F3FE054648B923783BB161883046F9F79A
:1043100057F90121304600F01EFA284602B070BD60
:10432000294600F018FA2946304600F03CFA2946A2
:10433000304600F040FA22782379002AC9D18DF85E
:1043400004306379C9E702228DF80420D3E700F036
:104350002ABA00F038BAF9F767BAFBF77FB908460E
:10436000FBF730BAF9F764B900F031BA0B4610B573
:1043700014461846A1689288FFF716FDE1680346C7
:1043800031B1A0886288121A92B21844FFF70CFD6E
:10439000002010BD0346408A18B1188A003818BFA3
:1043A000012070470846FBF7DBBE431C08BF002016
:1043B000F8F7DEBD10B5044600F06EF820B92046CF
:1043C000BDE81040F8F764BB10BD00F066BC2DE9F5
:1043D000FF41984604460E46174601F0EDFC05469F
:1043E0002046FFF7E7FF0A9B3A4602930023314637
:1043F00001932046CDF80080F8F798FB0446284644
:1044000001F0D5FC204604B0BDE8F08138B5044683
:1044100001F0D2FC05462046FFF7CCFF2046F8F716
:1044200063FB0446284601F0C2FC204638BD38B57F
:10443000044601F0C1FC05462046FFF7BBFF2046BD
:1044400000F039F80446284601F0B1FC204638BD9A
:1044500038B5044601F0B0FC05462046FFF7AAFF38
:10446000204600F02EF80446284601F0A0FC204625
:1044700038BD70B504460E4601F09EFC0546204648
:10448000FFF798FF31462046F8F79CFB0446284684
:1044900001F08DFC204670BDF8F736BA10B501F07A
:1044A0008BFC044600F015F8F8F756FA2046BDE8F4
:1044B000104001F07CBC024608B5F8F725FA507DA3
:1044C00008BD024608B5F8F71FFA507D80F00100DC
:1044D00008BD00F0E2BBF8F7C5BD00F0ECB800F095
:1044E000FFBA00F04FBA022A01D800F071BA2120B9
:1044F0007047022A01D800F07CBA21207047022AB6
:1045000001D800F089BA2120704738B504460D461D
:1045100000F05BFA28B129462046BDE8384000F09B
:104520008BBA022038BD70B504460D46164600F021
:104530004CFA30B1324629462046BDE8704000F0C2
:1045400093BA022070BD0E20704738B504460D4660
:1045500000F03BFA28B129462046BDE8384000F07B
:10456000AFBA022038BD38B504460D4600F02DFA2A
:1045700028B129462046BDE8384000F0A9BA0220FB
:1045800038BDFAF715BC0846FAF730BC03469B8ED7
:1045900008469342114601D3FAF754BC21207047D4
:1045A00000F0ADBAFAF770BC0020704700207047E9
:1045B0007047D0F8A03003F06003402B0DD0602B83
:1045C00003D0203B58425841704749B10B68012B3A
:1045D00006D9486940F00100704740F20110704769
:1045E000002070470D281CD00F281AD0102818D092
:1045F000112816D020F090030D2B11D00F2B0FD0C7
:1046000020F010030D2B0BD00F2B09D020F08003CE
:104610000D2B05D0A3F10F02022A98BF1846704750
:1046200018467047F7B504461046D4E956C7DDE989
:1046300008268CEA020587EA06010540194085EA4A
:104640000C057940C4E95651002523F4004106EADF
:10465000010320F0010043F40073024043F0020321
:1046600001950095FEF788FC94F824309A0713D53D
:10467000D4F85C319B050FD54FF48811204600F02B
:10468000C1FB94F82430024665F3410384F82430DA
:1046900020460B46F8F71EFC002003B0F0BD30B4F6
:1046A000D0F8A0300A4023EA01031343C0F8A03039
:1046B00030BCF9F7A7BC0220FBF766BF08B5D0F8FD
:1046C000F0304BB11A68022A06D993F825204AB176
:1046D000186AB0FBF2F008BD40F68C324C21002085
:1046E000F8F7FCF80020F6E7D0F8F02008B57AB12A
:1046F0001368022B0CD9536A13F47F4FC3F30721BD
:1047000006D0126ADBB253438B42B3FBF1F006D200
:10471000002040F6AB324C21F8F7E0F8002008BD4D
:104720000346B3F83E2108468A4203D0A3F83E115F
:10473000FBF7D2B80020704790F83C310D2B14BF26
:1047400090F82B00FF20704708B500F029FBBDE86A
:104750000840FCF7CFBC38B50C464FF40061054665
:10476000FEF758FF60B16CB195F82A3163B94FF488
:1047700080722846BDE838404FF48071FEF736BF9E
:104780002202F6E72246F4E738BD4FF48071FEF7C7
:1047900041BF10B50023F8F779FD044608B9FDF7CD
:1047A00017FE204610BD08B54A024FF40071FEF70F
:1047B0001DFF002008BD08B58A024FF48061FEF796
:1047C00015FF002008BD4FF40071FEF723BF70B540
:1047D0008D8806460C463DB90B688A689B1A236093
:1047E00005230020A37170BDF8F7C2FC96F82720BE
:1047F000EB00023A012A98BF033360B1B3F5803F62
:1048000009D84FF22441420901FB03220009B2FBFF
:10481000F0F22368E2E70220E5E7B2F5805FF8B541
:104820000F460646154619462ED89A422CD33F2AE3
:1048300028D9B2FA82F40122C4F11F03DBB29A40F4
:1048400092B2AA422CBFC4F11904C4F11A04E2B214
:104850000124931DDBB29C40A4B2AC4214BF0120E2
:10486000002002D096F8013183B996F8243060F325
:10487000C71386F824303846FAF70EFD0020376259
:10488000B582F8BD0022E3E72120FAE70E20F8E721
:1048900070B505460E46144602B313883F2B1DD94A
:1048A000B3FA83F3C3F11901C9B2062901D8192B50
:1048B00012D0062928BF062101238A1DD2B29340B7
:1048C00030462380FAF708FD23882846EE616B8284
:1048D000FAF78AFD002070BD0021EDE72120FAE7FC
:1048E0000E2070470020704790F82D00704708B5E3
:1048F0000B46062200F59E711846FFF755FA002078
:1049000008BD0429F8B505460C460AD10026F7B2C1
:104910003846FBF7AFF808B13C4602E00136042EFA
:10492000F5D12046FBF7A6F858B195F83C31A342E3
:1049300009D085F83C4105F59E70BDE8F840FAF7CE
:10494000D1BF2120F8BD0020FCE70022F9F760BCB0
:10495000A0F84A30BDF90030C0F89410A0F8482003
:10496000A0F84C3000207047F9F78ABD10B5144606
:1049700008460121FCF70EFA2046BDE8104001214F
:10498000FCF708BA70B5044615460E4609B9212051
:1049900070BD130617D400F048F931462046FFF7E2
:1049A000F9FB4FF6FF739842F1D000F03EF9204634
:1049B0004FF400310022FEF719FE29462046BDE8DB
:1049C0007040F9F767BA0E20E2E78021FEF722BEB9
:1049D0007FB5531C05AA0292022201920022ADF873
:1049E000141000921146DBB2FEF71EFE07B05DF810
:1049F00004FB7FB5531C05AA4FF0040C029202225F
:104A0000ADF81410CDE9002C01210022DBB2FEF735
:104A10000BFE07B05DF804FB1FB54FF0080C531CEC
:104A20000022CDE9002C01220291DBB21146FEF7F3
:104A3000FBFD05B05DF804FB08B50A044FF48031B6
:104A4000FEF7D4FD002008BD07B591F8283000938B
:104A500091F82B3091F8292091F82A10FAF76EF985
:104A6000002003B05DF804FBF8B514468A0706463B
:104A70000D4601F001070CD43FB1A2044FF4802190
:104A8000304602F48022FEF7B1FD6B070FD4002000
:104A9000F8BD3FB104F00100C4F340038342EBD002
:104AA0002120F5E74FF48021FEF7B4FDF4E7A206DC
:104AB0004FF08051304602F08052FEF797FDE6E756
:104AC00008B50A054FF48011FEF790FD002008BDDF
:104AD00008B5CA044FF40021FEF788FD002008BD88
:104AE00009B141F01001F9F7D5B910B50446F9F74D
:104AF000CBF901462046BDE81040F9F7CBB90029B3
:104B000014BF212000207047D0F8EC30C3B15869A1
:104B1000B0B1531EDBB2FD2B10D9036813F1020FA5
:104B200008BF4FF0FF33FF2A0B6005D143689A1C82
:104B300008BF4FF0FF334B6000207047012AF4E7B5
:104B40002120704738B5054610460C46FAF79EFA04
:104B5000C5B1D5F8EC30ABB15A699AB1431EDBB29E
:104B6000FD2B11D90B685D1C04BF6FF001030B60B6
:104B70001360FF2806D16368591C02D16FF001034E
:104B800063605360002038BD0128F3E738B505465F
:104B9000FCF7CEFE04460021A878FAF709FB204670
:104BA00038BD2DE9F74F01251C469DF830300646EB
:104BB00001930368174603F0070306339D4005F190
:104BC000FF380B46A1B1416804EA080BA5EB0B0ABC
:104BD00041F00059524509EB0B0114D952461846D1
:104BE000FFF7E2F849467A1B5A445044FFF7DCF8D5
:104BF000019B2BB13C4448EA050804EA0804F46030
:104C000003B0BDE8F08F1846F0E737B5002514462D
:104C10000095FFF7C6FF204603B030BDF9F718BD79
:104C200000207047002070477047704710B549005A
:104C300004461AB1032938BF032103392268C90386
:104C4000B2FA82F314D0B1FA81F01B1A002B0DDDF9
:104C5000C3F10F00012838BF012003F01F03D94022
:104C60008A4201D201384908216010BD0F20F7E7C0
:104C70000F20F9E7012805D9023818BF4FF0FF309F
:104C8000C0B27047012070470A4690F894109B29E3
:104C900001D8F9F73FBA2120704708B5FBF7C0FDEE
:104CA000BDE80840FBF7E4BD38B50446FFF7F5FF63
:104CB0000546FFF7F2FF431BA342FAD338BD38B5D0
:104CC0000D460446FBF7ACFD35B1844200D90139ED
:104CD000204601F0030138BD844238BF0131F7E7B7
:104CE00008B50121FFF7EBFFBDE80840FBF7C0BDA9
:104CF0000B0C23F48053B3F5284FF7B50D468FB254
:104D0000064699B217D04AF60103994215D04AF6E1
:104D10000203994213D0B1F5204F14BF0424032499
:104D2000D6F8EC300BB1196859B9D6F8E83093B918
:104D3000286803B0F0BD0024F2E70124F0E7022464
:104D4000EEE723463A466846FBF7F0FD019B002B51
:104D5000EBD10098EDE719680029E9D023463A46DF
:104D60006846FBF7E3FD019B002BE1D1F1E700F082
:104D7000D9BC02044FEA901309D4C3F30903A3F189
:104D8000C8006FF4FF739842B8BF184607E06FEA97
:104D900083536FEA935313F5007F18B2EFD1704736
:104DA000012200210320F9F77BB808B51C20F0F799
:104DB0002BF94FF0B042936813F0080F4FF0010346
:104DC00002BF9268C2F303129340B0FBF3F008BD38
:104DD0004FF0384359699A6903F500530A405A6104
:104DE00070470E207047FDF793BBFDF791BBFDF7B1
:104DF0008FBBFDF78DBB08B50846FDF7C9FF08BDA1
:104E0000FDF786BB38B505460C4600F0CCFFD5F85B
:104E10009C301C40D5F898302343C5F8983000F0FA
:104E2000BDFF211E18BF01210020490238BD00200E
:104E300070470139024410B5904201D1002005E0CD
:104E4000037811F8014FA34201D0181B10BD0130A7
:104E5000F2E7000008B5054BD3F87C03FFF7C2F872
:104E600000F00300C31E5842584108BD900D0020B9
:104E7000EFF31182302383F31188084B49B1D3F843
:104E800090130843C3F8900382F31188BFF36F8F28
:104E90007047D3F8901321EA0000F3E7900D00204B
:104EA000EFF31182302383F31188064BD3F890334C
:104EB00082F31188BFF36F8F1840003818BF0120AC
:104EC000704700BF900D002008B5E9F7B3FC38B17A
:104ED000044BD3F8940318B103681878C0F340105A
:104EE00008BD00BF900D002008B5E9F7A3FC50B144
:104EF000054BD3F8940330B10368188800F007001D
:104F0000C31E5842584108BD900D002008B5064BFD
:104F1000D3F87C03FFF766F8012801D0F3F76EFDA4
:104F2000BDE80840F3F764BD900D002008B5FFF719
:104F3000CBFF00B9FEE700F025FF00B9FEE7012135
:104F40004FF48060FFF794FF00210220FFF790FFED
:104F500000214FF48030FFF78BFF00210820FFF77E
:104F600087FFF3F745FD0022014B83F8B52308BD09
:104F7000900D00202DE9F04F4B4DF1B00EAC02909A
:104F8000E8F7CAF92146D5F87C03FFF7E8F9B4F849
:104F900002C0BCF1020F40F2E882274650AE0FCFAC
:104FA0000FC63B68BCF1270F336009D92723A288BD
:104FB000ADF84231262A82BFADF844310023539325
:104FC00030AE3146D5F87C0350AAFFF7CFF99DF8F3
:104FD0004271002F00F0C9820DF170080DF1C1007F
:104FE000A368C8F800001B78A8F80430F3F71CFD8C
:104FF00000F44050B0F5005F40F0BE82207CE8F73E
:105000002EFA0DF12009009049464046F3F771FD54
:10501000009B99F808B03BB395F8D97567B1BBF11F
:10502000000F23D0BBF1020F18D149461846E8F70C
:105030008FFA471C18BF0127BBF1010F95F8DAA5BD
:1050400095F9DB651BD1E8F7F3FEB9F80030D0F82D
:1050500000B0BBF1000F0BD100237DE0B9F80010C8
:105060000098E8F71DFAE4E7009FE5E75F46E3E70D
:10507000BBF806209A4219D0DBF800B0E9E7BBF193
:10508000020FE9D1E8F7D4FED0F800B0BBF1000F71
:10509000E2D0082249460BEB0200FFF7CAFE28B116
:1050A000DBF800B0F2E700BF900D00209BF8042071
:1050B0009007C2F3400944BF8DF814A04FF00109D6
:1050C000510717D595F8DC35F31A5BB2002BC0F207
:1050D000A7817F2E08BF00238221C3EB0323B3FBEC
:1050E000F1F305A901F80930B9F1000F40F085820C
:1050F0004FF00109130740F1958182228236C6EBF9
:105100000626B6FBF2F609F1010305AA02F80960CA
:105110005FFA83F9009B002B9ED0B5F8DD354A4637
:1051200023F4FF43A5F8DD3509F1040385F8DD35E7
:105130009B2385F8DF35B82385F8E035EA2385F829
:10514000E1350023CA4805A909F1060985F8E235C9
:10515000FEF72AFE5FFA89F34FF0000A13AD5146BD
:10516000222228460DF1110901938DF89FA0FEF728
:10517000B7FC8DF834A089F800A08DF812A0D8F8FB
:1051800000A026AE5046F3F74FFC00F44053B3F5B1
:10519000005F0DF12C0B40F0E881800640F1E581C5
:1051A00059465046F3F74BFC9DF83430002B00F085
:1051B000DC81012B06D14FF6FF73BDF82C209A42FB
:1051C00000F0D381D8F800000DF15A01F3F759FC33
:1051D000002840F0CA8195F816B0BBF1000F00F02E
:1051E000C481D8F800A05046F3F7A2FC98B1494614
:1051F0004046EAF7FAF9002840F0B78199F8003004
:10520000052B40F0B28140460DF11201EAF7C5FBD3
:10521000002840F0AA815046F3F706FC8146EAF7E1
:105220008CF901464846EAF759F9002900F0048153
:1052300003905046F3F7FAFB039BC9F3812900EB77
:105240004300B9F1020FC0B200F0F180B9F1030FD1
:1052500000F0F080FF2800F088813AF800306B837E
:1052600001236B7798F806302022B3714FF00003CA
:1052700000210DF2411928A8B380C6F80090FEF76E
:105280002FFC7C4B2A7B9DF811102B609DF812306F
:10529000012AA977EB7700F0D680022A0CBF0323FE
:1052A0000023BBF1010F4FEA833300F0CE80BBF146
:1052B000020F0CBF03200020003918BF012143EA70
:1052C000C10343EA802343F4005A4AF0020A002A49
:1052D00040F0BD806A7F002A00F0C48095F821303C
:1052E0000DF1180B03F001034AEA032A4FF4FE0301
:1052F00051465846CBF80430CBF80090F3F7CCFA7F
:105300001AF4807FBBF80410BBF8063003D14A1CA6
:105310009A4298BF91B250460393EAF7DFF800280B
:1053200040F0AA80DBF80020039B5846ABF804103D
:105330000DF15A01CBF80020ABF80630F3F7B8FABC
:105340005046EAF7FAF8002840F0A380DBF8001096
:10535000BBF80630BBF804200DF1180B5846069137
:1053600014A9ADF81E30ADF81C20F3F7A1FAAB7FFD
:105370000699BDF81CA0BDF81EB0D3B1EA7F134357
:105380000AF10102934528BF01F80A30184628BFE8
:105390001FFA82FA0393E8F7BDF90138039B1AFA62
:1053A00080F0834528BF1FFA80FA1846E8F79DF978
:1053B00003462A88032A09D10AF10102934522BF34
:1053C00095F8200001F80A001FFA82FA02335AFA0F
:1053D00083F39B45484628BF1FFA83FAF3F724FB63
:1053E000002F5BD040F0100080B28DF84101000A20
:1053F0008DF842014846F3F717FB019B002B50D074
:1054000040F4007080B2D8F800508DF84101000AD5
:105410008DF842012846F3F707FBC10544D5FEE7A6
:10542000002359E6B9F1000F3FF416AE72E60230E0
:10543000C0B20FE70830FBE700283FF413AF504637
:10544000F3F7F4FA06E702232BE7022034E7022AF7
:1054500003D1BBF1020F3FF43DAF298B6A8B914220
:105460007FF43CAF43F4015A4AF0020A36E700BF2A
:105470007313002002000020ABF804105846698B1B
:10548000F3F70AFADBF80020BBF80410BBF806308B
:105490004BE75846298BF3F7FFF957E720F0100048
:1054A000A2E720F40070ADE74846F3F7BDFAC20565
:1054B00000D5FEE7AB7828468DF84331F3F738FB8B
:1054C00070B10DF1130529464046EAF7AEF8002801
:1054D0004BD130469DF81310A6F804A0EAF786FADF
:1054E000019B93B14846F3F79FFA830540D53046B8
:1054F000A6F804A0EAF7BCF8019A41494844FEF72F
:1055000053FC019B53441FFA83FA4846F3F710FB00
:1055100080B330460099C6F80090A6F804A0EAF7D8
:1055200076FA10BB3068B6F804A0A388EBB1A56882
:105530006288013B0135013A9BB2A5606280A3807D
:1055400003B9E568F3F7F4FA18B12B7843F00403D4
:105550002B701FB12B7863F07F032B70524602989B
:1055600050A98DF840A1FFF711F871B0BDE8F08F98
:10557000FF20C1E74846D8E795F8D925012F0CBF91
:1055800000237378002A31D0029850A9FEF7FBFF60
:1055900000282FD1207CE7F762FF0028E5D09DF896
:1055A0004831032B1BD150A9E7F7D2FF0130DCD0E3
:1055B0000298FEF7E6FFE8B9A388002BD5D0A268D1
:1055C0006188013B013201399BB2A2606180A380F6
:1055D00003B9E268137863F07F031370C5E7022B09
:1055E000C3D1BDF84011E7F75BFFDFE703F0070326
:1055F000012BDCE70228B8D0FEE74FF0020989E56D
:105600006D130020174A9368C3F304430C2B0AD888
:10561000DFE803F00B0909090909072119091B1D16
:105620001F001148704700207047936803F04073D3
:10563000B3F1807F11D0B3F1007F10D0002B0B4865
:1056400018BF002070470A4870470A4870470A4848
:1056500070470A4870470A4870470A4870470A4826
:10566000704700BF0040015A405DC60000093D0080
:10567000C0EA210180BA8C010048E801005A6202A8
:105680000024F40080841E0040420F000E49D1F82F
:105690002831A0B10022A3B1834204D183682AB982
:1056A000C1F8283103E01A469B68F4E793608368E9
:1056B0001BB15A6941690A445A610020704722208F
:1056C00070470220704700BF103000200A4B1B6F4C
:1056D00003F00703013B032B03D8DFE803F00B03C0
:1056E0000609FEE7054B18687047044B5868704779
:1056F000034870470348704700800050A03F0020D7
:1057000080D54302002D310108B5FFF7DFFF044BC0
:105710001B6FC3F301330133B0FBF3F008BD00BFCF
:1057200000800050014B5868704700BFA03F002028
:1057300038B5164AD2F8803243F00103C2F88032FD
:10574000134B5B68C3F3080343B14FF0A842D36B1C
:1057500013F0430FFBD11424204638BD4FF0A8436B
:10576000DC6B14F04304FBD10A4DD5F8E43123B9C6
:10577000042105F5F270E4F78FFAD5F8E43101332E
:1057800043F00043C5F8E431E6E700BF0080005075
:1057900000ED00E0103000202DE9F74F002800F068
:1057A000CB80664B1A68904203D359680A449042F2
:1057B00004D35B6A002BF5D15B69FFDED3E9054CAE
:1057C000EFF31188302282F3118810F8082C30F89A
:1057D000067CD207A0F1080600D53FB988F31188EE
:1057E000BFF36F8F012003B0BDE8F08F9968D3F845
:1057F00010A0A1EBC7010AF1010299601A6130F80B
:1058000004EC7D1CBEF1000F00F08C804FEACE024C
:105810000192A6EBCE0292F800B010F8089C1BF0A3
:10582000010F09F002096DD1B9F1000F6DD1B2F885
:105830000290B2F806E0AEEB090EBEF1010F71D195
:105840000237083907EB0905C3F810A0996030F852
:1058500002ECBEF1000F69D0D3E9001706EBCE09C8
:105860003944894562D216F83E104F4611F00101C5
:1058700017D130F8066CAEEB0606012E11D1B9F83F
:105880000260A9F80210B9F8061001363544002963
:105890004AD009EBC10719690139196199680839BA
:1058A0009960002610F8081C20F8066C21F0010110
:1058B00000F8081C1178013D66F300015580117055
:1058C000002F35D0C2F107013944C1F3CF01D18097
:1058D000B9807CB394422DD86188002908BF144652
:1058E000BCF1000F06D0944504D3BCF80210002987
:1058F00018BF6246C3E9054288F31188BFF36F8F72
:10590000002070E7B9F1000F0CD0019F7544C91B4E
:10591000996010F8081C21F0020100F8081C002111
:10592000918094E7324692E70F46B4E70027B8E744
:10593000D780CEE71446D3E7222054E77019002021
:1059400037B5F8B10024C461EFF31185302484F336
:1059500011880E4CD4F8284114B1A04210D1012472
:1059600085F31188BFF36F8F74B9BDF81C50019592
:105970009DF81850009500F06FF9204603B030BD37
:10598000A468E9E72220F9E70320F7E710300020B8
:1059900038B50021044640F2E730054B4FF47A72E7
:1059A0001D680023E4FB0501FDF778FE38BD00BF4C
:1059B0008C0D002010B50F4B1A689AB14FF47A7114
:1059C000531E1342A0FB01010ED1B2FA82F2C2F1C2
:1059D0001F04531CD243E04001FA03F3184321FA99
:1059E00002F20243104610BD0023FDF757FE0246A7
:1059F000F8E700BF8C0D002030B5104A4161D2F8A5
:105A000028318BB9C2F8280183600CE0491B416141
:105A10009D681C462B461DB15D698D42F6D92CB19F
:105A2000A06083602BB930BD0024F5E7C2F82801DF
:105A300083605A69521A5A61F5E700BF103000209E
:105A400010B5EFF31184302383F31188F1F758F880
:105A5000074BD3F8FC114FF0B0435B69DB0702D56D
:105A6000F1F74EF8013184F31188BFF36F8F10BD49
:105A70001030002070B52C4CD4F82831002B51D0B8
:105A800059692A4B002941D0D4F800224FF0B04583
:105A9000114408229A61EFF3108672B6F1F730F8DC
:105AA0002B6C6A69150704D41A1A032A01D8984284
:105AB0000ED10B1A022B98BFC11C4FF0B043B1F1AD
:105AC000FF3F38BF01390822196403F580539A61FA
:105AD000174A304600F062F992F8283043B14FF08F
:105AE000B041CB6B43F00203CB63002382F8283034
:105AF0000023D4F8282184F804322AB1D1888907F8
:105B000008D5012384F80432002070BD08229A6170
:105B10005A61EDE79268002AF6D051690B44012BD7
:105B2000ECD9F1E72220F0E71030002000100058F7
:105B3000A03F002010B5F0F7E3FF0B4CD4F8003283
:105B4000D4F82811C31A11B9C4F8000210BD002BF3
:105B5000FAD04A699A423ABF9B1A0022D21A4A6185
:105B600028BF00238968EEE710300020F8B505460D
:105B700028B3EFF3108672B6FFF7DCFF114B28460F
:105B8000D3F82871FFF782FD044620B1304600F0BB
:105B900005F92046F8BDAF42F8D1FFF76BFF222888
:105BA000F4D10122084B83F828204FF0B042D36B88
:105BB00023F00303D3630822044B9A61E6E722240F
:105BC000E7E700BF10300020A03F00200020005871
:105BD00010B5EFF31184302383F311880C4B0D4A79
:105BE0001B68183B13F1180F04D184F31188BFF31D
:105BF0006F8F10BD19680968914202D09B69183BEC
:105C0000F0E71B6953F82030002BEED09847ECE703
:105C1000F83100200000045010B50446E8F70AFEF1
:105C2000B0B1B4F5007F4FF001010ED12046FFF76F
:105C30001FF900211020FFF71BF900210548FFF78D
:105C400017F9BDE81040F2F7D3BE4FF48050F2E7E9
:105C500010BD00BF0A0001002DE9F0411F469DF86C
:105C60001830164603710023BDF81C20C0E90363F9
:105C700007608360C28004460D46F0F741FF284468
:105C8000A0613DB96561CEB1394620463346BDE8D5
:105C9000F0411847EFF3108672B6FFF74BFF294625
:105CA0002046FFF7A9FE064B1B689C4201D1FFF777
:105CB000E1FE3046BDE8F04100F070B8BDE8F0818B
:105CC000383100204FF4807370B596B002920124F1
:105CD00021220193102303940493059206910794C3
:105CE0000893099201AA0A9206AA0B9204220C9226
:105CF00011220D920AAA0E900F92109340F61103F2
:105D00001193194B12930EAB1393184B149346F641
:105D100011031593FFF70CFD1428044620D1EFF36F
:105D2000108072B64FF0A8431E681D6900F036F867
:105D30004FF0A843032212A95A63196002A91961FE
:105D40009A63DA6B9207FCD1142C06D1EFF3108022
:105D500072B61E601D6100F021F8054B5B6801E022
:105D60000028E5D016B070BDF431002004000020FA
:105D700000ED00E00846E7F793BA1046E7F790BA5F
:105D80000020704708B5E8F755FD20B1BDE8084090
:105D90000820FFF785B808BD0020704710B962B62B
:105DA000BFF36F8F7047EFF3108072B6704780F3C8
:105DB0001188BFF36F8F7047EFF31180302383F3A7
:105DC00011887047012303FA01F1EFF311833022A8
:105DD00082F3118800F5005200F580505165816210
:105DE00083F31188BFF36F8F7047EFF31182302375
:105DF00083F31188436B82F31188BFF36F8F012007
:105E000088401840003818BF012070474FF0984371
:105E10005A6CD202FCD5586D00F47020704708B55A
:105E200028B128220021FDF75BFE002008BD2120BB
:105E3000FCE7036A042B9FBF00EB83020133D160B0
:105E400003627047036A10B5052B15D84FF09842CE
:105E5000116CC902FCD504339B00136503684FF035
:105E60009844136043681360034653F8081F116099
:105E70000022016A914200D810BD53F8041F01327C
:105E80002160F6E708B508B9212008BDFFF7DAFF61
:105E9000FFF7BCFF0028F8D0B0F5802F17D00BD843
:105EA000B0F5003F15D0B0F5403F14D0B0F5803FBD
:105EB00014BF01204820E8E7B0F5202F0DD0B0F541
:105EC000302F0CD0B0F5E02FDED00120DDE74B20E5
:105ED000DBE72A20D9E72C20D7E71020D5E71120CF
:105EE000D3E7836882B013B9816002B070478368DA
:105EF0000193019B5B68012B019B01D15960F4E781
:105F00005B68F5E708B5EFF31181302383F311885F
:105F1000F0F7F6FD81F31188BFF36F8F08BD38B538
:105F20000C46EFF31185302383F311881D2836D8F2
:105F3000DFE800F00F17351B1D1F352123353535E0
:105F4000252735292B2D2F35353535333535353545
:105F50003531FFF7BBFB206085F31188BFF36F8FEE
:105F600038BD0120EFF750F8F5E70320FAE70420E9
:105F7000F8E70C20F6E70220F4E70620F2E7072016
:105F8000F0E70820EEE70520ECE70920EAE70A2021
:105F9000E8E70D20E6E71020E4E70B20E2E7002029
:105FA000D9E7000000000000000000000000000031
:105FB00000000000000000000000000000000000E1
:105FC000F8B500BFF8BC08BC9E467047F8B500BFE6
:105FD000F8BC08BC9E4670475FF800F0213E0020E8
:105FE000000000007AFF809F79FF009F73FF809E72
:105FF000E13A020068610200010008004861020005
:1060000001000800FFFFFFFFFFFFFFFFFFFFFFFF93
:10601000000000000000000000000000010000007F
:10602000FFFFFFFF4B60D2273E3CCE3BF6B053CC88
:10603000B0061D65BC86987655BDEBB3E7933AAACA
:10604000D835C65A512563FCC2CAB9F3849E17A736
:10605000ADFAE6BCFFFFFFFFFFFFFFFF00000000FF
:10606000FFFFFFFF96C298D84539A1F4A033EB2D6E
:10607000817D0377F240A463E5E6BCF847422CE15A
:10608000F2D1176BF551BF376840B6CBCE5E316B9E
:106090005733CE2B169E0F7C4AEBE78E9B7F1AFE62
:1060A000E242E34F0100000014DEF9DEA2F79CD6C5
:1060B0005812631A5CF5D3ED386202001C620200CC
:1060C000006202000000000002000000F86102000F
:1060D00003000000F061020004000000E86102001B
:1060E00005000000E061020006000000D861020027
:1060F00007000000D06102000E000000C86102002D
:106100000F000000C061020010000000B861020032
:1061100026000000B061020027000000A861020014
:1061200028000000A0610200290000009861020020
:106130002A000000906102002B000000886102002C
:1061400000000000000000005F9C95BCA3508C2460
:10615000B1D0B1559C83EF5B04445CC4581C8E865F
:10616000D8224EDDD09F1157E0EB7A7C3B41B8AE90
:106170001656E3FAF19FC46ADA098DEB9C32B1FD41
:10618000866205165F49B800B683020070942B053D
:10619000CA83020070932A05DE83020070922905EB
:1061A000F283020070842805FE83020070832705B5
:1061B0000A840200708226051684020070641009A9
:1061C0002284020070630F092E84020070620E099F
:1061D0003A840200902407004684020090230600BF
:1061E00052840200902205005E8402001014040014
:1061F0006A84020010130300768402001012020069
:10620000020000000000000000000000000000008C
:10621000000000000000000000000000020000007C
:1062200000000000000000005DB200005DB2000050
:10623000F56900001B9C000002000000996A000044
:1062400059D10000AF6A0000B36A00000F6A000075
:106250009D6A000013B779FAC925DDB7ADF3CFE029
:10626000F1B614B80102000000000000FFFFFFFFBC
:10627000020000000100000000000000000000001B
:10628000000000000000000000000000000000000E
:1062900000000000000000000000000000000000FE
:1062A0000000000010141400101C2030401C2000BE
:1062B000001C203040000000D80A0020DFD300007E
:1062C000E1D20000D7D200001DD4000025D3000089
:1062D00019D30000523000523100523200523300C4
:1062E00052340052350052360052370052380052B4
:1062F00039005231300052313100523132005231C6
:1063000033284C5229004D535000505350005043F5
:106310000078505352004D535020757365640050FF
:10632000535020757365640043535441434B2062BE
:106330006F74746F6D004943535200534843535276
:1063400000494E545F4143544956453000494E542C
:106350005F41435449564531004346535200484635
:1063600053520044465352004D4D41522F42464134
:1063700052004146535200526574300052657431E8
:1063800000526574320052657433005265743400F3
:10639000526574350044617430004461743100000A
:1063A000505341004B455900534C2D4F50454E54CE
:1063B00048524541442F332E312E312E305F4769EC
:1063C000744875622D6662323734656665363B20E7
:1063D00045465233323B20536570203134203230F1
:1063E00032362030393A30333A3030000000000085
:1063F00077000000000000007000000000000000B6
:10640000010000006000000000000000010000002A
:1064100061000000000000000100000063000000B7
:10642000000000000100000041000000000000002A
:106430000100000043000000000000000100000017
:1064400048000000000000000100000047000000BC
:1064500000000000010000000D1500000000000019
:1064600001000000520000000000000001000000D8
:106470005A00000000000000010000005B00000066
:1064800000000000010000004200000000000000C9
:1064900001000000490000000000000001000000B1
:1064A000000000000B0000000100000000000000E0
:1064B0000E00000001000000000000006800000065
:1064C000000000003000000000000000000000009C
:1064D0006600000000000000010000002100000034
:1064E0000000000001000000360000000000000075
:1064F0000100000044000000000000000100000056
:1065000045000000000000000100000046000000FF
:1065100000000000010000004B000000000000002F
:10652000010000004C00000000000000000000001E
:106530002200000000000000010000000D19000012
:1065400000000000010000003E15000000000000F7
:1065500000000000710900000000000000000000C1
:10656000AD88020021F0000000000000B5880200A4
:106570001FDC000000000000B888020097DE000069
:1065800000000000BD880200352F0100000000005F
:10659000C288020025DD000000000000C88802005B
:1065A00009DF000000000000D68802004DDF000077
:1065B00000000000A6840200B1D600000000000028
:1065C000AC840200C1D6000000000000E688020092
:1065D00059DC0000000000009E870200BBDA0000CA
:1065E000A987020019DB00000810000085140100D3
:1065F0000000000004130000A5D900000000000006
:1066000005130000950101000000000008100000C3
:106610000D150100000000000413000041D9000026
:106620000000000005130000390201000000000016
:106630000000000087E100000000000001000000F1
:106640008FE1000000000000020000009509010039
:106650000000000003000000ABE1000000000000AB
:1066600004000000B1E1000000000000050000008F
:10667000B7E1000000000000060000006BE0000031
:10668000000000000700000095E00000000000008E
:106690000800000035E200000000000009000000D2
:1066A00081E10000000000000C0000009DE00000FF
:1066B000000000000D0000008DE000000000000060
:1066C00020000000ADE200000000000021000000FA
:1066D000D9DF000000000000220000003DE00000C3
:1066E0000000000023000000BD08010000000000C1
:1066F00024000000D1170100000000002500000068
:10670000E1170100000000002600000081EE0000FB
:106710000000000027000000A7E0000000000000CB
:106720002900000045E00000000000002A000000F1
:1067300005180100000000002C0000001D180100D9
:1067400000000000300000004DE0000000000000EC
:106750003100000037E000000000000032000000BF
:10676000810801000000000034000000A1E20000E8
:106770000000000035000000770801000000000064
:10678000360000006D080100000000003700000026
:10679000BDE200000000000038000000E5DF00005E
:1067A00000000000B00000001BE20000000000003C
:1067B000B100000021E2000000000000020800001B
:1067C0000D2801000000000004080000FDDF0000AB
:1067D000000000000508000005E0000000000000C7
:1067E00000090000B7E00000000000000B120000EC
:1067F00027E20000000000000C1200003518010024
:10680000000000000D120000CDE2000000000000BA
:1068100003130000D5E2000000000000004000006B
:10682000D5D800000000000001400000AFE00000EB
:106830000000000002400000D7D800000000000067
:10684000034000005B090100000000000202030099
:106850000000FFFFFFFF00000000FFFFFFFFFFFF42
:10686000FFFFBCE6FAADA7179E84F3B9CAC2FC636A
:10687000255100000000045001000000000000004D
:10688000000000000000000008080000F43F0020A5
:106890000000000000000100E1190000E119000003
:1068A0000000000000000000193F01060410010074
:1068B0000001010600102700000900000000000090
:1068C0000000000014000000666666000000000082
:1068D000A868020098680200000A0000001A9A00E6
:1068E000005A620280841E000420000011495002F8
:1068F0000000000000000000000000000000000098
:1069000000000000B1841E00000000000000000034
:106910000000000000000000140000006666660031
:1069200000000000A8680200986802000000000053
:10693000001A9A00005A620280841E000420FE00A1
:10694000114950020000000000000000000000009B
:106950000000000000000000B1841E0000000000E4
:10696000000000000000000000000000FC1F010308
:10697000C46802001CC0011000F807001CC00130F0
:10698000F502080050C001008741300C2440060188
:1069900007C04200000000000000000000000003EB
:1069A0000000000020380000584001016402FF0090
:1069B000804005015C02A0089BC34A74F0030000FC
:1069C0000000000000000000E04001017300000032
:1069D000F040040111010000640483078813C83AE1
:1069E0009C200A0028410101031000003C410B01DA
:1069F0000000000000000000000000000000000097
:106A00000000000000000000010000000000000085
:106A10000000000000000000000000003C420101F6
:106A200000000000A0800201D5C00000D5C0000019
:106A3000A8800111F0010000A880013105228D001D
:106A4000AC800111F0010000AC80013105228D0005
:106A5000B080010137000001FFFFFFFFA06D0200C1
:106A600000000000FC1F0103186902001CC0011097
:106A700000F807001CC001301402080050C00100DB
:106A8000874130042440060107006200387000008E
:106A900000000000000000030068010F40B824401F
:106AA00058400101FC006900804005012363E011AA
:106AB0009BC34A74F003000003800000BE0A00007C
:106AC000E040010133000000F0400401590B0000D8
:106AD000640483078813C83A90200A002841010102
:106AE000001E00003C410B0100148C00141A2128E8
:106AF0002E343B42495043557698BA0C2869000021
:106B0000010000000721286414171A002004C86936
:106B1000A1203A093C42010129000000A0800201A5
:106B200070780300D5C00000A8800111F0010000BA
:106B3000A88001310542CB01AC800111F0010000B9
:106B4000AC80013105228D00B080010100030002FC
:106B5000FFFFFFFF6C6902004063598F404B4C0000
:106B60000B000B001A00FF7FEC3F0020000000002C
:106B7000606A020000000000646A02004063598FEE
:106B8000404B4C000B000B001A00FF7FEC3F002035
:106B900000000000606A0200000000000C400200DB
:106BA000018014007F40000020400200000000002F
:106BB000000000003040070000000000000000005E
:106BC00000000000000000000000000000000000C5
:106BD000A007000050400100000000005C400200DF
:106BE0000000000000000000A840010007000000B5
:106BF000B440040000400000FF4C000000410000D1
:106C0000FF4D000008C001000000000020C001107E
:106C1000FF00000020C001300043000024C0040039
:106C2000EC80B3034375A802000000002E020000B0
:106C300054C003000E2D09E654060708D1B6020021
:106C400064C008000430000040201006C8F2481854
:106C50001FE8F600BD4B721511A3180510325476CB
:106C6000980A000088C0010000000000080001012F
:106C700004070000180001010000000020000101CD
:106C8000088400001C4002011000000020F91304D9
:106C90005C4005014108000001000000B007080049
:106CA000A70000000000000094400701010110301F
:106CB00050707F7F00000000000000000000000016
:106CC0000000000000000000E4400101000000009E
:106CD000EC4001017DA8D98B004102010061200038
:106CE000B75635120C410301F95412002030042923
:106CF00088BB400024410101000000003041030135
:106D00006406660C0C010000E853FA0068410301B8
:106D100064048307881382000000000030420301EE
:106D2000000000000000000E0000000044420101CD
:106D30000000000010800101030000003880020103
:106D400011491000010000009C800101EB4002008D
:106D5000B48001013700000188000202000C000429
:106D60004C0000009400010200040000D400010265
:106D700090029608E40001023D0942041801010254
:106D800060005102FFFFFFFF9C6B0200000000004B
:106D9000546B0200010000000000000000F04902F6
:106DA0009C6B020000000000786B020001000000F4
:106DB0000000000000F04902886D0200A06D020092
:106DC00001000000010000000100000001000000BF
:106DD00001000000010000000200000002000000AD
:106DE0000200000002000000030000000300000099
:106DF0000400000004000000050000000500000081
:106E00000600000007000000080000000900000064
:106E10000A0000000C0000000D0000000F00000040
:106E2000110000001300000016000000190000000F
:106E30001C000000200000002400000029000000C9
:106E40002C000000340000003B0000004300000064
:106E50004E000000590000006A000000820000009F
:106E600097000000193401003134010091530100F2
:106E70004D3401006136010061370100AB3701007C
:106E80000104010303060105010501090600060BC3
:106E90000000070B050B00000000000000000000D0
:106EA000000000000100A0020202020264000000D3
:106EB000B6000000640000000001000000000000B7
:106EC00000000000000000000B000000736C5F6F0A
:106ED000745F6372656174655F696E7374616E631C
:106EE0006500000000000000010004000100100027
:106EF00004000200200024000300400044000400BD
:106F0000000004000500000007000000B7D80000E2
:106F10000000000020000000090E01000000000039
:106F2000210000003B1401000000000024000000CC
:106F30001711010000000000250000003D110100B4
:106F4000000000002A000000851101000000000080
:106F50002B0000009F110100000000002C00000029
:106F6000BBD800000000000030000000110F01003D
:106F70000000000031000000CB0E01000000000006
:106F800032000000AFD80000000000003400000014
:106F900045030100000000003500000069E9000021
:106FA000000000003600000009E9000000000000B9
:106FB00037000000590D01000000000038000000FB
:106FC000810E0100000000003B000000270D0100C1
:106FD000000000003C000000D3D9000000000000C9
:106FE0003D0000002528010000000000B200000064
:106FF000E5E200000000000000080000B3150100F9
:10700000000000000108000039130100000000002A
:1070100003080000F70F0100000000000009000055
:10702000C90F0100000000000D120000A10D0100B9
:107030000000000003130000CD0D0100000000005F
:1070400004130000AFDC0000000000000513000086
:10705000C50101000000000003400000D9D8000075
:107060000000000050C300001C250000F4010000D7
:10707000F401000050C300007C150000DC05000096
:10708000DC050000F5DA02001C250000F401000018
:10709000F4010000E5BF00001C250000F401000021
:1070A000F4010000193F010604100100000101066F
:1070B00000102700000C000000000000000000008D
:1070C000140000000000400000000000A470020056
:1070D0006470020000000000082F86000048E801EC
:1070E00040420F0001010000114950020000000061
:1070F0000000000000000000000000000000000090
:107100002A420F0000000000000000000000000004
:1071100000000000140000000000800000000000DB
:10712000A470020074700200000000000047860096
:107130000048E80180841E0001010000114950024E
:10714000000000000000000000000000000000003F
:107150000000000055841E00000000000000000038
:10716000000000000000000014000000000080008B
:1071700000000000A4700200847002000000000003
:10718000802596000048E80140420F0001080000F9
:107190001149500200000000000000000000000043
:1071A00000000000000000003E420F000000000050
:1071B00000000000000000000000000014000000BB
:1071C0000000800000000000A47002009470020023
:1071D00000000000802596000048E80140420F00B2
:1071E00001020000114950020000000000000000F0
:1071F0000000000000000000000000003E420F0000
:10720000000000000000000000000000000000007E
:1072100003010000FC1F0103C07002003C4001009C
:107220000000000048400100A0070000504001009D
:10723000000000005C4002000000000000000000B0
:10724000B4400100FF4C000054C001000E2D09E6BF
:1072500020400401000000861FC001000060000003
:10726000008000005840040118000500800800005C
:10727000090000009100040080400C018C000C000B
:1072800000000000130022000000000000000000C9
:107290000002050D1C2F42536269686053402E1F87
:1072A000918220846745332212490200EC40070195
:1072B00090382CAC000000005A10080AD007CA4AC7
:1072C00051104800F9541E804737414A10410201CD
:1072D00030194A0589BB400028410101FFFF000029
:1072E00030410901F15004430C010000E853FA0059
:1072F0000000080010161C22282E343A4046214374
:107300006587A90B0000C0B4684103015A10080A40
:10731000D0074104C1030000304202018993A30F4A
:107320005EC25D0EA080020170780300D0000000F4
:10733000A8800111F0010000A88001310542CB01B5
:10734000AC800111F0010000AC800131053EFD0070
:10735000FFFFFFFF03020000FC1F01031471020086
:107360003C4001000000000048400100A007000070
:1073700050400100000000005C40020000000000DE
:1073800000000000B4400100FF4C000054C00100A8
:107390000A2D09E620400401000000061FC000007D
:1073A0000060000000D03200584004016402FF0079
:1073B00080080000010000001100080080400C015E
:1073C0000804000000000000D903220000000000B3
:1073D000000000000102071121374B5A676962540F
:1073E0004029150500008020434433332392A42410
:1073F000EC40070190382CAC0000000064048307C7
:107400008813C83A9D200A00016120804737414A0D
:10741000104102012A144A0289BBC00A2841010115
:10742000FFFF0000304109016406660C0C010000FA
:10743000E853FA000000080012181E242A30363CD7
:10744000424821436587A90B0000E0C4684103015D
:107450006404830788138200C108000030420201DF
:1074600045966B105C22670EA080020170780300C5
:10747000D5C00000A8800111F0010000A8800131F2
:107480000542CB01AC800111F0010000AC8001315C
:1074900005228D00FFFFFFFF03030000FC1F010317
:1074A000687102003C4001001000000048400100EB
:1074B0002007000050400100000400005C40020072
:1074C0000D0F000001010000B440010003C00100E5
:1074D00054C001000E2D09E6204004013000004692
:1074E0001FC8010000200010008000005840040167
:1074F00018000500400800000900000092000A0082
:1075000080400C018C002C020000000012001200D0
:107510005B808C1B000000000002050E1C2F4353F3
:10752000626968615543320416E4B8C68A67453318
:10753000224A9204EC40070180B0B18C00000000A8
:10754000640483078813C83A9C200A0001612080E4
:10755000B756351210410201A01B042908884000CB
:107560002841010100000000304109016406660C59
:107570000C0100004CD4E83B04196F30080E141ABB
:1075800020262C32383E10325476980A1D5F0000B7
:10759000684103016404830788138200000000002F
:1075A00030420201000000000008000EA08002012D
:1075B00070380300D0000000A8800111F001000025
:1075C000A8800131055AFD01AC800111F0010000D5
:1075D000AC800131053EFD00FFFFFFFF030400000A
:1075E000FC1F0103BC7102003C40010010000000C0
:1075F0004840010020170000504001000104000035
:107600005C4002000D0F000001010000B4400100C9
:1076100003C0010054C001000E2D09E62040040102
:10762000300000461FC8010000200010008000004C
:10763000584004011800050040080000090000003F
:1076400092000A0080400C018C002C020000000017
:10765000120012005B808C1B000000000002050E6F
:107660001C2F4353626968615543320416E4B8C65F
:107670008A674533224A9204EC40070180B0B18CFE
:1076800000000000640483078813C83A9C200A00A5
:1076900001612080B756351210410201A01B042958
:1076A0000888400028410101000000003041090124
:1076B0006406660C0C0100004CD4E83B04196F30E2
:1076C0000A10161C22282E343A4010325476980A9A
:1076D0001D5F80A46841030164048307881382004E
:1076E0000000000030420201000000000008000E0F
:1076F000A080020170380300D0000000A8800111B2
:10770000F0010000A8800131055AFD01AC80011193
:10771000F0010000AC800131053EFD00FFFFFFFFDE
:1077200014720200809C2B8F80841E0000000000D9
:107730002700FF7F084000200000000010720200B8
:107740000000000058730200809C2B8F80841E0074
:10775000000000002200FF7F084000200000000021
:10776000547302000000000058730200809C2B8FAD
:1077700080841E00000023002300B6000840002083
:107780000000000054730200000000005873020063
:10779000809C2B8F80841E000000240024009D000C
:1077A00008400020000000005473020000000000A8
:1077B00058730200809C2B8F80841E0000002500DF
:1077C00025007D00084000200000000054730200E6
:1077D0000000000058730200809C2B8F80841E00E4
:1077E0000000260026005300084000200000000092
:1077F000547302000000000058730200809C2B8F1D
:1078000080841E00000027002700FF7F0840002022
:107810000000000054730200000000009C7402008D
:10782000809C2B8F80841E00000000002700FF7FBB
:1078300008400020000000009874020000000000D2
:10784000E0750200809C2B8F80841E0000000000E9
:107850002700FF7F0840002000000000DC750200C8
:10786000000000000C400200018101000041000006
:107870002040020000000000010000003040030032
:107880000000000000000000000000004040020076
:107890000000000000000000A840010007000000F8
:1078A000B8400300FF4C0000FF4D0000FF4D0000FA
:1078B00008C00100000000001CC0011000F8070013
:1078C0001CC00130F502080020C00110FF000000BC
:1078D00020C001300013000024C00400EC80B3037A
:1078E0004375A802000000002E02000050C00100F5
:1078F0008741300C58C0020054060708D1B6020078
:1079000064C008000430000040201006C8F2481887
:107910001FE8F600BD4B721511A3180510325476FE
:10792000980A000088C00100000000000800010162
:107930000807000018000101AAAAAA0020000101FE
:107940000060DA001C40010110000000304003011B
:107950000000000300000000000000006840020179
:107960002941767100000000E04002013300000070
:10797000000000000C410101B85512002441010132
:10798000000000005441050101000000000000005B
:10799000000000000000000000000000384202016A
:1079A000000000000000000044420101000000004F
:1079B000108001010300000038800201114910000D
:1079C000010000009C800101EB400200B080020138
:1079D000000300023700000188000202000C0004CE
:1079E0004C0000009400010200040000D4000102D9
:1079F00090029608E40001023D09420418010102C8
:107A000060005102FFFFFFFF0000000000000000C7
:107A1000000000000000000050C300007C150000C2
:107A2000DC050000DC050000193F01060410010020
:107A30000001010600102700000C000000000000FB
:107A400000000000140000006666660000000000F0
:107A5000A8680200087A020000000000001A9A00DC
:107A6000005A620280841E000420FE001149500268
:107A70000000000000000000000000000000000006
:107A800000000000B1841E000000000000000000A3
:107A900000000000000000001400000066666600A0
:107AA00000000000287A0200187A0200000000009E
:107AB00000478600005A620280841E000101000017
:107AC000114950020000000000000000000000000A
:107AD000000000000000000041841E0000000000C3
:107AE0000000000000000000000000001400000082
:107AF0006666660000000000A86802009868020040
:107B0000000C0000001A9A00005A620280841E00D5
:107B10000420000011495002000000000000000095
:107B2000000000000000000000000000B1841E0002
:107B30000000000000000000000000000000000045
:107B4000FC1F0103987A02000C4002000CB11100E6
:107B50000041000030400400250800000001000042
:107B6000FF00000001030100504001000B00000075
:107B70005C4002000F0D000001010000B440040051
:107B800001400000FF0C000001410000FF0D00005B
:107B90001CC0011000F807001CC00130F5020800ED
:107BA00020C00110FF00000020C0013000130000C1
:107BB00050C001008741300C080001010E17000081
:107BC00018000101FFFFFFFF200001012083B8ED35
:107BD0001C40080110000000000000041FC001004C
:107BE0000030000000100A00000000030000000048
:107BF00000000000584006016402FF004108000038
:107C000001000000120008007C4E78AB000000006C
:107C100080400C013200AC0800000000DF032A00A5
:107C200000000000000000000102071121374B5A3C
:107C300067696254402915050000802043443333AE
:107C40002392A424EC40050190A8578B000000006B
:107C5000640483078813C83A9C200A002441020167
:107C600000000000000000003C410B01000000008B
:107C70000000000000000000000000000000000004
:107C800000000000000000000000000000000000F4
:107C900000000000000000003C4201010000000064
:107CA000FFFFFFFF03000000FC1F0103987A0200A2
:107CB0000C4002000CB111000041000030400400F3
:107CC0002508000000010000FF000000140701006B
:107CD000504001000B0000005C4002000F0D00004E
:107CE00001010000B440040001400000FF0C00004E
:107CF00001410000FF0D00001CC0011000F807004A
:107D00001CC00130F502080020C00110FF00000077
:107D100020C001300013000050C001008741300C2A
:107D2000080001010E17000018000101FFFFFFFF0E
:107D3000200001012083B8ED1C4008011000000064
:107D4000000000041FC001000030000000100A0005
:107D50000000000300000000000000005840060181
:107D60006402FF004108000001000000120008004A
:107D700083B187540000000080400C013200AC0841
:107D800000000000DF032A000000000000000000E7
:107D90000102071121374B5A6769625440291505C2
:107DA00000008020434433332392A424EC40050197
:107DB00090A8578B00000000640483078813C83A1A
:107DC0009C200A0024410201000000000000000085
:107DD0003C410B010000000000000000000000001A
:107DE0000000000000000000000000000000000093
:107DF0000000000000000000000000000000000083
:107E00003C42010100000000FFFFFFFFFC1F0103D7
:107E1000447A02000C400200018014007F40000000
:107E200030400400000000000000000000000000DE
:107E30000000000050400100000000005C40020013
:107E40000000000000000000A84001000700000042
:107E5000B440040000400000FF4C0000004100005E
:107E6000FF4D00001CC0011000F807001CC00130CD
:107E70001402080020C00110FF00000020C00130E3
:107E80000043000050C00100874130040800010198
:107E9000040700001800010100000000200001019B
:107EA000088400001C4008011000000020F91304A1
:107EB00007026200387000000000000000000003AC
:107EC0000068010F40B8244058400601FC006900DA
:107ED0004108000001000000B0070800A7000000F2
:107EE0002F00000080400C012363E0119BC34A7403
:107EF000F003000003800000BE0A00000101103002
:107F000050707F7F000000000000000000000000B3
:107F10000000000000000000EC4005017DA8D98BA6
:107F2000590B0000640483078813C83A90200A00A4
:107F30002441020100000000001E00003C410B0132
:107F400000148C00141A21282E343B42495043550A
:107F50007698BA0C28690000010000000721286407
:107F600014171A002004C869A1203A093C420101F3
:107F700029000000FFFFFFFF05020000FC1F0103B6
:107F8000EC7A02001CC0011000F807001CC0013090
:107F9000F502080050C001008741300C2440060162
:107FA00007C05200000000000000000000000003B5
:107FB0000000000000000000584001016402FF00C2
:107FC000804005014B01A0089BC34A74F0030000E8
:107FD0000000000000000000E0400101330000004C
:107FE000F040040100000000640483078813C83ACD
:107FF0009C200A0028410101031000003C410B01B4
:108000000000000000000000000000000000000070
:10801000000000000000000001000000000000005F
:108020000000000000000000000000003C420101D0
:1080300000000000A080020170780300D5C000009D
:10804000A8800111F0010000A88001310542CB0198
:10805000AC800111F0010000AC80013105228D00DF
:10806000B080010100030002FFFFFFFF0C7E020051
:108070004063598F404B4C000B000B001A00FF7FF0
:10808000EC3F002000000000606A020000000000D9
:10809000407B02004063598F404B4C001B001B008B
:1080A0002A00FF7F1040002000000000A47C020096
:1080B000000000000C7E02004063598F404B4C00D2
:1080C0000B000B001A00FF7FEC3F002000000000B7
:1080D000606A020000000000A87C02004063598F23
:1080E000404B4C001B001B002A00FF7F104000206B
:1080F00000000000A47C02000000000020400200FC
:1081000000000000000000004040030000000000EC
:1081100000000000A007000008C0010000000000EF
:1081200024C00400EC80B3034375A80200000000E3
:108130002E02000054C003000E2D09E65406070865
:10814000D1B6020064C008000430000040201006D0
:10815000C8F248181FE8F600BD4B721511A31805A8
:1081600010325476980A000088C001000000000018
:10817000E040020133000000000000000041020165
:1081800000612000B75635120C410301F95412006A
:108190002030042988BB4000304103016406660C8E
:1081A0000C010000E853FA006841030164048307EE
:1081B000881382000000000030420301000000002C
:1081C0000000000E00000000444201010000000019
:1081D00010800101030000003880020111491000E5
:1081E000010000009C800301EB4002007078030056
:1081F000D5C00000A8800111F0010000A880013165
:108200000542CB01AC800111F0010000AC800131CE
:1082100005228D00B080020100030002370000013A
:1082200088000202000C00044C00000094000102CF
:1082300000040000D400010290029608E40001024C
:108240003D0942041801010260005102FFFFFFFFD7
:108250007C7F02004063598F404B4C000B000B00A9
:108260001A00FF7FEC3F002000000000787F020032
:108270000000000064780200000000002077020087
:10828000010000000000000000F0490274820200BA
:10829000647802000000000044770200060000003D
:1082A0000000000000F049029082020064780200A1
:1082B000000000001C780200010000000000000027
:1082C00000F04902AC820200647802000000000065
:1082D00040780200010000000000000000F04902A8
:1082E000C8820200FC80020000000000B48002008E
:1082F000020000000000000000F04902E4820200D9
:10830000FC800200000000006C80020002000000FF
:108310000000000000F049020083020020830200F8
:108320009C6B02000000000050820200010000006F
:108330000000000000F0490220830200012C2066AA
:10834000756E6374696F6E3A200061737365727441
:10835000696F6E2022257322206661696C65643A1C
:108360002066696C6520222573222C206C696E655D
:10837000202564257325730A00232D302B200068E7
:108380006C4C006566674546470030313233343502
:108390003637383941424344454600303132333470
:1083A000353637383961626364656600554E444539
:1083B00046494E4544004145532D3235362D434301
:1083C0004D2A2D4E4F2D544147004145532D3139F3
:1083D000322D43434D2A2D4E4F2D544147004145E8
:1083E000532D3132382D43434D2A2D4E4F2D5441BC
:1083F00047004145532D3235362D43434D0041450D
:10840000532D3139322D43434D004145532D3132E7
:10841000382D43434D004145532D3235362D4743CA
:108420004D004145532D3139322D47434D004145D3
:10843000532D3132382D47434D004145532D3235B0
:10844000362D434243004145532D3139322D4342AD
:1084500043004145532D3132382D434243004145BD
:10846000532D3235362D454342004145532D313988
:10847000322D454342004145532D3132382D45437D
:108480004200656E61626C650064697361626C656F
:10849000006661696C65640D0A737461747573209C
:1084A0002523780D0A0073746172740073746F7001
:1084B0000066616C73650075696E7431365F742097
:1084C0006F743A3A5370696E656C3A3A42756666F3
:1084D00065723A3A47657444697374616E636528DE
:1084E000636F6E73742075696E74385F742A2C2004
:1084F000636F6E73742075696E74385F742A2C20F4
:10850000446972656374696F6E2920636F6E73745A
:10851000002F6F70742F73696C6162732F73646BBB
:10852000732F73696D706C69636974795F73646BC1
:108530005F323032362E362E312F6F70656E746892
:10854000726561645F737461636B2F7574696C2FFE
:1085500074686972645F70617274792F6F70656E90
:108560007468726561642F7372632F6C69622F7314
:1085700070696E656C2F7370696E656C5F6275668D
:108580006665722E637070002D6E007C20537461DE
:1085900072744368207C20456E644368207C2054BC
:1085A0006172676574506F776572207C20416374D7
:1085B00075616C506F776572207C20526177506FC7
:1085C00077657253657474696E67207C0D0A2B2D74
:1085D0002D2D2D2D2D2D2D2D2B2D2D2D2D2D2D2DCD
:1085E0002B2D2D2D2D2D2D2D2D2D2D2D2D2D2B2DBF
:1085F0002D2D2D2D2D2D2D2D2D2D2D2D2B2D2D2DAD
:108600002D2D2D2D2D2D2D2D2D2D2D2D2D2D2B0DBC
:108610000A00FFFFFFFFFFFFFFFF002C2000257374
:10862000203D2030782530386C7825730075696ED0
:1086300074385F742A206F743A3A5370696E656CAF
:108640003A3A4275666665723A3A4765745570649F
:10865000617465644275665074722875696E743809
:108660005F742A2C2075696E7431365F742C204437
:108670006972656374696F6E2920636F6E7374002D
:108680006E756D5365676D656E7473203C3D206B30
:108690004D61785365676D656E74730075696E74AE
:1086A00031365F74206F743A3A5370696E656C3A74
:1086B0003A4275666665723A3A4F75744672616DF4
:1086C000654765744C656E6774682829006D57723C
:1086D000697465446972656374696F6E20213D2019
:1086E0006B556E6B6E6F776E006F744572726F7242
:1086F000206F743A3A5370696E656C3A3A42756607
:108700006665723A3A496E4672616D654170706590
:108710006E642875696E74385F742900656E6162D5
:108720006C65640064697361626C656400666169AC
:108730006C65643A20636F6D6D616E642073747252
:10874000696E6720636F6E7461696E7320746F6FFA
:10875000206D616E7920617267756D656E74730D41
:108760000A0072637000646961676E6F7374696395
:1087700073206D6F64652069732025730D0A006492
:108780006961676E6F7374696373206D6F646520D0
:1087900069732064697361626C65640D0A006164C9
:1087A00064722D6D61746368006175746F2D61630F
:1087B0006B00646961672066656174757265202766
:1087C000257327206973206E6F7420737570706F26
:1087D000727465640D0A006661696C65643A2063B1
:1087E0006F6D6D616E6420737472696E6720746F53
:1087F0006F206C6F6E670D0A0030006F74457272E7
:108800006F7220726164696F5363686564756C652B
:1088100052782875696E74385F742C2075696E748F
:1088200033325F742C2075696E7433325F742900A3
:108830002F6F70742F73696C6162732F73646B7325
:108840002F73696D706C69636974795F73646B5FB2
:10885000323032362E362E312F6F70656E7468725C
:108860006561642F706C6174666F726D2D616273E7
:108870007472616374696F6E2F65667233322F7222
:108880006164696F2E637070006765740025640D04
:108890000A00736574006D6F646500696E0D0A00EF
:1088A0006F75740D0A00696E006F757400636861FE
:1088B0006E6E656C006377006563686F0067706952
:1088C0006F00706F77657200706F77657273657493
:1088D00074696E677300726177706F776572736524
:1088E0007474696E670073747265616D002530324F
:1088F00078006F744572726F72206F743A3A5370D9
:10890000696E656C3A3A4275666665723A3A4F75B9
:10891000744672616D6552656D6F766528290073C6
:10892000496E7374616E6365002F73646B3230320D
:10893000362D6669726D776172652F736F7572631C
:10894000652F6170702E630021C1010069C10100B3
:1089500015C1010075C101005DC10100CF430200D6
:108960000D4402002F4402005144020073440200EF
:10897000A9D0010059D0010065D0010059D10100F2
:10898000B7460200CD3F0200D13F0200D53F0200B2
:10899000D93F0200DD3F020000000000A8010000F6
:1089A000C82D0020FFFFFFFFFFFFFFFFFFFFFFFFBE
:1089B000FFFFFFFFFFFFFFFFFFFFFFFFFFFFFFFFC7
:1089C000FFFFFFFF00021000D0390020702F0020B1
:1089D0000000020800000000FFFFFFFFFFFFFFFF95
:1089E000FFFFFFFF0000000000000000000000008B
:1089F00000000000000000000000000031CE010077
:108A000015CE010081140200B51502004D150200BB
:108A100020C001B8000000010000010100010101B7
:108A20000000000000000000010100033F00000002
:108A3000FFFFFFFFFFFFFFFFFFFFFFFFFFFFFFFF46
:108A4000FFFFFFFFFFFFFFFFFFFFFFFFFFFFFFFF36
:108A5000000102020303040506080C0C0C000102CD
:108A600003040707C8C8C8C8C8C8C8C8C8C8C8C891
:108A7000030404080808080800B801B802B800B0E8
:108A800003040408080500000000000000000000C6
:108A90000000000000000000E706000048703E0FE4
:108AA0004470000E30707013029890173870260FC3
:108AB00034704C0F30703A102C703A102870C2117C
:108AC0002470DA112070300F1C7082121870FE12A0
:108AD00014702C0FB110086001D80A7104B87F78A7
:108AE000020C7E78641000C6881F00A01DB8707844
:108AF00003B018600F3027B30F330111C048069838
:108B0000760229B0086001D8087109DD047109BB3B
:108B100011101660A048086004100112FF322150A5
:108B20000860D0480860008806982E1400C4441FCE
:108B300000A000BA03DF107109DF06720298280353
:108B40001DB8507800A04413281441158110086006
:108B500002D8147110880698121900C014C000B809
:108B60000698781B009106988C020160B83020D8D6
:108B700006711EBC637C784D5412F03240DE0472E4
:108B8000404804DB08720DDD0C72044BEF301448D2
:108B90000698E40400C4E040005444120862013224
:108BA0002140087C811140D91C72B1123032CF4A69
:108BB000013AB1DA107208D8067104D80871804CF5
:108BC000237C5070684C441200C4A41E00A04414BE
:108BD000413AF3240164415C412A047580B800C421
:108BE0006040005481D8307140D90472237C084B16
:108BF0000698E40404BA1CB9767900C1204001B893
:108C0000357906B906A901D8067102980A02804C86
:108C1000307C02985E0208D86A7100C1544000B8E6
:108C2000141110D95E71584C441280BDA26DFF25FD
:108C3000784C4412FC22513A2814104C00C20CC14A
:108C400001B8241228140862281408622814086243
:108C50002814304C304C00C11C4000B814111814BA
:108C6000086100C5284001B85415FF35047110494A
:108C70001814B04C441208620132067102980401C3
:108C8000804C08D80C7107BA24D8047106BA187041
:108C900004D80C7101BA40D80E7102BA0A7005BA34
:108CA00020D8047203BA204C4411C04C1814086137
:108CB00018149111383111429111186110D90472B0
:108CC000EF3200C1084001B8141110311E61114289
:108CD0002814A1110861181406985E1B181400C10D
:108CE000084001B814111861FF31181400C1448004
:108CF00001B8141118140861181430880248069835
:108D00008603009308DB047101F800A027B00F3040
:108D100000A01088B111186180D90A7100C1884083
:108D200000B80811009100A000C4684000B84410C9
:108D300000A000C0884000500411826104108260CD
:108D40001050F07200A05415504512710698F404AA
:108D50000698840407B8707802B8417800C220C031
:108D600001B8241206981C1900C5481F00A054150C
:108D7000511400C3FF010000313D09647F3406989F
:108D80009602015851280475015841280E75811129
:108D9000086102D90472FF0FCC7007B8727800F82E
:108DA000EBBD00C0441F00A00411113D10D9127189
:108DB000FF33186300C1781002B8381107B974790D
:108DC000581000A006988C020D300472044809DC8B
:108DD0000472084800C11CC101B8141100C3D01EA0
:108DE00000A0911504351A7218131CBB08D8047121
:108DF0006C7B04D804716A7B1DBB2F7C5B7B167077
:108E0000044B18131CBB08D804716F7B04D8047181
:108E10006D7B217C0C300260069870040698B60BBE
:108E200000B8B111186140D9067202984A0401BC19
:108E300000C2084001B800DC0A7124150265604ACE
:108E40000A702C4A241508654C4A043508D9047167
:108E5000202400C13C1F00A0141200DC327120D875
:108E6000067101B80C70F0DA0C720CDB087102B8F4
:108E700006987804482400C3384101B834138F7B26
:108E80000E7102B9911308DB047203B928707C4992
:108E900014111110FD300DDC1C7200C0A01E00A0CA
:108EA000041080D8107100C0448001B80410E5207F
:108EB0000475804900C3884000B8FFB80120114103
:108EC0000871014118130824014200C1284000B86C
:108ED000141101411C655141911520351E65514108
:108EE00018132813481300C3844000B8341003D863
:108EF0001671073005DC1071B1108F780A7200C34B
:108F000084C40350217B1DB8507800B800C13C1FB9
:108F100000A014121C602150F0300152281100A052
:108F20004024076400C0FFFF0100013C17B002208D
:108F300001584028067518AC01EC00A0208800C03C
:108F400020C001B8041217B4211304123052F87172
:108F50001964402400C35C1F00A03410141106984B
:108F6000E80D1961009211592129067600BB1159AB
:108F70000698C80D8762313B0472215A412A00A02D
:108F800000C2686000B8B8B91F610D49181200A08E
:108F9000308801B9116100C30000C0FF31103128D1
:108FA00000BC002D0C75115418AC01EC312DF4707F
:108FB000196451134155312C009300A000C3C00F18
:108FC000FEFF50B2313A014250AA00A00698300785
:108FD000FFB0867808715CB86B786E7800C25480F8
:108FE00001B800C0D81F00A004100812B822217ACE
:108FF000237A52B8417801B80C6021A809B81960E9
:109000004CA800C0FFD1C1FF4FB2013A00C0002EF2
:10901000300001424FAA24B86E78ACB9FFB004D832
:1090200004714CB923A906989A0500C01390010059
:109030000698200500A00698F40419B81460FFB241
:109040008C620F32826A21400698200549BC21B902
:1090500052B849B207DE2A7105DE0871627C607C75
:109060001D0C6179677864786B78627865786378CD
:109070006078617C010C010C6878020C69786C786E
:10908000020C00C22C8001B8277A287A267A6A78E6
:10909000050C41790A0CB11040D806710298AC0653
:1090A000784A2B7A327A584A247A00C40001110097
:1090B000404A00C0108400000812508800C5841087
:1090C0000100FBAD10BD01BB8A6B21B9FAA9C44AEE
:1090D0001812217A227A00C0341F00A00410FCA8C4
:1090E0008264411030300129F9A9F8ADFBB08260EB
:1090F000FBA80330A0652110044820EC237A04105B
:10910000037A184A2411DC4A0158002924100475F6
:109110003150F8B1115081632A7151403140081229
:10912000FCB18461FCA90F310E7117B0112817B181
:1091300011591028FA76C44AF9B11812217A227A04
:10914000A07000950812F8A800C20C8001B8207A1F
:10915000844A00B80812020CA44A087A020C21B80A
:109160004178784A0B7A127A00C2C81F00A0FFB07B
:1091700008D80472184A241000DC0A7140A804229E
:10918000241041A80698960200C2481F00A024108F
:10919000015100C4FF01000041391150081200A024
:1091A0000698300700BC00C20C8001B8217A52B882
:1091B0004978020C4878020C49B8417852AC21AC8D
:1091C000204A087A067A077A49AC00A059B8407854
:1091D0005AB101D9FC72427857B8407858B101D9D8
:1091E000FC72427800A000C20C8001B8217A227A79
:1091F00021B8547852B8BC4A24119979127107B930
:1092000015614CA9617800BB03BC0C64147009B9EA
:1092100019614CA9417801BB126300C4002E3000D3
:1092200000C0FFD1C1FF4FB1013941414FA9E44A0C
:10923000C8B8081224AB4CB823A806989A0500C0F9
:1092400004900100FFB18679047108480698200552
:1092500000C08009004040A809B8FFB108D90471D6
:1092600003B853A8B11004D80C7156BB607B57BA31
:10927000627A607A02D80C7156BB607B59BA627A06
:10928000607A04B86E783DB8607800C05638000047
:1092900000C1B08001B814119979087200C0D604D9
:1092A000000000C124C000B814119F79047208485E
:1092B0004CA82EB8FFB108D906714AA804704BA873
:1092C0000FB834A800C00C5E000046B2014246AAA6
:1092D00000C12C4001B8141108610631087100B9B1
:1092E0000698421106983414B11101D90E710698EE
:1092F000841B02D906720698920C06982E145114FB
:109300000698840406981C1106985A1700A006981F
:10931000441701D80A711CB85B7807B8757800B893
:109320004CA84AA84BA800C0F321FFFF46B1013961
:1093300046A904B86F7800A0FABC1964415C512CAE
:1093400000C0581F00A00410012C06750698840464
:1093500006986A0FB110186005D8327140BA0698A5
:10936000041404B86578911004D816711CB86E788E
:1093700000C0684000B8217806986A1101400A725E
:109380001DB84278069840140298500B1DB87178A9
:1093900004B86C7841B8427863784478FFB104D956
:1093A00006720298BC0900C004900100FFB18679E2
:1093B000047108480698200500C32C1F00A000C2B5
:1093C00074C000B82414481300BC48121C4B1C4A3B
:1093D0002414481300BC4812084B584A241448135C
:1093E00001BC48124ABA447A427A4BBA447A427A69
:1093F000FFB086780472617A4CBA647A657A3DBAB5
:10940000607A4DB942B83FBB5B7966796179020CED
:109410006479050C63796079050C627965795A790C
:1094200000C2340102B8241305B819603140081293
:1094300042B86A78020C4A78020C40BCFFB208DAE3
:1094400006714ABA06704BBA627A657A677A667AAA
:109450006A79667B0298960A00C32C1F00A000C29E
:1094600074C000B8241448131C4B1C4A241448131D
:109470003FBC48121C4A00BC4812084B444A241402
:10948000481301BC48124ABA647A627A4BBA647AC9
:10949000627AFFB3867B0472617A4CBA647A657A29
:1094A0003DBA607A01D94E71647800C1708001B80C
:1094B00000C08000080008110698780B42B8617857
:1094C0004DB97F797E796A7868786278020C7B7909
:1094D0000F0C7A79140C7479417860787579050CE1
:1094E000FFB208DA06714AB804704BB8657801BC5F
:1094F0001664407002D93C710698780B42B84DB999
:109500006878407841787F797E797B790F0C7A7919
:10951000140CFFB208DA087171794ABA06707079D2
:109520004BBA7279657A6A78020C4A78050C01BCEC
:109530001664020C417940790C0C00C04C0102B851
:1095400048100698E40400C4784000B8007C00C0CD
:10955000A01E00A0041180D93271911104D92C727F
:109560007F2021200411FD310DDD207200C04480D8
:1095700001B80411E521147600C0244001B804119B
:109580008A790871207C104C207C2AB862785114AA
:1095900000C0581F00A00410012C17B001118768EB
:1095A000015841280E7605218769415C412D112D16
:1095B00006700698840442B84DBB7C7B6478020C2C
:1095C00029B868785114404406750698840442B856
:1095D00044782AB84278FFB101D90C7100C1548097
:1095E00001B8CBB80811911004D8147100C0A01EA6
:1095F00000A0041080D8067107B8537800F807B8A7
:1096000000C1CC1E00A000C220C001B82412281145
:10961000777800F8B1109478387106989602E4B91A
:1096200011591128067600B80C70A0B911590129FA
:109630000475A0B8826000C3C01F00A03413012BC2
:10964000341000C3FFFF00FF42B13139114042A87E
:1096500000A01DB09178FA7142B86478020C00BA8B
:1096600029AA00C4548001B842B84DB900C3C04013
:1096700001B83413977B047240EC020C44785C7997
:1096800053AA0A0C281442B84DB9FFB301DB267166
:10969000244C00C3FF0FFF013814547940784178FF
:1096A0005579020C5B795A79140C5F795E794A78A6
:1096B0004278347002DB1471527951795079020C7E
:1096C0005B795A795F795E791E7004DB1A7100C488
:1096D000FF07000000C3342102B848133FBB467B9C
:1096E000020C5B795A793DBB407B4CBB447B457B8C
:1096F00000C3301F00A03414403C207100C068C07B
:1097000000B8481028131C4B1C4834144810281368
:10971000144B44483414481028134AAA4BAA04B8DE
:109720006D781DB851785CB84B784E7800A000C0B9
:1097300074C000B80411108800B9181068480411EA
:10974000108801B90B6118102C480411108800888A
:1097500000C1231C000018104AB864784BB8647824
:10976000260C28B000C1FFFF0FF0113871B90B6152
:10977000114028A828B97379747900C210103030CC
:1097800045AA54790E0C00C0E84001B8041100C28B
:109790003030101045AA0E0C04100088108806986E
:1097A000540D0091009020888F618F600698540DB1
:1097B0000090886A21400112906A035800C13F3F1F
:1097C00000001138FFBC022441281138014245AA8B
:1097D00028B953794AB844784BB84478009000913E
:1097E000181000912C48181000916848181000A01B
:1097F0009168436091694361115B012B11284160BD
:109800003128315B00BA302806763128204A41637E
:10981000302806763128104A4163302806763128F0
:10982000084A4163302806763128044A41633028CB
:1098300006763128024A416330280476014A00A0A6
:10984000115910D906710860086008D904710860C0
:1098500004D90471046002D90471026001D9047151
:10986000016000A000BA01D806710148112A1F61E9
:10987000016001D8F6720138F67200A000C220C063
:1098800001B8241211592129127300210E7100C24E
:1098900038C001B824120121212900A002B020D82B
:1098A000147100C0B01E00A0041002B945790698DA
:1098B0006813EA7003B09F78087200B806A800F831
:1098C0000698300700C5641F00A05088044D1CBCDA
:1098D00000C0B41E00A0811101D91E71407C00950A
:1098E00001150C4D5088044DFFBB1863315B04110A
:1098F0000698E00D3129F87506985A1A54150698FD
:10990000841B01D9087206984A0706700698E60774
:109910001CBB547B0698441701D8067202980C0FA2
:10992000FFB901211038F67281129B7AF07100C2E2
:10993000448001B8241400C0C01E00A0041001130C
:109940000020041040500C7200B906981A0F18B984
:109950000A7018B906981A0F00B900B80698100FC7
:10996000704A08B80698100F00C2284000B814B812
:109970000698100F00C2EC4001B80CB80698100F02
:10998000202210B80698100F1088308806984A07D1
:109990000093009106981A0F00C0C41E00A0041284
:1099A000FFB9012121411810009500F83128112834
:1099B0000410081200A004B831281128F8B11810BA
:1099C00000A0069872080E700698B60B06987208EA
:1099D00006986412069804079112211900C02C40C1
:1099E00001B80A78097800F810B901BA0698FA1394
:1099F00006981C1106985A1700C5641F00A0811014
:109A00009D78FC7200F8911203321CB900C3A01EAD
:109A100000A0341300C4B04000541DB842787079DF
:109A200003DE067144783A707179A11020D806716E
:109A30000298461080DB1C7102D8187205B8081411
:109A4000A11010300248081400B8081491100860E2
:109A500008141DB86278A11000DC0676517900BAAE
:109A60000698441701D82272911120311D6191107E
:109A700004D80E7200C1501F00A0141101D90A7140
:109A8000208806984211009200C1204000B801DBF6
:109A90001871084C03DE0471904C441400C3FF1F7E
:109AA0000000413BFF233811944900C3384101B8FD
:109AB0003413086380DB0C7103BA186206982E1009
:109AC0000870186206982E100C490879097914104C
:109AD0002140081100A000BD0698700210B903DCF7
:109AE000047100B901BA0698FA1302D90671004050
:109AF0004E7203B118610F3106986A11FFD82872AF
:109B0000811008D8187106DD0A710698700203DC0E
:109B10000C720698AE11069840140C7006DD107198
:109B20000698B411487020B804A806DD1072069893
:109B300072080698040701F840B804A800F800C0AD
:109B4000A01E00A00413086301DB22719110011113
:109B5000186111381DB910D808714479029846105F
:109B600002DBFA72A11328DBF47203BD0698101110
:109B7000069872081DBA7F7A0698E40400C5681F2B
:109B800000A00698700200BA03DC1672044DA11002
:109B900002D804711C4D00C10CC101B80698A00484
:109BA0005415212D0698300502989C0891100155F6
:109BB00003355150011900A000C14C1F00A0141022
:109BC00001D8427101480860FE200E75811020D82E
:109BD000087100C1501F00A0141101D9287100C0E4
:109BE0002C4001B80412215108610F311861115243
:109BF000281000C0084001B80411911221512031F1
:109C00001152211900A0811380DB067201B800A057
:109C100000C314C001B8341006302E726C4B3412DD
:109C20001C4B3410186002302072811080D8DE7115
:109C30003410014A08620460803021508C480A7157
:109C40007F234D233410013000A000BD0698101171
:109C50001CB847784578437802B8447800A0069845
:109C600072080698AE1100C5741F00A0541506981E
:109C7000300502989C08B1138F7B0A7200C384C41C
:109C80000350017B0698341400C1384101B8141107
:109C90008F790E7100C1B84000B800BA06982E1036
:109CA00050BA0698041406986A11FFD84A719110A8
:109CB00004D84872811008601CD8407220D93872CC
:109CC0001112FF322151347180218021111400C002
:109CD000D81E00A00413FFBA3151113A215111537B
:109CE0001DB938107B7940440E7200B900C2AC1E19
:109CF00000A01812067004B8607806982E1400F8B8
:109D000000B900C2A44000541812644A0AB91812DB
:109D10001CBA507A517A1DB942795F7900A0069831
:109D2000700207DC1072911000200A750698641208
:109D30000298580F0698040701B9911004D80471CD
:109D400000B910BA0698FA1300BA0040347100C086
:109D5000A01E00A00411086101D9127104D9E27299
:109D60008110086001D8DA711DB8647800C11CC187
:109D700001B80698A00401B81160002A047600BA60
:109D800000C5781F00A05415212D0698641206986E
:109D90004A0700C57C1F00A000F800BC811108D94B
:109DA000167280D9207201B910BA0698FA130040D1
:109DB0000E7101BC10700698AE110698401420B8C0
:109DC00004A800F80698641281110231127100B9DA
:109DD00000C2144000541812244A02B918120698FE
:109DE000AE1100C5801F00A054150698E21A029813
:109DF0009C080411012114711CBA737A0420041206
:109E00002811042004110121F47200A00698E40432
:109E100000B8011A01F80698441701D81671FFB965
:109E2000012110380E7281109B78087104B967798E
:109E300000F8911010D8287100C51CC101B8541148
:109E40000698E00D00C5C81E00A054155129EA75FA
:109E500007B876781DB8447801B804A800F8B110A6
:109E6000186010D82E7100C05040005400C3084044
:109E700000B83114984C44113411086101D9FA71B9
:109E8000441228100862281008622810086228105E
:109E9000E8700298AA0206988C02113804721E62B9
:109EA00002BB00C1D81E00A0141120390C729112FF
:109EB00010DA0672417B00A00698341400C2A01E7E
:109EC00000A0241220DA0472617B1CBA527A00A02E
:109ED0001CBA727A811204DAFC7200A01CB86B788A
:109EE00000C0684000B82F7800A00698441701D839
:109EF0003A7100C22C4001B8241003609111203146
:109F00000151383111501D6008121DB9457900C248
:109F1000448001B8241200C0C01E00A00410182004
:109F20000020041020500471657910631EB9637914
:109F300000B902EC00CD114502EC00CC01DB087148
:109F400000BB0298C81803B841110731FA211C76EA
:109F50000621911210DA087102DD10721E7020B80D
:109F60000698A40D3038147208B80698700400C022
:109F70002C4000B82978207800F8056020D80671B8
:109F80000298021602EC00CA05B823DA187104DB45
:109F9000DA7120DAD67110DAD2721EB8617800B8A0
:109FA00001DA067202EC00C8911110D9267100C1C5
:109FB000B81E00A014111150FF300C720761A110DF
:109FC000115002300A7180DB0A720AB89E701DB906
:109FD0007C791860911111402111C0311140011993
:109FE0001EB8411108D90471667820D904726578C9
:109FF000A11002D80672C0DA1E711EB8273123DD07
:10A00000087210DB1072607825DD0A7121DD08729C
:10A0100008DB0471627803B8411107310872A11599
:10A020002035AA7102DD2072A11120D9A07102D9B8
:10A030001672CCDA9872411140D9927206B8054D69
:10A040005A720298A41421114049C0D94C71A03110
:10A0500041154035026551410461086308DA1E72FA
:10A0600004DA36721049A1150235067110DB0E7242
:10A0700001340A7108DB22711EB86778CC321110E6
:10A080001A300ADC0872CCDE0471FD3100C00D0FFD
:10A090000C0D216001D85C7207B80298CE1400BA8A
:10A0A000411108D90C7102EC00CA05B830DAEC7223
:10A0B0000734F031036101DA0471014900C0F30093
:10A0C000A3E3216001D8D27100C0981440682160D8
:10A0D0004030014440DA0471204C04320262204ACC
:10A0E000111006301F60014218311D6111420298A3
:10A0F000EC14204A00C005170850216011300142BD
:10A100002088FFBB0DDA507100C1DE1B250180BC29
:10A1100004DA107208DA0A7200C120841000E02408
:10A12000A02408634143026401DA06711E49024B10
:10A1300000C0201F00A008633810BC2002DA127192
:10A1400001B91159A11380DB087100C100FCFF01A6
:10A1500018100298541800C4A01E00A0441080D803
:10A160007C710092D0DA06710DDA0C711EBD437D50
:10A17000EFBD0698060304620DDA8672A11105D9B7
:10A180005C7100C24040005424121424281401D9E8
:10A19000067202D9327140D91E7102EC00CA211038
:10A1A00018320471FA2220D804720822FE2208759F
:10A1B00002EC00C8F87001D90E7102EC00C802D997
:10A1C000067204DC187200C0A01E00A004101D60FE
:10A1D00001D806711EB8647807B873780298C81859
:10A1E00000C0A01E00A0041080300A7100C0C41E70
:10A1F00000A0041000A00698441701D82E719110F9
:10A2000010D828728110A0D8227203B084781C72F2
:10A2100000C12C4001B814100DBA487A697A6B7AE3
:10A2200008111CB87B7807B8757800A0641000C6C8
:10A23000881F00A0C3B80698760200C4441F00A07F
:10A2400014BA2814B1108F780A7200C084C4035065
:10A25000017891101030011905BA0698041402D93A
:10A26000067101B804A800C0A01E00A0041306983F
:10A27000561180DB067102984E141DBA7C7A01DB00
:10A280006A7100C2241F00A024111114FF3402ECD3
:10A2900000C8FF24FA7608610698B40D04611138ED
:10A2A0000F3004611114011141100698B40D01D84A
:10A2B000087203B80298CE140C4A01DB22712410F4
:10A2C00011281128041202300471106200C0FFFF2F
:10A2D0000000213800C2204000B8FF2008124110C1
:10A2E00008600698B40D01D87C7120BC10337671DB
:10A2F00000BB00C1201F00A01415C021112C511259
:10A3000018620F320E71408851140698EC184143C0
:10A310000094511208651C620F320E7141115114E4
:10A320000698EC181C6441430865513B00C1DC1ED3
:10A3300000A01411111231100F30127100BA056112
:10A3400001D80471114201600FD8F472311003601A
:10A350001E30047201B8003A087204B80298CE1494
:10A360000298BA1600C0384101B804118F791471EF
:10A370007F20692004110861303110DD06711DBA9B
:10A38000637A0698040300F830885088FF34087117
:10A3900002ECFF24F87002EC00CD14105950014477
:10A3A0000421FF22F2720F4C0095009300A000C11F
:10A3B000A81E00A0141100A030880698341B81113B
:10A3C000086102D906720298F8191CBB557B086116
:10A3D00020D906710298E8190088A1101860069823
:10A3E000121908211415FC251EBB5C7B5D7B00C186
:10A3F000084001B814110731FE21307608D82A72BE
:10A400005113FC23341304DB20711863FF33315BD9
:10A4100000C110C000B81411086180490C71FF31EF
:10A42000302954751EBB7B7B10707B7B7C7B00DDF1
:10A4300004717D7B01BB3815EC25541300DF54718A
:10A44000042505DF54715415211120880698E00D6C
:10A45000009251293E7500C1084001B8141102DB79
:10A460000C710731315B31292A760C7004DF0872D8
:10A47000016180D91E720698121900C010C000B880
:10A480000698781B069812191411FFD96072029869
:10A490003E1A0090009300A05415A111186110D924
:10A4A000A672082508D8A071082510D89A712088AE
:10A4B00021110698E00DFC255412112AF82554119B
:10A4C0000C2520D80871F025541110252029047678
:10A4D0002159181500920298AA1907B971798110AB
:10A4E00010D80A711CB8447802B841781CB9747944
:10A4F00004B9677900F88110A0D808711CB94979AE
:10A5000000A0086002D8FA710698121910880698FF
:10A510003414106210DA087108211415F025541152
:10A5200000C20020FEFF202912750698841B01D965
:10A530000A72069872080698040700941CBB411022
:10A540000C20069856134111082114100698561332
:10A550003128441111120861FF31FF3201221052DB
:10A5600010721861181404244413042438140C7055
:10A570001861214118140824081402982E1440442C
:10A58000147100C1AC1E00A0141551131C630FDB25
:10A590000C7219650698F404411500A000C37840B8
:10A5A00000B83413807B06720698040706983414AA
:10A5B00008BB51140698A21A4415FC25541500C373
:10A5C000784000B83413807B047100A002983005F5
:10A5D0001CB900C3A01E00A03413086308DB1A7165
:10A5E0008113A0DB0671497910706979086302DB79
:10A5F000087204B9677900F800A08111086102D9D6
:10A6000010711CB97579069812191411FF3100A048
:10A61000FFB900A0041008211411F421081100A0B2
:10A620008111106110310E71069812190821141150
:08A63000F821141100A0000044
:08A638008CBBFD7F0100000056
:0CA640004CA60200803E002093000000A9
:10A64C0001000000000000000000000000000000FD
:10A65C0000000000000000000000000000000000EE
:10A66C0000000000000000000000000000000000DE
:10A67C0000000000000000000000000000000000CE
:10A68C0000000000000000000000000000000000BE
:10A69C00503F002000000000000100000F000F00E0
:10A6AC00000000000000000000000000000000009E
:10A6BC00000000000000000000000000000000008E
:10A6CC00000000000000000000000000000000007E
:10A6DC00000000000000000000000000000000006E
:10A6EC00000000000000000000000000000000005E
:10A6FC00000000000000000000000000000000004E
:10A70C00000000000000000000000000010101003A
:10A71C00A96800002DBF0000D762000061BC0000DA
:10A72C00CD66000091BB0000E762000015630000DD
:10A73C001B63000061C000002163000001000000E9
:10A74C00030505B54001800000000000B5000000C5
:10A75C00000001B5000080000000000001000000B6
:10A76C00C0EA210100F04902FFFFFFFF00400B008F
:10A77C0000A0000030320020C8000000FE000000E5
:10A78C0000000000646E02000100000000000000E8
:10A79C0000000000BC6D0200000000000E00000074
:10A7AC0040000000B86D020000000000FFFFFFFF3A
:10A7BC00FFFFFFFFC06D02003BFFC8000A0029002D
:10A7CC0020000000FFFFFFFFFFFFFFFFFFFFFFFF69
:10A7DC00FFFFFFFFFFFFFFFF000000000300000072
:10A7EC007038002028400020000000007038002045
:10A7FC00D838002040390020000000000000000084
:10A80C00000000000000000000000000000000003C
:10A81C00000000000000000000000000000000002C
:10A82C00000000000000000000000000000000001C
:10A83C0000000000FFFFFFFF000000000000000010
:10A84C00FFFF00009889020047410200FFFFFFFF55
:10A85C00AD450200A9450200FFFFFFFFFFFFFFFF10
:10A86C00B1450200FFFFFFFF0909020004F8FFFFDA
:10A87C000D000000000001FF0D01FF405AB4FF0065
:0CA88C00316E0100A16100007961000044
:04000003100030C3F6
:00000001FF
