S0030000FC
S31500004000C80A0020F732010001BB010005BB010010
S315000040107139010009BB010011BB0100F532010035
S31500004020F5320100F5320100F5320100F5320100EA
S3150000403015BB0100D4680200F5320100F5730100DA
S31500004040F5320100F5320100F5320100316700005A
S31500004050F5320100F5320100F5320100F5320100BA
S31500004060F5320100F5320100436D0100F532010021
S3150000407049C80000F5320100F5320100F5320100B1
S31500004080F5320100F5320100F5320100F53201008A
S31500004090F5320100CF3A0100F5320100F532010098
S315000040A0F53201005533010035330100F5320100C8
S315000040B0F5320100F5320100F532010075340200D7
S315000040C07F5402007B540200A52B02009554020087
S315000040D0835402003534020087540200F51A0200A8
S315000040E0B5340200F5320100F5320100F532010067
S315000040F0F5320100F5320100F5320100F53201001A
S31500004100F5320100F5320100F5320100F532010009
S31500004110F5320100F5320100F5320100F5320100F9
S31500004120F5320100F5320100F5320100F5320100E9
S30900004130F53201005D
S3150000414070B5104A104C114DE3695E0714D4082867
S3150000415001D12B4213D103EA00068E4207D10B4A46
S315000041601A40002A14BF6FF00100002070BD013A0A
S31500004170EAD16FF00200F9E74FF0FF30F6E76FF093
S315000041800100F3E78096980000000350020001004A
S315000041900000000000000000000000000000000019
S315000041A02DE98048B74BCBB05B691A0B03F03F0390
S315000041B0012B8DF8D8208DF8D93015D1B24B9A6DD8
S315000041C0D50311D45A6B6FF3162242F4BC1242F493
S315000041D0A0625A631A6B22F4704242F440421A6398
S315000041E01A6B42F4E0621A63BDF8D830B3F5807FEB
S315000041F00CD14FF000531B68A44B1B68A44B1B68E3
S31500004200A44B1B68A44B1B68A44B1B68A44AD2F89A
S31500004210803043F00303C2F88030EFF3118330227D
S3150000422082F311889F4D95F87D21002A40F077840E
S31500004230012285F87D2183F31188BFF36F8F6FF01C
S3150000424004035024984A994913F0800F03F10100A2
S3150000425040F05D840B443D2883F800430346F3D1C8
S31500004260934BD3F84C21140300F15F84D3F85041EB
S31500004270E4B2904B904A93F90060904B26441A6042
S31500004280874B86F308061B6F03F00703032B01D148
S3150000429021F084FD13F0B6FA032842D045F60E034A
S315000042A00221794AC2F88030854B9962012103F5D3
S315000042B080539962936DD803FCD4824B8249136173
S315000042C0936903F0004343EA064343EA042343F0B9
S315000042D0407343F03C039361136A23F00D031362AA
S315000042E0936A23F0330343F001039362664A936DA6
S315000042F031EA0303FBD10221714B9962936D590098
S31500004300FCD4136923F4700343F4001313614FF0D4
S3150000431000426B4B9A61022203F580539A62012296
S315000043209A62634BD3F89840684B5A68012A00F0AA
S31500004330038413F067FA042807D1654813F01AFAC4
S31500004340574A136F43F480631367624A24F040733D
S31500004350D16811F0060FFBD19168936090684340D5
S3150000436013F4F81F05BF5C4B594A91601A6013F0AD
S3150000437049FA042812D121F011FD13F0FBF90120AE
S3150000438010F05CFF5549464A884294BF0020012040
S31500004390136F23F4806343EA80231367444B504A28
S315000043A0D3F8C0303E4C23F040739360266F4848E4
S315000043B0C6F38026731C85F87E3113F0DBF9236F74
S315000043C043F480632367236F23F0070343F002035C
S315000043D0236721F0E3FC13F0CDF9236F324923F470
S315000043E0806343EA86232367236F23F4505343F401
S315000043F080632367D1F8FC2012F080721EBFD1F8CB
S31500004400FC3023F08073C1F8FC30D4F8803023F000
S31500004410030343F00203C4F8803032B1224AD2F8D3
S31500004420FC3043F08073C2F8FC301D4BD3F82021DA
S3150000443022F0070242F00102C3F82021D3F88021BE
S3150000444022F0030242F00102C3F88021D3F8402192
S3150000445022F0030242F00102C3F84021D3F86021A2
S3150000446022F0030242F00102C3F86021D3F8402291
S3150000447022F0030242F00102C3F84022D3F80022E0
S3150000448030E000BF00C0075000C0005000400020D0
S315000044900080002000C00020000001200040012014
S315000044A000800050D819002000ED00E000E100E097
S315000044B00080E00F5033002000F049024041002008
S315000044C000D000502008B00B0300014000C001508E
S315000044D000B4C404000001503C41002080F0FA0200
S315000044E00040015A22F0070242F00102C3F80022FE
S315000044F0D3F8082222F0070242F00102C3F808228C
S31500004500BB4A536A23F0010353624FF0E02213695A
S3150000451043F004031361B74B5A6F42F001025A6726
S31500004520DA6E22F03002DA66EFF31186302383F377
S31500004530118895F87F31002B3ED14FF0B044AE4A3A
S315000045401360AE4A1360AE4A136063680BB111F094
S3150000455023F801230021AB4A5360A160AA494B60AE
S315000045600223E3606023E3631F23936153614FF0EB
S31500004570B0439A6A12F00802FBD11A625A685B6865
S315000045800BB111F009F801279F4C676011F004F890
S315000045904FF0B0434FF48062DF609C4BC3F880213C
S315000045A01A601220A76136A922F003F8369A984BB2
S315000045B01A60002A40F0C78286F31188BFF36F8F16
S315000045C012F0B6F8934A944CD2F8C030934E23F0CA
S315000045D0FF0343F0A003B4429149C2F8C03000F093
S315000045E0098326F01F03203BB3F1005F80F00383AD
S315000045F08C4B0A68874823F01F0343F00303C0F877
S315000046009820C0F89C30884B0132C0F8A0300A6070
S31500004610BFF35F8F05267F4BC3F894605A6A42F456
S3150000462080325A62BFF34F8FBFF36F8FBFF34F8F46
S31500004630BFF36F8F7D4C7E4817F05DFAB4F85830A3
S31500004640B4F85A10A26E01EB43010139342012F07E
S3150000465032F804F16C0017F04EFAB4F85830B4F89A
S315000046605A10E26E01EB43010139072012F023F8DC
S3150000467004F1700017F03FFAB4F85810226F490899
S315000046800131012012F017F804F1740017F033FA23
S31500004690606D626F113080B2B4F85810043012F0B9
S315000046A00AF804F1780017F026FAB4F85810A26F49
S315000046B001390C2011F0FFFF04F17C0017F01BFA02
S315000046C031460026E26F942011F0F5FF04F18000D8
S315000046D017F011FAD4F88020B4F85A10082011F017
S315000046E0EAFFC4E9186610F049FF4FF050234FF473
S315000046F00032C7071A6709D401221146164601FA85
S3150000470006F3034002F1010200F08582494B03EBF8
S3150000471046035B8B484A062B1168484808918AB2C3
S315000047204FEA114140F07E824FF20F03994240F06A
S315000047307682B2F5406F28BF4FF4C06202804FF018
S3150000474000534CF23C325A80324A536A43F4702387
S315000047505362EFF308834FF0CD31394A043B93425D
S3150000476080F0718200239B6AB3F5804F80F09980B8
S315000047701A68344B9A4240F0948095F8806116F09E
S31500004780FD0640F08E80304F3B78002B00F05E82B5
S3150000479002233B7008214FF480331C4A2B48C2F891
S315000047A08011C36011602A4A136100239B6ADB698A
S315000047B098473B788046012B40F0DD8202F08AFA6A
S315000047C0013040F0C982D5F89421224B1A66D5F8FB
S315000047D098215A66D5F89C21C3F87021D5F8A021F6
S315000047E0D20700F1C5821C4A536801334AD135E02D
S315000047F000C007500040005098320020703300205F
S315000048006C330020002000580010005800E100E042
S31500004810B40D002000ED00E0E03F0020803F0020C6
S3150000482064330020FF3F0020E1FF0020E43F00202A
S315000048304C400020007502000000002046110020B8
S315000048400800002007B0CD5ED20A002000A0004478
S3150000485000900044008000449C41002095F880317F
S3150000486083B9BE494968C80748BF5360BC4B5B68FB
S31500004870D90744BF01235360BA4B5B68DB0744BFCB
S31500004880022353601BF032FFD5F8843183F311887D
S31500004890BFF36F8F3E70B8F1000F02D1012385F888
S315000048A08031B149B14811F02DFE11F055FFB04BE2
S315000048B01A68900104D44FF00072C3F880211A6080
S315000048C01A68510104D44FF08062C3F880211A603F
S315000048D00026A84B314618463C22A3F184081FF057
S315000048E049FCC4E90266C4E90846C4E90D46E06C21
S315000048F02661266484F84460A4F8006184F8286080
S31500004900E66184F83C602663C4E90066836808F1C2
S315000049105001984750BBE06C0368984730BBE06C89
S315000049204146436898470646D0B947460146C4F80B
S31500004930D400C4F8FC0084F8F800A4F8D0002022C3
S3150000494008F1D8001FF016FC47F8C06FC7E90166EA
S31500004950E06CC8F8CC60C3689847002800F00D8268
S31500004960854802F05EFB854802F05BFB05F07AFAAB
S3150000497021F028FA0021824B08465B6811F0C2FD3F
S3150000498008B1122809D136A813F020FC28B94FF037
S31500004990FF309DF8D8101FF0BDFE002612F01AFB5E
S315000049A01422002136A81FF0E5FB764B36A94FF0FE
S315000049B0FF30379320F040F80123B34636A94FF075
S315000049C0FF30CDE936668DF8DA301FF003FF6FF061
S315000049D00A014FF0FF3020F032F817F0C7FE4022F0
S315000049E0314669481FF0C6FB3022314667481FF042
S315000049F0C1FB654F664B674ADFF8E8A1DFF8E8912F
S31500004A00DFF8E881A3F1180C07F1400E24260021F7
S31500004A1006FB0BF6604843E9061743F8040C0CEB5B
S31500004A20060043E904A943F8088C01770162CBF13B
S31500004A30000000F01800704442F8140C574842F881
S31500004A40181C42F8100C564843F8241B42F80C0C6C
S31500004A505448203742F8080C534842F8040C53488F
S31500004A6030440BF10106022E01774FF0010B016273
S31500004A7042F8241BCAD10AF019F80346002840F070
S31500004A801B82002000214A4A4FF6FF7AC2E9000144
S31500004A9041F60B22DFF858817F21A8F80420454A09
S31500004AA04548C5F830222022C8F800300293ADF8F8
S31500004AB01CA08DF81EB01FF05DFB47F67F714FF00E
S31500004AC080034FF0FF393D4AA5F8443211803C4A35
S31500004AD03C491288029BA5F840223B4AC5F8501271
S31500004AE012682439C5F84822384A36A8128807AF12
S31500004AF0A5F84222364ACDF8D8901268C5F84C225D
S31500004B001A4617F091FE002800F05781FEE703F0E1
S31500004B100F03043B13441C760346FFF795BB83F350
S31500004B201188BFF36F8FFFF79BBB2A4B1C88FF2CA6
S31500004B3088BF8024FFF79DBB27494A609A69920780
S31500004B40FCD1FFF7F6BB002340F2E73123481FF004
S31500004B50EFF8234B85F87F7118602DE5008005502E
S31500004B6000C0055000000650F46E02007C1B0020B9
S31500004B7000E100E068400020FC3F002010400020DB
S31500004B8000ED00E0006A1800981B0020D81B0020EA
S31500004B90D00D0020F80F0020A125010079DC0000CF
S31500004BA015D40000A9DC0000B1DC0000E00F0020F5
S31500004BB058110020FD2A0100A7130020A51300208C
S31500004BC0629002002C1C0020689002006090020097
S31500004BD0649002000001E00F00E0015018FCFFFFA6
S31500004BE0B00D0020452501000BD400001DDC00009F
S31500004BF0741100209C4B08689C4FC2F8980043F043
S31500004C0001030130B442C2F89C70C2F8A0300860BB
S31500004C103FF4FEACECE4102A7FF470AD7AE54FF475
S31500004C20C0628BE540F20726B3420AD14FF20F0667
S31500004C30B14206D19A4202BF4FF000524CF23C31CB
S31500004C405180038080E543F8041988E54FF0010898
S31500004C501E96269687F80080EFF31183302282F3A2
S31500004C601188C5F884311BF039FD95F888314BB9A8
S31500004C7011F072FD30B97E497E4814F049FC08B93E
S31500004C8085F888817C4B5A68C5F8A0217B4A9A60D2
S31500004C901A6EC5F894215A6EC5F89821D3F870316A
S31500004CA0774AC5F89C31774B5968481C3BD04FF47E
S31500004CB080138B4013660423714A4FF080411366BC
S31500004CC04FF480631366102313664FF400534FF0BE
S31500004CD00008136611665366D8F82830B3F5804F7E
S31500004CE010D2012336A88DF8D830CDE9378801F0E7
S31500004CF070FF389B590505D5D8F8283026A91B6CB6
S31500004D001EA898471E9A5E4B1A66269A5A6695F80A
S31500004D108821002A3FF43EADD5F88C211A66D5F8D5
S31500004D2090215A6636E595F88031002BC3D1564B53
S31500004D305B6813B94FF480131366544B5A68504B93
S31500004D4012B94FF400121A66514A5268002AB2D1BB
S31500004D504FF480021A66AEE701F0BCFF40F2011381
S31500004D6098423FF430AD4B4AD368DB07FCD42AE5C2
S31500004D7000229A6037E501268CE5384606F050FC9D
S31500004D8000287FF4EDAD05F06DF8064600287FF4A7
S31500004D90E7AD4FF4844009F05CFD003818BF0120F0
S31500004DA03D4A3E4B85F87C011A603D4B02201E6150
S31500004DB002F052FB02F0F8FAD8E53A49369818F0B4
S31500004DC0B3F800B1FEE7314636981FF01CFD00B17E
S31500004DD0FEE73549369818F09FFA00B1FEE75946C6
S31500004DE036981FF0FCFE00B1FEE7594636981FF0D4
S31500004DF004FF064600B1FEE7014680222B481FF05D
S31500004E00B9F92A4B59463698A3F83C9083F87E9018
S31500004E1083F83EA0A3F87CA0DFF8949017F06AFD13
S31500004E20369BC9F8003003B9FEE70DA3D3E900238A
S31500004E304FF0FF304FF0FF3109F03BFE3146404660
S31500004E400AF046F85946584620F05CFB3946D9F830
S31500004E50000017F027FD68B3FEE700BFAFF3008040
S31500004E600AE020FF220200000000012003000020CB
S31500004E70641B0020D80A00200080004455CEAC00F8
S31500004E80009000449C4100200080055000C0055061
S31500004E9000000650000004407D6D0000980B0020C5
S31500004EA09C0B0020070011003C750200E011002059
S31500004EB0341100200EF05AF810F060FBCC4B4FF482
S31500004EC0003218604FF050234FF00009C94EDFF84A
S31500004ED070A31A6796F8E430002B40F0A480C6E968
S31500004EE00136C6E9033673614FF6FF73DFF8548364
S31500004EF0B8F800709F4200D1FEE7FFB93B460DF1BE
S31500004F00240BC7F1040136AA89B20BEB07003693CE
S31500004F1013F00DFA0023002840F09D80369A1744BE
S31500004F20032FEED9DBF80030002B00F095806FF0F0
S31500004F300042934208BF0123AF4A1360B8F800301D
S31500004F40C6E9076601337662A8F8003008F08BFAE6
S31500004F500027AA4B06F13001B06200F18040A84A52
S31500004F607363F163B063F76206F1080036630AF013
S31500004F708CFB0B22FB231E2186F84420A6F8583012
S31500004F809C4AF36930209B1ADB10B3FBF1F34FF612
S31500004F90FF7B9C49DBB200FB0313C6E91277C6E927
S31500004FA01C3606F18000C6E91E773664A6F846B0C0
S31500004FB0376576650AF09CFA06F190000AF098FAD1
S31500004FC006F1A0000AF094FA8F4B06F15408C6F8D1
S31500004FD0BC3006F1B803C6F8C4304046C6F8B8601F
S31500004FE00BF07EFA0B22404686F84420C6E913777A
S31500004FF0B764A6F846B00BF073FA0C23C6E9377708
S31500005000C6F8CC30C6F8C860A6F8CE70A6F8D07040
S3150000501086F8DA7086F8E4700AF0AAFA0123C6F870
S31500005020E80086F8E43009F10103022B4AF8046B24
S315000050304FF0010906F1F0067FF44CAFD5F8D482A3
S31500005040C5F8DC82B8F1000F08D16A216F4B704AAF
S31500005050704816F099FDFEE701236DE7D5F8D89262
S315000050606D4D00272B4643F8E98B6B6105F6E90386
S31500005070AB614FF4006305F114063046AB83C5E916
S3150000508008770BF09BFA2E662B460426013EC3E9F1
S31500005090197703F10803F9D1C823604A0421C5E949
S315000050A02C234FF6FF73A5F8B8305D4B0022C5E9F7
S315000050B0303600235B4FC5E92266C5E92466C5E99B
S315000050C02666C5E93423C5E93623A5F8846085F844
S315000050D0A860C5F8AC60C5F8BC80C5F8C86085F89E
S315000050E0E010C5F8E46085F8E86085F8ED6885F8B5
S315000050F0EE68A5F86869A5F86E69A5F87069C5F83F
S315000051008069C5F88469C5F88869C5F88C6985F829
S315000051109069C5F8946947E90223D5F800A0C5F857
S31500005120A069A5F8A469BAF1000F00D1FEE73E4ACE
S315000051303E4B3146C5E90A25A7F1B00078221D602D
S315000051401FF018F84FF0FF32C5F87629384AC5F82F
S315000051507269C5F87A69C5F86A69C5F8E968CAE97D
S315000051603725DFF8E4A07721A7F50D60CAE94D25BC
S315000051700CF0E0FBA7F6E4000AF010FA2C4A2B4BE1
S31500005180C8E93725C9E937252A4A1B68C7F8182808
S31500005190294AAB42C7F82428284AC5E90168C5F858
S315000051A00C90A7F80668C7F81488C7F81C68C7F8F3
S315000051B02088C7F82868C7F82C88C7F83028C7F8A9
S315000051C0346813D14FF0E0252B699B073ED10F20A1
S315000051D010F034F80A23CAF82801B0FBF3F00138BE
S315000051E0B0F1807FC0F0AA80022330E0FEE700BF66
S315000051F04C140020000E00200C130020F1F60000D5
S315000052003C6902002013002099290100BB8F02008F
S3150000521068750200C58F0200501D002000F8FF07C8
S3150000522039250100F0260020E52401003011002078
S31500005230DB0D0100EB07010099DF000055F60000C9
S31500005240AC1C002008130020D81900200123CAF83E
S31500005250003001234F4D2B606B6801336B6094F86F
S31500005260003143B12368002B40F088804A4884F817
S31500005270003106F0D5F9A66C3746002F40F0858040
S31500005280EFF31182302383F31188A36C9B1BA36475
S3150000529082F31188BFF36F8F94F8D03023B13E4864
S315000052A006F02AF984F8D07094F8F83093B1032305
S315000052B0394826AA36A912F081FD58B9BDF89830AA
S315000052C036982BB10278D4F8FC301344C4F8FC307D
S315000052D001F0A6FF314E33782BB106F08CF9337806
S315000052E0002B40F087802E4B1B78002B00F082802D
S315000052F00DF12809012349462A480DF11A0212F038
S315000053005DFD0646002840F0B382D9F800707B8820
S315000053105A1E042A6AD80622DFF89480398802FBCE
S315000053200382B2F87E20914260D1023B032B41D822
S31500005330DFE813F0230135015A018802CAE94B045C
S31500005340EFF3108272B64FF00071174B2E61596061
S3150000535083F82360DAF82C316B610E4BAE61CAF824
S3150000536008601E6001238AF80630BFF34F8FBFF333
S315000053706F8F07232B6182F310886AE793F850201A
S31500005380022A7FF478AF1B686DE7084807F0EEFB4A
S31500005390013F72E7700D0020A44000208C0B002016
S315000053A0E8400020800B002000ED00E0E43F0020F4
S315000053B0007502000421B74B3A7983F8E012002108
S315000053C083F8E112012183F8E2126FF07F0183F87E
S315000053D0E31293F87C11002940F0CD80012A18BF12
S315000053E02426C3F8E462AC4801F0C5FFD9F80000F2
S315000053F001F016FFA3680BB9E36823B1A74802F0D2
S3150000540039F80028F6D0A54B5B68002B40F04382A4
S31500005410A24B302793F844804646EFF3118987F371
S3150000542011889F480EF098FB89F31188BFF36F8FA0
S31500005430002840F06C82EFF31182302383F3118849
S31500005440964B93F84430984540F26D820023934979
S3150000545081F8443082F31188BFF36F8FAB68002266
S315000054600133AB6002232B6003238A4E2B60D6F8F0
S31500005470DC325F685A60002F40F05982EB680133D6
S31500005480EB6004232B6005232B60864DD6F8DC32B7
S315000054902A780293022AD3B200F07782032B00F017
S315000054A051820BB901232B707F4B1D68002D00F034
S315000054B0458528460AF080F805F58D5001230BAA8C
S315000054C016A9083012F07AFC002840F0288505F568
S315000054D0805393F8A62112B9012283F8A62100234E
S315000054E0169ABDF82C609A4208BF1E460121C5F8DF
S315000054F0902004220DF1170B05F1900985F86F191C
S3150000550048465946A5F89460A5F89630A5F89860DF
S3150000551085F89A30A5F89C6085F8E02085F8A830D3
S315000055208DF817300BF0FAFCD8B99DF917309DF8B5
S315000055301780002B15DAD5F884390133C5F884397C
S31500005540C8F3011385F87139039305EB83035B6890
S315000055502B60002B40F052820622414628460CF072
S3150000556027FC002385F86F39169801F059FE0028AC
S3150000557000F0D584FEE7122633E70423454880F879
S31500005580E032002380F8E132022380F8E2326FF045
S315000055907F0380F8E3322423C0F8E43277E0434AFD
S315000055A03B1D07F1240153F8040B8B4242F8040B10
S315000055B0F9D115F08DFA3E4B3E491A68064601F5BB
S315000055C0D6701EF03BFF06227B88CAF8E46202FB17
S315000055D003886FEA43436FEA5343B8F88020AAF87A
S315000055E0E232AAF8E022FEE62A4890F87C31002B47
S315000055F000F01981202200211EA81EF0BBFD2E4BB3
S3150000560007F104081B78052B02D1032001F024FFC3
S3150000561026AA08F1200C1346D8F80000D8F8041082
S3150000562008F1080803C3E0451A46F4D1402123488F
S3150000563004F0F7FBB8B9214B0DF1B80C03F1200EBD
S31500005640624618685968083303C273459446F7D111
S3150000565000230DF1580836934246402136AB26A862
S3150000566012F05EFB70B301260A4BC3F8E462062112
S315000056707B88134A074801FB03226FEA43436FEA1C
S315000056805343B2F88020A0F8E232A0F8E02200F5F9
S315000056903870A9E6D8190020B81C0020E43F002085
S315000056A0244000201013002030110020341B00205D
S315000056B09C410020141B0020940B0020C01C0020DD
S315000056C000750200B74B98E803009980090C9DF815
S315000056D06620186099711898BDF864105A73C3F85B
S315000056E00700A3F80B1007F1240236AB07F1440EAE
S315000056F09C46106851680832ACE803007245634660
S31500005700F6D1A94B0DF1F80C03F1200E624618688C
S315000057105968083303C273459446F7D10023012222
S315000057204FF4844010A90B9304F09BFA78BBDDF884
S315000057304080D8F82030D8F824100293D8F80430E6
S3150000574003911B0A28D1B8F800B0584604F030F986
S31500005750039968B944F201022BF44050904207D0F5
S315000057600BF44F40B0F5824F02D0B0F5844F16D1FE
S315000057700BAB00930298102346AA04F03BFB83462A
S31500005780404609F051F8BBF1000F00D150B150214D
S3150000579036A802F02DFA66E76FF0860BF0E76FF099
S315000057A0850BEDE7502110AB1EAA36A8CDF840B008
S315000057B012F0B6FA8046502136A802F019FAB8F16E
S315000057C0000F02D020211EA8E3E7784B1B78032B9D
S315000057D003D1774B186804F097FA10A801F0B7FDCB
S315000057E0744B0BA813934FF440730B9301F0B7FD62
S315000057F00B9BDFF8DCE1129300231EA9CDE910E331
S31500005800159320226A4B10A804F0E6FE804620215C
S315000058101EA802F0EDF9B8F1000F7FF424AF0420C2
S3150000582001F01AFE20E7112280F8E53280F8E42222
S3150000583080F8E63280F8E732402100F53A7002F04F
S31500005840D7F914E74FF0AA334FF0AA32CDE90C236B
S315000058500423594880F8E032002380F8E13205231A
S3150000586080F8E2326FF07F0380F8E332082393E694
S315000058701B280DD1504E96F82833002B3FF4BAADB5
S3150000588006F2293001F077FD002386F82833B1E5CA
S3150000589005F0B1FEAEE5EFF31186302787F31188E8
S315000058A046480EF059F9804686F31188BFF36F8F8C
S315000058B098F84C30A8F10406022B19D1304601F0B5
S315000058C071FBA8B108F12C00D8F8A09020F098FC44
S315000058D04FF00003314688F84C3048460EF044F944
S315000058E0304620F0A3FAD9F888300133C9F8883059
S315000058F0EFF3118687F3118830480EF02DF98046B4
S3150000590086F31188BFF36F8F0028D1D180E54FF061
S315000059100003013E03744368C068984716F0FF060B
S315000059207FF47BAD87E5A3EB0803DBB28FE5B868B0
S31500005930874216BF83680027BB60002383604368E5
S31500005940984798E50CF031FE1D4BD3E900239042B1
S315000059509941FFF4A9AD1B4E306800B9FEE71E223F
S31500005960194B1A49C31ADB10B3FBF2F33022DBB230
S3150000597002FB03110B7F0F7667F382030B770CF0A4
S3150000598035FE012337602B708EE50CF00EFE0C4BB6
S31500005990D3E9002390429941FFF486AD094E306861
S315000059A0C0B9FEE79C0B0020E01C0020940B0020F1
S315000059B0B40C002000024805D8190020E83F00205A
S315000059C01813002058140020000E00202013002079
S315000059D000240001B54B4FF0300EA0EB030C1E2344
S315000059E04FEAEC0CBCFBF3FCB1495FFA8CFC0B23D1
S315000059F03A460EFB0C110CF0A7FFC2E748461EA95B
S31500005A000BF016FE002840F0B180DDF878B0BBF14F
S31500005A10010F08D040F2BE80ABF10203032B40F227
S31500005A20B180052259E202238DF84030B5F8963050
S31500005A30B34205D0484610A90BF070FA00B1FEE754
S31500005A409DF84030022B40F08C800DF1D809484675
S31500005A50D5F8008009F04CFD00211E26954BD8F89C
S31500005A601C201970914BDFF858C2D01AC010B0FB39
S31500005A70F6F0C0B240220CEB80101EF07BFBD8F88B
S31500005A801C208A4B8C48D31ADB10B3FBF6F3DBB22F
S31500005A904022002100EB831008F11C0B1EF06AFB6C
S31500005AA009F004F848B1584609F056FD00B1FEE782
S31500005AB001201FF03FFD00B9FEE700264FF6FF71FB
S31500005AC0D8F81C0009F018F8584626A9CDE926662C
S31500005AD00AF030FD4FF6FE71D8F81C0009F04EF8BA
S31500005AE0484609F005FDCDF800904A464B4631463A
S31500005AF0D8F81C0012F0D4FA3146D8F81C0009F088
S31500005B00E1FB304613F09EFA4FF6FF790B2308F1BE
S31500005B10540088F84430C8E91366C8F84860A8F805
S31500005B2046900AF0DDFC95F871392B4483F86A69D2
S31500005B3083F8726983F8769983F87A69286EC5F8CE
S31500005B408069C5F88469C5F88869C5F88C690AF062
S31500005B5035FD7022802128460CF02AF9002872D0E3
S31500005B60FEE7032B0CD101F04BF81B200BF016FFC0
S31500005B709DF817600246314628460CF016F962E099
S31500005B800DF0D8FF269026A948460BF051FD18B116
S31500005B900BF004FF0246A0E1BBF1030F269E13D0D3
S31500005BA0ABF10403012B08D85B4632464146284632
S31500005BB00CF0A7FA002846D0D8E733460022414623
S31500005BC028460CF085F8F5E733460EA81D223B491A
S31500005BD00CF078FADDE90E3000F0010B002B40F0F6
S31500005BE08181BBF1000F40F07D81712E6AD0B6F540
S31500005BF06F5F55D00C2E40F06081484636A90BF0F9
S31500005C008DF9002840F04D819DF8D830022B3BD00D
S31500005C1003D9DA1E012A88BF0323002685F8E0305F
S31500005C200C2201234146284685F8E8600CF0E6FA86
S31500005C3095F8E030042B30D0012338BB6A6C85F828
S31500005C40A830C5F8E42095F8ED2895F8EE389A4284
S31500005C5002D028460CF084FB95F871299DF8173080
S31500005C602A4492F8E91803F00F0331B18B421EBFA4
S31500005C70D5F888190131C5F888190F2B0CBF0123F7
S31500005C80013382F8E9386CE40123C6E7C5F8E4601D
S31500005C9085F8A83085F8E880D5E70028D3D0F9E75D
S31500005CA0414628460CF09EF884E700BF000E00200F
S31500005CB02013002091130020AC100020A4750200D0
S31500005CC02C1000202B689A6C002A00F0F2801E6FC0
S31500005CD0002E00F0F080484610AA36A90BF06EFDA3
S31500005CE0002840F0DE80BDF840207F2A00F2D880F0
S31500005CF03346B28053F8060B369903931EF09EFB8B
S31500005D00039B484619460BF009F9002840F0C98064
S31500005D10B3794846B37640F6047333837F23F3762C
S31500005D20337FC6E904BB23F0170343F0040333773C
S31500005D3006F118010BF0F2F8002852D1484606F198
S31500005D4019010BF0EBF800284BD10DF1180B594651
S31500005D5048460BF0F3F8002843D1337F9DF818200E
S31500005D600DF11A0B62F382035946484633770BF05E
S31500005D70E5F8B0BB337F9DF81A200DF1190B62F3DD
S31500005D8000035946484633770BF0D8F848BB337FB3
S31500005D909DF819200DF1280B62F341035946484638
S31500005DA033770BF0CBF8E0B9337F9DF828204846CF
S31500005DB062F30413337706F114010BF043FB80B949
S31500005DC0484606F110010BF03DFB50B9484606F176
S31500005DD01A010BF0A3F820B9484606F11B010BF097
S31500005DE0AAFAD5F80090D9F84830002B61D099F876
S31500005DF05A3009F15406052B5BD0D9F870B0DBF8A0
S31500005E00000013F0D7F9B0B39BF81C30D80632D493
S31500005E10584636A909F0DFFE68BB9BF81C30D90747
S31500005E2004D4584699F8B41009F0FEFEB9F8583073
S31500005E309A0620D49DF8D830082B1CD1D9F870309A
S31500005E4009F190029A60D9F87000037FDB070CD441
S31500005E50D9F8B0B0594609F0CEFED9F8B0309B4516
S31500005E6024BF0BF10101C9F8B010D9F8700009F18F
S31500005E7062010AF0D6F80023304689F85B3089F8CB
S31500005E805C3089F8B5300CF0A5FCB44BC9F84C3041
S31500005E90C8F301132B4408F00F0883F87289D2E681
S31500005EA006200BF07BFD4146024628460BF080FF9C
S31500005EB080E60D20F5E70320F3E7A6F57053B3F56A
S31500005EC0806F09D243F601439E4285F86FB94FF0C1
S31500005ED0010B1CD085F86FB90D22414628460BF000
S31500005EE064FF67E6002285F86F29421005EB600023
S31500005EF0BBF1000F01D0AA58D3589847012385F863
S31500005F006F3900287FF444AE3346012257E64846EF
S31500005F100BF0B2FA172885F86FB9F2D1DCE705F570
S31500005F20805393F8A6314BB105F114000AF026FC14
S31500005F3020B905F58D50143009F030FB00210846D4
S31500005F4020F074FA4FF00009DFF84082844DEFF339
S31500005F50108072B6B8F8026020F06AFA002E3ED1C0
S31500005F604FF4F8501FF0E6FA68B34FF480701FF054
S31500005F70E1FA7C4D8046002800F09D802B68314672
S31500005F801B684FF480701B7813F0200F764B0CBF04
S31500005F904FF0000898461FF0B5FA334600212A68EC
S31500005FA0C2E90411EFF31180302282F311886F4A9F
S31500005FB082F8711380F31188BFF36F8F2968424608
S31500005FC0886A0CF0C1FC6A4A029B9B1A1E22DB10EF
S31500005FD0B3FBF2F3DBB2012B40F28F80FEE785F8CC
S31500005FE00090EFF3108072B6B8F80220A2B1B8F8AC
S31500005FF00030013A08EB8301CE68B8F8041001338B
S31500006000B3FBF1FC01FB1C33A8F80220A8F8003012
S3150000601020F00EFA16B9FEE71646F9E7DFF870B17A
S31500006020337B9BF81720C3F3800363F341028BF89D
S315000060301720337B03F0FB0333739BF81720DB0930
S3150000604063F300028BF81720337B03F07F0333736F
S3150000605073788BF80630334613F80C2BABF8042014
S31500006060CBF8003096F90330424A8BF8153013709E
S31500006070B378414A8BF8163013707368CBF8283022
S31500006080B36803930CF091FA0022039B8342DBF87A
S31500006090280028BF01F1FF31D218CBE9022118B937
S315000060A0334809F05BFD354809F058FD3146344860
S315000060B012F01EFE4BE74FF400701FF03BFA064647
S315000060C030B141464FF400701FF01CFA0F2365E70C
S315000060D04FF480601FF02EFA804638B131464FF4F7
S315000060E080601FF00FFAB0460E2357E701464FF4C3
S315000060F080501FF007FA0B2350E7224A52F823007C
S3150000610020B10368022B01D108F05AFEEFF310808C
S3150000611072B61D4D6E8820F08BF9002E41D008F026
S31500006120A9FC00283DD1EFF3108072B6698861B1F1
S315000061302B8805EB8302D768AA880133B3FBF2F6F6
S3150000614002FB16332B804B1E6B8020F071F907B9CA
S31500006150FEE73B79F3B1012B3AD0FEE7E51B0100E0
S31500006160801300204C110020B0110020D819002007
S31500006170000E00209313002092130020F00E002042
S315000061800C160020501100205C150020C0150020C0
S3150000619080110020B96838680CF028FA38461FF0DC
S315000061A045FE1E4808F04AFCC0B11C4808F046FCF3
S315000061B0054618BB1A4808F041FC054698B1284622
S315000061C0184908F03EFC2846174908F021FCF4E778
S315000061D07A89397A386808F07CFFDFE7104808F0DA
S315000061E02DFC0028E1D1114B1A6901321A615A6956
S315000061F001325A6106221A60FFF72BB80C4B0D4A82
S3150000620019780D4B2846002918BF1A46114608F082
S3150000621018FC2846094908F0FBFBC9E7B80D002021
S31500006220E00F002035D8000028100020700D002057
S315000062302C1100201BD8000061D80000000E0020A1
S315000062400348044B834202D0034B03B118477047FF
S31500006250684200206842002000000000064B074903
S31500006260C91A891048BF0131491003D0044B0BB13C
S3150000627001481847704700BF684200206842002066
S315000062800000000010B5064C237843B9FFF7D8FF8D
S31500006290044B13B10448AFF300800123237010BDF3
S315000062A0A83E002000000000D4AC020008B5054B53
S315000062B01BB105490548AFF30080BDE80840FFF76C
S315000062C0CDBF00BF0000000058310020D4AC020052
S315000062D0A3F5803A704700BF174B002B08BF134B3E
S315000062E09D46FFF7F5FF00218B460F461348144ADB
S315000062F0121A1DF03FFF0E4B002B00D098470D4B96
S31500006300002B00D098470020002104000D000D4806
S31500006310002802D00C48AFF3008015F063FD200082
S315000063202900FDF73DFF15F04DFC00BF00000800F9
S315000063300000000000000000C80A0020C80A002073
S31500006340E03E0020000000000000000008B5C36F1A
S315000063500A462BB1D0F88010007A9847012008BD74
S315000063601846FCE70246D0F8940068B9937B73B9E7
S31500006370D2F8900050B9D2F88C3043B9537B127BD7
S315000063809B1A58425841704700207047184670477C
S3150000639040BA80B24140C1F303135940080380B2AA
S315000063A04840490101F4FF5148407047024610B584
S315000063B044180020A24200D110BD12F8011BFFF7BD
S315000063C0E7FFF7E738B5044645180020AC4203D18D
S315000063D0831A5842584138BD14F8011BFFF7D8FFFD
S315000063E0F4E721B10020012308800B7070472220BA
S315000063F07047EFF31183302282F31188064A107832
S3150000640020B1064A1088003818BF012083F311888E
S31500006410BFF36F8F704700BFE03F0020C80A00201F
S315000064204FF4E13070474FF4E1307047EFF31183DA
S31500006430302282F3118883F31188BFF36F8F704780
S315000064403021094A937852684B4303F1A04303F580
S315000064508023DB6E92689B1AB3F5897F3ABF03806F
S3150000646000200120704700BFC80A0020F8B5164674
S31500006470044600258F1FAF4201DC00200CE02046B9
S3150000648003780134142B08D10521B0F80520FFF755
S3150000649099FF10B106B13580F8BD0135EBE72DE95E
S315000064A0F3470746EFF31188302383F3118801255C
S315000064B0DFF880A01E4E9AF802400DF10600A540B6
S315000064C05C4304F1A044B56204F58024D4F86490DA
S315000064D0FFF7B6FF28B1756288F31188BFF36F8F97
S315000064E009E0BDF80630BB4208D3756288F311880F
S315000064F0BFF36F8F2E2002B0BDE8F0874A46FB1A25
S315000065009BB2013B63F30E126266236F43F00203F4
S315000065102367636E43F4801363667565236FAAF879
S31500006520087023F003031A7B60F341021A73D2E763
S3150000653000100450C80A00208B7C01F12C020133A4
S315000065408B74036813B9CB62026070471846F8E78C
S31500006550C06C836A03B11847704701230B747047F8
S31500006560C388B1EB431F3FBF03684A0953F82200B3
S3150000657001F01F013ABFC84000F00100002070473B
S3150000658010B5C38823B9CA885AB9ABB1012017E040
S31500006590026802EB830252F8042C002AF3D1013B75
S315000065A0F0E70C6804EB820454F8044C0CB9013A89
S315000065B0EAE79A42EAD30FD8013B5A1C01D10020E0
S315000065C010BD026852F823400A6852F8232094420C
S315000065D0DCD803F1FF33F0D24FF0FF30F0E730B5EF
S315000065E0C38823B9CA885AB9002B3DD136E0026860
S315000065F002EB830252F8042C002AF3D1013BF0E7A8
S315000066000C6804EB820555F8045C4DBB013AEAE7D9
S31500006610B1F9045003D2B1F90400404226E0B0F9C2
S315000066200420002A03DD002D0CDA01201EE0002DD7
S3150000663008DD3AB14FF0FF3018E003F1FF330BD21B
S31500006640504213E0013B016851F8235054F82310DF
S315000066508D42F2D9104609E0591CF4D1002005E01C
S31500006660002BD8D09342D3D9B0F9040030BD002214
S31500006670154BB3F90010884202D1B3F902007047F6
S315000066800132042A03F10403F3D110F1910F15D05E
S3150000669010F1900F0ADA10F1970F12D010F1930F44
S315000066A014BF4FF0FF306FF06F00704710F1860F88
S315000066B014BF4FF0FF306FF0710070476FF06F003E
S315000066C070476FF06D007047606602008A4228D0FE
S315000066D001F0FE43B3F1A06F14D102F0FE43B3F113
S315000066E0A06F0FD182EA010333F47E130AD10B04A3
S315000066F008D5C1F30541C2F3054291428CBF002083
S315000067000120704721F47F03B3F1106F0BD102F023
S31500006710FE42B2F1106F06D104480B1A5842584196
S315000067207047012070470020704700BF0000020933
S3150000673007B51E48837A03B9FEE700236946103081
S31500006740CDE9003312F0E4FEE8B9194AD2F8403137
S31500006750D2F840211F2B4FF001030FD9203A934066
S31500006760019A1A43019208236A46124912480EF00A
S31500006770A7FB124B124A1A600DF0DCF99340009AFF
S315000067801A430092EFE72D28F3D1094AD2F8403197
S31500006790D2F840211F2B4FF0010385BF203A9340CA
S315000067A09340019398BF0093DDE700BFC80A00201D
S315000067B00080004400710800D80A00200000002074
S315000067C00B020FF008B50DF0C7F920B110F81A3C0E
S315000067D02C38013B837408BD38B50C46EFF31185A0
S315000067E0302383F311880848FFF7ECFF206028B9AF
S315000067F085F31188BFF36F8F1B2038BD85F3118891
S31500006800BFF36F8F0020F8E7400B002038B50D4826
S31500006810002284780C497C3012F0FDFD30230125DE
S315000068200A4AA54003FB0423196F21F002011967E8
S31500006830596E21F48011596602F500535D651D6598
S3150000684038BD00BFC80A0020B1C1000000000450D6
S3150000685010B550F8044C011F606F12F09DFD2046E4
S3150000686010BD38B505460C4661B1486820B1FFF742
S31500006870EFFF2846FFF76CFE2146A86FBDE83840BB
S3150000688012F08ABD38BD38B50446406F0D4612F089
S3150000689088FD034620B1002043F8044B2B6038BD29
S315000068A01A20FBE710B50C4661B1C06F12F079FDF6
S315000068B0206048B1002303601846226813722268DC
S315000068C0536010BD2220FCE71A20FAE7F8B504460B
S315000068D0002852D0837C002B51D10168856911B103
S315000068E0284612F05AFDA16819B1D5F8800012F0B9
S315000068F053FDE37C022B11D0032B11D0012B11D1B8
S31500006900606820B1FFF7A4FF2846FFF721FE636900
S3150000691023B9D5F89C300133C5F89C30012602E036
S315000069206168E1B90026EFF31187302383F31188FC
S315000069302146A86E12F030FDE37C042B13D1B5F886
S315000069406430013BA5F8643087F31188BFF36F8F7D
S315000069501EB1E86C436A03B198470020F8BD286F62
S3150000696012F01AFDDEE7052B01D0032BECD1B5F8AA
S315000069706630013BA5F86630E6E72220EEE7042004
S31500006980ECE770B516461C460D46B1B1806F12F0A5
S3150000699008FDA0B1002303606B68048143600223F5
S315000069A0837234683CB9022330602846EB74FFF7E3
S315000069B08DFF204670BD2646F3E72220FAE71A200F
S315000069C0F8E7F7B540F201130125012204216846D4
S315000069D0ADF800300EF010FE2A46022101A8ADF8EF
S315000069E004500EF009FE032001A91FF0E2FD019BF1
S315000069F040F6AA6259014FF4E11301F561213A48C4
S31500006A00B1FBF3F1394B456041F205075A610022AB
S31500006A10374C384E9A60DA65DF601A61DA61DA64FB
S31500006A20A6649A651A655A65656045609E68203950
S31500006A3046F080469E60304EDF6006EAC1010226BF
S31500006A408260D9612D499A65C1F8AC650421E1657A
S31500006A504FF440645C611023294AC2F8AC354FF00C
S31500006A600113C2F8C435C2F8BC55456041614561A1
S31500006A700DEB010011F0AAFB88BB9DF80460214CC8
S31500006A8001A8A67011F0A2FB48BB9DF8043084F85B
S31500006A909030D4F894301A68127DB24221D9EFF3BF
S31500006AA01182302181F3118817491B6943F826109A
S31500006AB082F31188BFF36F8F4FF48023C4F89830A8
S31500006AC0124BC4E92700C4E92B00C4F8A400C4F89B
S31500006AD0B400C4F8A83084F8A15084F8B15003B0CB
S31500006AE0F0BD2120FBE700BF009005500080055057
S31500006AF000A00550FFFF0100F8FF7F0000E00350F3
S31500006B0000C00350C80A0020B9BD000002000400FE
S31500006B1010B5682101200FF093FD044618B16822D4
S31500006B2000211DF027FB204610BD10B524210120B1
S31500006B300FF086FD044618B1242200211DF01AFB31
S31500006B40204610BD0022C188914201D8002070471E
S31500006B50036853F8223033B193FAA3F0B0FA80F009
S31500006B6000EB421070470132EEE7F0B5C4880546E7
S31500006B70082C8BB017D9083C082C17D80668A70034
S31500006B8020363A46314602A81DF058FC3A46002106
S31500006B9030461DF0EFFA2623009309212346286884
S31500006BA002AA12F025FB00200BB0F0BD0048FBE75F
S31500006BB080B0FFFF0FF0B7B810B504460FF094F899
S31500006BC02046BDE810401FF031B90FF092B80FF023
S31500006BD090B800239A6AB2F5804F03D21168074A2B
S31500006BE0914203D000230370836070470122027034
S31500006BF09A6A926842609B6A9B69F5E707B0CD5E28
S31500006C001FB501238DF80430002301A80293FFF776
S31500006C10E0FF039B9C0245D5254C63680BB10EF043
S31500006C2003FB0122234B5A60A36A9806FCD4022375
S31500006C300125A3606362204B5D600EF0F5FA1C4BE4
S31500006C40E5609A6AD106FCD402221A639A6AD206D1
S31500006C50FCD40323174A5361A2F5805293614FF483
S31500006C608022164B1A604AF6E850154B154CDA6E20
S31500006C70D96E22F003021866134842F0020241F070
S31500006C800301C0F82044DA66D966DA66D966DA66A0
S31500006C90D966DA66D966DA66BFF34F8FBFF36F8FB0
S31500006CA030BFFEE7094B0A4A1A600CF043FF00BFEB
S31500006CB000400650006006500050065000E100E01B
S31500006CC0004000500000FFFF00E0035000000020DD
S31500006CD002020FF01FB500239A6AB2F5804F1ED24A
S31500006CE0126BB2F5804F1AD2012201A802938DF8D9
S31500006CF00420FFF76EFF039BDB0310D5029B1A0EE1
S31500006D000DD0012A03D1C3F307430A2B07D9002369
S31500006D109B6A1B6B1B6C05B05DF804EB184740F2D1
S31500006D20011005B05DF804FB006800B97047037AEE
S31500006D308B42F9D190F85030002B08BF00207047E5
S31500006D4008B503683BB901790448FFF7EDFF08B1C0
S31500006D5090F8500008BD93F85000FBE7E43F002090
S31500006D60054A08B502F1B800FFF7EAFF05281CBF7F
S31500006D70012382F8C43008BDC80A0020022808B5DD
S31500006D8009D1042906D100210948FFF7CDFF0123C7
S31500006D9080F8A03008BD0328FCD10429FAD10022CE
S31500006DA0044B5B68002BF5D0C3E926221B68F9E784
S31500006DB0E43F0020E03F00202DE9F0431D46062376
S31500006DC087B0137049681446402900F086801CD8A5
S31500006DD0042906D80139032942D8DFE801F0456ABB
S31500006DE04B55202970D0302974D0A1F5E063FF2BD4
S31500006DF000F2CD80C9B241F4E06367486360FFF7F3
S31500006E0093FF58B390F8A00028E040F2013399426E
S31500006E1000F087800DD8B1F5007F66D040F20223DE
S31500006E20994279D05029E0D1516050F8740C036A28
S31500006E3057E0B1F5806F00F09C80B1F5885F75D0A2
S31500006E40A1F58053FF2BD0D8C9B241F480535248E4
S31500006E505360FFF769FF08B190F85000207207E011
S31500006E6000235360A3603EE00123536006231372A0
S31500006E7005232DE0042303220921C4E9012301236C
S31500006E80C4E90313102323E01346042243F8042F16
S31500006E90424A116859605168128999609A810E2395
S31500006EA0638001234374638804332B6007B0BDE815
S31500006EB0F083022301215360082210F86F3C6280A0
S31500006EC013FB0213A360EEE7516050F86C2C22818D
S31500006ED06380E8E75160C36BC4E7516050F8740CF7
S31500006EE0C3699847A0600823F2E7516003A8FFF73B
S31500006EF070FE049BE360002323619DF80C30012B98
S31500006F0002D103232372BDE723B923724FF0FF3367
S31500006F10E360B7E70423F5E7214B5160D3F8C830A7
S31500006F20A0E71F4B516093F8CC309BE7516002F10C
S31500006F30070802F1870900221646531C6846CDE968
S31500006F400066CDE903668DF804208DF810300296B0
S31500006F500596FFF7F5FE074603A8FFF7F1FE47EA99
S31500006F60001708F8017F0232C145D2B2E5D1842369
S31500006F70AEE7A0F13C03083253F8041B834242F803
S31500006F80041BF9D14FF4806363604023A0E700231C
S31500006F9063600D2366E700BFE43F0020488A0200D5
S31500006FA0C80A002008B50146FFF7DCF950B1D1F850
S31500006FB0880040B9D1F8843023B9B1F86800B0FA36
S31500006FC080F0400908BD0020FCE7EFF31182302372
S31500006FD083F311888368013B836082F31188BFF3D2
S31500006FE06F8F704708B508B9022008BDEFF311820C
S31500006FF0302383F31188836823B982F31188BFF3A2
S315000070006F8FF1E70133836082F31188BFF36F8FCF
S3150000701021B1036813B100200B60E6E7FFF7D5FF47
S31500007020E2E738B50446EFF31185302383F3118880
S31500007030037C63B18068214640300CF095FDA26860
S3150000704092F84430013B82F844300023237485F3E0
S315000070501188BFF36F8F38BD2DE9F04104461746FE
S315000070600E4600293DD0806E12F09BF90546F8B118
S31500007070342200211DF07EF8EFF31188302383F3CC
S3150000708011887B1E042B2ED8DFE803F0182D032170
S315000070900300B4F85820B4F86630013A93420ADB8C
S315000070A02946A06E12F078F988F31188BFF36F8F26
S315000070B01A20BDE8F0810133A4F8663088F3118800
S315000070C0BFF36F8F0020EF74AC613560F1E7B4F861
S315000070D06430B4F85A209A42E2D90133A4F86430F5
S315000070E0ECE72220E5E72120E3E72DE9F347914687
S315000070F0042204468846D0F8A4000DEB02019A4605
S31500007100FFF7AAFF074660B91AF00E0F667A019DCF
S315000071100AF002031AD0B20707D42846FFF7D6FBB7
S315000071202127384602B0BDE8F087A3B91AF0040F4C
S3150000713014D11AF0080613D1324694F85030052BB4
S3150000714010D02846FFF7C2FB0227EAE716F0010631
S31500007150E3D10122F1E706463A46EEE70426FBE7CD
S315000071600E26F9E7C5F80480A5F80C906C61237A21
S315000071706B740A9B2B62CAB1A37AE27A1B01DBB25B
S315000071801343CAF3001A43EACA0A85F810A0A37A81
S31500007190013303F00703A37249464046FFF706F999
S315000071A02946E881204612F07AF9BAE766F03F06EA
S315000071B02E74F1E72DE9FF410F4603A90646154651
S315000071C09846FFF70FFF38BB45B30398D0F8A430B5
S315000071D090F8A020B3F85C4040F6F773002C08BF87
S315000071E01C46C2EB423204EBC204A4B2A5420ED83E
S315000071F00A9B394600932A464346FFF776FF014627
S315000072003046FFF7E2FE084604B0BDE8F08130469E
S31500007210FFF7DBFE2B21F6E70221F4E72121F2E757
S3150000722010B578B1FFF714FB044660300CF094FCFF
S31500007230014610B1A06F12F0AFF82046FFF788F9AB
S31500007240002010BD2220FCE708B50CF085FC20B11B
S3150000725010F81E3C3038013B837408BD8B7C01F16D
S31500007260300201338B74036813B90B6302607047F5
S315000072701846F8E738B581624469EFF31185302383
S3150000728083F31188D4F8A430014603F11000FFF708
S31500007290E5FF85F31188BFF36F8FD4F8A420074963
S315000072A002F1180012F0B7F84FF6FF72B4F8683022
S315000072B093421CBF0133A4F8683038BDCB77000079
S315000072C010B50446A37C0846013B04F13001A374C3
S315000072D00CF04AFC2046BDE810403321CAE72DE9F0
S315000072E0F7438946174601A9032206461D469DF81F
S315000072F02880FFF7B1FE38BB306F019C12F051F8C1
S31500007300606028B9204603B0BDE8F043FFF7DEBA57
S31500007310012165F06F05A181C4F814906774257486
S3150000732080F800806068FFF741F8E081EFF311858F
S31500007330302383F31188214606F10800FFF78EFFFC
S3150000734085F31188BFF36F8F03B0BDE8F08310B5E6
S315000073500446182200211CF00DFF204610BD0368CC
S31500007360D90444BF43F4806303609A0444BF43F4E2
S3150000737000630360704707B50022084B014683F897
S3150000738008210288064B0432009392B20123054875
S31500007390FFF710FF03B05DF804FB00BFE03F0020DD
S315000073A061770000800B0020002307B501221946F3
S315000073B00E4811F0EFFA68B90C4801A9FFF712FE62
S315000073C040B9019B0A4A09489A65FFF7FEFDFFF797
S315000073D009FE18B1002003B05DF804FB019B054AC5
S315000073E002485A67FFF7F1FD0120F4E7800B002001
S315000073F061770000616D000010F1840F12DA10F160
S31500007400950F25DB9530102822D8DFE800F01D21E6
S3150000741021211B2121211913110F151F17092300E3
S315000074200F207047003818BF012070471D20704795
S315000074302E2070472D20704724207047212070474A
S315000074401A2070472F2070472C2070472520704740
S3150000745001207047082070470146054B93F8CC0081
S3150000746083F8CC10D3F8D03003B11847704700BF6B
S31500007470C80A00202DE9F0470646C06C86B083692D
S3150000748098478046002800F06781F36823B9B368FF
S31500007490002B39D11B2533E0B04B93F8CC3003F0E9
S315000074A0FB03012BF3D1EFF31185302383F311880E
S315000074B006F10C00FFF7C8FE044685F31188BFF3FA
S315000074C06F8F0028E3D0237C9F097F2BA36898BF8A
S315000074D0002743BBF06E11F064FF206028BBEFF37A
S315000074E01182302383F31188A37C0133A374B3681C
S315000074F044F8303FB46082F31188BFF36F8F1A25CA
S31500007500284606B0BDE8F087EFF31185302383F3F4
S31500007510118806F10800FFF797FE044685F31188E7
S31500007520BFF36F8FCFE74FF00008A189002939D04C
S315000075308B1C9BB2D4F814C037B9227C9CF80B0084
S3150000754022F0070202432274207C25687F28D4F8A3
S3150000755008A029D841B3BAF1000F28D19CF8A09011
S31500007560B9F1000F27D07D4A92F8CC2002F0FB0239
S31500007570012A1ED02946304611F00FFFC4F800A09C
S31500007580EFF31182302383F31188A37C0133A374B4
S31500007590F36844F8303FF46082F31188BFF36F8FCD
S315000075A00025ADE70B46C5E7BAF1000F22D04FF034
S315000075B0000908339BB21421627CAB701B0A297048
S315000075C02871052128466A70EB70FEF7EFFE687198
S315000075D0000AA871B9F1000F7BD0D6F8800011F02F
S315000075E0E0FE21680546A06030B9304611F0D5FEB0
S315000075F0256084E7D146DEE70B79584D03F007098D
S3150000760023F007030B71D4F814A0D4E900129AF8FA
S315000076100800D4F808C08DF80C00DAF89C00A3899D
S315000076200590D5F8DB00CDF80D00B5F8DF00ADF814
S31500007630110095F8E100CDF800C08DF8130003A8FD
S3150000764012F024F9804698B9DAF89C300133CAF86A
S315000076509C30D5F8E4300133B3F1005FC5F8E4306F
S3150000766006D195F8CC30052B02D10320FFF7F4FEA6
S315000076704046FFF7C1FE2268054613794FF0000821
S3150000768023F0070349EA030982F80490A26870B15F
S3150000769022B11146D6F8800011F07EFE30462168F0
S315000076A0C4F8088011F079FEC4F8008028E7D4F801
S315000076B00480B4F80C90C144C1452BD102F10805F1
S315000076C012F8011BFEF764FE9542F9D14FF000084F
S315000076D0E081EFF31189302383F31188F06C2146A2
S315000076E0436998470546D0B1A37C0133A37423466A
S315000076F0B26843F8302FB360B8F1000F05D03046BA
S31500007700216811F04AFE0023236089F31188BFF334
S315000077106F8FF5E618F8011BFEF73AFECCE76069B5
S3150000772038B9022F15D089F31188BFF36F8F012561
S31500007730E6E677B921468C30FFF790FD6269D37B88
S315000077400133D3736469237C1BB91EF0C3FCC4E9FF
S31500007750060189F3118821E73425D1E6C80A0020FD
S31500007760094A13B1012382F8C4300121074B83F87B
S31500007770081192F8CC30042B04D100230520C2F85E
S31500007780E43069E6704700BFC80A0020E03F0020E9
S31500007790EFB506460D46C03803A91746FFF782F82F
S315000077A088B90623039909228B8105230D7245F4B6
S315000077B08055CB810E600D610F7501230091304617
S315000077C00C31FFF7F7FC04B0E0BD2DE9F0470646A3
S315000077D030274FF0020900F1100833697BB1EFF34F
S315000077E0118A87F311884046FFF72EFD4469054646
S315000077F094F850302BB98AF31188BFF36F8FBDE828
S31500007800F087B4F86830002BF5D0013BA4F8683057
S315000078108AF31188BFF36F8F037C7F2B4FEA931295
S3150000782032D9032A0AD14069D0F864A0BAF1000F10
S3150000783004D0AB6A2A6A6968007AD04794F8503057
S31500007840062B25D0082B23D0032B17D12046FFF774
S31500007850A9FB98B1637A84F85090DB060ED5EFF356
S315000078601182302383F31188D4F8A430596844F880
S31500007870041F5C6082F31188BFF36F8F00232846D4
S315000078806B60FFF723F8A8E74069D0F858A0CDE76A
S315000078902046FEF767FD0028F0D0D4F8A4000922A0
S315000078A0217AC030FFF774FF18B1092384F85030ED
S315000078B0E4E794F85030062BE0D10723F6E7054BB2
S315000078C0D3F8E830584043085B4240421843C0179B
S315000078D0704700BFC80A0020F8B5C3880E46B2EB51
S315000078E0830F07684FEA83041AD813469C420CD8C4
S315000078F015460023AB4215D1A24204D90021121B22
S3150000790030191CF037FC0020F8BD23F003003D5869
S3150000791003F00301C900CD40EDB26DB90133E5E7CF
S315000079202546E6E723F00301795803F00300C0007B
S31500007930C140F1540133DDE76FF00700E4E7034689
S3150000794070B51C68DB880846B2EB830F4FEA8305E7
S3150000795019D9521B8E1800211CF00CFC30462A4601
S3150000796000231044934210D1002070BD23F0030180
S31500007970615803F00306F600F140C9B281B901333C
S315000079809D42F3D8ECE71346FAE723F0030161586A
S3150000799003F00305ED00E94000F8011D0133E1E7BE
S315000079A06FF00700E1E71FB54FF001130191039354
S315000079B002A901AB0293FEF712FE05B05DF804FBC7
S315000079C010B50C4CD4F8E820D4F8E83042405940C1
S315000079D081EA0200C00FFFF772FFD4F8E830521AAE
S315000079E0434022EA030208401043C00FBDE810409E
S315000079F065E700BFC80A0020013901D200207047A0
S31500007A0050F82130002BF7D0B3FA83F00131C0EBE8
S31500007A1041107047C1880068EEE753098B42F0B405
S31500007A2002F01F0401D805D13CB3F0BC8A00002146
S31500007A301CF0A0BB1F2A22D834B1002200EB810122
S31500007A40C4F1200681420FD1F0BC704752F8047B86
S31500007A5045F8047FB242F9D10022CB1A8B42EBD211
S31500007A6040F823200133F9E751F8045D25FA04F3C1
S31500007A7013430B6005FA06F2E4E71F2AE4D900EB8C
S31500007A808302051F00EB8106E4E708B50A46C188B4
S31500007A9011B10068FFF7C1FF002008BD01F1804168
S31500007AA0013900EB81018142034600D270471B6811
S31500007AB00A681BBA12BA40F8042B41F80439F2E7F7
S31500007AC00346C06920B15B6A002B14BF0120022067
S31500007AD0704700220123C0E90023C0E90223C0E960
S31500007AE00423704738B5002401250146C0E9025435
S31500007AF0C0E904540470446085611C30FFF7E9FF57
S31500007B00C1E90D45C1E90F44C1E91144C1E9134476
S31500007B10C1E91544CC6538BD70B50646FFF7D0FF00
S31500007B2002280C4605461DD100212046FEF718FD09
S31500007B3060BB01212046FEF713FD024630BB2046FE
S31500007B40FFF768FF336C591C88421FD1FE2B07D103
S31500007B5029462046FEF704FD0D4B021E18BF1A46A5
S31500007B60104670BD01280FD101462046FFF71BFFC6
S31500007B7000280BDB204606F13401FEF730FD002815
S31500007B80034AB8BF0022EBE7024AE9E7004AE7E703
S31500007B9080B3FFFF80B0FFFF70B5066C0D46073659
S31500007BA0B3EBD60F114604464FEAD60203D20023A2
S31500007BB00D482B6070BD2A60B0F866307BB1FFF7C8
S31500007BC07FFF022804D104F16000BDE8704083E61F
S31500007BD0012806D104F16000BDE87040AFE6034815
S31500007BE0E8E76FF06D00E5E700B1FFFF80B0FFFF4B
S31500007BF010B5034B0A461B6900210446984710BD81
S31500007C006066020010B5044610B109B1FFF7F0FF37
S31500007C102046BDE810401EF009B910B5044648B12B
S31500007C20006818B1E1888900FFF7ECFF0022012304
S31500007C30C4E9002310BD10B50446FFF7EEFF04F1BA
S31500007C400800FFF7EAFF04F11000BDE81040E4E782
S31500007C5000B1F0E7704742F21073994270B50446DE
S31500007C600D4602D96FF00F0070BDC3888B4213D248
S31500007C70042128460EF0E4FC06460028F2D02168CE
S31500007C8041B1E28892001CF0D9FBE18820688900A6
S31500007C90FFF7B8FFE58026600020E5E72DE9F04113
S31500007CA00D46C98804461646FFF7D5FF014618BBA0
S31500007CB03046FFF704FE03461C4EB4F90420D6F8FE
S31500007CC0E8000132584022EA0002B5F9040001300A
S31500007CD018400243013AA280D5F800E02268B5F8C0
S31500007CE00680724503D08C46043AE04507D8DB434C
S31500007CF0EA88E088824211D30846BDE8F081D6F8CA
S31500007D00E87052F8040F5F4020EA07005EF82C7016
S31500007D100CF1010C1F4038431060E6E7256855F862
S31500007D202200184045F822000132E2E7C80A002086
S31500007D30F8B505468D420E46104601D10020F8BD25
S31500007D40FFF7BDFDC98804462846FFF784FF10B13A
S31500007D506FF00F00F3E73046E988FFF77CFF002855
S31500007D60F6D11E4AB6F90430B5F90410D2F8E80087
S31500007D7001310133604021EA000023400343013B07
S31500007D80AB80B6F90430D2F8E800013360402140F8
S31500007D9023EA00030B43013BB38031682B68EE886E
S31500007DA08B42CBD0043903EB8606B342C6D0D2F859
S31500007DB0E8001D6851F8047F604025EA000027406E
S31500007DC0384343F8040BD2F8E8700868674020EAA5
S31500007DD00700254028430860E7E700BFC80A0020DF
S31500007DE038B504460D4619B9FFF717FF002038BD10
S31500007DF0C2888A4207D10021006892001CF0BAF9B5
S31500007E000123A380F2E7FFF708FF29462046BDE8D5
S31500007E10384020E72DE9F84312F0030318BF012389
S31500007E2003EB92068946314680461546FFF7D8FF92
S31500007E300446F0B9B8F80620D8F80070B2421BD351
S31500007E403FB10146920038461CF094F923469D4204
S31500007E5002D12046BDE8F88319F80310DA0023F0B2
S31500007E60030002F0180291403A5801330A433A508F
S31500007E70EDE76FF00F04ECE76FF00704E9E72DE993
S31500007E80F84312F0030318BF012303EB920688465A
S31500007E90314681461446FFF7A3FF0546D0B9B9F827
S31500007EA00670B74219D397B1D9F80090BE000146C3
S31500007EB0324648461CF05EF92CB1301B224641463C
S31500007EC048441CF0BBFA39464846FFF7E7FD28460A
S31500007ED0BDE8F8836FF00F05F9E76FF00705F6E7E1
S31500007EE0884270B505460E4609D0C988C28841B990
S31500007EF02AB101239200838000681CF03BF9002020
S31500007F0070BD4C1E6CB9B6F904300134A242AB8088
S31500007F100ED221462846FFF79EFE88B16FF00F006D
S31500007F20EEE7336853F82430002BECD1013CE9E747
S31500007F302868121B0021920000EB84001CF01AF93D
S31500007F4031682868A2001CF079FAD8E738B50446EB
S31500007F500D46FFF7C5FF68B905F1080104F10800F1
S31500007F60FFF7BEFF30B905F1100104F11000BDE8BE
S31500007F703840B5E76FF00F0038BD70B50E460121E9
S31500007F800446FFF768FE054648B9E28801469200B6
S31500007F9020681CF0EFF823681E600123A3802846A2
S31500007FA070BD10B501210446FFF7E7FF58B901215E
S31500007FB004F10800FFF7E1FF014620B904F11000C3
S31500007FC0BDE81040D9E76FF00F0010BDF8B5C388C3
S31500007FD00646B1EB431F0C4617464FEA511514D21D
S31500007FE00122316804F01F0451F82530A24023EA2B
S31500007FF0020341F82530326807FA04F452F82530B6
S31500008000234342F825300020F8BD002AFBD0691C26
S31500008010FFF721FE0028E3D06FF00F00F4E7F8B574
S3150000802004460D46FFF7F6FCE3882844B0EB431FF1
S3150000803024D81F2D2368E1884FEA551005F01F0448
S3150000804012D96FF003060A4606FB0036904202F18B
S31500008050FF3521D3421A814238BF002200250A4447
S3150000806003EB82029A421DD134B1002503EB800353
S31500008070C4F12007814218D80020F8BD10F01F0176
S3150000808018BF012101EB50112046FFF7E4FD00283F
S31500008090CFD06FF00F00F0E756F8252043F82520E3
S315000080A02A46D3E742F8045DDCE71E68013006FA8B
S315000080B004F22A4343F8042B26FA07F5DAE72DE9FA
S315000080C0F84305460E469046D4887CBBF188284680
S315000080D0FFF7C1FD0746002864D1F28894420BD20F
S315000080E0AE4209D028683168121B920001EB840168
S315000080F000EB84001CF0A2F9EA88F088824207D9D6
S315000081002B68121A0021920003EB80001CF032F853
S3150000811000221346D5F800C0D6F800E0D8F8008053
S31500008120944214D143BB0123AB800DE0D8F8003054
S3150000813003EB840353F8043C0BB9013CC5E7F18813
S31500008140A142C4D26FF009073846BDE8F8835EF84D
S31500008150226058F82200F11A81422CBF4FF0000924
S315000081604FF00109091A4CF822109E422CBF4B46CB
S3150000817009F101030132D3E72A68E98802EB840496
S3150000818002EB8102944202D1002BCCD0DAE72168BF
S31500008190C91A34BF01230023003B18BF012344F84A
S315000081A0041BEFE76FF00F07CEE738B50C46051D49
S315000081B029462046FEF713FA002801DA002006E0D9
S315000081C02A4621462046FFF77AFF0028F0D038BD20
S315000081D02DE9F8431446B1F904709288054612FB5E
S315000081E007F253430E461ED521463046FEF7C8F920
S315000081F0B0F1FF3F80460DD0224631462846FFF7B4
S315000082005EFF28B9B8F1000F08BF01270020AF8034
S31500008210BDE8F88332462846FFF751FF0028F7D11C
S315000082207F42AF80F4E7844202D0814212D12646D3
S315000082300123AB80B6F80690B9F1000FE6D033689B
S315000082404FEA890803EB890353F8043C4BB909F15B
S31500008250FF39F1E7FFF744FE0028E8D06FF00F0082
S31500008260D6E749462846FFF7F6FC04460028F5D12E
S31500008270316826462B68181F50F8042FA2182CBF09
S315000082804FF0010C4FF0000C51F826400136121940
S315000082904CF10004B1450260EED14344002CB5D048
S315000082A0EA8806F10108B24208D841462846FFF797
S315000082B0D2FC0028D2D12B6803EB86031A68464607
S315000082C012192CBF01240024003C18BF012443F8D6
S315000082D0042BE3E701237BE770B50C460546114600
S315000082E020461A46FFF7F6FF064630B904352946FA
S315000082F02046FEF774F9002801DA304670BD2A469A
S3150000830021462046FFF7DBFE0028F0D00646F4E7BC
S315000083104FF0FF335CE770B50C4606461146204623
S315000083201A46FFF7F5FF054688B90436B4F9043056
S31500008330002B0CDA00212046FFF735FB30B1324620
S3150000834021462046FFF7C6FF0028EFD005462846FF
S3150000835070BDF7B50D4601230021083504462846B1
S31500008360CDE900131646FFF71EFB211D07462A46D8
S315000083706846FFF7CDFF044648B9002F0CBF002220
S3150000838006F0010269462846FFF788FC044668465F
S31500008390FFF743FC204603B0F0BD2DE9F341044648
S315000083A00F461546CE8836B13B6803EB860353F875
S315000083B0043C33B13DB90021204602B0BDE8F0418E
S315000083C0DBE5013EEFE72046711CFFF744FC28B1D0
S315000083D06FF00F08404602B0BDE8F08139462046EE
S315000083E0FFF77EFD80460028F2D1013D0095334619
S315000083F03A68E188206810F0FBFEEBE72DE9F047CC
S3150000840011210446FFF727FC002840F0B5812568B6
S315000084102B682A6AD5F82C9099182CBF01230023C3
S315000084206A6AD5F83080521843F10003914588BF37
S31500008430013BA2EB090EF04588BF013BD5F834C0DD
S31500008440AEEB0806B44588BF013BAF6BA6EB0C014B
S315000084508F4288BF013BC91B29602568DEB2002B0D
S31500008460696880F28B815A4291424FF0FF3228BFF1
S31500008470002219446B6AD5F830905B18A96A42F15C
S315000084800002C9182CBF4FF0010A4FF0000A5AFA31
S3150000849082F2894588BF013AD5F83480A1EB090EEE
S315000084A0F04588BF013AD5F838C0AEEB0806B445AA
S315000084B088BF013AEF6BA6EB0C039F4288BF013AD7
S315000084C0DB1B6B602568D6B252B2002AA96880F21F
S315000084D05A81534299424FF0FF3328BF002311447B
S315000084E0AA6AD5F834E0521843F10001EB6AD5F8D0
S315000084F038C09B182CBF4FF001084FF0000858FAFF
S3150000850081F19E4588BF0139A3EB0E06B44588BFAD
S315000085100139EF6BA6EB0C02974288BF0139D21BDB
S31500008520AA602268CEB249B20029D56880F23081AD
S315000085304B429D424FF0FF3328BF00230D44D16AC2
S31500008540D2F83CE04D1943F100034919156B43F18C
S315000085500003691843F100036D18516B43F10003E2
S3150000856049192CBF4FF001084FF0000858FA83F361
S315000085708E4588BF013BD2F820C0A1EB0E06B4455C
S3150000858088BF013B576AA6EB0C05AF4288BF013B8B
S31500008590ED1BD5602168DEB25BB2002B0D6980F25F
S315000085A0FC805A4295424FF0FF3228BF00221D44FC
S315000085B00B6B4F6A5D1942F100025B194D6B42F17C
S315000085C00002EB1842F10002ED188B6B42F100023B
S315000085D05B192CBF4FF0010C4FF0000C5CFA82F2D5
S315000085E09F4288BF013A8E6ADD1BAE4288BF013AC0
S315000085F0AD1B0D612568D3B252B2002A696980F2BB
S31500008600D180534299424FF0FF3328BF00231144D3
S315000086106E6BEF6A721843F10001AB6BB61841F14D
S315000086200001EA6B9E1941F100019B1941F100011D
S31500008630D2182CBF4FF0010C4FF0000CAE6A5CFA5A
S3150000864081F1964288BF0139931B9F4288BF013949
S31500008650DB1B6B612268CEB249B20029956980F2B4
S31500008660A6804B429D424FF0FF3328BF00230D44A6
S31500008670916BD66B4D1943F100034D1943F100037D
S31500008680751943F100037619556B43F100038919F7
S3150000869043F100036D182CBF4FF0010C4FF0000C96
S315000086A0176A5CFA83F3AF4288BF013B566AE91B3F
S315000086B08E4288BF013B891B91612168DDB25BB2A6
S315000086C0002BCA6978DA5D42AA424FF0FF3528BF0F
S315000086D000251A44CB6BD1F828A09A1845F100055D
S315000086E09A1845F100059B180A6A45F10005D2184B
S315000086F02CBF0123002353FA85F3924588BF013B23
S31500008700D1F82C90A2EB0A08C14588BF013BD1F8ED
S3150000871030E0A8EB090CE64588BF013B4F6BACEB9C
S315000087200E06B74288BF013BF61BCE6122685BB2DC
S3150000873023EAE371116200250822E18801329142A1
S315000087403FD8002B18DA00222568A958C943A9503A
S315000087500432242AF8D100222568A9580131A950EB
S3150000876021688D5815B90432242AF5D14FF6FF72C7
S31500008770A2800A6AD21A0A62BDE8F08789192CBF5C
S315000087800122002276E689192CBF01230023A7E6E1
S31500008790AD192CBF01230023D1E6AD192CBF012250
S315000087A0002205E7C9182CBF0123002330E7AD19C5
S315000087B02CBF012300235BE752192CBF012500259E
S315000087C088E7216841F82250B7E72DE9F04F99B0C4
S315000087D0CDE90312824600211046FFF7E4F800288F
S315000087E0C0F2F68105D16FF00B03184619B0BDE84B
S315000087F0F08F4FF00109DDE90301924BADF830909F
S31500008800149315ABADF83890CDF84090CDF848905C
S315000088101393FDF7B5FE013019D1BAF1000F06D05A
S3150000882050460399FFF75CFB002840F0B281002117
S315000088305046FFF7B8F80028C0F2B98150460499AF
S31500008840FDF7CDFE002880F2B9810023CDE7002593
S3150000885003990BA80B95ADF83250FFF741FB0B9E21
S315000088600446BDF83270002840F09A810D90ADF8AC
S315000088703A0004990DA8FFF733FB0D9B0546BDF89A
S315000088803A800193002840F09081039B0F90D9888D
S315000088900FA80231ADF83890ADF83090FFF7DBF94C
S315000088A0044628B12C460F9B02936FF00F03A8E0F5
S315000088B001460FA8FFF761FB0F9B02930028F4D136
S315000088C0039B1190D98811A80231FFF7C4F9119CB6
S315000088D002460028E9D10DA8FFF79CF800F01F001A
S315000088E01F287AD0C0F11F0319460BA80593FFF77E
S315000088F096FB0B9EBDF832700028D6D105990DA8BF
S31500008900FFF78DFB0D9BBDF83A8001930028CCD173
S31500008910C1463D46A7EB080B4FEA4B130793019B55
S315000089204FEA4B110DA80D93ADF83A80FFF777FB90
S315000089300D9BBDF83A8001930028B6D1029B03EB4C
S315000089408B0B019B0DA90BA80B96ADF832700D93FE
S31500008950ADF83A80FDF743FE002842DA09F1FF330D
S3150000896007990DA80693FFF790F8019B09F1FF32CE
S3150000897003EB82030793019A09F18043023B02EB62
S31500008980830305F1FF3B05F180450893013D029BFA
S31500008990A5EB090503EB8505069B5B4554D3BAF1A8
S315000089A0000F18D005990BA80B96ADF83270FFF79B
S315000089B06CF8039B0BA99B885046ADF83030FFF747
S315000089C08FFA014600287FF470AF5046FEF7EBFFA2
S315000089D0002800F0DA80002313E0C1463D460592E8
S315000089E098E7DBF800300BA90133CBF800300846D6
S315000089F00DAAFFF78DFC0B9E0346BDF832700028CA
S31500008A009FD00BA803930B96ADF83270FFF705F9CC
S31500008A10019B0DA80D93ADF83A80FFF7FEF8029B77
S31500008A200FA80F93FFF7F9F811A81194FFF7F5F8BF
S31500008A300C2115A8FFF7DCF8039B002B3FF4F7AEDB
S31500008A40D3E600BF01000300079B56F82B101A68F7
S31500008A504FEA8B09A9F104003318914209934AD2CF
S31500008A60002330581BF064F9002914BF4FF0FF3380
S31500008A700346BBF1010F2B600EBF0023B14459F82A
S31500008A80083C1593099B1B68169306EB8B031B6822
S31500008A9017932B6801332B602B680021013B2B6059
S31500008AA011A81194FFF769FA119C00287FF4FDAE16
S31500008AB0069B1BB3089B1B682360079B11A91B68B9
S31500008AC0084663602A68FFF768FC119C00287FF45B
S31500008AD0ECAE13A911A8FDF782FD0028DCDC019B92
S31500008AE02A680DA911A80D93ADF83A80FFF755FC39
S31500008AF030B1119CD9E64FF0FF33BAE7069BDBE7AE
S31500008B006FF00703029A4FEAC50902FB039911A801
S31500008B104946FFF784FA119C00287FF4C6AE0BA9DC
S31500008B20084611AA0B96ADF83270FFF7F1FB0B9EC3
S31500008B300346BDF8327000287FF463AF01460BA8E8
S31500008B40FEF731FF00281CDA0DA911A8FFF7C8F9B6
S31500008B500028CED1494611A8FFF761FA119C0028DA
S31500008B607FF4A3AE0BA9084611AAFFF7B3FB0B9E31
S31500008B700346BDF8327000287FF443AF2B68013BF3
S31500008B802B600BF1FF3B043D06E70123AAF80430F6
S31500008B9021E70024A046274626460294019484E64F
S31500008BA02C46A846029501957FE602947DE651463D
S31500008BB05046049AFFF78EFB03463EE75146504661
S31500008BC0049AFFF7A5FB034600283FF437AE0CE6F0
S31500008BD06FF0090309E62DE9F04F99B001900D46B3
S31500008BE0104601219146FEF7DEFE002840F304827E
S31500008BF001230022294614A8CDE91023CDE912232A
S31500008C00CDE90823CDE91423CDE916230F930D935F
S31500008C100B93079305930393FFF762F988B36FF0FD
S31500008C200F0B14A8FEF7F9FF16A8FEF7F6FFBBF127
S31500008C30000F40F0C581012112A8FEF7B4FE0446DC
S31500008C40002840F0C4814A46294610A8FFF7BDFD1A
S31500008C508346002840F0B5810E9010A90EA8FFF7B4
S31500008C603FF90E9C28B9494608A8FFF739F90028AC
S31500008C706AD00026B046B246354637466FF00F0B2F
S31500008C806CE1494616A8FFF72BF90028C7D114A8AE
S31500008C90FDF758FF064616A8FDF754FF044650B9DF
S31500008CA0014616A8FDF75CFC28B9294612A8FFF76D
S31500008CB017F98346B5E70123ADF85C30ADF85430BB
S31500008CC0002114A8FEF76FFE80B9A642314616A809
S31500008CD028BF2146FFF7A3F90028A0D116A912A89C
S31500008CE0FFF7FEF8834600289BD098E714A8FDF707
S31500008CF029FF014614A8FEF7C8FE16A8FDF722FFB5
S31500008D00014616A8FEF7C1FE16A914A8FDF767FCD2
S31500008D1000280DDB14A9084616AAFFF7D0F98346EA
S31500008D2000287FF47EAF012114A8FEF7AEFEC7E748
S31500008D3016A9084614AAFFF7C2F9834600287FF44D
S31500008D4070AF012116A8F0E7494606A8CDF818B07D
S31500008D50FFF7C6F8DDF818A0002840F04181012190
S31500008D600CA8CDF830B0FFF708F90C9E002840F0AB
S31500008D703A8159460AA8CDF828B0FFF7FEF8DDF883
S31500008D802880002840F03381594604A8CDF810B059
S31500008D90FFF7F3F8049D002840F02C81012102A87A
S31500008DA0CDF808B0FFF7E9F8029F00287FF466AF18
S31500008DB02368D80752D5DAF80030DB077CD506A938
S31500008DC00EA80E94CDF818A0FDF709FC0028C0F2F5
S31500008DD09E800EA9084606AAFFF79AFA0E9C8346BD
S31500008DE0002840F0BB800CA9084604AA0C960495FE
S31500008DF0FFF78EFA0C9E8346002840F0AF800AA942
S31500008E00084602AACDF828800297FFF781FADDF816
S31500008E1028808346002840F0A18000210EA80E94E9
S31500008E20FEF7C1FD0028C3D1002104A80495FEF772
S31500008E30BAFD0028C0F28880494604A80495FDF7CB
S31500008E40CEFB002880F2B180019804A9FFF748F80C
S31500008E50B0F1000B18BF6FF00F0B7FE001210EA8D9
S31500008E600E94FEF712FE3368DA0703D4D8F8003002
S31500008E70DB0715D50CA9084608AA0C96FFF72AFAAF
S31500008E800C9E8346002869D10AA9084610AACDF887
S31500008E902880FFF73DFADDF82880834600285DD15B
S31500008EA001210CA80C96FEF7F0FD01210AA8CDF8C9
S31500008EB02880FEF7EAFD7BE7012106A8CDF818A079
S31500008EC0FEF7E3FD2B68D90702D43B68DA0713D512
S31500008ED004A9084608AA0495FFF7FCF9049D8346F1
S31500008EE000283BD102A9084610AA0297FFF710FAFC
S31500008EF0029F8346002831D1012104A80495FEF77C
S31500008F00C4FD012102A80297FEF7BFFD53E706A99B
S31500008F1008460EAAFFF7FCF9DDF818A08346E8B963
S31500008F2004A908460CAA04950C96FFF7F1F9049DCE
S31500008F30834698B902A908460AAA0297CDF828805E
S31500008F40FFF7E6F9029F64E704A94A460846FFF7D9
S31500008F50C1F9049D834600283FF466AF10A8FEF7CA
S31500008F605CFE0EA80E94FEF758FE0CA80C96FEF7B3
S31500008F7054FE0AA8CDF82880FEF74FFE12A8FEF789
S31500008F804CFE08A8FEF749FE06A8CDF818A0FEF785
S31500008F9044FE04A80495FEF740FE02A80297FEF7D9
S31500008FA03CFE584619B0BDE8F08F04A94A4608466B
S31500008FB0FFF7AEF9049D834600283FF43DAFCDE7A9
S31500008FC000242646A046A24625462746C6E75C4616
S31500008FD05E46D846DA465D465F466FF00D0BBDE746
S31500008FE05E46D84648E6D8465D465F4646E65D4656
S31500008FF05F4643E65F4641E66FF0030BD1E72DE996
S31500009000F04F16461D46002201238BB0B142814621
S315000090100C46CDE90623CDE908231ED106A8FEF7A6
S315000090205FFFC8B16FF00F03029308A8FEF7F5FDC6
S3150000903006A8FEF7F2FD029B002B40F0B080D9F89F
S315000090404850002D70D12146204609F104020BB08C
S31500009050BDE8F04FFFF7B9BB06AEAC4206D12146DC
S3150000906008A8FEF73DFF0028DCD108ADB6F806805B
S31500009070B8F1000F36D1B8FA88F3EF885B09002FF4
S315000090803AD1002F08BF43F0010308EB070A514607
S3150000909020460493FEF7DFFD01460028C2D1204694
S315000090A0FEF76BFF02900028BCD1326823680146A8
S315000090B0039218464FEA8A02D5F800B01BF05AF818
S315000090C0ABF1040A834600EB870708F10101BB45B3
S315000090D01BD1049B33BBB388AA8813FB02F39BB254
S315000090E0A380A2E7336803EB880353F8043C002B04
S315000090F0C1D108F1FF38BBE72A6802EB870252F8B4
S31500009100042C002ABDD1013FB9E75AF8043F58465E
S315000091100093039A434605910BF1040B10F068F88F
S315000091200599D4E70123DBE7B4F90430002B04DA10
S3150000913020460299FEF737FCA0BB2046FEF76AFCE4
S31500009140D9F83C30B0EB430F2CD82046A84705464B
S3150000915080B909F10406B4F90430002B04DA0021C1
S315000091602046FEF720FC48B931462046FDF737FA7F
S3150000917000280CDA28460BB0BDE8F08F32462146AF
S315000091802046FFF7A7F80028E5D00546F2E7324665
S3150000919021462046FEF793FF0028E5D0F5E76FF05D
S315000091A00F05E7E7004DE5E780B0FFFF2DE9F74340
S315000091B001F110060546894630460021FEF7F3FB0D
S315000091C00446A0B300230127314668462A1DCDE98F
S315000091D00037FFF700FD044630BB09F108086B466F
S315000091E0424641462846FFF70AFF0446E0B96B4669
S315000091F06A4669462846FFF702FF0446A0B96B4651
S315000092004A4649462846FFF7FAFE044660B96B46C9
S31500009210424641462846FFF7F2FE044620B9394643
S315000092203046FEF7AAFE04466846FEF7F6FC2046E0
S3150000923003B0BDE8F0832DE9F84F1E4603F108059B
S31500009240C36804468A469046002B40F0A58002F18A
S3150000925010031A462946FFF7D2FE002840F09A80EE
S3150000926006F110072B46424639462046FFF734F8EA
S31500009270002840F08F8006F118092B4642464946E1
S315000092802046FFF748F8002840F084804B463A46CF
S3150000929029462046FFF7B3FE00287BD10322294644
S315000092A03046FFF77AF8002872D131462046FEF79D
S315000092B07CFF00286ED108F1080B06F110075B460B
S315000092C05A4639462046FFF79AFE002862D13946AB
S315000092D020460FF089FA00285CD13B4642462946D3
S315000092E02046FFF78CFE002854D1294620460FF071
S315000092F07BFA00284ED106F118093B463A46494604
S315000093002046FFF77CFE002844D1494620460FF050
S315000093106BFA00283ED13346324639462046FFF7DF
S315000093206EFEB8BB2B463A4639462046FEF7F3FF9B
S3150000933080BB2B463A4639462046FEF7ECFF48BB33
S315000093403B462A4629462046FEF7E5FF10BB334634
S315000093502A4629462046FFF752FED8B94B462A46EA
S3150000936029462046FEF7D7FFA0B95A464946204669
S3150000937008F11003FFF743FE60B9494620460FF097
S3150000938033FA38B939465046FEF7AAFD002841D0CF
S315000093906FF00F00BDE8F88F13462946FFF72FFE42
S315000093A00028F7D1032229463046FEF7F6FF0028AB
S315000093B0EED131462046FEF7F8FE0028EAD104F148
S315000093C00C0701463846FEF7EEFA00283FF473AF65
S315000093D008F110031A4629462046FFF710FE00281A
S315000093E0D8D106F110092B462A4649462046FFF7F2
S315000093F006FE0028CED13B464A4629462046FFF7C0
S31500009400FEFD0028C6D12B46324631462046FEF7E1
S3150000941063FF4EE729460AF10800FEF761FD0028C2
S31500009420B6D149460AF11000BDE8F84FFEF758BD1F
S315000094302DE9F14F9A461B6904460E4691460A9D50
S31500009440002B00F0D38002F1100700213846FEF70A
S31500009450AAFA30B95146304601B0BDE8F04FFEF7E2
S3150000946075BD0AF1100800214046FEF79CFA08B9BE
S315000094704946F0E701214046FEF795FA002840F0FC
S31500009480B5803B463A4629462046FFF7B8FD0028F8
S3150000949040F0AD8005F108083B462A464146204685
S315000094A0FFF7ADFD002840F0A28053462A46294624
S315000094B02046FFF7A4FD002840F099804246414629
S315000094C020460AF10803FFF79AFD002840F08F8036
S315000094D04B462A4629462046FEF71DFF002840F047
S315000094E0868009F1080B5B46424641462046FEF758
S315000094F012FF00287BD100212846FEF754FA0146C8
S3150000950088B94046FEF74FFA38B92B464A463146E7
S31500009510204601B0BDE8F04F8DE6304601B0BDE80B
S31500009520F04FFEF73EBD2B463A46204606F11001A7
S31500009530FFF765FD00285AD105F110072B462A468C
S3150000954039462046FFF75BFD002850D105F1180A81
S315000095502B463A4651462046FFF751FD002846D194
S315000095604B463A4639462046FFF749FD00283ED18C
S3150000957039462846FEF7B4FCE0BB294620460FF0E4
S3150000958033F9A0BB4346424631462046FFF737FD36
S3150000959068BB2B46324631462046FEF7BCFE30BB42
S315000095A05346324631462046FEF7B5FEF8B93346F5
S315000095B03A4639462046FEF7AEFEC0B943463A461D
S315000095C039462046FFF71BFD88B95B465246514691
S315000095D02046FFF714FD50B953463A46204606F199
S315000095E0080101B0BDE8F04FFEF795BE034801B093
S315000095F0BDE8F08F6FF00F00F9E700BF80B0FFFF06
S315000096002DE9F0430E460546012189B006F110000A
S31500009610FEF7C9F90446002840F0E2802846FEF726
S315000096204FFA0228804660D13046FEF7F3F92B6CDC
S3150000963007300733C008B0EBD30F00F2D1802146C4
S315000096403046FEF7B0F90028C0F2CA800123314641
S3150000965004A82F7804940593FEF742FC002841D114
S315000096600435294604A8FCF7BAFF002807DA0121C9
S3150000967004A8FEF798F9002810DC5B4C07E004A963
S315000096802A460846FEF744FE04460028E9D004A808
S31500009690FEF7C3FA204609B0BDE8F083092F0BD1C7
S315000096A0524904A8FCF79BFF0028E6D0504904A8BD
S315000096B0FCF795FF0028E0D0012302934FF0011339
S315000096C004A90793084602AB06AA0693FEF702FE14
S315000096D004460028DBD1294604A8FCF780FF0028B1
S315000096E0D5D1CAE76FF00F04D1E701287AD1214618
S315000096F03046FEF758F9002872DB06F108092146C4
S315000097004846FEF750F900286ADB2F1D39463046D9
S31500009710FCF765FF002863DA39464846FCF75FFF29
S3150000972000285DDA4B464A46284602A9CDE902489A
S31500009730CDE90448FFF763FC044600284CD13346C4
S315000097403246284604A9FFF75AFC0446002843D1AE
S31500009750EB68002B36D1032301934FF0011304A9C4
S315000097600793084601AB06AA0693FEF7D1FD044609
S3150000977090BBBDF91430002B04DA002104A8FEF7D3
S3150000978012F9C8B904AA334611462846FFF737FC32
S31500009790044608BB04AA1146284605F11403FEF741
S315000097A09BFD0446C0B904A902A8FCF718FF0E4B9E
S315000097B0041E18BF1C460FE004A93A460846FEF7E9
S315000097C089FDD4E704AA1146284605F10C03FEF7E5
S315000097D083FD04460028D5D002A8FEF71EFA56E7F8
S315000097E0014C57E7034C55E780B3FFFF7466020050
S315000097F07C66020080B0FFFF70B5044658B3436C28
S31500009800012B11D00C30FEF708FA04F11400FEF714
S3150000981004FA04F11C00FEF71BFA04F13400FEF70B
S31500009820FCF9201DFEF7F9F9A36D8BB92046BDE8BA
S3150000983070406021FEF7DCB906FB0500FEF708FA6A
S315000098400135D4E91603AB42F6D81CF0EFFAEDE782
S3150000985000251826F5E770BD10B5044658B1FFF788
S31500009860CBFF04F16000FEF7D8F904F16800BDE80B
S315000098701040FEF7EDB910BDF0B504460E4685B0B2
S31500009880FFF7BAFF2046FEF72DF9032E267005D006
S31500009890092E30D000233F4D237029E03E4B3F4A2E
S315000098A0A3643F4BA260A261A2632262A26203F19B
S315000098B0800262624FF0011203F12001616103F13F
S315000098C040016360616303F16001A033E362E1611B
S315000098D02263201DFEF79EF8E06304F13400FEF7D4
S315000098E099F8012363640023C4E916332064002534
S315000098F0284605B0F0BD2B4B2B49A36404F10C00A0
S31500009900FEF73BFB00283FD1271D01213846FEF715
S3150000991034FB002838D1FF213846FEF780FB98BB80
S31500009920132301934FF0011339460393384601ABD5
S3150000993002AA0293FEF7ECFC054638BB3846FEF752
S3150000994069F804F13407E063102238461749FEF738
S3150000995096FA0546D0B90122FC213846FEF736FBB9
S3150000996090B9314604F11C00FEF707FB60B90121EE
S3150000997004F12C00FEF701FB30B904F12400FEF7D8
S315000099804CF9FE232364B2E76FF00F052046FFF77C
S3150000999033FFADE780B1FFFFFD8300000100080043
S315000099A0846602006B6B000042DB01002867020040
S315000099B000F4E040B0F5805F04D0A0F500535842B3
S315000099C05841704701207047434213F07F0320D06F
S315000099D0584210F15F0F80F2C98010F16C0F48DA1F
S315000099E010F1700F00F0F28010F16F0F80F2B68068
S315000099F010F5645F00F08E8000F3A58010F5685FB7
S31500009A006DD000F39D8010F56C5F1DD010F56A5F78
S31500009A1064E010F56E5F00F0D680DADC10F59C4F3E
S31500009A2078D05FDC10F5C44F00F0C48034DC10F54C
S31500009A30C74F00F0C280C0F2CF8010F5C64F69D084
S31500009A4010F5C54F40F0C8806FF0860070470123BF
S31500009A5000F10E02934040F217521342F4D100284F
S31500009A603FD010F1080F14BF6FF083006FF089002C
S31500009A707047012300F16C02934041F250521342A9
S31500009A80E2D1DB0700F1A58010F16A0F14BF6FF079
S31500009A9083006FF08C00704710F5A24FD4D010DC15
S31500009AA010F5C14F1BD005DC10F5C34F06D010F5DD
S31500009AB0C24FC7E710F5A34F40F08E806FF08C00C1
S31500009AC0704710F59E4F00F0848005DC10F5A14F1D
S31500009AD005D010F59F4FB5E710F59D4F7CD16FF07F
S31500009AE08500704710F5785F6AD01BDC10F5994F3A
S31500009AF0AAD008DC10F59B4FE0D010F59A4F6BD139
S31500009B006FF09300704710F57E5FD7D005DC10F537
S31500009B10984F61D16FF09400704720F0800010F5E7
S31500009B207C5F8FE710F5705F4DD055DC10F5725FE6
S31500009B30D5D051DC10F5765F86D010F5745F81E7DD
S31500009B4010F5665FCAE710F5625F42D010F1720F3A
S31500009B5014BF6FF083006FF08500704710F16E0F31
S31500009B6014BF6FF083006FF096007047002833DC57
S31500009B7010F10E0FBFF66BAF10F13B0F0ADA10F1C2
S31500009B803D0FBDDA10F1400F14BF6FF083006FF088
S31500009B909300704710F1100F90D010F10F0FB9D04D
S31500009BA010F1210F3FF450AF10F1200F97D010F1B4
S31500009BB0220FCDE76FF0950070476FF09600704763
S31500009BC06FF0910070476FF0840070476FF092005D
S31500009BD070476FF0890070476FF08300704741F25D
S31500009BE0052398421AD8B0F5905F09D241F20103D5
S31500009BF098420CD0B0F5885F09D06FF085007047A9
S31500009C002923A0F5905080B2C340DB07F5D511F0AB
S31500009C10070F14BF6FF0860000207047B0F5105F85
S31500009C20EBD121F04003802B06D0B1F5807F14BF25
S31500009C306FF08600002070470020704770B5046AF8
S31500009C4005460E463CB901200CF0FAFC286228B104
S31500009C5020466E6270BD6FF08A00FBE76FF08C00E5
S31500009C60F8E72DE9F843884617461E4604F0A0FC9F
S31500009C70044620BBD8F80050B5F8009009F4E0433C
S31500009C80B3F5804FAB6808BF27F0010737EA030337
S31500009C900DD1A6B132464846E968FCF717FD0746DE
S31500009CA068B9324648462969FCF710FD50B90023C9
S31500009CB02846C8F8003004F0B7FD6FF0840420464B
S31500009CC0BDE8F8833C46FAE738B50446006A10B1A9
S31500009CD0616AFDF797FF237E012B0FD0023B012B14
S31500009CE00FD8E369012B14BF6FF0960500252822D3
S31500009CF0002120461AF03EFA284638BDE369002BBB
S31500009D00F1E76FF09605F2E713B50446C0B101A975
S31500009D1004F04EFC044698B9019B1A7E022A12D121
S31500009D2003221A761A79FF2A10D01AB1586904F05C
S31500009D309BFD0446019804F077FD002818BF0446F1
S31500009D40204602B010BD6FF09604F3E76FF084046E
S31500009D50F0E710B543780446012B03D1BDE8104067
S31500009D604068D1E70378012B02D108300BF0BCFF25
S31500009D700023237010BD10B5044630B13830FFF70C
S31500009D80E8FF68212046FDF733FF2046BDE8104076
S31500009D901CF04CB838B5044640B390F84430012B5B
S31500009DA011D1C56B4DB12B7A012B02D16868FFF733
S31500009DB0ABFF0C212846FDF725FF2046BDE83840BD
S31500009DC04821FDF715BF006C10B15C21FDF71AFFA5
S31500009DD0E06B0028F1D02368DA79054B02F07C02AB
S31500009DE01344D3F8D8309B699847E6E738BD00BFDF
S31500009DF060660200994270B50C4615461E460DD89F
S31500009E000A46014628461AF019FB0021321B28197A
S31500009E101AF0B0F90020049B1C6070BD6FF0890039
S31500009E20FBE713B50C4B0C4693F8ED20022A10D134
S31500009E3093F8EC30072B0CD1002301AA01930EF006
S31500009E4076FA20B9019BA34218BF6FF0930002B0C7
S31500009E5010BD6FF08800FAE7C80A002000230360EF
S31500009E604360704708B5134991F8ED3091F8EC203E
S31500009E70022B01D1072A1BD0D0075CBF42F001029A
S31500009E8081F8EC2090075FBF012042F0020281F8C2
S31500009E90E80181F8EC202BB90748FFF7DFFF022322
S31500009EA081F8ED3053075CBF42F0040281F8EC20E4
S31500009EB0002008BDC80A0020B80B00202DE9F04F8D
S31500009EC000F1780BB9B00546039100F16806002150
S31500009ED05846CDE90523FDF766FD20B3281DFDF79D
S31500009EE099FDC41D2846FDF7EBFD02284FEAD40470
S31500009EF000F031835D4A2846FDF7E2FD012807465A
S31500009F0040F02F8300215846FDF74DFD002840F014
S31500009F104183059B002B00F02383039B1870069B4F
S31500009F201F6000221DE305F16003194628460493CD
S31500009F30FDF7F2FD044600283CD105F11C0A514606
S31500009F402846FFF75DFB0446A0BB2846FDF7B8FD93
S31500009F50022840F0698101220321CDE91024CDE9D0
S31500009F601224CDE909420F94149217AB013903F17B
S31500009F70080323F8042C23F8024C43F8084CF5D2C6
S31500009F80514609A8FDF7ACFFF0B16FF00F040FA81A
S31500009F90FDF751FE09A8FDF740FE00270DF15C080C
S31500009FA008EB07000837FDF738FE202FF8D1002C04
S31500009FB000F03B812046FFF707FD044600288DD0C0
S31500009FC0204639B0BDE8F08F51460FA8FDF7BEFF19
S31500009FD00028DAD101213046FDF7CFFF01460028DF
S31500009FE0D3D15846FDF7C9FF0028CED105F1700040
S31500009FF0FDF713FE05F1040949460FA8FCF7EFFA31
S3150000A000002829DA28460FA911F038FC0446002852
S3150000A010BDD1D5F84080B8F1FF3F29D13146284659
S3150000A02011F02CFC04460028B1D14A465946584640
S3150000A030FEF7D1FD04460028A9D15B4632463146DB
S3150000A0402846FEF7DCFF04460028A0D10121584629
S3150000A050FDF793FF04469AE70FA94A460846FEF71E
S3150000A0602EF804460028C7D091E700BF80B1FFFF55
S3150000A07041460498FCF774FAC7B23A4630460FA92F
S3150000A080FDF756FE002880D13A46584613A9FDF73B
S3150000A0904FFE00287FF479AF5B463246284617A963
S3150000A0A0FEF71AF9044600287FF471AF5B46324684
S3150000A0B0284619A9FEF72FF9044600287FF467AF52
S3150000A0C0284613AB0FAA1BA9FEF706F9044600287B
S3150000A0D07FF45DAF284613AB0FAA1DA9FEF71BF947
S3150000A0E0044600287FF453AF1DAA1146284617AB35
S3150000A0F0FEF785FF044600287FF449AF1BAA1146E8
S3150000A100284619ABFEF77BFF044600287FF43FAFD5
S3150000A11017AB1A4619462846FEF771FF0446002873
S3150000A1207FF435AF19AB1A4619462846FEF767FF86
S3150000A130044600287FF42BAF3146284619AB17AAF0
S3150000A140FEF75DFF044600287FF421AF17AA1146EB
S3150000A150284619ABFEF7DFF8044600287FF417AF50
S3150000A1605946284617AB05F10C02FEF748FF044690
S3150000A17000287FF40CAF5B465946284619AAFEF71D
S3150000A180ABF8044600287FF402AF28461BAB1DAA95
S3150000A1900FA9FEF7A1F8044600287FF4F8AE0FAB2E
S3150000A1A01A4619462846FEF72AFF044600287FF479
S3150000A1B0EEAE28461BAB1DAA13A9FEF7ACF8044663
S3150000A1C000287FF4E4AE13AB1A4619462846FEF77C
S3150000A1D016FF044600287FF4DAAE13AB194628466C
S3150000A1E009AAFEF70CFF044600287FF4D0AE5B46B2
S3150000A1F05946284617AAFEF702FF044600287FF4B0
S3150000A200C6AE3A4630460FA9FDF792FD00287FF408
S3150000A210BCAE3A46584613A9FDF78AFD08F1FF3849
S3150000A22000283FF4F8AEB0E6B94C2846FDF748FCE6
S3150000A230012807907FF4BEAE2B6C18210133022053
S3150000A2404FEA53080CF0FCF90746002800F081811C
S3150000A25000F11809FDF73DFC4846FDF73AFC0423DA
S3150000A2600022029317AB0799083323F8041C0299BE
S3150000A27023F8022C0139029143F8082CF3D15146F8
S3150000A2803846FDF763FE002878D06FF00F044FF0D4
S3150000A290000A0DF15C0909EB0A000AF1080AFDF74C
S3150000A2A0BCFCBAF1200FF6D174B9012305F1340ACA
S3150000A2B021465046CDE90F4309940A93FCF750F91D
S3150000A2C001285ED0A4F59F44AB6D9F420AD04FB1E2
S3150000A2D03846FDF7BDFC07F11800FDF7B9FC384616
S3150000A2E01BF0A4FD002C3FF465AE3046FDF7B0FC34
S3150000A2F060E6BAFBF8F3012202FA03F1182208FB22
S3150000A30013A3C9B202FB017473B322462146284641
S3150000A31017ABFEF790FF04460028B8D10AF1010AF0
S3150000A320D045E6D149462846FEF740FF04460028B8
S3150000A330ADD117AB00933A464B4649462846FFF740
S3150000A34077F804460028A2D149462846FEF72EFF94
S3150000A350044600289BD107F11000FDF75EFC07F1CB
S3150000A3602800FDF75AFC92E718234908204603FB0C
S3150000A3700171FDF7EBFD0028C7D086E7DDF808A0E0
S3150000A380CEE721460498FCF7EBF880F00100C3B253
S3150000A390049909A80793FDF7A3FD00285ED06FF086
S3150000A3A00F040FA8FDF739FC09A8FDF736FC002CB1
S3150000A3B08AD101224FF00409CDE90A24CDE90C2403
S3150000A3C009940E920FABB9F1010903F1080323F8C2
S3150000A3D0042C23F8024C43F8084CF4D108F1E003AE
S3150000A3E06B443A463146284613F8843C0EF0BEF9D3
S3150000A3F0044658B93146284611F0FCF9044628B9F6
S3150000A4000DF13C0AB8F1000F40F0848009A8FDF771
S3150000A41012FC0DF13C0808EB090009F10809FDF7EB
S3150000A420FCFBB9F1200FF6D1002C7FF44DAF31467D
S3150000A4302846079AFDF78DFF044600287FF444AFAF
S3150000A4403146284611F0D6F9044600287FF43CAF81
S3150000A45031462846FEF7AAFE044635E75146049AD9
S3150000A4600FA8FDF755FF044600289AD1079A0FA9B1
S3150000A47009A8FDF713FC0446002890D1014608F10F
S3150000A4800102484619F076FE4B460493029B984516
S3150000A49039D0194609A8FCF763F8049B93F800A085
S3150000A4A0029B4AEA000A08EB030109A8FCF758F8E0
S3150000A4B0029A049B5FFA8AFA4AEA400A013203F8D2
S3150000A4C001AB0292E1E799F8010099F800A080EA51
S3150000A4D00201CB4303F0010E43F300030AEA030330
S3150000A4E0104001EA0302594009F8011F19F8013C1E
S3150000A4F0024343EACE1309F8013C0CF1010C029B1E
S3150000A5006345E0D24DE700224FF0010CF7E700BFAC
S3150000A51080B0FFFF534632463146284608F1FF38E1
S3150000A520FEF789FE98B917AB3A46284613F8083065
S3150000A53009A90EF01BF950B9324631462846CDF826
S3150000A54000A009ABFEF774FF00283FF45BAF04469A
S3150000A5505CE71F4CB8E6069B1C60059BA3420DD228
S3150000A5601C4A1046FFF730FA044600283FF428AD8F
S3150000A5700021059A039819F0FDFD21E52246304693
S3150000A5800399FDF7A9F9024600283FF4B4AC6FF031
S3150000A5900702E6E7069A630001331360059A9A42BA
S3150000A5A0DED3042303992246304601F8013BFDF72A
S3150000A5B0C6F90028EBD1039B611C2246194405F11C
S3150000A5C07000FDF7BCF900283FF4ABACDFE700BF35
S3150000A5D080B2FFFF00B1FFFF2DE9F04F89B0039372
S3150000A5E000230E4603998146154606930B60002A02
S3150000A5F000F012810EF05EFB834638BB99F80470BA
S3150000A60007B907A806A903F093FF8046E8B9069C98
S3150000A610CE46A446BEE80F00ACE80F009EE8030055
S3150000A6208CE803000FB9079B6361636AA3B1D4E9A1
S3150000A63008A76388059363681B0A1CD0784A93426F
S3150000A64000F0BA806FF0860B00E08346069808B1EA
S3150000A650FFF73AFBD846DBE0D9F804301B0A02D0F4
S3150000A6606F4A9342EED129462046FFF7E7FA834622
S3150000A6700028DCD0EAE7238803F44F43B3F5824F82
S3150000A6800BD0B4F800B05846FFF792F9B8B91BF4EE
S3150000A690804F2BD16FF0850BD8E72A4631462046EE
S3150000A6A005AB0BF075FD834628B9AF4280F0968066
S3150000A6B06FF0890BCAE710F1860FE2D0C6E705995D
S3150000A6C009B9E90005915846FFF789FA834600283B
S3150000A6D0BCD10731B5EBD10FB4D1AF42E8D32A468E
S3150000A6E03146504619F0AAFE656238E02BF4435312
S3150000A6F023F03F03B3F5824FCCD1079007AB584602
S3150000A7006188324600932B460DF08AFE079D8346EC
S3150000A710D8B923882A6C23F4435121F03F01B1F5BF
S3150000A720824F03D1D9B2412908BF013203F4E04375
S3150000A730B3F5804F04F12401059235D10B463A4614
S3150000A74051462846FFF7BAFB83462846FFF784F8AA
S3150000A75028461BF06BFBBBF1000F7FF477AF6288D6
S3150000A760059B002A45D163804FF6F872934291D833
S3150000A770B9F800301BB122889A427FF463AFB9F86A
S3150000A78002301BB162889A427FF45CAF2379A3BB87
S3150000A7906369039A1360237E012B37D00023039A43
S3150000A7A06FF0960B136051E73B4652462846FDF77D
S3150000A7B0F3F9FFF709F9C7E7238803F44F43B3F525
S3150000A7C0824F7FF467AF2A463146204605AB0BF031
S3150000A7D0DFFC834600283FF468AF37E72A46314658
S3150000A7E0504619F02BFE5146059A20880EF0B2FA13
S3150000A7F07AE79A427FF426AFB6E72046D4E90812F4
S3150000A80004F04DF883460028C2D01FE702232376C2
S3150000A810404609B0BDE8F08F6FF08608F8E700BF44
S3150000A820020080002DE9F04F43780D46012B1746B4
S3150000A830ABB040F0EE820023DFF800A30A934FF49A
S3150000A8408072534640680AA9FFF70BFA064670B9AC
S3150000A850DDF82890D9F80430D9E908425FEA1328D0
S3150000A86013D0AF4B984500F0C6826FF086060A9863
S3150000A87003F0DAFF1EB9002800F0D78206463046FC
S3150000A8802BB0BDE8F04FFBF7F2BE09AB04931023E3
S3150000A8902146CDE902734846CDE900850CAB0EF0A2
S3150000A8A0BBFE10F1860F0646E1D10DF1580B502282
S3150000A8B04146584619F05EFCB9F8003050460693FA
S3150000A8C0CDF858A0069910AB0BAAB9F802908DF8EE
S3150000A8D040800EF075FC48B99DF840009DF82CC0EC
S3150000A8E09049D1F804A0BAF1000F07D1169B03F0E6
S3150000A8F0FE43B3F1806F00F0C380B8E79AF80720F3
S3150000A900894B02F07C021A44D2F8D820127882428F
S3150000A9100CD19AF8052002F00F0E4FEA8E13B9EB10
S3150000A9208E1F079302D1BCEB121F01D00831D8E766
S3150000A9304822002118A819F01DFC9AF807207A4B26
S3150000A94002F07C021A44D2F8D8205269FAB99DF86E
S3150000A950A420CDF860A0012A40F0D380279E1622BD
S3150000A96000210DF1420019F005FC327A002A40F070
S3150000A970D5809AF80630102B00F286800D2B00F257
S3150000A9808580023B052B40F28180684804E09047B1
S3150000A99027900028DBD16648FFF716F80646002800
S3150000A9A0A4D1169B03F0FF43B3F1906F09D0219B0E
S3150000A9B09DF85D201033B3FBF2F35343102B00F2E6
S3150000A9C00682189B002B00F07C819DF8A420012AAA
S3150000A9D000F07C811C7914F01F0400F069815A791B
S3150000A9E002F0F002102A40F0C080102C40F0628184
S3150000A9F0DA794D4B02F07C021344D3F8D8302A465C
S3150000AA005E689DF968103B462798B047FEF7DCFF65
S3150000AA10102C064600F2DE8100287FF467AF07B1EE
S3150000AA202744219A10AD32B1169B424923F4806324
S3150000AA308B4200F0C6811898002840F051813E48AC
S3150000AA40FEF7C2FF064650B90B9A42B1C4F1100395
S3150000AA509342C0F0B9812946384619F0EFFC10211F
S3150000AA602846FDF7C5F8002E7FF440AF0B9B234424
S3150000AA700993169B03F0FE43B3F1806F40F0B88153
S3150000AA8018A8FFF787F9F2E6263B7BE74FF4105349
S3150000AA90ADF840304FF440730BA80B93FCF75FFC06
S3150000AAA00B9B21461293334653F8042B10A813929E
S3150000AAB0079AD208FFF790FD10F1860F3FF465AFB5
S3150000AAC028B18D303FF467AF6FF06F0064E7012364
S3150000AAD03372CDF864908DF86830069B002003F43D
S3150000AAE0E043B3F5005F09BF069B0023C3F30222D0
S3150000AAF0012304BF9340DBB28DF85D308DF85C0016
S3150000AB004AE79AF8072002F00302012A18D89AF8B1
S3150000AB10052002F00F02B9EB821F11D006483BE771
S3150000AB20020080004867020060660200809FFFFF07
S3150000AB30809EFFFF00404004009FFFFF004440044A
S3150000AB400122CDF864908DF868209AF80720A34B6F
S3150000AB5002F07C021344D3F8D8302146DB68079A0A
S3150000AB60279898470028B8D016E7902A14D1279836
S3150000AB70446E14F0100440F0A080836A2BB1C36ABF
S3150000AB80026A1033934200F299803B46102229460E
S3150000AB9000F03EFA102439E7BD420AD12199002976
S3150000ABA040F08F801023B3FBF4F36343102B40F087
S3150000ABB08B80202A40F08A809DF96830219EA3B9B7
S3150000ABC01B9BA3B1A31B0F2B14D91C365E4405F1A6
S3150000ABD0100355F8042B9D4246F8042BF9D10024A6
S3150000ABE0219B20461033219310E7012B02D1A31B92
S3150000ABF0102BE9E70DF17409002E56D0A4EB060AD6
S3150000AC0006F11C0052462946584419F017FC189BB9
S3150000AC10724ADB79CDE9009703F07C031344D3F83D
S3150000AC20D8302246D3F808B09DF96810279822AB91
S3150000AC30D84700284DD106F110031B1B21903FF485
S3150000AC40E5AE264607EB040B5544B3FBF4F204FBD2
S3150000AC50123232B99DF9681019B91B99002918BF2B
S3150000AC602246A3EB020A484605EB0A01069219F0B2
S3150000AC70E5FB219B069A13442193BAF1000F2AD0D3
S3150000AC80189B564ADB79CDE9005B03F07C0313443D
S3150000AC90D3F8D83052469C689DF96810279822ABA5
S3150000ACA0A047D8B906EB0A04B0E6BB461023CCE7AA
S3150000ACB04B48ABE600244B48A8E600246FF00C0096
S3150000ACC0A4E600244848A1E60C46FBE700244748D2
S3150000ACD09CE600249AE63446504697E6344695E6C6
S3150000ACE09DF8A430012B01D14048A9E600230B931F
S3150000ACF0417901F0F003202B0BD11C9900293FF478
S3150000AD009EAE81794C39012911D9102B11D172B11E
S3150000AD104DE001F0B006302E09D001F0E0014029E7
S3150000AD2005D0602B03D0902B01D0A02BE9D10020B9
S3150000AD3086E6202BD8D19DF96830012B2FD11B9B9D
S3150000AD40002BE4D0269911B90179490989001DA87B
S3150000AD509847189B21491A79DB79019503F07C0302
S3150000AD600B44D3F8D8301DA900919E689DF9681050
S3150000AD70279822AB02F01F02B04700287FF460AE8E
S3150000AD809DF96820189BA2B91C9E1BB193F80480FC
S3150000AD9008F01F08414628460BAAB04750E603793B
S3150000ADA003F01F039A42D4D01B9B002BAFD00D4853
S3150000ADB046E61BB193F8048008F01F08CDF82C80F6
S3150000ADC0B5E76FF086064AE66FF0890647E66FF04C
S3150000ADD089068BE56FF0960688E500BF606602007F
S3150000ADE0809CFFFF809DFFFF009FFFFF809FFFFF6E
S3150000ADF06FF088063BE509AB04931023CDE9000507
S3150000AE00CDE90273214648460CAB0EF005FC06461A
S3150000AE102DE50178012907D113462A4608302BB0C3
S3150000AE20BDE8F04F0AF07FBF01482BB0BDE8F08FB8
S3150000AE30809CFFFF2DE9FF4705460C469046002102
S3150000AE40102268469A46DDF8309019F093F96A4662
S3150000AE5005F1100105F13800FFF7E4FC6F460646E0
S3150000AE6058B16B6E43F010036B6638461021FCF741
S3150000AE70BFFE304604B0BDE8F08739190446221DEE
S3150000AE80904509D2A045F0D91AF804300A5D53401E
S3150000AE9009F804300134F5E75AF8043008594340FC
S3150000AEA049F804301446EAE7F7B5436E1746DA0662
S3150000AEB004460E4636D4426A0AB11B072AD5236ACF
S3150000AEC02BBB00221046216BD3B2994202F101023C
S3150000AED023D823461022002120460094FFF7AAFF1C
S3150000AEE0054688B926B13A462146304619F0A6FAF3
S3150000AEF00026102231462046666619F03BF91022DC
S3150000AF003146A01819F036F9284603B0F0BDE26ABA
S3150000AF109342D6D06FF00C05F6E7C3F10F03234436
S3150000AF201874D1E76FF06D05EEE738B5416E04464B
S3150000AF3001F00303032B06D1826A32B9436B023B4D
S3150000AF40012B1CD80262002038BD056B2378681ED1
S3150000AF500343606A023A003818BF012043EA8013AF
S3150000AF600020520843EAC2032370236AC2B2954204
S3150000AF7000F1010006D853B141F0100161666FF08F
S3150000AF800C00E1E7C2F10F02A3541B0AEEE72246CA
S3150000AF90214604F13800FFF745FC0028D4D0636E43
S3150000AFA043F010036366CFE72DE9F0411D46073BEA
S3150000AFB0062B0446164627D8A04600F11103C5F114
S3150000AFC00F07416307630F2218460021013F19F05E
S3150000AFD0D1F82A46314608F8107F19F02FFA681C76
S3150000AFE0226B0021404419F0C5F801232A46E37775
S3150000AFF0E018314619F022FA636E204643F0010349
S3150000B0006366BDE8F04190E76FF00C00BDE8F081A3
S3150000B0102DE9F04F04468846914689B09A4600F1DC
S3150000B020380303930DF1100BB9F1000F01D14B4614
S3150000B03083E0E36A03F00F06C6F110054D4528BF0D
S3150000B0404D462B44E362636B23F00203012B3ED093
S3150000B050676B37F0020727D143462A46314620461A
S3150000B060CDF800B0FFF7E6FE0346002865D1584646
S3150000B070A319A3F1040C3A1D954269D23B44BD4283
S3150000B0806FD82A465946504619F0D8F97319102B2D
S3150000B09003D0E26A236A9A426FD122462146039878
S3150000B0A0FFF7C0FB034648BB2E44102E61D100219A
S3150000B0B0206BCBB2984260D9C3F10F0323441A7CAC
S3150000B0C001310132D2B21A74002AF2D055E00023BF
S3150000B0D0A119181D854201EB030214D29D4219D80D
S3150000B0E07319102B03D0E26A236A9A421AD12246B8
S3150000B0F021460398FFF796FB034698B1626E42F02D
S3150000B1001002626619E058F80320CF587A40CA50F8
S3150000B1100346DEE718F8030011780133414002F8D0
S3150000B120011BDBE743462A4631462046CDF800A000
S3150000B130FFF780FE034600288AD010210DEB0100A0
S3150000B1400393FCF755FD039B184609B0BDE8F08F45
S3150000B15050F8047B5CF8021079404CF80210174650
S3150000B16089E71A781BF8071001374A4003F8012BC4
S3150000B17085E7E26A236A9A4299D0A9EB0509A844B1
S3150000B180AA4451E72DE9F04F604E044696F8CC30BC
S3150000B1900D4692468FB0042B11D8DFE803F0B3B505
S3150000B1A0030C0C00007A012894BF00200120C00087
S3150000B1B00FB0BDE8F08F037A012B00F0A58094F85C
S3150000B1C0A0000028F4D02A68137903F0070123F0C1
S3150000B1D0070313712B68D6F8D4000693237A0791D8
S3150000B1E08DF82C30D4F89830CDF82D0043F000437C
S3150000B1F00D93474BD6F8EC019A889B79ADF8312030
S3150000B2008DF8333000234FF4007209930AA9414B9D
S3150000B210D5F80490BAF80070FEF723FD834600289F
S3150000B22061D1DDF82880D8F80430D8E908121B0A65
S3150000B2300CD03948834229D06FF0860B002F36D0C8
S3150000B2403A460021484618F095FF30E009ABCDE9B3
S3150000B2500473069B40460093CDE90279CDF804902D
S3150000B2600BAB0FF015FB10F1860F83461CD10DF1C9
S3150000B2702203B8F8001027480DF123020DF0A0FFB5
S3150000B280031E14BF9B466FF0850BD7E709ABCDE9CC
S3150000B2900473069B40460093CDE90279CDF80490ED
S3150000B2A00BAB0FF0F5FA8346BBF1000FC6D10A9837
S3150000B2B003F0BAFABBF1000F15D10EF05CF8D4F822
S3150000B2C098200132C4F89820D6F8E4200132B2F171
S3150000B2D0005FC6F8E42006D196F8CC20052A02D1F4
S3150000B2E00320FCF7B9F85846FCF786F810B9099B15
S3150000B2F0AAF800302A680799137923F0070319433F
S3150000B300117155E7032053E7002051E7C80A0020D2
S3150000B3109C0B0020000248050200800070B5044620
S3150000B32088B038300E461546FEF713FD0122224B33
S3150000B33084F8382093F8EC3013EA020129D0002172
S3150000B34084F8392003A8142218F014FF4FF4105380
S3150000B3504FF6F872ADF808304FF6FF73954298BF76
S3150000B3602B46ADF80A30154B01A805934FF48073B0
S3150000B3700193FBF7F4FF019BEA1D0493314604F1A8
S3150000B3803C03D20802A8FFF727F978B1FBF76FF95B
S3150000B3900BE084F8391040342422204618F0EAFEE7
S3150000B3A02A46314620460AF0A4FC10B9002008B00F
S3150000B3B070BD6FF00C00FAE7C80A00200044400494
S3150000B3C02DE9F0410446EFF31186302383F311880B
S3150000B3D0D0F8A4309D681DBB04F130001AF010FFB0
S3150000B3E0D4F8A4305D69002D36D1A04658F88C7F7C
S3150000B3F0002F4DD12774274657F8905F002D5FD157
S3150000B400274657F8945F002D61D1D4F8A430DF6841
S3150000B410002F63D186F31188BFF36F8FBDE8F081EB
S3150000B42015F8203CA5F130007F2B4FEA93174369AE
S3150000B43098BF0027A3422D68CDD1D4F8A4100831B7
S3150000B440FBF73EFF1FB9637B01336373C3E7032F2B
S3150000B45004BF0023A373BEE715F8203CA5F1300016
S3150000B4607F2B4FEA9317436998BF0027A3422D68A5
S3150000B470B9D1D4F8A4101431FBF722FF1FB9637BAE
S3150000B48001336373AFE7032F04BF0023A373AAE757
S3150000B4903D4655F830794046AB7C05F13001013B1D
S3150000B4A0AB7408F061FBAB7C33B9637B33210133AA
S3150000B4B028466373FBF7DEFEE37B013BE37397E706
S3150000B4C02846394650F83059FBF7FAFE96E72846E3
S3150000B4D0394650F83059FBF7F3FE94E7384650F8F2
S3150000B4E030794369A34293D1D4F8A4100C31FBF709
S3150000B4F0E7FE84F8A1508BE7F8B50546EFF3118314
S3150000B500302282F31188046844B1627AD20605D4E7
S3150000B51083F31188BFF36F8F0F20F8BDAA68012A45
S3150000B52005D983F31188BFF36F8F0420F5E7002256
S3150000B530AA6083F31188BFF36F8F002C47D094F86D
S3150000B540506030460DF0D1FF08B9042E08D1217A9B
S3150000B55031B1D4F8A40000B1C0300222FCF718F9CA
S3150000B560032304F1840684F85030D4F8843083BB76
S3150000B57004F18807D4F88860A6BB2046FFF720FFB1
S3150000B580642066811AF04EFD002200236061C4E942
S3150000B59006232046C4E90823C4E90A23C4E926662B
S3150000B5A0FBF700FD88B1022384F85030EFF31182D7
S3150000B5B0302383F31188D4F8A430596844F8041F63
S3150000B5C05C6082F31188BFF36F8F00232B6000202D
S3150000B5D0A3E7304608F0C0FA0146D4F8A400FBF70A
S3150000B5E040F9C2E7384608F0B7FA0146D4F8A40095
S3150000B5F0FBF737F9BEE710B5074C04F1B800FFF7C3
S3150000B6007BFFFBF7D1FE30B10122044B83F8082102
S3150000B610002384F8C43010BDC80A0020E03F002093
S3150000B620F0B5A0F1C00602230022314685B00446DB
S3150000B6300DF0B0F92E28054670D000286BD12046B3
S3150000B64003A9FBF7CFFC40B9039B354D20465D6649
S3150000B650FBF7BBFCFBF7C6FC20B12046FFF74CFF0F
S3150000B660022558E0039B20469D65FBF7AEFCFBF7E1
S3150000B670B9FC0028F1D1039B2A4A20465A67FBF7FA
S3150000B680A4FCFBF7AFFC05460028E6D1039B204649
S3150000B6909C67FBF79AFC3046FBF704F9039E0623EA
S3150000B6A0374647F80C4BB381356109F067FF4FF019
S3150000B6B050234FF4003210F0400F1A6714BF732363
S3150000B6C0772310F0800F18BF732310F4806F18BF14
S3150000B6D0732310F0010F18BF782310F0020F18BF64
S3150000B6E0782310F0080F18BF742310F4004F18BF0A
S3150000B6F0742310F0040F18BF722310F4804F18BF84
S3150000B7007223736108230C22F381394603232046F2
S3150000B7100096FBF74FFD284605B0F0BD1225FAE767
S3150000B720BFB700005B65000010B5436F044613B158
S3150000B730816F007A98472046BDE8104040E62DE923
S3150000B740F0410546302700F114086B690BB9BDE8D6
S3150000B750F081EFF3118487F311884046FBF774FDFF
S3150000B760034684F31188BFF36F8F90F824201AB133
S3150000B7700021FBF77FFDE8E7827C44690132827491
S3150000B780D4F88C2043F8302FC4F88C30237C092B56
S3150000B79006D90A23204684F85030FFF7C5FFD4E7C0
S3150000B7A0666941F28830760066611AF03BFC864293
S3150000B7B094BF6661606120460DF0E2FEC5E7F8B50C
S3150000B7C0154612681C46A2F1C00000297CD06968A3
S3150000B7D03E4B99424CD13E4B90F80111D3F8C830FC
S3150000B7E0B1B343BB012302260A2780F8003152F881
S3150000B7F0C04C3CB92B68294653F8440CBDE8F840C8
S3150000B8000DF0CABD94F85030042B0DD003D8012B8F
S3150000B8100AD02468EDE7053B032BFAD8204684F8C6
S3150000B8205070FFF781FFF4E70621204684F8506048
S3150000B830FAF78CFDEDE74FF000524FF20F01518001
S3150000B840012B4FF000530FD04CF23C325A8009E0E6
S3150000B8504FF000524FF20F015180002BF0D140F211
S3150000B8600123138008F066F940F202221A80F9E7F4
S3150000B870184A21F0FF03934215D1C9B2FBF754FAD7
S3150000B8800028B7D090F85030042BB3D1002C14BF49
S3150000B8900223052380F85030C36F002BAAD021461F
S3150000B8A0FAF754FDA6E70C4A9342A3D1C9B2FBF7B7
S3150000B8B03BFA00289ED090F85030073B012B9CBFE6
S3150000B8C0092380F8503095E7F8BD00BFEFBEADDE26
S3150000B8D0C80A002000BAFECA00BAEFBE70B50D460F
S3150000B8E0EFF31186302383F311884C6904F18C0041
S3150000B8F0FBF7AAFC04F130001AF082FCD4F8A4008D
S3150000B90029461430FBF7AAFCD4F8A420044902F116
S3150000B9102C000DF080FD86F31188BFF36F8F70BD8C
S3150000B9203FB700002DE9F04F85B0EFF311883026C0
S3150000B93086F311884048FAF745FF0446DFF8009180
S3150000B94034B988F31188BFF36F8F05B0BDE8F08F67
S3150000B950636933B1D3F8A420D2F8A8300133C2F812
S3150000B960A83023681B797F2B4FEA931198BF0021DB
S3150000B970EFF3118A86F311886569BDB9022956D09D
S3150000B9808AF31188BFF36F8F88F31188BFF36F8F27
S3150000B990EFF3118886F31188B9F800302648013391
S3150000B9A0A9F80030FAF70EFF0446C9E741BB94F840
S3150000B9B024702FB184F824102046FBF75BFCDFE7E8
S3150000B9C095F850000DF091FDA8B12046FAF77EFFDC
S3150000B9D00428D5D1696905F1300B5846EF64039107
S3150000B9E01AF00EFC23465846CDE90077134A039910
S3150000B9F01AF07CFCC4E76B7B332101336B73DBE706
S3150000BA00032914D1AB7B002BBAD000212046A973A1
S3150000BA10FBF730FCD5F89430002BB1D005F194003B
S3150000BA20FBF712FC014628460DF039FDA8E7204633
S3150000BA30FAF74CFFA4E700BFB80C0020DDB8000001
S3150000BA40C80A002070B5EFF31186302383F31188FE
S3150000BA500F4CB4F8F45165B90123A1780D4884F868
S3150000BA60F6311AF0F9FC86F31188BFF36F8F0020C8
S3150000BA7070BD04F5FC70FAF7A5FE0028F3D0013D71
S3150000BA80A4F8F45186F31188BFF36F8FF0E700BF77
S3150000BA90C80A0020000004502DE9F84FEFF3118981
S3150000BAA0302383F31188644DD5F8FC312C2BA3F198
S3150000BAB02C0606D189F31188BFF36F8F1B20BDE8D2
S3150000BAC0F88F53F82C8CB8F1000F00F0B380B489CE
S3150000BAD05A4F002C00F0A2800D22002105F50070BF
S3150000BAE018F048FB564BB4F5006FC5E980384FF0A7
S3150000BAF01308C5F80872C5F80C8260D8013C0D22FF
S3150000BB00002105F50470A4B2D6F804A0240118F0AB
S3150000BB1031FB4C4B44F0405423400224C5E9843A9F
S3150000BB20C5E98678D6F808A0BAF1000F12D0A0466B
S3150000BB3005EB081808F5007310220021184618F0C6
S3150000BB4019FB414A0134C8E9802A1322C8F8087251
S3150000BB50E4B2C26005EB04181022002108F500705B
S3150000BB600E3618F007FB394BC8E98167C8F8003272
S3150000BB70002305EB031191F80222013322F0100293
S3150000BB8081F80222DAB2A242F3D90024304B95F8AA
S3150000BB9090501C702F4B2946A3F5AC722E4809F025
S3150000BBA088FD01232D4AAB4029462B48536509F0F1
S3150000BBB0BBFD89F31188BFF36F8F20467FE7B4F58D
S3150000BBC0805F25D8D6F804A0DFF878B00D220021D2
S3150000BBD005F5047018F0CEFAC5E984BAC5E9867889
S3150000BBE073680D22002105F5087003F5006A18F048
S3150000BBF0C1FA6FF40063E3189BB21B0143F0405394
S3150000BC0003EA0B030324C5E9883AC5E98A7889E77C
S3150000BC1089F31188BFF36F8F212050E71022214648
S3150000BC2005F5007018F0A6FA0D4BC5F80872C5E9BF
S3150000BC3080389DE7012042E7C80A00203C80055075
S3150000BC4060000030F07F00307000003010001030CF
S3150000BC50E03F0020C80C00200000045000100450F3
S3150000BC606000103010B5EFF31184302383F3118890
S3150000BC700A4803882BB984F31188BFF36F8F03201A
S3150000BC8010BD013B038000F5FE70FAF755FCFFF787
S3150000BC9003FF84F31188BFF36F8FF1E7C80A002012
S3150000BCA02DE9F041EFF31187302383F31188254CFA
S3150000BCB0DFF8A080A578244829461AF0CDFB98F82D
S3150000BCC0093133B9D4F85022D2F8B4300133C2F86E
S3150000BCD0B430002134221D4888F8091118F04AFAB8
S3150000BCE00722062101262281B4F88822184B61F327
S3150000BCF00E126360A4F88822134C88F80A61DFF8F4
S3150000BD005880A3F5F87229462046AE4009F0D1FCCA
S3150000BD1020462946C8F8546009F006FD302303FB87
S3150000BD200540C8F82460036F43F002030367436EBF
S3150000BD3043F48013436687F31188BFF36F8FBDE822
S3150000BD40F08100BFC80A0020000004501C0D00202E
S3150000BD50500D0020E03F00200010045008B5FFF70A
S3150000BD609FFF002008BD10B5EFF31184302383F345
S3150000BD701188104BB3F8F421092A04D984F31188E9
S3150000BD80BFF36F8F10BD817C013201318174D3F80E
S3150000BD90F811A3F8F42193F8F62140F82C1FC3F804
S3150000BDA0F801002AEAD0002283F8F621FFF778FF8F
S3150000BDB0E4E700BFC80A00202DE9F04F9C4C85B08F
S3150000BDC0D4F8C8320133C4F8C832EFF311893023EE
S3150000BDD083F311884FF48872D4F804B0BBF80030AE
S3150000BDE0DBF8085062F30E13ABF8003094F86732B4
S3150000BDF013B994F85C324BB30723B4F85E822381FF
S3150000BE00A844DBF80C30D4F8506223F00303304624
S3150000BE1003A9D3F808A06360FAF735FDC0B9039B00
S3150000BE20CBF8083094F86612002941D0C4E9955A37
S3150000BE30FAF7ECFC89F31188BFF36F8FD4F8CC3294
S3150000BE400133C4F8CC3205B0BDE8F08FA846D8E778
S3150000BE50784F97F80A1189BB94F866323BB1D4F84B
S3150000BE60603234227448C4F8D03218F083F94FF0A7
S3150000BE700008D4F8D0127148A1F80C80C1F80480EB
S3150000BE80FAF75AFBB36C07200133B3640123CBF8EE
S3150000BE900850C4F8D08287F80A31FAF700FB2E283A
S3150000BEA0C8D1C4F854A2C4F86082A4F85E82BFE781
S3150000BEB0604B93F80A71002F00F092800191FFF712
S3150000BEC0C1FD01990746C4F8D00238B915B1284614
S3150000BED0FAF7BEFC002384F86732ABE7D8F80020F7
S3150000BEE003681A60B8F804209A8098F806209A71B8
S3150000BEF031B3CBF80850D7F800800022072140461E
S3150000BF00FAF7B4FA054608BBD8F800004C4BC4F85B
S3150000BF106802B8F8041098F80620384699809A7195
S3150000BF20FFF721FF0123C4F8D052C4F8605284F809
S3150000BF30675284F85C32C4F854A2A4F85E5277E7DC
S3150000BF40002DD8D02846FAF783FCD4E74FF0000836
S3150000BF5084F85C823B685888B881A8B3B0F5857FC1
S3150000BF6035D9D6F8B43039460133C6F8B43006238D
S3150000BF7032483B77FAF7E0FA47460720B36CC4F835
S3150000BF80D0820133B3642B4B208183F80A51FAF730
S3150000BF9086FA2E2848D10023D4F8D012C4F854A229
S3150000BFA0A4F85E32B7B12548FAF7C6FAB36C013386
S3150000BFB0B36400210025C4F86012C4F8D052FAF721
S3150000BFC025FC84F8675235E72F460720DBE7454610
S3150000BFD04746D8E7002DEDD00846FFF7C4FEE8E750
S3150000BFE007200125D4F8D02283F80A51C2F804802C
S3150000BFF02081FAF754FA2E280E4B09D183F80A51FC
S3150000C000C4F854A2C4F86072A4F85E72FAF7FEFB94
S3150000C010D4F8D0120948FAF78FFAB36C0133B36437
S3150000C0200023C4F8D03255E7002F3FF453AFEFE7B3
S3150000C030C80A0020E03F00201C0D0020400B002015
S3150000C040300D002000232DE9F3470D460A26434C08
S3150000C050C4E9B713C4E92113C4F85012C4F8F8317F
S3150000C060A367C4F8FC31C4F8F03184F8E432C4F8AC
S3150000C070D83284F88C30C4F88030284601A90DF0F7
S3150000C080A8F920B11927384602B0BDE8F087019813
S3150000C090FFF769FE013EF0D10A2323804FF4805258
S3150000C0A02F4B1A604FF440622E4B69465A614FF08F
S3150000C0B0FF3203F500539A640122A3F58053DA6434
S3150000C0C0D4F850723846FAF7DEFB0028DAD1DFF8EA
S3150000C0D0A080102231464046DDF800A0DFF894909B
S3150000C0E018F048F8204B38466946C4E9A239C4F826
S3150000C0F090A2FAF7C8FB07460028C3D108F110033F
S3150000C1000D2231461846DDF800A018F033F8174A1C
S3150000C11020F00303C4E9A62994F88A22C4F89432CD
S3150000C12066F30412D4F8A43284F88A224FEA9802FD
S3150000C13062F39F0331463422C4F8A432A8F13400D6
S3150000C140C4F8A0A2C4F8048018F014F8A86F0DF083
S3150000C15028F9002896D00723238194E7C80A0020EF
S3150000C16000E100E0008005500011100300110003FB
S3150000C170500D00202480055013B5EFF311843023B1
S3150000C18083F31188094BB3F8F421092A08D8D3F8A8
S3150000C190500201A90DF01DF910B90198FFF7E3FD52
S3150000C1A084F31188BFF36F8F02B010BDC80A002058
S3150000C1B02DE9F04F89B0EFF311830193302383F318
S3150000C1C011880026C74FFD1D0023C74CADF812305D
S3150000C1D0D4F85422ADF81030D4F86032002A00F0BA
S3150000C1E02E8293B9C14B93F80A3173B1FFF72AFC3B
S3150000C1F0C4F8600248B9C4F85402019B83F311885D
S3150000C200BFF36F8F09B0BDE8F08F94F85C320293EC
S3150000C210002B00F098802B68DFF8DC823B60AB884F
S3150000C220D8F80000BB80AB79B8F80420BB7198F849
S3150000C23006302860AA800D2104AA08F10800AB7117
S3150000C240FAF714F948B3BDF81010D4F8603201318A
S3150000C25089B278581B687A1818609088ADF8101063
S3150000C2609880927908F115009A71D4F860321A68AC
S3150000C27052889A81C1F107020731D2B2394484F853
S3150000C280842218F0DBF80E22002108F1070017F0CF
S3150000C29071FF002384F85C3254E00DF11200FAF7C6
S3150000C2A0CFF8002840F0CB81BDF81290B9F1000F0D
S3150000C2B000F0DC8008F10E034FF0010813F8012BA3
S3150000C2C0142A40F0C6804FF0000A0DF1180B1946EB
S3150000C2D0C8F1070258460393CDF818A0CDF81BA065
S3150000C2E018F0ACF80DF11F004246D4F85412A0EB3A
S3150000C2F0080018F0A3F80721584604AAFAF7B6F87A
S3150000C300039B002800F0A580D4F86032BDF8101019
S3150000C3101B680BEB01025BF8011038461960918827
S3150000C320927999809A71D4F8603251461A68528887
S3150000C330A4F85E829A810E2217F01CFF84F85CA294
S3150000C34084F884A2029E94F88482B8F1070F00F262
S3150000C350768194F866A2BAF1000F02D0002384F821
S3150000C3606632DFF88891D4F8603299F80AB1BBF1E9
S3150000C370000F00F07C81002E43D10DF112000293D4
S3150000C380FAF75EF8002840F05A81BDF81210029BB9
S3150000C390B8F1000F00F01B81C8F10702D2B28A4241
S3150000C3A000F24D81B8F1070F00F04981424650492D
S3150000C3B0186818F043F8D4F8602294F884321068AC
S3150000C3C0D4F85412C3F10702184418F037F8B4F839
S3150000C3D05E3294F8842207339B1AD4F86082A4F85C
S3150000C3E05E3284F88462D8F800A0324607215046AF
S3150000C3F0FAF73CF8002800F02281BAF80230A8F8D3
S3150000C4000C30D4F86012002900F019818E89002EB4
S3150000C41040F008813748FAF78FF8D4F85022C4F86C
S3150000C4206062936C01339364B4F85E32D81DB3F541
S3150000C430857F80B200F20381FAF731F8002840F0D8
S3150000C440F8810123C4F8540284F8673284F8840220
S3150000C450D3E6B8F1060F06D008F101081FFA88F2F4
S3150000C4609145BFF42BAF002E7FF46CAF0720FAF78F
S3150000C47016F8064650B9D4F86002FFF774FCC4F803
S3150000C4805462A4F85E62C4F86062B6E62B680E21B8
S3150000C4903B60AB883846BB80AB79BB71D4F854326D
S3150000C4A01A682A609A88AA809B7904AAAB71F9F760
S3150000C4B0DDFF18B3D4F86032BDF810201B68B858F9
S3150000C4C0B918186088889880897906489971D4F8CF
S3150000C4D0603219684988A4F85E2299810E220021EB
S3150000C4E0D5E600BF370D0020C80A0020E03F002037
S3150000C4F0450D0020400B0020300D00200720F9F7E5
S3150000C500CEFF064690B9B9F1060F40F29880D4F8EE
S3150000C5105422A9F1070902EB090352F80920C4F8CD
S3150000C52076229A88AA809B79AB71A4E70DF1120056
S3150000C530F9F786FF0646002840F08180D4F8549229
S3150000C540BDF812804846414604AAF9F78FFFF0B1BC
S3150000C550D4F86032BDF810801A6859F8081009EB53
S3150000C560080311609988B54891809B79314693718B
S3150000C570D4F860321A6852889A810E2217F0FAFDB2
S3150000C58008F10703A4F85E3284F85C62DAE608F183
S3150000C590070080B2F9F783FF064600284FD1B8F1AD
S3150000C5A0060F4CD9D4F85412A8F107028B188A58F2
S3150000C5B0D4F86002C4F876229A88AA809B79AB7177
S3150000C5C0FFF7D1FBC4F85462A4F85E825BE7062944
S3150000C5D0029334D9B4F85E628E4230D2D4F85482D3
S3150000C5E0891B04AA89B208EB0600F9F73FFF029BF4
S3150000C5F028B3BDF810101A688B1908EB030058F819
S3150000C600033013608388938083799371D4F8603202
S3150000C6101A6852889A81B4F85E320B440733A4F83C
S3150000C6205E32EEE6B6F5857F11D9062384480B7790
S3150000C630F9F782FFD4F85022936C01339364D4F84F
S3150000C640600208B1FFF78FFBFFF72AFBD5E5002351
S3150000C650B4F85E0289F80A313044B0F5897FEEDA23
S3150000C66094F884329E4200F2D7800026ACE5002B77
S3150000C670E5D09A89904542D3D4F850A205A95046F0
S3150000C680FAF701F9D4F8602203900028D7D1059B68
S3150000C690DFF8B081184641469289029317F0CEFE24
S3150000C6A0D4F860B294F88422BBF80C104046521AB3
S3150000C6B0414417F072FEBBF80C1094F88422029BDA
S3150000C6C0521A84F88422CBF804306FF40173D4F83C
S3150000C6D06012B4F85E228889024408EB0300A4F8CD
S3150000C6E05E22F9F729FFDAF84820039B0132CAF8DF
S3150000C6F04820C4F86032012389F80A3194E6BAF179
S3150000C700000F2DD0D4F85402B4F85E12A2EB080242
S3150000C7100144404417F041FE94F884224949D4F874
S3150000C720540217F08BFED4F85422D4F8603284F801
S3150000C73084B25A60D4F85832D4F860124048C4F82B
S3150000C7405432F9F7F9FED4F85022C4F860B2936C6B
S3150000C750A4F85EB201339364012389F80A3163E6D3
S3150000C7600DF112000292F9F76BFE00287FF467AF15
S3150000C770BDF81210B4F85E32029A4144134499424D
S3150000C780FFF65DAFD4F850B205A95846FAF77BF824
S3150000C790D4F8602200287FF452AF94F8843292894C
S3150000C7A07BB393423FF64BAFDDF814801A4625491A
S3150000C7B0404617F043FED4F8603294F884029A8912
S3150000C7C0B4F85E12D4F85432121A1944404417F0E1
S3150000C7D035FE84F884A2D4F860321948C3F8048080
S3150000C7E0D4F86012B4F85E328A891344A4F85E3233
S3150000C7F0F9F7A2FEDBF848300133CBF848300023C6
S3150000C80077E7DDF81480B4F85E12D4F85432404667
S3150000C810194417F013FEDEE7C01A80B2F9F73FFE9F
S3150000C82018B9012384F86632E7E42E283FF41DAFD9
S3150000C830E3E42E283FF4C8ACDFE400BF370D002048
S3150000C840400B0020450D002038B51C4B1C4A9B6C44
S3150000C85003F0010393647BB31A4C1B48D4F8C0322F
S3150000C86094F890100133C4F8C03219F008FE012282
S3150000C870164B1A70EFF31185302383F3118804F5F4
S3150000C880FE70F9F79FFF014604F5F870F9F754FEBC
S3150000C89085F31188BFF36F8F00220D4904F53570BB
S3150000C8A00CF0B9FDD4F8FC310BB1FFF7F5F8D4F86C
S3150000C8B0C4320133C4F8C43238BD00BF008005500D
S3150000C8C000A00550C80A002000000450E03F0020E8
S3150000C8D025B9000038B50D4619F05EFE19F0B4FB17
S3150000C8E004462D6819F058FE19F0AEFB031BAB4247
S3150000C8F0F8D938BD2DE9F7430627177014464A685C
S3150000C9001E46A2F58053FF2B81460D46DDF8288092
S3150000C91075D80523D1B2638041F4805363602A7AC7
S3150000C920931E012B27D8C038FAF7FEF902230546D5
S3150000C9302372D0B190F8508040460CF0D6FD30B14D
S3150000C9400A2385F850302846FEF7EEFE0DE0B8F1D2
S3150000C950040F0AD109233946284685F85030F9F7DD
S3150000C960F5FC10B96B7ADB06EDD4638804333360CB
S3150000C97003B0BDE8F083052A16D1C038FAF7D4F91A
S3150000C980022323720028F0D090F85030012B01D0FA
S3150000C990042BEAD1042380F85030052323726E4B12
S3150000C9A00B43C8F80030E0E7092A21D1C038FAF76E
S3150000C9B0BBF908B92272D8E790F85030053B032B33
S3150000C9C010D8DFE803F007021107082380F850307B
S3150000C9D02372CAE7082580F85050F9F7C3FC18B946
S3150000C9E02572C2E70923F3E7092323725B4BD7E7D6
S3150000C9F004236380002363600323A360B5E7A2F5E5
S3150000CA00E063FF2B24D84F880C2F03D000236360EC
S3150000CA1003235CE05248D1B2FAF786F990B190F858
S3150000CA205030012B0ED1AB68EA6841F4E061C0E9F1
S3150000CA302623234643F8041FAA685A60EA689A60C8
S3150000CA40678092E700236360082363800423D4E7AA
S3150000CA5040F203239A4272D0B2F5017F21D2602AB6
S3150000CA606AD007D8042A2FD9212A37D00023636039
S3150000CA700D232CE0B2F5007F26D040F202239A4225
S3150000CA80F4D1042363808B681BB3012BBED1012331
S3150000CA90344AA360C2F8C83040F202236360082318
S3150000CAA048E0B2F5C06F21D00BD840F201339A426C
S3150000CAB00AD0B2F5A06FD9D10B7A80F8383062600F
S3150000CAC037E0B2F5885FD1D1002363601523A360F8
S3150000CAD0E5E724496260C1F8C830F8E762600B896F
S3150000CAE0678023810B8920F8643C3EE7CB6843616D
S3150000CAF01C4B8F68D3F8E822974217D8002500F11F
S3150000CB001408294640F2E730D3F8ECC24FF47A72A3
S3150000CB100023E7FB0C0117F00BF943460146CDE96C
S3150000CB200055114A09F1180019F054FA4FF4C06380
S3150000CB3063600423638018E78B68C360BFE70B7AE2
S3150000CB4062600822003B628018BF01230022A260B7
S3150000CB5080F8413009E700BF00BAFECA00BAEFBE4E
S3150000CB60E43F0020C80A0020D5C800002DE9F04F98
S3150000CB700746C06C91B003690AA998470490D8B9D2
S3150000CB80D7F88C300A9E0133C7F88C3097F85030AE
S3150000CB903468A3B905212046B4F80520F9F712FC3C
S3150000CBA010B12378142B0AD03046F9F78FFED7F848
S3150000CBB0B8300133C7F8B83011B0BDE8F08F6378EC
S3150000CBC094F804900393B389B9F17F0F4FEA99154E
S3150000CBD0B4F8028098BF0025DBB9B8F1000318BF8E
S3150000CBE0012307937B6D38460A339845039928BF7E
S3150000CBF0B381FAF799F8044668B9022D07D00523E0
S3150000CC000146009303463846039AFAF768FB0A98EA
S3150000CC103DE00023E5E790F85030042B08D13DB9FC
S3150000CC20052380F85030C36F13B12946F9F78EFB00
S3150000CC3094F8506030460CF058FC069018B1082E57
S3150000CC4009D1022D07D00523009300232146039A1C
S3150000CC50D4F8A400D9E70A9B15F0FD0F5C6111D149
S3150000CC601B7F7BB909F00703EFF31182059230228F
S3150000CC7082F31188D4F88C2062B9059B83F311885E
S3150000CC80BFF36F8F079B0A98002B00F0E480F9F73B
S3150000CC901DFE91E752F8302CE17B1279C2F30212A5
S3150000CCA0501C114400F0070001F00701884200F211
S3150000CCB092808342E1D38B42DFD8934298BF0833F8
S3150000CCC09B1ADBB208930023237419F003FAD4E904
S3150000CCD00626B0EB020A61EB060BA54991F80B217B
S3150000CCE0002A7FD000234FEA5A0646EACB764FEA5F
S3150000CCF05B02C4E908ABC4E90A6281F80B3105207E
S3150000CD00099219F08FF90023099A864272F10001FF
S3150000CD103CBF1A4606464FEA820242EA96724FEA3C
S3150000CD20860638BFC4E90A0316EB0A0641F28830C4
S3150000CD304BEB020A19F076F94FF0000BB0427BEB91
S3150000CD400A0307D3052019F06DF9B0427BEB0A0BF5
S3150000CD5038BF3046606104F1300019F051FA4FF0E7
S3150000CD60010A04F18C063046FAF76EFA817C002936
S3150000CD706ED1FAF77FFA637B089A01336373E37B1C
S3150000CD80013BE373049B013304939DF810309342F7
S3150000CD90E9D3059B83F31188BFF36F8F4FF0300AF9
S3150000CDA004F19006D4F89030002B3FF46BAF637B10
S3150000CDB0002B3FF467AFEFF3118B8AF311883046EF
S3150000CDC0FAF742FA01468BF31188BFF36F8F2046BC
S3150000CDD00CF065FBE6E78B427FF66FAF8342BFF44C
S3150000CDE06CAF4AE7D4E90810514570EB0B03D4E960
S3150000CDF00A324FEA930343EA8273B4BFAAEB010CEB
S3150000CE00A1EB0A0C9208DE1842EB020EF6184FF060
S3150000CE1007034FEAD1014FEA9C0C41EA407142EB0D
S3150000CE200E0216EB0C06A1FB031C4FEAD00003FB17
S3150000CE3000CC4FEADA0A4AEA4B7A42F1000211EBD9
S3150000CE400A0A4CEBDB0BC4E90A62C4E908AB56E7F5
S3150000CE5080F824A08FE7B8F1000F03D04368002BB9
S3150000CE603FF415AF027F62B1E37A0092D4F8A400D2
S3150000CE702146039AFAF733FA00230A980377F9F75B
S3150000CE8025FDB8F1000F22D0B8F1020F03D8062213
S3150000CE90E37A0092DAE60A9AA8F1020350681FFACA
S3150000CEA083F810FA83F35A7810F80830414643EABB
S3150000CEB00222F9F787FA50B9D7F8BC300133C7F820
S3150000CEC0BC30002D7FF4A3AE0122E37AE1E70A9E8F
S3150000CED0002D40F0E880D7F89030CDE90C550133AD
S3150000CEE0C7F89030627AD4F8A400D707E37AADF891
S3150000CEF02C8002D5227A06210BE0C9F30212934256
S3150000CF000FD0591E8A4207D00BB9072A04D0022136
S3150000CF10227A0091214627E020460CF09EFA304600
S3150000CF20B5E619F0080F0ED1314620460BAAFEF7DA
S3150000CF3029F90346D4F8A400002B00F086800421CA
S3150000CF40E37A227AE5E7227A002AD4D131462046CE
S3150000CF500BAAFEF717F9D4F8A49058B10421E37A86
S3150000CF60227A484600912146FAF7B9F9D7E700BF79
S3150000CF70E03F0020BDF82C20032A64D9D6F80480AF
S3150000CF80B8F8023004339A425DD148460CA9F9F745
S3150000CF9089FC09F1C00A074690B90C990D4645F877
S3150000CFA00CAB98F801304B7398F80030022B36D052
S3150000CFB0032B3BD0002B42D10B73CB8104230D9363
S3150000CFC0706830B1D4F8A480F9F742FC4046F9F70E
S3150000CFD0BFFA002330467360F9F778FCE37A2046FF
S3150000CFE0013303F00703E3720CF037FA002F7FF4E6
S3150000CFF0E3AD0C9F112329462046BDF83420009747
S3150000D000FAF773F800283FF4D7ADA66D002E3FF46B
S3150000D010D3AD33233A462946207AB047CCE52A4693
S3150000D020414650460DABF9F7C7FEC9E704310091FA
S3150000D0302A46414650460DABFFF75CFCC0E7D9F8DF
S3150000D0407C000CF0A9F92127BAE73146BDF82C304F
S3150000D05004F18402F9F795FCE0B10321E37A227A20
S3150000D0600091D4F8A4002146FAF739F93046F9F7C9
S3150000D0702DFC954B93F8CC20052A7FF49DADD4F872
S3150000D0809820013AC4F89820D3F8E420013AC3F86E
S3150000D090E42091E5E36D13B1216E207A98470025CF
S3150000D0A04FF0FF379AE7022D32D109F03009B9F176
S3150000D0B0100F94F8505024D173681B78013B042B51
S3150000D0C022D8DFE803F0181E1E2303000A25304687
S3150000D0D0F9F7FCFB069B43B104F1300019F090F818
S3150000D0E0204684F85050FEF71FFBD7F898300133DE
S3150000D0F0C7F8983060E5D4F88C3013B120460CF0B0
S3150000D1003FFA00230693E2E70C25E0E70B25DEE76E
S3150000D1100023CDE90B33637A980703D43046F9F739
S3150000D120D5FB15E019F037091CD15907F6D4B38998
S3150000D130A3B143463146D4F8A40004F18802F9F7B6
S3150000D14020FC0028EAD1E36E13B1216F207A9847BC
S3150000D150D7F894300133C7F894302DE53046F9F707
S3150000D160B5FBF0E7B9F1040F40F09A80237A002B63
S3150000D1707BD1B8F1030F78D9D6F80490B9F802300C
S3150000D1800433984571D1D4F8A4B00CA958460BF1D4
S3150000D190C00AF9F787FB002867D10C9DA84648F816
S3150000D1A00CAB99F801306B7399F80030022B26D03E
S3150000D1B0032B39D0012B53D12B730423EB81082386
S3150000D1C00B93414BD3F8C8303BB1012B13D10DA8BB
S3150000D1D0F9F7FFFC9DF834306BB100232B613B4B14
S3150000D1E06B600095052341462046BDF82C20F9F7D3
S3150000D1F07CFF05463CE001232B610023F0E7D9F8CC
S3150000D2000430202B09D05A1E032A06D923F0100217
S3150000D210402A02D0B3F5007F19D14246494650460E
S3150000D2200BABF9F7C9FDDCE7D9F80430A3F202220B
S3150000D230012A03D9212B01D0602B08D12B1D009385
S3150000D2404246494650460BABFFF754FBC9E70D2350
S3150000D2500022C5E904230823EB810C230B93C0E7C6
S3150000D2602946DBF87C000CF097F84FF00008012502
S3150000D2703046F9F72BFBB8F1000F3FF469AF0B9B73
S3150000D280002B3FF465AF002D3FF462AF656E002DB5
S3150000D2903FF45EAF332341460C9A207AA84757E7FE
S3150000D2A0B9F1310F7FF43AAF3046F9F70FFB227A26
S3150000D2B0002A7FF44DAF6281092311462046009271
S3150000D2C0F9F713FF44E700BFC80A0020EFBEADDE42
S3150000D2D02DE9F043012906460F4615469846A9B0A2
S3150000D2E077D8130778D1046824F04003802B02D046
S3150000D2F0B4F5807F73D12022002120A816F03AFFD2
S3150000D300384A394BE408012F08BF134601271F93FB
S3150000D31044F00054331D1C931D971E94334C0DF19D
S3150000D320040C1CAB93E807000DF110098CE807000C
S3150000D33019ABCDF864801A971B9493E8070016ABD7
S3150000D34089E80700CDF858801797189493E80700E6
S3150000D350309B45F0005E07AC84E8070013931497F2
S3150000D36013ABCDF854E093E80700319B0DF1280884
S3150000D37088E80700109310AB1197CDF848E00DAF81
S3150000D38093E8070087E8070061461FA808F04FFBEF
S3150000D39049461FA808F04BFB41461FA808F047FB6B
S3150000D3A039461FA819F0E7F821461FA819F0E3F837
S3150000D3B031681FA8C90819F086F829461FA819F070
S3150000D3C082F81FA819F088F819F06AF829B0BDE8A4
S3150000D3D0F0836FF02000F9E76FF02100F6E76FF0B9
S3150000D3E01F00F3E7030200040302010410000020FB
S3150000D3F0037E022B06D1C3695A1C03D00133C361D5
S3150000D400002070476FF096007047014B1868704710
S3150000D410B00D00204FF0FF30704710B5044600B93C
S3150000D420FEE7037F1BB1436998470023237710BDAE
S3150000D43038B5044600B9FEE7038B428B9A420CD9F5
S3150000D4400022013302770383D0E90253984701464D
S3150000D4502046A8470123237738BD036A01330362B8
S3150000D460BDE83840D9E7014B1B691847B80D0020C5
S3150000D47010B5EFF31184302282F31188094A02F1C4
S3150000D4804801431A1E21DB10B3FBF1F32420DBB263
S3150000D49000FB0320FFF7C1FF84F31188BFF36F8FF2
S3150000D4A010BD00BFB80D0020014BD3F83832184725
S3150000D4B0B80D002010B5EFF31184302282F31188E5
S3150000D4C0094A02F50A714832831A1E22DB10B3FBA1
S3150000D4D0F2F32420DBB200FB0310FFF79EFF84F378
S3150000D4E01188BFF36F8F10BDB80D00202DE9F843EA
S3150000D4F0064614460D46FFF790FF33699847002706
S3150000D5002D1947EB07032C1A63F10005012C75F161
S3150000D510000306DA336A304601333362BDE8F84366
S3150000D5207BE7D6E902839847A04277EB05031CD236
S3150000D530F36898473B4602462946204616F0F8FB14
S3150000D540F368914698473B4602462946204616F020
S3150000D550EFFB4C4683B2002273832146304632836A
S3150000D560C04701233377BDE8F8833B46F3E770B540
S3150000D5700D4C054604F14803C31A1E20DB10B3FB0D
S3150000D580F0F32420DBB24343E658E01806B9E55031
S3150000D590EFF31184302383F31188FFF7A7FF84F399
S3150000D5A01188BFF36F8F70BDB80D002070B50E4C9B
S3150000D5B00546A4F5F073C31A1E20DB10B3FBF0F387
S3150000D5C02420DBB24343E658E01806B9E550EFF3F2
S3150000D5D01184302383F31188FFF788FF84F31188C1
S3150000D5E0BFF36F8F70BD00BFE00F0020FEE710F0A5
S3150000D5F0010217D10C4B197801EA000303F00F035F
S3150000D60001EA101143EA0100830709D410F004006F
S3150000D61009D0012305485B4203F0F0031844704724
S3150000D6201346F7E70020704718410020000E00203F
S3150000D630114B03F14802821A1E20D210B2FBF0F2FF
S3150000D640D2B203EB4200B0F8700203F51D73014439
S3150000D650002089B203EB82131A888A4201D19A7894
S3150000D6603AB90130102803F10403F5D14FF0FF3029
S3150000D670704700B2704700BFB80D002038B50446A9
S3150000D6800D46FFF7D5FF80B20F2823D91E21124A77
S3150000D690A31ADB10B3FBF1F3DBB202EB831202F247
S3150000D6A02E21002211F8220020B10132102AF9D1D0
S3150000D6B0032038BD0949180100FA82F201EB820203
S3150000D6C001EB4301B1F870321D440123A2F87452F4
S3150000D6D082F876320020ECE7000E0020B80D00201C
S3150000D6E0154B30B503F14802821A1E20D210B2FB48
S3150000D6F0F0F24C880D88D2B225448C8803EB4200A8
S3150000D700C988B0F870022C4421440144002003F576
S3150000D7103D7389B203EB82131A888A4201D19A7843
S3150000D7203AB90130102803F10403F5D14FF0FF3068
S3150000D73030BD00B2FCE700BFB80D00207047A0F175
S3150000D7404103052B03D83738087000207047A0F135
S3150000D7506103052B01D85738F6E73038C0B20928DF
S3150000D760F2D90720704770B5436804460D4623B9C1
S3150000D770BDE870404B68006818478B689847636837
S3150000D78001469A68831A002BB8BF121A2B682068C4
S3150000D790A8BF0022BDE87040184738B50C461146B0
S3150000D7A0E2680346944206D04568AC420BD142601B
S3150000D7B0FFF7D9FFE46038BD94420DD01146D26818
S3150000D7C0002AF9D1F6E72A460021F9E7CB68002BB3
S3150000D7D0F0D0DB68CB60EDE70029F7D1002DE9D06A
S3150000D7E0EA685A60E6E770B5466804460D467EB1BB
S3150000D7F08B689847B368C01A002809DB20462A467A
S3150000D8003146FFF7CAFF30467368BDE870401847D7
S3150000D81029462046BDE87040A5E701490830E2E701
S3150000D8203C69020001460068014A1030B5E700BFB6
S3150000D8304869020001491030D5E700BF4869020077
S3150000D8400122024B002083F874237047B80D002094
S3150000D8500020024B83F87403704700BFB80D002008
S3150000D860704700F01800102805D0A0F118035842A0
S3150000D8705841C00070470420704700F0070301209C
S3150000D880984010F0220F09D110F0880F08D100F04F
S3150000D8904400003818BF0120C000704704207047BC
S3150000D8A01020704708B54307024608D0FFF7D9FF96
S3150000D8B012F0180F0CBF05300630C0B208BDFF20AD
S3150000D8C0FCE710B58379046A022B1CBF022383711F
S3150000D8D0A36C2BB1236D1BB1206C984700232365E5
S3150000D8E010BD2DE9F3470E46044618B9072002B0CD
S3150000D8F0BDE8F0870378302B30D1437803F0DF039F
S3150000D900582B2BD10127023400224FF099391546A6
S3150000D9104FF00A08DFF868A020780FB30DF1070171
S3150000D920FFF70DFF0028E1D1B5F1805FDED22B01B4
S3150000D93043EA127312019DF807100020891853F16B
S3150000D940000328BF01200A461D460028CED114F840
S3150000D950010F0028E0D1C6E90013C8E70027D3E786
S3150000D9603038C0B20928C1D891457AEB05038DF845
S3150000D9700700BBD3A2FB082308FB0533DBE700BF88
S3150000D9809999991913B50C466946FFF7AAFF50B93C
S3150000D9904FF0FF32009B9A42019A70EB020202D3CB
S3150000D9A0236002B010BD0720FBE710B5C3880289CB
S3150000D9B09C1C94420BD80268D4186478D35C43EA62
S3150000D9C004230B80C3880233C380002010BD0620C9
S3150000D9D0FCE770B5C288038902F108049C421CD892
S3150000D9E00568AC18A3786678AA5C1B0443EA06238C
S3150000D9F01343E278657943EA0263227942EA052213
S3150000DA00A579E47942EA054242EA0462C1E90032B4
S3150000DA10C3880833C380002070BD0620FCE730B5FC
S3150000DA20C4880389A5189D42D7BF036806201B1921
S3150000DA300B60DFBFC388D218C280002030BD00F162
S3150000DA40B4019030B1E70C20704707B590300DF166
S3150000DA500601FFF7AAFF00280CBF0C20062003B022
S3150000DA605DF804FBFEE7FEE737B500230022044617
S3150000DA70CDE90023FFF7F7FC6946054604F190005F
S3150000DA80FFF7A7FF70B9DDE90032AB4272F1000182
S3150000DA900AD35B1B62F10002C4F89839C4F89C29CA
S3150000DAA003B030BD0620FBE70720F9E7074BD3F8A4
S3150000DAB07823002352F8041F884201D1D8B2704758
S3150000DAC00133042BF6D10020704700BFB80D0020AB
S3150000DAD037B504460DF106019030FFF766FF05469F
S3150000DAE0F8B923689A6CF2B1DC69BDF806102046D5
S3150000DAF0FFF79EFD83B20F2B17D80D4B03F148029B
S3150000DB00A41A1E22E410B4FBF2F4E4B200EB0410F3
S3150000DB1003EB800383F87652A3F87452284603B0C9
S3150000DB2030BD0625FAE70D25F8E70A25F6E700BF1A
S3150000DB30B80D002013B504460DF106019030FFF72D
S3150000DB4034FF48B923689A6C4AB1BDF80610D86903
S3150000DB5002B0BDE8104091E5062002B010BD0D20D0
S3150000DB60FBE713B504460DF106019030FFF71DFFE4
S3150000DB7060B923689A6C5AB1BDF80620B3F86010F4
S3150000DB80914201D0A3F8602002B010BD0620FBE749
S3150000DB900D20F9E737B5036804469A6C82B3194835
S3150000DBA0DB69A0F50B729B1A1E22DB10B3FBF2F3A6
S3150000DBB0DBB24022002100EB831016F0DBFA04F101
S3150000DBC09005B4F89830B4F896209B1A9BB2012BB6
S3150000DBD001D8002012E028460DF10601FFF7E5FE08
S3150000DBE058B923689A6C5AB1BDF80610D869FFF780
S3150000DBF045FD0028E5D0032000E0062003B030BD37
S3150000DC000D20FBE72C100020084608B51146FCF74E
S3150000DC1008F9002818BF6FF03B0008BD10B518F0D2
S3150000DC2059FA124B8342124B8B411DD3114B1A6882
S3150000DC30D2B14FF47A74A0FB040304FB0131531EE6
S3150000DC4013420DD1B2FA82F2C2F11F04531CD24321
S3150000DC50E04001FA03F3184321FA02F2104310BD23
S3150000DC60002316F065F8FAE7FEE700BFEFA7C64BFC
S3150000DC7037894100B40D002007B50A4600B9FEE712
S3150000DC80037F03B1FEE7074B019000934168012330
S3150000DC904FF0FF3016F0F7FC00B1FEE703B05DF879
S3150000DCA004FB00BF0F6402004FF0FF3016F0D7BE32
S3150000DCB000B9FEE741684FF0FF3016F0F4BC38B506
S3150000DCC0124C94F87433E3B1E9B11568104928464B
S3150000DCD016F04CFC014668B9D4F87C0316F05FFFD9
S3150000DCE010B90024204638BD0124214609480AF00F
S3150000DCF057FAF7E72846084916F038FC18B9012103
S3150000DD00EAE70D24F1E70724EFE700BFB80D00208E
S3150000DD101E8B02002D8B0200258B020010B50F4BC7
S3150000DD2093F8743393B1B9B114680D49204616F0CF
S3150000DD301DFC20B90BF096F90024204610BD2046A4
S3150000DD40084916F013FC38B90120F3E70D242146E3
S3150000DD5005480AF025FAF0E70724F8E7B80D002091
S3150000DD601E8B0200258B02002D8B020037B5094D54
S3150000DD7004460DF10601D5F87C0316F048FD38B9C6
S3150000DD80034622469DF80610D5F87C0316F099FC4A
S3150000DD9003B030BDB80D0020002330B585B0CDE905
S3150000DDA001330393FF230D4D8DF80430D5F87C0322
S3150000DDB016F089FC044670B90DF10201D5F87C0312
S3150000DDC016F025FD9DF80210D5F87C0301AA16F081
S3150000DDD07FFC00B1FEE7204605B030BDB80D00203F
S3150000DDE008B5054BD3F87C0316F046FC00F003009B
S3150000DDF0C31E5842584108BDB80D002001390138EC
S3150000DE0011F8012F10F8013F3AB9002B14BF012079
S3150000DE100220831E5842584170479A42F0D0002093
S3150000DE20F7E710B5A1B114680A492046FFF7E6FFE7
S3150000DE3030B10020FFF79AFF003818BF012010BD4F
S3150000DE4020460549FFF7DAFF10B1FFF7A5FFF3E714
S3150000DE500720F4E7428B0200488B020010B5A1B1FF
S3150000DE6014680B492046FFF7C9FF30B10120FFF7C0
S3150000DE707DFF003818BF012010BD20460549FFF779
S3150000DE80BDFF10B1FFF788FFF3E70720F4E700BFF7
S3150000DE90428B0200488B020038B5056804463DB146
S3150000DEA028460BF0F5F8284617F0C0FF002323603C
S3150000DEB038BD012973B50D4603D00726304602B09A
S3150000DEC070BD10680028F8D003782D2B21D10130C1
S3150000DED06946FFF706FD06460028EED1009C05F1CF
S3150000DEE00042013AA242019A4FEA40039341E4D329
S3150000DEF005B1644204F18003FF2BDED8094D04EB23
S3150000DF0084014900D5F87C0309B20EF05FFF30B1F9
S3150000DF10FEE72B2B4FF0000508BF0130D8E785F848
S3150000DF208043CBE7B80D002008B5054B00EB800019
S3150000DF304100D3F87C030EF049FF00B1FEE708BDAF
S3150000DF40B80D0020012B08B50DD0022B15D0D3B982
S3150000DF508A4237BF4368511A5B1A01683CBF521A9E
S3150000DF60D11888B208BD8A4289BF4368891A9B1AAC
S3150000DF70026884BF891AC918F3E7C721034B044A0C
S3150000DF8004480DF001FE0021EBE700BF4D8B0200B7
S3150000DF90538B0200AD8B020010B5074BD3F87843C4
S3150000DFA004F58D500830FDF7A7FA00B1FEE704F539
S3150000DFB0805484F8A60110BDB80D0020084B03F567
S3150000DFC06172D2E8AF2FD20707D493F8842322B91F
S3150000DFD0C3F88823012283F884230248704700BFD0
S3150000DFE0B80D00204011002008B513468288232A68
S3150000DFF005D90A460068012107F095FE00B1FEE743
S3150000E00008BD0EB4034617B505A951F8040B5C69A3
S3150000E01001910CB19A69A04703B0BDE8104003B066
S3150000E020704770B5012905461446C2B005D112687D
S3150000E0301649FFF7E6FF00200EE002290BD114492E
S3150000E0401068FFF7DBFE30B101AE31466068FFF7BE
S3150000E05099FC034610B1072042B070BD31680A240E
S3150000E060FF2928BFFF2102A88B4206D1002202A960
S3150000E070CA5428460A460549DBE7B3FBF4F204FB1B
S3150000E0801232303200F8012B0133EDE7168E020012
S3150000E090248C020013B50C4629B90E49FFF7B1FFCF
S3150000E0A0204602B010BD012904D169461068FFF769
S3150000E0B018FC08B10724F3E7009B019AB3F5807FAB
S3150000E0C072F10002F6D20B3BDBB20F2BF2D80C2416
S3150000E0D0E6E700BF278C020070B586B011B90C20A8
S3150000E0E006B070BD14681D492046FFF787FE00285C
S3150000E0F0F5D120461A49FFF781FE0028EFD11023FB
S3150000E100ADF8143044B3204616F042FA431C212BD6
S3150000E1104FEA530520D801AE00F001003544AE4267
S3150000E120DDD0B8B920780DF10301FFF708FB98B9E7
S3150000E1309DF8032001341201D2B220780DF10301BB
S3150000E140FFF7FDFA40B99DF8033001341A4306F88B
S3150000E150012BE4E70022F0E70720C1E71E8B02004F
S3150000E160258B02000368006E93F844100AF0FCBE8B
S3150000E170044B006E93F88C13490001F0FE010AF07F
S3150000E180F3BE00BFB80D00203221006E0AF0ECBECF
S3150000E190AF21006E0AF0E8BEF8B505460E4600242B
S3150000E1A0012707FA04F3334204D10134202CF8D1B5
S3150000E1B00020F8BD286EE1B20AF0D6FE0028F4D0A1
S3150000E1C0F7E7D0F8B010E7E70049E5E700F8FF0702
S3150000E1D00049E1E700F8FF070368996C41B190F840
S3150000E1E07139034493F97619013118BF01214900A9
S3150000E1F0006E0AF0B9BE0346002110B400F1100209
S3150000E20053F8044F0CB10131C9B29342F8D1006EF4
S3150000E2105DF8044B0AF0A8BE0021006E0AF0A4BE09
S3150000E2200421006E0AF0A0BE90F8E010006E0AF01D
S3150000E2309BBE9C21006E0AF097BE0221006E0AF07A
S3150000E24093BE232070477F2973B51DD9B1F5804F42
S3150000E2501CD3B1F5001F1BD3B1F1805F34BF04227C
S3150000E260052200246D46561EB442CBB212D102F1ED
S3150000E2700801694403F07F0301F8093C0068694618
S3150000E2800AF0A0FD02B070BD0122EAE70222E8E72B
S3150000E2900322E6E763F07F0305F8013BC909013471
S3150000E2A0E2E72DE9F0470568044695F81C900E460E
S3150000E2B0B9F1020F25D0AB6AD0F82C80984523D14E
S3150000E2C04B464146EA6A2846FFF73CFED4F828A0AA
S3150000E2D007464B46524641462846FFF733FE8742DD
S3150000E2E012D9C5F82CA094F825300021204684F8D0
S3150000E2F02430FFF7A8FF28B931462046BDE8F0478D
S3150000E300A1E70D20BDE8F0870720FBE7022160307A
S3150000E310C7E7D0F8AC10603095E710B500F160049F
S3150000E32004212046FFF78FFF20B92046BDE81040A4
S3150000E330032188E710BD0321603084E700216030A7
S3150000E34081E710B500F1600405212046FFF77BFF49
S3150000E35040BB0C212046FFF776FF18BB182120464C
S3150000E360FFF771FFF0B922212046FFF76CFFC8B90D
S3150000E37040F201212046FFF766FF98B9402120466A
S3150000E380FFF761FF70B941212046FFF75CFF48B9EE
S3150000E39042212046FFF757FF20B92046BDE810402E
S3150000E3A0432150E710BD0B2160304CE7042160305B
S3150000E3B049E750F8603BB3F8581041F0340142E7A2
S3150000E3C030B5164A87B002AC516805461068224639
S3150000E3D004AB03C3124B134913F801098B4202F82D
S3150000E3E0010BF9D10822204604A917F06CF860B990
S3150000E3F00D4B9A6CDB6CCDE900236A46234613F875
S3150000E400011D9A4204F8011BF9D10822286E0DEB72
S3150000E41002010AF0D7FC07B030BD00BFAE8C020087
S3150000E4200900E00F0100E00F0080E00F01680822FC
S3150000E430006E62310AF0C6BC0368006E996C003942
S3150000E44018BF01210AF092BD90F87139034493F880
S3150000E4506A19006E0AF08ABD0021006E0AF086BDB8
S3150000E46090F87139034493F87A19006E0AF07EBD6C
S3150000E4702DE9F0431E4BC3B0B3F88E230123120AD5
S3150000E480934040F2A17213420FD04FF0000902AF41
S3150000E4904FF480720021384615F06CFE4D46154C3F
S3150000E4A0154EDFF8608023781BB9002043B0BDE825
S3150000E4B0F083124B05F00302032A18BF434601936B
S3150000E4C056F8043B4FF4807100930D4A234607EB40
S3150000E4D009000EF00BF814F8013B002BFBD16A1C67
S3150000E4E0D5B212F003021CBF4844C2B29146DAE725
S3150000E4F0B80D002054690200E03E0020AD8C0200F9
S3150000E500BA8C0200B78C020010B5036804463BB112
S3150000E510064A934207D170220021043015F02AFEE4
S3150000E5200020206010BD6FF08800FBE709000002A4
S3150000E530F8B51E4D064695F8F0300F4683B3002415
S3150000E5402B462246197ED1B13CB9022905D1D9699B
S3150000E55019B91979002918BF1C460132062A03F198
S3150000E5602803EFD114B96FF08C0006E02046FEF7C1
S3150000E5703FFF2046FBF7A8FB10B100240EE01C4627
S3150000E580237E83B9012323763EB1651BED1003F18B
S3150000E590CC335D4305F18045356000203C60F8BD15
S3150000E5A06FF08800E9E76FF09600E6E7C00B002001
S3150000E5B000232DE9F04788468EB00B609749054643
S3150000E5C091F8F020002A00F0D28000F14042052A9E
S3150000E5D031D8282303FB02110B7E022B03D14B6992
S3150000E5E0984200F00F8141460020FFF7A1FF044644
S3150000E5F0002840F00F810127D8F8003000215D6126
S3150000E600D8F8003005465F60D8F800900AAAD9F815
S3150000E6101460304608F022FB0446E8B9DDF828A06D
S3150000E6203846514608F00CF8074648BB26462546AC
S3150000E6306FF08C0411E0002840F39C800A46107E9F
S3150000E640022803D15069854200F0D9800133062B98
S3150000E65002F12802F3D1C6E72E4630462946F9F7DD
S3150000E660D1FAD8F80000002C6ED0FBF72DFB14F180
S3150000E6708C0F08BF6FF087040023C8F80030C9E08C
S3150000E6803046002108AA08F0E9FA0446002839D1E4
S3150000E690BAF1000F08D0B7F1005F2ED3CAF10053CC
S3150000E6A003F580339F4228D80025102200210AA8AE
S3150000E6B015F060FD07AB029305AB019306AB009323
S3150000E6C02A46304629460AABCDE9055508F084F9B5
S3150000E6D00446A8B9059C5646A24528BF26463A4692
S3150000E6E0069B07994E48009605F080FE05460028D1
S3150000E6F046D06FF09104B24504D000252E461AE0AC
S3150000E7002E46F8E700252E4651463846F9F77AFA9E
S3150000E710002CA2D129464846FBF790FA0446002869
S3150000E7209BD12A463146D9F8200015F087FE94E79A
S3150000E7302E464BE026466FF09804E5E76FF08C0412
S3150000E740E2E76FF09104DFE70830F8F708FED8F843
S3150000E75000301A7E012A04BF02221A76D8F8000079
S3150000E760FEF746FE002854D06FF0960484E76FF05B
S3150000E77088044FE06FF087044CE06FF0960449E0A0
S3150000E780A245BAD8BAF1230FB8D908223846254986
S3150000E79016F099FE04460028B0D1BB68002BC9D1FB
S3150000E7A03D6AAAF124039D42C4D8B5F5005FC1D2E3
S3150000E7B0002DBDD02946012007F042FF064600285D
S3150000E7C0BCD02A4607F1240115F038FEFB68C9F8CB
S3150000E7D004303B8AA9F800307B8AA9F802307B69AD
S3150000E7E0C9F80830BB69C9F80C30FB69C9F81030A4
S3150000E7F0002EA6D0002D08BF6FF0910484E72822D2
S3150000E80002FB03110846FEF7F3FD0028B5D1C8F850
S3150000E8100010002420460EB0BDE8F087C00B002093
S3150000E820D80A0020206A0200034668B1017E8A1ECB
S3150000E830012A0BD80329C26903D1012A01D1FBF7AA
S3150000E84043BA1AB1013ADA61002070476FF09600B8
S3150000E850704707B500216A4608F000FA8C3018BFE9
S3150000E860012003B05DF804FB13B500216A46044697
S3150000E87008F0F4F98C3002D1002002B010BD00215E
S3150000E880204608F00EFA014610B16FF09800F4E742
S3150000E8906A46204608F0E2F98C30EDD0F5E72DE91E
S3150000E8A0F04F05461646884687B0002900F0A0803E
S3150000E8B0002A00F09D80B2F5005F80F09C8002F196
S3150000E8C024073946012007F0BBFE0446002800F065
S3150000E8D095804FF0000A4B4AC0F808A0D2F8E43001
S3150000E8E041460360D2F8E830243040F8203C6B689B
S3150000E8F0324640F8183C2B8820F8143C6B8820F8E8
S3150000E900123CAB6840F8103CEB6840F80C3C2B69B5
S3150000E91040F8046C40F8083C15F090FDD5F81480DA
S3150000E9204046FFF796FF01285FD040F26C739F4286
S3150000E9303DD806F1340949460120CDF810A007F06C
S3150000E9407FFE054698B349460DF1100B06F000FF11
S3150000E9502B46012240465146CDE901ABCDF800A039
S3150000E96008F03AF80646D0B9274B3A462146C5E99B
S3150000E97002802B60686005F1100015F05FFDDDF880
S3150000E98010A04B462A465146204806F099FAC0B9CF
S3150000E990504607F029FA013008BF6FF08606284670
S3150000E9A0494606F0D5FE284617F040FA66B16FF0E4
S3150000E9B0980539462046F9F725F9284607B0BDE8F7
S3150000E9C0F08F6FF09106EAE75A464046314608F066
S3150000E9D045F9054620B9049B9F42EAD06FF0980599
S3150000E9E04046002108F05DF9E3E76FF08A05E0E7AD
S3150000E9F06FF08605E1E76FF08D05DEE76FF08C05B9
S3150000EA00DBE700BF3C690200105D175ED80A0020F4
S3150000EA10094B091A891030B55943024600232425AB
S3150000EA208B4205FB032004D0046A04B130BD0133D8
S3150000EA30F6E70020FAE700BF398EE33800F1480117
S3150000EA40E6E770B50D460668EFF31182302181F3D3
S3150000EA5011880021046A016282F31188BFF36F8F67
S3150000EA60002C00DC70BD3046013CA847F8E70220C8
S3150000EA7016F060BD08B50C4AD2F898335BB9D2F8E7
S3150000EA809C336BB9FFF7F3FF40B9BDE808404FF47C
S3150000EA90F85016F04FBD1B68012BF0D1012008BDC0
S3150000EAA01B68012BEED1F9E7B80D0020012016F006
S3150000EAB041BD2DE9F3410F4C8446D4E9E86586EA69
S3150000EAC0020885EA030708EA00080F4058EA07002B
S3150000EAD00DD0D4F87C0350B1CDE9002386EA0806B0
S3150000EAE062460B467D4015F073FEC4E9E86502B048
S3150000EAF0BDE8F081B80D002038B5104B0D4603F186
S3150000EB004802841A1E22E410B4FBF2F4E4B203EBCA
S3150000EB104402A2F87012D3F87C03224616F02DF8B0
S3150000EB2000B1FEE74FF6FF739D4206D00123044A6B
S3150000EB3001341178A3400B43137038BDB80D002083
S3150000EB401841002073B505460DF106019030FEF719
S3150000EB502CFF044670B92D68AB6C6BB1BDF806602E
S3150000EB606B6D3146D869FFF7C7FFA5F846602046AA
S3150000EB7002B070BD0624FAE70D24F8E708B5084B85
S3150000EB8003F14802821A1E20D210B2FBF0F2D3F82B
S3150000EB907C03D2B215F0F7FF00B1FEE708BD00BF57
S3150000EBA0B80D002037B505460DF106019030FEF789
S3150000EBB0FCFE044668B92B689A6C62B1BDF8061073
S3150000EBC0A3F85E105B6DD869FFF7D8FF204603B047
S3150000EBD030BD0624FAE70D24F8E7074AB2F8B03349
S3150000EBE0FF2B07D092F8AE03FF2803D0C01A18BF38
S3150000EBF00120704700207047B80D0020FF2330B574
S3150000EC0085B08DF8043000230546CDE90233FFF7C1
S3150000EC10E4FF1B4C0246D0B1B4F8AE33AB4204D08D
S3150000EC20B4F8B033AB4200D0FEE716F0B9FC154994
S3150000EC30D4F87C0316F000F800B1FEE74FF48062CA
S3150000EC40D4F87C03114615F016FE40B1FEE74FF4EA
S3150000EC508061D4F87C0315F00EFE00B1FEE7D4F80F
S3150000EC607C03294601AA15F033FD044630B9014656
S3150000EC700B2017F0DBFB204605B030BD0120FBE77B
S3150000EC80B80D002060110020F0B589B0FFF7EFFE47
S3150000EC9000B9FEE73D4CD4F8941301B9FEE7102005
S3150000ECA016F048FC8B8800268DF80B3001230DF1F9
S3150000ECB00B011A46D4F87C0315F097FE9DF80B203D
S3150000ECC0D4F89413023A002392B20968D4F87C036C
S3150000ECD015F08BFE2E4B05960693D4F894330796C3
S3150000ECE093F82C2020208DF814201B6805AF1D7882
S3150000ECF0C5F3401516F01EFC50B10AF0C1F93146B5
S3150000ED00202016F0FFFB31464FF4004016F0FAFBC8
S3150000ED10D4F89463D4F87C437369C3B9102016F011
S3150000ED2009FCB17968B11B4B327E20469A711A7C78
S3150000ED300433DA702A46009715F0BFFC00BB09B011
S3150000ED40F0BD3B462A46204615F0B5FCF6E7002204
S3150000ED50962104923269204613440E4AA3F59B730A
S3150000ED6011831432B1790393009201972A4603ABBB
S3150000ED7015F0A5FC20B90121402016F0C3FBDEE703
S3150000ED804FF4805017F092FAD9E700BFB80D002073
S3150000ED9020A107001841002010B5084A92F8B413C4
S3150000EDA051B90124102882F8B44300D0FEE716F0CA
S3150000EDB0A9FBBDE8104067E710BD00BFB80D0020F5
S3150000EDC0034670B558B30268022A28D14279817980
S3150000EDD095001348B1B1012A19D85242A0F55474CE
S3150000EDE002F0F002144428441E79FFF755F894F80F
S3150000EDF0E43076B29BB1206A3146BDE870405430AB
S3150000EE00FEF75FBD2844BDE87040FFF745B82844CB
S3150000EE101B79FFF741F8002393F8E430FFDE70BD5D
S3150000EE205011002038B51446002A39D0D1689368AD
S3150000EE3001391C4D9942D5F87C034FF0FF3118BFBC
S3150000EE40002115F047FC10F5007F0CD180232374B8
S3150000EE50A368E26801339A42A3600FD92046BDE851
S3150000EE60384009F05BB9002894F91030B8BF033078
S3150000EE7040F387008342B8BF2074E9E794F9103065
S3150000EE80237102232360A37913B12046FFF798FF6D
S3150000EE90D5F87C030022BDE83840802115F0EBBC94
S3150000EEA038BD00BFB80D002008B5074BD3F87C036A
S3150000EEB015F0ABFC30B1054BB3FBF0F083B20BB1F0
S3150000EEC0184608BD0120FCE7B80D002040420F009F
S3150000EED0F8B506462C4D33680C46D5F87C031BB3B3
S3150000EEE0972115F046FE024600B1FEE73168D5F8D7
S3150000EEF07C030DF0A3FD00B1FEE73168D5F87C0375
S3150000EF0015F06CFC3179814200D0FEE7D5F87C0320
S3150000EF100DF044FF00B1FEE70122D5F87C0311464F
S3150000EF2015F05BFE20B1FEE708F070F800B1FEE7D1
S3150000EF300322D5F87C03114615F03FFE7F2C20D026
S3150000EF40D5F87C0315F0DDFC042814D104EB840409
S3150000EF506400D5F87C730A21384615F0D4FC40F6D7
S3150000EF60E441384615F0D1FC2146D5F87C030DF076
S3150000EF702DFF30B1FEE7D5F87C030DF043FF0446C4
S3150000EF80E7E7C5F8B863F8BDB80D002038B5044604
S3150000EF90164D16F005FB237D95F8C0239A4223D81B
S3150000EFA095F8C1239A421FD3D5F8B83305F56F708B
S3150000EFB0834202D07F21FFF78BFF8022D5F87C03A6
S3150000EFC0114615F058FC10B1012000230AE0207DFF
S3150000EFD0FFF714FE0028F7D1204609F09FF8002815
S3150000EFE0F2D10123236038BD2120EEE7B80D0020C1
S3150000EFF02DE9F8430546FFF73AFD18B17F25284667
S3150000F000BDE8F8832B4E06F14803ED1A1E23ED10DA
S3150000F010B5FBF3F5EDB2012D00D9FEE706EB85034E
S3150000F020D3F89883AF00B8F1000F3DD106EB450346
S3150000F0301820B3F8AE9307F00DFB5FFA89F9A0F834
S3150000F04014904FF08009C0F80080457180F8049054
S3150000F05080F80680C0F808800446FFF725FFC00048
S3150000F0601028D6BF10230123B3FBF0F384F81090C9
S3150000F0702046E360FFF78AFF58B93744C7F898433C
S3150000F0802368012BFCD0257920466DB2FFF798FE48
S3150000F090B5E73E44D6F89833A34205D0204609F09A
S3150000F0A0F7FF204616F0C2FE03483844FEF7F4FE8A
S3150000F0B0A4E700BFB80D00205011002010B504468B
S3150000F0C00068FFF795FFC1B2206EBDE8104009F059
S3150000F0D04BBF2DE9F047274E894606F14803C51A6E
S3150000F0E01E23ED10B5FBF3F5EDB2012D904600D9C8
S3150000F0F0FEE706EB8503D3F898A3AF00BAF1000F3D
S3150000F10036D1182007F0A6FAA0F8149045714FF0F2
S3150000F11080090125C0F800A0857180F80490C0F828
S3150000F12008A00446FFF7C0FEC300B8EBC00F28BF17
S3150000F130B8FBF3F52046E56084F81090FFF726FF4C
S3150000F140054628B93744C7F898432846BDE8F087EE
S3150000F1503E44D6F89833A34205D0204609F098FFDE
S3150000F160204616F063FE04483844FEF795FEECE7A9
S3150000F1700425F8E7B80D00205011002038B50F4BD4
S3150000F1800C4693F8C023824215D893F8C1238242D5
S3150000F19011D303F56F75D3F8B833AB4204D10846E3
S3150000F1A0FEF7C2FE002038BD09F06AFF2146284658
S3150000F1B0FFF78EFEF6E70720F5E700BFB80D002043
S3150000F1C070B504460D46FFF752FC68BB1E22184E6A
S3150000F1D006F14803E31ADB10B3FBF2F3DBB2012BB3
S3150000F1E000D9FEE706EB8302D2F8982312B1126823
S3150000F1F0012A19D006EB4303A3F8AE5309F0B8FE73
S3150000F20001462846FFF7BAFF80B92846FFF7F6FC05
S3150000F210044638B90146202016F074F986F8CE5314
S3150000F22086F8FE53204670BD0D24FBE70724F9E758
S3150000F230B80D00200068C3E710B5836804465BB1CB
S3150000F240406921791C30FFF7F5FF20B9A37E022B18
S3150000F25001D00223A37610BD0D20FCE7F0B50129ED
S3150000F26085B003D00724204605B0F0BD6946106876
S3150000F270FEF737FB03460028F4D1009E019AB6F547
S3150000F280807F72F10002EDD2F0B2A0F10B020F2ADC
S3150000F290E8D80093CDE90133FF23094F8DF80030FC
S3150000F2A097F98013FFF76AFF044600B1FEE76A4646
S3150000F2B0D7F87C03B1B215F00BFA0028D3D0FEE7DD
S3150000F2C0B80D002010B5EFF31182302383F31188B7
S3150000F2D0084B03F14804001B1E24C010B0FBF4F0D9
S3150000F2E0C0B203EB8013C3F82C1482F31188BFF36A
S3150000F2F06F8F10BDB80D002008B5302383F3118839
S3150000F3004FF000534FF20F0218805A80BFF35F8F01
S3150000F31004F010FC2DE9F0416C4A6D4B55686D4CBC
S3150000F3205D65516A99656C49D1F80002D865D1F8D6
S3150000F3300412586B1966916A10F0040F5966D16A67
S3150000F3404FF000009966116BD966516B1967D26B45
S3150000F350D8645A67D3E90E1218BF11465F4A914224
S3150000F3601A655DD301F12000A04259D88869C5F31A
S3150000F37008051864CE69062D5E6455D1584DA8421D
S3150000F38052D3584DA8424FD205884DF64260854269
S3150000F3904AD11868C3F890005868C3F8940040F240
S3150000F3A00170A242154604D22E680432B6F1CD3F52
S3150000F3B0F7D00022C3E91E22C3E92022C3E9222294
S3150000F3C0641BDFF81CC1434DDFF818E19C648D42D5
S3150000F3D02DD8D3E91EC7D3E92065D3E922414FF0E2
S3150000F3E0000E013AD2B2FF2A3CD1BEF1000F05D081
S3150000F3F0C3E91EC7C3E92065C3E92241B3F8543007
S3150000F400C3F308030C2B3BD8022B54D9DA1E092A66
S3150000F41051D8DFE802F03157404350505050504D1C
S3150000F4200021C3E910112D494FF42060B9E755F8C2
S3150000F430044D6445CBD37445C9D2E607C7D500262B
S3150000F440294F57F8048FA045C1D00136062EF8D1B2
S3150000F45032B1013AD2B202F11E0643F82640B6E7AF
S3150000F4600522F8E7E0464FF0010EBC4637462E4629
S3150000F47025460C464146B4E740F60120BDE8F0813A
S3150000F4803B2B18D1194B9B6913F0020F40F2025324
S3150000F49018BF1846F2E740F60320EFE740F60422CD
S3150000F4A040F20173B0F5206F0CBF10461846E5E731
S3150000F4B040F60520E2E740F60722013B4B2B98BFBA
S3150000F4C01046DBE740F60220D8E700BF00ED00E07B
S3150000F4D0E03E0020C80A002000E100E0080000200D
S3150000F4E0A041000040660200543F00200080015AFF
S3150000F4F01022002114F03EBE70B5144D05F595633B
S3150000F500D3E8AF4F14F0010416D195F8A8349BB98F
S3150000F510C5F8AC4405F5966630191034FFF7E8FFD8
S3150000F520A02CF9D10B220A4B013A194603F110031C
S3150000F53004D1012385F8A834064870BDD5F8AC047B
S3150000F54043F8100CC5F8AC14EEE700BFB80D002068
S3150000F550681200206412002008B5FFF788FA0146F9
S3150000F56020B9202015F0CEFF16F01AF8002008BDAD
S3150000F570094AB2F8503503B9FEE748F24E30D2F8E0
S3150000F5805435A3FB003010EB530044BF20F000407D
S3150000F5900130C2F854057047B80D0020836853B98E
S3150000F5A003685A6812B95860806070479268826032
S3150000F5B05A68906058607047002337B500F58D543F
S3150000F5C0083405460C221946204609F0E3F92E2890
S3150000F5D034D0042809D11A4BD3F8780300F58E509D
S3150000F5E00C3003B0BDE83040D8E700B1FEE7204656
S3150000F5F001A9F7F7F7FC58B9019B124A20469A650C
S3150000F600F7F7E3FC204601A9F7F7ECFC08B1FEE7A3
S3150000F610FEE7019B0C4A2046DA65F7F7D6FC204642
S3150000F62001A9F7F7DFFC00B1FEE7019B074A204678
S3150000F6305A67F7F7CAFC064BC5E9083503B030BD73
S3150000F640B80D0020950701003DD7000061F60000C7
S3150000F65071F60000014BD3F87803ADE7B80D002032
S3150000F660024BD3F8780300F58E5097E7B80D0020CB
S3150000F67000F5805393F8A62132B193F8A7311BB950
S3150000F68000F58D50143089E770472DE9F0419368F5
S3150000F69005460C46164698473246074621462846F2
S3150000F6A0FEF77BF86868002203466BB1A168D3F8C1
S3150000F6B008E0A1EB070CAEEB070898EA0C0F14D490
S3150000F6C0A1EB0E01002908DA52B9E0606C60314600
S3150000F6D02846BDE8F041FEF746B81A46DB68E4E77F
S3150000F6E0D368E360D460BDE8F081BCF1000FEAE7BF
S3150000F6F001688A6A8B6B086B934208BFCA6A03F17A
S3150000F700804304BF0132CA628B63024A303108303B
S3150000F710BBE700BF3C69020000F44052B2F5005F4F
S3150000F720034622D148F2400220F44E5020F03F001A
S3150000F73090421ED010D8B0F5446F1AD007D8B0F555
S3150000F740046F18BF002814BF012000207047B0F5D1
S3150000F750004018BF012070474CF6404203F44C436A
S3150000F760B3F5404F18BF9042EDE700F44063181E12
S3150000F770EFE70020704700F44053B3F5005F04D173
S3150000F78000F44C43B3F54C4F08D0B0F5804F05D389
S3150000F790C0F3801080F00100C0B2704700207047AF
S3150000F7A010B58388032B12D9006809F07FFC80F41A
S3150000F7B080720446C2F30021FFF7AEFF48B98A1CE7
S3150000F7C0C4F38123022B06D0032B16D02BB1FF20C6
S3150000F7D012E00A1DF4E70232D2B22046FFF7CBFF51
S3150000F7E0C4F3813402EB4002022CD0B207D0032CC2
S3150000F7F008D0002C18BFFF2010BD0832ECE70230FD
S3150000F800C0B2F9E70830FBE710B583880446022B3F
S3150000F81007D9006809F0CEFC18B12046BDE81040B3
S3150000F820BEE7FF2010BD38B505460C46FFF7ECFFD6
S3150000F830FF2817BF2B6806201B5C00201CBF03F0A7
S3150000F8400703237038BD38B505460C46FFF7DCFFC5
S3150000F850FF281FBF431C2A68DBB2D3581ABF0020FB
S3150000F8602360062038BD70B506460D46FFF7CCFF6F
S3150000F870FF28044609D03268105CFDF7F2FF2244E7
S3150000F8800244002053792B7070BD0620FCE710B5AA
S3150000F8900446FFF7B9FFFF2806D02368185CFDF77A
S3150000F8A0ECFF0230C0B210BD0220FCE770B5054681
S3150000F8B0FFF776FFFF28044611D02E68304609F080
S3150000F8C079FC60B1A9888C420BDA305DFDF7EAFF5E
S3150000F8D0FF2808D00444E4B2A142B8BFFF24204662
S3150000F8E070BDFF24FBE70446F9E7F8B50746FFF7C6
S3150000F8F0DDFFFF28044633D03D68284609F0D6FBD5
S3150000F900830506461CD53846FFF7C1FFB988A21CF9
S3150000F91093B210FA82F28A4205EB040720DC2A5DD4
S3150000F92002F07F0213449CB210FA83F3994217DB6C
S3150000F9303A8802F4FF42B2F57E5F01D09942E6DCD6
S3150000F9402B7803F00703032B06D106F44056B6F5D1
S3150000F950005F1CBF0134A4B2FE2C01D82819F8BDE3
S3150000F9600020FCE72DE9F047794F054697F8749398
S3150000F9700E46144686B0B9F1000F36D10846FFF799
S3150000F980B4FF804688B390F800A00AF03C030C2B25
S3150000F9900ABFCAF340094B4689F00103B6F8049042
S3150000F9A0B9F1090F21D903B3306809F07FFB10F4D0
S3150000F9B0405F1AD10AF0C30ABAF1010F21D198F8B3
S3150000F9C00130E32B15D184B197F85835022B0CD1B1
S3150000F9D0D6E9020445F2082103230A185D4987F88F
S3150000F9E0583544F10003C1E90023002006B0BDE804
S3150000F9F0F08784F00104F32B14BF002004F001000B
S3150000FA00F4E7BAF1800FF0D1B9F10D0FEDD998F8FE
S3150000FA10013003F0F8025CB9802AE6D113F007033F
S3150000FA203CD198F80630F02B04D184F00100DDE7D4
S3150000FA30402AF2E7E02B08D003F11C02D2B20B2ACF
S3150000FA4003D95033DBB20F2BCFD8002CCDD097F88B
S3150000FA505835022BC9D11E223F4C08F102002B1B40
S3150000FA60DB10B3FBF2F33022DBB202FB0373D3F8F5
S3150000FA7068150422093115F026FD0028B5D1D6E90E
S3150000FA80020545F2082103230A1887F8583504F5BC
S3150000FA90A36445F10003C4E90023A6E7022BA4D121
S3150000FAA098F80330F02BC0D0E02B08D003F11C02ED
S3150000FAB0D2B20B2A03D95033DBB20F2B95D8002CC8
S3150000FAC093D097F85835022B8FD11E23224CE94646
S3150000FAD02C1BE410B4FBF3F400238DF81430302310
S3150000FAE0E4B203FB047303AD2946D3F8680509F0B5
S3150000FAF0E8FA40B99DF81430012B1AD0022B1FD01A
S3150000FB000BB98DF808302946304609F034FB082237
S3150000FB102946484615F0D7FC00287FF466AF302307
S3150000FB2003FB0474D4F8683598F80220DB7B9A420C
S3150000FB304DE78DF80830BDF80C30ADF80030E2E73F
S3150000FB4095E803008DF80830CDE90001DBE700BF3A
S3150000FB50B80D002018130020000E00201E2238B514
S3150000FB60114C054604F14803C31ADB10B3FBF2F34C
S3150000FB70DBB204EB831393F82824D3F8303484F8EB
S3150000FB80DC2304F572710122C4F8D833FFF7EAFECC
S3150000FB9095F8E4303BB1286A94F8C8155430BDE8AE
S3150000FBA0384008F0D5BA38BDB80D002010B5044667
S3150000FBB0FFF79BFE2368C01AC0B210BD70B505469C
S3150000FBC08688FFF7F3FF04462846FFF760FE0444E5
S3150000FBD0301B80B270BD38B505460C46FFF714FEE3
S3150000FBE0FF2817BF2B6806201B5C00201CBF03F0F4
S3150000FBF01803237038BD38B505460C46FFF704FEDA
S3150000FC00FF2800D1FEE72A68431CD9B2545452FAA1
S3150000FC1083F3220A5A70220C240E9A70DC702B7F12
S3150000FC2043F001032B7738BD70B506460D46FFF746
S3150000FC30EBFDFF28044600D1FEE73268105CFDF7B5
S3150000FC4010FE22440244557170BD2DE9F04FD0F8E4
S3150000FC50009004469BB048460E4609F0ABFA0028D1
S3150000FC6000F0CB8107AD29462046FFF7B4FF0746D3
S3150000FC70002840F0C2819DF81CA0BAF1080F40F0A0
S3150000FC80BC81237FDA0600F1B881DFF87C8399F81E
S3150000FC90009008F14803F61A1E2309F00709F6102A
S3150000FCA0B9F1020FB6FBF3F61CD129468DF81C00FC
S3150000FCB02046FFF7D8FD9DF81C10002900F0AE8104
S3150000FCC0F6B208EB861393F829345A1E91420FD0E8
S3150000FCD08B420CD00133994200F0188150461BB07C
S3150000FCE0BDE8F08FF6B208EB861393F829140127C6
S3150000FCF0C34B07EB860003EB00130C33A360237F93
S3150000FD00DB0720D4EFF31180302383F3118808EB4F
S3150000FD108613D3F82C747A1CC3F82C242268127824
S3150000FD2002F00702022A04BF83F82814C3F83074CD
S3150000FD3080F31188BFF36F8F2046FFF775FF3946B2
S3150000FD402046FFF758FF00232068029309F032FA95
S3150000FD50002800F0528120460DF10701FFF763FDF0
S3150000FD60002840F04A81204602A9FFF76CFD814633
S3150000FD70002840F04281A349029B01EBC60C51F8D2
S3150000FD803600DCF804101ABA9DF8077003AB03C3FB
S3150000FD90204605928DF81870FFF779FDA0F102084C
S3150000FDA0A3685FFA88F8B8F1030F139340F2B080A6
S3150000FDB02046FFF703FF4E4682460346721C002B81
S3150000FDC040F0A780F6B2022E38BF02262046022E49
S3150000FDD0C6F10F0718BFFFB2FFF7E8FE021E18BFF5
S3150000FDE00122013E4FEA6803F6B2013B46EAC3032D
S3150000FDF043EA821303A93A4683460DF11D008DF8A6
S3150000FE001C3014F01BFB52460F230BA99F42C0F077
S3150000FE1083802A462946139816F09EFABBF1000FF6
S3150000FE2007D04FF002099DF81D308BEA03038DF8C9
S3150000FE301D303A4603A90DF12D008DF82C6014F003
S3150000FE40FDFA07F111000021C7F10F02284414F052
S3150000FE5091F90023CDE9153A1793102320468DF822
S3150000FE606470CDF850B0ADF86090ADF862308DF8A2
S3150000FE706580FFF79BFE8345064653D3276800EB54
S3150000FE800708B8454FD1159B1E44149B15969E42F4
S3150000FE900AD1BDF8603023B12A462946139816F0D8
S3150000FEA05BFA0023ADF860302046FFF787FE179B0C
S3150000FEB0169A0344934206464CD82046FFF715FD92
S3150000FEC04FF00009074606EB0008B84543D1179BDB
S3150000FED01E44169B17969E4213D3BDF8603023B17D
S3150000FEE02A462946139816F037FA9DF864200E2AFA
S3150000FEF007D802F111000021C2F10F02284414F0C4
S3150000FF0039F9DDE916329A4262D0FEE74F46EFE64E
S3150000FF10FEE716461B0A51E7013B01F8012DDBB24D
S3150000FF20120A73E7FEE7BDF86030102B05D12A46AA
S3150000FF302946139816F010FA00235A1C6833ADF8B8
S3150000FF4060206B4417F8012B13F84C1C4A4003F849
S3150000FF504C2C96E7FEE7BDF86230102B13D10F212B
S3150000FF609DF864000FAA814205DD12F8013D0133B8
S3150000FF70DBB2137053B313980FAA0BA916F0ECF962
S3150000FF800023ADF862905A1C683397F800A06B44C2
S3150000FF90ADF8622013F82C3C8AEA030307F8013B0C
S3150000FFA0BDF86030102B05D12A462946139816F065
S3150000FFB0D3F900235A1C6833ADF860206B4413F85C
S3150000FFC04C2C8AEA020A03F84CAC7EE70139CAE7F0
S3150000FFD02046FFF75CFCA7880FAA3F1A0BA91398C7
S3150000FFE0266816F0B9F90023F0199DF865209342AA
S3150000FFF00CDB237F43F0100323774FF0000A6DE6F6
S31500010000E011002081130020B80D002015F8012B06
S315000100100133E97F4A4000F8012BE6E74FF0010A78
S315000100205CE62DE9F04F0027A7B004462A220D46CB
S315000100300DF126003946039714F09CF824220AAEE6
S31500010040394630460896ADF8242014F093F8206816
S3150001005009F0B0F8002800F05A8120460DF10B0195
S31500010060FFF7E1FB002840F05281204603A9FFF784
S31500010070EAFB8246002840F04A81039B28686968AA
S315000100809DF80B701ABA04AB03C306923046802260
S31500010090A1688DF81C7005F02CFE0746002840F07B
S315000100A0BD802046FFF7F3FBA0F102095FFA89F94B
S315000100B0B9F1030F40F2B3802046FFF77FFD3B46BF
S315000100C0834606465A1C002E40F0AA80DBB2022B5C
S315000100D038BF02232046C3F10F05022B18BFEDB22C
S315000100E00193FFF763FD019B04A9013BDBB2019379
S315000100F0019A4FEA6903013B42EAC303021E18BF94
S315000101000122804643EA82130DF151002A468DF8F9
S31500010110503014F093F95A460F2318A99D42C0F0A6
S31500010120828014AA114608A8FDF75EFFB8F1000FF8
S3150001013007D04FF0020A9DF8513088EA03038DF883
S315000101405130019B2A4604A90DF161008DF86030FA
S3150001015014F074F908AB05F14100C5F10F02002155
S31500010160184414F007F80023CDE9213B239310230B
S3150001017020468DF89450CDF88080ADF890A0ADF86A
S3150001018092308DF89590FFF711FD8045054650D3C5
S31500010190D4F8008000EB0809C1454BD1219B1D44D1
S315000101A0209B21959D420AD1BDF8903023B114AA16
S315000101B0114608A8FDF718FF0023ADF89030204638
S315000101C0FFF7FCFC239B229A03449342054648D839
S315000101D02046FFF78AFB4FF000088146B54241D819
S315000101E0239B1D44229B23959D4212D3BDF890303B
S315000101F008AD23B114AA11462846FDF7F5FE9DF870
S315000102009420002102F141002844C2F10F0213F0AB
S31500010210B1FFDDE922329A4263D0FEE7FEE7FEE74F
S315000102201346360A4EE7013B01F8012DDBB2120AED
S3150001023074E7FEE7BDF89030102B05D114AA1146DC
S3150001024008A8FDF7D1FE00235A1C98336B44ADF87C
S31500010250902018F8012B13F8481C4A4003F8482C43
S315000102609AE7FEE7BDF89230102B12D10F219DF8C7
S3150001027094001CAA814205DD12F8013D0133DBB26F
S31500010280137063B31CAA18A908A8FDF7ADFEADF853
S315000102909280BDF8923019F806A05A1C98336B4427
S315000102A013F8283CADF892208AEA030309F80630D0
S315000102B0BDF89030102B05D114AA114608A8FDF7F8
S315000102C093FE00235A1C98336B44ADF8902013F823
S315000102D0482C01368AEA020A03F848AC7EE701395E
S315000102E0C8E72046FFF7D3FAA6882568361A1CAA5E
S315000102F008A818A9FDF778FE0DF14F03A8199DF876
S31500010300952097420DDB237F43F010032377BDF839
S315000103102430232B0ED9089805F0E6FC27B0BDE85A
S31500010320F08F13F8012F013793F820104A4000F897
S31500010330012BE4E7FEE701F1080313F8012D8B42D7
S3150001034000F8012BF9D1704713B504466846FFF74B
S31500010350F2FF246869462046FDF7C2F980B20F28EC
S315000103602FD91E21184AA31ADB10B3FBF1F3DBB216
S3150001037002EB831202F2AE21002211F8220028B10B
S315000103800132102AF9D1032002B010BD0F4901EB49
S3150001039043001B0103FA82F201EB8202BDF8003031
S315000103A0BDF80210B0F870020B44BDF804100B44FE
S315000103B0BDF806100B440344A2F8F432012382F877
S315000103C0F6320020E0E700BF000E0020B80D002045
S315000103D0002313B50822044601A990300193FDF7C5
S315000103E01EFB40B92068836C43B101991C3002B0F1
S315000103F0BDE81040A8E7062002B010BD0D20FBE7BE
S3150001040037B5036804469A6C7AB31948DB69A0F5D7
S315000104102B729B1A1E22DB10B3FBF2F3DBB24022D6
S31500010420002100EB831013F0A5FE04F19005B4F84A
S315000104309830B4F896209B1A9BB2072B01D800205E
S3150001044011E00822284601A9FDF7E9FA50B920680A
S31500010450836C53B101991C30FFF776FF0028E6D073
S31500010460032000E0062003B030BD0D20FBE700BFEE
S31500010470AC10002030B585B00446082201A99030A1
S31500010480FDF7CDFA054620BB2468A36C1BB3019981
S3150001049002A8FFF750FFE46902A92046FDF720F9FB
S315000104A083B20F2B13D80D4B03F14802A41A1E2257
S315000104B0E410B4FBF2F4E4B200EB041003EB8003A6
S315000104C083F8F652A3F8F452284605B030BD0A2542
S315000104D0FAE70625F8E70D25F6E700BFB80D002077
S315000104E038B54FF6FE730025044643818381C38ADE
S315000104F0C58003F0FE0343F4FE4343F00103C382C8
S315000105000572C0F80E50C0F8125085612C30FEF706
S31500010510EFFF04F13C00FEF7EBFF04F14C00FEF7A0
S31500010520E7FFE565A4F8605004F16400BDE83840D2
S31500010530FDF778B937B505466846FFF7FCFE1E217B
S315000105400D4B2A686C46D21AD210B2FBF1F2072182
S31500010550D2B203F2815303EBC203605C013903F8A3
S31500010560010BFAD2054B2146D3F87C0314F011FB9B
S3150001057000B1FEE703B030BD000E0020B80D00202B
S3150001058037B50546082201A99030FDF748FA044619
S3150001059080B92B689A6C7AB10199586D0A681C303A
S315000105A0C3F862204A68C3F86620FFF7C3FF2046F6
S315000105B003B030BD0624FAE70D24F8E7036810B549
S315000105C05A1E114603628B4211D8416202210177FC
S315000105D000210163A1F58031C0E90A33C0E90D1399
S315000105E0934207D8C0E90F23C0E9113310BD04892E
S315000105F02144E8E701890A44F2E7012B10B50446D4
S3150001060008460AD0022B0FD01BB9636810448342F7
S3150001061000D910BD2289801AF9E72368881A834216
S31500010620F7D922891044FAE79C21024B024A034872
S315000106300BF0AAFA4D8B0200C98C0200AD8B0200A9
S315000106402DE9F04790F8242012B90D20BDE8F08776
S31500010650013A0568D2B280F8242095F81C90B9F1C8
S31500010660020FF2D000EBC204AB6AA6689E42ECD13F
S31500010670D5F82CA031464B4652462846FDF762FC7A
S315000106806768804631464B463A462846FDF75AFC8E
S3150001069080450646D9D94B46524639462846FDF786
S315000106A051FC0128D1D90236464512DC841EA4B27A
S315000106B03C702B7F012239462846FFF79EFF240A0C
S315000106C004700146012228462B7FFFF796FF002082
S315000106D0BCE70720BAE7134610B501220C78FFF7ED
S315000106E08CFF03782402E01880B210BD2DE9F04199
S315000106F0044694F82470002F33D1246894F81C80A2
S31500010700B8F1020F38D0A56A434629462046E26A67
S31500010710FDF718FC012806462CD9294642462046F3
S31500010720FFF7D9FF023EC6F30D06304386B2C0F38A
S31500010730072028702946434601222046FFF75DFF20
S315000107400670E56AA562227F04EB8203196A2163BA
S315000107501D62E56815B123462069A8470223237760
S3150001076005E02046FFF76CFF07460028C1D0384652
S31500010770BDE8F081E562E6E70D27F8E7C26B436A5B
S315000107809A4205D1836B006A1B1A58425841704739
S315000107900020704710B50E4B4FF40062D3F8784332
S315000107A0002104F6A61013F0E5FC002204F580539F
S315000107B083F8A72104F11400FFF7E0FF30B904F52F
S315000107C08D501430BDE81040FEF7E8BE10BD00BFE5
S315000107D0B80D002090F8353033B9C36B426A9B1AC5
S315000107E018BF012380F8343070472DE9F04F5C4B78
S315000107F085B0D3F8784304F5805898F8A63104F10A
S315000108001407002B4DD098F8A731002B49D1384653
S31500010810FFF7B4FF0546002843D1012388F8A73125
S315000108203846FFF7ABFF029068BB3846FFF7D2FFA9
S3150001083094F8483004EB8303DB6CC4E9153308F004
S315000108402BFB4FF6FF73B4F84A609E4216D1384629
S31500010850FFF7C0FF94F848A04FF00B0904EB8A0399
S31500010860D3F84CB05B6B5946029E0393039B9942A6
S3150001087021D194F849300BB1A4F84A60AB1CF218A7
S31500010880B2F5006F38D3002604F58D5033462A465B
S31500010890009604F6A6110830F6F78CFC08B188F824
S315000108A0A76198F8A631002B56D1384605B0BDE8A8
S315000108B0F04F08F0A2BA524638460291FFF70BFFF5
S315000108C010F4004F029901D08B45D2D1C0F30D022D
S315000108D05346164438460232FFF78FFE09F1FF33BD
S315000108E013F0FF090146B6B2C0D140F2AE311D4B3D
S315000108F01D4A1E480BF048F904F6A619310A09EB00
S31500010900050209F80510994456709DB209EB060BCC
S31500010910D9451BD094F84920032A17D0B2B1012A30
S3150001092011D1E16D94F84830384691F800A0FFF7EF
S3150001093064FEA36DE065984202D1384608F0ACFA30
S3150001094009F801ABE4E74FF0000AF9E73544384608
S31500010950ADB208F052FA63E705B0BDE8F08F00BF0B
S31500010960B80D00201C8D0200388D0200AD8B0200EF
S31500010970416AD0E90E23994209D1017F012906D0A6
S31500010980531E026893420ED34362C3637047016AE2
S31500010990914207D1027F2AB142680133934205D2BF
S315000109A003628363704701890B44EBE701895B1A94
S315000109B0F4E7037F022B06D0083350F82330C0E951
S315000109C00A3302230377D3E7F8B5047F0546022CE1
S315000109D00E4605D1E6210E4B0E4A0F480BF0D4F810
S315000109E02346B4FA84F4C76A01223946FFF705FEA5
S315000109F06409083455F82430834203D03E70E86216
S31500010A000020F8BD2846FFF7D4FF0320F9E700BF11
S31500010A10698D0200858D0200AD8B020070B5D0E9AB
S31500010A200A239A4204461DD1037F0021083350F858
S31500010A302350AB1A5D425D41FFF7C6FFED03014648
S31500010A4008B1032070BD2046FFF7BEFF0646002809
S31500010A50F7D1A16A2D0A237F012220460D70FFF7E7
S31500010A60CCFD06700020EDE738B5037F0446022B66
S31500010A700D4607D0FFF7D2FF30B929462046BDE81B
S31500010A803840A1E70D2038BD0320FCE738B5044600
S31500010A900D460068C9B2FFF7E7FF20B92068290AA9
S31500010AA0BDE83840E0E738BD50F8603BB3F8461082
S31500010AB0ECE750F8603BB3F85E10E7E7B0F8B41026
S31500010AC06030E3E738B504460D460068C9B2FFF762
S31500010AD0CBFF80B92068C5F30721FFF7C5FF50B9E1
S31500010AE02068C5F30741FFF7BFFF20B92068290E2B
S31500010AF0BDE83840B8E738BD036893F8441071B1D2
S31500010B000A2906D84FF4FA62074B11FB023160300D
S31500010B10D8E7192905D841F28832044BF5E704498B
S31500010B20F5E70021F3E700BF40CB0D00B0DB230062
S31500010B30CC3F0D0070B5D1B20446006816461D467D
S31500010B40FFF792FF30BB2068C6F30721FFF78CFF42
S31500010B5000BB2068C6F30741FFF786FFD0B92068BE
S31500010B60310EFFF781FFA8B92068E9B2FFF77CFFD4
S31500010B7080B92068C5F30721FFF776FF50B92068D1
S31500010B80C5F30741FFF770FF20B92068290EBDE8BC
S31500010B90704069E770BD00F51A6353E902236030BE
S31500010BA0C8E738B5044608460D4613F0F1FC4FF682
S31500010BB0FF73984228BF1846294682B2206808F07A
S31500010BC001F9014618B92068BDE838404CE738BD3F
S31500010BD001496030E5E700BF286A020070B590F868
S31500010BE024500446032D1DD80668337F022B19D0E5
S31500010BF03046FFF713FF0146B0B9F36A04EBC505AA
S31500010C006B60B36AAB602068FFF72EFF48B90146F7
S31500010C102068FFF729FF20B994F82430013384F8BE
S31500010C20243070BD0D20FCE70320FAE72DE9F843D7
S31500010C30074616460C4600F1600500297BD0002ABE
S31500010C4079D1B1F80480D1F8009028464146FFF7E2
S31500010C501DFF10B10120BDE8F88342464946386EB2
S31500010C6008F0B0F80028F5D194F915102868C9B232
S31500010C7008F07AF90028EDD18021286808F074F986
S31500010C800028E7D1002C60D0E17D090101F0300197
S31500010C902846FFF7FBFE0028DCD12846FFF79EFF1A
S31500010CA001460028D6D104B1A179286808F05CF97B
S31500010CB001460028CED104B1A17D286808F054F977
S31500010CC00028C7D1002C42D0D4E902232846FFF7D9
S31500010CD031FF0028BED12846FFF7B2FC0028B9D162
S31500010CE02846FFF77BFF0028B4D131462846FDF799
S31500010CF0AAFA0028AED12846FFF7A2FC0028A9D1FE
S31500010D002846FFF76BFF01460028A3D104B1217DD8
S31500010D10286808F029F900289CD1DCB12169284608
S31500010D20FFF7D0FE002895D12846FFF789FC003849
S31500010D3018BF01208FE700212846FFF7A7FE0028EC
S31500010D4088D1002C90D1214690E72146A0E70022C8
S31500010D500023BBE72146E2E72DE9F04111F00F0838
S31500010D6004460D4617461E46006829D0002384F81E
S31500010D702430FFF71EFE01230377436AC0E90A33D5
S31500010D802946206808F0F0F818BB39462046FDF7D9
S31500010D905AFAF0B925682B7F022B19D02846FFF79E
S31500010DA03DFEC0B9EB6A3146A362AB6A2046E362F7
S31500010DB094F8243084F82530BDE8F041FDF743BAB4
S31500010DC084F82480FFF7F5FD036A80F81C80D5E7D7
S31500010DD00D20BDE8F0810320FBE730B50546D2F8CA
S31500010DE0A00914460B462A46C1B0A0B1B4F8A4190D
S31500010DF00BF0B2FB00280CDDB4F8A439D4F8A02915
S31500010E009842A8BF184602441B1AC4F8A029A4F8A0
S31500010E10A43941B030BD4FF4807168460BF09CFB9C
S31500010E200028F6DB60344FF46F53062280212046FA
S31500010E30FFF792FF0028ECD169462046FFF7B1FE85
S31500010E400028E6D12046FFF751FCE2E7F8B50F4B43
S31500010E500C46D3F878731546FCF728FE000160F0BE
S31500010E607F0007F1600600F0F0017123062230468B
S31500010E70FFF772FF48B92A4621463846FFF7D6FEE4
S31500010E8018B93046BDE8F84030E4F8BDB80D002089
S31500010E902DE9F041204B0F46D3F87853FCF706FEB7
S31500010EA0FF2204462B1893F9768983F8762905EBF8
S31500010EB080035868240164F07F04403005F1600620
S31500010EC0E4B2FEF7B9F93923062221463046FFF787
S31500010ED043FFF8B9286E5FFA88F108F045F8C8B9FA
S31500010EE0286EF9B208F040F8A0B93046FFF7FEFBCC
S31500010EF080B92146302306223046FFF72DFF0146F1
S31500010F0040B9286E08F030F820B93046BDE8F04106
S31500010F10FFF7ECBBBDE8F081B80D002010B5C38822
S31500010F2002895C1C944297BF02680620D35C0B7051
S31500010F309FBFC3880133C380002010BD13B50C4683
S31500010F400DF10701FFF7EAFF48B99DF8073013B91C
S31500010F50207002B010BD012B01D12370F9E70620E4
S31500010F60F7E713B504460DF107019030FFF7E6FFE9
S31500010F7060B923689A6C5AB193F86A209DF80710F4
S31500010F8061F3000283F86A2002B010BD0620FBE778
S31500010F900D20F9E7002373B505460DF107019030E1
S31500010FA08DF80730FFF7CAFF0446A8B928689DF8EF
S31500010FB00760836C23B15EB14030FEF73DF904460C
S31500010FC095F871391D4485F86A69204602B070BDED
S31500010FD01C30FEF7C1FAF3E70624F6E707B59030B1
S31500010FE00DF10701FFF7AAFF48B99DF8073013B9BC
S31500010FF0044A82F82030012003B05DF804FB062084
S31500011000FAE700BF1841002010B590F8711904469F
S3150001101001F67A1101449030FFF790FF58B9226822
S3150001102094F87139926C42B11C4494F87A29044BB4
S3150001103083F8D92510BD0620FCE70D20FAE700BF8D
S31500011040B80D0020002337B505460DF10701903094
S315000110508DF80730FFF772FF0446B0B99DF80730E7
S315000110602D68ABB905F1B800FCF7DCFB686D1C30E7
S31500011070FEF772FA012014F05DFA20B195F85A30A4
S315000110800BB185F85A400023AB64204603B030BD4E
S3150001109095F85A3063B9FDF709FD686D1C30FEF706
S315000110A05BFA95F85A30012B1CBF012385F85A309B
S315000110B0004BE9E74D0E0100002337B505460DF15A
S315000110C0070190308DF80730FFF728FF0446A0B9D5
S315000110D09DF8073023B1013B012B09D9072404E010
S315000110E02B689B6C5BB107F0ADFF204603B030BDAA
S315000110F02B689B6C1BB10120F5E70624F5E70D244F
S31500011100F3E7F7B504460025012700F19006B4F888
S315000111109620B4F898309A4204D10020C4F8B05011
S3150001112003B0F0BD30460DF10701FFF7F7FE38B900
S315000111309DF807301F2B05D807FA03F31D43E6E791
S315000111400620EDE70720EBE70023F7B506460DF18C
S31500011150070190308DF80730FFF7E0FE04460028BE
S3150001116047D19DF8073013B1022B03D00C2420463A
S3150001117003B0F0BD3568AB6C002BF8D096F8712939
S31500011180324492F97639013301D00D24EFE7D6F8CE
S31500011190B03083B3591E19422DD1B3FA83F3C3F18B
S315000111A01F0182F87619AB6C002BEED095F85A30F8
S315000111B0002BEAD0033B042BE7D9B5F858309B073F
S315000111C0D4D56B6DB6F8B470DE69FDF753FC30B952
S315000111D04FF47A7230467A4389B2FDF77AFF95F871
S315000111E05A30052B1CBF052385F85A30034B2B6556
S315000111F0BDE70624BBE70724B9E700BF910E01004E
S3150001120013B504460DF107019030FFF787FE60B96B
S315000112109DF8073003F0030304EB83046368002B96
S3150001122014BF23200C2002B010BD0620FBE72DE9D8
S31500011230F34100F1900420460DF10201FCF7B5FBE4
S3150001124020B10625284602B0BDE8F08108222046D5
S3150001125001A9FCF7E4FB0028F3D18DF801000DF19B
S3150001126001012046FFF75AFE05460028E9D19DF8FF
S315000112700130DDF8048003F00106C3F34000314676
S3150001128046EA4006C3F3800046EA800603F00800FA
S315000112900643BDF80270C3F3C00206F00F06B8F1AB
S315000112A0000F44D019B913F0060F00D1E2B1FCF7D3
S315000112B085FE0468002C35D1FEF71EF90468002C62
S315000112C037D0236803602046FEF712F9FCF776FE55
S315000112D00368236004602671E780D8F80030A360B4
S315000112E0D8F80430E360ADE7FCF768FE02682B46E8
S315000112F014460CB91725A5E7E188B94202D0234661
S315000113002468F6E743B90AB113680360FEF7F4F8F7
S3150001131003682360046095E71A68002AF6D012680C
S315000113201A60F3E7E388BB42D5D02468C2E70725F4
S3150001133088E7032586E713B50C460DF10701FFF78C
S31500011340EDFD10B99DF80730237002B010BD0023E2
S3150001135007B590300DF107018DF80730FFF7EBFF68
S3150001136018B99DF80720024B1A7403B05DF804FB07
S3150001137018410020002337B505460DF107019030CD
S315000113808DF80730FFF7D7FF044690B90A4A2B6854
S3150001139002F148015B1A1E21DB10B3FBF1F352FA8D
S315000113A083F39DF8072083F8ED2507F0E1FDFCF7AF
S315000113B0BBFD204603B030BDB80D002007B5903007
S315000113C00DF10701FFF7B7FF00280CBF0C2006201F
S315000113D003B05DF804FB37B500F1900405460DF145
S315000113E007012046FFF79AFD18B10624204603B0EF
S315000113F030BD20460DF10601FFF79DFF044600288A
S31500011400F3D19DF80710A1F10B030F2B15D80C4A48
S315000114102B6802F148001B1A1E20DB10B3FBF0F308
S31500011420DBB202EB03129DF806300A4482F8E4357A
S3150001143007F09EFDFCF778FDD8E70724D6E700BF45
S31500011440B80D002070B5C4880389221D9A4211D8AF
S3150001145005682A19937856782C5D1B04D27843EADD
S315000114600623234343EA02630B60C3880433C38024
S31500011470002070BD0620FCE773B50DF1010105469C
S31500011480FFF74CFD044600286DD19DF80160092E39
S3150001149069D8DFE806F0050E682A38683D465D63BF
S315000114A0284601A9FFF73AFD00280CBF01240624AE
S315000114B00CE0002328460DF103018DF803308DF869
S315000114C00430FFF72BFD20B106263446204602B034
S315000114D070BD284601A9FFF731FD0028F4D19DF81A
S315000114E00330082B28BF0726EFE70023284601A96A
S315000114F08DF80430FFF712FDC8B99DF80440003C91
S3150001150018BF0124E2E7284601A9FFF79BFFCBE7B5
S31500011510284601A9FFF712FD002814BF344601240D
S31500011520D4E728460DF10201FFF7F8FC08B10624BD
S31500011530CCE728460DF10301FFF7F0FC0028F6D1B0
S31500011540284601A9FFF7EAFC0028F0D10124BDE7EE
S3150001155018220021054812F00DFEB7E7284601A919
S31500011560FFF7ECFCA0E71724B0E700BFC813002083
S31500011570002373B500F19006044601A930468DF8A3
S315000115800330FFF75FFF054618B10625284602B06E
S3150001159070BDB4F89620B4F898309A4236D03046E9
S315000115A00DF10301FFF7CAFC0028EED123689DF86F
S315000115B003109A6C51B30AB90D25E7E7D3F8B020A9
S315000115C001998A42B3F8582038BFC3F8B010900683
S315000115D0DCD55B6D154ADB6902F148001B1A1E203A
S315000115E0DB10B3FBF0F3EFF31180302484F31188A1
S315000115F0DBB202EB8313D3F82C248A4238BFC3F83B
S315000116002C1480F31188BFF36F8FBFE723689A6CA0
S31500011610002AD1D0B3F8582001999206C3F8B01028
S31500011620B4D55B6DD869FDF74DFEAFE7B80D002067
S31500011630F0B50024C288036807899E182346BF1A9D
S315000116409F42C3EBC30E12D0052B10D016F803C070
S3150001165001330CF07F0505FA0EF51CF0800F44EA04
S315000116600504EDD11A44C28000200C6000E006207A
S31500011670F0BD002313B5044601A990300193FFF78D
S31500011680D7FFB0B923689DF80420996CA1B183F8FE
S31500011690442023689A6C6AB194F87129144494F829
S315000116A06A293AB103F1400002B0BDE81040FDF7E6
S315000116B0C3BD062002B010BD0D20FBE72DE9F341A5
S315000116C0044601A99030FFF7B3FFB0BB03460546B8
S315000116D04FF0010CDDF804E0194991F80880B8F1E2
S315000116E0000F1FD00A6896451CD1D4E93676A3F1BE
S315000116F02002C3F120052CFA05F50CFA02F22A4361
S315000117000CFA03F52F431643C4E93676D4E9347649
S3150001171027EA050726EA0206C4E93476BEF1000F78
S3150001172008D1454601331F2B01F10C01D5D1002DFE
S3150001173008BF072002B0BDE8F0810620FAE700BF26
S315000117406C6A02002DE9F341044601A99030FFF7C6
S315000117506FFF78BB034606460125DDF804E016490E
S3150001176091F80880B8F1000F19D00A68964516D18C
S31500011770A3F12002C3F1200625FA06F605FA02F2C4
S31500011780324305FA03FCD4E9367627EA0C0726EA42
S315000117900206C4E93676BEF1000F08D1464601338A
S315000117A01F2B01F10C01DBD1002E08BF072002B06F
S315000117B0BDE8F0810620FAE76C6A0200F7B50E462D
S315000117C00DF1060105461446FCF7EFF810B10620A7
S315000117D003B0F0BDBDF8067031463A462846FCF71F
S315000117E01EF90028F3D12780F2E72DE9F04F00F129
S315000117F0900495B006460DF111012046FFF78EFBC8
S3150001180020B10625284615B0BDE8F08F9DF81130A8
S31500011810082B01D00725F5E7204604A9FFF77EFB33
S315000118200028EED120460DF1120207A9FFF7C6FFE7
S315000118300028E6D1BDF81230102BEBD120460DF170
S31500011840120206A9FFF7BAFF0028DAD1BDF8123055
S31500011850102BDFD120460DF1120205A9FFF7AEFFCD
S3150001186005460028CDD1BDF81230102BD2D1DDE9C5
S31500011870054B079BD6F8009008AE30460CAF039394
S315000118809DF810A00DF14008FDF732FE3846FDF730
S315000118902FFE4046FDF72CFED9F84820002A47D0F6
S315000118A0B446039B03F1100E624618685968083363
S315000118B003C273459446F7D15B46BC460BF1100E45
S315000118C0624618685968083303C273459446F7D1CE
S315000118D02346444603F1100C22461868596808331A
S315000118E003C263451446F7D196E80F0009F1800457
S315000118F089F8B4A084E80F0097E80F0009F1900475
S3150001190084E80F0098E80F0009F1A00484E80F00AD
S31500011910B9F858309B067FF575AFD9F85400CDF864
S3150001192000803B4632465146C06906F0B9FB69E77D
S315000119300D2567E7002330B5174A146824BB5468A0
S31500011940A14221D1C3F12004D0E90225A3F120014E
S3150001195005FA04F4DA40224325FA01F10A4312F0AA
S31500011960010FC3F12004A3F120020CD1012121FAB8
S3150001197004F401FA02F222439940D0E900430C43F0
S315000119801343C0E9004330BD0133DBB21F2B02F123
S315000119900C02D2D1F7E700BF6C6A02001C282ED8D0
S315000119A0DFE800F00F3011132D1517192D2D2D2DF0
S315000119B01B1D1F212D2D2D272D2D2D25232D2D29A8
S315000119C02B00002070470E2070470B2070470C201B
S315000119D07047092070470320704702207047042092
S315000119E0704711207047122070471320704714204A
S315000119F0704716207047172070471820704700F56A
S31500011A008040704701207047024B006E197C07F039
S31500011A10ABBA00BF1841002010B5074B0446D3F8F6
S31500011A207C030BF0EFF90A2390FBF3F1206EC9B2A8
S31500011A30BDE8104007F098BAB80D0020024608B577
S31500011A400C20FFF7ABFFBDE80840014602F160003C
S31500011A50FCF727BC024608B50C20FFF79FFFBDE83F
S31500011A600840014602F16000FCF71BBC2DE9F04F6E
S31500011A705B4B8FB0D3F82826D3F82C160192D3F8F6
S31500011A803C26D3F830B60392D3F84826D3F834A6C9
S31500011A900292D3F84C26D3F838960492D3F85026FE
S31500011AA0D3F840760592D3F85426D3F844660692C5
S31500011AB0D3F858260D910792D3F85C2600F16004FD
S31500011AC00892D3F8602605460992D3F86426204683
S31500011AD00A92D3F868260B92D3F86C2693F870868F
S31500011AE00C92FFF77BF8002877D120460D99FEF777
S31500011AF0E9FF002871D159462046FEF7E3FF002889
S31500011B006BD151462046FEF7DDFF002865D14946D7
S31500011B102046FEF7D7FF00285FD120460399FEF73E
S31500011B20D1FF002859D139462046FEF7CBFF0028C0
S31500011B3053D131462046FEF7C5FF00284DD1204638
S31500011B400299FEF7BFFF002847D12046FEF778FD30
S31500011B50002842D12046FFF741F800283DD1204612
S31500011B600499FEF7AFFF002837D120460599FEF705
S31500011B70A9FF90BB20460699FEF7A4FF68BB204645
S31500011B800799FEF79FFF40BB20460899FEF79AFF8B
S31500011B9018BB20460999FEF795FFF0B920460A9928
S31500011BA0FEF790FFC8B920460B99FEF78BFFA0B947
S31500011BB020460C99FEF786FF78B92046FEF740FDD0
S31500011BC058B94146286E07F0D1F930B92046019936
S31500011BD00FB0BDE8F04FFEF775BF0FB0BDE8F08F4F
S31500011BE0B80D00202DE9F74F9846384B0E46D3F82D
S31500011BF078531746FBF75AFF05EB000999F8724926
S31500011C00002C41D044EA001464F07F04E4B297B397
S31500011C10386807F04BFAC0F3001B002396F81CA0A6
S31500011C2089F8723905F160090622214648460AF00B
S31500011C30010AFFF791F838BB4046FFF7AFFE0146B0
S31500011C404846FCF700FBF8B95946286E07F08EF9AD
S31500011C50D0B95146286E07F089F9A8B9B8F1000F35
S31500011C600BD0306807F0A6FA88B9484603B0BDE83C
S31500011C70F04FFEF73BBDBB46CFE742463946284605
S31500011C80FEF7D4FF0028ECD003B0BDE8F08FBAF11F
S31500011C90000FEAD030460DF10301FDF7E4FD0028FF
S31500011CA0F2D1304601A9FDF7CEFD0028ECD19DF811
S31500011CB00310286E07F058F90028E5D14846019926
S31500011CC0FEF700FF0028D0D0DEE700BFB80D0020E8
S31500011CD02DE9F8430C4614F00F081746194604F08F
S31500011CE00F0C06D1022A02D1D030FFF723FE0020C5
S31500011CF00CE090F8EE6890F8EDE8A6EB0E030E2BDB
S31500011D0006DDD0300E21FFF715FE0320BDE8F8836E
S31500011D10C4F30112841894F8E948134644453DD1A9
S31500011D2033460E2B3ED842F0400203F58F7342EA4A
S31500011D308C0230F8334042EA072222F080029205F3
S31500011D4024F45F74920D24F00304224320F8332017
S31500011D5000EBC3056B68013661F317036B6080F80E
S31500011D60EE68C4E70F3CE4B20E2CFBD804F58F7481
S31500011D7010F8345015F0400F0CD005F003094B450F
S31500011D8008D1C5F38309C14504D125F0400500F802
S31500011D903450C5E70EF1010E5FFA8EFE7645BFD9C6
S31500011DA07446E1E70F3BDBB2BBE7134602228FE73E
S31500011DB038B511F0300F00F1600408BFC0F8AC204F
S31500011DC01546002306222046FEF7C6FF48B92946D6
S31500011DD02046FCF738FA20B92046BDE83840FEF720
S31500011DE085BC38BD2DE9F04F0546ADF5457D0DF5B0
S31500011DF0887B00914FF480720021584612F0BAF99F
S31500011E00B5F89610B5F898304C1C9C4230D8D5F8E8
S31500011E1090205B1A51189BB227D000204F1E82B228
S31500011E20934225D901303E5C002EF8D14FF48073E0
S31500011E30D5F800902244A5F89620C5F8A0B9A5F8D2
S31500011E40A43909F1C80721BB84A812F099FB002423
S31500011E50DFF86C820DF5047A56461AF8013B33BB5E
S31500011E6023A9002001EB84025DE00BB10A46DDE700
S31500011E700620FFF793FD009902462846FFF798FFD3
S31500011E800023C5F8A039A5F8A4390DF5457DBDE8AF
S31500011E90F08F0023CA5C002AD6D00133B3F5807FC8
S31500011EA0F8D138467749FCF7ACF80320E8E75C2B14
S31500011EB029D19AF80020A2F10903DBB2172B17D812
S31500011EC028FA03F3D90715D41AF8013C002BC3D01D
S31500011ED02CB11AF8023C002BBED1202C2CD0C4AA5E
S31500011EE0631C02EB8404A4F521742660DCB2B3E71B
S31500011EF05C2AE9D1304612F04BFB51460246304688
S31500011F0012F04BFAE0E7093BDBB2172BDCD828FAD3
S31500011F1003F3DA0744BF00230AF8013CD4E701348E
S31500011F20E4B242F8040B202CF9D93BB138465649A4
S31500011F30FCF767F80720A3E7072391E7DAB2C4A8FD
S31500011F4000EB8202A2F5217212681C460133002AB7
S31500011F50F4D1134603A8DAB251F822800133B8F15D
S31500011F60000F31D114F0FF04484B0AD048490398B9
S31500011F70FBF744FF03AE454B50B3013C14F0FF049D
S31500011F8025D193F874234349434B3846002A18BF99
S31500011F9019460A464149FCF734F805F160044FF445
S31500011FA06F53062220460099FEF7D6FE00287FF4DD
S31500011FB067AF59462046FEF7F4FD00287FF460AF6F
S31500011FC02046FEF793FB5BE740F82280C3E704AEA9
S31500011FD093F87433D6F800A053B950463049FBF74D
S31500011FE00DFF28B938462F49FCF70BF80D2047E7B6
S31500011FF02D4B196850460193FBF700FF019B2B4AB5
S31500012000C0B1D3E901A35A1007EB6300DB0748BF50
S31500012010BB5804F1FF3148BF53F80AA0012C18BF81
S3150001202006F104084246C9B2D04723280FD000283A
S31500012030B3D025E70C339342DBD150461C4912F04D
S3150001204095FA70B150461B4912F090FA40B1012C35
S3150001205004D0384632681849FBF7D3FF23200FE72F
S315000120600120164B012C03EBC00304F1FF3118BF0D
S3150001207006F104084246D3F82033D9F8C800C9B29C
S315000120809847D2E7738E0200C98D0200B80D002071
S31500012090FE8D0200C08D0200B88D0200028E020084
S315000120A0428B02001B8E0200E06B0200586C02009C
S315000120B03A8E0200458E02004E8E02003C690200F5
S315000120C013008000F0B504460C260020013A904228
S315000120D00DD370430A1809588B4215BF0023D2E964
S315000120E00101C4E90033C4E900012046F0BD8518A9
S315000120F06D0806FB05F7CF599F422CBF2A46681C7F
S31500012100E5E72DE9F04F052B9046134604460E46AA
S315000121104FF0030287B016D04FF0070A354904A8DD
S31500012120FFF7D0FFDDE9049707F0010BB9F1000FC6
S3150001213012D1BBF1000F0FD10D223146204607B057
S31500012140BDE8F04F31E62C4904A8FFF7BBFFDDE9F6
S3150001215004974FF0080AE7E7B4F89630B4F89850B8
S3150001216094F89A20A4F89E50ED1AADB2A4F89C30CA
S3150001217084F89B2003A92A4604F190000193FBF7FA
S315000121804EFC019BB4F8942004EB67009A4288BF89
S31500012190A4F89630002384F86F397B10BBF1000F49
S315000121A002D0E35853F80990C847012384F86F39E0
S315000121B018B1FFF7F3FB0246BFE704F16007434698
S315000121C0524631463846DDF80C90FEF7C5FD08B19A
S315000121D00022B2E72A464946206E06F0F3FD0028A2
S315000121E0F6D13846FEF782FA0028F1D107B0BDE8EC
S315000121F0F08F00BF686C02008C6C02002DE9F04381
S315000122008BB004460E4690461F465349134602A814
S315000122102D22FFF757FFDDE9025945BB19F0010FE2
S3150001222025D1A8F57053B3F5806F44D204F160054A
S315000122304346062231462846FEF78EFD002856D132
S3150001224043F60143984536D10DF1070104F190009B
S31500012250FEF764FE804670BB9DF80730082B2AD82E
S31500012260DFE803F02121322136484B50520004F1B8
S3150001227060074346062231463846FEF76DFD0028C3
S3150001228035D119F0010F4FEA690318BFE35804EB82
S31500012290690018BF5D59A84748BB38460BB0BDE871
S315000122A0F043FEF723BA0021206E06F05DFE0028FA
S315000122B04DD0172812D1002F4BD00D223146204682
S315000122C00BB0BDE8F04373E5244B93F89016EBE7AA
S315000122D000212846FEF7F6FB002838D0FFF75EFB03
S315000122E001462846FBF7DDFF1728E4D078B30BB08B
S315000122F0BDE8F0836FF44071EBE70021206E06F034
S3150001230035FED4E70120E9E7144B0DF11009D3F8A6
S3150001231010260492D3F814260592D3F818260692AD
S31500012320D3F81C260792D3F82026D3F82436089230
S315000123300993284659F8041BFEF7C4FB0028CDD1A2
S3150001234008F101085FFA88F8B8F1060FF1D12846BD
S31500012350A4E73A46B2E700BFB06C0200B80D002010
S3150001236070B50446002694F8ED5894F8EE38AB4261
S3150001237001D1002034E005F58F7514F835305A0681
S3150001238016D414F8353023F0400304F8353094F8A8
S31500012390ED380133DBB20F2B84F8ED38E3D194F835
S315000123A0EE3884F8ED680E2B22D884F8EE38DAE799
S315000123B0C3F30102C3F3830141EA021104EBC5022F
S315000123C05378526803F0030361F07F01022BC9B20F
S315000123D0C2F3170205D12046FFF7EAFC0028D0D048
S315000123E070BDB3FA83F320465B09FFF707FFF5E7F4
S315000123F00F3BDBB2D7E72DE9F047D0E9343213437F
S3150001240004461ED000254FF00109344FDFF8D0A055
S31500012410C5F12001D4E93430A5F12002EB4000FAE0
S3150001242001F10B4320FA02F2134313F0010FC5F138
S315000124302008A5F1200609D101351F2D07F10C074A
S31500012440E6D1012384F89039BDE8F0873A68002A7D
S3150001245039D17B68772B14D1DAF89436D9070ED4A3
S31500012460580628D413F0180F27D1990727D49A06AE
S3150001247027D440F2847213420CBF0722062202F1CE
S3150001248070031A4680212046FFF792FC0028D8D116
S31500012490D4E9343209FA06F629FA08F846EA0806B2
S315000124A009FA05F123EA010322EA0602C4E93432F4
S315000124B01343C1D1C5E70222E1E70822DFE7012282
S315000124C0DDE70322DBE794F89039002BE0D0012306
S315000124D080212046FFF792FED8E700BF6C6A020012
S315000124E0B80D002010B590F8A830044633B1D0F8E5
S315000124F0E430994204BF002380F8A8302046FFF754
S315000125002FFFC0B994F8E81089B101230C222046A7
S31500012510FFF774FE78B994F8E03084F8E800042BEC
S315000125201FBF636CC4F8E430012384F8A830204649
S31500012530BDE810405FE710BD014BD3F878035AE7B9
S31500012540B80D0020F7B50D46044600B9FEE7037F36
S3150001255003F0FF0603B1FEE70E4B1B68994215D83F
S3150001256040F2E73031460C4B4FF47A721F68002374
S31500012570E5FB070111F0DCFB0123CDE90063014610
S315000125802346064A606813F025FD00B1FEE703B055
S31500012590F0BD00BFB00D0020B40D0020096402009B
S315000125A000B9FEE7406813F02BBE70B5EFF3108655
S315000125B072B64FF0FF3012F052FA04460A4BD3F8C6
S315000125C09826C3F89806824288BFD3F89C263046DF
S315000125D084BF0132C3F89C26D3F89C5613F028FF1A
S315000125E02046294670BD00BFB80D00202DE9F743EE
S315000125F007460D4606F0BCFC1E23624E804606F1D8
S3150001260048043C1BE410B4FBF3F496F85835E4B2E5
S31500012610032B1AD0002229463846FDF7A3F9A0B1AB
S31500012620FFF7C3FF584C021941F1000306F5AC61EF
S31500012630C1E90023022386F8583507B9FEE7C6F833
S31500012640A076002003B0BDE8F083012C00D9FEE797
S31500012650302363434D4AD1188D4200D0FEE7C4EBC7
S31500012660C41102F59E720A442968914200D0FEE720
S315000126702A7F334412F0020F10D1642283F8942585
S31500012680FCF7F8F938B300264FF0FF310C2001AA08
S31500012690019609F06DF9019C84B9FEE793F894253A
S315000126A0022A04D83023502203FB0463E6E7023AE8
S315000126B0D2B24F2A83F89425F4D9E1E7214634486A
S315000126C027602671A56004F0F9FB0028B9D12046E0
S315000126D013F0ACFBB5E74146A879FCF74FFD00289E
S315000126E04DD1FCF7C4F9804600B1FEE74FF0300941
S315000126F001464FF4F85012F005FF09FB0463C3F8D5
S315000127009075297F1020C1F38001C6F8945312F009
S31500012710F9FE0C2303FB04642B7F2846C3F3C00395
S31500012720A96A84F8FA37FDF790FAEFF3118489F371
S3150001273011880220012112F0E5FEFCF798F900B993
S31500012740FEE786F8B483FCF79FFA84F31188BFF39A
S315000127506F8F4FF4805012F0EDFE00283FF471AFF9
S3150001276097F8E430002B3FF46CAF3A6A936F002B75
S315000127703FF467AF01212846D26F984761E70720EA
S3150001278060E700BFB80D0020404B4C00201300202D
S315000127905C15002010B58379044603F0FB03032B77
S315000127A017D18388DB0608D50423A3712368E16961
S315000127B0D869FFF71BFF60B1FEE7C3690068997925
S315000127C01C30FCF737FD00B1FEE7A379042BEDD0F1
S315000127D0EAE710BDC2698379516909B9126922B163
S315000127E0072B01D007238371D4E7032BFCD00323E6
S315000127F0F9E72DE9F743044600F1640738460D462B
S3150001280090461E46FBF70EF8B4F8049019F0200F17
S315000128102AD0286806F0CEFC30B32B7FDA0723D501
S3150001282028460DF10201FDF7D6F900B1FEE79DF844
S315000128300230082B18D1284601A9FDF704F800B18A
S31500012840FEE728460DF10301FDF70DF800B1FEE79D
S315000128509DF8032094F860309A4205D1019BE26D00
S31500012860934224BF0133E3650023E3719EB119F05E
S31500012870040F10D1237A6A7E9A420CD9013323724E
S315000128802B7F0E2E43F002032B771ED0204603B07A
S31500012890BDE8F0439EE7A379022B4FD1A97EAB7920
S315000128A08B4206D0A37DDB0703D520681C30FCF7DD
S315000128B0C1FC246AE76C002F3DD0334642462946C7
S315000128C0206CB8470023E36435E0A37994F861608E
S315000128D0062B1CBF0623A371FCF74AFEA37D054602
S315000128E0206813F0010F00F11C0010D0E3699979FB
S315000128F0FCF7A0FC4FF0FF33B34025EA03054FF484
S31500012900A0735D43FAF7D0FD002D03DAFEE7FCF76D
S3150001291023FEEFE70544606E39460A4AE566103044
S31500012920FCF7B3FE94F861300133DBB2052B28BF07
S31500012930052384F8613003B0BDE8F0830223A37157
S31500012940ACE700BF486902002DE9F04190F8E47058
S3150001295004460D461E46C7B10D4F97F8747397B1DD
S31500012960897EAB798B4206D00A4BCB40DB0700D47C
S31500012970FEE7FCF725FC334600222946206A54303F
S31500012980BDE8F04135E7006AF9E7BDE8F08100BF2F
S31500012990B80D002000F8FF0770B5046894F85A30A6
S315000129A004F15405033B042B48D8DFE803F0030781
S315000129B0181403002846BDE87040EBE6236F606DEE
S315000129C099791C30FCF736FC2846216F0E23BDE8A9
S315000129D0704000220DE72846BDE87040FAE6B4F8DB
S315000129E058309B0700D5FEE7636DD869FCF700FBFD
S315000129F07F2807D094F96B307F2B01D0834201DA0F
S31500012A0084F86B00FAF72FFDE36EC01A00280EDA80
S31500012A10D4F8C030D4F8B8008033C4F8C03004F11B
S31500012A20B801074A1030BDE87040FCF72EBE2846B3
S31500012A3094F96B10BDE87040FAF743BF70BD00BF53
S31500012A404869020010B50446FFF7AFFD02460B4682
S31500012A5004F16000BDE81040FEF76CB830B500F136
S31500012A60900485B0204602A9FAF7B3FF002838D1B1
S31500012A70204601A9FEF7E6FC98BB20460DF10301AD
S31500012A80FEF74CFA044660BBFFF78FFDDDE9022332
S31500012A90904271EB030502D3072005B030BD121A2F
S31500012AA063EB01036FF00101914274EB0303F3D36E
S31500012AB09DF8034006F05CFA01460C4812F03AFD17
S31500012AC088B92046FCF75AFB0028E5D101212020D0
S31500012AD012F018FD40F29441054B064A064809F0EA
S31500012AE053F80620D9E70120D7E700BF40000100CF
S31500012AF0958E0200978E0200CC8E02002DE9F04FD2
S31500012B0012F0C00F824615461F468FB001D012F053
S31500012B10EBFCAB0206D5504611F065FF10B95046E5
S31500012B2012F072FDAE0301D512F0DEFCEC0105F0E8
S31500012B30807340F15881FBF79AFF68B1102000219C
S31500012B4012F0E0FC12F00AFD0446002800F03C8178
S31500012B500121082012F0D6FC202012F0EBFC05F42E
S31500012B6000510446002800F05D8121B101214FF496
S31500012B70004012F0C7FC15F4404F06D0002148F280
S31500012B80200012F0BFFC12F00BFD280740F1BB80BC
S31500012B90B24C0321D4F87C0303AA11F028FF0146A5
S31500012BA0002800F08F819DF80C30072B40F08A81B8
S31500012BB0D4F87C0308AA11F01FFF002840F0828197
S31500012BC09DF81C3013F01102009208D113EA13107C
S31500012BD003F00F0203D112B10F2B00F27381BDF87E
S31500012BE00E60059806F1010B02781FFA8BFB5A4518
S31500012BF040F06881F21E7B2A00F26481BDF8102044
S31500012C00002A00F05F81013A411C06F1FF3C92B2B5
S31500012C100591ADF80EC0ADF81020002A40F01A81DA
S31500012C20069A92F8008018460193FAF7E0FC019B98
S31500012C30814630B9009A22B9190702D00F2B00F24A
S31500012C4041819DF82D30002B00F0108108F007031B
S31500012C50022B40F0378103AAD4F8F813D4F87C0389
S31500012C6011F0CEFEA4F8FCB3FBF7BAF812F076FC2D
S31500012C70002843D0D4F89433D4F8F8231B6892780B
S31500012C809B789A423AD19DF82630002B00F01A81A2
S31500012C900236D4F87C0308A9ADF8246011F0AEFE23
S31500012CA0002840F00F819DF82E30089E84F80D34DF
S31500012CB09DF82F30C4F8209484F80E34FFF775FC84
S31500012CC04FF00009664B864228BF01F1FF3159607A
S31500012CD019EB060601214FF48070C4F8006412F066
S31500012CE011FC6048494612F00DFC12F047FC28B170
S31500012CF018F0100F1CBF012384F8B53312F03EFC07
S31500012D0008B906F0B7F9EE0501D512F0EDFB15F499
S31500012D10863F01D012F0E8FBAC014FF000060DD55D
S31500012D204E4C12F0E1FB3146042012F0EBFB94F815
S31500012D30B5331BB106F09EF984F8B56315F0084F5B
S31500012D4005D012F0D1FB0021042012F0DBFBA80014
S31500012D5001D512F0C9FBA90705D5082012F0EAFB37
S31500012D6008B112F02DFCFA0523D5504608AA03A98D
S31500012D7011F080FC9DF80C30DBB13B48002112F0CC
S31500012D80C1FB042012F0D6FB28B1FBF729F800217C
S31500012D90042012F0B7FBFBF76AFE28B112F0DEFB46
S31500012DA04FF4007013F082FA13F036FB08B112F0FB
S31500012DB007FCBB0540F1D2800022504611460FB0F8
S31500012DC0BDE8F04F0AF050B806F054F901214FF46E
S31500012DD0807012F097FB2146022012F093FB2146E8
S31500012DE04FF48030B6E607F00202134306D012F024
S31500012DF0B5FB4FF4007013F059FAADE605F0A843A0
S31500012E001A4304D012F0AAFB4FF48050F3E707F0FF
S31500012E10040213433FF4A0AE104BD3F87C0311F028
S31500012E203FFD99E649B101214FF4803012F06AFB6A
S31500012E302146402012F066FBA7E607F020030B436C
S31500012E403FF4A3AE402012F05DFB4FF4006013F097
S31500012E502DFA9AE690F80180E5E600BFB80D00204C
S31500012E60B81100200A0001006000010094F88C33BB
S31500012E7013B9BBF1040F25D09DF8263013B30236E2
S31500012E80D4F87C0308A9ADF8246011F0B7FDC8B9E0
S31500012E90EFF3108072B6B4F80A38B4F80C680093F0
S31500012EA013F0C6FA009BB3420CD0EFF31183302224
S31500012EB082F31188D4F85868721C0BD183F31188F8
S31500012EC0BFF36F8F0026FAF78BFF3146254805F0D1
S31500012ED00FFF18E7314651F80C2BC4F8582883F335
S31500012EE01188BFF36F8FD4F87C0303AA11F088FD14
S31500012EF086F800B0BDF83430314673709DF92E3036
S31500012F001948F3709DF82F30B370089BB3609DF894
S31500012F101C3013F0010F18BF4FF00009C6F80490DA
S31500012F2003F0CCFF0028CED018F020080AD0D4F840
S31500012F307C0311F058FDFAF753FF0121042012F02A
S31500012F40E1FAE0E6FAF74CFF94F8B533002B3FF4CB
S31500012F50DAAE06F08FF884F8B583D4E60FB0BDE893
S31500012F60F08F00BF0C160020C0150020F8B5002513
S31500012F70634C04F66403A4F8CC53C4F8C853A4F80C
S31500012F80FC53C4F8F833EFF3108072B60223C4F889
S31500012F90A457A4F8A837C4F8AC5713F049FA594B0B
S31500012FA0C4F89055C4F8AC3704F2A463C4F8683584
S31500012FB004F6E803C4F8743504F22373C4F89835AB
S31500012FC004F6F803C4F8A4359C23A4F86C5584F8D8
S31500012FD0DC35C4F8C055A4F89C55FAF7EFFF056037
S31500012FE0FCF78AFA031D00F1B40219461033934225
S31500012FF0056018D194F8C0330B2B18D894F8C13357
S315000130000A2B14D9404EC4F8B86303F0E3FF00203D
S31500013010FAF78AFF0822D4F87C03114611F02BFC3B
S31500013020054628B1FEE743F8105C0D46DDE7FEE7ED
S315000130300146682206F51B7011F09CF8EFF3118624
S31500013040302383F31188FBF731FD10B1284606F0D2
S3150001305009F886F31188BFF36F8F0822D4F87C0331
S31500013060114611F008FC054600B1FEE700230022D7
S3150001307041F20D012548FBF71CFD2946D4F87C03D6
S3150001308011F0D8FD18222946214811F073F821487C
S31500013090FAF702FF2048FAF7FFFE204B204EC4F84C
S315000130A0AC33FF23A4F8B033A6F59773C4F8F257EF
S315000130B01D815D604FF6FE73A6F59172C4F8FE5749
S315000130C0C4F8A863A4F8F03755601581A4F8FC3755
S315000130D0EFF3108072B61027C4F80858A4F80C78DC
S315000130E0C4F8105813F0A4F90E4B39468C20A6F1FA
S315000130F0CC02C4F8103803F0DEFA00B1FEE7F8BDE1
S31500013100B80D0020EDD5000074110020C00D03009C
S31500013110C01600205011002054110020C002FF00EB
S31500013120D816002015640200B0F5802F07B54FEAC6
S31500013130104382B212D20F2A10D8002914BF0421DB
S3150001314001218DF80500002201A88DF8043002F056
S315000131509FFA10F0FF0002D0022803D0072003B027
S315000131605DF804FB0D20FAE70229F7B505460E4680
S3150001317014460DD156491068FAF740FE002856D07C
S3150001318069466068FAF7FEFB68B3072003B0F0BD35
S3150001319003294AD14F491068FAF730FE002846D074
S315000131A069466068FAF7EEFB0028EED1A06801A92E
S315000131B0FAF7E8FB0028E8D1DDE90034B3F5802F02
S315000131C04FEA1341E1D29AB20F2ADED8012230200A
S315000131D0DBB29A40404B00FB0133002C5ED041F23A
S315000131E010015A501FE00099B1F5802F4FEA1143A3
S315000131F08AB2CAD20F2AC8D8EFF31180302282F3DD
S315000132001188534303F1A04303F570335A6980F3E0
S315000132101188BFF36F8FC9B2CA4028462F4902F001
S315000132200102FAF7EEFE0020B0E70129ADD92C49DB
S315000132302068FAF7E3FD0028A7D069466068FAF727
S31500013240A1FB07460028A0D1022E2AD1009BB3F587
S31500013250802F4FEA13409AB297D20F2A95D8EFF3EF
S315000132601181302484F3118860431B4ADBB2072B9A
S31500013270024492BF5268D268083B9B0022FA03F3CC
S3150001328003F00F0381F31188BFF36F8F012B2846DB
S315000132900CBF14491449FAF7B4FEC4E742F210010F
S315000132A09FE7032EBFD1A46810492046FAF7A6FD71
S315000132B028B13946009803B0BDE8F04034E720460E
S315000132C00B49FAF79BFD0028ADD00121F2E700BFBB
S315000132D0258F02002E8F020000C00350298F0200A5
S315000132E0328F0200378F02003C8F0200428F0200AC
S315000132F0458F0200FEE700F061BC70B50446012669
S315000133000B4D04B970BD94FAA4F0B0FA80F006FA38
S3150001331000F224EA0204C200AA580F2805EBC001F4
S31500013320C8BF1038002AECD04968C0B29047E8E718
S3150001333070310020064BD3F82404D3F8202403F57A
S315000133400053104000F05530C3F82004D5E700BF04
S3150001335000C00350064BD3F82404D3F8202403F508
S315000133600053104000F0AA30C3F82004C5E700BF9F
S3150001337000C0035010B5416C4369A1F11404DA1C75
S31500013380B2FBF4F203EBC2000330B0FBF4F0B1F58B
S31500013390805F00F1010002D1012828BF0120013020
S315000133A010BDF7B507460E4600257C6CA819644288
S315000133B080EA06031C4003D02C46204603B0F0BD2C
S315000133C0FB6B01225B6901A99847019B0133F4D18B
S315000133D00435EAE72DE9F341154690F842201E46E9
S315000133E0012A14BF042302235D43CF7D2C1D84468D
S315000133F005F00205BFB915B1012724F00304486899
S3150001340008342044DCF83C30012A5B6927D101A944
S31500013410984717B1BDF806300193BDF80430336003
S3150001342002B0BDE8F08155B124F0030400230D7EFE
S3150001343001F1200ED8B2854203D80020E2E72F46DB
S31500013440F4E73EF8330003F10108A04204D901EB89
S31500013450C303D8690834D4E74346241AEAE70122AC
S31500013460314602B0BDE8F0411847D01E009B4242EA
S315000134704241187E824212D11A688A420FD85A688E
S315000134808A420CD35A6901325A61D3E90302824254
S3150001349005D2986840F822101A6901321A61012092
S315000134A0704700234FF0FF3142689A4202D8002349
S315000134B003727047026842F83310026802EBC302D6
S315000134C051600133F0E7002370B545689D4211D084
S315000134D00468DE0054F83320B2F1FF3F0BD0C2F38B
S315000134E01302914207D14FF0FF3244F833200368AB
S315000134F033445A6070BD0133E8E710B5032A029CD4
S3150001350007D1A26A5340626C5242134201D1FFF7BE
S31500013510DAFF012010BD0023F0B545689D4202D1B6
S315000135204FF0FF300EE00468DE0054F83340671CAC
S3150001353009D0C4F31307B94205D1240D14700368E9
S3150001354033445868F0BD0133E8E773B5164600F118
S3150001355008040D46204609680DF10702FFF7DBFF57
S31500013560032E05D16B68834202D12046FFF7ABFFDC
S31500013570012002B070BD00BF2DE9F0414668002E62
S315000135803AD0056898464FF0000CAE4655F83C40D7
S31500013590C4F31307013401D0B94222D00CF1010C56
S315000135A0B4450EF1080EF1D100273C4603E0B442C2
S315000135B007F108071DD055F8343001340133F6D12F
S315000135C06FEA01316FEA1131E9510168CB59C3F351
S315000135D0130343EA0853CB5103683B445A60BDE8E1
S315000135E0F08141EA0851CEF80010036803EBCC03E1
S315000135F0F4E7B8F1030F03D101230372BDE8F081AB
S3150001360000231C4603E0B44203F10803F4D055F845
S3150001361034700134C7F3075CBCF1030FF3D16FF3C8
S3150001362013073943E9500468E158C1F3130141EA2C
S315000136300851E15001680B44D0E708B5083013463C
S31500013640D1E90012FFF798FF012008BD41F671325A
S31500013650034B0020DA63012203F50053DA60704759
S315000136600000035041F671320121044BDA6303F580
S315000136700052D1600022DA63704700BF0000035098
S31500013680704737B5054601F10C04436901A90122CA
S3150001369020469847BDF8043001220093694620462A
S315000136A0AB69984703B030BD202A0B681EBF4FF0A7
S315000136B0FF3191408B43590801F055315B1A03F0F4
S315000136C033319B0803F033330B44017803EB1313B7
S315000136D00A444FF0013103F00F334B43A2EB13625F
S315000136E00270704737B5044600251B22011D0DF1F6
S315000136F007008DF80750FFF7D7FF63689DF807208D
S31500013700B2EBD36F03D123F0784003B030BD1B2257
S3150001371004F108018DF80750FFF7C6FFA0689DF870
S315000137200730B3EBD06F0ABFC0434FF0FF3020F034
S315000137307840EAE72DE9F0430646994689B00369E0
S3150001374008460F46904698470446002867D1D9F89F
S3150001375004305B0A012B22464FEA530304F10104AC
S31500013760F8D899F8035099F802302D03DB0203F4D7
S31500013770006305F480551D43B9F800304FF0000988
S31500013780C3F30A0352032B4492B29D18294B0DF140
S3150001379007001B2228F0784402A9039302948DF8AE
S315000137A00790FFF781FF9DF807306FEA054544EA68
S315000137B0C36404946FEA08041B2224F0784402A926
S315000137C002948DF80790FFF76FFF9DF807306FEAB7
S315000137D0154544EAC3644FF0FF330122059406936D
S315000137E007A9B369079507F1100098470122044616
S315000137F0B36905A907F1080098470122484518BF92
S315000138000446B36904A9381D98470122484518BFE3
S315000138100446B369384603A9984728B10446394690
S315000138203046FFF72EFF01E0002CF8D1204609B003
S31500013830BDE8F08301009AB238B5134B0546D3F8BB
S3150001384020010C4600F00700042816D8DFE800F036
S3150001385003090D111800012305B1286004B1236085
S3150001386038BD0A4B18680423F6E7084B586803234A
S31500013870F2E712F011FA0523EEE700231846EBE70B
S3150001388002230348E8E700BF008000503C410020C6
S31500013890002D310141F67133012270B5194D0446EF
S315000138A0EE69EB63184B0021DA600223686121207F
S315000138B02B6106F4803612F0CFFE10B9212012F0EA
S315000138C0CBFE0122114BDA600EB10023EB63431CE0
S315000138D014D0A8B90E4B9A6801230A3202F01F02CE
S315000138E0934023F0030323449C4201D1002070BD81
S315000138F054F8042B0132F7D03E20F8E76E20F6E7A4
S315000139007120F4E70000035000100350002003501B
S315000139100080E00F00F01F03A0F50620A0F550601F
S31500013920812810B51ED80121104A400902EB8004F6
S315000139309940D4F800310B43C4F80031D2E945313E
S315000139400B44D2F81C110B44D2F820110B44D2F8C7
S3150001395024115B1805D1C2E94033C2E94233C2F8EA
S31500013960103110BD4FF0FF30FBE700BF7031002072
S31500013970BFF34F8F0549064BCA6802F4E062134351
S31500013980CB60BFF34F8F00BFFDE700BF00ED00E046
S315000139900400FA0510B5044644EA010313F00303D3
S315000139A0084609D1934201D1002010BD54F82310D5
S315000139B040F823100133F5E72146920010F03EFD51
S315000139C0F2E738B5202204460D460C30002110F0EE
S315000139D0D1FB4FF0FF33C4E90035A36038BD2DE9B3
S315000139E0F74F324D4FEA820BEA698A4602F4803379
S315000139F041F6713201210093EA632D4A8146D16075
S31500013A0007465246D846B8F1000F01D140462BE091
S31500013A1007F500546FF30C046F61E41BE969444533
S31500013A2028BF444649073AD4164656F8041B224491
S31500013A30A96196420FD10422002121202A6112F0A8
S31500013A400BFE88B9212012F007FE68B932462744D9
S31500013A50A8EB0408D7E708210846019212F0FCFDFD
S31500013A60019AC0B104232B610122124BDA60009B3B
S31500013A7013B100220D4BDA63431C13D0A0B95A4689
S31500013A805146484611F01FFD002814BF3D20002075
S31500013A9003B0BDE8F08F56F8041BA961C9E74FF0E2
S31500013AA0FF30E1E76E20F3E77120F1E700000350F4
S31500013AB0001003500020035013B5002401AA0194FD
S31500013AC007F056FF00B10194019802B010BD70B520
S31500013AD00F4A536D116D0B400E49002B0B659DB2BC
S31500013AE002DB01263DB970BDD068BDE87040C0F368
S31500013AF0042012F0B7BBB5FA85F4C4F11F04E4B291
S31500013B00204606FA04F412F0ADFB25EA0405E9E7BE
S31500013B10000004500020045030B40446EFF3108036
S31500013B2072B6256885EA02030B406B40236030BC00
S31500013B3012F07EBCBFF34F8F0549064BCA6802F4EB
S31500013B40E0621343CB60BFF34F8F00BFFDE700BFB9
S31500013B5000ED00E00400FA050346006818B10268AA
S31500013B601A60002303607047036803B970478B42EC
S31500013B7004D10B68036000230B6070471846F3E716
S31500013B804FF0FF307047FEE7002070470120704775
S31500013B90012070474FF0FF3070470020704700202A
S31500013BA07047002070470348034BC01A801004F089
S31500013BB069BA00BFA04100004041000008B5254B8D
S31500013BC083F30A886FF00101234B244A9A60D3F8E4
S31500013BD0882042F47002C3F88820214A116641F216
S31500013BE0FF7151660221C3F8D010BFF34F8FBFF3A7
S31500013BF06F8F08204FF440331A49C1F88001D36012
S31500013C000860A2F500521361FFF7CDFF164B174965
S31500013C108B4212D30020164B16498B4218D3F2F76A
S31500013C205BFB186850F82240586840F82240013280
S31500013C3098688242F5D30C33EAE70022F8E71C685C
S31500013C4044F8220001325C68A242F8D30833E4E763
S31500013C500022F8E70800002000ED00E00040000027
S31500013C6000A0004400E100E0DCAC0200E8AC020088
S31500013C70E8AC0200E8AC020070B101224178037899
S31500013C808A4030214B4341F2100103F1A04303F571
S31500013C90703300205A5070472220704770B10122BC
S31500013CA0417803788A4030214B4342F2100103F1F7
S31500013CB0A04303F5703300205A5070472220704705
S31500013CC038B505460C46FFF755FB6B6CA3F114029C
S31500013CD0B3F5805F02FB00F005D140F6E873696930
S31500013CE0994288BFCC30E31DB3FBF2F3013304EBF9
S31500013CF0C304204438BD38B5054644692146FFF75B
S31500013D00DFFF6A6CE31D143AB3FBF2F3AA691444AC
S31500013D1004EBC3040C34204438BD03460846EFF3D4
S31500013D20108172B6024ADB6BC2F82C11DB681847A8
S31500013D30703100202DE9F0410646406882B0B8B1E5
S31500013D400F4690460024336853F8345003EBC403FE
S31500013D50C5F30752C5F31301013506D05B6830463A
S31500013D60CDF80080B84718B1706801348442EAD3AF
S31500013D7002B0BDE8F081036813F07E0F03D14068FD
S31500013D8020F07C40704713F078001CBF03F07F03DE
S31500013D90D81F70474BF29A2210B503680446B2EB5E
S31500013DA0134F13D19BB2012B15D1FFF79BFC0130A9
S31500013DB011D04FF6FF72E068B2EB104F4FEA104395
S31500013DC00BD180B2C01A18BF012010BD01330CBF40
S31500013DD003200420F9E70420F7E70220F5E7F0B510
S31500013DE00546002687B0EC69013CB44203D80C466F
S31500013DF0204607B0F0BD01B14C1E6F6C2868EB6B15
S31500013E0005225B6901A907FB0400984701A8FFF792
S31500013E10C1FF0128ECD921460136E4E7F0B5036874
S31500013E200646CC1A436C0025B4FBF3F487B0F3695C
S31500013E3037685A1E9542706C06D3736C306803FB63
S31500013E400400143007B0F0BD0134B4FBF3F203FBF8
S31500013E501244F36B05225B6901A900FB04709847C4
S31500013E6001A8FFF797FF0128E7D90135DFE710B46D
S31500013E7023F0030422449B070A44436C18BF04320F
S31500013E805B4281EA0204234202D05DF8044BC5E796
S31500013E9010465DF8044B70472DE9F04F1446054670
S31500013EA08B469946C36B89B001225B6905A9606897
S31500013EB09847EB6B01225B69584604A99847059B15
S31500013EC0581C07D10022A360A2756275002009B0B3
S31500013ED0BDE8F08F01220021A275227E049804EB31
S31500013EE0C202C2F81CB011846168C0F3D31C5945E3
S31500013EF000F07F020BD14FF0FF33C4F800C02275EA
S31500013F00A360043A022A24D80023A375DEE72168B8
S31500013F10277D00F07E06614508BF974203F07E03C8
S31500013F20B3FA83FC3246B6FA86F60CBF01210021AC
S31500013F304FEA5C1C7609B44514BF002101F001016A
S31500013F40A175002A00F0E8800BB90023A3753A4653
S31500013F50D7E710F07E0F0FD1EB6B022258465B6953
S31500013F6006A9984706A8FFF706FF237D032B43D82A
S31500013F70DFE803F0130D044B04A8F4E7CC22237EFB
S31500013F8004EBC3031A840123654AD35C0AE0237E4A
S31500013F9004EBC30318840023F6E7237E04EBC30373
S31500013FA018840123129A1370049B227E13F07E0A51
S31500013FB018BF00264FEAD36704EBC20208BF07F019
S31500013FC00306B2F8208082F82260BAF1000F1ED0F3
S31500013FD000231B2204A906A88DF81830FFF764FBFD
S31500013FE004229DF81830D91B4B424B4163755BBBCC
S31500013FF00023A375002754E0227E013BDBB204EBCC
S31500014000C202052B1084CCD8BEE70223BCE7EA6BBB
S3150001401006A9576958460222B847202206A90DF17A
S315000140200F008DF80FA0FFF73FFB1A2207A9FFF734
S315000140303BFB9DF80F30079AB3EB926F0CBF012340
S31500014040002308226375D2E7A77D002FD2D0B8F1ED
S31500014050000F09D1E6B10123E375637E002B50D130
S31500014060012E43D1667615E06B6C0BEB02005B42C9
S315000140708BEA00010B421CBF0023A3756B6C591E12
S3150001408001405B1A9845B3D8A37D002BE2D1B1E775
S31500014090E37D33B90027434659462846FFF7E7FE35
S315000140A0A060A07D10B1236943442361237E012BC7
S315000140B03FF62AAF01332376B9F1000F3FF407AF7C
S315000140C000283FF403AFE37D002B3FF400AFFFB9B7
S315000140D0032E1FD0A1684A1C1CD0129B22460093B6
S315000140E028460123FFF7D8FEA075F0E695F834308F
S315000140F063B9EB6A0133CED1032ECCD10123A3766A
S31500014100C8E7012ECDD0032EC4D1F7E71F46C2E77B
S315000141103846DCE61846DAE6002B3FF418AF14E71A
S31500014120CC6E020013B50C4600212176009361681E
S3150001413013462246FFF7B0FE18B1E37D03B1A07E18
S31500014140A075A07D02B010BD2DE9F34104461646C7
S315000141501F461B4B0D46816AA3F59878E36A8B428D
S3150001416001D04B1C02D102B0BDE8F0811448FFF723
S3150001417028FC0122204612490DF10703FFF7D2FF61
S3150001418038B13B4620469DF807200D49B047002827
S31500014190E9D0D8F838114A1C05D1D8F8341120468F
S315000141A0FFF73CFE0146012DD8D1D8F8343181EA1A
S315000141B00302636C5B421A4218BF4FF0FF31CDE731
S315000141C0A03200202DE9F0410F46164698460446D6
S315000141D088B060B390F83450FDB10121FFF79DFD21
S315000141E000210E9BCDE90511CDE902379DF83C3042
S315000141F0CDF804808DF81C30237C04968BB90D49CB
S3150001420001AA04F10800FFF795FDDDE90553E06B0E
S31500014210002E08BF1D4605F06EF9284608B0BDE818
S31500014220F0812046044A01ABFFF78EFFEDE7054614
S31500014230F3E700BF6B3401007D4401002DE9F04135
S31500014240D0E90A369E42044686B028D11422C369B3
S31500014250456802FB1355284606B0BDE8F081206883
S31500014260676C331AB3FBF7F3E26B07FB0300D2F873
S31500014270148001A90522C04701A8FFF78BFD01287B
S3150001428004D0636C1D44013B3340ED1A3146204690
S31500014290FFF7C4FD0646A36AB342E0D1DBE700257A
S315000142A0F9E72DE9F04F0F469A46002389B00446F7
S315000142B04FF0FF31104690468DF80B30FFF781FB2A
S315000142C0B7F5801F20D2394603AA04F10800FFF78B
S315000142D022F9451C014605D1237CBBB92D2009B025
S315000142E0BDE8F08F4046FFF76CFB012241462046B0
S315000142F00DF10B03FFF716FF0028EDD09DF80B30EB
S315000143008AF800300020EAE7B81CE5D1E66A711C9C
S315000143102CD12046616AFFF762FD0646BB1C18BF19
S315000143200123DFF8C4B00093636A626C01932368CA
S3150001433003A902FB0639E36B484605225B6909F1CD
S3150001434014099847002549464B1C05D0636C81EA40
S3150001435009025B4213420FD031462046FFF73FFD6B
S31500014360019BB3422FD085BB0646DDE72368F61ACB
S31500014370636CB6FBF3F6D1E71A48FFF722FB20463A
S31500014380009A18490DF10B03FFF7CCFE8446B8B12C
S31500014390BA1C03D0DBF85C31BB4211D145469DF80E
S315000143A00B30DFF840E08AF80030BEE80F000FC599
S315000143B0BEE80F000FC59EE8070085E807006546C1
S315000143C0DBF86411C0E7002D88D0B7F5801F99D2BC
S315000143D039469AF80030D8F8042004F10800FFF7AE
S315000143E0CBF88FE7CC320020703100202DE9F04365
S315000143F085B00E4617461C460546DDF83080A8B343
S3150001440090F83430A3B3B1F5801F33D2DFF868904A
S315000144100121FFF782FC314628460DF10F0309F50C
S31500014420C472FFF73EFFE8B99DF80F30012B14D196
S31500014430D9F8982104EB08039A4215D32246009035
S3150001444043463946284604F081FB0446E86B05F0ED
S3150001445052F8204605B0BDE8F083022B0CBF60245C
S315000144602D24F3E72D24F1E76324EFE72124F0E778
S315000144701124EEE72924ECE77031002073B50D46CF
S31500014480D11E4A421C461B7E4A419A4229D12968BD
S315000144902368994225D36368994222D8124E0DF1B9
S315000144A0070306F5DA72FFF7FCFED0B9D6F8B82194
S315000144B06B689A4215D19DF80730DA1E5342534173
S315000144C0227E93420DD1636901336361D4E90323EB
S315000144D0934206D22968A26842F823102369013360
S315000144E02361012002B070BD7031002070B5002536
S315000144F0044686B00562E369AB4202D8206A06B07B
S3150001450070BD666C2068E36B05225B6906FB0500DE
S3150001451001A9984701A8FFF73DFC012898BF236A26
S3150001452005F101059CBF01332362E4E738B5044672
S31500014530456C006804F1400305FB0101E06BFFF7E0
S31500014540F9F805462046FFF7D1FF284638BD2DE983
S31500014550F04100254FF0FF384FF6FF7304464746FA
S315000145602E4686B0C0E90853E369B3420DD8A5EBE0
S315000145700805012D06D94FF6FF7300256362E3692D
S31500014580AB4223D806B0BDE8F081E26B2368606CCC
S31500014590D2F814C000FB0630052201A9E04701A8A4
S315000145A0FFF7F8FB01280FD801A8FFF79BF8874210
S315000145B088BF6662804528BF8046854238BF05466A
S315000145C00746236A013323620136CDE7666C20680C
S315000145D0E36B06FB050005225B6901A998470135D6
S315000145E0CDE72DE9F04F95B00D460A920A69416C67
S315000145F006931439D31DB3FBF1F3013302EBC30266
S31500014600036B04469342C0F00C83002308939B4B33
S31500014610A3F5AE79E36A994819460493FFF7D1F9F0
S31500014620D5E903370293069B022B40F0C280CC2FBB
S3150001463040F06A820A9B002B00F0B580002668686C
S31500014640E36B0F9601225B690FA908309847B046C4
S3150001465094F84230012B40F0E682632E07D90F9B76
S31500014660666C10930A9B002B40F0AA809EE0612E97
S3150001467008D812AB324629462046FEF7ABFE9DF816
S31500014680483013B312AB3246294620468DF8448092
S31500014690FEF7A0FE94F84230DDF848A0012B71D157
S315000146A04FF6FF739A4549D0082212A911A8FEF7C1
S315000146B0FBFF9DF84420CAF307239A423ED15FFAD5
S315000146C08AFA0F9B53440F9338E094F84230012B3A
S315000146D036D1612E2BD832462946204610ABFEF73D
S315000146E079FE2946204611AB721CFEF773FE294658
S315000146F0204612ABB21CFEF76DFE0823102211A94B
S315000147000DF13B008DF83B30FEF7CEFF102212A9CA
S31500014710FEF7CAFF109BDAB24AB99DF83B20B2EB0D
S31500014720132F04D1DDE9113203EB02430F9394F801
S315000147304230012B14BF012302231E44013687E7B1
S31500014740302EF4D832462946204610ABFEF742FEFB
S315000147502946204611AB721CFEF73CFE102320228F
S3150001476011A90DF13B008DF83B30FEF79DFF109B23
S315000147709AB2002ADBD19DF83B20B2EB134FD6D17A
S31500014780119BD3E7BAF1FF3FD8D0102212A911A885
S31500014790FEF78AFF9DF84420CAF307439A42CDD11A
S315000147A01FFA8AFA8DE7029B1B6810930823099367
S315000147B015E0782F666C3FF655AF0A9B002B3AD071
S315000147C0E36B01225B69686812A99847129B13F093
S315000147D07E0F14BF04230823782F099331D90122B0
S315000147E000230592082200922A68C9F86C71C9F85B
S315000147F05C21069A032A3FD0022A059A37D1C2F1D3
S315000148000202D2B289F870210022CDE90B22DDF82D
S3150001481010A003920792606C411E0AEA0101421A36
S31500014820002F2DD0009E33449A422CD8236B1B1A9D
S315000148300B44236341E1EB7D002B14BF08230423C2
S315000148400993049A731E1340F31A3A1D934207D231
S3150001485057B1082BC3D80022042305920093C3E75E
S31500014860002304220593BEE704230597F6E7002AF1
S315000148700CBF07220022C5E7069AC3E7CC32002007
S31500014880009B9A42D2D3009BB846D21A974228BFC0
S31500014890904653449742019348D90123D9F86C2194
S315000148A089F87331974246D1C9F860A1039399F803
S315000148B07331002B41D099F874210399D31C09EB6C
S315000148C0C3030132C3F860A1A3F8648183F86611BA
S315000148D089F87421B8F1000F14D0069B022B2FD151
S315000148E00C9B7BB90B9B4344032B0BD9E36B012236
S315000148F09B69019810A998470646002840F00E8149
S3150001490001230C9399F870312E68824A012B02EA31
S31500014910C61628F07C4B40F28D809A1E012A03D9D7
S3150001492008F1070303F07F031E4389E0039B002B75
S3150001493018BF0323BAE70223B8E7C9F860A1C9E79C
S315000149400A9B002B31D1029BB8F1030F03EB080B35
S3150001495028D9DDE90101E36B4FEA98029B69984783
S315000149600646002840F0CA8018F003025FD0029B79
S3150001497028F0030633440293019B1E444FF0FF3394
S31500014980029911A811930FF059FDE36B30460122EC
S315000149909B6911A998470646CDF808B0002EB1D0FB
S315000149A0019B6FE04246019EE8E705F12003DDF831
S315000149B004B00D93EB7D68689BB100232E7E079AA8
S315000149C0D9B28E4211D90D9903F1010C31F8331088
S315000149D0914226D9099905EBC303D8690A441044C3
S315000149E003E0079B099A13441844E36B01225B69B0
S315000149F011A99847119B01220F93079B584604332F
S31500014A000793E36B0FA99B699847019B06464344AD
S31500014A10A3EB0B03042B07D9002872D10BF1040B6E
S31500014A20C8E76346521ACBE7CDF804B0B6E7CDF82E
S31500014A3008B067E7039A43EAC263334343F060462B
S31500014A404FF000038DF84430059BCDE9126B002B26
S31500014A5049D0202212A911A8FEF726FE1A2213A96F
S31500014A60FEF722FE9DF844304BEA83631393E36B12
S31500014A70009A9B695046920812A99847061E089B00
S31500014A8018BF5346009A0893514643462046FFF7FE
S31500014A90EEF9236B009AC9F864019B1A08F1030227
S31500014AA022F003029B1A2363002E37D10B9BDDF8FC
S31500014AB004A04344A7EB08070B9351462046FFF792
S31500014AC0ADF900238246002F7FF4A5AE124A04F108
S31500014AD00800D2F86431D2F86021E3622968069BA6
S31500014AE0FEF74AFD12E01B2212A911A8FEF7DCFD12
S31500014AF09DF8443046EAC3661296B8E7CDF808B089
S31500014B004EE7CDF804B04BE770263746384615B068
S31500014B10BDE8F08F80FFFF07703100203D2EF4D1F4
S31500014B2004F108030093049B2768E16A2046A3EB7E
S31500014B30070BD4F844A0FFF771F9A36ABBFBFAFB94
S31500014B408342D4F830C0616C5DD0D9F8642101F19B
S31500014B50FF3E02EA0E0EACEB010C0EEB0C02089BBB
S31500014B6022632268E0629A1AB2FBF1F8C3453ED18C
S31500014B700AFB0877049B07F1140BB3EB0B0711D063
S31500014B80E36BBA0859469B6998478246E26A049BD9
S31500014B903A44E262226B0098D21A5A442263FEF723
S31500014BA080FC57462368616CE06B01FB0831FEF718
S31500014BB068FD2046FFF79AFC2046FFF7C8FC626AAB
S31500014BC0616C2368204601FB02331433A362FFF7AD
S31500014BD035FB20636FB12A69616CD31D1439B3FBB0
S31500014BE0F1F3013302EBC30290429CD28DE7002719
S31500014BF0D8E704F10800FEF754FC3B463946204647
S31500014C00104AFFF7A1FA2A69616CD31D1439B3FB67
S31500014C10F1F3013302EBC302236B9342BFF4FAAC07
S31500014C2073E71C2772E7312E3FF619AD3FF42AAD23
S31500014C3012AB324629462046FEF7CCFBBDF848307A
S31500014C401FE500BF3B360100F7B5032A1646089C4F
S31500014C5005D1237A012B26D0012003B0F0BD2568AA
S31500014C60274F28460DF1070307F5DA72FFF719FBFF
S31500014C7060600028EDD1D4F800E0D7F8B801DEF87D
S31500014C802810DEF844C04840CCF100031840E0D1BA
S31500014C90237A012B09D1E268D7F8C43113446A6932
S31500014CA0934202D92074207CD7E7DEF80020DEF893
S31500014CB02C30891A9B1AB3FBFCF3B1FBFCF18B4236
S31500014CC00DD1696CEB6A4A1E13402A6B521A1344C2
S31500014CD02B6325682846A96AFFF7A0F8E862D7F88A
S31500014CE0C421E36808321344E360012233460549CF
S31500014CF02068FFF776FC60600028AAD00020ACE7A8
S31500014D007031002024330020032A2DE9F3410646A1
S31500014D100D4617461C4606D1237A012B24D00120C5
S31500014D2002B0BDE8F081DFF8608009680DF1070384
S31500014D3008F5DA72FFF7B5FA60600028ECD19DF844
S31500014D400730032BE8D0D8F8B8216B689A42E3D133
S31500014D50237A2969012BD4F80CC007D172690CEBAF
S31500014D600103934202D92074207CD9E708316144BA
S31500014D70E1603B46012229463046FFF732FC60607E
S31500014D800028C9D00020CBE7703100202DE9F3417E
S31500014D9004461F46164688462C4D4FF0FF3105F551
S31500014DA0DA70FEF70EFE9DF820300022204605F54A
S31500014DB0DA71C5E97067C5F8B481FFF712FC236E95
S31500014DC00746002B3DD020466169FEF779FF626EEA
S31500014DD0236B024493422CBF00220122984228BF32
S31500014DE00023257C38BF1B1A002684F850206365F2
S31500014DF084F85850D5B1DFF85880334632463146EB
S31500014E0020460196CDF80080FFF7DCF9012305461F
S31500014E10CDE900833246334631462046FFF7D2F9C3
S31500014E20E36805449D4294BF3546ED1A94F8503027
S31500014E30E56513B994F858301BB1236E04F150009F
S31500014E409847384602B0BDE8F08100BF70310020B6
S31500014E50FFFF0F007FB50C46054648B390F8343086
S31500014E6043B3B1F5801F27D20221FEF756FF214633
S31500014E702846124A0DF10F03FFF713FA0646A8B9A1
S31500014E809DF80F30032B11D0284603F078FF03233A
S31500014E9021460093324633462846FFF777FF0446FC
S31500014EA0E86B04F028FB204604B070BD2D24F7E71B
S31500014EB02124F8E71124F6E72924F4E7F832002043
S31500014EC02DE9FF410F4690461E460546002847D06C
S31500014ED090F83430002B45D0B1F5801F44D2234CD5
S31500014EE00221FEF71AFF04F5C472394628460DF170
S31500014EF00F03FFF7D6F9024620B16B699E4219D915
S31500014F00622410E09DF80F30012BF6D1D4F89811E8
S31500014F108E42F2D1009341463346284603F016FEEF
S31500014F2004460028E9D1E86B04F0E5FA204604B00E
S31500014F30BDE8F081284603F022FF31462846FEF7F8
S31500014F40BFFE2C6B844209D30123424600933946A6
S31500014F5033462846FFF71AFF0446E4E71C24E2E736
S31500014F602124E3E71124E1E72924DFE7703100205A
S31500014F70F0B504460D46466CE36B006887B0052222
S31500014F805B6901A906FB0500984701A8FEF702FF28
S31500014F90012804D801A8FEF7A5FB07B0F0BD2946F4
S31500014FA02046FEF71CFF0646676C2068E36B052268
S31500014FB05B6901A907FB0600984701A8FEF792FB6A
S31500014FC0431CEAD0B54238BF0130E6E72DE9F04F80
S31500014FD04FF0FF334FF6FF720025044600F1080833
S31500014FE08BB0C0E90923C3620562056340468B465F
S31500014FF0FEF757FA2046FFF779FA002842D14FF615
S31500015000FF79676A00264F4514BF3D460025E369CF
S315000150109E4239D32046FFF769FA38BB5E202EE05F
S315000150202368E26B606C576900FB0530052205A910
S31500015030B84705A8FEF7AEFE26FA00F3DB070746DA
S315000150400BD529462046FFF793FF0246012F294635
S31500015050204608BF0132FFF769FA0135E3699D422F
S31500015060DED32046FFF742FA0028C8D02046FFF7D4
S315000150706EFA4FF6FF72636A93422FD167200BB027
S31500015080BDE8F08F1A26E9E7E26B2368606CD2F877
S3150001509014C000FB0530052205A9E04705A8FEF767
S315000150A079FE022807D04F450DD10BF101022946A1
S315000150B02046FFF73BFAE3690135B5FBF3F201360A
S315000150C003FB1255A3E729462046FFF751FFB0F12E
S315000150D0FF3F14BF02465A460132E8E7E26B666CAF
S315000150E0206855696946052206FB0300A847626ADE
S315000150F0616C23684A4D01FB02331433A3624FF0FE
S31500015100FF336FF00101E362204605AB05F5DA7264
S31500015110FFF7C7F8002849D1D5F8BC5129462046E2
S31500015120E562FEF73EF9206320B92046E16AFEF703
S3150001513075FEE06229462046FEF770FE0546A36A23
S315000151409D4235D12046FEF715F90026074635461C
S31500015150E3699D423ED3B74257D92046616AFEF7BD
S315000151603EFE4FF00008054604F1400A464512D8B6
S31500015170626C2368694602FB0539E36B05225B69AC
S31500015180484698476846FEF7ADFA534602464946F1
S31500015190E06BFEF7CFFA29462046FEF720FE08F11E
S315000151A0010847450546E1D1642068E7A56AB5E7E8
S315000151B029462046FEF7F5F8236B294603440646A1
S315000151C023632046FEF72AFE0546002EB7D1C4E921
S315000151D00B06B4E7626C236805A902FB0539E36B8C
S315000151E005225B694846984705A8FEF7D3FD0128C5
S315000151F009D8204609F11401FEF7D3F8636C143B74
S31500015200984208BF01360135A2E74046FEF749F943
S31500015210002320461946034AFEF796FF00202EE793
S31500015220703100203B360100034B5A6812B19A6A6D
S31500015230002AFAD1704700BF00400650002307B587
S315000152400093252853D8DFE800F0135B1722293491
S315000152504E6A767A8996ABB9525B565252765B2282
S315000152602922345B6A22B94E4E4E4E2222227A8977
S3150001527010F076FD00903AE010F072FD534BD3F832
S315000152809030C3F304630133B0FBF3F0F2E710F09F
S3150001529085FD4E4B1B6FC3F38023F4E710F07EFDB3
S315000152A04A4B1B6FC3F380230133B0FBF3F0400875
S315000152B0E0E70193454BD3F8803103F00303022B5A
S315000152C00AD0032B0CD0012B03D1002101A8FEF734
S315000152D0B3FA019B00930AE010F0DEFC0190F8E7B7
S315000152E03B4B0193F5E700216846FEF7A5FA0098C6
S315000152F003B05DF804FB4FF0E0231B695A0702D5A2
S3150001530010F04CFDB6E7314BD3F8400100F0030035
S3150001531003282DD0003818BF0120C003AAE72B4B64
S31500015320D3F8403103F00303032B4BD0003B18BFE6
S315000153300123DB03CEE7254BD3F86031F2E7234B9C
S31500015340D3F8003203F00700032811D05B0709D414
S31500015350013801288CBF00200120DEE71B4BD3F862
S315000153600832EFE7042824D110F018FD800A81E7FE
S315000153704FF47A707EE7154BD3F8003103F003033F
S31500015380022B06D0032B07D0012B07D1114B5B68EB
S31500015390A0E74FF400439DE70F4B9BE7002399E7F6
S315000153A00A4BD3F8803003F00303022BA8D0032B5A
S315000153B001D000205EE710F06FFC5BE7034BD3F8EA
S315000153C04032AFE74FF47A7384E700BF00800050A4
S315000153D0002D31013C41002080D5430238B5174CE0
S315000153E0FF28A26A28D8A36D13F4803F18BF0121B4
S315000153F0134B18BF996202219962A56D15F080457C
S31500015400FBD11049A36991F9E0116FF31723014408
S3150001541081F3080143EA002343EA0143A361022120
S315000154200948FEF779FBA36DDB0303D50121064885
S31500015430FEF772FB284638BD2125FBE700C0005068
S3150001544000D000507031002028C0005038B50F4CF4
S31500015450A26AA36D13F4803F18BF01210C4B18BF3C
S31500015460996202219962A36D5900FCD4022109486F
S31500015470A569FEF751FBA36DC5F30725DB0303D52C
S3150001548001210448FEF748FB284638BD00C00050FC
S3150001549000D0005028C00050014B83F8E00170474E
S315000154A070310020014B93F9E00170477031002003
S315000154B0012313481349826A8B62836D03F0030348
S315000154C0032BFAD102238B620D498B6D5800FCD454
S315000154D00D488B6D30EA0303FBD10121094B196598
S315000154E0A3F58053996D8907FCD4996D8807FCD57E
S315000154F0996D8907FCD503210448FEF70DBB00BF52
S3150001550000C0005000D000500300010028C0005028
S31500015510114321F0F8014904034B490C41F44021A0
S31500015520063043F82010704700800350021E30B544
S315000155304FF0000014BF04250C2547F607740849EF
S3150001554052B9831D51F82330234023B101308542DE
S31500015550F6D14FF0FF3030BD00F11203F2E700BF84
S31500015560008003503AB122F0030202F1A04202F593
S31500015570603209B9106070470002FBE7044B986876
S31500015580421C02BF034AD2F894009860704700BFDC
S315000155903C410020004000504FF0B0435A6812B120
S315000155A09A6A002AFAD17047054B5B69C3F38512E3
S315000155B0827003F03F021B0B42700370704700BFFD
S315000155C000C0075007B5014601A8FFF7EDFF9DF89A
S315000155D0063001220B804FF4807300204B80054B6F
S315000155E09B680A3303F01F0302FA03F34B6003B00F
S315000155F05DF804FB0080E00FF8B5224B0446D3F8B2
S3150001560010334B1E0E2B0D4616462AD971B30022B6
S31500015610012130276378207899401A4B07FB003324
S315000156200EB341F210001950302163782778072B09
S3150001563001FB07F71CD80F219B0013489A4099409C
S315000156403844FEF769FA5DB9012230206378217882
S315000156509A400C4B00FB01338EB141F210015A50B6
S31500015660F8BD0A46D4E742F21000DCE70A46DBE75A
S315000156700F21083B9B0005489A409940E0E742F21A
S315000156801001ECE700C0035004C003500CC00350E6
S3150001569010B560B1EFF31184302383F31188FFF75E
S315000156A0ABFF84F31188BFF36F8F002010BD22205A
S315000156B0FCE7F0B501258D40EFF311864FF0300C74
S315000156C08CF31188174C176823F0030344F82170F3
S315000156D00CFB0101547B0C66D47A977A240544EAC3
S315000156E00744177B44EA4754CC650B6711799379D4
S315000156F043EA014300F500518B615379D17941EABF
S31500015700034100F580539961117A01B11D64527A02
S3150001571002B19D6300F50050456386F31188BFF31E
S315000157206F8FF0BD00400450012303FA01F1BFF36E
S315000157305F8F00F5005300F580505963816470470F
S3150001574038B50A460C46002105460EF013FD38BD54
S3150001575001B1F5E7704710B508B9212010BD002940
S31500015760FBD0036813F0704209D1C3F30E030B603B
S315000157701BB94368002BF0D00B600020EEE703F065
S315000157805044B4F1004F05D0B2F1304F02D0B2F11E
S31500015790404FE2D1DBB2EAE773B50D460646F0B1FA
S315000157A0E9B1002301A90193FFF7D5FFB8B9346820
S315000157B0019A14F0704402F1030222F0030202D1AD
S315000157C02A6002B070BDB168B4F1204FC1F38033D5
S315000157D0C1F340310BD004D8B4F1004F09D02120D8
S315000157E0EFE7B4F1304F02D0B4F1404FF7D10B449B
S315000157F001E003EB410353432B60E2E72DE9F74355
S315000158000D4690461F460646E8B1E1B10468D1F857
S3150001581000904C451BD004F03043B3F1004F12D138
S3150001582084EA0903B3F1805F3CD2002301A9019305
S31500015830FFF791FF38B9019AC2F30E02144349EA00
S3150001584002039C422ED0212003B0BDE8F08314F060
S31500015850704427D4B4F1805F29D00023304601A9D2
S315000158600193FFF778FF0028EDD10090694628469D
S31500015870FFF771FF0028E6D1DDE900329A42E3D055
S31500015880E1E70023B8F1000F06D043F48053B26874
S31500015890A9684A401A42D6D1002FDED0AB689B04D4
S315000158A0DBD4D0E7002FECD14FF4C043EAE7002B5D
S315000158B0F4D1B8F1000FD0D04FF4C043E7E737B5C4
S315000158C00C46054650B149B100230B60036803F04D
S315000158D070430B60C2683AB1032A02D0212003B09B
S315000158E030BD43F080630B60AB689A013ED403F090
S315000158F08073EA680AB9002BF0D1226822F040725F
S3150001590013432360EA68032A05D12A69F62AE5D9F1
S3150001591062F317432360AB681B0442BF236843F459
S3150001592000432360EB68032B1FBF23682A6862F3D9
S315000159300E0323602A68AB6802F07042B2F1805F01
S315000159401CD213F4D84FC9D10023284601A90193CB
S31500015950FFF701FF0028C1D12B6813F0704231D146
S315000159602368019A62F30E032360B8E703F04073DC
S31500015970B3F1407F18BF4FF00073BAE7580403F440
S31500015980005118D40029A9D0226842F4005222609D
S315000159901A0542BF226842F4006222602A6802F0B8
S315000159A07042B2F1404FCFD05B0542BF236843F44A
S315000159B080632360C8E7226842F48042226000299E
S315000159C0E6D0E1E703F05043B3F1004F05D0B2F161
S315000159D0304F02D0B2F1404F80D1019B013B237081
S315000159E07DE737B50C46054608B9212019E000299F
S315000159F0FBD001234B60C368ABB901A90193FFF743
S31500015A00CBFE0028F1D1019B6A699A4208D32A6923
S31500015A10002AEAD0226043F000530020A36000E090
S31500015A201D2003B030BD032BDFD10023F5E743680A
S31500015A3082B013B9416002B0704743680193019B7C
S31500015A405B68012B019B01D15960F4E75B68F5E7BF
S31500015A50F0B5174602780446022A0E4693B03FD0A7
S31500015A60032A41D0012A43D11425224A0C3432603B
S31500015A700022990172603046B260326210F023FD55
S31500015A804FF0010C41F00051099709ABCDF828C040
S31500015A9006AF0B9145F0005593E8070003AB87E885
S31500015AA007000C940CAACDF834C00E9507CA83E8FA
S31500015AB007000F9412AACDF840C0119512E907000C
S31500015AC08DE8070019463046FFF7B1FF3946FFF763
S31500015AD0AEFF694610F04FFD10F01EFD13B0F0BD8C
S31500015AE02025054A0C34C2E72025044A0C34BEE7BA
S31500015AF02120F3E70002010300030103000401036F
S31500015B002DE9F047884616461C46054600283FD033
S31500015B1000293DD00378013B022B39D8436800F1B7
S31500015B202C0903F03F07E318436022BF8368013362
S31500015B3083607FB3C7F1400A544522D352463146AA
S31500015B4009EB07000EF07AFC01234A464146284636
S31500015B50FFF77EFF90B9403C3C443F2C56440BD99D
S31500015B60324641462846A309FFF772FF30B924F0B1
S31500015B703F031E4404F03F0414B90020BDE8F0873A
S31500015B8000272246314609EB07000EF057FCF4E7E1
S31500015B902120F3E73F2CE3D8F3E72DE9F0430E4646
S31500015BA017461D46044693B018B9212013B0BDE827
S31500015BB0F0830029F9D0002AF7D0002BF5D0002375
S31500015BC039461A463046FFF719FE0028EDD16946D7
S31500015BD03846FFF7C0FD0028E7D130683249009A00
S31500015BE088426B695CD19342DFD32B68002BDCD1F1
S31500015BF04FF06062636030462260A360236201A9B0
S31500015C00FFF75DFE0028D0D10199204621F4F0610D
S31500015C10019110F058FC284602A9FFF750FE002812
S31500015C20C3D14FF001094FF000582046029910F0F8
S31500015C304AFC09A9CDF82890CDF82C80FFF7F7FE8C
S31500015C40304606A9FFF7CDFE0028AFD1204606A9AA
S31500015C50FFF7EDFEEB6833B10CA9CDF83490CDF822
S31500015C603880FFF7E4FE38460FA9FFF7BAFE002891
S31500015C709CD120460FA9FFF7DAFE284603A9FFF7B4
S31500015C80B0FE002892D1204603A910F074FC03252A
S31500015C90204610F041FC012888D1013DF8D185E765
S31500015CA0B3EB420FA1D280E7200000B010F1860FBE
S31500015CB012D010F1850F0ADA10F1950F0FD010F1FD
S31500015CC0930F0CBF6FF06F004FF0FF307047003835
S31500015CD018BF0120404270476FF0710070470148BC
S31500015CE0704700BF00B2FFFF10B12421F1F780BF5A
S31500015CF0704770B515460E4624210446F1F778FF24
S31500015D0025F04003802B02D0B5F5807F08D12046CF
S31500015D10314640F8045BEA080EF090FB002070BDA6
S31500015D206FF01F00FBE72DE9F043012905460E46FA
S31500015D30914698469DB04BD8046824F04003802BC9
S31500015D4002D0B4F5807F46D12022002114A80EF09E
S31500015D5011FA224A224BE408012E08BF1346139377
S31500015D602B1D0A93012344F000540B930C941D4CF4
S31500015D7007AF0AAA07CA04AE87E80700CDF8349030
S31500015D800DAA0E930F9407CA86E80700CDF8408046
S31500015D90119310AB129401AC93E8070084E8070055
S31500015DA013A83946FFF743FE3146FFF740FE214669
S31500015DB010F0E1FB2968C90810F085FB102110F0ED
S31500015DC082FB10F089FB10F06BFB1DB0BDE8F08380
S31500015DD06FF02000F9E76FF07100F6E700010004AB
S31500015DE0000101041000002000F01F03A0F50620A9
S31500015DF0A0F55060812811D801229A40094B40092B
S31500015E0003EB8003D3F814111143C3F81411D3F82B
S31500015E10001121EA0201C3F8001170474FF0FF306B
S31500015E20704700BF703100202DE9F04FBBB028AE9E
S31500015E3000F130070446884615460FCF0FC697E88E
S31500015E400F0086E80F002822002130A80EF092F9F3
S31500015E5030A810F02EFB04F1300B0646002840F066
S31500015E605A81D4F80090BB4A29F47E13934240F03C
S31500015E70DB809DF8A030014603932A9B102218A8C7
S31500015E8004932F9F0EF076F9102231461CA80EF0CE
S31500015E9071F91022314620A80EF06CF91022314614
S31500015EA024A80EF067F9049B1DB1B8F1000F00F0AC
S31500015EB03281C9F30742C9F30549B9F1020F00F06E
S31500015EC02A81B9F1100F00F22681D20700F1238150
S31500015ED0FA1F062A00F21F81FAB2C2F10F0A5FFA0F
S31500015EE08AFABAF1030F049209D8BAF1020F0CBF6C
S31500015EF04FF480324FF08072934280F00C81502231
S31500015F000021584605930EF035F92A1E18BF0122C5
S31500015F10FBB2C3F10E0B5FFA8BFBA9F10201490833
S31500015F204BEA821242EAC1028DF860202BA93A4659
S31500015F300DF161000EF082FA059B1CA91A46013685
S31500015F40564501F8012D4FEA1222F8D3039A6363ED
S31500015F50049B84F84C20C4F848903A4684F85D3096
S31500015F602BA9261D04F138000DF170090EF066FA11
S31500015F703146CDF8009018AB20AA30A802F043FCB8
S31500015F80002840F0C880E5B14FF4A063ADF8603059
S31500015F90D8F80030CDF86600CDF8623098F80430B4
S31500015FA0CDF86A00ADF86E008DF866303146CDF851
S31500015FB0009018AB20AA30A802F025FC002840F07A
S31500015FC0AA8020AB04F15E0C24AE1A4603CAB24283
S31500015FD0CCF80000CCF8041013460CF1080CF4D1EF
S31500015FE03A462BA90DF191008DF890B00EF026FAE4
S31500015FF0781C5246002130440EF0BCF8012304F10E
S315000160004D028DF89F3028AF334603CBBB4210605B
S3150001601051601E4602F10802F6D10020636A1D4452
S3150001602065623BB0BDE8F08F4B4A934240F0AD80CC
S315000160302F9B15B1B8F1000F6DD00C2B6BD17822C7
S31500016040002158469DF8A0600EF094F8002384F8CC
S31500016050A160C4E90E532BAA002D00F08D80012604
S3150001606018923E4A19960DF118091A9218AA07CAEA
S3150001607089E807003A4ACDF870801D960DF124088B
S315000160801E921CAA07CA88E8070004F14002209262
S315000160900392344A21960CAF229220AA07CA04F130
S315000160A0040B87E807000DF1900A2F4A514658461E
S315000160B03193309232933893FFF701FC049050BB31
S315000160C030A8249910F0FFF9052110F0FCF9049B82
S315000160D0194610F0F8F94FF000530FA910961193D5
S315000160E0FFF7A5FC584612A9FFF77BFC98B930A823
S315000160F012A9FFF79CFC4946FFF799FC4146FFF7B9
S3150001610096FC394610F037FA10F006FA30B1102134
S315000161100398FFF715FB6FF0920082E7134B04F12A
S31500016120700724972596269315AB9AE8070083E80E
S31500016130070094F8A1000E4A0E493293012808BFC0
S315000161400A4630A8309210F0E7F9D8B12021384636
S31500016150DFE700BF00014005000240050C000020FA
S31500016160050000201000002000000204200000208D
S31500016170010002040100030404F1700307CA83E865
S315000161800700012084F8A20047E76FF0850048E781
S315000161902DE9F0410E4614461D46BAB0002845D0F9
S315000161A0002943D0002B41D0038803F44F42B2F5B6
S315000161B0824F40F09B80DAB2122A0ED0413A012A70
S315000161C000F294802B68002B00F0B680DA1DB4EB48
S315000161D0D20F2BD1FF2B21D0B0E023F0FF03B3F573
S315000161E0E24F26D143882B60E3B9E3002B60B3F578
S315000161F0807F7BD10023184657493519214415F86C
S31500016200012D11F8014D1043121B18BF0023AE4298
S3150001621043EA0203F3D148B1002B07DA00203AB072
S31500016220BDE8F081DA1DB4EBD20FE0D06FF0860045
S31500016230F5E7B3F5824F40F08B800B78042BF5D14F
S31500016240282200211FA80DF095FF1FA810F031F993
S3150001625010B16FF09200E2E7404B20901F930123AB
S315000162602190CDF810D005933D4B04AA069301ABBE
S315000162700090279007CA83E8070019461FA810F067
S315000162807AF910F049F90028E3D1009B354A23F049
S315000162907F4393422AD94FF0420829AF4246002153
S315000162A038460DF067FF012320220021013C17A883
S315000162B08DF8A43001360DF05DFF202200211C94DB
S315000162C00FA8E40064081B960DF054FF202200215C
S315000162D007A8CDE913780DF04DFFB4F5807FCDE920
S315000162E00B782C600BD004D8E02C9FD16FF0850081
S315000162F095E7B4F5C07FF9D0B4F5047FF5E71A4BFD
S315000163000FA917930F934FF4005319934FF480433A
S315000163101193402317AA08931FA807ABFFF73DFC6B
S315000163200446296838460731C9084900FFF710FABB
S31500016330002C3FF473AF79E7E3002B60B3F5807F60
S31500016340D4D14388B3F5807FD0D0FF232B6065E796
S315000163506FF0960063E700BFD26E020000000843AB
S31500016360040000200102010020000080F8B5134658
S3150001637042880C460732072A4FEAD20101D0A142D0
S3150001638053D1D0E9016705882022184600210DF076
S31500016390F1FE360A0346002E4AD1002C45D041F2C1
S315000163A00102954205D0B5F5885F02D0B5F5905F3B
S315000163B002D15C60002011E0B5F5105F07D1182C01
S315000163C003D0202C01D0102C2FD11C60F1E705F44D
S315000163D04F42B2F5824F02D06FF08500F8BDEAB2A6
S315000163E0122A03D1202CF7D1134A04E0412AF3D112
S315000163F0202CF1D1114A25F0FF05B5F5E24F1A60BF
S315000164000CD0B5F5824F10D14FF4005217F4705FDE
S3150001641009D017F4864F04D09A60DDE74FF4804225
S31500016420F4E742F480629A60C4E76FF08600D5E72C
S315000164306FF08B00D2E700BF20000080200000B083
S315000164402DE9F0411C46436807461B0A8846154656
S3150001645088B054D1038823F0FF02B2F5824F2BD1C5
S315000164604688413BDBB20736012B4FEAD60607D9F0
S315000164700B78042B19D06FF0860008B0BDE8F081C7
S31500016480B542F8D1224631463846FFF76FFF00285C
S31500016490F3D1033525F00305C4E9030865616EB937
S315000164A020212046FFF74CF9E5E7013DB5EB460F04
S315000164B001F10108E6D0DEE72E46E3E70146202298
S315000164C068460DF057FE31466A463846FFF74EFFDD
S315000164D0DDE90076DDE9062C02990028E0D1236882
S315000164E0A568BB42DCD16768B742D9D18D42D7D105
S315000164F0A1699142D4D1E2696245BED0D0E76FF07D
S315000165008B00BAE72DE9F84F05460E4621B10B7D02
S315000165101F2B02D90F2426E0454EEFF311873023B6
S3150001652083F31188DFF81091D9F8E831183B13F19C
S31500016530180F11D1DFF80481D8F800A0C5BB424677
S315000165404FF0FF311C2005F013FA0446D8B187F34A
S315000165501188BFF36F8F06E0AB4207D187F311882D
S31500016560BFF36F8F12242046BDE8F88F1A68B24236
S3150001657001D09B69DAE7002DF0D087F31188BFF3CC
S315000165806F8F2324EFE74FF0010BD8F80050042159
S31500016590307D05F1100205F095FA044680B1BBF194
S315000165A0000F02D028460FF041FCC8F800A0CEE744
S315000165B0BAF1000F01D1C8F800504FF0000BE6E721
S315000165C00421307D05F1140205F07CFA044618B168
S315000165D028690FF02BFCE2E72B464FF400112E60E1
S315000165E0D9F8E82168602873A86043F8182F114A82
S315000165F0C9F8E8313368C2F8801111604FF0F052E2
S315000166009A60FF224FF0FF3198619A6203F50052BA
S31500016610986318641165012203F580535A600823B3
S315000166202B733268936823F0F85393608FE700BFAA
S31500016630F46E020000E100E0703100205C0B0020E6
S31500016640002307B501AA019305F03CFA019803B0AE
S315000166505DF804FB13B500244FF0FF3101AA019444
S3150001666005F086F900B10194019802B010BDF1E779
S31500016670F0E7EFE7EEE7FDF71FBAFDF71DBAFDF705
S315000166801BBAFDF719BA0FF0D1BB0FF0CFBB0FF054
S31500016690CDBB0FF0CBBB0FF0C9BB0FF0C7BB0FF0E3
S315000166A0C5BB0FF0C3BB0FF0C1BB0FF0BFBB0FF0F3
S315000166B0BDBB0FF0BBBB002337B50D461446019396
S315000166C002B3073020F00700C2E902104FF0FF3194
S315000166D0684301AA05F04CF960B90246019B013DE8
S315000166E0C4E9003391B2A94202F1010204D34FF089
S315000166F0FF321A6003B030BDE16819441960E168E0
S315000167000B44EFE72220F5E7FEE7002307B508462D
S3150001671001AA4FF0FF31019305F02AF9019803B060
S315000167205DF804FB08460FF081BB0846114687E772
S31500016730BFF35F8F074B5A6A22F480325A62D3F84D
S31500016740942022F00102C3F89420BFF34F8FBFF3C8
S315000167506F8F704700ED00E000232DE9F0479A4C5A
S31500016760DFF87082994E94F83470D8F8EC91F56898
S31500016770C8F8EC3117B32268AA4240F01881316992
S315000167806268914240F013817169A268914240F0BA
S315000167900E81B169E268914240F00981F16962694D
S315000167A0914240F00481716AE26B914240F0FF80B0
S315000167B01D46326AA2612846BDE8F087582239464D
S315000167C004F11000D4F838A00DF0D4FC336904F1BB
S315000167D008006360F369C4F838A06361336A256011
S315000167E0A361D6E90523C4E90223FCF75AFE736ABD
S315000167F004F14000E3639B68984720B9676C17B1C1
S315000168006368B3FBF7F794F84330E761002B00F0B8
S31500016810D0800023656C2366002D00F0D280002F06
S3150001682000F0CF802368B3FBF5F205FB1233002B92
S3150001683040F0C1806668B6FBF5F305FB1363002BD8
S3150001684040F0B9806048FDF756FA8642C0F0B5803F
S3150001685040F634726369CC3B934200F2B080B5F5E1
S31500016860805FC0F0AE8003215748FDF756FAD4E9A0
S315000168700001E36B1B6898470546E36B0220DB6862
S315000168809847BDB949465048FEF7A0FB642805461E
S3150001689004D149464C48FEF799FB054655B9636C48
S315000168A0226A143B484802FB03F6FDF724FA8642A6
S315000168B038BF5A25002D0CBF0123002384F834303C
S315000168C056D1D4E90060D8F8F031D8F8F471013323
S315000168D0C8F8F031FFF72CFF1F2837D94FF0000C0D
S315000168E0F10600F1FF3018BF26F01F0106EB000389
S315000168F00CBF31462031DA06354A18BF23F01F0393
S315000169005FFA8CF0874237D8D2F8C00041F0030114
S3150001691020F47F4040F48070C2F8C000EFF3118686
S31500016920302080F31188D8F8F40143F00303C2F84C
S315000169309800C2F89C10C2F8A03086F31188BFF304
S315000169406F8FD8F8F4310133C8F8F431BFF35F8F94
S3150001695005221F4BC3F894205A6A42F480325A62C8
S31500016960BFF34F8FBFF36F8FBFF34F8FBFF36F8FA0
S31500016970E06B02F0C0FD1EE7C2F89800D2F89C0059
S31500016980D2F8A06020F01F00884226F01F0601D130
S315000169909E42DBD08E4201D39842D7D9D2F89800D5
S315000169A00CF1010C20F0FF00C2F89800A8E75D2564
S315000169B001E72125FFE65925FDE65A25FBE65F2578
S315000169C0F9E65B25F7E600BFD80A00203C41002026
S315000169D000ED00E0703100202DE9F04FA7B0CDE9C0
S315000169E0022180461D4604460822319F28FA02F3F9
S315000169F083EA0803990702F1080218BF9B00202ABF
S31500016A001C44F3D18123B4FBF3F303EBC313E41A60
S31500016A108A4B04F5062493F8F83104F55064002BEB
S31500016A203CD1FFF799FE0646002879D1014640225E
S31500016A3006A80DF09FFB4022314616A80DF09AFBE1
S31500016A40DFF814927E4BCB4609F110094B4528BF5E
S31500016A504B46002603F1FF3A10225B46CDE900A61C
S31500016A60784806A9FDF7AEFB034606AA9E4244D125
S31500016A7001231022CDE900A372485B4616A9FDF752
S31500016A80A1FB4FF0000B824616AED3454DD16E4B9E
S31500016A909945D7D10122694B83F8F8214FF0810935
S31500016AA00026DFF898B16309A3F58643683B0BEB33
S31500016AB08303D3F8142104F01F01CA40D2074AD434
S31500016AC0D3F80031CB40DB0738D5002E08BF264668
S31500016AD08123A4F50624A4F6FF44B4FBF3F303EBE8
S31500016AE0C313E41A04F50624B9F1010904F5506447
S31500016AF0D9D1029B23B356BB22E052F8040B05936E
S31500016B000492FFF771F9DDE9042301300BD100226C
S31500016B104A4B83F8F821494B93F8F831002BBDD144
S31500016B206FF091000EE00136A0E756F8040BFCF772
S31500016B30F1FE0130EFD00BF1010BA6E7029B23B961
S31500016B406FF08B0027B0BDE8F08F06B92646329B61
S31500016B5000201E60F6E7309B13B10023309A1360C4
S31500016B600FB100233B604FF0100A00232A4621464D
S31500016B703448CDF800A0FDF739FC002854D1309BEC
S31500016B800BB1C3F800A02A68304B9A4215D02146B2
S31500016B902C48FEF75FF90028D2D1D5E902230399E3
S31500016BA08B4208BF424593D1029B002BCED06B6826
S31500016BB0012BCBD16FF08400C4E7309B002BECD0C6
S31500016BC0002FEAD000231F483B6090F83430002B99
S31500016BD0A6D0DFF868A00121FDF79FF816AB214684
S31500016BE018480AF5C472FDF75CFB0346D0B99DF857
S31500016BF05820032A16D0022A11D104223A60114ADA
S31500016C000493D06B02F077FC049B002B88D1309A59
S31500016C103B681268934283D39B1A3B60BDE7DAF85F
S31500016C209821EBE72D23EAE7094B9842AFD0632879
S31500016C30ADD0084B9842B0D072E700BF703100204A
S31500016C40816D0800D80A0020906D0800105D175E5E
S31500016C50FFDF00F0FEDF00F0006D080070B50646AC
S31500016C600D4614468CB0CAB11022002108A80DF0B9
S31500016C7081FA002205AB029307AB019306AB0093A1
S31500016C803046294608ABCDE90622FFF7A5FE18B91D
S31500016C90099B6360079B23600CB070BD6FF0860093
S31500016CA0FAE730B58DB00C4605461022002108A83A
S31500016CB00DF060FA002205AB029307AB019306AB18
S31500016CC021460093284608ABCDE90622FFF784FE4C
S31500016CD0044610BB099B012B22D0059D134829466A
S31500016CE0FEF7B8F8F8B9A5F50623A3F55063812B8D
S31500016CF005F01F000FD801210D4A5B0902EB830342
S31500016D00D3F8142181404A402846C3F81421FCF7E0
S31500016D1001FE013001D16FF0860420460DB030BD71
S31500016D206FF08404F9E76FF09104F6E7D80A0020C2
S31500016D30703100204FF0B0439A6A1207FCD4186AEA
S31500016D4070472DE9F84FEFF31189302383F311884A
S31500016D504FF0B0435B691907554903F0010203F08F
S31500016D600D0314464B6148BF42F002044AB1514A31
S31500016D70D2F8FC310133C2F8FC310FF025FA0FF0DD
S31500016D80C3F9A3072FD5EFF31185302686F31188B2
S31500016D904FF0000A0FF018FA5746DFF81881D8F8B5
S31500016DA028410CB1636923B30023012F88F805320A
S31500016DB004D11AF0020F18BF88F805720FF0A4F972
S31500016DC022280CD101223C4B83F828204FF0B042F7
S31500016DD0D36B23F00303D3630822354B9A6185F302
S31500016DE01188BFF36F8F89F31188BFF36F8FBDE8E9
S31500016DF0F88F23465A693AB91A792179914288BF9F
S31500016E001C469B68002BF5D185F31188BFF36F8F64
S31500016E102569DDB1FFF78EFFA369A0EB030A4FEAEF
S31500016E20EA72AA4572F1000211DB2B44A361E36801
S31500016E3013B1204621689847B4F806A00137EFF34D
S31500016E40118586F311880FF0BFF9A8E7AA46EFF37B
S31500016E50118B86F3118820460EF062FF8BF31188A1
S31500016E60BFF36F8F2369002BE1D0A38BB5EB0A012A
S31500016E7033B1E28B13449BB2B3F57A7F10D2E3832D
S31500016E80EFF3118586F3118820460FF0FFF8A36909
S31500016E9022691344A36185F31188BFF36F8FC6E797
S31500016EA0A3F57A73E383A3690139013BA361E7E79C
S31500016EB000200058703100203C41002070B5044686
S31500016EC00E46EFF3108572B64288818803888A429E
S31500016ED00FD21344B3FBF1F001FB1033013204EB83
S31500016EE08303DE606280012328460FF0A1FA18466B
S31500016EF070BD82685AB9238804EB8302D660A288E2
S31500016F000133B3FBF2F102FB11332380EBE700EB14
S31500016F108303D968904703460028ECD1E4E72DE9BD
S31500016F20F0432B48DDF81C8090F8124294424BD96D
S31500016F300C246243D0F808E21EEB020446D06089B5
S31500016F40002843D0B4F90450B4F906608D42B4F96F
S31500016F5008701DDCB142A8BF3146002F36D000F1C2
S31500016F60FF3C1FFA8CFC07FB0C594C1B94FBF7F4F6
S31500016F704E45D8BF6046A4B2A04202D3B14218BF63
S31500016F8020465EF802C05CF820200CEB800403E08A
S31500016F902946E2E7013880B218B154F804ED72458A
S31500016FA0F8D0B1421EBF17FB00F1491909B2994247
S31500016FB003DD10B1013880B2E5E70020C8F80020F2
S31500016FC0A8F80410BDE8F0830E20FBE70220F9E7DC
S31500016FD07031002010B5084C20460DF098FC20B900
S31500016FE094E80700054B83E80700BDE8104001213E
S31500016FF04FF0FF300DF08DBC0C6F0200783300208E
S31500017000FF207047004870470080FFFF38B5134CDA
S315000170100546616B79B9A26B5AB9616CA1B9A26CCB
S31500017020CAB13C34E3688BB922780D4B00201A7043
S3150001703009E02C34F6E72C342846227809680DF04D
S315000170409AFD0028EED038BD3C34F5E7284698472E
S315000170500028E9D0F7E70220F5E700BF3C41002010
S3150001706048140020F8B5154F97F8143223BB0222B5
S31500017070134E144D144CAD1BC4E90065C7F81C52E0
S31500017080013D3046ED08C4E902332361227763628C
S31500017090C4E90566C7F81862F2F7E0FE7580236950
S315000170A0E26801332361A36808339342A36088BF72
S315000170B0E360012387F81432F8BD00BF7031002068
S315000170C068420020000001209819002000232DE9C4
S315000170D0F04F9E4E85B0039373680D469A42104653
S315000170E006D249B922B14FF0FF3103AA04F040FCA0
S315000170F0039805B0BDE8F08F1AB908460EF096FE62
S31500017100F6E7EFF31188302383F31188A1F1080C18
S3150001711031F8061C07304FEAC10920F00704A145E2
S3150001712080F0928035F8023C002B76D0591A01295D
S3150001713073D10CEBC30A1CF83330D9076DD4BAF8F6
S315000171400230A9EB040717EBC30766D41F2F3DDDF9
S3150001715005EB040BC4F3CF0425F8064C013458465D
S3150001716025F8024CFF08F2F779FEABF8027035F804
S31500017170023CABF80430BAF806301BB3BAF8022069
S315000171809A1A12FA87F7BFB20AEBC303ABF8067075
S315000171909F8000225146584601F0B8FB5046F2F74F
S315000171A05DFE002235F8061CB368039503EBC103A7
S315000171B0F168A3EB09038B42B36043D8A2B3083B42
S315000171C0B36031E00023ABF80630E2E73369013BF7
S315000171D0336135F8063CBAF802200133134425F829
S315000171E0063CBAF80620A2B1BAF80210511A11FAF1
S315000171F083F39BB20AEBC20225F8023C938001227B
S315000172006046514601F082FB5046F2F727FE012205
S31500017210C8E7002325F8023CF1E74FF0FF3120468D
S3150001722003AA04F0A5FB20B188F31188BFF36F8F81
S315000172305EE74A46294603980DF000F928460EF006
S31500017240F5FDF1E7F360B9E777D935F8022CA9EB3B
S315000172500407531E5B1A002A3ED00CEBC20A1CF827
S315000172603220D20739D4C3BBC4F3CF0305EB040BD9
S3150001727025F8063C013325F8023C5846F2F7EEFDA7
S31500017280BAF8023003EBD703ABF8023035F8022C1B
S31500017290ABF80420BAF80620DAB1BAF80210511A8E
S315000172A011FA83F39BB20AEBC202ABF80630938064
S315000172B000225146584601F029FB5046F2F7CEFD11
S315000172C00023B26803951444A4EB0904BBBBB46064
S315000172D0AAE7ABF80620EBE79246272F2DD9C4F390
S315000172E0CF0205EB040B25F8062C013F013225F8E8
S315000172F0022C5846FF080193F2F7B0FDABF8027075
S3150001730035F8022CABF80420BAF1000F12D0019B1C
S31500017310013313FA87F7BFB2ABF80670AAF8047007
S3150001732000223369114601335846336101F0EEFA02
S315000173300123C6E7ABF806A0F2E7039574E7F36805
S3150001734008349C42B46088BFF4606DE79819002048
S31500017350044B186072B64FF0E02300221A6100BF99
S31500017360FDE700BFD8190020054B06498A6930EAB6
S31500017370020203D0013BF9D118467047012070473C
S31500017380A08601000080055038B5044640200D4610
S31500017390FFF7EAFF10B90F20FFF7DAFF094BDC63AD
S315000173A07DB1094A41F22101938883EA0420082329
S315000173B004B24000002C80B2B8BF4840013BF7D16F
S315000173C0908038BD00800550D8190020F8B50646D2
S315000173D00C461546064F013CA30026FA03F303F0BB
S315000173E00F032946F85CFFF7CFFF002CF3D1F8BD58
S315000173F000750200F8B5994CA37903F0FF021BB999
S315000174004FF0E0231A61F8BDA3680133A360A368B6
S31500017410272BF8D9EFF311832367EFF31083636703
S31500017420EFF31383A36772B601218D4BC4E90313EE
S31500017430D4F828316361D4F82C31A361A368E361E0
S31500017440884B1A68A2625A68E2629A682263DA680D
S3150001745062631A69A2635A69E2639A692264DA6904
S3150001746062641A6A5B6AA264E3647F4B1B782365D4
S31500017470D4F83031D3F88C206265D3F89420A26514
S31500017480D3F8A820E265D3F8B0202266D3F8B42059
S315000174906266D3F8B820D3F8BC30A266E36603234C
S315000174A0724A23625368E367536AC4F88030936A69
S315000174B0C4F88430D36AC4F888306D4B1868C4F8B0
S315000174C08C005868C4F89000D3F80001C4F8940001
S315000174D0D3F80401C4F89800D3F80002C4F89C005C
S315000174E0D3F80402C4F8A00093F80C03C4F8A4006E
S315000174F093F81503C4F8A80093F80A33C4F8AC301E
S3150001750092F82330C4F8B0305A4B1B6FC4E94831A6
S3150001751043232362584B5A68C4F8B4209A69C4F8C5
S31500017520B820DA6CC4F8BC209A6CC4F8C0209A68FA
S31500017530C4F8C420DA6DC4F8C820DB69C4F8CC30BD
S315000175404E4BD3F8AC25C4F8D020D3F8BC25C4F8EB
S31500017550D420D3F8C435C4F8D8304F232362484B1E
S315000175601978484BC4F8DC101A78474BC4F8E02068
S315000175705868C4F8E4009868C4F8E800D868C4F804
S31500017580EC00586DC4F8F000186DC4F8F400D86A20
S31500017590C4F8F800186BC4F8FC00586BC4F8000175
S315000175A0186CC4F804015F20206241EA0200072832
S315000175B01BD8302505FB0136706E05FB0233C4F876
S315000175C00801324850F82110C4F80C11F16EC4F8C4
S315000175D01011596EC4F8141150F82220C4F818215C
S315000175E0DB6EC4F81C317F23236200234FF0E022B7
S315000175F01361226AA371D60602D40A20FFF7A8FEF8
S31500017600550703D5D4F8B420D00701D40B20F5E7EC
S315000176104FF48051184AD364154AC2F88010BFF35B
S315000176204F8FBFF36F8F4FF40011C2F88010BFF375
S315000176304F8FBFF36F8FFF21134A5365144B1964A4
S315000176409962BFF34F8F134B116BC9B211B9D16850
S31500017650C90773D5013BF7D10C20CFE7D819002014
S3150001766031534F50700D0020E03F002000ED00E047
S3150001767000E100E0008000500080055000C003508A
S31500017680CA0A0020580B0020000004500040045094
S3150001769000100450A08601002E46636A294643F075
S315000176A004030D2063622E4FFFF76EFE29460A2062
S315000176B0FFF76AFEA580012117F8010B0136FFF7D6
S315000176C063FE072EF7D1012204214720FFF77EFE34
S315000176D0244E01213A20FFF757FE013501220821E8
S315000176E056F8040BFFF772FE472DF2D1A48800214C
S315000176F03A20FFF749FE002204212046FFF766FEE5
S3150001770000210D20FFF740FE0A200021FFF73CFE75
S315000177102020FFF729FE08B910206FE700206DE74A
S315000177200222636A202043F0020363620E4B5A6110
S31500017730FFF71AFE0028AFD10E205FE701230B4A9F
S3150001774063625360BFF34F8F094BA2F50052556830
S3150001775015F00105E4D0013BF9D10D204EE700BF3C
S3150001776011750200E4190020008005500020045024
S31500017770A086010041F6713210B5104C104BA042A3
S3150001778094BF00240124D969DA639A6801F480312F
S3150001779022F4401242EA04529A600A4A90420A4A84
S315000177A0D2F818028CBF40F0020020F00200C2F8A5
S315000177B0180209B10022DA6310BD00BF005A620245
S315000177C00000035080F0FA0200C0075010F1860F46
S315000177D012D010F1850F0ADA10F1930F0FD010F1C4
S315000177E0870F0CBF6FF073004FF0FF307047003802
S315000177F018BF0120404270476FF0710070476FF06B
S315000178006F007047094B186F00F00700431E032BEA
S3150001781003D8DFE803F006080904002070470620B4
S315000178207047022070470420704700BF0080005057
S315000178300EB417B504468288E18800688A4234BFCF
S31500017840891A002106AB10440D4A019304F084FE07
S31500017850002800DAFEE7A388E288184480B2904245
S3150001786028BF2368A08028BF9B18204624BF00227A
S3150001787003F8012C03B0BDE8104003B0704700BF08
S31500017880898F02002DE9F0430D4690461E460446B7
S3150001789093B0002850D000294ED0002A4CD0002B9E
S315000178A04AD0264B0FAF036000233946436003627B
S315000178B083602846FEF703F800283AD120460F993F
S315000178C00EF001FE102120460EF0FDFD4FF00109DC
S315000178D04FF0005369462046CDF804900293FEF717
S315000178E0A6F8284603A9FEF77CF810BB144D2046DE
S315000178F003A9FEF79CF8CDF83C8006ABCDF8409085
S31500017900119597E8070083E8070019462046FEF718
S315000179108EF80C9609ABCDF834900CAA0E9507CAD1
S3150001792083E80700204619460EF025FE20460EF094
S31500017930F3FD13B0BDE8F0832120FAE7000100044E
S31500017940100000202DE9F04F894690461F46044657
S31500017950A3B0002800F0BA80002900F0B7803AB140
S315000179602D9B002B00F0B2802E9B002B00F0AE80E9
S3150001797000252E46A84540F2A7805EB12D9B2C9A84
S315000179805B5D925D013653402E9A06F00F06535504
S315000179900135EFE7A8EB050BBBF10F0F40F2928023
S315000179A04B4B666048462360A660266203A9FDF735
S315000179B086FF002865D1204603992BF00F0B0EF0A8
S315000179C082FD594620460EF07EFD4FF0010A4FF02A
S315000179D00053204604A9CDF814A00693FEF727F814
S315000179E0484607A9FDF7FDFF00284AD1204607A909
S315000179F0FEF71DF8374B1F970DF1280CCDF880A027
S31500017A0022A9219311E907008CE807002D990DF1B0
S31500017A10340E4B191C934BF00053CDF874A01CAADD
S31500017A201E9307CA8EE80700614620460193FDF7BB
S31500017A30FEFF20460DA9FDF7FAFF2E99019B4A1973
S31500017A401992CDF868A019AA1B9310AB07CA83E84F
S31500017A500700204A1697CDF85CA018920DF14C0A42
S31500017A6016AA07CA8AE80700194620460EF083FDC2
S31500017A70514620460EF07FFD20460EF04DFD5D4439
S31500017A8000B323B0BDE8F08F8EB93A464946204689
S31500017A902C9BFFF7F7FE0028F3D107F1100212F82D
S31500017AA0013D0133DBB213700BB99742F7D12C9B21
S31500017AB02D9A9B5D525D013653402E9A06F00F06B4
S31500017AC053550135A845DFD10020DAE72120D8E753
S31500017AD003030004100000202DE9F3410C4616466D
S31500017AE01F46054628B1D02200210CF043FB04B104
S31500017AF016B96FF086042AE063880733B7EBD30F14
S31500017B00F7D32388B3F5105F25D1164B05F12C0861
S31500017B102046AB623A4643463146FEF791FC04469F
S31500017B20A8B9019001A94046FDF715FEB0B9019A21
S31500017B30A2F110011029DCD80B4BCB40DB07D8D5BD
S31500017B402846E96B0CF07AFCED6385F8584020462F
S31500017B5002B0BDE8F0816FF08504F8E76FF092049A
S31500017B60F5E700BF00024805010101002DE9F04FCC
S31500017B70934620220646BBB00DEB02008A46002141
S31500017B801F46449C0CF0F6FA2022002110A80CF0A6
S31500017B90F1FA2022002118A80CF0ECFA2822002183
S31500017BA020A80CF0E7FA402200212AA80CF0E2FAFC
S31500017BB0002E00F09080BAF1000F00F08C80479BF8
S31500017BC0002B00F08880B6F80090758809F4E04231
S31500017BD0B2F5804F7FD0EA1DBBEBD20F4FEAD20838
S31500017BE079D3469B984500F28D8020A80EF061FC62
S31500017BF028B16FF0920420463BB0BDE8F08F434AAE
S31500017C002190209201AA2290059201220692404AD1
S31500017C100DF1080C079205AA0190289007CA8CE875
S31500017C20070020A861460EF0A6FC20A80EF074FC01
S31500017C300028DED1019A374922F07F428A42019219
S31500017C4002D86FF08504D6E747F21212914512D099
S31500017C5047F241129145F4D1A0453CD8FF2DF0D110
S31500017C60469B0334DD1C459A20232B4924F003044B
S31500017C7025F003050AE0B5F5807FE2D140252B46C4
S31500017C8002342649013724F003042AAA109100215F
S31500017C901993CDE91B12CDE913175A4651463046C1
S31500017CA008AB15941D95FEF7CBFB04460028A2D11F
S31500017CB0129B189043F4005320A812930EF0F9FB7F
S31500017CC0002896D118AB10AA08A920A8FDF765FFD0
S31500017CD020B14828B5D06FF086048CE747F212131D
S31500017CE099450BD12AAD4246294645980CF0A6FB8B
S31500017CF04022214628460CF03DFA4023479BC3F813
S31500017D00008078E76FF0890475E700BF000008433B
S31500017D100400002001020100200000B020000080C4
S31500017D202DE9F04106460D4690461F4696B0002BBA
S31500017D303CD020230CA83B600EF0BBFB044620B1CF
S31500017D406FF0920016B0BDE8F0811A4B29460D90EE
S31500017D5014900E900CA80C930EF0B5FB4FF0010C8D
S31500017D6045F00055069606ABCDF81CC0089593E87C
S31500017D700700114B8DE8070003ADCDF82480CDF83F
S31500017D8028C00B9309AB93E8070085E8070069460D
S31500017D900CA8FDF74CFE0CA829460EF0ECFB0CA82E
S31500017DA00EF0BAFB0028CDD03C60C9E76FF0860023
S31500017DB0C8E700BF00040003200000202DE9F743B7
S31500017DC099460023884601A9054617460193EFF710
S31500017DD009F90446D8B9019EB9F1010F15BFD6F8C4
S31500017DE08830D6F8843006F1880006F184009BB904
S31500017DF0727A96F85030D20603D5012B21D0042B86
S31500017E001FD0053B022B1CD92846EFF7DEF80224CA
S31500017E10204603B0BDE8F083FBF79EFE70B14268D1
S31500017E20019BD3F8A430C8F8002002893A801A6E63
S31500017E30026018662846EFF7C8F8E9E7C8F80000B7
S31500017E4038802846EFF7C1F81B24E1E72DE9F8430E
S31500017E5012F0030418BF012404EB92048C42074676
S31500017E600E4615464FEA8409C2EB84081AD84246E3
S31500017E7000210CF07FF9321B0021920007EB09006B
S31500017E800CF078F92A46002007EB0801F5F7BCFE4D
S31500017E90054620B91CB121463846EFF7FFFD2846B5
S31500017EA0BDE8F8836FF00305F9E72DE9F041036BAF
S31500017EB0826B92B09A4288BF8363426C436A0768B9
S31500017EC00E4602FB0377C36B03A905225B690446D1
S31500017ED03846984703A8FBF75DFF01280146307035
S31500017EE070D0656CE26B2368606AD2F814C005FB3A
S31500017EF00030052208A9E04708A8FBF74BFF012837
S31500017F004FF000053CD0D4E90A3201219342CDE974
S31500017F100D458DF83C5010958DF8441043D1194606
S31500017F202046FBF77BFF236B626C14339B1AE062DE
S31500017F3023630E9B1BBB9DF8443003B3636A626CDB
S31500017F402568D4F83C8002FB03550C350122D8F88C
S31500017F50143001A9284698474FF6FF72019B99B242
S31500017F6091420CD16FF30F0343F4254343F0A5036C
S31500017F70029301222846D8F8183002A998470E9D87
S31500017F80E36B05225B6903A93846984703A8FBF70B
S31500017F9001FF30702846236BA26B9A4288BFA36308
S31500017FA012B0BDE8F081237C33B91D490DAA04F155
S31500017FB00800FBF7BFFEBCE720461A4A0DABFCF7EB
S31500017FC0C3F8B6E7237C23BB2246174904F1080010
S31500017FD0FBF7B0FE616A2046FCF7CAFF616A421CE4
S31500017FE02046FCF7A3FA054620B9236B626C1344BD
S31500017FF0143B23632046A16AFBF710FF2368A062A6
S31500018000C01A636CB0FBF3F060622046FCF716F908
S31500018010B6E700232046054AFCF796F8DAE700BFE3
S31500018020494C0100094D0100FB3401004B350100AB
S3150001803038B5036804460BB3012B08D0042B14D0C2
S315000180402046BDE83840E82200210CF093B8826949
S315000180500B4B9A42F4D100F120055830F1F779FE25
S3150001806068212846EFF7C4FDEAE7D02500F1180399
S315000180702A46002118460CF07DF8E1E738BD00BF1D
S3150001808000015005044A054B013800D2704753F8E8
S31500018090041B42F8041BF7E7803F00204041000023
S315000180A02DE9F041069E044688461F4615460AB14B
S315000180B003B106B9FEE70021F7F704F9154BDFF81E
S315000180C058E0E41A1E23E410B4FBF3F4E4B24FEAD9
S315000180D0841C0EEB841484F801800CF10C08F04426
S315000180E095E80F0088E80F000CF11C05754497E828
S315000180F00F0085E80F000CF12C05754496E80F007A
S3150001810085E80F004FF6FF73A38784F83E30BDE87C
S31500018110F08100BF000E0020E011002037B5094DA7
S315000181200446094928680CF0BEFAF6F7BDFE074B6E
S3150001813001940093C2000123034928680CF0A3FAB5
S3150001814003B030BD34110020C016002025EE00001A
S3150001815070B5436A04460D461BB111B9826A0F48D0
S315000181609847A38899060ED50C4BDA7D92070AD556
S31500018170197D94F86020914205D11B69E26D934205
S3150001818024BF0133E365206A836C33B12DB92A46D6
S31500018190BDE870400149006C184770BD8011002090
S315000181A00FB407B5074A05A9D2F8343101911BB1BD
S315000181B0D2F838210448984703B05DF804EB04B0BF
S315000181C0704700BFD81900202D8B0200F0B51E4B59
S315000181D01968EFF31184302383F3118801220B68A8
S315000181E04D681E7DB240013A22EA050292FAA2F3D7
S315000181F0B3FA83F39E4205D884F31188BFF36F8FD8
S315000182001A20F0BD0F7BBE4213D0F61B06F1FF3CD0
S315000182105FFA8CFC9C450CD90123BB40013BB34062
S3150001822032EA030314BFB3FA83F32023C3F11F0316
S31500018230DBB201229A402A434A60037084F3118813
S31500018240BFF36F8F0020DCE75C0B00202DE9F843BC
S31500018250436E044613F018060D4644D15907426A87
S315000182603DD4042A3FD9017843F0040381EA12215F
S315000182700170417843664A4042704FF0050804F1A7
S315000182803807E26A0023023202F00F02C2F110003F
S31500018290404528BF404604EB020C03F1040E70452D
S315000182A00CEB030122D2984229D8E36A0244034423
S315000182B0102AE362A8EB0008054402D0626A9342E1
S315000182C027D1224621463846F2F7ACFA08B30646CC
S315000182D0636E43F0100363663046BDE8F883C36AF4
S315000182E005339342C9D96FF00C06F5E7E9585CF8F6
S315000182F0039081EA09014CF803107346CDE715F89E
S3150001830003E091F800C001338CEA0E0C01F801CBB1
S31500018310C9E7B8F1000FB4D1E26A636A9A42DBD1C8
S31500018320636EC4F82C8043F008036366D4E72DE935
S31500018330F04399B004460EA80D4616460EF0B9F85C
S3150001834020B16FF0920019B0BDE8F083019005B13C
S315000183505CB335F0030705F0030829D04FF0E0635D
S315000183604FF000090E930123CDF83C90CDF84090D3
S315000183700B940C9347F000530D930BAA05AB07CA58
S3150001838083E8070019460EA8CDF858900EF0F3F8C9
S315000183900EA839460EF097F80EA80EF0BDF838B1C2
S315000183A03A46494620460BF0E5FE00233360C8E70E
S315000183B0B8F1000F02D100203560C4E74FF0E06349
S315000183C04FF000090E9301ABCDF83C90CDF84090EB
S315000183D0089301230993114B08AA0A9302AB07CA12
S315000183E083E8070019460EA8CDF858900EF0C3F899
S315000183F00EA804210EF067F80EA80EF08DF808B14C
S315000184002A46CEE7019A3C44C300013022FA03F31F
S31500018410804504F8013BF7D1CDE700BF04000020F9
S315000184202DE9F74F00F4E048B8F5804F82460F4634
S3150001843016461D4612D100F44F43B3F5824F02D1C1
S31500018440C3B2412B0AD0E90705D56B0847B1FA1D1E
S31500018450B3EBD20F05D06FF0860787E02B46F5E721
S31500018460DF0080210120FEF7EBF80446002800F02A
S315000184707381EFF737FB0123002204F16809C4E990
S3150001848018234846EFF725FB0AF44F43B3F5824F0D
S315000184900BD15FFA8AFABAF1300F37D008D8BAF1A0
S315000184A0120F13D0BAF1170F39D06FF086051FE0FE
S315000184B0BAF1410FF9D1B7F5807F05D0B7F5E07F65
S315000184C000F04581FF2FF0D109212FE040F2092369
S315000184D09F4200F03C8116D8B7F5807F25D00FD892
S315000184E027F02007C02F14BF6FF086056FF08505B2
S315000184F02046F1F7B1F920460DF098FC2F4635E0FC
S31500018500B7F5C07FEFE7B7F5047FECE727F0800307
S31500018510B3F5807F00F01B81B7F5007FE3E7C02F3D
S3150001852000F01581B7F5807FDDE703212046F1F7DD
S31500018530A3F9F1F749FA0746002840F00B81B8F58F
S31500018540804F7DD1B5B9DFF820B25846F1F73CFA34
S3150001855005460028CCD149462046F1F751F8F1F7F6
S3150001856033FA05460028C3D10C9B1C60384603B07C
S31500018570BDE8F08F201DEFF74DFA00F10708204600
S31500018580EFF79EFA02284FEAD80830D14545DAD1ED
S315000185902A4631464846EFF73DFC83460028D4D1AA
S315000185A004F17000EFF739FB2378092B15D001216F
S315000185B004F17800EFF7E1FC83460028C5D1204697
S315000185C0EFF77EFA0128C0D132789AB9012DBAD1D6
S315000185D04846EFF7E6FC8346B7E7E9005A464846C0
S315000185E00139EFF7F3FC83460028E0D0ADE7DFF869
S315000185F070B1E4E708F1010A55450190A3D342465B
S315000186004846711CEFF73BFC834600289DD1019B30
S3150001861004F178001946EFF7B0FC8346002894D19F
S315000186203378042B8FD14FEA480301339D428AD117
S31500018630424606EB0A0104F17000EFF720FCCAE797
S3150001864094F8009020464946F1F716F9804600282D
S3150001865079D12046EFF734FA0228824654D1B9F18E
S31500018660090F30D1202D70D104F160092A46314617
S315000186704846EFF7CFFB0246F0B901464846EFF709
S31500018680A5FC0246C0B901214846EFF79FFC024608
S3150001869090B951464846EFF799FC024660B9FF2169
S315000186A04846EFF793FC024630B90122FE214846BF
S315000186B0EFF78CFC024648B304F160000192EFF734
S315000186C0ACFA019A38E0B9F10D0F1DD1382D3CD124
S315000186D004F160092A4631464846EFF79BFB0246FC
S315000186E00028E9D101464846EFF770FC024600280A
S315000186F0E2D101214846EFF769FC02460028DBD1A9
S31500018700012240F2BF11D2E7DFF854802046EFF78D
S31500018710D7F9012804F1600910D12A4631464846A5
S31500018720EFF7ADFB02460028C6D149462046EFF7D2
S31500018730F3F902460028BFD1104610E7B8F1000F41
S31500018740F3D0074AB8E70246F6E7064AF4E76FF0C0
S315000187508505CDE60546CBE66FF08C0706E700BF3B
S3150001876080B1FFFF80B3FFFF80B0FFFF2DE9F04727
S31500018770C3F34508B8FA88FA0C4615464FEA5A1A61
S3150001878007465246294620461E46EFF787FA48BB5A
S3150001879004F108095246484605F10801EFF77EFA49
S315000187A000BB08F1FF33D3F1000848EB030842464A
S315000187B0204605F11801EFF771FA98B94246484685
S315000187C005F12001EFF76AFA60B921463846F20948
S315000187D0EFF7BFFD30B904F110000121BDE8F04704
S315000187E0EFF7CBBBBDE8F08738B50C46054601214E
S315000187F02046EFF714FC28B921462846BDE8384043
S31500018800EFF7D3BC38BD2DE9F0479EB08946154632
S315000188101E460446DDF89880002871D000296FD0E5
S31500018820002B6DD0B8F1000F6AD0364B1BAF036039
S31500018830002339464360036283604846FDF73FF8EB
S3150001884000285AD120461B990DF03DFE10212046E5
S315000188500DF039FE4FF0010A4FF0005369462046EC
S31500018860CDF804A00293FDF7E2F8484603A9FDF707
S31500018870B8F8002841D1DFF89090204603A9FDF70A
S31500018880D6F81B9506ABCDF870A0CDF8749097E895
S31500018890070083E80700189618AACDF864A009AE68
S315000188A0CDF8689007CA86E8070019462046FDF705
S315000188B0BEF831462046FDF7BAF8CDF854800CAB28
S315000188C0CDF858A015AACDF85C9007CA83E8070031
S315000188D0129512AACDF84CA00FADCDF8509007CA4B
S315000188E085E80700194620460DF045FE2046294633
S315000188F00DF041FE20460DF00FFE1EB0BDE8F087DB
S315000189002120FAE7030200041000002030B5204DB3
S31500018910D5E905340AB38B4200D089BB2B6993B3E1
S3150001892040B92B681A78D20707D5DA8822B103EB4A
S31500018930C203F7E70346F5E713468C4200D0B1B907
S315000189402A69CAB1002818BF04462278D2070ED573
S31500018950A2888AB1A4EBC204F7E78B420AD083420C
S3150001896028BF03468C4209D0844238BF0446C5E974
S31500018970053430BD0346F5E71446F8E70446F6E745
S315000189808C42F4D1DCE78C42D9D11C46EFE700BF1B
S31500018990981900202DE9F74399466B4B06460029A5
S315000189A014BF0F461F4697F80031904623B10425A0
S315000189B0284603B0BDE8F08311463846EEF7B4F910
S315000189C00546002861D1A821012003F077FD044660
S315000189D000285CD040F201138381022380F80990BC
S315000189E080F8503080F808804581C57305606420A1
S315000189F00DF018FBB8F1010F94BF00230123C4E960
S31500018A00265584F8A030C4E921553B68C4E92355AD
S31500018A106061C4F8A470C4F8945023603C60384681
S31500018A200023016809B10A680ABB002BF7D1EFF3ED
S31500018A301182302181F31188012186F80480B16009
S31500018A40346082F31188BFF36F8FD7F88420013227
S31500018A50C7F88420EBB1122B72D141463846EEF7A6
S31500018A6063F990F85030012BA1D12E25A0E791F89A
S31500018A7008C0157AAC4529BF1368084611600B601A
S31500018A8022BF026001231046CBE71223DDE71A233A
S31500018A90DBE740F20113D6F800803046A8F80C3027
S31500018AA001A9EEF79FFA054628B1022440460DF0CA
S31500018AB0BDF925467CE7019F3A7B7B7B934201D139
S31500018AC0012B04D03046EEF780FA2124EEE797F821
S31500018AD05030013B042B31D8DFE803F02603302662
S31500018AE00800397AB9B9052387F850300024304691
S31500018AF0EEF76BFA0CB1052CD8D198F80930D8F8F5
S31500018B00A42043F0100388F80930D2F884300133E9
S31500018B10C2F884304CE7D7F8A40098B190F8D13068
S31500018B2023B9012387F850300524E0E70122C0303C
S31500018B30EEF72EFE04460028F3D0D8E70224D6E746
S31500018B40192535E7437CFFDEE43F00202DE9F04F90
S31500018B509A468BB09DF85030DFF854B10293DBF89A
S31500018B601030804653450D461646C0F09A80D146D0
S31500018B70DBF804300193B9F1000F00F08E80D8F8CC
S31500018B803C3001225B6907A901989847079BDBF8EE
S31500018B900010C3F3D312914240F0868013F07E0F8A
S31500018BA01CD1D8F83C3002225B6908A90198984784
S31500018BB008A8FBF7E0F808270446019B029A3B4404
S31500018BC0002A3BD1A6420FD9361B144640460199CD
S31500018BD0FBF724F9A9EB04090190CCE707A8FBF7F9
S31500018BE0CAF804270446E8E7A41B544528BF54469F
S31500018BF0032C03EB0607AAEB040A1DD9D8F83C306F
S31500018C00294638465B69A208984724F0030304F015
S31500018C1003061F441D44002ED8D0D8F83C3001224B
S31500018C205B6908A9384698473246284608A935445B
S31500018C300BF004FC0026C9E72646ECE7274604F0BC
S31500018C400302039223442A1904920593049BDD1B14
S31500018C50059BD81B039B9F420FD1002FB6D0D8F896
S31500018C603C30012208A95B6998473A46284608A97B
S31500018C700CF029FC78B93D44A8E7D8F83C3001222C
S31500018C8008A95B6998470422284608A90CF01BFC31
S31500018C9008B9043FDAE74FF0360948460BB0BDE89C
S31500018CA0F08F4FF06309F8E74FF06F09F5E700BF62
S31500018CB0F83200200279FF2A02D043691AB93BB182
S31500018CC06FF0860070476FF04042013B9342F7D246
S31500018CD0836823F47F4323F00303002BF0D14FF67F
S31500018CE0F87342889A428CBF6FF085000020704766
S31500018CF070B550B349B30368994226D3D0E902420D
S31500018D0004FB0233994220D2EFF31186302383F319
S31500018D1011880B685C1C0ED00468A3420ED3D0E9FF
S31500018D20025205FB0245AB4208D21B1BB3FBF2F410
S31500018D3002FB143313B943685A1C07D143680B600D
S31500018D40416086F31188BFF36F8F70BD9942F8D0E9
S31500018D501B68F1E720F0FF03B3F5E24F0ED1C0B275
S31500018D6041280BD1FF2A09D10B7823F007030B7099
S31500018D70CB7F03F07F0343F04003CB77704773B596
S31500018D80002504468DF8075020466169FAF798FFD9
S31500018D90266B864209D2236AB5EB430F05D22046DC
S31500018DA00DF10701FFF781F850B19DF80730012B4E
S31500018DB004D120460DF10701FFF777F802B070BD27
S31500018DC00135E1E7F8B5037F0746022B0D46164646
S31500018DD011D0F7F723FE044610B103242046F8BD4F
S31500018DE02E44AE42FAD0384615F8011BF7F7ECFDD2
S31500018DF00028F6D0F1E70D24F0E72DE9F047044607
S31500018E00F7F7BCFC20BB2046F7F7E4FC94F8347076
S31500018E100B2604EB8709D9F83880D9F820A04546F6
S31500018E20554508D03A4629462046F7F754FC03042F
S31500018E3010D5A8450ED0C9F838502046F7F798FD49
S31500018E40002384F835304FF6FF736569E386ADB9C3
S31500018E50BDE8F087C0F30D002946821C3B4620463B
S31500018E60F7F7CBFB013E16F0FF060546D8D140F2D7
S31500018E704531064B064A074802F086FE23463A4626
S31500018E804146AC46A069BDE8F04760471C8D02002B
S31500018E908E8F0200AD8B02002DE9F843044690F84F
S31500018EA0346000EB8607D7F82080656C454525645C
S31500018EB021D0324629462046F7F70DFC030402D598
S31500018EC0BB6B9D4217D1C0F30D00821C3346294668
S31500018ED02046F7F792FB3346814660640222294613
S31500018EE02046F7F78AFB8145A064DED0012384F88A
S31500018EF03530BDE8F8830323F9E770B506460C461D
S31500018F008D18AC4200D170BD304614F8012B0249D0
S31500018F10FEF78EFCF5E700BF898F02008388C288C1
S31500018F2010B59C1C944204D80268D152838802333E
S31500018F30838010BD10B50A7A0446012A02D0022A9E
S31500018F4004D010BD0988BDE81040E7E78388E288B0
S31500018F5003F108009042F4D820681844F7F7EBF9BA
S31500018F60A3880833A380ECE7F7F77EBDF7F77CBD4E
S31500018F70F0B5304B85B018680DF102010BF047FCD6
S31500018F80F5F72BFE2C4B2D4E93F9004093F901502A
S31500018F90C0B9BDF802300B3BF218F05692F9103009
S31500018FA09842A8BF18467F2D04D07F2C3FD0AC42F3
S31500018FB0B8BF2C46A04203DB7F2C14BF20460020FD
S31500018FC005B0F0BD1E4B02AF93E8070004AB03E901
S31500018FD007007F230021184637F8022F7F2CA2F1C4
S31500018FE00B0216F902C005D07F2B1CD0A342B8BFD5
S31500018FF023465BB2324492F910206245A8BF62460D
S315000190008242A8BF02467F2D50B205D07F2B0CD0DD
S31500019010AB42B8BF2B465BB24A1C022A4FF0010194
S31500019020DAD11C46C6E72346E4E72B46F4E72C468D
S31500019030C0E700BF34110020A5130020A7130020AC
S315000190406011002008B5054B01461870044B1868DD
S315000190500BF0A5FD00B1FEE708BD00BF44110020DD
S3150001906034110020024B014618680BF0BABC00BF50
S3150001907034110020014B186803F032BC3411002072
S31500019080024B0122002118680BF0F8BA34110020B6
S315000190900368012B04D1034B034918680BF003BB8A
S315000190A0704700BF34110020C016002000887047A9
S315000190B008B5FFF7FBFF10F4807F0CBF03200220E9
S315000190C008BDF8B50746FFF7F3FF04463846FFF734
S315000190D0EDFF06460D46F6F71FFBC6F3812204EBAC
S315000190E04003022ADBB203D0032A06D00020F8BDD2
S315000190F0FB5A2B8001232B72F8E7F9182846F7F75C
S315000191001AF90223F7E7F8B50746FFF7CFFF054639
S315000191103846FFF7CDFF044628460E46F6F7FCFA19
S31500019120C5F3812304EB4004022BE4B210D0032BD8
S3150001913011D02846F6F71FFBC5F3813504EB400431
S31500019140022DE4B209D0032D0DD095B10620F8BD4C
S315000191500234E4B2EDE70834FBE73B5B33800123DD
S3150001916033720020F3E730463919F7F7E4F80223A2
S31500019170F6E73572F5E71FB500230C46006801A92D
S315000191808DF80C30FFF7BFFF38B99DF80C30012B75
S3150001919005D0022B08D003B9237204B010BD237287
S315000191A0BDF804302380F8E7237201AB03CB2060BE
S315000191B06160F2E708B5FFF779FFC0F3C00008BDAB
S315000191C010B500F0FE44B4F1A06F084C08BF20F4BE
S315000191D07E10A04202D06FF0850010BD0220B1F5CD
S315000191E0105F1070F7D118700020F6E700404004B8
S315000191F08B4228BF0B462DE9F04FA1EB030B03F081
S315000192000707DB084FEA431E02EB431C05461346DC
S315000192104FF00008099C634505F1200511D14FEA7D
S31500019220870C00EB0E0503EB8707821ABB4240F061
S31500019230828005EB0C03BBF1010B80F08C80BDE84D
S31500019240F08F1E6855F8201CA6FB046916EB08066C
S3150001925049F10009761845F8206C5E6855F81C1C22
S31500019260A6FB04A849F1000616EB0A0648F1000818
S31500019270761845F81C6C9E6848F10008A6FB04A602
S3150001928018EB0A0846F1000955F8186C55F8141C34
S3150001929018EB060645F8186CDE6803F12003A6FBF9
S315000192A004A849F1000616EB0A0648F100087618EB
S315000192B045F8146C53F8106C48F10008A6FB04A697
S315000192C018EB0A0846F1000955F8106C55F80C1C04
S315000192D018EB060645F8106C53F80C6CA6FB04A8AF
S315000192E049F1000616EB0A0648F10008761845F81A
S315000192F00C6C53F8086C48F10008A6FB04A618EBA1
S315000193000A0846F1000955F8086C55F8041C18EBD3
S31500019310060645F8086C53F8046CA6FB04A849F147
S31500019320000616EB0A0648F10008761848F100080F
S3150001933045F8046C6FE79E465EF8040BA0FB040635
S3150001934010EB080046F100089E588019985048F124
S31500019350000873466AE71A6812EB08022CBF4FF041
S3150001936001084FF00008B8F1000818BF4FF00108D6
S3150001937043F8042B5FE7002307B506481A46006841
S3150001938001A9F0F76EFC10B90198F5F74DFA03B093
S315000193905DF804FBB40C0020AAE409B1C06EFBE73A
S315000193A07047034608B900207047EFF31182302158
S315000193B081F311884068411C04D182F31188BFF3FF
S315000193C06F8FF0E70168596082F31188BFF36F8FE1
S315000193D07047F7B506460F46C9B1C06EFFF7E1FF04
S315000193E00546B0B10122304601A9EDF735FE044626
S315000193F030B129463046FFF7D0FF204603B0F0BD15
S31500019400019BC3E90050988118773B60F5E7222458
S31500019410F3E71A24F1E710B5EFF31184302383F350
S315000194201188037C23B184F31188BFF36F8F10BDBC
S315000194308368C260416003F140021B6C53B903604B
S315000194401060826892F84430013382F84430012377
S315000194500374E8E71A461B68F0E737B504460522A8
S31500019460D0F8A40001A9EDF7F7FDB0B9019B5C6145
S31500019470227A5A74E27A62F07F021A74EFF3118546
S31500019480302383F31188D4F8A40001990830EDF74D
S31500019490E5FE85F31188BFF36F8F03B030BD0A7CFB
S315000194A010B57F2A4FEA921398BF0023EFF3118478
S315000194B0302282F311881BB9437B43B990300BE00C
S315000194C0032B10D1837B73B90123837301E0013B25
S315000194D04373D0F8A4000830EDF7C0FE84F3118879
S315000194E0BFF36F8F10BD9430F6E7053803288CBFA4
S315000194F000200120704708B5C36800209847034B38
S315000195001868BDE808400CF093BF00BF9C320020EC
S315000195107FB50C46054658B390F8343053B3164E12
S315000195200121FAF7FAFB3246284614490DF10F03D9
S31500019530FAF7B7FE0246B8B99DF80F30012B0ED1E6
S315000195403369082B12D1214600902846FFF7FEFA0F
S315000195500446E86BFFF7CFFF204604B070BD022B2F
S315000195600CBF60242D24F4E72D24F2E76324F0E7F1
S315000195702124F1E71124EFE7F832002000710800F9
S31500019580F8B50446EFF31186302383F311888C3046
S31500019590EDF75AFE054620B986F31188BFF36F8FA2
S315000195A0F8BD837C00F130073BB101338374D4F8F5
S315000195B08C300363C4F88C70EEE704F130000CF0D4
S315000195C01FFE86F31188BFF36F8FAE682EB9296827
S315000195D0D4F8A400FFF7E1FE2E60EFF311813023EA
S315000195E083F31188AB7CD4F8A4200133AB74936860
S315000195F02B639760237C01332374E37B013BE37385
S3150001960081F31188BFF36F8FD4F8A420D2F8AC3060
S315000196100133C2F8AC30C3E72DE9F04792B00446F6
S31500019620DDE91B65DDE91D789246894629B96FF0AA
S315000196308604204612B0BDE8F087002AF7D0002E36
S31500019640F5D00DB9002FF2D1B8F1000FEFD0238874
S31500019650B3F5105F4BD12822002108A80AF08AFD34
S315000196602022002168460AF085FD08A80CF021FF9A
S3150001967010B16FF09204DCE720466B46524649462C
S31500019680FCF7DEFE04460028D3D1009B103B102BCD
S31500019690CDD8184A22FA03F3DB07C8D5AE421FD24A
S315000196A006F110039D421BD20F2FC0D9314610225D
S315000196B028460AF072FE2E4632462B46694608A80F
S315000196C0FEF7E0F8064670B139462846FCF740F841
S315000196D00023012EC8F80030CBD16FF08B04A8E728
S315000196E00F2FE9D8A3E71023C8F80030A1E76FF0E0
S315000196F085049EE7010101002DE9F04FA7B00F4651
S31500019700DDE9339815469B460446002800F0B680ED
S31500019710002900F0B380359B002B00F0AF80319B10
S315000197201BB1309B002B00F0A9803DB1329B002B71
S3150001973000F0A480B9F1000F00F0A080A8F10403A5
S315000197400C2B00F29B803B68103B102B00F296809D
S315000197504B4A22FA03F3DB0740F19080494B0DF1A6
S315000197608C0A43EA0823236000235146636023627F
S31500019770A3603846FCF7A3F8034600287AD12046B1
S3150001978023990CF0A0FE204631990CF09CFE294647
S3150001979020460CF098FE01264FF00053204602A900
S315000197A003960493FCF743F9384605A9FCF719F922
S315000197B0034600285ED1204605A9FCF738F9324B4D
S315000197C0CDF88CB02496259308AB9AE8070083E878
S315000197D0070019462046FCF72AF9309B20AA209358
S315000197E0319B219643F0005322930BAB07CA83E8C2
S315000197F0070019462046FCF71AF9329B45F0005737
S315000198001D931DAA1E960EAB1F9707CA83E8070074
S3150001981019462046FCF70BF9359B1AAA1A9348F00C
S3150001982000531B961C9311AB07CA83E80700194620
S315000198302046FCF7FCF8CDF85C9014AB189617AAF5
S31500019840199707CA83E80700B9F1000F03D1169AE1
S3150001985042F080421692194620460CF08CFE2046B4
S315000198600CF05AFE034628B1019029464846FBF7FB
S315000198706FFF019B184627B0BDE8F08F2123F9E75A
S3150001988001010100000003040C0000202DE9F04F46
S31500019890ADF5757D07468846934600211822BAA87C
S315000198A099460AF067FC00219F4BD0221C68B0AE96
S315000198B03160C0A80AF05EFC4FF480723146204642
S315000198C09A4BF0F7CEF9054650B931684868D1E9A7
S315000198D00823000A17D0964CA04220D06FF08605C7
S315000198E03068F4F7A1FF044635BB924BBB939DF854
S315000198F0FC3243F010038DF8FC3210B320460DF50F
S31500019900757DBDE8F08F0420BA90C0A8FEF7E4F893
S3150001991010F1860F054608D10123BA93E0E704202A
S31500019920BA90C0A8FEF7D8F805463368002DD7D1FE
S315000199301B88ADF8F032D3E7BAA8FEF779FB2C46BF
S31500019940DCE7BA9B002B00F08A809DF8FC2212F01E
S315000199500E0F40F08480012B04D0042B75D06FF0DC
S315000199608604A5E0744BC09A9A421AD19DF8073332
S31500019970022B67D0102B65D8DC0763D40522CDE90D
S31500019980CB23DB9BC2A843F00203CDF82893CD95E8
S31500019990DB93F1F7CAFAF0F717F80446002840F00E
S315000199A087800523CDE9BD399DF8FC32BA9A43F08B
S315000199B002038DF8FC32002A51D09DF8FC32D907FA
S315000199C04DD4BB9B5D4923F47E138B4203D001F535
S315000199D080718B42C3D1012A58D0042ABFD1DD9BA5
S315000199E0002B3CD138687968D9AB03C3B8681860D5
S315000199F00C23DD939DF8FC32BA9A43F001038DF8EE
S31500019A00FC3262B39DF8FC3203F00901012926D12B
S31500019A109B0754D5BD9B042BA1D9053BBD93012AB8
S31500019A2052D0042A9BD1B8F1000F98D0CA9BB3B18A
S31500019A30DDE9D332134312D105224146CAA8FCF708
S31500019A40F3F94BE06FF00C00A5E7CA9B3B4923F401
S31500019A507E128A4206D001F580718A4205D06FF0E6
S31500019A60880425E0D8033FF57AAF13F4701F3FF45D
S31500019A7076AFC3F30543102B3FF671AFDDE9D33261
S31500019A801343ECD10523CDE9D7398AE72A4BC09A8E
S31500019A909A4231D19DF806130C233A4601F0010191
S31500019AA0C2A8F1F781FAEFF78FFF04460028A1D08B
S31500019AB0BAA8FEF7BDFABAA8FEF7BAFA1EE71E4B18
S31500019AC0BB999942ABD1CAE71B4BC09A9A4213D1B3
S31500019AD04146C2A8FEF7BAFBEFF776FF0446002817
S31500019AE0E6D19DF8FC32BA9A43F004038DF8FC32B4
S31500019AF02AB96FF088060FE06FF08504D8E79DF864
S31500019B00FC32DF07F5D59D072ED5BD9B13B9BE9B4C
S31500019B10994515D96FF08606BAA8FEF789FABAA84B
S31500019B20FEF786FA3446E9E6B40C00200002480541
S31500019B3002008000000250050001500500014005A9
S31500019B40A3EB0903BE93012A13D0042AE2D12822EA
S31500019B50002130460AF00EFB30460CF0AAFC054601
S31500019B6030B36FF09206D7E7A94BBB999942EAD178
S31500019B70BFE7A74BC09A9A4240F0BB83DB9BD8064E
S31500019B8013D4CC9B23B1CD9BCA9A4B4493420CD898
S31500019B905B464A465946C2A8F1F73AFAEFF714FF6F
S31500019BA006460028B8D14D4620E06FF00C00F5E7D7
S31500019BB0CA9B984A23F47E13934208D19DF8A63393
S31500019BC0934F4B4499450BD26FF08906A4E7924A0D
S31500019BD0934240F08E839DF8C833904F102BF0D1FD
S31500019BE0BBF1000F0FD1B9F1000F93D19DF8FC32F3
S31500019BF0BA9E43F008038DF8FC32002E40F07C83B8
S31500019C006FF08804AFE3B9F1000FEFD0DDE9D3239C
S31500019C101A4307D11146CAA8FCF706F906460028D9
S31500019C207FF47AAF7A4B9F4200F09C82DDE9D6320F
S31500019C3013EB090352F100024FF0000128BF012185
S31500019C4000298ED16FF01F0098424FF00F03934108
S31500019C5087D39DF8C86316F0EF0F00F0098109EB71
S31500019C6006030DF56E7E0F2BB6440FD84A465946AC
S31500019C7070460AF0E3FB9DF8C883C8445FFA88F88A
S31500019C808DF8C883D49B4B44D493AFE7102BE6AF32
S31500019C900AD1B8460DF55E7CB8E80F00ACE80F00B6
S31500019CA098E80F008CE80F00C6F11003DBB21A46E4
S31500019CB05946704604930AF0C1FB5F979DF8CA3373
S31500019CC0574F58494FF00108002B08BF3946CDF8C8
S31500019CD080810DF1B00C61915FAA07CA8CE807007B
S31500019CE0DFF84CC1EEA95C915CAACDF874810DF147
S31500019CF0BC0ACDF878C107CA8AE80700CDF864B175
S31500019D0059AACDF86881CDF86CC10DF1C80C07CA06
S31500019D108CE80700E6A9569156AACDF85C815897BA
S31500019D2035AF07CA87E807009DF8C9033E493F4A90
S31500019D30404508BF0A46002B0CBF032343461A437E
S31500019D400023ACA9CBA8B193B092B293B893FBF719
S31500019D50B6FD059000287FF404AFAC99B0A80CF0CD
S31500019D60B2FB059BB0A819460CF0ADFB1021B0A8BB
S31500019D700CF0A9FB4FF0005338A9B0A8CDF8E48048
S31500019D803A93FBF754FE3BA9CBA8FBF72AFE002822
S31500019D907FF4E7AE3BA9B0A8FBF749FE2CA9B0A812
S31500019DA0FBF745FE5146B0A8FBF741FE32A9B0A824
S31500019DB00CF0E1FBB0A839460CF0DDFBB0A80CF0C5
S31500019DC0ABFB20B12021E6A8FBF7BAFCC9E6D69B7E
S31500019DD0D79A103342F10002CDE9D6329DF8C83345
S31500019DE08DF8CA034B44102B03D110258DF8C833C7
S31500019DF048E7049BA9EB03070F2F1BD81946103E12
S31500019E003A465944EEA84E440AF018FBF3B2ECE781
S31500019E100001500500014005000240050002500501
S31500019E20200000200C0000200000030400000204B2
S31500019E30100000200BF11003059310238DF8C803C1
S31500019E400693049B17F00F020BEB03061BD0102F92
S31500019E505FFA87F811D927F00F07F9185944EEA8C8
S31500019E6008F00F080AF0EAFA8DF8C8835E46C4E0E6
S31500019E704F46CDE905B10491E3E73A463146EEA8EE
S31500019E800AF0DCFAFCE6102F00F04B81A7F1100571
S31500019E9072199DF8CAE3EEAB02F110089C461068F0
S31500019EA051680832ACE8030042456346F6D14FF0EB
S31500019EB01003A8498DF8C833A74B4FF00108BEF12E
S31500019EC0000F08BF19460DF5667ACDF84CA10DF1C4
S31500019ED0680CCDF8508153AA559107CA8CE8070042
S31500019EE0509645F00056CDF844810DF1740C52960A
S31500019EF050AA07CA8CE8070005994DAA4D91CDF8DD
S31500019F0038814F9620AE07CA86E80700CDF828A10A
S31500019F104AAACDF82C8123AE4C9307CA8F4B86E80B
S31500019F2007008F4A9DF8C913CBA8414508BF1346C0
S31500019F30BEF1000F0CBF032242461343B093002328
S31500019F40ACA9B193B893B293FBF7B9FC079000287B
S31500019F507FF407AEAC99B0A80CF0B5FA079BB0A890
S31500019F6019460CF0B0FA2946B0A80CF0ACFA4FF03D
S31500019F70005326A9B0A8CDF89C802893FBF757FD7E
S31500019F8029A9CBA8FBF72DFD00287FF4EAAD29A965
S31500019F90B0A8FBF74CFD1AA9B0A8FBF748FD1DA90F
S31500019FA0B0A8FBF744FD20A9B0A80CF0E4FAB0A8CC
S31500019FB031460CF0E0FAB0A80CF0AEFA00287FF4B6
S31500019FC001AF059BD79A2B440593D69B8DF8CA03FF
S31500019FD05B1942F10002CDE9D632069B0BEB050671
S31500019FE01F44A7F110035746DEAD06930FCF0FC5E9
S31500019FF097E80F00102785E80F00D69BD79ADB1943
S3150001A00042F10002CDE9D632534D9DF8CA3351498A
S3150001A0104FF0010A002B08BF29460DF5667CCDF8E5
S3150001A0201CC10DF1200ECDF820A147AA499107CAFE
S3150001A0308EE80700049944AA0E44449647F0005658
S3150001A040CDF814A10DF12C08469607CA88E8070039
S3150001A050059941AA4191CDF808A143960EAE07CACA
S3150001A06086E80700CDF8F8C03EAACDF8FCA04095D9
S3150001A07011AD07CA85E807009DF8C9033849374A73
S3150001A080504508BF0A46002B0CBF032353461A430B
S3150001A0900023ACA9CBA8B193B092B293B893FBF7C6
S3150001A0A00EFC049000287FF45CADAC99B0A80CF0CE
S3150001A0B00AFA049BB0A819460CF005FA3946B0A86D
S3150001A0C00CF001FA4FF0005314A9B0A8CDF854A032
S3150001A0D01693FBF7ACFC17A9CBA8FBF782FC00286B
S3150001A0E07FF43FAD17A9B0A8FBF7A1FC08A9B0A85A
S3150001A0F0FBF79DFC4146B0A8FBF799FC3146B0A899
S3150001A1000CF039FAB0A829460CF035FAB0A80CF0D3
S3150001A11003FA00287FF456AE069D8DF8CA033D4426
S3150001A120B0E5DEAD0DF5667CBCE80F000FC59CE819
S3150001A1300F0085E80F00EEAB06F110051A463068F0
S3150001A1407168083603C2AE421346F7D110238DF863
S3150001A150C8338BE60C00002020000020000002041A
S3150001A1600000030410220021A4A80AF003F810221B
S3150001A1700021A8A809F0FEFF10220021ACA809F0D1
S3150001A180F9FFD69B19EB030213462CBF01250025C7
S3150001A190BFF4E7ACD79A93423FF6E3AC96490BEB93
S3150001A1A0090088423FF6DDAC9DF8A60309EB000ADB
S3150001A1B0BAF10F0F0ED893420CD00DF29633184414
S3150001A1C04A4659460AF03AF99DF8A6334B448DF8AA
S3150001A1D0A63357E55F46CDF810B0ACAEBAF1100F15
S3150001A1E04FF010024FF000013046D04628BF4FF025
S3150001A1F0100809F0BFFF9DF8A633002B62D0102B83
S3150001A2003FF6AFAC1A460DF29631304605930AF089
S3150001A21015F9059B3946C3F11002F01805920AF0AB
S3150001A2200DF94FF00003059A8DF8A63317449DF8F2
S3150001A2307433002B4DD0049B4246CDE90163A8AB94
S3150001A2400093CBA90DF27533B0A8FDF77BFB9DF802
S3150001A25074230346012A16D110220021304609F043
S3150001A26089FF4246049930460AF0E8F8A4AB009308
S3150001A2700DF286323346CBA9B0A8FEF7C4FA0346DF
S3150001A28000287FF46EACD699049808EB0102D692A9
S3150001A290AAEB080240440F2A4544049027D8D798D0
S3150001A2A05144814221D039460DF29630CDE904233D
S3150001A2B00AF0C4F8049A059B8DF8A623002B3FF4F7
S3150001A2C0E1AC4EE43946424630460AF0B7F8474417
S3150001A2D0ADE7A4AB00930DF286323346CBA9B0A805
S3150001A2E0FEF791FA0028A6D03BE4002AE6D0924672
S3150001A2F074E76FF085060FE49DF8FC32D9074CD55B
S3150001A3009A0707D5DDE9BD210A4303D06FF086041C
S3150001A310002628E013F010033FD0012E0FD0042EA3
S3150001A320F4D128220021B0A809F024FFCA9FC7F35F
S3150001A3300548B8F1080F27D96FF08904E8E79DF8B9
S3150001A3400723082AF8D82D4BC099994240F09682E6
S3150001A350FE99C2A8F0F7A8FDEFF736FB04460028E0
S3150001A360D6D19DF80763FE9B2121C6F108029819F3
S3150001A37009F000FFBAA8FDF75BFE002C7FF49BAB4A
S3150001A380FEF7F9FFFFF7BABAA9EB0509B9F1FF0F15
S3150001A390BCD8FE9B002BB9D017B96FF08804B7E77C
S3150001A3A0DDE9D3631E4307D132463146CAA8FBF71E
S3150001A3B03BFD08B10446D6E7CA9B114A23F47E1336
S3150001A3C0934212D002F58072934211D0B3F1052F58
S3150001A3D00C4B14BF4FF0000A9A46B0A80CF069F86E
S3150001A3E0064698B16FF0920492E7DFF810A0F4E701
S3150001A3F0DFF814A0F1E700BF0000012000015005BD
S3150001A400000140050005100500025005804B9A45E4
S3150001A41000F0CA8103F580739A4540F027829DF8C2
S3150001A420C933002B40F0268217F4701F00F02382F7
S3150001A4309DF8C873102F04D05FFA89F9B945C0F0A9
S3150001A4401A8217F00F0C14BF3B460023D69AD799F0
S3150001A4509B1841F10001DDE9D82E52EA0E00CDE943
S3150001A460D63115D053EA010012D1DAA94246FE9837
S3150001A47009F0E4FF1021DAA8FBF762F94646B0A815
S3150001A4800CF017F80028ADD1002C18BF00266AE79A
S3150001A4909DF8CA035D4440B952EA0E0040F0C280FD
S3150001A4A0A3F11000084340F0BD800F2F04D827B157
S3150001A4B01DB94FF0210BA6E0A8ADCB9B103B102B8D
S3150001A4C0F7D8544A22FA03F3DB07F2D5524B0DF5BE
S3150001A4D02C79B09300234946CBA8B193B893B29394
S3150001A4E0FBF7EDF98346002840F08D804FF0010916
S3150001A4F04FF0005AAC99B0A80BF0E5FF5946B0A849
S3150001A5000BF0E1FF3946B0A80BF0DDFF83A9B0A837
S3150001A510CDF81092CDF814A2FBF789FA86A9CBA83B
S3150001A520FBF75FFA834600286DD186A9B0A8FBF731
S3150001A5307EFAE6AA9892394ACDF864920DF5097C1D
S3150001A54098AB9A9293E807008CE807006146B0A899
S3150001A550FBF76DFACDF86CB20DF50C7CCDF8709267
S3150001A5609BABCDF874A293E807008CE8070061461F
S3150001A570B0A8FBF75CFA47EA0A0AEEAA9E929EABDE
S3150001A580CDF87C920DF50F7CCDF880A293E80700FB
S3150001A5908CE807006146B0A8FBF749FAA195A1AA84
S3150001A5A0CDF8889292ABCDF88CA207CA83E8070052
S3150001A5B01DB99A6842F080429A601946B0A80BF01C
S3150001A5C0DAFF01220DF52C79CDF89092A592144A65
S3150001A5D00DF5157CA4ABA69293E807008CE807005D
S3150001A5E06146B0A80BF0C7FFB0A80BF095FF8346F4
S3150001A5F028B942464946FE9809F020FF3EE739460A
S3150001A6002846FBF7A5F84146FE98FBF7A1F8C3E0FB
S3150001A6100001500501010100000002040C000020A8
S3150001A62010000020500FD20040EACE0012BAA992C3
S3150001A6305A0FDB001BBAAB93EEAB7793012342EAC9
S3150001A640C102789312BA47F0005300BA79930DF517
S3150001A650C479AA9277AA0DF5287ECEF8000007CA1A
S3150001A66089E80700BCF1000F40F09C80002F00F044
S3150001A6709980DEA94FF0010C7A918249CDF8ECC19F
S3150001A6807AAA7C910DF5CA7907CA89E807007E493D
S3150001A690CDF8F4E17DAACDF8F8C10DF5D07E7F9114
S3150001A6A007CA102F8EE80700809580AACDF804C24C
S3150001A6B082936BAB07CA83E8070005D100221A60B3
S3150001A6C09A6842F080429A604FF0010AFE9AACAB5A
S3150001A6D0AC9248F00052CDF8B4A2AE9293E80700CE
S3150001A6E06A4B6EAD43EA0823B093002385E8070061
S3150001A6F0A4A9CBA8B193B893B293FBF7E0F883462C
S3150001A700002849D1A499B0A80BF0DDFE5946B0A89E
S3150001A7100BF0D9FE3946B0A80BF0D5FE4FF0005329
S3150001A72071A9B0A8CDF8C8A17393FBF780F974A9F4
S3150001A730CBA8FBF756F9834670BB74A9B0A8FBF703
S3150001A74076F94946B0A8FBF772F962A9B0A8FBF7FA
S3150001A7506EF968A9B0A8FBF76AF99DF8C9335345A4
S3150001A76003D12946B0A8FBF762F96BA9B0A80BF093
S3150001A77002FF9DF8C9331BB96EA9B0A80BF0FBFE09
S3150001A780B0A80BF0C9FE834600283FF477AE9DF8CA
S3150001A790C933002B3FF437AFBBF1210F6BD06FF0FC
S3150001A7A092046CE6E6A965E79DF87433002B61D146
S3150001A7B00DF5247A014610225046A8AD09F0DAFCBF
S3150001A7C010223146284609F0D5FCDC9FB84552D304
S3150001A7D09DF8A6335FFA89F94B454CD89DF8852338
S3150001A7E0D8A9C2F10E030DF291208DF8903209F02D
S3150001A7F025FEACAB10223146184609F0BBFC0DF222
S3150001A8008632CDE9000253463A460295CBA9B0A855
S3150001A810FDF798F8834690B99DF87433DC9A012BBD
S3150001A8201FD12F460346FE9902EB010C8C4510D130
S3150001A8302BB11146FE98FAF78BFF4FF02C0B102126
S3150001A8402846FAF77DFFDC9BBBF1000FA4D11E461B
S3150001A85015E611F8010B17F801EB80EA0E00034328
S3150001A860E4E72946FE9809F0E9FDE8E708266FF0D6
S3150001A870850404E608266FF0860400E66FF0850479
S3150001A88046E500BF2000002010000020020002045F
S3150001A8902DE9F04FA1B08946DDE92B540746CDE9F4
S3150001A8A007232D9E00283AD0B0F800A00AF4E04311
S3150001A8B0B3F5005F36D10AF4E062B2F5806F31D1AB
S3150001A8C0072C2CD94FF00808099345B3A4EB0804CB
S3150001A8D005EB040B424659460AA809F0AFFDB9F14A
S3150001A8E0000F1CD02A9BD3B1099B0EB92E9AB2B97F
S3150001A8F02F9AA2B1B3F5005F17D10AF4E063A3F56D
S3150001A900806253425341DB00BAF5105F07D17A8862
S3150001A91022F0400180290AD0B2F5807F07D06FF07E
S3150001A920860716E04FF00008CEE70023ECE7002B80
S3150001A930F5D02822002116A809F01CFC20220021AE
S3150001A9400EA809F017FC16A80BF0B3FD28B16FF09D
S3150001A9509207384621B0BDE8F08F38464946079A36
S3150001A9600EABFBF76DFD07460028F2D12E9B9C42EC
S3150001A97021D8B54207D2B34505D9294622463046E4
S3150001A98009F00BFD35460AABCDE904830523019396
S3150001A9902A9B22460093CDE90256089B0EA916A8CA
S3150001A9A0FEF7AAFE2128BAD02C2807D00028CED13E
S3150001A9B02F9B1C60CDE76FF08907CAE76FF09407FC
S3150001A9C0C7E72DE9F04F044689B0104615460491B4
S3150001A9D0ECF7E9FF00286FDD2046E988EDF700FA7C
S3150001A9E000286CD12B68B4F806900093374D494680
S3150001A9F000982B682B68ECF7FFFF03460733282BDB
S3150001AA0034BF4FF0FA0A4FF01E0ADA08D4F8008074
S3150001AA1023F0070301900292059349464046029AA4
S3150001AA20FDF714FA044618BB059B019A49464046B0
S3150001AA309A1AECF7F2FFBAF1010A43D00499D8F851
S3150001AA400000ECF7BDFF0126C743D5F800B0B145BC
S3150001AA5012D84BEA070303932F682B684B462E68DF
S3150001AA6003F1FF3B83B9039A2B6817409F42D4D069
S3150001AA70204609B0BDE8F08F58F82600ECF71FFF15
S3150001AA8001364BEA000BE2E7009B53F82B2058F8FE
S3150001AA902B301046194607930692ECF791FF079B58
S3150001AAA0069A064311461846ECF78AFF20EA060382
S3150001AAB01F4306435B46D3E76FF00304D8E76FF005
S3150001AAC00F04D5E76FF00D04D2E700BFB00B0020ED
S3150001AAD02DE9F04F01230024ADF50B7D2020CDE9B2
S3150001AAE01243CDE91443CDE9164301F0EFFC07907B
S3150001AAF0002800F06D86202001F0E8FC0590002872
S3150001AB0000F062862AAE3046ECF721FC4FF4804312
S3150001AB1061AD284661932B9FECF721FCA74B30468C
S3150001AB202A93619B38942C93A54B0DF1E0092D9343
S3150001AB30FEF7C0F88346002841D117F0FF084946C1
S3150001AB400CBF28462046F3F7F3FC8346002836D18E
S3150001AB500FCE389CA446ACE80F0096E803008CE8BB
S3150001AB600300B8F1000F01D1619B6361636A83B190
S3150001AB70D4E9086763681B0A06933BD06FF0860B1E
S3150001AB80206A10B1616AEDF73DF80022C4E9082296
S3150001AB9015E03F0A40F0D18147F24110EEF708FF78
S3150001ABA030B1FF2147F24110EFF719F8834630B96A
S3150001ABB020212046EFF742F883460028D8D038985E
S3150001ABC008B1EFF781F85846ECF716FC06902021FC
S3150001ABD00798EDF70DF805982021EDF709F8059886
S3150001ABE001F07CFC079801F079FC06980DF50B7DC8
S3150001ABF0BDE8F08F23885A0440F1AC8003F4E043AA
S3150001AC00002EBBD0002FB9D0628808920732072ADE
S3150001AC104FEAD20800F09E80B3F5804F00F09A808B
S3150001AC202022069950A809F0A5FA4146204650AAC5
S3150001AC30FBF79CFB8346002840F0D285474502D2AC
S3150001AC406FF08C0B9CE7509B014628222846DDF8C5
S3150001AC504CA1099309F08EFA28460BF02AFC10B193
S3150001AC606FF0920B8CE74FF00072FD1C0DF58079A9
S3150001AC7025F00305494650A8CDF888B1CDE95465BC
S3150001AC806192CDF88CB1CDF8A4B1FAF718FE00287F
S3150001AC907DD1409961A80BF016FC012219924FF063
S3150001ACA0005218A961A81A92FAF7C1FE1BA950A869
S3150001ACB0FAF797FE002841D161A81BA90BF05BFCAE
S3150001ACC061A80BF029FC002838D1BAF1000F19D17F
S3150001ACD0099BB3F1805F15D2494650A8CDF800A172
S3150001ACE0CDF84CA1FAF737FD002850D140988307DB
S3150001ACF008D085424BD32A1A514602F0030230444A
S3150001AD0009F038FA6268120A04D13146089A208895
S3150001AD10FEF720F8002162686162120A10D12288CA
S3150001AD2022F0FF01B1F5824F05D1413AD2B2012A93
S3150001AD3088BF08F10108C4F8248003E0482826D119
S3150001AD406FF0850B61A80BF0B4FB002888D11BF1CD
S3150001AD50860F09D125882846EEF72AFED0B1394655
S3150001AD603046EFF75EF88346BBF1000F7FF408AF7C
S3150001AD702379002B40F0C58094F818B06369BBF1C4
S3150001AD80010F089300F0C7806FF0960B17E76FF07D
S3150001AD90920BD7E705F44F43B3F5824F0BD105F478
S3150001ADA0E043B3F5E04F06D1EDB2122D638809D029
S3150001ADB0412D00F087806FF0850BE1E64171FF00C0
S3150001ADC000000209B3F5807FF5D103210023012597
S3150001ADD061A8CDE96353CDE96553CDE96753CDE963
S3150001ADE06953CDE96B53CDE96D53CDE96F53CDE988
S3150001ADF07133CDE97333CDE97533CDE97733CDE9D8
S3150001AE007935CDE97B35CDE97D35CDE97F358DF8D0
S3150001AE1084316293EEF730FD0246002843D161A8E2
S3150001AE20ECF74EFE0228804659D1DDF8C49179A887
S3150001AE304FEAD90AAA441AF0030118BF294601EBC1
S3150001AE409A01ECF7CDFF002856D15246BDF8EA111A
S3150001AE507998FCF7FBFF024628BBC9EBCA01013909
S3150001AE6079A8ECF712FE0246E8B92A46494679A8BE
S3150001AE70EDF7ACF80246B0B9014679A8EDF7A6F8A8
S3150001AE80024680B9294679A8EDF7A0F8024650B9DD
S3150001AE90B9F1FE0F1BD032463B4604F1240161A8ED
S3150001AEA0ECF77AFE024661A80892EEF7A5FC79A8AE
S3150001AEB0ECF7B3FE7BA8ECF7CBFE089A1046EEF74B
S3150001AEC083FD50E7FF2B7FF476AF09217EE74146EC
S3150001AED079A8EDF77BF80246002ADCD0E3E70128E2
S3150001AEE00DD101466EAA79A8FFF76BFD10F10E0F81
S3150001AEF00246F1D1B04AD6E76FF00F02D3E7AF4A67
S3150001AF00D1E72046D4E90812F3F7C9FC83460028A5
S3150001AF103FF432AF53E6022323760023A84A0FAC4F
S3150001AF20136021461A460898EEF79BFE054638B18E
S3150001AF300898EEF7E9FE284646E66FF0860B3EE6F0
S3150001AF4025682B88590406D52A6A696809926A6AAE
S3150001AF50090A0A920BD06FF086040F98F3F764FC86
S3150001AF600FAE0546002C00F084812546E0E703F488
S3150001AF70E043B3F5804F1FD1288800F4E043B3F5D1
S3150001AF80804F20F4405244F2010340F04C819A4232
S3150001AF9008D000F44F43B3F5824F03D0B3F5844F85
S3150001AFA040F04381DDE90901854B864A0093202360
S3150001AFB0EEF720FF0446D0E7099B002BCBD00A9B76
S3150001AFC0002BC8D030AE2022304609F0D3F8DDE997
S3150001AFD0091233462846FBF733FA0446002840F0A7
S3150001AFE0E0802B8803F44F4ABAF5824F07D1413BE3
S3150001AFF0DBB2012B94BF4FF0000B4FF0010BB446AF
S3150001B0004FF02009BCE80F0038AF0FC79CE80F00CE
S3150001B01087E80F00B3684022002161A840AF0D9375
S3150001B020D6F80C8009F0A6F84A460021384609F000
S3150001B030A1F86B88BAF5824F03F107034FEAD303F0
S3150001B0400B9339D15B4213F0030A35D0B8F1000FE7
S3150001B05013D1DDE90A329342FFF47DAF52464146F0
S3150001B060384609F087F80B9A099907EB0A0009F0A7
S3150001B070E5F9C6E90387C6F814904FF0400961ABBC
S3150001B0800C9300220D9B38AF23F0807323F4804389
S3150001B09043F40053C7E902320C9B0DF140084146C7
S3150001B0A03846C7E90439C8F80020FAF775FB0146A6
S3150001B0B050B16FF0920450E7424B4FF0000A5B44E7
S3150001B0C04FF020090C93DCE7D8F800605E44A6EB4C
S3150001B0D04A06202EC8F8006002D96FF089043CE7C1
S3150001B0E0282250A809F046F850A80BF0E2F90028EA
S3150001B0F0DFD1012339461A4630A8FAF77FFB00282B
S3150001B10057D10D9B13F4C04F53D02F4B0DF19C0813
S3150001B110519058905290414630A85093FAF7CFFB80
S3150001B120002846D1279950A80BF0CDF901234FF0FD
S3150001B13000521EA950A81F932092FAF778FC21A964
S3150001B14030A8FAF74EFC002840F0468321A950A802
S3150001B150FAF76DFC384611A9FAF71EFB48BB119A9E
S3150001B1604A4526D801230C9942F00052279124AF73
S3150001B1702893299298E8070087E80700394650A8DE
S3150001B1800BF0F9F9032750A80BF0C6F901280DD1E8
S3150001B190013FF8D16FF08B0450A80BF08AF9002813
S3150001B1A087D114F1860F7FF4D8AEE5E670B1482851
S3150001B1B036D06FF09204EFE700B3FFFF80B0FFFFD8
S3150001B1C09C410020141B002000000102BAF1000F6F
S3150001B1D01CD0A6EB0B094FEA5909524BC9F10007DE
S3150001B1E05B4407F003070DF5C2784A46184608EB9B
S3150001B1F0070109F023F909EB470141444A4648444E
S3150001B20009F01CF90B9940A8FAF7A2FABBF1000F55
S3150001B21003D00422444B83F83C21444B1E60BBE718
S3150001B2206FF08504B8E79A4220D000F44F43B3F596
S3150001B230824F1BD10023619361AB69880093DDE9DD
S3150001B2400923FDF7EDF8044600287FF486AE619DDB
S3150001B2502022364B33492846EEF730FE044628466F
S3150001B260EEF7FAFA28460AF0E1FD76E66FF0850474
S3150001B27073E600287FF45CAE20222A4914A8ECF775
S3150001B280C9FD2022274914A8ECF759FB2022284999
S3150001B29012A8ECF7F4FD2022254912A8ECF71CFBB5
S3150001B2A04FF480423146234B08983460EEF7D9FCBF
S3150001B2B0074678BB35682B8823F0FF03B3F5E24FC9
S3150001B2C002D0B3F5E44F05D16B880733B3F5847F1C
S3150001B2D080F01D82D5E908986C68240A40F01A822C
S3150001B2E00EAB03932023059A0293CDE9003249461A
S3150001B2F0424628460E4BFCF739FC10F1860F0746ED
S3150001B30040F00781288820F0FF03B3F5E24F13D000
S3150001B3106FF0860720210598EEF783FD20230E9313
S3150001B320FAE000BF141B0020D81900209C41002020
S3150001B330341B00200000020910AE698843464A46C4
S3150001B34000961094FDF76CF807460028E2D1109E8E
S3150001B35011AD33782C60032B00F0EC80092B00F043
S3150001B360ED802746A422002161A808F003FF47F4D7
S3150001B370824020232146914A0095FDF751F8D5F8E0
S3150001B38000800746002840F09C809DF8853198F89A
S3150001B3900010002B40F0D580012262A8CDE963326E
S3150001B3A0CDE96532CDE96732CDE96932CDE96B3256
S3150001B3B0CDE96D32CDE96F32CDE97133CDE9733324
S3150001B3C0CDE97533CDE97733CDE97933CDE97B2302
S3150001B3D0CDE97D238DF884318DF886218DF885118F
S3150001B3E08DF88831CDE97F23CDE98123CDE983230A
S3150001B3F0CDE98523CDE987238992EEF73DFA002829
S3150001B40040F0A9809DF88631012B00F09E806C48A2
S3150001B410EEF7DAFA0746002853D19DF885313178DF
S3150001B420002B40F09A80012262A8CDE96332CDE972
S3150001B4306532CDE96732CDE96932CDE96B32CDE9C5
S3150001B4406D32CDE96F32CDE97133CDE97333CDE993
S3150001B4507533CDE97733CDE97933CDE97B23CDE971
S3150001B4607D238DF884318DF886218DF885118DF82F
S3150001B4708831CDE97F23CDE98123CDE98323CDE948
S3150001B4808523CDE987238992EEF7F6F9002874D151
S3150001B4909DF88631012B63D04948EEF795FA0746A8
S3150001B4A078B99DF88631012B69D04548EEF78CFABB
S3150001B4B0074630B90E9B0734B3EBD40F05D06FF0B6
S3150001B4C0960720210598ECF793FB9DF88631012B11
S3150001B4D00ED162A8EEF790F97AA8ECF79EFB7CA84C
S3150001B4E0ECF7A9FB82A8ECF7A6FB88A8ECF795FB7D
S3150001B4F000234046ADF884318DF88631EEF7ACF97C
S3150001B50040460AF093FC3046EEF7A6F930460AF0BB
S3150001B5108DFC002F7FF4FEAE0F98F3F785F90446F4
S3150001B520002F00F0FA803C460898EEF7EDFB204626
S3150001B530FFF74ABB4FF48074122713E7FF24412714
S3150001B54010E78B423FF45EAF61E708F1680182A81C
S3150001B550ECF7FCFC5CE71B485AE78B4298D09BE76B
S3150001B56006F168017CA8ECF7F1FC002895D106F1FB
S3150001B57060017AA8ECF7B4FC8FE712488DE7719B5E
S3150001B580002B92D00146412250A89DF8885108F01F
S3150001B590F1FD4022394640A808F0ECFD1822394653
S3150001B5A038A808F0E7FD6B1E082B0DD8DFE803F07D
S3150001B5B08B0C7B80830C0C0C860000BF341B002097
S3150001B5C080B0FFFF80B1FFFF4FF0000A6FF07107F7
S3150001B5D055463846FAF76AFB00287FF467AF4FF401
S3150001B5E0804330AF38463093EBF7B9FE309B0AF112
S3150001B5F007023A9305F48243B3F5824F4FEAD20923
S3150001B600099363D1EBB2412B60D14A4640A97AA88E
S3150001B610CDF8C090ECF760F94A4650A982A8ECF73C
S3150001B6205BF94F464123ADF8E2A00DF5A07B0DF184
S3150001B630C00AADF8E05038A84A46CDE901B340A9A1
S3150001B6405B46CDF80CA00097FCF790FAFAF72EFBB3
S3150001B65000287FF42BAF05F48243B3F5824F594698
S3150001B660309A88A84DD1EDB2412D4AD1ECF7D2FBE3
S3150001B67088A8ECF7CFF90730B0F5847FBFF415AF92
S3150001B680719B62A813F0070518BF012505EBD305C9
S3150001B6900E95ECF715FA02282A46059988A833D1A2
S3150001B6A0ECF71AF902E74FF4807A47F2121590E7A0
S3150001B6B04FF4C07AF9E740F2092AF6E74FF0FF0A9C
S3150001B6C047F2411585E74FF0C00AEEE74FEA490711
S3150001B6D04A4640A901377AA83097ECF730F9042396
S3150001B6E04A460DF2411182A88DF84031ECF727F94F
S3150001B6F009F1010150AB4A46194484A8ECF71FF938
S3150001B70090E7ECF7BCFBB3E7ECF719F9CEE66FF07F
S3150001B7108907FFE56FF08507FCE500287FF404AF94
S3150001B7202022059916A8ECF7AAFB40AD202205991F
S3150001B73016A8ECF7D1F82B462021079A05984097D1
S3150001B740FCF7EEFA04460898002C7FF4EEAE409D15
S3150001B750202D7FF4EAAEEEF7D7FA044620B129464A
S3150001B7600798ECF745FAE2E6204E96F87C311BB1D4
S3150001B77001230693FFF72BBA012561A8EBF7E7FD35
S3150001B78050A864975095EBF7EAFD509B0799639390
S3150001B7904FF484436693164B1022CDE9613561A8B7
S3150001B7A050ABEEF719FF044610210798ECF720FA83
S3150001B7B01CB986F87C51FFF70ABA2046EBF71CFE46
S3150001B7C0031E18BF0123D4E719230693FFF70ABA0C
S3150001B7D019230693FFF709BA01283FF4DBACE6E427
S3150001B7E010F1860F7FF4CCA9FFF7B4BAD81900205F
S3150001B7F001108000F7B5012300220546CDE900239B
S3150001B8000E46021D02216846FFF7DBF8044648BBD7
S3150001B81006F110026B4611462846EDF7F0FB044689
S3150001B82000BB06F108076B463A4639462846EDF74E
S3150001B830E6FB0446B0B96B466A4669462846EDF70B
S3150001B840DEFB044670B96B46324631462846EDF7B3
S3150001B850D6FB044630B96B463A4639462846EDF7DB
S3150001B860CEFB04466846ECF7D8F9034814F10E0FEF
S3150001B87018BF204603B0F0BD00B3FFFF002201232D
S3150001B88073B50646CDE900230D46021D0221684621
S3150001B890FFF797F8044678B96B462A46294630469B
S3150001B8A0EDF7ADFB044638B905F110026B461146BA
S3150001B8B03046EDF7A4FB04466846ECF7AEF90348BB
S3150001B8C014F10E0F18BF204602B070BD00B3FFFF82
S3150001B8D0F8B504464518073549420D40A5F1080655
S3150001B8E03046EEF7BBFA6188331BA1EBE30125F87D
S3150001B8F0061CA088DA1000EBE30080B225F8040CE0
S3150001B900A188D1B1A4EBC1014F88C880D019488064
S3150001B910E188C9B18A1A92B204EBC10125F8022C59
S3150001B9208A80A2889AB911498A681344CA688B60C9
S3150001B930934200D9CB603046F8BD15F8081C41F09A
S3150001B940020105F8081CE3E725F8021CE9E7A4EB68
S3150001B950C2042278D207EED5044A91680B44D16815
S3150001B96093608B4288BFD360E5E700BF981900203A
S3150001B9702DE9F047002390464A1C08BF0821C8F864
S3150001B9800030002800F099804D4F7B68984280F086
S3150001B9909480073020F00705EFF31189302383F3F4
S3150001B9A011887E69BEB133787288DB074FEAC2021D
S3150001B9B004D5F3887BB106EBC306F4E79542F8D8C4
S3150001B9C006F10803B3FBF1F001FB103353B12B442D
S3150001B9D09A42EED343B989F31188BFF36F8F1920C9
S3150001B9E0BDE8F0872B46F5E770883A69C3EBC000DE
S3150001B9F0013A27283A614ED99D4205F1080A45D0F8
S3150001BA003046FFF765FF0446A2445046EEF726FA94
S3150001BA10628805F10F01A2EBD102CB08AAF8022038
S3150001BA20AAF80430E288002A32D0D31A9BB204EB7A
S3150001BA30C202AAF806309380ED086580BAF8043090
S3150001BA400022E38031465046FCF760FFBB68FA6886
S3150001BA5008339342BB6088BFFB60237843F0010340
S3150001BA6023703B6901333B616288BB68083403EB91
S3150001BA70C203FA68BB60934288BFFB60C8F8004006
S3150001BA8089F31188BFF36F8F0020A9E73446BBE71E
S3150001BA90AAF80620D0E79D420DD03046FFF718FFE1
S3150001BAA004462378012243F00103314620462370E0
S3150001BAB0FCF72CFFD8E73446F3E7212090E700BFD7
S3150001BAC098190020002370B51646136089B180B11C
S3150001BAD001FB00F54FF0FF312846FFF749FF044609
S3150001BAE028B9306818B12A46214608F043FB20469A
S3150001BAF070BD2124FBE702464FF0FF31102037E7E6
S3150001BB0000F00CB800F00AB800F008B800F006B86A
S3150001BB1000F004B800F002B800F000B872B61EF0EA
S3150001BB20080F09D01EF0040F0DD0DFF850E0AEE883
S3150001BB30FF1F6FF002000CE0DFF840E0AEE8FF1FE8
S3150001BB406FF00E0005E0DFF834E0AEE8FF1F6FF09E
S3150001BB5006006946EFF309828EE807008646084823
S3150001BB60084C854501D3A54501D384F30888F3F72D
S3150001BB70D1FB84F30888F3F7BFFB0000E03E002009
S3150001BB8048000020C80A00201FB514461A46094B72
S3150001BB9005461B68D8684CB1074B00910749CDE9AA
S3150001BBA001342B4600F0C6F808F0EFFA044B1C46A8
S3150001BBB0F3E700BFC0410020D9890200E6890200EF
S3150001BBC0AD8C020008B5064B044613B10021AFF354
S3150001BBD00080044B1B6803B198472046F7F7D3FF53
S3150001BBE000000000083B0020002310B504468360D6
S3150001BBF0818119464366C28108228361C0E9003307
S3150001BC00C0E904335C3008F0B5FA0D4B2462636277
S3150001BC100C4BA3620C4BE3620C4B23630C4B9C4213
S3150001BC2006D003F16802944202D0D0339C4205D17A
S3150001BC3004F15800BDE8104008F0A4BA10BD00BFD9
S3150001BC40ED4002000F410200474102006D41020032
S3150001BC50D0390020024A0349034808F029BA00BF37
S3150001BC60B4410020CF420200C441002041680C4B80
S3150001BC70994210B5044601D008F029FBA168094B89
S3150001BC80994202D0204608F022FBE168064B994210
S3150001BC9004D02046BDE8104008F019BB10BD00BF16
S3150001BCA0D0390020383A0020A03A00200C4B04215C
S3150001BCB00C4A0D4810B51A600022FFF795FF0A4B92
S3150001BCC0012209211C4603F16800FFF78DFF0222BC
S3150001BCD004F1D0001221BDE81040FFF785BF00BF77
S3150001BCE0083B002055BC0100D0390020014808F06E
S3150001BCF04ABA00BFA93E0020014808F045BA00BF74
S3150001BD00A93E002010B50446FFF7F0FF236A1BB1D8
S3150001BD10BDE81040FFF7F0BF044B2362044B1B68DC
S3150001BD20002BF5D1FFF7C2FFF2E700BF6DBC0100A2
S3150001BD30083B00200EB403B503AB0146054853F892
S3150001BD40042B0068019300F071F802B05DF804EB72
S3150001BD5003B07047C041002038B50023054D0446A5
S3150001BD6008462B60F7F70CFF431C02D12B6803B181
S3150001BD70236038BD0C3B002038B50446064D084605
S3150001BD80114600222A601A46F7F707FF431C02D123
S3150001BD902B6803B1236038BD0C3B002038B504463F
S3150001BDA0064D0846114600222A601A46F7F7F7FEA5
S3150001BDB0431C02D12B6803B1236038BD0C3B002024
S3150001BDC038B50446064D0846114600222A601A4631
S3150001BDD0F7F7E7FE431C02D12B6803B1236038BD98
S3150001BDE00C3B002070B50D4B00260D4D5B1B9C10C6
S3150001BDF0A64209D10B4D0AF023FC0B4B00265B1B17
S3150001BE009C10A64205D170BD55F8043B01369847F2
S3150001BE10EEE755F8043B01369847F2E76042002009
S3150001BE205C42002060420020644200202DE9F04F70
S3150001BE300D469DB014469846064618B1036A0BB9DD
S3150001BE40FFF760FF6B6ED90705D4AB899A0502D45B
S3150001BE50A86D08F098F9AB891B0701D52B699BB929
S3150001BE602946304600F09AFA70B16B6EDC0704D5AC
S3150001BE704FF0FF301DB0BDE8F08FAB899805F7D4C0
S3150001BE80A86D08F081F9F3E70023CDF80C804FF097
S3150001BE900109DFF8B481099320238DF82930302375
S3150001BEA08DF82A3023469A4613F8012B0AB1252A22
S3150001BEB0F9D1BAEB040B0BD05B4622462946304634
S3150001BEC008F081F9013000F0A780099A5A440992D5
S3150001BED09AF80030002B00F09F8000234FF0FF32CC
S3150001BEE00AF1010A049307938DF853301A93CDE9A9
S3150001BEF0052354460522544814F8011B08F090FA0C
S3150001BF00049AD8B9D10644BF20238DF853301307BC
S3150001BF1044BF2B238DF853309AF800302A2B15D0C5
S3150001BF20079A544600204FF00A0C214611F8013BAE
S3150001BF30303B092B4BD9B0B1079214E0A0EB0803B3
S3150001BF40A24609FA03F313430493D2E7039B191D8F
S3150001BF501B68002B0391BBBF5B4242F002020793B1
S3150001BF600793B8BF049223782E2B0AD163782A2B24
S3150001BF7032D1039B02341A1D1B6843EAE373039211
S3150001BF800593DFF8D4A003222178504608F048FA39
S3150001BF9038B1A0EB0A004022049B013482401343CE
S3150001BFA0049314F8011B062228488DF8281008F07E
S3150001BFB037FA00283FD0264B1BBB039B073323F0E0
S3150001BFC0070308330393099B3B4409936AE70CFB78
S3150001BFD002320C460120A8E7002301344FF00A0C77
S3150001BFE019460593204610F8012B303A092A03D940
S3150001BFF0002BC6D00591C4E70CFB012104460123A1
S3150001C000F0E703AB2A4604A930460093114BAFF380
S3150001C01000800746781CD6D16B6ED90705D4AB894B
S3150001C0209A0502D4A86D08F0AFF8AB895B063FF517
S3150001C0301FAF09981EE703AB2A4604A930460093B1
S3150001C040044B00F00BF8E4E7158A02001F8A020090
S3150001C05000000000C74102001B8A02002DE9FF47CC
S3150001C0600F7E914680460C46782F9A460C9E01F12A
S3150001C070430207D8622F0AD8002F00F0D280582F2A
S3150001C08000F0B78004F1420684F842703AE0A7F165
S3150001C0906303152BF6D801A151F823F0F5C0010071
S3150001C0A009C1010085C0010085C0010085C00100EC
S3150001C0B085C0010009C1010085C0010085C00100DC
S3150001C0C085C0010085C0010009C2010033C101001C
S3150001C0D0BFC1010085C0010085C001002BC201005E
S3150001C0E085C0010033C1010085C0010085C0010082
S3150001C0F0C7C1010033681A1D1B68326004F142068C
S3150001C10084F8423001239DE033682068191D3160AF
S3150001C110060601D51D6803E04506FBD5B3F90050B7
S3150001C120002D03DA2D236D4284F8433059480A2342
S3150001C13010E021683368080653F8045B02D4490607
S3150001C14048BFADB26F2F5348336059D10823002140
S3150001C15084F843106668002EA66005DB21682E432D
S3150001C16021F0040121604DD01646B5FBF3F103FB26
S3150001C1701157C75D06F8017D2F460D46BB42F4D91E
S3150001C180082B0BD12368DF0708D52369616899421B
S3150001C190DEBF302306F8013C06F1FF36921B226111
S3150001C1A04B4603AA21464046CDF800A008F01DF8EB
S3150001C1B001304CD14FF0FF3004B0BDE8F087236861
S3150001C1C043F02003236078273348236884F84570B9
S3150001C1D01F06316851F8045B02D45F0648BFADB251
S3150001C1E03160D90744BF43F0200323601DB11023FA
S3150001C1F0ADE72848E9E7236823F020032360F6E743
S3150001C2000A23A4E71646BBE733682568181D61694A
S3150001C21030602E061B6801D5196002E06806FBD561
S3150001C2201980002316462361BAE7336800211A1DD7
S3150001C23032601E686268304608F0F2F808B1801B69
S3150001C240606063682361002384F84330A8E72369AB
S3150001C250324649464046D0470130ABD023689B075A
S3150001C26013D4E068039B9842B8BF1846A4E701239C
S3150001C270324649464046D04701309BD00135E368F6
S3150001C28003995B1AAB42F2DCEBE7002504F11906D0
S3150001C290F5E700BF268A0200378A0200B1F90C20B1
S3150001C2A02DE9F041160705460C4651D44B68002B83
S3150001C2B002DC0B6C002B49DDE66A002E46D000231A
S3150001C2C012F480522F682B6031D0626DA389590711
S3150001C2D005D56368D21A636B0BB1236CD21A00239E
S3150001C2E0E66A216A2846B047421CB4F90C3006D1E9
S3150001C2F029681D2945D8284ACA40D60741D50022B2
S3150001C300D90462602269226004D5421C01D12B68DE
S3150001C31003B96065616B2F60C1B104F144039942B1
S3150001C32002D02846FAF7FEF9002363630EE00123E3
S3150001C330216A2846B0470246501CC7D12B68002BFC
S3150001C340C4D01D2B01D0162B19D12F6000201DE062
S3150001C3500F69002FFAD093070E680F600CBF4B6967
S3150001C3600023A6EB07088B60B8F1000FEEDD43460C
S3150001C3703A46216A2846A66AB047002808DCB4F97D
S3150001C3800C3043F040034FF0FF30A381BDE8F0814C
S3150001C3900744A8EB0008E7E70100402038B5284B21
S3150001C3A005460C46186818B1036A0BB9FFF7AAFCD3
S3150001C3B0B4F90C301A0721D4D80607D409222A6009
S3150001C3C043F040034FF0FF30A38130E0590712D507
S3150001C3D0616B41B104F14403994202D02846FAF750
S3150001C3E0A1F9002363630022B4F90C30626023F0E3
S3150001C3F024032269226043F00803A38122693AB922
S3150001C4009A0501D5180603D52146284608F047F8AE
S3150001C410B4F90C3013F001020AD00022A26062695D
S3150001C4205242A261226942B913F08000C8D138BDD7
S3150001C430990758BF6269A260F4E70020F7E700BFD9
S3150001C440C0410020024B0146186807F0BFBF00BF7C
S3150001C450C041002038B50023064D04460846114662
S3150001C4602B60F7F797FB431C02D12B6803B12360BE
S3150001C47038BD00BF0C3B002038B50023064D0446ED
S3150001C480084611462B60F7F77FFB431C02D12B6848
S3150001C49003B1236038BD00BF0C3B002038B5002333
S3150001C4A0054D044608462B60F7F772FB431C02D183
S3150001C4B02B6803B1236038BD0C3B0020024B0A46B2
S3150001C4C001461868FAF731B9C0410020024B01460E
S3150001C4D01868FAF71AB900BFC0410020024B01469D
S3150001C4E01868FAF71FB900BFC04100200CB4194BF8
S3150001C4F030B50C1E9DB01D6808DA8B234FF0FF3056
S3150001C5002B601DB0BDE8304002B070474FF4027396
S3150001C5100290069002A9ADF814304FF00003209A5C
S3150001C52028461B9314BF04F1FF3323460493079354
S3150001C5304FF6FF73ADF8163021AB019300F01AF8F0
S3150001C540431CBCBF8B232B60002CDAD0029B00223C
S3150001C5501A70D6E7C041002007B5009313460A4674
S3150001C56001460348006807F0D3FF03B05DF804FBFA
S3150001C570C04100202DE9F04F98468B899DB00746B2
S3150001C5801B060D46144610D50B6973B94021FAF7FF
S3150001C590BCF82860286130B90C233B604FF0FF30AE
S3150001C5A01DB0BDE8F08F40236B610023CDF80C80F0
S3150001C5B04FF00109DFF8A081099320238DF8293076
S3150001C5C030238DF82A3023469A4613F8012B0AB1F7
S3150001C5D0252AF9D1BAEB040B0BD05B462246294634
S3150001C5E0384607F0DDFF013000F0A780099A5A446A
S3150001C5F009929AF80030002B00F09F8000234FF03B
S3150001C600FF320AF1010A049307938DF853301A9306
S3150001C610CDE90523544605224F4814F8011B07F0BE
S3150001C620FFFE049AD8B9D00644BF20238DF85330B3
S3150001C630110744BF2B238DF853309AF800302A2B6B
S3150001C64015D0079A544600204FF00A0C214611F8DE
S3150001C650013B303B092B4BD9B0B1079214E0A0EB5B
S3150001C6600803A24609FA03F313430493D2E7039B93
S3150001C670191D1B68002B0391BBBF5B4242F00202EE
S3150001C68007930793B8BF049223782E2B0AD16378B8
S3150001C6902A2B32D1039B02341A1D1B6843EAE3732A
S3150001C6A003920593DFF8C0A003222178504607F0D4
S3150001C6B0B7FE38B1A0EB0A004022049B0134824048
S3150001C6C01343049314F8011B062224488DF82810FD
S3150001C6D007F0A6FE002836D0214B1BBB039B073370
S3150001C6E023F0070308330393099B334409936AE74D
S3150001C6F00CFB02320C460120A8E7002301344FF05F
S3150001C7000A0C19460593204610F8012B303A092ADE
S3150001C71003D9002BC6D00591C4E70CFB01210446C1
S3150001C7200123F0E703AB2A4604A9384600930D4BD3
S3150001C730AFF30080421C0646D6D1AB895B063FF5B6
S3150001C7402DAF09982CE703AB2A4604A93846009376
S3150001C750044BFFF783FCEDE7158A02001F8A0200EE
S3150001C76000000000A14502001B8A0200014807F0F3
S3150001C770CABF00BF690345EC1046044A1368591E37
S3150001C780033102D80021116018477047104200207A
S3150001C790034B1868034B002808BF1846704700BFB3
S3150001C7A0103B00200C900200014808F079B900BF47
S3150001C7B0183B002013B50B4C0229226005D10A480B
S3150001C7C008F06EF9002002B010BD0A46009301463A
S3150001C7D0064B054808F045F9003818BF012040000E
S3150001C7E0F1E700BF10420020183B002079C7010085
S3150001C7F0014808F066B900BF183B00200021014836
S3150001C80008F081B9183B002008B5064B1B680133B7
S3150001C81005D0FFF7EDFF80F00100C0B208BD002092
S3150001C820FCE700BF104200202DE9F843DFF86090D5
S3150001C8300646D9F8008008461746B8F1000F03D01E
S3150001C8400E242046BDE8F88306B3336801331DD1B3
S3150001C850E1B100F075F805460028F1D0C9F80000ED
S3150001C86000F0DAF8284607F058FF044640B1404682
S3150001C870C9F8008000F0D0F8284607F046FFE0E747
S3150001C8803560002FDDD02846B847DAE72124D8E7FE
S3150001C890143B0020024B1868003818BF012070476E
S3150001C8A0143B002038B50C4601F0EEFDA3780B4A87
S3150001C8B013705A1E55425541A8420CD0012B04D083
S3150001C8C02846BDE8384001F0C7BD204601F0B4FD59
S3150001C8D00028F5D038BD0020FCE700BFAA3E0020A5
S3150001C8E0002108B5024B08465B689847002008BD41
S3150001C8F02C42002010B5FFF74BFF0D4B0C461A1AC0
S3150001C900534253418B4201D1002010BD094B1B6894
S3150001C9103BB9094A064B002C08BF1346074A136068
S3150001C920F2E708F012FA0028F3D00220EDE700BF83
S3150001C930E48F0200143B00200C900200103B002003
S3150001C940F8B5044609F079FD002607460E4B1B682B
S3150001C95093B19E68AEB196F82420D20711D435461C
S3150001C9600FCC0FC50FCC0FC523682B6096F824306A
S3150001C97043F0010386F82430384609F059FD304664
S3150001C980F8BD1B68E4E700BF20420020431E0333C5
S3150001C99006D8044B984228BF1846642838BF64203D
S3150001C9A0704700BF40420F0038B5184B05461B685B
S3150001C9B00C4603B1984744B1236833B11B68013370
S3150001C9C003D0E3680BB1A36843B908F071FC0020FA
S3150001C9D09122412100F0CCFA212038BD204603F0F6
S3150001C9E069FA00230A4A85F84831C5E93A431360D2
S3150001C9F05360636943B1074A42211068B322C31ADF
S3150001CA005842584100F0B4FA0020E6E76C3D002098
S3150001CA1014420020D03D002010B5044618B9054B3C
S3150001CA20054A136010BD00F08FFDD4F8F430002BD9
S3150001CA30F6D1F4E7DB47020024420020084B10B48C
S3150001CA40002A14BF14461C46064B1C6019B15DF83A
S3150001CA50044B07F0CFBE08465DF8044B704700BF94
S3150001CA60DB4702002442002008B502460868FFF7AA
S3150001CA708DFF08604868FFF789FF48608868FFF7FF
S3150001CA8085FF8860C868FFF781FF0B69C860581C7D
S3150001CA9003D00B48834228BF03460B614B69581CE0
S3150001CAA003D00748834228BF034688694B61FFF7D5
S3150001CAB06DFFBDE808408861104601F049BC00BF22
S3150001CAC040420F00D0F8EC302DE9F04105460C4606
S3150001CAD013B1C38D8B424ED0D5F8E830002B4DD023
S3150001CAE09E68002E4AD0D868002847D0013800B287
S3150001CAF000281DDB002107E0128A0CF10101A24288
S3150001CB0019D209B2884213DB0B1803EBD3735B10FE
S3150001CB1003EBC30206EB8202B2F80EE01FFA83FCB6
S3150001CB20A6450CF1FF3EE7D90FFA8EF08842EBDA03
S3150001CB302120BDE8F0814FF6FF729445F8D09BB2F3
S3150001CB4003EBC30306EB83062846B6F9122095F8D4
S3150001CB503C11D5F8FC80FAF753FA0746B8F1000FF5
S3150001CB6004D00023324628461946C047EC85C5F84D
S3150001CB70EC6085F845710020BDE8F0810E20BDE826
S3150001CB80F08100BF2DE9F04782B004460E4690467B
S3150001CB9001F080FC002877D15D4D2F68D4F8E8A01C
S3150001CBA0D4F8EC901FB1574500F090800027AE6095
S3150001CBB002F0BCF80128064604D0012100220846ED
S3150001CBC007F0DAFD204608F04AFA002860D12B6802
S3150001CBD0DAF80010D9F800201BB11868884200F075
S3150001CBE08180204608F00CFAB7B1B8F1000F13D1D5
S3150001CBF0204601F0C7FE0546D4F89830002B3CD1FB
S3150001CC00012E05D025B1434B002103205B689847CF
S3150001CC10284602B0BDE8F0873F4BC5F800A01A7858
S3150001CC20C5F804908DF80780002A40D1D4F8FC504D
S3150001CC30002D5FD0114620460DF10703A847204677
S3150001CC4001F0A0FE054617B1B8F1000FD4D0B5FA30
S3150001CC5085F040F205423321400900F089F9414649
S3150001CC60204601F073FF2D4B49461B6805462046B9
S3150001CC709847D4F89830002BC2D000224FF40073A5
S3150001CC80204600F071FCBBE70023214D6B6084E771
S3150001CC9094F82530DA079AD5D4F8A0305B0596D5F5
S3150001CCA01F4B0122002120461B6898478FE7D4F8C5
S3150001CCB0EC30B4F9461023B1B3F912309942A8BF4A
S3150001CCC019464246204601F0A9FDB8E76F68002FD4
S3150001CCD03FF46DAF4F457FF469AFAB68B34215D0F2
S3150001CCE0012764E7696819B1096891423FF47CAF8D
S3150001CCF0596876E794F82A1094F8453142469942E4
S3150001CD0028BF1946204601F04FFD98E700257FE729
S3150001CD10144200202C420020D8890200244200201F
S3150001CD20703D0020F8B505460E4609F086FB3146F2
S3150001CD3007462846FFF7C6FE044620B1384609F0E5
S3150001CD4077FB2046F8BD01F0CDFF22463146284645
S3150001CD50FFF718FF04460028F0D1284608F07FF9AE
S3150001CD600028EBD095F8253013F001030DD0D5F846
S3150001CD70A02052050DD5B5F83621B24205D0B5F839
S3150001CD8038319B1BB3FA83F35B09034A82F8C4303B
S3150001CD90D4E72346F9E700BF001E00B070B504468C
S3150001CDA00E4609F04AFB314605462046FFF7BAFF13
S3150001CDB0044620B9044B01465B6803209847284680
S3150001CDC009F036FB204670BD2C42002070B50446A2
S3150001CDD000200D4608F070FA094B1B784BB9D4F8C0
S3150001CDE0FC6036B129462046B446BDE870401A4675
S3150001CDF0604729462046BDE8704008F0F0B800BFFC
S3150001CE00D889020013B56946044607F085FD0C4B27
S3150001CE101B783BB19DF800300D2B03D0B4F94C00C3
S3150001CE2002B010BD204607F0D1FFFF28024605D00B
S3150001CE3020469DF80010FAF7E5F8F1E70148EFE71B
S3150001CE40D88902000080FFFF30B4064DBDF90840C5
S3150001CE502D781DB1029430BC08F0C4B80E2030BC48
S3150001CE60704700BFB33E00202DE9FF4106460D463F
S3150001CE7090460AB9D0F898804146304607F05CFDE5
S3150001CE8018F0010F02D0304605F07EFB02F0FEFCE1
S3150001CE90244B04460FCB6F468DE80F006DB1FF2C76
S3150001CEA00DBF2B6804AB55F8242000930BBF6B68AC
S3150001CEB003EB8403019343F8102C18F4803F17D138
S3150001CEC022463946304608F069F970B96DB1FF2C32
S3150001CED00FBF009B04AB03EB840353F8103C05BF63
S3150001CEE02B60019B45F824306B6004B0BDE8F081EE
S3150001CEF0FF2C0BD1009B01330ED0019B01330BD0CC
S3150001CF0022463946304608F067F9DEE704AB03EB03
S3150001CF10840353F8103CF1E722463946304607F0C0
S3150001CF20DBFBD2E74090020008B50B4602491940E7
S3150001CF3007F0F4FC002008BD07001100024B186041
S3150001CF40024B1960FEE700BF303D00202842002059
S3150001CF5038B5044D044C054B286021601A60FFF773
S3150001CF60EDFF38BD303D002028420020343D002031
S3150001CF7010B550B90548064B0160064802601868AD
S3150001CF80054B18601868FFF7E3FF10BD2842002023
S3150001CF90143B0020343D0020303D0020054B1B682A
S3150001CFA00BB918467047834201D01B69F8E7012087
S3150001CFB0704700BF3C3D002018B10A4B1A680AB9F8
S3150001CFC0104670471A68824207D1026901201A6029
S3150001CFD0054A1368013B1360704702F11003126999
S3150001CFE0EDE700BF3C3D0020383D00202DE9F74F1D
S3150001CFF0064609F02BFADFF82081012398F800B0E4
S3150001D000DFF818910190BBF1000F06D089F80030C6
S3150001D01003B0BDE8F04F09F014BA3D4F88F800306F
S3150001D02089F800B007F0A3FD08B107F09EFD3D6841
S3150001D03038495DB9DFF8E8A0DAF800200024AA42F1
S3150001D0403B682ED84FF0FF31324838E06B7D8BB10B
S3150001D0502B68B34202D09A1B8A420BD96A681344E1
S3150001D0602B60AB68003A18BF0122003B18BF0123B1
S3150001D0706A75AB752D69DCE7907D20B1107D88421C
S3150001D0809CBF014614461269002AF5D1002CD9D05D
S3150001D09094E80B00A275411AE268204698470135CB
S3150001D0A0CAE71A46FF21EFE75A7D3AB11A68B2423A
S3150001D0B028D0921B824225D8914226D21B69002B89
S3150001D0C0F2D15CB12046FFF777FF38B13B683C608F
S3150001D0D02361DAF800300133CAF800303B685C7D21
S3150001D0E01CB1186800F0DEF8044607F03CFD064660
S3150001D0F0002C95D199F80030002B91D1019888F830
S3150001D100004085E71C460021D8E711461C46D5E7B5
S3150001D1103C3D0020FCFFFFBFAC3E0020AB3E0020A3
S3150001D120383D002038B5054610B31822002107F016
S3150001D13021F809F08BF902462846FFF72FFF20B1A7
S3150001D140104609F07EF9022038BD0A4B1C6854B915
S3150001D15009491D600B68104601332C610B6009F00B
S3150001D16070F92046F0E719680C6901F11003EEE742
S3150001D1702120E9E73C3D0020383D002038B5044632
S3150001D180FFF70CFF09F062F905462046FFF706FF97
S3150001D190637D23B9284609F054F90E2038BD0023D2
S3150001D1A06375064B1B68A34203D107F0DCFCFFF74E
S3150001D1B01DFF284609F045F90020EFE73C3D002018
S3150001D1C02DE9F84FDDF82890984604460D4692461B
S3150001D1D0FFF7E4FEDDF830B009F038F9074607F04D
S3150001D1E0C2FC06462046FFF7D9FE637D23B12046E1
S3150001D1F0FFF7C4FF0023A375BAF1010F21D175B959
S3150001D200B8F1000F1FD1B9F1000F03D05A463146CC
S3150001D2102046C847384609F014F9002017E035447E
S3150001D2200C4BAA1B9A420ED8012363759DF82C302C
S3150001D230304684E820032375C4F80CB0FFF7D6FE08
S3150001D240E8E7AE42ECD1384609F0FBF82120BDE80B
S3150001D250F88F00BFFCFFFFBF2DE9F0410746884666
S3150001D260FFF79CFE09F0F2F83D68064607F07BFCE5
S3150001D2707B7D7BB185420DD0094B2C1A9C4209D886
S3150001D280304609F0DEF8B8F1010F08BF25462846F9
S3150001D290BDE8F081304609F0D4F80025F7E700BF74
S3150001D2A0FCFFFFBF0023024A194600F047BA00BF40
S3150001D2B0314B02002DE9F0418AB001AB0C4605461F
S3150001D2C024221846134907F0B9F80027002C08BF95
S3150001D2D00446384604F10C0690B95FFA87F84246CF
S3150001D2E02846218807F0BEFE50B942462846E18805
S3150001D2F007F0C9FE20B942463146284607F0D6FE58
S3150001D3000137032F06F1080604F10204E4D10AB03D
S3150001D310BDE8F08174900200F0B589B005460E466D
S3150001D32007F0DCFE044600BB01AC06F10C070FCF8B
S3150001D3300FC497E8070084E8070001A92846FFF70C
S3150001D34093FB2846311D07F009FB044648B92846D8
S3150001D350074900F053FF044618B9284602F01EF8A3
S3150001D360044628463168FFF7A5FF204609B0F0BDFF
S3150001D3706C900200024BD868C0F30360704700BF8F
S3150001D380000002B82DE9FF478F7881460F2F0C4622
S3150001D39003D9212004B0BDE8F08727B901223D4B0E
S3150001D3A000201A70F6E70E784D78002E3DD1002D3B
S3150001D3B0EFD1AE42E088B24638BFAA4603F00EFD71
S3150001D3C0C30943EA4163C01A61EBD11103F03AFD87
S3150001D3D0FF288046DDD0A08803F0A8FD2E4B3543FB
S3150001D3E001461A884FF60400002D4AD1824208D11F
S3150001D3F02A48006E80B290420ABF4FF60502188095
S3150001D4001A80B1F5803F254B14D902224FF0080A44
S3150001D4101A66802256464908C3F880204FF6FF73E4
S3150001D4200139994228BF19460EE0082EB1D8082DB8
S3150001D430AFD8BEE701224FF0080A1A668022564687
S3150001D440C3F880200029E9D1002302930123013F7B
S3150001D450FFB2009332465346019709F5827003F0F5
S3150001D460E7FB1DB94FF480120D4B5A65404694F9FE
S3150001D470031003F003FDA2680A4B1A600222054B52
S3150001D4808EE782421EBFDFF814C0CCF860201880F8
S3150001D490D8E700BFAD3E00204842002000C001B8D9
S3150001D4A000D001B84C3D002010B5054C237823B1BE
S3150001D4B004F096FB0020207010BD0E20FCE700BF93
S3150001D4C0AF3E002008B504F075FB0122014B002098
S3150001D4D01A7008BDAF3E0020F8B504460F46164641
S3150001D4E008F0ABFF0546A047044620B1284608F0E0
S3150001D4F09FFF2046F8BD06F06FFA04220549D1F8D0
S3150001D500D83E23EA07033343C1F8D83E024B1A67D4
S3150001D510ECE700BF001000B0002002B800F01803CD
S3150001D520182B0AD003070AD410F0100F40F201138A
S3150001D53008BF0023034A136570470023FAE7012356
S3150001D540F8E700BF001F00B038B10368044A002B9A
S3150001D55008BF1346034A13607047014BFAE700BF41
S3150001D560454C02003C42002010B4D0E9564122400D
S3150001D5700B4052EA030104D003495DF8044B0968E4
S3150001D58008475DF8044B70473C4200200F2938B527
S3150001D59005460C460ED801F0C9FB01280CD1074AF5
S3150001D5A02846D36B23F00F032343D36307F0E7FD2C
S3150001D5B0002038BD2120FCE70220FAE7001F00B059
S3150001D5C008B50E4B1A6F12F0A00F13D15B6F5B07F4
S3150001D5D012D40B4BD3F8D83E23F07F4323F0FF033D
S3150001D5E053B1FFF7C7FE6FF4905343FA00F000F012
S3150001D5F0010008BD0020FCE70120FAE7000002B89F
S3150001D600001000B070B50D46064620B91A4B1B68CE
S3150001D610EBB10E201AE001F089FB012827D1174B47
S3150001D620D6F8F00093F9004007F0A6FC0022C4F1F9
S3150001D6301C04241A641BC4F11C03002BB8BF5B42F3
S3150001D640232B16DC3AB10D4B1D70002070BD012253
S3150001D650C1F11C04EFE786F8285008F0EEFE0546F6
S3150001D66060B200F0FFFF284608F0E2FEEDE7022077
S3150001D670ECE72120EAE700BF143B0020AE3E002084
S3150001D68010B5044607F0EBFC10B1012001F076FE5F
S3150001D690204601F0E5FA08F0D0FE0A4A0121D2F847
S3150001D6A0A030044623F02003C2F8A0300222064B24
S3150001D6B008469A60054B5B689847204608F0B8FE15
S3150001D6C0002010BD001E00B0001002B82C42002040
S3150001D6D008B507F0B8FA8022024BD864024B1A61EA
S3150001D6E008BD00BF001F00B0000002B8014B18685A
S3150001D6F0704700BF583D002037B508F09EFE012354
S3150001D7000022002400930023054619461046019481
S3150001D71005F07CFF022003F07DF9064B21461C60D3
S3150001D720054B02205B689847284608F081FE204693
S3150001D73003B030BD603D00202C4200202DE9FF41A1
S3150001D74002290C4615469846039005D1FFF7D4FFEA
S3150001D750002004B0BDE8F08108F06FFE1E4E0746BA
S3150001D760336853B1AB4208D00024384608F060FE56
S3150001D770002CEDD121203460EBE7184B0022C3F8D1
S3150001D78000803560002301254FF000081046194638
S3150001D7900195009505F03AFF114B022083F80080B0
S3150001D7A003F038F922464346022003A903F050F953
S3150001D7B00C4B039A04461A600028D5D0DFF828805E
S3150001D7C0D8F8003098472128CFD12946D8F8043017
S3150001D7D002209847C9E700BF603D00205C3D00205C
S3150001D7E0B13E0020583D00202C420020034B5B6EC9
S3150001D7F05B055ABF024B18780120704700C001B87B
S3150001D800B13E002010B590F827300446023B022BAA
S3150001D81005D84B7C03B3012B20D0022B20D0D4F8A2
S3150001D82060311B0613D58B8A1A2B10D9D4F8A41094
S3150001D830084607F021FA0D2814D00F2810D0102819
S3150001D84010D011280CD001F0FD010D290AD0204677
S3150001D850BDE8104007F092BA034810BD0348FCE743
S3150001D8600348FAE70348F8E720A1070048E8010062
S3150001D87040420F0080841E000A78022A11D0101F30
S3150001D8804242424152004B781201022B0BD0191F22
S3150001D8904B424B415B000549054842EA8312FFF7BB
S3150001D8A01BBE0122EFE70123F5E700BFF0FFFF00F2
S3150001D8B075ED01000B78022B10D0181F434243412E
S3150001D8C05B004A78022A0BD0111F4A424A41520094
S3150001D8D00F21044843EA8202FFF7FEBD0123F0E768
S3150001D8E00122F5E7A1ED0100D0F8B43010B5994257
S3150001D8F004460ED0C0F8B41002F068FD0649A4F83B
S3150001D90040010123054AD1F8FC1004F5827004F0A8
S3150001D9100BFF002010BD00BF001F00B0581F00B054
S3150001D9202DE9F74F04468B4615461E46FFF748FE7E
S3150001D93020B3A38A13B3204607F076F878B9002EF0
S3150001D94040F0E680734BD3F8D83E03F03002102A3C
S3150001D95000F0DE8003F0C003402B00F0D9806E4F4B
S3150001D9607B69DB0740F1D48008F067FD064603209A
S3150001D97003F054F930B1304608F05AFD022003B0E5
S3150001D980BDE8F08F7A6912F0060AF4D1304608F044
S3150001D9904FFD604B4FF400612046D3F8D89ED3F873
S3150001D9A0AC8E06F081F948B14FF4007601215B4F48
S3150001D9B0524608463E6706F0DFFE3E6794F825307C
S3150001D9C0DF0707D5D4F8A0305E0542BF4FF4002229
S3150001D9D0534B1A6759462046FFF7A4F94D4BC3F836
S3150001D9E0D89EC3F8AC8E0028C9D194F82430980685
S3150001D9F001D4002D4DD0C5F3400005F049F80223AE
S3150001DA0015F4807F1BBF0021454A444A136717BF9F
S3150001DA10444A13675161136305F0DEFF4FF48063D7
S3150001DA2015F0040F14BF404A404A3C4E536204238A
S3150001DA3028463367FFF772FD204607F0F0F938B143
S3150001DA404FF4807315F0010F16BF354A336713671C
S3150001DA50A90647D54FF6FF72B4F8403093420FD06E
S3150001DA60334A3449526E100CC2F301120132B3FB30
S3150001DA70F2F308802C4A2D492F481B044866536649
S3150001DA80003D18BF012594F8243065F3451384F849
S3150001DA902430204607F0E3FAF0B1204607F0BFF93B
S3150001DAA0D0B14FF40031204606F0FEF8431C0322A4
S3150001DAB09BB201A9214807F0F2FB9DF804209DF8CD
S3150001DAC0053002F00701052915D112070DD443F4DB
S3150001DAD080731B4AC2F8B830002003B0BDE8F04F8E
S3150001DAE007F0EABB01F0DEF8CAE713F0040F09D12B
S3150001DAF09DF80630EBE703F03002202A05D113F03A
S3150001DB00010FF4E74FF48073E3E79DF80630E0E791
S3150001DB100E2034E7001000B000C001B8002002B8A2
S3150001DB20001002B800400054005001B8006001B86E
S3150001DB30004001B84A4200200000FFFF084000549F
S3150001DB40001E00B02DE9F3410646884615461F46DC
S3150001DB5008F073FC0446032003F060F838B1204650
S3150001DB6008F066FC0E24204602B0BDE8F0810420D0
S3150001DB7003F054F80028F2D1204608F059FC01239D
S3150001DB802A4641463046FFF7CBFE04460028EAD135
S3150001DB90DFF8BC806FB188F8000039463046FFF7E0
S3150001DBA0F1FB50B998F80030012B08D104F05AFF67
S3150001DBB0D9E798F80030002BF4D12124D3E72022AD
S3150001DBC01D4B01201A671D4BDB6CB3F5817F22BF0C
S3150001DBD080221B4B1A6107F0B1FB08F02EFC194B92
S3150001DBE006461B6801938BB903F074F815F080059E
S3150001DBF01ED1012003F0D6F815B9284604F01CFF02
S3150001DC00114B01215B68002098470DE0042002F0CA
S3150001DC1001FF00230122042001A902F019FF0028B7
S3150001DC20E2D104F069FF2124304608F001FC9AE7AD
S3150001DC300022064B9A67DCE7001002B8001F00B00D
S3150001DC40000002B84C3D00202C42002000C001B863
S3150001DC50AD3E002010B50C4619B107F000FA04EBF1
S3150001DC608004204603F062F9024B4042C3F8C80E15
S3150001DC70002010BD001000B0838E70B593420C4693
S3150001DC8015461BD3036D8B4208BF002408F0D5FB54
S3150001DC900646FFF76FFB4FF49C53C340DA0703D5E3
S3150001DCA0074B1B6F9B0304D401222946204601F032
S3150001DCB0BDFE304608F0BCFB002070BD2120FCE70C
S3150001DCC0000002B82DE9F0470B460746164611B982
S3150001DCD02120BDE8F087002AFAD0032905D80022C1
S3150001DCE002F006F803460028F2D01C889978B4F5AC
S3150001DCF0804F01F0070080F0C580A0F1070C1A796A
S3150001DD0093F805A0DD88DCF1000343EB0C0305283D
S3150001DD10337394BF0023C1F30013C1F3801C7373E3
S3150001DD208B0986F810C003F00203C1F3C00C43EA65
S3150001DD300C03C1F340117374B174B582002A40F02B
S3150001DD40838097F82A31013BDBB2F374D7F8A03010
S3150001DD50D90600F18280063801287ED80020B7F85E
S3150001DD601280D7F81C9008F1FF38474B083C04EAAB
S3150001DD7008045B6D19F80430B060802B1CBF323B80
S3150001DD80DBB2B37397F827300134FF2B04EA08049A
S3150001DD9035D1631D03EA08035A1C02EA080219F881
S3150001DDA0022019F8033043EA0223DA041DB24DD5E5
S3150001DDB0D7F8F03013B11B68022B05D841F2C232F5
S3150001DDC04C210020FFF7D4F8D7F8F030C5F30B004B
S3150001DDD093F82430C0000BB1B0FBF3F082453AD87A
S3150001DDE038B1CAEB0A2ABAFBF0FA6FEA0A0A5FFAF5
S3150001DDF08AF0D7F8F83013B196F90E109847631CDC
S3150001DE00F07303EA080319F80310013303EA080360
S3150001DE1019F80320013303EA080341EA022119F83C
S3150001DE200320013303EA080319F8030041EA02411A
S3150001DE30002341EA0061727C384604F01FFD062387
S3150001DE4030600020B37144E7531E7DE719F80400E2
S3150001DE504000C0B2CDE70020CBE70023F3730B4BA4
S3150001DE605B691A0A1B0406D4D3B2323BDBB2B37325
S3150001DE7000233360E5E762F0FF0352B28032F4D14A
S3150001DE808023F4E7022024E7004000B800C000B870
S3150001DE9038B50546084B808A9C6A41F21652C4F38E
S3150001DEA00C04A04234BF002001200821FFF760F8CE
S3150001DEB0A88A001B80B238BD0040005470B50646E2
S3150001DEC00D4614466BB107F099F8B08AA04228BFF7
S3150001DED0204684B222462946034801F053FD2046D6
S3150001DEE070BDFFF7D5FFF1E70840005438B5148837
S3150001DEF011F003054FEAC40422D13F2C20D9B4FA0C
S3150001DF0084F4C4F11903DBB2052B01D8192C15D001
S3150001DF10052B28BF052301240633DBB29C40C4F33D
S3150001DF20CF03138003828161448701F0A7FD054A6F
S3150001DF30631E2343C2F8A430284638BD2B46EAE7C0
S3150001DF402125F9E7001E00B0082310B1024A136724
S3150001DF507047024AFBE700BF001002B8002002B872
S3150001DF602DE9F743DDF828800746894616461D4602
S3150001DF7008F063FA0446032002F050FE38B1204649
S3150001DF8008F056FA0E24204603B0BDE8F083484B4C
S3150001DF9020465B6913F0060FF2D108F049FA012316
S3150001DFA0324649463846FFF7BBFC04460028EAD10B
S3150001DFB0002D6CD0B8F1000F69D03E4C2368002BC0
S3150001DFC005DAF7F7B3FA002803462060DADB1846CC
S3150001DFD004224FF43C51F7F79BFAA4220021206852
S3150001DFE0F7F7C0FA4FF48072314B414638469A65CD
S3150001DFF0FFF7C8F900284AD12F4B1B78012B46D0D1
S3150001E00020222E4B01201A672D4BDB6CB3F5817F45
S3150001E01022BF80222B4B1A6107F090F908F00DFA06
S3150001E020294A07461368B3B129682C790B44136052
S3150001E030019383B1042002F0EDFC00232246042063
S3150001E04001A902F005FD30B904F056FD2124384638
S3150001E05008F0EEF997E702F03DFE16F0800018D0C1
S3150001E0600022134B9A67687901A9431E5842584109
S3150001E070FFF76AFF2B68032001932A79082302F030
S3150001E080E7FC48B904F038FD384608F0D1F92124F7
S3150001E09079E704F0D1FCE6E70C4D2B689847212877
S3150001E0A00446D4D1012100206B6898470024CEE7AD
S3150001E0B000C001B834420020AD3E0020001002B875
S3150001E0C0001F00B0000002B84C3D00202C42002089
S3150001E0D0054A12681AB190F82A1119B9104708466B
S3150001E0E003F062BA01487047443D002000FEFFFF7D
S3150001E0F0374B2DE9F7431C6801F4007900F0010361
S3150001E100174653EA090206460D463AD04FF0000873
S3150001E11063B30023002200210120CDF80480CDF84D
S3150001E120008005F073FA042002F074FC4146204693
S3150001E130FFF7CEFF012241462086DFF8A880104670
S3150001E14006F01AFBD4F8A01094F8270003F0C6FADB
S3150001E150D8F8000000F0D4F94FF0FF33C8F80030CA
S3150001E16094F8243043F0040384F82430B9F1000F05
S3150001E17007D00121204607F08FF925F400750643E3
S3150001E1800D432B4632462046FFF7EEF9FB070FD526
S3150001E1901049114A086800211368116001210F4ACC
S3150001E1A0117003B198470E4B002102205B68984716
S3150001E1B017F00E0F08D04FF4EC723B21002003B08C
S3150001E1C0BDE8F043FEF7D4BE03B0BDE8F08300BF5F
S3150001E1D0143B00205C3D0020603D0020B13E002044
S3150001E1E02C4200203842002008B54822002102486E
S3150001E1F005F0C0FF002008BDDC1E00B010B50C46BE
S3150001E200FFF7F2FFBCB1A378082B16D8E278082AEB
S3150001E21013D843EA021313F0FF030CBF19466168D2
S3150001E220074AC2F8DC10217882F82011617882F859
S3150001E230233182F82111002010BD2120FCE700BF07
S3150001E240001E00B073B52F4A2F49137809784FF095
S3150001E250FF350B4378211370A0F820116422822127
S3150001E260C0E94622C0E94412C0F80C216FF47B4292
S3150001E270C2624FF400420D23A0F846200722002671
S3150001E28080F83C314FF6FF730446C28700F1540211
S3150001E29002651E4AA0F84030438642630387C38461
S3150001E2A0C0F8B450458580F8286004F087FB204605
S3150001E2B0FFF79AFF94F928102046FFF7A3F9602388
S3150001E2C040F6FF71124A2046D36402F11C42D16224
S3150001E2D0D165104A2946D36440220F4B1A67D4F8F8
S3150001E2E0A02006F026FD0E2300220193009340F2A2
S3150001E2F002231046194605F089F901F021FF30463F
S3150001E30002B070BDB33E0020D88902004000FFFF75
S3150001E310004000B8005000B8002002B8012A10B52C
S3150001E32012D8032B10D803EB82020123074C93402A
S3150001E33094F82201DBB221B10343002084F8223193
S3150001E34010BD20EA0303F8E72120F9E7001E00B01B
S3150001E35003462DE9F0410C68D1F804E0651C08BFBD
S3150001E360D3F80C41B0F8402108BF0C60BEF1FF3F65
S3150001E37008BFD3F818E18E6808BFC1F804E0771C1E
S3150001E38000F5827045D1D3F81451CF688D607E1C9B
S3150001E39045D1D3F81061D1F810C04F69BCF1FF3FE8
S3150001E3A008BFD3F804C1D1F8188008BFC1F810C05E
S3150001E3B0B7F1FF3F08BFD3F80871CE6008BF4F61C0
S3150001E3C0B8F1FF3F08BFD3F81C81B8F1000F2CD07C
S3150001E3D05A32424538BF42468A6114B15A2C38BF77
S3150001E3E05A241349C3F80C41C3F81061C3F81451F8
S3150001E3F0C3F818E1C3F81C21C3F804C1C3F80871B6
S3150001E4000C4A0723D1F8FC1004F08EF90020BDE870
S3150001E410F08102F15A05B54238BF3546B5E702F13A
S3150001E4207806BE4238BF3E46B5E76422D4E700BF50
S3150001E430001F00B0581F00B038B5054C054B417898
S3150001E44000782568236003F065FB00B1256038BDBF
S3150001E450643D0020A0900200074B1B684BB10028C9
S3150001E460064B08BF0023064A1360064B18700020AE
S3150001E47070470220704700BF643D0020989002005B
S3150001E480683D0020B23E0020014B1878704700BF5E
S3150001E490B23E00204FF40022034B186F03F50053E0
S3150001E4A01A67C0F3C0407047000002B8024B5869B2
S3150001E4B000F00100704700BF00C001B870B50C46FE
S3150001E4C016461D461AB113680BB15B688BB907F086
S3150001E4D0B4FF07F0ADFF0123AB71B389049AE11ACA
S3150001E4E07368B06889B2134400FB0133A9802B60BD
S3150001E4F070BD1A68032AEAD99B6A5B0EECE700BF76
S3150001E500431C07D06FF0FF02034B10401A62A3F5BC
S3150001E51080531862704700BF00E000B8014B186CC9
S3150001E520704700BF001F00B0014B002019647047FF
S3150001E530001F00B003282DE9F74F0C46914678D805
S3150001E5403D4B1E5C3D4B13F800A03D4B13F800B04C
S3150001E55007F073FF804605F00BFA074640B100232A
S3150001E56000220193009301200023002105F04EF8BB
S3150001E57005F006FA48B1002300220193009300201A
S3150001E58000234FF4004105F041F8002E49D02D4BF0
S3150001E590DD6C05F0080506EB0A002B4B23305844C9
S3150001E5A0DD64C0B202F07EF95146304605F02CFA20
S3150001E5B05A465146304605F093FA244BDD6477B14D
S3150001E5C0234B1B68D3F8A01093F8270003F086F8B5
S3150001E5D020490868FFF794FF4FF0FF330B60B9F14C
S3150001E5E0000F04D01C4B002103205B689847D4B16F
S3150001E5F04FF48062194B1D6F03F50053C5F3802557
S3150001E6001A67404607F014FF00F090FB01280CD171
S3150001E6101DB14FF48062124B1A67002003B0BDE8AA
S3150001E620F08F3546B7E72546EBE7002CECD1052000
S3150001E630F4E72120F2E700BFB8900200B49002008F
S3150001E640B0900200004000B8006000B8005000B869
S3150001E650143B0020384200202C42002000C001B8A3
S3150001E66000D001B8034AD36960F3D223D3610020F5
S3150001E670704700BF00C000B8064B5A6A920207D421
S3150001E680D3F8800000F47060003818BF012070478D
S3150001E69001207047004001B870B514460E4601F0DE
S3150001E6A00B0323EA0201394A2340D164A2F58052C1
S3150001E6B0D3647307054610D50121FFF7DDFF60B16D
S3150001E6C005F08AF94FF4007314F0040F14BF304AB1
S3150001E6D0304A53620422304B1A67F10606D514F00C
S3150001E6E0100F14BF00221B222C4B5A6532060CD583
S3150001E6F0230605D54FF40012254B1A6203F000F8E4
S3150001E700214695F8270002F0E9FFF00503D5E1055A
S3150001E71025D502F0ABFFB20503D5A30522D502F03C
S3150001E720B1FF16F48C6F18D014F480621FD095F8DF
S3150001E7302530DC070CD5EA8DB5F83631934214D075
S3150001E740B5F83831981A43424341154A82F8C43024
S3150001E7502846D5F8F010FEF7BBFF002070BD02F089
S3150001E7607FFFD8E702F088FFDBE70123EDE77105BC
S3150001E770EED595F82530DB07EAD5094B114683F826
S3150001E780C420084B28461B689847E1E7006000B89B
S3150001E790005001B8006001B8002002B8004000B87E
S3150001E7A0001E00B0703D0020F8B5054690F83C010A
S3150001E7B00C460D28164628D0FF2928D01AB14FF04D
S3150001E7C0FF32144B1A6006F09FFD074695F83C018F
S3150001E7D001F0FAFC844228BF0446E4B2BC4238BFC9
S3150001E7E03C46E0B285F82B0001F092FD0A4B1B78FE
S3150001E7F04BB9FF280CBF2124002416B9284601F085
S3150001E800F7FC2046F8BD0024F7E70224F9E72124A6
S3150001E810F7E700BF40420020D88902007FB5204BB0
S3150001E82004461B780E46154643B3D0F8EC30002259
S3150001E8309BB34FF0FF36029602AEB3F91230009643
S3150001E8400392F8F76CFBB8B902994B1C14D0204619
S3150001E850C1F3813106F09FFB70B9BDF90C30029905
S3150001E86002460093C1F30D0103462046FEF7ECFA7A
S3150001E8702946204606F052FD04B070BD02A906F0F5
S3150001E8804BF832469DF808102046F8F7B9FB2A46A0
S3150001E89001462046FFF788FFEEE71846ECE700BF82
S3150001E8A0D8890200F8B50D4690F83C1104460D29A9
S3150001E8B0174603D12E4B1B78002B50D02A462046F3
S3150001E8C0A4F84650F8F79CFBD4F8EC3084F82A00FB
S3150001E8D0002B40D0274A1678D4F8FC204EB1002AE6
S3150001E8E03FD1B4F94600B3F91210884206DC00267E
S3150001E8F007E0B2BB94F84521824202D20126B3F960
S3150001E900125000222946204684F82D70FFF786FF13
S3150001E91000BB76B1C4F8EC00204605F0AAFF4FF61D
S3150001E920FF739842014614D02046BDE8F840FEF731
S3150001E930F9B9114B1B78022B0BD8204601F046FD85
S3150001E9400E4901230E4AD1F8FC1004F5827003F03A
S3150001E950EBFE0020F8BDFF2384F82B30F9E70220F7
S3150001E960F8E7B4F94210B3F912209142BEE700BFAD
S3150001E970D8890200B33E00204C420020001F00B09F
S3150001E980581F00B0D0F8A830012B01D100207047E4
S3150001E99070B504465A498CB006F0F4FCD4F8EC6024
S3150001E9A00146E58DC4F8F00026B1336813B15B6802
S3150001E9B0002B5ED107F041FD07F03AFD0123D4F8A3
S3150001E9C0F0108DF80630B389B0687268EB1A9BB205
S3150001E9D000FB03224B48ADF80430036800928B42DA
S3150001E9E002D02046FEF774FE474D00F09FF901283C
S3150001E9F0FBD1AB689E06F8D420469DF80620009907
S3150001EA0006AB03F085FB002830D100F08FF9012811
S3150001EA10FBD13D4A136FD801FCD493689906F9D40A
S3150001EA20684606A903F02EFD0546F8B9E28D374B77
S3150001EA305A6494F8243060F3410384F8243000F0DA
S3150001EA4025FF0246D4F8EC104B691E685868531E20
S3150001EA50DBB2FD2B0296039011D8012A2AD020465B
S3150001EA6002A906F0B9FB00200CB070BD02200CB063
S3150001EA7070BD1A68032A9DD99B6A5B0EA1E7F31C38
S3150001EA8003D8FF2A1BD00022E9E7FF2A21D001364D
S3150001EA90E9D1D4F8EC101E4B4A689A4221D8D4F831
S3150001EAA05C319B0523D494F8243043F0020384F8A7
S3150001EAB02430D8E7C51CD2D90130D4D1EBE7C61C26
S3150001EAC0CDD90130DFD12A46204602A906F084FBC2
S3150001EAD0DFE7C31C11D80122204602A906F07CFB00
S3150001EAE0D5E7204600F06EFE0028BCD0D7E72046C9
S3150001EAF04FF4803106F0D0FCB5E70130C7D1CAE743
S3150001EB00FC1F00B0483D0020000002B8008001B89B
S3150001EB1000CA9A3B10B5042301240A4A0A49D1F8CE
S3150001EB20EC00C2F8EC30C2F8E0300C634FF400514F
S3150001EB30D162410742BFC2F8E030A2F58052C2F865
S3150001EB40EC3010BD0060005400400054F8B5044696
S3150001EB500D46D0F8F07019B990F82430590645D40D
S3150001EB604FF6FF73618E994204D0324B1B680BB18D
S3150001EB7020469847304E3368BB4253D02F4B1B6813
S3150001EB803BB11FB13A68002A4ED0BF6839462046CC
S3150001EB9098470727204601F019FC002D38D006209A
S3150001EBA00125274B94F9282093F900302549C3F113
S3150001EBB01C039B1ACA6963F3D222D4F8F030CA61E6
S3150001EBC0214A3360214B906720461D7006F0D7FA23
S3150001EBD01F4B1B6F5A0203D4D4F8A0301B0603D572
S3150001EBE04FF400121B4B1A620020F8BD4FF6FF725C
S3150001EBF0114E65F3861380F82430336842869F42AE
S3150001EC0014D00E4B1B68002BBBD101F0DFFB07278D
S3150001EC1011493B46114AD1F8FC1004F5827003F004
S3150001EC2083FDBCE70127B5E71746AFE701F0CEFB49
S3150001EC300127EDE7543D0020483D0020503D0020CE
S3150001EC40AE3E002000C000B8006000B8B03E002013
S3150001EC50000002B8005001B8001F00B0581F00B0F4
S3150001EC6010B50446D0F824210B4B4FF40061C3F8CC
S3150001EC70A82090F82420D20102F4006205F000F8E1
S3150001EC8094F8243013F0100F4FF4007314BF034AA5
S3150001EC90034A136710BD00BF001E00B0001002B882
S3150001ECA0002002B838B507F0C8FB4FF6FF710A4AD3
S3150001ECB013888B4203D107F0BBFB0E2038BD074CEE
S3150001ECC0074D1B046566A4F580546366118007F041
S3150001ECD0AFFB0020F2E700BF4A420020006001B806
S3150001ECE00000FFFF08B50D4BD3F84C21531C13D080
S3150001ECF012F0804210D10A4B1B681BB1114603204A
S3150001ED00FFF718FC4FF080624FF40071054BDA678C
S3150001ED10054AD16201225A6108BD00BF0080E00F99
S3150001ED20143B0020001002B8004000B80F4BDB680E
S3150001ED30C3F30363013B0B2B0FD8DFE803F0060691
S3150001ED400C06060606080A08080802207047042071
S3150001ED5070470520704703207047054B5B6913F028
S3150001ED60060F14BF04200120704700BF000002B83F
S3150001ED7000C001B8094AD368C3F303630B2B08D05B
S3150001ED806FF49050184100F0010080F0010040003E
S3150001ED907047106F10F48030EDD17047000002B853
S3150001EDA00C4AD368C3F30363062B07D8042BD8B2E6
S3150001EDB00BD8C31E5842584140007047072B06D155
S3150001EDC0D2F830010028ECD17047022070470020AC
S3150001EDD0704700BF000002B8084BDA68C2F303624D
S3150001EDE0931E012B8CBF00230123037040F62203DF
S3150001EDF0D34003F001030B70704700BF000002B857
S3150001EE00084BDA6802F03062B2F1407F08D15A6FDE
S3150001EE10D20605D4986FC0F3C00080F00100704798
S3150001EE2000207047000002B82DE9F84F4FF00108A5
S3150001EE30264F08FA01F8BB69064613EA080F0C4685
S3150001EE4033D006F074FA4FF03009824609FB067991
S3150001EE50DFF894B0D9F8645005F00305012D26D1E9
S3150001EE601034BB6905FA04F444EA080423EA0403EE
S3150001EE703146BB61154807F0EFFA154BB5405D63A6
S3150001EE801449154BCA6ADB6C22F4706203F4706391
S3150001EE9013434FF47A52CB62104BC3F83021104B17
S3150001EEA01B6813400F4AC2F83031BDE8F88F06F0EF
S3150001EEB03EFAA0EB0A00584540F2F7624FF05101C5
S3150001EEC08CBF00200120FEF753F8C3E70000045071
S3150001EED000200450004001B8001F00B0002002B815
S3150001EEE0743D0020001002B83F420F002DE9F04F9B
S3150001EEF0ADF5257D04460E4602F060F94FF4247205
S3150001EF0080460021684605F035F94FF0010E1322BF
S3150001EF10022103460EFA06F6F6B280F800E0067202
S3150001EF204672C26080F810E04676C26180F8201011
S3150001EF30A948E52558624FF432705865A748A84F8D
S3150001EF40C3E91A020830C3E91E021838DFF8B4C251
S3150001EF50C3E92202DFF8B0A2DFF8B0B25D635F64F5
S3150001EF60A04DA14FA0F57D500838C3E90AA2C3E917
S3150001EF700EC2C3E912B2C3E9167283F8301083F8E0
S3150001EF80401083F850101D661D67C3F88050C3F802
S3150001EF909050C3E926022030C3E92A029348DFF8DC
S3150001EFA07092C3F8B40000F56050C3F8C400A52000
S3150001EFB0C3F8D4008E48C3E92E72C3F8E4000420D6
S3150001EFC0C3F8F400302000FB08F88A48C144C3F8AE
S3150001EFD00801032083F80C01C820C3E93272C3E992
S3150001EFE036C2C3E93AB2C3E93E92C3E94672C3F8EF
S3150001EFF0A05083F8B01083F8C01083F8D01083F8BE
S3150001F000E01083F8F010C3F8005183F81011C3F82B
S3150001F010140183F8201183F859616F4E7648C3F8BD
S3150001F0206461E526C3F874616D4EC3F82401C3F823
S3150001F03084614FF000404FF432764FF08048C3F8B8
S3150001F0403401C3F894616D48644EC3E94E02C3E9C5
S3150001F0505202C3E94AA2C3E95AA2C3E95EC2C3E99D
S3150001F06062B2C3E9667283F8301183F84011C3F8BE
S3150001F0705C2183F8601183F8701183F8801183F89D
S3150001F0809011C3F8A051C3F8448183F850E1C3E954
S3150001F0906A620836C3E96E62183EC3E97262A6F572
S3150001F0A07D56083EC3E976622036C3E97A624F4E41
S3150001F0B0C3E97E72C3F8F46106F56056C3F80462CB
S3150001F0C0A526C3F814624A4EC3E98272C3F82462C4
S3150001F0D00426C3E986C2C3E98AB2C3E98E92C3F89C
S3150001F0E0B051C3F8C051C3F8D051C3F8E05183F809
S3150001F0F0F01183F8001283F8101283F8201283F8B6
S3150001F1003012C3F83462C3F840523A4DC3E99E0245
S3150001F110C3F84852032583F84C52C825C3F8545204
S3150001F120354DC3E99672C3F864524FF00045C3E901
S3150001F1309AA283F85012A42283F8601283F87012FF
S3150001F14083F88012C3F8880283F88C1204F1300028
S3150001F1501946C3F87452C3F8848201F0B1FFD4F89A
S3150001F160BC2204F140039B0863F39F022546234614
S3150001F170C4F8BC2204F11402C3F8945005F1180135
S3150001F18004359542C3F8D41103F11003F4D11920C3
S3150001F190F6F754F800F59200194B00F57850800007
S3150001F1A0B0FBF3F094F83231C4F8240143F0400384
S3150001F1B084F8323194F87232C4F8345143F0400382
S3150001F1C084F8723204F12C03C4F86402C4F8743270
S3150001F1D00DF5257DBDE8F08F296E0600448001B846
S3150001F1E00300004008002008548001B8C80A040042
S3150001F1F003000080284000B8096E0600100002B81E
S3150001F20000F049022C8001B83C0102B8108001B817
S3150001F210600004502DE9F84F82460C46174605F06A
S3150001F2201EFF002866D09AF82530DB0762D501F06B
S3150001F230C5FF9AF9269005463CB94946FFF7F4FD04
S3150001F240002F4ED10020BDE8F88F0124DFF8B4B0BD
S3150001F25004FA09F6DBF818303342F1D14FF4706243
S3150001F260254B04FA00F8DA624FF42062A3F58053C5
S3150001F270DA624FF42C5122464846F6F749F9302313
S3150001F28003FB05B54FF4803340F6A202EB65DAF8CD
S3150001F2903031303323F003032B67184BCBF828802A
S3150001F2A0C3F83480164BDB68C3F3036304FA03F136
S3150001F2B0114211D1022B1DD1124B09F110095C60CB
S3150001F2C0DA6904FA09F42243DA619A691643264394
S3150001F2D09E61C3F84880B3E7094BDB68C3F3036358
S3150001F2E0E4E74FF40012084BDA614022074BC3F8FA
S3150001F2F08421A7E70220A6E7006001B80020045098
S3150001F300000002B800000450002002B800E100E04D
S3150001F31010B5044605F0A3FE30B394F82530DB079B
S3150001F32022D501F04BFF94F92610FFF77DFD00224F
S3150001F33094F82530C4F8302123F0010384F82530F0
S3150001F3400A4B114683F8C420094B20461A60094B23
S3150001F3501A6005F00FFE084A92F8493003F00103DE
S3150001F36063F0730382F84930002010BD001E00B01F
S3150001F370703D00206C3D0020001F00B0024B1B6851
S3150001F38003B11847704700BF7C3D0020024B1B6844
S3150001F39003B11847704700BF783D002010B5FF2222
S3150001F3A04FF6FF71044605F05DFE68B9FF224FF680
S3150001F3B0FF71204605F067FE30B92046BDE81040D2
S3150001F3C0FF22024905F072BE10BD00BFBC900200CB
S3150001F3D02DE9F0411C46184B05461E680F4690461E
S3150001F3E046B1306801F0EAFFF3681BB1B3681868EB
S3150001F3F001F0E4FF114B1B682BB1DA681AB19B6867
S3150001F400186801F0DBFF9DF81830640744EA0842EA
S3150001F4105B0503F0BC6342EAC7621A432846084902
S3150001F42042F4C87204F02CFC002228461146FEF76D
S3150001F43023FC0020BDE8F081B88902003C7402007B
S3150001F4409007E12D08B5FFF7DBFC88B1094BDA69B6
S3150001F45012030DD5186F10F4003009D19B6F13F00C
S3150001F460100F4FF010030CBF034A044A936708BDFF
S3150001F4700220FCE7000002B8001002B8002002B822
S3150001F48038B50446E8B1114BDA6912031BD55D6F35
S3150001F490C5F38115032D12D0022D14D12A460C4B2A
S3150001F4A02146D3F8B4300B489B1A9BB205F0F7FE00
S3150001F4B00020064B25729B6F1B0A637238BD08221A
S3150001F4C0EDE72120FAE70220F8E700BF000002B8C5
S3150001F4D0001E00B03840005438B50546FFF790FCD1
S3150001F4E098B10B4B1C6F14F400340ED10220094B5A
S3150001F4F0094A1B681B6D90672246AB4214BF28461A
S3150001F500002000F093FA204638BD0224FBE700BF35
S3150001F510000002B8143B0020001002B82DE9F04F9C
S3150001F520DFF8F8810446D8F800300D468DB02BB1CE
S3150001F5304FF00E0B58460DB0BDE8F08F05F08FFD6C
S3150001F54010B94FF0020BF5E775B194F82530DB07DA
S3150001F55006D50C22294604F5987005F0B4FF30B1A2
S3150001F560EA882B899A4205D12046FFF7D1FE4FF052
S3150001F570000BDFE7FFF7DAFB0128E2D12F68002F46
S3150001F580D6D017F00307D3D1AB88B3F5307FCFD3ED
S3150001F59001F014FEFF28CBD094F92660002E08DA7C
S3150001F5A03846F5F7C3FF46B2002EC0F2A18084F8B3
S3150001F5B02660002294F82530114623F0010384F8D1
S3150001F5C02530204605F0D6FC4FF400224A4B1A6737
S3150001F5D04A4B4B4A1A604B4B4B4A1A6001F0EEFDFF
S3150001F5E03146FFF721FCD8F80030A3B1A84658F8F8
S3150001F5F0049B05F108034F46B4F82EA00393204659
S3150001F60038F8021FFDF75EFA834670B1514620466F
S3150001F610FDF758FA8EE73D4B0E222046196805F094
S3150001F620FBFC83460028E1D084E70090D4F8EC2067
S3150001F6302046E18D04ABFEF741FF20469DF81620DA
S3150001F640049906AB02F064FD83460028DED13049F9
S3150001F650089BD1F8EC20183722F07F6222F47F2232
S3150001F66022F40F6222F00F021A43D1F80C310799E6
S3150001F6706FF313030B43E18D47F8181C069947F8FE
S3150001F680083CBDF8143047F8101C47F8043C039BAE
S3150001F69047F80C2C9845B2D151462046FDF712FA8F
S3150001F6A0834600287FF446AF31464846FFF71EFCE5
S3150001F6B05A460121204605F05DFC164A04F5987666
S3150001F6C0C2F8C09082F8C5B095E8070086E8070041
S3150001F6D0114991F8492002F0010242F0200281F815
S3150001F6E0492094F8252042F0010284F8252021E7DB
S3150001F6F04FF0210B1EE700BF001002B8703D00203D
S3150001F70015F201006C3D002011F30100387402006E
S3150001F710004001B8001E00B0001F00B0783D002077
S3150001F720431EDBB2FD2B12D9FF280B6812D013F052
S3150001F730802F1EBF42F20102084BC3F8282251F85E
S3150001F7402020064BC3F85022C3F8542270470128E3
S3150001F750F5D100234A681343E9E700BF004001B829
S3150001F760F0B5164B85B007460E4614460FCB8DE80D
S3150001F7700F00134A6D46D2F84832D2F84C22591C72
S3150001F78008BF0023501C15D0002B08BF13463EB1FD
S3150001F790611EC9B2FD290FD93360FF2C00D17260F9
S3150001F7A0CDE9003229462246384605F015FD0020EE
S3150001F7B005B0F0BD1A46EAE7012CEFE7CC9002004E
S3150001F7C00080E00FF0B51C4B85B0D0F8E8700FCB88
S3150001F7D08DE80F00194B6E46D3F84842D3F84C52C8
S3150001F7E0631C08BF00246A1C12D0002C08BF2C46DB
S3150001F7F03146FF20CDE90045FFF792FF00224FF089
S3150001F800240CF9680E4E914204D1002005B0F0BDDA
S3150001F8102546EDE7BB680CFB02335868B04209D9AF
S3150001F8205B693BB118680130586808BF1C6001303C
S3150001F83008BF5D600132E6E7CC9002000080E00F70
S3150001F84000CA9A3B30B50C4B85B0054618700823A3
S3150001F85078B90A4AC2F8FC3349B9094B0FCB8DE88E
S3150001F8600F00084B2A4669461868FFF779FF05B06D
S3150001F87030BD054AEEE700BF52420020001002B833
S3150001F880DC900200143B0020002002B8014B1878DE
S3150001F890704700BF52420020124BD3F8E020D2033A
S3150001F8A01ED54FF480321049C1F8E020A1F58051F0
S3150001F8B0C1F8EC201A6CD1B2C2F30722C3F880104A
S3150001F8C0C3F880200422C3F880200022C3F88020D8
S3150001F8D0C3F88020C3F88020C3F88020C3F88020B5
S3150001F8E0704700BF0040005400600054F0220D4BE9
S3150001F8F0016D9A64A022A3F580539A64838E012038
S3150001F900B3FA83F3084AC3F11903DBB2C2F8C000A4
S3150001F910C2F898304FF40053C2F89C10C2F8BC30BC
S3150001F920704700BF006000B800400054F8B50D46AE
S3150001F9301746064606F081FD01230421084C094AB3
S3150001F9402363A760E6602561C2F8E010064AC2F8A3
S3150001F950843106F06DFD0DB102232363F8BD00BFAE
S3150001F960004000540060005400E100E00122044B15
S3150001F9701A6640F6FF729963D863DA65704700BF6D
S3150001F980004000542DE9F04F042A05460B4683B08A
S3150001F99037D901260978141F81615A7803F10409C0
S3150001F9A082619A788261DB7883610368D0F808B056
S3150001F9B003F0070306339E4006F1FF3A47680AEA59
S3150001F9C00B08A6EB080247F00057944207EB080024
S3150001F9D00CD84946224604F031FD46EA0A0604EBF4
S3150001F9E00B023240AA6003B0BDE8F08F494601928E
S3150001F9F004F024FD019A384609EB0201A21B424498
S3150001FA00E9E7013A032AEED8DFE802F00B0805021E
S3150001FA1013F8012B826113F8012BAA6113F8012B4C
S3150001FA20AA611B78AB6103B0BDE8F08F38B50C460F
S3150001FA30154601460F4B60B101220F48C3F8C0209D
S3150001FA402246FFF79FFF1DB104220A4BC3F8C020CF
S3150001FA5038BD64B1D3F8A420A24284BF0122C3F801
S3150001FA60C0200222C3F8A040C3F8C020EBE7012260
S3150001FA70FAE700BF004000549840005438B50446E8
S3150001FA8006F0DBFC01211A4A638F054611663BB37A
S3150001FA90B3FA83F3C3F11903DBB2A069C2F890107C
S3150001FAA093660723D066C2F88C304FF4A02302F583
S3150001FAB00052C2F8E030A2F58052C2F8EC300022C2
S3150001FAC00C4B1A600C4B1B6F5B0209D54FF480027D
S3150001FAD00A4B1A67D4F8A01094F8270001F0FEFD2E
S3150001FAE04FF4E0232846E363BDE8384006F0A0BCA6
S3150001FAF000400054803D0020000002B8002002B8FA
S3150001FB002DE9F84305460C46C1B1D0F81880478F58
S3150001FB1006F093FCB5F83CC0791EDFF8049101EAC2
S3150001FB200C0323F00702032C0646D9F800E04244F1
S3150001FB305AD1BEF1000F04D106F07AFC0E20BDE8C1
S3150001FB40F8832EF001042EF0010EA64551D10023B3
S3150001FB50C9F80030238894426FEA43436FEA53435E
S3150001FB6023803CD1EB8F08EB07091846083880B291
S3150001FB7002F108044C4528BF4446082804D9B4F8C4
S3150001FB8000E0BEF5804F3ED263440F431B1A3B4053
S3150001FB909BB2AB87E887118894781C4AC1F30C01A4
S3150001FBA051645367C2F88C004FF48022184B04F05D
S3150001FBB00704C3F8E0200122164BC3F88421FFF79E
S3150001FBC06BFE042C0BD14FF48002134B1B6F134BAE
S3150001FBD01A67D5F8A01095F8270001F07FFD304689
S3150001FBE006F026FC0020AAE7601E012898BF1446ED
S3150001FBF0A9E7E88F4344E31A48BFDB19083898425E
S3150001FC00A8DC304698E72246B0E700BF0040005422
S3150001FC100060005400E100E0000002B8002002B8D4
S3150001FC20803D0020144B10B51968CA8F8B8F488F01
S3150001FC3013440138073B8C69034023F007031C4436
S3150001FC4002F108030D4A9BB2CB87C2F88C304FF400
S3150001FC5080220B4BC3F8E02001220A4BC3F8842112
S3150001FC60A07800F00700042803D1074AD3681B03D4
S3150001FC70FCD4064B1C6010BD143B00200040005410
S3150001FC800060005400E100E0000002B8803D002061
S3150001FC9010B5064C216839B1CB0703D4044B18685B
S3150001FCA0FFF72EFF0023236010BD00BF803D00201B
S3150001FCB0143B00204FF480320B4B0C49C3F8EC2067
S3150001FCC0A3F50053C1F8E020D3F888109A6E0123FA
S3150001FCD002F0070206329340C1F30C01083B994238
S3150001FCE001D8FFF7D9BD7047006000540050005499
S3150001FCF02DE9F04106460C46478F1546D0F8188087
S3150001FD0006F09BFBB28F07F1FF3E02EA0E0323F0DA
S3150001FD100701032CB6F83EC0414419D14A4C246868
S3150001FD209CB96244073A02EA0E0222F0070208EB86
S3150001FD3002044344E31A48BFDB19634510DB06F0AE
S3150001FD4077FB00242046BDE8F08124F00104F0E7AA
S3150001FD50012C03D0022CECD1ACF1080C0C46E8E7DF
S3150001FD60002D36D08C4237D1384A526CDFF8DCC0D0
S3150001FD70718ADCF88870C7F30C079F423FDD238840
S3150001FD80B3F5804FDBD2A77801F1FF3C07F00707F7
S3150001FD90C3F30C039B1A41EA0C0E052F2F7003EADD
S3150001FDA00E0324D81BB223EAE3776F80E7782F741A
S3150001FDB0F66902EA0C02B718AF609FB212FA83F332
S3150001FDC08B4291BF00238B1AAB80EE609CBFAF8044
S3150001FDD0EB6006F02DFBB5E7A4F10802904584BF60
S3150001FDE0FF0802EBC7021288C2F30C02BEE7184FE6
S3150001FDF07F6D003F18BF0127A3EBC703D2E7DCF8ED
S3150001FE00403001F1FF3CA3EB020E41EA0C030EEA7E
S3150001FE10030EDFF840800FFA8EF3002BD8F80C7032
S3150001FE200FDC07F07067B7F1407F14BF0027012789
S3150001FE30FF002F70D8F87870A5F802E03F0A2F74FA
S3150001FE40B6E70827F5E700BF803D002000400054D3
S3150001FE50004000B8000002B8134B70B51E68134B82
S3150001FE60748A9D6C621E1B6CADB292B242EA0401A9
S3150001FE705B1B0B40191E18BF0121C90001700C49FB
S3150001FE802A40896F4380090A0174F169D618A6428E
S3150001FE9001EB0205D2BF0021A31A9BB285608380C4
S3150001FEA0C160002070BD00BF143B0020004000541B
S3150001FEB0000002B8054BA822D3F84C013121431C9E
S3150001FEC00CBF0120C0F38070FDF752B80080E00F2F
S3150001FED038B5094D0446286840F6C202003818BFF5
S3150001FEE001202B21FDF744F8FA235C432B680A20F5
S3150001FEF0B4FBF3F4604338BDB43D0020164B30B576
S3150001FF001A68431C154B1FD0B2F1407F1CD3144C09
S3150001FF10D4F80021154661F3050260F30505C3F81F
S3150001FF20D020C3F8C850D4F804310E4A1A400E4BFB
S3150001FF3003EA500003EA510110431143074BC3F88A
S3150001FF40CC00C3F8D41030BD00200146C3F8C80068
S3150001FF50C3F8D000F2E700BF0080E00F001F00B039
S3150001FF60000002B81FF087E1E0FFFF7F014B5880D8
S3150001FF70002070474C42002073B5564E0446317836
S3150001FF8019B91C22544804F0F5F82378534A544C05
S3150001FF9013704FF0FC62C4F8FC204FF47F02FF217E
S3150001FFA0C4F808214F4A022B4F4D117033D1042357
S3150001FFB007224E49C4F8FC23C5F8FC33C4F80011E6
S3150001FFC04FF4C071C5F80011C4F8FC234FF48052F8
S3150001FFD0C5F8FC33C5F870214FF40052C4F87021FE
S3150001FFE0C4F808314FF4FF13C4F8FC304FF4BB13C7
S3150001FFF0C5F8FC308023C4F8703148F2C8023C4B86
S31500020000C3F8D8203B4B3C4A0020C3F8C02F01233B
S31500020010337002B070BD394A012BC4F80021384B47
S3150002002027D14FF4C072C5F80021D3F83802D3F8AD
S315000200303C12FFF763FF0723C4F8FC330223C5F81B
S31500020040FC334FF48053C5F870314FF40053C4F8B3
S3150002005070310423C4F808310DEB0300F5F7A4FA56
S315000200609DF80530023B012B9CBF8023C5F87031F9
S31500020070C3E7244AC5F80021D3F83002D3F8341274
S31500020080FFF73CFF0723C4F8FC330123C5F8FC3312
S315000200908023C4F870314FF4805301A8C4F870313C
S315000200A0F5F782FA9DF80530012B05D19DF804304B
S315000200B053B948F25D1309E0FBD9023B012B9CBF01
S315000200C04FF40053C5F8703148F25813084AC2F883
S315000200D0D83097E7B43E0020C41F00B04C4200203F
S315000200E0002002B856420020001002B8C0F10F00EC
S315000200F0001F00B0001000B0883D0020C0F70F00BE
S315000201000080E00FC0F60F0010B5044601F086F835
S315000201100A4BD3F8F83724B983F40023C3F3C0405B
S3150002012010BD012C05D103F4C023B3FA83F04009B4
S31500020130F6E7A31E58425841F2E700BF000002B894
S315000201406FF07F42154BD3F8FC37934208D0144A1E
S3150002015003F03F031370F123124A1370124A13700D
S315000201601249134B09781A68A9B1B2F1A06F12D3DA
S31500020170D3F850120F4A104BB1F1FF3F18BF134686
S315000201800E4A136041F66A020D4B1B68B3FBF2F38B
S315000201900C4A13607047084BF2E700BF000002B832
S315000201A05742002058420020594200205542002062
S315000201B00080E00F5082E00F00910200843D002093
S315000201C0D03D0020B43D0020012807D0022802D0ED
S315000201D030B100207047034B18787047024BFBE79B
S315000201E0024BF9E7574200205842002059420020AC
S315000201F0F0B5054685B001AC0B220021204603F07E
S31500020200B9FF95F83C110846FFF7DEFF95F82B304B
S31500020210421ED2B2934228BF134600293AD0012980
S3150002022036D1194604204FF00F0C374EB1FBFCF7BE
S31500020230F75D0138C91BC9B28A4238BF0021215471
S315000202400028F3D105200F278DF80830B3FBF7F10C
S31500020250715C0B44DBB2934228BF13462354013030
S315000202600B28F3D10F2605F1B401E03514F8013B52
S31500020270B3FBF6F2501CC2EB02129B1A0133DBB23D
S31500020280C0B21B0443EA005341F8043F8D42EDD14C
S3150002029005B0F0BD194604204FF00F0C1B4FB1FB01
S315000202A0FCF6F6B2BE5D0138891BC9B28A4238BF76
S315000202B0002121540028F2D105200F268DF808309E
S315000202C0B3FBF6F1795C0B44DBB2934228BF1346CB
S315000202D0235401300B28F3D10F2605F1B401E03582
S315000202E014F8013BB3FBF6F2501CC2EB02129B1A46
S315000202F00133DBB2C0B21B0443EA005341F8043FA8
S315000203008D42EDD1C4E700BFF9900200EC900200E5
S3150002031038B5284B05461A7827490D2A02D1FF20FF
S31500020320087038BD104604F0EFFF04461046FFF78A
S315000203304BFFA84228BF2846C0B2A04238BF20467B
S315000203400B78C0B28342ECD0087088B1431EDBB290
S31500020350022A1A490ED14FF0FC62C1F8FC20A1F51F
S315000203600051D1F8FC2042EA4353C1F8FC30D8E7E9
S315000203700346EDE7124A134C1268B832C4F8C02F8E
S315000203804FF47F02C1F808210F49CA6FD202C8D4BE
S315000203900F22B3FBF2F2551CC2EB02129B1A013377
S315000203A0D1F808411B0443EA05532343C1F8083137
S315000203B0B7E700BF4C42002056420020002002B898
S315000203C0143B0020001000B0000002B82DE9F04FE7
S315000203D090F83C510746D0F8B41087B04DBB1F29A0
S315000203E038BF1F2109398C4B8C4E1A6A4C23306850
S315000203F0C2F38212D34003F0010A8842534697F8A9
S315000204002B408748DFF83CB2DFF83C9216D190F8D1
S3150002041000C0D44512D19BF800C0AC450ED1814A2A
S3150002042092F800C0A44509D1B9F8040007B0BDE8A6
S31500020430F08F032938BF03210239D4E7FF2C31603C
S31500020440037015D1284604F05FFF8046764CBAF158
S31500020450000F1ED0D7F8F000002800F0CF80036806
S31500020460082B40F2CB8090F83880002D5BD016E046
S3150002047099F80000FFF7A8FE00F1FF38A04528BF53
S31500020480A046B8F1010F38BF4FF001085FFA88F8AD
S31500020490DCE7012D2CD0022D01D0D5B3D04640F297
S315000204A07122236808EB0826B3FBF2F319224B43A9
S315000204B0B3FBF2F34146012205A8059308EB062693
S315000204C004F0FEFE4FEA4808B8F1030F38BF4FF0BA
S315000204D00308040244EA0014A8F10308044300F0E6
S315000204E01F0008FA00F0FFF7F3FC00F5FA685FE078
S315000204F00F23B8FBF3F35A1CC3EB0313A8EB030356
S315000205000133DBB2D2B21B0443EA0253C3F30748F8
S31500020510C5E70F23B8FBF3F344480133006850FAEA
S3150002052083F313F8018C40F2712324684FEA0846DC
S31500020530B4FBF3F419234C43B4FBF3F40294BAF17B
S31500020540000F5ED13A4B5246A3FB041303A8A8F14F
S315000205504001039304F0B4FEDDF80C80354BA4EBA6
S315000205600804A3FB041352463021009004A8049306
S3150002057004F0A6FE049B8246E41A0122102105A875
S315000205800193059404F09CFE009B46F480461C02EF
S31500020590019B44EA0A14044308EB0300059B46F058
S315000205A010061844FFF794FC00F50C5808F12808C9
S315000205B040F6FF72204B4046C3F8C020A3F5805395
S315000205C0C3F8C040A3F580531C4CC3F8C460C4F8FA
S315000205D0008002F03BF84FF47A72194B404298655C
S315000205E023681049B3FBF2F3A9F8043097F82B30CD
S315000205F0B8FBF2F08BF800500B7017E74FF00008CB
S3150002060033E70022414602A804F05AFE040244F0EF
S3150002061011040298C6E700BF004001B8404200201C
S31500020620B53E002053420020D03D0020843D0020EC
S3150002063069C2F568911E856B006001B8B83D00205D
S31500020640001F00B0544200204C420020014B18709B
S31500020650704700BF5542002010B50446FCF71AF950
S3150002066078B1174B1B786BB964B1164B1B784BB13B
S31500020670154B1B78013B012B04D84FF40042134B58
S31500020680DA6710BD124BDB6F1B04FAD405F0D5FEF8
S315000206904FF400420F4B0446DA67A3F5A0435B68AA
S315000206A02BB1FDF703FF10B1022004F047FE022230
S315000206B0094B2046BDE81040C3F8842405F0B8BEB5
S315000206C0B63E0020B73E0020BC3D0020002002B806
S315000206D0000002B8001002B800D003500122024BFB
S315000206E000201A70FFF7B8BFB63E00200022024B68
S315000206F001201A70FFF7B0BFB63E002037B5044698
S31500020700354D00F08BFD354B00201C702B78002BED
S315000207100CBF002404F00104FFF79EFF2B78013B77
S31500020720012B08D8EB7B01A88DF804302B7C8DF8C1
S315000207300530F3F7B3FA0022294BC3F88424002CC0
S3150002074042D06A68002A35D0264B1B6803EB520357
S31500020750B3FBF2F3013B1B0243F0F8032A78022AA9
S315000207602AD0032A2CD0012A31D1072243F00203D0
S315000207704FF6FF701C49C1F88400A1F58051C1F8FB
S315000207808430174BC3F8842493070BD5EB7B01A85F
S315000207908DF804302B7C8DF80530F3F76DFA0120C5
S315000207A0FFF75AFF4FF080439CB1104A0020D367EF
S315000207B003B030BDF823D1E7062243F00103D7E7A1
S315000207C0042243F00503D3E72246F823D0E70022AA
S315000207D0CEE7074AEAE700BFBC3D0020B73E00204D
S315000207E000C00350D03D0020006000B8001002B8DF
S315000207F0002002B8F0B5284F06463D4604460FCE05
S3150002080085B00FC533682B6000F008FD0022234B2C
S31500020810C3F88424A17A627A42EA0142C3F8902498
S31500020820217CE27B42EA0142C3F88C24217B627B73
S3150002083041EA0240C3F888043B78032B29D8DFE853
S3150002084003F022020C178DF8041004218DF80520FE
S315000208500DEB01000022F4F71BFFE37B00228DF86B
S315000208600830237C042102A88DF80930F4F710FF22
S31500020870637A01228DF80C30A37A042103A88DF83D
S315000208800D30F4F705FF064B1878FFF737FF002007
S3150002089000E0212005B0F0BDBC3D002000C00350A1
S315000208A0B73E0020034BDB6F002BBCBF024BC3F8E5
S315000208B088007047000002B8004000B8084B1A6C66
S315000208C00A2A81BF5A6D4FF0FF3302F00F0293409E
S315000208D083BF9843B0FA80F040090120704700BFF9
S315000208E000C001B82DE9F04704F08BFD4FF47A758C
S315000208F02F4BB0FBF5F518604FF4FA736B430746BE
S315000209002C48190E1B0218182B4A4FF0000341F10E
S31500020910000103F00DFA294BA0F5807182460246CA
S31500020920196330B94FF0010A4A222B21FCF720FB4A
S3150002093052464FF47A735A4329020023500803F0B1
S31500020940F7F91E4B1E4AB7F57A7F9A601D4B4FEA9E
S315000209500A6619601C4BA9468846044618604FEA87
S315000209601A2A06D201259D222B210020FCF700FB24
S31500020970A9464FF47A73A6FB030103FB0A116D081D
S3150002098040194FF0000341F100014A4603F0D0F945
S315000209900E4B023419600E4B48F10008A408186089
S315000209A044EA8874054B013C9C63BDE8F08700BFAE
S315000209B0D03D002020A1070040420F0000C001B830
S315000209C002110100E03D0020DC3D0020D83D002060
S315000209D0D43D00201022044BC3F884215A60012220
S315000209E0024BDA60704700BF00E100E000C001B8C8
S315000209F010B50446A242A2EB0000A3EB010104D209
S31500020A00034B01399B6B0133184401F0030110BDFE
S31500020A1000C001B838B501250A4B02019D504FF4BA
S31500020A2080730446084A8340536605F006FD074A6A
S31500020A30A540137823EA05031370BDE8384005F094
S31500020A40F7BC00BF00E101B800E001B8C13E0020DA
S31500020A502DE9F84F164604468A461F4605F0EDFC78
S31500020A60022E00F09280804605F0F0FC604B614A4F
S31500020A70D3F82090157D5A6EEDB2520744BFD3F8D3
S31500020A802090013505F0030505F0DBFC48462946B2
S31500020A9000F038FA8446DAF80000012E04BF01306D
S31500020AA06044ACEB000C08BFCAF80000BCF1804FF2
S31500020AB07ED300F03BFA8145A1EB050188BF4C4B82
S31500020AC0DFF854E188BF01F1FF3101F0030188BF6D
S31500020AD09B6BA0EB090C0EF80410A1B1F90742BFFB
S31500020AE041F61F72444B5A67BA0742BF424B434A0A
S31500020AF05A677B0742BF00223D4B9A673D0742BFBA
S31500020B0000223B4B9A6511254FF0010A384B04F13E
S31500020B101002120103EB041BCBF80C0138499D505D
S31500020B201A6A0AFA04F5586E0B78A2EB0902EDB2BC
S31500020B302B4362450B704FEA041925D34FF4807399
S31500020B40A340034220D11EF80420002A4BD10EB343
S31500020B502C4AF807536607D541F61F7140F2011079
S31500020B60254B596750675967B90706D5224B234A61
S31500020B70244925485A6748675A677A0742BF0122BD
S31500020B80224B1A613B0719D4404605F051FC01205D
S31500020B90BDE8F88F1E4A42F809A042F89C3C05F0CF
S31500020BA04CFC17490B7823EA05030B7005F040FC51
S31500020BB0404605F03DFC0020BDE8F88F2120FFF7F6
S31500020BC071FE4FF480310A4A124BD1601A78002A1C
S31500020BD0DAD000222D201A70FFF764FE1022094B8C
S31500020BE040465A66D1E7074A40465366CDE700BFFC
S31500020BF000C001B8783E002000E001B800001F1FC7
S31500020C00C13E002000D001B800000101000002B878
S31500020C1000E101B8B83E0020B93E0020034B103077
S31500020C200001185800F00100704700BF00C001B86B
S31500020C302DE9F0419DF818800D46B8F1000F08BF66
S31500020C400022214EB5F5803FB168074621F47001B6
S31500020C5041F4A001B1609DF820409DF81C104FEAB6
S31500020C60042444EA016444EA031444EA084444EAD4
S31500020C7002044FF018014FF436722CBF00200120F7
S31500020C807465FCF775F93564B8F1000F1AD00F4B8D
S31500020C90BC68D3F888305A2C38BF5A245B0606D56E
S31500020CA000F074FC18B10A4BB3FBF0F31C44204667
S31500020CB000F03CF90130854238BF0022024B34BFB6
S31500020CC05A645864BDE8F08100C001B800C000B89B
S31500020CD000093D00F7B52B4F3D6E01F067FE044655
S31500020CE02846FFF7EBFD7B6C06460BB100283AD08F
S31500020CF010272020FFF7D6FD234B9F606CB1002200
S31500020D0000200821FDF7F4F98022204B5F66A3F547
S31500020D1080531F6703F540531A6102F08BFB2022B2
S31500020D201B4BC3F8842101231A4A8DF80730D36876
S31500020D3013F0706FFBD09DF807306BB91CB116B17A
S31500020D400122154B1A700F4B144A1D665A6741F25F
S31500020D5001429A6703B0F0BD0DF107010DF10600DD
S31500020D60FEF73AF8E7E7002CEDD00D4B074A53663B
S31500020D70A2F5805213672846FFF7A0FD0028E2D0AD
S31500020D803D6EF8E700C001B8001002B800E001B8F5
S31500020D9000E100E0000002B8B83E0020011B011885
S31500020DA01000002010B504462120FFF77BFD1CB180
S31500020DB04FF48032064BDA60064B1A783AB10022BB
S31500020DC02D201A70FFF76EFD1022034B5A6610BDD6
S31500020DD000C001B8B83E002000D001B8F8B5184DE1
S31500020DE004462B6A1B0426D500F01CFC2B6AA0FBCA
S31500020DF0044613F0787F4FEA9367C3F34450C3F374
S31500020E00044505D140F239422B21FCF7B1F8012005
S31500020E10AD01B5FBF0F010EB871005D140F23E4272
S31500020E202B21FCF7A5F80120024600232046314675
S31500020E3002F07EFFF8BD00F0A9FBA0FB0401F9E772
S31500020E4000C000B80246012030B50B4CA0F12003C9
S31500020E50C0F1200524FA05F504FA03F32B4304FA3C
S31500020E6000F595428B4100D330BD0F2801D00130E9
S31500020E70ECE7FF20F8E700BF40420F0000220B4BD1
S31500020E8040F010001A700F22094BC3F88820A3F510
S31500020E908053C3F88800A3F580531B6ADBB2802B0C
S31500020EA002D0084600F0F4BB704700BFB83E0020EF
S31500020EB000E000B838B505F0C9FA084B084A1D6AC1
S31500020EC0147D5A6EE4B2520744BF1D6A013405F01E
S31500020ED0B8FA284604F0030138BD00BF00C001B8C5
S31500020EE0783E00200346064A103302EB00111B012E
S31500020EF0D1F80C01D158C1F3400104F02ABA00BF5F
S31500020F0000C001B8074B084A1B6810B54343146872
S31500020F1003EB817300224FF00041E4FB00129818A4
S31500020F2010BD00BFD83D0020D43D00200C4A20F061
S31500020F304043014610B5002014684FF00042E4FB1E
S31500020F400320084A890F126802FB0300064B9B6BBB
S31500020F50984204D901330131C01A01F0030110BDD0
S31500020F60DC3D0020E03D002000C001B8044B01F04A
S31500020F70F071103041F0030100011950704700BFB3
S31500020F8000C001B808B52220FFF78CFC4FF480227E
S31500020F90014BDA6008BD00BF00C001B808B5064BB8
S31500020FA04FF030401A680549920003F047FABDE84F
S31500020FB0084001F09DBC00BF349102003891020046
S31500020FC070B50C68651C15D0C4F302669E42C4F364
S31500020FD0074530D1A4B294422DD804EB8506B2421D
S31500020FE029D2141BA50824F003040E59340F04D089
S31500020FF0012C08D00022212402E06B1C51F8232088
S31500021000C0E9002470BD0E4C34F8133042EA0343A3
S315000210101A686B1C51F8234001EB83014B6822408E
S315000210205E4036F0704404D11B0F032B04BF8B685D
S315000210301A430024E4E7013501EB8501C1E700BF4D
S315000210401491020007B501A8F4F7AEFA4822164B2E
S315000210505A65164AD2F8D43023F4FC33C2F8D43097
S31500021060134B1B689DF80530023B012B19D8402211
S31500021070104BC3F8FC23104BD3F85C32DBB2FF2BC8
S3150002108000D10623094A1B03D2F8FC139BB20B4379
S31500021090C2F8FC33D2F83021084B1A6003B05DF86F
S315000210A004FB01F051FAECE7008001B8000002B837
S315000210B0002000B0001002B80080E00F743D00204E
S315000210C02DE9F047074688461446234D234EDFF89E
S315000210D094A088B01CB9204608B0BDE8F087B4F5E4
S315000210E0006F4FF010024FF000016846A14628BF7C
S315000210F04FF4006903F03EF808238DF8003009F139
S31500021100FF339BB2009A1B0143F0036332402B402C
S315000211101343102200210DEB0200CDE9003802979D
S3150002112003F028F86B469AF800100D4804AAF4F763
S31500021130C0FA9AF800100A48F4F7F6FAA4EB090482
S3150002114008EB890807EB89079AF80010044805F0AE
S3150002115096F90028F8D0BDE7F07F300C0F80CFF368
S31500021160000004505A42002008B5054B4FF03040AB
S315000211701A680449FFF7A4FFBDE8084001F0B8BBAE
S31500021180349102003891020010B5044605F055F973
S31500021190064B074A1C70074BFF2C08BF1346064A2C
S315000211A0136005F045F9002010BD00BF5A42002029
S315000211B09D0F02006911020044420020014B18787B
S315000211C0704700BF5A42002000224FF400710F4BB5
S315000211D010B51A675A679A670D4AD162012102F55C
S315000211E0E8325161DA6812F0706FFBD14FF030428B
S315000211F001245A6602F5FC5208329C66DA64054BF3
S315000212001B689847044B5C6110BD00BF000002B822
S31500021210004000B844420020002002B801230F4AD1
S315000212200F49C2F880328A6A22F002028A620D4AA5
S3150002123053600D4A53600D4A5360A2F580425360D3
S31500021240A2F54042536002F5C032536002F5804275
S315000212505360A2F500425360704700BF0080005001
S3150002126000C0005000D000B800500054005001B831
S3150002127008B5FFF7D3FF0D4B0D4ADA6701F05CF9AB
S31500021280FFF7E0FE03220B4BC3F8E02000F0E8F97B
S315000212904FF46072084B5A614FF40072DA67FEF738
S315000212A0F5FABDE808400021FEF7CCBA000002B804
S315000212B00048F000005001B8001002B82DE9F04FC6
S315000212C0804687B002900D4655F8044B631C08D140
S315000212D0029BC8F80040A8EB0300801007B0BDE8E7
S315000212E0F08F5FEA147B18BF0122324BC4F3016A06
S315000212F033F81A1008BFC4F307424FEAC209A4B270
S315000213002D4B44EA014409F104014144994241D377
S3150002131098453FD80020E1E7059B23BB072017F03D
S31500021320420F20FA0AF000F001002BD117F0280F25
S3150002133020D100222244BBF1010F46F8082C4FF0BF
S31500021340FF3218BF0022019B043453F8041B0836EF
S315000213504A4046F80C2C0193049B9C42DCD103992B
S31500021360C8442944AFE740F6F30232210020FBF7D6
S31500021370FFFDDEE740F6F7023221FBF7F9FD4FF4F7
S315000213808052D7E740F6FC023221FBF7F1FD4FF41B
S315000213900052CFE79300039304EB820304930123E5
S315000213A003FA0BF707F0940308F108060195059373
S315000213B0D2E700BF14910200003000B0F8B505462E
S315000213C0F0B10026154B34461F46154953F8042B37
S315000213D0BAB9A00000F13040294600F50150FFF7E6
S315000213E06DFF30B940F6A8223621BDE8F840FBF77A
S315000213F0BFBD0C4B0134044447F8265023F816406F
S31500021400F8BDAA42FCD001360C2E02D031F81640A5
S31500021410DCE740F6C22236210020E6E7E43D002062
S315000214208E3E0020903E002070B5C0B100296ED0DD
S31500021430002213463749384C51F8045B85420FD1D6
S3150002144036498A689206FCD49B00354A03F130433A
S3150002145003F50153C2F8B0302022324B9A6070BDB8
S3150002146001320C2A53D034F81230E5E71FD1426814
S315000214700830C3E900120268531CF0D0C2F30163BC
S3150002148034F8131012F47E0F93B243EA014313D0D9
S315000214900430C2F30742022A0168E7D94668856822
S315000214A0033AC3E900169D600C300C33F3E7012AB8
S315000214B0E1D104301960DEE7120F00F10805406839
S315000214C0072A09D8DFE802F007040A0E1114191ECA
S315000214D0C04303F5005318602846CCE71A68424019
S315000214E01A60F9E703F58053F5E703F027FFF3E700
S315000214F0012203F580538240F2E7012203F50053ED
S315000215008240EDE71A6830EA0202FBD1E4E7064CB4
S31500021510B1E700BFE43D00208E3E0020000002B885
S31500021520001E00B0001002B8149102000B4B1B689B
S31500021530D3F8F03023B11A68022A01D9186A704723
S31500021540074B9A6D90B238B1064BC2F307421B683D
S31500021550DB085343B3FBF0F0704700BF143B002097
S31500021560004001B8D03D0020064BDB68C3F303639D
S31500021570984206D1044AD36B23F0F00343EA0111E1
S31500021580D1637047000002B8001F00B0054B1B680C
S31500021590D3F8F03013B11A680A2A01D8FFF7C6BF8A
S315000215A0186C7047143B00202DE9F347054603F0FB
S315000215B0BEFE00278046194EDFF864A004F03DFF08
S315000215C00DF1070181460DF10600FDF705FC9DF8B8
S315000215D006300BB3DAF80C3013F4603F1CD0DAF89D
S315000215E0100003F010FF04466B1C03D003F09FFEAD
S315000215F0A0EB0807484604F01BFF14F5007F07D14D
S315000216009DF8063013B99DF807300BB1AF42D5D31A
S31500021610204602B0BDE8F0873446E5E700FEFFFF4C
S3150002162000C000B80B4A10B5136E0B4C116E03F0D6
S315000216300703E35CC1F3CD0101FB0333126E0748D6
S31500021640C2F3454202FB033300688001B0FBF3F0AC
S3150002165010BD00BF004001B80C910200D03D002031
S315000216600122014BDA677047001002B80122014BD2
S31500021670DA677047002002B84022014BDA677047EA
S31500021680002002B84022014BDA677047001002B808
S3150002169010F1800F04D04D28CEBF7F20323040B2E9
S315000216A0FF22034BC0B21A62A3F580531862704739
S315000216B000E000B8084910B5D1F89C3040B11C468C
S315000216C0CA68D1F89C309C42F9D1C2F30362027017
S315000216D003F00F0010BD00BF000002B8064B01F078
S315000216E080011B6F03F480030B4302BF4FF4001209
S315000216F0024B1A62704700BF000002B8006001B8D0
S3150002170010B504F09AFE0E2104460320FFF72CFFC3
S3150002171040F20122034B2046BDE81040DA6204F093
S3150002172087BE00BF004000B8124B197809BB124AA7
S31500021730106A5860D2F88800D860526E1A610F4A51
S31500021740D0689861D06BD861D2F8B4001862D2F82A
S31500021750B8005862106B9862506BD862926B1A632B
S3150002176001221A70064B074AD3F8A0001060C3F88C
S31500021770A0107047183E0020004001B8004000B893
S31500021780001E00B0143E0020164B1A784AB3596860
S31500021790154A1162D968C2F88810196951669969A1
S315000217A0A2F58032D160D969D163196AC2F8B41040
S315000217B0596AC2F8B810996A1163D96A5163196BEA
S315000217C09163012102F5005291641021A2F5805223
S315000217D0C2F8841000221A70044B1A68044BC3F82C
S315000217E0A0207047183E0020004001B8143E002099
S315000217F0001E00B0194A38B5136A03F4E071C02915
S3150002180021D003F0C003802B23D1154B154A0125A5
S315000218105A66302203F580535A660522A3F59033A1
S31500021820DA6003F580539D6404F007FE04460E4B0E
S3150002183029461D610D4B00205B6898472046BDE88E
S31500021840384004F0F5BD23F4E07343F080031362DD
S31500021850DBE70023C2F88830D7E700BF004001B8B3
S31500021860005001B80F00FFFF000002B82C42002012
S31500021870012838B501D0042831D11E4BD3F8B42043
S3150002188022F48042C3F8B420D3F8B82022F480426E
S31500021890C3F8B8200122DA6324221A634FF4807255
S315000218A05A634FF49C729A63102203F50053C3F8ED
S315000218B08420052201250F4BDA6003F580539D64CF
S315000218C004F0BBFD04460C4B29461D610B4B002060
S315000218D05B6898472046BDE8384004F0A9BD3F2220
S315000218E0074B06285A660CBF064A074AA3F58053D9
S315000218F05A66DEE7004000B8000002B82C4200201B
S31500021900006001B83800FFFF1200FFFF4FF6040126
S315000219104FF60502044B01201B6C9BB28B4208BF9B
S315000219201346024A136670470080E00F00C001B8F2
S315000219302DE9F84304F081FD0C224FF0B047002157
S315000219402B4C2C4D637C06465A433A441163D5F818
S3150002195070802967D5F8000194F810C0E060264827
S315000219600233C0F88CC00320C5F80001012000FA3A
S3150002197003F3224843614FF48070214B58660220DC
S315000219803B6A0133A3605363106301333A6A00BFB3
S3150002199000BF00BF00BF00BF00BF00BF00BF686E30
S315000219A010F4807915D19342F0D139B1304604F062
S315000219B03FFDCD221A214846FBF7DAFA0C21627C5A
S315000219C0A3684A43023302F1B042A3600121536382
S315000219D0DBE74FF480720A4B30465A660122C5F89D
S315000219E07080C3F80021BDE8F84304F021BD00BFB2
S315000219F0783E002000C001B8008003500020005845
S31500021A0000E001B82DE9F74F81460E464FF0FF344C
S31500021A10FFF750FA002501908A46A0462846DFF8CD
S31500021A20D0B005F110031B015BF8037007F0030742
S31500021A30012F15D12846FFF755FA02460B460198A3
S31500021A405146FEF7D5FFDBF8643005F10802D340B4
S31500021A50DB0736D5002E3DD00024A0463560384639
S31500021A600135082DDDD148B300221146204DAF685D
S31500021A70AB6B0133E8FB034107F44033B3F5003F98
S31500021A8030D16B6B07F44057013342F10006B7F5CC
S31500021A90805F22D12D6B15F5807505FB06F642F1A6
S31500021AA0000203FB0266A5FB03323244594304FBE0
S31500021AB00212A3FB04342244C9E9003203B0BDE892
S31500021AC0F08FA04271EB0803C9D206B13560044615
S31500021AD08846C4E73446B046C1E7320242EA136298
S31500021AE01B02E3E72B6B13F5807342F10002DDE77D
S31500021AF000C001B808B503F0B5FC044B5A7C0123BB
S31500021B0002329340024A536108BD00BF783E00206C
S31500021B1000200058FF2870B53ED0FF2938D00B2888
S31500021B2034D8022932D81F4C1F4B617441F440212C
S31500021B30207441F44071063043F820101B4B1D6897
S31500021B4003F07DFC6E08ED07024600232846314667
S31500021B5002F0EEF8090241EA1061C0F3C05040EA11
S31500021B604100134B2060186B10F5807005D14FF4BD
S31500021B70D7722B21FBF7FCF9022002460023002034
S31500021B80012102F0D5F86060002070BD2120FCE73B
S31500021B900B28FBD80021C6E7FF294FF00700C0D16A
S31500021BA0F8E700BF783E002000800350D03D0020B9
S31500021BB000C001B810B504F040FC0446FFF7B8FEB9
S31500021BC00222054B2046BDE81040DA600122034B93
S31500021BD01A7004F02DBC00BF00C001B8C23E00203E
S31500021BE00C490B78ABB10C4B5A7C01230232934061
S31500021BF00A4A936153614FF48062094BC3F880210C
S31500021C0000230B70074BD3F80C01D3F8041100F034
S31500021C10ABB87047C23E0020783E00200020005834
S31500021C2000E100E000C001B810B5044603F007FC6D
S31500021C306043044B00F5F42000F59070B0FBF3F01E
S31500021C4010BD00BF40420F002DE9F74FFFF7ECFF32
S31500021C50044604F0F2FB00213C4D06466846297014
S31500021C60FFF7D0FE4FF0B0431F6A394BDB6813F023
S31500021C70706F1ED1374B5B6913F0060A19D1F0B1AA
S31500021C80DFF8DC80611DD8F80000A1FB00B903F083
S31500021C90D6FB534602464946584602F049F8DDE964
S31500021CA0009A090241EA10610002484571EB0A01F5
S31500021CB00DD3304603B0BDE8F04F04F0B9BBFFF7D1
S31500021CC037FE0222234BDA6001232B70F1E7FFF77E
S31500021CD02FFE03F0B4FB4FEA192141EA0A61A0FB89
S31500021CE001B9D8F800204FEA1A2A00FB0A9912B95C
S31500021CF003F087FB024600235846494602F018F8CD
S31500021D004FF00C0E0122DFF85CC001349CF8113052
S31500021D103F1B991C0EFB03F38A400F49074403F14C
S31500021D20B0434A615F630D4F241ABA614FF0B04760
S31500021D303F6A5B6BFB1AA342C3D2DCF80C00054B6D
S31500021D40C3F800018A614A61B3E700BFC23E0020C0
S31500021D50000002B800C001B8002000580010005868
S31500021D60D03D0020783E00202DE9F74F0C228D4C05
S31500021D700191637C8C4E5343002203F1B0431A63F4
S31500021D80217C8A4B0546C3F8AC104FF40031884BD0
S31500021D90904619610223F3604FF0B0431B6A5F1E3F
S31500021DA0DB1B002B40F3E88008F10108B8F1020FB3
S31500021DB069D9EC220D210020FBF7DAF84FF08052A8
S31500021DC07C4B794E5A66E2684FF00008C6F800214D
S31500021DD04FF400321A61754BC3F8AC800C23627C57
S31500021DE05A4302F1B042C2F8308004F026FB434661
S31500021DF041464FF4807E376AD6F864C003F110027A
S31500021E001201B25802F00302012A10D10EFA03F2AD
S31500021E1012EA0C0F0BD106EB0314BD42D4F80C41A7
S31500021E2000F2BA80A54202D2A74280F0B8800133FE
S31500021E30082BE3D1604C2268012A08D85F4D2B7823
S31500021E40142B02BF00235E4E337001332B70A9B1EF
S31500021E50544D012A6B8A43EA01036B82544B59663D
S31500021E600CD857490B780133DBB2022B0B7005D124
S31500021E70002301322260514A0B70137003B0BDE891
S31500021E80F04F04F0D5BA4FF00C0A4FF00009637C0C
S31500021E900AFB03F303F1B043C3F8309004F0CDFA22
S31500021EA04FF08053434A53664FF0B04394F811E023
S31500021EB01F6A0AFB0EF3013703F1B0435F63316B0E
S31500021EC0B368DB034ED5A2682368BA1AA2FB03A243
S31500021ED0D4F804B0AAFB0BC3CC46E2FB0B3C01F5DB
S31500021EE08079A9FB031B09FB0CBBBAEB010162EB70
S31500021EF00B02090A41EA0261019A1144B1EB192F58
S31500021F004FEA192203D301334CF1000C891A043A21
S31500021F108A4228BF0A46EB18B261227D4CF10001C3
S31500021F20D6F820C0D2B26545D6F838C084BF02F1D1
S31500021F30FF32D2B2BCF1FF3F0ED04FF0000A0CF1D5
S31500021F4001099C457AEB010B08D20132B3EB090376
S31500021F50D2B261F10001F4E70A44D2B202F00302FE
S31500021F60227533620C2303FB0EFE02230EF1B04EE2
S31500021F70CEF8303004F05CFA4FF0B0431B6A00BF73
S31500021F8000BF00BF00BF00BF00BF00BF00BF726E30
S31500021F90D2007FF505AF11E7A542BFF445AF0A436C
S31500021FA091B244E7783E002000C001B80080035099
S31500021FB000D001B800E001B8403D0020C43E002038
S31500021FC0C33E002037B50446FFF728F9E1782279A7
S31500021FD01B4841EA0243C0F8CC34E579A37943EAC7
S31500021FE00543C0F8D03423784BB18DF80410042190
S31500021FF08DF805200DEB01000022F3F749FB63780B
S315000220005BB10421A37900228DF80430E3790DEB4C
S3150002201001008DF80530F3F73BFB227801235AB114
S31500022020084AC2F8C834627802233AB1054A002047
S31500022030C2F8C83403B030BD034AF2E7024AF6E7F3
S3150002204000C0035000D0035000E0035070B52B4B84
S315000220500D461A7812B92A4A926D1A70294AD26F17
S31500022060520549D51C78284B04F00F06B0FBF3F055
S3150002207040434FEA141405D140F289622B21FAF744
S3150002208077FF0120214A0A217243B2FBF0F348434B
S31500022090B3FBF1F602EB5002B2FBF0F201FB163390
S315000220A0042BD2B21BD8C3EB8311C3EB81035BB201
S315000220B0002B14BF6FF0040105210B440A2193FB88
S315000220C0F1F31C44E3B264B20F2C0FDD013AD2B233
S315000220D0053B5CB2002042EA04122A6070BDC3F1DD
S315000220E00A0303EB83030521DBB2E6E7002CF1DAF0
S315000220F00132D2B20533ECE70220EFE7C53E0020FB
S31500022100008001B8000002B8403B25008096980086
S315000221104FF0000C2DE9F84FA2FB0179C94EDFF80A
S3150002212060E3BE19984669F10003B6457CEB0303EA
S3150002213008D240F243220E216046FAF719FF022026
S31500022140BDE8F88FD0F8F0A00C461546BAF1000F9C
S3150002215004D0DAF80030032B00F21881BA4BBB4ADE
S315000221609E6BA3F58043D3F8EC30C6F314065900F0
S31500022170B74B48BF46F400161B6ED2F8FCA05A07AE
S315000221804EBF4FF440039B0503F0E07346EA4566F3
S315000221901E4303F011FE012D8346D0D10028CED076
S315000221A0AC4B984200F0008103F5122303F5F86365
S315000221B0984200F0FD80A84B984200F02581024625
S315000221C0002300204FF0007101F0B2FD0130A7FBA1
S315000221D0007200FB0922C6F31303A3FB0B3B20325A
S315000221E09209C8F80020DB0C9C4A43EA4B33F502FD
S315000221F0146058BF5B429A4A9A4DC8F814401C4470
S3150002220013602C60BAF1000F00F0BD80F001964A0F
S3150002221083EAE370A0EBE370C6F38153D75C4FEA1F
S31500022220E07E47F3401100FB01F14FEA876707FBA7
S315000222300E11A0FB070748BF64084FEA540C10EBC7
S315000222400C004FF0000341EB0701224601F070FD3E
S31500022250DAF800300E2B08D97D4B7B4A926BD9698E
S31500022260D3F80C31C90600F1C680B3024CBFC421B3
S3150002227040F20711C0F31300C8F804007B48DAF8ED
S315000222801820A0FB0460400901FB00F04FF4FA732A
S31500022290B0FBF2F000FB03F3FA33A4FB0116A3FB37
S315000222A002328B42B24138BF0130C0B240F4006CF8
S315000222B0C8F808C0002879D0DAF81C70A0FB0732EB
S315000222C01CB1B4FA84F10E297FDDE103002A71D133
S315000222D0B1FBF3F14B0003FB0003A3FB07624FEADA
S315000222E0044EB6454FEA144474EB020209D3400089
S315000222F00344A7FB0362B64574EB020201F1010136
S31500022300F6D2C1F30E014CEA013C4CF00063C8F868
S31500022310083003F051FD2C68002C00F08680B4FAD8
S3150002232084F3D3F1020358BFDC40514B9C4288BF71
S31500022330640800286AD0B4FBF0F3642100FB134260
S3150002234001FB02F25D1E90424FEA550572D85B0808
S31500022350013B2D0245EA0315C8F80C5003F000FDB7
S3150002236058B3B4FBF0F3642100FB134401FB04F4FD
S31500022370A04228D85A1E52085B08013B120242EAC2
S315000223800313C8F810300020BDE8F88F042BDAF8E2
S3150002239028607FF4FEAEF00154BF06F0E0734FF4FE
S315000223A0400326F0E076F3E6324810E72120C7E63E
S315000223B031480CE7034600218FE740F2F2422B2117
S315000223C0FAF7D6FD2346013BD4E7C1F10F0601F128
S315000223D0110E02FA0EFEF34043EA0E03A6F1200E98
S315000223E022FA0EFE43EA0E03F240013304FA01F129
S315000223F042F100026AE702F4801203F400131A4360
S3150002240008BFC0F5801030E71C48E0E6631EA51E33
S315000224105B086D08013B2D0245EA031540F2CF42E7
S315000224202B210020FAF7A4FD96E76FF01F0500287E
S3150002243092D1F3E7023B013D5B082D0145EA0325F4
S315000224408AE700BF006CCA88008001B8001F00B08E
S31500022450004001B800F04902005A6202543E0020D0
S31500022460503E00204C3E00201C910200D34D6210CB
S315000224703FBE40250A3BB2DF313641DCD694BFD699
S31500022480807C814A10B50B46044686B039B98279FA
S31500022490016821486B460068FFF73AFE6B461F4A01
S315000224A0196851631E4AD2F8FC2062B35A6842B1D7
S315000224B01C4A1D49C2F80C115968A2F58052C2F88D
S315000224C00C119A6842B1174A1849C2F8EC10996879
S315000224D0A2F58052C2F8EC101549D868D1F86421E9
S315000224E022F4EE620243C1F86421D1F85C21186934
S315000224F022F4EE620243C1F85C21A1F5FF4158695C
S315000225002839FFF7A3FD0020A2880A4B9A6203F539
S31500022510A033186406B010BD143B0020008001B839
S31500022520001F00B0006001B8FFFF0F00FFF8FF0FA9
S31500022530000002B8004000B84FF48062014BDA672F
S31500022540704700BF001002B84FF48062034BDA678F
S31500022550034B1B780BB1034A93657047002002B800
S31500022560C53E0020008001B80523064AA2F84A307B
S3150002257092F8493003F0010363F0730382F849309D
S31500022580704700BF001F00B070B51D4E0546F368C8
S3150002259003F07063B3F1007F30D103F04EFFF368AE
S315000225A0044603F07063B3F1007F22D1284602F09D
S315000225B056FD30B1134B93F8C42012B1002283F8B2
S315000225C0C5200F4B1B6F9B0510D50E4B0E49D3F83A
S315000225D0A83009691A789B6843F80C1C32B94FF483
S315000225E000320A4BCF20DA61FEF75CF98022044BF7
S315000225F01A61204603F01CFF002070BD0220FCE792
S31500022600000002B8001E00B000C000B8001002B8F8
S3150002261010B590B10468012C0FD902696AB111682C
S31500022620094B102C196051685960916888BFD268AD
S31500022630996094BFD960DA6010BD10220021024869
S3150002264001F098FDF8E700BF5C3E0020084BC11779
S315000226501A68A2FB000302FB013310F1807043F1FA
S315000226600003400E40EAC310803820EAE07070474B
S315000226706C3E00200722164B70B5DA66154B164AD9
S315000226801E68164BF408E005C0184FEA163141F1F0
S315000226900001002301F04CFB114B124D18604EF65F
S315000226A06020FFF7D3FF4042C5F884000E48FEF7CC
S315000226B03DFC024658B1E301500818184FEA16715C
S315000226C04FF0000341F1000101F032FBE86570BDF5
S315000226D0000002B8D03D002065CD1D00B2E60E0016
S315000226E06C3E0020001F00B040420F0010B50446A9
S315000226F098B10B4BD3F8FC00FFF78AFF4FF47A73BD
S3150002270003FB04F0074BA0F6AC50DA689B68104452
S31500022710C01ABDE81040FFF799BF4EF66020F8E7F1
S31500022720001F00B05C3E00202DE9F0410546084638
S3150002273014461E46FFF76CFF002D00F083807207D9
S315000227406CD5286900287FD04FF47A735843464BDC
S31500022750A0F6AC509B68C01AFFF778FFE061A88B21
S31500022760002874D04FF47A7358433F4BA0F6AC500E
S315000227709B68C01AFFF76AFF20613C4BE9681F6835
S31500022780002967D04FF47A735943374BA1F6AC51FF
S315000227909A685B68891AC91A354BC8171A68DFF82E
S315000227A0D880A2FB011302FB003311F1807143F1C1
S315000227B00003490E41EAC31180392E4B6161DB6E7B
S315000227C0A361D8F8003053B1384602F048FC30B164
S315000227D02246D8F800302449D7F8E4009847002169
S315000227E0A869FFF783FFA062A868002835D04FF4D6
S315000227F07A735843A0F503501038FFF727FFA060FD
S31500022800286840B14FF47A72174B1B6803F51C53C4
S31500022810103302FB0030FFF719FFE060B30711D552
S31500022820284600F055F860626B69CBB10E4AD06853
S315000228304FF47A7202FB0300A0F503501038FFF73B
S3150002284005FF2062BDE8F0814EF6602084E74EF671
S3150002285060208FE74EF660219EE747F23050CCE7C4
S3150002286047F23050EBE700BF5C3E0020143B0020ED
S315000228706C3E0020001F00B0583E002070B5064690
S3150002288008461C4602F076FD0546D6F8F00000F032
S3150002289011F84368054A002BA8BF4FF4FA721A448E
S315000228A0034B601992FBF3F2104470BD0CFEFFFF5E
S315000228B018FCFFFF40B10368012B05D90069034BE1
S315000228C0002808BF18467047004870472491020046
S315000228D0406840B14FF47A72044B1B6803F51C53EF
S315000228E0103302FB0030FFF7B1BE00BF5C3E002092
S315000228F070B5124C88B001AD0FCC0FC594E8070035
S3150002290085E807008C2200210D4801F033FCD42211
S3150002291000210C4801F02EFC0B4B0C4A5A63FFF7C0
S3150002292023FE0B4B1B783BB1044E01AD0FCD0FC6F8
S3150002293095E8070084E8070008B070BDC41F00B020
S31500022940A01E00B02C1F00B0001F00B01011111104
S31500022950B43E0020064BD3F8D80E064B5B6F1A0125
S3150002296003D4054B9B6E1B0401D500F5807070479E
S31500022970001000B0000002B8004000B8012370B594
S31500022980074C2370074B1E68074B3240D3E90053AE
S3150002299019402840FBF7ACFB0023237070BD00BF33
S315000229A0CD3E0020743E002050310020024B1879A3
S315000229B0C0F3C000704700BF5031002010B5044676
S315000229C0FEF756FC00F0BCFD2046FCF78FFFFEF733
S315000229D0FBFBFDF787FFFDF7FDFFFFF74BFE1349F4
S315000229E00723134AD1F8FC1004F58270FFF79CFE08
S315000229F04FF080710020FEF7B9FA4FF000720D4BCE
S31500022A004FF400110120C3F80021FEF7AFFAFEF7DA
S31500022A107DFF20B940F221121421FAF7A9FA02F039
S31500022A202AFDBDE810400120FDF768BE001F00B078
S31500022A30581F00B000D001B88023074A1367082345
S31500022A4040B11367054AD2F8A03023F02003C2F83A
S31500022A50A0307047024AF4E7001002B8001E00B028
S31500022A60002002B810B503F0E8FC0121044600205C
S31500022A70FFF7E2FF044B1961044B5B689847204657
S31500022A80BDE8104003F0D4BC000002B82C4200207E
S31500022A9038B5164C054620784FF42072B0FA80F00D
S31500022AA03E214009FAF764FA55B14FF44062104BE1
S31500022AB0D3F8B430C3F3812323700E4BC3F8B4208A
S31500022AC060784FF42072B0FA80F03E214009FAF79E
S31500022AD04FFA55B14FF44062054BD3F8B830C3F301
S31500022AE081236370034BC3F8B82038BDC63E00206D
S31500022AF0004000B8006000B8A82238B51B4B1D6F15
S31500022B0003F500531A6710229A60A3F5804302F177
S31500022B1000521A675A6600F039FF154B1B7813B933
S31500022B200320FDF777FF0024124B9C6700F054FF49
S31500022B30114A124BD2F8D81E0B40C2F8D83E0422D4
S31500022B400F4B1A670F4BAA06C3F8AC4008D503F51C
S31500022B508073DB6CB3F5817F22BF8022034B1A613F
S31500022B60FCF7A0F80022084B1A7038BD000002B824
S31500022B70C93E002000C001B8001000B0DF0000FF0F
S31500022B80002002B8001E00B0C83E0020034B187891
S31500022B9018B9034BD868C0F380307047C83E00208E
S31500022BA0000002B8994B2DE9F04F9A6EDB6E87B0A2
S31500022BB002EA0308964BC3F86880964BD3F8E07096
S31500022BC0D3F8EC301F40944BC3F8E070934BD3F824
S31500022BD00822D3F80C3202EA030A914BC3F808A280
S31500022BE003F52043DA691B6A02EA03098D4B09F4ED
S31500022BF07702DA618C4BD3F80422D00605D4D3F8D7
S31500022C00046116F0100600F0DD8003F016FC874B17
S31500022C105A695E6E02F0060BBBF1000218BF012272
S31500022C201B6F01921E40824A26F0007323F4006352
S31500022C307107536604D57F4A137D0133DBB21375E0
S31500022C4003F0F6FBB8F1000F00F0DD8018F4004443
S31500022C5027D003F0F2FB0146FFF77CFE0446764BD3
S31500022C601D682A682B689A42FCD02A689A42FCD0D0
S31500022C70FFF770FEA04240F0A780084603F0D8FB9B
S31500022C806E4B1C606E4B1D6F15F4E05B40F09E8030
S31500022C9024F07F4424F0DF040CB9FFF72DFF4FF038
S31500022CA08074002518F0020F12D0654B5D491B6F28
S31500022CB003F460420A67002A00F09C801A0400F1BD
S31500022CC09C809D0440F19C804FF0006300251C43CC
S31500022CD0C8F340384FEA48085A4B3B40002B4AD0CB
S31500022CE017F4206F0AD040F2C95206210020FAF7E3
S31500022CF03FF9002000F0CCFE27F48027F80506D520
S31500022D00FF22484B44F4C0649A60FEF7F9FC17F0C0
S31500022D10090F0AD040F2DE5208210020FAF728F9FC
S31500022D2000F0AAFE01223B4B1A6317F0106F0CD07B
S31500022D3040F2E75209210020FAF71AF900F09CFE48
S31500022D40002211461046FCF771FE17F4202F0AD016
S31500022D5040F2EF5207210020FAF70AF9002000F0AC
S31500022D6097FE27F48027F90301D5FCF7A3FF002F6E
S31500022D70B8BF48F008087A070DD5264BDB6A13F46C
S31500022D80005F4FF4005317BF234A2F4AD36244F41D
S31500022D90000408BFD3627B0548BF44F0040417F45D
S31500022DA08023029300F0B580FCF73CFF0138062829
S31500022DB04CD8DFE810F068016B0168016E01710101
S31500022DC07401740101963DE704464AE7FFF794FE53
S31500022DD0144BC3F870B015F4805305D115F4806511
S31500022DE005D04FF080645CE74FF0804459E74FF01E
S31500022DF0805457E74FF0007368E74FF0004365E7EA
S31500022E004FF0005362E74446454665E7004000B886
S31500022E10006000B80040005400600054004001B851
S31500022E20006001B8002002B800E100E000C001B86D
S31500022E3000E001B8783E0020AC900200703E00200F
S31500022E40000002B8090B0B89005000544FF4C4620B
S31500022E5003210020FAF78CF801219B4A936ED2F8DF
S31500022E60880003F00703063301FA03F3C0F30C00EC
S31500022E701B1A9BB2072B12D9944B1B6F58020ED406
S31500022E809348936B926D406D58B103F00703063376
S31500022E909940C2F30C03C91A89B2072901D844F42E
S31500022EA000748C4B1B78002B33D0874BD3F8E03061
S31500022EB013F4A02F2DD1884BDFF85CB21B7883B9AF
S31500022EC0F2040ED49BF800305BB18449C4F3C0030C
S31500022ED0D1F8D81E83F001035B0021FA03F39B07A6
S31500022EE017D10420FDF796FD7D4B7E49596700F008
S31500022EF019FB9BF8003043B97B4B1B782BB17B4BFC
S31500022F007B4A1B682340134201D144F4804426F4D1
S31500022F108056BAF1000F1DD01AF4805F18BF44F430
S31500022F2080241AF4807F18BF44F400241AF4005F48
S31500022F3018BF44F010041AF4007F18BF44F02004AE
S31500022F401AF4806F18BF44F040041AF4006F18BFD9
S31500022F5044F08004B9F1000F47D019F4001F0AD0DB
S31500022F60644B1B683BB1594A6348116F00680022E3
S31500022F70C1F3C061984719F4802F18BF45F4007554
S31500022F8019F4803F18BF44F4805419F4801F18BF07
S31500022F9044F4003419F4800F18BF44F0020419F403
S31500022FA0003F18BF44F4801419F4000F18BF45F00F
S31500022FB0100519F4002F18D0504BD3F8A03013F097
S31500022FC0C00F12D0414BDA6802F03062B2F1407F94
S31500022FD005D15A6FD00602D49B6F190762D54FF4FA
S31500022FE00022474B29F40029DA61002E00F04681BF
S31500022FF032051ED54349DFF8E8B091F803A0424AEC
S31500023000BAF1000F00F08A804FF400600AF1FF3A2D
S3150002301050665FFA8AF2CA703AB93C4A1278002AB6
S3150002302043D040F601423A4B5A67002213461443F4
S315000230301D43B30009D52E20FDF734FC4FF0005294
S31500023040314B45F008051A675A66F00608D52B205B
S31500023050FDF728FC10222C4B45F400151A675A6618
S3150002306016F0306F40F0A080F10440F1FB80019B26
S31500023070002B40F0DD80274B1B68013300F05481A2
S3150002308044F00104EEE044F48034E5E644F40064DE
S31500023090E2E644F48064DFE644F48074DCE644F05D
S315000230A00804D9E644F400149FE7DBF8782012F40A
S315000230B0A05F15BF4FF4807240F60142CBF858204C
S315000230C0CBF87820B1E700BF00400054000002B8F8
S315000230D0004000B8CF3E0020CE3E0020001000B0D7
S315000230E000C001B800000101CA3E00205031002094
S315000230F0088D0100703D0020143B0020001E00B028
S31500023100002002B8B93E002000E001B8C93E002006
S3150002311000D001B838420020CB3E00200320FDF744
S3150002312079FC4FF40061AA4A5166DBF8141011F0DB
S31500023130060124D05046FDF735FEDBF86410DBF8B5
S315000231407030A34A0B4013F0100F1DD010232D2010
S3150002315013675366FDF7A6FB4FF4001A9D499E4A74
S315000231604B8A13F4006F1BD023F400634B8213784F
S3150002317003F0FF025BB14FF40042534657E741F6B4
S315000231801F705067CBF878104FF0000AE6E70392FB
S31500023190FDF7F8FEFFF7B0FC039A4AF0200346E774
S315000231A013784FF40052E8E732011BD52920FDF7C8
S315000231B079FB8A4B5B6C13B11022894B9A60894B5F
S315000231C08949DB6803F48042C3F380330B70FFF74F
S315000231D0EDFB28B1854B7E4985484B660367D2B91C
S315000231E045F00405B30123D50420FDF713FC27207F
S315000231F0FDF758FBFFF780FC4FF00072744B5A66DE
S315000232007C4BD3F8D83E590676D40222744B9A6088
S3150002321045F0020523E00B6720204B66FDF742FBD3
S3150002322045F400152D2045F00C05FDF73BFBD9E7CB
S3150002323016F0807FDFF8A4A149D00420FDF7EAFB4F
S315000232402820FDF72FFBDAF87830002B3BD1FFF769
S3150002325053FC5F4B654A45F001051A675A66002220
S315000232605E4B9A65720509D5634A9378002B00F086
S31500023270A980013B9370002348EA03085F4BD3F809
S31500023280A0301B0603D520462946FCF77FF84246A6
S3150002329020462946FFF772FB029B0BB1FCF7F8FCAE
S315000232A00122574B07F00437C3F8E070554B19F467
S315000232B0002FC3F884211EBF4FF40022484BDA6167
S315000232C007B0BDE8F08F0023CAF87830C1E7F004F2
S315000232D0C5D50420FDF79EFB4B4BCAF87430FDF7AB
S315000232E051FEDAF8643013F0407FB8D12A20FDF798
S315000232F0D9FAFFF701FC83E7404BD3F8A0209206E8
S3150002330086D40221414A9160414A126892F82520E8
S31500023310D0077FF57DAF93F8C430002B3FF478AF2A
S315000233208022304B1A6173E7334A13794BB1013B62
S31500023330DBB2137113B92E4B364A5A6700231C436C
S3150002334090E70420FDF766FB0320FDF763FB234BA2
S315000233502D4A5A6703F071F882460DF11700FEF7FF
S31500023360A9F92D4B83461B780BB1FEF7C9F9BBF1C0
S31500023370030F0ED1DFF86CB00020FEF79BF903288D
S3150002338007D1DBF87430D903F6D4DBF85C300C2BAA
S31500023390F2D99DF81730032B06D101221F4B504656
S315000233A01A7003F045F8C9E71D4BD3F8E03013F461
S315000233B0A02FF2D100F0B6F8504603F039F84FF4D8
S315000233C08043BCE70220FDF725FB012354E700BF3B
S315000233D000E001B8783E0020C93E002000C001B8D6
S315000233E0002002B8000002B8C83E002010000020EB
S315000233F000D001B8001000B0B93E0020001E00B097
S315000234000060005400E100E000000101001002B873
S31500023410143B00200000010DCC3E0020CE3E0020D1
S31500023420004000540122024B1A62DA61704700BF63
S31500023430002002B80D4B10B5DC691A6A14400C4A1A
S3150002344024F47F01D161E20706D5D9684FF0FF3037
S31500023450C1F3036102F019F8630706D5BDE810400F
S31500023460042200200021FFF789BA10BD000002B82D
S31500023470002002B80C4A08B5936B526C13400B4AF3
S315000234809363DB070FD50A4B40F67A0218781221AE
S3150002349000F00100F9F76CFDBDE8084000220120AA
S315000234A00021FFF76BBA08BD00C000B800E000B803
S315000234B050310020054AD2F88430DB07FBD4936FE3
S315000234C0D2F884201340024A93677047008001B8FD
S315000234D000A001B808B502F0B0FF0E4B1A78A2B9E7
S315000234E00D4A126812F4843F0FD10C4A1021D1679B
S315000234F01B7863B9084B1B68DB0508D4074B2022EF
S31500023500DA67BDE8084002F093BF054AEEE7044BCE
S31500023510F5E700BFCF3E002050310020002002B860
S31500023520001002B80022044B1A70044B197811B12C
S315000235301A70FFF7CFBF7047CE3E0020CF3E002065
S3150002354008B502F07AFF4FF00042224BC3F8802002
S31500023550BFF34F8FBFF36F8F0122C3F88420BFF3EF
S315000235604F8FBFF36F8F0222C3F88420BFF34F8FB2
S31500023570BFF36F8F0422C3F88420BFF34F8FBFF3CC
S315000235806F8F0822C3F88420BFF34F8FBFF36F8F6C
S315000235901022C3F88420BFF34F8FBFF36F8F202210
S315000235A0C3F88420BFF34F8FBFF36F8F4022C3F857
S315000235B08420BFF34F8FBFF36F8F4FF48072C3F82F
S315000235C08420BFF34F8FBFF36F8FBDE8084002F030
S315000235D02FBF00BF00E100E008B502F02EFF4FF05A
S315000235E00042094B1A6001225A6004225A600822DC
S315000235F05A6010225A6020225A6040225A60BDE860
S31500023600084002F015BF00BF00E100E02DE9F047D7
S31500023610DDF820A003EA0108099B06460C4602EAE9
S31500023620000703EA0A09BAF1000F40F04E81031FB0
S315000236300B4300F00E81052871F1000380F0E4804F
S3150002364050EA010300F06081431E0B4300F024811F
S31500023650FFF776FFAD4AD2E9005323EA040325EACF
S3150002366006053D4343EA0807A94BC2E900571E680F
S31500023670DFF8F48226EA0A0646EA09061E60FFF722
S3150002368029FF15F02A4F0CBF4FF4004348F20203FC
S31500023690A04AB007D26EA04848BF43F4005383EA5B
S315000236A0020122EA0302C2669C4A0B408166D36685
S315000236B0C5F380421203290348BF42F48072EB0627
S315000236C048BF42F40052964BAC0648BF42F4007221
S315000236D06806D3F80C3248BF42F48062290648BF16
S315000236E042F400628F4882EA030123EA0203C0F829
S315000236F00C328D4B0A40C7F34024A404C0F80812CA
S31500023700C3F80C22EA0448BF44F48034AB0348BF32
S3150002371044F48014A80748BF44F4800415F4001F3B
S3150002372006D0D8F8000001F0CCFE08B944F4002413
S31500023730E90248BF44F40034FA0648BF44F40004E0
S3150002374073077A4B48BF44F004041A6A44F400141F
S3150002375084EA020323F0010375491A400A621C40F7
S31500023760CB61744B16F0010F1C62734B734A08BF90
S315000237701A46734B7C071B6F48BF42F000627148C2
S3150002378082EA030123EA020303676F4B0A4041669A
S315000237901A676E4A05F00103516CA0F5803081EA82
S315000237A0030221EA0301416482631A40684B28023C
S315000237B05A64D8F8002048BF664B92F8022158BFD7
S315000237C0654B690748BF43F4806322B115F4C06FA5
S315000237D018BF43F480733207604A48BF43F0004380
S315000237E0D2F8EC105E4883EA010222F4A0221140CC
S315000237F0C0F8EC101340C0F8E0205A4ABDE8F04782
S31500023800C2F8EC30FFF7E8BEA0F580630B4306D0A2
S3150002381020F48063A3F500730B437FF419AF02F023
S315000238200CFE3A49D1E9003223EA060322EA0402EF
S3150002383042EA08023B43C1E900324B4A126892F857
S315000238400211474A09B313F4C06F1ED04FF48073B6
S3150002385011E002F0F2FD2D4AD2E9003123F0040311
S315000238603B4341EA080157EA0807C2E900314FF42F
S3150002387080633B4A0BD0C2F8E030A2F58052C2F810
S31500023880EC30BDE8F04702F0D3BD4FF48073C2F8C6
S31500023890EC30C2F8E030F4E702F0CFFD1B4AD2E981
S315000238A0003123F001033B4341EA0801C2E900313A
S315000238B001232E4A57EA08071BBF9363A2F58052DB
S315000238C05364536408BF9363DBE750EA01037FF452
S315000238D0BFAEBAF1010F7FF4BBAE02F0AEFD0C4AE9
S315000238E0136823F0010343EA090313604FF480636C
S315000238F0144AB9F1000F04D05366A2F58052136739
S31500023900BFE713675366BCE7BDE8F0875031002076
S31500023910743E0020004000B8006000B8005000B8B5
S31500023920004001B8006001B8005001B8000002B8BA
S31500023930002002B8001002B804180003041C000399
S3150002394000C001B800E001B800D001B800C000B85C
S3150002395000D000B80D0A0A09090A0A0900400054F3
S315000239600060005400500054143B002000E000B8F0
S31500023970024B186800F00100704700BF503100206A
S31500023980014B5879C0097047503100200A4B19780B
S3150002399001F0FF0229B10021197008499202C1F80B
S315000239A0B420597801F0FF0229B10021597093021F
S315000239B0024AC2F8B8307047C63E0020005000B82E
S315000239C04FF40062034B1A674FF40042A3F5E0334B
S315000239D09A667047001002B8F8B5084C084D236F76
S315000239E00423084F2B67236F5B0300D4F8BD04261C
S315000239F002203E6701F0A2FC2E67F4E7000002B83F
S31500023A00001002B8002002B838B5044669B940B1C0
S31500023A10164BDA6812F0606F04D04FF4C062144B92
S31500023A20DA6238BD9B689A06F7D4FDF769FE0F4D38
S31500023A300020FDF73FFE032801D0092805D16B6F50
S31500023A40DB03F5D4EB6D0C2BF2D9FFF7C5FF4FF470
S31500023A500072084BDA62012203F5E8335A61042246
S31500023A6003F580531A67002CDBD0D6E7000002B8B4
S31500023A70006001B8004000B808B503210920FDF72F
S31500023A8073FD2022014B1A6108BD00BF000002B877
S31500023A9038B5054602F0D1FC0E4B04461868FBF712
S31500023AA0EDFF35B1FFF73EFD2046BDE8384002F096
S31500023AB0BFBC094B1B78002BF6D0084B1D78002D96
S31500023AC0F2D1FFF72FFD2A464FF480400021FEF780
S31500023AD055FFE9E7143B0020CE3E0020CD3E0020F4
S31500023AE02DE9F74F574B074615461C6F0191002AE1
S31500023AF040F0A58004F0A004003C18BF0124FBF7A7
S31500023B00D1F8A0234FF0000A4F4A03201367FCF7AF
S31500023B1081FF0420FCF77EFFDFF86081FFF702FDDC
S31500023B204A4B4FF0040BC8F87430C8F878A0FFF778
S31500023B3053FF474B444AD3F8A010DFF8089141F0EF
S31500023B402001C3F8A010FF2191604FF48071C9F8DB
S31500023B50101040494048D1F8D86E3040C1F8D80E0E
S31500023B60C2F870B0C3F8ACA0D8F8143013F0060F40
S31500023B7004D0FDF707FA5846FCF74CFF0CB1FFF7E5
S31500023B801FFF47B1FDF7BCFDFFF776FF0420FCF7E8
S31500023B9041FFFFF7FBFED9F81430D90749D5294A68
S31500023BA0D36813F0706FFBD1274B2C4A1A672C4A45
S31500023BB0D36B23F0F003D363019B13B12846FFF7BF
S31500023BC067FF284BD3F84C315A1C01D05B0002D553
S31500023BD001221D4B5A6165B3234BDA6E03F500537E
S31500023BE09A6603F5D0331B6A174A23F00103D361A1
S31500023BF01E4BD3F80C1203F50053C3F8081203F553
S31500023C000053D3F8841003F500539967184BD3F881
S31500023C10EC1003F50053C3F8E010164B596C03F58C
S31500023C2000539963144903F5803359664FF60843E6
S31500023C301367002003B0BDE8F04FFBF79FBB0024DB
S31500023C405DE700BF000002B8002002B800000101D3
S31500023C50001E00B0001000B0DF0000FF10003000B0
S31500023C60001F00B00080E00F004000B8004001B81D
S31500023C700040005400C000B85000002F00C001B838
S31500023C8038B514460D4602F0D8FB064BD3F8A020F1
S31500023C9054402C405440C3F8A040BDE8384002F0DE
S31500023CA0C7BB00BF001E00B0034BD3F8A030994338
S31500023CB00CBF012000207047001E00B02DE9F04124
S31500023CC015460A43012A1C469DF818809DF81C7069
S31500023CD0089E29D8B84527D2082F25D8032B23D8E2
S31500023CE016B30A460021FAF719FBE300FF249C40AB
S31500023CF04146E443DFF834C0701E4FEAC50ECAB22D
S31500023D00974202D80020BDE8F0810EEB01060CEBCB
S31500023D108606D6F8E02010F8015F22409D40154342
S31500023D20C6F8E0500131EAE72120ECE7001E00B0B8
S31500023D3053B94AB9002908BF00281CBF4FF0FF310A
S31500023D404FF0FF3000F0B2B9ADF1080C6DE904CEC8
S31500023D5000F006F8DDF804E0DDE9022304B070475E
S31500023D602DE9F04F8C46099E04460F46002B48D19A
S31500023D708A4215465ED9B2FA82F33BB1C3F12002FA
S31500023D809F409D409C4020FA02F217434FEA154E8F
S31500023D901FFA85FC220CB7FBFEF10EFB117701FB25
S31500023DA00CF042EA0742904207D9AA1801F1FF37FE
S31500023DB002D2904200F258813946121AA4B2B2FBDC
S31500023DC0FEF00EFB102200FB0CFC44EA0244A44562
S31500023DD00BD92C1900F1FF322CBF01270027A4456D
S31500023DE002D9002F00F04381104640EA0140A4EBBD
S31500023DF00C0400211EB1DC400023C6E90043BDE8E5
S31500023E00F08F8B4206D90EB1C6E9000100210846A1
S31500023E10BDE8F08FB3FA83F1002951D16345C0F0B2
S31500023E201681824240F213810846002EE7D0C6E987
S31500023E300047E4E7002A00F0AF80B2FA82F3002BD3
S31500023E4040F0C2808A1A4FEA154EAFB20121200C09
S31500023E50B2FBFEFC0EFB1C2240EA024207FB0CF000
S31500023E6090420ED9AA180CF1FF382CBF4FF0010967
S31500023E704FF00009904203D9B9F1000F00F0F0802B
S31500023E80C446121AA4B2B2FBFEF00EFB102200FBCD
S31500023E9007F744EA0244A7420ED92C1900F1FF3271
S31500023EA02CBF4FF0010E4FF0000EA74203D9BEF110
S31500023EB0000F00F0D2801046E41B40EA0C4099E75E
S31500023EC0C1F120058B400CFA01F400FA01F922FA3D
S31500023ED005F72CFA05FC8A401F4320FA05F3380C35
S31500023EE023431FFA87FE1C0CBCFBF0F800FB18CC20
S31500023EF044EA0C4408FB0EFCA4450ED93C1908F111
S31500023F00FF3A2CBF4FF0010B4FF0000BA44503D92B
S31500023F10BBF1000F00F0B880D046A4EB0C041FFAE8
S31500023F2083FCB4FBF0F300FB134403FB0EFE4CEAE6
S31500023F300444A6450ED93C1903F1FF302CBF4FF0BD
S31500023F40010C4FF0000CA64503D9BCF1000F00F09E
S31500023F509F80034643EA0840A4EB0E04A0FB02EC52
S31500023F6064457346E04602D307D1F14505D2BEEB5E
S31500023F7002036CEB070C0138E0465EB1B9EB0302B3
S31500023F8064EB080404FA05F522FA01F3CC401D435A
S31500023F90C6E90054002132E742082F464B08AC46D8
S31500023FA042EAC172AE46C407110C92B241EA03411B
S31500023FB042EA0142B1FBF5F1B3FBF5F01F23A2EB96
S31500023FC00C0241EA004142E79D40C3F120029940BA
S31500023FD09C402CFA02FC4FEA154E20FA02F2AFB2CE
S31500023FE0BCFBFEF80A430EFB18CC110C41EA0C414D
S31500023FF008FB07FC8C4550D9691808F1FF302CBF25
S315000240004FF001094FF000098C4502D9B9F1000FB2
S3150002401030D0A1EB0C01B1FBFEF808FB07FC0EFB4E
S31500024020181192B242EA0142624534D2AA1808F144
S31500024030FF312CBF4FF001094FF000096245BED295
S31500024040B9F1000FBBD1A8F102012A44B7E7841ADD
S315000240506CEB030201201746E7E62C4402382BE7F5
S31500024060ACF1020C2A440CE702392A44A5E62C4498
S315000240700238BAE6A5EB0C0CA8F102006144B1FBCA
S31500024080FEF808FB07FCCAE7A8F102083C4444E72D
S31500024090023B3C445EE7414691E7A1EB0C014046F8
S315000240A0B1FBFEF808FB07FCB9E700BF704700BF8B
S315000240B02DE9F8430746884614460026D4E90195B9
S315000240C0B9F1010905D52468002CF7D13046BDE8BF
S315000240D0F883AB89012B07D9B5F90E30013303D02A
S315000240E029463846C04706436835E9E710B50C4607
S315000240F0B1F90E10F7F752FE0028ABBF636DA38924
S315000241001B1823F48053ACBF6365A38110BD2DE950
S31500024110F0411F468B8905460C46DB05164605D53A
S3150002412002230022B1F90E10F7F726FEA3893246C2
S31500024130B4F90E10284623F48053A3813B46BDE80A
S31500024140F041F7F73DBE10B50C46B1F90E10F7F780
S3150002415013FE421CB4F90C3015BF606523F480537C
S3150002416043F48053A38118BFA38110BDB1F90E1089
S31500024170F7F7F2BD02440346934200D1704703F8B3
S31500024180011BF9E7704770477047062008B5F8F734
S3150002419059F90120EFF7F7FC9368013B002B10B4A5
S315000241A0936008DA9469A34201DB0A2903D15DF818
S315000241B0044B00F0B4B81368581C10600846197016
S315000241C05DF8044B7047F8B506460F461446D518F7
S315000241D0AC4201D1002007E03A4614F8011B3046F2
S315000241E0FFF7DAFF431CF3D1F8BD2DE9F047164677
S315000241F098468A6807460B690C46DDF8209093427A
S31500024200B8BF1346336091F843200AB101333360D5
S315000242102368990642BF336802333360256815F076
S31500024220060506D104F1190AE36832689B1AAB4205
S315000242302BDC94F843302268003B18BF0123920618
S3150002424030D404F1430241463846C847013023D0F0
S3150002425023681A3454F80A2C03F00603042B0ABF07
S3150002426054F80E5C002533684FF0000608BFED1ABD
S3150002427054F8123C08BF25EAE5759342C4BF9B1A5F
S31500024280ED18B5421AD1002008E0012352464146F4
S315000242903846C847013003D14FF0FF30BDE8F087FA
S315000242A00135C1E7E1185A1C30200233224481F855
S315000242B0430094F8451082F84310C2E701232246D0
S315000242C041463846C8470130E6D00136D9E738B507
S315000242D00B6905460C4613B90025284638BD18B1A8
S315000242E0036A0BB9F7F70EFDB4F90C30002BF3D0C5
S315000242F0626ED00704D4990502D4A06DFFF743FF7E
S3150002430028462146F7F7CAFF636E0546DA07E4D464
S31500024310A3899B05E1D4A06DFFF736FFDDE7F8B56B
S315000243200E461446054618B1036A0BB9F7F7EAFCBE
S31500024330A369A360A3891A0701D5236943B9214654
S315000243402846F8F72BF818B14FF0FF373846F8BD74
S315000243502368F6B222693746981A6369834205DCF6
S3150002436021462846FFF7B3FF0028EDD1A368013B9B
S31500024370A36023685A1C22601E70431C62699A421B
S3150002438004D0A389DB07E1D50A2EDFD121462846D0
S31500024390FFF79DFF0028D9D0D6E7884210B501EB7A
S315000243A0020402D98442234607D8431EA14207D0FB
S315000243B011F8012B03F8012FF8E70244824200D1DB
S315000243C010BD13F8011D02F8011DF7E71F2938B5C4
S315000243D005460C4604D9162303604FF0FF3038BD5C
S315000243E0C26B12B152F821304BB9284600F016F8CA
S315000243F0224601462846BDE83840F8F72BB8012B7D
S315000244000AD0591C03D1162303600120E7E70021D5
S31500024410204642F8241098470020E0E7EFF7B6BBA3
S31500024420C9B20346024410B59342184601D1002090
S3150002443003E0047801338C42F6D110BD0A44431ED0
S31500024440914200D1704710B511F8014B914203F821
S31500024450014FF9D110BD70B50C46B1F90E1096B0E8
S31500024460154600291E460ADAA18911F0800113D1E8
S315000244704FF48062002031602A6016B070BD6A4631
S31500024480F7F7FAFF0028EFDB019901F47041A1F575
S31500024490005359425941EBE700214022EAE78B8952
S315000244A073B59E0705460C4607D504F147032360FC
S315000244B023610123636102B070BD01AB6A46FFF757
S315000244C0CAFF009E28463146F2F71FF9B4F90C30AE
S315000244D038B99A05EFD423F0030343F00203A3810C
S315000244E0E3E743F080032060A381019BC4E904064D
S315000244F0002BE0D0B4F90E102846F7F7CFFF0028BC
S31500024500D9D0A38923F0030343F00103A381D2E7A1
S3150002451030B514469BB005461A46002C05DA8B23A5
S3150002452003604FF0FF301BB030BD4FF402730091B1
S3150002453004916946ADF80C304FF00003199314BF8D
S3150002454004F1FF332346029305934FF6FF73ADF84A
S315000245500E301E9BF8F70EF8431CBCBF8B232B6054
S31500024560002CE0D0009B00221A70DCE710F8012B29
S3150002457011F8013B012A28BF9A42F7D0D01A704798
S31500024580034611F8012B03F8012B002AF9D17047D3
S31500024590034613F8012B002AFBD1181A013870477B
S315000245A02DE9F0471F468E6882460C46BE4290466B
S315000245B0334653D8B1F90C0010F4906F2BD06569CD
S315000245C02368096905EB4505A3EB010905EBD575DA
S315000245D07B1C6D104B442A46AB4284BF1D462A46BD
S315000245E0430527D511465046F2F78FF8064658B3CB
S315000245F04A462169FFF722FFA38923F4906343F019
S315000246008003A38126614E4465613B46A5EB0905FD
S3150002461026603E46A5601F463A4641462068FFF799
S31500024620BCFEA36800209B1BA36023683B44236057
S31500024630BDE8F0875046F2F749FD06460028E1D16B
S3150002464021695046F2F76EF80C234FF0FF30CAF894
S315000246500030A38943F04003A381E9E73E46DBE746
S3150002466002207047022070470020704701207047E1
S31500024670002070470E207047FAF758BB08461146CD
S31500024680012200F079B870B50C4611461A46F8F7C1
S315000246907FF8059B049E0493456933462046AC4643
S315000246A0BDE87040604710B5F8F772F8BDE81040F3
S315000246B083690846184700F0B6BBF9F743BAF9F71B
S315000246C04FBC00F0EFB808B500F088FB002008BD2B
S315000246D000F0D3B8F9F7FCBC70B504460D46164691
S315000246E04FF4881100F028F9324629462046BDE8E3
S315000246F07040FBF735B8431E042818BF012B94BF40
S3150002470001200020704700F0D5BD4FF4D47200217D
S31500024710FFF730BD0846FCF737BD10B50446F9F77A
S3150002472091FDE8B9A169D9B1238ACBB1204604F13A
S315000247301002F9F7DBFBB8B9E169A9B1638A9BB14B
S31500024740204604F1120200F0EDFB88B9216A79B124
S31500024750A28A6AB12046E38ABDE8104000F0A7BBF0
S3150002476000232382A361E6E700236382E361ECE789
S3150002477000236361236210BDF9F7DCBE0A7838B5FF
S3150002478005461046FFF7B7FF60B14C782046FFF7A3
S31500024790B2FF38B12243530704D42846BDE8384055
S315000247A0F9F76AB8212038BD10B504460878FFF734
S315000247B0A2FF58B14A781046FFF79DFF30B1042A8E
S315000247C004D02046BDE81040F9F774B8212010BD88
S315000247D000F072BA084600F023BD704711B9D0F84E
S315000247E0E81021B1CB6813B18B68D88970474FF6B0
S315000247F0FF70704710B5F8F7D7F8044608B900F00D
S315000248005DFD204610BDF8F7C1BE00F0A1BAD0F892
S31500024810EC300BB90E2070474FF6FF72C38D9342F0
S315000248200B80F7D000207047F8B506460D46F8F71C
S31500024830BBF8D8B94FF6FF734FF0240CEF68C1B23C
S315000248408F4208D81C4621463046F8F76BFA00F02C
S3150002485035FD2046F8BDAA680CFB0122D4899C428C
S3150002486002D2002CEFD023460130E8E74FF6FF7460
S31500024870EFE7C08D704700F05CBA38B504460D46C6
S3150002488000F0D2F850B129462046F8F74BFA30B973
S3150002489029462046BDE83840F8F7F2BE0E2038BD5C
S315000248A0FEF774B9062AF8B504460F4615461E46A3
S315000248B023D8F8F785FE10B320463946F8F732FAC0
S315000248C00446A8B9012102460846FFF755FF2046CD
S315000248D000F0F2FCFCF728FF3046F8F71FFE062D23
S315000248E0284607D02923EB40DB0703D5FCF782FFD6
S315000248F02046F8BDFCF7BCFFFAE72124F8E70224BC
S31500024900F6E700F03BBBF8F7EFBF00F053BA002022
S3150002491070470846FBF79ABE00F033BB38B504462B
S315000249200D4601F08AFD0023C4F89C50C4F8983065
S31500024930BDE8384001F07CBD38B504460D4601F0AD
S315000249407CFDD4F89C301D40D4F8983023EA050546
S31500024950C4F8985001F06CFD284638BD73B50D7841
S3150002496006460C4635B304238DF8043023793046C7
S3150002497001A98DF80530FFF717FF0546B8B9227869
S31500024980A37952BB8DF80430E379304601A98DF83C
S315000249900530FFF7F3FE054648B923783BB1618837
S315000249A03046F9F757F90121304600F01EFA28463B
S315000249B002B070BD294600F018FA2946304600F0CA
S315000249C03CFA2946304600F040FA22782379002A3A
S315000249D0C9D18DF804306379C9E702228DF8042023
S315000249E0D3E700F02ABA00F038BAF9F767BAFBF74C
S315000249F07FB90846FBF730BAF9F764B900F031BA65
S31500024A000B4610B514461846A1689288FFF716FDA4
S31500024A10E168034631B1A0886288121A92B218443C
S31500024A20FFF70CFD002010BD0346408A18B1188A14
S31500024A30003818BF012070470846FBF7DBBE431C4F
S31500024A4008BF0020F8F7DEBD10B5044600F06EF888
S31500024A5020B92046BDE81040F8F764BB10BD00F04F
S31500024A6066BC2DE9FF41984604460E46174601F0FC
S31500024A70EDFC05462046FFF7E7FF0A9B3A460293FE
S31500024A800023314601932046CDF80080F8F798FBC3
S31500024A900446284601F0D5FC204604B0BDE8F08164
S31500024AA038B5044601F0D2FC05462046FFF7CCFF96
S31500024AB02046F8F763FB0446284601F0C2FC20466E
S31500024AC038BD38B5044601F0C1FC05462046FFF75D
S31500024AD0BBFF204600F039F80446284601F0B1FC37
S31500024AE0204638BD38B5044601F0B0FC05462046DE
S31500024AF0FFF7AAFF204600F02EF80446284601F0EA
S31500024B00A0FC204638BD70B504460E4601F09EFC58
S31500024B1005462046FFF798FF31462046F8F79CFBEC
S31500024B200446284601F08DFC204670BDF8F736BAD9
S31500024B3010B501F08BFC044600F015F8F8F756FAAA
S31500024B402046BDE8104001F07CBC024608B5F8F7E5
S31500024B5025FA507D08BD024608B5F8F71FFA507DC2
S31500024B6080F0010008BD00F0E2BBF8F7C5BD00F019
S31500024B70ECB800F0FFBA00F04FBA022A01D800F0F2
S31500024B8071BA21207047022A01D800F07CBA21208E
S31500024B907047022A01D800F089BA2120704738B539
S31500024BA004460D4600F05BFA28B129462046BDE8C8
S31500024BB0384000F08BBA022038BD70B504460D4667
S31500024BC0164600F04CFA30B1324629462046BDE878
S31500024BD0704000F093BA022070BD0E20704738B5BF
S31500024BE004460D4600F03BFA28B129462046BDE8A8
S31500024BF0384000F0AFBA022038BD38B504460D463B
S31500024C0000F02DFA28B129462046BDE8384000F0CA
S31500024C10A9BA022038BDFAF715BC0846FAF730BC25
S31500024C2003469B8E08469342114601D3FAF754BCBB
S31500024C302120704700F0ADBAFAF770BC0020704729
S31500024C40002070477047D0F8A03003F06003402B75
S31500024C500DD0602B03D0203B58425841704749B1D2
S31500024C600B68012B06D9486940F00100704740F2F3
S31500024C7001107047002070470D281CD00F281AD04B
S31500024C80102818D0112816D020F090030D2B11D021
S31500024C900F2B0FD020F010030D2B0BD00F2B09D0AA
S31500024CA020F080030D2B05D0A3F10F02022A98BF34
S31500024CB01846704718467047F7B504461046D4E9B9
S31500024CC056C7DDE908268CEA020587EA0601054091
S31500024CD0194085EA0C057940C4E95651002523F4AA
S31500024CE0004106EA010320F0010043F4007302408A
S31500024CF043F0020301950095FEF788FC94F82430F0
S31500024D009A0713D5D4F85C319B050FD54FF4881159
S31500024D10204600F0C1FB94F82430024665F34103B5
S31500024D2084F8243020460B46F8F71EFC002003B018
S31500024D30F0BD30B4D0F8A0300A4023EA0103134391
S31500024D40C0F8A03030BCF9F7A7BC0220FBF766BF5B
S31500024D5008B5D0F8F0304BB11A68022A06D993F892
S31500024D6025204AB1186AB0FBF2F008BD40F68C3233
S31500024D704C210020F8F7FCF80020F6E7D0F8F020E6
S31500024D8008B57AB11368022B0CD9536A13F47F4F14
S31500024D90C3F3072106D0126ADBB253438B42B3FB3D
S31500024DA0F1F006D2002040F6AB324C21F8F7E0F8DB
S31500024DB0002008BD0346B3F83E2108468A4203D0C6
S31500024DC0A3F83E11FBF7D2B80020704790F83C31A9
S31500024DD00D2B14BF90F82B00FF20704708B500F08A
S31500024DE029FBBDE80840FCF7CFBC38B50C464FF4AA
S31500024DF000610546FEF758FF60B16CB195F82A319D
S31500024E0063B94FF480722846BDE838404FF480718A
S31500024E10FEF736BF2202F6E72246F4E738BD4FF424
S31500024E208071FEF741BF10B50023F8F779FD0446FD
S31500024E3008B9FDF717FE204610BD08B54A024FF421
S31500024E400071FEF71DFF002008BD08B58A024FF467
S31500024E508061FEF715FF002008BD4FF40071FEF7D2
S31500024E6023BF70B58D8806460C463DB90B688A6825
S31500024E709B1A236005230020A37170BDF8F7C2FCBC
S31500024E8096F82720EB00023A012A98BF033360B155
S31500024E90B3F5803F09D84FF22441420901FB0322B0
S31500024EA00009B2FBF0F22368E2E70220E5E7B2F579
S31500024EB0805FF8B50F460646154619462ED89A4221
S31500024EC02CD33F2A28D9B2FA82F40122C4F11F0355
S31500024ED0DBB29A4092B2AA422CBFC4F11904C4F1C1
S31500024EE01A04E2B20124931DDBB29C40A4B2AC4286
S31500024EF014BF0120002002D096F8013183B996F83A
S31500024F00243060F3C71386F824303846FAF70EFDCC
S31500024F1000203762B582F8BD0022E3E72120FAE7D6
S31500024F200E20F8E770B505460E46144602B31388FE
S31500024F303F2B1DD9B3FA83F3C3F11901C9B206296E
S31500024F4001D8192B12D0062928BF062101238A1D52
S31500024F50D2B2934030462380FAF708FD23882846CA
S31500024F60EE616B82FAF78AFD002070BD0021EDE743
S31500024F702120FAE70E2070470020704790F82D0096
S31500024F80704708B50B46062200F59E711846FFF7D4
S31500024F9055FA002008BD0429F8B505460C460AD183
S31500024FA00026F7B23846FBF7AFF808B13C4602E0F6
S31500024FB00136042EF5D12046FBF7A6F858B195F82E
S31500024FC03C31A34209D085F83C4105F59E70BDE807
S31500024FD0F840FAF7D1BF2120F8BD0020FCE70022F5
S31500024FE0F9F760BCA0F84A30BDF90030C0F8941059
S31500024FF0A0F84820A0F84C3000207047F9F78ABD87
S3150002500010B5144608460121FCF70EFA2046BDE803
S3150002501010400121FCF708BA70B5044615460E4643
S3150002502009B9212070BD130617D400F048F931469C
S315000250302046FFF7F9FB4FF6FF739842F1D000F0D6
S315000250403EF920464FF400310022FEF719FE2946AA
S315000250502046BDE87040F9F767BA0E20E2E78021E4
S31500025060FEF722BE7FB5531C05AA029202220192C6
S315000250700022ADF8141000921146DBB2FEF71EFEB6
S3150002508007B05DF804FB7FB5531C05AA4FF0040C6C
S3150002509002920222ADF81410CDE9002C0121002261
S315000250A0DBB2FEF70BFE07B05DF804FB1FB54FF04F
S315000250B0080C531C0022CDE9002C01220291DBB21E
S315000250C01146FEF7FBFD05B05DF804FB08B50A04C0
S315000250D04FF48031FEF7D4FD002008BD07B591F8E4
S315000250E02830009391F82B3091F8292091F82A1054
S315000250F0FAF76EF9002003B05DF804FBF8B5144622
S315000251008A0706460D4601F001070CD43FB1A204F8
S315000251104FF48021304602F48022FEF7B1FD6B0780
S315000251200FD40020F8BD3FB104F00100C4F34003E0
S315000251308342EBD02120F5E74FF48021FEF7B4FD40
S31500025140F4E7A2064FF08051304602F08052FEF795
S3150002515097FDE6E708B50A054FF48011FEF790FDC4
S31500025160002008BD08B5CA044FF40021FEF788FDE9
S31500025170002008BD09B141F01001F9F7D5B910B503
S315000251800446F9F7CBF901462046BDE81040F9F787
S31500025190CBB9002914BF212000207047D0F8EC308B
S315000251A0C3B15869B0B1531EDBB2FD2B10D90368E7
S315000251B013F1020F08BF4FF0FF33FF2A0B6005D130
S315000251C043689A1C08BF4FF0FF334B6000207047BC
S315000251D0012AF4E72120704738B5054610460C46E9
S315000251E0FAF79EFAC5B1D5F8EC30ABB15A699AB165
S315000251F0431EDBB2FD2B11D90B685D1C04BF6FF099
S3150002520001030B601360FF2806D16368591C02D1A3
S315000252106FF0010363605360002038BD0128F3E795
S3150002522038B50546FCF7CEFE04460021A878FAF703
S3150002523009FB204638BD2DE9F74F01251C469DF88E
S315000252403030064601930368174603F00703063318
S315000252509D4005F1FF380B46A1B1416804EA080BEF
S31500025260A5EB0B0A41F00059524509EB0B0114D983
S3150002527052461846FFF7E2F849467A1B5A4450440A
S31500025280FFF7DCF8019B2BB13C4448EA050804EA27
S315000252900804F46003B0BDE8F08F1846F0E737B5AE
S315000252A0002514460095FFF7C6FF204603B030BD21
S315000252B0F9F718BD00207047002070477047704705
S315000252C010B5490004461AB1032938BF0321033930
S315000252D02268C903B2FA82F314D0B1FA81F01B1A1A
S315000252E0002B0DDDC3F10F00012838BF012003F0AA
S315000252F01F03D9408A4201D201384908216010BDF4
S315000253000F20F7E70F20F9E7012805D9023818BF61
S315000253104FF0FF30C0B27047012070470A4690F83E
S3150002532094109B2901D8F9F73FBA2120704708B596
S31500025330FBF7C0FDBDE80840FBF7E4BD38B50446FF
S31500025340FFF7F5FF0546FFF7F2FF431BA342FAD329
S3150002535038BD38B50D460446FBF7ACFD35B184427F
S3150002536000D90139204601F0030138BD844238BF15
S315000253700131F7E708B50121FFF7EBFFBDE8084069
S31500025380FBF7C0BD0B0C23F48053B3F5284FF7B5DA
S315000253900D468FB2064699B217D04AF601039942D4
S315000253A015D04AF60203994213D0B1F5204F14BF25
S315000253B004240324D6F8EC300BB1196859B9D6F88F
S315000253C0E83093B9286803B0F0BD0024F2E701245F
S315000253D0F0E70224EEE723463A466846FBF7F0FD7D
S315000253E0019B002BEBD10098EDE719680029E9D063
S315000253F023463A466846FBF7E3FD019B002BE1D1C3
S31500025400F1E700F0D9BC02044FEA901309D4C3F3C2
S315000254100903A3F1C8006FF4FF739842B8BF184698
S3150002542007E06FEA83536FEA935313F5007F18B2CE
S31500025430EFD17047012200210320F9F77BB808B5A6
S315000254401C20EFF7FBFE4FF0B042936813F0080FF3
S315000254504FF0010302BF9268C2F303129340B0FBFE
S31500025460F3F008BD4FF0384359699A6903F50053C2
S315000254700A405A6170470E207047FDF793BBFDF74D
S3150002548091BBFDF78FBBFDF78DBB08B50846FDF74F
S31500025490C9FF08BDFDF786BB38B505460C4600F0C8
S315000254A0CCFFD5F89C301C40D5F898302343C5F87C
S315000254B0983000F0BDFF211E18BF012100204902CD
S315000254C038BD002070470139024410B5904201D11F
S315000254D0002005E0037811F8014FA34201D0181B02
S315000254E010BD0130F2E7000008B5054BD3F87C0386
S315000254F0FFF7C2F800F00300C31E5842584108BD28
S31500025500B80D0020EFF31182302383F31188084B84
S3150002551049B1D3F890130843C3F8900382F3118874
S31500025520BFF36F8F7047D3F8901321EA0000F3E7B9
S31500025530B80D0020EFF31182302383F31188064B56
S31500025540D3F8903382F31188BFF36F8F1840003877
S3150002555018BF0120704700BFB80D002008B5E9F753
S3150002556086FA38B1044BD3F8940318B10368187855
S31500025570C0F3401008BD00BFB80D002008B5E9F71A
S3150002558076FA50B1054BD3F8940330B10368188804
S3150002559000F00700C31E5842584108BDB80D00204E
S315000255A008B5064BD3F87C03FFF766F8012801D04D
S315000255B0F3F766FDBDE80840F3F75CBDB80D0020C1
S315000255C008B5FFF7CBFF00B9FEE700F025FF00B9EB
S315000255D0FEE701214FF48060FFF794FF00210220CD
S315000255E0FFF790FF00214FF48030FFF78BFF002179
S315000255F00820FFF787FFF3F73DFD0022014B83F8F2
S31500025600B52308BDB80D00202DE9F04F4B4DF1B082
S315000256100EAC0290E7F748FF2146D5F87C03FFF768
S31500025620E8F9B4F802C0BCF1020F40F2E88227465C
S3150002563050AE0FCF0FC63B68BCF1270F336009D9B6
S315000256402723A288ADF84231262A82BFADF844311B
S315000256500023539330AE3146D5F87C0350AAFFF7A8
S31500025660CFF99DF84271002F00F0C9820DF1700842
S315000256700DF1C100A368C8F800001B78A8F8043031
S31500025680F3F714FD00F44050B0F5005F40F0BE821F
S31500025690207CE7F7ACFF0DF1200900904946404611
S315000256A0F3F769FD009B99F808B03BB395F8D975F5
S315000256B067B1BBF1000F23D0BBF1020F18D14946E7
S315000256C01846E8F70DF8471C18BF0127BBF1010F72
S315000256D095F8DAA595F9DB651BD1E8F76FFCB9F801
S315000256E00030D0F800B0BBF1000F0BD100237DE0F3
S315000256F0B9F800100098E7F79BFFE4E7009FE5E79B
S315000257005F46E3E7BBF806209A4219D0DBF800B001
S31500025710E9E7BBF1020FE9D1E8F750FCD0F800B097
S31500025720BBF1000FE2D0082249460BEB0200FFF75D
S31500025730CAFE28B1DBF800B0F2E700BFB80D0020C0
S315000257409BF804209007C2F3400944BF8DF814A0C9
S315000257504FF00109510717D595F8DC35F31A5BB2FC
S31500025760002BC0F2A7817F2E08BF00238221C3EB44
S315000257700323B3FBF1F305A901F80930B9F1000FD0
S3150002578040F085824FF00109130740F1958182228C
S315000257908236C6EB0626B6FBF2F609F1010305AA26
S315000257A002F809605FFA83F9009B002B9ED0B5F8D8
S315000257B0DD354A4623F4FF43A5F8DD3509F1040336
S315000257C085F8DD359B2385F8DF35B82385F8E03586
S315000257D0EA2385F8E1350023CA4805A909F1060935
S315000257E085F8E235FEF72AFE5FFA89F34FF0000AE2
S315000257F013AD5146222228460DF1110901938DF867
S315000258009FA0FEF7B7FC8DF834A089F800A08DF8AA
S3150002581012A0D8F800A026AE5046F3F747FC00F4D3
S315000258204053B3F5005F0DF12C0B40F0E881800682
S3150002583040F1E58159465046F3F743FC9DF8343072
S31500025840002B00F0DC81012B06D14FF6FF73BDF869
S315000258502C209A4200F0D381D8F800000DF15A01AB
S31500025860F3F751FC002840F0CA8195F816B0BBF157
S31500025870000F00F0C481D8F800A05046F3F79AFC56
S3150002588098B149464046E9F7CEFF002840F0B78175
S3150002589099F80030052B40F0B28140460DF1120115
S315000258A0EAF799F9002840F0AA815046F3F7FEFB81
S315000258B08146E9F760FF01464846E9F72DFF0029D0
S315000258C000F0048103905046F3F7F2FB039BC9F301
S315000258D0812900EB4300B9F1020FC0B200F0F1805A
S315000258E0B9F1030F00F0F080FF2800F088813AF842
S315000258F000306B8301236B7798F806302022B37150
S315000259004FF0000300210DF2411928A8B380C6F812
S315000259100090FEF72FFC7C4B2A7B9DF811102B6022
S315000259209DF81230012AA977EB7700F0D680022A79
S315000259300CBF03230023BBF1010F4FEA833300F0B0
S31500025940CE80BBF1020F0CBF03200020003918BF26
S31500025950012143EAC10343EA802343F4005A4AF091
S31500025960020A002A40F0BD806A7F002A00F0C48045
S3150002597095F821300DF1180B03F001034AEA032AC8
S315000259804FF4FE0351465846CBF80430CBF800904C
S31500025990F3F7C4FA1AF4807FBBF80410BBF806309A
S315000259A003D14A1C9A4298BF91B250460393E9F733
S315000259B0B3FE002840F0AA80DBF80020039B58467D
S315000259C0ABF804100DF15A01CBF80020ABF8063003
S315000259D0F3F7B0FA5046E9F7CEFE002840F0A3806E
S315000259E0DBF80010BBF80630BBF804200DF1180BEB
S315000259F05846069114A9ADF81E30ADF81C20F3F7EF
S31500025A0099FAAB7F0699BDF81CA0BDF81EB0D3B1BA
S31500025A10EA7F13430AF10102934528BF01F80A30CF
S31500025A20184628BF1FFA82FA0393E7F73BFF0138AD
S31500025A30039B1AFA80F0834528BF1FFA80FA18469C
S31500025A40E7F71BFF03462A88032A09D10AF1010256
S31500025A50934522BF95F8200001F80A001FFA82FA40
S31500025A6002335AFA83F39B45484628BF1FFA83FA44
S31500025A70F3F71CFB002F5BD040F0100080B28DF8CC
S31500025A804101000A8DF842014846F3F70FFB019BDC
S31500025A90002B50D040F4007080B2D8F800508DF838
S31500025AA04101000A8DF842012846F3F7FFFAC105C3
S31500025AB044D5FEE7002359E6B9F1000F3FF416AECE
S31500025AC072E60230C0B20FE70830FBE700283FF467
S31500025AD013AF5046F3F7ECFA06E702232BE7022050
S31500025AE034E7022A03D1BBF1020F3FF43DAF298B03
S31500025AF06A8B91427FF43CAF43F4015A4AF0020AA0
S31500025B0036E700BF9B13002002000020ABF804100A
S31500025B105846698BF3F702FADBF80020BBF804104B
S31500025B20BBF806304BE75846298BF3F7F7F957E7E8
S31500025B3020F01000A2E720F40070ADE74846F3F724
S31500025B40B5FAC20500D5FEE7AB7828468DF8433193
S31500025B50F3F730FB70B10DF1130529464046E9F71C
S31500025B6082FE00284BD130469DF81310A6F804A0F9
S31500025B70EAF75AF8019B93B14846F3F797FA830579
S31500025B8040D53046A6F804A0E9F790FE019A4149AD
S31500025B904844FEF753FC019B53441FFA83FA4846D6
S31500025BA0F3F708FB80B330460099C6F80090A6F8D2
S31500025BB004A0EAF74AF810BB3068B6F804A0A38836
S31500025BC0EBB1A5686288013B0135013A9BB2A5603B
S31500025BD06280A38003B9E568F3F7ECFA18B12B7873
S31500025BE043F004032B701FB12B7863F07F032B70F5
S31500025BF05246029850A98DF840A1FFF711F871B0EC
S31500025C00BDE8F08FFF20C1E74846D8E795F8D925C9
S31500025C10012F0CBF00237378002A31D0029850A9B5
S31500025C20FEF7FBFF00282FD1207CE7F7E0FC0028D7
S31500025C30E5D09DF84831032B1BD150A9E7F750FD5B
S31500025C400130DCD00298FEF7E6FFE8B9A388002B04
S31500025C50D5D0A2686188013B013201399BB2A260AC
S31500025C606180A38003B9E268137863F07F0313703F
S31500025C70C5E7022BC3D1BDF84011E7F7D9FCDFE730
S31500025C8003F00703012BDCE70228B8D0FEE74FF04A
S31500025C90020989E595130020174A9368C3F3044362
S31500025CA00C2B0AD8DFE803F00B09090909090721B9
S31500025CB019091B1D1F001148704700207047936881
S31500025CC003F04073B3F1807F11D0B3F1007F10D09F
S31500025CD0002B0B4818BF002070470A4870470A4835
S31500025CE070470A4870470A4870470A4870470A4888
S31500025CF070470A48704700BF0040015A405DC6001F
S31500025D0000093D00C0EA210180BA8C010048E80181
S31500025D10005A62020024F40080841E0040420F00F2
S31500025D200E49D1F82831A0B10022A3B1834204D191
S31500025D3083682AB9C1F8283103E01A469B68F4E75A
S31500025D40936083681BB15A6941690A445A6100200B
S31500025D507047222070470220704700BF7031002032
S31500025D600A4B1B6F03F00703013B032B03D8DFE843
S31500025D7003F00B030609FEE7054B18687047044B50
S31500025D8058687047034870470348704700800050C0
S31500025D903C41002080D54302002D310108B5FFF7B2
S31500025DA0DFFF044B1B6FC3F301330133B0FBF3F088
S31500025DB008BD00BF00800050014B5868704700BF05
S31500025DC03C41002038B5164AD2F8803243F001032E
S31500025DD0C2F88032134B5B68C3F3080343B14FF03A
S31500025DE0A842D36B13F0430FFBD11424204638BDCF
S31500025DF04FF0A843DC6B14F04304FBD10A4DD5F8EF
S31500025E00E43123B9042105F5F270E4F70AF8D5F86E
S31500025E10E431013343F00043C5F8E431E6E700BF5D
S31500025E200080005000ED00E0703100202DE9F74FB0
S31500025E30002800F0CB80664B1A68904203D359685B
S31500025E400A44904204D35B6A002BF5D15B69FFDEFC
S31500025E50D3E9054CEFF31188302282F3118810F84A
S31500025E60082C30F8067CD207A0F1080600D53FB907
S31500025E7088F31188BFF36F8F012003B0BDE8F08F5E
S31500025E809968D3F810A0A1EBC7010AF10102996043
S31500025E901A6130F804EC7D1CBEF1000F00F08C8014
S31500025EA04FEACE020192A6EBCE0292F800B010F8AB
S31500025EB0089C1BF0010F09F002096DD1B9F1000F20
S31500025EC06DD1B2F80290B2F806E0AEEB090EBEF161
S31500025ED0010F71D10237083907EB0905C3F810A083
S31500025EE0996030F802ECBEF1000F69D0D3E90017D1
S31500025EF006EBCE093944894562D216F83E104F4662
S31500025F0011F0010117D130F8066CAEEB0606012E30
S31500025F1011D1B9F80260A9F80210B9F806100136D3
S31500025F20354400294AD009EBC107196901391961BB
S31500025F30996808399960002610F8081C20F8066C42
S31500025F4021F0010100F8081C1178013D66F30001F9
S31500025F5055801170002F35D0C2F107013944C1F3C3
S31500025F60CF01D180B9807CB394422DD861880029B3
S31500025F7008BF1446BCF1000F06D0944504D3BCF802
S31500025F800210002918BF6246C3E9054288F3118848
S31500025F90BFF36F8F002070E7B9F1000F0CD0019F9D
S31500025FA07544C91B996010F8081C21F0020100F81B
S31500025FB0081C0021918094E7324692E70F46B4E727
S31500025FC00027B8E7D780CEE71446D3E7222054E766
S31500025FD09819002037B5F8B10024C461EFF3118592
S31500025FE0302484F311880E4CD4F8284114B1A0420F
S31500025FF010D1012485F31188BFF36F8F74B9BDF8F0
S315000260001C5001959DF81850009500F06FF9204636
S3150002601003B030BDA468E9E72220F9E70320F7E7D9
S315000260207031002038B50021044640F2E730054BB6
S315000260304FF47A721D680023E4FB0501FDF778FE32
S3150002604038BD00BFB40D002010B50F4B1A689AB1C7
S315000260504FF47A71531E1342A0FB01010ED1B2FA1C
S3150002606082F2C2F11F04531CD243E04001FA03F349
S31500026070184321FA02F20243104610BD0023FDF72F
S3150002608057FE0246F8E700BFB40D002030B5104AAD
S315000260904161D2F828318BB9C2F8280183600CE03D
S315000260A0491B41619D681C462B461DB15D698D42A7
S315000260B0F6D92CB1A06083602BB930BD0024F5E778
S315000260C0C2F8280183605A69521A5A61F5E700BF7D
S315000260D07031002010B5EFF31184302383F3118859
S315000260E0F0F728FE074BD3F8FC114FF0B0435B697B
S315000260F0DB0702D5F0F71EFE013184F31188BFF3E8
S315000261006F8F10BD7031002070B52C4CD4F8283139
S31500026110002B51D059692A4B002941D0D4F80022CC
S315000261204FF0B045114408229A61EFF3108672B619
S31500026130F0F700FE2B6C6A69150704D41A1A032AB3
S3150002614001D898420ED10B1A022B98BFC11C4FF0F0
S31500026150B043B1F1FF3F38BF01390822196403F594
S3150002616080539A61174A304600F062F992F8283055
S3150002617043B14FF0B041CB6B43F00203CB63002334
S3150002618082F828300023D4F8282184F804322AB170
S31500026190D188890708D5012384F80432002070BD0E
S315000261A008229A615A61EDE79268002AF6D051698F
S315000261B00B44012BECD9F1E72220F0E770310020E5
S315000261C0001000583C41002010B5F0F7B3FD0B4C0F
S315000261D0D4F80032D4F82811C31A11B9C4F800024F
S315000261E010BD002BFAD04A699A423ABF9B1A002286
S315000261F0D21A4A6128BF00238968EEE7703100206F
S31500026200F8B5054628B3EFF3108672B6FFF7DCFF42
S31500026210114B2846D3F82871FFF782FD044620B1B8
S31500026220304600F005F92046F8BDAF42F8D1FFF737
S315000262306BFF2228F4D10122084B83F828204FF065
S31500026240B042D36B23F00303D3630822044B9A6153
S31500026250E6E72224E7E700BF703100203C41002038
S315000262600020005810B5EFF31184302383F3118810
S315000262700C4B0D4A1B68183B13F1180F04D184F31B
S315000262801188BFF36F8F10BD19680968914202D059
S315000262909B69183BF0E71B6953F82030002BEED0C0
S315000262A09847ECE7583300200000045010B5044626
S315000262B0E8F7DDFBB0B1B4F5007F4FF001010ED176
S315000262C02046FFF71FF900211020FFF71BF90021D6
S315000262D00548FFF717F9BDE81040F2F7CBBE4FF4B9
S315000262E08050F2E710BD00BF0A0001002DE9F0411F
S315000262F01F469DF81830164603710023BDF81C2070
S31500026300C0E9036307608360C28004460D46F0F766
S3150002631011FD2844A0613DB96561CEB139462046DA
S315000263203346BDE8F0411847EFF3108672B6FFF721
S315000263304BFF29462046FFF7A9FE064B1B689C42E7
S3150002634001D1FFF7E1FE3046BDE8F04100F070B83A
S31500026350BDE8F081983200204FF4807370B596B094
S31500026360029201242122019310230394049305929D
S31500026370069107940893099201AA0A9206AA0B9219
S3150002638004220C9211220D920AAA0E900F921093D9
S3150002639040F611031193194B12930EAB1393184B3C
S315000263A0149346F611031593FFF70CFD14280446C1
S315000263B020D1EFF3108072B64FF0A8431E681D6914
S315000263C000F036F84FF0A843032212A95A63196067
S315000263D002A919619A63DA6B9207FCD1142C06D1D1
S315000263E0EFF3108072B61E601D6100F021F8054BB6
S315000263F05B6801E00028E5D016B070BD543300207A
S315000264000400002000ED00E00846E7F711B8104648
S31500026410E7F70EB80020704708B5E8F728FB20B169
S31500026420BDE808400820FFF785B808BD0020704780
S3150002643010B962B6BFF36F8F7047EFF3108072B672
S31500026440704780F31188BFF36F8F7047EFF31180A7
S31500026450302383F311887047012303FA01F1EFF326
S315000264601183302282F3118800F5005200F5805024
S315000264705165816283F31188BFF36F8F7047EFF323
S315000264801182302383F31188436B82F31188BFF3A1
S315000264906F8F012088401840003818BF01207047CE
S315000264A04FF098435A6CD202FCD5586D00F4702016
S315000264B0704708B528B128220021FDF75BFE0020AF
S315000264C008BD2120FCE7036A042B9FBF00EB830271
S315000264D00133D16003627047036A10B5052B15D8E4
S315000264E04FF09842116CC902FCD504339B00136528
S315000264F003684FF09844136043681360034653F8E9
S31500026500081F11600022016A914200D810BD53F89B
S31500026510041F01322160F6E708B508B9212008BD3B
S31500026520FFF7DAFFFFF7BCFF0028F8D0B0F5802F9F
S3150002653017D00BD8B0F5003F15D0B0F5403F14D0B8
S31500026540B0F5803F14BF01204820E8E7B0F5202FC0
S315000265500DD0B0F5302F0CD0B0F5E02FDED00120F3
S31500026560DDE74B20DBE72A20D9E72C20D7E71020EE
S31500026570D5E71120D3E7836882B013B9816002B0F0
S31500026580704783680193019B5B68012B019B01D1D4
S315000265905960F4E75B68F5E708B5EFF3118130233C
S315000265A083F31188F0F7C6FB81F31188BFF36F8F6F
S315000265B008BD38B50C46EFF31185302383F31188F5
S315000265C01D2836D8DFE800F00F17351B1D1F3521B1
S315000265D023353535252735292B2D2F3535353533B9
S315000265E0353535353531FFF7BBFB206085F311882C
S315000265F0BFF36F8F38BD0120EEF720FEF5E70320CB
S31500026600FAE70420F8E70C20F6E70220F4E7062072
S31500026610F2E70720F0E70820EEE70520ECE709207D
S31500026620EAE70A20E8E70D20E6E71020E4E70B2078
S31500026630E2E70020D9E700000000000000000000A9
S31500026640F8B500BFF8BC08BC9E467047F8B500BF57
S31500026650F8BC08BC9E4670475FF800F0813F0020F8
S31500026660000000007AFF809F79FF009F73FF809EE3
S3150002667075410200E867020001000800C8670200CF
S3150002668001000800FFFFFFFFFFFFFFFFFFFFFFFF05
S3150002669000000000000000000000000001000000F1
S315000266A0FFFFFFFF4B60D2273E3CCE3BF6B053CCFA
S315000266B0B0061D65BC86987655BDEBB3E7933AAA3C
S315000266C0D835C65A512563FCC2CAB9F3849E17A7A8
S315000266D0ADFAE6BCFFFFFFFFFFFFFFFF0000000071
S315000266E0FFFFFFFF96C298D84539A1F4A033EB2DE0
S315000266F0817D0377F240A463E5E6BCF847422CE1CC
S31500026700F2D1176BF551BF376840B6CBCE5E316B0F
S315000267105733CE2B169E0F7C4AEBE78E9B7F1AFED3
S31500026720E242E34F0100000014DEF9DEA2F79CD636
S315000267305812631A5CF5D3EDB86802009C68020031
S315000267408068020000000000020000007868020073
S31500026750030000007068020004000000686802007E
S31500026760050000006068020006000000586802008A
S3150002677007000000506802000E0000004868020090
S315000267800F00000040680200100000003868020096
S315000267902600000030680200270000002868020078
S315000267A02800000020680200290000001868020084
S315000267B02A000000106802002B0000000868020090
S315000267C000000000000000005F9C95BCA3508C24D2
S315000267D0B1D0B1559C83EF5B04445CC4581C8E86D1
S315000267E0D8224EDDD09F1157E0EB7A7C3B41B8AE02
S315000267F01656E3FAF19FC46ADA098DEB9C32B1FDB3
S31500026800866205165F49B800528A020070942B050B
S31500026810668A020070932A057A8A02007092290516
S315000268208E8A0200708428059A8A020070832705E0
S31500026830A68A020070822605B28A020070641009D6
S31500026840BE8A020070630F09CA8A020070620E09CC
S31500026850D68A020090240700E28A020090230600EC
S31500026860EE8A020090220500FA8A02001014040041
S31500026870068B020010130300128B02001012020094
S3150002688002000000000000000000000000000000FE
S3150002689000000000000000000000000002000000EE
S315000268A000000000000000001DB300001DB3000040
S315000268B0116B0000779D000002000000B56B00001E
S315000268C0D1D20000CB6B0000CF6B00002B6B000017
S315000268D0B96B000013B779FAC925DDB7ADF3CFE07E
S315000268E0F1B614B80102000000000000FFFFFFFF2E
S315000268F0020000000100000000000000000000008D
S31500026900000000000000000000000000000000007F
S31500026910000000000000000000000000000000006F
S315000269200000000010141400101C2030401C20002F
S31500026930001C203040000000D80A00206FD500005D
S3150002694071D4000067D40000ADD50000B5D40000B4
S31500026950A9D40000523000523100523200523300A4
S315000269605234005235005236005237005238005225
S315000269703900523130005231310052313200523137
S3150002698033284C5229004D53500050535000504367
S315000269900078505352004D53502075736564005071
S315000269A0535020757365640043535441434B206230
S315000269B06F74746F6D0049435352005348435352E8
S315000269C000494E545F4143544956453000494E549E
S315000269D05F414354495645310043465352004846A7
S315000269E053520044465352004D4D41522F424641A6
S315000269F0520041465352005265743000526574315A
S31500026A000052657432005265743300526574340064
S31500026A10526574350044617430004461743100007B
S31500026A20505341004B455900534C2D4F50454E543F
S31500026A3048524541442F332E312E312E305F47695D
S31500026A40744875622D6662323734656665363B2058
S31500026A5045465233323B2053657020323020323065
S31500026A6032362030303A30303A3030000000000002
S31500026A707700000000000000700000000000000027
S31500026A80010000006000000000000000010000009C
S31500026A906100000000000000010000006300000029
S31500026AA0000000000100000041000000000000009C
S31500026AB00100000043000000000000000100000089
S31500026AC0480000000000000001000000470000002E
S31500026AD000000000010000000D150000000000008B
S31500026AE0010000005200000000000000010000004A
S31500026AF05A00000000000000010000005B000000D8
S31500026B00000000000100000042000000000000003A
S31500026B100100000049000000000000000100000022
S31500026B20000000000B000000010000000000000051
S31500026B300E000000010000000000000068000000D6
S31500026B40000000003000000000000000000000000D
S31500026B5066000000000000000100000021000000A5
S31500026B6000000000010000003600000000000000E6
S31500026B7001000000440000000000000001000000C7
S31500026B804500000000000000010000004600000071
S31500026B9000000000010000004B00000000000000A1
S31500026BA0010000004C000000000000000000000090
S31500026BB02200000000000000010000000D19000084
S31500026BC000000000010000003E1500000000000069
S31500026BD00000000071090000000000000000000033
S31500026BE0498F02005DF2000000000000518F020092
S31500026BF023DE000000000000548F020023E00000A4
S31500026C0000000000598F02006931010000000000F7
S31500026C105E8F0200B3DE000000000000648F0200F7
S31500026C2095E0000000000000728F0200D9E000002B
S31500026C3000000000428B020041D800000000000064
S31500026C40488B020051D8000000000000828F02002B
S31500026C505DDE0000000000003A8E0200BFDC00008C
S31500026C60458E02001DDD000008100000BD16010061
S31500026C70000000000413000035DB000000000000E5
S31500026C8005130000D10301000000000008100000F7
S31500026C90451701000000000004130000D1DA0000CD
S31500026CA0000000000513000075040100000000004A
S31500026CB00000000013E300000000000001000000D5
S31500026CC01BE300000000000002000000D10B0100DF
S31500026CD0000000000300000037E30000000000008F
S31500026CE0040000003DE30000000000000500000073
S31500026CF043E300000000000006000000F7E1000088
S31500026D00000000000700000021E200000000000071
S31500026D1008000000C1E300000000000009000000B6
S31500026D200DE30000000000000C00000029E2000054
S31500026D30000000000D00000019E200000000000043
S31500026D402000000039E400000000000021000000DD
S31500026D5065E100000000000022000000C9E1000019
S31500026D600000000023000000F90A010000000000F4
S31500026D7024000000091A010000000000250000009E
S31500026D80191A01000000000026000000BDF00000F4
S31500026D90000000002700000033E2000000000000AF
S31500026DA029000000D1E10000000000002A000000D6
S31500026DB03D1A0100000000002C000000551A0100D7
S31500026DC00000000030000000D9E1000000000000D1
S31500026DD031000000C3E100000000000032000000A4
S31500026DE0BD0A010000000000340000002DE400008E
S31500026DF00000000035000000B30A01000000000098
S31500026E0036000000A90A0100000000003700000059
S31500026E1049E40000000000003800000071E10000B3
S31500026E2000000000B0000000A7E300000000000020
S31500026E30B1000000ADE300000000000002080000FF
S31500026E40452A0100000000000408000089E1000054
S31500026E50000000000508000091E1000000000000AB
S31500026E600009000043E20000000000000B120000CF
S31500026E70B3E30000000000000C1200006D1A0100CE
S31500026E80000000000D12000059E40000000000009E
S31500026E900313000061E4000000000000004000004F
S31500026EA065DA000000000000014000003BE200003D
S31500026EB0000000000240000067DA00000000000047
S31500026EC003400000970B01000000000002020300CD
S31500026ED00000FFFFFFFF00000000FFFFFFFFFFFFB4
S31500026EE0FFFFBCE6FAADA7179E84F3B9CAC2FC63DC
S31500026EF025510000000004500100000000000000BF
S31500026F000000000000000000080800009041002078
S31500026F100000000000000100E1190000E119000074
S31500026F200000000000000000193F010604100100E5
S31500026F300001010600102700000900000000000001
S31500026F4000000000140000006666660000000000F3
S31500026F50286F0200186F0200000A0000001A9A0049
S31500026F60005A620280841E00042000001149500269
S31500026F700000000000000000000000000000000009
S31500026F8000000000B1841E000000000000000000A6
S31500026F9000000000000000001400000066666600A3
S31500026FA000000000286F0200186F020000000000B7
S31500026FB0001A9A00005A620280841E000420FE0013
S31500026FC0114950020000000000000000000000000D
S31500026FD00000000000000000B1841E000000000056
S31500026FE0000000000000000000000000FC1F01037A
S31500026FF0446F02001CC0011000F807001CC00130DB
S31500027000F502080050C001008741300C24400601F9
S3150002701007C042000000000000000000000000035C
S315000270200000000020380000584001016402FF0001
S31500027030804005015C02A0089BC34A74F00300006D
S315000270400000000000000000E040010173000000A3
S31500027050F040040111010000640483078813C83A52
S315000270609C200A0028410101031000003C410B014B
S315000270700000000000000000000000000000000008
S3150002708000000000000000000100000000000000F7
S315000270900000000000000000000000003C42010168
S315000270A000000000A0800201D5C00000D5C000008B
S315000270B0A8800111F0010000A880013105228D008F
S315000270C0AC800111F0010000AC80013105228D0077
S315000270D0B080010137000001FFFFFFFF20740200AC
S315000270E000000000FC1F0103986F02001CC0011083
S315000270F000F807001CC001301402080050C001004D
S3150002710087413004244006010700620038700000FF
S3150002711000000000000000030068010F40B8244090
S3150002712058400101FC006900804005012363E0111B
S315000271309BC34A74F003000003800000BE0A0000ED
S31500027140E040010133000000F0400401590B000049
S31500027150640483078813C83A90200A002841010173
S31500027160001E00003C410B0100148C00141A212859
S315000271702E343B42495043557698BA0C2869000092
S31500027180010000000721286414171A002004C869A8
S31500027190A1203A093C42010129000000A080020117
S315000271A070780300D5C00000A8800111F00100002C
S315000271B0A88001310542CB01AC800111F00100002B
S315000271C0AC80013105228D00B0800101000300026E
S315000271D0FFFFFFFFEC6F02004063598F404B4C00EC
S315000271E00B000B001A00FF7F884100200000000000
S315000271F0E070020000000000E47002004063598F54
S31500027200404B4C000B000B001A00FF7F8841002008
S3150002721000000000E0700200000000000C400200C6
S31500027220018014007F4000002040020000000000A0
S3150002723000000000304007000000000000000000CF
S315000272400000000000000000000000000000000036
S31500027250A007000050400100000000005C40020050
S315000272600000000000000000A84001000700000026
S31500027270B440040000400000FF4C00000041000042
S31500027280FF4D000008C001000000000020C00110F0
S31500027290FF00000020C001300043000024C00400AB
S315000272A0EC80B3034375A802000000002E02000022
S315000272B054C003000E2D09E654060708D1B6020093
S315000272C064C008000430000040201006C8F24818C6
S315000272D01FE8F600BD4B721511A31805103254763D
S315000272E0980A000088C001000000000008000101A1
S315000272F0040700001800010100000000200001013F
S31500027300088400001C4002011000000020F913044A
S315000273105C4005014108000001000000B0070800BA
S31500027320A700000000000000944007010101103090
S3150002733050707F7F00000000000000000000000087
S315000273400000000000000000E4400101000000000F
S31500027350EC4001017DA8D98B0041020100612000A9
S31500027360B75635120C410301F95412002030042994
S3150002737088BB4000244101010000000030410301A6
S315000273806406660C0C010000E853FA00684103012A
S315000273906404830788138200000000003042030160
S315000273A0000000000000000E00000000444201013F
S315000273B00000000010800101030000003880020175
S315000273C011491000010000009C800101EB400200FF
S315000273D0B48001013700000188000202000C00049B
S315000273E04C0000009400010200040000D4000102D7
S315000273F090029608E40001023D09420418010102C6
S3150002740060005102FFFFFFFF1C7202000000000035
S31500027410D4710200010000000000000000F04902E1
S315000274201C72020000000000F87102000100000058
S315000274300000000000F049020874020020740200F5
S315000274400100000001000000010000000100000030
S31500027450010000000100000002000000020000001E
S31500027460020000000200000003000000030000000A
S3150002747004000000040000000500000005000000F2
S3150002748006000000070000000800000009000000D6
S315000274900A0000000C0000000D0000000F000000B2
S315000274A01100000013000000160000001900000081
S315000274B01C0000002000000024000000290000003B
S315000274C02C000000340000003B00000043000000D6
S315000274D04E000000590000006A0000008200000011
S315000274E0970000004D36010065360100C5550100C2
S315000274F0813601009538010095390100DF39010016
S3150002750030313233343536373839414243444546D1
S315000275100040504F5354313A000001040103030660
S315000275200105010501090600060B0000070B050B04
S315000275300000000000000000000000000000000043
S315000275400100A0020202020264000000B60000006E
S3150002755064000000000100000000000000000000BE
S31500027560000000000B000000736C5F6F745F6372B3
S31500027570656174655F696E7374616E6365000000B0
S3150002758000000000010004000100100004000200D7
S315000275902000240003004000440004000000040010
S315000275A0050000000700000047DA000000000000A6
S315000275B0200000004510010000000000210000002C
S315000275C07316010000000000240000004F130100A2
S315000275D000000000250000007513010000000000F5
S315000275E02A000000BD130100000000002B0000006D
S315000275F0D7130100000000002C0000004BDA000047
S3150002760000000000300000004911010000000000E7
S3150002761031000000031101000000000032000000EA
S315000276203FDA00000000000034000000810501007E
S315000276300000000035000000A5EB0000000000007D
S315000276403600000045EB0000000000003700000095
S31500027650950F01000000000038000000B91001007B
S31500027660000000003B000000630F01000000000064
S315000276703C00000063DB0000000000003D0000004B
S315000276805D2A010000000000B200000071E4000063
S315000276900000000000080000EB17010000000000D7
S315000276A00108000071150100000000000308000037
S315000276B02F12010000000000000900000112010063
S315000276C0000000000D120000DD0F010000000000A6
S315000276D0031300000910010000000000041300005B
S315000276E095DB000000000000051300000104010004
S315000276F0000000000340000069DA000000000000FC
S3150002770050C300001C250000F4010000F401000033
S3150002771050C300007C150000DC050000DC050000FB
S31500027720F5DA02001C250000F4010000F401000055
S31500027730E5BF00001C250000F4010000F401000072
S31500027740193F01060410010000010106001027007E
S31500027750000C000000000000000000001400000001
S31500027760000040000000000040770200007702009F
S3150002777000000000082F86000048E80140420F0082
S315000277800101000011495002000000000000000043
S315000277900000000000000000000000002A420F0066
S315000277A000000000000000000000000000000000D1
S315000277B01400000000008000000000004077020074
S315000277C01077020000000000004786000048E8012A
S315000277D080841E00010100001149500200000000D1
S315000277E00000000000000000000000000000000091
S315000277F055841E000000000000000000000000008A
S3150002780000000000140000000000800000000000DC
S3150002781040770200207702000000000080259600D3
S315000278200048E80140420F000108000011495002D9
S315000278300000000000000000000000000000000040
S31500027840000000003E420F000000000000000000A1
S31500027850000000000000000014000000000080008C
S3150002786000000000407702003077020000000000AE
S31500027870802596000048E80140420F000102000000
S315000278801149500200000000000000000000000044
S3150002789000000000000000003E420F000000000051
S315000278A000000000000000000000000003010000CC
S315000278B0FC1F01035C7702003C400100000000004F
S315000278C048400100A00700005040010000000000EF
S315000278D05C4002000000000000000000B44001000D
S315000278E0FF4C000054C001000E2D09E620400401A1
S315000278F0000000861FC0010000600000008000003A
S315000279005840040118000500800800000900000024
S315000279109100040080400C018C000C000000000065
S315000279201300220000000000000000000002050D06
S315000279301C2F42536269686053402E1F9182208435
S315000279406745332212490200EC40070190382CACFD
S31500027950000000005A10080AD007CA4A511048000F
S31500027960F9541E804737414A1041020130194A052F
S3150002797089BB400028410101FFFF00003041090197
S31500027980F15004430C010000E853FA00000008001D
S3150002799010161C22282E343A404621436587A90B2D
S315000279A00000C0B4684103015A10080AD007410416
S315000279B0C1030000304202018993A30F5EC25D0E2D
S315000279C0A080020170780300D0000000A880011197
S315000279D0F0010000A88001310542CB01AC80011103
S315000279E0F0010000AC800131053EFD00FFFFFFFF04
S315000279F003020000FC1F0103B07702003C400100B5
S31500027A000000000048400100A007000050400100AD
S31500027A10000000005C4002000000000000000000C0
S31500027A20B4400100FF4C000054C001000A2D09E6D3
S31500027A3020400401000000061FC000000060000094
S31500027A4000D03200584004016402FF0080080000A2
S31500027A50010000001100080080400C01080400002B
S31500027A6000000000D9032200000000000000000010
S31500027A700102071121374B5A6769625440291505DD
S31500027A8000008020434433332392A424EC400701B0
S31500027A9090382CAC00000000640483078813C83AAF
S31500027AA09D200A00016120804737414A10410201A8
S31500027AB02A144A0289BBC00A28410101FFFF0000BD
S31500027AC0304109016406660C0C010000E853FA0015
S31500027AD00000080012181E242A30363C4248214370
S31500027AE06587A90B0000E0C46841030164048307AB
S31500027AF088138200C10800003042020145966B10CD
S31500027B005C22670EA080020170780300D5C00000D7
S31500027B10A8800111F0010000A88001310542CB01C5
S31500027B20AC800111F0010000AC80013105228D000C
S31500027B30FFFFFFFF03030000FC1F0103047802009E
S31500027B403C400100100000004840010020070000F0
S31500027B5050400100000400005C4002000D0F0000CE
S31500027B6001010000B440010003C0010054C001003D
S31500027B700E2D09E620400401300000461FC8010010
S31500027B800020001000800000584004011800050083
S31500027B90400800000900000092000A0080400C0123
S31500027BA08C002C0200000000120012005B808C1B6D
S31500027BB0000000000002050E1C2F43536269686133
S31500027BC05543320416E4B8C68A674533224A9204FC
S31500027BD0EC40070180B0B18C00000000640483070A
S31500027BE08813C83A9C200A0001612080B7563512D4
S31500027BF010410201A01B0429088840002841010106
S31500027C0000000000304109016406660C0C01000008
S31500027C104CD4E83B04196F30080E141A20262C3275
S31500027C20383E10325476980A1D5F000068410301FF
S31500027C3064048307881382000000000030420201B8
S31500027C40000000000008000EA08002017038030048
S31500027C50D0000000A8800111F0010000A8800131C7
S31500027C60055AFD01AC800111F0010000AC80013122
S31500027C70053EFD00FFFFFFFF03040000FC1F01039A
S31500027C80587802003C400100100000004840010004
S31500027C902017000050400100010400005C40020071
S31500027CA00D0F000001010000B440010003C00100F5
S31500027CB054C001000E2D09E62040040130000046A2
S31500027CC01FC8010000200010008000005840040177
S31500027CD018000500400800000900000092000A0092
S31500027CE080400C018C002C020000000012001200E1
S31500027CF05B808C1B000000000002050E1C2F435304
S31500027D00626968615543320416E4B8C68A67453328
S31500027D10224A9204EC40070180B0B18C00000000B8
S31500027D20640483078813C83A9C200A0001612080F4
S31500027D30B756351210410201A01B042908884000DB
S31500027D402841010100000000304109016406660C69
S31500027D500C0100004CD4E83B04196F300A10161CC3
S31500027D6022282E343A4010325476980A1D5F80A497
S31500027D70684103016404830788138200000000003F
S31500027D8030420201000000000008000EA08002013D
S31500027D9070380300D0000000A8800111F001000035
S31500027DA0A8800131055AFD01AC800111F0010000E5
S31500027DB0AC800131053EFD00FFFFFFFFB0780200F7
S31500027DC0809C2B8F80841E00000000002700FF7F0E
S31500027DD0A441002000000000AC7802000000000070
S31500027DE0F4790200809C2B8F80841E000000000024
S31500027DF02200FF7FA441002000000000F07902006B
S31500027E0000000000F4790200809C2B8F80841E0003
S31500027E10000023002300B600A44100200000000059
S31500027E20F079020000000000F4790200809C2B8F9A
S31500027E3080841E000000240024009D00A44100202E
S31500027E4000000000F079020000000000F479020050
S31500027E50809C2B8F80841E000000250025007D005B
S31500027E60A441002000000000F0790200000000009A
S31500027E70F4790200809C2B8F80841E00000026006D
S31500027E8026005300A441002000000000F079020001
S31500027E9000000000F4790200809C2B8F80841E0073
S31500027EA0000027002700FF7FA441002000000000F9
S31500027EB0F079020000000000387B0200809C2B8FC4
S31500027EC080841E00000000002700FF7FA4410020DE
S31500027ED000000000347B0200000000007C7C0200EF
S31500027EE0809C2B8F80841E00000000002700FF7FED
S31500027EF0A441002000000000787C0200000000007F
S31500027F000C400200018101000041000020400200F5
S31500027F1000000000010000003040030000000000E5
S31500027F2000000000000000004040020000000000C7
S31500027F3000000000A840010007000000B84003004E
S31500027F40FF4C0000FF4D0000FF4D000008C001007D
S31500027F50000000001CC0011000F807001CC0013020
S31500027F60F502080020C00110FF00000020C0013009
S31500027F700013000024C00400EC80B3034375A8027A
S31500027F80000000002E02000050C001008741300CA4
S31500027F9058C0020054060708D1B6020064C00800A1
S31500027FA00430000040201006C8F248181FE8F60008
S31500027FB0BD4B721511A3180510325476980A0000AB
S31500027FC088C0010000000000080001010807000047
S31500027FD018000101AAAAAA00200001010060DA0025
S31500027FE01C400101100000003040030100000003A4
S31500027FF0000000000000000068400201294176717D
S3150002800000000000E0400201330000000000000012
S315000280100C410101B8551200244101010000000083
S3150002802054410501010000000000000000000000AC
S3150002803000000000000000003842020100000000BB
S31500028040000000004442010100000000108001010E
S3150002805003000000388002011149100001000000EF
S315000280609C800101EB400200B08002010003000285
S315000280703700000188000202000C00044C000000D8
S315000280809400010200040000D40001029002960846
S31500028090E40001023D094204180101026000510296
S315000280A0FFFFFFFF000000000000000000000000CC
S315000280B00000000050C300007C150000DC05000033
S315000280C0DC050000193F010604100100000101064B
S315000280D000102700000C0000000000000000000055
S315000280E0140000006666660000000000286F0200A9
S315000280F0A480020000000000001A9A00005A6202E0
S3150002810080841E000420FE00114950020000000077
S315000281100000000000000000000000000000000057
S31500028120B1841E00000000000000000000000000F4
S3150002813000000000140000006666660000000000F1
S31500028140C4800200B48002000000000000478600DE
S31500028150005A620280841E00010100001149500289
S315000281600000000000000000000000000000000007
S315000281700000000041841E00000000000000000014
S3150002818000000000000000001400000066666600A1
S3150002819000000000286F0200186F0200000C0000A9
S315000281A0001A9A00005A620280841E00042000000F
S315000281B0114950020000000000000000000000000B
S315000281C00000000000000000B1841E000000000054
S315000281D0000000000000000000000000FC1F010378
S315000281E0348102000C4002000CB111000041000073
S315000281F0304004002508000000010000FF000000D6
S3150002820001030100504001000B0000005C40020027
S315000282100F0D000001010000B440040001400000FF
S31500028220FF0C000001410000FF0D00001CC0011000
S3150002823000F807001CC00130F502080020C001103A
S31500028240FF00000020C001300013000050C00100F2
S315000282508741300C080001010E17000018000101C9
S31500028260FFFFFFFF200001012083B8ED1C4008013B
S3150002827010000000000000041FC0010000300000D2
S3150002828000100A00000000030000000000000000C9
S31500028290584006016402FF00410800000100000088
S315000282A0120008007C4E78AB0000000080400C01F2
S315000282B03200AC0800000000DF032A0000000000C4
S315000282C0000000000102071121374B5A6769625408
S315000282D04029150500008020434433332392A42409
S315000282E0EC40050190A8578B000000006404830748
S315000282F08813C83A9C200A002441020100000000AB
S31500028300000000003C410B010000000000000000DC
S315000283100000000000000000000000000000000055
S315000283200000000000000000000000000000000045
S31500028330000000003C42010100000000FFFFFFFFB9
S3150002834003000000FC1F0103348102000C400200FE
S315000283500CB1110000410000304004002508000065
S3150002836000010000FF000000140701005040010058
S315000283700B0000005C4002000F0D0000010100002E
S31500028380B440040001400000FF0C0000014100005F
S31500028390FF0D00001CC0011000F807001CC00130D0
S315000283A0F502080020C00110FF00000020C00130C5
S315000283B00013000050C001008741300C0800010183
S315000283C00E17000018000101FFFFFFFF2000010148
S315000283D02083B8ED1C4008011000000000000004D4
S315000283E01FC001000030000000100A000000000358
S315000283F00000000000000000584006016402FF0071
S3150002840041080000010000001200080083B18754F1
S315000284100000000080400C013200AC0800000000A1
S31500028420DF032A000000000000000000010207111D
S3150002843021374B5A6769625440291505000080208E
S31500028440434433332392A424EC40050190A8578B6E
S3150002845000000000640483078813C83A9C200A00BF
S315000284602441020100000000000000003C410B0113
S3150002847000000000000000000000000000000000F4
S3150002848000000000000000000000000000000000E4
S315000284900000000000000000000000003C42010154
S315000284A000000000FFFFFFFFFC1F0103E080020047
S315000284B00C400200018014007F400000304004009E
S315000284C000000000000000000000000000000000A4
S315000284D050400100000000005C4002000000000065
S315000284E000000000A840010007000000B44004009C
S315000284F000400000FF4C000000410000FF4D00005C
S315000285001CC0011000F807001CC00130140208004C
S3150002851020C00110FF00000020C00130004300000F
S3150002852050C0010087413004080001010407000021
S31500028530180001010000000020000101088400006B
S315000285401C4008011000000020F913040702620013
S315000285503870000000000000000000030068010FF0
S3150002856040B8244058400601FC006900410800005A
S3150002857001000000B0070800A70000002F0000005D
S3150002858080400C012363E0119BC34A74F003000090
S3150002859003800000BE0A00000101103050707F7F88
S315000285A000000000000000000000000000000000C3
S315000285B000000000EC4005017DA8D98B590B000094
S315000285C0640483078813C83A90200A0024410201F2
S315000285D000000000001E00003C410B0100148C004C
S315000285E0141A21282E343B42495043557698BA0C28
S315000285F028690000010000000721286414171A00E8
S315000286002004C869A1203A093C4201012900000060
S31500028610FFFFFFFF05020000FC1F01038881020025
S315000286201CC0011000F807001CC00130F50208004A
S3150002863050C001008741300C2440060107C0520099
S31500028640000000000000000000000003000000001F
S3150002865000000000584001016402FF00804005014D
S315000286604B01A0089BC34A74F003000000000000FF
S3150002867000000000E040010133000000F040040168
S3150002868000000000640483078813C83A9C200A008D
S3150002869028410101031000003C410B0100000000CB
S315000286A000000000000000000000000000000000C2
S315000286B000000000010000000000000000000000B1
S315000286C000000000000000003C4201010000000022
S315000286D0A080020170780300D5C00000A8800111B5
S315000286E0F0010000A88001310542CB01AC800111E6
S315000286F0F0010000AC80013105228D00B08001013D
S3150002870000030002FFFFFFFFA88402004063598FA7
S31500028710404B4C000B000B001A00FF7F88410020E3
S3150002872000000000E070020000000000DC81020090
S315000287304063598F404B4C001B001B002A00FF7FF1
S31500028740AC4100200000000040830200000000004F
S31500028750A88402004063598F404B4C000B000B006B
S315000287601A00FF7F8841002000000000E07002002E
S3150002877000000000448302004063598F404B4C00C6
S315000287801B001B002A00FF7FAC41002000000000F6
S3150002879040830200000000002040020000000000AA
S315000287A0000000004040030000000000000000003E
S315000287B0A007000008C001000000000024C0040059
S315000287C0EC80B3034375A802000000002E020000ED
S315000287D054C003000E2D09E654060708D1B602005E
S315000287E064C008000430000040201006C8F2481891
S315000287F01FE8F600BD4B721511A318051032547608
S31500028800980A000088C0010000000000E040020152
S315000288103300000000000000004102010061200058
S31500028820B75635120C410301F954120020300429BF
S3150002883088BB4000304103016406660C0C0100004F
S31500028840E853FA006841030164048307881382002F
S315000288500000000030420301000000000000000E8C
S3150002886000000000444201010000000010800101E6
S3150002887003000000388002011149100001000000C7
S315000288809C800301EB40020070780300D5C0000013
S31500028890A8800111F0010000A88001310542CB0138
S315000288A0AC800111F0010000AC80013105228D007F
S315000288B0B0800201000300023700000188000202B4
S315000288C0000C00044C0000009400010200040000A9
S315000288D0D400010290029608E40001023D09420416
S315000288E01801010260005102FFFFFFFF1886020015
S315000288F04063598F404B4C000B000B001A00FF7F60
S3150002890088410020000000001486020000000000DA
S31500028910007F020000000000BC7D02000100000092
S315000289200000000000F0490210890200007F0200E8
S3150002893000000000E07D02000600000000000000CA
S3150002894000F049022C890200007F020000000000AC
S31500028950B87E0200010000000000000000F049029B
S3150002896048890200007F020000000000DC7E02004F
S31500028970010000000000000000F0490264890200C4
S3150002898098870200000000005087020002000000E3
S315000289900000000000F04902808902009887020068
S315000289A0000000000887020002000000000000002C
S315000289B000F049029C890200BC8902001C72020076
S315000289C000000000EC880200010000000000000028
S315000289D000F04902BC890200012C2066756E6374A0
S315000289E0696F6E3A2000617373657274696F6E20E7
S315000289F022257322206661696C65643A2066696C79
S31500028A006520222573222C206C696E65202564253B
S31500028A107325730A00232D302B2000686C4C0065E9
S31500028A206667454647003031323334353637383992
S31500028A3041424344454600303132333435363738C5
S31500028A403961626364656600554E444546494E4542
S31500028A5044004145532D3235362D43434D2A2D4E82
S31500028A604F2D544147004145532D3139322D434351
S31500028A704D2A2D4E4F2D544147004145532D31323B
S31500028A80382D43434D2A2D4E4F2D54414700414523
S31500028A90532D3235362D43434D004145532D313941
S31500028AA0322D43434D004145532D3132382D434338
S31500028AB04D004145532D3235362D47434D00414534
S31500028AC0532D3139322D47434D004145532D313215
S31500028AD0382D47434D004145532D3235362D4342FD
S31500028AE043004145532D3139322D4342430041451E
S31500028AF0532D3132382D434243004145532D3235F1
S31500028B00362D454342004145532D3139322D4543D9
S31500028B1042004145532D3132382D45434200656EA0
S31500028B2061626C650064697361626C6500666169A5
S31500028B306C65640D0A737461747573202523780D50
S31500028B400A0073746172740073746F700066616CEC
S31500028B5073650075696E7431365F74206F743A3AC4
S31500028B605370696E656C3A3A4275666665723A3A50
S31500028B7047657444697374616E636528636F6E73C7
S31500028B80742075696E74385F742A2C20636F6E7355
S31500028B90742075696E74385F742A2C204469726574
S31500028BA06374696F6E2920636F6E7374002F6F7022
S31500028BB0742F73696C6162732F73646B732F73699D
S31500028BC06D706C69636974795F73646B5F3230329E
S31500028BD0362E362E312F6F70656E7468726561643B
S31500028BE05F737461636B2F7574696C2F7468697235
S31500028BF0645F70617274792F6F70656E74687265E6
S31500028C0061642F7372632F6C69622F7370696E656C
S31500028C106C2F7370696E656C5F6275666665722E1F
S31500028C20637070002D6E007C205374617274436809
S31500028C30207C20456E644368207C205461726765FF
S31500028C4074506F776572207C2041637475616C5035
S31500028C506F776572207C20526177506F7765725309
S31500028C60657474696E67207C0D0A2B2D2D2D2D2DB2
S31500028C702D2D2D2D2B2D2D2D2D2D2D2D2B2D2D2D20
S31500028C802D2D2D2D2D2D2D2D2D2D2B2D2D2D2D2D0E
S31500028C902D2D2D2D2D2D2D2D2B2D2D2D2D2D2D2DFE
S31500028CA02D2D2D2D2D2D2D2D2D2D2B0D0A00FFFFBA
S31500028CB0FFFFFFFFFFFF002C20002573203D203021
S31500028CC0782530386C7825730075696E74385F7450
S31500028CD02A206F743A3A5370696E656C3A3A427555
S31500028CE0666665723A3A476574557064617465647E
S31500028CF04275665074722875696E74385F742A2CD0
S31500028D002075696E7431365F742C2044697265630E
S31500028D1074696F6E2920636F6E7374006E756D537E
S31500028D2065676D656E7473203C3D206B4D617853AB
S31500028D3065676D656E74730075696E7431365F743E
S31500028D40206F743A3A5370696E656C3A3A427566A8
S31500028D506665723A3A4F75744672616D6547657417
S31500028D604C656E6774682829006D5772697465448C
S31500028D706972656374696F6E20213D206B556E6B57
S31500028D806E6F776E006F744572726F72206F743AEF
S31500028D903A5370696E656C3A3A4275666665723A1E
S31500028DA03A496E4672616D65417070656E642875EA
S31500028DB0696E74385F742900656E61626C65640061
S31500028DC064697361626C6564006661696C65643AC4
S31500028DD020636F6D6D616E6420737472696E6720B5
S31500028DE0636F6E7461696E7320746F6F206D616E4E
S31500028DF07920617267756D656E74730D0A00726310
S31500028E007000646961676E6F7374696373206D6F56
S31500028E1064652069732025730D0A00646961676EB3
S31500028E206F7374696373206D6F6465206973206460
S31500028E30697361626C65640D0A00616464722D6D0A
S31500028E4061746368006175746F2D61636B00646998
S31500028E506167206665617475726520272573272010
S31500028E606973206E6F7420737570706F72746564A7
S31500028E700D0A006661696C65643A20636F6D6D6107
S31500028E806E6420737472696E6720746F6F206C6FE4
S31500028E906E670D0A0030006F744572726F7220722F
S31500028EA06164696F5363686564756C655278287589
S31500028EB0696E74385F742C2075696E7433325F7410
S31500028EC02C2075696E7433325F7429002F6F7074AB
S31500028ED02F73696C6162732F73646B732F73696D81
S31500028EE0706C69636974795F73646B5F32303236B2
S31500028EF02E362E312F6F70656E7468726561642F1F
S31500028F00706C6174666F726D2D61627374726163E7
S31500028F1074696F6E2F65667233322F726164696F80
S31500028F202E637070006765740025640D0A00736510
S31500028F3074006D6F646500696E0D0A006F75740DBD
S31500028F400A00696E006F7574006368616E6E656C07
S31500028F50006377006563686F006770696F00706F02
S31500028F6077657200706F77657273657474696E6780
S31500028F707300726177706F77657273657474696E68
S31500028F80670073747265616D0025303278006F7404
S31500028F904572726F72206F743A3A5370696E656CDD
S31500028FA03A3A4275666665723A3A4F757446726126
S31500028FB06D6552656D6F766528290073496E737407
S31500028FC0616E6365002F73646B323032362D6669CB
S31500028FD0726D776172652F736F757263652F61703B
S31500028FE0702E6300B5C70100FDC70100A9C70100C5
S31500028FF009C80100F1C70100634A0200A14A020042
S31500029000C34A0200E54A0200074B02003DD70100AF
S31500029010EDD60100F9D60100EDD701004B4D020055
S315000290206146020065460200694602006D4602007C
S315000290307146020000000000A8010000282F00204F
S31500029040FFFFFFFFFFFFFFFFFFFFFFFFFFFFFFFF28
S31500029050FFFFFFFFFFFFFFFFFFFFFFFFFFFFFFFF18
S3150002906000021000303B0020D03000200000020831
S3150002907000000000FFFFFFFFFFFFFFFFFFFFFFFFF4
S3150002908000000000000000000000000000000000D8
S315000290900000000000000000C5D40100A9D40100B0
S315000290A0151B0200491C0200E11B020020C001B888
S315000290B000000001000001010001010100000000A2
S315000290C000000000010100033F000000FFFFFFFF58
S315000290D0FFFFFFFFFFFFFFFFFFFFFFFFFFFFFFFF98
S315000290E0FFFFFFFFFFFFFFFFFFFFFFFF000102027F
S315000290F00303040506080C0C0C000102030407070F
S31500029100C8C8C8C8C8C8C8C8C8C8C8C803040408E4
S315000291100808080800B801B802B800B00304040839
S31500029120080500000000000000000000000000002A
S3150002913000000000E706000048703E0F4470000E73
S3150002914030707013029890173870260F34704C0FD7
S3150002915030703A102C703A102870C2112470DA114D
S315000291602070300F1C7082121870FE1214702C0FB1
S31500029170B110086001D80A7104B87F78020C7E78B3
S31500029180641000C6881F00A01DB8707803B018606E
S315000291900F3027B30F330111C0480698760229B063
S315000291A0086001D8087109DD047109BB1110166047
S315000291B0A048086004100112FF3221500860D0480E
S315000291C00860008806982E1400C4441F00A000BA46
S315000291D003DF107109DF0672029828031DB8507862
S315000291E000A04413281441158110086002D8147196
S315000291F010880698121900C014C000B80698781B89
S31500029200009106988C020160B83020D806711EBC07
S31500029210637C784D5412F03240DE0472404804DB1F
S3150002922008720DDD0C72044BEF3014480698E40404
S3150002923000C4E04000544412086201322140087C16
S31500029240811140D91C72B1123032CF4A013AB1DAD9
S31500029250107208D8067104D80871804C237C5070AD
S31500029260684C441200C4A41E00A04414413AF324DC
S315000292700164415C412A047580B800C46040005410
S3150002928081D8307140D90472237C084B0698E404D5
S3150002929004BA1CB9767900C1204001B8357906B9FD
S315000292A006A901D8067102980A02804C307C0298FF
S315000292B05E0208D86A7100C1544000B8141110D970
S315000292C05E71584C441280BDA26DFF25784C441243
S315000292D0FC22513A2814104C00C20CC101B82412C7
S315000292E02814086228140862281408622814304CCC
S315000292F0304C00C11C4000B814111814086100C596
S31500029300284001B85415FF35047110491814B04CA1
S31500029310441208620132067102980401804C08D890
S315000293200C7107BA24D8047106BA187004D80C71E5
S3150002933001BA40D80E7102BA0A7005BA20D8047270
S3150002934003BA204C4411C04C181408611814911128
S31500029350383111429111186110D90472EF3200C1ED
S31500029360084001B8141110311E6111422814A111CE
S315000293700861181406985E1B181400C1084001B84B
S3150002938014111861FF31181400C1448001B8141178
S315000293901814086118143088024806988603009348
S315000293A008DB047101F800A027B00F3000A0108876
S315000293B0B111186180D90A7100C1884000B808113C
S315000293C0009100A000C4684000B8441000A000C08C
S315000293D08840005004118261041082601050F072BD
S315000293E000A05415504512710698F4040698840498
S315000293F007B8707802B8417800C220C001B82412BA
S3150002940006981C1900C5481F00A05415511400C324
S31500029410FF010000313D09647F3406989602015827
S3150002942051280475015841280E758111086102D927
S315000294300472FF0FCC7007B8727800F8EBBD00C05B
S31500029440441F00A00411113D10D91271FF33186395
S3150002945000C1781002B8381107B97479581000A003
S3150002946006988C020D300472044809DC047208481E
S3150002947000C11CC101B8141100C3D01E00A0911571
S3150002948004351A7218131CBB08D804716C7B04D8F5
S3150002949004716A7B1DBB2F7C5B7B1670044B181311
S315000294A01CBB08D804716F7B04D804716D7B217CC8
S315000294B00C300260069870040698B60B00B8B1111B
S315000294C0186140D9067202984A0401BC00C20840DB
S315000294D001B800DC0A7124150265604A0A702C4A3A
S315000294E0241508654C4A043508D90471202400C1A4
S315000294F03C1F00A0141200DC327120D8067101B89C
S315000295000C70F0DA0C720CDB087102B8069878045B
S31500029510482400C3384101B834138F7B0E7102B957
S31500029520911308DB047203B928707C4914111110D7
S31500029530FD300DDC1C7200C0A01E00A0041080D8F5
S31500029540107100C0448001B80410E52004758049FA
S3150002955000C3884000B8FFB80120114108710141DB
S3150002956018130824014200C1284000B81411014111
S315000295701C655141911520351E655141181328135A
S31500029580481300C3844000B8341003D8167107305C
S3150002959005DC1071B1108F780A7200C384C40350BF
S315000295A0217B1DB8507800B800C13C1F00A01412E0
S315000295B01C602150F0300152281100A0402407649B
S315000295C000C0FFFF0100013C17B0022001584028ED
S315000295D0067518AC01EC00A0208800C020C001B8B6
S315000295E0041217B4211304123052F871196440247C
S315000295F000C35C1F00A0341014110698E80D19610F
S31500029600009211592129067600BB11590698C80DF8
S315000296108762313B0472215A412A00A000C2686067
S3150002962000B8B8B91F610D49181200A0308801B9F7
S31500029630116100C30000C0FF3110312800BC002DAB
S315000296400C75115418AC01EC312DF47019645113D8
S315000296504155312C009300A000C3C00FFEFF50B24B
S31500029660313A014250AA00A006983007FFB0867828
S3150002967008715CB86B786E7800C2548001B800C07D
S31500029680D81F00A004100812B822217A237A52B8F1
S31500029690417801B80C6021A809B819604CA800C02D
S315000296A0FFD1C1FF4FB2013A00C0002E3000014285
S315000296B04FAA24B86E78ACB9FFB004D804714CB97D
S315000296C023A906989A0500C0139001000698200562
S315000296D000A00698F40419B81460FFB28C620F3227
S315000296E0826A21400698200549BC21B952B849B27E
S315000296F007DE2A7105DE0871627C607C1D0C6179C9
S31500029700677864786B786278657863786078617C6C
S31500029710010C010C6878020C69786C78020C00C2A4
S315000297202C8001B8277A287A267A6A78050C41793C
S315000297300A0CB11040D806710298AC06784A2B7A08
S31500029740327A584A247A00C400011100404A00C005
S31500029750108400000812508800C584100100FBAD79
S3150002976010BD01BB8A6B21B9FAA9C44A1812217A23
S31500029770227A00C0341F00A00410FCA882644110A3
S3150002978030300129F9A9F8ADFBB08260FBA803309D
S31500029790A0652110044820EC237A0410037A184AA3
S315000297A02411DC4A01580029241004753150F8B1FD
S315000297B0115081632A71514031400812FCB1846113
S315000297C0FCA90F310E7117B0112817B111591028C3
S315000297D0FA76C44AF9B11812217A227AA070009553
S315000297E00812F8A800C20C8001B8207A844A00B890
S315000297F00812020CA44A087A020C21B84178784A67
S315000298000B7A127A00C2C81F00A0FFB008D80472F1
S31500029810184A241000DC0A7140A80422241041A828
S315000298200698960200C2481F00A02410015100C4E7
S31500029830FF01000041391150081200A006983007B6
S3150002984000BC00C20C8001B8217A52B84978020CD9
S315000298504878020C49B8417852AC21AC204A087AC1
S31500029860067A077A49AC00A059B840785AB101D9AC
S31500029870FC72427857B8407858B101D9FC724278E6
S3150002988000A000C20C8001B8217A227A21B854784D
S3150002989052B8BC4A24119979127107B915614CA9BB
S315000298A0617800BB03BC0C64147009B919614CA938
S315000298B0417801BB126300C4002E300000C0FFD104
S315000298C0C1FF4FB1013941414FA9E44AC8B8081254
S315000298D024AB4CB823A806989A0500C00490010050
S315000298E0FFB18679047108480698200500C08009F0
S315000298F0004040A809B8FFB108D9047103B853A8BB
S31500029900B11004D80C7156BB607B57BA627A607A82
S3150002991002D80C7156BB607B59BA627A607A04B877
S315000299206E783DB8607800C05638000000C1B0803D
S3150002993001B814119979087200C0D604000000C15A
S3150002994024C000B814119F79047208484CA82EB896
S31500029950FFB108D906714AA804704BA80FB834A8FB
S3150002996000C00C5E000046B2014246AA00C12C406D
S3150002997001B8141108610631087100B9069842113E
S3150002998006983414B11101D90E710698841B02D9B6
S3150002999006720698920C06982E14511406988404A0
S315000299A006981C1106985A1700A00698441701D863
S315000299B00A711CB85B7807B8757800B84CA84AA833
S315000299C04BA800C0F321FFFF46B1013946A904B8EE
S315000299D06F7800A0FABC1964415C512C00C0581F74
S315000299E000A00410012C06750698840406986A0FD6
S315000299F0B110186005D8327140BA0698041404B83A
S31500029A006578911004D816711CB86E7800C068404B
S31500029A1000B8217806986A1101400A721DB8427888
S31500029A20069840140298500B1DB8717804B86C78E9
S31500029A3041B8427863784478FFB104D90672029835
S31500029A40BC0900C004900100FFB186790471084880
S31500029A500698200500C32C1F00A000C274C000B8DF
S31500029A602414481300BC48121C4B1C4A24144813E5
S31500029A7000BC4812084B584A2414481301BC481229
S31500029A804ABA447A427A4BBA447A427AFFB0867824
S31500029A900472617A4CBA647A657A3DBA607A4DB9D3
S31500029AA042B83FBB5B7966796179020C6479050C31
S31500029AB063796079050C627965795A7900C2340155
S31500029AC002B8241305B819603140081242B86A7800
S31500029AD0020C4A78020C40BCFFB208DA06714ABA96
S31500029AE006704BBA627A657A677A667A6A79667BB3
S31500029AF00298960A00C32C1F00A000C274C000B8C8
S31500029B00241448131C4B1C4A241448133FBC481205
S31500029B101C4A00BC4812084B444A2414481301BC90
S31500029B2048124ABA647A627A4BBA647A627AFFB3A4
S31500029B30867B0472617A4CBA647A657A3DBA607A37
S31500029B4001D94E71647800C1708001B800C08000EE
S31500029B50080008110698780B42B861784DB97F79EA
S31500029B607E796A7868786278020C7B790F0C7A794A
S31500029B70140C7479417860787579050CFFB208DAAD
S31500029B8006714AB804704BB8657801BC1664407019
S31500029B9002D93C710698780B42B84DB9687840787C
S31500029BA041787F797E797B790F0C7A79140CFFB232
S31500029BB008DA087171794ABA067070794BBA727905
S31500029BC0657A6A78020C4A78050C01BC1664020CA6
S31500029BD0417940790C0C00C04C0102B84810069835
S31500029BE0E40400C4784000B8007C00C0A01E00A0B7
S31500029BF0041180D93271911104D92C727F2021204F
S31500029C000411FD310DDD207200C0448001B804113B
S31500029C10E521147600C0244001B804118A7908713E
S31500029C20207C104C207C2AB86278511400C0581F40
S31500029C3000A00410012C17B00111876801584128B1
S31500029C400E7605218769415C412D112D0670069815
S31500029C50840442B84DBB7C7B6478020C29B86878D0
S31500029C605114404406750698840442B844782AB8CA
S31500029C704278FFB101D90C7100C1548001B8CBB84A
S31500029C800811911004D8147100C0A01E00A004107F
S31500029C9080D8067107B8537800F807B800C1CC1E01
S31500029CA000A000C220C001B824122811777800F85B
S31500029CB0B1109478387106989602E4B911591128B0
S31500029CC0067600B80C70A0B9115901290475A0B81E
S31500029CD0826000C3C01F00A03413012B341000C3DE
S31500029CE0FFFF00FF42B13139114042A800A01DB06A
S31500029CF09178FA7142B86478020C00BA29AA00C4B3
S31500029D00548001B842B84DB900C3C04001B83413FB
S31500029D10977B047240EC020C44785C7953AA0A0CD5
S31500029D20281442B84DB9FFB301DB2671244C00C397
S31500029D30FF0FFF0138145479407841785579020CA7
S31500029D405B795A79140C5F795E794A784278347075
S31500029D5002DB1471527951795079020C5B795A7986
S31500029D605F795E791E7004DB1A7100C4FF0700007A
S31500029D7000C3342102B848133FBB467B020C5B7911
S31500029D805A793DBB407B4CBB447B457B00C3301FAD
S31500029D9000A03414403C207100C068C000B84810CE
S31500029DA028131C4B1C48341448102813144B4448DF
S31500029DB03414481028134AAA4BAA04B86D781DB861
S31500029DC051785CB84B784E7800A000C074C000B8D9
S31500029DD00411108800B9181068480411108801B9D6
S31500029DE00B6118102C4804111088008800C1231C2E
S31500029DF0000018104AB864784BB86478260C28B06C
S31500029E0000C1FFFF0FF0113871B90B61114028A88C
S31500029E1028B97379747900C21010303045AA547982
S31500029E200E0C00C0E84001B8041100C23030101018
S31500029E3045AA0E0C0410008810880698540D00914D
S31500029E40009020888F618F600698540D0090886A72
S31500029E5021400112906A035800C13F3F00001138A9
S31500029E60FFBC022441281138014245AA28B9537978
S31500029E704AB844784BB84478009000911810009183
S31500029E802C48181000916848181000A09168436089
S31500029E9091694361115B012B112841603128315BC5
S31500029EA000BA302806763128204A416330280676E1
S31500029EB03128104A4163302806763128084A416320
S31500029EC0302806763128044A41633028067631283E
S31500029ED0024A416330280476014A00A0115910D97A
S31500029EE006710860086008D90471086004D9047113
S31500029EF0046002D90471026001D90471016000A0F4
S31500029F0000BA01D806710148112A1F61016001D801
S31500029F10F6720138F67200A000C220C001B82412FF
S31500029F2011592129127300210E7100C238C001B8DD
S31500029F3024120121212900A002B020D8147100C0E8
S31500029F40B01E00A0041002B9457906986813EA709B
S31500029F5003B09F78087200B806A800F80698300782
S31500029F6000C5641F00A05088044D1CBC00C0B41E6E
S31500029F7000A0811101D91E71407C009501150C4D7E
S31500029F805088044DFFBB1863315B04110698E00D3F
S31500029F903129F87506985A1A54150698841B01D960
S31500029FA0087206984A0706700698E6071CBB547B99
S31500029FB00698441701D8067202980C0FFFB90121C0
S31500029FC01038F67281129B7AF07100C2448001B891
S31500029FD0241400C0C01E00A00410011300200410A7
S31500029FE040500C7200B906981A0F18B90A7018B9BF
S31500029FF006981A0F00B900B80698100F704A08B8EA
S3150002A0000698100F00C2284000B814B80698100F20
S3150002A01000C2EC4001B80CB80698100F202210B806
S3150002A0200698100F1088308806984A070093009108
S3150002A03006981A0F00C0C41E00A00412FFB901211F
S3150002A04021411810009500F8312811280410081231
S3150002A05000A004B831281128F8B1181000A00698FB
S3150002A06072080E700698B60B069872080698641265
S3150002A070069804079112211900C02C4001B80A78EB
S3150002A080097800F810B901BA0698FA1306981C1155
S3150002A09006985A1700C5641F00A081109D78FC72AD
S3150002A0A000F8911203321CB900C3A01E00A034139B
S3150002A0B000C4B04000541DB84278707903DE0671C0
S3150002A0C044783A707179A11020D806710298461028
S3150002A0D080DB1C7102D8187205B80814A110103062
S3150002A0E00248081400B808149110086008141DB834
S3150002A0F06278A11000DC0676517900BA06984417F8
S3150002A10001D82272911120311D61911004D80E726C
S3150002A11000C1501F00A0141101D90A7120880698A7
S3150002A1204211009200C1204000B801DB1871084CB0
S3150002A13003DE0471904C441400C3FF1F0000413B30
S3150002A140FF233811944900C3384101B83413086318
S3150002A15080DB0C7103BA186206982E10087018621A
S3150002A16006982E100C490879097914102140081115
S3150002A17000A000BD0698700210B903DC047100B994
S3150002A18001BA0698FA1302D9067100404E7203B15B
S3150002A19018610F3106986A11FFD82872811008D803
S3150002A1A0187106DD0A710698700203DC0C720698B5
S3150002A1B0AE11069840140C7006DD10710698B411A3
S3150002A1C0487020B804A806DD107206987208069830
S3150002A1D0040701F840B804A800F800C0A01E00A0B9
S3150002A1E00413086301DB2271911001111861113801
S3150002A1F01DB910D8087144790298461002DBFA722A
S3150002A200A11328DBF47203BD069810110698720892
S3150002A2101DBA7F7A0698E40400C5681F00A0069856
S3150002A220700200BA03DC1672044DA11002D8047142
S3150002A2301C4D00C10CC101B80698A0045415212D6D
S3150002A2400698300502989C08911001550335515025
S3150002A250011900A000C14C1F00A0141001D84271C0
S3150002A26001480860FE200E75811020D8087100C1D1
S3150002A270501F00A0141101D9287100C02C4001B84A
S3150002A2800412215108610F3118611152281000C0C1
S3150002A290084001B80411911221512031115221199D
S3150002A2A000A0811380DB067201B800A000C314C0AF
S3150002A2B001B8341006302E726C4B34121C4B34101B
S3150002A2C0186002302072811080D8DE713410014A83
S3150002A2D008620460803021508C480A717F234D2326
S3150002A2E03410013000A000BD069810111CB8477842
S3150002A2F04578437802B8447800A006987208069812
S3150002A300AE1100C5741F00A05415069830050298B8
S3150002A3109C08B1138F7B0A7200C384C40350017B6D
S3150002A3200698341400C1384101B814118F790E71A0
S3150002A33000C1B84000B800BA06982E1050BA069866
S3150002A340041406986A11FFD84A71911004D848720B
S3150002A350811008601CD8407220D938721112FF325F
S3150002A3602151347180218021111400C0D81E00A011
S3150002A3700413FFBA3151113A215111531DB9381044
S3150002A3807B7940440E7200B900C2AC1E00A01812BE
S3150002A390067004B8607806982E1400F800B900C258
S3150002A3A0A44000541812644A0AB918121CBA507A08
S3150002A3B0517A1DB942795F7900A00698700207DCCE
S3150002A3C01072911000200A75069864120298580FAE
S3150002A3D00698040701B9911004D8047100B910BA9D
S3150002A3E00698FA1300BA0040347100C0A01E00A0FD
S3150002A3F00411086101D9127104D9E2728110086050
S3150002A40001D8DA711DB8647800C11CC101B806987A
S3150002A410A00401B81160002A047600BA00C5781FAC
S3150002A42000A05415212D0698641206984A0700C505
S3150002A4307C1F00A000F800BC811108D9167280D9D1
S3150002A440207201B910BA0698FA1300400E7101BCC7
S3150002A45010700698AE110698401420B804A800F8A9
S3150002A4600698641281110231127100B900C21440B9
S3150002A47000541812244A02B918120698AE1100C5E1
S3150002A480801F00A054150698E21A02989C0804112F
S3150002A490012114711CBA737A0420041228110420B3
S3150002A4A004110121F47200A00698E40400B8011A0E
S3150002A4B001F80698441701D81671FFB90121103820
S3150002A4C00E7281109B78087104B9677900F89110B1
S3150002A4D010D8287100C51CC101B854110698E00DA8
S3150002A4E000C5C81E00A054155129EA7507B876782A
S3150002A4F01DB8447801B804A800F8B110186010D845
S3150002A5002E7100C05040005400C3084000B83114F8
S3150002A510984C44113411086101D9FA714412281079
S3150002A520086228100862281008622810E87002984B
S3150002A530AA0206988C02113804721E6202BB00C17E
S3150002A540D81E00A0141120390C72911210DA06726C
S3150002A550417B00A00698341400C2A01E00A024125B
S3150002A56020DA0472617B1CBA527A00A01CBA727A93
S3150002A570811204DAFC7200A01CB86B7800C0684035
S3150002A58000B82F7800A00698441701D83A7100C285
S3150002A5902C4001B824100360911120310151383149
S3150002A5A011501D6008121DB9457900C2448001B8D8
S3150002A5B0241200C0C01E00A004101820002004109F
S3150002A5C020500471657910631EB9637900B902ECF3
S3150002A5D000CD114502EC00CC01DB087100BB0298EC
S3150002A5E0C81803B841110731FA211C7606219112C7
S3150002A5F010DA087102DD10721E7020B80698A40DDA
S3150002A6003038147208B80698700400C02C4000B89E
S3150002A6102978207800F8056020D80671029802167B
S3150002A62002EC00CA05B823DA187104DBDA7120DA03
S3150002A630D67110DAD2721EB8617800B801DA0672E3
S3150002A64002EC00C8911110D9267100C1B81E00A0F3
S3150002A65014111150FF300C720761A1101150023013
S3150002A6600A7180DB0A720AB89E701DB97C7918607D
S3150002A670911111402111C031114001191EB8411129
S3150002A68008D90471667820D904726578A11002D8B7
S3150002A6900672C0DA1E711EB8273123DD087210DB7E
S3150002A6A01072607825DD0A7121DD087208DB0471FB
S3150002A6B0627803B8411107310872A1152035AA71D3
S3150002A6C002DD2072A11120D9A07102D91672CCDA4C
S3150002A6D09872411140D9927206B8054D5A72029883
S3150002A6E0A41421114049C0D94C71A03141154035FD
S3150002A6F0026551410461086308DA1E7204DA367291
S3150002A7001049A1150235067110DB0E7201340A7169
S3150002A71008DB22711EB86778CC3211101A300ADCB7
S3150002A7200872CCDE0471FD3100C00D0F0C0D2160E4
S3150002A73001D85C7207B80298CE1400BA411108D942
S3150002A7400C7102EC00CA05B830DAEC720734F0314B
S3150002A750036101DA0471014900C0F300A3E3216039
S3150002A76001D8D27100C0981440682160403001447B
S3150002A77040DA0471204C04320262204A111006307B
S3150002A7801F60014218311D6111420298EC14204AE1
S3150002A79000C0051708502160113001422088FFBB16
S3150002A7A00DDA507100C1DE1B250180BC04DA10727D
S3150002A7B008DA0A7200C120841000E024A02408638B
S3150002A7C04143026401DA06711E49024B00C0201F92
S3150002A7D000A008633810BC2002DA127101B91159BF
S3150002A7E0A11380DB087100C100FCFF01181002985A
S3150002A7F0541800C4A01E00A0441080D87C71009298
S3150002A800D0DA06710DDA0C711EBD437DEFBD0698D6
S3150002A810060304620DDA8672A11105D95C7100C2C3
S3150002A8204040005424121424281401D9067202D975
S3150002A830327140D91E7102EC00CA2110183204711D
S3150002A840FA2220D804720822FE22087502EC00C8F9
S3150002A850F87001D90E7102EC00C802D9067204DC46
S3150002A860187200C0A01E00A004101D6001D8067157
S3150002A8701EB8647807B873780298C81800C0A01E7C
S3150002A88000A0041080300A7100C0C41E00A004108B
S3150002A89000A00698441701D82E71911010D828727C
S3150002A8A08110A0D8227203B084781C7200C12C4099
S3150002A8B001B814100DBA487A697A6B7A08111CB875
S3150002A8C07B7807B8757800A0641000C6881F00A0C0
S3150002A8D0C3B80698760200C4441F00A014BA28140E
S3150002A8E0B1108F780A7200C084C4035001789110A7
S3150002A8F01030011905BA0698041402D9067101B876
S3150002A90004A800C0A01E00A004130698561180DBFE
S3150002A910067102984E141DBA7C7A01DB6A7100C276
S3150002A920241F00A024111114FF3402EC00C8FF24D6
S3150002A930FA7608610698B40D046111380F30046185
S3150002A9401114011141100698B40D01D8087203B80A
S3150002A9500298CE140C4A01DB227124101128112808
S3150002A960041202300471106200C0FFFF0000213899
S3150002A97000C2204000B8FF20081241100860069865
S3150002A980B40D01D87C7120BC1033767100BB00C1B6
S3150002A990201F00A01415C021112C511218620F326B
S3150002A9A00E71408851140698EC18414300945112D6
S3150002A9B008651C620F320E71411151140698EC188B
S3150002A9C01C6441430865513B00C1DC1E00A0141102
S3150002A9D0111231100F30127100BA056101D80471DB
S3150002A9E0114201600FD8F472311003601E300472F6
S3150002A9F001B8003A087204B80298CE140298BA1640
S3150002AA0000C0384101B804118F7914717F20692082
S3150002AA1004110861303110DD06711DBA637A069899
S3150002AA20040300F830885088FF34087102ECFF24D2
S3150002AA30F87002EC00CD1410595001440421FF2293
S3150002AA40F2720F4C0095009300A000C1A81E00A050
S3150002AA50141100A030880698341B8111086102D9AE
S3150002AA6006720298F8191CBB557B086120D906713B
S3150002AA700298E8190088A110186006981219082190
S3150002AA801415FC251EBB5C7B5D7B00C1084001B82A
S3150002AA9014110731FE21307608D82A725113FC238D
S3150002AAA0341304DB20711863FF33315B00C110C01D
S3150002AAB000B81411086180490C71FF3130295475B0
S3150002AAC01EBB7B7B10707B7B7C7B00DD04717D7BF8
S3150002AAD001BB3815EC25541300DF5471042505DF3C
S3150002AAE054715415211120880698E00D00925129BF
S3150002AAF03E7500C1084001B8141102DB0C71073122
S3150002AB00315B31292A760C7004DF0872016180D923
S3150002AB101E720698121900C010C000B80698781B5B
S3150002AB20069812191411FFD9607202983E1A009003
S3150002AB30009300A05415A111186110D9A672082518
S3150002AB4008D8A071082510D89A7120882111069874
S3150002AB50E00DFC255412112AF82554110C2520D893
S3150002AB600871F0255411102520290476215918154B
S3150002AB7000920298AA1907B97179811010D80A7140
S3150002AB801CB8447802B841781CB9747904B967795B
S3150002AB9000F88110A0D808711CB9497900A0086094
S3150002ABA002D8FA710698121910880698341410629F
S3150002ABB010DA087108211415F025541100C200207C
S3150002ABC0FEFF202912750698841B01D90A7206987F
S3150002ABD072080698040700941CBB41100C200698C4
S3150002ABE056134111082114100698561331284411A0
S3150002ABF011120861FF31FF320122105210721861E0
S3150002AC00181404244413042438140C7018612141C6
S3150002AC1018140824081402982E144044147100C112
S3150002AC20AC1E00A0141551131C630FDB0C721965C0
S3150002AC300698F404411500A000C3784000B8341306
S3150002AC40807B0672069804070698341408BB5114D2
S3150002AC500698A21A4415FC25541500C3784000B87C
S3150002AC603413807B047100A0029830051CB900C31E
S3150002AC70A01E00A03413086308DB1A718113A0DB3F
S3150002AC800671497910706979086302DB087204B9A2
S3150002AC90677900F800A08111086102D910711CB908
S3150002ACA07579069812191411FF3100A0FFB900A098
S3150002ACB0041008211411F421081100A08111106159
S3150002ACC010310E710698121908211411F821141167
S3150002ACD000A00000FCB5FD7F01000000E8AC020008
S3150002ACE0E03F0020A200000001000000000000007A
S3150002ACF0000000000000000000000000000000004C
S3150002AD00000000000000000000000000000000003B
S3150002AD10000000000000000000000000000000002B
S3150002AD20000000000000000000000000000000001B
S3150002AD300000000000000000EC40002000000000BF
S3150002AD40000100000F000F000000000000000000DC
S3150002AD5000000000000000000000000000000000EB
S3150002AD6000000000000000000000000000000000DB
S3150002AD7000000000000000000000000000000000CB
S3150002AD8000000000000000000000000000000000BB
S3150002AD9000000000000000000000000000000000AB
S3150002ADA0000000000000000000000000000000009B
S3150002ADB0000000000000000000000000000000008B
S3150002ADC0000000000000000000000000000000007B
S3150002ADD0000000000000000000000000000000006B
S3150002ADE0000000000000000000000000000000005B
S3150002ADF001010101C369000045C00000E3630000D0
S3150002AE005DBD0000D967000065BC0000F363000069
S3150002AE10216400002764000079C100002D6400004F
S3150002AE2001000000030505B5400180000000000096
S3150002AE30B5000000000001B500008000000000001F
S3150002AE4001000000C0EA210100F04902FFFFFFFFF6
S3150002AE5000400B0000A0000090330020C800000054
S3150002AE60FE00000000000000E47402000100000081
S3150002AE7000000000000000003C7402000000000018
S3150002AE800E000000400000003874020000000000BE
S3150002AE90FFFFFFFFFFFFFFFF407402003BFFC800FA
S3150002AEA00A00290020000000FFFFFFFFFFFFFFFF4F
S3150002AEB0FFFFFFFFFFFFFFFFFFFFFFFF0000000096
S3150002AEC003000000D0390020C44100200000000029
S3150002AED0D0390020383A0020A03A002000000000B5
S3150002AEE0000000000000000000000000000000005A
S3150002AEF0000000000000000000000000000000004A
S3150002AF000000000000000000000000000000000039
S3150002AF100000000000000000FFFFFFFF000000002D
S3150002AF2000000000FFFF000034900200DB47020031
S3150002AF30FFFFFFFF414C02003D4C0200FFFFFFFFF7
S3150002AF40FFFFFFFF454C0200FFFFFFFF9D0F0200C0
S3150002AF5004F8FFFF0D000000000001FF0D01FF4095
S3150002AF605AB4FF0065700100AD6200008562000000
S50326F7DF
S70500000000FA
