#0 building with "desktop-linux" instance using docker driver

#1 [internal] load build definition from Dockerfile.sdk2026
#1 transferring dockerfile: 2.76kB 0.0s done
#1 WARN: FromPlatformFlagConstDisallowed: FROM --platform flag should not use constant value "linux/amd64" (line 4)
#1 WARN: FromPlatformFlagConstDisallowed: FROM --platform flag should not use constant value "linux/amd64" (line 20)
#1 DONE 0.0s

#2 [internal] load metadata for ghcr.io/nabucasa/silabs-firmware-builder@sha256:aaeedf3cceb95dc15a9d3333093e76957ef20d06f94d3f7b23d5bd88d337a85d
#2 DONE 0.1s

#3 [internal] load metadata for ghcr.io/home-assistant/amd64-base-debian@sha256:88f7241f3c91775e16457778a79dc8155484c379c7f5e0c556c99ff99b3f11bf
#3 ...

#4 [auth] home-assistant/amd64-base-debian:pull token for ghcr.io
#4 DONE 0.0s

#3 [internal] load metadata for ghcr.io/home-assistant/amd64-base-debian@sha256:88f7241f3c91775e16457778a79dc8155484c379c7f5e0c556c99ff99b3f11bf
#3 DONE 0.8s

#5 [internal] load .dockerignore
#5 transferring context: 2B done
#5 DONE 0.0s

#6 [stage-1 1/9] FROM ghcr.io/home-assistant/amd64-base-debian@sha256:88f7241f3c91775e16457778a79dc8155484c379c7f5e0c556c99ff99b3f11bf
#6 resolve ghcr.io/home-assistant/amd64-base-debian@sha256:88f7241f3c91775e16457778a79dc8155484c379c7f5e0c556c99ff99b3f11bf 0.0s done
#6 DONE 0.0s

#7 [sdk2026-builder 1/6] FROM ghcr.io/nabucasa/silabs-firmware-builder@sha256:aaeedf3cceb95dc15a9d3333093e76957ef20d06f94d3f7b23d5bd88d337a85d
#7 resolve ghcr.io/nabucasa/silabs-firmware-builder@sha256:aaeedf3cceb95dc15a9d3333093e76957ef20d06f94d3f7b23d5bd88d337a85d 0.0s done
#7 DONE 0.0s

#8 [internal] load build context
#8 transferring context: 28.76kB 0.0s done
#8 DONE 0.0s

#9 [sdk2026-builder 2/6] COPY review/sdk2026/recipe/pin-debian-snapshot.sh /pin-debian-snapshot.sh
#9 CACHED

#10 [sdk2026-builder 3/6] RUN sh /pin-debian-snapshot.sh && apt-get update && apt-get install -y --no-install-recommends     build-essential cmake ninja-build git patch pkg-config     libmbedtls-dev libreadline-dev libncurses-dev libboost-dev     libboost-filesystem-dev libboost-system-dev libjsoncpp-dev     libdbus-1-dev libnetfilter-queue-dev libsystemd-dev libprotobuf-dev protobuf-compiler nodejs npm     && rm -rf /var/lib/apt/lists/*
#10 0.487 Get:1 https://snapshot.debian.org/archive/debian/20260914T000000Z trixie InRelease [140 kB]
#10 0.586 Get:2 https://snapshot.debian.org/archive/debian/20260914T000000Z trixie-updates InRelease [47.3 kB]
#10 0.688 Get:3 https://snapshot.debian.org/archive/debian-security/20260914T000000Z trixie-security InRelease [43.4 kB]
#10 0.836 Get:4 https://snapshot.debian.org/archive/debian/20260914T000000Z trixie/main amd64 Packages [9678 kB]
#10 1.391 Get:5 https://snapshot.debian.org/archive/debian/20260914T000000Z trixie-updates/main amd64 Packages [4412 B]
#10 1.415 Get:6 https://snapshot.debian.org/archive/debian-security/20260914T000000Z trixie-security/main amd64 Packages [261 kB]
#10 1.867 Fetched 10.2 MB in 2s (6300 kB/s)
#10 1.867 Reading package lists...
#10 2.276 Reading package lists...
#10 2.677 Building dependency tree...
#10 2.768 Reading state information...
#10 2.877 cmake is already the newest version (3.31.6-2).
#10 2.877 ninja-build is already the newest version (1.12.1-1).
#10 2.877 git is already the newest version (1:2.47.3-0+deb13u1).
#10 2.877 The following additional packages will be installed:
#10 2.877   binutils binutils-common binutils-x86-64-linux-gnu bzip2 cpp cpp-14
#10 2.877   cpp-14-x86-64-linux-gnu cpp-x86-64-linux-gnu dpkg-dev eslint g++ g++-14
#10 2.877   g++-14-x86-64-linux-gnu g++-x86-64-linux-gnu gcc gcc-14
#10 2.877   gcc-14-x86-64-linux-gnu gcc-x86-64-linux-gnu gyp handlebars libasan8
#10 2.877   libbinutils libboost-atomic1.83-dev libboost-atomic1.83.0
#10 2.877   libboost-filesystem1.83-dev libboost-filesystem1.83.0
#10 2.877   libboost-system1.83-dev libboost-system1.83.0 libboost1.83-dev libc-bin
#10 2.877   libc-dev-bin libc6 libc6-dev libcap-dev libcap2 libcares2 libcc1-0
#10 2.877   libcrypt-dev libctf-nobfd0 libctf0 libdbus-1-3 libdpkg-perl libgcc-14-dev
#10 2.877   libgomp1 libgprofng0 libhwasan0 libicu76 libisl23 libitm1 libjansson4
#10 2.877   libjs-events libjs-inherits libjs-is-typedarray libjs-prettify
#10 2.877   libjs-regenerate libjs-source-map libjs-sprintf-js
#10 2.877   libjs-typedarray-to-buffer libjs-util liblsan0 libmbedcrypto16 libmbedtls21
#10 2.877   libmbedx509-7 libmnl0 libmpc3 libmpfr6 libncurses6 libnetfilter-queue1
#10 2.877   libnfnetlink-dev libnfnetlink0 libnode-dev libnode115 libpkgconf3
#10 2.877   libprotobuf-lite32t64 libprotobuf32t64 libprotoc32t64 libpython3-stdlib
#10 2.877   libpython3.13-minimal libpython3.13-stdlib libquadmath0 libreadline8t64
#10 2.877   libsframe1 libssl-dev libssl3t64 libstdc++-14-dev libtsan2 libubsan1
#10 2.878   libuv1-dev linux-libc-dev make media-types netbase node-abbrev node-acorn
#10 2.878   node-agent-base node-ajv node-ajv-keywords node-ampproject-remapping
#10 2.878   node-ansi-escapes node-ansi-regex node-ansi-styles node-anymatch node-aproba
#10 2.878   node-archy node-are-we-there-yet node-argparse node-arrify node-assert
#10 2.878   node-async node-async-each node-babel-helper-define-polyfill-provider
#10 2.878   node-babel-plugin-add-module-exports node-babel-plugin-lodash
#10 2.878   node-babel-plugin-polyfill-corejs2 node-babel-plugin-polyfill-corejs3
#10 2.878   node-babel-plugin-polyfill-regenerator node-babel7 node-babel7-runtime
#10 2.878   node-balanced-match node-base64-js node-binary-extensions
#10 2.878   node-brace-expansion node-braces node-browserslist node-builtins
#10 2.878   node-cacache node-camelcase node-caniuse-lite node-chalk node-chokidar
#10 2.878   node-chownr node-chrome-trace-event node-ci-info node-cjs-module-lexer
#10 2.878   node-cli-table node-cliui node-clone node-clone-deep node-color-convert
#10 2.878   node-color-name node-colors node-columnify node-commander node-commondir
#10 2.878   node-concat-stream node-console-control-strings node-convert-source-map
#10 2.878   node-copy-concurrently node-core-js node-core-js-compat node-core-js-pure
#10 2.878   node-core-util-is node-corepack node-css-loader node-css-selector-tokenizer
#10 2.878   node-data-uri-to-buffer node-debbundle-es-to-primitive node-debug
#10 2.878   node-decamelize node-decompress-response node-deep-equal node-deep-is
#10 2.878   node-defaults node-define-properties node-define-property node-defined
#10 2.878   node-del node-delegates node-depd node-diff node-doctrine
#10 2.878   node-electron-to-chromium node-encoding node-enhanced-resolve node-envinfo
#10 2.878   node-err-code node-errno node-error-ex node-es-abstract node-es-module-lexer
#10 2.878   node-es6-error node-escape-string-regexp node-escodegen node-eslint-scope
#10 2.878   node-eslint-utils node-eslint-visitor-keys node-espree node-esprima
#10 2.878   node-esquery node-esrecurse node-estraverse node-esutils node-events
#10 2.878   node-execa node-fancy-log node-fast-deep-equal node-fast-levenshtein
#10 2.878   node-fetch node-file-entry-cache node-fill-range node-find-cache-dir
#10 2.878   node-find-up node-flat-cache node-flatted node-for-in node-for-own
#10 2.878   node-foreground-child node-fs-readdir-recursive node-fs-write-stream-atomic
#10 2.878   node-fs.realpath node-function-bind node-functional-red-black-tree
#10 2.878   node-gauge node-get-caller-file node-get-stream node-glob node-glob-parent
#10 2.878   node-globals node-globby node-got node-graceful-fs node-gyp node-has-flag
#10 2.878   node-has-unicode node-hosted-git-info node-http-proxy-agent
#10 2.878   node-https-proxy-agent node-iconv-lite node-icss-utils node-ieee754
#10 2.878   node-iferr node-ignore node-imurmurhash node-indent-string node-inflight
#10 2.878   node-inherits node-ini node-interpret node-ip node-ip-regex node-is-arrayish
#10 2.878   node-is-binary-path node-is-buffer node-is-descriptor node-is-extendable
#10 2.878   node-is-extglob node-is-glob node-is-number node-is-path-cwd
#10 2.878   node-is-path-inside node-is-plain-obj node-is-plain-object node-is-stream
#10 2.878   node-is-typedarray node-is-windows node-isarray node-isexe node-isobject
#10 2.878   node-istanbul node-jest-debbundle node-jest-worker node-js-tokens
#10 2.878   node-js-yaml node-jsesc node-json-buffer node-json-parse-better-errors
#10 2.878   node-json-schema node-json-schema-traverse node-json-stable-stringify
#10 2.878   node-json5 node-jsonify node-jsonparse node-kind-of node-levn
#10 2.878   node-loader-runner node-locate-path node-lodash node-lodash-packages
#10 2.878   node-lowercase-keys node-lru-cache node-make-dir node-memfs node-memory-fs
#10 2.878   node-merge-stream node-micromatch node-mime node-mime-types node-mimic-fn
#10 2.878   node-mimic-response node-minimatch node-minimist node-minipass node-mkdirp
#10 2.878   node-move-concurrently node-ms node-mute-stream node-n3 node-negotiator
#10 2.878   node-neo-async node-nopt node-normalize-package-data node-normalize-path
#10 2.878   node-npm-bundled node-npm-package-arg node-npm-run-path node-npmlog
#10 2.878   node-object-assign node-object-inspect node-once node-optimist
#10 2.878   node-optionator node-osenv node-p-cancelable node-p-limit node-p-locate
#10 2.878   node-p-map node-parse-json node-path-dirname node-path-exists
#10 2.878   node-path-is-absolute node-path-is-inside node-path-type node-picocolors
#10 2.878   node-pify node-pkg-dir node-postcss node-postcss-modules-extract-imports
#10 2.878   node-postcss-modules-values node-postcss-value-parser node-prelude-ls
#10 2.878   node-process-nextick-args node-progress node-promise-inflight
#10 2.878   node-promise-retry node-promzard node-prr node-punycode node-quick-lru
#10 2.878   node-randombytes node-read node-read-package-json node-read-pkg
#10 2.878   node-readable-stream node-readdirp node-rechoir node-regenerate
#10 2.878   node-regenerate-unicode-properties node-regenerator-runtime
#10 2.878   node-regenerator-transform node-regexpp node-regexpu-core node-regjsgen
#10 2.878   node-regjsparser node-repeat-string node-require-directory node-resolve
#10 2.878   node-resolve-cwd node-resolve-from node-resumer node-retry node-rimraf
#10 2.878   node-run-queue node-safe-buffer node-schema-utils node-semver
#10 2.878   node-serialize-javascript node-set-blocking node-set-immediate-shim
#10 2.878   node-shebang-command node-shebang-regex node-signal-exit node-slash
#10 2.878   node-slice-ansi node-source-list-map node-source-map node-source-map-support
#10 2.878   node-spdx-correct node-spdx-exceptions node-spdx-expression-parse
#10 2.878   node-spdx-license-ids node-sprintf-js node-ssri node-string-decoder
#10 2.878   node-string-width node-strip-ansi node-strip-bom node-strip-eof
#10 2.878   node-strip-json-comments node-supports-color node-tapable node-tape node-tar
#10 2.878   node-terser node-text-table node-through node-time-stamp
#10 2.878   node-to-fast-properties node-to-regex-range node-tslib node-type-check
#10 2.878   node-typedarray node-typedarray-to-buffer node-undici
#10 2.878   node-unicode-canonical-property-names-ecmascript
#10 2.878   node-unicode-match-property-ecmascript
#10 2.878   node-unicode-match-property-value-ecmascript
#10 2.878   node-unicode-property-aliases-ecmascript node-unique-filename node-uri-js
#10 2.878   node-util node-util-deprecate node-uuid node-v8-compile-cache node-v8flags
#10 2.878   node-validate-npm-package-license node-validate-npm-package-name
#10 2.878   node-watchpack node-wcwidth.js node-webassemblyjs node-webpack-sources
#10 2.878   node-which node-wide-align node-wordwrap node-wrap-ansi node-wrappy
#10 2.878   node-write node-write-file-atomic node-xtend node-y18n node-yallist
#10 2.878   node-yargs node-yargs-parser openssl openssl-provider-legacy pkgconf
#10 2.878   pkgconf-bin python3 python3-minimal python3-packaging python3.13
#10 2.878   python3.13-minimal readline-common rpcsvc-proto sgml-base terser webpack
#10 2.878   xml-core xz-utils zlib1g-dev
#10 2.879 Suggested packages:
#10 2.879   binutils-doc gprofng-gui binutils-gold bzip2-doc cpp-doc gcc-14-locales
#10 2.879   cpp-14-doc debian-keyring debian-tag2upload-keyring node-babel-eslint
#10 2.879   node-esprima-fb node-inquirer g++-multilib g++-14-multilib gcc-14-doc
#10 2.879   gcc-multilib manpages-dev autoconf automake libtool flex bison gdb gcc-doc
#10 2.879   gcc-14-multilib gdb-x86-64-linux-gnu libboost-doc libboost1.83-doc
#10 2.879   libboost-chrono1.83-dev libboost-container1.83-dev libboost-context1.83-dev
#10 2.879   libboost-contract1.83-dev libboost-coroutine1.83-dev
#10 2.879   libboost-date-time1.83-dev libboost-exception1.83-dev libboost-fiber1.83-dev
#10 2.879   libboost-graph-parallel1.83-dev libboost-graph1.83-dev
#10 2.879   libboost-iostreams1.83-dev libboost-json1.83-dev libboost-locale1.83-dev
#10 2.879   libboost-log1.83-dev libboost-math1.83-dev libboost-mpi-python1.83-dev
#10 2.879   libboost-mpi1.83-dev libboost-nowide1.83-dev libboost-numpy1.83-dev
#10 2.879   libboost-program-options1.83-dev libboost-python1.83-dev
#10 2.879   libboost-random1.83-dev libboost-regex1.83-dev
#10 2.879   libboost-serialization1.83-dev libboost-stacktrace1.83-dev
#10 2.879   libboost-test1.83-dev libboost-thread1.83-dev libboost-timer1.83-dev
#10 2.879   libboost-type-erasure1.83-dev libboost-url1.83-dev libboost-wave1.83-dev
#10 2.879   libboost1.83-tools-dev libmpfrc++-dev libntl-dev libc-devtools glibc-doc sq
#10 2.879   | sqop | rsop | gosop | pgpainless-cli | gpg-sq | gnupg sensible-utils bzr
#10 2.879   libjs-angularjs libmbedtls-doc ncurses-doc libnetfilter-queue-doc
#10 2.879   readline-doc libssl-doc libstdc++-14-doc libuv1-doc make-doc
#10 2.879   node-babel-plugin-polyfill-es-shims node-babel7-debug javascript-common
#10 2.879   livescript chai node-jest-diff node-opener ed diffutils-doc protobuf-mode-el
#10 2.879   python3-doc python3-tk python3-venv python3.13-venv python3.13-doc
#10 2.879   binfmt-support sgml-base-doc debhelper
#10 2.879 Recommended packages:
#10 2.879   fakeroot sq | sqop | rsop | gosop | pgpainless-cli | gpg-sq | gnupg
#10 2.879   libalgorithm-merge-perl manpages manpages-dev dbus libfile-fcntllock-perl
#10 2.879   liblocale-gettext-perl javascript-common libgpm2 node-re2
#10 2.879   node-require-from-string nodejs-doc node-tap
#10 4.245 The following NEW packages will be installed:
#10 4.245   binutils binutils-common binutils-x86-64-linux-gnu build-essential bzip2 cpp
#10 4.245   cpp-14 cpp-14-x86-64-linux-gnu cpp-x86-64-linux-gnu dpkg-dev eslint g++
#10 4.245   g++-14 g++-14-x86-64-linux-gnu g++-x86-64-linux-gnu gcc gcc-14
#10 4.246   gcc-14-x86-64-linux-gnu gcc-x86-64-linux-gnu gyp handlebars libasan8
#10 4.246   libbinutils libboost-atomic1.83-dev libboost-atomic1.83.0 libboost-dev
#10 4.246   libboost-filesystem-dev libboost-filesystem1.83-dev
#10 4.246   libboost-filesystem1.83.0 libboost-system-dev libboost-system1.83-dev
#10 4.246   libboost-system1.83.0 libboost1.83-dev libc-dev-bin libc6-dev libcap-dev
#10 4.246   libcares2 libcc1-0 libcrypt-dev libctf-nobfd0 libctf0 libdbus-1-3
#10 4.246   libdbus-1-dev libdpkg-perl libgcc-14-dev libgomp1 libgprofng0 libhwasan0
#10 4.246   libicu76 libisl23 libitm1 libjansson4 libjs-events libjs-inherits
#10 4.246   libjs-is-typedarray libjs-prettify libjs-regenerate libjs-source-map
#10 4.246   libjs-sprintf-js libjs-typedarray-to-buffer libjs-util libjsoncpp-dev
#10 4.246   liblsan0 libmbedcrypto16 libmbedtls-dev libmbedtls21 libmbedx509-7 libmnl0
#10 4.246   libmpc3 libmpfr6 libncurses-dev libncurses6 libnetfilter-queue-dev
#10 4.246   libnetfilter-queue1 libnfnetlink-dev libnfnetlink0 libnode-dev libnode115
#10 4.246   libpkgconf3 libprotobuf-dev libprotobuf-lite32t64 libprotobuf32t64
#10 4.246   libprotoc32t64 libpython3-stdlib libpython3.13-minimal libpython3.13-stdlib
#10 4.246   libquadmath0 libreadline-dev libreadline8t64 libsframe1 libssl-dev
#10 4.246   libstdc++-14-dev libsystemd-dev libtsan2 libubsan1 libuv1-dev linux-libc-dev
#10 4.246   make media-types netbase node-abbrev node-acorn node-agent-base node-ajv
#10 4.246   node-ajv-keywords node-ampproject-remapping node-ansi-escapes
#10 4.246   node-ansi-regex node-ansi-styles node-anymatch node-aproba node-archy
#10 4.246   node-are-we-there-yet node-argparse node-arrify node-assert node-async
#10 4.246   node-async-each node-babel-helper-define-polyfill-provider
#10 4.246   node-babel-plugin-add-module-exports node-babel-plugin-lodash
#10 4.246   node-babel-plugin-polyfill-corejs2 node-babel-plugin-polyfill-corejs3
#10 4.246   node-babel-plugin-polyfill-regenerator node-babel7 node-babel7-runtime
#10 4.246   node-balanced-match node-base64-js node-binary-extensions
#10 4.246   node-brace-expansion node-braces node-browserslist node-builtins
#10 4.246   node-cacache node-camelcase node-caniuse-lite node-chalk node-chokidar
#10 4.246   node-chownr node-chrome-trace-event node-ci-info node-cjs-module-lexer
#10 4.246   node-cli-table node-cliui node-clone node-clone-deep node-color-convert
#10 4.246   node-color-name node-colors node-columnify node-commander node-commondir
#10 4.246   node-concat-stream node-console-control-strings node-convert-source-map
#10 4.246   node-copy-concurrently node-core-js node-core-js-compat node-core-js-pure
#10 4.246   node-core-util-is node-corepack node-css-loader node-css-selector-tokenizer
#10 4.246   node-data-uri-to-buffer node-debbundle-es-to-primitive node-debug
#10 4.246   node-decamelize node-decompress-response node-deep-equal node-deep-is
#10 4.246   node-defaults node-define-properties node-define-property node-defined
#10 4.247   node-del node-delegates node-depd node-diff node-doctrine
#10 4.247   node-electron-to-chromium node-encoding node-enhanced-resolve node-envinfo
#10 4.247   node-err-code node-errno node-error-ex node-es-abstract node-es-module-lexer
#10 4.247   node-es6-error node-escape-string-regexp node-escodegen node-eslint-scope
#10 4.247   node-eslint-utils node-eslint-visitor-keys node-espree node-esprima
#10 4.247   node-esquery node-esrecurse node-estraverse node-esutils node-events
#10 4.247   node-execa node-fancy-log node-fast-deep-equal node-fast-levenshtein
#10 4.247   node-fetch node-file-entry-cache node-fill-range node-find-cache-dir
#10 4.247   node-find-up node-flat-cache node-flatted node-for-in node-for-own
#10 4.247   node-foreground-child node-fs-readdir-recursive node-fs-write-stream-atomic
#10 4.247   node-fs.realpath node-function-bind node-functional-red-black-tree
#10 4.247   node-gauge node-get-caller-file node-get-stream node-glob node-glob-parent
#10 4.247   node-globals node-globby node-got node-graceful-fs node-gyp node-has-flag
#10 4.247   node-has-unicode node-hosted-git-info node-http-proxy-agent
#10 4.247   node-https-proxy-agent node-iconv-lite node-icss-utils node-ieee754
#10 4.247   node-iferr node-ignore node-imurmurhash node-indent-string node-inflight
#10 4.247   node-inherits node-ini node-interpret node-ip node-ip-regex node-is-arrayish
#10 4.247   node-is-binary-path node-is-buffer node-is-descriptor node-is-extendable
#10 4.247   node-is-extglob node-is-glob node-is-number node-is-path-cwd
#10 4.247   node-is-path-inside node-is-plain-obj node-is-plain-object node-is-stream
#10 4.247   node-is-typedarray node-is-windows node-isarray node-isexe node-isobject
#10 4.247   node-istanbul node-jest-debbundle node-jest-worker node-js-tokens
#10 4.247   node-js-yaml node-jsesc node-json-buffer node-json-parse-better-errors
#10 4.247   node-json-schema node-json-schema-traverse node-json-stable-stringify
#10 4.247   node-json5 node-jsonify node-jsonparse node-kind-of node-levn
#10 4.247   node-loader-runner node-locate-path node-lodash node-lodash-packages
#10 4.247   node-lowercase-keys node-lru-cache node-make-dir node-memfs node-memory-fs
#10 4.247   node-merge-stream node-micromatch node-mime node-mime-types node-mimic-fn
#10 4.247   node-mimic-response node-minimatch node-minimist node-minipass node-mkdirp
#10 4.247   node-move-concurrently node-ms node-mute-stream node-n3 node-negotiator
#10 4.247   node-neo-async node-nopt node-normalize-package-data node-normalize-path
#10 4.247   node-npm-bundled node-npm-package-arg node-npm-run-path node-npmlog
#10 4.247   node-object-assign node-object-inspect node-once node-optimist
#10 4.247   node-optionator node-osenv node-p-cancelable node-p-limit node-p-locate
#10 4.247   node-p-map node-parse-json node-path-dirname node-path-exists
#10 4.247   node-path-is-absolute node-path-is-inside node-path-type node-picocolors
#10 4.247   node-pify node-pkg-dir node-postcss node-postcss-modules-extract-imports
#10 4.247   node-postcss-modules-values node-postcss-value-parser node-prelude-ls
#10 4.247   node-process-nextick-args node-progress node-promise-inflight
#10 4.247   node-promise-retry node-promzard node-prr node-punycode node-quick-lru
#10 4.247   node-randombytes node-read node-read-package-json node-read-pkg
#10 4.247   node-readable-stream node-readdirp node-rechoir node-regenerate
#10 4.247   node-regenerate-unicode-properties node-regenerator-runtime
#10 4.247   node-regenerator-transform node-regexpp node-regexpu-core node-regjsgen
#10 4.247   node-regjsparser node-repeat-string node-require-directory node-resolve
#10 4.247   node-resolve-cwd node-resolve-from node-resumer node-retry node-rimraf
#10 4.247   node-run-queue node-safe-buffer node-schema-utils node-semver
#10 4.247   node-serialize-javascript node-set-blocking node-set-immediate-shim
#10 4.247   node-shebang-command node-shebang-regex node-signal-exit node-slash
#10 4.247   node-slice-ansi node-source-list-map node-source-map node-source-map-support
#10 4.247   node-spdx-correct node-spdx-exceptions node-spdx-expression-parse
#10 4.247   node-spdx-license-ids node-sprintf-js node-ssri node-string-decoder
#10 4.247   node-string-width node-strip-ansi node-strip-bom node-strip-eof
#10 4.247   node-strip-json-comments node-supports-color node-tapable node-tape node-tar
#10 4.247   node-terser node-text-table node-through node-time-stamp
#10 4.247   node-to-fast-properties node-to-regex-range node-tslib node-type-check
#10 4.247   node-typedarray node-typedarray-to-buffer node-undici
#10 4.247   node-unicode-canonical-property-names-ecmascript
#10 4.247   node-unicode-match-property-ecmascript
#10 4.247   node-unicode-match-property-value-ecmascript
#10 4.247   node-unicode-property-aliases-ecmascript node-unique-filename node-uri-js
#10 4.247   node-util node-util-deprecate node-uuid node-v8-compile-cache node-v8flags
#10 4.247   node-validate-npm-package-license node-validate-npm-package-name
#10 4.247   node-watchpack node-wcwidth.js node-webassemblyjs node-webpack-sources
#10 4.247   node-which node-wide-align node-wordwrap node-wrap-ansi node-wrappy
#10 4.247   node-write node-write-file-atomic node-xtend node-y18n node-yallist
#10 4.247   node-yargs node-yargs-parser nodejs npm patch pkg-config pkgconf pkgconf-bin
#10 4.247   protobuf-compiler python3 python3-minimal python3-packaging python3.13
#10 4.247   python3.13-minimal readline-common rpcsvc-proto sgml-base terser webpack
#10 4.247   xml-core xz-utils zlib1g-dev
#10 4.248 The following packages will be upgraded:
#10 4.248   libc-bin libc6 libcap2 libssl3t64 openssl openssl-provider-legacy
#10 25.08 6 upgraded, 460 newly installed, 0 to remove and 28 not upgraded.
#10 25.08 Need to get 149 MB of archives.
#10 25.08 After this operation, 747 MB of additional disk space will be used.
#10 25.08 Get:1 https://snapshot.debian.org/archive/debian/20260914T000000Z trixie/main amd64 libc6 amd64 2.41-12+deb13u4 [2847 kB]
#10 25.22 Get:2 https://snapshot.debian.org/archive/debian/20260914T000000Z trixie/main amd64 libc-bin amd64 2.41-12+deb13u4 [638 kB]
#10 25.26 Get:3 https://snapshot.debian.org/archive/debian/20260914T000000Z trixie/main amd64 openssl-provider-legacy amd64 3.5.7-1~deb13u2 [316 kB]
#10 25.28 Get:4 https://snapshot.debian.org/archive/debian/20260914T000000Z trixie/main amd64 libssl3t64 amd64 3.5.7-1~deb13u2 [2454 kB]
#10 25.40 Get:5 https://snapshot.debian.org/archive/debian/20260914T000000Z trixie/main amd64 libpython3.13-minimal amd64 3.13.5-2+deb13u5 [863 kB]
#10 25.46 Get:6 https://snapshot.debian.org/archive/debian/20260914T000000Z trixie/main amd64 python3.13-minimal amd64 3.13.5-2+deb13u5 [2225 kB]
#10 25.53 Get:7 https://snapshot.debian.org/archive/debian/20260914T000000Z trixie/main amd64 python3-minimal amd64 3.13.5-1 [27.2 kB]
#10 25.53 Get:8 https://snapshot.debian.org/archive/debian/20260914T000000Z trixie/main amd64 media-types all 13.0.0 [29.3 kB]
#10 25.53 Get:9 https://snapshot.debian.org/archive/debian/20260914T000000Z trixie/main amd64 netbase all 6.5 [12.4 kB]
#10 25.53 Get:10 https://snapshot.debian.org/archive/debian/20260914T000000Z trixie/main amd64 readline-common all 8.2-6 [69.4 kB]
#10 25.53 Get:11 https://snapshot.debian.org/archive/debian/20260914T000000Z trixie/main amd64 libreadline8t64 amd64 8.2-6 [169 kB]
#10 25.54 Get:12 https://snapshot.debian.org/archive/debian/20260914T000000Z trixie/main amd64 libpython3.13-stdlib amd64 3.13.5-2+deb13u5 [1959 kB]
#10 25.67 Get:13 https://snapshot.debian.org/archive/debian/20260914T000000Z trixie/main amd64 python3.13 amd64 3.13.5-2+deb13u5 [757 kB]
#10 25.73 Get:14 https://snapshot.debian.org/archive/debian/20260914T000000Z trixie/main amd64 libpython3-stdlib amd64 3.13.5-1 [10.2 kB]
#10 25.73 Get:15 https://snapshot.debian.org/archive/debian/20260914T000000Z trixie/main amd64 python3 amd64 3.13.5-1 [28.2 kB]
#10 25.74 Get:16 https://snapshot.debian.org/archive/debian/20260914T000000Z trixie/main amd64 libcap2 amd64 1:2.75-10+deb13u1+b3 [29.0 kB]
#10 25.74 Get:17 https://snapshot.debian.org/archive/debian/20260914T000000Z trixie/main amd64 bzip2 amd64 1.0.8-6 [40.5 kB]
#10 25.74 Get:18 https://snapshot.debian.org/archive/debian/20260914T000000Z trixie/main amd64 xz-utils amd64 5.8.1-1+deb13u1 [659 kB]
#10 25.78 Get:19 https://snapshot.debian.org/archive/debian/20260914T000000Z trixie/main amd64 libsframe1 amd64 2.44-3 [78.4 kB]
#10 25.78 Get:20 https://snapshot.debian.org/archive/debian/20260914T000000Z trixie/main amd64 binutils-common amd64 2.44-3 [2509 kB]
#10 25.97 Get:21 https://snapshot.debian.org/archive/debian/20260914T000000Z trixie/main amd64 libbinutils amd64 2.44-3 [534 kB]
#10 26.00 Get:22 https://snapshot.debian.org/archive/debian/20260914T000000Z trixie/main amd64 libgprofng0 amd64 2.44-3 [808 kB]
#10 26.04 Get:23 https://snapshot.debian.org/archive/debian/20260914T000000Z trixie/main amd64 libctf-nobfd0 amd64 2.44-3 [156 kB]
#10 26.05 Get:24 https://snapshot.debian.org/archive/debian/20260914T000000Z trixie/main amd64 libctf0 amd64 2.44-3 [88.6 kB]
#10 26.06 Get:25 https://snapshot.debian.org/archive/debian/20260914T000000Z trixie/main amd64 libjansson4 amd64 2.14-2+b3 [39.8 kB]
#10 26.06 Get:26 https://snapshot.debian.org/archive/debian/20260914T000000Z trixie/main amd64 binutils-x86-64-linux-gnu amd64 2.44-3 [1014 kB]
#10 26.09 Get:27 https://snapshot.debian.org/archive/debian/20260914T000000Z trixie/main amd64 binutils amd64 2.44-3 [265 kB]
#10 26.10 Get:28 https://snapshot.debian.org/archive/debian/20260914T000000Z trixie/main amd64 libc-dev-bin amd64 2.41-12+deb13u4 [60.0 kB]
#10 26.10 Get:29 https://snapshot.debian.org/archive/debian/20260914T000000Z trixie/main amd64 linux-libc-dev all 6.12.107-1 [2919 kB]
#10 26.18 Get:30 https://snapshot.debian.org/archive/debian/20260914T000000Z trixie/main amd64 libcrypt-dev amd64 1:4.4.38-1 [119 kB]
#10 26.18 Get:31 https://snapshot.debian.org/archive/debian/20260914T000000Z trixie/main amd64 rpcsvc-proto amd64 1.4.3-1 [63.3 kB]
#10 26.19 Get:32 https://snapshot.debian.org/archive/debian/20260914T000000Z trixie/main amd64 libc6-dev amd64 2.41-12+deb13u4 [1995 kB]
#10 26.23 Get:33 https://snapshot.debian.org/archive/debian/20260914T000000Z trixie/main amd64 libisl23 amd64 0.27-1 [659 kB]
#10 26.28 Get:34 https://snapshot.debian.org/archive/debian/20260914T000000Z trixie/main amd64 libmpfr6 amd64 4.2.2-1 [729 kB]
#10 26.30 Get:35 https://snapshot.debian.org/archive/debian/20260914T000000Z trixie/main amd64 libmpc3 amd64 1.3.1-1+b3 [52.2 kB]
#10 26.30 Get:36 https://snapshot.debian.org/archive/debian/20260914T000000Z trixie/main amd64 cpp-14-x86-64-linux-gnu amd64 14.2.0-19 [11.0 MB]
#10 26.70 Get:37 https://snapshot.debian.org/archive/debian/20260914T000000Z trixie/main amd64 cpp-14 amd64 14.2.0-19 [1280 B]
#10 26.70 Get:38 https://snapshot.debian.org/archive/debian/20260914T000000Z trixie/main amd64 cpp-x86-64-linux-gnu amd64 4:14.2.0-1 [4840 B]
#10 26.70 Get:39 https://snapshot.debian.org/archive/debian/20260914T000000Z trixie/main amd64 cpp amd64 4:14.2.0-1 [1568 B]
#10 26.70 Get:40 https://snapshot.debian.org/archive/debian/20260914T000000Z trixie/main amd64 libcc1-0 amd64 14.2.0-19 [42.8 kB]
#10 26.70 Get:41 https://snapshot.debian.org/archive/debian/20260914T000000Z trixie/main amd64 libgomp1 amd64 14.2.0-19 [137 kB]
#10 26.70 Get:42 https://snapshot.debian.org/archive/debian/20260914T000000Z trixie/main amd64 libitm1 amd64 14.2.0-19 [26.0 kB]
#10 26.70 Get:43 https://snapshot.debian.org/archive/debian/20260914T000000Z trixie/main amd64 libasan8 amd64 14.2.0-19 [2725 kB]
#10 26.84 Get:44 https://snapshot.debian.org/archive/debian/20260914T000000Z trixie/main amd64 liblsan0 amd64 14.2.0-19 [1204 kB]
#10 26.89 Get:45 https://snapshot.debian.org/archive/debian/20260914T000000Z trixie/main amd64 libtsan2 amd64 14.2.0-19 [2460 kB]
#10 27.04 Get:46 https://snapshot.debian.org/archive/debian/20260914T000000Z trixie/main amd64 libubsan1 amd64 14.2.0-19 [1074 kB]
#10 27.12 Get:47 https://snapshot.debian.org/archive/debian/20260914T000000Z trixie/main amd64 libhwasan0 amd64 14.2.0-19 [1488 kB]
#10 27.21 Get:48 https://snapshot.debian.org/archive/debian/20260914T000000Z trixie/main amd64 libquadmath0 amd64 14.2.0-19 [145 kB]
#10 27.22 Get:49 https://snapshot.debian.org/archive/debian/20260914T000000Z trixie/main amd64 libgcc-14-dev amd64 14.2.0-19 [2672 kB]
#10 27.37 Get:50 https://snapshot.debian.org/archive/debian/20260914T000000Z trixie/main amd64 gcc-14-x86-64-linux-gnu amd64 14.2.0-19 [21.4 MB]
#10 28.62 Get:51 https://snapshot.debian.org/archive/debian/20260914T000000Z trixie/main amd64 gcc-14 amd64 14.2.0-19 [540 kB]
#10 28.65 Get:52 https://snapshot.debian.org/archive/debian/20260914T000000Z trixie/main amd64 gcc-x86-64-linux-gnu amd64 4:14.2.0-1 [1436 B]
#10 28.65 Get:53 https://snapshot.debian.org/archive/debian/20260914T000000Z trixie/main amd64 gcc amd64 4:14.2.0-1 [5136 B]
#10 28.65 Get:54 https://snapshot.debian.org/archive/debian/20260914T000000Z trixie/main amd64 libstdc++-14-dev amd64 14.2.0-19 [2376 kB]
#10 28.81 Get:55 https://snapshot.debian.org/archive/debian/20260914T000000Z trixie/main amd64 g++-14-x86-64-linux-gnu amd64 14.2.0-19 [12.1 MB]
#10 29.72 Get:56 https://snapshot.debian.org/archive/debian/20260914T000000Z trixie/main amd64 g++-14 amd64 14.2.0-19 [22.5 kB]
#10 29.72 Get:57 https://snapshot.debian.org/archive/debian/20260914T000000Z trixie/main amd64 g++-x86-64-linux-gnu amd64 4:14.2.0-1 [1200 B]
#10 29.72 Get:58 https://snapshot.debian.org/archive/debian/20260914T000000Z trixie/main amd64 g++ amd64 4:14.2.0-1 [1344 B]
#10 29.72 Get:59 https://snapshot.debian.org/archive/debian/20260914T000000Z trixie/main amd64 make amd64 4.4.1-2 [463 kB]
#10 29.76 Get:60 https://snapshot.debian.org/archive/debian/20260914T000000Z trixie/main amd64 libdpkg-perl all 1.22.22 [651 kB]
#10 29.80 Get:61 https://snapshot.debian.org/archive/debian/20260914T000000Z trixie/main amd64 patch amd64 2.8-2 [134 kB]
#10 29.81 Get:62 https://snapshot.debian.org/archive/debian/20260914T000000Z trixie/main amd64 dpkg-dev all 1.22.22 [1337 kB]
#10 29.88 Get:63 https://snapshot.debian.org/archive/debian/20260914T000000Z trixie/main amd64 build-essential amd64 12.12 [4624 B]
#10 29.88 Get:64 https://snapshot.debian.org/archive/debian/20260914T000000Z trixie/main amd64 node-fast-deep-equal all 3.1.3-3 [5768 B]
#10 29.88 Get:65 https://snapshot.debian.org/archive/debian/20260914T000000Z trixie/main amd64 node-json-schema-traverse all 1.0.0-3 [6308 B]
#10 29.88 Get:66 https://snapshot.debian.org/archive/debian/20260914T000000Z trixie/main amd64 node-jsonify all 0.0.1-1 [8704 B]
#10 29.88 Get:67 https://snapshot.debian.org/archive/debian/20260914T000000Z trixie/main amd64 node-json-stable-stringify all 1.0.2+repack1+~cs1.0.34-2 [9496 B]
#10 29.88 Get:68 https://snapshot.debian.org/archive/debian/20260914T000000Z trixie/main amd64 node-punycode all 2.3.1+~2.1.4-1 [10.8 kB]
#10 29.88 Get:69 https://snapshot.debian.org/archive/debian/20260914T000000Z trixie/main amd64 node-uri-js all 4.4.0+dfsg-8 [47.3 kB]
#10 29.88 Get:70 https://snapshot.debian.org/archive/debian/20260914T000000Z trixie/main amd64 libcares2 amd64 1.34.5-1+deb13u1 [98.3 kB]
#10 29.89 Get:71 https://snapshot.debian.org/archive/debian/20260914T000000Z trixie/main amd64 libicu76 amd64 76.1-4 [9722 kB]
#10 30.43 Get:72 https://snapshot.debian.org/archive/debian/20260914T000000Z trixie/main amd64 node-xtend all 4.0.2-3 [3932 B]
#10 30.43 Get:73 https://snapshot.debian.org/archive/debian/20260914T000000Z trixie/main amd64 node-acorn all 8.8.1+ds+~cs25.17.7-2 [128 kB]
#10 30.44 Get:74 https://snapshot.debian.org/archive/debian/20260914T000000Z trixie/main amd64 node-cjs-module-lexer all 1.2.3+dfsg-1 [30.6 kB]
#10 30.44 Get:75 https://snapshot.debian.org/archive/debian/20260914T000000Z trixie/main amd64 node-balanced-match all 2.0.0-1 [4872 B]
#10 30.44 Get:76 https://snapshot.debian.org/archive/debian/20260914T000000Z trixie/main amd64 node-brace-expansion all 2.0.1+~1.1.0-2 [8012 B]
#10 30.44 Get:77 https://snapshot.debian.org/archive/debian/20260914T000000Z trixie/main amd64 node-minimatch all 9.0.3-6 [76.8 kB]
#10 30.45 Get:78 https://snapshot.debian.org/archive/debian/20260914T000000Z trixie/main amd64 node-undici all 7.3.0+dfsg1+~cs24.12.11-1 [333 kB]
#10 30.47 Get:79 https://snapshot.debian.org/archive/debian/20260914T000000Z trixie/main amd64 libnode115 amd64 20.19.2+dfsg-1+deb13u2 [12.1 MB]
#10 31.10 Get:80 https://snapshot.debian.org/archive/debian/20260914T000000Z trixie/main amd64 node-corepack all 0.24.0-5 [712 kB]
#10 31.16 Get:81 https://snapshot.debian.org/archive/debian/20260914T000000Z trixie/main amd64 nodejs amd64 20.19.2+dfsg-1+deb13u2 [353 kB]
#10 31.18 Get:82 https://snapshot.debian.org/archive/debian/20260914T000000Z trixie/main amd64 node-ajv all 8.12.0~ds+~2.1.1-5 [182 kB]
#10 31.19 Get:83 https://snapshot.debian.org/archive/debian/20260914T000000Z trixie/main amd64 libjs-inherits all 2.0.4-6 [3548 B]
#10 31.19 Get:84 https://snapshot.debian.org/archive/debian/20260914T000000Z trixie/main amd64 node-inherits all 2.0.4-6 [4548 B]
#10 31.19 Get:85 https://snapshot.debian.org/archive/debian/20260914T000000Z trixie/main amd64 node-core-util-is all 1.0.3-1 [4072 B]
#10 31.19 Get:86 https://snapshot.debian.org/archive/debian/20260914T000000Z trixie/main amd64 node-safe-buffer all 5.2.1+~cs2.1.2-3 [15.5 kB]
#10 31.19 Get:87 https://snapshot.debian.org/archive/debian/20260914T000000Z trixie/main amd64 node-string-decoder all 1.3.0-6 [7180 B]
#10 31.19 Get:88 https://snapshot.debian.org/archive/debian/20260914T000000Z trixie/main amd64 node-process-nextick-args all 2.0.1-3 [3816 B]
#10 31.19 Get:89 https://snapshot.debian.org/archive/debian/20260914T000000Z trixie/main amd64 node-util-deprecate all 1.0.2-3 [4436 B]
#10 31.19 Get:90 https://snapshot.debian.org/archive/debian/20260914T000000Z trixie/main amd64 node-isarray all 2.0.5-4 [4040 B]
#10 31.23 Get:91 https://snapshot.debian.org/archive/debian/20260914T000000Z trixie/main amd64 node-readable-stream all 3.6.0+~cs3.0.0-4 [32.0 kB]
#10 31.28 Get:92 https://snapshot.debian.org/archive/debian/20260914T000000Z trixie/main amd64 node-typedarray all 0.0.7-1 [11.4 kB]
#10 31.30 Get:93 https://snapshot.debian.org/archive/debian/20260914T000000Z trixie/main amd64 node-concat-stream all 2.0.0+~2.0.0-2 [6388 B]
#10 31.33 Get:94 https://snapshot.debian.org/archive/debian/20260914T000000Z trixie/main amd64 node-ms all 2.1.3+~cs0.7.31-3 [5648 B]
#10 31.35 Get:95 https://snapshot.debian.org/archive/debian/20260914T000000Z trixie/main amd64 node-debug all 4.3.4+~cs4.1.7-1 [18.1 kB]
#10 31.42 Get:96 https://snapshot.debian.org/archive/debian/20260914T000000Z trixie/main amd64 node-esutils all 2.0.3+~2.0.0-1 [12.4 kB]
#10 31.42 Get:97 https://snapshot.debian.org/archive/debian/20260914T000000Z trixie/main amd64 node-doctrine all 3.0.0-4 [19.9 kB]
#10 31.48 Get:98 https://snapshot.debian.org/archive/debian/20260914T000000Z trixie/main amd64 node-eslint-visitor-keys all 3.3.0+~1.0.0-1 [17.1 kB]
#10 31.50 Get:99 https://snapshot.debian.org/archive/debian/20260914T000000Z trixie/main amd64 node-estraverse all 5.3.0+ds+~5.1.1-1 [11.6 kB]
#10 31.51 Get:100 https://snapshot.debian.org/archive/debian/20260914T000000Z trixie/main amd64 node-object-assign all 4.1.1-7 [4684 B]
#10 31.54 Get:101 https://snapshot.debian.org/archive/debian/20260914T000000Z trixie/main amd64 node-esrecurse all 4.3.0-2 [6048 B]
#10 31.59 Get:102 https://snapshot.debian.org/archive/debian/20260914T000000Z trixie/main amd64 node-eslint-scope all 7.1.1+~3.7.4-1 [35.6 kB]
#10 31.68 Get:103 https://snapshot.debian.org/archive/debian/20260914T000000Z trixie/main amd64 node-espree all 9.4.1~dfsg-2 [41.1 kB]
#10 31.71 Get:104 https://snapshot.debian.org/archive/debian/20260914T000000Z trixie/main amd64 node-esquery all 1.4.2~ds-1 [24.9 kB]
#10 31.74 Get:105 https://snapshot.debian.org/archive/debian/20260914T000000Z trixie/main amd64 node-eslint-utils all 3.0.0-3 [15.5 kB]
#10 31.75 Get:106 https://snapshot.debian.org/archive/debian/20260914T000000Z trixie/main amd64 node-flatted all 3.2.7~ds-1+deb13u1 [10.3 kB]
#10 31.77 Get:107 https://snapshot.debian.org/archive/debian/20260914T000000Z trixie/main amd64 node-fs.realpath all 1.0.0-3 [6172 B]
#10 31.78 Get:108 https://snapshot.debian.org/archive/debian/20260914T000000Z trixie/main amd64 node-wrappy all 1.0.2-3 [3776 B]
#10 31.81 Get:109 https://snapshot.debian.org/archive/debian/20260914T000000Z trixie/main amd64 node-once all 1.4.1-1 [4624 B]
#10 31.84 Get:110 https://snapshot.debian.org/archive/debian/20260914T000000Z trixie/main amd64 node-inflight all 1.0.6-2 [3952 B]
#10 31.86 Get:111 https://snapshot.debian.org/archive/debian/20260914T000000Z trixie/main amd64 node-glob all 8.1.0+~cs8.5.15-1 [134 kB]
#10 31.91 Get:112 https://snapshot.debian.org/archive/debian/20260914T000000Z trixie/main amd64 node-rimraf all 3.0.2-2 [11.1 kB]
#10 31.94 Get:113 https://snapshot.debian.org/archive/debian/20260914T000000Z trixie/main amd64 node-write all 2.0.0~6.0.1+~3.0.4+~2.0.0+~1.0.0+~2.0.1-1 [17.9 kB]
#10 31.96 Get:114 https://snapshot.debian.org/archive/debian/20260914T000000Z trixie/main amd64 node-flat-cache all 3.0.4~6.0.1+~3.0.4+~2.0.0+~1.0.0+~2.0.1-1 [20.2 kB]
#10 32.00 Get:115 https://snapshot.debian.org/archive/debian/20260914T000000Z trixie/main amd64 node-file-entry-cache all 6.0.1+~3.0.4+~2.0.0+~1.0.0+~2.0.1-1 [15.3 kB]
#10 32.02 Get:116 https://snapshot.debian.org/archive/debian/20260914T000000Z trixie/main amd64 node-functional-red-black-tree all 1.0.1+20181105-7 [14.1 kB]
#10 32.06 Get:117 https://snapshot.debian.org/archive/debian/20260914T000000Z trixie/main amd64 node-is-extglob all 2.1.1-5 [4612 B]
#10 32.08 Get:118 https://snapshot.debian.org/archive/debian/20260914T000000Z trixie/main amd64 node-is-glob all 4.0.3-2 [6620 B]
#10 32.09 Get:119 https://snapshot.debian.org/archive/debian/20260914T000000Z trixie/main amd64 node-path-dirname all 1.0.2-2 [4312 B]
#10 32.10 Get:120 https://snapshot.debian.org/archive/debian/20260914T000000Z trixie/main amd64 node-glob-parent all 6.0.2+~5.1.1-2 [8784 B]
#10 32.16 Get:121 https://snapshot.debian.org/archive/debian/20260914T000000Z trixie/main amd64 node-globals all 13.23.0-1 [11.3 kB]
#10 32.17 Get:122 https://snapshot.debian.org/archive/debian/20260914T000000Z trixie/main amd64 node-resolve-from all 5.0.0+~3.1.0+~3.3.0+~2.0.0-1 [7292 B]
#10 32.21 Get:123 https://snapshot.debian.org/archive/debian/20260914T000000Z trixie/main amd64 node-imurmurhash all 0.1.4+dfsg+~0.1.1-2 [8412 B]
#10 32.21 Get:124 https://snapshot.debian.org/archive/debian/20260914T000000Z trixie/main amd64 node-ignore all 5.2.1-1 [26.4 kB]
#10 32.23 Get:125 https://snapshot.debian.org/archive/debian/20260914T000000Z trixie/main amd64 node-prelude-ls all 1.2.1+dfsg-3 [11.3 kB]
#10 32.26 Get:126 https://snapshot.debian.org/archive/debian/20260914T000000Z trixie/main amd64 node-type-check all 0.4.0+dfsg-3 [9184 B]
#10 32.28 Get:127 https://snapshot.debian.org/archive/debian/20260914T000000Z trixie/main amd64 node-levn all 0.4.1+dfsg-2 [10.2 kB]
#10 32.30 Get:128 https://snapshot.debian.org/archive/debian/20260914T000000Z trixie/main amd64 node-lodash all 4.17.21+dfsg+~cs8.31.198.20210220-9+deb13u1 [462 kB]
#10 32.49 Get:129 https://snapshot.debian.org/archive/debian/20260914T000000Z trixie/main amd64 node-memfs all 3.4.12+~cs1.0.3-1 [46.8 kB]
#10 32.58 Get:130 https://snapshot.debian.org/archive/debian/20260914T000000Z trixie/main amd64 node-mkdirp all 2.1.6+~cs5.2.1-2 [24.1 kB]
#10 32.61 Get:131 https://snapshot.debian.org/archive/debian/20260914T000000Z trixie/main amd64 node-deep-is all 0.1.4-1 [5136 B]
#10 32.64 Get:132 https://snapshot.debian.org/archive/debian/20260914T000000Z trixie/main amd64 node-fast-levenshtein all 2.0.6+ds-3 [6040 B]
#10 32.66 Get:133 https://snapshot.debian.org/archive/debian/20260914T000000Z trixie/main amd64 node-optionator all 0.9.1+dfsg+~cs1.2.3-1 [17.6 kB]
#10 32.68 Get:134 https://snapshot.debian.org/archive/debian/20260914T000000Z trixie/main amd64 node-progress all 2.0.3-2 [8256 B]
#10 32.70 Get:135 https://snapshot.debian.org/archive/debian/20260914T000000Z trixie/main amd64 libjs-regenerate all 1.4.2-3 [14.3 kB]
#10 32.72 Get:136 https://snapshot.debian.org/archive/debian/20260914T000000Z trixie/main amd64 node-regenerate all 1.4.2-3 [7388 B]
#10 32.72 Get:137 https://snapshot.debian.org/archive/debian/20260914T000000Z trixie/main amd64 node-regenerate-unicode-properties all 10.1.0+ds-1 [50.7 kB]
#10 32.77 Get:138 https://snapshot.debian.org/archive/debian/20260914T000000Z trixie/main amd64 node-regexpp all 3.2.0-5 [27.0 kB]
#10 32.82 Get:139 https://snapshot.debian.org/archive/debian/20260914T000000Z trixie/main amd64 node-lru-cache all 10.0.1-3 [62.6 kB]
#10 32.89 Get:140 https://snapshot.debian.org/archive/debian/20260914T000000Z trixie/main amd64 node-semver all 7.6.1+~7.5.8-2 [49.5 kB]
#10 32.95 Get:141 https://snapshot.debian.org/archive/debian/20260914T000000Z trixie/main amd64 node-strip-json-comments all 4.0.0-4 [5668 B]
#10 33.01 Get:142 https://snapshot.debian.org/archive/debian/20260914T000000Z trixie/main amd64 node-json-schema all 0.4.0+~7.0.11-1 [13.1 kB]
#10 33.03 Get:143 https://snapshot.debian.org/archive/debian/20260914T000000Z trixie/main amd64 node-v8-compile-cache all 2.4.0-2 [8544 B]
#10 33.04 Get:144 https://snapshot.debian.org/archive/debian/20260914T000000Z trixie/main amd64 eslint all 6.4.0~dfsg+~6.1.9-12 [606 kB]
#10 33.06 Get:145 https://snapshot.debian.org/archive/debian/20260914T000000Z trixie/main amd64 python3-packaging all 25.0-1 [56.6 kB]
#10 33.08 Get:146 https://snapshot.debian.org/archive/debian/20260914T000000Z trixie/main amd64 gyp all 0.16.2-2 [255 kB]
#10 33.17 Get:147 https://snapshot.debian.org/archive/debian/20260914T000000Z trixie/main amd64 node-neo-async all 2.6.2+~cs3.0.0-3 [41.8 kB]
#10 33.19 Get:148 https://snapshot.debian.org/archive/debian/20260914T000000Z trixie/main amd64 node-arrify all 2.0.1-3 [3700 B]
#10 33.21 Get:149 https://snapshot.debian.org/archive/debian/20260914T000000Z trixie/main amd64 node-is-plain-obj all 3.0.0-2 [3972 B]
#10 33.24 Get:150 https://snapshot.debian.org/archive/debian/20260914T000000Z trixie/main amd64 node-is-buffer all 2.0.5-2 [4112 B]
#10 33.26 Get:151 https://snapshot.debian.org/archive/debian/20260914T000000Z trixie/main amd64 node-kind-of all 6.0.3+dfsg-2 [10.2 kB]
#10 33.28 Get:152 https://snapshot.debian.org/archive/debian/20260914T000000Z trixie/main amd64 node-minimist all 1.2.8+~cs5.3.5-1 [15.9 kB]
#10 33.28 Get:153 https://snapshot.debian.org/archive/debian/20260914T000000Z trixie/main amd64 node-wordwrap all 1.0.0-4 [4628 B]
#10 33.29 Get:154 https://snapshot.debian.org/archive/debian/20260914T000000Z trixie/main amd64 node-optimist all 0.6.1+~0.0.30-2 [13.5 kB]
#10 33.29 Get:155 https://snapshot.debian.org/archive/debian/20260914T000000Z trixie/main amd64 libjs-source-map all 0.7.0++dfsg2+really.0.6.1-15 [29.6 kB]
#10 33.32 Get:156 https://snapshot.debian.org/archive/debian/20260914T000000Z trixie/main amd64 node-source-map all 0.7.0++dfsg2+really.0.6.1-15 [41.7 kB]
#10 33.34 Get:157 https://snapshot.debian.org/archive/debian/20260914T000000Z trixie/main amd64 handlebars all 3:4.7.7+~4.1.0-1 [199 kB]
#10 33.59 Get:158 https://snapshot.debian.org/archive/debian/20260914T000000Z trixie/main amd64 libboost1.83-dev amd64 1.83.0-4.2 [10.6 MB]
#10 34.35 Get:159 https://snapshot.debian.org/archive/debian/20260914T000000Z trixie/main amd64 libboost-atomic1.83.0 amd64 1.83.0-4.2 [234 kB]
#10 34.36 Get:160 https://snapshot.debian.org/archive/debian/20260914T000000Z trixie/main amd64 libboost-atomic1.83-dev amd64 1.83.0-4.2 [236 kB]
#10 34.38 Get:161 https://snapshot.debian.org/archive/debian/20260914T000000Z trixie/main amd64 libboost-dev amd64 1.83.0.2+b2 [3836 B]
#10 34.38 Get:162 https://snapshot.debian.org/archive/debian/20260914T000000Z trixie/main amd64 libboost-filesystem1.83.0 amd64 1.83.0-4.2 [282 kB]
#10 34.39 Get:163 https://snapshot.debian.org/archive/debian/20260914T000000Z trixie/main amd64 libboost-system1.83.0 amd64 1.83.0-4.2 [231 kB]
#10 34.41 Get:164 https://snapshot.debian.org/archive/debian/20260914T000000Z trixie/main amd64 libboost-system1.83-dev amd64 1.83.0-4.2 [232 kB]
#10 34.43 Get:165 https://snapshot.debian.org/archive/debian/20260914T000000Z trixie/main amd64 libboost-filesystem1.83-dev amd64 1.83.0-4.2 [297 kB]
#10 34.47 Get:166 https://snapshot.debian.org/archive/debian/20260914T000000Z trixie/main amd64 libboost-filesystem-dev amd64 1.83.0.2+b2 [3628 B]
#10 34.49 Get:167 https://snapshot.debian.org/archive/debian/20260914T000000Z trixie/main amd64 libboost-system-dev amd64 1.83.0.2+b2 [3736 B]
#10 34.54 Get:168 https://snapshot.debian.org/archive/debian/20260914T000000Z trixie/main amd64 libcap-dev amd64 1:2.75-10+deb13u1+b3 [546 kB]
#10 34.60 Get:169 https://snapshot.debian.org/archive/debian/20260914T000000Z trixie/main amd64 libdbus-1-3 amd64 1.16.2-2 [178 kB]
#10 34.68 Get:170 https://snapshot.debian.org/archive/debian/20260914T000000Z trixie/main amd64 libsystemd-dev amd64 257.13-1~deb13u1 [1359 kB]
#10 34.81 Get:171 https://snapshot.debian.org/archive/debian/20260914T000000Z trixie/main amd64 libpkgconf3 amd64 1.8.1-4 [36.4 kB]
#10 34.81 Get:172 https://snapshot.debian.org/archive/debian/20260914T000000Z trixie/main amd64 pkgconf-bin amd64 1.8.1-4 [30.2 kB]
#10 34.81 Get:173 https://snapshot.debian.org/archive/debian/20260914T000000Z trixie/main amd64 pkgconf amd64 1.8.1-4 [26.2 kB]
#10 34.81 Get:174 https://snapshot.debian.org/archive/debian/20260914T000000Z trixie/main amd64 sgml-base all 1.31+nmu1 [10.9 kB]
#10 34.81 Get:175 https://snapshot.debian.org/archive/debian/20260914T000000Z trixie/main amd64 xml-core all 0.19 [20.1 kB]
#10 34.81 Get:176 https://snapshot.debian.org/archive/debian/20260914T000000Z trixie/main amd64 libdbus-1-dev amd64 1.16.2-2 [215 kB]
#10 34.82 Get:177 https://snapshot.debian.org/archive/debian/20260914T000000Z trixie/main amd64 libjs-events all 3.3.0+~3.0.0-3 [11.3 kB]
#10 34.82 Get:178 https://snapshot.debian.org/archive/debian/20260914T000000Z trixie/main amd64 libjs-is-typedarray all 1.0.0-4 [3816 B]
#10 34.83 Get:179 https://snapshot.debian.org/archive/debian/20260914T000000Z trixie/main amd64 libjs-prettify all 2015.12.04+dfsg-1.1 [41.7 kB]
#10 34.89 Get:180 https://snapshot.debian.org/archive/debian/20260914T000000Z trixie/main amd64 libjs-sprintf-js all 1.1.2+ds1+~1.1.2-1 [12.8 kB]
#10 34.90 Get:181 https://snapshot.debian.org/archive/debian/20260914T000000Z trixie/main amd64 libjs-typedarray-to-buffer all 4.0.0-2 [4668 B]
#10 34.93 Get:182 https://snapshot.debian.org/archive/debian/20260914T000000Z trixie/main amd64 node-lodash-packages all 4.17.21+dfsg+~cs8.31.198.20210220-9+deb13u1 [179 kB]
#10 34.94 Get:183 https://snapshot.debian.org/archive/debian/20260914T000000Z trixie/main amd64 node-function-bind all 1.1.2+~cs2.1.14-1 [24.6 kB]
#10 34.98 Get:184 https://snapshot.debian.org/archive/debian/20260914T000000Z trixie/main amd64 node-object-inspect all 1.12.2+~cs1.8.1-1 [20.8 kB]
#10 35.01 Get:185 https://snapshot.debian.org/archive/debian/20260914T000000Z trixie/main amd64 node-es-abstract all 1.20.4+~cs26.27.47-2 [137 kB]
#10 35.03 Get:186 https://snapshot.debian.org/archive/debian/20260914T000000Z trixie/main amd64 node-resolve all 1.22.8+~cs5.34.15-2 [29.8 kB]
#10 35.08 Get:187 https://snapshot.debian.org/archive/debian/20260914T000000Z trixie/main amd64 node-define-properties all 1.2.1+~cs2.2.3-1 [9080 B]
#10 35.09 Get:188 https://snapshot.debian.org/archive/debian/20260914T000000Z trixie/main amd64 node-debbundle-es-to-primitive all 1.2.1+~cs9.7.25-2 [39.9 kB]
#10 35.18 Get:189 https://snapshot.debian.org/archive/debian/20260914T000000Z trixie/main amd64 node-isobject all 4.0.0-2 [5332 B]
#10 35.22 Get:190 https://snapshot.debian.org/archive/debian/20260914T000000Z trixie/main amd64 node-is-descriptor all 3.0.0-2 [5556 B]
#10 35.24 Get:191 https://snapshot.debian.org/archive/debian/20260914T000000Z trixie/main amd64 node-define-property all 2.0.2+really+2.0.2-3 [6820 B]
#10 35.26 Get:192 https://snapshot.debian.org/archive/debian/20260914T000000Z trixie/main amd64 node-defined all 1.0.1+~1.0.0-1 [6776 B]
#10 35.35 Get:193 https://snapshot.debian.org/archive/debian/20260914T000000Z trixie/main amd64 node-abbrev all 1.1.1+~1.1.2-1 [5692 B]
#10 35.37 Get:194 https://snapshot.debian.org/archive/debian/20260914T000000Z trixie/main amd64 node-archy all 1.0.0-6 [4556 B]
#10 35.41 Get:195 https://snapshot.debian.org/archive/debian/20260914T000000Z trixie/main amd64 node-async all 3.2.6+dfsg-2 [96.4 kB]
#10 35.49 Get:196 https://snapshot.debian.org/archive/debian/20260914T000000Z trixie/main amd64 node-convert-source-map all 1.9.0+~1.5.2-1 [8176 B]
#10 35.56 Get:197 https://snapshot.debian.org/archive/debian/20260914T000000Z trixie/main amd64 node-decamelize all 4.0.0-2 [4080 B]
#10 35.59 Get:198 https://snapshot.debian.org/archive/debian/20260914T000000Z trixie/main amd64 node-es6-error all 4.1.1-5 [6148 B]
#10 35.62 Get:199 https://snapshot.debian.org/archive/debian/20260914T000000Z trixie/main amd64 node-esprima all 4.0.1+ds+~4.0.3-2 [69.3 kB]
#10 35.69 Get:200 https://snapshot.debian.org/archive/debian/20260914T000000Z trixie/main amd64 node-escodegen all 2.1.0+dfsg+~0.0.8-1 [23.0 kB]
#10 35.73 Get:201 https://snapshot.debian.org/archive/debian/20260914T000000Z trixie/main amd64 node-commondir all 1.0.1+~1.0.0-1 [4388 B]
#10 35.77 Get:202 https://snapshot.debian.org/archive/debian/20260914T000000Z trixie/main amd64 node-is-number all 7.0.0-4 [6020 B]
#10 35.83 Get:203 https://snapshot.debian.org/archive/debian/20260914T000000Z trixie/main amd64 node-repeat-string all 1.6.1+repack-1 [5600 B]
#10 35.90 Get:204 https://snapshot.debian.org/archive/debian/20260914T000000Z trixie/main amd64 node-to-regex-range all 5.0.1-4 [10.5 kB]
#10 35.91 Get:205 https://snapshot.debian.org/archive/debian/20260914T000000Z trixie/main amd64 node-fill-range all 7.1.1+~7.0.3-1 [8768 B]
#10 35.93 Get:206 https://snapshot.debian.org/archive/debian/20260914T000000Z trixie/main amd64 node-braces all 3.0.3+~3.0.5-1 [20.6 kB]
#10 35.99 Get:207 https://snapshot.debian.org/archive/debian/20260914T000000Z trixie/main amd64 node-normalize-path all 3.0.0+~3.0.0-1 [6608 B]
#10 36.02 Get:208 https://snapshot.debian.org/archive/debian/20260914T000000Z trixie/main amd64 node-anymatch all 3.1.3+~cs4.6.1-2 [33.4 kB]
#10 36.05 Get:209 https://snapshot.debian.org/archive/debian/20260914T000000Z trixie/main amd64 node-micromatch all 4.0.7+~4.0.9-1 [26.0 kB]
#10 36.08 Get:210 https://snapshot.debian.org/archive/debian/20260914T000000Z trixie/main amd64 node-pify all 5.0.0+~cs5.0.1-1 [7072 B]
#10 36.10 Get:211 https://snapshot.debian.org/archive/debian/20260914T000000Z trixie/main amd64 node-path-type all 4.0.0-3 [3944 B]
#10 36.13 Get:212 https://snapshot.debian.org/archive/debian/20260914T000000Z trixie/main amd64 node-n3 all 1.16.3+~1.2.3+~1.10.4-1 [37.0 kB]
#10 36.18 Get:213 https://snapshot.debian.org/archive/debian/20260914T000000Z trixie/main amd64 node-slash all 4.0.0-3 [4292 B]
#10 36.20 Get:214 https://snapshot.debian.org/archive/debian/20260914T000000Z trixie/main amd64 node-globby all 13.1.3+~cs16.25.40-3 [40.5 kB]
#10 36.26 Get:215 https://snapshot.debian.org/archive/debian/20260914T000000Z trixie/main amd64 node-graceful-fs all 4.2.10-1 [14.4 kB]
#10 36.32 Get:216 https://snapshot.debian.org/archive/debian/20260914T000000Z trixie/main amd64 node-is-path-cwd all 2.2.0-2 [3672 B]
#10 36.38 Get:217 https://snapshot.debian.org/archive/debian/20260914T000000Z trixie/main amd64 node-path-is-inside all 1.0.2+~1.0.0-1 [5072 B]
#10 36.39 Get:218 https://snapshot.debian.org/archive/debian/20260914T000000Z trixie/main amd64 node-is-path-inside all 3.0.3-2 [3980 B]
#10 36.42 Get:219 https://snapshot.debian.org/archive/debian/20260914T000000Z trixie/main amd64 node-escape-string-regexp all 4.0.0-2 [4296 B]
#10 36.45 Get:220 https://snapshot.debian.org/archive/debian/20260914T000000Z trixie/main amd64 node-indent-string all 4.0.0-2 [4144 B]
#10 36.45 Get:221 https://snapshot.debian.org/archive/debian/20260914T000000Z trixie/main amd64 node-p-map all 4.0.0+~3.1.0+~3.0.1-2 [7904 B]
#10 36.51 Get:222 https://snapshot.debian.org/archive/debian/20260914T000000Z trixie/main amd64 node-del all 7.1.0-1 [8020 B]
#10 36.53 Get:223 https://snapshot.debian.org/archive/debian/20260914T000000Z trixie/main amd64 node-make-dir all 3.1.0-3 [6040 B]
#10 36.54 Get:224 https://snapshot.debian.org/archive/debian/20260914T000000Z trixie/main amd64 node-p-limit all 4.0.0+~cs4.0.0-5 [7576 B]
#10 36.57 Get:225 https://snapshot.debian.org/archive/debian/20260914T000000Z trixie/main amd64 node-p-locate all 6.0.0-12 [5752 B]
#10 36.59 Get:226 https://snapshot.debian.org/archive/debian/20260914T000000Z trixie/main amd64 node-locate-path all 7.1.1-2 [5584 B]
#10 36.63 Get:227 https://snapshot.debian.org/archive/debian/20260914T000000Z trixie/main amd64 node-path-exists all 5.0.0-8 [4732 B]
#10 36.66 Get:228 https://snapshot.debian.org/archive/debian/20260914T000000Z trixie/main amd64 node-find-up all 6.3.0-7 [9388 B]
#10 36.66 Get:229 https://snapshot.debian.org/archive/debian/20260914T000000Z trixie/main amd64 node-pkg-dir all 5.0.0-2 [4260 B]
#10 36.68 Get:230 https://snapshot.debian.org/archive/debian/20260914T000000Z trixie/main amd64 node-find-cache-dir all 3.3.2+~3.2.1-1 [6152 B]
#10 36.70 Get:231 https://snapshot.debian.org/archive/debian/20260914T000000Z trixie/main amd64 node-signal-exit all 4.1.0-7 [14.4 kB]
#10 36.77 Get:232 https://snapshot.debian.org/archive/debian/20260914T000000Z trixie/main amd64 node-foreground-child all 3.1.1-2 [13.3 kB]
#10 36.80 Get:233 https://snapshot.debian.org/archive/debian/20260914T000000Z trixie/main amd64 node-is-stream all 3.0.0-4 [5076 B]
#10 36.87 Get:234 https://snapshot.debian.org/archive/debian/20260914T000000Z trixie/main amd64 node-is-windows all 1.0.2+~cs1.0.0-1 [5936 B]
#10 36.89 Get:235 https://snapshot.debian.org/archive/debian/20260914T000000Z trixie/main amd64 node-ampproject-remapping all 2.2.0+~cs5.15.37-1 [59.4 kB]
#10 36.92 Get:236 https://snapshot.debian.org/archive/debian/20260914T000000Z trixie/main amd64 node-sprintf-js all 1.1.2+ds1+~1.1.2-1 [4024 B]
#10 36.98 Get:237 https://snapshot.debian.org/archive/debian/20260914T000000Z trixie/main amd64 node-argparse all 2.0.1-2 [34.6 kB]
#10 37.05 Get:238 https://snapshot.debian.org/archive/debian/20260914T000000Z trixie/main amd64 node-js-yaml all 4.1.0+dfsg+~4.0.5-7 [66.6 kB]
#10 37.12 Get:239 https://snapshot.debian.org/archive/debian/20260914T000000Z trixie/main amd64 node-nopt all 5.0.0-4 [12.1 kB]
#10 37.16 Get:240 https://snapshot.debian.org/archive/debian/20260914T000000Z trixie/main amd64 node-npm-run-path all 5.1.0+~4.0.0-8 [6276 B]
#10 37.16 Get:241 https://snapshot.debian.org/archive/debian/20260914T000000Z trixie/main amd64 node-shebang-regex all 3.0.0-2 [3528 B]
#10 37.22 Get:242 https://snapshot.debian.org/archive/debian/20260914T000000Z trixie/main amd64 node-shebang-command all 2.0.0-1 [3500 B]
#10 37.26 Get:243 https://snapshot.debian.org/archive/debian/20260914T000000Z trixie/main amd64 node-strip-bom all 4.0.0-2 [4144 B]
#10 37.27 Get:244 https://snapshot.debian.org/archive/debian/20260914T000000Z trixie/main amd64 node-has-flag all 5.0.1-1 [4404 B]
#10 37.27 Get:245 https://snapshot.debian.org/archive/debian/20260914T000000Z trixie/main amd64 node-supports-color all 8.1.1+~8.1.1-1 [6920 B]
#10 37.31 Get:246 https://snapshot.debian.org/archive/debian/20260914T000000Z trixie/main amd64 node-util all 0.12.5+~1.0.10-1 [5700 B]
#10 37.32 Get:247 https://snapshot.debian.org/archive/debian/20260914T000000Z trixie/main amd64 node-assert all 2.0.0+~cs3.9.8-2 [26.8 kB]
#10 37.37 Get:248 https://snapshot.debian.org/archive/debian/20260914T000000Z trixie/main amd64 node-babel-plugin-add-module-exports all 1.0.4+dfsg1~cs5.8.0-4 [8672 B]
#10 37.41 Get:249 https://snapshot.debian.org/archive/debian/20260914T000000Z trixie/main amd64 node-regenerator-runtime all 0.15.2+~0.10.8-1 [10.7 kB]
#10 37.43 Get:250 https://snapshot.debian.org/archive/debian/20260914T000000Z trixie/main amd64 node-babel7-runtime all 7.20.15+ds1+~cs214.269.168-8 [116 kB]
#10 37.46 Get:251 https://snapshot.debian.org/archive/debian/20260914T000000Z trixie/main amd64 node-babel-helper-define-polyfill-provider all 0.3.3~0~20220913+ds1-1 [27.4 kB]
#10 37.48 Get:252 https://snapshot.debian.org/archive/debian/20260914T000000Z trixie/main amd64 node-babel-plugin-polyfill-corejs2 all 0.3.3~0~20220913+ds1-1 [17.1 kB]
#10 37.49 Get:253 https://snapshot.debian.org/archive/debian/20260914T000000Z trixie/main amd64 node-caniuse-lite all 1.0.30001723+dfsg+~1.0.5-1 [255 kB]
#10 37.54 Get:254 https://snapshot.debian.org/archive/debian/20260914T000000Z trixie/main amd64 node-electron-to-chromium all 1.5.166-1 [20.9 kB]
#10 37.60 Get:255 https://snapshot.debian.org/archive/debian/20260914T000000Z trixie/main amd64 node-picocolors all 1.0.0-4 [6652 B]
#10 37.63 Get:256 https://snapshot.debian.org/archive/debian/20260914T000000Z trixie/main amd64 node-browserslist all 4.25.0+~cs6.3.22-1 [72.3 kB]
#10 37.69 Get:257 https://snapshot.debian.org/archive/debian/20260914T000000Z trixie/main amd64 node-core-js-compat all 3.33.2-1 [78.5 kB]
#10 37.76 Get:258 https://snapshot.debian.org/archive/debian/20260914T000000Z trixie/main amd64 node-babel-plugin-polyfill-corejs3 all 0.6.0~0~20220913+ds1-1 [29.5 kB]
#10 37.80 Get:259 https://snapshot.debian.org/archive/debian/20260914T000000Z trixie/main amd64 node-babel-plugin-polyfill-regenerator all 0.4.1~0~20220913+ds1-1 [5036 B]
#10 37.82 Get:260 https://snapshot.debian.org/archive/debian/20260914T000000Z trixie/main amd64 node-color-name all 1.1.4+~1.1.1-2 [5920 B]
#10 37.83 Get:261 https://snapshot.debian.org/archive/debian/20260914T000000Z trixie/main amd64 node-color-convert all 2.0.1+~cs2.0.0-2 [13.1 kB]
#10 37.85 Get:262 https://snapshot.debian.org/archive/debian/20260914T000000Z trixie/main amd64 node-ansi-styles all 6.2.1-3 [8716 B]
#10 37.88 Get:263 https://snapshot.debian.org/archive/debian/20260914T000000Z trixie/main amd64 node-chalk all 5.3.0-1 [18.2 kB]
#10 37.90 Get:264 https://snapshot.debian.org/archive/debian/20260914T000000Z trixie/main amd64 node-for-in all 1.0.2-4 [4840 B]
#10 37.91 Get:265 https://snapshot.debian.org/archive/debian/20260914T000000Z trixie/main amd64 node-for-own all 1.0.0-3 [4800 B]
#10 37.93 Get:266 https://snapshot.debian.org/archive/debian/20260914T000000Z trixie/main amd64 node-is-plain-object all 5.0.0-7 [6108 B]
#10 37.95 Get:267 https://snapshot.debian.org/archive/debian/20260914T000000Z trixie/main amd64 node-is-extendable all 1.0.1-3 [5228 B]
#10 37.98 Get:268 https://snapshot.debian.org/archive/debian/20260914T000000Z trixie/main amd64 node-clone-deep all 4.0.1+~cs7.0.2-1 [6720 B]
#10 38.01 Get:269 https://snapshot.debian.org/archive/debian/20260914T000000Z trixie/main amd64 node-commander all 9.4.1-1 [65.3 kB]
#10 38.03 Get:270 https://snapshot.debian.org/archive/debian/20260914T000000Z trixie/main amd64 node-core-js all 3.33.2-1 [301 kB]
#10 38.07 Get:271 https://snapshot.debian.org/archive/debian/20260914T000000Z trixie/main amd64 node-core-js-pure all 3.33.2-1 [282 kB]
#10 38.11 Get:272 https://snapshot.debian.org/archive/debian/20260914T000000Z trixie/main amd64 node-fs-readdir-recursive all 1.1.0+~1.1.0-1 [4540 B]
#10 38.13 Get:273 https://snapshot.debian.org/archive/debian/20260914T000000Z trixie/main amd64 node-js-tokens all 8.0.0-2 [14.9 kB]
#10 38.13 Get:274 https://snapshot.debian.org/archive/debian/20260914T000000Z trixie/main amd64 node-jsesc all 3.0.2+~3.0.1-1 [17.6 kB]
#10 38.17 Get:275 https://snapshot.debian.org/archive/debian/20260914T000000Z trixie/main amd64 node-json5 all 2.2.3+dfsg-1 [25.6 kB]
#10 38.21 Get:276 https://snapshot.debian.org/archive/debian/20260914T000000Z trixie/main amd64 node-quick-lru all 6.1.1-4 [8076 B]
#10 38.23 Get:277 https://snapshot.debian.org/archive/debian/20260914T000000Z trixie/main amd64 node-regenerator-transform all 0.15.2+~0.10.8-1 [24.9 kB]
#10 38.27 Get:278 https://snapshot.debian.org/archive/debian/20260914T000000Z trixie/main amd64 node-regjsgen all 0.7.1+ds-1 [6968 B]
#10 38.31 Get:279 https://snapshot.debian.org/archive/debian/20260914T000000Z trixie/main amd64 node-regjsparser all 0.9.1+ds-2 [22.1 kB]
#10 38.31 Get:280 https://snapshot.debian.org/archive/debian/20260914T000000Z trixie/main amd64 node-unicode-canonical-property-names-ecmascript all 2.0.0-2 [4540 B]
#10 38.33 Get:281 https://snapshot.debian.org/archive/debian/20260914T000000Z trixie/main amd64 node-unicode-property-aliases-ecmascript all 2.1.0+ds-1 [5256 B]
#10 38.34 Get:282 https://snapshot.debian.org/archive/debian/20260914T000000Z trixie/main amd64 node-unicode-match-property-ecmascript all 2.0.0-2 [4440 B]
#10 38.37 Get:283 https://snapshot.debian.org/archive/debian/20260914T000000Z trixie/main amd64 node-unicode-match-property-value-ecmascript all 2.1.0+ds-1 [7272 B]
#10 38.40 Get:284 https://snapshot.debian.org/archive/debian/20260914T000000Z trixie/main amd64 node-regexpu-core all 5.2.2-3 [13.9 kB]
#10 38.44 Get:285 https://snapshot.debian.org/archive/debian/20260914T000000Z trixie/main amd64 node-source-map-support all 0.5.21+ds+~0.5.10-1 [15.3 kB]
#10 38.46 Get:286 https://snapshot.debian.org/archive/debian/20260914T000000Z trixie/main amd64 node-to-fast-properties all 3.0.1-3 [4332 B]
#10 38.48 Get:287 https://snapshot.debian.org/archive/debian/20260914T000000Z trixie/main amd64 node-v8flags all 3.2.0+~3.1.1-1 [7612 B]
#10 38.52 Get:288 https://snapshot.debian.org/archive/debian/20260914T000000Z trixie/main amd64 node-babel7 all 7.20.15+ds1+~cs214.269.168-8 [709 kB]
#10 38.58 Get:289 https://snapshot.debian.org/archive/debian/20260914T000000Z trixie/main amd64 node-is-arrayish all 0.3.2-3 [3960 B]
#10 38.58 Get:290 https://snapshot.debian.org/archive/debian/20260914T000000Z trixie/main amd64 node-error-ex all 1.3.2-4 [5656 B]
#10 38.60 Get:291 https://snapshot.debian.org/archive/debian/20260914T000000Z trixie/main amd64 node-json-parse-better-errors all 1.0.2+~cs3.3.1-3 [7724 B]
#10 38.63 Get:292 https://snapshot.debian.org/archive/debian/20260914T000000Z trixie/main amd64 node-parse-json all 5.2.0+~cs5.1.7-2 [7304 B]
#10 38.65 Get:293 https://snapshot.debian.org/archive/debian/20260914T000000Z trixie/main amd64 node-hosted-git-info all 6.1.1-2 [12.6 kB]
#10 38.67 Get:294 https://snapshot.debian.org/archive/debian/20260914T000000Z trixie/main amd64 node-spdx-license-ids all 3.0.12-1 [6276 B]
#10 38.70 Get:295 https://snapshot.debian.org/archive/debian/20260914T000000Z trixie/main amd64 node-spdx-exceptions all 2.3.0-2 [3992 B]
#10 38.70 Get:296 https://snapshot.debian.org/archive/debian/20260914T000000Z trixie/main amd64 node-spdx-expression-parse all 3.0.1+~3.0.1-1 [7532 B]
#10 38.70 Get:297 https://snapshot.debian.org/archive/debian/20260914T000000Z trixie/main amd64 node-spdx-correct all 3.1.1-2 [5464 B]
#10 38.74 Get:298 https://snapshot.debian.org/archive/debian/20260914T000000Z trixie/main amd64 node-validate-npm-package-license all 3.0.4-2 [4280 B]
#10 38.77 Get:299 https://snapshot.debian.org/archive/debian/20260914T000000Z trixie/main amd64 node-normalize-package-data all 4.0.1+~2.4.1-1 [13.6 kB]
#10 38.83 Get:300 https://snapshot.debian.org/archive/debian/20260914T000000Z trixie/main amd64 node-read-pkg all 5.2.0-2 [24.0 kB]
#10 38.84 Get:301 https://snapshot.debian.org/archive/debian/20260914T000000Z trixie/main amd64 node-uuid all 8.3.2+~8.3.4-1 [44.5 kB]
#10 38.91 Get:302 https://snapshot.debian.org/archive/debian/20260914T000000Z trixie/main amd64 node-isexe all 2.0.0+~2.0.1-5 [6084 B]
#10 38.95 Get:303 https://snapshot.debian.org/archive/debian/20260914T000000Z trixie/main amd64 node-which all 2.0.2+~cs1.3.2-3 [8368 B]
#10 38.96 Get:304 https://snapshot.debian.org/archive/debian/20260914T000000Z trixie/main amd64 node-is-typedarray all 1.0.0-4 [3292 B]
#10 38.97 Get:305 https://snapshot.debian.org/archive/debian/20260914T000000Z trixie/main amd64 node-typedarray-to-buffer all 4.0.0-2 [3380 B]
#10 39.02 Get:306 https://snapshot.debian.org/archive/debian/20260914T000000Z trixie/main amd64 node-write-file-atomic all 4.0.2+~4.0.0-2 [9308 B]
#10 39.06 Get:307 https://snapshot.debian.org/archive/debian/20260914T000000Z trixie/main amd64 node-slice-ansi all 5.0.0+~cs9.0.0-5 [8788 B]
#10 39.08 Get:308 https://snapshot.debian.org/archive/debian/20260914T000000Z trixie/main amd64 node-ansi-regex all 5.0.1-1 [4912 B]
#10 39.11 Get:309 https://snapshot.debian.org/archive/debian/20260914T000000Z trixie/main amd64 node-strip-ansi all 6.0.1-2 [4120 B]
#10 39.13 Get:310 https://snapshot.debian.org/archive/debian/20260914T000000Z trixie/main amd64 node-clone all 2.1.2+~2.1.2-1 [9140 B]
#10 39.15 Get:311 https://snapshot.debian.org/archive/debian/20260914T000000Z trixie/main amd64 node-defaults all 1.0.4+~1.0.3-1 [4400 B]
#10 39.16 Get:312 https://snapshot.debian.org/archive/debian/20260914T000000Z trixie/main amd64 node-wcwidth.js all 1.0.2-2 [7088 B]
#10 39.19 Get:313 https://snapshot.debian.org/archive/debian/20260914T000000Z trixie/main amd64 node-string-width all 4.2.3+~cs13.2.3-1 [10.7 kB]
#10 39.22 Get:314 https://snapshot.debian.org/archive/debian/20260914T000000Z trixie/main amd64 node-wrap-ansi all 8.0.1+~8.0.1-3 [11.8 kB]
#10 39.25 Get:315 https://snapshot.debian.org/archive/debian/20260914T000000Z trixie/main amd64 node-cliui all 7.0.4+repack+1+~cs1.4.2-2 [21.6 kB]
#10 39.26 Get:316 https://snapshot.debian.org/archive/debian/20260914T000000Z trixie/main amd64 node-get-caller-file all 2.0.5+~cs1.1.1-4 [5728 B]
#10 39.28 Get:317 https://snapshot.debian.org/archive/debian/20260914T000000Z trixie/main amd64 node-require-directory all 2.1.1+~2.1.2-1 [7092 B]
#10 39.30 Get:318 https://snapshot.debian.org/archive/debian/20260914T000000Z trixie/main amd64 node-y18n all 5.0.8+~5.0.0-3 [10.2 kB]
#10 39.32 Get:319 https://snapshot.debian.org/archive/debian/20260914T000000Z trixie/main amd64 node-camelcase all 7.0.0-3 [6032 B]
#10 39.36 Get:320 https://snapshot.debian.org/archive/debian/20260914T000000Z trixie/main amd64 node-yargs-parser all 21.1.1+~21.0.0-4 [28.4 kB]
#10 39.39 Get:321 https://snapshot.debian.org/archive/debian/20260914T000000Z trixie/main amd64 node-yargs all 16.2.0+~16.0.4-7 [128 kB]
#10 39.43 Get:322 https://snapshot.debian.org/archive/debian/20260914T000000Z trixie/main amd64 node-istanbul all 0.4.5+repack10+~cs98.25.59-3 [211 kB]
#10 39.49 Get:323 https://snapshot.debian.org/archive/debian/20260914T000000Z trixie/main amd64 node-through all 2.3.8+~cs0.0.30-1 [5452 B]
#10 39.51 Get:324 https://snapshot.debian.org/archive/debian/20260914T000000Z trixie/main amd64 node-resumer all 0.0.0-6 [4144 B]
#10 39.53 Get:325 https://snapshot.debian.org/archive/debian/20260914T000000Z trixie/main amd64 node-tape all 5.6.1+~cs8.20.19-3 [71.0 kB]
#10 39.54 Get:326 https://snapshot.debian.org/archive/debian/20260914T000000Z trixie/main amd64 node-deep-equal all 2.2.3+~cs43.15.94-1 [131 kB]
#10 39.56 Get:327 https://snapshot.debian.org/archive/debian/20260914T000000Z trixie/main amd64 libjs-util all 0.12.5+~1.0.10-1 [16.0 kB]
#10 39.57 Get:328 https://snapshot.debian.org/archive/debian/20260914T000000Z trixie/main amd64 libjsoncpp-dev amd64 1.9.6-3 [25.0 kB]
#10 39.59 Get:329 https://snapshot.debian.org/archive/debian/20260914T000000Z trixie/main amd64 libmbedcrypto16 amd64 3.6.6-0.1~deb13u1 [365 kB]
#10 39.62 Get:330 https://snapshot.debian.org/archive/debian/20260914T000000Z trixie/main amd64 libmbedx509-7 amd64 3.6.6-0.1~deb13u1 [155 kB]
#10 39.68 Get:331 https://snapshot.debian.org/archive/debian/20260914T000000Z trixie/main amd64 libmbedtls21 amd64 3.6.6-0.1~deb13u1 [246 kB]
#10 39.87 Get:332 https://snapshot.debian.org/archive/debian/20260914T000000Z trixie/main amd64 libmbedtls-dev amd64 3.6.6-0.1~deb13u1 [844 kB]
#10 39.94 Get:333 https://snapshot.debian.org/archive/debian/20260914T000000Z trixie/main amd64 libmnl0 amd64 1.0.5-3 [11.9 kB]
#10 39.95 Get:334 https://snapshot.debian.org/archive/debian/20260914T000000Z trixie/main amd64 libncurses6 amd64 6.5+20250216-2 [105 kB]
#10 40.00 Get:335 https://snapshot.debian.org/archive/debian/20260914T000000Z trixie/main amd64 libncurses-dev amd64 6.5+20250216-2 [353 kB]
#10 40.02 Get:336 https://snapshot.debian.org/archive/debian/20260914T000000Z trixie/main amd64 libnfnetlink0 amd64 1.0.2-3 [14.4 kB]
#10 40.03 Get:337 https://snapshot.debian.org/archive/debian/20260914T000000Z trixie/main amd64 libnetfilter-queue1 amd64 1.0.5-4+b1 [14.7 kB]
#10 40.07 Get:338 https://snapshot.debian.org/archive/debian/20260914T000000Z trixie/main amd64 libnfnetlink-dev amd64 1.0.2-3 [7940 B]
#10 40.08 Get:339 https://snapshot.debian.org/archive/debian/20260914T000000Z trixie/main amd64 pkg-config amd64 1.8.1-4 [14.0 kB]
#10 40.12 Get:340 https://snapshot.debian.org/archive/debian/20260914T000000Z trixie/main amd64 libnetfilter-queue-dev amd64 1.0.5-4+b1 [18.2 kB]
#10 40.15 Get:341 https://snapshot.debian.org/archive/debian/20260914T000000Z trixie/main amd64 libssl-dev amd64 3.5.7-1~deb13u2 [2965 kB]
#10 40.40 Get:342 https://snapshot.debian.org/archive/debian/20260914T000000Z trixie/main amd64 libuv1-dev amd64 1.50.0-2 [189 kB]
#10 40.42 Get:343 https://snapshot.debian.org/archive/debian/20260914T000000Z trixie/main amd64 libnode-dev amd64 20.19.2+dfsg-1+deb13u2 [537 kB]
#10 40.46 Get:344 https://snapshot.debian.org/archive/debian/20260914T000000Z trixie/main amd64 zlib1g-dev amd64 1:1.3.dfsg+really1.3.1-1+b1 [920 kB]
#10 40.52 Get:345 https://snapshot.debian.org/archive/debian/20260914T000000Z trixie/main amd64 libprotobuf32t64 amd64 3.21.12-11+deb13u1 [981 kB]
#10 40.62 Get:346 https://snapshot.debian.org/archive/debian/20260914T000000Z trixie/main amd64 libprotobuf-lite32t64 amd64 3.21.12-11+deb13u1 [275 kB]
#10 40.66 Get:347 https://snapshot.debian.org/archive/debian/20260914T000000Z trixie/main amd64 libprotobuf-dev amd64 3.21.12-11+deb13u1 [1329 kB]
#10 40.79 Get:348 https://snapshot.debian.org/archive/debian/20260914T000000Z trixie/main amd64 libprotoc32t64 amd64 3.21.12-11+deb13u1 [922 kB]
#10 40.87 Get:349 https://snapshot.debian.org/archive/debian/20260914T000000Z trixie/main amd64 libreadline-dev amd64 8.2-6 [153 kB]
#10 40.88 Get:350 https://snapshot.debian.org/archive/debian/20260914T000000Z trixie/main amd64 node-agent-base all 7.1.1~0~2024040606-6+deb13u1 [11.6 kB]
#10 40.90 Get:351 https://snapshot.debian.org/archive/debian/20260914T000000Z trixie/main amd64 node-ajv-keywords all 5.1.0-4 [32.3 kB]
#10 40.91 Get:352 https://snapshot.debian.org/archive/debian/20260914T000000Z trixie/main amd64 node-ansi-escapes all 5.0.0+really.4.3.1-1 [8896 B]
#10 40.95 Get:353 https://snapshot.debian.org/archive/debian/20260914T000000Z trixie/main amd64 node-aproba all 2.0.0-3 [5844 B]
#10 40.95 Get:354 https://snapshot.debian.org/archive/debian/20260914T000000Z trixie/main amd64 node-delegates all 1.0.0-3 [4528 B]
#10 40.97 Get:355 https://snapshot.debian.org/archive/debian/20260914T000000Z trixie/main amd64 node-are-we-there-yet all 3.0.1+~1.1.0-1 [10.0 kB]
#10 41.01 Get:356 https://snapshot.debian.org/archive/debian/20260914T000000Z trixie/main amd64 node-async-each all 1.0.3-3 [4292 B]
#10 41.04 Get:357 https://snapshot.debian.org/archive/debian/20260914T000000Z trixie/main amd64 node-babel-plugin-lodash all 3.3.4+~cs2.0.1-7 [11.0 kB]
#10 41.07 Get:358 https://snapshot.debian.org/archive/debian/20260914T000000Z trixie/main amd64 node-base64-js all 1.5.1+dfsg+~1.3.0-2 [7140 B]
#10 41.07 Get:359 https://snapshot.debian.org/archive/debian/20260914T000000Z trixie/main amd64 node-binary-extensions all 2.2.0-2 [4408 B]
#10 41.09 Get:360 https://snapshot.debian.org/archive/debian/20260914T000000Z trixie/main amd64 node-builtins all 5.0.1-1 [4072 B]
#10 41.10 Get:361 https://snapshot.debian.org/archive/debian/20260914T000000Z trixie/main amd64 node-chownr all 2.0.0-3 [4312 B]
#10 41.17 Get:362 https://snapshot.debian.org/archive/debian/20260914T000000Z trixie/main amd64 node-iconv-lite all 0.6.3-3 [115 kB]
#10 41.18 Get:363 https://snapshot.debian.org/archive/debian/20260914T000000Z trixie/main amd64 node-encoding all 0.1.13-2 [4400 B]
#10 41.18 Get:364 https://snapshot.debian.org/archive/debian/20260914T000000Z trixie/main amd64 node-jsonparse all 1.3.1-10 [8020 B]
#10 41.18 Get:365 https://snapshot.debian.org/archive/debian/20260914T000000Z trixie/main amd64 node-yallist all 4.0.0+~4.0.1-1 [8172 B]
#10 41.21 Get:366 https://snapshot.debian.org/archive/debian/20260914T000000Z trixie/main amd64 node-minipass all 5.0.0+~cs10.3.21-3 [46.9 kB]
#10 41.23 Get:367 https://snapshot.debian.org/archive/debian/20260914T000000Z trixie/main amd64 node-iferr all 1.0.2+~1.0.2-1 [4588 B]
#10 41.24 Get:368 https://snapshot.debian.org/archive/debian/20260914T000000Z trixie/main amd64 node-fs-write-stream-atomic all 1.0.10-6 [5316 B]
#10 41.26 Get:369 https://snapshot.debian.org/archive/debian/20260914T000000Z trixie/main amd64 node-run-queue all 2.0.0-3 [5156 B]
#10 41.27 Get:370 https://snapshot.debian.org/archive/debian/20260914T000000Z trixie/main amd64 node-copy-concurrently all 1.0.5-9 [7100 B]
#10 41.31 Get:371 https://snapshot.debian.org/archive/debian/20260914T000000Z trixie/main amd64 node-move-concurrently all 1.0.1-5 [5152 B]
#10 41.32 Get:372 https://snapshot.debian.org/archive/debian/20260914T000000Z trixie/main amd64 node-promise-inflight all 1.0.1+~1.0.0-1 [4864 B]
#10 41.33 Get:373 https://snapshot.debian.org/archive/debian/20260914T000000Z trixie/main amd64 node-ssri all 9.0.1-3 [18.1 kB]
#10 41.34 Get:374 https://snapshot.debian.org/archive/debian/20260914T000000Z trixie/main amd64 node-unique-filename all 1.1.1+ds-2 [4032 B]
#10 41.35 Get:375 https://snapshot.debian.org/archive/debian/20260914T000000Z trixie/main amd64 node-cacache all 17.0.3+~cs10.3.7-2 [45.2 kB]
#10 41.36 Get:376 https://snapshot.debian.org/archive/debian/20260914T000000Z trixie/main amd64 node-is-binary-path all 2.1.0-5 [3684 B]
#10 41.38 Get:377 https://snapshot.debian.org/archive/debian/20260914T000000Z trixie/main amd64 node-path-is-absolute all 2.0.0-2 [4068 B]
#10 41.42 Get:378 https://snapshot.debian.org/archive/debian/20260914T000000Z trixie/main amd64 node-set-immediate-shim all 2.0.0-2 [3740 B]
#10 41.45 Get:379 https://snapshot.debian.org/archive/debian/20260914T000000Z trixie/main amd64 node-readdirp all 3.6.0-1 [11.5 kB]
#10 41.45 Get:380 https://snapshot.debian.org/archive/debian/20260914T000000Z trixie/main amd64 node-chokidar all 3.6.0-3 [32.4 kB]
#10 41.49 Get:381 https://snapshot.debian.org/archive/debian/20260914T000000Z trixie/main amd64 node-tslib all 2.4.1-1 [19.5 kB]
#10 41.50 Get:382 https://snapshot.debian.org/archive/debian/20260914T000000Z trixie/main amd64 node-chrome-trace-event all 1.0.3-2 [6984 B]
#10 41.52 Get:383 https://snapshot.debian.org/archive/debian/20260914T000000Z trixie/main amd64 node-ci-info all 4.0.0+~cs1.1.0-1 [12.5 kB]
#10 41.54 Get:384 https://snapshot.debian.org/archive/debian/20260914T000000Z trixie/main amd64 node-colors all 1.4.0-4 [11.9 kB]
#10 41.57 Get:385 https://snapshot.debian.org/archive/debian/20260914T000000Z trixie/main amd64 node-cli-table all 0.3.11+~cs0.13.4-3 [23.6 kB]
#10 41.61 Get:386 https://snapshot.debian.org/archive/debian/20260914T000000Z trixie/main amd64 node-columnify all 1.6.0+~1.5.1-1 [12.4 kB]
#10 41.61 Get:387 https://snapshot.debian.org/archive/debian/20260914T000000Z trixie/main amd64 node-console-control-strings all 1.1.0-3 [5564 B]
#10 41.62 Get:388 https://snapshot.debian.org/archive/debian/20260914T000000Z trixie/main amd64 node-css-selector-tokenizer all 0.8.0+~cs4.8.3-1 [13.0 kB]
#10 41.64 Get:389 https://snapshot.debian.org/archive/debian/20260914T000000Z trixie/main amd64 node-postcss all 8.4.49+~cs9.2.32-1 [189 kB]
#10 41.72 Get:390 https://snapshot.debian.org/archive/debian/20260914T000000Z trixie/main amd64 node-icss-utils all 5.1.0+~5.1.0-1 [7564 B]
#10 41.72 Get:391 https://snapshot.debian.org/archive/debian/20260914T000000Z trixie/main amd64 node-postcss-modules-extract-imports all 3.0.0-2 [6584 B]
#10 41.73 Get:392 https://snapshot.debian.org/archive/debian/20260914T000000Z trixie/main amd64 node-postcss-modules-values all 4.0.0+~4.0.0-1 [7180 B]
#10 41.76 Get:393 https://snapshot.debian.org/archive/debian/20260914T000000Z trixie/main amd64 node-postcss-value-parser all 4.2.0-1 [10.4 kB]
#10 41.77 Get:394 https://snapshot.debian.org/archive/debian/20260914T000000Z trixie/main amd64 node-prr all 1.0.1-3 [4352 B]
#10 41.79 Get:395 https://snapshot.debian.org/archive/debian/20260914T000000Z trixie/main amd64 node-errno all 1.0.0-3 [7736 B]
#10 41.82 Get:396 https://snapshot.debian.org/archive/debian/20260914T000000Z trixie/main amd64 node-memory-fs all 0.5.0+~0.3.3-2 [7676 B]
#10 41.85 Get:397 https://snapshot.debian.org/archive/debian/20260914T000000Z trixie/main amd64 node-tapable all 2.2.1-3 [13.5 kB]
#10 41.90 Get:398 https://snapshot.debian.org/archive/debian/20260914T000000Z trixie/main amd64 node-enhanced-resolve all 5.15.0-1 [36.4 kB]
#10 41.94 Get:399 https://snapshot.debian.org/archive/debian/20260914T000000Z trixie/main amd64 node-es-module-lexer all 1.1.0+dfsg-3 [19.8 kB]
#10 41.95 Get:400 https://snapshot.debian.org/archive/debian/20260914T000000Z trixie/main amd64 node-events all 3.3.0+~3.0.0-3 [5888 B]
#10 41.97 Get:401 https://snapshot.debian.org/archive/debian/20260914T000000Z trixie/main amd64 node-resolve-cwd all 3.0.0-2 [4212 B]
#10 41.98 Get:402 https://snapshot.debian.org/archive/debian/20260914T000000Z trixie/main amd64 node-jest-debbundle all 29.6.2~ds1+~cs73.45.28-5 [135 kB]
#10 42.05 Get:403 https://snapshot.debian.org/archive/debian/20260914T000000Z trixie/main amd64 node-interpret all 2.2.0-3 [7660 B]
#10 42.06 Get:404 https://snapshot.debian.org/archive/debian/20260914T000000Z trixie/main amd64 node-merge-stream all 2.0.0+~1.1.2-2 [5124 B]
#10 42.08 Get:405 https://snapshot.debian.org/archive/debian/20260914T000000Z trixie/main amd64 node-jest-worker all 29.6.2~ds1+~cs73.45.28-5 [116 kB]
#10 42.10 Get:406 https://snapshot.debian.org/archive/debian/20260914T000000Z trixie/main amd64 node-loader-runner all 4.3.0-1 [7644 B]
#10 42.12 Get:407 https://snapshot.debian.org/archive/debian/20260914T000000Z trixie/main amd64 node-mime all 3.0.0+dfsg+~cs6.97.2-2 [40.3 kB]
#10 42.15 Get:408 https://snapshot.debian.org/archive/debian/20260914T000000Z trixie/main amd64 node-mime-types all 2.1.35-2 [8752 B]
#10 42.17 Get:409 https://snapshot.debian.org/archive/debian/20260914T000000Z trixie/main amd64 node-rechoir all 0.8.0+~0.6.1-2 [6628 B]
#10 42.21 Get:410 https://snapshot.debian.org/archive/debian/20260914T000000Z trixie/main amd64 node-schema-utils all 4.2.0~ds-3 [22.0 kB]
#10 42.23 Get:411 https://snapshot.debian.org/archive/debian/20260914T000000Z trixie/main amd64 node-randombytes all 2.1.0+~2.0.0-2 [4852 B]
#10 42.25 Get:412 https://snapshot.debian.org/archive/debian/20260914T000000Z trixie/main amd64 node-serialize-javascript all 6.0.2-1 [13.0 kB]
#10 42.26 Get:413 https://snapshot.debian.org/archive/debian/20260914T000000Z trixie/main amd64 node-watchpack all 2.4.0+~cs2.8.1-1 [20.2 kB]
#10 42.28 Get:414 https://snapshot.debian.org/archive/debian/20260914T000000Z trixie/main amd64 node-webassemblyjs all 1.11.4+dfsg+~cs10.11.17-2 [139 kB]
#10 42.30 Get:415 https://snapshot.debian.org/archive/debian/20260914T000000Z trixie/main amd64 node-source-list-map all 2.0.1+dfsg+~0.1.2-1 [10.1 kB]
#10 42.34 Get:416 https://snapshot.debian.org/archive/debian/20260914T000000Z trixie/main amd64 node-webpack-sources all 3.2.3+~3.2.0-2 [23.2 kB]
#10 42.37 Get:417 https://snapshot.debian.org/archive/debian/20260914T000000Z trixie/main amd64 node-terser all 5.38.0-1 [220 kB]
#10 42.44 Get:418 https://snapshot.debian.org/archive/debian/20260914T000000Z trixie/main amd64 terser all 5.38.0-1 [19.4 kB]
#10 42.46 Get:419 https://snapshot.debian.org/archive/debian/20260914T000000Z trixie/main amd64 node-get-stream all 8.0.1-11 [11.6 kB]
#10 42.49 Get:420 https://snapshot.debian.org/archive/debian/20260914T000000Z trixie/main amd64 node-mimic-fn all 4.0.0-5 [5492 B]
#10 42.52 Get:421 https://snapshot.debian.org/archive/debian/20260914T000000Z trixie/main amd64 node-strip-eof all 3.0.0-5 [4656 B]
#10 42.54 Get:422 https://snapshot.debian.org/archive/debian/20260914T000000Z trixie/main amd64 node-execa all 8.0.1+dfsg1+~cs12.0.0-1 [43.9 kB]
#10 42.62 Get:423 https://snapshot.debian.org/archive/debian/20260914T000000Z trixie/main amd64 node-envinfo all 7.11.0+~cs14.3.0-3 [32.6 kB]
#10 42.63 Get:424 https://snapshot.debian.org/archive/debian/20260914T000000Z trixie/main amd64 webpack all 5.97.1+dfsg1+~cs11.18.27-3 [810 kB]
#10 42.69 Get:425 https://snapshot.debian.org/archive/debian/20260914T000000Z trixie/main amd64 node-css-loader all 6.8.1+~cs14.0.17-1 [74.5 kB]
#10 42.74 Get:426 https://snapshot.debian.org/archive/debian/20260914T000000Z trixie/main amd64 node-data-uri-to-buffer all 6.0.2~0~2024040606-6+deb13u1 [9180 B]
#10 42.76 Get:427 https://snapshot.debian.org/archive/debian/20260914T000000Z trixie/main amd64 node-mimic-response all 3.1.0-9 [5424 B]
#10 42.78 Get:428 https://snapshot.debian.org/archive/debian/20260914T000000Z trixie/main amd64 node-decompress-response all 6.0.0-3 [4656 B]
#10 42.80 Get:429 https://snapshot.debian.org/archive/debian/20260914T000000Z trixie/main amd64 node-depd all 2.0.0-2 [11.2 kB]
#10 42.81 Get:430 https://snapshot.debian.org/archive/debian/20260914T000000Z trixie/main amd64 node-diff all 5.0.0~dfsg+~5.0.1-4 [69.7 kB]
#10 42.82 Get:431 https://snapshot.debian.org/archive/debian/20260914T000000Z trixie/main amd64 node-err-code all 2.0.3+dfsg-3 [4884 B]
#10 42.83 Get:432 https://snapshot.debian.org/archive/debian/20260914T000000Z trixie/main amd64 node-time-stamp all 2.2.0-2 [6016 B]
#10 42.84 Get:433 https://snapshot.debian.org/archive/debian/20260914T000000Z trixie/main amd64 node-fancy-log all 1.3.3+~cs1.3.1-2 [7940 B]
#10 42.86 Get:434 https://snapshot.debian.org/archive/debian/20260914T000000Z trixie/main amd64 node-fetch all 3.3.2+~cs11.4.11-3 [213 kB]
#10 42.88 Get:435 https://snapshot.debian.org/archive/debian/20260914T000000Z trixie/main amd64 node-has-unicode all 2.0.1-5 [3992 B]
#10 42.92 Get:436 https://snapshot.debian.org/archive/debian/20260914T000000Z trixie/main amd64 node-wide-align all 1.1.3-4 [4244 B]
#10 42.95 Get:437 https://snapshot.debian.org/archive/debian/20260914T000000Z trixie/main amd64 node-gauge all 4.0.4-2 [19.7 kB]
#10 42.96 Get:438 https://snapshot.debian.org/archive/debian/20260914T000000Z trixie/main amd64 node-lowercase-keys all 2.0.0-2 [3768 B]
#10 43.02 Get:439 https://snapshot.debian.org/archive/debian/20260914T000000Z trixie/main amd64 node-json-buffer all 3.0.1+~3.0.0-1 [4536 B]
#10 43.05 Get:440 https://snapshot.debian.org/archive/debian/20260914T000000Z trixie/main amd64 node-p-cancelable all 2.1.1-1 [7272 B]
#10 43.07 Get:441 https://snapshot.debian.org/archive/debian/20260914T000000Z trixie/main amd64 node-got all 11.8.5+~cs58.13.36-5 [121 kB]
#10 43.13 Get:442 https://snapshot.debian.org/archive/debian/20260914T000000Z trixie/main amd64 node-https-proxy-agent all 7.0.4~0~2024040606-6+deb13u1 [13.7 kB]
#10 43.13 Get:443 https://snapshot.debian.org/archive/debian/20260914T000000Z trixie/main amd64 node-set-blocking all 2.0.0-2 [4248 B]
#10 43.16 Get:444 https://snapshot.debian.org/archive/debian/20260914T000000Z trixie/main amd64 node-npmlog all 7.0.1+~4.1.4-1 [11.4 kB]
#10 43.17 Get:445 https://snapshot.debian.org/archive/debian/20260914T000000Z trixie/main amd64 node-osenv all 0.1.5+~0.1.1-1 [5884 B]
#10 43.21 Get:446 https://snapshot.debian.org/archive/debian/20260914T000000Z trixie/main amd64 node-tar all 6.2.1+~cs7.0.8-1+deb13u1 [52.7 kB]
#10 43.26 Get:447 https://snapshot.debian.org/archive/debian/20260914T000000Z trixie/main amd64 node-gyp all 11.1.0+~5.0.0-1 [67.6 kB]
#10 43.31 Get:448 https://snapshot.debian.org/archive/debian/20260914T000000Z trixie/main amd64 node-http-proxy-agent all 7.0.2~0~2024040606-6+deb13u1 [10.8 kB]
#10 43.33 Get:449 https://snapshot.debian.org/archive/debian/20260914T000000Z trixie/main amd64 node-ieee754 all 1.2.1-3 [5268 B]
#10 43.35 Get:450 https://snapshot.debian.org/archive/debian/20260914T000000Z trixie/main amd64 node-ini all 3.0.1-2 [6928 B]
#10 43.39 Get:451 https://snapshot.debian.org/archive/debian/20260914T000000Z trixie/main amd64 node-ip all 2.0.1+~1.1.3-3 [8616 B]
#10 43.43 Get:452 https://snapshot.debian.org/archive/debian/20260914T000000Z trixie/main amd64 node-ip-regex all 4.3.0+~4.1.1-1 [5188 B]
#10 43.46 Get:453 https://snapshot.debian.org/archive/debian/20260914T000000Z trixie/main amd64 node-mute-stream all 0.0.8+~0.0.1-3 [6232 B]
#10 43.46 Get:454 https://snapshot.debian.org/archive/debian/20260914T000000Z trixie/main amd64 node-negotiator all 0.6.3+~0.6.1-1 [10.8 kB]
#10 43.46 Get:455 https://snapshot.debian.org/archive/debian/20260914T000000Z trixie/main amd64 node-read-package-json all 5.0.2+~2.0.0-2 [11.6 kB]
#10 43.48 Get:456 https://snapshot.debian.org/archive/debian/20260914T000000Z trixie/main amd64 node-npm-bundled all 2.0.1-2 [6408 B]
#10 43.48 Get:457 https://snapshot.debian.org/archive/debian/20260914T000000Z trixie/main amd64 node-validate-npm-package-name all 5.0.0+~4.0.0-1 [7444 B]
#10 43.50 Get:458 https://snapshot.debian.org/archive/debian/20260914T000000Z trixie/main amd64 node-npm-package-arg all 10.0.0+~3.0.0-2 [11.4 kB]
#10 43.52 Get:459 https://snapshot.debian.org/archive/debian/20260914T000000Z trixie/main amd64 node-retry all 0.13.1.+~cs2.19.16-1 [14.2 kB]
#10 43.56 Get:460 https://snapshot.debian.org/archive/debian/20260914T000000Z trixie/main amd64 node-promise-retry all 2.0.1-4 [5016 B]
#10 43.57 Get:461 https://snapshot.debian.org/archive/debian/20260914T000000Z trixie/main amd64 node-read all 1.0.7-5 [5388 B]
#10 43.58 Get:462 https://snapshot.debian.org/archive/debian/20260914T000000Z trixie/main amd64 node-promzard all 0.3.0-2 [6788 B]
#10 43.60 Get:463 https://snapshot.debian.org/archive/debian/20260914T000000Z trixie/main amd64 node-text-table all 0.2.0-4 [4736 B]
#10 43.62 Get:464 https://snapshot.debian.org/archive/debian/20260914T000000Z trixie/main amd64 npm all 9.2.0~ds1-3 [669 kB]
#10 43.73 Get:465 https://snapshot.debian.org/archive/debian/20260914T000000Z trixie/main amd64 openssl amd64 3.5.7-1~deb13u2 [1507 kB]
#10 43.91 Get:466 https://snapshot.debian.org/archive/debian/20260914T000000Z trixie/main amd64 protobuf-compiler amd64 3.21.12-11+deb13u1 [85.0 kB]
#10 49.27 Preconfiguring packages ...
#10 49.31 Fetched 149 MB in 40s (3737 kB/s)
#10 49.34 (Reading database ... 
(Reading database ... 5%
(Reading database ... 10%
(Reading database ... 15%
(Reading database ... 20%
(Reading database ... 25%
(Reading database ... 30%
(Reading database ... 35%
(Reading database ... 40%
(Reading database ... 45%
(Reading database ... 50%
(Reading database ... 55%
(Reading database ... 60%
(Reading database ... 65%
(Reading database ... 70%
(Reading database ... 75%
(Reading database ... 80%
(Reading database ... 85%
(Reading database ... 90%
(Reading database ... 95%
(Reading database ... 100%
(Reading database ... 13748 files and directories currently installed.)
#10 49.38 Preparing to unpack .../libc6_2.41-12+deb13u4_amd64.deb ...
#10 49.47 Unpacking libc6:amd64 (2.41-12+deb13u4) over (2.41-12+deb13u3) ...
#10 50.08 Setting up libc6:amd64 (2.41-12+deb13u4) ...
#10 50.16 (Reading database ... 
(Reading database ... 5%
(Reading database ... 10%
(Reading database ... 15%
(Reading database ... 20%
(Reading database ... 25%
(Reading database ... 30%
(Reading database ... 35%
(Reading database ... 40%
(Reading database ... 45%
(Reading database ... 50%
(Reading database ... 55%
(Reading database ... 60%
(Reading database ... 65%
(Reading database ... 70%
(Reading database ... 75%
(Reading database ... 80%
(Reading database ... 85%
(Reading database ... 90%
(Reading database ... 95%
(Reading database ... 100%
(Reading database ... 13748 files and directories currently installed.)
#10 50.16 Preparing to unpack .../libc-bin_2.41-12+deb13u4_amd64.deb ...
#10 50.17 Unpacking libc-bin (2.41-12+deb13u4) over (2.41-12+deb13u3) ...
#10 50.26 Setting up libc-bin (2.41-12+deb13u4) ...
#10 50.38 (Reading database ... 
(Reading database ... 5%
(Reading database ... 10%
(Reading database ... 15%
(Reading database ... 20%
(Reading database ... 25%
(Reading database ... 30%
(Reading database ... 35%
(Reading database ... 40%
(Reading database ... 45%
(Reading database ... 50%
(Reading database ... 55%
(Reading database ... 60%
(Reading database ... 65%
(Reading database ... 70%
(Reading database ... 75%
(Reading database ... 80%
(Reading database ... 85%
(Reading database ... 90%
(Reading database ... 95%
(Reading database ... 100%
(Reading database ... 13748 files and directories currently installed.)
#10 50.38 Preparing to unpack .../openssl-provider-legacy_3.5.7-1~deb13u2_amd64.deb ...
#10 50.39 Unpacking openssl-provider-legacy (3.5.7-1~deb13u2) over (3.5.6-1~deb13u2) ...
#10 50.42 Setting up openssl-provider-legacy (3.5.7-1~deb13u2) ...
#10 50.45 (Reading database ... 
(Reading database ... 5%
(Reading database ... 10%
(Reading database ... 15%
(Reading database ... 20%
(Reading database ... 25%
(Reading database ... 30%
(Reading database ... 35%
(Reading database ... 40%
(Reading database ... 45%
(Reading database ... 50%
(Reading database ... 55%
(Reading database ... 60%
(Reading database ... 65%
(Reading database ... 70%
(Reading database ... 75%
(Reading database ... 80%
(Reading database ... 85%
(Reading database ... 90%
(Reading database ... 95%
(Reading database ... 100%
(Reading database ... 13748 files and directories currently installed.)
#10 50.46 Preparing to unpack .../libssl3t64_3.5.7-1~deb13u2_amd64.deb ...
#10 50.47 Unpacking libssl3t64:amd64 (3.5.7-1~deb13u2) over (3.5.6-1~deb13u2) ...
#10 50.57 Setting up libssl3t64:amd64 (3.5.7-1~deb13u2) ...
#10 50.60 Selecting previously unselected package libpython3.13-minimal:amd64.
#10 50.60 (Reading database ... 
(Reading database ... 5%
(Reading database ... 10%
(Reading database ... 15%
(Reading database ... 20%
(Reading database ... 25%
(Reading database ... 30%
(Reading database ... 35%
(Reading database ... 40%
(Reading database ... 45%
(Reading database ... 50%
(Reading database ... 55%
(Reading database ... 60%
(Reading database ... 65%
(Reading database ... 70%
(Reading database ... 75%
(Reading database ... 80%
(Reading database ... 85%
(Reading database ... 90%
(Reading database ... 95%
(Reading database ... 100%
(Reading database ... 13748 files and directories currently installed.)
#10 50.61 Preparing to unpack .../libpython3.13-minimal_3.13.5-2+deb13u5_amd64.deb ...
#10 50.61 Unpacking libpython3.13-minimal:amd64 (3.13.5-2+deb13u5) ...
#10 50.69 Selecting previously unselected package python3.13-minimal.
#10 50.69 Preparing to unpack .../python3.13-minimal_3.13.5-2+deb13u5_amd64.deb ...
#10 50.69 Unpacking python3.13-minimal (3.13.5-2+deb13u5) ...
#10 50.78 Setting up libpython3.13-minimal:amd64 (3.13.5-2+deb13u5) ...
#10 50.80 Setting up python3.13-minimal (3.13.5-2+deb13u5) ...
#10 51.27 Selecting previously unselected package python3-minimal.
#10 51.27 (Reading database ... 
(Reading database ... 5%
(Reading database ... 10%
(Reading database ... 15%
(Reading database ... 20%
(Reading database ... 25%
(Reading database ... 30%
(Reading database ... 35%
(Reading database ... 40%
(Reading database ... 45%
(Reading database ... 50%
(Reading database ... 55%
(Reading database ... 60%
(Reading database ... 65%
(Reading database ... 70%
(Reading database ... 75%
(Reading database ... 80%
(Reading database ... 85%
(Reading database ... 90%
(Reading database ... 95%
(Reading database ... 100%
(Reading database ... 14073 files and directories currently installed.)
#10 51.28 Preparing to unpack .../0-python3-minimal_3.13.5-1_amd64.deb ...
#10 51.28 Unpacking python3-minimal (3.13.5-1) ...
#10 51.31 Selecting previously unselected package media-types.
#10 51.31 Preparing to unpack .../1-media-types_13.0.0_all.deb ...
#10 51.31 Unpacking media-types (13.0.0) ...
#10 51.34 Selecting previously unselected package netbase.
#10 51.34 Preparing to unpack .../2-netbase_6.5_all.deb ...
#10 51.34 Unpacking netbase (6.5) ...
#10 51.36 Selecting previously unselected package readline-common.
#10 51.36 Preparing to unpack .../3-readline-common_8.2-6_all.deb ...
#10 51.37 Unpacking readline-common (8.2-6) ...
#10 51.39 Selecting previously unselected package libreadline8t64:amd64.
#10 51.39 Preparing to unpack .../4-libreadline8t64_8.2-6_amd64.deb ...
#10 51.40 Adding 'diversion of /lib/x86_64-linux-gnu/libhistory.so.8 to /lib/x86_64-linux-gnu/libhistory.so.8.usr-is-merged by libreadline8t64'
#10 51.41 Adding 'diversion of /lib/x86_64-linux-gnu/libhistory.so.8.2 to /lib/x86_64-linux-gnu/libhistory.so.8.2.usr-is-merged by libreadline8t64'
#10 51.41 Adding 'diversion of /lib/x86_64-linux-gnu/libreadline.so.8 to /lib/x86_64-linux-gnu/libreadline.so.8.usr-is-merged by libreadline8t64'
#10 51.42 Adding 'diversion of /lib/x86_64-linux-gnu/libreadline.so.8.2 to /lib/x86_64-linux-gnu/libreadline.so.8.2.usr-is-merged by libreadline8t64'
#10 51.42 Unpacking libreadline8t64:amd64 (8.2-6) ...
#10 51.45 Selecting previously unselected package libpython3.13-stdlib:amd64.
#10 51.45 Preparing to unpack .../5-libpython3.13-stdlib_3.13.5-2+deb13u5_amd64.deb ...
#10 51.45 Unpacking libpython3.13-stdlib:amd64 (3.13.5-2+deb13u5) ...
#10 51.56 Selecting previously unselected package python3.13.
#10 51.56 Preparing to unpack .../6-python3.13_3.13.5-2+deb13u5_amd64.deb ...
#10 51.56 Unpacking python3.13 (3.13.5-2+deb13u5) ...
#10 51.59 Selecting previously unselected package libpython3-stdlib:amd64.
#10 51.59 Preparing to unpack .../7-libpython3-stdlib_3.13.5-1_amd64.deb ...
#10 51.59 Unpacking libpython3-stdlib:amd64 (3.13.5-1) ...
#10 51.61 Setting up python3-minimal (3.13.5-1) ...
#10 51.72 Selecting previously unselected package python3.
#10 51.72 (Reading database ... 
(Reading database ... 5%
(Reading database ... 10%
(Reading database ... 15%
(Reading database ... 20%
(Reading database ... 25%
(Reading database ... 30%
(Reading database ... 35%
(Reading database ... 40%
(Reading database ... 45%
(Reading database ... 50%
(Reading database ... 55%
(Reading database ... 60%
(Reading database ... 65%
(Reading database ... 70%
(Reading database ... 75%
(Reading database ... 80%
(Reading database ... 85%
(Reading database ... 90%
(Reading database ... 95%
(Reading database ... 100%
(Reading database ... 14566 files and directories currently installed.)
#10 51.73 Preparing to unpack .../python3_3.13.5-1_amd64.deb ...
#10 51.73 Unpacking python3 (3.13.5-1) ...
#10 51.76 Preparing to unpack .../libcap2_1%3a2.75-10+deb13u1+b3_amd64.deb ...
#10 51.77 Unpacking libcap2:amd64 (1:2.75-10+deb13u1+b3) over (1:2.75-10+deb13u1+b1) ...
#10 51.80 Setting up libcap2:amd64 (1:2.75-10+deb13u1+b3) ...
#10 51.90 Selecting previously unselected package bzip2.
#10 51.90 (Reading database ... 
(Reading database ... 5%
(Reading database ... 10%
(Reading database ... 15%
(Reading database ... 20%
(Reading database ... 25%
(Reading database ... 30%
(Reading database ... 35%
(Reading database ... 40%
(Reading database ... 45%
(Reading database ... 50%
(Reading database ... 55%
(Reading database ... 60%
(Reading database ... 65%
(Reading database ... 70%
(Reading database ... 75%
(Reading database ... 80%
(Reading database ... 85%
(Reading database ... 90%
(Reading database ... 95%
(Reading database ... 100%
(Reading database ... 14587 files and directories currently installed.)
#10 51.91 Preparing to unpack .../000-bzip2_1.0.8-6_amd64.deb ...
#10 51.91 Unpacking bzip2 (1.0.8-6) ...
#10 51.93 Selecting previously unselected package xz-utils.
#10 51.94 Preparing to unpack .../001-xz-utils_5.8.1-1+deb13u1_amd64.deb ...
#10 51.94 Unpacking xz-utils (5.8.1-1+deb13u1) ...
#10 51.98 Selecting previously unselected package libsframe1:amd64.
#10 51.98 Preparing to unpack .../002-libsframe1_2.44-3_amd64.deb ...
#10 51.98 Unpacking libsframe1:amd64 (2.44-3) ...
#10 52.00 Selecting previously unselected package binutils-common:amd64.
#10 52.00 Preparing to unpack .../003-binutils-common_2.44-3_amd64.deb ...
#10 52.01 Unpacking binutils-common:amd64 (2.44-3) ...
#10 52.11 Selecting previously unselected package libbinutils:amd64.
#10 52.11 Preparing to unpack .../004-libbinutils_2.44-3_amd64.deb ...
#10 52.12 Unpacking libbinutils:amd64 (2.44-3) ...
#10 52.16 Selecting previously unselected package libgprofng0:amd64.
#10 52.16 Preparing to unpack .../005-libgprofng0_2.44-3_amd64.deb ...
#10 52.16 Unpacking libgprofng0:amd64 (2.44-3) ...
#10 52.22 Selecting previously unselected package libctf-nobfd0:amd64.
#10 52.22 Preparing to unpack .../006-libctf-nobfd0_2.44-3_amd64.deb ...
#10 52.22 Unpacking libctf-nobfd0:amd64 (2.44-3) ...
#10 52.25 Selecting previously unselected package libctf0:amd64.
#10 52.25 Preparing to unpack .../007-libctf0_2.44-3_amd64.deb ...
#10 52.25 Unpacking libctf0:amd64 (2.44-3) ...
#10 52.28 Selecting previously unselected package libjansson4:amd64.
#10 52.28 Preparing to unpack .../008-libjansson4_2.14-2+b3_amd64.deb ...
#10 52.29 Unpacking libjansson4:amd64 (2.14-2+b3) ...
#10 52.31 Selecting previously unselected package binutils-x86-64-linux-gnu.
#10 52.31 Preparing to unpack .../009-binutils-x86-64-linux-gnu_2.44-3_amd64.deb ...
#10 52.31 Unpacking binutils-x86-64-linux-gnu (2.44-3) ...
#10 52.39 Selecting previously unselected package binutils.
#10 52.39 Preparing to unpack .../010-binutils_2.44-3_amd64.deb ...
#10 52.39 Unpacking binutils (2.44-3) ...
#10 52.42 Selecting previously unselected package libc-dev-bin.
#10 52.42 Preparing to unpack .../011-libc-dev-bin_2.41-12+deb13u4_amd64.deb ...
#10 52.43 Unpacking libc-dev-bin (2.41-12+deb13u4) ...
#10 52.45 Selecting previously unselected package linux-libc-dev.
#10 52.45 Preparing to unpack .../012-linux-libc-dev_6.12.107-1_all.deb ...
#10 52.45 Unpacking linux-libc-dev (6.12.107-1) ...
#10 52.77 Selecting previously unselected package libcrypt-dev:amd64.
#10 52.77 Preparing to unpack .../013-libcrypt-dev_1%3a4.4.38-1_amd64.deb ...
#10 52.78 Unpacking libcrypt-dev:amd64 (1:4.4.38-1) ...
#10 52.80 Selecting previously unselected package rpcsvc-proto.
#10 52.80 Preparing to unpack .../014-rpcsvc-proto_1.4.3-1_amd64.deb ...
#10 52.81 Unpacking rpcsvc-proto (1.4.3-1) ...
#10 52.83 Selecting previously unselected package libc6-dev:amd64.
#10 52.83 Preparing to unpack .../015-libc6-dev_2.41-12+deb13u4_amd64.deb ...
#10 52.84 Unpacking libc6-dev:amd64 (2.41-12+deb13u4) ...
#10 52.97 Selecting previously unselected package libisl23:amd64.
#10 52.97 Preparing to unpack .../016-libisl23_0.27-1_amd64.deb ...
#10 52.97 Unpacking libisl23:amd64 (0.27-1) ...
#10 53.02 Selecting previously unselected package libmpfr6:amd64.
#10 53.02 Preparing to unpack .../017-libmpfr6_4.2.2-1_amd64.deb ...
#10 53.02 Unpacking libmpfr6:amd64 (4.2.2-1) ...
#10 53.06 Selecting previously unselected package libmpc3:amd64.
#10 53.06 Preparing to unpack .../018-libmpc3_1.3.1-1+b3_amd64.deb ...
#10 53.06 Unpacking libmpc3:amd64 (1.3.1-1+b3) ...
#10 53.09 Selecting previously unselected package cpp-14-x86-64-linux-gnu.
#10 53.09 Preparing to unpack .../019-cpp-14-x86-64-linux-gnu_14.2.0-19_amd64.deb ...
#10 53.09 Unpacking cpp-14-x86-64-linux-gnu (14.2.0-19) ...
#10 53.40 Selecting previously unselected package cpp-14.
#10 53.40 Preparing to unpack .../020-cpp-14_14.2.0-19_amd64.deb ...
#10 53.41 Unpacking cpp-14 (14.2.0-19) ...
#10 53.43 Selecting previously unselected package cpp-x86-64-linux-gnu.
#10 53.43 Preparing to unpack .../021-cpp-x86-64-linux-gnu_4%3a14.2.0-1_amd64.deb ...
#10 53.43 Unpacking cpp-x86-64-linux-gnu (4:14.2.0-1) ...
#10 53.46 Selecting previously unselected package cpp.
#10 53.46 Preparing to unpack .../022-cpp_4%3a14.2.0-1_amd64.deb ...
#10 53.47 Unpacking cpp (4:14.2.0-1) ...
#10 53.49 Selecting previously unselected package libcc1-0:amd64.
#10 53.50 Preparing to unpack .../023-libcc1-0_14.2.0-19_amd64.deb ...
#10 53.50 Unpacking libcc1-0:amd64 (14.2.0-19) ...
#10 53.53 Selecting previously unselected package libgomp1:amd64.
#10 53.53 Preparing to unpack .../024-libgomp1_14.2.0-19_amd64.deb ...
#10 53.53 Unpacking libgomp1:amd64 (14.2.0-19) ...
#10 53.56 Selecting previously unselected package libitm1:amd64.
#10 53.56 Preparing to unpack .../025-libitm1_14.2.0-19_amd64.deb ...
#10 53.56 Unpacking libitm1:amd64 (14.2.0-19) ...
#10 53.59 Selecting previously unselected package libasan8:amd64.
#10 53.59 Preparing to unpack .../026-libasan8_14.2.0-19_amd64.deb ...
#10 53.59 Unpacking libasan8:amd64 (14.2.0-19) ...
#10 53.71 Selecting previously unselected package liblsan0:amd64.
#10 53.71 Preparing to unpack .../027-liblsan0_14.2.0-19_amd64.deb ...
#10 53.72 Unpacking liblsan0:amd64 (14.2.0-19) ...
#10 53.78 Selecting previously unselected package libtsan2:amd64.
#10 53.78 Preparing to unpack .../028-libtsan2_14.2.0-19_amd64.deb ...
#10 53.78 Unpacking libtsan2:amd64 (14.2.0-19) ...
#10 53.88 Selecting previously unselected package libubsan1:amd64.
#10 53.88 Preparing to unpack .../029-libubsan1_14.2.0-19_amd64.deb ...
#10 53.89 Unpacking libubsan1:amd64 (14.2.0-19) ...
#10 53.94 Selecting previously unselected package libhwasan0:amd64.
#10 53.95 Preparing to unpack .../030-libhwasan0_14.2.0-19_amd64.deb ...
#10 53.95 Unpacking libhwasan0:amd64 (14.2.0-19) ...
#10 54.03 Selecting previously unselected package libquadmath0:amd64.
#10 54.03 Preparing to unpack .../031-libquadmath0_14.2.0-19_amd64.deb ...
#10 54.03 Unpacking libquadmath0:amd64 (14.2.0-19) ...
#10 54.06 Selecting previously unselected package libgcc-14-dev:amd64.
#10 54.06 Preparing to unpack .../032-libgcc-14-dev_14.2.0-19_amd64.deb ...
#10 54.07 Unpacking libgcc-14-dev:amd64 (14.2.0-19) ...
#10 54.16 Selecting previously unselected package gcc-14-x86-64-linux-gnu.
#10 54.16 Preparing to unpack .../033-gcc-14-x86-64-linux-gnu_14.2.0-19_amd64.deb ...
#10 54.17 Unpacking gcc-14-x86-64-linux-gnu (14.2.0-19) ...
#10 54.55 Selecting previously unselected package gcc-14.
#10 54.55 Preparing to unpack .../034-gcc-14_14.2.0-19_amd64.deb ...
#10 54.55 Unpacking gcc-14 (14.2.0-19) ...
#10 54.58 Selecting previously unselected package gcc-x86-64-linux-gnu.
#10 54.58 Preparing to unpack .../035-gcc-x86-64-linux-gnu_4%3a14.2.0-1_amd64.deb ...
#10 54.59 Unpacking gcc-x86-64-linux-gnu (4:14.2.0-1) ...
#10 54.61 Selecting previously unselected package gcc.
#10 54.61 Preparing to unpack .../036-gcc_4%3a14.2.0-1_amd64.deb ...
#10 54.61 Unpacking gcc (4:14.2.0-1) ...
#10 54.64 Selecting previously unselected package libstdc++-14-dev:amd64.
#10 54.64 Preparing to unpack .../037-libstdc++-14-dev_14.2.0-19_amd64.deb ...
#10 54.64 Unpacking libstdc++-14-dev:amd64 (14.2.0-19) ...
#10 54.82 Selecting previously unselected package g++-14-x86-64-linux-gnu.
#10 54.82 Preparing to unpack .../038-g++-14-x86-64-linux-gnu_14.2.0-19_amd64.deb ...
#10 54.82 Unpacking g++-14-x86-64-linux-gnu (14.2.0-19) ...
#10 55.12 Selecting previously unselected package g++-14.
#10 55.12 Preparing to unpack .../039-g++-14_14.2.0-19_amd64.deb ...
#10 55.13 Unpacking g++-14 (14.2.0-19) ...
#10 55.15 Selecting previously unselected package g++-x86-64-linux-gnu.
#10 55.15 Preparing to unpack .../040-g++-x86-64-linux-gnu_4%3a14.2.0-1_amd64.deb ...
#10 55.15 Unpacking g++-x86-64-linux-gnu (4:14.2.0-1) ...
#10 55.17 Selecting previously unselected package g++.
#10 55.18 Preparing to unpack .../041-g++_4%3a14.2.0-1_amd64.deb ...
#10 55.18 Unpacking g++ (4:14.2.0-1) ...
#10 55.20 Selecting previously unselected package make.
#10 55.20 Preparing to unpack .../042-make_4.4.1-2_amd64.deb ...
#10 55.20 Unpacking make (4.4.1-2) ...
#10 55.24 Selecting previously unselected package libdpkg-perl.
#10 55.24 Preparing to unpack .../043-libdpkg-perl_1.22.22_all.deb ...
#10 55.24 Unpacking libdpkg-perl (1.22.22) ...
#10 55.30 Selecting previously unselected package patch.
#10 55.30 Preparing to unpack .../044-patch_2.8-2_amd64.deb ...
#10 55.30 Unpacking patch (2.8-2) ...
#10 55.33 Selecting previously unselected package dpkg-dev.
#10 55.33 Preparing to unpack .../045-dpkg-dev_1.22.22_all.deb ...
#10 55.33 Unpacking dpkg-dev (1.22.22) ...
#10 55.38 Selecting previously unselected package build-essential.
#10 55.38 Preparing to unpack .../046-build-essential_12.12_amd64.deb ...
#10 55.39 Unpacking build-essential (12.12) ...
#10 55.41 Selecting previously unselected package node-fast-deep-equal.
#10 55.41 Preparing to unpack .../047-node-fast-deep-equal_3.1.3-3_all.deb ...
#10 55.41 Unpacking node-fast-deep-equal (3.1.3-3) ...
#10 55.44 Selecting previously unselected package node-json-schema-traverse.
#10 55.44 Preparing to unpack .../048-node-json-schema-traverse_1.0.0-3_all.deb ...
#10 55.44 Unpacking node-json-schema-traverse (1.0.0-3) ...
#10 55.46 Selecting previously unselected package node-jsonify.
#10 55.47 Preparing to unpack .../049-node-jsonify_0.0.1-1_all.deb ...
#10 55.47 Unpacking node-jsonify (0.0.1-1) ...
#10 55.50 Selecting previously unselected package node-json-stable-stringify.
#10 55.50 Preparing to unpack .../050-node-json-stable-stringify_1.0.2+repack1+~cs1.0.34-2_all.deb ...
#10 55.50 Unpacking node-json-stable-stringify (1.0.2+repack1+~cs1.0.34-2) ...
#10 55.53 Selecting previously unselected package node-punycode.
#10 55.53 Preparing to unpack .../051-node-punycode_2.3.1+~2.1.4-1_all.deb ...
#10 55.53 Unpacking node-punycode (2.3.1+~2.1.4-1) ...
#10 55.56 Selecting previously unselected package node-uri-js.
#10 55.56 Preparing to unpack .../052-node-uri-js_4.4.0+dfsg-8_all.deb ...
#10 55.56 Unpacking node-uri-js (4.4.0+dfsg-8) ...
#10 55.59 Selecting previously unselected package libcares2:amd64.
#10 55.60 Preparing to unpack .../053-libcares2_1.34.5-1+deb13u1_amd64.deb ...
#10 55.60 Unpacking libcares2:amd64 (1.34.5-1+deb13u1) ...
#10 55.63 Selecting previously unselected package libicu76:amd64.
#10 55.63 Preparing to unpack .../054-libicu76_76.1-4_amd64.deb ...
#10 55.63 Unpacking libicu76:amd64 (76.1-4) ...
#10 55.89 Selecting previously unselected package node-xtend.
#10 55.90 Preparing to unpack .../055-node-xtend_4.0.2-3_all.deb ...
#10 55.90 Unpacking node-xtend (4.0.2-3) ...
#10 55.92 Selecting previously unselected package node-acorn.
#10 55.92 Preparing to unpack .../056-node-acorn_8.8.1+ds+~cs25.17.7-2_all.deb ...
#10 55.92 Unpacking node-acorn (8.8.1+ds+~cs25.17.7-2) ...
#10 55.97 Selecting previously unselected package node-cjs-module-lexer.
#10 55.98 Preparing to unpack .../057-node-cjs-module-lexer_1.2.3+dfsg-1_all.deb ...
#10 55.98 Unpacking node-cjs-module-lexer (1.2.3+dfsg-1) ...
#10 56.00 Selecting previously unselected package node-balanced-match.
#10 56.01 Preparing to unpack .../058-node-balanced-match_2.0.0-1_all.deb ...
#10 56.01 Unpacking node-balanced-match (2.0.0-1) ...
#10 56.03 Selecting previously unselected package node-brace-expansion.
#10 56.03 Preparing to unpack .../059-node-brace-expansion_2.0.1+~1.1.0-2_all.deb ...
#10 56.04 Unpacking node-brace-expansion (2.0.1+~1.1.0-2) ...
#10 56.06 Selecting previously unselected package node-minimatch.
#10 56.06 Preparing to unpack .../060-node-minimatch_9.0.3-6_all.deb ...
#10 56.06 Unpacking node-minimatch (9.0.3-6) ...
#10 56.10 Selecting previously unselected package node-undici.
#10 56.10 Preparing to unpack .../061-node-undici_7.3.0+dfsg1+~cs24.12.11-1_all.deb ...
#10 56.10 Unpacking node-undici (7.3.0+dfsg1+~cs24.12.11-1) ...
#10 56.16 Selecting previously unselected package libnode115:amd64.
#10 56.17 Preparing to unpack .../062-libnode115_20.19.2+dfsg-1+deb13u2_amd64.deb ...
#10 56.17 Unpacking libnode115:amd64 (20.19.2+dfsg-1+deb13u2) ...
#10 56.44 Selecting previously unselected package node-corepack.
#10 56.44 Preparing to unpack .../063-node-corepack_0.24.0-5_all.deb ...
#10 56.44 Unpacking node-corepack (0.24.0-5) ...
#10 56.49 Selecting previously unselected package nodejs.
#10 56.49 Preparing to unpack .../064-nodejs_20.19.2+dfsg-1+deb13u2_amd64.deb ...
#10 56.49 Unpacking nodejs (20.19.2+dfsg-1+deb13u2) ...
#10 56.53 Selecting previously unselected package node-ajv.
#10 56.53 Preparing to unpack .../065-node-ajv_8.12.0~ds+~2.1.1-5_all.deb ...
#10 56.54 Unpacking node-ajv (8.12.0~ds+~2.1.1-5) ...
#10 56.63 Selecting previously unselected package libjs-inherits.
#10 56.63 Preparing to unpack .../066-libjs-inherits_2.0.4-6_all.deb ...
#10 56.63 Unpacking libjs-inherits (2.0.4-6) ...
#10 56.65 Selecting previously unselected package node-inherits.
#10 56.65 Preparing to unpack .../067-node-inherits_2.0.4-6_all.deb ...
#10 56.66 Unpacking node-inherits (2.0.4-6) ...
#10 56.68 Selecting previously unselected package node-core-util-is.
#10 56.68 Preparing to unpack .../068-node-core-util-is_1.0.3-1_all.deb ...
#10 56.68 Unpacking node-core-util-is (1.0.3-1) ...
#10 56.71 Selecting previously unselected package node-safe-buffer.
#10 56.71 Preparing to unpack .../069-node-safe-buffer_5.2.1+~cs2.1.2-3_all.deb ...
#10 56.71 Unpacking node-safe-buffer (5.2.1+~cs2.1.2-3) ...
#10 56.73 Selecting previously unselected package node-string-decoder.
#10 56.74 Preparing to unpack .../070-node-string-decoder_1.3.0-6_all.deb ...
#10 56.74 Unpacking node-string-decoder (1.3.0-6) ...
#10 56.76 Selecting previously unselected package node-process-nextick-args.
#10 56.76 Preparing to unpack .../071-node-process-nextick-args_2.0.1-3_all.deb ...
#10 56.77 Unpacking node-process-nextick-args (2.0.1-3) ...
#10 56.79 Selecting previously unselected package node-util-deprecate.
#10 56.79 Preparing to unpack .../072-node-util-deprecate_1.0.2-3_all.deb ...
#10 56.79 Unpacking node-util-deprecate (1.0.2-3) ...
#10 56.82 Selecting previously unselected package node-isarray.
#10 56.82 Preparing to unpack .../073-node-isarray_2.0.5-4_all.deb ...
#10 56.82 Unpacking node-isarray (2.0.5-4) ...
#10 56.84 Selecting previously unselected package node-readable-stream.
#10 56.85 Preparing to unpack .../074-node-readable-stream_3.6.0+~cs3.0.0-4_all.deb ...
#10 56.85 Unpacking node-readable-stream (3.6.0+~cs3.0.0-4) ...
#10 56.88 Selecting previously unselected package node-typedarray.
#10 56.88 Preparing to unpack .../075-node-typedarray_0.0.7-1_all.deb ...
#10 56.88 Unpacking node-typedarray (0.0.7-1) ...
#10 56.90 Selecting previously unselected package node-concat-stream.
#10 56.90 Preparing to unpack .../076-node-concat-stream_2.0.0+~2.0.0-2_all.deb ...
#10 56.91 Unpacking node-concat-stream (2.0.0+~2.0.0-2) ...
#10 56.93 Selecting previously unselected package node-ms.
#10 56.93 Preparing to unpack .../077-node-ms_2.1.3+~cs0.7.31-3_all.deb ...
#10 56.93 Unpacking node-ms (2.1.3+~cs0.7.31-3) ...
#10 56.96 Selecting previously unselected package node-debug.
#10 56.96 Preparing to unpack .../078-node-debug_4.3.4+~cs4.1.7-1_all.deb ...
#10 56.96 Unpacking node-debug (4.3.4+~cs4.1.7-1) ...
#10 56.99 Selecting previously unselected package node-esutils.
#10 56.99 Preparing to unpack .../079-node-esutils_2.0.3+~2.0.0-1_all.deb ...
#10 56.99 Unpacking node-esutils (2.0.3+~2.0.0-1) ...
#10 57.02 Selecting previously unselected package node-doctrine.
#10 57.02 Preparing to unpack .../080-node-doctrine_3.0.0-4_all.deb ...
#10 57.02 Unpacking node-doctrine (3.0.0-4) ...
#10 57.04 Selecting previously unselected package node-eslint-visitor-keys.
#10 57.04 Preparing to unpack .../081-node-eslint-visitor-keys_3.3.0+~1.0.0-1_all.deb ...
#10 57.05 Unpacking node-eslint-visitor-keys (3.3.0+~1.0.0-1) ...
#10 57.07 Selecting previously unselected package node-estraverse.
#10 57.07 Preparing to unpack .../082-node-estraverse_5.3.0+ds+~5.1.1-1_all.deb ...
#10 57.07 Unpacking node-estraverse (5.3.0+ds+~5.1.1-1) ...
#10 57.10 Selecting previously unselected package node-object-assign.
#10 57.10 Preparing to unpack .../083-node-object-assign_4.1.1-7_all.deb ...
#10 57.10 Unpacking node-object-assign (4.1.1-7) ...
#10 57.13 Selecting previously unselected package node-esrecurse.
#10 57.14 Preparing to unpack .../084-node-esrecurse_4.3.0-2_all.deb ...
#10 57.14 Unpacking node-esrecurse (4.3.0-2) ...
#10 57.16 Selecting previously unselected package node-eslint-scope.
#10 57.16 Preparing to unpack .../085-node-eslint-scope_7.1.1+~3.7.4-1_all.deb ...
#10 57.17 Unpacking node-eslint-scope (7.1.1+~3.7.4-1) ...
#10 57.19 Selecting previously unselected package node-espree.
#10 57.19 Preparing to unpack .../086-node-espree_9.4.1~dfsg-2_all.deb ...
#10 57.20 Unpacking node-espree (9.4.1~dfsg-2) ...
#10 57.22 Selecting previously unselected package node-esquery.
#10 57.22 Preparing to unpack .../087-node-esquery_1.4.2~ds-1_all.deb ...
#10 57.22 Unpacking node-esquery (1.4.2~ds-1) ...
#10 57.25 Selecting previously unselected package node-eslint-utils.
#10 57.25 Preparing to unpack .../088-node-eslint-utils_3.0.0-3_all.deb ...
#10 57.25 Unpacking node-eslint-utils (3.0.0-3) ...
#10 57.27 Selecting previously unselected package node-flatted.
#10 57.28 Preparing to unpack .../089-node-flatted_3.2.7~ds-1+deb13u1_all.deb ...
#10 57.28 Unpacking node-flatted (3.2.7~ds-1+deb13u1) ...
#10 57.30 Selecting previously unselected package node-fs.realpath.
#10 57.30 Preparing to unpack .../090-node-fs.realpath_1.0.0-3_all.deb ...
#10 57.31 Unpacking node-fs.realpath (1.0.0-3) ...
#10 57.33 Selecting previously unselected package node-wrappy.
#10 57.33 Preparing to unpack .../091-node-wrappy_1.0.2-3_all.deb ...
#10 57.33 Unpacking node-wrappy (1.0.2-3) ...
#10 57.36 Selecting previously unselected package node-once.
#10 57.36 Preparing to unpack .../092-node-once_1.4.1-1_all.deb ...
#10 57.36 Unpacking node-once (1.4.1-1) ...
#10 57.38 Selecting previously unselected package node-inflight.
#10 57.38 Preparing to unpack .../093-node-inflight_1.0.6-2_all.deb ...
#10 57.39 Unpacking node-inflight (1.0.6-2) ...
#10 57.41 Selecting previously unselected package node-glob.
#10 57.41 Preparing to unpack .../094-node-glob_8.1.0+~cs8.5.15-1_all.deb ...
#10 57.41 Unpacking node-glob (8.1.0+~cs8.5.15-1) ...
#10 57.44 Selecting previously unselected package node-rimraf.
#10 57.44 Preparing to unpack .../095-node-rimraf_3.0.2-2_all.deb ...
#10 57.44 Unpacking node-rimraf (3.0.2-2) ...
#10 57.47 Selecting previously unselected package node-write.
#10 57.47 Preparing to unpack .../096-node-write_2.0.0~6.0.1+~3.0.4+~2.0.0+~1.0.0+~2.0.1-1_all.deb ...
#10 57.47 Unpacking node-write (2.0.0~6.0.1+~3.0.4+~2.0.0+~1.0.0+~2.0.1-1) ...
#10 57.50 Selecting previously unselected package node-flat-cache.
#10 57.50 Preparing to unpack .../097-node-flat-cache_3.0.4~6.0.1+~3.0.4+~2.0.0+~1.0.0+~2.0.1-1_all.deb ...
#10 57.50 Unpacking node-flat-cache (3.0.4~6.0.1+~3.0.4+~2.0.0+~1.0.0+~2.0.1-1) ...
#10 57.52 Selecting previously unselected package node-file-entry-cache.
#10 57.53 Preparing to unpack .../098-node-file-entry-cache_6.0.1+~3.0.4+~2.0.0+~1.0.0+~2.0.1-1_all.deb ...
#10 57.53 Unpacking node-file-entry-cache (6.0.1+~3.0.4+~2.0.0+~1.0.0+~2.0.1-1) ...
#10 57.55 Selecting previously unselected package node-functional-red-black-tree.
#10 57.55 Preparing to unpack .../099-node-functional-red-black-tree_1.0.1+20181105-7_all.deb ...
#10 57.56 Unpacking node-functional-red-black-tree (1.0.1+20181105-7) ...
#10 57.58 Selecting previously unselected package node-is-extglob.
#10 57.58 Preparing to unpack .../100-node-is-extglob_2.1.1-5_all.deb ...
#10 57.58 Unpacking node-is-extglob (2.1.1-5) ...
#10 57.60 Selecting previously unselected package node-is-glob.
#10 57.61 Preparing to unpack .../101-node-is-glob_4.0.3-2_all.deb ...
#10 57.61 Unpacking node-is-glob (4.0.3-2) ...
#10 57.63 Selecting previously unselected package node-path-dirname.
#10 57.63 Preparing to unpack .../102-node-path-dirname_1.0.2-2_all.deb ...
#10 57.64 Unpacking node-path-dirname (1.0.2-2) ...
#10 57.66 Selecting previously unselected package node-glob-parent.
#10 57.66 Preparing to unpack .../103-node-glob-parent_6.0.2+~5.1.1-2_all.deb ...
#10 57.66 Unpacking node-glob-parent (6.0.2+~5.1.1-2) ...
#10 57.69 Selecting previously unselected package node-globals.
#10 57.69 Preparing to unpack .../104-node-globals_13.23.0-1_all.deb ...
#10 57.69 Unpacking node-globals (13.23.0-1) ...
#10 57.72 Selecting previously unselected package node-resolve-from.
#10 57.72 Preparing to unpack .../105-node-resolve-from_5.0.0+~3.1.0+~3.3.0+~2.0.0-1_all.deb ...
#10 57.72 Unpacking node-resolve-from (5.0.0+~3.1.0+~3.3.0+~2.0.0-1) ...
#10 57.74 Selecting previously unselected package node-imurmurhash.
#10 57.75 Preparing to unpack .../106-node-imurmurhash_0.1.4+dfsg+~0.1.1-2_all.deb ...
#10 57.75 Unpacking node-imurmurhash (0.1.4+dfsg+~0.1.1-2) ...
#10 57.78 Selecting previously unselected package node-ignore.
#10 57.78 Preparing to unpack .../107-node-ignore_5.2.1-1_all.deb ...
#10 57.78 Unpacking node-ignore (5.2.1-1) ...
#10 57.80 Selecting previously unselected package node-prelude-ls.
#10 57.81 Preparing to unpack .../108-node-prelude-ls_1.2.1+dfsg-3_all.deb ...
#10 57.81 Unpacking node-prelude-ls (1.2.1+dfsg-3) ...
#10 57.83 Selecting previously unselected package node-type-check.
#10 57.83 Preparing to unpack .../109-node-type-check_0.4.0+dfsg-3_all.deb ...
#10 57.84 Unpacking node-type-check (0.4.0+dfsg-3) ...
#10 57.86 Selecting previously unselected package node-levn.
#10 57.86 Preparing to unpack .../110-node-levn_0.4.1+dfsg-2_all.deb ...
#10 57.86 Unpacking node-levn (0.4.1+dfsg-2) ...
#10 57.89 Selecting previously unselected package node-lodash.
#10 57.89 Preparing to unpack .../111-node-lodash_4.17.21+dfsg+~cs8.31.198.20210220-9+deb13u1_all.deb ...
#10 57.89 Unpacking node-lodash (4.17.21+dfsg+~cs8.31.198.20210220-9+deb13u1) ...
#10 58.17 Selecting previously unselected package node-memfs.
#10 58.18 Preparing to unpack .../112-node-memfs_3.4.12+~cs1.0.3-1_all.deb ...
#10 58.18 Unpacking node-memfs (3.4.12+~cs1.0.3-1) ...
#10 58.21 Selecting previously unselected package node-mkdirp.
#10 58.21 Preparing to unpack .../113-node-mkdirp_2.1.6+~cs5.2.1-2_all.deb ...
#10 58.21 Unpacking node-mkdirp (2.1.6+~cs5.2.1-2) ...
#10 58.25 Selecting previously unselected package node-deep-is.
#10 58.25 Preparing to unpack .../114-node-deep-is_0.1.4-1_all.deb ...
#10 58.25 Unpacking node-deep-is (0.1.4-1) ...
#10 58.27 Selecting previously unselected package node-fast-levenshtein.
#10 58.27 Preparing to unpack .../115-node-fast-levenshtein_2.0.6+ds-3_all.deb ...
#10 58.28 Unpacking node-fast-levenshtein (2.0.6+ds-3) ...
#10 58.30 Selecting previously unselected package node-optionator.
#10 58.30 Preparing to unpack .../116-node-optionator_0.9.1+dfsg+~cs1.2.3-1_all.deb ...
#10 58.30 Unpacking node-optionator (0.9.1+dfsg+~cs1.2.3-1) ...
#10 58.33 Selecting previously unselected package node-progress.
#10 58.33 Preparing to unpack .../117-node-progress_2.0.3-2_all.deb ...
#10 58.33 Unpacking node-progress (2.0.3-2) ...
#10 58.36 Selecting previously unselected package libjs-regenerate.
#10 58.36 Preparing to unpack .../118-libjs-regenerate_1.4.2-3_all.deb ...
#10 58.36 Unpacking libjs-regenerate (1.4.2-3) ...
#10 58.39 Selecting previously unselected package node-regenerate.
#10 58.39 Preparing to unpack .../119-node-regenerate_1.4.2-3_all.deb ...
#10 58.39 Unpacking node-regenerate (1.4.2-3) ...
#10 58.41 Selecting previously unselected package node-regenerate-unicode-properties.
#10 58.41 Preparing to unpack .../120-node-regenerate-unicode-properties_10.1.0+ds-1_all.deb ...
#10 58.42 Unpacking node-regenerate-unicode-properties (10.1.0+ds-1) ...
#10 58.48 Selecting previously unselected package node-regexpp.
#10 58.48 Preparing to unpack .../121-node-regexpp_3.2.0-5_all.deb ...
#10 58.49 Unpacking node-regexpp (3.2.0-5) ...
#10 58.51 Selecting previously unselected package node-lru-cache.
#10 58.51 Preparing to unpack .../122-node-lru-cache_10.0.1-3_all.deb ...
#10 58.52 Unpacking node-lru-cache (10.0.1-3) ...
#10 58.55 Selecting previously unselected package node-semver.
#10 58.55 Preparing to unpack .../123-node-semver_7.6.1+~7.5.8-2_all.deb ...
#10 58.55 Unpacking node-semver (7.6.1+~7.5.8-2) ...
#10 58.59 Selecting previously unselected package node-strip-json-comments.
#10 58.59 Preparing to unpack .../124-node-strip-json-comments_4.0.0-4_all.deb ...
#10 58.59 Unpacking node-strip-json-comments (4.0.0-4) ...
#10 58.61 Selecting previously unselected package node-json-schema.
#10 58.61 Preparing to unpack .../125-node-json-schema_0.4.0+~7.0.11-1_all.deb ...
#10 58.62 Unpacking node-json-schema (0.4.0+~7.0.11-1) ...
#10 58.64 Selecting previously unselected package node-v8-compile-cache.
#10 58.64 Preparing to unpack .../126-node-v8-compile-cache_2.4.0-2_all.deb ...
#10 58.64 Unpacking node-v8-compile-cache (2.4.0-2) ...
#10 58.67 Selecting previously unselected package eslint.
#10 58.67 Preparing to unpack .../127-eslint_6.4.0~dfsg+~6.1.9-12_all.deb ...
#10 58.67 Unpacking eslint (6.4.0~dfsg+~6.1.9-12) ...
#10 58.76 Selecting previously unselected package python3-packaging.
#10 58.76 Preparing to unpack .../128-python3-packaging_25.0-1_all.deb ...
#10 58.76 Unpacking python3-packaging (25.0-1) ...
#10 58.79 Selecting previously unselected package gyp.
#10 58.79 Preparing to unpack .../129-gyp_0.16.2-2_all.deb ...
#10 58.80 Unpacking gyp (0.16.2-2) ...
#10 58.83 Selecting previously unselected package node-neo-async.
#10 58.83 Preparing to unpack .../130-node-neo-async_2.6.2+~cs3.0.0-3_all.deb ...
#10 58.83 Unpacking node-neo-async (2.6.2+~cs3.0.0-3) ...
#10 58.87 Selecting previously unselected package node-arrify.
#10 58.87 Preparing to unpack .../131-node-arrify_2.0.1-3_all.deb ...
#10 58.87 Unpacking node-arrify (2.0.1-3) ...
#10 58.90 Selecting previously unselected package node-is-plain-obj.
#10 58.90 Preparing to unpack .../132-node-is-plain-obj_3.0.0-2_all.deb ...
#10 58.90 Unpacking node-is-plain-obj (3.0.0-2) ...
#10 58.92 Selecting previously unselected package node-is-buffer.
#10 58.92 Preparing to unpack .../133-node-is-buffer_2.0.5-2_all.deb ...
#10 58.93 Unpacking node-is-buffer (2.0.5-2) ...
#10 58.95 Selecting previously unselected package node-kind-of.
#10 58.95 Preparing to unpack .../134-node-kind-of_6.0.3+dfsg-2_all.deb ...
#10 58.96 Unpacking node-kind-of (6.0.3+dfsg-2) ...
#10 58.98 Selecting previously unselected package node-minimist.
#10 58.98 Preparing to unpack .../135-node-minimist_1.2.8+~cs5.3.5-1_all.deb ...
#10 58.98 Unpacking node-minimist (1.2.8+~cs5.3.5-1) ...
#10 59.01 Selecting previously unselected package node-wordwrap.
#10 59.01 Preparing to unpack .../136-node-wordwrap_1.0.0-4_all.deb ...
#10 59.01 Unpacking node-wordwrap (1.0.0-4) ...
#10 59.03 Selecting previously unselected package node-optimist.
#10 59.04 Preparing to unpack .../137-node-optimist_0.6.1+~0.0.30-2_all.deb ...
#10 59.04 Unpacking node-optimist (0.6.1+~0.0.30-2) ...
#10 59.06 Selecting previously unselected package libjs-source-map.
#10 59.06 Preparing to unpack .../138-libjs-source-map_0.7.0++dfsg2+really.0.6.1-15_all.deb ...
#10 59.07 Unpacking libjs-source-map (0.7.0++dfsg2+really.0.6.1-15) ...
#10 59.10 Selecting previously unselected package node-source-map.
#10 59.10 Preparing to unpack .../139-node-source-map_0.7.0++dfsg2+really.0.6.1-15_all.deb ...
#10 59.10 Unpacking node-source-map (0.7.0++dfsg2+really.0.6.1-15) ...
#10 59.13 Selecting previously unselected package handlebars.
#10 59.13 Preparing to unpack .../140-handlebars_3%3a4.7.7+~4.1.0-1_all.deb ...
#10 59.13 Unpacking handlebars (3:4.7.7+~4.1.0-1) ...
#10 59.18 Selecting previously unselected package libboost1.83-dev:amd64.
#10 59.18 Preparing to unpack .../141-libboost1.83-dev_1.83.0-4.2_amd64.deb ...
#10 59.19 Unpacking libboost1.83-dev:amd64 (1.83.0-4.2) ...
#10 61.78 Selecting previously unselected package libboost-atomic1.83.0:amd64.
#10 61.78 Preparing to unpack .../142-libboost-atomic1.83.0_1.83.0-4.2_amd64.deb ...
#10 61.79 Unpacking libboost-atomic1.83.0:amd64 (1.83.0-4.2) ...
#10 61.82 Selecting previously unselected package libboost-atomic1.83-dev:amd64.
#10 61.82 Preparing to unpack .../143-libboost-atomic1.83-dev_1.83.0-4.2_amd64.deb ...
#10 61.82 Unpacking libboost-atomic1.83-dev:amd64 (1.83.0-4.2) ...
#10 61.85 Selecting previously unselected package libboost-dev:amd64.
#10 61.86 Preparing to unpack .../144-libboost-dev_1.83.0.2+b2_amd64.deb ...
#10 61.86 Unpacking libboost-dev:amd64 (1.83.0.2+b2) ...
#10 61.88 Selecting previously unselected package libboost-filesystem1.83.0:amd64.
#10 61.89 Preparing to unpack .../145-libboost-filesystem1.83.0_1.83.0-4.2_amd64.deb ...
#10 61.89 Unpacking libboost-filesystem1.83.0:amd64 (1.83.0-4.2) ...
#10 61.92 Selecting previously unselected package libboost-system1.83.0:amd64.
#10 61.93 Preparing to unpack .../146-libboost-system1.83.0_1.83.0-4.2_amd64.deb ...
#10 61.93 Unpacking libboost-system1.83.0:amd64 (1.83.0-4.2) ...
#10 61.96 Selecting previously unselected package libboost-system1.83-dev:amd64.
#10 61.96 Preparing to unpack .../147-libboost-system1.83-dev_1.83.0-4.2_amd64.deb ...
#10 61.96 Unpacking libboost-system1.83-dev:amd64 (1.83.0-4.2) ...
#10 62.00 Selecting previously unselected package libboost-filesystem1.83-dev:amd64.
#10 62.00 Preparing to unpack .../148-libboost-filesystem1.83-dev_1.83.0-4.2_amd64.deb ...
#10 62.00 Unpacking libboost-filesystem1.83-dev:amd64 (1.83.0-4.2) ...
#10 62.03 Selecting previously unselected package libboost-filesystem-dev:amd64.
#10 62.04 Preparing to unpack .../149-libboost-filesystem-dev_1.83.0.2+b2_amd64.deb ...
#10 62.04 Unpacking libboost-filesystem-dev:amd64 (1.83.0.2+b2) ...
#10 62.06 Selecting previously unselected package libboost-system-dev:amd64.
#10 62.06 Preparing to unpack .../150-libboost-system-dev_1.83.0.2+b2_amd64.deb ...
#10 62.07 Unpacking libboost-system-dev:amd64 (1.83.0.2+b2) ...
#10 62.09 Selecting previously unselected package libcap-dev:amd64.
#10 62.09 Preparing to unpack .../151-libcap-dev_1%3a2.75-10+deb13u1+b3_amd64.deb ...
#10 62.09 Unpacking libcap-dev:amd64 (1:2.75-10+deb13u1+b3) ...
#10 62.14 Selecting previously unselected package libdbus-1-3:amd64.
#10 62.15 Preparing to unpack .../152-libdbus-1-3_1.16.2-2_amd64.deb ...
#10 62.15 Unpacking libdbus-1-3:amd64 (1.16.2-2) ...
#10 62.18 Selecting previously unselected package libsystemd-dev:amd64.
#10 62.18 Preparing to unpack .../153-libsystemd-dev_257.13-1~deb13u1_amd64.deb ...
#10 62.18 Unpacking libsystemd-dev:amd64 (257.13-1~deb13u1) ...
#10 62.26 Selecting previously unselected package libpkgconf3:amd64.
#10 62.26 Preparing to unpack .../154-libpkgconf3_1.8.1-4_amd64.deb ...
#10 62.26 Unpacking libpkgconf3:amd64 (1.8.1-4) ...
#10 62.29 Selecting previously unselected package pkgconf-bin.
#10 62.30 Preparing to unpack .../155-pkgconf-bin_1.8.1-4_amd64.deb ...
#10 62.30 Unpacking pkgconf-bin (1.8.1-4) ...
#10 62.33 Selecting previously unselected package pkgconf:amd64.
#10 62.34 Preparing to unpack .../156-pkgconf_1.8.1-4_amd64.deb ...
#10 62.34 Unpacking pkgconf:amd64 (1.8.1-4) ...
#10 62.38 Selecting previously unselected package sgml-base.
#10 62.38 Preparing to unpack .../157-sgml-base_1.31+nmu1_all.deb ...
#10 62.38 Unpacking sgml-base (1.31+nmu1) ...
#10 62.43 Selecting previously unselected package xml-core.
#10 62.43 Preparing to unpack .../158-xml-core_0.19_all.deb ...
#10 62.43 Unpacking xml-core (0.19) ...
#10 62.47 Selecting previously unselected package libdbus-1-dev:amd64.
#10 62.47 Preparing to unpack .../159-libdbus-1-dev_1.16.2-2_amd64.deb ...
#10 62.48 Unpacking libdbus-1-dev:amd64 (1.16.2-2) ...
#10 62.51 Selecting previously unselected package libjs-events.
#10 62.51 Preparing to unpack .../160-libjs-events_3.3.0+~3.0.0-3_all.deb ...
#10 62.51 Unpacking libjs-events (3.3.0+~3.0.0-3) ...
#10 62.54 Selecting previously unselected package libjs-is-typedarray.
#10 62.54 Preparing to unpack .../161-libjs-is-typedarray_1.0.0-4_all.deb ...
#10 62.54 Unpacking libjs-is-typedarray (1.0.0-4) ...
#10 62.56 Selecting previously unselected package libjs-prettify.
#10 62.57 Preparing to unpack .../162-libjs-prettify_2015.12.04+dfsg-1.1_all.deb ...
#10 62.57 Unpacking libjs-prettify (2015.12.04+dfsg-1.1) ...
#10 62.60 Selecting previously unselected package libjs-sprintf-js.
#10 62.60 Preparing to unpack .../163-libjs-sprintf-js_1.1.2+ds1+~1.1.2-1_all.deb ...
#10 62.61 Unpacking libjs-sprintf-js (1.1.2+ds1+~1.1.2-1) ...
#10 62.63 Selecting previously unselected package libjs-typedarray-to-buffer.
#10 62.63 Preparing to unpack .../164-libjs-typedarray-to-buffer_4.0.0-2_all.deb ...
#10 62.64 Unpacking libjs-typedarray-to-buffer (4.0.0-2) ...
#10 62.66 Selecting previously unselected package node-lodash-packages.
#10 62.66 Preparing to unpack .../165-node-lodash-packages_4.17.21+dfsg+~cs8.31.198.20210220-9+deb13u1_all.deb ...
#10 62.67 Unpacking node-lodash-packages (4.17.21+dfsg+~cs8.31.198.20210220-9+deb13u1) ...
#10 63.06 Selecting previously unselected package node-function-bind.
#10 63.06 Preparing to unpack .../166-node-function-bind_1.1.2+~cs2.1.14-1_all.deb ...
#10 63.06 Unpacking node-function-bind (1.1.2+~cs2.1.14-1) ...
#10 63.09 Selecting previously unselected package node-object-inspect.
#10 63.10 Preparing to unpack .../167-node-object-inspect_1.12.2+~cs1.8.1-1_all.deb ...
#10 63.11 Unpacking node-object-inspect (1.12.2+~cs1.8.1-1) ...
#10 63.13 Selecting previously unselected package node-es-abstract.
#10 63.14 Preparing to unpack .../168-node-es-abstract_1.20.4+~cs26.27.47-2_all.deb ...
#10 63.14 Unpacking node-es-abstract (1.20.4+~cs26.27.47-2) ...
#10 63.38 Selecting previously unselected package node-resolve.
#10 63.39 Preparing to unpack .../169-node-resolve_1.22.8+~cs5.34.15-2_all.deb ...
#10 63.39 Unpacking node-resolve (1.22.8+~cs5.34.15-2) ...
#10 63.43 Selecting previously unselected package node-define-properties.
#10 63.43 Preparing to unpack .../170-node-define-properties_1.2.1+~cs2.2.3-1_all.deb ...
#10 63.43 Unpacking node-define-properties (1.2.1+~cs2.2.3-1) ...
#10 63.46 Selecting previously unselected package node-debbundle-es-to-primitive.
#10 63.46 Preparing to unpack .../171-node-debbundle-es-to-primitive_1.2.1+~cs9.7.25-2_all.deb ...
#10 63.47 Unpacking node-debbundle-es-to-primitive (1.2.1+~cs9.7.25-2) ...
#10 63.50 Selecting previously unselected package node-isobject.
#10 63.51 Preparing to unpack .../172-node-isobject_4.0.0-2_all.deb ...
#10 63.51 Unpacking node-isobject (4.0.0-2) ...
#10 63.53 Selecting previously unselected package node-is-descriptor.
#10 63.54 Preparing to unpack .../173-node-is-descriptor_3.0.0-2_all.deb ...
#10 63.54 Unpacking node-is-descriptor (3.0.0-2) ...
#10 63.56 Selecting previously unselected package node-define-property.
#10 63.57 Preparing to unpack .../174-node-define-property_2.0.2+really+2.0.2-3_all.deb ...
#10 63.57 Unpacking node-define-property (2.0.2+really+2.0.2-3) ...
#10 63.60 Selecting previously unselected package node-defined.
#10 63.60 Preparing to unpack .../175-node-defined_1.0.1+~1.0.0-1_all.deb ...
#10 63.60 Unpacking node-defined (1.0.1+~1.0.0-1) ...
#10 63.63 Selecting previously unselected package node-abbrev.
#10 63.63 Preparing to unpack .../176-node-abbrev_1.1.1+~1.1.2-1_all.deb ...
#10 63.63 Unpacking node-abbrev (1.1.1+~1.1.2-1) ...
#10 63.66 Selecting previously unselected package node-archy.
#10 63.66 Preparing to unpack .../177-node-archy_1.0.0-6_all.deb ...
#10 63.66 Unpacking node-archy (1.0.0-6) ...
#10 63.69 Selecting previously unselected package node-async.
#10 63.69 Preparing to unpack .../178-node-async_3.2.6+dfsg-2_all.deb ...
#10 63.69 Unpacking node-async (3.2.6+dfsg-2) ...
#10 63.75 Selecting previously unselected package node-convert-source-map.
#10 63.75 Preparing to unpack .../179-node-convert-source-map_1.9.0+~1.5.2-1_all.deb ...
#10 63.76 Unpacking node-convert-source-map (1.9.0+~1.5.2-1) ...
#10 63.78 Selecting previously unselected package node-decamelize.
#10 63.78 Preparing to unpack .../180-node-decamelize_4.0.0-2_all.deb ...
#10 63.79 Unpacking node-decamelize (4.0.0-2) ...
#10 63.81 Selecting previously unselected package node-es6-error.
#10 63.81 Preparing to unpack .../181-node-es6-error_4.1.1-5_all.deb ...
#10 63.82 Unpacking node-es6-error (4.1.1-5) ...
#10 63.85 Selecting previously unselected package node-esprima.
#10 63.85 Preparing to unpack .../182-node-esprima_4.0.1+ds+~4.0.3-2_all.deb ...
#10 63.86 Unpacking node-esprima (4.0.1+ds+~4.0.3-2) ...
#10 63.89 Selecting previously unselected package node-escodegen.
#10 63.89 Preparing to unpack .../183-node-escodegen_2.1.0+dfsg+~0.0.8-1_all.deb ...
#10 63.90 Unpacking node-escodegen (2.1.0+dfsg+~0.0.8-1) ...
#10 63.92 Selecting previously unselected package node-commondir.
#10 63.92 Preparing to unpack .../184-node-commondir_1.0.1+~1.0.0-1_all.deb ...
#10 63.93 Unpacking node-commondir (1.0.1+~1.0.0-1) ...
#10 63.95 Selecting previously unselected package node-is-number.
#10 63.95 Preparing to unpack .../185-node-is-number_7.0.0-4_all.deb ...
#10 63.95 Unpacking node-is-number (7.0.0-4) ...
#10 63.98 Selecting previously unselected package node-repeat-string.
#10 63.98 Preparing to unpack .../186-node-repeat-string_1.6.1+repack-1_all.deb ...
#10 63.98 Unpacking node-repeat-string (1.6.1+repack-1) ...
#10 64.00 Selecting previously unselected package node-to-regex-range.
#10 64.01 Preparing to unpack .../187-node-to-regex-range_5.0.1-4_all.deb ...
#10 64.01 Unpacking node-to-regex-range (5.0.1-4) ...
#10 64.03 Selecting previously unselected package node-fill-range.
#10 64.04 Preparing to unpack .../188-node-fill-range_7.1.1+~7.0.3-1_all.deb ...
#10 64.04 Unpacking node-fill-range (7.1.1+~7.0.3-1) ...
#10 64.06 Selecting previously unselected package node-braces.
#10 64.07 Preparing to unpack .../189-node-braces_3.0.3+~3.0.5-1_all.deb ...
#10 64.07 Unpacking node-braces (3.0.3+~3.0.5-1) ...
#10 64.09 Selecting previously unselected package node-normalize-path.
#10 64.09 Preparing to unpack .../190-node-normalize-path_3.0.0+~3.0.0-1_all.deb ...
#10 64.10 Unpacking node-normalize-path (3.0.0+~3.0.0-1) ...
#10 64.12 Selecting previously unselected package node-anymatch.
#10 64.12 Preparing to unpack .../191-node-anymatch_3.1.3+~cs4.6.1-2_all.deb ...
#10 64.12 Unpacking node-anymatch (3.1.3+~cs4.6.1-2) ...
#10 64.15 Selecting previously unselected package node-micromatch.
#10 64.15 Preparing to unpack .../192-node-micromatch_4.0.7+~4.0.9-1_all.deb ...
#10 64.16 Unpacking node-micromatch (4.0.7+~4.0.9-1) ...
#10 64.18 Selecting previously unselected package node-pify.
#10 64.18 Preparing to unpack .../193-node-pify_5.0.0+~cs5.0.1-1_all.deb ...
#10 64.18 Unpacking node-pify (5.0.0+~cs5.0.1-1) ...
#10 64.21 Selecting previously unselected package node-path-type.
#10 64.21 Preparing to unpack .../194-node-path-type_4.0.0-3_all.deb ...
#10 64.21 Unpacking node-path-type (4.0.0-3) ...
#10 64.23 Selecting previously unselected package node-n3.
#10 64.24 Preparing to unpack .../195-node-n3_1.16.3+~1.2.3+~1.10.4-1_all.deb ...
#10 64.24 Unpacking node-n3 (1.16.3+~1.2.3+~1.10.4-1) ...
#10 64.27 Selecting previously unselected package node-slash.
#10 64.27 Preparing to unpack .../196-node-slash_4.0.0-3_all.deb ...
#10 64.27 Unpacking node-slash (4.0.0-3) ...
#10 64.29 Selecting previously unselected package node-globby.
#10 64.30 Preparing to unpack .../197-node-globby_13.1.3+~cs16.25.40-3_all.deb ...
#10 64.30 Unpacking node-globby (13.1.3+~cs16.25.40-3) ...
#10 64.35 Selecting previously unselected package node-graceful-fs.
#10 64.35 Preparing to unpack .../198-node-graceful-fs_4.2.10-1_all.deb ...
#10 64.36 Unpacking node-graceful-fs (4.2.10-1) ...
#10 64.38 Selecting previously unselected package node-is-path-cwd.
#10 64.38 Preparing to unpack .../199-node-is-path-cwd_2.2.0-2_all.deb ...
#10 64.39 Unpacking node-is-path-cwd (2.2.0-2) ...
#10 64.41 Selecting previously unselected package node-path-is-inside.
#10 64.41 Preparing to unpack .../200-node-path-is-inside_1.0.2+~1.0.0-1_all.deb ...
#10 64.42 Unpacking node-path-is-inside (1.0.2+~1.0.0-1) ...
#10 64.44 Selecting previously unselected package node-is-path-inside.
#10 64.44 Preparing to unpack .../201-node-is-path-inside_3.0.3-2_all.deb ...
#10 64.45 Unpacking node-is-path-inside (3.0.3-2) ...
#10 64.47 Selecting previously unselected package node-escape-string-regexp.
#10 64.47 Preparing to unpack .../202-node-escape-string-regexp_4.0.0-2_all.deb ...
#10 64.48 Unpacking node-escape-string-regexp (4.0.0-2) ...
#10 64.50 Selecting previously unselected package node-indent-string.
#10 64.50 Preparing to unpack .../203-node-indent-string_4.0.0-2_all.deb ...
#10 64.50 Unpacking node-indent-string (4.0.0-2) ...
#10 64.53 Selecting previously unselected package node-p-map.
#10 64.53 Preparing to unpack .../204-node-p-map_4.0.0+~3.1.0+~3.0.1-2_all.deb ...
#10 64.53 Unpacking node-p-map (4.0.0+~3.1.0+~3.0.1-2) ...
#10 64.56 Selecting previously unselected package node-del.
#10 64.56 Preparing to unpack .../205-node-del_7.1.0-1_all.deb ...
#10 64.56 Unpacking node-del (7.1.0-1) ...
#10 64.59 Selecting previously unselected package node-make-dir.
#10 64.59 Preparing to unpack .../206-node-make-dir_3.1.0-3_all.deb ...
#10 64.59 Unpacking node-make-dir (3.1.0-3) ...
#10 64.62 Selecting previously unselected package node-p-limit.
#10 64.62 Preparing to unpack .../207-node-p-limit_4.0.0+~cs4.0.0-5_all.deb ...
#10 64.62 Unpacking node-p-limit (4.0.0+~cs4.0.0-5) ...
#10 64.65 Selecting previously unselected package node-p-locate.
#10 64.65 Preparing to unpack .../208-node-p-locate_6.0.0-12_all.deb ...
#10 64.66 Unpacking node-p-locate (6.0.0-12) ...
#10 64.68 Selecting previously unselected package node-locate-path.
#10 64.68 Preparing to unpack .../209-node-locate-path_7.1.1-2_all.deb ...
#10 64.69 Unpacking node-locate-path (7.1.1-2) ...
#10 64.71 Selecting previously unselected package node-path-exists.
#10 64.71 Preparing to unpack .../210-node-path-exists_5.0.0-8_all.deb ...
#10 64.71 Unpacking node-path-exists (5.0.0-8) ...
#10 64.74 Selecting previously unselected package node-find-up.
#10 64.74 Preparing to unpack .../211-node-find-up_6.3.0-7_all.deb ...
#10 64.74 Unpacking node-find-up (6.3.0-7) ...
#10 64.76 Selecting previously unselected package node-pkg-dir.
#10 64.77 Preparing to unpack .../212-node-pkg-dir_5.0.0-2_all.deb ...
#10 64.77 Unpacking node-pkg-dir (5.0.0-2) ...
#10 64.79 Selecting previously unselected package node-find-cache-dir.
#10 64.79 Preparing to unpack .../213-node-find-cache-dir_3.3.2+~3.2.1-1_all.deb ...
#10 64.80 Unpacking node-find-cache-dir (3.3.2+~3.2.1-1) ...
#10 64.82 Selecting previously unselected package node-signal-exit.
#10 64.82 Preparing to unpack .../214-node-signal-exit_4.1.0-7_all.deb ...
#10 64.82 Unpacking node-signal-exit (4.1.0-7) ...
#10 64.85 Selecting previously unselected package node-foreground-child.
#10 64.85 Preparing to unpack .../215-node-foreground-child_3.1.1-2_all.deb ...
#10 64.86 Unpacking node-foreground-child (3.1.1-2) ...
#10 64.88 Selecting previously unselected package node-is-stream.
#10 64.88 Preparing to unpack .../216-node-is-stream_3.0.0-4_all.deb ...
#10 64.89 Unpacking node-is-stream (3.0.0-4) ...
#10 64.91 Selecting previously unselected package node-is-windows.
#10 64.91 Preparing to unpack .../217-node-is-windows_1.0.2+~cs1.0.0-1_all.deb ...
#10 64.92 Unpacking node-is-windows (1.0.2+~cs1.0.0-1) ...
#10 64.94 Selecting previously unselected package node-ampproject-remapping.
#10 64.94 Preparing to unpack .../218-node-ampproject-remapping_2.2.0+~cs5.15.37-1_all.deb ...
#10 64.95 Unpacking node-ampproject-remapping (2.2.0+~cs5.15.37-1) ...
#10 64.99 Selecting previously unselected package node-sprintf-js.
#10 65.00 Preparing to unpack .../219-node-sprintf-js_1.1.2+ds1+~1.1.2-1_all.deb ...
#10 65.01 Unpacking node-sprintf-js (1.1.2+ds1+~1.1.2-1) ...
#10 65.03 Selecting previously unselected package node-argparse.
#10 65.03 Preparing to unpack .../220-node-argparse_2.0.1-2_all.deb ...
#10 65.03 Unpacking node-argparse (2.0.1-2) ...
#10 65.06 Selecting previously unselected package node-js-yaml.
#10 65.06 Preparing to unpack .../221-node-js-yaml_4.1.0+dfsg+~4.0.5-7_all.deb ...
#10 65.07 Unpacking node-js-yaml (4.1.0+dfsg+~4.0.5-7) ...
#10 65.10 Selecting previously unselected package node-nopt.
#10 65.10 Preparing to unpack .../222-node-nopt_5.0.0-4_all.deb ...
#10 65.10 Unpacking node-nopt (5.0.0-4) ...
#10 65.13 Selecting previously unselected package node-npm-run-path.
#10 65.13 Preparing to unpack .../223-node-npm-run-path_5.1.0+~4.0.0-8_all.deb ...
#10 65.13 Unpacking node-npm-run-path (5.1.0+~4.0.0-8) ...
#10 65.16 Selecting previously unselected package node-shebang-regex.
#10 65.16 Preparing to unpack .../224-node-shebang-regex_3.0.0-2_all.deb ...
#10 65.16 Unpacking node-shebang-regex (3.0.0-2) ...
#10 65.19 Selecting previously unselected package node-shebang-command.
#10 65.19 Preparing to unpack .../225-node-shebang-command_2.0.0-1_all.deb ...
#10 65.19 Unpacking node-shebang-command (2.0.0-1) ...
#10 65.21 Selecting previously unselected package node-strip-bom.
#10 65.22 Preparing to unpack .../226-node-strip-bom_4.0.0-2_all.deb ...
#10 65.22 Unpacking node-strip-bom (4.0.0-2) ...
#10 65.24 Selecting previously unselected package node-has-flag.
#10 65.25 Preparing to unpack .../227-node-has-flag_5.0.1-1_all.deb ...
#10 65.25 Unpacking node-has-flag (5.0.1-1) ...
#10 65.27 Selecting previously unselected package node-supports-color.
#10 65.27 Preparing to unpack .../228-node-supports-color_8.1.1+~8.1.1-1_all.deb ...
#10 65.28 Unpacking node-supports-color (8.1.1+~8.1.1-1) ...
#10 65.30 Selecting previously unselected package node-util.
#10 65.30 Preparing to unpack .../229-node-util_0.12.5+~1.0.10-1_all.deb ...
#10 65.31 Unpacking node-util (0.12.5+~1.0.10-1) ...
#10 65.33 Selecting previously unselected package node-assert.
#10 65.33 Preparing to unpack .../230-node-assert_2.0.0+~cs3.9.8-2_all.deb ...
#10 65.33 Unpacking node-assert (2.0.0+~cs3.9.8-2) ...
#10 65.36 Selecting previously unselected package node-babel-plugin-add-module-exports.
#10 65.37 Preparing to unpack .../231-node-babel-plugin-add-module-exports_1.0.4+dfsg1~cs5.8.0-4_all.deb ...
#10 65.37 Unpacking node-babel-plugin-add-module-exports (1.0.4+dfsg1~cs5.8.0-4) ...
#10 65.39 Selecting previously unselected package node-regenerator-runtime.
#10 65.40 Preparing to unpack .../232-node-regenerator-runtime_0.15.2+~0.10.8-1_all.deb ...
#10 65.40 Unpacking node-regenerator-runtime (0.15.2+~0.10.8-1) ...
#10 65.42 Selecting previously unselected package node-babel7-runtime.
#10 65.42 Preparing to unpack .../233-node-babel7-runtime_7.20.15+ds1+~cs214.269.168-8_all.deb ...
#10 65.43 Unpacking node-babel7-runtime (7.20.15+ds1+~cs214.269.168-8) ...
#10 65.47 Selecting previously unselected package node-babel-helper-define-polyfill-provider.
#10 65.47 Preparing to unpack .../234-node-babel-helper-define-polyfill-provider_0.3.3~0~20220913+ds1-1_all.deb ...
#10 65.48 Unpacking node-babel-helper-define-polyfill-provider (0.3.3~0~20220913+ds1-1) ...
#10 65.50 Selecting previously unselected package node-babel-plugin-polyfill-corejs2.
#10 65.51 Preparing to unpack .../235-node-babel-plugin-polyfill-corejs2_0.3.3~0~20220913+ds1-1_all.deb ...
#10 65.51 Unpacking node-babel-plugin-polyfill-corejs2 (0.3.3~0~20220913+ds1-1) ...
#10 65.53 Selecting previously unselected package node-caniuse-lite.
#10 65.54 Preparing to unpack .../236-node-caniuse-lite_1.0.30001723+dfsg+~1.0.5-1_all.deb ...
#10 65.54 Unpacking node-caniuse-lite (1.0.30001723+dfsg+~1.0.5-1) ...
#10 65.66 Selecting previously unselected package node-electron-to-chromium.
#10 65.67 Preparing to unpack .../237-node-electron-to-chromium_1.5.166-1_all.deb ...
#10 65.67 Unpacking node-electron-to-chromium (1.5.166-1) ...
#10 65.69 Selecting previously unselected package node-picocolors.
#10 65.70 Preparing to unpack .../238-node-picocolors_1.0.0-4_all.deb ...
#10 65.70 Unpacking node-picocolors (1.0.0-4) ...
#10 65.72 Selecting previously unselected package node-browserslist.
#10 65.72 Preparing to unpack .../239-node-browserslist_4.25.0+~cs6.3.22-1_all.deb ...
#10 65.73 Unpacking node-browserslist (4.25.0+~cs6.3.22-1) ...
#10 65.76 Selecting previously unselected package node-core-js-compat.
#10 65.76 Preparing to unpack .../240-node-core-js-compat_3.33.2-1_all.deb ...
#10 65.77 Unpacking node-core-js-compat (3.33.2-1) ...
#10 65.79 Selecting previously unselected package node-babel-plugin-polyfill-corejs3.
#10 65.80 Preparing to unpack .../241-node-babel-plugin-polyfill-corejs3_0.6.0~0~20220913+ds1-1_all.deb ...
#10 65.80 Unpacking node-babel-plugin-polyfill-corejs3 (0.6.0~0~20220913+ds1-1) ...
#10 65.83 Selecting previously unselected package node-babel-plugin-polyfill-regenerator.
#10 65.83 Preparing to unpack .../242-node-babel-plugin-polyfill-regenerator_0.4.1~0~20220913+ds1-1_all.deb ...
#10 65.83 Unpacking node-babel-plugin-polyfill-regenerator (0.4.1~0~20220913+ds1-1) ...
#10 65.86 Selecting previously unselected package node-color-name.
#10 65.86 Preparing to unpack .../243-node-color-name_1.1.4+~1.1.1-2_all.deb ...
#10 65.86 Unpacking node-color-name (1.1.4+~1.1.1-2) ...
#10 65.89 Selecting previously unselected package node-color-convert.
#10 65.89 Preparing to unpack .../244-node-color-convert_2.0.1+~cs2.0.0-2_all.deb ...
#10 65.89 Unpacking node-color-convert (2.0.1+~cs2.0.0-2) ...
#10 65.92 Selecting previously unselected package node-ansi-styles.
#10 65.92 Preparing to unpack .../245-node-ansi-styles_6.2.1-3_all.deb ...
#10 65.92 Unpacking node-ansi-styles (6.2.1-3) ...
#10 65.94 Selecting previously unselected package node-chalk.
#10 65.95 Preparing to unpack .../246-node-chalk_5.3.0-1_all.deb ...
#10 65.95 Unpacking node-chalk (5.3.0-1) ...
#10 65.98 Selecting previously unselected package node-for-in.
#10 65.98 Preparing to unpack .../247-node-for-in_1.0.2-4_all.deb ...
#10 65.98 Unpacking node-for-in (1.0.2-4) ...
#10 66.00 Selecting previously unselected package node-for-own.
#10 66.01 Preparing to unpack .../248-node-for-own_1.0.0-3_all.deb ...
#10 66.01 Unpacking node-for-own (1.0.0-3) ...
#10 66.03 Selecting previously unselected package node-is-plain-object.
#10 66.03 Preparing to unpack .../249-node-is-plain-object_5.0.0-7_all.deb ...
#10 66.04 Unpacking node-is-plain-object (5.0.0-7) ...
#10 66.06 Selecting previously unselected package node-is-extendable.
#10 66.06 Preparing to unpack .../250-node-is-extendable_1.0.1-3_all.deb ...
#10 66.07 Unpacking node-is-extendable (1.0.1-3) ...
#10 66.10 Selecting previously unselected package node-clone-deep.
#10 66.11 Preparing to unpack .../251-node-clone-deep_4.0.1+~cs7.0.2-1_all.deb ...
#10 66.11 Unpacking node-clone-deep (4.0.1+~cs7.0.2-1) ...
#10 66.13 Selecting previously unselected package node-commander.
#10 66.13 Preparing to unpack .../252-node-commander_9.4.1-1_all.deb ...
#10 66.14 Unpacking node-commander (9.4.1-1) ...
#10 66.17 Selecting previously unselected package node-core-js.
#10 66.17 Preparing to unpack .../253-node-core-js_3.33.2-1_all.deb ...
#10 66.17 Unpacking node-core-js (3.33.2-1) ...
#10 66.56 Selecting previously unselected package node-core-js-pure.
#10 66.57 Preparing to unpack .../254-node-core-js-pure_3.33.2-1_all.deb ...
#10 66.57 Unpacking node-core-js-pure (3.33.2-1) ...
#10 67.00 Selecting previously unselected package node-fs-readdir-recursive.
#10 67.00 Preparing to unpack .../255-node-fs-readdir-recursive_1.1.0+~1.1.0-1_all.deb ...
#10 67.01 Unpacking node-fs-readdir-recursive (1.1.0+~1.1.0-1) ...
#10 67.03 Selecting previously unselected package node-js-tokens.
#10 67.04 Preparing to unpack .../256-node-js-tokens_8.0.0-2_all.deb ...
#10 67.04 Unpacking node-js-tokens (8.0.0-2) ...
#10 67.07 Selecting previously unselected package node-jsesc.
#10 67.07 Preparing to unpack .../257-node-jsesc_3.0.2+~3.0.1-1_all.deb ...
#10 67.07 Unpacking node-jsesc (3.0.2+~3.0.1-1) ...
#10 67.10 Selecting previously unselected package node-json5.
#10 67.10 Preparing to unpack .../258-node-json5_2.2.3+dfsg-1_all.deb ...
#10 67.11 Unpacking node-json5 (2.2.3+dfsg-1) ...
#10 67.13 Selecting previously unselected package node-quick-lru.
#10 67.14 Preparing to unpack .../259-node-quick-lru_6.1.1-4_all.deb ...
#10 67.14 Unpacking node-quick-lru (6.1.1-4) ...
#10 67.17 Selecting previously unselected package node-regenerator-transform.
#10 67.17 Preparing to unpack .../260-node-regenerator-transform_0.15.2+~0.10.8-1_all.deb ...
#10 67.17 Unpacking node-regenerator-transform (0.15.2+~0.10.8-1) ...
#10 67.20 Selecting previously unselected package node-regjsgen.
#10 67.20 Preparing to unpack .../261-node-regjsgen_0.7.1+ds-1_all.deb ...
#10 67.21 Unpacking node-regjsgen (0.7.1+ds-1) ...
#10 67.23 Selecting previously unselected package node-regjsparser.
#10 67.24 Preparing to unpack .../262-node-regjsparser_0.9.1+ds-2_all.deb ...
#10 67.24 Unpacking node-regjsparser (0.9.1+ds-2) ...
#10 67.27 Selecting previously unselected package node-unicode-canonical-property-names-ecmascript.
#10 67.27 Preparing to unpack .../263-node-unicode-canonical-property-names-ecmascript_2.0.0-2_all.deb ...
#10 67.27 Unpacking node-unicode-canonical-property-names-ecmascript (2.0.0-2) ...
#10 67.30 Selecting previously unselected package node-unicode-property-aliases-ecmascript.
#10 67.30 Preparing to unpack .../264-node-unicode-property-aliases-ecmascript_2.1.0+ds-1_all.deb ...
#10 67.30 Unpacking node-unicode-property-aliases-ecmascript (2.1.0+ds-1) ...
#10 67.33 Selecting previously unselected package node-unicode-match-property-ecmascript.
#10 67.33 Preparing to unpack .../265-node-unicode-match-property-ecmascript_2.0.0-2_all.deb ...
#10 67.33 Unpacking node-unicode-match-property-ecmascript (2.0.0-2) ...
#10 67.36 Selecting previously unselected package node-unicode-match-property-value-ecmascript.
#10 67.36 Preparing to unpack .../266-node-unicode-match-property-value-ecmascript_2.1.0+ds-1_all.deb ...
#10 67.36 Unpacking node-unicode-match-property-value-ecmascript (2.1.0+ds-1) ...
#10 67.39 Selecting previously unselected package node-regexpu-core.
#10 67.39 Preparing to unpack .../267-node-regexpu-core_5.2.2-3_all.deb ...
#10 67.39 Unpacking node-regexpu-core (5.2.2-3) ...
#10 67.42 Selecting previously unselected package node-source-map-support.
#10 67.42 Preparing to unpack .../268-node-source-map-support_0.5.21+ds+~0.5.10-1_all.deb ...
#10 67.43 Unpacking node-source-map-support (0.5.21+ds+~0.5.10-1) ...
#10 67.45 Selecting previously unselected package node-to-fast-properties.
#10 67.46 Preparing to unpack .../269-node-to-fast-properties_3.0.1-3_all.deb ...
#10 67.46 Unpacking node-to-fast-properties (3.0.1-3) ...
#10 67.49 Selecting previously unselected package node-v8flags.
#10 67.50 Preparing to unpack .../270-node-v8flags_3.2.0+~3.1.1-1_all.deb ...
#10 67.50 Unpacking node-v8flags (3.2.0+~3.1.1-1) ...
#10 67.53 Selecting previously unselected package node-babel7.
#10 67.54 Preparing to unpack .../271-node-babel7_7.20.15+ds1+~cs214.269.168-8_all.deb ...
#10 67.54 Unpacking node-babel7 (7.20.15+ds1+~cs214.269.168-8) ...
#10 68.08 Selecting previously unselected package node-is-arrayish.
#10 68.09 Preparing to unpack .../272-node-is-arrayish_0.3.2-3_all.deb ...
#10 68.09 Unpacking node-is-arrayish (0.3.2-3) ...
#10 68.11 Selecting previously unselected package node-error-ex.
#10 68.12 Preparing to unpack .../273-node-error-ex_1.3.2-4_all.deb ...
#10 68.12 Unpacking node-error-ex (1.3.2-4) ...
#10 68.14 Selecting previously unselected package node-json-parse-better-errors.
#10 68.15 Preparing to unpack .../274-node-json-parse-better-errors_1.0.2+~cs3.3.1-3_all.deb ...
#10 68.15 Unpacking node-json-parse-better-errors (1.0.2+~cs3.3.1-3) ...
#10 68.17 Selecting previously unselected package node-parse-json.
#10 68.18 Preparing to unpack .../275-node-parse-json_5.2.0+~cs5.1.7-2_all.deb ...
#10 68.18 Unpacking node-parse-json (5.2.0+~cs5.1.7-2) ...
#10 68.21 Selecting previously unselected package node-hosted-git-info.
#10 68.21 Preparing to unpack .../276-node-hosted-git-info_6.1.1-2_all.deb ...
#10 68.21 Unpacking node-hosted-git-info (6.1.1-2) ...
#10 68.24 Selecting previously unselected package node-spdx-license-ids.
#10 68.24 Preparing to unpack .../277-node-spdx-license-ids_3.0.12-1_all.deb ...
#10 68.24 Unpacking node-spdx-license-ids (3.0.12-1) ...
#10 68.27 Selecting previously unselected package node-spdx-exceptions.
#10 68.27 Preparing to unpack .../278-node-spdx-exceptions_2.3.0-2_all.deb ...
#10 68.27 Unpacking node-spdx-exceptions (2.3.0-2) ...
#10 68.30 Selecting previously unselected package node-spdx-expression-parse.
#10 68.30 Preparing to unpack .../279-node-spdx-expression-parse_3.0.1+~3.0.1-1_all.deb ...
#10 68.31 Unpacking node-spdx-expression-parse (3.0.1+~3.0.1-1) ...
#10 68.33 Selecting previously unselected package node-spdx-correct.
#10 68.33 Preparing to unpack .../280-node-spdx-correct_3.1.1-2_all.deb ...
#10 68.33 Unpacking node-spdx-correct (3.1.1-2) ...
#10 68.36 Selecting previously unselected package node-validate-npm-package-license.
#10 68.36 Preparing to unpack .../281-node-validate-npm-package-license_3.0.4-2_all.deb ...
#10 68.36 Unpacking node-validate-npm-package-license (3.0.4-2) ...
#10 68.39 Selecting previously unselected package node-normalize-package-data.
#10 68.39 Preparing to unpack .../282-node-normalize-package-data_4.0.1+~2.4.1-1_all.deb ...
#10 68.40 Unpacking node-normalize-package-data (4.0.1+~2.4.1-1) ...
#10 68.42 Selecting previously unselected package node-read-pkg.
#10 68.43 Preparing to unpack .../283-node-read-pkg_5.2.0-2_all.deb ...
#10 68.43 Unpacking node-read-pkg (5.2.0-2) ...
#10 68.46 Selecting previously unselected package node-uuid.
#10 68.46 Preparing to unpack .../284-node-uuid_8.3.2+~8.3.4-1_all.deb ...
#10 68.46 Unpacking node-uuid (8.3.2+~8.3.4-1) ...
#10 68.49 Selecting previously unselected package node-isexe.
#10 68.50 Preparing to unpack .../285-node-isexe_2.0.0+~2.0.1-5_all.deb ...
#10 68.50 Unpacking node-isexe (2.0.0+~2.0.1-5) ...
#10 68.53 Selecting previously unselected package node-which.
#10 68.53 Preparing to unpack .../286-node-which_2.0.2+~cs1.3.2-3_all.deb ...
#10 68.53 Unpacking node-which (2.0.2+~cs1.3.2-3) ...
#10 68.56 Selecting previously unselected package node-is-typedarray.
#10 68.56 Preparing to unpack .../287-node-is-typedarray_1.0.0-4_all.deb ...
#10 68.56 Unpacking node-is-typedarray (1.0.0-4) ...
#10 68.59 Selecting previously unselected package node-typedarray-to-buffer.
#10 68.59 Preparing to unpack .../288-node-typedarray-to-buffer_4.0.0-2_all.deb ...
#10 68.59 Unpacking node-typedarray-to-buffer (4.0.0-2) ...
#10 68.61 Selecting previously unselected package node-write-file-atomic.
#10 68.62 Preparing to unpack .../289-node-write-file-atomic_4.0.2+~4.0.0-2_all.deb ...
#10 68.62 Unpacking node-write-file-atomic (4.0.2+~4.0.0-2) ...
#10 68.65 Selecting previously unselected package node-slice-ansi.
#10 68.65 Preparing to unpack .../290-node-slice-ansi_5.0.0+~cs9.0.0-5_all.deb ...
#10 68.65 Unpacking node-slice-ansi (5.0.0+~cs9.0.0-5) ...
#10 68.68 Selecting previously unselected package node-ansi-regex.
#10 68.68 Preparing to unpack .../291-node-ansi-regex_5.0.1-1_all.deb ...
#10 68.68 Unpacking node-ansi-regex (5.0.1-1) ...
#10 68.71 Selecting previously unselected package node-strip-ansi.
#10 68.71 Preparing to unpack .../292-node-strip-ansi_6.0.1-2_all.deb ...
#10 68.71 Unpacking node-strip-ansi (6.0.1-2) ...
#10 68.74 Selecting previously unselected package node-clone.
#10 68.74 Preparing to unpack .../293-node-clone_2.1.2+~2.1.2-1_all.deb ...
#10 68.74 Unpacking node-clone (2.1.2+~2.1.2-1) ...
#10 68.77 Selecting previously unselected package node-defaults.
#10 68.77 Preparing to unpack .../294-node-defaults_1.0.4+~1.0.3-1_all.deb ...
#10 68.77 Unpacking node-defaults (1.0.4+~1.0.3-1) ...
#10 68.80 Selecting previously unselected package node-wcwidth.js.
#10 68.80 Preparing to unpack .../295-node-wcwidth.js_1.0.2-2_all.deb ...
#10 68.80 Unpacking node-wcwidth.js (1.0.2-2) ...
#10 68.83 Selecting previously unselected package node-string-width.
#10 68.83 Preparing to unpack .../296-node-string-width_4.2.3+~cs13.2.3-1_all.deb ...
#10 68.83 Unpacking node-string-width (4.2.3+~cs13.2.3-1) ...
#10 68.86 Selecting previously unselected package node-wrap-ansi.
#10 68.86 Preparing to unpack .../297-node-wrap-ansi_8.0.1+~8.0.1-3_all.deb ...
#10 68.87 Unpacking node-wrap-ansi (8.0.1+~8.0.1-3) ...
#10 68.89 Selecting previously unselected package node-cliui.
#10 68.89 Preparing to unpack .../298-node-cliui_7.0.4+repack+1+~cs1.4.2-2_all.deb ...
#10 68.90 Unpacking node-cliui (7.0.4+repack+1+~cs1.4.2-2) ...
#10 68.92 Selecting previously unselected package node-get-caller-file.
#10 68.93 Preparing to unpack .../299-node-get-caller-file_2.0.5+~cs1.1.1-4_all.deb ...
#10 68.93 Unpacking node-get-caller-file (2.0.5+~cs1.1.1-4) ...
#10 68.96 Selecting previously unselected package node-require-directory.
#10 68.96 Preparing to unpack .../300-node-require-directory_2.1.1+~2.1.2-1_all.deb ...
#10 68.96 Unpacking node-require-directory (2.1.1+~2.1.2-1) ...
#10 68.99 Selecting previously unselected package node-y18n.
#10 68.99 Preparing to unpack .../301-node-y18n_5.0.8+~5.0.0-3_all.deb ...
#10 69.00 Unpacking node-y18n (5.0.8+~5.0.0-3) ...
#10 69.02 Selecting previously unselected package node-camelcase.
#10 69.03 Preparing to unpack .../302-node-camelcase_7.0.0-3_all.deb ...
#10 69.03 Unpacking node-camelcase (7.0.0-3) ...
#10 69.05 Selecting previously unselected package node-yargs-parser.
#10 69.05 Preparing to unpack .../303-node-yargs-parser_21.1.1+~21.0.0-4_all.deb ...
#10 69.06 Unpacking node-yargs-parser (21.1.1+~21.0.0-4) ...
#10 69.09 Selecting previously unselected package node-yargs.
#10 69.09 Preparing to unpack .../304-node-yargs_16.2.0+~16.0.4-7_all.deb ...
#10 69.10 Unpacking node-yargs (16.2.0+~16.0.4-7) ...
#10 69.14 Selecting previously unselected package node-istanbul.
#10 69.14 Preparing to unpack .../305-node-istanbul_0.4.5+repack10+~cs98.25.59-3_all.deb ...
#10 69.14 Unpacking node-istanbul (0.4.5+repack10+~cs98.25.59-3) ...
#10 69.23 Selecting previously unselected package node-through.
#10 69.23 Preparing to unpack .../306-node-through_2.3.8+~cs0.0.30-1_all.deb ...
#10 69.24 Unpacking node-through (2.3.8+~cs0.0.30-1) ...
#10 69.26 Selecting previously unselected package node-resumer.
#10 69.27 Preparing to unpack .../307-node-resumer_0.0.0-6_all.deb ...
#10 69.27 Unpacking node-resumer (0.0.0-6) ...
#10 69.30 Selecting previously unselected package node-tape.
#10 69.30 Preparing to unpack .../308-node-tape_5.6.1+~cs8.20.19-3_all.deb ...
#10 69.31 Unpacking node-tape (5.6.1+~cs8.20.19-3) ...
#10 69.34 Selecting previously unselected package node-deep-equal.
#10 69.35 Preparing to unpack .../309-node-deep-equal_2.2.3+~cs43.15.94-1_all.deb ...
#10 69.35 Unpacking node-deep-equal (2.2.3+~cs43.15.94-1) ...
#10 69.42 Selecting previously unselected package libjs-util.
#10 69.42 Preparing to unpack .../310-libjs-util_0.12.5+~1.0.10-1_all.deb ...
#10 69.43 Unpacking libjs-util (0.12.5+~1.0.10-1) ...
#10 69.45 Selecting previously unselected package libjsoncpp-dev:amd64.
#10 69.46 Preparing to unpack .../311-libjsoncpp-dev_1.9.6-3_amd64.deb ...
#10 69.46 Unpacking libjsoncpp-dev:amd64 (1.9.6-3) ...
#10 69.49 Selecting previously unselected package libmbedcrypto16:amd64.
#10 69.49 Preparing to unpack .../312-libmbedcrypto16_3.6.6-0.1~deb13u1_amd64.deb ...
#10 69.50 Unpacking libmbedcrypto16:amd64 (3.6.6-0.1~deb13u1) ...
#10 69.53 Selecting previously unselected package libmbedx509-7:amd64.
#10 69.54 Preparing to unpack .../313-libmbedx509-7_3.6.6-0.1~deb13u1_amd64.deb ...
#10 69.54 Unpacking libmbedx509-7:amd64 (3.6.6-0.1~deb13u1) ...
#10 69.57 Selecting previously unselected package libmbedtls21:amd64.
#10 69.57 Preparing to unpack .../314-libmbedtls21_3.6.6-0.1~deb13u1_amd64.deb ...
#10 69.57 Unpacking libmbedtls21:amd64 (3.6.6-0.1~deb13u1) ...
#10 69.60 Selecting previously unselected package libmbedtls-dev:amd64.
#10 69.61 Preparing to unpack .../315-libmbedtls-dev_3.6.6-0.1~deb13u1_amd64.deb ...
#10 69.61 Unpacking libmbedtls-dev:amd64 (3.6.6-0.1~deb13u1) ...
#10 69.66 Selecting previously unselected package libmnl0:amd64.
#10 69.67 Preparing to unpack .../316-libmnl0_1.0.5-3_amd64.deb ...
#10 69.67 Unpacking libmnl0:amd64 (1.0.5-3) ...
#10 69.70 Selecting previously unselected package libncurses6:amd64.
#10 69.70 Preparing to unpack .../317-libncurses6_6.5+20250216-2_amd64.deb ...
#10 69.70 Unpacking libncurses6:amd64 (6.5+20250216-2) ...
#10 69.73 Selecting previously unselected package libncurses-dev:amd64.
#10 69.74 Preparing to unpack .../318-libncurses-dev_6.5+20250216-2_amd64.deb ...
#10 69.74 Unpacking libncurses-dev:amd64 (6.5+20250216-2) ...
#10 69.78 Selecting previously unselected package libnfnetlink0:amd64.
#10 69.78 Preparing to unpack .../319-libnfnetlink0_1.0.2-3_amd64.deb ...
#10 69.79 Unpacking libnfnetlink0:amd64 (1.0.2-3) ...
#10 69.81 Selecting previously unselected package libnetfilter-queue1:amd64.
#10 69.82 Preparing to unpack .../320-libnetfilter-queue1_1.0.5-4+b1_amd64.deb ...
#10 69.82 Unpacking libnetfilter-queue1:amd64 (1.0.5-4+b1) ...
#10 69.85 Selecting previously unselected package libnfnetlink-dev:amd64.
#10 69.85 Preparing to unpack .../321-libnfnetlink-dev_1.0.2-3_amd64.deb ...
#10 69.85 Unpacking libnfnetlink-dev:amd64 (1.0.2-3) ...
#10 69.88 Selecting previously unselected package pkg-config:amd64.
#10 69.88 Preparing to unpack .../322-pkg-config_1.8.1-4_amd64.deb ...
#10 69.89 Unpacking pkg-config:amd64 (1.8.1-4) ...
#10 69.91 Selecting previously unselected package libnetfilter-queue-dev:amd64.
#10 69.91 Preparing to unpack .../323-libnetfilter-queue-dev_1.0.5-4+b1_amd64.deb ...
#10 69.92 Unpacking libnetfilter-queue-dev:amd64 (1.0.5-4+b1) ...
#10 69.94 Selecting previously unselected package libssl-dev:amd64.
#10 69.94 Preparing to unpack .../324-libssl-dev_3.5.7-1~deb13u2_amd64.deb ...
#10 69.95 Unpacking libssl-dev:amd64 (3.5.7-1~deb13u2) ...
#10 70.08 Selecting previously unselected package libuv1-dev:amd64.
#10 70.08 Preparing to unpack .../325-libuv1-dev_1.50.0-2_amd64.deb ...
#10 70.08 Unpacking libuv1-dev:amd64 (1.50.0-2) ...
#10 70.11 Selecting previously unselected package libnode-dev.
#10 70.11 Preparing to unpack .../326-libnode-dev_20.19.2+dfsg-1+deb13u2_amd64.deb ...
#10 70.12 Unpacking libnode-dev (20.19.2+dfsg-1+deb13u2) ...
#10 70.20 Selecting previously unselected package zlib1g-dev:amd64.
#10 70.20 Preparing to unpack .../327-zlib1g-dev_1%3a1.3.dfsg+really1.3.1-1+b1_amd64.deb ...
#10 70.21 Unpacking zlib1g-dev:amd64 (1:1.3.dfsg+really1.3.1-1+b1) ...
#10 70.24 Selecting previously unselected package libprotobuf32t64:amd64.
#10 70.25 Preparing to unpack .../328-libprotobuf32t64_3.21.12-11+deb13u1_amd64.deb ...
#10 70.25 Unpacking libprotobuf32t64:amd64 (3.21.12-11+deb13u1) ...
#10 70.30 Selecting previously unselected package libprotobuf-lite32t64:amd64.
#10 70.31 Preparing to unpack .../329-libprotobuf-lite32t64_3.21.12-11+deb13u1_amd64.deb ...
#10 70.31 Unpacking libprotobuf-lite32t64:amd64 (3.21.12-11+deb13u1) ...
#10 70.34 Selecting previously unselected package libprotobuf-dev:amd64.
#10 70.35 Preparing to unpack .../330-libprotobuf-dev_3.21.12-11+deb13u1_amd64.deb ...
#10 70.35 Unpacking libprotobuf-dev:amd64 (3.21.12-11+deb13u1) ...
#10 70.43 Selecting previously unselected package libprotoc32t64:amd64.
#10 70.44 Preparing to unpack .../331-libprotoc32t64_3.21.12-11+deb13u1_amd64.deb ...
#10 70.44 Unpacking libprotoc32t64:amd64 (3.21.12-11+deb13u1) ...
#10 70.49 Selecting previously unselected package libreadline-dev:amd64.
#10 70.49 Preparing to unpack .../332-libreadline-dev_8.2-6_amd64.deb ...
#10 70.50 Unpacking libreadline-dev:amd64 (8.2-6) ...
#10 70.52 Selecting previously unselected package node-agent-base.
#10 70.53 Preparing to unpack .../333-node-agent-base_7.1.1~0~2024040606-6+deb13u1_all.deb ...
#10 70.53 Unpacking node-agent-base (7.1.1~0~2024040606-6+deb13u1) ...
#10 70.56 Selecting previously unselected package node-ajv-keywords.
#10 70.56 Preparing to unpack .../334-node-ajv-keywords_5.1.0-4_all.deb ...
#10 70.56 Unpacking node-ajv-keywords (5.1.0-4) ...
#10 70.62 Selecting previously unselected package node-ansi-escapes.
#10 70.62 Preparing to unpack .../335-node-ansi-escapes_5.0.0+really.4.3.1-1_all.deb ...
#10 70.62 Unpacking node-ansi-escapes (5.0.0+really.4.3.1-1) ...
#10 70.65 Selecting previously unselected package node-aproba.
#10 70.65 Preparing to unpack .../336-node-aproba_2.0.0-3_all.deb ...
#10 70.65 Unpacking node-aproba (2.0.0-3) ...
#10 70.68 Selecting previously unselected package node-delegates.
#10 70.68 Preparing to unpack .../337-node-delegates_1.0.0-3_all.deb ...
#10 70.69 Unpacking node-delegates (1.0.0-3) ...
#10 70.71 Selecting previously unselected package node-are-we-there-yet.
#10 70.71 Preparing to unpack .../338-node-are-we-there-yet_3.0.1+~1.1.0-1_all.deb ...
#10 70.72 Unpacking node-are-we-there-yet (3.0.1+~1.1.0-1) ...
#10 70.74 Selecting previously unselected package node-async-each.
#10 70.74 Preparing to unpack .../339-node-async-each_1.0.3-3_all.deb ...
#10 70.75 Unpacking node-async-each (1.0.3-3) ...
#10 70.77 Selecting previously unselected package node-babel-plugin-lodash.
#10 70.77 Preparing to unpack .../340-node-babel-plugin-lodash_3.3.4+~cs2.0.1-7_all.deb ...
#10 70.78 Unpacking node-babel-plugin-lodash (3.3.4+~cs2.0.1-7) ...
#10 70.80 Selecting previously unselected package node-base64-js.
#10 70.81 Preparing to unpack .../341-node-base64-js_1.5.1+dfsg+~1.3.0-2_all.deb ...
#10 70.81 Unpacking node-base64-js (1.5.1+dfsg+~1.3.0-2) ...
#10 70.83 Selecting previously unselected package node-binary-extensions.
#10 70.84 Preparing to unpack .../342-node-binary-extensions_2.2.0-2_all.deb ...
#10 70.84 Unpacking node-binary-extensions (2.2.0-2) ...
#10 70.86 Selecting previously unselected package node-builtins.
#10 70.87 Preparing to unpack .../343-node-builtins_5.0.1-1_all.deb ...
#10 70.87 Unpacking node-builtins (5.0.1-1) ...
#10 70.89 Selecting previously unselected package node-chownr.
#10 70.90 Preparing to unpack .../344-node-chownr_2.0.0-3_all.deb ...
#10 70.90 Unpacking node-chownr (2.0.0-3) ...
#10 70.92 Selecting previously unselected package node-iconv-lite.
#10 70.93 Preparing to unpack .../345-node-iconv-lite_0.6.3-3_all.deb ...
#10 70.93 Unpacking node-iconv-lite (0.6.3-3) ...
#10 70.96 Selecting previously unselected package node-encoding.
#10 70.96 Preparing to unpack .../346-node-encoding_0.1.13-2_all.deb ...
#10 70.97 Unpacking node-encoding (0.1.13-2) ...
#10 70.99 Selecting previously unselected package node-jsonparse.
#10 71.00 Preparing to unpack .../347-node-jsonparse_1.3.1-10_all.deb ...
#10 71.00 Unpacking node-jsonparse (1.3.1-10) ...
#10 71.02 Selecting previously unselected package node-yallist.
#10 71.03 Preparing to unpack .../348-node-yallist_4.0.0+~4.0.1-1_all.deb ...
#10 71.03 Unpacking node-yallist (4.0.0+~4.0.1-1) ...
#10 71.06 Selecting previously unselected package node-minipass.
#10 71.06 Preparing to unpack .../349-node-minipass_5.0.0+~cs10.3.21-3_all.deb ...
#10 71.06 Unpacking node-minipass (5.0.0+~cs10.3.21-3) ...
#10 71.10 Selecting previously unselected package node-iferr.
#10 71.10 Preparing to unpack .../350-node-iferr_1.0.2+~1.0.2-1_all.deb ...
#10 71.10 Unpacking node-iferr (1.0.2+~1.0.2-1) ...
#10 71.13 Selecting previously unselected package node-fs-write-stream-atomic.
#10 71.13 Preparing to unpack .../351-node-fs-write-stream-atomic_1.0.10-6_all.deb ...
#10 71.13 Unpacking node-fs-write-stream-atomic (1.0.10-6) ...
#10 71.16 Selecting previously unselected package node-run-queue.
#10 71.16 Preparing to unpack .../352-node-run-queue_2.0.0-3_all.deb ...
#10 71.17 Unpacking node-run-queue (2.0.0-3) ...
#10 71.19 Selecting previously unselected package node-copy-concurrently.
#10 71.19 Preparing to unpack .../353-node-copy-concurrently_1.0.5-9_all.deb ...
#10 71.20 Unpacking node-copy-concurrently (1.0.5-9) ...
#10 71.22 Selecting previously unselected package node-move-concurrently.
#10 71.23 Preparing to unpack .../354-node-move-concurrently_1.0.1-5_all.deb ...
#10 71.23 Unpacking node-move-concurrently (1.0.1-5) ...
#10 71.25 Selecting previously unselected package node-promise-inflight.
#10 71.26 Preparing to unpack .../355-node-promise-inflight_1.0.1+~1.0.0-1_all.deb ...
#10 71.26 Unpacking node-promise-inflight (1.0.1+~1.0.0-1) ...
#10 71.29 Selecting previously unselected package node-ssri.
#10 71.29 Preparing to unpack .../356-node-ssri_9.0.1-3_all.deb ...
#10 71.29 Unpacking node-ssri (9.0.1-3) ...
#10 71.32 Selecting previously unselected package node-unique-filename.
#10 71.32 Preparing to unpack .../357-node-unique-filename_1.1.1+ds-2_all.deb ...
#10 71.32 Unpacking node-unique-filename (1.1.1+ds-2) ...
#10 71.35 Selecting previously unselected package node-cacache.
#10 71.35 Preparing to unpack .../358-node-cacache_17.0.3+~cs10.3.7-2_all.deb ...
#10 71.35 Unpacking node-cacache (17.0.3+~cs10.3.7-2) ...
#10 71.39 Selecting previously unselected package node-is-binary-path.
#10 71.40 Preparing to unpack .../359-node-is-binary-path_2.1.0-5_all.deb ...
#10 71.40 Unpacking node-is-binary-path (2.1.0-5) ...
#10 71.42 Selecting previously unselected package node-path-is-absolute.
#10 71.43 Preparing to unpack .../360-node-path-is-absolute_2.0.0-2_all.deb ...
#10 71.43 Unpacking node-path-is-absolute (2.0.0-2) ...
#10 71.45 Selecting previously unselected package node-set-immediate-shim.
#10 71.46 Preparing to unpack .../361-node-set-immediate-shim_2.0.0-2_all.deb ...
#10 71.46 Unpacking node-set-immediate-shim (2.0.0-2) ...
#10 71.48 Selecting previously unselected package node-readdirp.
#10 71.49 Preparing to unpack .../362-node-readdirp_3.6.0-1_all.deb ...
#10 71.49 Unpacking node-readdirp (3.6.0-1) ...
#10 71.52 Selecting previously unselected package node-chokidar.
#10 71.52 Preparing to unpack .../363-node-chokidar_3.6.0-3_all.deb ...
#10 71.52 Unpacking node-chokidar (3.6.0-3) ...
#10 71.55 Selecting previously unselected package node-tslib.
#10 71.56 Preparing to unpack .../364-node-tslib_2.4.1-1_all.deb ...
#10 71.56 Unpacking node-tslib (2.4.1-1) ...
#10 71.59 Selecting previously unselected package node-chrome-trace-event.
#10 71.60 Preparing to unpack .../365-node-chrome-trace-event_1.0.3-2_all.deb ...
#10 71.60 Unpacking node-chrome-trace-event (1.0.3-2) ...
#10 71.63 Selecting previously unselected package node-ci-info.
#10 71.64 Preparing to unpack .../366-node-ci-info_4.0.0+~cs1.1.0-1_all.deb ...
#10 71.64 Unpacking node-ci-info (4.0.0+~cs1.1.0-1) ...
#10 71.67 Selecting previously unselected package node-colors.
#10 71.67 Preparing to unpack .../367-node-colors_1.4.0-4_all.deb ...
#10 71.67 Unpacking node-colors (1.4.0-4) ...
#10 71.71 Selecting previously unselected package node-cli-table.
#10 71.71 Preparing to unpack .../368-node-cli-table_0.3.11+~cs0.13.4-3_all.deb ...
#10 71.71 Unpacking node-cli-table (0.3.11+~cs0.13.4-3) ...
#10 71.74 Selecting previously unselected package node-columnify.
#10 71.75 Preparing to unpack .../369-node-columnify_1.6.0+~1.5.1-1_all.deb ...
#10 71.75 Unpacking node-columnify (1.6.0+~1.5.1-1) ...
#10 71.78 Selecting previously unselected package node-console-control-strings.
#10 71.78 Preparing to unpack .../370-node-console-control-strings_1.1.0-3_all.deb ...
#10 71.78 Unpacking node-console-control-strings (1.1.0-3) ...
#10 71.81 Selecting previously unselected package node-css-selector-tokenizer.
#10 71.81 Preparing to unpack .../371-node-css-selector-tokenizer_0.8.0+~cs4.8.3-1_all.deb ...
#10 71.82 Unpacking node-css-selector-tokenizer (0.8.0+~cs4.8.3-1) ...
#10 71.84 Selecting previously unselected package node-postcss.
#10 71.85 Preparing to unpack .../372-node-postcss_8.4.49+~cs9.2.32-1_all.deb ...
#10 71.85 Unpacking node-postcss (8.4.49+~cs9.2.32-1) ...
#10 71.89 Selecting previously unselected package node-icss-utils.
#10 71.89 Preparing to unpack .../373-node-icss-utils_5.1.0+~5.1.0-1_all.deb ...
#10 71.90 Unpacking node-icss-utils (5.1.0+~5.1.0-1) ...
#10 71.92 Selecting previously unselected package node-postcss-modules-extract-imports.
#10 71.92 Preparing to unpack .../374-node-postcss-modules-extract-imports_3.0.0-2_all.deb ...
#10 71.93 Unpacking node-postcss-modules-extract-imports (3.0.0-2) ...
#10 71.95 Selecting previously unselected package node-postcss-modules-values.
#10 71.95 Preparing to unpack .../375-node-postcss-modules-values_4.0.0+~4.0.0-1_all.deb ...
#10 71.96 Unpacking node-postcss-modules-values (4.0.0+~4.0.0-1) ...
#10 71.98 Selecting previously unselected package node-postcss-value-parser.
#10 71.99 Preparing to unpack .../376-node-postcss-value-parser_4.2.0-1_all.deb ...
#10 71.99 Unpacking node-postcss-value-parser (4.2.0-1) ...
#10 72.01 Selecting previously unselected package node-prr.
#10 72.02 Preparing to unpack .../377-node-prr_1.0.1-3_all.deb ...
#10 72.02 Unpacking node-prr (1.0.1-3) ...
#10 72.04 Selecting previously unselected package node-errno.
#10 72.05 Preparing to unpack .../378-node-errno_1.0.0-3_all.deb ...
#10 72.05 Unpacking node-errno (1.0.0-3) ...
#10 72.07 Selecting previously unselected package node-memory-fs.
#10 72.08 Preparing to unpack .../379-node-memory-fs_0.5.0+~0.3.3-2_all.deb ...
#10 72.08 Unpacking node-memory-fs (0.5.0+~0.3.3-2) ...
#10 72.10 Selecting previously unselected package node-tapable.
#10 72.11 Preparing to unpack .../380-node-tapable_2.2.1-3_all.deb ...
#10 72.11 Unpacking node-tapable (2.2.1-3) ...
#10 72.14 Selecting previously unselected package node-enhanced-resolve.
#10 72.14 Preparing to unpack .../381-node-enhanced-resolve_5.15.0-1_all.deb ...
#10 72.14 Unpacking node-enhanced-resolve (5.15.0-1) ...
#10 72.18 Selecting previously unselected package node-es-module-lexer.
#10 72.18 Preparing to unpack .../382-node-es-module-lexer_1.1.0+dfsg-3_all.deb ...
#10 72.18 Unpacking node-es-module-lexer (1.1.0+dfsg-3) ...
#10 72.21 Selecting previously unselected package node-events.
#10 72.21 Preparing to unpack .../383-node-events_3.3.0+~3.0.0-3_all.deb ...
#10 72.21 Unpacking node-events (3.3.0+~3.0.0-3) ...
#10 72.24 Selecting previously unselected package node-resolve-cwd.
#10 72.24 Preparing to unpack .../384-node-resolve-cwd_3.0.0-2_all.deb ...
#10 72.25 Unpacking node-resolve-cwd (3.0.0-2) ...
#10 72.27 Selecting previously unselected package node-jest-debbundle.
#10 72.27 Preparing to unpack .../385-node-jest-debbundle_29.6.2~ds1+~cs73.45.28-5_all.deb ...
#10 72.28 Unpacking node-jest-debbundle (29.6.2~ds1+~cs73.45.28-5) ...
#10 72.34 Selecting previously unselected package node-interpret.
#10 72.34 Preparing to unpack .../386-node-interpret_2.2.0-3_all.deb ...
#10 72.35 Unpacking node-interpret (2.2.0-3) ...
#10 72.37 Selecting previously unselected package node-merge-stream.
#10 72.38 Preparing to unpack .../387-node-merge-stream_2.0.0+~1.1.2-2_all.deb ...
#10 72.38 Unpacking node-merge-stream (2.0.0+~1.1.2-2) ...
#10 72.40 Selecting previously unselected package node-jest-worker.
#10 72.41 Preparing to unpack .../388-node-jest-worker_29.6.2~ds1+~cs73.45.28-5_all.deb ...
#10 72.41 Unpacking node-jest-worker (29.6.2~ds1+~cs73.45.28-5) ...
#10 72.45 Selecting previously unselected package node-loader-runner.
#10 72.46 Preparing to unpack .../389-node-loader-runner_4.3.0-1_all.deb ...
#10 72.46 Unpacking node-loader-runner (4.3.0-1) ...
#10 72.49 Selecting previously unselected package node-mime.
#10 72.49 Preparing to unpack .../390-node-mime_3.0.0+dfsg+~cs6.97.2-2_all.deb ...
#10 72.50 Unpacking node-mime (3.0.0+dfsg+~cs6.97.2-2) ...
#10 72.53 Selecting previously unselected package node-mime-types.
#10 72.54 Preparing to unpack .../391-node-mime-types_2.1.35-2_all.deb ...
#10 72.54 Unpacking node-mime-types (2.1.35-2) ...
#10 72.57 Selecting previously unselected package node-rechoir.
#10 72.57 Preparing to unpack .../392-node-rechoir_0.8.0+~0.6.1-2_all.deb ...
#10 72.57 Unpacking node-rechoir (0.8.0+~0.6.1-2) ...
#10 72.60 Selecting previously unselected package node-schema-utils.
#10 72.60 Preparing to unpack .../393-node-schema-utils_4.2.0~ds-3_all.deb ...
#10 72.60 Unpacking node-schema-utils (4.2.0~ds-3) ...
#10 72.63 Selecting previously unselected package node-randombytes.
#10 72.64 Preparing to unpack .../394-node-randombytes_2.1.0+~2.0.0-2_all.deb ...
#10 72.64 Unpacking node-randombytes (2.1.0+~2.0.0-2) ...
#10 72.66 Selecting previously unselected package node-serialize-javascript.
#10 72.67 Preparing to unpack .../395-node-serialize-javascript_6.0.2-1_all.deb ...
#10 72.67 Unpacking node-serialize-javascript (6.0.2-1) ...
#10 72.69 Selecting previously unselected package node-watchpack.
#10 72.70 Preparing to unpack .../396-node-watchpack_2.4.0+~cs2.8.1-1_all.deb ...
#10 72.70 Unpacking node-watchpack (2.4.0+~cs2.8.1-1) ...
#10 72.73 Selecting previously unselected package node-webassemblyjs.
#10 72.73 Preparing to unpack .../397-node-webassemblyjs_1.11.4+dfsg+~cs10.11.17-2_all.deb ...
#10 72.74 Unpacking node-webassemblyjs (1.11.4+dfsg+~cs10.11.17-2) ...
#10 72.85 Selecting previously unselected package node-source-list-map.
#10 72.86 Preparing to unpack .../398-node-source-list-map_2.0.1+dfsg+~0.1.2-1_all.deb ...
#10 72.86 Unpacking node-source-list-map (2.0.1+dfsg+~0.1.2-1) ...
#10 72.89 Selecting previously unselected package node-webpack-sources.
#10 72.90 Preparing to unpack .../399-node-webpack-sources_3.2.3+~3.2.0-2_all.deb ...
#10 72.90 Unpacking node-webpack-sources (3.2.3+~3.2.0-2) ...
#10 72.93 Selecting previously unselected package node-terser.
#10 72.93 Preparing to unpack .../400-node-terser_5.38.0-1_all.deb ...
#10 72.94 Unpacking node-terser (5.38.0-1) ...
#10 72.97 Selecting previously unselected package terser.
#10 72.98 Preparing to unpack .../401-terser_5.38.0-1_all.deb ...
#10 72.98 Unpacking terser (5.38.0-1) ...
#10 73.01 Selecting previously unselected package node-get-stream.
#10 73.01 Preparing to unpack .../402-node-get-stream_8.0.1-11_all.deb ...
#10 73.01 Unpacking node-get-stream (8.0.1-11) ...
#10 73.04 Selecting previously unselected package node-mimic-fn.
#10 73.04 Preparing to unpack .../403-node-mimic-fn_4.0.0-5_all.deb ...
#10 73.04 Unpacking node-mimic-fn (4.0.0-5) ...
#10 73.07 Selecting previously unselected package node-strip-eof.
#10 73.07 Preparing to unpack .../404-node-strip-eof_3.0.0-5_all.deb ...
#10 73.07 Unpacking node-strip-eof (3.0.0-5) ...
#10 73.10 Selecting previously unselected package node-execa.
#10 73.10 Preparing to unpack .../405-node-execa_8.0.1+dfsg1+~cs12.0.0-1_all.deb ...
#10 73.11 Unpacking node-execa (8.0.1+dfsg1+~cs12.0.0-1) ...
#10 73.14 Selecting previously unselected package node-envinfo.
#10 73.14 Preparing to unpack .../406-node-envinfo_7.11.0+~cs14.3.0-3_all.deb ...
#10 73.14 Unpacking node-envinfo (7.11.0+~cs14.3.0-3) ...
#10 73.17 Selecting previously unselected package webpack.
#10 73.18 Preparing to unpack .../407-webpack_5.97.1+dfsg1+~cs11.18.27-3_all.deb ...
#10 73.18 Unpacking webpack (5.97.1+dfsg1+~cs11.18.27-3) ...
#10 73.33 Selecting previously unselected package node-css-loader.
#10 73.33 Preparing to unpack .../408-node-css-loader_6.8.1+~cs14.0.17-1_all.deb ...
#10 73.33 Unpacking node-css-loader (6.8.1+~cs14.0.17-1) ...
#10 73.37 Selecting previously unselected package node-data-uri-to-buffer.
#10 73.37 Preparing to unpack .../409-node-data-uri-to-buffer_6.0.2~0~2024040606-6+deb13u1_all.deb ...
#10 73.38 Unpacking node-data-uri-to-buffer (6.0.2~0~2024040606-6+deb13u1) ...
#10 73.40 Selecting previously unselected package node-mimic-response.
#10 73.41 Preparing to unpack .../410-node-mimic-response_3.1.0-9_all.deb ...
#10 73.41 Unpacking node-mimic-response (3.1.0-9) ...
#10 73.43 Selecting previously unselected package node-decompress-response.
#10 73.44 Preparing to unpack .../411-node-decompress-response_6.0.0-3_all.deb ...
#10 73.44 Unpacking node-decompress-response (6.0.0-3) ...
#10 73.46 Selecting previously unselected package node-depd.
#10 73.47 Preparing to unpack .../412-node-depd_2.0.0-2_all.deb ...
#10 73.47 Unpacking node-depd (2.0.0-2) ...
#10 73.49 Selecting previously unselected package node-diff.
#10 73.50 Preparing to unpack .../413-node-diff_5.0.0~dfsg+~5.0.1-4_all.deb ...
#10 73.50 Unpacking node-diff (5.0.0~dfsg+~5.0.1-4) ...
#10 73.53 Selecting previously unselected package node-err-code.
#10 73.54 Preparing to unpack .../414-node-err-code_2.0.3+dfsg-3_all.deb ...
#10 73.54 Unpacking node-err-code (2.0.3+dfsg-3) ...
#10 73.56 Selecting previously unselected package node-time-stamp.
#10 73.57 Preparing to unpack .../415-node-time-stamp_2.2.0-2_all.deb ...
#10 73.57 Unpacking node-time-stamp (2.2.0-2) ...
#10 73.59 Selecting previously unselected package node-fancy-log.
#10 73.60 Preparing to unpack .../416-node-fancy-log_1.3.3+~cs1.3.1-2_all.deb ...
#10 73.60 Unpacking node-fancy-log (1.3.3+~cs1.3.1-2) ...
#10 73.63 Selecting previously unselected package node-fetch.
#10 73.63 Preparing to unpack .../417-node-fetch_3.3.2+~cs11.4.11-3_all.deb ...
#10 73.63 Unpacking node-fetch (3.3.2+~cs11.4.11-3) ...
#10 73.69 Selecting previously unselected package node-has-unicode.
#10 73.70 Preparing to unpack .../418-node-has-unicode_2.0.1-5_all.deb ...
#10 73.71 Unpacking node-has-unicode (2.0.1-5) ...
#10 73.74 Selecting previously unselected package node-wide-align.
#10 73.74 Preparing to unpack .../419-node-wide-align_1.1.3-4_all.deb ...
#10 73.74 Unpacking node-wide-align (1.1.3-4) ...
#10 73.77 Selecting previously unselected package node-gauge.
#10 73.77 Preparing to unpack .../420-node-gauge_4.0.4-2_all.deb ...
#10 73.78 Unpacking node-gauge (4.0.4-2) ...
#10 73.80 Selecting previously unselected package node-lowercase-keys.
#10 73.81 Preparing to unpack .../421-node-lowercase-keys_2.0.0-2_all.deb ...
#10 73.81 Unpacking node-lowercase-keys (2.0.0-2) ...
#10 73.83 Selecting previously unselected package node-json-buffer.
#10 73.84 Preparing to unpack .../422-node-json-buffer_3.0.1+~3.0.0-1_all.deb ...
#10 73.84 Unpacking node-json-buffer (3.0.1+~3.0.0-1) ...
#10 73.87 Selecting previously unselected package node-p-cancelable.
#10 73.87 Preparing to unpack .../423-node-p-cancelable_2.1.1-1_all.deb ...
#10 73.87 Unpacking node-p-cancelable (2.1.1-1) ...
#10 73.90 Selecting previously unselected package node-got.
#10 73.90 Preparing to unpack .../424-node-got_11.8.5+~cs58.13.36-5_all.deb ...
#10 73.91 Unpacking node-got (11.8.5+~cs58.13.36-5) ...
#10 73.96 Selecting previously unselected package node-https-proxy-agent.
#10 73.97 Preparing to unpack .../425-node-https-proxy-agent_7.0.4~0~2024040606-6+deb13u1_all.deb ...
#10 73.97 Unpacking node-https-proxy-agent (7.0.4~0~2024040606-6+deb13u1) ...
#10 74.00 Selecting previously unselected package node-set-blocking.
#10 74.00 Preparing to unpack .../426-node-set-blocking_2.0.0-2_all.deb ...
#10 74.00 Unpacking node-set-blocking (2.0.0-2) ...
#10 74.03 Selecting previously unselected package node-npmlog.
#10 74.03 Preparing to unpack .../427-node-npmlog_7.0.1+~4.1.4-1_all.deb ...
#10 74.03 Unpacking node-npmlog (7.0.1+~4.1.4-1) ...
#10 74.06 Selecting previously unselected package node-osenv.
#10 74.06 Preparing to unpack .../428-node-osenv_0.1.5+~0.1.1-1_all.deb ...
#10 74.06 Unpacking node-osenv (0.1.5+~0.1.1-1) ...
#10 74.09 Selecting previously unselected package node-tar.
#10 74.09 Preparing to unpack .../429-node-tar_6.2.1+~cs7.0.8-1+deb13u1_all.deb ...
#10 74.10 Unpacking node-tar (6.2.1+~cs7.0.8-1+deb13u1) ...
#10 74.13 Selecting previously unselected package node-gyp.
#10 74.13 Preparing to unpack .../430-node-gyp_11.1.0+~5.0.0-1_all.deb ...
#10 74.13 Unpacking node-gyp (11.1.0+~5.0.0-1) ...
#10 74.16 Selecting previously unselected package node-http-proxy-agent.
#10 74.17 Preparing to unpack .../431-node-http-proxy-agent_7.0.2~0~2024040606-6+deb13u1_all.deb ...
#10 74.17 Unpacking node-http-proxy-agent (7.0.2~0~2024040606-6+deb13u1) ...
#10 74.19 Selecting previously unselected package node-ieee754.
#10 74.20 Preparing to unpack .../432-node-ieee754_1.2.1-3_all.deb ...
#10 74.20 Unpacking node-ieee754 (1.2.1-3) ...
#10 74.22 Selecting previously unselected package node-ini.
#10 74.23 Preparing to unpack .../433-node-ini_3.0.1-2_all.deb ...
#10 74.23 Unpacking node-ini (3.0.1-2) ...
#10 74.26 Selecting previously unselected package node-ip.
#10 74.26 Preparing to unpack .../434-node-ip_2.0.1+~1.1.3-3_all.deb ...
#10 74.26 Unpacking node-ip (2.0.1+~1.1.3-3) ...
#10 74.29 Selecting previously unselected package node-ip-regex.
#10 74.29 Preparing to unpack .../435-node-ip-regex_4.3.0+~4.1.1-1_all.deb ...
#10 74.29 Unpacking node-ip-regex (4.3.0+~4.1.1-1) ...
#10 74.32 Selecting previously unselected package node-mute-stream.
#10 74.32 Preparing to unpack .../436-node-mute-stream_0.0.8+~0.0.1-3_all.deb ...
#10 74.32 Unpacking node-mute-stream (0.0.8+~0.0.1-3) ...
#10 74.35 Selecting previously unselected package node-negotiator.
#10 74.35 Preparing to unpack .../437-node-negotiator_0.6.3+~0.6.1-1_all.deb ...
#10 74.35 Unpacking node-negotiator (0.6.3+~0.6.1-1) ...
#10 74.38 Selecting previously unselected package node-read-package-json.
#10 74.38 Preparing to unpack .../438-node-read-package-json_5.0.2+~2.0.0-2_all.deb ...
#10 74.39 Unpacking node-read-package-json (5.0.2+~2.0.0-2) ...
#10 74.41 Selecting previously unselected package node-npm-bundled.
#10 74.41 Preparing to unpack .../439-node-npm-bundled_2.0.1-2_all.deb ...
#10 74.42 Unpacking node-npm-bundled (2.0.1-2) ...
#10 74.44 Selecting previously unselected package node-validate-npm-package-name.
#10 74.44 Preparing to unpack .../440-node-validate-npm-package-name_5.0.0+~4.0.0-1_all.deb ...
#10 74.45 Unpacking node-validate-npm-package-name (5.0.0+~4.0.0-1) ...
#10 74.47 Selecting previously unselected package node-npm-package-arg.
#10 74.48 Preparing to unpack .../441-node-npm-package-arg_10.0.0+~3.0.0-2_all.deb ...
#10 74.48 Unpacking node-npm-package-arg (10.0.0+~3.0.0-2) ...
#10 74.50 Selecting previously unselected package node-retry.
#10 74.51 Preparing to unpack .../442-node-retry_0.13.1.+~cs2.19.16-1_all.deb ...
#10 74.51 Unpacking node-retry (0.13.1.+~cs2.19.16-1) ...
#10 74.54 Selecting previously unselected package node-promise-retry.
#10 74.54 Preparing to unpack .../443-node-promise-retry_2.0.1-4_all.deb ...
#10 74.54 Unpacking node-promise-retry (2.0.1-4) ...
#10 74.57 Selecting previously unselected package node-read.
#10 74.57 Preparing to unpack .../444-node-read_1.0.7-5_all.deb ...
#10 74.58 Unpacking node-read (1.0.7-5) ...
#10 74.35 Selecting previously unselected package node-promzard.
#10 74.35 Preparing to unpack .../445-node-promzard_0.3.0-2_all.deb ...
#10 74.36 Unpacking node-promzard (0.3.0-2) ...
#10 74.38 Selecting previously unselected package node-text-table.
#10 74.39 Preparing to unpack .../446-node-text-table_0.2.0-4_all.deb ...
#10 74.39 Unpacking node-text-table (0.2.0-4) ...
#10 74.42 Selecting previously unselected package npm.
#10 74.42 Preparing to unpack .../447-npm_9.2.0~ds1-3_all.deb ...
#10 74.43 Unpacking npm (9.2.0~ds1-3) ...
#10 74.61 Preparing to unpack .../448-openssl_3.5.7-1~deb13u2_amd64.deb ...
#10 74.61 Unpacking openssl (3.5.7-1~deb13u2) over (3.5.6-1~deb13u2) ...
#10 74.68 Selecting previously unselected package protobuf-compiler.
#10 74.68 Preparing to unpack .../449-protobuf-compiler_3.21.12-11+deb13u1_amd64.deb ...
#10 74.68 Unpacking protobuf-compiler (3.21.12-11+deb13u1) ...
#10 74.73 Setting up libprotobuf-lite32t64:amd64 (3.21.12-11+deb13u1) ...
#10 74.74 Setting up media-types (13.0.0) ...
#10 74.75 Setting up libuv1-dev:amd64 (1.50.0-2) ...
#10 74.76 Setting up node-colors (1.4.0-4) ...
#10 74.76 Setting up node-fs.realpath (1.0.0-3) ...
#10 74.77 Setting up node-ampproject-remapping (2.2.0+~cs5.15.37-1) ...
#10 74.78 Setting up node-diff (5.0.0~dfsg+~5.0.1-4) ...
#10 74.79 Setting up libjsoncpp-dev:amd64 (1.9.6-3) ...
#10 74.80 Setting up libprotobuf32t64:amd64 (3.21.12-11+deb13u1) ...
#10 74.80 Setting up node-lru-cache (10.0.1-3) ...
#10 74.81 Setting up node-abbrev (1.1.1+~1.1.2-1) ...
#10 74.82 Setting up node-path-is-inside (1.0.2+~1.0.0-1) ...
#10 74.83 Setting up libjs-sprintf-js (1.1.2+ds1+~1.1.2-1) ...
#10 74.83 Setting up node-pify (5.0.0+~cs5.0.1-1) ...
#10 74.84 Setting up node-p-limit (4.0.0+~cs4.0.0-5) ...
#10 74.85 Setting up node-yallist (4.0.0+~4.0.1-1) ...
#10 74.86 Setting up libjs-inherits (2.0.4-6) ...
#10 74.86 Setting up node-p-cancelable (2.1.1-1) ...
#10 74.87 Setting up node-is-windows (1.0.2+~cs1.0.0-1) ...
#10 74.88 Setting up node-ansi-regex (5.0.1-1) ...
#10 74.89 Setting up node-loader-runner (4.3.0-1) ...
#10 74.90 Setting up node-object-inspect (1.12.2+~cs1.8.1-1) ...
#10 74.90 Setting up node-slash (4.0.0-3) ...
#10 74.91 Setting up node-util-deprecate (1.0.2-3) ...
#10 74.92 Setting up node-ieee754 (1.2.1-3) ...
#10 74.93 Setting up node-fs-readdir-recursive (1.1.0+~1.1.0-1) ...
#10 74.94 Setting up node-v8flags (3.2.0+~3.1.1-1) ...
#10 74.95 Setting up node-retry (0.13.1.+~cs2.19.16-1) ...
#10 74.95 Setting up node-get-caller-file (2.0.5+~cs1.1.1-4) ...
#10 74.96 Setting up node-arrify (2.0.1-3) ...
#10 74.97 Setting up node-eslint-visitor-keys (3.3.0+~1.0.0-1) ...
#10 74.98 Setting up node-caniuse-lite (1.0.30001723+dfsg+~1.0.5-1) ...
#10 74.99 Setting up node-isobject (4.0.0-2) ...
#10 74.99 Setting up node-delegates (1.0.0-3) ...
#10 75.00 Setting up node-depd (2.0.0-2) ...
#10 75.01 Setting up node-isexe (2.0.0+~2.0.1-5) ...
#10 75.02 Setting up node-resolve (1.22.8+~cs5.34.15-2) ...
#10 75.03 Setting up node-jsonparse (1.3.1-10) ...
#10 75.03 Setting up node-core-js-pure (3.33.2-1) ...
#10 75.04 Setting up node-es-module-lexer (1.1.0+dfsg-3) ...
#10 75.05 Setting up node-path-exists (5.0.0-8) ...
#10 75.06 Setting up libboost-system1.83.0:amd64 (1.83.0-4.2) ...
#10 75.07 Setting up node-unicode-match-property-value-ecmascript (2.1.0+ds-1) ...
#10 75.08 Setting up node-escape-string-regexp (4.0.0-2) ...
#10 75.08 Setting up node-through (2.3.8+~cs0.0.30-1) ...
#10 75.09 Setting up binutils-common:amd64 (2.44-3) ...
#10 75.10 Setting up libjs-source-map (0.7.0++dfsg2+really.0.6.1-15) ...
#10 75.11 Setting up node-p-locate (6.0.0-12) ...
#10 75.12 Setting up node-negotiator (0.6.3+~0.6.1-1) ...
#10 75.12 Setting up node-tslib (2.4.1-1) ...
#10 75.13 Setting up node-strip-bom (4.0.0-2) ...
#10 75.14 Setting up linux-libc-dev (6.12.107-1) ...
#10 75.15 Setting up libctf-nobfd0:amd64 (2.44-3) ...
#10 75.16 Setting up node-ci-info (4.0.0+~cs1.1.0-1) ...
#10 75.17 Setting up node-color-name (1.1.4+~1.1.1-2) ...
#10 75.17 Setting up node-chrome-trace-event (1.0.3-2) ...
#10 75.18 Setting up node-json-buffer (3.0.1+~3.0.0-1) ...
#10 75.19 Setting up node-electron-to-chromium (1.5.166-1) ...
#10 75.20 Setting up node-cjs-module-lexer (1.2.3+dfsg-1) ...
#10 75.20 Setting up node-console-control-strings (1.1.0-3) ...
#10 75.21 Setting up node-source-list-map (2.0.1+dfsg+~0.1.2-1) ...
#10 75.22 Setting up node-camelcase (7.0.0-3) ...
#10 75.23 Setting up node-resumer (0.0.0-6) ...
#10 75.23 Setting up node-uuid (8.3.2+~8.3.4-1) ...
#10 75.24 Setting up libboost-filesystem1.83.0:amd64 (1.83.0-4.2) ...
#10 75.25 Setting up libgomp1:amd64 (14.2.0-19) ...
#10 75.26 Setting up bzip2 (1.0.8-6) ...
#10 75.27 Setting up node-terser (5.38.0-1) ...
#10 75.27 Setting up node-path-type (4.0.0-3) ...
#10 75.28 Setting up node-indent-string (4.0.0-2) ...
#10 75.29 Setting up libsframe1:amd64 (2.44-3) ...
#10 75.30 Setting up node-typedarray (0.0.7-1) ...
#10 75.30 Setting up libjansson4:amd64 (2.14-2+b3) ...
#10 75.31 Setting up node-function-bind (1.1.2+~cs2.1.14-1) ...
#10 75.32 Setting up node-clone (2.1.2+~2.1.2-1) ...
#10 75.33 Setting up node-p-map (4.0.0+~3.1.0+~3.0.1-2) ...
#10 75.33 Setting up node-iferr (1.0.2+~1.0.2-1) ...
#10 75.34 Setting up node-chownr (2.0.0-3) ...
#10 75.35 Setting up node-has-flag (5.0.1-1) ...
#10 75.35 Setting up node-estraverse (5.3.0+ds+~5.1.1-1) ...
#10 75.36 Setting up node-regjsgen (0.7.1+ds-1) ...
#10 75.37 Setting up libboost-atomic1.83.0:amd64 (1.83.0-4.2) ...
#10 75.37 Setting up node-lodash-packages (4.17.21+dfsg+~cs8.31.198.20210220-9+deb13u1) ...
#10 75.38 Setting up node-json-schema-traverse (1.0.0-3) ...
#10 75.40 Setting up node-inherits (2.0.4-6) ...
#10 75.41 Setting up node-path-is-absolute (2.0.0-2) ...
#10 75.41 Setting up node-locate-path (7.1.1-2) ...
#10 75.42 Setting up node-ini (3.0.1-2) ...
#10 75.43 Setting up node-postcss-value-parser (4.2.0-1) ...
#10 75.44 Setting up node-is-descriptor (3.0.0-2) ...
#10 75.44 Setting up node-safe-buffer (5.2.1+~cs2.1.2-3) ...
#10 75.45 Setting up node-promise-inflight (1.0.1+~1.0.0-1) ...
#10 75.46 Setting up libpkgconf3:amd64 (1.8.1-4) ...
#10 75.46 Setting up rpcsvc-proto (1.4.3-1) ...
#10 75.47 Setting up node-rechoir (0.8.0+~0.6.1-2) ...
#10 75.48 Setting up node-json-parse-better-errors (1.0.2+~cs3.3.1-3) ...
#10 75.48 Setting up node-unicode-canonical-property-names-ecmascript (2.0.0-2) ...
#10 75.49 Setting up node-sprintf-js (1.1.2+ds1+~1.1.2-1) ...
#10 75.50 Setting up node-flatted (3.2.7~ds-1+deb13u1) ...
#10 75.51 Setting up node-y18n (5.0.8+~5.0.0-3) ...
#10 75.52 Setting up node-fast-deep-equal (3.1.3-3) ...
#10 75.52 Setting up node-shebang-regex (3.0.0-2) ...
#10 75.53 Setting up node-err-code (2.0.3+dfsg-3) ...
#10 75.54 Setting up node-resolve-from (5.0.0+~3.1.0+~3.3.0+~2.0.0-1) ...
#10 75.54 Setting up make (4.4.1-2) ...
#10 75.55 Setting up libmpfr6:amd64 (4.2.2-1) ...
#10 75.56 Setting up node-balanced-match (2.0.0-1) ...
#10 75.57 Setting up node-convert-source-map (1.9.0+~1.5.2-1) ...
#10 75.57 Setting up node-brace-expansion (2.0.1+~1.1.0-2) ...
#10 75.58 Setting up libncurses6:amd64 (6.5+20250216-2) ...
#10 75.59 Setting up node-is-stream (3.0.0-4) ...
#10 75.60 Setting up node-spdx-exceptions (2.3.0-2) ...
#10 75.60 Setting up libdbus-1-3:amd64 (1.16.2-2) ...
#10 75.61 Setting up xz-utils (5.8.1-1+deb13u1) ...
#10 75.62 update-alternatives: using /usr/bin/xz to provide /usr/bin/lzma (lzma) in auto mode
#10 75.62 update-alternatives: warning: skip creation of /usr/share/man/man1/lzma.1.gz because associated file /usr/share/man/man1/xz.1.gz (of link group lzma) doesn't exist
#10 75.62 update-alternatives: warning: skip creation of /usr/share/man/man1/unlzma.1.gz because associated file /usr/share/man/man1/unxz.1.gz (of link group lzma) doesn't exist
#10 75.62 update-alternatives: warning: skip creation of /usr/share/man/man1/lzcat.1.gz because associated file /usr/share/man/man1/xzcat.1.gz (of link group lzma) doesn't exist
#10 75.62 update-alternatives: warning: skip creation of /usr/share/man/man1/lzmore.1.gz because associated file /usr/share/man/man1/xzmore.1.gz (of link group lzma) doesn't exist
#10 75.62 update-alternatives: warning: skip creation of /usr/share/man/man1/lzless.1.gz because associated file /usr/share/man/man1/xzless.1.gz (of link group lzma) doesn't exist
#10 75.62 update-alternatives: warning: skip creation of /usr/share/man/man1/lzdiff.1.gz because associated file /usr/share/man/man1/xzdiff.1.gz (of link group lzma) doesn't exist
#10 75.62 update-alternatives: warning: skip creation of /usr/share/man/man1/lzcmp.1.gz because associated file /usr/share/man/man1/xzcmp.1.gz (of link group lzma) doesn't exist
#10 75.62 update-alternatives: warning: skip creation of /usr/share/man/man1/lzgrep.1.gz because associated file /usr/share/man/man1/xzgrep.1.gz (of link group lzma) doesn't exist
#10 75.62 update-alternatives: warning: skip creation of /usr/share/man/man1/lzegrep.1.gz because associated file /usr/share/man/man1/xzegrep.1.gz (of link group lzma) doesn't exist
#10 75.62 update-alternatives: warning: skip creation of /usr/share/man/man1/lzfgrep.1.gz because associated file /usr/share/man/man1/xzfgrep.1.gz (of link group lzma) doesn't exist
#10 75.63 Setting up node-get-stream (8.0.1-11) ...
#10 75.64 Setting up libquadmath0:amd64 (14.2.0-19) ...
#10 75.64 Setting up node-js-tokens (8.0.0-2) ...
#10 75.65 Setting up node-core-js (3.33.2-1) ...
#10 75.66 Setting up node-interpret (2.2.0-3) ...
#10 75.66 Setting up node-set-blocking (2.0.0-2) ...
#10 75.67 Setting up node-prr (1.0.1-3) ...
#10 75.68 Setting up libssl-dev:amd64 (3.5.7-1~deb13u2) ...
#10 75.69 Setting up libcares2:amd64 (1.34.5-1+deb13u1) ...
#10 75.69 Setting up libmpc3:amd64 (1.3.1-1+b3) ...
#10 75.70 Setting up libmnl0:amd64 (1.0.5-3) ...
#10 75.71 Setting up node-repeat-string (1.6.1+repack-1) ...
#10 75.72 Setting up node-globals (13.23.0-1) ...
#10 75.72 Setting up node-deep-is (0.1.4-1) ...
#10 75.73 Setting up patch (2.8-2) ...
#10 75.74 Setting up node-async (3.2.6+dfsg-2) ...
#10 75.75 Setting up node-signal-exit (4.1.0-7) ...
#10 75.75 Setting up node-randombytes (2.1.0+~2.0.0-2) ...
#10 75.76 Setting up pkgconf-bin (1.8.1-4) ...
#10 75.77 Setting up node-source-map (0.7.0++dfsg2+really.0.6.1-15) ...
#10 75.78 Setting up node-wrappy (1.0.2-3) ...
#10 75.79 Setting up node-text-table (0.2.0-4) ...
#10 75.80 Setting up libdpkg-perl (1.22.22) ...
#10 75.80 Setting up node-require-directory (2.1.1+~2.1.2-1) ...
#10 75.81 Setting up node-ip (2.0.1+~1.1.3-3) ...
#10 75.82 Setting up node-quick-lru (6.1.1-4) ...
#10 75.83 Setting up node-regenerator-runtime (0.15.2+~0.10.8-1) ...
#10 75.84 Setting up node-punycode (2.3.1+~2.1.4-1) ...
#10 75.84 Setting up libubsan1:amd64 (14.2.0-19) ...
#10 75.85 Setting up node-to-fast-properties (3.0.1-3) ...
#10 75.86 Setting up node-defaults (1.0.4+~1.0.3-1) ...
#10 75.87 Setting up node-mute-stream (0.0.8+~0.0.1-3) ...
#10 75.87 Setting up node-memfs (3.4.12+~cs1.0.3-1) ...
#10 75.88 Setting up node-mimic-response (3.1.0-9) ...
#10 75.89 Setting up node-commander (9.4.1-1) ...
#10 75.90 Setting up node-undici (7.3.0+dfsg1+~cs24.12.11-1) ...
#10 75.91 Setting up libjs-typedarray-to-buffer (4.0.0-2) ...
#10 75.92 Setting up node-graceful-fs (4.2.10-1) ...
#10 75.93 Setting up node-merge-stream (2.0.0+~1.1.2-2) ...
#10 75.93 Setting up node-is-path-cwd (2.2.0-2) ...
#10 75.94 Setting up libhwasan0:amd64 (14.2.0-19) ...
#10 75.95 Setting up libcrypt-dev:amd64 (1:4.4.38-1) ...
#10 75.96 Setting up libnfnetlink0:amd64 (1.0.2-3) ...
#10 75.97 Setting up node-jsonify (0.0.1-1) ...
#10 75.98 Setting up libasan8:amd64 (14.2.0-19) ...
#10 75.99 Setting up node-json-stable-stringify (1.0.2+repack1+~cs1.0.34-2) ...
#10 75.99 Setting up node-fast-levenshtein (2.0.6+ds-3) ...
#10 76.00 Setting up libjs-regenerate (1.4.2-3) ...
#10 76.01 Setting up node-hosted-git-info (6.1.1-2) ...
#10 76.02 Setting up node-aproba (2.0.0-3) ...
#10 76.03 Setting up node-unicode-property-aliases-ecmascript (2.1.0+ds-1) ...
#10 76.03 Setting up node-binary-extensions (2.2.0-2) ...
#10 76.04 Setting up node-is-plain-object (5.0.0-7) ...
#10 76.06 Setting up node-eslint-utils (3.0.0-3) ...
#10 76.07 Setting up node-mimic-fn (4.0.0-5) ...
#10 76.07 Setting up node-path-dirname (1.0.2-2) ...
#10 76.08 Setting up node-ip-regex (4.3.0+~4.1.1-1) ...
#10 76.09 Setting up node-spdx-license-ids (3.0.12-1) ...
#10 76.10 Setting up node-string-decoder (1.3.0-6) ...
#10 76.10 Setting up node-esutils (2.0.3+~2.0.0-1) ...
#10 76.11 Setting up netbase (6.5) ...
#10 76.13 Setting up node-time-stamp (2.2.0-2) ...
#10 76.14 Setting up node-commondir (1.0.1+~1.0.0-1) ...
#10 76.15 Setting up sgml-base (1.31+nmu1) ...
#10 76.18 Setting up libjs-prettify (2015.12.04+dfsg-1.1) ...
#10 76.19 Setting up libjs-events (3.3.0+~3.0.0-3) ...
#10 76.19 Setting up node-run-queue (2.0.0-3) ...
#10 76.20 Setting up node-core-util-is (1.0.3-1) ...
#10 76.21 Setting up node-json-schema (0.4.0+~7.0.11-1) ...
#10 76.21 Setting up node-uri-js (4.4.0+dfsg-8) ...
#10 76.22 Setting up node-prelude-ls (1.2.1+dfsg-3) ...
#10 76.23 Setting up libicu76:amd64 (76.1-4) ...
#10 76.24 Setting up node-minimatch (9.0.3-6) ...
#10 76.24 Setting up libmbedcrypto16:amd64 (3.6.6-0.1~deb13u1) ...
#10 76.25 Setting up libtsan2:amd64 (14.2.0-19) ...
#10 76.26 Setting up libprotoc32t64:amd64 (3.21.12-11+deb13u1) ...
#10 76.26 Setting up libbinutils:amd64 (2.44-3) ...
#10 76.27 Setting up node-imurmurhash (0.1.4+dfsg+~0.1.1-2) ...
#10 76.28 Setting up node-xtend (4.0.2-3) ...
#10 76.29 Setting up libisl23:amd64 (0.27-1) ...
#10 76.29 Setting up node-set-immediate-shim (2.0.0-2) ...
#10 76.30 Setting up node-foreground-child (3.1.1-2) ...
#10 76.31 Setting up libc-dev-bin (2.41-12+deb13u4) ...
#10 76.32 Setting up node-wordwrap (1.0.0-4) ...
#10 76.33 Setting up node-read (1.0.7-5) ...
#10 76.34 Setting up node-regexpp (3.2.0-5) ...
#10 76.34 Setting up openssl (3.5.7-1~deb13u2) ...
#10 76.35 Setting up libcap-dev:amd64 (1:2.75-10+deb13u1+b3) ...
#10 76.36 Setting up node-is-arrayish (0.3.2-3) ...
#10 76.37 Setting up node-base64-js (1.5.1+dfsg+~1.3.0-2) ...
#10 76.38 Setting up node-esquery (1.4.2~ds-1) ...
#10 76.39 Setting up node-npm-run-path (5.1.0+~4.0.0-8) ...
#10 76.39 Setting up readline-common (8.2-6) ...
#10 76.40 Setting up node-is-buffer (2.0.5-2) ...
#10 76.41 Setting up node-color-convert (2.0.1+~cs2.0.0-2) ...
#10 76.42 Setting up libcc1-0:amd64 (14.2.0-19) ...
#10 76.43 Setting up libsystemd-dev:amd64 (257.13-1~deb13u1) ...
#10 76.43 Setting up node-data-uri-to-buffer (6.0.2~0~2024040606-6+deb13u1) ...
#10 76.44 Setting up liblsan0:amd64 (14.2.0-19) ...
#10 76.45 Setting up node-async-each (1.0.3-3) ...
#10 76.46 Setting up libitm1:amd64 (14.2.0-19) ...
#10 76.46 Setting up node-isarray (2.0.5-4) ...
#10 76.47 Setting up node-osenv (0.1.5+~0.1.1-1) ...
#10 76.48 Setting up node-is-plain-obj (3.0.0-2) ...
#10 76.49 Setting up node-is-extglob (2.1.1-5) ...
#10 76.50 Setting up node-tapable (2.2.1-3) ...
#10 76.51 Setting up node-shebang-command (2.0.0-1) ...
#10 76.51 Setting up libjs-is-typedarray (1.0.0-4) ...
#10 76.52 Setting up node-lowercase-keys (2.0.0-2) ...
#10 76.53 Setting up node-babel-plugin-add-module-exports (1.0.4+dfsg1~cs5.8.0-4) ...
#10 76.53 Setting up node-decompress-response (6.0.0-3) ...
#10 76.54 Setting up node-strip-eof (3.0.0-5) ...
#10 76.55 Setting up node-process-nextick-args (2.0.1-3) ...
#10 76.56 Setting up node-has-unicode (2.0.1-5) ...
#10 76.57 Setting up libctf0:amd64 (2.44-3) ...
#10 76.57 Setting up node-readable-stream (3.6.0+~cs3.0.0-4) ...
#10 76.58 Setting up node-promise-retry (2.0.1-4) ...
#10 76.59 Setting up node-supports-color (8.1.1+~8.1.1-1) ...
#10 76.60 Setting up node-error-ex (1.3.2-4) ...
#10 76.60 Setting up protobuf-compiler (3.21.12-11+deb13u1) ...
#10 76.61 Setting up node-once (1.4.1-1) ...
#10 76.62 Setting up node-webpack-sources (3.2.3+~3.2.0-2) ...
#10 76.63 Setting up node-n3 (1.16.3+~1.2.3+~1.10.4-1) ...
#10 76.63 Setting up node-serialize-javascript (6.0.2-1) ...
#10 76.64 Setting up node-are-we-there-yet (3.0.1+~1.1.0-1) ...
#10 76.65 Setting up node-find-up (6.3.0-7) ...
#10 76.66 Setting up node-kind-of (6.0.3+dfsg-2) ...
#10 76.66 Setting up node-is-binary-path (2.1.0-5) ...
#10 76.67 Setting up node-events (3.3.0+~3.0.0-3) ...
#10 76.68 Setting up node-minimist (1.2.8+~cs5.3.5-1) ...
#10 76.69 Setting up node-fancy-log (1.3.3+~cs1.3.1-2) ...
#10 76.70 Setting up pkgconf:amd64 (1.8.1-4) ...
#10 76.70 Setting up node-define-property (2.0.2+really+2.0.2-3) ...
#10 76.71 Setting up node-promzard (0.3.0-2) ...
#10 76.72 Setting up node-wcwidth.js (1.0.2-2) ...
#10 76.74 Setting up node-resolve-cwd (3.0.0-2) ...
#10 76.74 Setting up node-fetch (3.3.2+~cs11.4.11-3) ...
#10 76.75 Setting up node-babel7-runtime (7.20.15+ds1+~cs214.269.168-8) ...
#10 76.76 Setting up node-iconv-lite (0.6.3-3) ...
#10 76.77 Setting up node-type-check (0.4.0+dfsg-3) ...
#10 76.77 Setting up libgprofng0:amd64 (2.44-3) ...
#10 76.78 Setting up libmbedx509-7:amd64 (3.6.6-0.1~deb13u1) ...
#10 76.79 Setting up node-ansi-styles (6.2.1-3) ...
#10 76.80 Setting up node-pkg-dir (5.0.0-2) ...
#10 76.80 Setting up node-got (11.8.5+~cs58.13.36-5) ...
#10 76.81 Setting up node-optimist (0.6.1+~0.0.30-2) ...
#10 76.82 Setting up pkg-config:amd64 (1.8.1-4) ...
#10 76.83 Setting up libnetfilter-queue1:amd64 (1.0.5-4+b1) ...
#10 76.83 Setting up cpp-14-x86-64-linux-gnu (14.2.0-19) ...
#10 76.84 Setting up node-spdx-expression-parse (3.0.1+~3.0.1-1) ...
#10 76.85 Setting up cpp-14 (14.2.0-19) ...
#10 76.85 Setting up libmbedtls21:amd64 (3.6.6-0.1~deb13u1) ...
#10 76.86 Setting up libreadline8t64:amd64 (8.2-6) ...
#10 76.87 Setting up node-concat-stream (2.0.0+~2.0.0-2) ...
#10 76.88 Setting up node-is-typedarray (1.0.0-4) ...
#10 76.88 Setting up node-inflight (1.0.6-2) ...
#10 76.89 Setting up xml-core (0.19) ...
#10 77.02 Setting up libc6-dev:amd64 (2.41-12+deb13u4) ...
#10 77.02 Setting up libgcc-14-dev:amd64 (14.2.0-19) ...
#10 77.03 Setting up node-encoding (0.1.13-2) ...
#10 77.04 Setting up libstdc++-14-dev:amd64 (14.2.0-19) ...
#10 77.05 Setting up libpython3.13-stdlib:amd64 (3.13.5-2+deb13u5) ...
#10 77.06 Setting up node-slice-ansi (5.0.0+~cs9.0.0-5) ...
#10 77.06 Setting up libpython3-stdlib:amd64 (3.13.5-1) ...
#10 77.07 Setting up binutils-x86-64-linux-gnu (2.44-3) ...
#10 77.08 Setting up node-fs-write-stream-atomic (1.0.10-6) ...
#10 77.08 Setting up cpp-x86-64-linux-gnu (4:14.2.0-1) ...
#10 77.09 Setting up libnfnetlink-dev:amd64 (1.0.2-3) ...
#10 77.10 Setting up libboost1.83-dev:amd64 (1.83.0-4.2) ...
#10 77.11 Setting up libncurses-dev:amd64 (6.5+20250216-2) ...
#10 77.11 Setting up node-regenerator-transform (0.15.2+~0.10.8-1) ...
#10 77.12 Setting up python3.13 (3.13.5-2+deb13u5) ...
#10 77.59 Setting up python3 (3.13.5-1) ...
#10 77.66 Setting up binutils (2.44-3) ...
#10 77.67 Setting up libmbedtls-dev:amd64 (3.6.6-0.1~deb13u1) ...
#10 77.67 Setting up libreadline-dev:amd64 (8.2-6) ...
#10 77.68 Setting up dpkg-dev (1.22.22) ...
#10 77.69 Setting up node-levn (0.4.1+dfsg-2) ...
#10 77.70 Setting up node-spdx-correct (3.1.1-2) ...
#10 77.71 Setting up python3-packaging (25.0-1) ...
#10 77.79 Setting up node-glob (8.1.0+~cs8.5.15-1) ...
#10 77.80 Setting up libnetfilter-queue-dev:amd64 (1.0.5-4+b1) ...
#10 77.80 Setting up node-typedarray-to-buffer (4.0.0-2) ...
#10 77.81 Setting up libboost-atomic1.83-dev:amd64 (1.83.0-4.2) ...
#10 77.82 Setting up zlib1g-dev:amd64 (1:1.3.dfsg+really1.3.1-1+b1) ...
#10 77.83 Setting up node-minipass (5.0.0+~cs10.3.21-3) ...
#10 77.83 Setting up cpp (4:14.2.0-1) ...
#10 77.85 Setting up libboost-dev:amd64 (1.83.0.2+b2) ...
#10 77.86 Setting up libboost-system1.83-dev:amd64 (1.83.0-4.2) ...
#10 77.86 Setting up gcc-14-x86-64-linux-gnu (14.2.0-19) ...
#10 77.87 Setting up gyp (0.16.2-2) ...
#10 78.03 Setting up node-validate-npm-package-license (3.0.4-2) ...
#10 78.04 Setting up node-optionator (0.9.1+dfsg+~cs1.2.3-1) ...
#10 78.04 Setting up node-ssri (9.0.1-3) ...
#10 78.05 Setting up gcc-x86-64-linux-gnu (4:14.2.0-1) ...
#10 78.06 Setting up node-write-file-atomic (4.0.2+~4.0.0-2) ...
#10 78.07 Setting up libboost-system-dev:amd64 (1.83.0.2+b2) ...
#10 78.19 Setting up libboost-filesystem1.83-dev:amd64 (1.83.0-4.2) ...
#10 78.22 Setting up gcc-14 (14.2.0-19) ...
#10 78.23 Setting up libprotobuf-dev:amd64 (3.21.12-11+deb13u1) ...
#10 78.24 Setting up g++-14-x86-64-linux-gnu (14.2.0-19) ...
#10 78.25 Setting up g++-x86-64-linux-gnu (4:14.2.0-1) ...
#10 78.25 Setting up g++-14 (14.2.0-19) ...
#10 78.26 Setting up libboost-filesystem-dev:amd64 (1.83.0.2+b2) ...
#10 78.27 Setting up gcc (4:14.2.0-1) ...
#10 78.29 Setting up g++ (4:14.2.0-1) ...
#10 78.30 update-alternatives: using /usr/bin/g++ to provide /usr/bin/c++ (c++) in auto mode
#10 78.30 Setting up build-essential (12.12) ...
#10 78.32 Setting up node-corepack (0.24.0-5) ...
#10 78.32 Setting up node-define-properties (1.2.1+~cs2.2.3-1) ...
#10 78.33 Setting up node-acorn (8.8.1+ds+~cs25.17.7-2) ...
#10 78.34 Setting up node-espree (9.4.1~dfsg-2) ...
#10 78.35 Setting up node-debbundle-es-to-primitive (1.2.1+~cs9.7.25-2) ...
#10 78.36 Setting up libnode115:amd64 (20.19.2+dfsg-1+deb13u2) ...
#10 78.37 Setting up libnode-dev (20.19.2+dfsg-1+deb13u2) ...
#10 78.38 Setting up nodejs (20.19.2+dfsg-1+deb13u2) ...
#10 78.39 update-alternatives: using /usr/bin/nodejs to provide /usr/bin/js (js) in auto mode
#10 78.39 update-alternatives: warning: skip creation of /usr/share/man/man1/js.1.gz because associated file /usr/share/man/man1/nodejs.1.gz (of link group js) doesn't exist
#10 78.39 Setting up node-argparse (2.0.1-2) ...
#10 78.40 Setting up terser (5.38.0-1) ...
#10 78.41 Setting up node-mime (3.0.0+dfsg+~cs6.97.2-2) ...
#10 78.43 Setting up node-source-map-support (0.5.21+ds+~0.5.10-1) ...
#10 78.43 Setting up node-unique-filename (1.1.1+ds-2) ...
#10 78.44 Setting up node-unicode-match-property-ecmascript (2.0.0-2) ...
#10 78.45 Setting up node-defined (1.0.1+~1.0.0-1) ...
#10 78.45 Setting up node-mime-types (2.1.35-2) ...
#10 78.46 Setting up node-ansi-escapes (5.0.0+really.4.3.1-1) ...
#10 78.47 Setting up node-strip-ansi (6.0.1-2) ...
#10 78.48 Setting up node-write (2.0.0~6.0.1+~3.0.4+~2.0.0+~1.0.0+~2.0.1-1) ...
#10 78.48 Setting up node-ignore (5.2.1-1) ...
#10 78.49 Setting up node-chalk (5.3.0-1) ...
#10 78.50 Setting up node-which (2.0.2+~cs1.3.2-3) ...
#10 78.51 Setting up node-css-selector-tokenizer (0.8.0+~cs4.8.3-1) ...
#10 78.52 Setting up node-esprima (4.0.1+ds+~4.0.3-2) ...
#10 78.53 Setting up node-is-path-inside (3.0.3-2) ...
#10 78.54 Setting up node-neo-async (2.6.2+~cs3.0.0-3) ...
#10 78.54 Setting up node-mkdirp (2.1.6+~cs5.2.1-2) ...
#10 78.55 Setting up node-es6-error (4.1.1-5) ...
#10 78.56 Setting up node-archy (1.0.0-6) ...
#10 78.57 Setting up node-js-yaml (4.1.0+dfsg+~4.0.5-7) ...
#10 78.58 Setting up node-nopt (5.0.0-4) ...
#10 78.58 Setting up node-lodash (4.17.21+dfsg+~cs8.31.198.20210220-9+deb13u1) ...
#10 78.59 Setting up node-progress (2.0.3-2) ...
#10 78.60 Setting up node-json5 (2.2.3+dfsg-1) ...
#10 78.60 Setting up node-ms (2.1.3+~cs0.7.31-3) ...
#10 78.61 Setting up node-rimraf (3.0.2-2) ...
#10 78.62 Setting up node-string-width (4.2.3+~cs13.2.3-1) ...
#10 78.63 Setting up node-regenerate (1.4.2-3) ...
#10 78.63 Setting up node-semver (7.6.1+~7.5.8-2) ...
#10 78.64 Setting up node-picocolors (1.0.0-4) ...
#10 78.65 Setting up node-es-abstract (1.20.4+~cs26.27.47-2) ...
#10 78.66 Setting up node-builtins (5.0.1-1) ...
#10 78.66 Setting up handlebars (3:4.7.7+~4.1.0-1) ...
#10 78.67 Setting up node-object-assign (4.1.1-7) ...
#10 78.68 Setting up node-is-glob (4.0.3-2) ...
#10 78.69 Setting up node-v8-compile-cache (2.4.0-2) ...
#10 78.69 Setting up node-flat-cache (3.0.4~6.0.1+~3.0.4+~2.0.0+~1.0.0+~2.0.1-1) ...
#10 78.70 Setting up node-is-number (7.0.0-4) ...
#10 78.71 Setting up node-babel-plugin-polyfill-corejs2 (0.3.3~0~20220913+ds1-1) ...
#10 78.71 Setting up node-for-in (1.0.2-4) ...
#10 78.72 Setting up node-webassemblyjs (1.11.4+dfsg+~cs10.11.17-2) ...
#10 78.73 Setting up node-execa (8.0.1+dfsg1+~cs12.0.0-1) ...
#10 78.74 Setting up node-strip-json-comments (4.0.0-4) ...
#10 78.74 Setting up node-is-extendable (1.0.1-3) ...
#10 78.75 Setting up node-columnify (1.6.0+~1.5.1-1) ...
#10 78.76 Setting up node-doctrine (3.0.0-4) ...
#10 78.77 Setting up node-copy-concurrently (1.0.5-9) ...
#10 78.77 Setting up node-ajv (8.12.0~ds+~2.1.1-5) ...
#10 78.78 Setting up node-jsesc (3.0.2+~3.0.1-1) ...
#10 78.79 Setting up node-regjsparser (0.9.1+ds-2) ...
#10 78.80 Setting up node-errno (1.0.0-3) ...
#10 78.80 Setting up node-decamelize (4.0.0-2) ...
#10 78.81 Setting up node-move-concurrently (1.0.1-5) ...
#10 78.82 Setting up node-normalize-path (3.0.0+~3.0.0-1) ...
#10 78.82 Setting up node-functional-red-black-tree (1.0.1+20181105-7) ...
#10 78.83 Setting up node-debug (4.3.4+~cs4.1.7-1) ...
#10 78.84 Setting up node-agent-base (7.1.1~0~2024040606-6+deb13u1) ...
#10 78.85 Setting up node-browserslist (4.25.0+~cs6.3.22-1) ...
#10 78.85 Setting up node-yargs-parser (21.1.1+~21.0.0-4) ...
#10 78.86 Setting up node-make-dir (3.1.0-3) ...
#10 78.87 Setting up node-validate-npm-package-name (5.0.0+~4.0.0-1) ...
#10 78.88 Setting up node-esrecurse (4.3.0-2) ...
#10 78.89 Setting up node-file-entry-cache (6.0.1+~3.0.4+~2.0.0+~1.0.0+~2.0.1-1) ...
#10 78.89 Setting up node-wrap-ansi (8.0.1+~8.0.1-3) ...
#10 78.90 Setting up node-normalize-package-data (4.0.1+~2.4.1-1) ...
#10 78.91 Setting up node-for-own (1.0.0-3) ...
#10 78.92 Setting up node-eslint-scope (7.1.1+~3.7.4-1) ...
#10 78.92 Setting up node-escodegen (2.1.0+dfsg+~0.0.8-1) ...
#10 78.93 Setting up node-memory-fs (0.5.0+~0.3.3-2) ...
#10 78.94 Setting up node-babel-helper-define-polyfill-provider (0.3.3~0~20220913+ds1-1) ...
#10 78.94 Setting up node-cli-table (0.3.11+~cs0.13.4-3) ...
#10 78.95 Setting up node-tar (6.2.1+~cs7.0.8-1+deb13u1) ...
#10 78.96 Setting up node-regenerate-unicode-properties (10.1.0+ds-1) ...
#10 78.97 Setting up node-glob-parent (6.0.2+~5.1.1-2) ...
#10 78.97 Setting up node-enhanced-resolve (5.15.0-1) ...
#10 78.98 Setting up node-postcss (8.4.49+~cs9.2.32-1) ...
#10 78.99 Setting up node-wide-align (1.1.3-4) ...
#10 79.00 Setting up node-npm-package-arg (10.0.0+~3.0.0-2) ...
#10 79.00 Setting up node-anymatch (3.1.3+~cs4.6.1-2) ...
#10 79.01 Setting up node-postcss-modules-extract-imports (3.0.0-2) ...
#10 79.02 Setting up node-read-pkg (5.2.0-2) ...
#10 79.03 Setting up node-https-proxy-agent (7.0.4~0~2024040606-6+deb13u1) ...
#10 79.03 Setting up node-cliui (7.0.4+repack+1+~cs1.4.2-2) ...
#10 79.05 Setting up node-regexpu-core (5.2.2-3) ...
#10 79.06 Setting up node-yargs (16.2.0+~16.0.4-7) ...
#10 79.07 Setting up node-to-regex-range (5.0.1-4) ...
#10 79.08 Setting up node-cacache (17.0.3+~cs10.3.7-2) ...
#10 79.08 Setting up node-envinfo (7.11.0+~cs14.3.0-3) ...
#10 79.09 Setting up node-ajv-keywords (5.1.0-4) ...
#10 79.10 Setting up node-read-package-json (5.0.2+~2.0.0-2) ...
#10 79.10 Setting up node-core-js-compat (3.33.2-1) ...
#10 79.11 Setting up node-http-proxy-agent (7.0.2~0~2024040606-6+deb13u1) ...
#10 79.12 Setting up node-clone-deep (4.0.1+~cs7.0.2-1) ...
#10 79.13 Setting up eslint (6.4.0~dfsg+~6.1.9-12) ...
#10 79.13 Setting up node-babel-plugin-polyfill-regenerator (0.4.1~0~20220913+ds1-1) ...
#10 79.14 Setting up node-gauge (4.0.4-2) ...
#10 79.15 Setting up node-readdirp (3.6.0-1) ...
#10 79.16 Setting up node-icss-utils (5.1.0+~5.1.0-1) ...
#10 79.16 Setting up node-npm-bundled (2.0.1-2) ...
#10 79.17 Setting up node-schema-utils (4.2.0~ds-3) ...
#10 79.18 Setting up node-jest-worker (29.6.2~ds1+~cs73.45.28-5) ...
#10 79.19 Setting up node-npmlog (7.0.1+~4.1.4-1) ...
#10 79.19 Setting up node-babel-plugin-polyfill-corejs3 (0.6.0~0~20220913+ds1-1) ...
#10 79.20 Setting up node-postcss-modules-values (4.0.0+~4.0.0-1) ...
#10 79.21 Setting up node-fill-range (7.1.1+~7.0.3-1) ...
#10 79.22 Setting up node-gyp (11.1.0+~5.0.0-1) ...
#10 79.23 Setting up node-braces (3.0.3+~3.0.5-1) ...
#10 79.23 Setting up node-chokidar (3.6.0-3) ...
#10 79.24 Setting up node-watchpack (2.4.0+~cs2.8.1-1) ...
#10 79.25 Setting up node-micromatch (4.0.7+~4.0.9-1) ...
#10 79.26 Setting up node-globby (13.1.3+~cs16.25.40-3) ...
#10 79.26 Setting up node-del (7.1.0-1) ...
#10 79.27 Setting up node-find-cache-dir (3.3.2+~3.2.1-1) ...
#10 79.28 Setting up node-istanbul (0.4.5+repack10+~cs98.25.59-3) ...
#10 79.29 Setting up node-tape (5.6.1+~cs8.20.19-3) ...
#10 79.30 Setting up node-babel7 (7.20.15+ds1+~cs214.269.168-8) ...
#10 79.31 update-alternatives: using /usr/bin/babeljs-7 to provide /usr/bin/babeljs (babeljs) in auto mode
#10 79.31 update-alternatives: using /usr/bin/babeljs-7-external-helpers to provide /usr/bin/babeljs-external-helpers (babeljs-external-helpers) in auto mode
#10 79.31 update-alternatives: using /usr/bin/babeljs-7-node to provide /usr/bin/babeljs-node (babeljs-node) in auto mode
#10 79.31 update-alternatives: using /usr/bin/babeljs-7-parser to provide /usr/bin/babeljs-parser (babeljs-parser) in auto mode
#10 79.32 Setting up node-deep-equal (2.2.3+~cs43.15.94-1) ...
#10 79.33 Setting up libjs-util (0.12.5+~1.0.10-1) ...
#10 79.33 Setting up node-babel-plugin-lodash (3.3.4+~cs2.0.1-7) ...
#10 79.34 Setting up node-jest-debbundle (29.6.2~ds1+~cs73.45.28-5) ...
#10 79.35 Setting up node-util (0.12.5+~1.0.10-1) ...
#10 79.36 Setting up webpack (5.97.1+dfsg1+~cs11.18.27-3) ...
#10 79.36 Setting up node-assert (2.0.0+~cs3.9.8-2) ...
#10 79.37 Setting up node-css-loader (6.8.1+~cs14.0.17-1) ...
#10 79.38 Setting up node-parse-json (5.2.0+~cs5.1.7-2) ...
#10 79.39 Setting up npm (9.2.0~ds1-3) ...
#10 79.40 Processing triggers for libc-bin (2.41-12+deb13u4) ...
#10 79.42 Processing triggers for sgml-base (1.31+nmu1) ...
#10 79.43 Setting up libdbus-1-dev:amd64 (1.16.2-2) ...
#10 DONE 80.3s

#11 [sdk2026-builder 4/6] COPY hassio-ihost-silabs-multiprotocol/otbr-patches/ /recipe/patches/
#11 DONE 0.3s

#12 [sdk2026-builder 5/6] COPY review/sdk2026/recipe/ /recipe/
#12 DONE 0.0s

#13 [sdk2026-builder 6/6] RUN bash /recipe/build-in-container.sh
#13 0.168 Cloning into 'cpc-daemon'...
#13 1.042 Note: switching to '87f6dbda4eef05e4538589c195099c3daf8f6f6b'.
#13 1.042 
#13 1.042 You are in 'detached HEAD' state. You can look around, make experimental
#13 1.042 changes and commit them, and you can discard any commits you make in this
#13 1.042 state without impacting any branches by switching back to a branch.
#13 1.042 
#13 1.042 If you want to create a new branch to retain commits you create, you may
#13 1.042 do so (now or later) by using -c with the switch command. Example:
#13 1.042 
#13 1.042   git switch -c <new-branch-name>
#13 1.042 
#13 1.042 Or undo this operation with:
#13 1.042 
#13 1.042   git switch -
#13 1.042 
#13 1.042 Turn off this advice by setting config variable advice.detachedHead to false
#13 1.042 
#13 1.133 -- The C compiler identification is GNU 14.2.0
#13 1.144 -- Detecting C compiler ABI info
#13 1.190 -- Detecting C compiler ABI info - done
#13 1.199 -- Check for working C compiler: /usr/bin/cc - skipped
#13 1.199 -- Detecting C compile features
#13 1.200 -- Detecting C compile features - done
#13 1.212 -- Performing Test _Wall
#13 1.257 -- Performing Test _Wall - Success
#13 1.258 -- Performing Test _Wextra
#13 1.302 -- Performing Test _Wextra - Success
#13 1.302 -- Performing Test _Wconversion
#13 1.346 -- Performing Test _Wconversion - Success
#13 1.346 -- Performing Test _Wformat_2
#13 1.391 -- Performing Test _Wformat_2 - Success
#13 1.392 -- Performing Test _Wlogical_op
#13 1.437 -- Performing Test _Wlogical_op - Success
#13 1.437 -- Performing Test _Wmissing_declarations
#13 1.481 -- Performing Test _Wmissing_declarations - Success
#13 1.481 -- Performing Test _Wpointer_arith
#13 1.525 -- Performing Test _Wpointer_arith - Success
#13 1.526 -- Performing Test _Wsign_conversion
#13 1.570 -- Performing Test _Wsign_conversion - Success
#13 1.570 -- Performing Test _Wswitch_default
#13 1.616 -- Performing Test _Wswitch_default - Success
#13 1.619 -- Looking for backtrace
#13 1.665 -- Looking for backtrace - found
#13 1.665 -- backtrace facility detected in default set of libraries
#13 1.665 -- Found Backtrace: /usr/include
#13 1.669 -- Found PkgConfig: /usr/bin/pkg-config (found version "1.8.1")
#13 1.670 -- Performing Test CMAKE_HAVE_LIBC_PTHREAD
#13 1.719 -- Performing Test CMAKE_HAVE_LIBC_PTHREAD - Success
#13 1.720 -- Found Threads: TRUE
#13 1.720 -- Checking for one of the modules 'mbedcrypto>=2.7'
#13 1.752 -- Configuring done (0.7s)
#13 1.766 -- Generating done (0.0s)
#13 1.766 -- Build files have been written to: /sdk2026-host/cpc-build
#13 1.815 [1/44] Building C object CMakeFiles/cpc.dir/misc/sl_slist.c.o
#13 1.834 [2/44] Building C object CMakeFiles/cpc.dir/misc/sleep.c.o
#13 1.878 [3/44] Building C object CMakeFiles/cpcd.dir/main.c.o
#13 2.019 [4/44] Building C object CMakeFiles/cpcd.dir/driver/driver_ezsp.c.o
#13 2.042 [5/44] Building C object CMakeFiles/cpcd.dir/driver/driver_kill.c.o
#13 2.138 [6/44] Building C object CMakeFiles/cpcd.dir/driver/driver_spi.c.o
#13 2.207 [7/44] Building C object CMakeFiles/cpcd.dir/driver/driver_sdio.c.o
#13 2.335 [8/44] Building C object CMakeFiles/cpcd.dir/driver/driver_uart.c.o
#13 2.406 [9/44] Building C object CMakeFiles/cpcd.dir/driver/driver_xmodem.c.o
#13 2.424 [10/44] Building C object CMakeFiles/cpc.dir/lib/sl_cpc.c.o
#13 2.439 [11/44] Linking C shared library libcpc.so.4.9.1
#13 2.440 [12/44] Building C object CMakeFiles/cpcd.dir/driver/netlink/nl_sdio_interface.c.o
#13 2.448 [13/44] Creating library symlink libcpc.so.3 libcpc.so
#13 2.484 [14/44] Building C object CMakeFiles/cpcd.dir/misc/board_controller.c.o
#13 2.490 [15/44] Building C object CMakeFiles/cpcd.dir/driver/netlink/nl_socket.c.o
#13 2.516 [16/44] Building C object CMakeFiles/cpcd.dir/misc/sl_slist.c.o
#13 2.536 [17/44] Building C object CMakeFiles/cpcd.dir/misc/sleep.c.o
#13 2.573 [18/44] Building C object CMakeFiles/cpcd.dir/misc/utils.c.o
#13 2.610 [19/44] Building C object CMakeFiles/cpcd.dir/misc/logging.c.o
#13 2.626 [20/44] Building C object CMakeFiles/cpcd.dir/modes/firmware_update.c.o
#13 2.640 [21/44] Building C object CMakeFiles/cpcd.dir/modes/normal.c.o
#13 2.681 [22/44] Building C object CMakeFiles/cpcd.dir/server_core/core/buffer.c.o
#13 2.710 [23/44] Building C object CMakeFiles/cpcd.dir/modes/uart_validation.c.o
#13 2.729 [24/44] Building C object CMakeFiles/cpcd.dir/server_core/core/crc.c.o
#13 2.746 [25/44] Building C object CMakeFiles/cpcd.dir/server_core/core/hdlc.c.o
#13 2.777 [26/44] Building C object CMakeFiles/cpcd.dir/server_core/core/protocol.c.o
#13 2.840 [27/44] Building C object CMakeFiles/cpcd.dir/server_core/core/protocol_v4.c.o
#13 2.924 [28/44] Building C object CMakeFiles/cpcd.dir/server_core/core/protocol_v5.c.o
#13 2.967 [29/44] Building C object CMakeFiles/cpcd.dir/server_core/epoll/epoll.c.o
#13 3.013 [30/44] Building C object CMakeFiles/cpcd.dir/server_core/core/core.c.o
#13 3.039 [31/44] Building C object CMakeFiles/cpcd.dir/server_core/server/server_ready_sync.c.o
#13 3.200 [32/44] Building C object CMakeFiles/cpcd.dir/server_core/server_core.c.o
#13 3.231 [33/44] Building C object CMakeFiles/cpcd.dir/server_core/server/server.c.o
#13 3.285 [34/44] Building C object CMakeFiles/cpcd.dir/misc/gpio.c.o
#13 3.314 [35/44] Building C object CMakeFiles/cpcd.dir/modes/binding.c.o
#13 3.351 [36/44] Building C object CMakeFiles/cpcd.dir/server_core/system_endpoint/system.c.o
#13 3.422 [37/44] Building C object CMakeFiles/cpcd.dir/security/private/protocol/protocol.c.o
#13 3.442 [38/44] Building C object CMakeFiles/cpcd.dir/security/private/keys/keys.c.o
#13 3.455 [39/44] Building C object CMakeFiles/cpcd.dir/security/private/thread/command_synchronizer.c.o
#13 3.485 [40/44] Building C object CMakeFiles/cpcd.dir/security/private/thread/security_thread.c.o
#13 3.488 [41/44] Building C object CMakeFiles/cpcd.dir/security/security.c.o
#13 3.532 [42/44] Building C object CMakeFiles/cpcd.dir/misc/exit.c.o
#13 3.718 [43/44] Building C object CMakeFiles/cpcd.dir/misc/config.c.o
#13 3.745 [44/44] Linking C executable cpcd
#13 3.755 -- Install configuration: "Release"
#13 3.755 -- Installing: /usr/local/lib/libcpc.so.4.9.1
#13 3.756 -- Installing: /usr/local/lib/libcpc.so.3
#13 3.756 -- Installing: /usr/local/lib/libcpc.so
#13 3.757 -- Installing: /usr/local/include/sl_cpc.h
#13 3.758 -- Installing: /usr/local/lib/pkgconfig/libcpc.pc
#13 3.758 -- Installing: /usr/local/bin/cpcd
#13 3.759 -- Set non-toolchain portion of runtime path of "/usr/local/bin/cpcd" to ""
#13 3.760 -- Installing: /usr/local/etc/cpcd.conf
#13 3.769 -- Install configuration: "Release"
#13 3.771 -- Installing: /sdk2026-upstream-install/cpc/usr/local/lib/libcpc.so.4.9.1
#13 3.771 -- Installing: /sdk2026-upstream-install/cpc/usr/local/lib/libcpc.so.3
#13 3.771 -- Installing: /sdk2026-upstream-install/cpc/usr/local/lib/libcpc.so
#13 3.772 -- Installing: /sdk2026-upstream-install/cpc/usr/local/include/sl_cpc.h
#13 3.773 -- Installing: /sdk2026-upstream-install/cpc/usr/local/lib/pkgconfig/libcpc.pc
#13 3.773 -- Installing: /sdk2026-upstream-install/cpc/usr/local/bin/cpcd
#13 3.774 -- Set non-toolchain portion of runtime path of "/sdk2026-upstream-install/cpc/usr/local/bin/cpcd" to ""
#13 3.775 -- Installing: /sdk2026-upstream-install/cpc/usr/local/etc/cpcd.conf
#13 6.261 The sdk /opt/silabs/sdks/simplicity_sdk_2026.6.1/ ( com.silabs.sdk.stack.simplicity_sdk:2026.6.1._1763566131 )  is now trusted. 
#13 12.17 Found valid project type for makefile
#13 12.40 Generation location: /sdk2026-host/zigbeed
#13 13.01 Generation: Starting AC generation for pintool in project zigbeed: Sat Sep 19 12:11:10 UTC 2026
#13 13.01 Generation: Starting AC generation for ucProject in project zigbeed: Sat Sep 19 12:11:10 UTC 2026
#13 13.01 Generation: AC content generated for pintool in project zigbeed. Elapsed time: 3ms
#13 13.55 Generation: Starting AC generation for ProjectPostBuild in project zigbeed: Sat Sep 19 12:11:10 UTC 2026
#13 13.57 Generation: AC content generated for ProjectPostBuild in project zigbeed. Elapsed time: 13ms
#13 13.57 Generation: AC content generated for ucProject in project zigbeed. Elapsed time: 562ms
#13 13.57 Generation: Starting project generation for zigbeed: Sat Sep 19 12:11:10 UTC 2026
#13 14.37 Generation: Projects generated zigbeed.Makefile
#13 14.37 Generation: Project generation completed for zigbeed: Elapsed time: 803ms
#13 14.38 Total generation time: 1383 ms
#13 14.38 
#13 14.38 Generation for Zigbee - Host zigbeed to /sdk2026-host/zigbeed has completed.
#13 14.38 Reference the following for more information: 
#13 14.38   readme.md
#13 15.19 patching file zigbee/stack/platform/sl_zigbee_token_host.c
#13 15.19 make: Entering directory '/sdk2026-host/zigbeed'
#13 15.21 # No pre-build defined
#13 15.21 Building /opt/silabs/sdks/simplicity_sdk_2026.6.1/mbedtls/library/aes.c
#13 15.21 Building /opt/silabs/sdks/simplicity_sdk_2026.6.1/mbedtls/library/bignum.c
#13 15.28 Building /opt/silabs/sdks/simplicity_sdk_2026.6.1/mbedtls/library/bignum_core.c
#13 15.30 Building /opt/silabs/sdks/simplicity_sdk_2026.6.1/mbedtls/library/bignum_mod.c
#13 15.33 Building /opt/silabs/sdks/simplicity_sdk_2026.6.1/mbedtls/library/bignum_mod_raw.c
#13 15.34 Building /opt/silabs/sdks/simplicity_sdk_2026.6.1/mbedtls/library/constant_time.c
#13 15.35 Building /opt/silabs/sdks/simplicity_sdk_2026.6.1/mbedtls/library/ctr_drbg.c
#13 15.37 Building /opt/silabs/sdks/simplicity_sdk_2026.6.1/mbedtls/library/ecdh.c
#13 15.39 Building /opt/silabs/sdks/simplicity_sdk_2026.6.1/mbedtls/library/ecp.c
#13 15.41 Building /opt/silabs/sdks/simplicity_sdk_2026.6.1/mbedtls/library/ecp_curves.c
#13 15.46 Building /opt/silabs/sdks/simplicity_sdk_2026.6.1/mbedtls/library/ecp_curves_new.c
#13 15.49 Building /opt/silabs/sdks/simplicity_sdk_2026.6.1/mbedtls/library/entropy.c
#13 15.50 Building /opt/silabs/sdks/simplicity_sdk_2026.6.1/mbedtls/library/entropy_poll.c
#13 15.53 Building /opt/silabs/sdks/simplicity_sdk_2026.6.1/mbedtls/library/hmac_drbg.c
#13 15.56 Building /opt/silabs/sdks/simplicity_sdk_2026.6.1/mbedtls/library/md.c
#13 15.56 Building /opt/silabs/sdks/simplicity_sdk_2026.6.1/mbedtls/library/memory_buffer_alloc.c
#13 15.58 Building /opt/silabs/sdks/simplicity_sdk_2026.6.1/mbedtls/library/platform.c
#13 15.60 Building /opt/silabs/sdks/simplicity_sdk_2026.6.1/mbedtls/library/platform_util.c
#13 15.61 Building /opt/silabs/sdks/simplicity_sdk_2026.6.1/mbedtls/library/psa_crypto_client.c
#13 15.64 Building /opt/silabs/sdks/simplicity_sdk_2026.6.1/mbedtls/library/psa_util.c
#13 15.65 Building /opt/silabs/sdks/simplicity_sdk_2026.6.1/mbedtls/library/sha256.c
#13 15.67 Building /opt/silabs/sdks/simplicity_sdk_2026.6.1/mbedtls/library/sha3.c
#13 15.69 Building /opt/silabs/sdks/simplicity_sdk_2026.6.1/mbedtls/library/threading.c
#13 15.71 Building /opt/silabs/sdks/simplicity_sdk_2026.6.1/multiprotocol/mac/lower-mac-spinel-stubs.cpp
#13 15.72 Building /opt/silabs/sdks/simplicity_sdk_2026.6.1/multiprotocol/ot-platform-abstraction/posix/cpc_interface.cpp
#13 15.85 Building /opt/silabs/sdks/simplicity_sdk_2026.6.1/multiprotocol/ot-platform-abstraction/posix/posix_vendor_spinel_interface.cpp
#13 15.95 Building /opt/silabs/sdks/simplicity_sdk_2026.6.1/multiprotocol/ot-platform-abstraction/posix/radio_extension.cpp
#13 15.98 Building /opt/silabs/sdks/simplicity_sdk_2026.6.1/openthread/platform-abstraction/posix/cpc_transport.cpp
#13 15.99 Building /opt/silabs/sdks/simplicity_sdk_2026.6.1/openthread_stack/util/third_party/openthread/src/core/api/error_api.cpp
#13 16.03 Building /opt/silabs/sdks/simplicity_sdk_2026.6.1/openthread_stack/util/third_party/openthread/src/core/api/logging_api.cpp
#13 16.08 Building /opt/silabs/sdks/simplicity_sdk_2026.6.1/openthread_stack/util/third_party/openthread/src/core/common/error.cpp
#13 16.13 Building /opt/silabs/sdks/simplicity_sdk_2026.6.1/openthread_stack/util/third_party/openthread/src/core/common/frame_builder.cpp
#13 16.23 Building /opt/silabs/sdks/simplicity_sdk_2026.6.1/openthread_stack/util/third_party/openthread/src/core/common/heap.cpp
#13 16.25 Building /opt/silabs/sdks/simplicity_sdk_2026.6.1/openthread_stack/util/third_party/openthread/src/core/common/log.cpp
#13 16.45 Building /opt/silabs/sdks/simplicity_sdk_2026.6.1/openthread_stack/util/third_party/openthread/src/core/common/offset_range.cpp
#13 16.48 Building /opt/silabs/sdks/simplicity_sdk_2026.6.1/openthread_stack/util/third_party/openthread/src/core/common/random.cpp
#13 16.53 Building /opt/silabs/sdks/simplicity_sdk_2026.6.1/openthread_stack/util/third_party/openthread/src/core/common/string.cpp
#13 16.53 Building /opt/silabs/sdks/simplicity_sdk_2026.6.1/openthread_stack/util/third_party/openthread/src/core/common/timer.cpp
#13 16.60 Building /opt/silabs/sdks/simplicity_sdk_2026.6.1/openthread_stack/util/third_party/openthread/src/core/crypto/aes_ccm.cpp
#13 16.69 Building /opt/silabs/sdks/simplicity_sdk_2026.6.1/openthread_stack/util/third_party/openthread/src/core/crypto/aes_ecb.cpp
#13 16.76 Building /opt/silabs/sdks/simplicity_sdk_2026.6.1/openthread_stack/util/third_party/openthread/src/core/crypto/mbedtls.cpp
#13 16.78 Building /opt/silabs/sdks/simplicity_sdk_2026.6.1/openthread_stack/util/third_party/openthread/src/core/crypto/storage.cpp
#13 16.83 Building /opt/silabs/sdks/simplicity_sdk_2026.6.1/openthread_stack/util/third_party/openthread/src/core/mac/mac_frame.cpp
#13 16.83 Building /opt/silabs/sdks/simplicity_sdk_2026.6.1/openthread_stack/util/third_party/openthread/src/core/mac/mac_header_ie.cpp
#13 16.89 Building /opt/silabs/sdks/simplicity_sdk_2026.6.1/openthread_stack/util/third_party/openthread/src/core/mac/mac_types.cpp
#13 16.97 Building /opt/silabs/sdks/simplicity_sdk_2026.6.1/openthread_stack/util/third_party/openthread/src/lib/platform/exit_code.c
#13 16.98 Building /opt/silabs/sdks/simplicity_sdk_2026.6.1/openthread_stack/util/third_party/openthread/src/lib/spinel/logger.cpp
#13 17.00 Building /opt/silabs/sdks/simplicity_sdk_2026.6.1/openthread_stack/util/third_party/openthread/src/lib/spinel/radio_spinel.cpp
#13 17.05 Building /opt/silabs/sdks/simplicity_sdk_2026.6.1/openthread_stack/util/third_party/openthread/src/lib/spinel/spinel.c
#13 17.11 Building /opt/silabs/sdks/simplicity_sdk_2026.6.1/openthread_stack/util/third_party/openthread/src/lib/spinel/spinel_buffer.cpp
#13 17.17 Building /opt/silabs/sdks/simplicity_sdk_2026.6.1/openthread_stack/util/third_party/openthread/src/lib/spinel/spinel_decoder.cpp
#13 17.19 Building /opt/silabs/sdks/simplicity_sdk_2026.6.1/openthread_stack/util/third_party/openthread/src/lib/spinel/spinel_driver.cpp
#13 17.24 Building /opt/silabs/sdks/simplicity_sdk_2026.6.1/openthread_stack/util/third_party/openthread/src/lib/spinel/spinel_encoder.cpp
#13 17.27 Building /opt/silabs/sdks/simplicity_sdk_2026.6.1/openthread_stack/util/third_party/openthread/src/lib/spinel/spinel_helper.cpp
#13 17.30 Building /opt/silabs/sdks/simplicity_sdk_2026.6.1/openthread_stack/util/third_party/openthread/src/lib/spinel/spinel_prop_codec.cpp
#13 17.31 Building /opt/silabs/sdks/simplicity_sdk_2026.6.1/openthread_stack/util/third_party/openthread/src/lib/url/url.cpp
#13 17.37 Building /opt/silabs/sdks/simplicity_sdk_2026.6.1/openthread_stack/util/third_party/openthread/src/posix/platform/alarm.cpp
#13 17.38 Building /opt/silabs/sdks/simplicity_sdk_2026.6.1/openthread_stack/util/third_party/openthread/src/posix/platform/backtrace.cpp
#13 17.45 Building /opt/silabs/sdks/simplicity_sdk_2026.6.1/openthread_stack/util/third_party/openthread/src/posix/platform/ble.cpp
#13 17.47 Building /opt/silabs/sdks/simplicity_sdk_2026.6.1/openthread_stack/util/third_party/openthread/src/posix/platform/dhcp6_pd_socket.cpp
#13 17.49 Building /opt/silabs/sdks/simplicity_sdk_2026.6.1/openthread_stack/util/third_party/openthread/src/posix/platform/entropy.cpp
#13 17.51 Building /opt/silabs/sdks/simplicity_sdk_2026.6.1/openthread_stack/util/third_party/openthread/src/posix/platform/logging.cpp
#13 17.55 Building /opt/silabs/sdks/simplicity_sdk_2026.6.1/openthread_stack/util/third_party/openthread/src/posix/platform/mainloop.cpp
#13 17.57 Building /opt/silabs/sdks/simplicity_sdk_2026.6.1/openthread_stack/util/third_party/openthread/src/posix/platform/mdns_socket.cpp
#13 17.60 Building /opt/silabs/sdks/simplicity_sdk_2026.6.1/openthread_stack/util/third_party/openthread/src/posix/platform/memory.cpp
#13 17.61 Building /opt/silabs/sdks/simplicity_sdk_2026.6.1/openthread_stack/util/third_party/openthread/src/posix/platform/radio.cpp
#13 17.67 Building /opt/silabs/sdks/simplicity_sdk_2026.6.1/openthread_stack/util/third_party/openthread/src/posix/platform/radio_url.cpp
#13 17.73 Building /opt/silabs/sdks/simplicity_sdk_2026.6.1/openthread_stack/util/third_party/openthread/src/posix/platform/rcp_caps_diag.cpp
#13 17.76 Building /opt/silabs/sdks/simplicity_sdk_2026.6.1/openthread_stack/util/third_party/openthread/src/posix/platform/resolver.cpp
#13 17.86 Building /opt/silabs/sdks/simplicity_sdk_2026.6.1/openthread_stack/util/third_party/openthread/src/posix/platform/settings_file.cpp
#13 17.97 Building /opt/silabs/sdks/simplicity_sdk_2026.6.1/openthread_stack/util/third_party/openthread/src/posix/platform/spinel_manager.cpp
#13 18.06 Building /opt/silabs/sdks/simplicity_sdk_2026.6.1/openthread_stack/util/third_party/openthread/src/posix/platform/system.cpp
#13 18.09 Building /opt/silabs/sdks/simplicity_sdk_2026.6.1/openthread_stack/util/third_party/openthread/src/posix/platform/tmp_storage.cpp
#13 18.14 Building /opt/silabs/sdks/simplicity_sdk_2026.6.1/platform_core/platform/common/src/sl_assert.c
#13 18.15 Building /opt/silabs/sdks/simplicity_sdk_2026.6.1/platform_core/platform/common/src/sl_core_mock.c
#13 18.17 Building /opt/silabs/sdks/simplicity_sdk_2026.6.1/platform_core/platform/common/src/sl_slist.c
#13 18.18 Building /opt/silabs/sdks/simplicity_sdk_2026.6.1/platform_core/platform/service/sl_main/src/sl_main_init.c
#13 18.20 Building /opt/silabs/sdks/simplicity_sdk_2026.6.1/platform_core/platform/service/sl_main/src/sl_main_init_memory.c
#13 18.20 Building /opt/silabs/sdks/simplicity_sdk_2026.6.1/platform_core/platform/service/sl_main/src/sl_main_process_action.c
#13 18.22 Building /opt/silabs/sdks/simplicity_sdk_2026.6.1/zigbee/app/em260/command-handlers-binding-generated.c
#13 18.22 Building /opt/silabs/sdks/simplicity_sdk_2026.6.1/zigbee/app/em260/command-handlers-configuration-generated.c
#13 18.28 Building /opt/silabs/sdks/simplicity_sdk_2026.6.1/zigbee/app/em260/command-handlers-green-power-generated.c
#13 18.28 Building /opt/silabs/sdks/simplicity_sdk_2026.6.1/zigbee/app/em260/command-handlers-messaging-generated.c
#13 18.35 Building /opt/silabs/sdks/simplicity_sdk_2026.6.1/zigbee/app/em260/command-handlers-mfglib-generated.c
#13 18.35 Building /opt/silabs/sdks/simplicity_sdk_2026.6.1/zigbee/app/em260/command-handlers-networking-generated.c
#13 18.41 Building /opt/silabs/sdks/simplicity_sdk_2026.6.1/zigbee/app/em260/command-handlers-security-generated.c
#13 18.42 Building /opt/silabs/sdks/simplicity_sdk_2026.6.1/zigbee/app/em260/command-handlers-token-interface-generated.c
#13 18.47 Building /opt/silabs/sdks/simplicity_sdk_2026.6.1/zigbee/app/em260/command-handlers-token-interface.c
#13 18.47 Building /opt/silabs/sdks/simplicity_sdk_2026.6.1/zigbee/app/em260/command-handlers-trust-center-generated.c
#13 18.53 Building /opt/silabs/sdks/simplicity_sdk_2026.6.1/zigbee/app/em260/command-handlers-zll-generated.c
#13 18.53 Building /opt/silabs/sdks/simplicity_sdk_2026.6.1/zigbee/app/em260/em260-common.c
#13 18.58 Building /opt/silabs/sdks/simplicity_sdk_2026.6.1/zigbee/app/em260/ncp-stack-stub.c
#13 18.59 Building /opt/silabs/sdks/simplicity_sdk_2026.6.1/zigbee/app/em260/serial-interface-uart.c
#13 18.62 Building /opt/silabs/sdks/simplicity_sdk_2026.6.1/zigbee/app/framework/common/sl_zigbee_system_common.c
#13 18.65 Building /opt/silabs/sdks/simplicity_sdk_2026.6.1/zigbee/app/framework/common/zigbee_enhanced_routing.c
#13 18.67 Building /opt/silabs/sdks/simplicity_sdk_2026.6.1/zigbee/app/framework/common/zigbee_ncp_framework_cb.c
#13 18.68 Building /opt/silabs/sdks/simplicity_sdk_2026.6.1/zigbee/app/framework/common/zigbee_stack_sleep.c
#13 18.70 Building /opt/silabs/sdks/simplicity_sdk_2026.6.1/zigbee/app/test/sl_zigbee_r23_app_stubs.c
#13 18.70 Building /opt/silabs/sdks/simplicity_sdk_2026.6.1/zigbee/app/util/counters/counters.c
#13 18.77 Building /opt/silabs/sdks/simplicity_sdk_2026.6.1/zigbee/app/xncp/xncp_cb.c
#13 18.77 Building /opt/silabs/sdks/simplicity_sdk_2026.6.1/zigbee/platform/service/legacy_common_ash/src/ash-common.c
#13 18.81 Building /opt/silabs/sdks/simplicity_sdk_2026.6.1/zigbee/platform/service/legacy_hal/src/crc.c
#13 18.83 Building /opt/silabs/sdks/simplicity_sdk_2026.6.1/zigbee/platform/service/legacy_hal/src/random.c
#13 18.84 Building /opt/silabs/sdks/simplicity_sdk_2026.6.1/zigbee/platform/service/legacy_hal/src/rijndael-alg-fst.c
#13 18.85 Building /opt/silabs/sdks/simplicity_sdk_2026.6.1/zigbee/platform/service/legacy_hal/src/rijndael-api-fst.c
#13 18.88 Building /opt/silabs/sdks/simplicity_sdk_2026.6.1/zigbee/platform/service/legacy_hal/src/system-timer.c
#13 18.89 Building /opt/silabs/sdks/simplicity_sdk_2026.6.1/zigbee/platform/service/legacy_hal_wdog/src/sl_legacy_hal_wdog_stub.c
#13 18.91 Building /opt/silabs/sdks/simplicity_sdk_2026.6.1/zigbee/platform/service/legacy_ncp_ash/src/ash-ncp.c
#13 18.91 Building /opt/silabs/sdks/simplicity_sdk_2026.6.1/zigbee/stack/config/sl_zigbee_callback_stubs.c
#13 18.97 Building /opt/silabs/sdks/simplicity_sdk_2026.6.1/zigbee/stack/config/sl_zigbee_configuration.c
#13 18.98 Building /opt/silabs/sdks/simplicity_sdk_2026.6.1/zigbee/stack/config/sl_zigbee_configuration_access.c
#13 19.01 Building /opt/silabs/sdks/simplicity_sdk_2026.6.1/zigbee/stack/config/sl_zigbee_endpoint_stubs.c
#13 19.02 Building /opt/silabs/sdks/simplicity_sdk_2026.6.1/zigbee/stack/core/multi-pan-common.c
#13 19.05 Building /opt/silabs/sdks/simplicity_sdk_2026.6.1/zigbee/stack/core/multi-pan-stub.c
#13 19.07 Building /opt/silabs/sdks/simplicity_sdk_2026.6.1/zigbee/stack/core/sl_zigbee_multi_network_stub.c
#13 19.09 Building /opt/silabs/sdks/simplicity_sdk_2026.6.1/zigbee/stack/framework/aes-ecb.c
#13 19.13 Building /opt/silabs/sdks/simplicity_sdk_2026.6.1/zigbee/stack/framework/debug-extended-stub.c
#13 19.15 Building /opt/silabs/sdks/simplicity_sdk_2026.6.1/zigbee/stack/framework/debug-stub.c
#13 19.15 Building /opt/silabs/sdks/simplicity_sdk_2026.6.1/zigbee/stack/framework/strong-random-api.c
#13 19.18 Building /opt/silabs/sdks/simplicity_sdk_2026.6.1/zigbee/stack/framework/zigbee-event-logger-stub-gen.c
#13 19.21 Building /opt/silabs/sdks/simplicity_sdk_2026.6.1/zigbee/stack/internal/src/baremetal/aes-mmo-baremetal-wrapper.c
#13 19.21 Building /opt/silabs/sdks/simplicity_sdk_2026.6.1/zigbee/stack/internal/src/baremetal/binding-table-baremetal-callbacks.c
#13 19.24 Building /opt/silabs/sdks/simplicity_sdk_2026.6.1/zigbee/stack/internal/src/baremetal/binding-table-baremetal-wrapper.c
#13 19.24 Building /opt/silabs/sdks/simplicity_sdk_2026.6.1/zigbee/stack/internal/src/baremetal/bootload_baremetal_callbacks.c
#13 19.27 Building /opt/silabs/sdks/simplicity_sdk_2026.6.1/zigbee/stack/internal/src/baremetal/bootload_baremetal_wrapper.c
#13 19.27 Building /opt/silabs/sdks/simplicity_sdk_2026.6.1/zigbee/stack/internal/src/baremetal/child_baremetal_callbacks.c
#13 19.30 Building /opt/silabs/sdks/simplicity_sdk_2026.6.1/zigbee/stack/internal/src/baremetal/child_baremetal_wrapper.c
#13 19.30 Building /opt/silabs/sdks/simplicity_sdk_2026.6.1/zigbee/stack/internal/src/baremetal/gp-proxy-table-baremetal-wrapper.c
#13 19.33 Building /opt/silabs/sdks/simplicity_sdk_2026.6.1/zigbee/stack/internal/src/baremetal/gp-sink-table-baremetal-wrapper.c
#13 19.34 Building /opt/silabs/sdks/simplicity_sdk_2026.6.1/zigbee/stack/internal/src/baremetal/gp-types-baremetal-wrapper.c
#13 19.36 Building /opt/silabs/sdks/simplicity_sdk_2026.6.1/zigbee/stack/internal/src/baremetal/library_baremetal_wrapper.c
#13 19.37 Building /opt/silabs/sdks/simplicity_sdk_2026.6.1/zigbee/stack/internal/src/baremetal/mac-layer-baremetal-wrapper.c
#13 19.39 Building /opt/silabs/sdks/simplicity_sdk_2026.6.1/zigbee/stack/internal/src/baremetal/message_baremetal_callbacks.c
#13 19.40 Building /opt/silabs/sdks/simplicity_sdk_2026.6.1/zigbee/stack/internal/src/baremetal/message_baremetal_wrapper.c
#13 19.43 Building /opt/silabs/sdks/simplicity_sdk_2026.6.1/zigbee/stack/internal/src/baremetal/mfglib_baremetal_wrapper.c
#13 19.43 Building /opt/silabs/sdks/simplicity_sdk_2026.6.1/zigbee/stack/internal/src/baremetal/multi-phy-baremetal-wrapper.c
#13 19.46 Building /opt/silabs/sdks/simplicity_sdk_2026.6.1/zigbee/stack/internal/src/baremetal/network-formation-baremetal-callbacks.c
#13 19.46 Building /opt/silabs/sdks/simplicity_sdk_2026.6.1/zigbee/stack/internal/src/baremetal/network-formation-baremetal-wrapper.c
#13 19.49 Building /opt/silabs/sdks/simplicity_sdk_2026.6.1/zigbee/stack/internal/src/baremetal/raw-message-baremetal-callbacks.c
#13 19.50 Building /opt/silabs/sdks/simplicity_sdk_2026.6.1/zigbee/stack/internal/src/baremetal/raw-message-baremetal-wrapper.c
#13 19.53 Building /opt/silabs/sdks/simplicity_sdk_2026.6.1/zigbee/stack/internal/src/baremetal/security_baremetal_callbacks.c
#13 19.53 Building /opt/silabs/sdks/simplicity_sdk_2026.6.1/zigbee/stack/internal/src/baremetal/security_baremetal_wrapper.c
#13 19.56 Building /opt/silabs/sdks/simplicity_sdk_2026.6.1/zigbee/stack/internal/src/baremetal/sl_zigbee_address_info_baremetal_wrapper.c
#13 19.57 Building /opt/silabs/sdks/simplicity_sdk_2026.6.1/zigbee/stack/internal/src/baremetal/sl_zigbee_dlk_negotiation_baremetal_wrapper.c
#13 19.58 Building /opt/silabs/sdks/simplicity_sdk_2026.6.1/zigbee/stack/internal/src/baremetal/sl_zigbee_duty_cycle_baremetal_callbacks.c
#13 19.60 Building /opt/silabs/sdks/simplicity_sdk_2026.6.1/zigbee/stack/internal/src/baremetal/sl_zigbee_duty_cycle_baremetal_wrapper.c
#13 19.61 Building /opt/silabs/sdks/simplicity_sdk_2026.6.1/zigbee/stack/internal/src/baremetal/sl_zigbee_dynamic_commissioning_baremetal_callbacks.c
#13 19.63 Building /opt/silabs/sdks/simplicity_sdk_2026.6.1/zigbee/stack/internal/src/baremetal/sl_zigbee_dynamic_commissioning_baremetal_wrapper.c
#13 19.64 Building /opt/silabs/sdks/simplicity_sdk_2026.6.1/zigbee/stack/internal/src/baremetal/sl_zigbee_memory_usage_baremetal_wrapper.c
#13 19.66 Building /opt/silabs/sdks/simplicity_sdk_2026.6.1/zigbee/stack/internal/src/baremetal/sl_zigbee_random_api_baremetal_wrapper.c
#13 19.66 Building /opt/silabs/sdks/simplicity_sdk_2026.6.1/zigbee/stack/internal/src/baremetal/sl_zigbee_security_manager_dlk_ecc_baremetal_wrapper.c
#13 19.69 Building /opt/silabs/sdks/simplicity_sdk_2026.6.1/zigbee/stack/internal/src/baremetal/sl_zigbee_security_manager_dlk_ecc_test_vectors_baremetal_wrapper.c
#13 19.69 Building /opt/silabs/sdks/simplicity_sdk_2026.6.1/zigbee/stack/internal/src/baremetal/sl_zigbee_stack_specific_tlv_baremetal_wrapper.c
#13 19.72 Building /opt/silabs/sdks/simplicity_sdk_2026.6.1/zigbee/stack/internal/src/baremetal/sl_zigbee_token_baremetal_wrapper.c
#13 19.72 Building /opt/silabs/sdks/simplicity_sdk_2026.6.1/zigbee/stack/internal/src/baremetal/sl_zigbee_zdo_configuration_baremetal_wrapper.c
#13 19.75 Building /opt/silabs/sdks/simplicity_sdk_2026.6.1/zigbee/stack/internal/src/baremetal/sl_zigbee_zdo_dlk_negotiation_baremetal_wrapper.c
#13 19.75 Building /opt/silabs/sdks/simplicity_sdk_2026.6.1/zigbee/stack/internal/src/baremetal/sl_zigbee_zdo_management_baremetal_callbacks.c
#13 19.78 Building /opt/silabs/sdks/simplicity_sdk_2026.6.1/zigbee/stack/internal/src/baremetal/sl_zigbee_zdo_management_baremetal_wrapper.c
#13 19.78 Building /opt/silabs/sdks/simplicity_sdk_2026.6.1/zigbee/stack/internal/src/baremetal/sl_zigbee_zdo_security_baremetal_callbacks.c
#13 19.81 Building /opt/silabs/sdks/simplicity_sdk_2026.6.1/zigbee/stack/internal/src/baremetal/sl_zigbee_zdo_security_baremetal_wrapper.c
#13 19.81 Building /opt/silabs/sdks/simplicity_sdk_2026.6.1/zigbee/stack/internal/src/baremetal/source-route-baremetal-wrapper.c
#13 19.84 Building /opt/silabs/sdks/simplicity_sdk_2026.6.1/zigbee/stack/internal/src/baremetal/stack-info-baremetal-callbacks.c
#13 19.84 Building /opt/silabs/sdks/simplicity_sdk_2026.6.1/zigbee/stack/internal/src/baremetal/stack-info-baremetal-wrapper.c
#13 19.87 Building /opt/silabs/sdks/simplicity_sdk_2026.6.1/zigbee/stack/internal/src/baremetal/trust-center-baremetal-callbacks.c
#13 19.88 Building /opt/silabs/sdks/simplicity_sdk_2026.6.1/zigbee/stack/internal/src/baremetal/trust-center-baremetal-wrapper.c
#13 19.90 Building /opt/silabs/sdks/simplicity_sdk_2026.6.1/zigbee/stack/internal/src/baremetal/zigbee-device-stack-baremetal-wrapper.c
#13 19.92 Building /opt/silabs/sdks/simplicity_sdk_2026.6.1/zigbee/stack/internal/src/baremetal/zigbee-security-manager-baremetal-wrapper.c
#13 19.93 Building /opt/silabs/sdks/simplicity_sdk_2026.6.1/zigbee/stack/internal/src/baremetal/zll-api-baremetal-callbacks.c
#13 19.95 Building /opt/silabs/sdks/simplicity_sdk_2026.6.1/zigbee/stack/internal/src/baremetal/zll-api-baremetal-wrapper.c
#13 19.95 Building /opt/silabs/sdks/simplicity_sdk_2026.6.1/zigbee/stack/internal/src/stubs/sl_zigbee_dhc_internal_weak_stubs.c
#13 19.98 Building /opt/silabs/sdks/simplicity_sdk_2026.6.1/zigbee/stack/internal/src/stubs/sl_zigbee_memory_usage_internal_weak_stubs.c
#13 19.99 Building /opt/silabs/sdks/simplicity_sdk_2026.6.1/zigbee/stack/internal/src/stubs/sl_zigbee_token_internal_weak_stubs.c
#13 20.00 Building /opt/silabs/sdks/simplicity_sdk_2026.6.1/zigbee/stack/internal/src/stubs/stack-info-internal-weak-stubs.c
#13 20.02 Building /opt/silabs/sdks/simplicity_sdk_2026.6.1/zigbee/stack/platform/sl_zigbee_legacy_token_host.c
#13 20.05 Building /opt/silabs/sdks/simplicity_sdk_2026.6.1/zigbee/stack/platform/sl_zigbee_token.c
#13 20.07 Building /opt/silabs/sdks/simplicity_sdk_2026.6.1/zigbee/stack/platform/sl_zigbee_token_defines.c
#13 20.09 Building /opt/silabs/sdks/simplicity_sdk_2026.6.1/zigbee/stack/platform/sl_zigbee_token_host.c
#13 20.10 Building /opt/silabs/sdks/simplicity_sdk_2026.6.1/zigbee/stack/platform/zigbee_token_interface.c
#13 20.16 Building /opt/silabs/sdks/simplicity_sdk_2026.6.1/zigbee/stack/security/cbke-crypto-engine-163k1-stub.c
#13 20.16 Building /opt/silabs/sdks/simplicity_sdk_2026.6.1/zigbee/stack/security/cbke-crypto-engine-283k1-stub.c
#13 20.19 Building /opt/silabs/sdks/simplicity_sdk_2026.6.1/zigbee/stack/security/cbke-crypto-engine-dsa-sign-stub.c
#13 20.19 Building /opt/silabs/sdks/simplicity_sdk_2026.6.1/zigbee/stack/security/cbke-crypto-engine-dsa-verify-283k1-stub.c
#13 20.23 Building /opt/silabs/sdks/simplicity_sdk_2026.6.1/zigbee/stack/security/cbke-crypto-engine-dsa-verify-stub.c
#13 20.23 Building /opt/silabs/sdks/simplicity_sdk_2026.6.1/zigbee/stack/security/cbke-crypto-engine-stub.c
#13 20.27 Building /opt/silabs/sdks/simplicity_sdk_2026.6.1/zigbee/stack/security/security-address-cache.c
#13 20.28 Building /opt/silabs/sdks/simplicity_sdk_2026.6.1/zigbee/stack/security/sl_zigbee_security_manager_dlk_ecc.c
#13 20.32 Building /opt/silabs/sdks/simplicity_sdk_2026.6.1/zigbee/stack/security/sl_zigbee_security_manager_dlk_ecc_test_vectors.c
#13 20.35 Building /opt/silabs/sdks/simplicity_sdk_2026.6.1/zigbee/stack/security/zigbee-security-manager-no-vault.c
#13 20.35 Building /opt/silabs/sdks/simplicity_sdk_2026.6.1/zigbee/stack/security/zigbee-security-manager.c
#13 20.42 Building /opt/silabs/sdks/simplicity_sdk_2026.6.1/zigbee/stack/stubs/sl_zigbee_fragmentation_stubs.c
#13 20.43 Building /opt/silabs/sdks/simplicity_sdk_2026.6.1/zigbee/stack/zigbee/aps-keys-full.c
#13 20.45 Building /opt/silabs/sdks/simplicity_sdk_2026.6.1/zigbee/stack/zigbee/sli_zigbee_zdo_cluster_filter.c
#13 20.49 Building /opt/silabs/sdks/simplicity_sdk_2026.6.1/zigbee/util/plugin/byte_utilities/byte-utilities.c
#13 20.50 Building /opt/silabs/sdks/simplicity_sdk_2026.6.1/zigbee/zigbee_app/zigbeed/micro-stubs.c
#13 20.52 Building /opt/silabs/sdks/simplicity_sdk_2026.6.1/zigbee/zigbee_app/zigbeed/serial_adapter.c
#13 20.54 Building /opt/silabs/sdks/simplicity_sdk_2026.6.1/zigbee/zigbee_app/zigbeed/simulator_stubs.c
#13 20.58 Building app.c
#13 20.59 Building autogen/sl_event_handler.c
#13 20.63 Building autogen/zigbee_common_callback_dispatcher.c
#13 20.66 Building autogen/zigbee_ncp_callback_dispatcher.c
#13 20.67 Building autogen/zigbee_stack_callback_dispatcher.c
#13 20.70 Building main.c
#13 20.72 Building zigbeed_custom_ezsp_commands.c
#13 20.76 Linking build/release/zigbeed
#13 20.91 Done.
#13 20.91 # No post-build defined
#13 20.91 make: Leaving directory '/sdk2026-host/zigbeed'
#13 22.06 patching file src/web/web-service/frontend/CMakeLists.txt
#13 22.06 patching file src/web/web-service/frontend/index.html
#13 22.06 Hunk #1 succeeded at 460 (offset 33 lines).
#13 22.06 patching file src/web/web-service/frontend/package.json
#13 22.06 patching file src/web/web-service/frontend/res/js/app.js
#13 22.06 Hunk #1 succeeded at 226 (offset 6 lines).
#13 22.06 Hunk #2 succeeded at 234 (offset 6 lines).
#13 22.06 Hunk #3 succeeded at 286 (offset 6 lines).
#13 22.06 patching file src/web/web-service/frontend/res/js/qrcode.LICENSE.txt
#13 22.06 patching file src/web/web-service/frontend/CMakeLists.txt
#13 22.06 patching file src/web/web-service/frontend/package-lock.json
#13 22.06 patching file src/posix/platform/openthread-posix-config.h
#13 22.06 Hunk #1 succeeded at 420 (offset -11 lines).
#13 22.06 patching file src/posix/platform/resolver.cpp
#13 22.06 patching file src/posix/platform/resolver.hpp
#13 22.06 patching file src/common/logging.cpp
#13 22.11 -- The C compiler identification is GNU 14.2.0
#13 22.16 -- The CXX compiler identification is GNU 14.2.0
#13 22.16 -- Detecting C compiler ABI info
#13 22.21 -- Detecting C compiler ABI info - done
#13 22.22 -- Check for working C compiler: /usr/bin/cc - skipped
#13 22.22 -- Detecting C compile features
#13 22.22 -- Detecting C compile features - done
#13 22.24 -- Detecting CXX compiler ABI info
#13 22.30 -- Detecting CXX compiler ABI info - done
#13 22.31 -- Check for working CXX compiler: /usr/bin/c++ - skipped
#13 22.31 -- Detecting CXX compile features
#13 22.31 -- Detecting CXX compile features - done
#13 22.33 -- Found PkgConfig: /usr/bin/pkg-config (found version "1.8.1")
#13 22.33 -- OTBR package name: OpenThread_Silicon Labs Multiprotocol
#13 22.33 fatal: not a git repository (or any of the parent directories): .git
#13 22.33 -- Version: 0.3.0
#13 22.33 -- Checking for module 'systemd'
#13 22.34 --   Package 'systemd', required by 'virtual:world', not found
#13 22.34 -- OpenThread Source Directory: /sdk2026-host/ot-br-posix/third_party/openthread/repo
#13 22.34 -- OT_APP_CLI=ON
#13 22.34 -- OT_APP_NCP=ON
#13 22.34 -- OT_APP_RCP=ON
#13 22.34 -- OT_FTD=ON
#13 22.34 -- OT_MTD=ON
#13 22.34 -- OT_RCP=ON
#13 22.34 -- - - - - - - - - - - - - - - - - 
#13 22.34 -- OpenThread ON/OFF/Unspecified Configs
#13 22.34 -- OT_15_4=ON --> OPENTHREAD_CONFIG_RADIO_LINK_IEEE_802_15_4_ENABLE=1
#13 22.34 -- OT_ANDROID_NDK=""
#13 22.34 -- OT_ANYCAST_LOCATOR=ON --> OPENTHREAD_CONFIG_TMF_ANYCAST_LOCATOR_ENABLE=1
#13 22.34 -- OT_ASSERT=""
#13 22.34 -- OT_BACKBONE_ROUTER=ON --> OPENTHREAD_CONFIG_BACKBONE_ROUTER_ENABLE=1
#13 22.34 -- OT_BACKBONE_ROUTER_DUA_NDPROXYING=ON --> OPENTHREAD_CONFIG_BACKBONE_ROUTER_DUA_NDPROXYING_ENABLE=1
#13 22.34 -- OT_BACKBONE_ROUTER_MULTICAST_ROUTING=""
#13 22.35 -- OT_BLE_TCAT=""
#13 22.35 -- OT_BORDER_ADMITTER=""
#13 22.35 -- OT_BORDER_AGENT=ON --> OPENTHREAD_CONFIG_BORDER_AGENT_ENABLE=1
#13 22.35 -- OT_BORDER_AGENT_EPSKC=ON --> OPENTHREAD_CONFIG_BORDER_AGENT_EPHEMERAL_KEY_ENABLE=1
#13 22.35 -- OT_BORDER_AGENT_ID=ON --> OPENTHREAD_CONFIG_BORDER_AGENT_ID_ENABLE=1
#13 22.35 -- OT_BORDER_AGENT_MESHCOP_SERVICE=ON --> OPENTHREAD_CONFIG_BORDER_AGENT_MESHCOP_SERVICE_ENABLE=1
#13 22.35 -- OT_BORDER_AGENT_TRACKER=""
#13 22.35 -- OT_BORDER_AGENT_TXT_DATA_PARSER=""
#13 22.35 -- OT_BORDER_ROUTER=ON --> OPENTHREAD_CONFIG_BORDER_ROUTER_ENABLE=1
#13 22.35 -- OT_BORDER_ROUTING=ON --> OPENTHREAD_CONFIG_BORDER_ROUTING_ENABLE=1
#13 22.35 -- OT_BORDER_ROUTING_DHCP6_PD=OFF --> OPENTHREAD_CONFIG_BORDER_ROUTING_DHCP6_PD_ENABLE=0
#13 22.35 -- OT_BORDER_ROUTING_DHCP6_PD_CLIENT=OFF --> OPENTHREAD_CONFIG_BORDER_ROUTING_DHCP6_PD_CLIENT_ENABLE=0
#13 22.35 -- OT_BORDER_ROUTING_COUNTERS=ON --> OPENTHREAD_CONFIG_IP6_BR_COUNTERS_ENABLE=1
#13 22.35 -- OT_BORDER_ROUTING_MULTI_AIL_DETECTION=ON --> OPENTHREAD_CONFIG_BORDER_ROUTING_MULTI_AIL_DETECTION_ENABLE=1
#13 22.35 -- OT_CHANNEL_MANAGER=""
#13 22.35 -- OT_CHANNEL_MANAGER_CSL=""
#13 22.35 -- OT_CHANNEL_MONITOR=""
#13 22.35 -- OT_CHANNEL_MONITOR_AUTO_START=""
#13 22.35 -- OT_COAP=ON --> OPENTHREAD_CONFIG_COAP_API_ENABLE=1
#13 22.35 -- OT_COAP_BLOCK=""
#13 22.35 -- OT_COAP_OBSERVE=""
#13 22.35 -- OT_COAPS=ON --> OPENTHREAD_CONFIG_COAP_SECURE_API_ENABLE=1
#13 22.35 -- OT_COMMISSIONER=ON --> OPENTHREAD_CONFIG_COMMISSIONER_ENABLE=1
#13 22.35 -- OT_CSL_AUTO_SYNC=""
#13 22.35 -- OT_CSL_DEBUG=""
#13 22.35 -- OT_CSL_RECEIVER=""
#13 22.35 -- OT_CSL_RECEIVER_LOCAL_TIME_SYNC=""
#13 22.35 -- OT_DATASET_UPDATER=ON --> OPENTHREAD_CONFIG_DATASET_UPDATER_ENABLE=1
#13 22.35 -- OT_DEVICE_PROP_LEADER_WEIGHT=""
#13 22.35 -- OT_DHCP6_CLIENT=""
#13 22.35 -- OT_DHCP6_SERVER=""
#13 22.35 -- OT_DIAGNOSTIC=""
#13 22.35 -- OT_DNS_CLIENT=ON --> OPENTHREAD_CONFIG_DNS_CLIENT_ENABLE=1
#13 22.35 -- OT_DNS_CLIENT_BIND_UDP_THREAD_NETIF=""
#13 22.35 -- OT_DNS_CLIENT_OVER_TCP=OFF --> OPENTHREAD_CONFIG_DNS_CLIENT_OVER_TCP_ENABLE=0
#13 22.35 -- OT_DNS_DSO=""
#13 22.35 -- OT_DNS_UPSTREAM_QUERY=ON --> OPENTHREAD_CONFIG_DNS_UPSTREAM_QUERY_ENABLE=1
#13 22.35 -- OT_DNSSD_DISCOVERY_PROXY=ON --> OPENTHREAD_CONFIG_DNSSD_DISCOVERY_PROXY_ENABLE=1
#13 22.35 -- OT_DNSSD_SERVER=ON --> OPENTHREAD_CONFIG_DNSSD_SERVER_ENABLE=1
#13 22.35 -- OT_DUA=""
#13 22.35 -- OT_DYNAMIC_STORE_FRAME_AHEAD_COUNTER=""
#13 22.35 -- OT_ECDSA=ON --> OPENTHREAD_CONFIG_ECDSA_ENABLE=1
#13 22.35 -- OT_EXTERNAL_HEAP=ON --> OPENTHREAD_CONFIG_HEAP_EXTERNAL_ENABLE=1
#13 22.35 -- OT_FIREWALL=ON --> OPENTHREAD_POSIX_CONFIG_FIREWALL_ENABLE=1
#13 22.35 -- OT_HISTORY_TRACKER=ON --> OPENTHREAD_CONFIG_HISTORY_TRACKER_ENABLE=1
#13 22.35 -- OT_IP6_FRAGM=""
#13 22.35 -- OT_IP6_INIT_ADDR_POOL=""
#13 22.35 -- OT_JAM_DETECTION=""
#13 22.35 -- OT_JOINER=ON --> OPENTHREAD_CONFIG_JOINER_ENABLE=1
#13 22.35 -- OT_LINK_METRICS_INITIATOR=OFF --> OPENTHREAD_CONFIG_MLE_LINK_METRICS_INITIATOR_ENABLE=0
#13 22.35 -- OT_LINK_METRICS_MANAGER=OFF --> OPENTHREAD_CONFIG_LINK_METRICS_MANAGER_ENABLE=0
#13 22.35 -- OT_LINK_METRICS_SUBJECT=ON --> OPENTHREAD_CONFIG_MLE_LINK_METRICS_SUBJECT_ENABLE=1
#13 22.35 -- OT_LINK_RAW=ON --> OPENTHREAD_CONFIG_LINK_RAW_ENABLE=1
#13 22.35 -- OT_LOG_LEVEL_DYNAMIC=ON --> OPENTHREAD_CONFIG_LOG_LEVEL_DYNAMIC_ENABLE=1
#13 22.35 -- OT_MAC_FILTER=ON --> OPENTHREAD_CONFIG_MAC_FILTER_ENABLE=1
#13 22.35 -- OT_MDNS=ON --> OPENTHREAD_CONFIG_MULTICAST_DNS_ENABLE=1
#13 22.35 -- OT_MDNS_VERBOSE=ON --> OPENTHREAD_CONFIG_MULTICAST_DNS_VERBOSE_LOGGING_ENABLE=1
#13 22.35 -- OT_MDNS_VERBOSE_STATE=""
#13 22.35 -- OT_MESH_DIAG=ON --> OPENTHREAD_CONFIG_MESH_DIAG_ENABLE=1
#13 22.35 -- OT_MESSAGE_USE_HEAP=ON --> OPENTHREAD_CONFIG_MESSAGE_USE_HEAP_ENABLE=1
#13 22.35 -- OT_MLE_LONG_ROUTES=""
#13 22.35 -- OT_MLR=ON --> OPENTHREAD_CONFIG_MLR_ENABLE=1
#13 22.35 -- OT_MULTIPAN_RCP=ON --> OPENTHREAD_CONFIG_MULTIPAN_RCP_ENABLE=1
#13 22.35 -- OT_MULTIPLE_INSTANCE=""
#13 22.35 -- OT_NAT64_BORDER_ROUTING=ON --> OPENTHREAD_CONFIG_NAT64_BORDER_ROUTING_ENABLE=1
#13 22.35 -- OT_NAT64_FAVORED_PREFIX_NOTIFICATION=""
#13 22.35 -- OT_NAT64_TRANSLATOR=ON --> OPENTHREAD_CONFIG_NAT64_TRANSLATOR_ENABLE=1
#13 22.35 -- OT_NEIGHBOR_DISCOVERY_AGENT=""
#13 22.35 -- OT_NETDATA_PUBLISHER=ON --> OPENTHREAD_CONFIG_NETDATA_PUBLISHER_ENABLE=1
#13 22.35 -- OT_NETDIAG_CLIENT=ON --> OPENTHREAD_CONFIG_TMF_NETDIAG_CLIENT_ENABLE=1
#13 22.35 -- OT_NETDIAG_VENDOR_INFO=""
#13 22.35 -- OT_OPERATIONAL_DATASET_AUTO_INIT=""
#13 22.35 -- OT_OTNS=""
#13 22.35 -- OT_P2P=""
#13 22.35 -- OT_PING_SENDER=ON --> OPENTHREAD_CONFIG_PING_SENDER_ENABLE=1
#13 22.35 -- OT_PLATFORM_BOOTLOADER_MODE=""
#13 22.35 -- OT_PLATFORM_DNSSD=""
#13 22.35 -- OT_PLATFORM_KEY_REF=""
#13 22.35 -- OT_PLATFORM_LOG_CRASH_DUMP=""
#13 22.35 -- OT_PLATFORM_NETIF=ON --> OPENTHREAD_CONFIG_PLATFORM_NETIF_ENABLE=1
#13 22.35 -- OT_PLATFORM_POWER_CALIBRATION=""
#13 22.35 -- OT_PLATFORM_UDP=ON --> OPENTHREAD_CONFIG_PLATFORM_UDP_ENABLE=1
#13 22.35 -- OT_REFERENCE_DEVICE=""
#13 22.35 -- OT_SEEKER=""
#13 22.35 -- OT_SERVICE=ON --> OPENTHREAD_CONFIG_TMF_NETDATA_SERVICE_ENABLE=1
#13 22.35 -- OT_SETTINGS_RAM=""
#13 22.35 -- OT_SLAAC=ON --> OPENTHREAD_CONFIG_IP6_SLAAC_ENABLE=1
#13 22.35 -- OT_SNTP_CLIENT=""
#13 22.35 -- OT_SRP_ADV_PROXY=ON --> OPENTHREAD_CONFIG_SRP_SERVER_ADVERTISING_PROXY_ENABLE=1
#13 22.35 -- OT_SRP_CLIENT=ON --> OPENTHREAD_CONFIG_SRP_CLIENT_ENABLE=1
#13 22.35 -- OT_SRP_SERVER=ON --> OPENTHREAD_CONFIG_SRP_SERVER_ENABLE=1
#13 22.35 -- OT_SRP_SERVER_FAST_START_MODE=""
#13 22.35 -- OT_STEERING_DATA=""
#13 22.35 -- OT_TCP=OFF --> OPENTHREAD_CONFIG_TCP_ENABLE=0
#13 22.35 -- OT_TIME_SYNC=""
#13 22.35 -- OT_TREL=ON --> OPENTHREAD_CONFIG_RADIO_LINK_TREL_ENABLE=1
#13 22.35 -- OT_TREL_MANAGE_DNSSD=ON --> OPENTHREAD_CONFIG_TREL_MANAGE_DNSSD_ENABLE=1
#13 22.35 -- OT_TX_BEACON_PAYLOAD=""
#13 22.35 -- OT_TX_QUEUE_STATS=""
#13 22.35 -- OT_UDP_FORWARD=OFF --> OPENTHREAD_CONFIG_UDP_FORWARD_ENABLE=0
#13 22.35 -- OT_UPTIME=ON --> OPENTHREAD_CONFIG_UPTIME_ENABLE=1
#13 22.35 -- OT_VERHOEFF_CHECKSUM=""
#13 22.35 -- OT_WAKEUP_COORDINATOR=""
#13 22.35 -- OT_WAKEUP_END_DEVICE=""
#13 22.35 -- OT_SPINEL_CP_RESET_FAIL_CALLBACK_ENABLE=""
#13 22.35 -- - - - - - - - - - - - - - - - - 
#13 22.35 -- OT_PLATFORM="posix"
#13 22.35 -- OT_CRYPTO_LIB=""
#13 22.35 -- OT_THREAD_VERSION="1.4" -> OPENTHREAD_CONFIG_THREAD_VERSION=OT_THREAD_VERSION_1_4
#13 22.35 -- OT_LOG_LEVEL="INFO" --> OPENTHREAD_CONFIG_LOG_LEVEL=OT_LOG_LEVEL_INFO
#13 22.35 -- OT_LOG_OUTPUT=""
#13 22.35 -- OT_VENDOR_NAME="OpenThread" --> OPENTHREAD_CONFIG_NET_DIAG_VENDOR_NAME="OpenThread"
#13 22.35 -- OT_VENDOR_MODEL="Silicon Labs Multiprotocol" --> OPENTHREAD_CONFIG_NET_DIAG_VENDOR_MODEL="Silicon Labs Multiprotocol"
#13 22.35 -- OT_VENDOR_SW_VERSION=""
#13 22.35 -- OT_BORDER_AGENT_SERVICE_NAME=""
#13 22.35 -- OT_POWER_SUPPLY=""
#13 22.35 -- OT_BORDER_ROUTING_DHCP6_PD_MIN_LIFETIME=""
#13 22.35 -- OT_LOG_MAX_SIZE=""
#13 22.35 -- OT_MAC_CSL_REQUEST_AHEAD_US=""
#13 22.35 -- OT_MLE_MAX_CHILDREN=""
#13 22.35 -- OT_RCP_RESTORATION_MAX_COUNT=""
#13 22.35 -- OT_RCP_TIME_SYNC_INTERVAL=""
#13 22.35 -- OT_RCP_TX_WAIT_TIME_SECS=""
#13 22.35 -- OT_VENDOR_OUI=""
#13 22.35 -- OpenThread CMake build type: Release
#13 22.35 -- Package Name: OPENTHREAD
#13 22.35 -- Setting default package version: 
#13 22.35 -- Package Version: 
#13 22.36 -- Performing Test _Wall
#13 22.41 -- Performing Test _Wall - Success
#13 22.41 -- Performing Test _Wextra
#13 22.46 -- Performing Test _Wextra - Success
#13 22.46 -- Performing Test _Wconversion
#13 22.50 -- Performing Test _Wconversion - Success
#13 22.50 -- Performing Test _Wformat_2
#13 22.55 -- Performing Test _Wformat_2 - Success
#13 22.55 -- Performing Test _Wlogical_op
#13 22.60 -- Performing Test _Wlogical_op - Success
#13 22.60 -- Performing Test _Wmissing_declarations
#13 22.65 -- Performing Test _Wmissing_declarations - Success
#13 22.65 -- Performing Test _Wpointer_arith
#13 22.71 -- Performing Test _Wpointer_arith - Success
#13 22.71 -- Performing Test _Wsign_conversion
#13 22.75 -- Performing Test _Wsign_conversion - Success
#13 22.75 -- Performing Test _Wswitch_default
#13 22.79 -- Performing Test _Wswitch_default - Success
#13 22.80 -- Looking for backtrace
#13 22.84 -- Looking for backtrace - found
#13 22.84 -- backtrace facility detected in default set of libraries
#13 22.84 -- Found Backtrace: /usr/include
#13 22.85 -- Performing Test CMAKE_HAVE_LIBC_PTHREAD
#13 22.90 -- Performing Test CMAKE_HAVE_LIBC_PTHREAD - Success
#13 22.90 -- Found Threads: TRUE
#13 22.90 -- Checking for one of the modules 'mbedcrypto>=2.7'
#13 22.93 -- OT_PLATFORM_CONFIG="openthread-core-silabs-posix-config.h"
#13 22.93 -- OT_PLATFORM_POSIX_CONFIG_FILE=""
#13 22.94 -- Readline: readline
#13 22.94 CMake Warning at /opt/silabs/sdks/simplicity_sdk_2026.6.1/openthread/platform-abstraction/posix/posix_vendor_cli.cmake:70 (message):
#13 22.94   SL_OT_MEMORY_CLI is ON but memory_usage_cli.c was not found at:
#13 22.94 
#13 22.94     /opt/silabs/sdks/simplicity_sdk_2026.6.1/openthread/platform-abstraction/posix/../../src/cli/memory_usage_cli.c
#13 22.94     Set OT_INTERNAL_DIR to the openthread_internal tree (directory containing src/cli), or disable SL_OT_MEMORY_CLI.
#13 22.94 Call Stack (most recent call first):
#13 22.94   third_party/openthread/repo/src/cli/CMakeLists.txt:65 (include)
#13 22.94 
#13 22.94 
#13 22.95 CMake Deprecation Warning at third_party/openthread/repo/third_party/mbedtls/repo/CMakeLists.txt:21 (cmake_minimum_required):
#13 22.95   Compatibility with CMake < 3.10 will be removed from a future version of
#13 22.95   CMake.
#13 22.95 
#13 22.95   Update the VERSION argument <min> value.  Or, use the <min>...<max> syntax
#13 22.95   to tell CMake that the project requires at least <min> but has been updated
#13 22.95   to work with policies introduced by <max> or earlier.
#13 22.95 
#13 22.95 
#13 23.04 -- Found Python3: /usr/bin/python3 (found version "3.13.5") found components: Interpreter
#13 23.07 -- Performing Test C_COMPILER_SUPPORTS_WFORMAT_SIGNEDNESS
#13 23.12 -- Performing Test C_COMPILER_SUPPORTS_WFORMAT_SIGNEDNESS - Success
#13 23.12 -- USING O3
#13 23.13 -- Checking for module 'libcjson'
#13 23.13 --   Package 'libcjson', required by 'virtual:world', not found
#13 23.13 CMake Deprecation Warning at third_party/cJSON/repo/CMakeLists.txt:2 (cmake_minimum_required):
#13 23.13   Compatibility with CMake < 3.10 will be removed from a future version of
#13 23.13   CMake.
#13 23.13 
#13 23.13   Update the VERSION argument <min> value.  Or, use the <min>...<max> syntax
#13 23.13   to tell CMake that the project requires at least <min> but has been updated
#13 23.13   to work with policies introduced by <max> or earlier.
#13 23.13 
#13 23.13 
#13 23.13 CMake Warning (dev) at third_party/cJSON/repo/CMakeLists.txt:4 (project):
#13 23.13   Policy CMP0048 is not set: project() command manages VERSION variables.
#13 23.13   Run "cmake --help-policy CMP0048" for policy details.  Use the cmake_policy
#13 23.13   command to set the policy and suppress this warning.
#13 23.13 
#13 23.13   The following variable(s) would be set to empty:
#13 23.13 
#13 23.13     PROJECT_VERSION
#13 23.13     PROJECT_VERSION_MAJOR
#13 23.13     PROJECT_VERSION_MINOR
#13 23.13     PROJECT_VERSION_PATCH
#13 23.13 This warning is for project developers.  Use -Wno-dev to suppress it.
#13 23.13 
#13 23.14 -- Performing Test FLAG_SUPPORTED_fvisibilityhidden
#13 23.18 -- Performing Test FLAG_SUPPORTED_fvisibilityhidden - Success
#13 23.19 -- Checking for module 'libsystemd'
#13 23.20 --   Found libsystemd, version 257
#13 23.24 -- Found Protobuf: /usr/lib/x86_64-linux-gnu/libprotobuf.so (found version "3.21.12")
#13 23.25 -- Checking for module 'jsoncpp'
#13 23.26 --   Found jsoncpp, version 1.9.6
#13 23.30 -- Configuring done (1.2s)
#13 23.48 -- Generating done (0.2s)
#13 23.48 -- Build files have been written to: /sdk2026-host/otbr-build
#13 23.55 [1/594] Building C object third_party/openthread/repo/third_party/mbedtls/repo/3rdparty/everest/CMakeFiles/everest.dir/library/x25519.c.o
#13 23.56 [2/594] Building C object third_party/openthread/repo/third_party/mbedtls/repo/3rdparty/everest/CMakeFiles/everest.dir/library/everest.c.o
#13 23.57 [3/594] Building C object third_party/openthread/repo/third_party/mbedtls/repo/3rdparty/everest/CMakeFiles/everest.dir/library/Hacl_Curve25519_joined.c.o
#13 23.59 [4/594] Building C object third_party/openthread/repo/third_party/mbedtls/repo/3rdparty/p256-m/CMakeFiles/p256m.dir/p256-m_driver_entrypoints.c.o
#13 23.60 [5/594] Linking C static library third_party/openthread/repo/third_party/mbedtls/repo/3rdparty/everest/libeverest.a
#13 23.60 [6/594] Building C object third_party/openthread/repo/third_party/mbedtls/repo/3rdparty/p256-m/CMakeFiles/p256m.dir/p256-m/p256-m.c.o
#13 23.61 [7/594] Linking C static library third_party/openthread/repo/third_party/mbedtls/repo/3rdparty/p256-m/libp256m.a
#13 23.37 [8/594] Building C object third_party/openthread/repo/third_party/mbedtls/repo/library/CMakeFiles/mbedcrypto.dir/aesni.c.o
#13 23.38 [9/594] Building C object third_party/openthread/repo/third_party/mbedtls/repo/library/CMakeFiles/mbedcrypto.dir/aesce.c.o
#13 23.39 [10/594] Building C object third_party/openthread/repo/third_party/mbedtls/repo/library/CMakeFiles/mbedcrypto.dir/aria.c.o
#13 23.45 [11/594] Building C object third_party/openthread/repo/third_party/mbedtls/repo/library/CMakeFiles/mbedcrypto.dir/aes.c.o
#13 23.49 [12/594] Building C object third_party/openthread/repo/third_party/mbedtls/repo/library/CMakeFiles/mbedcrypto.dir/asn1parse.c.o
#13 23.54 [13/594] Building C object third_party/openthread/repo/third_party/mbedtls/repo/library/CMakeFiles/mbedcrypto.dir/asn1write.c.o
#13 23.55 [14/594] Building C object third_party/openthread/repo/third_party/mbedtls/repo/library/CMakeFiles/mbedcrypto.dir/base64.c.o
#13 23.71 [15/594] Building C object third_party/openthread/repo/third_party/mbedtls/repo/library/CMakeFiles/mbedcrypto.dir/bignum_core.c.o
#13 23.72 [16/594] Building C object third_party/openthread/repo/third_party/mbedtls/repo/library/CMakeFiles/mbedcrypto.dir/bignum_mod.c.o
#13 23.74 [17/594] Building C object third_party/openthread/repo/third_party/mbedtls/repo/library/CMakeFiles/mbedcrypto.dir/bignum_mod_raw.c.o
#13 23.75 [18/594] Building C object third_party/openthread/repo/third_party/mbedtls/repo/library/CMakeFiles/mbedcrypto.dir/block_cipher.c.o
#13 23.77 [19/594] Building C object third_party/openthread/repo/third_party/mbedtls/repo/library/CMakeFiles/mbedcrypto.dir/camellia.c.o
#13 23.80 [20/594] Building C object third_party/openthread/repo/third_party/mbedtls/repo/library/CMakeFiles/mbedcrypto.dir/bignum.c.o
#13 23.82 [21/594] Building C object third_party/openthread/repo/third_party/mbedtls/repo/library/CMakeFiles/mbedcrypto.dir/chacha20.c.o
#13 23.84 [22/594] Building C object third_party/openthread/repo/third_party/mbedtls/repo/library/CMakeFiles/mbedcrypto.dir/chachapoly.c.o
#13 23.86 [23/594] Building C object third_party/openthread/repo/third_party/mbedtls/repo/library/CMakeFiles/mbedcrypto.dir/ccm.c.o
#13 23.88 [24/594] Building C object third_party/openthread/repo/third_party/mbedtls/repo/library/CMakeFiles/mbedcrypto.dir/cipher_wrap.c.o
#13 23.90 [25/594] Building C object third_party/openthread/repo/third_party/mbedtls/repo/library/CMakeFiles/mbedcrypto.dir/cipher.c.o
#13 23.91 [26/594] Building C object third_party/openthread/repo/third_party/mbedtls/repo/library/CMakeFiles/mbedcrypto.dir/constant_time.c.o
#13 23.98 [27/594] Building C object third_party/openthread/repo/third_party/mbedtls/repo/library/CMakeFiles/mbedcrypto.dir/ctr_drbg.c.o
#13 23.99 [28/594] Building C object third_party/openthread/repo/third_party/mbedtls/repo/library/CMakeFiles/mbedcrypto.dir/cmac.c.o
#13 24.00 [29/594] Building C object third_party/openthread/repo/third_party/mbedtls/repo/library/CMakeFiles/mbedcrypto.dir/des.c.o
#13 24.00 [30/594] Building C object third_party/openthread/repo/third_party/mbedtls/repo/library/CMakeFiles/mbedcrypto.dir/dhm.c.o
#13 24.04 [31/594] Building C object third_party/openthread/repo/third_party/mbedtls/repo/library/CMakeFiles/mbedcrypto.dir/ecdh.c.o
#13 24.06 [32/594] Building C object third_party/openthread/repo/third_party/mbedtls/repo/library/CMakeFiles/mbedcrypto.dir/ecdsa.c.o
#13 24.12 [33/594] Building C object third_party/openthread/repo/third_party/mbedtls/repo/library/CMakeFiles/mbedcrypto.dir/ecjpake.c.o
#13 24.21 [34/594] Building C object third_party/openthread/repo/third_party/mbedtls/repo/library/CMakeFiles/mbedcrypto.dir/ecp_curves.c.o
#13 24.23 [35/594] Building C object third_party/openthread/repo/third_party/mbedtls/repo/library/CMakeFiles/mbedcrypto.dir/ecp_curves_new.c.o
#13 24.28 [36/594] Building C object third_party/openthread/repo/third_party/mbedtls/repo/library/CMakeFiles/mbedcrypto.dir/entropy.c.o
#13 24.31 [37/594] Building C object third_party/openthread/repo/third_party/mbedtls/repo/library/CMakeFiles/mbedcrypto.dir/entropy_poll.c.o
#13 24.32 [38/594] Building C object third_party/openthread/repo/third_party/mbedtls/repo/library/CMakeFiles/mbedcrypto.dir/ecp.c.o
#13 24.32 [39/594] Building C object third_party/openthread/repo/third_party/mbedtls/repo/library/CMakeFiles/mbedcrypto.dir/error.c.o
#13 24.33 [40/594] Building C object third_party/openthread/repo/third_party/mbedtls/repo/library/CMakeFiles/mbedcrypto.dir/gcm.c.o
#13 24.34 [41/594] Building C object third_party/openthread/repo/third_party/mbedtls/repo/library/CMakeFiles/mbedcrypto.dir/hkdf.c.o
#13 24.35 [42/594] Building C object third_party/openthread/repo/third_party/mbedtls/repo/library/CMakeFiles/mbedcrypto.dir/lmots.c.o
#13 24.37 [43/594] Building C object third_party/openthread/repo/third_party/mbedtls/repo/library/CMakeFiles/mbedcrypto.dir/lms.c.o
#13 24.39 [44/594] Building C object third_party/openthread/repo/third_party/mbedtls/repo/library/CMakeFiles/mbedcrypto.dir/hmac_drbg.c.o
#13 24.40 [45/594] Building C object third_party/openthread/repo/third_party/mbedtls/repo/library/CMakeFiles/mbedcrypto.dir/md5.c.o
#13 24.41 [46/594] Building C object third_party/openthread/repo/third_party/mbedtls/repo/library/CMakeFiles/mbedcrypto.dir/memory_buffer_alloc.c.o
#13 24.43 [47/594] Building C object third_party/openthread/repo/third_party/mbedtls/repo/library/CMakeFiles/mbedcrypto.dir/nist_kw.c.o
#13 24.44 [48/594] Building C object third_party/openthread/repo/third_party/mbedtls/repo/library/CMakeFiles/mbedcrypto.dir/md.c.o
#13 24.46 [49/594] Building C object third_party/openthread/repo/third_party/mbedtls/repo/library/CMakeFiles/mbedcrypto.dir/padlock.c.o
#13 24.49 [50/594] Building C object third_party/openthread/repo/third_party/mbedtls/repo/library/CMakeFiles/mbedcrypto.dir/pem.c.o
#13 24.52 [51/594] Building C object third_party/openthread/repo/third_party/mbedtls/repo/library/CMakeFiles/mbedcrypto.dir/oid.c.o
#13 24.55 [52/594] Building C object third_party/openthread/repo/third_party/mbedtls/repo/library/CMakeFiles/mbedcrypto.dir/pk.c.o
#13 24.55 [53/594] Building C object third_party/openthread/repo/third_party/mbedtls/repo/library/CMakeFiles/mbedcrypto.dir/pk_ecc.c.o
#13 24.56 [54/594] Building C object third_party/openthread/repo/third_party/mbedtls/repo/library/CMakeFiles/mbedcrypto.dir/pkcs12.c.o
#13 24.58 [55/594] Building C object third_party/openthread/repo/third_party/mbedtls/repo/library/CMakeFiles/mbedcrypto.dir/pkcs5.c.o
#13 24.58 [56/594] Building C object third_party/openthread/repo/third_party/mbedtls/repo/library/CMakeFiles/mbedcrypto.dir/pk_wrap.c.o
#13 24.63 [57/594] Building C object third_party/openthread/repo/third_party/mbedtls/repo/library/CMakeFiles/mbedcrypto.dir/pkwrite.c.o
#13 24.65 [58/594] Building C object third_party/openthread/repo/third_party/mbedtls/repo/library/CMakeFiles/mbedcrypto.dir/pkparse.c.o
#13 24.65 [59/594] Building C object third_party/openthread/repo/third_party/mbedtls/repo/library/CMakeFiles/mbedcrypto.dir/platform.c.o
#13 24.67 [60/594] Building C object third_party/openthread/repo/third_party/mbedtls/repo/library/CMakeFiles/mbedcrypto.dir/poly1305.c.o
#13 24.68 [61/594] Building C object third_party/openthread/repo/third_party/mbedtls/repo/library/CMakeFiles/mbedcrypto.dir/platform_util.c.o
#13 24.69 [62/594] Building C object third_party/openthread/repo/third_party/mbedtls/repo/library/CMakeFiles/mbedcrypto.dir/psa_crypto.c.o
#13 24.70 [63/594] Building C object third_party/openthread/repo/third_party/mbedtls/repo/library/CMakeFiles/mbedcrypto.dir/psa_crypto_aead.c.o
#13 24.71 [64/594] Building C object third_party/openthread/repo/third_party/mbedtls/repo/library/CMakeFiles/mbedcrypto.dir/psa_crypto_cipher.c.o
#13 24.72 [65/594] Building C object third_party/openthread/repo/third_party/mbedtls/repo/library/CMakeFiles/mbedcrypto.dir/psa_crypto_client.c.o
#13 24.73 [66/594] Building C object third_party/openthread/repo/third_party/mbedtls/repo/library/CMakeFiles/mbedcrypto.dir/psa_crypto_driver_wrappers_no_static.c.o
#13 24.74 [67/594] Building C object third_party/openthread/repo/third_party/mbedtls/repo/library/CMakeFiles/mbedcrypto.dir/psa_crypto_ecp.c.o
#13 24.75 [68/594] Building C object third_party/openthread/repo/third_party/mbedtls/repo/library/CMakeFiles/mbedcrypto.dir/psa_crypto_ffdh.c.o
#13 24.75 [69/594] Building C object third_party/openthread/repo/third_party/mbedtls/repo/library/CMakeFiles/mbedcrypto.dir/psa_crypto_hash.c.o
#13 24.76 [70/594] Building C object third_party/openthread/repo/third_party/mbedtls/repo/library/CMakeFiles/mbedcrypto.dir/psa_crypto_mac.c.o
#13 24.77 [71/594] Building C object third_party/openthread/repo/third_party/mbedtls/repo/library/CMakeFiles/mbedcrypto.dir/psa_crypto_pake.c.o
#13 24.77 [72/594] Building C object third_party/openthread/repo/third_party/mbedtls/repo/library/CMakeFiles/mbedcrypto.dir/psa_crypto_rsa.c.o
#13 24.79 [73/594] Building C object third_party/openthread/repo/third_party/mbedtls/repo/library/CMakeFiles/mbedcrypto.dir/psa_crypto_se.c.o
#13 24.79 [74/594] Building C object third_party/openthread/repo/third_party/mbedtls/repo/library/CMakeFiles/mbedcrypto.dir/psa_crypto_slot_management.c.o
#13 24.80 [75/594] Building C object third_party/openthread/repo/third_party/mbedtls/repo/library/CMakeFiles/mbedcrypto.dir/psa_crypto_storage.c.o
#13 24.80 [76/594] Building C object third_party/openthread/repo/third_party/mbedtls/repo/library/CMakeFiles/mbedcrypto.dir/psa_its_file.c.o
#13 24.82 [77/594] Building C object third_party/openthread/repo/third_party/mbedtls/repo/library/CMakeFiles/mbedcrypto.dir/ripemd160.c.o
#13 24.83 [78/594] Building C object third_party/openthread/repo/third_party/mbedtls/repo/library/CMakeFiles/mbedcrypto.dir/psa_util.c.o
#13 24.83 [79/594] Building C object third_party/openthread/repo/third_party/mbedtls/repo/library/CMakeFiles/mbedcrypto.dir/rsa.c.o
#13 24.84 [80/594] Building C object third_party/openthread/repo/third_party/mbedtls/repo/library/CMakeFiles/mbedcrypto.dir/rsa_alt_helpers.c.o
#13 24.85 [81/594] Building C object third_party/openthread/repo/third_party/mbedtls/repo/library/CMakeFiles/mbedcrypto.dir/sha1.c.o
#13 24.86 [82/594] Building C object third_party/openthread/repo/third_party/mbedtls/repo/library/CMakeFiles/mbedcrypto.dir/sha512.c.o
#13 24.88 [83/594] Building C object third_party/openthread/repo/third_party/mbedtls/repo/library/CMakeFiles/mbedcrypto.dir/sha3.c.o
#13 24.89 [84/594] Building C object third_party/openthread/repo/third_party/mbedtls/repo/library/CMakeFiles/mbedcrypto.dir/threading.c.o
#13 24.90 [85/594] Building C object third_party/openthread/repo/third_party/mbedtls/repo/library/CMakeFiles/mbedcrypto.dir/sha256.c.o
#13 24.92 [86/594] Building C object third_party/openthread/repo/third_party/mbedtls/repo/library/CMakeFiles/mbedcrypto.dir/version.c.o
#13 24.92 [87/594] Building C object third_party/openthread/repo/third_party/mbedtls/repo/library/CMakeFiles/mbedcrypto.dir/timing.c.o
#13 24.93 [88/594] Building C object third_party/openthread/repo/third_party/mbedtls/repo/library/CMakeFiles/mbedx509.dir/pkcs7.c.o
#13 24.94 [89/594] Building C object third_party/openthread/repo/third_party/mbedtls/repo/library/CMakeFiles/mbedcrypto.dir/version_features.c.o
#13 24.97 [90/594] Linking C static library third_party/openthread/repo/third_party/mbedtls/repo/library/libmbedcrypto.a
#13 24.99 [91/594] Building C object third_party/openthread/repo/third_party/mbedtls/repo/library/CMakeFiles/mbedx509.dir/x509_create.c.o
#13 25.06 [92/594] Building C object third_party/openthread/repo/third_party/mbedtls/repo/library/CMakeFiles/mbedx509.dir/x509_crl.c.o
#13 25.13 [93/594] Building C object third_party/openthread/repo/third_party/mbedtls/repo/library/CMakeFiles/mbedx509.dir/x509.c.o
#13 25.21 [94/594] Building C object third_party/openthread/repo/third_party/mbedtls/repo/library/CMakeFiles/mbedx509.dir/x509_csr.c.o
#13 25.22 [95/594] Building C object third_party/openthread/repo/third_party/mbedtls/repo/library/CMakeFiles/mbedx509.dir/x509write.c.o
#13 25.24 [96/594] Building C object third_party/openthread/repo/third_party/mbedtls/repo/library/CMakeFiles/mbedx509.dir/x509write_crt.c.o
#13 25.25 [97/594] Building C object third_party/openthread/repo/third_party/mbedtls/repo/library/CMakeFiles/mbedx509.dir/x509write_csr.c.o
#13 25.30 [98/594] Building C object third_party/openthread/repo/third_party/mbedtls/repo/library/CMakeFiles/mbedx509.dir/x509_crt.c.o
#13 25.31 [99/594] Linking C static library third_party/openthread/repo/third_party/mbedtls/repo/library/libmbedx509.a
#13 25.33 [100/594] Building C object third_party/openthread/repo/third_party/mbedtls/repo/library/CMakeFiles/mbedtls.dir/debug.c.o
#13 25.33 [101/594] Building C object third_party/openthread/repo/third_party/mbedtls/repo/library/CMakeFiles/mbedtls.dir/mps_reader.c.o
#13 25.34 [102/594] Building C object third_party/openthread/repo/third_party/mbedtls/repo/library/CMakeFiles/mbedtls.dir/mps_trace.c.o
#13 25.36 [103/594] Building C object third_party/openthread/repo/third_party/mbedtls/repo/library/CMakeFiles/mbedtls.dir/ssl_cache.c.o
#13 25.40 [104/594] Building C object third_party/openthread/repo/third_party/mbedtls/repo/library/CMakeFiles/mbedtls.dir/ssl_ciphersuites.c.o
#13 25.41 [105/594] Building C object third_party/openthread/repo/third_party/mbedtls/repo/library/CMakeFiles/mbedtls.dir/net_sockets.c.o
#13 25.45 [106/594] Building C object third_party/openthread/repo/third_party/mbedtls/repo/library/CMakeFiles/mbedtls.dir/ssl_cookie.c.o
#13 25.48 [107/594] Building C object third_party/openthread/repo/third_party/mbedtls/repo/library/CMakeFiles/mbedtls.dir/ssl_client.c.o
#13 25.50 [108/594] Building C object third_party/openthread/repo/third_party/mbedtls/repo/library/CMakeFiles/mbedtls.dir/ssl_debug_helpers_generated.c.o
#13 25.51 [109/594] Building C object third_party/openthread/repo/third_party/mbedtls/repo/library/CMakeFiles/mbedtls.dir/ssl_ticket.c.o
#13 25.86 [110/594] Building C object third_party/openthread/repo/third_party/mbedtls/repo/library/CMakeFiles/mbedtls.dir/ssl_msg.c.o
#13 25.91 [111/594] Building C object third_party/openthread/repo/third_party/mbedtls/repo/library/CMakeFiles/mbedtls.dir/ssl_tls.c.o
#13 26.03 [112/594] Building C object third_party/openthread/repo/third_party/mbedtls/repo/library/CMakeFiles/mbedtls.dir/ssl_tls12_client.c.o
#13 26.04 [113/594] Building C object third_party/openthread/repo/third_party/mbedtls/repo/library/CMakeFiles/mbedtls.dir/ssl_tls13_keys.c.o
#13 26.06 [114/594] Building C object third_party/openthread/repo/third_party/mbedtls/repo/library/CMakeFiles/mbedtls.dir/ssl_tls13_server.c.o
#13 26.07 [115/594] Building C object third_party/openthread/repo/third_party/mbedtls/repo/library/CMakeFiles/mbedtls.dir/ssl_tls13_client.c.o
#13 26.09 [116/594] Building C object third_party/openthread/repo/third_party/mbedtls/repo/library/CMakeFiles/mbedtls.dir/ssl_tls13_generic.c.o
#13 26.13 [117/594] Building C object third_party/openthread/repo/third_party/mbedtls/repo/library/CMakeFiles/mbedtls.dir/ssl_tls12_server.c.o
#13 26.15 [118/594] Building C object cpc-daemon/CMakeFiles/cpc.dir/misc/sl_slist.c.o
#13 26.17 [119/594] Building C object cpc-daemon/CMakeFiles/cpc.dir/misc/sleep.c.o
#13 26.20 [120/594] Building C object third_party/openthread/repo/src/lib/platform/CMakeFiles/openthread-platform.dir/exit_code.c.o
#13 26.21 [121/594] Linking C static library third_party/openthread/repo/third_party/mbedtls/repo/library/libmbedtls.a
#13 26.25 [122/594] Building C object third_party/openthread/repo/third_party/tcplp/CMakeFiles/tcplp-ftd.dir/bsdtcp/cc/cc_newreno.c.o
#13 26.28 [123/594] Building C object third_party/openthread/repo/third_party/tcplp/CMakeFiles/tcplp-ftd.dir/bsdtcp/tcp_fastopen.c.o
#13 26.60 [124/594] Building C object third_party/openthread/repo/third_party/tcplp/CMakeFiles/tcplp-ftd.dir/bsdtcp/tcp_input.c.o
#13 26.78 [125/594] Building C object third_party/openthread/repo/third_party/tcplp/CMakeFiles/tcplp-ftd.dir/bsdtcp/tcp_output.c.o
#13 26.81 [126/594] Building C object third_party/openthread/repo/third_party/tcplp/CMakeFiles/tcplp-ftd.dir/bsdtcp/tcp_reass.c.o
#13 26.83 [127/594] Building C object cpc-daemon/CMakeFiles/cpc.dir/lib/sl_cpc.c.o
#13 26.87 [128/594] Building C object third_party/openthread/repo/third_party/tcplp/CMakeFiles/tcplp-ftd.dir/bsdtcp/tcp_subr.c.o
#13 26.92 [129/594] Building C object third_party/openthread/repo/third_party/tcplp/CMakeFiles/tcplp-ftd.dir/bsdtcp/tcp_timer.c.o
#13 26.92 [130/594] Building C object third_party/openthread/repo/third_party/tcplp/CMakeFiles/tcplp-ftd.dir/bsdtcp/tcp_sack.c.o
#13 26.96 [131/594] Building C object third_party/openthread/repo/third_party/tcplp/CMakeFiles/tcplp-ftd.dir/bsdtcp/tcp_timewait.c.o
#13 26.98 [132/594] Building C object third_party/openthread/repo/third_party/tcplp/CMakeFiles/tcplp-ftd.dir/bsdtcp/tcp_usrreq.c.o
#13 27.01 [133/594] Building C object third_party/openthread/repo/third_party/tcplp/CMakeFiles/tcplp-ftd.dir/lib/bitmap.c.o
#13 27.03 [134/594] Building C object third_party/openthread/repo/third_party/tcplp/CMakeFiles/tcplp-ftd.dir/lib/lbuf.c.o
#13 27.05 [135/594] Building C object third_party/openthread/repo/third_party/tcplp/CMakeFiles/tcplp-ftd.dir/lib/cbuf.c.o
#13 27.14 [136/594] Building CXX object third_party/openthread/repo/src/posix/platform/CMakeFiles/rcp-vendor-intf.dir/opt/silabs/sdks/simplicity_sdk_2026.6.1/openthread/platform-abstraction/posix/cpc_transport.cpp.o
#13 27.16 [137/594] Linking C static library cpc-daemon/libcpc.a
#13 27.17 [138/594] Building CXX object third_party/openthread/repo/src/posix/platform/CMakeFiles/rcp-vendor-intf.dir/opt/silabs/sdks/simplicity_sdk_2026.6.1/openthread/platform-abstraction/posix/cpc_interface.cpp.o
#13 27.46 [139/594] Building CXX object third_party/openthread/repo/src/core/CMakeFiles/openthread-ftd.dir/api/backbone_router_api.cpp.o
#13 27.47 [140/594] Building CXX object third_party/openthread/repo/src/core/CMakeFiles/openthread-ftd.dir/api/backbone_router_ftd_api.cpp.o
#13 27.48 [141/594] Building CXX object third_party/openthread/repo/src/core/CMakeFiles/openthread-ftd.dir/api/ble_secure_api.cpp.o
#13 27.49 [142/594] Building CXX object third_party/openthread/repo/src/core/CMakeFiles/openthread-ftd.dir/api/border_agent_admitter_api.cpp.o
#13 27.79 [143/594] Building CXX object third_party/openthread/repo/src/core/CMakeFiles/openthread-ftd.dir/api/border_agent_api.cpp.o
#13 27.79 [144/594] Building CXX object third_party/openthread/repo/src/core/CMakeFiles/openthread-ftd.dir/api/border_agent_ephemeral_key_api.cpp.o
#13 27.81 [145/594] Building CXX object third_party/openthread/repo/src/core/CMakeFiles/openthread-ftd.dir/api/border_agent_tracker_api.cpp.o
#13 27.82 [146/594] Building CXX object third_party/openthread/repo/src/core/CMakeFiles/openthread-ftd.dir/api/border_agent_txt_data_api.cpp.o
#13 28.08 [147/594] Building CXX object third_party/openthread/repo/src/core/CMakeFiles/openthread-ftd.dir/api/border_router_api.cpp.o
#13 28.11 [148/594] Building CXX object third_party/openthread/repo/src/core/CMakeFiles/openthread-ftd.dir/api/channel_manager_api.cpp.o
#13 28.11 [149/594] Building CXX object third_party/openthread/repo/src/core/CMakeFiles/openthread-ftd.dir/api/border_routing_api.cpp.o
#13 28.13 [150/594] Building CXX object third_party/openthread/repo/src/core/CMakeFiles/openthread-ftd.dir/api/channel_monitor_api.cpp.o
#13 28.42 [151/594] Building CXX object third_party/openthread/repo/src/core/CMakeFiles/openthread-ftd.dir/api/child_supervision_api.cpp.o
#13 28.43 [152/594] Building CXX object third_party/openthread/repo/src/core/CMakeFiles/openthread-ftd.dir/api/coap_api.cpp.o
#13 28.71 [153/594] Building CXX object third_party/openthread/repo/src/core/CMakeFiles/openthread-ftd.dir/api/coap_secure_api.cpp.o
#13 28.74 [154/594] Building CXX object third_party/openthread/repo/src/core/CMakeFiles/openthread-ftd.dir/api/commissioner_api.cpp.o
#13 28.96 [155/594] Building CXX object third_party/openthread/repo/src/core/CMakeFiles/openthread-ftd.dir/api/crypto_api.cpp.o
#13 29.01 [156/594] Building CXX object third_party/openthread/repo/src/core/CMakeFiles/openthread-ftd.dir/api/dataset_api.cpp.o
#13 29.24 [157/594] Building CXX object third_party/openthread/repo/src/core/CMakeFiles/openthread-ftd.dir/api/dataset_ftd_api.cpp.o
#13 29.28 [158/594] Building CXX object third_party/openthread/repo/src/core/CMakeFiles/openthread-ftd.dir/api/dataset_updater_api.cpp.o
#13 29.57 [159/594] Building CXX object third_party/openthread/repo/src/core/CMakeFiles/openthread-ftd.dir/api/diags_api.cpp.o
#13 29.60 [160/594] Building CXX object third_party/openthread/repo/src/core/CMakeFiles/openthread-ftd.dir/api/dns_api.cpp.o
#13 29.65 [161/594] Building CXX object third_party/openthread/repo/src/core/CMakeFiles/openthread-ftd.dir/api/error_api.cpp.o
#13 29.69 [162/594] Building CXX object third_party/openthread/repo/src/core/CMakeFiles/openthread-ftd.dir/api/heap_api.cpp.o
#13 29.91 [163/594] Building CXX object third_party/openthread/repo/src/core/CMakeFiles/openthread-ftd.dir/api/dns_server_api.cpp.o
#13 29.99 [164/594] Building CXX object third_party/openthread/repo/src/core/CMakeFiles/openthread-ftd.dir/api/history_tracker_api.cpp.o
#13 30.20 [165/594] Building CXX object third_party/openthread/repo/src/core/CMakeFiles/openthread-ftd.dir/api/icmp6_api.cpp.o
#13 30.31 [166/594] Building CXX object third_party/openthread/repo/src/core/CMakeFiles/openthread-ftd.dir/api/instance_api.cpp.o
#13 30.33 [167/594] Building CXX object third_party/openthread/repo/src/core/CMakeFiles/openthread-ftd.dir/api/jam_detection_api.cpp.o
#13 30.52 [168/594] Building CXX object third_party/openthread/repo/src/core/CMakeFiles/openthread-ftd.dir/api/ip6_api.cpp.o
#13 30.60 [169/594] Building CXX object third_party/openthread/repo/src/core/CMakeFiles/openthread-ftd.dir/api/joiner_api.cpp.o
#13 30.63 [170/594] Building CXX object third_party/openthread/repo/src/core/CMakeFiles/openthread-ftd.dir/api/link_metrics_api.cpp.o
#13 30.83 [171/594] Building CXX object third_party/openthread/repo/src/core/CMakeFiles/openthread-ftd.dir/api/link_api.cpp.o
#13 30.91 [172/594] Building CXX object third_party/openthread/repo/src/core/CMakeFiles/openthread-ftd.dir/api/link_raw_api.cpp.o
#13 31.12 [173/594] Building CXX object third_party/openthread/repo/src/core/CMakeFiles/openthread-ftd.dir/api/logging_api.cpp.o
#13 31.24 [174/594] Building CXX object third_party/openthread/repo/src/core/CMakeFiles/openthread-ftd.dir/api/mdns_api.cpp.o
#13 31.44 [175/594] Building CXX object third_party/openthread/repo/src/core/CMakeFiles/openthread-ftd.dir/api/mesh_diag_api.cpp.o
#13 31.56 [176/594] Building CXX object third_party/openthread/repo/src/core/CMakeFiles/openthread-ftd.dir/api/message_api.cpp.o
#13 31.72 [177/594] Building CXX object third_party/openthread/repo/src/core/CMakeFiles/openthread-ftd.dir/api/multi_ail_detection_api.cpp.o
#13 31.84 [178/594] Building CXX object third_party/openthread/repo/src/core/CMakeFiles/openthread-ftd.dir/api/multi_radio_api.cpp.o
#13 32.05 [179/594] Building CXX object third_party/openthread/repo/src/core/CMakeFiles/openthread-ftd.dir/api/nat64_api.cpp.o
#13 32.16 [180/594] Building CXX object third_party/openthread/repo/src/core/CMakeFiles/openthread-ftd.dir/api/netdata_api.cpp.o
#13 32.34 [181/594] Building CXX object third_party/openthread/repo/src/core/CMakeFiles/openthread-ftd.dir/api/netdata_publisher_api.cpp.o
#13 32.36 [182/594] Building CXX object third_party/openthread/repo/src/core/CMakeFiles/openthread-ftd.dir/api/network_time_api.cpp.o
#13 32.39 [183/594] Building CXX object third_party/openthread/repo/src/core/CMakeFiles/openthread-ftd.dir/api/p2p_api.cpp.o
#13 32.46 [184/594] Building CXX object third_party/openthread/repo/src/core/CMakeFiles/openthread-ftd.dir/api/netdiag_api.cpp.o
#13 32.69 [185/594] Building CXX object third_party/openthread/repo/src/core/CMakeFiles/openthread-ftd.dir/api/ping_sender_api.cpp.o
#13 32.73 [186/594] Building CXX object third_party/openthread/repo/src/core/CMakeFiles/openthread-ftd.dir/api/radio_stats_api.cpp.o
#13 32.73 [187/594] Building CXX object third_party/openthread/repo/src/core/CMakeFiles/openthread-ftd.dir/api/random_crypto_api.cpp.o
#13 32.77 [188/594] Building CXX object third_party/openthread/repo/src/core/CMakeFiles/openthread-ftd.dir/api/random_noncrypto_api.cpp.o
#13 32.99 [189/594] Building CXX object third_party/openthread/repo/src/core/CMakeFiles/openthread-ftd.dir/api/seeker_api.cpp.o
#13 33.02 [190/594] Building CXX object third_party/openthread/repo/src/core/CMakeFiles/openthread-ftd.dir/api/sntp_api.cpp.o
#13 33.03 [191/594] Building CXX object third_party/openthread/repo/src/core/CMakeFiles/openthread-ftd.dir/api/server_api.cpp.o
#13 33.29 [192/594] Building CXX object third_party/openthread/repo/src/core/CMakeFiles/openthread-ftd.dir/api/srp_client_api.cpp.o
#13 33.29 [193/594] Building CXX object third_party/openthread/repo/src/core/CMakeFiles/openthread-ftd.dir/api/srp_client_buffers_api.cpp.o
#13 33.41 [194/594] Building CXX object third_party/openthread/repo/src/core/CMakeFiles/openthread-ftd.dir/api/steering_data_api.cpp.o
#13 33.61 [195/594] Building CXX object third_party/openthread/repo/src/core/CMakeFiles/openthread-ftd.dir/api/srp_server_api.cpp.o
#13 33.69 [196/594] Building CXX object third_party/openthread/repo/src/core/CMakeFiles/openthread-ftd.dir/api/tasklet_api.cpp.o
#13 33.88 [197/594] Building CXX object third_party/openthread/repo/src/core/CMakeFiles/openthread-ftd.dir/api/tcp_api.cpp.o
#13 33.99 [198/594] Building CXX object third_party/openthread/repo/src/core/CMakeFiles/openthread-ftd.dir/api/tcp_ext_api.cpp.o
#13 34.24 [199/594] Building CXX object third_party/openthread/repo/src/core/CMakeFiles/openthread-ftd.dir/api/thread_api.cpp.o
#13 34.32 [200/594] Building CXX object third_party/openthread/repo/src/core/CMakeFiles/openthread-ftd.dir/api/thread_ftd_api.cpp.o
#13 34.56 [201/594] Building CXX object third_party/openthread/repo/src/core/CMakeFiles/openthread-ftd.dir/api/trel_api.cpp.o
#13 34.59 [202/594] Building CXX object third_party/openthread/repo/src/core/CMakeFiles/openthread-ftd.dir/api/verhoeff_checksum_api.cpp.o
#13 34.61 [203/594] Building CXX object third_party/openthread/repo/src/core/CMakeFiles/openthread-ftd.dir/api/udp_api.cpp.o
#13 34.88 [204/594] Building CXX object third_party/openthread/repo/src/core/CMakeFiles/openthread-ftd.dir/backbone_router/backbone_tmf.cpp.o
#13 34.89 [205/594] Building CXX object third_party/openthread/repo/src/core/CMakeFiles/openthread-ftd.dir/backbone_router/bbr_leader.cpp.o
#13 35.20 [206/594] Building CXX object third_party/openthread/repo/src/core/CMakeFiles/openthread-ftd.dir/backbone_router/bbr_local.cpp.o
#13 35.26 [207/594] Building CXX object third_party/openthread/repo/src/core/CMakeFiles/openthread-ftd.dir/backbone_router/bbr_manager.cpp.o
#13 35.54 [208/594] Building CXX object third_party/openthread/repo/src/core/CMakeFiles/openthread-ftd.dir/backbone_router/multicast_listeners_table.cpp.o
#13 35.59 [209/594] Building CXX object third_party/openthread/repo/src/core/CMakeFiles/openthread-ftd.dir/backbone_router/ndproxy_table.cpp.o
#13 35.83 [210/594] Building CXX object third_party/openthread/repo/src/core/CMakeFiles/openthread-ftd.dir/border_router/br_log.cpp.o
#13 35.89 [211/594] Building CXX object third_party/openthread/repo/src/core/CMakeFiles/openthread-ftd.dir/border_router/br_tracker.cpp.o
#13 35.93 [212/594] Building CXX object third_party/openthread/repo/src/core/CMakeFiles/openthread-ftd.dir/border_router/dhcp6_pd_client.cpp.o
#13 36.16 [213/594] Building CXX object third_party/openthread/repo/src/core/CMakeFiles/openthread-ftd.dir/border_router/br_types.cpp.o
#13 36.22 [214/594] Building CXX object third_party/openthread/repo/src/core/CMakeFiles/openthread-ftd.dir/border_router/infra_if.cpp.o
#13 36.47 [215/594] Building CXX object third_party/openthread/repo/src/core/CMakeFiles/openthread-ftd.dir/border_router/multi_ail_detector.cpp.o
#13 37.02 [216/594] Building CXX object third_party/openthread/repo/src/core/CMakeFiles/openthread-ftd.dir/border_router/routing_manager.cpp.o
#13 37.18 [217/594] Building CXX object third_party/openthread/repo/src/core/CMakeFiles/openthread-ftd.dir/border_router/rx_ra_tracker.cpp.o
#13 37.56 [218/594] Building CXX object third_party/openthread/repo/src/core/CMakeFiles/openthread-ftd.dir/coap/coap.cpp.o
#13 37.62 [219/594] Building CXX object third_party/openthread/repo/src/core/CMakeFiles/openthread-ftd.dir/coap/coap_message.cpp.o
#13 37.70 [220/594] Building CXX object third_party/openthread/repo/src/core/CMakeFiles/openthread-ftd.dir/common/appender.cpp.o
#13 37.73 [221/594] Building CXX object third_party/openthread/repo/src/core/CMakeFiles/openthread-ftd.dir/common/binary_search.cpp.o
#13 37.77 [222/594] Building CXX object third_party/openthread/repo/src/core/CMakeFiles/openthread-ftd.dir/common/bit_utils.cpp.o
#13 37.87 [223/594] Building CXX object third_party/openthread/repo/src/core/CMakeFiles/openthread-ftd.dir/coap/coap_secure.cpp.o
#13 37.88 [224/594] Building CXX object third_party/openthread/repo/src/core/CMakeFiles/openthread-ftd.dir/common/crc.cpp.o
#13 37.90 [225/594] Building CXX object third_party/openthread/repo/src/core/CMakeFiles/openthread-ftd.dir/common/data.cpp.o
#13 37.91 [226/594] Building CXX object third_party/openthread/repo/src/core/CMakeFiles/openthread-ftd.dir/common/error.cpp.o
#13 37.96 [227/594] Building CXX object third_party/openthread/repo/src/core/CMakeFiles/openthread-ftd.dir/common/frame_data.cpp.o
#13 37.99 [228/594] Building CXX object third_party/openthread/repo/src/core/CMakeFiles/openthread-ftd.dir/common/frame_builder.cpp.o
#13 38.08 [229/594] Building CXX object third_party/openthread/repo/src/core/CMakeFiles/openthread-ftd.dir/common/heap_data.cpp.o
#13 38.12 [230/594] Building CXX object third_party/openthread/repo/src/core/CMakeFiles/openthread-ftd.dir/common/heap_string.cpp.o
#13 38.24 [231/594] Building CXX object third_party/openthread/repo/src/core/CMakeFiles/openthread-ftd.dir/common/heap.cpp.o
#13 38.42 [232/594] Building CXX object third_party/openthread/repo/src/core/CMakeFiles/openthread-ftd.dir/common/log.cpp.o
#13 38.73 [233/594] Building CXX object third_party/openthread/repo/src/core/CMakeFiles/openthread-ftd.dir/common/notifier.cpp.o
#13 38.79 [234/594] Building CXX object third_party/openthread/repo/src/core/CMakeFiles/openthread-ftd.dir/common/message.cpp.o
#13 38.81 [235/594] Building CXX object third_party/openthread/repo/src/core/CMakeFiles/openthread-ftd.dir/common/offset_range.cpp.o
#13 38.83 [236/594] Building CXX object third_party/openthread/repo/src/core/CMakeFiles/openthread-ftd.dir/common/preference.cpp.o
#13 38.86 [237/594] Building CXX object third_party/openthread/repo/src/core/CMakeFiles/openthread-ftd.dir/common/random.cpp.o
#13 38.99 [238/594] Building CXX object third_party/openthread/repo/src/core/CMakeFiles/openthread-ftd.dir/common/string.cpp.o
#13 39.25 [239/594] Building CXX object third_party/openthread/repo/src/core/CMakeFiles/openthread-ftd.dir/common/settings.cpp.o
#13 39.27 [240/594] Building CXX object third_party/openthread/repo/src/core/CMakeFiles/openthread-ftd.dir/common/tasklet.cpp.o
#13 39.54 [241/594] Building CXX object third_party/openthread/repo/src/core/CMakeFiles/openthread-ftd.dir/common/time_ticker.cpp.o
#13 39.63 [242/594] Building CXX object third_party/openthread/repo/src/core/CMakeFiles/openthread-ftd.dir/common/timer.cpp.o
#13 39.69 [243/594] Building CXX object third_party/openthread/repo/src/core/CMakeFiles/openthread-ftd.dir/common/trickle_timer.cpp.o
#13 39.71 [244/594] Building CXX object third_party/openthread/repo/src/core/CMakeFiles/openthread-ftd.dir/common/tlvs.cpp.o
#13 39.83 [245/594] Building CXX object third_party/openthread/repo/src/core/CMakeFiles/openthread-ftd.dir/crypto/aes_ccm.cpp.o
#13 39.88 [246/594] Building CXX object third_party/openthread/repo/src/core/CMakeFiles/openthread-ftd.dir/crypto/aes_ecb.cpp.o
#13 39.97 [247/594] Building CXX object third_party/openthread/repo/src/core/CMakeFiles/openthread-ftd.dir/common/uptime.cpp.o
#13 40.21 [248/594] Building CXX object third_party/openthread/repo/src/core/CMakeFiles/openthread-ftd.dir/crypto/crypto_platform_mbedtls.cpp.o
#13 40.25 [249/594] Building CXX object third_party/openthread/repo/src/core/CMakeFiles/openthread-ftd.dir/crypto/crypto_platform_psa.cpp.o
#13 40.25 [250/594] Building CXX object third_party/openthread/repo/src/core/CMakeFiles/openthread-ftd.dir/crypto/hkdf_sha256.cpp.o
#13 40.34 [251/594] Building CXX object third_party/openthread/repo/src/core/CMakeFiles/openthread-ftd.dir/crypto/hmac_sha256.cpp.o
#13 40.34 [252/594] Building CXX object third_party/openthread/repo/src/core/CMakeFiles/openthread-ftd.dir/crypto/mbedtls.cpp.o
#13 40.38 [253/594] Building CXX object third_party/openthread/repo/src/core/CMakeFiles/openthread-ftd.dir/crypto/storage.cpp.o
#13 40.42 [254/594] Building CXX object third_party/openthread/repo/src/core/CMakeFiles/openthread-ftd.dir/crypto/sha256.cpp.o
#13 40.80 [255/594] Building CXX object third_party/openthread/repo/src/core/CMakeFiles/openthread-ftd.dir/diags/factory_diags.cpp.o
#13 40.82 [256/594] Building CXX object third_party/openthread/repo/src/core/CMakeFiles/openthread-ftd.dir/instance/instance.cpp.o
#13 40.88 [257/594] Building CXX object third_party/openthread/repo/src/core/CMakeFiles/openthread-ftd.dir/mac/channel_mask.cpp.o
#13 41.12 [258/594] Building CXX object third_party/openthread/repo/src/core/CMakeFiles/openthread-ftd.dir/mac/data_poll_handler.cpp.o
#13 41.24 [259/594] Building CXX object third_party/openthread/repo/src/core/CMakeFiles/openthread-ftd.dir/mac/data_poll_sender.cpp.o
#13 41.45 [260/594] Building CXX object third_party/openthread/repo/src/core/CMakeFiles/openthread-ftd.dir/mac/link_raw.cpp.o
#13 41.77 [261/594] Building CXX object third_party/openthread/repo/src/core/CMakeFiles/openthread-ftd.dir/mac/mac_filter.cpp.o
#13 41.80 [262/594] Building CXX object third_party/openthread/repo/src/core/CMakeFiles/openthread-ftd.dir/mac/mac.cpp.o
#13 41.85 [263/594] Building CXX object third_party/openthread/repo/src/core/CMakeFiles/openthread-ftd.dir/mac/mac_header_ie.cpp.o
#13 42.13 [264/594] Building CXX object third_party/openthread/repo/src/core/CMakeFiles/openthread-ftd.dir/mac/mac_links.cpp.o
#13 42.21 [265/594] Building CXX object third_party/openthread/repo/src/core/CMakeFiles/openthread-ftd.dir/mac/mac_types.cpp.o
#13 42.28 [266/594] Building CXX object third_party/openthread/repo/src/core/CMakeFiles/openthread-ftd.dir/mac/scan_result.cpp.o
#13 42.42 [267/594] Building CXX object third_party/openthread/repo/src/core/CMakeFiles/openthread-ftd.dir/mac/mac_frame.cpp.o
#13 42.66 [268/594] Building CXX object third_party/openthread/repo/src/core/CMakeFiles/openthread-ftd.dir/mac/sub_mac.cpp.o
#13 42.69 [269/594] Building CXX object third_party/openthread/repo/src/core/CMakeFiles/openthread-ftd.dir/mac/sub_mac_callbacks.cpp.o
#13 42.72 [270/594] Building CXX object third_party/openthread/repo/src/core/CMakeFiles/openthread-ftd.dir/mac/sub_mac_csl_receiver.cpp.o
#13 42.75 [271/594] Building CXX object third_party/openthread/repo/src/core/CMakeFiles/openthread-ftd.dir/mac/wakeup_tx_scheduler.cpp.o
#13 42.76 [272/594] Building CXX object third_party/openthread/repo/src/core/CMakeFiles/openthread-ftd.dir/mac/sub_mac_wed.cpp.o
#13 42.78 [273/594] Building CXX object third_party/openthread/repo/src/core/CMakeFiles/openthread-ftd.dir/meshcop/border_agent_admitter.cpp.o
#13 43.16 [274/594] Building CXX object third_party/openthread/repo/src/core/CMakeFiles/openthread-ftd.dir/meshcop/border_agent_ephemeral_key.cpp.o
#13 43.19 [275/594] Building CXX object third_party/openthread/repo/src/core/CMakeFiles/openthread-ftd.dir/meshcop/border_agent_tracker.cpp.o
#13 43.22 [276/594] Building CXX object third_party/openthread/repo/src/core/CMakeFiles/openthread-ftd.dir/meshcop/border_agent.cpp.o
#13 43.62 [277/594] Building CXX object third_party/openthread/repo/src/core/CMakeFiles/openthread-ftd.dir/meshcop/border_agent_txt_data.cpp.o
#13 43.79 [278/594] Building CXX object third_party/openthread/repo/src/core/CMakeFiles/openthread-ftd.dir/meshcop/commissioner.cpp.o
#13 44.05 [279/594] Building CXX object third_party/openthread/repo/src/core/CMakeFiles/openthread-ftd.dir/meshcop/dataset.cpp.o
#13 44.24 [280/594] Building CXX object third_party/openthread/repo/src/core/CMakeFiles/openthread-ftd.dir/meshcop/dataset_manager.cpp.o
#13 44.34 [281/594] Building CXX object third_party/openthread/repo/src/core/CMakeFiles/openthread-ftd.dir/meshcop/dataset_manager_ftd.cpp.o
#13 44.38 [282/594] Building CXX object third_party/openthread/repo/src/core/CMakeFiles/openthread-ftd.dir/meshcop/extended_panid.cpp.o
#13 44.55 [283/594] Building CXX object third_party/openthread/repo/src/core/CMakeFiles/openthread-ftd.dir/meshcop/dataset_updater.cpp.o
#13 44.72 [284/594] Building CXX object third_party/openthread/repo/src/core/CMakeFiles/openthread-ftd.dir/meshcop/joiner.cpp.o
#13 44.91 [285/594] Building CXX object third_party/openthread/repo/src/core/CMakeFiles/openthread-ftd.dir/meshcop/joiner_router.cpp.o
#13 45.07 [286/594] Building CXX object third_party/openthread/repo/src/core/CMakeFiles/openthread-ftd.dir/meshcop/meshcop.cpp.o
#13 45.21 [287/594] Building CXX object third_party/openthread/repo/src/core/CMakeFiles/openthread-ftd.dir/meshcop/meshcop_leader.cpp.o
#13 45.39 [288/594] Building CXX object third_party/openthread/repo/src/core/CMakeFiles/openthread-ftd.dir/meshcop/meshcop_tlvs.cpp.o
#13 45.45 [289/594] Building CXX object third_party/openthread/repo/src/core/CMakeFiles/openthread-ftd.dir/meshcop/network_name.cpp.o
#13 45.50 [290/594] Building CXX object third_party/openthread/repo/src/core/CMakeFiles/openthread-ftd.dir/meshcop/network_identity.cpp.o
#13 45.87 [291/594] Building CXX object third_party/openthread/repo/src/core/CMakeFiles/openthread-ftd.dir/meshcop/seeker.cpp.o
#13 45.95 [292/594] Building CXX object third_party/openthread/repo/src/core/CMakeFiles/openthread-ftd.dir/meshcop/secure_transport.cpp.o
#13 45.98 [293/594] Building CXX object third_party/openthread/repo/src/core/CMakeFiles/openthread-ftd.dir/meshcop/tcat_agent.cpp.o
#13 46.04 [294/594] Building CXX object third_party/openthread/repo/src/core/CMakeFiles/openthread-ftd.dir/meshcop/timestamp.cpp.o
#13 46.05 [295/594] Building CXX object third_party/openthread/repo/src/core/CMakeFiles/openthread-ftd.dir/meshcop/steering_data.cpp.o
#13 46.26 [296/594] Building CXX object third_party/openthread/repo/src/core/CMakeFiles/openthread-ftd.dir/net/checksum.cpp.o
#13 46.42 [297/594] Building CXX object third_party/openthread/repo/src/core/CMakeFiles/openthread-ftd.dir/net/dhcp6_client.cpp.o
#13 46.52 [298/594] Building CXX object third_party/openthread/repo/src/core/CMakeFiles/openthread-ftd.dir/net/dhcp6_types.cpp.o
#13 46.59 [299/594] Building CXX object third_party/openthread/repo/src/core/CMakeFiles/openthread-ftd.dir/net/dhcp6_server.cpp.o
#13 46.62 [300/594] Building CXX object third_party/openthread/repo/src/core/CMakeFiles/openthread-ftd.dir/net/dns_dso.cpp.o
#13 46.89 [301/594] Building CXX object third_party/openthread/repo/src/core/CMakeFiles/openthread-ftd.dir/net/dns_platform.cpp.o
#13 47.15 [302/594] Building CXX object third_party/openthread/repo/src/core/CMakeFiles/openthread-ftd.dir/net/dns_client.cpp.o
#13 47.42 [303/594] Building CXX object third_party/openthread/repo/src/core/CMakeFiles/openthread-ftd.dir/net/dnssd.cpp.o
#13 47.51 [304/594] Building CXX object third_party/openthread/repo/src/core/CMakeFiles/openthread-ftd.dir/net/dns_types.cpp.o
#13 47.81 [305/594] Building CXX object third_party/openthread/repo/src/core/CMakeFiles/openthread-ftd.dir/net/icmp6.cpp.o
#13 47.94 [306/594] Building CXX object third_party/openthread/repo/src/core/CMakeFiles/openthread-ftd.dir/net/ip4_types.cpp.o
#13 48.19 [307/594] Building CXX object third_party/openthread/repo/src/core/CMakeFiles/openthread-ftd.dir/net/dnssd_server.cpp.o
#13 48.41 [308/594] Building CXX object third_party/openthread/repo/src/core/CMakeFiles/openthread-ftd.dir/net/ip6.cpp.o
#13 48.59 [309/594] Building CXX object third_party/openthread/repo/src/core/CMakeFiles/openthread-ftd.dir/net/ip6_address.cpp.o
#13 48.68 [310/594] Building CXX object third_party/openthread/repo/src/core/CMakeFiles/openthread-ftd.dir/net/ip6_filter.cpp.o
#13 48.68 [311/594] Building CXX object third_party/openthread/repo/src/core/CMakeFiles/openthread-ftd.dir/net/ip6_headers.cpp.o
#13 49.00 [312/594] Building CXX object third_party/openthread/repo/src/core/CMakeFiles/openthread-ftd.dir/net/ip6_mpl.cpp.o
#13 49.41 [313/594] Building CXX object third_party/openthread/repo/src/core/CMakeFiles/openthread-ftd.dir/net/nat64_translator.cpp.o
#13 49.78 [314/594] Building CXX object third_party/openthread/repo/src/core/CMakeFiles/openthread-ftd.dir/net/nd6.cpp.o
#13 49.81 [315/594] Building CXX object third_party/openthread/repo/src/core/CMakeFiles/openthread-ftd.dir/net/nd_agent.cpp.o
#13 50.17 [316/594] Building CXX object third_party/openthread/repo/src/core/CMakeFiles/openthread-ftd.dir/net/netif.cpp.o
#13 50.53 [317/594] Building CXX object third_party/openthread/repo/src/core/CMakeFiles/openthread-ftd.dir/net/slaac_address.cpp.o
#13 50.56 [318/594] Building CXX object third_party/openthread/repo/src/core/CMakeFiles/openthread-ftd.dir/net/sntp_client.cpp.o
#13 50.63 [319/594] Building CXX object third_party/openthread/repo/src/core/CMakeFiles/openthread-ftd.dir/net/socket.cpp.o
#13 50.97 [320/594] Building CXX object third_party/openthread/repo/src/core/CMakeFiles/openthread-ftd.dir/net/mdns.cpp.o
#13 51.17 [321/594] Building CXX object third_party/openthread/repo/src/core/CMakeFiles/openthread-ftd.dir/net/srp_advertising_proxy.cpp.o
#13 51.60 [322/594] Building CXX object third_party/openthread/repo/src/core/CMakeFiles/openthread-ftd.dir/net/srp_client.cpp.o
#13 51.86 [323/594] Building CXX object third_party/openthread/repo/src/core/CMakeFiles/openthread-ftd.dir/net/srp_server.cpp.o
#13 52.04 [324/594] Building CXX object third_party/openthread/repo/src/core/CMakeFiles/openthread-ftd.dir/net/tcp6.cpp.o
#13 52.12 [325/594] Building CXX object third_party/openthread/repo/src/core/CMakeFiles/openthread-ftd.dir/net/tcp6_ext.cpp.o
#13 52.15 [326/594] Building CXX object third_party/openthread/repo/src/core/CMakeFiles/openthread-ftd.dir/radio/ble_secure.cpp.o
#13 52.38 [327/594] Building CXX object third_party/openthread/repo/src/core/CMakeFiles/openthread-ftd.dir/net/udp6.cpp.o
#13 52.42 [328/594] Building CXX object third_party/openthread/repo/src/core/CMakeFiles/openthread-ftd.dir/radio/radio.cpp.o
#13 52.67 [329/594] Building CXX object third_party/openthread/repo/src/core/CMakeFiles/openthread-ftd.dir/radio/radio_callbacks.cpp.o
#13 52.76 [330/594] Building CXX object third_party/openthread/repo/src/core/CMakeFiles/openthread-ftd.dir/radio/radio_platform.cpp.o
#13 52.99 [331/594] Building CXX object third_party/openthread/repo/src/core/CMakeFiles/openthread-ftd.dir/radio/trel_interface.cpp.o
#13 53.14 [332/594] Building CXX object third_party/openthread/repo/src/core/CMakeFiles/openthread-ftd.dir/radio/trel_link.cpp.o
#13 53.26 [333/594] Building CXX object third_party/openthread/repo/src/core/CMakeFiles/openthread-ftd.dir/radio/trel_packet.cpp.o
#13 53.22 [334/594] Building CXX object third_party/openthread/repo/src/core/CMakeFiles/openthread-ftd.dir/radio/trel_peer.cpp.o
#13 53.41 [335/594] Building CXX object third_party/openthread/repo/src/core/CMakeFiles/openthread-ftd.dir/radio/trel_peer_discoverer.cpp.o
#13 53.67 [336/594] Building CXX object third_party/openthread/repo/src/core/CMakeFiles/openthread-ftd.dir/thread/announce_begin_server.cpp.o
#13 53.74 [337/594] Building CXX object third_party/openthread/repo/src/core/CMakeFiles/openthread-ftd.dir/thread/address_resolver.cpp.o
#13 53.99 [338/594] Building CXX object third_party/openthread/repo/src/core/CMakeFiles/openthread-ftd.dir/thread/announce_sender.cpp.o
#13 54.01 [339/594] Building CXX object third_party/openthread/repo/src/core/CMakeFiles/openthread-ftd.dir/thread/anycast_locator.cpp.o
#13 54.29 [340/594] Building CXX object third_party/openthread/repo/src/core/CMakeFiles/openthread-ftd.dir/thread/child.cpp.o
#13 54.31 [341/594] Building CXX object third_party/openthread/repo/src/core/CMakeFiles/openthread-ftd.dir/thread/child_supervision.cpp.o
#13 54.63 [342/594] Building CXX object third_party/openthread/repo/src/core/CMakeFiles/openthread-ftd.dir/thread/csl_tx_scheduler.cpp.o
#13 54.65 [343/594] Building CXX object third_party/openthread/repo/src/core/CMakeFiles/openthread-ftd.dir/thread/child_table.cpp.o
#13 54.98 [344/594] Building CXX object third_party/openthread/repo/src/core/CMakeFiles/openthread-ftd.dir/thread/discover_scanner.cpp.o
#13 55.07 [345/594] Building CXX object third_party/openthread/repo/src/core/CMakeFiles/openthread-ftd.dir/thread/dua_manager.cpp.o
#13 55.26 [346/594] Building CXX object third_party/openthread/repo/src/core/CMakeFiles/openthread-ftd.dir/thread/energy_scan_server.cpp.o
#13 55.41 [347/594] Building CXX object third_party/openthread/repo/src/core/CMakeFiles/openthread-ftd.dir/thread/indirect_sender.cpp.o
#13 55.59 [348/594] Building CXX object third_party/openthread/repo/src/core/CMakeFiles/openthread-ftd.dir/thread/key_manager.cpp.o
#13 55.67 [349/594] Building CXX object third_party/openthread/repo/src/core/CMakeFiles/openthread-ftd.dir/thread/link_metrics_types.cpp.o
#13 55.71 [350/594] Building CXX object third_party/openthread/repo/src/core/CMakeFiles/openthread-ftd.dir/thread/link_metrics.cpp.o
#13 56.02 [351/594] Building CXX object third_party/openthread/repo/src/core/CMakeFiles/openthread-ftd.dir/thread/link_quality.cpp.o
#13 56.15 [352/594] Building CXX object third_party/openthread/repo/src/core/CMakeFiles/openthread-ftd.dir/thread/lowpan.cpp.o
#13 56.49 [353/594] Building CXX object third_party/openthread/repo/src/core/CMakeFiles/openthread-ftd.dir/thread/mesh_forwarder.cpp.o
#13 56.56 [354/594] Building CXX object third_party/openthread/repo/src/core/CMakeFiles/openthread-ftd.dir/thread/mesh_forwarder_ftd.cpp.o
#13 56.67 [355/594] Building CXX object third_party/openthread/repo/src/core/CMakeFiles/openthread-ftd.dir/thread/mesh_forwarder_mtd.cpp.o
#13 56.88 [356/594] Building CXX object third_party/openthread/repo/src/core/CMakeFiles/openthread-ftd.dir/thread/message_framer.cpp.o
#13 57.67 [357/594] Building CXX object third_party/openthread/repo/src/core/CMakeFiles/openthread-ftd.dir/thread/mle_ftd.cpp.o
#13 57.79 [358/594] Building CXX object third_party/openthread/repo/src/core/CMakeFiles/openthread-ftd.dir/thread/mle.cpp.o
#13 57.83 [359/594] Building CXX object third_party/openthread/repo/src/core/CMakeFiles/openthread-ftd.dir/thread/mle_p2p.cpp.o
#13 57.87 [360/594] Building CXX object third_party/openthread/repo/src/core/CMakeFiles/openthread-ftd.dir/thread/mle_tlvs.cpp.o
#13 57.94 [361/594] Building CXX object third_party/openthread/repo/src/core/CMakeFiles/openthread-ftd.dir/thread/mle_types.cpp.o
#13 58.24 [362/594] Building CXX object third_party/openthread/repo/src/core/CMakeFiles/openthread-ftd.dir/thread/neighbor.cpp.o
#13 58.28 [363/594] Building CXX object third_party/openthread/repo/src/core/CMakeFiles/openthread-ftd.dir/thread/mlr_manager.cpp.o
#13 58.55 [364/594] Building CXX object third_party/openthread/repo/src/core/CMakeFiles/openthread-ftd.dir/thread/neighbor_table.cpp.o
#13 58.71 [365/594] Building CXX object third_party/openthread/repo/src/core/CMakeFiles/openthread-ftd.dir/thread/network_data.cpp.o
#13 58.94 [366/594] Building CXX object third_party/openthread/repo/src/core/CMakeFiles/openthread-ftd.dir/thread/network_data_leader.cpp.o
#13 59.22 [367/594] Building CXX object third_party/openthread/repo/src/core/CMakeFiles/openthread-ftd.dir/thread/network_data_leader_ftd.cpp.o
#13 59.24 [368/594] Building CXX object third_party/openthread/repo/src/core/CMakeFiles/openthread-ftd.dir/thread/network_data_local.cpp.o
#13 59.56 [369/594] Building CXX object third_party/openthread/repo/src/core/CMakeFiles/openthread-ftd.dir/thread/network_data_notifier.cpp.o
#13 59.71 [370/594] Building CXX object third_party/openthread/repo/src/core/CMakeFiles/openthread-ftd.dir/thread/network_data_publisher.cpp.o
#13 59.81 [371/594] Building CXX object third_party/openthread/repo/src/core/CMakeFiles/openthread-ftd.dir/thread/network_data_tlvs.cpp.o
#13 59.89 [372/594] Building CXX object third_party/openthread/repo/src/core/CMakeFiles/openthread-ftd.dir/thread/network_data_service.cpp.o
#13 60.11 [373/594] Building CXX object third_party/openthread/repo/src/core/CMakeFiles/openthread-ftd.dir/thread/network_data_types.cpp.o
#13 60.27 [374/594] Building CXX object third_party/openthread/repo/src/core/CMakeFiles/openthread-ftd.dir/thread/network_diagnostic_tlvs.cpp.o
#13 60.35 [375/594] Building CXX object third_party/openthread/repo/src/core/CMakeFiles/openthread-ftd.dir/thread/network_diagnostic.cpp.o
#13 60.55 [376/594] Building CXX object third_party/openthread/repo/src/core/CMakeFiles/openthread-ftd.dir/thread/network_diagnostic_types.cpp.o
#13 60.58 [377/594] Building CXX object third_party/openthread/repo/src/core/CMakeFiles/openthread-ftd.dir/thread/peer.cpp.o
#13 60.60 [378/594] Building CXX object third_party/openthread/repo/src/core/CMakeFiles/openthread-ftd.dir/thread/peer_table.cpp.o
#13 60.62 [379/594] Building CXX object third_party/openthread/repo/src/core/CMakeFiles/openthread-ftd.dir/thread/panid_query_server.cpp.o
#13 60.90 [380/594] Building CXX object third_party/openthread/repo/src/core/CMakeFiles/openthread-ftd.dir/thread/radio_selector.cpp.o
#13 60.91 [381/594] Building CXX object third_party/openthread/repo/src/core/CMakeFiles/openthread-ftd.dir/thread/router.cpp.o
#13 61.26 [382/594] Building CXX object third_party/openthread/repo/src/core/CMakeFiles/openthread-ftd.dir/thread/src_match_controller.cpp.o
#13 61.32 [383/594] Building CXX object third_party/openthread/repo/src/core/CMakeFiles/openthread-ftd.dir/thread/thread_link_info.cpp.o
#13 61.47 [384/594] Building CXX object third_party/openthread/repo/src/core/CMakeFiles/openthread-ftd.dir/thread/router_table.cpp.o
#13 61.50 [385/594] Building CXX object third_party/openthread/repo/src/core/CMakeFiles/openthread-ftd.dir/thread/time_sync_service.cpp.o
#13 61.61 [386/594] Building CXX object third_party/openthread/repo/src/core/CMakeFiles/openthread-ftd.dir/thread/thread_netif.cpp.o
#13 61.83 [387/594] Building CXX object third_party/openthread/repo/src/core/CMakeFiles/openthread-ftd.dir/thread/tmf.cpp.o
#13 61.90 [388/594] Building CXX object third_party/openthread/repo/src/core/CMakeFiles/openthread-ftd.dir/thread/uri_paths.cpp.o
#13 61.92 [389/594] Building CXX object third_party/openthread/repo/src/core/CMakeFiles/openthread-ftd.dir/thread/version.cpp.o
#13 61.95 [390/594] Building CXX object third_party/openthread/repo/src/core/CMakeFiles/openthread-ftd.dir/utils/channel_manager.cpp.o
#13 61.98 [391/594] Building CXX object third_party/openthread/repo/src/core/CMakeFiles/openthread-ftd.dir/utils/channel_monitor.cpp.o
#13 62.00 [392/594] Building CXX object third_party/openthread/repo/src/core/CMakeFiles/openthread-ftd.dir/utils/flash.cpp.o
#13 62.03 [393/594] Building CXX object third_party/openthread/repo/src/core/CMakeFiles/openthread-ftd.dir/utils/heap.cpp.o
#13 62.10 [394/594] Building CXX object third_party/openthread/repo/src/core/CMakeFiles/openthread-ftd.dir/thread/vendor_info.cpp.o
#13 62.39 [395/594] Building CXX object third_party/openthread/repo/src/core/CMakeFiles/openthread-ftd.dir/utils/history_tracker_client.cpp.o
#13 62.47 [396/594] Building CXX object third_party/openthread/repo/src/core/CMakeFiles/openthread-ftd.dir/utils/history_tracker.cpp.o
#13 62.68 [397/594] Building CXX object third_party/openthread/repo/src/core/CMakeFiles/openthread-ftd.dir/utils/history_tracker_tlvs.cpp.o
#13 62.71 [398/594] Building CXX object third_party/openthread/repo/src/core/CMakeFiles/openthread-ftd.dir/utils/jam_detector.cpp.o
#13 62.71 [399/594] Building CXX object third_party/openthread/repo/src/core/CMakeFiles/openthread-ftd.dir/utils/history_tracker_server.cpp.o
#13 62.74 [400/594] Building CXX object third_party/openthread/repo/src/core/CMakeFiles/openthread-ftd.dir/utils/link_metrics_manager.cpp.o
#13 62.76 [401/594] Building CXX object third_party/openthread/repo/src/core/CMakeFiles/openthread-ftd.dir/utils/otns.cpp.o
#13 62.86 [402/594] Building CXX object third_party/openthread/repo/src/core/CMakeFiles/openthread-ftd.dir/utils/parse_cmdline.cpp.o
#13 63.07 [403/594] Building CXX object third_party/openthread/repo/src/core/CMakeFiles/openthread-ftd.dir/utils/mesh_diag.cpp.o
#13 63.10 [404/594] Building CXX object third_party/openthread/repo/src/core/CMakeFiles/openthread-ftd.dir/utils/power_calibration.cpp.o
#13 63.17 [405/594] Building CXX object third_party/openthread/repo/src/core/CMakeFiles/openthread-ftd.dir/utils/ping_sender.cpp.o
#13 63.23 [406/594] Building CXX object third_party/openthread/repo/src/core/CMakeFiles/openthread-ftd.dir/utils/verhoeff_checksum.cpp.o
#13 63.29 [407/594] Building CXX object third_party/openthread/repo/src/lib/hdlc/CMakeFiles/openthread-hdlc.dir/hdlc.cpp.o
#13 63.30 [408/594] Linking C static library third_party/openthread/repo/src/lib/platform/libopenthread-platform.a
#13 63.38 [409/594] Building CXX object third_party/openthread/repo/src/core/CMakeFiles/openthread-ftd.dir/utils/srp_client_buffers.cpp.o
#13 63.40 [410/594] Building CXX object third_party/openthread/repo/src/lib/spinel/CMakeFiles/openthread-radio-spinel.dir/logger.cpp.o
#13 63.55 [411/594] Building CXX object third_party/openthread/repo/src/lib/spinel/CMakeFiles/openthread-radio-spinel.dir/spinel_driver.cpp.o
#13 63.57 [412/594] Building CXX object third_party/openthread/repo/src/lib/spinel/CMakeFiles/openthread-radio-spinel.dir/spinel_helper.cpp.o
#13 63.72 [413/594] Building C object third_party/openthread/repo/src/lib/spinel/CMakeFiles/openthread-spinel-rcp.dir/spinel.c.o
#13 63.84 [414/594] Building CXX object third_party/openthread/repo/src/lib/spinel/CMakeFiles/openthread-radio-spinel.dir/radio_spinel.cpp.o
#13 63.94 [415/594] Building CXX object third_party/openthread/repo/src/lib/spinel/CMakeFiles/openthread-spinel-rcp.dir/spinel_buffer.cpp.o
#13 63.95 [416/594] Building CXX object third_party/openthread/repo/src/lib/spinel/CMakeFiles/openthread-spinel-rcp.dir/spinel_decoder.cpp.o
#13 63.97 [417/594] Building CXX object third_party/openthread/repo/src/lib/spinel/CMakeFiles/openthread-spinel-rcp.dir/spinel_helper.cpp.o
#13 64.01 [418/594] Building CXX object third_party/openthread/repo/src/lib/spinel/CMakeFiles/openthread-spinel-rcp.dir/spinel_encoder.cpp.o
#13 64.07 [419/594] Building CXX object third_party/openthread/repo/src/lib/url/CMakeFiles/openthread-url.dir/url.cpp.o
#13 64.08 [420/594] Building CXX object third_party/openthread/repo/src/lib/spinel/CMakeFiles/openthread-spinel-rcp.dir/spinel_prop_codec.cpp.o
#13 64.09 [421/594] Linking CXX static library third_party/openthread/repo/third_party/tcplp/libtcplp-ftd.a
#13 64.09 [422/594] Linking CXX static library third_party/openthread/repo/src/posix/platform/librcp-vendor-intf.a
#13 64.37 [423/594] Building CXX object third_party/openthread/repo/src/cli/CMakeFiles/openthread-cli-ftd.dir/cli_api.cpp.o
#13 64.73 [424/594] Building CXX object third_party/openthread/repo/src/cli/CMakeFiles/openthread-cli-ftd.dir/cli_ba.cpp.o
#13 64.93 [425/594] Building CXX object third_party/openthread/repo/src/cli/CMakeFiles/openthread-cli-ftd.dir/cli.cpp.o
#13 65.06 [426/594] Building CXX object third_party/openthread/repo/src/cli/CMakeFiles/openthread-cli-ftd.dir/cli_bbr.cpp.o
#13 65.31 [427/594] Building CXX object third_party/openthread/repo/src/cli/CMakeFiles/openthread-cli-ftd.dir/cli_br.cpp.o
#13 65.45 [428/594] Building CXX object third_party/openthread/repo/src/cli/CMakeFiles/openthread-cli-ftd.dir/cli_coap.cpp.o
#13 65.72 [429/594] Building CXX object third_party/openthread/repo/src/cli/CMakeFiles/openthread-cli-ftd.dir/cli_coap_secure.cpp.o
#13 65.80 [430/594] Building CXX object third_party/openthread/repo/src/cli/CMakeFiles/openthread-cli-ftd.dir/cli_commissioner.cpp.o
#13 66.09 [431/594] Building CXX object third_party/openthread/repo/src/cli/CMakeFiles/openthread-cli-ftd.dir/cli_dataset.cpp.o
#13 66.22 [432/594] Building CXX object third_party/openthread/repo/src/cli/CMakeFiles/openthread-cli-ftd.dir/cli_dns.cpp.o
#13 66.55 [433/594] Building CXX object third_party/openthread/repo/src/cli/CMakeFiles/openthread-cli-ftd.dir/cli_joiner.cpp.o
#13 66.58 [434/594] Building CXX object third_party/openthread/repo/src/cli/CMakeFiles/openthread-cli-ftd.dir/cli_history.cpp.o
#13 66.60 [435/594] Building CXX object third_party/openthread/repo/src/cli/CMakeFiles/openthread-cli-ftd.dir/cli_logging.cpp.o
#13 66.82 [436/594] Building CXX object third_party/openthread/repo/src/cli/CMakeFiles/openthread-cli-ftd.dir/cli_link_metrics.cpp.o
#13 66.91 [437/594] Building CXX object third_party/openthread/repo/src/cli/CMakeFiles/openthread-cli-ftd.dir/cli_mac_filter.cpp.o
#13 67.22 [438/594] Building CXX object third_party/openthread/repo/src/cli/CMakeFiles/openthread-cli-ftd.dir/cli_mesh_diag.cpp.o
#13 67.25 [439/594] Building CXX object third_party/openthread/repo/src/cli/CMakeFiles/openthread-cli-ftd.dir/cli_mdns.cpp.o
#13 67.54 [440/594] Building CXX object third_party/openthread/repo/src/cli/CMakeFiles/openthread-cli-ftd.dir/cli_ping.cpp.o
#13 67.58 [441/594] Building CXX object third_party/openthread/repo/src/cli/CMakeFiles/openthread-cli-ftd.dir/cli_network_data.cpp.o
#13 67.90 [442/594] Building CXX object third_party/openthread/repo/src/cli/CMakeFiles/openthread-cli-ftd.dir/cli_srp_server.cpp.o
#13 67.91 [443/594] Building CXX object third_party/openthread/repo/src/cli/CMakeFiles/openthread-cli-ftd.dir/cli_srp_client.cpp.o
#13 67.95 [444/594] Building CXX object third_party/openthread/repo/src/cli/CMakeFiles/openthread-cli-ftd.dir/cli_tcat.cpp.o
#13 68.28 [445/594] Building CXX object third_party/openthread/repo/src/cli/CMakeFiles/openthread-cli-ftd.dir/cli_udp.cpp.o
#13 68.31 [446/594] Building CXX object third_party/openthread/repo/src/cli/CMakeFiles/openthread-cli-ftd.dir/cli_tcp.cpp.o
#13 68.42 [447/594] Linking CXX static library third_party/openthread/repo/src/core/libopenthread-ftd.a
#13 68.43 [448/594] Linking CXX static library third_party/openthread/repo/src/lib/hdlc/libopenthread-hdlc.a
#13 68.45 [449/594] Linking CXX static library third_party/openthread/repo/src/lib/spinel/libopenthread-radio-spinel.a
#13 68.46 [450/594] Linking CXX static library third_party/openthread/repo/src/lib/spinel/libopenthread-spinel-rcp.a
#13 68.47 [451/594] Linking CXX static library third_party/openthread/repo/src/lib/url/libopenthread-url.a
#13 68.58 [452/594] Building CXX object src/common/CMakeFiles/otbr-common.dir/api_strings.cpp.o
#13 68.69 [453/594] Building CXX object third_party/openthread/repo/src/cli/CMakeFiles/openthread-cli-ftd.dir/cli_utils.cpp.o
#13 68.72 [454/594] Building CXX object src/common/CMakeFiles/otbr-common.dir/code_utils.cpp.o
#13 68.89 [455/594] Building CXX object src/common/CMakeFiles/otbr-common.dir/mainloop.cpp.o
#13 68.91 [456/594] Building CXX object src/common/CMakeFiles/otbr-common.dir/logging.cpp.o
#13 69.07 [457/594] Building CXX object src/common/CMakeFiles/otbr-common.dir/mainloop_manager.cpp.o
#13 69.31 [458/594] Building CXX object src/common/CMakeFiles/otbr-common.dir/types.cpp.o
#13 69.32 [459/594] Building CXX object src/common/CMakeFiles/otbr-common.dir/task_runner.cpp.o
#13 69.34 [460/594] Building C object third_party/openthread/repo/src/cli/CMakeFiles/ot-vendor-posix-cli.dir/opt/silabs/sdks/simplicity_sdk_2026.6.1/openthread/src/cli/cli_utils.c.o
#13 69.35 [461/594] Building CXX object third_party/openthread/repo/src/cli/CMakeFiles/ot-vendor-posix-cli.dir/opt/silabs/sdks/simplicity_sdk_2026.6.1/openthread/platform-abstraction/posix/posix_cli_user_commands.cpp.o
#13 69.37 [462/594] Building C object third_party/openthread/repo/src/cli/CMakeFiles/ot-vendor-posix-cli.dir/opt/silabs/sdks/simplicity_sdk_2026.6.1/openthread/src/cli/antenna_diversity_cli.c.o
#13 69.39 [463/594] Linking CXX static library third_party/openthread/repo/src/cli/libopenthread-cli-ftd.a
#13 69.40 [464/594] Building C object third_party/openthread/repo/src/cli/CMakeFiles/ot-vendor-posix-cli.dir/opt/silabs/sdks/simplicity_sdk_2026.6.1/openthread/src/cli/coexistence_cli.c.o
#13 69.41 [465/594] Linking CXX static library src/common/libotbr-common.a
#13 69.42 [466/594] Building CXX object src/utils/CMakeFiles/otbr-utils.dir/crc16.cpp.o
#13 69.56 [467/594] Building CXX object src/utils/CMakeFiles/otbr-utils.dir/csprng.cpp.o
#13 69.66 [468/594] Building CXX object src/utils/CMakeFiles/otbr-utils.dir/dns_utils.cpp.o
#13 69.68 [469/594] Building CXX object src/utils/CMakeFiles/otbr-utils.dir/hex.cpp.o
#13 69.83 [470/594] Building CXX object src/utils/CMakeFiles/otbr-utils.dir/pskc.cpp.o
#13 69.99 [471/594] Building CXX object src/utils/CMakeFiles/otbr-utils.dir/sha256.cpp.o
#13 70.05 [472/594] Building CXX object src/utils/CMakeFiles/otbr-utils.dir/infra_link_selector.cpp.o
#13 70.07 [473/594] Building CXX object src/utils/CMakeFiles/otbr-utils.dir/steering_data.cpp.o
#13 70.15 [474/594] Building CXX object src/utils/CMakeFiles/otbr-utils.dir/socket_utils.cpp.o
#13 70.24 [475/594] Building CXX object src/utils/CMakeFiles/otbr-utils.dir/string_utils.cpp.o
#13 70.25 [476/594] Building CXX object src/utils/CMakeFiles/otbr-utils.dir/system_utils.cpp.o
#13 70.29 [477/594] Building CXX object third_party/openthread/repo/src/cli/CMakeFiles/ot-vendor-posix-api.dir/opt/silabs/sdks/simplicity_sdk_2026.6.1/openthread/platform-abstraction/posix/radio_extension.cpp.o
#13 70.30 [478/594] Linking CXX static library third_party/openthread/repo/src/cli/libot-vendor-posix-cli.a
#13 70.31 [479/594] Running C++ protocol buffer compiler on /sdk2026-host/ot-br-posix/src/proto/capabilities.proto
#13 70.31 [480/594] Running C++ protocol buffer compiler on /sdk2026-host/ot-br-posix/src/proto/feature_flag.proto
#13 70.34 [481/594] Running C++ protocol buffer compiler on /sdk2026-host/ot-br-posix/src/proto/thread_telemetry.proto
#13 70.38 [482/594] Building CXX object third_party/openthread/repo/src/cli/CMakeFiles/ot-vendor-posix-api.dir/opt/silabs/sdks/simplicity_sdk_2026.6.1/openthread/platform-abstraction/posix/posix_vendor_spinel_interface.cpp.o
#13 70.39 [483/594] Building CXX object src/host/posix/CMakeFiles/otbr-posix.dir/dnssd.cpp.o
#13 70.53 [484/594] Building CXX object src/host/posix/CMakeFiles/otbr-posix.dir/entropy.cpp.o
#13 70.57 [485/594] Building CXX object src/host/posix/CMakeFiles/otbr-posix.dir/cli_daemon.cpp.o
#13 70.81 [486/594] Building CXX object src/host/posix/CMakeFiles/otbr-posix.dir/nat64_tayga_host.cpp.o
#13 70.86 [487/594] Building CXX object src/host/posix/CMakeFiles/otbr-posix.dir/firewall_ingress.cpp.o
#13 71.10 [488/594] Building CXX object src/host/posix/CMakeFiles/otbr-posix.dir/infra_if.cpp.o
#13 71.25 [489/594] Building CXX object src/host/posix/CMakeFiles/otbr-posix.dir/multicast_routing_manager.cpp.o
#13 71.42 [490/594] Building CXX object src/host/posix/CMakeFiles/otbr-posix.dir/netif_linux.cpp.o
#13 71.43 [491/594] Building CXX object src/host/posix/CMakeFiles/otbr-posix.dir/netif_unix.cpp.o
#13 71.46 [492/594] Building CXX object src/host/posix/CMakeFiles/otbr-posix.dir/netif.cpp.o
#13 71.48 [493/594] Linking CXX static library src/utils/libotbr-utils.a
#13 71.54 [494/594] Building CXX object third_party/openthread/repo/src/posix/platform/CMakeFiles/openthread-posix.dir/alarm.cpp.o
#13 71.61 [495/594] Building CXX object third_party/openthread/repo/src/posix/platform/CMakeFiles/openthread-posix.dir/backtrace.cpp.o
#13 71.64 [496/594] Building CXX object third_party/openthread/repo/src/posix/platform/CMakeFiles/openthread-posix.dir/ble.cpp.o
#13 71.72 [497/594] Building CXX object src/host/posix/CMakeFiles/otbr-posix.dir/udp_proxy.cpp.o
#13 71.72 [498/594] Building CXX object third_party/openthread/repo/src/posix/platform/CMakeFiles/openthread-posix.dir/configuration.cpp.o
#13 71.78 [499/594] Building CXX object third_party/openthread/repo/src/posix/platform/CMakeFiles/openthread-posix.dir/config_file.cpp.o
#13 71.81 [500/594] Building CXX object third_party/openthread/repo/src/posix/platform/CMakeFiles/openthread-posix.dir/daemon.cpp.o
#13 71.81 [501/594] Building CXX object third_party/openthread/repo/src/posix/platform/CMakeFiles/openthread-posix.dir/dhcp6_pd_socket.cpp.o
#13 71.85 [502/594] Building CXX object third_party/openthread/repo/src/posix/platform/CMakeFiles/openthread-posix.dir/entropy.cpp.o
#13 71.99 [503/594] Building CXX object third_party/openthread/repo/src/posix/platform/CMakeFiles/openthread-posix.dir/firewall.cpp.o
#13 72.01 [504/594] Building CXX object third_party/openthread/repo/src/posix/platform/CMakeFiles/openthread-posix.dir/hdlc_interface.cpp.o
#13 72.05 [505/594] Building CXX object third_party/openthread/repo/src/posix/platform/CMakeFiles/openthread-posix.dir/logging.cpp.o
#13 72.09 [506/594] Building CXX object third_party/openthread/repo/src/posix/platform/CMakeFiles/openthread-posix.dir/mainloop.cpp.o
#13 72.20 [507/594] Building CXX object third_party/openthread/repo/src/posix/platform/CMakeFiles/openthread-posix.dir/infra_if.cpp.o
#13 72.24 [508/594] Building CXX object third_party/openthread/repo/src/posix/platform/CMakeFiles/openthread-posix.dir/memory.cpp.o
#13 72.26 [509/594] Building CXX object third_party/openthread/repo/src/posix/platform/CMakeFiles/openthread-posix.dir/mdns_socket.cpp.o
#13 72.28 [510/594] Building CXX object third_party/openthread/repo/src/posix/platform/CMakeFiles/openthread-posix.dir/misc.cpp.o
#13 72.43 [511/594] Building CXX object third_party/openthread/repo/src/posix/platform/CMakeFiles/openthread-posix.dir/multicast_routing.cpp.o
#13 72.48 [512/594] Building CXX object third_party/openthread/repo/src/posix/platform/CMakeFiles/openthread-posix.dir/power.cpp.o
#13 72.54 [513/594] Building CXX object third_party/openthread/repo/src/posix/platform/CMakeFiles/openthread-posix.dir/netif.cpp.o
#13 72.58 [514/594] Building CXX object third_party/openthread/repo/src/posix/platform/CMakeFiles/openthread-posix.dir/radio_url.cpp.o
#13 72.70 [515/594] Building CXX object third_party/openthread/repo/src/posix/platform/CMakeFiles/openthread-posix.dir/radio.cpp.o
#13 72.79 [516/594] Building CXX object third_party/openthread/repo/src/posix/platform/CMakeFiles/openthread-posix.dir/rcp_caps_diag.cpp.o
#13 72.85 [517/594] Building CXX object third_party/openthread/repo/src/posix/platform/CMakeFiles/openthread-posix.dir/settings.cpp.o
#13 72.95 [518/594] Building CXX object third_party/openthread/repo/src/posix/platform/CMakeFiles/openthread-posix.dir/settings_file.cpp.o
#13 73.02 [519/594] Building CXX object third_party/openthread/repo/src/posix/platform/CMakeFiles/openthread-posix.dir/spinel_manager.cpp.o
#13 73.08 [520/594] Building CXX object third_party/openthread/repo/src/posix/platform/CMakeFiles/openthread-posix.dir/spi_interface.cpp.o
#13 73.08 [521/594] Building CXX object third_party/openthread/repo/src/posix/platform/CMakeFiles/openthread-posix.dir/resolver.cpp.o
#13 73.15 [522/594] Building CXX object third_party/openthread/repo/src/posix/platform/CMakeFiles/openthread-posix.dir/tmp_storage.cpp.o
#13 73.18 [523/594] Building CXX object third_party/openthread/repo/src/posix/platform/CMakeFiles/openthread-posix.dir/system.cpp.o
#13 73.26 [524/594] Building CXX object third_party/openthread/repo/src/posix/platform/CMakeFiles/openthread-posix.dir/trel.cpp.o
#13 73.32 [525/594] Building CXX object third_party/openthread/repo/src/posix/platform/CMakeFiles/openthread-posix.dir/utils.cpp.o
#13 73.33 [526/594] Building CXX object third_party/openthread/repo/src/posix/platform/CMakeFiles/openthread-posix.dir/udp.cpp.o
#13 73.37 [527/594] Building CXX object third_party/openthread/repo/src/posix/platform/CMakeFiles/openthread-posix.dir/virtual_time.cpp.o
#13 73.38 [528/594] Linking CXX static library third_party/openthread/repo/src/cli/libot-vendor-posix-api.a
#13 73.43 [529/594] Building CXX object third_party/openthread/repo/src/posix/CMakeFiles/ot-ctl.dir/client.cpp.o
#13 73.79 [530/594] Building C object third_party/cJSON/repo/CMakeFiles/cjson.dir/cJSON.c.o
#13 73.92 [531/594] Building CXX object src/proto/CMakeFiles/otbr-proto.dir/__/__/build/src/proto/capabilities.pb.cc.o
#13 74.34 [532/594] Building CXX object src/proto/CMakeFiles/otbr-proto.dir/__/__/build/src/proto/feature_flag.pb.cc.o
#13 74.35 [533/594] Linking CXX static library src/host/posix/libotbr-posix.a
#13 74.72 [534/594] Building CXX object src/mdns/CMakeFiles/otbr-mdns.dir/mdns.cpp.o
#13 74.93 [535/594] Building CXX object src/mdns/CMakeFiles/otbr-mdns.dir/mdns_openthread.cpp.o
#13 75.38 [536/594] Building CXX object src/backbone_router/CMakeFiles/otbr-backbone-router.dir/backbone_agent.cpp.o
#13 75.78 [537/594] Building CXX object src/backbone_router/CMakeFiles/otbr-backbone-router.dir/dua_routing_manager.cpp.o
#13 76.34 [538/594] Building CXX object src/backbone_router/CMakeFiles/otbr-backbone-router.dir/nd_proxy.cpp.o
#13 76.92 [539/594] cd /sdk2026-host/otbr-build/third_party/openthread/repo && /usr/bin/cmake -DLIST="OPENTHREAD_CONFIG_RADIO_LINK_IEEE_802_15_4_ENABLE=1;OPENTHREAD_CONFIG_TMF_ANYCAST_LOCATOR_ENABLE=1;OPENTHREAD_CONFIG_BACKBONE_ROUTER_ENABLE=1;OPENTHREAD_CONFIG_BACKBONE_ROUTER_DUA_NDPROXYING_ENABLE=1;OPENTHREAD_CONFIG_BORDER_AGENT_ENABLE=1;OPENTHREAD_CONFIG_BORDER_AGENT_EPHEMERAL_KEY_ENABLE=1;OPENTHREAD_CONFIG_BORDER_AGENT_ID_ENABLE=1;OPENTHREAD_CONFIG_BORDER_AGENT_MESHCOP_SERVICE_ENABLE=1;OPENTHREAD_CONFIG_BORDER_ROUTER_ENABLE=1;OPENTHREAD_CONFIG_BORDER_ROUTING_ENABLE=1;OPENTHREAD_CONFIG_BORDER_ROUTING_DHCP6_PD_ENABLE=0;OPENTHREAD_CONFIG_BORDER_ROUTING_DHCP6_PD_CLIENT_ENABLE=0;OPENTHREAD_CONFIG_IP6_BR_COUNTERS_ENABLE=1;OPENTHREAD_CONFIG_BORDER_ROUTING_MULTI_AIL_DETECTION_ENABLE=1;OPENTHREAD_CONFIG_COAP_API_ENABLE=1;OPENTHREAD_CONFIG_COAP_SECURE_API_ENABLE=1;OPENTHREAD_CONFIG_COMMISSIONER_ENABLE=1;OPENTHREAD_CONFIG_DATASET_UPDATER_ENABLE=1;OPENTHREAD_CONFIG_DNS_CLIENT_ENABLE=1;OPENTHREAD_CONFIG_DNS_CLIENT_OVER_TCP_ENABLE=0;OPENTHREAD_CONFIG_DNS_UPSTREAM_QUERY_ENABLE=1;OPENTHREAD_CONFIG_DNSSD_DISCOVERY_PROXY_ENABLE=1;OPENTHREAD_CONFIG_DNSSD_SERVER_ENABLE=1;OPENTHREAD_CONFIG_ECDSA_ENABLE=1;OPENTHREAD_CONFIG_HEAP_EXTERNAL_ENABLE=1;OPENTHREAD_POSIX_CONFIG_FIREWALL_ENABLE=1;OPENTHREAD_CONFIG_HISTORY_TRACKER_ENABLE=1;OPENTHREAD_CONFIG_JOINER_ENABLE=1;OPENTHREAD_CONFIG_MLE_LINK_METRICS_INITIATOR_ENABLE=0;OPENTHREAD_CONFIG_LINK_METRICS_MANAGER_ENABLE=0;OPENTHREAD_CONFIG_MLE_LINK_METRICS_SUBJECT_ENABLE=1;OPENTHREAD_CONFIG_LINK_RAW_ENABLE=1;OPENTHREAD_CONFIG_LOG_LEVEL_DYNAMIC_ENABLE=1;OPENTHREAD_CONFIG_MAC_FILTER_ENABLE=1;OPENTHREAD_CONFIG_MULTICAST_DNS_ENABLE=1;OPENTHREAD_CONFIG_MULTICAST_DNS_VERBOSE_LOGGING_ENABLE=1;OPENTHREAD_CONFIG_MESH_DIAG_ENABLE=1;OPENTHREAD_CONFIG_MESSAGE_USE_HEAP_ENABLE=1;OPENTHREAD_CONFIG_MLR_ENABLE=1;OPENTHREAD_CONFIG_MULTIPAN_RCP_ENABLE=1;OPENTHREAD_CONFIG_NAT64_BORDER_ROUTING_ENABLE=1;OPENTHREAD_CONFIG_NAT64_TRANSLATOR_ENABLE=1;OPENTHREAD_CONFIG_NETDATA_PUBLISHER_ENABLE=1;OPENTHREAD_CONFIG_TMF_NETDIAG_CLIENT_ENABLE=1;OPENTHREAD_CONFIG_PING_SENDER_ENABLE=1;OPENTHREAD_CONFIG_PLATFORM_NETIF_ENABLE=1;OPENTHREAD_CONFIG_PLATFORM_UDP_ENABLE=1;OPENTHREAD_CONFIG_TMF_NETDATA_SERVICE_ENABLE=1;OPENTHREAD_CONFIG_IP6_SLAAC_ENABLE=1;OPENTHREAD_CONFIG_SRP_SERVER_ADVERTISING_PROXY_ENABLE=1;OPENTHREAD_CONFIG_SRP_CLIENT_ENABLE=1;OPENTHREAD_CONFIG_SRP_SERVER_ENABLE=1;OPENTHREAD_CONFIG_TCP_ENABLE=0;OPENTHREAD_CONFIG_RADIO_LINK_TREL_ENABLE=1;OPENTHREAD_CONFIG_TREL_MANAGE_DNSSD_ENABLE=1;OPENTHREAD_CONFIG_UDP_FORWARD_ENABLE=0;OPENTHREAD_CONFIG_UPTIME_ENABLE=1;OPENTHREAD_CONFIG_THREAD_VERSION=OT_THREAD_VERSION_1_4;OPENTHREAD_CONFIG_LOG_LEVEL=OT_LOG_LEVEL_INFO;OPENTHREAD_CONFIG_NET_DIAG_VENDOR_NAME="OpenThread";OPENTHREAD_CONFIG_NET_DIAG_VENDOR_MODEL="Silicon\ Labs\ Multiprotocol";OPENTHREAD_CONFIG_ENABLE_BUILTIN_MBEDTLS=1;OPENTHREAD_CONFIG_ENABLE_BUILTIN_MBEDTLS_MANAGEMENT=0;OPENTHREAD_CONFIG_POSIX_SETTINGS_PATH="/var/lib/thread";PACKAGE_NAME="OPENTHREAD";OPENTHREAD_PLATFORM_POSIX=1;OPENTHREAD_PLATFORM_NEXUS=0;OPENTHREAD_PLATFORM_CORE_CONFIG_FILE="openthread-core-silabs-posix-config.h";OPENTHREAD_POSIX_CONFIG_DAEMON_ENABLE=1;SL_OPENTHREAD_ANT_DIV_CLI_ENABLE=1;SL_OPENTHREAD_COEX_CLI_ENABLE=1;OPENTHREAD_CONFIG_CLI_MAX_USER_CMD_ENTRIES=2;OPENTHREAD_CONFIG_CLI_VENDOR_COMMANDS_ENABLE=1;OPENTHREAD_CONFIG_NCP_INFRA_IF_ENABLE=0;OPENTHREAD_CONFIG_NCP_DNSSD_ENABLE=0;OPENTHREAD_CONFIG_NCP_CLI_STREAM_ENABLE=0;OPENTHREAD_CONFIG_NCP_HDLC_ENABLE=1;OPENTHREAD_CONFIG_LOG_CLI=1;OPENTHREAD_CONFIG_MAX_STATECHANGE_HANDLERS=3;OPENTHREAD_CONFIG_MLE_STEERING_DATA_SET_OOB_ENABLE=1;OPENTHREAD_POSIX_CONFIG_FILE="/sdk2026-host/otbr-build/src/agent/openthread-otbr-posix-config.h";OPENTHREAD_CONFIG_TMF_PROXY_DUA_ENABLE=1;OPENTHREAD_CONFIG_TMF_PROXY_MLR_ENABLE=1;OPENTHREAD_CONFIG_MULTICAST_DNS_PUBLIC_API_ENABLE=1" -P /sdk2026-host/ot-br-posix/third_party/openthread/repo/etc/cmake/print.cmake
#13 76.92 OPENTHREAD_CONFIG_RADIO_LINK_IEEE_802_15_4_ENABLE=1
#13 76.92 OPENTHREAD_CONFIG_TMF_ANYCAST_LOCATOR_ENABLE=1
#13 76.92 OPENTHREAD_CONFIG_BACKBONE_ROUTER_ENABLE=1
#13 76.92 OPENTHREAD_CONFIG_BACKBONE_ROUTER_DUA_NDPROXYING_ENABLE=1
#13 76.92 OPENTHREAD_CONFIG_BORDER_AGENT_ENABLE=1
#13 76.92 OPENTHREAD_CONFIG_BORDER_AGENT_EPHEMERAL_KEY_ENABLE=1
#13 76.92 OPENTHREAD_CONFIG_BORDER_AGENT_ID_ENABLE=1
#13 76.92 OPENTHREAD_CONFIG_BORDER_AGENT_MESHCOP_SERVICE_ENABLE=1
#13 76.92 OPENTHREAD_CONFIG_BORDER_ROUTER_ENABLE=1
#13 76.92 OPENTHREAD_CONFIG_BORDER_ROUTING_ENABLE=1
#13 76.92 OPENTHREAD_CONFIG_BORDER_ROUTING_DHCP6_PD_ENABLE=0
#13 76.92 OPENTHREAD_CONFIG_BORDER_ROUTING_DHCP6_PD_CLIENT_ENABLE=0
#13 76.92 OPENTHREAD_CONFIG_IP6_BR_COUNTERS_ENABLE=1
#13 76.92 OPENTHREAD_CONFIG_BORDER_ROUTING_MULTI_AIL_DETECTION_ENABLE=1
#13 76.92 OPENTHREAD_CONFIG_COAP_API_ENABLE=1
#13 76.92 OPENTHREAD_CONFIG_COAP_SECURE_API_ENABLE=1
#13 76.92 OPENTHREAD_CONFIG_COMMISSIONER_ENABLE=1
#13 76.92 OPENTHREAD_CONFIG_DATASET_UPDATER_ENABLE=1
#13 76.92 OPENTHREAD_CONFIG_DNS_CLIENT_ENABLE=1
#13 76.92 OPENTHREAD_CONFIG_DNS_CLIENT_OVER_TCP_ENABLE=0
#13 76.92 OPENTHREAD_CONFIG_DNS_UPSTREAM_QUERY_ENABLE=1
#13 76.92 OPENTHREAD_CONFIG_DNSSD_DISCOVERY_PROXY_ENABLE=1
#13 76.92 OPENTHREAD_CONFIG_DNSSD_SERVER_ENABLE=1
#13 76.92 OPENTHREAD_CONFIG_ECDSA_ENABLE=1
#13 76.92 OPENTHREAD_CONFIG_HEAP_EXTERNAL_ENABLE=1
#13 76.92 OPENTHREAD_POSIX_CONFIG_FIREWALL_ENABLE=1
#13 76.92 OPENTHREAD_CONFIG_HISTORY_TRACKER_ENABLE=1
#13 76.92 OPENTHREAD_CONFIG_JOINER_ENABLE=1
#13 76.92 OPENTHREAD_CONFIG_MLE_LINK_METRICS_INITIATOR_ENABLE=0
#13 76.92 OPENTHREAD_CONFIG_LINK_METRICS_MANAGER_ENABLE=0
#13 76.92 OPENTHREAD_CONFIG_MLE_LINK_METRICS_SUBJECT_ENABLE=1
#13 76.92 OPENTHREAD_CONFIG_LINK_RAW_ENABLE=1
#13 76.92 OPENTHREAD_CONFIG_LOG_LEVEL_DYNAMIC_ENABLE=1
#13 76.92 OPENTHREAD_CONFIG_MAC_FILTER_ENABLE=1
#13 76.92 OPENTHREAD_CONFIG_MULTICAST_DNS_ENABLE=1
#13 76.92 OPENTHREAD_CONFIG_MULTICAST_DNS_VERBOSE_LOGGING_ENABLE=1
#13 76.92 OPENTHREAD_CONFIG_MESH_DIAG_ENABLE=1
#13 76.92 OPENTHREAD_CONFIG_MESSAGE_USE_HEAP_ENABLE=1
#13 76.92 OPENTHREAD_CONFIG_MLR_ENABLE=1
#13 76.92 OPENTHREAD_CONFIG_MULTIPAN_RCP_ENABLE=1
#13 76.92 OPENTHREAD_CONFIG_NAT64_BORDER_ROUTING_ENABLE=1
#13 76.92 OPENTHREAD_CONFIG_NAT64_TRANSLATOR_ENABLE=1
#13 76.92 OPENTHREAD_CONFIG_NETDATA_PUBLISHER_ENABLE=1
#13 76.92 OPENTHREAD_CONFIG_TMF_NETDIAG_CLIENT_ENABLE=1
#13 76.92 OPENTHREAD_CONFIG_PING_SENDER_ENABLE=1
#13 76.92 OPENTHREAD_CONFIG_PLATFORM_NETIF_ENABLE=1
#13 76.92 OPENTHREAD_CONFIG_PLATFORM_UDP_ENABLE=1
#13 76.92 OPENTHREAD_CONFIG_TMF_NETDATA_SERVICE_ENABLE=1
#13 76.92 OPENTHREAD_CONFIG_IP6_SLAAC_ENABLE=1
#13 76.92 OPENTHREAD_CONFIG_SRP_SERVER_ADVERTISING_PROXY_ENABLE=1
#13 76.92 OPENTHREAD_CONFIG_SRP_CLIENT_ENABLE=1
#13 76.92 OPENTHREAD_CONFIG_SRP_SERVER_ENABLE=1
#13 76.92 OPENTHREAD_CONFIG_TCP_ENABLE=0
#13 76.92 OPENTHREAD_CONFIG_RADIO_LINK_TREL_ENABLE=1
#13 76.92 OPENTHREAD_CONFIG_TREL_MANAGE_DNSSD_ENABLE=1
#13 76.92 OPENTHREAD_CONFIG_UDP_FORWARD_ENABLE=0
#13 76.92 OPENTHREAD_CONFIG_UPTIME_ENABLE=1
#13 76.92 OPENTHREAD_CONFIG_THREAD_VERSION=OT_THREAD_VERSION_1_4
#13 76.92 OPENTHREAD_CONFIG_LOG_LEVEL=OT_LOG_LEVEL_INFO
#13 76.92 OPENTHREAD_CONFIG_NET_DIAG_VENDOR_NAME=OpenThread
#13 76.92 OPENTHREAD_CONFIG_NET_DIAG_VENDOR_MODEL=Silicon Labs Multiprotocol
#13 76.92 OPENTHREAD_CONFIG_ENABLE_BUILTIN_MBEDTLS=1
#13 76.92 OPENTHREAD_CONFIG_ENABLE_BUILTIN_MBEDTLS_MANAGEMENT=0
#13 76.92 OPENTHREAD_CONFIG_POSIX_SETTINGS_PATH=/var/lib/thread
#13 76.92 PACKAGE_NAME=OPENTHREAD
#13 76.92 OPENTHREAD_PLATFORM_POSIX=1
#13 76.92 OPENTHREAD_PLATFORM_NEXUS=0
#13 76.92 OPENTHREAD_PLATFORM_CORE_CONFIG_FILE=openthread-core-silabs-posix-config.h
#13 76.92 OPENTHREAD_POSIX_CONFIG_DAEMON_ENABLE=1
#13 76.92 SL_OPENTHREAD_ANT_DIV_CLI_ENABLE=1
#13 76.92 SL_OPENTHREAD_COEX_CLI_ENABLE=1
#13 76.92 OPENTHREAD_CONFIG_CLI_MAX_USER_CMD_ENTRIES=2
#13 76.92 OPENTHREAD_CONFIG_CLI_VENDOR_COMMANDS_ENABLE=1
#13 76.92 OPENTHREAD_CONFIG_NCP_INFRA_IF_ENABLE=0
#13 76.92 OPENTHREAD_CONFIG_NCP_DNSSD_ENABLE=0
#13 76.92 OPENTHREAD_CONFIG_NCP_CLI_STREAM_ENABLE=0
#13 76.92 OPENTHREAD_CONFIG_NCP_HDLC_ENABLE=1
#13 76.92 OPENTHREAD_CONFIG_LOG_CLI=1
#13 76.92 OPENTHREAD_CONFIG_MAX_STATECHANGE_HANDLERS=3
#13 76.92 OPENTHREAD_CONFIG_MLE_STEERING_DATA_SET_OOB_ENABLE=1
#13 76.92 OPENTHREAD_POSIX_CONFIG_FILE=/sdk2026-host/otbr-build/src/agent/openthread-otbr-posix-config.h
#13 76.92 OPENTHREAD_CONFIG_TMF_PROXY_DUA_ENABLE=1
#13 76.92 OPENTHREAD_CONFIG_TMF_PROXY_MLR_ENABLE=1
#13 76.92 OPENTHREAD_CONFIG_MULTICAST_DNS_PUBLIC_API_ENABLE=1
#13 76.94 [540/594] Linking CXX static library third_party/openthread/repo/src/posix/platform/libopenthread-posix.a
#13 76.96 [541/594] Linking CXX executable third_party/openthread/repo/src/posix/ot-ctl
#13 76.98 [542/594] Linking C static library third_party/cJSON/repo/libcjson.a
#13 77.82 [543/594] Building CXX object src/border_agent/CMakeFiles/otbr-border-agent.dir/border_agent.cpp.o
#13 78.11 [544/594] Building CXX object src/host/CMakeFiles/otbr-host.dir/async_task.cpp.o
#13 78.18 [545/594] Building CXX object src/proto/CMakeFiles/otbr-proto.dir/__/__/build/src/proto/thread_telemetry.pb.cc.o
#13 78.20 [546/594] Linking CXX static library src/proto/libotbr-proto.a
#13 79.03 [547/594] Building CXX object src/host/CMakeFiles/otbr-host.dir/ncp_host.cpp.o
#13 79.29 [548/594] Building CXX object src/host/CMakeFiles/otbr-host.dir/ncp_spinel.cpp.o
#13 79.38 [549/594] Building CXX object src/host/CMakeFiles/otbr-host.dir/ncp_upstream_dns_resolver.cpp.o
#13 79.98 [550/594] Building CXX object src/host/CMakeFiles/otbr-host.dir/thread_helper.cpp.o
#13 80.45 [551/594] Building CXX object src/host/CMakeFiles/otbr-host.dir/thread_host.cpp.o
#13 80.47 [552/594] Linking CXX static library src/mdns/libotbr-mdns.a
#13 80.62 [553/594] Building CXX object src/host/CMakeFiles/otbr-host.dir/rcp_host.cpp.o
#13 82.65 [554/594] Generating node_modules/angular-material/angular-material.min.css, node_modules/material-design-lite/material.min.css, node_modules/angular-animate/angular-animate.min.js, node_modules/angular-aria/angular-aria.min.js, node_modules/angular-material/angular-material.min.js, node_modules/angular-messages/angular-messages.min.js, node_modules/angular/angular.min.js, node_modules/d3/d3.min.js, node_modules/material-design-lite/material.min.js, node_modules/qrcode-generator/dist/qrcode.js
#13 82.65 npm WARN deprecated angular-aria@1.8.3: For the actively supported Angular, see https://www.npmjs.com/package/@angular/core. AngularJS support has officially ended. For extended AngularJS support options, see https://goo.gle/angularjs-path-forward.
#13 82.65 npm WARN deprecated angular-animate@1.8.3: For the actively supported Angular, see https://www.npmjs.com/package/@angular/core. AngularJS support has officially ended. For extended AngularJS support options, see https://goo.gle/angularjs-path-forward.
#13 82.65 npm WARN deprecated angular@1.8.3: For the actively supported Angular, see https://www.npmjs.com/package/@angular/core. AngularJS support has officially ended. For extended AngularJS support options, see https://goo.gle/angularjs-path-forward.
#13 82.65 npm WARN deprecated angular-material@1.2.5: For the actively supported Angular Material, see https://www.npmjs.com/package/@angular/material. AngularJS support has officially ended. For extended AngularJS support options, see https://goo.gle/angularjs-path-forward.
#13 82.65 
#13 82.65 added 8 packages, and audited 9 packages in 2s
#13 82.65 
#13 82.65 2 vulnerabilities (1 moderate, 1 high)
#13 82.65 
#13 82.65 To address all issues (including breaking changes), run:
#13 82.65   npm audit fix --force
#13 82.65 
#13 82.65 Run `npm audit` for details.
#13 86.13 [555/594] Building CXX object src/rest/CMakeFiles/otbr-rest.dir/actions/action.cpp.o
#13 87.79 [556/594] Building CXX object src/rest/CMakeFiles/otbr-rest.dir/actions/add_thread_device.cpp.o
#13 91.43 [557/594] Building CXX object src/rest/CMakeFiles/otbr-rest.dir/actions/discover_network.cpp.o
#13 91.84 [558/594] Building CXX object src/rest/CMakeFiles/otbr-rest.dir/actions/handler.cpp.o
#13 93.48 [559/594] Building CXX object src/rest/CMakeFiles/otbr-rest.dir/actions/energy_scan.cpp.o
#13 97.44 [560/594] Building CXX object src/rest/CMakeFiles/otbr-rest.dir/actions/network_diagnostic.cpp.o
#13 99.10 [561/594] Building CXX object src/rest/CMakeFiles/otbr-rest.dir/actions/reset_diagnostic_counters.cpp.o
#13 99.44 [562/594] Building CXX object src/rest/CMakeFiles/otbr-rest.dir/commissioner_manager.cpp.o
#13 99.73 [563/594] Building CXX object src/rest/CMakeFiles/otbr-rest.dir/diagnostic_types.cpp.o
#13 103.0 [564/594] Building CXX object src/rest/CMakeFiles/otbr-rest.dir/actions_list.cpp.o
#13 105.4 [565/594] Building CXX object src/rest/CMakeFiles/otbr-rest.dir/json.cpp.o
#13 109.6 [566/594] Building CXX object src/rest/CMakeFiles/otbr-rest.dir/network_diag_handler.cpp.o
#13 110.9 [567/594] Building CXX object src/rest/CMakeFiles/otbr-rest.dir/rest_devices_coll.cpp.o
#13 114.7 [568/594] Building CXX object src/rest/CMakeFiles/otbr-rest.dir/rest_diagnostics_coll.cpp.o
#13 115.0 [569/594] Building CXX object src/rest/CMakeFiles/otbr-rest.dir/rest_server_common.cpp.o
#13 115.9 [570/594] Building CXX object src/rest/CMakeFiles/otbr-rest.dir/rest_generic_collection.cpp.o
#13 121.0 [571/594] Building CXX object src/rest/CMakeFiles/otbr-rest.dir/services.cpp.o
#13 121.1 [572/594] Building CXX object src/rest/CMakeFiles/otbr-rest.dir/timestamp.cpp.o
#13 121.4 [573/594] Building CXX object src/rest/CMakeFiles/otbr-rest.dir/uuid.cpp.o
#13 121.4 [574/594] Linking CXX static library src/backbone_router/libotbr-backbone-router.a
#13 122.5 [575/594] Building CXX object src/rest/CMakeFiles/otbr-rest.dir/rest_web_server.cpp.o
#13 122.5 [576/594] Building CXX object src/agent/CMakeFiles/otbr-agent.dir/main.cpp.o
#13 127.3 [577/594] Building CXX object src/agent/CMakeFiles/otbr-agent.dir/application.cpp.o
#13 127.3 [578/594] Linking CXX static library src/border_agent/libotbr-border-agent.a
#13 127.3 [579/594] Linking CXX static library src/host/libotbr-host.a
#13 127.3 [580/594] Building CXX object src/host/telemetry/CMakeFiles/otbr-telemetry.dir/telemetry.cpp.o
#13 127.3 [581/594] Building CXX object src/host/telemetry/CMakeFiles/otbr-telemetry.dir/telemetry_retriever_border_agent.cpp.o
#13 128.3 [582/594] Building CXX object src/agent/CMakeFiles/otbr-agent.dir/realmain.cpp.o
#13 128.5 [583/594] Building CXX object src/web/CMakeFiles/otbr-web.dir/web-service/ot_client.cpp.o
#13 132.7 [584/594] Building CXX object src/web/CMakeFiles/otbr-web.dir/main.cpp.o
#13 133.3 [585/594] Building CXX object src/web/CMakeFiles/otbr-web.dir/web-service/wpan_service.cpp.o
#13 133.4 [586/594] Linking CXX static library src/rest/libotbr-rest.a
#13 133.6 [587/594] Building CXX object tools/CMakeFiles/pskc.dir/pskc.cpp.o
#13 133.7 [588/594] Building CXX object tools/CMakeFiles/steering-data.dir/steering_data.cpp.o
#13 134.0 [589/594] Linking CXX executable src/agent/otbr-agent
#13 134.0 [590/594] Linking CXX static library src/host/telemetry/libotbr-telemetry.a
#13 134.0 [591/594] Linking CXX executable tools/pskc
#13 134.1 [592/594] Linking CXX executable tools/steering-data
#13 134.4 [593/594] Building CXX object src/web/CMakeFiles/otbr-web.dir/web-service/web_server.cpp.o
#13 134.5 [594/594] Linking CXX executable src/web/otbr-web
#13 134.5 -- Install configuration: "Release"
#13 134.5 -- Installing: /sdk2026-upstream-install/otbr/usr/sbin/otbr-agent
#13 134.5 -- Installing: /sdk2026-upstream-install/otbr/usr/sbin/ot-ctl
#13 134.5 -- Installing: /sdk2026-upstream-install/otbr/etc/init.d/otbr-agent
#13 134.5 -- Installing: /sdk2026-upstream-install/otbr/etc/default/otbr-agent
#13 134.5 -- Installing: /sdk2026-upstream-install/otbr/usr/sbin/otbr-web
#13 134.5 -- Installing: /sdk2026-upstream-install/otbr/etc/init.d/otbr-web
#13 134.5 -- Installing: /sdk2026-upstream-install/otbr/usr/share/otbr-web/frontend/index.html
#13 134.5 -- Installing: /sdk2026-upstream-install/otbr/usr/share/otbr-web/frontend/join.dialog.html
#13 134.5 -- Installing: /sdk2026-upstream-install/otbr/usr/share/otbr-web/frontend/res
#13 134.5 -- Installing: /sdk2026-upstream-install/otbr/usr/share/otbr-web/frontend/res/css
#13 134.5 -- Installing: /sdk2026-upstream-install/otbr/usr/share/otbr-web/frontend/res/css/styles.css
#13 134.5 -- Installing: /sdk2026-upstream-install/otbr/usr/share/otbr-web/frontend/res/js
#13 134.5 -- Installing: /sdk2026-upstream-install/otbr/usr/share/otbr-web/frontend/res/js/app.js.orig
#13 134.5 -- Installing: /sdk2026-upstream-install/otbr/usr/share/otbr-web/frontend/res/js/app.js
#13 134.5 -- Installing: /sdk2026-upstream-install/otbr/usr/share/otbr-web/frontend/res/js/qrcode.LICENSE.txt
#13 134.5 -- Installing: /sdk2026-upstream-install/otbr/usr/share/otbr-web/frontend/res/img
#13 134.5 -- Installing: /sdk2026-upstream-install/otbr/usr/share/otbr-web/frontend/res/img/openthread_logo.png
#13 134.5 -- Installing: /sdk2026-upstream-install/otbr/usr/share/otbr-web/frontend/res/img/favicon.png
#13 134.5 -- Installing: /sdk2026-upstream-install/otbr/usr/share/otbr-web/frontend/res/img/icon-info.png
#13 134.5 -- Installing: /sdk2026-upstream-install/otbr/usr/share/otbr-web/frontend/res/img/borderrouter.png
#13 134.5 -- Installing: /sdk2026-upstream-install/otbr/usr/share/otbr-web/frontend/res/img/ios-desktop.png
#13 134.5 -- Installing: /sdk2026-upstream-install/otbr/usr/share/otbr-web/frontend/res/img/android-desktop.png
#13 134.5 -- Installing: /sdk2026-upstream-install/otbr/usr/share/otbr-web/frontend/res/js/angular-animate.min.js
#13 134.5 -- Installing: /sdk2026-upstream-install/otbr/usr/share/otbr-web/frontend/res/js/angular-aria.min.js
#13 134.5 -- Installing: /sdk2026-upstream-install/otbr/usr/share/otbr-web/frontend/res/js/angular-material.min.js
#13 134.5 -- Installing: /sdk2026-upstream-install/otbr/usr/share/otbr-web/frontend/res/js/angular-messages.min.js
#13 134.5 -- Installing: /sdk2026-upstream-install/otbr/usr/share/otbr-web/frontend/res/js/angular.min.js
#13 134.5 -- Installing: /sdk2026-upstream-install/otbr/usr/share/otbr-web/frontend/res/js/d3.min.js
#13 134.5 -- Installing: /sdk2026-upstream-install/otbr/usr/share/otbr-web/frontend/res/js/material.min.js
#13 134.5 -- Installing: /sdk2026-upstream-install/otbr/usr/share/otbr-web/frontend/res/js/qrcode.js
#13 134.5 -- Installing: /sdk2026-upstream-install/otbr/usr/share/otbr-web/frontend/res/css/angular-material.min.css
#13 134.5 -- Installing: /sdk2026-upstream-install/otbr/usr/share/otbr-web/frontend/res/css/material.min.css
#13 DONE 134.7s

#14 [stage-1 2/9] COPY review/sdk2026/recipe/pin-debian-snapshot.sh /pin-debian-snapshot.sh
#14 CACHED

#15 [stage-1 3/9] RUN sh /pin-debian-snapshot.sh && apt-get update && apt-get install -y --no-install-recommends     libmbedtls21 libreadline8t64 libboost-filesystem1.83.0 libboost-system1.83.0     libjsoncpp26 libnetfilter-queue1 libsystemd0 libprotobuf-lite32t64 socat iproute2 iptables ipset netcat-openbsd iputils-ping     python3 python3-aiohttp python3-cryptography python3-yarl     && rm -rf /var/lib/apt/lists/*
#15 CACHED

#16 [stage-1 4/9] COPY --from=sdk2026-builder /sdk2026-install/ /
#16 DONE 0.0s

#17 [stage-1 5/9] COPY hassio-ihost-silabs-multiprotocol/rootfs/ /
#17 DONE 0.1s

#18 [stage-1 6/9] COPY review/sdk2026/runtime/ /sdk2026-runtime/
#18 DONE 0.0s

#19 [stage-1 7/9] RUN bash /sdk2026-runtime/install.sh
#19 DONE 0.2s

#20 [stage-1 8/9] RUN ldconfig &&     for binary in /usr/local/bin/cpcd /usr/local/bin/zigbeed /usr/sbin/otbr-agent /usr/sbin/otbr-web /usr/sbin/ot-ctl; do       test -x "$binary" && ldd "$binary" > /tmp/sdk2026-ldd.txt &&       ! grep -q 'not found' /tmp/sdk2026-ldd.txt || exit 1;     done && rm /tmp/sdk2026-ldd.txt && touch /accept_silabs_msla
#20 DONE 0.4s

#21 exporting to image
#21 exporting layers
#21 exporting layers 0.4s done
#21 exporting manifest sha256:6320af2dac2069b69f37b55bdde7480be7971f0df376aadf3bceafc3932cd073 0.0s done
#21 exporting config sha256:3ddd44cb64e1436bcb74a74dc9256a0f1b2c856376b5a89752613ec8ab7e2666 done
#21 exporting attestation manifest sha256:b0fc126ef949debc7954a8d7ecfc23dec7e50721651196aee44d0f803b464e00 0.0s done
#21 exporting manifest list sha256:f13e3adaea844f48f9e62b78ef92571a2c2b6790b3bc9da9799098638bf2e115 done
#21 naming to docker.io/local/otbr-sdk2026:state-dns-fixed-20260919 done
#21 unpacking to docker.io/local/otbr-sdk2026:state-dns-fixed-20260919 0.1s done
#21 DONE 0.6s

 2 warnings found (use docker --debug to expand):
 - FromPlatformFlagConstDisallowed: FROM --platform flag should not use constant value "linux/amd64" (line 20)
 - FromPlatformFlagConstDisallowed: FROM --platform flag should not use constant value "linux/amd64" (line 4)
