#0 building with "desktop-linux" instance using docker driver

#1 [internal] load build definition from Dockerfile.sdk2026
#1 transferring dockerfile: 2.40kB done
#1 WARN: FromPlatformFlagConstDisallowed: FROM --platform flag should not use constant value "linux/amd64" (line 4)
#1 WARN: FromPlatformFlagConstDisallowed: FROM --platform flag should not use constant value "linux/amd64" (line 19)
#1 DONE 0.0s

#2 [internal] load metadata for ghcr.io/nabucasa/silabs-firmware-builder@sha256:aaeedf3cceb95dc15a9d3333093e76957ef20d06f94d3f7b23d5bd88d337a85d
#2 DONE 0.0s

#3 [internal] load .dockerignore
#3 transferring context: 2B done
#3 DONE 0.0s

#4 [internal] load build context
#4 DONE 0.0s

#5 [sdk2026-builder 1/5] FROM ghcr.io/nabucasa/silabs-firmware-builder@sha256:aaeedf3cceb95dc15a9d3333093e76957ef20d06f94d3f7b23d5bd88d337a85d
#5 resolve ghcr.io/nabucasa/silabs-firmware-builder@sha256:aaeedf3cceb95dc15a9d3333093e76957ef20d06f94d3f7b23d5bd88d337a85d 0.0s done
#5 DONE 0.0s

#4 [internal] load build context
#4 transferring context: 29.81kB 0.0s done
#4 DONE 0.0s

#5 [sdk2026-builder 1/5] FROM ghcr.io/nabucasa/silabs-firmware-builder@sha256:aaeedf3cceb95dc15a9d3333093e76957ef20d06f94d3f7b23d5bd88d337a85d
#5 DONE 0.2s

#6 [sdk2026-builder 2/5] RUN apt-get update && apt-get install -y --no-install-recommends     build-essential cmake ninja-build git patch pkg-config     libmbedtls-dev libreadline-dev libncurses-dev libboost-dev     libboost-filesystem-dev libboost-system-dev libjsoncpp-dev     libdbus-1-dev libnetfilter-queue-dev libsystemd-dev libprotobuf-dev protobuf-compiler nodejs npm     && rm -rf /var/lib/apt/lists/*
#6 0.247 Get:1 http://deb.debian.org/debian trixie InRelease [140 kB]
#6 0.302 Get:4 http://deb.debian.org/debian trixie-updates InRelease [47.3 kB]
#6 0.315 Get:5 http://deb.debian.org/debian-security trixie-security InRelease [43.4 kB]
#6 0.328 Get:6 http://deb.debian.org/debian trixie/main amd64 Packages [9678 kB]
#6 0.737 Get:2 http://snapshot.debian.org/archive/debian/20260713T000000Z trixie InRelease [140 kB]
#6 0.776 Get:3 http://snapshot.debian.org/archive/debian/20260713T000000Z trixie-updates InRelease [47.3 kB]
#6 0.793 Get:7 http://snapshot.debian.org/archive/debian-security/20260713T000000Z trixie-security InRelease [43.4 kB]
#6 0.911 Get:8 http://snapshot.debian.org/archive/debian/20260713T000000Z trixie/main amd64 Packages [9673 kB]
#6 1.361 Get:11 http://deb.debian.org/debian trixie-updates/main amd64 Packages [4412 B]
#6 1.371 Get:12 http://deb.debian.org/debian-security trixie-security/main amd64 Packages [261 kB]
#6 1.581 Get:9 http://snapshot.debian.org/archive/debian/20260713T000000Z trixie-updates/main amd64 Packages [5412 B]
#6 1.593 Get:10 http://snapshot.debian.org/archive/debian-security/20260713T000000Z trixie-security/main amd64 Packages [225 kB]
#6 2.258 Fetched 20.3 MB in 2s (9780 kB/s)
#6 2.258 Reading package lists...
#6 2.647 Reading package lists...
#6 3.007 Building dependency tree...
#6 3.068 Reading state information...
#6 3.166 cmake is already the newest version (3.31.6-2).
#6 3.166 ninja-build is already the newest version (1.12.1-1).
#6 3.166 git is already the newest version (1:2.47.3-0+deb13u1).
#6 3.166 The following additional packages will be installed:
#6 3.166   binutils binutils-common binutils-x86-64-linux-gnu bzip2 cpp cpp-14
#6 3.166   cpp-14-x86-64-linux-gnu cpp-x86-64-linux-gnu dpkg-dev eslint g++ g++-14
#6 3.166   g++-14-x86-64-linux-gnu g++-x86-64-linux-gnu gcc gcc-14
#6 3.166   gcc-14-x86-64-linux-gnu gcc-x86-64-linux-gnu gyp handlebars libasan8
#6 3.166   libbinutils libboost-atomic1.83-dev libboost-atomic1.83.0
#6 3.166   libboost-filesystem1.83-dev libboost-filesystem1.83.0
#6 3.166   libboost-system1.83-dev libboost-system1.83.0 libboost1.83-dev libc-dev-bin
#6 3.166   libc6-dev libcap-dev libcares2 libcc1-0 libcrypt-dev libctf-nobfd0 libctf0
#6 3.166   libdbus-1-3 libdpkg-perl libgcc-14-dev libgomp1 libgprofng0 libhwasan0
#6 3.166   libicu76 libisl23 libitm1 libjansson4 libjs-events libjs-inherits
#6 3.166   libjs-is-typedarray libjs-prettify libjs-regenerate libjs-source-map
#6 3.166   libjs-sprintf-js libjs-typedarray-to-buffer libjs-util liblsan0
#6 3.166   libmbedcrypto16 libmbedtls21 libmbedx509-7 libmnl0 libmpc3 libmpfr6
#6 3.166   libncurses6 libnetfilter-queue1 libnfnetlink-dev libnfnetlink0 libnode-dev
#6 3.166   libnode115 libpkgconf3 libprotobuf-lite32t64 libprotobuf32t64 libprotoc32t64
#6 3.166   libpython3-stdlib libpython3.13-minimal libpython3.13-stdlib libquadmath0
#6 3.166   libreadline8t64 libsframe1 libssl-dev libstdc++-14-dev libtsan2 libubsan1
#6 3.166   libuv1-dev linux-libc-dev make media-types netbase node-abbrev node-acorn
#6 3.166   node-agent-base node-ajv node-ajv-keywords node-ampproject-remapping
#6 3.166   node-ansi-escapes node-ansi-regex node-ansi-styles node-anymatch node-aproba
#6 3.166   node-archy node-are-we-there-yet node-argparse node-arrify node-assert
#6 3.166   node-async node-async-each node-babel-helper-define-polyfill-provider
#6 3.166   node-babel-plugin-add-module-exports node-babel-plugin-lodash
#6 3.166   node-babel-plugin-polyfill-corejs2 node-babel-plugin-polyfill-corejs3
#6 3.166   node-babel-plugin-polyfill-regenerator node-babel7 node-babel7-runtime
#6 3.166   node-balanced-match node-base64-js node-binary-extensions
#6 3.166   node-brace-expansion node-braces node-browserslist node-builtins
#6 3.166   node-cacache node-camelcase node-caniuse-lite node-chalk node-chokidar
#6 3.166   node-chownr node-chrome-trace-event node-ci-info node-cjs-module-lexer
#6 3.166   node-cli-table node-cliui node-clone node-clone-deep node-color-convert
#6 3.166   node-color-name node-colors node-columnify node-commander node-commondir
#6 3.166   node-concat-stream node-console-control-strings node-convert-source-map
#6 3.166   node-copy-concurrently node-core-js node-core-js-compat node-core-js-pure
#6 3.166   node-core-util-is node-corepack node-css-loader node-css-selector-tokenizer
#6 3.166   node-data-uri-to-buffer node-debbundle-es-to-primitive node-debug
#6 3.166   node-decamelize node-decompress-response node-deep-equal node-deep-is
#6 3.166   node-defaults node-define-properties node-define-property node-defined
#6 3.166   node-del node-delegates node-depd node-diff node-doctrine
#6 3.166   node-electron-to-chromium node-encoding node-enhanced-resolve node-envinfo
#6 3.166   node-err-code node-errno node-error-ex node-es-abstract node-es-module-lexer
#6 3.166   node-es6-error node-escape-string-regexp node-escodegen node-eslint-scope
#6 3.166   node-eslint-utils node-eslint-visitor-keys node-espree node-esprima
#6 3.166   node-esquery node-esrecurse node-estraverse node-esutils node-events
#6 3.166   node-execa node-fancy-log node-fast-deep-equal node-fast-levenshtein
#6 3.166   node-fetch node-file-entry-cache node-fill-range node-find-cache-dir
#6 3.166   node-find-up node-flat-cache node-flatted node-for-in node-for-own
#6 3.166   node-foreground-child node-fs-readdir-recursive node-fs-write-stream-atomic
#6 3.166   node-fs.realpath node-function-bind node-functional-red-black-tree
#6 3.166   node-gauge node-get-caller-file node-get-stream node-glob node-glob-parent
#6 3.166   node-globals node-globby node-got node-graceful-fs node-gyp node-has-flag
#6 3.166   node-has-unicode node-hosted-git-info node-http-proxy-agent
#6 3.166   node-https-proxy-agent node-iconv-lite node-icss-utils node-ieee754
#6 3.166   node-iferr node-ignore node-imurmurhash node-indent-string node-inflight
#6 3.166   node-inherits node-ini node-interpret node-ip node-ip-regex node-is-arrayish
#6 3.166   node-is-binary-path node-is-buffer node-is-descriptor node-is-extendable
#6 3.166   node-is-extglob node-is-glob node-is-number node-is-path-cwd
#6 3.166   node-is-path-inside node-is-plain-obj node-is-plain-object node-is-stream
#6 3.166   node-is-typedarray node-is-windows node-isarray node-isexe node-isobject
#6 3.166   node-istanbul node-jest-debbundle node-jest-worker node-js-tokens
#6 3.166   node-js-yaml node-jsesc node-json-buffer node-json-parse-better-errors
#6 3.166   node-json-schema node-json-schema-traverse node-json-stable-stringify
#6 3.166   node-json5 node-jsonify node-jsonparse node-kind-of node-levn
#6 3.166   node-loader-runner node-locate-path node-lodash node-lodash-packages
#6 3.166   node-lowercase-keys node-lru-cache node-make-dir node-memfs node-memory-fs
#6 3.166   node-merge-stream node-micromatch node-mime node-mime-types node-mimic-fn
#6 3.166   node-mimic-response node-minimatch node-minimist node-minipass node-mkdirp
#6 3.166   node-move-concurrently node-ms node-mute-stream node-n3 node-negotiator
#6 3.166   node-neo-async node-nopt node-normalize-package-data node-normalize-path
#6 3.166   node-npm-bundled node-npm-package-arg node-npm-run-path node-npmlog
#6 3.166   node-object-assign node-object-inspect node-once node-optimist
#6 3.166   node-optionator node-osenv node-p-cancelable node-p-limit node-p-locate
#6 3.166   node-p-map node-parse-json node-path-dirname node-path-exists
#6 3.166   node-path-is-absolute node-path-is-inside node-path-type node-picocolors
#6 3.166   node-pify node-pkg-dir node-postcss node-postcss-modules-extract-imports
#6 3.166   node-postcss-modules-values node-postcss-value-parser node-prelude-ls
#6 3.166   node-process-nextick-args node-progress node-promise-inflight
#6 3.166   node-promise-retry node-promzard node-prr node-punycode node-quick-lru
#6 3.166   node-randombytes node-read node-read-package-json node-read-pkg
#6 3.166   node-readable-stream node-readdirp node-rechoir node-regenerate
#6 3.166   node-regenerate-unicode-properties node-regenerator-runtime
#6 3.166   node-regenerator-transform node-regexpp node-regexpu-core node-regjsgen
#6 3.166   node-regjsparser node-repeat-string node-require-directory node-resolve
#6 3.166   node-resolve-cwd node-resolve-from node-resumer node-retry node-rimraf
#6 3.166   node-run-queue node-safe-buffer node-schema-utils node-semver
#6 3.166   node-serialize-javascript node-set-blocking node-set-immediate-shim
#6 3.166   node-shebang-command node-shebang-regex node-signal-exit node-slash
#6 3.166   node-slice-ansi node-source-list-map node-source-map node-source-map-support
#6 3.166   node-spdx-correct node-spdx-exceptions node-spdx-expression-parse
#6 3.166   node-spdx-license-ids node-sprintf-js node-ssri node-string-decoder
#6 3.166   node-string-width node-strip-ansi node-strip-bom node-strip-eof
#6 3.166   node-strip-json-comments node-supports-color node-tapable node-tape node-tar
#6 3.166   node-terser node-text-table node-through node-time-stamp
#6 3.166   node-to-fast-properties node-to-regex-range node-tslib node-type-check
#6 3.166   node-typedarray node-typedarray-to-buffer node-undici
#6 3.166   node-unicode-canonical-property-names-ecmascript
#6 3.166   node-unicode-match-property-ecmascript
#6 3.166   node-unicode-match-property-value-ecmascript
#6 3.166   node-unicode-property-aliases-ecmascript node-unique-filename node-uri-js
#6 3.166   node-util node-util-deprecate node-uuid node-v8-compile-cache node-v8flags
#6 3.166   node-validate-npm-package-license node-validate-npm-package-name
#6 3.166   node-watchpack node-wcwidth.js node-webassemblyjs node-webpack-sources
#6 3.166   node-which node-wide-align node-wordwrap node-wrap-ansi node-wrappy
#6 3.166   node-write node-write-file-atomic node-xtend node-y18n node-yallist
#6 3.166   node-yargs node-yargs-parser pkgconf pkgconf-bin python3 python3-minimal
#6 3.166   python3-packaging python3.13 python3.13-minimal readline-common rpcsvc-proto
#6 3.166   sgml-base terser webpack xml-core xz-utils zlib1g-dev
#6 3.167 Suggested packages:
#6 3.167   binutils-doc gprofng-gui binutils-gold bzip2-doc cpp-doc gcc-14-locales
#6 3.167   cpp-14-doc debian-keyring debian-tag2upload-keyring node-babel-eslint
#6 3.167   node-esprima-fb node-inquirer g++-multilib g++-14-multilib gcc-14-doc
#6 3.167   gcc-multilib manpages-dev autoconf automake libtool flex bison gdb gcc-doc
#6 3.167   gcc-14-multilib gdb-x86-64-linux-gnu libboost-doc libboost1.83-doc
#6 3.167   libboost-chrono1.83-dev libboost-container1.83-dev libboost-context1.83-dev
#6 3.167   libboost-contract1.83-dev libboost-coroutine1.83-dev
#6 3.167   libboost-date-time1.83-dev libboost-exception1.83-dev libboost-fiber1.83-dev
#6 3.167   libboost-graph-parallel1.83-dev libboost-graph1.83-dev
#6 3.167   libboost-iostreams1.83-dev libboost-json1.83-dev libboost-locale1.83-dev
#6 3.167   libboost-log1.83-dev libboost-math1.83-dev libboost-mpi-python1.83-dev
#6 3.167   libboost-mpi1.83-dev libboost-nowide1.83-dev libboost-numpy1.83-dev
#6 3.167   libboost-program-options1.83-dev libboost-python1.83-dev
#6 3.167   libboost-random1.83-dev libboost-regex1.83-dev
#6 3.167   libboost-serialization1.83-dev libboost-stacktrace1.83-dev
#6 3.167   libboost-test1.83-dev libboost-thread1.83-dev libboost-timer1.83-dev
#6 3.167   libboost-type-erasure1.83-dev libboost-url1.83-dev libboost-wave1.83-dev
#6 3.167   libboost1.83-tools-dev libmpfrc++-dev libntl-dev libc-devtools glibc-doc sq
#6 3.167   | sqop | rsop | gosop | pgpainless-cli | gpg-sq | gnupg sensible-utils bzr
#6 3.167   libjs-angularjs libmbedtls-doc ncurses-doc libnetfilter-queue-doc
#6 3.167   readline-doc libssl-doc libstdc++-14-doc libuv1-doc make-doc
#6 3.167   node-babel-plugin-polyfill-es-shims node-babel7-debug javascript-common
#6 3.167   livescript chai node-jest-diff node-opener ed diffutils-doc protobuf-mode-el
#6 3.167   python3-doc python3-tk python3-venv python3.13-venv python3.13-doc
#6 3.167   binfmt-support sgml-base-doc debhelper
#6 3.167 Recommended packages:
#6 3.167   fakeroot sq | sqop | rsop | gosop | pgpainless-cli | gpg-sq | gnupg
#6 3.167   libalgorithm-merge-perl manpages manpages-dev dbus libfile-fcntllock-perl
#6 3.167   liblocale-gettext-perl javascript-common libgpm2 node-re2
#6 3.167   node-require-from-string nodejs-doc node-tap
#6 4.423 The following NEW packages will be installed:
#6 4.423   binutils binutils-common binutils-x86-64-linux-gnu build-essential bzip2 cpp
#6 4.423   cpp-14 cpp-14-x86-64-linux-gnu cpp-x86-64-linux-gnu dpkg-dev eslint g++
#6 4.423   g++-14 g++-14-x86-64-linux-gnu g++-x86-64-linux-gnu gcc gcc-14
#6 4.423   gcc-14-x86-64-linux-gnu gcc-x86-64-linux-gnu gyp handlebars libasan8
#6 4.423   libbinutils libboost-atomic1.83-dev libboost-atomic1.83.0 libboost-dev
#6 4.423   libboost-filesystem-dev libboost-filesystem1.83-dev
#6 4.423   libboost-filesystem1.83.0 libboost-system-dev libboost-system1.83-dev
#6 4.423   libboost-system1.83.0 libboost1.83-dev libc-dev-bin libc6-dev libcap-dev
#6 4.423   libcares2 libcc1-0 libcrypt-dev libctf-nobfd0 libctf0 libdbus-1-3
#6 4.423   libdbus-1-dev libdpkg-perl libgcc-14-dev libgomp1 libgprofng0 libhwasan0
#6 4.423   libicu76 libisl23 libitm1 libjansson4 libjs-events libjs-inherits
#6 4.423   libjs-is-typedarray libjs-prettify libjs-regenerate libjs-source-map
#6 4.423   libjs-sprintf-js libjs-typedarray-to-buffer libjs-util libjsoncpp-dev
#6 4.423   liblsan0 libmbedcrypto16 libmbedtls-dev libmbedtls21 libmbedx509-7 libmnl0
#6 4.423   libmpc3 libmpfr6 libncurses-dev libncurses6 libnetfilter-queue-dev
#6 4.423   libnetfilter-queue1 libnfnetlink-dev libnfnetlink0 libnode-dev libnode115
#6 4.423   libpkgconf3 libprotobuf-dev libprotobuf-lite32t64 libprotobuf32t64
#6 4.423   libprotoc32t64 libpython3-stdlib libpython3.13-minimal libpython3.13-stdlib
#6 4.424   libquadmath0 libreadline-dev libreadline8t64 libsframe1 libssl-dev
#6 4.424   libstdc++-14-dev libsystemd-dev libtsan2 libubsan1 libuv1-dev linux-libc-dev
#6 4.424   make media-types netbase node-abbrev node-acorn node-agent-base node-ajv
#6 4.424   node-ajv-keywords node-ampproject-remapping node-ansi-escapes
#6 4.424   node-ansi-regex node-ansi-styles node-anymatch node-aproba node-archy
#6 4.424   node-are-we-there-yet node-argparse node-arrify node-assert node-async
#6 4.424   node-async-each node-babel-helper-define-polyfill-provider
#6 4.424   node-babel-plugin-add-module-exports node-babel-plugin-lodash
#6 4.424   node-babel-plugin-polyfill-corejs2 node-babel-plugin-polyfill-corejs3
#6 4.424   node-babel-plugin-polyfill-regenerator node-babel7 node-babel7-runtime
#6 4.424   node-balanced-match node-base64-js node-binary-extensions
#6 4.424   node-brace-expansion node-braces node-browserslist node-builtins
#6 4.424   node-cacache node-camelcase node-caniuse-lite node-chalk node-chokidar
#6 4.424   node-chownr node-chrome-trace-event node-ci-info node-cjs-module-lexer
#6 4.424   node-cli-table node-cliui node-clone node-clone-deep node-color-convert
#6 4.424   node-color-name node-colors node-columnify node-commander node-commondir
#6 4.424   node-concat-stream node-console-control-strings node-convert-source-map
#6 4.424   node-copy-concurrently node-core-js node-core-js-compat node-core-js-pure
#6 4.424   node-core-util-is node-corepack node-css-loader node-css-selector-tokenizer
#6 4.424   node-data-uri-to-buffer node-debbundle-es-to-primitive node-debug
#6 4.424   node-decamelize node-decompress-response node-deep-equal node-deep-is
#6 4.424   node-defaults node-define-properties node-define-property node-defined
#6 4.424   node-del node-delegates node-depd node-diff node-doctrine
#6 4.424   node-electron-to-chromium node-encoding node-enhanced-resolve node-envinfo
#6 4.424   node-err-code node-errno node-error-ex node-es-abstract node-es-module-lexer
#6 4.424   node-es6-error node-escape-string-regexp node-escodegen node-eslint-scope
#6 4.424   node-eslint-utils node-eslint-visitor-keys node-espree node-esprima
#6 4.424   node-esquery node-esrecurse node-estraverse node-esutils node-events
#6 4.424   node-execa node-fancy-log node-fast-deep-equal node-fast-levenshtein
#6 4.424   node-fetch node-file-entry-cache node-fill-range node-find-cache-dir
#6 4.424   node-find-up node-flat-cache node-flatted node-for-in node-for-own
#6 4.424   node-foreground-child node-fs-readdir-recursive node-fs-write-stream-atomic
#6 4.424   node-fs.realpath node-function-bind node-functional-red-black-tree
#6 4.424   node-gauge node-get-caller-file node-get-stream node-glob node-glob-parent
#6 4.424   node-globals node-globby node-got node-graceful-fs node-gyp node-has-flag
#6 4.424   node-has-unicode node-hosted-git-info node-http-proxy-agent
#6 4.424   node-https-proxy-agent node-iconv-lite node-icss-utils node-ieee754
#6 4.424   node-iferr node-ignore node-imurmurhash node-indent-string node-inflight
#6 4.424   node-inherits node-ini node-interpret node-ip node-ip-regex node-is-arrayish
#6 4.424   node-is-binary-path node-is-buffer node-is-descriptor node-is-extendable
#6 4.424   node-is-extglob node-is-glob node-is-number node-is-path-cwd
#6 4.424   node-is-path-inside node-is-plain-obj node-is-plain-object node-is-stream
#6 4.424   node-is-typedarray node-is-windows node-isarray node-isexe node-isobject
#6 4.424   node-istanbul node-jest-debbundle node-jest-worker node-js-tokens
#6 4.424   node-js-yaml node-jsesc node-json-buffer node-json-parse-better-errors
#6 4.424   node-json-schema node-json-schema-traverse node-json-stable-stringify
#6 4.424   node-json5 node-jsonify node-jsonparse node-kind-of node-levn
#6 4.424   node-loader-runner node-locate-path node-lodash node-lodash-packages
#6 4.424   node-lowercase-keys node-lru-cache node-make-dir node-memfs node-memory-fs
#6 4.424   node-merge-stream node-micromatch node-mime node-mime-types node-mimic-fn
#6 4.424   node-mimic-response node-minimatch node-minimist node-minipass node-mkdirp
#6 4.424   node-move-concurrently node-ms node-mute-stream node-n3 node-negotiator
#6 4.424   node-neo-async node-nopt node-normalize-package-data node-normalize-path
#6 4.424   node-npm-bundled node-npm-package-arg node-npm-run-path node-npmlog
#6 4.424   node-object-assign node-object-inspect node-once node-optimist
#6 4.424   node-optionator node-osenv node-p-cancelable node-p-limit node-p-locate
#6 4.424   node-p-map node-parse-json node-path-dirname node-path-exists
#6 4.424   node-path-is-absolute node-path-is-inside node-path-type node-picocolors
#6 4.424   node-pify node-pkg-dir node-postcss node-postcss-modules-extract-imports
#6 4.424   node-postcss-modules-values node-postcss-value-parser node-prelude-ls
#6 4.424   node-process-nextick-args node-progress node-promise-inflight
#6 4.424   node-promise-retry node-promzard node-prr node-punycode node-quick-lru
#6 4.424   node-randombytes node-read node-read-package-json node-read-pkg
#6 4.424   node-readable-stream node-readdirp node-rechoir node-regenerate
#6 4.424   node-regenerate-unicode-properties node-regenerator-runtime
#6 4.424   node-regenerator-transform node-regexpp node-regexpu-core node-regjsgen
#6 4.424   node-regjsparser node-repeat-string node-require-directory node-resolve
#6 4.424   node-resolve-cwd node-resolve-from node-resumer node-retry node-rimraf
#6 4.424   node-run-queue node-safe-buffer node-schema-utils node-semver
#6 4.424   node-serialize-javascript node-set-blocking node-set-immediate-shim
#6 4.424   node-shebang-command node-shebang-regex node-signal-exit node-slash
#6 4.424   node-slice-ansi node-source-list-map node-source-map node-source-map-support
#6 4.424   node-spdx-correct node-spdx-exceptions node-spdx-expression-parse
#6 4.424   node-spdx-license-ids node-sprintf-js node-ssri node-string-decoder
#6 4.424   node-string-width node-strip-ansi node-strip-bom node-strip-eof
#6 4.424   node-strip-json-comments node-supports-color node-tapable node-tape node-tar
#6 4.424   node-terser node-text-table node-through node-time-stamp
#6 4.424   node-to-fast-properties node-to-regex-range node-tslib node-type-check
#6 4.424   node-typedarray node-typedarray-to-buffer node-undici
#6 4.424   node-unicode-canonical-property-names-ecmascript
#6 4.424   node-unicode-match-property-ecmascript
#6 4.424   node-unicode-match-property-value-ecmascript
#6 4.424   node-unicode-property-aliases-ecmascript node-unique-filename node-uri-js
#6 4.424   node-util node-util-deprecate node-uuid node-v8-compile-cache node-v8flags
#6 4.424   node-validate-npm-package-license node-validate-npm-package-name
#6 4.424   node-watchpack node-wcwidth.js node-webassemblyjs node-webpack-sources
#6 4.424   node-which node-wide-align node-wordwrap node-wrap-ansi node-wrappy
#6 4.424   node-write node-write-file-atomic node-xtend node-y18n node-yallist
#6 4.424   node-yargs node-yargs-parser nodejs npm patch pkg-config pkgconf pkgconf-bin
#6 4.424   protobuf-compiler python3 python3-minimal python3-packaging python3.13
#6 4.424   python3.13-minimal readline-common rpcsvc-proto sgml-base terser webpack
#6 4.425   xml-core xz-utils zlib1g-dev
#6 6.901 0 upgraded, 460 newly installed, 0 to remove and 0 not upgraded.
#6 6.901 Need to get 141 MB of archives.
#6 6.901 After this operation, 747 MB of additional disk space will be used.
#6 6.901 Get:1 http://snapshot.debian.org/archive/debian/20260713T000000Z trixie/main amd64 libpython3.13-minimal amd64 3.13.5-2+deb13u3 [863 kB]
#6 7.012 Get:2 http://snapshot.debian.org/archive/debian/20260713T000000Z trixie/main amd64 python3.13-minimal amd64 3.13.5-2+deb13u3 [2224 kB]
#6 7.201 Get:3 http://snapshot.debian.org/archive/debian/20260713T000000Z trixie/main amd64 python3-minimal amd64 3.13.5-1 [27.2 kB]
#6 7.202 Get:4 http://snapshot.debian.org/archive/debian/20260713T000000Z trixie/main amd64 media-types all 13.0.0 [29.3 kB]
#6 7.204 Get:5 http://snapshot.debian.org/archive/debian/20260713T000000Z trixie/main amd64 netbase all 6.5 [12.4 kB]
#6 7.205 Get:6 http://snapshot.debian.org/archive/debian/20260713T000000Z trixie/main amd64 readline-common all 8.2-6 [69.4 kB]
#6 7.211 Get:7 http://snapshot.debian.org/archive/debian/20260713T000000Z trixie/main amd64 libreadline8t64 amd64 8.2-6 [169 kB]
#6 7.223 Get:8 http://snapshot.debian.org/archive/debian/20260713T000000Z trixie/main amd64 libpython3.13-stdlib amd64 3.13.5-2+deb13u3 [1959 kB]
#6 7.369 Get:9 http://snapshot.debian.org/archive/debian/20260713T000000Z trixie/main amd64 python3.13 amd64 3.13.5-2+deb13u3 [757 kB]
#6 7.426 Get:10 http://snapshot.debian.org/archive/debian/20260713T000000Z trixie/main amd64 libpython3-stdlib amd64 3.13.5-1 [10.2 kB]
#6 7.426 Get:11 http://snapshot.debian.org/archive/debian/20260713T000000Z trixie/main amd64 python3 amd64 3.13.5-1 [28.2 kB]
#6 7.427 Get:12 http://snapshot.debian.org/archive/debian/20260713T000000Z trixie/main amd64 bzip2 amd64 1.0.8-6 [40.5 kB]
#6 7.431 Get:13 http://snapshot.debian.org/archive/debian/20260713T000000Z trixie/main amd64 xz-utils amd64 5.8.1-1+deb13u1 [659 kB]
#6 7.483 Get:14 http://snapshot.debian.org/archive/debian/20260713T000000Z trixie/main amd64 libsframe1 amd64 2.44-3 [78.4 kB]
#6 7.487 Get:15 http://snapshot.debian.org/archive/debian/20260713T000000Z trixie/main amd64 binutils-common amd64 2.44-3 [2509 kB]
#6 7.675 Get:16 http://snapshot.debian.org/archive/debian/20260713T000000Z trixie/main amd64 libbinutils amd64 2.44-3 [534 kB]
#6 7.711 Get:17 http://snapshot.debian.org/archive/debian/20260713T000000Z trixie/main amd64 libgprofng0 amd64 2.44-3 [808 kB]
#6 7.769 Get:18 http://snapshot.debian.org/archive/debian/20260713T000000Z trixie/main amd64 libctf-nobfd0 amd64 2.44-3 [156 kB]
#6 7.782 Get:19 http://snapshot.debian.org/archive/debian/20260713T000000Z trixie/main amd64 libctf0 amd64 2.44-3 [88.6 kB]
#6 7.790 Get:20 http://snapshot.debian.org/archive/debian/20260713T000000Z trixie/main amd64 libjansson4 amd64 2.14-2+b3 [39.8 kB]
#6 7.793 Get:21 http://snapshot.debian.org/archive/debian/20260713T000000Z trixie/main amd64 binutils-x86-64-linux-gnu amd64 2.44-3 [1014 kB]
#6 7.862 Get:22 http://snapshot.debian.org/archive/debian/20260713T000000Z trixie/main amd64 binutils amd64 2.44-3 [265 kB]
#6 7.880 Get:23 http://snapshot.debian.org/archive/debian/20260713T000000Z trixie/main amd64 libc-dev-bin amd64 2.41-12+deb13u3 [59.8 kB]
#6 7.884 Get:24 http://snapshot.debian.org/archive/debian-security/20260713T000000Z trixie-security/main amd64 linux-libc-dev all 6.12.95-1 [2852 kB]
#6 8.110 Get:25 http://snapshot.debian.org/archive/debian/20260713T000000Z trixie/main amd64 libcrypt-dev amd64 1:4.4.38-1 [119 kB]
#6 8.119 Get:26 http://snapshot.debian.org/archive/debian/20260713T000000Z trixie/main amd64 rpcsvc-proto amd64 1.4.3-1 [63.3 kB]
#6 8.124 Get:27 http://snapshot.debian.org/archive/debian/20260713T000000Z trixie/main amd64 libc6-dev amd64 2.41-12+deb13u3 [1992 kB]
#6 8.251 Get:28 http://snapshot.debian.org/archive/debian/20260713T000000Z trixie/main amd64 libisl23 amd64 0.27-1 [659 kB]
#6 8.294 Get:29 http://snapshot.debian.org/archive/debian/20260713T000000Z trixie/main amd64 libmpfr6 amd64 4.2.2-1 [729 kB]
#6 8.340 Get:30 http://snapshot.debian.org/archive/debian/20260713T000000Z trixie/main amd64 libmpc3 amd64 1.3.1-1+b3 [52.2 kB]
#6 8.344 Get:31 http://snapshot.debian.org/archive/debian/20260713T000000Z trixie/main amd64 cpp-14-x86-64-linux-gnu amd64 14.2.0-19 [11.0 MB]
#6 9.190 Get:32 http://snapshot.debian.org/archive/debian/20260713T000000Z trixie/main amd64 cpp-14 amd64 14.2.0-19 [1280 B]
#6 9.190 Get:33 http://snapshot.debian.org/archive/debian/20260713T000000Z trixie/main amd64 cpp-x86-64-linux-gnu amd64 4:14.2.0-1 [4840 B]
#6 9.190 Get:34 http://snapshot.debian.org/archive/debian/20260713T000000Z trixie/main amd64 cpp amd64 4:14.2.0-1 [1568 B]
#6 9.190 Get:35 http://snapshot.debian.org/archive/debian/20260713T000000Z trixie/main amd64 libcc1-0 amd64 14.2.0-19 [42.8 kB]
#6 9.190 Get:36 http://snapshot.debian.org/archive/debian/20260713T000000Z trixie/main amd64 libgomp1 amd64 14.2.0-19 [137 kB]
#6 9.204 Get:37 http://snapshot.debian.org/archive/debian/20260713T000000Z trixie/main amd64 libitm1 amd64 14.2.0-19 [26.0 kB]
#6 9.205 Get:38 http://snapshot.debian.org/archive/debian/20260713T000000Z trixie/main amd64 libasan8 amd64 14.2.0-19 [2725 kB]
#6 9.393 Get:39 http://snapshot.debian.org/archive/debian/20260713T000000Z trixie/main amd64 liblsan0 amd64 14.2.0-19 [1204 kB]
#6 9.482 Get:40 http://snapshot.debian.org/archive/debian/20260713T000000Z trixie/main amd64 libtsan2 amd64 14.2.0-19 [2460 kB]
#6 9.666 Get:41 http://snapshot.debian.org/archive/debian/20260713T000000Z trixie/main amd64 libubsan1 amd64 14.2.0-19 [1074 kB]
#6 9.740 Get:42 http://snapshot.debian.org/archive/debian/20260713T000000Z trixie/main amd64 libhwasan0 amd64 14.2.0-19 [1488 kB]
#6 9.853 Get:43 http://snapshot.debian.org/archive/debian/20260713T000000Z trixie/main amd64 libquadmath0 amd64 14.2.0-19 [145 kB]
#6 9.865 Get:44 http://snapshot.debian.org/archive/debian/20260713T000000Z trixie/main amd64 libgcc-14-dev amd64 14.2.0-19 [2672 kB]
#6 9.986 Get:45 http://snapshot.debian.org/archive/debian/20260713T000000Z trixie/main amd64 gcc-14-x86-64-linux-gnu amd64 14.2.0-19 [21.4 MB]
#6 11.54 Get:46 http://snapshot.debian.org/archive/debian/20260713T000000Z trixie/main amd64 gcc-14 amd64 14.2.0-19 [540 kB]
#6 11.58 Get:47 http://snapshot.debian.org/archive/debian/20260713T000000Z trixie/main amd64 gcc-x86-64-linux-gnu amd64 4:14.2.0-1 [1436 B]
#6 11.58 Get:48 http://snapshot.debian.org/archive/debian/20260713T000000Z trixie/main amd64 gcc amd64 4:14.2.0-1 [5136 B]
#6 11.58 Get:49 http://snapshot.debian.org/archive/debian/20260713T000000Z trixie/main amd64 libstdc++-14-dev amd64 14.2.0-19 [2376 kB]
#6 11.74 Get:50 http://snapshot.debian.org/archive/debian/20260713T000000Z trixie/main amd64 g++-14-x86-64-linux-gnu amd64 14.2.0-19 [12.1 MB]
#6 12.63 Get:51 http://snapshot.debian.org/archive/debian/20260713T000000Z trixie/main amd64 g++-14 amd64 14.2.0-19 [22.5 kB]
#6 12.63 Get:52 http://snapshot.debian.org/archive/debian/20260713T000000Z trixie/main amd64 g++-x86-64-linux-gnu amd64 4:14.2.0-1 [1200 B]
#6 12.64 Get:53 http://snapshot.debian.org/archive/debian/20260713T000000Z trixie/main amd64 g++ amd64 4:14.2.0-1 [1344 B]
#6 12.64 Get:54 http://snapshot.debian.org/archive/debian/20260713T000000Z trixie/main amd64 make amd64 4.4.1-2 [463 kB]
#6 12.67 Get:55 http://snapshot.debian.org/archive/debian/20260713T000000Z trixie/main amd64 libdpkg-perl all 1.22.22 [651 kB]
#6 12.72 Get:56 http://snapshot.debian.org/archive/debian/20260713T000000Z trixie/main amd64 patch amd64 2.8-2 [134 kB]
#6 12.73 Get:57 http://snapshot.debian.org/archive/debian/20260713T000000Z trixie/main amd64 dpkg-dev all 1.22.22 [1337 kB]
#6 12.83 Get:58 http://snapshot.debian.org/archive/debian/20260713T000000Z trixie/main amd64 build-essential amd64 12.12 [4624 B]
#6 12.83 Get:59 http://snapshot.debian.org/archive/debian/20260713T000000Z trixie/main amd64 node-fast-deep-equal all 3.1.3-3 [5768 B]
#6 12.83 Get:60 http://snapshot.debian.org/archive/debian/20260713T000000Z trixie/main amd64 node-json-schema-traverse all 1.0.0-3 [6308 B]
#6 12.83 Get:61 http://snapshot.debian.org/archive/debian/20260713T000000Z trixie/main amd64 node-jsonify all 0.0.1-1 [8704 B]
#6 12.83 Get:62 http://snapshot.debian.org/archive/debian/20260713T000000Z trixie/main amd64 node-json-stable-stringify all 1.0.2+repack1+~cs1.0.34-2 [9496 B]
#6 12.83 Get:63 http://snapshot.debian.org/archive/debian/20260713T000000Z trixie/main amd64 node-punycode all 2.3.1+~2.1.4-1 [10.8 kB]
#6 12.83 Get:64 http://snapshot.debian.org/archive/debian/20260713T000000Z trixie/main amd64 node-uri-js all 4.4.0+dfsg-8 [47.3 kB]
#6 12.83 Get:65 http://snapshot.debian.org/archive/debian/20260713T000000Z trixie/main amd64 libcares2 amd64 1.34.5-1+deb13u1 [98.3 kB]
#6 12.84 Get:66 http://snapshot.debian.org/archive/debian/20260713T000000Z trixie/main amd64 libicu76 amd64 76.1-4 [9722 kB]
#6 13.52 Get:67 http://snapshot.debian.org/archive/debian/20260713T000000Z trixie/main amd64 node-xtend all 4.0.2-3 [3932 B]
#6 13.53 Get:68 http://snapshot.debian.org/archive/debian/20260713T000000Z trixie/main amd64 node-acorn all 8.8.1+ds+~cs25.17.7-2 [128 kB]
#6 13.53 Get:69 http://snapshot.debian.org/archive/debian/20260713T000000Z trixie/main amd64 node-cjs-module-lexer all 1.2.3+dfsg-1 [30.6 kB]
#6 13.53 Get:70 http://snapshot.debian.org/archive/debian/20260713T000000Z trixie/main amd64 node-balanced-match all 2.0.0-1 [4872 B]
#6 13.53 Get:71 http://snapshot.debian.org/archive/debian/20260713T000000Z trixie/main amd64 node-brace-expansion all 2.0.1+~1.1.0-2 [8012 B]
#6 13.53 Get:72 http://snapshot.debian.org/archive/debian/20260713T000000Z trixie/main amd64 node-minimatch all 9.0.3-6 [76.8 kB]
#6 13.54 Get:73 http://snapshot.debian.org/archive/debian/20260713T000000Z trixie/main amd64 node-undici all 7.3.0+dfsg1+~cs24.12.11-1 [333 kB]
#6 13.56 Get:74 http://snapshot.debian.org/archive/debian/20260713T000000Z trixie/main amd64 libnode115 amd64 20.19.2+dfsg-1+deb13u2 [12.1 MB]
#6 14.40 Get:75 http://snapshot.debian.org/archive/debian/20260713T000000Z trixie/main amd64 node-corepack all 0.24.0-5 [712 kB]
#6 14.45 Get:76 http://snapshot.debian.org/archive/debian/20260713T000000Z trixie/main amd64 nodejs amd64 20.19.2+dfsg-1+deb13u2 [353 kB]
#6 14.48 Get:77 http://snapshot.debian.org/archive/debian/20260713T000000Z trixie/main amd64 node-ajv all 8.12.0~ds+~2.1.1-5 [182 kB]
#6 14.49 Get:78 http://snapshot.debian.org/archive/debian/20260713T000000Z trixie/main amd64 libjs-inherits all 2.0.4-6 [3548 B]
#6 14.49 Get:79 http://snapshot.debian.org/archive/debian/20260713T000000Z trixie/main amd64 node-inherits all 2.0.4-6 [4548 B]
#6 14.49 Get:80 http://snapshot.debian.org/archive/debian/20260713T000000Z trixie/main amd64 node-core-util-is all 1.0.3-1 [4072 B]
#6 14.49 Get:81 http://snapshot.debian.org/archive/debian/20260713T000000Z trixie/main amd64 node-safe-buffer all 5.2.1+~cs2.1.2-3 [15.5 kB]
#6 14.49 Get:82 http://snapshot.debian.org/archive/debian/20260713T000000Z trixie/main amd64 node-string-decoder all 1.3.0-6 [7180 B]
#6 14.49 Get:83 http://snapshot.debian.org/archive/debian/20260713T000000Z trixie/main amd64 node-process-nextick-args all 2.0.1-3 [3816 B]
#6 14.50 Get:84 http://snapshot.debian.org/archive/debian/20260713T000000Z trixie/main amd64 node-util-deprecate all 1.0.2-3 [4436 B]
#6 14.50 Get:85 http://snapshot.debian.org/archive/debian/20260713T000000Z trixie/main amd64 node-isarray all 2.0.5-4 [4040 B]
#6 14.50 Get:86 http://snapshot.debian.org/archive/debian/20260713T000000Z trixie/main amd64 node-readable-stream all 3.6.0+~cs3.0.0-4 [32.0 kB]
#6 14.50 Get:87 http://snapshot.debian.org/archive/debian/20260713T000000Z trixie/main amd64 node-typedarray all 0.0.7-1 [11.4 kB]
#6 14.50 Get:88 http://snapshot.debian.org/archive/debian/20260713T000000Z trixie/main amd64 node-concat-stream all 2.0.0+~2.0.0-2 [6388 B]
#6 14.50 Get:89 http://snapshot.debian.org/archive/debian/20260713T000000Z trixie/main amd64 node-ms all 2.1.3+~cs0.7.31-3 [5648 B]
#6 14.50 Get:90 http://snapshot.debian.org/archive/debian/20260713T000000Z trixie/main amd64 node-debug all 4.3.4+~cs4.1.7-1 [18.1 kB]
#6 14.51 Get:91 http://snapshot.debian.org/archive/debian/20260713T000000Z trixie/main amd64 node-esutils all 2.0.3+~2.0.0-1 [12.4 kB]
#6 14.51 Get:92 http://snapshot.debian.org/archive/debian/20260713T000000Z trixie/main amd64 node-doctrine all 3.0.0-4 [19.9 kB]
#6 14.51 Get:93 http://snapshot.debian.org/archive/debian/20260713T000000Z trixie/main amd64 node-eslint-visitor-keys all 3.3.0+~1.0.0-1 [17.1 kB]
#6 14.51 Get:94 http://snapshot.debian.org/archive/debian/20260713T000000Z trixie/main amd64 node-estraverse all 5.3.0+ds+~5.1.1-1 [11.6 kB]
#6 14.51 Get:95 http://snapshot.debian.org/archive/debian/20260713T000000Z trixie/main amd64 node-object-assign all 4.1.1-7 [4684 B]
#6 14.51 Get:96 http://snapshot.debian.org/archive/debian/20260713T000000Z trixie/main amd64 node-esrecurse all 4.3.0-2 [6048 B]
#6 14.51 Get:97 http://snapshot.debian.org/archive/debian/20260713T000000Z trixie/main amd64 node-eslint-scope all 7.1.1+~3.7.4-1 [35.6 kB]
#6 14.52 Get:98 http://snapshot.debian.org/archive/debian/20260713T000000Z trixie/main amd64 node-espree all 9.4.1~dfsg-2 [41.1 kB]
#6 14.52 Get:99 http://snapshot.debian.org/archive/debian/20260713T000000Z trixie/main amd64 node-esquery all 1.4.2~ds-1 [24.9 kB]
#6 14.52 Get:100 http://snapshot.debian.org/archive/debian/20260713T000000Z trixie/main amd64 node-eslint-utils all 3.0.0-3 [15.5 kB]
#6 14.52 Get:101 http://snapshot.debian.org/archive/debian/20260713T000000Z trixie/main amd64 node-flatted all 3.2.7~ds-1+deb13u1 [10.3 kB]
#6 14.52 Get:102 http://snapshot.debian.org/archive/debian/20260713T000000Z trixie/main amd64 node-fs.realpath all 1.0.0-3 [6172 B]
#6 14.52 Get:103 http://snapshot.debian.org/archive/debian/20260713T000000Z trixie/main amd64 node-wrappy all 1.0.2-3 [3776 B]
#6 14.53 Get:104 http://snapshot.debian.org/archive/debian/20260713T000000Z trixie/main amd64 node-once all 1.4.1-1 [4624 B]
#6 14.53 Get:105 http://snapshot.debian.org/archive/debian/20260713T000000Z trixie/main amd64 node-inflight all 1.0.6-2 [3952 B]
#6 14.53 Get:106 http://snapshot.debian.org/archive/debian/20260713T000000Z trixie/main amd64 node-glob all 8.1.0+~cs8.5.15-1 [134 kB]
#6 14.53 Get:107 http://snapshot.debian.org/archive/debian/20260713T000000Z trixie/main amd64 node-rimraf all 3.0.2-2 [11.1 kB]
#6 14.53 Get:108 http://snapshot.debian.org/archive/debian/20260713T000000Z trixie/main amd64 node-write all 2.0.0~6.0.1+~3.0.4+~2.0.0+~1.0.0+~2.0.1-1 [17.9 kB]
#6 14.53 Get:109 http://snapshot.debian.org/archive/debian/20260713T000000Z trixie/main amd64 node-flat-cache all 3.0.4~6.0.1+~3.0.4+~2.0.0+~1.0.0+~2.0.1-1 [20.2 kB]
#6 14.54 Get:110 http://snapshot.debian.org/archive/debian/20260713T000000Z trixie/main amd64 node-file-entry-cache all 6.0.1+~3.0.4+~2.0.0+~1.0.0+~2.0.1-1 [15.3 kB]
#6 14.54 Get:111 http://snapshot.debian.org/archive/debian/20260713T000000Z trixie/main amd64 node-functional-red-black-tree all 1.0.1+20181105-7 [14.1 kB]
#6 14.54 Get:112 http://snapshot.debian.org/archive/debian/20260713T000000Z trixie/main amd64 node-is-extglob all 2.1.1-5 [4612 B]
#6 14.54 Get:113 http://snapshot.debian.org/archive/debian/20260713T000000Z trixie/main amd64 node-is-glob all 4.0.3-2 [6620 B]
#6 14.54 Get:114 http://snapshot.debian.org/archive/debian/20260713T000000Z trixie/main amd64 node-path-dirname all 1.0.2-2 [4312 B]
#6 14.54 Get:115 http://snapshot.debian.org/archive/debian/20260713T000000Z trixie/main amd64 node-glob-parent all 6.0.2+~5.1.1-2 [8784 B]
#6 14.55 Get:116 http://snapshot.debian.org/archive/debian/20260713T000000Z trixie/main amd64 node-globals all 13.23.0-1 [11.3 kB]
#6 14.55 Get:117 http://snapshot.debian.org/archive/debian/20260713T000000Z trixie/main amd64 node-resolve-from all 5.0.0+~3.1.0+~3.3.0+~2.0.0-1 [7292 B]
#6 14.55 Get:118 http://snapshot.debian.org/archive/debian/20260713T000000Z trixie/main amd64 node-imurmurhash all 0.1.4+dfsg+~0.1.1-2 [8412 B]
#6 14.55 Get:119 http://snapshot.debian.org/archive/debian/20260713T000000Z trixie/main amd64 node-ignore all 5.2.1-1 [26.4 kB]
#6 14.55 Get:120 http://snapshot.debian.org/archive/debian/20260713T000000Z trixie/main amd64 node-prelude-ls all 1.2.1+dfsg-3 [11.3 kB]
#6 14.55 Get:121 http://snapshot.debian.org/archive/debian/20260713T000000Z trixie/main amd64 node-type-check all 0.4.0+dfsg-3 [9184 B]
#6 14.55 Get:122 http://snapshot.debian.org/archive/debian/20260713T000000Z trixie/main amd64 node-levn all 0.4.1+dfsg-2 [10.2 kB]
#6 14.56 Get:123 http://snapshot.debian.org/archive/debian/20260713T000000Z trixie/main amd64 node-lodash all 4.17.21+dfsg+~cs8.31.198.20210220-9 [462 kB]
#6 14.59 Get:124 http://snapshot.debian.org/archive/debian/20260713T000000Z trixie/main amd64 node-memfs all 3.4.12+~cs1.0.3-1 [46.8 kB]
#6 14.59 Get:125 http://snapshot.debian.org/archive/debian/20260713T000000Z trixie/main amd64 node-mkdirp all 2.1.6+~cs5.2.1-2 [24.1 kB]
#6 14.59 Get:126 http://snapshot.debian.org/archive/debian/20260713T000000Z trixie/main amd64 node-deep-is all 0.1.4-1 [5136 B]
#6 14.59 Get:127 http://snapshot.debian.org/archive/debian/20260713T000000Z trixie/main amd64 node-fast-levenshtein all 2.0.6+ds-3 [6040 B]
#6 14.59 Get:128 http://snapshot.debian.org/archive/debian/20260713T000000Z trixie/main amd64 node-optionator all 0.9.1+dfsg+~cs1.2.3-1 [17.6 kB]
#6 14.59 Get:129 http://snapshot.debian.org/archive/debian/20260713T000000Z trixie/main amd64 node-progress all 2.0.3-2 [8256 B]
#6 14.59 Get:130 http://snapshot.debian.org/archive/debian/20260713T000000Z trixie/main amd64 libjs-regenerate all 1.4.2-3 [14.3 kB]
#6 14.59 Get:131 http://snapshot.debian.org/archive/debian/20260713T000000Z trixie/main amd64 node-regenerate all 1.4.2-3 [7388 B]
#6 14.59 Get:132 http://snapshot.debian.org/archive/debian/20260713T000000Z trixie/main amd64 node-regenerate-unicode-properties all 10.1.0+ds-1 [50.7 kB]
#6 14.61 Get:133 http://snapshot.debian.org/archive/debian/20260713T000000Z trixie/main amd64 node-regexpp all 3.2.0-5 [27.0 kB]
#6 14.61 Get:134 http://snapshot.debian.org/archive/debian/20260713T000000Z trixie/main amd64 node-lru-cache all 10.0.1-3 [62.6 kB]
#6 14.61 Get:135 http://snapshot.debian.org/archive/debian/20260713T000000Z trixie/main amd64 node-semver all 7.6.1+~7.5.8-2 [49.5 kB]
#6 14.61 Get:136 http://snapshot.debian.org/archive/debian/20260713T000000Z trixie/main amd64 node-strip-json-comments all 4.0.0-4 [5668 B]
#6 14.61 Get:137 http://snapshot.debian.org/archive/debian/20260713T000000Z trixie/main amd64 node-json-schema all 0.4.0+~7.0.11-1 [13.1 kB]
#6 14.62 Get:138 http://snapshot.debian.org/archive/debian/20260713T000000Z trixie/main amd64 node-v8-compile-cache all 2.4.0-2 [8544 B]
#6 14.62 Get:139 http://snapshot.debian.org/archive/debian/20260713T000000Z trixie/main amd64 eslint all 6.4.0~dfsg+~6.1.9-12 [606 kB]
#6 14.71 Get:140 http://snapshot.debian.org/archive/debian/20260713T000000Z trixie/main amd64 python3-packaging all 25.0-1 [56.6 kB]
#6 14.75 Get:141 http://snapshot.debian.org/archive/debian/20260713T000000Z trixie/main amd64 gyp all 0.16.2-2 [255 kB]
#6 14.76 Get:142 http://snapshot.debian.org/archive/debian/20260713T000000Z trixie/main amd64 node-neo-async all 2.6.2+~cs3.0.0-3 [41.8 kB]
#6 14.77 Get:143 http://snapshot.debian.org/archive/debian/20260713T000000Z trixie/main amd64 node-arrify all 2.0.1-3 [3700 B]
#6 14.77 Get:144 http://snapshot.debian.org/archive/debian/20260713T000000Z trixie/main amd64 node-is-plain-obj all 3.0.0-2 [3972 B]
#6 14.77 Get:145 http://snapshot.debian.org/archive/debian/20260713T000000Z trixie/main amd64 node-is-buffer all 2.0.5-2 [4112 B]
#6 14.77 Get:146 http://snapshot.debian.org/archive/debian/20260713T000000Z trixie/main amd64 node-kind-of all 6.0.3+dfsg-2 [10.2 kB]
#6 14.77 Get:147 http://snapshot.debian.org/archive/debian/20260713T000000Z trixie/main amd64 node-minimist all 1.2.8+~cs5.3.5-1 [15.9 kB]
#6 14.77 Get:148 http://snapshot.debian.org/archive/debian/20260713T000000Z trixie/main amd64 node-wordwrap all 1.0.0-4 [4628 B]
#6 14.77 Get:149 http://snapshot.debian.org/archive/debian/20260713T000000Z trixie/main amd64 node-optimist all 0.6.1+~0.0.30-2 [13.5 kB]
#6 14.77 Get:150 http://snapshot.debian.org/archive/debian/20260713T000000Z trixie/main amd64 libjs-source-map all 0.7.0++dfsg2+really.0.6.1-15 [29.6 kB]
#6 14.78 Get:151 http://snapshot.debian.org/archive/debian/20260713T000000Z trixie/main amd64 node-source-map all 0.7.0++dfsg2+really.0.6.1-15 [41.7 kB]
#6 14.78 Get:152 http://snapshot.debian.org/archive/debian/20260713T000000Z trixie/main amd64 handlebars all 3:4.7.7+~4.1.0-1 [199 kB]
#6 14.79 Get:153 http://snapshot.debian.org/archive/debian/20260713T000000Z trixie/main amd64 libboost1.83-dev amd64 1.83.0-4.2 [10.6 MB]
#6 15.51 Get:154 http://snapshot.debian.org/archive/debian/20260713T000000Z trixie/main amd64 libboost-atomic1.83.0 amd64 1.83.0-4.2 [234 kB]
#6 15.53 Get:155 http://snapshot.debian.org/archive/debian/20260713T000000Z trixie/main amd64 libboost-atomic1.83-dev amd64 1.83.0-4.2 [236 kB]
#6 15.54 Get:156 http://snapshot.debian.org/archive/debian/20260713T000000Z trixie/main amd64 libboost-dev amd64 1.83.0.2+b2 [3836 B]
#6 15.54 Get:157 http://snapshot.debian.org/archive/debian/20260713T000000Z trixie/main amd64 libboost-filesystem1.83.0 amd64 1.83.0-4.2 [282 kB]
#6 15.56 Get:158 http://snapshot.debian.org/archive/debian/20260713T000000Z trixie/main amd64 libboost-system1.83.0 amd64 1.83.0-4.2 [231 kB]
#6 15.58 Get:159 http://snapshot.debian.org/archive/debian/20260713T000000Z trixie/main amd64 libboost-system1.83-dev amd64 1.83.0-4.2 [232 kB]
#6 15.60 Get:160 http://snapshot.debian.org/archive/debian/20260713T000000Z trixie/main amd64 libboost-filesystem1.83-dev amd64 1.83.0-4.2 [297 kB]
#6 15.62 Get:161 http://snapshot.debian.org/archive/debian/20260713T000000Z trixie/main amd64 libboost-filesystem-dev amd64 1.83.0.2+b2 [3628 B]
#6 15.62 Get:162 http://snapshot.debian.org/archive/debian/20260713T000000Z trixie/main amd64 libboost-system-dev amd64 1.83.0.2+b2 [3736 B]
#6 15.62 Get:163 http://snapshot.debian.org/archive/debian/20260713T000000Z trixie/main amd64 libcap-dev amd64 1:2.75-10+deb13u1+b1 [546 kB]
#6 15.66 Get:164 http://snapshot.debian.org/archive/debian/20260713T000000Z trixie/main amd64 libdbus-1-3 amd64 1.16.2-2 [178 kB]
#6 15.67 Get:165 http://snapshot.debian.org/archive/debian/20260713T000000Z trixie/main amd64 libsystemd-dev amd64 257.13-1~deb13u1 [1359 kB]
#6 15.76 Get:166 http://snapshot.debian.org/archive/debian/20260713T000000Z trixie/main amd64 libpkgconf3 amd64 1.8.1-4 [36.4 kB]
#6 15.76 Get:167 http://snapshot.debian.org/archive/debian/20260713T000000Z trixie/main amd64 pkgconf-bin amd64 1.8.1-4 [30.2 kB]
#6 15.77 Get:168 http://snapshot.debian.org/archive/debian/20260713T000000Z trixie/main amd64 pkgconf amd64 1.8.1-4 [26.2 kB]
#6 15.77 Get:169 http://snapshot.debian.org/archive/debian/20260713T000000Z trixie/main amd64 sgml-base all 1.31+nmu1 [10.9 kB]
#6 15.77 Get:170 http://snapshot.debian.org/archive/debian/20260713T000000Z trixie/main amd64 xml-core all 0.19 [20.1 kB]
#6 15.77 Get:171 http://snapshot.debian.org/archive/debian/20260713T000000Z trixie/main amd64 libdbus-1-dev amd64 1.16.2-2 [215 kB]
#6 15.79 Get:172 http://snapshot.debian.org/archive/debian/20260713T000000Z trixie/main amd64 libjs-events all 3.3.0+~3.0.0-3 [11.3 kB]
#6 15.79 Get:173 http://snapshot.debian.org/archive/debian/20260713T000000Z trixie/main amd64 libjs-is-typedarray all 1.0.0-4 [3816 B]
#6 15.79 Get:174 http://snapshot.debian.org/archive/debian/20260713T000000Z trixie/main amd64 libjs-prettify all 2015.12.04+dfsg-1.1 [41.7 kB]
#6 15.79 Get:175 http://snapshot.debian.org/archive/debian/20260713T000000Z trixie/main amd64 libjs-sprintf-js all 1.1.2+ds1+~1.1.2-1 [12.8 kB]
#6 15.79 Get:176 http://snapshot.debian.org/archive/debian/20260713T000000Z trixie/main amd64 libjs-typedarray-to-buffer all 4.0.0-2 [4668 B]
#6 15.79 Get:177 http://snapshot.debian.org/archive/debian/20260713T000000Z trixie/main amd64 node-lodash-packages all 4.17.21+dfsg+~cs8.31.198.20210220-9 [179 kB]
#6 15.80 Get:178 http://snapshot.debian.org/archive/debian/20260713T000000Z trixie/main amd64 node-function-bind all 1.1.2+~cs2.1.14-1 [24.6 kB]
#6 15.80 Get:179 http://snapshot.debian.org/archive/debian/20260713T000000Z trixie/main amd64 node-object-inspect all 1.12.2+~cs1.8.1-1 [20.8 kB]
#6 15.81 Get:180 http://snapshot.debian.org/archive/debian/20260713T000000Z trixie/main amd64 node-es-abstract all 1.20.4+~cs26.27.47-2 [137 kB]
#6 15.81 Get:181 http://snapshot.debian.org/archive/debian/20260713T000000Z trixie/main amd64 node-resolve all 1.22.8+~cs5.34.15-2 [29.8 kB]
#6 15.81 Get:182 http://snapshot.debian.org/archive/debian/20260713T000000Z trixie/main amd64 node-define-properties all 1.2.1+~cs2.2.3-1 [9080 B]
#6 15.81 Get:183 http://snapshot.debian.org/archive/debian/20260713T000000Z trixie/main amd64 node-debbundle-es-to-primitive all 1.2.1+~cs9.7.25-2 [39.9 kB]
#6 15.82 Get:184 http://snapshot.debian.org/archive/debian/20260713T000000Z trixie/main amd64 node-isobject all 4.0.0-2 [5332 B]
#6 15.82 Get:185 http://snapshot.debian.org/archive/debian/20260713T000000Z trixie/main amd64 node-is-descriptor all 3.0.0-2 [5556 B]
#6 15.82 Get:186 http://snapshot.debian.org/archive/debian/20260713T000000Z trixie/main amd64 node-define-property all 2.0.2+really+2.0.2-3 [6820 B]
#6 15.82 Get:187 http://snapshot.debian.org/archive/debian/20260713T000000Z trixie/main amd64 node-defined all 1.0.1+~1.0.0-1 [6776 B]
#6 15.82 Get:188 http://snapshot.debian.org/archive/debian/20260713T000000Z trixie/main amd64 node-abbrev all 1.1.1+~1.1.2-1 [5692 B]
#6 15.82 Get:189 http://snapshot.debian.org/archive/debian/20260713T000000Z trixie/main amd64 node-archy all 1.0.0-6 [4556 B]
#6 15.83 Get:190 http://snapshot.debian.org/archive/debian/20260713T000000Z trixie/main amd64 node-async all 3.2.6+dfsg-2 [96.4 kB]
#6 15.84 Get:191 http://snapshot.debian.org/archive/debian/20260713T000000Z trixie/main amd64 node-convert-source-map all 1.9.0+~1.5.2-1 [8176 B]
#6 15.84 Get:192 http://snapshot.debian.org/archive/debian/20260713T000000Z trixie/main amd64 node-decamelize all 4.0.0-2 [4080 B]
#6 15.84 Get:193 http://snapshot.debian.org/archive/debian/20260713T000000Z trixie/main amd64 node-es6-error all 4.1.1-5 [6148 B]
#6 15.84 Get:194 http://snapshot.debian.org/archive/debian/20260713T000000Z trixie/main amd64 node-esprima all 4.0.1+ds+~4.0.3-2 [69.3 kB]
#6 15.84 Get:195 http://snapshot.debian.org/archive/debian/20260713T000000Z trixie/main amd64 node-escodegen all 2.1.0+dfsg+~0.0.8-1 [23.0 kB]
#6 15.85 Get:196 http://snapshot.debian.org/archive/debian/20260713T000000Z trixie/main amd64 node-commondir all 1.0.1+~1.0.0-1 [4388 B]
#6 15.85 Get:197 http://snapshot.debian.org/archive/debian/20260713T000000Z trixie/main amd64 node-is-number all 7.0.0-4 [6020 B]
#6 15.85 Get:198 http://snapshot.debian.org/archive/debian/20260713T000000Z trixie/main amd64 node-repeat-string all 1.6.1+repack-1 [5600 B]
#6 15.85 Get:199 http://snapshot.debian.org/archive/debian/20260713T000000Z trixie/main amd64 node-to-regex-range all 5.0.1-4 [10.5 kB]
#6 15.85 Get:200 http://snapshot.debian.org/archive/debian/20260713T000000Z trixie/main amd64 node-fill-range all 7.1.1+~7.0.3-1 [8768 B]
#6 15.85 Get:201 http://snapshot.debian.org/archive/debian/20260713T000000Z trixie/main amd64 node-braces all 3.0.3+~3.0.5-1 [20.6 kB]
#6 15.86 Get:202 http://snapshot.debian.org/archive/debian/20260713T000000Z trixie/main amd64 node-normalize-path all 3.0.0+~3.0.0-1 [6608 B]
#6 15.86 Get:203 http://snapshot.debian.org/archive/debian/20260713T000000Z trixie/main amd64 node-anymatch all 3.1.3+~cs4.6.1-2 [33.4 kB]
#6 15.86 Get:204 http://snapshot.debian.org/archive/debian/20260713T000000Z trixie/main amd64 node-micromatch all 4.0.7+~4.0.9-1 [26.0 kB]
#6 15.86 Get:205 http://snapshot.debian.org/archive/debian/20260713T000000Z trixie/main amd64 node-pify all 5.0.0+~cs5.0.1-1 [7072 B]
#6 15.86 Get:206 http://snapshot.debian.org/archive/debian/20260713T000000Z trixie/main amd64 node-path-type all 4.0.0-3 [3944 B]
#6 15.87 Get:207 http://snapshot.debian.org/archive/debian/20260713T000000Z trixie/main amd64 node-n3 all 1.16.3+~1.2.3+~1.10.4-1 [37.0 kB]
#6 15.87 Get:208 http://snapshot.debian.org/archive/debian/20260713T000000Z trixie/main amd64 node-slash all 4.0.0-3 [4292 B]
#6 15.87 Get:209 http://snapshot.debian.org/archive/debian/20260713T000000Z trixie/main amd64 node-globby all 13.1.3+~cs16.25.40-3 [40.5 kB]
#6 15.87 Get:210 http://snapshot.debian.org/archive/debian/20260713T000000Z trixie/main amd64 node-graceful-fs all 4.2.10-1 [14.4 kB]
#6 15.88 Get:211 http://snapshot.debian.org/archive/debian/20260713T000000Z trixie/main amd64 node-is-path-cwd all 2.2.0-2 [3672 B]
#6 15.88 Get:212 http://snapshot.debian.org/archive/debian/20260713T000000Z trixie/main amd64 node-path-is-inside all 1.0.2+~1.0.0-1 [5072 B]
#6 15.88 Get:213 http://snapshot.debian.org/archive/debian/20260713T000000Z trixie/main amd64 node-is-path-inside all 3.0.3-2 [3980 B]
#6 15.88 Get:214 http://snapshot.debian.org/archive/debian/20260713T000000Z trixie/main amd64 node-escape-string-regexp all 4.0.0-2 [4296 B]
#6 15.88 Get:215 http://snapshot.debian.org/archive/debian/20260713T000000Z trixie/main amd64 node-indent-string all 4.0.0-2 [4144 B]
#6 15.88 Get:216 http://snapshot.debian.org/archive/debian/20260713T000000Z trixie/main amd64 node-p-map all 4.0.0+~3.1.0+~3.0.1-2 [7904 B]
#6 15.88 Get:217 http://snapshot.debian.org/archive/debian/20260713T000000Z trixie/main amd64 node-del all 7.1.0-1 [8020 B]
#6 15.88 Get:218 http://snapshot.debian.org/archive/debian/20260713T000000Z trixie/main amd64 node-make-dir all 3.1.0-3 [6040 B]
#6 15.88 Get:219 http://snapshot.debian.org/archive/debian/20260713T000000Z trixie/main amd64 node-p-limit all 4.0.0+~cs4.0.0-5 [7576 B]
#6 15.89 Get:220 http://snapshot.debian.org/archive/debian/20260713T000000Z trixie/main amd64 node-p-locate all 6.0.0-12 [5752 B]
#6 15.89 Get:221 http://snapshot.debian.org/archive/debian/20260713T000000Z trixie/main amd64 node-locate-path all 7.1.1-2 [5584 B]
#6 15.89 Get:222 http://snapshot.debian.org/archive/debian/20260713T000000Z trixie/main amd64 node-path-exists all 5.0.0-8 [4732 B]
#6 15.89 Get:223 http://snapshot.debian.org/archive/debian/20260713T000000Z trixie/main amd64 node-find-up all 6.3.0-7 [9388 B]
#6 15.89 Get:224 http://snapshot.debian.org/archive/debian/20260713T000000Z trixie/main amd64 node-pkg-dir all 5.0.0-2 [4260 B]
#6 15.89 Get:225 http://snapshot.debian.org/archive/debian/20260713T000000Z trixie/main amd64 node-find-cache-dir all 3.3.2+~3.2.1-1 [6152 B]
#6 15.89 Get:226 http://snapshot.debian.org/archive/debian/20260713T000000Z trixie/main amd64 node-signal-exit all 4.1.0-7 [14.4 kB]
#6 15.90 Get:227 http://snapshot.debian.org/archive/debian/20260713T000000Z trixie/main amd64 node-foreground-child all 3.1.1-2 [13.3 kB]
#6 15.90 Get:228 http://snapshot.debian.org/archive/debian/20260713T000000Z trixie/main amd64 node-is-stream all 3.0.0-4 [5076 B]
#6 15.90 Get:229 http://snapshot.debian.org/archive/debian/20260713T000000Z trixie/main amd64 node-is-windows all 1.0.2+~cs1.0.0-1 [5936 B]
#6 15.90 Get:230 http://snapshot.debian.org/archive/debian/20260713T000000Z trixie/main amd64 node-ampproject-remapping all 2.2.0+~cs5.15.37-1 [59.4 kB]
#6 15.90 Get:231 http://snapshot.debian.org/archive/debian/20260713T000000Z trixie/main amd64 node-sprintf-js all 1.1.2+ds1+~1.1.2-1 [4024 B]
#6 15.90 Get:232 http://snapshot.debian.org/archive/debian/20260713T000000Z trixie/main amd64 node-argparse all 2.0.1-2 [34.6 kB]
#6 15.91 Get:233 http://snapshot.debian.org/archive/debian/20260713T000000Z trixie/main amd64 node-js-yaml all 4.1.0+dfsg+~4.0.5-7 [66.6 kB]
#6 15.91 Get:234 http://snapshot.debian.org/archive/debian/20260713T000000Z trixie/main amd64 node-nopt all 5.0.0-4 [12.1 kB]
#6 15.91 Get:235 http://snapshot.debian.org/archive/debian/20260713T000000Z trixie/main amd64 node-npm-run-path all 5.1.0+~4.0.0-8 [6276 B]
#6 15.91 Get:236 http://snapshot.debian.org/archive/debian/20260713T000000Z trixie/main amd64 node-shebang-regex all 3.0.0-2 [3528 B]
#6 15.91 Get:237 http://snapshot.debian.org/archive/debian/20260713T000000Z trixie/main amd64 node-shebang-command all 2.0.0-1 [3500 B]
#6 15.91 Get:238 http://snapshot.debian.org/archive/debian/20260713T000000Z trixie/main amd64 node-strip-bom all 4.0.0-2 [4144 B]
#6 15.91 Get:239 http://snapshot.debian.org/archive/debian/20260713T000000Z trixie/main amd64 node-has-flag all 5.0.1-1 [4404 B]
#6 15.92 Get:240 http://snapshot.debian.org/archive/debian/20260713T000000Z trixie/main amd64 node-supports-color all 8.1.1+~8.1.1-1 [6920 B]
#6 15.92 Get:241 http://snapshot.debian.org/archive/debian/20260713T000000Z trixie/main amd64 node-util all 0.12.5+~1.0.10-1 [5700 B]
#6 15.92 Get:242 http://snapshot.debian.org/archive/debian/20260713T000000Z trixie/main amd64 node-assert all 2.0.0+~cs3.9.8-2 [26.8 kB]
#6 15.92 Get:243 http://snapshot.debian.org/archive/debian/20260713T000000Z trixie/main amd64 node-babel-plugin-add-module-exports all 1.0.4+dfsg1~cs5.8.0-4 [8672 B]
#6 15.92 Get:244 http://snapshot.debian.org/archive/debian/20260713T000000Z trixie/main amd64 node-regenerator-runtime all 0.15.2+~0.10.8-1 [10.7 kB]
#6 15.93 Get:245 http://snapshot.debian.org/archive/debian/20260713T000000Z trixie/main amd64 node-babel7-runtime all 7.20.15+ds1+~cs214.269.168-8 [116 kB]
#6 15.94 Get:246 http://snapshot.debian.org/archive/debian/20260713T000000Z trixie/main amd64 node-babel-helper-define-polyfill-provider all 0.3.3~0~20220913+ds1-1 [27.4 kB]
#6 15.94 Get:247 http://snapshot.debian.org/archive/debian/20260713T000000Z trixie/main amd64 node-babel-plugin-polyfill-corejs2 all 0.3.3~0~20220913+ds1-1 [17.1 kB]
#6 15.94 Get:248 http://snapshot.debian.org/archive/debian/20260713T000000Z trixie/main amd64 node-caniuse-lite all 1.0.30001723+dfsg+~1.0.5-1 [255 kB]
#6 15.96 Get:249 http://snapshot.debian.org/archive/debian/20260713T000000Z trixie/main amd64 node-electron-to-chromium all 1.5.166-1 [20.9 kB]
#6 15.96 Get:250 http://snapshot.debian.org/archive/debian/20260713T000000Z trixie/main amd64 node-picocolors all 1.0.0-4 [6652 B]
#6 15.96 Get:251 http://snapshot.debian.org/archive/debian/20260713T000000Z trixie/main amd64 node-browserslist all 4.25.0+~cs6.3.22-1 [72.3 kB]
#6 15.96 Get:252 http://snapshot.debian.org/archive/debian/20260713T000000Z trixie/main amd64 node-core-js-compat all 3.33.2-1 [78.5 kB]
#6 15.97 Get:253 http://snapshot.debian.org/archive/debian/20260713T000000Z trixie/main amd64 node-babel-plugin-polyfill-corejs3 all 0.6.0~0~20220913+ds1-1 [29.5 kB]
#6 15.97 Get:254 http://snapshot.debian.org/archive/debian/20260713T000000Z trixie/main amd64 node-babel-plugin-polyfill-regenerator all 0.4.1~0~20220913+ds1-1 [5036 B]
#6 15.97 Get:255 http://snapshot.debian.org/archive/debian/20260713T000000Z trixie/main amd64 node-color-name all 1.1.4+~1.1.1-2 [5920 B]
#6 15.97 Get:256 http://snapshot.debian.org/archive/debian/20260713T000000Z trixie/main amd64 node-color-convert all 2.0.1+~cs2.0.0-2 [13.1 kB]
#6 15.97 Get:257 http://snapshot.debian.org/archive/debian/20260713T000000Z trixie/main amd64 node-ansi-styles all 6.2.1-3 [8716 B]
#6 15.98 Get:258 http://snapshot.debian.org/archive/debian/20260713T000000Z trixie/main amd64 node-chalk all 5.3.0-1 [18.2 kB]
#6 15.98 Get:259 http://snapshot.debian.org/archive/debian/20260713T000000Z trixie/main amd64 node-for-in all 1.0.2-4 [4840 B]
#6 15.98 Get:260 http://snapshot.debian.org/archive/debian/20260713T000000Z trixie/main amd64 node-for-own all 1.0.0-3 [4800 B]
#6 15.98 Get:261 http://snapshot.debian.org/archive/debian/20260713T000000Z trixie/main amd64 node-is-plain-object all 5.0.0-7 [6108 B]
#6 15.98 Get:262 http://snapshot.debian.org/archive/debian/20260713T000000Z trixie/main amd64 node-is-extendable all 1.0.1-3 [5228 B]
#6 15.98 Get:263 http://snapshot.debian.org/archive/debian/20260713T000000Z trixie/main amd64 node-clone-deep all 4.0.1+~cs7.0.2-1 [6720 B]
#6 15.99 Get:264 http://snapshot.debian.org/archive/debian/20260713T000000Z trixie/main amd64 node-commander all 9.4.1-1 [65.3 kB]
#6 15.99 Get:265 http://snapshot.debian.org/archive/debian/20260713T000000Z trixie/main amd64 node-core-js all 3.33.2-1 [301 kB]
#6 16.02 Get:266 http://snapshot.debian.org/archive/debian/20260713T000000Z trixie/main amd64 node-core-js-pure all 3.33.2-1 [282 kB]
#6 16.04 Get:267 http://snapshot.debian.org/archive/debian/20260713T000000Z trixie/main amd64 node-fs-readdir-recursive all 1.1.0+~1.1.0-1 [4540 B]
#6 16.04 Get:268 http://snapshot.debian.org/archive/debian/20260713T000000Z trixie/main amd64 node-js-tokens all 8.0.0-2 [14.9 kB]
#6 16.04 Get:269 http://snapshot.debian.org/archive/debian/20260713T000000Z trixie/main amd64 node-jsesc all 3.0.2+~3.0.1-1 [17.6 kB]
#6 16.05 Get:270 http://snapshot.debian.org/archive/debian/20260713T000000Z trixie/main amd64 node-json5 all 2.2.3+dfsg-1 [25.6 kB]
#6 16.05 Get:271 http://snapshot.debian.org/archive/debian/20260713T000000Z trixie/main amd64 node-quick-lru all 6.1.1-4 [8076 B]
#6 16.05 Get:272 http://snapshot.debian.org/archive/debian/20260713T000000Z trixie/main amd64 node-regenerator-transform all 0.15.2+~0.10.8-1 [24.9 kB]
#6 16.05 Get:273 http://snapshot.debian.org/archive/debian/20260713T000000Z trixie/main amd64 node-regjsgen all 0.7.1+ds-1 [6968 B]
#6 16.05 Get:274 http://snapshot.debian.org/archive/debian/20260713T000000Z trixie/main amd64 node-regjsparser all 0.9.1+ds-2 [22.1 kB]
#6 16.05 Get:275 http://snapshot.debian.org/archive/debian/20260713T000000Z trixie/main amd64 node-unicode-canonical-property-names-ecmascript all 2.0.0-2 [4540 B]
#6 16.05 Get:276 http://snapshot.debian.org/archive/debian/20260713T000000Z trixie/main amd64 node-unicode-property-aliases-ecmascript all 2.1.0+ds-1 [5256 B]
#6 16.05 Get:277 http://snapshot.debian.org/archive/debian/20260713T000000Z trixie/main amd64 node-unicode-match-property-ecmascript all 2.0.0-2 [4440 B]
#6 16.06 Get:278 http://snapshot.debian.org/archive/debian/20260713T000000Z trixie/main amd64 node-unicode-match-property-value-ecmascript all 2.1.0+ds-1 [7272 B]
#6 16.06 Get:279 http://snapshot.debian.org/archive/debian/20260713T000000Z trixie/main amd64 node-regexpu-core all 5.2.2-3 [13.9 kB]
#6 16.06 Get:280 http://snapshot.debian.org/archive/debian/20260713T000000Z trixie/main amd64 node-source-map-support all 0.5.21+ds+~0.5.10-1 [15.3 kB]
#6 16.06 Get:281 http://snapshot.debian.org/archive/debian/20260713T000000Z trixie/main amd64 node-to-fast-properties all 3.0.1-3 [4332 B]
#6 16.06 Get:282 http://snapshot.debian.org/archive/debian/20260713T000000Z trixie/main amd64 node-v8flags all 3.2.0+~3.1.1-1 [7612 B]
#6 16.06 Get:283 http://snapshot.debian.org/archive/debian/20260713T000000Z trixie/main amd64 node-babel7 all 7.20.15+ds1+~cs214.269.168-8 [709 kB]
#6 16.13 Get:284 http://snapshot.debian.org/archive/debian/20260713T000000Z trixie/main amd64 node-is-arrayish all 0.3.2-3 [3960 B]
#6 16.13 Get:285 http://snapshot.debian.org/archive/debian/20260713T000000Z trixie/main amd64 node-error-ex all 1.3.2-4 [5656 B]
#6 16.13 Get:286 http://snapshot.debian.org/archive/debian/20260713T000000Z trixie/main amd64 node-json-parse-better-errors all 1.0.2+~cs3.3.1-3 [7724 B]
#6 16.13 Get:287 http://snapshot.debian.org/archive/debian/20260713T000000Z trixie/main amd64 node-parse-json all 5.2.0+~cs5.1.7-2 [7304 B]
#6 16.13 Get:288 http://snapshot.debian.org/archive/debian/20260713T000000Z trixie/main amd64 node-hosted-git-info all 6.1.1-2 [12.6 kB]
#6 16.13 Get:289 http://snapshot.debian.org/archive/debian/20260713T000000Z trixie/main amd64 node-spdx-license-ids all 3.0.12-1 [6276 B]
#6 16.13 Get:290 http://snapshot.debian.org/archive/debian/20260713T000000Z trixie/main amd64 node-spdx-exceptions all 2.3.0-2 [3992 B]
#6 16.13 Get:291 http://snapshot.debian.org/archive/debian/20260713T000000Z trixie/main amd64 node-spdx-expression-parse all 3.0.1+~3.0.1-1 [7532 B]
#6 16.13 Get:292 http://snapshot.debian.org/archive/debian/20260713T000000Z trixie/main amd64 node-spdx-correct all 3.1.1-2 [5464 B]
#6 16.14 Get:293 http://snapshot.debian.org/archive/debian/20260713T000000Z trixie/main amd64 node-validate-npm-package-license all 3.0.4-2 [4280 B]
#6 16.15 Get:294 http://snapshot.debian.org/archive/debian/20260713T000000Z trixie/main amd64 node-normalize-package-data all 4.0.1+~2.4.1-1 [13.6 kB]
#6 16.15 Get:295 http://snapshot.debian.org/archive/debian/20260713T000000Z trixie/main amd64 node-read-pkg all 5.2.0-2 [24.0 kB]
#6 16.16 Get:296 http://snapshot.debian.org/archive/debian/20260713T000000Z trixie/main amd64 node-uuid all 8.3.2+~8.3.4-1 [44.5 kB]
#6 16.16 Get:297 http://snapshot.debian.org/archive/debian/20260713T000000Z trixie/main amd64 node-isexe all 2.0.0+~2.0.1-5 [6084 B]
#6 16.16 Get:298 http://snapshot.debian.org/archive/debian/20260713T000000Z trixie/main amd64 node-which all 2.0.2+~cs1.3.2-3 [8368 B]
#6 16.16 Get:299 http://snapshot.debian.org/archive/debian/20260713T000000Z trixie/main amd64 node-is-typedarray all 1.0.0-4 [3292 B]
#6 16.16 Get:300 http://snapshot.debian.org/archive/debian/20260713T000000Z trixie/main amd64 node-typedarray-to-buffer all 4.0.0-2 [3380 B]
#6 16.16 Get:301 http://snapshot.debian.org/archive/debian/20260713T000000Z trixie/main amd64 node-write-file-atomic all 4.0.2+~4.0.0-2 [9308 B]
#6 16.16 Get:302 http://snapshot.debian.org/archive/debian/20260713T000000Z trixie/main amd64 node-slice-ansi all 5.0.0+~cs9.0.0-5 [8788 B]
#6 16.17 Get:303 http://snapshot.debian.org/archive/debian/20260713T000000Z trixie/main amd64 node-ansi-regex all 5.0.1-1 [4912 B]
#6 16.17 Get:304 http://snapshot.debian.org/archive/debian/20260713T000000Z trixie/main amd64 node-strip-ansi all 6.0.1-2 [4120 B]
#6 16.17 Get:305 http://snapshot.debian.org/archive/debian/20260713T000000Z trixie/main amd64 node-clone all 2.1.2+~2.1.2-1 [9140 B]
#6 16.18 Get:306 http://snapshot.debian.org/archive/debian/20260713T000000Z trixie/main amd64 node-defaults all 1.0.4+~1.0.3-1 [4400 B]
#6 16.18 Get:307 http://snapshot.debian.org/archive/debian/20260713T000000Z trixie/main amd64 node-wcwidth.js all 1.0.2-2 [7088 B]
#6 16.18 Get:308 http://snapshot.debian.org/archive/debian/20260713T000000Z trixie/main amd64 node-string-width all 4.2.3+~cs13.2.3-1 [10.7 kB]
#6 16.18 Get:309 http://snapshot.debian.org/archive/debian/20260713T000000Z trixie/main amd64 node-wrap-ansi all 8.0.1+~8.0.1-3 [11.8 kB]
#6 16.19 Get:310 http://snapshot.debian.org/archive/debian/20260713T000000Z trixie/main amd64 node-cliui all 7.0.4+repack+1+~cs1.4.2-2 [21.6 kB]
#6 16.19 Get:311 http://snapshot.debian.org/archive/debian/20260713T000000Z trixie/main amd64 node-get-caller-file all 2.0.5+~cs1.1.1-4 [5728 B]
#6 16.19 Get:312 http://snapshot.debian.org/archive/debian/20260713T000000Z trixie/main amd64 node-require-directory all 2.1.1+~2.1.2-1 [7092 B]
#6 16.19 Get:313 http://snapshot.debian.org/archive/debian/20260713T000000Z trixie/main amd64 node-y18n all 5.0.8+~5.0.0-3 [10.2 kB]
#6 16.19 Get:314 http://snapshot.debian.org/archive/debian/20260713T000000Z trixie/main amd64 node-camelcase all 7.0.0-3 [6032 B]
#6 16.19 Get:315 http://snapshot.debian.org/archive/debian/20260713T000000Z trixie/main amd64 node-yargs-parser all 21.1.1+~21.0.0-4 [28.4 kB]
#6 16.19 Get:316 http://snapshot.debian.org/archive/debian/20260713T000000Z trixie/main amd64 node-yargs all 16.2.0+~16.0.4-7 [128 kB]
#6 16.20 Get:317 http://snapshot.debian.org/archive/debian/20260713T000000Z trixie/main amd64 node-istanbul all 0.4.5+repack10+~cs98.25.59-3 [211 kB]
#6 16.22 Get:318 http://snapshot.debian.org/archive/debian/20260713T000000Z trixie/main amd64 node-through all 2.3.8+~cs0.0.30-1 [5452 B]
#6 16.22 Get:319 http://snapshot.debian.org/archive/debian/20260713T000000Z trixie/main amd64 node-resumer all 0.0.0-6 [4144 B]
#6 16.22 Get:320 http://snapshot.debian.org/archive/debian/20260713T000000Z trixie/main amd64 node-tape all 5.6.1+~cs8.20.19-3 [71.0 kB]
#6 16.23 Get:321 http://snapshot.debian.org/archive/debian/20260713T000000Z trixie/main amd64 node-deep-equal all 2.2.3+~cs43.15.94-1 [131 kB]
#6 16.24 Get:322 http://snapshot.debian.org/archive/debian/20260713T000000Z trixie/main amd64 libjs-util all 0.12.5+~1.0.10-1 [16.0 kB]
#6 16.24 Get:323 http://snapshot.debian.org/archive/debian/20260713T000000Z trixie/main amd64 libjsoncpp-dev amd64 1.9.6-3 [25.0 kB]
#6 16.24 Get:324 http://snapshot.debian.org/archive/debian/20260713T000000Z trixie/main amd64 libmbedcrypto16 amd64 3.6.5-0.1~deb13u1 [361 kB]
#6 16.26 Get:325 http://snapshot.debian.org/archive/debian/20260713T000000Z trixie/main amd64 libmbedx509-7 amd64 3.6.5-0.1~deb13u1 [152 kB]
#6 16.27 Get:326 http://snapshot.debian.org/archive/debian/20260713T000000Z trixie/main amd64 libmbedtls21 amd64 3.6.5-0.1~deb13u1 [243 kB]
#6 16.29 Get:327 http://snapshot.debian.org/archive/debian/20260713T000000Z trixie/main amd64 libmbedtls-dev amd64 3.6.5-0.1~deb13u1 [837 kB]
#6 16.36 Get:328 http://snapshot.debian.org/archive/debian/20260713T000000Z trixie/main amd64 libmnl0 amd64 1.0.5-3 [11.9 kB]
#6 16.36 Get:329 http://snapshot.debian.org/archive/debian/20260713T000000Z trixie/main amd64 libncurses6 amd64 6.5+20250216-2 [105 kB]
#6 16.36 Get:330 http://snapshot.debian.org/archive/debian/20260713T000000Z trixie/main amd64 libncurses-dev amd64 6.5+20250216-2 [353 kB]
#6 16.39 Get:331 http://snapshot.debian.org/archive/debian/20260713T000000Z trixie/main amd64 libnfnetlink0 amd64 1.0.2-3 [14.4 kB]
#6 16.39 Get:332 http://snapshot.debian.org/archive/debian/20260713T000000Z trixie/main amd64 libnetfilter-queue1 amd64 1.0.5-4+b1 [14.7 kB]
#6 16.39 Get:333 http://snapshot.debian.org/archive/debian/20260713T000000Z trixie/main amd64 libnfnetlink-dev amd64 1.0.2-3 [7940 B]
#6 16.39 Get:334 http://snapshot.debian.org/archive/debian/20260713T000000Z trixie/main amd64 pkg-config amd64 1.8.1-4 [14.0 kB]
#6 16.39 Get:335 http://snapshot.debian.org/archive/debian/20260713T000000Z trixie/main amd64 libnetfilter-queue-dev amd64 1.0.5-4+b1 [18.2 kB]
#6 16.39 Get:336 http://snapshot.debian.org/archive/debian/20260713T000000Z trixie/main amd64 libssl-dev amd64 3.5.6-1~deb13u2 [2959 kB]
#6 16.60 Get:337 http://snapshot.debian.org/archive/debian/20260713T000000Z trixie/main amd64 libuv1-dev amd64 1.50.0-2 [189 kB]
#6 16.61 Get:338 http://snapshot.debian.org/archive/debian/20260713T000000Z trixie/main amd64 libnode-dev amd64 20.19.2+dfsg-1+deb13u2 [537 kB]
#6 16.65 Get:339 http://snapshot.debian.org/archive/debian/20260713T000000Z trixie/main amd64 zlib1g-dev amd64 1:1.3.dfsg+really1.3.1-1+b1 [920 kB]
#6 16.71 Get:340 http://snapshot.debian.org/archive/debian/20260713T000000Z trixie/main amd64 libprotobuf32t64 amd64 3.21.12-11+deb13u1 [981 kB]
#6 16.78 Get:341 http://snapshot.debian.org/archive/debian/20260713T000000Z trixie/main amd64 libprotobuf-lite32t64 amd64 3.21.12-11+deb13u1 [275 kB]
#6 16.80 Get:342 http://snapshot.debian.org/archive/debian/20260713T000000Z trixie/main amd64 libprotobuf-dev amd64 3.21.12-11+deb13u1 [1329 kB]
#6 16.90 Get:343 http://snapshot.debian.org/archive/debian/20260713T000000Z trixie/main amd64 libprotoc32t64 amd64 3.21.12-11+deb13u1 [922 kB]
#6 16.96 Get:344 http://snapshot.debian.org/archive/debian/20260713T000000Z trixie/main amd64 libreadline-dev amd64 8.2-6 [153 kB]
#6 16.96 Get:345 http://snapshot.debian.org/archive/debian/20260713T000000Z trixie/main amd64 node-agent-base all 7.1.1~0~2024040606-6+deb13u1 [11.6 kB]
#6 16.96 Get:346 http://snapshot.debian.org/archive/debian/20260713T000000Z trixie/main amd64 node-ajv-keywords all 5.1.0-4 [32.3 kB]
#6 16.96 Get:347 http://snapshot.debian.org/archive/debian/20260713T000000Z trixie/main amd64 node-ansi-escapes all 5.0.0+really.4.3.1-1 [8896 B]
#6 16.97 Get:348 http://snapshot.debian.org/archive/debian/20260713T000000Z trixie/main amd64 node-aproba all 2.0.0-3 [5844 B]
#6 16.97 Get:349 http://snapshot.debian.org/archive/debian/20260713T000000Z trixie/main amd64 node-delegates all 1.0.0-3 [4528 B]
#6 16.97 Get:350 http://snapshot.debian.org/archive/debian/20260713T000000Z trixie/main amd64 node-are-we-there-yet all 3.0.1+~1.1.0-1 [10.0 kB]
#6 16.97 Get:351 http://snapshot.debian.org/archive/debian/20260713T000000Z trixie/main amd64 node-async-each all 1.0.3-3 [4292 B]
#6 16.97 Get:352 http://snapshot.debian.org/archive/debian/20260713T000000Z trixie/main amd64 node-babel-plugin-lodash all 3.3.4+~cs2.0.1-7 [11.0 kB]
#6 16.97 Get:353 http://snapshot.debian.org/archive/debian/20260713T000000Z trixie/main amd64 node-base64-js all 1.5.1+dfsg+~1.3.0-2 [7140 B]
#6 16.98 Get:354 http://snapshot.debian.org/archive/debian/20260713T000000Z trixie/main amd64 node-binary-extensions all 2.2.0-2 [4408 B]
#6 16.98 Get:355 http://snapshot.debian.org/archive/debian/20260713T000000Z trixie/main amd64 node-builtins all 5.0.1-1 [4072 B]
#6 16.98 Get:356 http://snapshot.debian.org/archive/debian/20260713T000000Z trixie/main amd64 node-chownr all 2.0.0-3 [4312 B]
#6 16.98 Get:357 http://snapshot.debian.org/archive/debian/20260713T000000Z trixie/main amd64 node-iconv-lite all 0.6.3-3 [115 kB]
#6 16.99 Get:358 http://snapshot.debian.org/archive/debian/20260713T000000Z trixie/main amd64 node-encoding all 0.1.13-2 [4400 B]
#6 16.99 Get:359 http://snapshot.debian.org/archive/debian/20260713T000000Z trixie/main amd64 node-jsonparse all 1.3.1-10 [8020 B]
#6 16.99 Get:360 http://snapshot.debian.org/archive/debian/20260713T000000Z trixie/main amd64 node-yallist all 4.0.0+~4.0.1-1 [8172 B]
#6 16.99 Get:361 http://snapshot.debian.org/archive/debian/20260713T000000Z trixie/main amd64 node-minipass all 5.0.0+~cs10.3.21-3 [46.9 kB]
#6 17.00 Get:362 http://snapshot.debian.org/archive/debian/20260713T000000Z trixie/main amd64 node-iferr all 1.0.2+~1.0.2-1 [4588 B]
#6 17.00 Get:363 http://snapshot.debian.org/archive/debian/20260713T000000Z trixie/main amd64 node-fs-write-stream-atomic all 1.0.10-6 [5316 B]
#6 17.00 Get:364 http://snapshot.debian.org/archive/debian/20260713T000000Z trixie/main amd64 node-run-queue all 2.0.0-3 [5156 B]
#6 17.00 Get:365 http://snapshot.debian.org/archive/debian/20260713T000000Z trixie/main amd64 node-copy-concurrently all 1.0.5-9 [7100 B]
#6 17.00 Get:366 http://snapshot.debian.org/archive/debian/20260713T000000Z trixie/main amd64 node-move-concurrently all 1.0.1-5 [5152 B]
#6 17.00 Get:367 http://snapshot.debian.org/archive/debian/20260713T000000Z trixie/main amd64 node-promise-inflight all 1.0.1+~1.0.0-1 [4864 B]
#6 17.01 Get:368 http://snapshot.debian.org/archive/debian/20260713T000000Z trixie/main amd64 node-ssri all 9.0.1-3 [18.1 kB]
#6 17.01 Get:369 http://snapshot.debian.org/archive/debian/20260713T000000Z trixie/main amd64 node-unique-filename all 1.1.1+ds-2 [4032 B]
#6 17.01 Get:370 http://snapshot.debian.org/archive/debian/20260713T000000Z trixie/main amd64 node-cacache all 17.0.3+~cs10.3.7-2 [45.2 kB]
#6 17.01 Get:371 http://snapshot.debian.org/archive/debian/20260713T000000Z trixie/main amd64 node-is-binary-path all 2.1.0-5 [3684 B]
#6 17.01 Get:372 http://snapshot.debian.org/archive/debian/20260713T000000Z trixie/main amd64 node-path-is-absolute all 2.0.0-2 [4068 B]
#6 17.01 Get:373 http://snapshot.debian.org/archive/debian/20260713T000000Z trixie/main amd64 node-set-immediate-shim all 2.0.0-2 [3740 B]
#6 17.01 Get:374 http://snapshot.debian.org/archive/debian/20260713T000000Z trixie/main amd64 node-readdirp all 3.6.0-1 [11.5 kB]
#6 17.03 Get:375 http://snapshot.debian.org/archive/debian/20260713T000000Z trixie/main amd64 node-chokidar all 3.6.0-3 [32.4 kB]
#6 17.03 Get:376 http://snapshot.debian.org/archive/debian/20260713T000000Z trixie/main amd64 node-tslib all 2.4.1-1 [19.5 kB]
#6 17.03 Get:377 http://snapshot.debian.org/archive/debian/20260713T000000Z trixie/main amd64 node-chrome-trace-event all 1.0.3-2 [6984 B]
#6 17.03 Get:378 http://snapshot.debian.org/archive/debian/20260713T000000Z trixie/main amd64 node-ci-info all 4.0.0+~cs1.1.0-1 [12.5 kB]
#6 17.03 Get:379 http://snapshot.debian.org/archive/debian/20260713T000000Z trixie/main amd64 node-colors all 1.4.0-4 [11.9 kB]
#6 17.04 Get:380 http://snapshot.debian.org/archive/debian/20260713T000000Z trixie/main amd64 node-cli-table all 0.3.11+~cs0.13.4-3 [23.6 kB]
#6 17.04 Get:381 http://snapshot.debian.org/archive/debian/20260713T000000Z trixie/main amd64 node-columnify all 1.6.0+~1.5.1-1 [12.4 kB]
#6 17.04 Get:382 http://snapshot.debian.org/archive/debian/20260713T000000Z trixie/main amd64 node-console-control-strings all 1.1.0-3 [5564 B]
#6 17.04 Get:383 http://snapshot.debian.org/archive/debian/20260713T000000Z trixie/main amd64 node-css-selector-tokenizer all 0.8.0+~cs4.8.3-1 [13.0 kB]
#6 17.04 Get:384 http://snapshot.debian.org/archive/debian/20260713T000000Z trixie/main amd64 node-postcss all 8.4.49+~cs9.2.32-1 [189 kB]
#6 17.06 Get:385 http://snapshot.debian.org/archive/debian/20260713T000000Z trixie/main amd64 node-icss-utils all 5.1.0+~5.1.0-1 [7564 B]
#6 17.06 Get:386 http://snapshot.debian.org/archive/debian/20260713T000000Z trixie/main amd64 node-postcss-modules-extract-imports all 3.0.0-2 [6584 B]
#6 17.06 Get:387 http://snapshot.debian.org/archive/debian/20260713T000000Z trixie/main amd64 node-postcss-modules-values all 4.0.0+~4.0.0-1 [7180 B]
#6 17.06 Get:388 http://snapshot.debian.org/archive/debian/20260713T000000Z trixie/main amd64 node-postcss-value-parser all 4.2.0-1 [10.4 kB]
#6 17.06 Get:389 http://snapshot.debian.org/archive/debian/20260713T000000Z trixie/main amd64 node-prr all 1.0.1-3 [4352 B]
#6 17.06 Get:390 http://snapshot.debian.org/archive/debian/20260713T000000Z trixie/main amd64 node-errno all 1.0.0-3 [7736 B]
#6 17.06 Get:391 http://snapshot.debian.org/archive/debian/20260713T000000Z trixie/main amd64 node-memory-fs all 0.5.0+~0.3.3-2 [7676 B]
#6 17.06 Get:392 http://snapshot.debian.org/archive/debian/20260713T000000Z trixie/main amd64 node-tapable all 2.2.1-3 [13.5 kB]
#6 17.06 Get:393 http://snapshot.debian.org/archive/debian/20260713T000000Z trixie/main amd64 node-enhanced-resolve all 5.15.0-1 [36.4 kB]
#6 17.07 Get:394 http://snapshot.debian.org/archive/debian/20260713T000000Z trixie/main amd64 node-es-module-lexer all 1.1.0+dfsg-3 [19.8 kB]
#6 17.07 Get:395 http://snapshot.debian.org/archive/debian/20260713T000000Z trixie/main amd64 node-events all 3.3.0+~3.0.0-3 [5888 B]
#6 17.07 Get:396 http://snapshot.debian.org/archive/debian/20260713T000000Z trixie/main amd64 node-resolve-cwd all 3.0.0-2 [4212 B]
#6 17.08 Get:397 http://snapshot.debian.org/archive/debian/20260713T000000Z trixie/main amd64 node-jest-debbundle all 29.6.2~ds1+~cs73.45.28-5 [135 kB]
#6 17.08 Get:398 http://snapshot.debian.org/archive/debian/20260713T000000Z trixie/main amd64 node-interpret all 2.2.0-3 [7660 B]
#6 17.09 Get:399 http://snapshot.debian.org/archive/debian/20260713T000000Z trixie/main amd64 node-merge-stream all 2.0.0+~1.1.2-2 [5124 B]
#6 17.09 Get:400 http://snapshot.debian.org/archive/debian/20260713T000000Z trixie/main amd64 node-jest-worker all 29.6.2~ds1+~cs73.45.28-5 [116 kB]
#6 17.09 Get:401 http://snapshot.debian.org/archive/debian/20260713T000000Z trixie/main amd64 node-loader-runner all 4.3.0-1 [7644 B]
#6 17.10 Get:402 http://snapshot.debian.org/archive/debian/20260713T000000Z trixie/main amd64 node-mime all 3.0.0+dfsg+~cs6.97.2-2 [40.3 kB]
#6 17.10 Get:403 http://snapshot.debian.org/archive/debian/20260713T000000Z trixie/main amd64 node-mime-types all 2.1.35-2 [8752 B]
#6 17.10 Get:404 http://snapshot.debian.org/archive/debian/20260713T000000Z trixie/main amd64 node-rechoir all 0.8.0+~0.6.1-2 [6628 B]
#6 17.10 Get:405 http://snapshot.debian.org/archive/debian/20260713T000000Z trixie/main amd64 node-schema-utils all 4.2.0~ds-3 [22.0 kB]
#6 17.10 Get:406 http://snapshot.debian.org/archive/debian/20260713T000000Z trixie/main amd64 node-randombytes all 2.1.0+~2.0.0-2 [4852 B]
#6 17.11 Get:407 http://snapshot.debian.org/archive/debian/20260713T000000Z trixie/main amd64 node-serialize-javascript all 6.0.2-1 [13.0 kB]
#6 17.11 Get:408 http://snapshot.debian.org/archive/debian/20260713T000000Z trixie/main amd64 node-watchpack all 2.4.0+~cs2.8.1-1 [20.2 kB]
#6 17.11 Get:409 http://snapshot.debian.org/archive/debian/20260713T000000Z trixie/main amd64 node-webassemblyjs all 1.11.4+dfsg+~cs10.11.17-2 [139 kB]
#6 17.12 Get:410 http://snapshot.debian.org/archive/debian/20260713T000000Z trixie/main amd64 node-source-list-map all 2.0.1+dfsg+~0.1.2-1 [10.1 kB]
#6 17.12 Get:411 http://snapshot.debian.org/archive/debian/20260713T000000Z trixie/main amd64 node-webpack-sources all 3.2.3+~3.2.0-2 [23.2 kB]
#6 17.12 Get:412 http://snapshot.debian.org/archive/debian/20260713T000000Z trixie/main amd64 node-terser all 5.38.0-1 [220 kB]
#6 17.14 Get:413 http://snapshot.debian.org/archive/debian/20260713T000000Z trixie/main amd64 terser all 5.38.0-1 [19.4 kB]
#6 17.14 Get:414 http://snapshot.debian.org/archive/debian/20260713T000000Z trixie/main amd64 node-get-stream all 8.0.1-11 [11.6 kB]
#6 17.14 Get:415 http://snapshot.debian.org/archive/debian/20260713T000000Z trixie/main amd64 node-mimic-fn all 4.0.0-5 [5492 B]
#6 17.14 Get:416 http://snapshot.debian.org/archive/debian/20260713T000000Z trixie/main amd64 node-strip-eof all 3.0.0-5 [4656 B]
#6 17.14 Get:417 http://snapshot.debian.org/archive/debian/20260713T000000Z trixie/main amd64 node-execa all 8.0.1+dfsg1+~cs12.0.0-1 [43.9 kB]
#6 17.15 Get:418 http://snapshot.debian.org/archive/debian/20260713T000000Z trixie/main amd64 node-envinfo all 7.11.0+~cs14.3.0-3 [32.6 kB]
#6 17.15 Get:419 http://snapshot.debian.org/archive/debian/20260713T000000Z trixie/main amd64 webpack all 5.97.1+dfsg1+~cs11.18.27-3 [810 kB]
#6 17.22 Get:420 http://snapshot.debian.org/archive/debian/20260713T000000Z trixie/main amd64 node-css-loader all 6.8.1+~cs14.0.17-1 [74.5 kB]
#6 17.22 Get:421 http://snapshot.debian.org/archive/debian/20260713T000000Z trixie/main amd64 node-data-uri-to-buffer all 6.0.2~0~2024040606-6+deb13u1 [9180 B]
#6 17.22 Get:422 http://snapshot.debian.org/archive/debian/20260713T000000Z trixie/main amd64 node-mimic-response all 3.1.0-9 [5424 B]
#6 17.22 Get:423 http://snapshot.debian.org/archive/debian/20260713T000000Z trixie/main amd64 node-decompress-response all 6.0.0-3 [4656 B]
#6 17.23 Get:424 http://snapshot.debian.org/archive/debian/20260713T000000Z trixie/main amd64 node-depd all 2.0.0-2 [11.2 kB]
#6 17.23 Get:425 http://snapshot.debian.org/archive/debian/20260713T000000Z trixie/main amd64 node-diff all 5.0.0~dfsg+~5.0.1-4 [69.7 kB]
#6 17.23 Get:426 http://snapshot.debian.org/archive/debian/20260713T000000Z trixie/main amd64 node-err-code all 2.0.3+dfsg-3 [4884 B]
#6 17.23 Get:427 http://snapshot.debian.org/archive/debian/20260713T000000Z trixie/main amd64 node-time-stamp all 2.2.0-2 [6016 B]
#6 17.23 Get:428 http://snapshot.debian.org/archive/debian/20260713T000000Z trixie/main amd64 node-fancy-log all 1.3.3+~cs1.3.1-2 [7940 B]
#6 17.23 Get:429 http://snapshot.debian.org/archive/debian/20260713T000000Z trixie/main amd64 node-fetch all 3.3.2+~cs11.4.11-3 [213 kB]
#6 17.25 Get:430 http://snapshot.debian.org/archive/debian/20260713T000000Z trixie/main amd64 node-has-unicode all 2.0.1-5 [3992 B]
#6 17.25 Get:431 http://snapshot.debian.org/archive/debian/20260713T000000Z trixie/main amd64 node-wide-align all 1.1.3-4 [4244 B]
#6 17.25 Get:432 http://snapshot.debian.org/archive/debian/20260713T000000Z trixie/main amd64 node-gauge all 4.0.4-2 [19.7 kB]
#6 17.25 Get:433 http://snapshot.debian.org/archive/debian/20260713T000000Z trixie/main amd64 node-lowercase-keys all 2.0.0-2 [3768 B]
#6 17.25 Get:434 http://snapshot.debian.org/archive/debian/20260713T000000Z trixie/main amd64 node-json-buffer all 3.0.1+~3.0.0-1 [4536 B]
#6 17.25 Get:435 http://snapshot.debian.org/archive/debian/20260713T000000Z trixie/main amd64 node-p-cancelable all 2.1.1-1 [7272 B]
#6 17.25 Get:436 http://snapshot.debian.org/archive/debian/20260713T000000Z trixie/main amd64 node-got all 11.8.5+~cs58.13.36-5 [121 kB]
#6 17.26 Get:437 http://snapshot.debian.org/archive/debian/20260713T000000Z trixie/main amd64 node-https-proxy-agent all 7.0.4~0~2024040606-6+deb13u1 [13.7 kB]
#6 17.26 Get:438 http://snapshot.debian.org/archive/debian/20260713T000000Z trixie/main amd64 node-set-blocking all 2.0.0-2 [4248 B]
#6 17.26 Get:439 http://snapshot.debian.org/archive/debian/20260713T000000Z trixie/main amd64 node-npmlog all 7.0.1+~4.1.4-1 [11.4 kB]
#6 17.26 Get:440 http://snapshot.debian.org/archive/debian/20260713T000000Z trixie/main amd64 node-osenv all 0.1.5+~0.1.1-1 [5884 B]
#6 17.27 Get:441 http://snapshot.debian.org/archive/debian/20260713T000000Z trixie/main amd64 node-tar all 6.2.1+~cs7.0.8-1+deb13u1 [52.7 kB]
#6 17.27 Get:442 http://snapshot.debian.org/archive/debian/20260713T000000Z trixie/main amd64 node-gyp all 11.1.0+~5.0.0-1 [67.6 kB]
#6 17.27 Get:443 http://snapshot.debian.org/archive/debian/20260713T000000Z trixie/main amd64 node-http-proxy-agent all 7.0.2~0~2024040606-6+deb13u1 [10.8 kB]
#6 17.27 Get:444 http://snapshot.debian.org/archive/debian/20260713T000000Z trixie/main amd64 node-ieee754 all 1.2.1-3 [5268 B]
#6 17.27 Get:445 http://snapshot.debian.org/archive/debian/20260713T000000Z trixie/main amd64 node-ini all 3.0.1-2 [6928 B]
#6 17.27 Get:446 http://snapshot.debian.org/archive/debian/20260713T000000Z trixie/main amd64 node-ip all 2.0.1+~1.1.3-3 [8616 B]
#6 17.27 Get:447 http://snapshot.debian.org/archive/debian/20260713T000000Z trixie/main amd64 node-ip-regex all 4.3.0+~4.1.1-1 [5188 B]
#6 17.28 Get:448 http://snapshot.debian.org/archive/debian/20260713T000000Z trixie/main amd64 node-mute-stream all 0.0.8+~0.0.1-3 [6232 B]
#6 17.28 Get:449 http://snapshot.debian.org/archive/debian/20260713T000000Z trixie/main amd64 node-negotiator all 0.6.3+~0.6.1-1 [10.8 kB]
#6 17.28 Get:450 http://snapshot.debian.org/archive/debian/20260713T000000Z trixie/main amd64 node-read-package-json all 5.0.2+~2.0.0-2 [11.6 kB]
#6 17.28 Get:451 http://snapshot.debian.org/archive/debian/20260713T000000Z trixie/main amd64 node-npm-bundled all 2.0.1-2 [6408 B]
#6 17.29 Get:452 http://snapshot.debian.org/archive/debian/20260713T000000Z trixie/main amd64 node-validate-npm-package-name all 5.0.0+~4.0.0-1 [7444 B]
#6 17.29 Get:453 http://snapshot.debian.org/archive/debian/20260713T000000Z trixie/main amd64 node-npm-package-arg all 10.0.0+~3.0.0-2 [11.4 kB]
#6 17.30 Get:454 http://snapshot.debian.org/archive/debian/20260713T000000Z trixie/main amd64 node-retry all 0.13.1.+~cs2.19.16-1 [14.2 kB]
#6 17.30 Get:455 http://snapshot.debian.org/archive/debian/20260713T000000Z trixie/main amd64 node-promise-retry all 2.0.1-4 [5016 B]
#6 17.30 Get:456 http://snapshot.debian.org/archive/debian/20260713T000000Z trixie/main amd64 node-read all 1.0.7-5 [5388 B]
#6 17.30 Get:457 http://snapshot.debian.org/archive/debian/20260713T000000Z trixie/main amd64 node-promzard all 0.3.0-2 [6788 B]
#6 17.30 Get:458 http://snapshot.debian.org/archive/debian/20260713T000000Z trixie/main amd64 node-text-table all 0.2.0-4 [4736 B]
#6 17.30 Get:459 http://snapshot.debian.org/archive/debian/20260713T000000Z trixie/main amd64 npm all 9.2.0~ds1-3 [669 kB]
#6 17.34 Get:460 http://snapshot.debian.org/archive/debian/20260713T000000Z trixie/main amd64 protobuf-compiler amd64 3.21.12-11+deb13u1 [85.0 kB]
#6 23.17 Fetched 141 MB in 13s (10.9 MB/s)
#6 23.19 Selecting previously unselected package libpython3.13-minimal:amd64.
#6 23.19 (Reading database ... 
(Reading database ... 5%
(Reading database ... 10%
(Reading database ... 15%
(Reading database ... 20%
(Reading database ... 25%
(Reading database ... 30%
(Reading database ... 35%
(Reading database ... 40%
(Reading database ... 45%
(Reading database ... 50%
(Reading database ... 55%
(Reading database ... 60%
(Reading database ... 65%
(Reading database ... 70%
(Reading database ... 75%
(Reading database ... 80%
(Reading database ... 85%
(Reading database ... 90%
(Reading database ... 95%
(Reading database ... 100%
(Reading database ... 13748 files and directories currently installed.)
#6 23.23 Preparing to unpack .../libpython3.13-minimal_3.13.5-2+deb13u3_amd64.deb ...
#6 23.24 Unpacking libpython3.13-minimal:amd64 (3.13.5-2+deb13u3) ...
#6 23.31 Selecting previously unselected package python3.13-minimal.
#6 23.31 Preparing to unpack .../python3.13-minimal_3.13.5-2+deb13u3_amd64.deb ...
#6 23.32 Unpacking python3.13-minimal (3.13.5-2+deb13u3) ...
#6 23.41 Setting up libpython3.13-minimal:amd64 (3.13.5-2+deb13u3) ...
#6 23.42 Setting up python3.13-minimal (3.13.5-2+deb13u3) ...
#6 23.89 Selecting previously unselected package python3-minimal.
#6 23.89 (Reading database ... 
(Reading database ... 5%
(Reading database ... 10%
(Reading database ... 15%
(Reading database ... 20%
(Reading database ... 25%
(Reading database ... 30%
(Reading database ... 35%
(Reading database ... 40%
(Reading database ... 45%
(Reading database ... 50%
(Reading database ... 55%
(Reading database ... 60%
(Reading database ... 65%
(Reading database ... 70%
(Reading database ... 75%
(Reading database ... 80%
(Reading database ... 85%
(Reading database ... 90%
(Reading database ... 95%
(Reading database ... 100%
(Reading database ... 14073 files and directories currently installed.)
#6 23.89 Preparing to unpack .../0-python3-minimal_3.13.5-1_amd64.deb ...
#6 23.90 Unpacking python3-minimal (3.13.5-1) ...
#6 23.92 Selecting previously unselected package media-types.
#6 23.92 Preparing to unpack .../1-media-types_13.0.0_all.deb ...
#6 23.92 Unpacking media-types (13.0.0) ...
#6 23.95 Selecting previously unselected package netbase.
#6 23.95 Preparing to unpack .../2-netbase_6.5_all.deb ...
#6 23.95 Unpacking netbase (6.5) ...
#6 23.97 Selecting previously unselected package readline-common.
#6 23.97 Preparing to unpack .../3-readline-common_8.2-6_all.deb ...
#6 23.98 Unpacking readline-common (8.2-6) ...
#6 24.01 Selecting previously unselected package libreadline8t64:amd64.
#6 24.01 Preparing to unpack .../4-libreadline8t64_8.2-6_amd64.deb ...
#6 24.01 Adding 'diversion of /lib/x86_64-linux-gnu/libhistory.so.8 to /lib/x86_64-linux-gnu/libhistory.so.8.usr-is-merged by libreadline8t64'
#6 24.02 Adding 'diversion of /lib/x86_64-linux-gnu/libhistory.so.8.2 to /lib/x86_64-linux-gnu/libhistory.so.8.2.usr-is-merged by libreadline8t64'
#6 24.02 Adding 'diversion of /lib/x86_64-linux-gnu/libreadline.so.8 to /lib/x86_64-linux-gnu/libreadline.so.8.usr-is-merged by libreadline8t64'
#6 24.03 Adding 'diversion of /lib/x86_64-linux-gnu/libreadline.so.8.2 to /lib/x86_64-linux-gnu/libreadline.so.8.2.usr-is-merged by libreadline8t64'
#6 24.03 Unpacking libreadline8t64:amd64 (8.2-6) ...
#6 24.06 Selecting previously unselected package libpython3.13-stdlib:amd64.
#6 24.06 Preparing to unpack .../5-libpython3.13-stdlib_3.13.5-2+deb13u3_amd64.deb ...
#6 24.06 Unpacking libpython3.13-stdlib:amd64 (3.13.5-2+deb13u3) ...
#6 24.16 Selecting previously unselected package python3.13.
#6 24.16 Preparing to unpack .../6-python3.13_3.13.5-2+deb13u3_amd64.deb ...
#6 24.17 Unpacking python3.13 (3.13.5-2+deb13u3) ...
#6 24.19 Selecting previously unselected package libpython3-stdlib:amd64.
#6 24.19 Preparing to unpack .../7-libpython3-stdlib_3.13.5-1_amd64.deb ...
#6 24.19 Unpacking libpython3-stdlib:amd64 (3.13.5-1) ...
#6 24.22 Setting up python3-minimal (3.13.5-1) ...
#6 24.40 Selecting previously unselected package python3.
#6 24.40 (Reading database ... 
(Reading database ... 5%
(Reading database ... 10%
(Reading database ... 15%
(Reading database ... 20%
(Reading database ... 25%
(Reading database ... 30%
(Reading database ... 35%
(Reading database ... 40%
(Reading database ... 45%
(Reading database ... 50%
(Reading database ... 55%
(Reading database ... 60%
(Reading database ... 65%
(Reading database ... 70%
(Reading database ... 75%
(Reading database ... 80%
(Reading database ... 85%
(Reading database ... 90%
(Reading database ... 95%
(Reading database ... 100%
(Reading database ... 14566 files and directories currently installed.)
#6 24.41 Preparing to unpack .../000-python3_3.13.5-1_amd64.deb ...
#6 24.42 Unpacking python3 (3.13.5-1) ...
#6 24.44 Selecting previously unselected package bzip2.
#6 24.44 Preparing to unpack .../001-bzip2_1.0.8-6_amd64.deb ...
#6 24.44 Unpacking bzip2 (1.0.8-6) ...
#6 24.46 Selecting previously unselected package xz-utils.
#6 24.47 Preparing to unpack .../002-xz-utils_5.8.1-1+deb13u1_amd64.deb ...
#6 24.47 Unpacking xz-utils (5.8.1-1+deb13u1) ...
#6 24.50 Selecting previously unselected package libsframe1:amd64.
#6 24.50 Preparing to unpack .../003-libsframe1_2.44-3_amd64.deb ...
#6 24.51 Unpacking libsframe1:amd64 (2.44-3) ...
#6 24.53 Selecting previously unselected package binutils-common:amd64.
#6 24.53 Preparing to unpack .../004-binutils-common_2.44-3_amd64.deb ...
#6 24.53 Unpacking binutils-common:amd64 (2.44-3) ...
#6 24.62 Selecting previously unselected package libbinutils:amd64.
#6 24.63 Preparing to unpack .../005-libbinutils_2.44-3_amd64.deb ...
#6 24.63 Unpacking libbinutils:amd64 (2.44-3) ...
#6 24.67 Selecting previously unselected package libgprofng0:amd64.
#6 24.67 Preparing to unpack .../006-libgprofng0_2.44-3_amd64.deb ...
#6 24.67 Unpacking libgprofng0:amd64 (2.44-3) ...
#6 24.72 Selecting previously unselected package libctf-nobfd0:amd64.
#6 24.72 Preparing to unpack .../007-libctf-nobfd0_2.44-3_amd64.deb ...
#6 24.73 Unpacking libctf-nobfd0:amd64 (2.44-3) ...
#6 24.75 Selecting previously unselected package libctf0:amd64.
#6 24.75 Preparing to unpack .../008-libctf0_2.44-3_amd64.deb ...
#6 24.76 Unpacking libctf0:amd64 (2.44-3) ...
#6 24.78 Selecting previously unselected package libjansson4:amd64.
#6 24.78 Preparing to unpack .../009-libjansson4_2.14-2+b3_amd64.deb ...
#6 24.79 Unpacking libjansson4:amd64 (2.14-2+b3) ...
#6 24.81 Selecting previously unselected package binutils-x86-64-linux-gnu.
#6 24.81 Preparing to unpack .../010-binutils-x86-64-linux-gnu_2.44-3_amd64.deb ...
#6 24.81 Unpacking binutils-x86-64-linux-gnu (2.44-3) ...
#6 24.89 Selecting previously unselected package binutils.
#6 24.90 Preparing to unpack .../011-binutils_2.44-3_amd64.deb ...
#6 24.90 Unpacking binutils (2.44-3) ...
#6 24.93 Selecting previously unselected package libc-dev-bin.
#6 24.93 Preparing to unpack .../012-libc-dev-bin_2.41-12+deb13u3_amd64.deb ...
#6 24.93 Unpacking libc-dev-bin (2.41-12+deb13u3) ...
#6 24.95 Selecting previously unselected package linux-libc-dev.
#6 24.95 Preparing to unpack .../013-linux-libc-dev_6.12.95-1_all.deb ...
#6 24.96 Unpacking linux-libc-dev (6.12.95-1) ...
#6 25.24 Selecting previously unselected package libcrypt-dev:amd64.
#6 25.25 Preparing to unpack .../014-libcrypt-dev_1%3a4.4.38-1_amd64.deb ...
#6 25.25 Unpacking libcrypt-dev:amd64 (1:4.4.38-1) ...
#6 25.28 Selecting previously unselected package rpcsvc-proto.
#6 25.28 Preparing to unpack .../015-rpcsvc-proto_1.4.3-1_amd64.deb ...
#6 25.28 Unpacking rpcsvc-proto (1.4.3-1) ...
#6 25.31 Selecting previously unselected package libc6-dev:amd64.
#6 25.31 Preparing to unpack .../016-libc6-dev_2.41-12+deb13u3_amd64.deb ...
#6 25.31 Unpacking libc6-dev:amd64 (2.41-12+deb13u3) ...
#6 25.43 Selecting previously unselected package libisl23:amd64.
#6 25.43 Preparing to unpack .../017-libisl23_0.27-1_amd64.deb ...
#6 25.43 Unpacking libisl23:amd64 (0.27-1) ...
#6 25.48 Selecting previously unselected package libmpfr6:amd64.
#6 25.48 Preparing to unpack .../018-libmpfr6_4.2.2-1_amd64.deb ...
#6 25.48 Unpacking libmpfr6:amd64 (4.2.2-1) ...
#6 25.52 Selecting previously unselected package libmpc3:amd64.
#6 25.52 Preparing to unpack .../019-libmpc3_1.3.1-1+b3_amd64.deb ...
#6 25.52 Unpacking libmpc3:amd64 (1.3.1-1+b3) ...
#6 25.54 Selecting previously unselected package cpp-14-x86-64-linux-gnu.
#6 25.54 Preparing to unpack .../020-cpp-14-x86-64-linux-gnu_14.2.0-19_amd64.deb ...
#6 25.55 Unpacking cpp-14-x86-64-linux-gnu (14.2.0-19) ...
#6 25.82 Selecting previously unselected package cpp-14.
#6 25.82 Preparing to unpack .../021-cpp-14_14.2.0-19_amd64.deb ...
#6 25.83 Unpacking cpp-14 (14.2.0-19) ...
#6 25.85 Selecting previously unselected package cpp-x86-64-linux-gnu.
#6 25.85 Preparing to unpack .../022-cpp-x86-64-linux-gnu_4%3a14.2.0-1_amd64.deb ...
#6 25.85 Unpacking cpp-x86-64-linux-gnu (4:14.2.0-1) ...
#6 25.88 Selecting previously unselected package cpp.
#6 25.88 Preparing to unpack .../023-cpp_4%3a14.2.0-1_amd64.deb ...
#6 25.89 Unpacking cpp (4:14.2.0-1) ...
#6 25.91 Selecting previously unselected package libcc1-0:amd64.
#6 25.91 Preparing to unpack .../024-libcc1-0_14.2.0-19_amd64.deb ...
#6 25.92 Unpacking libcc1-0:amd64 (14.2.0-19) ...
#6 25.94 Selecting previously unselected package libgomp1:amd64.
#6 25.94 Preparing to unpack .../025-libgomp1_14.2.0-19_amd64.deb ...
#6 25.94 Unpacking libgomp1:amd64 (14.2.0-19) ...
#6 25.97 Selecting previously unselected package libitm1:amd64.
#6 25.97 Preparing to unpack .../026-libitm1_14.2.0-19_amd64.deb ...
#6 25.98 Unpacking libitm1:amd64 (14.2.0-19) ...
#6 26.00 Selecting previously unselected package libasan8:amd64.
#6 26.00 Preparing to unpack .../027-libasan8_14.2.0-19_amd64.deb ...
#6 26.00 Unpacking libasan8:amd64 (14.2.0-19) ...
#6 26.12 Selecting previously unselected package liblsan0:amd64.
#6 26.12 Preparing to unpack .../028-liblsan0_14.2.0-19_amd64.deb ...
#6 26.12 Unpacking liblsan0:amd64 (14.2.0-19) ...
#6 26.19 Selecting previously unselected package libtsan2:amd64.
#6 26.19 Preparing to unpack .../029-libtsan2_14.2.0-19_amd64.deb ...
#6 26.19 Unpacking libtsan2:amd64 (14.2.0-19) ...
#6 26.29 Selecting previously unselected package libubsan1:amd64.
#6 26.29 Preparing to unpack .../030-libubsan1_14.2.0-19_amd64.deb ...
#6 26.29 Unpacking libubsan1:amd64 (14.2.0-19) ...
#6 26.35 Selecting previously unselected package libhwasan0:amd64.
#6 26.35 Preparing to unpack .../031-libhwasan0_14.2.0-19_amd64.deb ...
#6 26.35 Unpacking libhwasan0:amd64 (14.2.0-19) ...
#6 26.42 Selecting previously unselected package libquadmath0:amd64.
#6 26.42 Preparing to unpack .../032-libquadmath0_14.2.0-19_amd64.deb ...
#6 26.42 Unpacking libquadmath0:amd64 (14.2.0-19) ...
#6 26.45 Selecting previously unselected package libgcc-14-dev:amd64.
#6 26.45 Preparing to unpack .../033-libgcc-14-dev_14.2.0-19_amd64.deb ...
#6 26.45 Unpacking libgcc-14-dev:amd64 (14.2.0-19) ...
#6 26.55 Selecting previously unselected package gcc-14-x86-64-linux-gnu.
#6 26.55 Preparing to unpack .../034-gcc-14-x86-64-linux-gnu_14.2.0-19_amd64.deb ...
#6 26.55 Unpacking gcc-14-x86-64-linux-gnu (14.2.0-19) ...
#6 26.92 Selecting previously unselected package gcc-14.
#6 26.93 Preparing to unpack .../035-gcc-14_14.2.0-19_amd64.deb ...
#6 26.93 Unpacking gcc-14 (14.2.0-19) ...
#6 26.95 Selecting previously unselected package gcc-x86-64-linux-gnu.
#6 26.96 Preparing to unpack .../036-gcc-x86-64-linux-gnu_4%3a14.2.0-1_amd64.deb ...
#6 26.96 Unpacking gcc-x86-64-linux-gnu (4:14.2.0-1) ...
#6 26.98 Selecting previously unselected package gcc.
#6 26.98 Preparing to unpack .../037-gcc_4%3a14.2.0-1_amd64.deb ...
#6 26.99 Unpacking gcc (4:14.2.0-1) ...
#6 27.01 Selecting previously unselected package libstdc++-14-dev:amd64.
#6 27.01 Preparing to unpack .../038-libstdc++-14-dev_14.2.0-19_amd64.deb ...
#6 27.01 Unpacking libstdc++-14-dev:amd64 (14.2.0-19) ...
#6 27.19 Selecting previously unselected package g++-14-x86-64-linux-gnu.
#6 27.19 Preparing to unpack .../039-g++-14-x86-64-linux-gnu_14.2.0-19_amd64.deb ...
#6 27.20 Unpacking g++-14-x86-64-linux-gnu (14.2.0-19) ...
#6 27.49 Selecting previously unselected package g++-14.
#6 27.49 Preparing to unpack .../040-g++-14_14.2.0-19_amd64.deb ...
#6 27.49 Unpacking g++-14 (14.2.0-19) ...
#6 27.51 Selecting previously unselected package g++-x86-64-linux-gnu.
#6 27.52 Preparing to unpack .../041-g++-x86-64-linux-gnu_4%3a14.2.0-1_amd64.deb ...
#6 27.52 Unpacking g++-x86-64-linux-gnu (4:14.2.0-1) ...
#6 27.54 Selecting previously unselected package g++.
#6 27.54 Preparing to unpack .../042-g++_4%3a14.2.0-1_amd64.deb ...
#6 27.55 Unpacking g++ (4:14.2.0-1) ...
#6 27.57 Selecting previously unselected package make.
#6 27.57 Preparing to unpack .../043-make_4.4.1-2_amd64.deb ...
#6 27.57 Unpacking make (4.4.1-2) ...
#6 27.61 Selecting previously unselected package libdpkg-perl.
#6 27.61 Preparing to unpack .../044-libdpkg-perl_1.22.22_all.deb ...
#6 27.61 Unpacking libdpkg-perl (1.22.22) ...
#6 27.66 Selecting previously unselected package patch.
#6 27.66 Preparing to unpack .../045-patch_2.8-2_amd64.deb ...
#6 27.66 Unpacking patch (2.8-2) ...
#6 27.69 Selecting previously unselected package dpkg-dev.
#6 27.69 Preparing to unpack .../046-dpkg-dev_1.22.22_all.deb ...
#6 27.69 Unpacking dpkg-dev (1.22.22) ...
#6 27.74 Selecting previously unselected package build-essential.
#6 27.74 Preparing to unpack .../047-build-essential_12.12_amd64.deb ...
#6 27.74 Unpacking build-essential (12.12) ...
#6 27.77 Selecting previously unselected package node-fast-deep-equal.
#6 27.77 Preparing to unpack .../048-node-fast-deep-equal_3.1.3-3_all.deb ...
#6 27.77 Unpacking node-fast-deep-equal (3.1.3-3) ...
#6 27.79 Selecting previously unselected package node-json-schema-traverse.
#6 27.79 Preparing to unpack .../049-node-json-schema-traverse_1.0.0-3_all.deb ...
#6 27.80 Unpacking node-json-schema-traverse (1.0.0-3) ...
#6 27.82 Selecting previously unselected package node-jsonify.
#6 27.82 Preparing to unpack .../050-node-jsonify_0.0.1-1_all.deb ...
#6 27.82 Unpacking node-jsonify (0.0.1-1) ...
#6 27.85 Selecting previously unselected package node-json-stable-stringify.
#6 27.85 Preparing to unpack .../051-node-json-stable-stringify_1.0.2+repack1+~cs1.0.34-2_all.deb ...
#6 27.85 Unpacking node-json-stable-stringify (1.0.2+repack1+~cs1.0.34-2) ...
#6 27.87 Selecting previously unselected package node-punycode.
#6 27.87 Preparing to unpack .../052-node-punycode_2.3.1+~2.1.4-1_all.deb ...
#6 27.88 Unpacking node-punycode (2.3.1+~2.1.4-1) ...
#6 27.90 Selecting previously unselected package node-uri-js.
#6 27.90 Preparing to unpack .../053-node-uri-js_4.4.0+dfsg-8_all.deb ...
#6 27.91 Unpacking node-uri-js (4.4.0+dfsg-8) ...
#6 27.94 Selecting previously unselected package libcares2:amd64.
#6 27.94 Preparing to unpack .../054-libcares2_1.34.5-1+deb13u1_amd64.deb ...
#6 27.94 Unpacking libcares2:amd64 (1.34.5-1+deb13u1) ...
#6 27.97 Selecting previously unselected package libicu76:amd64.
#6 27.97 Preparing to unpack .../055-libicu76_76.1-4_amd64.deb ...
#6 27.97 Unpacking libicu76:amd64 (76.1-4) ...
#6 28.25 Selecting previously unselected package node-xtend.
#6 28.25 Preparing to unpack .../056-node-xtend_4.0.2-3_all.deb ...
#6 28.25 Unpacking node-xtend (4.0.2-3) ...
#6 28.28 Selecting previously unselected package node-acorn.
#6 28.28 Preparing to unpack .../057-node-acorn_8.8.1+ds+~cs25.17.7-2_all.deb ...
#6 28.28 Unpacking node-acorn (8.8.1+ds+~cs25.17.7-2) ...
#6 28.33 Selecting previously unselected package node-cjs-module-lexer.
#6 28.33 Preparing to unpack .../058-node-cjs-module-lexer_1.2.3+dfsg-1_all.deb ...
#6 28.34 Unpacking node-cjs-module-lexer (1.2.3+dfsg-1) ...
#6 28.36 Selecting previously unselected package node-balanced-match.
#6 28.36 Preparing to unpack .../059-node-balanced-match_2.0.0-1_all.deb ...
#6 28.36 Unpacking node-balanced-match (2.0.0-1) ...
#6 28.38 Selecting previously unselected package node-brace-expansion.
#6 28.39 Preparing to unpack .../060-node-brace-expansion_2.0.1+~1.1.0-2_all.deb ...
#6 28.39 Unpacking node-brace-expansion (2.0.1+~1.1.0-2) ...
#6 28.41 Selecting previously unselected package node-minimatch.
#6 28.41 Preparing to unpack .../061-node-minimatch_9.0.3-6_all.deb ...
#6 28.42 Unpacking node-minimatch (9.0.3-6) ...
#6 28.45 Selecting previously unselected package node-undici.
#6 28.45 Preparing to unpack .../062-node-undici_7.3.0+dfsg1+~cs24.12.11-1_all.deb ...
#6 28.46 Unpacking node-undici (7.3.0+dfsg1+~cs24.12.11-1) ...
#6 28.52 Selecting previously unselected package libnode115:amd64.
#6 28.52 Preparing to unpack .../063-libnode115_20.19.2+dfsg-1+deb13u2_amd64.deb ...
#6 28.52 Unpacking libnode115:amd64 (20.19.2+dfsg-1+deb13u2) ...
#6 28.80 Selecting previously unselected package node-corepack.
#6 28.80 Preparing to unpack .../064-node-corepack_0.24.0-5_all.deb ...
#6 28.80 Unpacking node-corepack (0.24.0-5) ...
#6 28.85 Selecting previously unselected package nodejs.
#6 28.85 Preparing to unpack .../065-nodejs_20.19.2+dfsg-1+deb13u2_amd64.deb ...
#6 28.86 Unpacking nodejs (20.19.2+dfsg-1+deb13u2) ...
#6 28.90 Selecting previously unselected package node-ajv.
#6 28.90 Preparing to unpack .../066-node-ajv_8.12.0~ds+~2.1.1-5_all.deb ...
#6 28.90 Unpacking node-ajv (8.12.0~ds+~2.1.1-5) ...
#6 28.99 Selecting previously unselected package libjs-inherits.
#6 28.99 Preparing to unpack .../067-libjs-inherits_2.0.4-6_all.deb ...
#6 28.99 Unpacking libjs-inherits (2.0.4-6) ...
#6 29.02 Selecting previously unselected package node-inherits.
#6 29.02 Preparing to unpack .../068-node-inherits_2.0.4-6_all.deb ...
#6 29.02 Unpacking node-inherits (2.0.4-6) ...
#6 29.04 Selecting previously unselected package node-core-util-is.
#6 29.04 Preparing to unpack .../069-node-core-util-is_1.0.3-1_all.deb ...
#6 29.05 Unpacking node-core-util-is (1.0.3-1) ...
#6 29.07 Selecting previously unselected package node-safe-buffer.
#6 29.07 Preparing to unpack .../070-node-safe-buffer_5.2.1+~cs2.1.2-3_all.deb ...
#6 29.07 Unpacking node-safe-buffer (5.2.1+~cs2.1.2-3) ...
#6 29.10 Selecting previously unselected package node-string-decoder.
#6 29.10 Preparing to unpack .../071-node-string-decoder_1.3.0-6_all.deb ...
#6 29.10 Unpacking node-string-decoder (1.3.0-6) ...
#6 29.12 Selecting previously unselected package node-process-nextick-args.
#6 29.12 Preparing to unpack .../072-node-process-nextick-args_2.0.1-3_all.deb ...
#6 29.13 Unpacking node-process-nextick-args (2.0.1-3) ...
#6 29.15 Selecting previously unselected package node-util-deprecate.
#6 29.15 Preparing to unpack .../073-node-util-deprecate_1.0.2-3_all.deb ...
#6 29.15 Unpacking node-util-deprecate (1.0.2-3) ...
#6 29.17 Selecting previously unselected package node-isarray.
#6 29.18 Preparing to unpack .../074-node-isarray_2.0.5-4_all.deb ...
#6 29.18 Unpacking node-isarray (2.0.5-4) ...
#6 29.20 Selecting previously unselected package node-readable-stream.
#6 29.20 Preparing to unpack .../075-node-readable-stream_3.6.0+~cs3.0.0-4_all.deb ...
#6 29.20 Unpacking node-readable-stream (3.6.0+~cs3.0.0-4) ...
#6 29.23 Selecting previously unselected package node-typedarray.
#6 29.23 Preparing to unpack .../076-node-typedarray_0.0.7-1_all.deb ...
#6 29.23 Unpacking node-typedarray (0.0.7-1) ...
#6 29.25 Selecting previously unselected package node-concat-stream.
#6 29.26 Preparing to unpack .../077-node-concat-stream_2.0.0+~2.0.0-2_all.deb ...
#6 29.26 Unpacking node-concat-stream (2.0.0+~2.0.0-2) ...
#6 29.28 Selecting previously unselected package node-ms.
#6 29.28 Preparing to unpack .../078-node-ms_2.1.3+~cs0.7.31-3_all.deb ...
#6 29.28 Unpacking node-ms (2.1.3+~cs0.7.31-3) ...
#6 29.30 Selecting previously unselected package node-debug.
#6 29.30 Preparing to unpack .../079-node-debug_4.3.4+~cs4.1.7-1_all.deb ...
#6 29.31 Unpacking node-debug (4.3.4+~cs4.1.7-1) ...
#6 29.33 Selecting previously unselected package node-esutils.
#6 29.33 Preparing to unpack .../080-node-esutils_2.0.3+~2.0.0-1_all.deb ...
#6 29.33 Unpacking node-esutils (2.0.3+~2.0.0-1) ...
#6 29.36 Selecting previously unselected package node-doctrine.
#6 29.36 Preparing to unpack .../081-node-doctrine_3.0.0-4_all.deb ...
#6 29.36 Unpacking node-doctrine (3.0.0-4) ...
#6 29.38 Selecting previously unselected package node-eslint-visitor-keys.
#6 29.38 Preparing to unpack .../082-node-eslint-visitor-keys_3.3.0+~1.0.0-1_all.deb ...
#6 29.39 Unpacking node-eslint-visitor-keys (3.3.0+~1.0.0-1) ...
#6 29.41 Selecting previously unselected package node-estraverse.
#6 29.41 Preparing to unpack .../083-node-estraverse_5.3.0+ds+~5.1.1-1_all.deb ...
#6 29.41 Unpacking node-estraverse (5.3.0+ds+~5.1.1-1) ...
#6 29.44 Selecting previously unselected package node-object-assign.
#6 29.45 Preparing to unpack .../084-node-object-assign_4.1.1-7_all.deb ...
#6 29.45 Unpacking node-object-assign (4.1.1-7) ...
#6 29.47 Selecting previously unselected package node-esrecurse.
#6 29.47 Preparing to unpack .../085-node-esrecurse_4.3.0-2_all.deb ...
#6 29.47 Unpacking node-esrecurse (4.3.0-2) ...
#6 29.49 Selecting previously unselected package node-eslint-scope.
#6 29.50 Preparing to unpack .../086-node-eslint-scope_7.1.1+~3.7.4-1_all.deb ...
#6 29.50 Unpacking node-eslint-scope (7.1.1+~3.7.4-1) ...
#6 29.52 Selecting previously unselected package node-espree.
#6 29.52 Preparing to unpack .../087-node-espree_9.4.1~dfsg-2_all.deb ...
#6 29.53 Unpacking node-espree (9.4.1~dfsg-2) ...
#6 29.55 Selecting previously unselected package node-esquery.
#6 29.55 Preparing to unpack .../088-node-esquery_1.4.2~ds-1_all.deb ...
#6 29.55 Unpacking node-esquery (1.4.2~ds-1) ...
#6 29.58 Selecting previously unselected package node-eslint-utils.
#6 29.58 Preparing to unpack .../089-node-eslint-utils_3.0.0-3_all.deb ...
#6 29.58 Unpacking node-eslint-utils (3.0.0-3) ...
#6 29.60 Selecting previously unselected package node-flatted.
#6 29.60 Preparing to unpack .../090-node-flatted_3.2.7~ds-1+deb13u1_all.deb ...
#6 29.61 Unpacking node-flatted (3.2.7~ds-1+deb13u1) ...
#6 29.63 Selecting previously unselected package node-fs.realpath.
#6 29.63 Preparing to unpack .../091-node-fs.realpath_1.0.0-3_all.deb ...
#6 29.63 Unpacking node-fs.realpath (1.0.0-3) ...
#6 29.65 Selecting previously unselected package node-wrappy.
#6 29.65 Preparing to unpack .../092-node-wrappy_1.0.2-3_all.deb ...
#6 29.66 Unpacking node-wrappy (1.0.2-3) ...
#6 29.68 Selecting previously unselected package node-once.
#6 29.68 Preparing to unpack .../093-node-once_1.4.1-1_all.deb ...
#6 29.68 Unpacking node-once (1.4.1-1) ...
#6 29.70 Selecting previously unselected package node-inflight.
#6 29.71 Preparing to unpack .../094-node-inflight_1.0.6-2_all.deb ...
#6 29.71 Unpacking node-inflight (1.0.6-2) ...
#6 29.73 Selecting previously unselected package node-glob.
#6 29.73 Preparing to unpack .../095-node-glob_8.1.0+~cs8.5.15-1_all.deb ...
#6 29.73 Unpacking node-glob (8.1.0+~cs8.5.15-1) ...
#6 29.76 Selecting previously unselected package node-rimraf.
#6 29.76 Preparing to unpack .../096-node-rimraf_3.0.2-2_all.deb ...
#6 29.76 Unpacking node-rimraf (3.0.2-2) ...
#6 29.79 Selecting previously unselected package node-write.
#6 29.79 Preparing to unpack .../097-node-write_2.0.0~6.0.1+~3.0.4+~2.0.0+~1.0.0+~2.0.1-1_all.deb ...
#6 29.79 Unpacking node-write (2.0.0~6.0.1+~3.0.4+~2.0.0+~1.0.0+~2.0.1-1) ...
#6 29.81 Selecting previously unselected package node-flat-cache.
#6 29.81 Preparing to unpack .../098-node-flat-cache_3.0.4~6.0.1+~3.0.4+~2.0.0+~1.0.0+~2.0.1-1_all.deb ...
#6 29.82 Unpacking node-flat-cache (3.0.4~6.0.1+~3.0.4+~2.0.0+~1.0.0+~2.0.1-1) ...
#6 29.84 Selecting previously unselected package node-file-entry-cache.
#6 29.84 Preparing to unpack .../099-node-file-entry-cache_6.0.1+~3.0.4+~2.0.0+~1.0.0+~2.0.1-1_all.deb ...
#6 29.84 Unpacking node-file-entry-cache (6.0.1+~3.0.4+~2.0.0+~1.0.0+~2.0.1-1) ...
#6 29.87 Selecting previously unselected package node-functional-red-black-tree.
#6 29.87 Preparing to unpack .../100-node-functional-red-black-tree_1.0.1+20181105-7_all.deb ...
#6 29.87 Unpacking node-functional-red-black-tree (1.0.1+20181105-7) ...
#6 29.89 Selecting previously unselected package node-is-extglob.
#6 29.89 Preparing to unpack .../101-node-is-extglob_2.1.1-5_all.deb ...
#6 29.90 Unpacking node-is-extglob (2.1.1-5) ...
#6 29.92 Selecting previously unselected package node-is-glob.
#6 29.92 Preparing to unpack .../102-node-is-glob_4.0.3-2_all.deb ...
#6 29.92 Unpacking node-is-glob (4.0.3-2) ...
#6 29.94 Selecting previously unselected package node-path-dirname.
#6 29.94 Preparing to unpack .../103-node-path-dirname_1.0.2-2_all.deb ...
#6 29.95 Unpacking node-path-dirname (1.0.2-2) ...
#6 29.97 Selecting previously unselected package node-glob-parent.
#6 29.97 Preparing to unpack .../104-node-glob-parent_6.0.2+~5.1.1-2_all.deb ...
#6 29.97 Unpacking node-glob-parent (6.0.2+~5.1.1-2) ...
#6 30.00 Selecting previously unselected package node-globals.
#6 30.00 Preparing to unpack .../105-node-globals_13.23.0-1_all.deb ...
#6 30.00 Unpacking node-globals (13.23.0-1) ...
#6 30.02 Selecting previously unselected package node-resolve-from.
#6 30.02 Preparing to unpack .../106-node-resolve-from_5.0.0+~3.1.0+~3.3.0+~2.0.0-1_all.deb ...
#6 30.02 Unpacking node-resolve-from (5.0.0+~3.1.0+~3.3.0+~2.0.0-1) ...
#6 30.05 Selecting previously unselected package node-imurmurhash.
#6 30.05 Preparing to unpack .../107-node-imurmurhash_0.1.4+dfsg+~0.1.1-2_all.deb ...
#6 30.05 Unpacking node-imurmurhash (0.1.4+dfsg+~0.1.1-2) ...
#6 30.08 Selecting previously unselected package node-ignore.
#6 30.08 Preparing to unpack .../108-node-ignore_5.2.1-1_all.deb ...
#6 30.08 Unpacking node-ignore (5.2.1-1) ...
#6 30.10 Selecting previously unselected package node-prelude-ls.
#6 30.10 Preparing to unpack .../109-node-prelude-ls_1.2.1+dfsg-3_all.deb ...
#6 30.11 Unpacking node-prelude-ls (1.2.1+dfsg-3) ...
#6 30.13 Selecting previously unselected package node-type-check.
#6 30.14 Preparing to unpack .../110-node-type-check_0.4.0+dfsg-3_all.deb ...
#6 30.14 Unpacking node-type-check (0.4.0+dfsg-3) ...
#6 30.16 Selecting previously unselected package node-levn.
#6 30.16 Preparing to unpack .../111-node-levn_0.4.1+dfsg-2_all.deb ...
#6 30.16 Unpacking node-levn (0.4.1+dfsg-2) ...
#6 30.19 Selecting previously unselected package node-lodash.
#6 30.19 Preparing to unpack .../112-node-lodash_4.17.21+dfsg+~cs8.31.198.20210220-9_all.deb ...
#6 30.19 Unpacking node-lodash (4.17.21+dfsg+~cs8.31.198.20210220-9) ...
#6 30.44 Selecting previously unselected package node-memfs.
#6 30.44 Preparing to unpack .../113-node-memfs_3.4.12+~cs1.0.3-1_all.deb ...
#6 30.45 Unpacking node-memfs (3.4.12+~cs1.0.3-1) ...
#6 30.47 Selecting previously unselected package node-mkdirp.
#6 30.48 Preparing to unpack .../114-node-mkdirp_2.1.6+~cs5.2.1-2_all.deb ...
#6 30.48 Unpacking node-mkdirp (2.1.6+~cs5.2.1-2) ...
#6 30.51 Selecting previously unselected package node-deep-is.
#6 30.51 Preparing to unpack .../115-node-deep-is_0.1.4-1_all.deb ...
#6 30.51 Unpacking node-deep-is (0.1.4-1) ...
#6 30.53 Selecting previously unselected package node-fast-levenshtein.
#6 30.54 Preparing to unpack .../116-node-fast-levenshtein_2.0.6+ds-3_all.deb ...
#6 30.54 Unpacking node-fast-levenshtein (2.0.6+ds-3) ...
#6 30.56 Selecting previously unselected package node-optionator.
#6 30.56 Preparing to unpack .../117-node-optionator_0.9.1+dfsg+~cs1.2.3-1_all.deb ...
#6 30.57 Unpacking node-optionator (0.9.1+dfsg+~cs1.2.3-1) ...
#6 30.59 Selecting previously unselected package node-progress.
#6 30.59 Preparing to unpack .../118-node-progress_2.0.3-2_all.deb ...
#6 30.59 Unpacking node-progress (2.0.3-2) ...
#6 30.61 Selecting previously unselected package libjs-regenerate.
#6 30.62 Preparing to unpack .../119-libjs-regenerate_1.4.2-3_all.deb ...
#6 30.62 Unpacking libjs-regenerate (1.4.2-3) ...
#6 30.64 Selecting previously unselected package node-regenerate.
#6 30.64 Preparing to unpack .../120-node-regenerate_1.4.2-3_all.deb ...
#6 30.64 Unpacking node-regenerate (1.4.2-3) ...
#6 30.67 Selecting previously unselected package node-regenerate-unicode-properties.
#6 30.67 Preparing to unpack .../121-node-regenerate-unicode-properties_10.1.0+ds-1_all.deb ...
#6 30.67 Unpacking node-regenerate-unicode-properties (10.1.0+ds-1) ...
#6 30.73 Selecting previously unselected package node-regexpp.
#6 30.73 Preparing to unpack .../122-node-regexpp_3.2.0-5_all.deb ...
#6 30.74 Unpacking node-regexpp (3.2.0-5) ...
#6 30.76 Selecting previously unselected package node-lru-cache.
#6 30.76 Preparing to unpack .../123-node-lru-cache_10.0.1-3_all.deb ...
#6 30.76 Unpacking node-lru-cache (10.0.1-3) ...
#6 30.79 Selecting previously unselected package node-semver.
#6 30.79 Preparing to unpack .../124-node-semver_7.6.1+~7.5.8-2_all.deb ...
#6 30.80 Unpacking node-semver (7.6.1+~7.5.8-2) ...
#6 30.83 Selecting previously unselected package node-strip-json-comments.
#6 30.83 Preparing to unpack .../125-node-strip-json-comments_4.0.0-4_all.deb ...
#6 30.84 Unpacking node-strip-json-comments (4.0.0-4) ...
#6 30.86 Selecting previously unselected package node-json-schema.
#6 30.86 Preparing to unpack .../126-node-json-schema_0.4.0+~7.0.11-1_all.deb ...
#6 30.86 Unpacking node-json-schema (0.4.0+~7.0.11-1) ...
#6 30.89 Selecting previously unselected package node-v8-compile-cache.
#6 30.89 Preparing to unpack .../127-node-v8-compile-cache_2.4.0-2_all.deb ...
#6 30.89 Unpacking node-v8-compile-cache (2.4.0-2) ...
#6 30.91 Selecting previously unselected package eslint.
#6 30.92 Preparing to unpack .../128-eslint_6.4.0~dfsg+~6.1.9-12_all.deb ...
#6 30.92 Unpacking eslint (6.4.0~dfsg+~6.1.9-12) ...
#6 31.00 Selecting previously unselected package python3-packaging.
#6 31.00 Preparing to unpack .../129-python3-packaging_25.0-1_all.deb ...
#6 31.00 Unpacking python3-packaging (25.0-1) ...
#6 31.03 Selecting previously unselected package gyp.
#6 31.03 Preparing to unpack .../130-gyp_0.16.2-2_all.deb ...
#6 31.03 Unpacking gyp (0.16.2-2) ...
#6 31.06 Selecting previously unselected package node-neo-async.
#6 31.06 Preparing to unpack .../131-node-neo-async_2.6.2+~cs3.0.0-3_all.deb ...
#6 31.07 Unpacking node-neo-async (2.6.2+~cs3.0.0-3) ...
#6 31.10 Selecting previously unselected package node-arrify.
#6 31.10 Preparing to unpack .../132-node-arrify_2.0.1-3_all.deb ...
#6 31.11 Unpacking node-arrify (2.0.1-3) ...
#6 31.13 Selecting previously unselected package node-is-plain-obj.
#6 31.13 Preparing to unpack .../133-node-is-plain-obj_3.0.0-2_all.deb ...
#6 31.13 Unpacking node-is-plain-obj (3.0.0-2) ...
#6 31.16 Selecting previously unselected package node-is-buffer.
#6 31.16 Preparing to unpack .../134-node-is-buffer_2.0.5-2_all.deb ...
#6 31.16 Unpacking node-is-buffer (2.0.5-2) ...
#6 31.18 Selecting previously unselected package node-kind-of.
#6 31.18 Preparing to unpack .../135-node-kind-of_6.0.3+dfsg-2_all.deb ...
#6 31.19 Unpacking node-kind-of (6.0.3+dfsg-2) ...
#6 31.21 Selecting previously unselected package node-minimist.
#6 31.21 Preparing to unpack .../136-node-minimist_1.2.8+~cs5.3.5-1_all.deb ...
#6 31.21 Unpacking node-minimist (1.2.8+~cs5.3.5-1) ...
#6 31.23 Selecting previously unselected package node-wordwrap.
#6 31.23 Preparing to unpack .../137-node-wordwrap_1.0.0-4_all.deb ...
#6 31.24 Unpacking node-wordwrap (1.0.0-4) ...
#6 31.26 Selecting previously unselected package node-optimist.
#6 31.26 Preparing to unpack .../138-node-optimist_0.6.1+~0.0.30-2_all.deb ...
#6 31.26 Unpacking node-optimist (0.6.1+~0.0.30-2) ...
#6 31.28 Selecting previously unselected package libjs-source-map.
#6 31.29 Preparing to unpack .../139-libjs-source-map_0.7.0++dfsg2+really.0.6.1-15_all.deb ...
#6 31.29 Unpacking libjs-source-map (0.7.0++dfsg2+really.0.6.1-15) ...
#6 31.32 Selecting previously unselected package node-source-map.
#6 31.32 Preparing to unpack .../140-node-source-map_0.7.0++dfsg2+really.0.6.1-15_all.deb ...
#6 31.32 Unpacking node-source-map (0.7.0++dfsg2+really.0.6.1-15) ...
#6 31.35 Selecting previously unselected package handlebars.
#6 31.35 Preparing to unpack .../141-handlebars_3%3a4.7.7+~4.1.0-1_all.deb ...
#6 31.35 Unpacking handlebars (3:4.7.7+~4.1.0-1) ...
#6 31.40 Selecting previously unselected package libboost1.83-dev:amd64.
#6 31.40 Preparing to unpack .../142-libboost1.83-dev_1.83.0-4.2_amd64.deb ...
#6 31.41 Unpacking libboost1.83-dev:amd64 (1.83.0-4.2) ...
#6 33.79 Selecting previously unselected package libboost-atomic1.83.0:amd64.
#6 33.79 Preparing to unpack .../143-libboost-atomic1.83.0_1.83.0-4.2_amd64.deb ...
#6 33.80 Unpacking libboost-atomic1.83.0:amd64 (1.83.0-4.2) ...
#6 33.83 Selecting previously unselected package libboost-atomic1.83-dev:amd64.
#6 33.83 Preparing to unpack .../144-libboost-atomic1.83-dev_1.83.0-4.2_amd64.deb ...
#6 33.83 Unpacking libboost-atomic1.83-dev:amd64 (1.83.0-4.2) ...
#6 33.86 Selecting previously unselected package libboost-dev:amd64.
#6 33.87 Preparing to unpack .../145-libboost-dev_1.83.0.2+b2_amd64.deb ...
#6 33.87 Unpacking libboost-dev:amd64 (1.83.0.2+b2) ...
#6 33.89 Selecting previously unselected package libboost-filesystem1.83.0:amd64.
#6 33.89 Preparing to unpack .../146-libboost-filesystem1.83.0_1.83.0-4.2_amd64.deb ...
#6 33.90 Unpacking libboost-filesystem1.83.0:amd64 (1.83.0-4.2) ...
#6 33.93 Selecting previously unselected package libboost-system1.83.0:amd64.
#6 33.93 Preparing to unpack .../147-libboost-system1.83.0_1.83.0-4.2_amd64.deb ...
#6 33.94 Unpacking libboost-system1.83.0:amd64 (1.83.0-4.2) ...
#6 33.97 Selecting previously unselected package libboost-system1.83-dev:amd64.
#6 33.97 Preparing to unpack .../148-libboost-system1.83-dev_1.83.0-4.2_amd64.deb ...
#6 33.97 Unpacking libboost-system1.83-dev:amd64 (1.83.0-4.2) ...
#6 34.00 Selecting previously unselected package libboost-filesystem1.83-dev:amd64.
#6 34.01 Preparing to unpack .../149-libboost-filesystem1.83-dev_1.83.0-4.2_amd64.deb ...
#6 34.01 Unpacking libboost-filesystem1.83-dev:amd64 (1.83.0-4.2) ...
#6 34.04 Selecting previously unselected package libboost-filesystem-dev:amd64.
#6 34.04 Preparing to unpack .../150-libboost-filesystem-dev_1.83.0.2+b2_amd64.deb ...
#6 34.05 Unpacking libboost-filesystem-dev:amd64 (1.83.0.2+b2) ...
#6 34.07 Selecting previously unselected package libboost-system-dev:amd64.
#6 34.07 Preparing to unpack .../151-libboost-system-dev_1.83.0.2+b2_amd64.deb ...
#6 34.07 Unpacking libboost-system-dev:amd64 (1.83.0.2+b2) ...
#6 34.10 Selecting previously unselected package libcap-dev:amd64.
#6 34.10 Preparing to unpack .../152-libcap-dev_1%3a2.75-10+deb13u1+b1_amd64.deb ...
#6 34.10 Unpacking libcap-dev:amd64 (1:2.75-10+deb13u1+b1) ...
#6 34.15 Selecting previously unselected package libdbus-1-3:amd64.
#6 34.15 Preparing to unpack .../153-libdbus-1-3_1.16.2-2_amd64.deb ...
#6 34.15 Unpacking libdbus-1-3:amd64 (1.16.2-2) ...
#6 34.18 Selecting previously unselected package libsystemd-dev:amd64.
#6 34.18 Preparing to unpack .../154-libsystemd-dev_257.13-1~deb13u1_amd64.deb ...
#6 34.19 Unpacking libsystemd-dev:amd64 (257.13-1~deb13u1) ...
#6 34.26 Selecting previously unselected package libpkgconf3:amd64.
#6 34.26 Preparing to unpack .../155-libpkgconf3_1.8.1-4_amd64.deb ...
#6 34.27 Unpacking libpkgconf3:amd64 (1.8.1-4) ...
#6 34.29 Selecting previously unselected package pkgconf-bin.
#6 34.30 Preparing to unpack .../156-pkgconf-bin_1.8.1-4_amd64.deb ...
#6 34.30 Unpacking pkgconf-bin (1.8.1-4) ...
#6 34.33 Selecting previously unselected package pkgconf:amd64.
#6 34.33 Preparing to unpack .../157-pkgconf_1.8.1-4_amd64.deb ...
#6 34.33 Unpacking pkgconf:amd64 (1.8.1-4) ...
#6 34.36 Selecting previously unselected package sgml-base.
#6 34.37 Preparing to unpack .../158-sgml-base_1.31+nmu1_all.deb ...
#6 34.37 Unpacking sgml-base (1.31+nmu1) ...
#6 34.42 Selecting previously unselected package xml-core.
#6 34.42 Preparing to unpack .../159-xml-core_0.19_all.deb ...
#6 34.42 Unpacking xml-core (0.19) ...
#6 34.46 Selecting previously unselected package libdbus-1-dev:amd64.
#6 34.46 Preparing to unpack .../160-libdbus-1-dev_1.16.2-2_amd64.deb ...
#6 34.46 Unpacking libdbus-1-dev:amd64 (1.16.2-2) ...
#6 34.49 Selecting previously unselected package libjs-events.
#6 34.49 Preparing to unpack .../161-libjs-events_3.3.0+~3.0.0-3_all.deb ...
#6 34.50 Unpacking libjs-events (3.3.0+~3.0.0-3) ...
#6 34.52 Selecting previously unselected package libjs-is-typedarray.
#6 34.52 Preparing to unpack .../162-libjs-is-typedarray_1.0.0-4_all.deb ...
#6 34.53 Unpacking libjs-is-typedarray (1.0.0-4) ...
#6 34.55 Selecting previously unselected package libjs-prettify.
#6 34.55 Preparing to unpack .../163-libjs-prettify_2015.12.04+dfsg-1.1_all.deb ...
#6 34.56 Unpacking libjs-prettify (2015.12.04+dfsg-1.1) ...
#6 34.58 Selecting previously unselected package libjs-sprintf-js.
#6 34.58 Preparing to unpack .../164-libjs-sprintf-js_1.1.2+ds1+~1.1.2-1_all.deb ...
#6 34.59 Unpacking libjs-sprintf-js (1.1.2+ds1+~1.1.2-1) ...
#6 34.61 Selecting previously unselected package libjs-typedarray-to-buffer.
#6 34.61 Preparing to unpack .../165-libjs-typedarray-to-buffer_4.0.0-2_all.deb ...
#6 34.61 Unpacking libjs-typedarray-to-buffer (4.0.0-2) ...
#6 34.64 Selecting previously unselected package node-lodash-packages.
#6 34.64 Preparing to unpack .../166-node-lodash-packages_4.17.21+dfsg+~cs8.31.198.20210220-9_all.deb ...
#6 34.64 Unpacking node-lodash-packages (4.17.21+dfsg+~cs8.31.198.20210220-9) ...
#6 35.02 Selecting previously unselected package node-function-bind.
#6 35.03 Preparing to unpack .../167-node-function-bind_1.1.2+~cs2.1.14-1_all.deb ...
#6 35.04 Unpacking node-function-bind (1.1.2+~cs2.1.14-1) ...
#6 35.07 Selecting previously unselected package node-object-inspect.
#6 35.07 Preparing to unpack .../168-node-object-inspect_1.12.2+~cs1.8.1-1_all.deb ...
#6 35.07 Unpacking node-object-inspect (1.12.2+~cs1.8.1-1) ...
#6 35.10 Selecting previously unselected package node-es-abstract.
#6 35.10 Preparing to unpack .../169-node-es-abstract_1.20.4+~cs26.27.47-2_all.deb ...
#6 35.10 Unpacking node-es-abstract (1.20.4+~cs26.27.47-2) ...
#6 35.33 Selecting previously unselected package node-resolve.
#6 35.33 Preparing to unpack .../170-node-resolve_1.22.8+~cs5.34.15-2_all.deb ...
#6 35.33 Unpacking node-resolve (1.22.8+~cs5.34.15-2) ...
#6 35.36 Selecting previously unselected package node-define-properties.
#6 35.36 Preparing to unpack .../171-node-define-properties_1.2.1+~cs2.2.3-1_all.deb ...
#6 35.37 Unpacking node-define-properties (1.2.1+~cs2.2.3-1) ...
#6 35.39 Selecting previously unselected package node-debbundle-es-to-primitive.
#6 35.39 Preparing to unpack .../172-node-debbundle-es-to-primitive_1.2.1+~cs9.7.25-2_all.deb ...
#6 35.40 Unpacking node-debbundle-es-to-primitive (1.2.1+~cs9.7.25-2) ...
#6 35.43 Selecting previously unselected package node-isobject.
#6 35.43 Preparing to unpack .../173-node-isobject_4.0.0-2_all.deb ...
#6 35.44 Unpacking node-isobject (4.0.0-2) ...
#6 35.46 Selecting previously unselected package node-is-descriptor.
#6 35.46 Preparing to unpack .../174-node-is-descriptor_3.0.0-2_all.deb ...
#6 35.47 Unpacking node-is-descriptor (3.0.0-2) ...
#6 35.49 Selecting previously unselected package node-define-property.
#6 35.49 Preparing to unpack .../175-node-define-property_2.0.2+really+2.0.2-3_all.deb ...
#6 35.49 Unpacking node-define-property (2.0.2+really+2.0.2-3) ...
#6 35.52 Selecting previously unselected package node-defined.
#6 35.52 Preparing to unpack .../176-node-defined_1.0.1+~1.0.0-1_all.deb ...
#6 35.53 Unpacking node-defined (1.0.1+~1.0.0-1) ...
#6 35.55 Selecting previously unselected package node-abbrev.
#6 35.55 Preparing to unpack .../177-node-abbrev_1.1.1+~1.1.2-1_all.deb ...
#6 35.56 Unpacking node-abbrev (1.1.1+~1.1.2-1) ...
#6 35.58 Selecting previously unselected package node-archy.
#6 35.58 Preparing to unpack .../178-node-archy_1.0.0-6_all.deb ...
#6 35.59 Unpacking node-archy (1.0.0-6) ...
#6 35.61 Selecting previously unselected package node-async.
#6 35.61 Preparing to unpack .../179-node-async_3.2.6+dfsg-2_all.deb ...
#6 35.62 Unpacking node-async (3.2.6+dfsg-2) ...
#6 35.67 Selecting previously unselected package node-convert-source-map.
#6 35.67 Preparing to unpack .../180-node-convert-source-map_1.9.0+~1.5.2-1_all.deb ...
#6 35.67 Unpacking node-convert-source-map (1.9.0+~1.5.2-1) ...
#6 35.70 Selecting previously unselected package node-decamelize.
#6 35.70 Preparing to unpack .../181-node-decamelize_4.0.0-2_all.deb ...
#6 35.70 Unpacking node-decamelize (4.0.0-2) ...
#6 35.73 Selecting previously unselected package node-es6-error.
#6 35.73 Preparing to unpack .../182-node-es6-error_4.1.1-5_all.deb ...
#6 35.73 Unpacking node-es6-error (4.1.1-5) ...
#6 35.76 Selecting previously unselected package node-esprima.
#6 35.77 Preparing to unpack .../183-node-esprima_4.0.1+ds+~4.0.3-2_all.deb ...
#6 35.78 Unpacking node-esprima (4.0.1+ds+~4.0.3-2) ...
#6 35.81 Selecting previously unselected package node-escodegen.
#6 35.81 Preparing to unpack .../184-node-escodegen_2.1.0+dfsg+~0.0.8-1_all.deb ...
#6 35.81 Unpacking node-escodegen (2.1.0+dfsg+~0.0.8-1) ...
#6 35.84 Selecting previously unselected package node-commondir.
#6 35.85 Preparing to unpack .../185-node-commondir_1.0.1+~1.0.0-1_all.deb ...
#6 35.85 Unpacking node-commondir (1.0.1+~1.0.0-1) ...
#6 35.87 Selecting previously unselected package node-is-number.
#6 35.87 Preparing to unpack .../186-node-is-number_7.0.0-4_all.deb ...
#6 35.88 Unpacking node-is-number (7.0.0-4) ...
#6 35.90 Selecting previously unselected package node-repeat-string.
#6 35.91 Preparing to unpack .../187-node-repeat-string_1.6.1+repack-1_all.deb ...
#6 35.91 Unpacking node-repeat-string (1.6.1+repack-1) ...
#6 35.93 Selecting previously unselected package node-to-regex-range.
#6 35.94 Preparing to unpack .../188-node-to-regex-range_5.0.1-4_all.deb ...
#6 35.94 Unpacking node-to-regex-range (5.0.1-4) ...
#6 35.96 Selecting previously unselected package node-fill-range.
#6 35.97 Preparing to unpack .../189-node-fill-range_7.1.1+~7.0.3-1_all.deb ...
#6 35.97 Unpacking node-fill-range (7.1.1+~7.0.3-1) ...
#6 35.99 Selecting previously unselected package node-braces.
#6 36.00 Preparing to unpack .../190-node-braces_3.0.3+~3.0.5-1_all.deb ...
#6 36.00 Unpacking node-braces (3.0.3+~3.0.5-1) ...
#6 36.03 Selecting previously unselected package node-normalize-path.
#6 36.03 Preparing to unpack .../191-node-normalize-path_3.0.0+~3.0.0-1_all.deb ...
#6 36.03 Unpacking node-normalize-path (3.0.0+~3.0.0-1) ...
#6 36.06 Selecting previously unselected package node-anymatch.
#6 36.06 Preparing to unpack .../192-node-anymatch_3.1.3+~cs4.6.1-2_all.deb ...
#6 36.07 Unpacking node-anymatch (3.1.3+~cs4.6.1-2) ...
#6 36.09 Selecting previously unselected package node-micromatch.
#6 36.10 Preparing to unpack .../193-node-micromatch_4.0.7+~4.0.9-1_all.deb ...
#6 36.10 Unpacking node-micromatch (4.0.7+~4.0.9-1) ...
#6 36.12 Selecting previously unselected package node-pify.
#6 36.13 Preparing to unpack .../194-node-pify_5.0.0+~cs5.0.1-1_all.deb ...
#6 36.13 Unpacking node-pify (5.0.0+~cs5.0.1-1) ...
#6 36.15 Selecting previously unselected package node-path-type.
#6 36.16 Preparing to unpack .../195-node-path-type_4.0.0-3_all.deb ...
#6 36.16 Unpacking node-path-type (4.0.0-3) ...
#6 36.19 Selecting previously unselected package node-n3.
#6 36.19 Preparing to unpack .../196-node-n3_1.16.3+~1.2.3+~1.10.4-1_all.deb ...
#6 36.19 Unpacking node-n3 (1.16.3+~1.2.3+~1.10.4-1) ...
#6 36.22 Selecting previously unselected package node-slash.
#6 36.23 Preparing to unpack .../197-node-slash_4.0.0-3_all.deb ...
#6 36.23 Unpacking node-slash (4.0.0-3) ...
#6 36.25 Selecting previously unselected package node-globby.
#6 36.25 Preparing to unpack .../198-node-globby_13.1.3+~cs16.25.40-3_all.deb ...
#6 36.26 Unpacking node-globby (13.1.3+~cs16.25.40-3) ...
#6 36.30 Selecting previously unselected package node-graceful-fs.
#6 36.31 Preparing to unpack .../199-node-graceful-fs_4.2.10-1_all.deb ...
#6 36.31 Unpacking node-graceful-fs (4.2.10-1) ...
#6 36.33 Selecting previously unselected package node-is-path-cwd.
#6 36.34 Preparing to unpack .../200-node-is-path-cwd_2.2.0-2_all.deb ...
#6 36.34 Unpacking node-is-path-cwd (2.2.0-2) ...
#6 36.36 Selecting previously unselected package node-path-is-inside.
#6 36.37 Preparing to unpack .../201-node-path-is-inside_1.0.2+~1.0.0-1_all.deb ...
#6 36.37 Unpacking node-path-is-inside (1.0.2+~1.0.0-1) ...
#6 36.39 Selecting previously unselected package node-is-path-inside.
#6 36.40 Preparing to unpack .../202-node-is-path-inside_3.0.3-2_all.deb ...
#6 36.40 Unpacking node-is-path-inside (3.0.3-2) ...
#6 36.42 Selecting previously unselected package node-escape-string-regexp.
#6 36.43 Preparing to unpack .../203-node-escape-string-regexp_4.0.0-2_all.deb ...
#6 36.43 Unpacking node-escape-string-regexp (4.0.0-2) ...
#6 36.45 Selecting previously unselected package node-indent-string.
#6 36.46 Preparing to unpack .../204-node-indent-string_4.0.0-2_all.deb ...
#6 36.46 Unpacking node-indent-string (4.0.0-2) ...
#6 36.48 Selecting previously unselected package node-p-map.
#6 36.48 Preparing to unpack .../205-node-p-map_4.0.0+~3.1.0+~3.0.1-2_all.deb ...
#6 36.49 Unpacking node-p-map (4.0.0+~3.1.0+~3.0.1-2) ...
#6 36.51 Selecting previously unselected package node-del.
#6 36.51 Preparing to unpack .../206-node-del_7.1.0-1_all.deb ...
#6 36.52 Unpacking node-del (7.1.0-1) ...
#6 36.54 Selecting previously unselected package node-make-dir.
#6 36.54 Preparing to unpack .../207-node-make-dir_3.1.0-3_all.deb ...
#6 36.55 Unpacking node-make-dir (3.1.0-3) ...
#6 36.57 Selecting previously unselected package node-p-limit.
#6 36.57 Preparing to unpack .../208-node-p-limit_4.0.0+~cs4.0.0-5_all.deb ...
#6 36.58 Unpacking node-p-limit (4.0.0+~cs4.0.0-5) ...
#6 36.60 Selecting previously unselected package node-p-locate.
#6 36.60 Preparing to unpack .../209-node-p-locate_6.0.0-12_all.deb ...
#6 36.61 Unpacking node-p-locate (6.0.0-12) ...
#6 36.63 Selecting previously unselected package node-locate-path.
#6 36.63 Preparing to unpack .../210-node-locate-path_7.1.1-2_all.deb ...
#6 36.63 Unpacking node-locate-path (7.1.1-2) ...
#6 36.66 Selecting previously unselected package node-path-exists.
#6 36.66 Preparing to unpack .../211-node-path-exists_5.0.0-8_all.deb ...
#6 36.66 Unpacking node-path-exists (5.0.0-8) ...
#6 36.68 Selecting previously unselected package node-find-up.
#6 36.69 Preparing to unpack .../212-node-find-up_6.3.0-7_all.deb ...
#6 36.69 Unpacking node-find-up (6.3.0-7) ...
#6 36.71 Selecting previously unselected package node-pkg-dir.
#6 36.71 Preparing to unpack .../213-node-pkg-dir_5.0.0-2_all.deb ...
#6 36.72 Unpacking node-pkg-dir (5.0.0-2) ...
#6 36.74 Selecting previously unselected package node-find-cache-dir.
#6 36.74 Preparing to unpack .../214-node-find-cache-dir_3.3.2+~3.2.1-1_all.deb ...
#6 36.74 Unpacking node-find-cache-dir (3.3.2+~3.2.1-1) ...
#6 36.77 Selecting previously unselected package node-signal-exit.
#6 36.77 Preparing to unpack .../215-node-signal-exit_4.1.0-7_all.deb ...
#6 36.77 Unpacking node-signal-exit (4.1.0-7) ...
#6 36.80 Selecting previously unselected package node-foreground-child.
#6 36.80 Preparing to unpack .../216-node-foreground-child_3.1.1-2_all.deb ...
#6 36.80 Unpacking node-foreground-child (3.1.1-2) ...
#6 36.83 Selecting previously unselected package node-is-stream.
#6 36.83 Preparing to unpack .../217-node-is-stream_3.0.0-4_all.deb ...
#6 36.84 Unpacking node-is-stream (3.0.0-4) ...
#6 36.86 Selecting previously unselected package node-is-windows.
#6 36.86 Preparing to unpack .../218-node-is-windows_1.0.2+~cs1.0.0-1_all.deb ...
#6 36.86 Unpacking node-is-windows (1.0.2+~cs1.0.0-1) ...
#6 36.89 Selecting previously unselected package node-ampproject-remapping.
#6 36.89 Preparing to unpack .../219-node-ampproject-remapping_2.2.0+~cs5.15.37-1_all.deb ...
#6 36.89 Unpacking node-ampproject-remapping (2.2.0+~cs5.15.37-1) ...
#6 36.94 Selecting previously unselected package node-sprintf-js.
#6 36.94 Preparing to unpack .../220-node-sprintf-js_1.1.2+ds1+~1.1.2-1_all.deb ...
#6 36.95 Unpacking node-sprintf-js (1.1.2+ds1+~1.1.2-1) ...
#6 36.97 Selecting previously unselected package node-argparse.
#6 36.97 Preparing to unpack .../221-node-argparse_2.0.1-2_all.deb ...
#6 36.98 Unpacking node-argparse (2.0.1-2) ...
#6 37.00 Selecting previously unselected package node-js-yaml.
#6 37.00 Preparing to unpack .../222-node-js-yaml_4.1.0+dfsg+~4.0.5-7_all.deb ...
#6 37.00 Unpacking node-js-yaml (4.1.0+dfsg+~4.0.5-7) ...
#6 37.03 Selecting previously unselected package node-nopt.
#6 37.03 Preparing to unpack .../223-node-nopt_5.0.0-4_all.deb ...
#6 37.04 Unpacking node-nopt (5.0.0-4) ...
#6 37.06 Selecting previously unselected package node-npm-run-path.
#6 37.07 Preparing to unpack .../224-node-npm-run-path_5.1.0+~4.0.0-8_all.deb ...
#6 37.07 Unpacking node-npm-run-path (5.1.0+~4.0.0-8) ...
#6 37.09 Selecting previously unselected package node-shebang-regex.
#6 37.09 Preparing to unpack .../225-node-shebang-regex_3.0.0-2_all.deb ...
#6 37.10 Unpacking node-shebang-regex (3.0.0-2) ...
#6 37.12 Selecting previously unselected package node-shebang-command.
#6 37.12 Preparing to unpack .../226-node-shebang-command_2.0.0-1_all.deb ...
#6 37.13 Unpacking node-shebang-command (2.0.0-1) ...
#6 37.15 Selecting previously unselected package node-strip-bom.
#6 37.15 Preparing to unpack .../227-node-strip-bom_4.0.0-2_all.deb ...
#6 37.15 Unpacking node-strip-bom (4.0.0-2) ...
#6 37.18 Selecting previously unselected package node-has-flag.
#6 37.18 Preparing to unpack .../228-node-has-flag_5.0.1-1_all.deb ...
#6 37.18 Unpacking node-has-flag (5.0.1-1) ...
#6 37.21 Selecting previously unselected package node-supports-color.
#6 37.21 Preparing to unpack .../229-node-supports-color_8.1.1+~8.1.1-1_all.deb ...
#6 37.21 Unpacking node-supports-color (8.1.1+~8.1.1-1) ...
#6 37.24 Selecting previously unselected package node-util.
#6 37.24 Preparing to unpack .../230-node-util_0.12.5+~1.0.10-1_all.deb ...
#6 37.24 Unpacking node-util (0.12.5+~1.0.10-1) ...
#6 37.27 Selecting previously unselected package node-assert.
#6 37.27 Preparing to unpack .../231-node-assert_2.0.0+~cs3.9.8-2_all.deb ...
#6 37.27 Unpacking node-assert (2.0.0+~cs3.9.8-2) ...
#6 37.30 Selecting previously unselected package node-babel-plugin-add-module-exports.
#6 37.30 Preparing to unpack .../232-node-babel-plugin-add-module-exports_1.0.4+dfsg1~cs5.8.0-4_all.deb ...
#6 37.31 Unpacking node-babel-plugin-add-module-exports (1.0.4+dfsg1~cs5.8.0-4) ...
#6 37.33 Selecting previously unselected package node-regenerator-runtime.
#6 37.33 Preparing to unpack .../233-node-regenerator-runtime_0.15.2+~0.10.8-1_all.deb ...
#6 37.33 Unpacking node-regenerator-runtime (0.15.2+~0.10.8-1) ...
#6 37.36 Selecting previously unselected package node-babel7-runtime.
#6 37.36 Preparing to unpack .../234-node-babel7-runtime_7.20.15+ds1+~cs214.269.168-8_all.deb ...
#6 37.36 Unpacking node-babel7-runtime (7.20.15+ds1+~cs214.269.168-8) ...
#6 37.41 Selecting previously unselected package node-babel-helper-define-polyfill-provider.
#6 37.41 Preparing to unpack .../235-node-babel-helper-define-polyfill-provider_0.3.3~0~20220913+ds1-1_all.deb ...
#6 37.41 Unpacking node-babel-helper-define-polyfill-provider (0.3.3~0~20220913+ds1-1) ...
#6 37.44 Selecting previously unselected package node-babel-plugin-polyfill-corejs2.
#6 37.44 Preparing to unpack .../236-node-babel-plugin-polyfill-corejs2_0.3.3~0~20220913+ds1-1_all.deb ...
#6 37.45 Unpacking node-babel-plugin-polyfill-corejs2 (0.3.3~0~20220913+ds1-1) ...
#6 37.47 Selecting previously unselected package node-caniuse-lite.
#6 37.47 Preparing to unpack .../237-node-caniuse-lite_1.0.30001723+dfsg+~1.0.5-1_all.deb ...
#6 37.48 Unpacking node-caniuse-lite (1.0.30001723+dfsg+~1.0.5-1) ...
#6 37.59 Selecting previously unselected package node-electron-to-chromium.
#6 37.60 Preparing to unpack .../238-node-electron-to-chromium_1.5.166-1_all.deb ...
#6 37.60 Unpacking node-electron-to-chromium (1.5.166-1) ...
#6 37.62 Selecting previously unselected package node-picocolors.
#6 37.63 Preparing to unpack .../239-node-picocolors_1.0.0-4_all.deb ...
#6 37.63 Unpacking node-picocolors (1.0.0-4) ...
#6 37.66 Selecting previously unselected package node-browserslist.
#6 37.66 Preparing to unpack .../240-node-browserslist_4.25.0+~cs6.3.22-1_all.deb ...
#6 37.66 Unpacking node-browserslist (4.25.0+~cs6.3.22-1) ...
#6 37.69 Selecting previously unselected package node-core-js-compat.
#6 37.70 Preparing to unpack .../241-node-core-js-compat_3.33.2-1_all.deb ...
#6 37.70 Unpacking node-core-js-compat (3.33.2-1) ...
#6 37.72 Selecting previously unselected package node-babel-plugin-polyfill-corejs3.
#6 37.73 Preparing to unpack .../242-node-babel-plugin-polyfill-corejs3_0.6.0~0~20220913+ds1-1_all.deb ...
#6 37.73 Unpacking node-babel-plugin-polyfill-corejs3 (0.6.0~0~20220913+ds1-1) ...
#6 37.76 Selecting previously unselected package node-babel-plugin-polyfill-regenerator.
#6 37.76 Preparing to unpack .../243-node-babel-plugin-polyfill-regenerator_0.4.1~0~20220913+ds1-1_all.deb ...
#6 37.76 Unpacking node-babel-plugin-polyfill-regenerator (0.4.1~0~20220913+ds1-1) ...
#6 37.79 Selecting previously unselected package node-color-name.
#6 37.79 Preparing to unpack .../244-node-color-name_1.1.4+~1.1.1-2_all.deb ...
#6 37.79 Unpacking node-color-name (1.1.4+~1.1.1-2) ...
#6 37.82 Selecting previously unselected package node-color-convert.
#6 37.82 Preparing to unpack .../245-node-color-convert_2.0.1+~cs2.0.0-2_all.deb ...
#6 37.82 Unpacking node-color-convert (2.0.1+~cs2.0.0-2) ...
#6 37.85 Selecting previously unselected package node-ansi-styles.
#6 37.85 Preparing to unpack .../246-node-ansi-styles_6.2.1-3_all.deb ...
#6 37.85 Unpacking node-ansi-styles (6.2.1-3) ...
#6 37.88 Selecting previously unselected package node-chalk.
#6 37.88 Preparing to unpack .../247-node-chalk_5.3.0-1_all.deb ...
#6 37.88 Unpacking node-chalk (5.3.0-1) ...
#6 37.91 Selecting previously unselected package node-for-in.
#6 37.91 Preparing to unpack .../248-node-for-in_1.0.2-4_all.deb ...
#6 37.91 Unpacking node-for-in (1.0.2-4) ...
#6 37.94 Selecting previously unselected package node-for-own.
#6 37.94 Preparing to unpack .../249-node-for-own_1.0.0-3_all.deb ...
#6 37.94 Unpacking node-for-own (1.0.0-3) ...
#6 37.96 Selecting previously unselected package node-is-plain-object.
#6 37.97 Preparing to unpack .../250-node-is-plain-object_5.0.0-7_all.deb ...
#6 37.97 Unpacking node-is-plain-object (5.0.0-7) ...
#6 38.00 Selecting previously unselected package node-is-extendable.
#6 38.01 Preparing to unpack .../251-node-is-extendable_1.0.1-3_all.deb ...
#6 38.01 Unpacking node-is-extendable (1.0.1-3) ...
#6 38.03 Selecting previously unselected package node-clone-deep.
#6 38.04 Preparing to unpack .../252-node-clone-deep_4.0.1+~cs7.0.2-1_all.deb ...
#6 38.04 Unpacking node-clone-deep (4.0.1+~cs7.0.2-1) ...
#6 38.06 Selecting previously unselected package node-commander.
#6 38.07 Preparing to unpack .../253-node-commander_9.4.1-1_all.deb ...
#6 38.07 Unpacking node-commander (9.4.1-1) ...
#6 38.10 Selecting previously unselected package node-core-js.
#6 38.10 Preparing to unpack .../254-node-core-js_3.33.2-1_all.deb ...
#6 38.11 Unpacking node-core-js (3.33.2-1) ...
#6 38.49 Selecting previously unselected package node-core-js-pure.
#6 38.49 Preparing to unpack .../255-node-core-js-pure_3.33.2-1_all.deb ...
#6 38.49 Unpacking node-core-js-pure (3.33.2-1) ...
#6 38.85 Selecting previously unselected package node-fs-readdir-recursive.
#6 38.85 Preparing to unpack .../256-node-fs-readdir-recursive_1.1.0+~1.1.0-1_all.deb ...
#6 38.85 Unpacking node-fs-readdir-recursive (1.1.0+~1.1.0-1) ...
#6 38.88 Selecting previously unselected package node-js-tokens.
#6 38.88 Preparing to unpack .../257-node-js-tokens_8.0.0-2_all.deb ...
#6 38.88 Unpacking node-js-tokens (8.0.0-2) ...
#6 38.91 Selecting previously unselected package node-jsesc.
#6 38.91 Preparing to unpack .../258-node-jsesc_3.0.2+~3.0.1-1_all.deb ...
#6 38.91 Unpacking node-jsesc (3.0.2+~3.0.1-1) ...
#6 38.94 Selecting previously unselected package node-json5.
#6 38.94 Preparing to unpack .../259-node-json5_2.2.3+dfsg-1_all.deb ...
#6 38.94 Unpacking node-json5 (2.2.3+dfsg-1) ...
#6 38.97 Selecting previously unselected package node-quick-lru.
#6 38.97 Preparing to unpack .../260-node-quick-lru_6.1.1-4_all.deb ...
#6 38.97 Unpacking node-quick-lru (6.1.1-4) ...
#6 39.00 Selecting previously unselected package node-regenerator-transform.
#6 39.00 Preparing to unpack .../261-node-regenerator-transform_0.15.2+~0.10.8-1_all.deb ...
#6 39.01 Unpacking node-regenerator-transform (0.15.2+~0.10.8-1) ...
#6 39.03 Selecting previously unselected package node-regjsgen.
#6 39.04 Preparing to unpack .../262-node-regjsgen_0.7.1+ds-1_all.deb ...
#6 39.04 Unpacking node-regjsgen (0.7.1+ds-1) ...
#6 39.06 Selecting previously unselected package node-regjsparser.
#6 39.06 Preparing to unpack .../263-node-regjsparser_0.9.1+ds-2_all.deb ...
#6 39.07 Unpacking node-regjsparser (0.9.1+ds-2) ...
#6 39.10 Selecting previously unselected package node-unicode-canonical-property-names-ecmascript.
#6 39.10 Preparing to unpack .../264-node-unicode-canonical-property-names-ecmascript_2.0.0-2_all.deb ...
#6 39.10 Unpacking node-unicode-canonical-property-names-ecmascript (2.0.0-2) ...
#6 39.13 Selecting previously unselected package node-unicode-property-aliases-ecmascript.
#6 39.13 Preparing to unpack .../265-node-unicode-property-aliases-ecmascript_2.1.0+ds-1_all.deb ...
#6 39.13 Unpacking node-unicode-property-aliases-ecmascript (2.1.0+ds-1) ...
#6 39.15 Selecting previously unselected package node-unicode-match-property-ecmascript.
#6 39.16 Preparing to unpack .../266-node-unicode-match-property-ecmascript_2.0.0-2_all.deb ...
#6 39.16 Unpacking node-unicode-match-property-ecmascript (2.0.0-2) ...
#6 39.18 Selecting previously unselected package node-unicode-match-property-value-ecmascript.
#6 39.19 Preparing to unpack .../267-node-unicode-match-property-value-ecmascript_2.1.0+ds-1_all.deb ...
#6 39.19 Unpacking node-unicode-match-property-value-ecmascript (2.1.0+ds-1) ...
#6 39.21 Selecting previously unselected package node-regexpu-core.
#6 39.22 Preparing to unpack .../268-node-regexpu-core_5.2.2-3_all.deb ...
#6 39.22 Unpacking node-regexpu-core (5.2.2-3) ...
#6 39.24 Selecting previously unselected package node-source-map-support.
#6 39.24 Preparing to unpack .../269-node-source-map-support_0.5.21+ds+~0.5.10-1_all.deb ...
#6 39.25 Unpacking node-source-map-support (0.5.21+ds+~0.5.10-1) ...
#6 39.27 Selecting previously unselected package node-to-fast-properties.
#6 39.27 Preparing to unpack .../270-node-to-fast-properties_3.0.1-3_all.deb ...
#6 39.28 Unpacking node-to-fast-properties (3.0.1-3) ...
#6 39.30 Selecting previously unselected package node-v8flags.
#6 39.30 Preparing to unpack .../271-node-v8flags_3.2.0+~3.1.1-1_all.deb ...
#6 39.30 Unpacking node-v8flags (3.2.0+~3.1.1-1) ...
#6 39.33 Selecting previously unselected package node-babel7.
#6 39.33 Preparing to unpack .../272-node-babel7_7.20.15+ds1+~cs214.269.168-8_all.deb ...
#6 39.34 Unpacking node-babel7 (7.20.15+ds1+~cs214.269.168-8) ...
#6 39.79 Selecting previously unselected package node-is-arrayish.
#6 39.80 Preparing to unpack .../273-node-is-arrayish_0.3.2-3_all.deb ...
#6 39.80 Unpacking node-is-arrayish (0.3.2-3) ...
#6 39.83 Selecting previously unselected package node-error-ex.
#6 39.83 Preparing to unpack .../274-node-error-ex_1.3.2-4_all.deb ...
#6 39.83 Unpacking node-error-ex (1.3.2-4) ...
#6 39.86 Selecting previously unselected package node-json-parse-better-errors.
#6 39.86 Preparing to unpack .../275-node-json-parse-better-errors_1.0.2+~cs3.3.1-3_all.deb ...
#6 39.86 Unpacking node-json-parse-better-errors (1.0.2+~cs3.3.1-3) ...
#6 39.89 Selecting previously unselected package node-parse-json.
#6 39.89 Preparing to unpack .../276-node-parse-json_5.2.0+~cs5.1.7-2_all.deb ...
#6 39.89 Unpacking node-parse-json (5.2.0+~cs5.1.7-2) ...
#6 39.92 Selecting previously unselected package node-hosted-git-info.
#6 39.92 Preparing to unpack .../277-node-hosted-git-info_6.1.1-2_all.deb ...
#6 39.92 Unpacking node-hosted-git-info (6.1.1-2) ...
#6 39.95 Selecting previously unselected package node-spdx-license-ids.
#6 39.95 Preparing to unpack .../278-node-spdx-license-ids_3.0.12-1_all.deb ...
#6 39.95 Unpacking node-spdx-license-ids (3.0.12-1) ...
#6 39.98 Selecting previously unselected package node-spdx-exceptions.
#6 39.98 Preparing to unpack .../279-node-spdx-exceptions_2.3.0-2_all.deb ...
#6 39.98 Unpacking node-spdx-exceptions (2.3.0-2) ...
#6 40.01 Selecting previously unselected package node-spdx-expression-parse.
#6 40.01 Preparing to unpack .../280-node-spdx-expression-parse_3.0.1+~3.0.1-1_all.deb ...
#6 40.01 Unpacking node-spdx-expression-parse (3.0.1+~3.0.1-1) ...
#6 40.04 Selecting previously unselected package node-spdx-correct.
#6 40.04 Preparing to unpack .../281-node-spdx-correct_3.1.1-2_all.deb ...
#6 40.04 Unpacking node-spdx-correct (3.1.1-2) ...
#6 40.07 Selecting previously unselected package node-validate-npm-package-license.
#6 40.07 Preparing to unpack .../282-node-validate-npm-package-license_3.0.4-2_all.deb ...
#6 40.07 Unpacking node-validate-npm-package-license (3.0.4-2) ...
#6 40.10 Selecting previously unselected package node-normalize-package-data.
#6 40.10 Preparing to unpack .../283-node-normalize-package-data_4.0.1+~2.4.1-1_all.deb ...
#6 40.10 Unpacking node-normalize-package-data (4.0.1+~2.4.1-1) ...
#6 40.13 Selecting previously unselected package node-read-pkg.
#6 40.13 Preparing to unpack .../284-node-read-pkg_5.2.0-2_all.deb ...
#6 40.13 Unpacking node-read-pkg (5.2.0-2) ...
#6 40.16 Selecting previously unselected package node-uuid.
#6 40.17 Preparing to unpack .../285-node-uuid_8.3.2+~8.3.4-1_all.deb ...
#6 40.17 Unpacking node-uuid (8.3.2+~8.3.4-1) ...
#6 40.20 Selecting previously unselected package node-isexe.
#6 40.20 Preparing to unpack .../286-node-isexe_2.0.0+~2.0.1-5_all.deb ...
#6 40.20 Unpacking node-isexe (2.0.0+~2.0.1-5) ...
#6 40.23 Selecting previously unselected package node-which.
#6 40.23 Preparing to unpack .../287-node-which_2.0.2+~cs1.3.2-3_all.deb ...
#6 40.24 Unpacking node-which (2.0.2+~cs1.3.2-3) ...
#6 40.26 Selecting previously unselected package node-is-typedarray.
#6 40.27 Preparing to unpack .../288-node-is-typedarray_1.0.0-4_all.deb ...
#6 40.27 Unpacking node-is-typedarray (1.0.0-4) ...
#6 40.29 Selecting previously unselected package node-typedarray-to-buffer.
#6 40.30 Preparing to unpack .../289-node-typedarray-to-buffer_4.0.0-2_all.deb ...
#6 40.30 Unpacking node-typedarray-to-buffer (4.0.0-2) ...
#6 40.32 Selecting previously unselected package node-write-file-atomic.
#6 40.33 Preparing to unpack .../290-node-write-file-atomic_4.0.2+~4.0.0-2_all.deb ...
#6 40.33 Unpacking node-write-file-atomic (4.0.2+~4.0.0-2) ...
#6 40.35 Selecting previously unselected package node-slice-ansi.
#6 40.36 Preparing to unpack .../291-node-slice-ansi_5.0.0+~cs9.0.0-5_all.deb ...
#6 40.36 Unpacking node-slice-ansi (5.0.0+~cs9.0.0-5) ...
#6 40.38 Selecting previously unselected package node-ansi-regex.
#6 40.39 Preparing to unpack .../292-node-ansi-regex_5.0.1-1_all.deb ...
#6 40.39 Unpacking node-ansi-regex (5.0.1-1) ...
#6 40.41 Selecting previously unselected package node-strip-ansi.
#6 40.42 Preparing to unpack .../293-node-strip-ansi_6.0.1-2_all.deb ...
#6 40.42 Unpacking node-strip-ansi (6.0.1-2) ...
#6 40.44 Selecting previously unselected package node-clone.
#6 40.45 Preparing to unpack .../294-node-clone_2.1.2+~2.1.2-1_all.deb ...
#6 40.45 Unpacking node-clone (2.1.2+~2.1.2-1) ...
#6 40.47 Selecting previously unselected package node-defaults.
#6 40.47 Preparing to unpack .../295-node-defaults_1.0.4+~1.0.3-1_all.deb ...
#6 40.48 Unpacking node-defaults (1.0.4+~1.0.3-1) ...
#6 40.50 Selecting previously unselected package node-wcwidth.js.
#6 40.51 Preparing to unpack .../296-node-wcwidth.js_1.0.2-2_all.deb ...
#6 40.51 Unpacking node-wcwidth.js (1.0.2-2) ...
#6 40.53 Selecting previously unselected package node-string-width.
#6 40.54 Preparing to unpack .../297-node-string-width_4.2.3+~cs13.2.3-1_all.deb ...
#6 40.54 Unpacking node-string-width (4.2.3+~cs13.2.3-1) ...
#6 40.57 Selecting previously unselected package node-wrap-ansi.
#6 40.57 Preparing to unpack .../298-node-wrap-ansi_8.0.1+~8.0.1-3_all.deb ...
#6 40.57 Unpacking node-wrap-ansi (8.0.1+~8.0.1-3) ...
#6 40.60 Selecting previously unselected package node-cliui.
#6 40.60 Preparing to unpack .../299-node-cliui_7.0.4+repack+1+~cs1.4.2-2_all.deb ...
#6 40.60 Unpacking node-cliui (7.0.4+repack+1+~cs1.4.2-2) ...
#6 40.63 Selecting previously unselected package node-get-caller-file.
#6 40.63 Preparing to unpack .../300-node-get-caller-file_2.0.5+~cs1.1.1-4_all.deb ...
#6 40.64 Unpacking node-get-caller-file (2.0.5+~cs1.1.1-4) ...
#6 40.66 Selecting previously unselected package node-require-directory.
#6 40.66 Preparing to unpack .../301-node-require-directory_2.1.1+~2.1.2-1_all.deb ...
#6 40.67 Unpacking node-require-directory (2.1.1+~2.1.2-1) ...
#6 40.69 Selecting previously unselected package node-y18n.
#6 40.69 Preparing to unpack .../302-node-y18n_5.0.8+~5.0.0-3_all.deb ...
#6 40.70 Unpacking node-y18n (5.0.8+~5.0.0-3) ...
#6 40.72 Selecting previously unselected package node-camelcase.
#6 40.73 Preparing to unpack .../303-node-camelcase_7.0.0-3_all.deb ...
#6 40.73 Unpacking node-camelcase (7.0.0-3) ...
#6 40.76 Selecting previously unselected package node-yargs-parser.
#6 40.76 Preparing to unpack .../304-node-yargs-parser_21.1.1+~21.0.0-4_all.deb ...
#6 40.76 Unpacking node-yargs-parser (21.1.1+~21.0.0-4) ...
#6 40.79 Selecting previously unselected package node-yargs.
#6 40.79 Preparing to unpack .../305-node-yargs_16.2.0+~16.0.4-7_all.deb ...
#6 40.80 Unpacking node-yargs (16.2.0+~16.0.4-7) ...
#6 40.84 Selecting previously unselected package node-istanbul.
#6 40.84 Preparing to unpack .../306-node-istanbul_0.4.5+repack10+~cs98.25.59-3_all.deb ...
#6 40.84 Unpacking node-istanbul (0.4.5+repack10+~cs98.25.59-3) ...
#6 40.92 Selecting previously unselected package node-through.
#6 40.92 Preparing to unpack .../307-node-through_2.3.8+~cs0.0.30-1_all.deb ...
#6 40.92 Unpacking node-through (2.3.8+~cs0.0.30-1) ...
#6 40.95 Selecting previously unselected package node-resumer.
#6 40.95 Preparing to unpack .../308-node-resumer_0.0.0-6_all.deb ...
#6 40.95 Unpacking node-resumer (0.0.0-6) ...
#6 40.98 Selecting previously unselected package node-tape.
#6 40.98 Preparing to unpack .../309-node-tape_5.6.1+~cs8.20.19-3_all.deb ...
#6 40.98 Unpacking node-tape (5.6.1+~cs8.20.19-3) ...
#6 41.01 Selecting previously unselected package node-deep-equal.
#6 41.02 Preparing to unpack .../310-node-deep-equal_2.2.3+~cs43.15.94-1_all.deb ...
#6 41.02 Unpacking node-deep-equal (2.2.3+~cs43.15.94-1) ...
#6 41.08 Selecting previously unselected package libjs-util.
#6 41.09 Preparing to unpack .../311-libjs-util_0.12.5+~1.0.10-1_all.deb ...
#6 41.09 Unpacking libjs-util (0.12.5+~1.0.10-1) ...
#6 41.11 Selecting previously unselected package libjsoncpp-dev:amd64.
#6 41.12 Preparing to unpack .../312-libjsoncpp-dev_1.9.6-3_amd64.deb ...
#6 41.12 Unpacking libjsoncpp-dev:amd64 (1.9.6-3) ...
#6 41.15 Selecting previously unselected package libmbedcrypto16:amd64.
#6 41.15 Preparing to unpack .../313-libmbedcrypto16_3.6.5-0.1~deb13u1_amd64.deb ...
#6 41.16 Unpacking libmbedcrypto16:amd64 (3.6.5-0.1~deb13u1) ...
#6 41.19 Selecting previously unselected package libmbedx509-7:amd64.
#6 41.19 Preparing to unpack .../314-libmbedx509-7_3.6.5-0.1~deb13u1_amd64.deb ...
#6 41.20 Unpacking libmbedx509-7:amd64 (3.6.5-0.1~deb13u1) ...
#6 41.22 Selecting previously unselected package libmbedtls21:amd64.
#6 41.23 Preparing to unpack .../315-libmbedtls21_3.6.5-0.1~deb13u1_amd64.deb ...
#6 41.23 Unpacking libmbedtls21:amd64 (3.6.5-0.1~deb13u1) ...
#6 41.26 Selecting previously unselected package libmbedtls-dev:amd64.
#6 41.26 Preparing to unpack .../316-libmbedtls-dev_3.6.5-0.1~deb13u1_amd64.deb ...
#6 41.26 Unpacking libmbedtls-dev:amd64 (3.6.5-0.1~deb13u1) ...
#6 41.31 Selecting previously unselected package libmnl0:amd64.
#6 41.32 Preparing to unpack .../317-libmnl0_1.0.5-3_amd64.deb ...
#6 41.32 Unpacking libmnl0:amd64 (1.0.5-3) ...
#6 41.35 Selecting previously unselected package libncurses6:amd64.
#6 41.35 Preparing to unpack .../318-libncurses6_6.5+20250216-2_amd64.deb ...
#6 41.35 Unpacking libncurses6:amd64 (6.5+20250216-2) ...
#6 41.38 Selecting previously unselected package libncurses-dev:amd64.
#6 41.38 Preparing to unpack .../319-libncurses-dev_6.5+20250216-2_amd64.deb ...
#6 41.38 Unpacking libncurses-dev:amd64 (6.5+20250216-2) ...
#6 41.42 Selecting previously unselected package libnfnetlink0:amd64.
#6 41.43 Preparing to unpack .../320-libnfnetlink0_1.0.2-3_amd64.deb ...
#6 41.43 Unpacking libnfnetlink0:amd64 (1.0.2-3) ...
#6 41.46 Selecting previously unselected package libnetfilter-queue1:amd64.
#6 41.46 Preparing to unpack .../321-libnetfilter-queue1_1.0.5-4+b1_amd64.deb ...
#6 41.46 Unpacking libnetfilter-queue1:amd64 (1.0.5-4+b1) ...
#6 41.49 Selecting previously unselected package libnfnetlink-dev:amd64.
#6 41.49 Preparing to unpack .../322-libnfnetlink-dev_1.0.2-3_amd64.deb ...
#6 41.49 Unpacking libnfnetlink-dev:amd64 (1.0.2-3) ...
#6 41.52 Selecting previously unselected package pkg-config:amd64.
#6 41.52 Preparing to unpack .../323-pkg-config_1.8.1-4_amd64.deb ...
#6 41.53 Unpacking pkg-config:amd64 (1.8.1-4) ...
#6 41.55 Selecting previously unselected package libnetfilter-queue-dev:amd64.
#6 41.55 Preparing to unpack .../324-libnetfilter-queue-dev_1.0.5-4+b1_amd64.deb ...
#6 41.56 Unpacking libnetfilter-queue-dev:amd64 (1.0.5-4+b1) ...
#6 41.58 Selecting previously unselected package libssl-dev:amd64.
#6 41.58 Preparing to unpack .../325-libssl-dev_3.5.6-1~deb13u2_amd64.deb ...
#6 41.59 Unpacking libssl-dev:amd64 (3.5.6-1~deb13u2) ...
#6 41.70 Selecting previously unselected package libuv1-dev:amd64.
#6 41.70 Preparing to unpack .../326-libuv1-dev_1.50.0-2_amd64.deb ...
#6 41.71 Unpacking libuv1-dev:amd64 (1.50.0-2) ...
#6 41.73 Selecting previously unselected package libnode-dev.
#6 41.74 Preparing to unpack .../327-libnode-dev_20.19.2+dfsg-1+deb13u2_amd64.deb ...
#6 41.74 Unpacking libnode-dev (20.19.2+dfsg-1+deb13u2) ...
#6 41.82 Selecting previously unselected package zlib1g-dev:amd64.
#6 41.83 Preparing to unpack .../328-zlib1g-dev_1%3a1.3.dfsg+really1.3.1-1+b1_amd64.deb ...
#6 41.83 Unpacking zlib1g-dev:amd64 (1:1.3.dfsg+really1.3.1-1+b1) ...
#6 41.87 Selecting previously unselected package libprotobuf32t64:amd64.
#6 41.87 Preparing to unpack .../329-libprotobuf32t64_3.21.12-11+deb13u1_amd64.deb ...
#6 41.87 Unpacking libprotobuf32t64:amd64 (3.21.12-11+deb13u1) ...
#6 41.93 Selecting previously unselected package libprotobuf-lite32t64:amd64.
#6 41.93 Preparing to unpack .../330-libprotobuf-lite32t64_3.21.12-11+deb13u1_amd64.deb ...
#6 41.93 Unpacking libprotobuf-lite32t64:amd64 (3.21.12-11+deb13u1) ...
#6 41.97 Selecting previously unselected package libprotobuf-dev:amd64.
#6 41.97 Preparing to unpack .../331-libprotobuf-dev_3.21.12-11+deb13u1_amd64.deb ...
#6 41.97 Unpacking libprotobuf-dev:amd64 (3.21.12-11+deb13u1) ...
#6 42.05 Selecting previously unselected package libprotoc32t64:amd64.
#6 42.05 Preparing to unpack .../332-libprotoc32t64_3.21.12-11+deb13u1_amd64.deb ...
#6 42.05 Unpacking libprotoc32t64:amd64 (3.21.12-11+deb13u1) ...
#6 42.10 Selecting previously unselected package libreadline-dev:amd64.
#6 42.11 Preparing to unpack .../333-libreadline-dev_8.2-6_amd64.deb ...
#6 42.11 Unpacking libreadline-dev:amd64 (8.2-6) ...
#6 42.14 Selecting previously unselected package node-agent-base.
#6 42.14 Preparing to unpack .../334-node-agent-base_7.1.1~0~2024040606-6+deb13u1_all.deb ...
#6 42.15 Unpacking node-agent-base (7.1.1~0~2024040606-6+deb13u1) ...
#6 42.18 Selecting previously unselected package node-ajv-keywords.
#6 42.18 Preparing to unpack .../335-node-ajv-keywords_5.1.0-4_all.deb ...
#6 42.19 Unpacking node-ajv-keywords (5.1.0-4) ...
#6 42.23 Selecting previously unselected package node-ansi-escapes.
#6 42.23 Preparing to unpack .../336-node-ansi-escapes_5.0.0+really.4.3.1-1_all.deb ...
#6 42.23 Unpacking node-ansi-escapes (5.0.0+really.4.3.1-1) ...
#6 42.26 Selecting previously unselected package node-aproba.
#6 42.26 Preparing to unpack .../337-node-aproba_2.0.0-3_all.deb ...
#6 42.26 Unpacking node-aproba (2.0.0-3) ...
#6 42.29 Selecting previously unselected package node-delegates.
#6 42.29 Preparing to unpack .../338-node-delegates_1.0.0-3_all.deb ...
#6 42.29 Unpacking node-delegates (1.0.0-3) ...
#6 42.32 Selecting previously unselected package node-are-we-there-yet.
#6 42.32 Preparing to unpack .../339-node-are-we-there-yet_3.0.1+~1.1.0-1_all.deb ...
#6 42.32 Unpacking node-are-we-there-yet (3.0.1+~1.1.0-1) ...
#6 42.35 Selecting previously unselected package node-async-each.
#6 42.36 Preparing to unpack .../340-node-async-each_1.0.3-3_all.deb ...
#6 42.36 Unpacking node-async-each (1.0.3-3) ...
#6 42.38 Selecting previously unselected package node-babel-plugin-lodash.
#6 42.39 Preparing to unpack .../341-node-babel-plugin-lodash_3.3.4+~cs2.0.1-7_all.deb ...
#6 42.39 Unpacking node-babel-plugin-lodash (3.3.4+~cs2.0.1-7) ...
#6 42.42 Selecting previously unselected package node-base64-js.
#6 42.42 Preparing to unpack .../342-node-base64-js_1.5.1+dfsg+~1.3.0-2_all.deb ...
#6 42.42 Unpacking node-base64-js (1.5.1+dfsg+~1.3.0-2) ...
#6 42.45 Selecting previously unselected package node-binary-extensions.
#6 42.45 Preparing to unpack .../343-node-binary-extensions_2.2.0-2_all.deb ...
#6 42.45 Unpacking node-binary-extensions (2.2.0-2) ...
#6 42.48 Selecting previously unselected package node-builtins.
#6 42.48 Preparing to unpack .../344-node-builtins_5.0.1-1_all.deb ...
#6 42.48 Unpacking node-builtins (5.0.1-1) ...
#6 42.51 Selecting previously unselected package node-chownr.
#6 42.51 Preparing to unpack .../345-node-chownr_2.0.0-3_all.deb ...
#6 42.51 Unpacking node-chownr (2.0.0-3) ...
#6 42.54 Selecting previously unselected package node-iconv-lite.
#6 42.54 Preparing to unpack .../346-node-iconv-lite_0.6.3-3_all.deb ...
#6 42.54 Unpacking node-iconv-lite (0.6.3-3) ...
#6 42.57 Selecting previously unselected package node-encoding.
#6 42.57 Preparing to unpack .../347-node-encoding_0.1.13-2_all.deb ...
#6 42.58 Unpacking node-encoding (0.1.13-2) ...
#6 42.60 Selecting previously unselected package node-jsonparse.
#6 42.61 Preparing to unpack .../348-node-jsonparse_1.3.1-10_all.deb ...
#6 42.61 Unpacking node-jsonparse (1.3.1-10) ...
#6 42.63 Selecting previously unselected package node-yallist.
#6 42.64 Preparing to unpack .../349-node-yallist_4.0.0+~4.0.1-1_all.deb ...
#6 42.64 Unpacking node-yallist (4.0.0+~4.0.1-1) ...
#6 42.66 Selecting previously unselected package node-minipass.
#6 42.67 Preparing to unpack .../350-node-minipass_5.0.0+~cs10.3.21-3_all.deb ...
#6 42.67 Unpacking node-minipass (5.0.0+~cs10.3.21-3) ...
#6 42.70 Selecting previously unselected package node-iferr.
#6 42.70 Preparing to unpack .../351-node-iferr_1.0.2+~1.0.2-1_all.deb ...
#6 42.71 Unpacking node-iferr (1.0.2+~1.0.2-1) ...
#6 42.73 Selecting previously unselected package node-fs-write-stream-atomic.
#6 42.73 Preparing to unpack .../352-node-fs-write-stream-atomic_1.0.10-6_all.deb ...
#6 42.74 Unpacking node-fs-write-stream-atomic (1.0.10-6) ...
#6 42.76 Selecting previously unselected package node-run-queue.
#6 42.76 Preparing to unpack .../353-node-run-queue_2.0.0-3_all.deb ...
#6 42.77 Unpacking node-run-queue (2.0.0-3) ...
#6 42.79 Selecting previously unselected package node-copy-concurrently.
#6 42.79 Preparing to unpack .../354-node-copy-concurrently_1.0.5-9_all.deb ...
#6 42.80 Unpacking node-copy-concurrently (1.0.5-9) ...
#6 42.82 Selecting previously unselected package node-move-concurrently.
#6 42.82 Preparing to unpack .../355-node-move-concurrently_1.0.1-5_all.deb ...
#6 42.83 Unpacking node-move-concurrently (1.0.1-5) ...
#6 42.85 Selecting previously unselected package node-promise-inflight.
#6 42.86 Preparing to unpack .../356-node-promise-inflight_1.0.1+~1.0.0-1_all.deb ...
#6 42.86 Unpacking node-promise-inflight (1.0.1+~1.0.0-1) ...
#6 42.88 Selecting previously unselected package node-ssri.
#6 42.89 Preparing to unpack .../357-node-ssri_9.0.1-3_all.deb ...
#6 42.89 Unpacking node-ssri (9.0.1-3) ...
#6 42.91 Selecting previously unselected package node-unique-filename.
#6 42.92 Preparing to unpack .../358-node-unique-filename_1.1.1+ds-2_all.deb ...
#6 42.92 Unpacking node-unique-filename (1.1.1+ds-2) ...
#6 42.94 Selecting previously unselected package node-cacache.
#6 42.95 Preparing to unpack .../359-node-cacache_17.0.3+~cs10.3.7-2_all.deb ...
#6 42.95 Unpacking node-cacache (17.0.3+~cs10.3.7-2) ...
#6 42.98 Selecting previously unselected package node-is-binary-path.
#6 42.98 Preparing to unpack .../360-node-is-binary-path_2.1.0-5_all.deb ...
#6 42.99 Unpacking node-is-binary-path (2.1.0-5) ...
#6 43.01 Selecting previously unselected package node-path-is-absolute.
#6 43.02 Preparing to unpack .../361-node-path-is-absolute_2.0.0-2_all.deb ...
#6 43.02 Unpacking node-path-is-absolute (2.0.0-2) ...
#6 43.04 Selecting previously unselected package node-set-immediate-shim.
#6 43.05 Preparing to unpack .../362-node-set-immediate-shim_2.0.0-2_all.deb ...
#6 43.05 Unpacking node-set-immediate-shim (2.0.0-2) ...
#6 43.07 Selecting previously unselected package node-readdirp.
#6 43.07 Preparing to unpack .../363-node-readdirp_3.6.0-1_all.deb ...
#6 43.08 Unpacking node-readdirp (3.6.0-1) ...
#6 43.10 Selecting previously unselected package node-chokidar.
#6 43.10 Preparing to unpack .../364-node-chokidar_3.6.0-3_all.deb ...
#6 43.11 Unpacking node-chokidar (3.6.0-3) ...
#6 43.13 Selecting previously unselected package node-tslib.
#6 43.14 Preparing to unpack .../365-node-tslib_2.4.1-1_all.deb ...
#6 43.14 Unpacking node-tslib (2.4.1-1) ...
#6 43.16 Selecting previously unselected package node-chrome-trace-event.
#6 43.17 Preparing to unpack .../366-node-chrome-trace-event_1.0.3-2_all.deb ...
#6 43.17 Unpacking node-chrome-trace-event (1.0.3-2) ...
#6 43.19 Selecting previously unselected package node-ci-info.
#6 43.20 Preparing to unpack .../367-node-ci-info_4.0.0+~cs1.1.0-1_all.deb ...
#6 43.20 Unpacking node-ci-info (4.0.0+~cs1.1.0-1) ...
#6 43.23 Selecting previously unselected package node-colors.
#6 43.23 Preparing to unpack .../368-node-colors_1.4.0-4_all.deb ...
#6 43.23 Unpacking node-colors (1.4.0-4) ...
#6 43.26 Selecting previously unselected package node-cli-table.
#6 43.26 Preparing to unpack .../369-node-cli-table_0.3.11+~cs0.13.4-3_all.deb ...
#6 43.26 Unpacking node-cli-table (0.3.11+~cs0.13.4-3) ...
#6 43.29 Selecting previously unselected package node-columnify.
#6 43.30 Preparing to unpack .../370-node-columnify_1.6.0+~1.5.1-1_all.deb ...
#6 43.30 Unpacking node-columnify (1.6.0+~1.5.1-1) ...
#6 43.32 Selecting previously unselected package node-console-control-strings.
#6 43.33 Preparing to unpack .../371-node-console-control-strings_1.1.0-3_all.deb ...
#6 43.33 Unpacking node-console-control-strings (1.1.0-3) ...
#6 43.35 Selecting previously unselected package node-css-selector-tokenizer.
#6 43.35 Preparing to unpack .../372-node-css-selector-tokenizer_0.8.0+~cs4.8.3-1_all.deb ...
#6 43.36 Unpacking node-css-selector-tokenizer (0.8.0+~cs4.8.3-1) ...
#6 43.39 Selecting previously unselected package node-postcss.
#6 43.39 Preparing to unpack .../373-node-postcss_8.4.49+~cs9.2.32-1_all.deb ...
#6 43.39 Unpacking node-postcss (8.4.49+~cs9.2.32-1) ...
#6 43.43 Selecting previously unselected package node-icss-utils.
#6 43.43 Preparing to unpack .../374-node-icss-utils_5.1.0+~5.1.0-1_all.deb ...
#6 43.44 Unpacking node-icss-utils (5.1.0+~5.1.0-1) ...
#6 43.46 Selecting previously unselected package node-postcss-modules-extract-imports.
#6 43.46 Preparing to unpack .../375-node-postcss-modules-extract-imports_3.0.0-2_all.deb ...
#6 43.47 Unpacking node-postcss-modules-extract-imports (3.0.0-2) ...
#6 43.49 Selecting previously unselected package node-postcss-modules-values.
#6 43.50 Preparing to unpack .../376-node-postcss-modules-values_4.0.0+~4.0.0-1_all.deb ...
#6 43.50 Unpacking node-postcss-modules-values (4.0.0+~4.0.0-1) ...
#6 43.52 Selecting previously unselected package node-postcss-value-parser.
#6 43.53 Preparing to unpack .../377-node-postcss-value-parser_4.2.0-1_all.deb ...
#6 43.53 Unpacking node-postcss-value-parser (4.2.0-1) ...
#6 43.56 Selecting previously unselected package node-prr.
#6 43.56 Preparing to unpack .../378-node-prr_1.0.1-3_all.deb ...
#6 43.56 Unpacking node-prr (1.0.1-3) ...
#6 43.59 Selecting previously unselected package node-errno.
#6 43.59 Preparing to unpack .../379-node-errno_1.0.0-3_all.deb ...
#6 43.59 Unpacking node-errno (1.0.0-3) ...
#6 43.62 Selecting previously unselected package node-memory-fs.
#6 43.62 Preparing to unpack .../380-node-memory-fs_0.5.0+~0.3.3-2_all.deb ...
#6 43.62 Unpacking node-memory-fs (0.5.0+~0.3.3-2) ...
#6 43.65 Selecting previously unselected package node-tapable.
#6 43.65 Preparing to unpack .../381-node-tapable_2.2.1-3_all.deb ...
#6 43.65 Unpacking node-tapable (2.2.1-3) ...
#6 43.68 Selecting previously unselected package node-enhanced-resolve.
#6 43.68 Preparing to unpack .../382-node-enhanced-resolve_5.15.0-1_all.deb ...
#6 43.68 Unpacking node-enhanced-resolve (5.15.0-1) ...
#6 43.71 Selecting previously unselected package node-es-module-lexer.
#6 43.72 Preparing to unpack .../383-node-es-module-lexer_1.1.0+dfsg-3_all.deb ...
#6 43.72 Unpacking node-es-module-lexer (1.1.0+dfsg-3) ...
#6 43.75 Selecting previously unselected package node-events.
#6 43.75 Preparing to unpack .../384-node-events_3.3.0+~3.0.0-3_all.deb ...
#6 43.75 Unpacking node-events (3.3.0+~3.0.0-3) ...
#6 43.78 Selecting previously unselected package node-resolve-cwd.
#6 43.78 Preparing to unpack .../385-node-resolve-cwd_3.0.0-2_all.deb ...
#6 43.78 Unpacking node-resolve-cwd (3.0.0-2) ...
#6 43.81 Selecting previously unselected package node-jest-debbundle.
#6 43.81 Preparing to unpack .../386-node-jest-debbundle_29.6.2~ds1+~cs73.45.28-5_all.deb ...
#6 43.81 Unpacking node-jest-debbundle (29.6.2~ds1+~cs73.45.28-5) ...
#6 43.87 Selecting previously unselected package node-interpret.
#6 43.87 Preparing to unpack .../387-node-interpret_2.2.0-3_all.deb ...
#6 43.88 Unpacking node-interpret (2.2.0-3) ...
#6 43.90 Selecting previously unselected package node-merge-stream.
#6 43.90 Preparing to unpack .../388-node-merge-stream_2.0.0+~1.1.2-2_all.deb ...
#6 43.91 Unpacking node-merge-stream (2.0.0+~1.1.2-2) ...
#6 43.93 Selecting previously unselected package node-jest-worker.
#6 43.93 Preparing to unpack .../389-node-jest-worker_29.6.2~ds1+~cs73.45.28-5_all.deb ...
#6 43.94 Unpacking node-jest-worker (29.6.2~ds1+~cs73.45.28-5) ...
#6 43.97 Selecting previously unselected package node-loader-runner.
#6 43.98 Preparing to unpack .../390-node-loader-runner_4.3.0-1_all.deb ...
#6 43.98 Unpacking node-loader-runner (4.3.0-1) ...
#6 44.01 Selecting previously unselected package node-mime.
#6 44.01 Preparing to unpack .../391-node-mime_3.0.0+dfsg+~cs6.97.2-2_all.deb ...
#6 44.02 Unpacking node-mime (3.0.0+dfsg+~cs6.97.2-2) ...
#6 44.05 Selecting previously unselected package node-mime-types.
#6 44.05 Preparing to unpack .../392-node-mime-types_2.1.35-2_all.deb ...
#6 44.06 Unpacking node-mime-types (2.1.35-2) ...
#6 44.08 Selecting previously unselected package node-rechoir.
#6 44.08 Preparing to unpack .../393-node-rechoir_0.8.0+~0.6.1-2_all.deb ...
#6 44.09 Unpacking node-rechoir (0.8.0+~0.6.1-2) ...
#6 44.11 Selecting previously unselected package node-schema-utils.
#6 44.12 Preparing to unpack .../394-node-schema-utils_4.2.0~ds-3_all.deb ...
#6 44.12 Unpacking node-schema-utils (4.2.0~ds-3) ...
#6 44.15 Selecting previously unselected package node-randombytes.
#6 44.15 Preparing to unpack .../395-node-randombytes_2.1.0+~2.0.0-2_all.deb ...
#6 44.15 Unpacking node-randombytes (2.1.0+~2.0.0-2) ...
#6 44.18 Selecting previously unselected package node-serialize-javascript.
#6 44.18 Preparing to unpack .../396-node-serialize-javascript_6.0.2-1_all.deb ...
#6 44.18 Unpacking node-serialize-javascript (6.0.2-1) ...
#6 44.21 Selecting previously unselected package node-watchpack.
#6 44.21 Preparing to unpack .../397-node-watchpack_2.4.0+~cs2.8.1-1_all.deb ...
#6 44.21 Unpacking node-watchpack (2.4.0+~cs2.8.1-1) ...
#6 44.24 Selecting previously unselected package node-webassemblyjs.
#6 44.24 Preparing to unpack .../398-node-webassemblyjs_1.11.4+dfsg+~cs10.11.17-2_all.deb ...
#6 44.25 Unpacking node-webassemblyjs (1.11.4+dfsg+~cs10.11.17-2) ...
#6 44.35 Selecting previously unselected package node-source-list-map.
#6 44.35 Preparing to unpack .../399-node-source-list-map_2.0.1+dfsg+~0.1.2-1_all.deb ...
#6 44.36 Unpacking node-source-list-map (2.0.1+dfsg+~0.1.2-1) ...
#6 44.38 Selecting previously unselected package node-webpack-sources.
#6 44.39 Preparing to unpack .../400-node-webpack-sources_3.2.3+~3.2.0-2_all.deb ...
#6 44.39 Unpacking node-webpack-sources (3.2.3+~3.2.0-2) ...
#6 44.42 Selecting previously unselected package node-terser.
#6 44.42 Preparing to unpack .../401-node-terser_5.38.0-1_all.deb ...
#6 44.43 Unpacking node-terser (5.38.0-1) ...
#6 44.46 Selecting previously unselected package terser.
#6 44.47 Preparing to unpack .../402-terser_5.38.0-1_all.deb ...
#6 44.47 Unpacking terser (5.38.0-1) ...
#6 44.49 Selecting previously unselected package node-get-stream.
#6 44.50 Preparing to unpack .../403-node-get-stream_8.0.1-11_all.deb ...
#6 44.50 Unpacking node-get-stream (8.0.1-11) ...
#6 44.52 Selecting previously unselected package node-mimic-fn.
#6 44.53 Preparing to unpack .../404-node-mimic-fn_4.0.0-5_all.deb ...
#6 44.53 Unpacking node-mimic-fn (4.0.0-5) ...
#6 44.55 Selecting previously unselected package node-strip-eof.
#6 44.56 Preparing to unpack .../405-node-strip-eof_3.0.0-5_all.deb ...
#6 44.56 Unpacking node-strip-eof (3.0.0-5) ...
#6 44.58 Selecting previously unselected package node-execa.
#6 44.59 Preparing to unpack .../406-node-execa_8.0.1+dfsg1+~cs12.0.0-1_all.deb ...
#6 44.59 Unpacking node-execa (8.0.1+dfsg1+~cs12.0.0-1) ...
#6 44.62 Selecting previously unselected package node-envinfo.
#6 44.62 Preparing to unpack .../407-node-envinfo_7.11.0+~cs14.3.0-3_all.deb ...
#6 44.63 Unpacking node-envinfo (7.11.0+~cs14.3.0-3) ...
#6 44.66 Selecting previously unselected package webpack.
#6 44.66 Preparing to unpack .../408-webpack_5.97.1+dfsg1+~cs11.18.27-3_all.deb ...
#6 44.67 Unpacking webpack (5.97.1+dfsg1+~cs11.18.27-3) ...
#6 44.81 Selecting previously unselected package node-css-loader.
#6 44.82 Preparing to unpack .../409-node-css-loader_6.8.1+~cs14.0.17-1_all.deb ...
#6 44.82 Unpacking node-css-loader (6.8.1+~cs14.0.17-1) ...
#6 44.85 Selecting previously unselected package node-data-uri-to-buffer.
#6 44.86 Preparing to unpack .../410-node-data-uri-to-buffer_6.0.2~0~2024040606-6+deb13u1_all.deb ...
#6 44.86 Unpacking node-data-uri-to-buffer (6.0.2~0~2024040606-6+deb13u1) ...
#6 44.88 Selecting previously unselected package node-mimic-response.
#6 44.89 Preparing to unpack .../411-node-mimic-response_3.1.0-9_all.deb ...
#6 44.89 Unpacking node-mimic-response (3.1.0-9) ...
#6 44.92 Selecting previously unselected package node-decompress-response.
#6 44.92 Preparing to unpack .../412-node-decompress-response_6.0.0-3_all.deb ...
#6 44.92 Unpacking node-decompress-response (6.0.0-3) ...
#6 44.94 Selecting previously unselected package node-depd.
#6 44.95 Preparing to unpack .../413-node-depd_2.0.0-2_all.deb ...
#6 44.95 Unpacking node-depd (2.0.0-2) ...
#6 44.98 Selecting previously unselected package node-diff.
#6 44.98 Preparing to unpack .../414-node-diff_5.0.0~dfsg+~5.0.1-4_all.deb ...
#6 44.98 Unpacking node-diff (5.0.0~dfsg+~5.0.1-4) ...
#6 45.01 Selecting previously unselected package node-err-code.
#6 45.02 Preparing to unpack .../415-node-err-code_2.0.3+dfsg-3_all.deb ...
#6 45.02 Unpacking node-err-code (2.0.3+dfsg-3) ...
#6 45.04 Selecting previously unselected package node-time-stamp.
#6 45.04 Preparing to unpack .../416-node-time-stamp_2.2.0-2_all.deb ...
#6 45.05 Unpacking node-time-stamp (2.2.0-2) ...
#6 45.07 Selecting previously unselected package node-fancy-log.
#6 45.07 Preparing to unpack .../417-node-fancy-log_1.3.3+~cs1.3.1-2_all.deb ...
#6 45.08 Unpacking node-fancy-log (1.3.3+~cs1.3.1-2) ...
#6 45.10 Selecting previously unselected package node-fetch.
#6 45.11 Preparing to unpack .../418-node-fetch_3.3.2+~cs11.4.11-3_all.deb ...
#6 45.12 Unpacking node-fetch (3.3.2+~cs11.4.11-3) ...
#6 45.18 Selecting previously unselected package node-has-unicode.
#6 45.18 Preparing to unpack .../419-node-has-unicode_2.0.1-5_all.deb ...
#6 45.18 Unpacking node-has-unicode (2.0.1-5) ...
#6 45.21 Selecting previously unselected package node-wide-align.
#6 45.21 Preparing to unpack .../420-node-wide-align_1.1.3-4_all.deb ...
#6 45.21 Unpacking node-wide-align (1.1.3-4) ...
#6 45.24 Selecting previously unselected package node-gauge.
#6 45.25 Preparing to unpack .../421-node-gauge_4.0.4-2_all.deb ...
#6 45.25 Unpacking node-gauge (4.0.4-2) ...
#6 45.28 Selecting previously unselected package node-lowercase-keys.
#6 45.28 Preparing to unpack .../422-node-lowercase-keys_2.0.0-2_all.deb ...
#6 45.28 Unpacking node-lowercase-keys (2.0.0-2) ...
#6 45.30 Selecting previously unselected package node-json-buffer.
#6 45.31 Preparing to unpack .../423-node-json-buffer_3.0.1+~3.0.0-1_all.deb ...
#6 45.31 Unpacking node-json-buffer (3.0.1+~3.0.0-1) ...
#6 45.33 Selecting previously unselected package node-p-cancelable.
#6 45.34 Preparing to unpack .../424-node-p-cancelable_2.1.1-1_all.deb ...
#6 45.34 Unpacking node-p-cancelable (2.1.1-1) ...
#6 45.36 Selecting previously unselected package node-got.
#6 45.37 Preparing to unpack .../425-node-got_11.8.5+~cs58.13.36-5_all.deb ...
#6 45.37 Unpacking node-got (11.8.5+~cs58.13.36-5) ...
#6 45.42 Selecting previously unselected package node-https-proxy-agent.
#6 45.42 Preparing to unpack .../426-node-https-proxy-agent_7.0.4~0~2024040606-6+deb13u1_all.deb ...
#6 45.43 Unpacking node-https-proxy-agent (7.0.4~0~2024040606-6+deb13u1) ...
#6 45.45 Selecting previously unselected package node-set-blocking.
#6 45.45 Preparing to unpack .../427-node-set-blocking_2.0.0-2_all.deb ...
#6 45.46 Unpacking node-set-blocking (2.0.0-2) ...
#6 45.48 Selecting previously unselected package node-npmlog.
#6 45.48 Preparing to unpack .../428-node-npmlog_7.0.1+~4.1.4-1_all.deb ...
#6 45.48 Unpacking node-npmlog (7.0.1+~4.1.4-1) ...
#6 45.51 Selecting previously unselected package node-osenv.
#6 45.51 Preparing to unpack .../429-node-osenv_0.1.5+~0.1.1-1_all.deb ...
#6 45.51 Unpacking node-osenv (0.1.5+~0.1.1-1) ...
#6 45.54 Selecting previously unselected package node-tar.
#6 45.54 Preparing to unpack .../430-node-tar_6.2.1+~cs7.0.8-1+deb13u1_all.deb ...
#6 45.54 Unpacking node-tar (6.2.1+~cs7.0.8-1+deb13u1) ...
#6 45.57 Selecting previously unselected package node-gyp.
#6 45.58 Preparing to unpack .../431-node-gyp_11.1.0+~5.0.0-1_all.deb ...
#6 45.58 Unpacking node-gyp (11.1.0+~5.0.0-1) ...
#6 45.61 Selecting previously unselected package node-http-proxy-agent.
#6 45.61 Preparing to unpack .../432-node-http-proxy-agent_7.0.2~0~2024040606-6+deb13u1_all.deb ...
#6 45.62 Unpacking node-http-proxy-agent (7.0.2~0~2024040606-6+deb13u1) ...
#6 45.64 Selecting previously unselected package node-ieee754.
#6 45.65 Preparing to unpack .../433-node-ieee754_1.2.1-3_all.deb ...
#6 45.65 Unpacking node-ieee754 (1.2.1-3) ...
#6 45.67 Selecting previously unselected package node-ini.
#6 45.67 Preparing to unpack .../434-node-ini_3.0.1-2_all.deb ...
#6 45.68 Unpacking node-ini (3.0.1-2) ...
#6 45.70 Selecting previously unselected package node-ip.
#6 45.70 Preparing to unpack .../435-node-ip_2.0.1+~1.1.3-3_all.deb ...
#6 45.71 Unpacking node-ip (2.0.1+~1.1.3-3) ...
#6 45.73 Selecting previously unselected package node-ip-regex.
#6 45.73 Preparing to unpack .../436-node-ip-regex_4.3.0+~4.1.1-1_all.deb ...
#6 45.74 Unpacking node-ip-regex (4.3.0+~4.1.1-1) ...
#6 45.76 Selecting previously unselected package node-mute-stream.
#6 45.76 Preparing to unpack .../437-node-mute-stream_0.0.8+~0.0.1-3_all.deb ...
#6 45.77 Unpacking node-mute-stream (0.0.8+~0.0.1-3) ...
#6 45.79 Selecting previously unselected package node-negotiator.
#6 45.79 Preparing to unpack .../438-node-negotiator_0.6.3+~0.6.1-1_all.deb ...
#6 45.80 Unpacking node-negotiator (0.6.3+~0.6.1-1) ...
#6 45.82 Selecting previously unselected package node-read-package-json.
#6 45.82 Preparing to unpack .../439-node-read-package-json_5.0.2+~2.0.0-2_all.deb ...
#6 45.83 Unpacking node-read-package-json (5.0.2+~2.0.0-2) ...
#6 45.85 Selecting previously unselected package node-npm-bundled.
#6 45.86 Preparing to unpack .../440-node-npm-bundled_2.0.1-2_all.deb ...
#6 45.86 Unpacking node-npm-bundled (2.0.1-2) ...
#6 45.88 Selecting previously unselected package node-validate-npm-package-name.
#6 45.88 Preparing to unpack .../441-node-validate-npm-package-name_5.0.0+~4.0.0-1_all.deb ...
#6 45.89 Unpacking node-validate-npm-package-name (5.0.0+~4.0.0-1) ...
#6 45.91 Selecting previously unselected package node-npm-package-arg.
#6 45.91 Preparing to unpack .../442-node-npm-package-arg_10.0.0+~3.0.0-2_all.deb ...
#6 45.92 Unpacking node-npm-package-arg (10.0.0+~3.0.0-2) ...
#6 45.94 Selecting previously unselected package node-retry.
#6 45.95 Preparing to unpack .../443-node-retry_0.13.1.+~cs2.19.16-1_all.deb ...
#6 45.95 Unpacking node-retry (0.13.1.+~cs2.19.16-1) ...
#6 45.98 Selecting previously unselected package node-promise-retry.
#6 45.98 Preparing to unpack .../444-node-promise-retry_2.0.1-4_all.deb ...
#6 45.98 Unpacking node-promise-retry (2.0.1-4) ...
#6 46.01 Selecting previously unselected package node-read.
#6 46.01 Preparing to unpack .../445-node-read_1.0.7-5_all.deb ...
#6 46.01 Unpacking node-read (1.0.7-5) ...
#6 46.04 Selecting previously unselected package node-promzard.
#6 46.04 Preparing to unpack .../446-node-promzard_0.3.0-2_all.deb ...
#6 46.04 Unpacking node-promzard (0.3.0-2) ...
#6 46.07 Selecting previously unselected package node-text-table.
#6 46.07 Preparing to unpack .../447-node-text-table_0.2.0-4_all.deb ...
#6 46.07 Unpacking node-text-table (0.2.0-4) ...
#6 46.10 Selecting previously unselected package npm.
#6 46.10 Preparing to unpack .../448-npm_9.2.0~ds1-3_all.deb ...
#6 46.11 Unpacking npm (9.2.0~ds1-3) ...
#6 46.27 Selecting previously unselected package protobuf-compiler.
#6 46.27 Preparing to unpack .../449-protobuf-compiler_3.21.12-11+deb13u1_amd64.deb ...
#6 46.28 Unpacking protobuf-compiler (3.21.12-11+deb13u1) ...
#6 46.32 Setting up libprotobuf-lite32t64:amd64 (3.21.12-11+deb13u1) ...
#6 46.33 Setting up media-types (13.0.0) ...
#6 46.34 Setting up libuv1-dev:amd64 (1.50.0-2) ...
#6 46.34 Setting up node-colors (1.4.0-4) ...
#6 46.35 Setting up node-fs.realpath (1.0.0-3) ...
#6 46.36 Setting up node-ampproject-remapping (2.2.0+~cs5.15.37-1) ...
#6 46.36 Setting up node-diff (5.0.0~dfsg+~5.0.1-4) ...
#6 46.37 Setting up libjsoncpp-dev:amd64 (1.9.6-3) ...
#6 46.38 Setting up libprotobuf32t64:amd64 (3.21.12-11+deb13u1) ...
#6 46.38 Setting up node-lru-cache (10.0.1-3) ...
#6 46.39 Setting up node-abbrev (1.1.1+~1.1.2-1) ...
#6 46.40 Setting up node-path-is-inside (1.0.2+~1.0.0-1) ...
#6 46.41 Setting up libjs-sprintf-js (1.1.2+ds1+~1.1.2-1) ...
#6 46.41 Setting up node-pify (5.0.0+~cs5.0.1-1) ...
#6 46.42 Setting up node-p-limit (4.0.0+~cs4.0.0-5) ...
#6 46.43 Setting up node-yallist (4.0.0+~4.0.1-1) ...
#6 46.43 Setting up libjs-inherits (2.0.4-6) ...
#6 46.44 Setting up node-p-cancelable (2.1.1-1) ...
#6 46.45 Setting up node-is-windows (1.0.2+~cs1.0.0-1) ...
#6 46.46 Setting up node-ansi-regex (5.0.1-1) ...
#6 46.46 Setting up node-loader-runner (4.3.0-1) ...
#6 46.47 Setting up node-object-inspect (1.12.2+~cs1.8.1-1) ...
#6 46.48 Setting up node-slash (4.0.0-3) ...
#6 46.48 Setting up node-util-deprecate (1.0.2-3) ...
#6 46.49 Setting up node-ieee754 (1.2.1-3) ...
#6 46.50 Setting up node-fs-readdir-recursive (1.1.0+~1.1.0-1) ...
#6 46.51 Setting up node-v8flags (3.2.0+~3.1.1-1) ...
#6 46.51 Setting up node-retry (0.13.1.+~cs2.19.16-1) ...
#6 46.52 Setting up node-get-caller-file (2.0.5+~cs1.1.1-4) ...
#6 46.53 Setting up node-arrify (2.0.1-3) ...
#6 46.54 Setting up node-eslint-visitor-keys (3.3.0+~1.0.0-1) ...
#6 46.54 Setting up node-caniuse-lite (1.0.30001723+dfsg+~1.0.5-1) ...
#6 46.55 Setting up node-isobject (4.0.0-2) ...
#6 46.56 Setting up node-delegates (1.0.0-3) ...
#6 46.56 Setting up node-depd (2.0.0-2) ...
#6 46.57 Setting up node-isexe (2.0.0+~2.0.1-5) ...
#6 46.58 Setting up node-resolve (1.22.8+~cs5.34.15-2) ...
#6 46.58 Setting up node-jsonparse (1.3.1-10) ...
#6 46.59 Setting up node-core-js-pure (3.33.2-1) ...
#6 46.60 Setting up node-es-module-lexer (1.1.0+dfsg-3) ...
#6 46.61 Setting up node-path-exists (5.0.0-8) ...
#6 46.61 Setting up libboost-system1.83.0:amd64 (1.83.0-4.2) ...
#6 46.62 Setting up node-unicode-match-property-value-ecmascript (2.1.0+ds-1) ...
#6 46.63 Setting up node-escape-string-regexp (4.0.0-2) ...
#6 46.64 Setting up node-through (2.3.8+~cs0.0.30-1) ...
#6 46.65 Setting up binutils-common:amd64 (2.44-3) ...
#6 46.65 Setting up libjs-source-map (0.7.0++dfsg2+really.0.6.1-15) ...
#6 46.66 Setting up node-p-locate (6.0.0-12) ...
#6 46.67 Setting up node-negotiator (0.6.3+~0.6.1-1) ...
#6 46.67 Setting up node-tslib (2.4.1-1) ...
#6 46.68 Setting up node-strip-bom (4.0.0-2) ...
#6 46.69 Setting up linux-libc-dev (6.12.95-1) ...
#6 46.70 Setting up libctf-nobfd0:amd64 (2.44-3) ...
#6 46.70 Setting up node-ci-info (4.0.0+~cs1.1.0-1) ...
#6 46.71 Setting up node-color-name (1.1.4+~1.1.1-2) ...
#6 46.72 Setting up node-chrome-trace-event (1.0.3-2) ...
#6 46.73 Setting up node-json-buffer (3.0.1+~3.0.0-1) ...
#6 46.73 Setting up node-electron-to-chromium (1.5.166-1) ...
#6 46.74 Setting up node-cjs-module-lexer (1.2.3+dfsg-1) ...
#6 46.75 Setting up node-console-control-strings (1.1.0-3) ...
#6 46.76 Setting up node-source-list-map (2.0.1+dfsg+~0.1.2-1) ...
#6 46.76 Setting up node-camelcase (7.0.0-3) ...
#6 46.77 Setting up node-resumer (0.0.0-6) ...
#6 46.78 Setting up node-uuid (8.3.2+~8.3.4-1) ...
#6 46.79 Setting up libboost-filesystem1.83.0:amd64 (1.83.0-4.2) ...
#6 46.80 Setting up libgomp1:amd64 (14.2.0-19) ...
#6 46.80 Setting up bzip2 (1.0.8-6) ...
#6 46.81 Setting up node-terser (5.38.0-1) ...
#6 46.82 Setting up node-path-type (4.0.0-3) ...
#6 46.82 Setting up node-indent-string (4.0.0-2) ...
#6 46.83 Setting up libsframe1:amd64 (2.44-3) ...
#6 46.84 Setting up node-typedarray (0.0.7-1) ...
#6 46.85 Setting up libjansson4:amd64 (2.14-2+b3) ...
#6 46.85 Setting up node-function-bind (1.1.2+~cs2.1.14-1) ...
#6 46.86 Setting up node-clone (2.1.2+~2.1.2-1) ...
#6 46.87 Setting up node-p-map (4.0.0+~3.1.0+~3.0.1-2) ...
#6 46.88 Setting up node-iferr (1.0.2+~1.0.2-1) ...
#6 46.88 Setting up node-chownr (2.0.0-3) ...
#6 46.89 Setting up node-has-flag (5.0.1-1) ...
#6 46.90 Setting up node-estraverse (5.3.0+ds+~5.1.1-1) ...
#6 46.90 Setting up node-regjsgen (0.7.1+ds-1) ...
#6 46.91 Setting up libboost-atomic1.83.0:amd64 (1.83.0-4.2) ...
#6 46.92 Setting up node-lodash-packages (4.17.21+dfsg+~cs8.31.198.20210220-9) ...
#6 46.93 Setting up node-json-schema-traverse (1.0.0-3) ...
#6 46.94 Setting up node-inherits (2.0.4-6) ...
#6 46.95 Setting up node-path-is-absolute (2.0.0-2) ...
#6 46.96 Setting up node-locate-path (7.1.1-2) ...
#6 46.97 Setting up node-ini (3.0.1-2) ...
#6 46.97 Setting up node-postcss-value-parser (4.2.0-1) ...
#6 46.98 Setting up node-is-descriptor (3.0.0-2) ...
#6 46.99 Setting up node-safe-buffer (5.2.1+~cs2.1.2-3) ...
#6 47.00 Setting up node-promise-inflight (1.0.1+~1.0.0-1) ...
#6 47.00 Setting up libpkgconf3:amd64 (1.8.1-4) ...
#6 47.01 Setting up rpcsvc-proto (1.4.3-1) ...
#6 47.02 Setting up node-rechoir (0.8.0+~0.6.1-2) ...
#6 47.03 Setting up node-json-parse-better-errors (1.0.2+~cs3.3.1-3) ...
#6 47.03 Setting up node-unicode-canonical-property-names-ecmascript (2.0.0-2) ...
#6 47.04 Setting up node-sprintf-js (1.1.2+ds1+~1.1.2-1) ...
#6 47.05 Setting up node-flatted (3.2.7~ds-1+deb13u1) ...
#6 47.06 Setting up node-y18n (5.0.8+~5.0.0-3) ...
#6 47.07 Setting up node-fast-deep-equal (3.1.3-3) ...
#6 47.07 Setting up node-shebang-regex (3.0.0-2) ...
#6 47.08 Setting up node-err-code (2.0.3+dfsg-3) ...
#6 47.09 Setting up node-resolve-from (5.0.0+~3.1.0+~3.3.0+~2.0.0-1) ...
#6 47.09 Setting up make (4.4.1-2) ...
#6 47.10 Setting up libmpfr6:amd64 (4.2.2-1) ...
#6 47.11 Setting up node-balanced-match (2.0.0-1) ...
#6 47.11 Setting up node-convert-source-map (1.9.0+~1.5.2-1) ...
#6 47.12 Setting up node-brace-expansion (2.0.1+~1.1.0-2) ...
#6 47.13 Setting up libncurses6:amd64 (6.5+20250216-2) ...
#6 47.14 Setting up node-is-stream (3.0.0-4) ...
#6 47.14 Setting up node-spdx-exceptions (2.3.0-2) ...
#6 47.15 Setting up libdbus-1-3:amd64 (1.16.2-2) ...
#6 47.16 Setting up xz-utils (5.8.1-1+deb13u1) ...
#6 47.16 update-alternatives: using /usr/bin/xz to provide /usr/bin/lzma (lzma) in auto mode
#6 47.16 update-alternatives: warning: skip creation of /usr/share/man/man1/lzma.1.gz because associated file /usr/share/man/man1/xz.1.gz (of link group lzma) doesn't exist
#6 47.17 update-alternatives: warning: skip creation of /usr/share/man/man1/unlzma.1.gz because associated file /usr/share/man/man1/unxz.1.gz (of link group lzma) doesn't exist
#6 47.17 update-alternatives: warning: skip creation of /usr/share/man/man1/lzcat.1.gz because associated file /usr/share/man/man1/xzcat.1.gz (of link group lzma) doesn't exist
#6 47.17 update-alternatives: warning: skip creation of /usr/share/man/man1/lzmore.1.gz because associated file /usr/share/man/man1/xzmore.1.gz (of link group lzma) doesn't exist
#6 47.17 update-alternatives: warning: skip creation of /usr/share/man/man1/lzless.1.gz because associated file /usr/share/man/man1/xzless.1.gz (of link group lzma) doesn't exist
#6 47.17 update-alternatives: warning: skip creation of /usr/share/man/man1/lzdiff.1.gz because associated file /usr/share/man/man1/xzdiff.1.gz (of link group lzma) doesn't exist
#6 47.17 update-alternatives: warning: skip creation of /usr/share/man/man1/lzcmp.1.gz because associated file /usr/share/man/man1/xzcmp.1.gz (of link group lzma) doesn't exist
#6 47.17 update-alternatives: warning: skip creation of /usr/share/man/man1/lzgrep.1.gz because associated file /usr/share/man/man1/xzgrep.1.gz (of link group lzma) doesn't exist
#6 47.17 update-alternatives: warning: skip creation of /usr/share/man/man1/lzegrep.1.gz because associated file /usr/share/man/man1/xzegrep.1.gz (of link group lzma) doesn't exist
#6 47.17 update-alternatives: warning: skip creation of /usr/share/man/man1/lzfgrep.1.gz because associated file /usr/share/man/man1/xzfgrep.1.gz (of link group lzma) doesn't exist
#6 47.17 Setting up node-get-stream (8.0.1-11) ...
#6 47.18 Setting up libquadmath0:amd64 (14.2.0-19) ...
#6 47.19 Setting up node-js-tokens (8.0.0-2) ...
#6 47.19 Setting up node-core-js (3.33.2-1) ...
#6 47.20 Setting up node-interpret (2.2.0-3) ...
#6 47.21 Setting up node-set-blocking (2.0.0-2) ...
#6 47.22 Setting up node-prr (1.0.1-3) ...
#6 47.23 Setting up libssl-dev:amd64 (3.5.6-1~deb13u2) ...
#6 47.23 Setting up libcares2:amd64 (1.34.5-1+deb13u1) ...
#6 47.24 Setting up libmpc3:amd64 (1.3.1-1+b3) ...
#6 47.25 Setting up libmnl0:amd64 (1.0.5-3) ...
#6 47.25 Setting up node-repeat-string (1.6.1+repack-1) ...
#6 47.26 Setting up node-globals (13.23.0-1) ...
#6 47.27 Setting up node-deep-is (0.1.4-1) ...
#6 47.28 Setting up patch (2.8-2) ...
#6 47.28 Setting up node-async (3.2.6+dfsg-2) ...
#6 47.29 Setting up node-signal-exit (4.1.0-7) ...
#6 47.30 Setting up node-randombytes (2.1.0+~2.0.0-2) ...
#6 47.30 Setting up pkgconf-bin (1.8.1-4) ...
#6 47.31 Setting up node-source-map (0.7.0++dfsg2+really.0.6.1-15) ...
#6 47.33 Setting up node-wrappy (1.0.2-3) ...
#6 47.33 Setting up node-text-table (0.2.0-4) ...
#6 47.34 Setting up libdpkg-perl (1.22.22) ...
#6 47.35 Setting up node-require-directory (2.1.1+~2.1.2-1) ...
#6 47.36 Setting up node-ip (2.0.1+~1.1.3-3) ...
#6 47.36 Setting up node-quick-lru (6.1.1-4) ...
#6 47.37 Setting up node-regenerator-runtime (0.15.2+~0.10.8-1) ...
#6 47.38 Setting up node-punycode (2.3.1+~2.1.4-1) ...
#6 47.38 Setting up libubsan1:amd64 (14.2.0-19) ...
#6 47.39 Setting up node-to-fast-properties (3.0.1-3) ...
#6 47.40 Setting up node-defaults (1.0.4+~1.0.3-1) ...
#6 47.41 Setting up node-mute-stream (0.0.8+~0.0.1-3) ...
#6 47.41 Setting up node-memfs (3.4.12+~cs1.0.3-1) ...
#6 47.42 Setting up node-mimic-response (3.1.0-9) ...
#6 47.43 Setting up node-commander (9.4.1-1) ...
#6 47.44 Setting up node-undici (7.3.0+dfsg1+~cs24.12.11-1) ...
#6 47.45 Setting up libjs-typedarray-to-buffer (4.0.0-2) ...
#6 47.45 Setting up node-graceful-fs (4.2.10-1) ...
#6 47.46 Setting up node-merge-stream (2.0.0+~1.1.2-2) ...
#6 47.47 Setting up node-is-path-cwd (2.2.0-2) ...
#6 47.48 Setting up libhwasan0:amd64 (14.2.0-19) ...
#6 47.48 Setting up libcrypt-dev:amd64 (1:4.4.38-1) ...
#6 47.49 Setting up libnfnetlink0:amd64 (1.0.2-3) ...
#6 47.50 Setting up node-jsonify (0.0.1-1) ...
#6 47.51 Setting up libasan8:amd64 (14.2.0-19) ...
#6 47.52 Setting up node-json-stable-stringify (1.0.2+repack1+~cs1.0.34-2) ...
#6 47.53 Setting up node-fast-levenshtein (2.0.6+ds-3) ...
#6 47.53 Setting up libjs-regenerate (1.4.2-3) ...
#6 47.54 Setting up node-hosted-git-info (6.1.1-2) ...
#6 47.55 Setting up node-aproba (2.0.0-3) ...
#6 47.55 Setting up node-unicode-property-aliases-ecmascript (2.1.0+ds-1) ...
#6 47.56 Setting up node-binary-extensions (2.2.0-2) ...
#6 47.57 Setting up node-is-plain-object (5.0.0-7) ...
#6 47.59 Setting up node-eslint-utils (3.0.0-3) ...
#6 47.59 Setting up node-mimic-fn (4.0.0-5) ...
#6 47.60 Setting up node-path-dirname (1.0.2-2) ...
#6 47.61 Setting up node-ip-regex (4.3.0+~4.1.1-1) ...
#6 47.62 Setting up node-spdx-license-ids (3.0.12-1) ...
#6 47.63 Setting up node-string-decoder (1.3.0-6) ...
#6 47.63 Setting up node-esutils (2.0.3+~2.0.0-1) ...
#6 47.64 Setting up netbase (6.5) ...
#6 47.66 Setting up node-time-stamp (2.2.0-2) ...
#6 47.67 Setting up node-commondir (1.0.1+~1.0.0-1) ...
#6 47.68 Setting up sgml-base (1.31+nmu1) ...
#6 47.71 Setting up libjs-prettify (2015.12.04+dfsg-1.1) ...
#6 47.72 Setting up libjs-events (3.3.0+~3.0.0-3) ...
#6 47.73 Setting up node-run-queue (2.0.0-3) ...
#6 47.74 Setting up node-core-util-is (1.0.3-1) ...
#6 47.74 Setting up node-json-schema (0.4.0+~7.0.11-1) ...
#6 47.75 Setting up node-uri-js (4.4.0+dfsg-8) ...
#6 47.76 Setting up node-prelude-ls (1.2.1+dfsg-3) ...
#6 47.77 Setting up libicu76:amd64 (76.1-4) ...
#6 47.77 Setting up node-minimatch (9.0.3-6) ...
#6 47.78 Setting up libmbedcrypto16:amd64 (3.6.5-0.1~deb13u1) ...
#6 47.79 Setting up libtsan2:amd64 (14.2.0-19) ...
#6 47.80 Setting up libprotoc32t64:amd64 (3.21.12-11+deb13u1) ...
#6 47.80 Setting up libbinutils:amd64 (2.44-3) ...
#6 47.81 Setting up node-imurmurhash (0.1.4+dfsg+~0.1.1-2) ...
#6 47.82 Setting up node-xtend (4.0.2-3) ...
#6 47.83 Setting up libisl23:amd64 (0.27-1) ...
#6 47.83 Setting up node-set-immediate-shim (2.0.0-2) ...
#6 47.84 Setting up node-foreground-child (3.1.1-2) ...
#6 47.85 Setting up libc-dev-bin (2.41-12+deb13u3) ...
#6 47.85 Setting up node-wordwrap (1.0.0-4) ...
#6 47.86 Setting up node-read (1.0.7-5) ...
#6 47.87 Setting up node-regexpp (3.2.0-5) ...
#6 47.88 Setting up libcap-dev:amd64 (1:2.75-10+deb13u1+b1) ...
#6 47.88 Setting up node-is-arrayish (0.3.2-3) ...
#6 47.89 Setting up node-base64-js (1.5.1+dfsg+~1.3.0-2) ...
#6 47.90 Setting up node-esquery (1.4.2~ds-1) ...
#6 47.90 Setting up node-npm-run-path (5.1.0+~4.0.0-8) ...
#6 47.91 Setting up readline-common (8.2-6) ...
#6 47.92 Setting up node-is-buffer (2.0.5-2) ...
#6 47.93 Setting up node-color-convert (2.0.1+~cs2.0.0-2) ...
#6 47.94 Setting up libcc1-0:amd64 (14.2.0-19) ...
#6 47.94 Setting up libsystemd-dev:amd64 (257.13-1~deb13u1) ...
#6 47.95 Setting up node-data-uri-to-buffer (6.0.2~0~2024040606-6+deb13u1) ...
#6 47.96 Setting up liblsan0:amd64 (14.2.0-19) ...
#6 47.96 Setting up node-async-each (1.0.3-3) ...
#6 47.97 Setting up libitm1:amd64 (14.2.0-19) ...
#6 47.98 Setting up node-isarray (2.0.5-4) ...
#6 47.99 Setting up node-osenv (0.1.5+~0.1.1-1) ...
#6 48.00 Setting up node-is-plain-obj (3.0.0-2) ...
#6 48.00 Setting up node-is-extglob (2.1.1-5) ...
#6 48.01 Setting up node-tapable (2.2.1-3) ...
#6 48.02 Setting up node-shebang-command (2.0.0-1) ...
#6 48.02 Setting up libjs-is-typedarray (1.0.0-4) ...
#6 48.03 Setting up node-lowercase-keys (2.0.0-2) ...
#6 48.04 Setting up node-babel-plugin-add-module-exports (1.0.4+dfsg1~cs5.8.0-4) ...
#6 48.05 Setting up node-decompress-response (6.0.0-3) ...
#6 48.05 Setting up node-strip-eof (3.0.0-5) ...
#6 48.06 Setting up node-process-nextick-args (2.0.1-3) ...
#6 48.07 Setting up node-has-unicode (2.0.1-5) ...
#6 48.07 Setting up libctf0:amd64 (2.44-3) ...
#6 48.08 Setting up node-readable-stream (3.6.0+~cs3.0.0-4) ...
#6 48.09 Setting up node-promise-retry (2.0.1-4) ...
#6 48.09 Setting up node-supports-color (8.1.1+~8.1.1-1) ...
#6 48.10 Setting up node-error-ex (1.3.2-4) ...
#6 48.11 Setting up protobuf-compiler (3.21.12-11+deb13u1) ...
#6 48.12 Setting up node-once (1.4.1-1) ...
#6 48.12 Setting up node-webpack-sources (3.2.3+~3.2.0-2) ...
#6 48.13 Setting up node-n3 (1.16.3+~1.2.3+~1.10.4-1) ...
#6 48.14 Setting up node-serialize-javascript (6.0.2-1) ...
#6 48.14 Setting up node-are-we-there-yet (3.0.1+~1.1.0-1) ...
#6 48.15 Setting up node-find-up (6.3.0-7) ...
#6 48.16 Setting up node-kind-of (6.0.3+dfsg-2) ...
#6 48.17 Setting up node-is-binary-path (2.1.0-5) ...
#6 48.17 Setting up node-events (3.3.0+~3.0.0-3) ...
#6 48.18 Setting up node-minimist (1.2.8+~cs5.3.5-1) ...
#6 48.19 Setting up node-fancy-log (1.3.3+~cs1.3.1-2) ...
#6 48.19 Setting up pkgconf:amd64 (1.8.1-4) ...
#6 48.20 Setting up node-define-property (2.0.2+really+2.0.2-3) ...
#6 48.21 Setting up node-promzard (0.3.0-2) ...
#6 48.22 Setting up node-wcwidth.js (1.0.2-2) ...
#6 48.22 Setting up node-resolve-cwd (3.0.0-2) ...
#6 48.23 Setting up node-fetch (3.3.2+~cs11.4.11-3) ...
#6 48.25 Setting up node-babel7-runtime (7.20.15+ds1+~cs214.269.168-8) ...
#6 48.26 Setting up node-iconv-lite (0.6.3-3) ...
#6 48.26 Setting up node-type-check (0.4.0+dfsg-3) ...
#6 48.27 Setting up libgprofng0:amd64 (2.44-3) ...
#6 48.28 Setting up libmbedx509-7:amd64 (3.6.5-0.1~deb13u1) ...
#6 48.28 Setting up node-ansi-styles (6.2.1-3) ...
#6 48.29 Setting up node-pkg-dir (5.0.0-2) ...
#6 48.30 Setting up node-got (11.8.5+~cs58.13.36-5) ...
#6 48.30 Setting up node-optimist (0.6.1+~0.0.30-2) ...
#6 48.31 Setting up pkg-config:amd64 (1.8.1-4) ...
#6 48.32 Setting up libnetfilter-queue1:amd64 (1.0.5-4+b1) ...
#6 48.33 Setting up cpp-14-x86-64-linux-gnu (14.2.0-19) ...
#6 48.33 Setting up node-spdx-expression-parse (3.0.1+~3.0.1-1) ...
#6 48.34 Setting up cpp-14 (14.2.0-19) ...
#6 48.35 Setting up libmbedtls21:amd64 (3.6.5-0.1~deb13u1) ...
#6 48.35 Setting up libreadline8t64:amd64 (8.2-6) ...
#6 48.36 Setting up node-concat-stream (2.0.0+~2.0.0-2) ...
#6 48.37 Setting up node-is-typedarray (1.0.0-4) ...
#6 48.38 Setting up node-inflight (1.0.6-2) ...
#6 48.38 Setting up xml-core (0.19) ...
#6 48.51 Setting up libc6-dev:amd64 (2.41-12+deb13u3) ...
#6 48.51 Setting up libgcc-14-dev:amd64 (14.2.0-19) ...
#6 48.52 Setting up node-encoding (0.1.13-2) ...
#6 48.53 Setting up libstdc++-14-dev:amd64 (14.2.0-19) ...
#6 48.53 Setting up libpython3.13-stdlib:amd64 (3.13.5-2+deb13u3) ...
#6 48.54 Setting up node-slice-ansi (5.0.0+~cs9.0.0-5) ...
#6 48.55 Setting up libpython3-stdlib:amd64 (3.13.5-1) ...
#6 48.56 Setting up binutils-x86-64-linux-gnu (2.44-3) ...
#6 48.56 Setting up node-fs-write-stream-atomic (1.0.10-6) ...
#6 48.57 Setting up cpp-x86-64-linux-gnu (4:14.2.0-1) ...
#6 48.58 Setting up libnfnetlink-dev:amd64 (1.0.2-3) ...
#6 48.58 Setting up libboost1.83-dev:amd64 (1.83.0-4.2) ...
#6 48.59 Setting up libncurses-dev:amd64 (6.5+20250216-2) ...
#6 48.60 Setting up node-regenerator-transform (0.15.2+~0.10.8-1) ...
#6 48.60 Setting up python3.13 (3.13.5-2+deb13u3) ...
#6 49.07 Setting up python3 (3.13.5-1) ...
#6 49.14 Setting up binutils (2.44-3) ...
#6 49.15 Setting up libmbedtls-dev:amd64 (3.6.5-0.1~deb13u1) ...
#6 49.16 Setting up libreadline-dev:amd64 (8.2-6) ...
#6 49.16 Setting up dpkg-dev (1.22.22) ...
#6 49.18 Setting up node-levn (0.4.1+dfsg-2) ...
#6 49.18 Setting up node-spdx-correct (3.1.1-2) ...
#6 49.19 Setting up python3-packaging (25.0-1) ...
#6 49.27 Setting up node-glob (8.1.0+~cs8.5.15-1) ...
#6 49.28 Setting up libnetfilter-queue-dev:amd64 (1.0.5-4+b1) ...
#6 49.29 Setting up node-typedarray-to-buffer (4.0.0-2) ...
#6 49.29 Setting up libboost-atomic1.83-dev:amd64 (1.83.0-4.2) ...
#6 49.30 Setting up zlib1g-dev:amd64 (1:1.3.dfsg+really1.3.1-1+b1) ...
#6 49.31 Setting up node-minipass (5.0.0+~cs10.3.21-3) ...
#6 49.32 Setting up cpp (4:14.2.0-1) ...
#6 49.33 Setting up libboost-dev:amd64 (1.83.0.2+b2) ...
#6 49.34 Setting up libboost-system1.83-dev:amd64 (1.83.0-4.2) ...
#6 49.35 Setting up gcc-14-x86-64-linux-gnu (14.2.0-19) ...
#6 49.36 Setting up gyp (0.16.2-2) ...
#6 49.42 Setting up node-validate-npm-package-license (3.0.4-2) ...
#6 49.43 Setting up node-optionator (0.9.1+dfsg+~cs1.2.3-1) ...
#6 49.44 Setting up node-ssri (9.0.1-3) ...
#6 49.45 Setting up gcc-x86-64-linux-gnu (4:14.2.0-1) ...
#6 49.46 Setting up node-write-file-atomic (4.0.2+~4.0.0-2) ...
#6 49.46 Setting up libboost-system-dev:amd64 (1.83.0.2+b2) ...
#6 49.47 Setting up libboost-filesystem1.83-dev:amd64 (1.83.0-4.2) ...
#6 49.48 Setting up gcc-14 (14.2.0-19) ...
#6 49.49 Setting up libprotobuf-dev:amd64 (3.21.12-11+deb13u1) ...
#6 49.50 Setting up g++-14-x86-64-linux-gnu (14.2.0-19) ...
#6 49.50 Setting up g++-x86-64-linux-gnu (4:14.2.0-1) ...
#6 49.51 Setting up g++-14 (14.2.0-19) ...
#6 49.52 Setting up libboost-filesystem-dev:amd64 (1.83.0.2+b2) ...
#6 49.53 Setting up gcc (4:14.2.0-1) ...
#6 49.55 Setting up g++ (4:14.2.0-1) ...
#6 49.55 update-alternatives: using /usr/bin/g++ to provide /usr/bin/c++ (c++) in auto mode
#6 49.56 Setting up build-essential (12.12) ...
#6 49.57 Setting up node-corepack (0.24.0-5) ...
#6 49.58 Setting up node-define-properties (1.2.1+~cs2.2.3-1) ...
#6 49.59 Setting up node-acorn (8.8.1+ds+~cs25.17.7-2) ...
#6 49.60 Setting up node-espree (9.4.1~dfsg-2) ...
#6 49.61 Setting up node-debbundle-es-to-primitive (1.2.1+~cs9.7.25-2) ...
#6 49.62 Setting up libnode115:amd64 (20.19.2+dfsg-1+deb13u2) ...
#6 49.63 Setting up libnode-dev (20.19.2+dfsg-1+deb13u2) ...
#6 49.64 Setting up nodejs (20.19.2+dfsg-1+deb13u2) ...
#6 49.65 update-alternatives: using /usr/bin/nodejs to provide /usr/bin/js (js) in auto mode
#6 49.65 update-alternatives: warning: skip creation of /usr/share/man/man1/js.1.gz because associated file /usr/share/man/man1/nodejs.1.gz (of link group js) doesn't exist
#6 49.65 Setting up node-argparse (2.0.1-2) ...
#6 49.66 Setting up terser (5.38.0-1) ...
#6 49.67 Setting up node-mime (3.0.0+dfsg+~cs6.97.2-2) ...
#6 49.69 Setting up node-source-map-support (0.5.21+ds+~0.5.10-1) ...
#6 49.70 Setting up node-unique-filename (1.1.1+ds-2) ...
#6 49.71 Setting up node-unicode-match-property-ecmascript (2.0.0-2) ...
#6 49.72 Setting up node-defined (1.0.1+~1.0.0-1) ...
#6 49.73 Setting up node-mime-types (2.1.35-2) ...
#6 49.74 Setting up node-ansi-escapes (5.0.0+really.4.3.1-1) ...
#6 49.75 Setting up node-strip-ansi (6.0.1-2) ...
#6 49.75 Setting up node-write (2.0.0~6.0.1+~3.0.4+~2.0.0+~1.0.0+~2.0.1-1) ...
#6 49.76 Setting up node-ignore (5.2.1-1) ...
#6 49.77 Setting up node-chalk (5.3.0-1) ...
#6 49.78 Setting up node-which (2.0.2+~cs1.3.2-3) ...
#6 49.79 Setting up node-css-selector-tokenizer (0.8.0+~cs4.8.3-1) ...
#6 49.80 Setting up node-esprima (4.0.1+ds+~4.0.3-2) ...
#6 49.81 Setting up node-is-path-inside (3.0.3-2) ...
#6 49.82 Setting up node-neo-async (2.6.2+~cs3.0.0-3) ...
#6 49.83 Setting up node-mkdirp (2.1.6+~cs5.2.1-2) ...
#6 49.84 Setting up node-es6-error (4.1.1-5) ...
#6 49.85 Setting up node-archy (1.0.0-6) ...
#6 49.85 Setting up node-js-yaml (4.1.0+dfsg+~4.0.5-7) ...
#6 49.86 Setting up node-nopt (5.0.0-4) ...
#6 49.87 Setting up node-lodash (4.17.21+dfsg+~cs8.31.198.20210220-9) ...
#6 49.88 Setting up node-progress (2.0.3-2) ...
#6 49.89 Setting up node-json5 (2.2.3+dfsg-1) ...
#6 49.90 Setting up node-ms (2.1.3+~cs0.7.31-3) ...
#6 49.91 Setting up node-rimraf (3.0.2-2) ...
#6 49.91 Setting up node-string-width (4.2.3+~cs13.2.3-1) ...
#6 49.92 Setting up node-regenerate (1.4.2-3) ...
#6 49.94 Setting up node-semver (7.6.1+~7.5.8-2) ...
#6 49.94 Setting up node-picocolors (1.0.0-4) ...
#6 49.95 Setting up node-es-abstract (1.20.4+~cs26.27.47-2) ...
#6 49.96 Setting up node-builtins (5.0.1-1) ...
#6 49.97 Setting up handlebars (3:4.7.7+~4.1.0-1) ...
#6 49.98 Setting up node-object-assign (4.1.1-7) ...
#6 49.99 Setting up node-is-glob (4.0.3-2) ...
#6 50.00 Setting up node-v8-compile-cache (2.4.0-2) ...
#6 50.01 Setting up node-flat-cache (3.0.4~6.0.1+~3.0.4+~2.0.0+~1.0.0+~2.0.1-1) ...
#6 50.01 Setting up node-is-number (7.0.0-4) ...
#6 50.02 Setting up node-babel-plugin-polyfill-corejs2 (0.3.3~0~20220913+ds1-1) ...
#6 50.03 Setting up node-for-in (1.0.2-4) ...
#6 50.04 Setting up node-webassemblyjs (1.11.4+dfsg+~cs10.11.17-2) ...
#6 50.05 Setting up node-execa (8.0.1+dfsg1+~cs12.0.0-1) ...
#6 50.06 Setting up node-strip-json-comments (4.0.0-4) ...
#6 50.06 Setting up node-is-extendable (1.0.1-3) ...
#6 50.07 Setting up node-columnify (1.6.0+~1.5.1-1) ...
#6 50.08 Setting up node-doctrine (3.0.0-4) ...
#6 50.09 Setting up node-copy-concurrently (1.0.5-9) ...
#6 50.10 Setting up node-ajv (8.12.0~ds+~2.1.1-5) ...
#6 50.11 Setting up node-jsesc (3.0.2+~3.0.1-1) ...
#6 50.12 Setting up node-regjsparser (0.9.1+ds-2) ...
#6 50.12 Setting up node-errno (1.0.0-3) ...
#6 50.13 Setting up node-decamelize (4.0.0-2) ...
#6 50.14 Setting up node-move-concurrently (1.0.1-5) ...
#6 50.15 Setting up node-normalize-path (3.0.0+~3.0.0-1) ...
#6 50.16 Setting up node-functional-red-black-tree (1.0.1+20181105-7) ...
#6 50.16 Setting up node-debug (4.3.4+~cs4.1.7-1) ...
#6 50.17 Setting up node-agent-base (7.1.1~0~2024040606-6+deb13u1) ...
#6 50.18 Setting up node-browserslist (4.25.0+~cs6.3.22-1) ...
#6 50.19 Setting up node-yargs-parser (21.1.1+~21.0.0-4) ...
#6 50.20 Setting up node-make-dir (3.1.0-3) ...
#6 50.21 Setting up node-validate-npm-package-name (5.0.0+~4.0.0-1) ...
#6 50.22 Setting up node-esrecurse (4.3.0-2) ...
#6 50.22 Setting up node-file-entry-cache (6.0.1+~3.0.4+~2.0.0+~1.0.0+~2.0.1-1) ...
#6 50.23 Setting up node-wrap-ansi (8.0.1+~8.0.1-3) ...
#6 50.24 Setting up node-normalize-package-data (4.0.1+~2.4.1-1) ...
#6 50.25 Setting up node-for-own (1.0.0-3) ...
#6 50.26 Setting up node-eslint-scope (7.1.1+~3.7.4-1) ...
#6 50.27 Setting up node-escodegen (2.1.0+dfsg+~0.0.8-1) ...
#6 50.28 Setting up node-memory-fs (0.5.0+~0.3.3-2) ...
#6 50.29 Setting up node-babel-helper-define-polyfill-provider (0.3.3~0~20220913+ds1-1) ...
#6 50.29 Setting up node-cli-table (0.3.11+~cs0.13.4-3) ...
#6 50.30 Setting up node-tar (6.2.1+~cs7.0.8-1+deb13u1) ...
#6 50.31 Setting up node-regenerate-unicode-properties (10.1.0+ds-1) ...
#6 50.32 Setting up node-glob-parent (6.0.2+~5.1.1-2) ...
#6 50.33 Setting up node-enhanced-resolve (5.15.0-1) ...
#6 50.34 Setting up node-postcss (8.4.49+~cs9.2.32-1) ...
#6 50.34 Setting up node-wide-align (1.1.3-4) ...
#6 50.35 Setting up node-npm-package-arg (10.0.0+~3.0.0-2) ...
#6 50.36 Setting up node-anymatch (3.1.3+~cs4.6.1-2) ...
#6 50.37 Setting up node-postcss-modules-extract-imports (3.0.0-2) ...
#6 50.38 Setting up node-read-pkg (5.2.0-2) ...
#6 50.39 Setting up node-https-proxy-agent (7.0.4~0~2024040606-6+deb13u1) ...
#6 50.39 Setting up node-cliui (7.0.4+repack+1+~cs1.4.2-2) ...
#6 50.40 Setting up node-regexpu-core (5.2.2-3) ...
#6 50.41 Setting up node-yargs (16.2.0+~16.0.4-7) ...
#6 50.43 Setting up node-to-regex-range (5.0.1-4) ...
#6 50.44 Setting up node-cacache (17.0.3+~cs10.3.7-2) ...
#6 50.45 Setting up node-envinfo (7.11.0+~cs14.3.0-3) ...
#6 50.46 Setting up node-ajv-keywords (5.1.0-4) ...
#6 50.47 Setting up node-read-package-json (5.0.2+~2.0.0-2) ...
#6 50.47 Setting up node-core-js-compat (3.33.2-1) ...
#6 50.48 Setting up node-http-proxy-agent (7.0.2~0~2024040606-6+deb13u1) ...
#6 50.49 Setting up node-clone-deep (4.0.1+~cs7.0.2-1) ...
#6 50.50 Setting up eslint (6.4.0~dfsg+~6.1.9-12) ...
#6 50.51 Setting up node-babel-plugin-polyfill-regenerator (0.4.1~0~20220913+ds1-1) ...
#6 50.52 Setting up node-gauge (4.0.4-2) ...
#6 50.52 Setting up node-readdirp (3.6.0-1) ...
#6 50.53 Setting up node-icss-utils (5.1.0+~5.1.0-1) ...
#6 50.54 Setting up node-npm-bundled (2.0.1-2) ...
#6 50.55 Setting up node-schema-utils (4.2.0~ds-3) ...
#6 50.56 Setting up node-jest-worker (29.6.2~ds1+~cs73.45.28-5) ...
#6 50.56 Setting up node-npmlog (7.0.1+~4.1.4-1) ...
#6 50.57 Setting up node-babel-plugin-polyfill-corejs3 (0.6.0~0~20220913+ds1-1) ...
#6 50.58 Setting up node-postcss-modules-values (4.0.0+~4.0.0-1) ...
#6 50.59 Setting up node-fill-range (7.1.1+~7.0.3-1) ...
#6 50.60 Setting up node-gyp (11.1.0+~5.0.0-1) ...
#6 50.61 Setting up node-braces (3.0.3+~3.0.5-1) ...
#6 50.61 Setting up node-chokidar (3.6.0-3) ...
#6 50.62 Setting up node-watchpack (2.4.0+~cs2.8.1-1) ...
#6 50.63 Setting up node-micromatch (4.0.7+~4.0.9-1) ...
#6 50.64 Setting up node-globby (13.1.3+~cs16.25.40-3) ...
#6 50.65 Setting up node-del (7.1.0-1) ...
#6 50.65 Setting up node-find-cache-dir (3.3.2+~3.2.1-1) ...
#6 50.66 Setting up node-istanbul (0.4.5+repack10+~cs98.25.59-3) ...
#6 50.67 Setting up node-tape (5.6.1+~cs8.20.19-3) ...
#6 50.68 Setting up node-babel7 (7.20.15+ds1+~cs214.269.168-8) ...
#6 50.69 update-alternatives: using /usr/bin/babeljs-7 to provide /usr/bin/babeljs (babeljs) in auto mode
#6 50.69 update-alternatives: using /usr/bin/babeljs-7-external-helpers to provide /usr/bin/babeljs-external-helpers (babeljs-external-helpers) in auto mode
#6 50.70 update-alternatives: using /usr/bin/babeljs-7-node to provide /usr/bin/babeljs-node (babeljs-node) in auto mode
#6 50.70 update-alternatives: using /usr/bin/babeljs-7-parser to provide /usr/bin/babeljs-parser (babeljs-parser) in auto mode
#6 50.70 Setting up node-deep-equal (2.2.3+~cs43.15.94-1) ...
#6 50.71 Setting up libjs-util (0.12.5+~1.0.10-1) ...
#6 50.72 Setting up node-babel-plugin-lodash (3.3.4+~cs2.0.1-7) ...
#6 50.73 Setting up node-jest-debbundle (29.6.2~ds1+~cs73.45.28-5) ...
#6 50.73 Setting up node-util (0.12.5+~1.0.10-1) ...
#6 50.74 Setting up webpack (5.97.1+dfsg1+~cs11.18.27-3) ...
#6 50.75 Setting up node-assert (2.0.0+~cs3.9.8-2) ...
#6 50.76 Setting up node-css-loader (6.8.1+~cs14.0.17-1) ...
#6 50.77 Setting up node-parse-json (5.2.0+~cs5.1.7-2) ...
#6 50.77 Setting up npm (9.2.0~ds1-3) ...
#6 50.79 Processing triggers for libc-bin (2.41-12+deb13u3) ...
#6 50.87 Processing triggers for sgml-base (1.31+nmu1) ...
#6 50.89 Setting up libdbus-1-dev:amd64 (1.16.2-2) ...
#6 DONE 51.8s

#7 [sdk2026-builder 3/5] COPY hassio-ihost-silabs-multiprotocol/otbr-patches/ /recipe/patches/
#7 DONE 0.3s

#8 [sdk2026-builder 4/5] COPY review/sdk2026/recipe/ /recipe/
#8 DONE 0.0s

#9 [sdk2026-builder 5/5] RUN bash /recipe/build-in-container.sh
#9 0.167 Cloning into 'cpc-daemon'...
#9 0.991 Note: switching to '87f6dbda4eef05e4538589c195099c3daf8f6f6b'.
#9 0.991 
#9 0.991 You are in 'detached HEAD' state. You can look around, make experimental
#9 0.991 changes and commit them, and you can discard any commits you make in this
#9 0.991 state without impacting any branches by switching back to a branch.
#9 0.991 
#9 0.991 If you want to create a new branch to retain commits you create, you may
#9 0.991 do so (now or later) by using -c with the switch command. Example:
#9 0.991 
#9 0.991   git switch -c <new-branch-name>
#9 0.991 
#9 0.991 Or undo this operation with:
#9 0.991 
#9 0.991   git switch -
#9 0.991 
#9 0.991 Turn off this advice by setting config variable advice.detachedHead to false
#9 0.991 
#9 1.071 -- The C compiler identification is GNU 14.2.0
#9 1.076 -- Detecting C compiler ABI info
#9 1.121 -- Detecting C compiler ABI info - done
#9 1.132 -- Check for working C compiler: /usr/bin/cc - skipped
#9 1.132 -- Detecting C compile features
#9 1.133 -- Detecting C compile features - done
#9 1.143 -- Performing Test _Wall
#9 1.187 -- Performing Test _Wall - Success
#9 1.187 -- Performing Test _Wextra
#9 1.229 -- Performing Test _Wextra - Success
#9 1.229 -- Performing Test _Wconversion
#9 1.270 -- Performing Test _Wconversion - Success
#9 1.271 -- Performing Test _Wformat_2
#9 1.312 -- Performing Test _Wformat_2 - Success
#9 1.313 -- Performing Test _Wlogical_op
#9 1.353 -- Performing Test _Wlogical_op - Success
#9 1.354 -- Performing Test _Wmissing_declarations
#9 1.397 -- Performing Test _Wmissing_declarations - Success
#9 1.397 -- Performing Test _Wpointer_arith
#9 1.441 -- Performing Test _Wpointer_arith - Success
#9 1.441 -- Performing Test _Wsign_conversion
#9 1.484 -- Performing Test _Wsign_conversion - Success
#9 1.485 -- Performing Test _Wswitch_default
#9 1.527 -- Performing Test _Wswitch_default - Success
#9 1.529 -- Looking for backtrace
#9 1.571 -- Looking for backtrace - found
#9 1.571 -- backtrace facility detected in default set of libraries
#9 1.571 -- Found Backtrace: /usr/include
#9 1.574 -- Found PkgConfig: /usr/bin/pkg-config (found version "1.8.1")
#9 1.575 -- Performing Test CMAKE_HAVE_LIBC_PTHREAD
#9 1.620 -- Performing Test CMAKE_HAVE_LIBC_PTHREAD - Success
#9 1.621 -- Found Threads: TRUE
#9 1.621 -- Checking for one of the modules 'mbedcrypto>=2.7'
#9 1.653 -- Configuring done (0.6s)
#9 1.664 -- Generating done (0.0s)
#9 1.664 -- Build files have been written to: /sdk2026-host/cpc-build
#9 1.698 [1/44] Building C object CMakeFiles/cpc.dir/misc/sleep.c.o
#9 1.702 [2/44] Building C object CMakeFiles/cpc.dir/misc/sl_slist.c.o
#9 1.720 [3/44] Building C object CMakeFiles/cpcd.dir/driver/driver_kill.c.o
#9 1.726 [4/44] Building C object CMakeFiles/cpcd.dir/main.c.o
#9 1.789 [5/44] Building C object CMakeFiles/cpcd.dir/driver/driver_sdio.c.o
#9 1.831 [6/44] Building C object CMakeFiles/cpcd.dir/driver/driver_ezsp.c.o
#9 1.846 [7/44] Building C object CMakeFiles/cpcd.dir/driver/driver_spi.c.o
#9 1.879 [8/44] Building C object CMakeFiles/cpcd.dir/driver/netlink/nl_sdio_interface.c.o
#9 1.891 [9/44] Building C object CMakeFiles/cpcd.dir/driver/driver_uart.c.o
#9 1.905 [10/44] Building C object CMakeFiles/cpcd.dir/driver/driver_xmodem.c.o
#9 1.926 [11/44] Building C object CMakeFiles/cpcd.dir/misc/board_controller.c.o
#9 1.930 [12/44] Building C object CMakeFiles/cpcd.dir/driver/netlink/nl_socket.c.o
#9 1.948 [13/44] Building C object CMakeFiles/cpcd.dir/misc/sleep.c.o
#9 1.951 [14/44] Building C object CMakeFiles/cpcd.dir/misc/sl_slist.c.o
#9 1.980 [15/44] Building C object CMakeFiles/cpcd.dir/misc/utils.c.o
#9 2.011 [16/44] Building C object CMakeFiles/cpcd.dir/modes/firmware_update.c.o
#9 2.015 [17/44] Building C object CMakeFiles/cpcd.dir/modes/normal.c.o
#9 2.023 [18/44] Building C object CMakeFiles/cpcd.dir/misc/logging.c.o
#9 2.056 [19/44] Building C object CMakeFiles/cpcd.dir/server_core/core/buffer.c.o
#9 2.076 [20/44] Building C object CMakeFiles/cpcd.dir/server_core/core/crc.c.o
#9 2.093 [21/44] Building C object CMakeFiles/cpcd.dir/server_core/core/hdlc.c.o
#9 2.101 [22/44] Building C object CMakeFiles/cpcd.dir/modes/uart_validation.c.o
#9 2.121 [23/44] Building C object CMakeFiles/cpcd.dir/server_core/core/protocol.c.o
#9 2.165 [24/44] Building C object CMakeFiles/cpcd.dir/server_core/core/protocol_v4.c.o
#9 2.204 [25/44] Building C object CMakeFiles/cpcd.dir/server_core/core/protocol_v5.c.o
#9 2.209 [26/44] Building C object CMakeFiles/cpcd.dir/server_core/epoll/epoll.c.o
#9 2.234 [27/44] Building C object CMakeFiles/cpcd.dir/server_core/server/server_ready_sync.c.o
#9 2.294 [28/44] Building C object CMakeFiles/cpc.dir/lib/sl_cpc.c.o
#9 2.308 [29/44] Linking C shared library libcpc.so.4.9.1
#9 2.316 [30/44] Creating library symlink libcpc.so.3 libcpc.so
#9 2.406 [31/44] Building C object CMakeFiles/cpcd.dir/server_core/core/core.c.o
#9 2.414 [32/44] Building C object CMakeFiles/cpcd.dir/server_core/server_core.c.o
#9 2.441 [33/44] Building C object CMakeFiles/cpcd.dir/modes/binding.c.o
#9 2.453 [34/44] Building C object CMakeFiles/cpcd.dir/misc/gpio.c.o
#9 2.508 [35/44] Building C object CMakeFiles/cpcd.dir/server_core/system_endpoint/system.c.o
#9 2.521 [36/44] Building C object CMakeFiles/cpcd.dir/server_core/server/server.c.o
#9 2.522 [37/44] Building C object CMakeFiles/cpcd.dir/security/private/protocol/protocol.c.o
#9 2.538 [38/44] Building C object CMakeFiles/cpcd.dir/security/private/thread/command_synchronizer.c.o
#9 2.554 [39/44] Building C object CMakeFiles/cpcd.dir/security/security.c.o
#9 2.563 [40/44] Building C object CMakeFiles/cpcd.dir/security/private/thread/security_thread.c.o
#9 2.564 [41/44] Building C object CMakeFiles/cpcd.dir/security/private/keys/keys.c.o
#9 2.598 [42/44] Building C object CMakeFiles/cpcd.dir/misc/exit.c.o
#9 2.778 [43/44] Building C object CMakeFiles/cpcd.dir/misc/config.c.o
#9 2.800 [44/44] Linking C executable cpcd
#9 2.810 -- Install configuration: "Release"
#9 2.810 -- Installing: /usr/local/lib/libcpc.so.4.9.1
#9 2.812 -- Installing: /usr/local/lib/libcpc.so.3
#9 2.812 -- Installing: /usr/local/lib/libcpc.so
#9 2.812 -- Installing: /usr/local/include/sl_cpc.h
#9 2.813 -- Installing: /usr/local/lib/pkgconfig/libcpc.pc
#9 2.813 -- Installing: /usr/local/bin/cpcd
#9 2.815 -- Set non-toolchain portion of runtime path of "/usr/local/bin/cpcd" to ""
#9 2.815 -- Installing: /usr/local/etc/cpcd.conf
#9 2.824 -- Install configuration: "Release"
#9 2.825 -- Installing: /sdk2026-upstream-install/cpc/usr/local/lib/libcpc.so.4.9.1
#9 2.826 -- Installing: /sdk2026-upstream-install/cpc/usr/local/lib/libcpc.so.3
#9 2.826 -- Installing: /sdk2026-upstream-install/cpc/usr/local/lib/libcpc.so
#9 2.826 -- Installing: /sdk2026-upstream-install/cpc/usr/local/include/sl_cpc.h
#9 2.827 -- Installing: /sdk2026-upstream-install/cpc/usr/local/lib/pkgconfig/libcpc.pc
#9 2.827 -- Installing: /sdk2026-upstream-install/cpc/usr/local/bin/cpcd
#9 2.829 -- Set non-toolchain portion of runtime path of "/sdk2026-upstream-install/cpc/usr/local/bin/cpcd" to ""
#9 2.829 -- Installing: /sdk2026-upstream-install/cpc/usr/local/etc/cpcd.conf
#9 4.760 The sdk /opt/silabs/sdks/simplicity_sdk_2026.6.1/ ( com.silabs.sdk.stack.simplicity_sdk:2026.6.1._1763566131 )  is now trusted. 
#9 10.13 Found valid project type for makefile
#9 10.25 Generation location: /sdk2026-host/zigbeed
#9 10.76 Generation: Starting AC generation for pintool in project zigbeed: Mon Sep 14 08:33:36 UTC 2026
#9 10.76 Generation: Starting AC generation for ucProject in project zigbeed: Mon Sep 14 08:33:36 UTC 2026
#9 10.76 Generation: AC content generated for pintool in project zigbeed. Elapsed time: 2ms
#9 10.90 Problems generating template files from component: %extension-silabs.simplicity_sdk%cmsis_core - Potential jar issue: python script did not properly register a template generator
#9 10.90 Problems generating template files from component: %extension-silabs.simplicity_sdk%component_catalog - Potential jar issue: python script did not properly register a template generator
#9 10.90 Problems generating template files from component: %extension-silabs.simplicity_sdk%event_handler - Potential jar issue: python script did not properly register a template generator
#9 10.90 Problems generating template files from component: %extension-silabs.simplicity_sdk%event_handler - Potential jar issue: python script did not properly register a template generator
#9 10.90 Problems generating template files from component: %extension-silabs.simplicity_sdk%mbedtls_config - Potential jar issue: python script did not properly register a template generator
#9 10.90 Problems generating template files from component: %extension-silabs.simplicity_sdk%mbedtls_config - Potential jar issue: python script did not properly register a template generator
#9 10.90 Problems generating template files from component: %extension-silabs.simplicity_sdk%psa_crypto_config - Potential jar issue: python script did not properly register a template generator
#9 10.90 Problems generating template files from component: %extension-silabs.simplicity_sdk%psa_crypto_config - Potential jar issue: python script did not properly register a template generator
#9 10.90 Problems generating template files from component: %extension-silabs.simplicity_sdk%zigbee_ncp_framework - Potential jar issue: python script did not properly register a template generator
#9 10.90 Problems generating template files from component: %extension-silabs.simplicity_sdk%zigbee_ncp_framework - Potential jar issue: python script did not properly register a template generator
#9 10.90 Problems generating template files from component: %extension-silabs.simplicity_sdk%zigbee_ncp_framework - Potential jar issue: python script did not properly register a template generator
#9 10.90 Problems generating template files from component: %extension-silabs.simplicity_sdk%zigbee_system_common - Potential jar issue: python script did not properly register a template generator
#9 10.90 Problems generating template files from component: %extension-silabs.simplicity_sdk%zigbee_system_common - Potential jar issue: python script did not properly register a template generator
#9 10.91 Problems generating template files from component: %extension-silabs.simplicity_sdk%zigbee_system_common - Potential jar issue: python script did not properly register a template generator
#9 10.91 Problems generating template files from component: %extension-silabs.simplicity_sdk%zigbee_system_common - Potential jar issue: python script did not properly register a template generator
#9 10.91 Multi-Exceptions available:
#9 10.91   Problems generating template files from component: %extension-silabs.simplicity_sdk%cmsis_core - Potential jar issue: python script did not properly register a template generator
#9 10.91   Problems generating template files from component: %extension-silabs.simplicity_sdk%component_catalog - Potential jar issue: python script did not properly register a template generator
#9 10.91   Problems generating template files from component: %extension-silabs.simplicity_sdk%event_handler - Potential jar issue: python script did not properly register a template generator
#9 10.91   Problems generating template files from component: %extension-silabs.simplicity_sdk%event_handler - Potential jar issue: python script did not properly register a template generator
#9 10.91   Problems generating template files from component: %extension-silabs.simplicity_sdk%mbedtls_config - Potential jar issue: python script did not properly register a template generator
#9 10.91   Problems generating template files from component: %extension-silabs.simplicity_sdk%mbedtls_config - Potential jar issue: python script did not properly register a template generator
#9 10.91   Problems generating template files from component: %extension-silabs.simplicity_sdk%psa_crypto_config - Potential jar issue: python script did not properly register a template generator
#9 10.91   Problems generating template files from component: %extension-silabs.simplicity_sdk%psa_crypto_config - Potential jar issue: python script did not properly register a template generator
#9 10.91   Problems generating template files from component: %extension-silabs.simplicity_sdk%zigbee_ncp_framework - Potential jar issue: python script did not properly register a template generator
#9 10.91   Problems generating template files from component: %extension-silabs.simplicity_sdk%zigbee_ncp_framework - Potential jar issue: python script did not properly register a template generator
#9 10.91   Problems generating template files from component: %extension-silabs.simplicity_sdk%zigbee_ncp_framework - Potential jar issue: python script did not properly register a template generator
#9 10.91   Problems generating template files from component: %extension-silabs.simplicity_sdk%zigbee_system_common - Potential jar issue: python script did not properly register a template generator
#9 10.91   Problems generating template files from component: %extension-silabs.simplicity_sdk%zigbee_system_common - Potential jar issue: python script did not properly register a template generator
#9 10.91   Problems generating template files from component: %extension-silabs.simplicity_sdk%zigbee_system_common - Potential jar issue: python script did not properly register a template generator
#9 10.91   Problems generating template files from component: %extension-silabs.simplicity_sdk%zigbee_system_common - Potential jar issue: python script did not properly register a template generator
#9 10.92 Generation issue: Multi-Exceptions available:
#9 10.92   Multi-Exceptions available:
#9 10.92   Problems generating template files from component: %extension-silabs.simplicity_sdk%cmsis_core - Potential jar issue: python script did not properly register a template generator
#9 10.92   Problems generating template files from component: %extension-silabs.simplicity_sdk%component_catalog - Potential jar issue: python script did not properly register a template generator
#9 10.92   Problems generating template files from component: %extension-silabs.simplicity_sdk%event_handler - Potential jar issue: python script did not properly register a template generator
#9 10.92   Problems generating template files from component: %extension-silabs.simplicity_sdk%event_handler - Potential jar issue: python script did not properly register a template generator
#9 10.92   Problems generating template files from component: %extension-silabs.simplicity_sdk%mbedtls_config - Potential jar issue: python script did not properly register a template generator
#9 10.92   Problems generating template files from component: %extension-silabs.simplicity_sdk%mbedtls_config - Potential jar issue: python script did not properly register a template generator
#9 10.92   Problems generating template files from component: %extension-silabs.simplicity_sdk%psa_crypto_config - Potential jar issue: python script did not properly register a template generator
#9 10.92   Problems generating template files from component: %extension-silabs.simplicity_sdk%psa_crypto_config - Potential jar issue: python script did not properly register a template generator
#9 10.92   Problems generating template files from component: %extension-silabs.simplicity_sdk%zigbee_ncp_framework - Potential jar issue: python script did not properly register a template generator
#9 10.92   Problems generating template files from component: %extension-silabs.simplicity_sdk%zigbee_ncp_framework - Potential jar issue: python script did not properly register a template generator
#9 10.92   Problems generating template files from component: %extension-silabs.simplicity_sdk%zigbee_ncp_framework - Potential jar issue: python script did not properly register a template generator
#9 10.92   Problems generating template files from component: %extension-silabs.simplicity_sdk%zigbee_system_common - Potential jar issue: python script did not properly register a template generator
#9 10.92   Problems generating template files from component: %extension-silabs.simplicity_sdk%zigbee_system_common - Potential jar issue: python script did not properly register a template generator
#9 10.92   Problems generating template files from component: %extension-silabs.simplicity_sdk%zigbee_system_common - Potential jar issue: python script did not properly register a template generator
#9 10.92   Problems generating template files from component: %extension-silabs.simplicity_sdk%zigbee_system_common - Potential jar issue: python script did not properly register a template generator
#9 10.92 Generation to /sdk2026-host/zigbeed for Zigbee - Host zigbeed did not succeed.
#9 10.93 Project is already viable -- no choices need be made.
#9 ERROR: process "/bin/sh -c bash /recipe/build-in-container.sh" did not complete successfully: exit code: 255
------
 > [sdk2026-builder 5/5] RUN bash /recipe/build-in-container.sh:
10.92   Problems generating template files from component: %extension-silabs.simplicity_sdk%psa_crypto_config - Potential jar issue: python script did not properly register a template generator
10.92   Problems generating template files from component: %extension-silabs.simplicity_sdk%zigbee_ncp_framework - Potential jar issue: python script did not properly register a template generator
10.92   Problems generating template files from component: %extension-silabs.simplicity_sdk%zigbee_ncp_framework - Potential jar issue: python script did not properly register a template generator
10.92   Problems generating template files from component: %extension-silabs.simplicity_sdk%zigbee_ncp_framework - Potential jar issue: python script did not properly register a template generator
10.92   Problems generating template files from component: %extension-silabs.simplicity_sdk%zigbee_system_common - Potential jar issue: python script did not properly register a template generator
10.92   Problems generating template files from component: %extension-silabs.simplicity_sdk%zigbee_system_common - Potential jar issue: python script did not properly register a template generator
10.92   Problems generating template files from component: %extension-silabs.simplicity_sdk%zigbee_system_common - Potential jar issue: python script did not properly register a template generator
10.92   Problems generating template files from component: %extension-silabs.simplicity_sdk%zigbee_system_common - Potential jar issue: python script did not properly register a template generator
10.92 Generation to /sdk2026-host/zigbeed for Zigbee - Host zigbeed did not succeed.
10.93 Project is already viable -- no choices need be made.
------

 2 warnings found (use docker --debug to expand):
 - FromPlatformFlagConstDisallowed: FROM --platform flag should not use constant value "linux/amd64" (line 4)
 - FromPlatformFlagConstDisallowed: FROM --platform flag should not use constant value "linux/amd64" (line 19)
Dockerfile.sdk2026:17
--------------------
  15 |     COPY hassio-ihost-silabs-multiprotocol/otbr-patches/ /recipe/patches/
  16 |     COPY review/sdk2026/recipe/ /recipe/
  17 | >>> RUN bash /recipe/build-in-container.sh
  18 |     
  19 |     FROM --platform=linux/amd64 ${BUILD_FROM}
--------------------
ERROR: failed to build: failed to solve: process "/bin/sh -c bash /recipe/build-in-container.sh" did not complete successfully: exit code: 255
