00:00:00.000 -------------------------------------------------------------------------------------------
00:00:00.000 TestHostReg
00:00:00.000 AdvanceTime for 0.001
00:00:00.001 otPlatMdnsSetListeningEnabled(true)
00:00:00.001 - - - - - - - - - - - - - - - - - - - - - - - - - - - - - - - - - - - - - - - - - - - - -
00:00:00.001 Register a `HostEntry`, check probes and announcements
00:00:00.001 AdvanceTime for 0.250
00:00:00.055 otPlatMdnsSendMulticast(msg-len:114)
00:00:00.055    Query id:0 qt:0 t:0 rcode:0 [q:1 ans:0 auth:3 addn:0]
00:00:00.055    Question
00:00:00.055       myhost.local. ANY QU class:1
00:00:00.055    Authority
00:00:00.055       myhost.local. AAAA cls:1 ttl:1500 fd00:0:0:0:0:0:0:aaaa
00:00:00.055       myhost.local. AAAA cls:1 ttl:1500 fd00:0:0:0:0:0:0:bbbb
00:00:00.055       myhost.local. AAAA cls:1 ttl:1500 fd00:0:0:0:0:0:0:cccc
00:00:00.251 AdvanceTime for 0.250
00:00:00.305 otPlatMdnsSendMulticast(msg-len:114)
00:00:00.305    Query id:0 qt:0 t:0 rcode:0 [q:1 ans:0 auth:3 addn:0]
00:00:00.305    Question
00:00:00.305       myhost.local. ANY QM class:1
00:00:00.305    Authority
00:00:00.305       myhost.local. AAAA cls:1 ttl:1500 fd00:0:0:0:0:0:0:aaaa
00:00:00.305       myhost.local. AAAA cls:1 ttl:1500 fd00:0:0:0:0:0:0:bbbb
00:00:00.305       myhost.local. AAAA cls:1 ttl:1500 fd00:0:0:0:0:0:0:cccc
00:00:00.501 AdvanceTime for 0.250
00:00:00.555 otPlatMdnsSendMulticast(msg-len:114)
00:00:00.555    Query id:0 qt:0 t:0 rcode:0 [q:1 ans:0 auth:3 addn:0]
00:00:00.555    Question
00:00:00.555       myhost.local. ANY QM class:1
00:00:00.555    Authority
00:00:00.555       myhost.local. AAAA cls:1 ttl:1500 fd00:0:0:0:0:0:0:aaaa
00:00:00.555       myhost.local. AAAA cls:1 ttl:1500 fd00:0:0:0:0:0:0:bbbb
00:00:00.555       myhost.local. AAAA cls:1 ttl:1500 fd00:0:0:0:0:0:0:cccc
00:00:00.751 AdvanceTime for 0.250
00:00:00.805 otPlatMdnsSendMulticast(msg-len:128)
00:00:00.805    Response id:0 qt:0 t:0 rcode:0 [q:0 ans:3 auth:0 addn:1]
00:00:00.805    Answer
00:00:00.805       myhost.local. AAAA cache-flush cls:1 ttl:1500 fd00:0:0:0:0:0:0:aaaa
00:00:00.805       myhost.local. AAAA cache-flush cls:1 ttl:1500 fd00:0:0:0:0:0:0:bbbb
00:00:00.805       myhost.local. AAAA cache-flush cls:1 ttl:1500 fd00:0:0:0:0:0:0:cccc
00:00:00.805    Additional
00:00:00.805       myhost.local. NSEC cache-flush cls:1 ttl:4500 [ AAAA ]
00:00:00.805 Register callback - ResuestId:0 Error:OK
00:00:01.001 AdvanceTime for 1.000
00:00:01.805 otPlatMdnsSendMulticast(msg-len:128)
00:00:01.805    Response id:0 qt:0 t:0 rcode:0 [q:0 ans:3 auth:0 addn:1]
00:00:01.805    Answer
00:00:01.805       myhost.local. AAAA cache-flush cls:1 ttl:1500 fd00:0:0:0:0:0:0:aaaa
00:00:01.805       myhost.local. AAAA cache-flush cls:1 ttl:1500 fd00:0:0:0:0:0:0:bbbb
00:00:01.805       myhost.local. AAAA cache-flush cls:1 ttl:1500 fd00:0:0:0:0:0:0:cccc
00:00:01.805    Additional
00:00:01.805       myhost.local. NSEC cache-flush cls:1 ttl:4500 [ AAAA ]
00:00:02.001 AdvanceTime for 2.000
00:00:03.805 otPlatMdnsSendMulticast(msg-len:128)
00:00:03.805    Response id:0 qt:0 t:0 rcode:0 [q:0 ans:3 auth:0 addn:1]
00:00:03.805    Answer
00:00:03.805       myhost.local. AAAA cache-flush cls:1 ttl:1500 fd00:0:0:0:0:0:0:aaaa
00:00:03.805       myhost.local. AAAA cache-flush cls:1 ttl:1500 fd00:0:0:0:0:0:0:bbbb
00:00:03.805       myhost.local. AAAA cache-flush cls:1 ttl:1500 fd00:0:0:0:0:0:0:cccc
00:00:03.805    Additional
00:00:03.805       myhost.local. NSEC cache-flush cls:1 ttl:4500 [ AAAA ]
00:00:04.001 - - - - - - - - - - - - - - - - - - - - - - - - - - - - - - - - - - - - - - - - - - - - -
00:00:04.001 Send a query for AAAA record and validate the response
00:00:04.001 AdvanceTime for 2.000
00:00:06.001 Sending query for myhost.local. AAAA
00:00:06.001 AdvanceTime for 1.000
00:00:06.001 otPlatMdnsSendMulticast(msg-len:128)
00:00:06.001    Response id:0 qt:0 t:0 rcode:0 [q:0 ans:3 auth:0 addn:1]
00:00:06.001    Answer
00:00:06.001       myhost.local. AAAA cache-flush cls:1 ttl:1500 fd00:0:0:0:0:0:0:aaaa
00:00:06.001       myhost.local. AAAA cache-flush cls:1 ttl:1500 fd00:0:0:0:0:0:0:bbbb
00:00:06.001       myhost.local. AAAA cache-flush cls:1 ttl:1500 fd00:0:0:0:0:0:0:cccc
00:00:06.001    Additional
00:00:06.001       myhost.local. NSEC cache-flush cls:1 ttl:4500 [ AAAA ]
00:00:07.001 - - - - - - - - - - - - - - - - - - - - - - - - - - - - - - - - - - - - - - - - - - - - -
00:00:07.001 Send a query for ANY record and validate the response
00:00:07.001 AdvanceTime for 2.000
00:00:09.001 Sending query for myhost.local. ANY
00:00:09.001 AdvanceTime for 1.000
00:00:09.001 otPlatMdnsSendMulticast(msg-len:128)
00:00:09.001    Response id:0 qt:0 t:0 rcode:0 [q:0 ans:3 auth:0 addn:1]
00:00:09.001    Answer
00:00:09.001       myhost.local. AAAA cache-flush cls:1 ttl:1500 fd00:0:0:0:0:0:0:aaaa
00:00:09.001       myhost.local. AAAA cache-flush cls:1 ttl:1500 fd00:0:0:0:0:0:0:bbbb
00:00:09.001       myhost.local. AAAA cache-flush cls:1 ttl:1500 fd00:0:0:0:0:0:0:cccc
00:00:09.001    Additional
00:00:09.001       myhost.local. NSEC cache-flush cls:1 ttl:4500 [ AAAA ]
00:00:10.001 - - - - - - - - - - - - - - - - - - - - - - - - - - - - - - - - - - - - - - - - - - - - -
00:00:10.001 Send a query for non-existing record and validate the response with NSEC
00:00:10.001 AdvanceTime for 2.000
00:00:12.001 Sending query for myhost.local. A
00:00:12.001 AdvanceTime for 1.000
00:00:12.001 otPlatMdnsSendMulticast(msg-len:56)
00:00:12.001    Response id:0 qt:0 t:0 rcode:0 [q:0 ans:0 auth:0 addn:1]
00:00:12.001    Additional
00:00:12.001       myhost.local. NSEC cache-flush cls:1 ttl:4500 [ AAAA ]
00:00:13.001 - - - - - - - - - - - - - - - - - - - - - - - - - - - - - - - - - - - - - - - - - - - - -
00:00:13.001 Update number of host addresses and validate new announcements
00:00:13.001 AdvanceTime for 0.000
00:00:13.001 Register callback - ResuestId:1 Error:OK
00:00:13.001 otPlatMdnsSendMulticast(msg-len:100)
00:00:13.001    Response id:0 qt:0 t:0 rcode:0 [q:0 ans:2 auth:0 addn:1]
00:00:13.001    Answer
00:00:13.001       myhost.local. AAAA cache-flush cls:1 ttl:1500 fd00:0:0:0:0:0:0:aaaa
00:00:13.001       myhost.local. AAAA cache-flush cls:1 ttl:1500 fd00:0:0:0:0:0:0:bbbb
00:00:13.001    Additional
00:00:13.001       myhost.local. NSEC cache-flush cls:1 ttl:4500 [ AAAA ]
00:00:13.001 AdvanceTime for 1.000
00:00:14.001 otPlatMdnsSendMulticast(msg-len:100)
00:00:14.001    Response id:0 qt:0 t:0 rcode:0 [q:0 ans:2 auth:0 addn:1]
00:00:14.001    Answer
00:00:14.001       myhost.local. AAAA cache-flush cls:1 ttl:1500 fd00:0:0:0:0:0:0:aaaa
00:00:14.001       myhost.local. AAAA cache-flush cls:1 ttl:1500 fd00:0:0:0:0:0:0:bbbb
00:00:14.001    Additional
00:00:14.001       myhost.local. NSEC cache-flush cls:1 ttl:4500 [ AAAA ]
00:00:14.001 AdvanceTime for 2.000
00:00:16.001 otPlatMdnsSendMulticast(msg-len:100)
00:00:16.001    Response id:0 qt:0 t:0 rcode:0 [q:0 ans:2 auth:0 addn:1]
00:00:16.001    Answer
00:00:16.001       myhost.local. AAAA cache-flush cls:1 ttl:1500 fd00:0:0:0:0:0:0:aaaa
00:00:16.001       myhost.local. AAAA cache-flush cls:1 ttl:1500 fd00:0:0:0:0:0:0:bbbb
00:00:16.001    Additional
00:00:16.001       myhost.local. NSEC cache-flush cls:1 ttl:4500 [ AAAA ]
00:00:16.001 - - - - - - - - - - - - - - - - - - - - - - - - - - - - - - - - - - - - - - - - - - - - -
00:00:16.001 Change the addresses and validate the first announce
00:00:16.001 AdvanceTime for 0.300
00:00:16.001 Register callback - ResuestId:0 Error:OK
00:00:16.001 otPlatMdnsSendMulticast(msg-len:128)
00:00:16.001    Response id:0 qt:0 t:0 rcode:0 [q:0 ans:3 auth:0 addn:1]
00:00:16.001    Answer
00:00:16.001       myhost.local. AAAA cache-flush cls:1 ttl:1500 fd00:0:0:0:0:0:0:aaaa
00:00:16.001       myhost.local. AAAA cache-flush cls:1 ttl:1500 fd00:0:0:0:0:0:0:bbbb
00:00:16.001       myhost.local. AAAA cache-flush cls:1 ttl:1500 fd00:0:0:0:0:0:0:cccc
00:00:16.001    Additional
00:00:16.001       myhost.local. NSEC cache-flush cls:1 ttl:4500 [ AAAA ]
00:00:16.301 Change the address list again before second announce
00:00:16.301 AdvanceTime for 0.000
00:00:16.301 Register callback - ResuestId:1 Error:OK
00:00:16.301 otPlatMdnsSendMulticast(msg-len:72)
00:00:16.301    Response id:0 qt:0 t:0 rcode:0 [q:0 ans:1 auth:0 addn:1]
00:00:16.301    Answer
00:00:16.301       myhost.local. AAAA cache-flush cls:1 ttl:1500 fd00:0:0:0:0:0:0:aaaa
00:00:16.301    Additional
00:00:16.301       myhost.local. NSEC cache-flush cls:1 ttl:4500 [ AAAA ]
00:00:16.301 AdvanceTime for 1.000
00:00:17.301 otPlatMdnsSendMulticast(msg-len:72)
00:00:17.301    Response id:0 qt:0 t:0 rcode:0 [q:0 ans:1 auth:0 addn:1]
00:00:17.301    Answer
00:00:17.301       myhost.local. AAAA cache-flush cls:1 ttl:1500 fd00:0:0:0:0:0:0:aaaa
00:00:17.301    Additional
00:00:17.301       myhost.local. NSEC cache-flush cls:1 ttl:4500 [ AAAA ]
00:00:17.301 AdvanceTime for 2.000
00:00:19.301 otPlatMdnsSendMulticast(msg-len:72)
00:00:19.301    Response id:0 qt:0 t:0 rcode:0 [q:0 ans:1 auth:0 addn:1]
00:00:19.301    Answer
00:00:19.301       myhost.local. AAAA cache-flush cls:1 ttl:1500 fd00:0:0:0:0:0:0:aaaa
00:00:19.301    Additional
00:00:19.301       myhost.local. NSEC cache-flush cls:1 ttl:4500 [ AAAA ]
00:00:19.301 - - - - - - - - - - - - - - - - - - - - - - - - - - - - - - - - - - - - - - - - - - - - -
00:00:19.301 Change `HostEntry` TTL and validate announcements
00:00:19.301 AdvanceTime for 0.000
00:00:19.301 Register callback - ResuestId:1 Error:OK
00:00:19.301 otPlatMdnsSendMulticast(msg-len:72)
00:00:19.301    Response id:0 qt:0 t:0 rcode:0 [q:0 ans:1 auth:0 addn:1]
00:00:19.301    Answer
00:00:19.301       myhost.local. AAAA cache-flush cls:1 ttl:120 fd00:0:0:0:0:0:0:aaaa
00:00:19.301    Additional
00:00:19.301       myhost.local. NSEC cache-flush cls:1 ttl:4500 [ AAAA ]
00:00:19.301 AdvanceTime for 1.000
00:00:20.301 otPlatMdnsSendMulticast(msg-len:72)
00:00:20.301    Response id:0 qt:0 t:0 rcode:0 [q:0 ans:1 auth:0 addn:1]
00:00:20.301    Answer
00:00:20.301       myhost.local. AAAA cache-flush cls:1 ttl:120 fd00:0:0:0:0:0:0:aaaa
00:00:20.301    Additional
00:00:20.301       myhost.local. NSEC cache-flush cls:1 ttl:4500 [ AAAA ]
00:00:20.301 AdvanceTime for 2.000
00:00:22.301 otPlatMdnsSendMulticast(msg-len:72)
00:00:22.301    Response id:0 qt:0 t:0 rcode:0 [q:0 ans:1 auth:0 addn:1]
00:00:22.301    Answer
00:00:22.301       myhost.local. AAAA cache-flush cls:1 ttl:120 fd00:0:0:0:0:0:0:aaaa
00:00:22.301    Additional
00:00:22.301       myhost.local. NSEC cache-flush cls:1 ttl:4500 [ AAAA ]
00:00:22.301 - - - - - - - - - - - - - - - - - - - - - - - - - - - - - - - - - - - - - - - - - - - - -
00:00:22.301 Send a query for AAAA record and validate the response
00:00:22.301 AdvanceTime for 2.000
00:00:24.301 Sending query for myhost.local. AAAA
00:00:24.301 AdvanceTime for 1.000
00:00:24.301 otPlatMdnsSendMulticast(msg-len:72)
00:00:24.301    Response id:0 qt:0 t:0 rcode:0 [q:0 ans:1 auth:0 addn:1]
00:00:24.301    Answer
00:00:24.301       myhost.local. AAAA cache-flush cls:1 ttl:120 fd00:0:0:0:0:0:0:aaaa
00:00:24.301    Additional
00:00:24.301       myhost.local. NSEC cache-flush cls:1 ttl:4500 [ AAAA ]
00:00:25.301 - - - - - - - - - - - - - - - - - - - - - - - - - - - - - - - - - - - - - - - - - - - - -
00:00:25.301 Unregister the host and validate the goodbye announces
00:00:25.301 AdvanceTime for 0.000
00:00:25.301 otPlatMdnsSendMulticast(msg-len:52)
00:00:25.301    Response id:0 qt:0 t:0 rcode:0 [q:0 ans:1 auth:0 addn:0]
00:00:25.301    Answer
00:00:25.301       myhost.local. AAAA cache-flush cls:1 ttl:0 fd00:0:0:0:0:0:0:aaaa
00:00:25.301 AdvanceTime for 1.000
00:00:26.301 otPlatMdnsSendMulticast(msg-len:52)
00:00:26.301    Response id:0 qt:0 t:0 rcode:0 [q:0 ans:1 auth:0 addn:0]
00:00:26.301    Answer
00:00:26.301       myhost.local. AAAA cache-flush cls:1 ttl:0 fd00:0:0:0:0:0:0:aaaa
00:00:26.301 AdvanceTime for 2.000
00:00:28.301 otPlatMdnsSendMulticast(msg-len:52)
00:00:28.301    Response id:0 qt:0 t:0 rcode:0 [q:0 ans:1 auth:0 addn:0]
00:00:28.301    Answer
00:00:28.301       myhost.local. AAAA cache-flush cls:1 ttl:0 fd00:0:0:0:0:0:0:aaaa
00:00:28.301 AdvanceTime for 15.000
00:00:43.301 - - - - - - - - - - - - - - - - - - - - - - - - - - - - - - - - - - - - - - - - - - - - -
00:00:43.301 Register a host with no address (first time)
00:00:43.301 AdvanceTime for 0.001
00:00:43.301 Register callback - ResuestId:2 Error:OK
00:00:43.302 - - - - - - - - - - - - - - - - - - - - - - - - - - - - - - - - - - - - - - - - - - - - -
00:00:43.302 Register the same host now with an address
00:00:43.302 AdvanceTime for 15.000
00:00:43.481 otPlatMdnsSendMulticast(msg-len:59)
00:00:43.481    Query id:0 qt:0 t:0 rcode:0 [q:1 ans:0 auth:1 addn:0]
00:00:43.481    Question
00:00:43.481       newhost.local. ANY QU class:1
00:00:43.481    Authority
00:00:43.481       newhost.local. AAAA cls:1 ttl:1500 fd00:0:0:0:0:0:0:aaaa
00:00:43.731 otPlatMdnsSendMulticast(msg-len:59)
00:00:43.731    Query id:0 qt:0 t:0 rcode:0 [q:1 ans:0 auth:1 addn:0]
00:00:43.731    Question
00:00:43.731       newhost.local. ANY QM class:1
00:00:43.731    Authority
00:00:43.731       newhost.local. AAAA cls:1 ttl:1500 fd00:0:0:0:0:0:0:aaaa
00:00:43.981 otPlatMdnsSendMulticast(msg-len:59)
00:00:43.981    Query id:0 qt:0 t:0 rcode:0 [q:1 ans:0 auth:1 addn:0]
00:00:43.981    Question
00:00:43.981       newhost.local. ANY QM class:1
00:00:43.981    Authority
00:00:43.981       newhost.local. AAAA cls:1 ttl:1500 fd00:0:0:0:0:0:0:aaaa
00:00:44.231 otPlatMdnsSendMulticast(msg-len:73)
00:00:44.231    Response id:0 qt:0 t:0 rcode:0 [q:0 ans:1 auth:0 addn:1]
00:00:44.231    Answer
00:00:44.231       newhost.local. AAAA cache-flush cls:1 ttl:1500 fd00:0:0:0:0:0:0:aaaa
00:00:44.231    Additional
00:00:44.231       newhost.local. NSEC cache-flush cls:1 ttl:4500 [ AAAA ]
00:00:44.231 Register callback - ResuestId:3 Error:OK
00:00:45.231 otPlatMdnsSendMulticast(msg-len:73)
00:00:45.231    Response id:0 qt:0 t:0 rcode:0 [q:0 ans:1 auth:0 addn:1]
00:00:45.231    Answer
00:00:45.231       newhost.local. AAAA cache-flush cls:1 ttl:1500 fd00:0:0:0:0:0:0:aaaa
00:00:45.231    Additional
00:00:45.231       newhost.local. NSEC cache-flush cls:1 ttl:4500 [ AAAA ]
00:00:47.231 otPlatMdnsSendMulticast(msg-len:73)
00:00:47.231    Response id:0 qt:0 t:0 rcode:0 [q:0 ans:1 auth:0 addn:1]
00:00:47.231    Answer
00:00:47.231       newhost.local. AAAA cache-flush cls:1 ttl:1500 fd00:0:0:0:0:0:0:aaaa
00:00:47.231    Additional
00:00:47.231       newhost.local. NSEC cache-flush cls:1 ttl:4500 [ AAAA ]
00:00:58.302 - - - - - - - - - - - - - - - - - - - - - - - - - - - - - - - - - - - - - - - - - - - - -
00:00:58.302 Register the same host again now with no address
00:00:58.302 AdvanceTime for 0.001
00:00:58.302 Register callback - ResuestId:4 Error:OK
00:00:58.302 otPlatMdnsSendMulticast(msg-len:53)
00:00:58.302    Response id:0 qt:0 t:0 rcode:0 [q:0 ans:1 auth:0 addn:0]
00:00:58.302    Answer
00:00:58.302       newhost.local. AAAA cache-flush cls:1 ttl:0 fd00:0:0:0:0:0:0:aaaa
00:00:58.303 AdvanceTime for 0.000
00:00:58.303 AdvanceTime for 1.000
00:00:59.302 otPlatMdnsSendMulticast(msg-len:53)
00:00:59.302    Response id:0 qt:0 t:0 rcode:0 [q:0 ans:1 auth:0 addn:0]
00:00:59.302    Answer
00:00:59.302       newhost.local. AAAA cache-flush cls:1 ttl:0 fd00:0:0:0:0:0:0:aaaa
00:00:59.303 AdvanceTime for 2.000
00:01:01.302 otPlatMdnsSendMulticast(msg-len:53)
00:01:01.302    Response id:0 qt:0 t:0 rcode:0 [q:0 ans:1 auth:0 addn:0]
00:01:01.302    Answer
00:01:01.302       newhost.local. AAAA cache-flush cls:1 ttl:0 fd00:0:0:0:0:0:0:aaaa
00:01:01.303 - - - - - - - - - - - - - - - - - - - - - - - - - - - - - - - - - - - - - - - - - - - - -
00:01:01.303 Register the same host again now adding an address
00:01:01.303 AdvanceTime for 15.000
00:01:01.371 otPlatMdnsSendMulticast(msg-len:59)
00:01:01.371    Query id:0 qt:0 t:0 rcode:0 [q:1 ans:0 auth:1 addn:0]
00:01:01.371    Question
00:01:01.371       newhost.local. ANY QU class:1
00:01:01.371    Authority
00:01:01.371       newhost.local. AAAA cls:1 ttl:1500 fd00:0:0:0:0:0:0:bbbb
00:01:01.621 otPlatMdnsSendMulticast(msg-len:59)
00:01:01.621    Query id:0 qt:0 t:0 rcode:0 [q:1 ans:0 auth:1 addn:0]
00:01:01.621    Question
00:01:01.621       newhost.local. ANY QM class:1
00:01:01.621    Authority
00:01:01.621       newhost.local. AAAA cls:1 ttl:1500 fd00:0:0:0:0:0:0:bbbb
00:01:01.871 otPlatMdnsSendMulticast(msg-len:59)
00:01:01.871    Query id:0 qt:0 t:0 rcode:0 [q:1 ans:0 auth:1 addn:0]
00:01:01.871    Question
00:01:01.871       newhost.local. ANY QM class:1
00:01:01.871    Authority
00:01:01.871       newhost.local. AAAA cls:1 ttl:1500 fd00:0:0:0:0:0:0:bbbb
00:01:02.121 otPlatMdnsSendMulticast(msg-len:73)
00:01:02.121    Response id:0 qt:0 t:0 rcode:0 [q:0 ans:1 auth:0 addn:1]
00:01:02.121    Answer
00:01:02.121       newhost.local. AAAA cache-flush cls:1 ttl:1500 fd00:0:0:0:0:0:0:bbbb
00:01:02.121    Additional
00:01:02.121       newhost.local. NSEC cache-flush cls:1 ttl:4500 [ AAAA ]
00:01:02.121 Register callback - ResuestId:5 Error:OK
00:01:03.121 otPlatMdnsSendMulticast(msg-len:73)
00:01:03.121    Response id:0 qt:0 t:0 rcode:0 [q:0 ans:1 auth:0 addn:1]
00:01:03.121    Answer
00:01:03.121       newhost.local. AAAA cache-flush cls:1 ttl:1500 fd00:0:0:0:0:0:0:bbbb
00:01:03.121    Additional
00:01:03.121       newhost.local. NSEC cache-flush cls:1 ttl:4500 [ AAAA ]
00:01:05.121 otPlatMdnsSendMulticast(msg-len:73)
00:01:05.121    Response id:0 qt:0 t:0 rcode:0 [q:0 ans:1 auth:0 addn:1]
00:01:05.121    Answer
00:01:05.121       newhost.local. AAAA cache-flush cls:1 ttl:1500 fd00:0:0:0:0:0:0:bbbb
00:01:05.121    Additional
00:01:05.121       newhost.local. NSEC cache-flush cls:1 ttl:4500 [ AAAA ]
00:01:16.303 - - - - - - - - - - - - - - - - - - - - - - - - - - - - - - - - - - - - - - - - - - - - -
00:01:16.303 otPlatMdnsSetListeningEnabled(false)
00:01:16.303 End of test
00:00:00.000 -------------------------------------------------------------------------------------------
00:00:00.000 TestLocalHost
00:00:00.000 AdvanceTime for 0.001
00:00:00.001 otPlatMdnsSetListeningEnabled(true)
00:00:00.001 Local host name is "ota6bd7edf0c528c2a"
00:00:00.001 - - - - - - - - - - - - - - - - - - - - - - - - - - - - - - - - - - - - - - - - - - - - -
00:00:00.001 Add an IP6 address and IP4 address for local host, check probes and announcements
00:00:00.001 AdvanceTime for 0.004
00:00:00.005 AdvanceTime for 0.250
00:00:00.231 otPlatMdnsSendMulticast(msg-len:86)
00:00:00.231    Query id:0 qt:0 t:0 rcode:0 [q:1 ans:0 auth:2 addn:0]
00:00:00.231    Question
00:00:00.231       ota6bd7edf0c528c2a.local. ANY QU class:1
00:00:00.231    Authority
00:00:00.231       ota6bd7edf0c528c2a.local. AAAA cls:1 ttl:120 fd00:cafe:0:0:0:0:0:1
00:00:00.231       ota6bd7edf0c528c2a.local. A cls:1 ttl:120 200.1.5.6
00:00:00.255 AdvanceTime for 0.250
00:00:00.481 otPlatMdnsSendMulticast(msg-len:86)
00:00:00.481    Query id:0 qt:0 t:0 rcode:0 [q:1 ans:0 auth:2 addn:0]
00:00:00.481    Question
00:00:00.481       ota6bd7edf0c528c2a.local. ANY QM class:1
00:00:00.481    Authority
00:00:00.481       ota6bd7edf0c528c2a.local. AAAA cls:1 ttl:120 fd00:cafe:0:0:0:0:0:1
00:00:00.481       ota6bd7edf0c528c2a.local. A cls:1 ttl:120 200.1.5.6
00:00:00.505 AdvanceTime for 0.250
00:00:00.731 otPlatMdnsSendMulticast(msg-len:86)
00:00:00.731    Query id:0 qt:0 t:0 rcode:0 [q:1 ans:0 auth:2 addn:0]
00:00:00.731    Question
00:00:00.731       ota6bd7edf0c528c2a.local. ANY QM class:1
00:00:00.731    Authority
00:00:00.731       ota6bd7edf0c528c2a.local. AAAA cls:1 ttl:120 fd00:cafe:0:0:0:0:0:1
00:00:00.731       ota6bd7edf0c528c2a.local. A cls:1 ttl:120 200.1.5.6
00:00:00.755 AdvanceTime for 0.250
00:00:00.981 otPlatMdnsSendMulticast(msg-len:100)
00:00:00.981    Response id:0 qt:0 t:0 rcode:0 [q:0 ans:2 auth:0 addn:1]
00:00:00.981    Answer
00:00:00.981       ota6bd7edf0c528c2a.local. AAAA cache-flush cls:1 ttl:120 fd00:cafe:0:0:0:0:0:1
00:00:00.981       ota6bd7edf0c528c2a.local. A cache-flush cls:1 ttl:120 200.1.5.6
00:00:00.981    Additional
00:00:00.981       ota6bd7edf0c528c2a.local. NSEC cache-flush cls:1 ttl:4500 [ A AAAA ]
00:00:01.005 AdvanceTime for 1.000
00:00:01.981 otPlatMdnsSendMulticast(msg-len:100)
00:00:01.981    Response id:0 qt:0 t:0 rcode:0 [q:0 ans:2 auth:0 addn:1]
00:00:01.981    Answer
00:00:01.981       ota6bd7edf0c528c2a.local. AAAA cache-flush cls:1 ttl:120 fd00:cafe:0:0:0:0:0:1
00:00:01.981       ota6bd7edf0c528c2a.local. A cache-flush cls:1 ttl:120 200.1.5.6
00:00:01.981    Additional
00:00:01.981       ota6bd7edf0c528c2a.local. NSEC cache-flush cls:1 ttl:4500 [ A AAAA ]
00:00:02.005 AdvanceTime for 2.000
00:00:03.981 otPlatMdnsSendMulticast(msg-len:100)
00:00:03.981    Response id:0 qt:0 t:0 rcode:0 [q:0 ans:2 auth:0 addn:1]
00:00:03.981    Answer
00:00:03.981       ota6bd7edf0c528c2a.local. AAAA cache-flush cls:1 ttl:120 fd00:cafe:0:0:0:0:0:1
00:00:03.981       ota6bd7edf0c528c2a.local. A cache-flush cls:1 ttl:120 200.1.5.6
00:00:03.981    Additional
00:00:03.981       ota6bd7edf0c528c2a.local. NSEC cache-flush cls:1 ttl:4500 [ A AAAA ]
00:00:04.005 - - - - - - - - - - - - - - - - - - - - - - - - - - - - - - - - - - - - - - - - - - - - -
00:00:04.005 Send a query for AAAA record and validate the response
00:00:04.005 AdvanceTime for 2.000
00:00:06.005 Sending query for ota6bd7edf0c528c2a.local. AAAA
00:00:06.005 AdvanceTime for 1.000
00:00:06.005 otPlatMdnsSendMulticast(msg-len:84)
00:00:06.005    Response id:0 qt:0 t:0 rcode:0 [q:0 ans:1 auth:0 addn:1]
00:00:06.005    Answer
00:00:06.005       ota6bd7edf0c528c2a.local. AAAA cache-flush cls:1 ttl:120 fd00:cafe:0:0:0:0:0:1
00:00:06.005    Additional
00:00:06.005       ota6bd7edf0c528c2a.local. NSEC cache-flush cls:1 ttl:4500 [ A AAAA ]
00:00:07.005 - - - - - - - - - - - - - - - - - - - - - - - - - - - - - - - - - - - - - - - - - - - - -
00:00:07.005 Send a query for A record and validate the response
00:00:07.005 AdvanceTime for 2.000
00:00:09.005 Sending query for ota6bd7edf0c528c2a.local. A
00:00:09.005 AdvanceTime for 1.000
00:00:09.005 otPlatMdnsSendMulticast(msg-len:72)
00:00:09.005    Response id:0 qt:0 t:0 rcode:0 [q:0 ans:1 auth:0 addn:1]
00:00:09.005    Answer
00:00:09.005       ota6bd7edf0c528c2a.local. A cache-flush cls:1 ttl:120 200.1.5.6
00:00:09.005    Additional
00:00:09.005       ota6bd7edf0c528c2a.local. NSEC cache-flush cls:1 ttl:4500 [ A AAAA ]
00:00:10.005 - - - - - - - - - - - - - - - - - - - - - - - - - - - - - - - - - - - - - - - - - - - - -
00:00:10.005 Send a query for ANY record and validate the response
00:00:10.005 AdvanceTime for 2.000
00:00:12.005 Sending query for ota6bd7edf0c528c2a.local. ANY
00:00:12.005 AdvanceTime for 1.000
00:00:12.005 otPlatMdnsSendMulticast(msg-len:100)
00:00:12.005    Response id:0 qt:0 t:0 rcode:0 [q:0 ans:2 auth:0 addn:1]
00:00:12.005    Answer
00:00:12.005       ota6bd7edf0c528c2a.local. AAAA cache-flush cls:1 ttl:120 fd00:cafe:0:0:0:0:0:1
00:00:12.005       ota6bd7edf0c528c2a.local. A cache-flush cls:1 ttl:120 200.1.5.6
00:00:12.005    Additional
00:00:12.005       ota6bd7edf0c528c2a.local. NSEC cache-flush cls:1 ttl:4500 [ A AAAA ]
00:00:13.005 - - - - - - - - - - - - - - - - - - - - - - - - - - - - - - - - - - - - - - - - - - - - -
00:00:13.005 Send a query for non-existing record and validate the response with NSEC
00:00:13.005 AdvanceTime for 2.000
00:00:15.005 Sending query for ota6bd7edf0c528c2a.local. KEY
00:00:15.005 AdvanceTime for 1.000
00:00:15.005 otPlatMdnsSendMulticast(msg-len:80)
00:00:15.005    Response id:0 qt:0 t:0 rcode:0 [q:0 ans:0 auth:0 addn:1]
00:00:15.005    Additional
00:00:15.005       ota6bd7edf0c528c2a.local. NSEC cache-flush cls:1 ttl:4500 [ A AAAA ]
00:00:16.005 - - - - - - - - - - - - - - - - - - - - - - - - - - - - - - - - - - - - - - - - - - - - -
00:00:16.005 Signal a new host IPv6 address is added and validate new announcements
00:00:16.005 AdvanceTime for 0.005
00:00:16.009 otPlatMdnsSendMulticast(msg-len:112)
00:00:16.009    Response id:0 qt:0 t:0 rcode:0 [q:0 ans:2 auth:0 addn:1]
00:00:16.009    Answer
00:00:16.009       ota6bd7edf0c528c2a.local. AAAA cache-flush cls:1 ttl:120 fd00:cafe:0:0:0:0:0:1
00:00:16.009       ota6bd7edf0c528c2a.local. AAAA cache-flush cls:1 ttl:120 fd00:cafe:0:0:0:0:0:22
00:00:16.009    Additional
00:00:16.009       ota6bd7edf0c528c2a.local. NSEC cache-flush cls:1 ttl:4500 [ A AAAA ]
00:00:16.010 AdvanceTime for 0.000
00:00:16.010 AdvanceTime for 1.000
00:00:17.009 otPlatMdnsSendMulticast(msg-len:112)
00:00:17.009    Response id:0 qt:0 t:0 rcode:0 [q:0 ans:2 auth:0 addn:1]
00:00:17.009    Answer
00:00:17.009       ota6bd7edf0c528c2a.local. AAAA cache-flush cls:1 ttl:120 fd00:cafe:0:0:0:0:0:1
00:00:17.009       ota6bd7edf0c528c2a.local. AAAA cache-flush cls:1 ttl:120 fd00:cafe:0:0:0:0:0:22
00:00:17.009    Additional
00:00:17.009       ota6bd7edf0c528c2a.local. NSEC cache-flush cls:1 ttl:4500 [ A AAAA ]
00:00:17.010 AdvanceTime for 2.000
00:00:19.009 otPlatMdnsSendMulticast(msg-len:112)
00:00:19.009    Response id:0 qt:0 t:0 rcode:0 [q:0 ans:2 auth:0 addn:1]
00:00:19.009    Answer
00:00:19.009       ota6bd7edf0c528c2a.local. AAAA cache-flush cls:1 ttl:120 fd00:cafe:0:0:0:0:0:1
00:00:19.009       ota6bd7edf0c528c2a.local. AAAA cache-flush cls:1 ttl:120 fd00:cafe:0:0:0:0:0:22
00:00:19.009    Additional
00:00:19.009       ota6bd7edf0c528c2a.local. NSEC cache-flush cls:1 ttl:4500 [ A AAAA ]
00:00:19.010 - - - - - - - - - - - - - - - - - - - - - - - - - - - - - - - - - - - - - - - - - - - - -
00:00:19.010 Signal new host IPv6 addresses added and removed
00:00:19.010 AdvanceTime for 0.001
00:00:19.011 Validate the announcements
00:00:19.011 AdvanceTime for 0.004
00:00:19.014 otPlatMdnsSendMulticast(msg-len:112)
00:00:19.014    Response id:0 qt:0 t:0 rcode:0 [q:0 ans:2 auth:0 addn:1]
00:00:19.014    Answer
00:00:19.014       ota6bd7edf0c528c2a.local. AAAA cache-flush cls:1 ttl:120 fd00:cafe:0:0:0:0:0:1
00:00:19.014       ota6bd7edf0c528c2a.local. AAAA cache-flush cls:1 ttl:120 fd00:cafe:0:0:0:0:0:4444
00:00:19.014    Additional
00:00:19.014       ota6bd7edf0c528c2a.local. NSEC cache-flush cls:1 ttl:4500 [ A AAAA ]
00:00:19.015 AdvanceTime for 0.000
00:00:19.015 AdvanceTime for 1.000
00:00:20.014 otPlatMdnsSendMulticast(msg-len:112)
00:00:20.014    Response id:0 qt:0 t:0 rcode:0 [q:0 ans:2 auth:0 addn:1]
00:00:20.014    Answer
00:00:20.014       ota6bd7edf0c528c2a.local. AAAA cache-flush cls:1 ttl:120 fd00:cafe:0:0:0:0:0:1
00:00:20.014       ota6bd7edf0c528c2a.local. AAAA cache-flush cls:1 ttl:120 fd00:cafe:0:0:0:0:0:4444
00:00:20.014    Additional
00:00:20.014       ota6bd7edf0c528c2a.local. NSEC cache-flush cls:1 ttl:4500 [ A AAAA ]
00:00:20.015 AdvanceTime for 2.000
00:00:22.014 otPlatMdnsSendMulticast(msg-len:112)
00:00:22.014    Response id:0 qt:0 t:0 rcode:0 [q:0 ans:2 auth:0 addn:1]
00:00:22.014    Answer
00:00:22.014       ota6bd7edf0c528c2a.local. AAAA cache-flush cls:1 ttl:120 fd00:cafe:0:0:0:0:0:1
00:00:22.014       ota6bd7edf0c528c2a.local. AAAA cache-flush cls:1 ttl:120 fd00:cafe:0:0:0:0:0:4444
00:00:22.014    Additional
00:00:22.014       ota6bd7edf0c528c2a.local. NSEC cache-flush cls:1 ttl:4500 [ A AAAA ]
00:00:22.015 - - - - - - - - - - - - - - - - - - - - - - - - - - - - - - - - - - - - - - - - - - - - -
00:00:22.015 Signal three new host IPv4 addresses added
00:00:22.015 Validate the announcements
00:00:22.015 AdvanceTime for 0.005
00:00:22.019 otPlatMdnsSendMulticast(msg-len:120)
00:00:22.019    Response id:0 qt:0 t:0 rcode:0 [q:0 ans:4 auth:0 addn:1]
00:00:22.019    Answer
00:00:22.019       ota6bd7edf0c528c2a.local. A cache-flush cls:1 ttl:120 200.1.5.6
00:00:22.019       ota6bd7edf0c528c2a.local. A cache-flush cls:1 ttl:120 200.1.4.0
00:00:22.019       ota6bd7edf0c528c2a.local. A cache-flush cls:1 ttl:120 200.1.2.100
00:00:22.019       ota6bd7edf0c528c2a.local. A cache-flush cls:1 ttl:120 200.1.5.7
00:00:22.019    Additional
00:00:22.019       ota6bd7edf0c528c2a.local. NSEC cache-flush cls:1 ttl:4500 [ A AAAA ]
00:00:22.020 AdvanceTime for 0.000
00:00:22.020 AdvanceTime for 1.000
00:00:23.019 otPlatMdnsSendMulticast(msg-len:120)
00:00:23.019    Response id:0 qt:0 t:0 rcode:0 [q:0 ans:4 auth:0 addn:1]
00:00:23.019    Answer
00:00:23.019       ota6bd7edf0c528c2a.local. A cache-flush cls:1 ttl:120 200.1.5.6
00:00:23.019       ota6bd7edf0c528c2a.local. A cache-flush cls:1 ttl:120 200.1.4.0
00:00:23.019       ota6bd7edf0c528c2a.local. A cache-flush cls:1 ttl:120 200.1.2.100
00:00:23.019       ota6bd7edf0c528c2a.local. A cache-flush cls:1 ttl:120 200.1.5.7
00:00:23.019    Additional
00:00:23.019       ota6bd7edf0c528c2a.local. NSEC cache-flush cls:1 ttl:4500 [ A AAAA ]
00:00:23.020 AdvanceTime for 2.000
00:00:25.019 otPlatMdnsSendMulticast(msg-len:120)
00:00:25.019    Response id:0 qt:0 t:0 rcode:0 [q:0 ans:4 auth:0 addn:1]
00:00:25.019    Answer
00:00:25.019       ota6bd7edf0c528c2a.local. A cache-flush cls:1 ttl:120 200.1.5.6
00:00:25.019       ota6bd7edf0c528c2a.local. A cache-flush cls:1 ttl:120 200.1.4.0
00:00:25.019       ota6bd7edf0c528c2a.local. A cache-flush cls:1 ttl:120 200.1.2.100
00:00:25.019       ota6bd7edf0c528c2a.local. A cache-flush cls:1 ttl:120 200.1.5.7
00:00:25.019    Additional
00:00:25.019       ota6bd7edf0c528c2a.local. NSEC cache-flush cls:1 ttl:4500 [ A AAAA ]
00:00:25.020 - - - - - - - - - - - - - - - - - - - - - - - - - - - - - - - - - - - - - - - - - - - - -
00:00:25.020 Signal removal of all host addresses and add them all back
00:00:25.020 Validate that there are no announcements
00:00:25.020 AdvanceTime for 10.000
00:00:35.020 - - - - - - - - - - - - - - - - - - - - - - - - - - - - - - - - - - - - - - - - - - - - -
00:00:35.020 Signal removal of all addr, add them all back with one extra IPv6 and one extra IPv4 addr
00:00:35.020 Validate the announcements
00:00:35.020 AdvanceTime for 0.005
00:00:35.024 otPlatMdnsSendMulticast(msg-len:220)
00:00:35.024    Response id:0 qt:0 t:0 rcode:0 [q:0 ans:8 auth:0 addn:1]
00:00:35.024    Answer
00:00:35.024       ota6bd7edf0c528c2a.local. AAAA cache-flush cls:1 ttl:120 fd00:cafe:0:0:0:0:0:1
00:00:35.024       ota6bd7edf0c528c2a.local. AAAA cache-flush cls:1 ttl:120 fd00:cafe:0:0:0:0:0:4444
00:00:35.024       ota6bd7edf0c528c2a.local. AAAA cache-flush cls:1 ttl:120 fd00:cafe:0:0:0:0:0:5555
00:00:35.024       ota6bd7edf0c528c2a.local. A cache-flush cls:1 ttl:120 200.1.5.6
00:00:35.024       ota6bd7edf0c528c2a.local. A cache-flush cls:1 ttl:120 200.1.4.0
00:00:35.024       ota6bd7edf0c528c2a.local. A cache-flush cls:1 ttl:120 200.1.2.100
00:00:35.024       ota6bd7edf0c528c2a.local. A cache-flush cls:1 ttl:120 200.1.5.7
00:00:35.024       ota6bd7edf0c528c2a.local. A cache-flush cls:1 ttl:120 200.0.64.13
00:00:35.024    Additional
00:00:35.024       ota6bd7edf0c528c2a.local. NSEC cache-flush cls:1 ttl:4500 [ A AAAA ]
00:00:35.025 AdvanceTime for 0.000
00:00:35.025 AdvanceTime for 1.000
00:00:36.024 otPlatMdnsSendMulticast(msg-len:220)
00:00:36.024    Response id:0 qt:0 t:0 rcode:0 [q:0 ans:8 auth:0 addn:1]
00:00:36.024    Answer
00:00:36.024       ota6bd7edf0c528c2a.local. AAAA cache-flush cls:1 ttl:120 fd00:cafe:0:0:0:0:0:1
00:00:36.024       ota6bd7edf0c528c2a.local. AAAA cache-flush cls:1 ttl:120 fd00:cafe:0:0:0:0:0:4444
00:00:36.024       ota6bd7edf0c528c2a.local. AAAA cache-flush cls:1 ttl:120 fd00:cafe:0:0:0:0:0:5555
00:00:36.024       ota6bd7edf0c528c2a.local. A cache-flush cls:1 ttl:120 200.1.5.6
00:00:36.024       ota6bd7edf0c528c2a.local. A cache-flush cls:1 ttl:120 200.1.4.0
00:00:36.024       ota6bd7edf0c528c2a.local. A cache-flush cls:1 ttl:120 200.1.2.100
00:00:36.024       ota6bd7edf0c528c2a.local. A cache-flush cls:1 ttl:120 200.1.5.7
00:00:36.024       ota6bd7edf0c528c2a.local. A cache-flush cls:1 ttl:120 200.0.64.13
00:00:36.024    Additional
00:00:36.024       ota6bd7edf0c528c2a.local. NSEC cache-flush cls:1 ttl:4500 [ A AAAA ]
00:00:36.025 AdvanceTime for 2.000
00:00:38.024 otPlatMdnsSendMulticast(msg-len:220)
00:00:38.024    Response id:0 qt:0 t:0 rcode:0 [q:0 ans:8 auth:0 addn:1]
00:00:38.024    Answer
00:00:38.024       ota6bd7edf0c528c2a.local. AAAA cache-flush cls:1 ttl:120 fd00:cafe:0:0:0:0:0:1
00:00:38.024       ota6bd7edf0c528c2a.local. AAAA cache-flush cls:1 ttl:120 fd00:cafe:0:0:0:0:0:4444
00:00:38.024       ota6bd7edf0c528c2a.local. AAAA cache-flush cls:1 ttl:120 fd00:cafe:0:0:0:0:0:5555
00:00:38.024       ota6bd7edf0c528c2a.local. A cache-flush cls:1 ttl:120 200.1.5.6
00:00:38.024       ota6bd7edf0c528c2a.local. A cache-flush cls:1 ttl:120 200.1.4.0
00:00:38.024       ota6bd7edf0c528c2a.local. A cache-flush cls:1 ttl:120 200.1.2.100
00:00:38.024       ota6bd7edf0c528c2a.local. A cache-flush cls:1 ttl:120 200.1.5.7
00:00:38.024       ota6bd7edf0c528c2a.local. A cache-flush cls:1 ttl:120 200.0.64.13
00:00:38.024    Additional
00:00:38.024       ota6bd7edf0c528c2a.local. NSEC cache-flush cls:1 ttl:4500 [ A AAAA ]
00:00:38.025 AdvanceTime for 10.000
00:00:48.025 - - - - - - - - - - - - - - - - - - - - - - - - - - - - - - - - - - - - - - - - - - - - -
00:00:48.025 Signal removal of all addresses and add some back
00:00:48.025 Before previous events are processed, signal removal of all addresses again
00:00:48.025 And add them all back without the recently added extra IPv6 and IPv4 addresses
00:00:48.025 AdvanceTime for 0.001
00:00:48.026 Validate the announcements
00:00:48.026 AdvanceTime for 0.005
00:00:48.030 otPlatMdnsSendMulticast(msg-len:176)
00:00:48.030    Response id:0 qt:0 t:0 rcode:0 [q:0 ans:6 auth:0 addn:1]
00:00:48.030    Answer
00:00:48.030       ota6bd7edf0c528c2a.local. AAAA cache-flush cls:1 ttl:120 fd00:cafe:0:0:0:0:0:1
00:00:48.030       ota6bd7edf0c528c2a.local. AAAA cache-flush cls:1 ttl:120 fd00:cafe:0:0:0:0:0:4444
00:00:48.030       ota6bd7edf0c528c2a.local. A cache-flush cls:1 ttl:120 200.1.5.6
00:00:48.030       ota6bd7edf0c528c2a.local. A cache-flush cls:1 ttl:120 200.1.4.0
00:00:48.030       ota6bd7edf0c528c2a.local. A cache-flush cls:1 ttl:120 200.1.2.100
00:00:48.030       ota6bd7edf0c528c2a.local. A cache-flush cls:1 ttl:120 200.1.5.7
00:00:48.030    Additional
00:00:48.030       ota6bd7edf0c528c2a.local. NSEC cache-flush cls:1 ttl:4500 [ A AAAA ]
00:00:48.031 AdvanceTime for 0.000
00:00:48.031 AdvanceTime for 1.000
00:00:49.030 otPlatMdnsSendMulticast(msg-len:176)
00:00:49.030    Response id:0 qt:0 t:0 rcode:0 [q:0 ans:6 auth:0 addn:1]
00:00:49.030    Answer
00:00:49.030       ota6bd7edf0c528c2a.local. AAAA cache-flush cls:1 ttl:120 fd00:cafe:0:0:0:0:0:1
00:00:49.030       ota6bd7edf0c528c2a.local. AAAA cache-flush cls:1 ttl:120 fd00:cafe:0:0:0:0:0:4444
00:00:49.030       ota6bd7edf0c528c2a.local. A cache-flush cls:1 ttl:120 200.1.5.6
00:00:49.030       ota6bd7edf0c528c2a.local. A cache-flush cls:1 ttl:120 200.1.4.0
00:00:49.030       ota6bd7edf0c528c2a.local. A cache-flush cls:1 ttl:120 200.1.2.100
00:00:49.030       ota6bd7edf0c528c2a.local. A cache-flush cls:1 ttl:120 200.1.5.7
00:00:49.030    Additional
00:00:49.030       ota6bd7edf0c528c2a.local. NSEC cache-flush cls:1 ttl:4500 [ A AAAA ]
00:00:49.031 AdvanceTime for 2.000
00:00:51.030 otPlatMdnsSendMulticast(msg-len:176)
00:00:51.030    Response id:0 qt:0 t:0 rcode:0 [q:0 ans:6 auth:0 addn:1]
00:00:51.030    Answer
00:00:51.030       ota6bd7edf0c528c2a.local. AAAA cache-flush cls:1 ttl:120 fd00:cafe:0:0:0:0:0:1
00:00:51.030       ota6bd7edf0c528c2a.local. AAAA cache-flush cls:1 ttl:120 fd00:cafe:0:0:0:0:0:4444
00:00:51.030       ota6bd7edf0c528c2a.local. A cache-flush cls:1 ttl:120 200.1.5.6
00:00:51.030       ota6bd7edf0c528c2a.local. A cache-flush cls:1 ttl:120 200.1.4.0
00:00:51.030       ota6bd7edf0c528c2a.local. A cache-flush cls:1 ttl:120 200.1.2.100
00:00:51.030       ota6bd7edf0c528c2a.local. A cache-flush cls:1 ttl:120 200.1.5.7
00:00:51.030    Additional
00:00:51.030       ota6bd7edf0c528c2a.local. NSEC cache-flush cls:1 ttl:4500 [ A AAAA ]
00:00:51.031 - - - - - - - - - - - - - - - - - - - - - - - - - - - - - - - - - - - - - - - - - - - - -
00:00:51.031 Signal all host IPv4 addresses are removed, validate goodbye announcements
00:00:51.031 AdvanceTime for 0.005
00:00:51.035 otPlatMdnsSendMulticast(msg-len:120)
00:00:51.035    Response id:0 qt:0 t:0 rcode:0 [q:0 ans:4 auth:0 addn:1]
00:00:51.035    Answer
00:00:51.035       ota6bd7edf0c528c2a.local. A cache-flush cls:1 ttl:0 200.1.5.6
00:00:51.035       ota6bd7edf0c528c2a.local. A cache-flush cls:1 ttl:0 200.1.4.0
00:00:51.035       ota6bd7edf0c528c2a.local. A cache-flush cls:1 ttl:0 200.1.2.100
00:00:51.035       ota6bd7edf0c528c2a.local. A cache-flush cls:1 ttl:0 200.1.5.7
00:00:51.035    Additional
00:00:51.035       ota6bd7edf0c528c2a.local. NSEC cache-flush cls:1 ttl:4500 [ AAAA ]
00:00:51.036 AdvanceTime for 0.000
00:00:51.036 AdvanceTime for 1.000
00:00:52.035 otPlatMdnsSendMulticast(msg-len:120)
00:00:52.035    Response id:0 qt:0 t:0 rcode:0 [q:0 ans:4 auth:0 addn:1]
00:00:52.035    Answer
00:00:52.035       ota6bd7edf0c528c2a.local. A cache-flush cls:1 ttl:0 200.1.5.6
00:00:52.035       ota6bd7edf0c528c2a.local. A cache-flush cls:1 ttl:0 200.1.4.0
00:00:52.035       ota6bd7edf0c528c2a.local. A cache-flush cls:1 ttl:0 200.1.2.100
00:00:52.035       ota6bd7edf0c528c2a.local. A cache-flush cls:1 ttl:0 200.1.5.7
00:00:52.035    Additional
00:00:52.035       ota6bd7edf0c528c2a.local. NSEC cache-flush cls:1 ttl:4500 [ AAAA ]
00:00:52.036 AdvanceTime for 2.000
00:00:54.035 otPlatMdnsSendMulticast(msg-len:120)
00:00:54.035    Response id:0 qt:0 t:0 rcode:0 [q:0 ans:4 auth:0 addn:1]
00:00:54.035    Answer
00:00:54.035       ota6bd7edf0c528c2a.local. A cache-flush cls:1 ttl:0 200.1.5.6
00:00:54.035       ota6bd7edf0c528c2a.local. A cache-flush cls:1 ttl:0 200.1.4.0
00:00:54.035       ota6bd7edf0c528c2a.local. A cache-flush cls:1 ttl:0 200.1.2.100
00:00:54.035       ota6bd7edf0c528c2a.local. A cache-flush cls:1 ttl:0 200.1.5.7
00:00:54.035    Additional
00:00:54.035       ota6bd7edf0c528c2a.local. NSEC cache-flush cls:1 ttl:4500 [ AAAA ]
00:00:54.036 AdvanceTime for 10.000
00:01:04.036 - - - - - - - - - - - - - - - - - - - - - - - - - - - - - - - - - - - - - - - - - - - - -
00:01:04.036 Signal removal of an IPv6 host address which was not added earlier
00:01:04.036 Validate that there are no announcements
00:01:04.036 AdvanceTime for 10.000
00:01:14.036 - - - - - - - - - - - - - - - - - - - - - - - - - - - - - - - - - - - - - - - - - - - - -
00:01:14.036 Signal remove and re-add of the same host IPv6 address quickly
00:01:14.036 AdvanceTime for 0.001
00:01:14.037 Validate that there are no announcements
00:01:14.037 AdvanceTime for 10.000
00:01:24.037 - - - - - - - - - - - - - - - - - - - - - - - - - - - - - - - - - - - - - - - - - - - - -
00:01:24.037 Validate `SetLocalHostName()`
00:01:24.037 otPlatMdnsSetListeningEnabled(false)
00:01:24.037 Local host name is "itsme"
00:01:24.037 - - - - - - - - - - - - - - - - - - - - - - - - - - - - - - - - - - - - - - - - - - - - -
00:01:24.037 Re-enable mDNS module, add 4 new host IPv6 address and validate probe and announcements
00:01:24.037 otPlatMdnsSetListeningEnabled(true)
00:01:24.037 AdvanceTime for 0.004
00:01:24.041 AdvanceTime for 0.250
00:01:24.161 otPlatMdnsSendMulticast(msg-len:141)
00:01:24.161    Query id:0 qt:0 t:0 rcode:0 [q:1 ans:0 auth:4 addn:0]
00:01:24.161    Question
00:01:24.161       itsme.local. ANY QU class:1
00:01:24.161    Authority
00:01:24.161       itsme.local. AAAA cls:1 ttl:120 fd00:beef:0:0:0:0:0:d
00:01:24.161       itsme.local. AAAA cls:1 ttl:120 fd00:beef:0:0:0:0:0:c
00:01:24.161       itsme.local. AAAA cls:1 ttl:120 fd00:beef:0:0:0:0:0:b
00:01:24.161       itsme.local. AAAA cls:1 ttl:120 fd00:beef:0:0:0:0:0:a
00:01:24.291 AdvanceTime for 0.250
00:01:24.411 otPlatMdnsSendMulticast(msg-len:141)
00:01:24.411    Query id:0 qt:0 t:0 rcode:0 [q:1 ans:0 auth:4 addn:0]
00:01:24.411    Question
00:01:24.411       itsme.local. ANY QM class:1
00:01:24.411    Authority
00:01:24.411       itsme.local. AAAA cls:1 ttl:120 fd00:beef:0:0:0:0:0:d
00:01:24.411       itsme.local. AAAA cls:1 ttl:120 fd00:beef:0:0:0:0:0:c
00:01:24.411       itsme.local. AAAA cls:1 ttl:120 fd00:beef:0:0:0:0:0:b
00:01:24.411       itsme.local. AAAA cls:1 ttl:120 fd00:beef:0:0:0:0:0:a
00:01:24.541 AdvanceTime for 0.250
00:01:24.661 otPlatMdnsSendMulticast(msg-len:141)
00:01:24.661    Query id:0 qt:0 t:0 rcode:0 [q:1 ans:0 auth:4 addn:0]
00:01:24.661    Question
00:01:24.661       itsme.local. ANY QM class:1
00:01:24.661    Authority
00:01:24.661       itsme.local. AAAA cls:1 ttl:120 fd00:beef:0:0:0:0:0:d
00:01:24.661       itsme.local. AAAA cls:1 ttl:120 fd00:beef:0:0:0:0:0:c
00:01:24.661       itsme.local. AAAA cls:1 ttl:120 fd00:beef:0:0:0:0:0:b
00:01:24.661       itsme.local. AAAA cls:1 ttl:120 fd00:beef:0:0:0:0:0:a
00:01:24.791 AdvanceTime for 0.250
00:01:24.911 otPlatMdnsSendMulticast(msg-len:155)
00:01:24.911    Response id:0 qt:0 t:0 rcode:0 [q:0 ans:4 auth:0 addn:1]
00:01:24.911    Answer
00:01:24.911       itsme.local. AAAA cache-flush cls:1 ttl:120 fd00:beef:0:0:0:0:0:d
00:01:24.911       itsme.local. AAAA cache-flush cls:1 ttl:120 fd00:beef:0:0:0:0:0:c
00:01:24.911       itsme.local. AAAA cache-flush cls:1 ttl:120 fd00:beef:0:0:0:0:0:b
00:01:24.911       itsme.local. AAAA cache-flush cls:1 ttl:120 fd00:beef:0:0:0:0:0:a
00:01:24.911    Additional
00:01:24.911       itsme.local. NSEC cache-flush cls:1 ttl:4500 [ AAAA ]
00:01:25.041 AdvanceTime for 1.000
00:01:25.911 otPlatMdnsSendMulticast(msg-len:155)
00:01:25.911    Response id:0 qt:0 t:0 rcode:0 [q:0 ans:4 auth:0 addn:1]
00:01:25.911    Answer
00:01:25.911       itsme.local. AAAA cache-flush cls:1 ttl:120 fd00:beef:0:0:0:0:0:d
00:01:25.911       itsme.local. AAAA cache-flush cls:1 ttl:120 fd00:beef:0:0:0:0:0:c
00:01:25.911       itsme.local. AAAA cache-flush cls:1 ttl:120 fd00:beef:0:0:0:0:0:b
00:01:25.911       itsme.local. AAAA cache-flush cls:1 ttl:120 fd00:beef:0:0:0:0:0:a
00:01:25.911    Additional
00:01:25.911       itsme.local. NSEC cache-flush cls:1 ttl:4500 [ AAAA ]
00:01:26.041 AdvanceTime for 2.000
00:01:27.911 otPlatMdnsSendMulticast(msg-len:155)
00:01:27.911    Response id:0 qt:0 t:0 rcode:0 [q:0 ans:4 auth:0 addn:1]
00:01:27.911    Answer
00:01:27.911       itsme.local. AAAA cache-flush cls:1 ttl:120 fd00:beef:0:0:0:0:0:d
00:01:27.911       itsme.local. AAAA cache-flush cls:1 ttl:120 fd00:beef:0:0:0:0:0:c
00:01:27.911       itsme.local. AAAA cache-flush cls:1 ttl:120 fd00:beef:0:0:0:0:0:b
00:01:27.911       itsme.local. AAAA cache-flush cls:1 ttl:120 fd00:beef:0:0:0:0:0:a
00:01:27.911    Additional
00:01:27.911       itsme.local. NSEC cache-flush cls:1 ttl:4500 [ AAAA ]
00:01:28.041 AdvanceTime for 1.000
00:01:29.041 - - - - - - - - - - - - - - - - - - - - - - - - - - - - - - - - - - - - - - - - - - - - -
00:01:29.041 otPlatMdnsSetListeningEnabled(false)
00:01:29.041 End of test
00:00:00.000 -------------------------------------------------------------------------------------------
00:00:00.000 TestKeyReg
00:00:00.000 AdvanceTime for 0.001
00:00:00.001 otPlatMdnsSetListeningEnabled(true)
00:00:00.001 = = = = = = = = = = = = = = = = = = = = = = = = = = = = = = = = = = = = = = = = = = = = =
00:00:00.001 Registering key for 'myhost' host name
00:00:00.001 - - - - - - - - - - - - - - - - - - - - - - - - - - - - - - - - - - - - - - - - - - - - -
00:00:00.001 Register a key record and check probes and announcements
00:00:00.001 AdvanceTime for 0.250
00:00:00.232 otPlatMdnsSendMulticast(msg-len:50)
00:00:00.232    Query id:0 qt:0 t:0 rcode:0 [q:1 ans:0 auth:1 addn:0]
00:00:00.232    Question
00:00:00.232       myhost.local. ANY QU class:1
00:00:00.232    Authority
00:00:00.232       myhost.local. KEY cls:1 ttl:8000 data-len:8
00:00:00.251 AdvanceTime for 0.250
00:00:00.482 otPlatMdnsSendMulticast(msg-len:50)
00:00:00.482    Query id:0 qt:0 t:0 rcode:0 [q:1 ans:0 auth:1 addn:0]
00:00:00.482    Question
00:00:00.482       myhost.local. ANY QM class:1
00:00:00.482    Authority
00:00:00.482       myhost.local. KEY cls:1 ttl:8000 data-len:8
00:00:00.501 AdvanceTime for 0.250
00:00:00.732 otPlatMdnsSendMulticast(msg-len:50)
00:00:00.732    Query id:0 qt:0 t:0 rcode:0 [q:1 ans:0 auth:1 addn:0]
00:00:00.732    Question
00:00:00.732       myhost.local. ANY QM class:1
00:00:00.732    Authority
00:00:00.732       myhost.local. KEY cls:1 ttl:8000 data-len:8
00:00:00.751 AdvanceTime for 0.250
00:00:00.982 otPlatMdnsSendMulticast(msg-len:64)
00:00:00.982    Response id:0 qt:0 t:0 rcode:0 [q:0 ans:1 auth:0 addn:1]
00:00:00.982    Answer
00:00:00.982       myhost.local. KEY cache-flush cls:1 ttl:8000 data-len:8
00:00:00.982    Additional
00:00:00.982       myhost.local. NSEC cache-flush cls:1 ttl:4500 [ KEY ]
00:00:00.982 Register callback - ResuestId:0 Error:OK
00:00:01.001 AdvanceTime for 1.000
00:00:01.982 otPlatMdnsSendMulticast(msg-len:64)
00:00:01.982    Response id:0 qt:0 t:0 rcode:0 [q:0 ans:1 auth:0 addn:1]
00:00:01.982    Answer
00:00:01.982       myhost.local. KEY cache-flush cls:1 ttl:8000 data-len:8
00:00:01.982    Additional
00:00:01.982       myhost.local. NSEC cache-flush cls:1 ttl:4500 [ KEY ]
00:00:02.001 AdvanceTime for 2.000
00:00:03.982 otPlatMdnsSendMulticast(msg-len:64)
00:00:03.982    Response id:0 qt:0 t:0 rcode:0 [q:0 ans:1 auth:0 addn:1]
00:00:03.982    Answer
00:00:03.982       myhost.local. KEY cache-flush cls:1 ttl:8000 data-len:8
00:00:03.982    Additional
00:00:03.982       myhost.local. NSEC cache-flush cls:1 ttl:4500 [ KEY ]
00:00:04.001 - - - - - - - - - - - - - - - - - - - - - - - - - - - - - - - - - - - - - - - - - - - - -
00:00:04.001 Send a query for KEY record and validate the response
00:00:04.001 AdvanceTime for 2.000
00:00:06.001 Sending query for myhost.local. KEY
00:00:06.001 AdvanceTime for 1.000
00:00:06.001 otPlatMdnsSendMulticast(msg-len:64)
00:00:06.001    Response id:0 qt:0 t:0 rcode:0 [q:0 ans:1 auth:0 addn:1]
00:00:06.001    Answer
00:00:06.001       myhost.local. KEY cache-flush cls:1 ttl:8000 data-len:8
00:00:06.001    Additional
00:00:06.001       myhost.local. NSEC cache-flush cls:1 ttl:4500 [ KEY ]
00:00:07.001 - - - - - - - - - - - - - - - - - - - - - - - - - - - - - - - - - - - - - - - - - - - - -
00:00:07.001 Send a query for ANY record and validate the response
00:00:07.001 AdvanceTime for 2.000
00:00:09.001 Sending query for myhost.local. ANY
00:00:09.001 AdvanceTime for 1.000
00:00:09.001 otPlatMdnsSendMulticast(msg-len:64)
00:00:09.001    Response id:0 qt:0 t:0 rcode:0 [q:0 ans:1 auth:0 addn:1]
00:00:09.001    Answer
00:00:09.001       myhost.local. KEY cache-flush cls:1 ttl:8000 data-len:8
00:00:09.001    Additional
00:00:09.001       myhost.local. NSEC cache-flush cls:1 ttl:4500 [ KEY ]
00:00:10.001 - - - - - - - - - - - - - - - - - - - - - - - - - - - - - - - - - - - - - - - - - - - - -
00:00:10.001 Send a query for non-existing record and validate the response with NSEC
00:00:10.001 AdvanceTime for 2.000
00:00:12.001 Sending query for myhost.local. A
00:00:12.001 AdvanceTime for 1.000
00:00:12.001 otPlatMdnsSendMulticast(msg-len:56)
00:00:12.001    Response id:0 qt:0 t:0 rcode:0 [q:0 ans:0 auth:0 addn:1]
00:00:12.001    Additional
00:00:12.001       myhost.local. NSEC cache-flush cls:1 ttl:4500 [ KEY ]
00:00:13.001 - - - - - - - - - - - - - - - - - - - - - - - - - - - - - - - - - - - - - - - - - - - - -
00:00:13.001 Change the TTL
00:00:13.001 AdvanceTime for 0.000
00:00:13.001 Register callback - ResuestId:1 Error:OK
00:00:13.001 otPlatMdnsSendMulticast(msg-len:64)
00:00:13.001    Response id:0 qt:0 t:0 rcode:0 [q:0 ans:1 auth:0 addn:1]
00:00:13.001    Answer
00:00:13.001       myhost.local. KEY cache-flush cls:1 ttl:4500 data-len:8
00:00:13.001    Additional
00:00:13.001       myhost.local. NSEC cache-flush cls:1 ttl:4500 [ KEY ]
00:00:13.001 AdvanceTime for 1.000
00:00:14.001 otPlatMdnsSendMulticast(msg-len:64)
00:00:14.001    Response id:0 qt:0 t:0 rcode:0 [q:0 ans:1 auth:0 addn:1]
00:00:14.001    Answer
00:00:14.001       myhost.local. KEY cache-flush cls:1 ttl:4500 data-len:8
00:00:14.001    Additional
00:00:14.001       myhost.local. NSEC cache-flush cls:1 ttl:4500 [ KEY ]
00:00:14.001 AdvanceTime for 2.000
00:00:16.001 otPlatMdnsSendMulticast(msg-len:64)
00:00:16.001    Response id:0 qt:0 t:0 rcode:0 [q:0 ans:1 auth:0 addn:1]
00:00:16.001    Answer
00:00:16.001       myhost.local. KEY cache-flush cls:1 ttl:4500 data-len:8
00:00:16.001    Additional
00:00:16.001       myhost.local. NSEC cache-flush cls:1 ttl:4500 [ KEY ]
00:00:16.001 - - - - - - - - - - - - - - - - - - - - - - - - - - - - - - - - - - - - - - - - - - - - -
00:00:16.001 Change the key
00:00:16.001 AdvanceTime for 0.000
00:00:16.001 Register callback - ResuestId:1 Error:OK
00:00:16.001 otPlatMdnsSendMulticast(msg-len:59)
00:00:16.001    Response id:0 qt:0 t:0 rcode:0 [q:0 ans:1 auth:0 addn:1]
00:00:16.001    Answer
00:00:16.001       myhost.local. KEY cache-flush cls:1 ttl:4500 data-len:3
00:00:16.001    Additional
00:00:16.001       myhost.local. NSEC cache-flush cls:1 ttl:4500 [ KEY ]
00:00:16.001 AdvanceTime for 1.000
00:00:17.001 otPlatMdnsSendMulticast(msg-len:59)
00:00:17.001    Response id:0 qt:0 t:0 rcode:0 [q:0 ans:1 auth:0 addn:1]
00:00:17.001    Answer
00:00:17.001       myhost.local. KEY cache-flush cls:1 ttl:4500 data-len:3
00:00:17.001    Additional
00:00:17.001       myhost.local. NSEC cache-flush cls:1 ttl:4500 [ KEY ]
00:00:17.001 AdvanceTime for 2.000
00:00:19.001 otPlatMdnsSendMulticast(msg-len:59)
00:00:19.001    Response id:0 qt:0 t:0 rcode:0 [q:0 ans:1 auth:0 addn:1]
00:00:19.001    Answer
00:00:19.001       myhost.local. KEY cache-flush cls:1 ttl:4500 data-len:3
00:00:19.001    Additional
00:00:19.001       myhost.local. NSEC cache-flush cls:1 ttl:4500 [ KEY ]
00:00:19.001 - - - - - - - - - - - - - - - - - - - - - - - - - - - - - - - - - - - - - - - - - - - - -
00:00:19.001 Unregister the key and validate the goodbye announces
00:00:19.001 AdvanceTime for 0.000
00:00:19.001 otPlatMdnsSendMulticast(msg-len:39)
00:00:19.001    Response id:0 qt:0 t:0 rcode:0 [q:0 ans:1 auth:0 addn:0]
00:00:19.001    Answer
00:00:19.001       myhost.local. KEY cache-flush cls:1 ttl:0 data-len:3
00:00:19.001 AdvanceTime for 1.000
00:00:20.001 otPlatMdnsSendMulticast(msg-len:39)
00:00:20.001    Response id:0 qt:0 t:0 rcode:0 [q:0 ans:1 auth:0 addn:0]
00:00:20.001    Answer
00:00:20.001       myhost.local. KEY cache-flush cls:1 ttl:0 data-len:3
00:00:20.001 AdvanceTime for 2.000
00:00:22.001 otPlatMdnsSendMulticast(msg-len:39)
00:00:22.001    Response id:0 qt:0 t:0 rcode:0 [q:0 ans:1 auth:0 addn:0]
00:00:22.001    Answer
00:00:22.001       myhost.local. KEY cache-flush cls:1 ttl:0 data-len:3
00:00:22.001 = = = = = = = = = = = = = = = = = = = = = = = = = = = = = = = = = = = = = = = = = = = = =
00:00:22.001 Registering key for 'mysrv._srv._udo' service name
00:00:22.001 - - - - - - - - - - - - - - - - - - - - - - - - - - - - - - - - - - - - - - - - - - - - -
00:00:22.001 Register a key record and check probes and announcements
00:00:22.001 AdvanceTime for 0.250
00:00:22.167 otPlatMdnsSendMulticast(msg-len:59)
00:00:22.167    Query id:0 qt:0 t:0 rcode:0 [q:1 ans:0 auth:1 addn:0]
00:00:22.167    Question
00:00:22.167       mysrv._srv._udp.local. ANY QU class:1
00:00:22.167    Authority
00:00:22.167       mysrv._srv._udp.local. KEY cls:1 ttl:8000 data-len:8
00:00:22.251 AdvanceTime for 0.250
00:00:22.417 otPlatMdnsSendMulticast(msg-len:59)
00:00:22.417    Query id:0 qt:0 t:0 rcode:0 [q:1 ans:0 auth:1 addn:0]
00:00:22.417    Question
00:00:22.417       mysrv._srv._udp.local. ANY QM class:1
00:00:22.417    Authority
00:00:22.417       mysrv._srv._udp.local. KEY cls:1 ttl:8000 data-len:8
00:00:22.501 AdvanceTime for 0.250
00:00:22.667 otPlatMdnsSendMulticast(msg-len:59)
00:00:22.667    Query id:0 qt:0 t:0 rcode:0 [q:1 ans:0 auth:1 addn:0]
00:00:22.667    Question
00:00:22.667       mysrv._srv._udp.local. ANY QM class:1
00:00:22.667    Authority
00:00:22.667       mysrv._srv._udp.local. KEY cls:1 ttl:8000 data-len:8
00:00:22.751 AdvanceTime for 0.250
00:00:22.917 otPlatMdnsSendMulticast(msg-len:73)
00:00:22.917    Response id:0 qt:0 t:0 rcode:0 [q:0 ans:1 auth:0 addn:1]
00:00:22.917    Answer
00:00:22.917       mysrv._srv._udp.local. KEY cache-flush cls:1 ttl:8000 data-len:8
00:00:22.917    Additional
00:00:22.917       mysrv._srv._udp.local. NSEC cache-flush cls:1 ttl:4500 [ KEY ]
00:00:22.917 Register callback - ResuestId:0 Error:OK
00:00:23.001 AdvanceTime for 1.000
00:00:23.917 otPlatMdnsSendMulticast(msg-len:73)
00:00:23.917    Response id:0 qt:0 t:0 rcode:0 [q:0 ans:1 auth:0 addn:1]
00:00:23.917    Answer
00:00:23.917       mysrv._srv._udp.local. KEY cache-flush cls:1 ttl:8000 data-len:8
00:00:23.917    Additional
00:00:23.917       mysrv._srv._udp.local. NSEC cache-flush cls:1 ttl:4500 [ KEY ]
00:00:24.001 AdvanceTime for 2.000
00:00:25.917 otPlatMdnsSendMulticast(msg-len:73)
00:00:25.917    Response id:0 qt:0 t:0 rcode:0 [q:0 ans:1 auth:0 addn:1]
00:00:25.917    Answer
00:00:25.917       mysrv._srv._udp.local. KEY cache-flush cls:1 ttl:8000 data-len:8
00:00:25.917    Additional
00:00:25.917       mysrv._srv._udp.local. NSEC cache-flush cls:1 ttl:4500 [ KEY ]
00:00:26.001 - - - - - - - - - - - - - - - - - - - - - - - - - - - - - - - - - - - - - - - - - - - - -
00:00:26.001 Send a query for KEY record and validate the response
00:00:26.001 AdvanceTime for 2.000
00:00:28.001 Sending query for mysrv._srv._udp.local. KEY
00:00:28.001 AdvanceTime for 1.000
00:00:28.001 otPlatMdnsSendMulticast(msg-len:73)
00:00:28.001    Response id:0 qt:0 t:0 rcode:0 [q:0 ans:1 auth:0 addn:1]
00:00:28.001    Answer
00:00:28.001       mysrv._srv._udp.local. KEY cache-flush cls:1 ttl:8000 data-len:8
00:00:28.001    Additional
00:00:28.001       mysrv._srv._udp.local. NSEC cache-flush cls:1 ttl:4500 [ KEY ]
00:00:29.001 - - - - - - - - - - - - - - - - - - - - - - - - - - - - - - - - - - - - - - - - - - - - -
00:00:29.001 Send a query for ANY record and validate the response
00:00:29.001 AdvanceTime for 2.000
00:00:31.001 Sending query for mysrv._srv._udp.local. ANY
00:00:31.001 AdvanceTime for 1.000
00:00:31.001 otPlatMdnsSendMulticast(msg-len:73)
00:00:31.001    Response id:0 qt:0 t:0 rcode:0 [q:0 ans:1 auth:0 addn:1]
00:00:31.001    Answer
00:00:31.001       mysrv._srv._udp.local. KEY cache-flush cls:1 ttl:8000 data-len:8
00:00:31.001    Additional
00:00:31.001       mysrv._srv._udp.local. NSEC cache-flush cls:1 ttl:4500 [ KEY ]
00:00:32.001 - - - - - - - - - - - - - - - - - - - - - - - - - - - - - - - - - - - - - - - - - - - - -
00:00:32.001 Send a query for non-existing record and validate the response with NSEC
00:00:32.001 AdvanceTime for 2.000
00:00:34.001 Sending query for mysrv._srv._udp.local. A
00:00:34.001 AdvanceTime for 1.000
00:00:34.001 otPlatMdnsSendMulticast(msg-len:74)
00:00:34.001    Response id:0 qt:0 t:0 rcode:0 [q:0 ans:0 auth:0 addn:1]
00:00:34.001    Additional
00:00:34.001       mysrv._srv._udp.local. NSEC cache-flush cls:1 ttl:4500 [ KEY ]
00:00:35.001 - - - - - - - - - - - - - - - - - - - - - - - - - - - - - - - - - - - - - - - - - - - - -
00:00:35.001 Change the TTL
00:00:35.001 AdvanceTime for 0.000
00:00:35.001 Register callback - ResuestId:1 Error:OK
00:00:35.001 otPlatMdnsSendMulticast(msg-len:73)
00:00:35.001    Response id:0 qt:0 t:0 rcode:0 [q:0 ans:1 auth:0 addn:1]
00:00:35.001    Answer
00:00:35.001       mysrv._srv._udp.local. KEY cache-flush cls:1 ttl:4500 data-len:8
00:00:35.001    Additional
00:00:35.001       mysrv._srv._udp.local. NSEC cache-flush cls:1 ttl:4500 [ KEY ]
00:00:35.001 AdvanceTime for 1.000
00:00:36.001 otPlatMdnsSendMulticast(msg-len:73)
00:00:36.001    Response id:0 qt:0 t:0 rcode:0 [q:0 ans:1 auth:0 addn:1]
00:00:36.001    Answer
00:00:36.001       mysrv._srv._udp.local. KEY cache-flush cls:1 ttl:4500 data-len:8
00:00:36.001    Additional
00:00:36.001       mysrv._srv._udp.local. NSEC cache-flush cls:1 ttl:4500 [ KEY ]
00:00:36.001 AdvanceTime for 2.000
00:00:38.001 otPlatMdnsSendMulticast(msg-len:73)
00:00:38.001    Response id:0 qt:0 t:0 rcode:0 [q:0 ans:1 auth:0 addn:1]
00:00:38.001    Answer
00:00:38.001       mysrv._srv._udp.local. KEY cache-flush cls:1 ttl:4500 data-len:8
00:00:38.001    Additional
00:00:38.001       mysrv._srv._udp.local. NSEC cache-flush cls:1 ttl:4500 [ KEY ]
00:00:38.001 - - - - - - - - - - - - - - - - - - - - - - - - - - - - - - - - - - - - - - - - - - - - -
00:00:38.001 Change the key
00:00:38.001 AdvanceTime for 0.000
00:00:38.001 Register callback - ResuestId:1 Error:OK
00:00:38.001 otPlatMdnsSendMulticast(msg-len:68)
00:00:38.001    Response id:0 qt:0 t:0 rcode:0 [q:0 ans:1 auth:0 addn:1]
00:00:38.001    Answer
00:00:38.001       mysrv._srv._udp.local. KEY cache-flush cls:1 ttl:4500 data-len:3
00:00:38.001    Additional
00:00:38.001       mysrv._srv._udp.local. NSEC cache-flush cls:1 ttl:4500 [ KEY ]
00:00:38.001 AdvanceTime for 1.000
00:00:39.001 otPlatMdnsSendMulticast(msg-len:68)
00:00:39.001    Response id:0 qt:0 t:0 rcode:0 [q:0 ans:1 auth:0 addn:1]
00:00:39.001    Answer
00:00:39.001       mysrv._srv._udp.local. KEY cache-flush cls:1 ttl:4500 data-len:3
00:00:39.001    Additional
00:00:39.001       mysrv._srv._udp.local. NSEC cache-flush cls:1 ttl:4500 [ KEY ]
00:00:39.001 AdvanceTime for 2.000
00:00:41.001 otPlatMdnsSendMulticast(msg-len:68)
00:00:41.001    Response id:0 qt:0 t:0 rcode:0 [q:0 ans:1 auth:0 addn:1]
00:00:41.001    Answer
00:00:41.001       mysrv._srv._udp.local. KEY cache-flush cls:1 ttl:4500 data-len:3
00:00:41.001    Additional
00:00:41.001       mysrv._srv._udp.local. NSEC cache-flush cls:1 ttl:4500 [ KEY ]
00:00:41.001 - - - - - - - - - - - - - - - - - - - - - - - - - - - - - - - - - - - - - - - - - - - - -
00:00:41.001 Unregister the key and validate the goodbye announces
00:00:41.001 AdvanceTime for 0.000
00:00:41.001 otPlatMdnsSendMulticast(msg-len:48)
00:00:41.001    Response id:0 qt:0 t:0 rcode:0 [q:0 ans:1 auth:0 addn:0]
00:00:41.001    Answer
00:00:41.001       mysrv._srv._udp.local. KEY cache-flush cls:1 ttl:0 data-len:3
00:00:41.001 AdvanceTime for 1.000
00:00:42.001 otPlatMdnsSendMulticast(msg-len:48)
00:00:42.001    Response id:0 qt:0 t:0 rcode:0 [q:0 ans:1 auth:0 addn:0]
00:00:42.001    Answer
00:00:42.001       mysrv._srv._udp.local. KEY cache-flush cls:1 ttl:0 data-len:3
00:00:42.001 AdvanceTime for 2.000
00:00:44.001 otPlatMdnsSendMulticast(msg-len:48)
00:00:44.001    Response id:0 qt:0 t:0 rcode:0 [q:0 ans:1 auth:0 addn:0]
00:00:44.001    Answer
00:00:44.001       mysrv._srv._udp.local. KEY cache-flush cls:1 ttl:0 data-len:3
00:00:44.001 AdvanceTime for 15.000
00:00:59.001 otPlatMdnsSetListeningEnabled(false)
00:00:59.001 End of test
00:00:00.000 -------------------------------------------------------------------------------------------
00:00:00.000 TestServiceReg
00:00:00.000 AdvanceTime for 0.001
00:00:00.001 otPlatMdnsSetListeningEnabled(true)
00:00:00.001 - - - - - - - - - - - - - - - - - - - - - - - - - - - - - - - - - - - - - - - - - - - - -
00:00:00.001 Register a `ServiceEntry`, check probes and announcements
00:00:00.001 AdvanceTime for 0.250
00:00:00.117 otPlatMdnsSendMulticast(msg-len:87)
00:00:00.117    Query id:0 qt:0 t:0 rcode:0 [q:1 ans:0 auth:2 addn:0]
00:00:00.117    Question
00:00:00.117       myservice._srv._udp.local. ANY QU class:1
00:00:00.117    Authority
00:00:00.117       myservice._srv._udp.local. SRV cls:1 ttl:1000 port:1234 w:2 prio:1 host:myhost.local.
00:00:00.117       myservice._srv._udp.local. TXT cls:1 ttl:1000 data-len:5
00:00:00.251 AdvanceTime for 0.250
00:00:00.367 otPlatMdnsSendMulticast(msg-len:87)
00:00:00.367    Query id:0 qt:0 t:0 rcode:0 [q:1 ans:0 auth:2 addn:0]
00:00:00.367    Question
00:00:00.367       myservice._srv._udp.local. ANY QM class:1
00:00:00.367    Authority
00:00:00.367       myservice._srv._udp.local. SRV cls:1 ttl:1000 port:1234 w:2 prio:1 host:myhost.local.
00:00:00.367       myservice._srv._udp.local. TXT cls:1 ttl:1000 data-len:5
00:00:00.501 AdvanceTime for 0.250
00:00:00.617 otPlatMdnsSendMulticast(msg-len:87)
00:00:00.617    Query id:0 qt:0 t:0 rcode:0 [q:1 ans:0 auth:2 addn:0]
00:00:00.617    Question
00:00:00.617       myservice._srv._udp.local. ANY QM class:1
00:00:00.617    Authority
00:00:00.617       myservice._srv._udp.local. SRV cls:1 ttl:1000 port:1234 w:2 prio:1 host:myhost.local.
00:00:00.617       myservice._srv._udp.local. TXT cls:1 ttl:1000 data-len:5
00:00:00.751 AdvanceTime for 0.250
00:00:00.867 otPlatMdnsSendMulticast(msg-len:153)
00:00:00.867    Response id:0 qt:0 t:0 rcode:0 [q:0 ans:4 auth:0 addn:1]
00:00:00.867    Answer
00:00:00.867       _srv._udp.local. PTR cls:1 ttl:1000 myservice._srv._udp.local.
00:00:00.867       myservice._srv._udp.local. SRV cache-flush cls:1 ttl:1000 port:1234 w:2 prio:1 host:myhost.local.
00:00:00.867       myservice._srv._udp.local. TXT cache-flush cls:1 ttl:1000 data-len:5
00:00:00.867       _services._dns-sd._udp.local. PTR cls:1 ttl:4500 _srv._udp.local.
00:00:00.867    Additional
00:00:00.867       myservice._srv._udp.local. NSEC cache-flush cls:1 ttl:4500 [ TXT SRV ]
00:00:00.867 Register callback - ResuestId:0 Error:OK
00:00:01.001 AdvanceTime for 1.000
00:00:01.867 otPlatMdnsSendMulticast(msg-len:153)
00:00:01.867    Response id:0 qt:0 t:0 rcode:0 [q:0 ans:4 auth:0 addn:1]
00:00:01.867    Answer
00:00:01.867       _srv._udp.local. PTR cls:1 ttl:1000 myservice._srv._udp.local.
00:00:01.867       myservice._srv._udp.local. SRV cache-flush cls:1 ttl:1000 port:1234 w:2 prio:1 host:myhost.local.
00:00:01.867       myservice._srv._udp.local. TXT cache-flush cls:1 ttl:1000 data-len:5
00:00:01.867       _services._dns-sd._udp.local. PTR cls:1 ttl:4500 _srv._udp.local.
00:00:01.867    Additional
00:00:01.867       myservice._srv._udp.local. NSEC cache-flush cls:1 ttl:4500 [ TXT SRV ]
00:00:02.001 AdvanceTime for 2.000
00:00:03.867 otPlatMdnsSendMulticast(msg-len:153)
00:00:03.867    Response id:0 qt:0 t:0 rcode:0 [q:0 ans:4 auth:0 addn:1]
00:00:03.867    Answer
00:00:03.867       _srv._udp.local. PTR cls:1 ttl:1000 myservice._srv._udp.local.
00:00:03.867       myservice._srv._udp.local. SRV cache-flush cls:1 ttl:1000 port:1234 w:2 prio:1 host:myhost.local.
00:00:03.867       myservice._srv._udp.local. TXT cache-flush cls:1 ttl:1000 data-len:5
00:00:03.867       _services._dns-sd._udp.local. PTR cls:1 ttl:4500 _srv._udp.local.
00:00:03.867    Additional
00:00:03.867       myservice._srv._udp.local. NSEC cache-flush cls:1 ttl:4500 [ TXT SRV ]
00:00:04.001 - - - - - - - - - - - - - - - - - - - - - - - - - - - - - - - - - - - - - - - - - - - - -
00:00:04.001 Send a query for SRV record and validate the response
00:00:04.001 AdvanceTime for 2.000
00:00:06.001 Sending query for myservice._srv._udp.local. SRV
00:00:06.001 AdvanceTime for 1.000
00:00:06.001 otPlatMdnsSendMulticast(msg-len:85)
00:00:06.001    Response id:0 qt:0 t:0 rcode:0 [q:0 ans:1 auth:0 addn:1]
00:00:06.001    Answer
00:00:06.001       myservice._srv._udp.local. SRV cache-flush cls:1 ttl:1000 port:1234 w:2 prio:1 host:myhost.local.
00:00:06.001    Additional
00:00:06.001       myservice._srv._udp.local. NSEC cache-flush cls:1 ttl:4500 [ TXT SRV ]
00:00:07.001 - - - - - - - - - - - - - - - - - - - - - - - - - - - - - - - - - - - - - - - - - - - - -
00:00:07.001 Send a query for TXT record and validate the response
00:00:07.001 AdvanceTime for 2.000
00:00:09.001 Sending query for myservice._srv._udp.local. TXT
00:00:09.001 AdvanceTime for 1.000
00:00:09.001 otPlatMdnsSendMulticast(msg-len:75)
00:00:09.001    Response id:0 qt:0 t:0 rcode:0 [q:0 ans:1 auth:0 addn:1]
00:00:09.001    Answer
00:00:09.001       myservice._srv._udp.local. TXT cache-flush cls:1 ttl:1000 data-len:5
00:00:09.001    Additional
00:00:09.001       myservice._srv._udp.local. NSEC cache-flush cls:1 ttl:4500 [ TXT SRV ]
00:00:10.001 - - - - - - - - - - - - - - - - - - - - - - - - - - - - - - - - - - - - - - - - - - - - -
00:00:10.001 Send a query for ANY record and validate the response
00:00:10.001 AdvanceTime for 2.000
00:00:12.001 Sending query for myservice._srv._udp.local. ANY
00:00:12.001 AdvanceTime for 1.000
00:00:12.001 otPlatMdnsSendMulticast(msg-len:102)
00:00:12.001    Response id:0 qt:0 t:0 rcode:0 [q:0 ans:2 auth:0 addn:1]
00:00:12.001    Answer
00:00:12.001       myservice._srv._udp.local. SRV cache-flush cls:1 ttl:1000 port:1234 w:2 prio:1 host:myhost.local.
00:00:12.001       myservice._srv._udp.local. TXT cache-flush cls:1 ttl:1000 data-len:5
00:00:12.001    Additional
00:00:12.001       myservice._srv._udp.local. NSEC cache-flush cls:1 ttl:4500 [ TXT SRV ]
00:00:13.001 - - - - - - - - - - - - - - - - - - - - - - - - - - - - - - - - - - - - - - - - - - - - -
00:00:13.001 Send a query for PTR record for service type and validate the response
00:00:13.001 AdvanceTime for 2.000
00:00:15.001 Sending query for _srv._udp.local. PTR
00:00:15.001 AdvanceTime for 1.000
00:00:15.045 otPlatMdnsSendMulticast(msg-len:95)
00:00:15.045    Response id:0 qt:0 t:0 rcode:0 [q:0 ans:1 auth:0 addn:2]
00:00:15.045    Answer
00:00:15.045       _srv._udp.local. PTR cls:1 ttl:1000 myservice._srv._udp.local.
00:00:15.045    Additional
00:00:15.045       myservice._srv._udp.local. SRV cache-flush cls:1 ttl:1000 port:1234 w:2 prio:1 host:myhost.local.
00:00:15.045       myservice._srv._udp.local. TXT cache-flush cls:1 ttl:1000 data-len:5
00:00:16.001 - - - - - - - - - - - - - - - - - - - - - - - - - - - - - - - - - - - - - - - - - - - - -
00:00:16.001 Send a query for PTR record for `services._dns-sd` and validate the response
00:00:16.001 AdvanceTime for 2.000
00:00:18.001 Sending query for _services._dns-sd._udp.local. PTR
00:00:18.001 AdvanceTime for 1.000
00:00:18.046 otPlatMdnsSendMulticast(msg-len:64)
00:00:18.046    Response id:0 qt:0 t:0 rcode:0 [q:0 ans:1 auth:0 addn:0]
00:00:18.046    Answer
00:00:18.046       _services._dns-sd._udp.local. PTR cls:1 ttl:4500 _srv._udp.local.
00:00:19.001 - - - - - - - - - - - - - - - - - - - - - - - - - - - - - - - - - - - - - - - - - - - - -
00:00:19.001 Update service port number and validate new announcements of SRV record
00:00:19.001 AdvanceTime for 0.000
00:00:19.001 Register callback - ResuestId:1 Error:OK
00:00:19.001 otPlatMdnsSendMulticast(msg-len:85)
00:00:19.001    Response id:0 qt:0 t:0 rcode:0 [q:0 ans:1 auth:0 addn:1]
00:00:19.001    Answer
00:00:19.001       myservice._srv._udp.local. SRV cache-flush cls:1 ttl:1000 port:4567 w:2 prio:1 host:myhost.local.
00:00:19.001    Additional
00:00:19.001       myservice._srv._udp.local. NSEC cache-flush cls:1 ttl:4500 [ TXT SRV ]
00:00:19.001 AdvanceTime for 1.000
00:00:20.001 otPlatMdnsSendMulticast(msg-len:85)
00:00:20.001    Response id:0 qt:0 t:0 rcode:0 [q:0 ans:1 auth:0 addn:1]
00:00:20.001    Answer
00:00:20.001       myservice._srv._udp.local. SRV cache-flush cls:1 ttl:1000 port:4567 w:2 prio:1 host:myhost.local.
00:00:20.001    Additional
00:00:20.001       myservice._srv._udp.local. NSEC cache-flush cls:1 ttl:4500 [ TXT SRV ]
00:00:20.001 AdvanceTime for 2.000
00:00:22.001 otPlatMdnsSendMulticast(msg-len:85)
00:00:22.001    Response id:0 qt:0 t:0 rcode:0 [q:0 ans:1 auth:0 addn:1]
00:00:22.001    Answer
00:00:22.001       myservice._srv._udp.local. SRV cache-flush cls:1 ttl:1000 port:4567 w:2 prio:1 host:myhost.local.
00:00:22.001    Additional
00:00:22.001       myservice._srv._udp.local. NSEC cache-flush cls:1 ttl:4500 [ TXT SRV ]
00:00:22.001 - - - - - - - - - - - - - - - - - - - - - - - - - - - - - - - - - - - - - - - - - - - - -
00:00:22.001 Update TXT data and validate new announcements of TXT record
00:00:22.001 AdvanceTime for 0.000
00:00:22.001 Register callback - ResuestId:1 Error:OK
00:00:22.001 otPlatMdnsSendMulticast(msg-len:71)
00:00:22.001    Response id:0 qt:0 t:0 rcode:0 [q:0 ans:1 auth:0 addn:1]
00:00:22.001    Answer
00:00:22.001       myservice._srv._udp.local. TXT cache-flush cls:1 ttl:1000 data-len:1
00:00:22.001    Additional
00:00:22.001       myservice._srv._udp.local. NSEC cache-flush cls:1 ttl:4500 [ TXT SRV ]
00:00:22.001 AdvanceTime for 1.000
00:00:23.001 otPlatMdnsSendMulticast(msg-len:71)
00:00:23.001    Response id:0 qt:0 t:0 rcode:0 [q:0 ans:1 auth:0 addn:1]
00:00:23.001    Answer
00:00:23.001       myservice._srv._udp.local. TXT cache-flush cls:1 ttl:1000 data-len:1
00:00:23.001    Additional
00:00:23.001       myservice._srv._udp.local. NSEC cache-flush cls:1 ttl:4500 [ TXT SRV ]
00:00:23.001 AdvanceTime for 2.000
00:00:25.001 otPlatMdnsSendMulticast(msg-len:71)
00:00:25.001    Response id:0 qt:0 t:0 rcode:0 [q:0 ans:1 auth:0 addn:1]
00:00:25.001    Answer
00:00:25.001       myservice._srv._udp.local. TXT cache-flush cls:1 ttl:1000 data-len:1
00:00:25.001    Additional
00:00:25.001       myservice._srv._udp.local. NSEC cache-flush cls:1 ttl:4500 [ TXT SRV ]
00:00:25.001 - - - - - - - - - - - - - - - - - - - - - - - - - - - - - - - - - - - - - - - - - - - - -
00:00:25.001 Update both service and TXT data and validate new announcements of both records
00:00:25.001 AdvanceTime for 0.000
00:00:25.001 Register callback - ResuestId:1 Error:OK
00:00:25.001 otPlatMdnsSendMulticast(msg-len:100)
00:00:25.001    Response id:0 qt:0 t:0 rcode:0 [q:0 ans:2 auth:0 addn:1]
00:00:25.001    Answer
00:00:25.001       myservice._srv._udp.local. SRV cache-flush cls:1 ttl:1000 port:4567 w:0 prio:1 host:myhost.local.
00:00:25.001       myservice._srv._udp.local. TXT cache-flush cls:1 ttl:1000 data-len:3
00:00:25.001    Additional
00:00:25.001       myservice._srv._udp.local. NSEC cache-flush cls:1 ttl:4500 [ TXT SRV ]
00:00:25.001 AdvanceTime for 1.000
00:00:26.001 otPlatMdnsSendMulticast(msg-len:100)
00:00:26.001    Response id:0 qt:0 t:0 rcode:0 [q:0 ans:2 auth:0 addn:1]
00:00:26.001    Answer
00:00:26.001       myservice._srv._udp.local. SRV cache-flush cls:1 ttl:1000 port:4567 w:0 prio:1 host:myhost.local.
00:00:26.001       myservice._srv._udp.local. TXT cache-flush cls:1 ttl:1000 data-len:3
00:00:26.001    Additional
00:00:26.001       myservice._srv._udp.local. NSEC cache-flush cls:1 ttl:4500 [ TXT SRV ]
00:00:26.001 AdvanceTime for 2.000
00:00:28.001 otPlatMdnsSendMulticast(msg-len:100)
00:00:28.001    Response id:0 qt:0 t:0 rcode:0 [q:0 ans:2 auth:0 addn:1]
00:00:28.001    Answer
00:00:28.001       myservice._srv._udp.local. SRV cache-flush cls:1 ttl:1000 port:4567 w:0 prio:1 host:myhost.local.
00:00:28.001       myservice._srv._udp.local. TXT cache-flush cls:1 ttl:1000 data-len:3
00:00:28.001    Additional
00:00:28.001       myservice._srv._udp.local. NSEC cache-flush cls:1 ttl:4500 [ TXT SRV ]
00:00:28.001 - - - - - - - - - - - - - - - - - - - - - - - - - - - - - - - - - - - - - - - - - - - - -
00:00:28.001 Update service host name to use local host and validate new announcements of SRV record
00:00:28.001 AdvanceTime for 0.000
00:00:28.001 Register callback - ResuestId:1 Error:OK
00:00:28.001 otPlatMdnsSendMulticast(msg-len:97)
00:00:28.001    Response id:0 qt:0 t:0 rcode:0 [q:0 ans:1 auth:0 addn:1]
00:00:28.001    Answer
00:00:28.001       myservice._srv._udp.local. SRV cache-flush cls:1 ttl:1000 port:4567 w:0 prio:1 host:ot7a1882ce66794b6c.local.
00:00:28.001    Additional
00:00:28.001       myservice._srv._udp.local. NSEC cache-flush cls:1 ttl:4500 [ TXT SRV ]
00:00:28.001 AdvanceTime for 1.000
00:00:29.001 otPlatMdnsSendMulticast(msg-len:97)
00:00:29.001    Response id:0 qt:0 t:0 rcode:0 [q:0 ans:1 auth:0 addn:1]
00:00:29.001    Answer
00:00:29.001       myservice._srv._udp.local. SRV cache-flush cls:1 ttl:1000 port:4567 w:0 prio:1 host:ot7a1882ce66794b6c.local.
00:00:29.001    Additional
00:00:29.001       myservice._srv._udp.local. NSEC cache-flush cls:1 ttl:4500 [ TXT SRV ]
00:00:29.001 AdvanceTime for 2.000
00:00:31.001 otPlatMdnsSendMulticast(msg-len:97)
00:00:31.001    Response id:0 qt:0 t:0 rcode:0 [q:0 ans:1 auth:0 addn:1]
00:00:31.001    Answer
00:00:31.001       myservice._srv._udp.local. SRV cache-flush cls:1 ttl:1000 port:4567 w:0 prio:1 host:ot7a1882ce66794b6c.local.
00:00:31.001    Additional
00:00:31.001       myservice._srv._udp.local. NSEC cache-flush cls:1 ttl:4500 [ TXT SRV ]
00:00:31.001 - - - - - - - - - - - - - - - - - - - - - - - - - - - - - - - - - - - - - - - - - - - - -
00:00:31.001 Update service host name and validate new announcements of SRV record
00:00:31.001 AdvanceTime for 0.000
00:00:31.001 Register callback - ResuestId:1 Error:OK
00:00:31.001 otPlatMdnsSendMulticast(msg-len:86)
00:00:31.001    Response id:0 qt:0 t:0 rcode:0 [q:0 ans:1 auth:0 addn:1]
00:00:31.001    Answer
00:00:31.001       myservice._srv._udp.local. SRV cache-flush cls:1 ttl:1000 port:4567 w:0 prio:1 host:newhost.local.
00:00:31.001    Additional
00:00:31.001       myservice._srv._udp.local. NSEC cache-flush cls:1 ttl:4500 [ TXT SRV ]
00:00:31.001 AdvanceTime for 1.000
00:00:32.001 otPlatMdnsSendMulticast(msg-len:86)
00:00:32.001    Response id:0 qt:0 t:0 rcode:0 [q:0 ans:1 auth:0 addn:1]
00:00:32.001    Answer
00:00:32.001       myservice._srv._udp.local. SRV cache-flush cls:1 ttl:1000 port:4567 w:0 prio:1 host:newhost.local.
00:00:32.001    Additional
00:00:32.001       myservice._srv._udp.local. NSEC cache-flush cls:1 ttl:4500 [ TXT SRV ]
00:00:32.001 AdvanceTime for 2.000
00:00:34.001 otPlatMdnsSendMulticast(msg-len:86)
00:00:34.001    Response id:0 qt:0 t:0 rcode:0 [q:0 ans:1 auth:0 addn:1]
00:00:34.001    Answer
00:00:34.001       myservice._srv._udp.local. SRV cache-flush cls:1 ttl:1000 port:4567 w:0 prio:1 host:newhost.local.
00:00:34.001    Additional
00:00:34.001       myservice._srv._udp.local. NSEC cache-flush cls:1 ttl:4500 [ TXT SRV ]
00:00:34.001 - - - - - - - - - - - - - - - - - - - - - - - - - - - - - - - - - - - - - - - - - - - - -
00:00:34.001 Update TTL and validate new announcements of SRV, TXT and PTR records
00:00:34.001 AdvanceTime for 0.000
00:00:34.001 Register callback - ResuestId:1 Error:OK
00:00:34.001 otPlatMdnsSendMulticast(msg-len:115)
00:00:34.001    Response id:0 qt:0 t:0 rcode:0 [q:0 ans:3 auth:0 addn:1]
00:00:34.001    Answer
00:00:34.001       _srv._udp.local. PTR cls:1 ttl:4500 myservice._srv._udp.local.
00:00:34.001       myservice._srv._udp.local. SRV cache-flush cls:1 ttl:4500 port:4567 w:0 prio:1 host:newhost.local.
00:00:34.001       myservice._srv._udp.local. TXT cache-flush cls:1 ttl:4500 data-len:3
00:00:34.001    Additional
00:00:34.001       myservice._srv._udp.local. NSEC cache-flush cls:1 ttl:4500 [ TXT SRV ]
00:00:34.001 AdvanceTime for 1.000
00:00:35.001 otPlatMdnsSendMulticast(msg-len:115)
00:00:35.001    Response id:0 qt:0 t:0 rcode:0 [q:0 ans:3 auth:0 addn:1]
00:00:35.001    Answer
00:00:35.001       _srv._udp.local. PTR cls:1 ttl:4500 myservice._srv._udp.local.
00:00:35.001       myservice._srv._udp.local. SRV cache-flush cls:1 ttl:4500 port:4567 w:0 prio:1 host:newhost.local.
00:00:35.001       myservice._srv._udp.local. TXT cache-flush cls:1 ttl:4500 data-len:3
00:00:35.001    Additional
00:00:35.001       myservice._srv._udp.local. NSEC cache-flush cls:1 ttl:4500 [ TXT SRV ]
00:00:35.001 AdvanceTime for 2.000
00:00:37.001 otPlatMdnsSendMulticast(msg-len:115)
00:00:37.001    Response id:0 qt:0 t:0 rcode:0 [q:0 ans:3 auth:0 addn:1]
00:00:37.001    Answer
00:00:37.001       _srv._udp.local. PTR cls:1 ttl:4500 myservice._srv._udp.local.
00:00:37.001       myservice._srv._udp.local. SRV cache-flush cls:1 ttl:4500 port:4567 w:0 prio:1 host:newhost.local.
00:00:37.001       myservice._srv._udp.local. TXT cache-flush cls:1 ttl:4500 data-len:3
00:00:37.001    Additional
00:00:37.001       myservice._srv._udp.local. NSEC cache-flush cls:1 ttl:4500 [ TXT SRV ]
00:00:37.001 - - - - - - - - - - - - - - - - - - - - - - - - - - - - - - - - - - - - - - - - - - - - -
00:00:37.001 Unregister the service and validate the goodbye announces
00:00:37.001 AdvanceTime for 0.000
00:00:37.001 otPlatMdnsSendMulticast(msg-len:94)
00:00:37.001    Response id:0 qt:0 t:0 rcode:0 [q:0 ans:3 auth:0 addn:0]
00:00:37.001    Answer
00:00:37.001       _srv._udp.local. PTR cls:1 ttl:0 myservice._srv._udp.local.
00:00:37.001       myservice._srv._udp.local. SRV cache-flush cls:1 ttl:0 port:4567 w:0 prio:1 host:newhost.local.
00:00:37.001       myservice._srv._udp.local. TXT cache-flush cls:1 ttl:0 data-len:3
00:00:37.001 AdvanceTime for 1.000
00:00:38.001 otPlatMdnsSendMulticast(msg-len:94)
00:00:38.001    Response id:0 qt:0 t:0 rcode:0 [q:0 ans:3 auth:0 addn:0]
00:00:38.001    Answer
00:00:38.001       _srv._udp.local. PTR cls:1 ttl:0 myservice._srv._udp.local.
00:00:38.001       myservice._srv._udp.local. SRV cache-flush cls:1 ttl:0 port:4567 w:0 prio:1 host:newhost.local.
00:00:38.001       myservice._srv._udp.local. TXT cache-flush cls:1 ttl:0 data-len:3
00:00:38.001 AdvanceTime for 2.000
00:00:40.001 otPlatMdnsSendMulticast(msg-len:94)
00:00:40.001    Response id:0 qt:0 t:0 rcode:0 [q:0 ans:3 auth:0 addn:0]
00:00:40.001    Answer
00:00:40.001       _srv._udp.local. PTR cls:1 ttl:0 myservice._srv._udp.local.
00:00:40.001       myservice._srv._udp.local. SRV cache-flush cls:1 ttl:0 port:4567 w:0 prio:1 host:newhost.local.
00:00:40.001       myservice._srv._udp.local. TXT cache-flush cls:1 ttl:0 data-len:3
00:00:40.001 AdvanceTime for 15.000
00:00:55.001 otPlatMdnsSetListeningEnabled(false)
00:00:55.001 End of test
00:00:00.000 -------------------------------------------------------------------------------------------
00:00:00.000 TestUnregisterBeforeProbeFinished
00:00:00.000 AdvanceTime for 0.001
00:00:00.001 otPlatMdnsSetListeningEnabled(true)
00:00:00.001 - - - - - - - - - - - - - - - - - - - - - - - - - - - - - - - - - - - - - - - - - - - - -
00:00:00.001 Register an entry, check for the first two probes
00:00:00.001 AdvanceTime for 0.250
00:00:00.141 otPlatMdnsSendMulticast(msg-len:114)
00:00:00.141    Query id:0 qt:0 t:0 rcode:0 [q:1 ans:0 auth:3 addn:0]
00:00:00.141    Question
00:00:00.141       myhost.local. ANY QU class:1
00:00:00.141    Authority
00:00:00.141       myhost.local. AAAA cls:1 ttl:1500 fd00:0:0:0:0:0:0:aaaa
00:00:00.141       myhost.local. AAAA cls:1 ttl:1500 fd00:0:0:0:0:0:0:bbbb
00:00:00.141       myhost.local. AAAA cls:1 ttl:1500 fd00:0:0:0:0:0:0:cccc
00:00:00.251 AdvanceTime for 0.250
00:00:00.391 otPlatMdnsSendMulticast(msg-len:114)
00:00:00.391    Query id:0 qt:0 t:0 rcode:0 [q:1 ans:0 auth:3 addn:0]
00:00:00.391    Question
00:00:00.391       myhost.local. ANY QM class:1
00:00:00.391    Authority
00:00:00.391       myhost.local. AAAA cls:1 ttl:1500 fd00:0:0:0:0:0:0:aaaa
00:00:00.391       myhost.local. AAAA cls:1 ttl:1500 fd00:0:0:0:0:0:0:bbbb
00:00:00.391       myhost.local. AAAA cls:1 ttl:1500 fd00:0:0:0:0:0:0:cccc
00:00:00.501 - - - - - - - - - - - - - - - - - - - - - - - - - - - - - - - - - - - - - - - - - - - - -
00:00:00.501 Unregister the entry before the last probe and make sure probing stops
00:00:00.501 AdvanceTime for 20.000
00:00:20.501 - - - - - - - - - - - - - - - - - - - - - - - - - - - - - - - - - - - - - - - - - - - - -
00:00:20.501 Register an entry, check for the first two probes
00:00:20.501 AdvanceTime for 0.250
00:00:20.738 otPlatMdnsSendMulticast(msg-len:87)
00:00:20.738    Query id:0 qt:0 t:0 rcode:0 [q:1 ans:0 auth:2 addn:0]
00:00:20.738    Question
00:00:20.738       myservice._srv._udp.local. ANY QU class:1
00:00:20.738    Authority
00:00:20.738       myservice._srv._udp.local. SRV cls:1 ttl:1000 port:1234 w:2 prio:1 host:myhost.local.
00:00:20.738       myservice._srv._udp.local. TXT cls:1 ttl:1000 data-len:5
00:00:20.751 AdvanceTime for 0.250
00:00:20.988 otPlatMdnsSendMulticast(msg-len:87)
00:00:20.988    Query id:0 qt:0 t:0 rcode:0 [q:1 ans:0 auth:2 addn:0]
00:00:20.988    Question
00:00:20.988       myservice._srv._udp.local. ANY QM class:1
00:00:20.988    Authority
00:00:20.988       myservice._srv._udp.local. SRV cls:1 ttl:1000 port:1234 w:2 prio:1 host:myhost.local.
00:00:20.988       myservice._srv._udp.local. TXT cls:1 ttl:1000 data-len:5
00:00:21.001 - - - - - - - - - - - - - - - - - - - - - - - - - - - - - - - - - - - - - - - - - - - - -
00:00:21.001 Unregister the entry before the last probe and make sure probing stops
00:00:21.001 AdvanceTime for 20.000
00:00:41.001 - - - - - - - - - - - - - - - - - - - - - - - - - - - - - - - - - - - - - - - - - - - - -
00:00:41.001 Register an entry, check for the first two probes
00:00:41.001 AdvanceTime for 0.250
00:00:41.245 otPlatMdnsSendMulticast(msg-len:59)
00:00:41.245    Query id:0 qt:0 t:0 rcode:0 [q:1 ans:0 auth:1 addn:0]
00:00:41.245    Question
00:00:41.245       mysrv._srv._udp.local. ANY QU class:1
00:00:41.245    Authority
00:00:41.245       mysrv._srv._udp.local. KEY cls:1 ttl:8000 data-len:8
00:00:41.251 AdvanceTime for 0.250
00:00:41.495 otPlatMdnsSendMulticast(msg-len:59)
00:00:41.495    Query id:0 qt:0 t:0 rcode:0 [q:1 ans:0 auth:1 addn:0]
00:00:41.495    Question
00:00:41.495       mysrv._srv._udp.local. ANY QM class:1
00:00:41.495    Authority
00:00:41.495       mysrv._srv._udp.local. KEY cls:1 ttl:8000 data-len:8
00:00:41.501 - - - - - - - - - - - - - - - - - - - - - - - - - - - - - - - - - - - - - - - - - - - - -
00:00:41.501 Unregister the entry before the last probe and make sure probing stops
00:00:41.501 AdvanceTime for 20.000
00:01:01.501 otPlatMdnsSetListeningEnabled(false)
00:01:01.501 End of test
00:00:00.000 -------------------------------------------------------------------------------------------
00:00:00.000 TestServiceSubTypeReg
00:00:00.000 AdvanceTime for 0.001
00:00:00.001 otPlatMdnsSetListeningEnabled(true)
00:00:00.001 - - - - - - - - - - - - - - - - - - - - - - - - - - - - - - - - - - - - - - - - - - - - -
00:00:00.001 Register a `ServiceEntry` with sub-types, check probes and announcements
00:00:00.001 AdvanceTime for 0.250
00:00:00.149 otPlatMdnsSendMulticast(msg-len:87)
00:00:00.149    Query id:0 qt:0 t:0 rcode:0 [q:1 ans:0 auth:2 addn:0]
00:00:00.149    Question
00:00:00.149       elden._ring._udp.local. ANY QU class:1
00:00:00.149    Authority
00:00:00.149       elden._ring._udp.local. SRV cls:1 ttl:6000 port:1234 w:2 prio:1 host:tarnished.local.
00:00:00.149       elden._ring._udp.local. TXT cls:1 ttl:6000 data-len:5
00:00:00.251 AdvanceTime for 0.250
00:00:00.399 otPlatMdnsSendMulticast(msg-len:87)
00:00:00.399    Query id:0 qt:0 t:0 rcode:0 [q:1 ans:0 auth:2 addn:0]
00:00:00.399    Question
00:00:00.399       elden._ring._udp.local. ANY QM class:1
00:00:00.399    Authority
00:00:00.399       elden._ring._udp.local. SRV cls:1 ttl:6000 port:1234 w:2 prio:1 host:tarnished.local.
00:00:00.399       elden._ring._udp.local. TXT cls:1 ttl:6000 data-len:5
00:00:00.501 AdvanceTime for 0.250
00:00:00.649 otPlatMdnsSendMulticast(msg-len:87)
00:00:00.649    Query id:0 qt:0 t:0 rcode:0 [q:1 ans:0 auth:2 addn:0]
00:00:00.649    Question
00:00:00.649       elden._ring._udp.local. ANY QM class:1
00:00:00.649    Authority
00:00:00.649       elden._ring._udp.local. SRV cls:1 ttl:6000 port:1234 w:2 prio:1 host:tarnished.local.
00:00:00.649       elden._ring._udp.local. TXT cls:1 ttl:6000 data-len:5
00:00:00.751 AdvanceTime for 0.250
00:00:00.899 otPlatMdnsSendMulticast(msg-len:213)
00:00:00.899    Response id:0 qt:0 t:0 rcode:0 [q:0 ans:7 auth:0 addn:1]
00:00:00.899    Answer
00:00:00.899       _ring._udp.local. PTR cls:1 ttl:6000 elden._ring._udp.local.
00:00:00.899       _vXy._sub._ring._udp.local. PTR cls:1 ttl:6000 elden._ring._udp.local.
00:00:00.899       _r2._sub._ring._udp.local. PTR cls:1 ttl:6000 elden._ring._udp.local.
00:00:00.899       _s1._sub._ring._udp.local. PTR cls:1 ttl:6000 elden._ring._udp.local.
00:00:00.899       elden._ring._udp.local. SRV cache-flush cls:1 ttl:6000 port:1234 w:2 prio:1 host:tarnished.local.
00:00:00.899       elden._ring._udp.local. TXT cache-flush cls:1 ttl:6000 data-len:5
00:00:00.899       _services._dns-sd._udp.local. PTR cls:1 ttl:4500 _ring._udp.local.
00:00:00.899    Additional
00:00:00.899       elden._ring._udp.local. NSEC cache-flush cls:1 ttl:4500 [ TXT SRV ]
00:00:00.899 Register callback - ResuestId:0 Error:OK
00:00:01.001 AdvanceTime for 1.000
00:00:01.899 otPlatMdnsSendMulticast(msg-len:213)
00:00:01.899    Response id:0 qt:0 t:0 rcode:0 [q:0 ans:7 auth:0 addn:1]
00:00:01.899    Answer
00:00:01.899       _ring._udp.local. PTR cls:1 ttl:6000 elden._ring._udp.local.
00:00:01.899       _vXy._sub._ring._udp.local. PTR cls:1 ttl:6000 elden._ring._udp.local.
00:00:01.899       _r2._sub._ring._udp.local. PTR cls:1 ttl:6000 elden._ring._udp.local.
00:00:01.899       _s1._sub._ring._udp.local. PTR cls:1 ttl:6000 elden._ring._udp.local.
00:00:01.899       elden._ring._udp.local. SRV cache-flush cls:1 ttl:6000 port:1234 w:2 prio:1 host:tarnished.local.
00:00:01.899       elden._ring._udp.local. TXT cache-flush cls:1 ttl:6000 data-len:5
00:00:01.899       _services._dns-sd._udp.local. PTR cls:1 ttl:4500 _ring._udp.local.
00:00:01.899    Additional
00:00:01.899       elden._ring._udp.local. NSEC cache-flush cls:1 ttl:4500 [ TXT SRV ]
00:00:02.001 AdvanceTime for 2.000
00:00:03.899 otPlatMdnsSendMulticast(msg-len:213)
00:00:03.899    Response id:0 qt:0 t:0 rcode:0 [q:0 ans:7 auth:0 addn:1]
00:00:03.899    Answer
00:00:03.899       _ring._udp.local. PTR cls:1 ttl:6000 elden._ring._udp.local.
00:00:03.899       _vXy._sub._ring._udp.local. PTR cls:1 ttl:6000 elden._ring._udp.local.
00:00:03.899       _r2._sub._ring._udp.local. PTR cls:1 ttl:6000 elden._ring._udp.local.
00:00:03.899       _s1._sub._ring._udp.local. PTR cls:1 ttl:6000 elden._ring._udp.local.
00:00:03.899       elden._ring._udp.local. SRV cache-flush cls:1 ttl:6000 port:1234 w:2 prio:1 host:tarnished.local.
00:00:03.899       elden._ring._udp.local. TXT cache-flush cls:1 ttl:6000 data-len:5
00:00:03.899       _services._dns-sd._udp.local. PTR cls:1 ttl:4500 _ring._udp.local.
00:00:03.899    Additional
00:00:03.899       elden._ring._udp.local. NSEC cache-flush cls:1 ttl:4500 [ TXT SRV ]
00:00:04.001 - - - - - - - - - - - - - - - - - - - - - - - - - - - - - - - - - - - - - - - - - - - - -
00:00:04.001 Send a query for SRV record and validate the response
00:00:04.001 AdvanceTime for 2.000
00:00:06.001 Sending query for elden._ring._udp.local. SRV
00:00:06.001 AdvanceTime for 1.000
00:00:06.001 otPlatMdnsSendMulticast(msg-len:85)
00:00:06.001    Response id:0 qt:0 t:0 rcode:0 [q:0 ans:1 auth:0 addn:1]
00:00:06.001    Answer
00:00:06.001       elden._ring._udp.local. SRV cache-flush cls:1 ttl:6000 port:1234 w:2 prio:1 host:tarnished.local.
00:00:06.001    Additional
00:00:06.001       elden._ring._udp.local. NSEC cache-flush cls:1 ttl:4500 [ TXT SRV ]
00:00:07.001 - - - - - - - - - - - - - - - - - - - - - - - - - - - - - - - - - - - - - - - - - - - - -
00:00:07.001 Send a query for TXT record and validate the response
00:00:07.001 AdvanceTime for 2.000
00:00:09.001 Sending query for elden._ring._udp.local. TXT
00:00:09.001 AdvanceTime for 1.000
00:00:09.001 otPlatMdnsSendMulticast(msg-len:72)
00:00:09.001    Response id:0 qt:0 t:0 rcode:0 [q:0 ans:1 auth:0 addn:1]
00:00:09.001    Answer
00:00:09.001       elden._ring._udp.local. TXT cache-flush cls:1 ttl:6000 data-len:5
00:00:09.001    Additional
00:00:09.001       elden._ring._udp.local. NSEC cache-flush cls:1 ttl:4500 [ TXT SRV ]
00:00:10.001 - - - - - - - - - - - - - - - - - - - - - - - - - - - - - - - - - - - - - - - - - - - - -
00:00:10.001 Send a query for ANY record and validate the response
00:00:10.001 AdvanceTime for 2.000
00:00:12.001 Sending query for elden._ring._udp.local. ANY
00:00:12.001 AdvanceTime for 1.000
00:00:12.001 otPlatMdnsSendMulticast(msg-len:102)
00:00:12.001    Response id:0 qt:0 t:0 rcode:0 [q:0 ans:2 auth:0 addn:1]
00:00:12.001    Answer
00:00:12.001       elden._ring._udp.local. SRV cache-flush cls:1 ttl:6000 port:1234 w:2 prio:1 host:tarnished.local.
00:00:12.001       elden._ring._udp.local. TXT cache-flush cls:1 ttl:6000 data-len:5
00:00:12.001    Additional
00:00:12.001       elden._ring._udp.local. NSEC cache-flush cls:1 ttl:4500 [ TXT SRV ]
00:00:13.001 - - - - - - - - - - - - - - - - - - - - - - - - - - - - - - - - - - - - - - - - - - - - -
00:00:13.001 Send a query for PTR record for service type and validate the response
00:00:13.001 AdvanceTime for 2.000
00:00:15.001 Sending query for _ring._udp.local. PTR
00:00:15.001 AdvanceTime for 1.000
00:00:15.112 otPlatMdnsSendMulticast(msg-len:95)
00:00:15.112    Response id:0 qt:0 t:0 rcode:0 [q:0 ans:1 auth:0 addn:2]
00:00:15.112    Answer
00:00:15.112       _ring._udp.local. PTR cls:1 ttl:6000 elden._ring._udp.local.
00:00:15.112    Additional
00:00:15.112       elden._ring._udp.local. SRV cache-flush cls:1 ttl:6000 port:1234 w:2 prio:1 host:tarnished.local.
00:00:15.112       elden._ring._udp.local. TXT cache-flush cls:1 ttl:6000 data-len:5
00:00:16.001 - - - - - - - - - - - - - - - - - - - - - - - - - - - - - - - - - - - - - - - - - - - - -
00:00:16.001 Send a query for PTR record for `services._dns-sd` and validate the response
00:00:16.001 AdvanceTime for 2.000
00:00:18.001 Sending query for _services._dns-sd._udp.local. PTR
00:00:18.001 AdvanceTime for 1.000
00:00:18.085 otPlatMdnsSendMulticast(msg-len:65)
00:00:18.085    Response id:0 qt:0 t:0 rcode:0 [q:0 ans:1 auth:0 addn:0]
00:00:18.085    Answer
00:00:18.085       _services._dns-sd._udp.local. PTR cls:1 ttl:4500 _ring._udp.local.
00:00:19.001 - - - - - - - - - - - - - - - - - - - - - - - - - - - - - - - - - - - - - - - - - - - - -
00:00:19.001 Send a PTR query for sub-type `_s1` and validate the response
00:00:19.001 AdvanceTime for 2.000
00:00:21.001 Sending query for _s1._sub._ring._udp.local. PTR
00:00:21.001 AdvanceTime for 1.000
00:00:21.079 otPlatMdnsSendMulticast(msg-len:104)
00:00:21.079    Response id:0 qt:0 t:0 rcode:0 [q:0 ans:1 auth:0 addn:2]
00:00:21.079    Answer
00:00:21.079       _s1._sub._ring._udp.local. PTR cls:1 ttl:6000 elden._ring._udp.local.
00:00:21.079    Additional
00:00:21.079       elden._ring._udp.local. SRV cache-flush cls:1 ttl:6000 port:1234 w:2 prio:1 host:tarnished.local.
00:00:21.079       elden._ring._udp.local. TXT cache-flush cls:1 ttl:6000 data-len:5
00:00:22.001 - - - - - - - - - - - - - - - - - - - - - - - - - - - - - - - - - - - - - - - - - - - - -
00:00:22.001 Send a PTR query for sub-type `_r2` and validate the response
00:00:22.001 AdvanceTime for 2.000
00:00:24.001 Sending query for _r2._sub._ring._udp.local. PTR
00:00:24.001 AdvanceTime for 1.000
00:00:24.118 otPlatMdnsSendMulticast(msg-len:104)
00:00:24.118    Response id:0 qt:0 t:0 rcode:0 [q:0 ans:1 auth:0 addn:2]
00:00:24.118    Answer
00:00:24.118       _r2._sub._ring._udp.local. PTR cls:1 ttl:6000 elden._ring._udp.local.
00:00:24.118    Additional
00:00:24.118       elden._ring._udp.local. SRV cache-flush cls:1 ttl:6000 port:1234 w:2 prio:1 host:tarnished.local.
00:00:24.118       elden._ring._udp.local. TXT cache-flush cls:1 ttl:6000 data-len:5
00:00:25.001 - - - - - - - - - - - - - - - - - - - - - - - - - - - - - - - - - - - - - - - - - - - - -
00:00:25.001 Send a PTR query for sub-type `_vXy` and validate the response
00:00:25.001 AdvanceTime for 2.000
00:00:27.001 Sending query for _vXy._sub._ring._udp.local. PTR
00:00:27.001 AdvanceTime for 1.000
00:00:27.048 otPlatMdnsSendMulticast(msg-len:105)
00:00:27.048    Response id:0 qt:0 t:0 rcode:0 [q:0 ans:1 auth:0 addn:2]
00:00:27.048    Answer
00:00:27.048       _vXy._sub._ring._udp.local. PTR cls:1 ttl:6000 elden._ring._udp.local.
00:00:27.048    Additional
00:00:27.048       elden._ring._udp.local. SRV cache-flush cls:1 ttl:6000 port:1234 w:2 prio:1 host:tarnished.local.
00:00:27.048       elden._ring._udp.local. TXT cache-flush cls:1 ttl:6000 data-len:5
00:00:28.001 - - - - - - - - - - - - - - - - - - - - - - - - - - - - - - - - - - - - - - - - - - - - -
00:00:28.001 Send a PTR query for non-existing sub-type and validate there is no response
00:00:28.001 AdvanceTime for 2.000
00:00:30.001 Sending query for _none._sub._ring._udp.local. PTR
00:00:30.001 AdvanceTime for 2.000
00:00:32.001 - - - - - - - - - - - - - - - - - - - - - - - - - - - - - - - - - - - - - - - - - - - - -
00:00:32.001 Register a new sub-type and validate announcements of PTR record for it
00:00:32.001 AdvanceTime for 0.000
00:00:32.001 Register callback - ResuestId:1 Error:OK
00:00:32.001 otPlatMdnsSendMulticast(msg-len:106)
00:00:32.001    Response id:0 qt:0 t:0 rcode:0 [q:0 ans:1 auth:0 addn:2]
00:00:32.001    Answer
00:00:32.001       _last._sub._ring._udp.local. PTR cls:1 ttl:6000 elden._ring._udp.local.
00:00:32.001    Additional
00:00:32.001       elden._ring._udp.local. SRV cache-flush cls:1 ttl:6000 port:1234 w:2 prio:1 host:tarnished.local.
00:00:32.001       elden._ring._udp.local. TXT cache-flush cls:1 ttl:6000 data-len:5
00:00:32.001 AdvanceTime for 1.000
00:00:33.001 otPlatMdnsSendMulticast(msg-len:106)
00:00:33.001    Response id:0 qt:0 t:0 rcode:0 [q:0 ans:1 auth:0 addn:2]
00:00:33.001    Answer
00:00:33.001       _last._sub._ring._udp.local. PTR cls:1 ttl:6000 elden._ring._udp.local.
00:00:33.001    Additional
00:00:33.001       elden._ring._udp.local. SRV cache-flush cls:1 ttl:6000 port:1234 w:2 prio:1 host:tarnished.local.
00:00:33.001       elden._ring._udp.local. TXT cache-flush cls:1 ttl:6000 data-len:5
00:00:33.001 AdvanceTime for 2.000
00:00:35.001 otPlatMdnsSendMulticast(msg-len:106)
00:00:35.001    Response id:0 qt:0 t:0 rcode:0 [q:0 ans:1 auth:0 addn:2]
00:00:35.001    Answer
00:00:35.001       _last._sub._ring._udp.local. PTR cls:1 ttl:6000 elden._ring._udp.local.
00:00:35.001    Additional
00:00:35.001       elden._ring._udp.local. SRV cache-flush cls:1 ttl:6000 port:1234 w:2 prio:1 host:tarnished.local.
00:00:35.001       elden._ring._udp.local. TXT cache-flush cls:1 ttl:6000 data-len:5
00:00:35.001 - - - - - - - - - - - - - - - - - - - - - - - - - - - - - - - - - - - - - - - - - - - - -
00:00:35.001 Remove a previous sub-type and validate announcements of its removal
00:00:35.001 AdvanceTime for 0.000
00:00:35.001 Register callback - ResuestId:1 Error:OK
00:00:35.001 otPlatMdnsSendMulticast(msg-len:57)
00:00:35.001    Response id:0 qt:0 t:0 rcode:0 [q:0 ans:1 auth:0 addn:0]
00:00:35.001    Answer
00:00:35.001       _s1._sub._ring._udp.local. PTR cls:1 ttl:0 elden._ring._udp.local.
00:00:35.001 AdvanceTime for 1.000
00:00:36.001 otPlatMdnsSendMulticast(msg-len:57)
00:00:36.001    Response id:0 qt:0 t:0 rcode:0 [q:0 ans:1 auth:0 addn:0]
00:00:36.001    Answer
00:00:36.001       _s1._sub._ring._udp.local. PTR cls:1 ttl:0 elden._ring._udp.local.
00:00:36.001 AdvanceTime for 2.000
00:00:38.001 otPlatMdnsSendMulticast(msg-len:57)
00:00:38.001    Response id:0 qt:0 t:0 rcode:0 [q:0 ans:1 auth:0 addn:0]
00:00:38.001    Answer
00:00:38.001       _s1._sub._ring._udp.local. PTR cls:1 ttl:0 elden._ring._udp.local.
00:00:38.001 - - - - - - - - - - - - - - - - - - - - - - - - - - - - - - - - - - - - - - - - - - - - -
00:00:38.001 Update TTL and validate announcement of all records
00:00:38.001 AdvanceTime for 0.000
00:00:38.001 Register callback - ResuestId:1 Error:OK
00:00:38.001 otPlatMdnsSendMulticast(msg-len:178)
00:00:38.001    Response id:0 qt:0 t:0 rcode:0 [q:0 ans:6 auth:0 addn:1]
00:00:38.001    Answer
00:00:38.001       _ring._udp.local. PTR cls:1 ttl:4500 elden._ring._udp.local.
00:00:38.001       _last._sub._ring._udp.local. PTR cls:1 ttl:4500 elden._ring._udp.local.
00:00:38.001       _vXy._sub._ring._udp.local. PTR cls:1 ttl:4500 elden._ring._udp.local.
00:00:38.001       _r2._sub._ring._udp.local. PTR cls:1 ttl:4500 elden._ring._udp.local.
00:00:38.001       elden._ring._udp.local. SRV cache-flush cls:1 ttl:4500 port:1234 w:2 prio:1 host:tarnished.local.
00:00:38.001       elden._ring._udp.local. TXT cache-flush cls:1 ttl:4500 data-len:5
00:00:38.001    Additional
00:00:38.001       elden._ring._udp.local. NSEC cache-flush cls:1 ttl:4500 [ TXT SRV ]
00:00:38.001 AdvanceTime for 1.000
00:00:39.001 otPlatMdnsSendMulticast(msg-len:178)
00:00:39.001    Response id:0 qt:0 t:0 rcode:0 [q:0 ans:6 auth:0 addn:1]
00:00:39.001    Answer
00:00:39.001       _ring._udp.local. PTR cls:1 ttl:4500 elden._ring._udp.local.
00:00:39.001       _last._sub._ring._udp.local. PTR cls:1 ttl:4500 elden._ring._udp.local.
00:00:39.001       _vXy._sub._ring._udp.local. PTR cls:1 ttl:4500 elden._ring._udp.local.
00:00:39.001       _r2._sub._ring._udp.local. PTR cls:1 ttl:4500 elden._ring._udp.local.
00:00:39.001       elden._ring._udp.local. SRV cache-flush cls:1 ttl:4500 port:1234 w:2 prio:1 host:tarnished.local.
00:00:39.001       elden._ring._udp.local. TXT cache-flush cls:1 ttl:4500 data-len:5
00:00:39.001    Additional
00:00:39.001       elden._ring._udp.local. NSEC cache-flush cls:1 ttl:4500 [ TXT SRV ]
00:00:39.001 AdvanceTime for 2.000
00:00:41.001 otPlatMdnsSendMulticast(msg-len:178)
00:00:41.001    Response id:0 qt:0 t:0 rcode:0 [q:0 ans:6 auth:0 addn:1]
00:00:41.001    Answer
00:00:41.001       _ring._udp.local. PTR cls:1 ttl:4500 elden._ring._udp.local.
00:00:41.001       _last._sub._ring._udp.local. PTR cls:1 ttl:4500 elden._ring._udp.local.
00:00:41.001       _vXy._sub._ring._udp.local. PTR cls:1 ttl:4500 elden._ring._udp.local.
00:00:41.001       _r2._sub._ring._udp.local. PTR cls:1 ttl:4500 elden._ring._udp.local.
00:00:41.001       elden._ring._udp.local. SRV cache-flush cls:1 ttl:4500 port:1234 w:2 prio:1 host:tarnished.local.
00:00:41.001       elden._ring._udp.local. TXT cache-flush cls:1 ttl:4500 data-len:5
00:00:41.001    Additional
00:00:41.001       elden._ring._udp.local. NSEC cache-flush cls:1 ttl:4500 [ TXT SRV ]
00:00:41.001 - - - - - - - - - - - - - - - - - - - - - - - - - - - - - - - - - - - - - - - - - - - - -
00:00:41.001 Add and remove sub-types at the same time and check proper announcements
00:00:41.001 AdvanceTime for 0.000
00:00:41.001 Register callback - ResuestId:1 Error:OK
00:00:41.001 otPlatMdnsSendMulticast(msg-len:143)
00:00:41.001    Response id:0 qt:0 t:0 rcode:0 [q:0 ans:3 auth:0 addn:2]
00:00:41.001    Answer
00:00:41.001       _zzz._sub._ring._udp.local. PTR cls:1 ttl:4500 elden._ring._udp.local.
00:00:41.001       _r1._sub._ring._udp.local. PTR cls:1 ttl:4500 elden._ring._udp.local.
00:00:41.001       _last._sub._ring._udp.local. PTR cls:1 ttl:0 elden._ring._udp.local.
00:00:41.001    Additional
00:00:41.001       elden._ring._udp.local. SRV cache-flush cls:1 ttl:4500 port:1234 w:2 prio:1 host:tarnished.local.
00:00:41.001       elden._ring._udp.local. TXT cache-flush cls:1 ttl:4500 data-len:5
00:00:41.001 AdvanceTime for 1.000
00:00:42.001 otPlatMdnsSendMulticast(msg-len:143)
00:00:42.001    Response id:0 qt:0 t:0 rcode:0 [q:0 ans:3 auth:0 addn:2]
00:00:42.001    Answer
00:00:42.001       _zzz._sub._ring._udp.local. PTR cls:1 ttl:4500 elden._ring._udp.local.
00:00:42.001       _r1._sub._ring._udp.local. PTR cls:1 ttl:4500 elden._ring._udp.local.
00:00:42.001       _last._sub._ring._udp.local. PTR cls:1 ttl:0 elden._ring._udp.local.
00:00:42.001    Additional
00:00:42.001       elden._ring._udp.local. SRV cache-flush cls:1 ttl:4500 port:1234 w:2 prio:1 host:tarnished.local.
00:00:42.001       elden._ring._udp.local. TXT cache-flush cls:1 ttl:4500 data-len:5
00:00:42.001 AdvanceTime for 2.000
00:00:44.001 otPlatMdnsSendMulticast(msg-len:143)
00:00:44.001    Response id:0 qt:0 t:0 rcode:0 [q:0 ans:3 auth:0 addn:2]
00:00:44.001    Answer
00:00:44.001       _zzz._sub._ring._udp.local. PTR cls:1 ttl:4500 elden._ring._udp.local.
00:00:44.001       _r1._sub._ring._udp.local. PTR cls:1 ttl:4500 elden._ring._udp.local.
00:00:44.001       _last._sub._ring._udp.local. PTR cls:1 ttl:0 elden._ring._udp.local.
00:00:44.001    Additional
00:00:44.001       elden._ring._udp.local. SRV cache-flush cls:1 ttl:4500 port:1234 w:2 prio:1 host:tarnished.local.
00:00:44.001       elden._ring._udp.local. TXT cache-flush cls:1 ttl:4500 data-len:5
00:00:44.001 - - - - - - - - - - - - - - - - - - - - - - - - - - - - - - - - - - - - - - - - - - - - -
00:00:44.001 Unregister the service and validate the goodbye announces for service and its sub-types
00:00:44.001 AdvanceTime for 0.000
00:00:44.001 otPlatMdnsSendMulticast(msg-len:174)
00:00:44.001    Response id:0 qt:0 t:0 rcode:0 [q:0 ans:7 auth:0 addn:0]
00:00:44.001    Answer
00:00:44.001       _ring._udp.local. PTR cls:1 ttl:0 elden._ring._udp.local.
00:00:44.001       _zzz._sub._ring._udp.local. PTR cls:1 ttl:0 elden._ring._udp.local.
00:00:44.001       _r1._sub._ring._udp.local. PTR cls:1 ttl:0 elden._ring._udp.local.
00:00:44.001       _vXy._sub._ring._udp.local. PTR cls:1 ttl:0 elden._ring._udp.local.
00:00:44.001       _r2._sub._ring._udp.local. PTR cls:1 ttl:0 elden._ring._udp.local.
00:00:44.001       elden._ring._udp.local. SRV cache-flush cls:1 ttl:0 port:1234 w:2 prio:1 host:tarnished.local.
00:00:44.001       elden._ring._udp.local. TXT cache-flush cls:1 ttl:0 data-len:5
00:00:44.001 AdvanceTime for 1.000
00:00:45.001 otPlatMdnsSendMulticast(msg-len:174)
00:00:45.001    Response id:0 qt:0 t:0 rcode:0 [q:0 ans:7 auth:0 addn:0]
00:00:45.001    Answer
00:00:45.001       _ring._udp.local. PTR cls:1 ttl:0 elden._ring._udp.local.
00:00:45.001       _zzz._sub._ring._udp.local. PTR cls:1 ttl:0 elden._ring._udp.local.
00:00:45.001       _r1._sub._ring._udp.local. PTR cls:1 ttl:0 elden._ring._udp.local.
00:00:45.001       _vXy._sub._ring._udp.local. PTR cls:1 ttl:0 elden._ring._udp.local.
00:00:45.001       _r2._sub._ring._udp.local. PTR cls:1 ttl:0 elden._ring._udp.local.
00:00:45.001       elden._ring._udp.local. SRV cache-flush cls:1 ttl:0 port:1234 w:2 prio:1 host:tarnished.local.
00:00:45.001       elden._ring._udp.local. TXT cache-flush cls:1 ttl:0 data-len:5
00:00:45.001 AdvanceTime for 2.000
00:00:47.001 otPlatMdnsSendMulticast(msg-len:174)
00:00:47.001    Response id:0 qt:0 t:0 rcode:0 [q:0 ans:7 auth:0 addn:0]
00:00:47.001    Answer
00:00:47.001       _ring._udp.local. PTR cls:1 ttl:0 elden._ring._udp.local.
00:00:47.001       _zzz._sub._ring._udp.local. PTR cls:1 ttl:0 elden._ring._udp.local.
00:00:47.001       _r1._sub._ring._udp.local. PTR cls:1 ttl:0 elden._ring._udp.local.
00:00:47.001       _vXy._sub._ring._udp.local. PTR cls:1 ttl:0 elden._ring._udp.local.
00:00:47.001       _r2._sub._ring._udp.local. PTR cls:1 ttl:0 elden._ring._udp.local.
00:00:47.001       elden._ring._udp.local. SRV cache-flush cls:1 ttl:0 port:1234 w:2 prio:1 host:tarnished.local.
00:00:47.001       elden._ring._udp.local. TXT cache-flush cls:1 ttl:0 data-len:5
00:00:47.001 AdvanceTime for 15.000
00:01:02.001 otPlatMdnsSetListeningEnabled(false)
00:01:02.001 End of test
00:00:00.000 -------------------------------------------------------------------------------------------
00:00:00.000 TestHostOrServiceAndKeyReg
00:00:00.000 AdvanceTime for 0.001
00:00:00.001 otPlatMdnsSetListeningEnabled(true)
00:00:00.001 - - - - - - - - - - - - - - - - - - - - - - - - - - - - - - - - - - - - - - - - - - - - -
00:00:00.001 Register a host entry, check the first probe is sent
00:00:00.001 AdvanceTime for 0.250
00:00:00.050 otPlatMdnsSendMulticast(msg-len:86)
00:00:00.050    Query id:0 qt:0 t:0 rcode:0 [q:1 ans:0 auth:2 addn:0]
00:00:00.050    Question
00:00:00.050       myhost.local. ANY QU class:1
00:00:00.050    Authority
00:00:00.050       myhost.local. AAAA cls:1 ttl:5000 fd00:0:0:0:0:0:0:1
00:00:00.050       myhost.local. AAAA cls:1 ttl:5000 fd00:0:0:0:0:0:0:2
00:00:00.251 - - - - - - - - - - - - - - - - - - - - - - - - - - - - - - - - - - - - - - - - - - - - -
00:00:00.251 Register a `KeyEntry` for same name, check that probes continue
00:00:00.251 AdvanceTime for 0.250
00:00:00.300 otPlatMdnsSendMulticast(msg-len:106)
00:00:00.300    Query id:0 qt:0 t:0 rcode:0 [q:1 ans:0 auth:3 addn:0]
00:00:00.300    Question
00:00:00.300       myhost.local. ANY QM class:1
00:00:00.300    Authority
00:00:00.300       myhost.local. AAAA cls:1 ttl:5000 fd00:0:0:0:0:0:0:1
00:00:00.300       myhost.local. AAAA cls:1 ttl:5000 fd00:0:0:0:0:0:0:2
00:00:00.300       myhost.local. KEY cls:1 ttl:80000 data-len:8
00:00:00.501 AdvanceTime for 0.250
00:00:00.550 otPlatMdnsSendMulticast(msg-len:106)
00:00:00.550    Query id:0 qt:0 t:0 rcode:0 [q:1 ans:0 auth:3 addn:0]
00:00:00.550    Question
00:00:00.550       myhost.local. ANY QM class:1
00:00:00.550    Authority
00:00:00.550       myhost.local. AAAA cls:1 ttl:5000 fd00:0:0:0:0:0:0:1
00:00:00.550       myhost.local. AAAA cls:1 ttl:5000 fd00:0:0:0:0:0:0:2
00:00:00.550       myhost.local. KEY cls:1 ttl:80000 data-len:8
00:00:00.751 - - - - - - - - - - - - - - - - - - - - - - - - - - - - - - - - - - - - - - - - - - - - -
00:00:00.751 Validate Announces for both entry and key
00:00:00.751 AdvanceTime for 0.250
00:00:00.800 otPlatMdnsSendMulticast(msg-len:120)
00:00:00.800    Response id:0 qt:0 t:0 rcode:0 [q:0 ans:3 auth:0 addn:1]
00:00:00.800    Answer
00:00:00.800       myhost.local. AAAA cache-flush cls:1 ttl:5000 fd00:0:0:0:0:0:0:1
00:00:00.800       myhost.local. AAAA cache-flush cls:1 ttl:5000 fd00:0:0:0:0:0:0:2
00:00:00.800       myhost.local. KEY cache-flush cls:1 ttl:80000 data-len:8
00:00:00.800    Additional
00:00:00.800       myhost.local. NSEC cache-flush cls:1 ttl:4500 [ KEY AAAA ]
00:00:00.800 Register callback - ResuestId:1 Error:OK
00:00:00.800 Register callback - ResuestId:0 Error:OK
00:00:01.001 AdvanceTime for 1.000
00:00:01.800 otPlatMdnsSendMulticast(msg-len:120)
00:00:01.800    Response id:0 qt:0 t:0 rcode:0 [q:0 ans:3 auth:0 addn:1]
00:00:01.800    Answer
00:00:01.800       myhost.local. AAAA cache-flush cls:1 ttl:5000 fd00:0:0:0:0:0:0:1
00:00:01.800       myhost.local. AAAA cache-flush cls:1 ttl:5000 fd00:0:0:0:0:0:0:2
00:00:01.800       myhost.local. KEY cache-flush cls:1 ttl:80000 data-len:8
00:00:01.800    Additional
00:00:01.800       myhost.local. NSEC cache-flush cls:1 ttl:4500 [ KEY AAAA ]
00:00:02.001 AdvanceTime for 2.000
00:00:03.800 otPlatMdnsSendMulticast(msg-len:120)
00:00:03.800    Response id:0 qt:0 t:0 rcode:0 [q:0 ans:3 auth:0 addn:1]
00:00:03.800    Answer
00:00:03.800       myhost.local. AAAA cache-flush cls:1 ttl:5000 fd00:0:0:0:0:0:0:1
00:00:03.800       myhost.local. AAAA cache-flush cls:1 ttl:5000 fd00:0:0:0:0:0:0:2
00:00:03.800       myhost.local. KEY cache-flush cls:1 ttl:80000 data-len:8
00:00:03.800    Additional
00:00:03.800       myhost.local. NSEC cache-flush cls:1 ttl:4500 [ KEY AAAA ]
00:00:04.001 - - - - - - - - - - - - - - - - - - - - - - - - - - - - - - - - - - - - - - - - - - - - -
00:00:04.001 Unregister the entry and validate its goodbye announces
00:00:04.001 AdvanceTime for 0.000
00:00:04.001 otPlatMdnsSendMulticast(msg-len:100)
00:00:04.001    Response id:0 qt:0 t:0 rcode:0 [q:0 ans:2 auth:0 addn:1]
00:00:04.001    Answer
00:00:04.001       myhost.local. AAAA cache-flush cls:1 ttl:0 fd00:0:0:0:0:0:0:1
00:00:04.001       myhost.local. AAAA cache-flush cls:1 ttl:0 fd00:0:0:0:0:0:0:2
00:00:04.001    Additional
00:00:04.001       myhost.local. NSEC cache-flush cls:1 ttl:4500 [ KEY ]
00:00:04.001 AdvanceTime for 1.000
00:00:05.001 otPlatMdnsSendMulticast(msg-len:100)
00:00:05.001    Response id:0 qt:0 t:0 rcode:0 [q:0 ans:2 auth:0 addn:1]
00:00:05.001    Answer
00:00:05.001       myhost.local. AAAA cache-flush cls:1 ttl:0 fd00:0:0:0:0:0:0:1
00:00:05.001       myhost.local. AAAA cache-flush cls:1 ttl:0 fd00:0:0:0:0:0:0:2
00:00:05.001    Additional
00:00:05.001       myhost.local. NSEC cache-flush cls:1 ttl:4500 [ KEY ]
00:00:05.001 AdvanceTime for 2.000
00:00:07.001 otPlatMdnsSendMulticast(msg-len:100)
00:00:07.001    Response id:0 qt:0 t:0 rcode:0 [q:0 ans:2 auth:0 addn:1]
00:00:07.001    Answer
00:00:07.001       myhost.local. AAAA cache-flush cls:1 ttl:0 fd00:0:0:0:0:0:0:1
00:00:07.001       myhost.local. AAAA cache-flush cls:1 ttl:0 fd00:0:0:0:0:0:0:2
00:00:07.001    Additional
00:00:07.001       myhost.local. NSEC cache-flush cls:1 ttl:4500 [ KEY ]
00:00:07.001 AdvanceTime for 15.000
00:00:22.001 - - - - - - - - - - - - - - - - - - - - - - - - - - - - - - - - - - - - - - - - - - - - -
00:00:22.001 Register the entry again, validate its announcements
00:00:22.001 AdvanceTime for 0.250
00:00:22.001 Register callback - ResuestId:2 Error:OK
00:00:22.001 otPlatMdnsSendMulticast(msg-len:100)
00:00:22.001    Response id:0 qt:0 t:0 rcode:0 [q:0 ans:2 auth:0 addn:1]
00:00:22.001    Answer
00:00:22.001       myhost.local. AAAA cache-flush cls:1 ttl:5000 fd00:0:0:0:0:0:0:1
00:00:22.001       myhost.local. AAAA cache-flush cls:1 ttl:5000 fd00:0:0:0:0:0:0:2
00:00:22.001    Additional
00:00:22.001       myhost.local. NSEC cache-flush cls:1 ttl:4500 [ KEY AAAA ]
00:00:22.251 AdvanceTime for 1.000
00:00:23.001 otPlatMdnsSendMulticast(msg-len:100)
00:00:23.001    Response id:0 qt:0 t:0 rcode:0 [q:0 ans:2 auth:0 addn:1]
00:00:23.001    Answer
00:00:23.001       myhost.local. AAAA cache-flush cls:1 ttl:5000 fd00:0:0:0:0:0:0:1
00:00:23.001       myhost.local. AAAA cache-flush cls:1 ttl:5000 fd00:0:0:0:0:0:0:2
00:00:23.001    Additional
00:00:23.001       myhost.local. NSEC cache-flush cls:1 ttl:4500 [ KEY AAAA ]
00:00:23.251 AdvanceTime for 2.000
00:00:25.001 otPlatMdnsSendMulticast(msg-len:100)
00:00:25.001    Response id:0 qt:0 t:0 rcode:0 [q:0 ans:2 auth:0 addn:1]
00:00:25.001    Answer
00:00:25.001       myhost.local. AAAA cache-flush cls:1 ttl:5000 fd00:0:0:0:0:0:0:1
00:00:25.001       myhost.local. AAAA cache-flush cls:1 ttl:5000 fd00:0:0:0:0:0:0:2
00:00:25.001    Additional
00:00:25.001       myhost.local. NSEC cache-flush cls:1 ttl:4500 [ KEY AAAA ]
00:00:25.251 - - - - - - - - - - - - - - - - - - - - - - - - - - - - - - - - - - - - - - - - - - - - -
00:00:25.251 Unregister the key and validate its goodbye announcements
00:00:25.251 AdvanceTime for 0.000
00:00:25.251 otPlatMdnsSendMulticast(msg-len:64)
00:00:25.251    Response id:0 qt:0 t:0 rcode:0 [q:0 ans:1 auth:0 addn:1]
00:00:25.251    Answer
00:00:25.251       myhost.local. KEY cache-flush cls:1 ttl:0 data-len:8
00:00:25.251    Additional
00:00:25.251       myhost.local. NSEC cache-flush cls:1 ttl:4500 [ AAAA ]
00:00:25.251 AdvanceTime for 1.000
00:00:26.251 otPlatMdnsSendMulticast(msg-len:64)
00:00:26.251    Response id:0 qt:0 t:0 rcode:0 [q:0 ans:1 auth:0 addn:1]
00:00:26.251    Answer
00:00:26.251       myhost.local. KEY cache-flush cls:1 ttl:0 data-len:8
00:00:26.251    Additional
00:00:26.251       myhost.local. NSEC cache-flush cls:1 ttl:4500 [ AAAA ]
00:00:26.251 AdvanceTime for 2.000
00:00:28.251 otPlatMdnsSendMulticast(msg-len:64)
00:00:28.251    Response id:0 qt:0 t:0 rcode:0 [q:0 ans:1 auth:0 addn:1]
00:00:28.251    Answer
00:00:28.251       myhost.local. KEY cache-flush cls:1 ttl:0 data-len:8
00:00:28.251    Additional
00:00:28.251       myhost.local. NSEC cache-flush cls:1 ttl:4500 [ AAAA ]
00:00:28.251 - - - - - - - - - - - - - - - - - - - - - - - - - - - - - - - - - - - - - - - - - - - - -
00:00:28.251 Register the key again, validate its announcements
00:00:28.251 AdvanceTime for 0.250
00:00:28.251 Register callback - ResuestId:3 Error:OK
00:00:28.251 otPlatMdnsSendMulticast(msg-len:64)
00:00:28.251    Response id:0 qt:0 t:0 rcode:0 [q:0 ans:1 auth:0 addn:1]
00:00:28.251    Answer
00:00:28.251       myhost.local. KEY cache-flush cls:1 ttl:80000 data-len:8
00:00:28.251    Additional
00:00:28.251       myhost.local. NSEC cache-flush cls:1 ttl:4500 [ KEY AAAA ]
00:00:28.501 AdvanceTime for 1.000
00:00:29.251 otPlatMdnsSendMulticast(msg-len:64)
00:00:29.251    Response id:0 qt:0 t:0 rcode:0 [q:0 ans:1 auth:0 addn:1]
00:00:29.251    Answer
00:00:29.251       myhost.local. KEY cache-flush cls:1 ttl:80000 data-len:8
00:00:29.251    Additional
00:00:29.251       myhost.local. NSEC cache-flush cls:1 ttl:4500 [ KEY AAAA ]
00:00:29.501 AdvanceTime for 2.000
00:00:31.251 otPlatMdnsSendMulticast(msg-len:64)
00:00:31.251    Response id:0 qt:0 t:0 rcode:0 [q:0 ans:1 auth:0 addn:1]
00:00:31.251    Answer
00:00:31.251       myhost.local. KEY cache-flush cls:1 ttl:80000 data-len:8
00:00:31.251    Additional
00:00:31.251       myhost.local. NSEC cache-flush cls:1 ttl:4500 [ KEY AAAA ]
00:00:31.501 AdvanceTime for 15.000
00:00:46.501 - - - - - - - - - - - - - - - - - - - - - - - - - - - - - - - - - - - - - - - - - - - - -
00:00:46.501 Unregister key first, validate two of its goodbye announcements
00:00:46.501 AdvanceTime for 0.001
00:00:46.501 otPlatMdnsSendMulticast(msg-len:64)
00:00:46.501    Response id:0 qt:0 t:0 rcode:0 [q:0 ans:1 auth:0 addn:1]
00:00:46.501    Answer
00:00:46.501       myhost.local. KEY cache-flush cls:1 ttl:0 data-len:8
00:00:46.501    Additional
00:00:46.501       myhost.local. NSEC cache-flush cls:1 ttl:4500 [ AAAA ]
00:00:46.502 AdvanceTime for 1.000
00:00:47.501 otPlatMdnsSendMulticast(msg-len:64)
00:00:47.501    Response id:0 qt:0 t:0 rcode:0 [q:0 ans:1 auth:0 addn:1]
00:00:47.501    Answer
00:00:47.501       myhost.local. KEY cache-flush cls:1 ttl:0 data-len:8
00:00:47.501    Additional
00:00:47.501       myhost.local. NSEC cache-flush cls:1 ttl:4500 [ AAAA ]
00:00:47.502 Unregister entry as well
00:00:47.502 AdvanceTime for 15.000
00:00:47.502 otPlatMdnsSendMulticast(msg-len:80)
00:00:47.502    Response id:0 qt:0 t:0 rcode:0 [q:0 ans:2 auth:0 addn:0]
00:00:47.502    Answer
00:00:47.502       myhost.local. AAAA cache-flush cls:1 ttl:0 fd00:0:0:0:0:0:0:1
00:00:47.502       myhost.local. AAAA cache-flush cls:1 ttl:0 fd00:0:0:0:0:0:0:2
00:00:48.502 otPlatMdnsSendMulticast(msg-len:80)
00:00:48.502    Response id:0 qt:0 t:0 rcode:0 [q:0 ans:2 auth:0 addn:0]
00:00:48.502    Answer
00:00:48.502       myhost.local. AAAA cache-flush cls:1 ttl:0 fd00:0:0:0:0:0:0:1
00:00:48.502       myhost.local. AAAA cache-flush cls:1 ttl:0 fd00:0:0:0:0:0:0:2
00:00:49.501 otPlatMdnsSendMulticast(msg-len:44)
00:00:49.501    Response id:0 qt:0 t:0 rcode:0 [q:0 ans:1 auth:0 addn:0]
00:00:49.501    Answer
00:00:49.501       myhost.local. KEY cache-flush cls:1 ttl:0 data-len:8
00:00:50.502 otPlatMdnsSendMulticast(msg-len:80)
00:00:50.502    Response id:0 qt:0 t:0 rcode:0 [q:0 ans:2 auth:0 addn:0]
00:00:50.502    Answer
00:00:50.502       myhost.local. AAAA cache-flush cls:1 ttl:0 fd00:0:0:0:0:0:0:1
00:00:50.502       myhost.local. AAAA cache-flush cls:1 ttl:0 fd00:0:0:0:0:0:0:2
00:01:02.502 AdvanceTime for 15.000
00:01:17.502 - - - - - - - - - - - - - - - - - - - - - - - - - - - - - - - - - - - - - - - - - - - - -
00:01:17.502 Register a service entry, check the first probe is sent
00:01:17.502 AdvanceTime for 0.250
00:01:17.701 otPlatMdnsSendMulticast(msg-len:87)
00:01:17.701    Query id:0 qt:0 t:0 rcode:0 [q:1 ans:0 auth:2 addn:0]
00:01:17.701    Question
00:01:17.701       myservice._srv._udp.local. ANY QU class:1
00:01:17.701    Authority
00:01:17.701       myservice._srv._udp.local. SRV cls:1 ttl:1000 port:1234 w:2 prio:1 host:myhost.local.
00:01:17.701       myservice._srv._udp.local. TXT cls:1 ttl:1000 data-len:5
00:01:17.752 - - - - - - - - - - - - - - - - - - - - - - - - - - - - - - - - - - - - - - - - - - - - -
00:01:17.752 Register a `KeyEntry` for same name, check that probes continue
00:01:17.752 AdvanceTime for 0.250
00:01:17.951 otPlatMdnsSendMulticast(msg-len:107)
00:01:17.951    Query id:0 qt:0 t:0 rcode:0 [q:1 ans:0 auth:3 addn:0]
00:01:17.951    Question
00:01:17.951       myservice._srv._udp.local. ANY QM class:1
00:01:17.951    Authority
00:01:17.951       myservice._srv._udp.local. SRV cls:1 ttl:1000 port:1234 w:2 prio:1 host:myhost.local.
00:01:17.951       myservice._srv._udp.local. TXT cls:1 ttl:1000 data-len:5
00:01:17.951       myservice._srv._udp.local. KEY cls:1 ttl:80000 data-len:8
00:01:18.002 AdvanceTime for 0.250
00:01:18.201 otPlatMdnsSendMulticast(msg-len:107)
00:01:18.201    Query id:0 qt:0 t:0 rcode:0 [q:1 ans:0 auth:3 addn:0]
00:01:18.201    Question
00:01:18.201       myservice._srv._udp.local. ANY QM class:1
00:01:18.201    Authority
00:01:18.201       myservice._srv._udp.local. SRV cls:1 ttl:1000 port:1234 w:2 prio:1 host:myhost.local.
00:01:18.201       myservice._srv._udp.local. TXT cls:1 ttl:1000 data-len:5
00:01:18.201       myservice._srv._udp.local. KEY cls:1 ttl:80000 data-len:8
00:01:18.252 - - - - - - - - - - - - - - - - - - - - - - - - - - - - - - - - - - - - - - - - - - - - -
00:01:18.252 Validate Announces for both entry and key
00:01:18.252 AdvanceTime for 0.250
00:01:18.451 otPlatMdnsSendMulticast(msg-len:173)
00:01:18.451    Response id:0 qt:0 t:0 rcode:0 [q:0 ans:5 auth:0 addn:1]
00:01:18.451    Answer
00:01:18.451       _srv._udp.local. PTR cls:1 ttl:1000 myservice._srv._udp.local.
00:01:18.451       myservice._srv._udp.local. SRV cache-flush cls:1 ttl:1000 port:1234 w:2 prio:1 host:myhost.local.
00:01:18.451       myservice._srv._udp.local. TXT cache-flush cls:1 ttl:1000 data-len:5
00:01:18.451       myservice._srv._udp.local. KEY cache-flush cls:1 ttl:80000 data-len:8
00:01:18.451       _services._dns-sd._udp.local. PTR cls:1 ttl:4500 _srv._udp.local.
00:01:18.451    Additional
00:01:18.451       myservice._srv._udp.local. NSEC cache-flush cls:1 ttl:4500 [ TXT KEY SRV ]
00:01:18.451 Register callback - ResuestId:1 Error:OK
00:01:18.451 Register callback - ResuestId:0 Error:OK
00:01:18.502 AdvanceTime for 1.000
00:01:19.451 otPlatMdnsSendMulticast(msg-len:173)
00:01:19.451    Response id:0 qt:0 t:0 rcode:0 [q:0 ans:5 auth:0 addn:1]
00:01:19.451    Answer
00:01:19.451       _srv._udp.local. PTR cls:1 ttl:1000 myservice._srv._udp.local.
00:01:19.451       myservice._srv._udp.local. SRV cache-flush cls:1 ttl:1000 port:1234 w:2 prio:1 host:myhost.local.
00:01:19.451       myservice._srv._udp.local. TXT cache-flush cls:1 ttl:1000 data-len:5
00:01:19.451       myservice._srv._udp.local. KEY cache-flush cls:1 ttl:80000 data-len:8
00:01:19.451       _services._dns-sd._udp.local. PTR cls:1 ttl:4500 _srv._udp.local.
00:01:19.451    Additional
00:01:19.451       myservice._srv._udp.local. NSEC cache-flush cls:1 ttl:4500 [ TXT KEY SRV ]
00:01:19.502 AdvanceTime for 2.000
00:01:21.451 otPlatMdnsSendMulticast(msg-len:173)
00:01:21.451    Response id:0 qt:0 t:0 rcode:0 [q:0 ans:5 auth:0 addn:1]
00:01:21.451    Answer
00:01:21.451       _srv._udp.local. PTR cls:1 ttl:1000 myservice._srv._udp.local.
00:01:21.451       myservice._srv._udp.local. SRV cache-flush cls:1 ttl:1000 port:1234 w:2 prio:1 host:myhost.local.
00:01:21.451       myservice._srv._udp.local. TXT cache-flush cls:1 ttl:1000 data-len:5
00:01:21.451       myservice._srv._udp.local. KEY cache-flush cls:1 ttl:80000 data-len:8
00:01:21.451       _services._dns-sd._udp.local. PTR cls:1 ttl:4500 _srv._udp.local.
00:01:21.451    Additional
00:01:21.451       myservice._srv._udp.local. NSEC cache-flush cls:1 ttl:4500 [ TXT KEY SRV ]
00:01:21.502 - - - - - - - - - - - - - - - - - - - - - - - - - - - - - - - - - - - - - - - - - - - - -
00:01:21.502 Unregister the entry and validate its goodbye announces
00:01:21.502 AdvanceTime for 0.000
00:01:21.502 otPlatMdnsSendMulticast(msg-len:115)
00:01:21.502    Response id:0 qt:0 t:0 rcode:0 [q:0 ans:3 auth:0 addn:1]
00:01:21.502    Answer
00:01:21.502       _srv._udp.local. PTR cls:1 ttl:0 myservice._srv._udp.local.
00:01:21.502       myservice._srv._udp.local. SRV cache-flush cls:1 ttl:0 port:1234 w:2 prio:1 host:myhost.local.
00:01:21.502       myservice._srv._udp.local. TXT cache-flush cls:1 ttl:0 data-len:5
00:01:21.502    Additional
00:01:21.502       myservice._srv._udp.local. NSEC cache-flush cls:1 ttl:4500 [ KEY ]
00:01:21.502 AdvanceTime for 1.000
00:01:22.502 otPlatMdnsSendMulticast(msg-len:115)
00:01:22.502    Response id:0 qt:0 t:0 rcode:0 [q:0 ans:3 auth:0 addn:1]
00:01:22.502    Answer
00:01:22.502       _srv._udp.local. PTR cls:1 ttl:0 myservice._srv._udp.local.
00:01:22.502       myservice._srv._udp.local. SRV cache-flush cls:1 ttl:0 port:1234 w:2 prio:1 host:myhost.local.
00:01:22.502       myservice._srv._udp.local. TXT cache-flush cls:1 ttl:0 data-len:5
00:01:22.502    Additional
00:01:22.502       myservice._srv._udp.local. NSEC cache-flush cls:1 ttl:4500 [ KEY ]
00:01:22.502 AdvanceTime for 2.000
00:01:24.502 otPlatMdnsSendMulticast(msg-len:115)
00:01:24.502    Response id:0 qt:0 t:0 rcode:0 [q:0 ans:3 auth:0 addn:1]
00:01:24.502    Answer
00:01:24.502       _srv._udp.local. PTR cls:1 ttl:0 myservice._srv._udp.local.
00:01:24.502       myservice._srv._udp.local. SRV cache-flush cls:1 ttl:0 port:1234 w:2 prio:1 host:myhost.local.
00:01:24.502       myservice._srv._udp.local. TXT cache-flush cls:1 ttl:0 data-len:5
00:01:24.502    Additional
00:01:24.502       myservice._srv._udp.local. NSEC cache-flush cls:1 ttl:4500 [ KEY ]
00:01:24.502 AdvanceTime for 15.000
00:01:39.502 - - - - - - - - - - - - - - - - - - - - - - - - - - - - - - - - - - - - - - - - - - - - -
00:01:39.502 Register the entry again, validate its announcements
00:01:39.502 AdvanceTime for 0.250
00:01:39.502 Register callback - ResuestId:2 Error:OK
00:01:39.502 otPlatMdnsSendMulticast(msg-len:153)
00:01:39.502    Response id:0 qt:0 t:0 rcode:0 [q:0 ans:4 auth:0 addn:1]
00:01:39.502    Answer
00:01:39.502       _srv._udp.local. PTR cls:1 ttl:1000 myservice._srv._udp.local.
00:01:39.502       myservice._srv._udp.local. SRV cache-flush cls:1 ttl:1000 port:1234 w:2 prio:1 host:myhost.local.
00:01:39.502       myservice._srv._udp.local. TXT cache-flush cls:1 ttl:1000 data-len:5
00:01:39.502       _services._dns-sd._udp.local. PTR cls:1 ttl:4500 _srv._udp.local.
00:01:39.502    Additional
00:01:39.502       myservice._srv._udp.local. NSEC cache-flush cls:1 ttl:4500 [ TXT KEY SRV ]
00:01:39.752 AdvanceTime for 1.000
00:01:40.502 otPlatMdnsSendMulticast(msg-len:153)
00:01:40.502    Response id:0 qt:0 t:0 rcode:0 [q:0 ans:4 auth:0 addn:1]
00:01:40.502    Answer
00:01:40.502       _srv._udp.local. PTR cls:1 ttl:1000 myservice._srv._udp.local.
00:01:40.502       myservice._srv._udp.local. SRV cache-flush cls:1 ttl:1000 port:1234 w:2 prio:1 host:myhost.local.
00:01:40.502       myservice._srv._udp.local. TXT cache-flush cls:1 ttl:1000 data-len:5
00:01:40.502       _services._dns-sd._udp.local. PTR cls:1 ttl:4500 _srv._udp.local.
00:01:40.502    Additional
00:01:40.502       myservice._srv._udp.local. NSEC cache-flush cls:1 ttl:4500 [ TXT KEY SRV ]
00:01:40.752 AdvanceTime for 2.000
00:01:42.502 otPlatMdnsSendMulticast(msg-len:153)
00:01:42.502    Response id:0 qt:0 t:0 rcode:0 [q:0 ans:4 auth:0 addn:1]
00:01:42.502    Answer
00:01:42.502       _srv._udp.local. PTR cls:1 ttl:1000 myservice._srv._udp.local.
00:01:42.502       myservice._srv._udp.local. SRV cache-flush cls:1 ttl:1000 port:1234 w:2 prio:1 host:myhost.local.
00:01:42.502       myservice._srv._udp.local. TXT cache-flush cls:1 ttl:1000 data-len:5
00:01:42.502       _services._dns-sd._udp.local. PTR cls:1 ttl:4500 _srv._udp.local.
00:01:42.502    Additional
00:01:42.502       myservice._srv._udp.local. NSEC cache-flush cls:1 ttl:4500 [ TXT KEY SRV ]
00:01:42.752 - - - - - - - - - - - - - - - - - - - - - - - - - - - - - - - - - - - - - - - - - - - - -
00:01:42.752 Unregister the key and validate its goodbye announcements
00:01:42.752 AdvanceTime for 0.000
00:01:42.752 otPlatMdnsSendMulticast(msg-len:78)
00:01:42.752    Response id:0 qt:0 t:0 rcode:0 [q:0 ans:1 auth:0 addn:1]
00:01:42.752    Answer
00:01:42.752       myservice._srv._udp.local. KEY cache-flush cls:1 ttl:0 data-len:8
00:01:42.752    Additional
00:01:42.752       myservice._srv._udp.local. NSEC cache-flush cls:1 ttl:4500 [ TXT SRV ]
00:01:42.752 AdvanceTime for 1.000
00:01:43.752 otPlatMdnsSendMulticast(msg-len:78)
00:01:43.752    Response id:0 qt:0 t:0 rcode:0 [q:0 ans:1 auth:0 addn:1]
00:01:43.752    Answer
00:01:43.752       myservice._srv._udp.local. KEY cache-flush cls:1 ttl:0 data-len:8
00:01:43.752    Additional
00:01:43.752       myservice._srv._udp.local. NSEC cache-flush cls:1 ttl:4500 [ TXT SRV ]
00:01:43.752 AdvanceTime for 2.000
00:01:45.752 otPlatMdnsSendMulticast(msg-len:78)
00:01:45.752    Response id:0 qt:0 t:0 rcode:0 [q:0 ans:1 auth:0 addn:1]
00:01:45.752    Answer
00:01:45.752       myservice._srv._udp.local. KEY cache-flush cls:1 ttl:0 data-len:8
00:01:45.752    Additional
00:01:45.752       myservice._srv._udp.local. NSEC cache-flush cls:1 ttl:4500 [ TXT SRV ]
00:01:45.752 - - - - - - - - - - - - - - - - - - - - - - - - - - - - - - - - - - - - - - - - - - - - -
00:01:45.752 Register the key again, validate its announcements
00:01:45.752 AdvanceTime for 0.250
00:01:45.752 Register callback - ResuestId:3 Error:OK
00:01:45.752 otPlatMdnsSendMulticast(msg-len:78)
00:01:45.752    Response id:0 qt:0 t:0 rcode:0 [q:0 ans:1 auth:0 addn:1]
00:01:45.752    Answer
00:01:45.752       myservice._srv._udp.local. KEY cache-flush cls:1 ttl:80000 data-len:8
00:01:45.752    Additional
00:01:45.752       myservice._srv._udp.local. NSEC cache-flush cls:1 ttl:4500 [ TXT KEY SRV ]
00:01:46.002 AdvanceTime for 1.000
00:01:46.752 otPlatMdnsSendMulticast(msg-len:78)
00:01:46.752    Response id:0 qt:0 t:0 rcode:0 [q:0 ans:1 auth:0 addn:1]
00:01:46.752    Answer
00:01:46.752       myservice._srv._udp.local. KEY cache-flush cls:1 ttl:80000 data-len:8
00:01:46.752    Additional
00:01:46.752       myservice._srv._udp.local. NSEC cache-flush cls:1 ttl:4500 [ TXT KEY SRV ]
00:01:47.002 AdvanceTime for 2.000
00:01:48.752 otPlatMdnsSendMulticast(msg-len:78)
00:01:48.752    Response id:0 qt:0 t:0 rcode:0 [q:0 ans:1 auth:0 addn:1]
00:01:48.752    Answer
00:01:48.752       myservice._srv._udp.local. KEY cache-flush cls:1 ttl:80000 data-len:8
00:01:48.752    Additional
00:01:48.752       myservice._srv._udp.local. NSEC cache-flush cls:1 ttl:4500 [ TXT KEY SRV ]
00:01:49.002 AdvanceTime for 15.000
00:02:04.002 - - - - - - - - - - - - - - - - - - - - - - - - - - - - - - - - - - - - - - - - - - - - -
00:02:04.002 Unregister key first, validate two of its goodbye announcements
00:02:04.002 AdvanceTime for 0.001
00:02:04.002 otPlatMdnsSendMulticast(msg-len:78)
00:02:04.002    Response id:0 qt:0 t:0 rcode:0 [q:0 ans:1 auth:0 addn:1]
00:02:04.002    Answer
00:02:04.002       myservice._srv._udp.local. KEY cache-flush cls:1 ttl:0 data-len:8
00:02:04.002    Additional
00:02:04.002       myservice._srv._udp.local. NSEC cache-flush cls:1 ttl:4500 [ TXT SRV ]
00:02:04.003 AdvanceTime for 1.000
00:02:05.002 otPlatMdnsSendMulticast(msg-len:78)
00:02:05.002    Response id:0 qt:0 t:0 rcode:0 [q:0 ans:1 auth:0 addn:1]
00:02:05.002    Answer
00:02:05.002       myservice._srv._udp.local. KEY cache-flush cls:1 ttl:0 data-len:8
00:02:05.002    Additional
00:02:05.002       myservice._srv._udp.local. NSEC cache-flush cls:1 ttl:4500 [ TXT SRV ]
00:02:05.003 Unregister entry as well
00:02:05.003 AdvanceTime for 15.000
00:02:05.003 otPlatMdnsSendMulticast(msg-len:95)
00:02:05.003    Response id:0 qt:0 t:0 rcode:0 [q:0 ans:3 auth:0 addn:0]
00:02:05.003    Answer
00:02:05.003       _srv._udp.local. PTR cls:1 ttl:0 myservice._srv._udp.local.
00:02:05.003       myservice._srv._udp.local. SRV cache-flush cls:1 ttl:0 port:1234 w:2 prio:1 host:myhost.local.
00:02:05.003       myservice._srv._udp.local. TXT cache-flush cls:1 ttl:0 data-len:5
00:02:06.003 otPlatMdnsSendMulticast(msg-len:95)
00:02:06.003    Response id:0 qt:0 t:0 rcode:0 [q:0 ans:3 auth:0 addn:0]
00:02:06.003    Answer
00:02:06.003       _srv._udp.local. PTR cls:1 ttl:0 myservice._srv._udp.local.
00:02:06.003       myservice._srv._udp.local. SRV cache-flush cls:1 ttl:0 port:1234 w:2 prio:1 host:myhost.local.
00:02:06.003       myservice._srv._udp.local. TXT cache-flush cls:1 ttl:0 data-len:5
00:02:07.002 otPlatMdnsSendMulticast(msg-len:57)
00:02:07.002    Response id:0 qt:0 t:0 rcode:0 [q:0 ans:1 auth:0 addn:0]
00:02:07.002    Answer
00:02:07.002       myservice._srv._udp.local. KEY cache-flush cls:1 ttl:0 data-len:8
00:02:08.003 otPlatMdnsSendMulticast(msg-len:95)
00:02:08.003    Response id:0 qt:0 t:0 rcode:0 [q:0 ans:3 auth:0 addn:0]
00:02:08.003    Answer
00:02:08.003       _srv._udp.local. PTR cls:1 ttl:0 myservice._srv._udp.local.
00:02:08.003       myservice._srv._udp.local. SRV cache-flush cls:1 ttl:0 port:1234 w:2 prio:1 host:myhost.local.
00:02:08.003       myservice._srv._udp.local. TXT cache-flush cls:1 ttl:0 data-len:5
00:02:20.003 AdvanceTime for 15.000
00:02:35.003 otPlatMdnsSetListeningEnabled(false)
00:02:35.003 End of test
00:00:00.000 -------------------------------------------------------------------------------------------
00:00:00.000 TestQuery
00:00:00.000 AdvanceTime for 0.001
00:00:00.001 otPlatMdnsSetListeningEnabled(true)
00:00:00.001 - - - - - - - - - - - - - - - - - - - - - - - - - - - - - - - - - - - - - - - - - - - - -
00:00:00.001 Register 2 hosts and 3 services and 2 keys
00:00:00.001 - - - - - - - - - - - - - - - - - - - - - - - - - - - - - - - - - - - - - - - - - - - - -
00:00:00.001 Validate probes for all entries
00:00:00.001 AdvanceTime for 0.250
00:00:00.156 otPlatMdnsSendMulticast(msg-len:379)
00:00:00.156    Query id:0 qt:0 t:0 rcode:0 [q:5 ans:0 auth:13 addn:0]
00:00:00.156    Question
00:00:00.156       host2.local. ANY QU class:1
00:00:00.156       host1.local. ANY QU class:1
00:00:00.156       srv3._srv._udp.local. ANY QU class:1
00:00:00.156       srv2._tst._tcp.local. ANY QU class:1
00:00:00.156       srv1._srv._udp.local. ANY QU class:1
00:00:00.156    Authority
00:00:00.156       host2.local. AAAA cls:1 ttl:1500 fd00:0:0:0:0:0:2:eeee
00:00:00.156       host2.local. AAAA cls:1 ttl:1500 fd00:0:0:0:0:0:2:ffff
00:00:00.156       host2.local. KEY cls:1 ttl:8000 data-len:8
00:00:00.156       host1.local. AAAA cls:1 ttl:1500 fd00:0:0:0:0:0:1:aaaa
00:00:00.156       host1.local. AAAA cls:1 ttl:1500 fd00:0:0:0:0:0:1:bbbb
00:00:00.156       host1.local. AAAA cls:1 ttl:1500 fd00:0:0:0:0:0:1:cccc
00:00:00.156       srv3._srv._udp.local. SRV cls:1 ttl:1500 port:3333 w:3 prio:3 host:host2.local.
00:00:00.156       srv3._srv._udp.local. TXT cls:1 ttl:1500 data-len:3
00:00:00.156       srv3._srv._udp.local. KEY cls:1 ttl:8000 data-len:8
00:00:00.156       srv2._tst._tcp.local. SRV cls:1 ttl:1500 port:2222 w:2 prio:2 host:host1.local.
00:00:00.156       srv2._tst._tcp.local. TXT cls:1 ttl:1500 data-len:1
00:00:00.156       srv1._srv._udp.local. SRV cls:1 ttl:1500 port:1111 w:0 prio:0 host:host1.local.
00:00:00.156       srv1._srv._udp.local. TXT cls:1 ttl:1500 data-len:5
00:00:00.251 AdvanceTime for 0.250
00:00:00.406 otPlatMdnsSendMulticast(msg-len:379)
00:00:00.406    Query id:0 qt:0 t:0 rcode:0 [q:5 ans:0 auth:13 addn:0]
00:00:00.406    Question
00:00:00.406       host2.local. ANY QM class:1
00:00:00.406       host1.local. ANY QM class:1
00:00:00.406       srv3._srv._udp.local. ANY QM class:1
00:00:00.406       srv2._tst._tcp.local. ANY QM class:1
00:00:00.406       srv1._srv._udp.local. ANY QM class:1
00:00:00.406    Authority
00:00:00.406       host2.local. AAAA cls:1 ttl:1500 fd00:0:0:0:0:0:2:eeee
00:00:00.406       host2.local. AAAA cls:1 ttl:1500 fd00:0:0:0:0:0:2:ffff
00:00:00.406       host2.local. KEY cls:1 ttl:8000 data-len:8
00:00:00.406       host1.local. AAAA cls:1 ttl:1500 fd00:0:0:0:0:0:1:aaaa
00:00:00.406       host1.local. AAAA cls:1 ttl:1500 fd00:0:0:0:0:0:1:bbbb
00:00:00.406       host1.local. AAAA cls:1 ttl:1500 fd00:0:0:0:0:0:1:cccc
00:00:00.406       srv3._srv._udp.local. SRV cls:1 ttl:1500 port:3333 w:3 prio:3 host:host2.local.
00:00:00.406       srv3._srv._udp.local. TXT cls:1 ttl:1500 data-len:3
00:00:00.406       srv3._srv._udp.local. KEY cls:1 ttl:8000 data-len:8
00:00:00.406       srv2._tst._tcp.local. SRV cls:1 ttl:1500 port:2222 w:2 prio:2 host:host1.local.
00:00:00.406       srv2._tst._tcp.local. TXT cls:1 ttl:1500 data-len:1
00:00:00.406       srv1._srv._udp.local. SRV cls:1 ttl:1500 port:1111 w:0 prio:0 host:host1.local.
00:00:00.406       srv1._srv._udp.local. TXT cls:1 ttl:1500 data-len:5
00:00:00.501 AdvanceTime for 0.250
00:00:00.656 otPlatMdnsSendMulticast(msg-len:379)
00:00:00.656    Query id:0 qt:0 t:0 rcode:0 [q:5 ans:0 auth:13 addn:0]
00:00:00.656    Question
00:00:00.656       host2.local. ANY QM class:1
00:00:00.656       host1.local. ANY QM class:1
00:00:00.656       srv3._srv._udp.local. ANY QM class:1
00:00:00.656       srv2._tst._tcp.local. ANY QM class:1
00:00:00.656       srv1._srv._udp.local. ANY QM class:1
00:00:00.656    Authority
00:00:00.656       host2.local. AAAA cls:1 ttl:1500 fd00:0:0:0:0:0:2:eeee
00:00:00.656       host2.local. AAAA cls:1 ttl:1500 fd00:0:0:0:0:0:2:ffff
00:00:00.656       host2.local. KEY cls:1 ttl:8000 data-len:8
00:00:00.656       host1.local. AAAA cls:1 ttl:1500 fd00:0:0:0:0:0:1:aaaa
00:00:00.656       host1.local. AAAA cls:1 ttl:1500 fd00:0:0:0:0:0:1:bbbb
00:00:00.656       host1.local. AAAA cls:1 ttl:1500 fd00:0:0:0:0:0:1:cccc
00:00:00.656       srv3._srv._udp.local. SRV cls:1 ttl:1500 port:3333 w:3 prio:3 host:host2.local.
00:00:00.656       srv3._srv._udp.local. TXT cls:1 ttl:1500 data-len:3
00:00:00.656       srv3._srv._udp.local. KEY cls:1 ttl:8000 data-len:8
00:00:00.656       srv2._tst._tcp.local. SRV cls:1 ttl:1500 port:2222 w:2 prio:2 host:host1.local.
00:00:00.656       srv2._tst._tcp.local. TXT cls:1 ttl:1500 data-len:1
00:00:00.656       srv1._srv._udp.local. SRV cls:1 ttl:1500 port:1111 w:0 prio:0 host:host1.local.
00:00:00.656       srv1._srv._udp.local. TXT cls:1 ttl:1500 data-len:5
00:00:00.751 - - - - - - - - - - - - - - - - - - - - - - - - - - - - - - - - - - - - - - - - - - - - -
00:00:00.751 Validate announcements for all entries
00:00:00.751 AdvanceTime for 0.250
00:00:00.906 otPlatMdnsSendMulticast(msg-len:598)
00:00:00.906    Response id:0 qt:0 t:0 rcode:0 [q:0 ans:21 auth:0 addn:5]
00:00:00.906    Answer
00:00:00.906       host2.local. AAAA cache-flush cls:1 ttl:1500 fd00:0:0:0:0:0:2:eeee
00:00:00.906       host2.local. AAAA cache-flush cls:1 ttl:1500 fd00:0:0:0:0:0:2:ffff
00:00:00.906       host2.local. KEY cache-flush cls:1 ttl:8000 data-len:8
00:00:00.906       host1.local. AAAA cache-flush cls:1 ttl:1500 fd00:0:0:0:0:0:1:aaaa
00:00:00.906       host1.local. AAAA cache-flush cls:1 ttl:1500 fd00:0:0:0:0:0:1:bbbb
00:00:00.906       host1.local. AAAA cache-flush cls:1 ttl:1500 fd00:0:0:0:0:0:1:cccc
00:00:00.906       _srv._udp.local. PTR cls:1 ttl:1500 srv3._srv._udp.local.
00:00:00.906       _s._sub._srv._udp.local. PTR cls:1 ttl:1500 srv3._srv._udp.local.
00:00:00.906       srv3._srv._udp.local. SRV cache-flush cls:1 ttl:1500 port:3333 w:3 prio:3 host:host2.local.
00:00:00.906       srv3._srv._udp.local. TXT cache-flush cls:1 ttl:1500 data-len:3
00:00:00.906       srv3._srv._udp.local. KEY cache-flush cls:1 ttl:8000 data-len:8
00:00:00.906       _tst._tcp.local. PTR cls:1 ttl:1500 srv2._tst._tcp.local.
00:00:00.906       srv2._tst._tcp.local. SRV cache-flush cls:1 ttl:1500 port:2222 w:2 prio:2 host:host1.local.
00:00:00.906       srv2._tst._tcp.local. TXT cache-flush cls:1 ttl:1500 data-len:1
00:00:00.906       _srv._udp.local. PTR cls:1 ttl:1500 srv1._srv._udp.local.
00:00:00.906       _r._sub._srv._udp.local. PTR cls:1 ttl:1500 srv1._srv._udp.local.
00:00:00.906       _s._sub._srv._udp.local. PTR cls:1 ttl:1500 srv1._srv._udp.local.
00:00:00.906       srv1._srv._udp.local. SRV cache-flush cls:1 ttl:1500 port:1111 w:0 prio:0 host:host1.local.
00:00:00.906       srv1._srv._udp.local. TXT cache-flush cls:1 ttl:1500 data-len:5
00:00:00.906       _services._dns-sd._udp.local. PTR cls:1 ttl:4500 _tst._tcp.local.
00:00:00.906       _services._dns-sd._udp.local. PTR cls:1 ttl:4500 _srv._udp.local.
00:00:00.906    Additional
00:00:00.906       host2.local. NSEC cache-flush cls:1 ttl:4500 [ KEY AAAA ]
00:00:00.906       host1.local. NSEC cache-flush cls:1 ttl:4500 [ AAAA ]
00:00:00.906       srv3._srv._udp.local. NSEC cache-flush cls:1 ttl:4500 [ TXT KEY SRV ]
00:00:00.906       srv2._tst._tcp.local. NSEC cache-flush cls:1 ttl:4500 [ TXT SRV ]
00:00:00.906       srv1._srv._udp.local. NSEC cache-flush cls:1 ttl:4500 [ TXT SRV ]
00:00:00.906 Register callback - ResuestId:5 Error:OK
00:00:00.906 Register callback - ResuestId:1 Error:OK
00:00:00.906 Register callback - ResuestId:0 Error:OK
00:00:00.906 Register callback - ResuestId:6 Error:OK
00:00:00.906 Register callback - ResuestId:4 Error:OK
00:00:00.906 Register callback - ResuestId:3 Error:OK
00:00:00.906 Register callback - ResuestId:2 Error:OK
00:00:01.001 AdvanceTime for 1.000
00:00:01.906 otPlatMdnsSendMulticast(msg-len:598)
00:00:01.906    Response id:0 qt:0 t:0 rcode:0 [q:0 ans:21 auth:0 addn:5]
00:00:01.906    Answer
00:00:01.906       host2.local. AAAA cache-flush cls:1 ttl:1500 fd00:0:0:0:0:0:2:eeee
00:00:01.906       host2.local. AAAA cache-flush cls:1 ttl:1500 fd00:0:0:0:0:0:2:ffff
00:00:01.906       host2.local. KEY cache-flush cls:1 ttl:8000 data-len:8
00:00:01.906       host1.local. AAAA cache-flush cls:1 ttl:1500 fd00:0:0:0:0:0:1:aaaa
00:00:01.906       host1.local. AAAA cache-flush cls:1 ttl:1500 fd00:0:0:0:0:0:1:bbbb
00:00:01.906       host1.local. AAAA cache-flush cls:1 ttl:1500 fd00:0:0:0:0:0:1:cccc
00:00:01.906       _srv._udp.local. PTR cls:1 ttl:1500 srv3._srv._udp.local.
00:00:01.906       _s._sub._srv._udp.local. PTR cls:1 ttl:1500 srv3._srv._udp.local.
00:00:01.906       srv3._srv._udp.local. SRV cache-flush cls:1 ttl:1500 port:3333 w:3 prio:3 host:host2.local.
00:00:01.906       srv3._srv._udp.local. TXT cache-flush cls:1 ttl:1500 data-len:3
00:00:01.906       srv3._srv._udp.local. KEY cache-flush cls:1 ttl:8000 data-len:8
00:00:01.906       _tst._tcp.local. PTR cls:1 ttl:1500 srv2._tst._tcp.local.
00:00:01.906       srv2._tst._tcp.local. SRV cache-flush cls:1 ttl:1500 port:2222 w:2 prio:2 host:host1.local.
00:00:01.906       srv2._tst._tcp.local. TXT cache-flush cls:1 ttl:1500 data-len:1
00:00:01.906       _srv._udp.local. PTR cls:1 ttl:1500 srv1._srv._udp.local.
00:00:01.906       _r._sub._srv._udp.local. PTR cls:1 ttl:1500 srv1._srv._udp.local.
00:00:01.906       _s._sub._srv._udp.local. PTR cls:1 ttl:1500 srv1._srv._udp.local.
00:00:01.906       srv1._srv._udp.local. SRV cache-flush cls:1 ttl:1500 port:1111 w:0 prio:0 host:host1.local.
00:00:01.906       srv1._srv._udp.local. TXT cache-flush cls:1 ttl:1500 data-len:5
00:00:01.906       _services._dns-sd._udp.local. PTR cls:1 ttl:4500 _tst._tcp.local.
00:00:01.906       _services._dns-sd._udp.local. PTR cls:1 ttl:4500 _srv._udp.local.
00:00:01.906    Additional
00:00:01.906       host2.local. NSEC cache-flush cls:1 ttl:4500 [ KEY AAAA ]
00:00:01.906       host1.local. NSEC cache-flush cls:1 ttl:4500 [ AAAA ]
00:00:01.906       srv3._srv._udp.local. NSEC cache-flush cls:1 ttl:4500 [ TXT KEY SRV ]
00:00:01.906       srv2._tst._tcp.local. NSEC cache-flush cls:1 ttl:4500 [ TXT SRV ]
00:00:01.906       srv1._srv._udp.local. NSEC cache-flush cls:1 ttl:4500 [ TXT SRV ]
00:00:02.001 AdvanceTime for 2.000
00:00:03.906 otPlatMdnsSendMulticast(msg-len:598)
00:00:03.906    Response id:0 qt:0 t:0 rcode:0 [q:0 ans:21 auth:0 addn:5]
00:00:03.906    Answer
00:00:03.906       host2.local. AAAA cache-flush cls:1 ttl:1500 fd00:0:0:0:0:0:2:eeee
00:00:03.906       host2.local. AAAA cache-flush cls:1 ttl:1500 fd00:0:0:0:0:0:2:ffff
00:00:03.906       host2.local. KEY cache-flush cls:1 ttl:8000 data-len:8
00:00:03.906       host1.local. AAAA cache-flush cls:1 ttl:1500 fd00:0:0:0:0:0:1:aaaa
00:00:03.906       host1.local. AAAA cache-flush cls:1 ttl:1500 fd00:0:0:0:0:0:1:bbbb
00:00:03.906       host1.local. AAAA cache-flush cls:1 ttl:1500 fd00:0:0:0:0:0:1:cccc
00:00:03.906       _srv._udp.local. PTR cls:1 ttl:1500 srv3._srv._udp.local.
00:00:03.906       _s._sub._srv._udp.local. PTR cls:1 ttl:1500 srv3._srv._udp.local.
00:00:03.906       srv3._srv._udp.local. SRV cache-flush cls:1 ttl:1500 port:3333 w:3 prio:3 host:host2.local.
00:00:03.906       srv3._srv._udp.local. TXT cache-flush cls:1 ttl:1500 data-len:3
00:00:03.906       srv3._srv._udp.local. KEY cache-flush cls:1 ttl:8000 data-len:8
00:00:03.906       _tst._tcp.local. PTR cls:1 ttl:1500 srv2._tst._tcp.local.
00:00:03.906       srv2._tst._tcp.local. SRV cache-flush cls:1 ttl:1500 port:2222 w:2 prio:2 host:host1.local.
00:00:03.906       srv2._tst._tcp.local. TXT cache-flush cls:1 ttl:1500 data-len:1
00:00:03.906       _srv._udp.local. PTR cls:1 ttl:1500 srv1._srv._udp.local.
00:00:03.906       _r._sub._srv._udp.local. PTR cls:1 ttl:1500 srv1._srv._udp.local.
00:00:03.906       _s._sub._srv._udp.local. PTR cls:1 ttl:1500 srv1._srv._udp.local.
00:00:03.906       srv1._srv._udp.local. SRV cache-flush cls:1 ttl:1500 port:1111 w:0 prio:0 host:host1.local.
00:00:03.906       srv1._srv._udp.local. TXT cache-flush cls:1 ttl:1500 data-len:5
00:00:03.906       _services._dns-sd._udp.local. PTR cls:1 ttl:4500 _tst._tcp.local.
00:00:03.906       _services._dns-sd._udp.local. PTR cls:1 ttl:4500 _srv._udp.local.
00:00:03.906    Additional
00:00:03.906       host2.local. NSEC cache-flush cls:1 ttl:4500 [ KEY AAAA ]
00:00:03.906       host1.local. NSEC cache-flush cls:1 ttl:4500 [ AAAA ]
00:00:03.906       srv3._srv._udp.local. NSEC cache-flush cls:1 ttl:4500 [ TXT KEY SRV ]
00:00:03.906       srv2._tst._tcp.local. NSEC cache-flush cls:1 ttl:4500 [ TXT SRV ]
00:00:03.906       srv1._srv._udp.local. NSEC cache-flush cls:1 ttl:4500 [ TXT SRV ]
00:00:04.001 AdvanceTime for 15.000
00:00:19.001 - - - - - - - - - - - - - - - - - - - - - - - - - - - - - - - - - - - - - - - - - - - - -
00:00:19.001 Send a PTR query (browse) for `_srv._udp` and validate two answers and additional data
00:00:19.001 AdvanceTime for 2.000
00:00:21.001 Sending query for _srv._udp.local. PTR
00:00:21.001 AdvanceTime for 0.200
00:00:21.077 otPlatMdnsSendMulticast(msg-len:319)
00:00:21.077    Response id:0 qt:0 t:0 rcode:0 [q:0 ans:2 auth:0 addn:9]
00:00:21.077    Answer
00:00:21.077       _srv._udp.local. PTR cls:1 ttl:1500 srv3._srv._udp.local.
00:00:21.077       _srv._udp.local. PTR cls:1 ttl:1500 srv1._srv._udp.local.
00:00:21.077    Additional
00:00:21.077       srv3._srv._udp.local. SRV cache-flush cls:1 ttl:1500 port:3333 w:3 prio:3 host:host2.local.
00:00:21.077       srv3._srv._udp.local. TXT cache-flush cls:1 ttl:1500 data-len:3
00:00:21.077       host2.local. AAAA cache-flush cls:1 ttl:1500 fd00:0:0:0:0:0:2:eeee
00:00:21.077       host2.local. AAAA cache-flush cls:1 ttl:1500 fd00:0:0:0:0:0:2:ffff
00:00:21.077       srv1._srv._udp.local. SRV cache-flush cls:1 ttl:1500 port:1111 w:0 prio:0 host:host1.local.
00:00:21.077       srv1._srv._udp.local. TXT cache-flush cls:1 ttl:1500 data-len:5
00:00:21.077       host1.local. AAAA cache-flush cls:1 ttl:1500 fd00:0:0:0:0:0:1:aaaa
00:00:21.077       host1.local. AAAA cache-flush cls:1 ttl:1500 fd00:0:0:0:0:0:1:bbbb
00:00:21.077       host1.local. AAAA cache-flush cls:1 ttl:1500 fd00:0:0:0:0:0:1:cccc
00:00:21.201 - - - - - - - - - - - - - - - - - - - - - - - - - - - - - - - - - - - - - - - - - - - - -
00:00:21.201 Resend the same query but request a unicast response, validate the response
00:00:21.201 Sending query for _srv._udp.local. PTR
00:00:21.201 otPlatMdnsSendUnicast() - [fd01:0:0:0:0:0:0:1]:5353
00:00:21.201    Response id:0 qt:0 t:0 rcode:0 [q:0 ans:2 auth:0 addn:9]
00:00:21.201    Answer
00:00:21.201       _srv._udp.local. PTR cls:1 ttl:1500 srv3._srv._udp.local.
00:00:21.201       _srv._udp.local. PTR cls:1 ttl:1500 srv1._srv._udp.local.
00:00:21.201    Additional
00:00:21.201       srv3._srv._udp.local. SRV cache-flush cls:1 ttl:1500 port:3333 w:3 prio:3 host:host2.local.
00:00:21.201       srv3._srv._udp.local. TXT cache-flush cls:1 ttl:1500 data-len:3
00:00:21.201       host2.local. AAAA cache-flush cls:1 ttl:1500 fd00:0:0:0:0:0:2:eeee
00:00:21.201       host2.local. AAAA cache-flush cls:1 ttl:1500 fd00:0:0:0:0:0:2:ffff
00:00:21.201       srv1._srv._udp.local. SRV cache-flush cls:1 ttl:1500 port:1111 w:0 prio:0 host:host1.local.
00:00:21.201       srv1._srv._udp.local. TXT cache-flush cls:1 ttl:1500 data-len:5
00:00:21.201       host1.local. AAAA cache-flush cls:1 ttl:1500 fd00:0:0:0:0:0:1:aaaa
00:00:21.201       host1.local. AAAA cache-flush cls:1 ttl:1500 fd00:0:0:0:0:0:1:bbbb
00:00:21.201       host1.local. AAAA cache-flush cls:1 ttl:1500 fd00:0:0:0:0:0:1:cccc
00:00:21.201 otPlatMdnsSendUnicast() - unicast msg matches this device address, passing it back
00:00:21.201 AdvanceTime for 0.200
00:00:21.401 - - - - - - - - - - - - - - - - - - - - - - - - - - - - - - - - - - - - - - - - - - - - -
00:00:21.401 Resend the same multicast query and validate that response is not emitted (rate limit)
00:00:21.401 Sending query for _srv._udp.local. PTR
00:00:21.401 AdvanceTime for 1.000
00:00:22.401 - - - - - - - - - - - - - - - - - - - - - - - - - - - - - - - - - - - - - - - - - - - - -
00:00:22.401 Wait for > 1 second and resend the query and validate that now a response is emitted
00:00:22.401 Sending query for _srv._udp.local. PTR
00:00:22.401 AdvanceTime for 0.200
00:00:22.515 otPlatMdnsSendMulticast(msg-len:319)
00:00:22.515    Response id:0 qt:0 t:0 rcode:0 [q:0 ans:2 auth:0 addn:9]
00:00:22.515    Answer
00:00:22.515       _srv._udp.local. PTR cls:1 ttl:1500 srv3._srv._udp.local.
00:00:22.515       _srv._udp.local. PTR cls:1 ttl:1500 srv1._srv._udp.local.
00:00:22.515    Additional
00:00:22.515       srv3._srv._udp.local. SRV cache-flush cls:1 ttl:1500 port:3333 w:3 prio:3 host:host2.local.
00:00:22.515       srv3._srv._udp.local. TXT cache-flush cls:1 ttl:1500 data-len:3
00:00:22.515       host2.local. AAAA cache-flush cls:1 ttl:1500 fd00:0:0:0:0:0:2:eeee
00:00:22.515       host2.local. AAAA cache-flush cls:1 ttl:1500 fd00:0:0:0:0:0:2:ffff
00:00:22.515       srv1._srv._udp.local. SRV cache-flush cls:1 ttl:1500 port:1111 w:0 prio:0 host:host1.local.
00:00:22.515       srv1._srv._udp.local. TXT cache-flush cls:1 ttl:1500 data-len:5
00:00:22.515       host1.local. AAAA cache-flush cls:1 ttl:1500 fd00:0:0:0:0:0:1:aaaa
00:00:22.515       host1.local. AAAA cache-flush cls:1 ttl:1500 fd00:0:0:0:0:0:1:bbbb
00:00:22.515       host1.local. AAAA cache-flush cls:1 ttl:1500 fd00:0:0:0:0:0:1:cccc
00:00:22.601 - - - - - - - - - - - - - - - - - - - - - - - - - - - - - - - - - - - - - - - - - - - - -
00:00:22.601 Browse for sub-type `_s._sub._srv._udp` and validate two answers
00:00:22.601 Sending query for _s._sub._srv._udp.local. PTR
00:00:22.601 AdvanceTime for 0.200
00:00:22.677 otPlatMdnsSendMulticast(msg-len:327)
00:00:22.677    Response id:0 qt:0 t:0 rcode:0 [q:0 ans:2 auth:0 addn:9]
00:00:22.677    Answer
00:00:22.677       _s._sub._srv._udp.local. PTR cls:1 ttl:1500 srv3._srv._udp.local.
00:00:22.677       _s._sub._srv._udp.local. PTR cls:1 ttl:1500 srv1._srv._udp.local.
00:00:22.677    Additional
00:00:22.677       srv3._srv._udp.local. SRV cache-flush cls:1 ttl:1500 port:3333 w:3 prio:3 host:host2.local.
00:00:22.677       srv3._srv._udp.local. TXT cache-flush cls:1 ttl:1500 data-len:3
00:00:22.677       host2.local. AAAA cache-flush cls:1 ttl:1500 fd00:0:0:0:0:0:2:eeee
00:00:22.677       host2.local. AAAA cache-flush cls:1 ttl:1500 fd00:0:0:0:0:0:2:ffff
00:00:22.677       srv1._srv._udp.local. SRV cache-flush cls:1 ttl:1500 port:1111 w:0 prio:0 host:host1.local.
00:00:22.677       srv1._srv._udp.local. TXT cache-flush cls:1 ttl:1500 data-len:5
00:00:22.677       host1.local. AAAA cache-flush cls:1 ttl:1500 fd00:0:0:0:0:0:1:aaaa
00:00:22.677       host1.local. AAAA cache-flush cls:1 ttl:1500 fd00:0:0:0:0:0:1:bbbb
00:00:22.677       host1.local. AAAA cache-flush cls:1 ttl:1500 fd00:0:0:0:0:0:1:cccc
00:00:22.801 Sending query for _s._sub._srv._udp.local. PTR
00:00:22.801 AdvanceTime for 1.000
00:00:23.801 - - - - - - - - - - - - - - - - - - - - - - - - - - - - - - - - - - - - - - - - - - - - -
00:00:23.801 Validate that query with `ANY class` instead of `IN class` is responded
00:00:23.801 AdvanceTime for 2.000
00:00:25.801 Sending query for _r._sub._srv._udp.local. PTR
00:00:25.801 AdvanceTime for 0.200
00:00:25.832 otPlatMdnsSendMulticast(msg-len:199)
00:00:25.832    Response id:0 qt:0 t:0 rcode:0 [q:0 ans:1 auth:0 addn:5]
00:00:25.832    Answer
00:00:25.832       _r._sub._srv._udp.local. PTR cls:1 ttl:1500 srv1._srv._udp.local.
00:00:25.832    Additional
00:00:25.832       srv1._srv._udp.local. SRV cache-flush cls:1 ttl:1500 port:1111 w:0 prio:0 host:host1.local.
00:00:25.832       srv1._srv._udp.local. TXT cache-flush cls:1 ttl:1500 data-len:5
00:00:25.832       host1.local. AAAA cache-flush cls:1 ttl:1500 fd00:0:0:0:0:0:1:aaaa
00:00:25.832       host1.local. AAAA cache-flush cls:1 ttl:1500 fd00:0:0:0:0:0:1:bbbb
00:00:25.832       host1.local. AAAA cache-flush cls:1 ttl:1500 fd00:0:0:0:0:0:1:cccc
00:00:26.001 - - - - - - - - - - - - - - - - - - - - - - - - - - - - - - - - - - - - - - - - - - - - -
00:00:26.001 Validate that query with other `class` is ignored
00:00:26.001 AdvanceTime for 2.000
00:00:28.001 Sending query for _r._sub._srv._udp.local. PTR
00:00:28.001 AdvanceTime for 2.000
00:00:30.001 - - - - - - - - - - - - - - - - - - - - - - - - - - - - - - - - - - - - - - - - - - - - -
00:00:30.001 Validate that query for non-registered name is ignored
00:00:30.001 Sending query for _u._sub._srv._udp.local. ANY
00:00:30.001 Sending query for host3.local. ANY
00:00:30.001 AdvanceTime for 2.000
00:00:32.001 - - - - - - - - - - - - - - - - - - - - - - - - - - - - - - - - - - - - - - - - - - - - -
00:00:32.001 Query for SRV for `srv1._srv._udp` and validate answer and additional data
00:00:32.001 Sending query for srv1._srv._udp.local. SRV
00:00:32.001 AdvanceTime for 0.200
00:00:32.001 otPlatMdnsSendMulticast(msg-len:181)
00:00:32.001    Response id:0 qt:0 t:0 rcode:0 [q:0 ans:1 auth:0 addn:4]
00:00:32.001    Answer
00:00:32.001       srv1._srv._udp.local. SRV cache-flush cls:1 ttl:1500 port:1111 w:0 prio:0 host:host1.local.
00:00:32.001    Additional
00:00:32.001       host1.local. AAAA cache-flush cls:1 ttl:1500 fd00:0:0:0:0:0:1:aaaa
00:00:32.001       host1.local. AAAA cache-flush cls:1 ttl:1500 fd00:0:0:0:0:0:1:bbbb
00:00:32.001       host1.local. AAAA cache-flush cls:1 ttl:1500 fd00:0:0:0:0:0:1:cccc
00:00:32.001       srv1._srv._udp.local. NSEC cache-flush cls:1 ttl:4500 [ TXT SRV ]
00:00:32.201 - - - - - - - - - - - - - - - - - - - - - - - - - - - - - - - - - - - - - - - - - - - - -
00:00:32.201 Send a query with two questions (SRV for service1 and AAAA for host1). Validate response
00:00:32.201 AdvanceTime for 2.000
00:00:34.201 Sending query for srv1._srv._udp.local. SRV and host1.local. AAAA
00:00:34.201 AdvanceTime for 0.200
00:00:34.201 otPlatMdnsSendMulticast(msg-len:183)
00:00:34.201    Response id:0 qt:0 t:0 rcode:0 [q:0 ans:4 auth:0 addn:2]
00:00:34.201    Answer
00:00:34.201       host1.local. AAAA cache-flush cls:1 ttl:1500 fd00:0:0:0:0:0:1:aaaa
00:00:34.201       host1.local. AAAA cache-flush cls:1 ttl:1500 fd00:0:0:0:0:0:1:bbbb
00:00:34.201       host1.local. AAAA cache-flush cls:1 ttl:1500 fd00:0:0:0:0:0:1:cccc
00:00:34.201       srv1._srv._udp.local. SRV cache-flush cls:1 ttl:1500 port:1111 w:0 prio:0 host:host1.local.
00:00:34.201    Additional
00:00:34.201       host1.local. NSEC cache-flush cls:1 ttl:4500 [ AAAA ]
00:00:34.201       srv1._srv._udp.local. NSEC cache-flush cls:1 ttl:4500 [ TXT SRV ]
00:00:34.401 - - - - - - - - - - - - - - - - - - - - - - - - - - - - - - - - - - - - - - - - - - - - -
00:00:34.401 Send a PTR query for `_srv._udp` and include `srv1` as known-answer and validate response
00:00:34.401 AdvanceTime for 1.000
00:00:35.401 Sending query for _srv._udp.local. PTR with 1 known-answers
00:00:35.401 AdvanceTime for 0.200
00:00:35.512 otPlatMdnsSendMulticast(msg-len:155)
00:00:35.512    Response id:0 qt:0 t:0 rcode:0 [q:0 ans:1 auth:0 addn:4]
00:00:35.512    Answer
00:00:35.512       _srv._udp.local. PTR cls:1 ttl:1500 srv3._srv._udp.local.
00:00:35.512    Additional
00:00:35.512       srv3._srv._udp.local. SRV cache-flush cls:1 ttl:1500 port:3333 w:3 prio:3 host:host2.local.
00:00:35.512       srv3._srv._udp.local. TXT cache-flush cls:1 ttl:1500 data-len:3
00:00:35.512       host2.local. AAAA cache-flush cls:1 ttl:1500 fd00:0:0:0:0:0:2:eeee
00:00:35.512       host2.local. AAAA cache-flush cls:1 ttl:1500 fd00:0:0:0:0:0:2:ffff
00:00:35.601 - - - - - - - - - - - - - - - - - - - - - - - - - - - - - - - - - - - - - - - - - - - - -
00:00:35.601 Send a PTR query again with both services as known-answer, validate no response is emitted
00:00:35.601 AdvanceTime for 1.000
00:00:36.601 Sending query for _srv._udp.local. PTR with 2 known-answers
00:00:36.601 AdvanceTime for 2.000
00:00:38.601 - - - - - - - - - - - - - - - - - - - - - - - - - - - - - - - - - - - - - - - - - - - - -
00:00:38.601 Send a PTR query for `_srv._udp` and include `srv1` as known-answer and validate response
00:00:38.601 AdvanceTime for 1.000
00:00:39.601 Sending query for _srv._udp.local. PTR with 1 known-answers
00:00:39.601 AdvanceTime for 0.200
00:00:39.706 otPlatMdnsSendMulticast(msg-len:155)
00:00:39.706    Response id:0 qt:0 t:0 rcode:0 [q:0 ans:1 auth:0 addn:4]
00:00:39.706    Answer
00:00:39.706       _srv._udp.local. PTR cls:1 ttl:1500 srv3._srv._udp.local.
00:00:39.706    Additional
00:00:39.706       srv3._srv._udp.local. SRV cache-flush cls:1 ttl:1500 port:3333 w:3 prio:3 host:host2.local.
00:00:39.706       srv3._srv._udp.local. TXT cache-flush cls:1 ttl:1500 data-len:3
00:00:39.706       host2.local. AAAA cache-flush cls:1 ttl:1500 fd00:0:0:0:0:0:2:eeee
00:00:39.706       host2.local. AAAA cache-flush cls:1 ttl:1500 fd00:0:0:0:0:0:2:ffff
00:00:39.801 - - - - - - - - - - - - - - - - - - - - - - - - - - - - - - - - - - - - - - - - - - - - -
00:00:39.801 Change the TTL for known-answer to less than half of record TTL and validate response
00:00:39.801 AdvanceTime for 1.000
00:00:40.801 Sending query for _srv._udp.local. PTR with 2 known-answers
00:00:40.801 AdvanceTime for 0.200
00:00:40.856 otPlatMdnsSendMulticast(msg-len:155)
00:00:40.856    Response id:0 qt:0 t:0 rcode:0 [q:0 ans:1 auth:0 addn:4]
00:00:40.856    Answer
00:00:40.856       _srv._udp.local. PTR cls:1 ttl:1500 srv3._srv._udp.local.
00:00:40.856    Additional
00:00:40.856       srv3._srv._udp.local. SRV cache-flush cls:1 ttl:1500 port:3333 w:3 prio:3 host:host2.local.
00:00:40.856       srv3._srv._udp.local. TXT cache-flush cls:1 ttl:1500 data-len:3
00:00:40.856       host2.local. AAAA cache-flush cls:1 ttl:1500 fd00:0:0:0:0:0:2:eeee
00:00:40.856       host2.local. AAAA cache-flush cls:1 ttl:1500 fd00:0:0:0:0:0:2:ffff
00:00:41.001 - - - - - - - - - - - - - - - - - - - - - - - - - - - - - - - - - - - - - - - - - - - - -
00:00:41.001 Unregister `service1` and wait for its two announcements and validate them
00:00:41.001 AdvanceTime for 0.250
00:00:41.001 otPlatMdnsSendMulticast(msg-len:128)
00:00:41.001    Response id:0 qt:0 t:0 rcode:0 [q:0 ans:5 auth:0 addn:0]
00:00:41.001    Answer
00:00:41.001       _srv._udp.local. PTR cls:1 ttl:0 srv1._srv._udp.local.
00:00:41.001       _r._sub._srv._udp.local. PTR cls:1 ttl:0 srv1._srv._udp.local.
00:00:41.001       _s._sub._srv._udp.local. PTR cls:1 ttl:0 srv1._srv._udp.local.
00:00:41.001       srv1._srv._udp.local. SRV cache-flush cls:1 ttl:0 port:1111 w:0 prio:0 host:host1.local.
00:00:41.001       srv1._srv._udp.local. TXT cache-flush cls:1 ttl:0 data-len:5
00:00:41.251 AdvanceTime for 1.000
00:00:42.001 otPlatMdnsSendMulticast(msg-len:128)
00:00:42.001    Response id:0 qt:0 t:0 rcode:0 [q:0 ans:5 auth:0 addn:0]
00:00:42.001    Answer
00:00:42.001       _srv._udp.local. PTR cls:1 ttl:0 srv1._srv._udp.local.
00:00:42.001       _r._sub._srv._udp.local. PTR cls:1 ttl:0 srv1._srv._udp.local.
00:00:42.001       _s._sub._srv._udp.local. PTR cls:1 ttl:0 srv1._srv._udp.local.
00:00:42.001       srv1._srv._udp.local. SRV cache-flush cls:1 ttl:0 port:1111 w:0 prio:0 host:host1.local.
00:00:42.001       srv1._srv._udp.local. TXT cache-flush cls:1 ttl:0 data-len:5
00:00:42.251 - - - - - - - - - - - - - - - - - - - - - - - - - - - - - - - - - - - - - - - - - - - - -
00:00:42.251 Send a query for removed `service1` before its final announcement, validate no response
00:00:42.251 AdvanceTime for 1.100
00:00:43.351 Sending query for srv1._srv._udp.local. SRV
00:00:43.351 AdvanceTime for 0.200
00:00:43.551 AdvanceTime for 2.000
00:00:44.001 otPlatMdnsSendMulticast(msg-len:128)
00:00:44.001    Response id:0 qt:0 t:0 rcode:0 [q:0 ans:5 auth:0 addn:0]
00:00:44.001    Answer
00:00:44.001       _srv._udp.local. PTR cls:1 ttl:0 srv1._srv._udp.local.
00:00:44.001       _r._sub._srv._udp.local. PTR cls:1 ttl:0 srv1._srv._udp.local.
00:00:44.001       _s._sub._srv._udp.local. PTR cls:1 ttl:0 srv1._srv._udp.local.
00:00:44.001       srv1._srv._udp.local. SRV cache-flush cls:1 ttl:0 port:1111 w:0 prio:0 host:host1.local.
00:00:44.001       srv1._srv._udp.local. TXT cache-flush cls:1 ttl:0 data-len:5
00:00:45.551 otPlatMdnsSetListeningEnabled(false)
00:00:45.551 End of test
00:00:00.000 -------------------------------------------------------------------------------------------
00:00:00.000 TestMultiPacket
00:00:00.000 AdvanceTime for 0.001
00:00:00.001 otPlatMdnsSetListeningEnabled(true)
00:00:00.001 - - - - - - - - - - - - - - - - - - - - - - - - - - - - - - - - - - - - - - - - - - - - -
00:00:00.001 Register a `ServiceEntry` with sub-types, check probes and announcements
00:00:00.001 AdvanceTime for 0.250
00:00:00.220 otPlatMdnsSendMulticast(msg-len:83)
00:00:00.220    Query id:0 qt:0 t:0 rcode:0 [q:1 ans:0 auth:2 addn:0]
00:00:00.220    Question
00:00:00.220       mysrv._tst._udp.local. ANY QU class:1
00:00:00.220    Authority
00:00:00.220       mysrv._tst._udp.local. SRV cls:1 ttl:2000 port:2222 w:4 prio:3 host:myhost.local.
00:00:00.220       mysrv._tst._udp.local. TXT cls:1 ttl:2000 data-len:5
00:00:00.251 AdvanceTime for 0.250
00:00:00.470 otPlatMdnsSendMulticast(msg-len:83)
00:00:00.470    Query id:0 qt:0 t:0 rcode:0 [q:1 ans:0 auth:2 addn:0]
00:00:00.470    Question
00:00:00.470       mysrv._tst._udp.local. ANY QM class:1
00:00:00.470    Authority
00:00:00.470       mysrv._tst._udp.local. SRV cls:1 ttl:2000 port:2222 w:4 prio:3 host:myhost.local.
00:00:00.470       mysrv._tst._udp.local. TXT cls:1 ttl:2000 data-len:5
00:00:00.501 AdvanceTime for 0.250
00:00:00.720 otPlatMdnsSendMulticast(msg-len:83)
00:00:00.720    Query id:0 qt:0 t:0 rcode:0 [q:1 ans:0 auth:2 addn:0]
00:00:00.720    Question
00:00:00.720       mysrv._tst._udp.local. ANY QM class:1
00:00:00.720    Authority
00:00:00.720       mysrv._tst._udp.local. SRV cls:1 ttl:2000 port:2222 w:4 prio:3 host:myhost.local.
00:00:00.720       mysrv._tst._udp.local. TXT cls:1 ttl:2000 data-len:5
00:00:00.751 AdvanceTime for 0.250
00:00:00.970 otPlatMdnsSendMulticast(msg-len:208)
00:00:00.970    Response id:0 qt:0 t:0 rcode:0 [q:0 ans:7 auth:0 addn:1]
00:00:00.970    Answer
00:00:00.970       _tst._udp.local. PTR cls:1 ttl:2000 mysrv._tst._udp.local.
00:00:00.970       vxy._sub._tst._udp.local. PTR cls:1 ttl:2000 mysrv._tst._udp.local.
00:00:00.970       _r2._sub._tst._udp.local. PTR cls:1 ttl:2000 mysrv._tst._udp.local.
00:00:00.970       _s1._sub._tst._udp.local. PTR cls:1 ttl:2000 mysrv._tst._udp.local.
00:00:00.970       mysrv._tst._udp.local. SRV cache-flush cls:1 ttl:2000 port:2222 w:4 prio:3 host:myhost.local.
00:00:00.970       mysrv._tst._udp.local. TXT cache-flush cls:1 ttl:2000 data-len:5
00:00:00.970       _services._dns-sd._udp.local. PTR cls:1 ttl:4500 _tst._udp.local.
00:00:00.970    Additional
00:00:00.970       mysrv._tst._udp.local. NSEC cache-flush cls:1 ttl:4500 [ TXT SRV ]
00:00:00.970 Register callback - ResuestId:0 Error:OK
00:00:01.001 AdvanceTime for 1.000
00:00:01.970 otPlatMdnsSendMulticast(msg-len:208)
00:00:01.970    Response id:0 qt:0 t:0 rcode:0 [q:0 ans:7 auth:0 addn:1]
00:00:01.970    Answer
00:00:01.970       _tst._udp.local. PTR cls:1 ttl:2000 mysrv._tst._udp.local.
00:00:01.970       vxy._sub._tst._udp.local. PTR cls:1 ttl:2000 mysrv._tst._udp.local.
00:00:01.970       _r2._sub._tst._udp.local. PTR cls:1 ttl:2000 mysrv._tst._udp.local.
00:00:01.970       _s1._sub._tst._udp.local. PTR cls:1 ttl:2000 mysrv._tst._udp.local.
00:00:01.970       mysrv._tst._udp.local. SRV cache-flush cls:1 ttl:2000 port:2222 w:4 prio:3 host:myhost.local.
00:00:01.970       mysrv._tst._udp.local. TXT cache-flush cls:1 ttl:2000 data-len:5
00:00:01.970       _services._dns-sd._udp.local. PTR cls:1 ttl:4500 _tst._udp.local.
00:00:01.970    Additional
00:00:01.970       mysrv._tst._udp.local. NSEC cache-flush cls:1 ttl:4500 [ TXT SRV ]
00:00:02.001 AdvanceTime for 2.000
00:00:03.970 otPlatMdnsSendMulticast(msg-len:208)
00:00:03.970    Response id:0 qt:0 t:0 rcode:0 [q:0 ans:7 auth:0 addn:1]
00:00:03.970    Answer
00:00:03.970       _tst._udp.local. PTR cls:1 ttl:2000 mysrv._tst._udp.local.
00:00:03.970       vxy._sub._tst._udp.local. PTR cls:1 ttl:2000 mysrv._tst._udp.local.
00:00:03.970       _r2._sub._tst._udp.local. PTR cls:1 ttl:2000 mysrv._tst._udp.local.
00:00:03.970       _s1._sub._tst._udp.local. PTR cls:1 ttl:2000 mysrv._tst._udp.local.
00:00:03.970       mysrv._tst._udp.local. SRV cache-flush cls:1 ttl:2000 port:2222 w:4 prio:3 host:myhost.local.
00:00:03.970       mysrv._tst._udp.local. TXT cache-flush cls:1 ttl:2000 data-len:5
00:00:03.970       _services._dns-sd._udp.local. PTR cls:1 ttl:4500 _tst._udp.local.
00:00:03.970    Additional
00:00:03.970       mysrv._tst._udp.local. NSEC cache-flush cls:1 ttl:4500 [ TXT SRV ]
00:00:04.001 - - - - - - - - - - - - - - - - - - - - - - - - - - - - - - - - - - - - - - - - - - - - -
00:00:04.001 Send a query for PTR record for service type and validate the response
00:00:04.001 AdvanceTime for 2.000
00:00:06.001 Sending query for _tst._udp.local. PTR
00:00:06.001 AdvanceTime for 1.000
00:00:06.059 otPlatMdnsSendMulticast(msg-len:91)
00:00:06.059    Response id:0 qt:0 t:0 rcode:0 [q:0 ans:1 auth:0 addn:2]
00:00:06.059    Answer
00:00:06.059       _tst._udp.local. PTR cls:1 ttl:2000 mysrv._tst._udp.local.
00:00:06.059    Additional
00:00:06.059       mysrv._tst._udp.local. SRV cache-flush cls:1 ttl:2000 port:2222 w:4 prio:3 host:myhost.local.
00:00:06.059       mysrv._tst._udp.local. TXT cache-flush cls:1 ttl:2000 data-len:5
00:00:07.001 - - - - - - - - - - - - - - - - - - - - - - - - - - - - - - - - - - - - - - - - - - - - -
00:00:07.001 Send a PTR query again but mark it as truncated
00:00:07.001 AdvanceTime for 2.000
00:00:09.001 Sending query for _tst._udp.local. PTR
00:00:09.001 Since message is marked as `truncated`, mDNS should wait at least 400 msec
00:00:09.001 AdvanceTime for 0.399
00:00:09.400 AdvanceTime for 2.000
00:00:09.412 otPlatMdnsSendMulticast(msg-len:91)
00:00:09.412    Response id:0 qt:0 t:0 rcode:0 [q:0 ans:1 auth:0 addn:2]
00:00:09.412    Answer
00:00:09.412       _tst._udp.local. PTR cls:1 ttl:2000 mysrv._tst._udp.local.
00:00:09.412    Additional
00:00:09.412       mysrv._tst._udp.local. SRV cache-flush cls:1 ttl:2000 port:2222 w:4 prio:3 host:myhost.local.
00:00:09.412       mysrv._tst._udp.local. TXT cache-flush cls:1 ttl:2000 data-len:5
00:00:11.400 - - - - - - - - - - - - - - - - - - - - - - - - - - - - - - - - - - - - - - - - - - - - -
00:00:11.400 Send a PTR query again as truncated followed-up by a non-matching answer
00:00:11.400 AdvanceTime for 2.000
00:00:13.400 Sending query for _tst._udp.local. PTR
00:00:13.400 AdvanceTime for 0.010
00:00:13.410 Sending empty query with 1 known-answers for _tst._udp.local.
00:00:13.410 AdvanceTime for 1.000
00:00:13.467 otPlatMdnsSendMulticast(msg-len:91)
00:00:13.467    Response id:0 qt:0 t:0 rcode:0 [q:0 ans:1 auth:0 addn:2]
00:00:13.467    Answer
00:00:13.467       _tst._udp.local. PTR cls:1 ttl:2000 mysrv._tst._udp.local.
00:00:13.467    Additional
00:00:13.467       mysrv._tst._udp.local. SRV cache-flush cls:1 ttl:2000 port:2222 w:4 prio:3 host:myhost.local.
00:00:13.467       mysrv._tst._udp.local. TXT cache-flush cls:1 ttl:2000 data-len:5
00:00:14.410 - - - - - - - - - - - - - - - - - - - - - - - - - - - - - - - - - - - - - - - - - - - - -
00:00:14.410 Send a PTR query again as truncated now followed-up by matching known-answer
00:00:14.410 AdvanceTime for 2.000
00:00:16.410 Sending query for _tst._udp.local. PTR
00:00:16.410 AdvanceTime for 0.010
00:00:16.420 Sending empty query with 2 known-answers for _tst._udp.local.
00:00:16.420 We expect no response since the followed-up message contains a matching known-answer
00:00:16.420 AdvanceTime for 5.000
00:00:21.420 - - - - - - - - - - - - - - - - - - - - - - - - - - - - - - - - - - - - - - - - - - - - -
00:00:21.420 Send a truncated query for PTR record for `services._dns-sd`
00:00:21.420 AdvanceTime for 2.000
00:00:23.420 Sending query for _services._dns-sd._udp.local. PTR
00:00:23.420 Response should be sent after longer wait time
00:00:23.420 AdvanceTime for 1.000
00:00:23.871 otPlatMdnsSendMulticast(msg-len:64)
00:00:23.871    Response id:0 qt:0 t:0 rcode:0 [q:0 ans:1 auth:0 addn:0]
00:00:23.871    Answer
00:00:23.871       _services._dns-sd._udp.local. PTR cls:1 ttl:4500 _tst._udp.local.
00:00:24.420 - - - - - - - - - - - - - - - - - - - - - - - - - - - - - - - - - - - - - - - - - - - - -
00:00:24.420 Send a truncated query for PTR record for `services._dns-sd` folloed by known-aswer
00:00:24.420 AdvanceTime for 2.000
00:00:26.420 Sending query for _services._dns-sd._udp.local. PTR
00:00:26.420 AdvanceTime for 0.020
00:00:26.440 Sending empty query with 1 known-answers for _services._dns-sd._udp.local.
00:00:26.440 Response should be sent again due to answer not matching
00:00:26.440 AdvanceTime for 1.000
00:00:26.530 otPlatMdnsSendMulticast(msg-len:64)
00:00:26.530    Response id:0 qt:0 t:0 rcode:0 [q:0 ans:1 auth:0 addn:0]
00:00:26.530    Answer
00:00:26.530       _services._dns-sd._udp.local. PTR cls:1 ttl:4500 _tst._udp.local.
00:00:27.440 - - - - - - - - - - - - - - - - - - - - - - - - - - - - - - - - - - - - - - - - - - - - -
00:00:27.440 Send the same truncated query again but follow-up with a matching known-answer message
00:00:27.440 AdvanceTime for 2.000
00:00:29.440 Sending query for _services._dns-sd._udp.local. PTR
00:00:29.440 AdvanceTime for 0.020
00:00:29.460 Sending empty query with 2 known-answers for _services._dns-sd._udp.local.
00:00:29.460 We expect no response since the followed-up message contains a matching known-answer
00:00:29.460 AdvanceTime for 5.000
00:00:34.460 - - - - - - - - - - - - - - - - - - - - - - - - - - - - - - - - - - - - - - - - - - - - -
00:00:34.460 Send the same truncated query multiple times to validate msg eviction
00:00:34.460 AdvanceTime for 2.000
00:00:36.460 Sending query for _services._dns-sd._udp.local. PTR
00:00:36.460 AdvanceTime for 0.020
00:00:36.480 Sending query for _services._dns-sd._udp.local. PTR
00:00:36.480 Sending empty query with 2 known-answers for _services._dns-sd._udp.local.
00:00:36.480 We expect no response since the followed-up message contains a matching known-answer
00:00:36.480 AdvanceTime for 5.000
00:00:41.480 otPlatMdnsSetListeningEnabled(false)
00:00:41.480 End of test
00:00:00.000 -------------------------------------------------------------------------------------------
00:00:00.000 TestResponseAggregation
00:00:00.000 AdvanceTime for 0.001
00:00:00.001 otPlatMdnsSetListeningEnabled(true)
00:00:00.001 -------------------------------------------------------------------------------------------
00:00:00.001 Register a first `ServiceEntry`, check probes and announcements
00:00:00.001 AdvanceTime for 0.250
00:00:00.172 otPlatMdnsSendMulticast(msg-len:83)
00:00:00.172    Query id:0 qt:0 t:0 rcode:0 [q:1 ans:0 auth:2 addn:0]
00:00:00.172    Question
00:00:00.172       srv1._matter._tcp.local. ANY QU class:1
00:00:00.172    Authority
00:00:00.172       srv1._matter._tcp.local. SRV cls:1 ttl:4500 port:1111 w:2 prio:1 host:host.local.
00:00:00.172       srv1._matter._tcp.local. TXT cls:1 ttl:4500 data-len:5
00:00:00.251 AdvanceTime for 0.250
00:00:00.422 otPlatMdnsSendMulticast(msg-len:83)
00:00:00.422    Query id:0 qt:0 t:0 rcode:0 [q:1 ans:0 auth:2 addn:0]
00:00:00.422    Question
00:00:00.422       srv1._matter._tcp.local. ANY QM class:1
00:00:00.422    Authority
00:00:00.422       srv1._matter._tcp.local. SRV cls:1 ttl:4500 port:1111 w:2 prio:1 host:host.local.
00:00:00.422       srv1._matter._tcp.local. TXT cls:1 ttl:4500 data-len:5
00:00:00.501 AdvanceTime for 0.250
00:00:00.672 otPlatMdnsSendMulticast(msg-len:83)
00:00:00.672    Query id:0 qt:0 t:0 rcode:0 [q:1 ans:0 auth:2 addn:0]
00:00:00.672    Question
00:00:00.672       srv1._matter._tcp.local. ANY QM class:1
00:00:00.672    Authority
00:00:00.672       srv1._matter._tcp.local. SRV cls:1 ttl:4500 port:1111 w:2 prio:1 host:host.local.
00:00:00.672       srv1._matter._tcp.local. TXT cls:1 ttl:4500 data-len:5
00:00:00.751 AdvanceTime for 0.250
00:00:00.922 otPlatMdnsSendMulticast(msg-len:149)
00:00:00.922    Response id:0 qt:0 t:0 rcode:0 [q:0 ans:4 auth:0 addn:1]
00:00:00.922    Answer
00:00:00.922       _matter._tcp.local. PTR cls:1 ttl:4500 srv1._matter._tcp.local.
00:00:00.922       srv1._matter._tcp.local. SRV cache-flush cls:1 ttl:4500 port:1111 w:2 prio:1 host:host.local.
00:00:00.922       srv1._matter._tcp.local. TXT cache-flush cls:1 ttl:4500 data-len:5
00:00:00.922       _services._dns-sd._udp.local. PTR cls:1 ttl:4500 _matter._tcp.local.
00:00:00.922    Additional
00:00:00.922       srv1._matter._tcp.local. NSEC cache-flush cls:1 ttl:4500 [ TXT SRV ]
00:00:00.922 Register callback - ResuestId:0 Error:OK
00:00:01.001 AdvanceTime for 1.000
00:00:01.922 otPlatMdnsSendMulticast(msg-len:149)
00:00:01.922    Response id:0 qt:0 t:0 rcode:0 [q:0 ans:4 auth:0 addn:1]
00:00:01.922    Answer
00:00:01.922       _matter._tcp.local. PTR cls:1 ttl:4500 srv1._matter._tcp.local.
00:00:01.922       srv1._matter._tcp.local. SRV cache-flush cls:1 ttl:4500 port:1111 w:2 prio:1 host:host.local.
00:00:01.922       srv1._matter._tcp.local. TXT cache-flush cls:1 ttl:4500 data-len:5
00:00:01.922       _services._dns-sd._udp.local. PTR cls:1 ttl:4500 _matter._tcp.local.
00:00:01.922    Additional
00:00:01.922       srv1._matter._tcp.local. NSEC cache-flush cls:1 ttl:4500 [ TXT SRV ]
00:00:02.001 AdvanceTime for 2.000
00:00:03.922 otPlatMdnsSendMulticast(msg-len:149)
00:00:03.922    Response id:0 qt:0 t:0 rcode:0 [q:0 ans:4 auth:0 addn:1]
00:00:03.922    Answer
00:00:03.922       _matter._tcp.local. PTR cls:1 ttl:4500 srv1._matter._tcp.local.
00:00:03.922       srv1._matter._tcp.local. SRV cache-flush cls:1 ttl:4500 port:1111 w:2 prio:1 host:host.local.
00:00:03.922       srv1._matter._tcp.local. TXT cache-flush cls:1 ttl:4500 data-len:5
00:00:03.922       _services._dns-sd._udp.local. PTR cls:1 ttl:4500 _matter._tcp.local.
00:00:03.922    Additional
00:00:03.922       srv1._matter._tcp.local. NSEC cache-flush cls:1 ttl:4500 [ TXT SRV ]
00:00:04.001 -------------------------------------------------------------------------------------------
00:00:04.001 Register a second `ServiceEntry`, check probes and announcements
00:00:04.001 AdvanceTime for 0.250
00:00:04.187 otPlatMdnsSendMulticast(msg-len:78)
00:00:04.187    Query id:0 qt:0 t:0 rcode:0 [q:1 ans:0 auth:2 addn:0]
00:00:04.187    Question
00:00:04.187       srv2._srv._udp.local. ANY QU class:1
00:00:04.187    Authority
00:00:04.187       srv2._srv._udp.local. SRV cls:1 ttl:4500 port:2222 w:2 prio:6 host:host.local.
00:00:04.187       srv2._srv._udp.local. TXT cls:1 ttl:4500 data-len:3
00:00:04.251 AdvanceTime for 0.250
00:00:04.437 otPlatMdnsSendMulticast(msg-len:78)
00:00:04.437    Query id:0 qt:0 t:0 rcode:0 [q:1 ans:0 auth:2 addn:0]
00:00:04.437    Question
00:00:04.437       srv2._srv._udp.local. ANY QM class:1
00:00:04.437    Authority
00:00:04.437       srv2._srv._udp.local. SRV cls:1 ttl:4500 port:2222 w:2 prio:6 host:host.local.
00:00:04.437       srv2._srv._udp.local. TXT cls:1 ttl:4500 data-len:3
00:00:04.501 AdvanceTime for 0.250
00:00:04.687 otPlatMdnsSendMulticast(msg-len:78)
00:00:04.687    Query id:0 qt:0 t:0 rcode:0 [q:1 ans:0 auth:2 addn:0]
00:00:04.687    Question
00:00:04.687       srv2._srv._udp.local. ANY QM class:1
00:00:04.687    Authority
00:00:04.687       srv2._srv._udp.local. SRV cls:1 ttl:4500 port:2222 w:2 prio:6 host:host.local.
00:00:04.687       srv2._srv._udp.local. TXT cls:1 ttl:4500 data-len:3
00:00:04.751 AdvanceTime for 0.250
00:00:04.937 otPlatMdnsSendMulticast(msg-len:144)
00:00:04.937    Response id:0 qt:0 t:0 rcode:0 [q:0 ans:4 auth:0 addn:1]
00:00:04.937    Answer
00:00:04.937       _srv._udp.local. PTR cls:1 ttl:4500 srv2._srv._udp.local.
00:00:04.937       srv2._srv._udp.local. SRV cache-flush cls:1 ttl:4500 port:2222 w:2 prio:6 host:host.local.
00:00:04.937       srv2._srv._udp.local. TXT cache-flush cls:1 ttl:4500 data-len:3
00:00:04.937       _services._dns-sd._udp.local. PTR cls:1 ttl:4500 _srv._udp.local.
00:00:04.937    Additional
00:00:04.937       srv2._srv._udp.local. NSEC cache-flush cls:1 ttl:4500 [ TXT SRV ]
00:00:04.937 Register callback - ResuestId:0 Error:OK
00:00:05.001 AdvanceTime for 1.000
00:00:05.937 otPlatMdnsSendMulticast(msg-len:144)
00:00:05.937    Response id:0 qt:0 t:0 rcode:0 [q:0 ans:4 auth:0 addn:1]
00:00:05.937    Answer
00:00:05.937       _srv._udp.local. PTR cls:1 ttl:4500 srv2._srv._udp.local.
00:00:05.937       srv2._srv._udp.local. SRV cache-flush cls:1 ttl:4500 port:2222 w:2 prio:6 host:host.local.
00:00:05.937       srv2._srv._udp.local. TXT cache-flush cls:1 ttl:4500 data-len:3
00:00:05.937       _services._dns-sd._udp.local. PTR cls:1 ttl:4500 _srv._udp.local.
00:00:05.937    Additional
00:00:05.937       srv2._srv._udp.local. NSEC cache-flush cls:1 ttl:4500 [ TXT SRV ]
00:00:06.001 AdvanceTime for 2.000
00:00:07.937 otPlatMdnsSendMulticast(msg-len:144)
00:00:07.937    Response id:0 qt:0 t:0 rcode:0 [q:0 ans:4 auth:0 addn:1]
00:00:07.937    Answer
00:00:07.937       _srv._udp.local. PTR cls:1 ttl:4500 srv2._srv._udp.local.
00:00:07.937       srv2._srv._udp.local. SRV cache-flush cls:1 ttl:4500 port:2222 w:2 prio:6 host:host.local.
00:00:07.937       srv2._srv._udp.local. TXT cache-flush cls:1 ttl:4500 data-len:3
00:00:07.937       _services._dns-sd._udp.local. PTR cls:1 ttl:4500 _srv._udp.local.
00:00:07.937    Additional
00:00:07.937       srv2._srv._udp.local. NSEC cache-flush cls:1 ttl:4500 [ TXT SRV ]
00:00:08.001 -------------------------------------------------------------------------------------------
00:00:08.001 Send two PTR queries back to back and validate the response is aggregated
00:00:08.001 AdvanceTime for 2.000
00:00:10.001 Sending query for _matter._tcp.local. PTR
00:00:10.001 AdvanceTime for 0.005
00:00:10.006 Sending query for _srv._udp.local. PTR
00:00:10.006 AdvanceTime for 1.000
00:00:10.119 otPlatMdnsSendMulticast(msg-len:160)
00:00:10.119    Response id:0 qt:0 t:0 rcode:0 [q:0 ans:2 auth:0 addn:4]
00:00:10.119    Answer
00:00:10.119       _srv._udp.local. PTR cls:1 ttl:4500 srv2._srv._udp.local.
00:00:10.119       _matter._tcp.local. PTR cls:1 ttl:4500 srv1._matter._tcp.local.
00:00:10.119    Additional
00:00:10.119       srv2._srv._udp.local. SRV cache-flush cls:1 ttl:4500 port:2222 w:2 prio:6 host:host.local.
00:00:10.119       srv2._srv._udp.local. TXT cache-flush cls:1 ttl:4500 data-len:3
00:00:10.119       srv1._matter._tcp.local. SRV cache-flush cls:1 ttl:4500 port:1111 w:2 prio:1 host:host.local.
00:00:10.119       srv1._matter._tcp.local. TXT cache-flush cls:1 ttl:4500 data-len:5
00:00:11.006 otPlatMdnsSetListeningEnabled(false)
00:00:11.006 End of test
00:00:00.000 -------------------------------------------------------------------------------------------
00:00:00.000 TestQuestionUnicastDisallowed
00:00:00.000 AdvanceTime for 0.001
00:00:00.001 otPlatMdnsSetListeningEnabled(true)
00:00:00.001 - - - - - - - - - - - - - - - - - - - - - - - - - - - - - - - - - - - - - - - - - - - - -
00:00:00.001 Register a `HostEntry`, check probes and announcements
00:00:00.001 AdvanceTime for 0.250
00:00:00.146 otPlatMdnsSendMulticast(msg-len:58)
00:00:00.146    Query id:0 qt:0 t:0 rcode:0 [q:1 ans:0 auth:1 addn:0]
00:00:00.146    Question
00:00:00.146       myhost.local. ANY QM class:1
00:00:00.146    Authority
00:00:00.146       myhost.local. AAAA cls:1 ttl:1500 fd00:0:0:0:0:0:0:1234
00:00:00.251 AdvanceTime for 0.250
00:00:00.396 otPlatMdnsSendMulticast(msg-len:58)
00:00:00.396    Query id:0 qt:0 t:0 rcode:0 [q:1 ans:0 auth:1 addn:0]
00:00:00.396    Question
00:00:00.396       myhost.local. ANY QM class:1
00:00:00.396    Authority
00:00:00.396       myhost.local. AAAA cls:1 ttl:1500 fd00:0:0:0:0:0:0:1234
00:00:00.501 AdvanceTime for 0.250
00:00:00.646 otPlatMdnsSendMulticast(msg-len:58)
00:00:00.646    Query id:0 qt:0 t:0 rcode:0 [q:1 ans:0 auth:1 addn:0]
00:00:00.646    Question
00:00:00.646       myhost.local. ANY QM class:1
00:00:00.646    Authority
00:00:00.646       myhost.local. AAAA cls:1 ttl:1500 fd00:0:0:0:0:0:0:1234
00:00:00.751 AdvanceTime for 0.250
00:00:00.896 otPlatMdnsSendMulticast(msg-len:72)
00:00:00.896    Response id:0 qt:0 t:0 rcode:0 [q:0 ans:1 auth:0 addn:1]
00:00:00.896    Answer
00:00:00.896       myhost.local. AAAA cache-flush cls:1 ttl:1500 fd00:0:0:0:0:0:0:1234
00:00:00.896    Additional
00:00:00.896       myhost.local. NSEC cache-flush cls:1 ttl:4500 [ AAAA ]
00:00:00.896 Register callback - ResuestId:0 Error:OK
00:00:01.001 AdvanceTime for 1.000
00:00:01.896 otPlatMdnsSendMulticast(msg-len:72)
00:00:01.896    Response id:0 qt:0 t:0 rcode:0 [q:0 ans:1 auth:0 addn:1]
00:00:01.896    Answer
00:00:01.896       myhost.local. AAAA cache-flush cls:1 ttl:1500 fd00:0:0:0:0:0:0:1234
00:00:01.896    Additional
00:00:01.896       myhost.local. NSEC cache-flush cls:1 ttl:4500 [ AAAA ]
00:00:02.001 AdvanceTime for 2.000
00:00:03.896 otPlatMdnsSendMulticast(msg-len:72)
00:00:03.896    Response id:0 qt:0 t:0 rcode:0 [q:0 ans:1 auth:0 addn:1]
00:00:03.896    Answer
00:00:03.896       myhost.local. AAAA cache-flush cls:1 ttl:1500 fd00:0:0:0:0:0:0:1234
00:00:03.896    Additional
00:00:03.896       myhost.local. NSEC cache-flush cls:1 ttl:4500 [ AAAA ]
00:00:04.001 AdvanceTime for 15.000
00:00:19.001 otPlatMdnsSetListeningEnabled(false)
00:00:19.001 End of test
00:00:00.000 -------------------------------------------------------------------------------------------
00:00:00.000 TestTxMessageSizeLimit
00:00:00.000 AdvanceTime for 0.001
00:00:00.001 otPlatMdnsSetListeningEnabled(true)
00:00:00.001 - - - - - - - - - - - - - - - - - - - - - - - - - - - - - - - - - - - - - - - - - - - - -
00:00:00.001 Set `MaxMessageSize` to 340 and use large key record data to trigger size limit behavior
00:00:00.001 - - - - - - - - - - - - - - - - - - - - - - - - - - - - - - - - - - - - - - - - - - - - -
00:00:00.001 Register host and service and keys for each
00:00:00.001 - - - - - - - - - - - - - - - - - - - - - - - - - - - - - - - - - - - - - - - - - - - - -
00:00:00.001 Validate probes for all entries
00:00:00.001 Probes for host and service should be broken into separate message due to size limit
00:00:00.001 AdvanceTime for 0.250
00:00:00.227 otPlatMdnsSendMulticast(msg-len:426)
00:00:00.227    Query id:0 qt:0 t:0 rcode:0 [q:1 ans:0 auth:4 addn:0]
00:00:00.227    Question
00:00:00.227       myhost.local. ANY QU class:1
00:00:00.227    Authority
00:00:00.227       myhost.local. AAAA cls:1 ttl:1500 fd00:0:0:0:0:0:1:aaaa
00:00:00.227       myhost.local. AAAA cls:1 ttl:1500 fd00:0:0:0:0:0:1:bbbb
00:00:00.227       myhost.local. AAAA cls:1 ttl:1500 fd00:0:0:0:0:0:1:cccc
00:00:00.227       myhost.local. KEY cls:1 ttl:8000 data-len:300
00:00:00.227 otPlatMdnsSendMulticast(msg-len:395)
00:00:00.227    Query id:0 qt:0 t:0 rcode:0 [q:1 ans:0 auth:3 addn:0]
00:00:00.227    Question
00:00:00.227       mysrv._srv._udp.local. ANY QU class:1
00:00:00.227    Authority
00:00:00.227       mysrv._srv._udp.local. SRV cls:1 ttl:1500 port:1111 w:0 prio:0 host:myhost.local.
00:00:00.227       mysrv._srv._udp.local. TXT cls:1 ttl:1500 data-len:5
00:00:00.227       mysrv._srv._udp.local. KEY cls:1 ttl:8000 data-len:300
00:00:00.251 AdvanceTime for 0.250
00:00:00.477 otPlatMdnsSendMulticast(msg-len:426)
00:00:00.477    Query id:0 qt:0 t:0 rcode:0 [q:1 ans:0 auth:4 addn:0]
00:00:00.477    Question
00:00:00.477       myhost.local. ANY QM class:1
00:00:00.477    Authority
00:00:00.477       myhost.local. AAAA cls:1 ttl:1500 fd00:0:0:0:0:0:1:aaaa
00:00:00.477       myhost.local. AAAA cls:1 ttl:1500 fd00:0:0:0:0:0:1:bbbb
00:00:00.477       myhost.local. AAAA cls:1 ttl:1500 fd00:0:0:0:0:0:1:cccc
00:00:00.477       myhost.local. KEY cls:1 ttl:8000 data-len:300
00:00:00.477 otPlatMdnsSendMulticast(msg-len:395)
00:00:00.477    Query id:0 qt:0 t:0 rcode:0 [q:1 ans:0 auth:3 addn:0]
00:00:00.477    Question
00:00:00.477       mysrv._srv._udp.local. ANY QM class:1
00:00:00.477    Authority
00:00:00.477       mysrv._srv._udp.local. SRV cls:1 ttl:1500 port:1111 w:0 prio:0 host:myhost.local.
00:00:00.477       mysrv._srv._udp.local. TXT cls:1 ttl:1500 data-len:5
00:00:00.477       mysrv._srv._udp.local. KEY cls:1 ttl:8000 data-len:300
00:00:00.501 AdvanceTime for 0.250
00:00:00.727 otPlatMdnsSendMulticast(msg-len:426)
00:00:00.727    Query id:0 qt:0 t:0 rcode:0 [q:1 ans:0 auth:4 addn:0]
00:00:00.727    Question
00:00:00.727       myhost.local. ANY QM class:1
00:00:00.727    Authority
00:00:00.727       myhost.local. AAAA cls:1 ttl:1500 fd00:0:0:0:0:0:1:aaaa
00:00:00.727       myhost.local. AAAA cls:1 ttl:1500 fd00:0:0:0:0:0:1:bbbb
00:00:00.727       myhost.local. AAAA cls:1 ttl:1500 fd00:0:0:0:0:0:1:cccc
00:00:00.727       myhost.local. KEY cls:1 ttl:8000 data-len:300
00:00:00.727 otPlatMdnsSendMulticast(msg-len:395)
00:00:00.727    Query id:0 qt:0 t:0 rcode:0 [q:1 ans:0 auth:3 addn:0]
00:00:00.727    Question
00:00:00.727       mysrv._srv._udp.local. ANY QM class:1
00:00:00.727    Authority
00:00:00.727       mysrv._srv._udp.local. SRV cls:1 ttl:1500 port:1111 w:0 prio:0 host:myhost.local.
00:00:00.727       mysrv._srv._udp.local. TXT cls:1 ttl:1500 data-len:5
00:00:00.727       mysrv._srv._udp.local. KEY cls:1 ttl:8000 data-len:300
00:00:00.751 - - - - - - - - - - - - - - - - - - - - - - - - - - - - - - - - - - - - - - - - - - - - -
00:00:00.751 Validate announcements for all entries
00:00:00.751 Announces should also be broken into separate message due to size limit
00:00:00.751 AdvanceTime for 0.250
00:00:00.977 otPlatMdnsSendMulticast(msg-len:440)
00:00:00.977    Response id:0 qt:0 t:0 rcode:0 [q:0 ans:4 auth:0 addn:1]
00:00:00.977    Answer
00:00:00.977       myhost.local. AAAA cache-flush cls:1 ttl:1500 fd00:0:0:0:0:0:1:aaaa
00:00:00.977       myhost.local. AAAA cache-flush cls:1 ttl:1500 fd00:0:0:0:0:0:1:bbbb
00:00:00.977       myhost.local. AAAA cache-flush cls:1 ttl:1500 fd00:0:0:0:0:0:1:cccc
00:00:00.977       myhost.local. KEY cache-flush cls:1 ttl:8000 data-len:300
00:00:00.977    Additional
00:00:00.977       myhost.local. NSEC cache-flush cls:1 ttl:4500 [ KEY AAAA ]
00:00:00.977 otPlatMdnsSendMulticast(msg-len:529)
00:00:00.977    Response id:0 qt:0 t:0 rcode:0 [q:0 ans:4 auth:0 addn:4]
00:00:00.977    Answer
00:00:00.977       _srv._udp.local. PTR cls:1 ttl:1500 mysrv._srv._udp.local.
00:00:00.977       mysrv._srv._udp.local. SRV cache-flush cls:1 ttl:1500 port:1111 w:0 prio:0 host:myhost.local.
00:00:00.977       mysrv._srv._udp.local. TXT cache-flush cls:1 ttl:1500 data-len:5
00:00:00.977       mysrv._srv._udp.local. KEY cache-flush cls:1 ttl:8000 data-len:300
00:00:00.977    Additional
00:00:00.977       myhost.local. AAAA cache-flush cls:1 ttl:1500 fd00:0:0:0:0:0:1:aaaa
00:00:00.977       myhost.local. AAAA cache-flush cls:1 ttl:1500 fd00:0:0:0:0:0:1:bbbb
00:00:00.977       myhost.local. AAAA cache-flush cls:1 ttl:1500 fd00:0:0:0:0:0:1:cccc
00:00:00.977       mysrv._srv._udp.local. NSEC cache-flush cls:1 ttl:4500 [ TXT KEY SRV ]
00:00:00.977 otPlatMdnsSendMulticast(msg-len:64)
00:00:00.977    Response id:0 qt:0 t:0 rcode:0 [q:0 ans:1 auth:0 addn:0]
00:00:00.977    Answer
00:00:00.977       _services._dns-sd._udp.local. PTR cls:1 ttl:4500 _srv._udp.local.
00:00:00.977 Register callback - ResuestId:2 Error:OK
00:00:00.977 Register callback - ResuestId:0 Error:OK
00:00:00.977 Register callback - ResuestId:3 Error:OK
00:00:00.977 Register callback - ResuestId:1 Error:OK
00:00:01.001 AdvanceTime for 1.000
00:00:01.977 otPlatMdnsSendMulticast(msg-len:440)
00:00:01.977    Response id:0 qt:0 t:0 rcode:0 [q:0 ans:4 auth:0 addn:1]
00:00:01.977    Answer
00:00:01.977       myhost.local. AAAA cache-flush cls:1 ttl:1500 fd00:0:0:0:0:0:1:aaaa
00:00:01.977       myhost.local. AAAA cache-flush cls:1 ttl:1500 fd00:0:0:0:0:0:1:bbbb
00:00:01.977       myhost.local. AAAA cache-flush cls:1 ttl:1500 fd00:0:0:0:0:0:1:cccc
00:00:01.977       myhost.local. KEY cache-flush cls:1 ttl:8000 data-len:300
00:00:01.977    Additional
00:00:01.977       myhost.local. NSEC cache-flush cls:1 ttl:4500 [ KEY AAAA ]
00:00:01.977 otPlatMdnsSendMulticast(msg-len:529)
00:00:01.977    Response id:0 qt:0 t:0 rcode:0 [q:0 ans:4 auth:0 addn:4]
00:00:01.977    Answer
00:00:01.977       _srv._udp.local. PTR cls:1 ttl:1500 mysrv._srv._udp.local.
00:00:01.977       mysrv._srv._udp.local. SRV cache-flush cls:1 ttl:1500 port:1111 w:0 prio:0 host:myhost.local.
00:00:01.977       mysrv._srv._udp.local. TXT cache-flush cls:1 ttl:1500 data-len:5
00:00:01.977       mysrv._srv._udp.local. KEY cache-flush cls:1 ttl:8000 data-len:300
00:00:01.977    Additional
00:00:01.977       myhost.local. AAAA cache-flush cls:1 ttl:1500 fd00:0:0:0:0:0:1:aaaa
00:00:01.977       myhost.local. AAAA cache-flush cls:1 ttl:1500 fd00:0:0:0:0:0:1:bbbb
00:00:01.977       myhost.local. AAAA cache-flush cls:1 ttl:1500 fd00:0:0:0:0:0:1:cccc
00:00:01.977       mysrv._srv._udp.local. NSEC cache-flush cls:1 ttl:4500 [ TXT KEY SRV ]
00:00:01.977 otPlatMdnsSendMulticast(msg-len:64)
00:00:01.977    Response id:0 qt:0 t:0 rcode:0 [q:0 ans:1 auth:0 addn:0]
00:00:01.977    Answer
00:00:01.977       _services._dns-sd._udp.local. PTR cls:1 ttl:4500 _srv._udp.local.
00:00:02.001 AdvanceTime for 2.000
00:00:03.977 otPlatMdnsSendMulticast(msg-len:440)
00:00:03.977    Response id:0 qt:0 t:0 rcode:0 [q:0 ans:4 auth:0 addn:1]
00:00:03.977    Answer
00:00:03.977       myhost.local. AAAA cache-flush cls:1 ttl:1500 fd00:0:0:0:0:0:1:aaaa
00:00:03.977       myhost.local. AAAA cache-flush cls:1 ttl:1500 fd00:0:0:0:0:0:1:bbbb
00:00:03.977       myhost.local. AAAA cache-flush cls:1 ttl:1500 fd00:0:0:0:0:0:1:cccc
00:00:03.977       myhost.local. KEY cache-flush cls:1 ttl:8000 data-len:300
00:00:03.977    Additional
00:00:03.977       myhost.local. NSEC cache-flush cls:1 ttl:4500 [ KEY AAAA ]
00:00:03.977 otPlatMdnsSendMulticast(msg-len:529)
00:00:03.977    Response id:0 qt:0 t:0 rcode:0 [q:0 ans:4 auth:0 addn:4]
00:00:03.977    Answer
00:00:03.977       _srv._udp.local. PTR cls:1 ttl:1500 mysrv._srv._udp.local.
00:00:03.977       mysrv._srv._udp.local. SRV cache-flush cls:1 ttl:1500 port:1111 w:0 prio:0 host:myhost.local.
00:00:03.977       mysrv._srv._udp.local. TXT cache-flush cls:1 ttl:1500 data-len:5
00:00:03.977       mysrv._srv._udp.local. KEY cache-flush cls:1 ttl:8000 data-len:300
00:00:03.977    Additional
00:00:03.977       myhost.local. AAAA cache-flush cls:1 ttl:1500 fd00:0:0:0:0:0:1:aaaa
00:00:03.977       myhost.local. AAAA cache-flush cls:1 ttl:1500 fd00:0:0:0:0:0:1:bbbb
00:00:03.977       myhost.local. AAAA cache-flush cls:1 ttl:1500 fd00:0:0:0:0:0:1:cccc
00:00:03.977       mysrv._srv._udp.local. NSEC cache-flush cls:1 ttl:4500 [ TXT KEY SRV ]
00:00:03.977 otPlatMdnsSendMulticast(msg-len:64)
00:00:03.977    Response id:0 qt:0 t:0 rcode:0 [q:0 ans:1 auth:0 addn:0]
00:00:03.977    Answer
00:00:03.977       _services._dns-sd._udp.local. PTR cls:1 ttl:4500 _srv._udp.local.
00:00:04.001 otPlatMdnsSetListeningEnabled(false)
00:00:04.001 End of test
00:00:00.000 -------------------------------------------------------------------------------------------
00:00:00.000 TestHostConflict
00:00:00.000 AdvanceTime for 0.001
00:00:00.001 otPlatMdnsSetListeningEnabled(true)
00:00:00.001 - - - - - - - - - - - - - - - - - - - - - - - - - - - - - - - - - - - - - - - - - - - - -
00:00:00.001 Register a `HostEntry`, wait for first probe
00:00:00.001 AdvanceTime for 0.250
00:00:00.083 otPlatMdnsSendMulticast(msg-len:86)
00:00:00.083    Query id:0 qt:0 t:0 rcode:0 [q:1 ans:0 auth:2 addn:0]
00:00:00.083    Question
00:00:00.083       myhost.local. ANY QU class:1
00:00:00.083    Authority
00:00:00.083       myhost.local. AAAA cls:1 ttl:1500 fd00:0:0:0:0:0:0:1
00:00:00.083       myhost.local. AAAA cls:1 ttl:1500 fd00:0:0:0:0:0:0:2
00:00:00.251 - - - - - - - - - - - - - - - - - - - - - - - - - - - - - - - - - - - - - - - - - - - - -
00:00:00.251 Send a response claiming the name with record in answer section
00:00:00.251 Sending response with empty key for myhost.local.
00:00:00.251 AdvanceTime for 0.001
00:00:00.251 Register callback - ResuestId:0 Error:Duplicated
00:00:00.252 AdvanceTime for 15.000
00:00:15.252 - - - - - - - - - - - - - - - - - - - - - - - - - - - - - - - - - - - - - - - - - - - - -
00:00:15.252 Register a `HostEntry`, wait for first probe
00:00:15.252 AdvanceTime for 0.250
00:00:15.414 otPlatMdnsSendMulticast(msg-len:86)
00:00:15.414    Query id:0 qt:0 t:0 rcode:0 [q:1 ans:0 auth:2 addn:0]
00:00:15.414    Question
00:00:15.414       myhost.local. ANY QU class:1
00:00:15.414    Authority
00:00:15.414       myhost.local. AAAA cls:1 ttl:1500 fd00:0:0:0:0:0:0:1
00:00:15.414       myhost.local. AAAA cls:1 ttl:1500 fd00:0:0:0:0:0:0:2
00:00:15.502 - - - - - - - - - - - - - - - - - - - - - - - - - - - - - - - - - - - - - - - - - - - - -
00:00:15.502 Send a response claiming the name with record in additional section
00:00:15.502 Sending response with empty key for myhost.local.
00:00:15.502 AdvanceTime for 0.001
00:00:15.502 Register callback - ResuestId:0 Error:Duplicated
00:00:15.503 AdvanceTime for 15.000
00:00:30.503 - - - - - - - - - - - - - - - - - - - - - - - - - - - - - - - - - - - - - - - - - - - - -
00:00:30.503 Register a `HostEntry` and respond to probe to trigger conflict
00:00:30.503 Sending response with empty key for myhost.local.
00:00:30.503 AdvanceTime for 0.001
00:00:30.503 Register callback - ResuestId:0 Error:Duplicated
00:00:30.504 - - - - - - - - - - - - - - - - - - - - - - - - - - - - - - - - - - - - - - - - - - - - -
00:00:30.504 Register the conflicted `HostEntry` again, and make sure probes are sent
00:00:30.504 AdvanceTime for 0.250
00:00:30.566 otPlatMdnsSendMulticast(msg-len:86)
00:00:30.566    Query id:0 qt:0 t:0 rcode:0 [q:1 ans:0 auth:2 addn:0]
00:00:30.566    Question
00:00:30.566       myhost.local. ANY QU class:1
00:00:30.566    Authority
00:00:30.566       myhost.local. AAAA cls:1 ttl:1500 fd00:0:0:0:0:0:0:1
00:00:30.566       myhost.local. AAAA cls:1 ttl:1500 fd00:0:0:0:0:0:0:2
00:00:30.754 AdvanceTime for 0.250
00:00:30.816 otPlatMdnsSendMulticast(msg-len:86)
00:00:30.816    Query id:0 qt:0 t:0 rcode:0 [q:1 ans:0 auth:2 addn:0]
00:00:30.816    Question
00:00:30.816       myhost.local. ANY QM class:1
00:00:30.816    Authority
00:00:30.816       myhost.local. AAAA cls:1 ttl:1500 fd00:0:0:0:0:0:0:1
00:00:30.816       myhost.local. AAAA cls:1 ttl:1500 fd00:0:0:0:0:0:0:2
00:00:31.004 AdvanceTime for 0.250
00:00:31.066 otPlatMdnsSendMulticast(msg-len:86)
00:00:31.066    Query id:0 qt:0 t:0 rcode:0 [q:1 ans:0 auth:2 addn:0]
00:00:31.066    Question
00:00:31.066       myhost.local. ANY QM class:1
00:00:31.066    Authority
00:00:31.066       myhost.local. AAAA cls:1 ttl:1500 fd00:0:0:0:0:0:0:1
00:00:31.066       myhost.local. AAAA cls:1 ttl:1500 fd00:0:0:0:0:0:0:2
00:00:31.254 AdvanceTime for 0.250
00:00:31.316 otPlatMdnsSendMulticast(msg-len:100)
00:00:31.316    Response id:0 qt:0 t:0 rcode:0 [q:0 ans:2 auth:0 addn:1]
00:00:31.316    Answer
00:00:31.316       myhost.local. AAAA cache-flush cls:1 ttl:1500 fd00:0:0:0:0:0:0:1
00:00:31.316       myhost.local. AAAA cache-flush cls:1 ttl:1500 fd00:0:0:0:0:0:0:2
00:00:31.316    Additional
00:00:31.316       myhost.local. NSEC cache-flush cls:1 ttl:4500 [ AAAA ]
00:00:31.316 Register callback - ResuestId:0 Error:OK
00:00:31.504 AdvanceTime for 1.000
00:00:32.316 otPlatMdnsSendMulticast(msg-len:100)
00:00:32.316    Response id:0 qt:0 t:0 rcode:0 [q:0 ans:2 auth:0 addn:1]
00:00:32.316    Answer
00:00:32.316       myhost.local. AAAA cache-flush cls:1 ttl:1500 fd00:0:0:0:0:0:0:1
00:00:32.316       myhost.local. AAAA cache-flush cls:1 ttl:1500 fd00:0:0:0:0:0:0:2
00:00:32.316    Additional
00:00:32.316       myhost.local. NSEC cache-flush cls:1 ttl:4500 [ AAAA ]
00:00:32.504 AdvanceTime for 2.000
00:00:34.316 otPlatMdnsSendMulticast(msg-len:100)
00:00:34.316    Response id:0 qt:0 t:0 rcode:0 [q:0 ans:2 auth:0 addn:1]
00:00:34.316    Answer
00:00:34.316       myhost.local. AAAA cache-flush cls:1 ttl:1500 fd00:0:0:0:0:0:0:1
00:00:34.316       myhost.local. AAAA cache-flush cls:1 ttl:1500 fd00:0:0:0:0:0:0:2
00:00:34.316    Additional
00:00:34.316       myhost.local. NSEC cache-flush cls:1 ttl:4500 [ AAAA ]
00:00:34.504 - - - - - - - - - - - - - - - - - - - - - - - - - - - - - - - - - - - - - - - - - - - - -
00:00:34.504 Send a response for host name and validate that conflict is detected and callback is called
00:00:34.504 Sending response with empty key for myhost.local.
00:00:34.504 Conflict callback - myhost 
00:00:34.504 AdvanceTime for 0.001
00:00:34.505 otPlatMdnsSetListeningEnabled(false)
00:00:34.505 End of test
00:00:00.000 -------------------------------------------------------------------------------------------
00:00:00.000 TestServiceConflict
00:00:00.000 AdvanceTime for 0.001
00:00:00.001 otPlatMdnsSetListeningEnabled(true)
00:00:00.001 - - - - - - - - - - - - - - - - - - - - - - - - - - - - - - - - - - - - - - - - - - - - -
00:00:00.001 Register a `ServiceEntry`, wait for first probe
00:00:00.001 AdvanceTime for 0.250
00:00:00.242 otPlatMdnsSendMulticast(msg-len:87)
00:00:00.242    Query id:0 qt:0 t:0 rcode:0 [q:1 ans:0 auth:2 addn:0]
00:00:00.242    Question
00:00:00.242       myservice._srv._udp.local. ANY QU class:1
00:00:00.242    Authority
00:00:00.242       myservice._srv._udp.local. SRV cls:1 ttl:1000 port:1234 w:2 prio:1 host:myhost.local.
00:00:00.242       myservice._srv._udp.local. TXT cls:1 ttl:1000 data-len:5
00:00:00.251 - - - - - - - - - - - - - - - - - - - - - - - - - - - - - - - - - - - - - - - - - - - - -
00:00:00.251 Send a response claiming the name with record in answer section
00:00:00.251 Sending response with empty key for myservice._srv._udp.local.
00:00:00.251 AdvanceTime for 0.001
00:00:00.251 Register callback - ResuestId:0 Error:Duplicated
00:00:00.252 AdvanceTime for 15.000
00:00:15.252 - - - - - - - - - - - - - - - - - - - - - - - - - - - - - - - - - - - - - - - - - - - - -
00:00:15.252 Register a `ServiceEntry`, wait for first probe
00:00:15.252 AdvanceTime for 0.250
00:00:15.346 otPlatMdnsSendMulticast(msg-len:87)
00:00:15.346    Query id:0 qt:0 t:0 rcode:0 [q:1 ans:0 auth:2 addn:0]
00:00:15.346    Question
00:00:15.346       myservice._srv._udp.local. ANY QU class:1
00:00:15.346    Authority
00:00:15.346       myservice._srv._udp.local. SRV cls:1 ttl:1000 port:1234 w:2 prio:1 host:myhost.local.
00:00:15.346       myservice._srv._udp.local. TXT cls:1 ttl:1000 data-len:5
00:00:15.502 - - - - - - - - - - - - - - - - - - - - - - - - - - - - - - - - - - - - - - - - - - - - -
00:00:15.502 Send a response claiming the name with record in additional section
00:00:15.502 Sending response with empty key for myservice._srv._udp.local.
00:00:15.502 AdvanceTime for 0.001
00:00:15.502 Register callback - ResuestId:0 Error:Duplicated
00:00:15.503 AdvanceTime for 15.000
00:00:30.503 - - - - - - - - - - - - - - - - - - - - - - - - - - - - - - - - - - - - - - - - - - - - -
00:00:30.503 Register a `ServiceEntry` and respond to probe to trigger conflict
00:00:30.503 Sending response with empty key for myservice._srv._udp.local.
00:00:30.503 AdvanceTime for 0.001
00:00:30.503 Register callback - ResuestId:0 Error:Duplicated
00:00:30.504 - - - - - - - - - - - - - - - - - - - - - - - - - - - - - - - - - - - - - - - - - - - - -
00:00:30.504 Register the conflicted `ServiceEntry` again, and make sure probes are sent
00:00:30.504 AdvanceTime for 0.250
00:00:30.613 otPlatMdnsSendMulticast(msg-len:87)
00:00:30.613    Query id:0 qt:0 t:0 rcode:0 [q:1 ans:0 auth:2 addn:0]
00:00:30.613    Question
00:00:30.613       myservice._srv._udp.local. ANY QU class:1
00:00:30.613    Authority
00:00:30.613       myservice._srv._udp.local. SRV cls:1 ttl:1000 port:1234 w:2 prio:1 host:myhost.local.
00:00:30.613       myservice._srv._udp.local. TXT cls:1 ttl:1000 data-len:5
00:00:30.754 AdvanceTime for 0.250
00:00:30.863 otPlatMdnsSendMulticast(msg-len:87)
00:00:30.863    Query id:0 qt:0 t:0 rcode:0 [q:1 ans:0 auth:2 addn:0]
00:00:30.863    Question
00:00:30.863       myservice._srv._udp.local. ANY QM class:1
00:00:30.863    Authority
00:00:30.863       myservice._srv._udp.local. SRV cls:1 ttl:1000 port:1234 w:2 prio:1 host:myhost.local.
00:00:30.863       myservice._srv._udp.local. TXT cls:1 ttl:1000 data-len:5
00:00:31.004 AdvanceTime for 0.250
00:00:31.113 otPlatMdnsSendMulticast(msg-len:87)
00:00:31.113    Query id:0 qt:0 t:0 rcode:0 [q:1 ans:0 auth:2 addn:0]
00:00:31.113    Question
00:00:31.113       myservice._srv._udp.local. ANY QM class:1
00:00:31.113    Authority
00:00:31.113       myservice._srv._udp.local. SRV cls:1 ttl:1000 port:1234 w:2 prio:1 host:myhost.local.
00:00:31.113       myservice._srv._udp.local. TXT cls:1 ttl:1000 data-len:5
00:00:31.254 AdvanceTime for 0.250
00:00:31.363 otPlatMdnsSendMulticast(msg-len:153)
00:00:31.363    Response id:0 qt:0 t:0 rcode:0 [q:0 ans:4 auth:0 addn:1]
00:00:31.363    Answer
00:00:31.363       _srv._udp.local. PTR cls:1 ttl:1000 myservice._srv._udp.local.
00:00:31.363       myservice._srv._udp.local. SRV cache-flush cls:1 ttl:1000 port:1234 w:2 prio:1 host:myhost.local.
00:00:31.363       myservice._srv._udp.local. TXT cache-flush cls:1 ttl:1000 data-len:5
00:00:31.363       _services._dns-sd._udp.local. PTR cls:1 ttl:4500 _srv._udp.local.
00:00:31.363    Additional
00:00:31.363       myservice._srv._udp.local. NSEC cache-flush cls:1 ttl:4500 [ TXT SRV ]
00:00:31.363 Register callback - ResuestId:0 Error:OK
00:00:31.504 AdvanceTime for 1.000
00:00:32.363 otPlatMdnsSendMulticast(msg-len:153)
00:00:32.363    Response id:0 qt:0 t:0 rcode:0 [q:0 ans:4 auth:0 addn:1]
00:00:32.363    Answer
00:00:32.363       _srv._udp.local. PTR cls:1 ttl:1000 myservice._srv._udp.local.
00:00:32.363       myservice._srv._udp.local. SRV cache-flush cls:1 ttl:1000 port:1234 w:2 prio:1 host:myhost.local.
00:00:32.363       myservice._srv._udp.local. TXT cache-flush cls:1 ttl:1000 data-len:5
00:00:32.363       _services._dns-sd._udp.local. PTR cls:1 ttl:4500 _srv._udp.local.
00:00:32.363    Additional
00:00:32.363       myservice._srv._udp.local. NSEC cache-flush cls:1 ttl:4500 [ TXT SRV ]
00:00:32.504 AdvanceTime for 2.000
00:00:34.363 otPlatMdnsSendMulticast(msg-len:153)
00:00:34.363    Response id:0 qt:0 t:0 rcode:0 [q:0 ans:4 auth:0 addn:1]
00:00:34.363    Answer
00:00:34.363       _srv._udp.local. PTR cls:1 ttl:1000 myservice._srv._udp.local.
00:00:34.363       myservice._srv._udp.local. SRV cache-flush cls:1 ttl:1000 port:1234 w:2 prio:1 host:myhost.local.
00:00:34.363       myservice._srv._udp.local. TXT cache-flush cls:1 ttl:1000 data-len:5
00:00:34.363       _services._dns-sd._udp.local. PTR cls:1 ttl:4500 _srv._udp.local.
00:00:34.363    Additional
00:00:34.363       myservice._srv._udp.local. NSEC cache-flush cls:1 ttl:4500 [ TXT SRV ]
00:00:34.504 - - - - - - - - - - - - - - - - - - - - - - - - - - - - - - - - - - - - - - - - - - - - -
00:00:34.504 Send a response for service name and validate that conflict is detected and callback is called
00:00:34.504 Sending response with empty key for myservice._srv._udp.local.
00:00:34.504 Conflict callback - myservice _srv._udp
00:00:34.504 AdvanceTime for 0.001
00:00:34.505 AdvanceTime for 20.000
00:00:54.505 otPlatMdnsSetListeningEnabled(false)
00:00:54.505 End of test
00:00:00.000 -------------------------------------------------------------------------------------------
00:00:00.000 TestBrowser
00:00:00.000 AdvanceTime for 0.001
00:00:00.001 otPlatMdnsSetListeningEnabled(true)
00:00:00.001 - - - - - - - - - - - - - - - - - - - - - - - - - - - - - - - - - - - - - - - - - - - - -
00:00:00.001 Start a browser. Validate initial queries.
00:00:00.001 AdvanceTime for 0.125
00:00:00.057 otPlatMdnsSendMulticast(msg-len:33)
00:00:00.057    Query id:0 qt:0 t:0 rcode:0 [q:1 ans:0 auth:0 addn:0]
00:00:00.057    Question
00:00:00.057       _srv._udp.local. PTR QM class:1
00:00:00.126 AdvanceTime for 1.032
00:00:01.063 otPlatMdnsSendMulticast(msg-len:33)
00:00:01.063    Query id:0 qt:0 t:0 rcode:0 [q:1 ans:0 auth:0 addn:0]
00:00:01.063    Question
00:00:01.063       _srv._udp.local. PTR QM class:1
00:00:01.158 AdvanceTime for 2.063
00:00:03.052 otPlatMdnsSendMulticast(msg-len:33)
00:00:03.052    Query id:0 qt:0 t:0 rcode:0 [q:1 ans:0 auth:0 addn:0]
00:00:03.052    Question
00:00:03.052       _srv._udp.local. PTR QM class:1
00:00:03.221 AdvanceTime for 4.126
00:00:07.142 otPlatMdnsSendMulticast(msg-len:33)
00:00:07.142    Query id:0 qt:0 t:0 rcode:0 [q:1 ans:0 auth:0 addn:0]
00:00:07.142    Question
00:00:07.142       _srv._udp.local. PTR QM class:1
00:00:07.347 AdvanceTime for 8.251
00:00:15.366 otPlatMdnsSendMulticast(msg-len:33)
00:00:15.366    Query id:0 qt:0 t:0 rcode:0 [q:1 ans:0 auth:0 addn:0]
00:00:15.366    Question
00:00:15.366       _srv._udp.local. PTR QM class:1
00:00:15.598 AdvanceTime for 16.501
00:00:31.296 otPlatMdnsSendMulticast(msg-len:33)
00:00:31.296    Query id:0 qt:0 t:0 rcode:0 [q:1 ans:0 auth:0 addn:0]
00:00:31.296    Question
00:00:31.296       _srv._udp.local. PTR QM class:1
00:00:32.099 AdvanceTime for 33.001
00:01:03.234 otPlatMdnsSendMulticast(msg-len:33)
00:01:03.234    Query id:0 qt:0 t:0 rcode:0 [q:1 ans:0 auth:0 addn:0]
00:01:03.234    Question
00:01:03.234       _srv._udp.local. PTR QM class:1
00:01:05.100 AdvanceTime for 66.001
00:02:08.948 otPlatMdnsSendMulticast(msg-len:33)
00:02:08.948    Query id:0 qt:0 t:0 rcode:0 [q:1 ans:0 auth:0 addn:0]
00:02:08.948    Question
00:02:08.948       _srv._udp.local. PTR QM class:1
00:02:11.101 AdvanceTime for 132.001
00:04:13.581 otPlatMdnsSendMulticast(msg-len:33)
00:04:13.581    Query id:0 qt:0 t:0 rcode:0 [q:1 ans:0 auth:0 addn:0]
00:04:13.581    Question
00:04:13.581       _srv._udp.local. PTR QM class:1
00:04:23.102 AdvanceTime for 264.001
00:08:28.439 otPlatMdnsSendMulticast(msg-len:33)
00:08:28.439    Query id:0 qt:0 t:0 rcode:0 [q:1 ans:0 auth:0 addn:0]
00:08:28.439    Question
00:08:28.439       _srv._udp.local. PTR QM class:1
00:08:47.103 AdvanceTime for 528.001
00:17:14.452 otPlatMdnsSendMulticast(msg-len:33)
00:17:14.452    Query id:0 qt:0 t:0 rcode:0 [q:1 ans:0 auth:0 addn:0]
00:17:14.452    Question
00:17:14.452       _srv._udp.local. PTR QM class:1
00:17:35.104 AdvanceTime for 1056.001
00:34:34.995 otPlatMdnsSendMulticast(msg-len:33)
00:34:34.995    Query id:0 qt:0 t:0 rcode:0 [q:1 ans:0 auth:0 addn:0]
00:34:34.995    Question
00:34:34.995       _srv._udp.local. PTR QM class:1
00:35:11.105 AdvanceTime for 2112.001
01:09:39.669 otPlatMdnsSendMulticast(msg-len:33)
01:09:39.669    Query id:0 qt:0 t:0 rcode:0 [q:1 ans:0 auth:0 addn:0]
01:09:39.669    Question
01:09:39.669       _srv._udp.local. PTR QM class:1
01:10:23.106 AdvanceTime for 3712.501
02:09:23.922 otPlatMdnsSendMulticast(msg-len:33)
02:09:23.922    Query id:0 qt:0 t:0 rcode:0 [q:1 ans:0 auth:0 addn:0]
02:09:23.922    Question
02:09:23.922       _srv._udp.local. PTR QM class:1
02:12:15.607 AdvanceTime for 3712.501
03:10:01.131 otPlatMdnsSendMulticast(msg-len:33)
03:10:01.131    Query id:0 qt:0 t:0 rcode:0 [q:1 ans:0 auth:0 addn:0]
03:10:01.131    Question
03:10:01.131       _srv._udp.local. PTR QM class:1
03:14:08.108 AdvanceTime for 20.000
03:14:28.108 - - - - - - - - - - - - - - - - - - - - - - - - - - - - - - - - - - - - - - - - - - - - -
03:14:28.108 Send a response. Validate callback result.
03:14:28.108 Sending PTR response for _srv._udp.local. with mysrv._srv._udp.local., ttl:120
03:14:28.108 Browse callback: _srv._udp (subtype:(null)) -> mysrv ttl:120
03:14:28.108 AdvanceTime for 0.001
03:14:28.109 - - - - - - - - - - - - - - - - - - - - - - - - - - - - - - - - - - - - - - - - - - - - -
03:14:28.109 Send another response. Validate callback result.
03:14:28.109 AdvanceTime for 10.000
03:14:38.109 Sending PTR response for _srv._udp.local. with awesome._srv._udp.local., ttl:500
03:14:38.109 Browse callback: _srv._udp (subtype:(null)) -> awesome ttl:500
03:14:38.109 AdvanceTime for 0.001
03:14:38.110 - - - - - - - - - - - - - - - - - - - - - - - - - - - - - - - - - - - - - - - - - - - - -
03:14:38.110 Start another browser for the same service and different callback. Validate results.
03:14:38.110 AdvanceTime for 5.000
03:14:43.110 Alternate browse callback is called
03:14:43.110 Browse callback: _srv._udp (subtype:(null)) -> awesome ttl:500
03:14:43.110 Alternate browse callback is called
03:14:43.110 Browse callback: _srv._udp (subtype:(null)) -> mysrv ttl:120
03:14:43.110 AdvanceTime for 5.000
03:14:48.110 - - - - - - - - - - - - - - - - - - - - - - - - - - - - - - - - - - - - - - - - - - - - -
03:14:48.110 Start same browser again and check the returned error.
03:14:48.110 AdvanceTime for 5.000
03:14:53.110 - - - - - - - - - - - - - - - - - - - - - - - - - - - - - - - - - - - - - - - - - - - - -
03:14:53.110 Send a goodbye response. Validate result callback for both browsers.
03:14:53.110 Sending PTR response for _srv._udp.local. with awesome._srv._udp.local., ttl:0
03:14:53.110 Alternate browse callback is called
03:14:53.110 Browse callback: _srv._udp (subtype:(null)) -> awesome ttl:0
03:14:53.110 Browse callback: _srv._udp (subtype:(null)) -> awesome ttl:0
03:14:53.110 AdvanceTime for 0.001
03:14:53.111 - - - - - - - - - - - - - - - - - - - - - - - - - - - - - - - - - - - - - - - - - - - - -
03:14:53.111 Send a response with no changes, validate that no callback is invoked.
03:14:53.111 Sending PTR response for _srv._udp.local. with mysrv._srv._udp.local., ttl:120
03:14:53.111 AdvanceTime for 0.001
03:14:53.112 - - - - - - - - - - - - - - - - - - - - - - - - - - - - - - - - - - - - - - - - - - - - -
03:14:53.112 Stop the second browser.
03:14:53.112 AdvanceTime for 5.000
03:14:58.112 - - - - - - - - - - - - - - - - - - - - - - - - - - - - - - - - - - - - - - - - - - - - -
03:14:58.112 Check query is sent at 80 percentage of TTL and then respond to it.
03:14:58.112 AdvanceTime for 90.999
03:16:29.111 AdvanceTime for 4.001
03:16:29.751 otPlatMdnsSendMulticast(msg-len:33)
03:16:29.751    Query id:0 qt:0 t:0 rcode:0 [q:1 ans:0 auth:0 addn:0]
03:16:29.751    Question
03:16:29.751       _srv._udp.local. PTR QM class:1
03:16:33.112 AdvanceTime for 0.010
03:16:33.122 Sending PTR response for _srv._udp.local. with mysrv._srv._udp.local., ttl:120
03:16:33.122 - - - - - - - - - - - - - - - - - - - - - - - - - - - - - - - - - - - - - - - - - - - - -
03:16:33.122 Check queries are sent at 80, 85, 90, 95 percentages of TTL.
03:16:33.122 AdvanceTime for 95.999
03:18:09.121 AdvanceTime for 2.401
03:18:10.959 otPlatMdnsSendMulticast(msg-len:33)
03:18:10.959    Query id:0 qt:0 t:0 rcode:0 [q:1 ans:0 auth:0 addn:0]
03:18:10.959    Question
03:18:10.959       _srv._udp.local. PTR QM class:1
03:18:11.522 AdvanceTime for 3.599
03:18:15.121 AdvanceTime for 2.401
03:18:16.487 otPlatMdnsSendMulticast(msg-len:33)
03:18:16.487    Query id:0 qt:0 t:0 rcode:0 [q:1 ans:0 auth:0 addn:0]
03:18:16.487    Question
03:18:16.487       _srv._udp.local. PTR QM class:1
03:18:17.522 AdvanceTime for 3.599
03:18:21.121 AdvanceTime for 2.401
03:18:21.934 otPlatMdnsSendMulticast(msg-len:33)
03:18:21.934    Query id:0 qt:0 t:0 rcode:0 [q:1 ans:0 auth:0 addn:0]
03:18:21.934    Question
03:18:21.934       _srv._udp.local. PTR QM class:1
03:18:23.522 AdvanceTime for 3.599
03:18:27.121 AdvanceTime for 2.401
03:18:28.632 otPlatMdnsSendMulticast(msg-len:33)
03:18:28.632    Query id:0 qt:0 t:0 rcode:0 [q:1 ans:0 auth:0 addn:0]
03:18:28.632    Question
03:18:28.632       _srv._udp.local. PTR QM class:1
03:18:29.522 - - - - - - - - - - - - - - - - - - - - - - - - - - - - - - - - - - - - - - - - - - - - -
03:18:29.522 Check TTL timeout and callback result.
03:18:29.522 AdvanceTime for 6.000
03:18:33.122 Browse callback: _srv._udp (subtype:(null)) -> mysrv ttl:0
03:18:35.522 - - - - - - - - - - - - - - - - - - - - - - - - - - - - - - - - - - - - - - - - - - - - -
03:18:35.522 AdvanceTime for 200.000
03:21:55.522 - - - - - - - - - - - - - - - - - - - - - - - - - - - - - - - - - - - - - - - - - - - - -
03:21:55.522 Send a new response and make sure result callback is invoked
03:21:55.522 Sending PTR response for _srv._udp.local. with great._srv._udp.local., ttl:200
03:21:55.522 Browse callback: _srv._udp (subtype:(null)) -> great ttl:200
03:21:55.522 AdvanceTime for 0.001
03:21:55.523 AdvanceTime for 150.000
03:24:25.523 - - - - - - - - - - - - - - - - - - - - - - - - - - - - - - - - - - - - - - - - - - - - -
03:24:25.523 Stop the browser. There is no active browser for this service. Ensure no queries are sent
03:24:25.523 AdvanceTime for 100.000
03:26:05.523 - - - - - - - - - - - - - - - - - - - - - - - - - - - - - - - - - - - - - - - - - - - - -
03:26:05.523 Start browser again. Validate that initial queries are sent again
03:26:05.523 AdvanceTime for 0.125
03:26:05.608 otPlatMdnsSendMulticast(msg-len:33)
03:26:05.608    Query id:0 qt:0 t:0 rcode:0 [q:1 ans:0 auth:0 addn:0]
03:26:05.608    Question
03:26:05.608       _srv._udp.local. PTR QM class:1
03:26:05.648 - - - - - - - - - - - - - - - - - - - - - - - - - - - - - - - - - - - - - - - - - - - - -
03:26:05.648 Send a response after the first initial query
03:26:05.648 Sending PTR response for _srv._udp.local. with mysrv._srv._udp.local., ttl:72000
03:26:05.648 Browse callback: _srv._udp (subtype:(null)) -> mysrv ttl:72000
03:26:05.648 AdvanceTime for 0.001
03:26:05.649 - - - - - - - - - - - - - - - - - - - - - - - - - - - - - - - - - - - - - - - - - - - - -
03:26:05.649 Validate initial queries are still sent and include known-answer
03:26:05.649 AdvanceTime for 1.032
03:26:06.608 otPlatMdnsSendMulticast(msg-len:53)
03:26:06.608    Query id:0 qt:0 t:0 rcode:0 [q:1 ans:1 auth:0 addn:0]
03:26:06.608    Question
03:26:06.608       _srv._udp.local. PTR QM class:1
03:26:06.608    Answer
03:26:06.608       _srv._udp.local. PTR cls:1 ttl:71999 mysrv._srv._udp.local.
03:26:06.681 AdvanceTime for 2.063
03:26:08.591 otPlatMdnsSendMulticast(msg-len:53)
03:26:08.591    Query id:0 qt:0 t:0 rcode:0 [q:1 ans:1 auth:0 addn:0]
03:26:08.591    Question
03:26:08.591       _srv._udp.local. PTR QM class:1
03:26:08.591    Answer
03:26:08.591       _srv._udp.local. PTR cls:1 ttl:71997 mysrv._srv._udp.local.
03:26:08.744 AdvanceTime for 4.126
03:26:12.644 otPlatMdnsSendMulticast(msg-len:53)
03:26:12.644    Query id:0 qt:0 t:0 rcode:0 [q:1 ans:1 auth:0 addn:0]
03:26:12.644    Question
03:26:12.644       _srv._udp.local. PTR QM class:1
03:26:12.644    Answer
03:26:12.644       _srv._udp.local. PTR cls:1 ttl:71993 mysrv._srv._udp.local.
03:26:12.870 AdvanceTime for 8.251
03:26:20.550 otPlatMdnsSendMulticast(msg-len:53)
03:26:20.550    Query id:0 qt:0 t:0 rcode:0 [q:1 ans:1 auth:0 addn:0]
03:26:20.550    Question
03:26:20.550       _srv._udp.local. PTR QM class:1
03:26:20.550    Answer
03:26:20.550       _srv._udp.local. PTR cls:1 ttl:71985 mysrv._srv._udp.local.
03:26:21.121 AdvanceTime for 16.501
03:26:36.772 otPlatMdnsSendMulticast(msg-len:53)
03:26:36.772    Query id:0 qt:0 t:0 rcode:0 [q:1 ans:1 auth:0 addn:0]
03:26:36.772    Question
03:26:36.772       _srv._udp.local. PTR QM class:1
03:26:36.772    Answer
03:26:36.772       _srv._udp.local. PTR cls:1 ttl:71968 mysrv._srv._udp.local.
03:26:37.622 AdvanceTime for 33.001
03:27:09.647 otPlatMdnsSendMulticast(msg-len:53)
03:27:09.647    Query id:0 qt:0 t:0 rcode:0 [q:1 ans:1 auth:0 addn:0]
03:27:09.647    Question
03:27:09.647       _srv._udp.local. PTR QM class:1
03:27:09.647    Answer
03:27:09.647       _srv._udp.local. PTR cls:1 ttl:71936 mysrv._srv._udp.local.
03:27:10.623 AdvanceTime for 66.001
03:28:14.690 otPlatMdnsSendMulticast(msg-len:53)
03:28:14.690    Query id:0 qt:0 t:0 rcode:0 [q:1 ans:1 auth:0 addn:0]
03:28:14.690    Question
03:28:14.690       _srv._udp.local. PTR QM class:1
03:28:14.690    Answer
03:28:14.690       _srv._udp.local. PTR cls:1 ttl:71870 mysrv._srv._udp.local.
03:28:16.624 AdvanceTime for 132.001
03:30:23.999 otPlatMdnsSendMulticast(msg-len:53)
03:30:23.999    Query id:0 qt:0 t:0 rcode:0 [q:1 ans:1 auth:0 addn:0]
03:30:23.999    Question
03:30:23.999       _srv._udp.local. PTR QM class:1
03:30:23.999    Answer
03:30:23.999       _srv._udp.local. PTR cls:1 ttl:71741 mysrv._srv._udp.local.
03:30:28.625 AdvanceTime for 264.001
03:34:34.014 otPlatMdnsSendMulticast(msg-len:53)
03:34:34.014    Query id:0 qt:0 t:0 rcode:0 [q:1 ans:1 auth:0 addn:0]
03:34:34.014    Question
03:34:34.014       _srv._udp.local. PTR QM class:1
03:34:34.014    Answer
03:34:34.014       _srv._udp.local. PTR cls:1 ttl:71491 mysrv._srv._udp.local.
03:34:52.626 AdvanceTime for 528.001
03:43:15.704 otPlatMdnsSendMulticast(msg-len:53)
03:43:15.704    Query id:0 qt:0 t:0 rcode:0 [q:1 ans:1 auth:0 addn:0]
03:43:15.704    Question
03:43:15.704       _srv._udp.local. PTR QM class:1
03:43:15.704    Answer
03:43:15.704       _srv._udp.local. PTR cls:1 ttl:70969 mysrv._srv._udp.local.
03:43:40.627 AdvanceTime for 1056.001
04:00:20.398 otPlatMdnsSendMulticast(msg-len:53)
04:00:20.398    Query id:0 qt:0 t:0 rcode:0 [q:1 ans:1 auth:0 addn:0]
04:00:20.398    Question
04:00:20.398       _srv._udp.local. PTR QM class:1
04:00:20.398    Answer
04:00:20.398       _srv._udp.local. PTR cls:1 ttl:69945 mysrv._srv._udp.local.
04:01:16.628 AdvanceTime for 2112.001
04:35:03.134 otPlatMdnsSendMulticast(msg-len:53)
04:35:03.134    Query id:0 qt:0 t:0 rcode:0 [q:1 ans:1 auth:0 addn:0]
04:35:03.134    Question
04:35:03.134       _srv._udp.local. PTR QM class:1
04:35:03.134    Answer
04:35:03.134       _srv._udp.local. PTR cls:1 ttl:67862 mysrv._srv._udp.local.
04:36:28.629 AdvanceTime for 3712.501
05:34:22.683 otPlatMdnsSendMulticast(msg-len:53)
05:34:22.683    Query id:0 qt:0 t:0 rcode:0 [q:1 ans:1 auth:0 addn:0]
05:34:22.683    Question
05:34:22.683       _srv._udp.local. PTR QM class:1
05:34:22.683    Answer
05:34:22.683       _srv._udp.local. PTR cls:1 ttl:64302 mysrv._srv._udp.local.
05:38:21.130 AdvanceTime for 3712.501
06:33:37.103 otPlatMdnsSendMulticast(msg-len:53)
06:33:37.103    Query id:0 qt:0 t:0 rcode:0 [q:1 ans:1 auth:0 addn:0]
06:33:37.103    Question
06:33:37.103       _srv._udp.local. PTR QM class:1
06:33:37.103    Answer
06:33:37.103       _srv._udp.local. PTR cls:1 ttl:60748 mysrv._srv._udp.local.
06:40:13.631 - - - - - - - - - - - - - - - - - - - - - - - - - - - - - - - - - - - - - - - - - - - - -
06:40:13.631 AdvanceTime for 50.000
06:41:03.631 otPlatMdnsSetListeningEnabled(false)
06:41:03.631 End of test
00:00:00.000 -------------------------------------------------------------------------------------------
00:00:00.000 TestSrvResolver
00:00:00.000 AdvanceTime for 0.001
00:00:00.001 otPlatMdnsSetListeningEnabled(true)
00:00:00.001 - - - - - - - - - - - - - - - - - - - - - - - - - - - - - - - - - - - - - - - - - - - - -
00:00:00.001 Start a SRV resolver. Validate initial queries.
00:00:00.001 AdvanceTime for 0.125
00:00:00.061 otPlatMdnsSendMulticast(msg-len:39)
00:00:00.061    Query id:0 qt:0 t:0 rcode:0 [q:1 ans:0 auth:0 addn:0]
00:00:00.061    Question
00:00:00.061       mysrv._srv._udp.local. SRV QM class:1
00:00:00.126 AdvanceTime for 1.032
00:00:01.061 otPlatMdnsSendMulticast(msg-len:39)
00:00:01.061    Query id:0 qt:0 t:0 rcode:0 [q:1 ans:0 auth:0 addn:0]
00:00:01.061    Question
00:00:01.061       mysrv._srv._udp.local. SRV QM class:1
00:00:01.158 AdvanceTime for 2.063
00:00:03.048 otPlatMdnsSendMulticast(msg-len:39)
00:00:03.048    Query id:0 qt:0 t:0 rcode:0 [q:1 ans:0 auth:0 addn:0]
00:00:03.048    Question
00:00:03.048       mysrv._srv._udp.local. SRV QM class:1
00:00:03.221 AdvanceTime for 4.126
00:00:07.019 otPlatMdnsSendMulticast(msg-len:39)
00:00:07.019    Query id:0 qt:0 t:0 rcode:0 [q:1 ans:0 auth:0 addn:0]
00:00:07.019    Question
00:00:07.019       mysrv._srv._udp.local. SRV QM class:1
00:00:07.347 AdvanceTime for 8.251
00:00:15.182 otPlatMdnsSendMulticast(msg-len:39)
00:00:15.182    Query id:0 qt:0 t:0 rcode:0 [q:1 ans:0 auth:0 addn:0]
00:00:15.182    Question
00:00:15.182       mysrv._srv._udp.local. SRV QM class:1
00:00:15.598 AdvanceTime for 16.501
00:00:31.209 otPlatMdnsSendMulticast(msg-len:39)
00:00:31.209    Query id:0 qt:0 t:0 rcode:0 [q:1 ans:0 auth:0 addn:0]
00:00:31.209    Question
00:00:31.209       mysrv._srv._udp.local. SRV QM class:1
00:00:32.099 AdvanceTime for 33.001
00:01:04.132 otPlatMdnsSendMulticast(msg-len:39)
00:01:04.132    Query id:0 qt:0 t:0 rcode:0 [q:1 ans:0 auth:0 addn:0]
00:01:04.132    Question
00:01:04.132       mysrv._srv._udp.local. SRV QM class:1
00:01:05.100 AdvanceTime for 66.001
00:02:09.740 otPlatMdnsSendMulticast(msg-len:39)
00:02:09.740    Query id:0 qt:0 t:0 rcode:0 [q:1 ans:0 auth:0 addn:0]
00:02:09.740    Question
00:02:09.740       mysrv._srv._udp.local. SRV QM class:1
00:02:11.101 AdvanceTime for 132.001
00:04:21.403 otPlatMdnsSendMulticast(msg-len:39)
00:04:21.403    Query id:0 qt:0 t:0 rcode:0 [q:1 ans:0 auth:0 addn:0]
00:04:21.403    Question
00:04:21.403       mysrv._srv._udp.local. SRV QM class:1
00:04:23.102 AdvanceTime for 264.001
00:08:36.731 otPlatMdnsSendMulticast(msg-len:39)
00:08:36.731    Query id:0 qt:0 t:0 rcode:0 [q:1 ans:0 auth:0 addn:0]
00:08:36.731    Question
00:08:36.731       mysrv._srv._udp.local. SRV QM class:1
00:08:47.103 AdvanceTime for 528.001
00:17:18.160 otPlatMdnsSendMulticast(msg-len:39)
00:17:18.160    Query id:0 qt:0 t:0 rcode:0 [q:1 ans:0 auth:0 addn:0]
00:17:18.160    Question
00:17:18.160       mysrv._srv._udp.local. SRV QM class:1
00:17:35.104 AdvanceTime for 1056.001
00:33:54.703 otPlatMdnsSendMulticast(msg-len:39)
00:33:54.703    Query id:0 qt:0 t:0 rcode:0 [q:1 ans:0 auth:0 addn:0]
00:33:54.703    Question
00:33:54.703       mysrv._srv._udp.local. SRV QM class:1
00:35:11.105 AdvanceTime for 2112.001
01:07:46.003 otPlatMdnsSendMulticast(msg-len:39)
01:07:46.003    Query id:0 qt:0 t:0 rcode:0 [q:1 ans:0 auth:0 addn:0]
01:07:46.003    Question
01:07:46.003       mysrv._srv._udp.local. SRV QM class:1
01:10:23.106 AdvanceTime for 3712.501
02:07:20.124 otPlatMdnsSendMulticast(msg-len:39)
02:07:20.124    Query id:0 qt:0 t:0 rcode:0 [q:1 ans:0 auth:0 addn:0]
02:07:20.124    Question
02:07:20.124       mysrv._srv._udp.local. SRV QM class:1
02:12:15.607 AdvanceTime for 3712.501
03:07:58.177 otPlatMdnsSendMulticast(msg-len:39)
03:07:58.177    Query id:0 qt:0 t:0 rcode:0 [q:1 ans:0 auth:0 addn:0]
03:07:58.177    Question
03:07:58.177       mysrv._srv._udp.local. SRV QM class:1
03:14:08.108 AdvanceTime for 20.000
03:14:28.108 - - - - - - - - - - - - - - - - - - - - - - - - - - - - - - - - - - - - - - - - - - - - -
03:14:28.108 Send a response. Validate callback result.
03:14:28.108 Sending SRV response for mysrv._srv._udp.local., host:myhost.local., port:1234, ttl:120
03:14:28.108 SRV callback: mysrv _srv._udp, host:myhost port:1234, prio:0, weight:1, ttl:120
03:14:28.108 AdvanceTime for 0.001
03:14:28.109 - - - - - - - - - - - - - - - - - - - - - - - - - - - - - - - - - - - - - - - - - - - - -
03:14:28.109 Send an updated response changing host name. Validate callback result.
03:14:28.109 AdvanceTime for 1.000
03:14:29.109 Sending SRV response for mysrv._srv._udp.local., host:myhost2.local., port:1234, ttl:120
03:14:29.109 SRV callback: mysrv _srv._udp, host:myhost2 port:1234, prio:0, weight:1, ttl:120
03:14:29.109 AdvanceTime for 0.001
03:14:29.110 - - - - - - - - - - - - - - - - - - - - - - - - - - - - - - - - - - - - - - - - - - - - -
03:14:29.110 Send an updated response changing port. Validate callback result.
03:14:29.110 AdvanceTime for 1.000
03:14:30.110 Sending SRV response for mysrv._srv._udp.local., host:myhost2.local., port:4567, ttl:120
03:14:30.110 SRV callback: mysrv _srv._udp, host:myhost2 port:4567, prio:0, weight:1, ttl:120
03:14:30.110 AdvanceTime for 0.001
03:14:30.111 - - - - - - - - - - - - - - - - - - - - - - - - - - - - - - - - - - - - - - - - - - - - -
03:14:30.111 Send an updated response changing TTL. Validate callback result.
03:14:30.111 AdvanceTime for 1.000
03:14:31.111 Sending SRV response for mysrv._srv._udp.local., host:myhost2.local., port:4567, ttl:0
03:14:31.111 SRV callback: mysrv _srv._udp, ttl:0
03:14:31.111 AdvanceTime for 0.001
03:14:31.112 - - - - - - - - - - - - - - - - - - - - - - - - - - - - - - - - - - - - - - - - - - - - -
03:14:31.112 Send an updated response changing a bunch of things. Validate callback result.
03:14:31.112 AdvanceTime for 1.000
03:14:32.112 Sending SRV response for mysrv._srv._udp.local., host:myhost.local., port:1234, ttl:120
03:14:32.112 SRV callback: mysrv _srv._udp, host:myhost port:1234, prio:2, weight:3, ttl:120
03:14:32.112 AdvanceTime for 0.001
03:14:32.113 - - - - - - - - - - - - - - - - - - - - - - - - - - - - - - - - - - - - - - - - - - - - -
03:14:32.113 Send a response with no changes. Validate callback is not invoked.
03:14:32.113 AdvanceTime for 1.000
03:14:33.113 Sending SRV response for mysrv._srv._udp.local., host:myhost.local., port:1234, ttl:120
03:14:33.113 AdvanceTime for 0.001
03:14:33.114 - - - - - - - - - - - - - - - - - - - - - - - - - - - - - - - - - - - - - - - - - - - - -
03:14:33.114 Start another resolver for the same service and different callback. Validate results.
03:14:33.114 Alternate SRV callback is called
03:14:33.114 SRV callback: mysrv _srv._udp, host:myhost port:1234, prio:2, weight:3, ttl:120
03:14:33.114 AdvanceTime for 0.001
03:14:33.115 - - - - - - - - - - - - - - - - - - - - - - - - - - - - - - - - - - - - - - - - - - - - -
03:14:33.115 Start same resolver again and check the returned error.
03:14:33.115 AdvanceTime for 5.000
03:14:38.115 - - - - - - - - - - - - - - - - - - - - - - - - - - - - - - - - - - - - - - - - - - - - -
03:14:38.115 Check query is sent at 80 percentage of TTL and then respond to it.
03:14:38.115 Sending SRV response for mysrv._srv._udp.local., host:myhost.local., port:1234, ttl:120
03:14:38.115 AdvanceTime for 95.999
03:16:14.114 AdvanceTime for 4.001
03:16:16.388 otPlatMdnsSendMulticast(msg-len:39)
03:16:16.388    Query id:0 qt:0 t:0 rcode:0 [q:1 ans:0 auth:0 addn:0]
03:16:16.388    Question
03:16:16.388       mysrv._srv._udp.local. SRV QM class:1
03:16:18.115 AdvanceTime for 0.010
03:16:18.125 Sending SRV response for mysrv._srv._udp.local., host:myhost.local., port:1234, ttl:120
03:16:18.125 - - - - - - - - - - - - - - - - - - - - - - - - - - - - - - - - - - - - - - - - - - - - -
03:16:18.125 Check queries are sent at 80, 85, 90, 95 percentages of TTL.
03:16:18.125 AdvanceTime for 95.999
03:17:54.124 AdvanceTime for 2.401
03:17:55.609 otPlatMdnsSendMulticast(msg-len:39)
03:17:55.609    Query id:0 qt:0 t:0 rcode:0 [q:1 ans:0 auth:0 addn:0]
03:17:55.609    Question
03:17:55.609       mysrv._srv._udp.local. SRV QM class:1
03:17:56.525 AdvanceTime for 3.599
03:18:00.124 AdvanceTime for 2.401
03:18:02.048 otPlatMdnsSendMulticast(msg-len:39)
03:18:02.048    Query id:0 qt:0 t:0 rcode:0 [q:1 ans:0 auth:0 addn:0]
03:18:02.048    Question
03:18:02.048       mysrv._srv._udp.local. SRV QM class:1
03:18:02.525 AdvanceTime for 3.599
03:18:06.124 AdvanceTime for 2.401
03:18:06.514 otPlatMdnsSendMulticast(msg-len:39)
03:18:06.514    Query id:0 qt:0 t:0 rcode:0 [q:1 ans:0 auth:0 addn:0]
03:18:06.514    Question
03:18:06.514       mysrv._srv._udp.local. SRV QM class:1
03:18:08.525 AdvanceTime for 3.599
03:18:12.124 AdvanceTime for 2.401
03:18:13.173 otPlatMdnsSendMulticast(msg-len:39)
03:18:13.173    Query id:0 qt:0 t:0 rcode:0 [q:1 ans:0 auth:0 addn:0]
03:18:13.173    Question
03:18:13.173       mysrv._srv._udp.local. SRV QM class:1
03:18:14.525 - - - - - - - - - - - - - - - - - - - - - - - - - - - - - - - - - - - - - - - - - - - - -
03:18:14.525 Check TTL timeout and callback result.
03:18:14.525 AdvanceTime for 6.000
03:18:18.125 Alternate SRV callback is called
03:18:18.125 SRV callback: mysrv _srv._udp, ttl:0
03:18:18.125 SRV callback: mysrv _srv._udp, ttl:0
03:18:20.525 - - - - - - - - - - - - - - - - - - - - - - - - - - - - - - - - - - - - - - - - - - - - -
03:18:20.525 AdvanceTime for 200.000
03:21:40.525 - - - - - - - - - - - - - - - - - - - - - - - - - - - - - - - - - - - - - - - - - - - - -
03:21:40.525 Stop the second resolver
03:21:40.525 AdvanceTime for 100.000
03:23:20.525 - - - - - - - - - - - - - - - - - - - - - - - - - - - - - - - - - - - - - - - - - - - - -
03:23:20.525 Send a new response and make sure result callback is invoked
03:23:20.525 Sending SRV response for mysrv._srv._udp.local., host:myhost.local., port:1234, ttl:120
03:23:20.525 SRV callback: mysrv _srv._udp, host:myhost port:1234, prio:2, weight:3, ttl:120
03:23:20.525 AdvanceTime for 0.001
03:23:20.526 - - - - - - - - - - - - - - - - - - - - - - - - - - - - - - - - - - - - - - - - - - - - -
03:23:20.526 Stop the resolver. There is no active resolver. Ensure no queries are sent
03:23:20.526 AdvanceTime for 20.000
03:23:40.526 - - - - - - - - - - - - - - - - - - - - - - - - - - - - - - - - - - - - - - - - - - - - -
03:23:40.526 Restart the resolver with more than half of TTL remaining.
03:23:40.526 Ensure cached entry is reported in the result callback and no queries are sent.
03:23:40.526 SRV callback: mysrv _srv._udp, host:myhost port:1234, prio:2, weight:3, ttl:120
03:23:40.526 AdvanceTime for 0.001
03:23:40.527 AdvanceTime for 20.000
03:24:00.527 - - - - - - - - - - - - - - - - - - - - - - - - - - - - - - - - - - - - - - - - - - - - -
03:24:00.527 Stop and start the resolver again after less than half TTL remaining.
03:24:00.527 Ensure cached entry is still reported in the result callback but queries should be sent
03:24:00.527 AdvanceTime for 25.000
03:24:25.527 SRV callback: mysrv _srv._udp, host:myhost port:1234, prio:2, weight:3, ttl:120
03:24:25.527 AdvanceTime for 0.001
03:24:25.528 AdvanceTime for 20.000
03:24:25.613 otPlatMdnsSendMulticast(msg-len:39)
03:24:25.613    Query id:0 qt:0 t:0 rcode:0 [q:1 ans:0 auth:0 addn:0]
03:24:25.613    Question
03:24:25.613       mysrv._srv._udp.local. SRV QM class:1
03:24:26.635 otPlatMdnsSendMulticast(msg-len:39)
03:24:26.635    Query id:0 qt:0 t:0 rcode:0 [q:1 ans:0 auth:0 addn:0]
03:24:26.635    Question
03:24:26.635       mysrv._srv._udp.local. SRV QM class:1
03:24:28.645 otPlatMdnsSendMulticast(msg-len:39)
03:24:28.645    Query id:0 qt:0 t:0 rcode:0 [q:1 ans:0 auth:0 addn:0]
03:24:28.645    Question
03:24:28.645       mysrv._srv._udp.local. SRV QM class:1
03:24:32.685 otPlatMdnsSendMulticast(msg-len:39)
03:24:32.685    Query id:0 qt:0 t:0 rcode:0 [q:1 ans:0 auth:0 addn:0]
03:24:32.685    Question
03:24:32.685       mysrv._srv._udp.local. SRV QM class:1
03:24:40.820 otPlatMdnsSendMulticast(msg-len:39)
03:24:40.820    Query id:0 qt:0 t:0 rcode:0 [q:1 ans:0 auth:0 addn:0]
03:24:40.820    Question
03:24:40.820       mysrv._srv._udp.local. SRV QM class:1
03:24:45.528 - - - - - - - - - - - - - - - - - - - - - - - - - - - - - - - - - - - - - - - - - - - - -
03:24:45.528 otPlatMdnsSetListeningEnabled(false)
03:24:45.528 End of test
00:00:00.000 -------------------------------------------------------------------------------------------
00:00:00.000 TestTxtResolver
00:00:00.000 AdvanceTime for 0.001
00:00:00.001 otPlatMdnsSetListeningEnabled(true)
00:00:00.001 - - - - - - - - - - - - - - - - - - - - - - - - - - - - - - - - - - - - - - - - - - - - -
00:00:00.001 Start a TXT resolver. Validate initial queries.
00:00:00.001 AdvanceTime for 0.125
00:00:00.030 otPlatMdnsSendMulticast(msg-len:39)
00:00:00.030    Query id:0 qt:0 t:0 rcode:0 [q:1 ans:0 auth:0 addn:0]
00:00:00.030    Question
00:00:00.030       mysrv._srv._udp.local. TXT QM class:1
00:00:00.126 AdvanceTime for 1.032
00:00:01.030 otPlatMdnsSendMulticast(msg-len:39)
00:00:01.030    Query id:0 qt:0 t:0 rcode:0 [q:1 ans:0 auth:0 addn:0]
00:00:01.030    Question
00:00:01.030       mysrv._srv._udp.local. TXT QM class:1
00:00:01.158 AdvanceTime for 2.063
00:00:02.999 otPlatMdnsSendMulticast(msg-len:39)
00:00:02.999    Query id:0 qt:0 t:0 rcode:0 [q:1 ans:0 auth:0 addn:0]
00:00:02.999    Question
00:00:02.999       mysrv._srv._udp.local. TXT QM class:1
00:00:03.221 AdvanceTime for 4.126
00:00:06.976 otPlatMdnsSendMulticast(msg-len:39)
00:00:06.976    Query id:0 qt:0 t:0 rcode:0 [q:1 ans:0 auth:0 addn:0]
00:00:06.976    Question
00:00:06.976       mysrv._srv._udp.local. TXT QM class:1
00:00:07.347 AdvanceTime for 8.251
00:00:15.022 otPlatMdnsSendMulticast(msg-len:39)
00:00:15.022    Query id:0 qt:0 t:0 rcode:0 [q:1 ans:0 auth:0 addn:0]
00:00:15.022    Question
00:00:15.022       mysrv._srv._udp.local. TXT QM class:1
00:00:15.598 AdvanceTime for 16.501
00:00:30.843 otPlatMdnsSendMulticast(msg-len:39)
00:00:30.843    Query id:0 qt:0 t:0 rcode:0 [q:1 ans:0 auth:0 addn:0]
00:00:30.843    Question
00:00:30.843       mysrv._srv._udp.local. TXT QM class:1
00:00:32.099 AdvanceTime for 33.001
00:01:01.850 otPlatMdnsSendMulticast(msg-len:39)
00:01:01.850    Query id:0 qt:0 t:0 rcode:0 [q:1 ans:0 auth:0 addn:0]
00:01:01.850    Question
00:01:01.850       mysrv._srv._udp.local. TXT QM class:1
00:01:05.100 AdvanceTime for 66.001
00:02:06.760 otPlatMdnsSendMulticast(msg-len:39)
00:02:06.760    Query id:0 qt:0 t:0 rcode:0 [q:1 ans:0 auth:0 addn:0]
00:02:06.760    Question
00:02:06.760       mysrv._srv._udp.local. TXT QM class:1
00:02:11.101 AdvanceTime for 132.001
00:04:11.958 otPlatMdnsSendMulticast(msg-len:39)
00:04:11.958    Query id:0 qt:0 t:0 rcode:0 [q:1 ans:0 auth:0 addn:0]
00:04:11.958    Question
00:04:11.958       mysrv._srv._udp.local. TXT QM class:1
00:04:23.102 AdvanceTime for 264.001
00:08:22.013 otPlatMdnsSendMulticast(msg-len:39)
00:08:22.013    Query id:0 qt:0 t:0 rcode:0 [q:1 ans:0 auth:0 addn:0]
00:08:22.013    Question
00:08:22.013       mysrv._srv._udp.local. TXT QM class:1
00:08:47.103 AdvanceTime for 528.001
00:17:08.327 otPlatMdnsSendMulticast(msg-len:39)
00:17:08.327    Query id:0 qt:0 t:0 rcode:0 [q:1 ans:0 auth:0 addn:0]
00:17:08.327    Question
00:17:08.327       mysrv._srv._udp.local. TXT QM class:1
00:17:35.104 AdvanceTime for 1056.001
00:34:24.726 otPlatMdnsSendMulticast(msg-len:39)
00:34:24.726    Query id:0 qt:0 t:0 rcode:0 [q:1 ans:0 auth:0 addn:0]
00:34:24.726    Question
00:34:24.726       mysrv._srv._udp.local. TXT QM class:1
00:35:11.105 AdvanceTime for 2112.001
01:08:23.218 otPlatMdnsSendMulticast(msg-len:39)
01:08:23.218    Query id:0 qt:0 t:0 rcode:0 [q:1 ans:0 auth:0 addn:0]
01:08:23.218    Question
01:08:23.218       mysrv._srv._udp.local. TXT QM class:1
01:10:23.106 AdvanceTime for 3712.501
02:07:30.648 otPlatMdnsSendMulticast(msg-len:39)
02:07:30.648    Query id:0 qt:0 t:0 rcode:0 [q:1 ans:0 auth:0 addn:0]
02:07:30.648    Question
02:07:30.648       mysrv._srv._udp.local. TXT QM class:1
02:12:15.607 AdvanceTime for 3712.501
03:08:14.051 otPlatMdnsSendMulticast(msg-len:39)
03:08:14.051    Query id:0 qt:0 t:0 rcode:0 [q:1 ans:0 auth:0 addn:0]
03:08:14.051    Question
03:08:14.051       mysrv._srv._udp.local. TXT QM class:1
03:14:08.108 AdvanceTime for 20.000
03:14:28.108 - - - - - - - - - - - - - - - - - - - - - - - - - - - - - - - - - - - - - - - - - - - - -
03:14:28.108 Send a response. Validate callback result.
03:14:28.108 Sending TXT response for mysrv._srv._udp.local., len:5, ttl:120
03:14:28.108 TXT callback: mysrv _srv._udp, len:5, ttl:120
03:14:28.108 AdvanceTime for 0.001
03:14:28.109 - - - - - - - - - - - - - - - - - - - - - - - - - - - - - - - - - - - - - - - - - - - - -
03:14:28.109 Send an updated response changing TXT data. Validate callback result.
03:14:28.109 AdvanceTime for 1.000
03:14:29.109 Sending TXT response for mysrv._srv._udp.local., len:3, ttl:120
03:14:29.109 TXT callback: mysrv _srv._udp, len:3, ttl:120
03:14:29.109 AdvanceTime for 0.001
03:14:29.110 - - - - - - - - - - - - - - - - - - - - - - - - - - - - - - - - - - - - - - - - - - - - -
03:14:29.110 Send an updated response changing TXT data to empty. Validate callback result.
03:14:29.110 AdvanceTime for 1.000
03:14:30.110 Sending TXT response for mysrv._srv._udp.local., len:1, ttl:120
03:14:30.110 TXT callback: mysrv _srv._udp, len:1, ttl:120
03:14:30.110 AdvanceTime for 0.001
03:14:30.111 - - - - - - - - - - - - - - - - - - - - - - - - - - - - - - - - - - - - - - - - - - - - -
03:14:30.111 Send an updated response changing TTL. Validate callback result.
03:14:30.111 AdvanceTime for 1.000
03:14:31.111 Sending TXT response for mysrv._srv._udp.local., len:1, ttl:500
03:14:31.111 TXT callback: mysrv _srv._udp, len:1, ttl:500
03:14:31.111 AdvanceTime for 0.001
03:14:31.112 - - - - - - - - - - - - - - - - - - - - - - - - - - - - - - - - - - - - - - - - - - - - -
03:14:31.112 Send an updated response with zero TTL. Validate callback result.
03:14:31.112 AdvanceTime for 1.000
03:14:32.112 Sending TXT response for mysrv._srv._udp.local., len:1, ttl:0
03:14:32.112 TXT callback: mysrv _srv._udp, ttl:0
03:14:32.112 AdvanceTime for 0.001
03:14:32.113 - - - - - - - - - - - - - - - - - - - - - - - - - - - - - - - - - - - - - - - - - - - - -
03:14:32.113 Send an updated response. Validate callback result.
03:14:32.113 AdvanceTime for 100.000
03:16:12.113 Sending TXT response for mysrv._srv._udp.local., len:5, ttl:120
03:16:12.113 TXT callback: mysrv _srv._udp, len:5, ttl:120
03:16:12.113 AdvanceTime for 0.001
03:16:12.114 - - - - - - - - - - - - - - - - - - - - - - - - - - - - - - - - - - - - - - - - - - - - -
03:16:12.114 Send a response with no changes. Validate callback is not invoked.
03:16:12.114 AdvanceTime for 1.000
03:16:13.114 Sending TXT response for mysrv._srv._udp.local., len:5, ttl:120
03:16:13.114 AdvanceTime for 0.100
03:16:13.214 - - - - - - - - - - - - - - - - - - - - - - - - - - - - - - - - - - - - - - - - - - - - -
03:16:13.214 Start another resolver for the same service and different callback. Validate results.
03:16:13.214 Alternate TXT callback is called
03:16:13.214 TXT callback: mysrv _srv._udp, len:5, ttl:120
03:16:13.214 AdvanceTime for 0.001
03:16:13.215 - - - - - - - - - - - - - - - - - - - - - - - - - - - - - - - - - - - - - - - - - - - - -
03:16:13.215 Start same resolver again and check the returned error.
03:16:13.215 AdvanceTime for 5.000
03:16:18.215 - - - - - - - - - - - - - - - - - - - - - - - - - - - - - - - - - - - - - - - - - - - - -
03:16:18.215 Check query is sent at 80 percentage of TTL and then respond to it.
03:16:18.215 Sending TXT response for mysrv._srv._udp.local., len:5, ttl:120
03:16:18.215 AdvanceTime for 95.999
03:17:54.214 AdvanceTime for 4.001
03:17:54.725 otPlatMdnsSendMulticast(msg-len:39)
03:17:54.725    Query id:0 qt:0 t:0 rcode:0 [q:1 ans:0 auth:0 addn:0]
03:17:54.725    Question
03:17:54.725       mysrv._srv._udp.local. TXT QM class:1
03:17:58.215 AdvanceTime for 0.010
03:17:58.225 Sending TXT response for mysrv._srv._udp.local., len:5, ttl:120
03:17:58.225 - - - - - - - - - - - - - - - - - - - - - - - - - - - - - - - - - - - - - - - - - - - - -
03:17:58.225 Check queries are sent at 80, 85, 90, 95 percentages of TTL.
03:17:58.225 AdvanceTime for 95.999
03:19:34.224 AdvanceTime for 2.401
03:19:34.577 otPlatMdnsSendMulticast(msg-len:39)
03:19:34.577    Query id:0 qt:0 t:0 rcode:0 [q:1 ans:0 auth:0 addn:0]
03:19:34.577    Question
03:19:34.577       mysrv._srv._udp.local. TXT QM class:1
03:19:36.625 AdvanceTime for 3.599
03:19:40.224 AdvanceTime for 2.401
03:19:41.612 otPlatMdnsSendMulticast(msg-len:39)
03:19:41.612    Query id:0 qt:0 t:0 rcode:0 [q:1 ans:0 auth:0 addn:0]
03:19:41.612    Question
03:19:41.612       mysrv._srv._udp.local. TXT QM class:1
03:19:42.625 AdvanceTime for 3.599
03:19:46.224 AdvanceTime for 2.401
03:19:47.716 otPlatMdnsSendMulticast(msg-len:39)
03:19:47.716    Query id:0 qt:0 t:0 rcode:0 [q:1 ans:0 auth:0 addn:0]
03:19:47.716    Question
03:19:47.716       mysrv._srv._udp.local. TXT QM class:1
03:19:48.625 AdvanceTime for 3.599
03:19:52.224 AdvanceTime for 2.401
03:19:52.506 otPlatMdnsSendMulticast(msg-len:39)
03:19:52.506    Query id:0 qt:0 t:0 rcode:0 [q:1 ans:0 auth:0 addn:0]
03:19:52.506    Question
03:19:52.506       mysrv._srv._udp.local. TXT QM class:1
03:19:54.625 - - - - - - - - - - - - - - - - - - - - - - - - - - - - - - - - - - - - - - - - - - - - -
03:19:54.625 Check TTL timeout and callback result.
03:19:54.625 AdvanceTime for 6.000
03:19:58.225 Alternate TXT callback is called
03:19:58.225 TXT callback: mysrv _srv._udp, ttl:0
03:19:58.225 TXT callback: mysrv _srv._udp, ttl:0
03:20:00.625 - - - - - - - - - - - - - - - - - - - - - - - - - - - - - - - - - - - - - - - - - - - - -
03:20:00.625 AdvanceTime for 200.000
03:23:20.625 - - - - - - - - - - - - - - - - - - - - - - - - - - - - - - - - - - - - - - - - - - - - -
03:23:20.625 Stop the second resolver
03:23:20.625 AdvanceTime for 100.000
03:25:00.625 - - - - - - - - - - - - - - - - - - - - - - - - - - - - - - - - - - - - - - - - - - - - -
03:25:00.625 Send a new response and make sure result callback is invoked
03:25:00.625 Sending TXT response for mysrv._srv._udp.local., len:5, ttl:120
03:25:00.625 TXT callback: mysrv _srv._udp, len:5, ttl:120
03:25:00.625 AdvanceTime for 0.001
03:25:00.626 - - - - - - - - - - - - - - - - - - - - - - - - - - - - - - - - - - - - - - - - - - - - -
03:25:00.626 Stop the resolver. There is no active resolver. Ensure no queries are sent
03:25:00.626 AdvanceTime for 20.000
03:25:20.626 - - - - - - - - - - - - - - - - - - - - - - - - - - - - - - - - - - - - - - - - - - - - -
03:25:20.626 Restart the resolver with more than half of TTL remaining.
03:25:20.626 Ensure cached entry is reported in the result callback and no queries are sent.
03:25:20.626 TXT callback: mysrv _srv._udp, len:5, ttl:120
03:25:20.626 AdvanceTime for 0.001
03:25:20.627 AdvanceTime for 20.000
03:25:40.627 - - - - - - - - - - - - - - - - - - - - - - - - - - - - - - - - - - - - - - - - - - - - -
03:25:40.627 Stop and start the resolver again after less than half TTL remaining.
03:25:40.627 Ensure cached entry is still reported in the result callback but queries should be sent
03:25:40.627 AdvanceTime for 25.000
03:26:05.627 TXT callback: mysrv _srv._udp, len:5, ttl:120
03:26:05.627 AdvanceTime for 0.001
03:26:05.628 AdvanceTime for 20.000
03:26:05.746 otPlatMdnsSendMulticast(msg-len:39)
03:26:05.746    Query id:0 qt:0 t:0 rcode:0 [q:1 ans:0 auth:0 addn:0]
03:26:05.746    Question
03:26:05.746       mysrv._srv._udp.local. TXT QM class:1
03:26:06.746 otPlatMdnsSendMulticast(msg-len:39)
03:26:06.746    Query id:0 qt:0 t:0 rcode:0 [q:1 ans:0 auth:0 addn:0]
03:26:06.746    Question
03:26:06.746       mysrv._srv._udp.local. TXT QM class:1
03:26:08.693 otPlatMdnsSendMulticast(msg-len:39)
03:26:08.693    Query id:0 qt:0 t:0 rcode:0 [q:1 ans:0 auth:0 addn:0]
03:26:08.693    Question
03:26:08.693       mysrv._srv._udp.local. TXT QM class:1
03:26:12.687 otPlatMdnsSendMulticast(msg-len:39)
03:26:12.687    Query id:0 qt:0 t:0 rcode:0 [q:1 ans:0 auth:0 addn:0]
03:26:12.687    Question
03:26:12.687       mysrv._srv._udp.local. TXT QM class:1
03:26:20.794 otPlatMdnsSendMulticast(msg-len:39)
03:26:20.794    Query id:0 qt:0 t:0 rcode:0 [q:1 ans:0 auth:0 addn:0]
03:26:20.794    Question
03:26:20.794       mysrv._srv._udp.local. TXT QM class:1
03:26:25.628 - - - - - - - - - - - - - - - - - - - - - - - - - - - - - - - - - - - - - - - - - - - - -
03:26:25.628 otPlatMdnsSetListeningEnabled(false)
03:26:25.628 End of test
00:00:00.000 -------------------------------------------------------------------------------------------
00:00:00.000 TestIp6AddrResolver
00:00:00.000 AdvanceTime for 0.001
00:00:00.001 otPlatMdnsSetListeningEnabled(true)
00:00:00.001 - - - - - - - - - - - - - - - - - - - - - - - - - - - - - - - - - - - - - - - - - - - - -
00:00:00.001 Start an IPv6 address resolver. Validate initial queries.
00:00:00.001 AdvanceTime for 0.125
00:00:00.078 otPlatMdnsSendMulticast(msg-len:30)
00:00:00.078    Query id:0 qt:0 t:0 rcode:0 [q:1 ans:0 auth:0 addn:0]
00:00:00.078    Question
00:00:00.078       myhost.local. AAAA QM class:1
00:00:00.126 AdvanceTime for 1.032
00:00:01.086 otPlatMdnsSendMulticast(msg-len:30)
00:00:01.086    Query id:0 qt:0 t:0 rcode:0 [q:1 ans:0 auth:0 addn:0]
00:00:01.086    Question
00:00:01.086       myhost.local. AAAA QM class:1
00:00:01.158 AdvanceTime for 2.063
00:00:03.111 otPlatMdnsSendMulticast(msg-len:30)
00:00:03.111    Query id:0 qt:0 t:0 rcode:0 [q:1 ans:0 auth:0 addn:0]
00:00:03.111    Question
00:00:03.111       myhost.local. AAAA QM class:1
00:00:03.221 AdvanceTime for 4.126
00:00:07.177 otPlatMdnsSendMulticast(msg-len:30)
00:00:07.177    Query id:0 qt:0 t:0 rcode:0 [q:1 ans:0 auth:0 addn:0]
00:00:07.177    Question
00:00:07.177       myhost.local. AAAA QM class:1
00:00:07.347 AdvanceTime for 8.251
00:00:15.112 otPlatMdnsSendMulticast(msg-len:30)
00:00:15.112    Query id:0 qt:0 t:0 rcode:0 [q:1 ans:0 auth:0 addn:0]
00:00:15.112    Question
00:00:15.112       myhost.local. AAAA QM class:1
00:00:15.598 AdvanceTime for 16.501
00:00:30.848 otPlatMdnsSendMulticast(msg-len:30)
00:00:30.848    Query id:0 qt:0 t:0 rcode:0 [q:1 ans:0 auth:0 addn:0]
00:00:30.848    Question
00:00:30.848       myhost.local. AAAA QM class:1
00:00:32.099 AdvanceTime for 33.001
00:01:02.670 otPlatMdnsSendMulticast(msg-len:30)
00:01:02.670    Query id:0 qt:0 t:0 rcode:0 [q:1 ans:0 auth:0 addn:0]
00:01:02.670    Question
00:01:02.670       myhost.local. AAAA QM class:1
00:01:05.100 AdvanceTime for 66.001
00:02:05.122 otPlatMdnsSendMulticast(msg-len:30)
00:02:05.122    Query id:0 qt:0 t:0 rcode:0 [q:1 ans:0 auth:0 addn:0]
00:02:05.122    Question
00:02:05.122       myhost.local. AAAA QM class:1
00:02:11.101 AdvanceTime for 132.001
00:04:13.650 otPlatMdnsSendMulticast(msg-len:30)
00:04:13.650    Query id:0 qt:0 t:0 rcode:0 [q:1 ans:0 auth:0 addn:0]
00:04:13.650    Question
00:04:13.650       myhost.local. AAAA QM class:1
00:04:23.102 AdvanceTime for 264.001
00:08:29.036 otPlatMdnsSendMulticast(msg-len:30)
00:08:29.036    Query id:0 qt:0 t:0 rcode:0 [q:1 ans:0 auth:0 addn:0]
00:08:29.036    Question
00:08:29.036       myhost.local. AAAA QM class:1
00:08:47.103 AdvanceTime for 528.001
00:17:09.846 otPlatMdnsSendMulticast(msg-len:30)
00:17:09.846    Query id:0 qt:0 t:0 rcode:0 [q:1 ans:0 auth:0 addn:0]
00:17:09.846    Question
00:17:09.846       myhost.local. AAAA QM class:1
00:17:35.104 AdvanceTime for 1056.001
00:34:17.379 otPlatMdnsSendMulticast(msg-len:30)
00:34:17.379    Query id:0 qt:0 t:0 rcode:0 [q:1 ans:0 auth:0 addn:0]
00:34:17.379    Question
00:34:17.379       myhost.local. AAAA QM class:1
00:35:11.105 AdvanceTime for 2112.001
01:08:55.424 otPlatMdnsSendMulticast(msg-len:30)
01:08:55.424    Query id:0 qt:0 t:0 rcode:0 [q:1 ans:0 auth:0 addn:0]
01:08:55.424    Question
01:08:55.424       myhost.local. AAAA QM class:1
01:10:23.106 AdvanceTime for 3712.501
02:08:49.855 otPlatMdnsSendMulticast(msg-len:30)
02:08:49.855    Query id:0 qt:0 t:0 rcode:0 [q:1 ans:0 auth:0 addn:0]
02:08:49.855    Question
02:08:49.855       myhost.local. AAAA QM class:1
02:12:15.607 AdvanceTime for 3712.501
03:08:03.667 otPlatMdnsSendMulticast(msg-len:30)
03:08:03.667    Query id:0 qt:0 t:0 rcode:0 [q:1 ans:0 auth:0 addn:0]
03:08:03.667    Question
03:08:03.667       myhost.local. AAAA QM class:1
03:14:08.108 AdvanceTime for 20.000
03:14:28.108 - - - - - - - - - - - - - - - - - - - - - - - - - - - - - - - - - - - - - - - - - - - - -
03:14:28.108 Send a response. Validate callback result.
03:14:28.108 Sending AAAA response for myhost.local. numAddrs:1, cach-flush:1
03:14:28.108  - fd00:0:0:0:0:0:0:1, ttl:120
03:14:28.108 Addr callback: myhost, num:1
03:14:28.108  - fd00:0:0:0:0:0:0:1, ttl:120
03:14:28.108 AdvanceTime for 0.001
03:14:28.109 - - - - - - - - - - - - - - - - - - - - - - - - - - - - - - - - - - - - - - - - - - - - -
03:14:28.109 Send an updated response adding a new address. Validate callback result.
03:14:28.109 AdvanceTime for 1.000
03:14:29.109 Sending AAAA response for myhost.local. numAddrs:2, cach-flush:1
03:14:29.109  - fd00:0:0:0:0:0:0:1, ttl:120
03:14:29.109  - fd00:0:0:0:0:0:0:2, ttl:120
03:14:29.109 Addr callback: myhost, num:2
03:14:29.109  - fd00:0:0:0:0:0:0:1, ttl:120
03:14:29.109  - fd00:0:0:0:0:0:0:2, ttl:120
03:14:29.109 AdvanceTime for 0.001
03:14:29.110 - - - - - - - - - - - - - - - - - - - - - - - - - - - - - - - - - - - - - - - - - - - - -
03:14:29.110 Send an updated response adding and removing addresses. Validate callback result.
03:14:29.110 AdvanceTime for 1.000
03:14:30.110 Sending AAAA response for myhost.local. numAddrs:3, cach-flush:1
03:14:30.110  - fd00:0:0:0:0:0:0:2, ttl:120
03:14:30.110  - fd00:0:0:0:0:0:0:aa, ttl:120
03:14:30.110  - fe80:0:0:0:0:0:0:bb, ttl:120
03:14:30.110 Addr callback: myhost, num:3
03:14:30.110  - fd00:0:0:0:0:0:0:2, ttl:120
03:14:30.110  - fd00:0:0:0:0:0:0:aa, ttl:120
03:14:30.110  - fe80:0:0:0:0:0:0:bb, ttl:120
03:14:30.110 AdvanceTime for 0.001
03:14:30.111 - - - - - - - - - - - - - - - - - - - - - - - - - - - - - - - - - - - - - - - - - - - - -
03:14:30.111 Send a response without cache flush adding an address. Validate callback result.
03:14:30.111 AdvanceTime for 1.000
03:14:31.111 Sending AAAA response for myhost.local. numAddrs:1, cach-flush:0
03:14:31.111  - fd00:0:0:0:0:0:0:3, ttl:500
03:14:31.111 Addr callback: myhost, num:4
03:14:31.111  - fd00:0:0:0:0:0:0:3, ttl:500
03:14:31.111  - fd00:0:0:0:0:0:0:2, ttl:120
03:14:31.111  - fd00:0:0:0:0:0:0:aa, ttl:120
03:14:31.111  - fe80:0:0:0:0:0:0:bb, ttl:120
03:14:31.111 AdvanceTime for 0.001
03:14:31.112 - - - - - - - - - - - - - - - - - - - - - - - - - - - - - - - - - - - - - - - - - - - - -
03:14:31.112 Send a response without cache flush with existing addresses. Validate that callback is not called.
03:14:31.112 AdvanceTime for 1.000
03:14:32.112 Sending AAAA response for myhost.local. numAddrs:2, cach-flush:0
03:14:32.112  - fe80:0:0:0:0:0:0:bb, ttl:120
03:14:32.112  - fd00:0:0:0:0:0:0:3, ttl:500
03:14:32.112 AdvanceTime for 0.001
03:14:32.113 - - - - - - - - - - - - - - - - - - - - - - - - - - - - - - - - - - - - - - - - - - - - -
03:14:32.113 Send a response without no changes to the list. Validate that callback is not called
03:14:32.113 AdvanceTime for 1.000
03:14:33.113 Sending AAAA response for myhost.local. numAddrs:4, cach-flush:1
03:14:33.113  - fd00:0:0:0:0:0:0:2, ttl:120
03:14:33.113  - fd00:0:0:0:0:0:0:aa, ttl:120
03:14:33.113  - fe80:0:0:0:0:0:0:bb, ttl:120
03:14:33.113  - fd00:0:0:0:0:0:0:3, ttl:500
03:14:33.113 AdvanceTime for 0.001
03:14:33.114 - - - - - - - - - - - - - - - - - - - - - - - - - - - - - - - - - - - - - - - - - - - - -
03:14:33.114 Send a response without cache flush updating TTL of existing address. Validate callback result.
03:14:33.114 AdvanceTime for 1.000
03:14:34.114 Sending AAAA response for myhost.local. numAddrs:1, cach-flush:0
03:14:34.114  - fd00:0:0:0:0:0:0:3, ttl:200
03:14:34.114 Addr callback: myhost, num:4
03:14:34.114  - fd00:0:0:0:0:0:0:2, ttl:120
03:14:34.114  - fd00:0:0:0:0:0:0:aa, ttl:120
03:14:34.114  - fe80:0:0:0:0:0:0:bb, ttl:120
03:14:34.114  - fd00:0:0:0:0:0:0:3, ttl:200
03:14:34.114 AdvanceTime for 0.001
03:14:34.115 - - - - - - - - - - - - - - - - - - - - - - - - - - - - - - - - - - - - - - - - - - - - -
03:14:34.115 Send a response without cache flush removing an address (zero TTL). Validate callback result.
03:14:34.115 AdvanceTime for 1.000
03:14:35.115 Sending AAAA response for myhost.local. numAddrs:1, cach-flush:0
03:14:35.115  - fd00:0:0:0:0:0:0:3, ttl:0
03:14:35.115 Addr callback: myhost, num:3
03:14:35.115  - fd00:0:0:0:0:0:0:2, ttl:120
03:14:35.115  - fd00:0:0:0:0:0:0:aa, ttl:120
03:14:35.115  - fe80:0:0:0:0:0:0:bb, ttl:120
03:14:35.115 AdvanceTime for 0.001
03:14:35.116 - - - - - - - - - - - - - - - - - - - - - - - - - - - - - - - - - - - - - - - - - - - - -
03:14:35.116 Send a response with cache flush removing all addresses. Validate callback result.
03:14:35.116 AdvanceTime for 1.000
03:14:36.116 Sending AAAA response for myhost.local. numAddrs:1, cach-flush:1
03:14:36.116  - fd00:0:0:0:0:0:0:2, ttl:0
03:14:36.116 Addr callback: myhost, num:0
03:14:36.116 AdvanceTime for 0.001
03:14:36.117 - - - - - - - - - - - - - - - - - - - - - - - - - - - - - - - - - - - - - - - - - - - - -
03:14:36.117 Send a response with addresses with different TTL. Validate callback result
03:14:36.117 AdvanceTime for 5.000
03:14:41.117 Sending AAAA response for myhost.local. numAddrs:4, cach-flush:1
03:14:41.117  - fd00:0:0:0:0:0:0:0, ttl:120
03:14:41.117  - fd00:0:0:0:0:0:0:11, ttl:800
03:14:41.117  - fe80:0:0:0:0:0:0:22, ttl:2000
03:14:41.117  - fe80:0:0:0:0:0:0:33, ttl:8000
03:14:41.117 Addr callback: myhost, num:4
03:14:41.117  - fd00:0:0:0:0:0:0:0, ttl:120
03:14:41.117  - fd00:0:0:0:0:0:0:11, ttl:800
03:14:41.117  - fe80:0:0:0:0:0:0:22, ttl:2000
03:14:41.117  - fe80:0:0:0:0:0:0:33, ttl:8000
03:14:41.117 AdvanceTime for 0.001
03:14:41.118 - - - - - - - - - - - - - - - - - - - - - - - - - - - - - - - - - - - - - - - - - - - - -
03:14:41.118 Start another resolver for the same host and different callback. Validate results.
03:14:41.118 Alternate addr callback is called
03:14:41.118 Addr callback: myhost, num:4
03:14:41.118  - fd00:0:0:0:0:0:0:0, ttl:120
03:14:41.118  - fd00:0:0:0:0:0:0:11, ttl:800
03:14:41.118  - fe80:0:0:0:0:0:0:22, ttl:2000
03:14:41.118  - fe80:0:0:0:0:0:0:33, ttl:8000
03:14:41.118 AdvanceTime for 0.001
03:14:41.119 - - - - - - - - - - - - - - - - - - - - - - - - - - - - - - - - - - - - - - - - - - - - -
03:14:41.119 Start same resolver again and check the returned error.
03:14:41.119 AdvanceTime for 5.000
03:14:46.119 - - - - - - - - - - - - - - - - - - - - - - - - - - - - - - - - - - - - - - - - - - - - -
03:14:46.119 Check query is sent at 80 percentage of TTL and then respond to it.
03:14:46.119 Sending AAAA response for myhost.local. numAddrs:4, cach-flush:1
03:14:46.119  - fd00:0:0:0:0:0:0:0, ttl:120
03:14:46.119  - fd00:0:0:0:0:0:0:11, ttl:800
03:14:46.119  - fe80:0:0:0:0:0:0:22, ttl:2000
03:14:46.119  - fe80:0:0:0:0:0:0:33, ttl:8000
03:14:46.119 AdvanceTime for 95.999
03:16:22.118 AdvanceTime for 4.001
03:16:24.255 otPlatMdnsSendMulticast(msg-len:30)
03:16:24.255    Query id:0 qt:0 t:0 rcode:0 [q:1 ans:0 auth:0 addn:0]
03:16:24.255    Question
03:16:24.255       myhost.local. AAAA QM class:1
03:16:26.119 AdvanceTime for 0.010
03:16:26.129 Sending AAAA response for myhost.local. numAddrs:4, cach-flush:1
03:16:26.129  - fd00:0:0:0:0:0:0:0, ttl:120
03:16:26.129  - fd00:0:0:0:0:0:0:11, ttl:800
03:16:26.129  - fe80:0:0:0:0:0:0:22, ttl:2000
03:16:26.129  - fe80:0:0:0:0:0:0:33, ttl:8000
03:16:26.129 - - - - - - - - - - - - - - - - - - - - - - - - - - - - - - - - - - - - - - - - - - - - -
03:16:26.129 Check queries are sent at 80, 85, 90, 95 percentages of TTL.
03:16:26.129 AdvanceTime for 95.999
03:18:02.128 AdvanceTime for 2.401
03:18:02.372 otPlatMdnsSendMulticast(msg-len:30)
03:18:02.372    Query id:0 qt:0 t:0 rcode:0 [q:1 ans:0 auth:0 addn:0]
03:18:02.372    Question
03:18:02.372       myhost.local. AAAA QM class:1
03:18:04.529 AdvanceTime for 3.599
03:18:08.128 AdvanceTime for 2.401
03:18:09.275 otPlatMdnsSendMulticast(msg-len:30)
03:18:09.275    Query id:0 qt:0 t:0 rcode:0 [q:1 ans:0 auth:0 addn:0]
03:18:09.275    Question
03:18:09.275       myhost.local. AAAA QM class:1
03:18:10.529 AdvanceTime for 3.599
03:18:14.128 AdvanceTime for 2.401
03:18:15.289 otPlatMdnsSendMulticast(msg-len:30)
03:18:15.289    Query id:0 qt:0 t:0 rcode:0 [q:1 ans:0 auth:0 addn:0]
03:18:15.289    Question
03:18:15.289       myhost.local. AAAA QM class:1
03:18:16.529 AdvanceTime for 3.599
03:18:20.128 AdvanceTime for 2.401
03:18:22.122 otPlatMdnsSendMulticast(msg-len:30)
03:18:22.122    Query id:0 qt:0 t:0 rcode:0 [q:1 ans:0 auth:0 addn:0]
03:18:22.122    Question
03:18:22.122       myhost.local. AAAA QM class:1
03:18:22.529 - - - - - - - - - - - - - - - - - - - - - - - - - - - - - - - - - - - - - - - - - - - - -
03:18:22.529 Check TTL timeout of first address (TTL 120) and callback result.
03:18:22.529 AdvanceTime for 6.000
03:18:26.129 Alternate addr callback is called
03:18:26.129 Addr callback: myhost, num:3
03:18:26.129  - fd00:0:0:0:0:0:0:11, ttl:800
03:18:26.129  - fe80:0:0:0:0:0:0:22, ttl:2000
03:18:26.129  - fe80:0:0:0:0:0:0:33, ttl:8000
03:18:26.129 Addr callback: myhost, num:3
03:18:26.129  - fd00:0:0:0:0:0:0:11, ttl:800
03:18:26.129  - fe80:0:0:0:0:0:0:22, ttl:2000
03:18:26.129  - fe80:0:0:0:0:0:0:33, ttl:8000
03:18:28.529 - - - - - - - - - - - - - - - - - - - - - - - - - - - - - - - - - - - - - - - - - - - - -
03:18:28.529 Check TTL timeout of next address (TTL 800) and callback result.
03:18:28.529 AdvanceTime for 680.000
03:27:15.805 otPlatMdnsSendMulticast(msg-len:30)
03:27:15.805    Query id:0 qt:0 t:0 rcode:0 [q:1 ans:0 auth:0 addn:0]
03:27:15.805    Question
03:27:15.805       myhost.local. AAAA QM class:1
03:27:55.816 otPlatMdnsSendMulticast(msg-len:30)
03:27:55.816    Query id:0 qt:0 t:0 rcode:0 [q:1 ans:0 auth:0 addn:0]
03:27:55.816    Question
03:27:55.816       myhost.local. AAAA QM class:1
03:28:28.306 otPlatMdnsSendMulticast(msg-len:30)
03:28:28.306    Query id:0 qt:0 t:0 rcode:0 [q:1 ans:0 auth:0 addn:0]
03:28:28.306    Question
03:28:28.306       myhost.local. AAAA QM class:1
03:29:21.500 otPlatMdnsSendMulticast(msg-len:30)
03:29:21.500    Query id:0 qt:0 t:0 rcode:0 [q:1 ans:0 auth:0 addn:0]
03:29:21.500    Question
03:29:21.500       myhost.local. AAAA QM class:1
03:29:46.129 Alternate addr callback is called
03:29:46.129 Addr callback: myhost, num:2
03:29:46.129  - fe80:0:0:0:0:0:0:22, ttl:2000
03:29:46.129  - fe80:0:0:0:0:0:0:33, ttl:8000
03:29:46.129 Addr callback: myhost, num:2
03:29:46.129  - fe80:0:0:0:0:0:0:22, ttl:2000
03:29:46.129  - fe80:0:0:0:0:0:0:33, ttl:8000
03:29:48.529 - - - - - - - - - - - - - - - - - - - - - - - - - - - - - - - - - - - - - - - - - - - - -
03:29:48.529 AdvanceTime for 200.000
03:33:08.529 - - - - - - - - - - - - - - - - - - - - - - - - - - - - - - - - - - - - - - - - - - - - -
03:33:08.529 Stop the second resolver
03:33:08.529 AdvanceTime for 100.000
03:34:48.529 - - - - - - - - - - - - - - - - - - - - - - - - - - - - - - - - - - - - - - - - - - - - -
03:34:48.529 Send a new response and make sure result callback is invoked
03:34:48.529 Sending AAAA response for myhost.local. numAddrs:1, cach-flush:1
03:34:48.529  - fd00:0:0:0:0:0:0:0, ttl:120
03:34:48.529 Addr callback: myhost, num:1
03:34:48.529  - fd00:0:0:0:0:0:0:0, ttl:120
03:34:48.529 AdvanceTime for 0.001
03:34:48.530 - - - - - - - - - - - - - - - - - - - - - - - - - - - - - - - - - - - - - - - - - - - - -
03:34:48.530 Stop the resolver. There is no active resolver. Ensure no queries are sent
03:34:48.530 AdvanceTime for 20.000
03:35:08.530 - - - - - - - - - - - - - - - - - - - - - - - - - - - - - - - - - - - - - - - - - - - - -
03:35:08.530 Restart the resolver with more than half of TTL remaining.
03:35:08.530 Ensure cached entry is reported in the result callback and no queries are sent.
03:35:08.530 Addr callback: myhost, num:1
03:35:08.530  - fd00:0:0:0:0:0:0:0, ttl:120
03:35:08.530 AdvanceTime for 0.001
03:35:08.531 AdvanceTime for 20.000
03:35:28.531 - - - - - - - - - - - - - - - - - - - - - - - - - - - - - - - - - - - - - - - - - - - - -
03:35:28.531 Stop and start the resolver again after less than half TTL remaining.
03:35:28.531 Ensure cached entry is still reported in the result callback but queries should be sent
03:35:28.531 AdvanceTime for 25.000
03:35:53.531 Addr callback: myhost, num:1
03:35:53.531  - fd00:0:0:0:0:0:0:0, ttl:120
03:35:53.531 AdvanceTime for 0.001
03:35:53.532 AdvanceTime for 20.000
03:35:53.570 otPlatMdnsSendMulticast(msg-len:30)
03:35:53.570    Query id:0 qt:0 t:0 rcode:0 [q:1 ans:0 auth:0 addn:0]
03:35:53.570    Question
03:35:53.570       myhost.local. AAAA QM class:1
03:35:54.580 otPlatMdnsSendMulticast(msg-len:30)
03:35:54.580    Query id:0 qt:0 t:0 rcode:0 [q:1 ans:0 auth:0 addn:0]
03:35:54.580    Question
03:35:54.580       myhost.local. AAAA QM class:1
03:35:56.617 otPlatMdnsSendMulticast(msg-len:30)
03:35:56.617    Query id:0 qt:0 t:0 rcode:0 [q:1 ans:0 auth:0 addn:0]
03:35:56.617    Question
03:35:56.617       myhost.local. AAAA QM class:1
03:36:00.729 otPlatMdnsSendMulticast(msg-len:30)
03:36:00.729    Query id:0 qt:0 t:0 rcode:0 [q:1 ans:0 auth:0 addn:0]
03:36:00.729    Question
03:36:00.729       myhost.local. AAAA QM class:1
03:36:08.559 otPlatMdnsSendMulticast(msg-len:30)
03:36:08.559    Query id:0 qt:0 t:0 rcode:0 [q:1 ans:0 auth:0 addn:0]
03:36:08.559    Question
03:36:08.559       myhost.local. AAAA QM class:1
03:36:13.532 - - - - - - - - - - - - - - - - - - - - - - - - - - - - - - - - - - - - - - - - - - - - -
03:36:13.532 otPlatMdnsSetListeningEnabled(false)
03:36:13.532 End of test
00:00:00.000 -------------------------------------------------------------------------------------------
00:00:00.000 TestRecordQuerier
00:00:00.000 AdvanceTime for 0.001
00:00:00.001 otPlatMdnsSetListeningEnabled(true)
00:00:00.001 - - - - - - - - - - - - - - - - - - - - - - - - - - - - - - - - - - - - - - - - - - - - -
00:00:00.001 Start a record querier. Validate initial queries.
00:00:00.001 AdvanceTime for 0.125
00:00:00.078 otPlatMdnsSendMulticast(msg-len:39)
00:00:00.078    Query id:0 qt:0 t:0 rcode:0 [q:1 ans:0 auth:0 addn:0]
00:00:00.078    Question
00:00:00.078       mysrv._srv._udp.local. KEY QM class:1
00:00:00.126 AdvanceTime for 1.032
00:00:01.085 otPlatMdnsSendMulticast(msg-len:39)
00:00:01.085    Query id:0 qt:0 t:0 rcode:0 [q:1 ans:0 auth:0 addn:0]
00:00:01.085    Question
00:00:01.085       mysrv._srv._udp.local. KEY QM class:1
00:00:01.158 AdvanceTime for 2.063
00:00:03.076 otPlatMdnsSendMulticast(msg-len:39)
00:00:03.076    Query id:0 qt:0 t:0 rcode:0 [q:1 ans:0 auth:0 addn:0]
00:00:03.076    Question
00:00:03.076       mysrv._srv._udp.local. KEY QM class:1
00:00:03.221 AdvanceTime for 4.126
00:00:07.025 otPlatMdnsSendMulticast(msg-len:39)
00:00:07.025    Query id:0 qt:0 t:0 rcode:0 [q:1 ans:0 auth:0 addn:0]
00:00:07.025    Question
00:00:07.025       mysrv._srv._udp.local. KEY QM class:1
00:00:07.347 AdvanceTime for 8.251
00:00:15.272 otPlatMdnsSendMulticast(msg-len:39)
00:00:15.272    Query id:0 qt:0 t:0 rcode:0 [q:1 ans:0 auth:0 addn:0]
00:00:15.272    Question
00:00:15.272       mysrv._srv._udp.local. KEY QM class:1
00:00:15.598 AdvanceTime for 16.501
00:00:31.430 otPlatMdnsSendMulticast(msg-len:39)
00:00:31.430    Query id:0 qt:0 t:0 rcode:0 [q:1 ans:0 auth:0 addn:0]
00:00:31.430    Question
00:00:31.430       mysrv._srv._udp.local. KEY QM class:1
00:00:32.099 AdvanceTime for 33.001
00:01:02.569 otPlatMdnsSendMulticast(msg-len:39)
00:01:02.569    Query id:0 qt:0 t:0 rcode:0 [q:1 ans:0 auth:0 addn:0]
00:01:02.569    Question
00:01:02.569       mysrv._srv._udp.local. KEY QM class:1
00:01:05.100 AdvanceTime for 66.001
00:02:05.709 otPlatMdnsSendMulticast(msg-len:39)
00:02:05.709    Query id:0 qt:0 t:0 rcode:0 [q:1 ans:0 auth:0 addn:0]
00:02:05.709    Question
00:02:05.709       mysrv._srv._udp.local. KEY QM class:1
00:02:11.101 AdvanceTime for 132.001
00:04:09.949 otPlatMdnsSendMulticast(msg-len:39)
00:04:09.949    Query id:0 qt:0 t:0 rcode:0 [q:1 ans:0 auth:0 addn:0]
00:04:09.949    Question
00:04:09.949       mysrv._srv._udp.local. KEY QM class:1
00:04:23.102 AdvanceTime for 264.001
00:08:32.398 otPlatMdnsSendMulticast(msg-len:39)
00:08:32.398    Query id:0 qt:0 t:0 rcode:0 [q:1 ans:0 auth:0 addn:0]
00:08:32.398    Question
00:08:32.398       mysrv._srv._udp.local. KEY QM class:1
00:08:47.103 AdvanceTime for 528.001
00:17:02.157 otPlatMdnsSendMulticast(msg-len:39)
00:17:02.157    Query id:0 qt:0 t:0 rcode:0 [q:1 ans:0 auth:0 addn:0]
00:17:02.157    Question
00:17:02.157       mysrv._srv._udp.local. KEY QM class:1
00:17:35.104 AdvanceTime for 1056.001
00:34:12.114 otPlatMdnsSendMulticast(msg-len:39)
00:34:12.114    Query id:0 qt:0 t:0 rcode:0 [q:1 ans:0 auth:0 addn:0]
00:34:12.114    Question
00:34:12.114       mysrv._srv._udp.local. KEY QM class:1
00:35:11.105 AdvanceTime for 2112.001
01:08:14.587 otPlatMdnsSendMulticast(msg-len:39)
01:08:14.587    Query id:0 qt:0 t:0 rcode:0 [q:1 ans:0 auth:0 addn:0]
01:08:14.587    Question
01:08:14.587       mysrv._srv._udp.local. KEY QM class:1
01:10:23.106 AdvanceTime for 3712.501
02:07:35.753 otPlatMdnsSendMulticast(msg-len:39)
02:07:35.753    Query id:0 qt:0 t:0 rcode:0 [q:1 ans:0 auth:0 addn:0]
02:07:35.753    Question
02:07:35.753       mysrv._srv._udp.local. KEY QM class:1
02:12:15.607 AdvanceTime for 3712.501
03:08:39.014 otPlatMdnsSendMulticast(msg-len:39)
03:08:39.014    Query id:0 qt:0 t:0 rcode:0 [q:1 ans:0 auth:0 addn:0]
03:08:39.014    Question
03:08:39.014       mysrv._srv._udp.local. KEY QM class:1
03:14:08.108 AdvanceTime for 20.000
03:14:28.108 - - - - - - - - - - - - - - - - - - - - - - - - - - - - - - - - - - - - - - - - - - - - -
03:14:28.108 Send a response. Validate callback result.
03:14:28.108 Sending response with 1 records
03:14:28.108   Record 25 (cache-flush:0) for mysrv._srv._udp.local.
03:14:28.108 Record callback: mysrv _srv._udp type:25 -> rlen:8 ttl:120
03:14:28.108 AdvanceTime for 0.001
03:14:28.109 - - - - - - - - - - - - - - - - - - - - - - - - - - - - - - - - - - - - - - - - - - - - -
03:14:28.109 Send a second response (without cache-flush). Validate callback result.
03:14:28.109 Sending response with 1 records
03:14:28.109   Record 25 (cache-flush:0) for mysrv._srv._udp.local.
03:14:28.109 Record callback: mysrv _srv._udp type:25 -> rlen:3 ttl:120
03:14:28.109 AdvanceTime for 0.001
03:14:28.110 - - - - - - - - - - - - - - - - - - - - - - - - - - - - - - - - - - - - - - - - - - - - -
03:14:28.110 Start another record querier for the same name and record type with different callback.
03:14:28.110 Alternate record callback is called
03:14:28.110 Record callback: mysrv _srv._udp type:25 -> rlen:3 ttl:120
03:14:28.110 Alternate record callback is called
03:14:28.110 Record callback: mysrv _srv._udp type:25 -> rlen:8 ttl:120
03:14:28.110 AdvanceTime for 0.001
03:14:28.111 - - - - - - - - - - - - - - - - - - - - - - - - - - - - - - - - - - - - - - - - - - - - -
03:14:28.111 Validate callback result from cache for the new querier
03:14:28.111 - - - - - - - - - - - - - - - - - - - - - - - - - - - - - - - - - - - - - - - - - - - - -
03:14:28.111 Stop the second querier.
03:14:28.111 - - - - - - - - - - - - - - - - - - - - - - - - - - - - - - - - - - - - - - - - - - - - -
03:14:28.111 Send a response (without cache-flush) with one previous record and a new record.
03:14:28.111 Sending response with 2 records
03:14:28.111   Record 25 (cache-flush:0) for mysrv._srv._udp.local.
03:14:28.111   Record 25 (cache-flush:0) for mysrv._srv._udp.local.
03:14:28.111 Record callback: mysrv _srv._udp type:25 -> rlen:4 ttl:120
03:14:28.111 AdvanceTime for 0.001
03:14:28.112 AdvanceTime for 5.000
03:14:33.112 - - - - - - - - - - - - - - - - - - - - - - - - - - - - - - - - - - - - - - - - - - - - -
03:14:33.112 Send a response with one record, `key3` (cached-flush) and an extra record of different type
03:14:33.112 Sending response with 2 records
03:14:33.112   Record 25 (cache-flush:1) for mysrv._srv._udp.local.
03:14:33.112   Record 16 (cache-flush:1) for mysrv._srv._udp.local.
03:14:33.112 Record callback: mysrv _srv._udp type:25 -> rlen:3 ttl:0
03:14:33.112 Record callback: mysrv _srv._udp type:25 -> rlen:8 ttl:0
03:14:33.112 AdvanceTime for 0.001
03:14:33.113 - - - - - - - - - - - - - - - - - - - - - - - - - - - - - - - - - - - - - - - - - - - - -
03:14:33.113 Validate callback result indicating the two other two keys are removed.
03:14:33.113 AdvanceTime for 0.500
03:14:33.613 - - - - - - - - - - - - - - - - - - - - - - - - - - - - - - - - - - - - - - - - - - - - -
03:14:33.613 Send a response removing key3 and other keys.
03:14:33.613 Sending response with 3 records
03:14:33.613   Record 25 (cache-flush:0) for mysrv._srv._udp.local.
03:14:33.613   Record 25 (cache-flush:0) for mysrv._srv._udp.local.
03:14:33.613   Record 25 (cache-flush:0) for mysrv._srv._udp.local.
03:14:33.613 Record callback: mysrv _srv._udp type:25 -> rlen:4 ttl:0
03:14:33.613 AdvanceTime for 0.001
03:14:33.614 - - - - - - - - - - - - - - - - - - - - - - - - - - - - - - - - - - - - - - - - - - - - -
03:14:33.614 Validate callback result indicating key3 is now removed.
03:14:33.614 - - - - - - - - - - - - - - - - - - - - - - - - - - - - - - - - - - - - - - - - - - - - -
03:14:33.614 Send a response adding two keys
03:14:33.614 Sending response with 2 records
03:14:33.614   Record 25 (cache-flush:1) for mysrv._srv._udp.local.
03:14:33.614   Record 25 (cache-flush:1) for mysrv._srv._udp.local.
03:14:33.614 Record callback: mysrv _srv._udp type:25 -> rlen:8 ttl:500
03:14:33.614 Record callback: mysrv _srv._udp type:25 -> rlen:3 ttl:500
03:14:33.614 AdvanceTime for 0.001
03:14:33.615 - - - - - - - - - - - - - - - - - - - - - - - - - - - - - - - - - - - - - - - - - - - - -
03:14:33.615 Validate callback results
03:14:33.615 AdvanceTime for 5.000
03:14:38.615 - - - - - - - - - - - - - - - - - - - - - - - - - - - - - - - - - - - - - - - - - - - - -
03:14:38.615 Send a response changing the TTL for key1
03:14:38.615 Sending response with 1 records
03:14:38.615   Record 25 (cache-flush:0) for mysrv._srv._udp.local.
03:14:38.615 Record callback: mysrv _srv._udp type:25 -> rlen:8 ttl:120
03:14:38.615 AdvanceTime for 0.001
03:14:38.616 - - - - - - - - - - - - - - - - - - - - - - - - - - - - - - - - - - - - - - - - - - - - -
03:14:38.616 Validate callback results indicating key1 TTL change
03:14:38.616 - - - - - - - - - - - - - - - - - - - - - - - - - - - - - - - - - - - - - - - - - - - - -
03:14:38.616 Check query is sent at 80 percentage of TTL and then respond to it.
03:14:38.616 AdvanceTime for 95.999
03:16:14.615 AdvanceTime for 4.001
03:16:16.550 otPlatMdnsSendMulticast(msg-len:39)
03:16:16.550    Query id:0 qt:0 t:0 rcode:0 [q:1 ans:0 auth:0 addn:0]
03:16:16.550    Question
03:16:16.550       mysrv._srv._udp.local. KEY QM class:1
03:16:18.616 AdvanceTime for 0.010
03:16:18.626 Sending response with 1 records
03:16:18.626   Record 25 (cache-flush:0) for mysrv._srv._udp.local.
03:16:18.626 - - - - - - - - - - - - - - - - - - - - - - - - - - - - - - - - - - - - - - - - - - - - -
03:16:18.626 Check queries are sent at 80, 85, 90, 95 percentages of TTL.
03:16:18.626 AdvanceTime for 95.999
03:17:54.625 AdvanceTime for 2.401
03:17:54.852 otPlatMdnsSendMulticast(msg-len:39)
03:17:54.852    Query id:0 qt:0 t:0 rcode:0 [q:1 ans:0 auth:0 addn:0]
03:17:54.852    Question
03:17:54.852       mysrv._srv._udp.local. KEY QM class:1
03:17:57.026 AdvanceTime for 3.599
03:18:00.625 AdvanceTime for 2.401
03:18:02.280 otPlatMdnsSendMulticast(msg-len:39)
03:18:02.280    Query id:0 qt:0 t:0 rcode:0 [q:1 ans:0 auth:0 addn:0]
03:18:02.280    Question
03:18:02.280       mysrv._srv._udp.local. KEY QM class:1
03:18:03.026 AdvanceTime for 3.599
03:18:06.625 AdvanceTime for 2.401
03:18:07.709 otPlatMdnsSendMulticast(msg-len:39)
03:18:07.709    Query id:0 qt:0 t:0 rcode:0 [q:1 ans:0 auth:0 addn:0]
03:18:07.709    Question
03:18:07.709       mysrv._srv._udp.local. KEY QM class:1
03:18:09.026 AdvanceTime for 3.599
03:18:12.625 AdvanceTime for 2.401
03:18:13.725 otPlatMdnsSendMulticast(msg-len:39)
03:18:13.725    Query id:0 qt:0 t:0 rcode:0 [q:1 ans:0 auth:0 addn:0]
03:18:13.725    Question
03:18:13.725       mysrv._srv._udp.local. KEY QM class:1
03:18:15.026 - - - - - - - - - - - - - - - - - - - - - - - - - - - - - - - - - - - - - - - - - - - - -
03:18:15.026 Check TTL timeout and callback result.
03:18:15.026 AdvanceTime for 6.000
03:18:18.626 Record callback: mysrv _srv._udp type:25 -> rlen:8 ttl:0
03:18:21.026 - - - - - - - - - - - - - - - - - - - - - - - - - - - - - - - - - - - - - - - - - - - - -
03:18:21.026 otPlatMdnsSetListeningEnabled(false)
03:18:21.026 End of test
00:00:00.000 -------------------------------------------------------------------------------------------
00:00:00.000 TestRecordQuerierForAny
00:00:00.000 AdvanceTime for 0.001
00:00:00.001 otPlatMdnsSetListeningEnabled(true)
00:00:00.001 - - - - - - - - - - - - - - - - - - - - - - - - - - - - - - - - - - - - - - - - - - - - -
00:00:00.001 Start a record querier for ANY record type. Validate initial queries.
00:00:00.001 AdvanceTime for 0.125
00:00:00.108 otPlatMdnsSendMulticast(msg-len:39)
00:00:00.108    Query id:0 qt:0 t:0 rcode:0 [q:1 ans:0 auth:0 addn:0]
00:00:00.108    Question
00:00:00.108       mysrv._srv._udp.local. ANY QM class:1
00:00:00.126 AdvanceTime for 1.032
00:00:01.108 otPlatMdnsSendMulticast(msg-len:39)
00:00:01.108    Query id:0 qt:0 t:0 rcode:0 [q:1 ans:0 auth:0 addn:0]
00:00:01.108    Question
00:00:01.108       mysrv._srv._udp.local. ANY QM class:1
00:00:01.158 AdvanceTime for 2.063
00:00:03.120 otPlatMdnsSendMulticast(msg-len:39)
00:00:03.120    Query id:0 qt:0 t:0 rcode:0 [q:1 ans:0 auth:0 addn:0]
00:00:03.120    Question
00:00:03.120       mysrv._srv._udp.local. ANY QM class:1
00:00:03.221 AdvanceTime for 4.126
00:00:07.138 otPlatMdnsSendMulticast(msg-len:39)
00:00:07.138    Query id:0 qt:0 t:0 rcode:0 [q:1 ans:0 auth:0 addn:0]
00:00:07.138    Question
00:00:07.138       mysrv._srv._udp.local. ANY QM class:1
00:00:07.347 AdvanceTime for 8.251
00:00:15.221 otPlatMdnsSendMulticast(msg-len:39)
00:00:15.221    Query id:0 qt:0 t:0 rcode:0 [q:1 ans:0 auth:0 addn:0]
00:00:15.221    Question
00:00:15.221       mysrv._srv._udp.local. ANY QM class:1
00:00:15.598 AdvanceTime for 16.501
00:00:31.422 otPlatMdnsSendMulticast(msg-len:39)
00:00:31.422    Query id:0 qt:0 t:0 rcode:0 [q:1 ans:0 auth:0 addn:0]
00:00:31.422    Question
00:00:31.422       mysrv._srv._udp.local. ANY QM class:1
00:00:32.099 AdvanceTime for 33.001
00:01:04.192 otPlatMdnsSendMulticast(msg-len:39)
00:01:04.192    Query id:0 qt:0 t:0 rcode:0 [q:1 ans:0 auth:0 addn:0]
00:01:04.192    Question
00:01:04.192       mysrv._srv._udp.local. ANY QM class:1
00:01:05.100 AdvanceTime for 66.001
00:02:06.199 otPlatMdnsSendMulticast(msg-len:39)
00:02:06.199    Query id:0 qt:0 t:0 rcode:0 [q:1 ans:0 auth:0 addn:0]
00:02:06.199    Question
00:02:06.199       mysrv._srv._udp.local. ANY QM class:1
00:02:11.101 AdvanceTime for 132.001
00:04:13.940 otPlatMdnsSendMulticast(msg-len:39)
00:04:13.940    Query id:0 qt:0 t:0 rcode:0 [q:1 ans:0 auth:0 addn:0]
00:04:13.940    Question
00:04:13.940       mysrv._srv._udp.local. ANY QM class:1
00:04:23.102 AdvanceTime for 264.001
00:08:33.965 otPlatMdnsSendMulticast(msg-len:39)
00:08:33.965    Query id:0 qt:0 t:0 rcode:0 [q:1 ans:0 auth:0 addn:0]
00:08:33.965    Question
00:08:33.965       mysrv._srv._udp.local. ANY QM class:1
00:08:47.103 AdvanceTime for 528.001
00:17:02.349 otPlatMdnsSendMulticast(msg-len:39)
00:17:02.349    Query id:0 qt:0 t:0 rcode:0 [q:1 ans:0 auth:0 addn:0]
00:17:02.349    Question
00:17:02.349       mysrv._srv._udp.local. ANY QM class:1
00:17:35.104 AdvanceTime for 1056.001
00:33:40.145 otPlatMdnsSendMulticast(msg-len:39)
00:33:40.145    Query id:0 qt:0 t:0 rcode:0 [q:1 ans:0 auth:0 addn:0]
00:33:40.145    Question
00:33:40.145       mysrv._srv._udp.local. ANY QM class:1
00:35:11.105 AdvanceTime for 2112.001
01:07:40.068 otPlatMdnsSendMulticast(msg-len:39)
01:07:40.068    Query id:0 qt:0 t:0 rcode:0 [q:1 ans:0 auth:0 addn:0]
01:07:40.068    Question
01:07:40.068       mysrv._srv._udp.local. ANY QM class:1
01:10:23.106 AdvanceTime for 3712.501
02:07:21.654 otPlatMdnsSendMulticast(msg-len:39)
02:07:21.654    Query id:0 qt:0 t:0 rcode:0 [q:1 ans:0 auth:0 addn:0]
02:07:21.654    Question
02:07:21.654       mysrv._srv._udp.local. ANY QM class:1
02:12:15.607 AdvanceTime for 3712.501
03:06:27.499 otPlatMdnsSendMulticast(msg-len:39)
03:06:27.499    Query id:0 qt:0 t:0 rcode:0 [q:1 ans:0 auth:0 addn:0]
03:06:27.499    Question
03:06:27.499       mysrv._srv._udp.local. ANY QM class:1
03:14:08.108 AdvanceTime for 20.000
03:14:28.108 - - - - - - - - - - - - - - - - - - - - - - - - - - - - - - - - - - - - - - - - - - - - -
03:14:28.108 Send a response. Validate callback result.
03:14:28.108 Sending response with 1 records
03:14:28.108   Record 25 (cache-flush:0) for mysrv._srv._udp.local.
03:14:28.108 Record callback: mysrv _srv._udp type:25 -> rlen:8 ttl:120
03:14:28.108 AdvanceTime for 0.001
03:14:28.109 - - - - - - - - - - - - - - - - - - - - - - - - - - - - - - - - - - - - - - - - - - - - -
03:14:28.109 Send a second response for a different record type. Validate callback result.
03:14:28.109 Sending response with 1 records
03:14:28.109   Record 16 (cache-flush:1) for mysrv._srv._udp.local.
03:14:28.109 Record callback: mysrv _srv._udp type:16 -> rlen:3 ttl:400
03:14:28.109 AdvanceTime for 0.001
03:14:28.110 - - - - - - - - - - - - - - - - - - - - - - - - - - - - - - - - - - - - - - - - - - - - -
03:14:28.110 Send a response with multiple record of different types
03:14:28.110 Sending response with 4 records
03:14:28.110   Record 25 (cache-flush:0) for mysrv._srv._udp.local.
03:14:28.110   Record 16 (cache-flush:1) for mysrv._srv._udp.local.
03:14:28.110   Record 25 (cache-flush:0) for mysrv._srv._udp.local.
03:14:28.110   Record 25 (cache-flush:0) for mysrv._srv._udp.local.
03:14:28.110 Record callback: mysrv _srv._udp type:25 -> rlen:8 ttl:200
03:14:28.110 Record callback: mysrv _srv._udp type:25 -> rlen:3 ttl:200
03:14:28.110 Record callback: mysrv _srv._udp type:25 -> rlen:4 ttl:200
03:14:28.110 Record callback: mysrv _srv._udp type:16 -> rlen:3 ttl:300
03:14:28.110 AdvanceTime for 0.001
03:14:28.111 - - - - - - - - - - - - - - - - - - - - - - - - - - - - - - - - - - - - - - - - - - - - -
03:14:28.111 Start another record querier for the same name with different callback.
03:14:28.111 Alternate record callback is called
03:14:28.111 Record callback: mysrv _srv._udp type:16 -> rlen:3 ttl:300
03:14:28.111 Alternate record callback is called
03:14:28.111 Record callback: mysrv _srv._udp type:25 -> rlen:4 ttl:200
03:14:28.111 Alternate record callback is called
03:14:28.111 Record callback: mysrv _srv._udp type:25 -> rlen:3 ttl:200
03:14:28.111 Alternate record callback is called
03:14:28.111 Record callback: mysrv _srv._udp type:25 -> rlen:8 ttl:200
03:14:28.111 AdvanceTime for 0.001
03:14:28.112 - - - - - - - - - - - - - - - - - - - - - - - - - - - - - - - - - - - - - - - - - - - - -
03:14:28.112 Validate callback result from cache for the new querier
03:14:28.112 - - - - - - - - - - - - - - - - - - - - - - - - - - - - - - - - - - - - - - - - - - - - -
03:14:28.112 Stop the second querier.
03:14:28.112 - - - - - - - - - - - - - - - - - - - - - - - - - - - - - - - - - - - - - - - - - - - - -
03:14:28.112 otPlatMdnsSetListeningEnabled(false)
03:14:28.112 End of test
00:00:00.000 -------------------------------------------------------------------------------------------
00:00:00.000 TestPassiveCache
00:00:00.000 AdvanceTime for 0.001
00:00:00.001 otPlatMdnsSetListeningEnabled(true)
00:00:00.001 - - - - - - - - - - - - - - - - - - - - - - - - - - - - - - - - - - - - - - - - - - - - -
00:00:00.001 Register 2 hosts and 3 services
00:00:00.001 AdvanceTime for 10.000
00:00:00.185 otPlatMdnsSendMulticast(msg-len:339)
00:00:00.185    Query id:0 qt:0 t:0 rcode:0 [q:5 ans:0 auth:11 addn:0]
00:00:00.185    Question
00:00:00.185       host2.local. ANY QU class:1
00:00:00.185       host1.local. ANY QU class:1
00:00:00.185       srv3._srv._udp.local. ANY QU class:1
00:00:00.185       srv2._tst._tcp.local. ANY QU class:1
00:00:00.185       srv1._srv._udp.local. ANY QU class:1
00:00:00.185    Authority
00:00:00.185       host2.local. AAAA cls:1 ttl:1500 fd00:0:0:0:0:0:2:eeee
00:00:00.185       host2.local. AAAA cls:1 ttl:1500 fd00:0:0:0:0:0:2:ffff
00:00:00.185       host1.local. AAAA cls:1 ttl:1500 fd00:0:0:0:0:0:1:aaaa
00:00:00.185       host1.local. AAAA cls:1 ttl:1500 fd00:0:0:0:0:0:1:bbbb
00:00:00.185       host1.local. AAAA cls:1 ttl:1500 fd00:0:0:0:0:0:1:cccc
00:00:00.185       srv3._srv._udp.local. SRV cls:1 ttl:1500 port:3333 w:3 prio:3 host:host2.local.
00:00:00.185       srv3._srv._udp.local. TXT cls:1 ttl:1500 data-len:3
00:00:00.185       srv2._tst._tcp.local. SRV cls:1 ttl:1500 port:2222 w:2 prio:2 host:host1.local.
00:00:00.185       srv2._tst._tcp.local. TXT cls:1 ttl:1500 data-len:1
00:00:00.185       srv1._srv._udp.local. SRV cls:1 ttl:1500 port:1111 w:0 prio:0 host:host1.local.
00:00:00.185       srv1._srv._udp.local. TXT cls:1 ttl:1500 data-len:5
00:00:00.435 otPlatMdnsSendMulticast(msg-len:339)
00:00:00.435    Query id:0 qt:0 t:0 rcode:0 [q:5 ans:0 auth:11 addn:0]
00:00:00.435    Question
00:00:00.435       host2.local. ANY QM class:1
00:00:00.435       host1.local. ANY QM class:1
00:00:00.435       srv3._srv._udp.local. ANY QM class:1
00:00:00.435       srv2._tst._tcp.local. ANY QM class:1
00:00:00.435       srv1._srv._udp.local. ANY QM class:1
00:00:00.435    Authority
00:00:00.435       host2.local. AAAA cls:1 ttl:1500 fd00:0:0:0:0:0:2:eeee
00:00:00.435       host2.local. AAAA cls:1 ttl:1500 fd00:0:0:0:0:0:2:ffff
00:00:00.435       host1.local. AAAA cls:1 ttl:1500 fd00:0:0:0:0:0:1:aaaa
00:00:00.435       host1.local. AAAA cls:1 ttl:1500 fd00:0:0:0:0:0:1:bbbb
00:00:00.435       host1.local. AAAA cls:1 ttl:1500 fd00:0:0:0:0:0:1:cccc
00:00:00.435       srv3._srv._udp.local. SRV cls:1 ttl:1500 port:3333 w:3 prio:3 host:host2.local.
00:00:00.435       srv3._srv._udp.local. TXT cls:1 ttl:1500 data-len:3
00:00:00.435       srv2._tst._tcp.local. SRV cls:1 ttl:1500 port:2222 w:2 prio:2 host:host1.local.
00:00:00.435       srv2._tst._tcp.local. TXT cls:1 ttl:1500 data-len:1
00:00:00.435       srv1._srv._udp.local. SRV cls:1 ttl:1500 port:1111 w:0 prio:0 host:host1.local.
00:00:00.435       srv1._srv._udp.local. TXT cls:1 ttl:1500 data-len:5
00:00:00.685 otPlatMdnsSendMulticast(msg-len:339)
00:00:00.685    Query id:0 qt:0 t:0 rcode:0 [q:5 ans:0 auth:11 addn:0]
00:00:00.685    Question
00:00:00.685       host2.local. ANY QM class:1
00:00:00.685       host1.local. ANY QM class:1
00:00:00.685       srv3._srv._udp.local. ANY QM class:1
00:00:00.685       srv2._tst._tcp.local. ANY QM class:1
00:00:00.685       srv1._srv._udp.local. ANY QM class:1
00:00:00.685    Authority
00:00:00.685       host2.local. AAAA cls:1 ttl:1500 fd00:0:0:0:0:0:2:eeee
00:00:00.685       host2.local. AAAA cls:1 ttl:1500 fd00:0:0:0:0:0:2:ffff
00:00:00.685       host1.local. AAAA cls:1 ttl:1500 fd00:0:0:0:0:0:1:aaaa
00:00:00.685       host1.local. AAAA cls:1 ttl:1500 fd00:0:0:0:0:0:1:bbbb
00:00:00.685       host1.local. AAAA cls:1 ttl:1500 fd00:0:0:0:0:0:1:cccc
00:00:00.685       srv3._srv._udp.local. SRV cls:1 ttl:1500 port:3333 w:3 prio:3 host:host2.local.
00:00:00.685       srv3._srv._udp.local. TXT cls:1 ttl:1500 data-len:3
00:00:00.685       srv2._tst._tcp.local. SRV cls:1 ttl:1500 port:2222 w:2 prio:2 host:host1.local.
00:00:00.685       srv2._tst._tcp.local. TXT cls:1 ttl:1500 data-len:1
00:00:00.685       srv1._srv._udp.local. SRV cls:1 ttl:1500 port:1111 w:0 prio:0 host:host1.local.
00:00:00.685       srv1._srv._udp.local. TXT cls:1 ttl:1500 data-len:5
00:00:00.935 otPlatMdnsSendMulticast(msg-len:564)
00:00:00.935    Response id:0 qt:0 t:0 rcode:0 [q:0 ans:19 auth:0 addn:5]
00:00:00.935    Answer
00:00:00.935       host2.local. AAAA cache-flush cls:1 ttl:1500 fd00:0:0:0:0:0:2:eeee
00:00:00.935       host2.local. AAAA cache-flush cls:1 ttl:1500 fd00:0:0:0:0:0:2:ffff
00:00:00.935       host1.local. AAAA cache-flush cls:1 ttl:1500 fd00:0:0:0:0:0:1:aaaa
00:00:00.935       host1.local. AAAA cache-flush cls:1 ttl:1500 fd00:0:0:0:0:0:1:bbbb
00:00:00.935       host1.local. AAAA cache-flush cls:1 ttl:1500 fd00:0:0:0:0:0:1:cccc
00:00:00.935       _srv._udp.local. PTR cls:1 ttl:1500 srv3._srv._udp.local.
00:00:00.935       _sub1._sub._srv._udp.local. PTR cls:1 ttl:1500 srv3._srv._udp.local.
00:00:00.935       srv3._srv._udp.local. SRV cache-flush cls:1 ttl:1500 port:3333 w:3 prio:3 host:host2.local.
00:00:00.935       srv3._srv._udp.local. TXT cache-flush cls:1 ttl:1500 data-len:3
00:00:00.935       _tst._tcp.local. PTR cls:1 ttl:1500 srv2._tst._tcp.local.
00:00:00.935       srv2._tst._tcp.local. SRV cache-flush cls:1 ttl:1500 port:2222 w:2 prio:2 host:host1.local.
00:00:00.935       srv2._tst._tcp.local. TXT cache-flush cls:1 ttl:1500 data-len:1
00:00:00.935       _srv._udp.local. PTR cls:1 ttl:1500 srv1._srv._udp.local.
00:00:00.935       _xyzw._sub._srv._udp.local. PTR cls:1 ttl:1500 srv1._srv._udp.local.
00:00:00.935       _sub1._sub._srv._udp.local. PTR cls:1 ttl:1500 srv1._srv._udp.local.
00:00:00.935       srv1._srv._udp.local. SRV cache-flush cls:1 ttl:1500 port:1111 w:0 prio:0 host:host1.local.
00:00:00.935       srv1._srv._udp.local. TXT cache-flush cls:1 ttl:1500 data-len:5
00:00:00.935       _services._dns-sd._udp.local. PTR cls:1 ttl:4500 _tst._tcp.local.
00:00:00.935       _services._dns-sd._udp.local. PTR cls:1 ttl:4500 _srv._udp.local.
00:00:00.935    Additional
00:00:00.935       host2.local. NSEC cache-flush cls:1 ttl:4500 [ AAAA ]
00:00:00.935       host1.local. NSEC cache-flush cls:1 ttl:4500 [ AAAA ]
00:00:00.935       srv3._srv._udp.local. NSEC cache-flush cls:1 ttl:4500 [ TXT SRV ]
00:00:00.935       srv2._tst._tcp.local. NSEC cache-flush cls:1 ttl:4500 [ TXT SRV ]
00:00:00.935       srv1._srv._udp.local. NSEC cache-flush cls:1 ttl:4500 [ TXT SRV ]
00:00:00.935 Register callback - ResuestId:1 Error:OK
00:00:00.935 Register callback - ResuestId:0 Error:OK
00:00:00.935 Register callback - ResuestId:4 Error:OK
00:00:00.935 Register callback - ResuestId:3 Error:OK
00:00:00.935 Register callback - ResuestId:2 Error:OK
00:00:01.935 otPlatMdnsSendMulticast(msg-len:564)
00:00:01.935    Response id:0 qt:0 t:0 rcode:0 [q:0 ans:19 auth:0 addn:5]
00:00:01.935    Answer
00:00:01.935       host2.local. AAAA cache-flush cls:1 ttl:1500 fd00:0:0:0:0:0:2:eeee
00:00:01.935       host2.local. AAAA cache-flush cls:1 ttl:1500 fd00:0:0:0:0:0:2:ffff
00:00:01.935       host1.local. AAAA cache-flush cls:1 ttl:1500 fd00:0:0:0:0:0:1:aaaa
00:00:01.935       host1.local. AAAA cache-flush cls:1 ttl:1500 fd00:0:0:0:0:0:1:bbbb
00:00:01.935       host1.local. AAAA cache-flush cls:1 ttl:1500 fd00:0:0:0:0:0:1:cccc
00:00:01.935       _srv._udp.local. PTR cls:1 ttl:1500 srv3._srv._udp.local.
00:00:01.935       _sub1._sub._srv._udp.local. PTR cls:1 ttl:1500 srv3._srv._udp.local.
00:00:01.935       srv3._srv._udp.local. SRV cache-flush cls:1 ttl:1500 port:3333 w:3 prio:3 host:host2.local.
00:00:01.935       srv3._srv._udp.local. TXT cache-flush cls:1 ttl:1500 data-len:3
00:00:01.935       _tst._tcp.local. PTR cls:1 ttl:1500 srv2._tst._tcp.local.
00:00:01.935       srv2._tst._tcp.local. SRV cache-flush cls:1 ttl:1500 port:2222 w:2 prio:2 host:host1.local.
00:00:01.935       srv2._tst._tcp.local. TXT cache-flush cls:1 ttl:1500 data-len:1
00:00:01.935       _srv._udp.local. PTR cls:1 ttl:1500 srv1._srv._udp.local.
00:00:01.935       _xyzw._sub._srv._udp.local. PTR cls:1 ttl:1500 srv1._srv._udp.local.
00:00:01.935       _sub1._sub._srv._udp.local. PTR cls:1 ttl:1500 srv1._srv._udp.local.
00:00:01.935       srv1._srv._udp.local. SRV cache-flush cls:1 ttl:1500 port:1111 w:0 prio:0 host:host1.local.
00:00:01.935       srv1._srv._udp.local. TXT cache-flush cls:1 ttl:1500 data-len:5
00:00:01.935       _services._dns-sd._udp.local. PTR cls:1 ttl:4500 _tst._tcp.local.
00:00:01.935       _services._dns-sd._udp.local. PTR cls:1 ttl:4500 _srv._udp.local.
00:00:01.935    Additional
00:00:01.935       host2.local. NSEC cache-flush cls:1 ttl:4500 [ AAAA ]
00:00:01.935       host1.local. NSEC cache-flush cls:1 ttl:4500 [ AAAA ]
00:00:01.935       srv3._srv._udp.local. NSEC cache-flush cls:1 ttl:4500 [ TXT SRV ]
00:00:01.935       srv2._tst._tcp.local. NSEC cache-flush cls:1 ttl:4500 [ TXT SRV ]
00:00:01.935       srv1._srv._udp.local. NSEC cache-flush cls:1 ttl:4500 [ TXT SRV ]
00:00:03.935 otPlatMdnsSendMulticast(msg-len:564)
00:00:03.935    Response id:0 qt:0 t:0 rcode:0 [q:0 ans:19 auth:0 addn:5]
00:00:03.935    Answer
00:00:03.935       host2.local. AAAA cache-flush cls:1 ttl:1500 fd00:0:0:0:0:0:2:eeee
00:00:03.935       host2.local. AAAA cache-flush cls:1 ttl:1500 fd00:0:0:0:0:0:2:ffff
00:00:03.935       host1.local. AAAA cache-flush cls:1 ttl:1500 fd00:0:0:0:0:0:1:aaaa
00:00:03.935       host1.local. AAAA cache-flush cls:1 ttl:1500 fd00:0:0:0:0:0:1:bbbb
00:00:03.935       host1.local. AAAA cache-flush cls:1 ttl:1500 fd00:0:0:0:0:0:1:cccc
00:00:03.935       _srv._udp.local. PTR cls:1 ttl:1500 srv3._srv._udp.local.
00:00:03.935       _sub1._sub._srv._udp.local. PTR cls:1 ttl:1500 srv3._srv._udp.local.
00:00:03.935       srv3._srv._udp.local. SRV cache-flush cls:1 ttl:1500 port:3333 w:3 prio:3 host:host2.local.
00:00:03.935       srv3._srv._udp.local. TXT cache-flush cls:1 ttl:1500 data-len:3
00:00:03.935       _tst._tcp.local. PTR cls:1 ttl:1500 srv2._tst._tcp.local.
00:00:03.935       srv2._tst._tcp.local. SRV cache-flush cls:1 ttl:1500 port:2222 w:2 prio:2 host:host1.local.
00:00:03.935       srv2._tst._tcp.local. TXT cache-flush cls:1 ttl:1500 data-len:1
00:00:03.935       _srv._udp.local. PTR cls:1 ttl:1500 srv1._srv._udp.local.
00:00:03.935       _xyzw._sub._srv._udp.local. PTR cls:1 ttl:1500 srv1._srv._udp.local.
00:00:03.935       _sub1._sub._srv._udp.local. PTR cls:1 ttl:1500 srv1._srv._udp.local.
00:00:03.935       srv1._srv._udp.local. SRV cache-flush cls:1 ttl:1500 port:1111 w:0 prio:0 host:host1.local.
00:00:03.935       srv1._srv._udp.local. TXT cache-flush cls:1 ttl:1500 data-len:5
00:00:03.935       _services._dns-sd._udp.local. PTR cls:1 ttl:4500 _tst._tcp.local.
00:00:03.935       _services._dns-sd._udp.local. PTR cls:1 ttl:4500 _srv._udp.local.
00:00:03.935    Additional
00:00:03.935       host2.local. NSEC cache-flush cls:1 ttl:4500 [ AAAA ]
00:00:03.935       host1.local. NSEC cache-flush cls:1 ttl:4500 [ AAAA ]
00:00:03.935       srv3._srv._udp.local. NSEC cache-flush cls:1 ttl:4500 [ TXT SRV ]
00:00:03.935       srv2._tst._tcp.local. NSEC cache-flush cls:1 ttl:4500 [ TXT SRV ]
00:00:03.935       srv1._srv._udp.local. NSEC cache-flush cls:1 ttl:4500 [ TXT SRV ]
00:00:10.001 - - - - - - - - - - - - - - - - - - - - - - - - - - - - - - - - - - - - - - - - - - - - -
00:00:10.001 Start a browser for `_srv._udp`, validate callback result
00:00:10.001 AdvanceTime for 0.350
00:00:10.100 otPlatMdnsSendMulticast(msg-len:33)
00:00:10.100    Query id:0 qt:0 t:0 rcode:0 [q:1 ans:0 auth:0 addn:0]
00:00:10.100    Question
00:00:10.100       _srv._udp.local. PTR QM class:1
00:00:10.194 otPlatMdnsSendMulticast(msg-len:319)
00:00:10.194    Response id:0 qt:0 t:0 rcode:0 [q:0 ans:2 auth:0 addn:9]
00:00:10.194    Answer
00:00:10.194       _srv._udp.local. PTR cls:1 ttl:1500 srv3._srv._udp.local.
00:00:10.194       _srv._udp.local. PTR cls:1 ttl:1500 srv1._srv._udp.local.
00:00:10.194    Additional
00:00:10.194       srv3._srv._udp.local. SRV cache-flush cls:1 ttl:1500 port:3333 w:3 prio:3 host:host2.local.
00:00:10.194       srv3._srv._udp.local. TXT cache-flush cls:1 ttl:1500 data-len:3
00:00:10.194       host2.local. AAAA cache-flush cls:1 ttl:1500 fd00:0:0:0:0:0:2:eeee
00:00:10.194       host2.local. AAAA cache-flush cls:1 ttl:1500 fd00:0:0:0:0:0:2:ffff
00:00:10.194       srv1._srv._udp.local. SRV cache-flush cls:1 ttl:1500 port:1111 w:0 prio:0 host:host1.local.
00:00:10.194       srv1._srv._udp.local. TXT cache-flush cls:1 ttl:1500 data-len:5
00:00:10.194       host1.local. AAAA cache-flush cls:1 ttl:1500 fd00:0:0:0:0:0:1:aaaa
00:00:10.194       host1.local. AAAA cache-flush cls:1 ttl:1500 fd00:0:0:0:0:0:1:bbbb
00:00:10.194       host1.local. AAAA cache-flush cls:1 ttl:1500 fd00:0:0:0:0:0:1:cccc
00:00:10.194 Browse callback: _srv._udp (subtype:(null)) -> srv3 ttl:1500
00:00:10.194 Browse callback: _srv._udp (subtype:(null)) -> srv1 ttl:1500
00:00:10.351 - - - - - - - - - - - - - - - - - - - - - - - - - - - - - - - - - - - - - - - - - - - - -
00:00:10.351 Start SRV and TXT resolvers for the srv1 and for its host name.
00:00:10.351 Ensure all results are immediately provided from cache.
00:00:10.351 SRV callback: srv1 _srv._udp, host:host1 port:1111, prio:0, weight:0, ttl:1500
00:00:10.351 TXT callback: srv1 _srv._udp, len:5, ttl:1500
00:00:10.351 Addr callback: host1, num:3
00:00:10.351  - fd00:0:0:0:0:0:1:aaaa, ttl:1500
00:00:10.351  - fd00:0:0:0:0:0:1:bbbb, ttl:1500
00:00:10.351  - fd00:0:0:0:0:0:1:cccc, ttl:1500
00:00:10.351 AdvanceTime for 0.001
00:00:10.352 AdvanceTime for 0.400
00:00:10.752 - - - - - - - - - - - - - - - - - - - - - - - - - - - - - - - - - - - - - - - - - - - - -
00:00:10.752 Start a browser for sub-type service, validate callback result
00:00:10.752 AdvanceTime for 0.350
00:00:10.829 otPlatMdnsSendMulticast(msg-len:44)
00:00:10.829    Query id:0 qt:0 t:0 rcode:0 [q:1 ans:0 auth:0 addn:0]
00:00:10.829    Question
00:00:10.829       _xyzw._sub._srv._udp.local. PTR QM class:1
00:00:10.877 otPlatMdnsSendMulticast(msg-len:202)
00:00:10.877    Response id:0 qt:0 t:0 rcode:0 [q:0 ans:1 auth:0 addn:5]
00:00:10.877    Answer
00:00:10.877       _xyzw._sub._srv._udp.local. PTR cls:1 ttl:1500 srv1._srv._udp.local.
00:00:10.877    Additional
00:00:10.877       srv1._srv._udp.local. SRV cache-flush cls:1 ttl:1500 port:1111 w:0 prio:0 host:host1.local.
00:00:10.877       srv1._srv._udp.local. TXT cache-flush cls:1 ttl:1500 data-len:5
00:00:10.877       host1.local. AAAA cache-flush cls:1 ttl:1500 fd00:0:0:0:0:0:1:aaaa
00:00:10.877       host1.local. AAAA cache-flush cls:1 ttl:1500 fd00:0:0:0:0:0:1:bbbb
00:00:10.877       host1.local. AAAA cache-flush cls:1 ttl:1500 fd00:0:0:0:0:0:1:cccc
00:00:10.877 Browse callback: _srv._udp (subtype:_xyzw) -> srv1 ttl:1500
00:00:11.100 otPlatMdnsSendMulticast(msg-len:71)
00:00:11.100    Query id:0 qt:0 t:0 rcode:0 [q:1 ans:2 auth:0 addn:0]
00:00:11.100    Question
00:00:11.100       _srv._udp.local. PTR QM class:1
00:00:11.100    Answer
00:00:11.100       _srv._udp.local. PTR cls:1 ttl:1499 srv1._srv._udp.local.
00:00:11.100       _srv._udp.local. PTR cls:1 ttl:1499 srv3._srv._udp.local.
00:00:11.102 AdvanceTime for 5.000
00:00:11.829 otPlatMdnsSendMulticast(msg-len:63)
00:00:11.829    Query id:0 qt:0 t:0 rcode:0 [q:1 ans:1 auth:0 addn:0]
00:00:11.829    Question
00:00:11.829       _xyzw._sub._srv._udp.local. PTR QM class:1
00:00:11.829    Answer
00:00:11.829       _xyzw._sub._srv._udp.local. PTR cls:1 ttl:1499 srv1._srv._udp.local.
00:00:13.048 otPlatMdnsSendMulticast(msg-len:71)
00:00:13.048    Query id:0 qt:0 t:0 rcode:0 [q:1 ans:2 auth:0 addn:0]
00:00:13.048    Question
00:00:13.048       _srv._udp.local. PTR QM class:1
00:00:13.048    Answer
00:00:13.048       _srv._udp.local. PTR cls:1 ttl:1497 srv1._srv._udp.local.
00:00:13.048       _srv._udp.local. PTR cls:1 ttl:1497 srv3._srv._udp.local.
00:00:13.787 otPlatMdnsSendMulticast(msg-len:63)
00:00:13.787    Query id:0 qt:0 t:0 rcode:0 [q:1 ans:1 auth:0 addn:0]
00:00:13.787    Question
00:00:13.787       _xyzw._sub._srv._udp.local. PTR QM class:1
00:00:13.787    Answer
00:00:13.787       _xyzw._sub._srv._udp.local. PTR cls:1 ttl:1497 srv1._srv._udp.local.
00:00:16.102 - - - - - - - - - - - - - - - - - - - - - - - - - - - - - - - - - - - - - - - - - - - - -
00:00:16.102 Start SRV and TXT resolvers for `srv2._tst._tcp` service and validate callback result
00:00:16.102 AdvanceTime for 0.350
00:00:16.188 otPlatMdnsSendMulticast(msg-len:44)
00:00:16.188    Query id:0 qt:0 t:0 rcode:0 [q:2 ans:0 auth:0 addn:0]
00:00:16.188    Question
00:00:16.188       srv2._tst._tcp.local. SRV QM class:1
00:00:16.188       srv2._tst._tcp.local. TXT QM class:1
00:00:16.188 otPlatMdnsSendMulticast(msg-len:194)
00:00:16.188    Response id:0 qt:0 t:0 rcode:0 [q:0 ans:2 auth:0 addn:4]
00:00:16.188    Answer
00:00:16.188       srv2._tst._tcp.local. SRV cache-flush cls:1 ttl:1500 port:2222 w:2 prio:2 host:host1.local.
00:00:16.188       srv2._tst._tcp.local. TXT cache-flush cls:1 ttl:1500 data-len:1
00:00:16.188    Additional
00:00:16.188       host1.local. AAAA cache-flush cls:1 ttl:1500 fd00:0:0:0:0:0:1:aaaa
00:00:16.188       host1.local. AAAA cache-flush cls:1 ttl:1500 fd00:0:0:0:0:0:1:bbbb
00:00:16.188       host1.local. AAAA cache-flush cls:1 ttl:1500 fd00:0:0:0:0:0:1:cccc
00:00:16.188       srv2._tst._tcp.local. NSEC cache-flush cls:1 ttl:4500 [ TXT SRV ]
00:00:16.188 SRV callback: srv2 _tst._tcp, host:host1 port:2222, prio:2, weight:2, ttl:1500
00:00:16.188 TXT callback: srv2 _tst._tcp, len:1, ttl:1500
00:00:16.452 - - - - - - - - - - - - - - - - - - - - - - - - - - - - - - - - - - - - - - - - - - - - -
00:00:16.452 Unregister `srv2._tst._tcp` and validate callback results
00:00:16.452 AdvanceTime for 0.350
00:00:16.452 otPlatMdnsSendMulticast(msg-len:85)
00:00:16.452    Response id:0 qt:0 t:0 rcode:0 [q:0 ans:3 auth:0 addn:0]
00:00:16.452    Answer
00:00:16.452       _tst._tcp.local. PTR cls:1 ttl:0 srv2._tst._tcp.local.
00:00:16.452       srv2._tst._tcp.local. SRV cache-flush cls:1 ttl:0 port:2222 w:2 prio:2 host:host1.local.
00:00:16.452       srv2._tst._tcp.local. TXT cache-flush cls:1 ttl:0 data-len:1
00:00:16.452 SRV callback: srv2 _tst._tcp, ttl:0
00:00:16.452 TXT callback: srv2 _tst._tcp, ttl:0
00:00:16.802 - - - - - - - - - - - - - - - - - - - - - - - - - - - - - - - - - - - - - - - - - - - - -
00:00:16.802 Start an SRV resolver for `srv3._srv._udp` service and validate callback result
00:00:16.802 SRV callback: srv3 _srv._udp, host:host2 port:3333, prio:3, weight:3, ttl:1500
00:00:16.802 AdvanceTime for 0.350
00:00:16.930 otPlatMdnsSendMulticast(msg-len:71)
00:00:16.930    Query id:0 qt:0 t:0 rcode:0 [q:1 ans:2 auth:0 addn:0]
00:00:16.930    Question
00:00:16.930       _srv._udp.local. PTR QM class:1
00:00:16.930    Answer
00:00:16.930       _srv._udp.local. PTR cls:1 ttl:1493 srv1._srv._udp.local.
00:00:16.930       _srv._udp.local. PTR cls:1 ttl:1493 srv3._srv._udp.local.
00:00:17.152 - - - - - - - - - - - - - - - - - - - - - - - - - - - - - - - - - - - - - - - - - - - - -
00:00:17.152 Start an address resolver for host2 and validate result is immediately reported from cache
00:00:17.152 Addr callback: host2, num:2
00:00:17.152  - fd00:0:0:0:0:0:2:eeee, ttl:1500
00:00:17.152  - fd00:0:0:0:0:0:2:ffff, ttl:1500
00:00:17.152 AdvanceTime for 0.001
00:00:17.153 - - - - - - - - - - - - - - - - - - - - - - - - - - - - - - - - - - - - - - - - - - - - -
00:00:17.153 otPlatMdnsSetListeningEnabled(false)
00:00:17.153 End of test
00:00:00.000 -------------------------------------------------------------------------------------------
00:00:00.000 TestLegacyUnicastResponse
00:00:00.000 AdvanceTime for 0.001
00:00:00.001 otPlatMdnsSetListeningEnabled(true)
00:00:00.001 - - - - - - - - - - - - - - - - - - - - - - - - - - - - - - - - - - - - - - - - - - - - -
00:00:00.001 AdvanceTime for 10.000
00:00:00.170 otPlatMdnsSendMulticast(msg-len:147)
00:00:00.170    Query id:0 qt:0 t:0 rcode:0 [q:2 ans:0 auth:4 addn:0]
00:00:00.170    Question
00:00:00.170       host.local. ANY QU class:1
00:00:00.170       myservice._srv._udp.local. ANY QU class:1
00:00:00.170    Authority
00:00:00.170       host.local. AAAA cls:1 ttl:1500 fd00:0:0:0:0:0:1:aaaa
00:00:00.170       host.local. AAAA cls:1 ttl:1500 fd00:0:0:0:0:0:1:bbbb
00:00:00.170       myservice._srv._udp.local. SRV cls:1 ttl:1000 port:1234 w:2 prio:1 host:host.local.
00:00:00.170       myservice._srv._udp.local. TXT cls:1 ttl:1000 data-len:5
00:00:00.420 otPlatMdnsSendMulticast(msg-len:147)
00:00:00.420    Query id:0 qt:0 t:0 rcode:0 [q:2 ans:0 auth:4 addn:0]
00:00:00.420    Question
00:00:00.420       host.local. ANY QM class:1
00:00:00.420       myservice._srv._udp.local. ANY QM class:1
00:00:00.420    Authority
00:00:00.420       host.local. AAAA cls:1 ttl:1500 fd00:0:0:0:0:0:1:aaaa
00:00:00.420       host.local. AAAA cls:1 ttl:1500 fd00:0:0:0:0:0:1:bbbb
00:00:00.420       myservice._srv._udp.local. SRV cls:1 ttl:1000 port:1234 w:2 prio:1 host:host.local.
00:00:00.420       myservice._srv._udp.local. TXT cls:1 ttl:1000 data-len:5
00:00:00.670 otPlatMdnsSendMulticast(msg-len:147)
00:00:00.670    Query id:0 qt:0 t:0 rcode:0 [q:2 ans:0 auth:4 addn:0]
00:00:00.670    Question
00:00:00.670       host.local. ANY QM class:1
00:00:00.670       myservice._srv._udp.local. ANY QM class:1
00:00:00.670    Authority
00:00:00.670       host.local. AAAA cls:1 ttl:1500 fd00:0:0:0:0:0:1:aaaa
00:00:00.670       host.local. AAAA cls:1 ttl:1500 fd00:0:0:0:0:0:1:bbbb
00:00:00.670       myservice._srv._udp.local. SRV cls:1 ttl:1000 port:1234 w:2 prio:1 host:host.local.
00:00:00.670       myservice._srv._udp.local. TXT cls:1 ttl:1000 data-len:5
00:00:00.920 otPlatMdnsSendMulticast(msg-len:227)
00:00:00.920    Response id:0 qt:0 t:0 rcode:0 [q:0 ans:6 auth:0 addn:2]
00:00:00.920    Answer
00:00:00.920       host.local. AAAA cache-flush cls:1 ttl:1500 fd00:0:0:0:0:0:1:aaaa
00:00:00.920       host.local. AAAA cache-flush cls:1 ttl:1500 fd00:0:0:0:0:0:1:bbbb
00:00:00.920       _srv._udp.local. PTR cls:1 ttl:1000 myservice._srv._udp.local.
00:00:00.920       myservice._srv._udp.local. SRV cache-flush cls:1 ttl:1000 port:1234 w:2 prio:1 host:host.local.
00:00:00.920       myservice._srv._udp.local. TXT cache-flush cls:1 ttl:1000 data-len:5
00:00:00.920       _services._dns-sd._udp.local. PTR cls:1 ttl:4500 _srv._udp.local.
00:00:00.920    Additional
00:00:00.920       host.local. NSEC cache-flush cls:1 ttl:4500 [ AAAA ]
00:00:00.920       myservice._srv._udp.local. NSEC cache-flush cls:1 ttl:4500 [ TXT SRV ]
00:00:00.920 Register callback - ResuestId:0 Error:OK
00:00:00.920 Register callback - ResuestId:1 Error:OK
00:00:01.920 otPlatMdnsSendMulticast(msg-len:227)
00:00:01.920    Response id:0 qt:0 t:0 rcode:0 [q:0 ans:6 auth:0 addn:2]
00:00:01.920    Answer
00:00:01.920       host.local. AAAA cache-flush cls:1 ttl:1500 fd00:0:0:0:0:0:1:aaaa
00:00:01.920       host.local. AAAA cache-flush cls:1 ttl:1500 fd00:0:0:0:0:0:1:bbbb
00:00:01.920       _srv._udp.local. PTR cls:1 ttl:1000 myservice._srv._udp.local.
00:00:01.920       myservice._srv._udp.local. SRV cache-flush cls:1 ttl:1000 port:1234 w:2 prio:1 host:host.local.
00:00:01.920       myservice._srv._udp.local. TXT cache-flush cls:1 ttl:1000 data-len:5
00:00:01.920       _services._dns-sd._udp.local. PTR cls:1 ttl:4500 _srv._udp.local.
00:00:01.920    Additional
00:00:01.920       host.local. NSEC cache-flush cls:1 ttl:4500 [ AAAA ]
00:00:01.920       myservice._srv._udp.local. NSEC cache-flush cls:1 ttl:4500 [ TXT SRV ]
00:00:03.920 otPlatMdnsSendMulticast(msg-len:227)
00:00:03.920    Response id:0 qt:0 t:0 rcode:0 [q:0 ans:6 auth:0 addn:2]
00:00:03.920    Answer
00:00:03.920       host.local. AAAA cache-flush cls:1 ttl:1500 fd00:0:0:0:0:0:1:aaaa
00:00:03.920       host.local. AAAA cache-flush cls:1 ttl:1500 fd00:0:0:0:0:0:1:bbbb
00:00:03.920       _srv._udp.local. PTR cls:1 ttl:1000 myservice._srv._udp.local.
00:00:03.920       myservice._srv._udp.local. SRV cache-flush cls:1 ttl:1000 port:1234 w:2 prio:1 host:host.local.
00:00:03.920       myservice._srv._udp.local. TXT cache-flush cls:1 ttl:1000 data-len:5
00:00:03.920       _services._dns-sd._udp.local. PTR cls:1 ttl:4500 _srv._udp.local.
00:00:03.920    Additional
00:00:03.920       host.local. NSEC cache-flush cls:1 ttl:4500 [ AAAA ]
00:00:03.920       myservice._srv._udp.local. NSEC cache-flush cls:1 ttl:4500 [ TXT SRV ]
00:00:10.001 - - - - - - - - - - - - - - - - - - - - - - - - - - - - - - - - - - - - - - - - - - - - -
00:00:10.001 Send a query with two questions (SRV for service1 and AAAA for host). Validate that no response is sent
00:00:10.001 AdvanceTime for 2.000
00:00:12.001 Sending query for myservice._srv._udp.local. SRV and host.local. AAAA
00:00:12.001 AdvanceTime for 0.200
00:00:12.201 - - - - - - - - - - - - - - - - - - - - - - - - - - - - - - - - - - - - - - - - - - - - -
00:00:12.201 Send a query for SRV record and validate the response
00:00:12.201 AdvanceTime for 2.000
00:00:14.201 Sending query for myservice._srv._udp.local. SRV
00:00:14.201 otPlatMdnsSendUnicast() - [fd01:0:0:0:0:0:0:1]:49152
00:00:14.201    Response id:1 qt:0 t:0 rcode:0 [q:1 ans:1 auth:0 addn:3]
00:00:14.201    Question
00:00:14.201       myservice._srv._udp.local. SRV QM class:1
00:00:14.201    Answer
00:00:14.201       myservice._srv._udp.local. SRV cls:1 ttl:10 port:1234 w:2 prio:1 host:host.local.
00:00:14.201    Additional
00:00:14.201       host.local. AAAA cls:1 ttl:10 fd00:0:0:0:0:0:1:aaaa
00:00:14.201       host.local. AAAA cls:1 ttl:10 fd00:0:0:0:0:0:1:bbbb
00:00:14.201       myservice._srv._udp.local. NSEC cls:1 ttl:10 [ TXT SRV ]
00:00:14.201 AdvanceTime for 1.000
00:00:15.201 - - - - - - - - - - - - - - - - - - - - - - - - - - - - - - - - - - - - - - - - - - - - -
00:00:15.201 Send a query for TXT record and validate the response
00:00:15.201 AdvanceTime for 2.000
00:00:17.201 Sending query for myservice._srv._udp.local. TXT
00:00:17.201 otPlatMdnsSendUnicast() - [fd01:0:0:0:0:0:0:1]:49152
00:00:17.201    Response id:1 qt:0 t:0 rcode:0 [q:1 ans:1 auth:0 addn:1]
00:00:17.201    Question
00:00:17.201       myservice._srv._udp.local. TXT QM class:1
00:00:17.201    Answer
00:00:17.201       myservice._srv._udp.local. TXT cls:1 ttl:10 data-len:5
00:00:17.201    Additional
00:00:17.201       myservice._srv._udp.local. NSEC cls:1 ttl:10 [ TXT SRV ]
00:00:17.201 AdvanceTime for 1.000
00:00:18.201 - - - - - - - - - - - - - - - - - - - - - - - - - - - - - - - - - - - - - - - - - - - - -
00:00:18.201 Send a query for ANY record and validate the response
00:00:18.201 AdvanceTime for 2.000
00:00:20.201 Sending query for myservice._srv._udp.local. ANY
00:00:20.201 otPlatMdnsSendUnicast() - [fd01:0:0:0:0:0:0:1]:49152
00:00:20.201    Response id:1 qt:0 t:0 rcode:0 [q:1 ans:2 auth:0 addn:3]
00:00:20.201    Question
00:00:20.201       myservice._srv._udp.local. ANY QM class:1
00:00:20.201    Answer
00:00:20.201       myservice._srv._udp.local. SRV cls:1 ttl:10 port:1234 w:2 prio:1 host:host.local.
00:00:20.201       myservice._srv._udp.local. TXT cls:1 ttl:10 data-len:5
00:00:20.201    Additional
00:00:20.201       host.local. AAAA cls:1 ttl:10 fd00:0:0:0:0:0:1:aaaa
00:00:20.201       host.local. AAAA cls:1 ttl:10 fd00:0:0:0:0:0:1:bbbb
00:00:20.201       myservice._srv._udp.local. NSEC cls:1 ttl:10 [ TXT SRV ]
00:00:20.201 AdvanceTime for 1.000
00:00:21.201 - - - - - - - - - - - - - - - - - - - - - - - - - - - - - - - - - - - - - - - - - - - - -
00:00:21.201 Send a query for PTR record for service type and validate the response
00:00:21.201 AdvanceTime for 2.000
00:00:23.201 Sending query for _srv._udp.local. PTR
00:00:23.201 otPlatMdnsSendUnicast() - [fd01:0:0:0:0:0:0:1]:49152
00:00:23.201    Response id:1 qt:0 t:0 rcode:0 [q:1 ans:1 auth:0 addn:4]
00:00:23.201    Question
00:00:23.201       _srv._udp.local. PTR QM class:1
00:00:23.201    Answer
00:00:23.201       _srv._udp.local. PTR cls:1 ttl:10 myservice._srv._udp.local.
00:00:23.201    Additional
00:00:23.201       myservice._srv._udp.local. SRV cls:1 ttl:10 port:1234 w:2 prio:1 host:host.local.
00:00:23.201       myservice._srv._udp.local. TXT cls:1 ttl:10 data-len:5
00:00:23.201       host.local. AAAA cls:1 ttl:10 fd00:0:0:0:0:0:1:aaaa
00:00:23.201       host.local. AAAA cls:1 ttl:10 fd00:0:0:0:0:0:1:bbbb
00:00:23.201 AdvanceTime for 1.000
00:00:24.201 - - - - - - - - - - - - - - - - - - - - - - - - - - - - - - - - - - - - - - - - - - - - -
00:00:24.201 Send a query for non-existing record and validate the response with NSEC
00:00:24.201 AdvanceTime for 2.000
00:00:26.201 Sending query for host.local. A
00:00:26.201 otPlatMdnsSendUnicast() - [fd01:0:0:0:0:0:0:1]:49152
00:00:26.201    Response id:1 qt:0 t:0 rcode:0 [q:1 ans:0 auth:0 addn:1]
00:00:26.201    Question
00:00:26.201       host.local. A QM class:1
00:00:26.201    Additional
00:00:26.201       host.local. NSEC cls:1 ttl:10 [ AAAA ]
00:00:26.201 AdvanceTime for 1.000
00:00:26.201 otPlatMdnsSendMulticast(msg-len:52)
00:00:26.201    Response id:0 qt:0 t:0 rcode:0 [q:0 ans:0 auth:0 addn:1]
00:00:26.201    Additional
00:00:26.201       host.local. NSEC cache-flush cls:1 ttl:4500 [ AAAA ]
00:00:27.201 - - - - - - - - - - - - - - - - - - - - - - - - - - - - - - - - - - - - - - - - - - - - -
00:00:27.201 AdvanceTime for 15.000
00:00:27.201 otPlatMdnsSendMulticast(msg-len:78)
00:00:27.201    Response id:0 qt:0 t:0 rcode:0 [q:0 ans:2 auth:0 addn:0]
00:00:27.201    Answer
00:00:27.201       host.local. AAAA cache-flush cls:1 ttl:0 fd00:0:0:0:0:0:1:aaaa
00:00:27.201       host.local. AAAA cache-flush cls:1 ttl:0 fd00:0:0:0:0:0:1:bbbb
00:00:28.201 otPlatMdnsSendMulticast(msg-len:78)
00:00:28.201    Response id:0 qt:0 t:0 rcode:0 [q:0 ans:2 auth:0 addn:0]
00:00:28.201    Answer
00:00:28.201       host.local. AAAA cache-flush cls:1 ttl:0 fd00:0:0:0:0:0:1:aaaa
00:00:28.201       host.local. AAAA cache-flush cls:1 ttl:0 fd00:0:0:0:0:0:1:bbbb
00:00:30.201 otPlatMdnsSendMulticast(msg-len:78)
00:00:30.201    Response id:0 qt:0 t:0 rcode:0 [q:0 ans:2 auth:0 addn:0]
00:00:30.201    Answer
00:00:30.201       host.local. AAAA cache-flush cls:1 ttl:0 fd00:0:0:0:0:0:1:aaaa
00:00:30.201       host.local. AAAA cache-flush cls:1 ttl:0 fd00:0:0:0:0:0:1:bbbb
00:00:42.201 otPlatMdnsSetListeningEnabled(false)
00:00:42.201 End of test
All tests passed
