:10400000C80A0020F732010001BB010005BB010016
:104010007139010009BB010011BB0100F53201003B
:10402000F5320100F5320100F5320100F5320100F0
:1040300015BB0100D4680200F5320100F5730100E0
:10404000F5320100F5320100F53201003167000060
:10405000F5320100F5320100F5320100F5320100C0
:10406000F5320100F5320100436D0100F532010027
:1040700049C80000F5320100F5320100F5320100B7
:10408000F5320100F5320100F5320100F532010090
:10409000F5320100CF3A0100F5320100F53201009E
:1040A000F53201005533010035330100F5320100CE
:1040B000F5320100F5320100F532010075340200DD
:1040C0007F5402007B540200A52B0200955402008D
:1040D000835402003534020087540200F51A0200AE
:1040E000B5340200F5320100F5320100F53201006D
:1040F000F5320100F5320100F5320100F532010020
:10410000F5320100F5320100F5320100F53201000F
:10411000F5320100F5320100F5320100F5320100FF
:10412000F5320100F5320100F5320100F5320100EF
:04413000F532010063
:1041400070B5104A104C114DE3695E0714D408286D
:1041500001D12B4213D103EA00068E4207D10B4A4C
:104160001A40002A14BF6FF00100002070BD013A10
:10417000EAD16FF00200F9E74FF0FF30F6E76FF099
:104180000100F3E780969800000003500200010050
:10419000000000000000000000000000000000001F
:1041A0002DE98048B74BCBB05B691A0B03F03F0396
:1041B000012B8DF8D8208DF8D93015D1B24B9A6DDE
:1041C000D50311D45A6B6FF3162242F4BC1242F499
:1041D000A0625A631A6B22F4704242F440421A639E
:1041E0001A6B42F4E0621A63BDF8D830B3F5807FF1
:1041F0000CD14FF000531B68A44B1B68A44B1B68E9
:10420000A44B1B68A44B1B68A44B1B68A44AD2F8A0
:10421000803043F00303C2F88030EFF31183302283
:1042200082F311889F4D95F87D21002A40F0778414
:10423000012285F87D2183F31188BFF36F8F6FF022
:1042400004035024984A994913F0800F03F10100A8
:1042500040F05D840B443D2883F800430346F3D1CE
:10426000934BD3F84C21140300F15F84D3F85041F1
:10427000E4B2904B904A93F90060904B26441A6048
:10428000874B86F308061B6F03F00703032B01D14E
:1042900021F084FD13F0B6FA032842D045F60E0350
:1042A0000221794AC2F88030854B9962012103F5D9
:1042B00080539962936DD803FCD4824B8249136179
:1042C000936903F0004343EA064343EA042343F0BF
:1042D000407343F03C039361136A23F00D031362B0
:1042E000936A23F0330343F001039362664A936DAC
:1042F00031EA0303FBD10221714B9962936D59009E
:10430000FCD4136923F4700343F4001313614FF0DA
:1043100000426B4B9A61022203F580539A6201229C
:104320009A62634BD3F89840684B5A68012A00F0B0
:10433000038413F067FA042807D1654813F01AFACA
:10434000574A136F43F480631367624A24F0407343
:10435000D16811F0060FFBD19168936090684340DB
:1043600013F4F81F05BF5C4B594A91601A6013F0B3
:1043700049FA042812D121F011FD13F0FBF90120B4
:1043800010F05CFF5549464A884294BF0020012046
:10439000136F23F4806343EA80231367444B504A2E
:1043A000D3F8C0303E4C23F040739360266F4848EA
:1043B000C6F38026731C85F87E3113F0DBF9236F7A
:1043C00043F480632367236F23F0070343F0020362
:1043D000236721F0E3FC13F0CDF9236F324923F476
:1043E000806343EA86232367236F23F4505343F407
:1043F00080632367D1F8FC2012F080721EBFD1F8D1
:10440000FC3023F08073C1F8FC30D4F8803023F006
:10441000030343F00203C4F8803032B1224AD2F8D9
:10442000FC3043F08073C2F8FC301D4BD3F82021E0
:1044300022F0070242F00102C3F82021D3F88021C4
:1044400022F0030242F00102C3F88021D3F8402198
:1044500022F0030242F00102C3F84021D3F86021A8
:1044600022F0030242F00102C3F86021D3F8402297
:1044700022F0030242F00102C3F84022D3F80022E6
:1044800030E000BF00C0075000C0005000400020D6
:104490000080002000C0002000000120004001201A
:1044A00000800050D819002000ED00E000E100E09D
:1044B0000080E00F5033002000F04902404100200E
:1044C00000D000502008B00B0300014000C0015094
:1044D00000B4C404000001503C41002080F0FA0206
:1044E0000040015A22F0070242F00102C3F8002204
:1044F000D3F8082222F0070242F00102C3F8082292
:10450000BB4A536A23F0010353624FF0E022136960
:1045100043F004031361B74B5A6F42F001025A672C
:10452000DA6E22F03002DA66EFF31186302383F37D
:10453000118895F87F31002B3ED14FF0B044AE4A40
:104540001360AE4A1360AE4A136063680BB111F09A
:1045500023F801230021AB4A5360A160AA494B60B4
:104560000223E3606023E3631F23936153614FF0F1
:10457000B0439A6A12F00802FBD11A625A685B686B
:104580000BB111F009F801279F4C676011F004F896
:104590004FF0B0434FF48062DF609C4BC3F8802142
:1045A0001A601220A76136A922F003F8369A984BB8
:1045B0001A60002A40F0C78286F31188BFF36F8F1C
:1045C00012F0B6F8934A944CD2F8C030934E23F0D0
:1045D000FF0343F0A003B4429149C2F8C03000F099
:1045E000098326F01F03203BB3F1005F80F00383B3
:1045F0008C4B0A68874823F01F0343F00303C0F87D
:104600009820C0F89C30884B0132C0F8A0300A6076
:10461000BFF35F8F05267F4BC3F894605A6A42F45C
:1046200080325A62BFF34F8FBFF36F8FBFF34F8F4C
:10463000BFF36F8F7D4C7E4817F05DFAB4F85830A9
:10464000B4F85A10A26E01EB43010139342012F084
:1046500032F804F16C0017F04EFAB4F85830B4F8A0
:104660005A10E26E01EB43010139072012F023F8E2
:1046700004F1700017F03FFAB4F85810226F49089F
:104680000131012012F017F804F1740017F033FA29
:10469000606D626F113080B2B4F85810043012F0BF
:1046A0000AF804F1780017F026FAB4F85810A26F4F
:1046B00001390C2011F0FFFF04F17C0017F01BFA08
:1046C00031460026E26F942011F0F5FF04F18000DE
:1046D00017F011FAD4F88020B4F85A10082011F01D
:1046E000EAFFC4E9186610F049FF4FF050234FF479
:1046F0000032C7071A6709D401221146164601FA8B
:1047000006F3034002F1010200F08582494B03EBFE
:1047100046035B8B484A062B1168484808918AB2C9
:104720004FEA114140F07E824FF20F03994240F070
:104730007682B2F5406F28BF4FF4C06202804FF01E
:1047400000534CF23C325A80324A536A43F470238D
:104750005362EFF308834FF0CD31394A043B934263
:1047600080F0718200239B6AB3F5804F80F09980BE
:104770001A68344B9A4240F0948095F8806116F0A4
:10478000FD0640F08E80304F3B78002B00F05E82BB
:1047900002233B7008214FF480331C4A2B48C2F897
:1047A0008011C36011602A4A136100239B6ADB6990
:1047B00098473B788046012B40F0DD8202F08AFA70
:1047C000013040F0C982D5F89421224B1A66D5F801
:1047D00098215A66D5F89C21C3F87021D5F8A021FC
:1047E000D20700F1C5821C4A536801334AD135E033
:1047F00000C0075000400050983200207033002065
:104800006C330020002000580010005800E100E048
:10481000B40D002000ED00E0E03F0020803F0020CC
:1048200064330020FF3F0020E1FF0020E43F002030
:104830004C400020007502000000002046110020BE
:104840000800002007B0CD5ED20A002000A000447E
:1048500000900044008000449C41002095F8803185
:1048600083B9BE494968C80748BF5360BC4B5B6801
:10487000D90744BF01235360BA4B5B68DB0744BFD1
:10488000022353601BF032FFD5F8843183F3118883
:10489000BFF36F8F3E70B8F1000F02D1012385F88E
:1048A0008031B149B14811F02DFE11F055FFB04BE8
:1048B0001A68900104D44FF00072C3F880211A6086
:1048C0001A68510104D44FF08062C3F880211A6045
:1048D0000026A84B314618463C22A3F184081FF05D
:1048E00049FCC4E90266C4E90846C4E90D46E06C27
:1048F0002661266484F84460A4F8006184F8286086
:10490000E66184F83C602663C4E90066836808F1C8
:104910005001984750BBE06C0368984730BBE06C8F
:104920004146436898470646D0B947460146C4F811
:10493000D400C4F8FC0084F8F800A4F8D0002022C9
:1049400008F1D8001FF016FC47F8C06FC7E90166F0
:10495000E06CC8F8CC60C3689847002800F00D826E
:10496000854802F05EFB854802F05BFB05F07AFAB1
:1049700021F028FA0021824B08465B6811F0C2FD45
:1049800008B1122809D136A813F020FC28B94FF03D
:10499000FF309DF8D8101FF0BDFE002612F01AFB64
:1049A0001422002136A81FF0E5FB764B36A94FF004
:1049B000FF30379320F040F80123B34636A94FF07B
:1049C000FF30CDE936668DF8DA301FF003FF6FF067
:1049D0000A014FF0FF3020F032F817F0C7FE4022F6
:1049E000314669481FF0C6FB3022314667481FF048
:1049F000C1FB654F664B674ADFF8E8A1DFF8E89135
:104A0000DFF8E881A3F1180C07F1400E24260021FD
:104A100006FB0BF6604843E9061743F8040C0CEB61
:104A2000060043E904A943F8088C01770162CBF141
:104A3000000000F01800704442F8140C574842F887
:104A4000181C42F8100C564843F8241B42F80C0C72
:104A50005448203742F8080C534842F8040C534895
:104A600030440BF10106022E01774FF0010B016279
:104A700042F8241BCAD10AF019F80346002840F076
:104A80001B82002000214A4A4FF6FF7AC2E900014A
:104A900041F60B22DFF858817F21A8F80420454A0F
:104AA0004548C5F830222022C8F800300293ADF8FE
:104AB0001CA08DF81EB01FF05DFB47F67F714FF014
:104AC00080034FF0FF393D4AA5F8443211803C4A3B
:104AD0003C491288029BA5F840223B4AC5F8501277
:104AE00012682439C5F84822384A36A8128807AF18
:104AF000A5F84222364ACDF8D8901268C5F84C2263
:104B00001A4617F091FE002800F05781FEE703F0E7
:104B10000F03043B13441C760346FFF795BB83F356
:104B20001188BFF36F8FFFF79BBB2A4B1C88FF2CAC
:104B300088BF8024FFF79DBB27494A609A69920786
:104B4000FCD1FFF7F6BB002340F2E73123481FF00A
:104B5000EFF8234B85F87F7118602DE50080055034
:104B600000C0055000000650F46E02007C1B0020BF
:104B700000E100E068400020FC3F002010400020E1
:104B800000ED00E0006A1800981B0020D81B0020F0
:104B9000D00D0020F80F0020A125010079DC0000D5
:104BA00015D40000A9DC0000B1DC0000E00F0020FB
:104BB00058110020FD2A0100A7130020A513002092
:104BC000629002002C1C002068900200609002009D
:104BD000649002000001E00F00E0015018FCFFFFAC
:104BE000B00D0020452501000BD400001DDC0000A5
:104BF000741100209C4B08689C4FC2F8980043F049
:104C000001030130B442C2F89C70C2F8A0300860C1
:104C10003FF4FEACECE4102A7FF470AD7AE54FF47B
:104C2000C0628BE540F20726B3420AD14FF20F066D
:104C3000B14206D19A4202BF4FF000524CF23C31D1
:104C40005180038080E543F8041988E54FF001089E
:104C50001E96269687F80080EFF31183302282F3A8
:104C60001188C5F884311BF039FD95F888314BB9AE
:104C700011F072FD30B97E497E4814F049FC08B944
:104C800085F888817C4B5A68C5F8A0217B4A9A60D8
:104C90001A6EC5F894215A6EC5F89821D3F8703170
:104CA000774AC5F89C31774B5968481C3BD04FF484
:104CB00080138B4013660423714A4FF080411366C2
:104CC0004FF480631366102313664FF400534FF0C4
:104CD0000008136611665366D8F82830B3F5804F84
:104CE00010D2012336A88DF8D830CDE9378801F0ED
:104CF00070FF389B590505D5D8F8283026A91B6CBC
:104D00001EA898471E9A5E4B1A66269A5A6695F810
:104D10008821002A3FF43EADD5F88C211A66D5F8DB
:104D200090215A6636E595F88031002BC3D1564B59
:104D30005B6813B94FF480131366544B5A68504B99
:104D400012B94FF400121A66514A5268002AB2D1C1
:104D50004FF480021A66AEE701F0BCFF40F2011387
:104D600098423FF430AD4B4AD368DB07FCD42AE5C8
:104D700000229A6037E501268CE5384606F050FCA3
:104D800000287FF4EDAD05F06DF8064600287FF4AD
:104D9000E7AD4FF4844009F05CFD003818BF0120F6
:104DA0003D4A3E4B85F87C011A603D4B02201E6156
:104DB00002F052FB02F0F8FAD8E53A49369818F0BA
:104DC000B3F800B1FEE7314636981FF01CFD00B184
:104DD000FEE73549369818F09FFA00B1FEE75946CC
:104DE00036981FF0FCFE00B1FEE7594636981FF0DA
:104DF00004FF064600B1FEE7014680222B481FF063
:104E0000B9F92A4B59463698A3F83C9083F87E901E
:104E100083F83EA0A3F87CA0DFF8949017F06AFD19
:104E2000369BC9F8003003B9FEE70DA3D3E9002390
:104E30004FF0FF304FF0FF3109F03BFE3146404666
:104E40000AF046F85946584620F05CFB3946D9F836
:104E5000000017F027FD68B3FEE700BFAFF3008046
:104E60000AE020FF220200000000012003000020D1
:104E7000641B0020D80A00200080004455CEAC00FE
:104E8000009000449C4100200080055000C0055067
:104E900000000650000004407D6D0000980B0020CB
:104EA0009C0B0020070011003C750200E01100205F
:104EB000341100200EF05AF810F060FBCC4B4FF488
:104EC000003218604FF050234FF00009C94EDFF850
:104ED00070A31A6796F8E430002B40F0A480C6E96E
:104EE0000136C6E9033673614FF6FF73DFF854836A
:104EF000B8F800709F4200D1FEE7FFB93B460DF1C4
:104F0000240BC7F1040136AA89B20BEB07003693D4
:104F100013F00DFA0023002840F09D80369A1744C4
:104F2000032FEED9DBF80030002B00F095806FF0F6
:104F30000042934208BF0123AF4A1360B8F8003023
:104F4000C6E9076601337662A8F8003008F08BFAEC
:104F50000027AA4B06F13001B06200F18040A84A58
:104F60007363F163B063F76206F1080036630AF019
:104F70008CFB0B22FB231E2186F84420A6F8583018
:104F80009C4AF36930209B1ADB10B3FBF1F34FF618
:104F9000FF7B9C49DBB200FB0313C6E91277C6E92D
:104FA0001C3606F18000C6E91E773664A6F846B0C6
:104FB000376576650AF09CFA06F190000AF098FAD7
:104FC00006F1A0000AF094FA8F4B06F15408C6F8D7
:104FD000BC3006F1B803C6F8C4304046C6F8B86025
:104FE0000BF07EFA0B22404686F84420C6E9137780
:104FF000B764A6F846B00BF073FA0C23C6E937770E
:10500000C6F8CC30C6F8C860A6F8CE70A6F8D07046
:1050100086F8DA7086F8E4700AF0AAFA0123C6F876
:10502000E80086F8E43009F10103022B4AF8046B2A
:105030004FF0010906F1F0067FF44CAFD5F8D482A9
:10504000C5F8DC82B8F1000F08D16A216F4B704AB5
:10505000704816F099FDFEE701236DE7D5F8D89268
:105060006D4D00272B4643F8E98B6B6105F6E9038C
:10507000AB614FF4006305F114063046AB83C5E91C
:1050800008770BF09BFA2E662B460426013EC3E9F7
:10509000197703F10803F9D1C823604A0421C5E94F
:1050A0002C234FF6FF73A5F8B8305D4B0022C5E9FD
:1050B000303600235B4FC5E92266C5E92466C5E9A1
:1050C0002666C5E93423C5E93623A5F8846085F84A
:1050D000A860C5F8AC60C5F8BC80C5F8C86085F8A4
:1050E000E010C5F8E46085F8E86085F8ED6885F8BB
:1050F000EE68A5F86869A5F86E69A5F87069C5F845
:105100008069C5F88469C5F88869C5F88C6985F82F
:105110009069C5F8946947E90223D5F800A0C5F85D
:10512000A069A5F8A469BAF1000F00D1FEE73E4AD4
:105130003E4B3146C5E90A25A7F1B00078221D6033
:105140001FF018F84FF0FF32C5F87629384AC5F835
:105150007269C5F87A69C5F86A69C5F8E968CAE983
:105160003725DFF8E4A07721A7F50D60CAE94D25C2
:105170000CF0E0FBA7F6E4000AF010FA2C4A2B4BE7
:10518000C8E93725C9E937252A4A1B68C7F818280E
:10519000294AAB42C7F82428284AC5E90168C5F85E
:1051A0000C90A7F80668C7F81488C7F81C68C7F8F9
:1051B0002088C7F82868C7F82C88C7F83028C7F8AF
:1051C000346813D14FF0E0252B699B073ED10F20A7
:1051D00010F034F80A23CAF82801B0FBF3F00138C4
:1051E000B0F1807FC0F0AA80022330E0FEE700BF6C
:1051F0004C140020000E00200C130020F1F60000DB
:105200003C6902002013002099290100BB8F020095
:1052100068750200C58F0200501D002000F8FF07CE
:1052200039250100F0260020E5240100301100207E
:10523000DB0D0100EB07010099DF000055F60000CF
:10524000AC1C002008130020D81900200123CAF844
:10525000003001234F4D2B606B6801336B6094F875
:10526000003143B12368002B40F088804A4884F81D
:10527000003106F0D5F9A66C3746002F40F0858046
:10528000EFF31182302383F31188A36C9B1BA3647B
:1052900082F31188BFF36F8F94F8D03023B13E486A
:1052A00006F02AF984F8D07094F8F83093B103230B
:1052B000394826AA36A912F081FD58B9BDF89830B0
:1052C00036982BB10278D4F8FC301344C4F8FC3083
:1052D00001F0A6FF314E33782BB106F08CF933780C
:1052E000002B40F087802E4B1B78002B00F0828033
:1052F0000DF12809012349462A480DF11A0212F03E
:105300005DFD0646002840F0B382D9F800707B8826
:105310005A1E042A6AD80622DFF89480398802FBD4
:105320000382B2F87E20914260D1023B032B41D828
:10533000DFE813F0230135015A018802CAE94B0462
:10534000EFF3108272B64FF00071174B2E61596067
:1053500083F82360DAF82C316B610E4BAE61CAF82A
:1053600008601E6001238AF80630BFF34F8FBFF339
:105370006F8F07232B6182F310886AE793F8502020
:10538000022A7FF478AF1B686DE7084807F0EEFB50
:10539000013F72E7700D0020A44000208C0B00201C
:1053A000E8400020800B002000ED00E0E43F0020FA
:1053B000007502000421B74B3A7983F8E01200210E
:1053C00083F8E112012183F8E2126FF07F0183F884
:1053D000E31293F87C11002940F0CD80012A18BF18
:1053E0002426C3F8E462AC4801F0C5FFD9F80000F8
:1053F00001F016FFA3680BB9E36823B1A74802F0D8
:1054000039F80028F6D0A54B5B68002B40F04382AA
:10541000A24B302793F844804646EFF3118987F377
:1054200011889F480EF098FB89F31188BFF36F8FA6
:10543000002840F06C82EFF31182302383F311884F
:10544000964B93F84430984540F26D82002393497F
:1054500081F8443082F31188BFF36F8FAB6800226C
:105460000133AB6002232B6003238A4E2B60D6F8F6
:10547000DC325F685A60002F40F05982EB680133DC
:10548000EB6004232B6005232B60864DD6F8DC32BD
:105490002A780293022AD3B200F07782032B00F01D
:1054A00051820BB901232B707F4B1D68002D00F03A
:1054B000458528460AF080F805F58D5001230BAA92
:1054C00016A9083012F07AFC002840F0288505F56E
:1054D000805393F8A62112B9012283F8A621002354
:1054E000169ABDF82C609A4208BF1E460121C5F8E5
:1054F000902004220DF1170B05F1900985F86F1922
:1055000048465946A5F89460A5F89630A5F89860E5
:1055100085F89A30A5F89C6085F8E02085F8A830D9
:105520008DF817300BF0FAFCD8B99DF917309DF8BB
:105530001780002B15DAD5F884390133C5F8843982
:10554000C8F3011385F87139039305EB83035B6896
:105550002B60002B40F052820622414628460CF078
:1055600027FC002385F86F39169801F059FE0028B2
:1055700000F0D584FEE7122633E70423454880F87F
:10558000E032002380F8E132022380F8E2326FF04B
:105590007F0380F8E3322423C0F8E43277E0434A03
:1055A0003B1D07F1240153F8040B8B4242F8040B16
:1055B000F9D115F08DFA3E4B3E491A68064601F5C1
:1055C000D6701EF03BFF06227B88CAF8E46202FB1D
:1055D00003886FEA43436FEA5343B8F88020AAF880
:1055E000E232AAF8E022FEE62A4890F87C31002B4D
:1055F00000F01981202200211EA81EF0BBFD2E4BB9
:1056000007F104081B78052B02D1032001F024FFC9
:1056100026AA08F1200C1346D8F80000D8F8041088
:1056200008F1080803C3E0451A46F4D14021234895
:1056300004F0F7FBB8B9214B0DF1B80C03F1200EC3
:10564000624618685968083303C273459446F7D117
:1056500000230DF1580836934246402136AB26A868
:1056600012F05EFB70B301260A4BC3F8E462062118
:105670007B88134A074801FB03226FEA43436FEA22
:105680005343B2F88020A0F8E232A0F8E02200F5FF
:105690003870A9E6D8190020B81C0020E43F00208B
:1056A000244000201013002030110020341B002063
:1056B0009C410020141B0020940B0020C01C0020E3
:1056C00000750200B74B98E803009980090C9DF81B
:1056D0006620186099711898BDF864105A73C3F861
:1056E0000700A3F80B1007F1240236AB07F1440EB4
:1056F0009C46106851680832ACE803007245634666
:10570000F6D1A94B0DF1F80C03F1200E6246186892
:105710005968083303C273459446F7D10023012228
:105720004FF4844010A90B9304F09BFA78BBDDF88A
:105730004080D8F82030D8F824100293D8F80430EC
:1057400003911B0A28D1B8F800B0584604F030F98C
:10575000039968B944F201022BF44050904207D0FB
:105760000BF44F40B0F5824F02D0B0F5844F16D104
:105770000BAB00930298102346AA04F03BFB834630
:10578000404609F051F8BBF1000F00D150B1502153
:1057900036A802F02DFA66E76FF0860BF0E76FF09F
:1057A000850BEDE7502110AB1EAA36A8CDF840B00E
:1057B00012F0B6FA8046502136A802F019FAB8F174
:1057C000000F02D020211EA8E3E7784B1B78032BA3
:1057D00003D1774B186804F097FA10A801F0B7FDD1
:1057E000744B0BA813934FF440730B9301F0B7FD68
:1057F0000B9BDFF8DCE1129300231EA9CDE910E337
:10580000159320226A4B10A804F0E6FE8046202162
:105810001EA802F0EDF9B8F1000F7FF424AF0420C8
:1058200001F01AFE20E7112280F8E53280F8E42228
:1058300080F8E63280F8E732402100F53A7002F055
:10584000D7F914E74FF0AA334FF0AA32CDE90C2371
:105850000423594880F8E032002380F8E132052320
:1058600080F8E2326FF07F0380F8E332082393E69A
:105870001B280DD1504E96F82833002B3FF4BAADBB
:1058800006F2293001F077FD002386F82833B1E5D0
:1058900005F0B1FEAEE5EFF31186302787F31188EE
:1058A00046480EF059F9804686F31188BFF36F8F92
:1058B00098F84C30A8F10406022B19D1304601F0BB
:1058C00071FBA8B108F12C00D8F8A09020F098FC4A
:1058D0004FF00003314688F84C3048460EF044F94A
:1058E000304620F0A3FAD9F888300133C9F888305F
:1058F000EFF3118687F3118830480EF02DF98046BA
:1059000086F31188BFF36F8F0028D1D180E54FF067
:105910000003013E03744368C068984716F0FF0611
:105920007FF47BAD87E5A3EB0803DBB28FE5B868B6
:10593000874216BF83680027BB60002383604368EB
:10594000984798E50CF031FE1D4BD3E900239042B7
:105950009941FFF4A9AD1B4E306800B9FEE71E2245
:10596000194B1A49C31ADB10B3FBF2F33022DBB236
:1059700002FB03110B7F0F7667F382030B770CF0AA
:1059800035FE012337602B708EE50CF00EFE0C4BBC
:10599000D3E9002390429941FFF486AD094E306867
:1059A000C0B9FEE79C0B0020E01C0020940B0020F7
:1059B000B40C002000024805D8190020E83F002060
:1059C0001813002058140020000E0020201300207F
:1059D00000240001B54B4FF0300EA0EB030C1E234A
:1059E0004FEAEC0CBCFBF3FCB1495FFA8CFC0B23D7
:1059F0003A460EFB0C110CF0A7FFC2E748461EA961
:105A00000BF016FE002840F0B180DDF878B0BBF155
:105A1000010F08D040F2BE80ABF10203032B40F22D
:105A2000B180052259E202238DF84030B5F8963056
:105A3000B34205D0484610A90BF070FA00B1FEE75A
:105A40009DF84030022B40F08C800DF1D80948467B
:105A5000D5F8008009F04CFD00211E26954BD8F8A2
:105A60001C201970914BDFF858C2D01AC010B0FB3F
:105A7000F6F0C0B240220CEB80101EF07BFBD8F891
:105A80001C208A4B8C48D31ADB10B3FBF6F3DBB235
:105A90004022002100EB831008F11C0B1EF06AFB72
:105AA00009F004F848B1584609F056FD00B1FEE788
:105AB00001201FF03FFD00B9FEE700264FF6FF7101
:105AC000D8F81C0009F018F8584626A9CDE9266632
:105AD0000AF030FD4FF6FE71D8F81C0009F04EF8C0
:105AE000484609F005FDCDF800904A464B46314640
:105AF000D8F81C0012F0D4FA3146D8F81C0009F08E
:105B0000E1FB304613F09EFA4FF6FF790B2308F1C4
:105B1000540088F84430C8E91366C8F84860A8F80B
:105B200046900AF0DDFC95F871392B4483F86A69D8
:105B300083F8726983F8769983F87A69286EC5F8D4
:105B40008069C5F88469C5F88869C5F88C690AF068
:105B500035FD7022802128460CF02AF9002872D0E9
:105B6000FEE7032B0CD101F04BF81B200BF016FFC6
:105B70009DF817600246314628460CF016F962E09F
:105B80000DF0D8FF269026A948460BF051FD18B11C
:105B90000BF004FF0246A0E1BBF1030F269E13D0D9
:105BA000ABF10403012B08D85B4632464146284638
:105BB0000CF0A7FA002846D0D8E733460022414629
:105BC00028460CF085F8F5E733460EA81D223B4920
:105BD0000CF078FADDE90E3000F0010B002B40F0FC
:105BE0008181BBF1000F40F07D81712E6AD0B6F546
:105BF0006F5F55D00C2E40F06081484636A90BF0FF
:105C00008DF9002840F04D819DF8D830022B3BD013
:105C100003D9DA1E012A88BF0323002685F8E03065
:105C20000C2201234146284685F8E8600CF0E6FA8C
:105C300095F8E030042B30D0012338BB6A6C85F82E
:105C4000A830C5F8E42095F8ED2895F8EE389A428A
:105C500002D028460CF084FB95F871299DF8173086
:105C60002A4492F8E91803F00F0331B18B421EBFAA
:105C7000D5F888190131C5F888190F2B0CBF0123FD
:105C8000013382F8E9386CE40123C6E7C5F8E46023
:105C900085F8A83085F8E880D5E70028D3D0F9E763
:105CA000414628460CF09EF884E700BF000E002015
:105CB0002013002091130020AC100020A4750200D6
:105CC0002C1000202B689A6C002A00F0F2801E6FC6
:105CD000002E00F0F080484610AA36A90BF06EFDA9
:105CE000002840F0DE80BDF840207F2A00F2D880F6
:105CF0003346B28053F8060B369903931EF09EFB91
:105D0000039B484619460BF009F9002840F0C9806A
:105D1000B3794846B37640F6047333837F23F37632
:105D2000337FC6E904BB23F0170343F00403337742
:105D300006F118010BF0F2F8002852D1484606F19E
:105D400019010BF0EBF800284BD10DF1180B594657
:105D500048460BF0F3F8002843D1337F9DF8182014
:105D60000DF11A0B62F382035946484633770BF064
:105D7000E5F8B0BB337F9DF81A200DF1190B62F3E3
:105D800000035946484633770BF0D8F848BB337FB9
:105D90009DF819200DF1280B62F34103594648463E
:105DA00033770BF0CBF8E0B9337F9DF828204846D5
:105DB00062F30413337706F114010BF043FB80B94F
:105DC000484606F110010BF03DFB50B9484606F17C
:105DD0001A010BF0A3F820B9484606F11B010BF09D
:105DE000AAFAD5F80090D9F84830002B61D099F87C
:105DF0005A3009F15406052B5BD0D9F870B0DBF8A6
:105E0000000013F0D7F9B0B39BF81C30D80632D499
:105E1000584636A909F0DFFE68BB9BF81C30D9074D
:105E200004D4584699F8B41009F0FEFEB9F8583079
:105E30009A0620D49DF8D830082B1CD1D9F87030A0
:105E400009F190029A60D9F87000037FDB070CD447
:105E5000D9F8B0B0594609F0CEFED9F8B0309B451C
:105E600024BF0BF10101C9F8B010D9F8700009F195
:105E700062010AF0D6F80023304689F85B3089F8D1
:105E80005C3089F8B5300CF0A5FCB44BC9F84C3047
:105E9000C8F301132B4408F00F0883F87289D2E687
:105EA00006200BF07BFD4146024628460BF080FFA2
:105EB00080E60D20F5E70320F3E7A6F57053B3F570
:105EC000806F09D243F601439E4285F86FB94FF0C7
:105ED000010B1CD085F86FB90D22414628460BF006
:105EE00064FF67E6002285F86F29421005EB600029
:105EF000BBF1000F01D0AA58D3589847012385F869
:105F00006F3900287FF444AE3346012257E64846F5
:105F10000BF0B2FA172885F86FB9F2D1DCE705F576
:105F2000805393F8A6314BB105F114000AF026FC1A
:105F300020B905F58D50143009F030FB00210846DA
:105F400020F074FA4FF00009DFF84082844DEFF33F
:105F5000108072B6B8F8026020F06AFA002E3ED1C6
:105F60004FF4F8501FF0E6FA68B34FF480701FF05A
:105F7000E1FA7C4D8046002800F09D802B68314678
:105F80001B684FF480701B7813F0200F764B0CBF0A
:105F90004FF0000898461FF0B5FA334600212A68F2
:105FA000C2E90411EFF31180302282F311886F4AA5
:105FB00082F8711380F31188BFF36F8F296842460E
:105FC000886A0CF0C1FC6A4A029B9B1A1E22DB10F5
:105FD000B3FBF2F3DBB2012B40F28F80FEE785F8D2
:105FE0000090EFF3108072B6B8F80220A2B1B8F8B2
:105FF0000030013A08EB8301CE68B8F80410013391
:10600000B3FBF1FC01FB1C33A8F80220A8F8003018
:1060100020F00EFA16B9FEE71646F9E7DFF870B180
:10602000337B9BF81720C3F3800363F341028BF8A3
:106030001720337B03F0FB0333739BF81720DB0936
:1060400063F300028BF81720337B03F07F03337375
:1060500073788BF80630334613F80C2BABF804201A
:10606000CBF8003096F90330424A8BF815301370A4
:10607000B378414A8BF8163013707368CBF8283028
:10608000B36803930CF091FA0022039B8342DBF880
:10609000280028BF01F1FF31D218CBE9022118B93D
:1060A000334809F05BFD354809F058FD3146344866
:1060B00012F01EFE4BE74FF400701FF03BFA06464D
:1060C00030B141464FF400701FF01CFA0F2365E712
:1060D0004FF480601FF02EFA804638B131464FF4FD
:1060E00080601FF00FFAB0460E2357E701464FF4C9
:1060F00080501FF007FA0B2350E7224A52F8230082
:1061000020B10368022B01D108F05AFEEFF3108092
:1061100072B61D4D6E8820F08BF9002E41D008F02C
:10612000A9FC00283DD1EFF3108072B6698861B1F7
:106130002B8805EB8302D768AA880133B3FBF2F6FC
:1061400002FB16332B804B1E6B8020F071F907B9D0
:10615000FEE73B79F3B1012B3AD0FEE7E51B0100E6
:10616000801300204C110020B0110020D81900200D
:10617000000E00209313002092130020F00E002048
:106180000C160020501100205C150020C0150020C6
:1061900080110020B96838680CF028FA38461FF0E2
:1061A00045FE1E4808F04AFCC0B11C4808F046FCF9
:1061B000054618BB1A4808F041FC054698B1284628
:1061C000184908F03EFC2846174908F021FCF4E77E
:1061D0007A89397A386808F07CFFDFE7104808F0E0
:1061E0002DFC0028E1D1114B1A6901321A615A695C
:1061F00001325A6106221A60FFF72BB80C4B0D4A88
:1062000019780D4B2846002918BF1A46114608F088
:1062100018FC2846094908F0FBFBC9E7B80D002027
:10622000E00F002035D8000028100020700D00205D
:106230002C1100201BD8000061D80000000E0020A7
:106240000348044B834202D0034B03B11847704705
:10625000684200206842002000000000064B074909
:10626000C91A891048BF0131491003D0044B0BB142
:1062700001481847704700BF68420020684200206C
:106280000000000010B5064C237843B9FFF7D8FF93
:10629000044B13B10448AFF300800123237010BDF9
:1062A000A83E002000000000D4AC020008B5054B59
:1062B0001BB105490548AFF30080BDE80840FFF772
:1062C000CDBF00BF0000000058310020D4AC020058
:1062D000A3F5803A704700BF174B002B08BF134B44
:1062E0009D46FFF7F5FF00218B460F461348144AE1
:1062F000121A1DF03FFF0E4B002B00D098470D4B9C
:10630000002B00D098470020002104000D000D480C
:10631000002802D00C48AFF3008015F063FD200088
:106320002900FDF73DFF15F04DFC00BF00000800FF
:106330000000000000000000C80A0020C80A002079
:10634000E03E0020000000000000000008B5C36F20
:106350000A462BB1D0F88010007A9847012008BD7A
:106360001846FCE70246D0F8940068B9937B73B9ED
:10637000D2F8900050B9D2F88C3043B9537B127BDD
:106380009B1A584258417047002070471846704782
:1063900040BA80B24140C1F303135940080380B2B0
:1063A0004840490101F4FF5148407047024610B58A
:1063B00044180020A24200D110BD12F8011BFFF7C3
:1063C000E7FFF7E738B5044645180020AC4203D193
:1063D000831A5842584138BD14F8011BFFF7D8FF03
:1063E000F4E721B10020012308800B7070472220C0
:1063F0007047EFF31183302282F31188064A107838
:1064000020B1064A1088003818BF012083F3118894
:10641000BFF36F8F704700BFE03F0020C80A002025
:106420004FF4E13070474FF4E1307047EFF31183E0
:10643000302282F3118883F31188BFF36F8F704786
:106440003021094A937852684B4303F1A04303F586
:106450008023DB6E92689B1AB3F5897F3ABF038075
:1064600000200120704700BFC80A0020F8B516467A
:10647000044600258F1FAF4201DC00200CE02046BF
:1064800003780134142B08D10521B0F80520FFF75B
:1064900099FF10B106B13580F8BD0135EBE72DE964
:1064A000F3470746EFF31188302383F31188012562
:1064B000DFF880A01E4E9AF802400DF10600A540BC
:1064C0005C4304F1A044B56204F58024D4F86490E0
:1064D000FFF7B6FF28B1756288F31188BFF36F8F9D
:1064E00009E0BDF80630BB4208D3756288F3118815
:1064F000BFF36F8F2E2002B0BDE8F0874A46FB1A2B
:106500009BB2013B63F30E126266236F43F00203FA
:106510002367636E43F4801363667565236FAAF87F
:10652000087023F003031A7B60F341021A73D2E769
:1065300000100450C80A00208B7C01F12C020133AA
:106540008B74036813B9CB62026070471846F8E792
:10655000C06C836A03B11847704701230B747047FE
:10656000C388B1EB431F3FBF03684A0953F82200B9
:1065700001F01F013ABFC84000F001000020704741
:1065800010B5C38823B9CA885AB9ABB1012017E046
:10659000026802EB830252F8042C002AF3D1013B7B
:1065A000F0E70C6804EB820454F8044C0CB9013A8F
:1065B000EAE79A42EAD30FD8013B5A1C01D10020E6
:1065C00010BD026852F823400A6852F82320944212
:1065D000DCD803F1FF33F0D24FF0FF30F0E730B5F5
:1065E000C38823B9CA885AB9002B3DD136E0026866
:1065F00002EB830252F8042C002AF3D1013BF0E7AE
:106600000C6804EB820555F8045C4DBB013AEAE7DF
:10661000B1F9045003D2B1F90400404226E0B0F9C8
:106620000420002A03DD002D0CDA01201EE0002DDD
:1066300008DD3AB14FF0FF3018E003F1FF330BD221
:10664000504213E0013B016851F8235054F82310E5
:106650008D42F2D9104609E0591CF4D1002005E022
:10666000002BD8D09342D3D9B0F9040030BD00221A
:10667000154BB3F90010884202D1B3F902007047FC
:106680000132042A03F10403F3D110F1910F15D064
:1066900010F1900F0ADA10F1970F12D010F1930F4A
:1066A00014BF4FF0FF306FF06F00704710F1860F8E
:1066B00014BF4FF0FF306FF0710070476FF06F0044
:1066C00070476FF06D007047606602008A4228D004
:1066D00001F0FE43B3F1A06F14D102F0FE43B3F119
:1066E000A06F0FD182EA010333F47E130AD10B04A9
:1066F00008D5C1F30541C2F3054291428CBF002089
:106700000120704721F47F03B3F1106F0BD102F029
:10671000FE42B2F1106F06D104480B1A584258419C
:106720007047012070470020704700BF0000020939
:1067300007B51E48837A03B9FEE700236946103087
:10674000CDE9003312F0E4FEE8B9194AD2F840313D
:10675000D2F840211F2B4FF001030FD9203A93406C
:10676000019A1A43019208236A46124912480EF010
:10677000A7FB124B124A1A600DF0DCF99340009A05
:106780001A430092EFE72D28F3D1094AD2F840319D
:10679000D2F840211F2B4FF0010385BF203A9340D0
:1067A0009340019398BF0093DDE700BFC80A002023
:1067B0000080004400710800D80A0020000000207A
:1067C0000B020FF008B50DF0C7F920B110F81A3C14
:1067D0002C38013B837408BD38B50C46EFF31185A6
:1067E000302383F311880848FFF7ECFF206028B9B5
:1067F00085F31188BFF36F8F1B2038BD85F3118897
:10680000BFF36F8F0020F8E7400B002038B50D482C
:10681000002284780C497C3012F0FDFD30230125E4
:106820000A4AA54003FB0423196F21F002011967EE
:10683000596E21F48011596602F500535D651D659E
:1068400038BD00BFC80A0020B1C1000000000450DC
:1068500010B550F8044C011F606F12F09DFD2046EA
:1068600010BD38B505460C4661B1486820B1FFF748
:10687000EFFF2846FFF76CFE2146A86FBDE83840C1
:1068800012F08ABD38BD38B50446406F0D4612F08F
:1068900088FD034620B1002043F8044B2B6038BD2F
:1068A0001A20FBE710B50C4661B1C06F12F079FDFC
:1068B000206048B1002303601846226813722268E2
:1068C000536010BD2220FCE71A20FAE7F8B5044611
:1068D000002852D0837C002B51D10168856911B109
:1068E000284612F05AFDA16819B1D5F8800012F0BF
:1068F00053FDE37C022B11D0032B11D0012B11D1BE
:10690000606820B1FFF7A4FF2846FFF721FE636906
:1069100023B9D5F89C300133C5F89C30012602E03C
:106920006168E1B90026EFF31187302383F3118802
:106930002146A86E12F030FDE37C042B13D1B5F88C
:106940006430013BA5F8643087F31188BFF36F8F83
:106950001EB1E86C436A03B198470020F8BD286F68
:1069600012F01AFDDEE7052B01D0032BECD1B5F8B0
:106970006630013BA5F86630E6E72220EEE704200A
:10698000ECE770B516461C460D46B1B1806F12F0AB
:1069900008FDA0B1002303606B68048143600223FB
:1069A000837234683CB9022330602846EB74FFF7E9
:1069B0008DFF204670BD2646F3E72220FAE71A2015
:1069C000F8E7F7B540F201130125012204216846DA
:1069D000ADF800300EF010FE2A46022101A8ADF8F5
:1069E00004500EF009FE032001A91FF0E2FD019BF7
:1069F00040F6AA6259014FF4E11301F561213A48CA
:106A0000B1FBF3F1394B456041F205075A610022B1
:106A1000374C384E9A60DA65DF601A61DA61DA6401
:106A2000A6649A651A655A65656045609E68203956
:106A300046F080469E60304EDF6006EAC1010226C5
:106A40008260D9612D499A65C1F8AC650421E16580
:106A50004FF440645C611023294AC2F8AC354FF012
:106A60000113C2F8C435C2F8BC55456041614561A7
:106A70000DEB010011F0AAFB88BB9DF80460214CCE
:106A800001A8A67011F0A2FB48BB9DF8043084F861
:106A90009030D4F894301A68127DB24221D9EFF3C5
:106AA0001182302181F3118817491B6943F82610A0
:106AB00082F31188BFF36F8F4FF48023C4F89830AE
:106AC000124BC4E92700C4E92B00C4F8A400C4F8A1
:106AD000B400C4F8A83084F8A15084F8B15003B0D1
:106AE000F0BD2120FBE700BF00900550008005505D
:106AF00000A00550FFFF0100F8FF7F0000E00350F9
:106B000000C00350C80A0020B9BD00000200040004
:106B100010B5682101200FF093FD044618B16822DA
:106B200000211DF027FB204610BD10B524210120B7
:106B30000FF086FD044618B1242200211DF01AFB37
:106B4000204610BD0022C188914201D80020704724
:106B5000036853F8223033B193FAA3F0B0FA80F00F
:106B600000EB421070470132EEE7F0B5C4880546ED
:106B7000082C8BB017D9083C082C17D80668A7003A
:106B800020363A46314602A81DF058FC3A4600210C
:106B900030461DF0EFFA262300930921234628688A
:106BA00002AA12F025FB00200BB0F0BD0048FBE765
:106BB00080B0FFFF0FF0B7B810B504460FF094F89F
:106BC0002046BDE810401FF031B90FF092B80FF029
:106BD00090B800239A6AB2F5804F03D21168074A31
:106BE000914203D00023037083607047012202703A
:106BF0009A6A926842609B6A9B69F5E707B0CD5E2E
:106C00001FB501238DF80430002301A80293FFF77C
:106C1000E0FF039B9C0245D5254C63680BB10EF049
:106C200003FB0122234B5A60A36A9806FCD402237B
:106C30000125A3606362204B5D600EF0F5FA1C4BEA
:106C4000E5609A6AD106FCD402221A639A6AD206D7
:106C5000FCD40323174A5361A2F5805293614FF489
:106C60008022164B1A604AF6E850154B154CDA6E26
:106C7000D96E22F003021866134842F0020241F076
:106C80000301C0F82044DA66D966DA66D966DA66A6
:106C9000D966DA66D966DA66BFF34F8FBFF36F8FB6
:106CA00030BFFEE7094B0A4A1A600CF043FF00BFF1
:106CB00000400650006006500050065000E100E021
:106CC000004000500000FFFF00E0035000000020E3
:106CD00002020FF01FB500239A6AB2F5804F1ED250
:106CE000126BB2F5804F1AD2012201A802938DF8DF
:106CF0000420FFF76EFF039BDB0310D5029B1A0EE7
:106D00000DD0012A03D1C3F307430A2B07D900236F
:106D10009B6A1B6B1B6C05B05DF804EB184740F2D7
:106D2000011005B05DF804FB006800B97047037AF4
:106D30008B42F9D190F85030002B08BF00207047EB
:106D400008B503683BB901790448FFF7EDFF08B1C6
:106D500090F8500008BD93F85000FBE7E43F002096
:106D6000054A08B502F1B800FFF7EAFF05281CBF85
:106D7000012382F8C43008BDC80A0020022808B5E3
:106D800009D1042906D100210948FFF7CDFF0123CD
:106D900080F8A03008BD0328FCD10429FAD10022D4
:106DA000044B5B68002BF5D0C3E926221B68F9E78A
:106DB000E43F0020E03F00202DE9F0431D4606237C
:106DC00087B0137049681446402900F086801CD8AB
:106DD000042906D80139032942D8DFE801F0456AC1
:106DE0004B55202970D0302974D0A1F5E063FF2BDA
:106DF00000F2CD80C9B241F4E06367486360FFF7F9
:106E000093FF58B390F8A00028E040F20133994274
:106E100000F087800DD8B1F5007F66D040F20223E4
:106E2000994279D05029E0D1516050F8740C036A2E
:106E300057E0B1F5806F00F09C80B1F5885F75D0A8
:106E4000A1F58053FF2BD0D8C9B241F480535248EA
:106E50005360FFF769FF08B190F85000207207E017
:106E600000235360A3603EE00123536006231372A6
:106E700005232DE0042303220921C4E90123012372
:106E8000C4E90313102323E01346042243F8042F1C
:106E9000424A116859605168128999609A810E239B
:106EA000638001234374638804332B6007B0BDE81B
:106EB000F083022301215360082210F86F3C6280A6
:106EC00013FB0213A360EEE7516050F86C2C228193
:106ED0006380E8E75160C36BC4E7516050F8740CFD
:106EE000C3699847A0600823F2E7516003A8FFF741
:106EF00070FE049BE360002323619DF80C30012B9E
:106F000002D103232372BDE723B923724FF0FF336D
:106F1000E360B7E70423F5E7214B5160D3F8C830AD
:106F2000A0E71F4B516093F8CC309BE7516002F112
:106F3000070802F1870900221646531C6846CDE96E
:106F40000066CDE903668DF804208DF810300296B6
:106F50000596FFF7F5FE074603A8FFF7F1FE47EA9F
:106F6000001708F8017F0232C145D2B2E5D184236F
:106F7000AEE7A0F13C03083253F8041B834242F809
:106F8000041BF9D14FF4806363604023A0E7002322
:106F900063600D2366E700BFE43F0020488A0200DB
:106FA000C80A002008B50146FFF7DCF950B1D1F856
:106FB000880040B9D1F8843023B9B1F86800B0FA3C
:106FC00080F0400908BD0020FCE7EFF31182302378
:106FD00083F311888368013B836082F31188BFF3D8
:106FE0006F8F704708B508B9022008BDEFF3118212
:106FF000302383F31188836823B982F31188BFF3A8
:107000006F8FF1E70133836082F31188BFF36F8FD5
:1070100021B1036813B100200B60E6E7FFF7D5FF4D
:10702000E2E738B50446EFF31185302383F3118886
:10703000037C63B18068214640300CF095FDA26866
:1070400092F84430013B82F844300023237485F3E6
:107050001188BFF36F8F38BD2DE9F0410446174604
:107060000E4600293DD0806E12F09BF90546F8B11E
:10707000342200211DF07EF8EFF31188302383F3D2
:1070800011887B1E042B2ED8DFE803F0182D032176
:107090000300B4F85820B4F86630013A93420ADB92
:1070A0002946A06E12F078F988F31188BFF36F8F2C
:1070B0001A20BDE8F0810133A4F8663088F3118806
:1070C000BFF36F8F0020EF74AC613560F1E7B4F867
:1070D0006430B4F85A209A42E2D90133A4F86430FB
:1070E000ECE72220E5E72120E3E72DE9F34791468D
:1070F000042204468846D0F8A4000DEB02019A460B
:10710000FFF7AAFF074660B91AF00E0F667A019DD5
:107110000AF002031AD0B20707D42846FFF7D6FBBD
:107120002127384602B0BDE8F087A3B91AF0040F52
:1071300014D11AF0080613D1324694F85030052BBA
:1071400010D02846FFF7C2FB0227EAE716F0010637
:10715000E3D10122F1E706463A46EEE70426FBE7D3
:107160000E26F9E7C5F80480A5F80C906C61237A27
:107170006B740A9B2B62CAB1A37AE27A1B01DBB261
:107180001343CAF3001A43EACA0A85F810A0A37A87
:10719000013303F00703A37249464046FFF706F99F
:1071A0002946E881204612F07AF9BAE766F03F06F0
:1071B0002E74F1E72DE9FF410F4603A90646154657
:1071C0009846FFF70FFF38BB45B30398D0F8A430BB
:1071D00090F8A020B3F85C4040F6F773002C08BF8D
:1071E0001C46C2EB423204EBC204A4B2A5420ED844
:1071F0000A9B394600932A464346FFF776FF01462D
:107200003046FFF7E2FE084604B0BDE8F0813046A4
:10721000FFF7DBFE2B21F6E70221F4E72121F2E75D
:1072200010B578B1FFF714FB044660300CF094FC05
:10723000014610B1A06F12F0AFF82046FFF788F9B1
:10724000002010BD2220FCE708B50CF085FC20B121
:1072500010F81E3C3038013B837408BD8B7C01F173
:10726000300201338B74036813B90B6302607047FB
:107270001846F8E738B581624469EFF31185302389
:1072800083F31188D4F8A430014603F11000FFF70E
:10729000E5FF85F31188BFF36F8FD4F8A420074969
:1072A00002F1180012F0B7F84FF6FF72B4F8683028
:1072B00093421CBF0133A4F8683038BDCB7700007F
:1072C00010B50446A37C0846013B04F13001A374C9
:1072D0000CF04AFC2046BDE810403321CAE72DE9F6
:1072E000F7438946174601A9032206461D469DF825
:1072F0002880FFF7B1FE38BB306F019C12F051F8C7
:10730000606028B9204603B0BDE8F043FFF7DEBA5D
:10731000012165F06F05A181C4F81490677425748C
:1073200080F800806068FFF741F8E081EFF3118595
:10733000302383F31188214606F10800FFF78EFF02
:1073400085F31188BFF36F8F03B0BDE8F08310B5EC
:107350000446182200211CF00DFF204610BD0368D2
:10736000D90444BF43F4806303609A0444BF43F4E8
:1073700000630360704707B50022084B014683F89D
:1073800008210288064B0432009392B2012305487B
:10739000FFF710FF03B05DF804FB00BFE03F0020E3
:1073A00061770000800B0020002307B501221946F9
:1073B0000E4811F0EFFA68B90C4801A9FFF712FE68
:1073C00040B9019B0A4A09489A65FFF7FEFDFFF79D
:1073D00009FE18B1002003B05DF804FB019B054ACB
:1073E00002485A67FFF7F1FD0120F4E7800B002007
:1073F00061770000616D000010F1840F12DA10F166
:10740000950F25DB9530102822D8DFE800F01D21EC
:1074100021211B2121211913110F151F17092300E9
:107420000F207047003818BF012070471D2070479B
:107430002E2070472D207047242070472120704750
:107440001A2070472F2070472C2070472520704746
:1074500001207047082070470146054B93F8CC0087
:1074600083F8CC10D3F8D03003B11847704700BF71
:10747000C80A00202DE9F0470646C06C86B0836933
:1074800098478046002800F06781F36823B9B36805
:10749000002B39D11B2533E0B04B93F8CC3003F0EF
:1074A000FB03012BF3D1EFF31185302383F3118814
:1074B00006F10C00FFF7C8FE044685F31188BFF300
:1074C0006F8F0028E3D0237C9F097F2BA36898BF90
:1074D000002743BBF06E11F064FF206028BBEFF380
:1074E0001182302383F31188A37C0133A374B36822
:1074F00044F8303FB46082F31188BFF36F8F1A25D0
:10750000284606B0BDE8F087EFF31185302383F3FA
:10751000118806F10800FFF797FE044685F31188ED
:10752000BFF36F8FCFE74FF00008A189002939D052
:107530008B1C9BB2D4F814C037B9227C9CF80B008A
:1075400022F0070202432274207C25687F28D4F8A9
:1075500008A029D841B3BAF1000F28D19CF8A09017
:10756000B9F1000F27D07D4A92F8CC2002F0FB023F
:10757000012A1ED02946304611F00FFFC4F800A0A2
:10758000EFF31182302383F31188A37C0133A374BA
:10759000F36844F8303FF46082F31188BFF36F8FD3
:1075A0000025ADE70B46C5E7BAF1000F22D04FF03A
:1075B000000908339BB21421627CAB701B0A29704E
:1075C0002871052128466A70EB70FEF7EFFE68719E
:1075D000000AA871B9F1000F7BD0D6F8800011F035
:1075E000E0FE21680546A06030B9304611F0D5FEB6
:1075F000256084E7D146DEE70B79584D03F0070993
:1076000023F007030B71D4F814A0D4E900129AF800
:107610000800D4F808C08DF80C00DAF89C00A389A3
:107620000590D5F8DB00CDF80D00B5F8DF00ADF81A
:10763000110095F8E100CDF800C08DF8130003A803
:1076400012F024F9804698B9DAF89C300133CAF870
:107650009C30D5F8E4300133B3F1005FC5F8E43075
:1076600006D195F8CC30052B02D10320FFF7F4FEAC
:107670004046FFF7C1FE2268054613794FF0000827
:1076800023F0070349EA030982F80490A26870B165
:1076900022B11146D6F8800011F07EFE30462168F6
:1076A000C4F8088011F079FEC4F8008028E7D4F807
:1076B0000480B4F80C90C144C1452BD102F10805F7
:1076C00012F8011BFEF764FE9542F9D14FF0000855
:1076D000E081EFF31189302383F31188F06C2146A8
:1076E000436998470546D0B1A37C0133A374234670
:1076F000B26843F8302FB360B8F1000F05D03046C0
:10770000216811F04AFE0023236089F31188BFF33A
:107710006F8FF5E618F8011BFEF73AFECCE76069BB
:1077200038B9022F15D089F31188BFF36F8F012567
:10773000E6E677B921468C30FFF790FD6269D37B8E
:107740000133D3736469237C1BB91EF0C3FCC4E905
:10775000060189F3118821E73425D1E6C80A002003
:10776000094A13B1012382F8C4300121074B83F881
:10777000081192F8CC30042B04D100230520C2F864
:10778000E43069E6704700BFC80A0020E03F0020EF
:10779000EFB506460D46C03803A91746FFF782F835
:1077A00088B90623039909228B8105230D7245F4BC
:1077B0008055CB810E600D610F750123009130461D
:1077C0000C31FFF7F7FC04B0E0BD2DE9F0470646A9
:1077D00030274FF0020900F1100833697BB1EFF355
:1077E000118A87F311884046FFF72EFD446905464C
:1077F00094F850302BB98AF31188BFF36F8FBDE82E
:10780000F087B4F86830002BF5D0013BA4F868305D
:107810008AF31188BFF36F8F037C7F2B4FEA93129B
:1078200032D9032A0AD14069D0F864A0BAF1000F16
:1078300004D0AB6A2A6A6968007AD04794F850305D
:10784000062B25D0082B23D0032B17D12046FFF77A
:10785000A9FB98B1637A84F85090DB060ED5EFF35C
:107860001182302383F31188D4F8A430596844F886
:10787000041F5C6082F31188BFF36F8F00232846DA
:107880006B60FFF723F8A8E74069D0F858A0CDE770
:107890002046FEF767FD0028F0D0D4F8A4000922A6
:1078A000217AC030FFF774FF18B1092384F85030F3
:1078B000E4E794F85030062BE0D10723F6E7054BB8
:1078C000D3F8E830584043085B4240421843C017A1
:1078D000704700BFC80A0020F8B5C3880E46B2EB57
:1078E000830F07684FEA83041AD813469C420CD8CA
:1078F00015460023AB4215D1A24204D90021121B28
:1079000030191CF037FC0020F8BD23F003003D586F
:1079100003F00301C900CD40EDB26DB90133E5E7D5
:107920002546E6E723F00301795803F00300C00081
:10793000C140F1540133DDE76FF00700E4E703468F
:1079400070B51C68DB880846B2EB830F4FEA8305ED
:1079500019D9521B8E1800211CF00CFC30462A4607
:1079600000231044934210D1002070BD23F0030186
:10797000615803F00306F600F140C9B281B9013342
:107980009D42F3D8ECE71346FAE723F00301615870
:1079900003F00305ED00E94000F8011D0133E1E7C4
:1079A0006FF00700E1E71FB54FF00113019103935A
:1079B00002A901AB0293FEF712FE05B05DF804FBCD
:1079C00010B50C4CD4F8E820D4F8E83042405940C7
:1079D00081EA0200C00FFFF772FFD4F8E830521AB4
:1079E000434022EA030208401043C00FBDE81040A4
:1079F00065E700BFC80A0020013901D200207047A6
:107A000050F82130002BF7D0B3FA83F00131C0EBEE
:107A100041107047C1880068EEE753098B42F0B40B
:107A200002F01F0401D805D13CB3F0BC8A0000214C
:107A30001CF0A0BB1F2A22D834B1002200EB810128
:107A4000C4F1200681420FD1F0BC704752F8047B8C
:107A500045F8047FB242F9D10022CB1A8B42EBD217
:107A600040F823200133F9E751F8045D25FA04F3C7
:107A700013430B6005FA06F2E4E71F2AE4D900EB92
:107A80008302051F00EB8106E4E708B50A46C188BA
:107A900011B10068FFF7C1FF002008BD01F180416E
:107AA000013900EB81018142034600D270471B6817
:107AB0000A681BBA12BA40F8042B41F80439F2E7FD
:107AC0000346C06920B15B6A002B14BF012002206D
:107AD000704700220123C0E90023C0E90223C0E966
:107AE0000423704738B5002401250146C0E902543B
:107AF000C0E904540470446085611C30FFF7E9FF5D
:107B0000C1E90D45C1E90F44C1E91144C1E913447C
:107B1000C1E91544CC6538BD70B50646FFF7D0FF06
:107B200002280C4605461DD100212046FEF718FD0F
:107B300060BB01212046FEF713FD024630BB204604
:107B4000FFF768FF336C591C88421FD1FE2B07D109
:107B500029462046FEF704FD0D4B021E18BF1A46AB
:107B6000104670BD01280FD101462046FFF71BFFCC
:107B700000280BDB204606F13401FEF730FD00281B
:107B8000034AB8BF0022EBE7024AE9E7004AE7E709
:107B900080B3FFFF80B0FFFF70B5066C0D4607365F
:107BA000B3EBD60F114604464FEAD60203D20023A8
:107BB0000D482B6070BD2A60B0F866307BB1FFF7CE
:107BC0007FFF022804D104F16000BDE8704083E625
:107BD000012806D104F16000BDE87040AFE603481B
:107BE000E8E76FF06D00E5E700B1FFFF80B0FFFF51
:107BF00010B5034B0A461B6900210446984710BD87
:107C00006066020010B5044610B109B1FFF7F0FF3D
:107C10002046BDE810401EF009B910B5044648B131
:107C2000006818B1E1888900FFF7ECFF002201230A
:107C3000C4E9002310BD10B50446FFF7EEFF04F1C0
:107C40000800FFF7EAFF04F11000BDE81040E4E788
:107C500000B1F0E7704742F21073994270B50446E4
:107C60000D4602D96FF00F0070BDC3888B4213D24E
:107C7000042128460EF0E4FC06460028F2D02168D4
:107C800041B1E28892001CF0D9FBE18820688900AC
:107C9000FFF7B8FFE58026600020E5E72DE9F04119
:107CA0000D46C98804461646FFF7D5FF014618BBA6
:107CB0003046FFF704FE03461C4EB4F90420D6F804
:107CC000E8000132584022EA0002B5F90400013010
:107CD00018400243013AA280D5F800E02268B5F8C6
:107CE0000680724503D08C46043AE04507D8DB4352
:107CF000EA88E088824211D30846BDE8F081D6F8D0
:107D0000E87052F8040F5F4020EA07005EF82C701C
:107D10000CF1010C1F4038431060E6E7256855F868
:107D20002200184045F822000132E2E7C80A00208C
:107D3000F8B505468D420E46104601D10020F8BD2B
:107D4000FFF7BDFDC98804462846FFF784FF10B140
:107D50006FF00F00F3E73046E988FFF77CFF00285B
:107D6000F6D11E4AB6F90430B5F90410D2F8E8008D
:107D700001310133604021EA000023400343013B0D
:107D8000AB80B6F90430D2F8E800013360402140FE
:107D900023EA00030B43013BB38031682B68EE8874
:107DA0008B42CBD0043903EB8606B342C6D0D2F85F
:107DB000E8001D6851F8047F604025EA0000274074
:107DC000384343F8040BD2F8E8700868674020EAAB
:107DD0000700254028430860E7E700BFC80A0020E5
:107DE00038B504460D4619B9FFF717FF002038BD16
:107DF000C2888A4207D10021006892001CF0BAF9BB
:107E00000123A380F2E7FFF708FF29462046BDE8DB
:107E1000384020E72DE9F84312F0030318BF01238F
:107E200003EB92068946314680461546FFF7D8FF98
:107E30000446F0B9B8F80620D8F80070B2421BD357
:107E40003FB10146920038461CF094F923469D420A
:107E500002D12046BDE8F88319F80310DA0023F0B8
:107E6000030002F0180291403A5801330A433A5095
:107E7000EDE76FF00F04ECE76FF00704E9E72DE999
:107E8000F84312F0030318BF012303EB9206884660
:107E9000314681461446FFF7A3FF0546D0B9B9F82D
:107EA0000670B74219D397B1D9F80090BE000146C9
:107EB000324648461CF05EF92CB1301B2246414642
:107EC00048441CF0BBFA39464846FFF7E7FD284610
:107ED000BDE8F8836FF00F05F9E76FF00705F6E7E7
:107EE000884270B505460E4609D0C988C28841B996
:107EF0002AB101239200838000681CF03BF9002026
:107F000070BD4C1E6CB9B6F904300134A242AB808E
:107F10000ED221462846FFF79EFE88B16FF00F0073
:107F2000EEE7336853F82430002BECD1013CE9E74D
:107F30002868121B0021920000EB84001CF01AF943
:107F400031682868A2001CF079FAD8E738B50446F1
:107F50000D46FFF7C5FF68B905F1080104F10800F7
:107F6000FFF7BEFF30B905F1100104F11000BDE8C4
:107F70003840B5E76FF00F0038BD70B50E460121EF
:107F80000446FFF768FE054648B9E28801469200BC
:107F900020681CF0EFF823681E600123A3802846A8
:107FA00070BD10B501210446FFF7E7FF58B9012164
:107FB00004F10800FFF7E1FF014620B904F11000C9
:107FC000BDE81040D9E76FF00F0010BDF8B5C388C9
:107FD0000646B1EB431F0C4617464FEA511514D223
:107FE0000122316804F01F0451F82530A24023EA31
:107FF000020341F82530326807FA04F452F82530BC
:10800000234342F825300020F8BD002AFBD0691C2C
:10801000FFF721FE0028E3D06FF00F00F4E7F8B57A
:1080200004460D46FFF7F6FCE3882844B0EB431FF7
:1080300024D81F2D2368E1884FEA551005F01F044E
:1080400012D96FF003060A4606FB0036904202F191
:10805000FF3521D3421A814238BF002200250A444D
:1080600003EB82029A421DD134B1002503EB800359
:10807000C4F12007814218D80020F8BD10F01F017C
:1080800018BF012101EB50112046FFF7E4FD002845
:10809000CFD06FF00F00F0E756F8252043F82520E9
:1080A0002A46D3E742F8045DDCE71E68013006FA91
:1080B00004F22A4343F8042B26FA07F5DAE72DE900
:1080C000F84305460E469046D4887CBBF188284686
:1080D000FFF7C1FD0746002864D1F28894420BD215
:1080E000AE4209D028683168121B920001EB84016E
:1080F00000EB84001CF0A2F9EA88F088824207D9DC
:108100002B68121A0021920003EB80001CF032F859
:1081100000221346D5F800C0D6F800E0D8F8008059
:10812000944214D143BB0123AB800DE0D8F800305A
:1081300003EB840353F8043C0BB9013CC5E7F18819
:10814000A142C4D26FF009073846BDE8F8835EF853
:10815000226058F82200F11A81422CBF4FF000092A
:108160004FF00109091A4CF822109E422CBF4B46D1
:1081700009F101030132D3E72A68E98802EB84049C
:1081800002EB8102944202D1002BCCD0DAE72168C5
:10819000C91A34BF01230023003B18BF012344F850
:1081A000041BEFE76FF00F07CEE738B50C46051D4F
:1081B00029462046FEF713FA002801DA002006E0DF
:1081C0002A4621462046FFF77AFF0028F0D038BD26
:1081D0002DE9F8431446B1F904709288054612FB64
:1081E00007F253430E461ED521463046FEF7C8F926
:1081F000B0F1FF3F80460DD0224631462846FFF7BA
:108200005EFF28B9B8F1000F08BF01270020AF803A
:10821000BDE8F88332462846FFF751FF0028F7D122
:108220007F42AF80F4E7844202D0814212D12646D9
:108230000123AB80B6F80690B9F1000FE6D03368A1
:108240004FEA890803EB890353F8043C4BB909F161
:10825000FF39F1E7FFF744FE0028E8D06FF00F0088
:10826000D6E749462846FFF7F6FC04460028F5D134
:10827000316826462B68181F50F8042FA2182CBF0F
:108280004FF0010C4FF0000C51F826400136121946
:108290004CF10004B1450260EED14344002CB5D04E
:1082A000EA8806F10108B24208D841462846FFF79D
:1082B000D2FC0028D2D12B6803EB86031A6846460D
:1082C00012192CBF01240024003C18BF012443F8DC
:1082D000042BE3E701237BE770B50C460546114606
:1082E00020461A46FFF7F6FF064630B90435294600
:1082F0002046FEF774F9002801DA304670BD2A46A0
:1083000021462046FFF7DBFE0028F0D00646F4E7C2
:108310004FF0FF335CE770B50C4606461146204629
:108320001A46FFF7F5FF054688B90436B4F904305C
:10833000002B0CDA00212046FFF735FB30B1324626
:1083400021462046FFF7C6FF0028EFD00546284605
:1083500070BDF7B50D4601230021083504462846B7
:10836000CDE900131646FFF71EFB211D07462A46DE
:108370006846FFF7CDFF044648B9002F0CBF002226
:1083800006F0010269462846FFF788FC0446684665
:10839000FFF743FC204603B0F0BD2DE9F34104464E
:1083A0000F461546CE8836B13B6803EB860353F87B
:1083B000043C33B13DB90021204602B0BDE8F04194
:1083C000DBE5013EEFE72046711CFFF744FC28B1D6
:1083D0006FF00F08404602B0BDE8F08139462046F4
:1083E000FFF77EFD80460028F2D1013D009533461F
:1083F0003A68E188206810F0FBFEEBE72DE9F047D2
:1084000011210446FFF727FC002840F0B5812568BC
:108410002B682A6AD5F82C9099182CBF01230023C9
:108420006A6AD5F83080521843F10003914588BF3D
:10843000013BA2EB090EF04588BF013BD5F834C0E3
:10844000AEEB0806B44588BF013BAF6BA6EB0C0151
:108450008F4288BF013BC91B29602568DEB2002B13
:10846000696880F28B815A4291424FF0FF3228BFF7
:10847000002219446B6AD5F830905B18A96A42F162
:108480000002C9182CBF4FF0010A4FF0000A5AFA37
:1084900082F2894588BF013AD5F83480A1EB090EF4
:1084A000F04588BF013AD5F838C0AEEB0806B445B0
:1084B00088BF013AEF6BA6EB0C039F4288BF013ADD
:1084C000DB1B6B602568D6B252B2002AA96880F225
:1084D0005A81534299424FF0FF3328BF0023114481
:1084E000AA6AD5F834E0521843F10001EB6AD5F8D6
:1084F00038C09B182CBF4FF001084FF0000858FA05
:1085000081F19E4588BF0139A3EB0E06B44588BFB3
:108510000139EF6BA6EB0C02974288BF0139D21BE1
:10852000AA602268CEB249B20029D56880F23081B3
:108530004B429D424FF0FF3328BF00230D44D16AC8
:10854000D2F83CE04D1943F100034919156B43F192
:108550000003691843F100036D18516B43F10003E8
:1085600049192CBF4FF001084FF0000858FA83F367
:108570008E4588BF013BD2F820C0A1EB0E06B44562
:1085800088BF013B576AA6EB0C05AF4288BF013B91
:10859000ED1BD5602168DEB25BB2002B0D6980F265
:1085A000FC805A4295424FF0FF3228BF00221D4402
:1085B0000B6B4F6A5D1942F100025B194D6B42F182
:1085C0000002EB1842F10002ED188B6B42F1000241
:1085D0005B192CBF4FF0010C4FF0000C5CFA82F2DB
:1085E0009F4288BF013A8E6ADD1BAE4288BF013AC6
:1085F000AD1B0D612568D3B252B2002A696980F2C1
:10860000D180534299424FF0FF3328BF00231144D9
:108610006E6BEF6A721843F10001AB6BB61841F153
:108620000001EA6B9E1941F100019B1941F1000123
:10863000D2182CBF4FF0010C4FF0000CAE6A5CFA60
:1086400081F1964288BF0139931B9F4288BF01394F
:10865000DB1B6B612268CEB249B20029956980F2BA
:10866000A6804B429D424FF0FF3328BF00230D44AC
:10867000916BD66B4D1943F100034D1943F1000383
:10868000751943F100037619556B43F100038919FD
:1086900043F100036D182CBF4FF0010C4FF0000C9C
:1086A000176A5CFA83F3AF4288BF013B566AE91B45
:1086B0008E4288BF013B891B91612168DDB25BB2AC
:1086C000002BCA6978DA5D42AA424FF0FF3528BF15
:1086D00000251A44CB6BD1F828A09A1845F1000563
:1086E0009A1845F100059B180A6A45F10005D21851
:1086F0002CBF0123002353FA85F3924588BF013B29
:10870000D1F82C90A2EB0A08C14588BF013BD1F8F3
:1087100030E0A8EB090CE64588BF013B4F6BACEBA2
:108720000E06B74288BF013BF61BCE6122685BB2E2
:1087300023EAE371116200250822E18801329142A7
:108740003FD8002B18DA00222568A958C943A95040
:108750000432242AF8D100222568A9580131A950F1
:1087600021688D5815B90432242AF5D14FF6FF72CD
:10877000A2800A6AD21A0A62BDE8F08789192CBF62
:108780000122002276E689192CBF01230023A7E6E7
:10879000AD192CBF01230023D1E6AD192CBF012256
:1087A000002205E7C9182CBF0123002330E7AD19CB
:1087B0002CBF012300235BE752192CBF01250025A4
:1087C00088E7216841F82250B7E72DE9F04F99B0CA
:1087D000CDE90312824600211046FFF7E4F8002895
:1087E000C0F2F68105D16FF00B03184619B0BDE851
:1087F000F08F4FF00109DDE90301924BADF83090A5
:10880000149315ABADF83890CDF84090CDF8489062
:108810001393FDF7B5FE013019D1BAF1000F06D060
:1088200050460399FFF75CFB002840F0B28100211D
:108830005046FFF7B8F80028C0F2B98150460499B5
:10884000FDF7CDFE002880F2B9810023CDE7002599
:1088500003990BA80B95ADF83250FFF741FB0B9E27
:108860000446BDF83270002840F09A810D90ADF8B2
:108870003A0004990DA8FFF733FB0D9B0546BDF8A0
:108880003A800193002840F09081039B0F90D98893
:108890000FA80231ADF83890ADF83090FFF7DBF952
:1088A000044628B12C460F9B02936FF00F03A8E0FB
:1088B00001460FA8FFF761FB0F9B02930028F4D13C
:1088C000039B1190D98811A80231FFF7C4F9119CBC
:1088D00002460028E9D10DA8FFF79CF800F01F0020
:1088E0001F287AD0C0F11F0319460BA80593FFF784
:1088F00096FB0B9EBDF832700028D6D105990DA8C5
:10890000FFF78DFB0D9BBDF83A8001930028CCD179
:10891000C1463D46A7EB080B4FEA4B130793019B5B
:108920004FEA4B110DA80D93ADF83A80FFF777FB96
:108930000D9BBDF83A8001930028B6D1029B03EB52
:108940008B0B019B0DA90BA80B96ADF832700D9304
:10895000ADF83A80FDF743FE002842DA09F1FF3313
:1089600007990DA80693FFF790F8019B09F1FF32D4
:1089700003EB82030793019A09F18043023B02EB68
:10898000830305F1FF3B05F180450893013D029B00
:10899000A5EB090503EB8505069B5B4554D3BAF1AE
:1089A000000F18D005990BA80B96ADF83270FFF7A1
:1089B0006CF8039B0BA99B885046ADF83030FFF74D
:1089C0008FFA014600287FF470AF5046FEF7EBFFA8
:1089D000002800F0DA80002313E0C1463D460592EE
:1089E00098E7DBF800300BA90133CBF800300846DC
:1089F0000DAAFFF78DFC0B9E0346BDF832700028D0
:108A00009FD00BA803930B96ADF83270FFF705F9D2
:108A1000019B0DA80D93ADF83A80FFF7FEF8029B7D
:108A20000FA80F93FFF7F9F811A81194FFF7F5F8C5
:108A30000C2115A8FFF7DCF8039B002B3FF4F7AEE1
:108A4000D3E600BF01000300079B56F82B101A68FD
:108A50004FEA8B09A9F104003318914209934AD2D5
:108A6000002330581BF064F9002914BF4FF0FF3386
:108A70000346BBF1010F2B600EBF0023B14459F830
:108A8000083C1593099B1B68169306EB8B031B6828
:108A900017932B6801332B602B680021013B2B605F
:108AA00011A81194FFF769FA119C00287FF4FDAE1C
:108AB000069B1BB3089B1B682360079B11A91B68BF
:108AC000084663602A68FFF768FC119C00287FF461
:108AD000ECAE13A911A8FDF782FD0028DCDC019B98
:108AE0002A680DA911A80D93ADF83A80FFF755FC3F
:108AF00030B1119CD9E64FF0FF33BAE7069BDBE7B4
:108B00006FF00703029A4FEAC50902FB039911A807
:108B10004946FFF784FA119C00287FF4C6AE0BA9E2
:108B2000084611AA0B96ADF83270FFF7F1FB0B9EC9
:108B30000346BDF8327000287FF463AF01460BA8EE
:108B4000FEF731FF00281CDA0DA911A8FFF7C8F9BC
:108B50000028CED1494611A8FFF761FA119C0028E0
:108B60007FF4A3AE0BA9084611AAFFF7B3FB0B9E37
:108B70000346BDF8327000287FF443AF2B68013BF9
:108B80002B600BF1FF3B043D06E70123AAF80430FC
:108B900021E70024A046274626460294019484E655
:108BA0002C46A846029501957FE602947DE6514643
:108BB0005046049AFFF78EFB03463EE75146504667
:108BC000049AFFF7A5FB034600283FF437AE0CE6F6
:108BD0006FF0090309E62DE9F04F99B001900D46B9
:108BE000104601219146FEF7DEFE002840F3048284
:108BF00001230022294614A8CDE91023CDE9122330
:108C0000CDE90823CDE91423CDE916230F930D9365
:108C10000B93079305930393FFF762F988B36FF003
:108C20000F0B14A8FEF7F9FF16A8FEF7F6FFBBF12D
:108C3000000F40F0C581012112A8FEF7B4FE0446E2
:108C4000002840F0C4814A46294610A8FFF7BDFD20
:108C50008346002840F0B5810E9010A90EA8FFF7BA
:108C60003FF90E9C28B9494608A8FFF739F90028B2
:108C70006AD00026B046B246354637466FF00F0B35
:108C80006CE1494616A8FFF72BF90028C7D114A8B4
:108C9000FDF758FF064616A8FDF754FF044650B9E5
:108CA000014616A8FDF75CFC28B9294612A8FFF773
:108CB00017F98346B5E70123ADF85C30ADF85430C1
:108CC000002114A8FEF76FFE80B9A642314616A80F
:108CD00028BF2146FFF7A3F90028A0D116A912A8A2
:108CE000FFF7FEF8834600289BD098E714A8FDF70D
:108CF00029FF014614A8FEF7C8FE16A8FDF722FFBB
:108D0000014616A8FEF7C1FE16A914A8FDF767FCD8
:108D100000280DDB14A9084616AAFFF7D0F98346F0
:108D200000287FF47EAF012114A8FEF7AEFEC7E74E
:108D300016A9084614AAFFF7C2F9834600287FF453
:108D400070AF012116A8F0E7494606A8CDF818B083
:108D5000FFF7C6F8DDF818A0002840F04181012196
:108D60000CA8CDF830B0FFF708F90C9E002840F0B1
:108D70003A8159460AA8CDF828B0FFF7FEF8DDF889
:108D80002880002840F03381594604A8CDF810B05F
:108D9000FFF7F3F8049D002840F02C81012102A880
:108DA000CDF808B0FFF7E9F8029F00287FF466AF1E
:108DB0002368D80752D5DAF80030DB077CD506A93E
:108DC0000EA80E94CDF818A0FDF709FC0028C0F2FB
:108DD0009E800EA9084606AAFFF79AFA0E9C8346C3
:108DE000002840F0BB800CA9084604AA0C96049504
:108DF000FFF78EFA0C9E8346002840F0AF800AA948
:108E0000084602AACDF828800297FFF781FADDF81C
:108E100028808346002840F0A18000210EA80E94EF
:108E2000FEF7C1FD0028C3D1002104A80495FEF778
:108E3000BAFD0028C0F28880494604A80495FDF7D1
:108E4000CEFB002880F2B180019804A9FFF748F812
:108E5000B0F1000B18BF6FF00F0B7FE001210EA8DF
:108E60000E94FEF712FE3368DA0703D4D8F8003008
:108E7000DB0715D50CA9084608AA0C96FFF72AFAB5
:108E80000C9E8346002869D10AA9084610AACDF88D
:108E90002880FFF73DFADDF82880834600285DD161
:108EA00001210CA80C96FEF7F0FD01210AA8CDF8CF
:108EB0002880FEF7EAFD7BE7012106A8CDF818A07F
:108EC000FEF7E3FD2B68D90702D43B68DA0713D518
:108ED00004A9084608AA0495FFF7FCF9049D8346F7
:108EE00000283BD102A9084610AA0297FFF710FA02
:108EF000029F8346002831D1012104A80495FEF782
:108F0000C4FD012102A80297FEF7BFFD53E706A9A1
:108F100008460EAAFFF7FCF9DDF818A08346E8B969
:108F200004A908460CAA04950C96FFF7F1F9049DD4
:108F3000834698B902A908460AAA0297CDF8288064
:108F4000FFF7E6F9029F64E704A94A460846FFF7DF
:108F5000C1F9049D834600283FF466AF10A8FEF7D0
:108F60005CFE0EA80E94FEF758FE0CA80C96FEF7B9
:108F700054FE0AA8CDF82880FEF74FFE12A8FEF78F
:108F80004CFE08A8FEF749FE06A8CDF818A0FEF78B
:108F900044FE04A80495FEF740FE02A80297FEF7DF
:108FA0003CFE584619B0BDE8F08F04A94A46084671
:108FB000FFF7AEF9049D834600283FF43DAFCDE7AF
:108FC00000242646A046A24625462746C6E75C461C
:108FD0005E46D846DA465D465F466FF00D0BBDE74C
:108FE0005E46D84648E6D8465D465F4646E65D465C
:108FF0005F4643E65F4641E66FF0030BD1E72DE99C
:10900000F04F16461D46002201238BB0B142814627
:109010000C46CDE90623CDE908231ED106A8FEF7AC
:109020005FFFC8B16FF00F03029308A8FEF7F5FDCC
:1090300006A8FEF7F2FD029B002B40F0B080D9F8A5
:109040004850002D70D12146204609F104020BB092
:10905000BDE8F04FFFF7B9BB06AEAC4206D12146E2
:1090600008A8FEF73DFF0028DCD108ADB6F8068061
:10907000B8F1000F36D1B8FA88F3EF885B09002FFA
:109080003AD1002F08BF43F0010308EB070A51460D
:1090900020460493FEF7DFFD01460028C2D120469A
:1090A000FEF76BFF02900028BCD1326823680146AE
:1090B000039218464FEA8A02D5F800B01BF05AF81E
:1090C000ABF1040A834600EB870708F10101BB45B9
:1090D0001BD1049B33BBB388AA8813FB02F39BB25A
:1090E000A380A2E7336803EB880353F8043C002B0A
:1090F000C1D108F1FF38BBE72A6802EB870252F8BA
:10910000042C002ABDD1013FB9E75AF8043F584664
:109110000093039A434605910BF1040B10F068F895
:109120000599D4E70123DBE7B4F90430002B04DA16
:1091300020460299FEF737FCA0BB2046FEF76AFCEA
:10914000D9F83C30B0EB430F2CD82046A847054651
:1091500080B909F10406B4F90430002B04DA0021C7
:109160002046FEF720FC48B931462046FDF737FA85
:1091700000280CDA28460BB0BDE8F08F32462146B5
:109180002046FFF7A7F80028E5D00546F2E732466B
:1091900021462046FEF793FF0028E5D0F5E76FF063
:1091A0000F05E7E7004DE5E780B0FFFF2DE9F74346
:1091B00001F110060546894630460021FEF7F3FB13
:1091C0000446A0B300230127314668462A1DCDE995
:1091D0000037FFF700FD044630BB09F108086B4675
:1091E000424641462846FFF70AFF0446E0B96B466F
:1091F0006A4669462846FFF702FF0446A0B96B4657
:109200004A4649462846FFF7FAFE044660B96B46CF
:10921000424641462846FFF7F2FE044620B9394649
:109220003046FEF7AAFE04466846FEF7F6FC2046E6
:1092300003B0BDE8F0832DE9F84F1E4603F10805A1
:10924000C36804468A469046002B40F0A58002F190
:1092500010031A462946FFF7D2FE002840F09A80F4
:1092600006F110072B46424639462046FFF734F8F0
:10927000002840F08F8006F118092B4642464946E7
:109280002046FFF748F8002840F084804B463A46D5
:1092900029462046FFF7B3FE00287BD1032229464A
:1092A0003046FFF77AF8002872D131462046FEF7A3
:1092B0007CFF00286ED108F1080B06F110075B4611
:1092C0005A4639462046FFF79AFE002862D13946B1
:1092D00020460FF089FA00285CD13B4642462946D9
:1092E0002046FFF78CFE002854D1294620460FF077
:1092F0007BFA00284ED106F118093B463A4649460A
:109300002046FFF77CFE002844D1494620460FF056
:109310006BFA00283ED13346324639462046FFF7E5
:109320006EFEB8BB2B463A4639462046FEF7F3FFA1
:1093300080BB2B463A4639462046FEF7ECFF48BB39
:109340003B462A4629462046FEF7E5FF10BB33463A
:109350002A4629462046FFF752FED8B94B462A46F0
:1093600029462046FEF7D7FFA0B95A46494620466F
:1093700008F11003FFF743FE60B9494620460FF09D
:1093800033FA38B939465046FEF7AAFD002841D0D5
:109390006FF00F00BDE8F88F13462946FFF72FFE48
:1093A0000028F7D1032229463046FEF7F6FF0028B1
:1093B000EED131462046FEF7F8FE0028EAD104F14E
:1093C0000C0701463846FEF7EEFA00283FF473AF6B
:1093D00008F110031A4629462046FFF710FE002820
:1093E000D8D106F110092B462A4649462046FFF7F8
:1093F00006FE0028CED13B464A4629462046FFF7C6
:10940000FEFD0028C6D12B46324631462046FEF7E7
:1094100063FF4EE729460AF10800FEF761FD0028C8
:10942000B6D149460AF11000BDE8F84FFEF758BD25
:109430002DE9F14F9A461B6904460E4691460A9D56
:10944000002B00F0D38002F1100700213846FEF710
:10945000AAFA30B95146304601B0BDE8F04FFEF7E8
:1094600075BD0AF1100800214046FEF79CFA08B9C4
:109470004946F0E701214046FEF795FA002840F002
:10948000B5803B463A4629462046FFF7B8FD0028FE
:1094900040F0AD8005F108083B462A46414620468B
:1094A000FFF7ADFD002840F0A28053462A4629462A
:1094B0002046FFF7A4FD002840F09980424641462F
:1094C00020460AF10803FFF79AFD002840F08F803C
:1094D0004B462A4629462046FEF71DFF002840F04D
:1094E000868009F1080B5B46424641462046FEF75E
:1094F00012FF00287BD100212846FEF754FA0146CE
:1095000088B94046FEF74FFA38B92B464A463146ED
:10951000204601B0BDE8F04F8DE6304601B0BDE811
:10952000F04FFEF73EBD2B463A46204606F11001AD
:10953000FFF765FD00285AD105F110072B462A4692
:1095400039462046FFF75BFD002850D105F1180A87
:109550002B463A4651462046FFF751FD002846D19A
:109560004B463A4639462046FFF749FD00283ED192
:1095700039462846FEF7B4FCE0BB294620460FF0EA
:1095800033F9A0BB4346424631462046FFF737FD3C
:1095900068BB2B46324631462046FEF7BCFE30BB48
:1095A0005346324631462046FEF7B5FEF8B93346FB
:1095B0003A4639462046FEF7AEFEC0B943463A4623
:1095C00039462046FFF71BFD88B95B465246514697
:1095D0002046FFF714FD50B953463A46204606F19F
:1095E000080101B0BDE8F04FFEF795BE034801B099
:1095F000BDE8F08F6FF00F00F9E700BF80B0FFFF0C
:109600002DE9F0430E460546012189B006F1100010
:10961000FEF7C9F90446002840F0E2802846FEF72C
:109620004FFA0228804660D13046FEF7F3F92B6CE2
:1096300007300733C008B0EBD30F00F2D1802146CA
:109640003046FEF7B0F90028C0F2CA800123314647
:1096500004A82F7804940593FEF742FC002841D11A
:109660000435294604A8FCF7BAFF002807DA0121CF
:1096700004A8FEF798F9002810DC5B4C07E004A969
:109680002A460846FEF744FE04460028E9D004A80E
:10969000FEF7C3FA204609B0BDE8F083092F0BD1CD
:1096A000524904A8FCF79BFF0028E6D0504904A8C3
:1096B000FCF795FF0028E0D0012302934FF001133F
:1096C00004A90793084602AB06AA0693FEF702FE1A
:1096D00004460028DBD1294604A8FCF780FF0028B7
:1096E000D5D1CAE76FF00F04D1E701287AD121461E
:1096F0003046FEF758F9002872DB06F108092146CA
:109700004846FEF750F900286ADB2F1D39463046DF
:10971000FCF765FF002863DA39464846FCF75FFF2F
:1097200000285DDA4B464A46284602A9CDE90248A0
:10973000CDE90448FFF763FC044600284CD13346CA
:109740003246284604A9FFF75AFC0446002843D1B4
:10975000EB68002B36D1032301934FF0011304A9CA
:109760000793084601AB06AA0693FEF7D1FD04460F
:1097700090BBBDF91430002B04DA002104A8FEF7D9
:1097800012F9C8B904AA334611462846FFF737FC38
:10979000044608BB04AA1146284605F11403FEF747
:1097A0009BFD0446C0B904A902A8FCF718FF0E4BA4
:1097B000041E18BF1C460FE004A93A460846FEF7EF
:1097C00089FDD4E704AA1146284605F10C03FEF7EB
:1097D00083FD04460028D5D002A8FEF71EFA56E7FE
:1097E000014C57E7034C55E780B3FFFF7466020056
:1097F0007C66020080B0FFFF70B5044658B3436C2E
:10980000012B11D00C30FEF708FA04F11400FEF71A
:1098100004FA04F11C00FEF71BFA04F13400FEF711
:10982000FCF9201DFEF7F9F9A36D8BB92046BDE8C0
:1098300070406021FEF7DCB906FB0500FEF708FA70
:109840000135D4E91603AB42F6D81CF0EFFAEDE788
:1098500000251826F5E770BD10B5044658B1FFF78E
:10986000CBFF04F16000FEF7D8F904F16800BDE811
:109870001040FEF7EDB910BDF0B504460E4685B0B8
:10988000FFF7BAFF2046FEF72DF9032E267005D00C
:10989000092E30D000233F4D237029E03E4B3F4A34
:1098A000A3643F4BA260A261A2632262A26203F1A1
:1098B000800262624FF0011203F12001616103F145
:1098C00040016360616303F16001A033E362E16121
:1098D0002263201DFEF79EF8E06304F13400FEF7DA
:1098E00099F8012363640023C4E91633206400253A
:1098F000284605B0F0BD2B4B2B49A36404F10C00A6
:10990000FEF73BFB00283FD1271D01213846FEF71B
:1099100034FB002838D1FF213846FEF780FB98BB86
:10992000132301934FF0011339460393384601ABDB
:1099300002AA0293FEF7ECFC054638BB3846FEF758
:1099400069F804F13407E063102238461749FEF73E
:1099500096FA0546D0B90122FC213846FEF736FBBF
:1099600090B9314604F11C00FEF707FB60B90121F4
:1099700004F12C00FEF701FB30B904F12400FEF7DE
:109980004CF9FE232364B2E76FF00F052046FFF782
:1099900033FFADE780B1FFFFFD8300000100080049
:1099A000846602006B6B000042DB01002867020046
:1099B00000F4E040B0F5805F04D0A0F500535842B9
:1099C0005841704701207047434213F07F0320D075
:1099D000584210F15F0F80F2C98010F16C0F48DA25
:1099E00010F1700F00F0F28010F16F0F80F2B6806E
:1099F00010F5645F00F08E8000F3A58010F5685FBD
:109A00006DD000F39D8010F56C5F1DD010F56A5F7E
:109A100064E010F56E5F00F0D680DADC10F59C4F44
:109A200078D05FDC10F5C44F00F0C48034DC10F552
:109A3000C74F00F0C280C0F2CF8010F5C64F69D08A
:109A400010F5C54F40F0C8806FF0860070470123C5
:109A500000F10E02934040F217521342F4D1002855
:109A60003FD010F1080F14BF6FF083006FF0890032
:109A70007047012300F16C02934041F250521342AF
:109A8000E2D1DB0700F1A58010F16A0F14BF6FF07F
:109A900083006FF08C00704710F5A24FD4D010DC1B
:109AA00010F5C14F1BD005DC10F5C34F06D010F5E3
:109AB000C24FC7E710F5A34F40F08E806FF08C00C7
:109AC000704710F59E4F00F0848005DC10F5A14F23
:109AD00005D010F59F4FB5E710F59D4F7CD16FF085
:109AE0008500704710F5785F6AD01BDC10F5994F40
:109AF000AAD008DC10F59B4FE0D010F59A4F6BD13F
:109B00006FF09300704710F57E5FD7D005DC10F53D
:109B1000984F61D16FF09400704720F0800010F5ED
:109B20007C5F8FE710F5705F4DD055DC10F5725FEC
:109B3000D5D051DC10F5765F86D010F5745F81E7E3
:109B400010F5665FCAE710F5625F42D010F1720F40
:109B500014BF6FF083006FF08500704710F16E0F37
:109B600014BF6FF083006FF096007047002833DC5D
:109B700010F10E0FBFF66BAF10F13B0F0ADA10F1C8
:109B80003D0FBDDA10F1400F14BF6FF083006FF08E
:109B90009300704710F1100F90D010F10F0FB9D053
:109BA00010F1210F3FF450AF10F1200F97D010F1BA
:109BB000220FCDE76FF0950070476FF09600704769
:109BC0006FF0910070476FF0840070476FF0920063
:109BD00070476FF0890070476FF08300704741F263
:109BE000052398421AD8B0F5905F09D241F20103DB
:109BF00098420CD0B0F5885F09D06FF085007047AF
:109C00002923A0F5905080B2C340DB07F5D511F0B1
:109C1000070F14BF6FF0860000207047B0F5105F8B
:109C2000EBD121F04003802B06D0B1F5807F14BF2B
:109C30006FF08600002070470020704770B5046AFE
:109C400005460E463CB901200CF0FAFC286228B10A
:109C500020466E6270BD6FF08A00FBE76FF08C00EB
:109C6000F8E72DE9F843884617461E4604F0A0FCA5
:109C7000044620BBD8F80050B5F8009009F4E04342
:109C8000B3F5804FAB6808BF27F0010737EA03033D
:109C90000DD1A6B132464846E968FCF717FD0746E4
:109CA00068B9324648462969FCF710FD50B90023CF
:109CB0002846C8F8003004F0B7FD6FF08404204651
:109CC000BDE8F8833C46FAE738B50446006A10B1AF
:109CD000616AFDF797FF237E012B0FD0023B012B1A
:109CE0000FD8E369012B14BF6FF0960500252822D9
:109CF000002120461AF03EFA284638BDE369002BC1
:109D0000F1E76FF09605F2E713B50446C0B101A97B
:109D100004F04EFC044698B9019B1A7E022A12D127
:109D200003221A761A79FF2A10D01AB1586904F062
:109D30009BFD0446019804F077FD002818BF0446F7
:109D4000204602B010BD6FF09604F3E76FF0840474
:109D5000F0E710B543780446012B03D1BDE810406D
:109D60004068D1E70378012B02D108300BF0BCFF2B
:109D70000023237010BD10B5044630B13830FFF712
:109D8000E8FF68212046FDF733FF2046BDE810407C
:109D90001CF04CB838B5044640B390F84430012B61
:109DA00011D1C56B4DB12B7A012B02D16868FFF739
:109DB000ABFF0C212846FDF725FF2046BDE83840C3
:109DC0004821FDF715BF006C10B15C21FDF71AFFAB
:109DD000E06B0028F1D02368DA79054B02F07C02B1
:109DE0001344D3F8D8309B699847E6E738BD00BFE5
:109DF00060660200994270B50C4615461E460DD8A5
:109E00000A46014628461AF019FB0021321B281980
:109E10001AF0B0F90020049B1C6070BD6FF089003F
:109E2000FBE713B50C4B0C4693F8ED20022A10D13A
:109E300093F8EC30072B0CD1002301AA01930EF00C
:109E400076FA20B9019BA34218BF6FF0930002B0CD
:109E500010BD6FF08800FAE7C80A002000230360F5
:109E60004360704708B5134991F8ED3091F8EC2044
:109E7000022B01D1072A1BD0D0075CBF42F00102A0
:109E800081F8EC2090075FBF012042F0020281F8C8
:109E9000E80181F8EC202BB90748FFF7DFFF022328
:109EA00081F8ED3053075CBF42F0040281F8EC20EA
:109EB000002008BDC80A0020B80B00202DE9F04F93
:109EC00000F1780BB9B00546039100F16806002156
:109ED0005846CDE90523FDF766FD20B3281DFDF7A3
:109EE00099FDC41D2846FDF7EBFD02284FEAD40476
:109EF00000F031835D4A2846FDF7E2FD0128074660
:109F000040F02F8300215846FDF74DFD002840F01A
:109F10004183059B002B00F02383039B1870069B55
:109F20001F6000221DE305F16003194628460493D3
:109F3000FDF7F2FD044600283CD105F11C0A51460C
:109F40002846FFF75DFB0446A0BB2846FDF7B8FD99
:109F5000022840F0698101220321CDE91024CDE9D6
:109F60001224CDE909420F94149217AB013903F181
:109F7000080323F8042C23F8024C43F8084CF5D2CC
:109F8000514609A8FDF7ACFFF0B16FF00F040FA820
:109F9000FDF751FE09A8FDF740FE00270DF15C0812
:109FA00008EB07000837FDF738FE202FF8D1002C0A
:109FB00000F03B812046FFF707FD044600288DD0C6
:109FC000204639B0BDE8F08F51460FA8FDF7BEFF1F
:109FD0000028DAD101213046FDF7CFFF01460028E5
:109FE000D3D15846FDF7C9FF0028CED105F1700046
:109FF000FDF713FE05F1040949460FA8FCF7EFFA37
:10A00000002829DA28460FA911F038FC0446002858
:10A01000BDD1D5F84080B8F1FF3F29D1314628465F
:10A0200011F02CFC04460028B1D14A465946584646
:10A03000FEF7D1FD04460028A9D15B4632463146E1
:10A040002846FEF7DCFF04460028A0D1012158462F
:10A05000FDF793FF04469AE70FA94A460846FEF724
:10A060002EF804460028C7D091E700BF80B1FFFF5B
:10A0700041460498FCF774FAC7B23A4630460FA935
:10A08000FDF756FE002880D13A46584613A9FDF741
:10A090004FFE00287FF479AF5B463246284617A969
:10A0A000FEF71AF9044600287FF471AF5B4632468A
:10A0B000284619A9FEF72FF9044600287FF467AF58
:10A0C000284613AB0FAA1BA9FEF706F90446002881
:10A0D0007FF45DAF284613AB0FAA1DA9FEF71BF94D
:10A0E000044600287FF453AF1DAA1146284617AB3B
:10A0F000FEF785FF044600287FF449AF1BAA1146EE
:10A10000284619ABFEF77BFF044600287FF43FAFDB
:10A1100017AB1A4619462846FEF771FF0446002879
:10A120007FF435AF19AB1A4619462846FEF767FF8C
:10A13000044600287FF42BAF3146284619AB17AAF6
:10A14000FEF75DFF044600287FF421AF17AA1146F1
:10A15000284619ABFEF7DFF8044600287FF417AF56
:10A160005946284617AB05F10C02FEF748FF044696
:10A1700000287FF40CAF5B465946284619AAFEF723
:10A18000ABF8044600287FF402AF28461BAB1DAA9B
:10A190000FA9FEF7A1F8044600287FF4F8AE0FAB34
:10A1A0001A4619462846FEF72AFF044600287FF47F
:10A1B000EEAE28461BAB1DAA13A9FEF7ACF8044669
:10A1C00000287FF4E4AE13AB1A4619462846FEF782
:10A1D00016FF044600287FF4DAAE13AB1946284672
:10A1E00009AAFEF70CFF044600287FF4D0AE5B46B8
:10A1F0005946284617AAFEF702FF044600287FF4B6
:10A20000C6AE3A4630460FA9FDF792FD00287FF40E
:10A21000BCAE3A46584613A9FDF78AFD08F1FF384F
:10A2200000283FF4F8AEB0E6B94C2846FDF748FCEC
:10A23000012807907FF4BEAE2B6C18210133022059
:10A240004FEA53080CF0FCF90746002800F0818122
:10A2500000F11809FDF73DFC4846FDF73AFC0423E0
:10A260000022029317AB0799083323F8041C0299C4
:10A2700023F8022C0139029143F8082CF3D15146FE
:10A280003846FDF763FE002878D06FF00F044FF0DA
:10A29000000A0DF15C0909EB0A000AF1080AFDF752
:10A2A000BCFCBAF1200FF6D174B9012305F1340AD0
:10A2B00021465046CDE90F4309940A93FCF750F923
:10A2C00001285ED0A4F59F44AB6D9F420AD04FB1E8
:10A2D0003846FDF7BDFC07F11800FDF7B9FC38461C
:10A2E0001BF0A4FD002C3FF465AE3046FDF7B0FC3A
:10A2F00060E6BAFBF8F3012202FA03F1182208FB28
:10A3000013A3C9B202FB017473B322462146284647
:10A3100017ABFEF790FF04460028B8D10AF1010AF6
:10A32000D045E6D149462846FEF740FF04460028BE
:10A33000ADD117AB00933A464B4649462846FFF746
:10A3400077F804460028A2D149462846FEF72EFF9A
:10A35000044600289BD107F11000FDF75EFC07F1D1
:10A360002800FDF75AFC92E718234908204603FB12
:10A370000171FDF7EBFD0028C7D086E7DDF808A0E6
:10A38000CEE721460498FCF7EBF880F00100C3B259
:10A39000049909A80793FDF7A3FD00285ED06FF08C
:10A3A0000F040FA8FDF739FC09A8FDF736FC002CB7
:10A3B0008AD101224FF00409CDE90A24CDE90C2409
:10A3C00009940E920FABB9F1010903F1080323F8C8
:10A3D000042C23F8024C43F8084CF4D108F1E003B4
:10A3E0006B443A463146284613F8843C0EF0BEF9D9
:10A3F000044658B93146284611F0FCF9044628B9FC
:10A400000DF13C0AB8F1000F40F0848009A8FDF777
:10A4100012FC0DF13C0808EB090009F10809FDF7F1
:10A42000FCFBB9F1200FF6D1002C7FF44DAF314683
:10A430002846079AFDF78DFF044600287FF444AFB5
:10A440003146284611F0D6F9044600287FF43CAF87
:10A4500031462846FEF7AAFE044635E75146049ADF
:10A460000FA8FDF755FF044600289AD1079A0FA9B7
:10A4700009A8FDF713FC0446002890D1014608F115
:10A480000102484619F076FE4B460493029B98451C
:10A4900039D0194609A8FCF763F8049B93F800A08B
:10A4A000029B4AEA000A08EB030109A8FCF758F8E6
:10A4B000029A049B5FFA8AFA4AEA400A013203F8D8
:10A4C00001AB0292E1E799F8010099F800A080EA57
:10A4D0000201CB4303F0010E43F300030AEA030336
:10A4E000104001EA0302594009F8011F19F8013C24
:10A4F000024343EACE1309F8013C0CF1010C029B24
:10A500006345E0D24DE700224FF0010CF7E700BFB2
:10A5100080B0FFFF534632463146284608F1FF38E7
:10A52000FEF789FE98B917AB3A46284613F808306B
:10A5300009A90EF01BF950B9324631462846CDF82C
:10A5400000A009ABFEF774FF00283FF45BAF0446A0
:10A550005CE71F4CB8E6069B1C60059BA3420DD22E
:10A560001C4A1046FFF730FA044600283FF428AD95
:10A570000021059A039819F0FDFD21E52246304699
:10A580000399FDF7A9F9024600283FF4B4AC6FF037
:10A590000702E6E7069A630001331360059A9A42C0
:10A5A000DED3042303992246304601F8013BFDF730
:10A5B000C6F90028EBD1039B611C2246194405F122
:10A5C0007000FDF7BCF900283FF4ABACDFE700BF3B
:10A5D00080B2FFFF00B1FFFF2DE9F04F89B0039378
:10A5E00000230E4603998146154606930B60002A08
:10A5F00000F012810EF05EFB834638BB99F80470C0
:10A6000007B907A806A903F093FF8046E8B9069C9E
:10A61000CE46A446BEE80F00ACE80F009EE803005B
:10A620008CE803000FB9079B6361636AA3B1D4E9A7
:10A6300008A76388059363681B0A1CD0784A934275
:10A6400000F0BA806FF0860B00E08346069808B1F0
:10A65000FFF73AFBD846DBE0D9F804301B0A02D0FA
:10A660006F4A9342EED129462046FFF7E7FA834628
:10A670000028DCD0EAE7238803F44F43B3F5824F88
:10A680000BD0B4F800B05846FFF792F9B8B91BF4F4
:10A69000804F2BD16FF0850BD8E72A4631462046F4
:10A6A00005AB0BF075FD834628B9AF4280F096806C
:10A6B0006FF0890BCAE710F1860FE2D0C6E7059963
:10A6C00009B9E90005915846FFF789FA8346002841
:10A6D000BCD10731B5EBD10FB4D1AF42E8D32A4694
:10A6E0003146504619F0AAFE656238E02BF4435318
:10A6F00023F03F03B3F5824FCCD1079007AB584608
:10A700006188324600932B460DF08AFE079D8346F2
:10A71000D8B923882A6C23F4435121F03F01B1F5C5
:10A72000824F03D1D9B2412908BF013203F4E0437B
:10A73000B3F5804F04F12401059235D10B463A461A
:10A7400051462846FFF7BAFB83462846FFF784F8B0
:10A7500028461BF06BFBBBF1000F7FF477AF6288DC
:10A76000059B002A45D163804FF6F872934291D839
:10A77000B9F800301BB122889A427FF463AFB9F870
:10A7800002301BB162889A427FF45CAF2379A3BB8D
:10A790006369039A1360237E012B37D00023039A49
:10A7A0006FF0960B136051E73B4652462846FDF783
:10A7B000F3F9FFF709F9C7E7238803F44F43B3F52B
:10A7C000824F7FF467AF2A463146204605AB0BF037
:10A7D000DFFC834600283FF468AF37E72A4631465E
:10A7E000504619F02BFE5146059A20880EF0B2FA19
:10A7F0007AE79A427FF426AFB6E72046D4E90812FA
:10A8000004F04DF883460028C2D01FE702232376C8
:10A81000404609B0BDE8F08F6FF08608F8E700BF4A
:10A82000020080002DE9F04F43780D46012B1746BA
:10A83000ABB040F0EE820023DFF800A30A934FF4A0
:10A840008072534640680AA9FFF70BFA064670B9B2
:10A85000DDF82890D9F80430D9E908425FEA1328D6
:10A8600013D0AF4B984500F0C6826FF086060A9869
:10A8700003F0DAFF1EB9002800F0D7820646304602
:10A880002BB0BDE8F04FFBF7F2BE09AB04931023E9
:10A890002146CDE902734846CDE900850CAB0EF0A8
:10A8A000BBFE10F1860F0646E1D10DF1580B502288
:10A8B0004146584619F05EFCB9F800305046069300
:10A8C000CDF858A0069910AB0BAAB9F802908DF8F4
:10A8D00040800EF075FC48B99DF840009DF82CC0F2
:10A8E0009049D1F804A0BAF1000F07D1169B03F0EC
:10A8F000FE43B3F1806F00F0C380B8E79AF80720F9
:10A90000894B02F07C021A44D2F8D8201278824295
:10A910000CD19AF8052002F00F0E4FEA8E13B9EB16
:10A920008E1F079302D1BCEB121F01D00831D8E76C
:10A930004822002118A819F01DFC9AF807207A4B2C
:10A9400002F07C021A44D2F8D8205269FAB99DF874
:10A95000A420CDF860A0012A40F0D380279E1622C3
:10A9600000210DF1420019F005FC327A002A40F076
:10A97000D5809AF80630102B00F286800D2B00F25D
:10A980008580023B052B40F28180684804E09047B7
:10A9900027900028DBD16648FFF716F80646002806
:10A9A000A4D1169B03F0FF43B3F1906F09D0219B14
:10A9B0009DF85D201033B3FBF2F35343102B00F2EC
:10A9C0000682189B002B00F07C819DF8A420012AB0
:10A9D00000F07C811C7914F01F0400F069815A7921
:10A9E00002F0F002102A40F0C080102C40F062818A
:10A9F000DA794D4B02F07C021344D3F8D8302A4662
:10AA00005E689DF968103B462798B047FEF7DCFF6B
:10AA1000102C064600F2DE8100287FF467AF07B1F4
:10AA20002744219A10AD32B1169B424923F480632A
:10AA30008B4200F0C6811898002840F051813E48B2
:10AA4000FEF7C2FF064650B90B9A42B1C4F110039B
:10AA50009342C0F0B9812946384619F0EFFC102125
:10AA60002846FDF7C5F8002E7FF440AF0B9B23442A
:10AA70000993169B03F0FE43B3F1806F40F0B88159
:10AA800018A8FFF787F9F2E6263B7BE74FF410534F
:10AA9000ADF840304FF440730BA80B93FCF75FFC0C
:10AAA0000B9B21461293334653F8042B10A81392A4
:10AAB000079AD208FFF790FD10F1860F3FF465AFBB
:10AAC00028B18D303FF467AF6FF06F0064E701236A
:10AAD0003372CDF864908DF86830069B002003F443
:10AAE000E043B3F5005F09BF069B0023C3F30222D6
:10AAF000012304BF9340DBB28DF85D308DF85C001C
:10AB00004AE79AF8072002F00302012A18D89AF8B7
:10AB1000052002F00F02B9EB821F11D006483BE777
:10AB2000020080004867020060660200809FFFFF0D
:10AB3000809EFFFF00404004009FFFFF0044400450
:10AB40000122CDF864908DF868209AF80720A34B75
:10AB500002F07C021344D3F8D8302146DB68079A10
:10AB6000279898470028B8D016E7902A14D127983C
:10AB7000446E14F0100440F0A080836A2BB1C36AC5
:10AB8000026A1033934200F299803B461022294614
:10AB900000F03EFA102439E7BD420AD1219900297C
:10ABA00040F08F801023B3FBF4F36343102B40F08D
:10ABB0008B80202A40F08A809DF96830219EA3B9BD
:10ABC0001B9BA3B1A31B0F2B14D91C365E4405F1AC
:10ABD000100355F8042B9D4246F8042BF9D10024AC
:10ABE000219B20461033219310E7012B02D1A31B98
:10ABF000102BE9E70DF17409002E56D0A4EB060ADC
:10AC000006F11C0052462946584419F017FC189BBF
:10AC1000724ADB79CDE9009703F07C031344D3F843
:10AC2000D8302246D3F808B09DF96810279822AB97
:10AC3000D84700284DD106F110031B1B21903FF48B
:10AC4000E5AE264607EB040B5544B3FBF4F204FBD8
:10AC5000123232B99DF9681019B91B99002918BF31
:10AC60002246A3EB020A484605EB0A01069219F0B8
:10AC7000E5FB219B069A13442193BAF1000F2AD0D9
:10AC8000189B564ADB79CDE9005B03F07C03134443
:10AC9000D3F8D83052469C689DF96810279822ABAB
:10ACA000A047D8B906EB0A04B0E6BB461023CCE7B0
:10ACB0004B48ABE600244B48A8E600246FF00C009C
:10ACC000A4E600244848A1E60C46FBE700244748D8
:10ACD0009CE600249AE63446504697E6344695E6CC
:10ACE0009DF8A430012B01D14048A9E600230B9325
:10ACF000417901F0F003202B0BD11C9900293FF47E
:10AD00009EAE81794C39012911D9102B11D172B124
:10AD10004DE001F0B006302E09D001F0E0014029ED
:10AD200005D0602B03D0902B01D0A02BE9D10020BF
:10AD300086E6202BD8D19DF96830012B2FD11B9BA3
:10AD4000002BE4D0269911B90179490989001DA881
:10AD50009847189B21491A79DB79019503F07C0308
:10AD60000B44D3F8D8301DA900919E689DF9681056
:10AD7000279822AB02F01F02B04700287FF460AE94
:10AD80009DF96820189BA2B91C9E1BB193F8048002
:10AD900008F01F08414628460BAAB04750E6037941
:10ADA00003F01F039A42D4D01B9B002BAFD00D4859
:10ADB00046E61BB193F8048008F01F08CDF82C80FC
:10ADC000B5E76FF086064AE66FF0890647E66FF052
:10ADD00089068BE56FF0960688E500BF6066020085
:10ADE000809CFFFF809DFFFF009FFFFF809FFFFF74
:10ADF0006FF088063BE509AB04931023CDE900050D
:10AE0000CDE90273214648460CAB0EF005FC064620
:10AE10002DE50178012907D113462A4608302BB0C9
:10AE2000BDE8F04F0AF07FBF01482BB0BDE8F08FBE
:10AE3000809CFFFF2DE9FF4705460C469046002108
:10AE4000102268469A46DDF8309019F093F96A4668
:10AE500005F1100105F13800FFF7E4FC6F460646E6
:10AE600058B16B6E43F010036B6638461021FCF747
:10AE7000BFFE304604B0BDE8F08739190446221DF4
:10AE8000904509D2A045F0D91AF804300A5D534024
:10AE900009F804300134F5E75AF804300859434002
:10AEA00049F804301446EAE7F7B5436E1746DA0668
:10AEB00004460E4636D4426A0AB11B072AD5236AD5
:10AEC0002BBB00221046216BD3B2994202F1010242
:10AED00023D823461022002120460094FFF7AAFF22
:10AEE000054688B926B13A462146304619F0A6FAF9
:10AEF0000026102231462046666619F03BF91022E2
:10AF00003146A01819F036F9284603B0F0BDE26AC0
:10AF10009342D6D06FF00C05F6E7C3F10F0323443C
:10AF20001874D1E76FF06D05EEE738B5416E044651
:10AF300001F00303032B06D1826A32B9436B023B53
:10AF4000012B1CD80262002038BD056B2378681ED7
:10AF50000343606A023A003818BF012043EA8013B5
:10AF60000020520843EAC2032370236AC2B295420A
:10AF700000F1010006D853B141F0100161666FF095
:10AF80000C00E1E7C2F10F02A3541B0AEEE72246D0
:10AF9000214604F13800FFF745FC0028D4D0636E49
:10AFA00043F010036366CFE72DE9F0411D46073BF0
:10AFB000062B0446164627D8A04600F11103C5F11A
:10AFC0000F07416307630F2218460021013F19F064
:10AFD000D1F82A46314608F8107F19F02FFA681C7C
:10AFE000226B0021404419F0C5F801232A46E3777B
:10AFF000E018314619F022FA636E204643F001034F
:10B000006366BDE8F04190E76FF00C00BDE8F081A9
:10B010002DE9F04F04468846914689B09A4600F1E2
:10B02000380303930DF1100BB9F1000F01D14B461A
:10B0300083E0E36A03F00F06C6F110054D4528BF13
:10B040004D462B44E362636B23F00203012B3ED099
:10B05000676B37F0020727D143462A463146204620
:10B06000CDF800B0FFF7E6FE0346002865D158464C
:10B07000A319A3F1040C3A1D954269D23B44BD4289
:10B080006FD82A465946504619F0D8F97319102B33
:10B0900003D0E26A236A9A426FD12246214603987E
:10B0A000FFF7C0FB034648BB2E44102E61D10021A0
:10B0B000206BCBB2984260D9C3F10F0323441A7CB2
:10B0C00001310132D2B21A74002AF2D055E00023C5
:10B0D000A119181D854201EB030214D29D4219D813
:10B0E0007319102B03D0E26A236A9A421AD12246BE
:10B0F00021460398FFF796FB034698B1626E42F033
:10B100001002626619E058F80320CF587A40CA50FE
:10B110000346DEE718F8030011780133414002F8D6
:10B12000011BDBE743462A4631462046CDF800A006
:10B13000FFF780FE034600288AD010210DEB0100A6
:10B140000393FCF755FD039B184609B0BDE8F08F4B
:10B1500050F8047B5CF8021079404CF80210174656
:10B1600089E71A781BF8071001374A4003F8012BCA
:10B1700085E7E26A236A9A4299D0A9EB0509A844B7
:10B18000AA4451E72DE9F04F604E044696F8CC30C2
:10B190000D4692468FB0042B11D8DFE803F0B3B50B
:10B1A000030C0C00007A012894BF00200120C0008D
:10B1B0000FB0BDE8F08F037A012B00F0A58094F862
:10B1C000A0000028F4D02A68137903F0070123F0C7
:10B1D000070313712B68D6F8D4000693237A0791DE
:10B1E0008DF82C30D4F89830CDF82D0043F0004382
:10B1F0000D93474BD6F8EC019A889B79ADF8312036
:10B200008DF8333000234FF4007209930AA9414BA3
:10B21000D5F80490BAF80070FEF723FD83460028A5
:10B2200061D1DDF82880D8F80430D8E908121B0A6B
:10B230000CD03948834229D06FF0860B002F36D0CE
:10B240003A460021484618F095FF30E009ABCDE9B9
:10B250000473069B40460093CDE90279CDF8049033
:10B260000BAB0FF015FB10F1860F83461CD10DF1CF
:10B270002203B8F8001027480DF123020DF0A0FFBB
:10B28000031E14BF9B466FF0850BD7E709ABCDE9D2
:10B290000473069B40460093CDE90279CDF80490F3
:10B2A0000BAB0FF0F5FA8346BBF1000FC6D10A983D
:10B2B00003F0BAFABBF1000F15D10EF05CF8D4F828
:10B2C00098200132C4F89820D6F8E4200132B2F177
:10B2D000005FC6F8E42006D196F8CC20052A02D1FA
:10B2E0000320FCF7B9F85846FCF786F810B9099B1B
:10B2F000AAF800302A680799137923F00703194345
:10B30000117155E7032053E7002051E7C80A0020D8
:10B310009C0B0020000248050200800070B5044626
:10B3200088B038300E461546FEF713FD0122224B39
:10B3300084F8382093F8EC3013EA020129D0002178
:10B3400084F8392003A8142218F014FF4FF4105386
:10B350004FF6F872ADF808304FF6FF73954298BF7C
:10B360002B46ADF80A30154B01A805934FF48073B6
:10B370000193FBF7F4FF019BEA1D0493314604F1AE
:10B380003C03D20802A8FFF727F978B1FBF76FF961
:10B390000BE084F8391040342422204618F0EAFEED
:10B3A0002A46314620460AF0A4FC10B9002008B015
:10B3B00070BD6FF00C00FAE7C80A0020004440049A
:10B3C0002DE9F0410446EFF31186302383F3118811
:10B3D000D0F8A4309D681DBB04F130001AF010FFB6
:10B3E000D4F8A4305D69002D36D1A04658F88C7F82
:10B3F000002F4DD12774274657F8905F002D5FD15D
:10B40000274657F8945F002D61D1D4F8A430DF6847
:10B41000002F63D186F31188BFF36F8FBDE8F081F1
:10B4200015F8203CA5F130007F2B4FEA93174369B4
:10B4300098BF0027A3422D68CDD1D4F8A4100831BD
:10B44000FBF73EFF1FB9637B01336373C3E7032F31
:10B4500004BF0023A373BEE715F8203CA5F130001C
:10B460007F2B4FEA9317436998BF0027A3422D68AB
:10B47000B9D1D4F8A4101431FBF722FF1FB9637BB4
:10B4800001336373AFE7032F04BF0023A373AAE75D
:10B490003D4655F830794046AB7C05F13001013B23
:10B4A000AB7408F061FBAB7C33B9637B33210133B0
:10B4B00028466373FBF7DEFEE37B013BE37397E70C
:10B4C0002846394650F83059FBF7FAFE96E72846E9
:10B4D000394650F83059FBF7F3FE94E7384650F8F8
:10B4E00030794369A34293D1D4F8A4100C31FBF70F
:10B4F000E7FE84F8A1508BE7F8B50546EFF311831A
:10B50000302282F31188046844B1627AD20605D4ED
:10B5100083F31188BFF36F8F0F20F8BDAA68012A4B
:10B5200005D983F31188BFF36F8F0420F5E700225C
:10B53000AA6083F31188BFF36F8F002C47D094F873
:10B54000506030460DF0D1FF08B9042E08D1217AA1
:10B5500031B1D4F8A40000B1C0300222FCF718F9D0
:10B56000032304F1840684F85030D4F8843083BB7C
:10B5700004F18807D4F88860A6BB2046FFF720FFB7
:10B58000642066811AF04EFD002200236061C4E948
:10B5900006232046C4E90823C4E90A23C4E9266631
:10B5A000FBF700FD88B1022384F85030EFF31182DD
:10B5B000302383F31188D4F8A430596844F8041F69
:10B5C0005C6082F31188BFF36F8F00232B60002033
:10B5D000A3E7304608F0C0FA0146D4F8A400FBF710
:10B5E00040F9C2E7384608F0B7FA0146D4F8A4009B
:10B5F000FBF737F9BEE710B5074C04F1B800FFF7C9
:10B600007BFFFBF7D1FE30B10122044B83F8082108
:10B61000002384F8C43010BDC80A0020E03F002099
:10B62000F0B5A0F1C00602230022314685B00446E1
:10B630000DF0B0F92E28054670D000286BD12046B9
:10B6400003A9FBF7CFFC40B9039B354D20465D664F
:10B65000FBF7BBFCFBF7C6FC20B12046FFF74CFF15
:10B66000022558E0039B20469D65FBF7AEFCFBF7E7
:10B67000B9FC0028F1D1039B2A4A20465A67FBF700
:10B68000A4FCFBF7AFFC05460028E6D1039B20464F
:10B690009C67FBF79AFC3046FBF704F9039E0623F0
:10B6A000374647F80C4BB381356109F067FF4FF01F
:10B6B00050234FF4003210F0400F1A6714BF732369
:10B6C000772310F0800F18BF732310F4806F18BF1A
:10B6D000732310F0010F18BF782310F0020F18BF6A
:10B6E000782310F0080F18BF742310F4004F18BF10
:10B6F000742310F0040F18BF722310F4804F18BF8A
:10B700007223736108230C22F381394603232046F8
:10B710000096FBF74FFD284605B0F0BD1225FAE76D
:10B72000BFB700005B65000010B5436F044613B15E
:10B73000816F007A98472046BDE8104040E62DE929
:10B74000F0410546302700F114086B690BB9BDE8DC
:10B75000F081EFF3118487F311884046FBF774FD05
:10B76000034684F31188BFF36F8F90F824201AB139
:10B770000021FBF77FFDE8E7827C44690132827497
:10B78000D4F88C2043F8302FC4F88C30237C092B5C
:10B7900006D90A23204684F85030FFF7C5FFD4E7C6
:10B7A000666941F28830760066611AF03BFC864299
:10B7B00094BF6661606120460DF0E2FEC5E7F8B512
:10B7C000154612681C46A2F1C00000297CD06968A9
:10B7D0003E4B99424CD13E4B90F80111D3F8C83002
:10B7E000B1B343BB012302260A2780F8003152F887
:10B7F000C04C3CB92B68294653F8440CBDE8F840CE
:10B800000DF0CABD94F85030042B0DD003D8012B95
:10B810000AD02468EDE7053B032BFAD8204684F8CC
:10B820005070FFF781FFF4E70621204684F850604E
:10B83000FAF78CFDEDE74FF000524FF20F01518007
:10B84000012B4FF000530FD04CF23C325A8009E0EC
:10B850004FF000524FF20F015180002BF0D140F217
:10B860000123138008F066F940F202221A80F9E7FA
:10B87000184A21F0FF03934215D1C9B2FBF754FADD
:10B880000028B7D090F85030042BB3D1002C14BF4F
:10B890000223052380F85030C36F002BAAD0214625
:10B8A000FAF754FDA6E70C4A9342A3D1C9B2FBF7BD
:10B8B0003BFA00289ED090F85030073B012B9CBFEC
:10B8C000092380F8503095E7F8BD00BFEFBEADDE2C
:10B8D000C80A002000BAFECA00BAEFBE70B50D4615
:10B8E000EFF31186302383F311884C6904F18C0047
:10B8F000FBF7AAFC04F130001AF082FCD4F8A40093
:10B9000029461430FBF7AAFCD4F8A420044902F11C
:10B910002C000DF080FD86F31188BFF36F8F70BD92
:10B920003FB700002DE9F04F85B0EFF311883026C6
:10B9300086F311884048FAF745FF0446DFF8009186
:10B9400034B988F31188BFF36F8F05B0BDE8F08F6D
:10B95000636933B1D3F8A420D2F8A8300133C2F818
:10B96000A83023681B797F2B4FEA931198BF0021E1
:10B97000EFF3118A86F311886569BDB9022956D0A3
:10B980008AF31188BFF36F8F88F31188BFF36F8F2D
:10B99000EFF3118886F31188B9F800302648013397
:10B9A000A9F80030FAF70EFF0446C9E741BB94F846
:10B9B00024702FB184F824102046FBF75BFCDFE7EE
:10B9C00095F850000DF091FDA8B12046FAF77EFFE2
:10B9D0000428D5D1696905F1300B5846EF6403910D
:10B9E0001AF00EFC23465846CDE90077134A039916
:10B9F0001AF07CFCC4E76B7B332101336B73DBE70C
:10BA0000032914D1AB7B002BBAD000212046A973A7
:10BA1000FBF730FCD5F89430002BB1D005F1940041
:10BA2000FBF712FC014628460DF039FDA8E7204639
:10BA3000FAF74CFFA4E700BFB80C0020DDB8000007
:10BA4000C80A002070B5EFF31186302383F3118804
:10BA50000F4CB4F8F45165B90123A1780D4884F86E
:10BA6000F6311AF0F9FC86F31188BFF36F8F0020CE
:10BA700070BD04F5FC70FAF7A5FE0028F3D0013D77
:10BA8000A4F8F45186F31188BFF36F8FF0E700BF7D
:10BA9000C80A0020000004502DE9F84FEFF3118987
:10BAA000302383F31188644DD5F8FC312C2BA3F19E
:10BAB0002C0606D189F31188BFF36F8F1B20BDE8D8
:10BAC000F88F53F82C8CB8F1000F00F0B380B489D4
:10BAD0005A4F002C00F0A2800D22002105F50070C5
:10BAE00018F048FB564BB4F5006FC5E980384FF0AD
:10BAF0001308C5F80872C5F80C8260D8013C0D2205
:10BB0000002105F50470A4B2D6F804A0240118F0B1
:10BB100031FB4C4B44F0405423400224C5E9843AA5
:10BB2000C5E98678D6F808A0BAF1000F12D0A04671
:10BB300005EB081808F5007310220021184618F0CC
:10BB400019FB414A0134C8E9802A1322C8F8087257
:10BB5000E4B2C26005EB04181022002108F5007061
:10BB60000E3618F007FB394BC8E98167C8F8003278
:10BB7000002305EB031191F80222013322F0100299
:10BB800081F80222DAB2A242F3D90024304B95F8B0
:10BB900090501C702F4B2946A3F5AC722E4809F02B
:10BBA00088FD01232D4AAB4029462B48536509F0F7
:10BBB000BBFD89F31188BFF36F8F20467FE7B4F593
:10BBC000805F25D8D6F804A0DFF878B00D220021D8
:10BBD00005F5047018F0CEFAC5E984BAC5E986788F
:10BBE00073680D22002105F5087003F5006A18F04E
:10BBF000C1FA6FF40063E3189BB21B0143F040539A
:10BC000003EA0B030324C5E9883AC5E98A7889E782
:10BC100089F31188BFF36F8F212050E7102221464E
:10BC200005F5007018F0A6FA0D4BC5F80872C5E9C5
:10BC300080389DE7012042E7C80A00203C8005507B
:10BC400060000030F07F00307000003010001030D5
:10BC5000E03F0020C80C00200000045000100450F9
:10BC60006000103010B5EFF31184302383F3118896
:10BC70000A4803882BB984F31188BFF36F8F032020
:10BC800010BD013B038000F5FE70FAF755FCFFF78D
:10BC900003FF84F31188BFF36F8FF1E7C80A002018
:10BCA0002DE9F041EFF31187302383F31188254C00
:10BCB000DFF8A080A578244829461AF0CDFB98F833
:10BCC000093133B9D4F85022D2F8B4300133C2F874
:10BCD000B430002134221D4888F8091118F04AFABE
:10BCE0000722062101262281B4F88822184B61F32D
:10BCF0000E126360A4F88822134C88F80A61DFF8FA
:10BD00005880A3F5F87229462046AE4009F0D1FCD0
:10BD100020462946C8F8546009F006FD302303FB8D
:10BD20000540C8F82460036F43F002030367436EC5
:10BD300043F48013436687F31188BFF36F8FBDE828
:10BD4000F08100BFC80A0020000004501C0D002034
:10BD5000500D0020E03F00200010045008B5FFF710
:10BD60009FFF002008BD10B5EFF31184302383F34B
:10BD70001188104BB3F8F421092A04D984F31188EF
:10BD8000BFF36F8F10BD817C013201318174D3F814
:10BD9000F811A3F8F42193F8F62140F82C1FC3F80A
:10BDA000F801002AEAD0002283F8F621FFF778FF95
:10BDB000E4E700BFC80A00202DE9F04F9C4C85B095
:10BDC000D4F8C8320133C4F8C832EFF311893023F4
:10BDD00083F311884FF48872D4F804B0BBF80030B4
:10BDE000DBF8085062F30E13ABF8003094F86732BA
:10BDF00013B994F85C324BB30723B4F85E82238105
:10BE0000A844DBF80C30D4F8506223F0030330462A
:10BE100003A9D3F808A06360FAF735FDC0B9039B06
:10BE2000CBF8083094F86612002941D0C4E9955A3D
:10BE3000FAF7ECFC89F31188BFF36F8FD4F8CC329A
:10BE40000133C4F8CC3205B0BDE8F08FA846D8E77E
:10BE5000784F97F80A1189BB94F866323BB1D4F851
:10BE6000603234227448C4F8D03218F083F94FF0AD
:10BE70000008D4F8D0127148A1F80C80C1F80480F1
:10BE8000FAF75AFBB36C07200133B3640123CBF8F4
:10BE90000850C4F8D08287F80A31FAF700FB2E2840
:10BEA000C8D1C4F854A2C4F86082A4F85E82BFE787
:10BEB000604B93F80A71002F00F092800191FFF718
:10BEC000C1FD01990746C4F8D00238B915B128461A
:10BED000FAF7BEFC002384F86732ABE7D8F80020FD
:10BEE00003681A60B8F804209A8098F806209A71BE
:10BEF00031B3CBF80850D7F8008000220721404624
:10BF0000FAF7B4FA054608BBD8F800004C4BC4F861
:10BF10006802B8F8041098F80620384699809A719B
:10BF2000FFF721FF0123C4F8D052C4F8605284F80F
:10BF3000675284F85C32C4F854A2A4F85E5277E7E2
:10BF4000002DD8D02846FAF783FCD4E74FF000083C
:10BF500084F85C823B685888B881A8B3B0F5857FC7
:10BF600035D9D6F8B43039460133C6F8B430062393
:10BF700032483B77FAF7E0FA47460720B36CC4F83B
:10BF8000D0820133B3642B4B208183F80A51FAF736
:10BF900086FA2E2848D10023D4F8D012C4F854A22F
:10BFA000A4F85E32B7B12548FAF7C6FAB36C01338C
:10BFB000B36400210025C4F86012C4F8D052FAF727
:10BFC00025FC84F8675235E72F460720DBE7454616
:10BFD0004746D8E7002DEDD00846FFF7C4FEE8E756
:10BFE00007200125D4F8D02283F80A51C2F8048032
:10BFF0002081FAF754FA2E280E4B09D183F80A5102
:10C00000C4F854A2C4F86072A4F85E72FAF7FEFB9A
:10C01000D4F8D0120948FAF78FFAB36C0133B3643D
:10C020000023C4F8D03255E7002F3FF453AFEFE7B9
:10C03000C80A0020E03F00201C0D0020400B00201B
:10C04000300D002000232DE9F3470D460A26434C0E
:10C05000C4E9B713C4E92113C4F85012C4F8F83185
:10C06000A367C4F8FC31C4F8F03184F8E432C4F8B2
:10C07000D83284F88C30C4F88030284601A90DF0FD
:10C08000A8F920B11927384602B0BDE8F087019819
:10C09000FFF769FE013EF0D10A2323804FF480525E
:10C0A0002F4B1A604FF440622E4B69465A614FF095
:10C0B000FF3203F500539A640122A3F58053DA643A
:10C0C000D4F850723846FAF7DEFB0028DAD1DFF8F0
:10C0D000A080102231464046DDF800A0DFF89490A1
:10C0E00018F048F8204B38466946C4E9A239C4F82C
:10C0F00090A2FAF7C8FB07460028C3D108F1100345
:10C100000D2231461846DDF800A018F033F8174A22
:10C1100020F00303C4E9A62994F88A22C4F89432D3
:10C1200066F30412D4F8A43284F88A224FEA980203
:10C1300062F39F0331463422C4F8A432A8F13400DC
:10C14000C4F8A0A2C4F8048018F014F8A86F0DF089
:10C1500028F9002896D00723238194E7C80A0020F5
:10C1600000E100E000800550001110030011000301
:10C17000500D00202480055013B5EFF311843023B7
:10C1800083F31188094BB3F8F421092A08D8D3F8AE
:10C19000500201A90DF01DF910B90198FFF7E3FD58
:10C1A00084F31188BFF36F8F02B010BDC80A00205E
:10C1B0002DE9F04F89B0EFF311830193302383F31E
:10C1C00011880026C74FFD1D0023C74CADF8123063
:10C1D000D4F85422ADF81030D4F86032002A00F0C0
:10C1E0002E8293B9C14B93F80A3173B1FFF72AFC41
:10C1F000C4F8600248B9C4F85402019B83F3118863
:10C20000BFF36F8F09B0BDE8F08F94F85C320293F2
:10C21000002B00F098802B68DFF8DC823B60AB8855
:10C22000D8F80000BB80AB79B8F80420BB7198F84F
:10C2300006302860AA800D2104AA08F10800AB711D
:10C24000FAF714F948B3BDF81010D4F86032013190
:10C2500089B278581B687A1818609088ADF8101069
:10C260009880927908F115009A71D4F860321A68B2
:10C2700052889A81C1F107020731D2B2394484F859
:10C28000842218F0DBF80E22002108F1070017F0D5
:10C2900071FF002384F85C3254E00DF11200FAF7CC
:10C2A000CFF8002840F0CB81BDF81290B9F1000F13
:10C2B00000F0DC8008F10E034FF0010813F8012BA9
:10C2C000142A40F0C6804FF0000A0DF1180B1946F1
:10C2D000C8F1070258460393CDF818A0CDF81BA06B
:10C2E00018F0ACF80DF11F004246D4F85412A0EB40
:10C2F000080018F0A3F80721584604AAFAF7B6F880
:10C30000039B002800F0A580D4F86032BDF810101F
:10C310001B680BEB01025BF801103846196091882D
:10C32000927999809A71D4F8603251461A6852888D
:10C33000A4F85E829A810E2217F01CFF84F85CA29A
:10C3400084F884A2029E94F88482B8F1070F00F268
:10C35000768194F866A2BAF1000F02D0002384F827
:10C360006632DFF88891D4F8603299F80AB1BBF1EF
:10C37000000F00F07C81002E43D10DF112000293DA
:10C38000FAF75EF8002840F05A81BDF81210029BBF
:10C39000B8F1000F00F01B81C8F10702D2B28A4247
:10C3A00000F24D81B8F1070F00F049814246504933
:10C3B000186818F043F8D4F8602294F884321068B2
:10C3C000D4F85412C3F10702184418F037F8B4F83F
:10C3D0005E3294F8842207339B1AD4F86082A4F862
:10C3E0005E3284F88462D8F800A0324607215046B5
:10C3F000FAF73CF8002800F02281BAF80230A8F8D9
:10C400000C30D4F86012002900F019818E89002EBA
:10C4100040F008813748FAF78FF8D4F85022C4F872
:10C420006062936C01339364B4F85E32D81DB3F547
:10C43000857F80B200F20381FAF731F8002840F0DE
:10C44000F8810123C4F8540284F8673284F8840226
:10C45000D3E6B8F1060F06D008F101081FFA88F2FA
:10C460009145BFF42BAF002E7FF46CAF0720FAF795
:10C4700016F8064650B9D4F86002FFF774FCC4F809
:10C480005462A4F85E62C4F86062B6E62B680E21BE
:10C490003B60AB883846BB80AB79BB71D4F8543273
:10C4A0001A682A609A88AA809B7904AAAB71F9F766
:10C4B000DDFF18B3D4F86032BDF810201B68B858FF
:10C4C000B918186088889880897906489971D4F8D5
:10C4D000603219684988A4F85E2299810E220021F1
:10C4E000D5E600BF370D0020C80A0020E03F00203D
:10C4F000450D0020400B0020300D00200720F9F7EB
:10C50000CEFF064690B9B9F1060F40F29880D4F8F4
:10C510005422A9F1070902EB090352F80920C4F8D3
:10C5200076229A88AA809B79AB71A4E70DF112005C
:10C53000F9F786FF0646002840F08180D4F854922F
:10C54000BDF812804846414604AAF9F78FFFF0B1C2
:10C55000D4F86032BDF810801A6859F8081009EB59
:10C56000080311609988B54891809B793146937191
:10C57000D4F860321A6852889A810E2217F0FAFDB8
:10C5800008F10703A4F85E3284F85C62DAE608F189
:10C59000070080B2F9F783FF064600284FD1B8F1B3
:10C5A000060F4CD9D4F85412A8F107028B188A58F8
:10C5B000D4F86002C4F876229A88AA809B79AB717D
:10C5C000FFF7D1FBC4F85462A4F85E825BE706294A
:10C5D000029334D9B4F85E628E4230D2D4F85482D9
:10C5E000891B04AA89B208EB0600F9F73FFF029BFA
:10C5F00028B3BDF810101A688B1908EB030058F81F
:10C60000033013608388938083799371D4F8603208
:10C610001A6852889A81B4F85E320B440733A4F842
:10C620005E32EEE6B6F5857F11D9062384480B7796
:10C63000F9F782FFD4F85022936C01339364D4F855
:10C64000600208B1FFF78FFBFFF72AFBD5E5002357
:10C65000B4F85E0289F80A313044B0F5897FEEDA29
:10C6600094F884329E4200F2D7800026ACE5002B7D
:10C67000E5D09A89904542D3D4F850A205A95046F6
:10C68000FAF701F9D4F8602203900028D7D1059B6E
:10C69000DFF8B081184641469289029317F0CEFE2A
:10C6A000D4F860B294F88422BBF80C104046521AB9
:10C6B000414417F072FEBBF80C1094F88422029BE0
:10C6C000521A84F88422CBF804306FF40173D4F842
:10C6D0006012B4F85E228889024408EB0300A4F8D3
:10C6E0005E22F9F729FFDAF84820039B0132CAF8E5
:10C6F0004820C4F86032012389F80A3194E6BAF17F
:10C70000000F2DD0D4F85402B4F85E12A2EB080248
:10C710000144404417F041FE94F884224949D4F87A
:10C72000540217F08BFED4F85422D4F8603284F807
:10C7300084B25A60D4F85832D4F860124048C4F831
:10C740005432F9F7F9FED4F85022C4F860B2936C71
:10C75000A4F85EB201339364012389F80A3163E6D9
:10C760000DF112000292F9F76BFE00287FF467AF1B
:10C77000BDF81210B4F85E32029A41441344994253
:10C78000FFF65DAFD4F850B205A95846FAF77BF82A
:10C79000D4F8602200287FF452AF94F88432928952
:10C7A0007BB393423FF64BAFDDF814801A46254920
:10C7B000404617F043FED4F8603294F884029A8918
:10C7C000B4F85E12D4F85432121A1944404417F0E7
:10C7D00035FE84F884A2D4F860321948C3F8048086
:10C7E000D4F86012B4F85E328A891344A4F85E3239
:10C7F000F9F7A2FEDBF848300133CBF848300023CC
:10C8000077E7DDF81480B4F85E12D4F8543240466D
:10C81000194417F013FEDEE7C01A80B2F9F73FFEA5
:10C8200018B9012384F86632E7E42E283FF41DAFDF
:10C83000E3E42E283FF4C8ACDFE400BF370D00204E
:10C84000400B0020450D002038B51C4B1C4A9B6C4A
:10C8500003F0010393647BB31A4C1B48D4F8C03235
:10C8600094F890100133C4F8C03219F008FE012288
:10C87000164B1A70EFF31185302383F3118804F5FA
:10C88000FE70F9F79FFF014604F5F870F9F754FEC2
:10C8900085F31188BFF36F8F00220D4904F53570C1
:10C8A0000CF0B9FDD4F8FC310BB1FFF7F5F8D4F872
:10C8B000C4320133C4F8C43238BD00BF0080055013
:10C8C00000A00550C80A002000000450E03F0020EE
:10C8D00025B9000038B50D4619F05EFE19F0B4FB1D
:10C8E00004462D6819F058FE19F0AEFB031BAB424D
:10C8F000F8D938BD2DE9F7430627177014464A6862
:10C900001E46A2F58053FF2B81460D46DDF8288098
:10C9100075D80523D1B2638041F4805363602A7ACD
:10C92000931E012B27D8C038FAF7FEF902230546DB
:10C930002372D0B190F8508040460CF0D6FD30B153
:10C940000A2385F850302846FEF7EEFE0DE0B8F1D8
:10C95000040F0AD109233946284685F85030F9F7E3
:10C96000F5FC10B96B7ADB06EDD4638804333360D1
:10C9700003B0BDE8F083052A16D1C038FAF7D4F920
:10C98000022323720028F0D090F85030012B01D000
:10C99000042BEAD1042380F85030052323726E4B18
:10C9A0000B43C8F80030E0E7092A21D1C038FAF774
:10C9B000BBF908B92272D8E790F85030053B032B39
:10C9C00010D8DFE803F007021107082380F8503081
:10C9D0002372CAE7082580F85050F9F7C3FC18B94C
:10C9E0002572C2E70923F3E7092323725B4BD7E7DC
:10C9F00004236380002363600323A360B5E7A2F5EB
:10CA0000E063FF2B24D84F880C2F03D000236360F2
:10CA100003235CE05248D1B2FAF786F990B190F85E
:10CA20005030012B0ED1AB68EA6841F4E061C0E9F7
:10CA30002623234643F8041FAA685A60EA689A60CE
:10CA4000678092E700236360082363800423D4E7B0
:10CA500040F203239A4272D0B2F5017F21D2602ABC
:10CA60006AD007D8042A2FD9212A37D0002363603F
:10CA70000D232CE0B2F5007F26D040F202239A422B
:10CA8000F4D1042363808B681BB3012BBED1012337
:10CA9000344AA360C2F8C83040F20223636008231E
:10CAA00048E0B2F5C06F21D00BD840F201339A4272
:10CAB0000AD0B2F5A06FD9D10B7A80F83830626015
:10CAC00037E0B2F5885FD1D1002363601523A360FE
:10CAD000E5E724496260C1F8C830F8E762600B8975
:10CAE000678023810B8920F8643C3EE7CB68436173
:10CAF0001C4B8F68D3F8E822974217D8002500F125
:10CB00001408294640F2E730D3F8ECC24FF47A72A9
:10CB10000023E7FB0C0117F00BF943460146CDE972
:10CB20000055114A09F1180019F054FA4FF4C06386
:10CB300063600423638018E78B68C360BFE70B7AE8
:10CB400062600822003B628018BF01230022A260BD
:10CB500080F8413009E700BF00BAFECA00BAEFBE54
:10CB6000E43F0020C80A0020D5C800002DE9F04F9E
:10CB70000746C06C91B003690AA998470490D8B9D8
:10CB8000D7F88C300A9E0133C7F88C3097F85030B4
:10CB90003468A3B905212046B4F80520F9F712FC42
:10CBA00010B12378142B0AD03046F9F78FFED7F84E
:10CBB000B8300133C7F8B83011B0BDE8F08F6378F2
:10CBC00094F804900393B389B9F17F0F4FEA991554
:10CBD000B4F8028098BF0025DBB9B8F1000318BF94
:10CBE000012307937B6D38460A339845039928BF84
:10CBF000B381FAF799F8044668B9022D07D00523E6
:10CC00000146009303463846039AFAF768FB0A98F0
:10CC10003DE00023E5E790F85030042B08D13DB902
:10CC2000052380F85030C36F13B12946F9F78EFB06
:10CC300094F8506030460CF058FC069018B1082E5D
:10CC400009D1022D07D00523009300232146039A22
:10CC5000D4F8A400D9E70A9B15F0FD0F5C6111D14F
:10CC60001B7F7BB909F00703EFF311820592302295
:10CC700082F31188D4F88C2062B9059B83F3118864
:10CC8000BFF36F8F079B0A98002B00F0E480F9F741
:10CC90001DFE91E752F8302CE17B1279C2F30212AB
:10CCA000501C114400F0070001F00701884200F217
:10CCB00092808342E1D38B42DFD8934298BF0833FE
:10CCC0009B1ADBB208930023237419F003FAD4E90A
:10CCD0000626B0EB020A61EB060BA54991F80B2181
:10CCE000002A7FD000234FEA5A0646EACB764FEA65
:10CCF0005B02C4E908ABC4E90A6281F80B31052084
:10CD0000099219F08FF90023099A864272F1000105
:10CD10003CBF1A4606464FEA820242EA96724FEA42
:10CD2000860638BFC4E90A0316EB0A0641F28830CA
:10CD30004BEB020A19F076F94FF0000BB0427BEB97
:10CD40000A0307D3052019F06DF9B0427BEB0A0BFB
:10CD500038BF3046606104F1300019F051FA4FF0ED
:10CD6000010A04F18C063046FAF76EFA817C00293C
:10CD70006ED1FAF77FFA637B089A01336373E37B22
:10CD8000013BE373049B013304939DF810309342FD
:10CD9000E9D3059B83F31188BFF36F8F4FF0300AFF
:10CDA00004F19006D4F89030002B3FF46BAF637B16
:10CDB000002B3FF467AFEFF3118B8AF311883046F5
:10CDC000FAF742FA01468BF31188BFF36F8F2046C2
:10CDD0000CF065FBE6E78B427FF66FAF8342BFF452
:10CDE0006CAF4AE7D4E90810514570EB0B03D4E966
:10CDF0000A324FEA930343EA8273B4BFAAEB010CF1
:10CE0000A1EB0A0C9208DE1842EB020EF6184FF066
:10CE100007034FEAD1014FEA9C0C41EA407142EB13
:10CE20000E0216EB0C06A1FB031C4FEAD00003FB1D
:10CE300000CC4FEADA0A4AEA4B7A42F1000211EBDF
:10CE40000A0A4CEBDB0BC4E90A62C4E908AB56E7FB
:10CE500080F824A08FE7B8F1000F03D04368002BBF
:10CE60003FF415AF027F62B1E37A0092D4F8A400D8
:10CE70002146039AFAF733FA00230A980377F9F761
:10CE800025FDB8F1000F22D0B8F1020F03D8062219
:10CE9000E37A0092DAE60A9AA8F1020350681FFAD0
:10CEA00083F810FA83F35A7810F80830414643EAC1
:10CEB0000222F9F787FA50B9D7F8BC300133C7F826
:10CEC000BC30002D7FF4A3AE0122E37AE1E70A9E95
:10CED000002D40F0E880D7F89030CDE90C550133B3
:10CEE000C7F89030627AD4F8A400D707E37AADF897
:10CEF0002C8002D5227A06210BE0C9F3021293425C
:10CF00000FD0591E8A4207D00BB9072A04D002213C
:10CF1000227A0091214627E020460CF09EFA304606
:10CF2000B5E619F0080F0ED1314620460BAAFEF7E0
:10CF300029F90346D4F8A400002B00F086800421D0
:10CF4000E37A227AE5E7227A002AD4D131462046D4
:10CF50000BAAFEF717F9D4F8A49058B10421E37A8C
:10CF6000227A484600912146FAF7B9F9D7E700BF7F
:10CF7000E03F0020BDF82C20032A64D9D6F80480B5
:10CF8000B8F8023004339A425DD148460CA9F9F74B
:10CF900089FC09F1C00A074690B90C990D4645F87D
:10CFA0000CAB98F801304B7398F80030022B36D058
:10CFB000032B3BD0002B42D10B73CB8104230D9369
:10CFC000706830B1D4F8A480F9F742FC4046F9F714
:10CFD000BFFA002330467360F9F778FCE37A204605
:10CFE000013303F00703E3720CF037FA002F7FF4EC
:10CFF000E3AD0C9F112329462046BDF8342000974D
:10D00000FAF773F800283FF4D7ADA66D002E3FF471
:10D01000D3AD33233A462946207AB047CCE52A4699
:10D02000414650460DABF9F7C7FEC9E70431009100
:10D030002A46414650460DABFFF75CFCC0E7D9F8E5
:10D040007C000CF0A9F92127BAE73146BDF82C3055
:10D0500004F18402F9F795FCE0B10321E37A227A26
:10D060000091D4F8A4002146FAF739F93046F9F7CF
:10D070002DFC954B93F8CC20052A7FF49DADD4F878
:10D080009820013AC4F89820D3F8E420013AC3F874
:10D09000E42091E5E36D13B1216E207A98470025D5
:10D0A0004FF0FF379AE7022D32D109F03009B9F17C
:10D0B000100F94F8505024D173681B78013B042B57
:10D0C00022D8DFE803F0181E1E2303000A2530468D
:10D0D000F9F7FCFB069B43B104F1300019F090F81E
:10D0E000204684F85050FEF71FFBD7F898300133E4
:10D0F000C7F8983060E5D4F88C3013B120460CF0B6
:10D100003FFA00230693E2E70C25E0E70B25DEE774
:10D110000023CDE90B33637A980703D43046F9F73F
:10D12000D5FB15E019F037091CD15907F6D4B3899E
:10D13000A3B143463146D4F8A40004F18802F9F7BC
:10D1400020FC0028EAD1E36E13B1216F207A9847C2
:10D15000D7F894300133C7F894302DE53046F9F70D
:10D16000B5FBF0E7B9F1040F40F09A80237A002B69
:10D170007BD1B8F1030F78D9D6F80490B9F8023012
:10D180000433984571D1D4F8A4B00CA958460BF1DA
:10D19000C00AF9F787FB002867D10C9DA84648F81C
:10D1A0000CAB99F801306B7399F80030022B26D044
:10D1B000032B39D0012B53D12B730423EB8108238C
:10D1C0000B93414BD3F8C8303BB1012B13D10DA8C1
:10D1D000F9F7FFFC9DF834306BB100232B613B4B1A
:10D1E0006B600095052341462046BDF82C20F9F7D9
:10D1F0007CFF05463CE001232B610023F0E7D9F8D2
:10D200000430202B09D05A1E032A06D923F010021D
:10D21000402A02D0B3F5007F19D142464946504614
:10D220000BABF9F7C9FDDCE7D9F80430A3F2022211
:10D23000012A03D9212B01D0602B08D12B1D00938B
:10D240004246494650460BABFFF754FBC9E70D2356
:10D250000022C5E904230823EB810C230B93C0E7CC
:10D260002946DBF87C000CF097F84FF00008012508
:10D270003046F9F72BFBB8F1000F3FF469AF0B9B79
:10D28000002B3FF465AF002D3FF462AF656E002DBB
:10D290003FF45EAF332341460C9A207AA84757E704
:10D2A000B9F1310F7FF43AAF3046F9F70FFB227A2C
:10D2B000002A7FF44DAF6281092311462046009277
:10D2C000F9F713FF44E700BFC80A0020EFBEADDE48
:10D2D0002DE9F043012906460F4615469846A9B0A8
:10D2E00077D8130778D1046824F04003802B02D04C
:10D2F000B4F5807F73D12022002120A816F03AFFD8
:10D30000384A394BE408012F08BF134601271F9301
:10D3100044F00054331D1C931D971E94334C0DF1A3
:10D32000040C1CAB93E807000DF110098CE8070012
:10D3300019ABCDF864801A971B9493E8070016ABDD
:10D3400089E80700CDF858801797189493E80700EC
:10D35000309B45F0005E07AC84E8070013931497F8
:10D3600013ABCDF854E093E80700319B0DF128088A
:10D3700088E80700109310AB1197CDF848E00DAF87
:10D3800093E8070087E8070061461FA808F04FFBF5
:10D3900049461FA808F04BFB41461FA808F047FB71
:10D3A00039461FA819F0E7F821461FA819F0E3F83D
:10D3B00031681FA8C90819F086F829461FA819F076
:10D3C00082F81FA819F088F819F06AF829B0BDE8AA
:10D3D000F0836FF02000F9E76FF02100F6E76FF0BF
:10D3E0001F00F3E703020004030201041000002001
:10D3F000037E022B06D1C3695A1C03D00133C361DB
:10D40000002070476FF096007047014B1868704716
:10D41000B00D00204FF0FF30704710B5044600B942
:10D42000FEE7037F1BB1436998470023237710BDB4
:10D4300038B5044600B9FEE7038B428B9A420CD9FB
:10D440000022013302770383D0E902539847014653
:10D450002046A8470123237738BD036A01330362BE
:10D46000BDE83840D9E7014B1B691847B80D0020CB
:10D4700010B5EFF31184302282F31188094A02F1CA
:10D480004801431A1E21DB10B3FBF1F32420DBB269
:10D4900000FB0320FFF7C1FF84F31188BFF36F8FF8
:10D4A00010BD00BFB80D0020014BD3F8383218472B
:10D4B000B80D002010B5EFF31184302282F31188EB
:10D4C000094A02F50A714832831A1E22DB10B3FBA7
:10D4D000F2F32420DBB200FB0310FFF79EFF84F37E
:10D4E0001188BFF36F8F10BDB80D00202DE9F843F0
:10D4F000064614460D46FFF790FF3369984700270C
:10D500002D1947EB07032C1A63F10005012C75F167
:10D51000000306DA336A304601333362BDE8F8436C
:10D520007BE7D6E902839847A04277EB05031CD23C
:10D53000F36898473B4602462946204616F0F8FB1A
:10D54000F368914698473B4602462946204616F026
:10D55000EFFB4C4683B20022738321463046328370
:10D56000C04701233377BDE8F8833B46F3E770B546
:10D570000D4C054604F14803C31A1E20DB10B3FB13
:10D58000F0F32420DBB24343E658E01806B9E55037
:10D59000EFF31184302383F31188FFF7A7FF84F39F
:10D5A0001188BFF36F8F70BDB80D002070B50E4CA1
:10D5B0000546A4F5F073C31A1E20DB10B3FBF0F38D
:10D5C0002420DBB24343E658E01806B9E550EFF3F8
:10D5D0001184302383F31188FFF788FF84F31188C7
:10D5E000BFF36F8F70BD00BFE00F0020FEE710F0AB
:10D5F000010217D10C4B197801EA000303F00F0365
:10D6000001EA101143EA0100830709D410F0040075
:10D6100009D0012305485B4203F0F003184470472A
:10D620001346F7E70020704718410020000E002045
:10D63000114B03F14802821A1E20D210B2FBF0F205
:10D64000D2B203EB4200B0F8700203F51D7301443F
:10D65000002089B203EB82131A888A4201D19A789A
:10D660003AB90130102803F10403F5D14FF0FF302F
:10D67000704700B2704700BFB80D002038B50446AF
:10D680000D46FFF7D5FF80B20F2823D91E21124A7D
:10D69000A31ADB10B3FBF1F3DBB202EB831202F24D
:10D6A0002E21002211F8220020B10132102AF9D1D6
:10D6B000032038BD0949180100FA82F201EB820209
:10D6C00001EB4301B1F870321D440123A2F87452FA
:10D6D00082F876320020ECE7000E0020B80D002022
:10D6E000154B30B503F14802821A1E20D210B2FB4E
:10D6F000F0F24C880D88D2B225448C8803EB4200AE
:10D70000C988B0F870022C4421440144002003F57C
:10D710003D7389B203EB82131A888A4201D19A7849
:10D720003AB90130102803F10403F5D14FF0FF306E
:10D7300030BD00B2FCE700BFB80D00207047A0F17B
:10D740004103052B03D83738087000207047A0F13B
:10D750006103052B01D85738F6E73038C0B20928E5
:10D76000F2D90720704770B5436804460D4623B9C7
:10D77000BDE870404B68006818478B68984763683D
:10D7800001469A68831A002BB8BF121A2B682068CA
:10D79000A8BF0022BDE87040184738B50C461146B6
:10D7A000E2680346944206D04568AC420BD1426021
:10D7B000FFF7D9FFE46038BD94420DD01146D2681E
:10D7C000002AF9D1F6E72A460021F9E7CB68002BB9
:10D7D000F0D0DB68CB60EDE70029F7D1002DE9D070
:10D7E000EA685A60E6E770B5466804460D467EB1C1
:10D7F0008B689847B368C01A002809DB20462A4680
:10D800003146FFF7CAFF30467368BDE870401847DD
:10D8100029462046BDE87040A5E701490830E2E707
:10D820003C69020001460068014A1030B5E700BFBC
:10D830004869020001491030D5E700BF486902007D
:10D840000122024B002083F874237047B80D00209A
:10D850000020024B83F87403704700BFB80D00200E
:10D86000704700F01800102805D0A0F118035842A6
:10D870005841C00070470420704700F007030120A2
:10D88000984010F0220F09D110F0880F08D100F055
:10D890004400003818BF0120C000704704207047C2
:10D8A0001020704708B54307024608D0FFF7D9FF9C
:10D8B00012F0180F0CBF05300630C0B208BDFF20B3
:10D8C000FCE710B58379046A022B1CBF0223837125
:10D8D000A36C2BB1236D1BB1206C984700232365EB
:10D8E00010BD2DE9F3470E46044618B9072002B0D3
:10D8F000BDE8F0870378302B30D1437803F0DF03A5
:10D90000582B2BD10127023400224FF099391546AC
:10D910004FF00A08DFF868A020780FB30DF1070177
:10D92000FFF70DFF0028E1D1B5F1805FDED22B01BA
:10D9300043EA127312019DF807100020891853F171
:10D94000000328BF01200A461D460028CED114F846
:10D95000010F0028E0D1C6E90013C8E70027D3E78C
:10D960003038C0B20928C1D891457AEB05038DF84B
:10D970000700BBD3A2FB082308FB0533DBE700BF8E
:10D980009999991913B50C466946FFF7AAFF50B942
:10D990004FF0FF32009B9A42019A70EB020202D3D1
:10D9A000236002B010BD0720FBE710B5C3880289D1
:10D9B0009C1C94420BD80268D4186478D35C43EA68
:10D9C00004230B80C3880233C380002010BD0620CF
:10D9D000FCE770B5C288038902F108049C421CD898
:10D9E0000568AC18A3786678AA5C1B0443EA062392
:10D9F0001343E278657943EA0263227942EA052219
:10DA0000A579E47942EA054242EA0462C1E90032BA
:10DA1000C3880833C380002070BD0620FCE730B502
:10DA2000C4880389A5189D42D7BF036806201B1927
:10DA30000B60DFBFC388D218C280002030BD00F168
:10DA4000B4019030B1E70C20704707B590300DF16C
:10DA50000601FFF7AAFF00280CBF0C20062003B028
:10DA60005DF804FBFEE7FEE737B50023002204461D
:10DA7000CDE90023FFF7F7FC6946054604F1900065
:10DA8000FFF7A7FF70B9DDE90032AB4272F1000188
:10DA90000AD35B1B62F10002C4F89839C4F89C29D0
:10DAA00003B030BD0620FBE70720F9E7074BD3F8AA
:10DAB0007823002352F8041F884201D1D8B270475E
:10DAC0000133042BF6D10020704700BFB80D0020B1
:10DAD00037B504460DF106019030FFF766FF0546A5
:10DAE000F8B923689A6CF2B1DC69BDF806102046DB
:10DAF000FFF79EFD83B20F2B17D80D4B03F14802A1
:10DB0000A41A1E22E410B4FBF2F4E4B200EB0410F9
:10DB100003EB800383F87652A3F87452284603B0CF
:10DB200030BD0625FAE70D25F8E70A25F6E700BF20
:10DB3000B80D002013B504460DF106019030FFF733
:10DB400034FF48B923689A6C4AB1BDF80610D86909
:10DB500002B0BDE8104091E5062002B010BD0D20D6
:10DB6000FBE713B504460DF106019030FFF71DFFEA
:10DB700060B923689A6C5AB1BDF80620B3F86010FA
:10DB8000914201D0A3F8602002B010BD0620FBE74F
:10DB90000D20F9E737B5036804469A6C82B319483B
:10DBA000DB69A0F50B729B1A1E22DB10B3FBF2F3AC
:10DBB000DBB24022002100EB831016F0DBFA04F107
:10DBC0009005B4F89830B4F896209B1A9BB2012BBC
:10DBD00001D8002012E028460DF10601FFF7E5FE0E
:10DBE00058B923689A6C5AB1BDF80610D869FFF786
:10DBF00045FD0028E5D0032000E0062003B030BD3D
:10DC00000D20FBE72C100020084608B51146FCF754
:10DC100008F9002818BF6FF03B0008BD10B518F0D8
:10DC200059FA124B8342124B8B411DD3114B1A6888
:10DC3000D2B14FF47A74A0FB040304FB0131531EEC
:10DC400013420DD1B2FA82F2C2F11F04531CD24327
:10DC5000E04001FA03F3184321FA02F2104310BD29
:10DC6000002316F065F8FAE7FEE700BFEFA7C64B02
:10DC700037894100B40D002007B50A4600B9FEE718
:10DC8000037F03B1FEE7074B019000934168012336
:10DC90004FF0FF3016F0F7FC00B1FEE703B05DF87F
:10DCA00004FB00BF0F6402004FF0FF3016F0D7BE38
:10DCB00000B9FEE741684FF0FF3016F0F4BC38B50C
:10DCC000124C94F87433E3B1E9B115681049284651
:10DCD00016F04CFC014668B9D4F87C0316F05FFFDF
:10DCE00010B90024204638BD0124214609480AF015
:10DCF00057FAF7E72846084916F038FC18B9012109
:10DD0000EAE70D24F1E70724EFE700BFB80D002094
:10DD10001E8B02002D8B0200258B020010B50F4BCD
:10DD200093F8743393B1B9B114680D49204616F0D5
:10DD30001DFC20B90BF096F90024204610BD2046AA
:10DD4000084916F013FC38B90120F3E70D242146E9
:10DD500005480AF025FAF0E70724F8E7B80D002097
:10DD60001E8B0200258B02002D8B020037B5094D5A
:10DD700004460DF10601D5F87C0316F048FD38B9CC
:10DD8000034622469DF80610D5F87C0316F099FC50
:10DD900003B030BDB80D0020002330B585B0CDE90B
:10DDA00001330393FF230D4D8DF80430D5F87C0328
:10DDB00016F089FC044670B90DF10201D5F87C0318
:10DDC00016F025FD9DF80210D5F87C0301AA16F087
:10DDD0007FFC00B1FEE7204605B030BDB80D002045
:10DDE00008B5054BD3F87C0316F046FC00F00300A1
:10DDF000C31E5842584108BDB80D002001390138F2
:10DE000011F8012F10F8013F3AB9002B14BF01207F
:10DE10000220831E5842584170479A42F0D0002099
:10DE2000F7E710B5A1B114680A492046FFF7E6FFED
:10DE300030B10020FFF79AFF003818BF012010BD55
:10DE400020460549FFF7DAFF10B1FFF7A5FFF3E71A
:10DE50000720F4E7428B0200488B020010B5A1B105
:10DE600014680B492046FFF7C9FF30B10120FFF7C6
:10DE70007DFF003818BF012010BD20460549FFF77F
:10DE8000BDFF10B1FFF788FFF3E70720F4E700BFFD
:10DE9000428B0200488B020038B5056804463DB14C
:10DEA00028460BF0F5F8284617F0C0FF0023236042
:10DEB00038BD012973B50D4603D00726304602B0A0
:10DEC00070BD10680028F8D003782D2B21D10130C7
:10DED0006946FFF706FD06460028EED1009C05F1D5
:10DEE0000042013AA242019A4FEA40039341E4D32F
:10DEF00005B1644204F18003FF2BDED8094D04EB29
:10DF000084014900D5F87C0309B20EF05FFF30B1FF
:10DF1000FEE72B2B4FF0000508BF0130D8E785F84E
:10DF20008043CBE7B80D002008B5054B00EB80001F
:10DF30004100D3F87C030EF049FF00B1FEE708BDB5
:10DF4000B80D0020012B08B50DD0022B15D0D3B988
:10DF50008A4237BF4368511A5B1A01683CBF521AA4
:10DF6000D11888B208BD8A4289BF4368891A9B1AB2
:10DF7000026884BF891AC918F3E7C721034B044A12
:10DF800004480DF001FE0021EBE700BF4D8B0200BD
:10DF9000538B0200AD8B020010B5074BD3F87843CA
:10DFA00004F58D500830FDF7A7FA00B1FEE704F53F
:10DFB000805484F8A60110BDB80D0020084B03F56D
:10DFC0006172D2E8AF2FD20707D493F8842322B925
:10DFD000C3F88823012283F884230248704700BFD6
:10DFE000B80D00204011002008B513468288232A6E
:10DFF00005D90A460068012107F095FE00B1FEE749
:10E0000008BD0EB4034617B505A951F8040B5C69A9
:10E0100001910CB19A69A04703B0BDE8104003B06C
:10E02000704770B5012905461446C2B005D1126883
:10E030001649FFF7E6FF00200EE002290BD1144934
:10E040001068FFF7DBFE30B101AE31466068FFF7C4
:10E0500099FC034610B1072042B070BD31680A2414
:10E06000FF2928BFFF2102A88B4206D1002202A966
:10E07000CA5428460A460549DBE7B3FBF4F204FB21
:10E080001232303200F8012B0133EDE7168E020018
:10E09000248C020013B50C4629B90E49FFF7B1FFD5
:10E0A000204602B010BD012904D169461068FFF76F
:10E0B00018FC08B10724F3E7009B019AB3F5807FB1
:10E0C00072F10002F6D20B3BDBB20F2BF2D80C241C
:10E0D000E6E700BF278C020070B586B011B90C20AE
:10E0E00006B070BD14681D492046FFF787FE002862
:10E0F000F5D120461A49FFF781FE0028EFD1102301
:10E10000ADF8143044B3204616F042FA431C212BDC
:10E110004FEA530520D801AE00F001003544AE426D
:10E12000DDD0B8B920780DF10301FFF708FB98B9ED
:10E130009DF8032001341201D2B220780DF10301C1
:10E14000FFF7FDFA40B99DF8033001341A4306F891
:10E15000012BE4E70022F0E70720C1E71E8B020055
:10E16000258B02000368006E93F844100AF0FCBE91
:10E17000044B006E93F88C13490001F0FE010AF085
:10E18000F3BE00BFB80D00203221006E0AF0ECBED5
:10E19000AF21006E0AF0E8BEF8B505460E46002431
:10E1A000012707FA04F3334204D10134202CF8D1BB
:10E1B0000020F8BD286EE1B20AF0D6FE0028F4D0A7
:10E1C000F7E7D0F8B010E7E70049E5E700F8FF0708
:10E1D0000049E1E700F8FF070368996C41B190F846
:10E1E0007139034493F97619013118BF01214900AF
:10E1F000006E0AF0B9BE0346002110B400F110020F
:10E2000053F8044F0CB10131C9B29342F8D1006EFA
:10E210005DF8044B0AF0A8BE0021006E0AF0A4BE0F
:10E220000421006E0AF0A0BE90F8E010006E0AF023
:10E230009BBE9C21006E0AF097BE0221006E0AF080
:10E2400093BE232070477F2973B51DD9B1F5804F48
:10E250001CD3B1F5001F1BD3B1F1805F34BF042282
:10E26000052200246D46561EB442CBB212D102F1F3
:10E270000801694403F07F0301F8093C006869461E
:10E280000AF0A0FD02B070BD0122EAE70222E8E731
:10E290000322E6E763F07F0305F8013BC909013477
:10E2A000E2E72DE9F0470568044695F81C900E4614
:10E2B000B9F1020F25D0AB6AD0F82C80984523D154
:10E2C0004B464146EA6A2846FFF73CFED4F828A0B0
:10E2D00007464B46524641462846FFF733FE8742E3
:10E2E00012D9C5F82CA094F825300021204684F8D6
:10E2F0002430FFF7A8FF28B931462046BDE8F04793
:10E30000A1E70D20BDE8F0870720FBE70221603080
:10E31000C7E7D0F8AC10603095E710B500F16004A5
:10E3200004212046FFF78FFF20B92046BDE81040AA
:10E33000032188E710BD0321603084E700216030AD
:10E3400081E710B500F1600405212046FFF77BFF4F
:10E3500040BB0C212046FFF776FF18BB1821204652
:10E36000FFF771FFF0B922212046FFF76CFFC8B913
:10E3700040F201212046FFF766FF98B94021204670
:10E38000FFF761FF70B941212046FFF75CFF48B9F4
:10E3900042212046FFF757FF20B92046BDE8104034
:10E3A000432150E710BD0B2160304CE70421603061
:10E3B00049E750F8603BB3F8581041F0340142E7A8
:10E3C00030B5164A87B002AC51680546106822463F
:10E3D00004AB03C3124B134913F801098B4202F833
:10E3E000010BF9D10822204604A917F06CF860B996
:10E3F0000D4B9A6CDB6CCDE900236A46234613F87B
:10E40000011D9A4204F8011BF9D10822286E0DEB78
:10E4100002010AF0D7FC07B030BD00BFAE8C02008D
:10E420000900E00F0100E00F0080E00F0168082202
:10E43000006E62310AF0C6BC0368006E996C003948
:10E4400018BF01210AF092BD90F87139034493F886
:10E450006A19006E0AF08ABD0021006E0AF086BDBE
:10E4600090F87139034493F87A19006E0AF07EBD72
:10E470002DE9F0431E4BC3B0B3F88E230123120ADB
:10E48000934040F2A17213420FD04FF0000902AF47
:10E490004FF480720021384615F06CFE4D46154C45
:10E4A000154EDFF8608023781BB9002043B0BDE82B
:10E4B000F083124B05F00302032A18BF4346019371
:10E4C00056F8043B4FF4807100930D4A234607EB46
:10E4D00009000EF00BF814F8013B002BFBD16A1C6D
:10E4E000D5B212F003021CBF4844C2B29146DAE72B
:10E4F000B80D002054690200E03E0020AD8C0200FF
:10E50000BA8C0200B78C020010B5036804463BB118
:10E51000064A934207D170220021043015F02AFEEA
:10E520000020206010BD6FF08800FBE709000002AA
:10E53000F8B51E4D064695F8F0300F4683B300241B
:10E540002B462246197ED1B13CB9022905D1D969A1
:10E5500019B91979002918BF1C460132062A03F19E
:10E560002803EFD114B96FF08C0006E02046FEF7C7
:10E570003FFF2046FBF7A8FB10B100240EE01C462D
:10E58000237E83B9012323763EB1651BED1003F191
:10E59000CC335D4305F18045356000203C60F8BD1B
:10E5A0006FF08800E9E76FF09600E6E7C00B002007
:10E5B00000232DE9F04788468EB00B609749054649
:10E5C00091F8F020002A00F0D28000F14042052AA4
:10E5D00031D8282303FB02110B7E022B03D14B6998
:10E5E000984200F00F8141460020FFF7A1FF04464A
:10E5F000002840F00F810127D8F8003000215D612C
:10E60000D8F8003005465F60D8F800900AAAD9F81B
:10E610001460304608F022FB0446E8B9DDF828A073
:10E620003846514608F00CF8074648BB26462546B2
:10E630006FF08C0411E0002840F39C800A46107EA5
:10E64000022803D15069854200F0D9800133062B9E
:10E6500002F12802F3D1C6E72E4630462946F9F7E3
:10E66000D1FAD8F80000002C6ED0FBF72DFB14F186
:10E670008C0F08BF6FF087040023C8F80030C9E092
:10E680003046002108AA08F0E9FA0446002839D1EA
:10E69000BAF1000F08D0B7F1005F2ED3CAF10053D2
:10E6A00003F580339F4228D80025102200210AA8B4
:10E6B00015F060FD07AB029305AB019306AB009329
:10E6C0002A46304629460AABCDE9055508F084F9BB
:10E6D0000446A8B9059C5646A24528BF26463A4698
:10E6E000069B07994E48009605F080FE05460028D7
:10E6F00046D06FF09104B24504D000252E461AE0B2
:10E700002E46F8E700252E4651463846F9F77AFAA4
:10E71000002CA2D129464846FBF790FA044600286F
:10E720009BD12A463146D9F8200015F087FE94E7A0
:10E730002E464BE026466FF09804E5E76FF08C0418
:10E74000E2E76FF09104DFE70830F8F708FED8F849
:10E7500000301A7E012A04BF02221A76D8F800007F
:10E76000FEF746FE002854D06FF0960484E76FF061
:10E7700088044FE06FF087044CE06FF0960449E0A6
:10E78000A245BAD8BAF1230FB8D90822384625498C
:10E7900016F099FE04460028B0D1BB68002BC9D101
:10E7A0003D6AAAF124039D42C4D8B5F5005FC1D2E9
:10E7B000002DBDD02946012007F042FF0646002863
:10E7C000BCD02A4607F1240115F038FEFB68C9F8D1
:10E7D00004303B8AA9F800307B8AA9F802307B69B3
:10E7E000C9F80830BB69C9F80C30FB69C9F81030AA
:10E7F000002EA6D0002D08BF6FF0910484E72822D8
:10E8000002FB03110846FEF7F3FD0028B5D1C8F856
:10E810000010002420460EB0BDE8F087C00B002099
:10E82000D80A0020206A0200034668B1017E8A1ED1
:10E83000012A0BD80329C26903D1012A01D1FBF7B0
:10E8400043BA1AB1013ADA61002070476FF09600BE
:10E85000704707B500216A4608F000FA8C3018BFEF
:10E86000012003B05DF804FB13B500216A4604469D
:10E8700008F0F4F98C3002D1002002B010BD002164
:10E88000204608F00EFA014610B16FF09800F4E748
:10E890006A46204608F0E2F98C30EDD0F5E72DE924
:10E8A000F04F05461646884687B0002900F0A08044
:10E8B000002A00F09D80B2F5005F80F09C8002F19C
:10E8C00024073946012007F0BBFE0446002800F06B
:10E8D00095804FF0000A4B4AC0F808A0D2F8E43007
:10E8E00041460360D2F8E830243040F8203C6B68A1
:10E8F000324640F8183C2B8820F8143C6B8820F8EE
:10E90000123CAB6840F8103CEB6840F80C3C2B69BB
:10E9100040F8046C40F8083C15F090FDD5F81480E0
:10E920004046FFF796FF01285FD040F26C739F428C
:10E930003DD806F1340949460120CDF810A007F072
:10E940007FFE054698B349460DF1100B06F000FF17
:10E950002B46012240465146CDE901ABCDF800A03F
:10E9600008F03AF80646D0B9274B3A462146C5E9A1
:10E9700002802B60686005F1100015F05FFDDDF886
:10E9800010A04B462A465146204806F099FAC0B9D5
:10E99000504607F029FA013008BF6FF08606284676
:10E9A000494606F0D5FE284617F040FA66B16FF0EA
:10E9B000980539462046F9F725F9284607B0BDE8FD
:10E9C000F08F6FF09106EAE75A464046314608F06C
:10E9D00045F9054620B9049B9F42EAD06FF098059F
:10E9E0004046002108F05DF9E3E76FF08A05E0E7B3
:10E9F0006FF08605E1E76FF08D05DEE76FF08C05BF
:10EA0000DBE700BF3C690200105D175ED80A0020FA
:10EA1000094B091A891030B55943024600232425B1
:10EA20008B4205FB032004D0046A04B130BD0133DE
:10EA3000F6E70020FAE700BF398EE33800F148011D
:10EA4000E6E770B50D460668EFF31182302181F3D9
:10EA500011880021046A016282F31188BFF36F8F6D
:10EA6000002C00DC70BD3046013CA847F8E70220CE
:10EA700016F060BD08B50C4AD2F898335BB9D2F8ED
:10EA80009C336BB9FFF7F3FF40B9BDE808404FF482
:10EA9000F85016F04FBD1B68012BF0D1012008BDC6
:10EAA0001B68012BEED1F9E7B80D0020012016F00C
:10EAB00041BD2DE9F3410F4C8446D4E9E86586EA6F
:10EAC000020885EA030708EA00080F4058EA070031
:10EAD0000DD0D4F87C0350B1CDE9002386EA0806B6
:10EAE00062460B467D4015F073FEC4E9E86502B04E
:10EAF000BDE8F081B80D002038B5104B0D4603F18C
:10EB00004802841A1E22E410B4FBF2F4E4B203EBD0
:10EB10004402A2F87012D3F87C03224616F02DF8B6
:10EB200000B1FEE74FF6FF739D4206D00123044A71
:10EB300001341178A3400B43137038BDB80D002089
:10EB40001841002073B505460DF106019030FEF71F
:10EB50002CFF044670B92D68AB6C6BB1BDF8066034
:10EB60006B6D3146D869FFF7C7FFA5F846602046B0
:10EB700002B070BD0624FAE70D24F8E708B5084B8B
:10EB800003F14802821A1E20D210B2FBF0F2D3F831
:10EB90007C03D2B215F0F7FF00B1FEE708BD00BF5D
:10EBA000B80D002037B505460DF106019030FEF78F
:10EBB000FCFE044668B92B689A6C62B1BDF8061079
:10EBC000A3F85E105B6DD869FFF7D8FF204603B04D
:10EBD00030BD0624FAE70D24F8E7074AB2F8B0334F
:10EBE000FF2B07D092F8AE03FF2803D0C01A18BF3E
:10EBF0000120704700207047B80D0020FF2330B57A
:10EC000085B08DF8043000230546CDE90233FFF7C7
:10EC1000E4FF1B4C0246D0B1B4F8AE33AB4204D093
:10EC2000B4F8B033AB4200D0FEE716F0B9FC15499A
:10EC3000D4F87C0316F000F800B1FEE74FF48062D0
:10EC4000D4F87C03114615F016FE40B1FEE74FF4F0
:10EC50008061D4F87C0315F00EFE00B1FEE7D4F815
:10EC60007C03294601AA15F033FD044630B901465C
:10EC70000B2017F0DBFB204605B030BD0120FBE781
:10EC8000B80D002060110020F0B589B0FFF7EFFE4D
:10EC900000B9FEE73D4CD4F8941301B9FEE710200B
:10ECA00016F048FC8B8800268DF80B3001230DF1FF
:10ECB0000B011A46D4F87C0315F097FE9DF80B2043
:10ECC000D4F89413023A002392B20968D4F87C0372
:10ECD00015F08BFE2E4B05960693D4F894330796C9
:10ECE00093F82C2020208DF814201B6805AF1D7888
:10ECF000C5F3401516F01EFC50B10AF0C1F93146BB
:10ED0000202016F0FFFB31464FF4004016F0FAFBCE
:10ED1000D4F89463D4F87C437369C3B9102016F017
:10ED200009FCB17968B11B4B327E20469A711A7C7E
:10ED30000433DA702A46009715F0BFFC00BB09B017
:10ED4000F0BD3B462A46204615F0B5FCF6E700220A
:10ED5000962104923269204613440E4AA3F59B7310
:10ED600011831432B1790393009201972A4603ABC1
:10ED700015F0A5FC20B90121402016F0C3FBDEE709
:10ED80004FF4805017F092FAD9E700BFB80D002079
:10ED900020A107001841002010B5084A92F8B413CA
:10EDA00051B90124102882F8B44300D0FEE716F0D0
:10EDB000A9FBBDE8104067E710BD00BFB80D0020FB
:10EDC000034670B558B30268022A28D14279817986
:10EDD00095001348B1B1012A19D85242A0F55474D4
:10EDE00002F0F002144428441E79FFF755F894F815
:10EDF000E43076B29BB1206A3146BDE870405430B1
:10EE0000FEF75FBD2844BDE87040FFF745B82844D1
:10EE10001B79FFF741F8002393F8E430FFDE70BD63
:10EE20005011002038B51446002A39D0D1689368B3
:10EE300001391C4D9942D5F87C034FF0FF3118BFC2
:10EE4000002115F047FC10F5007F0CD180232374BE
:10EE5000A368E26801339A42A3600FD92046BDE857
:10EE6000384009F05BB9002894F91030B8BF03307E
:10EE700040F387008342B8BF2074E9E794F910306B
:10EE8000237102232360A37913B12046FFF798FF73
:10EE9000D5F87C030022BDE83840802115F0EBBC9A
:10EEA00038BD00BFB80D002008B5074BD3F87C0370
:10EEB00015F0ABFC30B1054BB3FBF0F083B20BB1F6
:10EEC000184608BD0120FCE7B80D002040420F00A5
:10EED000F8B506462C4D33680C46D5F87C031BB3B9
:10EEE000972115F046FE024600B1FEE73168D5F8DD
:10EEF0007C030DF0A3FD00B1FEE73168D5F87C037B
:10EF000015F06CFC3179814200D0FEE7D5F87C0326
:10EF10000DF044FF00B1FEE70122D5F87C03114655
:10EF200015F05BFE20B1FEE708F070F800B1FEE7D7
:10EF30000322D5F87C03114615F03FFE7F2C20D02C
:10EF4000D5F87C0315F0DDFC042814D104EB84040F
:10EF50006400D5F87C730A21384615F0D4FC40F6DD
:10EF6000E441384615F0D1FC2146D5F87C030DF07C
:10EF70002DFF30B1FEE7D5F87C030DF043FF0446CA
:10EF8000E7E7C5F8B863F8BDB80D002038B504460A
:10EF9000164D16F005FB237D95F8C0239A4223D821
:10EFA00095F8C1239A421FD3D5F8B83305F56F7091
:10EFB000834202D07F21FFF78BFF8022D5F87C03AC
:10EFC000114615F058FC10B1012000230AE0207D05
:10EFD000FFF714FE0028F7D1204609F09FF800281B
:10EFE000F2D10123236038BD2120EEE7B80D0020C7
:10EFF0002DE9F8430546FFF73AFD18B17F2528466D
:10F00000BDE8F8832B4E06F14803ED1A1E23ED10E0
:10F01000B5FBF3F5EDB2012D00D9FEE706EB850354
:10F02000D3F89883AF00B8F1000F3DD106EB45034C
:10F030001820B3F8AE9307F00DFB5FFA89F9A0F83A
:10F0400014904FF08009C0F80080457180F804905A
:10F0500080F80680C0F808800446FFF725FFC0004E
:10F060001028D6BF10230123B3FBF0F384F81090CF
:10F070002046E360FFF78AFF58B93744C7F8984342
:10F080002368012BFCD0257920466DB2FFF798FE4E
:10F09000B5E73E44D6F89833A34205D0204609F0A0
:10F0A000F7FF204616F0C2FE03483844FEF7F4FE90
:10F0B000A4E700BFB80D00205011002010B5044691
:10F0C0000068FFF795FFC1B2206EBDE8104009F05F
:10F0D0004BBF2DE9F047274E894606F14803C51A74
:10F0E0001E23ED10B5FBF3F5EDB2012D904600D9CE
:10F0F000FEE706EB8503D3F898A3AF00BAF1000F43
:10F1000036D1182007F0A6FAA0F8149045714FF0F8
:10F1100080090125C0F800A0857180F80490C0F82E
:10F1200008A00446FFF7C0FEC300B8EBC00F28BF1D
:10F13000B8FBF3F52046E56084F81090FFF726FF52
:10F14000054628B93744C7F898432846BDE8F087F4
:10F150003E44D6F89833A34205D0204609F098FFE4
:10F16000204616F063FE04483844FEF795FEECE7AF
:10F170000425F8E7B80D00205011002038B50F4BDA
:10F180000C4693F8C023824215D893F8C1238242DB
:10F1900011D303F56F75D3F8B833AB4204D10846E9
:10F1A000FEF7C2FE002038BD09F06AFF214628465E
:10F1B000FFF78EFEF6E70720F5E700BFB80D002049
:10F1C00070B504460D46FFF752FC68BB1E22184E70
:10F1D00006F14803E31ADB10B3FBF2F3DBB2012BB9
:10F1E00000D9FEE706EB8302D2F8982312B1126829
:10F1F000012A19D006EB4303A3F8AE5309F0B8FE79
:10F2000001462846FFF7BAFF80B92846FFF7F6FC0B
:10F21000044638B90146202016F074F986F8CE531A
:10F2200086F8FE53204670BD0D24FBE70724F9E75E
:10F23000B80D00200068C3E710B5836804465BB1D1
:10F24000406921791C30FFF7F5FF20B9A37E022B1E
:10F2500001D00223A37610BD0D20FCE7F0B50129F3
:10F2600085B003D00724204605B0F0BD694610687C
:10F27000FEF737FB03460028F4D1009E019AB6F54D
:10F28000807F72F10002EDD2F0B2A0F10B020F2AE2
:10F29000E8D80093CDE90133FF23094F8DF8003002
:10F2A00097F98013FFF76AFF044600B1FEE76A464C
:10F2B000D7F87C03B1B215F00BFA0028D3D0FEE7E3
:10F2C000B80D002010B5EFF31182302383F31188BD
:10F2D000084B03F14804001B1E24C010B0FBF4F0DF
:10F2E000C0B203EB8013C3F82C1482F31188BFF370
:10F2F0006F8F10BDB80D002008B5302383F311883F
:10F300004FF000534FF20F0218805A80BFF35F8F07
:10F3100004F010FC2DE9F0416C4A6D4B55686D4CC2
:10F320005D65516A99656C49D1F80002D865D1F8DC
:10F330000412586B1966916A10F0040F5966D16A6D
:10F340004FF000009966116BD966516B1967D26B4B
:10F35000D8645A67D3E90E1218BF11465F4A91422A
:10F360001A655DD301F12000A04259D88869C5F320
:10F3700008051864CE69062D5E6455D1584DA84223
:10F3800052D3584DA8424FD205884DF6426085426F
:10F390004AD11868C3F890005868C3F8940040F246
:10F3A0000170A242154604D22E680432B6F1CD3F58
:10F3B000F7D00022C3E91E22C3E92022C3E922229A
:10F3C000641BDFF81CC1434DDFF818E19C648D42DB
:10F3D0002DD8D3E91EC7D3E92065D3E922414FF0E8
:10F3E000000E013AD2B2FF2A3CD1BEF1000F05D087
:10F3F000C3E91EC7C3E92065C3E92241B3F854300D
:10F40000C3F308030C2B3BD8022B54D9DA1E092A6C
:10F4100051D8DFE802F03157404350505050504D22
:10F420000021C3E910112D494FF42060B9E755F8C8
:10F43000044D6445CBD37445C9D2E607C7D5002631
:10F44000294F57F8048FA045C1D00136062EF8D1B8
:10F4500032B1013AD2B202F11E0643F82640B6E7B5
:10F460000522F8E7E0464FF0010EBC4637462E462F
:10F4700025460C464146B4E740F60120BDE8F08140
:10F480003B2B18D1194B9B6913F0020F40F202532A
:10F4900018BF1846F2E740F60320EFE740F60422D3
:10F4A00040F20173B0F5206F0CBF10461846E5E737
:10F4B00040F60520E2E740F60722013B4B2B98BFC0
:10F4C0001046DBE740F60220D8E700BF00ED00E081
:10F4D000E03E0020C80A002000E100E00800002013
:10F4E000A041000040660200543F00200080015A05
:10F4F0001022002114F03EBE70B5144D05F5956341
:10F50000D3E8AF4F14F0010416D195F8A8349BB995
:10F51000C5F8AC4405F5966630191034FFF7E8FFDE
:10F52000A02CF9D10B220A4B013A194603F1100322
:10F5300004D1012385F8A834064870BDD5F8AC0481
:10F5400043F8100CC5F8AC14EEE700BFB80D00206E
:10F55000681200206412002008B5FFF788FA0146FF
:10F5600020B9202015F0CEFF16F01AF8002008BDB3
:10F57000094AB2F8503503B9FEE748F24E30D2F8E6
:10F580005435A3FB003010EB530044BF20F0004083
:10F590000130C2F854057047B80D0020836853B994
:10F5A00003685A6812B95860806070479268826038
:10F5B0005A68906058607047002337B500F58D5445
:10F5C000083405460C221946204609F0E3F92E2896
:10F5D00034D0042809D11A4BD3F8780300F58E50A3
:10F5E0000C3003B0BDE83040D8E700B1FEE720465C
:10F5F00001A9F7F7F7FC58B9019B124A20469A6512
:10F60000F7F7E3FC204601A9F7F7ECFC08B1FEE7A9
:10F61000FEE7019B0C4A2046DA65F7F7D6FC204648
:10F6200001A9F7F7DFFC00B1FEE7019B074A20467E
:10F630005A67F7F7CAFC064BC5E9083503B030BD79
:10F64000B80D0020950701003DD7000061F60000CD
:10F6500071F60000014BD3F87803ADE7B80D002038
:10F66000024BD3F8780300F58E5097E7B80D0020D1
:10F6700000F5805393F8A62132B193F8A7311BB956
:10F6800000F58D50143089E770472DE9F0419368FB
:10F6900005460C46164698473246074621462846F8
:10F6A000FEF77BF86868002203466BB1A168D3F8C7
:10F6B00008E0A1EB070CAEEB070898EA0C0F14D496
:10F6C000A1EB0E01002908DA52B9E0606C60314606
:10F6D0002846BDE8F041FEF746B81A46DB68E4E785
:10F6E000D368E360D460BDE8F081BCF1000FEAE7C5
:10F6F00001688A6A8B6B086B934208BFCA6A03F180
:10F70000804304BF0132CA628B63024A3031083041
:10F71000BBE700BF3C69020000F44052B2F5005F55
:10F72000034622D148F2400220F44E5020F03F0020
:10F7300090421ED010D8B0F5446F1AD007D8B0F55B
:10F74000046F18BF002814BF012000207047B0F5D7
:10F75000004018BF012070474CF6404203F44C4370
:10F76000B3F5404F18BF9042EDE700F44063181E18
:10F77000EFE70020704700F44053B3F5005F04D179
:10F7800000F44C43B3F54C4F08D0B0F5804F05D38F
:10F79000C0F3801080F00100C0B2704700207047B5
:10F7A00010B58388032B12D9006809F07FFC80F420
:10F7B00080720446C2F30021FFF7AEFF48B98A1CED
:10F7C000C4F38123022B06D0032B16D02BB1FF20CC
:10F7D00012E00A1DF4E70232D2B22046FFF7CBFF57
:10F7E000C4F3813402EB4002022CD0B207D0032CC8
:10F7F00008D0002C18BFFF2010BD0832ECE7023003
:10F80000C0B2F9E70830FBE710B583880446022B45
:10F8100007D9006809F0CEFC18B12046BDE81040B9
:10F82000BEE7FF2010BD38B505460C46FFF7ECFFDC
:10F83000FF2817BF2B6806201B5C00201CBF03F0AD
:10F840000703237038BD38B505460C46FFF7DCFFCB
:10F85000FF281FBF431C2A68DBB2D3581ABF002001
:10F860002360062038BD70B506460D46FFF7CCFF75
:10F87000FF28044609D03268105CFDF7F2FF2244ED
:10F880000244002053792B7070BD0620FCE710B5B0
:10F890000446FFF7B9FFFF2806D02368185CFDF780
:10F8A000ECFF0230C0B210BD0220FCE770B5054687
:10F8B000FFF776FFFF28044611D02E68304609F086
:10F8C00079FC60B1A9888C420BDA305DFDF7EAFF64
:10F8D000FF2808D00444E4B2A142B8BFFF24204668
:10F8E00070BDFF24FBE70446F9E7F8B50746FFF7CC
:10F8F000DDFFFF28044633D03D68284609F0D6FBDB
:10F90000830506461CD53846FFF7C1FFB988A21CFF
:10F9100093B210FA82F28A4205EB040720DC2A5DDA
:10F9200002F07F0213449CB210FA83F3994217DB72
:10F930003A8802F4FF42B2F57E5F01D09942E6DCDC
:10F940002B7803F00703032B06D106F44056B6F5D7
:10F95000005F1CBF0134A4B2FE2C01D82819F8BDE9
:10F960000020FCE72DE9F047794F054697F874939E
:10F970000E46144686B0B9F1000F36D10846FFF79F
:10F98000B4FF804688B390F800A00AF03C030C2B2B
:10F990000ABFCAF340094B4689F00103B6F8049048
:10F9A000B9F1090F21D903B3306809F07FFB10F4D6
:10F9B000405F1AD10AF0C30ABAF1010F21D198F8B9
:10F9C0000130E32B15D184B197F85835022B0CD1B7
:10F9D000D6E9020445F2082103230A185D4987F895
:10F9E000583544F10003C1E90023002006B0BDE80A
:10F9F000F08784F00104F32B14BF002004F0010011
:10FA0000F4E7BAF1800FF0D1B9F10D0FEDD998F804
:10FA1000013003F0F8025CB9802AE6D113F0070345
:10FA20003CD198F80630F02B04D184F00100DDE7DA
:10FA3000402AF2E7E02B08D003F11C02D2B20B2AD5
:10FA400003D95033DBB20F2BCFD8002CCDD097F891
:10FA50005835022BC9D11E223F4C08F102002B1B46
:10FA6000DB10B3FBF2F33022DBB202FB0373D3F8FB
:10FA700068150422093115F026FD0028B5D1D6E914
:10FA8000020545F2082103230A1887F8583504F5C2
:10FA9000A36445F10003C4E90023A6E7022BA4D127
:10FAA00098F80330F02BC0D0E02B08D003F11C02F3
:10FAB000D2B20B2A03D95033DBB20F2B95D8002CCE
:10FAC00093D097F85835022B8FD11E23224CE9464C
:10FAD0002C1BE410B4FBF3F400238DF81430302316
:10FAE000E4B203FB047303AD2946D3F8680509F0BB
:10FAF000E8FA40B99DF81430012B1AD0022B1FD020
:10FB00000BB98DF808302946304609F034FB08223D
:10FB10002946484615F0D7FC00287FF466AF30230D
:10FB200003FB0474D4F8683598F80220DB7B9A4212
:10FB30004DE78DF80830BDF80C30ADF80030E2E745
:10FB400095E803008DF80830CDE90001DBE700BF40
:10FB5000B80D002018130020000E00201E2238B51A
:10FB6000114C054604F14803C31ADB10B3FBF2F352
:10FB7000DBB204EB831393F82824D3F8303484F8F1
:10FB8000DC2304F572710122C4F8D833FFF7EAFED2
:10FB900095F8E4303BB1286A94F8C8155430BDE8B4
:10FBA000384008F0D5BA38BDB80D002010B504466D
:10FBB000FFF79BFE2368C01AC0B210BD70B50546A2
:10FBC0008688FFF7F3FF04462846FFF760FE0444EB
:10FBD000301B80B270BD38B505460C46FFF714FEE9
:10FBE000FF2817BF2B6806201B5C00201CBF03F0FA
:10FBF0001803237038BD38B505460C46FFF704FEE0
:10FC0000FF2800D1FEE72A68431CD9B2545452FAA7
:10FC100083F3220A5A70220C240E9A70DC702B7F18
:10FC200043F001032B7738BD70B506460D46FFF74C
:10FC3000EBFDFF28044600D1FEE73268105CFDF7BB
:10FC400010FE22440244557170BD2DE9F04FD0F8EA
:10FC5000009004469BB048460E4609F0ABFA0028D7
:10FC600000F0CB8107AD29462046FFF7B4FF0746D9
:10FC7000002840F0C2819DF81CA0BAF1080F40F0A6
:10FC8000BC81237FDA0600F1B881DFF87C8399F824
:10FC9000009008F14803F61A1E2309F00709F61030
:10FCA000B9F1020FB6FBF3F61CD129468DF81C0002
:10FCB0002046FFF7D8FD9DF81C10002900F0AE810A
:10FCC000F6B208EB861393F829345A1E91420FD0EE
:10FCD0008B420CD00133994200F0188150461BB082
:10FCE000BDE8F08FF6B208EB861393F829140127CC
:10FCF000C34B07EB860003EB00130C33A360237F99
:10FD0000DB0720D4EFF31180302383F3118808EB55
:10FD10008613D3F82C747A1CC3F82C24226812782A
:10FD200002F00702022A04BF83F82814C3F83074D3
:10FD300080F31188BFF36F8F2046FFF775FF3946B8
:10FD40002046FFF758FF00232068029309F032FA9B
:10FD5000002800F0528120460DF10701FFF763FDF6
:10FD6000002840F04A81204602A9FFF76CFD814639
:10FD7000002840F04281A349029B01EBC60C51F8D8
:10FD80003600DCF804101ABA9DF8077003AB03C301
:10FD9000204605928DF81870FFF779FDA0F1020852
:10FDA000A3685FFA88F8B8F1030F139340F2B080AC
:10FDB0002046FFF703FF4E4682460346721C002B87
:10FDC00040F0A780F6B2022E38BF02262046022E4F
:10FDD000C6F10F0718BFFFB2FFF7E8FE021E18BFFB
:10FDE0000122013E4FEA6803F6B2013B46EAC30333
:10FDF00043EA821303A93A4683460DF11D008DF8AC
:10FE00001C3014F01BFB52460F230BA99F42C0F07D
:10FE100083802A462946139816F09EFABBF1000FFC
:10FE200007D04FF002099DF81D308BEA03038DF8CF
:10FE30001D303A4603A90DF12D008DF82C6014F009
:10FE4000FDFA07F111000021C7F10F02284414F058
:10FE500091F90023CDE9153A1793102320468DF828
:10FE60006470CDF850B0ADF86090ADF862308DF8A8
:10FE70006580FFF79BFE8345064653D3276800EB5A
:10FE80000708B8454FD1159B1E44149B15969E42FA
:10FE90000AD1BDF8603023B12A462946139816F0DE
:10FEA0005BFA0023ADF860302046FFF787FE179B12
:10FEB000169A0344934206464CD82046FFF715FD98
:10FEC0004FF00009074606EB0008B84543D1179BE1
:10FED0001E44169B17969E4213D3BDF8603023B183
:10FEE0002A462946139816F037FA9DF864200E2A00
:10FEF00007D802F111000021C2F10F02284414F0CA
:10FF000039F9DDE916329A4262D0FEE74F46EFE654
:10FF1000FEE716461B0A51E7013B01F8012DDBB253
:10FF2000120A73E7FEE7BDF86030102B05D12A46B0
:10FF30002946139816F010FA00235A1C6833ADF8BE
:10FF400060206B4417F8012B13F84C1C4A4003F84F
:10FF50004C2C96E7FEE7BDF86230102B13D10F2131
:10FF60009DF864000FAA814205DD12F8013D0133BE
:10FF7000DBB2137053B313980FAA0BA916F0ECF968
:10FF80000023ADF862905A1C683397F800A06B44C8
:10FF9000ADF8622013F82C3C8AEA030307F8013B12
:10FFA000BDF86030102B05D12A462946139816F06B
:10FFB000D3F900235A1C6833ADF860206B4413F862
:10FFC0004C2C8AEA020A03F84CAC7EE70139CAE7F6
:10FFD0002046FFF75CFCA7880FAA3F1A0BA91398CD
:10FFE000266816F0B9F90023F0199DF865209342B0
:10FFF0000CDB237F43F0100323774FF0000A6DE6FC
:020000021000EC
:10000000E011002081130020B80D002015F8012B0D
:100010000133E97F4A4000F8012BE6E74FF0010A7F
:100020005CE62DE9F04F0027A7B004462A220D46D2
:100030000DF126003946039714F09CF824220AAEED
:10004000394630460896ADF8242014F093F820681D
:1000500009F0B0F8002800F05A8120460DF10B019C
:10006000FFF7E1FB002840F05281204603A9FFF78B
:10007000EAFB8246002840F04A81039B28686968B1
:100080009DF80B701ABA04AB03C306923046802267
:10009000A1688DF81C7005F02CFE0746002840F082
:1000A000BD802046FFF7F3FBA0F102095FFA89F952
:1000B000B9F1030F40F2B3802046FFF77FFD3B46C6
:1000C000834606465A1C002E40F0AA80DBB2022B63
:1000D00038BF02232046C3F10F05022B18BFEDB233
:1000E0000193FFF763FD019B04A9013BDBB2019380
:1000F000019A4FEA6903013B42EAC303021E18BF9B
:100100000122804643EA82130DF151002A468DF800
:10011000503014F093F95A460F2318A99D42C0F0AD
:10012000828014AA114608A8FDF75EFFB8F1000FFF
:1001300007D04FF0020A9DF8513088EA03038DF88A
:100140005130019B2A4604A90DF161008DF8603001
:1001500014F074F908AB05F14100C5F10F0200215C
:10016000184414F007F80023CDE9213B2393102312
:1001700020468DF89450CDF88080ADF890A0ADF871
:1001800092308DF89590FFF711FD8045054650D3CC
:10019000D4F8008000EB0809C1454BD1219B1D44D8
:1001A000209B21959D420AD1BDF8903023B114AA1D
:1001B000114608A8FDF718FF0023ADF8903020463F
:1001C000FFF7FCFC239B229A03449342054648D840
:1001D0002046FFF78AFB4FF000088146B54241D820
:1001E000239B1D44229B23959D4212D3BDF8903042
:1001F00008AD23B114AA11462846FDF7F5FE9DF877
:100200009420002102F141002844C2F10F0213F0B2
:10021000B1FFDDE922329A4263D0FEE7FEE7FEE756
:100220001346360A4EE7013B01F8012DDBB2120AF4
:1002300074E7FEE7BDF89030102B05D114AA1146E3
:1002400008A8FDF7D1FE00235A1C98336B44ADF883
:10025000902018F8012B13F8481C4A4003F8482C4A
:100260009AE7FEE7BDF89230102B12D10F219DF8CE
:1002700094001CAA814205DD12F8013D0133DBB276
:10028000137063B31CAA18A908A8FDF7ADFEADF85A
:100290009280BDF8923019F806A05A1C98336B442E
:1002A00013F8283CADF892208AEA030309F80630D7
:1002B000BDF89030102B05D114AA114608A8FDF7FF
:1002C00093FE00235A1C98336B44ADF8902013F82A
:1002D000482C01368AEA020A03F848AC7EE7013965
:1002E000C8E72046FFF7D3FAA6882568361A1CAA65
:1002F00008A818A9FDF778FE0DF14F03A8199DF87D
:10030000952097420DDB237F43F010032377BDF840
:100310002430232B0ED9089805F0E6FC27B0BDE861
:10032000F08F13F8012F013793F820104A4000F89E
:10033000012BE4E7FEE701F1080313F8012D8B42DE
:1003400000F8012BF9D1704713B504466846FFF752
:10035000F2FF246869462046FDF7C2F980B20F28F3
:100360002FD91E21184AA31ADB10B3FBF1F3DBB21D
:1003700002EB831202F2AE21002211F8220028B112
:100380000132102AF9D1032002B010BD0F4901EB50
:1003900043001B0103FA82F201EB8202BDF8003038
:1003A000BDF80210B0F870020B44BDF804100B4405
:1003B000BDF806100B440344A2F8F432012382F87E
:1003C000F6320020E0E700BF000E0020B80D00204C
:1003D000002313B50822044601A990300193FDF7CC
:1003E0001EFB40B92068836C43B101991C3002B0F8
:1003F000BDE81040A8E7062002B010BD0D20FBE7C5
:1004000037B5036804469A6C7AB31948DB69A0F5DE
:100410002B729B1A1E22DB10B3FBF2F3DBB24022DD
:10042000002100EB831013F0A5FE04F19005B4F851
:100430009830B4F896209B1A9BB2072B01D8002065
:1004400011E00822284601A9FDF7E9FA50B9206811
:10045000836C53B101991C30FFF776FF0028E6D07A
:10046000032000E0062003B030BD0D20FBE700BFF5
:10047000AC10002030B585B00446082201A99030A8
:10048000FDF7CDFA054620BB2468A36C1BB3019988
:1004900002A8FFF750FFE46902A92046FDF720F902
:1004A00083B20F2B13D80D4B03F14802A41A1E225E
:1004B000E410B4FBF2F4E4B200EB041003EB8003AD
:1004C00083F8F652A3F8F452284605B030BD0A2549
:1004D000FAE70625F8E70D25F6E700BFB80D00207E
:1004E00038B54FF6FE730025044643818381C38AE5
:1004F000C58003F0FE0343F4FE4343F00103C382CF
:100500000572C0F80E50C0F8125085612C30FEF70D
:10051000EFFF04F13C00FEF7EBFF04F14C00FEF7A7
:10052000E7FFE565A4F8605004F16400BDE83840D9
:10053000FDF778B937B505466846FFF7FCFE1E2182
:100540000D4B2A686C46D21AD210B2FBF1F2072189
:10055000D2B203F2815303EBC203605C013903F8AA
:10056000010BFAD2054B2146D3F87C0314F011FBA2
:1005700000B1FEE703B030BD000E0020B80D002032
:1005800037B50546082201A99030FDF748FA044620
:1005900080B92B689A6C7AB10199586D0A681C3041
:1005A000C3F862204A68C3F86620FFF7C3FF2046FD
:1005B00003B030BD0624FAE70D24F8E7036810B550
:1005C0005A1E114603628B4211D841620221017703
:1005D00000210163A1F58031C0E90A33C0E90D13A0
:1005E000934207D8C0E90F23C0E9113310BD048935
:1005F0002144E8E701890A44F2E7012B10B50446DB
:1006000008460AD0022B0FD01BB9636810448342FE
:1006100000D910BD2289801AF9E72368881A83421D
:10062000F7D922891044FAE79C21024B024A034879
:100630000BF0AAFA4D8B0200C98C0200AD8B0200B0
:100640002DE9F04790F8242012B90D20BDE8F0877D
:10065000013A0568D2B280F8242095F81C90B9F1CF
:10066000020FF2D000EBC204AB6AA6689E42ECD146
:10067000D5F82CA031464B4652462846FDF762FC81
:100680006768804631464B463A462846FDF75AFC95
:1006900080450646D9D94B46524639462846FDF78D
:1006A00051FC0128D1D90236464512DC841EA4B281
:1006B0003C702B7F012239462846FFF79EFF240A13
:1006C00004700146012228462B7FFFF796FF002089
:1006D000BCE70720BAE7134610B501220C78FFF7F4
:1006E0008CFF03782402E01880B210BD2DE9F041A0
:1006F000044694F82470002F33D1246894F81C80A9
:10070000B8F1020F38D0A56A434629462046E26A6E
:10071000FDF718FC012806462CD9294642462046FA
:10072000FFF7D9FF023EC6F30D06304386B2C0F391
:10073000072028702946434601222046FFF75DFF27
:100740000670E56AA562227F04EB8203196A2163C1
:100750001D62E56815B123462069A8470223237767
:1007600005E02046FFF76CFF07460028C1D0384659
:10077000BDE8F081E562E6E70D27F8E7C26B436A62
:100780009A4205D1836B006A1B1A58425841704740
:100790000020704710B50E4B4FF40062D3F8784339
:1007A000002104F6A61013F0E5FC002204F58053A6
:1007B00083F8A72104F11400FFF7E0FF30B904F536
:1007C0008D501430BDE81040FEF7E8BE10BD00BFEC
:1007D000B80D002090F8353033B9C36B426A9B1ACC
:1007E00018BF012380F8343070472DE9F04F5C4B7F
:1007F00085B0D3F8784304F5805898F8A63104F111
:100800001407002B4DD098F8A731002B49D138465A
:10081000FFF7B4FF0546002843D1012388F8A7312C
:100820003846FFF7ABFF029068BB3846FFF7D2FFB0
:1008300094F8483004EB8303DB6CC4E9153308F00B
:100840002BFB4FF6FF73B4F84A609E4216D1384630
:10085000FFF7C0FF94F848A04FF00B0904EB8A03A0
:10086000D3F84CB05B6B5946029E0393039B9942AD
:1008700021D194F849300BB1A4F84A60AB1CF218AE
:10088000B2F5006F38D3002604F58D5033462A4662
:10089000009604F6A6110830F6F78CFC08B188F82B
:1008A000A76198F8A631002B56D1384605B0BDE8AF
:1008B000F04F08F0A2BA524638460291FFF70BFFFC
:1008C00010F4004F029901D08B45D2D1C0F30D0234
:1008D0005346164438460232FFF78FFE09F1FF33C4
:1008E00013F0FF090146B6B2C0D140F2AE311D4B44
:1008F0001D4A1E480BF048F904F6A619310A09EB07
:10090000050209F80510994456709DB209EB060BD3
:10091000D9451BD094F84920032A17D0B2B1012A37
:1009200011D1E16D94F84830384691F800A0FFF7F6
:1009300064FEA36DE065984202D1384608F0ACFA37
:1009400009F801ABE4E74FF0000AF9E7354438460F
:10095000ADB208F052FA63E705B0BDE8F08F00BF12
:10096000B80D00201C8D0200388D0200AD8B0200F6
:10097000416AD0E90E23994209D1017F012906D0AD
:10098000531E026893420ED34362C3637047016AE9
:10099000914207D1027F2AB142680133934205D2C6
:1009A00003628363704701890B44EBE701895B1A9B
:1009B000F4E7037F022B06D0083350F82330C0E958
:1009C0000A3302230377D3E7F8B5047F0546022CE8
:1009D0000E4605D1E6210E4B0E4A0F480BF0D4F817
:1009E0002346B4FA84F4C76A01223946FFF705FEAC
:1009F0006409083455F82430834203D03E70E8621D
:100A00000020F8BD2846FFF7D4FF0320F9E700BF18
:100A1000698D0200858D0200AD8B020070B5D0E9B2
:100A20000A239A4204461DD1037F0021083350F85F
:100A30002350AB1A5D425D41FFF7C6FFED0301464F
:100A400008B1032070BD2046FFF7BEFF0646002810
:100A5000F7D1A16A2D0A237F012220460D70FFF7EE
:100A6000CCFD06700020EDE738B5037F0446022B6D
:100A70000D4607D0FFF7D2FF30B929462046BDE822
:100A80003840A1E70D2038BD0320FCE738B5044607
:100A90000D460068C9B2FFF7E7FF20B92068290AB0
:100AA000BDE83840E0E738BD50F8603BB3F8461089
:100AB000ECE750F8603BB3F85E10E7E7B0F8B4102D
:100AC0006030E3E738B504460D460068C9B2FFF769
:100AD000CBFF80B92068C5F30721FFF7C5FF50B9E8
:100AE0002068C5F30741FFF7BFFF20B92068290E32
:100AF000BDE83840B8E738BD036893F8441071B1D9
:100B00000A2906D84FF4FA62074B11FB0231603014
:100B1000D8E7192905D841F28832044BF5E7044992
:100B2000F5E70021F3E700BF40CB0D00B0DB230069
:100B3000CC3F0D0070B5D1B20446006816461D4684
:100B4000FFF792FF30BB2068C6F30721FFF78CFF49
:100B500000BB2068C6F30741FFF786FFD0B92068C5
:100B6000310EFFF781FFA8B92068E9B2FFF77CFFDB
:100B700080B92068C5F30721FFF776FF50B92068D8
:100B8000C5F30741FFF770FF20B92068290EBDE8C3
:100B9000704069E770BD00F51A6353E902236030C5
:100BA000C8E738B5044608460D4613F0F1FC4FF689
:100BB000FF73984228BF1846294682B2206808F081
:100BC00001F9014618B92068BDE838404CE738BD46
:100BD00001496030E5E700BF286A020070B590F86F
:100BE00024500446032D1DD80668337F022B19D0EC
:100BF0003046FFF713FF0146B0B9F36A04EBC505B1
:100C00006B60B36AAB602068FFF72EFF48B90146FE
:100C10002068FFF729FF20B994F82430013384F8C5
:100C2000243070BD0D20FCE70320FAE72DE9F843DE
:100C3000074616460C4600F1600500297BD0002AC5
:100C400079D1B1F80480D1F8009028464146FFF7E9
:100C50001DFF10B10120BDE8F88342464946386EB9
:100C600008F0B0F80028F5D194F915102868C9B239
:100C700008F07AF90028EDD18021286808F074F98D
:100C80000028E7D1002C60D0E17D090101F030019E
:100C90002846FFF7FBFE0028DCD12846FFF79EFF21
:100CA00001460028D6D104B1A179286808F05CF982
:100CB00001460028CED104B1A17D286808F054F97E
:100CC0000028C7D1002C42D0D4E902232846FFF7E0
:100CD00031FF0028BED12846FFF7B2FC0028B9D169
:100CE0002846FFF77BFF0028B4D131462846FDF7A0
:100CF000AAFA0028AED12846FFF7A2FC0028A9D105
:100D00002846FFF76BFF01460028A3D104B1217DDF
:100D1000286808F029F900289CD1DCB1216928460F
:100D2000FFF7D0FE002895D12846FFF789FC003850
:100D300018BF01208FE700212846FFF7A7FE0028F3
:100D400088D1002C90D1214690E72146A0E70022CF
:100D50000023BBE72146E2E72DE9F04111F00F083F
:100D600004460D4617461E46006829D0002384F825
:100D70002430FFF71EFE01230377436AC0E90A33DC
:100D80002946206808F0F0F818BB39462046FDF7E0
:100D90005AFAF0B925682B7F022B19D02846FFF7A5
:100DA0003DFEC0B9EB6A3146A362AB6A2046E362FE
:100DB00094F8243084F82530BDE8F041FDF743BABB
:100DC00084F82480FFF7F5FD036A80F81C80D5E7DE
:100DD0000D20BDE8F0810320FBE730B50546D2F8D1
:100DE000A00914460B462A46C1B0A0B1B4F8A41914
:100DF0000BF0B2FB00280CDDB4F8A439D4F8A0291C
:100E00009842A8BF184602441B1AC4F8A029A4F8A7
:100E1000A43941B030BD4FF4807168460BF09CFBA3
:100E20000028F6DB60344FF46F5306228021204601
:100E3000FFF792FF0028ECD169462046FFF7B1FE8C
:100E40000028E6D12046FFF751FCE2E7F8B50F4B4A
:100E50000C46D3F878731546FCF728FE000160F0C5
:100E60007F0007F1600600F0F00171230622304692
:100E7000FFF772FF48B92A4621463846FFF7D6FEEB
:100E800018B93046BDE8F84030E4F8BDB80D002090
:100E90002DE9F041204B0F46D3F87853FCF706FEBE
:100EA000FF2204462B1893F9768983F8762905EBFF
:100EB00080035868240164F07F04403005F1600627
:100EC000E4B2FEF7B9F93923062221463046FFF78E
:100ED00043FFF8B9286E5FFA88F108F045F8C8B901
:100EE000286EF9B208F040F8A0B93046FFF7FEFBD3
:100EF00080B92146302306223046FFF72DFF0146F8
:100F000040B9286E08F030F820B93046BDE8F0410D
:100F1000FFF7ECBBBDE8F081B80D002010B5C38829
:100F200002895C1C944297BF02680620D35C0B7058
:100F30009FBFC3880133C380002010BD13B50C468A
:100F40000DF10701FFF7EAFF48B99DF8073013B923
:100F5000207002B010BD012B01D12370F9E70620EB
:100F6000F7E713B504460DF107019030FFF7E6FFF0
:100F700060B923689A6C5AB193F86A209DF80710FB
:100F800061F3000283F86A2002B010BD0620FBE77F
:100F90000D20F9E7002373B505460DF107019030E8
:100FA0008DF80730FFF7CAFF0446A8B928689DF8F6
:100FB0000760836C23B15EB14030FEF73DF9044613
:100FC00095F871391D4485F86A69204602B070BDF4
:100FD0001C30FEF7C1FAF3E70624F6E707B59030B8
:100FE0000DF10701FFF7AAFF48B99DF8073013B9C3
:100FF000044A82F82030012003B05DF804FB06208B
:10100000FAE700BF1841002010B590F871190446A6
:1010100001F67A1101449030FFF790FF58B9226829
:1010200094F87139926C42B11C4494F87A29044BBB
:1010300083F8D92510BD0620FCE70D20FAE700BF94
:10104000B80D0020002337B505460DF1070190309B
:101050008DF80730FFF772FF0446B0B99DF80730EE
:101060002D68ABB905F1B800FCF7DCFB686D1C30EE
:10107000FEF772FA012014F05DFA20B195F85A30AB
:101080000BB185F85A400023AB64204603B030BD55
:1010900095F85A3063B9FDF709FD686D1C30FEF70D
:1010A0005BFA95F85A30012B1CBF012385F85A30A2
:1010B000004BE9E74D0E0100002337B505460DF161
:1010C000070190308DF80730FFF728FF0446A0B9DC
:1010D0009DF8073023B1013B012B09D9072404E017
:1010E0002B689B6C5BB107F0ADFF204603B030BDB1
:1010F0002B689B6C1BB10120F5E70624F5E70D2456
:10110000F3E7F7B504460025012700F19006B4F88F
:101110009620B4F898309A4204D10020C4F8B05018
:1011200003B0F0BD30460DF10701FFF7F7FE38B907
:101130009DF807301F2B05D807FA03F31D43E6E798
:101140000620EDE70720EBE70023F7B506460DF193
:10115000070190308DF80730FFF7E0FE04460028C5
:1011600047D19DF8073013B1022B03D00C24204641
:1011700003B0F0BD3568AB6C002BF8D096F8712940
:10118000324492F97639013301D00D24EFE7D6F8D5
:10119000B03083B3591E19422DD1B3FA83F3C3F192
:1011A0001F0182F87619AB6C002BEED095F85A30FF
:1011B000002BEAD0033B042BE7D9B5F858309B0746
:1011C000D4D56B6DB6F8B470DE69FDF753FC30B959
:1011D0004FF47A7230467A4389B2FDF77AFF95F878
:1011E0005A30052B1CBF052385F85A30034B2B655D
:1011F000BDE70624BBE70724B9E700BF910E010055
:1012000013B504460DF107019030FFF787FE60B972
:101210009DF8073003F0030304EB83046368002B9D
:1012200014BF23200C2002B010BD0620FBE72DE9DF
:10123000F34100F1900420460DF10201FCF7B5FBEB
:1012400020B10625284602B0BDE8F08108222046DC
:1012500001A9FCF7E4FB0028F3D18DF801000DF1A2
:1012600001012046FFF75AFE05460028E9D19DF806
:101270000130DDF8048003F00106C3F3400031467D
:1012800046EA4006C3F3800046EA800603F0080001
:101290000643BDF80270C3F3C00206F00F06B8F1B2
:1012A000000F44D019B913F0060F00D1E2B1FCF7DA
:1012B00085FE0468002C35D1FEF71EF90468002C69
:1012C00037D0236803602046FEF712F9FCF776FE5C
:1012D0000368236004602671E780D8F80030A360BB
:1012E000D8F80430E360ADE7FCF768FE02682B46EF
:1012F00014460CB91725A5E7E188B94202D0234668
:101300002468F6E743B90AB113680360FEF7F4F8FE
:1013100003682360046095E71A68002AF6D0126813
:101320001A60F3E7E388BB42D5D02468C2E70725FB
:1013300088E7032586E713B50C460DF10701FFF793
:10134000EDFD10B99DF80730237002B010BD0023E9
:1013500007B590300DF107018DF80730FFF7EBFF6F
:1013600018B99DF80720024B1A7403B05DF804FB0E
:1013700018410020002337B505460DF107019030D4
:101380008DF80730FFF7D7FF044690B90A4A2B685B
:1013900002F148015B1A1E21DB10B3FBF1F352FA94
:1013A00083F39DF8072083F8ED2507F0E1FDFCF7B6
:1013B000BBFD204603B030BDB80D002007B590300E
:1013C0000DF10701FFF7B7FF00280CBF0C20062026
:1013D00003B05DF804FB37B500F1900405460DF14C
:1013E00007012046FFF79AFD18B10624204603B0F6
:1013F00030BD20460DF10601FFF79DFF0446002891
:10140000F3D19DF80710A1F10B030F2B15D80C4A4F
:101410002B6802F148001B1A1E20DB10B3FBF0F30F
:10142000DBB202EB03129DF806300A4482F8E43581
:1014300007F09EFDFCF778FDD8E70724D6E700BF4C
:10144000B80D002070B5C4880389221D9A4211D8B6
:1014500005682A19937856782C5D1B04D27843EAE4
:101460000623234343EA02630B60C3880433C3802B
:10147000002070BD0620FCE773B50DF101010546A3
:10148000FFF74CFD044600286DD19DF80160092E40
:1014900069D8DFE806F0050E682A38683D465D63C6
:1014A000284601A9FFF73AFD00280CBF01240624B5
:1014B0000CE0002328460DF103018DF803308DF870
:1014C0000430FFF72BFD20B106263446204602B03B
:1014D00070BD284601A9FFF731FD0028F4D19DF821
:1014E0000330082B28BF0726EFE70023284601A971
:1014F0008DF80430FFF712FDC8B99DF80440003C98
:1015000018BF0124E2E7284601A9FFF79BFFCBE7BC
:10151000284601A9FFF712FD002814BF3446012414
:10152000D4E728460DF10201FFF7F8FC08B10624C4
:10153000CCE728460DF10301FFF7F0FC0028F6D1B7
:10154000284601A9FFF7EAFC0028F0D10124BDE7F5
:1015500018220021054812F00DFEB7E7284601A920
:10156000FFF7ECFCA0E71724B0E700BFC81300208A
:10157000002373B500F19006044601A930468DF8AA
:101580000330FFF75FFF054618B10625284602B075
:1015900070BDB4F89620B4F898309A4236D03046F0
:1015A0000DF10301FFF7CAFC0028EED123689DF876
:1015B00003109A6C51B30AB90D25E7E7D3F8B020B0
:1015C00001998A42B3F8582038BFC3F8B01090068A
:1015D000DCD55B6D154ADB6902F148001B1A1E2041
:1015E000DB10B3FBF0F3EFF31180302484F31188A8
:1015F000DBB202EB8313D3F82C248A4238BFC3F842
:101600002C1480F31188BFF36F8FBFE723689A6CA7
:10161000002AD1D0B3F8582001999206C3F8B0102F
:10162000B4D55B6DD869FDF74DFEAFE7B80D00206E
:10163000F0B50024C288036807899E182346BF1AA4
:101640009F42C3EBC30E12D0052B10D016F803C077
:1016500001330CF07F0505FA0EF51CF0800F44EA0B
:101660000504EDD11A44C28000200C6000E0062081
:10167000F0BD002313B5044601A990300193FFF794
:10168000D7FFB0B923689DF80420996CA1B183F805
:10169000442023689A6C6AB194F87129144494F830
:1016A0006A293AB103F1400002B0BDE81040FDF7ED
:1016B000C3BD062002B010BD0D20FBE72DE9F341AC
:1016C000044601A99030FFF7B3FFB0BB03460546BF
:1016D0004FF0010CDDF804E0194991F80880B8F1E9
:1016E000000F1FD00A6896451CD1D4E93676A3F1C5
:1016F0002002C3F120052CFA05F50CFA02F22A4368
:101700000CFA03F52F431643C4E93676D4E9347650
:1017100027EA050726EA0206C4E93476BEF1000F7F
:1017200008D1454601331F2B01F10C01D5D1002D05
:1017300008BF072002B0BDE8F0810620FAE700BF2D
:101740006C6A02002DE9F341044601A99030FFF7CD
:101750006FFF78BB034606460125DDF804E0164915
:1017600091F80880B8F1000F19D00A68964516D193
:10177000A3F12002C3F1200625FA06F605FA02F2CB
:10178000324305FA03FCD4E9367627EA0C0726EA49
:101790000206C4E93676BEF1000F08D14646013391
:1017A0001F2B01F10C01DBD1002E08BF072002B076
:1017B000BDE8F0810620FAE76C6A0200F7B50E4634
:1017C0000DF1060105461446FCF7EFF810B10620AE
:1017D00003B0F0BDBDF8067031463A462846FCF726
:1017E0001EF90028F3D12780F2E72DE9F04F00F130
:1017F000900495B006460DF111012046FFF78EFBCF
:1018000020B10625284615B0BDE8F08F9DF81130AF
:10181000082B01D00725F5E7204604A9FFF77EFB3A
:101820000028EED120460DF1120207A9FFF7C6FFEE
:101830000028E6D1BDF81230102BEBD120460DF177
:10184000120206A9FFF7BAFF0028DAD1BDF812305C
:10185000102BDFD120460DF1120205A9FFF7AEFFD4
:1018600005460028CDD1BDF81230102BD2D1DDE9CC
:10187000054B079BD6F8009008AE30460CAF03939B
:101880009DF810A00DF14008FDF732FE3846FDF737
:101890002FFE4046FDF72CFED9F84820002A47D0FD
:1018A000B446039B03F1100E62461868596808336A
:1018B00003C273459446F7D15B46BC460BF1100E4C
:1018C000624618685968083303C273459446F7D1D5
:1018D0002346444603F1100C224618685968083321
:1018E00003C263451446F7D196E80F0009F180045E
:1018F00089F8B4A084E80F0097E80F0009F190047C
:1019000084E80F0098E80F0009F1A00484E80F00B4
:10191000B9F858309B067FF575AFD9F85400CDF86B
:1019200000803B4632465146C06906F0B9FB69E784
:101930000D2567E7002330B5174A146824BB5468A7
:10194000A14221D1C3F12004D0E90225A3F1200155
:1019500005FA04F4DA40224325FA01F10A4312F0B1
:10196000010FC3F12004A3F120020CD1012121FABF
:1019700004F401FA02F222439940D0E900430C43F7
:101980001343C0E9004330BD0133DBB21F2B02F12A
:101990000C02D2D1F7E700BF6C6A02001C282ED8D7
:1019A000DFE800F00F3011132D1517192D2D2D2DF7
:1019B0001B1D1F212D2D2D272D2D2D25232D2D29AF
:1019C0002B00002070470E2070470B2070470C2022
:1019D0007047092070470320704702207047042099
:1019E0007047112070471220704713207047142051
:1019F000704716207047172070471820704700F571
:101A00008040704701207047024B006E197C07F040
:101A1000ABBA00BF1841002010B5074B0446D3F8FD
:101A20007C030BF0EFF90A2390FBF3F1206EC9B2AF
:101A3000BDE8104007F098BAB80D0020024608B57E
:101A40000C20FFF7ABFFBDE80840014602F1600043
:101A5000FCF727BC024608B50C20FFF79FFFBDE846
:101A60000840014602F16000FCF71BBC2DE9F04F75
:101A70005B4B8FB0D3F82826D3F82C160192D3F8FD
:101A80003C26D3F830B60392D3F84826D3F834A6D0
:101A90000292D3F84C26D3F838960492D3F8502605
:101AA000D3F840760592D3F85426D3F844660692CC
:101AB000D3F858260D910792D3F85C2600F1600404
:101AC0000892D3F8602605460992D3F8642620468A
:101AD0000A92D3F868260B92D3F86C2693F8708696
:101AE0000C92FFF77BF8002877D120460D99FEF77E
:101AF000E9FF002871D159462046FEF7E3FF002890
:101B00006BD151462046FEF7DDFF002865D14946DE
:101B10002046FEF7D7FF00285FD120460399FEF745
:101B2000D1FF002859D139462046FEF7CBFF0028C7
:101B300053D131462046FEF7C5FF00284DD120463F
:101B40000299FEF7BFFF002847D12046FEF778FD37
:101B5000002842D12046FFF741F800283DD1204619
:101B60000499FEF7AFFF002837D120460599FEF70C
:101B7000A9FF90BB20460699FEF7A4FF68BB20464C
:101B80000799FEF79FFF40BB20460899FEF79AFF92
:101B900018BB20460999FEF795FFF0B920460A992F
:101BA000FEF790FFC8B920460B99FEF78BFFA0B94E
:101BB00020460C99FEF786FF78B92046FEF740FDD7
:101BC00058B94146286E07F0D1F930B9204601993D
:101BD0000FB0BDE8F04FFEF775BF0FB0BDE8F08F56
:101BE000B80D00202DE9F74F9846384B0E46D3F834
:101BF00078531746FBF75AFF05EB000999F872492D
:101C0000002C41D044EA001464F07F04E4B297B39E
:101C1000386807F04BFAC0F3001B002396F81CA0AD
:101C200089F8723905F160090622214648460AF012
:101C3000010AFFF791F838BB4046FFF7AFFE0146B7
:101C40004846FCF700FBF8B95946286E07F08EF9B4
:101C5000D0B95146286E07F089F9A8B9B8F1000F3C
:101C60000BD0306807F0A6FA88B9484603B0BDE843
:101C7000F04FFEF73BBDBB46CFE74246394628460C
:101C8000FEF7D4FF0028ECD003B0BDE8F08FBAF126
:101C9000000FEAD030460DF10301FDF7E4FD002806
:101CA000F2D1304601A9FDF7CEFD0028ECD19DF818
:101CB0000310286E07F058F90028E5D1484601992D
:101CC000FEF700FF0028D0D0DEE700BFB80D0020EF
:101CD0002DE9F8430C4614F00F081746194604F096
:101CE0000F0C06D1022A02D1D030FFF723FE0020CC
:101CF0000CE090F8EE6890F8EDE8A6EB0E030E2BE2
:101D000006DDD0300E21FFF715FE0320BDE8F88375
:101D1000C4F30112841894F8E948134644453DD1B0
:101D200033460E2B3ED842F0400203F58F7342EA51
:101D30008C0230F8334042EA072222F080029205FA
:101D400024F45F74920D24F00304224320F833201E
:101D500000EBC3056B68013661F317036B6080F815
:101D6000EE68C4E70F3CE4B20E2CFBD804F58F7488
:101D700010F8345015F0400F0CD005F003094B4516
:101D800008D1C5F38309C14504D125F0400500F809
:101D90003450C5E70EF1010E5FFA8EFE7645BFD9CD
:101DA0007446E1E70F3BDBB2BBE7134602228FE745
:101DB00038B511F0300F00F1600408BFC0F8AC2056
:101DC0001546002306222046FEF7C6FF48B92946DD
:101DD0002046FCF738FA20B92046BDE83840FEF727
:101DE00085BC38BD2DE9F04F0546ADF5457D0DF5B7
:101DF000887B00914FF480720021584612F0BAF9A6
:101E0000B5F89610B5F898304C1C9C4230D8D5F8EF
:101E100090205B1A51189BB227D000204F1E82B22F
:101E2000934225D901303E5C002EF8D14FF48073E7
:101E3000D5F800902244A5F89620C5F8A0B9A5F8D9
:101E4000A43909F1C80721BB84A812F099FB00242A
:101E5000DFF86C820DF5047A56461AF8013B33BB65
:101E600023A9002001EB84025DE00BB10A46DDE707
:101E70000620FFF793FD009902462846FFF798FFDA
:101E80000023C5F8A039A5F8A4390DF5457DBDE8B6
:101E9000F08F0023CA5C002AD6D00133B3F5807FCF
:101EA000F8D138467749FCF7ACF80320E8E75C2B1B
:101EB00029D19AF80020A2F10903DBB2172B17D819
:101EC00028FA03F3D90715D41AF8013C002BC3D024
:101ED0002CB11AF8023C002BBED1202C2CD0C4AA65
:101EE000631C02EB8404A4F521742660DCB2B3E722
:101EF0005C2AE9D1304612F04BFB5146024630468F
:101F000012F04BFAE0E7093BDBB2172BDCD828FADA
:101F100003F3DA0744BF00230AF8013CD4E7013495
:101F2000E4B242F8040B202CF9D93BB138465649AB
:101F3000FCF767F80720A3E7072391E7DAB2C4A804
:101F400000EB8202A2F5217212681C460133002ABE
:101F5000F4D1134603A8DAB251F822800133B8F164
:101F6000000F31D114F0FF04484B0AD048490398C0
:101F7000FBF744FF03AE454B50B3013C14F0FF04A4
:101F800025D193F874234349434B3846002A18BFA0
:101F900019460A464149FCF734F805F160044FF44C
:101FA0006F53062220460099FEF7D6FE00287FF4E4
:101FB00067AF59462046FEF7F4FD00287FF460AF76
:101FC0002046FEF793FB5BE740F82280C3E704AEB0
:101FD00093F87433D6F800A053B950463049FBF754
:101FE0000DFF28B938462F49FCF70BF80D2047E7BD
:101FF0002D4B196850460193FBF700FF019B2B4ABC
:10200000C0B1D3E901A35A1007EB6300DB0748BF57
:10201000BB5804F1FF3148BF53F80AA0012C18BF88
:1020200006F104084246C9B2D04723280FD0002841
:10203000B3D025E70C339342DBD150461C4912F054
:1020400095FA70B150461B4912F090FA40B1012C3C
:1020500004D0384632681849FBF7D3FF23200FE736
:102060000120164B012C03EBC00304F1FF3118BF14
:1020700006F104084246D3F82033D9F8C800C9B2A3
:102080009847D2E7738E0200C98D0200B80D002078
:10209000FE8D0200C08D0200B88D0200028E02008B
:1020A000428B02001B8E0200E06B0200586C0200A3
:1020B0003A8E0200458E02004E8E02003C690200FC
:1020C00013008000F0B504460C260020013A90422F
:1020D0000DD370430A1809588B4215BF0023D2E96B
:1020E0000101C4E90033C4E900012046F0BD8518B0
:1020F0006D0806FB05F7CF599F422CBF2A46681C86
:10210000E5E72DE9F04F052B9046134604460E46B1
:102110004FF0030287B016D04FF0070A354904A8E4
:10212000FFF7D0FFDDE9049707F0010BB9F1000FCD
:1021300012D1BBF1000F0FD10D223146204607B05E
:10214000BDE8F04F31E62C4904A8FFF7BBFFDDE9FD
:1021500004974FF0080AE7E7B4F89630B4F89850BF
:1021600094F89A20A4F89E50ED1AADB2A4F89C30D1
:1021700084F89B2003A92A4604F190000193FBF701
:102180004EFC019BB4F8942004EB67009A4288BF90
:10219000A4F89630002384F86F397B10BBF1000F50
:1021A00002D0E35853F80990C847012384F86F39E7
:1021B00018B1FFF7F3FB0246BFE704F1600743469F
:1021C000524631463846DDF80C90FEF7C5FD08B1A1
:1021D0000022B2E72A464946206E06F0F3FD0028A9
:1021E000F6D13846FEF782FA0028F1D107B0BDE8F3
:1021F000F08F00BF686C02008C6C02002DE9F04388
:102200008BB004460E4690461F465349134602A81B
:102210002D22FFF757FFDDE9025945BB19F0010FE9
:1022200025D1A8F57053B3F5806F44D204F1600551
:102230004346062231462846FEF78EFD002856D139
:1022400043F60143984536D10DF1070104F19000A2
:10225000FEF764FE804670BB9DF80730082B2AD835
:10226000DFE803F02121322136484B50520004F1BF
:1022700060074346062231463846FEF76DFD0028CA
:1022800035D119F0010F4FEA690318BFE35804EB89
:10229000690018BF5D59A84748BB38460BB0BDE878
:1022A000F043FEF723BA0021206E06F05DFE002801
:1022B0004DD0172812D1002F4BD00D223146204689
:1022C0000BB0BDE8F04373E5244B93F89016EBE7B1
:1022D00000212846FEF7F6FB002838D0FFF75EFB0A
:1022E00001462846FBF7DDFF1728E4D078B30BB092
:1022F000BDE8F0836FF44071EBE70021206E06F03B
:1023000035FED4E70120E9E7144B0DF11009D3F8AD
:1023100010260492D3F814260592D3F818260692B4
:10232000D3F81C260792D3F82026D3F82436089237
:102330000993284659F8041BFEF7C4FB0028CDD1A9
:1023400008F101085FFA88F8B8F1060FF1D12846C4
:10235000A4E73A46B2E700BFB06C0200B80D002017
:1023600070B50446002694F8ED5894F8EE38AB4268
:1023700001D1002034E005F58F7514F835305A0688
:1023800016D414F8353023F0400304F8353094F8AF
:10239000ED380133DBB20F2B84F8ED38E3D194F83C
:1023A000EE3884F8ED680E2B22D884F8EE38DAE7A0
:1023B000C3F30102C3F3830141EA021104EBC50236
:1023C0005378526803F0030361F07F01022BC9B216
:1023D000C2F3170205D12046FFF7EAFC0028D0D04F
:1023E00070BDB3FA83F320465B09FFF707FFF5E7FB
:1023F0000F3BDBB2D7E72DE9F047D0E93432134386
:1024000004461ED000254FF00109344FDFF8D0A05C
:10241000C5F12001D4E93430A5F12002EB4000FAE7
:1024200001F10B4320FA02F2134313F0010FC5F13F
:102430002008A5F1200609D101351F2D07F10C0751
:10244000E6D1012384F89039BDE8F0873A68002A84
:1024500039D17B68772B14D1DAF89436D9070ED4AA
:10246000580628D413F0180F27D1990727D49A06B5
:1024700027D440F2847213420CBF0722062202F1D5
:1024800070031A4680212046FFF792FC0028D8D11D
:10249000D4E9343209FA06F629FA08F846EA0806B9
:1024A00009FA05F123EA010322EA0602C4E93432FB
:1024B0001343C1D1C5E70222E1E70822DFE7012289
:1024C000DDE70322DBE794F89039002BE0D001230D
:1024D00080212046FFF792FED8E700BF6C6A020019
:1024E000B80D002010B590F8A830044633B1D0F8EC
:1024F000E430994204BF002380F8A8302046FFF75B
:102500002FFFC0B994F8E81089B101230C222046AE
:10251000FFF774FE78B994F8E03084F8E800042BF3
:102520001FBF636CC4F8E430012384F8A830204650
:10253000BDE810405FE710BD014BD3F878035AE7C0
:10254000B80D0020F7B50D46044600B9FEE7037F3D
:1025500003F0FF0603B1FEE70E4B1B68994215D846
:1025600040F2E73031460C4B4FF47A721F6800237B
:10257000E5FB070111F0DCFB0123CDE90063014617
:102580002346064A606813F025FD00B1FEE703B05C
:10259000F0BD00BFB00D0020B40D002009640200A2
:1025A00000B9FEE7406813F02BBE70B5EFF310865C
:1025B00072B64FF0FF3012F052FA04460A4BD3F8CD
:1025C0009826C3F89806824288BFD3F89C263046E6
:1025D00084BF0132C3F89C26D3F89C5613F028FF21
:1025E0002046294670BD00BFB80D00202DE9F743F5
:1025F00007460D4606F0BCFC1E23624E804606F1DF
:1026000048043C1BE410B4FBF3F496F85835E4B2EC
:10261000032B1AD0002229463846FDF7A3F9A0B1B2
:10262000FFF7C3FF584C021941F1000306F5AC61F6
:10263000C1E90023022386F8583507B9FEE7C6F83A
:10264000A076002003B0BDE8F083012C00D9FEE79E
:10265000302363434D4AD1188D4200D0FEE7C4EBCE
:10266000C41102F59E720A442968914200D0FEE727
:102670002A7F334412F0020F10D1642283F894258C
:10268000FCF7F8F938B300264FF0FF310C2001AA0F
:10269000019609F06DF9019C84B9FEE793F8942541
:1026A000022A04D83023502203FB0463E6E7023AEF
:1026B000D2B24F2A83F89425F4D9E1E72146344871
:1026C00027602671A56004F0F9FB0028B9D12046E7
:1026D00013F0ACFBB5E74146A879FCF74FFD0028A5
:1026E0004DD1FCF7C4F9804600B1FEE74FF0300948
:1026F00001464FF4F85012F005FF09FB0463C3F8DC
:102700009075297F1020C1F38001C6F8945312F010
:10271000F9FE0C2303FB04642B7F2846C3F3C0039C
:10272000A96A84F8FA37FDF790FAEFF3118489F378
:1027300011880220012112F0E5FEFCF798F900B99A
:10274000FEE786F8B483FCF79FFA84F31188BFF3A1
:102750006F8F4FF4805012F0EDFE00283FF471AF00
:1027600097F8E430002B3FF46CAF3A6A936F002B7C
:102770003FF467AF01212846D26F984761E70720F1
:1027800060E700BFB80D0020404B4C002013002034
:102790005C15002010B58379044603F0FB03032B7E
:1027A00017D18388DB0608D50423A3712368E16968
:1027B000D869FFF71BFF60B1FEE7C369006899792C
:1027C0001C30FCF737FD00B1FEE7A379042BEDD0F8
:1027D000EAE710BDC2698379516909B9126922B16A
:1027E000072B01D007238371D4E7032BFCD00323ED
:1027F000F9E72DE9F743044600F1640738460D4632
:1028000090461E46FBF70EF8B4F8049019F0200F1E
:102810002AD0286806F0CEFC30B32B7FDA0723D508
:1028200028460DF10201FDF7D6F900B1FEE79DF84B
:102830000230082B18D1284601A9FDF704F800B191
:10284000FEE728460DF10301FDF70DF800B1FEE7A4
:102850009DF8032094F860309A4205D1019BE26D07
:10286000934224BF0133E3650023E3719EB119F065
:10287000040F10D1237A6A7E9A420CD90133237255
:102880002B7F0E2E43F002032B771ED0204603B081
:10289000BDE8F0439EE7A379022B4FD1A97EAB7927
:1028A0008B4206D0A37DDB0703D520681C30FCF7E4
:1028B000C1FC246AE76C002F3DD0334642462946CE
:1028C000206CB8470023E36435E0A37994F8616095
:1028D000062B1CBF0623A371FCF74AFEA37D054609
:1028E000206813F0010F00F11C0010D0E369997902
:1028F000FCF7A0FC4FF0FF33B34025EA03054FF48B
:10290000A0735D43FAF7D0FD002D03DAFEE7FCF774
:1029100023FEEFE70544606E39460A4AE56610304B
:10292000FCF7B3FE94F861300133DBB2052B28BF0E
:10293000052384F8613003B0BDE8F0830223A3715E
:10294000ACE700BF486902002DE9F04190F8E4705F
:1029500004460D461E46C7B10D4F97F8747397B1E4
:10296000897EAB798B4206D00A4BCB40DB0700D483
:10297000FEE7FCF725FC334600222946206A543046
:10298000BDE8F04135E7006AF9E7BDE8F08100BF36
:10299000B80D002000F8FF0770B5046894F85A30AD
:1029A00004F15405033B042B48D8DFE803F0030788
:1029B000181403002846BDE87040EBE6236F606DF5
:1029C00099791C30FCF736FC2846216F0E23BDE8B0
:1029D000704000220DE72846BDE87040FAE6B4F8E2
:1029E00058309B0700D5FEE7636DD869FCF700FB04
:1029F0007F2807D094F96B307F2B01D0834201DA16
:102A000084F86B00FAF72FFDE36EC01A00280EDA87
:102A1000D4F8C030D4F8B8008033C4F8C03004F122
:102A2000B801074A1030BDE87040FCF72EBE2846BA
:102A300094F96B10BDE87040FAF743BF70BD00BF5A
:102A40004869020010B50446FFF7AFFD02460B4689
:102A500004F16000BDE81040FEF76CB830B500F13D
:102A6000900485B0204602A9FAF7B3FF002838D1B8
:102A7000204601A9FEF7E6FC98BB20460DF10301B4
:102A8000FEF74CFA044660BBFFF78FFDDDE9022339
:102A9000904271EB030502D3072005B030BD121A36
:102AA00063EB01036FF00101914274EB0303F3D375
:102AB0009DF8034006F05CFA01460C4812F03AFD1E
:102AC00088B92046FCF75AFB0028E5D101212020D7
:102AD00012F018FD40F29441054B064A064809F0F1
:102AE00053F80620D9E70120D7E700BF40000100D6
:102AF000958E0200978E0200CC8E02002DE9F04FD9
:102B000012F0C00F824615461F468FB001D012F05A
:102B1000EBFCAB0206D5504611F065FF10B95046EC
:102B200012F072FDAE0301D512F0DEFCEC0105F0EF
:102B3000807340F15881FBF79AFF68B110200021A3
:102B400012F0E0FC12F00AFD0446002800F03C817F
:102B50000121082012F0D6FC202012F0EBFC05F435
:102B600000510446002800F05D8121B101214FF49D
:102B7000004012F0C7FC15F4404F06D0002148F287
:102B8000200012F0BFFC12F00BFD280740F1BB80C3
:102B9000B24C0321D4F87C0303AA11F028FF0146AC
:102BA000002800F08F819DF80C30072B40F08A81BF
:102BB000D4F87C0308AA11F01FFF002840F082819E
:102BC0009DF81C3013F01102009208D113EA131083
:102BD00003F00F0203D112B10F2B00F27381BDF885
:102BE0000E60059806F1010B02781FFA8BFB5A451F
:102BF00040F06881F21E7B2A00F26481BDF810204B
:102C0000002A00F05F81013A411C06F1FF3C92B2BC
:102C10000591ADF80EC0ADF81020002A40F01A81E1
:102C2000069A92F8008018460193FAF7E0FC019B9F
:102C3000814630B9009A22B9190702D00F2B00F251
:102C400041819DF82D30002B00F0108108F0070322
:102C5000022B40F0378103AAD4F8F813D4F87C0390
:102C600011F0CEFEA4F8FCB3FBF7BAF812F076FC34
:102C7000002843D0D4F89433D4F8F8231B68927812
:102C80009B789A423AD19DF82630002B00F01A81A9
:102C90000236D4F87C0308A9ADF8246011F0AEFE2A
:102CA000002840F00F819DF82E30089E84F80D34E6
:102CB0009DF82F30C4F8209484F80E34FFF775FC8B
:102CC0004FF00009664B864228BF01F1FF31596081
:102CD00019EB060601214FF48070C4F8006412F06D
:102CE00011FC6048494612F00DFC12F047FC28B177
:102CF00018F0100F1CBF012384F8B53312F03EFC0E
:102D000008B906F0B7F9EE0501D512F0EDFB15F4A0
:102D1000863F01D012F0E8FBAC014FF000060DD564
:102D20004E4C12F0E1FB3146042012F0EBFB94F81C
:102D3000B5331BB106F09EF984F8B56315F0084F62
:102D400005D012F0D1FB0021042012F0DBFBA8001B
:102D500001D512F0C9FBA90705D5082012F0EAFB3E
:102D600008B112F02DFCFA0523D5504608AA03A994
:102D700011F080FC9DF80C30DBB13B48002112F0D3
:102D8000C1FB042012F0D6FB28B1FBF729F8002183
:102D9000042012F0B7FBFBF76AFE28B112F0DEFB4D
:102DA0004FF4007013F082FA13F036FB08B112F002
:102DB00007FCBB0540F1D2800022504611460FB0FF
:102DC000BDE8F04F0AF050B806F054F901214FF475
:102DD000807012F097FB2146022012F093FB2146EF
:102DE0004FF48030B6E607F00202134306D012F02B
:102DF000B5FB4FF4007013F059FAADE605F0A843A7
:102E00001A4304D012F0AAFB4FF48050F3E707F006
:102E1000040213433FF4A0AE104BD3F87C0311F02F
:102E20003FFD99E649B101214FF4803012F06AFB71
:102E30002146402012F066FBA7E607F020030B4373
:102E40003FF4A3AE402012F05DFB4FF4006013F09E
:102E50002DFA9AE690F80180E5E600BFB80D002053
:102E6000B81100200A0001006000010094F88C33C2
:102E700013B9BBF1040F25D09DF8263013B30236E9
:102E8000D4F87C0308A9ADF8246011F0B7FDC8B9E7
:102E9000EFF3108072B6B4F80A38B4F80C680093F7
:102EA00013F0C6FA009BB3420CD0EFF3118330222B
:102EB00082F31188D4F85868721C0BD183F31188FF
:102EC000BFF36F8F0026FAF78BFF3146254805F0D8
:102ED0000FFF18E7314651F80C2BC4F8582883F33C
:102EE0001188BFF36F8FD4F87C0303AA11F088FD1B
:102EF00086F800B0BDF83430314673709DF92E303D
:102F00001948F3709DF82F30B370089BB3609DF89B
:102F10001C3013F0010F18BF4FF00009C6F80490E1
:102F200003F0CCFF0028CED018F020080AD0D4F847
:102F30007C0311F058FDFAF753FF0121042012F031
:102F4000E1FAE0E6FAF74CFF94F8B533002B3FF4D2
:102F5000DAAE06F08FF884F8B583D4E60FB0BDE89A
:102F6000F08F00BF0C160020C0150020F8B500251A
:102F7000634C04F66403A4F8CC53C4F8C853A4F813
:102F8000FC53C4F8F833EFF3108072B60223C4F890
:102F9000A457A4F8A837C4F8AC5713F049FA594B12
:102FA000C4F89055C4F8AC3704F2A463C4F868358B
:102FB00004F6E803C4F8743504F22373C4F89835B2
:102FC00004F6F803C4F8A4359C23A4F86C5584F8DF
:102FD000DC35C4F8C055A4F89C55FAF7EFFF05603E
:102FE000FCF78AFA031D00F1B4021946103393422C
:102FF000056018D194F8C0330B2B18D894F8C1335E
:103000000A2B14D9404EC4F8B86303F0E3FF002044
:10301000FAF78AFF0822D4F87C03114611F02BFC42
:10302000054628B1FEE743F8105C0D46DDE7FEE7F4
:103030000146682206F51B7011F09CF8EFF311862B
:10304000302383F31188FBF731FD10B1284606F0D9
:1030500009F886F31188BFF36F8F0822D4F87C0338
:10306000114611F008FC054600B1FEE700230022DE
:1030700041F20D012548FBF71CFD2946D4F87C03DD
:1030800011F0D8FD18222946214811F073F8214883
:10309000FAF702FF2048FAF7FFFE204B204EC4F853
:1030A000AC33FF23A4F8B033A6F59773C4F8F257F6
:1030B0001D815D604FF6FE73A6F59172C4F8FE5750
:1030C000C4F8A863A4F8F03755601581A4F8FC375C
:1030D000EFF3108072B61027C4F80858A4F80C78E3
:1030E000C4F8105813F0A4F90E4B39468C20A6F101
:1030F000CC02C4F8103803F0DEFA00B1FEE7F8BDE8
:10310000B80D0020EDD5000074110020C00D0300A3
:10311000C01600205011002054110020C002FF00F2
:10312000D816002015640200B0F5802F07B54FEACD
:10313000104382B212D20F2A10D8002914BF0421E2
:1031400001218DF80500002201A88DF8043002F05D
:103150009FFA10F0FF0002D0022803D0072003B02E
:103160005DF804FB0D20FAE70229F7B505460E4687
:1031700014460DD156491068FAF740FE002856D083
:1031800069466068FAF7FEFB68B3072003B0F0BD3C
:1031900003294AD14F491068FAF730FE002846D07B
:1031A00069466068FAF7EEFB0028EED1A06801A935
:1031B000FAF7E8FB0028E8D1DDE90034B3F5802F09
:1031C0004FEA1341E1D29AB20F2ADED80122302011
:1031D000DBB29A40404B00FB0133002C5ED041F241
:1031E00010015A501FE00099B1F5802F4FEA1143AA
:1031F0008AB2CAD20F2AC8D8EFF31180302282F3E4
:103200001188534303F1A04303F570335A6980F3E7
:103210001188BFF36F8FC9B2CA4028462F4902F008
:103220000102FAF7EEFE0020B0E70129ADD92C49E2
:103230002068FAF7E3FD0028A7D069466068FAF72E
:10324000A1FB07460028A0D1022E2AD1009BB3F58E
:10325000802F4FEA13409AB297D20F2A95D8EFF3F6
:103260001181302484F3118860431B4ADBB2072BA1
:10327000024492BF5268D268083B9B0022FA03F3D3
:1032800003F00F0381F31188BFF36F8F012B2846E2
:103290000CBF14491449FAF7B4FEC4E742F2100116
:1032A0009FE7032EBFD1A46810492046FAF7A6FD78
:1032B00028B13946009803B0BDE8F04034E7204615
:1032C0000B49FAF79BFD0028ADD00121F2E700BFC2
:1032D000258F02002E8F020000C00350298F0200AC
:1032E000328F0200378F02003C8F0200428F0200B3
:1032F000458F0200FEE700F061BC70B50446012670
:103300000B4D04B970BD94FAA4F0B0FA80F006FA3F
:1033100000F224EA0204C200AA580F2805EBC001FB
:10332000C8BF1038002AECD04968C0B29047E8E71F
:1033300070310020064BD3F82404D3F8202403F581
:103340000053104000F05530C3F82004D5E700BF0B
:1033500000C00350064BD3F82404D3F8202403F50F
:103360000053104000F0AA30C3F82004C5E700BFA6
:1033700000C0035010B5416C4369A1F11404DA1C7C
:10338000B2FBF4F203EBC2000330B0FBF4F0B1F592
:10339000805F00F1010002D1012828BF0120013027
:1033A00010BDF7B507460E4600257C6CA81964428F
:1033B00080EA06031C4003D02C46204603B0F0BD33
:1033C000FB6B01225B6901A99847019B0133F4D192
:1033D0000435EAE72DE9F341154690F842201E46F0
:1033E000012A14BF042302235D43CF7D2C1D844694
:1033F00005F00205BFB915B1012724F003044868A0
:1034000008342044DCF83C30012A5B6927D101A94B
:10341000984717B1BDF806300193BDF8043033600A
:1034200002B0BDE8F08155B124F0030400230D7E05
:1034300001F1200ED8B2854203D80020E2E72F46E2
:10344000F4E73EF8330003F10108A04204D901EB90
:10345000C303D8690834D4E74346241AEAE70122B3
:10346000314602B0BDE8F0411847D01E009B4242F1
:103470004241187E824212D11A688A420FD85A6895
:103480008A420CD35A6901325A61D3E9030282425B
:1034900005D2986840F822101A6901321A61012099
:1034A000704700234FF0FF3142689A4202D8002350
:1034B00003727047026842F83310026802EBC302DD
:1034C00051600133F0E7002370B545689D4211D08B
:1034D0000468DE0054F83320B2F1FF3F0BD0C2F392
:1034E0001302914207D14FF0FF3244F833200368B2
:1034F00033445A6070BD0133E8E710B5032A029CDB
:1035000007D1A26A5340626C5242134201D1FFF7C5
:10351000DAFF012010BD0023F0B545689D4202D1BD
:103520004FF0FF300EE00468DE0054F83340671CB3
:1035300009D0C4F31307B94205D1240D14700368F0
:1035400033445868F0BD0133E8E773B5164600F11F
:1035500008040D46204609680DF10702FFF7DBFF5E
:10356000032E05D16B68834202D12046FFF7ABFFE3
:10357000012002B070BD00BF2DE9F0414668002E69
:103580003AD0056898464FF0000CAE4655F83C40DE
:10359000C4F31307013401D0B94222D00CF1010C5D
:1035A000B4450EF1080EF1D100273C4603E0B442C9
:1035B00007F108071DD055F8343001340133F6D136
:1035C0006FEA01316FEA1131E9510168CB59C3F358
:1035D000130343EA0853CB5103683B445A60BDE8E8
:1035E000F08141EA0851CEF80010036803EBCC03E8
:1035F000F4E7B8F1030F03D101230372BDE8F081B2
:1036000000231C4603E0B44203F10803F4D055F84C
:1036100034700134C7F3075CBCF1030FF3D16FF3CF
:1036200013073943E9500468E158C1F3130141EA33
:103630000851E15001680B44D0E708B50830134643
:10364000D1E90012FFF798FF012008BD41F6713261
:10365000034B0020DA63012203F50053DA60704760
:103660000000035041F671320121044BDA6303F587
:103670000052D1600022DA63704700BF000003509F
:10368000704737B5054601F10C04436901A90122D1
:1036900020469847BDF80430012200936946204631
:1036A000AB69984703B030BD202A0B681EBF4FF0AE
:1036B000FF3191408B43590801F055315B1A03F0FB
:1036C00033319B0803F033330B44017803EB1313BE
:1036D0000A444FF0013103F00F334B43A2EB136266
:1036E0000270704737B5044600251B22011D0DF1FD
:1036F00007008DF80750FFF7D7FF63689DF8072094
:10370000B2EBD36F03D123F0784003B030BD1B225E
:1037100004F108018DF80750FFF7C6FFA0689DF877
:103720000730B3EBD06F0ABFC0434FF0FF3020F03B
:103730007840EAE72DE9F0430646994689B00369E7
:1037400008460F46904698470446002867D1D9F8A6
:1037500004305B0A012B22464FEA530304F10104B3
:10376000F8D899F8035099F802302D03DB0203F4DE
:10377000006305F480551D43B9F800304FF000098F
:10378000C3F30A0352032B4492B29D18294B0DF147
:1037900007001B2228F0784402A9039302948DF8B5
:1037A0000790FFF781FF9DF807306FEA054544EA6F
:1037B000C36404946FEA08041B2224F0784402A92D
:1037C00002948DF80790FFF76FFF9DF807306FEABE
:1037D000154544EAC3644FF0FF3301220594069374
:1037E00007A9B369079507F110009847012204461D
:1037F000B36905A907F1080098470122484518BF99
:103800000446B36904A9381D98470122484518BFEA
:103810000446B369384603A9984728B10446394697
:103820003046FFF72EFF01E0002CF8D1204609B00A
:10383000BDE8F08301009AB238B5134B0546D3F8C2
:1038400020010C4600F00700042816D8DFE800F03D
:1038500003090D111800012305B1286004B123608C
:1038600038BD0A4B18680423F6E7084B5868032351
:10387000F2E712F011FA0523EEE700231846EBE712
:1038800002230348E8E700BF008000503C410020CD
:10389000002D310141F67133012270B5194D0446F6
:1038A000EE69EB63184B0021DA6002236861212086
:1038B0002B6106F4803612F0CFFE10B9212012F0F1
:1038C000CBFE0122114BDA600EB10023EB63431CE7
:1038D00014D0A8B90E4B9A6801230A3202F01F02D5
:1038E000934023F0030323449C4201D1002070BD88
:1038F00054F8042B0132F7D03E20F8E76E20F6E7AB
:103900007120F4E700000350001003500020035022
:103910000080E00F00F01F03A0F50620A0F5506026
:10392000812810B51ED80121104A400902EB8004FD
:103930009940D4F800310B43C4F80031D2E9453145
:103940000B44D2F81C110B44D2F820110B44D2F8CE
:1039500024115B1805D1C2E94033C2E94233C2F8F1
:10396000103110BD4FF0FF30FBE700BF7031002079
:10397000BFF34F8F0549064BCA6802F4E062134358
:10398000CB60BFF34F8F00BFFDE700BF00ED00E04D
:103990000400FA0510B5044644EA010313F00303DA
:1039A000084609D1934201D1002010BD54F82310DC
:1039B00040F823100133F5E72146920010F03EFD58
:1039C000F2E738B5202204460D460C30002110F0F5
:1039D000D1FB4FF0FF33C4E90035A36038BD2DE9BA
:1039E000F74F324D4FEA820BEA698A4602F4803380
:1039F00041F6713201210093EA632D4A8146D1607C
:103A000007465246D846B8F1000F01D140462BE098
:103A100007F500546FF30C046F61E41BE96944453A
:103A200028BF444649073AD4164656F8041B224498
:103A3000A96196420FD10422002121202A6112F0AF
:103A40000BFE88B9212012F007FE68B932462744E0
:103A5000A8EB0408D7E708210846019212F0FCFD04
:103A6000019AC0B104232B610122124BDA60009B42
:103A700013B100220D4BDA63431C13D0A0B95A4690
:103A80005146484611F01FFD002814BF3D2000207C
:103A900003B0BDE8F08F56F8041BA961C9E74FF0E9
:103AA000FF30E1E76E20F3E77120F1E700000350FB
:103AB000001003500020035013B5002401AA019404
:103AC00007F056FF00B10194019802B010BD70B527
:103AD0000F4A536D116D0B400E49002B0B659DB2C3
:103AE00002DB01263DB970BDD068BDE87040C0F36F
:103AF000042012F0B7BBB5FA85F4C4F11F04E4B298
:103B0000204606FA04F412F0ADFB25EA0405E9E7C5
:103B1000000004500020045030B40446EFF310803D
:103B200072B6256885EA02030B406B40236030BC07
:103B300012F07EBCBFF34F8F0549064BCA6802F4F2
:103B4000E0621343CB60BFF34F8F00BFFDE700BFC0
:103B500000ED00E00400FA050346006818B10268B1
:103B60001A60002303607047036803B970478B42F3
:103B700004D10B68036000230B6070471846F3E71D
:103B80004FF0FF307047FEE700207047012070477C
:103B9000012070474FF0FF30704700207047002031
:103BA0007047002070470348034BC01A801004F090
:103BB00069BA00BFA04100004041000008B5254B94
:103BC00083F30A886FF00101234B244A9A60D3F8EB
:103BD000882042F47002C3F88820214A116641F21D
:103BE000FF7151660221C3F8D010BFF34F8FBFF3AE
:103BF0006F8F08204FF440331A49C1F88001D36019
:103C00000860A2F500521361FFF7CDFF164B17496C
:103C10008B4212D30020164B16498B4218D3F2F771
:103C20005BFB186850F82240586840F82240013287
:103C300098688242F5D30C33EAE70022F8E71C6863
:103C400044F8220001325C68A242F8D30833E4E76A
:103C50000022F8E70800002000ED00E0004000002E
:103C600000A0004400E100E0DCAC0200E8AC02008F
:103C7000E8AC0200E8AC020070B1012241780378A0
:103C80008A4030214B4341F2100103F1A04303F578
:103C9000703300205A5070472220704770B10122C3
:103CA000417803788A4030214B4342F2100103F1FE
:103CB000A04303F5703300205A507047222070470C
:103CC00038B505460C46FFF755FB6B6CA3F11402A3
:103CD000B3F5805F02FB00F005D140F6E873696937
:103CE000994288BFCC30E31DB3FBF2F3013304EB00
:103CF000C304204438BD38B5054644692146FFF762
:103D0000DFFF6A6CE31D143AB3FBF2F3AA691444B3
:103D100004EBC3040C34204438BD03460846EFF3DB
:103D2000108172B6024ADB6BC2F82C11DB681847AF
:103D3000703100202DE9F0410646406882B0B8B1EC
:103D40000F4690460024336853F8345003EBC40305
:103D5000C5F30752C5F31301013506D05B68304641
:103D6000CDF80080B84718B1706801348442EAD3B6
:103D700002B0BDE8F081036813F07E0F03D1406804
:103D800020F07C40704713F078001CBF03F07F03E5
:103D9000D81F70474BF29A2210B503680446B2EB65
:103DA000134F13D19BB2012B15D1FFF79BFC0130B0
:103DB00011D04FF6FF72E068B2EB104F4FEA10439C
:103DC0000BD180B2C01A18BF012010BD01330CBF47
:103DD00003200420F9E70420F7E70220F5E7F0B517
:103DE0000546002687B0EC69013CB44203D80C4676
:103DF000204607B0F0BD01B14C1E6F6C2868EB6B1C
:103E000005225B6901A907FB0400984701A8FFF799
:103E1000C1FF0128ECD921460136E4E7F0B503687B
:103E20000646CC1A436C0025B4FBF3F487B0F36963
:103E300037685A1E9542706C06D3736C306803FB6A
:103E40000400143007B0F0BD0134B4FBF3F203FBFF
:103E50001244F36B05225B6901A900FB04709847CB
:103E600001A8FFF797FF0128E7D90135DFE710B474
:103E700023F0030422449B070A44436C18BF043216
:103E80005B4281EA0204234202D05DF8044BC5E79D
:103E900010465DF8044B70472DE9F04F1446054677
:103EA0008B469946C36B89B001225B6905A960689E
:103EB0009847EB6B01225B69584604A99847059B1C
:103EC000581C07D10022A360A2756275002009B0BA
:103ED000BDE8F08F01220021A275227E049804EB38
:103EE000C202C2F81CB011846168C0F3D31C5945EA
:103EF00000F07F020BD14FF0FF33C4F800C02275F1
:103F0000A360043A022A24D80023A375DEE72168BF
:103F1000277D00F07E06614508BF974203F07E03CF
:103F2000B3FA83FC3246B6FA86F60CBF01210021B3
:103F30004FEA5C1C7609B44514BF002101F0010171
:103F4000A175002A00F0E8800BB90023A3753A465A
:103F5000D7E710F07E0F0FD1EB6B022258465B695A
:103F600006A9984706A8FFF706FF237D032B43D831
:103F7000DFE803F0130D044B04A8F4E7CC22237E02
:103F800004EBC3031A840123654AD35C0AE0237E51
:103F900004EBC30318840023F6E7237E04EBC3037A
:103FA00018840123129A1370049B227E13F07E0A58
:103FB00018BF00264FEAD36704EBC20208BF07F020
:103FC0000306B2F8208082F82260BAF1000F1ED0FA
:103FD00000231B2204A906A88DF81830FFF764FB04
:103FE00004229DF81830D91B4B424B4163755BBBD3
:103FF0000023A375002754E0227E013BDBB204EBD3
:10400000C202052B1084CCD8BEE70223BCE7EA6BC2
:1040100006A9576958460222B847202206A90DF181
:104020000F008DF80FA0FFF73FFB1A2207A9FFF73B
:104030003BFB9DF80F30079AB3EB926F0CBF012347
:10404000002308226375D2E7A77D002FD2D0B8F1F4
:10405000000F09D1E6B10123E375637E002B50D137
:10406000012E43D1667615E06B6C0BEB02005B42D0
:104070008BEA00010B421CBF0023A3756B6C591E19
:1040800001405B1A9845B3D8A37D002BE2D1B1E77C
:10409000E37D33B90027434659462846FFF7E7FE3C
:1040A000A060A07D10B1236943442361237E012BCE
:1040B0003FF62AAF01332376B9F1000F3FF407AF83
:1040C00000283FF403AFE37D002B3FF400AFFFB9BE
:1040D000032E1FD0A1684A1C1CD0129B22460093BD
:1040E00028460123FFF7D8FEA075F0E695F8343096
:1040F00063B9EB6A0133CED1032ECCD10123A37671
:10410000C8E7012ECDD0032EC4D1F7E71F46C2E782
:104110003846DCE61846DAE6002B3FF418AF14E721
:10412000CC6E020013B50C46002121760093616825
:1041300013462246FFF7B0FE18B1E37D03B1A07E1F
:10414000A075A07D02B010BD2DE9F34104461646CE
:104150001F461B4B0D46816AA3F59878E36A8B4294
:1041600001D04B1C02D102B0BDE8F0811448FFF72A
:1041700028FC0122204612490DF10703FFF7D2FF68
:1041800038B13B4620469DF807200D49B04700282E
:10419000E9D0D8F838114A1C05D1D8F83411204696
:1041A000FFF73CFE0146012DD8D1D8F8343181EA21
:1041B0000302636C5B421A4218BF4FF0FF31CDE738
:1041C000A03200202DE9F0410F46164698460446DD
:1041D00088B060B390F83450FDB10121FFF79DFD28
:1041E00000210E9BCDE90511CDE902379DF83C3049
:1041F000CDF804808DF81C30237C04968BB90D49D2
:1042000001AA04F10800FFF795FDDDE90553E06B15
:10421000002E08BF1D4605F06EF9284608B0BDE81F
:10422000F0812046044A01ABFFF78EFFEDE705461B
:10423000F3E700BF6B3401007D4401002DE9F0413C
:10424000D0E90A369E42044686B028D11422C369BA
:10425000456802FB1355284606B0BDE8F08120688A
:10426000676C331AB3FBF7F3E26B07FB0300D2F87A
:10427000148001A90522C04701A8FFF78BFD012882
:1042800004D0636C1D44013B3340ED1A3146204697
:10429000FFF7C4FD0646A36AB342E0D1DBE7002581
:1042A000F9E72DE9F04F0F469A46002389B00446FE
:1042B0004FF0FF31104690468DF80B30FFF781FB31
:1042C000B7F5801F20D2394603AA04F10800FFF792
:1042D00022F9451C014605D1237CBBB92D2009B02C
:1042E000BDE8F08F4046FFF76CFB012241462046B7
:1042F0000DF10B03FFF716FF0028EDD09DF80B30F2
:104300008AF800300020EAE7B81CE5D1E66A711CA3
:104310002CD12046616AFFF762FD0646BB1C18BF20
:104320000123DFF8C4B00093636A626C01932368D1
:1043300003A902FB0639E36B484605225B6909F1D4
:1043400014099847002549464B1C05D0636C81EA47
:1043500009025B4213420FD031462046FFF73FFD72
:10436000019BB3422FD085BB0646DDE72368F61AD2
:10437000636CB6FBF3F6D1E71A48FFF722FB204641
:10438000009A18490DF10B03FFF7CCFE8446B8B133
:10439000BA1C03D0DBF85C31BB4211D145469DF815
:1043A0000B30DFF840E08AF80030BEE80F000FC5A0
:1043B000BEE80F000FC59EE8070085E807006546C8
:1043C000DBF86411C0E7002D88D0B7F5801F99D2C3
:1043D00039469AF80030D8F8042004F10800FFF7B5
:1043E000CBF88FE7CC320020703100202DE9F0436C
:1043F00085B00E4617461C460546DDF83080A8B34A
:1044000090F83430A3B3B1F5801F33D2DFF8689051
:104410000121FFF782FC314628460DF10F0309F513
:10442000C472FFF73EFFE8B99DF80F30012B14D19D
:10443000D9F8982104EB08039A4215D3224600903C
:1044400043463946284604F081FB0446E86B05F0F4
:1044500052F8204605B0BDE8F083022B0CBF602463
:104460002D24F3E72D24F1E76324EFE72124F0E77F
:104470001124EEE72924ECE77031002073B50D46D6
:10448000D11E4A421C461B7E4A419A4229D12968C4
:104490002368994225D36368994222D8124E0DF1C0
:1044A000070306F5DA72FFF7FCFED0B9D6F8B8219B
:1044B0006B689A4215D19DF80730DA1E534253417A
:1044C000227E93420DD1636901336361D4E90323F2
:1044D000934206D22968A26842F823102369013367
:1044E0002361012002B070BD7031002070B500253D
:1044F000044686B00562E369AB4202D8206A06B082
:1045000070BD666C2068E36B05225B6906FB0500E5
:1045100001A9984701A8FFF73DFC012898BF236A2D
:1045200005F101059CBF01332362E4E738B5044679
:10453000456C006804F1400305FB0101E06BFFF7E7
:10454000F9F805462046FFF7D1FF284638BD2DE98A
:10455000F04100254FF0FF384FF6FF730446474601
:104560002E4686B0C0E90853E369B3420DD8A5EBE7
:104570000805012D06D94FF6FF7300256362E36934
:10458000AB4223D806B0BDE8F081E26B2368606CD3
:10459000D2F814C000FB0630052201A9E04701A8AB
:1045A000FFF7F8FB01280FD801A8FFF79BF8874217
:1045B00088BF6662804528BF8046854238BF054671
:1045C0000746236A013323620136CDE7666C206813
:1045D000E36B06FB050005225B6901A998470135DD
:1045E000CDE72DE9F04F95B00D460A920A69416C6E
:1045F00006931439D31DB3FBF1F3013302EBC3026D
:10460000036B04469342C0F00C83002308939B4B3A
:10461000A3F5AE79E36A994819460493FFF7D1F9F7
:10462000D5E903370293069B022B40F0C280CC2FC2
:1046300040F06A820A9B002B00F0B5800026686873
:10464000E36B0F9601225B690FA908309847B046CB
:1046500094F84230012B40F0E682632E07D90F9B7D
:10466000666C10930A9B002B40F0AA809EE0612E9E
:1046700008D812AB324629462046FEF7ABFE9DF81D
:10468000483013B312AB3246294620468DF8448099
:10469000FEF7A0FE94F84230DDF848A0012B71D15E
:1046A0004FF6FF739A4549D0082212A911A8FEF7C8
:1046B000FBFF9DF84420CAF307239A423ED15FFADC
:1046C0008AFA0F9B53440F9338E094F84230012B41
:1046D00036D1612E2BD832462946204610ABFEF744
:1046E00079FE2946204611AB721CFEF773FE29465F
:1046F000204612ABB21CFEF76DFE0823102211A952
:104700000DF13B008DF83B30FEF7CEFF102212A9D1
:10471000FEF7CAFF109BDAB24AB99DF83B20B2EB14
:10472000132F04D1DDE9113203EB02430F9394F808
:104730004230012B14BF012302231E44013687E7B8
:10474000302EF4D832462946204610ABFEF742FE02
:104750002946204611AB721CFEF73CFE1023202296
:1047600011A90DF13B008DF83B30FEF79DFF109B2A
:104770009AB2002ADBD19DF83B20B2EB134FD6D181
:10478000119BD3E7BAF1FF3FD8D0102212A911A88C
:10479000FEF78AFF9DF84420CAF307439A42CDD121
:1047A0001FFA8AFA8DE7029B1B681093082309936E
:1047B00015E0782F666C3FF655AF0A9B002B3AD078
:1047C000E36B01225B69686812A99847129B13F09A
:1047D0007E0F14BF04230823782F099331D90122B7
:1047E00000230592082200922A68C9F86C71C9F862
:1047F0005C21069A032A3FD0022A059A37D1C2F1DA
:104800000202D2B289F870210022CDE90B22DDF834
:1048100010A003920792606C411E0AEA0101421A3D
:10482000002F2DD0009E33449A422CD8236B1B1AA4
:104830000B44236341E1EB7D002B14BF08230423C9
:104840000993049A731E1340F31A3A1D934207D238
:1048500057B1082BC3D80022042305920093C3E765
:10486000002304220593BEE704230597F6E7002AF8
:104870000CBF07220022C5E7069AC3E7CC3200200E
:10488000009B9A42D2D3009BB846D21A974228BFC7
:10489000904653449742019348D90123D9F86C219B
:1048A00089F87331974246D1C9F860A1039399F80A
:1048B0007331002B41D099F874210399D31C09EB73
:1048C000C3030132C3F860A1A3F8648183F86611C1
:1048D00089F87421B8F1000F14D0069B022B2FD158
:1048E0000C9B7BB90B9B4344032B0BD9E36B01223D
:1048F0009B69019810A998470646002840F00E8150
:1049000001230C9399F870312E68824A012B02EA38
:10491000C61628F07C4B40F28D809A1E012A03D9DE
:1049200008F1070303F07F031E4389E0039B002B7C
:1049300018BF0323BAE70223B8E7C9F860A1C9E7A3
:104940000A9B002B31D1029BB8F1030F03EB080B3C
:1049500028D9DDE90101E36B4FEA98029B6998478A
:104960000646002840F0CA8018F003025FD0029B80
:1049700028F0030633440293019B1E444FF0FF339B
:10498000029911A811930FF059FDE36B30460122F3
:104990009B6911A998470646CDF808B0002EB1D002
:1049A000019B6FE04246019EE8E705F12003DDF838
:1049B00004B00D93EB7D68689BB100232E7E079AAF
:1049C000D9B28E4211D90D9903F1010C31F833108F
:1049D000914226D9099905EBC303D8690A441044CA
:1049E00003E0079B099A13441844E36B01225B69B7
:1049F00011A99847119B01220F93079B5846043336
:104A00000793E36B0FA99B699847019B06464344B4
:104A1000A3EB0B03042B07D9002872D10BF1040B75
:104A2000C8E76346521ACBE7CDF804B0B6E7CDF835
:104A300008B067E7039A43EAC263334343F0604632
:104A40004FF000038DF84430059BCDE9126B002B2D
:104A500049D0202212A911A8FEF726FE1A2213A976
:104A6000FEF722FE9DF844304BEA83631393E36B19
:104A7000009A9B695046920812A99847061E089B07
:104A800018BF5346009A0893514643462046FFF705
:104A9000EEF9236B009AC9F864019B1A08F103022E
:104AA00022F003029B1A2363002E37D10B9BDDF803
:104AB00004A04344A7EB08070B9351462046FFF799
:104AC000ADF900238246002F7FF4A5AE124A04F10F
:104AD0000800D2F86431D2F86021E3622968069BAD
:104AE000FEF74AFD12E01B2212A911A8FEF7DCFD19
:104AF0009DF8443046EAC3661296B8E7CDF808B090
:104B00004EE7CDF804B04BE770263746384615B06F
:104B1000BDE8F08F80FFFF07703100203D2EF4D1FB
:104B200004F108030093049B2768E16A2046A3EB85
:104B3000070BD4F844A0FFF771F9A36ABBFBFAFB9B
:104B40008342D4F830C0616C5DD0D9F8642101F1A2
:104B5000FF3E02EA0E0EACEB010C0EEB0C02089BC2
:104B600022632268E0629A1AB2FBF1F8C3453ED193
:104B70000AFB0877049B07F1140BB3EB0B0711D06A
:104B8000E36BBA0859469B6998478246E26A049BE0
:104B90003A44E262226B0098D21A5A442263FEF72A
:104BA00080FC57462368616CE06B01FB0831FEF71F
:104BB00068FD2046FFF79AFC2046FFF7C8FC626AB2
:104BC000616C2368204601FB02331433A362FFF7B4
:104BD00035FB20636FB12A69616CD31D1439B3FBB7
:104BE000F1F3013302EBC30290429CD28DE7002720
:104BF000D8E704F10800FEF754FC3B46394620464E
:104C0000104AFFF7A1FA2A69616CD31D1439B3FB6E
:104C1000F1F3013302EBC302236B9342BFF4FAAC0E
:104C200073E71C2772E7312E3FF619AD3FF42AAD2A
:104C300012AB324629462046FEF7CCFBBDF8483081
:104C40001FE500BF3B360100F7B5032A1646089C56
:104C500005D1237A012B26D0012003B0F0BD2568B1
:104C6000274F28460DF1070307F5DA72FFF719FB06
:104C700060600028EDD1D4F800E0D7F8B801DEF884
:104C80002810DEF844C04840CCF100031840E0D1C1
:104C9000237A012B09D1E268D7F8C43113446A6939
:104CA000934202D92074207CD7E7DEF80020DEF89A
:104CB0002C30891A9B1AB3FBFCF3B1FBFCF18B423D
:104CC0000DD1696CEB6A4A1E13402A6B521A1344C9
:104CD0002B6325682846A96AFFF7A0F8E862D7F891
:104CE000C421E36808321344E360012233460549D6
:104CF0002068FFF776FC60600028AAD00020ACE7AF
:104D00007031002024330020032A2DE9F3410646A8
:104D10000D4617461C4606D1237A012B24D00120CC
:104D200002B0BDE8F081DFF8608009680DF107038B
:104D300008F5DA72FFF7B5FA60600028ECD19DF84B
:104D40000730032BE8D0D8F8B8216B689A42E3D13A
:104D5000237A2969012BD4F80CC007D172690CEBB6
:104D60000103934202D92074207CD9E708316144C1
:104D7000E1603B46012229463046FFF732FC606085
:104D80000028C9D00020CBE7703100202DE9F34185
:104D900004461F46164688462C4D4FF0FF3105F558
:104DA000DA70FEF70EFE9DF820300022204605F551
:104DB000DA71C5E97067C5F8B481FFF712FC236E9C
:104DC0000746002B3DD020466169FEF779FF626EF1
:104DD000236B024493422CBF00220122984228BF39
:104DE0000023257C38BF1B1A002684F850206365F9
:104DF00084F85850D5B1DFF85880334632463146F2
:104E000020460196CDF80080FFF7DCF90123054626
:104E1000CDE900833246334631462046FFF7D2F9CA
:104E2000E36805449D4294BF3546ED1A94F850302E
:104E3000E56513B994F858301BB1236E04F15000A6
:104E40009847384602B0BDE8F08100BF70310020BD
:104E5000FFFF0F007FB50C46054648B390F834308D
:104E600043B3B1F5801F27D20221FEF756FF21463A
:104E70002846124A0DF10F03FFF713FA0646A8B9A8
:104E80009DF80F30032B11D0284603F078FF032341
:104E900021460093324633462846FFF777FF044603
:104EA000E86B04F028FB204604B070BD2D24F7E722
:104EB0002124F8E71124F6E72924F4E7F83200204A
:104EC0002DE9FF410F4690461E460546002847D073
:104ED00090F83430002B45D0B1F5801F44D2234CDC
:104EE0000221FEF71AFF04F5C472394628460DF177
:104EF0000F03FFF7D6F9024620B16B699E4219D91C
:104F0000622410E09DF80F30012BF6D1D4F89811EF
:104F10008E42F2D1009341463346284603F016FEF6
:104F200004460028E9D1E86B04F0E5FA204604B015
:104F3000BDE8F081284603F022FF31462846FEF7FF
:104F4000BFFE2C6B844209D30123424600933946AD
:104F500033462846FFF71AFF0446E4E71C24E2E73D
:104F60002124E3E71124E1E72924DFE77031002061
:104F7000F0B504460D46466CE36B006887B0052229
:104F80005B6901A906FB0500984701A8FEF702FF2F
:104F9000012804D801A8FEF7A5FB07B0F0BD2946FB
:104FA0002046FEF71CFF0646676C2068E36B05226F
:104FB0005B6901A907FB0600984701A8FEF792FB71
:104FC000431CEAD0B54238BF0130E6E72DE9F04F87
:104FD0004FF0FF334FF6FF720025044600F108083A
:104FE0008BB0C0E90923C3620562056340468B4666
:104FF000FEF757FA2046FFF779FA002842D14FF61C
:10500000FF79676A00264F4514BF3D460025E369D6
:105010009E4239D32046FFF769FA38BB5E202EE066
:105020002368E26B606C576900FB0530052205A917
:10503000B84705A8FEF7AEFE26FA00F3DB070746E1
:105040000BD529462046FFF793FF0246012F29463C
:10505000204608BF0132FFF769FA0135E3699D4236
:10506000DED32046FFF742FA0028C8D02046FFF7DB
:105070006EFA4FF6FF72636A93422FD167200BB02E
:10508000BDE8F08F1A26E9E7E26B2368606CD2F87E
:1050900014C000FB0530052205A9E04705A8FEF76E
:1050A00079FE022807D04F450DD10BF101022946A8
:1050B0002046FFF73BFAE3690135B5FBF3F2013611
:1050C00003FB1255A3E729462046FFF751FFB0F135
:1050D000FF3F14BF02465A460132E8E7E26B666CB6
:1050E000206855696946052206FB0300A847626AE5
:1050F000616C23684A4D01FB02331433A3624FF005
:10510000FF336FF00101E362204605AB05F5DA726B
:10511000FFF7C7F8002849D1D5F8BC5129462046E9
:10512000E562FEF73EF9206320B92046E16AFEF70A
:1051300075FEE06229462046FEF770FE0546A36A2A
:105140009D4235D12046FEF715F900260746354623
:10515000E3699D423ED3B74257D92046616AFEF7C4
:105160003EFE4FF00008054604F1400A464512D8BD
:10517000626C2368694602FB0539E36B05225B69B3
:10518000484698476846FEF7ADFA534602464946F8
:10519000E06BFEF7CFFA29462046FEF720FE08F125
:1051A000010847450546E1D1642068E7A56AB5E7EF
:1051B00029462046FEF7F5F8236B294603440646A8
:1051C00023632046FEF72AFE0546002EB7D1C4E928
:1051D0000B06B4E7626C236805A902FB0539E36B93
:1051E00005225B694846984705A8FEF7D3FD0128CC
:1051F00009D8204609F11401FEF7D3F8636C143B7B
:10520000984208BF01360135A2E74046FEF749F94A
:10521000002320461946034AFEF796FF00202EE79A
:10522000703100203B360100034B5A6812B19A6A74
:10523000002AFAD1704700BF00400650002307B58E
:105240000093252853D8DFE800F0135B1722293498
:105250004E6A767A8996ABB9525B565252765B2289
:105260002922345B6A22B94E4E4E4E2222227A897E
:1052700010F076FD00903AE010F072FD534BD3F839
:105280009030C3F304630133B0FBF3F0F2E710F0A6
:1052900085FD4E4B1B6FC3F38023F4E710F07EFDBA
:1052A0004A4B1B6FC3F380230133B0FBF3F040087C
:1052B000E0E70193454BD3F8803103F00303022B61
:1052C0000AD0032B0CD0012B03D1002101A8FEF73B
:1052D000B3FA019B00930AE010F0DEFC0190F8E7BE
:1052E0003B4B0193F5E700216846FEF7A5FA0098CD
:1052F00003B05DF804FB4FF0E0231B695A0702D5A9
:1053000010F04CFDB6E7314BD3F8400100F003003C
:1053100003282DD0003818BF0120C003AAE72B4B6B
:10532000D3F8403103F00303032B4BD0003B18BFED
:105330000123DB03CEE7254BD3F86031F2E7234BA3
:10534000D3F8003203F00700032811D05B0709D41B
:10535000013801288CBF00200120DEE71B4BD3F869
:105360000832EFE7042824D110F018FD800A81E705
:105370004FF47A707EE7154BD3F8003103F0030346
:10538000022B06D0032B07D0012B07D1114B5B68F2
:10539000A0E74FF400439DE70F4B9BE7002399E7FD
:1053A0000A4BD3F8803003F00303022BA8D0032B61
:1053B00001D000205EE710F06FFC5BE7034BD3F8F1
:1053C0004032AFE74FF47A7384E700BF00800050AB
:1053D000002D31013C41002080D5430238B5174CE7
:1053E000FF28A26A28D8A36D13F4803F18BF0121BB
:1053F000134B18BF996202219962A56D15F0804583
:10540000FBD11049A36991F9E0116FF3172301440F
:1054100081F3080143EA002343EA0143A361022127
:105420000948FEF779FBA36DDB0303D5012106488C
:10543000FEF772FB284638BD2125FBE700C000506F
:1054400000D000507031002028C0005038B50F4CFB
:10545000A26AA36D13F4803F18BF01210C4B18BF43
:10546000996202219962A36D5900FCD40221094876
:10547000A569FEF751FBA36DC5F30725DB0303D533
:1054800001210448FEF748FB284638BD00C0005003
:1054900000D0005028C00050014B83F8E001704755
:1054A00070310020014B93F9E0017047703100200A
:1054B000012313481349826A8B62836D03F003034F
:1054C000032BFAD102238B620D498B6D5800FCD45B
:1054D0000D488B6D30EA0303FBD10121094B19659F
:1054E000A3F58053996D8907FCD4996D8807FCD585
:1054F000996D8907FCD503210448FEF70DBB00BF59
:1055000000C0005000D000500300010028C000502F
:10551000114321F0F8014904034B490C41F44021A7
:10552000063043F82010704700800350021E30B54B
:105530004FF0000014BF04250C2547F607740849F6
:1055400052B9831D51F82330234023B101308542E5
:10555000F6D14FF0FF3030BD00F11203F2E700BF8B
:10556000008003503AB122F0030202F1A04202F59A
:10557000603209B9106070470002FBE7044B98687D
:10558000421C02BF034AD2F894009860704700BFE3
:105590003C410020004000504FF0B0435A6812B127
:1055A0009A6A002AFAD17047054B5B69C3F38512EA
:1055B000827003F03F021B0B42700370704700BF04
:1055C00000C0075007B5014601A8FFF7EDFF9DF8A1
:1055D000063001220B804FF4807300204B80054B76
:1055E0009B680A3303F01F0302FA03F34B6003B016
:1055F0005DF804FB0080E00FF8B5224B0446D3F8B9
:1056000010334B1E0E2B0D4616462AD971B30022BD
:10561000012130276378207899401A4B07FB00332B
:105620000EB341F210001950302163782778072B10
:1056300001FB07F71CD80F219B0013489A409940A3
:105640003844FEF769FA5DB9012230206378217889
:105650009A400C4B00FB01338EB141F210015A50BD
:10566000F8BD0A46D4E742F21000DCE70A46DBE761
:105670000F21083B9B0005489A409940E0E742F221
:105680001001ECE700C0035004C003500CC00350ED
:1056900010B560B1EFF31184302383F31188FFF765
:1056A000ABFF84F31188BFF36F8F002010BD222061
:1056B000FCE7F0B501258D40EFF311864FF0300C7B
:1056C0008CF31188174C176823F0030344F82170FA
:1056D0000CFB0101547B0C66D47A977A240544EACA
:1056E0000744177B44EA4754CC650B6711799379DB
:1056F00043EA014300F500518B615379D17941EAC6
:10570000034100F580539961117A01B11D64527A09
:1057100002B19D6300F50050456386F31188BFF325
:105720006F8FF0BD00400450012303FA01F1BFF375
:105730005F8F00F5005300F5805059638164704716
:1057400038B50A460C46002105460EF013FD38BD5B
:1057500001B1F5E7704710B508B9212010BD002947
:10576000FBD0036813F0704209D1C3F30E030B6042
:105770001BB94368002BF0D00B600020EEE703F06C
:105780005044B4F1004F05D0B2F1304F02D0B2F125
:10579000404FE2D1DBB2EAE773B50D460646F0B101
:1057A000E9B1002301A90193FFF7D5FFB8B9346827
:1057B000019A14F0704402F1030222F0030202D1B4
:1057C0002A6002B070BDB168B4F1204FC1F38033DC
:1057D000C1F340310BD004D8B4F1004F09D02120DF
:1057E000EFE7B4F1304F02D0B4F1404FF7D10B44A2
:1057F00001E003EB410353432B60E2E72DE9F7435C
:105800000D4690461F460646E8B1E1B10468D1F85E
:1058100000904C451BD004F03043B3F1004F12D13F
:1058200084EA0903B3F1805F3CD2002301A901930C
:10583000FFF791FF38B9019AC2F30E02144349EA07
:1058400002039C422ED0212003B0BDE8F08314F067
:10585000704427D4B4F1805F29D00023304601A9D9
:105860000193FFF778FF0028EDD1009069462846A4
:10587000FFF771FF0028E6D1DDE900329A42E3D05C
:10588000E1E70023B8F1000F06D043F48053B2687B
:10589000A9684A401A42D6D1002FDED0AB689B04DB
:1058A000DBD4D0E7002FECD14FF4C043EAE7002B64
:1058B000F4D1B8F1000FD0D04FF4C043E7E737B5CB
:1058C0000C46054650B149B100230B60036803F054
:1058D00070430B60C2683AB1032A02D0212003B0A2
:1058E00030BD43F080630B60AB689A013ED403F097
:1058F0008073EA680AB9002BF0D1226822F0407266
:1059000013432360EA68032A05D12A69F62AE5D9F8
:1059100062F317432360AB681B0442BF236843F460
:1059200000432360EB68032B1FBF23682A6862F3E0
:105930000E0323602A68AB6802F07042B2F1805F08
:105940001CD213F4D84FC9D10023284601A90193D2
:10595000FFF701FF0028C1D12B6813F0704231D14D
:105960002368019A62F30E032360B8E703F04073E3
:10597000B3F1407F18BF4FF00073BAE7580403F447
:10598000005118D40029A9D0226842F400522260A4
:105990001A0542BF226842F4006222602A6802F0BF
:1059A0007042B2F1404FCFD05B0542BF236843F451
:1059B00080632360C8E7226842F4804222600029A5
:1059C000E6D0E1E703F05043B3F1004F05D0B2F168
:1059D000304F02D0B2F1404F80D1019B013B237088
:1059E0007DE737B50C46054608B9212019E00029A6
:1059F000FBD001234B60C368ABB901A90193FFF74A
:105A0000CBFE0028F1D1019B6A699A4208D32A692A
:105A1000002AEAD0226043F000530020A36000E097
:105A20001D2003B030BD032BDFD10023F5E7436811
:105A300082B013B9416002B0704743680193019B83
:105A40005B68012B019B01D15960F4E75B68F5E7C6
:105A5000F0B5174602780446022A0E4693B03FD0AE
:105A6000032A41D0012A43D11425224A0C34326042
:105A70000022990172603046B260326210F023FD5C
:105A80004FF0010C41F00051099709ABCDF828C047
:105A900006AF0B9145F0005593E8070003AB87E88C
:105AA00007000C940CAACDF834C00E9507CA83E801
:105AB00007000F9412AACDF840C0119512E9070013
:105AC0008DE8070019463046FFF7B1FF3946FFF76A
:105AD000AEFF694610F04FFD10F01EFD13B0F0BD93
:105AE0002025054A0C34C2E72025044A0C34BEE7C1
:105AF0002120F3E700020103000301030004010376
:105B00002DE9F047884616461C46054600283FD03A
:105B100000293DD00378013B022B39D8436800F1BE
:105B20002C0903F03F07E318436022BF8368013369
:105B300083607FB3C7F1400A544522D352463146B1
:105B400009EB07000EF07AFC01234A46414628463D
:105B5000FFF77EFF90B9403C3C443F2C56440BD9A4
:105B6000324641462846A309FFF772FF30B924F0B8
:105B70003F031E4404F03F0414B90020BDE8F08741
:105B800000272246314609EB07000EF057FCF4E7E8
:105B90002120F3E73F2CE3D8F3E72DE9F0430E464D
:105BA00017461D46044693B018B9212013B0BDE82E
:105BB000F0830029F9D0002AF7D0002BF5D000237C
:105BC00039461A463046FFF719FE0028EDD16946DE
:105BD0003846FFF7C0FD0028E7D130683249009A07
:105BE00088426B695CD19342DFD32B68002BDCD1F8
:105BF0004FF06062636030462260A360236201A9B7
:105C0000FFF75DFE0028D0D10199204621F4F06114
:105C1000019110F058FC284602A9FFF750FE002819
:105C2000C3D14FF001094FF000582046029910F0FF
:105C30004AFC09A9CDF82890CDF82C80FFF7F7FE93
:105C4000304606A9FFF7CDFE0028AFD1204606A9B1
:105C5000FFF7EDFEEB6833B10CA9CDF83490CDF829
:105C60003880FFF7E4FE38460FA9FFF7BAFE002898
:105C70009CD120460FA9FFF7DAFE284603A9FFF7BB
:105C8000B0FE002892D1204603A910F074FC032531
:105C9000204610F041FC012888D1013DF8D185E76C
:105CA000B3EB420FA1D280E7200000B010F1860FC5
:105CB00012D010F1850F0ADA10F1950F0FD010F104
:105CC000930F0CBF6FF06F004FF0FF30704700383C
:105CD00018BF0120404270476FF0710070470148C3
:105CE000704700BF00B2FFFF10B12421F1F780BF61
:105CF000704770B515460E4624210446F1F778FF2B
:105D000025F04003802B02D0B5F5807F08D12046D6
:105D1000314640F8045BEA080EF090FB002070BDAD
:105D20006FF01F00FBE72DE9F043012905460E4601
:105D3000914698469DB04BD8046824F04003802BD0
:105D400002D0B4F5807F46D12022002114A80EF0A5
:105D500011FA224A224BE408012E08BF134613937E
:105D60002B1D0A93012344F000540B930C941D4CFB
:105D700007AF0AAA07CA04AE87E80700CDF8349037
:105D80000DAA0E930F9407CA86E80700CDF840804D
:105D9000119310AB129401AC93E8070084E807005C
:105DA00013A83946FFF743FE3146FFF740FE214670
:105DB00010F0E1FB2968C90810F085FB102110F0F4
:105DC00082FB10F089FB10F06BFB1DB0BDE8F08387
:105DD0006FF02000F9E76FF07100F6E700010004B2
:105DE000000101041000002000F01F03A0F50620B0
:105DF000A0F55060812811D801229A40094B400932
:105E000003EB8003D3F814111143C3F81411D3F832
:105E1000001121EA0201C3F8001170474FF0FF3072
:105E2000704700BF703100202DE9F04FBBB028AEA5
:105E300000F130070446884615460FCF0FC697E895
:105E40000F0086E80F002822002130A80EF092F9FA
:105E500030A810F02EFB04F1300B0646002840F06D
:105E60005A81D4F80090BB4A29F47E13934240F043
:105E7000DB809DF8A030014603932A9B102218A8CE
:105E800004932F9F0EF076F9102231461CA80EF0D5
:105E900071F91022314620A80EF06CF9102231461B
:105EA00024A80EF067F9049B1DB1B8F1000F00F0B3
:105EB0003281C9F30742C9F30549B9F1020F00F075
:105EC0002A81B9F1100F00F22681D20700F1238157
:105ED000FA1F062A00F21F81FAB2C2F10F0A5FFA16
:105EE0008AFABAF1030F049209D8BAF1020F0CBF73
:105EF0004FF480324FF08072934280F00C81502238
:105F00000021584605930EF035F92A1E18BF0122CC
:105F1000FBB2C3F10E0B5FFA8BFBA9F1020149083A
:105F20004BEA821242EAC1028DF860202BA93A4660
:105F30000DF161000EF082FA059B1CA91A4601368C
:105F4000564501F8012D4FEA1222F8D3039A6363F4
:105F5000049B84F84C20C4F848903A4684F85D309D
:105F60002BA9261D04F138000DF170090EF066FA18
:105F70003146CDF8009018AB20AA30A802F043FCBF
:105F8000002840F0C880E5B14FF4A063ADF8603060
:105F9000D8F80030CDF86600CDF8623098F80430BB
:105FA000CDF86A00ADF86E008DF866303146CDF858
:105FB000009018AB20AA30A802F025FC002840F081
:105FC000AA8020AB04F15E0C24AE1A4603CAB2428A
:105FD000CCF80000CCF8041013460CF1080CF4D1F6
:105FE0003A462BA90DF191008DF890B00EF026FAEB
:105FF000781C5246002130440EF0BCF8012304F115
:106000004D028DF89F3028AF334603CBBB42106062
:1060100051601E4602F10802F6D10020636A1D4459
:1060200065623BB0BDE8F08F4B4A934240F0AD80D3
:106030002F9B15B1B8F1000F6DD00C2B6BD17822CE
:10604000002158469DF8A0600EF094F8002384F8D3
:10605000A160C4E90E532BAA002D00F08D8001260B
:1060600018923E4A19960DF118091A9218AA07CAF1
:1060700089E807003A4ACDF870801D960DF1240892
:106080001E921CAA07CA88E8070004F14002209269
:106090000392344A21960CAF229220AA07CA04F137
:1060A000040B87E807000DF1900A2F4A5146584625
:1060B0003193309232933893FFF701FC049050BB38
:1060C00030A8249910F0FFF9052110F0FCF9049B89
:1060D000194610F0F8F94FF000530FA910961193DC
:1060E000FFF7A5FC584612A9FFF77BFC98B930A82A
:1060F00012A9FFF79CFC4946FFF799FC4146FFF7C0
:1061000096FC394610F037FA10F006FA30B110213B
:106110000398FFF715FB6FF0920082E7134B04F131
:10612000700724972596269315AB9AE8070083E815
:10613000070094F8A1000E4A0E493293012808BFC7
:106140000A4630A8309210F0E7F9D8B1202138463D
:10615000DFE700BF00014005000240050C00002001
:106160000500002010000020000002042000002094
:10617000010002040100030404F1700307CA83E86C
:106180000700012084F8A20047E76FF0850048E788
:106190002DE9F0410E4614461D46BAB0002845D000
:1061A000002943D0002B41D0038803F44F42B2F5BD
:1061B000824F40F09B80DAB2122A0ED0413A012A77
:1061C00000F294802B68002B00F0B680DA1DB4EB4F
:1061D000D20F2BD1FF2B21D0B0E023F0FF03B3F57A
:1061E000E24F26D143882B60E3B9E3002B60B3F57F
:1061F000807F7BD10023184657493519214415F873
:10620000012D11F8014D1043121B18BF0023AE429F
:1062100043EA0203F3D148B1002B07DA00203AB079
:10622000BDE8F081DA1DB4EBD20FE0D06FF086004C
:10623000F5E7B3F5824F40F08B800B78042BF5D156
:10624000282200211FA80DF095FF1FA810F031F99A
:1062500010B16FF09200E2E7404B20901F930123B2
:106260002190CDF810D005933D4B04AA069301ABC5
:106270000090279007CA83E8070019461FA810F06E
:106280007AF910F049F90028E3D1009B354A23F050
:106290007F4393422AD94FF0420829AF424600215A
:1062A00038460DF067FF012320220021013C17A88A
:1062B0008DF8A43001360DF05DFF202200211C94E2
:1062C0000FA8E40064081B960DF054FF2022002163
:1062D00007A8CDE913780DF04DFFB4F5807FCDE927
:1062E0000B782C600BD004D8E02C9FD16FF0850088
:1062F00095E7B4F5C07FF9D0B4F5047FF5E71A4B04
:106300000FA917930F934FF4005319934FF4804341
:106310001193402317AA08931FA807ABFFF73DFC72
:106320000446296838460731C9084900FFF710FAC2
:10633000002C3FF473AF79E7E3002B60B3F5807F67
:10634000D4D14388B3F5807FD0D0FF232B6065E79D
:106350006FF0960063E700BFD26E020000000843B2
:10636000040000200102010020000080F8B513465F
:1063700042880C460732072A4FEAD20101D0A142D7
:1063800053D1D0E9016705882022184600210DF07D
:10639000F1FE360A0346002E4AD1002C45D041F2C8
:1063A0000102954205D0B5F5885F02D0B5F5905F42
:1063B00002D15C60002011E0B5F5105F07D1182C08
:1063C00003D0202C01D0102C2FD11C60F1E705F454
:1063D0004F42B2F5824F02D06FF08500F8BDEAB2AD
:1063E000122A03D1202CF7D1134A04E0412AF3D119
:1063F000202CF1D1114A25F0FF05B5F5E24F1A60C6
:106400000CD0B5F5824F10D14FF4005217F4705FE5
:1064100009D017F4864F04D09A60DDE74FF480422C
:10642000F4E742F480629A60C4E76FF08600D5E733
:106430006FF08B00D2E700BF20000080200000B08A
:106440002DE9F0411C46436807461B0A884615465D
:1064500088B054D1038823F0FF02B2F5824F2BD1CC
:106460004688413BDBB20736012B4FEAD60607D9F7
:106470000B78042B19D06FF0860008B0BDE8F081CE
:10648000B542F8D1224631463846FFF76FFF002863
:10649000F3D1033525F00305C4E9030865616EB93E
:1064A00020212046FFF74CF9E5E7013DB5EB460F0B
:1064B00001F10108E6D0DEE72E46E3E7014620229F
:1064C00068460DF057FE31466A463846FFF74EFFE4
:1064D000DDE90076DDE9062C02990028E0D1236889
:1064E000A568BB42DCD16768B742D9D18D42D7D10C
:1064F000A1699142D4D1E2696245BED0D0E76FF084
:106500008B00BAE72DE9F84F05460E4621B10B7D09
:106510001F2B02D90F2426E0454EEFF311873023BD
:1065200083F31188DFF81091D9F8E831183B13F1A3
:10653000180F11D1DFF80481D8F800A0C5BB42467E
:106540004FF0FF311C2005F013FA0446D8B187F351
:106550001188BFF36F8F06E0AB4207D187F3118834
:10656000BFF36F8F12242046BDE8F88F1A68B2423D
:1065700001D09B69DAE7002DF0D087F31188BFF3D3
:106580006F8F2324EFE74FF0010BD8F80050042160
:10659000307D05F1100205F095FA044680B1BBF19B
:1065A000000F02D028460FF041FCC8F800A0CEE74B
:1065B000BAF1000F01D1C8F800504FF0000BE6E728
:1065C0000421307D05F1140205F07CFA044618B16F
:1065D00028690FF02BFCE2E72B464FF400112E60E8
:1065E000D9F8E82168602873A86043F8182F114A89
:1065F000C9F8E8313368C2F8801111604FF0F052E9
:106600009A60FF224FF0FF3198619A6203F50052C1
:10661000986318641165012203F580535A600823BA
:106620002B733268936823F0F85393608FE700BFB1
:10663000F46E020000E100E0703100205C0B0020ED
:10664000002307B501AA019305F03CFA019803B0B5
:106650005DF804FB13B500244FF0FF3101AA01944B
:1066600005F086F900B10194019802B010BDF1E780
:10667000F0E7EFE7EEE7FDF71FBAFDF71DBAFDF70C
:106680001BBAFDF719BA0FF0D1BB0FF0CFBB0FF05B
:10669000CDBB0FF0CBBB0FF0C9BB0FF0C7BB0FF0EA
:1066A000C5BB0FF0C3BB0FF0C1BB0FF0BFBB0FF0FA
:1066B000BDBB0FF0BBBB002337B50D46144601939D
:1066C00002B3073020F00700C2E902104FF0FF319B
:1066D000684301AA05F04CF960B90246019B013DEF
:1066E000C4E9003391B2A94202F1010204D34FF090
:1066F000FF321A6003B030BDE16819441960E168E7
:106700000B44EFE72220F5E7FEE7002307B5084634
:1067100001AA4FF0FF31019305F02AF9019803B067
:106720005DF804FB08460FF081BB0846114687E779
:10673000BFF35F8F074B5A6A22F480325A62D3F854
:10674000942022F00102C3F89420BFF34F8FBFF3CF
:106750006F8F704700ED00E000232DE9F0479A4C61
:10676000DFF87082994E94F83470D8F8EC91F5689F
:10677000C8F8EC3117B32268AA4240F01881316999
:106780006268914240F013817169A268914240F0C1
:106790000E81B169E268914240F00981F169626954
:1067A000914240F00481716AE26B914240F0FF80B7
:1067B0001D46326AA2612846BDE8F0875822394654
:1067C00004F11000D4F838A00DF0D4FC336904F1C2
:1067D00008006360F369C4F838A06361336A256018
:1067E000A361D6E90523C4E90223FCF75AFE736AC4
:1067F00004F14000E3639B68984720B9676C17B1C8
:106800006368B3FBF7F794F84330E761002B00F0BF
:10681000D0800023656C2366002D00F0D280002F0D
:1068200000F0CF802368B3FBF5F205FB1233002B99
:1068300040F0C1806668B6FBF5F305FB1363002BDF
:1068400040F0B9806048FDF756FA8642C0F0B58046
:1068500040F634726369CC3B934200F2B080B5F5E8
:10686000805FC0F0AE8003215748FDF756FAD4E9A7
:106870000001E36B1B6898470546E36B0220DB6869
:106880009847BDB949465048FEF7A0FB6428054625
:1068900004D149464C48FEF799FB054655B9636C4F
:1068A000226A143B484802FB03F6FDF724FA8642AD
:1068B00038BF5A25002D0CBF0123002384F8343043
:1068C00056D1D4E90060D8F8F031D8F8F47101332A
:1068D000C8F8F031FFF72CFF1F2837D94FF0000C14
:1068E000F10600F1FF3018BF26F01F0106EB000390
:1068F0000CBF31462031DA06354A18BF23F01F039A
:106900005FFA8CF0874237D8D2F8C00041F003011B
:1069100020F47F4040F48070C2F8C000EFF311868D
:10692000302080F31188D8F8F40143F00303C2F853
:106930009800C2F89C10C2F8A03086F31188BFF30B
:106940006F8FD8F8F4310133C8F8F431BFF35F8F9B
:1069500005221F4BC3F894205A6A42F480325A62CF
:10696000BFF34F8FBFF36F8FBFF34F8FBFF36F8FA7
:10697000E06B02F0C0FD1EE7C2F89800D2F89C0060
:10698000D2F8A06020F01F00884226F01F0601D137
:106990009E42DBD08E4201D39842D7D9D2F89800DC
:1069A0000CF1010C20F0FF00C2F89800A8E75D256B
:1069B00001E72125FFE65925FDE65A25FBE65F257F
:1069C000F9E65B25F7E600BFD80A00203C4100202D
:1069D00000ED00E0703100202DE9F04FA7B0CDE9C7
:1069E000022180461D4604460822319F28FA02F300
:1069F00083EA0803990702F1080218BF9B00202AC6
:106A00001C44F3D18123B4FBF3F303EBC313E41A67
:106A10008A4B04F5062493F8F83104F55064002BF2
:106A20003CD1FFF799FE0646002879D10146402265
:106A300006A80DF09FFB4022314616A80DF09AFBE8
:106A4000DFF814927E4BCB4609F110094B4528BF65
:106A50004B46002603F1FF3A10225B46CDE900A623
:106A6000784806A9FDF7AEFB034606AA9E4244D12C
:106A700001231022CDE900A372485B4616A9FDF759
:106A8000A1FB4FF0000B824616AED3454DD16E4BA5
:106A90009945D7D10122694B83F8F8214FF081093C
:106AA0000026DFF898B16309A3F58643683B0BEB3A
:106AB0008303D3F8142104F01F01CA40D2074AD43B
:106AC000D3F80031CB40DB0738D5002E08BF26466F
:106AD0008123A4F50624A4F6FF44B4FBF3F303EBEF
:106AE000C313E41A04F50624B9F1010904F550644E
:106AF000D9D1029B23B356BB22E052F8040B059375
:106B00000492FFF771F9DDE9042301300BD1002273
:106B10004A4B83F8F821494B93F8F831002BBDD14B
:106B20006FF091000EE00136A0E756F8040BFCF779
:106B3000F1FE0130EFD00BF1010BA6E7029B23B968
:106B40006FF08B0027B0BDE8F08F06B92646329B68
:106B500000201E60F6E7309B13B10023309A1360CB
:106B60000FB100233B604FF0100A00232A46214654
:106B70003448CDF800A0FDF739FC002854D1309BF3
:106B80000BB1C3F800A02A68304B9A4215D02146B9
:106B90002C48FEF75FF90028D2D1D5E902230399EA
:106BA0008B4208BF424593D1029B002BCED06B682D
:106BB000012BCBD16FF08400C4E7309B002BECD0CD
:106BC000002FEAD000231F483B6090F83430002BA0
:106BD000A6D0DFF868A00121FDF79FF816AB21468B
:106BE00018480AF5C472FDF75CFB0346D0B99DF85E
:106BF0005820032A16D0022A11D104223A60114AE1
:106C00000493D06B02F077FC049B002B88D1309A60
:106C10003B681268934283D39B1A3B60BDE7DAF866
:106C20009821EBE72D23EAE7094B9842AFD0632880
:106C3000ADD0084B9842B0D072E700BF7031002051
:106C4000816D0800D80A0020906D0800105D175E65
:106C5000FFDF00F0FEDF00F0006D080070B50646B3
:106C60000D4614468CB0CAB11022002108A80DF0C0
:106C700081FA002205AB029307AB019306AB0093A8
:106C80003046294608ABCDE90622FFF7A5FE18B924
:106C9000099B6360079B23600CB070BD6FF086009A
:106CA000FAE730B58DB00C4605461022002108A841
:106CB0000DF060FA002205AB029307AB019306AB1F
:106CC00021460093284608ABCDE90622FFF784FE53
:106CD000044610BB099B012B22D0059D1348294671
:106CE000FEF7B8F8F8B9A5F50623A3F55063812B94
:106CF00005F01F000FD801210D4A5B0902EB830349
:106D0000D3F8142181404A402846C3F81421FCF7E7
:106D100001FE013001D16FF0860420460DB030BD78
:106D20006FF08404F9E76FF09104F6E7D80A0020C9
:106D3000703100204FF0B0439A6A1207FCD4186AF1
:106D400070472DE9F84FEFF31189302383F3118851
:106D50004FF0B0435B691907554903F0010203F096
:106D60000D0314464B6148BF42F002044AB1514A38
:106D7000D2F8FC310133C2F8FC310FF025FA0FF0E4
:106D8000C3F9A3072FD5EFF31185302686F31188B9
:106D90004FF0000A0FF018FA5746DFF81881D8F8BC
:106DA00028410CB1636923B30023012F88F8053211
:106DB00004D11AF0020F18BF88F805720FF0A4F979
:106DC00022280CD101223C4B83F828204FF0B042FE
:106DD000D36B23F00303D3630822354B9A6185F309
:106DE0001188BFF36F8F89F31188BFF36F8FBDE8F0
:106DF000F88F23465A693AB91A792179914288BFA6
:106E00001C469B68002BF5D185F31188BFF36F8F6B
:106E10002569DDB1FFF78EFFA369A0EB030A4FEAF6
:106E2000EA72AA4572F1000211DB2B44A361E36808
:106E300013B1204621689847B4F806A00137EFF354
:106E4000118586F311880FF0BFF9A8E7AA46EFF382
:106E5000118B86F3118820460EF062FF8BF31188A8
:106E6000BFF36F8F2369002BE1D0A38BB5EB0A0131
:106E700033B1E28B13449BB2B3F57A7F10D2E38334
:106E8000EFF3118586F3118820460FF0FFF8A36910
:106E900022691344A36185F31188BFF36F8FC6E79E
:106EA000A3F57A73E383A3690139013BA361E7E7A3
:106EB00000200058703100203C41002070B504468D
:106EC0000E46EFF3108572B64288818803888A42A5
:106ED0000FD21344B3FBF1F001FB1033013204EB8A
:106EE0008303DE606280012328460FF0A1FA184672
:106EF00070BD82685AB9238804EB8302D660A288E9
:106F00000133B3FBF2F102FB11332380EBE700EB1B
:106F10008303D968904703460028ECD1E4E72DE9C4
:106F2000F0432B48DDF81C8090F8124294424BD974
:106F30000C246243D0F808E21EEB020446D06089BC
:106F4000002843D0B4F90450B4F906608D42B4F976
:106F500008701DDCB142A8BF3146002F36D000F1C9
:106F6000FF3C1FFA8CFC07FB0C594C1B94FBF7F4FD
:106F70004E45D8BF6046A4B2A04202D3B14218BF6A
:106F800020465EF802C05CF820200CEB800403E091
:106F90002946E2E7013880B218B154F804ED724591
:106FA000F8D0B1421EBF17FB00F1491909B299424E
:106FB00003DD10B1013880B2E5E70020C8F80020F9
:106FC000A8F80410BDE8F0830E20FBE70220F9E7E3
:106FD0007031002010B5084C20460DF098FC20B907
:106FE00094E80700054B83E80700BDE81040012145
:106FF0004FF0FF300DF08DBC0C6F02007833002095
:10700000FF207047004870470080FFFF38B5134CE1
:107010000546616B79B9A26B5AB9616CA1B9A26CD2
:10702000CAB13C34E3688BB922780D4B00201A704A
:1070300009E02C34F6E72C342846227809680DF054
:107040009AFD0028EED038BD3C34F5E72846984735
:107050000028E9D0F7E70220F5E700BF3C41002017
:1070600048140020F8B5154F97F8143223BB0222BC
:10707000134E144D144CAD1BC4E90065C7F81C52E7
:10708000013D3046ED08C4E9023323612277636293
:10709000C4E90566C7F81862F2F7E0FE7580236957
:1070A000E26801332361A36808339342A36088BF79
:1070B000E360012387F81432F8BD00BF703100206F
:1070C00068420020000001209819002000232DE9CB
:1070D000F04F9E4E85B0039373680D469A4210465A
:1070E00006D249B922B14FF0FF3103AA04F040FCA7
:1070F000039805B0BDE8F08F1AB908460EF096FE69
:10710000F6E7EFF31188302383F31188A1F1080C1F
:1071100031F8061C07304FEAC10920F00704A145E9
:1071200080F0928035F8023C002B76D0591A012964
:1071300073D10CEBC30A1CF83330D9076DD4BAF8FD
:107140000230A9EB040717EBC30766D41F2F3DDD00
:1071500005EB040BC4F3CF0425F8064C0134584664
:1071600025F8024CFF08F2F779FEABF8027035F80B
:10717000023CABF80430BAF806301BB3BAF8022070
:107180009A1A12FA87F7BFB20AEBC303ABF806707C
:107190009F8000225146584601F0B8FB5046F2F756
:1071A0005DFE002235F8061CB368039503EBC103AE
:1071B000F168A3EB09038B42B36043D8A2B3083B49
:1071C000B36031E00023ABF80630E2E73369013BFE
:1071D000336135F8063CBAF802200133134425F830
:1071E000063CBAF80620A2B1BAF80210511A11FAF8
:1071F00083F39BB20AEBC20225F8023C9380012282
:107200006046514601F082FB5046F2F727FE01220C
:10721000C8E7002325F8023CF1E74FF0FF31204694
:1072200003AA04F0A5FB20B188F31188BFF36F8F88
:107230005EE74A46294603980DF000F928460EF00D
:10724000F5FDF1E7F360B9E777D935F8022CA9EB42
:107250000407531E5B1A002A3ED00CEBC20A1CF82E
:107260003220D20739D4C3BBC4F3CF0305EB040BE0
:1072700025F8063C013325F8023C5846F2F7EEFDAE
:10728000BAF8023003EBD703ABF8023035F8022C22
:10729000ABF80420BAF80620DAB1BAF80210511A95
:1072A00011FA83F39BB20AEBC202ABF8063093806B
:1072B00000225146584601F029FB5046F2F7CEFD18
:1072C0000023B26803951444A4EB0904BBBBB4606B
:1072D000AAE7ABF80620EBE79246272F2DD9C4F397
:1072E000CF0205EB040B25F8062C013F013225F8EF
:1072F000022C5846FF080193F2F7B0FDABF802707C
:1073000035F8022CABF80420BAF1000F12D0019B23
:10731000013313FA87F7BFB2ABF80670AAF804700E
:1073200000223369114601335846336101F0EEFA09
:107330000123C6E7ABF806A0F2E7039574E7F3680C
:1073400008349C42B46088BFF4606DE7981900204F
:10735000044B186072B64FF0E02300221A6100BFA0
:10736000FDE700BFD8190020054B06498A6930EABD
:10737000020203D0013BF9D1184670470120704743
:10738000A08601000080055038B5044640200D4617
:10739000FFF7EAFF10B90F20FFF7DAFF094BDC63B4
:1073A0007DB1094A41F22101938883EA0420082330
:1073B00004B24000002C80B2B8BF4840013BF7D176
:1073C000908038BD00800550D8190020F8B50646D9
:1073D0000C461546064F013CA30026FA03F303F0C2
:1073E0000F032946F85CFFF7CFFF002CF3D1F8BD5F
:1073F00000750200F8B5994CA37903F0FF021BB9A0
:107400004FF0E0231A61F8BDA3680133A360A368BD
:10741000272BF8D9EFF311832367EFF3108363670A
:10742000EFF31383A36772B601218D4BC4E90313F5
:10743000D4F828316361D4F82C31A361A368E361E7
:10744000884B1A68A2625A68E2629A682263DA6814
:1074500062631A69A2635A69E2639A692264DA690B
:1074600062641A6A5B6AA264E3647F4B1B782365DB
:10747000D4F83031D3F88C206265D3F89420A2651B
:10748000D3F8A820E265D3F8B0202266D3F8B42060
:107490006266D3F8B820D3F8BC30A266E366032353
:1074A000724A23625368E367536AC4F88030936A70
:1074B000C4F88430D36AC4F888306D4B1868C4F8B7
:1074C0008C005868C4F89000D3F80001C4F8940008
:1074D000D3F80401C4F89800D3F80002C4F89C0063
:1074E000D3F80402C4F8A00093F80C03C4F8A40075
:1074F00093F81503C4F8A80093F80A33C4F8AC3025
:1075000092F82330C4F8B0305A4B1B6FC4E94831AD
:1075100043232362584B5A68C4F8B4209A69C4F8CC
:10752000B820DA6CC4F8BC209A6CC4F8C0209A6801
:10753000C4F8C420DA6DC4F8C820DB69C4F8CC30C4
:107540004E4BD3F8AC25C4F8D020D3F8BC25C4F8F2
:10755000D420D3F8C435C4F8D8304F232362484B25
:107560001978484BC4F8DC101A78474BC4F8E0206F
:107570005868C4F8E4009868C4F8E800D868C4F80B
:10758000EC00586DC4F8F000186DC4F8F400D86A27
:10759000C4F8F800186BC4F8FC00586BC4F800017C
:1075A000186CC4F804015F20206241EA0200072839
:1075B0001BD8302505FB0136706E05FB0233C4F87D
:1075C0000801324850F82110C4F80C11F16EC4F8CB
:1075D0001011596EC4F8141150F82220C4F8182163
:1075E000DB6EC4F81C317F23236200234FF0E022BE
:1075F0001361226AA371D60602D40A20FFF7A8FEFF
:10760000550703D5D4F8B420D00701D40B20F5E7F3
:107610004FF48051184AD364154AC2F88010BFF362
:107620004F8FBFF36F8F4FF40011C2F88010BFF37C
:107630004F8FBFF36F8FFF21134A5365144B1964AB
:107640009962BFF34F8F134B116BC9B211B9D16857
:10765000C90773D5013BF7D10C20CFE7D81900201B
:1076600031534F50700D0020E03F002000ED00E04E
:1076700000E100E0008000500080055000C0035091
:10768000CA0A0020580B002000000450004004509B
:1076900000100450A08601002E46636A294643F07C
:1076A00004030D2063622E4FFFF76EFE29460A2069
:1076B000FFF76AFEA580012117F8010B0136FFF7DD
:1076C00063FE072EF7D1012204214720FFF77EFE3B
:1076D000244E01213A20FFF757FE013501220821EF
:1076E00056F8040BFFF772FE472DF2D1A488002153
:1076F0003A20FFF749FE002204212046FFF766FEEC
:1077000000210D20FFF740FE0A200021FFF73CFE7C
:107710002020FFF729FE08B910206FE700206DE751
:107720000222636A202043F0020363620E4B5A6117
:10773000FFF71AFE0028AFD10E205FE701230B4AA6
:1077400063625360BFF34F8F094BA2F50052556837
:1077500015F00105E4D0013BF9D10D204EE700BF43
:1077600011750200E419002000800550002004502B
:10777000A086010041F6713210B5104C104BA042AA
:1077800094BF00240124D969DA639A6801F4803136
:1077900022F4401242EA04529A600A4A90420A4A8B
:1077A000D2F818028CBF40F0020020F00200C2F8AC
:1077B000180209B10022DA6310BD00BF005A62024C
:1077C0000000035080F0FA0200C0075010F1860F4D
:1077D00012D010F1850F0ADA10F1930F0FD010F1CB
:1077E000870F0CBF6FF073004FF0FF307047003809
:1077F00018BF0120404270476FF0710070476FF072
:107800006F007047094B186F00F00700431E032BF1
:1078100003D8DFE803F006080904002070470620BB
:107820007047022070470420704700BF008000505E
:107830000EB417B504468288E18800688A4234BFD6
:10784000891A002106AB10440D4A019304F084FE0E
:10785000002800DAFEE7A388E288184480B290424C
:1078600028BF2368A08028BF9B18204624BF002281
:1078700003F8012C03B0BDE8104003B0704700BF0F
:10788000898F02002DE9F0430D4690461E460446BE
:1078900093B0002850D000294ED0002A4CD0002BA5
:1078A0004AD0264B0FAF0360002339464360036282
:1078B00083602846FEF703F800283AD120460F9946
:1078C0000EF001FE102120460EF0FDFD4FF00109E3
:1078D0004FF0005369462046CDF804900293FEF71E
:1078E000A6F8284603A9FEF77CF810BB144D2046E5
:1078F00003A9FEF79CF8CDF83C8006ABCDF840908C
:10790000119597E8070083E8070019462046FEF71F
:107910008EF80C9609ABCDF834900CAA0E9507CAD8
:1079200083E80700204619460EF025FE20460EF09B
:10793000F3FD13B0BDE8F0832120FAE70001000455
:10794000100000202DE9F04F894690461F4604465E
:10795000A3B0002800F0BA80002900F0B7803AB147
:107960002D9B002B00F0B2802E9B002B00F0AE80F0
:1079700000252E46A84540F2A7805EB12D9B2C9A8B
:107980005B5D925D013653402E9A06F00F0653550B
:107990000135EFE7A8EB050BBBF10F0F40F292802A
:1079A0004B4B666048462360A660266203A9FDF73C
:1079B00086FF002865D1204603992BF00F0B0EF0AF
:1079C00082FD594620460EF07EFD4FF0010A4FF031
:1079D0000053204604A9CDF814A00693FEF727F81B
:1079E000484607A9FDF7FDFF00284AD1204607A910
:1079F000FEF71DF8374B1F970DF1280CCDF880A02E
:107A000022A9219311E907008CE807002D990DF1B7
:107A1000340E4B191C934BF00053CDF874A01CAAE4
:107A20001E9307CA8EE80700614620460193FDF7C2
:107A3000FEFF20460DA9FDF7FAFF2E99019B4A197A
:107A40001992CDF868A019AA1B9310AB07CA83E856
:107A50000700204A1697CDF85CA018920DF14C0A49
:107A600016AA07CA8AE80700194620460EF083FDC9
:107A7000514620460EF07FFD20460EF04DFD5D4440
:107A800000B323B0BDE8F08F8EB93A464946204690
:107A90002C9BFFF7F7FE0028F3D107F1100212F834
:107AA000013D0133DBB213700BB99742F7D12C9B28
:107AB0002D9A9B5D525D013653402E9A06F00F06BB
:107AC00053550135A845DFD10020DAE72120D8E75A
:107AD00003030004100000202DE9F3410C46164674
:107AE0001F46054628B1D02200210CF043FB04B10B
:107AF00016B96FF086042AE063880733B7EBD30F1B
:107B0000F7D32388B3F5105F25D1164B05F12C0868
:107B10002046AB623A4643463146FEF791FC0446A6
:107B2000A8B9019001A94046FDF715FEB0B9019A28
:107B3000A2F110011029DCD80B4BCB40DB07D8D5C4
:107B40002846E96B0CF07AFCED6385F85840204636
:107B500002B0BDE8F0816FF08504F8E76FF09204A1
:107B6000F5E700BF00024805010101002DE9F04FD3
:107B7000934620220646BBB00DEB02008A46002148
:107B80001F46449C0CF0F6FA2022002110A80CF0AD
:107B9000F1FA2022002118A80CF0ECFA282200218A
:107BA00020A80CF0E7FA402200212AA80CF0E2FA03
:107BB000002E00F09080BAF1000F00F08C80479BFF
:107BC000002B00F08880B6F80090758809F4E04238
:107BD000B2F5804F7FD0EA1DBBEBD20F4FEAD2083F
:107BE00079D3469B984500F28D8020A80EF061FC69
:107BF00028B16FF0920420463BB0BDE8F08F434AB5
:107C00002190209201AA2290059201220692404AD8
:107C10000DF1080C079205AA0190289007CA8CE87C
:107C2000070020A861460EF0A6FC20A80EF074FC08
:107C30000028DED1019A374922F07F428A42019220
:107C400002D86FF08504D6E747F21212914512D0A0
:107C500047F241129145F4D1A0453CD8FF2DF0D117
:107C6000469B0334DD1C459A20232B4924F0030452
:107C700025F003050AE0B5F5807FE2D140252B46CB
:107C800002342649013724F003042AAA1091002166
:107C90001993CDE91B12CDE913175A4651463046C8
:107CA00008AB15941D95FEF7CBFB04460028A2D126
:107CB000129B189043F4005320A812930EF0F9FB86
:107CC000002896D118AB10AA08A920A8FDF765FFD7
:107CD00020B14828B5D06FF086048CE747F2121324
:107CE00099450BD12AAD4246294645980CF0A6FB92
:107CF0004022214628460CF03DFA4023479BC3F81A
:107D0000008078E76FF0890475E700BF0000084342
:107D10000400002001020100200000B020000080CB
:107D20002DE9F04106460D4690461F4696B0002BC1
:107D30003CD020230CA83B600EF0BBFB044620B1D6
:107D40006FF0920016B0BDE8F0811A4B29460D90F5
:107D500014900E900CA80C930EF0B5FB4FF0010C94
:107D600045F00055069606ABCDF81CC0089593E883
:107D70000700114B8DE8070003ADCDF82480CDF846
:107D800028C00B9309AB93E8070085E80700694614
:107D90000CA8FDF74CFE0CA829460EF0ECFB0CA835
:107DA0000EF0BAFB0028CDD03C60C9E76FF086002A
:107DB000C8E700BF00040003200000202DE9F743BE
:107DC00099460023884601A9054617460193EFF717
:107DD00009F90446D8B9019EB9F1010F15BFD6F8CB
:107DE0008830D6F8843006F1880006F184009BB90B
:107DF000727A96F85030D20603D5012B21D0042B8D
:107E00001FD0053B022B1CD92846EFF7DEF80224D1
:107E1000204603B0BDE8F083FBF79EFE70B14268D8
:107E2000019BD3F8A430C8F8002002893A801A6E6A
:107E3000026018662846EFF7C8F8E9E7C8F80000BE
:107E400038802846EFF7C1F81B24E1E72DE9F84315
:107E500012F0030418BF012404EB92048C4207467D
:107E60000E4615464FEA8409C2EB84081AD84246EA
:107E700000210CF07FF9321B0021920007EB090072
:107E80000CF078F92A46002007EB0801F5F7BCFE54
:107E9000054620B91CB121463846EFF7FFFD2846BC
:107EA000BDE8F8836FF00305F9E72DE9F041036BB6
:107EB000826B92B09A4288BF8363426C436A0768C0
:107EC0000E4602FB0377C36B03A905225B690446D8
:107ED0003846984703A8FBF75DFF0128014630703C
:107EE00070D0656CE26B2368606AD2F814C005FB41
:107EF0000030052208A9E04708A8FBF74BFF01283E
:107F00004FF000053CD0D4E90A3201219342CDE97B
:107F10000D458DF83C5010958DF8441043D119460D
:107F20002046FBF77BFF236B626C14339B1AE062E5
:107F300023630E9B1BBB9DF8443003B3636A626CE2
:107F40002568D4F83C8002FB03550C350122D8F893
:107F5000143001A9284698474FF6FF72019B99B249
:107F600091420CD16FF30F0343F4254343F0A50373
:107F7000029301222846D8F8183002A998470E9D8E
:107F8000E36B05225B6903A93846984703A8FBF712
:107F900001FF30702846236BA26B9A4288BFA3630F
:107FA00012B0BDE8F081237C33B91D490DAA04F15C
:107FB0000800FBF7BFFEBCE720461A4A0DABFCF7F2
:107FC000C3F8B6E7237C23BB2246174904F1080017
:107FD000FBF7B0FE616A2046FCF7CAFF616A421CEB
:107FE0002046FCF7A3FA054620B9236B626C1344C4
:107FF000143B23632046A16AFBF710FF2368A062AD
:10800000C01A636CB0FBF3F060622046FCF716F90F
:10801000B6E700232046054AFCF796F8DAE700BFEA
:10802000494C0100094D0100FB3401004B350100B2
:1080300038B5036804460BB3012B08D0042B14D0C9
:108040002046BDE83840E82200210CF093B8826950
:108050000B4B9A42F4D100F120055830F1F779FE2C
:1080600068212846EFF7C4FDEAE7D02500F11803A0
:108070002A46002118460CF07DF8E1E738BD00BF24
:1080800000015005044A054B013800D2704753F8EF
:10809000041B42F8041BF7E7803F0020404100002A
:1080A0002DE9F041069E044688461F4615460AB152
:1080B00003B106B9FEE70021F7F704F9154BDFF825
:1080C00058E0E41A1E23E410B4FBF3F4E4B24FEAE0
:1080D000841C0EEB841484F801800CF10C08F0442D
:1080E00095E80F0088E80F000CF11C05754497E82F
:1080F0000F0085E80F000CF12C05754496E80F0081
:1081000085E80F004FF6FF73A38784F83E30BDE883
:10811000F08100BF000E0020E011002037B5094DAE
:108120000446094928680CF0BEFAF6F7BDFE074B75
:1081300001940093C2000123034928680CF0A3FABC
:1081400003B030BD34110020C016002025EE000021
:1081500070B5436A04460D461BB111B9826A0F48D7
:108160009847A38899060ED50C4BDA7D92070AD55D
:10817000197D94F86020914205D11B69E26D93420C
:1081800024BF0133E365206A836C33B12DB92A46DD
:10819000BDE870400149006C184770BD8011002097
:1081A0000FB407B5074A05A9D2F8343101911BB1C4
:1081B000D2F838210448984703B05DF804EB04B0C6
:1081C000704700BFD81900202D8B0200F0B51E4B60
:1081D0001968EFF31184302383F3118801220B68AF
:1081E0004D681E7DB240013A22EA050292FAA2F3DE
:1081F000B3FA83F39E4205D884F31188BFF36F8FDF
:108200001A20F0BD0F7BBE4213D0F61B06F1FF3CD7
:108210005FFA8CFC9C450CD90123BB40013BB34069
:1082200032EA030314BFB3FA83F32023C3F11F031D
:10823000DBB201229A402A434A60037084F311881A
:10824000BFF36F8F0020DCE75C0B00202DE9F843C3
:10825000436E044613F018060D4644D15907426A8E
:108260003DD4042A3FD9017843F0040381EA122166
:108270000170417843664A4042704FF0050804F1AE
:108280003807E26A0023023202F00F02C2F1100046
:10829000404528BF404604EB020C03F1040E704534
:1082A0000CEB030122D2984229D8E36A024403442A
:1082B000102AE362A8EB0008054402D0626A9342E8
:1082C00027D1224621463846F2F7ACFA08B30646D3
:1082D000636E43F0100363663046BDE8F883C36AFB
:1082E00005339342C9D96FF00C06F5E7E9585CF8FD
:1082F000039081EA09014CF803107346CDE715F8A5
:1083000003E091F800C001338CEA0E0C01F801CBB8
:10831000C9E7B8F1000FB4D1E26A636A9A42DBD1CF
:10832000636EC4F82C8043F008036366D4E72DE93C
:10833000F04399B004460EA80D4616460EF0B9F863
:1083400020B16FF0920019B0BDE8F083019005B143
:108350005CB335F0030705F0030829D04FF0E06364
:108360004FF000090E930123CDF83C90CDF84090DA
:108370000B940C9347F000530D930BAA05AB07CA5F
:1083800083E8070019460EA8CDF858900EF0F3F8D0
:108390000EA839460EF097F80EA80EF0BDF838B1C9
:1083A0003A46494620460BF0E5FE00233360C8E715
:1083B000B8F1000F02D100203560C4E74FF0E06350
:1083C0004FF000090E9301ABCDF83C90CDF84090F2
:1083D000089301230993114B08AA0A9302AB07CA19
:1083E00083E8070019460EA8CDF858900EF0C3F8A0
:1083F0000EA804210EF067F80EA80EF08DF808B153
:108400002A46CEE7019A3C44C300013022FA03F326
:10841000804504F8013BF7D1CDE700BF0400002000
:108420002DE9F74F00F4E048B8F5804F82460F463B
:1084300016461D4612D100F44F43B3F5824F02D1C8
:10844000C3B2412B0AD0E90705D56B0847B1FA1D25
:10845000B3EBD20F05D06FF0860787E02B46F5E728
:10846000DF0080210120FEF7EBF80446002800F031
:108470007381EFF737FB0123002204F16809C4E997
:1084800018234846EFF725FB0AF44F43B3F5824F14
:108490000BD15FFA8AFABAF1300F37D008D8BAF1A7
:1084A000120F13D0BAF1170F39D06FF086051FE005
:1084B000BAF1410FF9D1B7F5807F05D0B7F5E07F6C
:1084C00000F04581FF2FF0D109212FE040F2092370
:1084D0009F4200F03C8116D8B7F5807F25D00FD899
:1084E00027F02007C02F14BF6FF086056FF08505B9
:1084F0002046F1F7B1F920460DF098FC2F4635E003
:10850000B7F5C07FEFE7B7F5047FECE727F080030E
:10851000B3F5807F00F01B81B7F5007FE3E7C02F44
:1085200000F01581B7F5807FDDE703212046F1F7E4
:10853000A3F9F1F749FA0746002840F00B81B8F596
:10854000804F7DD1B5B9DFF820B25846F1F73CFA3B
:1085500005460028CCD149462046F1F751F8F1F7FD
:1085600033FA05460028C3D10C9B1C60384603B083
:10857000BDE8F08F201DEFF74DFA00F10708204607
:10858000EFF79EFA02284FEAD80830D14545DAD1F4
:108590002A4631464846EFF73DFC83460028D4D1B1
:1085A00004F17000EFF739FB2378092B15D0012176
:1085B00004F17800EFF7E1FC83460028C5D120469E
:1085C000EFF77EFA0128C0D132789AB9012DBAD1DD
:1085D0004846EFF7E6FC8346B7E7E9005A464846C7
:1085E0000139EFF7F3FC83460028E0D0ADE7DFF870
:1085F00070B1E4E708F1010A55450190A3D3424662
:108600004846711CEFF73BFC834600289DD1019B37
:1086100004F178001946EFF7B0FC8346002894D1A6
:108620003378042B8FD14FEA480301339D428AD11E
:10863000424606EB0A0104F17000EFF720FCCAE79E
:1086400094F8009020464946F1F716F98046002834
:1086500079D12046EFF734FA0228824654D1B9F195
:10866000090F30D1202D70D104F160092A4631461E
:108670004846EFF7CFFB0246F0B901464846EFF710
:10868000A5FC0246C0B901214846EFF79FFC02460F
:1086900090B951464846EFF799FC024660B9FF2170
:1086A0004846EFF793FC024630B90122FE214846C6
:1086B000EFF78CFC024648B304F160000192EFF73B
:1086C000ACFA019A38E0B9F10D0F1DD1382D3CD12B
:1086D00004F160092A4631464846EFF79BFB024603
:1086E0000028E9D101464846EFF770FC0246002811
:1086F000E2D101214846EFF769FC02460028DBD1B0
:10870000012240F2BF11D2E7DFF854802046EFF794
:10871000D7F9012804F1600910D12A4631464846AC
:10872000EFF7ADFB02460028C6D149462046EFF7D9
:10873000F3F902460028BFD1104610E7B8F1000F48
:10874000F3D0074AB8E70246F6E7064AF4E76FF0C7
:108750008505CDE60546CBE66FF08C0706E700BF42
:1087600080B1FFFF80B3FFFF80B0FFFF2DE9F0472E
:10877000C3F34508B8FA88FA0C4615464FEA5A1A68
:1087800007465246294620461E46EFF787FA48BB61
:1087900004F108095246484605F10801EFF77EFA50
:1087A00000BB08F1FF33D3F1000848EB0308424651
:1087B000204605F11801EFF771FA98B9424648468C
:1087C00005F12001EFF76AFA60B921463846F2094F
:1087D000EFF7BFFD30B904F110000121BDE8F0470B
:1087E000EFF7CBBBBDE8F08738B50C460546012155
:1087F0002046EFF714FC28B921462846BDE838404A
:10880000EFF7D3BC38BD2DE9F0479EB08946154639
:108810001E460446DDF89880002871D000296FD0EC
:10882000002B6DD0B8F1000F6AD0364B1BAF036040
:10883000002339464360036283604846FDF73FF8F2
:1088400000285AD120461B990DF03DFE10212046EC
:108850000DF039FE4FF0010A4FF0005369462046F3
:10886000CDF804A00293FDF7E2F8484603A9FDF70E
:10887000B8F8002841D1DFF89090204603A9FDF711
:10888000D6F81B9506ABCDF870A0CDF8749097E89C
:10889000070083E80700189618AACDF864A009AE6F
:1088A000CDF8689007CA86E8070019462046FDF70C
:1088B000BEF831462046FDF7BAF8CDF854800CAB2F
:1088C000CDF858A015AACDF85C9007CA83E8070038
:1088D000129512AACDF84CA00FADCDF8509007CA52
:1088E00085E80700194620460DF045FE204629463A
:1088F0000DF041FE20460DF00FFE1EB0BDE8F087E2
:108900002120FAE7030200041000002030B5204DBA
:10891000D5E905340AB38B4200D089BB2B6993B3E8
:1089200040B92B681A78D20707D5DA8822B103EB51
:10893000C203F7E70346F5E713468C4200D0B1B90E
:108940002A69CAB1002818BF04462278D2070ED57A
:10895000A2888AB1A4EBC204F7E78B420AD0834213
:1089600028BF03468C4209D0844238BF0446C5E97B
:10897000053430BD0346F5E71446F8E70446F6E74C
:108980008C42F4D1DCE78C42D9D11C46EFE700BF22
:10899000981900202DE9F74399466B4B06460029AC
:1089A00014BF0F461F4697F80031904623B10425A7
:1089B000284603B0BDE8F08311463846EEF7B4F917
:1089C0000546002861D1A821012003F077FD044667
:1089D00000285CD040F201138381022380F80990C3
:1089E00080F8503080F808804581C57305606420A8
:1089F0000DF018FBB8F1010F94BF00230123C4E967
:108A0000265584F8A030C4E921553B68C4E92355B4
:108A10006061C4F8A470C4F8945023603C60384688
:108A20000023016809B10A680ABB002BF7D1EFF3F4
:108A30001182302181F31188012186F80480B16010
:108A4000346082F31188BFF36F8FD7F8842001322E
:108A5000C7F88420EBB1122B72D141463846EEF7AD
:108A600063F990F85030012BA1D12E25A0E791F8A1
:108A700008C0157AAC4529BF1368084611600B6021
:108A800022BF026001231046CBE71223DDE71A2341
:108A9000DBE740F20113D6F800803046A8F80C302E
:108AA00001A9EEF79FFA054628B1022440460DF0D1
:108AB000BDF925467CE7019F3A7B7B7B934201D140
:108AC000012B04D03046EEF780FA2124EEE797F828
:108AD0005030013B042B31D8DFE803F02603302669
:108AE0000800397AB9B9052387F850300024304698
:108AF000EEF76BFA0CB1052CD8D198F80930D8F8FC
:108B0000A42043F0100388F80930D2F884300133F0
:108B1000C2F884304CE7D7F8A40098B190F8D1306F
:108B200023B9012387F850300524E0E70122C03043
:108B3000EEF72EFE04460028F3D0D8E70224D6E74D
:108B4000192535E7437CFFDEE43F00202DE9F04F97
:108B50009A468BB09DF85030DFF854B10293DBF8A1
:108B60001030804653450D461646C0F09A80D146D7
:108B7000DBF804300193B9F1000F00F08E80D8F8D3
:108B80003C3001225B6907A901989847079BDBF8F5
:108B90000010C3F3D312914240F0868013F07E0F91
:108BA0001CD1D8F83C3002225B6908A9019898478B
:108BB00008A8FBF7E0F808270446019B029A3B440B
:108BC000002A3BD1A6420FD9361B144640460199D4
:108BD000FBF724F9A9EB04090190CCE707A8FBF700
:108BE000CAF804270446E8E7A41B544528BF5446A6
:108BF000032C03EB0607AAEB040A1DD9D8F83C3076
:108C0000294638465B69A208984724F0030304F01C
:108C100003061F441D44002ED8D0D8F83C30012252
:108C20005B6908A9384698473246284608A9354462
:108C30000BF004FC0026C9E72646ECE7274604F0C3
:108C40000302039223442A1904920593049BDD1B1B
:108C5000059BD81B039B9F420FD1002FB6D0D8F89D
:108C60003C30012208A95B6998473A46284608A982
:108C70000CF029FC78B93D44A8E7D8F83C30012233
:108C800008A95B6998470422284608A90CF01BFC38
:108C900008B9043FDAE74FF0360948460BB0BDE8A3
:108CA000F08F4FF06309F8E74FF06F09F5E700BF69
:108CB000F83200200279FF2A02D043691AB93BB189
:108CC0006FF0860070476FF04042013B9342F7D24D
:108CD000836823F47F4323F00303002BF0D14FF686
:108CE000F87342889A428CBF6FF08500002070476D
:108CF00070B550B349B30368994226D3D0E9024214
:108D000004FB0233994220D2EFF31186302383F320
:108D100011880B685C1C0ED00468A3420ED3D0E906
:108D2000025205FB0245AB4208D21B1BB3FBF2F417
:108D300002FB143313B943685A1C07D143680B6014
:108D4000416086F31188BFF36F8F70BD9942F8D0F0
:108D50001B68F1E720F0FF03B3F5E24F0ED1C0B27C
:108D600041280BD1FF2A09D10B7823F007030B70A0
:108D7000CB7F03F07F0343F04003CB77704773B59D
:108D8000002504468DF8075020466169FAF798FFE0
:108D9000266B864209D2236AB5EB430F05D22046E3
:108DA0000DF10701FFF781F850B19DF80730012B55
:108DB00004D120460DF10701FFF777F802B070BD2E
:108DC0000135E1E7F8B5037F0746022B0D4616464D
:108DD00011D0F7F723FE044610B103242046F8BD56
:108DE0002E44AE42FAD0384615F8011BF7F7ECFDD9
:108DF0000028F6D0F1E70D24F0E72DE9F04704460E
:108E0000F7F7BCFC20BB2046F7F7E4FC94F834707D
:108E10000B2604EB8709D9F83880D9F820A04546FD
:108E2000554508D03A4629462046F7F754FC030436
:108E300010D5A8450ED0C9F838502046F7F798FD50
:108E4000002384F835304FF6FF736569E386ADB9CA
:108E5000BDE8F087C0F30D002946821C3B46204642
:108E6000F7F7CBFB013E16F0FF060546D8D140F2DE
:108E70004531064B064A074802F086FE23463A462D
:108E80004146AC46A069BDE8F04760471C8D020032
:108E90008E8F0200AD8B02002DE9F843044690F856
:108EA000346000EB8607D7F82080656C4545256463
:108EB00021D0324629462046F7F70DFC030402D59F
:108EC000BB6B9D4217D1C0F30D00821C334629466F
:108ED0002046F7F792FB334681466064022229461A
:108EE0002046F7F78AFB8145A064DED0012384F891
:108EF0003530BDE8F8830323F9E770B506460C4624
:108F00008D18AC4200D170BD304614F8012B0249D7
:108F1000FEF78EFCF5E700BF898F02008388C288C8
:108F200010B59C1C944204D80268D1528388023345
:108F3000838010BD10B50A7A0446012A02D0022AA5
:108F400004D010BD0988BDE81040E7E78388E288B7
:108F500003F108009042F4D820681844F7F7EBF9C1
:108F6000A3880833A380ECE7F7F77EBDF7F77CBD55
:108F7000F0B5304B85B018680DF102010BF047FCDD
:108F8000F5F72BFE2C4B2D4E93F9004093F9015031
:108F9000C0B9BDF802300B3BF218F05692F9103010
:108FA0009842A8BF18467F2D04D07F2C3FD0AC42FA
:108FB000B8BF2C46A04203DB7F2C14BF2046002004
:108FC00005B0F0BD1E4B02AF93E8070004AB03E908
:108FD00007007F230021184637F8022F7F2CA2F1CB
:108FE0000B0216F902C005D07F2B1CD0A342B8BFDC
:108FF00023465BB2324492F910206245A8BF624614
:109000008242A8BF02467F2D50B205D07F2B0CD0E4
:10901000AB42B8BF2B465BB24A1C022A4FF001019B
:10902000DAD11C46C6E72346E4E72B46F4E72C4694
:10903000C0E700BF34110020A5130020A7130020B3
:109040006011002008B5054B01461870044B1868E4
:109050000BF0A5FD00B1FEE708BD00BF44110020E4
:1090600034110020024B014618680BF0BABC00BF57
:1090700034110020014B186803F032BC3411002079
:10908000024B0122002118680BF0F8BA34110020BD
:109090000368012B04D1034B034918680BF003BB91
:1090A000704700BF34110020C016002000887047B0
:1090B00008B5FFF7FBFF10F4807F0CBF03200220F0
:1090C00008BDF8B50746FFF7F3FF04463846FFF73B
:1090D000EDFF06460D46F6F71FFBC6F3812204EBB3
:1090E0004003022ADBB203D0032A06D00020F8BDD9
:1090F000FB5A2B8001232B72F8E7F9182846F7F763
:109100001AF90223F7E7F8B50746FFF7CFFF054640
:109110003846FFF7CDFF044628460E46F6F7FCFA20
:10912000C5F3812304EB4004022BE4B210D0032BDF
:1091300011D02846F6F71FFBC5F3813504EB400438
:10914000022DE4B209D0032D0DD095B10620F8BD53
:109150000234E4B2EDE70834FBE73B5B33800123E4
:1091600033720020F3E730463919F7F7E4F80223A9
:10917000F6E73572F5E71FB500230C46006801A934
:109180008DF80C30FFF7BFFF38B99DF80C30012B7C
:1091900005D0022B08D003B9237204B010BD23728E
:1091A000BDF804302380F8E7237201AB03CB2060C5
:1091B0006160F2E708B5FFF779FFC0F3C00008BDB2
:1091C00010B500F0FE44B4F1A06F084C08BF20F4C5
:1091D0007E10A04202D06FF0850010BD0220B1F5D4
:1091E000105F1070F7D118700020F6E700404004BF
:1091F0008B4228BF0B462DE9F04FA1EB030B03F088
:109200000707DB084FEA431E02EB431C05461346E3
:109210004FF00008099C634505F1200511D14FEA84
:10922000870C00EB0E0503EB8707821ABB4240F068
:10923000828005EB0C03BBF1010B80F08C80BDE854
:10924000F08F1E6855F8201CA6FB046916EB080673
:1092500049F10009761845F8206C5E6855F81C1C29
:10926000A6FB04A849F1000616EB0A0648F100081F
:10927000761845F81C6C9E6848F10008A6FB04A609
:1092800018EB0A0846F1000955F8186C55F8141C3B
:1092900018EB060645F8186CDE6803F12003A6FB00
:1092A00004A849F1000616EB0A0648F100087618F2
:1092B00045F8146C53F8106C48F10008A6FB04A69E
:1092C00018EB0A0846F1000955F8106C55F80C1C0B
:1092D00018EB060645F8106C53F80C6CA6FB04A8B6
:1092E00049F1000616EB0A0648F10008761845F821
:1092F0000C6C53F8086C48F10008A6FB04A618EBA8
:109300000A0846F1000955F8086C55F8041C18EBDA
:10931000060645F8086C53F8046CA6FB04A849F14E
:10932000000616EB0A0648F10008761848F1000816
:1093300045F8046C6FE79E465EF8040BA0FB04063C
:1093400010EB080046F100089E588019985048F12B
:10935000000873466AE71A6812EB08022CBF4FF048
:1093600001084FF00008B8F1000818BF4FF00108DD
:1093700043F8042B5FE7002307B506481A46006848
:1093800001A9F0F76EFC10B90198F5F74DFA03B09A
:109390005DF804FBB40C0020AAE409B1C06EFBE741
:1093A0007047034608B900207047EFF3118230215F
:1093B00081F311884068411C04D182F31188BFF306
:1093C0006F8FF0E70168596082F31188BFF36F8FE8
:1093D0007047F7B506460F46C9B1C06EFFF7E1FF0B
:1093E0000546B0B10122304601A9EDF735FE04462D
:1093F00030B129463046FFF7D0FF204603B0F0BD1C
:10940000019BC3E90050988118773B60F5E722245F
:10941000F3E71A24F1E710B5EFF31184302383F357
:109420001188037C23B184F31188BFF36F8F10BDC3
:109430008368C260416003F140021B6C53B9036052
:109440001060826892F84430013382F8443001237E
:109450000374E8E71A461B68F0E737B504460522AF
:10946000D0F8A40001A9EDF7F7FDB0B9019B5C614C
:10947000227A5A74E27A62F07F021A74EFF311854D
:10948000302383F31188D4F8A40001990830EDF754
:10949000E5FE85F31188BFF36F8F03B030BD0A7C02
:1094A00010B57F2A4FEA921398BF0023EFF311847F
:1094B000302282F311881BB9437B43B990300BE013
:1094C000032B10D1837B73B90123837301E0013B2C
:1094D0004373D0F8A4000830EDF7C0FE84F3118880
:1094E000BFF36F8F10BD9430F6E7053803288CBFAB
:1094F00000200120704708B5C36800209847034B3F
:109500001868BDE808400CF093BF00BF9C320020F3
:109510007FB50C46054658B390F8343053B3164E19
:109520000121FAF7FAFB3246284614490DF10F03E0
:10953000FAF7B7FE0246B8B99DF80F30012B0ED1ED
:109540003369082B12D1214600902846FFF7FEFA16
:109550000446E86BFFF7CFFF204604B070BD022B36
:109560000CBF60242D24F4E72D24F2E76324F0E7F8
:109570002124F1E71124EFE7F83200200071080000
:10958000F8B50446EFF31186302383F311888C304D
:10959000EDF75AFE054620B986F31188BFF36F8FA9
:1095A000F8BD837C00F130073BB101338374D4F8FC
:1095B0008C300363C4F88C70EEE704F130000CF0DB
:1095C0001FFE86F31188BFF36F8FAE682EB929682E
:1095D000D4F8A400FFF7E1FE2E60EFF311813023F1
:1095E00083F31188AB7CD4F8A4200133AB74936867
:1095F0002B639760237C01332374E37B013BE3738C
:1096000081F31188BFF36F8FD4F8A420D2F8AC3067
:109610000133C2F8AC30C3E72DE9F04792B00446FD
:10962000DDE91B65DDE91D789246894629B96FF0B1
:109630008604204612B0BDE8F087002AF7D0002E3D
:10964000F5D00DB9002FF2D1B8F1000FEFD023887B
:10965000B3F5105F4BD12822002108A80AF08AFD3B
:109660002022002168460AF085FD08A80CF021FFA1
:1096700010B16FF09204DCE720466B465246494633
:10968000FCF7DEFE04460028D3D1009B103B102BD4
:10969000CDD8184A22FA03F3DB07C8D5AE421FD251
:1096A00006F110039D421BD20F2FC0D93146102264
:1096B00028460AF072FE2E4632462B46694608A816
:1096C000FEF7E0F8064670B139462846FCF740F848
:1096D0000023012EC8F80030CBD16FF08B04A8E72F
:1096E0000F2FE9D8A3E71023C8F80030A1E76FF0E7
:1096F00085049EE7010101002DE9F04FA7B00F4658
:10970000DDE9339815469B460446002800F0B680F4
:10971000002900F0B380359B002B00F0AF80319B17
:109720001BB1309B002B00F0A9803DB1329B002B78
:1097300000F0A480B9F1000F00F0A080A8F10403AC
:109740000C2B00F29B803B68103B102B00F29680A4
:109750004B4A22FA03F3DB0740F19080494B0DF1AD
:109760008C0A43EA08232360002351466360236286
:10977000A3603846FCF7A3F8034600287AD12046B8
:1097800023990CF0A0FE204631990CF09CFE29464E
:1097900020460CF098FE01264FF00053204602A907
:1097A00003960493FCF743F9384605A9FCF719F929
:1097B000034600285ED1204605A9FCF738F9324B54
:1097C000CDF88CB02496259308AB9AE8070083E87F
:1097D000070019462046FCF72AF9309B20AA20935F
:1097E000319B219643F0005322930BAB07CA83E8C9
:1097F000070019462046FCF71AF9329B45F000573E
:109800001D931DAA1E960EAB1F9707CA83E807007B
:1098100019462046FCF70BF9359B1AAA1A9348F013
:1098200000531B961C9311AB07CA83E80700194627
:109830002046FCF7FCF8CDF85C9014AB189617AAFC
:10984000199707CA83E80700B9F1000F03D1169AE8
:1098500042F080421692194620460CF08CFE2046BB
:109860000CF05AFE034628B1019029464846FBF702
:109870006FFF019B184627B0BDE8F08F2123F9E761
:1098800001010100000003040C0000202DE9F04F4D
:10989000ADF5757D07468846934600211822BAA883
:1098A00099460AF067FC00219F4BD0221C68B0AE9D
:1098B0003160C0A80AF05EFC4FF480723146204649
:1098C0009A4BF0F7CEF9054650B931684868D1E9AE
:1098D0000823000A17D0964CA04220D06FF08605CE
:1098E0003068F4F7A1FF044635BB924BBB939DF85B
:1098F000FC3243F010038DF8FC3210B320460DF516
:10990000757DBDE8F08F0420BA90C0A8FEF7E4F89A
:1099100010F1860F054608D10123BA93E0E7042031
:10992000BA90C0A8FEF7D8F805463368002DD7D105
:109930001B88ADF8F032D3E7BAA8FEF779FB2C46C6
:10994000DCE7BA9B002B00F08A809DF8FC2212F025
:109950000E0F40F08480012B04D0042B75D06FF0E3
:109960008604A5E0744BC09A9A421AD19DF8073339
:10997000022B67D0102B65D8DC0763D40522CDE914
:10998000CB23DB9BC2A843F00203CDF82893CD95EF
:10999000DB93F1F7CAFAF0F717F80446002840F015
:1099A00087800523CDE9BD399DF8FC32BA9A43F092
:1099B00002038DF8FC32002A51D09DF8FC32D90701
:1099C0004DD4BB9B5D4923F47E138B4203D001F53C
:1099D00080718B42C3D1012A58D0042ABFD1DD9BAC
:1099E000002B3CD138687968D9AB03C3B8681860DC
:1099F0000C23DD939DF8FC32BA9A43F001038DF8F5
:109A0000FC3262B39DF8FC3203F00901012926D132
:109A10009B0754D5BD9B042BA1D9053BBD93012ABF
:109A200052D0042A9BD1B8F1000F98D0CA9BB3B191
:109A3000DDE9D332134312D105224146CAA8FCF70F
:109A4000F3F94BE06FF00C00A5E7CA9B3B4923F408
:109A50007E128A4206D001F580718A4205D06FF0ED
:109A6000880425E0D8033FF57AAF13F4701F3FF464
:109A700076AFC3F30543102B3FF671AFDDE9D33268
:109A80001343ECD10523CDE9D7398AE72A4BC09A95
:109A90009A4231D19DF806130C233A4601F0010198
:109AA000C2A8F1F781FAEFF78FFF04460028A1D092
:109AB000BAA8FEF7BDFABAA8FEF7BAFA1EE71E4B1F
:109AC000BB999942ABD1CAE71B4BC09A9A4213D1BA
:109AD0004146C2A8FEF7BAFBEFF776FF044600281E
:109AE000E6D19DF8FC32BA9A43F004038DF8FC32BB
:109AF0002AB96FF088060FE06FF08504D8E79DF86B
:109B0000FC32DF07F5D59D072ED5BD9B13B9BE9B53
:109B1000994515D96FF08606BAA8FEF789FABAA852
:109B2000FEF786FA3446E9E6B40C00200002480548
:109B300002008000000250050001500500014005B0
:109B4000A3EB0903BE93012A13D0042AE2D12822F1
:109B5000002130460AF00EFB30460CF0AAFC054608
:109B600030B36FF09206D7E7A94BBB999942EAD17F
:109B7000BFE7A74BC09A9A4240F0BB83DB9BD80655
:109B800013D4CC9B23B1CD9BCA9A4B4493420CD89F
:109B90005B464A465946C2A8F1F73AFAEFF714FF76
:109BA00006460028B8D14D4620E06FF00C00F5E7DE
:109BB000CA9B984A23F47E13934208D19DF8A6339A
:109BC000934F4B4499450BD26FF08906A4E7924A14
:109BD000934240F08E839DF8C833904F102BF0D104
:109BE000BBF1000F0FD1B9F1000F93D19DF8FC32FA
:109BF000BA9E43F008038DF8FC32002E40F07C83BF
:109C00006FF08804AFE3B9F1000FEFD0DDE9D323A3
:109C10001A4307D11146CAA8FCF706F906460028E0
:109C20007FF47AAF7A4B9F4200F09C82DDE9D63216
:109C300013EB090352F100024FF0000128BF01218C
:109C400000298ED16FF01F0098424FF00F0393410F
:109C500087D39DF8C86316F0EF0F00F0098109EB78
:109C600006030DF56E7E0F2BB6440FD84A465946B3
:109C700070460AF0E3FB9DF8C883C8445FFA88F891
:109C80008DF8C883D49B4B44D493AFE7102BE6AF39
:109C90000AD1B8460DF55E7CB8E80F00ACE80F00BD
:109CA00098E80F008CE80F00C6F11003DBB21A46EB
:109CB0005946704604930AF0C1FB5F979DF8CA337A
:109CC000574F58494FF00108002B08BF3946CDF8CF
:109CD00080810DF1B00C61915FAA07CA8CE8070082
:109CE000DFF84CC1EEA95C915CAACDF874810DF14E
:109CF000BC0ACDF878C107CA8AE80700CDF864B17C
:109D000059AACDF86881CDF86CC10DF1C80C07CA0D
:109D10008CE80700E6A9569156AACDF85C815897C1
:109D200035AF07CA87E807009DF8C9033E493F4A97
:109D3000404508BF0A46002B0CBF032343461A4385
:109D40000023ACA9CBA8B193B092B293B893FBF720
:109D5000B6FD059000287FF404AFAC99B0A80CF0D4
:109D6000B2FB059BB0A819460CF0ADFB1021B0A8C2
:109D70000CF0A9FB4FF0005338A9B0A8CDF8E4804F
:109D80003A93FBF754FE3BA9CBA8FBF72AFE002829
:109D90007FF4E7AE3BA9B0A8FBF749FE2CA9B0A819
:109DA000FBF745FE5146B0A8FBF741FE32A9B0A82B
:109DB0000CF0E1FBB0A839460CF0DDFBB0A80CF0CC
:109DC000ABFB20B12021E6A8FBF7BAFCC9E6D69B85
:109DD000D79A103342F10002CDE9D6329DF8C8334C
:109DE0008DF8CA034B44102B03D110258DF8C833CE
:109DF00048E7049BA9EB03070F2F1BD81946103E19
:109E00003A465944EEA84E440AF018FBF3B2ECE788
:109E10000001500500014005000240050002500508
:109E2000200000200C0000200000030400000204B9
:109E3000100000200BF11003059310238DF8C803C8
:109E40000693049B17F00F020BEB03061BD0102F99
:109E50005FFA87F811D927F00F07F9185944EEA8CF
:109E600008F00F080AF0EAFA8DF8C8835E46C4E0ED
:109E70004F46CDE905B10491E3E73A463146EEA8F5
:109E80000AF0DCFAFCE6102F00F04B81A7F1100578
:109E900072199DF8CAE3EEAB02F110089C461068F7
:109EA00051680832ACE8030042456346F6D14FF0F2
:109EB0001003A8498DF8C833A74B4FF00108BEF135
:109EC000000F08BF19460DF5667ACDF84CA10DF1CB
:109ED000680CCDF8508153AA559107CA8CE8070049
:109EE000509645F00056CDF844810DF1740C529611
:109EF00050AA07CA8CE8070005994DAA4D91CDF8E4
:109F000038814F9620AE07CA86E80700CDF828A111
:109F10004AAACDF82C8123AE4C9307CA8F4B86E812
:109F200007008F4A9DF8C913CBA8414508BF1346C7
:109F3000BEF1000F0CBF032242461343B09300232F
:109F4000ACA9B193B893B293FBF7B9FC0790002882
:109F50007FF407AEAC99B0A80CF0B5FA079BB0A897
:109F600019460CF0B0FA2946B0A80CF0ACFA4FF044
:109F7000005326A9B0A8CDF89C802893FBF757FD85
:109F800029A9CBA8FBF72DFD00287FF4EAAD29A96C
:109F9000B0A8FBF74CFD1AA9B0A8FBF748FD1DA916
:109FA000B0A8FBF744FD20A9B0A80CF0E4FAB0A8D3
:109FB00031460CF0E0FAB0A80CF0AEFA00287FF4BD
:109FC00001AF059BD79A2B440593D69B8DF8CA0306
:109FD0005B1942F10002CDE9D632069B0BEB050678
:109FE0001F44A7F110035746DEAD06930FCF0FC5F0
:109FF00097E80F00102785E80F00D69BD79ADB194A
:10A0000042F10002CDE9D632534D9DF8CA33514991
:10A010004FF0010A002B08BF29460DF5667CCDF8EC
:10A020001CC10DF1200ECDF820A147AA499107CA05
:10A030008EE80700049944AA0E44449647F000565F
:10A04000CDF814A10DF12C08469607CA88E8070040
:10A05000059941AA4191CDF808A143960EAE07CAD1
:10A0600086E80700CDF8F8C03EAACDF8FCA04095E0
:10A0700011AD07CA85E807009DF8C9033849374A7A
:10A08000504508BF0A46002B0CBF032353461A4312
:10A090000023ACA9CBA8B193B092B293B893FBF7CD
:10A0A0000EFC049000287FF45CADAC99B0A80CF0D5
:10A0B0000AFA049BB0A819460CF005FA3946B0A874
:10A0C0000CF001FA4FF0005314A9B0A8CDF854A039
:10A0D0001693FBF7ACFC17A9CBA8FBF782FC002872
:10A0E0007FF43FAD17A9B0A8FBF7A1FC08A9B0A861
:10A0F000FBF79DFC4146B0A8FBF799FC3146B0A8A0
:10A100000CF039FAB0A829460CF035FAB0A80CF0DA
:10A1100003FA00287FF456AE069D8DF8CA033D442D
:10A12000B0E5DEAD0DF5667CBCE80F000FC59CE820
:10A130000F0085E80F00EEAB06F110051A463068F7
:10A140007168083603C2AE421346F7D110238DF86A
:10A15000C8338BE60C000020200000200000020421
:10A160000000030410220021A4A80AF003F8102222
:10A170000021A8A809F0FEFF10220021ACA809F0D8
:10A18000F9FFD69B19EB030213462CBF01250025CE
:10A19000BFF4E7ACD79A93423FF6E3AC96490BEB9A
:10A1A000090088423FF6DDAC9DF8A60309EB000AE2
:10A1B000BAF10F0F0ED893420CD00DF2963318441B
:10A1C0004A4659460AF03AF99DF8A6334B448DF8B1
:10A1D000A63357E55F46CDF810B0ACAEBAF1100F1C
:10A1E0004FF010024FF000013046D04628BF4FF02C
:10A1F000100809F0BFFF9DF8A633002B62D0102B8A
:10A200003FF6AFAC1A460DF29631304605930AF090
:10A2100015F9059B3946C3F11002F01805920AF0B2
:10A220000DF94FF00003059A8DF8A63317449DF8F9
:10A230007433002B4DD0049B4246CDE90163A8AB9B
:10A240000093CBA90DF27533B0A8FDF77BFB9DF809
:10A2500074230346012A16D110220021304609F04A
:10A2600089FF4246049930460AF0E8F8A4AB00930F
:10A270000DF286323346CBA9B0A8FEF7C4FA0346E6
:10A2800000287FF46EACD699049808EB0102D692B0
:10A29000AAEB080240440F2A4544049027D8D798D7
:10A2A0005144814221D039460DF29630CDE9042344
:10A2B0000AF0C4F8049A059B8DF8A623002B3FF4FE
:10A2C000E1AC4EE43946424630460AF0B7F847441E
:10A2D000ADE7A4AB00930DF286323346CBA9B0A80C
:10A2E000FEF791FA0028A6D03BE4002AE6D0924679
:10A2F00074E76FF085060FE49DF8FC32D9074CD562
:10A300009A0707D5DDE9BD210A4303D06FF0860423
:10A31000002628E013F010033FD0012E0FD0042EAA
:10A32000F4D128220021B0A809F024FFCA9FC7F366
:10A330000548B8F1080F27D96FF08904E8E79DF8C0
:10A340000723082AF8D82D4BC099994240F09682ED
:10A35000FE99C2A8F0F7A8FDEFF736FB04460028E7
:10A36000D6D19DF80763FE9B2121C6F108029819FA
:10A3700009F000FFBAA8FDF75BFE002C7FF49BAB51
:10A38000FEF7F9FFFFF7BABAA9EB0509B9F1FF0F1C
:10A39000BCD8FE9B002BB9D017B96FF08804B7E783
:10A3A000DDE9D3631E4307D132463146CAA8FBF725
:10A3B0003BFD08B10446D6E7CA9B114A23F47E133D
:10A3C000934212D002F58072934211D0B3F1052F5F
:10A3D0000C4B14BF4FF0000A9A46B0A80CF069F875
:10A3E000064698B16FF0920492E7DFF810A0F4E708
:10A3F000DFF814A0F1E700BF0000012000015005C4
:10A40000000140050005100500025005804B9A45EB
:10A4100000F0CA8103F580739A4540F027829DF8C9
:10A42000C933002B40F0268217F4701F00F02382FE
:10A430009DF8C873102F04D05FFA89F9B945C0F0B0
:10A440001A8217F00F0C14BF3B460023D69AD799F7
:10A450009B1841F10001DDE9D82E52EA0E00CDE94A
:10A46000D63115D053EA010012D1DAA94246FE983E
:10A4700009F0E4FF1021DAA8FBF762F94646B0A81C
:10A480000CF017F80028ADD1002C18BF00266AE7A1
:10A490009DF8CA035D4440B952EA0E0040F0C28004
:10A4A000A3F11000084340F0BD800F2F04D827B15E
:10A4B0001DB94FF0210BA6E0A8ADCB9B103B102B94
:10A4C000F7D8544A22FA03F3DB07F2D5524B0DF5C5
:10A4D0002C79B09300234946CBA8B193B893B2939B
:10A4E000FBF7EDF98346002840F08D804FF001091D
:10A4F0004FF0005AAC99B0A80BF0E5FF5946B0A850
:10A500000BF0E1FF3946B0A80BF0DDFF83A9B0A83E
:10A51000CDF81092CDF814A2FBF789FA86A9CBA842
:10A52000FBF75FFA834600286DD186A9B0A8FBF738
:10A530007EFAE6AA9892394ACDF864920DF5097C24
:10A5400098AB9A9293E807008CE807006146B0A8A0
:10A55000FBF76DFACDF86CB20DF50C7CCDF870926E
:10A560009BABCDF874A293E807008CE80700614626
:10A57000B0A8FBF75CFA47EA0A0AEEAA9E929EABE5
:10A58000CDF87C920DF50F7CCDF880A293E8070002
:10A590008CE807006146B0A8FBF749FAA195A1AA8B
:10A5A000CDF8889292ABCDF88CA207CA83E8070059
:10A5B0001DB99A6842F080429A601946B0A80BF023
:10A5C000DAFF01220DF52C79CDF89092A592144A6C
:10A5D0000DF5157CA4ABA69293E807008CE8070064
:10A5E0006146B0A80BF0C7FFB0A80BF095FF8346FB
:10A5F00028B942464946FE9809F020FF3EE7394611
:10A600002846FBF7A5F84146FE98FBF7A1F8C3E002
:10A610000001500501010100000002040C000020AF
:10A6200010000020500FD20040EACE0012BAA992CA
:10A630005A0FDB001BBAAB93EEAB7793012342EAD0
:10A64000C102789312BA47F0005300BA79930DF51E
:10A65000C479AA9277AA0DF5287ECEF8000007CA21
:10A6600089E80700BCF1000F40F09C80002F00F04B
:10A670009980DEA94FF0010C7A918249CDF8ECC1A6
:10A680007AAA7C910DF5CA7907CA89E807007E4944
:10A69000CDF8F4E17DAACDF8F8C10DF5D07E7F911B
:10A6A00007CA102F8EE80700809580AACDF804C253
:10A6B00082936BAB07CA83E8070005D100221A60BA
:10A6C0009A6842F080429A604FF0010AFE9AACAB61
:10A6D000AC9248F00052CDF8B4A2AE9293E80700D5
:10A6E0006A4B6EAD43EA0823B093002385E8070068
:10A6F000A4A9CBA8B193B893B293FBF7E0F8834633
:10A70000002849D1A499B0A80BF0DDFE5946B0A8A5
:10A710000BF0D9FE3946B0A80BF0D5FE4FF0005330
:10A7200071A9B0A8CDF8C8A17393FBF780F974A9FB
:10A73000CBA8FBF756F9834670BB74A9B0A8FBF70A
:10A7400076F94946B0A8FBF772F962A9B0A8FBF701
:10A750006EF968A9B0A8FBF76AF99DF8C9335345AB
:10A7600003D12946B0A8FBF762F96BA9B0A80BF09A
:10A7700002FF9DF8C9331BB96EA9B0A80BF0FBFE10
:10A78000B0A80BF0C9FE834600283FF477AE9DF8D1
:10A79000C933002B3FF437AFBBF1210F6BD06FF003
:10A7A00092046CE6E6A965E79DF87433002B61D14D
:10A7B0000DF5247A014610225046A8AD09F0DAFCC6
:10A7C00010223146284609F0D5FCDC9FB84552D30B
:10A7D0009DF8A6335FFA89F94B454CD89DF885233F
:10A7E000D8A9C2F10E030DF291208DF8903209F034
:10A7F00025FEACAB10223146184609F0BBFC0DF229
:10A800008632CDE9000253463A460295CBA9B0A85C
:10A81000FDF798F8834690B99DF87433DC9A012BC4
:10A820001FD12F460346FE9902EB010C8C4510D137
:10A830002BB11146FE98FAF78BFF4FF02C0B10212D
:10A840002846FAF77DFFDC9BBBF1000FA4D11E4622
:10A8500015E611F8010B17F801EB80EA0E0003432F
:10A86000E4E72946FE9809F0E9FDE8E708266FF0DD
:10A87000850404E608266FF0860400E66FF0850480
:10A8800046E500BF20000020100000200200020466
:10A890002DE9F04FA1B08946DDE92B540746CDE9FB
:10A8A00007232D9E00283AD0B0F800A00AF4E04318
:10A8B000B3F5005F36D10AF4E062B2F5806F31D1B2
:10A8C000072C2CD94FF00808099345B3A4EB0804D2
:10A8D00005EB040B424659460AA809F0AFFDB9F151
:10A8E000000F1CD02A9BD3B1099B0EB92E9AB2B986
:10A8F0002F9AA2B1B3F5005F17D10AF4E063A3F574
:10A90000806253425341DB00BAF5105F07D17A8869
:10A9100022F0400180290AD0B2F5807F07D06FF085
:10A92000860716E04FF00008CEE70023ECE7002B87
:10A93000F5D02822002116A809F01CFC20220021B5
:10A940000EA809F017FC16A80BF0B3FD28B16FF0A4
:10A950009207384621B0BDE8F08F38464946079A3D
:10A960000EABFBF76DFD07460028F2D12E9B9C42F3
:10A9700021D8B54207D2B34505D9294622463046EB
:10A9800009F00BFD35460AABCDE90483052301939D
:10A990002A9B22460093CDE90256089B0EA916A8D1
:10A9A000FEF7AAFE2128BAD02C2807D00028CED145
:10A9B0002F9B1C60CDE76FF08907CAE76FF0940703
:10A9C000C7E72DE9F04F044689B0104615460491BB
:10A9D000ECF7E9FF00286FDD2046E988EDF700FA83
:10A9E00000286CD12B68B4F806900093374D494687
:10A9F00000982B682B68ECF7FFFF03460733282BE2
:10AA000034BF4FF0FA0A4FF01E0ADA08D4F800807B
:10AA100023F0070301900292059349464046029AAB
:10AA2000FDF714FA044618BB059B019A49464046B7
:10AA30009A1AECF7F2FFBAF1010A43D00499D8F858
:10AA40000000ECF7BDFF0126C743D5F800B0B145C3
:10AA500012D84BEA070303932F682B684B462E68E6
:10AA600003F1FF3B83B9039A2B6817409F42D4D070
:10AA7000204609B0BDE8F08F58F82600ECF71FFF1C
:10AA800001364BEA000BE2E7009B53F82B2058F805
:10AA90002B301046194607930692ECF791FF079B5F
:10AAA000069A064311461846ECF78AFF20EA060389
:10AAB0001F4306435B46D3E76FF00304D8E76FF00C
:10AAC0000F04D5E76FF00D04D2E700BFB00B0020F4
:10AAD0002DE9F04F01230024ADF50B7D2020CDE9B9
:10AAE0001243CDE91443CDE9164301F0EFFC079082
:10AAF000002800F06D86202001F0E8FC0590002879
:10AB000000F062862AAE3046ECF721FC4FF4804319
:10AB100061AD284661932B9FECF721FCA74B304693
:10AB20002A93619B38942C93A54B0DF1E0092D934A
:10AB3000FEF7C0F88346002841D117F0FF084946C8
:10AB40000CBF28462046F3F7F3FC8346002836D195
:10AB50000FCE389CA446ACE80F0096E803008CE8C2
:10AB60000300B8F1000F01D1619B6361636A83B197
:10AB7000D4E9086763681B0A06933BD06FF0860B25
:10AB8000206A10B1616AEDF73DF80022C4E908229D
:10AB900015E03F0A40F0D18147F24110EEF708FF7F
:10ABA00030B1FF2147F24110EFF719F8834630B971
:10ABB00020212046EFF742F883460028D8D0389865
:10ABC00008B1EFF781F85846ECF716FC0690202103
:10ABD0000798EDF70DF805982021EDF709F805988D
:10ABE00001F07CFC079801F079FC06980DF50B7DCF
:10ABF000BDE8F08F23885A0440F1AC8003F4E043B1
:10AC0000002EBBD0002FB9D0628808920732072AE5
:10AC10004FEAD20800F09E80B3F5804F00F09A8092
:10AC20002022069950A809F0A5FA4146204650AACC
:10AC3000FBF79CFB8346002840F0D285474502D2B3
:10AC40006FF08C0B9CE7509B014628222846DDF8CC
:10AC50004CA1099309F08EFA28460BF02AFC10B19A
:10AC60006FF0920B8CE74FF00072FD1C0DF58079B0
:10AC700025F00305494650A8CDF888B1CDE95465C3
:10AC80006192CDF88CB1CDF8A4B1FAF718FE002886
:10AC90007DD1409961A80BF016FC012219924FF06A
:10ACA000005218A961A81A92FAF7C1FE1BA950A870
:10ACB000FAF797FE002841D161A81BA90BF05BFCB5
:10ACC00061A80BF029FC002838D1BAF1000F19D186
:10ACD000099BB3F1805F15D2494650A8CDF800A179
:10ACE000CDF84CA1FAF737FD002850D140988307E2
:10ACF00008D085424BD32A1A514602F00302304451
:10AD000009F038FA6268120A04D13146089A20889C
:10AD1000FEF720F8002162686162120A10D12288D1
:10AD200022F0FF01B1F5824F05D1413AD2B2012A9A
:10AD300088BF08F10108C4F8248003E0482826D120
:10AD40006FF0850B61A80BF0B4FB002888D11BF1D4
:10AD5000860F09D125882846EEF72AFED0B139465C
:10AD60003046EFF75EF88346BBF1000F7FF408AF83
:10AD70002379002B40F0C58094F818B06369BBF1CB
:10AD8000010F089300F0C7806FF0960B17E76FF084
:10AD9000920BD7E705F44F43B3F5824F0BD105F47F
:10ADA000E043B3F5E04F06D1EDB2122D638809D030
:10ADB000412D00F087806FF0850BE1E64171FF00C7
:10ADC00000000209B3F5807FF5D10321002301259E
:10ADD00061A8CDE96353CDE96553CDE96753CDE96A
:10ADE0006953CDE96B53CDE96D53CDE96F53CDE98F
:10ADF0007133CDE97333CDE97533CDE97733CDE9DF
:10AE00007935CDE97B35CDE97D35CDE97F358DF8D7
:10AE100084316293EEF730FD0246002843D161A8E9
:10AE2000ECF74EFE0228804659D1DDF8C49179A88E
:10AE30004FEAD90AAA441AF0030118BF294601EBC8
:10AE40009A01ECF7CDFF002856D15246BDF8EA1121
:10AE50007998FCF7FBFF024628BBC9EBCA01013910
:10AE600079A8ECF712FE0246E8B92A46494679A8C5
:10AE7000EDF7ACF80246B0B9014679A8EDF7A6F8AF
:10AE8000024680B9294679A8EDF7A0F8024650B9E4
:10AE9000B9F1FE0F1BD032463B4604F1240161A8F4
:10AEA000ECF77AFE024661A80892EEF7A5FC79A8B5
:10AEB000ECF7B3FE7BA8ECF7CBFE089A1046EEF752
:10AEC00083FD50E7FF2B7FF476AF09217EE74146F3
:10AED00079A8EDF77BF80246002ADCD0E3E70128E9
:10AEE0000DD101466EAA79A8FFF76BFD10F10E0F88
:10AEF0000246F1D1B04AD6E76FF00F02D3E7AF4A6E
:10AF0000D1E72046D4E90812F3F7C9FC83460028AC
:10AF10003FF432AF53E6022323760023A84A0FAC56
:10AF2000136021461A460898EEF79BFE054638B195
:10AF30000898EEF7E9FE284646E66FF0860B3EE6F7
:10AF400025682B88590406D52A6A696809926A6AB5
:10AF5000090A0A920BD06FF086040F98F3F764FC8D
:10AF60000FAE0546002C00F084812546E0E703F48F
:10AF7000E043B3F5804F1FD1288800F4E043B3F5D8
:10AF8000804F20F4405244F2010340F04C819A4239
:10AF900008D000F44F43B3F5824F03D0B3F5844F8C
:10AFA00040F04381DDE90901854B864A0093202367
:10AFB000EEF720FF0446D0E7099B002BCBD00A9B7D
:10AFC000002BC8D030AE2022304609F0D3F8DDE99E
:10AFD000091233462846FBF733FA0446002840F0AE
:10AFE000E0802B8803F44F4ABAF5824F07D1413BEA
:10AFF000DBB2012B94BF4FF0000B4FF0010BB446B6
:10B000004FF02009BCE80F0038AF0FC79CE80F00D5
:10B0100087E80F00B3684022002161A840AF0D937C
:10B02000D6F80C8009F0A6F84A460021384609F007
:10B03000A1F86B88BAF5824F03F107034FEAD303F7
:10B040000B9339D15B4213F0030A35D0B8F1000FEE
:10B0500013D1DDE90A329342FFF47DAF52464146F7
:10B06000384609F087F80B9A099907EB0A0009F0AE
:10B07000E5F9C6E90387C6F814904FF0400961ABC3
:10B080000C9300220D9B38AF23F0807323F4804390
:10B0900043F40053C7E902320C9B0DF140084146CE
:10B0A0003846C7E90439C8F80020FAF775FB0146AD
:10B0B00050B16FF0920450E7424B4FF0000A5B44EE
:10B0C0004FF020090C93DCE7D8F800605E44A6EB53
:10B0D0004A06202EC8F8006002D96FF089043CE7C8
:10B0E000282250A809F046F850A80BF0E2F90028F1
:10B0F000DFD1012339461A4630A8FAF77FFB002832
:10B1000057D10D9B13F4C04F53D02F4B0DF19C081A
:10B11000519058905290414630A85093FAF7CFFB87
:10B12000002846D1279950A80BF0CDF901234FF004
:10B1300000521EA950A81F932092FAF778FC21A96B
:10B1400030A8FAF74EFC002840F0468321A950A809
:10B15000FAF76DFC384611A9FAF71EFB48BB119AA5
:10B160004A4526D801230C9942F00052279124AF7A
:10B170002893299298E8070087E80700394650A8E5
:10B180000BF0F9F9032750A80BF0C6F901280DD1EF
:10B19000013FF8D16FF08B0450A80BF08AF900281A
:10B1A00087D114F1860F7FF4D8AEE5E670B1482858
:10B1B00036D06FF09204EFE700B3FFFF80B0FFFFDF
:10B1C0009C410020141B002000000102BAF1000F76
:10B1D0001CD0A6EB0B094FEA5909524BC9F10007E5
:10B1E0005B4407F003070DF5C2784A46184608EBA2
:10B1F000070109F023F909EB470141444A46484455
:10B2000009F01CF90B9940A8FAF7A2FABBF1000F5C
:10B2100003D00422444B83F83C21444B1E60BBE71F
:10B220006FF08504B8E79A4220D000F44F43B3F59D
:10B23000824F1BD10023619361AB69880093DDE9E4
:10B240000923FDF7EDF8044600287FF486AE619DE2
:10B250002022364B33492846EEF730FE0446284676
:10B26000EEF7FAFA28460AF0E1FD76E66FF085047B
:10B2700073E600287FF45CAE20222A4914A8ECF77C
:10B28000C9FD2022274914A8ECF759FB20222849A0
:10B2900012A8ECF7F4FD2022254912A8ECF71CFBBC
:10B2A0004FF480423146234B08983460EEF7D9FCC6
:10B2B000074678BB35682B8823F0FF03B3F5E24FD0
:10B2C00002D0B3F5E44F05D16B880733B3F5847F23
:10B2D00080F01D82D5E908986C68240A40F01A8233
:10B2E0000EAB03932023059A0293CDE90032494621
:10B2F000424628460E4BFCF739FC10F1860F0746F4
:10B3000040F00781288820F0FF03B3F5E24F13D007
:10B310006FF0860720210598EEF783FD20230E931A
:10B32000FAE000BF141B0020D81900209C41002027
:10B33000341B00200000020910AE698843464A46CB
:10B3400000961094FDF76CF807460028E2D1109E95
:10B3500011AD33782C60032B00F0EC80092B00F04A
:10B36000ED802746A422002161A808F003FF47F4DE
:10B37000824020232146914A0095FDF751F8D5F8E7
:10B3800000800746002840F09C809DF8853198F8A1
:10B390000010002B40F0D580012262A8CDE9633275
:10B3A000CDE96532CDE96732CDE96932CDE96B325D
:10B3B000CDE96D32CDE96F32CDE97133CDE973332B
:10B3C000CDE97533CDE97733CDE97933CDE97B2309
:10B3D000CDE97D238DF884318DF886218DF8851196
:10B3E0008DF88831CDE97F23CDE98123CDE9832311
:10B3F000CDE98523CDE987238992EEF73DFA002830
:10B4000040F0A9809DF88631012B00F09E806C48A9
:10B41000EEF7DAFA0746002853D19DF885313178E6
:10B42000002B40F09A80012262A8CDE96332CDE979
:10B430006532CDE96732CDE96932CDE96B32CDE9CC
:10B440006D32CDE96F32CDE97133CDE97333CDE99A
:10B450007533CDE97733CDE97933CDE97B23CDE978
:10B460007D238DF884318DF886218DF885118DF836
:10B470008831CDE97F23CDE98123CDE98323CDE94F
:10B480008523CDE987238992EEF7F6F9002874D158
:10B490009DF88631012B63D04948EEF795FA0746AF
:10B4A00078B99DF88631012B69D04548EEF78CFAC2
:10B4B000074630B90E9B0734B3EBD40F05D06FF0BD
:10B4C000960720210598ECF793FB9DF88631012B18
:10B4D0000ED162A8EEF790F97AA8ECF79EFB7CA853
:10B4E000ECF7A9FB82A8ECF7A6FB88A8ECF795FB84
:10B4F00000234046ADF884318DF88631EEF7ACF983
:10B5000040460AF093FC3046EEF7A6F930460AF0C2
:10B510008DFC002F7FF4FEAE0F98F3F785F90446FB
:10B52000002F00F0FA803C460898EEF7EDFB20462D
:10B53000FFF74ABB4FF48074122713E7FF2441271B
:10B5400010E78B423FF45EAF61E708F1680182A823
:10B55000ECF7FCFC5CE71B485AE78B4298D09BE772
:10B5600006F168017CA8ECF7F1FC002895D106F102
:10B5700060017AA8ECF7B4FC8FE712488DE7719B65
:10B58000002B92D00146412250A89DF8885108F026
:10B59000F1FD4022394640A808F0ECFD182239465A
:10B5A00038A808F0E7FD6B1E082B0DD8DFE803F084
:10B5B0008B0C7B80830C0C0C860000BF341B00209E
:10B5C00080B0FFFF80B1FFFF4FF0000A6FF07107FE
:10B5D00055463846FAF76AFB00287FF467AF4FF408
:10B5E000804330AF38463093EBF7B9FE309B0AF119
:10B5F00007023A9305F48243B3F5824F4FEAD2092A
:10B60000099363D1EBB2412B60D14A4640A97AA895
:10B61000CDF8C090ECF760F94A4650A982A8ECF743
:10B620005BF94F464123ADF8E2A00DF5A07B0DF18B
:10B63000C00AADF8E05038A84A46CDE901B340A9A8
:10B640005B46CDF80CA00097FCF790FAFAF72EFBBA
:10B6500000287FF42BAF05F48243B3F5824F59469F
:10B66000309A88A84DD1EDB2412D4AD1ECF7D2FBEA
:10B6700088A8ECF7CFF90730B0F5847FBFF415AF99
:10B68000719B62A813F0070518BF012505EBD305D0
:10B690000E95ECF715FA02282A46059988A833D1A9
:10B6A000ECF71AF902E74FF4807A47F2121590E7A7
:10B6B0004FF4C07AF9E740F2092AF6E74FF0FF0AA3
:10B6C00047F2411585E74FF0C00AEEE74FEA490718
:10B6D0004A4640A901377AA83097ECF730F904239D
:10B6E0004A460DF2411182A88DF84031ECF727F956
:10B6F00009F1010150AB4A46194484A8ECF71FF93F
:10B7000090E7ECF7BCFBB3E7ECF719F9CEE66FF086
:10B710008907FFE56FF08507FCE500287FF404AF9B
:10B720002022059916A8ECF7AAFB40AD2022059926
:10B7300016A8ECF7D1F82B462021079A05984097D8
:10B74000FCF7EEFA04460898002C7FF4EEAE409D1C
:10B75000202D7FF4EAAEEEF7D7FA044620B1294651
:10B760000798ECF745FAE2E6204E96F87C311BB1DB
:10B7700001230693FFF72BBA012561A8EBF7E7FD3C
:10B7800050A864975095EBF7EAFD509B0799639397
:10B790004FF484436693164B1022CDE9613561A8BE
:10B7A00050ABEEF719FF044610210798ECF720FA8A
:10B7B0001CB986F87C51FFF70ABA2046EBF71CFE4D
:10B7C000031E18BF0123D4E719230693FFF70ABA13
:10B7D00019230693FFF709BA01283FF4DBACE6E42E
:10B7E00010F1860F7FF4CCA9FFF7B4BAD819002066
:10B7F00001108000F7B5012300220546CDE90023A2
:10B800000E46021D02216846FFF7DBF8044648BBDE
:10B8100006F110026B4611462846EDF7F0FB044690
:10B8200000BB06F108076B463A4639462846EDF755
:10B83000E6FB0446B0B96B466A4669462846EDF712
:10B84000DEFB044670B96B46324631462846EDF7BA
:10B85000D6FB044630B96B463A4639462846EDF7E2
:10B86000CEFB04466846ECF7D8F9034814F10E0FF6
:10B8700018BF204603B0F0BD00B3FFFF0022012334
:10B8800073B50646CDE900230D46021D0221684628
:10B89000FFF797F8044678B96B462A4629463046A2
:10B8A000EDF7ADFB044638B905F110026B461146C1
:10B8B0003046EDF7A4FB04466846ECF7AEF90348C2
:10B8C00014F10E0F18BF204602B070BD00B3FFFF89
:10B8D000F8B504464518073549420D40A5F108065C
:10B8E0003046EEF7BBFA6188331BA1EBE30125F884
:10B8F000061CA088DA1000EBE30080B225F8040CE7
:10B90000A188D1B1A4EBC1014F88C880D01948806B
:10B91000E188C9B18A1A92B204EBC10125F8022C60
:10B920008A80A2889AB911498A681344CA688B60D0
:10B93000934200D9CB603046F8BD15F8081C41F0A1
:10B94000020105F8081CE3E725F8021CE9E7A4EB6F
:10B95000C2042278D207EED5044A91680B44D1681C
:10B9600093608B4288BFD360E5E700BF9819002041
:10B970002DE9F047002390464A1C08BF0821C8F86B
:10B980000030002800F099804D4F7B68984280F08D
:10B990009480073020F00705EFF31189302383F3FB
:10B9A00011887E69BEB133787288DB074FEAC20224
:10B9B00004D5F3887BB106EBC306F4E79542F8D8CB
:10B9C00006F10803B3FBF1F001FB103353B12B4434
:10B9D0009A42EED343B989F31188BFF36F8F1920D0
:10B9E000BDE8F0872B46F5E770883A69C3EBC000E5
:10B9F000013A27283A614ED99D4205F1080A45D0FF
:10BA00003046FFF765FF0446A2445046EEF726FA9B
:10BA1000628805F10F01A2EBD102CB08AAF802203F
:10BA2000AAF80430E288002A32D0D31A9BB204EB81
:10BA3000C202AAF806309380ED086580BAF8043097
:10BA40000022E38031465046FCF760FFBB68FA688D
:10BA500008339342BB6088BFFB60237843F0010347
:10BA600023703B6901333B616288BB68083403EB98
:10BA7000C203FA68BB60934288BFFB60C8F800400D
:10BA800089F31188BFF36F8F0020A9E73446BBE725
:10BA9000AAF80620D0E79D420DD03046FFF718FFE8
:10BAA00004462378012243F00103314620462370E7
:10BAB000FCF72CFFD8E73446F3E7212090E700BFDE
:10BAC00098190020002370B51646136089B180B123
:10BAD00001FB00F54FF0FF312846FFF749FF044610
:10BAE00028B9306818B12A46214608F043FB2046A1
:10BAF00070BD2124FBE702464FF0FF31102037E7ED
:10BB000000F00CB800F00AB800F008B800F006B871
:10BB100000F004B800F002B800F000B872B61EF0F1
:10BB2000080F09D01EF0040F0DD0DFF850E0AEE88A
:10BB3000FF1F6FF002000CE0DFF840E0AEE8FF1FEF
:10BB40006FF00E0005E0DFF834E0AEE8FF1F6FF0A5
:10BB500006006946EFF309828EE80700864608482A
:10BB6000084C854501D3A54501D384F30888F3F734
:10BB7000D1FB84F30888F3F7BFFB0000E03E002010
:10BB800048000020C80A00201FB514461A46094B79
:10BB900005461B68D8684CB1074B00910749CDE9B1
:10BBA00001342B4600F0C6F808F0EFFA044B1C46AF
:10BBB000F3E700BFC0410020D9890200E6890200F6
:10BBC000AD8C020008B5064B044613B10021AFF35B
:10BBD0000080044B1B6803B198472046F7F7D3FF5A
:10BBE00000000000083B0020002310B504468360DD
:10BBF000818119464366C28108228361C0E900330E
:10BC0000C0E904335C3008F0B5FA0D4B246263627E
:10BC10000C4BA3620C4BE3620C4B23630C4B9C421A
:10BC200006D003F16802944202D0D0339C4205D181
:10BC300004F15800BDE8104008F0A4BA10BD00BFE0
:10BC4000ED4002000F410200474102006D41020039
:10BC5000D0390020024A0349034808F029BA00BF3E
:10BC6000B4410020CF420200C441002041680C4B87
:10BC7000994210B5044601D008F029FBA168094B90
:10BC8000994202D0204608F022FBE168064B994217
:10BC900004D02046BDE8104008F019BB10BD00BF1D
:10BCA000D0390020383A0020A03A00200C4B042163
:10BCB0000C4A0D4810B51A600022FFF795FF0A4B99
:10BCC000012209211C4603F16800FFF78DFF0222C3
:10BCD00004F1D0001221BDE81040FFF785BF00BF7E
:10BCE000083B002055BC0100D0390020014808F075
:10BCF0004ABA00BFA93E0020014808F045BA00BF7B
:10BD0000A93E002010B50446FFF7F0FF236A1BB1DF
:10BD1000BDE81040FFF7F0BF044B2362044B1B68E3
:10BD2000002BF5D1FFF7C2FFF2E700BF6DBC0100A9
:10BD3000083B00200EB403B503AB0146054853F899
:10BD4000042B0068019300F071F802B05DF804EB79
:10BD500003B07047C041002038B50023054D0446AC
:10BD600008462B60F7F70CFF431C02D12B6803B188
:10BD7000236038BD0C3B002038B50446064D08460C
:10BD8000114600222A601A46F7F707FF431C02D12A
:10BD90002B6803B1236038BD0C3B002038B5044646
:10BDA000064D0846114600222A601A46F7F7F7FEAC
:10BDB000431C02D12B6803B1236038BD0C3B00202B
:10BDC00038B50446064D0846114600222A601A4638
:10BDD000F7F7E7FE431C02D12B6803B1236038BD9F
:10BDE0000C3B002070B50D4B00260D4D5B1B9C10CD
:10BDF000A64209D10B4D0AF023FC0B4B00265B1B1E
:10BE00009C10A64205D170BD55F8043B01369847F9
:10BE1000EEE755F8043B01369847F2E76042002010
:10BE20005C42002060420020644200202DE9F04F77
:10BE30000D469DB014469846064618B1036A0BB9E4
:10BE4000FFF760FF6B6ED90705D4AB899A0502D462
:10BE5000A86D08F098F9AB891B0701D52B699BB930
:10BE60002946304600F09AFA70B16B6EDC0704D5B3
:10BE70004FF0FF301DB0BDE8F08FAB899805F7D4C7
:10BE8000A86D08F081F9F3E70023CDF80C804FF09E
:10BE90000109DFF8B481099320238DF8293030237C
:10BEA0008DF82A3023469A4613F8012B0AB1252A29
:10BEB000F9D1BAEB040B0BD05B462246294630463B
:10BEC00008F081F9013000F0A780099A5A440992DC
:10BED0009AF80030002B00F09F8000234FF0FF32D3
:10BEE0000AF1010A049307938DF853301A93CDE9B0
:10BEF000052354460522544814F8011B08F090FA13
:10BF0000049AD8B9D10644BF20238DF853301307C3
:10BF100044BF2B238DF853309AF800302A2B15D0CC
:10BF2000079A544600204FF00A0C214611F8013BB5
:10BF3000303B092B4BD9B0B1079214E0A0EB0803BA
:10BF4000A24609FA03F313430493D2E7039B191D96
:10BF50001B68002B0391BBBF5B4242F002020793B8
:10BF60000793B8BF049223782E2B0AD163782A2B2B
:10BF700032D1039B02341A1D1B6843EAE373039218
:10BF80000593DFF8D4A003222178504608F048FA40
:10BF900038B1A0EB0A004022049B013482401343D5
:10BFA000049314F8011B062228488DF8281008F085
:10BFB00037FA00283FD0264B1BBB039B073323F0E7
:10BFC000070308330393099B3B4409936AE70CFB7F
:10BFD00002320C460120A8E7002301344FF00A0C7E
:10BFE00019460593204610F8012B303A092A03D947
:10BFF000002BC6D00591C4E70CFB012104460123A8
:10C00000F0E703AB2A4604A930460093114BAFF387
:10C0100000800746781CD6D16B6ED90705D4AB8952
:10C020009A0502D4A86D08F0AFF8AB895B063FF51E
:10C030001FAF09981EE703AB2A4604A930460093B8
:10C04000044B00F00BF8E4E7158A02001F8A020097
:10C0500000000000C74102001B8A02002DE9FF47D3
:10C060000F7E914680460C46782F9A460C9E01F131
:10C07000430207D8622F0AD8002F00F0D280582F31
:10C0800000F0B78004F1420684F842703AE0A7F16C
:10C090006303152BF6D801A151F823F0F5C0010078
:10C0A00009C1010085C0010085C0010085C00100F3
:10C0B00085C0010009C1010085C0010085C00100E3
:10C0C00085C0010085C0010009C2010033C1010023
:10C0D000BFC1010085C0010085C001002BC2010065
:10C0E00085C0010033C1010085C0010085C0010089
:10C0F000C7C1010033681A1D1B68326004F1420693
:10C1000084F8423001239DE033682068191D3160B6
:10C11000060601D51D6803E04506FBD5B3F90050BE
:10C12000002D03DA2D236D4284F8433059480A2349
:10C1300010E021683368080653F8045B02D449060E
:10C1400048BFADB26F2F5348336059D10823002147
:10C1500084F843106668002EA66005DB21682E4334
:10C1600021F0040121604DD01646B5FBF3F103FB2D
:10C170001157C75D06F8017D2F460D46BB42F4D925
:10C18000082B0BD12368DF0708D523696168994222
:10C19000DEBF302306F8013C06F1FF36921B226118
:10C1A0004B4603AA21464046CDF800A008F01DF8F2
:10C1B00001304CD14FF0FF3004B0BDE8F087236868
:10C1C00043F02003236078273348236884F84570C0
:10C1D0001F06316851F8045B02D45F0648BFADB258
:10C1E0003160D90744BF43F0200323601DB1102301
:10C1F000ADE72848E9E7236823F020032360F6E74A
:10C200000A23A4E71646BBE733682568181D616951
:10C2100030602E061B6801D5196002E06806FBD568
:10C220001980002316462361BAE7336800211A1DDE
:10C2300032601E686268304608F0F2F808B1801B70
:10C24000606063682361002384F84330A8E72369B2
:10C25000324649464046D0470130ABD023689B0761
:10C2600013D4E068039B9842B8BF1846A4E70123A3
:10C27000324649464046D04701309BD00135E368FD
:10C2800003995B1AAB42F2DCEBE7002504F11906D7
:10C29000F5E700BF268A0200378A0200B1F90C20B8
:10C2A0002DE9F041160705460C4651D44B68002B8A
:10C2B00002DC0B6C002B49DDE66A002E46D0002321
:10C2C00012F480522F682B6031D0626DA389590718
:10C2D00005D56368D21A636B0BB1236CD21A0023A5
:10C2E000E66A216A2846B047421CB4F90C3006D1F0
:10C2F00029681D2945D8284ACA40D60741D50022B9
:10C30000D90462602269226004D5421C01D12B68E5
:10C3100003B96065616B2F60C1B104F144039942B8
:10C3200002D02846FAF7FEF9002363630EE00123EA
:10C33000216A2846B0470246501CC7D12B68002B03
:10C34000C4D01D2B01D0162B19D12F6000201DE069
:10C350000F69002FFAD093070E680F600CBF4B696E
:10C360000023A6EB07088B60B8F1000FEEDD434613
:10C370003A46216A2846A66AB047002808DCB4F984
:10C380000C3043F040034FF0FF30A381BDE8F08153
:10C390000744A8EB0008E7E70100402038B5284B28
:10C3A00005460C46186818B1036A0BB9FFF7AAFCDA
:10C3B000B4F90C301A0721D4D80607D409222A6010
:10C3C00043F040034FF0FF30A38130E0590712D50E
:10C3D000616B41B104F14403994202D02846FAF757
:10C3E000A1F9002363630022B4F90C30626023F0EA
:10C3F00024032269226043F00803A38122693AB929
:10C400009A0501D5180603D52146284608F047F8B5
:10C41000B4F90C3013F001020AD00022A260626964
:10C420005242A261226942B913F08000C8D138BDDE
:10C43000990758BF6269A260F4E70020F7E700BFE0
:10C44000C0410020024B0146186807F0BFBF00BF83
:10C45000C041002038B50023064D04460846114669
:10C460002B60F7F797FB431C02D12B6803B12360C5
:10C4700038BD00BF0C3B002038B50023064D0446F4
:10C48000084611462B60F7F77FFB431C02D12B684F
:10C4900003B1236038BD00BF0C3B002038B500233A
:10C4A000054D044608462B60F7F772FB431C02D18A
:10C4B0002B6803B1236038BD0C3B0020024B0A46B9
:10C4C00001461868FAF731B9C0410020024B014615
:10C4D0001868FAF71AB900BFC0410020024B0146A4
:10C4E0001868FAF71FB900BFC04100200CB4194BFF
:10C4F00030B50C1E9DB01D6808DA8B234FF0FF305D
:10C500002B601DB0BDE8304002B070474FF402739D
:10C510000290069002A9ADF814304FF00003209A63
:10C5200028461B9314BF04F1FF332346049307935B
:10C530004FF6FF73ADF8163021AB019300F01AF8F7
:10C54000431CBCBF8B232B60002CDAD0029B002243
:10C550001A70D6E7C041002007B5009313460A467B
:10C5600001460348006807F0D3FF03B05DF804FB01
:10C57000C04100202DE9F04F98468B899DB00746B9
:10C580001B060D46144610D50B6973B94021FAF706
:10C59000BCF82860286130B90C233B604FF0FF30B5
:10C5A0001DB0BDE8F08F40236B610023CDF80C80F7
:10C5B0004FF00109DFF8A081099320238DF829307D
:10C5C00030238DF82A3023469A4613F8012B0AB1FE
:10C5D000252AF9D1BAEB040B0BD05B46224629463B
:10C5E000384607F0DDFF013000F0A780099A5A4471
:10C5F00009929AF80030002B00F09F8000234FF042
:10C60000FF320AF1010A049307938DF853301A930D
:10C61000CDE90523544605224F4814F8011B07F0C5
:10C62000FFFE049AD8B9D00644BF20238DF85330BA
:10C63000110744BF2B238DF853309AF800302A2B72
:10C6400015D0079A544600204FF00A0C214611F8E5
:10C65000013B303B092B4BD9B0B1079214E0A0EB62
:10C660000803A24609FA03F313430493D2E7039B9A
:10C67000191D1B68002B0391BBBF5B4242F00202F5
:10C6800007930793B8BF049223782E2B0AD16378BF
:10C690002A2B32D1039B02341A1D1B6843EAE37331
:10C6A00003920593DFF8C0A003222178504607F0DB
:10C6B000B7FE38B1A0EB0A004022049B013482404F
:10C6C0001343049314F8011B062224488DF8281004
:10C6D00007F0A6FE002836D0214B1BBB039B073377
:10C6E00023F0070308330393099B334409936AE754
:10C6F0000CFB02320C460120A8E7002301344FF066
:10C700000A0C19460593204610F8012B303A092AE5
:10C7100003D9002BC6D00591C4E70CFB01210446C8
:10C720000123F0E703AB2A4604A9384600930D4BDA
:10C73000AFF30080421C0646D6D1AB895B063FF5BD
:10C740002DAF09982CE703AB2A4604A9384600937D
:10C75000044BFFF783FCEDE7158A02001F8A0200F5
:10C7600000000000A14502001B8A0200014807F0FA
:10C77000CABF00BF690345EC1046044A1368591E3E
:10C78000033102D800211160184770471042002081
:10C79000034B1868034B002808BF1846704700BFBA
:10C7A000103B00200C900200014808F079B900BF4E
:10C7B000183B002013B50B4C0229226005D10A4812
:10C7C00008F06EF9002002B010BD0A460093014641
:10C7D000064B054808F045F9003818BF0120400015
:10C7E000F1E700BF10420020183B002079C701008C
:10C7F000014808F066B900BF183B0020002101483D
:10C8000008F081B9183B002008B5064B1B680133BE
:10C8100005D0FFF7EDFF80F00100C0B208BD002099
:10C82000FCE700BF104200202DE9F843DFF86090DC
:10C830000646D9F8008008461746B8F1000F03D025
:10C840000E242046BDE8F88306B3336801331DD1BA
:10C85000E1B100F075F805460028F1D0C9F80000F4
:10C8600000F0DAF8284607F058FF044640B1404689
:10C87000C9F8008000F0D0F8284607F046FFE0E74E
:10C880003560002FDDD02846B847DAE72124D8E705
:10C89000143B0020024B1868003818BF0120704775
:10C8A000143B002038B50C4601F0EEFDA3780B4A8E
:10C8B00013705A1E55425541A8420CD0012B04D08A
:10C8C0002846BDE8384001F0C7BD204601F0B4FD60
:10C8D0000028F5D038BD0020FCE700BFAA3E0020AC
:10C8E000002108B5024B08465B689847002008BD48
:10C8F0002C42002010B5FFF74BFF0D4B0C461A1AC7
:10C90000534253418B4201D1002010BD094B1B689B
:10C910003BB9094A064B002C08BF1346074A13606F
:10C92000F2E708F012FA0028F3D00220EDE700BF8A
:10C93000E48F0200143B00200C900200103B00200A
:10C94000F8B5044609F079FD002607460E4B1B6832
:10C9500093B19E68AEB196F82420D20711D4354623
:10C960000FCC0FC50FCC0FC523682B6096F8243071
:10C9700043F0010386F82430384609F059FD30466B
:10C98000F8BD1B68E4E700BF20420020431E0333CC
:10C9900006D8044B984228BF1846642838BF642044
:10C9A000704700BF40420F0038B5184B05461B6862
:10C9B0000C4603B1984744B1236833B11B68013377
:10C9C00003D0E3680BB1A36843B908F071FC002001
:10C9D0009122412100F0CCFA212038BD204603F0FD
:10C9E00069FA00230A4A85F84831C5E93A431360D9
:10C9F0005360636943B1074A42211068B322C31AE6
:10CA00005842584100F0B4FA0020E6E76C3D00209F
:10CA100014420020D03D002010B5044618B9054B43
:10CA2000054A136010BD00F08FFDD4F8F430002BE0
:10CA3000F6D1F4E7DB47020024420020084B10B493
:10CA4000002A14BF14461C46064B1C6019B15DF841
:10CA5000044B07F0CFBE08465DF8044B704700BF9B
:10CA6000DB4702002442002008B502460868FFF7B1
:10CA70008DFF08604868FFF789FF48608868FFF706
:10CA800085FF8860C868FFF781FF0B69C860581C84
:10CA900003D00B48834228BF03460B614B69581CE7
:10CAA00003D00748834228BF034688694B61FFF7DC
:10CAB0006DFFBDE808408861104601F049BC00BF29
:10CAC00040420F00D0F8EC302DE9F04105460C460D
:10CAD00013B1C38D8B424ED0D5F8E830002B4DD02A
:10CAE0009E68002E4AD0D868002847D0013800B28E
:10CAF00000281DDB002107E0128A0CF10101A2428F
:10CB000019D209B2884213DB0B1803EBD3735B1005
:10CB100003EBC30206EB8202B2F80EE01FFA83FCBD
:10CB2000A6450CF1FF3EE7D90FFA8EF08842EBDA0A
:10CB30002120BDE8F0814FF6FF729445F8D09BB2FA
:10CB400003EBC30306EB83062846B6F9122095F8DB
:10CB50003C11D5F8FC80FAF753FA0746B8F1000FFC
:10CB600004D00023324628461946C047EC85C5F854
:10CB7000EC6085F845710020BDE8F0810E20BDE82D
:10CB8000F08100BF2DE9F04782B004460E46904682
:10CB900001F080FC002877D15D4D2F68D4F8E8A023
:10CBA000D4F8EC901FB1574500F090800027AE609C
:10CBB00002F0BCF80128064604D0012100220846F4
:10CBC00007F0DAFD204608F04AFA002860D12B6809
:10CBD000DAF80010D9F800201BB11868884200F07C
:10CBE0008180204608F00CFAB7B1B8F1000F13D1DC
:10CBF000204601F0C7FE0546D4F89830002B3CD102
:10CC0000012E05D025B1434B002103205B689847D6
:10CC1000284602B0BDE8F0873F4BC5F800A01A785F
:10CC2000C5F804908DF80780002A40D1D4F8FC5054
:10CC3000002D5FD0114620460DF10703A84720467E
:10CC400001F0A0FE054617B1B8F1000FD4D0B5FA37
:10CC500085F040F205423321400900F089F9414650
:10CC6000204601F073FF2D4B49461B6805462046C0
:10CC70009847D4F89830002BC2D000224FF40073AC
:10CC8000204600F071FCBBE70023214D6B6084E778
:10CC900094F82530DA079AD5D4F8A0305B0596D5FC
:10CCA0001F4B0122002120461B6898478FE7D4F8CC
:10CCB000EC30B4F9461023B1B3F912309942A8BF51
:10CCC00019464246204601F0A9FDB8E76F68002FDB
:10CCD0003FF46DAF4F457FF469AFAB68B34215D0F9
:10CCE000012764E7696819B1096891423FF47CAF94
:10CCF000596876E794F82A1094F8453142469942EB
:10CD000028BF1946204601F04FFD98E700257FE730
:10CD1000144200202C420020D88902002442002026
:10CD2000703D0020F8B505460E4609F086FB3146F9
:10CD300007462846FFF7C6FE044620B1384609F0EC
:10CD400077FB2046F8BD01F0CDFF2246314628464C
:10CD5000FFF718FF04460028F0D1284608F07FF9B5
:10CD60000028EBD095F8253013F001030DD0D5F84D
:10CD7000A02052050DD5B5F83621B24205D0B5F840
:10CD800038319B1BB3FA83F35B09034A82F8C43042
:10CD9000D4E72346F9E700BF001E00B070B5044693
:10CDA0000E4609F04AFB314605462046FFF7BAFF1A
:10CDB000044620B9044B01465B6803209847284687
:10CDC00009F036FB204670BD2C42002070B50446A9
:10CDD00000200D4608F070FA094B1B784BB9D4F8C7
:10CDE000FC6036B129462046B446BDE870401A467C
:10CDF000604729462046BDE8704008F0F0B800BF03
:10CE0000D889020013B56946044607F085FD0C4B2E
:10CE10001B783BB19DF800300D2B03D0B4F94C00CA
:10CE200002B010BD204607F0D1FFFF28024605D012
:10CE300020469DF80010FAF7E5F8F1E70148EFE722
:10CE4000D88902000080FFFF30B4064DBDF90840CC
:10CE50002D781DB1029430BC08F0C4B80E2030BC4F
:10CE6000704700BFB33E00202DE9FF4106460D4646
:10CE700090460AB9D0F898804146304607F05CFDEC
:10CE800018F0010F02D0304605F07EFB02F0FEFCE8
:10CE9000244B04460FCB6F468DE80F006DB1FF2C7D
:10CEA0000DBF2B6804AB55F8242000930BBF6B68B3
:10CEB00003EB8403019343F8102C18F4803F17D13F
:10CEC00022463946304608F069F970B96DB1FF2C39
:10CED0000FBF009B04AB03EB840353F8103C05BF6A
:10CEE0002B60019B45F824306B6004B0BDE8F081F5
:10CEF000FF2C0BD1009B01330ED0019B01330BD0D3
:10CF000022463946304608F067F9DEE704AB03EB0A
:10CF1000840353F8103CF1E722463946304607F0C7
:10CF2000DBFBD2E74090020008B50B4602491940EE
:10CF300007F0F4FC002008BD07001100024B186048
:10CF4000024B1960FEE700BF303D00202842002060
:10CF500038B5044D044C054B286021601A60FFF77A
:10CF6000EDFF38BD303D002028420020343D002038
:10CF700010B550B90548064B0160064802601868B4
:10CF8000054B18601868FFF7E3FF10BD284200202A
:10CF9000143B0020343D0020303D0020054B1B6831
:10CFA0000BB918467047834201D01B69F8E701208E
:10CFB000704700BF3C3D002018B10A4B1A680AB9FF
:10CFC000104670471A68824207D1026901201A6030
:10CFD000054A1368013B1360704702F110031269A0
:10CFE000EDE700BF3C3D0020383D00202DE9F74F24
:10CFF000064609F02BFADFF82081012398F800B0EB
:10D00000DFF818910190BBF1000F06D089F80030CD
:10D0100003B0BDE8F04F09F014BA3D4F88F8003076
:10D0200089F800B007F0A3FD08B107F09EFD3D6848
:10D0300038495DB9DFF8E8A0DAF800200024AA42F8
:10D040003B682ED84FF0FF31324838E06B7D8BB112
:10D050002B68B34202D09A1B8A420BD96A681344E8
:10D060002B60AB68003A18BF0122003B18BF0123B8
:10D070006A75AB752D69DCE7907D20B1107D884223
:10D080009CBF014614461269002AF5D1002CD9D064
:10D0900094E80B00A275411AE268204698470135D2
:10D0A000CAE71A46FF21EFE75A7D3AB11A68B24241
:10D0B00028D0921B824225D8914226D21B69002B90
:10D0C000F2D15CB12046FFF777FF38B13B683C6096
:10D0D0002361DAF800300133CAF800303B685C7D28
:10D0E0001CB1186800F0DEF8044607F03CFD064667
:10D0F000002C95D199F80030002B91D1019888F837
:10D10000004085E71C460021D8E711461C46D5E7BC
:10D110003C3D0020FCFFFFBFAC3E0020AB3E0020AA
:10D12000383D002038B5054610B31822002107F01D
:10D1300021F809F08BF902462846FFF72FFF20B1AE
:10D14000104609F07EF9022038BD0A4B1C6854B91C
:10D1500009491D600B68104601332C610B6009F012
:10D1600070F92046F0E719680C6901F11003EEE749
:10D170002120E9E73C3D0020383D002038B5044639
:10D18000FFF70CFF09F062F905462046FFF706FF9E
:10D19000637D23B9284609F054F90E2038BD0023D9
:10D1A0006375064B1B68A34203D107F0DCFCFFF755
:10D1B0001DFF284609F045F90020EFE73C3D00201F
:10D1C0002DE9F84FDDF82890984604460D46924622
:10D1D000FFF7E4FEDDF830B009F038F9074607F054
:10D1E000C2FC06462046FFF7D9FE637D23B12046E8
:10D1F000FFF7C4FF0023A375BAF1010F21D175B960
:10D20000B8F1000F1FD1B9F1000F03D05A463146D3
:10D210002046C847384609F014F9002017E0354485
:10D220000C4BAA1B9A420ED8012363759DF82C3033
:10D23000304684E820032375C4F80CB0FFF7D6FE0F
:10D24000E8E7AE42ECD1384609F0FBF82120BDE812
:10D25000F88F00BFFCFFFFBF2DE9F041074688466D
:10D26000FFF79CFE09F0F2F83D68064607F07BFCEC
:10D270007B7D7BB185420DD0094B2C1A9C4209D88D
:10D28000304609F0DEF8B8F1010F08BF2546284600
:10D29000BDE8F081304609F0D4F80025F7E700BF7B
:10D2A000FCFFFFBF0023024A194600F047BA00BF47
:10D2B000314B02002DE9F0418AB001AB0C46054626
:10D2C00024221846134907F0B9F80027002C08BF9C
:10D2D0000446384604F10C0690B95FFA87F84246D6
:10D2E0002846218807F0BEFE50B942462846E1880C
:10D2F00007F0C9FE20B942463146284607F0D6FE5F
:10D300000137032F06F1080604F10204E4D10AB044
:10D31000BDE8F08174900200F0B589B005460E4674
:10D3200007F0DCFE044600BB01AC06F10C070FCF92
:10D330000FC497E8070084E8070001A92846FFF713
:10D3400093FB2846311D07F009FB044648B92846DF
:10D35000074900F053FF044618B9284602F01EF8AA
:10D36000044628463168FFF7A5FF204609B0F0BD06
:10D370006C900200024BD868C0F30360704700BF96
:10D38000000002B82DE9FF478F7881460F2F0C4629
:10D3900003D9212004B0BDE8F08727B901223D4B15
:10D3A00000201A70F6E70E784D78002E3DD1002D42
:10D3B000EFD1AE42E088B24638BFAA4603F00EFD78
:10D3C000C30943EA4163C01A61EBD11103F03AFD8E
:10D3D000FF288046DDD0A08803F0A8FD2E4B354302
:10D3E00001461A884FF60400002D4AD1824208D126
:10D3F0002A48006E80B290420ABF4FF6050218809C
:10D400001A80B1F5803F254B14D902224FF0080A4B
:10D410001A66802256464908C3F880204FF6FF73EB
:10D420000139994228BF19460EE0082EB1D8082DBF
:10D43000AFD8BEE701224FF0080A1A66802256468E
:10D44000C3F880200029E9D1002302930123013F82
:10D45000FFB2009332465346019709F5827003F0FC
:10D46000E7FB1DB94FF480120D4B5A65404694F905
:10D47000031003F003FDA2680A4B1A600222054B59
:10D480008EE782421EBFDFF814C0CCF860201880FF
:10D49000D8E700BFAD3E00204842002000C001B8E0
:10D4A00000D001B84C3D002010B5054C237823B1C5
:10D4B00004F096FB0020207010BD0E20FCE700BF9A
:10D4C000AF3E002008B504F075FB0122014B00209F
:10D4D0001A7008BDAF3E0020F8B504460F46164648
:10D4E00008F0ABFF0546A047044620B1284608F0E7
:10D4F0009FFF2046F8BD06F06FFA04220549D1F8D7
:10D50000D83E23EA07033343C1F8D83E024B1A67DB
:10D51000ECE700BF001000B0002002B800F01803D4
:10D52000182B0AD003070AD410F0100F40F2011391
:10D5300008BF0023034A136570470023FAE701235D
:10D54000F8E700BF001F00B038B10368044A002BA1
:10D5500008BF1346034A13607047014BFAE700BF48
:10D56000454C02003C42002010B4D0E95641224014
:10D570000B4052EA030104D003495DF8044B0968EB
:10D5800008475DF8044B70473C4200200F2938B52E
:10D5900005460C460ED801F0C9FB01280CD1074AFC
:10D5A0002846D36B23F00F032343D36307F0E7FD33
:10D5B000002038BD2120FCE70220FAE7001F00B060
:10D5C00008B50E4B1A6F12F0A00F13D15B6F5B07FB
:10D5D00012D40B4BD3F8D83E23F07F4323F0FF0344
:10D5E00053B1FFF7C7FE6FF4905343FA00F000F019
:10D5F000010008BD0020FCE70120FAE7000002B8A6
:10D60000001000B070B50D46064620B91A4B1B68D5
:10D61000EBB10E201AE001F089FB012827D1174B4E
:10D62000D6F8F00093F9004007F0A6FC0022C4F100
:10D630001C04241A641BC4F11C03002BB8BF5B42FA
:10D64000232B16DC3AB10D4B1D70002070BD01225A
:10D65000C1F11C04EFE786F8285008F0EEFE0546FD
:10D6600060B200F0FFFF284608F0E2FEEDE702207E
:10D67000ECE72120EAE700BF143B0020AE3E00208B
:10D6800010B5044607F0EBFC10B1012001F076FE66
:10D69000204601F0E5FA08F0D0FE0A4A0121D2F84E
:10D6A000A030044623F02003C2F8A0300222064B2B
:10D6B00008469A60054B5B689847204608F0B8FE1C
:10D6C000002010BD001E00B0001002B82C42002047
:10D6D00008B507F0B8FA8022024BD864024B1A61F1
:10D6E00008BD00BF001F00B0000002B8014B186861
:10D6F000704700BF583D002037B508F09EFE01235B
:10D700000022002400930023054619461046019488
:10D7100005F07CFF022003F07DF9064B21461C60DA
:10D72000054B02205B689847284608F081FE20469A
:10D7300003B030BD603D00202C4200202DE9FF41A8
:10D7400002290C4615469846039005D1FFF7D4FFF1
:10D75000002004B0BDE8F08108F06FFE1E4E0746C1
:10D76000336853B1AB4208D00024384608F060FE5D
:10D77000002CEDD121203460EBE7184B0022C3F8D8
:10D7800000803560002301254FF00008104619463F
:10D790000195009505F03AFF114B022083F80080B7
:10D7A00003F038F922464346022003A903F050F95A
:10D7B0000C4B039A04461A600028D5D0DFF8288065
:10D7C000D8F8003098472128CFD12946D8F804301E
:10D7D00002209847C9E700BF603D00205C3D002063
:10D7E000B13E0020583D00202C420020034B5B6ED0
:10D7F0005B055ABF024B18780120704700C001B882
:10D80000B13E002010B590F827300446023B022BB1
:10D8100005D84B7C03B3012B20D0022B20D0D4F8A9
:10D8200060311B0613D58B8A1A2B10D9D4F8A4109B
:10D83000084607F021FA0D2814D00F2810D0102820
:10D8400010D011280CD001F0FD010D290AD020467E
:10D85000BDE8104007F092BA034810BD0348FCE74A
:10D860000348FAE70348F8E720A1070048E8010069
:10D8700040420F0080841E000A78022A11D0101F37
:10D880004242424152004B781201022B0BD0191F29
:10D890004B424B415B000549054842EA8312FFF7C2
:10D8A0001BBE0122EFE70123F5E700BFF0FFFF00F9
:10D8B00075ED01000B78022B10D0181F4342434135
:10D8C0005B004A78022A0BD0111F4A424A4152009B
:10D8D0000F21044843EA8202FFF7FEBD0123F0E76F
:10D8E0000122F5E7A1ED0100D0F8B43010B599425E
:10D8F00004460ED0C0F8B41002F068FD0649A4F842
:10D9000040010123054AD1F8FC1004F5827004F0AF
:10D910000BFF002010BD00BF001F00B0581F00B05B
:10D920002DE9F74F04468B4615461E46FFF748FE85
:10D9300020B3A38A13B3204607F076F878B9002EF7
:10D9400040F0E680734BD3F8D83E03F03002102A43
:10D9500000F0DE8003F0C003402B00F0D9806E4F52
:10D960007B69DB0740F1D48008F067FD06460320A1
:10D9700003F054F930B1304608F05AFD022003B0EC
:10D98000BDE8F08F7A6912F0060AF4D1304608F04B
:10D990004FFD604B4FF400612046D3F8D89ED3F87A
:10D9A000AC8E06F081F948B14FF4007601215B4F4F
:10D9B000524608463E6706F0DFFE3E6794F8253083
:10D9C000DF0707D5D4F8A0305E0542BF4FF4002230
:10D9D000534B1A6759462046FFF7A4F94D4BC3F83D
:10D9E000D89EC3F8AC8E0028C9D194F8243098068C
:10D9F00001D4002D4DD0C5F3400005F049F80223B5
:10DA000015F4807F1BBF0021454A444A136717BFA6
:10DA1000444A13675161136305F0DEFF4FF48063DE
:10DA200015F0040F14BF404A404A3C4E5362042391
:10DA300028463367FFF772FD204607F0F0F938B14A
:10DA40004FF4807315F0010F16BF354A3367136723
:10DA5000A90647D54FF6FF72B4F8403093420FD075
:10DA6000334A3449526E100CC2F301120132B3FB37
:10DA7000F2F308802C4A2D492F481B044866536650
:10DA8000003D18BF012594F8243065F3451384F850
:10DA90002430204607F0E3FAF0B1204607F0BFF942
:10DAA000D0B14FF40031204606F0FEF8431C0322AB
:10DAB0009BB201A9214807F0F2FB9DF804209DF8D4
:10DAC000053002F00701052915D112070DD443F4E2
:10DAD00080731B4AC2F8B830002003B0BDE8F04F95
:10DAE00007F0EABB01F0DEF8CAE713F0040F09D132
:10DAF0009DF80630EBE703F03002202A05D113F041
:10DB0000010FF4E74FF48073E3E79DF80630E0E798
:10DB10000E2034E7001000B000C001B8002002B8A9
:10DB2000001002B800400054005001B8006001B875
:10DB3000004001B84A4200200000FFFF08400054A6
:10DB4000001E00B02DE9F3410646884615461F46E3
:10DB500008F073FC0446032003F060F838B1204657
:10DB600008F066FC0E24204602B0BDE8F0810420D7
:10DB700003F054F80028F2D1204608F059FC0123A4
:10DB80002A4641463046FFF7CBFE04460028EAD13C
:10DB9000DFF8BC806FB188F8000039463046FFF7E7
:10DBA000F1FB50B998F80030012B08D104F05AFF6E
:10DBB000D9E798F80030002BF4D12124D3E72022B4
:10DBC0001D4B01201A671D4BDB6CB3F5817F22BF13
:10DBD00080221B4B1A6107F0B1FB08F02EFC194B99
:10DBE00006461B6801938BB903F074F815F08005A5
:10DBF0001ED1012003F0D6F815B9284604F01CFF09
:10DC0000114B01215B68002098470DE0042002F0D1
:10DC100001FF00230122042001A902F019FF0028BE
:10DC2000E2D104F069FF2124304608F001FC9AE7B4
:10DC30000022064B9A67DCE7001002B8001F00B014
:10DC4000000002B84C3D00202C42002000C001B86A
:10DC5000AD3E002010B50C4619B107F000FA04EBF8
:10DC60008004204603F062F9024B4042C3F8C80E1C
:10DC7000002010BD001000B0838E70B593420C469A
:10DC800015461BD3036D8B4208BF002408F0D5FB5B
:10DC90000646FFF76FFB4FF49C53C340DA0703D5EA
:10DCA000074B1B6F9B0304D401222946204601F039
:10DCB000BDFE304608F0BCFB002070BD2120FCE713
:10DCC000000002B82DE9F0470B460746164611B989
:10DCD0002120BDE8F087002AFAD0032905D80022C8
:10DCE00002F006F803460028F2D01C889978B4F5B3
:10DCF000804F01F0070080F0C580A0F1070C1A7971
:10DD000093F805A0DD88DCF1000343EB0C03052844
:10DD1000337394BF0023C1F30013C1F3801C7373EA
:10DD20008B0986F810C003F00203C1F3C00C43EA6C
:10DD30000C03C1F340117374B174B582002A40F032
:10DD4000838097F82A31013BDBB2F374D7F8A03017
:10DD5000D90600F18280063801287ED80020B7F865
:10DD60001280D7F81C9008F1FF38474B083C04EAB2
:10DD700008045B6D19F80430B060802B1CBF323B87
:10DD8000DBB2B37397F827300134FF2B04EA0804A1
:10DD900035D1631D03EA08035A1C02EA080219F888
:10DDA000022019F8033043EA0223DA041DB24DD5EC
:10DDB000D7F8F03013B11B68022B05D841F2C232FC
:10DDC0004C210020FFF7D4F8D7F8F030C5F30B0052
:10DDD00093F82430C0000BB1B0FBF3F082453AD881
:10DDE00038B1CAEB0A2ABAFBF0FA6FEA0A0A5FFAFC
:10DDF0008AF0D7F8F83013B196F90E109847631CE3
:10DE0000F07303EA080319F80310013303EA080367
:10DE100019F80320013303EA080341EA022119F843
:10DE20000320013303EA080319F8030041EA024121
:10DE3000002341EA0061727C384604F01FFD06238E
:10DE400030600020B37144E7531E7DE719F80400E9
:10DE50004000C0B2CDE70020CBE70023F3730B4BAB
:10DE60005B691A0A1B0406D4D3B2323BDBB2B3732C
:10DE700000233360E5E762F0FF0352B28032F4D151
:10DE80008023F4E7022024E7004000B800C000B877
:10DE900038B50546084B808A9C6A41F21652C4F395
:10DEA0000C04A04234BF002001200821FFF760F8D5
:10DEB000A88A001B80B238BD0040005470B50646E9
:10DEC0000D4614466BB107F099F8B08AA04228BFFE
:10DED000204684B222462946034801F053FD2046DD
:10DEE00070BDFFF7D5FFF1E70840005438B514883E
:10DEF00011F003054FEAC40422D13F2C20D9B4FA13
:10DF000084F4C4F11903DBB2052B01D8192C15D008
:10DF1000052B28BF052301240633DBB29C40C4F344
:10DF2000CF03138003828161448701F0A7FD054A76
:10DF3000631E2343C2F8A430284638BD2B46EAE7C7
:10DF40002125F9E7001E00B0082310B1024A13672B
:10DF50007047024AFBE700BF001002B8002002B879
:10DF60002DE9F743DDF828800746894616461D4609
:10DF700008F063FA0446032002F050FE38B1204650
:10DF800008F056FA0E24204603B0BDE8F083484B53
:10DF900020465B6913F0060FF2D108F049FA01231D
:10DFA000324649463846FFF7BBFC04460028EAD112
:10DFB000002D6CD0B8F1000F69D03E4C2368002BC7
:10DFC00005DAF7F7B3FA002803462060DADB1846D3
:10DFD00004224FF43C51F7F79BFAA4220021206859
:10DFE000F7F7C0FA4FF48072314B414638469A65D4
:10DFF000FFF7C8F900284AD12F4B1B78012B46D0D8
:10E0000020222E4B01201A672D4BDB6CB3F5817F4C
:10E0100022BF80222B4B1A6107F090F908F00DFA0D
:10E02000294A07461368B3B129682C790B44136059
:10E03000019383B1042002F0EDFC0023224604206A
:10E0400001A902F005FD30B904F056FD212438463F
:10E0500008F0EEF997E702F03DFE16F0800018D0C8
:10E060000022134B9A67687901A9431E5842584110
:10E07000FFF76AFF2B68032001932A79082302F037
:10E08000E7FC48B904F038FD384608F0D1F92124FE
:10E0900079E704F0D1FCE6E70C4D2B68984721287E
:10E0A0000446D4D1012100206B6898470024CEE7B4
:10E0B00000C001B834420020AD3E0020001002B87C
:10E0C000001F00B0000002B84C3D00202C42002090
:10E0D000054A12681AB190F82A1119B91047084672
:10E0E00003F062BA01487047443D002000FEFFFF84
:10E0F000374B2DE9F7431C6801F4007900F0010368
:10E10000174653EA090206460D463AD04FF000087A
:10E1100063B30023002200210120CDF80480CDF854
:10E12000008005F073FA042002F074FC414620469A
:10E13000FFF7CEFF012241462086DFF8A880104677
:10E1400006F01AFBD4F8A01094F8270003F0C6FAE2
:10E15000D8F8000000F0D4F94FF0FF33C8F80030D1
:10E1600094F8243043F0040384F82430B9F1000F0C
:10E1700007D00121204607F08FF925F400750643EA
:10E180000D432B4632462046FFF7EEF9FB070FD52D
:10E190001049114A086800211368116001210F4AD3
:10E1A000117003B198470E4B002102205B6898471D
:10E1B00017F00E0F08D04FF4EC723B21002003B093
:10E1C000BDE8F043FEF7D4BE03B0BDE8F08300BF66
:10E1D000143B00205C3D0020603D0020B13E00204B
:10E1E0002C4200203842002008B548220021024875
:10E1F00005F0C0FF002008BDDC1E00B010B50C46C5
:10E20000FFF7F2FFBCB1A378082B16D8E278082AF2
:10E2100013D843EA021313F0FF030CBF19466168D9
:10E22000074AC2F8DC10217882F82011617882F860
:10E23000233182F82111002010BD2120FCE700BF0E
:10E24000001E00B073B52F4A2F49137809784FF09C
:10E25000FF350B4378211370A0F82011642282212E
:10E26000C0E94622C0E94412C0F80C216FF47B4299
:10E27000C2624FF400420D23A0F846200722002678
:10E2800080F83C314FF6FF730446C28700F1540218
:10E2900002651E4AA0F84030438642630387C38468
:10E2A000C0F8B450458580F8286004F087FB20460C
:10E2B000FFF79AFF94F928102046FFF7A3F960238F
:10E2C00040F6FF71124A2046D36402F11C42D1622B
:10E2D000D165104A2946D36440220F4B1A67D4F8FF
:10E2E000A02006F026FD0E2300220193009340F2A9
:10E2F00002231046194605F089F901F021FF304646
:10E3000002B070BDB33E0020D88902004000FFFF7C
:10E31000004000B8005000B8002002B8012A10B533
:10E3200012D8032B10D803EB82020123074C934031
:10E3300094F82201DBB221B10343002084F822319A
:10E3400010BD20EA0303F8E72120F9E7001E00B022
:10E3500003462DE9F0410C68D1F804E0651C08BFC4
:10E36000D3F80C41B0F8402108BF0C60BEF1FF3F6C
:10E3700008BFD3F818E18E6808BFC1F804E0771C25
:10E3800000F5827045D1D3F81451CF688D607E1CA2
:10E3900045D1D3F81061D1F810C04F69BCF1FF3FEF
:10E3A00008BFD3F804C1D1F8188008BFC1F810C065
:10E3B000B7F1FF3F08BFD3F80871CE6008BF4F61C7
:10E3C000B8F1FF3F08BFD3F81C81B8F1000F2CD083
:10E3D0005A32424538BF42468A6114B15A2C38BF7E
:10E3E0005A241349C3F80C41C3F81061C3F81451FF
:10E3F000C3F818E1C3F81C21C3F804C1C3F80871BD
:10E400000C4A0723D1F8FC1004F08EF90020BDE877
:10E41000F08102F15A05B54238BF3546B5E702F141
:10E420007806BE4238BF3E46B5E76422D4E700BF57
:10E43000001F00B0581F00B038B5054C054B41789F
:10E4400000782568236003F065FB00B1256038BDC6
:10E45000643D0020A0900200074B1B684BB10028D0
:10E46000064B08BF0023064A1360064B18700020B5
:10E4700070470220704700BF643D00209890020062
:10E48000683D0020B23E0020014B1878704700BF65
:10E49000B23E00204FF40022034B186F03F50053E7
:10E4A0001A67C0F3C0407047000002B8024B5869B9
:10E4B00000F00100704700BF00C001B870B50C4605
:10E4C00016461D461AB113680BB15B688BB907F08D
:10E4D000B4FF07F0ADFF0123AB71B389049AE11AD1
:10E4E0007368B06889B2134400FB0133A9802B60C4
:10E4F00070BD1A68032AEAD99B6A5B0EECE700BF7D
:10E50000431C07D06FF0FF02034B10401A62A3F5C3
:10E5100080531862704700BF00E000B8014B186CD0
:10E52000704700BF001F00B0014B00201964704706
:10E53000001F00B003282DE9F74F0C46914678D80C
:10E540003D4B1E5C3D4B13F800A03D4B13F800B053
:10E5500007F073FF804605F00BFA074640B1002331
:10E5600000220193009301200023002105F04EF8C2
:10E5700005F006FA48B10023002201930093002021
:10E5800000234FF4004105F041F8002E49D02D4BF7
:10E59000DD6C05F0080506EB0A002B4B23305844D0
:10E5A000DD64C0B202F07EF95146304605F02CFA27
:10E5B0005A465146304605F093FA244BDD6477B154
:10E5C000234B1B68D3F8A01093F8270003F086F8BC
:10E5D00020490868FFF794FF4FF0FF330B60B9F153
:10E5E000000F04D01C4B002103205B689847D4B176
:10E5F0004FF48062194B1D6F03F50053C5F380255E
:10E600001A67404607F014FF00F090FB01280CD178
:10E610001DB14FF48062124B1A67002003B0BDE8B1
:10E62000F08F3546B7E72546EBE7002CECD1052007
:10E63000F4E72120F2E700BFB8900200B490020096
:10E64000B0900200004000B8006000B8005000B870
:10E65000143B0020384200202C42002000C001B8AA
:10E6600000D001B8034AD36960F3D223D3610020FC
:10E67000704700BF00C000B8064B5A6A920207D428
:10E68000D3F8800000F47060003818BF0120704794
:10E6900001207047004001B870B514460E4601F0E5
:10E6A0000B0323EA0201394A2340D164A2F58052C8
:10E6B000D3647307054610D50121FFF7DDFF60B174
:10E6C00005F08AF94FF4007314F0040F14BF304AB8
:10E6D000304A53620422304B1A67F10606D514F013
:10E6E000100F14BF00221B222C4B5A6532060CD58A
:10E6F000230605D54FF40012254B1A6203F000F8EB
:10E70000214695F8270002F0E9FFF00503D5E10561
:10E7100025D502F0ABFFB20503D5A30522D502F043
:10E72000B1FF16F48C6F18D014F480621FD095F8E6
:10E730002530DC070CD5EA8DB5F83631934214D07C
:10E74000B5F83831981A43424341154A82F8C4302B
:10E750002846D5F8F010FEF7BBFF002070BD02F090
:10E760007FFFD8E702F088FFDBE70123EDE77105C3
:10E77000EED595F82530DB07EAD5094B114683F82D
:10E78000C420084B28461B689847E1E7006000B8A2
:10E79000005001B8006001B8002002B8004000B885
:10E7A000001E00B0703D0020F8B5054690F83C0111
:10E7B0000C460D28164628D0FF2928D01AB14FF054
:10E7C000FF32144B1A6006F09FFD074695F83C0196
:10E7D00001F0FAFC844228BF0446E4B2BC4238BFD0
:10E7E0003C46E0B285F82B0001F092FD0A4B1B7805
:10E7F0004BB9FF280CBF2124002416B9284601F08C
:10E80000F7FC2046F8BD0024F7E70224F9E72124AD
:10E81000F7E700BF40420020D88902007FB5204BB7
:10E8200004461B780E46154643B3D0F8EC30002260
:10E830009BB34FF0FF36029602AEB3F9123000964A
:10E840000392F8F76CFBB8B902994B1C14D0204620
:10E85000C1F3813106F09FFB70B9BDF90C3002990C
:10E8600002460093C1F30D0103462046FEF7ECFA81
:10E870002946204606F052FD04B070BD02A906F0FC
:10E880004BF832469DF808102046F8F7B9FB2A46A7
:10E8900001462046FFF788FFEEE71846ECE700BF89
:10E8A000D8890200F8B50D4690F83C1104460D29B0
:10E8B000174603D12E4B1B78002B50D02A462046FA
:10E8C000A4F84650F8F79CFBD4F8EC3084F82A0002
:10E8D000002B40D0274A1678D4F8FC204EB1002AED
:10E8E0003FD1B4F94600B3F91210884206DC002685
:10E8F00007E0B2BB94F84521824202D20126B3F967
:10E90000125000222946204684F82D70FFF786FF1A
:10E9100000BB76B1C4F8EC00204605F0AAFF4FF624
:10E92000FF739842014614D02046BDE8F840FEF738
:10E93000F9B9114B1B78022B0BD8204601F046FD8C
:10E940000E4901230E4AD1F8FC1004F5827003F041
:10E95000EBFE0020F8BDFF2384F82B30F9E70220FE
:10E96000F8E7B4F94210B3F912209142BEE700BFB4
:10E97000D8890200B33E00204C420020001F00B0A6
:10E98000581F00B0D0F8A830012B01D100207047EB
:10E9900070B504465A498CB006F0F4FCD4F8EC602B
:10E9A0000146E58DC4F8F00026B1336813B15B6809
:10E9B000002B5ED107F041FD07F03AFD0123D4F8AA
:10E9C000F0108DF80630B389B0687268EB1A9BB20C
:10E9D00000FB03224B48ADF80430036800928B42E1
:10E9E00002D02046FEF774FE474D00F09FF9012843
:10E9F000FBD1AB689E06F8D420469DF8062000990E
:10EA000006AB03F085FB002830D100F08FF9012818
:10EA1000FBD13D4A136FD801FCD493689906F9D411
:10EA2000684606A903F02EFD0546F8B9E28D374B7E
:10EA30005A6494F8243060F3410384F8243000F0E1
:10EA400025FF0246D4F8EC104B691E685868531E27
:10EA5000DBB2FD2B0296039011D8012A2AD0204662
:10EA600002A906F0B9FB00200CB070BD02200CB06A
:10EA700070BD1A68032A9DD99B6A5B0EA1E7F31C3F
:10EA800003D8FF2A1BD00022E9E7FF2A21D0013654
:10EA9000E9D1D4F8EC101E4B4A689A4221D8D4F838
:10EAA0005C319B0523D494F8243043F0020384F8AE
:10EAB0002430D8E7C51CD2D90130D4D1EBE7C61C2D
:10EAC000CDD90130DFD12A46204602A906F084FBC9
:10EAD000DFE7C31C11D80122204602A906F07CFB07
:10EAE000D5E7204600F06EFE0028BCD0D7E72046D0
:10EAF0004FF4803106F0D0FCB5E70130C7D1CAE74A
:10EB0000FC1F00B0483D0020000002B8008001B8A2
:10EB100000CA9A3B10B5042301240A4A0A49D1F8D5
:10EB2000EC00C2F8EC30C2F8E0300C634FF4005156
:10EB3000D162410742BFC2F8E030A2F58052C2F86C
:10EB4000EC3010BD0060005400400054F8B504469D
:10EB50000D46D0F8F07019B990F82430590645D414
:10EB60004FF6FF73618E994204D0324B1B680BB194
:10EB700020469847304E3368BB4253D02F4B1B681A
:10EB80003BB11FB13A68002A4ED0BF6839462046D3
:10EB900098470727204601F019FC002D38D00620A1
:10EBA0000125274B94F9282093F900302549C3F11A
:10EBB0001C039B1ACA6963F3D222D4F8F030CA61ED
:10EBC000214A3360214B906720461D7006F0D7FA2A
:10EBD0001F4B1B6F5A0203D4D4F8A0301B0603D579
:10EBE0004FF400121B4B1A620020F8BD4FF6FF7263
:10EBF000114E65F3861380F82430336842869F42B5
:10EC000014D00E4B1B68002BBBD101F0DFFB072794
:10EC100011493B46114AD1F8FC1004F5827003F00B
:10EC200083FDBCE70127B5E71746AFE701F0CEFB50
:10EC30000127EDE7543D0020483D0020503D0020D5
:10EC4000AE3E002000C000B8006000B8B03E00201A
:10EC5000000002B8005001B8001F00B0581F00B0FB
:10EC600010B50446D0F824210B4B4FF40061C3F8D3
:10EC7000A82090F82420D20102F4006205F000F8E8
:10EC800094F8243013F0100F4FF4007314BF034AAC
:10EC9000034A136710BD00BF001E00B0001002B889
:10ECA000002002B838B507F0C8FB4FF6FF710A4ADA
:10ECB00013888B4203D107F0BBFB0E2038BD074CF5
:10ECC000074D1B046566A4F580546366118007F048
:10ECD000AFFB0020F2E700BF4A420020006001B80D
:10ECE0000000FFFF08B50D4BD3F84C21531C13D087
:10ECF00012F0804210D10A4B1B681BB11146032051
:10ED0000FFF718FC4FF080624FF40071054BDA6793
:10ED1000054AD16201225A6108BD00BF0080E00FA0
:10ED2000143B0020001002B8004000B80F4BDB6815
:10ED3000C3F30363013B0B2B0FD8DFE803F0060698
:10ED40000C06060606080A08080802207047042078
:10ED500070470520704703207047054B5B6913F02F
:10ED6000060F14BF04200120704700BF000002B846
:10ED700000C001B8094AD368C3F303630B2B08D062
:10ED80006FF49050184100F0010080F00100400045
:10ED90007047106F10F48030EDD17047000002B85A
:10EDA0000C4AD368C3F30363062B07D8042BD8B2ED
:10EDB0000BD8C31E5842584140007047072B06D15C
:10EDC000D2F830010028ECD17047022070470020B3
:10EDD000704700BF000002B8084BDA68C2F3036254
:10EDE000931E012B8CBF00230123037040F62203E6
:10EDF000D34003F001030B70704700BF000002B85E
:10EE0000084BDA6802F03062B2F1407F08D15A6FE5
:10EE1000D20605D4986FC0F3C00080F0010070479F
:10EE200000207047000002B82DE9F84F4FF00108AC
:10EE3000264F08FA01F8BB69064613EA080F0C468C
:10EE400033D006F074FA4FF03009824609FB067998
:10EE5000DFF894B0D9F8645005F00305012D26D1F0
:10EE60001034BB6905FA04F444EA080423EA0403F5
:10EE70003146BB61154807F0EFFA154BB5405D63AD
:10EE80001449154BCA6ADB6C22F4706203F4706398
:10EE900013434FF47A52CB62104BC3F83021104B1E
:10EEA0001B6813400F4AC2F83031BDE8F88F06F0F6
:10EEB0003EFAA0EB0A00584540F2F7624FF05101CC
:10EEC0008CBF00200120FEF753F8C3E70000045078
:10EED00000200450004001B8001F00B0002002B81C
:10EEE000743D0020001002B83F420F002DE9F04FA2
:10EEF000ADF5257D04460E4602F060F94FF424720C
:10EF000080460021684605F035F94FF0010E1322C6
:10EF1000022103460EFA06F6F6B280F800E0067209
:10EF20004672C26080F810E04676C26180F8201018
:10EF3000A948E52558624FF432705865A748A84F94
:10EF4000C3E91A020830C3E91E021838DFF8B4C258
:10EF5000C3E92202DFF8B0A2DFF8B0B25D635F64FC
:10EF6000A04DA14FA0F57D500838C3E90AA2C3E91E
:10EF70000EC2C3E912B2C3E9167283F8301083F8E7
:10EF8000401083F850101D661D67C3F88050C3F809
:10EF90009050C3E926022030C3E92A029348DFF8E3
:10EFA0007092C3F8B40000F56050C3F8C400A52007
:10EFB000C3F8D4008E48C3E92E72C3F8E4000420DD
:10EFC000C3F8F400302000FB08F88A48C144C3F8B5
:10EFD0000801032083F80C01C820C3E93272C3E999
:10EFE00036C2C3E93AB2C3E93E92C3E94672C3F8F6
:10EFF000A05083F8B01083F8C01083F8D01083F8C5
:10F00000E01083F8F010C3F8005183F81011C3F832
:10F01000140183F8201183F859616F4E7648C3F8C4
:10F020006461E526C3F874616D4EC3F82401C3F82A
:10F0300084614FF000404FF432764FF08048C3F8BF
:10F040003401C3F894616D48644EC3E94E02C3E9CC
:10F050005202C3E94AA2C3E95AA2C3E95EC2C3E9A4
:10F0600062B2C3E9667283F8301183F84011C3F8C5
:10F070005C2183F8601183F8701183F8801183F8A4
:10F080009011C3F8A051C3F8448183F850E1C3E95B
:10F090006A620836C3E96E62183EC3E97262A6F579
:10F0A0007D56083EC3E976622036C3E97A624F4E48
:10F0B000C3E97E72C3F8F46106F56056C3F80462D2
:10F0C000A526C3F814624A4EC3E98272C3F82462CB
:10F0D0000426C3E986C2C3E98AB2C3E98E92C3F8A3
:10F0E000B051C3F8C051C3F8D051C3F8E05183F810
:10F0F000F01183F8001283F8101283F8201283F8BD
:10F100003012C3F83462C3F840523A4DC3E99E024C
:10F11000C3F84852032583F84C52C825C3F854520B
:10F12000354DC3E99672C3F864524FF00045C3E908
:10F130009AA283F85012A42283F8601283F8701206
:10F1400083F88012C3F8880283F88C1204F130002F
:10F150001946C3F87452C3F8848201F0B1FFD4F8A1
:10F16000BC2204F140039B0863F39F02254623461B
:10F17000C4F8BC2204F11402C3F8945005F118013C
:10F1800004359542C3F8D41103F11003F4D11920CA
:10F19000F6F754F800F59200194B00F5785080000E
:10F1A000B0FBF3F094F83231C4F8240143F040038B
:10F1B00084F8323194F87232C4F8345143F0400389
:10F1C00084F8723204F12C03C4F86402C4F8743277
:10F1D0000DF5257DBDE8F08F296E0600448001B84D
:10F1E0000300004008002008548001B8C80A040049
:10F1F00003000080284000B8096E0600100002B825
:10F2000000F049022C8001B83C0102B8108001B81E
:10F21000600004502DE9F84F82460C46174605F071
:10F220001EFF002866D09AF82530DB0762D501F072
:10F23000C5FF9AF9269005463CB94946FFF7F4FD0B
:10F24000002F4ED10020BDE8F88F0124DFF8B4B0C4
:10F2500004FA09F6DBF818303342F1D14FF470624A
:10F26000254B04FA00F8DA624FF42062A3F58053CC
:10F27000DA624FF42C5122464846F6F749F930231A
:10F2800003FB05B54FF4803340F6A202EB65DAF8D4
:10F290003031303323F003032B67184BCBF8288031
:10F2A000C3F83480164BDB68C3F3036304FA03F13D
:10F2B000114211D1022B1DD1124B09F110095C60D2
:10F2C000DA6904FA09F42243DA619A69164326439B
:10F2D0009E61C3F84880B3E7094BDB68C3F303635F
:10F2E000E4E74FF40012084BDA614022074BC3F801
:10F2F0008421A7E70220A6E7006001B8002004509F
:10F30000000002B800000450002002B800E100E054
:10F3100010B5044605F0A3FE30B394F82530DB07A2
:10F3200022D501F04BFF94F92610FFF77DFD002256
:10F3300094F82530C4F8302123F0010384F82530F7
:10F340000A4B114683F8C420094B20461A60094B2A
:10F350001A6005F00FFE084A92F8493003F00103E5
:10F3600063F0730382F84930002010BD001E00B026
:10F37000703D00206C3D0020001F00B0024B1B6858
:10F3800003B11847704700BF7C3D0020024B1B684B
:10F3900003B11847704700BF783D002010B5FF2229
:10F3A0004FF6FF71044605F05DFE68B9FF224FF687
:10F3B000FF71204605F067FE30B92046BDE81040D9
:10F3C000FF22024905F072BE10BD00BFBC900200D2
:10F3D0002DE9F0411C46184B05461E680F46904625
:10F3E00046B1306801F0EAFFF3681BB1B3681868F2
:10F3F00001F0E4FF114B1B682BB1DA681AB19B686E
:10F40000186801F0DBFF9DF81830640744EA0842F1
:10F410005B0503F0BC6342EAC7621A432846084909
:10F4200042F4C87204F02CFC002228461146FEF774
:10F4300023FC0020BDE8F081B88902003C74020082
:10F440009007E12D08B5FFF7DBFC88B1094BDA69BD
:10F4500012030DD5186F10F4003009D19B6F13F013
:10F46000100F4FF010030CBF034A044A936708BD06
:10F470000220FCE7000002B8001002B8002002B829
:10F4800038B50446E8B1114BDA6912031BD55D6F3C
:10F49000C5F38115032D12D0022D14D12A460C4B31
:10F4A0002146D3F8B4300B489B1A9BB205F0F7FE07
:10F4B0000020064B25729B6F1B0A637238BD082221
:10F4C000EDE72120FAE70220F8E700BF000002B8CC
:10F4D000001E00B03840005438B50546FFF790FCD8
:10F4E00098B10B4B1C6F14F400340ED10220094B61
:10F4F000094A1B681B6D90672246AB4214BF284621
:10F50000002000F093FA204638BD0224FBE700BF3C
:10F51000000002B8143B0020001002B82DE9F04FA3
:10F52000DFF8F8810446D8F800300D468DB02BB1D5
:10F530004FF00E0B58460DB0BDE8F08F05F08FFD73
:10F5400010B94FF0020BF5E775B194F82530DB07E1
:10F5500006D50C22294604F5987005F0B4FF30B1A9
:10F56000EA882B899A4205D12046FFF7D1FE4FF059
:10F57000000BDFE7FFF7DAFB0128E2D12F68002F4D
:10F58000D6D017F00307D3D1AB88B3F5307FCFD3F4
:10F5900001F014FEFF28CBD094F92660002E08DA83
:10F5A0003846F5F7C3FF46B2002EC0F2A18084F8BA
:10F5B0002660002294F82530114623F0010384F8D8
:10F5C0002530204605F0D6FC4FF400224A4B1A673E
:10F5D0004A4B4B4A1A604B4B4B4A1A6001F0EEFD06
:10F5E0003146FFF721FCD8F80030A3B1A84658F8FF
:10F5F000049B05F108034F46B4F82EA00393204660
:10F6000038F8021FFDF75EFA834670B15146204676
:10F61000FDF758FA8EE73D4B0E222046196805F09B
:10F62000FBFC83460028E1D084E70090D4F8EC206E
:10F630002046E18D04ABFEF741FF20469DF81620E1
:10F64000049906AB02F064FD83460028DED1304900
:10F65000089BD1F8EC20183722F07F6222F47F2239
:10F6600022F40F6222F00F021A43D1F80C310799ED
:10F670006FF313030B43E18D47F8181C069947F805
:10F68000083CBDF8143047F8101C47F8043C039BB5
:10F6900047F80C2C9845B2D151462046FDF712FA96
:10F6A000834600287FF446AF31464846FFF71EFCEC
:10F6B0005A460121204605F05DFC164A04F598766D
:10F6C000C2F8C09082F8C5B095E8070086E8070048
:10F6D000114991F8492002F0010242F0200281F81C
:10F6E000492094F8252042F0010284F8252021E7E2
:10F6F0004FF0210B1EE700BF001002B8703D002044
:10F7000015F201006C3D002011F301003874020075
:10F71000004001B8001E00B0001F00B0783D00207E
:10F72000431EDBB2FD2B12D9FF280B6812D013F059
:10F73000802F1EBF42F20102084BC3F8282251F865
:10F740002020064BC3F85022C3F8542270470128EA
:10F75000F5D100234A681343E9E700BF004001B830
:10F76000F0B5164B85B007460E4614460FCB8DE814
:10F770000F00134A6D46D2F84832D2F84C22591C79
:10F7800008BF0023501C15D0002B08BF13463EB104
:10F79000611EC9B2FD290FD93360FF2C00D1726000
:10F7A000CDE9003229462246384605F015FD0020F5
:10F7B00005B0F0BD1A46EAE7012CEFE7CC90020055
:10F7C0000080E00FF0B51C4B85B0D0F8E8700FCB8F
:10F7D0008DE80F00194B6E46D3F84842D3F84C52CF
:10F7E000631C08BF00246A1C12D0002C08BF2C46E2
:10F7F0003146FF20CDE90045FFF792FF00224FF090
:10F80000240CF9680E4E914204D1002005B0F0BDE1
:10F810002546EDE7BB680CFB02335868B04209D9B6
:10F820005B693BB118680130586808BF1C60013043
:10F8300008BF5D600132E6E7CC9002000080E00F77
:10F8400000CA9A3B30B50C4B85B0054618700823AA
:10F8500078B90A4AC2F8FC3349B9094B0FCB8DE895
:10F860000F00084B2A4669461868FFF779FF05B074
:10F8700030BD054AEEE700BF52420020001002B83A
:10F88000DC900200143B0020002002B8014B1878E5
:10F89000704700BF52420020124BD3F8E020D20341
:10F8A0001ED54FF480321049C1F8E020A1F58051F7
:10F8B000C1F8EC201A6CD1B2C2F30722C3F8801051
:10F8C000C3F880200422C3F880200022C3F88020DF
:10F8D000C3F88020C3F88020C3F88020C3F88020BC
:10F8E000704700BF0040005400600054F0220D4BF0
:10F8F000016D9A64A022A3F580539A64838E01203F
:10F90000B3FA83F3084AC3F11903DBB2C2F8C000AB
:10F91000C2F898304FF40053C2F89C10C2F8BC30C3
:10F92000704700BF006000B800400054F8B50D46B5
:10F930001746064606F081FD01230421084C094ABA
:10F940002363A760E6602561C2F8E010064AC2F8AA
:10F95000843106F06DFD0DB102232363F8BD00BFB5
:10F96000004000540060005400E100E00122044B1C
:10F970001A6640F6FF729963D863DA65704700BF74
:10F98000004000542DE9F04F042A05460B4683B091
:10F9900037D901260978141F81615A7803F10409C7
:10F9A00082619A788261DB7883610368D0F808B05D
:10F9B00003F0070306339E4006F1FF3A47680AEA60
:10F9C0000B08A6EB080247F00057944207EB08002B
:10F9D0000CD84946224604F031FD46EA0A0604EBFB
:10F9E0000B023240AA6003B0BDE8F08F4946019295
:10F9F00004F024FD019A384609EB0201A21B42449F
:10FA0000E9E7013A032AEED8DFE802F00B08050225
:10FA100013F8012B826113F8012BAA6113F8012B53
:10FA2000AA611B78AB6103B0BDE8F08F38B50C4616
:10FA3000154601460F4B60B101220F48C3F8C020A4
:10FA40002246FFF79FFF1DB104220A4BC3F8C020D6
:10FA500038BD64B1D3F8A420A24284BF0122C3F808
:10FA6000C0200222C3F8A040C3F8C020EBE7012267
:10FA7000FAE700BF004000549840005438B50446EF
:10FA800006F0DBFC01211A4A638F054611663BB381
:10FA9000B3FA83F3C3F11903DBB2A069C2F8901083
:10FAA00093660723D066C2F88C304FF4A02302F58A
:10FAB0000052C2F8E030A2F58052C2F8EC300022C9
:10FAC0000C4B1A600C4B1B6F5B0209D54FF4800284
:10FAD0000A4B1A67D4F8A01094F8270001F0FEFD35
:10FAE0004FF4E0232846E363BDE8384006F0A0BCAD
:10FAF00000400054803D0020000002B8002002B801
:10FB00002DE9F84305460C46C1B1D0F81880478F5F
:10FB100006F093FCB5F83CC0791EDFF8049101EAC9
:10FB20000C0323F00702032C0646D9F800E04244F8
:10FB30005AD1BEF1000F04D106F07AFC0E20BDE8C8
:10FB4000F8832EF001042EF0010EA64551D10023BA
:10FB5000C9F80030238894426FEA43436FEA534365
:10FB600023803CD1EB8F08EB07091846083880B298
:10FB700002F108044C4528BF4446082804D9B4F8CB
:10FB800000E0BEF5804F3ED263440F431B1A3B405A
:10FB90009BB2AB87E887118894781C4AC1F30C01AB
:10FBA00051645367C2F88C004FF48022184B04F064
:10FBB0000704C3F8E0200122164BC3F88421FFF7A5
:10FBC0006BFE042C0BD14FF48002134B1B6F134BB5
:10FBD0001A67D5F8A01095F8270001F07FFD304690
:10FBE00006F026FC0020AAE7601E012898BF1446F4
:10FBF000A9E7E88F4344E31A48BFDB190838984265
:10FC0000A8DC304698E72246B0E700BF0040005429
:10FC10000060005400E100E0000002B8002002B8DB
:10FC2000803D0020144B10B51968CA8F8B8F488F08
:10FC300013440138073B8C69034023F007031C443D
:10FC400002F108030D4A9BB2CB87C2F88C304FF407
:10FC500080220B4BC3F8E02001220A4BC3F8842119
:10FC6000A07800F00700042803D1074AD3681B03DB
:10FC7000FCD4064B1C6010BD143B00200040005417
:10FC80000060005400E100E0000002B8803D002068
:10FC900010B5064C216839B1CB0703D4044B186862
:10FCA000FFF72EFF0023236010BD00BF803D002022
:10FCB000143B00204FF480320B4B0C49C3F8EC206E
:10FCC000A3F50053C1F8E020D3F888109A6E012301
:10FCD00002F0070206329340C1F30C01083B99423F
:10FCE00001D8FFF7D9BD70470060005400500054A0
:10FCF0002DE9F04106460C46478F1546D0F818808E
:10FD000006F09BFBB28F07F1FF3E02EA0E0323F0E1
:10FD10000701032CB6F83EC0414419D14A4C24686F
:10FD20009CB96244073A02EA0E0222F0070208EB8D
:10FD300002044344E31A48BFDB19634510DB06F0B5
:10FD400077FB00242046BDE8F08124F00104F0E7B1
:10FD5000012C03D0022CECD1ACF1080C0C46E8E7E6
:10FD6000002D36D08C4237D1384A526CDFF8DCC0D7
:10FD7000718ADCF88870C7F30C079F423FDD238847
:10FD8000B3F5804FDBD2A77801F1FF3C07F00707FE
:10FD9000C3F30C039B1A41EA0C0E052F2F7003EAE4
:10FDA0000E0324D81BB223EAE3776F80E7782F7421
:10FDB000F66902EA0C02B718AF609FB212FA83F339
:10FDC0008B4291BF00238B1AAB80EE609CBFAF804B
:10FDD000EB6006F02DFBB5E7A4F10802904584BF67
:10FDE000FF0802EBC7021288C2F30C02BEE7184FED
:10FDF0007F6D003F18BF0127A3EBC703D2E7DCF8F4
:10FE0000403001F1FF3CA3EB020E41EA0C030EEA85
:10FE1000030EDFF840800FFA8EF3002BD8F80C7039
:10FE20000FDC07F07067B7F1407F14BF0027012790
:10FE3000FF002F70D8F87870A5F802E03F0A2F7401
:10FE4000B6E70827F5E700BF803D002000400054DA
:10FE5000004000B8000002B8134B70B51E68134B89
:10FE6000748A9D6C621E1B6CADB292B242EA0401B0
:10FE70005B1B0B40191E18BF0121C90001700C4902
:10FE80002A40896F4380090A0174F169D618A64295
:10FE900001EB0205D2BF0021A31A9BB285608380CB
:10FEA000C160002070BD00BF143B00200040005422
:10FEB000000002B8054BA822D3F84C013121431CA5
:10FEC0000CBF0120C0F38070FDF752B80080E00F36
:10FED00038B5094D0446286840F6C202003818BFFC
:10FEE00001202B21FDF744F8FA235C432B680A20FC
:10FEF000B4FBF3F4604338BDB43D0020164B30B57D
:10FF00001A68431C154B1FD0B2F1407F1CD3144C10
:10FF1000D4F80021154661F3050260F30505C3F826
:10FF2000D020C3F8C850D4F804310E4A1A400E4B02
:10FF300003EA500003EA510110431143074BC3F891
:10FF4000CC00C3F8D41030BD00200146C3F8C8006F
:10FF5000C3F8D000F2E700BF0080E00F001F00B040
:10FF6000000002B81FF087E1E0FFFF7F014B5880DF
:10FF7000002070474C42002073B5564E044631783D
:10FF800019B91C22544804F0F5F82378534A544C0C
:10FF900013704FF0FC62C4F8FC204FF47F02FF2185
:10FFA000C4F808214F4A022B4F4D117033D104235E
:10FFB00007224E49C4F8FC23C5F8FC33C4F80011ED
:10FFC0004FF4C071C5F80011C4F8FC234FF48052FF
:10FFD000C5F8FC33C5F870214FF40052C4F8702105
:10FFE000C4F808314FF4FF13C4F8FC304FF4BB13CE
:10FFF000C5F8FC308023C4F8703148F2C8023C4B8D
:020000022000DC
:10000000C3F8D8203B4B3C4A0020C3F8C02F012343
:10001000337002B070BD394A012BC4F80021384B4F
:1000200027D14FF4C072C5F80021D3F83802D3F8B5
:100030003C12FFF763FF0723C4F8FC330223C5F823
:10004000FC334FF48053C5F870314FF40053C4F8BB
:1000500070310423C4F808310DEB0300F5F7A4FA5E
:100060009DF80530023B012B9CBF8023C5F8703101
:10007000C3E7244AC5F80021D3F83002D3F834127C
:10008000FFF73CFF0723C4F8FC330123C5F8FC331A
:100090008023C4F870314FF4805301A8C4F8703144
:1000A000F5F782FA9DF80530012B05D19DF8043053
:1000B00053B948F25D1309E0FBD9023B012B9CBF09
:1000C0004FF40053C5F8703148F25813084AC2F88B
:1000D000D83097E7B43E0020C41F00B04C42002047
:1000E000002002B856420020001002B8C0F10F00F4
:1000F000001F00B0001000B0883D0020C0F70F00C6
:100100000080E00FC0F60F0010B5044601F086F83D
:100110000A4BD3F8F83724B983F40023C3F3C04063
:1001200010BD012C05D103F4C023B3FA83F04009BC
:10013000F6E7A31E58425841F2E700BF000002B89C
:100140006FF07F42154BD3F8FC37934208D0144A26
:1001500003F03F031370F123124A1370124A137015
:100160001249134B09781A68A9B1B2F1A06F12D3E2
:10017000D3F850120F4A104BB1F1FF3F18BF13468E
:100180000E4A136041F66A020D4B1B68B3FBF2F393
:100190000C4A13607047084BF2E700BF000002B83A
:1001A000574200205842002059420020554200206A
:1001B0000080E00F5082E00F00910200843D00209B
:1001C000D03D0020B43D0020012807D0022802D0F5
:1001D00030B100207047034B18787047024BFBE7A3
:1001E000024BF9E7574200205842002059420020B4
:1001F000F0B5054685B001AC0B220021204603F086
:10020000B9FF95F83C110846FFF7DEFF95F82B3053
:10021000421ED2B2934228BF134600293AD0012988
:1002200036D1194604204FF00F0C374EB1FBFCF7C6
:10023000F75D0138C91BC9B28A4238BF0021215479
:100240000028F3D105200F278DF80830B3FBF7F114
:10025000715C0B44DBB2934228BF13462354013038
:100260000B28F3D10F2605F1B401E03514F8013B5A
:10027000B3FBF6F2501CC2EB02129B1A0133DBB245
:10028000C0B21B0443EA005341F8043F8D42EDD154
:1002900005B0F0BD194604204FF00F0C1B4FB1FB09
:1002A000FCF6F6B2BE5D0138891BC9B28A4238BF7E
:1002B000002121540028F2D105200F268DF80830A6
:1002C000B3FBF6F1795C0B44DBB2934228BF1346D3
:1002D000235401300B28F3D10F2605F1B401E0358A
:1002E00014F8013BB3FBF6F2501CC2EB02129B1A4E
:1002F0000133DBB2C0B21B0443EA005341F8043FB0
:100300008D42EDD1C4E700BFF9900200EC900200ED
:1003100038B5284B05461A7827490D2A02D1FF2007
:10032000087038BD104604F0EFFF04461046FFF792
:100330004BFFA84228BF2846C0B2A04238BF204683
:100340000B78C0B28342ECD0087088B1431EDBB298
:10035000022A1A490ED14FF0FC62C1F8FC20A1F527
:100360000051D1F8FC2042EA4353C1F8FC30D8E7F1
:100370000346EDE7124A134C1268B832C4F8C02F96
:100380004FF47F02C1F808210F49CA6FD202C8D4C6
:100390000F22B3FBF2F2551CC2EB02129B1A01337F
:1003A000D1F808411B0443EA05532343C1F808313F
:1003B000B7E700BF4C42002056420020002002B8A0
:1003C000143B0020001000B0000002B82DE9F04FEF
:1003D00090F83C510746D0F8B41087B04DBB1F29A8
:1003E00038BF1F2109398C4B8C4E1A6A4C23306858
:1003F000C2F38212D34003F0010A8842534697F8B1
:100400002B408748DFF83CB2DFF83C9216D190F8D9
:1004100000C0D44512D19BF800C0AC450ED1814A32
:1004200092F800C0A44509D1B9F8040007B0BDE8AE
:10043000F08F032938BF03210239D4E7FF2C316044
:10044000037015D1284604F05FFF8046764CBAF160
:10045000000F1ED0D7F8F000002800F0CF8003680E
:10046000082B40F2CB8090F83880002D5BD016E04E
:1004700099F80000FFF7A8FE00F1FF38A04528BF5B
:10048000A046B8F1010F38BF4FF001085FFA88F8B5
:10049000DCE7012D2CD0022D01D0D5B3D04640F29F
:1004A0007122236808EB0826B3FBF2F319224B43B1
:1004B000B3FBF2F34146012205A8059308EB06269B
:1004C00004F0FEFE4FEA4808B8F1030F38BF4FF0C2
:1004D0000308040244EA0014A8F10308044300F0EE
:1004E0001F0008FA00F0FFF7F3FC00F5FA685FE080
:1004F0000F23B8FBF3F35A1CC3EB0313A8EB03035E
:100500000133DBB2D2B21B0443EA0253C3F3074800
:10051000C5E70F23B8FBF3F344480133006850FAF2
:1005200083F313F8018C40F2712324684FEA0846E4
:10053000B4FBF3F419234C43B4FBF3F40294BAF183
:10054000000F5ED13A4B5246A3FB041303A8A8F157
:100550004001039304F0B4FEDDF80C80354BA4EBAE
:100560000804A3FB041352463021009004A804930E
:1005700004F0A6FE049B8246E41A0122102105A87D
:100580000193059404F09CFE009B46F480461C02F7
:10059000019B44EA0A14044308EB0300059B46F060
:1005A00010061844FFF794FC00F50C5808F12808D1
:1005B00040F6FF72204B4046C3F8C020A3F580539D
:1005C000C3F8C040A3F580531C4CC3F8C460C4F802
:1005D000008002F03BF84FF47A72194B4042986564
:1005E00023681049B3FBF2F3A9F8043097F82B30D5
:1005F000B8FBF2F08BF800500B7017E74FF00008D3
:1006000033E70022414602A804F05AFE040244F0F7
:1006100011040298C6E700BF004001B84042002024
:10062000B53E002053420020D03D0020843D0020F4
:1006300069C2F568911E856B006001B8B83D002065
:10064000001F00B0544200204C420020014B1870A3
:10065000704700BF5542002010B50446FCF71AF958
:1006600078B1174B1B786BB964B1164B1B784BB143
:10067000154B1B78013B012B04D84FF40042134B60
:10068000DA6710BD124BDB6F1B04FAD405F0D5FE00
:100690004FF400420F4B0446DA67A3F5A0435B68B2
:1006A0002BB1FDF703FF10B1022004F047FE022238
:1006B000094B2046BDE81040C3F8842405F0B8BEBD
:1006C000B63E0020B73E0020BC3D0020002002B80E
:1006D000000002B8001002B800D003500122024B03
:1006E00000201A70FFF7B8BFB63E00200022024B70
:1006F00001201A70FFF7B0BFB63E002037B50446A0
:10070000354D00F08BFD354B00201C702B78002BF5
:100710000CBF002404F00104FFF79EFF2B78013B7F
:10072000012B08D8EB7B01A88DF804302B7C8DF8C9
:100730000530F3F7B3FA0022294BC3F88424002CC8
:1007400042D06A68002A35D0264B1B6803EB52035F
:10075000B3FBF2F3013B1B0243F0F8032A78022AB1
:100760002AD0032A2CD0012A31D1072243F00203D8
:100770004FF6FF701C49C1F88400A1F58051C1F803
:100780008430174BC3F8842493070BD5EB7B01A867
:100790008DF804302B7C8DF80530F3F76DFA0120CD
:1007A000FFF75AFF4FF080439CB1104A0020D367F7
:1007B00003B030BDF823D1E7062243F00103D7E7A9
:1007C000042243F00503D3E72246F823D0E70022B2
:1007D000CEE7074AEAE700BFBC3D0020B73E002055
:1007E00000C00350D03D0020006000B8001002B8E7
:1007F000002002B8F0B5284F06463D4604460FCE0D
:1008000085B00FC533682B6000F008FD0022234B34
:10081000C3F88424A17A627A42EA0142C3F89024A0
:10082000217CE27B42EA0142C3F88C24217B627B7B
:1008300041EA0240C3F888043B78032B29D8DFE85B
:1008400003F022020C178DF8041004218DF8052006
:100850000DEB01000022F4F71BFFE37B00228DF873
:100860000830237C042102A88DF80930F4F710FF2A
:10087000637A01228DF80C30A37A042103A88DF845
:100880000D30F4F705FF064B1878FFF737FF00200F
:1008900000E0212005B0F0BDBC3D002000C00350A9
:1008A000B73E0020034BDB6F002BBCBF024BC3F8ED
:1008B00088007047000002B8004000B8084B1A6C6E
:1008C0000A2A81BF5A6D4FF0FF3302F00F029340A6
:1008D00083BF9843B0FA80F040090120704700BF01
:1008E00000C001B82DE9F04704F08BFD4FF47A7594
:1008F0002F4BB0FBF5F518604FF4FA736B430746C6
:100900002C48190E1B0218182B4A4FF0000341F116
:10091000000103F00DFA294BA0F5807182460246D2
:10092000196330B94FF0010A4A222B21FCF720FB52
:1009300052464FF47A735A4329020023500803F0B9
:10094000F7F91E4B1E4AB7F57A7F9A601D4B4FEAA6
:100950000A6619601C4BA9468846044618604FEA8F
:100960001A2A06D201259D222B210020FCF700FB2C
:10097000A9464FF47A73A6FB030103FB0A116D0825
:1009800040194FF0000341F100014A4603F0D0F94D
:100990000E4B023419600E4B48F10008A408186091
:1009A00044EA8874054B013C9C63BDE8F08700BFB6
:1009B000D03D002020A1070040420F0000C001B838
:1009C00002110100E03D0020DC3D0020D83D002068
:1009D000D43D00201022044BC3F884215A60012228
:1009E000024BDA60704700BF00E100E000C001B8D0
:1009F00010B50446A242A2EB0000A3EB010104D211
:100A0000034B01399B6B0133184401F0030110BD06
:100A100000C001B838B501250A4B02019D504FF4C2
:100A200080730446084A8340536605F006FD074A72
:100A3000A540137823EA05031370BDE8384005F09C
:100A4000F7BC00BF00E101B800E001B8C13E0020E2
:100A50002DE9F84F164604468A461F4605F0EDFC80
:100A6000022E00F09280804605F0F0FC604B614A57
:100A7000D3F82090157D5A6EEDB2520744BFD3F8DB
:100A80002090013505F0030505F0DBFC48462946BA
:100A900000F038FA8446DAF80000012E04BF013075
:100AA0006044ACEB000C08BFCAF80000BCF1804FFA
:100AB0007ED300F03BFA8145A1EB050188BF4C4B8A
:100AC000DFF854E188BF01F1FF3101F0030188BF75
:100AD0009B6BA0EB090C0EF80410A1B1F90742BF03
:100AE00041F61F72444B5A67BA0742BF424B434A12
:100AF0005A677B0742BF00223D4B9A673D0742BFC2
:100B000000223B4B9A6511254FF0010A384B04F146
:100B10001002120103EB041BCBF80C0138499D5065
:100B20001A6A0AFA04F5586E0B78A2EB0902EDB2C4
:100B30002B4362450B704FEA041925D34FF48073A1
:100B4000A340034220D11EF80420002A4BD10EB34B
:100B50002C4AF807536607D541F61F7140F2011081
:100B6000254B596750675967B90706D5224B234A69
:100B7000244925485A6748675A677A0742BF0122C5
:100B8000224B1A613B0719D4404605F051FC012065
:100B9000BDE8F88F1E4A42F809A042F89C3C05F0D7
:100BA0004CFC17490B7823EA05030B7005F040FC59
:100BB000404605F03DFC0020BDE8F88F2120FFF7FE
:100BC00071FE4FF480310A4A124BD1601A78002A24
:100BD000DAD000222D201A70FFF764FE1022094B94
:100BE00040465A66D1E7074A40465366CDE700BF04
:100BF00000C001B8783E002000E001B800001F1FCF
:100C0000C13E002000D001B800000101000002B880
:100C100000E101B8B83E0020B93E0020034B10307F
:100C20000001185800F00100704700BF00C001B873
:100C30002DE9F0419DF818800D46B8F1000F08BF6E
:100C40000022214EB5F5803FB168074621F47001BE
:100C500041F4A001B1609DF820409DF81C104FEABE
:100C6000042444EA016444EA031444EA084444EADC
:100C700002044FF018014FF436722CBF00200120FF
:100C80007465FCF775F93564B8F1000F1AD00F4B95
:100C9000BC68D3F888305A2C38BF5A245B0606D576
:100CA00000F074FC18B10A4BB3FBF0F31C4420466F
:100CB00000F03CF90130854238BF0022024B34BFBE
:100CC0005A645864BDE8F08100C001B800C000B8A3
:100CD00000093D00F7B52B4F3D6E01F067FE04465D
:100CE0002846FFF7EBFD7B6C06460BB100283AD097
:100CF00010272020FFF7D6FD234B9F606CB1002208
:100D000000200821FDF7F4F98022204B5F66A3F54F
:100D100080531F6703F540531A6102F08BFB2022BA
:100D20001B4BC3F8842101231A4A8DF80730D3687E
:100D300013F0706FFBD09DF807306BB91CB116B182
:100D40000122154B1A700F4B144A1D665A6741F267
:100D500001429A6703B0F0BD0DF107010DF10600E5
:100D6000FEF73AF8E7E7002CEDD00D4B074A536643
:100D7000A2F5805213672846FFF7A0FD0028E2D0B5
:100D80003D6EF8E700C001B8001002B800E001B8FD
:100D900000E100E0000002B8B83E0020011B01188D
:100DA0001000002010B504462120FFF77BFD1CB188
:100DB0004FF48032064BDA60064B1A783AB10022C3
:100DC0002D201A70FFF76EFD1022034B5A6610BDDE
:100DD00000C001B8B83E002000D001B8F8B5184DE9
:100DE00004462B6A1B0426D500F01CFC2B6AA0FBD2
:100DF000044613F0787F4FEA9367C3F34450C3F37C
:100E0000044505D140F239422B21FCF7B1F801200D
:100E1000AD01B5FBF0F010EB871005D140F23E427A
:100E20002B21FCF7A5F8012002460023204631467D
:100E300002F07EFFF8BD00F0A9FBA0FB0401F9E77A
:100E400000C000B80246012030B50B4CA0F12003D1
:100E5000C0F1200524FA05F504FA03F32B4304FA44
:100E600000F595428B4100D330BD0F2801D00130F1
:100E7000ECE7FF20F8E700BF40420F0000220B4BD9
:100E800040F010001A700F22094BC3F88820A3F518
:100E90008053C3F88800A3F580531B6ADBB2802B14
:100EA00002D0084600F0F4BB704700BFB83E0020F7
:100EB00000E000B838B505F0C9FA084B084A1D6AC9
:100EC000147D5A6EE4B2520744BF1D6A013405F026
:100ED000B8FA284604F0030138BD00BF00C001B8CD
:100EE000783E00200346064A103302EB00111B0136
:100EF000D1F80C01D158C1F3400104F02ABA00BF67
:100F000000C001B8074B084A1B6810B5434314687A
:100F100003EB817300224FF00041E4FB00129818AC
:100F200010BD00BFD83D0020D43D00200C4A20F069
:100F30004043014610B5002014684FF00042E4FB26
:100F40000320084A890F126802FB0300064B9B6BC3
:100F5000984204D901330131C01A01F0030110BDD8
:100F6000DC3D0020E03D002000C001B8044B01F052
:100F7000F071103041F0030100011950704700BFBB
:100F800000C001B808B52220FFF78CFC4FF4802286
:100F9000014BDA6008BD00BF00C001B808B5064BC0
:100FA0004FF030401A680549920003F047FABDE857
:100FB000084001F09DBC00BF34910200389102004E
:100FC00070B50C68651C15D0C4F302669E42C4F36C
:100FD000074530D1A4B294422DD804EB8506B24225
:100FE00029D2141BA50824F003040E59340F04D091
:100FF000012C08D00022212402E06B1C51F8232090
:10100000C0E9002470BD0E4C34F8133042EA0343AB
:101010001A686B1C51F8234001EB83014B68224096
:101020005E4036F0704404D11B0F032B04BF8B6865
:101030001A430024E4E7013501EB8501C1E700BF55
:101040001491020007B501A8F4F7AEFA4822164B36
:101050005A65164AD2F8D43023F4FC33C2F8D4309F
:10106000134B1B689DF80530023B012B19D8402219
:10107000104BC3F8FC23104BD3F85C32DBB2FF2BD0
:1010800000D10623094A1B03D2F8FC139BB20B4381
:10109000C2F8FC33D2F83021084B1A6003B05DF877
:1010A00004FB01F051FAECE7008001B8000002B83F
:1010B000002000B0001002B80080E00F743D002056
:1010C0002DE9F047074688461446234D234EDFF8A6
:1010D00094A088B01CB9204608B0BDE8F087B4F5EC
:1010E000006F4FF010024FF000016846A14628BF84
:1010F0004FF4006903F03EF808238DF8003009F141
:10110000FF339BB2009A1B0143F0036332402B4034
:101110001343102200210DEB0200CDE900380297A5
:1011200003F028F86B469AF800100D4804AAF4F76B
:10113000C0FA9AF800100A48F4F7F6FAA4EB09048A
:1011400008EB890807EB89079AF80010044805F0B6
:1011500096F90028F8D0BDE7F07F300C0F80CFF370
:10116000000004505A42002008B5054B4FF03040B3
:101170001A680449FFF7A4FFBDE8084001F0B8BBB6
:10118000349102003891020010B5044605F055F97B
:10119000064B074A1C70074BFF2C08BF1346064A34
:1011A000136005F045F9002010BD00BF5A42002031
:1011B0009D0F02006911020044420020014B187883
:1011C000704700BF5A42002000224FF400710F4BBD
:1011D00010B51A675A679A670D4AD162012102F564
:1011E000E8325161DA6812F0706FFBD14FF0304293
:1011F00001245A6602F5FC5208329C66DA64054BFB
:101200001B689847044B5C6110BD00BF000002B82A
:10121000004000B844420020002002B801230F4AD9
:101220000F49C2F880328A6A22F002028A620D4AAD
:1012300053600D4A53600D4A5360A2F580425360DB
:10124000A2F54042536002F5C032536002F580427D
:101250005360A2F500425360704700BF0080005009
:1012600000C0005000D000B800500054005001B839
:1012700008B5FFF7D3FF0D4B0D4ADA6701F05CF9B3
:10128000FFF7E0FE03220B4BC3F8E02000F0E8F983
:101290004FF46072084B5A614FF40072DA67FEF740
:1012A000F5FABDE808400021FEF7CCBA000002B80C
:1012B0000048F000005001B8001002B82DE9F04FCE
:1012C000804687B002900D4655F8044B631C08D148
:1012D000029BC8F80040A8EB0300801007B0BDE8EF
:1012E000F08F5FEA147B18BF0122324BC4F3016A0E
:1012F00033F81A1008BFC4F307424FEAC209A4B278
:101300002D4B44EA014409F104014144994241D37F
:1013100098453FD80020E1E7059B23BB072017F045
:10132000420F20FA0AF000F001002BD117F0280F2D
:1013300020D100222244BBF1010F46F8082C4FF0C7
:10134000FF3218BF0022019B043453F8041B0836F7
:101350004A4046F80C2C0193049B9C42DCD1039933
:10136000C8442944AFE740F6F30232210020FBF7DE
:10137000FFFDDEE740F6F7023221FBF7F9FD4FF4FF
:101380008052D7E740F6FC023221FBF7F1FD4FF423
:101390000052CFE79300039304EB820304930123ED
:1013A00003FA0BF707F0940308F10806019505937B
:1013B000D2E700BF14910200003000B0F8B5054636
:1013C000F0B10026154B34461F46154953F8042B3F
:1013D000BAB9A00000F13040294600F50150FFF7EE
:1013E0006DFF30B940F6A8223621BDE8F840FBF782
:1013F000BFBD0C4B0134044447F8265023F8164077
:10140000F8BDAA42FCD001360C2E02D031F81640AD
:10141000DCE740F6C22236210020E6E7E43D00206A
:101420008E3E0020903E002070B5C0B100296ED0E5
:10143000002213463749384C51F8045B85420FD1DE
:1014400036498A689206FCD49B00354A03F1304342
:1014500003F50153C2F8B0302022324B9A6070BDC0
:1014600001320C2A53D034F81230E5E71FD142681C
:101470000830C3E900120268531CF0D0C2F30163C4
:1014800034F8131012F47E0F93B243EA014313D0E1
:101490000430C2F30742022A0168E7D9466885682A
:1014A000033AC3E900169D600C300C33F3E7012AC0
:1014B000E1D104301960DEE7120F00F10805406841
:1014C000072A09D8DFE802F007040A0E1114191ED2
:1014D000C04303F5005318602846CCE71A68424021
:1014E0001A60F9E703F58053F5E703F027FFF3E708
:1014F000012203F580538240F2E7012203F50053F5
:101500008240EDE71A6830EA0202FBD1E4E7064CBC
:10151000B1E700BFE43D00208E3E0020000002B88D
:10152000001E00B0001002B8149102000B4B1B68A3
:10153000D3F8F03023B11A68022A01D9186A70472B
:10154000074B9A6D90B238B1064BC2F307421B6845
:10155000DB085343B3FBF0F0704700BF143B00209F
:10156000004001B8D03D0020064BDB68C3F30363A5
:10157000984206D1044AD36B23F0F00343EA0111E9
:10158000D1637047000002B8001F00B0054B1B6814
:10159000D3F8F03013B11A680A2A01D8FFF7C6BF92
:1015A000186C7047143B00202DE9F347054603F003
:1015B000BEFE00278046194EDFF864A004F03DFF10
:1015C0000DF1070181460DF10600FDF705FC9DF8C0
:1015D00006300BB3DAF80C3013F4603F1CD0DAF8A5
:1015E000100003F010FF04466B1C03D003F09FFEB5
:1015F000A0EB0807484604F01BFF14F5007F07D155
:101600009DF8063013B99DF807300BB1AF42D5D322
:10161000204602B0BDE8F0873446E5E700FEFFFF54
:1016200000C000B80B4A10B5136E0B4C116E03F0DE
:101630000703E35CC1F3CD0101FB0333126E0748DE
:10164000C2F3454202FB033300688001B0FBF3F0B4
:1016500010BD00BF004001B80C910200D03D002039
:101660000122014BDA677047001002B80122014BDA
:10167000DA677047002002B84022014BDA677047F2
:10168000002002B84022014BDA677047001002B810
:1016900010F1800F04D04D28CEBF7F20323040B2F1
:1016A000FF22034BC0B21A62A3F580531862704741
:1016B00000E000B8084910B5D1F89C3040B11C4694
:1016C000CA68D1F89C309C42F9D1C2F3036202701F
:1016D00003F00F0010BD00BF000002B8064B01F080
:1016E00080011B6F03F480030B4302BF4FF4001211
:1016F000024B1A62704700BF000002B8006001B8D8
:1017000010B504F09AFE0E2104460320FFF72CFFCB
:1017100040F20122034B2046BDE81040DA6204F09B
:1017200087BE00BF004000B8124B197809BB124AAF
:10173000106A5860D2F88800D860526E1A610F4A59
:10174000D0689861D06BD861D2F8B4001862D2F832
:10175000B8005862106B9862506BD862926B1A6333
:1017600001221A70064B074AD3F8A0001060C3F894
:10177000A0107047183E0020004001B8004000B89B
:10178000001E00B0143E0020164B1A784AB3596868
:10179000154A1162D968C2F88810196951669969A9
:1017A000A2F58032D160D969D163196AC2F8B41048
:1017B000596AC2F8B810996A1163D96A5163196BF2
:1017C0009163012102F5005291641021A2F580522B
:1017D000C2F8841000221A70044B1A68044BC3F834
:1017E000A0207047183E0020004001B8143E0020A1
:1017F000001E00B0194A38B5136A03F4E071C0291D
:1018000021D003F0C003802B23D1154B154A0125AD
:101810005A66302203F580535A660522A3F59033A9
:10182000DA6003F580539D6404F007FE04460E4B16
:1018300029461D610D4B00205B6898472046BDE896
:10184000384004F0F5BD23F4E07343F080031362E5
:10185000DBE70023C2F88830D7E700BF004001B8BB
:10186000005001B80F00FFFF000002B82C4200201A
:10187000012838B501D0042831D11E4BD3F8B4204B
:1018800022F48042C3F8B420D3F8B82022F4804276
:10189000C3F8B8200122DA6324221A634FF480725D
:1018A0005A634FF49C729A63102203F50053C3F8F5
:1018B0008420052201250F4BDA6003F580539D64D7
:1018C00004F0BBFD04460C4B29461D610B4B002068
:1018D0005B6898472046BDE8384004F0A9BD3F2228
:1018E000074B06285A660CBF064A074AA3F58053E1
:1018F0005A66DEE7004000B8000002B82C42002023
:10190000006001B83800FFFF1200FFFF4FF604012E
:101910004FF60502044B01201B6C9BB28B4208BFA3
:101920001346024A136670470080E00F00C001B8FA
:101930002DE9F84304F081FD0C224FF0B04700215F
:101940002B4C2C4D637C06465A433A441163D5F820
:1019500070802967D5F8000194F810C0E06026482F
:101960000233C0F88CC00320C5F80001012000FA42
:1019700003F3224843614FF48070214B58660220E4
:101980003B6A0133A3605363106301333A6A00BFBB
:1019900000BF00BF00BF00BF00BF00BF00BF686E38
:1019A00010F4807915D19342F0D139B1304604F06A
:1019B0003FFDCD221A214846FBF7DAFA0C21627C62
:1019C000A3684A43023302F1B042A360012153638A
:1019D000DBE74FF480720A4B30465A660122C5F8A5
:1019E0007080C3F80021BDE8F84304F021BD00BFBA
:1019F000783E002000C001B800800350002000584D
:101A000000E001B82DE9F74F81460E464FF0FF3454
:101A1000FFF750FA002501908A46A0462846DFF8D5
:101A2000D0B005F110031B015BF8037007F003074A
:101A3000012F15D12846FFF755FA02460B460198AB
:101A40005146FEF7D5FFDBF8643005F10802D340BC
:101A5000DB0736D5002E3DD00024A0463560384641
:101A60000135082DDDD148B300221146204DAF6865
:101A7000AB6B0133E8FB034107F44033B3F5003FA0
:101A800030D16B6B07F44057013342F10006B7F5D4
:101A9000805F22D12D6B15F5807505FB06F642F1AE
:101AA000000203FB0266A5FB03323244594304FBE8
:101AB0000212A3FB04342244C9E9003203B0BDE89A
:101AC000F08FA04271EB0803C9D206B1356004461D
:101AD0008846C4E73446B046C1E7320242EA1362A0
:101AE0001B02E3E72B6B13F5807342F10002DDE785
:101AF00000C001B808B503F0B5FC044B5A7C0123C3
:101B000002329340024A536108BD00BF783E002074
:101B100000200058FF2870B53ED0FF2938D00B2890
:101B200034D8022932D81F4C1F4B617441F4402134
:101B3000207441F44071063043F820101B4B1D689F
:101B400003F07DFC6E08ED0702460023284631466F
:101B500002F0EEF8090241EA1061C0F3C05040EA19
:101B60004100134B2060186B10F5807005D14FF4C5
:101B7000D7722B21FBF7FCF902200246002300203C
:101B8000012102F0D5F86060002070BD2120FCE743
:101B90000B28FBD80021C6E7FF294FF00700C0D172
:101BA000F8E700BF783E002000800350D03D0020C1
:101BB00000C001B810B504F040FC0446FFF7B8FEC1
:101BC0000222054B2046BDE81040DA600122034B9B
:101BD0001A7004F02DBC00BF00C001B8C23E002046
:101BE0000C490B78ABB10C4B5A7C01230232934069
:101BF0000A4A936153614FF48062094BC3F8802114
:101C000000230B70074BD3F80C01D3F8041100F03C
:101C1000ABB87047C23E0020783E0020002000583C
:101C200000E100E000C001B810B5044603F007FC75
:101C30006043044B00F5F42000F59070B0FBF3F026
:101C400010BD00BF40420F002DE9F74FFFF7ECFF3A
:101C5000044604F0F2FB00213C4D0646684629701C
:101C6000FFF7D0FE4FF0B0431F6A394BDB6813F02B
:101C7000706F1ED1374B5B6913F0060A19D1F0B1B2
:101C8000DFF8DC80611DD8F80000A1FB00B903F08B
:101C9000D6FB534602464946584602F049F8DDE96C
:101CA000009A090241EA10610002484571EB0A01FD
:101CB0000DD3304603B0BDE8F04F04F0B9BBFFF7D9
:101CC00037FE0222234BDA6001232B70F1E7FFF786
:101CD0002FFE03F0B4FB4FEA192141EA0A61A0FB91
:101CE00001B9D8F800204FEA1A2A00FB0A9912B964
:101CF00003F087FB024600235846494602F018F8D5
:101D00004FF00C0E0122DFF85CC001349CF811305A
:101D10003F1B991C0EFB03F38A400F49074403F154
:101D2000B0434A615F630D4F241ABA614FF0B04768
:101D30003F6A5B6BFB1AA342C3D2DCF80C00054B75
:101D4000C3F800018A614A61B3E700BFC23E0020C8
:101D5000000002B800C001B8002000580010005870
:101D6000D03D0020783E00202DE9F74F0C228D4C0D
:101D70000191637C8C4E5343002203F1B0431A63FC
:101D8000217C8A4B0546C3F8AC104FF40031884BD8
:101D9000904619610223F3604FF0B0431B6A5F1E47
:101DA000DB1B002B40F3E88008F10108B8F1020FBB
:101DB00069D9EC220D210020FBF7DAF84FF08052B0
:101DC0007C4B794E5A66E2684FF00008C6F8002155
:101DD0004FF400321A61754BC3F8AC800C23627C5F
:101DE0005A4302F1B042C2F8308004F026FB434669
:101DF00041464FF4807E376AD6F864C003F1100282
:101E00001201B25802F00302012A10D10EFA03F2B5
:101E100012EA0C0F0BD106EB0314BD42D4F80C41AF
:101E200000F2BA80A54202D2A74280F0B880013306
:101E3000082BE3D1604C2268012A08D85F4D2B782B
:101E4000142B02BF00235E4E337001332B70A9B1F7
:101E5000544D012A6B8A43EA01036B82544B596645
:101E60000CD857490B780133DBB2022B0B7005D12C
:101E7000002301322260514A0B70137003B0BDE899
:101E8000F04F04F0D5BA4FF00C0A4FF00009637C14
:101E90000AFB03F303F1B043C3F8309004F0CDFA2A
:101EA0004FF08053434A53664FF0B04394F811E02B
:101EB0001F6A0AFB0EF3013703F1B0435F63316B16
:101EC000B368DB034ED5A2682368BA1AA2FB03A24B
:101ED000D4F804B0AAFB0BC3CC46E2FB0B3C01F5E3
:101EE0008079A9FB031B09FB0CBBBAEB010162EB78
:101EF0000B02090A41EA0261019A1144B1EB192F60
:101F00004FEA192203D301334CF1000C891A043A29
:101F10008A4228BF0A46EB18B261227D4CF10001CB
:101F2000D6F820C0D2B26545D6F838C084BF02F1D9
:101F3000FF32D2B2BCF1FF3F0ED04FF0000A0CF1DD
:101F400001099C457AEB010B08D20132B3EB09037E
:101F5000D2B261F10001F4E70A44D2B202F0030206
:101F6000227533620C2303FB0EFE02230EF1B04EEA
:101F7000CEF8303004F05CFA4FF0B0431B6A00BF7B
:101F800000BF00BF00BF00BF00BF00BF00BF726E38
:101F9000D2007FF505AF11E7A542BFF445AF0A4374
:101FA00091B244E7783E002000C001B800800350A1
:101FB00000D001B800E001B8403D0020C43E002040
:101FC000C33E002037B50446FFF728F9E1782279AF
:101FD0001B4841EA0243C0F8CC34E579A37943EACF
:101FE0000543C0F8D03423784BB18DF80410042198
:101FF0008DF805200DEB01000022F3F749FB637813
:102000005BB10421A37900228DF80430E3790DEB54
:1020100001008DF80530F3F73BFB227801235AB11C
:10202000084AC2F8C834627802233AB1054A00204F
:10203000C2F8C83403B030BD034AF2E7024AF6E7FB
:1020400000C0035000D0035000E0035070B52B4B8C
:102050000D461A7812B92A4A926D1A70294AD26F1F
:10206000520549D51C78284B04F00F06B0FBF3F05D
:1020700040434FEA141405D140F289622B21FAF74C
:1020800077FF0120214A0A217243B2FBF0F3484353
:10209000B3FBF1F602EB5002B2FBF0F201FB163398
:1020A000042BD2B21BD8C3EB8311C3EB81035BB209
:1020B000002B14BF6FF0040105210B440A2193FB90
:1020C000F1F31C44E3B264B20F2C0FDD013AD2B23B
:1020D000053B5CB2002042EA04122A6070BDC3F1E5
:1020E0000A0303EB83030521DBB2E6E7002CF1DAF8
:1020F0000132D2B20533ECE70220EFE7C53E002003
:10210000008001B8000002B8403B2500809698008E
:102110004FF0000C2DE9F84FA2FB0179C94EDFF812
:1021200060E3BE19984669F10003B6457CEB0303F2
:1021300008D240F243220E216046FAF719FF02202E
:10214000BDE8F88FD0F8F0A00C461546BAF1000FA4
:1021500004D0DAF80030032B00F21881BA4BBB4AE6
:102160009E6BA3F58043D3F8EC30C6F314065900F8
:10217000B74B48BF46F400161B6ED2F8FCA05A07B6
:102180004EBF4FF440039B0503F0E07346EA4566FB
:102190001E4303F011FE012D8346D0D10028CED07E
:1021A000AC4B984200F0008103F5122303F5F8636D
:1021B000984200F0FD80A84B984200F0258102462D
:1021C000002300204FF0007101F0B2FD0130A7FBA9
:1021D000007200FB0922C6F31303A3FB0B3B203262
:1021E0009209C8F80020DB0C9C4A43EA4B33F50205
:1021F000146058BF5B429A4A9A4DC8F814401C4478
:1022000013602C60BAF1000F00F0BD80F001964A17
:1022100083EAE370A0EBE370C6F38153D75C4FEA27
:10222000E07E47F3401100FB01F14FEA876707FBAF
:102230000E11A0FB070748BF64084FEA540C10EBCF
:102240000C004FF0000341EB0701224601F070FD46
:10225000DAF800300E2B08D97D4B7B4A926BD96996
:10226000D3F80C31C90600F1C680B3024CBFC421BB
:1022700040F20711C0F31300C8F804007B48DAF8F5
:102280001820A0FB0460400901FB00F04FF4FA7332
:10229000B0FBF2F000FB03F3FA33A4FB0116A3FB3F
:1022A00002328B42B24138BF0130C0B240F4006C00
:1022B000C8F808C0002879D0DAF81C70A0FB0732F3
:1022C0001CB1B4FA84F10E297FDDE103002A71D13B
:1022D000B1FBF3F14B0003FB0003A3FB07624FEAE2
:1022E000044EB6454FEA144474EB020209D3400091
:1022F0000344A7FB0362B64574EB020201F101013E
:10230000F6D2C1F30E014CEA013C4CF00063C8F870
:10231000083003F051FD2C68002C00F08680B4FAE0
:1023200084F3D3F1020358BFDC40514B9C4288BF79
:10233000640800286AD0B4FBF0F3642100FB134268
:1023400001FB02F25D1E90424FEA550572D85B0810
:10235000013B2D0245EA0315C8F80C5003F000FDBF
:1023600058B3B4FBF0F3642100FB134401FB04F405
:10237000A04228D85A1E52085B08013B120242EACA
:102380000313C8F810300020BDE8F88F042BDAF8EA
:1023900028607FF4FEAEF00154BF06F0E0734FF406
:1023A000400326F0E076F3E6324810E72120C7E646
:1023B00031480CE7034600218FE740F2F2422B211F
:1023C000FAF7D6FD2346013BD4E7C1F10F0601F130
:1023D000110E02FA0EFEF34043EA0E03A6F1200EA0
:1023E00022FA0EFE43EA0E03F240013304FA01F131
:1023F00042F100026AE702F4801203F400131A4368
:1024000008BFC0F5801030E71C48E0E6631EA51E3B
:102410005B086D08013B2D0245EA031540F2CF42EF
:102420002B210020FAF7A4FD96E76FF01F05002886
:1024300092D1F3E7023B013D5B082D0145EA0325FC
:102440008AE700BF006CCA88008001B8001F00B096
:10245000004001B800F04902005A6202543E0020D8
:10246000503E00204C3E00201C910200D34D6210D3
:102470003FBE40250A3BB2DF313641DCD694BFD6A1
:10248000807C814A10B50B46044686B039B9827902
:10249000016821486B460068FFF73AFE6B461F4A09
:1024A000196851631E4AD2F8FC2062B35A6842B1DF
:1024B0001C4A1D49C2F80C115968A2F58052C2F895
:1024C0000C119A6842B1174A1849C2F8EC10996881
:1024D000A2F58052C2F8EC101549D868D1F86421F1
:1024E00022F4EE620243C1F86421D1F85C2118693C
:1024F00022F4EE620243C1F85C21A1F5FF41586964
:102500002839FFF7A3FD0020A2880A4B9A6203F541
:10251000A033186406B010BD143B0020008001B841
:10252000001F00B0006001B8FFFF0F00FFF8FF0FB1
:10253000000002B8004000B84FF48062014BDA6737
:10254000704700BF001002B84FF48062034BDA6797
:10255000034B1B780BB1034A93657047002002B808
:10256000C53E0020008001B80523064AA2F84A3083
:1025700092F8493003F0010363F0730382F84930A5
:10258000704700BF001F00B070B51D4E0546F368D0
:1025900003F07063B3F1007F30D103F04EFFF368B6
:1025A000044603F07063B3F1007F22D1284602F0A5
:1025B00056FD30B1134B93F8C42012B1002283F8BA
:1025C000C5200F4B1B6F9B0510D50E4B0E49D3F842
:1025D000A83009691A789B6843F80C1C32B94FF48B
:1025E00000320A4BCF20DA61FEF75CF98022044BFF
:1025F0001A61204603F01CFF002070BD0220FCE79A
:10260000000002B8001E00B000C000B8001002B800
:1026100010B590B10468012C0FD902696AB1116834
:10262000094B102C196051685960916888BFD268B5
:10263000996094BFD960DA6010BD10220021024871
:1026400001F098FDF8E700BF5C3E0020084BC11781
:102650001A68A2FB000302FB013310F1807043F102
:102660000003400E40EAC310803820EAE070704753
:102670006C3E00200722164B70B5DA66154B164AE1
:102680001E68164BF408E005C0184FEA163141F1F8
:102690000001002301F04CFB114B124D18604EF667
:1026A0006020FFF7D3FF4042C5F884000E48FEF7D4
:1026B0003DFC024658B1E301500818184FEA167164
:1026C0004FF0000341F1000101F032FBE86570BDFD
:1026D000000002B8D03D002065CD1D00B2E60E001E
:1026E0006C3E0020001F00B040420F0010B50446B1
:1026F00098B10B4BD3F8FC00FFF78AFF4FF47A73C5
:1027000003FB04F0074BA0F6AC50DA689B6810445A
:10271000C01ABDE81040FFF799BF4EF66020F8E7F9
:10272000001F00B05C3E00202DE9F0410546084640
:1027300014461E46FFF76CFF002D00F083807207E1
:102740006CD5286900287FD04FF47A735843464BE4
:10275000A0F6AC509B68C01AFFF778FFE061A88B29
:10276000002874D04FF47A7358433F4BA0F6AC5016
:102770009B68C01AFFF76AFF20613C4BE9681F683D
:10278000002967D04FF47A735943374BA1F6AC5107
:102790009A685B68891AC91A354BC8171A68DFF836
:1027A000D880A2FB011302FB003311F1807143F1C9
:1027B0000003490E41EAC31180392E4B6161DB6E83
:1027C000A361D8F8003053B1384602F048FC30B16C
:1027D0002246D8F800302449D7F8E4009847002171
:1027E000A869FFF783FFA062A868002835D04FF4DE
:1027F0007A735843A0F503501038FFF727FFA06005
:10280000286840B14FF47A72174B1B6803F51C53CC
:10281000103302FB0030FFF719FFE060B30711D55A
:10282000284600F055F860626B69CBB10E4AD0685B
:102830004FF47A7202FB0300A0F503501038FFF743
:1028400005FF2062BDE8F0814EF6602084E74EF679
:1028500060208FE74EF660219EE747F23050CCE7CC
:1028600047F23050EBE700BF5C3E0020143B0020F5
:102870006C3E0020001F00B0583E002070B5064698
:1028800008461C4602F076FD0546D6F8F00000F03A
:1028900011F84368054A002BA8BF4FF4FA721A4496
:1028A000034B601992FBF3F2104470BD0CFEFFFF66
:1028B00018FCFFFF40B10368012B05D90069034BE9
:1028C000002808BF1846704700487047249102004E
:1028D000406840B14FF47A72044B1B6803F51C53F7
:1028E000103302FB0030FFF7B1BE00BF5C3E00209A
:1028F00070B5124C88B001AD0FCC0FC594E807003D
:1029000085E807008C2200210D4801F033FCD42219
:1029100000210C4801F02EFC0B4B0C4A5A63FFF7C8
:1029200023FE0B4B1B783BB1044E01AD0FCD0FC600
:1029300095E8070084E8070008B070BDC41F00B028
:10294000A01E00B02C1F00B0001F00B0101111110C
:10295000B43E0020064BD3F8D80E064B5B6F1A012D
:1029600003D4054B9B6E1B0401D500F580707047A6
:10297000001000B0000002B8004000B8012370B59C
:10298000074C2370074B1E68074B3240D3E90053B6
:1029900019402840FBF7ACFB0023237070BD00BF3B
:1029A000CD3E0020743E002050310020024B1879AB
:1029B000C0F3C000704700BF5031002010B504467E
:1029C000FEF756FC00F0BCFD2046FCF78FFFFEF73B
:1029D000FBFBFDF787FFFDF7FDFFFFF74BFE1349FC
:1029E0000723134AD1F8FC1004F58270FFF79CFE10
:1029F0004FF080710020FEF7B9FA4FF000720D4BD6
:102A00004FF400110120C3F80021FEF7AFFAFEF7E2
:102A10007DFF20B940F221121421FAF7A9FA02F041
:102A20002AFDBDE810400120FDF768BE001F00B080
:102A3000581F00B000D001B88023074A136708234D
:102A400040B11367054AD2F8A03023F02003C2F842
:102A5000A0307047024AF4E7001002B8001E00B030
:102A6000002002B810B503F0E8FC01210446002064
:102A7000FFF7E2FF044B1961044B5B68984720465F
:102A8000BDE8104003F0D4BC000002B82C42002086
:102A900038B5164C054620784FF42072B0FA80F015
:102AA0003E214009FAF764FA55B14FF44062104BE9
:102AB000D3F8B430C3F3812323700E4BC3F8B42092
:102AC00060784FF42072B0FA80F03E214009FAF7A6
:102AD0004FFA55B14FF44062054BD3F8B830C3F309
:102AE00081236370034BC3F8B82038BDC63E002075
:102AF000004000B8006000B8A82238B51B4B1D6F1D
:102B000003F500531A6710229A60A3F5804302F17F
:102B100000521A675A6600F039FF154B1B7813B93B
:102B20000320FDF777FF0024124B9C6700F054FF51
:102B3000114A124BD2F8D81E0B40C2F8D83E0422DC
:102B40000F4B1A670F4BAA06C3F8AC4008D503F524
:102B50008073DB6CB3F5817F22BF8022034B1A6147
:102B6000FCF7A0F80022084B1A7038BD000002B82C
:102B7000C93E002000C001B8001000B0DF0000FF17
:102B8000002002B8001E00B0C83E0020034B187899
:102B900018B9034BD868C0F380307047C83E002096
:102BA000000002B8994B2DE9F04F9A6EDB6E87B0AA
:102BB00002EA0308964BC3F86880964BD3F8E0709E
:102BC000D3F8EC301F40944BC3F8E070934BD3F82C
:102BD0000822D3F80C3202EA030A914BC3F808A288
:102BE00003F52043DA691B6A02EA03098D4B09F4F5
:102BF0007702DA618C4BD3F80422D00605D4D3F8DF
:102C0000046116F0100600F0DD8003F016FC874B1F
:102C10005A695E6E02F0060BBBF1000218BF01227A
:102C20001B6F01921E40824A26F0007323F400635A
:102C30007107536604D57F4A137D0133DBB21375E8
:102C400003F0F6FBB8F1000F00F0DD8018F400444B
:102C500027D003F0F2FB0146FFF77CFE0446764BDB
:102C60001D682A682B689A42FCD02A689A42FCD0D8
:102C7000FFF770FEA04240F0A780084603F0D8FBA3
:102C80006E4B1C606E4B1D6F15F4E05B40F09E8038
:102C900024F07F4424F0DF040CB9FFF72DFF4FF040
:102CA0008074002518F0020F12D0654B5D491B6F30
:102CB00003F460420A67002A00F09C801A0400F1C5
:102CC0009C809D0440F19C804FF0006300251C43D4
:102CD000C8F340384FEA48085A4B3B40002B4AD0D3
:102CE00017F4206F0AD040F2C95206210020FAF7EB
:102CF0003FF9002000F0CCFE27F48027F80506D528
:102D0000FF22484B44F4C0649A60FEF7F9FC17F0C8
:102D1000090F0AD040F2DE5208210020FAF728F904
:102D200000F0AAFE01223B4B1A6317F0106F0CD083
:102D300040F2E75209210020FAF71AF900F09CFE50
:102D4000002211461046FCF771FE17F4202F0AD01E
:102D500040F2EF5207210020FAF70AF9002000F0B4
:102D600097FE27F48027F90301D5FCF7A3FF002F76
:102D7000B8BF48F008087A070DD5264BDB6A13F474
:102D8000005F4FF4005317BF234A2F4AD36244F425
:102D9000000408BFD3627B0548BF44F0040417F465
:102DA0008023029300F0B580FCF73CFF0138062831
:102DB0004CD8DFE810F068016B0168016E01710109
:102DC0007401740101963DE704464AE7FFF794FE5B
:102DD000144BC3F870B015F4805305D115F4806519
:102DE00005D04FF080645CE74FF0804459E74FF026
:102DF000805457E74FF0007368E74FF0004365E7F2
:102E00004FF0005362E74446454665E7004000B88E
:102E1000006000B80040005400600054004001B859
:102E2000006001B8002002B800E100E000C001B875
:102E300000E001B8783E0020AC900200703E002017
:102E4000000002B8090B0B89005000544FF4C46213
:102E500003210020FAF78CF801219B4A936ED2F8E7
:102E6000880003F00703063301FA03F3C0F30C00F4
:102E70001B1A9BB2072B12D9944B1B6F58020ED40E
:102E80009348936B926D406D58B103F0070306337E
:102E90009940C2F30C03C91A89B2072901D844F436
:102EA00000748C4B1B78002B33D0874BD3F8E03069
:102EB00013F4A02F2DD1884BDFF85CB21B7883B9B7
:102EC000F2040ED49BF800305BB18449C4F3C00314
:102ED000D1F8D81E83F001035B0021FA03F39B07AE
:102EE00017D10420FDF796FD7D4B7E49596700F010
:102EF00019FB9BF8003043B97B4B1B782BB17B4B04
:102F00007B4A1B682340134201D144F4804426F4D9
:102F10008056BAF1000F1DD01AF4805F18BF44F438
:102F200080241AF4807F18BF44F400241AF4005F50
:102F300018BF44F010041AF4007F18BF44F02004B6
:102F40001AF4806F18BF44F040041AF4006F18BFE1
:102F500044F08004B9F1000F47D019F4001F0AD0E3
:102F6000644B1B683BB1594A6348116F00680022EB
:102F7000C1F3C061984719F4802F18BF45F400755C
:102F800019F4803F18BF44F4805419F4801F18BF0F
:102F900044F4003419F4800F18BF44F0020419F40B
:102FA000003F18BF44F4801419F4000F18BF45F017
:102FB000100519F4002F18D0504BD3F8A03013F09F
:102FC000C00F12D0414BDA6802F03062B2F1407F9C
:102FD00005D15A6FD00602D49B6F190762D54FF402
:102FE0000022474B29F40029DA61002E00F04681C7
:102FF00032051ED54349DFF8E8B091F803A0424AF4
:10300000BAF1000F00F08A804FF400600AF1FF3A35
:1030100050665FFA8AF2CA703AB93C4A1278002ABE
:1030200043D040F601423A4B5A67002213461443FC
:103030001D43B30009D52E20FDF734FC4FF000529C
:10304000314B45F008051A675A66F00608D52B2063
:10305000FDF728FC10222C4B45F400151A675A6620
:1030600016F0306F40F0A080F10440F1FB80019B2E
:10307000002B40F0DD80274B1B68013300F05481AA
:1030800044F00104EEE044F48034E5E644F40064E6
:10309000E2E644F48064DFE644F48074DCE644F065
:1030A0000804D9E644F400149FE7DBF8782012F412
:1030B000A05F15BF4FF4807240F60142CBF8582054
:1030C000CBF87820B1E700BF00400054000002B800
:1030D000004000B8CF3E0020CE3E0020001000B0DF
:1030E00000C001B800000101CA3E0020503100209C
:1030F000088D0100703D0020143B0020001E00B030
:10310000002002B8B93E002000E001B8C93E00200E
:1031100000D001B838420020CB3E00200320FDF74C
:1031200079FC4FF40061AA4A5166DBF8141011F0E3
:10313000060124D05046FDF735FEDBF86410DBF8BD
:103140007030A34A0B4013F0100F1DD010232D2018
:1031500013675366FDF7A6FB4FF4001A9D499E4A7C
:103160004B8A13F4006F1BD023F400634B82137857
:1031700003F0FF025BB14FF40042534657E741F6BC
:103180001F705067CBF878104FF0000AE6E7039203
:10319000FDF7F8FEFFF7B0FC039A4AF0200346E77C
:1031A00013784FF40052E8E732011BD52920FDF7D0
:1031B00079FB8A4B5B6C13B11022894B9A60894B67
:1031C0008949DB6803F48042C3F380330B70FFF757
:1031D000EDFB28B1854B7E4985484B660367D2B924
:1031E00045F00405B30123D50420FDF713FC272087
:1031F000FDF758FBFFF780FC4FF00072744B5A66E6
:103200007C4BD3F8D83E590676D40222744B9A6090
:1032100045F0020523E00B6720204B66FDF742FBDB
:1032200045F400152D2045F00C05FDF73BFBD9E7D3
:1032300016F0807FDFF8A4A149D00420FDF7EAFB57
:103240002820FDF72FFBDAF87830002B3BD1FFF771
:1032500053FC5F4B654A45F001051A675A66002228
:103260005E4B9A65720509D5634A9378002B00F08E
:10327000A980013B9370002348EA03085F4BD3F811
:10328000A0301B0603D520462946FCF77FF84246AE
:1032900020462946FFF772FB029B0BB1FCF7F8FCB6
:1032A0000122574B07F00437C3F8E070554B19F46F
:1032B000002FC3F884211EBF4FF40022484BDA616F
:1032C00007B0BDE8F08F0023CAF87830C1E7F004FA
:1032D000C5D50420FDF79EFB4B4BCAF87430FDF7B3
:1032E00051FEDAF8643013F0407FB8D12A20FDF7A0
:1032F000D9FAFFF701FC83E7404BD3F8A0209206F0
:1033000086D40221414A9160414A126892F82520F0
:10331000D0077FF57DAF93F8C430002B3FF478AF32
:103320008022304B1A6173E7334A13794BB1013B6A
:10333000DBB2137113B92E4B364A5A6700231C4374
:1033400090E70420FDF766FB0320FDF763FB234BAA
:103350002D4A5A6703F071F882460DF11700FEF707
:10336000A9F92D4B83461B780BB1FEF7C9F9BBF1C8
:10337000030F0ED1DFF86CB00020FEF79BF9032895
:1033800007D1DBF87430D903F6D4DBF85C300C2BB2
:10339000F2D99DF81730032B06D101221F4B50465E
:1033A0001A7003F045F8C9E71D4BD3F8E03013F469
:1033B000A02FF2D100F0B6F8504603F039F84FF4E0
:1033C0008043BCE70220FDF725FB012354E700BF43
:1033D00000E001B8783E0020C93E002000C001B8DE
:1033E000002002B8000002B8C83E002010000020F3
:1033F00000D001B8001000B0B93E0020001E00B09F
:103400000060005400E100E000000101001002B87B
:10341000143B00200000010DCC3E0020CE3E0020D9
:10342000004000540122024B1A62DA61704700BF6B
:10343000002002B80D4B10B5DC691A6A14400C4A22
:1034400024F47F01D161E20706D5D9684FF0FF303F
:10345000C1F3036102F019F8630706D5BDE8104017
:10346000042200200021FFF789BA10BD000002B835
:10347000002002B80C4A08B5936B526C13400B4AFB
:103480009363DB070FD50A4B40F67A0218781221B6
:1034900000F00100F9F76CFDBDE8084000220120B2
:1034A0000021FFF76BBA08BD00C000B800E000B80B
:1034B00050310020054AD2F88430DB07FBD4936FEB
:1034C000D2F884201340024A93677047008001B805
:1034D00000A001B808B502F0B0FF0E4B1A78A2B9EF
:1034E0000D4A126812F4843F0FD10C4A1021D167A3
:1034F0001B7863B9084B1B68DB0508D4074B2022F7
:10350000DA67BDE8084002F093BF054AEEE7044BD6
:10351000F5E700BFCF3E002050310020002002B868
:10352000001002B80022044B1A70044B197811B134
:103530001A70FFF7CFBF7047CE3E0020CF3E00206D
:1035400008B502F07AFF4FF00042224BC3F880200A
:10355000BFF34F8FBFF36F8F0122C3F88420BFF3F7
:103560004F8FBFF36F8F0222C3F88420BFF34F8FBA
:10357000BFF36F8F0422C3F88420BFF34F8FBFF3D4
:103580006F8F0822C3F88420BFF34F8FBFF36F8F74
:103590001022C3F88420BFF34F8FBFF36F8F202218
:1035A000C3F88420BFF34F8FBFF36F8F4022C3F85F
:1035B0008420BFF34F8FBFF36F8F4FF48072C3F837
:1035C0008420BFF34F8FBFF36F8FBDE8084002F038
:1035D0002FBF00BF00E100E008B502F02EFF4FF062
:1035E0000042094B1A6001225A6004225A600822E4
:1035F0005A6010225A6020225A6040225A60BDE868
:10360000084002F015BF00BF00E100E02DE9F047DF
:10361000DDF820A003EA0108099B06460C4602EAF1
:10362000000703EA0A09BAF1000F40F04E81031FB8
:103630000B4300F00E81052871F1000380F0E48057
:1036400050EA010300F06081431E0B4300F0248127
:10365000FFF776FFAD4AD2E9005323EA040325EAD7
:1036600006053D4343EA0807A94BC2E900571E6817
:10367000DFF8F48226EA0A0646EA09061E60FFF72A
:1036800029FF15F02A4F0CBF4FF4004348F2020304
:10369000A04AB007D26EA04848BF43F4005383EA63
:1036A000020122EA0302C2669C4A0B408166D3668D
:1036B000C5F380421203290348BF42F48072EB062F
:1036C00048BF42F40052964BAC0648BF42F4007229
:1036D0006806D3F80C3248BF42F48062290648BF1E
:1036E00042F400628F4882EA030123EA0203C0F831
:1036F0000C328D4B0A40C7F34024A404C0F80812D2
:10370000C3F80C22EA0448BF44F48034AB0348BF3A
:1037100044F48014A80748BF44F4800415F4001F43
:1037200006D0D8F8000001F0CCFE08B944F400241B
:10373000E90248BF44F40034FA0648BF44F40004E8
:1037400073077A4B48BF44F004041A6A44F4001427
:1037500084EA020323F0010375491A400A621C40FF
:10376000CB61744B16F0010F1C62734B734A08BF98
:103770001A46734B7C071B6F48BF42F000627148CA
:1037800082EA030123EA020303676F4B0A404166A2
:103790001A676E4A05F00103516CA0F5803081EA8A
:1037A000030221EA0301416482631A40684B280244
:1037B0005A64D8F8002048BF664B92F8022158BFDF
:1037C000654B690748BF43F4806322B115F4C06FAD
:1037D00018BF43F480733207604A48BF43F0004388
:1037E000D2F8EC105E4883EA010222F4A0221140D4
:1037F000C0F8EC101340C0F8E0205A4ABDE8F0478A
:10380000C2F8EC30FFF7E8BEA0F580630B4306D0AA
:1038100020F48063A3F500730B437FF419AF02F02B
:103820000CFE3A49D1E9003223EA060322EA0402F7
:1038300042EA08023B43C1E900324B4A126892F85F
:103840000211474A09B313F4C06F1ED04FF48073BE
:1038500011E002F0F2FD2D4AD2E9003123F0040319
:103860003B4341EA080157EA0807C2E900314FF437
:1038700080633B4A0BD0C2F8E030A2F58052C2F818
:10388000EC30BDE8F04702F0D3BD4FF48073C2F8CE
:10389000EC30C2F8E030F4E702F0CFFD1B4AD2E989
:1038A000003123F001033B4341EA0801C2E9003142
:1038B00001232E4A57EA08071BBF9363A2F58052E3
:1038C0005364536408BF9363DBE750EA01037FF45A
:1038D000BFAEBAF1010F7FF4BBAE02F0AEFD0C4AF1
:1038E000136823F0010343EA090313604FF4806374
:1038F000144AB9F1000F04D05366A2F58052136741
:10390000BFE713675366BCE7BDE8F087503100207E
:10391000743E0020004000B8006000B8005000B8BD
:10392000004001B8006001B8005001B8000002B8C2
:10393000002002B8001002B804180003041C0003A1
:1039400000C001B800E001B800D001B800C000B864
:1039500000D000B80D0A0A09090A0A0900400054FB
:103960000060005400500054143B002000E000B8F8
:10397000024B186800F00100704700BF5031002072
:10398000014B5879C0097047503100200A4B197813
:1039900001F0FF0229B10021197008499202C1F813
:1039A000B420597801F0FF0229B100215970930227
:1039B000024AC2F8B8307047C63E0020005000B836
:1039C0004FF40062034B1A674FF40042A3F5E03353
:1039D0009A667047001002B8F8B5084C084D236F7E
:1039E0000423084F2B67236F5B0300D4F8BD042624
:1039F00002203E6701F0A2FC2E67F4E7000002B847
:103A0000001002B8002002B838B5044669B940B1C8
:103A1000164BDA6812F0606F04D04FF4C062144B9A
:103A2000DA6238BD9B689A06F7D4FDF769FE0F4D40
:103A30000020FDF73FFE032801D0092805D16B6F58
:103A4000DB03F5D4EB6D0C2BF2D9FFF7C5FF4FF478
:103A50000072084BDA62012203F5E8335A6104224E
:103A600003F580531A67002CDBD0D6E7000002B8BC
:103A7000006001B8004000B808B503210920FDF737
:103A800073FD2022014B1A6108BD00BF000002B87F
:103A900038B5054602F0D1FC0E4B04461868FBF71A
:103AA000EDFF35B1FFF73EFD2046BDE8384002F09E
:103AB000BFBC094B1B78002BF6D0084B1D78002D9E
:103AC000F2D1FFF72FFD2A464FF480400021FEF788
:103AD00055FFE9E7143B0020CE3E0020CD3E0020FC
:103AE0002DE9F74F574B074615461C6F0191002AE9
:103AF00040F0A58004F0A004003C18BF0124FBF7AF
:103B0000D1F8A0234FF0000A4F4A03201367FCF7B7
:103B100081FF0420FCF77EFFDFF86081FFF702FDE4
:103B20004A4B4FF0040BC8F87430C8F878A0FFF780
:103B300053FF474B444AD3F8A010DFF8089141F0F7
:103B40002001C3F8A010FF2191604FF48071C9F8E3
:103B5000101040494048D1F8D86E3040C1F8D80E16
:103B6000C2F870B0C3F8ACA0D8F8143013F0060F48
:103B700004D0FDF707FA5846FCF74CFF0CB1FFF7ED
:103B80001FFF47B1FDF7BCFDFFF776FF0420FCF7F0
:103B900041FFFFF7FBFED9F81430D90749D5294A70
:103BA000D36813F0706FFBD1274B2C4A1A672C4A4D
:103BB000D36B23F0F003D363019B13B12846FFF7C7
:103BC00067FF284BD3F84C315A1C01D05B0002D55B
:103BD00001221D4B5A6165B3234BDA6E03F5005386
:103BE0009A6603F5D0331B6A174A23F00103D361A9
:103BF0001E4BD3F80C1203F50053C3F8081203F55B
:103C00000053D3F8841003F500539967184BD3F889
:103C1000EC1003F50053C3F8E010164B596C03F594
:103C200000539963144903F5803359664FF60843EE
:103C30001367002003B0BDE8F04FFBF79FBB0024E3
:103C40005DE700BF000002B8002002B800000101DB
:103C5000001E00B0001000B0DF0000FF10003000B8
:103C6000001F00B00080E00F004000B8004001B825
:103C70000040005400C000B85000002F00C001B840
:103C800038B514460D4602F0D8FB064BD3F8A020F9
:103C900054402C405440C3F8A040BDE8384002F0E6
:103CA000C7BB00BF001E00B0034BD3F8A030994340
:103CB0000CBF012000207047001E00B02DE9F0412C
:103CC00015460A43012A1C469DF818809DF81C7071
:103CD000089E29D8B84527D2082F25D8032B23D8EA
:103CE00016B30A460021FAF719FBE300FF249C40B3
:103CF0004146E443DFF834C0701E4FEAC50ECAB235
:103D0000974202D80020BDE8F0810EEB01060CEBD3
:103D10008606D6F8E02010F8015F22409D4015434A
:103D2000C6F8E0500131EAE72120ECE7001E00B0C0
:103D300053B94AB9002908BF00281CBF4FF0FF3112
:103D40004FF0FF3000F0B2B9ADF1080C6DE904CED0
:103D500000F006F8DDF804E0DDE9022304B0704766
:103D60002DE9F04F8C46099E04460F46002B48D1A2
:103D70008A4215465ED9B2FA82F33BB1C3F1200202
:103D80009F409D409C4020FA02F217434FEA154E97
:103D90001FFA85FC220CB7FBFEF10EFB117701FB2D
:103DA0000CF042EA0742904207D9AA1801F1FF3706
:103DB00002D2904200F258813946121AA4B2B2FBE4
:103DC000FEF00EFB102200FB0CFC44EA0244A4456A
:103DD0000BD92C1900F1FF322CBF01270027A44575
:103DE00002D9002F00F04381104640EA0140A4EBC5
:103DF0000C0400211EB1DC400023C6E90043BDE8ED
:103E0000F08F8B4206D90EB1C6E9000100210846A9
:103E1000BDE8F08FB3FA83F1002951D16345C0F0BA
:103E20001681824240F213810846002EE7D0C6E98F
:103E30000047E4E7002A00F0AF80B2FA82F3002BDB
:103E400040F0C2808A1A4FEA154EAFB20121200C11
:103E5000B2FBFEFC0EFB1C2240EA024207FB0CF008
:103E600090420ED9AA180CF1FF382CBF4FF001096F
:103E70004FF00009904203D9B9F1000F00F0F08033
:103E8000C446121AA4B2B2FBFEF00EFB102200FBD5
:103E900007F744EA0244A7420ED92C1900F1FF3279
:103EA0002CBF4FF0010E4FF0000EA74203D9BEF118
:103EB000000F00F0D2801046E41B40EA0C4099E766
:103EC000C1F120058B400CFA01F400FA01F922FA45
:103ED00005F72CFA05FC8A401F4320FA05F3380C3D
:103EE00023431FFA87FE1C0CBCFBF0F800FB18CC28
:103EF00044EA0C4408FB0EFCA4450ED93C1908F119
:103F0000FF3A2CBF4FF0010B4FF0000BA44503D933
:103F1000BBF1000F00F0B880D046A4EB0C041FFAF0
:103F200083FCB4FBF0F300FB134403FB0EFE4CEAEE
:103F30000444A6450ED93C1903F1FF302CBF4FF0C5
:103F4000010C4FF0000CA64503D9BCF1000F00F0A6
:103F50009F80034643EA0840A4EB0E04A0FB02EC5A
:103F600064457346E04602D307D1F14505D2BEEB66
:103F700002036CEB070C0138E0465EB1B9EB0302BB
:103F800064EB080404FA05F522FA01F3CC401D4362
:103F9000C6E90054002132E742082F464B08AC46E0
:103FA00042EAC172AE46C407110C92B241EA034123
:103FB00042EA0142B1FBF5F1B3FBF5F01F23A2EB9E
:103FC0000C0241EA004142E79D40C3F120029940C2
:103FD0009C402CFA02FC4FEA154E20FA02F2AFB2D6
:103FE000BCFBFEF80A430EFB18CC110C41EA0C4155
:103FF00008FB07FC8C4550D9691808F1FF302CBF2D
:104000004FF001094FF000098C4502D9B9F1000FBA
:1040100030D0A1EB0C01B1FBFEF808FB07FC0EFB56
:10402000181192B242EA0142624534D2AA1808F14C
:10403000FF312CBF4FF001094FF000096245BED29D
:10404000B9F1000FBBD1A8F102012A44B7E7841AE5
:104050006CEB030201201746E7E62C4402382BE7FD
:10406000ACF1020C2A440CE702392A44A5E62C44A0
:104070000238BAE6A5EB0C0CA8F102006144B1FBD2
:10408000FEF808FB07FCCAE7A8F102083C4444E735
:10409000023B3C445EE7414691E7A1EB0C01404600
:1040A000B1FBFEF808FB07FCB9E700BF704700BF93
:1040B0002DE9F8430746884614460026D4E90195C1
:1040C000B9F1010905D52468002CF7D13046BDE8C7
:1040D000F883AB89012B07D9B5F90E30013303D032
:1040E00029463846C04706436835E9E710B50C460F
:1040F000B1F90E10F7F752FE0028ABBF636DA3892C
:104100001B1823F48053ACBF6365A38110BD2DE958
:10411000F0411F468B8905460C46DB05164605D542
:1041200002230022B1F90E10F7F726FEA3893246CA
:10413000B4F90E10284623F48053A3813B46BDE812
:10414000F041F7F73DBE10B50C46B1F90E10F7F788
:1041500013FE421CB4F90C3015BF606523F4805384
:1041600043F48053A38118BFA38110BDB1F90E1091
:10417000F7F7F2BD02440346934200D1704703F8BB
:10418000011BF9E7704770477047062008B5F8F73C
:1041900059F90120EFF7F7FC9368013B002B10B4AD
:1041A000936008DA9469A34201DB0A2903D15DF820
:1041B000044B00F0B4B81368581C1060084619701E
:1041C0005DF8044B7047F8B506460F461446D518FF
:1041D000AC4201D1002007E03A4614F8011B3046FA
:1041E000FFF7DAFF431CF3D1F8BD2DE9F04716467F
:1041F00098468A6807460B690C46DDF82090934282
:10420000B8BF1346336091F843200AB101333360DD
:104210002368990642BF336802333360256815F07E
:10422000060506D104F1190AE36832689B1AAB420D
:104230002BDC94F843302268003B18BF0123920620
:1042400030D404F1430241463846C847013023D0F8
:1042500023681A3454F80A2C03F00603042B0ABF0F
:1042600054F80E5C002533684FF0000608BFED1AC5
:1042700054F8123C08BF25EAE5759342C4BF9B1A67
:10428000ED18B5421AD1002008E0012352464146FC
:104290003846C847013003D14FF0FF30BDE8F08702
:1042A0000135C1E7E1185A1C30200233224481F85D
:1042B000430094F8451082F84310C2E701232246D8
:1042C00041463846C8470130E6D00136D9E738B50F
:1042D0000B6905460C4613B90025284638BD18B1B0
:1042E000036A0BB9F7F70EFDB4F90C30002BF3D0CD
:1042F000626ED00704D4990502D4A06DFFF743FF86
:1043000028462146F7F7CAFF636E0546DA07E4D46C
:10431000A3899B05E1D4A06DFFF736FFDDE7F8B573
:104320000E461446054618B1036A0BB9F7F7EAFCC6
:10433000A369A360A3891A0701D5236943B921465C
:104340002846F8F72BF818B14FF0FF373846F8BD7C
:104350002368F6B222693746981A6369834205DCFE
:1043600021462846FFF7B3FF0028EDD1A368013BA3
:10437000A36023685A1C22601E70431C62699A4223
:1043800004D0A389DB07E1D50A2EDFD121462846D8
:10439000FFF79DFF0028D9D0D6E7884210B501EB82
:1043A000020402D98442234607D8431EA14207D003
:1043B00011F8012B03F8012FF8E70244824200D1E3
:1043C00010BD13F8011D02F8011DF7E71F2938B5CC
:1043D00005460C4604D9162303604FF0FF3038BD64
:1043E000C26B12B152F821304BB9284600F016F8D2
:1043F000224601462846BDE83840F8F72BB8012B85
:104400000AD0591C03D1162303600120E7E70021DD
:10441000204642F8241098470020E0E7EFF7B6BBAB
:10442000C9B20346024410B59342184601D1002098
:1044300003E0047801338C42F6D110BD0A44431ED8
:10444000914200D1704710B511F8014B914203F829
:10445000014FF9D110BD70B50C46B1F90E1096B0F0
:10446000154600291E460ADAA18911F0800113D1F0
:104470004FF48062002031602A6016B070BD6A4639
:10448000F7F7FAFF0028EFDB019901F47041A1F57D
:10449000005359425941EBE700214022EAE78B895A
:1044A00073B59E0705460C4607D504F14703236004
:1044B00023610123636102B070BD01AB6A46FFF75F
:1044C000CAFF009E28463146F2F71FF9B4F90C30B6
:1044D00038B99A05EFD423F0030343F00203A38114
:1044E000E3E743F080032060A381019BC4E9040655
:1044F000002BE0D0B4F90E102846F7F7CFFF0028C4
:10450000D9D0A38923F0030343F00103A381D2E7A9
:1045100030B514469BB005461A46002C05DA8B23AD
:1045200003604FF0FF301BB030BD4FF402730091B9
:1045300004916946ADF80C304FF00003199314BF95
:1045400004F1FF332346029305934FF6FF73ADF852
:104550000E301E9BF8F70EF8431CBCBF8B232B605C
:10456000002CE0D0009B00221A70DCE710F8012B31
:1045700011F8013B012A28BF9A42F7D0D01A7047A0
:10458000034611F8012B03F8012B002AF9D17047DB
:10459000034613F8012B002AFBD1181A0138704783
:1045A0002DE9F0471F468E6882460C46BE42904673
:1045B000334653D8B1F90C0010F4906F2BD06569D5
:1045C0002368096905EB4505A3EB010905EBD575E2
:1045D0007B1C6D104B442A46AB4284BF1D462A46C5
:1045E000430527D511465046F2F78FF8064658B3D3
:1045F0004A462169FFF722FFA38923F4906343F021
:104600008003A38126614E4465613B46A5EB090505
:1046100026603E46A5601F463A4641462068FFF7A1
:10462000BCFEA36800209B1BA36023683B4423605F
:10463000BDE8F0875046F2F749FD06460028E1D173
:1046400021695046F2F76EF80C234FF0FF30CAF89C
:104650000030A38943F04003A381E9E73E46DBE74E
:1046600002207047022070470020704701207047E9
:10467000002070470E207047FAF758BB08461146D5
:10468000012200F079B870B50C4611461A46F8F7C9
:104690007FF8059B049E0493456933462046AC464B
:1046A000BDE87040604710B5F8F772F8BDE81040FB
:1046B00083690846184700F0B6BBF9F743BAF9F723
:1046C0004FBC00F0EFB808B500F088FB002008BD33
:1046D00000F0D3B8F9F7FCBC70B504460D46164699
:1046E0004FF4881100F028F9324629462046BDE8EB
:1046F0007040FBF735B8431E042818BF012B94BF48
:1047000001200020704700F0D5BD4FF4D472002185
:10471000FFF730BD0846FCF737BD10B50446F9F782
:1047200091FDE8B9A169D9B1238ACBB1204604F142
:104730001002F9F7DBFBB8B9E169A9B1638A9BB153
:10474000204604F1120200F0EDFB88B9216A79B12C
:10475000A28A6AB12046E38ABDE8104000F0A7BBF8
:1047600000232382A361E6E700236382E361ECE791
:1047700000236361236210BDF9F7DCBE0A7838B507
:1047800005461046FFF7B7FF60B14C782046FFF7AB
:10479000B2FF38B12243530704D42846BDE838405D
:1047A000F9F76AB8212038BD10B504460878FFF73C
:1047B000A2FF58B14A781046FFF79DFF30B1042A96
:1047C00004D02046BDE81040F9F774B8212010BD90
:1047D00000F072BA084600F023BD704711B9D0F856
:1047E000E81021B1CB6813B18B68D88970474FF6B8
:1047F000FF70704710B5F8F7D7F8044608B900F015
:104800005DFD204610BDF8F7C1BE00F0A1BAD0F89A
:10481000EC300BB90E2070474FF6FF72C38D9342F8
:104820000B80F7D000207047F8B506460D46F8F724
:10483000BBF8D8B94FF6FF734FF0240CEF68C1B244
:104840008F4208D81C4621463046F8F76BFA00F034
:1048500035FD2046F8BDAA680CFB0122D4899C4294
:1048600002D2002CEFD023460130E8E74FF6FF7468
:10487000EFE7C08D704700F05CBA38B504460D46CE
:1048800000F0D2F850B129462046F8F74BFA30B97B
:1048900029462046BDE83840F8F7F2BE0E2038BD64
:1048A000FEF774B9062AF8B504460F4615461E46AB
:1048B00023D8F8F785FE10B320463946F8F732FAC8
:1048C0000446A8B9012102460846FFF755FF2046D5
:1048D00000F0F2FCFCF728FF3046F8F71FFE062D2B
:1048E000284607D02923EB40DB0703D5FCF782FFDE
:1048F0002046F8BDFCF7BCFFFAE72124F8E70224C4
:10490000F6E700F03BBBF8F7EFBF00F053BA00202A
:1049100070470846FBF79ABE00F033BB38B5044633
:104920000D4601F08AFD0023C4F89C50C4F898306D
:10493000BDE8384001F07CBD38B504460D4601F0B5
:104940007CFDD4F89C301D40D4F8983023EA05054E
:10495000C4F8985001F06CFD284638BD73B50D7849
:1049600006460C4635B304238DF8043023793046CF
:1049700001A98DF80530FFF717FF0546B8B9227871
:10498000A37952BB8DF80430E379304601A98DF844
:104990000530FFF7F3FE054648B923783BB161883F
:1049A0003046F9F757F90121304600F01EFA284643
:1049B00002B070BD294600F018FA2946304600F0D2
:1049C0003CFA2946304600F040FA22782379002A42
:1049D000C9D18DF804306379C9E702228DF804202B
:1049E000D3E700F02ABA00F038BAF9F767BAFBF754
:1049F0007FB90846FBF730BAF9F764B900F031BA6D
:104A00000B4610B514461846A1689288FFF716FDAC
:104A1000E168034631B1A0886288121A92B2184444
:104A2000FFF70CFD002010BD0346408A18B1188A1C
:104A3000003818BF012070470846FBF7DBBE431C57
:104A400008BF0020F8F7DEBD10B5044600F06EF890
:104A500020B92046BDE81040F8F764BB10BD00F057
:104A600066BC2DE9FF41984604460E46174601F004
:104A7000EDFC05462046FFF7E7FF0A9B3A46029306
:104A80000023314601932046CDF80080F8F798FBCB
:104A90000446284601F0D5FC204604B0BDE8F0816C
:104AA00038B5044601F0D2FC05462046FFF7CCFF9E
:104AB0002046F8F763FB0446284601F0C2FC204676
:104AC00038BD38B5044601F0C1FC05462046FFF765
:104AD000BBFF204600F039F80446284601F0B1FC3F
:104AE000204638BD38B5044601F0B0FC05462046E6
:104AF000FFF7AAFF204600F02EF80446284601F0F2
:104B0000A0FC204638BD70B504460E4601F09EFC60
:104B100005462046FFF798FF31462046F8F79CFBF4
:104B20000446284601F08DFC204670BDF8F736BAE1
:104B300010B501F08BFC044600F015F8F8F756FAB2
:104B40002046BDE8104001F07CBC024608B5F8F7ED
:104B500025FA507D08BD024608B5F8F71FFA507DCA
:104B600080F0010008BD00F0E2BBF8F7C5BD00F021
:104B7000ECB800F0FFBA00F04FBA022A01D800F0FA
:104B800071BA21207047022A01D800F07CBA212096
:104B90007047022A01D800F089BA2120704738B541
:104BA00004460D4600F05BFA28B129462046BDE8D0
:104BB000384000F08BBA022038BD70B504460D466F
:104BC000164600F04CFA30B1324629462046BDE880
:104BD000704000F093BA022070BD0E20704738B5C7
:104BE00004460D4600F03BFA28B129462046BDE8B0
:104BF000384000F0AFBA022038BD38B504460D4643
:104C000000F02DFA28B129462046BDE8384000F0D2
:104C1000A9BA022038BDFAF715BC0846FAF730BC2D
:104C200003469B8E08469342114601D3FAF754BCC3
:104C30002120704700F0ADBAFAF770BC0020704731
:104C4000002070477047D0F8A03003F06003402B7D
:104C50000DD0602B03D0203B58425841704749B1DA
:104C60000B68012B06D9486940F00100704740F2FB
:104C700001107047002070470D281CD00F281AD053
:104C8000102818D0112816D020F090030D2B11D029
:104C90000F2B0FD020F010030D2B0BD00F2B09D0B2
:104CA00020F080030D2B05D0A3F10F02022A98BF3C
:104CB0001846704718467047F7B504461046D4E9C1
:104CC00056C7DDE908268CEA020587EA0601054099
:104CD000194085EA0C057940C4E95651002523F4B2
:104CE000004106EA010320F0010043F40073024092
:104CF00043F0020301950095FEF788FC94F82430F8
:104D00009A0713D5D4F85C319B050FD54FF4881161
:104D1000204600F0C1FB94F82430024665F34103BD
:104D200084F8243020460B46F8F71EFC002003B020
:104D3000F0BD30B4D0F8A0300A4023EA0103134399
:104D4000C0F8A03030BCF9F7A7BC0220FBF766BF63
:104D500008B5D0F8F0304BB11A68022A06D993F89A
:104D600025204AB1186AB0FBF2F008BD40F68C323B
:104D70004C210020F8F7FCF80020F6E7D0F8F020EE
:104D800008B57AB11368022B0CD9536A13F47F4F1C
:104D9000C3F3072106D0126ADBB253438B42B3FB45
:104DA000F1F006D2002040F6AB324C21F8F7E0F8E3
:104DB000002008BD0346B3F83E2108468A4203D0CE
:104DC000A3F83E11FBF7D2B80020704790F83C31B1
:104DD0000D2B14BF90F82B00FF20704708B500F092
:104DE00029FBBDE80840FCF7CFBC38B50C464FF4B2
:104DF00000610546FEF758FF60B16CB195F82A31A5
:104E000063B94FF480722846BDE838404FF4807192
:104E1000FEF736BF2202F6E72246F4E738BD4FF42C
:104E20008071FEF741BF10B50023F8F779FD044605
:104E300008B9FDF717FE204610BD08B54A024FF429
:104E40000071FEF71DFF002008BD08B58A024FF46F
:104E50008061FEF715FF002008BD4FF40071FEF7DA
:104E600023BF70B58D8806460C463DB90B688A682D
:104E70009B1A236005230020A37170BDF8F7C2FCC4
:104E800096F82720EB00023A012A98BF033360B15D
:104E9000B3F5803F09D84FF22441420901FB0322B8
:104EA0000009B2FBF0F22368E2E70220E5E7B2F581
:104EB000805FF8B50F460646154619462ED89A4229
:104EC0002CD33F2A28D9B2FA82F40122C4F11F035D
:104ED000DBB29A4092B2AA422CBFC4F11904C4F1C9
:104EE0001A04E2B20124931DDBB29C40A4B2AC428E
:104EF00014BF0120002002D096F8013183B996F842
:104F0000243060F3C71386F824303846FAF70EFDD4
:104F100000203762B582F8BD0022E3E72120FAE7DE
:104F20000E20F8E770B505460E46144602B3138806
:104F30003F2B1DD9B3FA83F3C3F11901C9B2062976
:104F400001D8192B12D0062928BF062101238A1D5A
:104F5000D2B2934030462380FAF708FD23882846D2
:104F6000EE616B82FAF78AFD002070BD0021EDE74B
:104F70002120FAE70E2070470020704790F82D009E
:104F8000704708B50B46062200F59E711846FFF7DC
:104F900055FA002008BD0429F8B505460C460AD18B
:104FA0000026F7B23846FBF7AFF808B13C4602E0FE
:104FB0000136042EF5D12046FBF7A6F858B195F836
:104FC0003C31A34209D085F83C4105F59E70BDE80F
:104FD000F840FAF7D1BF2120F8BD0020FCE70022FD
:104FE000F9F760BCA0F84A30BDF90030C0F8941061
:104FF000A0F84820A0F84C3000207047F9F78ABD8F
:1050000010B5144608460121FCF70EFA2046BDE80B
:1050100010400121FCF708BA70B5044615460E464B
:1050200009B9212070BD130617D400F048F93146A4
:105030002046FFF7F9FB4FF6FF739842F1D000F0DE
:105040003EF920464FF400310022FEF719FE2946B2
:105050002046BDE87040F9F767BA0E20E2E78021EC
:10506000FEF722BE7FB5531C05AA029202220192CE
:105070000022ADF8141000921146DBB2FEF71EFEBE
:1050800007B05DF804FB7FB5531C05AA4FF0040C74
:1050900002920222ADF81410CDE9002C0121002269
:1050A000DBB2FEF70BFE07B05DF804FB1FB54FF057
:1050B000080C531C0022CDE9002C01220291DBB226
:1050C0001146FEF7FBFD05B05DF804FB08B50A04C8
:1050D0004FF48031FEF7D4FD002008BD07B591F8EC
:1050E0002830009391F82B3091F8292091F82A105C
:1050F000FAF76EF9002003B05DF804FBF8B514462A
:105100008A0706460D4601F001070CD43FB1A20400
:105110004FF48021304602F48022FEF7B1FD6B0788
:105120000FD40020F8BD3FB104F00100C4F34003E8
:105130008342EBD02120F5E74FF48021FEF7B4FD48
:10514000F4E7A2064FF08051304602F08052FEF79D
:1051500097FDE6E708B50A054FF48011FEF790FDCC
:10516000002008BD08B5CA044FF40021FEF788FDF1
:10517000002008BD09B141F01001F9F7D5B910B50B
:105180000446F9F7CBF901462046BDE81040F9F78F
:10519000CBB9002914BF212000207047D0F8EC3093
:1051A000C3B15869B0B1531EDBB2FD2B10D90368EF
:1051B00013F1020F08BF4FF0FF33FF2A0B6005D138
:1051C00043689A1C08BF4FF0FF334B6000207047C4
:1051D000012AF4E72120704738B5054610460C46F1
:1051E000FAF79EFAC5B1D5F8EC30ABB15A699AB16D
:1051F000431EDBB2FD2B11D90B685D1C04BF6FF0A1
:1052000001030B601360FF2806D16368591C02D1AB
:105210006FF0010363605360002038BD0128F3E79D
:1052200038B50546FCF7CEFE04460021A878FAF70B
:1052300009FB204638BD2DE9F74F01251C469DF896
:105240003030064601930368174603F00703063320
:105250009D4005F1FF380B46A1B1416804EA080BF7
:10526000A5EB0B0A41F00059524509EB0B0114D98B
:1052700052461846FFF7E2F849467A1B5A44504412
:10528000FFF7DCF8019B2BB13C4448EA050804EA2F
:105290000804F46003B0BDE8F08F1846F0E737B5B6
:1052A000002514460095FFF7C6FF204603B030BD29
:1052B000F9F718BD0020704700207047704770470D
:1052C00010B5490004461AB1032938BF0321033938
:1052D0002268C903B2FA82F314D0B1FA81F01B1A22
:1052E000002B0DDDC3F10F00012838BF012003F0B2
:1052F0001F03D9408A4201D201384908216010BDFC
:105300000F20F7E70F20F9E7012805D9023818BF69
:105310004FF0FF30C0B27047012070470A4690F846
:1053200094109B2901D8F9F73FBA2120704708B59E
:10533000FBF7C0FDBDE80840FBF7E4BD38B5044607
:10534000FFF7F5FF0546FFF7F2FF431BA342FAD331
:1053500038BD38B50D460446FBF7ACFD35B1844287
:1053600000D90139204601F0030138BD844238BF1D
:105370000131F7E708B50121FFF7EBFFBDE8084071
:10538000FBF7C0BD0B0C23F48053B3F5284FF7B5E2
:105390000D468FB2064699B217D04AF601039942DC
:1053A00015D04AF60203994213D0B1F5204F14BF2D
:1053B00004240324D6F8EC300BB1196859B9D6F897
:1053C000E83093B9286803B0F0BD0024F2E7012467
:1053D000F0E70224EEE723463A466846FBF7F0FD85
:1053E000019B002BEBD10098EDE719680029E9D06B
:1053F00023463A466846FBF7E3FD019B002BE1D1CB
:10540000F1E700F0D9BC02044FEA901309D4C3F3CA
:105410000903A3F1C8006FF4FF739842B8BF1846A0
:1054200007E06FEA83536FEA935313F5007F18B2D6
:10543000EFD17047012200210320F9F77BB808B5AE
:105440001C20EFF7FBFE4FF0B042936813F0080FFB
:105450004FF0010302BF9268C2F303129340B0FB06
:10546000F3F008BD4FF0384359699A6903F50053CA
:105470000A405A6170470E207047FDF793BBFDF755
:1054800091BBFDF78FBBFDF78DBB08B50846FDF757
:10549000C9FF08BDFDF786BB38B505460C4600F0D0
:1054A000CCFFD5F89C301C40D5F898302343C5F884
:1054B000983000F0BDFF211E18BF012100204902D5
:1054C00038BD002070470139024410B5904201D127
:1054D000002005E0037811F8014FA34201D0181B0A
:1054E00010BD0130F2E7000008B5054BD3F87C038E
:1054F000FFF7C2F800F00300C31E5842584108BD30
:10550000B80D0020EFF31182302383F31188084B8C
:1055100049B1D3F890130843C3F8900382F311887C
:10552000BFF36F8F7047D3F8901321EA0000F3E7C1
:10553000B80D0020EFF31182302383F31188064B5E
:10554000D3F8903382F31188BFF36F8F184000387F
:1055500018BF0120704700BFB80D002008B5E9F75B
:1055600086FA38B1044BD3F8940318B1036818785D
:10557000C0F3401008BD00BFB80D002008B5E9F722
:1055800076FA50B1054BD3F8940330B1036818880C
:1055900000F00700C31E5842584108BDB80D002056
:1055A00008B5064BD3F87C03FFF766F8012801D055
:1055B000F3F766FDBDE80840F3F75CBDB80D0020C9
:1055C00008B5FFF7CBFF00B9FEE700F025FF00B9F3
:1055D000FEE701214FF48060FFF794FF00210220D5
:1055E000FFF790FF00214FF48030FFF78BFF002181
:1055F0000820FFF787FFF3F73DFD0022014B83F8FA
:10560000B52308BDB80D00202DE9F04F4B4DF1B08A
:105610000EAC0290E7F748FF2146D5F87C03FFF770
:10562000E8F9B4F802C0BCF1020F40F2E882274664
:1056300050AE0FCF0FC63B68BCF1270F336009D9BE
:105640002723A288ADF84231262A82BFADF8443123
:105650000023539330AE3146D5F87C0350AAFFF7B0
:10566000CFF99DF84271002F00F0C9820DF170084A
:105670000DF1C100A368C8F800001B78A8F8043039
:10568000F3F714FD00F44050B0F5005F40F0BE8227
:10569000207CE7F7ACFF0DF1200900904946404619
:1056A000F3F769FD009B99F808B03BB395F8D975FD
:1056B00067B1BBF1000F23D0BBF1020F18D14946EF
:1056C0001846E8F70DF8471C18BF0127BBF1010F7A
:1056D00095F8DAA595F9DB651BD1E8F76FFCB9F809
:1056E0000030D0F800B0BBF1000F0BD100237DE0FB
:1056F000B9F800100098E7F79BFFE4E7009FE5E7A3
:105700005F46E3E7BBF806209A4219D0DBF800B009
:10571000E9E7BBF1020FE9D1E8F750FCD0F800B09F
:10572000BBF1000FE2D0082249460BEB0200FFF765
:10573000CAFE28B1DBF800B0F2E700BFB80D0020C8
:105740009BF804209007C2F3400944BF8DF814A0D1
:105750004FF00109510717D595F8DC35F31A5BB204
:10576000002BC0F2A7817F2E08BF00238221C3EB4C
:105770000323B3FBF1F305A901F80930B9F1000FD8
:1057800040F085824FF00109130740F19581822294
:105790008236C6EB0626B6FBF2F609F1010305AA2E
:1057A00002F809605FFA83F9009B002B9ED0B5F8E0
:1057B000DD354A4623F4FF43A5F8DD3509F104033E
:1057C00085F8DD359B2385F8DF35B82385F8E0358E
:1057D000EA2385F8E1350023CA4805A909F106093D
:1057E00085F8E235FEF72AFE5FFA89F34FF0000AEA
:1057F00013AD5146222228460DF1110901938DF86F
:105800009FA0FEF7B7FC8DF834A089F800A08DF8B2
:1058100012A0D8F800A026AE5046F3F747FC00F4DB
:105820004053B3F5005F0DF12C0B40F0E88180068A
:1058300040F1E58159465046F3F743FC9DF834307A
:10584000002B00F0DC81012B06D14FF6FF73BDF871
:105850002C209A4200F0D381D8F800000DF15A01B3
:10586000F3F751FC002840F0CA8195F816B0BBF15F
:10587000000F00F0C481D8F800A05046F3F79AFC5E
:1058800098B149464046E9F7CEFF002840F0B7817D
:1058900099F80030052B40F0B28140460DF112011D
:1058A000EAF799F9002840F0AA815046F3F7FEFB89
:1058B0008146E9F760FF01464846E9F72DFF0029D8
:1058C00000F0048103905046F3F7F2FB039BC9F309
:1058D000812900EB4300B9F1020FC0B200F0F18062
:1058E000B9F1030F00F0F080FF2800F088813AF84A
:1058F00000306B8301236B7798F806302022B37158
:105900004FF0000300210DF2411928A8B380C6F81A
:105910000090FEF72FFC7C4B2A7B9DF811102B602A
:105920009DF81230012AA977EB7700F0D680022A81
:105930000CBF03230023BBF1010F4FEA833300F0B8
:10594000CE80BBF1020F0CBF03200020003918BF2E
:10595000012143EAC10343EA802343F4005A4AF099
:10596000020A002A40F0BD806A7F002A00F0C4804D
:1059700095F821300DF1180B03F001034AEA032AD0
:105980004FF4FE0351465846CBF80430CBF8009054
:10599000F3F7C4FA1AF4807FBBF80410BBF80630A2
:1059A00003D14A1C9A4298BF91B250460393E9F73B
:1059B000B3FE002840F0AA80DBF80020039B584685
:1059C000ABF804100DF15A01CBF80020ABF806300B
:1059D000F3F7B0FA5046E9F7CEFE002840F0A38076
:1059E000DBF80010BBF80630BBF804200DF1180BF3
:1059F0005846069114A9ADF81E30ADF81C20F3F7F7
:105A000099FAAB7F0699BDF81CA0BDF81EB0D3B1C2
:105A1000EA7F13430AF10102934528BF01F80A30D7
:105A2000184628BF1FFA82FA0393E7F73BFF0138B5
:105A3000039B1AFA80F0834528BF1FFA80FA1846A4
:105A4000E7F71BFF03462A88032A09D10AF101025E
:105A5000934522BF95F8200001F80A001FFA82FA48
:105A600002335AFA83F39B45484628BF1FFA83FA4C
:105A7000F3F71CFB002F5BD040F0100080B28DF8D4
:105A80004101000A8DF842014846F3F70FFB019BE4
:105A9000002B50D040F4007080B2D8F800508DF840
:105AA0004101000A8DF842012846F3F7FFFAC105CB
:105AB00044D5FEE7002359E6B9F1000F3FF416AED6
:105AC00072E60230C0B20FE70830FBE700283FF46F
:105AD00013AF5046F3F7ECFA06E702232BE7022058
:105AE00034E7022A03D1BBF1020F3FF43DAF298B0B
:105AF0006A8B91427FF43CAF43F4015A4AF0020AA8
:105B000036E700BF9B13002002000020ABF8041012
:105B10005846698BF3F702FADBF80020BBF8041053
:105B2000BBF806304BE75846298BF3F7F7F957E7F0
:105B300020F01000A2E720F40070ADE74846F3F72C
:105B4000B5FAC20500D5FEE7AB7828468DF843319B
:105B5000F3F730FB70B10DF1130529464046E9F724
:105B600082FE00284BD130469DF81310A6F804A001
:105B7000EAF75AF8019B93B14846F3F797FA830581
:105B800040D53046A6F804A0E9F790FE019A4149B5
:105B90004844FEF753FC019B53441FFA83FA4846DE
:105BA000F3F708FB80B330460099C6F80090A6F8DA
:105BB00004A0EAF74AF810BB3068B6F804A0A3883E
:105BC000EBB1A5686288013B0135013A9BB2A56043
:105BD0006280A38003B9E568F3F7ECFA18B12B787B
:105BE00043F004032B701FB12B7863F07F032B70FD
:105BF0005246029850A98DF840A1FFF711F871B0F4
:105C0000BDE8F08FFF20C1E74846D8E795F8D925D1
:105C1000012F0CBF00237378002A31D0029850A9BD
:105C2000FEF7FBFF00282FD1207CE7F7E0FC0028DF
:105C3000E5D09DF84831032B1BD150A9E7F750FD63
:105C40000130DCD00298FEF7E6FFE8B9A388002B0C
:105C5000D5D0A2686188013B013201399BB2A260B4
:105C60006180A38003B9E268137863F07F03137047
:105C7000C5E7022BC3D1BDF84011E7F7D9FCDFE738
:105C800003F00703012BDCE70228B8D0FEE74FF052
:105C9000020989E595130020174A9368C3F304436A
:105CA0000C2B0AD8DFE803F00B09090909090721C1
:105CB00019091B1D1F001148704700207047936889
:105CC00003F04073B3F1807F11D0B3F1007F10D0A7
:105CD000002B0B4818BF002070470A4870470A483D
:105CE00070470A4870470A4870470A4870470A4890
:105CF00070470A48704700BF0040015A405DC60027
:105D000000093D00C0EA210180BA8C010048E80189
:105D1000005A62020024F40080841E0040420F00FA
:105D20000E49D1F82831A0B10022A3B1834204D199
:105D300083682AB9C1F8283103E01A469B68F4E762
:105D4000936083681BB15A6941690A445A61002013
:105D50007047222070470220704700BF703100203A
:105D60000A4B1B6F03F00703013B032B03D8DFE84B
:105D700003F00B030609FEE7054B18687047044B58
:105D800058687047034870470348704700800050C8
:105D90003C41002080D54302002D310108B5FFF7BA
:105DA000DFFF044B1B6FC3F301330133B0FBF3F090
:105DB00008BD00BF00800050014B5868704700BF0D
:105DC0003C41002038B5164AD2F8803243F0010336
:105DD000C2F88032134B5B68C3F3080343B14FF042
:105DE000A842D36B13F0430FFBD11424204638BDD7
:105DF0004FF0A843DC6B14F04304FBD10A4DD5F8F7
:105E0000E43123B9042105F5F270E4F70AF8D5F876
:105E1000E431013343F00043C5F8E431E6E700BF65
:105E20000080005000ED00E0703100202DE9F74FB8
:105E3000002800F0CB80664B1A68904203D3596863
:105E40000A44904204D35B6A002BF5D15B69FFDE04
:105E5000D3E9054CEFF31188302282F3118810F852
:105E6000082C30F8067CD207A0F1080600D53FB90F
:105E700088F31188BFF36F8F012003B0BDE8F08F66
:105E80009968D3F810A0A1EBC7010AF1010299604B
:105E90001A6130F804EC7D1CBEF1000F00F08C801C
:105EA0004FEACE020192A6EBCE0292F800B010F8B3
:105EB000089C1BF0010F09F002096DD1B9F1000F28
:105EC0006DD1B2F80290B2F806E0AEEB090EBEF169
:105ED000010F71D10237083907EB0905C3F810A08B
:105EE000996030F802ECBEF1000F69D0D3E90017D9
:105EF00006EBCE093944894562D216F83E104F466A
:105F000011F0010117D130F8066CAEEB0606012E38
:105F100011D1B9F80260A9F80210B9F806100136DB
:105F2000354400294AD009EBC107196901391961C3
:105F3000996808399960002610F8081C20F8066C4A
:105F400021F0010100F8081C1178013D66F3000101
:105F500055801170002F35D0C2F107013944C1F3CB
:105F6000CF01D180B9807CB394422DD861880029BB
:105F700008BF1446BCF1000F06D0944504D3BCF80A
:105F80000210002918BF6246C3E9054288F3118850
:105F9000BFF36F8F002070E7B9F1000F0CD0019FA5
:105FA0007544C91B996010F8081C21F0020100F823
:105FB000081C0021918094E7324692E70F46B4E72F
:105FC0000027B8E7D780CEE71446D3E7222054E76E
:105FD0009819002037B5F8B10024C461EFF311859A
:105FE000302484F311880E4CD4F8284114B1A04217
:105FF00010D1012485F31188BFF36F8F74B9BDF8F8
:106000001C5001959DF81850009500F06FF920463E
:1060100003B030BDA468E9E72220F9E70320F7E7E1
:106020007031002038B50021044640F2E730054BBE
:106030004FF47A721D680023E4FB0501FDF778FE3A
:1060400038BD00BFB40D002010B50F4B1A689AB1CF
:106050004FF47A71531E1342A0FB01010ED1B2FA24
:1060600082F2C2F11F04531CD243E04001FA03F351
:10607000184321FA02F20243104610BD0023FDF737
:1060800057FE0246F8E700BFB40D002030B5104AB5
:106090004161D2F828318BB9C2F8280183600CE045
:1060A000491B41619D681C462B461DB15D698D42AF
:1060B000F6D92CB1A06083602BB930BD0024F5E780
:1060C000C2F8280183605A69521A5A61F5E700BF85
:1060D0007031002010B5EFF31184302383F3118861
:1060E000F0F728FE074BD3F8FC114FF0B0435B6983
:1060F000DB0702D5F0F71EFE013184F31188BFF3F0
:106100006F8F10BD7031002070B52C4CD4F8283141
:10611000002B51D059692A4B002941D0D4F80022D4
:106120004FF0B045114408229A61EFF3108672B621
:10613000F0F700FE2B6C6A69150704D41A1A032ABB
:1061400001D898420ED10B1A022B98BFC11C4FF0F8
:10615000B043B1F1FF3F38BF01390822196403F59C
:1061600080539A61174A304600F062F992F828305D
:1061700043B14FF0B041CB6B43F00203CB6300233C
:1061800082F828300023D4F8282184F804322AB178
:10619000D188890708D5012384F80432002070BD16
:1061A00008229A615A61EDE79268002AF6D0516997
:1061B0000B44012BECD9F1E72220F0E770310020ED
:1061C000001000583C41002010B5F0F7B3FD0B4C17
:1061D000D4F80032D4F82811C31A11B9C4F8000257
:1061E00010BD002BFAD04A699A423ABF9B1A00228E
:1061F000D21A4A6128BF00238968EEE77031002077
:10620000F8B5054628B3EFF3108672B6FFF7DCFF4A
:10621000114B2846D3F82871FFF782FD044620B1C0
:10622000304600F005F92046F8BDAF42F8D1FFF73F
:106230006BFF2228F4D10122084B83F828204FF06D
:10624000B042D36B23F00303D3630822044B9A615B
:10625000E6E72224E7E700BF703100203C41002040
:106260000020005810B5EFF31184302383F3118818
:106270000C4B0D4A1B68183B13F1180F04D184F323
:106280001188BFF36F8F10BD19680968914202D061
:106290009B69183BF0E71B6953F82030002BEED0C8
:1062A0009847ECE7583300200000045010B504462E
:1062B000E8F7DDFBB0B1B4F5007F4FF001010ED17E
:1062C0002046FFF71FF900211020FFF71BF90021DE
:1062D0000548FFF717F9BDE81040F2F7CBBE4FF4C1
:1062E0008050F2E710BD00BF0A0001002DE9F04127
:1062F0001F469DF81830164603710023BDF81C2078
:10630000C0E9036307608360C28004460D46F0F76E
:1063100011FD2844A0613DB96561CEB139462046E2
:106320003346BDE8F0411847EFF3108672B6FFF729
:106330004BFF29462046FFF7A9FE064B1B689C42EF
:1063400001D1FFF7E1FE3046BDE8F04100F070B842
:10635000BDE8F081983200204FF4807370B596B09C
:1063600002920124212201931023039404930592A5
:10637000069107940893099201AA0A9206AA0B9221
:1063800004220C9211220D920AAA0E900F921093E1
:1063900040F611031193194B12930EAB1393184B44
:1063A000149346F611031593FFF70CFD14280446C9
:1063B00020D1EFF3108072B64FF0A8431E681D691C
:1063C00000F036F84FF0A843032212A95A6319606F
:1063D00002A919619A63DA6B9207FCD1142C06D1D9
:1063E000EFF3108072B61E601D6100F021F8054BBE
:1063F0005B6801E00028E5D016B070BD5433002082
:106400000400002000ED00E00846E7F711B8104650
:10641000E7F70EB80020704708B5E8F728FB20B171
:10642000BDE808400820FFF785B808BD0020704788
:1064300010B962B6BFF36F8F7047EFF3108072B67A
:10644000704780F31188BFF36F8F7047EFF31180AF
:10645000302383F311887047012303FA01F1EFF32E
:106460001183302282F3118800F5005200F580502C
:106470005165816283F31188BFF36F8F7047EFF32B
:106480001182302383F31188436B82F31188BFF3A9
:106490006F8F012088401840003818BF01207047D6
:1064A0004FF098435A6CD202FCD5586D00F470201E
:1064B000704708B528B128220021FDF75BFE0020B7
:1064C00008BD2120FCE7036A042B9FBF00EB830279
:1064D0000133D16003627047036A10B5052B15D8EC
:1064E0004FF09842116CC902FCD504339B00136530
:1064F00003684FF09844136043681360034653F8F1
:10650000081F11600022016A914200D810BD53F8A3
:10651000041F01322160F6E708B508B9212008BD43
:10652000FFF7DAFFFFF7BCFF0028F8D0B0F5802FA7
:1065300017D00BD8B0F5003F15D0B0F5403F14D0C0
:10654000B0F5803F14BF01204820E8E7B0F5202FC8
:106550000DD0B0F5302F0CD0B0F5E02FDED00120FB
:10656000DDE74B20DBE72A20D9E72C20D7E71020F6
:10657000D5E71120D3E7836882B013B9816002B0F8
:10658000704783680193019B5B68012B019B01D1DC
:106590005960F4E75B68F5E708B5EFF31181302344
:1065A00083F31188F0F7C6FB81F31188BFF36F8F77
:1065B00008BD38B50C46EFF31185302383F31188FD
:1065C0001D2836D8DFE800F00F17351B1D1F3521B9
:1065D00023353535252735292B2D2F3535353533C1
:1065E000353535353531FFF7BBFB206085F3118834
:1065F000BFF36F8F38BD0120EEF720FEF5E70320D3
:10660000FAE70420F8E70C20F6E70220F4E706207A
:10661000F2E70720F0E70820EEE70520ECE7092085
:10662000EAE70A20E8E70D20E6E71020E4E70B2080
:10663000E2E70020D9E700000000000000000000B1
:10664000F8B500BFF8BC08BC9E467047F8B500BF5F
:10665000F8BC08BC9E4670475FF800F0813F002000
:10666000000000007AFF809F79FF009F73FF809EEB
:1066700075410200E867020001000800C8670200D7
:1066800001000800FFFFFFFFFFFFFFFFFFFFFFFF0D
:1066900000000000000000000000000001000000F9
:1066A000FFFFFFFF4B60D2273E3CCE3BF6B053CC02
:1066B000B0061D65BC86987655BDEBB3E7933AAA44
:1066C000D835C65A512563FCC2CAB9F3849E17A7B0
:1066D000ADFAE6BCFFFFFFFFFFFFFFFF0000000079
:1066E000FFFFFFFF96C298D84539A1F4A033EB2DE8
:1066F000817D0377F240A463E5E6BCF847422CE1D4
:10670000F2D1176BF551BF376840B6CBCE5E316B17
:106710005733CE2B169E0F7C4AEBE78E9B7F1AFEDB
:10672000E242E34F0100000014DEF9DEA2F79CD63E
:106730005812631A5CF5D3EDB86802009C68020039
:10674000806802000000000002000000786802007B
:106750000300000070680200040000006868020086
:106760000500000060680200060000005868020092
:1067700007000000506802000E0000004868020098
:106780000F0000004068020010000000386802009E
:106790002600000030680200270000002868020080
:1067A000280000002068020029000000186802008C
:1067B0002A000000106802002B0000000868020098
:1067C00000000000000000005F9C95BCA3508C24DA
:1067D000B1D0B1559C83EF5B04445CC4581C8E86D9
:1067E000D8224EDDD09F1157E0EB7A7C3B41B8AE0A
:1067F0001656E3FAF19FC46ADA098DEB9C32B1FDBB
:10680000866205165F49B800528A020070942B0513
:10681000668A020070932A057A8A0200709229051E
:106820008E8A0200708428059A8A020070832705E8
:10683000A68A020070822605B28A020070641009DE
:10684000BE8A020070630F09CA8A020070620E09D4
:10685000D68A020090240700E28A020090230600F4
:10686000EE8A020090220500FA8A02001014040049
:10687000068B020010130300128B0200101202009C
:106880000200000000000000000000000000000006
:1068900000000000000000000000000002000000F6
:1068A00000000000000000001DB300001DB3000048
:1068B000116B0000779D000002000000B56B000026
:1068C000D1D20000CB6B0000CF6B00002B6B00001F
:1068D000B96B000013B779FAC925DDB7ADF3CFE086
:1068E000F1B614B80102000000000000FFFFFFFF36
:1068F0000200000001000000000000000000000095
:106900000000000000000000000000000000000087
:106910000000000000000000000000000000000077
:106920000000000010141400101C2030401C200037
:10693000001C203040000000D80A00206FD5000065
:1069400071D4000067D40000ADD50000B5D40000BC
:10695000A9D40000523000523100523200523300AC
:10696000523400523500523600523700523800522D
:10697000390052313000523131005231320052313F
:1069800033284C5229004D5350005053500050436F
:106990000078505352004D53502075736564005079
:1069A000535020757365640043535441434B206238
:1069B0006F74746F6D0049435352005348435352F0
:1069C00000494E545F4143544956453000494E54A6
:1069D0005F414354495645310043465352004846AF
:1069E00053520044465352004D4D41522F424641AE
:1069F0005200414653520052657430005265743162
:106A0000005265743200526574330052657434006C
:106A10005265743500446174300044617431000083
:106A2000505341004B455900534C2D4F50454E5447
:106A300048524541442F332E312E312E305F476965
:106A4000744875622D6662323734656665363B2060
:106A500045465233323B205365702032302032306D
:106A600032362030303A30303A303000000000000A
:106A7000770000000000000070000000000000002F
:106A800001000000600000000000000001000000A4
:106A90006100000000000000010000006300000031
:106AA00000000000010000004100000000000000A4
:106AB0000100000043000000000000000100000091
:106AC0004800000000000000010000004700000036
:106AD00000000000010000000D1500000000000093
:106AE0000100000052000000000000000100000052
:106AF0005A00000000000000010000005B000000E0
:106B00000000000001000000420000000000000042
:106B1000010000004900000000000000010000002A
:106B2000000000000B000000010000000000000059
:106B30000E000000010000000000000068000000DE
:106B40000000000030000000000000000000000015
:106B500066000000000000000100000021000000AD
:106B600000000000010000003600000000000000EE
:106B700001000000440000000000000001000000CF
:106B80004500000000000000010000004600000079
:106B900000000000010000004B00000000000000A9
:106BA000010000004C000000000000000000000098
:106BB0002200000000000000010000000D1900008C
:106BC00000000000010000003E1500000000000071
:106BD000000000007109000000000000000000003B
:106BE000498F02005DF2000000000000518F02009A
:106BF00023DE000000000000548F020023E00000AC
:106C000000000000598F02006931010000000000FF
:106C10005E8F0200B3DE000000000000648F0200FF
:106C200095E0000000000000728F0200D9E0000033
:106C300000000000428B020041D80000000000006C
:106C4000488B020051D8000000000000828F020033
:106C50005DDE0000000000003A8E0200BFDC000094
:106C6000458E02001DDD000008100000BD16010069
:106C7000000000000413000035DB000000000000ED
:106C800005130000D10301000000000008100000FF
:106C9000451701000000000004130000D1DA0000D5
:106CA0000000000005130000750401000000000052
:106CB0000000000013E300000000000001000000DD
:106CC0001BE300000000000002000000D10B0100E7
:106CD000000000000300000037E300000000000097
:106CE000040000003DE3000000000000050000007B
:106CF00043E300000000000006000000F7E1000090
:106D0000000000000700000021E200000000000079
:106D100008000000C1E300000000000009000000BE
:106D20000DE30000000000000C00000029E200005C
:106D3000000000000D00000019E20000000000004B
:106D40002000000039E400000000000021000000E5
:106D500065E100000000000022000000C9E1000021
:106D60000000000023000000F90A010000000000FC
:106D700024000000091A01000000000025000000A6
:106D8000191A01000000000026000000BDF00000FC
:106D9000000000002700000033E2000000000000B7
:106DA00029000000D1E10000000000002A000000DE
:106DB0003D1A0100000000002C000000551A0100DF
:106DC0000000000030000000D9E1000000000000D9
:106DD00031000000C3E100000000000032000000AC
:106DE000BD0A010000000000340000002DE4000096
:106DF0000000000035000000B30A010000000000A0
:106E000036000000A90A0100000000003700000061
:106E100049E40000000000003800000071E10000BB
:106E200000000000B0000000A7E300000000000028
:106E3000B1000000ADE30000000000000208000007
:106E4000452A0100000000000408000089E100005C
:106E5000000000000508000091E1000000000000B3
:106E60000009000043E20000000000000B120000D7
:106E7000B3E30000000000000C1200006D1A0100D6
:106E8000000000000D12000059E4000000000000A6
:106E90000313000061E40000000000000040000057
:106EA00065DA000000000000014000003BE2000045
:106EB000000000000240000067DA0000000000004F
:106EC00003400000970B01000000000002020300D5
:106ED0000000FFFFFFFF00000000FFFFFFFFFFFFBC
:106EE000FFFFBCE6FAADA7179E84F3B9CAC2FC63E4
:106EF00025510000000004500100000000000000C7
:106F00000000000000000000080800009041002080
:106F10000000000000000100E1190000E11900007C
:106F20000000000000000000193F010604100100ED
:106F30000001010600102700000900000000000009
:106F400000000000140000006666660000000000FB
:106F5000286F0200186F0200000A0000001A9A0051
:106F6000005A620280841E00042000001149500271
:106F70000000000000000000000000000000000011
:106F800000000000B1841E000000000000000000AE
:106F900000000000000000001400000066666600AB
:106FA00000000000286F0200186F020000000000BF
:106FB000001A9A00005A620280841E000420FE001B
:106FC0001149500200000000000000000000000015
:106FD0000000000000000000B1841E00000000005E
:106FE000000000000000000000000000FC1F010382
:106FF000446F02001CC0011000F807001CC00130E3
:10700000F502080050C001008741300C2440060101
:1070100007C0420000000000000000000000000364
:107020000000000020380000584001016402FF0009
:10703000804005015C02A0089BC34A74F003000075
:107040000000000000000000E040010173000000AB
:10705000F040040111010000640483078813C83A5A
:107060009C200A0028410101031000003C410B0153
:107070000000000000000000000000000000000010
:1070800000000000000000000100000000000000FF
:107090000000000000000000000000003C42010170
:1070A00000000000A0800201D5C00000D5C0000093
:1070B000A8800111F0010000A880013105228D0097
:1070C000AC800111F0010000AC80013105228D007F
:1070D000B080010137000001FFFFFFFF20740200B4
:1070E00000000000FC1F0103986F02001CC001108B
:1070F00000F807001CC001301402080050C0010055
:107100008741300424400601070062003870000007
:1071100000000000000000030068010F40B8244098
:1071200058400101FC006900804005012363E01123
:107130009BC34A74F003000003800000BE0A0000F5
:10714000E040010133000000F0400401590B000051
:10715000640483078813C83A90200A00284101017B
:10716000001E00003C410B0100148C00141A212861
:107170002E343B42495043557698BA0C286900009A
:10718000010000000721286414171A002004C869B0
:10719000A1203A093C42010129000000A08002011F
:1071A00070780300D5C00000A8800111F001000034
:1071B000A88001310542CB01AC800111F001000033
:1071C000AC80013105228D00B08001010003000276
:1071D000FFFFFFFFEC6F02004063598F404B4C00F4
:1071E0000B000B001A00FF7F884100200000000008
:1071F000E070020000000000E47002004063598F5C
:10720000404B4C000B000B001A00FF7F8841002010
:1072100000000000E0700200000000000C400200CE
:10722000018014007F4000002040020000000000A8
:1072300000000000304007000000000000000000D7
:10724000000000000000000000000000000000003E
:10725000A007000050400100000000005C40020058
:107260000000000000000000A8400100070000002E
:10727000B440040000400000FF4C0000004100004A
:10728000FF4D000008C001000000000020C00110F8
:10729000FF00000020C001300043000024C00400B3
:1072A000EC80B3034375A802000000002E0200002A
:1072B00054C003000E2D09E654060708D1B602009B
:1072C00064C008000430000040201006C8F24818CE
:1072D0001FE8F600BD4B721511A318051032547645
:1072E000980A000088C001000000000008000101A9
:1072F0000407000018000101000000002000010147
:10730000088400001C4002011000000020F9130452
:107310005C4005014108000001000000B0070800C2
:10732000A700000000000000944007010101103098
:1073300050707F7F0000000000000000000000008F
:107340000000000000000000E44001010000000017
:10735000EC4001017DA8D98B0041020100612000B1
:10736000B75635120C410301F9541200203004299C
:1073700088BB4000244101010000000030410301AE
:107380006406660C0C010000E853FA006841030132
:107390006404830788138200000000003042030168
:1073A000000000000000000E000000004442010147
:1073B000000000001080010103000000388002017D
:1073C00011491000010000009C800101EB40020007
:1073D000B48001013700000188000202000C0004A3
:1073E0004C0000009400010200040000D4000102DF
:1073F00090029608E40001023D09420418010102CE
:1074000060005102FFFFFFFF1C720200000000003D
:10741000D4710200010000000000000000F04902E9
:107420001C72020000000000F87102000100000060
:107430000000000000F049020874020020740200FD
:107440000100000001000000010000000100000038
:107450000100000001000000020000000200000026
:107460000200000002000000030000000300000012
:1074700004000000040000000500000005000000FA
:1074800006000000070000000800000009000000DE
:107490000A0000000C0000000D0000000F000000BA
:1074A0001100000013000000160000001900000089
:1074B0001C00000020000000240000002900000043
:1074C0002C000000340000003B00000043000000DE
:1074D0004E000000590000006A0000008200000019
:1074E000970000004D36010065360100C5550100CA
:1074F000813601009538010095390100DF3901001E
:1075000030313233343536373839414243444546D9
:107510000040504F5354313A000001040103030668
:107520000105010501090600060B0000070B050B0C
:10753000000000000000000000000000000000004B
:107540000100A0020202020264000000B600000076
:1075500064000000000100000000000000000000C6
:10756000000000000B000000736C5F6F745F6372BB
:10757000656174655F696E7374616E6365000000B8
:1075800000000000010004000100100004000200DF
:107590002000240003004000440004000000040018
:1075A000050000000700000047DA000000000000AE
:1075B0002000000045100100000000002100000034
:1075C0007316010000000000240000004F130100AA
:1075D00000000000250000007513010000000000FD
:1075E0002A000000BD130100000000002B00000075
:1075F000D7130100000000002C0000004BDA00004F
:1076000000000000300000004911010000000000EF
:1076100031000000031101000000000032000000F2
:107620003FDA000000000000340000008105010086
:107630000000000035000000A5EB00000000000085
:107640003600000045EB000000000000370000009D
:10765000950F01000000000038000000B910010083
:10766000000000003B000000630F0100000000006C
:107670003C00000063DB0000000000003D00000053
:107680005D2A010000000000B200000071E400006B
:107690000000000000080000EB17010000000000DF
:1076A000010800007115010000000000030800003F
:1076B0002F1201000000000000090000011201006B
:1076C000000000000D120000DD0F010000000000AE
:1076D0000313000009100100000000000413000063
:1076E00095DB00000000000005130000010401000C
:1076F000000000000340000069DA00000000000004
:1077000050C300001C250000F4010000F40100003B
:1077100050C300007C150000DC050000DC05000003
:10772000F5DA02001C250000F4010000F40100005D
:10773000E5BF00001C250000F4010000F40100007A
:10774000193F010604100100000101060010270086
:10775000000C000000000000000000001400000009
:1077600000004000000000004077020000770200A7
:1077700000000000082F86000048E80140420F008A
:10778000010100001149500200000000000000004B
:107790000000000000000000000000002A420F006E
:1077A00000000000000000000000000000000000D9
:1077B000140000000000800000000000407702007C
:1077C0001077020000000000004786000048E80132
:1077D00080841E00010100001149500200000000D9
:1077E0000000000000000000000000000000000099
:1077F00055841E0000000000000000000000000092
:1078000000000000140000000000800000000000E4
:1078100040770200207702000000000080259600DB
:107820000048E80140420F000108000011495002E1
:107830000000000000000000000000000000000048
:10784000000000003E420F000000000000000000A9
:107850000000000000000000140000000000800094
:1078600000000000407702003077020000000000B6
:10787000802596000048E80140420F000102000008
:10788000114950020000000000000000000000004C
:1078900000000000000000003E420F000000000059
:1078A00000000000000000000000000003010000D4
:1078B000FC1F01035C7702003C4001000000000057
:1078C00048400100A00700005040010000000000F7
:1078D0005C4002000000000000000000B440010015
:1078E000FF4C000054C001000E2D09E620400401A9
:1078F000000000861FC00100006000000080000042
:10790000584004011800050080080000090000002C
:107910009100040080400C018C000C00000000006D
:107920001300220000000000000000000002050D0E
:107930001C2F42536269686053402E1F918220843D
:107940006745332212490200EC40070190382CAC05
:10795000000000005A10080AD007CA4A5110480017
:10796000F9541E804737414A1041020130194A0537
:1079700089BB400028410101FFFF0000304109019F
:10798000F15004430C010000E853FA000000080025
:1079900010161C22282E343A404621436587A90B35
:1079A0000000C0B4684103015A10080AD00741041E
:1079B000C1030000304202018993A30F5EC25D0E35
:1079C000A080020170780300D0000000A88001119F
:1079D000F0010000A88001310542CB01AC8001110B
:1079E000F0010000AC800131053EFD00FFFFFFFF0C
:1079F00003020000FC1F0103B07702003C400100BD
:107A00000000000048400100A007000050400100B5
:107A1000000000005C4002000000000000000000C8
:107A2000B4400100FF4C000054C001000A2D09E6DB
:107A300020400401000000061FC00000006000009C
:107A400000D03200584004016402FF0080080000AA
:107A5000010000001100080080400C010804000033
:107A600000000000D9032200000000000000000018
:107A70000102071121374B5A6769625440291505E5
:107A800000008020434433332392A424EC400701B8
:107A900090382CAC00000000640483078813C83AB7
:107AA0009D200A00016120804737414A10410201B0
:107AB0002A144A0289BBC00A28410101FFFF0000C5
:107AC000304109016406660C0C010000E853FA001D
:107AD0000000080012181E242A30363C4248214378
:107AE0006587A90B0000E0C46841030164048307B3
:107AF00088138200C10800003042020145966B10D5
:107B00005C22670EA080020170780300D5C00000DF
:107B1000A8800111F0010000A88001310542CB01CD
:107B2000AC800111F0010000AC80013105228D0014
:107B3000FFFFFFFF03030000FC1F010304780200A6
:107B40003C400100100000004840010020070000F8
:107B500050400100000400005C4002000D0F0000D6
:107B600001010000B440010003C0010054C0010045
:107B70000E2D09E620400401300000461FC8010018
:107B8000002000100080000058400401180005008B
:107B9000400800000900000092000A0080400C012B
:107BA0008C002C0200000000120012005B808C1B75
:107BB000000000000002050E1C2F4353626968613B
:107BC0005543320416E4B8C68A674533224A920404
:107BD000EC40070180B0B18C000000006404830712
:107BE0008813C83A9C200A0001612080B7563512DC
:107BF00010410201A01B042908884000284101010E
:107C000000000000304109016406660C0C01000010
:107C10004CD4E83B04196F30080E141A20262C327D
:107C2000383E10325476980A1D5F00006841030107
:107C300064048307881382000000000030420201C0
:107C4000000000000008000EA08002017038030050
:107C5000D0000000A8800111F0010000A8800131CF
:107C6000055AFD01AC800111F0010000AC8001312A
:107C7000053EFD00FFFFFFFF03040000FC1F0103A2
:107C8000587802003C40010010000000484001000C
:107C90002017000050400100010400005C40020079
:107CA0000D0F000001010000B440010003C00100FD
:107CB00054C001000E2D09E62040040130000046AA
:107CC0001FC801000020001000800000584004017F
:107CD00018000500400800000900000092000A009A
:107CE00080400C018C002C020000000012001200E9
:107CF0005B808C1B000000000002050E1C2F43530C
:107D0000626968615543320416E4B8C68A67453330
:107D1000224A9204EC40070180B0B18C00000000C0
:107D2000640483078813C83A9C200A0001612080FC
:107D3000B756351210410201A01B042908884000E3
:107D40002841010100000000304109016406660C71
:107D50000C0100004CD4E83B04196F300A10161CCB
:107D600022282E343A4010325476980A1D5F80A49F
:107D70006841030164048307881382000000000047
:107D800030420201000000000008000EA080020145
:107D900070380300D0000000A8800111F00100003D
:107DA000A8800131055AFD01AC800111F0010000ED
:107DB000AC800131053EFD00FFFFFFFFB0780200FF
:107DC000809C2B8F80841E00000000002700FF7F16
:107DD000A441002000000000AC7802000000000078
:107DE000F4790200809C2B8F80841E00000000002C
:107DF0002200FF7FA441002000000000F079020073
:107E000000000000F4790200809C2B8F80841E000B
:107E1000000023002300B600A44100200000000061
:107E2000F079020000000000F4790200809C2B8FA2
:107E300080841E000000240024009D00A441002036
:107E400000000000F079020000000000F479020058
:107E5000809C2B8F80841E000000250025007D0063
:107E6000A441002000000000F079020000000000A2
:107E7000F4790200809C2B8F80841E000000260075
:107E800026005300A441002000000000F079020009
:107E900000000000F4790200809C2B8F80841E007B
:107EA000000027002700FF7FA44100200000000001
:107EB000F079020000000000387B0200809C2B8FCC
:107EC00080841E00000000002700FF7FA4410020E6
:107ED00000000000347B0200000000007C7C0200F7
:107EE000809C2B8F80841E00000000002700FF7FF5
:107EF000A441002000000000787C02000000000087
:107F00000C400200018101000041000020400200FD
:107F100000000000010000003040030000000000ED
:107F200000000000000000004040020000000000CF
:107F300000000000A840010007000000B840030056
:107F4000FF4C0000FF4D0000FF4D000008C0010085
:107F5000000000001CC0011000F807001CC0013028
:107F6000F502080020C00110FF00000020C0013011
:107F70000013000024C00400EC80B3034375A80282
:107F8000000000002E02000050C001008741300CAC
:107F900058C0020054060708D1B6020064C00800A9
:107FA0000430000040201006C8F248181FE8F60010
:107FB000BD4B721511A3180510325476980A0000B3
:107FC00088C001000000000008000101080700004F
:107FD00018000101AAAAAA00200001010060DA002D
:107FE0001C400101100000003040030100000003AC
:107FF0000000000000000000684002012941767185
:1080000000000000E040020133000000000000001A
:108010000C410101B855120024410101000000008B
:1080200054410501010000000000000000000000B4
:1080300000000000000000003842020100000000C3
:108040000000000044420101000000001080010116
:1080500003000000388002011149100001000000F7
:108060009C800101EB400200B0800201000300028D
:108070003700000188000202000C00044C000000E0
:108080009400010200040000D4000102900296084E
:10809000E40001023D09420418010102600051029E
:1080A000FFFFFFFF000000000000000000000000D4
:1080B0000000000050C300007C150000DC0500003B
:1080C000DC050000193F0106041001000001010653
:1080D00000102700000C000000000000000000005D
:1080E000140000006666660000000000286F0200B1
:1080F000A480020000000000001A9A00005A6202E8
:1081000080841E000420FE0011495002000000007F
:10811000000000000000000000000000000000005F
:10812000B1841E00000000000000000000000000FC
:1081300000000000140000006666660000000000F9
:10814000C4800200B48002000000000000478600E6
:10815000005A620280841E00010100001149500291
:10816000000000000000000000000000000000000F
:108170000000000041841E0000000000000000001C
:1081800000000000000000001400000066666600A9
:1081900000000000286F0200186F0200000C0000B1
:1081A000001A9A00005A620280841E000420000017
:1081B0001149500200000000000000000000000013
:1081C0000000000000000000B1841E00000000005C
:1081D000000000000000000000000000FC1F010380
:1081E000348102000C4002000CB11100004100007B
:1081F000304004002508000000010000FF000000DE
:1082000001030100504001000B0000005C4002002F
:108210000F0D000001010000B44004000140000007
:10822000FF0C000001410000FF0D00001CC0011008
:1082300000F807001CC00130F502080020C0011042
:10824000FF00000020C001300013000050C00100FA
:108250008741300C080001010E17000018000101D1
:10826000FFFFFFFF200001012083B8ED1C40080143
:1082700010000000000000041FC0010000300000DA
:1082800000100A00000000030000000000000000D1
:10829000584006016402FF00410800000100000090
:1082A000120008007C4E78AB0000000080400C01FA
:1082B0003200AC0800000000DF032A0000000000CC
:1082C000000000000102071121374B5A6769625410
:1082D0004029150500008020434433332392A42411
:1082E000EC40050190A8578B000000006404830750
:1082F0008813C83A9C200A002441020100000000B3
:10830000000000003C410B010000000000000000E4
:10831000000000000000000000000000000000005D
:10832000000000000000000000000000000000004D
:10833000000000003C42010100000000FFFFFFFFC1
:1083400003000000FC1F0103348102000C40020006
:108350000CB111000041000030400400250800006D
:1083600000010000FF000000140701005040010060
:108370000B0000005C4002000F0D00000101000036
:10838000B440040001400000FF0C00000141000067
:10839000FF0D00001CC0011000F807001CC00130D8
:1083A000F502080020C00110FF00000020C00130CD
:1083B0000013000050C001008741300C080001018B
:1083C0000E17000018000101FFFFFFFF2000010150
:1083D0002083B8ED1C4008011000000000000004DC
:1083E0001FC001000030000000100A000000000360
:1083F0000000000000000000584006016402FF0079
:1084000041080000010000001200080083B18754F9
:108410000000000080400C013200AC0800000000A9
:10842000DF032A0000000000000000000102071125
:1084300021374B5A67696254402915050000802096
:10844000434433332392A424EC40050190A8578B76
:1084500000000000640483078813C83A9C200A00C7
:108460002441020100000000000000003C410B011B
:1084700000000000000000000000000000000000FC
:1084800000000000000000000000000000000000EC
:108490000000000000000000000000003C4201015C
:1084A00000000000FFFFFFFFFC1F0103E08002004F
:1084B0000C400200018014007F40000030400400A6
:1084C00000000000000000000000000000000000AC
:1084D00050400100000000005C400200000000006D
:1084E00000000000A840010007000000B4400400A4
:1084F00000400000FF4C000000410000FF4D000064
:108500001CC0011000F807001CC001301402080054
:1085100020C00110FF00000020C001300043000017
:1085200050C0010087413004080001010407000029
:108530001800010100000000200001010884000073
:108540001C4008011000000020F91304070262001B
:108550003870000000000000000000030068010FF8
:1085600040B8244058400601FC0069004108000062
:1085700001000000B0070800A70000002F00000065
:1085800080400C012363E0119BC34A74F003000098
:1085900003800000BE0A00000101103050707F7F90
:1085A00000000000000000000000000000000000CB
:1085B00000000000EC4005017DA8D98B590B00009C
:1085C000640483078813C83A90200A0024410201FA
:1085D00000000000001E00003C410B0100148C0054
:1085E000141A21282E343B42495043557698BA0C30
:1085F00028690000010000000721286414171A00F0
:108600002004C869A1203A093C4201012900000068
:10861000FFFFFFFF05020000FC1F0103888102002D
:108620001CC0011000F807001CC00130F502080052
:1086300050C001008741300C2440060107C05200A1
:108640000000000000000000000000030000000027
:1086500000000000584001016402FF008040050155
:108660004B01A0089BC34A74F00300000000000007
:1086700000000000E040010133000000F040040170
:1086800000000000640483078813C83A9C200A0095
:1086900028410101031000003C410B0100000000D3
:1086A00000000000000000000000000000000000CA
:1086B00000000000010000000000000000000000B9
:1086C00000000000000000003C420101000000002A
:1086D000A080020170780300D5C00000A8800111BD
:1086E000F0010000A88001310542CB01AC800111EE
:1086F000F0010000AC80013105228D00B080010145
:1087000000030002FFFFFFFFA88402004063598FAF
:10871000404B4C000B000B001A00FF7F88410020EB
:1087200000000000E070020000000000DC81020098
:108730004063598F404B4C001B001B002A00FF7FF9
:10874000AC41002000000000408302000000000057
:10875000A88402004063598F404B4C000B000B0073
:108760001A00FF7F8841002000000000E070020036
:1087700000000000448302004063598F404B4C00CE
:108780001B001B002A00FF7FAC41002000000000FE
:1087900040830200000000002040020000000000B2
:1087A0000000000040400300000000000000000046
:1087B000A007000008C001000000000024C0040061
:1087C000EC80B3034375A802000000002E020000F5
:1087D00054C003000E2D09E654060708D1B6020066
:1087E00064C008000430000040201006C8F2481899
:1087F0001FE8F600BD4B721511A318051032547610
:10880000980A000088C0010000000000E04002015A
:108810003300000000000000004102010061200060
:10882000B75635120C410301F954120020300429C7
:1088300088BB4000304103016406660C0C01000057
:10884000E853FA0068410301640483078813820037
:108850000000000030420301000000000000000E94
:1088600000000000444201010000000010800101EE
:1088700003000000388002011149100001000000CF
:108880009C800301EB40020070780300D5C000001B
:10889000A8800111F0010000A88001310542CB0140
:1088A000AC800111F0010000AC80013105228D0087
:1088B000B0800201000300023700000188000202BC
:1088C000000C00044C0000009400010200040000B1
:1088D000D400010290029608E40001023D0942041E
:1088E0001801010260005102FFFFFFFF188602001D
:1088F0004063598F404B4C000B000B001A00FF7F68
:1089000088410020000000001486020000000000E2
:10891000007F020000000000BC7D0200010000009A
:108920000000000000F0490210890200007F0200F0
:1089300000000000E07D02000600000000000000D2
:1089400000F049022C890200007F020000000000B4
:10895000B87E0200010000000000000000F04902A3
:1089600048890200007F020000000000DC7E020057
:10897000010000000000000000F0490264890200CC
:1089800098870200000000005087020002000000EB
:108990000000000000F04902808902009887020070
:1089A0000000000008870200020000000000000034
:1089B00000F049029C890200BC8902001C7202007E
:1089C00000000000EC880200010000000000000030
:1089D00000F04902BC890200012C2066756E6374A8
:1089E000696F6E3A2000617373657274696F6E20EF
:1089F00022257322206661696C65643A2066696C81
:108A00006520222573222C206C696E652025642543
:108A10007325730A00232D302B2000686C4C0065F1
:108A2000666745464700303132333435363738399A
:108A300041424344454600303132333435363738CD
:108A40003961626364656600554E444546494E454A
:108A500044004145532D3235362D43434D2A2D4E8A
:108A60004F2D544147004145532D3139322D434359
:108A70004D2A2D4E4F2D544147004145532D313243
:108A8000382D43434D2A2D4E4F2D5441470041452B
:108A9000532D3235362D43434D004145532D313949
:108AA000322D43434D004145532D3132382D434340
:108AB0004D004145532D3235362D47434D0041453C
:108AC000532D3139322D47434D004145532D31321D
:108AD000382D47434D004145532D3235362D434205
:108AE00043004145532D3139322D43424300414526
:108AF000532D3132382D434243004145532D3235F9
:108B0000362D454342004145532D3139322D4543E1
:108B100042004145532D3132382D45434200656EA8
:108B200061626C650064697361626C6500666169AD
:108B30006C65640D0A737461747573202523780D58
:108B40000A0073746172740073746F700066616CF4
:108B500073650075696E7431365F74206F743A3ACC
:108B60005370696E656C3A3A4275666665723A3A58
:108B700047657444697374616E636528636F6E73CF
:108B8000742075696E74385F742A2C20636F6E735D
:108B9000742075696E74385F742A2C20446972657C
:108BA0006374696F6E2920636F6E7374002F6F702A
:108BB000742F73696C6162732F73646B732F7369A5
:108BC0006D706C69636974795F73646B5F323032A6
:108BD000362E362E312F6F70656E74687265616443
:108BE0005F737461636B2F7574696C2F746869723D
:108BF000645F70617274792F6F70656E74687265EE
:108C000061642F7372632F6C69622F7370696E6574
:108C10006C2F7370696E656C5F6275666665722E27
:108C2000637070002D6E007C205374617274436811
:108C3000207C20456E644368207C20546172676507
:108C400074506F776572207C2041637475616C503D
:108C50006F776572207C20526177506F7765725311
:108C6000657474696E67207C0D0A2B2D2D2D2D2DBA
:108C70002D2D2D2D2B2D2D2D2D2D2D2D2B2D2D2D28
:108C80002D2D2D2D2D2D2D2D2D2D2B2D2D2D2D2D16
:108C90002D2D2D2D2D2D2D2D2B2D2D2D2D2D2D2D06
:108CA0002D2D2D2D2D2D2D2D2D2D2B0D0A00FFFFC2
:108CB000FFFFFFFFFFFF002C20002573203D203029
:108CC000782530386C7825730075696E74385F7458
:108CD0002A206F743A3A5370696E656C3A3A42755D
:108CE000666665723A3A4765745570646174656486
:108CF0004275665074722875696E74385F742A2CD8
:108D00002075696E7431365F742C20446972656316
:108D100074696F6E2920636F6E7374006E756D5386
:108D200065676D656E7473203C3D206B4D617853B3
:108D300065676D656E74730075696E7431365F7446
:108D4000206F743A3A5370696E656C3A3A427566B0
:108D50006665723A3A4F75744672616D654765741F
:108D60004C656E6774682829006D57726974654494
:108D70006972656374696F6E20213D206B556E6B5F
:108D80006E6F776E006F744572726F72206F743AF7
:108D90003A5370696E656C3A3A4275666665723A26
:108DA0003A496E4672616D65417070656E642875F2
:108DB000696E74385F742900656E61626C65640069
:108DC00064697361626C6564006661696C65643ACC
:108DD00020636F6D6D616E6420737472696E6720BD
:108DE000636F6E7461696E7320746F6F206D616E56
:108DF0007920617267756D656E74730D0A00726318
:108E00007000646961676E6F7374696373206D6F5E
:108E100064652069732025730D0A00646961676EBB
:108E20006F7374696373206D6F6465206973206468
:108E3000697361626C65640D0A00616464722D6D12
:108E400061746368006175746F2D61636B006469A0
:108E50006167206665617475726520272573272018
:108E60006973206E6F7420737570706F72746564AF
:108E70000D0A006661696C65643A20636F6D6D610F
:108E80006E6420737472696E6720746F6F206C6FEC
:108E90006E670D0A0030006F744572726F72207237
:108EA0006164696F5363686564756C655278287591
:108EB000696E74385F742C2075696E7433325F7418
:108EC0002C2075696E7433325F7429002F6F7074B3
:108ED0002F73696C6162732F73646B732F73696D89
:108EE000706C69636974795F73646B5F32303236BA
:108EF0002E362E312F6F70656E7468726561642F27
:108F0000706C6174666F726D2D61627374726163EF
:108F100074696F6E2F65667233322F726164696F88
:108F20002E637070006765740025640D0A00736518
:108F300074006D6F646500696E0D0A006F75740DC5
:108F40000A00696E006F7574006368616E6E656C0F
:108F5000006377006563686F006770696F00706F0A
:108F600077657200706F77657273657474696E6788
:108F70007300726177706F77657273657474696E70
:108F8000670073747265616D0025303278006F740C
:108F90004572726F72206F743A3A5370696E656CE5
:108FA0003A3A4275666665723A3A4F75744672612E
:108FB0006D6552656D6F766528290073496E73740F
:108FC000616E6365002F73646B323032362D6669D3
:108FD000726D776172652F736F757263652F617043
:108FE000702E6300B5C70100FDC70100A9C70100CD
:108FF00009C80100F1C70100634A0200A14A02004A
:10900000C34A0200E54A0200074B02003DD70100B7
:10901000EDD60100F9D60100EDD701004B4D02005D
:109020006146020065460200694602006D46020084
:109030007146020000000000A8010000282F002057
:10904000FFFFFFFFFFFFFFFFFFFFFFFFFFFFFFFF30
:10905000FFFFFFFFFFFFFFFFFFFFFFFFFFFFFFFF20
:1090600000021000303B0020D03000200000020839
:1090700000000000FFFFFFFFFFFFFFFFFFFFFFFFFC
:1090800000000000000000000000000000000000E0
:109090000000000000000000C5D40100A9D40100B8
:1090A000151B0200491C0200E11B020020C001B890
:1090B00000000001000001010001010100000000AA
:1090C00000000000010100033F000000FFFFFFFF60
:1090D000FFFFFFFFFFFFFFFFFFFFFFFFFFFFFFFFA0
:1090E000FFFFFFFFFFFFFFFFFFFFFFFF0001020287
:1090F0000303040506080C0C0C0001020304070717
:10910000C8C8C8C8C8C8C8C8C8C8C8C803040408EC
:109110000808080800B801B802B800B00304040841
:109120000805000000000000000000000000000032
:1091300000000000E706000048703E0F4470000E7B
:1091400030707013029890173870260F34704C0FDF
:1091500030703A102C703A102870C2112470DA1155
:109160002070300F1C7082121870FE1214702C0FB9
:10917000B110086001D80A7104B87F78020C7E78BB
:10918000641000C6881F00A01DB8707803B0186076
:109190000F3027B30F330111C0480698760229B06B
:1091A000086001D8087109DD047109BB111016604F
:1091B000A048086004100112FF3221500860D04816
:1091C0000860008806982E1400C4441F00A000BA4E
:1091D00003DF107109DF0672029828031DB850786A
:1091E00000A04413281441158110086002D814719E
:1091F00010880698121900C014C000B80698781B91
:10920000009106988C020160B83020D806711EBC0F
:10921000637C784D5412F03240DE0472404804DB27
:1092200008720DDD0C72044BEF3014480698E4040C
:1092300000C4E04000544412086201322140087C1E
:10924000811140D91C72B1123032CF4A013AB1DAE1
:10925000107208D8067104D80871804C237C5070B5
:10926000684C441200C4A41E00A04414413AF324E4
:109270000164415C412A047580B800C46040005418
:1092800081D8307140D90472237C084B0698E404DD
:1092900004BA1CB9767900C1204001B8357906B905
:1092A00006A901D8067102980A02804C307C029807
:1092B0005E0208D86A7100C1544000B8141110D978
:1092C0005E71584C441280BDA26DFF25784C44124B
:1092D000FC22513A2814104C00C20CC101B82412CF
:1092E0002814086228140862281408622814304CD4
:1092F000304C00C11C4000B814111814086100C59E
:10930000284001B85415FF35047110491814B04CA9
:10931000441208620132067102980401804C08D898
:109320000C7107BA24D8047106BA187004D80C71ED
:1093300001BA40D80E7102BA0A7005BA20D8047278
:1093400003BA204C4411C04C181408611814911130
:10935000383111429111186110D90472EF3200C1F5
:10936000084001B8141110311E6111422814A111D6
:109370000861181406985E1B181400C1084001B853
:1093800014111861FF31181400C1448001B8141180
:109390001814086118143088024806988603009350
:1093A00008DB047101F800A027B00F3000A010887E
:1093B000B111186180D90A7100C1884000B8081144
:1093C000009100A000C4684000B8441000A000C094
:1093D0008840005004118261041082601050F072C5
:1093E00000A05415504512710698F40406988404A0
:1093F00007B8707802B8417800C220C001B82412C2
:1094000006981C1900C5481F00A05415511400C32C
:10941000FF010000313D09647F340698960201582F
:1094200051280475015841280E758111086102D92F
:109430000472FF0FCC7007B8727800F8EBBD00C063
:10944000441F00A00411113D10D91271FF3318639D
:1094500000C1781002B8381107B97479581000A00B
:1094600006988C020D300472044809DC0472084826
:1094700000C11CC101B8141100C3D01E00A0911579
:1094800004351A7218131CBB08D804716C7B04D8FD
:1094900004716A7B1DBB2F7C5B7B1670044B181319
:1094A0001CBB08D804716F7B04D804716D7B217CD0
:1094B0000C300260069870040698B60B00B8B11123
:1094C000186140D9067202984A0401BC00C20840E3
:1094D00001B800DC0A7124150265604A0A702C4A42
:1094E000241508654C4A043508D90471202400C1AC
:1094F0003C1F00A0141200DC327120D8067101B8A4
:109500000C70F0DA0C720CDB087102B80698780463
:10951000482400C3384101B834138F7B0E7102B95F
:10952000911308DB047203B928707C4914111110DF
:10953000FD300DDC1C7200C0A01E00A0041080D8FD
:10954000107100C0448001B80410E5200475804902
:1095500000C3884000B8FFB80120114108710141E3
:1095600018130824014200C1284000B81411014119
:109570001C655141911520351E6551411813281362
:10958000481300C3844000B8341003D81671073064
:1095900005DC1071B1108F780A7200C384C40350C7
:1095A000217B1DB8507800B800C13C1F00A01412E8
:1095B0001C602150F0300152281100A040240764A3
:1095C00000C0FFFF0100013C17B0022001584028F5
:1095D000067518AC01EC00A0208800C020C001B8BE
:1095E000041217B4211304123052F8711964402484
:1095F00000C35C1F00A0341014110698E80D196117
:10960000009211592129067600BB11590698C80D00
:109610008762313B0472215A412A00A000C268606F
:1096200000B8B8B91F610D49181200A0308801B9FF
:10963000116100C30000C0FF3110312800BC002DB3
:109640000C75115418AC01EC312DF47019645113E0
:109650004155312C009300A000C3C00FFEFF50B253
:10966000313A014250AA00A006983007FFB0867830
:1096700008715CB86B786E7800C2548001B800C085
:10968000D81F00A004100812B822217A237A52B8F9
:10969000417801B80C6021A809B819604CA800C035
:1096A000FFD1C1FF4FB2013A00C0002E300001428D
:1096B0004FAA24B86E78ACB9FFB004D804714CB985
:1096C00023A906989A0500C013900100069820056A
:1096D00000A00698F40419B81460FFB28C620F322F
:1096E000826A21400698200549BC21B952B849B286
:1096F00007DE2A7105DE0871627C607C1D0C6179D1
:10970000677864786B786278657863786078617C74
:10971000010C010C6878020C69786C78020C00C2AC
:109720002C8001B8277A287A267A6A78050C417944
:109730000A0CB11040D806710298AC06784A2B7A10
:10974000327A584A247A00C400011100404A00C00D
:10975000108400000812508800C584100100FBAD81
:1097600010BD01BB8A6B21B9FAA9C44A1812217A2B
:10977000227A00C0341F00A00410FCA882644110AB
:1097800030300129F9A9F8ADFBB08260FBA80330A5
:10979000A0652110044820EC237A0410037A184AAB
:1097A0002411DC4A01580029241004753150F8B105
:1097B000115081632A71514031400812FCB184611B
:1097C000FCA90F310E7117B0112817B111591028CB
:1097D000FA76C44AF9B11812217A227AA07000955B
:1097E0000812F8A800C20C8001B8207A844A00B898
:1097F0000812020CA44A087A020C21B84178784A6F
:109800000B7A127A00C2C81F00A0FFB008D80472F9
:10981000184A241000DC0A7140A80422241041A830
:109820000698960200C2481F00A02410015100C4EF
:10983000FF01000041391150081200A006983007BE
:1098400000BC00C20C8001B8217A52B84978020CE1
:109850004878020C49B8417852AC21AC204A087AC9
:10986000067A077A49AC00A059B840785AB101D9B4
:10987000FC72427857B8407858B101D9FC724278EE
:1098800000A000C20C8001B8217A227A21B8547855
:1098900052B8BC4A24119979127107B915614CA9C3
:1098A000617800BB03BC0C64147009B919614CA940
:1098B000417801BB126300C4002E300000C0FFD10C
:1098C000C1FF4FB1013941414FA9E44AC8B808125C
:1098D00024AB4CB823A806989A0500C00490010058
:1098E000FFB18679047108480698200500C08009F8
:1098F000004040A809B8FFB108D9047103B853A8C3
:10990000B11004D80C7156BB607B57BA627A607A8A
:1099100002D80C7156BB607B59BA627A607A04B87F
:109920006E783DB8607800C05638000000C1B08045
:1099300001B814119979087200C0D604000000C162
:1099400024C000B814119F79047208484CA82EB89E
:10995000FFB108D906714AA804704BA80FB834A803
:1099600000C00C5E000046B2014246AA00C12C4075
:1099700001B8141108610631087100B90698421146
:1099800006983414B11101D90E710698841B02D9BE
:1099900006720698920C06982E14511406988404A8
:1099A00006981C1106985A1700A00698441701D86B
:1099B0000A711CB85B7807B8757800B84CA84AA83B
:1099C0004BA800C0F321FFFF46B1013946A904B8F6
:1099D0006F7800A0FABC1964415C512C00C0581F7C
:1099E00000A00410012C06750698840406986A0FDE
:1099F000B110186005D8327140BA0698041404B842
:109A00006578911004D816711CB86E7800C0684053
:109A100000B8217806986A1101400A721DB8427890
:109A2000069840140298500B1DB8717804B86C78F1
:109A300041B8427863784478FFB104D9067202983D
:109A4000BC0900C004900100FFB186790471084888
:109A50000698200500C32C1F00A000C274C000B8E7
:109A60002414481300BC48121C4B1C4A24144813ED
:109A700000BC4812084B584A2414481301BC481231
:109A80004ABA447A427A4BBA447A427AFFB086782C
:109A90000472617A4CBA647A657A3DBA607A4DB9DB
:109AA00042B83FBB5B7966796179020C6479050C39
:109AB00063796079050C627965795A7900C234015D
:109AC00002B8241305B819603140081242B86A7808
:109AD000020C4A78020C40BCFFB208DA06714ABA9E
:109AE00006704BBA627A657A677A667A6A79667BBB
:109AF0000298960A00C32C1F00A000C274C000B8D0
:109B0000241448131C4B1C4A241448133FBC48120D
:109B10001C4A00BC4812084B444A2414481301BC98
:109B200048124ABA647A627A4BBA647A627AFFB3AC
:109B3000867B0472617A4CBA647A657A3DBA607A3F
:109B400001D94E71647800C1708001B800C08000F6
:109B5000080008110698780B42B861784DB97F79F2
:109B60007E796A7868786278020C7B790F0C7A7952
:109B7000140C7479417860787579050CFFB208DAB5
:109B800006714AB804704BB8657801BC1664407021
:109B900002D93C710698780B42B84DB96878407884
:109BA00041787F797E797B790F0C7A79140CFFB23A
:109BB00008DA087171794ABA067070794BBA72790D
:109BC000657A6A78020C4A78050C01BC1664020CAE
:109BD000417940790C0C00C04C0102B8481006983D
:109BE000E40400C4784000B8007C00C0A01E00A0BF
:109BF000041180D93271911104D92C727F20212057
:109C00000411FD310DDD207200C0448001B8041143
:109C1000E521147600C0244001B804118A79087146
:109C2000207C104C207C2AB86278511400C0581F48
:109C300000A00410012C17B00111876801584128B9
:109C40000E7605218769415C412D112D067006981D
:109C5000840442B84DBB7C7B6478020C29B86878D8
:109C60005114404406750698840442B844782AB8D2
:109C70004278FFB101D90C7100C1548001B8CBB852
:109C80000811911004D8147100C0A01E00A0041087
:109C900080D8067107B8537800F807B800C1CC1E09
:109CA00000A000C220C001B824122811777800F863
:109CB000B1109478387106989602E4B911591128B8
:109CC000067600B80C70A0B9115901290475A0B826
:109CD000826000C3C01F00A03413012B341000C3E6
:109CE000FFFF00FF42B13139114042A800A01DB072
:109CF0009178FA7142B86478020C00BA29AA00C4BB
:109D0000548001B842B84DB900C3C04001B8341303
:109D1000977B047240EC020C44785C7953AA0A0CDD
:109D2000281442B84DB9FFB301DB2671244C00C39F
:109D3000FF0FFF0138145479407841785579020CAF
:109D40005B795A79140C5F795E794A78427834707D
:109D500002DB1471527951795079020C5B795A798E
:109D60005F795E791E7004DB1A7100C4FF07000082
:109D700000C3342102B848133FBB467B020C5B7919
:109D80005A793DBB407B4CBB447B457B00C3301FB5
:109D900000A03414403C207100C068C000B84810D6
:109DA00028131C4B1C48341448102813144B4448E7
:109DB0003414481028134AAA4BAA04B86D781DB869
:109DC00051785CB84B784E7800A000C074C000B8E1
:109DD0000411108800B9181068480411108801B9DE
:109DE0000B6118102C4804111088008800C1231C36
:109DF000000018104AB864784BB86478260C28B074
:109E000000C1FFFF0FF0113871B90B61114028A894
:109E100028B97379747900C21010303045AA54798A
:109E20000E0C00C0E84001B8041100C23030101020
:109E300045AA0E0C0410008810880698540D009155
:109E4000009020888F618F600698540D0090886A7A
:109E500021400112906A035800C13F3F00001138B1
:109E6000FFBC022441281138014245AA28B9537980
:109E70004AB844784BB8447800900091181000918B
:109E80002C48181000916848181000A09168436091
:109E900091694361115B012B112841603128315BCD
:109EA00000BA302806763128204A416330280676E9
:109EB0003128104A4163302806763128084A416328
:109EC000302806763128044A416330280676312846
:109ED000024A416330280476014A00A0115910D982
:109EE00006710860086008D90471086004D904711B
:109EF000046002D90471026001D90471016000A0FC
:109F000000BA01D806710148112A1F61016001D809
:109F1000F6720138F67200A000C220C001B8241207
:109F200011592129127300210E7100C238C001B8E5
:109F300024120121212900A002B020D8147100C0F0
:109F4000B01E00A0041002B9457906986813EA70A3
:109F500003B09F78087200B806A800F8069830078A
:109F600000C5641F00A05088044D1CBC00C0B41E76
:109F700000A0811101D91E71407C009501150C4D86
:109F80005088044DFFBB1863315B04110698E00D47
:109F90003129F87506985A1A54150698841B01D968
:109FA000087206984A0706700698E6071CBB547BA1
:109FB0000698441701D8067202980C0FFFB90121C8
:109FC0001038F67281129B7AF07100C2448001B899
:109FD000241400C0C01E00A00410011300200410AF
:109FE00040500C7200B906981A0F18B90A7018B9C7
:109FF00006981A0F00B900B80698100F704A08B8F2
:10A000000698100F00C2284000B814B80698100F28
:10A0100000C2EC4001B80CB80698100F202210B80E
:10A020000698100F1088308806984A070093009110
:10A0300006981A0F00C0C41E00A00412FFB9012127
:10A0400021411810009500F8312811280410081239
:10A0500000A004B831281128F8B1181000A0069803
:10A0600072080E700698B60B06987208069864126D
:10A07000069804079112211900C02C4001B80A78F3
:10A08000097800F810B901BA0698FA1306981C115D
:10A0900006985A1700C5641F00A081109D78FC72B5
:10A0A00000F8911203321CB900C3A01E00A03413A3
:10A0B00000C4B04000541DB84278707903DE0671C8
:10A0C00044783A707179A11020D806710298461030
:10A0D00080DB1C7102D8187205B80814A11010306A
:10A0E0000248081400B808149110086008141DB83C
:10A0F0006278A11000DC0676517900BA0698441700
:10A1000001D82272911120311D61911004D80E7274
:10A1100000C1501F00A0141101D90A7120880698AF
:10A120004211009200C1204000B801DB1871084CB8
:10A1300003DE0471904C441400C3FF1F0000413B38
:10A14000FF233811944900C3384101B83413086320
:10A1500080DB0C7103BA186206982E100870186222
:10A1600006982E100C49087909791410214008111D
:10A1700000A000BD0698700210B903DC047100B99C
:10A1800001BA0698FA1302D9067100404E7203B163
:10A1900018610F3106986A11FFD82872811008D80B
:10A1A000187106DD0A710698700203DC0C720698BD
:10A1B000AE11069840140C7006DD10710698B411AB
:10A1C000487020B804A806DD107206987208069838
:10A1D000040701F840B804A800F800C0A01E00A0C1
:10A1E0000413086301DB2271911001111861113809
:10A1F0001DB910D8087144790298461002DBFA7232
:10A20000A11328DBF47203BD06981011069872089A
:10A210001DBA7F7A0698E40400C5681F00A006985E
:10A22000700200BA03DC1672044DA11002D804714A
:10A230001C4D00C10CC101B80698A0045415212D75
:10A240000698300502989C0891100155033551502D
:10A25000011900A000C14C1F00A0141001D84271C8
:10A2600001480860FE200E75811020D8087100C1D9
:10A27000501F00A0141101D9287100C02C4001B852
:10A280000412215108610F3118611152281000C0C9
:10A29000084001B8041191122151203111522119A5
:10A2A00000A0811380DB067201B800A000C314C0B7
:10A2B00001B8341006302E726C4B34121C4B341023
:10A2C000186002302072811080D8DE713410014A8B
:10A2D00008620460803021508C480A717F234D232E
:10A2E0003410013000A000BD069810111CB847784A
:10A2F0004578437802B8447800A00698720806981A
:10A30000AE1100C5741F00A05415069830050298C0
:10A310009C08B1138F7B0A7200C384C40350017B75
:10A320000698341400C1384101B814118F790E71A8
:10A3300000C1B84000B800BA06982E1050BA06986E
:10A34000041406986A11FFD84A71911004D8487213
:10A35000811008601CD8407220D938721112FF3267
:10A360002151347180218021111400C0D81E00A019
:10A370000413FFBA3151113A215111531DB938104C
:10A380007B7940440E7200B900C2AC1E00A01812C6
:10A39000067004B8607806982E1400F800B900C260
:10A3A000A44000541812644A0AB918121CBA507A10
:10A3B000517A1DB942795F7900A00698700207DCD6
:10A3C0001072911000200A75069864120298580FB6
:10A3D0000698040701B9911004D8047100B910BAA5
:10A3E0000698FA1300BA0040347100C0A01E00A005
:10A3F0000411086101D9127104D9E2728110086058
:10A4000001D8DA711DB8647800C11CC101B8069882
:10A41000A00401B81160002A047600BA00C5781FB4
:10A4200000A05415212D0698641206984A0700C50D
:10A430007C1F00A000F800BC811108D9167280D9D9
:10A44000207201B910BA0698FA1300400E7101BCCF
:10A4500010700698AE110698401420B804A800F8B1
:10A460000698641281110231127100B900C21440C1
:10A4700000541812244A02B918120698AE1100C5E9
:10A48000801F00A054150698E21A02989C08041137
:10A49000012114711CBA737A0420041228110420BB
:10A4A00004110121F47200A00698E40400B8011A16
:10A4B00001F80698441701D81671FFB90121103828
:10A4C0000E7281109B78087104B9677900F89110B9
:10A4D00010D8287100C51CC101B854110698E00DB0
:10A4E00000C5C81E00A054155129EA7507B8767832
:10A4F0001DB8447801B804A800F8B110186010D84D
:10A500002E7100C05040005400C3084000B8311400
:10A51000984C44113411086101D9FA714412281081
:10A52000086228100862281008622810E870029853
:10A53000AA0206988C02113804721E6202BB00C186
:10A54000D81E00A0141120390C72911210DA067274
:10A55000417B00A00698341400C2A01E00A0241263
:10A5600020DA0472617B1CBA527A00A01CBA727A9B
:10A57000811204DAFC7200A01CB86B7800C068403D
:10A5800000B82F7800A00698441701D83A7100C28D
:10A590002C4001B824100360911120310151383151
:10A5A00011501D6008121DB9457900C2448001B8E0
:10A5B000241200C0C01E00A00410182000200410A7
:10A5C00020500471657910631EB9637900B902ECFB
:10A5D00000CD114502EC00CC01DB087100BB0298F4
:10A5E000C81803B841110731FA211C7606219112CF
:10A5F00010DA087102DD10721E7020B80698A40DE2
:10A600003038147208B80698700400C02C4000B8A6
:10A610002978207800F8056020D806710298021683
:10A6200002EC00CA05B823DA187104DBDA7120DA0B
:10A63000D67110DAD2721EB8617800B801DA0672EB
:10A6400002EC00C8911110D9267100C1B81E00A0FB
:10A6500014111150FF300C720761A110115002301B
:10A660000A7180DB0A720AB89E701DB97C79186085
:10A67000911111402111C031114001191EB8411131
:10A6800008D90471667820D904726578A11002D8BF
:10A690000672C0DA1E711EB8273123DD087210DB86
:10A6A0001072607825DD0A7121DD087208DB047103
:10A6B000627803B8411107310872A1152035AA71DB
:10A6C00002DD2072A11120D9A07102D91672CCDA54
:10A6D0009872411140D9927206B8054D5A7202988B
:10A6E000A41421114049C0D94C71A0314115403505
:10A6F000026551410461086308DA1E7204DA367299
:10A700001049A1150235067110DB0E7201340A7171
:10A7100008DB22711EB86778CC3211101A300ADCBF
:10A720000872CCDE0471FD3100C00D0F0C0D2160EC
:10A7300001D85C7207B80298CE1400BA411108D94A
:10A740000C7102EC00CA05B830DAEC720734F03153
:10A75000036101DA0471014900C0F300A3E3216041
:10A7600001D8D27100C09814406821604030014483
:10A7700040DA0471204C04320262204A1110063083
:10A780001F60014218311D6111420298EC14204AE9
:10A7900000C0051708502160113001422088FFBB1E
:10A7A0000DDA507100C1DE1B250180BC04DA107285
:10A7B00008DA0A7200C120841000E024A024086393
:10A7C0004143026401DA06711E49024B00C0201F9A
:10A7D00000A008633810BC2002DA127101B91159C7
:10A7E000A11380DB087100C100FCFF011810029862
:10A7F000541800C4A01E00A0441080D87C710092A0
:10A80000D0DA06710DDA0C711EBD437DEFBD0698DE
:10A81000060304620DDA8672A11105D95C7100C2CB
:10A820004040005424121424281401D9067202D97D
:10A83000327140D91E7102EC00CA21101832047125
:10A84000FA2220D804720822FE22087502EC00C801
:10A85000F87001D90E7102EC00C802D9067204DC4E
:10A86000187200C0A01E00A004101D6001D806715F
:10A870001EB8647807B873780298C81800C0A01E84
:10A8800000A0041080300A7100C0C41E00A0041093
:10A8900000A00698441701D82E71911010D8287284
:10A8A0008110A0D8227203B084781C7200C12C40A1
:10A8B00001B814100DBA487A697A6B7A08111CB87D
:10A8C0007B7807B8757800A0641000C6881F00A0C8
:10A8D000C3B80698760200C4441F00A014BA281416
:10A8E000B1108F780A7200C084C4035001789110AF
:10A8F0001030011905BA0698041402D9067101B87E
:10A9000004A800C0A01E00A004130698561180DB06
:10A91000067102984E141DBA7C7A01DB6A7100C27E
:10A92000241F00A024111114FF3402EC00C8FF24DE
:10A93000FA7608610698B40D046111380F3004618D
:10A940001114011141100698B40D01D8087203B812
:10A950000298CE140C4A01DB227124101128112810
:10A96000041202300471106200C0FFFF00002138A1
:10A9700000C2204000B8FF2008124110086006986D
:10A98000B40D01D87C7120BC1033767100BB00C1BE
:10A99000201F00A01415C021112C511218620F3273
:10A9A0000E71408851140698EC18414300945112DE
:10A9B00008651C620F320E71411151140698EC1893
:10A9C0001C6441430865513B00C1DC1E00A014110A
:10A9D000111231100F30127100BA056101D80471E3
:10A9E000114201600FD8F472311003601E300472FE
:10A9F00001B8003A087204B80298CE140298BA1648
:10AA000000C0384101B804118F7914717F2069208A
:10AA100004110861303110DD06711DBA637A0698A1
:10AA2000040300F830885088FF34087102ECFF24DA
:10AA3000F87002EC00CD1410595001440421FF229B
:10AA4000F2720F4C0095009300A000C1A81E00A058
:10AA5000141100A030880698341B8111086102D9B6
:10AA600006720298F8191CBB557B086120D9067143
:10AA70000298E8190088A110186006981219082198
:10AA80001415FC251EBB5C7B5D7B00C1084001B832
:10AA900014110731FE21307608D82A725113FC2395
:10AAA000341304DB20711863FF33315B00C110C025
:10AAB00000B81411086180490C71FF3130295475B8
:10AAC0001EBB7B7B10707B7B7C7B00DD04717D7B00
:10AAD00001BB3815EC25541300DF5471042505DF44
:10AAE00054715415211120880698E00D00925129C7
:10AAF0003E7500C1084001B8141102DB0C7107312A
:10AB0000315B31292A760C7004DF0872016180D92B
:10AB10001E720698121900C010C000B80698781B63
:10AB2000069812191411FFD9607202983E1A00900B
:10AB3000009300A05415A111186110D9A672082520
:10AB400008D8A071082510D89A712088211106987C
:10AB5000E00DFC255412112AF82554110C2520D89B
:10AB60000871F02554111025202904762159181553
:10AB700000920298AA1907B97179811010D80A7148
:10AB80001CB8447802B841781CB9747904B9677963
:10AB900000F88110A0D808711CB9497900A008609C
:10ABA00002D8FA71069812191088069834141062A7
:10ABB00010DA087108211415F025541100C2002084
:10ABC000FEFF202912750698841B01D90A72069887
:10ABD00072080698040700941CBB41100C200698CC
:10ABE00056134111082114100698561331284411A8
:10ABF00011120861FF31FF320122105210721861E8
:10AC0000181404244413042438140C7018612141CE
:10AC100018140824081402982E144044147100C11A
:10AC2000AC1E00A0141551131C630FDB0C721965C8
:10AC30000698F404411500A000C3784000B834130E
:10AC4000807B0672069804070698341408BB5114DA
:10AC50000698A21A4415FC25541500C3784000B884
:10AC60003413807B047100A0029830051CB900C326
:10AC7000A01E00A03413086308DB1A718113A0DB47
:10AC80000671497910706979086302DB087204B9AA
:10AC9000677900F800A08111086102D910711CB910
:10ACA0007579069812191411FF3100A0FFB900A0A0
:10ACB000041008211411F421081100A08111106161
:10ACC00010310E710698121908211411F82114116F
:04ACD00000A00000E0
:08ACD400FCB5FD7F010000004A
:0CACDC00E8AC0200E03F0020A2000000F5
:10ACE800010000000000000000000000000000005B
:10ACF800000000000000000000000000000000004C
:10AD0800000000000000000000000000000000003B
:10AD1800000000000000000000000000000000002B
:10AD2800000000000000000000000000000000001B
:10AD3800EC40002000000000000100000F000F00A0
:10AD480000000000000000000000000000000000FB
:10AD580000000000000000000000000000000000EB
:10AD680000000000000000000000000000000000DB
:10AD780000000000000000000000000000000000CB
:10AD880000000000000000000000000000000000BB
:10AD980000000000000000000000000000000000AB
:10ADA800000000000000000000000000000000009B
:10ADB800000000000000000000000000000000008B
:10ADC800000000000000000000000000000000007B
:10ADD800000000000000000000000000000000006B
:10ADE800000000000000000001010101C36900002B
:10ADF80045C00000E36300005DBD0000D9670000A6
:10AE080065BC0000F36300002164000027640000B3
:10AE180079C100002D64000001000000030505B59C
:10AE28004001800000000000B5000000000001B5EE
:10AE3800000080000000000001000000C0EA2101BD
:10AE480000F04902FFFFFFFF00400B0000A00000D8
:10AE580090330020C8000000FE0000000000000041
:10AE6800E47402000100000000000000000000007F
:10AE78003C740200000000000E00000040000000CA
:10AE88003874020000000000FFFFFFFFFFFFFFFF14
:10AE9800407402003BFFC8000A002900200000009F
:10AEA800FFFFFFFFFFFFFFFFFFFFFFFFFFFFFFFFAA
:10AEB800FFFFFFFF0000000003000000D039002062
:10AEC800C441002000000000D0390020383A00209A
:10AED800A03A002000000000000000000000000070
:10AEE800000000000000000000000000000000005A
:10AEF800000000000000000000000000000000004A
:10AF08000000000000000000000000000000000039
:10AF1800FFFFFFFF0000000000000000FFFF00002F
:10AF280034900200DB470200FFFFFFFF414C0200A4
:10AF38003D4C0200FFFFFFFFFFFFFFFF454C0200F3
:10AF4800FFFFFFFF9D0F020004F8FFFF0D00000048
:10AF5800000001FF0D01FF405AB4FF0065700100B9
:08AF6800AD62000085620000EB
:04000003100032F7C0
:00000001FF
