S02B00002F73646B323032362D6669726D776172652F67656E6572617465642F636D616B655F6763632F62756F
S214004000C80A0020F732010001BB010005BB010011
S2140040107139010009BB010011BB0100F532010036
S214004020F5320100F5320100F5320100F5320100EB
S21400403015BB0100D4680200F5320100F5730100DB
S214004040F5320100F5320100F5320100316700005B
S214004050F5320100F5320100F5320100F5320100BB
S214004060F5320100F5320100436D0100F532010022
S21400407049C80000F5320100F5320100F5320100B2
S214004080F5320100F5320100F5320100F53201008B
S214004090F5320100CF3A0100F5320100F532010099
S2140040A0F53201005533010035330100F5320100C9
S2140040B0F5320100F5320100F532010075340200D8
S2140040C07F5402007B540200A52B02009554020088
S2140040D0835402003534020087540200F51A0200A9
S2140040E0B5340200F5320100F5320100F532010068
S2140040F0F5320100F5320100F5320100F53201001B
S214004100F5320100F5320100F5320100F53201000A
S214004110F5320100F5320100F5320100F5320100FA
S214004120F5320100F5320100F5320100F5320100EA
S208004130F53201005E
S21400414070B5104A104C114DE3695E0714D4082868
S21400415001D12B4213D103EA00068E4207D10B4A47
S2140041601A40002A14BF6FF00100002070BD013A0B
S214004170EAD16FF00200F9E74FF0FF30F6E76FF094
S2140041800100F3E78096980000000350020001004B
S214004190000000000000000000000000000000001A
S2140041A02DE98048B74BCBB05B691A0B03F03F0391
S2140041B0012B8DF8D8208DF8D93015D1B24B9A6DD9
S2140041C0D50311D45A6B6FF3162242F4BC1242F494
S2140041D0A0625A631A6B22F4704242F440421A6399
S2140041E01A6B42F4E0621A63BDF8D830B3F5807FEC
S2140041F00CD14FF000531B68A44B1B68A44B1B68E4
S214004200A44B1B68A44B1B68A44B1B68A44AD2F89B
S214004210803043F00303C2F88030EFF3118330227E
S21400422082F311889F4D95F87D21002A40F077840F
S214004230012285F87D2183F31188BFF36F8F6FF01D
S21400424004035024984A994913F0800F03F10100A3
S21400425040F05D840B443D2883F800430346F3D1C9
S214004260934BD3F84C21140300F15F84D3F85041EC
S214004270E4B2904B904A93F90060904B26441A6043
S214004280874B86F308061B6F03F00703032B01D149
S21400429021F084FD13F0B6FA032842D045F60E034B
S2140042A00221794AC2F88030854B9962012103F5D4
S2140042B080539962936DD803FCD4824B8249136174
S2140042C0936903F0004343EA064343EA042343F0BA
S2140042D0407343F03C039361136A23F00D031362AB
S2140042E0936A23F0330343F001039362664A936DA7
S2140042F031EA0303FBD10221714B9962936D590099
S214004300FCD4136923F4700343F4001313614FF0D5
S21400431000426B4B9A61022203F580539A62012297
S2140043209A62634BD3F89840684B5A68012A00F0AB
S214004330038413F067FA042807D1654813F01AFAC5
S214004340574A136F43F480631367624A24F040733E
S214004350D16811F0060FFBD19168936090684340D6
S21400436013F4F81F05BF5C4B594A91601A6013F0AE
S21400437049FA042812D121F011FD13F0FBF90120AF
S21400438010F05CFF5549464A884294BF0020012041
S214004390136F23F4806343EA80231367444B504A29
S2140043A0D3F8C0303E4C23F040739360266F4848E5
S2140043B0C6F38026731C85F87E3113F0DBF9236F75
S2140043C043F480632367236F23F0070343F002035D
S2140043D0236721F0E3FC13F0CDF9236F324923F471
S2140043E0806343EA86232367236F23F4505343F402
S2140043F080632367D1F8FC2012F080721EBFD1F8CC
S214004400FC3023F08073C1F8FC30D4F8803023F001
S214004410030343F00203C4F8803032B1224AD2F8D4
S214004420FC3043F08073C2F8FC301D4BD3F82021DB
S21400443022F0070242F00102C3F82021D3F88021BF
S21400444022F0030242F00102C3F88021D3F8402193
S21400445022F0030242F00102C3F84021D3F86021A3
S21400446022F0030242F00102C3F86021D3F8402292
S21400447022F0030242F00102C3F84022D3F80022E1
S21400448030E000BF00C0075000C0005000400020D1
S2140044900080002000C00020000001200040012015
S2140044A000800050D819002000ED00E000E100E098
S2140044B00080E00F5033002000F049024041002009
S2140044C000D000502008B00B0300014000C001508F
S2140044D000B4C404000001503C41002080F0FA0201
S2140044E00040015A22F0070242F00102C3F80022FF
S2140044F0D3F8082222F0070242F00102C3F808228D
S214004500BB4A536A23F0010353624FF0E02213695B
S21400451043F004031361B74B5A6F42F001025A6727
S214004520DA6E22F03002DA66EFF31186302383F378
S214004530118895F87F31002B3ED14FF0B044AE4A3B
S2140045401360AE4A1360AE4A136063680BB111F095
S21400455023F801230021AB4A5360A160AA494B60AF
S2140045600223E3606023E3631F23936153614FF0EC
S214004570B0439A6A12F00802FBD11A625A685B6866
S2140045800BB111F009F801279F4C676011F004F891
S2140045904FF0B0434FF48062DF609C4BC3F880213D
S2140045A01A601220A76136A922F003F8369A984BB3
S2140045B01A60002A40F0C78286F31188BFF36F8F17
S2140045C012F0B6F8934A944CD2F8C030934E23F0CB
S2140045D0FF0343F0A003B4429149C2F8C03000F094
S2140045E0098326F01F03203BB3F1005F80F00383AE
S2140045F08C4B0A68874823F01F0343F00303C0F878
S2140046009820C0F89C30884B0132C0F8A0300A6071
S214004610BFF35F8F05267F4BC3F894605A6A42F457
S21400462080325A62BFF34F8FBFF36F8FBFF34F8F47
S214004630BFF36F8F7D4C7E4817F05DFAB4F85830A4
S214004640B4F85A10A26E01EB43010139342012F07F
S21400465032F804F16C0017F04EFAB4F85830B4F89B
S2140046605A10E26E01EB43010139072012F023F8DD
S21400467004F1700017F03FFAB4F85810226F49089A
S2140046800131012012F017F804F1740017F033FA24
S214004690606D626F113080B2B4F85810043012F0BA
S2140046A00AF804F1780017F026FAB4F85810A26F4A
S2140046B001390C2011F0FFFF04F17C0017F01BFA03
S2140046C031460026E26F942011F0F5FF04F18000D9
S2140046D017F011FAD4F88020B4F85A10082011F018
S2140046E0EAFFC4E9186610F049FF4FF050234FF474
S2140046F00032C7071A6709D401221146164601FA86
S21400470006F3034002F1010200F08582494B03EBF9
S21400471046035B8B484A062B1168484808918AB2C4
S2140047204FEA114140F07E824FF20F03994240F06B
S2140047307682B2F5406F28BF4FF4C06202804FF019
S21400474000534CF23C325A80324A536A43F4702388
S2140047505362EFF308834FF0CD31394A043B93425E
S21400476080F0718200239B6AB3F5804F80F09980B9
S2140047701A68344B9A4240F0948095F8806116F09F
S214004780FD0640F08E80304F3B78002B00F05E82B6
S21400479002233B7008214FF480331C4A2B48C2F892
S2140047A08011C36011602A4A136100239B6ADB698B
S2140047B098473B788046012B40F0DD8202F08AFA6B
S2140047C0013040F0C982D5F89421224B1A66D5F8FC
S2140047D098215A66D5F89C21C3F87021D5F8A021F7
S2140047E0D20700F1C5821C4A536801334AD135E02E
S2140047F000C0075000400050983200207033002060
S2140048006C330020002000580010005800E100E043
S214004810B40D002000ED00E0E03F0020803F0020C7
S21400482064330020FF3F0020E1FF0020E43F00202B
S2140048304C400020007502000000002046110020B9
S2140048400800002007B0CD5ED20A002000A0004479
S21400485000900044008000449C41002095F8803180
S21400486083B9BE494968C80748BF5360BC4B5B68FC
S214004870D90744BF01235360BA4B5B68DB0744BFCC
S214004880022353601BF032FFD5F8843183F311887E
S214004890BFF36F8F3E70B8F1000F02D1012385F889
S2140048A08031B149B14811F02DFE11F055FFB04BE3
S2140048B01A68900104D44FF00072C3F880211A6081
S2140048C01A68510104D44FF08062C3F880211A6040
S2140048D00026A84B314618463C22A3F184081FF058
S2140048E049FCC4E90266C4E90846C4E90D46E06C22
S2140048F02661266484F84460A4F8006184F8286081
S214004900E66184F83C602663C4E90066836808F1C3
S2140049105001984750BBE06C0368984730BBE06C8A
S2140049204146436898470646D0B947460146C4F80C
S214004930D400C4F8FC0084F8F800A4F8D0002022C4
S21400494008F1D8001FF016FC47F8C06FC7E90166EB
S214004950E06CC8F8CC60C3689847002800F00D8269
S214004960854802F05EFB854802F05BFB05F07AFAAC
S21400497021F028FA0021824B08465B6811F0C2FD40
S21400498008B1122809D136A813F020FC28B94FF038
S214004990FF309DF8D8101FF0BDFE002612F01AFB5F
S2140049A01422002136A81FF0E5FB764B36A94FF0FF
S2140049B0FF30379320F040F80123B34636A94FF076
S2140049C0FF30CDE936668DF8DA301FF003FF6FF062
S2140049D00A014FF0FF3020F032F817F0C7FE4022F1
S2140049E0314669481FF0C6FB3022314667481FF043
S2140049F0C1FB654F664B674ADFF8E8A1DFF8E89130
S214004A00DFF8E881A3F1180C07F1400E24260021F8
S214004A1006FB0BF6604843E9061743F8040C0CEB5C
S214004A20060043E904A943F8088C01770162CBF13C
S214004A30000000F01800704442F8140C574842F882
S214004A40181C42F8100C564843F8241B42F80C0C6D
S214004A505448203742F8080C534842F8040C534890
S214004A6030440BF10106022E01774FF0010B016274
S214004A7042F8241BCAD10AF019F80346002840F071
S214004A801B82002000214A4A4FF6FF7AC2E9000145
S214004A9041F60B22DFF858817F21A8F80420454A0A
S214004AA04548C5F830222022C8F800300293ADF8F9
S214004AB01CA08DF81EB01FF05DFB47F67F714FF00F
S214004AC080034FF0FF393D4AA5F8443211803C4A36
S214004AD03C491288029BA5F840223B4AC5F8501272
S214004AE012682439C5F84822384A36A8128807AF13
S214004AF0A5F84222364ACDF8D8901268C5F84C225E
S214004B001A4617F091FE002800F05781FEE703F0E2
S214004B100F03043B13441C760346FFF795BB83F351
S214004B201188BFF36F8FFFF79BBB2A4B1C88FF2CA7
S214004B3088BF8024FFF79DBB27494A609A69920781
S214004B40FCD1FFF7F6BB002340F2E73123481FF005
S214004B50EFF8234B85F87F7118602DE5008005502F
S214004B6000C0055000000650F46E02007C1B0020BA
S214004B7000E100E068400020FC3F002010400020DC
S214004B8000ED00E0006A1800981B0020D81B0020EB
S214004B90D00D0020F80F0020A125010079DC0000D0
S214004BA015D40000A9DC0000B1DC0000E00F0020F6
S214004BB058110020FD2A0100A7130020A51300208D
S214004BC0629002002C1C0020689002006090020098
S214004BD0649002000001E00F00E0015018FCFFFFA7
S214004BE0B00D0020452501000BD400001DDC0000A0
S214004BF0741100209C4B08689C4FC2F8980043F044
S214004C0001030130B442C2F89C70C2F8A0300860BC
S214004C103FF4FEACECE4102A7FF470AD7AE54FF476
S214004C20C0628BE540F20726B3420AD14FF20F0668
S214004C30B14206D19A4202BF4FF000524CF23C31CC
S214004C405180038080E543F8041988E54FF0010899
S214004C501E96269687F80080EFF31183302282F3A3
S214004C601188C5F884311BF039FD95F888314BB9A9
S214004C7011F072FD30B97E497E4814F049FC08B93F
S214004C8085F888817C4B5A68C5F8A0217B4A9A60D3
S214004C901A6EC5F894215A6EC5F89821D3F870316B
S214004CA0774AC5F89C31774B5968481C3BD04FF47F
S214004CB080138B4013660423714A4FF080411366BD
S214004CC04FF480631366102313664FF400534FF0BF
S214004CD00008136611665366D8F82830B3F5804F7F
S214004CE010D2012336A88DF8D830CDE9378801F0E8
S214004CF070FF389B590505D5D8F8283026A91B6CB7
S214004D001EA898471E9A5E4B1A66269A5A6695F80B
S214004D108821002A3FF43EADD5F88C211A66D5F8D6
S214004D2090215A6636E595F88031002BC3D1564B54
S214004D305B6813B94FF480131366544B5A68504B94
S214004D4012B94FF400121A66514A5268002AB2D1BC
S214004D504FF480021A66AEE701F0BCFF40F2011382
S214004D6098423FF430AD4B4AD368DB07FCD42AE5C3
S214004D7000229A6037E501268CE5384606F050FC9E
S214004D8000287FF4EDAD05F06DF8064600287FF4A8
S214004D90E7AD4FF4844009F05CFD003818BF0120F1
S214004DA03D4A3E4B85F87C011A603D4B02201E6151
S214004DB002F052FB02F0F8FAD8E53A49369818F0B5
S214004DC0B3F800B1FEE7314636981FF01CFD00B17F
S214004DD0FEE73549369818F09FFA00B1FEE75946C7
S214004DE036981FF0FCFE00B1FEE7594636981FF0D5
S214004DF004FF064600B1FEE7014680222B481FF05E
S214004E00B9F92A4B59463698A3F83C9083F87E9019
S214004E1083F83EA0A3F87CA0DFF8949017F06AFD14
S214004E20369BC9F8003003B9FEE70DA3D3E900238B
S214004E304FF0FF304FF0FF3109F03BFE3146404661
S214004E400AF046F85946584620F05CFB3946D9F831
S214004E50000017F027FD68B3FEE700BFAFF3008041
S214004E600AE020FF220200000000012003000020CC
S214004E70641B0020D80A00200080004455CEAC00F9
S214004E80009000449C4100200080055000C0055062
S214004E9000000650000004407D6D0000980B0020C6
S214004EA09C0B0020070011003C750200E01100205A
S214004EB0341100200EF05AF810F060FBCC4B4FF483
S214004EC0003218604FF050234FF00009C94EDFF84B
S214004ED070A31A6796F8E430002B40F0A480C6E969
S214004EE00136C6E9033673614FF6FF73DFF8548365
S214004EF0B8F800709F4200D1FEE7FFB93B460DF1BF
S214004F00240BC7F1040136AA89B20BEB07003693CF
S214004F1013F00DFA0023002840F09D80369A1744BF
S214004F20032FEED9DBF80030002B00F095806FF0F1
S214004F300042934208BF0123AF4A1360B8F800301E
S214004F40C6E9076601337662A8F8003008F08BFAE7
S214004F500027AA4B06F13001B06200F18040A84A53
S214004F607363F163B063F76206F1080036630AF014
S214004F708CFB0B22FB231E2186F84420A6F8583013
S214004F809C4AF36930209B1ADB10B3FBF1F34FF613
S214004F90FF7B9C49DBB200FB0313C6E91277C6E928
S214004FA01C3606F18000C6E91E773664A6F846B0C1
S214004FB0376576650AF09CFA06F190000AF098FAD2
S214004FC006F1A0000AF094FA8F4B06F15408C6F8D2
S214004FD0BC3006F1B803C6F8C4304046C6F8B86020
S214004FE00BF07EFA0B22404686F84420C6E913777B
S214004FF0B764A6F846B00BF073FA0C23C6E9377709
S214005000C6F8CC30C6F8C860A6F8CE70A6F8D07041
S21400501086F8DA7086F8E4700AF0AAFA0123C6F871
S214005020E80086F8E43009F10103022B4AF8046B25
S2140050304FF0010906F1F0067FF44CAFD5F8D482A4
S214005040C5F8DC82B8F1000F08D16A216F4B704AB0
S214005050704816F099FDFEE701236DE7D5F8D89263
S2140050606D4D00272B4643F8E98B6B6105F6E90387
S214005070AB614FF4006305F114063046AB83C5E917
S21400508008770BF09BFA2E662B460426013EC3E9F2
S214005090197703F10803F9D1C823604A0421C5E94A
S2140050A02C234FF6FF73A5F8B8305D4B0022C5E9F8
S2140050B0303600235B4FC5E92266C5E92466C5E99C
S2140050C02666C5E93423C5E93623A5F8846085F845
S2140050D0A860C5F8AC60C5F8BC80C5F8C86085F89F
S2140050E0E010C5F8E46085F8E86085F8ED6885F8B6
S2140050F0EE68A5F86869A5F86E69A5F87069C5F840
S2140051008069C5F88469C5F88869C5F88C6985F82A
S2140051109069C5F8946947E90223D5F800A0C5F858
S214005120A069A5F8A469BAF1000F00D1FEE73E4ACF
S2140051303E4B3146C5E90A25A7F1B00078221D602E
S2140051401FF018F84FF0FF32C5F87629384AC5F830
S2140051507269C5F87A69C5F86A69C5F8E968CAE97E
S2140051603725DFF8E4A07721A7F50D60CAE94D25BD
S2140051700CF0E0FBA7F6E4000AF010FA2C4A2B4BE2
S214005180C8E93725C9E937252A4A1B68C7F8182809
S214005190294AAB42C7F82428284AC5E90168C5F859
S2140051A00C90A7F80668C7F81488C7F81C68C7F8F4
S2140051B02088C7F82868C7F82C88C7F83028C7F8AA
S2140051C0346813D14FF0E0252B699B073ED10F20A2
S2140051D010F034F80A23CAF82801B0FBF3F00138BF
S2140051E0B0F1807FC0F0AA80022330E0FEE700BF67
S2140051F04C140020000E00200C130020F1F60000D6
S2140052003C6902002013002099290100BB8F020090
S21400521068750200C58F0200501D002000F8FF07C9
S21400522039250100F0260020E52401003011002079
S214005230DB0D0100EB07010099DF000055F60000CA
S214005240AC1C002008130020D81900200123CAF83F
S214005250003001234F4D2B606B6801336B6094F870
S214005260003143B12368002B40F088804A4884F818
S214005270003106F0D5F9A66C3746002F40F0858041
S214005280EFF31182302383F31188A36C9B1BA36476
S21400529082F31188BFF36F8F94F8D03023B13E4865
S2140052A006F02AF984F8D07094F8F83093B1032306
S2140052B0394826AA36A912F081FD58B9BDF89830AB
S2140052C036982BB10278D4F8FC301344C4F8FC307E
S2140052D001F0A6FF314E33782BB106F08CF9337807
S2140052E0002B40F087802E4B1B78002B00F082802E
S2140052F00DF12809012349462A480DF11A0212F039
S2140053005DFD0646002840F0B382D9F800707B8821
S2140053105A1E042A6AD80622DFF89480398802FBCF
S2140053200382B2F87E20914260D1023B032B41D823
S214005330DFE813F0230135015A018802CAE94B045D
S214005340EFF3108272B64FF00071174B2E61596062
S21400535083F82360DAF82C316B610E4BAE61CAF825
S21400536008601E6001238AF80630BFF34F8FBFF334
S2140053706F8F07232B6182F310886AE793F850201B
S214005380022A7FF478AF1B686DE7084807F0EEFB4B
S214005390013F72E7700D0020A44000208C0B002017
S2140053A0E8400020800B002000ED00E0E43F0020F5
S2140053B0007502000421B74B3A7983F8E012002109
S2140053C083F8E112012183F8E2126FF07F0183F87F
S2140053D0E31293F87C11002940F0CD80012A18BF13
S2140053E02426C3F8E462AC4801F0C5FFD9F80000F3
S2140053F001F016FFA3680BB9E36823B1A74802F0D3
S21400540039F80028F6D0A54B5B68002B40F04382A5
S214005410A24B302793F844804646EFF3118987F372
S21400542011889F480EF098FB89F31188BFF36F8FA1
S214005430002840F06C82EFF31182302383F311884A
S214005440964B93F84430984540F26D82002393497A
S21400545081F8443082F31188BFF36F8FAB68002267
S2140054600133AB6002232B6003238A4E2B60D6F8F1
S214005470DC325F685A60002F40F05982EB680133D7
S214005480EB6004232B6005232B60864DD6F8DC32B8
S2140054902A780293022AD3B200F07782032B00F018
S2140054A051820BB901232B707F4B1D68002D00F035
S2140054B0458528460AF080F805F58D5001230BAA8D
S2140054C016A9083012F07AFC002840F0288505F569
S2140054D0805393F8A62112B9012283F8A62100234F
S2140054E0169ABDF82C609A4208BF1E460121C5F8E0
S2140054F0902004220DF1170B05F1900985F86F191D
S21400550048465946A5F89460A5F89630A5F89860E0
S21400551085F89A30A5F89C6085F8E02085F8A830D4
S2140055208DF817300BF0FAFCD8B99DF917309DF8B6
S2140055301780002B15DAD5F884390133C5F884397D
S214005540C8F3011385F87139039305EB83035B6891
S2140055502B60002B40F052820622414628460CF073
S21400556027FC002385F86F39169801F059FE0028AD
S21400557000F0D584FEE7122633E70423454880F87A
S214005580E032002380F8E132022380F8E2326FF046
S2140055907F0380F8E3322423C0F8E43277E0434AFE
S2140055A03B1D07F1240153F8040B8B4242F8040B11
S2140055B0F9D115F08DFA3E4B3E491A68064601F5BC
S2140055C0D6701EF03BFF06227B88CAF8E46202FB18
S2140055D003886FEA43436FEA5343B8F88020AAF87B
S2140055E0E232AAF8E022FEE62A4890F87C31002B48
S2140055F000F01981202200211EA81EF0BBFD2E4BB4
S21400560007F104081B78052B02D1032001F024FFC4
S21400561026AA08F1200C1346D8F80000D8F8041083
S21400562008F1080803C3E0451A46F4D14021234890
S21400563004F0F7FBB8B9214B0DF1B80C03F1200EBE
S214005640624618685968083303C273459446F7D112
S21400565000230DF1580836934246402136AB26A863
S21400566012F05EFB70B301260A4BC3F8E462062113
S2140056707B88134A074801FB03226FEA43436FEA1D
S2140056805343B2F88020A0F8E232A0F8E02200F5FA
S2140056903870A9E6D8190020B81C0020E43F002086
S2140056A0244000201013002030110020341B00205E
S2140056B09C410020141B0020940B0020C01C0020DE
S2140056C000750200B74B98E803009980090C9DF816
S2140056D06620186099711898BDF864105A73C3F85C
S2140056E00700A3F80B1007F1240236AB07F1440EAF
S2140056F09C46106851680832ACE803007245634661
S214005700F6D1A94B0DF1F80C03F1200E624618688D
S2140057105968083303C273459446F7D10023012223
S2140057204FF4844010A90B9304F09BFA78BBDDF885
S2140057304080D8F82030D8F824100293D8F80430E7
S21400574003911B0A28D1B8F800B0584604F030F987
S214005750039968B944F201022BF44050904207D0F6
S2140057600BF44F40B0F5824F02D0B0F5844F16D1FF
S2140057700BAB00930298102346AA04F03BFB83462B
S214005780404609F051F8BBF1000F00D150B150214E
S21400579036A802F02DFA66E76FF0860BF0E76FF09A
S2140057A0850BEDE7502110AB1EAA36A8CDF840B009
S2140057B012F0B6FA8046502136A802F019FAB8F16F
S2140057C0000F02D020211EA8E3E7784B1B78032B9E
S2140057D003D1774B186804F097FA10A801F0B7FDCC
S2140057E0744B0BA813934FF440730B9301F0B7FD63
S2140057F00B9BDFF8DCE1129300231EA9CDE910E332
S214005800159320226A4B10A804F0E6FE804620215D
S2140058101EA802F0EDF9B8F1000F7FF424AF0420C3
S21400582001F01AFE20E7112280F8E53280F8E42223
S21400583080F8E63280F8E732402100F53A7002F050
S214005840D7F914E74FF0AA334FF0AA32CDE90C236C
S2140058500423594880F8E032002380F8E13205231B
S21400586080F8E2326FF07F0380F8E332082393E695
S2140058701B280DD1504E96F82833002B3FF4BAADB6
S21400588006F2293001F077FD002386F82833B1E5CB
S21400589005F0B1FEAEE5EFF31186302787F31188E9
S2140058A046480EF059F9804686F31188BFF36F8F8D
S2140058B098F84C30A8F10406022B19D1304601F0B6
S2140058C071FBA8B108F12C00D8F8A09020F098FC45
S2140058D04FF00003314688F84C3048460EF044F945
S2140058E0304620F0A3FAD9F888300133C9F888305A
S2140058F0EFF3118687F3118830480EF02DF98046B5
S21400590086F31188BFF36F8F0028D1D180E54FF062
S2140059100003013E03744368C068984716F0FF060C
S2140059207FF47BAD87E5A3EB0803DBB28FE5B868B1
S214005930874216BF83680027BB60002383604368E6
S214005940984798E50CF031FE1D4BD3E900239042B2
S2140059509941FFF4A9AD1B4E306800B9FEE71E2240
S214005960194B1A49C31ADB10B3FBF2F33022DBB231
S21400597002FB03110B7F0F7667F382030B770CF0A5
S21400598035FE012337602B708EE50CF00EFE0C4BB7
S214005990D3E9002390429941FFF486AD094E306862
S2140059A0C0B9FEE79C0B0020E01C0020940B0020F2
S2140059B0B40C002000024805D8190020E83F00205B
S2140059C01813002058140020000E0020201300207A
S2140059D000240001B54B4FF0300EA0EB030C1E2345
S2140059E04FEAEC0CBCFBF3FCB1495FFA8CFC0B23D2
S2140059F03A460EFB0C110CF0A7FFC2E748461EA95C
S214005A000BF016FE002840F0B180DDF878B0BBF150
S214005A10010F08D040F2BE80ABF10203032B40F228
S214005A20B180052259E202238DF84030B5F8963051
S214005A30B34205D0484610A90BF070FA00B1FEE755
S214005A409DF84030022B40F08C800DF1D809484676
S214005A50D5F8008009F04CFD00211E26954BD8F89D
S214005A601C201970914BDFF858C2D01AC010B0FB3A
S214005A70F6F0C0B240220CEB80101EF07BFBD8F88C
S214005A801C208A4B8C48D31ADB10B3FBF6F3DBB230
S214005A904022002100EB831008F11C0B1EF06AFB6D
S214005AA009F004F848B1584609F056FD00B1FEE783
S214005AB001201FF03FFD00B9FEE700264FF6FF71FC
S214005AC0D8F81C0009F018F8584626A9CDE926662D
S214005AD00AF030FD4FF6FE71D8F81C0009F04EF8BB
S214005AE0484609F005FDCDF800904A464B4631463B
S214005AF0D8F81C0012F0D4FA3146D8F81C0009F089
S214005B00E1FB304613F09EFA4FF6FF790B2308F1BF
S214005B10540088F84430C8E91366C8F84860A8F806
S214005B2046900AF0DDFC95F871392B4483F86A69D3
S214005B3083F8726983F8769983F87A69286EC5F8CF
S214005B408069C5F88469C5F88869C5F88C690AF063
S214005B5035FD7022802128460CF02AF9002872D0E4
S214005B60FEE7032B0CD101F04BF81B200BF016FFC1
S214005B709DF817600246314628460CF016F962E09A
S214005B800DF0D8FF269026A948460BF051FD18B117
S214005B900BF004FF0246A0E1BBF1030F269E13D0D4
S214005BA0ABF10403012B08D85B4632464146284633
S214005BB00CF0A7FA002846D0D8E733460022414624
S214005BC028460CF085F8F5E733460EA81D223B491B
S214005BD00CF078FADDE90E3000F0010B002B40F0F7
S214005BE08181BBF1000F40F07D81712E6AD0B6F541
S214005BF06F5F55D00C2E40F06081484636A90BF0FA
S214005C008DF9002840F04D819DF8D830022B3BD00E
S214005C1003D9DA1E012A88BF0323002685F8E03060
S214005C200C2201234146284685F8E8600CF0E6FA87
S214005C3095F8E030042B30D0012338BB6A6C85F829
S214005C40A830C5F8E42095F8ED2895F8EE389A4285
S214005C5002D028460CF084FB95F871299DF8173081
S214005C602A4492F8E91803F00F0331B18B421EBFA5
S214005C70D5F888190131C5F888190F2B0CBF0123F8
S214005C80013382F8E9386CE40123C6E7C5F8E4601E
S214005C9085F8A83085F8E880D5E70028D3D0F9E75E
S214005CA0414628460CF09EF884E700BF000E002010
S214005CB02013002091130020AC100020A4750200D1
S214005CC02C1000202B689A6C002A00F0F2801E6FC1
S214005CD0002E00F0F080484610AA36A90BF06EFDA4
S214005CE0002840F0DE80BDF840207F2A00F2D880F1
S214005CF03346B28053F8060B369903931EF09EFB8C
S214005D00039B484619460BF009F9002840F0C98065
S214005D10B3794846B37640F6047333837F23F3762D
S214005D20337FC6E904BB23F0170343F0040333773D
S214005D3006F118010BF0F2F8002852D1484606F199
S214005D4019010BF0EBF800284BD10DF1180B594652
S214005D5048460BF0F3F8002843D1337F9DF818200F
S214005D600DF11A0B62F382035946484633770BF05F
S214005D70E5F8B0BB337F9DF81A200DF1190B62F3DE
S214005D8000035946484633770BF0D8F848BB337FB4
S214005D909DF819200DF1280B62F341035946484639
S214005DA033770BF0CBF8E0B9337F9DF828204846D0
S214005DB062F30413337706F114010BF043FB80B94A
S214005DC0484606F110010BF03DFB50B9484606F177
S214005DD01A010BF0A3F820B9484606F11B010BF098
S214005DE0AAFAD5F80090D9F84830002B61D099F877
S214005DF05A3009F15406052B5BD0D9F870B0DBF8A1
S214005E00000013F0D7F9B0B39BF81C30D80632D494
S214005E10584636A909F0DFFE68BB9BF81C30D90748
S214005E2004D4584699F8B41009F0FEFEB9F8583074
S214005E309A0620D49DF8D830082B1CD1D9F870309B
S214005E4009F190029A60D9F87000037FDB070CD442
S214005E50D9F8B0B0594609F0CEFED9F8B0309B4517
S214005E6024BF0BF10101C9F8B010D9F8700009F190
S214005E7062010AF0D6F80023304689F85B3089F8CC
S214005E805C3089F8B5300CF0A5FCB44BC9F84C3042
S214005E90C8F301132B4408F00F0883F87289D2E682
S214005EA006200BF07BFD4146024628460BF080FF9D
S214005EB080E60D20F5E70320F3E7A6F57053B3F56B
S214005EC0806F09D243F601439E4285F86FB94FF0C2
S214005ED0010B1CD085F86FB90D22414628460BF001
S214005EE064FF67E6002285F86F29421005EB600024
S214005EF0BBF1000F01D0AA58D3589847012385F864
S214005F006F3900287FF444AE3346012257E64846F0
S214005F100BF0B2FA172885F86FB9F2D1DCE705F571
S214005F20805393F8A6314BB105F114000AF026FC15
S214005F3020B905F58D50143009F030FB00210846D5
S214005F4020F074FA4FF00009DFF84082844DEFF33A
S214005F50108072B6B8F8026020F06AFA002E3ED1C1
S214005F604FF4F8501FF0E6FA68B34FF480701FF055
S214005F70E1FA7C4D8046002800F09D802B68314673
S214005F801B684FF480701B7813F0200F764B0CBF05
S214005F904FF0000898461FF0B5FA334600212A68ED
S214005FA0C2E90411EFF31180302282F311886F4AA0
S214005FB082F8711380F31188BFF36F8F2968424609
S214005FC0886A0CF0C1FC6A4A029B9B1A1E22DB10F0
S214005FD0B3FBF2F3DBB2012B40F28F80FEE785F8CD
S214005FE00090EFF3108072B6B8F80220A2B1B8F8AD
S214005FF00030013A08EB8301CE68B8F8041001338C
S214006000B3FBF1FC01FB1C33A8F80220A8F8003013
S21400601020F00EFA16B9FEE71646F9E7DFF870B17B
S214006020337B9BF81720C3F3800363F341028BF89E
S2140060301720337B03F0FB0333739BF81720DB0931
S21400604063F300028BF81720337B03F07F03337370
S21400605073788BF80630334613F80C2BABF8042015
S214006060CBF8003096F90330424A8BF8153013709F
S214006070B378414A8BF8163013707368CBF8283023
S214006080B36803930CF091FA0022039B8342DBF87B
S214006090280028BF01F1FF31D218CBE9022118B938
S2140060A0334809F05BFD354809F058FD3146344861
S2140060B012F01EFE4BE74FF400701FF03BFA064648
S2140060C030B141464FF400701FF01CFA0F2365E70D
S2140060D04FF480601FF02EFA804638B131464FF4F8
S2140060E080601FF00FFAB0460E2357E701464FF4C4
S2140060F080501FF007FA0B2350E7224A52F823007D
S21400610020B10368022B01D108F05AFEEFF310808D
S21400611072B61D4D6E8820F08BF9002E41D008F027
S214006120A9FC00283DD1EFF3108072B6698861B1F2
S2140061302B8805EB8302D768AA880133B3FBF2F6F7
S21400614002FB16332B804B1E6B8020F071F907B9CB
S214006150FEE73B79F3B1012B3AD0FEE7E51B0100E1
S214006160801300204C110020B0110020D819002008
S214006170000E00209313002092130020F00E002043
S2140061800C160020501100205C150020C0150020C1
S21400619080110020B96838680CF028FA38461FF0DD
S2140061A045FE1E4808F04AFCC0B11C4808F046FCF4
S2140061B0054618BB1A4808F041FC054698B1284623
S2140061C0184908F03EFC2846174908F021FCF4E779
S2140061D07A89397A386808F07CFFDFE7104808F0DB
S2140061E02DFC0028E1D1114B1A6901321A615A6957
S2140061F001325A6106221A60FFF72BB80C4B0D4A83
S21400620019780D4B2846002918BF1A46114608F083
S21400621018FC2846094908F0FBFBC9E7B80D002022
S214006220E00F002035D8000028100020700D002058
S2140062302C1100201BD8000061D80000000E0020A2
S2140062400348044B834202D0034B03B11847704700
S214006250684200206842002000000000064B074904
S214006260C91A891048BF0131491003D0044B0BB13D
S21400627001481847704700BF684200206842002067
S2140062800000000010B5064C237843B9FFF7D8FF8E
S214006290044B13B10448AFF300800123237010BDF4
S2140062A0A83E002000000000D4AC020008B5054B54
S2140062B01BB105490548AFF30080BDE80840FFF76D
S2140062C0CDBF00BF0000000058310020D4AC020053
S2140062D0A3F5803A704700BF174B002B08BF134B3F
S2140062E09D46FFF7F5FF00218B460F461348144ADC
S2140062F0121A1DF03FFF0E4B002B00D098470D4B97
S214006300002B00D098470020002104000D000D4807
S214006310002802D00C48AFF3008015F063FD200083
S2140063202900FDF73DFF15F04DFC00BF00000800FA
S2140063300000000000000000C80A0020C80A002074
S214006340E03E0020000000000000000008B5C36F1B
S2140063500A462BB1D0F88010007A9847012008BD75
S2140063601846FCE70246D0F8940068B9937B73B9E8
S214006370D2F8900050B9D2F88C3043B9537B127BD8
S2140063809B1A58425841704700207047184670477D
S21400639040BA80B24140C1F303135940080380B2AB
S2140063A04840490101F4FF5148407047024610B585
S2140063B044180020A24200D110BD12F8011BFFF7BE
S2140063C0E7FFF7E738B5044645180020AC4203D18E
S2140063D0831A5842584138BD14F8011BFFF7D8FFFE
S2140063E0F4E721B10020012308800B7070472220BB
S2140063F07047EFF31183302282F31188064A107833
S21400640020B1064A1088003818BF012083F311888F
S214006410BFF36F8F704700BFE03F0020C80A002020
S2140064204FF4E13070474FF4E1307047EFF31183DB
S214006430302282F3118883F31188BFF36F8F704781
S2140064403021094A937852684B4303F1A04303F581
S2140064508023DB6E92689B1AB3F5897F3ABF038070
S21400646000200120704700BFC80A0020F8B5164675
S214006470044600258F1FAF4201DC00200CE02046BA
S21400648003780134142B08D10521B0F80520FFF756
S21400649099FF10B106B13580F8BD0135EBE72DE95F
S2140064A0F3470746EFF31188302383F3118801255D
S2140064B0DFF880A01E4E9AF802400DF10600A540B7
S2140064C05C4304F1A044B56204F58024D4F86490DB
S2140064D0FFF7B6FF28B1756288F31188BFF36F8F98
S2140064E009E0BDF80630BB4208D3756288F3118810
S2140064F0BFF36F8F2E2002B0BDE8F0874A46FB1A26
S2140065009BB2013B63F30E126266236F43F00203F5
S2140065102367636E43F4801363667565236FAAF87A
S214006520087023F003031A7B60F341021A73D2E764
S21400653000100450C80A00208B7C01F12C020133A5
S2140065408B74036813B9CB62026070471846F8E78D
S214006550C06C836A03B11847704701230B747047F9
S214006560C388B1EB431F3FBF03684A0953F82200B4
S21400657001F01F013ABFC84000F00100002070473C
S21400658010B5C38823B9CA885AB9ABB1012017E041
S214006590026802EB830252F8042C002AF3D1013B76
S2140065A0F0E70C6804EB820454F8044C0CB9013A8A
S2140065B0EAE79A42EAD30FD8013B5A1C01D10020E1
S2140065C010BD026852F823400A6852F8232094420D
S2140065D0DCD803F1FF33F0D24FF0FF30F0E730B5F0
S2140065E0C38823B9CA885AB9002B3DD136E0026861
S2140065F002EB830252F8042C002AF3D1013BF0E7A9
S2140066000C6804EB820555F8045C4DBB013AEAE7DA
S214006610B1F9045003D2B1F90400404226E0B0F9C3
S2140066200420002A03DD002D0CDA01201EE0002DD8
S21400663008DD3AB14FF0FF3018E003F1FF330BD21C
S214006640504213E0013B016851F8235054F82310E0
S2140066508D42F2D9104609E0591CF4D1002005E01D
S214006660002BD8D09342D3D9B0F9040030BD002215
S214006670154BB3F90010884202D1B3F902007047F7
S2140066800132042A03F10403F3D110F1910F15D05F
S21400669010F1900F0ADA10F1970F12D010F1930F45
S2140066A014BF4FF0FF306FF06F00704710F1860F89
S2140066B014BF4FF0FF306FF0710070476FF06F003F
S2140066C070476FF06D007047606602008A4228D0FF
S2140066D001F0FE43B3F1A06F14D102F0FE43B3F114
S2140066E0A06F0FD182EA010333F47E130AD10B04A4
S2140066F008D5C1F30541C2F3054291428CBF002084
S2140067000120704721F47F03B3F1106F0BD102F024
S214006710FE42B2F1106F06D104480B1A5842584197
S2140067207047012070470020704700BF0000020934
S21400673007B51E48837A03B9FEE700236946103082
S214006740CDE9003312F0E4FEE8B9194AD2F8403138
S214006750D2F840211F2B4FF001030FD9203A934067
S214006760019A1A43019208236A46124912480EF00B
S214006770A7FB124B124A1A600DF0DCF99340009A00
S2140067801A430092EFE72D28F3D1094AD2F8403198
S214006790D2F840211F2B4FF0010385BF203A9340CB
S2140067A09340019398BF0093DDE700BFC80A00201E
S2140067B00080004400710800D80A00200000002075
S2140067C00B020FF008B50DF0C7F920B110F81A3C0F
S2140067D02C38013B837408BD38B50C46EFF31185A1
S2140067E0302383F311880848FFF7ECFF206028B9B0
S2140067F085F31188BFF36F8F1B2038BD85F3118892
S214006800BFF36F8F0020F8E7400B002038B50D4827
S214006810002284780C497C3012F0FDFD30230125DF
S2140068200A4AA54003FB0423196F21F002011967E9
S214006830596E21F48011596602F500535D651D6599
S21400684038BD00BFC80A0020B1C1000000000450D7
S21400685010B550F8044C011F606F12F09DFD2046E5
S21400686010BD38B505460C4661B1486820B1FFF743
S214006870EFFF2846FFF76CFE2146A86FBDE83840BC
S21400688012F08ABD38BD38B50446406F0D4612F08A
S21400689088FD034620B1002043F8044B2B6038BD2A
S2140068A01A20FBE710B50C4661B1C06F12F079FDF7
S2140068B0206048B1002303601846226813722268DD
S2140068C0536010BD2220FCE71A20FAE7F8B504460C
S2140068D0002852D0837C002B51D10168856911B104
S2140068E0284612F05AFDA16819B1D5F8800012F0BA
S2140068F053FDE37C022B11D0032B11D0012B11D1B9
S214006900606820B1FFF7A4FF2846FFF721FE636901
S21400691023B9D5F89C300133C5F89C30012602E037
S2140069206168E1B90026EFF31187302383F31188FD
S2140069302146A86E12F030FDE37C042B13D1B5F887
S2140069406430013BA5F8643087F31188BFF36F8F7E
S2140069501EB1E86C436A03B198470020F8BD286F63
S21400696012F01AFDDEE7052B01D0032BECD1B5F8AB
S2140069706630013BA5F86630E6E72220EEE7042005
S214006980ECE770B516461C460D46B1B1806F12F0A6
S21400699008FDA0B1002303606B68048143600223F6
S2140069A0837234683CB9022330602846EB74FFF7E4
S2140069B08DFF204670BD2646F3E72220FAE71A2010
S2140069C0F8E7F7B540F201130125012204216846D5
S2140069D0ADF800300EF010FE2A46022101A8ADF8F0
S2140069E004500EF009FE032001A91FF0E2FD019BF2
S2140069F040F6AA6259014FF4E11301F561213A48C5
S214006A00B1FBF3F1394B456041F205075A610022AC
S214006A10374C384E9A60DA65DF601A61DA61DA64FC
S214006A20A6649A651A655A65656045609E68203951
S214006A3046F080469E60304EDF6006EAC1010226C0
S214006A408260D9612D499A65C1F8AC650421E1657B
S214006A504FF440645C611023294AC2F8AC354FF00D
S214006A600113C2F8C435C2F8BC55456041614561A2
S214006A700DEB010011F0AAFB88BB9DF80460214CC9
S214006A8001A8A67011F0A2FB48BB9DF8043084F85C
S214006A909030D4F894301A68127DB24221D9EFF3C0
S214006AA01182302181F3118817491B6943F826109B
S214006AB082F31188BFF36F8F4FF48023C4F89830A9
S214006AC0124BC4E92700C4E92B00C4F8A400C4F89C
S214006AD0B400C4F8A83084F8A15084F8B15003B0CC
S214006AE0F0BD2120FBE700BF009005500080055058
S214006AF000A00550FFFF0100F8FF7F0000E00350F4
S214006B0000C00350C80A0020B9BD000002000400FF
S214006B1010B5682101200FF093FD044618B16822D5
S214006B2000211DF027FB204610BD10B524210120B2
S214006B300FF086FD044618B1242200211DF01AFB32
S214006B40204610BD0022C188914201D8002070471F
S214006B50036853F8223033B193FAA3F0B0FA80F00A
S214006B6000EB421070470132EEE7F0B5C4880546E8
S214006B70082C8BB017D9083C082C17D80668A70035
S214006B8020363A46314602A81DF058FC3A46002107
S214006B9030461DF0EFFA2623009309212346286885
S214006BA002AA12F025FB00200BB0F0BD0048FBE760
S214006BB080B0FFFF0FF0B7B810B504460FF094F89A
S214006BC02046BDE810401FF031B90FF092B80FF024
S214006BD090B800239A6AB2F5804F03D21168074A2C
S214006BE0914203D000230370836070470122027035
S214006BF09A6A926842609B6A9B69F5E707B0CD5E29
S214006C001FB501238DF80430002301A80293FFF777
S214006C10E0FF039B9C0245D5254C63680BB10EF044
S214006C2003FB0122234B5A60A36A9806FCD4022376
S214006C300125A3606362204B5D600EF0F5FA1C4BE5
S214006C40E5609A6AD106FCD402221A639A6AD206D2
S214006C50FCD40323174A5361A2F5805293614FF484
S214006C608022164B1A604AF6E850154B154CDA6E21
S214006C70D96E22F003021866134842F0020241F071
S214006C800301C0F82044DA66D966DA66D966DA66A1
S214006C90D966DA66D966DA66BFF34F8FBFF36F8FB1
S214006CA030BFFEE7094B0A4A1A600CF043FF00BFEC
S214006CB000400650006006500050065000E100E01C
S214006CC0004000500000FFFF00E0035000000020DE
S214006CD002020FF01FB500239A6AB2F5804F1ED24B
S214006CE0126BB2F5804F1AD2012201A802938DF8DA
S214006CF00420FFF76EFF039BDB0310D5029B1A0EE2
S214006D000DD0012A03D1C3F307430A2B07D900236A
S214006D109B6A1B6B1B6C05B05DF804EB184740F2D2
S214006D20011005B05DF804FB006800B97047037AEF
S214006D308B42F9D190F85030002B08BF00207047E6
S214006D4008B503683BB901790448FFF7EDFF08B1C1
S214006D5090F8500008BD93F85000FBE7E43F002091
S214006D60054A08B502F1B800FFF7EAFF05281CBF80
S214006D70012382F8C43008BDC80A0020022808B5DE
S214006D8009D1042906D100210948FFF7CDFF0123C8
S214006D9080F8A03008BD0328FCD10429FAD10022CF
S214006DA0044B5B68002BF5D0C3E926221B68F9E785
S214006DB0E43F0020E03F00202DE9F0431D46062377
S214006DC087B0137049681446402900F086801CD8A6
S214006DD0042906D80139032942D8DFE801F0456ABC
S214006DE04B55202970D0302974D0A1F5E063FF2BD5
S214006DF000F2CD80C9B241F4E06367486360FFF7F4
S214006E0093FF58B390F8A00028E040F2013399426F
S214006E1000F087800DD8B1F5007F66D040F20223DF
S214006E20994279D05029E0D1516050F8740C036A29
S214006E3057E0B1F5806F00F09C80B1F5885F75D0A3
S214006E40A1F58053FF2BD0D8C9B241F480535248E5
S214006E505360FFF769FF08B190F85000207207E012
S214006E6000235360A3603EE00123536006231372A1
S214006E7005232DE0042303220921C4E9012301236D
S214006E80C4E90313102323E01346042243F8042F17
S214006E90424A116859605168128999609A810E2396
S214006EA0638001234374638804332B6007B0BDE816
S214006EB0F083022301215360082210F86F3C6280A1
S214006EC013FB0213A360EEE7516050F86C2C22818E
S214006ED06380E8E75160C36BC4E7516050F8740CF8
S214006EE0C3699847A0600823F2E7516003A8FFF73C
S214006EF070FE049BE360002323619DF80C30012B99
S214006F0002D103232372BDE723B923724FF0FF3368
S214006F10E360B7E70423F5E7214B5160D3F8C830A8
S214006F20A0E71F4B516093F8CC309BE7516002F10D
S214006F30070802F1870900221646531C6846CDE969
S214006F400066CDE903668DF804208DF810300296B1
S214006F500596FFF7F5FE074603A8FFF7F1FE47EA9A
S214006F60001708F8017F0232C145D2B2E5D184236A
S214006F70AEE7A0F13C03083253F8041B834242F804
S214006F80041BF9D14FF4806363604023A0E700231D
S214006F9063600D2366E700BFE43F0020488A0200D6
S214006FA0C80A002008B50146FFF7DCF950B1D1F851
S214006FB0880040B9D1F8843023B9B1F86800B0FA37
S214006FC080F0400908BD0020FCE7EFF31182302373
S214006FD083F311888368013B836082F31188BFF3D3
S214006FE06F8F704708B508B9022008BDEFF311820D
S214006FF0302383F31188836823B982F31188BFF3A3
S2140070006F8FF1E70133836082F31188BFF36F8FD0
S21400701021B1036813B100200B60E6E7FFF7D5FF48
S214007020E2E738B50446EFF31185302383F3118881
S214007030037C63B18068214640300CF095FDA26861
S21400704092F84430013B82F844300023237485F3E1
S2140070501188BFF36F8F38BD2DE9F04104461746FF
S2140070600E4600293DD0806E12F09BF90546F8B119
S214007070342200211DF07EF8EFF31188302383F3CD
S21400708011887B1E042B2ED8DFE803F0182D032171
S2140070900300B4F85820B4F86630013A93420ADB8D
S2140070A02946A06E12F078F988F31188BFF36F8F27
S2140070B01A20BDE8F0810133A4F8663088F3118801
S2140070C0BFF36F8F0020EF74AC613560F1E7B4F862
S2140070D06430B4F85A209A42E2D90133A4F86430F6
S2140070E0ECE72220E5E72120E3E72DE9F347914688
S2140070F0042204468846D0F8A4000DEB02019A4606
S214007100FFF7AAFF074660B91AF00E0F667A019DD0
S2140071100AF002031AD0B20707D42846FFF7D6FBB8
S2140071202127384602B0BDE8F087A3B91AF0040F4D
S21400713014D11AF0080613D1324694F85030052BB5
S21400714010D02846FFF7C2FB0227EAE716F0010632
S214007150E3D10122F1E706463A46EEE70426FBE7CE
S2140071600E26F9E7C5F80480A5F80C906C61237A22
S2140071706B740A9B2B62CAB1A37AE27A1B01DBB25C
S2140071801343CAF3001A43EACA0A85F810A0A37A82
S214007190013303F00703A37249464046FFF706F99A
S2140071A02946E881204612F07AF9BAE766F03F06EB
S2140071B02E74F1E72DE9FF410F4603A90646154652
S2140071C09846FFF70FFF38BB45B30398D0F8A430B6
S2140071D090F8A020B3F85C4040F6F773002C08BF88
S2140071E01C46C2EB423204EBC204A4B2A5420ED83F
S2140071F00A9B394600932A464346FFF776FF014628
S2140072003046FFF7E2FE084604B0BDE8F08130469F
S214007210FFF7DBFE2B21F6E70221F4E72121F2E758
S21400722010B578B1FFF714FB044660300CF094FC00
S214007230014610B1A06F12F0AFF82046FFF788F9AC
S214007240002010BD2220FCE708B50CF085FC20B11C
S21400725010F81E3C3038013B837408BD8B7C01F16E
S214007260300201338B74036813B90B6302607047F6
S2140072701846F8E738B581624469EFF31185302384
S21400728083F31188D4F8A430014603F11000FFF709
S214007290E5FF85F31188BFF36F8FD4F8A420074964
S2140072A002F1180012F0B7F84FF6FF72B4F8683023
S2140072B093421CBF0133A4F8683038BDCB7700007A
S2140072C010B50446A37C0846013B04F13001A374C4
S2140072D00CF04AFC2046BDE810403321CAE72DE9F1
S2140072E0F7438946174601A9032206461D469DF820
S2140072F02880FFF7B1FE38BB306F019C12F051F8C2
S214007300606028B9204603B0BDE8F043FFF7DEBA58
S214007310012165F06F05A181C4F814906774257487
S21400732080F800806068FFF741F8E081EFF3118590
S214007330302383F31188214606F10800FFF78EFFFD
S21400734085F31188BFF36F8F03B0BDE8F08310B5E7
S2140073500446182200211CF00DFF204610BD0368CD
S214007360D90444BF43F4806303609A0444BF43F4E3
S21400737000630360704707B50022084B014683F898
S21400738008210288064B0432009392B20123054876
S214007390FFF710FF03B05DF804FB00BFE03F0020DE
S2140073A061770000800B0020002307B501221946F4
S2140073B00E4811F0EFFA68B90C4801A9FFF712FE63
S2140073C040B9019B0A4A09489A65FFF7FEFDFFF798
S2140073D009FE18B1002003B05DF804FB019B054AC6
S2140073E002485A67FFF7F1FD0120F4E7800B002002
S2140073F061770000616D000010F1840F12DA10F161
S214007400950F25DB9530102822D8DFE800F01D21E7
S21400741021211B2121211913110F151F17092300E4
S2140074200F207047003818BF012070471D20704796
S2140074302E2070472D20704724207047212070474B
S2140074401A2070472F2070472C2070472520704741
S21400745001207047082070470146054B93F8CC0082
S21400746083F8CC10D3F8D03003B11847704700BF6C
S214007470C80A00202DE9F0470646C06C86B083692E
S21400748098478046002800F06781F36823B9B36800
S214007490002B39D11B2533E0B04B93F8CC3003F0EA
S2140074A0FB03012BF3D1EFF31185302383F311880F
S2140074B006F10C00FFF7C8FE044685F31188BFF3FB
S2140074C06F8F0028E3D0237C9F097F2BA36898BF8B
S2140074D0002743BBF06E11F064FF206028BBEFF37B
S2140074E01182302383F31188A37C0133A374B3681D
S2140074F044F8303FB46082F31188BFF36F8F1A25CB
S214007500284606B0BDE8F087EFF31185302383F3F5
S214007510118806F10800FFF797FE044685F31188E8
S214007520BFF36F8FCFE74FF00008A189002939D04D
S2140075308B1C9BB2D4F814C037B9227C9CF80B0085
S21400754022F0070202432274207C25687F28D4F8A4
S21400755008A029D841B3BAF1000F28D19CF8A09012
S214007560B9F1000F27D07D4A92F8CC2002F0FB023A
S214007570012A1ED02946304611F00FFFC4F800A09D
S214007580EFF31182302383F31188A37C0133A374B5
S214007590F36844F8303FF46082F31188BFF36F8FCE
S2140075A00025ADE70B46C5E7BAF1000F22D04FF035
S2140075B0000908339BB21421627CAB701B0A297049
S2140075C02871052128466A70EB70FEF7EFFE687199
S2140075D0000AA871B9F1000F7BD0D6F8800011F030
S2140075E0E0FE21680546A06030B9304611F0D5FEB1
S2140075F0256084E7D146DEE70B79584D03F007098E
S21400760023F007030B71D4F814A0D4E900129AF8FB
S2140076100800D4F808C08DF80C00DAF89C00A3899E
S2140076200590D5F8DB00CDF80D00B5F8DF00ADF815
S214007630110095F8E100CDF800C08DF8130003A8FE
S21400764012F024F9804698B9DAF89C300133CAF86B
S2140076509C30D5F8E4300133B3F1005FC5F8E43070
S21400766006D195F8CC30052B02D10320FFF7F4FEA7
S2140076704046FFF7C1FE2268054613794FF0000822
S21400768023F0070349EA030982F80490A26870B160
S21400769022B11146D6F8800011F07EFE30462168F1
S2140076A0C4F8088011F079FEC4F8008028E7D4F802
S2140076B00480B4F80C90C144C1452BD102F10805F2
S2140076C012F8011BFEF764FE9542F9D14FF0000850
S2140076D0E081EFF31189302383F31188F06C2146A3
S2140076E0436998470546D0B1A37C0133A37423466B
S2140076F0B26843F8302FB360B8F1000F05D03046BB
S214007700216811F04AFE0023236089F31188BFF335
S2140077106F8FF5E618F8011BFEF73AFECCE76069B6
S21400772038B9022F15D089F31188BFF36F8F012562
S214007730E6E677B921468C30FFF790FD6269D37B89
S2140077400133D3736469237C1BB91EF0C3FCC4E900
S214007750060189F3118821E73425D1E6C80A0020FE
S214007760094A13B1012382F8C4300121074B83F87C
S214007770081192F8CC30042B04D100230520C2F85F
S214007780E43069E6704700BFC80A0020E03F0020EA
S214007790EFB506460D46C03803A91746FFF782F830
S2140077A088B90623039909228B8105230D7245F4B7
S2140077B08055CB810E600D610F7501230091304618
S2140077C00C31FFF7F7FC04B0E0BD2DE9F0470646A4
S2140077D030274FF0020900F1100833697BB1EFF350
S2140077E0118A87F311884046FFF72EFD4469054647
S2140077F094F850302BB98AF31188BFF36F8FBDE829
S214007800F087B4F86830002BF5D0013BA4F8683058
S2140078108AF31188BFF36F8F037C7F2B4FEA931296
S21400782032D9032A0AD14069D0F864A0BAF1000F11
S21400783004D0AB6A2A6A6968007AD04794F8503058
S214007840062B25D0082B23D0032B17D12046FFF775
S214007850A9FB98B1637A84F85090DB060ED5EFF357
S2140078601182302383F31188D4F8A430596844F881
S214007870041F5C6082F31188BFF36F8F00232846D5
S2140078806B60FFF723F8A8E74069D0F858A0CDE76B
S2140078902046FEF767FD0028F0D0D4F8A4000922A1
S2140078A0217AC030FFF774FF18B1092384F85030EE
S2140078B0E4E794F85030062BE0D10723F6E7054BB3
S2140078C0D3F8E830584043085B4240421843C0179C
S2140078D0704700BFC80A0020F8B5C3880E46B2EB52
S2140078E0830F07684FEA83041AD813469C420CD8C5
S2140078F015460023AB4215D1A24204D90021121B23
S21400790030191CF037FC0020F8BD23F003003D586A
S21400791003F00301C900CD40EDB26DB90133E5E7D0
S2140079202546E6E723F00301795803F00300C0007C
S214007930C140F1540133DDE76FF00700E4E703468A
S21400794070B51C68DB880846B2EB830F4FEA8305E8
S21400795019D9521B8E1800211CF00CFC30462A4602
S21400796000231044934210D1002070BD23F0030181
S214007970615803F00306F600F140C9B281B901333D
S2140079809D42F3D8ECE71346FAE723F0030161586B
S21400799003F00305ED00E94000F8011D0133E1E7BF
S2140079A06FF00700E1E71FB54FF001130191039355
S2140079B002A901AB0293FEF712FE05B05DF804FBC8
S2140079C010B50C4CD4F8E820D4F8E83042405940C2
S2140079D081EA0200C00FFFF772FFD4F8E830521AAF
S2140079E0434022EA030208401043C00FBDE810409F
S2140079F065E700BFC80A0020013901D200207047A1
S214007A0050F82130002BF7D0B3FA83F00131C0EBE9
S214007A1041107047C1880068EEE753098B42F0B406
S214007A2002F01F0401D805D13CB3F0BC8A00002147
S214007A301CF0A0BB1F2A22D834B1002200EB810123
S214007A40C4F1200681420FD1F0BC704752F8047B87
S214007A5045F8047FB242F9D10022CB1A8B42EBD212
S214007A6040F823200133F9E751F8045D25FA04F3C2
S214007A7013430B6005FA06F2E4E71F2AE4D900EB8D
S214007A808302051F00EB8106E4E708B50A46C188B5
S214007A9011B10068FFF7C1FF002008BD01F1804169
S214007AA0013900EB81018142034600D270471B6812
S214007AB00A681BBA12BA40F8042B41F80439F2E7F8
S214007AC00346C06920B15B6A002B14BF0120022068
S214007AD0704700220123C0E90023C0E90223C0E961
S214007AE00423704738B5002401250146C0E9025436
S214007AF0C0E904540470446085611C30FFF7E9FF58
S214007B00C1E90D45C1E90F44C1E91144C1E9134477
S214007B10C1E91544CC6538BD70B50646FFF7D0FF01
S214007B2002280C4605461DD100212046FEF718FD0A
S214007B3060BB01212046FEF713FD024630BB2046FF
S214007B40FFF768FF336C591C88421FD1FE2B07D104
S214007B5029462046FEF704FD0D4B021E18BF1A46A6
S214007B60104670BD01280FD101462046FFF71BFFC7
S214007B7000280BDB204606F13401FEF730FD002816
S214007B80034AB8BF0022EBE7024AE9E7004AE7E704
S214007B9080B3FFFF80B0FFFF70B5066C0D4607365A
S214007BA0B3EBD60F114604464FEAD60203D20023A3
S214007BB00D482B6070BD2A60B0F866307BB1FFF7C9
S214007BC07FFF022804D104F16000BDE8704083E620
S214007BD0012806D104F16000BDE87040AFE6034816
S214007BE0E8E76FF06D00E5E700B1FFFF80B0FFFF4C
S214007BF010B5034B0A461B6900210446984710BD82
S214007C006066020010B5044610B109B1FFF7F0FF38
S214007C102046BDE810401EF009B910B5044648B12C
S214007C20006818B1E1888900FFF7ECFF0022012305
S214007C30C4E9002310BD10B50446FFF7EEFF04F1BB
S214007C400800FFF7EAFF04F11000BDE81040E4E783
S214007C5000B1F0E7704742F21073994270B50446DF
S214007C600D4602D96FF00F0070BDC3888B4213D249
S214007C70042128460EF0E4FC06460028F2D02168CF
S214007C8041B1E28892001CF0D9FBE18820688900A7
S214007C90FFF7B8FFE58026600020E5E72DE9F04114
S214007CA00D46C98804461646FFF7D5FF014618BBA1
S214007CB03046FFF704FE03461C4EB4F90420D6F8FF
S214007CC0E8000132584022EA0002B5F9040001300B
S214007CD018400243013AA280D5F800E02268B5F8C1
S214007CE00680724503D08C46043AE04507D8DB434D
S214007CF0EA88E088824211D30846BDE8F081D6F8CB
S214007D00E87052F8040F5F4020EA07005EF82C7017
S214007D100CF1010C1F4038431060E6E7256855F863
S214007D202200184045F822000132E2E7C80A002087
S214007D30F8B505468D420E46104601D10020F8BD26
S214007D40FFF7BDFDC98804462846FFF784FF10B13B
S214007D506FF00F00F3E73046E988FFF77CFF002856
S214007D60F6D11E4AB6F90430B5F90410D2F8E80088
S214007D7001310133604021EA000023400343013B08
S214007D80AB80B6F90430D2F8E800013360402140F9
S214007D9023EA00030B43013BB38031682B68EE886F
S214007DA08B42CBD0043903EB8606B342C6D0D2F85A
S214007DB0E8001D6851F8047F604025EA000027406F
S214007DC0384343F8040BD2F8E8700868674020EAA6
S214007DD00700254028430860E7E700BFC80A0020E0
S214007DE038B504460D4619B9FFF717FF002038BD11
S214007DF0C2888A4207D10021006892001CF0BAF9B6
S214007E000123A380F2E7FFF708FF29462046BDE8D6
S214007E10384020E72DE9F84312F0030318BF01238A
S214007E2003EB92068946314680461546FFF7D8FF93
S214007E300446F0B9B8F80620D8F80070B2421BD352
S214007E403FB10146920038461CF094F923469D4205
S214007E5002D12046BDE8F88319F80310DA0023F0B3
S214007E60030002F0180291403A5801330A433A5090
S214007E70EDE76FF00F04ECE76FF00704E9E72DE994
S214007E80F84312F0030318BF012303EB920688465B
S214007E90314681461446FFF7A3FF0546D0B9B9F828
S214007EA00670B74219D397B1D9F80090BE000146C4
S214007EB0324648461CF05EF92CB1301B224641463D
S214007EC048441CF0BBFA39464846FFF7E7FD28460B
S214007ED0BDE8F8836FF00F05F9E76FF00705F6E7E2
S214007EE0884270B505460E4609D0C988C28841B991
S214007EF02AB101239200838000681CF03BF9002021
S214007F0070BD4C1E6CB9B6F904300134A242AB8089
S214007F100ED221462846FFF79EFE88B16FF00F006E
S214007F20EEE7336853F82430002BECD1013CE9E748
S214007F302868121B0021920000EB84001CF01AF93E
S214007F4031682868A2001CF079FAD8E738B50446EC
S214007F500D46FFF7C5FF68B905F1080104F10800F2
S214007F60FFF7BEFF30B905F1100104F11000BDE8BF
S214007F703840B5E76FF00F0038BD70B50E460121EA
S214007F800446FFF768FE054648B9E28801469200B7
S214007F9020681CF0EFF823681E600123A3802846A3
S214007FA070BD10B501210446FFF7E7FF58B901215F
S214007FB004F10800FFF7E1FF014620B904F11000C4
S214007FC0BDE81040D9E76FF00F0010BDF8B5C388C4
S214007FD00646B1EB431F0C4617464FEA511514D21E
S214007FE00122316804F01F0451F82530A24023EA2C
S214007FF0020341F82530326807FA04F452F82530B7
S214008000234342F825300020F8BD002AFBD0691C27
S214008010FFF721FE0028E3D06FF00F00F4E7F8B575
S21400802004460D46FFF7F6FCE3882844B0EB431FF2
S21400803024D81F2D2368E1884FEA551005F01F0449
S21400804012D96FF003060A4606FB0036904202F18C
S214008050FF3521D3421A814238BF002200250A4448
S21400806003EB82029A421DD134B1002503EB800354
S214008070C4F12007814218D80020F8BD10F01F0177
S21400808018BF012101EB50112046FFF7E4FD002840
S214008090CFD06FF00F00F0E756F8252043F82520E4
S2140080A02A46D3E742F8045DDCE71E68013006FA8C
S2140080B004F22A4343F8042B26FA07F5DAE72DE9FB
S2140080C0F84305460E469046D4887CBBF188284681
S2140080D0FFF7C1FD0746002864D1F28894420BD210
S2140080E0AE4209D028683168121B920001EB840169
S2140080F000EB84001CF0A2F9EA88F088824207D9D7
S2140081002B68121A0021920003EB80001CF032F854
S21400811000221346D5F800C0D6F800E0D8F8008054
S214008120944214D143BB0123AB800DE0D8F8003055
S21400813003EB840353F8043C0BB9013CC5E7F18814
S214008140A142C4D26FF009073846BDE8F8835EF84E
S214008150226058F82200F11A81422CBF4FF0000925
S2140081604FF00109091A4CF822109E422CBF4B46CC
S21400817009F101030132D3E72A68E98802EB840497
S21400818002EB8102944202D1002BCCD0DAE72168C0
S214008190C91A34BF01230023003B18BF012344F84B
S2140081A0041BEFE76FF00F07CEE738B50C46051D4A
S2140081B029462046FEF713FA002801DA002006E0DA
S2140081C02A4621462046FFF77AFF0028F0D038BD21
S2140081D02DE9F8431446B1F904709288054612FB5F
S2140081E007F253430E461ED521463046FEF7C8F921
S2140081F0B0F1FF3F80460DD0224631462846FFF7B5
S2140082005EFF28B9B8F1000F08BF01270020AF8035
S214008210BDE8F88332462846FFF751FF0028F7D11D
S2140082207F42AF80F4E7844202D0814212D12646D4
S2140082300123AB80B6F80690B9F1000FE6D033689C
S2140082404FEA890803EB890353F8043C4BB909F15C
S214008250FF39F1E7FFF744FE0028E8D06FF00F0083
S214008260D6E749462846FFF7F6FC04460028F5D12F
S214008270316826462B68181F50F8042FA2182CBF0A
S2140082804FF0010C4FF0000C51F826400136121941
S2140082904CF10004B1450260EED14344002CB5D049
S2140082A0EA8806F10108B24208D841462846FFF798
S2140082B0D2FC0028D2D12B6803EB86031A68464608
S2140082C012192CBF01240024003C18BF012443F8D7
S2140082D0042BE3E701237BE770B50C460546114601
S2140082E020461A46FFF7F6FF064630B904352946FB
S2140082F02046FEF774F9002801DA304670BD2A469B
S21400830021462046FFF7DBFE0028F0D00646F4E7BD
S2140083104FF0FF335CE770B50C4606461146204624
S2140083201A46FFF7F5FF054688B90436B4F9043057
S214008330002B0CDA00212046FFF735FB30B1324621
S21400834021462046FFF7C6FF0028EFD00546284600
S21400835070BDF7B50D4601230021083504462846B2
S214008360CDE900131646FFF71EFB211D07462A46D9
S2140083706846FFF7CDFF044648B9002F0CBF002221
S21400838006F0010269462846FFF788FC0446684660
S214008390FFF743FC204603B0F0BD2DE9F341044649
S2140083A00F461546CE8836B13B6803EB860353F876
S2140083B0043C33B13DB90021204602B0BDE8F0418F
S2140083C0DBE5013EEFE72046711CFFF744FC28B1D1
S2140083D06FF00F08404602B0BDE8F08139462046EF
S2140083E0FFF77EFD80460028F2D1013D009533461A
S2140083F03A68E188206810F0FBFEEBE72DE9F047CD
S21400840011210446FFF727FC002840F0B5812568B7
S2140084102B682A6AD5F82C9099182CBF01230023C4
S2140084206A6AD5F83080521843F10003914588BF38
S214008430013BA2EB090EF04588BF013BD5F834C0DE
S214008440AEEB0806B44588BF013BAF6BA6EB0C014C
S2140084508F4288BF013BC91B29602568DEB2002B0E
S214008460696880F28B815A4291424FF0FF3228BFF2
S214008470002219446B6AD5F830905B18A96A42F15D
S2140084800002C9182CBF4FF0010A4FF0000A5AFA32
S21400849082F2894588BF013AD5F83480A1EB090EEF
S2140084A0F04588BF013AD5F838C0AEEB0806B445AB
S2140084B088BF013AEF6BA6EB0C039F4288BF013AD8
S2140084C0DB1B6B602568D6B252B2002AA96880F220
S2140084D05A81534299424FF0FF3328BF002311447C
S2140084E0AA6AD5F834E0521843F10001EB6AD5F8D1
S2140084F038C09B182CBF4FF001084FF0000858FA00
S21400850081F19E4588BF0139A3EB0E06B44588BFAE
S2140085100139EF6BA6EB0C02974288BF0139D21BDC
S214008520AA602268CEB249B20029D56880F23081AE
S2140085304B429D424FF0FF3328BF00230D44D16AC3
S214008540D2F83CE04D1943F100034919156B43F18D
S2140085500003691843F100036D18516B43F10003E3
S21400856049192CBF4FF001084FF0000858FA83F362
S2140085708E4588BF013BD2F820C0A1EB0E06B4455D
S21400858088BF013B576AA6EB0C05AF4288BF013B8C
S214008590ED1BD5602168DEB25BB2002B0D6980F260
S2140085A0FC805A4295424FF0FF3228BF00221D44FD
S2140085B00B6B4F6A5D1942F100025B194D6B42F17D
S2140085C00002EB1842F10002ED188B6B42F100023C
S2140085D05B192CBF4FF0010C4FF0000C5CFA82F2D6
S2140085E09F4288BF013A8E6ADD1BAE4288BF013AC1
S2140085F0AD1B0D612568D3B252B2002A696980F2BC
S214008600D180534299424FF0FF3328BF00231144D4
S2140086106E6BEF6A721843F10001AB6BB61841F14E
S2140086200001EA6B9E1941F100019B1941F100011E
S214008630D2182CBF4FF0010C4FF0000CAE6A5CFA5B
S21400864081F1964288BF0139931B9F4288BF01394A
S214008650DB1B6B612268CEB249B20029956980F2B5
S214008660A6804B429D424FF0FF3328BF00230D44A7
S214008670916BD66B4D1943F100034D1943F100037E
S214008680751943F100037619556B43F100038919F8
S21400869043F100036D182CBF4FF0010C4FF0000C97
S2140086A0176A5CFA83F3AF4288BF013B566AE91B40
S2140086B08E4288BF013B891B91612168DDB25BB2A7
S2140086C0002BCA6978DA5D42AA424FF0FF3528BF10
S2140086D000251A44CB6BD1F828A09A1845F100055E
S2140086E09A1845F100059B180A6A45F10005D2184C
S2140086F02CBF0123002353FA85F3924588BF013B24
S214008700D1F82C90A2EB0A08C14588BF013BD1F8EE
S21400871030E0A8EB090CE64588BF013B4F6BACEB9D
S2140087200E06B74288BF013BF61BCE6122685BB2DD
S21400873023EAE371116200250822E18801329142A2
S2140087403FD8002B18DA00222568A958C943A9503B
S2140087500432242AF8D100222568A9580131A950EC
S21400876021688D5815B90432242AF5D14FF6FF72C8
S214008770A2800A6AD21A0A62BDE8F08789192CBF5D
S2140087800122002276E689192CBF01230023A7E6E2
S214008790AD192CBF01230023D1E6AD192CBF012251
S2140087A0002205E7C9182CBF0123002330E7AD19C6
S2140087B02CBF012300235BE752192CBF012500259F
S2140087C088E7216841F82250B7E72DE9F04F99B0C5
S2140087D0CDE90312824600211046FFF7E4F8002890
S2140087E0C0F2F68105D16FF00B03184619B0BDE84C
S2140087F0F08F4FF00109DDE90301924BADF83090A0
S214008800149315ABADF83890CDF84090CDF848905D
S2140088101393FDF7B5FE013019D1BAF1000F06D05B
S21400882050460399FFF75CFB002840F0B281002118
S2140088305046FFF7B8F80028C0F2B98150460499B0
S214008840FDF7CDFE002880F2B9810023CDE7002594
S21400885003990BA80B95ADF83250FFF741FB0B9E22
S2140088600446BDF83270002840F09A810D90ADF8AD
S2140088703A0004990DA8FFF733FB0D9B0546BDF89B
S2140088803A800193002840F09081039B0F90D9888E
S2140088900FA80231ADF83890ADF83090FFF7DBF94D
S2140088A0044628B12C460F9B02936FF00F03A8E0F6
S2140088B001460FA8FFF761FB0F9B02930028F4D137
S2140088C0039B1190D98811A80231FFF7C4F9119CB7
S2140088D002460028E9D10DA8FFF79CF800F01F001B
S2140088E01F287AD0C0F11F0319460BA80593FFF77F
S2140088F096FB0B9EBDF832700028D6D105990DA8C0
S214008900FFF78DFB0D9BBDF83A8001930028CCD174
S214008910C1463D46A7EB080B4FEA4B130793019B56
S2140089204FEA4B110DA80D93ADF83A80FFF777FB91
S2140089300D9BBDF83A8001930028B6D1029B03EB4D
S2140089408B0B019B0DA90BA80B96ADF832700D93FF
S214008950ADF83A80FDF743FE002842DA09F1FF330E
S21400896007990DA80693FFF790F8019B09F1FF32CF
S21400897003EB82030793019A09F18043023B02EB63
S214008980830305F1FF3B05F180450893013D029BFB
S214008990A5EB090503EB8505069B5B4554D3BAF1A9
S2140089A0000F18D005990BA80B96ADF83270FFF79C
S2140089B06CF8039B0BA99B885046ADF83030FFF748
S2140089C08FFA014600287FF470AF5046FEF7EBFFA3
S2140089D0002800F0DA80002313E0C1463D460592E9
S2140089E098E7DBF800300BA90133CBF800300846D7
S2140089F00DAAFFF78DFC0B9E0346BDF832700028CB
S214008A009FD00BA803930B96ADF83270FFF705F9CD
S214008A10019B0DA80D93ADF83A80FFF7FEF8029B78
S214008A200FA80F93FFF7F9F811A81194FFF7F5F8C0
S214008A300C2115A8FFF7DCF8039B002B3FF4F7AEDC
S214008A40D3E600BF01000300079B56F82B101A68F8
S214008A504FEA8B09A9F104003318914209934AD2D0
S214008A60002330581BF064F9002914BF4FF0FF3381
S214008A700346BBF1010F2B600EBF0023B14459F82B
S214008A80083C1593099B1B68169306EB8B031B6823
S214008A9017932B6801332B602B680021013B2B605A
S214008AA011A81194FFF769FA119C00287FF4FDAE17
S214008AB0069B1BB3089B1B682360079B11A91B68BA
S214008AC0084663602A68FFF768FC119C00287FF45C
S214008AD0ECAE13A911A8FDF782FD0028DCDC019B93
S214008AE02A680DA911A80D93ADF83A80FFF755FC3A
S214008AF030B1119CD9E64FF0FF33BAE7069BDBE7AF
S214008B006FF00703029A4FEAC50902FB039911A802
S214008B104946FFF784FA119C00287FF4C6AE0BA9DD
S214008B20084611AA0B96ADF83270FFF7F1FB0B9EC4
S214008B300346BDF8327000287FF463AF01460BA8E9
S214008B40FEF731FF00281CDA0DA911A8FFF7C8F9B7
S214008B500028CED1494611A8FFF761FA119C0028DB
S214008B607FF4A3AE0BA9084611AAFFF7B3FB0B9E32
S214008B700346BDF8327000287FF443AF2B68013BF4
S214008B802B600BF1FF3B043D06E70123AAF80430F7
S214008B9021E70024A046274626460294019484E650
S214008BA02C46A846029501957FE602947DE651463E
S214008BB05046049AFFF78EFB03463EE75146504662
S214008BC0049AFFF7A5FB034600283FF437AE0CE6F1
S214008BD06FF0090309E62DE9F04F99B001900D46B4
S214008BE0104601219146FEF7DEFE002840F304827F
S214008BF001230022294614A8CDE91023CDE912232B
S214008C00CDE90823CDE91423CDE916230F930D9360
S214008C100B93079305930393FFF762F988B36FF0FE
S214008C200F0B14A8FEF7F9FF16A8FEF7F6FFBBF128
S214008C30000F40F0C581012112A8FEF7B4FE0446DD
S214008C40002840F0C4814A46294610A8FFF7BDFD1B
S214008C508346002840F0B5810E9010A90EA8FFF7B5
S214008C603FF90E9C28B9494608A8FFF739F90028AD
S214008C706AD00026B046B246354637466FF00F0B30
S214008C806CE1494616A8FFF72BF90028C7D114A8AF
S214008C90FDF758FF064616A8FDF754FF044650B9E0
S214008CA0014616A8FDF75CFC28B9294612A8FFF76E
S214008CB017F98346B5E70123ADF85C30ADF85430BC
S214008CC0002114A8FEF76FFE80B9A642314616A80A
S214008CD028BF2146FFF7A3F90028A0D116A912A89D
S214008CE0FFF7FEF8834600289BD098E714A8FDF708
S214008CF029FF014614A8FEF7C8FE16A8FDF722FFB6
S214008D00014616A8FEF7C1FE16A914A8FDF767FCD3
S214008D1000280DDB14A9084616AAFFF7D0F98346EB
S214008D2000287FF47EAF012114A8FEF7AEFEC7E749
S214008D3016A9084614AAFFF7C2F9834600287FF44E
S214008D4070AF012116A8F0E7494606A8CDF818B07E
S214008D50FFF7C6F8DDF818A0002840F04181012191
S214008D600CA8CDF830B0FFF708F90C9E002840F0AC
S214008D703A8159460AA8CDF828B0FFF7FEF8DDF884
S214008D802880002840F03381594604A8CDF810B05A
S214008D90FFF7F3F8049D002840F02C81012102A87B
S214008DA0CDF808B0FFF7E9F8029F00287FF466AF19
S214008DB02368D80752D5DAF80030DB077CD506A939
S214008DC00EA80E94CDF818A0FDF709FC0028C0F2F6
S214008DD09E800EA9084606AAFFF79AFA0E9C8346BE
S214008DE0002840F0BB800CA9084604AA0C960495FF
S214008DF0FFF78EFA0C9E8346002840F0AF800AA943
S214008E00084602AACDF828800297FFF781FADDF817
S214008E1028808346002840F0A18000210EA80E94EA
S214008E20FEF7C1FD0028C3D1002104A80495FEF773
S214008E30BAFD0028C0F28880494604A80495FDF7CC
S214008E40CEFB002880F2B180019804A9FFF748F80D
S214008E50B0F1000B18BF6FF00F0B7FE001210EA8DA
S214008E600E94FEF712FE3368DA0703D4D8F8003003
S214008E70DB0715D50CA9084608AA0C96FFF72AFAB0
S214008E800C9E8346002869D10AA9084610AACDF888
S214008E902880FFF73DFADDF82880834600285DD15C
S214008EA001210CA80C96FEF7F0FD01210AA8CDF8CA
S214008EB02880FEF7EAFD7BE7012106A8CDF818A07A
S214008EC0FEF7E3FD2B68D90702D43B68DA0713D513
S214008ED004A9084608AA0495FFF7FCF9049D8346F2
S214008EE000283BD102A9084610AA0297FFF710FAFD
S214008EF0029F8346002831D1012104A80495FEF77D
S214008F00C4FD012102A80297FEF7BFFD53E706A99C
S214008F1008460EAAFFF7FCF9DDF818A08346E8B964
S214008F2004A908460CAA04950C96FFF7F1F9049DCF
S214008F30834698B902A908460AAA0297CDF828805F
S214008F40FFF7E6F9029F64E704A94A460846FFF7DA
S214008F50C1F9049D834600283FF466AF10A8FEF7CB
S214008F605CFE0EA80E94FEF758FE0CA80C96FEF7B4
S214008F7054FE0AA8CDF82880FEF74FFE12A8FEF78A
S214008F804CFE08A8FEF749FE06A8CDF818A0FEF786
S214008F9044FE04A80495FEF740FE02A80297FEF7DA
S214008FA03CFE584619B0BDE8F08F04A94A4608466C
S214008FB0FFF7AEF9049D834600283FF43DAFCDE7AA
S214008FC000242646A046A24625462746C6E75C4617
S214008FD05E46D846DA465D465F466FF00D0BBDE747
S214008FE05E46D84648E6D8465D465F4646E65D4657
S214008FF05F4643E65F4641E66FF0030BD1E72DE997
S214009000F04F16461D46002201238BB0B142814622
S2140090100C46CDE90623CDE908231ED106A8FEF7A7
S2140090205FFFC8B16FF00F03029308A8FEF7F5FDC7
S21400903006A8FEF7F2FD029B002B40F0B080D9F8A0
S2140090404850002D70D12146204609F104020BB08D
S214009050BDE8F04FFFF7B9BB06AEAC4206D12146DD
S21400906008A8FEF73DFF0028DCD108ADB6F806805C
S214009070B8F1000F36D1B8FA88F3EF885B09002FF5
S2140090803AD1002F08BF43F0010308EB070A514608
S21400909020460493FEF7DFFD01460028C2D1204695
S2140090A0FEF76BFF02900028BCD1326823680146A9
S2140090B0039218464FEA8A02D5F800B01BF05AF819
S2140090C0ABF1040A834600EB870708F10101BB45B4
S2140090D01BD1049B33BBB388AA8813FB02F39BB255
S2140090E0A380A2E7336803EB880353F8043C002B05
S2140090F0C1D108F1FF38BBE72A6802EB870252F8B5
S214009100042C002ABDD1013FB9E75AF8043F58465F
S2140091100093039A434605910BF1040B10F068F890
S2140091200599D4E70123DBE7B4F90430002B04DA11
S21400913020460299FEF737FCA0BB2046FEF76AFCE5
S214009140D9F83C30B0EB430F2CD82046A84705464C
S21400915080B909F10406B4F90430002B04DA0021C2
S2140091602046FEF720FC48B931462046FDF737FA80
S21400917000280CDA28460BB0BDE8F08F32462146B0
S2140091802046FFF7A7F80028E5D00546F2E7324666
S21400919021462046FEF793FF0028E5D0F5E76FF05E
S2140091A00F05E7E7004DE5E780B0FFFF2DE9F74341
S2140091B001F110060546894630460021FEF7F3FB0E
S2140091C00446A0B300230127314668462A1DCDE990
S2140091D00037FFF700FD044630BB09F108086B4670
S2140091E0424641462846FFF70AFF0446E0B96B466A
S2140091F06A4669462846FFF702FF0446A0B96B4652
S2140092004A4649462846FFF7FAFE044660B96B46CA
S214009210424641462846FFF7F2FE044620B9394644
S2140092203046FEF7AAFE04466846FEF7F6FC2046E1
S21400923003B0BDE8F0832DE9F84F1E4603F108059C
S214009240C36804468A469046002B40F0A58002F18B
S21400925010031A462946FFF7D2FE002840F09A80EF
S21400926006F110072B46424639462046FFF734F8EB
S214009270002840F08F8006F118092B4642464946E2
S2140092802046FFF748F8002840F084804B463A46D0
S21400929029462046FFF7B3FE00287BD10322294645
S2140092A03046FFF77AF8002872D131462046FEF79E
S2140092B07CFF00286ED108F1080B06F110075B460C
S2140092C05A4639462046FFF79AFE002862D13946AC
S2140092D020460FF089FA00285CD13B4642462946D4
S2140092E02046FFF78CFE002854D1294620460FF072
S2140092F07BFA00284ED106F118093B463A46494605
S2140093002046FFF77CFE002844D1494620460FF051
S2140093106BFA00283ED13346324639462046FFF7E0
S2140093206EFEB8BB2B463A4639462046FEF7F3FF9C
S21400933080BB2B463A4639462046FEF7ECFF48BB34
S2140093403B462A4629462046FEF7E5FF10BB334635
S2140093502A4629462046FFF752FED8B94B462A46EB
S21400936029462046FEF7D7FFA0B95A46494620466A
S21400937008F11003FFF743FE60B9494620460FF098
S21400938033FA38B939465046FEF7AAFD002841D0D0
S2140093906FF00F00BDE8F88F13462946FFF72FFE43
S2140093A00028F7D1032229463046FEF7F6FF0028AC
S2140093B0EED131462046FEF7F8FE0028EAD104F149
S2140093C00C0701463846FEF7EEFA00283FF473AF66
S2140093D008F110031A4629462046FFF710FE00281B
S2140093E0D8D106F110092B462A4649462046FFF7F3
S2140093F006FE0028CED13B464A4629462046FFF7C1
S214009400FEFD0028C6D12B46324631462046FEF7E2
S21400941063FF4EE729460AF10800FEF761FD0028C3
S214009420B6D149460AF11000BDE8F84FFEF758BD20
S2140094302DE9F14F9A461B6904460E4691460A9D51
S214009440002B00F0D38002F1100700213846FEF70B
S214009450AAFA30B95146304601B0BDE8F04FFEF7E3
S21400946075BD0AF1100800214046FEF79CFA08B9BF
S2140094704946F0E701214046FEF795FA002840F0FD
S214009480B5803B463A4629462046FFF7B8FD0028F9
S21400949040F0AD8005F108083B462A464146204686
S2140094A0FFF7ADFD002840F0A28053462A46294625
S2140094B02046FFF7A4FD002840F09980424641462A
S2140094C020460AF10803FFF79AFD002840F08F8037
S2140094D04B462A4629462046FEF71DFF002840F048
S2140094E0868009F1080B5B46424641462046FEF759
S2140094F012FF00287BD100212846FEF754FA0146C9
S21400950088B94046FEF74FFA38B92B464A463146E8
S214009510204601B0BDE8F04F8DE6304601B0BDE80C
S214009520F04FFEF73EBD2B463A46204606F11001A8
S214009530FFF765FD00285AD105F110072B462A468D
S21400954039462046FFF75BFD002850D105F1180A82
S2140095502B463A4651462046FFF751FD002846D195
S2140095604B463A4639462046FFF749FD00283ED18D
S21400957039462846FEF7B4FCE0BB294620460FF0E5
S21400958033F9A0BB4346424631462046FFF737FD37
S21400959068BB2B46324631462046FEF7BCFE30BB43
S2140095A05346324631462046FEF7B5FEF8B93346F6
S2140095B03A4639462046FEF7AEFEC0B943463A461E
S2140095C039462046FFF71BFD88B95B465246514692
S2140095D02046FFF714FD50B953463A46204606F19A
S2140095E0080101B0BDE8F04FFEF795BE034801B094
S2140095F0BDE8F08F6FF00F00F9E700BF80B0FFFF07
S2140096002DE9F0430E460546012189B006F110000B
S214009610FEF7C9F90446002840F0E2802846FEF727
S2140096204FFA0228804660D13046FEF7F3F92B6CDD
S21400963007300733C008B0EBD30F00F2D1802146C5
S2140096403046FEF7B0F90028C0F2CA800123314642
S21400965004A82F7804940593FEF742FC002841D115
S2140096600435294604A8FCF7BAFF002807DA0121CA
S21400967004A8FEF798F9002810DC5B4C07E004A964
S2140096802A460846FEF744FE04460028E9D004A809
S214009690FEF7C3FA204609B0BDE8F083092F0BD1C8
S2140096A0524904A8FCF79BFF0028E6D0504904A8BE
S2140096B0FCF795FF0028E0D0012302934FF001133A
S2140096C004A90793084602AB06AA0693FEF702FE15
S2140096D004460028DBD1294604A8FCF780FF0028B2
S2140096E0D5D1CAE76FF00F04D1E701287AD1214619
S2140096F03046FEF758F9002872DB06F108092146C5
S2140097004846FEF750F900286ADB2F1D39463046DA
S214009710FCF765FF002863DA39464846FCF75FFF2A
S21400972000285DDA4B464A46284602A9CDE902489B
S214009730CDE90448FFF763FC044600284CD13346C5
S2140097403246284604A9FFF75AFC0446002843D1AF
S214009750EB68002B36D1032301934FF0011304A9C5
S2140097600793084601AB06AA0693FEF7D1FD04460A
S21400977090BBBDF91430002B04DA002104A8FEF7D4
S21400978012F9C8B904AA334611462846FFF737FC33
S214009790044608BB04AA1146284605F11403FEF742
S2140097A09BFD0446C0B904A902A8FCF718FF0E4B9F
S2140097B0041E18BF1C460FE004A93A460846FEF7EA
S2140097C089FDD4E704AA1146284605F10C03FEF7E6
S2140097D083FD04460028D5D002A8FEF71EFA56E7F9
S2140097E0014C57E7034C55E780B3FFFF7466020051
S2140097F07C66020080B0FFFF70B5044658B3436C29
S214009800012B11D00C30FEF708FA04F11400FEF715
S21400981004FA04F11C00FEF71BFA04F13400FEF70C
S214009820FCF9201DFEF7F9F9A36D8BB92046BDE8BB
S21400983070406021FEF7DCB906FB0500FEF708FA6B
S2140098400135D4E91603AB42F6D81CF0EFFAEDE783
S21400985000251826F5E770BD10B5044658B1FFF789
S214009860CBFF04F16000FEF7D8F904F16800BDE80C
S2140098701040FEF7EDB910BDF0B504460E4685B0B3
S214009880FFF7BAFF2046FEF72DF9032E267005D007
S214009890092E30D000233F4D237029E03E4B3F4A2F
S2140098A0A3643F4BA260A261A2632262A26203F19C
S2140098B0800262624FF0011203F12001616103F140
S2140098C040016360616303F16001A033E362E1611C
S2140098D02263201DFEF79EF8E06304F13400FEF7D5
S2140098E099F8012363640023C4E916332064002535
S2140098F0284605B0F0BD2B4B2B49A36404F10C00A1
S214009900FEF73BFB00283FD1271D01213846FEF716
S21400991034FB002838D1FF213846FEF780FB98BB81
S214009920132301934FF0011339460393384601ABD6
S21400993002AA0293FEF7ECFC054638BB3846FEF753
S21400994069F804F13407E063102238461749FEF739
S21400995096FA0546D0B90122FC213846FEF736FBBA
S21400996090B9314604F11C00FEF707FB60B90121EF
S21400997004F12C00FEF701FB30B904F12400FEF7D9
S2140099804CF9FE232364B2E76FF00F052046FFF77D
S21400999033FFADE780B1FFFFFD8300000100080044
S2140099A0846602006B6B000042DB01002867020041
S2140099B000F4E040B0F5805F04D0A0F500535842B4
S2140099C05841704701207047434213F07F0320D070
S2140099D0584210F15F0F80F2C98010F16C0F48DA20
S2140099E010F1700F00F0F28010F16F0F80F2B68069
S2140099F010F5645F00F08E8000F3A58010F5685FB8
S214009A006DD000F39D8010F56C5F1DD010F56A5F79
S214009A1064E010F56E5F00F0D680DADC10F59C4F3F
S214009A2078D05FDC10F5C44F00F0C48034DC10F54D
S214009A30C74F00F0C280C0F2CF8010F5C64F69D085
S214009A4010F5C54F40F0C8806FF0860070470123C0
S214009A5000F10E02934040F217521342F4D1002850
S214009A603FD010F1080F14BF6FF083006FF089002D
S214009A707047012300F16C02934041F250521342AA
S214009A80E2D1DB0700F1A58010F16A0F14BF6FF07A
S214009A9083006FF08C00704710F5A24FD4D010DC16
S214009AA010F5C14F1BD005DC10F5C34F06D010F5DE
S214009AB0C24FC7E710F5A34F40F08E806FF08C00C2
S214009AC0704710F59E4F00F0848005DC10F5A14F1E
S214009AD005D010F59F4FB5E710F59D4F7CD16FF080
S214009AE08500704710F5785F6AD01BDC10F5994F3B
S214009AF0AAD008DC10F59B4FE0D010F59A4F6BD13A
S214009B006FF09300704710F57E5FD7D005DC10F538
S214009B10984F61D16FF09400704720F0800010F5E8
S214009B207C5F8FE710F5705F4DD055DC10F5725FE7
S214009B30D5D051DC10F5765F86D010F5745F81E7DE
S214009B4010F5665FCAE710F5625F42D010F1720F3B
S214009B5014BF6FF083006FF08500704710F16E0F32
S214009B6014BF6FF083006FF096007047002833DC58
S214009B7010F10E0FBFF66BAF10F13B0F0ADA10F1C3
S214009B803D0FBDDA10F1400F14BF6FF083006FF089
S214009B909300704710F1100F90D010F10F0FB9D04E
S214009BA010F1210F3FF450AF10F1200F97D010F1B5
S214009BB0220FCDE76FF0950070476FF09600704764
S214009BC06FF0910070476FF0840070476FF092005E
S214009BD070476FF0890070476FF08300704741F25E
S214009BE0052398421AD8B0F5905F09D241F20103D6
S214009BF098420CD0B0F5885F09D06FF085007047AA
S214009C002923A0F5905080B2C340DB07F5D511F0AC
S214009C10070F14BF6FF0860000207047B0F5105F86
S214009C20EBD121F04003802B06D0B1F5807F14BF26
S214009C306FF08600002070470020704770B5046AF9
S214009C4005460E463CB901200CF0FAFC286228B105
S214009C5020466E6270BD6FF08A00FBE76FF08C00E6
S214009C60F8E72DE9F843884617461E4604F0A0FCA0
S214009C70044620BBD8F80050B5F8009009F4E0433D
S214009C80B3F5804FAB6808BF27F0010737EA030338
S214009C900DD1A6B132464846E968FCF717FD0746DF
S214009CA068B9324648462969FCF710FD50B90023CA
S214009CB02846C8F8003004F0B7FD6FF0840420464C
S214009CC0BDE8F8833C46FAE738B50446006A10B1AA
S214009CD0616AFDF797FF237E012B0FD0023B012B15
S214009CE00FD8E369012B14BF6FF0960500252822D4
S214009CF0002120461AF03EFA284638BDE369002BBC
S214009D00F1E76FF09605F2E713B50446C0B101A976
S214009D1004F04EFC044698B9019B1A7E022A12D122
S214009D2003221A761A79FF2A10D01AB1586904F05D
S214009D309BFD0446019804F077FD002818BF0446F2
S214009D40204602B010BD6FF09604F3E76FF084046F
S214009D50F0E710B543780446012B03D1BDE8104068
S214009D604068D1E70378012B02D108300BF0BCFF26
S214009D700023237010BD10B5044630B13830FFF70D
S214009D80E8FF68212046FDF733FF2046BDE8104077
S214009D901CF04CB838B5044640B390F84430012B5C
S214009DA011D1C56B4DB12B7A012B02D16868FFF734
S214009DB0ABFF0C212846FDF725FF2046BDE83840BE
S214009DC04821FDF715BF006C10B15C21FDF71AFFA6
S214009DD0E06B0028F1D02368DA79054B02F07C02AC
S214009DE01344D3F8D8309B699847E6E738BD00BFE0
S214009DF060660200994270B50C4615461E460DD8A0
S214009E000A46014628461AF019FB0021321B28197B
S214009E101AF0B0F90020049B1C6070BD6FF089003A
S214009E20FBE713B50C4B0C4693F8ED20022A10D135
S214009E3093F8EC30072B0CD1002301AA01930EF007
S214009E4076FA20B9019BA34218BF6FF0930002B0C8
S214009E5010BD6FF08800FAE7C80A002000230360F0
S214009E604360704708B5134991F8ED3091F8EC203F
S214009E70022B01D1072A1BD0D0075CBF42F001029B
S214009E8081F8EC2090075FBF012042F0020281F8C3
S214009E90E80181F8EC202BB90748FFF7DFFF022323
S214009EA081F8ED3053075CBF42F0040281F8EC20E5
S214009EB0002008BDC80A0020B80B00202DE9F04F8E
S214009EC000F1780BB9B00546039100F16806002151
S214009ED05846CDE90523FDF766FD20B3281DFDF79E
S214009EE099FDC41D2846FDF7EBFD02284FEAD40471
S214009EF000F031835D4A2846FDF7E2FD012807465B
S214009F0040F02F8300215846FDF74DFD002840F015
S214009F104183059B002B00F02383039B1870069B50
S214009F201F6000221DE305F16003194628460493CE
S214009F30FDF7F2FD044600283CD105F11C0A514607
S214009F402846FFF75DFB0446A0BB2846FDF7B8FD94
S214009F50022840F0698101220321CDE91024CDE9D1
S214009F601224CDE909420F94149217AB013903F17C
S214009F70080323F8042C23F8024C43F8084CF5D2C7
S214009F80514609A8FDF7ACFFF0B16FF00F040FA81B
S214009F90FDF751FE09A8FDF740FE00270DF15C080D
S214009FA008EB07000837FDF738FE202FF8D1002C05
S214009FB000F03B812046FFF707FD044600288DD0C1
S214009FC0204639B0BDE8F08F51460FA8FDF7BEFF1A
S214009FD00028DAD101213046FDF7CFFF01460028E0
S214009FE0D3D15846FDF7C9FF0028CED105F1700041
S214009FF0FDF713FE05F1040949460FA8FCF7EFFA32
S21400A000002829DA28460FA911F038FC0446002853
S21400A010BDD1D5F84080B8F1FF3F29D1314628465A
S21400A02011F02CFC04460028B1D14A465946584641
S21400A030FEF7D1FD04460028A9D15B4632463146DC
S21400A0402846FEF7DCFF04460028A0D1012158462A
S21400A050FDF793FF04469AE70FA94A460846FEF71F
S21400A0602EF804460028C7D091E700BF80B1FFFF56
S21400A07041460498FCF774FAC7B23A4630460FA930
S21400A080FDF756FE002880D13A46584613A9FDF73C
S21400A0904FFE00287FF479AF5B463246284617A964
S21400A0A0FEF71AF9044600287FF471AF5B46324685
S21400A0B0284619A9FEF72FF9044600287FF467AF53
S21400A0C0284613AB0FAA1BA9FEF706F9044600287C
S21400A0D07FF45DAF284613AB0FAA1DA9FEF71BF948
S21400A0E0044600287FF453AF1DAA1146284617AB36
S21400A0F0FEF785FF044600287FF449AF1BAA1146E9
S21400A100284619ABFEF77BFF044600287FF43FAFD6
S21400A11017AB1A4619462846FEF771FF0446002874
S21400A1207FF435AF19AB1A4619462846FEF767FF87
S21400A130044600287FF42BAF3146284619AB17AAF1
S21400A140FEF75DFF044600287FF421AF17AA1146EC
S21400A150284619ABFEF7DFF8044600287FF417AF51
S21400A1605946284617AB05F10C02FEF748FF044691
S21400A17000287FF40CAF5B465946284619AAFEF71E
S21400A180ABF8044600287FF402AF28461BAB1DAA96
S21400A1900FA9FEF7A1F8044600287FF4F8AE0FAB2F
S21400A1A01A4619462846FEF72AFF044600287FF47A
S21400A1B0EEAE28461BAB1DAA13A9FEF7ACF8044664
S21400A1C000287FF4E4AE13AB1A4619462846FEF77D
S21400A1D016FF044600287FF4DAAE13AB194628466D
S21400A1E009AAFEF70CFF044600287FF4D0AE5B46B3
S21400A1F05946284617AAFEF702FF044600287FF4B1
S21400A200C6AE3A4630460FA9FDF792FD00287FF409
S21400A210BCAE3A46584613A9FDF78AFD08F1FF384A
S21400A22000283FF4F8AEB0E6B94C2846FDF748FCE7
S21400A230012807907FF4BEAE2B6C18210133022054
S21400A2404FEA53080CF0FCF90746002800F081811D
S21400A25000F11809FDF73DFC4846FDF73AFC0423DB
S21400A2600022029317AB0799083323F8041C0299BF
S21400A27023F8022C0139029143F8082CF3D15146F9
S21400A2803846FDF763FE002878D06FF00F044FF0D5
S21400A290000A0DF15C0909EB0A000AF1080AFDF74D
S21400A2A0BCFCBAF1200FF6D174B9012305F1340ACB
S21400A2B021465046CDE90F4309940A93FCF750F91E
S21400A2C001285ED0A4F59F44AB6D9F420AD04FB1E3
S21400A2D03846FDF7BDFC07F11800FDF7B9FC384617
S21400A2E01BF0A4FD002C3FF465AE3046FDF7B0FC35
S21400A2F060E6BAFBF8F3012202FA03F1182208FB23
S21400A30013A3C9B202FB017473B322462146284642
S21400A31017ABFEF790FF04460028B8D10AF1010AF1
S21400A320D045E6D149462846FEF740FF04460028B9
S21400A330ADD117AB00933A464B4649462846FFF741
S21400A34077F804460028A2D149462846FEF72EFF95
S21400A350044600289BD107F11000FDF75EFC07F1CC
S21400A3602800FDF75AFC92E718234908204603FB0D
S21400A3700171FDF7EBFD0028C7D086E7DDF808A0E1
S21400A380CEE721460498FCF7EBF880F00100C3B254
S21400A390049909A80793FDF7A3FD00285ED06FF087
S21400A3A00F040FA8FDF739FC09A8FDF736FC002CB2
S21400A3B08AD101224FF00409CDE90A24CDE90C2404
S21400A3C009940E920FABB9F1010903F1080323F8C3
S21400A3D0042C23F8024C43F8084CF4D108F1E003AF
S21400A3E06B443A463146284613F8843C0EF0BEF9D4
S21400A3F0044658B93146284611F0FCF9044628B9F7
S21400A4000DF13C0AB8F1000F40F0848009A8FDF772
S21400A41012FC0DF13C0808EB090009F10809FDF7EC
S21400A420FCFBB9F1200FF6D1002C7FF44DAF31467E
S21400A4302846079AFDF78DFF044600287FF444AFB0
S21400A4403146284611F0D6F9044600287FF43CAF82
S21400A45031462846FEF7AAFE044635E75146049ADA
S21400A4600FA8FDF755FF044600289AD1079A0FA9B2
S21400A47009A8FDF713FC0446002890D1014608F110
S21400A4800102484619F076FE4B460493029B984517
S21400A49039D0194609A8FCF763F8049B93F800A086
S21400A4A0029B4AEA000A08EB030109A8FCF758F8E1
S21400A4B0029A049B5FFA8AFA4AEA400A013203F8D3
S21400A4C001AB0292E1E799F8010099F800A080EA52
S21400A4D00201CB4303F0010E43F300030AEA030331
S21400A4E0104001EA0302594009F8011F19F8013C1F
S21400A4F0024343EACE1309F8013C0CF1010C029B1F
S21400A5006345E0D24DE700224FF0010CF7E700BFAD
S21400A51080B0FFFF534632463146284608F1FF38E2
S21400A520FEF789FE98B917AB3A46284613F8083066
S21400A53009A90EF01BF950B9324631462846CDF827
S21400A54000A009ABFEF774FF00283FF45BAF04469B
S21400A5505CE71F4CB8E6069B1C60059BA3420DD229
S21400A5601C4A1046FFF730FA044600283FF428AD90
S21400A5700021059A039819F0FDFD21E52246304694
S21400A5800399FDF7A9F9024600283FF4B4AC6FF032
S21400A5900702E6E7069A630001331360059A9A42BB
S21400A5A0DED3042303992246304601F8013BFDF72B
S21400A5B0C6F90028EBD1039B611C2246194405F11D
S21400A5C07000FDF7BCF900283FF4ABACDFE700BF36
S21400A5D080B2FFFF00B1FFFF2DE9F04F89B0039373
S21400A5E000230E4603998146154606930B60002A03
S21400A5F000F012810EF05EFB834638BB99F80470BB
S21400A60007B907A806A903F093FF8046E8B9069C99
S21400A610CE46A446BEE80F00ACE80F009EE8030056
S21400A6208CE803000FB9079B6361636AA3B1D4E9A2
S21400A63008A76388059363681B0A1CD0784A934270
S21400A64000F0BA806FF0860B00E08346069808B1EB
S21400A650FFF73AFBD846DBE0D9F804301B0A02D0F5
S21400A6606F4A9342EED129462046FFF7E7FA834623
S21400A6700028DCD0EAE7238803F44F43B3F5824F83
S21400A6800BD0B4F800B05846FFF792F9B8B91BF4EF
S21400A690804F2BD16FF0850BD8E72A4631462046EF
S21400A6A005AB0BF075FD834628B9AF4280F0968067
S21400A6B06FF0890BCAE710F1860FE2D0C6E705995E
S21400A6C009B9E90005915846FFF789FA834600283C
S21400A6D0BCD10731B5EBD10FB4D1AF42E8D32A468F
S21400A6E03146504619F0AAFE656238E02BF4435313
S21400A6F023F03F03B3F5824FCCD1079007AB584603
S21400A7006188324600932B460DF08AFE079D8346ED
S21400A710D8B923882A6C23F4435121F03F01B1F5C0
S21400A720824F03D1D9B2412908BF013203F4E04376
S21400A730B3F5804F04F12401059235D10B463A4615
S21400A74051462846FFF7BAFB83462846FFF784F8AB
S21400A75028461BF06BFBBBF1000F7FF477AF6288D7
S21400A760059B002A45D163804FF6F872934291D834
S21400A770B9F800301BB122889A427FF463AFB9F86B
S21400A78002301BB162889A427FF45CAF2379A3BB88
S21400A7906369039A1360237E012B37D00023039A44
S21400A7A06FF0960B136051E73B4652462846FDF77E
S21400A7B0F3F9FFF709F9C7E7238803F44F43B3F526
S21400A7C0824F7FF467AF2A463146204605AB0BF032
S21400A7D0DFFC834600283FF468AF37E72A46314659
S21400A7E0504619F02BFE5146059A20880EF0B2FA14
S21400A7F07AE79A427FF426AFB6E72046D4E90812F5
S21400A80004F04DF883460028C2D01FE702232376C3
S21400A810404609B0BDE8F08F6FF08608F8E700BF45
S21400A820020080002DE9F04F43780D46012B1746B5
S21400A830ABB040F0EE820023DFF800A30A934FF49B
S21400A8408072534640680AA9FFF70BFA064670B9AD
S21400A850DDF82890D9F80430D9E908425FEA1328D1
S21400A86013D0AF4B984500F0C6826FF086060A9864
S21400A87003F0DAFF1EB9002800F0D78206463046FD
S21400A8802BB0BDE8F04FFBF7F2BE09AB04931023E4
S21400A8902146CDE902734846CDE900850CAB0EF0A3
S21400A8A0BBFE10F1860F0646E1D10DF1580B502283
S21400A8B04146584619F05EFCB9F8003050460693FB
S21400A8C0CDF858A0069910AB0BAAB9F802908DF8EF
S21400A8D040800EF075FC48B99DF840009DF82CC0ED
S21400A8E09049D1F804A0BAF1000F07D1169B03F0E7
S21400A8F0FE43B3F1806F00F0C380B8E79AF80720F4
S21400A900894B02F07C021A44D2F8D8201278824290
S21400A9100CD19AF8052002F00F0E4FEA8E13B9EB11
S21400A9208E1F079302D1BCEB121F01D00831D8E767
S21400A9304822002118A819F01DFC9AF807207A4B27
S21400A94002F07C021A44D2F8D8205269FAB99DF86F
S21400A950A420CDF860A0012A40F0D380279E1622BE
S21400A96000210DF1420019F005FC327A002A40F071
S21400A970D5809AF80630102B00F286800D2B00F258
S21400A9808580023B052B40F28180684804E09047B2
S21400A99027900028DBD16648FFF716F80646002801
S21400A9A0A4D1169B03F0FF43B3F1906F09D0219B0F
S21400A9B09DF85D201033B3FBF2F35343102B00F2E7
S21400A9C00682189B002B00F07C819DF8A420012AAB
S21400A9D000F07C811C7914F01F0400F069815A791C
S21400A9E002F0F002102A40F0C080102C40F0628185
S21400A9F0DA794D4B02F07C021344D3F8D8302A465D
S21400AA005E689DF968103B462798B047FEF7DCFF66
S21400AA10102C064600F2DE8100287FF467AF07B1EF
S21400AA202744219A10AD32B1169B424923F4806325
S21400AA308B4200F0C6811898002840F051813E48AD
S21400AA40FEF7C2FF064650B90B9A42B1C4F1100396
S21400AA509342C0F0B9812946384619F0EFFC102120
S21400AA602846FDF7C5F8002E7FF440AF0B9B234425
S21400AA700993169B03F0FE43B3F1806F40F0B88154
S21400AA8018A8FFF787F9F2E6263B7BE74FF410534A
S21400AA90ADF840304FF440730BA80B93FCF75FFC07
S21400AAA00B9B21461293334653F8042B10A813929F
S21400AAB0079AD208FFF790FD10F1860F3FF465AFB6
S21400AAC028B18D303FF467AF6FF06F0064E7012365
S21400AAD03372CDF864908DF86830069B002003F43E
S21400AAE0E043B3F5005F09BF069B0023C3F30222D1
S21400AAF0012304BF9340DBB28DF85D308DF85C0017
S21400AB004AE79AF8072002F00302012A18D89AF8B2
S21400AB10052002F00F02B9EB821F11D006483BE772
S21400AB20020080004867020060660200809FFFFF08
S21400AB30809EFFFF00404004009FFFFF004440044B
S21400AB400122CDF864908DF868209AF80720A34B70
S21400AB5002F07C021344D3F8D8302146DB68079A0B
S21400AB60279898470028B8D016E7902A14D1279837
S21400AB70446E14F0100440F0A080836A2BB1C36AC0
S21400AB80026A1033934200F299803B46102229460F
S21400AB9000F03EFA102439E7BD420AD12199002977
S21400ABA040F08F801023B3FBF4F36343102B40F088
S21400ABB08B80202A40F08A809DF96830219EA3B9B8
S21400ABC01B9BA3B1A31B0F2B14D91C365E4405F1A7
S21400ABD0100355F8042B9D4246F8042BF9D10024A7
S21400ABE0219B20461033219310E7012B02D1A31B93
S21400ABF0102BE9E70DF17409002E56D0A4EB060AD7
S21400AC0006F11C0052462946584419F017FC189BBA
S21400AC10724ADB79CDE9009703F07C031344D3F83E
S21400AC20D8302246D3F808B09DF96810279822AB92
S21400AC30D84700284DD106F110031B1B21903FF486
S21400AC40E5AE264607EB040B5544B3FBF4F204FBD3
S21400AC50123232B99DF9681019B91B99002918BF2C
S21400AC602246A3EB020A484605EB0A01069219F0B3
S21400AC70E5FB219B069A13442193BAF1000F2AD0D4
S21400AC80189B564ADB79CDE9005B03F07C0313443E
S21400AC90D3F8D83052469C689DF96810279822ABA6
S21400ACA0A047D8B906EB0A04B0E6BB461023CCE7AB
S21400ACB04B48ABE600244B48A8E600246FF00C0097
S21400ACC0A4E600244848A1E60C46FBE700244748D3
S21400ACD09CE600249AE63446504697E6344695E6C7
S21400ACE09DF8A430012B01D14048A9E600230B9320
S21400ACF0417901F0F003202B0BD11C9900293FF479
S21400AD009EAE81794C39012911D9102B11D172B11F
S21400AD104DE001F0B006302E09D001F0E0014029E8
S21400AD2005D0602B03D0902B01D0A02BE9D10020BA
S21400AD3086E6202BD8D19DF96830012B2FD11B9B9E
S21400AD40002BE4D0269911B90179490989001DA87C
S21400AD509847189B21491A79DB79019503F07C0303
S21400AD600B44D3F8D8301DA900919E689DF9681051
S21400AD70279822AB02F01F02B04700287FF460AE8F
S21400AD809DF96820189BA2B91C9E1BB193F80480FD
S21400AD9008F01F08414628460BAAB04750E603793C
S21400ADA003F01F039A42D4D01B9B002BAFD00D4854
S21400ADB046E61BB193F8048008F01F08CDF82C80F7
S21400ADC0B5E76FF086064AE66FF0890647E66FF04D
S21400ADD089068BE56FF0960688E500BF6066020080
S21400ADE0809CFFFF809DFFFF009FFFFF809FFFFF6F
S21400ADF06FF088063BE509AB04931023CDE9000508
S21400AE00CDE90273214648460CAB0EF005FC06461B
S21400AE102DE50178012907D113462A4608302BB0C4
S21400AE20BDE8F04F0AF07FBF01482BB0BDE8F08FB9
S21400AE30809CFFFF2DE9FF4705460C469046002103
S21400AE40102268469A46DDF8309019F093F96A4663
S21400AE5005F1100105F13800FFF7E4FC6F460646E1
S21400AE6058B16B6E43F010036B6638461021FCF742
S21400AE70BFFE304604B0BDE8F08739190446221DEF
S21400AE80904509D2A045F0D91AF804300A5D53401F
S21400AE9009F804300134F5E75AF8043008594340FD
S21400AEA049F804301446EAE7F7B5436E1746DA0663
S21400AEB004460E4636D4426A0AB11B072AD5236AD0
S21400AEC02BBB00221046216BD3B2994202F101023D
S21400AED023D823461022002120460094FFF7AAFF1D
S21400AEE0054688B926B13A462146304619F0A6FAF4
S21400AEF00026102231462046666619F03BF91022DD
S21400AF003146A01819F036F9284603B0F0BDE26ABB
S21400AF109342D6D06FF00C05F6E7C3F10F03234437
S21400AF201874D1E76FF06D05EEE738B5416E04464C
S21400AF3001F00303032B06D1826A32B9436B023B4E
S21400AF40012B1CD80262002038BD056B2378681ED2
S21400AF500343606A023A003818BF012043EA8013B0
S21400AF600020520843EAC2032370236AC2B2954205
S21400AF7000F1010006D853B141F0100161666FF090
S21400AF800C00E1E7C2F10F02A3541B0AEEE72246CB
S21400AF90214604F13800FFF745FC0028D4D0636E44
S21400AFA043F010036366CFE72DE9F0411D46073BEB
S21400AFB0062B0446164627D8A04600F11103C5F115
S21400AFC00F07416307630F2218460021013F19F05F
S21400AFD0D1F82A46314608F8107F19F02FFA681C77
S21400AFE0226B0021404419F0C5F801232A46E37776
S21400AFF0E018314619F022FA636E204643F001034A
S21400B0006366BDE8F04190E76FF00C00BDE8F081A4
S21400B0102DE9F04F04468846914689B09A4600F1DD
S21400B020380303930DF1100BB9F1000F01D14B4615
S21400B03083E0E36A03F00F06C6F110054D4528BF0E
S21400B0404D462B44E362636B23F00203012B3ED094
S21400B050676B37F0020727D143462A46314620461B
S21400B060CDF800B0FFF7E6FE0346002865D1584647
S21400B070A319A3F1040C3A1D954269D23B44BD4284
S21400B0806FD82A465946504619F0D8F97319102B2E
S21400B09003D0E26A236A9A426FD122462146039879
S21400B0A0FFF7C0FB034648BB2E44102E61D100219B
S21400B0B0206BCBB2984260D9C3F10F0323441A7CAD
S21400B0C001310132D2B21A74002AF2D055E00023C0
S21400B0D0A119181D854201EB030214D29D4219D80E
S21400B0E07319102B03D0E26A236A9A421AD12246B9
S21400B0F021460398FFF796FB034698B1626E42F02E
S21400B1001002626619E058F80320CF587A40CA50F9
S21400B1100346DEE718F8030011780133414002F8D1
S21400B120011BDBE743462A4631462046CDF800A001
S21400B130FFF780FE034600288AD010210DEB0100A1
S21400B1400393FCF755FD039B184609B0BDE8F08F46
S21400B15050F8047B5CF8021079404CF80210174651
S21400B16089E71A781BF8071001374A4003F8012BC5
S21400B17085E7E26A236A9A4299D0A9EB0509A844B2
S21400B180AA4451E72DE9F04F604E044696F8CC30BD
S21400B1900D4692468FB0042B11D8DFE803F0B3B506
S21400B1A0030C0C00007A012894BF00200120C00088
S21400B1B00FB0BDE8F08F037A012B00F0A58094F85D
S21400B1C0A0000028F4D02A68137903F0070123F0C2
S21400B1D0070313712B68D6F8D4000693237A0791D9
S21400B1E08DF82C30D4F89830CDF82D0043F000437D
S21400B1F00D93474BD6F8EC019A889B79ADF8312031
S21400B2008DF8333000234FF4007209930AA9414B9E
S21400B210D5F80490BAF80070FEF723FD83460028A0
S21400B22061D1DDF82880D8F80430D8E908121B0A66
S21400B2300CD03948834229D06FF0860B002F36D0C9
S21400B2403A460021484618F095FF30E009ABCDE9B4
S21400B2500473069B40460093CDE90279CDF804902E
S21400B2600BAB0FF015FB10F1860F83461CD10DF1CA
S21400B2702203B8F8001027480DF123020DF0A0FFB6
S21400B280031E14BF9B466FF0850BD7E709ABCDE9CD
S21400B2900473069B40460093CDE90279CDF80490EE
S21400B2A00BAB0FF0F5FA8346BBF1000FC6D10A9838
S21400B2B003F0BAFABBF1000F15D10EF05CF8D4F823
S21400B2C098200132C4F89820D6F8E4200132B2F172
S21400B2D0005FC6F8E42006D196F8CC20052A02D1F5
S21400B2E00320FCF7B9F85846FCF786F810B9099B16
S21400B2F0AAF800302A680799137923F00703194340
S21400B300117155E7032053E7002051E7C80A0020D3
S21400B3109C0B0020000248050200800070B5044621
S21400B32088B038300E461546FEF713FD0122224B34
S21400B33084F8382093F8EC3013EA020129D0002173
S21400B34084F8392003A8142218F014FF4FF4105381
S21400B3504FF6F872ADF808304FF6FF73954298BF77
S21400B3602B46ADF80A30154B01A805934FF48073B1
S21400B3700193FBF7F4FF019BEA1D0493314604F1A9
S21400B3803C03D20802A8FFF727F978B1FBF76FF95C
S21400B3900BE084F8391040342422204618F0EAFEE8
S21400B3A02A46314620460AF0A4FC10B9002008B010
S21400B3B070BD6FF00C00FAE7C80A00200044400495
S21400B3C02DE9F0410446EFF31186302383F311880C
S21400B3D0D0F8A4309D681DBB04F130001AF010FFB1
S21400B3E0D4F8A4305D69002D36D1A04658F88C7F7D
S21400B3F0002F4DD12774274657F8905F002D5FD158
S21400B400274657F8945F002D61D1D4F8A430DF6842
S21400B410002F63D186F31188BFF36F8FBDE8F081EC
S21400B42015F8203CA5F130007F2B4FEA93174369AF
S21400B43098BF0027A3422D68CDD1D4F8A4100831B8
S21400B440FBF73EFF1FB9637B01336373C3E7032F2C
S21400B45004BF0023A373BEE715F8203CA5F1300017
S21400B4607F2B4FEA9317436998BF0027A3422D68A6
S21400B470B9D1D4F8A4101431FBF722FF1FB9637BAF
S21400B48001336373AFE7032F04BF0023A373AAE758
S21400B4903D4655F830794046AB7C05F13001013B1E
S21400B4A0AB7408F061FBAB7C33B9637B33210133AB
S21400B4B028466373FBF7DEFEE37B013BE37397E707
S21400B4C02846394650F83059FBF7FAFE96E72846E4
S21400B4D0394650F83059FBF7F3FE94E7384650F8F3
S21400B4E030794369A34293D1D4F8A4100C31FBF70A
S21400B4F0E7FE84F8A1508BE7F8B50546EFF3118315
S21400B500302282F31188046844B1627AD20605D4E8
S21400B51083F31188BFF36F8F0F20F8BDAA68012A46
S21400B52005D983F31188BFF36F8F0420F5E7002257
S21400B530AA6083F31188BFF36F8F002C47D094F86E
S21400B540506030460DF0D1FF08B9042E08D1217A9C
S21400B55031B1D4F8A40000B1C0300222FCF718F9CB
S21400B560032304F1840684F85030D4F8843083BB77
S21400B57004F18807D4F88860A6BB2046FFF720FFB2
S21400B580642066811AF04EFD002200236061C4E943
S21400B59006232046C4E90823C4E90A23C4E926662C
S21400B5A0FBF700FD88B1022384F85030EFF31182D8
S21400B5B0302383F31188D4F8A430596844F8041F64
S21400B5C05C6082F31188BFF36F8F00232B6000202E
S21400B5D0A3E7304608F0C0FA0146D4F8A400FBF70B
S21400B5E040F9C2E7384608F0B7FA0146D4F8A40096
S21400B5F0FBF737F9BEE710B5074C04F1B800FFF7C4
S21400B6007BFFFBF7D1FE30B10122044B83F8082103
S21400B610002384F8C43010BDC80A0020E03F002094
S21400B620F0B5A0F1C00602230022314685B00446DC
S21400B6300DF0B0F92E28054670D000286BD12046B4
S21400B64003A9FBF7CFFC40B9039B354D20465D664A
S21400B650FBF7BBFCFBF7C6FC20B12046FFF74CFF10
S21400B660022558E0039B20469D65FBF7AEFCFBF7E2
S21400B670B9FC0028F1D1039B2A4A20465A67FBF7FB
S21400B680A4FCFBF7AFFC05460028E6D1039B20464A
S21400B6909C67FBF79AFC3046FBF704F9039E0623EB
S21400B6A0374647F80C4BB381356109F067FF4FF01A
S21400B6B050234FF4003210F0400F1A6714BF732364
S21400B6C0772310F0800F18BF732310F4806F18BF15
S21400B6D0732310F0010F18BF782310F0020F18BF65
S21400B6E0782310F0080F18BF742310F4004F18BF0B
S21400B6F0742310F0040F18BF722310F4804F18BF85
S21400B7007223736108230C22F381394603232046F3
S21400B7100096FBF74FFD284605B0F0BD1225FAE768
S21400B720BFB700005B65000010B5436F044613B159
S21400B730816F007A98472046BDE8104040E62DE924
S21400B740F0410546302700F114086B690BB9BDE8D7
S21400B750F081EFF3118487F311884046FBF774FD00
S21400B760034684F31188BFF36F8F90F824201AB134
S21400B7700021FBF77FFDE8E7827C44690132827492
S21400B780D4F88C2043F8302FC4F88C30237C092B57
S21400B79006D90A23204684F85030FFF7C5FFD4E7C1
S21400B7A0666941F28830760066611AF03BFC864294
S21400B7B094BF6661606120460DF0E2FEC5E7F8B50D
S21400B7C0154612681C46A2F1C00000297CD06968A4
S21400B7D03E4B99424CD13E4B90F80111D3F8C830FD
S21400B7E0B1B343BB012302260A2780F8003152F882
S21400B7F0C04C3CB92B68294653F8440CBDE8F840C9
S21400B8000DF0CABD94F85030042B0DD003D8012B90
S21400B8100AD02468EDE7053B032BFAD8204684F8C7
S21400B8205070FFF781FFF4E70621204684F8506049
S21400B830FAF78CFDEDE74FF000524FF20F01518002
S21400B840012B4FF000530FD04CF23C325A8009E0E7
S21400B8504FF000524FF20F015180002BF0D140F212
S21400B8600123138008F066F940F202221A80F9E7F5
S21400B870184A21F0FF03934215D1C9B2FBF754FAD8
S21400B8800028B7D090F85030042BB3D1002C14BF4A
S21400B8900223052380F85030C36F002BAAD0214620
S21400B8A0FAF754FDA6E70C4A9342A3D1C9B2FBF7B8
S21400B8B03BFA00289ED090F85030073B012B9CBFE7
S21400B8C0092380F8503095E7F8BD00BFEFBEADDE27
S21400B8D0C80A002000BAFECA00BAEFBE70B50D4610
S21400B8E0EFF31186302383F311884C6904F18C0042
S21400B8F0FBF7AAFC04F130001AF082FCD4F8A4008E
S21400B90029461430FBF7AAFCD4F8A420044902F117
S21400B9102C000DF080FD86F31188BFF36F8F70BD8D
S21400B9203FB700002DE9F04F85B0EFF311883026C1
S21400B93086F311884048FAF745FF0446DFF8009181
S21400B94034B988F31188BFF36F8F05B0BDE8F08F68
S21400B950636933B1D3F8A420D2F8A8300133C2F813
S21400B960A83023681B797F2B4FEA931198BF0021DC
S21400B970EFF3118A86F311886569BDB9022956D09E
S21400B9808AF31188BFF36F8F88F31188BFF36F8F28
S21400B990EFF3118886F31188B9F800302648013392
S21400B9A0A9F80030FAF70EFF0446C9E741BB94F841
S21400B9B024702FB184F824102046FBF75BFCDFE7E9
S21400B9C095F850000DF091FDA8B12046FAF77EFFDD
S21400B9D00428D5D1696905F1300B5846EF64039108
S21400B9E01AF00EFC23465846CDE90077134A039911
S21400B9F01AF07CFCC4E76B7B332101336B73DBE707
S21400BA00032914D1AB7B002BBAD000212046A973A2
S21400BA10FBF730FCD5F89430002BB1D005F194003C
S21400BA20FBF712FC014628460DF039FDA8E7204634
S21400BA30FAF74CFFA4E700BFB80C0020DDB8000002
S21400BA40C80A002070B5EFF31186302383F31188FF
S21400BA500F4CB4F8F45165B90123A1780D4884F869
S21400BA60F6311AF0F9FC86F31188BFF36F8F0020C9
S21400BA7070BD04F5FC70FAF7A5FE0028F3D0013D72
S21400BA80A4F8F45186F31188BFF36F8FF0E700BF78
S21400BA90C80A0020000004502DE9F84FEFF3118982
S21400BAA0302383F31188644DD5F8FC312C2BA3F199
S21400BAB02C0606D189F31188BFF36F8F1B20BDE8D3
S21400BAC0F88F53F82C8CB8F1000F00F0B380B489CF
S21400BAD05A4F002C00F0A2800D22002105F50070C0
S21400BAE018F048FB564BB4F5006FC5E980384FF0A8
S21400BAF01308C5F80872C5F80C8260D8013C0D2200
S21400BB00002105F50470A4B2D6F804A0240118F0AC
S21400BB1031FB4C4B44F0405423400224C5E9843AA0
S21400BB20C5E98678D6F808A0BAF1000F12D0A0466C
S21400BB3005EB081808F5007310220021184618F0C7
S21400BB4019FB414A0134C8E9802A1322C8F8087252
S21400BB50E4B2C26005EB04181022002108F500705C
S21400BB600E3618F007FB394BC8E98167C8F8003273
S21400BB70002305EB031191F80222013322F0100294
S21400BB8081F80222DAB2A242F3D90024304B95F8AB
S21400BB9090501C702F4B2946A3F5AC722E4809F026
S21400BBA088FD01232D4AAB4029462B48536509F0F2
S21400BBB0BBFD89F31188BFF36F8F20467FE7B4F58E
S21400BBC0805F25D8D6F804A0DFF878B00D220021D3
S21400BBD005F5047018F0CEFAC5E984BAC5E986788A
S21400BBE073680D22002105F5087003F5006A18F049
S21400BBF0C1FA6FF40063E3189BB21B0143F0405395
S21400BC0003EA0B030324C5E9883AC5E98A7889E77D
S21400BC1089F31188BFF36F8F212050E71022214649
S21400BC2005F5007018F0A6FA0D4BC5F80872C5E9C0
S21400BC3080389DE7012042E7C80A00203C80055076
S21400BC4060000030F07F00307000003010001030D0
S21400BC50E03F0020C80C00200000045000100450F4
S21400BC606000103010B5EFF31184302383F3118891
S21400BC700A4803882BB984F31188BFF36F8F03201B
S21400BC8010BD013B038000F5FE70FAF755FCFFF788
S21400BC9003FF84F31188BFF36F8FF1E7C80A002013
S21400BCA02DE9F041EFF31187302383F31188254CFB
S21400BCB0DFF8A080A578244829461AF0CDFB98F82E
S21400BCC0093133B9D4F85022D2F8B4300133C2F86F
S21400BCD0B430002134221D4888F8091118F04AFAB9
S21400BCE00722062101262281B4F88822184B61F328
S21400BCF00E126360A4F88822134C88F80A61DFF8F5
S21400BD005880A3F5F87229462046AE4009F0D1FCCB
S21400BD1020462946C8F8546009F006FD302303FB88
S21400BD200540C8F82460036F43F002030367436EC0
S21400BD3043F48013436687F31188BFF36F8FBDE823
S21400BD40F08100BFC80A0020000004501C0D00202F
S21400BD50500D0020E03F00200010045008B5FFF70B
S21400BD609FFF002008BD10B5EFF31184302383F346
S21400BD701188104BB3F8F421092A04D984F31188EA
S21400BD80BFF36F8F10BD817C013201318174D3F80F
S21400BD90F811A3F8F42193F8F62140F82C1FC3F805
S21400BDA0F801002AEAD0002283F8F621FFF778FF90
S21400BDB0E4E700BFC80A00202DE9F04F9C4C85B090
S21400BDC0D4F8C8320133C4F8C832EFF311893023EF
S21400BDD083F311884FF48872D4F804B0BBF80030AF
S21400BDE0DBF8085062F30E13ABF8003094F86732B5
S21400BDF013B994F85C324BB30723B4F85E82238100
S21400BE00A844DBF80C30D4F8506223F00303304625
S21400BE1003A9D3F808A06360FAF735FDC0B9039B01
S21400BE20CBF8083094F86612002941D0C4E9955A38
S21400BE30FAF7ECFC89F31188BFF36F8FD4F8CC3295
S21400BE400133C4F8CC3205B0BDE8F08FA846D8E779
S21400BE50784F97F80A1189BB94F866323BB1D4F84C
S21400BE60603234227448C4F8D03218F083F94FF0A8
S21400BE700008D4F8D0127148A1F80C80C1F80480EC
S21400BE80FAF75AFBB36C07200133B3640123CBF8EF
S21400BE900850C4F8D08287F80A31FAF700FB2E283B
S21400BEA0C8D1C4F854A2C4F86082A4F85E82BFE782
S21400BEB0604B93F80A71002F00F092800191FFF713
S21400BEC0C1FD01990746C4F8D00238B915B1284615
S21400BED0FAF7BEFC002384F86732ABE7D8F80020F8
S21400BEE003681A60B8F804209A8098F806209A71B9
S21400BEF031B3CBF80850D7F800800022072140461F
S21400BF00FAF7B4FA054608BBD8F800004C4BC4F85C
S21400BF106802B8F8041098F80620384699809A7196
S21400BF20FFF721FF0123C4F8D052C4F8605284F80A
S21400BF30675284F85C32C4F854A2A4F85E5277E7DD
S21400BF40002DD8D02846FAF783FCD4E74FF0000837
S21400BF5084F85C823B685888B881A8B3B0F5857FC2
S21400BF6035D9D6F8B43039460133C6F8B43006238E
S21400BF7032483B77FAF7E0FA47460720B36CC4F836
S21400BF80D0820133B3642B4B208183F80A51FAF731
S21400BF9086FA2E2848D10023D4F8D012C4F854A22A
S21400BFA0A4F85E32B7B12548FAF7C6FAB36C013387
S21400BFB0B36400210025C4F86012C4F8D052FAF722
S21400BFC025FC84F8675235E72F460720DBE7454611
S21400BFD04746D8E7002DEDD00846FFF7C4FEE8E751
S21400BFE007200125D4F8D02283F80A51C2F804802D
S21400BFF02081FAF754FA2E280E4B09D183F80A51FD
S21400C000C4F854A2C4F86072A4F85E72FAF7FEFB95
S21400C010D4F8D0120948FAF78FFAB36C0133B36438
S21400C0200023C4F8D03255E7002F3FF453AFEFE7B4
S21400C030C80A0020E03F00201C0D0020400B002016
S21400C040300D002000232DE9F3470D460A26434C09
S21400C050C4E9B713C4E92113C4F85012C4F8F83180
S21400C060A367C4F8FC31C4F8F03184F8E432C4F8AD
S21400C070D83284F88C30C4F88030284601A90DF0F8
S21400C080A8F920B11927384602B0BDE8F087019814
S21400C090FFF769FE013EF0D10A2323804FF4805259
S21400C0A02F4B1A604FF440622E4B69465A614FF090
S21400C0B0FF3203F500539A640122A3F58053DA6435
S21400C0C0D4F850723846FAF7DEFB0028DAD1DFF8EB
S21400C0D0A080102231464046DDF800A0DFF894909C
S21400C0E018F048F8204B38466946C4E9A239C4F827
S21400C0F090A2FAF7C8FB07460028C3D108F1100340
S21400C1000D2231461846DDF800A018F033F8174A1D
S21400C11020F00303C4E9A62994F88A22C4F89432CE
S21400C12066F30412D4F8A43284F88A224FEA9802FE
S21400C13062F39F0331463422C4F8A432A8F13400D7
S21400C140C4F8A0A2C4F8048018F014F8A86F0DF084
S21400C15028F9002896D00723238194E7C80A0020F0
S21400C16000E100E0008005500011100300110003FC
S21400C170500D00202480055013B5EFF311843023B2
S21400C18083F31188094BB3F8F421092A08D8D3F8A9
S21400C190500201A90DF01DF910B90198FFF7E3FD53
S21400C1A084F31188BFF36F8F02B010BDC80A002059
S21400C1B02DE9F04F89B0EFF311830193302383F319
S21400C1C011880026C74FFD1D0023C74CADF812305E
S21400C1D0D4F85422ADF81030D4F86032002A00F0BB
S21400C1E02E8293B9C14B93F80A3173B1FFF72AFC3C
S21400C1F0C4F8600248B9C4F85402019B83F311885E
S21400C200BFF36F8F09B0BDE8F08F94F85C320293ED
S21400C210002B00F098802B68DFF8DC823B60AB8850
S21400C220D8F80000BB80AB79B8F80420BB7198F84A
S21400C23006302860AA800D2104AA08F10800AB7118
S21400C240FAF714F948B3BDF81010D4F8603201318B
S21400C25089B278581B687A1818609088ADF8101064
S21400C2609880927908F115009A71D4F860321A68AD
S21400C27052889A81C1F107020731D2B2394484F854
S21400C280842218F0DBF80E22002108F1070017F0D0
S21400C29071FF002384F85C3254E00DF11200FAF7C7
S21400C2A0CFF8002840F0CB81BDF81290B9F1000F0E
S21400C2B000F0DC8008F10E034FF0010813F8012BA4
S21400C2C0142A40F0C6804FF0000A0DF1180B1946EC
S21400C2D0C8F1070258460393CDF818A0CDF81BA066
S21400C2E018F0ACF80DF11F004246D4F85412A0EB3B
S21400C2F0080018F0A3F80721584604AAFAF7B6F87B
S21400C300039B002800F0A580D4F86032BDF810101A
S21400C3101B680BEB01025BF8011038461960918828
S21400C320927999809A71D4F8603251461A68528888
S21400C330A4F85E829A810E2217F01CFF84F85CA295
S21400C34084F884A2029E94F88482B8F1070F00F263
S21400C350768194F866A2BAF1000F02D0002384F822
S21400C3606632DFF88891D4F8603299F80AB1BBF1EA
S21400C370000F00F07C81002E43D10DF112000293D5
S21400C380FAF75EF8002840F05A81BDF81210029BBA
S21400C390B8F1000F00F01B81C8F10702D2B28A4242
S21400C3A000F24D81B8F1070F00F04981424650492E
S21400C3B0186818F043F8D4F8602294F884321068AD
S21400C3C0D4F85412C3F10702184418F037F8B4F83A
S21400C3D05E3294F8842207339B1AD4F86082A4F85D
S21400C3E05E3284F88462D8F800A0324607215046B0
S21400C3F0FAF73CF8002800F02281BAF80230A8F8D4
S21400C4000C30D4F86012002900F019818E89002EB5
S21400C41040F008813748FAF78FF8D4F85022C4F86D
S21400C4206062936C01339364B4F85E32D81DB3F542
S21400C430857F80B200F20381FAF731F8002840F0D9
S21400C440F8810123C4F8540284F8673284F8840221
S21400C450D3E6B8F1060F06D008F101081FFA88F2F5
S21400C4609145BFF42BAF002E7FF46CAF0720FAF790
S21400C47016F8064650B9D4F86002FFF774FCC4F804
S21400C4805462A4F85E62C4F86062B6E62B680E21B9
S21400C4903B60AB883846BB80AB79BB71D4F854326E
S21400C4A01A682A609A88AA809B7904AAAB71F9F761
S21400C4B0DDFF18B3D4F86032BDF810201B68B858FA
S21400C4C0B918186088889880897906489971D4F8D0
S21400C4D0603219684988A4F85E2299810E220021EC
S21400C4E0D5E600BF370D0020C80A0020E03F002038
S21400C4F0450D0020400B0020300D00200720F9F7E6
S21400C500CEFF064690B9B9F1060F40F29880D4F8EF
S21400C5105422A9F1070902EB090352F80920C4F8CE
S21400C52076229A88AA809B79AB71A4E70DF1120057
S21400C530F9F786FF0646002840F08180D4F854922A
S21400C540BDF812804846414604AAF9F78FFFF0B1BD
S21400C550D4F86032BDF810801A6859F8081009EB54
S21400C560080311609988B54891809B79314693718C
S21400C570D4F860321A6852889A810E2217F0FAFDB3
S21400C58008F10703A4F85E3284F85C62DAE608F184
S21400C590070080B2F9F783FF064600284FD1B8F1AE
S21400C5A0060F4CD9D4F85412A8F107028B188A58F3
S21400C5B0D4F86002C4F876229A88AA809B79AB7178
S21400C5C0FFF7D1FBC4F85462A4F85E825BE7062945
S21400C5D0029334D9B4F85E628E4230D2D4F85482D4
S21400C5E0891B04AA89B208EB0600F9F73FFF029BF5
S21400C5F028B3BDF810101A688B1908EB030058F81A
S21400C600033013608388938083799371D4F8603203
S21400C6101A6852889A81B4F85E320B440733A4F83D
S21400C6205E32EEE6B6F5857F11D9062384480B7791
S21400C630F9F782FFD4F85022936C01339364D4F850
S21400C640600208B1FFF78FFBFFF72AFBD5E5002352
S21400C650B4F85E0289F80A313044B0F5897FEEDA24
S21400C66094F884329E4200F2D7800026ACE5002B78
S21400C670E5D09A89904542D3D4F850A205A95046F1
S21400C680FAF701F9D4F8602203900028D7D1059B69
S21400C690DFF8B081184641469289029317F0CEFE25
S21400C6A0D4F860B294F88422BBF80C104046521AB4
S21400C6B0414417F072FEBBF80C1094F88422029BDB
S21400C6C0521A84F88422CBF804306FF40173D4F83D
S21400C6D06012B4F85E228889024408EB0300A4F8CE
S21400C6E05E22F9F729FFDAF84820039B0132CAF8E0
S21400C6F04820C4F86032012389F80A3194E6BAF17A
S21400C700000F2DD0D4F85402B4F85E12A2EB080243
S21400C7100144404417F041FE94F884224949D4F875
S21400C720540217F08BFED4F85422D4F8603284F802
S21400C73084B25A60D4F85832D4F860124048C4F82C
S21400C7405432F9F7F9FED4F85022C4F860B2936C6C
S21400C750A4F85EB201339364012389F80A3163E6D4
S21400C7600DF112000292F9F76BFE00287FF467AF16
S21400C770BDF81210B4F85E32029A4144134499424E
S21400C780FFF65DAFD4F850B205A95846FAF77BF825
S21400C790D4F8602200287FF452AF94F8843292894D
S21400C7A07BB393423FF64BAFDDF814801A4625491B
S21400C7B0404617F043FED4F8603294F884029A8913
S21400C7C0B4F85E12D4F85432121A1944404417F0E2
S21400C7D035FE84F884A2D4F860321948C3F8048081
S21400C7E0D4F86012B4F85E328A891344A4F85E3234
S21400C7F0F9F7A2FEDBF848300133CBF848300023C7
S21400C80077E7DDF81480B4F85E12D4F85432404668
S21400C810194417F013FEDEE7C01A80B2F9F73FFEA0
S21400C82018B9012384F86632E7E42E283FF41DAFDA
S21400C830E3E42E283FF4C8ACDFE400BF370D002049
S21400C840400B0020450D002038B51C4B1C4A9B6C45
S21400C85003F0010393647BB31A4C1B48D4F8C03230
S21400C86094F890100133C4F8C03219F008FE012283
S21400C870164B1A70EFF31185302383F3118804F5F5
S21400C880FE70F9F79FFF014604F5F870F9F754FEBD
S21400C89085F31188BFF36F8F00220D4904F53570BC
S21400C8A00CF0B9FDD4F8FC310BB1FFF7F5F8D4F86D
S21400C8B0C4320133C4F8C43238BD00BF008005500E
S21400C8C000A00550C80A002000000450E03F0020E9
S21400C8D025B9000038B50D4619F05EFE19F0B4FB18
S21400C8E004462D6819F058FE19F0AEFB031BAB4248
S21400C8F0F8D938BD2DE9F7430627177014464A685D
S21400C9001E46A2F58053FF2B81460D46DDF8288093
S21400C91075D80523D1B2638041F4805363602A7AC8
S21400C920931E012B27D8C038FAF7FEF902230546D6
S21400C9302372D0B190F8508040460CF0D6FD30B14E
S21400C9400A2385F850302846FEF7EEFE0DE0B8F1D3
S21400C950040F0AD109233946284685F85030F9F7DE
S21400C960F5FC10B96B7ADB06EDD4638804333360CC
S21400C97003B0BDE8F083052A16D1C038FAF7D4F91B
S21400C980022323720028F0D090F85030012B01D0FB
S21400C990042BEAD1042380F85030052323726E4B13
S21400C9A00B43C8F80030E0E7092A21D1C038FAF76F
S21400C9B0BBF908B92272D8E790F85030053B032B34
S21400C9C010D8DFE803F007021107082380F850307C
S21400C9D02372CAE7082580F85050F9F7C3FC18B947
S21400C9E02572C2E70923F3E7092323725B4BD7E7D7
S21400C9F004236380002363600323A360B5E7A2F5E6
S21400CA00E063FF2B24D84F880C2F03D000236360ED
S21400CA1003235CE05248D1B2FAF786F990B190F859
S21400CA205030012B0ED1AB68EA6841F4E061C0E9F2
S21400CA302623234643F8041FAA685A60EA689A60C9
S21400CA40678092E700236360082363800423D4E7AB
S21400CA5040F203239A4272D0B2F5017F21D2602AB7
S21400CA606AD007D8042A2FD9212A37D0002363603A
S21400CA700D232CE0B2F5007F26D040F202239A4226
S21400CA80F4D1042363808B681BB3012BBED1012332
S21400CA90344AA360C2F8C83040F202236360082319
S21400CAA048E0B2F5C06F21D00BD840F201339A426D
S21400CAB00AD0B2F5A06FD9D10B7A80F83830626010
S21400CAC037E0B2F5885FD1D1002363601523A360F9
S21400CAD0E5E724496260C1F8C830F8E762600B8970
S21400CAE0678023810B8920F8643C3EE7CB6843616E
S21400CAF01C4B8F68D3F8E822974217D8002500F120
S21400CB001408294640F2E730D3F8ECC24FF47A72A4
S21400CB100023E7FB0C0117F00BF943460146CDE96D
S21400CB200055114A09F1180019F054FA4FF4C06381
S21400CB3063600423638018E78B68C360BFE70B7AE3
S21400CB4062600822003B628018BF01230022A260B8
S21400CB5080F8413009E700BF00BAFECA00BAEFBE4F
S21400CB60E43F0020C80A0020D5C800002DE9F04F99
S21400CB700746C06C91B003690AA998470490D8B9D3
S21400CB80D7F88C300A9E0133C7F88C3097F85030AF
S21400CB903468A3B905212046B4F80520F9F712FC3D
S21400CBA010B12378142B0AD03046F9F78FFED7F849
S21400CBB0B8300133C7F8B83011B0BDE8F08F6378ED
S21400CBC094F804900393B389B9F17F0F4FEA99154F
S21400CBD0B4F8028098BF0025DBB9B8F1000318BF8F
S21400CBE0012307937B6D38460A339845039928BF7F
S21400CBF0B381FAF799F8044668B9022D07D00523E1
S21400CC000146009303463846039AFAF768FB0A98EB
S21400CC103DE00023E5E790F85030042B08D13DB9FD
S21400CC20052380F85030C36F13B12946F9F78EFB01
S21400CC3094F8506030460CF058FC069018B1082E58
S21400CC4009D1022D07D00523009300232146039A1D
S21400CC50D4F8A400D9E70A9B15F0FD0F5C6111D14A
S21400CC601B7F7BB909F00703EFF311820592302290
S21400CC7082F31188D4F88C2062B9059B83F311885F
S21400CC80BFF36F8F079B0A98002B00F0E480F9F73C
S21400CC901DFE91E752F8302CE17B1279C2F30212A6
S21400CCA0501C114400F0070001F00701884200F212
S21400CCB092808342E1D38B42DFD8934298BF0833F9
S21400CCC09B1ADBB208930023237419F003FAD4E905
S21400CCD00626B0EB020A61EB060BA54991F80B217C
S21400CCE0002A7FD000234FEA5A0646EACB764FEA60
S21400CCF05B02C4E908ABC4E90A6281F80B3105207F
S21400CD00099219F08FF90023099A864272F1000100
S21400CD103CBF1A4606464FEA820242EA96724FEA3D
S21400CD20860638BFC4E90A0316EB0A0641F28830C5
S21400CD304BEB020A19F076F94FF0000BB0427BEB92
S21400CD400A0307D3052019F06DF9B0427BEB0A0BF6
S21400CD5038BF3046606104F1300019F051FA4FF0E8
S21400CD60010A04F18C063046FAF76EFA817C002937
S21400CD706ED1FAF77FFA637B089A01336373E37B1D
S21400CD80013BE373049B013304939DF810309342F8
S21400CD90E9D3059B83F31188BFF36F8F4FF0300AFA
S21400CDA004F19006D4F89030002B3FF46BAF637B11
S21400CDB0002B3FF467AFEFF3118B8AF311883046F0
S21400CDC0FAF742FA01468BF31188BFF36F8F2046BD
S21400CDD00CF065FBE6E78B427FF66FAF8342BFF44D
S21400CDE06CAF4AE7D4E90810514570EB0B03D4E961
S21400CDF00A324FEA930343EA8273B4BFAAEB010CEC
S21400CE00A1EB0A0C9208DE1842EB020EF6184FF061
S21400CE1007034FEAD1014FEA9C0C41EA407142EB0E
S21400CE200E0216EB0C06A1FB031C4FEAD00003FB18
S21400CE3000CC4FEADA0A4AEA4B7A42F1000211EBDA
S21400CE400A0A4CEBDB0BC4E90A62C4E908AB56E7F6
S21400CE5080F824A08FE7B8F1000F03D04368002BBA
S21400CE603FF415AF027F62B1E37A0092D4F8A400D3
S21400CE702146039AFAF733FA00230A980377F9F75C
S21400CE8025FDB8F1000F22D0B8F1020F03D8062214
S21400CE90E37A0092DAE60A9AA8F1020350681FFACB
S21400CEA083F810FA83F35A7810F80830414643EABC
S21400CEB00222F9F787FA50B9D7F8BC300133C7F821
S21400CEC0BC30002D7FF4A3AE0122E37AE1E70A9E90
S21400CED0002D40F0E880D7F89030CDE90C550133AE
S21400CEE0C7F89030627AD4F8A400D707E37AADF892
S21400CEF02C8002D5227A06210BE0C9F30212934257
S21400CF000FD0591E8A4207D00BB9072A04D0022137
S21400CF10227A0091214627E020460CF09EFA304601
S21400CF20B5E619F0080F0ED1314620460BAAFEF7DB
S21400CF3029F90346D4F8A400002B00F086800421CB
S21400CF40E37A227AE5E7227A002AD4D131462046CF
S21400CF500BAAFEF717F9D4F8A49058B10421E37A87
S21400CF60227A484600912146FAF7B9F9D7E700BF7A
S21400CF70E03F0020BDF82C20032A64D9D6F80480B0
S21400CF80B8F8023004339A425DD148460CA9F9F746
S21400CF9089FC09F1C00A074690B90C990D4645F878
S21400CFA00CAB98F801304B7398F80030022B36D053
S21400CFB0032B3BD0002B42D10B73CB8104230D9364
S21400CFC0706830B1D4F8A480F9F742FC4046F9F70F
S21400CFD0BFFA002330467360F9F778FCE37A204600
S21400CFE0013303F00703E3720CF037FA002F7FF4E7
S21400CFF0E3AD0C9F112329462046BDF83420009748
S21400D000FAF773F800283FF4D7ADA66D002E3FF46C
S21400D010D3AD33233A462946207AB047CCE52A4694
S21400D020414650460DABF9F7C7FEC9E704310091FB
S21400D0302A46414650460DABFFF75CFCC0E7D9F8E0
S21400D0407C000CF0A9F92127BAE73146BDF82C3050
S21400D05004F18402F9F795FCE0B10321E37A227A21
S21400D0600091D4F8A4002146FAF739F93046F9F7CA
S21400D0702DFC954B93F8CC20052A7FF49DADD4F873
S21400D0809820013AC4F89820D3F8E420013AC3F86F
S21400D090E42091E5E36D13B1216E207A98470025D0
S21400D0A04FF0FF379AE7022D32D109F03009B9F177
S21400D0B0100F94F8505024D173681B78013B042B52
S21400D0C022D8DFE803F0181E1E2303000A25304688
S21400D0D0F9F7FCFB069B43B104F1300019F090F819
S21400D0E0204684F85050FEF71FFBD7F898300133DF
S21400D0F0C7F8983060E5D4F88C3013B120460CF0B1
S21400D1003FFA00230693E2E70C25E0E70B25DEE76F
S21400D1100023CDE90B33637A980703D43046F9F73A
S21400D120D5FB15E019F037091CD15907F6D4B38999
S21400D130A3B143463146D4F8A40004F18802F9F7B7
S21400D14020FC0028EAD1E36E13B1216F207A9847BD
S21400D150D7F894300133C7F894302DE53046F9F708
S21400D160B5FBF0E7B9F1040F40F09A80237A002B64
S21400D1707BD1B8F1030F78D9D6F80490B9F802300D
S21400D1800433984571D1D4F8A4B00CA958460BF1D5
S21400D190C00AF9F787FB002867D10C9DA84648F817
S21400D1A00CAB99F801306B7399F80030022B26D03F
S21400D1B0032B39D0012B53D12B730423EB81082387
S21400D1C00B93414BD3F8C8303BB1012B13D10DA8BC
S21400D1D0F9F7FFFC9DF834306BB100232B613B4B15
S21400D1E06B600095052341462046BDF82C20F9F7D4
S21400D1F07CFF05463CE001232B610023F0E7D9F8CD
S21400D2000430202B09D05A1E032A06D923F0100218
S21400D210402A02D0B3F5007F19D14246494650460F
S21400D2200BABF9F7C9FDDCE7D9F80430A3F202220C
S21400D230012A03D9212B01D0602B08D12B1D009386
S21400D2404246494650460BABFFF754FBC9E70D2351
S21400D2500022C5E904230823EB810C230B93C0E7C7
S21400D2602946DBF87C000CF097F84FF00008012503
S21400D2703046F9F72BFBB8F1000F3FF469AF0B9B74
S21400D280002B3FF465AF002D3FF462AF656E002DB6
S21400D2903FF45EAF332341460C9A207AA84757E7FF
S21400D2A0B9F1310F7FF43AAF3046F9F70FFB227A27
S21400D2B0002A7FF44DAF6281092311462046009272
S21400D2C0F9F713FF44E700BFC80A0020EFBEADDE43
S21400D2D02DE9F043012906460F4615469846A9B0A3
S21400D2E077D8130778D1046824F04003802B02D047
S21400D2F0B4F5807F73D12022002120A816F03AFFD3
S21400D300384A394BE408012F08BF134601271F93FC
S21400D31044F00054331D1C931D971E94334C0DF19E
S21400D320040C1CAB93E807000DF110098CE807000D
S21400D33019ABCDF864801A971B9493E8070016ABD8
S21400D34089E80700CDF858801797189493E80700E7
S21400D350309B45F0005E07AC84E8070013931497F3
S21400D36013ABCDF854E093E80700319B0DF1280885
S21400D37088E80700109310AB1197CDF848E00DAF82
S21400D38093E8070087E8070061461FA808F04FFBF0
S21400D39049461FA808F04BFB41461FA808F047FB6C
S21400D3A039461FA819F0E7F821461FA819F0E3F838
S21400D3B031681FA8C90819F086F829461FA819F071
S21400D3C082F81FA819F088F819F06AF829B0BDE8A5
S21400D3D0F0836FF02000F9E76FF02100F6E76FF0BA
S21400D3E01F00F3E7030200040302010410000020FC
S21400D3F0037E022B06D1C3695A1C03D00133C361D6
S21400D400002070476FF096007047014B1868704711
S21400D410B00D00204FF0FF30704710B5044600B93D
S21400D420FEE7037F1BB1436998470023237710BDAF
S21400D43038B5044600B9FEE7038B428B9A420CD9F6
S21400D4400022013302770383D0E90253984701464E
S21400D4502046A8470123237738BD036A01330362B9
S21400D460BDE83840D9E7014B1B691847B80D0020C6
S21400D47010B5EFF31184302282F31188094A02F1C5
S21400D4804801431A1E21DB10B3FBF1F32420DBB264
S21400D49000FB0320FFF7C1FF84F31188BFF36F8FF3
S21400D4A010BD00BFB80D0020014BD3F83832184726
S21400D4B0B80D002010B5EFF31184302282F31188E6
S21400D4C0094A02F50A714832831A1E22DB10B3FBA2
S21400D4D0F2F32420DBB200FB0310FFF79EFF84F379
S21400D4E01188BFF36F8F10BDB80D00202DE9F843EB
S21400D4F0064614460D46FFF790FF33699847002707
S21400D5002D1947EB07032C1A63F10005012C75F162
S21400D510000306DA336A304601333362BDE8F84367
S21400D5207BE7D6E902839847A04277EB05031CD237
S21400D530F36898473B4602462946204616F0F8FB15
S21400D540F368914698473B4602462946204616F021
S21400D550EFFB4C4683B2002273832146304632836B
S21400D560C04701233377BDE8F8833B46F3E770B541
S21400D5700D4C054604F14803C31A1E20DB10B3FB0E
S21400D580F0F32420DBB24343E658E01806B9E55032
S21400D590EFF31184302383F31188FFF7A7FF84F39A
S21400D5A01188BFF36F8F70BDB80D002070B50E4C9C
S21400D5B00546A4F5F073C31A1E20DB10B3FBF0F388
S21400D5C02420DBB24343E658E01806B9E550EFF3F3
S21400D5D01184302383F31188FFF788FF84F31188C2
S21400D5E0BFF36F8F70BD00BFE00F0020FEE710F0A6
S21400D5F0010217D10C4B197801EA000303F00F0360
S21400D60001EA101143EA0100830709D410F0040070
S21400D61009D0012305485B4203F0F0031844704725
S21400D6201346F7E70020704718410020000E002040
S21400D630114B03F14802821A1E20D210B2FBF0F200
S21400D640D2B203EB4200B0F8700203F51D7301443A
S21400D650002089B203EB82131A888A4201D19A7895
S21400D6603AB90130102803F10403F5D14FF0FF302A
S21400D670704700B2704700BFB80D002038B50446AA
S21400D6800D46FFF7D5FF80B20F2823D91E21124A78
S21400D690A31ADB10B3FBF1F3DBB202EB831202F248
S21400D6A02E21002211F8220020B10132102AF9D1D1
S21400D6B0032038BD0949180100FA82F201EB820204
S21400D6C001EB4301B1F870321D440123A2F87452F5
S21400D6D082F876320020ECE7000E0020B80D00201D
S21400D6E0154B30B503F14802821A1E20D210B2FB49
S21400D6F0F0F24C880D88D2B225448C8803EB4200A9
S21400D700C988B0F870022C4421440144002003F577
S21400D7103D7389B203EB82131A888A4201D19A7844
S21400D7203AB90130102803F10403F5D14FF0FF3069
S21400D73030BD00B2FCE700BFB80D00207047A0F176
S21400D7404103052B03D83738087000207047A0F136
S21400D7506103052B01D85738F6E73038C0B20928E0
S21400D760F2D90720704770B5436804460D4623B9C2
S21400D770BDE870404B68006818478B689847636838
S21400D78001469A68831A002BB8BF121A2B682068C5
S21400D790A8BF0022BDE87040184738B50C461146B1
S21400D7A0E2680346944206D04568AC420BD142601C
S21400D7B0FFF7D9FFE46038BD94420DD01146D26819
S21400D7C0002AF9D1F6E72A460021F9E7CB68002BB4
S21400D7D0F0D0DB68CB60EDE70029F7D1002DE9D06B
S21400D7E0EA685A60E6E770B5466804460D467EB1BC
S21400D7F08B689847B368C01A002809DB20462A467B
S21400D8003146FFF7CAFF30467368BDE870401847D8
S21400D81029462046BDE87040A5E701490830E2E702
S21400D8203C69020001460068014A1030B5E700BFB7
S21400D8304869020001491030D5E700BF4869020078
S21400D8400122024B002083F874237047B80D002095
S21400D8500020024B83F87403704700BFB80D002009
S21400D860704700F01800102805D0A0F118035842A1
S21400D8705841C00070470420704700F0070301209D
S21400D880984010F0220F09D110F0880F08D100F050
S21400D8904400003818BF0120C000704704207047BD
S21400D8A01020704708B54307024608D0FFF7D9FF97
S21400D8B012F0180F0CBF05300630C0B208BDFF20AE
S21400D8C0FCE710B58379046A022B1CBF0223837120
S21400D8D0A36C2BB1236D1BB1206C984700232365E6
S21400D8E010BD2DE9F3470E46044618B9072002B0CE
S21400D8F0BDE8F0870378302B30D1437803F0DF03A0
S21400D900582B2BD10127023400224FF099391546A7
S21400D9104FF00A08DFF868A020780FB30DF1070172
S21400D920FFF70DFF0028E1D1B5F1805FDED22B01B5
S21400D93043EA127312019DF807100020891853F16C
S21400D940000328BF01200A461D460028CED114F841
S21400D950010F0028E0D1C6E90013C8E70027D3E787
S21400D9603038C0B20928C1D891457AEB05038DF846
S21400D9700700BBD3A2FB082308FB0533DBE700BF89
S21400D9809999991913B50C466946FFF7AAFF50B93D
S21400D9904FF0FF32009B9A42019A70EB020202D3CC
S21400D9A0236002B010BD0720FBE710B5C3880289CC
S21400D9B09C1C94420BD80268D4186478D35C43EA63
S21400D9C004230B80C3880233C380002010BD0620CA
S21400D9D0FCE770B5C288038902F108049C421CD893
S21400D9E00568AC18A3786678AA5C1B0443EA06238D
S21400D9F01343E278657943EA0263227942EA052214
S21400DA00A579E47942EA054242EA0462C1E90032B5
S21400DA10C3880833C380002070BD0620FCE730B5FD
S21400DA20C4880389A5189D42D7BF036806201B1922
S21400DA300B60DFBFC388D218C280002030BD00F163
S21400DA40B4019030B1E70C20704707B590300DF167
S21400DA500601FFF7AAFF00280CBF0C20062003B023
S21400DA605DF804FBFEE7FEE737B500230022044618
S21400DA70CDE90023FFF7F7FC6946054604F1900060
S21400DA80FFF7A7FF70B9DDE90032AB4272F1000183
S21400DA900AD35B1B62F10002C4F89839C4F89C29CB
S21400DAA003B030BD0620FBE70720F9E7074BD3F8A5
S21400DAB07823002352F8041F884201D1D8B2704759
S21400DAC00133042BF6D10020704700BFB80D0020AC
S21400DAD037B504460DF106019030FFF766FF0546A0
S21400DAE0F8B923689A6CF2B1DC69BDF806102046D6
S21400DAF0FFF79EFD83B20F2B17D80D4B03F148029C
S21400DB00A41A1E22E410B4FBF2F4E4B200EB0410F4
S21400DB1003EB800383F87652A3F87452284603B0CA
S21400DB2030BD0625FAE70D25F8E70A25F6E700BF1B
S21400DB30B80D002013B504460DF106019030FFF72E
S21400DB4034FF48B923689A6C4AB1BDF80610D86904
S21400DB5002B0BDE8104091E5062002B010BD0D20D1
S21400DB60FBE713B504460DF106019030FFF71DFFE5
S21400DB7060B923689A6C5AB1BDF80620B3F86010F5
S21400DB80914201D0A3F8602002B010BD0620FBE74A
S21400DB900D20F9E737B5036804469A6C82B3194836
S21400DBA0DB69A0F50B729B1A1E22DB10B3FBF2F3A7
S21400DBB0DBB24022002100EB831016F0DBFA04F102
S21400DBC09005B4F89830B4F896209B1A9BB2012BB7
S21400DBD001D8002012E028460DF10601FFF7E5FE09
S21400DBE058B923689A6C5AB1BDF80610D869FFF781
S21400DBF045FD0028E5D0032000E0062003B030BD38
S21400DC000D20FBE72C100020084608B51146FCF74F
S21400DC1008F9002818BF6FF03B0008BD10B518F0D3
S21400DC2059FA124B8342124B8B411DD3114B1A6883
S21400DC30D2B14FF47A74A0FB040304FB0131531EE7
S21400DC4013420DD1B2FA82F2C2F11F04531CD24322
S21400DC50E04001FA03F3184321FA02F2104310BD24
S21400DC60002316F065F8FAE7FEE700BFEFA7C64BFD
S21400DC7037894100B40D002007B50A4600B9FEE713
S21400DC80037F03B1FEE7074B019000934168012331
S21400DC904FF0FF3016F0F7FC00B1FEE703B05DF87A
S21400DCA004FB00BF0F6402004FF0FF3016F0D7BE33
S21400DCB000B9FEE741684FF0FF3016F0F4BC38B507
S21400DCC0124C94F87433E3B1E9B11568104928464C
S21400DCD016F04CFC014668B9D4F87C0316F05FFFDA
S21400DCE010B90024204638BD0124214609480AF010
S21400DCF057FAF7E72846084916F038FC18B9012104
S21400DD00EAE70D24F1E70724EFE700BFB80D00208F
S21400DD101E8B02002D8B0200258B020010B50F4BC8
S21400DD2093F8743393B1B9B114680D49204616F0D0
S21400DD301DFC20B90BF096F90024204610BD2046A5
S21400DD40084916F013FC38B90120F3E70D242146E4
S21400DD5005480AF025FAF0E70724F8E7B80D002092
S21400DD601E8B0200258B02002D8B020037B5094D55
S21400DD7004460DF10601D5F87C0316F048FD38B9C7
S21400DD80034622469DF80610D5F87C0316F099FC4B
S21400DD9003B030BDB80D0020002330B585B0CDE906
S21400DDA001330393FF230D4D8DF80430D5F87C0323
S21400DDB016F089FC044670B90DF10201D5F87C0313
S21400DDC016F025FD9DF80210D5F87C0301AA16F082
S21400DDD07FFC00B1FEE7204605B030BDB80D002040
S21400DDE008B5054BD3F87C0316F046FC00F003009C
S21400DDF0C31E5842584108BDB80D002001390138ED
S21400DE0011F8012F10F8013F3AB9002B14BF01207A
S21400DE100220831E5842584170479A42F0D0002094
S21400DE20F7E710B5A1B114680A492046FFF7E6FFE8
S21400DE3030B10020FFF79AFF003818BF012010BD50
S21400DE4020460549FFF7DAFF10B1FFF7A5FFF3E715
S21400DE500720F4E7428B0200488B020010B5A1B100
S21400DE6014680B492046FFF7C9FF30B10120FFF7C1
S21400DE707DFF003818BF012010BD20460549FFF77A
S21400DE80BDFF10B1FFF788FFF3E70720F4E700BFF8
S21400DE90428B0200488B020038B5056804463DB147
S21400DEA028460BF0F5F8284617F0C0FF002323603D
S21400DEB038BD012973B50D4603D00726304602B09B
S21400DEC070BD10680028F8D003782D2B21D10130C2
S21400DED06946FFF706FD06460028EED1009C05F1D0
S21400DEE00042013AA242019A4FEA40039341E4D32A
S21400DEF005B1644204F18003FF2BDED8094D04EB24
S21400DF0084014900D5F87C0309B20EF05FFF30B1FA
S21400DF10FEE72B2B4FF0000508BF0130D8E785F849
S21400DF208043CBE7B80D002008B5054B00EB80001A
S21400DF304100D3F87C030EF049FF00B1FEE708BDB0
S21400DF40B80D0020012B08B50DD0022B15D0D3B983
S21400DF508A4237BF4368511A5B1A01683CBF521A9F
S21400DF60D11888B208BD8A4289BF4368891A9B1AAD
S21400DF70026884BF891AC918F3E7C721034B044A0D
S21400DF8004480DF001FE0021EBE700BF4D8B0200B8
S21400DF90538B0200AD8B020010B5074BD3F87843C5
S21400DFA004F58D500830FDF7A7FA00B1FEE704F53A
S21400DFB0805484F8A60110BDB80D0020084B03F568
S21400DFC06172D2E8AF2FD20707D493F8842322B920
S21400DFD0C3F88823012283F884230248704700BFD1
S21400DFE0B80D00204011002008B513468288232A69
S21400DFF005D90A460068012107F095FE00B1FEE744
S21400E00008BD0EB4034617B505A951F8040B5C69A4
S21400E01001910CB19A69A04703B0BDE8104003B067
S21400E020704770B5012905461446C2B005D112687E
S21400E0301649FFF7E6FF00200EE002290BD114492F
S21400E0401068FFF7DBFE30B101AE31466068FFF7BF
S21400E05099FC034610B1072042B070BD31680A240F
S21400E060FF2928BFFF2102A88B4206D1002202A961
S21400E070CA5428460A460549DBE7B3FBF4F204FB1C
S21400E0801232303200F8012B0133EDE7168E020013
S21400E090248C020013B50C4629B90E49FFF7B1FFD0
S21400E0A0204602B010BD012904D169461068FFF76A
S21400E0B018FC08B10724F3E7009B019AB3F5807FAC
S21400E0C072F10002F6D20B3BDBB20F2BF2D80C2417
S21400E0D0E6E700BF278C020070B586B011B90C20A9
S21400E0E006B070BD14681D492046FFF787FE00285D
S21400E0F0F5D120461A49FFF781FE0028EFD11023FC
S21400E100ADF8143044B3204616F042FA431C212BD7
S21400E1104FEA530520D801AE00F001003544AE4268
S21400E120DDD0B8B920780DF10301FFF708FB98B9E8
S21400E1309DF8032001341201D2B220780DF10301BC
S21400E140FFF7FDFA40B99DF8033001341A4306F88C
S21400E150012BE4E70022F0E70720C1E71E8B020050
S21400E160258B02000368006E93F844100AF0FCBE8C
S21400E170044B006E93F88C13490001F0FE010AF080
S21400E180F3BE00BFB80D00203221006E0AF0ECBED0
S21400E190AF21006E0AF0E8BEF8B505460E4600242C
S21400E1A0012707FA04F3334204D10134202CF8D1B6
S21400E1B00020F8BD286EE1B20AF0D6FE0028F4D0A2
S21400E1C0F7E7D0F8B010E7E70049E5E700F8FF0703
S21400E1D00049E1E700F8FF070368996C41B190F841
S21400E1E07139034493F97619013118BF01214900AA
S21400E1F0006E0AF0B9BE0346002110B400F110020A
S21400E20053F8044F0CB10131C9B29342F8D1006EF5
S21400E2105DF8044B0AF0A8BE0021006E0AF0A4BE0A
S21400E2200421006E0AF0A0BE90F8E010006E0AF01E
S21400E2309BBE9C21006E0AF097BE0221006E0AF07B
S21400E24093BE232070477F2973B51DD9B1F5804F43
S21400E2501CD3B1F5001F1BD3B1F1805F34BF04227D
S21400E260052200246D46561EB442CBB212D102F1EE
S21400E2700801694403F07F0301F8093C0068694619
S21400E2800AF0A0FD02B070BD0122EAE70222E8E72C
S21400E2900322E6E763F07F0305F8013BC909013472
S21400E2A0E2E72DE9F0470568044695F81C900E460F
S21400E2B0B9F1020F25D0AB6AD0F82C80984523D14F
S21400E2C04B464146EA6A2846FFF73CFED4F828A0AB
S21400E2D007464B46524641462846FFF733FE8742DE
S21400E2E012D9C5F82CA094F825300021204684F8D1
S21400E2F02430FFF7A8FF28B931462046BDE8F0478E
S21400E300A1E70D20BDE8F0870720FBE7022160307B
S21400E310C7E7D0F8AC10603095E710B500F16004A0
S21400E32004212046FFF78FFF20B92046BDE81040A5
S21400E330032188E710BD0321603084E700216030A8
S21400E34081E710B500F1600405212046FFF77BFF4A
S21400E35040BB0C212046FFF776FF18BB182120464D
S21400E360FFF771FFF0B922212046FFF76CFFC8B90E
S21400E37040F201212046FFF766FF98B9402120466B
S21400E380FFF761FF70B941212046FFF75CFF48B9EF
S21400E39042212046FFF757FF20B92046BDE810402F
S21400E3A0432150E710BD0B2160304CE7042160305C
S21400E3B049E750F8603BB3F8581041F0340142E7A3
S21400E3C030B5164A87B002AC51680546106822463A
S21400E3D004AB03C3124B134913F801098B4202F82E
S21400E3E0010BF9D10822204604A917F06CF860B991
S21400E3F00D4B9A6CDB6CCDE900236A46234613F876
S21400E400011D9A4204F8011BF9D10822286E0DEB73
S21400E41002010AF0D7FC07B030BD00BFAE8C020088
S21400E4200900E00F0100E00F0080E00F01680822FD
S21400E430006E62310AF0C6BC0368006E996C003943
S21400E44018BF01210AF092BD90F87139034493F881
S21400E4506A19006E0AF08ABD0021006E0AF086BDB9
S21400E46090F87139034493F87A19006E0AF07EBD6D
S21400E4702DE9F0431E4BC3B0B3F88E230123120AD6
S21400E480934040F2A17213420FD04FF0000902AF42
S21400E4904FF480720021384615F06CFE4D46154C40
S21400E4A0154EDFF8608023781BB9002043B0BDE826
S21400E4B0F083124B05F00302032A18BF434601936C
S21400E4C056F8043B4FF4807100930D4A234607EB41
S21400E4D009000EF00BF814F8013B002BFBD16A1C68
S21400E4E0D5B212F003021CBF4844C2B29146DAE726
S21400E4F0B80D002054690200E03E0020AD8C0200FA
S21400E500BA8C0200B78C020010B5036804463BB113
S21400E510064A934207D170220021043015F02AFEE5
S21400E5200020206010BD6FF08800FBE709000002A5
S21400E530F8B51E4D064695F8F0300F4683B3002416
S21400E5402B462246197ED1B13CB9022905D1D9699C
S21400E55019B91979002918BF1C460132062A03F199
S21400E5602803EFD114B96FF08C0006E02046FEF7C2
S21400E5703FFF2046FBF7A8FB10B100240EE01C4628
S21400E580237E83B9012323763EB1651BED1003F18C
S21400E590CC335D4305F18045356000203C60F8BD16
S21400E5A06FF08800E9E76FF09600E6E7C00B002002
S21400E5B000232DE9F04788468EB00B609749054644
S21400E5C091F8F020002A00F0D28000F14042052A9F
S21400E5D031D8282303FB02110B7E022B03D14B6993
S21400E5E0984200F00F8141460020FFF7A1FF044645
S21400E5F0002840F00F810127D8F8003000215D6127
S21400E600D8F8003005465F60D8F800900AAAD9F816
S21400E6101460304608F022FB0446E8B9DDF828A06E
S21400E6203846514608F00CF8074648BB26462546AD
S21400E6306FF08C0411E0002840F39C800A46107EA0
S21400E640022803D15069854200F0D9800133062B99
S21400E65002F12802F3D1C6E72E4630462946F9F7DE
S21400E660D1FAD8F80000002C6ED0FBF72DFB14F181
S21400E6708C0F08BF6FF087040023C8F80030C9E08D
S21400E6803046002108AA08F0E9FA0446002839D1E5
S21400E690BAF1000F08D0B7F1005F2ED3CAF10053CD
S21400E6A003F580339F4228D80025102200210AA8AF
S21400E6B015F060FD07AB029305AB019306AB009324
S21400E6C02A46304629460AABCDE9055508F084F9B6
S21400E6D00446A8B9059C5646A24528BF26463A4693
S21400E6E0069B07994E48009605F080FE05460028D2
S21400E6F046D06FF09104B24504D000252E461AE0AD
S21400E7002E46F8E700252E4651463846F9F77AFA9F
S21400E710002CA2D129464846FBF790FA044600286A
S21400E7209BD12A463146D9F8200015F087FE94E79B
S21400E7302E464BE026466FF09804E5E76FF08C0413
S21400E740E2E76FF09104DFE70830F8F708FED8F844
S21400E75000301A7E012A04BF02221A76D8F800007A
S21400E760FEF746FE002854D06FF0960484E76FF05C
S21400E77088044FE06FF087044CE06FF0960449E0A1
S21400E780A245BAD8BAF1230FB8D908223846254987
S21400E79016F099FE04460028B0D1BB68002BC9D1FC
S21400E7A03D6AAAF124039D42C4D8B5F5005FC1D2E4
S21400E7B0002DBDD02946012007F042FF064600285E
S21400E7C0BCD02A4607F1240115F038FEFB68C9F8CC
S21400E7D004303B8AA9F800307B8AA9F802307B69AE
S21400E7E0C9F80830BB69C9F80C30FB69C9F81030A5
S21400E7F0002EA6D0002D08BF6FF0910484E72822D3
S21400E80002FB03110846FEF7F3FD0028B5D1C8F851
S21400E8100010002420460EB0BDE8F087C00B002094
S21400E820D80A0020206A0200034668B1017E8A1ECC
S21400E830012A0BD80329C26903D1012A01D1FBF7AB
S21400E84043BA1AB1013ADA61002070476FF09600B9
S21400E850704707B500216A4608F000FA8C3018BFEA
S21400E860012003B05DF804FB13B500216A46044698
S21400E87008F0F4F98C3002D1002002B010BD00215F
S21400E880204608F00EFA014610B16FF09800F4E743
S21400E8906A46204608F0E2F98C30EDD0F5E72DE91F
S21400E8A0F04F05461646884687B0002900F0A0803F
S21400E8B0002A00F09D80B2F5005F80F09C8002F197
S21400E8C024073946012007F0BBFE0446002800F066
S21400E8D095804FF0000A4B4AC0F808A0D2F8E43002
S21400E8E041460360D2F8E830243040F8203C6B689C
S21400E8F0324640F8183C2B8820F8143C6B8820F8E9
S21400E900123CAB6840F8103CEB6840F80C3C2B69B6
S21400E91040F8046C40F8083C15F090FDD5F81480DB
S21400E9204046FFF796FF01285FD040F26C739F4287
S21400E9303DD806F1340949460120CDF810A007F06D
S21400E9407FFE054698B349460DF1100B06F000FF12
S21400E9502B46012240465146CDE901ABCDF800A03A
S21400E96008F03AF80646D0B9274B3A462146C5E99C
S21400E97002802B60686005F1100015F05FFDDDF881
S21400E98010A04B462A465146204806F099FAC0B9D0
S21400E990504607F029FA013008BF6FF08606284671
S21400E9A0494606F0D5FE284617F040FA66B16FF0E5
S21400E9B0980539462046F9F725F9284607B0BDE8F8
S21400E9C0F08F6FF09106EAE75A464046314608F067
S21400E9D045F9054620B9049B9F42EAD06FF098059A
S21400E9E04046002108F05DF9E3E76FF08A05E0E7AE
S21400E9F06FF08605E1E76FF08D05DEE76FF08C05BA
S21400EA00DBE700BF3C690200105D175ED80A0020F5
S21400EA10094B091A891030B55943024600232425AC
S21400EA208B4205FB032004D0046A04B130BD0133D9
S21400EA30F6E70020FAE700BF398EE33800F1480118
S21400EA40E6E770B50D460668EFF31182302181F3D4
S21400EA5011880021046A016282F31188BFF36F8F68
S21400EA60002C00DC70BD3046013CA847F8E70220C9
S21400EA7016F060BD08B50C4AD2F898335BB9D2F8E8
S21400EA809C336BB9FFF7F3FF40B9BDE808404FF47D
S21400EA90F85016F04FBD1B68012BF0D1012008BDC1
S21400EAA01B68012BEED1F9E7B80D0020012016F007
S21400EAB041BD2DE9F3410F4C8446D4E9E86586EA6A
S21400EAC0020885EA030708EA00080F4058EA07002C
S21400EAD00DD0D4F87C0350B1CDE9002386EA0806B1
S21400EAE062460B467D4015F073FEC4E9E86502B049
S21400EAF0BDE8F081B80D002038B5104B0D4603F187
S21400EB004802841A1E22E410B4FBF2F4E4B203EBCB
S21400EB104402A2F87012D3F87C03224616F02DF8B1
S21400EB2000B1FEE74FF6FF739D4206D00123044A6C
S21400EB3001341178A3400B43137038BDB80D002084
S21400EB401841002073B505460DF106019030FEF71A
S21400EB502CFF044670B92D68AB6C6BB1BDF806602F
S21400EB606B6D3146D869FFF7C7FFA5F846602046AB
S21400EB7002B070BD0624FAE70D24F8E708B5084B86
S21400EB8003F14802821A1E20D210B2FBF0F2D3F82C
S21400EB907C03D2B215F0F7FF00B1FEE708BD00BF58
S21400EBA0B80D002037B505460DF106019030FEF78A
S21400EBB0FCFE044668B92B689A6C62B1BDF8061074
S21400EBC0A3F85E105B6DD869FFF7D8FF204603B048
S21400EBD030BD0624FAE70D24F8E7074AB2F8B0334A
S21400EBE0FF2B07D092F8AE03FF2803D0C01A18BF39
S21400EBF00120704700207047B80D0020FF2330B575
S21400EC0085B08DF8043000230546CDE90233FFF7C2
S21400EC10E4FF1B4C0246D0B1B4F8AE33AB4204D08E
S21400EC20B4F8B033AB4200D0FEE716F0B9FC154995
S21400EC30D4F87C0316F000F800B1FEE74FF48062CB
S21400EC40D4F87C03114615F016FE40B1FEE74FF4EB
S21400EC508061D4F87C0315F00EFE00B1FEE7D4F810
S21400EC607C03294601AA15F033FD044630B9014657
S21400EC700B2017F0DBFB204605B030BD0120FBE77C
S21400EC80B80D002060110020F0B589B0FFF7EFFE48
S21400EC9000B9FEE73D4CD4F8941301B9FEE7102006
S21400ECA016F048FC8B8800268DF80B3001230DF1FA
S21400ECB00B011A46D4F87C0315F097FE9DF80B203E
S21400ECC0D4F89413023A002392B20968D4F87C036D
S21400ECD015F08BFE2E4B05960693D4F894330796C4
S21400ECE093F82C2020208DF814201B6805AF1D7883
S21400ECF0C5F3401516F01EFC50B10AF0C1F93146B6
S21400ED00202016F0FFFB31464FF4004016F0FAFBC9
S21400ED10D4F89463D4F87C437369C3B9102016F012
S21400ED2009FCB17968B11B4B327E20469A711A7C79
S21400ED300433DA702A46009715F0BFFC00BB09B012
S21400ED40F0BD3B462A46204615F0B5FCF6E7002205
S21400ED50962104923269204613440E4AA3F59B730B
S21400ED6011831432B1790393009201972A4603ABBC
S21400ED7015F0A5FC20B90121402016F0C3FBDEE704
S21400ED804FF4805017F092FAD9E700BFB80D002074
S21400ED9020A107001841002010B5084A92F8B413C5
S21400EDA051B90124102882F8B44300D0FEE716F0CB
S21400EDB0A9FBBDE8104067E710BD00BFB80D0020F6
S21400EDC0034670B558B30268022A28D14279817981
S21400EDD095001348B1B1012A19D85242A0F55474CF
S21400EDE002F0F002144428441E79FFF755F894F810
S21400EDF0E43076B29BB1206A3146BDE870405430AC
S21400EE00FEF75FBD2844BDE87040FFF745B82844CC
S21400EE101B79FFF741F8002393F8E430FFDE70BD5E
S21400EE205011002038B51446002A39D0D1689368AE
S21400EE3001391C4D9942D5F87C034FF0FF3118BFBD
S21400EE40002115F047FC10F5007F0CD180232374B9
S21400EE50A368E26801339A42A3600FD92046BDE852
S21400EE60384009F05BB9002894F91030B8BF033079
S21400EE7040F387008342B8BF2074E9E794F9103066
S21400EE80237102232360A37913B12046FFF798FF6E
S21400EE90D5F87C030022BDE83840802115F0EBBC95
S21400EEA038BD00BFB80D002008B5074BD3F87C036B
S21400EEB015F0ABFC30B1054BB3FBF0F083B20BB1F1
S21400EEC0184608BD0120FCE7B80D002040420F00A0
S21400EED0F8B506462C4D33680C46D5F87C031BB3B4
S21400EEE0972115F046FE024600B1FEE73168D5F8D8
S21400EEF07C030DF0A3FD00B1FEE73168D5F87C0376
S21400EF0015F06CFC3179814200D0FEE7D5F87C0321
S21400EF100DF044FF00B1FEE70122D5F87C03114650
S21400EF2015F05BFE20B1FEE708F070F800B1FEE7D2
S21400EF300322D5F87C03114615F03FFE7F2C20D027
S21400EF40D5F87C0315F0DDFC042814D104EB84040A
S21400EF506400D5F87C730A21384615F0D4FC40F6D8
S21400EF60E441384615F0D1FC2146D5F87C030DF077
S21400EF702DFF30B1FEE7D5F87C030DF043FF0446C5
S21400EF80E7E7C5F8B863F8BDB80D002038B5044605
S21400EF90164D16F005FB237D95F8C0239A4223D81C
S21400EFA095F8C1239A421FD3D5F8B83305F56F708C
S21400EFB0834202D07F21FFF78BFF8022D5F87C03A7
S21400EFC0114615F058FC10B1012000230AE0207D00
S21400EFD0FFF714FE0028F7D1204609F09FF8002816
S21400EFE0F2D10123236038BD2120EEE7B80D0020C2
S21400EFF02DE9F8430546FFF73AFD18B17F25284668
S21400F000BDE8F8832B4E06F14803ED1A1E23ED10DB
S21400F010B5FBF3F5EDB2012D00D9FEE706EB85034F
S21400F020D3F89883AF00B8F1000F3DD106EB450347
S21400F0301820B3F8AE9307F00DFB5FFA89F9A0F835
S21400F04014904FF08009C0F80080457180F8049055
S21400F05080F80680C0F808800446FFF725FFC00049
S21400F0601028D6BF10230123B3FBF0F384F81090CA
S21400F0702046E360FFF78AFF58B93744C7F898433D
S21400F0802368012BFCD0257920466DB2FFF798FE49
S21400F090B5E73E44D6F89833A34205D0204609F09B
S21400F0A0F7FF204616F0C2FE03483844FEF7F4FE8B
S21400F0B0A4E700BFB80D00205011002010B504468C
S21400F0C00068FFF795FFC1B2206EBDE8104009F05A
S21400F0D04BBF2DE9F047274E894606F14803C51A6F
S21400F0E01E23ED10B5FBF3F5EDB2012D904600D9C9
S21400F0F0FEE706EB8503D3F898A3AF00BAF1000F3E
S21400F10036D1182007F0A6FAA0F8149045714FF0F3
S21400F11080090125C0F800A0857180F80490C0F829
S21400F12008A00446FFF7C0FEC300B8EBC00F28BF18
S21400F130B8FBF3F52046E56084F81090FFF726FF4D
S21400F140054628B93744C7F898432846BDE8F087EF
S21400F1503E44D6F89833A34205D0204609F098FFDF
S21400F160204616F063FE04483844FEF795FEECE7AA
S21400F1700425F8E7B80D00205011002038B50F4BD5
S21400F1800C4693F8C023824215D893F8C1238242D6
S21400F19011D303F56F75D3F8B833AB4204D10846E4
S21400F1A0FEF7C2FE002038BD09F06AFF2146284659
S21400F1B0FFF78EFEF6E70720F5E700BFB80D002044
S21400F1C070B504460D46FFF752FC68BB1E22184E6B
S21400F1D006F14803E31ADB10B3FBF2F3DBB2012BB4
S21400F1E000D9FEE706EB8302D2F8982312B1126824
S21400F1F0012A19D006EB4303A3F8AE5309F0B8FE74
S21400F20001462846FFF7BAFF80B92846FFF7F6FC06
S21400F210044638B90146202016F074F986F8CE5315
S21400F22086F8FE53204670BD0D24FBE70724F9E759
S21400F230B80D00200068C3E710B5836804465BB1CC
S21400F240406921791C30FFF7F5FF20B9A37E022B19
S21400F25001D00223A37610BD0D20FCE7F0B50129EE
S21400F26085B003D00724204605B0F0BD6946106877
S21400F270FEF737FB03460028F4D1009E019AB6F548
S21400F280807F72F10002EDD2F0B2A0F10B020F2ADD
S21400F290E8D80093CDE90133FF23094F8DF80030FD
S21400F2A097F98013FFF76AFF044600B1FEE76A4647
S21400F2B0D7F87C03B1B215F00BFA0028D3D0FEE7DE
S21400F2C0B80D002010B5EFF31182302383F31188B8
S21400F2D0084B03F14804001B1E24C010B0FBF4F0DA
S21400F2E0C0B203EB8013C3F82C1482F31188BFF36B
S21400F2F06F8F10BDB80D002008B5302383F311883A
S21400F3004FF000534FF20F0218805A80BFF35F8F02
S21400F31004F010FC2DE9F0416C4A6D4B55686D4CBD
S21400F3205D65516A99656C49D1F80002D865D1F8D7
S21400F3300412586B1966916A10F0040F5966D16A68
S21400F3404FF000009966116BD966516B1967D26B46
S21400F350D8645A67D3E90E1218BF11465F4A914225
S21400F3601A655DD301F12000A04259D88869C5F31B
S21400F37008051864CE69062D5E6455D1584DA8421E
S21400F38052D3584DA8424FD205884DF6426085426A
S21400F3904AD11868C3F890005868C3F8940040F241
S21400F3A00170A242154604D22E680432B6F1CD3F53
S21400F3B0F7D00022C3E91E22C3E92022C3E9222295
S21400F3C0641BDFF81CC1434DDFF818E19C648D42D6
S21400F3D02DD8D3E91EC7D3E92065D3E922414FF0E3
S21400F3E0000E013AD2B2FF2A3CD1BEF1000F05D082
S21400F3F0C3E91EC7C3E92065C3E92241B3F8543008
S21400F400C3F308030C2B3BD8022B54D9DA1E092A67
S21400F41051D8DFE802F03157404350505050504D1D
S21400F4200021C3E910112D494FF42060B9E755F8C3
S21400F430044D6445CBD37445C9D2E607C7D500262C
S21400F440294F57F8048FA045C1D00136062EF8D1B3
S21400F45032B1013AD2B202F11E0643F82640B6E7B0
S21400F4600522F8E7E0464FF0010EBC4637462E462A
S21400F47025460C464146B4E740F60120BDE8F0813B
S21400F4803B2B18D1194B9B6913F0020F40F2025325
S21400F49018BF1846F2E740F60320EFE740F60422CE
S21400F4A040F20173B0F5206F0CBF10461846E5E732
S21400F4B040F60520E2E740F60722013B4B2B98BFBB
S21400F4C01046DBE740F60220D8E700BF00ED00E07C
S21400F4D0E03E0020C80A002000E100E0080000200E
S21400F4E0A041000040660200543F00200080015A00
S21400F4F01022002114F03EBE70B5144D05F595633C
S21400F500D3E8AF4F14F0010416D195F8A8349BB990
S21400F510C5F8AC4405F5966630191034FFF7E8FFD9
S21400F520A02CF9D10B220A4B013A194603F110031D
S21400F53004D1012385F8A834064870BDD5F8AC047C
S21400F54043F8100CC5F8AC14EEE700BFB80D002069
S21400F550681200206412002008B5FFF788FA0146FA
S21400F56020B9202015F0CEFF16F01AF8002008BDAE
S21400F570094AB2F8503503B9FEE748F24E30D2F8E1
S21400F5805435A3FB003010EB530044BF20F000407E
S21400F5900130C2F854057047B80D0020836853B98F
S21400F5A003685A6812B95860806070479268826033
S21400F5B05A68906058607047002337B500F58D5440
S21400F5C0083405460C221946204609F0E3F92E2891
S21400F5D034D0042809D11A4BD3F8780300F58E509E
S21400F5E00C3003B0BDE83040D8E700B1FEE7204657
S21400F5F001A9F7F7F7FC58B9019B124A20469A650D
S21400F600F7F7E3FC204601A9F7F7ECFC08B1FEE7A4
S21400F610FEE7019B0C4A2046DA65F7F7D6FC204643
S21400F62001A9F7F7DFFC00B1FEE7019B074A204679
S21400F6305A67F7F7CAFC064BC5E9083503B030BD74
S21400F640B80D0020950701003DD7000061F60000C8
S21400F65071F60000014BD3F87803ADE7B80D002033
S21400F660024BD3F8780300F58E5097E7B80D0020CC
S21400F67000F5805393F8A62132B193F8A7311BB951
S21400F68000F58D50143089E770472DE9F0419368F6
S21400F69005460C46164698473246074621462846F3
S21400F6A0FEF77BF86868002203466BB1A168D3F8C2
S21400F6B008E0A1EB070CAEEB070898EA0C0F14D491
S21400F6C0A1EB0E01002908DA52B9E0606C60314601
S21400F6D02846BDE8F041FEF746B81A46DB68E4E780
S21400F6E0D368E360D460BDE8F081BCF1000FEAE7C0
S21400F6F001688A6A8B6B086B934208BFCA6A03F17B
S21400F700804304BF0132CA628B63024A303108303C
S21400F710BBE700BF3C69020000F44052B2F5005F50
S21400F720034622D148F2400220F44E5020F03F001B
S21400F73090421ED010D8B0F5446F1AD007D8B0F556
S21400F740046F18BF002814BF012000207047B0F5D2
S21400F750004018BF012070474CF6404203F44C436B
S21400F760B3F5404F18BF9042EDE700F44063181E13
S21400F770EFE70020704700F44053B3F5005F04D174
S21400F78000F44C43B3F54C4F08D0B0F5804F05D38A
S21400F790C0F3801080F00100C0B2704700207047B0
S21400F7A010B58388032B12D9006809F07FFC80F41B
S21400F7B080720446C2F30021FFF7AEFF48B98A1CE8
S21400F7C0C4F38123022B06D0032B16D02BB1FF20C7
S21400F7D012E00A1DF4E70232D2B22046FFF7CBFF52
S21400F7E0C4F3813402EB4002022CD0B207D0032CC3
S21400F7F008D0002C18BFFF2010BD0832ECE70230FE
S21400F800C0B2F9E70830FBE710B583880446022B40
S21400F81007D9006809F0CEFC18B12046BDE81040B4
S21400F820BEE7FF2010BD38B505460C46FFF7ECFFD7
S21400F830FF2817BF2B6806201B5C00201CBF03F0A8
S21400F8400703237038BD38B505460C46FFF7DCFFC6
S21400F850FF281FBF431C2A68DBB2D3581ABF0020FC
S21400F8602360062038BD70B506460D46FFF7CCFF70
S21400F870FF28044609D03268105CFDF7F2FF2244E8
S21400F8800244002053792B7070BD0620FCE710B5AB
S21400F8900446FFF7B9FFFF2806D02368185CFDF77B
S21400F8A0ECFF0230C0B210BD0220FCE770B5054682
S21400F8B0FFF776FFFF28044611D02E68304609F081
S21400F8C079FC60B1A9888C420BDA305DFDF7EAFF5F
S21400F8D0FF2808D00444E4B2A142B8BFFF24204663
S21400F8E070BDFF24FBE70446F9E7F8B50746FFF7C7
S21400F8F0DDFFFF28044633D03D68284609F0D6FBD6
S21400F900830506461CD53846FFF7C1FFB988A21CFA
S21400F91093B210FA82F28A4205EB040720DC2A5DD5
S21400F92002F07F0213449CB210FA83F3994217DB6D
S21400F9303A8802F4FF42B2F57E5F01D09942E6DCD7
S21400F9402B7803F00703032B06D106F44056B6F5D2
S21400F950005F1CBF0134A4B2FE2C01D82819F8BDE4
S21400F9600020FCE72DE9F047794F054697F8749399
S21400F9700E46144686B0B9F1000F36D10846FFF79A
S21400F980B4FF804688B390F800A00AF03C030C2B26
S21400F9900ABFCAF340094B4689F00103B6F8049043
S21400F9A0B9F1090F21D903B3306809F07FFB10F4D1
S21400F9B0405F1AD10AF0C30ABAF1010F21D198F8B4
S21400F9C00130E32B15D184B197F85835022B0CD1B2
S21400F9D0D6E9020445F2082103230A185D4987F890
S21400F9E0583544F10003C1E90023002006B0BDE805
S21400F9F0F08784F00104F32B14BF002004F001000C
S21400FA00F4E7BAF1800FF0D1B9F10D0FEDD998F8FF
S21400FA10013003F0F8025CB9802AE6D113F0070340
S21400FA203CD198F80630F02B04D184F00100DDE7D5
S21400FA30402AF2E7E02B08D003F11C02D2B20B2AD0
S21400FA4003D95033DBB20F2BCFD8002CCDD097F88C
S21400FA505835022BC9D11E223F4C08F102002B1B41
S21400FA60DB10B3FBF2F33022DBB202FB0373D3F8F6
S21400FA7068150422093115F026FD0028B5D1D6E90F
S21400FA80020545F2082103230A1887F8583504F5BD
S21400FA90A36445F10003C4E90023A6E7022BA4D122
S21400FAA098F80330F02BC0D0E02B08D003F11C02EE
S21400FAB0D2B20B2A03D95033DBB20F2B95D8002CC9
S21400FAC093D097F85835022B8FD11E23224CE94647
S21400FAD02C1BE410B4FBF3F400238DF81430302311
S21400FAE0E4B203FB047303AD2946D3F8680509F0B6
S21400FAF0E8FA40B99DF81430012B1AD0022B1FD01B
S21400FB000BB98DF808302946304609F034FB082238
S21400FB102946484615F0D7FC00287FF466AF302308
S21400FB2003FB0474D4F8683598F80220DB7B9A420D
S21400FB304DE78DF80830BDF80C30ADF80030E2E740
S21400FB4095E803008DF80830CDE90001DBE700BF3B
S21400FB50B80D002018130020000E00201E2238B515
S21400FB60114C054604F14803C31ADB10B3FBF2F34D
S21400FB70DBB204EB831393F82824D3F8303484F8EC
S21400FB80DC2304F572710122C4F8D833FFF7EAFECD
S21400FB9095F8E4303BB1286A94F8C8155430BDE8AF
S21400FBA0384008F0D5BA38BDB80D002010B5044668
S21400FBB0FFF79BFE2368C01AC0B210BD70B505469D
S21400FBC08688FFF7F3FF04462846FFF760FE0444E6
S21400FBD0301B80B270BD38B505460C46FFF714FEE4
S21400FBE0FF2817BF2B6806201B5C00201CBF03F0F5
S21400FBF01803237038BD38B505460C46FFF704FEDB
S21400FC00FF2800D1FEE72A68431CD9B2545452FAA2
S21400FC1083F3220A5A70220C240E9A70DC702B7F13
S21400FC2043F001032B7738BD70B506460D46FFF747
S21400FC30EBFDFF28044600D1FEE73268105CFDF7B6
S21400FC4010FE22440244557170BD2DE9F04FD0F8E5
S21400FC50009004469BB048460E4609F0ABFA0028D2
S21400FC6000F0CB8107AD29462046FFF7B4FF0746D4
S21400FC70002840F0C2819DF81CA0BAF1080F40F0A1
S21400FC80BC81237FDA0600F1B881DFF87C8399F81F
S21400FC90009008F14803F61A1E2309F00709F6102B
S21400FCA0B9F1020FB6FBF3F61CD129468DF81C00FD
S21400FCB02046FFF7D8FD9DF81C10002900F0AE8105
S21400FCC0F6B208EB861393F829345A1E91420FD0E9
S21400FCD08B420CD00133994200F0188150461BB07D
S21400FCE0BDE8F08FF6B208EB861393F829140127C7
S21400FCF0C34B07EB860003EB00130C33A360237F94
S21400FD00DB0720D4EFF31180302383F3118808EB50
S21400FD108613D3F82C747A1CC3F82C242268127825
S21400FD2002F00702022A04BF83F82814C3F83074CE
S21400FD3080F31188BFF36F8F2046FFF775FF3946B3
S21400FD402046FFF758FF00232068029309F032FA96
S21400FD50002800F0528120460DF10701FFF763FDF1
S21400FD60002840F04A81204602A9FFF76CFD814634
S21400FD70002840F04281A349029B01EBC60C51F8D3
S21400FD803600DCF804101ABA9DF8077003AB03C3FC
S21400FD90204605928DF81870FFF779FDA0F102084D
S21400FDA0A3685FFA88F8B8F1030F139340F2B080A7
S21400FDB02046FFF703FF4E4682460346721C002B82
S21400FDC040F0A780F6B2022E38BF02262046022E4A
S21400FDD0C6F10F0718BFFFB2FFF7E8FE021E18BFF6
S21400FDE00122013E4FEA6803F6B2013B46EAC3032E
S21400FDF043EA821303A93A4683460DF11D008DF8A7
S21400FE001C3014F01BFB52460F230BA99F42C0F078
S21400FE1083802A462946139816F09EFABBF1000FF7
S21400FE2007D04FF002099DF81D308BEA03038DF8CA
S21400FE301D303A4603A90DF12D008DF82C6014F004
S21400FE40FDFA07F111000021C7F10F02284414F053
S21400FE5091F90023CDE9153A1793102320468DF823
S21400FE606470CDF850B0ADF86090ADF862308DF8A3
S21400FE706580FFF79BFE8345064653D3276800EB55
S21400FE800708B8454FD1159B1E44149B15969E42F5
S21400FE900AD1BDF8603023B12A462946139816F0D9
S21400FEA05BFA0023ADF860302046FFF787FE179B0D
S21400FEB0169A0344934206464CD82046FFF715FD93
S21400FEC04FF00009074606EB0008B84543D1179BDC
S21400FED01E44169B17969E4213D3BDF8603023B17E
S21400FEE02A462946139816F037FA9DF864200E2AFB
S21400FEF007D802F111000021C2F10F02284414F0C5
S21400FF0039F9DDE916329A4262D0FEE74F46EFE64F
S21400FF10FEE716461B0A51E7013B01F8012DDBB24E
S21400FF20120A73E7FEE7BDF86030102B05D12A46AB
S21400FF302946139816F010FA00235A1C6833ADF8B9
S21400FF4060206B4417F8012B13F84C1C4A4003F84A
S21400FF504C2C96E7FEE7BDF86230102B13D10F212C
S21400FF609DF864000FAA814205DD12F8013D0133B9
S21400FF70DBB2137053B313980FAA0BA916F0ECF963
S21400FF800023ADF862905A1C683397F800A06B44C3
S21400FF90ADF8622013F82C3C8AEA030307F8013B0D
S21400FFA0BDF86030102B05D12A462946139816F066
S21400FFB0D3F900235A1C6833ADF860206B4413F85D
S21400FFC04C2C8AEA020A03F84CAC7EE70139CAE7F1
S21400FFD02046FFF75CFCA7880FAA3F1A0BA91398C8
S21400FFE0266816F0B9F90023F0199DF865209342AB
S21400FFF00CDB237F43F0100323774FF0000A6DE6F7
S214010000E011002081130020B80D002015F8012B07
S2140100100133E97F4A4000F8012BE6E74FF0010A79
S2140100205CE62DE9F04F0027A7B004462A220D46CC
S2140100300DF126003946039714F09CF824220AAEE7
S214010040394630460896ADF8242014F093F8206817
S21401005009F0B0F8002800F05A8120460DF10B0196
S214010060FFF7E1FB002840F05281204603A9FFF785
S214010070EAFB8246002840F04A81039B28686968AB
S2140100809DF80B701ABA04AB03C306923046802261
S214010090A1688DF81C7005F02CFE0746002840F07C
S2140100A0BD802046FFF7F3FBA0F102095FFA89F94C
S2140100B0B9F1030F40F2B3802046FFF77FFD3B46C0
S2140100C0834606465A1C002E40F0AA80DBB2022B5D
S2140100D038BF02232046C3F10F05022B18BFEDB22D
S2140100E00193FFF763FD019B04A9013BDBB201937A
S2140100F0019A4FEA6903013B42EAC303021E18BF95
S2140101000122804643EA82130DF151002A468DF8FA
S214010110503014F093F95A460F2318A99D42C0F0A7
S214010120828014AA114608A8FDF75EFFB8F1000FF9
S21401013007D04FF0020A9DF8513088EA03038DF884
S2140101405130019B2A4604A90DF161008DF86030FB
S21401015014F074F908AB05F14100C5F10F02002156
S214010160184414F007F80023CDE9213B239310230C
S21401017020468DF89450CDF88080ADF890A0ADF86B
S21401018092308DF89590FFF711FD8045054650D3C6
S214010190D4F8008000EB0809C1454BD1219B1D44D2
S2140101A0209B21959D420AD1BDF8903023B114AA17
S2140101B0114608A8FDF718FF0023ADF89030204639
S2140101C0FFF7FCFC239B229A03449342054648D83A
S2140101D02046FFF78AFB4FF000088146B54241D81A
S2140101E0239B1D44229B23959D4212D3BDF890303C
S2140101F008AD23B114AA11462846FDF7F5FE9DF871
S2140102009420002102F141002844C2F10F0213F0AC
S214010210B1FFDDE922329A4263D0FEE7FEE7FEE750
S2140102201346360A4EE7013B01F8012DDBB2120AEE
S21401023074E7FEE7BDF89030102B05D114AA1146DD
S21401024008A8FDF7D1FE00235A1C98336B44ADF87D
S214010250902018F8012B13F8481C4A4003F8482C44
S2140102609AE7FEE7BDF89230102B12D10F219DF8C8
S21401027094001CAA814205DD12F8013D0133DBB270
S214010280137063B31CAA18A908A8FDF7ADFEADF854
S2140102909280BDF8923019F806A05A1C98336B4428
S2140102A013F8283CADF892208AEA030309F80630D1
S2140102B0BDF89030102B05D114AA114608A8FDF7F9
S2140102C093FE00235A1C98336B44ADF8902013F824
S2140102D0482C01368AEA020A03F848AC7EE701395F
S2140102E0C8E72046FFF7D3FAA6882568361A1CAA5F
S2140102F008A818A9FDF778FE0DF14F03A8199DF877
S214010300952097420DDB237F43F010032377BDF83A
S2140103102430232B0ED9089805F0E6FC27B0BDE85B
S214010320F08F13F8012F013793F820104A4000F898
S214010330012BE4E7FEE701F1080313F8012D8B42D8
S21401034000F8012BF9D1704713B504466846FFF74C
S214010350F2FF246869462046FDF7C2F980B20F28ED
S2140103602FD91E21184AA31ADB10B3FBF1F3DBB217
S21401037002EB831202F2AE21002211F8220028B10C
S2140103800132102AF9D1032002B010BD0F4901EB4A
S21401039043001B0103FA82F201EB8202BDF8003032
S2140103A0BDF80210B0F870020B44BDF804100B44FF
S2140103B0BDF806100B440344A2F8F432012382F878
S2140103C0F6320020E0E700BF000E0020B80D002046
S2140103D0002313B50822044601A990300193FDF7C6
S2140103E01EFB40B92068836C43B101991C3002B0F2
S2140103F0BDE81040A8E7062002B010BD0D20FBE7BF
S21401040037B5036804469A6C7AB31948DB69A0F5D8
S2140104102B729B1A1E22DB10B3FBF2F3DBB24022D7
S214010420002100EB831013F0A5FE04F19005B4F84B
S2140104309830B4F896209B1A9BB2072B01D800205F
S21401044011E00822284601A9FDF7E9FA50B920680B
S214010450836C53B101991C30FFF776FF0028E6D074
S214010460032000E0062003B030BD0D20FBE700BFEF
S214010470AC10002030B585B00446082201A99030A2
S214010480FDF7CDFA054620BB2468A36C1BB3019982
S21401049002A8FFF750FFE46902A92046FDF720F9FC
S2140104A083B20F2B13D80D4B03F14802A41A1E2258
S2140104B0E410B4FBF2F4E4B200EB041003EB8003A7
S2140104C083F8F652A3F8F452284605B030BD0A2543
S2140104D0FAE70625F8E70D25F6E700BFB80D002078
S2140104E038B54FF6FE730025044643818381C38ADF
S2140104F0C58003F0FE0343F4FE4343F00103C382C9
S2140105000572C0F80E50C0F8125085612C30FEF707
S214010510EFFF04F13C00FEF7EBFF04F14C00FEF7A1
S214010520E7FFE565A4F8605004F16400BDE83840D3
S214010530FDF778B937B505466846FFF7FCFE1E217C
S2140105400D4B2A686C46D21AD210B2FBF1F2072183
S214010550D2B203F2815303EBC203605C013903F8A4
S214010560010BFAD2054B2146D3F87C0314F011FB9C
S21401057000B1FEE703B030BD000E0020B80D00202C
S21401058037B50546082201A99030FDF748FA04461A
S21401059080B92B689A6C7AB10199586D0A681C303B
S2140105A0C3F862204A68C3F86620FFF7C3FF2046F7
S2140105B003B030BD0624FAE70D24F8E7036810B54A
S2140105C05A1E114603628B4211D8416202210177FD
S2140105D000210163A1F58031C0E90A33C0E90D139A
S2140105E0934207D8C0E90F23C0E9113310BD04892F
S2140105F02144E8E701890A44F2E7012B10B50446D5
S21401060008460AD0022B0FD01BB9636810448342F8
S21401061000D910BD2289801AF9E72368881A834217
S214010620F7D922891044FAE79C21024B024A034873
S2140106300BF0AAFA4D8B0200C98C0200AD8B0200AA
S2140106402DE9F04790F8242012B90D20BDE8F08777
S214010650013A0568D2B280F8242095F81C90B9F1C9
S214010660020FF2D000EBC204AB6AA6689E42ECD140
S214010670D5F82CA031464B4652462846FDF762FC7B
S2140106806768804631464B463A462846FDF75AFC8F
S21401069080450646D9D94B46524639462846FDF787
S2140106A051FC0128D1D90236464512DC841EA4B27B
S2140106B03C702B7F012239462846FFF79EFF240A0D
S2140106C004700146012228462B7FFFF796FF002083
S2140106D0BCE70720BAE7134610B501220C78FFF7EE
S2140106E08CFF03782402E01880B210BD2DE9F0419A
S2140106F0044694F82470002F33D1246894F81C80A3
S214010700B8F1020F38D0A56A434629462046E26A68
S214010710FDF718FC012806462CD9294642462046F4
S214010720FFF7D9FF023EC6F30D06304386B2C0F38B
S214010730072028702946434601222046FFF75DFF21
S2140107400670E56AA562227F04EB8203196A2163BB
S2140107501D62E56815B123462069A8470223237761
S21401076005E02046FFF76CFF07460028C1D0384653
S214010770BDE8F081E562E6E70D27F8E7C26B436A5C
S2140107809A4205D1836B006A1B1A5842584170473A
S2140107900020704710B50E4B4FF40062D3F8784333
S2140107A0002104F6A61013F0E5FC002204F58053A0
S2140107B083F8A72104F11400FFF7E0FF30B904F530
S2140107C08D501430BDE81040FEF7E8BE10BD00BFE6
S2140107D0B80D002090F8353033B9C36B426A9B1AC6
S2140107E018BF012380F8343070472DE9F04F5C4B79
S2140107F085B0D3F8784304F5805898F8A63104F10B
S2140108001407002B4DD098F8A731002B49D1384654
S214010810FFF7B4FF0546002843D1012388F8A73126
S2140108203846FFF7ABFF029068BB3846FFF7D2FFAA
S21401083094F8483004EB8303DB6CC4E9153308F005
S2140108402BFB4FF6FF73B4F84A609E4216D138462A
S214010850FFF7C0FF94F848A04FF00B0904EB8A039A
S214010860D3F84CB05B6B5946029E0393039B9942A7
S21401087021D194F849300BB1A4F84A60AB1CF218A8
S214010880B2F5006F38D3002604F58D5033462A465C
S214010890009604F6A6110830F6F78CFC08B188F825
S2140108A0A76198F8A631002B56D1384605B0BDE8A9
S2140108B0F04F08F0A2BA524638460291FFF70BFFF6
S2140108C010F4004F029901D08B45D2D1C0F30D022E
S2140108D05346164438460232FFF78FFE09F1FF33BE
S2140108E013F0FF090146B6B2C0D140F2AE311D4B3E
S2140108F01D4A1E480BF048F904F6A619310A09EB01
S214010900050209F80510994456709DB209EB060BCD
S214010910D9451BD094F84920032A17D0B2B1012A31
S21401092011D1E16D94F84830384691F800A0FFF7F0
S21401093064FEA36DE065984202D1384608F0ACFA31
S21401094009F801ABE4E74FF0000AF9E73544384609
S214010950ADB208F052FA63E705B0BDE8F08F00BF0C
S214010960B80D00201C8D0200388D0200AD8B0200F0
S214010970416AD0E90E23994209D1017F012906D0A7
S214010980531E026893420ED34362C3637047016AE3
S214010990914207D1027F2AB142680133934205D2C0
S2140109A003628363704701890B44EBE701895B1A95
S2140109B0F4E7037F022B06D0083350F82330C0E952
S2140109C00A3302230377D3E7F8B5047F0546022CE2
S2140109D00E4605D1E6210E4B0E4A0F480BF0D4F811
S2140109E02346B4FA84F4C76A01223946FFF705FEA6
S2140109F06409083455F82430834203D03E70E86217
S214010A000020F8BD2846FFF7D4FF0320F9E700BF12
S214010A10698D0200858D0200AD8B020070B5D0E9AC
S214010A200A239A4204461DD1037F0021083350F859
S214010A302350AB1A5D425D41FFF7C6FFED03014649
S214010A4008B1032070BD2046FFF7BEFF064600280A
S214010A50F7D1A16A2D0A237F012220460D70FFF7E8
S214010A60CCFD06700020EDE738B5037F0446022B67
S214010A700D4607D0FFF7D2FF30B929462046BDE81C
S214010A803840A1E70D2038BD0320FCE738B5044601
S214010A900D460068C9B2FFF7E7FF20B92068290AAA
S214010AA0BDE83840E0E738BD50F8603BB3F8461083
S214010AB0ECE750F8603BB3F85E10E7E7B0F8B41027
S214010AC06030E3E738B504460D460068C9B2FFF763
S214010AD0CBFF80B92068C5F30721FFF7C5FF50B9E2
S214010AE02068C5F30741FFF7BFFF20B92068290E2C
S214010AF0BDE83840B8E738BD036893F8441071B1D3
S214010B000A2906D84FF4FA62074B11FB023160300E
S214010B10D8E7192905D841F28832044BF5E704498C
S214010B20F5E70021F3E700BF40CB0D00B0DB230063
S214010B30CC3F0D0070B5D1B20446006816461D467E
S214010B40FFF792FF30BB2068C6F30721FFF78CFF43
S214010B5000BB2068C6F30741FFF786FFD0B92068BF
S214010B60310EFFF781FFA8B92068E9B2FFF77CFFD5
S214010B7080B92068C5F30721FFF776FF50B92068D2
S214010B80C5F30741FFF770FF20B92068290EBDE8BD
S214010B90704069E770BD00F51A6353E902236030BF
S214010BA0C8E738B5044608460D4613F0F1FC4FF683
S214010BB0FF73984228BF1846294682B2206808F07B
S214010BC001F9014618B92068BDE838404CE738BD40
S214010BD001496030E5E700BF286A020070B590F869
S214010BE024500446032D1DD80668337F022B19D0E6
S214010BF03046FFF713FF0146B0B9F36A04EBC505AB
S214010C006B60B36AAB602068FFF72EFF48B90146F8
S214010C102068FFF729FF20B994F82430013384F8BF
S214010C20243070BD0D20FCE70320FAE72DE9F843D8
S214010C30074616460C4600F1600500297BD0002ABF
S214010C4079D1B1F80480D1F8009028464146FFF7E3
S214010C501DFF10B10120BDE8F88342464946386EB3
S214010C6008F0B0F80028F5D194F915102868C9B233
S214010C7008F07AF90028EDD18021286808F074F987
S214010C800028E7D1002C60D0E17D090101F0300198
S214010C902846FFF7FBFE0028DCD12846FFF79EFF1B
S214010CA001460028D6D104B1A179286808F05CF97C
S214010CB001460028CED104B1A17D286808F054F978
S214010CC00028C7D1002C42D0D4E902232846FFF7DA
S214010CD031FF0028BED12846FFF7B2FC0028B9D163
S214010CE02846FFF77BFF0028B4D131462846FDF79A
S214010CF0AAFA0028AED12846FFF7A2FC0028A9D1FF
S214010D002846FFF76BFF01460028A3D104B1217DD9
S214010D10286808F029F900289CD1DCB12169284609
S214010D20FFF7D0FE002895D12846FFF789FC00384A
S214010D3018BF01208FE700212846FFF7A7FE0028ED
S214010D4088D1002C90D1214690E72146A0E70022C9
S214010D500023BBE72146E2E72DE9F04111F00F0839
S214010D6004460D4617461E46006829D0002384F81F
S214010D702430FFF71EFE01230377436AC0E90A33D6
S214010D802946206808F0F0F818BB39462046FDF7DA
S214010D905AFAF0B925682B7F022B19D02846FFF79F
S214010DA03DFEC0B9EB6A3146A362AB6A2046E362F8
S214010DB094F8243084F82530BDE8F041FDF743BAB5
S214010DC084F82480FFF7F5FD036A80F81C80D5E7D8
S214010DD00D20BDE8F0810320FBE730B50546D2F8CB
S214010DE0A00914460B462A46C1B0A0B1B4F8A4190E
S214010DF00BF0B2FB00280CDDB4F8A439D4F8A02916
S214010E009842A8BF184602441B1AC4F8A029A4F8A1
S214010E10A43941B030BD4FF4807168460BF09CFB9D
S214010E200028F6DB60344FF46F53062280212046FB
S214010E30FFF792FF0028ECD169462046FFF7B1FE86
S214010E400028E6D12046FFF751FCE2E7F8B50F4B44
S214010E500C46D3F878731546FCF728FE000160F0BF
S214010E607F0007F1600600F0F0017123062230468C
S214010E70FFF772FF48B92A4621463846FFF7D6FEE5
S214010E8018B93046BDE8F84030E4F8BDB80D00208A
S214010E902DE9F041204B0F46D3F87853FCF706FEB8
S214010EA0FF2204462B1893F9768983F8762905EBF9
S214010EB080035868240164F07F04403005F1600621
S214010EC0E4B2FEF7B9F93923062221463046FFF788
S214010ED043FFF8B9286E5FFA88F108F045F8C8B9FB
S214010EE0286EF9B208F040F8A0B93046FFF7FEFBCD
S214010EF080B92146302306223046FFF72DFF0146F2
S214010F0040B9286E08F030F820B93046BDE8F04107
S214010F10FFF7ECBBBDE8F081B80D002010B5C38823
S214010F2002895C1C944297BF02680620D35C0B7052
S214010F309FBFC3880133C380002010BD13B50C4684
S214010F400DF10701FFF7EAFF48B99DF8073013B91D
S214010F50207002B010BD012B01D12370F9E70620E5
S214010F60F7E713B504460DF107019030FFF7E6FFEA
S214010F7060B923689A6C5AB193F86A209DF80710F5
S214010F8061F3000283F86A2002B010BD0620FBE779
S214010F900D20F9E7002373B505460DF107019030E2
S214010FA08DF80730FFF7CAFF0446A8B928689DF8F0
S214010FB00760836C23B15EB14030FEF73DF904460D
S214010FC095F871391D4485F86A69204602B070BDEE
S214010FD01C30FEF7C1FAF3E70624F6E707B59030B2
S214010FE00DF10701FFF7AAFF48B99DF8073013B9BD
S214010FF0044A82F82030012003B05DF804FB062085
S214011000FAE700BF1841002010B590F871190446A0
S21401101001F67A1101449030FFF790FF58B9226823
S21401102094F87139926C42B11C4494F87A29044BB5
S21401103083F8D92510BD0620FCE70D20FAE700BF8E
S214011040B80D0020002337B505460DF10701903095
S2140110508DF80730FFF772FF0446B0B99DF80730E8
S2140110602D68ABB905F1B800FCF7DCFB686D1C30E8
S214011070FEF772FA012014F05DFA20B195F85A30A5
S2140110800BB185F85A400023AB64204603B030BD4F
S21401109095F85A3063B9FDF709FD686D1C30FEF707
S2140110A05BFA95F85A30012B1CBF012385F85A309C
S2140110B0004BE9E74D0E0100002337B505460DF15B
S2140110C0070190308DF80730FFF728FF0446A0B9D6
S2140110D09DF8073023B1013B012B09D9072404E011
S2140110E02B689B6C5BB107F0ADFF204603B030BDAB
S2140110F02B689B6C1BB10120F5E70624F5E70D2450
S214011100F3E7F7B504460025012700F19006B4F889
S2140111109620B4F898309A4204D10020C4F8B05012
S21401112003B0F0BD30460DF10701FFF7F7FE38B901
S2140111309DF807301F2B05D807FA03F31D43E6E792
S2140111400620EDE70720EBE70023F7B506460DF18D
S214011150070190308DF80730FFF7E0FE04460028BF
S21401116047D19DF8073013B1022B03D00C2420463B
S21401117003B0F0BD3568AB6C002BF8D096F871293A
S214011180324492F97639013301D00D24EFE7D6F8CF
S214011190B03083B3591E19422DD1B3FA83F3C3F18C
S2140111A01F0182F87619AB6C002BEED095F85A30F9
S2140111B0002BEAD0033B042BE7D9B5F858309B0740
S2140111C0D4D56B6DB6F8B470DE69FDF753FC30B953
S2140111D04FF47A7230467A4389B2FDF77AFF95F872
S2140111E05A30052B1CBF052385F85A30034B2B6557
S2140111F0BDE70624BBE70724B9E700BF910E01004F
S21401120013B504460DF107019030FFF787FE60B96C
S2140112109DF8073003F0030304EB83046368002B97
S21401122014BF23200C2002B010BD0620FBE72DE9D9
S214011230F34100F1900420460DF10201FCF7B5FBE5
S21401124020B10625284602B0BDE8F08108222046D6
S21401125001A9FCF7E4FB0028F3D18DF801000DF19C
S21401126001012046FFF75AFE05460028E9D19DF800
S2140112700130DDF8048003F00106C3F34000314677
S21401128046EA4006C3F3800046EA800603F00800FB
S2140112900643BDF80270C3F3C00206F00F06B8F1AC
S2140112A0000F44D019B913F0060F00D1E2B1FCF7D4
S2140112B085FE0468002C35D1FEF71EF90468002C63
S2140112C037D0236803602046FEF712F9FCF776FE56
S2140112D00368236004602671E780D8F80030A360B5
S2140112E0D8F80430E360ADE7FCF768FE02682B46E9
S2140112F014460CB91725A5E7E188B94202D0234662
S2140113002468F6E743B90AB113680360FEF7F4F8F8
S21401131003682360046095E71A68002AF6D012680D
S2140113201A60F3E7E388BB42D5D02468C2E70725F5
S21401133088E7032586E713B50C460DF10701FFF78D
S214011340EDFD10B99DF80730237002B010BD0023E3
S21401135007B590300DF107018DF80730FFF7EBFF69
S21401136018B99DF80720024B1A7403B05DF804FB08
S21401137018410020002337B505460DF107019030CE
S2140113808DF80730FFF7D7FF044690B90A4A2B6855
S21401139002F148015B1A1E21DB10B3FBF1F352FA8E
S2140113A083F39DF8072083F8ED2507F0E1FDFCF7B0
S2140113B0BBFD204603B030BDB80D002007B5903008
S2140113C00DF10701FFF7B7FF00280CBF0C20062020
S2140113D003B05DF804FB37B500F1900405460DF146
S2140113E007012046FFF79AFD18B10624204603B0F0
S2140113F030BD20460DF10601FFF79DFF044600288B
S214011400F3D19DF80710A1F10B030F2B15D80C4A49
S2140114102B6802F148001B1A1E20DB10B3FBF0F309
S214011420DBB202EB03129DF806300A4482F8E4357B
S21401143007F09EFDFCF778FDD8E70724D6E700BF46
S214011440B80D002070B5C4880389221D9A4211D8B0
S21401145005682A19937856782C5D1B04D27843EADE
S2140114600623234343EA02630B60C3880433C38025
S214011470002070BD0620FCE773B50DF1010105469D
S214011480FFF74CFD044600286DD19DF80160092E3A
S21401149069D8DFE806F0050E682A38683D465D63C0
S2140114A0284601A9FFF73AFD00280CBF01240624AF
S2140114B00CE0002328460DF103018DF803308DF86A
S2140114C00430FFF72BFD20B106263446204602B035
S2140114D070BD284601A9FFF731FD0028F4D19DF81B
S2140114E00330082B28BF0726EFE70023284601A96B
S2140114F08DF80430FFF712FDC8B99DF80440003C92
S21401150018BF0124E2E7284601A9FFF79BFFCBE7B6
S214011510284601A9FFF712FD002814BF344601240E
S214011520D4E728460DF10201FFF7F8FC08B10624BE
S214011530CCE728460DF10301FFF7F0FC0028F6D1B1
S214011540284601A9FFF7EAFC0028F0D10124BDE7EF
S21401155018220021054812F00DFEB7E7284601A91A
S214011560FFF7ECFCA0E71724B0E700BFC813002084
S214011570002373B500F19006044601A930468DF8A4
S2140115800330FFF75FFF054618B10625284602B06F
S21401159070BDB4F89620B4F898309A4236D03046EA
S2140115A00DF10301FFF7CAFC0028EED123689DF870
S2140115B003109A6C51B30AB90D25E7E7D3F8B020AA
S2140115C001998A42B3F8582038BFC3F8B010900684
S2140115D0DCD55B6D154ADB6902F148001B1A1E203B
S2140115E0DB10B3FBF0F3EFF31180302484F31188A2
S2140115F0DBB202EB8313D3F82C248A4238BFC3F83C
S2140116002C1480F31188BFF36F8FBFE723689A6CA1
S214011610002AD1D0B3F8582001999206C3F8B01029
S214011620B4D55B6DD869FDF74DFEAFE7B80D002068
S214011630F0B50024C288036807899E182346BF1A9E
S2140116409F42C3EBC30E12D0052B10D016F803C071
S21401165001330CF07F0505FA0EF51CF0800F44EA05
S2140116600504EDD11A44C28000200C6000E006207B
S214011670F0BD002313B5044601A990300193FFF78E
S214011680D7FFB0B923689DF80420996CA1B183F8FF
S214011690442023689A6C6AB194F87129144494F82A
S2140116A06A293AB103F1400002B0BDE81040FDF7E7
S2140116B0C3BD062002B010BD0D20FBE72DE9F341A6
S2140116C0044601A99030FFF7B3FFB0BB03460546B9
S2140116D04FF0010CDDF804E0194991F80880B8F1E3
S2140116E0000F1FD00A6896451CD1D4E93676A3F1BF
S2140116F02002C3F120052CFA05F50CFA02F22A4362
S2140117000CFA03F52F431643C4E93676D4E934764A
S21401171027EA050726EA0206C4E93476BEF1000F79
S21401172008D1454601331F2B01F10C01D5D1002DFF
S21401173008BF072002B0BDE8F0810620FAE700BF27
S2140117406C6A02002DE9F341044601A99030FFF7C7
S2140117506FFF78BB034606460125DDF804E016490F
S21401176091F80880B8F1000F19D00A68964516D18D
S214011770A3F12002C3F1200625FA06F605FA02F2C5
S214011780324305FA03FCD4E9367627EA0C0726EA43
S2140117900206C4E93676BEF1000F08D1464601338B
S2140117A01F2B01F10C01DBD1002E08BF072002B070
S2140117B0BDE8F0810620FAE76C6A0200F7B50E462E
S2140117C00DF1060105461446FCF7EFF810B10620A8
S2140117D003B0F0BDBDF8067031463A462846FCF720
S2140117E01EF90028F3D12780F2E72DE9F04F00F12A
S2140117F0900495B006460DF111012046FFF78EFBC9
S21401180020B10625284615B0BDE8F08F9DF81130A9
S214011810082B01D00725F5E7204604A9FFF77EFB34
S2140118200028EED120460DF1120207A9FFF7C6FFE8
S2140118300028E6D1BDF81230102BEBD120460DF171
S214011840120206A9FFF7BAFF0028DAD1BDF8123056
S214011850102BDFD120460DF1120205A9FFF7AEFFCE
S21401186005460028CDD1BDF81230102BD2D1DDE9C6
S214011870054B079BD6F8009008AE30460CAF039395
S2140118809DF810A00DF14008FDF732FE3846FDF731
S2140118902FFE4046FDF72CFED9F84820002A47D0F7
S2140118A0B446039B03F1100E624618685968083364
S2140118B003C273459446F7D15B46BC460BF1100E46
S2140118C0624618685968083303C273459446F7D1CF
S2140118D02346444603F1100C22461868596808331B
S2140118E003C263451446F7D196E80F0009F1800458
S2140118F089F8B4A084E80F0097E80F0009F1900476
S21401190084E80F0098E80F0009F1A00484E80F00AE
S214011910B9F858309B067FF575AFD9F85400CDF865
S21401192000803B4632465146C06906F0B9FB69E77E
S2140119300D2567E7002330B5174A146824BB5468A1
S214011940A14221D1C3F12004D0E90225A3F120014F
S21401195005FA04F4DA40224325FA01F10A4312F0AB
S214011960010FC3F12004A3F120020CD1012121FAB9
S21401197004F401FA02F222439940D0E900430C43F1
S2140119801343C0E9004330BD0133DBB21F2B02F124
S2140119900C02D2D1F7E700BF6C6A02001C282ED8D1
S2140119A0DFE800F00F3011132D1517192D2D2D2DF1
S2140119B01B1D1F212D2D2D272D2D2D25232D2D29A9
S2140119C02B00002070470E2070470B2070470C201C
S2140119D07047092070470320704702207047042093
S2140119E0704711207047122070471320704714204B
S2140119F0704716207047172070471820704700F56B
S214011A008040704701207047024B006E197C07F03A
S214011A10ABBA00BF1841002010B5074B0446D3F8F7
S214011A207C030BF0EFF90A2390FBF3F1206EC9B2A9
S214011A30BDE8104007F098BAB80D0020024608B578
S214011A400C20FFF7ABFFBDE80840014602F160003D
S214011A50FCF727BC024608B50C20FFF79FFFBDE840
S214011A600840014602F16000FCF71BBC2DE9F04F6F
S214011A705B4B8FB0D3F82826D3F82C160192D3F8F7
S214011A803C26D3F830B60392D3F84826D3F834A6CA
S214011A900292D3F84C26D3F838960492D3F85026FF
S214011AA0D3F840760592D3F85426D3F844660692C6
S214011AB0D3F858260D910792D3F85C2600F16004FE
S214011AC00892D3F8602605460992D3F86426204684
S214011AD00A92D3F868260B92D3F86C2693F8708690
S214011AE00C92FFF77BF8002877D120460D99FEF778
S214011AF0E9FF002871D159462046FEF7E3FF00288A
S214011B006BD151462046FEF7DDFF002865D14946D8
S214011B102046FEF7D7FF00285FD120460399FEF73F
S214011B20D1FF002859D139462046FEF7CBFF0028C1
S214011B3053D131462046FEF7C5FF00284DD1204639
S214011B400299FEF7BFFF002847D12046FEF778FD31
S214011B50002842D12046FFF741F800283DD1204613
S214011B600499FEF7AFFF002837D120460599FEF706
S214011B70A9FF90BB20460699FEF7A4FF68BB204646
S214011B800799FEF79FFF40BB20460899FEF79AFF8C
S214011B9018BB20460999FEF795FFF0B920460A9929
S214011BA0FEF790FFC8B920460B99FEF78BFFA0B948
S214011BB020460C99FEF786FF78B92046FEF740FDD1
S214011BC058B94146286E07F0D1F930B92046019937
S214011BD00FB0BDE8F04FFEF775BF0FB0BDE8F08F50
S214011BE0B80D00202DE9F74F9846384B0E46D3F82E
S214011BF078531746FBF75AFF05EB000999F8724927
S214011C00002C41D044EA001464F07F04E4B297B398
S214011C10386807F04BFAC0F3001B002396F81CA0A7
S214011C2089F8723905F160090622214648460AF00C
S214011C30010AFFF791F838BB4046FFF7AFFE0146B1
S214011C404846FCF700FBF8B95946286E07F08EF9AE
S214011C50D0B95146286E07F089F9A8B9B8F1000F36
S214011C600BD0306807F0A6FA88B9484603B0BDE83D
S214011C70F04FFEF73BBDBB46CFE742463946284606
S214011C80FEF7D4FF0028ECD003B0BDE8F08FBAF120
S214011C90000FEAD030460DF10301FDF7E4FD002800
S214011CA0F2D1304601A9FDF7CEFD0028ECD19DF812
S214011CB00310286E07F058F90028E5D14846019927
S214011CC0FEF700FF0028D0D0DEE700BFB80D0020E9
S214011CD02DE9F8430C4614F00F081746194604F090
S214011CE00F0C06D1022A02D1D030FFF723FE0020C6
S214011CF00CE090F8EE6890F8EDE8A6EB0E030E2BDC
S214011D0006DDD0300E21FFF715FE0320BDE8F8836F
S214011D10C4F30112841894F8E948134644453DD1AA
S214011D2033460E2B3ED842F0400203F58F7342EA4B
S214011D308C0230F8334042EA072222F080029205F4
S214011D4024F45F74920D24F00304224320F8332018
S214011D5000EBC3056B68013661F317036B6080F80F
S214011D60EE68C4E70F3CE4B20E2CFBD804F58F7482
S214011D7010F8345015F0400F0CD005F003094B4510
S214011D8008D1C5F38309C14504D125F0400500F803
S214011D903450C5E70EF1010E5FFA8EFE7645BFD9C7
S214011DA07446E1E70F3BDBB2BBE7134602228FE73F
S214011DB038B511F0300F00F1600408BFC0F8AC2050
S214011DC01546002306222046FEF7C6FF48B92946D7
S214011DD02046FCF738FA20B92046BDE83840FEF721
S214011DE085BC38BD2DE9F04F0546ADF5457D0DF5B1
S214011DF0887B00914FF480720021584612F0BAF9A0
S214011E00B5F89610B5F898304C1C9C4230D8D5F8E9
S214011E1090205B1A51189BB227D000204F1E82B229
S214011E20934225D901303E5C002EF8D14FF48073E1
S214011E30D5F800902244A5F89620C5F8A0B9A5F8D3
S214011E40A43909F1C80721BB84A812F099FB002424
S214011E50DFF86C820DF5047A56461AF8013B33BB5F
S214011E6023A9002001EB84025DE00BB10A46DDE701
S214011E700620FFF793FD009902462846FFF798FFD4
S214011E800023C5F8A039A5F8A4390DF5457DBDE8B0
S214011E90F08F0023CA5C002AD6D00133B3F5807FC9
S214011EA0F8D138467749FCF7ACF80320E8E75C2B15
S214011EB029D19AF80020A2F10903DBB2172B17D813
S214011EC028FA03F3D90715D41AF8013C002BC3D01E
S214011ED02CB11AF8023C002BBED1202C2CD0C4AA5F
S214011EE0631C02EB8404A4F521742660DCB2B3E71C
S214011EF05C2AE9D1304612F04BFB51460246304689
S214011F0012F04BFAE0E7093BDBB2172BDCD828FAD4
S214011F1003F3DA0744BF00230AF8013CD4E701348F
S214011F20E4B242F8040B202CF9D93BB138465649A5
S214011F30FCF767F80720A3E7072391E7DAB2C4A8FE
S214011F4000EB8202A2F5217212681C460133002AB8
S214011F50F4D1134603A8DAB251F822800133B8F15E
S214011F60000F31D114F0FF04484B0AD048490398BA
S214011F70FBF744FF03AE454B50B3013C14F0FF049E
S214011F8025D193F874234349434B3846002A18BF9A
S214011F9019460A464149FCF734F805F160044FF446
S214011FA06F53062220460099FEF7D6FE00287FF4DE
S214011FB067AF59462046FEF7F4FD00287FF460AF70
S214011FC02046FEF793FB5BE740F82280C3E704AEAA
S214011FD093F87433D6F800A053B950463049FBF74E
S214011FE00DFF28B938462F49FCF70BF80D2047E7B7
S214011FF02D4B196850460193FBF700FF019B2B4AB6
S214012000C0B1D3E901A35A1007EB6300DB0748BF51
S214012010BB5804F1FF3148BF53F80AA0012C18BF82
S21401202006F104084246C9B2D04723280FD000283B
S214012030B3D025E70C339342DBD150461C4912F04E
S21401204095FA70B150461B4912F090FA40B1012C36
S21401205004D0384632681849FBF7D3FF23200FE730
S2140120600120164B012C03EBC00304F1FF3118BF0E
S21401207006F104084246D3F82033D9F8C800C9B29D
S2140120809847D2E7738E0200C98D0200B80D002072
S214012090FE8D0200C08D0200B88D0200028E020085
S2140120A0428B02001B8E0200E06B0200586C02009D
S2140120B03A8E0200458E02004E8E02003C690200F6
S2140120C013008000F0B504460C260020013A904229
S2140120D00DD370430A1809588B4215BF0023D2E965
S2140120E00101C4E90033C4E900012046F0BD8518AA
S2140120F06D0806FB05F7CF599F422CBF2A46681C80
S214012100E5E72DE9F04F052B9046134604460E46AB
S2140121104FF0030287B016D04FF0070A354904A8DE
S214012120FFF7D0FFDDE9049707F0010BB9F1000FC7
S21401213012D1BBF1000F0FD10D223146204607B058
S214012140BDE8F04F31E62C4904A8FFF7BBFFDDE9F7
S21401215004974FF0080AE7E7B4F89630B4F89850B9
S21401216094F89A20A4F89E50ED1AADB2A4F89C30CB
S21401217084F89B2003A92A4604F190000193FBF7FB
S2140121804EFC019BB4F8942004EB67009A4288BF8A
S214012190A4F89630002384F86F397B10BBF1000F4A
S2140121A002D0E35853F80990C847012384F86F39E1
S2140121B018B1FFF7F3FB0246BFE704F16007434699
S2140121C0524631463846DDF80C90FEF7C5FD08B19B
S2140121D00022B2E72A464946206E06F0F3FD0028A3
S2140121E0F6D13846FEF782FA0028F1D107B0BDE8ED
S2140121F0F08F00BF686C02008C6C02002DE9F04382
S2140122008BB004460E4690461F465349134602A815
S2140122102D22FFF757FFDDE9025945BB19F0010FE3
S21401222025D1A8F57053B3F5806F44D204F160054B
S2140122304346062231462846FEF78EFD002856D133
S21401224043F60143984536D10DF1070104F190009C
S214012250FEF764FE804670BB9DF80730082B2AD82F
S214012260DFE803F02121322136484B50520004F1B9
S21401227060074346062231463846FEF76DFD0028C4
S21401228035D119F0010F4FEA690318BFE35804EB83
S214012290690018BF5D59A84748BB38460BB0BDE872
S2140122A0F043FEF723BA0021206E06F05DFE0028FB
S2140122B04DD0172812D1002F4BD00D223146204683
S2140122C00BB0BDE8F04373E5244B93F89016EBE7AB
S2140122D000212846FEF7F6FB002838D0FFF75EFB04
S2140122E001462846FBF7DDFF1728E4D078B30BB08C
S2140122F0BDE8F0836FF44071EBE70021206E06F035
S21401230035FED4E70120E9E7144B0DF11009D3F8A7
S21401231010260492D3F814260592D3F818260692AE
S214012320D3F81C260792D3F82026D3F82436089231
S2140123300993284659F8041BFEF7C4FB0028CDD1A3
S21401234008F101085FFA88F8B8F1060FF1D12846BE
S214012350A4E73A46B2E700BFB06C0200B80D002011
S21401236070B50446002694F8ED5894F8EE38AB4262
S21401237001D1002034E005F58F7514F835305A0682
S21401238016D414F8353023F0400304F8353094F8A9
S214012390ED380133DBB20F2B84F8ED38E3D194F836
S2140123A0EE3884F8ED680E2B22D884F8EE38DAE79A
S2140123B0C3F30102C3F3830141EA021104EBC50230
S2140123C05378526803F0030361F07F01022BC9B210
S2140123D0C2F3170205D12046FFF7EAFC0028D0D049
S2140123E070BDB3FA83F320465B09FFF707FFF5E7F5
S2140123F00F3BDBB2D7E72DE9F047D0E93432134380
S21401240004461ED000254FF00109344FDFF8D0A056
S214012410C5F12001D4E93430A5F12002EB4000FAE1
S21401242001F10B4320FA02F2134313F0010FC5F139
S2140124302008A5F1200609D101351F2D07F10C074B
S214012440E6D1012384F89039BDE8F0873A68002A7E
S21401245039D17B68772B14D1DAF89436D9070ED4A4
S214012460580628D413F0180F27D1990727D49A06AF
S21401247027D440F2847213420CBF0722062202F1CF
S21401248070031A4680212046FFF792FC0028D8D117
S214012490D4E9343209FA06F629FA08F846EA0806B3
S2140124A009FA05F123EA010322EA0602C4E93432F5
S2140124B01343C1D1C5E70222E1E70822DFE7012283
S2140124C0DDE70322DBE794F89039002BE0D0012307
S2140124D080212046FFF792FED8E700BF6C6A020013
S2140124E0B80D002010B590F8A830044633B1D0F8E6
S2140124F0E430994204BF002380F8A8302046FFF755
S2140125002FFFC0B994F8E81089B101230C222046A8
S214012510FFF774FE78B994F8E03084F8E800042BED
S2140125201FBF636CC4F8E430012384F8A83020464A
S214012530BDE810405FE710BD014BD3F878035AE7BA
S214012540B80D0020F7B50D46044600B9FEE7037F37
S21401255003F0FF0603B1FEE70E4B1B68994215D840
S21401256040F2E73031460C4B4FF47A721F68002375
S214012570E5FB070111F0DCFB0123CDE90063014611
S2140125802346064A606813F025FD00B1FEE703B056
S214012590F0BD00BFB00D0020B40D0020096402009C
S2140125A000B9FEE7406813F02BBE70B5EFF3108656
S2140125B072B64FF0FF3012F052FA04460A4BD3F8C7
S2140125C09826C3F89806824288BFD3F89C263046E0
S2140125D084BF0132C3F89C26D3F89C5613F028FF1B
S2140125E02046294670BD00BFB80D00202DE9F743EF
S2140125F007460D4606F0BCFC1E23624E804606F1D9
S21401260048043C1BE410B4FBF3F496F85835E4B2E6
S214012610032B1AD0002229463846FDF7A3F9A0B1AC
S214012620FFF7C3FF584C021941F1000306F5AC61F0
S214012630C1E90023022386F8583507B9FEE7C6F834
S214012640A076002003B0BDE8F083012C00D9FEE798
S214012650302363434D4AD1188D4200D0FEE7C4EBC8
S214012660C41102F59E720A442968914200D0FEE721
S2140126702A7F334412F0020F10D1642283F8942586
S214012680FCF7F8F938B300264FF0FF310C2001AA09
S214012690019609F06DF9019C84B9FEE793F894253B
S2140126A0022A04D83023502203FB0463E6E7023AE9
S2140126B0D2B24F2A83F89425F4D9E1E7214634486B
S2140126C027602671A56004F0F9FB0028B9D12046E1
S2140126D013F0ACFBB5E74146A879FCF74FFD00289F
S2140126E04DD1FCF7C4F9804600B1FEE74FF0300942
S2140126F001464FF4F85012F005FF09FB0463C3F8D6
S2140127009075297F1020C1F38001C6F8945312F00A
S214012710F9FE0C2303FB04642B7F2846C3F3C00396
S214012720A96A84F8FA37FDF790FAEFF3118489F372
S21401273011880220012112F0E5FEFCF798F900B994
S214012740FEE786F8B483FCF79FFA84F31188BFF39B
S2140127506F8F4FF4805012F0EDFE00283FF471AFFA
S21401276097F8E430002B3FF46CAF3A6A936F002B76
S2140127703FF467AF01212846D26F984761E70720EB
S21401278060E700BFB80D0020404B4C00201300202E
S2140127905C15002010B58379044603F0FB03032B78
S2140127A017D18388DB0608D50423A3712368E16962
S2140127B0D869FFF71BFF60B1FEE7C3690068997926
S2140127C01C30FCF737FD00B1FEE7A379042BEDD0F2
S2140127D0EAE710BDC2698379516909B9126922B164
S2140127E0072B01D007238371D4E7032BFCD00323E7
S2140127F0F9E72DE9F743044600F1640738460D462C
S21401280090461E46FBF70EF8B4F8049019F0200F18
S2140128102AD0286806F0CEFC30B32B7FDA0723D502
S21401282028460DF10201FDF7D6F900B1FEE79DF845
S2140128300230082B18D1284601A9FDF704F800B18B
S214012840FEE728460DF10301FDF70DF800B1FEE79E
S2140128509DF8032094F860309A4205D1019BE26D01
S214012860934224BF0133E3650023E3719EB119F05F
S214012870040F10D1237A6A7E9A420CD9013323724F
S2140128802B7F0E2E43F002032B771ED0204603B07B
S214012890BDE8F0439EE7A379022B4FD1A97EAB7921
S2140128A08B4206D0A37DDB0703D520681C30FCF7DE
S2140128B0C1FC246AE76C002F3DD0334642462946C8
S2140128C0206CB8470023E36435E0A37994F861608F
S2140128D0062B1CBF0623A371FCF74AFEA37D054603
S2140128E0206813F0010F00F11C0010D0E3699979FC
S2140128F0FCF7A0FC4FF0FF33B34025EA03054FF485
S214012900A0735D43FAF7D0FD002D03DAFEE7FCF76E
S21401291023FEEFE70544606E39460A4AE566103045
S214012920FCF7B3FE94F861300133DBB2052B28BF08
S214012930052384F8613003B0BDE8F0830223A37158
S214012940ACE700BF486902002DE9F04190F8E47059
S21401295004460D461E46C7B10D4F97F8747397B1DE
S214012960897EAB798B4206D00A4BCB40DB0700D47D
S214012970FEE7FCF725FC334600222946206A543040
S214012980BDE8F04135E7006AF9E7BDE8F08100BF30
S214012990B80D002000F8FF0770B5046894F85A30A7
S2140129A004F15405033B042B48D8DFE803F0030782
S2140129B0181403002846BDE87040EBE6236F606DEF
S2140129C099791C30FCF736FC2846216F0E23BDE8AA
S2140129D0704000220DE72846BDE87040FAE6B4F8DC
S2140129E058309B0700D5FEE7636DD869FCF700FBFE
S2140129F07F2807D094F96B307F2B01D0834201DA10
S214012A0084F86B00FAF72FFDE36EC01A00280EDA81
S214012A10D4F8C030D4F8B8008033C4F8C03004F11C
S214012A20B801074A1030BDE87040FCF72EBE2846B4
S214012A3094F96B10BDE87040FAF743BF70BD00BF54
S214012A404869020010B50446FFF7AFFD02460B4683
S214012A5004F16000BDE81040FEF76CB830B500F137
S214012A60900485B0204602A9FAF7B3FF002838D1B2
S214012A70204601A9FEF7E6FC98BB20460DF10301AE
S214012A80FEF74CFA044660BBFFF78FFDDDE9022333
S214012A90904271EB030502D3072005B030BD121A30
S214012AA063EB01036FF00101914274EB0303F3D36F
S214012AB09DF8034006F05CFA01460C4812F03AFD18
S214012AC088B92046FCF75AFB0028E5D101212020D1
S214012AD012F018FD40F29441054B064A064809F0EB
S214012AE053F80620D9E70120D7E700BF40000100D0
S214012AF0958E0200978E0200CC8E02002DE9F04FD3
S214012B0012F0C00F824615461F468FB001D012F054
S214012B10EBFCAB0206D5504611F065FF10B95046E6
S214012B2012F072FDAE0301D512F0DEFCEC0105F0E9
S214012B30807340F15881FBF79AFF68B1102000219D
S214012B4012F0E0FC12F00AFD0446002800F03C8179
S214012B500121082012F0D6FC202012F0EBFC05F42F
S214012B6000510446002800F05D8121B101214FF497
S214012B70004012F0C7FC15F4404F06D0002148F281
S214012B80200012F0BFFC12F00BFD280740F1BB80BD
S214012B90B24C0321D4F87C0303AA11F028FF0146A6
S214012BA0002800F08F819DF80C30072B40F08A81B9
S214012BB0D4F87C0308AA11F01FFF002840F0828198
S214012BC09DF81C3013F01102009208D113EA13107D
S214012BD003F00F0203D112B10F2B00F27381BDF87F
S214012BE00E60059806F1010B02781FFA8BFB5A4519
S214012BF040F06881F21E7B2A00F26481BDF8102045
S214012C00002A00F05F81013A411C06F1FF3C92B2B6
S214012C100591ADF80EC0ADF81020002A40F01A81DB
S214012C20069A92F8008018460193FAF7E0FC019B99
S214012C30814630B9009A22B9190702D00F2B00F24B
S214012C4041819DF82D30002B00F0108108F007031C
S214012C50022B40F0378103AAD4F8F813D4F87C038A
S214012C6011F0CEFEA4F8FCB3FBF7BAF812F076FC2E
S214012C70002843D0D4F89433D4F8F8231B6892780C
S214012C809B789A423AD19DF82630002B00F01A81A3
S214012C900236D4F87C0308A9ADF8246011F0AEFE24
S214012CA0002840F00F819DF82E30089E84F80D34E0
S214012CB09DF82F30C4F8209484F80E34FFF775FC85
S214012CC04FF00009664B864228BF01F1FF3159607B
S214012CD019EB060601214FF48070C4F8006412F067
S214012CE011FC6048494612F00DFC12F047FC28B171
S214012CF018F0100F1CBF012384F8B53312F03EFC08
S214012D0008B906F0B7F9EE0501D512F0EDFB15F49A
S214012D10863F01D012F0E8FBAC014FF000060DD55E
S214012D204E4C12F0E1FB3146042012F0EBFB94F816
S214012D30B5331BB106F09EF984F8B56315F0084F5C
S214012D4005D012F0D1FB0021042012F0DBFBA80015
S214012D5001D512F0C9FBA90705D5082012F0EAFB38
S214012D6008B112F02DFCFA0523D5504608AA03A98E
S214012D7011F080FC9DF80C30DBB13B48002112F0CD
S214012D80C1FB042012F0D6FB28B1FBF729F800217D
S214012D90042012F0B7FBFBF76AFE28B112F0DEFB47
S214012DA04FF4007013F082FA13F036FB08B112F0FC
S214012DB007FCBB0540F1D2800022504611460FB0F9
S214012DC0BDE8F04F0AF050B806F054F901214FF46F
S214012DD0807012F097FB2146022012F093FB2146E9
S214012DE04FF48030B6E607F00202134306D012F025
S214012DF0B5FB4FF4007013F059FAADE605F0A843A1
S214012E001A4304D012F0AAFB4FF48050F3E707F000
S214012E10040213433FF4A0AE104BD3F87C0311F029
S214012E203FFD99E649B101214FF4803012F06AFB6B
S214012E302146402012F066FBA7E607F020030B436D
S214012E403FF4A3AE402012F05DFB4FF4006013F098
S214012E502DFA9AE690F80180E5E600BFB80D00204D
S214012E60B81100200A0001006000010094F88C33BC
S214012E7013B9BBF1040F25D09DF8263013B30236E3
S214012E80D4F87C0308A9ADF8246011F0B7FDC8B9E1
S214012E90EFF3108072B6B4F80A38B4F80C680093F1
S214012EA013F0C6FA009BB3420CD0EFF31183302225
S214012EB082F31188D4F85868721C0BD183F31188F9
S214012EC0BFF36F8F0026FAF78BFF3146254805F0D2
S214012ED00FFF18E7314651F80C2BC4F8582883F336
S214012EE01188BFF36F8FD4F87C0303AA11F088FD15
S214012EF086F800B0BDF83430314673709DF92E3037
S214012F001948F3709DF82F30B370089BB3609DF895
S214012F101C3013F0010F18BF4FF00009C6F80490DB
S214012F2003F0CCFF0028CED018F020080AD0D4F841
S214012F307C0311F058FDFAF753FF0121042012F02B
S214012F40E1FAE0E6FAF74CFF94F8B533002B3FF4CC
S214012F50DAAE06F08FF884F8B583D4E60FB0BDE894
S214012F60F08F00BF0C160020C0150020F8B5002514
S214012F70634C04F66403A4F8CC53C4F8C853A4F80D
S214012F80FC53C4F8F833EFF3108072B60223C4F88A
S214012F90A457A4F8A837C4F8AC5713F049FA594B0C
S214012FA0C4F89055C4F8AC3704F2A463C4F8683585
S214012FB004F6E803C4F8743504F22373C4F89835AC
S214012FC004F6F803C4F8A4359C23A4F86C5584F8D9
S214012FD0DC35C4F8C055A4F89C55FAF7EFFF056038
S214012FE0FCF78AFA031D00F1B40219461033934226
S214012FF0056018D194F8C0330B2B18D894F8C13358
S2140130000A2B14D9404EC4F8B86303F0E3FF00203E
S214013010FAF78AFF0822D4F87C03114611F02BFC3C
S214013020054628B1FEE743F8105C0D46DDE7FEE7EE
S2140130300146682206F51B7011F09CF8EFF3118625
S214013040302383F31188FBF731FD10B1284606F0D3
S21401305009F886F31188BFF36F8F0822D4F87C0332
S214013060114611F008FC054600B1FEE700230022D8
S21401307041F20D012548FBF71CFD2946D4F87C03D7
S21401308011F0D8FD18222946214811F073F821487D
S214013090FAF702FF2048FAF7FFFE204B204EC4F84D
S2140130A0AC33FF23A4F8B033A6F59773C4F8F257F0
S2140130B01D815D604FF6FE73A6F59172C4F8FE574A
S2140130C0C4F8A863A4F8F03755601581A4F8FC3756
S2140130D0EFF3108072B61027C4F80858A4F80C78DD
S2140130E0C4F8105813F0A4F90E4B39468C20A6F1FB
S2140130F0CC02C4F8103803F0DEFA00B1FEE7F8BDE2
S214013100B80D0020EDD5000074110020C00D03009D
S214013110C01600205011002054110020C002FF00EC
S214013120D816002015640200B0F5802F07B54FEAC7
S214013130104382B212D20F2A10D8002914BF0421DC
S21401314001218DF80500002201A88DF8043002F057
S2140131509FFA10F0FF0002D0022803D0072003B028
S2140131605DF804FB0D20FAE70229F7B505460E4681
S21401317014460DD156491068FAF740FE002856D07D
S21401318069466068FAF7FEFB68B3072003B0F0BD36
S21401319003294AD14F491068FAF730FE002846D075
S2140131A069466068FAF7EEFB0028EED1A06801A92F
S2140131B0FAF7E8FB0028E8D1DDE90034B3F5802F03
S2140131C04FEA1341E1D29AB20F2ADED8012230200B
S2140131D0DBB29A40404B00FB0133002C5ED041F23B
S2140131E010015A501FE00099B1F5802F4FEA1143A4
S2140131F08AB2CAD20F2AC8D8EFF31180302282F3DE
S2140132001188534303F1A04303F570335A6980F3E1
S2140132101188BFF36F8FC9B2CA4028462F4902F002
S2140132200102FAF7EEFE0020B0E70129ADD92C49DC
S2140132302068FAF7E3FD0028A7D069466068FAF728
S214013240A1FB07460028A0D1022E2AD1009BB3F588
S214013250802F4FEA13409AB297D20F2A95D8EFF3F0
S2140132601181302484F3118860431B4ADBB2072B9B
S214013270024492BF5268D268083B9B0022FA03F3CD
S21401328003F00F0381F31188BFF36F8F012B2846DC
S2140132900CBF14491449FAF7B4FEC4E742F2100110
S2140132A09FE7032EBFD1A46810492046FAF7A6FD72
S2140132B028B13946009803B0BDE8F04034E720460F
S2140132C00B49FAF79BFD0028ADD00121F2E700BFBC
S2140132D0258F02002E8F020000C00350298F0200A6
S2140132E0328F0200378F02003C8F0200428F0200AD
S2140132F0458F0200FEE700F061BC70B5044601266A
S2140133000B4D04B970BD94FAA4F0B0FA80F006FA39
S21401331000F224EA0204C200AA580F2805EBC001F5
S214013320C8BF1038002AECD04968C0B29047E8E719
S21401333070310020064BD3F82404D3F8202403F57B
S2140133400053104000F05530C3F82004D5E700BF05
S21401335000C00350064BD3F82404D3F8202403F509
S2140133600053104000F0AA30C3F82004C5E700BFA0
S21401337000C0035010B5416C4369A1F11404DA1C76
S214013380B2FBF4F203EBC2000330B0FBF4F0B1F58C
S214013390805F00F1010002D1012828BF0120013021
S2140133A010BDF7B507460E4600257C6CA819644289
S2140133B080EA06031C4003D02C46204603B0F0BD2D
S2140133C0FB6B01225B6901A99847019B0133F4D18C
S2140133D00435EAE72DE9F341154690F842201E46EA
S2140133E0012A14BF042302235D43CF7D2C1D84468E
S2140133F005F00205BFB915B1012724F0030448689A
S21401340008342044DCF83C30012A5B6927D101A945
S214013410984717B1BDF806300193BDF80430336004
S21401342002B0BDE8F08155B124F0030400230D7EFF
S21401343001F1200ED8B2854203D80020E2E72F46DC
S214013440F4E73EF8330003F10108A04204D901EB8A
S214013450C303D8690834D4E74346241AEAE70122AD
S214013460314602B0BDE8F0411847D01E009B4242EB
S2140134704241187E824212D11A688A420FD85A688F
S2140134808A420CD35A6901325A61D3E90302824255
S21401349005D2986840F822101A6901321A61012093
S2140134A0704700234FF0FF3142689A4202D800234A
S2140134B003727047026842F83310026802EBC302D7
S2140134C051600133F0E7002370B545689D4211D085
S2140134D00468DE0054F83320B2F1FF3F0BD0C2F38C
S2140134E01302914207D14FF0FF3244F833200368AC
S2140134F033445A6070BD0133E8E710B5032A029CD5
S21401350007D1A26A5340626C5242134201D1FFF7BF
S214013510DAFF012010BD0023F0B545689D4202D1B7
S2140135204FF0FF300EE00468DE0054F83340671CAD
S21401353009D0C4F31307B94205D1240D14700368EA
S21401354033445868F0BD0133E8E773B5164600F119
S21401355008040D46204609680DF10702FFF7DBFF58
S214013560032E05D16B68834202D12046FFF7ABFFDD
S214013570012002B070BD00BF2DE9F0414668002E63
S2140135803AD0056898464FF0000CAE4655F83C40D8
S214013590C4F31307013401D0B94222D00CF1010C57
S2140135A0B4450EF1080EF1D100273C4603E0B442C3
S2140135B007F108071DD055F8343001340133F6D130
S2140135C06FEA01316FEA1131E9510168CB59C3F352
S2140135D0130343EA0853CB5103683B445A60BDE8E2
S2140135E0F08141EA0851CEF80010036803EBCC03E2
S2140135F0F4E7B8F1030F03D101230372BDE8F081AC
S21401360000231C4603E0B44203F10803F4D055F846
S21401361034700134C7F3075CBCF1030FF3D16FF3C9
S21401362013073943E9500468E158C1F3130141EA2D
S2140136300851E15001680B44D0E708B5083013463D
S214013640D1E90012FFF798FF012008BD41F671325B
S214013650034B0020DA63012203F50053DA6070475A
S2140136600000035041F671320121044BDA6303F581
S2140136700052D1600022DA63704700BF0000035099
S214013680704737B5054601F10C04436901A90122CB
S21401369020469847BDF8043001220093694620462B
S2140136A0AB69984703B030BD202A0B681EBF4FF0A8
S2140136B0FF3191408B43590801F055315B1A03F0F5
S2140136C033319B0803F033330B44017803EB1313B8
S2140136D00A444FF0013103F00F334B43A2EB136260
S2140136E00270704737B5044600251B22011D0DF1F7
S2140136F007008DF80750FFF7D7FF63689DF807208E
S214013700B2EBD36F03D123F0784003B030BD1B2258
S21401371004F108018DF80750FFF7C6FFA0689DF871
S2140137200730B3EBD06F0ABFC0434FF0FF3020F035
S2140137307840EAE72DE9F0430646994689B00369E1
S21401374008460F46904698470446002867D1D9F8A0
S21401375004305B0A012B22464FEA530304F10104AD
S214013760F8D899F8035099F802302D03DB0203F4D8
S214013770006305F480551D43B9F800304FF0000989
S214013780C3F30A0352032B4492B29D18294B0DF141
S21401379007001B2228F0784402A9039302948DF8AF
S2140137A00790FFF781FF9DF807306FEA054544EA69
S2140137B0C36404946FEA08041B2224F0784402A927
S2140137C002948DF80790FFF76FFF9DF807306FEAB8
S2140137D0154544EAC3644FF0FF330122059406936E
S2140137E007A9B369079507F1100098470122044617
S2140137F0B36905A907F1080098470122484518BF93
S2140138000446B36904A9381D98470122484518BFE4
S2140138100446B369384603A9984728B10446394691
S2140138203046FFF72EFF01E0002CF8D1204609B004
S214013830BDE8F08301009AB238B5134B0546D3F8BC
S21401384020010C4600F00700042816D8DFE800F037
S21401385003090D111800012305B1286004B1236086
S21401386038BD0A4B18680423F6E7084B586803234B
S214013870F2E712F011FA0523EEE700231846EBE70C
S21401388002230348E8E700BF008000503C410020C7
S214013890002D310141F67133012270B5194D0446F0
S2140138A0EE69EB63184B0021DA6002236861212080
S2140138B02B6106F4803612F0CFFE10B9212012F0EB
S2140138C0CBFE0122114BDA600EB10023EB63431CE1
S2140138D014D0A8B90E4B9A6801230A3202F01F02CF
S2140138E0934023F0030323449C4201D1002070BD82
S2140138F054F8042B0132F7D03E20F8E76E20F6E7A5
S2140139007120F4E70000035000100350002003501C
S2140139100080E00F00F01F03A0F50620A0F5506020
S214013920812810B51ED80121104A400902EB8004F7
S2140139309940D4F800310B43C4F80031D2E945313F
S2140139400B44D2F81C110B44D2F820110B44D2F8C8
S21401395024115B1805D1C2E94033C2E94233C2F8EB
S214013960103110BD4FF0FF30FBE700BF7031002073
S214013970BFF34F8F0549064BCA6802F4E062134352
S214013980CB60BFF34F8F00BFFDE700BF00ED00E047
S2140139900400FA0510B5044644EA010313F00303D4
S2140139A0084609D1934201D1002010BD54F82310D6
S2140139B040F823100133F5E72146920010F03EFD52
S2140139C0F2E738B5202204460D460C30002110F0EF
S2140139D0D1FB4FF0FF33C4E90035A36038BD2DE9B4
S2140139E0F74F324D4FEA820BEA698A4602F480337A
S2140139F041F6713201210093EA632D4A8146D16076
S214013A0007465246D846B8F1000F01D140462BE092
S214013A1007F500546FF30C046F61E41BE969444534
S214013A2028BF444649073AD4164656F8041B224492
S214013A30A96196420FD10422002121202A6112F0A9
S214013A400BFE88B9212012F007FE68B932462744DA
S214013A50A8EB0408D7E708210846019212F0FCFDFE
S214013A60019AC0B104232B610122124BDA60009B3C
S214013A7013B100220D4BDA63431C13D0A0B95A468A
S214013A805146484611F01FFD002814BF3D20002076
S214013A9003B0BDE8F08F56F8041BA961C9E74FF0E3
S214013AA0FF30E1E76E20F3E77120F1E700000350F5
S214013AB0001003500020035013B5002401AA0194FE
S214013AC007F056FF00B10194019802B010BD70B521
S214013AD00F4A536D116D0B400E49002B0B659DB2BD
S214013AE002DB01263DB970BDD068BDE87040C0F369
S214013AF0042012F0B7BBB5FA85F4C4F11F04E4B292
S214013B00204606FA04F412F0ADFB25EA0405E9E7BF
S214013B10000004500020045030B40446EFF3108037
S214013B2072B6256885EA02030B406B40236030BC01
S214013B3012F07EBCBFF34F8F0549064BCA6802F4EC
S214013B40E0621343CB60BFF34F8F00BFFDE700BFBA
S214013B5000ED00E00400FA050346006818B10268AB
S214013B601A60002303607047036803B970478B42ED
S214013B7004D10B68036000230B6070471846F3E717
S214013B804FF0FF307047FEE7002070470120704776
S214013B90012070474FF0FF3070470020704700202B
S214013BA07047002070470348034BC01A801004F08A
S214013BB069BA00BFA04100004041000008B5254B8E
S214013BC083F30A886FF00101234B244A9A60D3F8E5
S214013BD0882042F47002C3F88820214A116641F217
S214013BE0FF7151660221C3F8D010BFF34F8FBFF3A8
S214013BF06F8F08204FF440331A49C1F88001D36013
S214013C000860A2F500521361FFF7CDFF164B174966
S214013C108B4212D30020164B16498B4218D3F2F76B
S214013C205BFB186850F82240586840F82240013281
S214013C3098688242F5D30C33EAE70022F8E71C685D
S214013C4044F8220001325C68A242F8D30833E4E764
S214013C500022F8E70800002000ED00E00040000028
S214013C6000A0004400E100E0DCAC0200E8AC020089
S214013C70E8AC0200E8AC020070B10122417803789A
S214013C808A4030214B4341F2100103F1A04303F572
S214013C90703300205A5070472220704770B10122BD
S214013CA0417803788A4030214B4342F2100103F1F8
S214013CB0A04303F5703300205A5070472220704706
S214013CC038B505460C46FFF755FB6B6CA3F114029D
S214013CD0B3F5805F02FB00F005D140F6E873696931
S214013CE0994288BFCC30E31DB3FBF2F3013304EBFA
S214013CF0C304204438BD38B5054644692146FFF75C
S214013D00DFFF6A6CE31D143AB3FBF2F3AA691444AD
S214013D1004EBC3040C34204438BD03460846EFF3D5
S214013D20108172B6024ADB6BC2F82C11DB681847A9
S214013D30703100202DE9F0410646406882B0B8B1E6
S214013D400F4690460024336853F8345003EBC403FF
S214013D50C5F30752C5F31301013506D05B6830463B
S214013D60CDF80080B84718B1706801348442EAD3B0
S214013D7002B0BDE8F081036813F07E0F03D14068FE
S214013D8020F07C40704713F078001CBF03F07F03DF
S214013D90D81F70474BF29A2210B503680446B2EB5F
S214013DA0134F13D19BB2012B15D1FFF79BFC0130AA
S214013DB011D04FF6FF72E068B2EB104F4FEA104396
S214013DC00BD180B2C01A18BF012010BD01330CBF41
S214013DD003200420F9E70420F7E70220F5E7F0B511
S214013DE00546002687B0EC69013CB44203D80C4670
S214013DF0204607B0F0BD01B14C1E6F6C2868EB6B16
S214013E0005225B6901A907FB0400984701A8FFF793
S214013E10C1FF0128ECD921460136E4E7F0B5036875
S214013E200646CC1A436C0025B4FBF3F487B0F3695D
S214013E3037685A1E9542706C06D3736C306803FB64
S214013E400400143007B0F0BD0134B4FBF3F203FBF9
S214013E501244F36B05225B6901A900FB04709847C5
S214013E6001A8FFF797FF0128E7D90135DFE710B46E
S214013E7023F0030422449B070A44436C18BF043210
S214013E805B4281EA0204234202D05DF8044BC5E797
S214013E9010465DF8044B70472DE9F04F1446054671
S214013EA08B469946C36B89B001225B6905A9606898
S214013EB09847EB6B01225B69584604A99847059B16
S214013EC0581C07D10022A360A2756275002009B0B4
S214013ED0BDE8F08F01220021A275227E049804EB32
S214013EE0C202C2F81CB011846168C0F3D31C5945E4
S214013EF000F07F020BD14FF0FF33C4F800C02275EB
S214013F00A360043A022A24D80023A375DEE72168B9
S214013F10277D00F07E06614508BF974203F07E03C9
S214013F20B3FA83FC3246B6FA86F60CBF01210021AD
S214013F304FEA5C1C7609B44514BF002101F001016B
S214013F40A175002A00F0E8800BB90023A3753A4654
S214013F50D7E710F07E0F0FD1EB6B022258465B6954
S214013F6006A9984706A8FFF706FF237D032B43D82B
S214013F70DFE803F0130D044B04A8F4E7CC22237EFC
S214013F8004EBC3031A840123654AD35C0AE0237E4B
S214013F9004EBC30318840023F6E7237E04EBC30374
S214013FA018840123129A1370049B227E13F07E0A52
S214013FB018BF00264FEAD36704EBC20208BF07F01A
S214013FC00306B2F8208082F82260BAF1000F1ED0F4
S214013FD000231B2204A906A88DF81830FFF764FBFE
S214013FE004229DF81830D91B4B424B4163755BBBCD
S214013FF00023A375002754E0227E013BDBB204EBCD
S214014000C202052B1084CCD8BEE70223BCE7EA6BBC
S21401401006A9576958460222B847202206A90DF17B
S2140140200F008DF80FA0FFF73FFB1A2207A9FFF735
S2140140303BFB9DF80F30079AB3EB926F0CBF012341
S214014040002308226375D2E7A77D002FD2D0B8F1EE
S214014050000F09D1E6B10123E375637E002B50D131
S214014060012E43D1667615E06B6C0BEB02005B42CA
S2140140708BEA00010B421CBF0023A3756B6C591E13
S21401408001405B1A9845B3D8A37D002BE2D1B1E776
S214014090E37D33B90027434659462846FFF7E7FE36
S2140140A0A060A07D10B1236943442361237E012BC8
S2140140B03FF62AAF01332376B9F1000F3FF407AF7D
S2140140C000283FF403AFE37D002B3FF400AFFFB9B8
S2140140D0032E1FD0A1684A1C1CD0129B22460093B7
S2140140E028460123FFF7D8FEA075F0E695F8343090
S2140140F063B9EB6A0133CED1032ECCD10123A3766B
S214014100C8E7012ECDD0032EC4D1F7E71F46C2E77C
S2140141103846DCE61846DAE6002B3FF418AF14E71B
S214014120CC6E020013B50C4600212176009361681F
S21401413013462246FFF7B0FE18B1E37D03B1A07E19
S214014140A075A07D02B010BD2DE9F34104461646C8
S2140141501F461B4B0D46816AA3F59878E36A8B428E
S21401416001D04B1C02D102B0BDE8F0811448FFF724
S21401417028FC0122204612490DF10703FFF7D2FF62
S21401418038B13B4620469DF807200D49B047002828
S214014190E9D0D8F838114A1C05D1D8F83411204690
S2140141A0FFF73CFE0146012DD8D1D8F8343181EA1B
S2140141B00302636C5B421A4218BF4FF0FF31CDE732
S2140141C0A03200202DE9F0410F46164698460446D7
S2140141D088B060B390F83450FDB10121FFF79DFD22
S2140141E000210E9BCDE90511CDE902379DF83C3043
S2140141F0CDF804808DF81C30237C04968BB90D49CC
S21401420001AA04F10800FFF795FDDDE90553E06B0F
S214014210002E08BF1D4605F06EF9284608B0BDE819
S214014220F0812046044A01ABFFF78EFFEDE7054615
S214014230F3E700BF6B3401007D4401002DE9F04136
S214014240D0E90A369E42044686B028D11422C369B4
S214014250456802FB1355284606B0BDE8F081206884
S214014260676C331AB3FBF7F3E26B07FB0300D2F874
S214014270148001A90522C04701A8FFF78BFD01287C
S21401428004D0636C1D44013B3340ED1A3146204691
S214014290FFF7C4FD0646A36AB342E0D1DBE700257B
S2140142A0F9E72DE9F04F0F469A46002389B00446F8
S2140142B04FF0FF31104690468DF80B30FFF781FB2B
S2140142C0B7F5801F20D2394603AA04F10800FFF78C
S2140142D022F9451C014605D1237CBBB92D2009B026
S2140142E0BDE8F08F4046FFF76CFB012241462046B1
S2140142F00DF10B03FFF716FF0028EDD09DF80B30EC
S2140143008AF800300020EAE7B81CE5D1E66A711C9D
S2140143102CD12046616AFFF762FD0646BB1C18BF1A
S2140143200123DFF8C4B00093636A626C01932368CB
S21401433003A902FB0639E36B484605225B6909F1CE
S21401434014099847002549464B1C05D0636C81EA41
S21401435009025B4213420FD031462046FFF73FFD6C
S214014360019BB3422FD085BB0646DDE72368F61ACC
S214014370636CB6FBF3F6D1E71A48FFF722FB20463B
S214014380009A18490DF10B03FFF7CCFE8446B8B12D
S214014390BA1C03D0DBF85C31BB4211D145469DF80F
S2140143A00B30DFF840E08AF80030BEE80F000FC59A
S2140143B0BEE80F000FC59EE8070085E807006546C2
S2140143C0DBF86411C0E7002D88D0B7F5801F99D2BD
S2140143D039469AF80030D8F8042004F10800FFF7AF
S2140143E0CBF88FE7CC320020703100202DE9F04366
S2140143F085B00E4617461C460546DDF83080A8B344
S21401440090F83430A3B3B1F5801F33D2DFF868904B
S2140144100121FFF782FC314628460DF10F0309F50D
S214014420C472FFF73EFFE8B99DF80F30012B14D197
S214014430D9F8982104EB08039A4215D32246009036
S21401444043463946284604F081FB0446E86B05F0EE
S21401445052F8204605B0BDE8F083022B0CBF60245D
S2140144602D24F3E72D24F1E76324EFE72124F0E779
S2140144701124EEE72924ECE77031002073B50D46D0
S214014480D11E4A421C461B7E4A419A4229D12968BE
S2140144902368994225D36368994222D8124E0DF1BA
S2140144A0070306F5DA72FFF7FCFED0B9D6F8B82195
S2140144B06B689A4215D19DF80730DA1E5342534174
S2140144C0227E93420DD1636901336361D4E90323EC
S2140144D0934206D22968A26842F823102369013361
S2140144E02361012002B070BD7031002070B5002537
S2140144F0044686B00562E369AB4202D8206A06B07C
S21401450070BD666C2068E36B05225B6906FB0500DF
S21401451001A9984701A8FFF73DFC012898BF236A27
S21401452005F101059CBF01332362E4E738B5044673
S214014530456C006804F1400305FB0101E06BFFF7E1
S214014540F9F805462046FFF7D1FF284638BD2DE984
S214014550F04100254FF0FF384FF6FF7304464746FB
S2140145602E4686B0C0E90853E369B3420DD8A5EBE1
S2140145700805012D06D94FF6FF7300256362E3692E
S214014580AB4223D806B0BDE8F081E26B2368606CCD
S214014590D2F814C000FB0630052201A9E04701A8A5
S2140145A0FFF7F8FB01280FD801A8FFF79BF8874211
S2140145B088BF6662804528BF8046854238BF05466B
S2140145C00746236A013323620136CDE7666C20680D
S2140145D0E36B06FB050005225B6901A998470135D7
S2140145E0CDE72DE9F04F95B00D460A920A69416C68
S2140145F006931439D31DB3FBF1F3013302EBC30267
S214014600036B04469342C0F00C83002308939B4B34
S214014610A3F5AE79E36A994819460493FFF7D1F9F1
S214014620D5E903370293069B022B40F0C280CC2FBC
S21401463040F06A820A9B002B00F0B580002668686D
S214014640E36B0F9601225B690FA908309847B046C5
S21401465094F84230012B40F0E682632E07D90F9B77
S214014660666C10930A9B002B40F0AA809EE0612E98
S21401467008D812AB324629462046FEF7ABFE9DF817
S214014680483013B312AB3246294620468DF8448093
S214014690FEF7A0FE94F84230DDF848A0012B71D158
S2140146A04FF6FF739A4549D0082212A911A8FEF7C2
S2140146B0FBFF9DF84420CAF307239A423ED15FFAD6
S2140146C08AFA0F9B53440F9338E094F84230012B3B
S2140146D036D1612E2BD832462946204610ABFEF73E
S2140146E079FE2946204611AB721CFEF773FE294659
S2140146F0204612ABB21CFEF76DFE0823102211A94C
S2140147000DF13B008DF83B30FEF7CEFF102212A9CB
S214014710FEF7CAFF109BDAB24AB99DF83B20B2EB0E
S214014720132F04D1DDE9113203EB02430F9394F802
S2140147304230012B14BF012302231E44013687E7B2
S214014740302EF4D832462946204610ABFEF742FEFC
S2140147502946204611AB721CFEF73CFE1023202290
S21401476011A90DF13B008DF83B30FEF79DFF109B24
S2140147709AB2002ADBD19DF83B20B2EB134FD6D17B
S214014780119BD3E7BAF1FF3FD8D0102212A911A886
S214014790FEF78AFF9DF84420CAF307439A42CDD11B
S2140147A01FFA8AFA8DE7029B1B6810930823099368
S2140147B015E0782F666C3FF655AF0A9B002B3AD072
S2140147C0E36B01225B69686812A99847129B13F094
S2140147D07E0F14BF04230823782F099331D90122B1
S2140147E000230592082200922A68C9F86C71C9F85C
S2140147F05C21069A032A3FD0022A059A37D1C2F1D4
S2140148000202D2B289F870210022CDE90B22DDF82E
S21401481010A003920792606C411E0AEA0101421A37
S214014820002F2DD0009E33449A422CD8236B1B1A9E
S2140148300B44236341E1EB7D002B14BF08230423C3
S2140148400993049A731E1340F31A3A1D934207D232
S21401485057B1082BC3D80022042305920093C3E75F
S214014860002304220593BEE704230597F6E7002AF2
S2140148700CBF07220022C5E7069AC3E7CC32002008
S214014880009B9A42D2D3009BB846D21A974228BFC1
S214014890904653449742019348D90123D9F86C2195
S2140148A089F87331974246D1C9F860A1039399F804
S2140148B07331002B41D099F874210399D31C09EB6D
S2140148C0C3030132C3F860A1A3F8648183F86611BB
S2140148D089F87421B8F1000F14D0069B022B2FD152
S2140148E00C9B7BB90B9B4344032B0BD9E36B012237
S2140148F09B69019810A998470646002840F00E814A
S21401490001230C9399F870312E68824A012B02EA32
S214014910C61628F07C4B40F28D809A1E012A03D9D8
S21401492008F1070303F07F031E4389E0039B002B76
S21401493018BF0323BAE70223B8E7C9F860A1C9E79D
S2140149400A9B002B31D1029BB8F1030F03EB080B36
S21401495028D9DDE90101E36B4FEA98029B69984784
S2140149600646002840F0CA8018F003025FD0029B7A
S21401497028F0030633440293019B1E444FF0FF3395
S214014980029911A811930FF059FDE36B30460122ED
S2140149909B6911A998470646CDF808B0002EB1D0FC
S2140149A0019B6FE04246019EE8E705F12003DDF832
S2140149B004B00D93EB7D68689BB100232E7E079AA9
S2140149C0D9B28E4211D90D9903F1010C31F8331089
S2140149D0914226D9099905EBC303D8690A441044C4
S2140149E003E0079B099A13441844E36B01225B69B1
S2140149F011A99847119B01220F93079B5846043330
S214014A000793E36B0FA99B699847019B06464344AE
S214014A10A3EB0B03042B07D9002872D10BF1040B6F
S214014A20C8E76346521ACBE7CDF804B0B6E7CDF82F
S214014A3008B067E7039A43EAC263334343F060462C
S214014A404FF000038DF84430059BCDE9126B002B27
S214014A5049D0202212A911A8FEF726FE1A2213A970
S214014A60FEF722FE9DF844304BEA83631393E36B13
S214014A70009A9B695046920812A99847061E089B01
S214014A8018BF5346009A0893514643462046FFF7FF
S214014A90EEF9236B009AC9F864019B1A08F1030228
S214014AA022F003029B1A2363002E37D10B9BDDF8FD
S214014AB004A04344A7EB08070B9351462046FFF793
S214014AC0ADF900238246002F7FF4A5AE124A04F109
S214014AD00800D2F86431D2F86021E3622968069BA7
S214014AE0FEF74AFD12E01B2212A911A8FEF7DCFD13
S214014AF09DF8443046EAC3661296B8E7CDF808B08A
S214014B004EE7CDF804B04BE770263746384615B069
S214014B10BDE8F08F80FFFF07703100203D2EF4D1F5
S214014B2004F108030093049B2768E16A2046A3EB7F
S214014B30070BD4F844A0FFF771F9A36ABBFBFAFB95
S214014B408342D4F830C0616C5DD0D9F8642101F19C
S214014B50FF3E02EA0E0EACEB010C0EEB0C02089BBC
S214014B6022632268E0629A1AB2FBF1F8C3453ED18D
S214014B700AFB0877049B07F1140BB3EB0B0711D064
S214014B80E36BBA0859469B6998478246E26A049BDA
S214014B903A44E262226B0098D21A5A442263FEF724
S214014BA080FC57462368616CE06B01FB0831FEF719
S214014BB068FD2046FFF79AFC2046FFF7C8FC626AAC
S214014BC0616C2368204601FB02331433A362FFF7AE
S214014BD035FB20636FB12A69616CD31D1439B3FBB1
S214014BE0F1F3013302EBC30290429CD28DE700271A
S214014BF0D8E704F10800FEF754FC3B463946204648
S214014C00104AFFF7A1FA2A69616CD31D1439B3FB68
S214014C10F1F3013302EBC302236B9342BFF4FAAC08
S214014C2073E71C2772E7312E3FF619AD3FF42AAD24
S214014C3012AB324629462046FEF7CCFBBDF848307B
S214014C401FE500BF3B360100F7B5032A1646089C50
S214014C5005D1237A012B26D0012003B0F0BD2568AB
S214014C60274F28460DF1070307F5DA72FFF719FB00
S214014C7060600028EDD1D4F800E0D7F8B801DEF87E
S214014C802810DEF844C04840CCF100031840E0D1BB
S214014C90237A012B09D1E268D7F8C43113446A6933
S214014CA0934202D92074207CD7E7DEF80020DEF894
S214014CB02C30891A9B1AB3FBFCF3B1FBFCF18B4237
S214014CC00DD1696CEB6A4A1E13402A6B521A1344C3
S214014CD02B6325682846A96AFFF7A0F8E862D7F88B
S214014CE0C421E36808321344E360012233460549D0
S214014CF02068FFF776FC60600028AAD00020ACE7A9
S214014D007031002024330020032A2DE9F3410646A2
S214014D100D4617461C4606D1237A012B24D00120C6
S214014D2002B0BDE8F081DFF8608009680DF1070385
S214014D3008F5DA72FFF7B5FA60600028ECD19DF845
S214014D400730032BE8D0D8F8B8216B689A42E3D134
S214014D50237A2969012BD4F80CC007D172690CEBB0
S214014D600103934202D92074207CD9E708316144BB
S214014D70E1603B46012229463046FFF732FC60607F
S214014D800028C9D00020CBE7703100202DE9F3417F
S214014D9004461F46164688462C4D4FF0FF3105F552
S214014DA0DA70FEF70EFE9DF820300022204605F54B
S214014DB0DA71C5E97067C5F8B481FFF712FC236E96
S214014DC00746002B3DD020466169FEF779FF626EEB
S214014DD0236B024493422CBF00220122984228BF33
S214014DE00023257C38BF1B1A002684F850206365F3
S214014DF084F85850D5B1DFF85880334632463146EC
S214014E0020460196CDF80080FFF7DCF90123054620
S214014E10CDE900833246334631462046FFF7D2F9C4
S214014E20E36805449D4294BF3546ED1A94F8503028
S214014E30E56513B994F858301BB1236E04F15000A0
S214014E409847384602B0BDE8F08100BF70310020B7
S214014E50FFFF0F007FB50C46054648B390F8343087
S214014E6043B3B1F5801F27D20221FEF756FF214634
S214014E702846124A0DF10F03FFF713FA0646A8B9A2
S214014E809DF80F30032B11D0284603F078FF03233B
S214014E9021460093324633462846FFF777FF0446FD
S214014EA0E86B04F028FB204604B070BD2D24F7E71C
S214014EB02124F8E71124F6E72924F4E7F832002044
S214014EC02DE9FF410F4690461E460546002847D06D
S214014ED090F83430002B45D0B1F5801F44D2234CD6
S214014EE00221FEF71AFF04F5C472394628460DF171
S214014EF00F03FFF7D6F9024620B16B699E4219D916
S214014F00622410E09DF80F30012BF6D1D4F89811E9
S214014F108E42F2D1009341463346284603F016FEF0
S214014F2004460028E9D1E86B04F0E5FA204604B00F
S214014F30BDE8F081284603F022FF31462846FEF7F9
S214014F40BFFE2C6B844209D30123424600933946A7
S214014F5033462846FFF71AFF0446E4E71C24E2E737
S214014F602124E3E71124E1E72924DFE7703100205B
S214014F70F0B504460D46466CE36B006887B0052223
S214014F805B6901A906FB0500984701A8FEF702FF29
S214014F90012804D801A8FEF7A5FB07B0F0BD2946F5
S214014FA02046FEF71CFF0646676C2068E36B052269
S214014FB05B6901A907FB0600984701A8FEF792FB6B
S214014FC0431CEAD0B54238BF0130E6E72DE9F04F81
S214014FD04FF0FF334FF6FF720025044600F1080834
S214014FE08BB0C0E90923C3620562056340468B4660
S214014FF0FEF757FA2046FFF779FA002842D14FF616
S214015000FF79676A00264F4514BF3D460025E369D0
S2140150109E4239D32046FFF769FA38BB5E202EE060
S2140150202368E26B606C576900FB0530052205A911
S214015030B84705A8FEF7AEFE26FA00F3DB070746DB
S2140150400BD529462046FFF793FF0246012F294636
S214015050204608BF0132FFF769FA0135E3699D4230
S214015060DED32046FFF742FA0028C8D02046FFF7D5
S2140150706EFA4FF6FF72636A93422FD167200BB028
S214015080BDE8F08F1A26E9E7E26B2368606CD2F878
S21401509014C000FB0530052205A9E04705A8FEF768
S2140150A079FE022807D04F450DD10BF101022946A2
S2140150B02046FFF73BFAE3690135B5FBF3F201360B
S2140150C003FB1255A3E729462046FFF751FFB0F12F
S2140150D0FF3F14BF02465A460132E8E7E26B666CB0
S2140150E0206855696946052206FB0300A847626ADF
S2140150F0616C23684A4D01FB02331433A3624FF0FF
S214015100FF336FF00101E362204605AB05F5DA7265
S214015110FFF7C7F8002849D1D5F8BC5129462046E3
S214015120E562FEF73EF9206320B92046E16AFEF704
S21401513075FEE06229462046FEF770FE0546A36A24
S2140151409D4235D12046FEF715F90026074635461D
S214015150E3699D423ED3B74257D92046616AFEF7BE
S2140151603EFE4FF00008054604F1400A464512D8B7
S214015170626C2368694602FB0539E36B05225B69AD
S214015180484698476846FEF7ADFA534602464946F2
S214015190E06BFEF7CFFA29462046FEF720FE08F11F
S2140151A0010847450546E1D1642068E7A56AB5E7E9
S2140151B029462046FEF7F5F8236B294603440646A2
S2140151C023632046FEF72AFE0546002EB7D1C4E922
S2140151D00B06B4E7626C236805A902FB0539E36B8D
S2140151E005225B694846984705A8FEF7D3FD0128C6
S2140151F009D8204609F11401FEF7D3F8636C143B75
S214015200984208BF01360135A2E74046FEF749F944
S214015210002320461946034AFEF796FF00202EE794
S214015220703100203B360100034B5A6812B19A6A6E
S214015230002AFAD1704700BF00400650002307B588
S2140152400093252853D8DFE800F0135B1722293492
S2140152504E6A767A8996ABB9525B565252765B2283
S2140152602922345B6A22B94E4E4E4E2222227A8978
S21401527010F076FD00903AE010F072FD534BD3F833
S2140152809030C3F304630133B0FBF3F0F2E710F0A0
S21401529085FD4E4B1B6FC3F38023F4E710F07EFDB4
S2140152A04A4B1B6FC3F380230133B0FBF3F0400876
S2140152B0E0E70193454BD3F8803103F00303022B5B
S2140152C00AD0032B0CD0012B03D1002101A8FEF735
S2140152D0B3FA019B00930AE010F0DEFC0190F8E7B8
S2140152E03B4B0193F5E700216846FEF7A5FA0098C7
S2140152F003B05DF804FB4FF0E0231B695A0702D5A3
S21401530010F04CFDB6E7314BD3F8400100F0030036
S21401531003282DD0003818BF0120C003AAE72B4B65
S214015320D3F8403103F00303032B4BD0003B18BFE7
S2140153300123DB03CEE7254BD3F86031F2E7234B9D
S214015340D3F8003203F00700032811D05B0709D415
S214015350013801288CBF00200120DEE71B4BD3F863
S2140153600832EFE7042824D110F018FD800A81E7FF
S2140153704FF47A707EE7154BD3F8003103F0030340
S214015380022B06D0032B07D0012B07D1114B5B68EC
S214015390A0E74FF400439DE70F4B9BE7002399E7F7
S2140153A00A4BD3F8803003F00303022BA8D0032B5B
S2140153B001D000205EE710F06FFC5BE7034BD3F8EB
S2140153C04032AFE74FF47A7384E700BF00800050A5
S2140153D0002D31013C41002080D5430238B5174CE1
S2140153E0FF28A26A28D8A36D13F4803F18BF0121B5
S2140153F0134B18BF996202219962A56D15F080457D
S214015400FBD11049A36991F9E0116FF31723014409
S21401541081F3080143EA002343EA0143A361022121
S2140154200948FEF779FBA36DDB0303D50121064886
S214015430FEF772FB284638BD2125FBE700C0005069
S21401544000D000507031002028C0005038B50F4CF5
S214015450A26AA36D13F4803F18BF01210C4B18BF3D
S214015460996202219962A36D5900FCD40221094870
S214015470A569FEF751FBA36DC5F30725DB0303D52D
S21401548001210448FEF748FB284638BD00C00050FD
S21401549000D0005028C00050014B83F8E00170474F
S2140154A070310020014B93F9E00170477031002004
S2140154B0012313481349826A8B62836D03F0030349
S2140154C0032BFAD102238B620D498B6D5800FCD455
S2140154D00D488B6D30EA0303FBD10121094B196599
S2140154E0A3F58053996D8907FCD4996D8807FCD57F
S2140154F0996D8907FCD503210448FEF70DBB00BF53
S21401550000C0005000D000500300010028C0005029
S214015510114321F0F8014904034B490C41F44021A1
S214015520063043F82010704700800350021E30B545
S2140155304FF0000014BF04250C2547F607740849F0
S21401554052B9831D51F82330234023B101308542DF
S214015550F6D14FF0FF3030BD00F11203F2E700BF85
S214015560008003503AB122F0030202F1A04202F594
S214015570603209B9106070470002FBE7044B986877
S214015580421C02BF034AD2F894009860704700BFDD
S2140155903C410020004000504FF0B0435A6812B121
S2140155A09A6A002AFAD17047054B5B69C3F38512E4
S2140155B0827003F03F021B0B42700370704700BFFE
S2140155C000C0075007B5014601A8FFF7EDFF9DF89B
S2140155D0063001220B804FF4807300204B80054B70
S2140155E09B680A3303F01F0302FA03F34B6003B010
S2140155F05DF804FB0080E00FF8B5224B0446D3F8B3
S21401560010334B1E0E2B0D4616462AD971B30022B7
S214015610012130276378207899401A4B07FB003325
S2140156200EB341F210001950302163782778072B0A
S21401563001FB07F71CD80F219B0013489A4099409D
S2140156403844FEF769FA5DB9012230206378217883
S2140156509A400C4B00FB01338EB141F210015A50B7
S214015660F8BD0A46D4E742F21000DCE70A46DBE75B
S2140156700F21083B9B0005489A409940E0E742F21B
S2140156801001ECE700C0035004C003500CC00350E7
S21401569010B560B1EFF31184302383F31188FFF75F
S2140156A0ABFF84F31188BFF36F8F002010BD22205B
S2140156B0FCE7F0B501258D40EFF311864FF0300C75
S2140156C08CF31188174C176823F0030344F82170F4
S2140156D00CFB0101547B0C66D47A977A240544EAC4
S2140156E00744177B44EA4754CC650B6711799379D5
S2140156F043EA014300F500518B615379D17941EAC0
S214015700034100F580539961117A01B11D64527A03
S21401571002B19D6300F50050456386F31188BFF31F
S2140157206F8FF0BD00400450012303FA01F1BFF36F
S2140157305F8F00F5005300F5805059638164704710
S21401574038B50A460C46002105460EF013FD38BD55
S21401575001B1F5E7704710B508B9212010BD002941
S214015760FBD0036813F0704209D1C3F30E030B603C
S2140157701BB94368002BF0D00B600020EEE703F066
S2140157805044B4F1004F05D0B2F1304F02D0B2F11F
S214015790404FE2D1DBB2EAE773B50D460646F0B1FB
S2140157A0E9B1002301A90193FFF7D5FFB8B9346821
S2140157B0019A14F0704402F1030222F0030202D1AE
S2140157C02A6002B070BDB168B4F1204FC1F38033D6
S2140157D0C1F340310BD004D8B4F1004F09D02120D9
S2140157E0EFE7B4F1304F02D0B4F1404FF7D10B449C
S2140157F001E003EB410353432B60E2E72DE9F74356
S2140158000D4690461F460646E8B1E1B10468D1F858
S21401581000904C451BD004F03043B3F1004F12D139
S21401582084EA0903B3F1805F3CD2002301A9019306
S214015830FFF791FF38B9019AC2F30E02144349EA01
S21401584002039C422ED0212003B0BDE8F08314F061
S214015850704427D4B4F1805F29D00023304601A9D3
S2140158600193FFF778FF0028EDD10090694628469E
S214015870FFF771FF0028E6D1DDE900329A42E3D056
S214015880E1E70023B8F1000F06D043F48053B26875
S214015890A9684A401A42D6D1002FDED0AB689B04D5
S2140158A0DBD4D0E7002FECD14FF4C043EAE7002B5E
S2140158B0F4D1B8F1000FD0D04FF4C043E7E737B5C5
S2140158C00C46054650B149B100230B60036803F04E
S2140158D070430B60C2683AB1032A02D0212003B09C
S2140158E030BD43F080630B60AB689A013ED403F091
S2140158F08073EA680AB9002BF0D1226822F0407260
S21401590013432360EA68032A05D12A69F62AE5D9F2
S21401591062F317432360AB681B0442BF236843F45A
S21401592000432360EB68032B1FBF23682A6862F3DA
S2140159300E0323602A68AB6802F07042B2F1805F02
S2140159401CD213F4D84FC9D10023284601A90193CC
S214015950FFF701FF0028C1D12B6813F0704231D147
S2140159602368019A62F30E032360B8E703F04073DD
S214015970B3F1407F18BF4FF00073BAE7580403F441
S214015980005118D40029A9D0226842F4005222609E
S2140159901A0542BF226842F4006222602A6802F0B9
S2140159A07042B2F1404FCFD05B0542BF236843F44B
S2140159B080632360C8E7226842F48042226000299F
S2140159C0E6D0E1E703F05043B3F1004F05D0B2F162
S2140159D0304F02D0B2F1404F80D1019B013B237082
S2140159E07DE737B50C46054608B9212019E00029A0
S2140159F0FBD001234B60C368ABB901A90193FFF744
S214015A00CBFE0028F1D1019B6A699A4208D32A6924
S214015A10002AEAD0226043F000530020A36000E091
S214015A201D2003B030BD032BDFD10023F5E743680B
S214015A3082B013B9416002B0704743680193019B7D
S214015A405B68012B019B01D15960F4E75B68F5E7C0
S214015A50F0B5174602780446022A0E4693B03FD0A8
S214015A60032A41D0012A43D11425224A0C3432603C
S214015A700022990172603046B260326210F023FD56
S214015A804FF0010C41F00051099709ABCDF828C041
S214015A9006AF0B9145F0005593E8070003AB87E886
S214015AA007000C940CAACDF834C00E9507CA83E8FB
S214015AB007000F9412AACDF840C0119512E907000D
S214015AC08DE8070019463046FFF7B1FF3946FFF764
S214015AD0AEFF694610F04FFD10F01EFD13B0F0BD8D
S214015AE02025054A0C34C2E72025044A0C34BEE7BB
S214015AF02120F3E700020103000301030004010370
S214015B002DE9F047884616461C46054600283FD034
S214015B1000293DD00378013B022B39D8436800F1B8
S214015B202C0903F03F07E318436022BF8368013363
S214015B3083607FB3C7F1400A544522D352463146AB
S214015B4009EB07000EF07AFC01234A464146284637
S214015B50FFF77EFF90B9403C3C443F2C56440BD99E
S214015B60324641462846A309FFF772FF30B924F0B2
S214015B703F031E4404F03F0414B90020BDE8F0873B
S214015B8000272246314609EB07000EF057FCF4E7E2
S214015B902120F3E73F2CE3D8F3E72DE9F0430E4647
S214015BA017461D46044693B018B9212013B0BDE828
S214015BB0F0830029F9D0002AF7D0002BF5D0002376
S214015BC039461A463046FFF719FE0028EDD16946D8
S214015BD03846FFF7C0FD0028E7D130683249009A01
S214015BE088426B695CD19342DFD32B68002BDCD1F2
S214015BF04FF06062636030462260A360236201A9B1
S214015C00FFF75DFE0028D0D10199204621F4F0610E
S214015C10019110F058FC284602A9FFF750FE002813
S214015C20C3D14FF001094FF000582046029910F0F9
S214015C304AFC09A9CDF82890CDF82C80FFF7F7FE8D
S214015C40304606A9FFF7CDFE0028AFD1204606A9AB
S214015C50FFF7EDFEEB6833B10CA9CDF83490CDF823
S214015C603880FFF7E4FE38460FA9FFF7BAFE002892
S214015C709CD120460FA9FFF7DAFE284603A9FFF7B5
S214015C80B0FE002892D1204603A910F074FC03252B
S214015C90204610F041FC012888D1013DF8D185E766
S214015CA0B3EB420FA1D280E7200000B010F1860FBF
S214015CB012D010F1850F0ADA10F1950F0FD010F1FE
S214015CC0930F0CBF6FF06F004FF0FF307047003836
S214015CD018BF0120404270476FF0710070470148BD
S214015CE0704700BF00B2FFFF10B12421F1F780BF5B
S214015CF0704770B515460E4624210446F1F778FF25
S214015D0025F04003802B02D0B5F5807F08D12046D0
S214015D10314640F8045BEA080EF090FB002070BDA7
S214015D206FF01F00FBE72DE9F043012905460E46FB
S214015D30914698469DB04BD8046824F04003802BCA
S214015D4002D0B4F5807F46D12022002114A80EF09F
S214015D5011FA224A224BE408012E08BF1346139378
S214015D602B1D0A93012344F000540B930C941D4CF5
S214015D7007AF0AAA07CA04AE87E80700CDF8349031
S214015D800DAA0E930F9407CA86E80700CDF8408047
S214015D90119310AB129401AC93E8070084E8070056
S214015DA013A83946FFF743FE3146FFF740FE21466A
S214015DB010F0E1FB2968C90810F085FB102110F0EE
S214015DC082FB10F089FB10F06BFB1DB0BDE8F08381
S214015DD06FF02000F9E76FF07100F6E700010004AC
S214015DE0000101041000002000F01F03A0F50620AA
S214015DF0A0F55060812811D801229A40094B40092C
S214015E0003EB8003D3F814111143C3F81411D3F82C
S214015E10001121EA0201C3F8001170474FF0FF306C
S214015E20704700BF703100202DE9F04FBBB028AE9F
S214015E3000F130070446884615460FCF0FC697E88F
S214015E400F0086E80F002822002130A80EF092F9F4
S214015E5030A810F02EFB04F1300B0646002840F067
S214015E605A81D4F80090BB4A29F47E13934240F03D
S214015E70DB809DF8A030014603932A9B102218A8C8
S214015E8004932F9F0EF076F9102231461CA80EF0CF
S214015E9071F91022314620A80EF06CF91022314615
S214015EA024A80EF067F9049B1DB1B8F1000F00F0AD
S214015EB03281C9F30742C9F30549B9F1020F00F06F
S214015EC02A81B9F1100F00F22681D20700F1238151
S214015ED0FA1F062A00F21F81FAB2C2F10F0A5FFA10
S214015EE08AFABAF1030F049209D8BAF1020F0CBF6D
S214015EF04FF480324FF08072934280F00C81502232
S214015F000021584605930EF035F92A1E18BF0122C6
S214015F10FBB2C3F10E0B5FFA8BFBA9F10201490834
S214015F204BEA821242EAC1028DF860202BA93A465A
S214015F300DF161000EF082FA059B1CA91A46013686
S214015F40564501F8012D4FEA1222F8D3039A6363EE
S214015F50049B84F84C20C4F848903A4684F85D3097
S214015F602BA9261D04F138000DF170090EF066FA12
S214015F703146CDF8009018AB20AA30A802F043FCB9
S214015F80002840F0C880E5B14FF4A063ADF860305A
S214015F90D8F80030CDF86600CDF8623098F80430B5
S214015FA0CDF86A00ADF86E008DF866303146CDF852
S214015FB0009018AB20AA30A802F025FC002840F07B
S214015FC0AA8020AB04F15E0C24AE1A4603CAB24284
S214015FD0CCF80000CCF8041013460CF1080CF4D1F0
S214015FE03A462BA90DF191008DF890B00EF026FAE5
S214015FF0781C5246002130440EF0BCF8012304F10F
S2140160004D028DF89F3028AF334603CBBB4210605C
S21401601051601E4602F10802F6D10020636A1D4453
S21401602065623BB0BDE8F08F4B4A934240F0AD80CD
S2140160302F9B15B1B8F1000F6DD00C2B6BD17822C8
S214016040002158469DF8A0600EF094F8002384F8CD
S214016050A160C4E90E532BAA002D00F08D80012605
S21401606018923E4A19960DF118091A9218AA07CAEB
S21401607089E807003A4ACDF870801D960DF124088C
S2140160801E921CAA07CA88E8070004F14002209263
S2140160900392344A21960CAF229220AA07CA04F131
S2140160A0040B87E807000DF1900A2F4A514658461F
S2140160B03193309232933893FFF701FC049050BB32
S2140160C030A8249910F0FFF9052110F0FCF9049B83
S2140160D0194610F0F8F94FF000530FA910961193D6
S2140160E0FFF7A5FC584612A9FFF77BFC98B930A824
S2140160F012A9FFF79CFC4946FFF799FC4146FFF7BA
S21401610096FC394610F037FA10F006FA30B1102135
S2140161100398FFF715FB6FF0920082E7134B04F12B
S214016120700724972596269315AB9AE8070083E80F
S214016130070094F8A1000E4A0E493293012808BFC1
S2140161400A4630A8309210F0E7F9D8B12021384637
S214016150DFE700BF00014005000240050C000020FB
S214016160050000201000002000000204200000208E
S214016170010002040100030404F1700307CA83E866
S2140161800700012084F8A20047E76FF0850048E782
S2140161902DE9F0410E4614461D46BAB0002845D0FA
S2140161A0002943D0002B41D0038803F44F42B2F5B7
S2140161B0824F40F09B80DAB2122A0ED0413A012A71
S2140161C000F294802B68002B00F0B680DA1DB4EB49
S2140161D0D20F2BD1FF2B21D0B0E023F0FF03B3F574
S2140161E0E24F26D143882B60E3B9E3002B60B3F579
S2140161F0807F7BD10023184657493519214415F86D
S214016200012D11F8014D1043121B18BF0023AE4299
S21401621043EA0203F3D148B1002B07DA00203AB073
S214016220BDE8F081DA1DB4EBD20FE0D06FF0860046
S214016230F5E7B3F5824F40F08B800B78042BF5D150
S214016240282200211FA80DF095FF1FA810F031F994
S21401625010B16FF09200E2E7404B20901F930123AC
S2140162602190CDF810D005933D4B04AA069301ABBF
S2140162700090279007CA83E8070019461FA810F068
S2140162807AF910F049F90028E3D1009B354A23F04A
S2140162907F4393422AD94FF0420829AF4246002154
S2140162A038460DF067FF012320220021013C17A884
S2140162B08DF8A43001360DF05DFF202200211C94DC
S2140162C00FA8E40064081B960DF054FF202200215D
S2140162D007A8CDE913780DF04DFFB4F5807FCDE921
S2140162E00B782C600BD004D8E02C9FD16FF0850082
S2140162F095E7B4F5C07FF9D0B4F5047FF5E71A4BFE
S2140163000FA917930F934FF4005319934FF480433B
S2140163101193402317AA08931FA807ABFFF73DFC6C
S2140163200446296838460731C9084900FFF710FABC
S214016330002C3FF473AF79E7E3002B60B3F5807F61
S214016340D4D14388B3F5807FD0D0FF232B6065E797
S2140163506FF0960063E700BFD26E020000000843AC
S214016360040000200102010020000080F8B5134659
S21401637042880C460732072A4FEAD20101D0A142D1
S21401638053D1D0E9016705882022184600210DF077
S214016390F1FE360A0346002E4AD1002C45D041F2C2
S2140163A00102954205D0B5F5885F02D0B5F5905F3C
S2140163B002D15C60002011E0B5F5105F07D1182C02
S2140163C003D0202C01D0102C2FD11C60F1E705F44E
S2140163D04F42B2F5824F02D06FF08500F8BDEAB2A7
S2140163E0122A03D1202CF7D1134A04E0412AF3D113
S2140163F0202CF1D1114A25F0FF05B5F5E24F1A60C0
S2140164000CD0B5F5824F10D14FF4005217F4705FDF
S21401641009D017F4864F04D09A60DDE74FF4804226
S214016420F4E742F480629A60C4E76FF08600D5E72D
S2140164306FF08B00D2E700BF20000080200000B084
S2140164402DE9F0411C46436807461B0A8846154657
S21401645088B054D1038823F0FF02B2F5824F2BD1C6
S2140164604688413BDBB20736012B4FEAD60607D9F1
S2140164700B78042B19D06FF0860008B0BDE8F081C8
S214016480B542F8D1224631463846FFF76FFF00285D
S214016490F3D1033525F00305C4E9030865616EB938
S2140164A020212046FFF74CF9E5E7013DB5EB460F05
S2140164B001F10108E6D0DEE72E46E3E70146202299
S2140164C068460DF057FE31466A463846FFF74EFFDE
S2140164D0DDE90076DDE9062C02990028E0D1236883
S2140164E0A568BB42DCD16768B742D9D18D42D7D106
S2140164F0A1699142D4D1E2696245BED0D0E76FF07E
S2140165008B00BAE72DE9F84F05460E4621B10B7D03
S2140165101F2B02D90F2426E0454EEFF311873023B7
S21401652083F31188DFF81091D9F8E831183B13F19D
S214016530180F11D1DFF80481D8F800A0C5BB424678
S2140165404FF0FF311C2005F013FA0446D8B187F34B
S2140165501188BFF36F8F06E0AB4207D187F311882E
S214016560BFF36F8F12242046BDE8F88F1A68B24237
S21401657001D09B69DAE7002DF0D087F31188BFF3CD
S2140165806F8F2324EFE74FF0010BD8F8005004215A
S214016590307D05F1100205F095FA044680B1BBF195
S2140165A0000F02D028460FF041FCC8F800A0CEE745
S2140165B0BAF1000F01D1C8F800504FF0000BE6E722
S2140165C00421307D05F1140205F07CFA044618B169
S2140165D028690FF02BFCE2E72B464FF400112E60E2
S2140165E0D9F8E82168602873A86043F8182F114A83
S2140165F0C9F8E8313368C2F8801111604FF0F052E3
S2140166009A60FF224FF0FF3198619A6203F50052BB
S214016610986318641165012203F580535A600823B4
S2140166202B733268936823F0F85393608FE700BFAB
S214016630F46E020000E100E0703100205C0B0020E7
S214016640002307B501AA019305F03CFA019803B0AF
S2140166505DF804FB13B500244FF0FF3101AA019445
S21401666005F086F900B10194019802B010BDF1E77A
S214016670F0E7EFE7EEE7FDF71FBAFDF71DBAFDF706
S2140166801BBAFDF719BA0FF0D1BB0FF0CFBB0FF055
S214016690CDBB0FF0CBBB0FF0C9BB0FF0C7BB0FF0E4
S2140166A0C5BB0FF0C3BB0FF0C1BB0FF0BFBB0FF0F4
S2140166B0BDBB0FF0BBBB002337B50D461446019397
S2140166C002B3073020F00700C2E902104FF0FF3195
S2140166D0684301AA05F04CF960B90246019B013DE9
S2140166E0C4E9003391B2A94202F1010204D34FF08A
S2140166F0FF321A6003B030BDE16819441960E168E1
S2140167000B44EFE72220F5E7FEE7002307B508462E
S21401671001AA4FF0FF31019305F02AF9019803B061
S2140167205DF804FB08460FF081BB0846114687E773
S214016730BFF35F8F074B5A6A22F480325A62D3F84E
S214016740942022F00102C3F89420BFF34F8FBFF3C9
S2140167506F8F704700ED00E000232DE9F0479A4C5B
S214016760DFF87082994E94F83470D8F8EC91F56899
S214016770C8F8EC3117B32268AA4240F01881316993
S2140167806268914240F013817169A268914240F0BB
S2140167900E81B169E268914240F00981F16962694E
S2140167A0914240F00481716AE26B914240F0FF80B1
S2140167B01D46326AA2612846BDE8F087582239464E
S2140167C004F11000D4F838A00DF0D4FC336904F1BC
S2140167D008006360F369C4F838A06361336A256012
S2140167E0A361D6E90523C4E90223FCF75AFE736ABE
S2140167F004F14000E3639B68984720B9676C17B1C2
S2140168006368B3FBF7F794F84330E761002B00F0B9
S214016810D0800023656C2366002D00F0D280002F07
S21401682000F0CF802368B3FBF5F205FB1233002B93
S21401683040F0C1806668B6FBF5F305FB1363002BD9
S21401684040F0B9806048FDF756FA8642C0F0B58040
S21401685040F634726369CC3B934200F2B080B5F5E2
S214016860805FC0F0AE8003215748FDF756FAD4E9A1
S2140168700001E36B1B6898470546E36B0220DB6863
S2140168809847BDB949465048FEF7A0FB642805461F
S21401689004D149464C48FEF799FB054655B9636C49
S2140168A0226A143B484802FB03F6FDF724FA8642A7
S2140168B038BF5A25002D0CBF0123002384F834303D
S2140168C056D1D4E90060D8F8F031D8F8F471013324
S2140168D0C8F8F031FFF72CFF1F2837D94FF0000C0E
S2140168E0F10600F1FF3018BF26F01F0106EB00038A
S2140168F00CBF31462031DA06354A18BF23F01F0394
S2140169005FFA8CF0874237D8D2F8C00041F0030115
S21401691020F47F4040F48070C2F8C000EFF3118687
S214016920302080F31188D8F8F40143F00303C2F84D
S2140169309800C2F89C10C2F8A03086F31188BFF305
S2140169406F8FD8F8F4310133C8F8F431BFF35F8F95
S21401695005221F4BC3F894205A6A42F480325A62C9
S214016960BFF34F8FBFF36F8FBFF34F8FBFF36F8FA1
S214016970E06B02F0C0FD1EE7C2F89800D2F89C005A
S214016980D2F8A06020F01F00884226F01F0601D131
S2140169909E42DBD08E4201D39842D7D9D2F89800D6
S2140169A00CF1010C20F0FF00C2F89800A8E75D2565
S2140169B001E72125FFE65925FDE65A25FBE65F2579
S2140169C0F9E65B25F7E600BFD80A00203C41002027
S2140169D000ED00E0703100202DE9F04FA7B0CDE9C1
S2140169E0022180461D4604460822319F28FA02F3FA
S2140169F083EA0803990702F1080218BF9B00202AC0
S214016A001C44F3D18123B4FBF3F303EBC313E41A61
S214016A108A4B04F5062493F8F83104F55064002BEC
S214016A203CD1FFF799FE0646002879D1014640225F
S214016A3006A80DF09FFB4022314616A80DF09AFBE2
S214016A40DFF814927E4BCB4609F110094B4528BF5F
S214016A504B46002603F1FF3A10225B46CDE900A61D
S214016A60784806A9FDF7AEFB034606AA9E4244D126
S214016A7001231022CDE900A372485B4616A9FDF753
S214016A80A1FB4FF0000B824616AED3454DD16E4B9F
S214016A909945D7D10122694B83F8F8214FF0810936
S214016AA00026DFF898B16309A3F58643683B0BEB34
S214016AB08303D3F8142104F01F01CA40D2074AD435
S214016AC0D3F80031CB40DB0738D5002E08BF264669
S214016AD08123A4F50624A4F6FF44B4FBF3F303EBE9
S214016AE0C313E41A04F50624B9F1010904F5506448
S214016AF0D9D1029B23B356BB22E052F8040B05936F
S214016B000492FFF771F9DDE9042301300BD100226D
S214016B104A4B83F8F821494B93F8F831002BBDD145
S214016B206FF091000EE00136A0E756F8040BFCF773
S214016B30F1FE0130EFD00BF1010BA6E7029B23B962
S214016B406FF08B0027B0BDE8F08F06B92646329B62
S214016B5000201E60F6E7309B13B10023309A1360C5
S214016B600FB100233B604FF0100A00232A4621464E
S214016B703448CDF800A0FDF739FC002854D1309BED
S214016B800BB1C3F800A02A68304B9A4215D02146B3
S214016B902C48FEF75FF90028D2D1D5E902230399E4
S214016BA08B4208BF424593D1029B002BCED06B6827
S214016BB0012BCBD16FF08400C4E7309B002BECD0C7
S214016BC0002FEAD000231F483B6090F83430002B9A
S214016BD0A6D0DFF868A00121FDF79FF816AB214685
S214016BE018480AF5C472FDF75CFB0346D0B99DF858
S214016BF05820032A16D0022A11D104223A60114ADB
S214016C000493D06B02F077FC049B002B88D1309A5A
S214016C103B681268934283D39B1A3B60BDE7DAF860
S214016C209821EBE72D23EAE7094B9842AFD063287A
S214016C30ADD0084B9842B0D072E700BF703100204B
S214016C40816D0800D80A0020906D0800105D175E5F
S214016C50FFDF00F0FEDF00F0006D080070B50646AD
S214016C600D4614468CB0CAB11022002108A80DF0BA
S214016C7081FA002205AB029307AB019306AB0093A2
S214016C803046294608ABCDE90622FFF7A5FE18B91E
S214016C90099B6360079B23600CB070BD6FF0860094
S214016CA0FAE730B58DB00C4605461022002108A83B
S214016CB00DF060FA002205AB029307AB019306AB19
S214016CC021460093284608ABCDE90622FFF784FE4D
S214016CD0044610BB099B012B22D0059D134829466B
S214016CE0FEF7B8F8F8B9A5F50623A3F55063812B8E
S214016CF005F01F000FD801210D4A5B0902EB830343
S214016D00D3F8142181404A402846C3F81421FCF7E1
S214016D1001FE013001D16FF0860420460DB030BD72
S214016D206FF08404F9E76FF09104F6E7D80A0020C3
S214016D30703100204FF0B0439A6A1207FCD4186AEB
S214016D4070472DE9F84FEFF31189302383F311884B
S214016D504FF0B0435B691907554903F0010203F090
S214016D600D0314464B6148BF42F002044AB1514A32
S214016D70D2F8FC310133C2F8FC310FF025FA0FF0DE
S214016D80C3F9A3072FD5EFF31185302686F31188B3
S214016D904FF0000A0FF018FA5746DFF81881D8F8B6
S214016DA028410CB1636923B30023012F88F805320B
S214016DB004D11AF0020F18BF88F805720FF0A4F973
S214016DC022280CD101223C4B83F828204FF0B042F8
S214016DD0D36B23F00303D3630822354B9A6185F303
S214016DE01188BFF36F8F89F31188BFF36F8FBDE8EA
S214016DF0F88F23465A693AB91A792179914288BFA0
S214016E001C469B68002BF5D185F31188BFF36F8F65
S214016E102569DDB1FFF78EFFA369A0EB030A4FEAF0
S214016E20EA72AA4572F1000211DB2B44A361E36802
S214016E3013B1204621689847B4F806A00137EFF34E
S214016E40118586F311880FF0BFF9A8E7AA46EFF37C
S214016E50118B86F3118820460EF062FF8BF31188A2
S214016E60BFF36F8F2369002BE1D0A38BB5EB0A012B
S214016E7033B1E28B13449BB2B3F57A7F10D2E3832E
S214016E80EFF3118586F3118820460FF0FFF8A3690A
S214016E9022691344A36185F31188BFF36F8FC6E798
S214016EA0A3F57A73E383A3690139013BA361E7E79D
S214016EB000200058703100203C41002070B5044687
S214016EC00E46EFF3108572B64288818803888A429F
S214016ED00FD21344B3FBF1F001FB1033013204EB84
S214016EE08303DE606280012328460FF0A1FA18466C
S214016EF070BD82685AB9238804EB8302D660A288E3
S214016F000133B3FBF2F102FB11332380EBE700EB15
S214016F108303D968904703460028ECD1E4E72DE9BE
S214016F20F0432B48DDF81C8090F8124294424BD96E
S214016F300C246243D0F808E21EEB020446D06089B6
S214016F40002843D0B4F90450B4F906608D42B4F970
S214016F5008701DDCB142A8BF3146002F36D000F1C3
S214016F60FF3C1FFA8CFC07FB0C594C1B94FBF7F4F7
S214016F704E45D8BF6046A4B2A04202D3B14218BF64
S214016F8020465EF802C05CF820200CEB800403E08B
S214016F902946E2E7013880B218B154F804ED72458B
S214016FA0F8D0B1421EBF17FB00F1491909B2994248
S214016FB003DD10B1013880B2E5E70020C8F80020F3
S214016FC0A8F80410BDE8F0830E20FBE70220F9E7DD
S214016FD07031002010B5084C20460DF098FC20B901
S214016FE094E80700054B83E80700BDE8104001213F
S214016FF04FF0FF300DF08DBC0C6F0200783300208F
S214017000FF207047004870470080FFFF38B5134CDB
S2140170100546616B79B9A26B5AB9616CA1B9A26CCC
S214017020CAB13C34E3688BB922780D4B00201A7044
S21401703009E02C34F6E72C342846227809680DF04E
S2140170409AFD0028EED038BD3C34F5E7284698472F
S2140170500028E9D0F7E70220F5E700BF3C41002011
S21401706048140020F8B5154F97F8143223BB0222B6
S214017070134E144D144CAD1BC4E90065C7F81C52E1
S214017080013D3046ED08C4E902332361227763628D
S214017090C4E90566C7F81862F2F7E0FE7580236951
S2140170A0E26801332361A36808339342A36088BF73
S2140170B0E360012387F81432F8BD00BF7031002069
S2140170C068420020000001209819002000232DE9C5
S2140170D0F04F9E4E85B0039373680D469A42104654
S2140170E006D249B922B14FF0FF3103AA04F040FCA1
S2140170F0039805B0BDE8F08F1AB908460EF096FE63
S214017100F6E7EFF31188302383F31188A1F1080C19
S21401711031F8061C07304FEAC10920F00704A145E3
S21401712080F0928035F8023C002B76D0591A01295E
S21401713073D10CEBC30A1CF83330D9076DD4BAF8F7
S2140171400230A9EB040717EBC30766D41F2F3DDDFA
S21401715005EB040BC4F3CF0425F8064C013458465E
S21401716025F8024CFF08F2F779FEABF8027035F805
S214017170023CABF80430BAF806301BB3BAF802206A
S2140171809A1A12FA87F7BFB20AEBC303ABF8067076
S2140171909F8000225146584601F0B8FB5046F2F750
S2140171A05DFE002235F8061CB368039503EBC103A8
S2140171B0F168A3EB09038B42B36043D8A2B3083B43
S2140171C0B36031E00023ABF80630E2E73369013BF8
S2140171D0336135F8063CBAF802200133134425F82A
S2140171E0063CBAF80620A2B1BAF80210511A11FAF2
S2140171F083F39BB20AEBC20225F8023C938001227C
S2140172006046514601F082FB5046F2F727FE012206
S214017210C8E7002325F8023CF1E74FF0FF3120468E
S21401722003AA04F0A5FB20B188F31188BFF36F8F82
S2140172305EE74A46294603980DF000F928460EF007
S214017240F5FDF1E7F360B9E777D935F8022CA9EB3C
S2140172500407531E5B1A002A3ED00CEBC20A1CF828
S2140172603220D20739D4C3BBC4F3CF0305EB040BDA
S21401727025F8063C013325F8023C5846F2F7EEFDA8
S214017280BAF8023003EBD703ABF8023035F8022C1C
S214017290ABF80420BAF80620DAB1BAF80210511A8F
S2140172A011FA83F39BB20AEBC202ABF80630938065
S2140172B000225146584601F029FB5046F2F7CEFD12
S2140172C00023B26803951444A4EB0904BBBBB46065
S2140172D0AAE7ABF80620EBE79246272F2DD9C4F391
S2140172E0CF0205EB040B25F8062C013F013225F8E9
S2140172F0022C5846FF080193F2F7B0FDABF8027076
S21401730035F8022CABF80420BAF1000F12D0019B1D
S214017310013313FA87F7BFB2ABF80670AAF8047008
S21401732000223369114601335846336101F0EEFA03
S2140173300123C6E7ABF806A0F2E7039574E7F36806
S21401734008349C42B46088BFF4606DE79819002049
S214017350044B186072B64FF0E02300221A6100BF9A
S214017360FDE700BFD8190020054B06498A6930EAB7
S214017370020203D0013BF9D118467047012070473D
S214017380A08601000080055038B5044640200D4611
S214017390FFF7EAFF10B90F20FFF7DAFF094BDC63AE
S2140173A07DB1094A41F22101938883EA042008232A
S2140173B004B24000002C80B2B8BF4840013BF7D170
S2140173C0908038BD00800550D8190020F8B50646D3
S2140173D00C461546064F013CA30026FA03F303F0BC
S2140173E00F032946F85CFFF7CFFF002CF3D1F8BD59
S2140173F000750200F8B5994CA37903F0FF021BB99A
S2140174004FF0E0231A61F8BDA3680133A360A368B7
S214017410272BF8D9EFF311832367EFF31083636704
S214017420EFF31383A36772B601218D4BC4E90313EF
S214017430D4F828316361D4F82C31A361A368E361E1
S214017440884B1A68A2625A68E2629A682263DA680E
S21401745062631A69A2635A69E2639A692264DA6905
S21401746062641A6A5B6AA264E3647F4B1B782365D5
S214017470D4F83031D3F88C206265D3F89420A26515
S214017480D3F8A820E265D3F8B0202266D3F8B4205A
S2140174906266D3F8B820D3F8BC30A266E36603234D
S2140174A0724A23625368E367536AC4F88030936A6A
S2140174B0C4F88430D36AC4F888306D4B1868C4F8B1
S2140174C08C005868C4F89000D3F80001C4F8940002
S2140174D0D3F80401C4F89800D3F80002C4F89C005D
S2140174E0D3F80402C4F8A00093F80C03C4F8A4006F
S2140174F093F81503C4F8A80093F80A33C4F8AC301F
S21401750092F82330C4F8B0305A4B1B6FC4E94831A7
S21401751043232362584B5A68C4F8B4209A69C4F8C6
S214017520B820DA6CC4F8BC209A6CC4F8C0209A68FB
S214017530C4F8C420DA6DC4F8C820DB69C4F8CC30BE
S2140175404E4BD3F8AC25C4F8D020D3F8BC25C4F8EC
S214017550D420D3F8C435C4F8D8304F232362484B1F
S2140175601978484BC4F8DC101A78474BC4F8E02069
S2140175705868C4F8E4009868C4F8E800D868C4F805
S214017580EC00586DC4F8F000186DC4F8F400D86A21
S214017590C4F8F800186BC4F8FC00586BC4F8000176
S2140175A0186CC4F804015F20206241EA0200072833
S2140175B01BD8302505FB0136706E05FB0233C4F877
S2140175C00801324850F82110C4F80C11F16EC4F8C5
S2140175D01011596EC4F8141150F82220C4F818215D
S2140175E0DB6EC4F81C317F23236200234FF0E022B8
S2140175F01361226AA371D60602D40A20FFF7A8FEF9
S214017600550703D5D4F8B420D00701D40B20F5E7ED
S2140176104FF48051184AD364154AC2F88010BFF35C
S2140176204F8FBFF36F8F4FF40011C2F88010BFF376
S2140176304F8FBFF36F8FFF21134A5365144B1964A5
S2140176409962BFF34F8F134B116BC9B211B9D16851
S214017650C90773D5013BF7D10C20CFE7D819002015
S21401766031534F50700D0020E03F002000ED00E048
S21401767000E100E0008000500080055000C003508B
S214017680CA0A0020580B0020000004500040045095
S21401769000100450A08601002E46636A294643F076
S2140176A004030D2063622E4FFFF76EFE29460A2063
S2140176B0FFF76AFEA580012117F8010B0136FFF7D7
S2140176C063FE072EF7D1012204214720FFF77EFE35
S2140176D0244E01213A20FFF757FE013501220821E9
S2140176E056F8040BFFF772FE472DF2D1A48800214D
S2140176F03A20FFF749FE002204212046FFF766FEE6
S21401770000210D20FFF740FE0A200021FFF73CFE76
S2140177102020FFF729FE08B910206FE700206DE74B
S2140177200222636A202043F0020363620E4B5A6111
S214017730FFF71AFE0028AFD10E205FE701230B4AA0
S21401774063625360BFF34F8F094BA2F50052556831
S21401775015F00105E4D0013BF9D10D204EE700BF3D
S21401776011750200E4190020008005500020045025
S214017770A086010041F6713210B5104C104BA042A4
S21401778094BF00240124D969DA639A6801F4803130
S21401779022F4401242EA04529A600A4A90420A4A85
S2140177A0D2F818028CBF40F0020020F00200C2F8A6
S2140177B0180209B10022DA6310BD00BF005A620246
S2140177C00000035080F0FA0200C0075010F1860F47
S2140177D012D010F1850F0ADA10F1930F0FD010F1C5
S2140177E0870F0CBF6FF073004FF0FF307047003803
S2140177F018BF0120404270476FF0710070476FF06C
S2140178006F007047094B186F00F00700431E032BEB
S21401781003D8DFE803F006080904002070470620B5
S2140178207047022070470420704700BF0080005058
S2140178300EB417B504468288E18800688A4234BFD0
S214017840891A002106AB10440D4A019304F084FE08
S214017850002800DAFEE7A388E288184480B2904246
S21401786028BF2368A08028BF9B18204624BF00227B
S21401787003F8012C03B0BDE8104003B0704700BF09
S214017880898F02002DE9F0430D4690461E460446B8
S21401789093B0002850D000294ED0002A4CD0002B9F
S2140178A04AD0264B0FAF036000233946436003627C
S2140178B083602846FEF703F800283AD120460F9940
S2140178C00EF001FE102120460EF0FDFD4FF00109DD
S2140178D04FF0005369462046CDF804900293FEF718
S2140178E0A6F8284603A9FEF77CF810BB144D2046DF
S2140178F003A9FEF79CF8CDF83C8006ABCDF8409086
S214017900119597E8070083E8070019462046FEF719
S2140179108EF80C9609ABCDF834900CAA0E9507CAD2
S21401792083E80700204619460EF025FE20460EF095
S214017930F3FD13B0BDE8F0832120FAE7000100044F
S214017940100000202DE9F04F894690461F46044658
S214017950A3B0002800F0BA80002900F0B7803AB141
S2140179602D9B002B00F0B2802E9B002B00F0AE80EA
S21401797000252E46A84540F2A7805EB12D9B2C9A85
S2140179805B5D925D013653402E9A06F00F06535505
S2140179900135EFE7A8EB050BBBF10F0F40F2928024
S2140179A04B4B666048462360A660266203A9FDF736
S2140179B086FF002865D1204603992BF00F0B0EF0A9
S2140179C082FD594620460EF07EFD4FF0010A4FF02B
S2140179D00053204604A9CDF814A00693FEF727F815
S2140179E0484607A9FDF7FDFF00284AD1204607A90A
S2140179F0FEF71DF8374B1F970DF1280CCDF880A028
S214017A0022A9219311E907008CE807002D990DF1B1
S214017A10340E4B191C934BF00053CDF874A01CAADE
S214017A201E9307CA8EE80700614620460193FDF7BC
S214017A30FEFF20460DA9FDF7FAFF2E99019B4A1974
S214017A401992CDF868A019AA1B9310AB07CA83E850
S214017A500700204A1697CDF85CA018920DF14C0A43
S214017A6016AA07CA8AE80700194620460EF083FDC3
S214017A70514620460EF07FFD20460EF04DFD5D443A
S214017A8000B323B0BDE8F08F8EB93A46494620468A
S214017A902C9BFFF7F7FE0028F3D107F1100212F82E
S214017AA0013D0133DBB213700BB99742F7D12C9B22
S214017AB02D9A9B5D525D013653402E9A06F00F06B5
S214017AC053550135A845DFD10020DAE72120D8E754
S214017AD003030004100000202DE9F3410C4616466E
S214017AE01F46054628B1D02200210CF043FB04B105
S214017AF016B96FF086042AE063880733B7EBD30F15
S214017B00F7D32388B3F5105F25D1164B05F12C0862
S214017B102046AB623A4643463146FEF791FC0446A0
S214017B20A8B9019001A94046FDF715FEB0B9019A22
S214017B30A2F110011029DCD80B4BCB40DB07D8D5BE
S214017B402846E96B0CF07AFCED6385F85840204630
S214017B5002B0BDE8F0816FF08504F8E76FF092049B
S214017B60F5E700BF00024805010101002DE9F04FCD
S214017B70934620220646BBB00DEB02008A46002142
S214017B801F46449C0CF0F6FA2022002110A80CF0A7
S214017B90F1FA2022002118A80CF0ECFA2822002184
S214017BA020A80CF0E7FA402200212AA80CF0E2FAFD
S214017BB0002E00F09080BAF1000F00F08C80479BF9
S214017BC0002B00F08880B6F80090758809F4E04232
S214017BD0B2F5804F7FD0EA1DBBEBD20F4FEAD20839
S214017BE079D3469B984500F28D8020A80EF061FC63
S214017BF028B16FF0920420463BB0BDE8F08F434AAF
S214017C002190209201AA2290059201220692404AD2
S214017C100DF1080C079205AA0190289007CA8CE876
S214017C20070020A861460EF0A6FC20A80EF074FC02
S214017C300028DED1019A374922F07F428A4201921A
S214017C4002D86FF08504D6E747F21212914512D09A
S214017C5047F241129145F4D1A0453CD8FF2DF0D111
S214017C60469B0334DD1C459A20232B4924F003044C
S214017C7025F003050AE0B5F5807FE2D140252B46C5
S214017C8002342649013724F003042AAA1091002160
S214017C901993CDE91B12CDE913175A4651463046C2
S214017CA008AB15941D95FEF7CBFB04460028A2D120
S214017CB0129B189043F4005320A812930EF0F9FB80
S214017CC0002896D118AB10AA08A920A8FDF765FFD1
S214017CD020B14828B5D06FF086048CE747F212131E
S214017CE099450BD12AAD4246294645980CF0A6FB8C
S214017CF04022214628460CF03DFA4023479BC3F814
S214017D00008078E76FF0890475E700BF000008433C
S214017D100400002001020100200000B020000080C5
S214017D202DE9F04106460D4690461F4696B0002BBB
S214017D303CD020230CA83B600EF0BBFB044620B1D0
S214017D406FF0920016B0BDE8F0811A4B29460D90EF
S214017D5014900E900CA80C930EF0B5FB4FF0010C8E
S214017D6045F00055069606ABCDF81CC0089593E87D
S214017D700700114B8DE8070003ADCDF82480CDF840
S214017D8028C00B9309AB93E8070085E8070069460E
S214017D900CA8FDF74CFE0CA829460EF0ECFB0CA82F
S214017DA00EF0BAFB0028CDD03C60C9E76FF0860024
S214017DB0C8E700BF00040003200000202DE9F743B8
S214017DC099460023884601A9054617460193EFF711
S214017DD009F90446D8B9019EB9F1010F15BFD6F8C5
S214017DE08830D6F8843006F1880006F184009BB905
S214017DF0727A96F85030D20603D5012B21D0042B87
S214017E001FD0053B022B1CD92846EFF7DEF80224CB
S214017E10204603B0BDE8F083FBF79EFE70B14268D2
S214017E20019BD3F8A430C8F8002002893A801A6E64
S214017E30026018662846EFF7C8F8E9E7C8F80000B8
S214017E4038802846EFF7C1F81B24E1E72DE9F8430F
S214017E5012F0030418BF012404EB92048C42074677
S214017E600E4615464FEA8409C2EB84081AD84246E4
S214017E7000210CF07FF9321B0021920007EB09006C
S214017E800CF078F92A46002007EB0801F5F7BCFE4E
S214017E90054620B91CB121463846EFF7FFFD2846B6
S214017EA0BDE8F8836FF00305F9E72DE9F041036BB0
S214017EB0826B92B09A4288BF8363426C436A0768BA
S214017EC00E4602FB0377C36B03A905225B690446D2
S214017ED03846984703A8FBF75DFF01280146307036
S214017EE070D0656CE26B2368606AD2F814C005FB3B
S214017EF00030052208A9E04708A8FBF74BFF012838
S214017F004FF000053CD0D4E90A3201219342CDE975
S214017F100D458DF83C5010958DF8441043D1194607
S214017F202046FBF77BFF236B626C14339B1AE062DF
S214017F3023630E9B1BBB9DF8443003B3636A626CDC
S214017F402568D4F83C8002FB03550C350122D8F88D
S214017F50143001A9284698474FF6FF72019B99B243
S214017F6091420CD16FF30F0343F4254343F0A5036D
S214017F70029301222846D8F8183002A998470E9D88
S214017F80E36B05225B6903A93846984703A8FBF70C
S214017F9001FF30702846236BA26B9A4288BFA36309
S214017FA012B0BDE8F081237C33B91D490DAA04F156
S214017FB00800FBF7BFFEBCE720461A4A0DABFCF7EC
S214017FC0C3F8B6E7237C23BB2246174904F1080011
S214017FD0FBF7B0FE616A2046FCF7CAFF616A421CE5
S214017FE02046FCF7A3FA054620B9236B626C1344BE
S214017FF0143B23632046A16AFBF710FF2368A062A7
S214018000C01A636CB0FBF3F060622046FCF716F909
S214018010B6E700232046054AFCF796F8DAE700BFE4
S214018020494C0100094D0100FB3401004B350100AC
S21401803038B5036804460BB3012B08D0042B14D0C3
S2140180402046BDE83840E82200210CF093B882694A
S2140180500B4B9A42F4D100F120055830F1F779FE26
S21401806068212846EFF7C4FDEAE7D02500F118039A
S2140180702A46002118460CF07DF8E1E738BD00BF1E
S21401808000015005044A054B013800D2704753F8E9
S214018090041B42F8041BF7E7803F00204041000024
S2140180A02DE9F041069E044688461F4615460AB14C
S2140180B003B106B9FEE70021F7F704F9154BDFF81F
S2140180C058E0E41A1E23E410B4FBF3F4E4B24FEADA
S2140180D0841C0EEB841484F801800CF10C08F04427
S2140180E095E80F0088E80F000CF11C05754497E829
S2140180F00F0085E80F000CF12C05754496E80F007B
S21401810085E80F004FF6FF73A38784F83E30BDE87D
S214018110F08100BF000E0020E011002037B5094DA8
S2140181200446094928680CF0BEFAF6F7BDFE074B6F
S21401813001940093C2000123034928680CF0A3FAB6
S21401814003B030BD34110020C016002025EE00001B
S21401815070B5436A04460D461BB111B9826A0F48D1
S2140181609847A38899060ED50C4BDA7D92070AD557
S214018170197D94F86020914205D11B69E26D934206
S21401818024BF0133E365206A836C33B12DB92A46D7
S214018190BDE870400149006C184770BD8011002091
S2140181A00FB407B5074A05A9D2F8343101911BB1BE
S2140181B0D2F838210448984703B05DF804EB04B0C0
S2140181C0704700BFD81900202D8B0200F0B51E4B5A
S2140181D01968EFF31184302383F3118801220B68A9
S2140181E04D681E7DB240013A22EA050292FAA2F3D8
S2140181F0B3FA83F39E4205D884F31188BFF36F8FD9
S2140182001A20F0BD0F7BBE4213D0F61B06F1FF3CD1
S2140182105FFA8CFC9C450CD90123BB40013BB34063
S21401822032EA030314BFB3FA83F32023C3F11F0317
S214018230DBB201229A402A434A60037084F3118814
S214018240BFF36F8F0020DCE75C0B00202DE9F843BD
S214018250436E044613F018060D4644D15907426A88
S2140182603DD4042A3FD9017843F0040381EA122160
S2140182700170417843664A4042704FF0050804F1A8
S2140182803807E26A0023023202F00F02C2F1100040
S214018290404528BF404604EB020C03F1040E70452E
S2140182A00CEB030122D2984229D8E36A0244034424
S2140182B0102AE362A8EB0008054402D0626A9342E2
S2140182C027D1224621463846F2F7ACFA08B30646CD
S2140182D0636E43F0100363663046BDE8F883C36AF5
S2140182E005339342C9D96FF00C06F5E7E9585CF8F7
S2140182F0039081EA09014CF803107346CDE715F89F
S21401830003E091F800C001338CEA0E0C01F801CBB2
S214018310C9E7B8F1000FB4D1E26A636A9A42DBD1C9
S214018320636EC4F82C8043F008036366D4E72DE936
S214018330F04399B004460EA80D4616460EF0B9F85D
S21401834020B16FF0920019B0BDE8F083019005B13D
S2140183505CB335F0030705F0030829D04FF0E0635E
S2140183604FF000090E930123CDF83C90CDF84090D4
S2140183700B940C9347F000530D930BAA05AB07CA59
S21401838083E8070019460EA8CDF858900EF0F3F8CA
S2140183900EA839460EF097F80EA80EF0BDF838B1C3
S2140183A03A46494620460BF0E5FE00233360C8E70F
S2140183B0B8F1000F02D100203560C4E74FF0E0634A
S2140183C04FF000090E9301ABCDF83C90CDF84090EC
S2140183D0089301230993114B08AA0A9302AB07CA13
S2140183E083E8070019460EA8CDF858900EF0C3F89A
S2140183F00EA804210EF067F80EA80EF08DF808B14D
S2140184002A46CEE7019A3C44C300013022FA03F320
S214018410804504F8013BF7D1CDE700BF04000020FA
S2140184202DE9F74F00F4E048B8F5804F82460F4635
S21401843016461D4612D100F44F43B3F5824F02D1C2
S214018440C3B2412B0AD0E90705D56B0847B1FA1D1F
S214018450B3EBD20F05D06FF0860787E02B46F5E722
S214018460DF0080210120FEF7EBF80446002800F02B
S2140184707381EFF737FB0123002204F16809C4E991
S21401848018234846EFF725FB0AF44F43B3F5824F0E
S2140184900BD15FFA8AFABAF1300F37D008D8BAF1A1
S2140184A0120F13D0BAF1170F39D06FF086051FE0FF
S2140184B0BAF1410FF9D1B7F5807F05D0B7F5E07F66
S2140184C000F04581FF2FF0D109212FE040F209236A
S2140184D09F4200F03C8116D8B7F5807F25D00FD893
S2140184E027F02007C02F14BF6FF086056FF08505B3
S2140184F02046F1F7B1F920460DF098FC2F4635E0FD
S214018500B7F5C07FEFE7B7F5047FECE727F0800308
S214018510B3F5807F00F01B81B7F5007FE3E7C02F3E
S21401852000F01581B7F5807FDDE703212046F1F7DE
S214018530A3F9F1F749FA0746002840F00B81B8F590
S214018540804F7DD1B5B9DFF820B25846F1F73CFA35
S21401855005460028CCD149462046F1F751F8F1F7F7
S21401856033FA05460028C3D10C9B1C60384603B07D
S214018570BDE8F08F201DEFF74DFA00F10708204601
S214018580EFF79EFA02284FEAD80830D14545DAD1EE
S2140185902A4631464846EFF73DFC83460028D4D1AB
S2140185A004F17000EFF739FB2378092B15D0012170
S2140185B004F17800EFF7E1FC83460028C5D1204698
S2140185C0EFF77EFA0128C0D132789AB9012DBAD1D7
S2140185D04846EFF7E6FC8346B7E7E9005A464846C1
S2140185E00139EFF7F3FC83460028E0D0ADE7DFF86A
S2140185F070B1E4E708F1010A55450190A3D342465C
S2140186004846711CEFF73BFC834600289DD1019B31
S21401861004F178001946EFF7B0FC8346002894D1A0
S2140186203378042B8FD14FEA480301339D428AD118
S214018630424606EB0A0104F17000EFF720FCCAE798
S21401864094F8009020464946F1F716F9804600282E
S21401865079D12046EFF734FA0228824654D1B9F18F
S214018660090F30D1202D70D104F160092A46314618
S2140186704846EFF7CFFB0246F0B901464846EFF70A
S214018680A5FC0246C0B901214846EFF79FFC024609
S21401869090B951464846EFF799FC024660B9FF216A
S2140186A04846EFF793FC024630B90122FE214846C0
S2140186B0EFF78CFC024648B304F160000192EFF735
S2140186C0ACFA019A38E0B9F10D0F1DD1382D3CD125
S2140186D004F160092A4631464846EFF79BFB0246FD
S2140186E00028E9D101464846EFF770FC024600280B
S2140186F0E2D101214846EFF769FC02460028DBD1AA
S214018700012240F2BF11D2E7DFF854802046EFF78E
S214018710D7F9012804F1600910D12A4631464846A6
S214018720EFF7ADFB02460028C6D149462046EFF7D3
S214018730F3F902460028BFD1104610E7B8F1000F42
S214018740F3D0074AB8E70246F6E7064AF4E76FF0C1
S2140187508505CDE60546CBE66FF08C0706E700BF3C
S21401876080B1FFFF80B3FFFF80B0FFFF2DE9F04728
S214018770C3F34508B8FA88FA0C4615464FEA5A1A62
S21401878007465246294620461E46EFF787FA48BB5B
S21401879004F108095246484605F10801EFF77EFA4A
S2140187A000BB08F1FF33D3F1000848EB030842464B
S2140187B0204605F11801EFF771FA98B94246484686
S2140187C005F12001EFF76AFA60B921463846F20949
S2140187D0EFF7BFFD30B904F110000121BDE8F04705
S2140187E0EFF7CBBBBDE8F08738B50C46054601214F
S2140187F02046EFF714FC28B921462846BDE8384044
S214018800EFF7D3BC38BD2DE9F0479EB08946154633
S2140188101E460446DDF89880002871D000296FD0E6
S214018820002B6DD0B8F1000F6AD0364B1BAF03603A
S214018830002339464360036283604846FDF73FF8EC
S21401884000285AD120461B990DF03DFE10212046E6
S2140188500DF039FE4FF0010A4FF0005369462046ED
S214018860CDF804A00293FDF7E2F8484603A9FDF708
S214018870B8F8002841D1DFF89090204603A9FDF70B
S214018880D6F81B9506ABCDF870A0CDF8749097E896
S214018890070083E80700189618AACDF864A009AE69
S2140188A0CDF8689007CA86E8070019462046FDF706
S2140188B0BEF831462046FDF7BAF8CDF854800CAB29
S2140188C0CDF858A015AACDF85C9007CA83E8070032
S2140188D0129512AACDF84CA00FADCDF8509007CA4C
S2140188E085E80700194620460DF045FE2046294634
S2140188F00DF041FE20460DF00FFE1EB0BDE8F087DC
S2140189002120FAE7030200041000002030B5204DB4
S214018910D5E905340AB38B4200D089BB2B6993B3E2
S21401892040B92B681A78D20707D5DA8822B103EB4B
S214018930C203F7E70346F5E713468C4200D0B1B908
S2140189402A69CAB1002818BF04462278D2070ED574
S214018950A2888AB1A4EBC204F7E78B420AD083420D
S21401896028BF03468C4209D0844238BF0446C5E975
S214018970053430BD0346F5E71446F8E70446F6E746
S2140189808C42F4D1DCE78C42D9D11C46EFE700BF1C
S214018990981900202DE9F74399466B4B06460029A6
S2140189A014BF0F461F4697F80031904623B10425A1
S2140189B0284603B0BDE8F08311463846EEF7B4F911
S2140189C00546002861D1A821012003F077FD044661
S2140189D000285CD040F201138381022380F80990BD
S2140189E080F8503080F808804581C57305606420A2
S2140189F00DF018FBB8F1010F94BF00230123C4E961
S214018A00265584F8A030C4E921553B68C4E92355AE
S214018A106061C4F8A470C4F8945023603C60384682
S214018A200023016809B10A680ABB002BF7D1EFF3EE
S214018A301182302181F31188012186F80480B1600A
S214018A40346082F31188BFF36F8FD7F88420013228
S214018A50C7F88420EBB1122B72D141463846EEF7A7
S214018A6063F990F85030012BA1D12E25A0E791F89B
S214018A7008C0157AAC4529BF1368084611600B601B
S214018A8022BF026001231046CBE71223DDE71A233B
S214018A90DBE740F20113D6F800803046A8F80C3028
S214018AA001A9EEF79FFA054628B1022440460DF0CB
S214018AB0BDF925467CE7019F3A7B7B7B934201D13A
S214018AC0012B04D03046EEF780FA2124EEE797F822
S214018AD05030013B042B31D8DFE803F02603302663
S214018AE00800397AB9B9052387F850300024304692
S214018AF0EEF76BFA0CB1052CD8D198F80930D8F8F6
S214018B00A42043F0100388F80930D2F884300133EA
S214018B10C2F884304CE7D7F8A40098B190F8D13069
S214018B2023B9012387F850300524E0E70122C0303D
S214018B30EEF72EFE04460028F3D0D8E70224D6E747
S214018B40192535E7437CFFDEE43F00202DE9F04F91
S214018B509A468BB09DF85030DFF854B10293DBF89B
S214018B601030804653450D461646C0F09A80D146D1
S214018B70DBF804300193B9F1000F00F08E80D8F8CD
S214018B803C3001225B6907A901989847079BDBF8EF
S214018B900010C3F3D312914240F0868013F07E0F8B
S214018BA01CD1D8F83C3002225B6908A90198984785
S214018BB008A8FBF7E0F808270446019B029A3B4405
S214018BC0002A3BD1A6420FD9361B144640460199CE
S214018BD0FBF724F9A9EB04090190CCE707A8FBF7FA
S214018BE0CAF804270446E8E7A41B544528BF5446A0
S214018BF0032C03EB0607AAEB040A1DD9D8F83C3070
S214018C00294638465B69A208984724F0030304F016
S214018C1003061F441D44002ED8D0D8F83C3001224C
S214018C205B6908A9384698473246284608A935445C
S214018C300BF004FC0026C9E72646ECE7274604F0BD
S214018C400302039223442A1904920593049BDD1B15
S214018C50059BD81B039B9F420FD1002FB6D0D8F897
S214018C603C30012208A95B6998473A46284608A97C
S214018C700CF029FC78B93D44A8E7D8F83C3001222D
S214018C8008A95B6998470422284608A90CF01BFC32
S214018C9008B9043FDAE74FF0360948460BB0BDE89D
S214018CA0F08F4FF06309F8E74FF06F09F5E700BF63
S214018CB0F83200200279FF2A02D043691AB93BB183
S214018CC06FF0860070476FF04042013B9342F7D247
S214018CD0836823F47F4323F00303002BF0D14FF680
S214018CE0F87342889A428CBF6FF085000020704767
S214018CF070B550B349B30368994226D3D0E902420E
S214018D0004FB0233994220D2EFF31186302383F31A
S214018D1011880B685C1C0ED00468A3420ED3D0E900
S214018D20025205FB0245AB4208D21B1BB3FBF2F411
S214018D3002FB143313B943685A1C07D143680B600E
S214018D40416086F31188BFF36F8F70BD9942F8D0EA
S214018D501B68F1E720F0FF03B3F5E24F0ED1C0B276
S214018D6041280BD1FF2A09D10B7823F007030B709A
S214018D70CB7F03F07F0343F04003CB77704773B597
S214018D80002504468DF8075020466169FAF798FFDA
S214018D90266B864209D2236AB5EB430F05D22046DD
S214018DA00DF10701FFF781F850B19DF80730012B4F
S214018DB004D120460DF10701FFF777F802B070BD28
S214018DC00135E1E7F8B5037F0746022B0D46164647
S214018DD011D0F7F723FE044610B103242046F8BD50
S214018DE02E44AE42FAD0384615F8011BF7F7ECFDD3
S214018DF00028F6D0F1E70D24F0E72DE9F047044608
S214018E00F7F7BCFC20BB2046F7F7E4FC94F8347077
S214018E100B2604EB8709D9F83880D9F820A04546F7
S214018E20554508D03A4629462046F7F754FC030430
S214018E3010D5A8450ED0C9F838502046F7F798FD4A
S214018E40002384F835304FF6FF736569E386ADB9C4
S214018E50BDE8F087C0F30D002946821C3B4620463C
S214018E60F7F7CBFB013E16F0FF060546D8D140F2D8
S214018E704531064B064A074802F086FE23463A4627
S214018E804146AC46A069BDE8F04760471C8D02002C
S214018E908E8F0200AD8B02002DE9F843044690F850
S214018EA0346000EB8607D7F82080656C454525645D
S214018EB021D0324629462046F7F70DFC030402D599
S214018EC0BB6B9D4217D1C0F30D00821C3346294669
S214018ED02046F7F792FB3346814660640222294614
S214018EE02046F7F78AFB8145A064DED0012384F88B
S214018EF03530BDE8F8830323F9E770B506460C461E
S214018F008D18AC4200D170BD304614F8012B0249D1
S214018F10FEF78EFCF5E700BF898F02008388C288C2
S214018F2010B59C1C944204D80268D152838802333F
S214018F30838010BD10B50A7A0446012A02D0022A9F
S214018F4004D010BD0988BDE81040E7E78388E288B1
S214018F5003F108009042F4D820681844F7F7EBF9BB
S214018F60A3880833A380ECE7F7F77EBDF7F77CBD4F
S214018F70F0B5304B85B018680DF102010BF047FCD7
S214018F80F5F72BFE2C4B2D4E93F9004093F901502B
S214018F90C0B9BDF802300B3BF218F05692F910300A
S214018FA09842A8BF18467F2D04D07F2C3FD0AC42F4
S214018FB0B8BF2C46A04203DB7F2C14BF20460020FE
S214018FC005B0F0BD1E4B02AF93E8070004AB03E902
S214018FD007007F230021184637F8022F7F2CA2F1C5
S214018FE00B0216F902C005D07F2B1CD0A342B8BFD6
S214018FF023465BB2324492F910206245A8BF62460E
S2140190008242A8BF02467F2D50B205D07F2B0CD0DE
S214019010AB42B8BF2B465BB24A1C022A4FF0010195
S214019020DAD11C46C6E72346E4E72B46F4E72C468E
S214019030C0E700BF34110020A5130020A7130020AD
S2140190406011002008B5054B01461870044B1868DE
S2140190500BF0A5FD00B1FEE708BD00BF44110020DE
S21401906034110020024B014618680BF0BABC00BF51
S21401907034110020014B186803F032BC3411002073
S214019080024B0122002118680BF0F8BA34110020B7
S2140190900368012B04D1034B034918680BF003BB8B
S2140190A0704700BF34110020C016002000887047AA
S2140190B008B5FFF7FBFF10F4807F0CBF03200220EA
S2140190C008BDF8B50746FFF7F3FF04463846FFF735
S2140190D0EDFF06460D46F6F71FFBC6F3812204EBAD
S2140190E04003022ADBB203D0032A06D00020F8BDD3
S2140190F0FB5A2B8001232B72F8E7F9182846F7F75D
S2140191001AF90223F7E7F8B50746FFF7CFFF05463A
S2140191103846FFF7CDFF044628460E46F6F7FCFA1A
S214019120C5F3812304EB4004022BE4B210D0032BD9
S21401913011D02846F6F71FFBC5F3813504EB400432
S214019140022DE4B209D0032D0DD095B10620F8BD4D
S2140191500234E4B2EDE70834FBE73B5B33800123DE
S21401916033720020F3E730463919F7F7E4F80223A3
S214019170F6E73572F5E71FB500230C46006801A92E
S2140191808DF80C30FFF7BFFF38B99DF80C30012B76
S21401919005D0022B08D003B9237204B010BD237288
S2140191A0BDF804302380F8E7237201AB03CB2060BF
S2140191B06160F2E708B5FFF779FFC0F3C00008BDAC
S2140191C010B500F0FE44B4F1A06F084C08BF20F4BF
S2140191D07E10A04202D06FF0850010BD0220B1F5CE
S2140191E0105F1070F7D118700020F6E700404004B9
S2140191F08B4228BF0B462DE9F04FA1EB030B03F082
S2140192000707DB084FEA431E02EB431C05461346DD
S2140192104FF00008099C634505F1200511D14FEA7E
S214019220870C00EB0E0503EB8707821ABB4240F062
S214019230828005EB0C03BBF1010B80F08C80BDE84E
S214019240F08F1E6855F8201CA6FB046916EB08066D
S21401925049F10009761845F8206C5E6855F81C1C23
S214019260A6FB04A849F1000616EB0A0648F1000819
S214019270761845F81C6C9E6848F10008A6FB04A603
S21401928018EB0A0846F1000955F8186C55F8141C35
S21401929018EB060645F8186CDE6803F12003A6FBFA
S2140192A004A849F1000616EB0A0648F100087618EC
S2140192B045F8146C53F8106C48F10008A6FB04A698
S2140192C018EB0A0846F1000955F8106C55F80C1C05
S2140192D018EB060645F8106C53F80C6CA6FB04A8B0
S2140192E049F1000616EB0A0648F10008761845F81B
S2140192F00C6C53F8086C48F10008A6FB04A618EBA2
S2140193000A0846F1000955F8086C55F8041C18EBD4
S214019310060645F8086C53F8046CA6FB04A849F148
S214019320000616EB0A0648F10008761848F1000810
S21401933045F8046C6FE79E465EF8040BA0FB040636
S21401934010EB080046F100089E588019985048F125
S214019350000873466AE71A6812EB08022CBF4FF042
S21401936001084FF00008B8F1000818BF4FF00108D7
S21401937043F8042B5FE7002307B506481A46006842
S21401938001A9F0F76EFC10B90198F5F74DFA03B094
S2140193905DF804FBB40C0020AAE409B1C06EFBE73B
S2140193A07047034608B900207047EFF31182302159
S2140193B081F311884068411C04D182F31188BFF300
S2140193C06F8FF0E70168596082F31188BFF36F8FE2
S2140193D07047F7B506460F46C9B1C06EFFF7E1FF05
S2140193E00546B0B10122304601A9EDF735FE044627
S2140193F030B129463046FFF7D0FF204603B0F0BD16
S214019400019BC3E90050988118773B60F5E7222459
S214019410F3E71A24F1E710B5EFF31184302383F351
S2140194201188037C23B184F31188BFF36F8F10BDBD
S2140194308368C260416003F140021B6C53B903604C
S2140194401060826892F84430013382F84430012378
S2140194500374E8E71A461B68F0E737B504460522A9
S214019460D0F8A40001A9EDF7F7FDB0B9019B5C6146
S214019470227A5A74E27A62F07F021A74EFF3118547
S214019480302383F31188D4F8A40001990830EDF74E
S214019490E5FE85F31188BFF36F8F03B030BD0A7CFC
S2140194A010B57F2A4FEA921398BF0023EFF3118479
S2140194B0302282F311881BB9437B43B990300BE00D
S2140194C0032B10D1837B73B90123837301E0013B26
S2140194D04373D0F8A4000830EDF7C0FE84F311887A
S2140194E0BFF36F8F10BD9430F6E7053803288CBFA5
S2140194F000200120704708B5C36800209847034B39
S2140195001868BDE808400CF093BF00BF9C320020ED
S2140195107FB50C46054658B390F8343053B3164E13
S2140195200121FAF7FAFB3246284614490DF10F03DA
S214019530FAF7B7FE0246B8B99DF80F30012B0ED1E7
S2140195403369082B12D1214600902846FFF7FEFA10
S2140195500446E86BFFF7CFFF204604B070BD022B30
S2140195600CBF60242D24F4E72D24F2E76324F0E7F2
S2140195702124F1E71124EFE7F832002000710800FA
S214019580F8B50446EFF31186302383F311888C3047
S214019590EDF75AFE054620B986F31188BFF36F8FA3
S2140195A0F8BD837C00F130073BB101338374D4F8F6
S2140195B08C300363C4F88C70EEE704F130000CF0D5
S2140195C01FFE86F31188BFF36F8FAE682EB9296828
S2140195D0D4F8A400FFF7E1FE2E60EFF311813023EB
S2140195E083F31188AB7CD4F8A4200133AB74936861
S2140195F02B639760237C01332374E37B013BE37386
S21401960081F31188BFF36F8FD4F8A420D2F8AC3061
S2140196100133C2F8AC30C3E72DE9F04792B00446F7
S214019620DDE91B65DDE91D789246894629B96FF0AB
S2140196308604204612B0BDE8F087002AF7D0002E37
S214019640F5D00DB9002FF2D1B8F1000FEFD0238875
S214019650B3F5105F4BD12822002108A80AF08AFD35
S2140196602022002168460AF085FD08A80CF021FF9B
S21401967010B16FF09204DCE720466B46524649462D
S214019680FCF7DEFE04460028D3D1009B103B102BCE
S214019690CDD8184A22FA03F3DB07C8D5AE421FD24B
S2140196A006F110039D421BD20F2FC0D9314610225E
S2140196B028460AF072FE2E4632462B46694608A810
S2140196C0FEF7E0F8064670B139462846FCF740F842
S2140196D00023012EC8F80030CBD16FF08B04A8E729
S2140196E00F2FE9D8A3E71023C8F80030A1E76FF0E1
S2140196F085049EE7010101002DE9F04FA7B00F4652
S214019700DDE9339815469B460446002800F0B680EE
S214019710002900F0B380359B002B00F0AF80319B11
S2140197201BB1309B002B00F0A9803DB1329B002B72
S21401973000F0A480B9F1000F00F0A080A8F10403A6
S2140197400C2B00F29B803B68103B102B00F296809E
S2140197504B4A22FA03F3DB0740F19080494B0DF1A7
S2140197608C0A43EA08232360002351466360236280
S214019770A3603846FCF7A3F8034600287AD12046B2
S21401978023990CF0A0FE204631990CF09CFE294648
S21401979020460CF098FE01264FF00053204602A901
S2140197A003960493FCF743F9384605A9FCF719F923
S2140197B0034600285ED1204605A9FCF738F9324B4E
S2140197C0CDF88CB02496259308AB9AE8070083E879
S2140197D0070019462046FCF72AF9309B20AA209359
S2140197E0319B219643F0005322930BAB07CA83E8C3
S2140197F0070019462046FCF71AF9329B45F0005738
S2140198001D931DAA1E960EAB1F9707CA83E8070075
S21401981019462046FCF70BF9359B1AAA1A9348F00D
S21401982000531B961C9311AB07CA83E80700194621
S2140198302046FCF7FCF8CDF85C9014AB189617AAF6
S214019840199707CA83E80700B9F1000F03D1169AE2
S21401985042F080421692194620460CF08CFE2046B5
S2140198600CF05AFE034628B1019029464846FBF7FC
S2140198706FFF019B184627B0BDE8F08F2123F9E75B
S21401988001010100000003040C0000202DE9F04F47
S214019890ADF5757D07468846934600211822BAA87D
S2140198A099460AF067FC00219F4BD0221C68B0AE97
S2140198B03160C0A80AF05EFC4FF480723146204643
S2140198C09A4BF0F7CEF9054650B931684868D1E9A8
S2140198D00823000A17D0964CA04220D06FF08605C8
S2140198E03068F4F7A1FF044635BB924BBB939DF855
S2140198F0FC3243F010038DF8FC3210B320460DF510
S214019900757DBDE8F08F0420BA90C0A8FEF7E4F894
S21401991010F1860F054608D10123BA93E0E704202B
S214019920BA90C0A8FEF7D8F805463368002DD7D1FF
S2140199301B88ADF8F032D3E7BAA8FEF779FB2C46C0
S214019940DCE7BA9B002B00F08A809DF8FC2212F01F
S2140199500E0F40F08480012B04D0042B75D06FF0DD
S2140199608604A5E0744BC09A9A421AD19DF8073333
S214019970022B67D0102B65D8DC0763D40522CDE90E
S214019980CB23DB9BC2A843F00203CDF82893CD95E9
S214019990DB93F1F7CAFAF0F717F80446002840F00F
S2140199A087800523CDE9BD399DF8FC32BA9A43F08C
S2140199B002038DF8FC32002A51D09DF8FC32D907FB
S2140199C04DD4BB9B5D4923F47E138B4203D001F536
S2140199D080718B42C3D1012A58D0042ABFD1DD9BA6
S2140199E0002B3CD138687968D9AB03C3B8681860D6
S2140199F00C23DD939DF8FC32BA9A43F001038DF8EF
S214019A00FC3262B39DF8FC3203F00901012926D12C
S214019A109B0754D5BD9B042BA1D9053BBD93012AB9
S214019A2052D0042A9BD1B8F1000F98D0CA9BB3B18B
S214019A30DDE9D332134312D105224146CAA8FCF709
S214019A40F3F94BE06FF00C00A5E7CA9B3B4923F402
S214019A507E128A4206D001F580718A4205D06FF0E7
S214019A60880425E0D8033FF57AAF13F4701F3FF45E
S214019A7076AFC3F30543102B3FF671AFDDE9D33262
S214019A801343ECD10523CDE9D7398AE72A4BC09A8F
S214019A909A4231D19DF806130C233A4601F0010192
S214019AA0C2A8F1F781FAEFF78FFF04460028A1D08C
S214019AB0BAA8FEF7BDFABAA8FEF7BAFA1EE71E4B19
S214019AC0BB999942ABD1CAE71B4BC09A9A4213D1B4
S214019AD04146C2A8FEF7BAFBEFF776FF0446002818
S214019AE0E6D19DF8FC32BA9A43F004038DF8FC32B5
S214019AF02AB96FF088060FE06FF08504D8E79DF865
S214019B00FC32DF07F5D59D072ED5BD9B13B9BE9B4D
S214019B10994515D96FF08606BAA8FEF789FABAA84C
S214019B20FEF786FA3446E9E6B40C00200002480542
S214019B3002008000000250050001500500014005AA
S214019B40A3EB0903BE93012A13D0042AE2D12822EB
S214019B50002130460AF00EFB30460CF0AAFC054602
S214019B6030B36FF09206D7E7A94BBB999942EAD179
S214019B70BFE7A74BC09A9A4240F0BB83DB9BD8064F
S214019B8013D4CC9B23B1CD9BCA9A4B4493420CD899
S214019B905B464A465946C2A8F1F73AFAEFF714FF70
S214019BA006460028B8D14D4620E06FF00C00F5E7D8
S214019BB0CA9B984A23F47E13934208D19DF8A63394
S214019BC0934F4B4499450BD26FF08906A4E7924A0E
S214019BD0934240F08E839DF8C833904F102BF0D1FE
S214019BE0BBF1000F0FD1B9F1000F93D19DF8FC32F4
S214019BF0BA9E43F008038DF8FC32002E40F07C83B9
S214019C006FF08804AFE3B9F1000FEFD0DDE9D3239D
S214019C101A4307D11146CAA8FCF706F906460028DA
S214019C207FF47AAF7A4B9F4200F09C82DDE9D63210
S214019C3013EB090352F100024FF0000128BF012186
S214019C4000298ED16FF01F0098424FF00F03934109
S214019C5087D39DF8C86316F0EF0F00F0098109EB72
S214019C6006030DF56E7E0F2BB6440FD84A465946AD
S214019C7070460AF0E3FB9DF8C883C8445FFA88F88B
S214019C808DF8C883D49B4B44D493AFE7102BE6AF33
S214019C900AD1B8460DF55E7CB8E80F00ACE80F00B7
S214019CA098E80F008CE80F00C6F11003DBB21A46E5
S214019CB05946704604930AF0C1FB5F979DF8CA3374
S214019CC0574F58494FF00108002B08BF3946CDF8C9
S214019CD080810DF1B00C61915FAA07CA8CE807007C
S214019CE0DFF84CC1EEA95C915CAACDF874810DF148
S214019CF0BC0ACDF878C107CA8AE80700CDF864B176
S214019D0059AACDF86881CDF86CC10DF1C80C07CA07
S214019D108CE80700E6A9569156AACDF85C815897BB
S214019D2035AF07CA87E807009DF8C9033E493F4A91
S214019D30404508BF0A46002B0CBF032343461A437F
S214019D400023ACA9CBA8B193B092B293B893FBF71A
S214019D50B6FD059000287FF404AFAC99B0A80CF0CE
S214019D60B2FB059BB0A819460CF0ADFB1021B0A8BC
S214019D700CF0A9FB4FF0005338A9B0A8CDF8E48049
S214019D803A93FBF754FE3BA9CBA8FBF72AFE002823
S214019D907FF4E7AE3BA9B0A8FBF749FE2CA9B0A813
S214019DA0FBF745FE5146B0A8FBF741FE32A9B0A825
S214019DB00CF0E1FBB0A839460CF0DDFBB0A80CF0C6
S214019DC0ABFB20B12021E6A8FBF7BAFCC9E6D69B7F
S214019DD0D79A103342F10002CDE9D6329DF8C83346
S214019DE08DF8CA034B44102B03D110258DF8C833C8
S214019DF048E7049BA9EB03070F2F1BD81946103E13
S214019E003A465944EEA84E440AF018FBF3B2ECE782
S214019E100001500500014005000240050002500502
S214019E20200000200C0000200000030400000204B3
S214019E30100000200BF11003059310238DF8C803C2
S214019E400693049B17F00F020BEB03061BD0102F93
S214019E505FFA87F811D927F00F07F9185944EEA8C9
S214019E6008F00F080AF0EAFA8DF8C8835E46C4E0E7
S214019E704F46CDE905B10491E3E73A463146EEA8EF
S214019E800AF0DCFAFCE6102F00F04B81A7F1100572
S214019E9072199DF8CAE3EEAB02F110089C461068F1
S214019EA051680832ACE8030042456346F6D14FF0EC
S214019EB01003A8498DF8C833A74B4FF00108BEF12F
S214019EC0000F08BF19460DF5667ACDF84CA10DF1C5
S214019ED0680CCDF8508153AA559107CA8CE8070043
S214019EE0509645F00056CDF844810DF1740C52960B
S214019EF050AA07CA8CE8070005994DAA4D91CDF8DE
S214019F0038814F9620AE07CA86E80700CDF828A10B
S214019F104AAACDF82C8123AE4C9307CA8F4B86E80C
S214019F2007008F4A9DF8C913CBA8414508BF1346C1
S214019F30BEF1000F0CBF032242461343B093002329
S214019F40ACA9B193B893B293FBF7B9FC079000287C
S214019F507FF407AEAC99B0A80CF0B5FA079BB0A891
S214019F6019460CF0B0FA2946B0A80CF0ACFA4FF03E
S214019F70005326A9B0A8CDF89C802893FBF757FD7F
S214019F8029A9CBA8FBF72DFD00287FF4EAAD29A966
S214019F90B0A8FBF74CFD1AA9B0A8FBF748FD1DA910
S214019FA0B0A8FBF744FD20A9B0A80CF0E4FAB0A8CD
S214019FB031460CF0E0FAB0A80CF0AEFA00287FF4B7
S214019FC001AF059BD79A2B440593D69B8DF8CA0300
S214019FD05B1942F10002CDE9D632069B0BEB050672
S214019FE01F44A7F110035746DEAD06930FCF0FC5EA
S214019FF097E80F00102785E80F00D69BD79ADB1944
S21401A00042F10002CDE9D632534D9DF8CA3351498B
S21401A0104FF0010A002B08BF29460DF5667CCDF8E6
S21401A0201CC10DF1200ECDF820A147AA499107CAFF
S21401A0308EE80700049944AA0E44449647F0005659
S21401A040CDF814A10DF12C08469607CA88E807003A
S21401A050059941AA4191CDF808A143960EAE07CACB
S21401A06086E80700CDF8F8C03EAACDF8FCA04095DA
S21401A07011AD07CA85E807009DF8C9033849374A74
S21401A080504508BF0A46002B0CBF032353461A430C
S21401A0900023ACA9CBA8B193B092B293B893FBF7C7
S21401A0A00EFC049000287FF45CADAC99B0A80CF0CF
S21401A0B00AFA049BB0A819460CF005FA3946B0A86E
S21401A0C00CF001FA4FF0005314A9B0A8CDF854A033
S21401A0D01693FBF7ACFC17A9CBA8FBF782FC00286C
S21401A0E07FF43FAD17A9B0A8FBF7A1FC08A9B0A85B
S21401A0F0FBF79DFC4146B0A8FBF799FC3146B0A89A
S21401A1000CF039FAB0A829460CF035FAB0A80CF0D4
S21401A11003FA00287FF456AE069D8DF8CA033D4427
S21401A120B0E5DEAD0DF5667CBCE80F000FC59CE81A
S21401A1300F0085E80F00EEAB06F110051A463068F1
S21401A1407168083603C2AE421346F7D110238DF864
S21401A150C8338BE60C00002020000020000002041B
S21401A1600000030410220021A4A80AF003F810221C
S21401A1700021A8A809F0FEFF10220021ACA809F0D2
S21401A180F9FFD69B19EB030213462CBF01250025C8
S21401A190BFF4E7ACD79A93423FF6E3AC96490BEB94
S21401A1A0090088423FF6DDAC9DF8A60309EB000ADC
S21401A1B0BAF10F0F0ED893420CD00DF29633184415
S21401A1C04A4659460AF03AF99DF8A6334B448DF8AB
S21401A1D0A63357E55F46CDF810B0ACAEBAF1100F16
S21401A1E04FF010024FF000013046D04628BF4FF026
S21401A1F0100809F0BFFF9DF8A633002B62D0102B84
S21401A2003FF6AFAC1A460DF29631304605930AF08A
S21401A21015F9059B3946C3F11002F01805920AF0AC
S21401A2200DF94FF00003059A8DF8A63317449DF8F3
S21401A2307433002B4DD0049B4246CDE90163A8AB95
S21401A2400093CBA90DF27533B0A8FDF77BFB9DF803
S21401A25074230346012A16D110220021304609F044
S21401A26089FF4246049930460AF0E8F8A4AB009309
S21401A2700DF286323346CBA9B0A8FEF7C4FA0346E0
S21401A28000287FF46EACD699049808EB0102D692AA
S21401A290AAEB080240440F2A4544049027D8D798D1
S21401A2A05144814221D039460DF29630CDE904233E
S21401A2B00AF0C4F8049A059B8DF8A623002B3FF4F8
S21401A2C0E1AC4EE43946424630460AF0B7F8474418
S21401A2D0ADE7A4AB00930DF286323346CBA9B0A806
S21401A2E0FEF791FA0028A6D03BE4002AE6D0924673
S21401A2F074E76FF085060FE49DF8FC32D9074CD55C
S21401A3009A0707D5DDE9BD210A4303D06FF086041D
S21401A310002628E013F010033FD0012E0FD0042EA4
S21401A320F4D128220021B0A809F024FFCA9FC7F360
S21401A3300548B8F1080F27D96FF08904E8E79DF8BA
S21401A3400723082AF8D82D4BC099994240F09682E7
S21401A350FE99C2A8F0F7A8FDEFF736FB04460028E1
S21401A360D6D19DF80763FE9B2121C6F108029819F4
S21401A37009F000FFBAA8FDF75BFE002C7FF49BAB4B
S21401A380FEF7F9FFFFF7BABAA9EB0509B9F1FF0F16
S21401A390BCD8FE9B002BB9D017B96FF08804B7E77D
S21401A3A0DDE9D3631E4307D132463146CAA8FBF71F
S21401A3B03BFD08B10446D6E7CA9B114A23F47E1337
S21401A3C0934212D002F58072934211D0B3F1052F59
S21401A3D00C4B14BF4FF0000A9A46B0A80CF069F86F
S21401A3E0064698B16FF0920492E7DFF810A0F4E702
S21401A3F0DFF814A0F1E700BF0000012000015005BE
S21401A400000140050005100500025005804B9A45E5
S21401A41000F0CA8103F580739A4540F027829DF8C3
S21401A420C933002B40F0268217F4701F00F02382F8
S21401A4309DF8C873102F04D05FFA89F9B945C0F0AA
S21401A4401A8217F00F0C14BF3B460023D69AD799F1
S21401A4509B1841F10001DDE9D82E52EA0E00CDE944
S21401A460D63115D053EA010012D1DAA94246FE9838
S21401A47009F0E4FF1021DAA8FBF762F94646B0A816
S21401A4800CF017F80028ADD1002C18BF00266AE79B
S21401A4909DF8CA035D4440B952EA0E0040F0C280FE
S21401A4A0A3F11000084340F0BD800F2F04D827B158
S21401A4B01DB94FF0210BA6E0A8ADCB9B103B102B8E
S21401A4C0F7D8544A22FA03F3DB07F2D5524B0DF5BF
S21401A4D02C79B09300234946CBA8B193B893B29395
S21401A4E0FBF7EDF98346002840F08D804FF0010917
S21401A4F04FF0005AAC99B0A80BF0E5FF5946B0A84A
S21401A5000BF0E1FF3946B0A80BF0DDFF83A9B0A838
S21401A510CDF81092CDF814A2FBF789FA86A9CBA83C
S21401A520FBF75FFA834600286DD186A9B0A8FBF732
S21401A5307EFAE6AA9892394ACDF864920DF5097C1E
S21401A54098AB9A9293E807008CE807006146B0A89A
S21401A550FBF76DFACDF86CB20DF50C7CCDF8709268
S21401A5609BABCDF874A293E807008CE80700614620
S21401A570B0A8FBF75CFA47EA0A0AEEAA9E929EABDF
S21401A580CDF87C920DF50F7CCDF880A293E80700FC
S21401A5908CE807006146B0A8FBF749FAA195A1AA85
S21401A5A0CDF8889292ABCDF88CA207CA83E8070053
S21401A5B01DB99A6842F080429A601946B0A80BF01D
S21401A5C0DAFF01220DF52C79CDF89092A592144A66
S21401A5D00DF5157CA4ABA69293E807008CE807005E
S21401A5E06146B0A80BF0C7FFB0A80BF095FF8346F5
S21401A5F028B942464946FE9809F020FF3EE739460B
S21401A6002846FBF7A5F84146FE98FBF7A1F8C3E0FC
S21401A6100001500501010100000002040C000020A9
S21401A62010000020500FD20040EACE0012BAA992C4
S21401A6305A0FDB001BBAAB93EEAB7793012342EACA
S21401A640C102789312BA47F0005300BA79930DF518
S21401A650C479AA9277AA0DF5287ECEF8000007CA1B
S21401A66089E80700BCF1000F40F09C80002F00F045
S21401A6709980DEA94FF0010C7A918249CDF8ECC1A0
S21401A6807AAA7C910DF5CA7907CA89E807007E493E
S21401A690CDF8F4E17DAACDF8F8C10DF5D07E7F9115
S21401A6A007CA102F8EE80700809580AACDF804C24D
S21401A6B082936BAB07CA83E8070005D100221A60B4
S21401A6C09A6842F080429A604FF0010AFE9AACAB5B
S21401A6D0AC9248F00052CDF8B4A2AE9293E80700CF
S21401A6E06A4B6EAD43EA0823B093002385E8070062
S21401A6F0A4A9CBA8B193B893B293FBF7E0F883462D
S21401A700002849D1A499B0A80BF0DDFE5946B0A89F
S21401A7100BF0D9FE3946B0A80BF0D5FE4FF000532A
S21401A72071A9B0A8CDF8C8A17393FBF780F974A9F5
S21401A730CBA8FBF756F9834670BB74A9B0A8FBF704
S21401A74076F94946B0A8FBF772F962A9B0A8FBF7FB
S21401A7506EF968A9B0A8FBF76AF99DF8C9335345A5
S21401A76003D12946B0A8FBF762F96BA9B0A80BF094
S21401A77002FF9DF8C9331BB96EA9B0A80BF0FBFE0A
S21401A780B0A80BF0C9FE834600283FF477AE9DF8CB
S21401A790C933002B3FF437AFBBF1210F6BD06FF0FD
S21401A7A092046CE6E6A965E79DF87433002B61D147
S21401A7B00DF5247A014610225046A8AD09F0DAFCC0
S21401A7C010223146284609F0D5FCDC9FB84552D305
S21401A7D09DF8A6335FFA89F94B454CD89DF8852339
S21401A7E0D8A9C2F10E030DF291208DF8903209F02E
S21401A7F025FEACAB10223146184609F0BBFC0DF223
S21401A8008632CDE9000253463A460295CBA9B0A856
S21401A810FDF798F8834690B99DF87433DC9A012BBE
S21401A8201FD12F460346FE9902EB010C8C4510D131
S21401A8302BB11146FE98FAF78BFF4FF02C0B102127
S21401A8402846FAF77DFFDC9BBBF1000FA4D11E461C
S21401A85015E611F8010B17F801EB80EA0E00034329
S21401A860E4E72946FE9809F0E9FDE8E708266FF0D7
S21401A870850404E608266FF0860400E66FF085047A
S21401A88046E500BF20000020100000200200020460
S21401A8902DE9F04FA1B08946DDE92B540746CDE9F5
S21401A8A007232D9E00283AD0B0F800A00AF4E04312
S21401A8B0B3F5005F36D10AF4E062B2F5806F31D1AC
S21401A8C0072C2CD94FF00808099345B3A4EB0804CC
S21401A8D005EB040B424659460AA809F0AFFDB9F14B
S21401A8E0000F1CD02A9BD3B1099B0EB92E9AB2B980
S21401A8F02F9AA2B1B3F5005F17D10AF4E063A3F56E
S21401A900806253425341DB00BAF5105F07D17A8863
S21401A91022F0400180290AD0B2F5807F07D06FF07F
S21401A920860716E04FF00008CEE70023ECE7002B81
S21401A930F5D02822002116A809F01CFC20220021AF
S21401A9400EA809F017FC16A80BF0B3FD28B16FF09E
S21401A9509207384621B0BDE8F08F38464946079A37
S21401A9600EABFBF76DFD07460028F2D12E9B9C42ED
S21401A97021D8B54207D2B34505D9294622463046E5
S21401A98009F00BFD35460AABCDE904830523019397
S21401A9902A9B22460093CDE90256089B0EA916A8CB
S21401A9A0FEF7AAFE2128BAD02C2807D00028CED13F
S21401A9B02F9B1C60CDE76FF08907CAE76FF09407FD
S21401A9C0C7E72DE9F04F044689B0104615460491B5
S21401A9D0ECF7E9FF00286FDD2046E988EDF700FA7D
S21401A9E000286CD12B68B4F806900093374D494681
S21401A9F000982B682B68ECF7FFFF03460733282BDC
S21401AA0034BF4FF0FA0A4FF01E0ADA08D4F8008075
S21401AA1023F0070301900292059349464046029AA5
S21401AA20FDF714FA044618BB059B019A49464046B1
S21401AA309A1AECF7F2FFBAF1010A43D00499D8F852
S21401AA400000ECF7BDFF0126C743D5F800B0B145BD
S21401AA5012D84BEA070303932F682B684B462E68E0
S21401AA6003F1FF3B83B9039A2B6817409F42D4D06A
S21401AA70204609B0BDE8F08F58F82600ECF71FFF16
S21401AA8001364BEA000BE2E7009B53F82B2058F8FF
S21401AA902B301046194607930692ECF791FF079B59
S21401AAA0069A064311461846ECF78AFF20EA060383
S21401AAB01F4306435B46D3E76FF00304D8E76FF006
S21401AAC00F04D5E76FF00D04D2E700BFB00B0020EE
S21401AAD02DE9F04F01230024ADF50B7D2020CDE9B3
S21401AAE01243CDE91443CDE9164301F0EFFC07907C
S21401AAF0002800F06D86202001F0E8FC0590002873
S21401AB0000F062862AAE3046ECF721FC4FF4804313
S21401AB1061AD284661932B9FECF721FCA74B30468D
S21401AB202A93619B38942C93A54B0DF1E0092D9344
S21401AB30FEF7C0F88346002841D117F0FF084946C2
S21401AB400CBF28462046F3F7F3FC8346002836D18F
S21401AB500FCE389CA446ACE80F0096E803008CE8BC
S21401AB600300B8F1000F01D1619B6361636A83B191
S21401AB70D4E9086763681B0A06933BD06FF0860B1F
S21401AB80206A10B1616AEDF73DF80022C4E9082297
S21401AB9015E03F0A40F0D18147F24110EEF708FF79
S21401ABA030B1FF2147F24110EFF719F8834630B96B
S21401ABB020212046EFF742F883460028D8D038985F
S21401ABC008B1EFF781F85846ECF716FC06902021FD
S21401ABD00798EDF70DF805982021EDF709F8059887
S21401ABE001F07CFC079801F079FC06980DF50B7DC9
S21401ABF0BDE8F08F23885A0440F1AC8003F4E043AB
S21401AC00002EBBD0002FB9D0628808920732072ADF
S21401AC104FEAD20800F09E80B3F5804F00F09A808C
S21401AC202022069950A809F0A5FA4146204650AAC6
S21401AC30FBF79CFB8346002840F0D285474502D2AD
S21401AC406FF08C0B9CE7509B014628222846DDF8C6
S21401AC504CA1099309F08EFA28460BF02AFC10B194
S21401AC606FF0920B8CE74FF00072FD1C0DF58079AA
S21401AC7025F00305494650A8CDF888B1CDE95465BD
S21401AC806192CDF88CB1CDF8A4B1FAF718FE002880
S21401AC907DD1409961A80BF016FC012219924FF064
S21401ACA0005218A961A81A92FAF7C1FE1BA950A86A
S21401ACB0FAF797FE002841D161A81BA90BF05BFCAF
S21401ACC061A80BF029FC002838D1BAF1000F19D180
S21401ACD0099BB3F1805F15D2494650A8CDF800A173
S21401ACE0CDF84CA1FAF737FD002850D140988307DC
S21401ACF008D085424BD32A1A514602F0030230444B
S21401AD0009F038FA6268120A04D13146089A208896
S21401AD10FEF720F8002162686162120A10D12288CB
S21401AD2022F0FF01B1F5824F05D1413AD2B2012A94
S21401AD3088BF08F10108C4F8248003E0482826D11A
S21401AD406FF0850B61A80BF0B4FB002888D11BF1CE
S21401AD50860F09D125882846EEF72AFED0B1394656
S21401AD603046EFF75EF88346BBF1000F7FF408AF7D
S21401AD702379002B40F0C58094F818B06369BBF1C5
S21401AD80010F089300F0C7806FF0960B17E76FF07E
S21401AD90920BD7E705F44F43B3F5824F0BD105F479
S21401ADA0E043B3F5E04F06D1EDB2122D638809D02A
S21401ADB0412D00F087806FF0850BE1E64171FF00C1
S21401ADC000000209B3F5807FF5D103210023012598
S21401ADD061A8CDE96353CDE96553CDE96753CDE964
S21401ADE06953CDE96B53CDE96D53CDE96F53CDE989
S21401ADF07133CDE97333CDE97533CDE97733CDE9D9
S21401AE007935CDE97B35CDE97D35CDE97F358DF8D1
S21401AE1084316293EEF730FD0246002843D161A8E3
S21401AE20ECF74EFE0228804659D1DDF8C49179A888
S21401AE304FEAD90AAA441AF0030118BF294601EBC2
S21401AE409A01ECF7CDFF002856D15246BDF8EA111B
S21401AE507998FCF7FBFF024628BBC9EBCA0101390A
S21401AE6079A8ECF712FE0246E8B92A46494679A8BF
S21401AE70EDF7ACF80246B0B9014679A8EDF7A6F8A9
S21401AE80024680B9294679A8EDF7A0F8024650B9DE
S21401AE90B9F1FE0F1BD032463B4604F1240161A8EE
S21401AEA0ECF77AFE024661A80892EEF7A5FC79A8AF
S21401AEB0ECF7B3FE7BA8ECF7CBFE089A1046EEF74C
S21401AEC083FD50E7FF2B7FF476AF09217EE74146ED
S21401AED079A8EDF77BF80246002ADCD0E3E70128E3
S21401AEE00DD101466EAA79A8FFF76BFD10F10E0F82
S21401AEF00246F1D1B04AD6E76FF00F02D3E7AF4A68
S21401AF00D1E72046D4E90812F3F7C9FC83460028A6
S21401AF103FF432AF53E6022323760023A84A0FAC50
S21401AF20136021461A460898EEF79BFE054638B18F
S21401AF300898EEF7E9FE284646E66FF0860B3EE6F1
S21401AF4025682B88590406D52A6A696809926A6AAF
S21401AF50090A0A920BD06FF086040F98F3F764FC87
S21401AF600FAE0546002C00F084812546E0E703F489
S21401AF70E043B3F5804F1FD1288800F4E043B3F5D2
S21401AF80804F20F4405244F2010340F04C819A4233
S21401AF9008D000F44F43B3F5824F03D0B3F5844F86
S21401AFA040F04381DDE90901854B864A0093202361
S21401AFB0EEF720FF0446D0E7099B002BCBD00A9B77
S21401AFC0002BC8D030AE2022304609F0D3F8DDE998
S21401AFD0091233462846FBF733FA0446002840F0A8
S21401AFE0E0802B8803F44F4ABAF5824F07D1413BE4
S21401AFF0DBB2012B94BF4FF0000B4FF0010BB446B0
S21401B0004FF02009BCE80F0038AF0FC79CE80F00CF
S21401B01087E80F00B3684022002161A840AF0D9376
S21401B020D6F80C8009F0A6F84A460021384609F001
S21401B030A1F86B88BAF5824F03F107034FEAD303F1
S21401B0400B9339D15B4213F0030A35D0B8F1000FE8
S21401B05013D1DDE90A329342FFF47DAF52464146F1
S21401B060384609F087F80B9A099907EB0A0009F0A8
S21401B070E5F9C6E90387C6F814904FF0400961ABBD
S21401B0800C9300220D9B38AF23F0807323F480438A
S21401B09043F40053C7E902320C9B0DF140084146C8
S21401B0A03846C7E90439C8F80020FAF775FB0146A7
S21401B0B050B16FF0920450E7424B4FF0000A5B44E8
S21401B0C04FF020090C93DCE7D8F800605E44A6EB4D
S21401B0D04A06202EC8F8006002D96FF089043CE7C2
S21401B0E0282250A809F046F850A80BF0E2F90028EB
S21401B0F0DFD1012339461A4630A8FAF77FFB00282C
S21401B10057D10D9B13F4C04F53D02F4B0DF19C0814
S21401B110519058905290414630A85093FAF7CFFB81
S21401B120002846D1279950A80BF0CDF901234FF0FE
S21401B13000521EA950A81F932092FAF778FC21A965
S21401B14030A8FAF74EFC002840F0468321A950A803
S21401B150FAF76DFC384611A9FAF71EFB48BB119A9F
S21401B1604A4526D801230C9942F00052279124AF74
S21401B1702893299298E8070087E80700394650A8DF
S21401B1800BF0F9F9032750A80BF0C6F901280DD1E9
S21401B190013FF8D16FF08B0450A80BF08AF9002814
S21401B1A087D114F1860F7FF4D8AEE5E670B1482852
S21401B1B036D06FF09204EFE700B3FFFF80B0FFFFD9
S21401B1C09C410020141B002000000102BAF1000F70
S21401B1D01CD0A6EB0B094FEA5909524BC9F10007DF
S21401B1E05B4407F003070DF5C2784A46184608EB9C
S21401B1F0070109F023F909EB470141444A4648444F
S21401B20009F01CF90B9940A8FAF7A2FABBF1000F56
S21401B21003D00422444B83F83C21444B1E60BBE719
S21401B2206FF08504B8E79A4220D000F44F43B3F597
S21401B230824F1BD10023619361AB69880093DDE9DE
S21401B2400923FDF7EDF8044600287FF486AE619DDC
S21401B2502022364B33492846EEF730FE0446284670
S21401B260EEF7FAFA28460AF0E1FD76E66FF0850475
S21401B27073E600287FF45CAE20222A4914A8ECF776
S21401B280C9FD2022274914A8ECF759FB202228499A
S21401B29012A8ECF7F4FD2022254912A8ECF71CFBB6
S21401B2A04FF480423146234B08983460EEF7D9FCC0
S21401B2B0074678BB35682B8823F0FF03B3F5E24FCA
S21401B2C002D0B3F5E44F05D16B880733B3F5847F1D
S21401B2D080F01D82D5E908986C68240A40F01A822D
S21401B2E00EAB03932023059A0293CDE9003249461B
S21401B2F0424628460E4BFCF739FC10F1860F0746EE
S21401B30040F00781288820F0FF03B3F5E24F13D001
S21401B3106FF0860720210598EEF783FD20230E9314
S21401B320FAE000BF141B0020D81900209C41002021
S21401B330341B00200000020910AE698843464A46C5
S21401B34000961094FDF76CF807460028E2D1109E8F
S21401B35011AD33782C60032B00F0EC80092B00F044
S21401B360ED802746A422002161A808F003FF47F4D8
S21401B370824020232146914A0095FDF751F8D5F8E1
S21401B38000800746002840F09C809DF8853198F89B
S21401B3900010002B40F0D580012262A8CDE963326F
S21401B3A0CDE96532CDE96732CDE96932CDE96B3257
S21401B3B0CDE96D32CDE96F32CDE97133CDE9733325
S21401B3C0CDE97533CDE97733CDE97933CDE97B2303
S21401B3D0CDE97D238DF884318DF886218DF8851190
S21401B3E08DF88831CDE97F23CDE98123CDE983230B
S21401B3F0CDE98523CDE987238992EEF73DFA00282A
S21401B40040F0A9809DF88631012B00F09E806C48A3
S21401B410EEF7DAFA0746002853D19DF885313178E0
S21401B420002B40F09A80012262A8CDE96332CDE973
S21401B4306532CDE96732CDE96932CDE96B32CDE9C6
S21401B4406D32CDE96F32CDE97133CDE97333CDE994
S21401B4507533CDE97733CDE97933CDE97B23CDE972
S21401B4607D238DF884318DF886218DF885118DF830
S21401B4708831CDE97F23CDE98123CDE98323CDE949
S21401B4808523CDE987238992EEF7F6F9002874D152
S21401B4909DF88631012B63D04948EEF795FA0746A9
S21401B4A078B99DF88631012B69D04548EEF78CFABC
S21401B4B0074630B90E9B0734B3EBD40F05D06FF0B7
S21401B4C0960720210598ECF793FB9DF88631012B12
S21401B4D00ED162A8EEF790F97AA8ECF79EFB7CA84D
S21401B4E0ECF7A9FB82A8ECF7A6FB88A8ECF795FB7E
S21401B4F000234046ADF884318DF88631EEF7ACF97D
S21401B50040460AF093FC3046EEF7A6F930460AF0BC
S21401B5108DFC002F7FF4FEAE0F98F3F785F90446F5
S21401B520002F00F0FA803C460898EEF7EDFB204627
S21401B530FFF74ABB4FF48074122713E7FF24412715
S21401B54010E78B423FF45EAF61E708F1680182A81D
S21401B550ECF7FCFC5CE71B485AE78B4298D09BE76C
S21401B56006F168017CA8ECF7F1FC002895D106F1FC
S21401B57060017AA8ECF7B4FC8FE712488DE7719B5F
S21401B580002B92D00146412250A89DF8885108F020
S21401B590F1FD4022394640A808F0ECFD1822394654
S21401B5A038A808F0E7FD6B1E082B0DD8DFE803F07E
S21401B5B08B0C7B80830C0C0C860000BF341B002098
S21401B5C080B0FFFF80B1FFFF4FF0000A6FF07107F8
S21401B5D055463846FAF76AFB00287FF467AF4FF402
S21401B5E0804330AF38463093EBF7B9FE309B0AF113
S21401B5F007023A9305F48243B3F5824F4FEAD20924
S21401B600099363D1EBB2412B60D14A4640A97AA88F
S21401B610CDF8C090ECF760F94A4650A982A8ECF73D
S21401B6205BF94F464123ADF8E2A00DF5A07B0DF185
S21401B630C00AADF8E05038A84A46CDE901B340A9A2
S21401B6405B46CDF80CA00097FCF790FAFAF72EFBB4
S21401B65000287FF42BAF05F48243B3F5824F594699
S21401B660309A88A84DD1EDB2412D4AD1ECF7D2FBE4
S21401B67088A8ECF7CFF90730B0F5847FBFF415AF93
S21401B680719B62A813F0070518BF012505EBD305CA
S21401B6900E95ECF715FA02282A46059988A833D1A3
S21401B6A0ECF71AF902E74FF4807A47F2121590E7A1
S21401B6B04FF4C07AF9E740F2092AF6E74FF0FF0A9D
S21401B6C047F2411585E74FF0C00AEEE74FEA490712
S21401B6D04A4640A901377AA83097ECF730F9042397
S21401B6E04A460DF2411182A88DF84031ECF727F950
S21401B6F009F1010150AB4A46194484A8ECF71FF939
S21401B70090E7ECF7BCFBB3E7ECF719F9CEE66FF080
S21401B7108907FFE56FF08507FCE500287FF404AF95
S21401B7202022059916A8ECF7AAFB40AD2022059920
S21401B73016A8ECF7D1F82B462021079A05984097D2
S21401B740FCF7EEFA04460898002C7FF4EEAE409D16
S21401B750202D7FF4EAAEEEF7D7FA044620B129464B
S21401B7600798ECF745FAE2E6204E96F87C311BB1D5
S21401B77001230693FFF72BBA012561A8EBF7E7FD36
S21401B78050A864975095EBF7EAFD509B0799639391
S21401B7904FF484436693164B1022CDE9613561A8B8
S21401B7A050ABEEF719FF044610210798ECF720FA84
S21401B7B01CB986F87C51FFF70ABA2046EBF71CFE47
S21401B7C0031E18BF0123D4E719230693FFF70ABA0D
S21401B7D019230693FFF709BA01283FF4DBACE6E428
S21401B7E010F1860F7FF4CCA9FFF7B4BAD819002060
S21401B7F001108000F7B5012300220546CDE900239C
S21401B8000E46021D02216846FFF7DBF8044648BBD8
S21401B81006F110026B4611462846EDF7F0FB04468A
S21401B82000BB06F108076B463A4639462846EDF74F
S21401B830E6FB0446B0B96B466A4669462846EDF70C
S21401B840DEFB044670B96B46324631462846EDF7B4
S21401B850D6FB044630B96B463A4639462846EDF7DC
S21401B860CEFB04466846ECF7D8F9034814F10E0FF0
S21401B87018BF204603B0F0BD00B3FFFF002201232E
S21401B88073B50646CDE900230D46021D0221684622
S21401B890FFF797F8044678B96B462A46294630469C
S21401B8A0EDF7ADFB044638B905F110026B461146BB
S21401B8B03046EDF7A4FB04466846ECF7AEF90348BC
S21401B8C014F10E0F18BF204602B070BD00B3FFFF83
S21401B8D0F8B504464518073549420D40A5F1080656
S21401B8E03046EEF7BBFA6188331BA1EBE30125F87E
S21401B8F0061CA088DA1000EBE30080B225F8040CE1
S21401B900A188D1B1A4EBC1014F88C880D019488065
S21401B910E188C9B18A1A92B204EBC10125F8022C5A
S21401B9208A80A2889AB911498A681344CA688B60CA
S21401B930934200D9CB603046F8BD15F8081C41F09B
S21401B940020105F8081CE3E725F8021CE9E7A4EB69
S21401B950C2042278D207EED5044A91680B44D16816
S21401B96093608B4288BFD360E5E700BF981900203B
S21401B9702DE9F047002390464A1C08BF0821C8F865
S21401B9800030002800F099804D4F7B68984280F087
S21401B9909480073020F00705EFF31189302383F3F5
S21401B9A011887E69BEB133787288DB074FEAC2021E
S21401B9B004D5F3887BB106EBC306F4E79542F8D8C5
S21401B9C006F10803B3FBF1F001FB103353B12B442E
S21401B9D09A42EED343B989F31188BFF36F8F1920CA
S21401B9E0BDE8F0872B46F5E770883A69C3EBC000DF
S21401B9F0013A27283A614ED99D4205F1080A45D0F9
S21401BA003046FFF765FF0446A2445046EEF726FA95
S21401BA10628805F10F01A2EBD102CB08AAF8022039
S21401BA20AAF80430E288002A32D0D31A9BB204EB7B
S21401BA30C202AAF806309380ED086580BAF8043091
S21401BA400022E38031465046FCF760FFBB68FA6887
S21401BA5008339342BB6088BFFB60237843F0010341
S21401BA6023703B6901333B616288BB68083403EB92
S21401BA70C203FA68BB60934288BFFB60C8F8004007
S21401BA8089F31188BFF36F8F0020A9E73446BBE71F
S21401BA90AAF80620D0E79D420DD03046FFF718FFE2
S21401BAA004462378012243F00103314620462370E1
S21401BAB0FCF72CFFD8E73446F3E7212090E700BFD8
S21401BAC098190020002370B51646136089B180B11D
S21401BAD001FB00F54FF0FF312846FFF749FF04460A
S21401BAE028B9306818B12A46214608F043FB20469B
S21401BAF070BD2124FBE702464FF0FF31102037E7E7
S21401BB0000F00CB800F00AB800F008B800F006B86B
S21401BB1000F004B800F002B800F000B872B61EF0EB
S21401BB20080F09D01EF0040F0DD0DFF850E0AEE884
S21401BB30FF1F6FF002000CE0DFF840E0AEE8FF1FE9
S21401BB406FF00E0005E0DFF834E0AEE8FF1F6FF09F
S21401BB5006006946EFF309828EE807008646084824
S21401BB60084C854501D3A54501D384F30888F3F72E
S21401BB70D1FB84F30888F3F7BFFB0000E03E00200A
S21401BB8048000020C80A00201FB514461A46094B73
S21401BB9005461B68D8684CB1074B00910749CDE9AB
S21401BBA001342B4600F0C6F808F0EFFA044B1C46A9
S21401BBB0F3E700BFC0410020D9890200E6890200F0
S21401BBC0AD8C020008B5064B044613B10021AFF355
S21401BBD00080044B1B6803B198472046F7F7D3FF54
S21401BBE000000000083B0020002310B504468360D7
S21401BBF0818119464366C28108228361C0E9003308
S21401BC00C0E904335C3008F0B5FA0D4B2462636278
S21401BC100C4BA3620C4BE3620C4B23630C4B9C4214
S21401BC2006D003F16802944202D0D0339C4205D17B
S21401BC3004F15800BDE8104008F0A4BA10BD00BFDA
S21401BC40ED4002000F410200474102006D41020033
S21401BC50D0390020024A0349034808F029BA00BF38
S21401BC60B4410020CF420200C441002041680C4B81
S21401BC70994210B5044601D008F029FBA168094B8A
S21401BC80994202D0204608F022FBE168064B994211
S21401BC9004D02046BDE8104008F019BB10BD00BF17
S21401BCA0D0390020383A0020A03A00200C4B04215D
S21401BCB00C4A0D4810B51A600022FFF795FF0A4B93
S21401BCC0012209211C4603F16800FFF78DFF0222BD
S21401BCD004F1D0001221BDE81040FFF785BF00BF78
S21401BCE0083B002055BC0100D0390020014808F06F
S21401BCF04ABA00BFA93E0020014808F045BA00BF75
S21401BD00A93E002010B50446FFF7F0FF236A1BB1D9
S21401BD10BDE81040FFF7F0BF044B2362044B1B68DD
S21401BD20002BF5D1FFF7C2FFF2E700BF6DBC0100A3
S21401BD30083B00200EB403B503AB0146054853F893
S21401BD40042B0068019300F071F802B05DF804EB73
S21401BD5003B07047C041002038B50023054D0446A6
S21401BD6008462B60F7F70CFF431C02D12B6803B182
S21401BD70236038BD0C3B002038B50446064D084606
S21401BD80114600222A601A46F7F707FF431C02D124
S21401BD902B6803B1236038BD0C3B002038B5044640
S21401BDA0064D0846114600222A601A46F7F7F7FEA6
S21401BDB0431C02D12B6803B1236038BD0C3B002025
S21401BDC038B50446064D0846114600222A601A4632
S21401BDD0F7F7E7FE431C02D12B6803B1236038BD99
S21401BDE00C3B002070B50D4B00260D4D5B1B9C10C7
S21401BDF0A64209D10B4D0AF023FC0B4B00265B1B18
S21401BE009C10A64205D170BD55F8043B01369847F3
S21401BE10EEE755F8043B01369847F2E7604200200A
S21401BE205C42002060420020644200202DE9F04F71
S21401BE300D469DB014469846064618B1036A0BB9DE
S21401BE40FFF760FF6B6ED90705D4AB899A0502D45C
S21401BE50A86D08F098F9AB891B0701D52B699BB92A
S21401BE602946304600F09AFA70B16B6EDC0704D5AD
S21401BE704FF0FF301DB0BDE8F08FAB899805F7D4C1
S21401BE80A86D08F081F9F3E70023CDF80C804FF098
S21401BE900109DFF8B481099320238DF82930302376
S21401BEA08DF82A3023469A4613F8012B0AB1252A23
S21401BEB0F9D1BAEB040B0BD05B4622462946304635
S21401BEC008F081F9013000F0A780099A5A440992D6
S21401BED09AF80030002B00F09F8000234FF0FF32CD
S21401BEE00AF1010A049307938DF853301A93CDE9AA
S21401BEF0052354460522544814F8011B08F090FA0D
S21401BF00049AD8B9D10644BF20238DF853301307BD
S21401BF1044BF2B238DF853309AF800302A2B15D0C6
S21401BF20079A544600204FF00A0C214611F8013BAF
S21401BF30303B092B4BD9B0B1079214E0A0EB0803B4
S21401BF40A24609FA03F313430493D2E7039B191D90
S21401BF501B68002B0391BBBF5B4242F002020793B2
S21401BF600793B8BF049223782E2B0AD163782A2B25
S21401BF7032D1039B02341A1D1B6843EAE373039212
S21401BF800593DFF8D4A003222178504608F048FA3A
S21401BF9038B1A0EB0A004022049B013482401343CF
S21401BFA0049314F8011B062228488DF8281008F07F
S21401BFB037FA00283FD0264B1BBB039B073323F0E1
S21401BFC0070308330393099B3B4409936AE70CFB79
S21401BFD002320C460120A8E7002301344FF00A0C78
S21401BFE019460593204610F8012B303A092A03D941
S21401BFF0002BC6D00591C4E70CFB012104460123A2
S21401C000F0E703AB2A4604A930460093114BAFF381
S21401C01000800746781CD6D16B6ED90705D4AB894C
S21401C0209A0502D4A86D08F0AFF8AB895B063FF518
S21401C0301FAF09981EE703AB2A4604A930460093B2
S21401C040044B00F00BF8E4E7158A02001F8A020091
S21401C05000000000C74102001B8A02002DE9FF47CD
S21401C0600F7E914680460C46782F9A460C9E01F12B
S21401C070430207D8622F0AD8002F00F0D280582F2B
S21401C08000F0B78004F1420684F842703AE0A7F166
S21401C0906303152BF6D801A151F823F0F5C0010072
S21401C0A009C1010085C0010085C0010085C00100ED
S21401C0B085C0010009C1010085C0010085C00100DD
S21401C0C085C0010085C0010009C2010033C101001D
S21401C0D0BFC1010085C0010085C001002BC201005F
S21401C0E085C0010033C1010085C0010085C0010083
S21401C0F0C7C1010033681A1D1B68326004F142068D
S21401C10084F8423001239DE033682068191D3160B0
S21401C110060601D51D6803E04506FBD5B3F90050B8
S21401C120002D03DA2D236D4284F8433059480A2343
S21401C13010E021683368080653F8045B02D4490608
S21401C14048BFADB26F2F5348336059D10823002141
S21401C15084F843106668002EA66005DB21682E432E
S21401C16021F0040121604DD01646B5FBF3F103FB27
S21401C1701157C75D06F8017D2F460D46BB42F4D91F
S21401C180082B0BD12368DF0708D52369616899421C
S21401C190DEBF302306F8013C06F1FF36921B226112
S21401C1A04B4603AA21464046CDF800A008F01DF8EC
S21401C1B001304CD14FF0FF3004B0BDE8F087236862
S21401C1C043F02003236078273348236884F84570BA
S21401C1D01F06316851F8045B02D45F0648BFADB252
S21401C1E03160D90744BF43F0200323601DB11023FB
S21401C1F0ADE72848E9E7236823F020032360F6E744
S21401C2000A23A4E71646BBE733682568181D61694B
S21401C21030602E061B6801D5196002E06806FBD562
S21401C2201980002316462361BAE7336800211A1DD8
S21401C23032601E686268304608F0F2F808B1801B6A
S21401C240606063682361002384F84330A8E72369AC
S21401C250324649464046D0470130ABD023689B075B
S21401C26013D4E068039B9842B8BF1846A4E701239D
S21401C270324649464046D04701309BD00135E368F7
S21401C28003995B1AAB42F2DCEBE7002504F11906D1
S21401C290F5E700BF268A0200378A0200B1F90C20B2
S21401C2A02DE9F041160705460C4651D44B68002B84
S21401C2B002DC0B6C002B49DDE66A002E46D000231B
S21401C2C012F480522F682B6031D0626DA389590712
S21401C2D005D56368D21A636B0BB1236CD21A00239F
S21401C2E0E66A216A2846B047421CB4F90C3006D1EA
S21401C2F029681D2945D8284ACA40D60741D50022B3
S21401C300D90462602269226004D5421C01D12B68DF
S21401C31003B96065616B2F60C1B104F144039942B2
S21401C32002D02846FAF7FEF9002363630EE00123E4
S21401C330216A2846B0470246501CC7D12B68002BFD
S21401C340C4D01D2B01D0162B19D12F6000201DE063
S21401C3500F69002FFAD093070E680F600CBF4B6968
S21401C3600023A6EB07088B60B8F1000FEEDD43460D
S21401C3703A46216A2846A66AB047002808DCB4F97E
S21401C3800C3043F040034FF0FF30A381BDE8F0814D
S21401C3900744A8EB0008E7E70100402038B5284B22
S21401C3A005460C46186818B1036A0BB9FFF7AAFCD4
S21401C3B0B4F90C301A0721D4D80607D409222A600A
S21401C3C043F040034FF0FF30A38130E0590712D508
S21401C3D0616B41B104F14403994202D02846FAF751
S21401C3E0A1F9002363630022B4F90C30626023F0E4
S21401C3F024032269226043F00803A38122693AB923
S21401C4009A0501D5180603D52146284608F047F8AF
S21401C410B4F90C3013F001020AD00022A26062695E
S21401C4205242A261226942B913F08000C8D138BDD8
S21401C430990758BF6269A260F4E70020F7E700BFDA
S21401C440C0410020024B0146186807F0BFBF00BF7D
S21401C450C041002038B50023064D04460846114663
S21401C4602B60F7F797FB431C02D12B6803B12360BF
S21401C47038BD00BF0C3B002038B50023064D0446EE
S21401C480084611462B60F7F77FFB431C02D12B6849
S21401C49003B1236038BD00BF0C3B002038B5002334
S21401C4A0054D044608462B60F7F772FB431C02D184
S21401C4B02B6803B1236038BD0C3B0020024B0A46B3
S21401C4C001461868FAF731B9C0410020024B01460F
S21401C4D01868FAF71AB900BFC0410020024B01469E
S21401C4E01868FAF71FB900BFC04100200CB4194BF9
S21401C4F030B50C1E9DB01D6808DA8B234FF0FF3057
S21401C5002B601DB0BDE8304002B070474FF4027397
S21401C5100290069002A9ADF814304FF00003209A5D
S21401C52028461B9314BF04F1FF3323460493079355
S21401C5304FF6FF73ADF8163021AB019300F01AF8F1
S21401C540431CBCBF8B232B60002CDAD0029B00223D
S21401C5501A70D6E7C041002007B5009313460A4675
S21401C56001460348006807F0D3FF03B05DF804FBFB
S21401C570C04100202DE9F04F98468B899DB00746B3
S21401C5801B060D46144610D50B6973B94021FAF700
S21401C590BCF82860286130B90C233B604FF0FF30AF
S21401C5A01DB0BDE8F08F40236B610023CDF80C80F1
S21401C5B04FF00109DFF8A081099320238DF8293077
S21401C5C030238DF82A3023469A4613F8012B0AB1F8
S21401C5D0252AF9D1BAEB040B0BD05B462246294635
S21401C5E0384607F0DDFF013000F0A780099A5A446B
S21401C5F009929AF80030002B00F09F8000234FF03C
S21401C600FF320AF1010A049307938DF853301A9307
S21401C610CDE90523544605224F4814F8011B07F0BF
S21401C620FFFE049AD8B9D00644BF20238DF85330B4
S21401C630110744BF2B238DF853309AF800302A2B6C
S21401C64015D0079A544600204FF00A0C214611F8DF
S21401C650013B303B092B4BD9B0B1079214E0A0EB5C
S21401C6600803A24609FA03F313430493D2E7039B94
S21401C670191D1B68002B0391BBBF5B4242F00202EF
S21401C68007930793B8BF049223782E2B0AD16378B9
S21401C6902A2B32D1039B02341A1D1B6843EAE3732B
S21401C6A003920593DFF8C0A003222178504607F0D5
S21401C6B0B7FE38B1A0EB0A004022049B0134824049
S21401C6C01343049314F8011B062224488DF82810FE
S21401C6D007F0A6FE002836D0214B1BBB039B073371
S21401C6E023F0070308330393099B334409936AE74E
S21401C6F00CFB02320C460120A8E7002301344FF060
S21401C7000A0C19460593204610F8012B303A092ADF
S21401C71003D9002BC6D00591C4E70CFB01210446C2
S21401C7200123F0E703AB2A4604A9384600930D4BD4
S21401C730AFF30080421C0646D6D1AB895B063FF5B7
S21401C7402DAF09982CE703AB2A4604A93846009377
S21401C750044BFFF783FCEDE7158A02001F8A0200EF
S21401C76000000000A14502001B8A0200014807F0F4
S21401C770CABF00BF690345EC1046044A1368591E38
S21401C780033102D80021116018477047104200207B
S21401C790034B1868034B002808BF1846704700BFB4
S21401C7A0103B00200C900200014808F079B900BF48
S21401C7B0183B002013B50B4C0229226005D10A480C
S21401C7C008F06EF9002002B010BD0A46009301463B
S21401C7D0064B054808F045F9003818BF012040000F
S21401C7E0F1E700BF10420020183B002079C7010086
S21401C7F0014808F066B900BF183B00200021014837
S21401C80008F081B9183B002008B5064B1B680133B8
S21401C81005D0FFF7EDFF80F00100C0B208BD002093
S21401C820FCE700BF104200202DE9F843DFF86090D6
S21401C8300646D9F8008008461746B8F1000F03D01F
S21401C8400E242046BDE8F88306B3336801331DD1B4
S21401C850E1B100F075F805460028F1D0C9F80000EE
S21401C86000F0DAF8284607F058FF044640B1404683
S21401C870C9F8008000F0D0F8284607F046FFE0E748
S21401C8803560002FDDD02846B847DAE72124D8E7FF
S21401C890143B0020024B1868003818BF012070476F
S21401C8A0143B002038B50C4601F0EEFDA3780B4A88
S21401C8B013705A1E55425541A8420CD0012B04D084
S21401C8C02846BDE8384001F0C7BD204601F0B4FD5A
S21401C8D00028F5D038BD0020FCE700BFAA3E0020A6
S21401C8E0002108B5024B08465B689847002008BD42
S21401C8F02C42002010B5FFF74BFF0D4B0C461A1AC1
S21401C900534253418B4201D1002010BD094B1B6895
S21401C9103BB9094A064B002C08BF1346074A136069
S21401C920F2E708F012FA0028F3D00220EDE700BF84
S21401C930E48F0200143B00200C900200103B002004
S21401C940F8B5044609F079FD002607460E4B1B682C
S21401C95093B19E68AEB196F82420D20711D435461D
S21401C9600FCC0FC50FCC0FC523682B6096F824306B
S21401C97043F0010386F82430384609F059FD304665
S21401C980F8BD1B68E4E700BF20420020431E0333C6
S21401C99006D8044B984228BF1846642838BF64203E
S21401C9A0704700BF40420F0038B5184B05461B685C
S21401C9B00C4603B1984744B1236833B11B68013371
S21401C9C003D0E3680BB1A36843B908F071FC0020FB
S21401C9D09122412100F0CCFA212038BD204603F0F7
S21401C9E069FA00230A4A85F84831C5E93A431360D3
S21401C9F05360636943B1074A42211068B322C31AE0
S21401CA005842584100F0B4FA0020E6E76C3D002099
S21401CA1014420020D03D002010B5044618B9054B3D
S21401CA20054A136010BD00F08FFDD4F8F430002BDA
S21401CA30F6D1F4E7DB47020024420020084B10B48D
S21401CA40002A14BF14461C46064B1C6019B15DF83B
S21401CA50044B07F0CFBE08465DF8044B704700BF95
S21401CA60DB4702002442002008B502460868FFF7AB
S21401CA708DFF08604868FFF789FF48608868FFF700
S21401CA8085FF8860C868FFF781FF0B69C860581C7E
S21401CA9003D00B48834228BF03460B614B69581CE1
S21401CAA003D00748834228BF034688694B61FFF7D6
S21401CAB06DFFBDE808408861104601F049BC00BF23
S21401CAC040420F00D0F8EC302DE9F04105460C4607
S21401CAD013B1C38D8B424ED0D5F8E830002B4DD024
S21401CAE09E68002E4AD0D868002847D0013800B288
S21401CAF000281DDB002107E0128A0CF10101A24289
S21401CB0019D209B2884213DB0B1803EBD3735B10FF
S21401CB1003EBC30206EB8202B2F80EE01FFA83FCB7
S21401CB20A6450CF1FF3EE7D90FFA8EF08842EBDA04
S21401CB302120BDE8F0814FF6FF729445F8D09BB2F4
S21401CB4003EBC30306EB83062846B6F9122095F8D5
S21401CB503C11D5F8FC80FAF753FA0746B8F1000FF6
S21401CB6004D00023324628461946C047EC85C5F84E
S21401CB70EC6085F845710020BDE8F0810E20BDE827
S21401CB80F08100BF2DE9F04782B004460E4690467C
S21401CB9001F080FC002877D15D4D2F68D4F8E8A01D
S21401CBA0D4F8EC901FB1574500F090800027AE6096
S21401CBB002F0BCF80128064604D0012100220846EE
S21401CBC007F0DAFD204608F04AFA002860D12B6803
S21401CBD0DAF80010D9F800201BB11868884200F076
S21401CBE08180204608F00CFAB7B1B8F1000F13D1D6
S21401CBF0204601F0C7FE0546D4F89830002B3CD1FC
S21401CC00012E05D025B1434B002103205B689847D0
S21401CC10284602B0BDE8F0873F4BC5F800A01A7859
S21401CC20C5F804908DF80780002A40D1D4F8FC504E
S21401CC30002D5FD0114620460DF10703A847204678
S21401CC4001F0A0FE054617B1B8F1000FD4D0B5FA31
S21401CC5085F040F205423321400900F089F941464A
S21401CC60204601F073FF2D4B49461B6805462046BA
S21401CC709847D4F89830002BC2D000224FF40073A6
S21401CC80204600F071FCBBE70023214D6B6084E772
S21401CC9094F82530DA079AD5D4F8A0305B0596D5F6
S21401CCA01F4B0122002120461B6898478FE7D4F8C6
S21401CCB0EC30B4F9461023B1B3F912309942A8BF4B
S21401CCC019464246204601F0A9FDB8E76F68002FD5
S21401CCD03FF46DAF4F457FF469AFAB68B34215D0F3
S21401CCE0012764E7696819B1096891423FF47CAF8E
S21401CCF0596876E794F82A1094F8453142469942E5
S21401CD0028BF1946204601F04FFD98E700257FE72A
S21401CD10144200202C420020D88902002442002020
S21401CD20703D0020F8B505460E4609F086FB3146F3
S21401CD3007462846FFF7C6FE044620B1384609F0E6
S21401CD4077FB2046F8BD01F0CDFF22463146284646
S21401CD50FFF718FF04460028F0D1284608F07FF9AF
S21401CD600028EBD095F8253013F001030DD0D5F847
S21401CD70A02052050DD5B5F83621B24205D0B5F83A
S21401CD8038319B1BB3FA83F35B09034A82F8C4303C
S21401CD90D4E72346F9E700BF001E00B070B504468D
S21401CDA00E4609F04AFB314605462046FFF7BAFF14
S21401CDB0044620B9044B01465B6803209847284681
S21401CDC009F036FB204670BD2C42002070B50446A3
S21401CDD000200D4608F070FA094B1B784BB9D4F8C1
S21401CDE0FC6036B129462046B446BDE870401A4676
S21401CDF0604729462046BDE8704008F0F0B800BFFD
S21401CE00D889020013B56946044607F085FD0C4B28
S21401CE101B783BB19DF800300D2B03D0B4F94C00C4
S21401CE2002B010BD204607F0D1FFFF28024605D00C
S21401CE3020469DF80010FAF7E5F8F1E70148EFE71C
S21401CE40D88902000080FFFF30B4064DBDF90840C6
S21401CE502D781DB1029430BC08F0C4B80E2030BC49
S21401CE60704700BFB33E00202DE9FF4106460D4640
S21401CE7090460AB9D0F898804146304607F05CFDE6
S21401CE8018F0010F02D0304605F07EFB02F0FEFCE2
S21401CE90244B04460FCB6F468DE80F006DB1FF2C77
S21401CEA00DBF2B6804AB55F8242000930BBF6B68AD
S21401CEB003EB8403019343F8102C18F4803F17D139
S21401CEC022463946304608F069F970B96DB1FF2C33
S21401CED00FBF009B04AB03EB840353F8103C05BF64
S21401CEE02B60019B45F824306B6004B0BDE8F081EF
S21401CEF0FF2C0BD1009B01330ED0019B01330BD0CD
S21401CF0022463946304608F067F9DEE704AB03EB04
S21401CF10840353F8103CF1E722463946304607F0C1
S21401CF20DBFBD2E74090020008B50B4602491940E8
S21401CF3007F0F4FC002008BD07001100024B186042
S21401CF40024B1960FEE700BF303D0020284200205A
S21401CF5038B5044D044C054B286021601A60FFF774
S21401CF60EDFF38BD303D002028420020343D002032
S21401CF7010B550B90548064B0160064802601868AE
S21401CF80054B18601868FFF7E3FF10BD2842002024
S21401CF90143B0020343D0020303D0020054B1B682B
S21401CFA00BB918467047834201D01B69F8E7012088
S21401CFB0704700BF3C3D002018B10A4B1A680AB9F9
S21401CFC0104670471A68824207D1026901201A602A
S21401CFD0054A1368013B1360704702F1100312699A
S21401CFE0EDE700BF3C3D0020383D00202DE9F74F1E
S21401CFF0064609F02BFADFF82081012398F800B0E5
S21401D000DFF818910190BBF1000F06D089F80030C7
S21401D01003B0BDE8F04F09F014BA3D4F88F8003070
S21401D02089F800B007F0A3FD08B107F09EFD3D6842
S21401D03038495DB9DFF8E8A0DAF800200024AA42F2
S21401D0403B682ED84FF0FF31324838E06B7D8BB10C
S21401D0502B68B34202D09A1B8A420BD96A681344E2
S21401D0602B60AB68003A18BF0122003B18BF0123B2
S21401D0706A75AB752D69DCE7907D20B1107D88421D
S21401D0809CBF014614461269002AF5D1002CD9D05E
S21401D09094E80B00A275411AE268204698470135CC
S21401D0A0CAE71A46FF21EFE75A7D3AB11A68B2423B
S21401D0B028D0921B824225D8914226D21B69002B8A
S21401D0C0F2D15CB12046FFF777FF38B13B683C6090
S21401D0D02361DAF800300133CAF800303B685C7D22
S21401D0E01CB1186800F0DEF8044607F03CFD064661
S21401D0F0002C95D199F80030002B91D1019888F831
S21401D100004085E71C460021D8E711461C46D5E7B6
S21401D1103C3D0020FCFFFFBFAC3E0020AB3E0020A4
S21401D120383D002038B5054610B31822002107F017
S21401D13021F809F08BF902462846FFF72FFF20B1A8
S21401D140104609F07EF9022038BD0A4B1C6854B916
S21401D15009491D600B68104601332C610B6009F00C
S21401D16070F92046F0E719680C6901F11003EEE743
S21401D1702120E9E73C3D0020383D002038B5044633
S21401D180FFF70CFF09F062F905462046FFF706FF98
S21401D190637D23B9284609F054F90E2038BD0023D3
S21401D1A06375064B1B68A34203D107F0DCFCFFF74F
S21401D1B01DFF284609F045F90020EFE73C3D002019
S21401D1C02DE9F84FDDF82890984604460D4692461C
S21401D1D0FFF7E4FEDDF830B009F038F9074607F04E
S21401D1E0C2FC06462046FFF7D9FE637D23B12046E2
S21401D1F0FFF7C4FF0023A375BAF1010F21D175B95A
S21401D200B8F1000F1FD1B9F1000F03D05A463146CD
S21401D2102046C847384609F014F9002017E035447F
S21401D2200C4BAA1B9A420ED8012363759DF82C302D
S21401D230304684E820032375C4F80CB0FFF7D6FE09
S21401D240E8E7AE42ECD1384609F0FBF82120BDE80C
S21401D250F88F00BFFCFFFFBF2DE9F0410746884667
S21401D260FFF79CFE09F0F2F83D68064607F07BFCE6
S21401D2707B7D7BB185420DD0094B2C1A9C4209D887
S21401D280304609F0DEF8B8F1010F08BF25462846FA
S21401D290BDE8F081304609F0D4F80025F7E700BF75
S21401D2A0FCFFFFBF0023024A194600F047BA00BF41
S21401D2B0314B02002DE9F0418AB001AB0C46054620
S21401D2C024221846134907F0B9F80027002C08BF96
S21401D2D00446384604F10C0690B95FFA87F84246D0
S21401D2E02846218807F0BEFE50B942462846E18806
S21401D2F007F0C9FE20B942463146284607F0D6FE59
S21401D3000137032F06F1080604F10204E4D10AB03E
S21401D310BDE8F08174900200F0B589B005460E466E
S21401D32007F0DCFE044600BB01AC06F10C070FCF8C
S21401D3300FC497E8070084E8070001A92846FFF70D
S21401D34093FB2846311D07F009FB044648B92846D9
S21401D350074900F053FF044618B9284602F01EF8A4
S21401D360044628463168FFF7A5FF204609B0F0BD00
S21401D3706C900200024BD868C0F30360704700BF90
S21401D380000002B82DE9FF478F7881460F2F0C4623
S21401D39003D9212004B0BDE8F08727B901223D4B0F
S21401D3A000201A70F6E70E784D78002E3DD1002D3C
S21401D3B0EFD1AE42E088B24638BFAA4603F00EFD72
S21401D3C0C30943EA4163C01A61EBD11103F03AFD88
S21401D3D0FF288046DDD0A08803F0A8FD2E4B3543FC
S21401D3E001461A884FF60400002D4AD1824208D120
S21401D3F02A48006E80B290420ABF4FF60502188096
S21401D4001A80B1F5803F254B14D902224FF0080A45
S21401D4101A66802256464908C3F880204FF6FF73E5
S21401D4200139994228BF19460EE0082EB1D8082DB9
S21401D430AFD8BEE701224FF0080A1A668022564688
S21401D440C3F880200029E9D1002302930123013F7C
S21401D450FFB2009332465346019709F5827003F0F6
S21401D460E7FB1DB94FF480120D4B5A65404694F9FF
S21401D470031003F003FDA2680A4B1A600222054B53
S21401D4808EE782421EBFDFF814C0CCF860201880F9
S21401D490D8E700BFAD3E00204842002000C001B8DA
S21401D4A000D001B84C3D002010B5054C237823B1BF
S21401D4B004F096FB0020207010BD0E20FCE700BF94
S21401D4C0AF3E002008B504F075FB0122014B002099
S21401D4D01A7008BDAF3E0020F8B504460F46164642
S21401D4E008F0ABFF0546A047044620B1284608F0E1
S21401D4F09FFF2046F8BD06F06FFA04220549D1F8D1
S21401D500D83E23EA07033343C1F8D83E024B1A67D5
S21401D510ECE700BF001000B0002002B800F01803CE
S21401D520182B0AD003070AD410F0100F40F201138B
S21401D53008BF0023034A136570470023FAE7012357
S21401D540F8E700BF001F00B038B10368044A002B9B
S21401D55008BF1346034A13607047014BFAE700BF42
S21401D560454C02003C42002010B4D0E9564122400E
S21401D5700B4052EA030104D003495DF8044B0968E5
S21401D58008475DF8044B70473C4200200F2938B528
S21401D59005460C460ED801F0C9FB01280CD1074AF6
S21401D5A02846D36B23F00F032343D36307F0E7FD2D
S21401D5B0002038BD2120FCE70220FAE7001F00B05A
S21401D5C008B50E4B1A6F12F0A00F13D15B6F5B07F5
S21401D5D012D40B4BD3F8D83E23F07F4323F0FF033E
S21401D5E053B1FFF7C7FE6FF4905343FA00F000F013
S21401D5F0010008BD0020FCE70120FAE7000002B8A0
S21401D600001000B070B50D46064620B91A4B1B68CF
S21401D610EBB10E201AE001F089FB012827D1174B48
S21401D620D6F8F00093F9004007F0A6FC0022C4F1FA
S21401D6301C04241A641BC4F11C03002BB8BF5B42F4
S21401D640232B16DC3AB10D4B1D70002070BD012254
S21401D650C1F11C04EFE786F8285008F0EEFE0546F7
S21401D66060B200F0FFFF284608F0E2FEEDE7022078
S21401D670ECE72120EAE700BF143B0020AE3E002085
S21401D68010B5044607F0EBFC10B1012001F076FE60
S21401D690204601F0E5FA08F0D0FE0A4A0121D2F848
S21401D6A0A030044623F02003C2F8A0300222064B25
S21401D6B008469A60054B5B689847204608F0B8FE16
S21401D6C0002010BD001E00B0001002B82C42002041
S21401D6D008B507F0B8FA8022024BD864024B1A61EB
S21401D6E008BD00BF001F00B0000002B8014B18685B
S21401D6F0704700BF583D002037B508F09EFE012355
S21401D7000022002400930023054619461046019482
S21401D71005F07CFF022003F07DF9064B21461C60D4
S21401D720054B02205B689847284608F081FE204694
S21401D73003B030BD603D00202C4200202DE9FF41A2
S21401D74002290C4615469846039005D1FFF7D4FFEB
S21401D750002004B0BDE8F08108F06FFE1E4E0746BB
S21401D760336853B1AB4208D00024384608F060FE57
S21401D770002CEDD121203460EBE7184B0022C3F8D2
S21401D78000803560002301254FF000081046194639
S21401D7900195009505F03AFF114B022083F80080B1
S21401D7A003F038F922464346022003A903F050F954
S21401D7B00C4B039A04461A600028D5D0DFF828805F
S21401D7C0D8F8003098472128CFD12946D8F8043018
S21401D7D002209847C9E700BF603D00205C3D00205D
S21401D7E0B13E0020583D00202C420020034B5B6ECA
S21401D7F05B055ABF024B18780120704700C001B87C
S21401D800B13E002010B590F827300446023B022BAB
S21401D81005D84B7C03B3012B20D0022B20D0D4F8A3
S21401D82060311B0613D58B8A1A2B10D9D4F8A41095
S21401D830084607F021FA0D2814D00F2810D010281A
S21401D84010D011280CD001F0FD010D290AD0204678
S21401D850BDE8104007F092BA034810BD0348FCE744
S21401D8600348FAE70348F8E720A1070048E8010063
S21401D87040420F0080841E000A78022A11D0101F31
S21401D8804242424152004B781201022B0BD0191F23
S21401D8904B424B415B000549054842EA8312FFF7BC
S21401D8A01BBE0122EFE70123F5E700BFF0FFFF00F3
S21401D8B075ED01000B78022B10D0181F434243412F
S21401D8C05B004A78022A0BD0111F4A424A41520095
S21401D8D00F21044843EA8202FFF7FEBD0123F0E769
S21401D8E00122F5E7A1ED0100D0F8B43010B5994258
S21401D8F004460ED0C0F8B41002F068FD0649A4F83C
S21401D90040010123054AD1F8FC1004F5827004F0A9
S21401D9100BFF002010BD00BF001F00B0581F00B055
S21401D9202DE9F74F04468B4615461E46FFF748FE7F
S21401D93020B3A38A13B3204607F076F878B9002EF1
S21401D94040F0E680734BD3F8D83E03F03002102A3D
S21401D95000F0DE8003F0C003402B00F0D9806E4F4C
S21401D9607B69DB0740F1D48008F067FD064603209B
S21401D97003F054F930B1304608F05AFD022003B0E6
S21401D980BDE8F08F7A6912F0060AF4D1304608F045
S21401D9904FFD604B4FF400612046D3F8D89ED3F874
S21401D9A0AC8E06F081F948B14FF4007601215B4F49
S21401D9B0524608463E6706F0DFFE3E6794F825307D
S21401D9C0DF0707D5D4F8A0305E0542BF4FF400222A
S21401D9D0534B1A6759462046FFF7A4F94D4BC3F837
S21401D9E0D89EC3F8AC8E0028C9D194F82430980686
S21401D9F001D4002D4DD0C5F3400005F049F80223AF
S21401DA0015F4807F1BBF0021454A444A136717BFA0
S21401DA10444A13675161136305F0DEFF4FF48063D8
S21401DA2015F0040F14BF404A404A3C4E536204238B
S21401DA3028463367FFF772FD204607F0F0F938B144
S21401DA404FF4807315F0010F16BF354A336713671D
S21401DA50A90647D54FF6FF72B4F8403093420FD06F
S21401DA60334A3449526E100CC2F301120132B3FB31
S21401DA70F2F308802C4A2D492F481B04486653664A
S21401DA80003D18BF012594F8243065F3451384F84A
S21401DA902430204607F0E3FAF0B1204607F0BFF93C
S21401DAA0D0B14FF40031204606F0FEF8431C0322A5
S21401DAB09BB201A9214807F0F2FB9DF804209DF8CE
S21401DAC0053002F00701052915D112070DD443F4DC
S21401DAD080731B4AC2F8B830002003B0BDE8F04F8F
S21401DAE007F0EABB01F0DEF8CAE713F0040F09D12C
S21401DAF09DF80630EBE703F03002202A05D113F03B
S21401DB00010FF4E74FF48073E3E79DF80630E0E792
S21401DB100E2034E7001000B000C001B8002002B8A3
S21401DB20001002B800400054005001B8006001B86F
S21401DB30004001B84A4200200000FFFF08400054A0
S21401DB40001E00B02DE9F3410646884615461F46DD
S21401DB5008F073FC0446032003F060F838B1204651
S21401DB6008F066FC0E24204602B0BDE8F0810420D1
S21401DB7003F054F80028F2D1204608F059FC01239E
S21401DB802A4641463046FFF7CBFE04460028EAD136
S21401DB90DFF8BC806FB188F8000039463046FFF7E1
S21401DBA0F1FB50B998F80030012B08D104F05AFF68
S21401DBB0D9E798F80030002BF4D12124D3E72022AE
S21401DBC01D4B01201A671D4BDB6CB3F5817F22BF0D
S21401DBD080221B4B1A6107F0B1FB08F02EFC194B93
S21401DBE006461B6801938BB903F074F815F080059F
S21401DBF01ED1012003F0D6F815B9284604F01CFF03
S21401DC00114B01215B68002098470DE0042002F0CB
S21401DC1001FF00230122042001A902F019FF0028B8
S21401DC20E2D104F069FF2124304608F001FC9AE7AE
S21401DC300022064B9A67DCE7001002B8001F00B00E
S21401DC40000002B84C3D00202C42002000C001B864
S21401DC50AD3E002010B50C4619B107F000FA04EBF2
S21401DC608004204603F062F9024B4042C3F8C80E16
S21401DC70002010BD001000B0838E70B593420C4694
S21401DC8015461BD3036D8B4208BF002408F0D5FB55
S21401DC900646FFF76FFB4FF49C53C340DA0703D5E4
S21401DCA0074B1B6F9B0304D401222946204601F033
S21401DCB0BDFE304608F0BCFB002070BD2120FCE70D
S21401DCC0000002B82DE9F0470B460746164611B983
S21401DCD02120BDE8F087002AFAD0032905D80022C2
S21401DCE002F006F803460028F2D01C889978B4F5AD
S21401DCF0804F01F0070080F0C580A0F1070C1A796B
S21401DD0093F805A0DD88DCF1000343EB0C0305283E
S21401DD10337394BF0023C1F30013C1F3801C7373E4
S21401DD208B0986F810C003F00203C1F3C00C43EA66
S21401DD300C03C1F340117374B174B582002A40F02C
S21401DD40838097F82A31013BDBB2F374D7F8A03011
S21401DD50D90600F18280063801287ED80020B7F85F
S21401DD601280D7F81C9008F1FF38474B083C04EAAC
S21401DD7008045B6D19F80430B060802B1CBF323B81
S21401DD80DBB2B37397F827300134FF2B04EA08049B
S21401DD9035D1631D03EA08035A1C02EA080219F882
S21401DDA0022019F8033043EA0223DA041DB24DD5E6
S21401DDB0D7F8F03013B11B68022B05D841F2C232F6
S21401DDC04C210020FFF7D4F8D7F8F030C5F30B004C
S21401DDD093F82430C0000BB1B0FBF3F082453AD87B
S21401DDE038B1CAEB0A2ABAFBF0FA6FEA0A0A5FFAF6
S21401DDF08AF0D7F8F83013B196F90E109847631CDD
S21401DE00F07303EA080319F80310013303EA080361
S21401DE1019F80320013303EA080341EA022119F83D
S21401DE200320013303EA080319F8030041EA02411B
S21401DE30002341EA0061727C384604F01FFD062388
S21401DE4030600020B37144E7531E7DE719F80400E3
S21401DE504000C0B2CDE70020CBE70023F3730B4BA5
S21401DE605B691A0A1B0406D4D3B2323BDBB2B37326
S21401DE7000233360E5E762F0FF0352B28032F4D14B
S21401DE808023F4E7022024E7004000B800C000B871
S21401DE9038B50546084B808A9C6A41F21652C4F38F
S21401DEA00C04A04234BF002001200821FFF760F8CF
S21401DEB0A88A001B80B238BD0040005470B50646E3
S21401DEC00D4614466BB107F099F8B08AA04228BFF8
S21401DED0204684B222462946034801F053FD2046D7
S21401DEE070BDFFF7D5FFF1E70840005438B5148838
S21401DEF011F003054FEAC40422D13F2C20D9B4FA0D
S21401DF0084F4C4F11903DBB2052B01D8192C15D002
S21401DF10052B28BF052301240633DBB29C40C4F33E
S21401DF20CF03138003828161448701F0A7FD054A70
S21401DF30631E2343C2F8A430284638BD2B46EAE7C1
S21401DF402125F9E7001E00B0082310B1024A136725
S21401DF507047024AFBE700BF001002B8002002B873
S21401DF602DE9F743DDF828800746894616461D4603
S21401DF7008F063FA0446032002F050FE38B120464A
S21401DF8008F056FA0E24204603B0BDE8F083484B4D
S21401DF9020465B6913F0060FF2D108F049FA012317
S21401DFA0324649463846FFF7BBFC04460028EAD10C
S21401DFB0002D6CD0B8F1000F69D03E4C2368002BC1
S21401DFC005DAF7F7B3FA002803462060DADB1846CD
S21401DFD004224FF43C51F7F79BFAA4220021206853
S21401DFE0F7F7C0FA4FF48072314B414638469A65CE
S21401DFF0FFF7C8F900284AD12F4B1B78012B46D0D2
S21401E00020222E4B01201A672D4BDB6CB3F5817F46
S21401E01022BF80222B4B1A6107F090F908F00DFA07
S21401E020294A07461368B3B129682C790B44136053
S21401E030019383B1042002F0EDFC00232246042064
S21401E04001A902F005FD30B904F056FD2124384639
S21401E05008F0EEF997E702F03DFE16F0800018D0C2
S21401E0600022134B9A67687901A9431E584258410A
S21401E070FFF76AFF2B68032001932A79082302F031
S21401E080E7FC48B904F038FD384608F0D1F92124F8
S21401E09079E704F0D1FCE6E70C4D2B689847212878
S21401E0A00446D4D1012100206B6898470024CEE7AE
S21401E0B000C001B834420020AD3E0020001002B876
S21401E0C0001F00B0000002B84C3D00202C4200208A
S21401E0D0054A12681AB190F82A1119B9104708466C
S21401E0E003F062BA01487047443D002000FEFFFF7E
S21401E0F0374B2DE9F7431C6801F4007900F0010362
S21401E100174653EA090206460D463AD04FF0000874
S21401E11063B30023002200210120CDF80480CDF84E
S21401E120008005F073FA042002F074FC4146204694
S21401E130FFF7CEFF012241462086DFF8A880104671
S21401E14006F01AFBD4F8A01094F8270003F0C6FADC
S21401E150D8F8000000F0D4F94FF0FF33C8F80030CB
S21401E16094F8243043F0040384F82430B9F1000F06
S21401E17007D00121204607F08FF925F400750643E4
S21401E1800D432B4632462046FFF7EEF9FB070FD527
S21401E1901049114A086800211368116001210F4ACD
S21401E1A0117003B198470E4B002102205B68984717
S21401E1B017F00E0F08D04FF4EC723B21002003B08D
S21401E1C0BDE8F043FEF7D4BE03B0BDE8F08300BF60
S21401E1D0143B00205C3D0020603D0020B13E002045
S21401E1E02C4200203842002008B54822002102486F
S21401E1F005F0C0FF002008BDDC1E00B010B50C46BF
S21401E200FFF7F2FFBCB1A378082B16D8E278082AEC
S21401E21013D843EA021313F0FF030CBF19466168D3
S21401E220074AC2F8DC10217882F82011617882F85A
S21401E230233182F82111002010BD2120FCE700BF08
S21401E240001E00B073B52F4A2F49137809784FF096
S21401E250FF350B4378211370A0F820116422822128
S21401E260C0E94622C0E94412C0F80C216FF47B4293
S21401E270C2624FF400420D23A0F846200722002672
S21401E28080F83C314FF6FF730446C28700F1540212
S21401E29002651E4AA0F84030438642630387C38462
S21401E2A0C0F8B450458580F8286004F087FB204606
S21401E2B0FFF79AFF94F928102046FFF7A3F9602389
S21401E2C040F6FF71124A2046D36402F11C42D16225
S21401E2D0D165104A2946D36440220F4B1A67D4F8F9
S21401E2E0A02006F026FD0E2300220193009340F2A3
S21401E2F002231046194605F089F901F021FF304640
S21401E30002B070BDB33E0020D88902004000FFFF76
S21401E310004000B8005000B8002002B8012A10B52D
S21401E32012D8032B10D803EB82020123074C93402B
S21401E33094F82201DBB221B10343002084F8223194
S21401E34010BD20EA0303F8E72120F9E7001E00B01C
S21401E35003462DE9F0410C68D1F804E0651C08BFBE
S21401E360D3F80C41B0F8402108BF0C60BEF1FF3F66
S21401E37008BFD3F818E18E6808BFC1F804E0771C1F
S21401E38000F5827045D1D3F81451CF688D607E1C9C
S21401E39045D1D3F81061D1F810C04F69BCF1FF3FE9
S21401E3A008BFD3F804C1D1F8188008BFC1F810C05F
S21401E3B0B7F1FF3F08BFD3F80871CE6008BF4F61C1
S21401E3C0B8F1FF3F08BFD3F81C81B8F1000F2CD07D
S21401E3D05A32424538BF42468A6114B15A2C38BF78
S21401E3E05A241349C3F80C41C3F81061C3F81451F9
S21401E3F0C3F818E1C3F81C21C3F804C1C3F80871B7
S21401E4000C4A0723D1F8FC1004F08EF90020BDE871
S21401E410F08102F15A05B54238BF3546B5E702F13B
S21401E4207806BE4238BF3E46B5E76422D4E700BF51
S21401E430001F00B0581F00B038B5054C054B417899
S21401E44000782568236003F065FB00B1256038BDC0
S21401E450643D0020A0900200074B1B684BB10028CA
S21401E460064B08BF0023064A1360064B18700020AF
S21401E47070470220704700BF643D0020989002005C
S21401E480683D0020B23E0020014B1878704700BF5F
S21401E490B23E00204FF40022034B186F03F50053E1
S21401E4A01A67C0F3C0407047000002B8024B5869B3
S21401E4B000F00100704700BF00C001B870B50C46FF
S21401E4C016461D461AB113680BB15B688BB907F087
S21401E4D0B4FF07F0ADFF0123AB71B389049AE11ACB
S21401E4E07368B06889B2134400FB0133A9802B60BE
S21401E4F070BD1A68032AEAD99B6A5B0EECE700BF77
S21401E500431C07D06FF0FF02034B10401A62A3F5BD
S21401E51080531862704700BF00E000B8014B186CCA
S21401E520704700BF001F00B0014B00201964704700
S21401E530001F00B003282DE9F74F0C46914678D806
S21401E5403D4B1E5C3D4B13F800A03D4B13F800B04D
S21401E55007F073FF804605F00BFA074640B100232B
S21401E56000220193009301200023002105F04EF8BC
S21401E57005F006FA48B1002300220193009300201B
S21401E58000234FF4004105F041F8002E49D02D4BF1
S21401E590DD6C05F0080506EB0A002B4B23305844CA
S21401E5A0DD64C0B202F07EF95146304605F02CFA21
S21401E5B05A465146304605F093FA244BDD6477B14E
S21401E5C0234B1B68D3F8A01093F8270003F086F8B6
S21401E5D020490868FFF794FF4FF0FF330B60B9F14D
S21401E5E0000F04D01C4B002103205B689847D4B170
S21401E5F04FF48062194B1D6F03F50053C5F3802558
S21401E6001A67404607F014FF00F090FB01280CD172
S21401E6101DB14FF48062124B1A67002003B0BDE8AB
S21401E620F08F3546B7E72546EBE7002CECD1052001
S21401E630F4E72120F2E700BFB8900200B490020090
S21401E640B0900200004000B8006000B8005000B86A
S21401E650143B0020384200202C42002000C001B8A4
S21401E66000D001B8034AD36960F3D223D3610020F6
S21401E670704700BF00C000B8064B5A6A920207D422
S21401E680D3F8800000F47060003818BF012070478E
S21401E69001207047004001B870B514460E4601F0DF
S21401E6A00B0323EA0201394A2340D164A2F58052C2
S21401E6B0D3647307054610D50121FFF7DDFF60B16E
S21401E6C005F08AF94FF4007314F0040F14BF304AB2
S21401E6D0304A53620422304B1A67F10606D514F00D
S21401E6E0100F14BF00221B222C4B5A6532060CD584
S21401E6F0230605D54FF40012254B1A6203F000F8E5
S21401E700214695F8270002F0E9FFF00503D5E1055B
S21401E71025D502F0ABFFB20503D5A30522D502F03D
S21401E720B1FF16F48C6F18D014F480621FD095F8E0
S21401E7302530DC070CD5EA8DB5F83631934214D076
S21401E740B5F83831981A43424341154A82F8C43025
S21401E7502846D5F8F010FEF7BBFF002070BD02F08A
S21401E7607FFFD8E702F088FFDBE70123EDE77105BD
S21401E770EED595F82530DB07EAD5094B114683F827
S21401E780C420084B28461B689847E1E7006000B89C
S21401E790005001B8006001B8002002B8004000B87F
S21401E7A0001E00B0703D0020F8B5054690F83C010B
S21401E7B00C460D28164628D0FF2928D01AB14FF04E
S21401E7C0FF32144B1A6006F09FFD074695F83C0190
S21401E7D001F0FAFC844228BF0446E4B2BC4238BFCA
S21401E7E03C46E0B285F82B0001F092FD0A4B1B78FF
S21401E7F04BB9FF280CBF2124002416B9284601F086
S21401E800F7FC2046F8BD0024F7E70224F9E72124A7
S21401E810F7E700BF40420020D88902007FB5204BB1
S21401E82004461B780E46154643B3D0F8EC3000225A
S21401E8309BB34FF0FF36029602AEB3F91230009644
S21401E8400392F8F76CFBB8B902994B1C14D020461A
S21401E850C1F3813106F09FFB70B9BDF90C30029906
S21401E86002460093C1F30D0103462046FEF7ECFA7B
S21401E8702946204606F052FD04B070BD02A906F0F6
S21401E8804BF832469DF808102046F8F7B9FB2A46A1
S21401E89001462046FFF788FFEEE71846ECE700BF83
S21401E8A0D8890200F8B50D4690F83C1104460D29AA
S21401E8B0174603D12E4B1B78002B50D02A462046F4
S21401E8C0A4F84650F8F79CFBD4F8EC3084F82A00FC
S21401E8D0002B40D0274A1678D4F8FC204EB1002AE7
S21401E8E03FD1B4F94600B3F91210884206DC00267F
S21401E8F007E0B2BB94F84521824202D20126B3F961
S21401E900125000222946204684F82D70FFF786FF14
S21401E91000BB76B1C4F8EC00204605F0AAFF4FF61E
S21401E920FF739842014614D02046BDE8F840FEF732
S21401E930F9B9114B1B78022B0BD8204601F046FD86
S21401E9400E4901230E4AD1F8FC1004F5827003F03B
S21401E950EBFE0020F8BDFF2384F82B30F9E70220F8
S21401E960F8E7B4F94210B3F912209142BEE700BFAE
S21401E970D8890200B33E00204C420020001F00B0A0
S21401E980581F00B0D0F8A830012B01D100207047E5
S21401E99070B504465A498CB006F0F4FCD4F8EC6025
S21401E9A00146E58DC4F8F00026B1336813B15B6803
S21401E9B0002B5ED107F041FD07F03AFD0123D4F8A4
S21401E9C0F0108DF80630B389B0687268EB1A9BB206
S21401E9D000FB03224B48ADF80430036800928B42DB
S21401E9E002D02046FEF774FE474D00F09FF901283D
S21401E9F0FBD1AB689E06F8D420469DF80620009908
S21401EA0006AB03F085FB002830D100F08FF9012812
S21401EA10FBD13D4A136FD801FCD493689906F9D40B
S21401EA20684606A903F02EFD0546F8B9E28D374B78
S21401EA305A6494F8243060F3410384F8243000F0DB
S21401EA4025FF0246D4F8EC104B691E685868531E21
S21401EA50DBB2FD2B0296039011D8012A2AD020465C
S21401EA6002A906F0B9FB00200CB070BD02200CB064
S21401EA7070BD1A68032A9DD99B6A5B0EA1E7F31C39
S21401EA8003D8FF2A1BD00022E9E7FF2A21D001364E
S21401EA90E9D1D4F8EC101E4B4A689A4221D8D4F832
S21401EAA05C319B0523D494F8243043F0020384F8A8
S21401EAB02430D8E7C51CD2D90130D4D1EBE7C61C27
S21401EAC0CDD90130DFD12A46204602A906F084FBC3
S21401EAD0DFE7C31C11D80122204602A906F07CFB01
S21401EAE0D5E7204600F06EFE0028BCD0D7E72046CA
S21401EAF04FF4803106F0D0FCB5E70130C7D1CAE744
S21401EB00FC1F00B0483D0020000002B8008001B89C
S21401EB1000CA9A3B10B5042301240A4A0A49D1F8CF
S21401EB20EC00C2F8EC30C2F8E0300C634FF4005150
S21401EB30D162410742BFC2F8E030A2F58052C2F866
S21401EB40EC3010BD0060005400400054F8B5044697
S21401EB500D46D0F8F07019B990F82430590645D40E
S21401EB604FF6FF73618E994204D0324B1B680BB18E
S21401EB7020469847304E3368BB4253D02F4B1B6814
S21401EB803BB11FB13A68002A4ED0BF6839462046CD
S21401EB9098470727204601F019FC002D38D006209B
S21401EBA00125274B94F9282093F900302549C3F114
S21401EBB01C039B1ACA6963F3D222D4F8F030CA61E7
S21401EBC0214A3360214B906720461D7006F0D7FA24
S21401EBD01F4B1B6F5A0203D4D4F8A0301B0603D573
S21401EBE04FF400121B4B1A620020F8BD4FF6FF725D
S21401EBF0114E65F3861380F82430336842869F42AF
S21401EC0014D00E4B1B68002BBBD101F0DFFB07278E
S21401EC1011493B46114AD1F8FC1004F5827003F005
S21401EC2083FDBCE70127B5E71746AFE701F0CEFB4A
S21401EC300127EDE7543D0020483D0020503D0020CF
S21401EC40AE3E002000C000B8006000B8B03E002014
S21401EC50000002B8005001B8001F00B0581F00B0F5
S21401EC6010B50446D0F824210B4B4FF40061C3F8CD
S21401EC70A82090F82420D20102F4006205F000F8E2
S21401EC8094F8243013F0100F4FF4007314BF034AA6
S21401EC90034A136710BD00BF001E00B0001002B883
S21401ECA0002002B838B507F0C8FB4FF6FF710A4AD4
S21401ECB013888B4203D107F0BBFB0E2038BD074CEF
S21401ECC0074D1B046566A4F580546366118007F042
S21401ECD0AFFB0020F2E700BF4A420020006001B807
S21401ECE00000FFFF08B50D4BD3F84C21531C13D081
S21401ECF012F0804210D10A4B1B681BB1114603204B
S21401ED00FFF718FC4FF080624FF40071054BDA678D
S21401ED10054AD16201225A6108BD00BF0080E00F9A
S21401ED20143B0020001002B8004000B80F4BDB680F
S21401ED30C3F30363013B0B2B0FD8DFE803F0060692
S21401ED400C06060606080A08080802207047042072
S21401ED5070470520704703207047054B5B6913F029
S21401ED60060F14BF04200120704700BF000002B840
S21401ED7000C001B8094AD368C3F303630B2B08D05C
S21401ED806FF49050184100F0010080F0010040003F
S21401ED907047106F10F48030EDD17047000002B854
S21401EDA00C4AD368C3F30363062B07D8042BD8B2E7
S21401EDB00BD8C31E5842584140007047072B06D156
S21401EDC0D2F830010028ECD17047022070470020AD
S21401EDD0704700BF000002B8084BDA68C2F303624E
S21401EDE0931E012B8CBF00230123037040F62203E0
S21401EDF0D34003F001030B70704700BF000002B858
S21401EE00084BDA6802F03062B2F1407F08D15A6FDF
S21401EE10D20605D4986FC0F3C00080F00100704799
S21401EE2000207047000002B82DE9F84F4FF00108A6
S21401EE30264F08FA01F8BB69064613EA080F0C4686
S21401EE4033D006F074FA4FF03009824609FB067992
S21401EE50DFF894B0D9F8645005F00305012D26D1EA
S21401EE601034BB6905FA04F444EA080423EA0403EF
S21401EE703146BB61154807F0EFFA154BB5405D63A7
S21401EE801449154BCA6ADB6C22F4706203F4706392
S21401EE9013434FF47A52CB62104BC3F83021104B18
S21401EEA01B6813400F4AC2F83031BDE8F88F06F0F0
S21401EEB03EFAA0EB0A00584540F2F7624FF05101C6
S21401EEC08CBF00200120FEF753F8C3E70000045072
S21401EED000200450004001B8001F00B0002002B816
S21401EEE0743D0020001002B83F420F002DE9F04F9C
S21401EEF0ADF5257D04460E4602F060F94FF4247206
S21401EF0080460021684605F035F94FF0010E1322C0
S21401EF10022103460EFA06F6F6B280F800E0067203
S21401EF204672C26080F810E04676C26180F8201012
S21401EF30A948E52558624FF432705865A748A84F8E
S21401EF40C3E91A020830C3E91E021838DFF8B4C252
S21401EF50C3E92202DFF8B0A2DFF8B0B25D635F64F6
S21401EF60A04DA14FA0F57D500838C3E90AA2C3E918
S21401EF700EC2C3E912B2C3E9167283F8301083F8E1
S21401EF80401083F850101D661D67C3F88050C3F803
S21401EF909050C3E926022030C3E92A029348DFF8DD
S21401EFA07092C3F8B40000F56050C3F8C400A52001
S21401EFB0C3F8D4008E48C3E92E72C3F8E4000420D7
S21401EFC0C3F8F400302000FB08F88A48C144C3F8AF
S21401EFD00801032083F80C01C820C3E93272C3E993
S21401EFE036C2C3E93AB2C3E93E92C3E94672C3F8F0
S21401EFF0A05083F8B01083F8C01083F8D01083F8BF
S21401F000E01083F8F010C3F8005183F81011C3F82C
S21401F010140183F8201183F859616F4E7648C3F8BE
S21401F0206461E526C3F874616D4EC3F82401C3F824
S21401F03084614FF000404FF432764FF08048C3F8B9
S21401F0403401C3F894616D48644EC3E94E02C3E9C6
S21401F0505202C3E94AA2C3E95AA2C3E95EC2C3E99E
S21401F06062B2C3E9667283F8301183F84011C3F8BF
S21401F0705C2183F8601183F8701183F8801183F89E
S21401F0809011C3F8A051C3F8448183F850E1C3E955
S21401F0906A620836C3E96E62183EC3E97262A6F573
S21401F0A07D56083EC3E976622036C3E97A624F4E42
S21401F0B0C3E97E72C3F8F46106F56056C3F80462CC
S21401F0C0A526C3F814624A4EC3E98272C3F82462C5
S21401F0D00426C3E986C2C3E98AB2C3E98E92C3F89D
S21401F0E0B051C3F8C051C3F8D051C3F8E05183F80A
S21401F0F0F01183F8001283F8101283F8201283F8B7
S21401F1003012C3F83462C3F840523A4DC3E99E0246
S21401F110C3F84852032583F84C52C825C3F8545205
S21401F120354DC3E99672C3F864524FF00045C3E902
S21401F1309AA283F85012A42283F8601283F8701200
S21401F14083F88012C3F8880283F88C1204F1300029
S21401F1501946C3F87452C3F8848201F0B1FFD4F89B
S21401F160BC2204F140039B0863F39F022546234615
S21401F170C4F8BC2204F11402C3F8945005F1180136
S21401F18004359542C3F8D41103F11003F4D11920C4
S21401F190F6F754F800F59200194B00F57850800008
S21401F1A0B0FBF3F094F83231C4F8240143F0400385
S21401F1B084F8323194F87232C4F8345143F0400383
S21401F1C084F8723204F12C03C4F86402C4F8743271
S21401F1D00DF5257DBDE8F08F296E0600448001B847
S21401F1E00300004008002008548001B8C80A040043
S21401F1F003000080284000B8096E0600100002B81F
S21401F20000F049022C8001B83C0102B8108001B818
S21401F210600004502DE9F84F82460C46174605F06B
S21401F2201EFF002866D09AF82530DB0762D501F06C
S21401F230C5FF9AF9269005463CB94946FFF7F4FD05
S21401F240002F4ED10020BDE8F88F0124DFF8B4B0BE
S21401F25004FA09F6DBF818303342F1D14FF4706244
S21401F260254B04FA00F8DA624FF42062A3F58053C6
S21401F270DA624FF42C5122464846F6F749F9302314
S21401F28003FB05B54FF4803340F6A202EB65DAF8CE
S21401F2903031303323F003032B67184BCBF828802B
S21401F2A0C3F83480164BDB68C3F3036304FA03F137
S21401F2B0114211D1022B1DD1124B09F110095C60CC
S21401F2C0DA6904FA09F42243DA619A691643264395
S21401F2D09E61C3F84880B3E7094BDB68C3F3036359
S21401F2E0E4E74FF40012084BDA614022074BC3F8FB
S21401F2F08421A7E70220A6E7006001B80020045099
S21401F300000002B800000450002002B800E100E04E
S21401F31010B5044605F0A3FE30B394F82530DB079C
S21401F32022D501F04BFF94F92610FFF77DFD002250
S21401F33094F82530C4F8302123F0010384F82530F1
S21401F3400A4B114683F8C420094B20461A60094B24
S21401F3501A6005F00FFE084A92F8493003F00103DF
S21401F36063F0730382F84930002010BD001E00B020
S21401F370703D00206C3D0020001F00B0024B1B6852
S21401F38003B11847704700BF7C3D0020024B1B6845
S21401F39003B11847704700BF783D002010B5FF2223
S21401F3A04FF6FF71044605F05DFE68B9FF224FF681
S21401F3B0FF71204605F067FE30B92046BDE81040D3
S21401F3C0FF22024905F072BE10BD00BFBC900200CC
S21401F3D02DE9F0411C46184B05461E680F4690461F
S21401F3E046B1306801F0EAFFF3681BB1B3681868EC
S21401F3F001F0E4FF114B1B682BB1DA681AB19B6868
S21401F400186801F0DBFF9DF81830640744EA0842EB
S21401F4105B0503F0BC6342EAC7621A432846084903
S21401F42042F4C87204F02CFC002228461146FEF76E
S21401F43023FC0020BDE8F081B88902003C7402007C
S21401F4409007E12D08B5FFF7DBFC88B1094BDA69B7
S21401F45012030DD5186F10F4003009D19B6F13F00D
S21401F460100F4FF010030CBF034A044A936708BD00
S21401F4700220FCE7000002B8001002B8002002B823
S21401F48038B50446E8B1114BDA6912031BD55D6F36
S21401F490C5F38115032D12D0022D14D12A460C4B2B
S21401F4A02146D3F8B4300B489B1A9BB205F0F7FE01
S21401F4B00020064B25729B6F1B0A637238BD08221B
S21401F4C0EDE72120FAE70220F8E700BF000002B8C6
S21401F4D0001E00B03840005438B50546FFF790FCD2
S21401F4E098B10B4B1C6F14F400340ED10220094B5B
S21401F4F0094A1B681B6D90672246AB4214BF28461B
S21401F500002000F093FA204638BD0224FBE700BF36
S21401F510000002B8143B0020001002B82DE9F04F9D
S21401F520DFF8F8810446D8F800300D468DB02BB1CF
S21401F5304FF00E0B58460DB0BDE8F08F05F08FFD6D
S21401F54010B94FF0020BF5E775B194F82530DB07DB
S21401F55006D50C22294604F5987005F0B4FF30B1A3
S21401F560EA882B899A4205D12046FFF7D1FE4FF053
S21401F570000BDFE7FFF7DAFB0128E2D12F68002F47
S21401F580D6D017F00307D3D1AB88B3F5307FCFD3EE
S21401F59001F014FEFF28CBD094F92660002E08DA7D
S21401F5A03846F5F7C3FF46B2002EC0F2A18084F8B4
S21401F5B02660002294F82530114623F0010384F8D2
S21401F5C02530204605F0D6FC4FF400224A4B1A6738
S21401F5D04A4B4B4A1A604B4B4B4A1A6001F0EEFD00
S21401F5E03146FFF721FCD8F80030A3B1A84658F8F9
S21401F5F0049B05F108034F46B4F82EA0039320465A
S21401F60038F8021FFDF75EFA834670B15146204670
S21401F610FDF758FA8EE73D4B0E222046196805F095
S21401F620FBFC83460028E1D084E70090D4F8EC2068
S21401F6302046E18D04ABFEF741FF20469DF81620DB
S21401F640049906AB02F064FD83460028DED13049FA
S21401F650089BD1F8EC20183722F07F6222F47F2233
S21401F66022F40F6222F00F021A43D1F80C310799E7
S21401F6706FF313030B43E18D47F8181C069947F8FF
S21401F680083CBDF8143047F8101C47F8043C039BAF
S21401F69047F80C2C9845B2D151462046FDF712FA90
S21401F6A0834600287FF446AF31464846FFF71EFCE6
S21401F6B05A460121204605F05DFC164A04F5987667
S21401F6C0C2F8C09082F8C5B095E8070086E8070042
S21401F6D0114991F8492002F0010242F0200281F816
S21401F6E0492094F8252042F0010284F8252021E7DC
S21401F6F04FF0210B1EE700BF001002B8703D00203E
S21401F70015F201006C3D002011F30100387402006F
S21401F710004001B8001E00B0001F00B0783D002078
S21401F720431EDBB2FD2B12D9FF280B6812D013F053
S21401F730802F1EBF42F20102084BC3F8282251F85F
S21401F7402020064BC3F85022C3F8542270470128E4
S21401F750F5D100234A681343E9E700BF004001B82A
S21401F760F0B5164B85B007460E4614460FCB8DE80E
S21401F7700F00134A6D46D2F84832D2F84C22591C73
S21401F78008BF0023501C15D0002B08BF13463EB1FE
S21401F790611EC9B2FD290FD93360FF2C00D17260FA
S21401F7A0CDE9003229462246384605F015FD0020EF
S21401F7B005B0F0BD1A46EAE7012CEFE7CC9002004F
S21401F7C00080E00FF0B51C4B85B0D0F8E8700FCB89
S21401F7D08DE80F00194B6E46D3F84842D3F84C52C9
S21401F7E0631C08BF00246A1C12D0002C08BF2C46DC
S21401F7F03146FF20CDE90045FFF792FF00224FF08A
S21401F800240CF9680E4E914204D1002005B0F0BDDB
S21401F8102546EDE7BB680CFB02335868B04209D9B0
S21401F8205B693BB118680130586808BF1C6001303D
S21401F83008BF5D600132E6E7CC9002000080E00F71
S21401F84000CA9A3B30B50C4B85B0054618700823A4
S21401F85078B90A4AC2F8FC3349B9094B0FCB8DE88F
S21401F8600F00084B2A4669461868FFF779FF05B06E
S21401F87030BD054AEEE700BF52420020001002B834
S21401F880DC900200143B0020002002B8014B1878DF
S21401F890704700BF52420020124BD3F8E020D2033B
S21401F8A01ED54FF480321049C1F8E020A1F58051F1
S21401F8B0C1F8EC201A6CD1B2C2F30722C3F880104B
S21401F8C0C3F880200422C3F880200022C3F88020D9
S21401F8D0C3F88020C3F88020C3F88020C3F88020B6
S21401F8E0704700BF0040005400600054F0220D4BEA
S21401F8F0016D9A64A022A3F580539A64838E012039
S21401F900B3FA83F3084AC3F11903DBB2C2F8C000A5
S21401F910C2F898304FF40053C2F89C10C2F8BC30BD
S21401F920704700BF006000B800400054F8B50D46AF
S21401F9301746064606F081FD01230421084C094AB4
S21401F9402363A760E6602561C2F8E010064AC2F8A4
S21401F950843106F06DFD0DB102232363F8BD00BFAF
S21401F960004000540060005400E100E00122044B16
S21401F9701A6640F6FF729963D863DA65704700BF6E
S21401F980004000542DE9F04F042A05460B4683B08B
S21401F99037D901260978141F81615A7803F10409C1
S21401F9A082619A788261DB7883610368D0F808B057
S21401F9B003F0070306339E4006F1FF3A47680AEA5A
S21401F9C00B08A6EB080247F00057944207EB080025
S21401F9D00CD84946224604F031FD46EA0A0604EBF5
S21401F9E00B023240AA6003B0BDE8F08F494601928F
S21401F9F004F024FD019A384609EB0201A21B424499
S21401FA00E9E7013A032AEED8DFE802F00B0805021F
S21401FA1013F8012B826113F8012BAA6113F8012B4D
S21401FA20AA611B78AB6103B0BDE8F08F38B50C4610
S21401FA30154601460F4B60B101220F48C3F8C0209E
S21401FA402246FFF79FFF1DB104220A4BC3F8C020D0
S21401FA5038BD64B1D3F8A420A24284BF0122C3F802
S21401FA60C0200222C3F8A040C3F8C020EBE7012261
S21401FA70FAE700BF004000549840005438B50446E9
S21401FA8006F0DBFC01211A4A638F054611663BB37B
S21401FA90B3FA83F3C3F11903DBB2A069C2F890107D
S21401FAA093660723D066C2F88C304FF4A02302F584
S21401FAB00052C2F8E030A2F58052C2F8EC300022C3
S21401FAC00C4B1A600C4B1B6F5B0209D54FF480027E
S21401FAD00A4B1A67D4F8A01094F8270001F0FEFD2F
S21401FAE04FF4E0232846E363BDE8384006F0A0BCA7
S21401FAF000400054803D0020000002B8002002B8FB
S21401FB002DE9F84305460C46C1B1D0F81880478F59
S21401FB1006F093FCB5F83CC0791EDFF8049101EAC3
S21401FB200C0323F00702032C0646D9F800E04244F2
S21401FB305AD1BEF1000F04D106F07AFC0E20BDE8C2
S21401FB40F8832EF001042EF0010EA64551D10023B4
S21401FB50C9F80030238894426FEA43436FEA53435F
S21401FB6023803CD1EB8F08EB07091846083880B292
S21401FB7002F108044C4528BF4446082804D9B4F8C5
S21401FB8000E0BEF5804F3ED263440F431B1A3B4054
S21401FB909BB2AB87E887118894781C4AC1F30C01A5
S21401FBA051645367C2F88C004FF48022184B04F05E
S21401FBB00704C3F8E0200122164BC3F88421FFF79F
S21401FBC06BFE042C0BD14FF48002134B1B6F134BAF
S21401FBD01A67D5F8A01095F8270001F07FFD30468A
S21401FBE006F026FC0020AAE7601E012898BF1446EE
S21401FBF0A9E7E88F4344E31A48BFDB19083898425F
S21401FC00A8DC304698E72246B0E700BF0040005423
S21401FC100060005400E100E0000002B8002002B8D5
S21401FC20803D0020144B10B51968CA8F8B8F488F02
S21401FC3013440138073B8C69034023F007031C4437
S21401FC4002F108030D4A9BB2CB87C2F88C304FF401
S21401FC5080220B4BC3F8E02001220A4BC3F8842113
S21401FC60A07800F00700042803D1074AD3681B03D5
S21401FC70FCD4064B1C6010BD143B00200040005411
S21401FC800060005400E100E0000002B8803D002062
S21401FC9010B5064C216839B1CB0703D4044B18685C
S21401FCA0FFF72EFF0023236010BD00BF803D00201C
S21401FCB0143B00204FF480320B4B0C49C3F8EC2068
S21401FCC0A3F50053C1F8E020D3F888109A6E0123FB
S21401FCD002F0070206329340C1F30C01083B994239
S21401FCE001D8FFF7D9BD704700600054005000549A
S21401FCF02DE9F04106460C46478F1546D0F8188088
S21401FD0006F09BFBB28F07F1FF3E02EA0E0323F0DB
S21401FD100701032CB6F83EC0414419D14A4C246869
S21401FD209CB96244073A02EA0E0222F0070208EB87
S21401FD3002044344E31A48BFDB19634510DB06F0AF
S21401FD4077FB00242046BDE8F08124F00104F0E7AB
S21401FD50012C03D0022CECD1ACF1080C0C46E8E7E0
S21401FD60002D36D08C4237D1384A526CDFF8DCC0D1
S21401FD70718ADCF88870C7F30C079F423FDD238841
S21401FD80B3F5804FDBD2A77801F1FF3C07F00707F8
S21401FD90C3F30C039B1A41EA0C0E052F2F7003EADE
S21401FDA00E0324D81BB223EAE3776F80E7782F741B
S21401FDB0F66902EA0C02B718AF609FB212FA83F333
S21401FDC08B4291BF00238B1AAB80EE609CBFAF8045
S21401FDD0EB6006F02DFBB5E7A4F10802904584BF61
S21401FDE0FF0802EBC7021288C2F30C02BEE7184FE7
S21401FDF07F6D003F18BF0127A3EBC703D2E7DCF8EE
S21401FE00403001F1FF3CA3EB020E41EA0C030EEA7F
S21401FE10030EDFF840800FFA8EF3002BD8F80C7033
S21401FE200FDC07F07067B7F1407F14BF002701278A
S21401FE30FF002F70D8F87870A5F802E03F0A2F74FB
S21401FE40B6E70827F5E700BF803D002000400054D4
S21401FE50004000B8000002B8134B70B51E68134B83
S21401FE60748A9D6C621E1B6CADB292B242EA0401AA
S21401FE705B1B0B40191E18BF0121C90001700C49FC
S21401FE802A40896F4380090A0174F169D618A6428F
S21401FE9001EB0205D2BF0021A31A9BB285608380C5
S21401FEA0C160002070BD00BF143B0020004000541C
S21401FEB0000002B8054BA822D3F84C013121431C9F
S21401FEC00CBF0120C0F38070FDF752B80080E00F30
S21401FED038B5094D0446286840F6C202003818BFF6
S21401FEE001202B21FDF744F8FA235C432B680A20F6
S21401FEF0B4FBF3F4604338BDB43D0020164B30B577
S21401FF001A68431C154B1FD0B2F1407F1CD3144C0A
S21401FF10D4F80021154661F3050260F30505C3F820
S21401FF20D020C3F8C850D4F804310E4A1A400E4BFC
S21401FF3003EA500003EA510110431143074BC3F88B
S21401FF40CC00C3F8D41030BD00200146C3F8C80069
S21401FF50C3F8D000F2E700BF0080E00F001F00B03A
S21401FF60000002B81FF087E1E0FFFF7F014B5880D9
S21401FF70002070474C42002073B5564E0446317837
S21401FF8019B91C22544804F0F5F82378534A544C06
S21401FF9013704FF0FC62C4F8FC204FF47F02FF217F
S21401FFA0C4F808214F4A022B4F4D117033D1042358
S21401FFB007224E49C4F8FC23C5F8FC33C4F80011E7
S21401FFC04FF4C071C5F80011C4F8FC234FF48052F9
S21401FFD0C5F8FC33C5F870214FF40052C4F87021FF
S21401FFE0C4F808314FF4FF13C4F8FC304FF4BB13C8
S21401FFF0C5F8FC308023C4F8703148F2C8023C4B87
S214020000C3F8D8203B4B3C4A0020C3F8C02F01233C
S214020010337002B070BD394A012BC4F80021384B48
S21402002027D14FF4C072C5F80021D3F83802D3F8AE
S2140200303C12FFF763FF0723C4F8FC330223C5F81C
S214020040FC334FF48053C5F870314FF40053C4F8B4
S21402005070310423C4F808310DEB0300F5F7A4FA57
S2140200609DF80530023B012B9CBF8023C5F87031FA
S214020070C3E7244AC5F80021D3F83002D3F8341275
S214020080FFF73CFF0723C4F8FC330123C5F8FC3313
S2140200908023C4F870314FF4805301A8C4F870313D
S2140200A0F5F782FA9DF80530012B05D19DF804304C
S2140200B053B948F25D1309E0FBD9023B012B9CBF02
S2140200C04FF40053C5F8703148F25813084AC2F884
S2140200D0D83097E7B43E0020C41F00B04C42002040
S2140200E0002002B856420020001002B8C0F10F00ED
S2140200F0001F00B0001000B0883D0020C0F70F00BF
S2140201000080E00FC0F60F0010B5044601F086F836
S2140201100A4BD3F8F83724B983F40023C3F3C0405C
S21402012010BD012C05D103F4C023B3FA83F04009B5
S214020130F6E7A31E58425841F2E700BF000002B895
S2140201406FF07F42154BD3F8FC37934208D0144A1F
S21402015003F03F031370F123124A1370124A13700E
S2140201601249134B09781A68A9B1B2F1A06F12D3DB
S214020170D3F850120F4A104BB1F1FF3F18BF134687
S2140201800E4A136041F66A020D4B1B68B3FBF2F38C
S2140201900C4A13607047084BF2E700BF000002B833
S2140201A05742002058420020594200205542002063
S2140201B00080E00F5082E00F00910200843D002094
S2140201C0D03D0020B43D0020012807D0022802D0EE
S2140201D030B100207047034B18787047024BFBE79C
S2140201E0024BF9E7574200205842002059420020AD
S2140201F0F0B5054685B001AC0B220021204603F07F
S214020200B9FF95F83C110846FFF7DEFF95F82B304C
S214020210421ED2B2934228BF134600293AD0012981
S21402022036D1194604204FF00F0C374EB1FBFCF7BF
S214020230F75D0138C91BC9B28A4238BF0021215472
S2140202400028F3D105200F278DF80830B3FBF7F10D
S214020250715C0B44DBB2934228BF13462354013031
S2140202600B28F3D10F2605F1B401E03514F8013B53
S214020270B3FBF6F2501CC2EB02129B1A0133DBB23E
S214020280C0B21B0443EA005341F8043F8D42EDD14D
S21402029005B0F0BD194604204FF00F0C1B4FB1FB02
S2140202A0FCF6F6B2BE5D0138891BC9B28A4238BF77
S2140202B0002121540028F2D105200F268DF808309F
S2140202C0B3FBF6F1795C0B44DBB2934228BF1346CC
S2140202D0235401300B28F3D10F2605F1B401E03583
S2140202E014F8013BB3FBF6F2501CC2EB02129B1A47
S2140202F00133DBB2C0B21B0443EA005341F8043FA9
S2140203008D42EDD1C4E700BFF9900200EC900200E6
S21402031038B5284B05461A7827490D2A02D1FF2000
S214020320087038BD104604F0EFFF04461046FFF78B
S2140203304BFFA84228BF2846C0B2A04238BF20467C
S2140203400B78C0B28342ECD0087088B1431EDBB291
S214020350022A1A490ED14FF0FC62C1F8FC20A1F520
S2140203600051D1F8FC2042EA4353C1F8FC30D8E7EA
S2140203700346EDE7124A134C1268B832C4F8C02F8F
S2140203804FF47F02C1F808210F49CA6FD202C8D4BF
S2140203900F22B3FBF2F2551CC2EB02129B1A013378
S2140203A0D1F808411B0443EA05532343C1F8083138
S2140203B0B7E700BF4C42002056420020002002B899
S2140203C0143B0020001000B0000002B82DE9F04FE8
S2140203D090F83C510746D0F8B41087B04DBB1F29A1
S2140203E038BF1F2109398C4B8C4E1A6A4C23306851
S2140203F0C2F38212D34003F0010A8842534697F8AA
S2140204002B408748DFF83CB2DFF83C9216D190F8D2
S21402041000C0D44512D19BF800C0AC450ED1814A2B
S21402042092F800C0A44509D1B9F8040007B0BDE8A7
S214020430F08F032938BF03210239D4E7FF2C31603D
S214020440037015D1284604F05FFF8046764CBAF159
S214020450000F1ED0D7F8F000002800F0CF80036807
S214020460082B40F2CB8090F83880002D5BD016E047
S21402047099F80000FFF7A8FE00F1FF38A04528BF54
S214020480A046B8F1010F38BF4FF001085FFA88F8AE
S214020490DCE7012D2CD0022D01D0D5B3D04640F298
S2140204A07122236808EB0826B3FBF2F319224B43AA
S2140204B0B3FBF2F34146012205A8059308EB062694
S2140204C004F0FEFE4FEA4808B8F1030F38BF4FF0BB
S2140204D00308040244EA0014A8F10308044300F0E7
S2140204E01F0008FA00F0FFF7F3FC00F5FA685FE079
S2140204F00F23B8FBF3F35A1CC3EB0313A8EB030357
S2140205000133DBB2D2B21B0443EA0253C3F30748F9
S214020510C5E70F23B8FBF3F344480133006850FAEB
S21402052083F313F8018C40F2712324684FEA0846DD
S214020530B4FBF3F419234C43B4FBF3F40294BAF17C
S214020540000F5ED13A4B5246A3FB041303A8A8F150
S2140205504001039304F0B4FEDDF80C80354BA4EBA7
S2140205600804A3FB041352463021009004A8049307
S21402057004F0A6FE049B8246E41A0122102105A876
S2140205800193059404F09CFE009B46F480461C02F0
S214020590019B44EA0A14044308EB0300059B46F059
S2140205A010061844FFF794FC00F50C5808F12808CA
S2140205B040F6FF72204B4046C3F8C020A3F5805396
S2140205C0C3F8C040A3F580531C4CC3F8C460C4F8FB
S2140205D0008002F03BF84FF47A72194B404298655D
S2140205E023681049B3FBF2F3A9F8043097F82B30CE
S2140205F0B8FBF2F08BF800500B7017E74FF00008CC
S21402060033E70022414602A804F05AFE040244F0F0
S21402061011040298C6E700BF004001B8404200201D
S214020620B53E002053420020D03D0020843D0020ED
S21402063069C2F568911E856B006001B8B83D00205E
S214020640001F00B0544200204C420020014B18709C
S214020650704700BF5542002010B50446FCF71AF951
S21402066078B1174B1B786BB964B1164B1B784BB13C
S214020670154B1B78013B012B04D84FF40042134B59
S214020680DA6710BD124BDB6F1B04FAD405F0D5FEF9
S2140206904FF400420F4B0446DA67A3F5A0435B68AB
S2140206A02BB1FDF703FF10B1022004F047FE022231
S2140206B0094B2046BDE81040C3F8842405F0B8BEB6
S2140206C0B63E0020B73E0020BC3D0020002002B807
S2140206D0000002B8001002B800D003500122024BFC
S2140206E000201A70FFF7B8BFB63E00200022024B69
S2140206F001201A70FFF7B0BFB63E002037B5044699
S214020700354D00F08BFD354B00201C702B78002BEE
S2140207100CBF002404F00104FFF79EFF2B78013B78
S214020720012B08D8EB7B01A88DF804302B7C8DF8C2
S2140207300530F3F7B3FA0022294BC3F88424002CC1
S21402074042D06A68002A35D0264B1B6803EB520358
S214020750B3FBF2F3013B1B0243F0F8032A78022AAA
S2140207602AD0032A2CD0012A31D1072243F00203D1
S2140207704FF6FF701C49C1F88400A1F58051C1F8FC
S2140207808430174BC3F8842493070BD5EB7B01A860
S2140207908DF804302B7C8DF80530F3F76DFA0120C6
S2140207A0FFF75AFF4FF080439CB1104A0020D367F0
S2140207B003B030BDF823D1E7062243F00103D7E7A2
S2140207C0042243F00503D3E72246F823D0E70022AB
S2140207D0CEE7074AEAE700BFBC3D0020B73E00204E
S2140207E000C00350D03D0020006000B8001002B8E0
S2140207F0002002B8F0B5284F06463D4604460FCE06
S21402080085B00FC533682B6000F008FD0022234B2D
S214020810C3F88424A17A627A42EA0142C3F8902499
S214020820217CE27B42EA0142C3F88C24217B627B74
S21402083041EA0240C3F888043B78032B29D8DFE854
S21402084003F022020C178DF8041004218DF80520FF
S2140208500DEB01000022F4F71BFFE37B00228DF86C
S2140208600830237C042102A88DF80930F4F710FF23
S214020870637A01228DF80C30A37A042103A88DF83E
S2140208800D30F4F705FF064B1878FFF737FF002008
S21402089000E0212005B0F0BDBC3D002000C00350A2
S2140208A0B73E0020034BDB6F002BBCBF024BC3F8E6
S2140208B088007047000002B8004000B8084B1A6C67
S2140208C00A2A81BF5A6D4FF0FF3302F00F0293409F
S2140208D083BF9843B0FA80F040090120704700BFFA
S2140208E000C001B82DE9F04704F08BFD4FF47A758D
S2140208F02F4BB0FBF5F518604FF4FA736B430746BF
S2140209002C48190E1B0218182B4A4FF0000341F10F
S214020910000103F00DFA294BA0F5807182460246CB
S214020920196330B94FF0010A4A222B21FCF720FB4B
S21402093052464FF47A735A4329020023500803F0B2
S214020940F7F91E4B1E4AB7F57A7F9A601D4B4FEA9F
S2140209500A6619601C4BA9468846044618604FEA88
S2140209601A2A06D201259D222B210020FCF700FB25
S214020970A9464FF47A73A6FB030103FB0A116D081E
S21402098040194FF0000341F100014A4603F0D0F946
S2140209900E4B023419600E4B48F10008A40818608A
S2140209A044EA8874054B013C9C63BDE8F08700BFAF
S2140209B0D03D002020A1070040420F0000C001B831
S2140209C002110100E03D0020DC3D0020D83D002061
S2140209D0D43D00201022044BC3F884215A60012221
S2140209E0024BDA60704700BF00E100E000C001B8C9
S2140209F010B50446A242A2EB0000A3EB010104D20A
S214020A00034B01399B6B0133184401F0030110BDFF
S214020A1000C001B838B501250A4B02019D504FF4BB
S214020A2080730446084A8340536605F006FD074A6B
S214020A30A540137823EA05031370BDE8384005F095
S214020A40F7BC00BF00E101B800E001B8C13E0020DB
S214020A502DE9F84F164604468A461F4605F0EDFC79
S214020A60022E00F09280804605F0F0FC604B614A50
S214020A70D3F82090157D5A6EEDB2520744BFD3F8D4
S214020A802090013505F0030505F0DBFC48462946B3
S214020A9000F038FA8446DAF80000012E04BF01306E
S214020AA06044ACEB000C08BFCAF80000BCF1804FF3
S214020AB07ED300F03BFA8145A1EB050188BF4C4B83
S214020AC0DFF854E188BF01F1FF3101F0030188BF6E
S214020AD09B6BA0EB090C0EF80410A1B1F90742BFFC
S214020AE041F61F72444B5A67BA0742BF424B434A0B
S214020AF05A677B0742BF00223D4B9A673D0742BFBB
S214020B0000223B4B9A6511254FF0010A384B04F13F
S214020B101002120103EB041BCBF80C0138499D505E
S214020B201A6A0AFA04F5586E0B78A2EB0902EDB2BD
S214020B302B4362450B704FEA041925D34FF480739A
S214020B40A340034220D11EF80420002A4BD10EB344
S214020B502C4AF807536607D541F61F7140F201107A
S214020B60254B596750675967B90706D5224B234A62
S214020B70244925485A6748675A677A0742BF0122BE
S214020B80224B1A613B0719D4404605F051FC01205E
S214020B90BDE8F88F1E4A42F809A042F89C3C05F0D0
S214020BA04CFC17490B7823EA05030B7005F040FC52
S214020BB0404605F03DFC0020BDE8F88F2120FFF7F7
S214020BC071FE4FF480310A4A124BD1601A78002A1D
S214020BD0DAD000222D201A70FFF764FE1022094B8D
S214020BE040465A66D1E7074A40465366CDE700BFFD
S214020BF000C001B8783E002000E001B800001F1FC8
S214020C00C13E002000D001B800000101000002B879
S214020C1000E101B8B83E0020B93E0020034B103078
S214020C200001185800F00100704700BF00C001B86C
S214020C302DE9F0419DF818800D46B8F1000F08BF67
S214020C400022214EB5F5803FB168074621F47001B7
S214020C5041F4A001B1609DF820409DF81C104FEAB7
S214020C60042444EA016444EA031444EA084444EAD5
S214020C7002044FF018014FF436722CBF00200120F8
S214020C807465FCF775F93564B8F1000F1AD00F4B8E
S214020C90BC68D3F888305A2C38BF5A245B0606D56F
S214020CA000F074FC18B10A4BB3FBF0F31C44204668
S214020CB000F03CF90130854238BF0022024B34BFB7
S214020CC05A645864BDE8F08100C001B800C000B89C
S214020CD000093D00F7B52B4F3D6E01F067FE044656
S214020CE02846FFF7EBFD7B6C06460BB100283AD090
S214020CF010272020FFF7D6FD234B9F606CB1002201
S214020D0000200821FDF7F4F98022204B5F66A3F548
S214020D1080531F6703F540531A6102F08BFB2022B3
S214020D201B4BC3F8842101231A4A8DF80730D36877
S214020D3013F0706FFBD09DF807306BB91CB116B17B
S214020D400122154B1A700F4B144A1D665A6741F260
S214020D5001429A6703B0F0BD0DF107010DF10600DE
S214020D60FEF73AF8E7E7002CEDD00D4B074A53663C
S214020D70A2F5805213672846FFF7A0FD0028E2D0AE
S214020D803D6EF8E700C001B8001002B800E001B8F6
S214020D9000E100E0000002B8B83E0020011B011886
S214020DA01000002010B504462120FFF77BFD1CB181
S214020DB04FF48032064BDA60064B1A783AB10022BC
S214020DC02D201A70FFF76EFD1022034B5A6610BDD7
S214020DD000C001B8B83E002000D001B8F8B5184DE2
S214020DE004462B6A1B0426D500F01CFC2B6AA0FBCB
S214020DF0044613F0787F4FEA9367C3F34450C3F375
S214020E00044505D140F239422B21FCF7B1F8012006
S214020E10AD01B5FBF0F010EB871005D140F23E4273
S214020E202B21FCF7A5F80120024600232046314676
S214020E3002F07EFFF8BD00F0A9FBA0FB0401F9E773
S214020E4000C000B80246012030B50B4CA0F12003CA
S214020E50C0F1200524FA05F504FA03F32B4304FA3D
S214020E6000F595428B4100D330BD0F2801D00130EA
S214020E70ECE7FF20F8E700BF40420F0000220B4BD2
S214020E8040F010001A700F22094BC3F88820A3F511
S214020E908053C3F88800A3F580531B6ADBB2802B0D
S214020EA002D0084600F0F4BB704700BFB83E0020F0
S214020EB000E000B838B505F0C9FA084B084A1D6AC2
S214020EC0147D5A6EE4B2520744BF1D6A013405F01F
S214020ED0B8FA284604F0030138BD00BF00C001B8C6
S214020EE0783E00200346064A103302EB00111B012F
S214020EF0D1F80C01D158C1F3400104F02ABA00BF60
S214020F0000C001B8074B084A1B6810B54343146873
S214020F1003EB817300224FF00041E4FB00129818A5
S214020F2010BD00BFD83D0020D43D00200C4A20F062
S214020F304043014610B5002014684FF00042E4FB1F
S214020F400320084A890F126802FB0300064B9B6BBC
S214020F50984204D901330131C01A01F0030110BDD1
S214020F60DC3D0020E03D002000C001B8044B01F04B
S214020F70F071103041F0030100011950704700BFB4
S214020F8000C001B808B52220FFF78CFC4FF480227F
S214020F90014BDA6008BD00BF00C001B808B5064BB9
S214020FA04FF030401A680549920003F047FABDE850
S214020FB0084001F09DBC00BF349102003891020047
S214020FC070B50C68651C15D0C4F302669E42C4F365
S214020FD0074530D1A4B294422DD804EB8506B2421E
S214020FE029D2141BA50824F003040E59340F04D08A
S214020FF0012C08D00022212402E06B1C51F8232089
S214021000C0E9002470BD0E4C34F8133042EA0343A4
S2140210101A686B1C51F8234001EB83014B6822408F
S2140210205E4036F0704404D11B0F032B04BF8B685E
S2140210301A430024E4E7013501EB8501C1E700BF4E
S2140210401491020007B501A8F4F7AEFA4822164B2F
S2140210505A65164AD2F8D43023F4FC33C2F8D43098
S214021060134B1B689DF80530023B012B19D8402212
S214021070104BC3F8FC23104BD3F85C32DBB2FF2BC9
S21402108000D10623094A1B03D2F8FC139BB20B437A
S214021090C2F8FC33D2F83021084B1A6003B05DF870
S2140210A004FB01F051FAECE7008001B8000002B838
S2140210B0002000B0001002B80080E00F743D00204F
S2140210C02DE9F047074688461446234D234EDFF89F
S2140210D094A088B01CB9204608B0BDE8F087B4F5E5
S2140210E0006F4FF010024FF000016846A14628BF7D
S2140210F04FF4006903F03EF808238DF8003009F13A
S214021100FF339BB2009A1B0143F0036332402B402D
S2140211101343102200210DEB0200CDE9003802979E
S21402112003F028F86B469AF800100D4804AAF4F764
S214021130C0FA9AF800100A48F4F7F6FAA4EB090483
S21402114008EB890807EB89079AF80010044805F0AF
S21402115096F90028F8D0BDE7F07F300C0F80CFF369
S214021160000004505A42002008B5054B4FF03040AC
S2140211701A680449FFF7A4FFBDE8084001F0B8BBAF
S214021180349102003891020010B5044605F055F974
S214021190064B074A1C70074BFF2C08BF1346064A2D
S2140211A0136005F045F9002010BD00BF5A4200202A
S2140211B09D0F02006911020044420020014B18787C
S2140211C0704700BF5A42002000224FF400710F4BB6
S2140211D010B51A675A679A670D4AD162012102F55D
S2140211E0E8325161DA6812F0706FFBD14FF030428C
S2140211F001245A6602F5FC5208329C66DA64054BF4
S2140212001B689847044B5C6110BD00BF000002B823
S214021210004000B844420020002002B801230F4AD2
S2140212200F49C2F880328A6A22F002028A620D4AA6
S21402123053600D4A53600D4A5360A2F580425360D4
S214021240A2F54042536002F5C032536002F5804276
S2140212505360A2F500425360704700BF0080005002
S21402126000C0005000D000B800500054005001B832
S21402127008B5FFF7D3FF0D4B0D4ADA6701F05CF9AC
S214021280FFF7E0FE03220B4BC3F8E02000F0E8F97C
S2140212904FF46072084B5A614FF40072DA67FEF739
S2140212A0F5FABDE808400021FEF7CCBA000002B805
S2140212B00048F000005001B8001002B82DE9F04FC7
S2140212C0804687B002900D4655F8044B631C08D141
S2140212D0029BC8F80040A8EB0300801007B0BDE8E8
S2140212E0F08F5FEA147B18BF0122324BC4F3016A07
S2140212F033F81A1008BFC4F307424FEAC209A4B271
S2140213002D4B44EA014409F104014144994241D378
S21402131098453FD80020E1E7059B23BB072017F03E
S214021320420F20FA0AF000F001002BD117F0280F26
S21402133020D100222244BBF1010F46F8082C4FF0C0
S214021340FF3218BF0022019B043453F8041B0836F0
S2140213504A4046F80C2C0193049B9C42DCD103992C
S214021360C8442944AFE740F6F30232210020FBF7D7
S214021370FFFDDEE740F6F7023221FBF7F9FD4FF4F8
S2140213808052D7E740F6FC023221FBF7F1FD4FF41C
S2140213900052CFE79300039304EB820304930123E6
S2140213A003FA0BF707F0940308F108060195059374
S2140213B0D2E700BF14910200003000B0F8B505462F
S2140213C0F0B10026154B34461F46154953F8042B38
S2140213D0BAB9A00000F13040294600F50150FFF7E7
S2140213E06DFF30B940F6A8223621BDE8F840FBF77B
S2140213F0BFBD0C4B0134044447F8265023F8164070
S214021400F8BDAA42FCD001360C2E02D031F81640A6
S214021410DCE740F6C22236210020E6E7E43D002063
S2140214208E3E0020903E002070B5C0B100296ED0DE
S214021430002213463749384C51F8045B85420FD1D7
S21402144036498A689206FCD49B00354A03F130433B
S21402145003F50153C2F8B0302022324B9A6070BDB9
S21402146001320C2A53D034F81230E5E71FD1426815
S2140214700830C3E900120268531CF0D0C2F30163BD
S21402148034F8131012F47E0F93B243EA014313D0DA
S2140214900430C2F30742022A0168E7D94668856823
S2140214A0033AC3E900169D600C300C33F3E7012AB9
S2140214B0E1D104301960DEE7120F00F1080540683A
S2140214C0072A09D8DFE802F007040A0E1114191ECB
S2140214D0C04303F5005318602846CCE71A6842401A
S2140214E01A60F9E703F58053F5E703F027FFF3E701
S2140214F0012203F580538240F2E7012203F50053EE
S2140215008240EDE71A6830EA0202FBD1E4E7064CB5
S214021510B1E700BFE43D00208E3E0020000002B886
S214021520001E00B0001002B8149102000B4B1B689C
S214021530D3F8F03023B11A68022A01D9186A704724
S214021540074B9A6D90B238B1064BC2F307421B683E
S214021550DB085343B3FBF0F0704700BF143B002098
S214021560004001B8D03D0020064BDB68C3F303639E
S214021570984206D1044AD36B23F0F00343EA0111E2
S214021580D1637047000002B8001F00B0054B1B680D
S214021590D3F8F03013B11A680A2A01D8FFF7C6BF8B
S2140215A0186C7047143B00202DE9F347054603F0FC
S2140215B0BEFE00278046194EDFF864A004F03DFF09
S2140215C00DF1070181460DF10600FDF705FC9DF8B9
S2140215D006300BB3DAF80C3013F4603F1CD0DAF89E
S2140215E0100003F010FF04466B1C03D003F09FFEAE
S2140215F0A0EB0807484604F01BFF14F5007F07D14E
S2140216009DF8063013B99DF807300BB1AF42D5D31B
S214021610204602B0BDE8F0873446E5E700FEFFFF4D
S21402162000C000B80B4A10B5136E0B4C116E03F0D7
S2140216300703E35CC1F3CD0101FB0333126E0748D7
S214021640C2F3454202FB033300688001B0FBF3F0AD
S21402165010BD00BF004001B80C910200D03D002032
S2140216600122014BDA677047001002B80122014BD3
S214021670DA677047002002B84022014BDA677047EB
S214021680002002B84022014BDA677047001002B809
S21402169010F1800F04D04D28CEBF7F20323040B2EA
S2140216A0FF22034BC0B21A62A3F58053186270473A
S2140216B000E000B8084910B5D1F89C3040B11C468D
S2140216C0CA68D1F89C309C42F9D1C2F30362027018
S2140216D003F00F0010BD00BF000002B8064B01F079
S2140216E080011B6F03F480030B4302BF4FF400120A
S2140216F0024B1A62704700BF000002B8006001B8D1
S21402170010B504F09AFE0E2104460320FFF72CFFC4
S21402171040F20122034B2046BDE81040DA6204F094
S21402172087BE00BF004000B8124B197809BB124AA8
S214021730106A5860D2F88800D860526E1A610F4A52
S214021740D0689861D06BD861D2F8B4001862D2F82B
S214021750B8005862106B9862506BD862926B1A632C
S21402176001221A70064B074AD3F8A0001060C3F88D
S214021770A0107047183E0020004001B8004000B894
S214021780001E00B0143E0020164B1A784AB3596861
S214021790154A1162D968C2F88810196951669969A2
S2140217A0A2F58032D160D969D163196AC2F8B41041
S2140217B0596AC2F8B810996A1163D96A5163196BEB
S2140217C09163012102F5005291641021A2F5805224
S2140217D0C2F8841000221A70044B1A68044BC3F82D
S2140217E0A0207047183E0020004001B8143E00209A
S2140217F0001E00B0194A38B5136A03F4E071C02916
S21402180021D003F0C003802B23D1154B154A0125A6
S2140218105A66302203F580535A660522A3F59033A2
S214021820DA6003F580539D6404F007FE04460E4B0F
S21402183029461D610D4B00205B6898472046BDE88F
S214021840384004F0F5BD23F4E07343F080031362DE
S214021850DBE70023C2F88830D7E700BF004001B8B4
S214021860005001B80F00FFFF000002B82C42002013
S214021870012838B501D0042831D11E4BD3F8B42044
S21402188022F48042C3F8B420D3F8B82022F480426F
S214021890C3F8B8200122DA6324221A634FF4807256
S2140218A05A634FF49C729A63102203F50053C3F8EE
S2140218B08420052201250F4BDA6003F580539D64D0
S2140218C004F0BBFD04460C4B29461D610B4B002061
S2140218D05B6898472046BDE8384004F0A9BD3F2221
S2140218E0074B06285A660CBF064A074AA3F58053DA
S2140218F05A66DEE7004000B8000002B82C4200201C
S214021900006001B83800FFFF1200FFFF4FF6040127
S2140219104FF60502044B01201B6C9BB28B4208BF9C
S2140219201346024A136670470080E00F00C001B8F3
S2140219302DE9F84304F081FD0C224FF0B047002158
S2140219402B4C2C4D637C06465A433A441163D5F819
S21402195070802967D5F8000194F810C0E060264828
S2140219600233C0F88CC00320C5F80001012000FA3B
S21402197003F3224843614FF48070214B58660220DD
S2140219803B6A0133A3605363106301333A6A00BFB4
S21402199000BF00BF00BF00BF00BF00BF00BF686E31
S2140219A010F4807915D19342F0D139B1304604F063
S2140219B03FFDCD221A214846FBF7DAFA0C21627C5B
S2140219C0A3684A43023302F1B042A3600121536383
S2140219D0DBE74FF480720A4B30465A660122C5F89E
S2140219E07080C3F80021BDE8F84304F021BD00BFB3
S2140219F0783E002000C001B8008003500020005846
S214021A0000E001B82DE9F74F81460E464FF0FF344D
S214021A10FFF750FA002501908A46A0462846DFF8CE
S214021A20D0B005F110031B015BF8037007F0030743
S214021A30012F15D12846FFF755FA02460B460198A4
S214021A405146FEF7D5FFDBF8643005F10802D340B5
S214021A50DB0736D5002E3DD00024A046356038463A
S214021A600135082DDDD148B300221146204DAF685E
S214021A70AB6B0133E8FB034107F44033B3F5003F99
S214021A8030D16B6B07F44057013342F10006B7F5CD
S214021A90805F22D12D6B15F5807505FB06F642F1A7
S214021AA0000203FB0266A5FB03323244594304FBE1
S214021AB00212A3FB04342244C9E9003203B0BDE893
S214021AC0F08FA04271EB0803C9D206B13560044616
S214021AD08846C4E73446B046C1E7320242EA136299
S214021AE01B02E3E72B6B13F5807342F10002DDE77E
S214021AF000C001B808B503F0B5FC044B5A7C0123BC
S214021B0002329340024A536108BD00BF783E00206D
S214021B1000200058FF2870B53ED0FF2938D00B2889
S214021B2034D8022932D81F4C1F4B617441F440212D
S214021B30207441F44071063043F820101B4B1D6898
S214021B4003F07DFC6E08ED07024600232846314668
S214021B5002F0EEF8090241EA1061C0F3C05040EA12
S214021B604100134B2060186B10F5807005D14FF4BE
S214021B70D7722B21FBF7FCF9022002460023002035
S214021B80012102F0D5F86060002070BD2120FCE73C
S214021B900B28FBD80021C6E7FF294FF00700C0D16B
S214021BA0F8E700BF783E002000800350D03D0020BA
S214021BB000C001B810B504F040FC0446FFF7B8FEBA
S214021BC00222054B2046BDE81040DA600122034B94
S214021BD01A7004F02DBC00BF00C001B8C23E00203F
S214021BE00C490B78ABB10C4B5A7C01230232934062
S214021BF00A4A936153614FF48062094BC3F880210D
S214021C0000230B70074BD3F80C01D3F8041100F035
S214021C10ABB87047C23E0020783E00200020005835
S214021C2000E100E000C001B810B5044603F007FC6E
S214021C306043044B00F5F42000F59070B0FBF3F01F
S214021C4010BD00BF40420F002DE9F74FFFF7ECFF33
S214021C50044604F0F2FB00213C4D06466846297015
S214021C60FFF7D0FE4FF0B0431F6A394BDB6813F024
S214021C70706F1ED1374B5B6913F0060A19D1F0B1AB
S214021C80DFF8DC80611DD8F80000A1FB00B903F084
S214021C90D6FB534602464946584602F049F8DDE965
S214021CA0009A090241EA10610002484571EB0A01F6
S214021CB00DD3304603B0BDE8F04F04F0B9BBFFF7D2
S214021CC037FE0222234BDA6001232B70F1E7FFF77F
S214021CD02FFE03F0B4FB4FEA192141EA0A61A0FB8A
S214021CE001B9D8F800204FEA1A2A00FB0A9912B95D
S214021CF003F087FB024600235846494602F018F8CE
S214021D004FF00C0E0122DFF85CC001349CF8113053
S214021D103F1B991C0EFB03F38A400F49074403F14D
S214021D20B0434A615F630D4F241ABA614FF0B04761
S214021D303F6A5B6BFB1AA342C3D2DCF80C00054B6E
S214021D40C3F800018A614A61B3E700BFC23E0020C1
S214021D50000002B800C001B8002000580010005869
S214021D60D03D0020783E00202DE9F74F0C228D4C06
S214021D700191637C8C4E5343002203F1B0431A63F5
S214021D80217C8A4B0546C3F8AC104FF40031884BD1
S214021D90904619610223F3604FF0B0431B6A5F1E40
S214021DA0DB1B002B40F3E88008F10108B8F1020FB4
S214021DB069D9EC220D210020FBF7DAF84FF08052A9
S214021DC07C4B794E5A66E2684FF00008C6F800214E
S214021DD04FF400321A61754BC3F8AC800C23627C58
S214021DE05A4302F1B042C2F8308004F026FB434662
S214021DF041464FF4807E376AD6F864C003F110027B
S214021E001201B25802F00302012A10D10EFA03F2AE
S214021E1012EA0C0F0BD106EB0314BD42D4F80C41A8
S214021E2000F2BA80A54202D2A74280F0B8800133FF
S214021E30082BE3D1604C2268012A08D85F4D2B7824
S214021E40142B02BF00235E4E337001332B70A9B1F0
S214021E50544D012A6B8A43EA01036B82544B59663E
S214021E600CD857490B780133DBB2022B0B7005D125
S214021E70002301322260514A0B70137003B0BDE892
S214021E80F04F04F0D5BA4FF00C0A4FF00009637C0D
S214021E900AFB03F303F1B043C3F8309004F0CDFA23
S214021EA04FF08053434A53664FF0B04394F811E024
S214021EB01F6A0AFB0EF3013703F1B0435F63316B0F
S214021EC0B368DB034ED5A2682368BA1AA2FB03A244
S214021ED0D4F804B0AAFB0BC3CC46E2FB0B3C01F5DC
S214021EE08079A9FB031B09FB0CBBBAEB010162EB71
S214021EF00B02090A41EA0261019A1144B1EB192F59
S214021F004FEA192203D301334CF1000C891A043A22
S214021F108A4228BF0A46EB18B261227D4CF10001C4
S214021F20D6F820C0D2B26545D6F838C084BF02F1D2
S214021F30FF32D2B2BCF1FF3F0ED04FF0000A0CF1D6
S214021F4001099C457AEB010B08D20132B3EB090377
S214021F50D2B261F10001F4E70A44D2B202F00302FF
S214021F60227533620C2303FB0EFE02230EF1B04EE3
S214021F70CEF8303004F05CFA4FF0B0431B6A00BF74
S214021F8000BF00BF00BF00BF00BF00BF00BF726E31
S214021F90D2007FF505AF11E7A542BFF445AF0A436D
S214021FA091B244E7783E002000C001B8008003509A
S214021FB000D001B800E001B8403D0020C43E002039
S214021FC0C33E002037B50446FFF728F9E1782279A8
S214021FD01B4841EA0243C0F8CC34E579A37943EAC8
S214021FE00543C0F8D03423784BB18DF80410042191
S214021FF08DF805200DEB01000022F3F749FB63780C
S2140220005BB10421A37900228DF80430E3790DEB4D
S21402201001008DF80530F3F73BFB227801235AB115
S214022020084AC2F8C834627802233AB1054A002048
S214022030C2F8C83403B030BD034AF2E7024AF6E7F4
S21402204000C0035000D0035000E0035070B52B4B85
S2140220500D461A7812B92A4A926D1A70294AD26F18
S214022060520549D51C78284B04F00F06B0FBF3F056
S21402207040434FEA141405D140F289622B21FAF745
S21402208077FF0120214A0A217243B2FBF0F348434C
S214022090B3FBF1F602EB5002B2FBF0F201FB163391
S2140220A0042BD2B21BD8C3EB8311C3EB81035BB202
S2140220B0002B14BF6FF0040105210B440A2193FB89
S2140220C0F1F31C44E3B264B20F2C0FDD013AD2B234
S2140220D0053B5CB2002042EA04122A6070BDC3F1DE
S2140220E00A0303EB83030521DBB2E6E7002CF1DAF1
S2140220F00132D2B20533ECE70220EFE7C53E0020FC
S214022100008001B8000002B8403B25008096980087
S2140221104FF0000C2DE9F84FA2FB0179C94EDFF80B
S21402212060E3BE19984669F10003B6457CEB0303EB
S21402213008D240F243220E216046FAF719FF022027
S214022140BDE8F88FD0F8F0A00C461546BAF1000F9D
S21402215004D0DAF80030032B00F21881BA4BBB4ADF
S2140221609E6BA3F58043D3F8EC30C6F314065900F1
S214022170B74B48BF46F400161B6ED2F8FCA05A07AF
S2140221804EBF4FF440039B0503F0E07346EA4566F4
S2140221901E4303F011FE012D8346D0D10028CED077
S2140221A0AC4B984200F0008103F5122303F5F86366
S2140221B0984200F0FD80A84B984200F02581024626
S2140221C0002300204FF0007101F0B2FD0130A7FBA2
S2140221D0007200FB0922C6F31303A3FB0B3B20325B
S2140221E09209C8F80020DB0C9C4A43EA4B33F502FE
S2140221F0146058BF5B429A4A9A4DC8F814401C4471
S21402220013602C60BAF1000F00F0BD80F001964A10
S21402221083EAE370A0EBE370C6F38153D75C4FEA20
S214022220E07E47F3401100FB01F14FEA876707FBA8
S2140222300E11A0FB070748BF64084FEA540C10EBC8
S2140222400C004FF0000341EB0701224601F070FD3F
S214022250DAF800300E2B08D97D4B7B4A926BD9698F
S214022260D3F80C31C90600F1C680B3024CBFC421B4
S21402227040F20711C0F31300C8F804007B48DAF8EE
S2140222801820A0FB0460400901FB00F04FF4FA732B
S214022290B0FBF2F000FB03F3FA33A4FB0116A3FB38
S2140222A002328B42B24138BF0130C0B240F4006CF9
S2140222B0C8F808C0002879D0DAF81C70A0FB0732EC
S2140222C01CB1B4FA84F10E297FDDE103002A71D134
S2140222D0B1FBF3F14B0003FB0003A3FB07624FEADB
S2140222E0044EB6454FEA144474EB020209D340008A
S2140222F00344A7FB0362B64574EB020201F1010137
S214022300F6D2C1F30E014CEA013C4CF00063C8F869
S214022310083003F051FD2C68002C00F08680B4FAD9
S21402232084F3D3F1020358BFDC40514B9C4288BF72
S214022330640800286AD0B4FBF0F3642100FB134261
S21402234001FB02F25D1E90424FEA550572D85B0809
S214022350013B2D0245EA0315C8F80C5003F000FDB8
S21402236058B3B4FBF0F3642100FB134401FB04F4FE
S214022370A04228D85A1E52085B08013B120242EAC3
S2140223800313C8F810300020BDE8F88F042BDAF8E3
S21402239028607FF4FEAEF00154BF06F0E0734FF4FF
S2140223A0400326F0E076F3E6324810E72120C7E63F
S2140223B031480CE7034600218FE740F2F2422B2118
S2140223C0FAF7D6FD2346013BD4E7C1F10F0601F129
S2140223D0110E02FA0EFEF34043EA0E03A6F1200E99
S2140223E022FA0EFE43EA0E03F240013304FA01F12A
S2140223F042F100026AE702F4801203F400131A4361
S21402240008BFC0F5801030E71C48E0E6631EA51E34
S2140224105B086D08013B2D0245EA031540F2CF42E8
S2140224202B210020FAF7A4FD96E76FF01F0500287F
S21402243092D1F3E7023B013D5B082D0145EA0325F5
S2140224408AE700BF006CCA88008001B8001F00B08F
S214022450004001B800F04902005A6202543E0020D1
S214022460503E00204C3E00201C910200D34D6210CC
S2140224703FBE40250A3BB2DF313641DCD694BFD69A
S214022480807C814A10B50B46044686B039B98279FB
S214022490016821486B460068FFF73AFE6B461F4A02
S2140224A0196851631E4AD2F8FC2062B35A6842B1D8
S2140224B01C4A1D49C2F80C115968A2F58052C2F88E
S2140224C00C119A6842B1174A1849C2F8EC1099687A
S2140224D0A2F58052C2F8EC101549D868D1F86421EA
S2140224E022F4EE620243C1F86421D1F85C21186935
S2140224F022F4EE620243C1F85C21A1F5FF4158695D
S2140225002839FFF7A3FD0020A2880A4B9A6203F53A
S214022510A033186406B010BD143B0020008001B83A
S214022520001F00B0006001B8FFFF0F00FFF8FF0FAA
S214022530000002B8004000B84FF48062014BDA6730
S214022540704700BF001002B84FF48062034BDA6790
S214022550034B1B780BB1034A93657047002002B801
S214022560C53E0020008001B80523064AA2F84A307C
S21402257092F8493003F0010363F0730382F849309E
S214022580704700BF001F00B070B51D4E0546F368C9
S21402259003F07063B3F1007F30D103F04EFFF368AF
S2140225A0044603F07063B3F1007F22D1284602F09E
S2140225B056FD30B1134B93F8C42012B1002283F8B3
S2140225C0C5200F4B1B6F9B0510D50E4B0E49D3F83B
S2140225D0A83009691A789B6843F80C1C32B94FF484
S2140225E000320A4BCF20DA61FEF75CF98022044BF8
S2140225F01A61204603F01CFF002070BD0220FCE793
S214022600000002B8001E00B000C000B8001002B8F9
S21402261010B590B10468012C0FD902696AB111682D
S214022620094B102C196051685960916888BFD268AE
S214022630996094BFD960DA6010BD1022002102486A
S21402264001F098FDF8E700BF5C3E0020084BC1177A
S2140226501A68A2FB000302FB013310F1807043F1FB
S2140226600003400E40EAC310803820EAE07070474C
S2140226706C3E00200722164B70B5DA66154B164ADA
S2140226801E68164BF408E005C0184FEA163141F1F1
S2140226900001002301F04CFB114B124D18604EF660
S2140226A06020FFF7D3FF4042C5F884000E48FEF7CD
S2140226B03DFC024658B1E301500818184FEA16715D
S2140226C04FF0000341F1000101F032FBE86570BDF6
S2140226D0000002B8D03D002065CD1D00B2E60E0017
S2140226E06C3E0020001F00B040420F0010B50446AA
S2140226F098B10B4BD3F8FC00FFF78AFF4FF47A73BE
S21402270003FB04F0074BA0F6AC50DA689B68104453
S214022710C01ABDE81040FFF799BF4EF66020F8E7F2
S214022720001F00B05C3E00202DE9F0410546084639
S21402273014461E46FFF76CFF002D00F083807207DA
S2140227406CD5286900287FD04FF47A735843464BDD
S214022750A0F6AC509B68C01AFFF778FFE061A88B22
S214022760002874D04FF47A7358433F4BA0F6AC500F
S2140227709B68C01AFFF76AFF20613C4BE9681F6836
S214022780002967D04FF47A735943374BA1F6AC5100
S2140227909A685B68891AC91A354BC8171A68DFF82F
S2140227A0D880A2FB011302FB003311F1807143F1C2
S2140227B00003490E41EAC31180392E4B6161DB6E7C
S2140227C0A361D8F8003053B1384602F048FC30B165
S2140227D02246D8F800302449D7F8E400984700216A
S2140227E0A869FFF783FFA062A868002835D04FF4D7
S2140227F07A735843A0F503501038FFF727FFA060FE
S214022800286840B14FF47A72174B1B6803F51C53C5
S214022810103302FB0030FFF719FFE060B30711D553
S214022820284600F055F860626B69CBB10E4AD06854
S2140228304FF47A7202FB0300A0F503501038FFF73C
S21402284005FF2062BDE8F0814EF6602084E74EF672
S21402285060208FE74EF660219EE747F23050CCE7C5
S21402286047F23050EBE700BF5C3E0020143B0020EE
S2140228706C3E0020001F00B0583E002070B5064691
S21402288008461C4602F076FD0546D6F8F00000F033
S21402289011F84368054A002BA8BF4FF4FA721A448F
S2140228A0034B601992FBF3F2104470BD0CFEFFFF5F
S2140228B018FCFFFF40B10368012B05D90069034BE2
S2140228C0002808BF18467047004870472491020047
S2140228D0406840B14FF47A72044B1B6803F51C53F0
S2140228E0103302FB0030FFF7B1BE00BF5C3E002093
S2140228F070B5124C88B001AD0FCC0FC594E8070036
S21402290085E807008C2200210D4801F033FCD42212
S21402291000210C4801F02EFC0B4B0C4A5A63FFF7C1
S21402292023FE0B4B1B783BB1044E01AD0FCD0FC6F9
S21402293095E8070084E8070008B070BDC41F00B021
S214022940A01E00B02C1F00B0001F00B01011111105
S214022950B43E0020064BD3F8D80E064B5B6F1A0126
S21402296003D4054B9B6E1B0401D500F5807070479F
S214022970001000B0000002B8004000B8012370B595
S214022980074C2370074B1E68074B3240D3E90053AF
S21402299019402840FBF7ACFB0023237070BD00BF34
S2140229A0CD3E0020743E002050310020024B1879A4
S2140229B0C0F3C000704700BF5031002010B5044677
S2140229C0FEF756FC00F0BCFD2046FCF78FFFFEF734
S2140229D0FBFBFDF787FFFDF7FDFFFFF74BFE1349F5
S2140229E00723134AD1F8FC1004F58270FFF79CFE09
S2140229F04FF080710020FEF7B9FA4FF000720D4BCF
S214022A004FF400110120C3F80021FEF7AFFAFEF7DB
S214022A107DFF20B940F221121421FAF7A9FA02F03A
S214022A202AFDBDE810400120FDF768BE001F00B079
S214022A30581F00B000D001B88023074A1367082346
S214022A4040B11367054AD2F8A03023F02003C2F83B
S214022A50A0307047024AF4E7001002B8001E00B029
S214022A60002002B810B503F0E8FC0121044600205D
S214022A70FFF7E2FF044B1961044B5B689847204658
S214022A80BDE8104003F0D4BC000002B82C4200207F
S214022A9038B5164C054620784FF42072B0FA80F00E
S214022AA03E214009FAF764FA55B14FF44062104BE2
S214022AB0D3F8B430C3F3812323700E4BC3F8B4208B
S214022AC060784FF42072B0FA80F03E214009FAF79F
S214022AD04FFA55B14FF44062054BD3F8B830C3F302
S214022AE081236370034BC3F8B82038BDC63E00206E
S214022AF0004000B8006000B8A82238B51B4B1D6F16
S214022B0003F500531A6710229A60A3F5804302F178
S214022B1000521A675A6600F039FF154B1B7813B934
S214022B200320FDF777FF0024124B9C6700F054FF4A
S214022B30114A124BD2F8D81E0B40C2F8D83E0422D5
S214022B400F4B1A670F4BAA06C3F8AC4008D503F51D
S214022B508073DB6CB3F5817F22BF8022034B1A6140
S214022B60FCF7A0F80022084B1A7038BD000002B825
S214022B70C93E002000C001B8001000B0DF0000FF10
S214022B80002002B8001E00B0C83E0020034B187892
S214022B9018B9034BD868C0F380307047C83E00208F
S214022BA0000002B8994B2DE9F04F9A6EDB6E87B0A3
S214022BB002EA0308964BC3F86880964BD3F8E07097
S214022BC0D3F8EC301F40944BC3F8E070934BD3F825
S214022BD00822D3F80C3202EA030A914BC3F808A281
S214022BE003F52043DA691B6A02EA03098D4B09F4EE
S214022BF07702DA618C4BD3F80422D00605D4D3F8D8
S214022C00046116F0100600F0DD8003F016FC874B18
S214022C105A695E6E02F0060BBBF1000218BF012273
S214022C201B6F01921E40824A26F0007323F4006353
S214022C307107536604D57F4A137D0133DBB21375E1
S214022C4003F0F6FBB8F1000F00F0DD8018F4004444
S214022C5027D003F0F2FB0146FFF77CFE0446764BD4
S214022C601D682A682B689A42FCD02A689A42FCD0D1
S214022C70FFF770FEA04240F0A780084603F0D8FB9C
S214022C806E4B1C606E4B1D6F15F4E05B40F09E8031
S214022C9024F07F4424F0DF040CB9FFF72DFF4FF039
S214022CA08074002518F0020F12D0654B5D491B6F29
S214022CB003F460420A67002A00F09C801A0400F1BE
S214022CC09C809D0440F19C804FF0006300251C43CD
S214022CD0C8F340384FEA48085A4B3B40002B4AD0CC
S214022CE017F4206F0AD040F2C95206210020FAF7E4
S214022CF03FF9002000F0CCFE27F48027F80506D521
S214022D00FF22484B44F4C0649A60FEF7F9FC17F0C1
S214022D10090F0AD040F2DE5208210020FAF728F9FD
S214022D2000F0AAFE01223B4B1A6317F0106F0CD07C
S214022D3040F2E75209210020FAF71AF900F09CFE49
S214022D40002211461046FCF771FE17F4202F0AD017
S214022D5040F2EF5207210020FAF70AF9002000F0AD
S214022D6097FE27F48027F90301D5FCF7A3FF002F6F
S214022D70B8BF48F008087A070DD5264BDB6A13F46D
S214022D80005F4FF4005317BF234A2F4AD36244F41E
S214022D90000408BFD3627B0548BF44F0040417F45E
S214022DA08023029300F0B580FCF73CFF013806282A
S214022DB04CD8DFE810F068016B0168016E01710102
S214022DC07401740101963DE704464AE7FFF794FE54
S214022DD0144BC3F870B015F4805305D115F4806512
S214022DE005D04FF080645CE74FF0804459E74FF01F
S214022DF0805457E74FF0007368E74FF0004365E7EB
S214022E004FF0005362E74446454665E7004000B887
S214022E10006000B80040005400600054004001B852
S214022E20006001B8002002B800E100E000C001B86E
S214022E3000E001B8783E0020AC900200703E002010
S214022E40000002B8090B0B89005000544FF4C4620C
S214022E5003210020FAF78CF801219B4A936ED2F8E0
S214022E60880003F00703063301FA03F3C0F30C00ED
S214022E701B1A9BB2072B12D9944B1B6F58020ED407
S214022E809348936B926D406D58B103F00703063377
S214022E909940C2F30C03C91A89B2072901D844F42F
S214022EA000748C4B1B78002B33D0874BD3F8E03062
S214022EB013F4A02F2DD1884BDFF85CB21B7883B9B0
S214022EC0F2040ED49BF800305BB18449C4F3C0030D
S214022ED0D1F8D81E83F001035B0021FA03F39B07A7
S214022EE017D10420FDF796FD7D4B7E49596700F009
S214022EF019FB9BF8003043B97B4B1B782BB17B4BFD
S214022F007B4A1B682340134201D144F4804426F4D2
S214022F108056BAF1000F1DD01AF4805F18BF44F431
S214022F2080241AF4807F18BF44F400241AF4005F49
S214022F3018BF44F010041AF4007F18BF44F02004AF
S214022F401AF4806F18BF44F040041AF4006F18BFDA
S214022F5044F08004B9F1000F47D019F4001F0AD0DC
S214022F60644B1B683BB1594A6348116F00680022E4
S214022F70C1F3C061984719F4802F18BF45F4007555
S214022F8019F4803F18BF44F4805419F4801F18BF08
S214022F9044F4003419F4800F18BF44F0020419F404
S214022FA0003F18BF44F4801419F4000F18BF45F010
S214022FB0100519F4002F18D0504BD3F8A03013F098
S214022FC0C00F12D0414BDA6802F03062B2F1407F95
S214022FD005D15A6FD00602D49B6F190762D54FF4FB
S214022FE00022474B29F40029DA61002E00F04681C0
S214022FF032051ED54349DFF8E8B091F803A0424AED
S214023000BAF1000F00F08A804FF400600AF1FF3A2E
S21402301050665FFA8AF2CA703AB93C4A1278002AB7
S21402302043D040F601423A4B5A67002213461443F5
S2140230301D43B30009D52E20FDF734FC4FF0005295
S214023040314B45F008051A675A66F00608D52B205C
S214023050FDF728FC10222C4B45F400151A675A6619
S21402306016F0306F40F0A080F10440F1FB80019B27
S214023070002B40F0DD80274B1B68013300F05481A3
S21402308044F00104EEE044F48034E5E644F40064DF
S214023090E2E644F48064DFE644F48074DCE644F05E
S2140230A00804D9E644F400149FE7DBF8782012F40B
S2140230B0A05F15BF4FF4807240F60142CBF858204D
S2140230C0CBF87820B1E700BF00400054000002B8F9
S2140230D0004000B8CF3E0020CE3E0020001000B0D8
S2140230E000C001B800000101CA3E00205031002095
S2140230F0088D0100703D0020143B0020001E00B029
S214023100002002B8B93E002000E001B8C93E002007
S21402311000D001B838420020CB3E00200320FDF745
S21402312079FC4FF40061AA4A5166DBF8141011F0DC
S214023130060124D05046FDF735FEDBF86410DBF8B6
S2140231407030A34A0B4013F0100F1DD010232D2011
S21402315013675366FDF7A6FB4FF4001A9D499E4A75
S2140231604B8A13F4006F1BD023F400634B82137850
S21402317003F0FF025BB14FF40042534657E741F6B5
S2140231801F705067CBF878104FF0000AE6E70392FC
S214023190FDF7F8FEFFF7B0FC039A4AF0200346E775
S2140231A013784FF40052E8E732011BD52920FDF7C9
S2140231B079FB8A4B5B6C13B11022894B9A60894B60
S2140231C08949DB6803F48042C3F380330B70FFF750
S2140231D0EDFB28B1854B7E4985484B660367D2B91D
S2140231E045F00405B30123D50420FDF713FC272080
S2140231F0FDF758FBFFF780FC4FF00072744B5A66DF
S2140232007C4BD3F8D83E590676D40222744B9A6089
S21402321045F0020523E00B6720204B66FDF742FBD4
S21402322045F400152D2045F00C05FDF73BFBD9E7CC
S21402323016F0807FDFF8A4A149D00420FDF7EAFB50
S2140232402820FDF72FFBDAF87830002B3BD1FFF76A
S21402325053FC5F4B654A45F001051A675A66002221
S2140232605E4B9A65720509D5634A9378002B00F087
S214023270A980013B9370002348EA03085F4BD3F80A
S214023280A0301B0603D520462946FCF77FF84246A7
S21402329020462946FFF772FB029B0BB1FCF7F8FCAF
S2140232A00122574B07F00437C3F8E070554B19F468
S2140232B0002FC3F884211EBF4FF40022484BDA6168
S2140232C007B0BDE8F08F0023CAF87830C1E7F004F3
S2140232D0C5D50420FDF79EFB4B4BCAF87430FDF7AC
S2140232E051FEDAF8643013F0407FB8D12A20FDF799
S2140232F0D9FAFFF701FC83E7404BD3F8A0209206E9
S21402330086D40221414A9160414A126892F82520E9
S214023310D0077FF57DAF93F8C430002B3FF478AF2B
S2140233208022304B1A6173E7334A13794BB1013B63
S214023330DBB2137113B92E4B364A5A6700231C436D
S21402334090E70420FDF766FB0320FDF763FB234BA3
S2140233502D4A5A6703F071F882460DF11700FEF700
S214023360A9F92D4B83461B780BB1FEF7C9F9BBF1C1
S214023370030F0ED1DFF86CB00020FEF79BF903288E
S21402338007D1DBF87430D903F6D4DBF85C300C2BAB
S214023390F2D99DF81730032B06D101221F4B504657
S2140233A01A7003F045F8C9E71D4BD3F8E03013F462
S2140233B0A02FF2D100F0B6F8504603F039F84FF4D9
S2140233C08043BCE70220FDF725FB012354E700BF3C
S2140233D000E001B8783E0020C93E002000C001B8D7
S2140233E0002002B8000002B8C83E002010000020EC
S2140233F000D001B8001000B0B93E0020001E00B098
S2140234000060005400E100E000000101001002B874
S214023410143B00200000010DCC3E0020CE3E0020D2
S214023420004000540122024B1A62DA61704700BF64
S214023430002002B80D4B10B5DC691A6A14400C4A1B
S21402344024F47F01D161E20706D5D9684FF0FF3038
S214023450C1F3036102F019F8630706D5BDE8104010
S214023460042200200021FFF789BA10BD000002B82E
S214023470002002B80C4A08B5936B526C13400B4AF4
S2140234809363DB070FD50A4B40F67A0218781221AF
S21402349000F00100F9F76CFDBDE8084000220120AB
S2140234A00021FFF76BBA08BD00C000B800E000B804
S2140234B050310020054AD2F88430DB07FBD4936FE4
S2140234C0D2F884201340024A93677047008001B8FE
S2140234D000A001B808B502F0B0FF0E4B1A78A2B9E8
S2140234E00D4A126812F4843F0FD10C4A1021D1679C
S2140234F01B7863B9084B1B68DB0508D4074B2022F0
S214023500DA67BDE8084002F093BF054AEEE7044BCF
S214023510F5E700BFCF3E002050310020002002B861
S214023520001002B80022044B1A70044B197811B12D
S2140235301A70FFF7CFBF7047CE3E0020CF3E002066
S21402354008B502F07AFF4FF00042224BC3F8802003
S214023550BFF34F8FBFF36F8F0122C3F88420BFF3F0
S2140235604F8FBFF36F8F0222C3F88420BFF34F8FB3
S214023570BFF36F8F0422C3F88420BFF34F8FBFF3CD
S2140235806F8F0822C3F88420BFF34F8FBFF36F8F6D
S2140235901022C3F88420BFF34F8FBFF36F8F202211
S2140235A0C3F88420BFF34F8FBFF36F8F4022C3F858
S2140235B08420BFF34F8FBFF36F8F4FF48072C3F830
S2140235C08420BFF34F8FBFF36F8FBDE8084002F031
S2140235D02FBF00BF00E100E008B502F02EFF4FF05B
S2140235E00042094B1A6001225A6004225A600822DD
S2140235F05A6010225A6020225A6040225A60BDE861
S214023600084002F015BF00BF00E100E02DE9F047D8
S214023610DDF820A003EA0108099B06460C4602EAEA
S214023620000703EA0A09BAF1000F40F04E81031FB1
S2140236300B4300F00E81052871F1000380F0E48050
S21402364050EA010300F06081431E0B4300F0248120
S214023650FFF776FFAD4AD2E9005323EA040325EAD0
S21402366006053D4343EA0807A94BC2E900571E6810
S214023670DFF8F48226EA0A0646EA09061E60FFF723
S21402368029FF15F02A4F0CBF4FF4004348F20203FD
S214023690A04AB007D26EA04848BF43F4005383EA5C
S2140236A0020122EA0302C2669C4A0B408166D36686
S2140236B0C5F380421203290348BF42F48072EB0628
S2140236C048BF42F40052964BAC0648BF42F4007222
S2140236D06806D3F80C3248BF42F48062290648BF17
S2140236E042F400628F4882EA030123EA0203C0F82A
S2140236F00C328D4B0A40C7F34024A404C0F80812CB
S214023700C3F80C22EA0448BF44F48034AB0348BF33
S21402371044F48014A80748BF44F4800415F4001F3C
S21402372006D0D8F8000001F0CCFE08B944F4002414
S214023730E90248BF44F40034FA0648BF44F40004E1
S21402374073077A4B48BF44F004041A6A44F4001420
S21402375084EA020323F0010375491A400A621C40F8
S214023760CB61744B16F0010F1C62734B734A08BF91
S2140237701A46734B7C071B6F48BF42F000627148C3
S21402378082EA030123EA020303676F4B0A4041669B
S2140237901A676E4A05F00103516CA0F5803081EA83
S2140237A0030221EA0301416482631A40684B28023D
S2140237B05A64D8F8002048BF664B92F8022158BFD8
S2140237C0654B690748BF43F4806322B115F4C06FA6
S2140237D018BF43F480733207604A48BF43F0004381
S2140237E0D2F8EC105E4883EA010222F4A0221140CD
S2140237F0C0F8EC101340C0F8E0205A4ABDE8F04783
S214023800C2F8EC30FFF7E8BEA0F580630B4306D0A3
S21402381020F48063A3F500730B437FF419AF02F024
S2140238200CFE3A49D1E9003223EA060322EA0402F0
S21402383042EA08023B43C1E900324B4A126892F858
S2140238400211474A09B313F4C06F1ED04FF48073B7
S21402385011E002F0F2FD2D4AD2E9003123F0040312
S2140238603B4341EA080157EA0807C2E900314FF430
S21402387080633B4A0BD0C2F8E030A2F58052C2F811
S214023880EC30BDE8F04702F0D3BD4FF48073C2F8C7
S214023890EC30C2F8E030F4E702F0CFFD1B4AD2E982
S2140238A0003123F001033B4341EA0801C2E900313B
S2140238B001232E4A57EA08071BBF9363A2F58052DC
S2140238C05364536408BF9363DBE750EA01037FF453
S2140238D0BFAEBAF1010F7FF4BBAE02F0AEFD0C4AEA
S2140238E0136823F0010343EA090313604FF480636D
S2140238F0144AB9F1000F04D05366A2F5805213673A
S214023900BFE713675366BCE7BDE8F0875031002077
S214023910743E0020004000B8006000B8005000B8B6
S214023920004001B8006001B8005001B8000002B8BB
S214023930002002B8001002B804180003041C00039A
S21402394000C001B800E001B800D001B800C000B85D
S21402395000D000B80D0A0A09090A0A0900400054F4
S2140239600060005400500054143B002000E000B8F1
S214023970024B186800F00100704700BF503100206B
S214023980014B5879C0097047503100200A4B19780C
S21402399001F0FF0229B10021197008499202C1F80C
S2140239A0B420597801F0FF0229B100215970930220
S2140239B0024AC2F8B8307047C63E0020005000B82F
S2140239C04FF40062034B1A674FF40042A3F5E0334C
S2140239D09A667047001002B8F8B5084C084D236F77
S2140239E00423084F2B67236F5B0300D4F8BD04261D
S2140239F002203E6701F0A2FC2E67F4E7000002B840
S214023A00001002B8002002B838B5044669B940B1C1
S214023A10164BDA6812F0606F04D04FF4C062144B93
S214023A20DA6238BD9B689A06F7D4FDF769FE0F4D39
S214023A300020FDF73FFE032801D0092805D16B6F51
S214023A40DB03F5D4EB6D0C2BF2D9FFF7C5FF4FF471
S214023A500072084BDA62012203F5E8335A61042247
S214023A6003F580531A67002CDBD0D6E7000002B8B5
S214023A70006001B8004000B808B503210920FDF730
S214023A8073FD2022014B1A6108BD00BF000002B878
S214023A9038B5054602F0D1FC0E4B04461868FBF713
S214023AA0EDFF35B1FFF73EFD2046BDE8384002F097
S214023AB0BFBC094B1B78002BF6D0084B1D78002D97
S214023AC0F2D1FFF72FFD2A464FF480400021FEF781
S214023AD055FFE9E7143B0020CE3E0020CD3E0020F5
S214023AE02DE9F74F574B074615461C6F0191002AE2
S214023AF040F0A58004F0A004003C18BF0124FBF7A8
S214023B00D1F8A0234FF0000A4F4A03201367FCF7B0
S214023B1081FF0420FCF77EFFDFF86081FFF702FDDD
S214023B204A4B4FF0040BC8F87430C8F878A0FFF779
S214023B3053FF474B444AD3F8A010DFF8089141F0F0
S214023B402001C3F8A010FF2191604FF48071C9F8DC
S214023B50101040494048D1F8D86E3040C1F8D80E0F
S214023B60C2F870B0C3F8ACA0D8F8143013F0060F41
S214023B7004D0FDF707FA5846FCF74CFF0CB1FFF7E6
S214023B801FFF47B1FDF7BCFDFFF776FF0420FCF7E9
S214023B9041FFFFF7FBFED9F81430D90749D5294A69
S214023BA0D36813F0706FFBD1274B2C4A1A672C4A46
S214023BB0D36B23F0F003D363019B13B12846FFF7C0
S214023BC067FF284BD3F84C315A1C01D05B0002D554
S214023BD001221D4B5A6165B3234BDA6E03F500537F
S214023BE09A6603F5D0331B6A174A23F00103D361A2
S214023BF01E4BD3F80C1203F50053C3F8081203F554
S214023C000053D3F8841003F500539967184BD3F882
S214023C10EC1003F50053C3F8E010164B596C03F58D
S214023C2000539963144903F5803359664FF60843E7
S214023C301367002003B0BDE8F04FFBF79FBB0024DC
S214023C405DE700BF000002B8002002B800000101D4
S214023C50001E00B0001000B0DF0000FF10003000B1
S214023C60001F00B00080E00F004000B8004001B81E
S214023C700040005400C000B85000002F00C001B839
S214023C8038B514460D4602F0D8FB064BD3F8A020F2
S214023C9054402C405440C3F8A040BDE8384002F0DF
S214023CA0C7BB00BF001E00B0034BD3F8A030994339
S214023CB00CBF012000207047001E00B02DE9F04125
S214023CC015460A43012A1C469DF818809DF81C706A
S214023CD0089E29D8B84527D2082F25D8032B23D8E3
S214023CE016B30A460021FAF719FBE300FF249C40AC
S214023CF04146E443DFF834C0701E4FEAC50ECAB22E
S214023D00974202D80020BDE8F0810EEB01060CEBCC
S214023D108606D6F8E02010F8015F22409D40154343
S214023D20C6F8E0500131EAE72120ECE7001E00B0B9
S214023D3053B94AB9002908BF00281CBF4FF0FF310B
S214023D404FF0FF3000F0B2B9ADF1080C6DE904CEC9
S214023D5000F006F8DDF804E0DDE9022304B070475F
S214023D602DE9F04F8C46099E04460F46002B48D19B
S214023D708A4215465ED9B2FA82F33BB1C3F12002FB
S214023D809F409D409C4020FA02F217434FEA154E90
S214023D901FFA85FC220CB7FBFEF10EFB117701FB26
S214023DA00CF042EA0742904207D9AA1801F1FF37FF
S214023DB002D2904200F258813946121AA4B2B2FBDD
S214023DC0FEF00EFB102200FB0CFC44EA0244A44563
S214023DD00BD92C1900F1FF322CBF01270027A4456E
S214023DE002D9002F00F04381104640EA0140A4EBBE
S214023DF00C0400211EB1DC400023C6E90043BDE8E6
S214023E00F08F8B4206D90EB1C6E9000100210846A2
S214023E10BDE8F08FB3FA83F1002951D16345C0F0B3
S214023E201681824240F213810846002EE7D0C6E988
S214023E300047E4E7002A00F0AF80B2FA82F3002BD4
S214023E4040F0C2808A1A4FEA154EAFB20121200C0A
S214023E50B2FBFEFC0EFB1C2240EA024207FB0CF001
S214023E6090420ED9AA180CF1FF382CBF4FF0010968
S214023E704FF00009904203D9B9F1000F00F0F0802C
S214023E80C446121AA4B2B2FBFEF00EFB102200FBCE
S214023E9007F744EA0244A7420ED92C1900F1FF3272
S214023EA02CBF4FF0010E4FF0000EA74203D9BEF111
S214023EB0000F00F0D2801046E41B40EA0C4099E75F
S214023EC0C1F120058B400CFA01F400FA01F922FA3E
S214023ED005F72CFA05FC8A401F4320FA05F3380C36
S214023EE023431FFA87FE1C0CBCFBF0F800FB18CC21
S214023EF044EA0C4408FB0EFCA4450ED93C1908F112
S214023F00FF3A2CBF4FF0010B4FF0000BA44503D92C
S214023F10BBF1000F00F0B880D046A4EB0C041FFAE9
S214023F2083FCB4FBF0F300FB134403FB0EFE4CEAE7
S214023F300444A6450ED93C1903F1FF302CBF4FF0BE
S214023F40010C4FF0000CA64503D9BCF1000F00F09F
S214023F509F80034643EA0840A4EB0E04A0FB02EC53
S214023F6064457346E04602D307D1F14505D2BEEB5F
S214023F7002036CEB070C0138E0465EB1B9EB0302B4
S214023F8064EB080404FA05F522FA01F3CC401D435B
S214023F90C6E90054002132E742082F464B08AC46D9
S214023FA042EAC172AE46C407110C92B241EA03411C
S214023FB042EA0142B1FBF5F1B3FBF5F01F23A2EB97
S214023FC00C0241EA004142E79D40C3F120029940BB
S214023FD09C402CFA02FC4FEA154E20FA02F2AFB2CF
S214023FE0BCFBFEF80A430EFB18CC110C41EA0C414E
S214023FF008FB07FC8C4550D9691808F1FF302CBF26
S2140240004FF001094FF000098C4502D9B9F1000FB3
S21402401030D0A1EB0C01B1FBFEF808FB07FC0EFB4F
S214024020181192B242EA0142624534D2AA1808F145
S214024030FF312CBF4FF001094FF000096245BED296
S214024040B9F1000FBBD1A8F102012A44B7E7841ADE
S2140240506CEB030201201746E7E62C4402382BE7F6
S214024060ACF1020C2A440CE702392A44A5E62C4499
S2140240700238BAE6A5EB0C0CA8F102006144B1FBCB
S214024080FEF808FB07FCCAE7A8F102083C4444E72E
S214024090023B3C445EE7414691E7A1EB0C014046F9
S2140240A0B1FBFEF808FB07FCB9E700BF704700BF8C
S2140240B02DE9F8430746884614460026D4E90195BA
S2140240C0B9F1010905D52468002CF7D13046BDE8C0
S2140240D0F883AB89012B07D9B5F90E30013303D02B
S2140240E029463846C04706436835E9E710B50C4608
S2140240F0B1F90E10F7F752FE0028ABBF636DA38925
S2140241001B1823F48053ACBF6365A38110BD2DE951
S214024110F0411F468B8905460C46DB05164605D53B
S21402412002230022B1F90E10F7F726FEA3893246C3
S214024130B4F90E10284623F48053A3813B46BDE80B
S214024140F041F7F73DBE10B50C46B1F90E10F7F781
S21402415013FE421CB4F90C3015BF606523F480537D
S21402416043F48053A38118BFA38110BDB1F90E108A
S214024170F7F7F2BD02440346934200D1704703F8B4
S214024180011BF9E7704770477047062008B5F8F735
S21402419059F90120EFF7F7FC9368013B002B10B4A6
S2140241A0936008DA9469A34201DB0A2903D15DF819
S2140241B0044B00F0B4B81368581C10600846197017
S2140241C05DF8044B7047F8B506460F461446D518F8
S2140241D0AC4201D1002007E03A4614F8011B3046F3
S2140241E0FFF7DAFF431CF3D1F8BD2DE9F047164678
S2140241F098468A6807460B690C46DDF8209093427B
S214024200B8BF1346336091F843200AB101333360D6
S2140242102368990642BF336802333360256815F077
S214024220060506D104F1190AE36832689B1AAB4206
S2140242302BDC94F843302268003B18BF0123920619
S21402424030D404F1430241463846C847013023D0F1
S21402425023681A3454F80A2C03F00603042B0ABF08
S21402426054F80E5C002533684FF0000608BFED1ABE
S21402427054F8123C08BF25EAE5759342C4BF9B1A60
S214024280ED18B5421AD1002008E0012352464146F5
S2140242903846C847013003D14FF0FF30BDE8F087FB
S2140242A00135C1E7E1185A1C30200233224481F856
S2140242B0430094F8451082F84310C2E701232246D1
S2140242C041463846C8470130E6D00136D9E738B508
S2140242D00B6905460C4613B90025284638BD18B1A9
S2140242E0036A0BB9F7F70EFDB4F90C30002BF3D0C6
S2140242F0626ED00704D4990502D4A06DFFF743FF7F
S21402430028462146F7F7CAFF636E0546DA07E4D465
S214024310A3899B05E1D4A06DFFF736FFDDE7F8B56C
S2140243200E461446054618B1036A0BB9F7F7EAFCBF
S214024330A369A360A3891A0701D5236943B9214655
S2140243402846F8F72BF818B14FF0FF373846F8BD75
S2140243502368F6B222693746981A6369834205DCF7
S21402436021462846FFF7B3FF0028EDD1A368013B9C
S214024370A36023685A1C22601E70431C62699A421C
S21402438004D0A389DB07E1D50A2EDFD121462846D1
S214024390FFF79DFF0028D9D0D6E7884210B501EB7B
S2140243A0020402D98442234607D8431EA14207D0FC
S2140243B011F8012B03F8012FF8E70244824200D1DC
S2140243C010BD13F8011D02F8011DF7E71F2938B5C5
S2140243D005460C4604D9162303604FF0FF3038BD5D
S2140243E0C26B12B152F821304BB9284600F016F8CB
S2140243F0224601462846BDE83840F8F72BB8012B7E
S2140244000AD0591C03D1162303600120E7E70021D6
S214024410204642F8241098470020E0E7EFF7B6BBA4
S214024420C9B20346024410B59342184601D1002091
S21402443003E0047801338C42F6D110BD0A44431ED1
S214024440914200D1704710B511F8014B914203F822
S214024450014FF9D110BD70B50C46B1F90E1096B0E9
S214024460154600291E460ADAA18911F0800113D1E9
S2140244704FF48062002031602A6016B070BD6A4632
S214024480F7F7FAFF0028EFDB019901F47041A1F576
S214024490005359425941EBE700214022EAE78B8953
S2140244A073B59E0705460C4607D504F147032360FD
S2140244B023610123636102B070BD01AB6A46FFF758
S2140244C0CAFF009E28463146F2F71FF9B4F90C30AF
S2140244D038B99A05EFD423F0030343F00203A3810D
S2140244E0E3E743F080032060A381019BC4E904064E
S2140244F0002BE0D0B4F90E102846F7F7CFFF0028BD
S214024500D9D0A38923F0030343F00103A381D2E7A2
S21402451030B514469BB005461A46002C05DA8B23A6
S21402452003604FF0FF301BB030BD4FF402730091B2
S21402453004916946ADF80C304FF00003199314BF8E
S21402454004F1FF332346029305934FF6FF73ADF84B
S2140245500E301E9BF8F70EF8431CBCBF8B232B6055
S214024560002CE0D0009B00221A70DCE710F8012B2A
S21402457011F8013B012A28BF9A42F7D0D01A704799
S214024580034611F8012B03F8012B002AF9D17047D4
S214024590034613F8012B002AFBD1181A013870477C
S2140245A02DE9F0471F468E6882460C46BE4290466C
S2140245B0334653D8B1F90C0010F4906F2BD06569CE
S2140245C02368096905EB4505A3EB010905EBD575DB
S2140245D07B1C6D104B442A46AB4284BF1D462A46BE
S2140245E0430527D511465046F2F78FF8064658B3CC
S2140245F04A462169FFF722FFA38923F4906343F01A
S2140246008003A38126614E4465613B46A5EB0905FE
S21402461026603E46A5601F463A4641462068FFF79A
S214024620BCFEA36800209B1BA36023683B44236058
S214024630BDE8F0875046F2F749FD06460028E1D16C
S21402464021695046F2F76EF80C234FF0FF30CAF895
S2140246500030A38943F04003A381E9E73E46DBE747
S21402466002207047022070470020704701207047E2
S214024670002070470E207047FAF758BB08461146CE
S214024680012200F079B870B50C4611461A46F8F7C2
S2140246907FF8059B049E0493456933462046AC4644
S2140246A0BDE87040604710B5F8F772F8BDE81040F4
S2140246B083690846184700F0B6BBF9F743BAF9F71C
S2140246C04FBC00F0EFB808B500F088FB002008BD2C
S2140246D000F0D3B8F9F7FCBC70B504460D46164692
S2140246E04FF4881100F028F9324629462046BDE8E4
S2140246F07040FBF735B8431E042818BF012B94BF41
S21402470001200020704700F0D5BD4FF4D47200217E
S214024710FFF730BD0846FCF737BD10B50446F9F77B
S21402472091FDE8B9A169D9B1238ACBB1204604F13B
S2140247301002F9F7DBFBB8B9E169A9B1638A9BB14C
S214024740204604F1120200F0EDFB88B9216A79B125
S214024750A28A6AB12046E38ABDE8104000F0A7BBF1
S21402476000232382A361E6E700236382E361ECE78A
S21402477000236361236210BDF9F7DCBE0A7838B500
S21402478005461046FFF7B7FF60B14C782046FFF7A4
S214024790B2FF38B12243530704D42846BDE8384056
S2140247A0F9F76AB8212038BD10B504460878FFF735
S2140247B0A2FF58B14A781046FFF79DFF30B1042A8F
S2140247C004D02046BDE81040F9F774B8212010BD89
S2140247D000F072BA084600F023BD704711B9D0F84F
S2140247E0E81021B1CB6813B18B68D88970474FF6B1
S2140247F0FF70704710B5F8F7D7F8044608B900F00E
S2140248005DFD204610BDF8F7C1BE00F0A1BAD0F893
S214024810EC300BB90E2070474FF6FF72C38D9342F1
S2140248200B80F7D000207047F8B506460D46F8F71D
S214024830BBF8D8B94FF6FF734FF0240CEF68C1B23D
S2140248408F4208D81C4621463046F8F76BFA00F02D
S21402485035FD2046F8BDAA680CFB0122D4899C428D
S21402486002D2002CEFD023460130E8E74FF6FF7461
S214024870EFE7C08D704700F05CBA38B504460D46C7
S21402488000F0D2F850B129462046F8F74BFA30B974
S21402489029462046BDE83840F8F7F2BE0E2038BD5D
S2140248A0FEF774B9062AF8B504460F4615461E46A4
S2140248B023D8F8F785FE10B320463946F8F732FAC1
S2140248C00446A8B9012102460846FFF755FF2046CE
S2140248D000F0F2FCFCF728FF3046F8F71FFE062D24
S2140248E0284607D02923EB40DB0703D5FCF782FFD7
S2140248F02046F8BDFCF7BCFFFAE72124F8E70224BD
S214024900F6E700F03BBBF8F7EFBF00F053BA002023
S21402491070470846FBF79ABE00F033BB38B504462C
S2140249200D4601F08AFD0023C4F89C50C4F8983066
S214024930BDE8384001F07CBD38B504460D4601F0AE
S2140249407CFDD4F89C301D40D4F8983023EA050547
S214024950C4F8985001F06CFD284638BD73B50D7842
S21402496006460C4635B304238DF8043023793046C8
S21402497001A98DF80530FFF717FF0546B8B922786A
S214024980A37952BB8DF80430E379304601A98DF83D
S2140249900530FFF7F3FE054648B923783BB1618838
S2140249A03046F9F757F90121304600F01EFA28463C
S2140249B002B070BD294600F018FA2946304600F0CB
S2140249C03CFA2946304600F040FA22782379002A3B
S2140249D0C9D18DF804306379C9E702228DF8042024
S2140249E0D3E700F02ABA00F038BAF9F767BAFBF74D
S2140249F07FB90846FBF730BAF9F764B900F031BA66
S214024A000B4610B514461846A1689288FFF716FDA5
S214024A10E168034631B1A0886288121A92B218443D
S214024A20FFF70CFD002010BD0346408A18B1188A15
S214024A30003818BF012070470846FBF7DBBE431C50
S214024A4008BF0020F8F7DEBD10B5044600F06EF889
S214024A5020B92046BDE81040F8F764BB10BD00F050
S214024A6066BC2DE9FF41984604460E46174601F0FD
S214024A70EDFC05462046FFF7E7FF0A9B3A460293FF
S214024A800023314601932046CDF80080F8F798FBC4
S214024A900446284601F0D5FC204604B0BDE8F08165
S214024AA038B5044601F0D2FC05462046FFF7CCFF97
S214024AB02046F8F763FB0446284601F0C2FC20466F
S214024AC038BD38B5044601F0C1FC05462046FFF75E
S214024AD0BBFF204600F039F80446284601F0B1FC38
S214024AE0204638BD38B5044601F0B0FC05462046DF
S214024AF0FFF7AAFF204600F02EF80446284601F0EB
S214024B00A0FC204638BD70B504460E4601F09EFC59
S214024B1005462046FFF798FF31462046F8F79CFBED
S214024B200446284601F08DFC204670BDF8F736BADA
S214024B3010B501F08BFC044600F015F8F8F756FAAB
S214024B402046BDE8104001F07CBC024608B5F8F7E6
S214024B5025FA507D08BD024608B5F8F71FFA507DC3
S214024B6080F0010008BD00F0E2BBF8F7C5BD00F01A
S214024B70ECB800F0FFBA00F04FBA022A01D800F0F3
S214024B8071BA21207047022A01D800F07CBA21208F
S214024B907047022A01D800F089BA2120704738B53A
S214024BA004460D4600F05BFA28B129462046BDE8C9
S214024BB0384000F08BBA022038BD70B504460D4668
S214024BC0164600F04CFA30B1324629462046BDE879
S214024BD0704000F093BA022070BD0E20704738B5C0
S214024BE004460D4600F03BFA28B129462046BDE8A9
S214024BF0384000F0AFBA022038BD38B504460D463C
S214024C0000F02DFA28B129462046BDE8384000F0CB
S214024C10A9BA022038BDFAF715BC0846FAF730BC26
S214024C2003469B8E08469342114601D3FAF754BCBC
S214024C302120704700F0ADBAFAF770BC002070472A
S214024C40002070477047D0F8A03003F06003402B76
S214024C500DD0602B03D0203B58425841704749B1D3
S214024C600B68012B06D9486940F00100704740F2F4
S214024C7001107047002070470D281CD00F281AD04C
S214024C80102818D0112816D020F090030D2B11D022
S214024C900F2B0FD020F010030D2B0BD00F2B09D0AB
S214024CA020F080030D2B05D0A3F10F02022A98BF35
S214024CB01846704718467047F7B504461046D4E9BA
S214024CC056C7DDE908268CEA020587EA0601054092
S214024CD0194085EA0C057940C4E95651002523F4AB
S214024CE0004106EA010320F0010043F4007302408B
S214024CF043F0020301950095FEF788FC94F82430F1
S214024D009A0713D5D4F85C319B050FD54FF488115A
S214024D10204600F0C1FB94F82430024665F34103B6
S214024D2084F8243020460B46F8F71EFC002003B019
S214024D30F0BD30B4D0F8A0300A4023EA0103134392
S214024D40C0F8A03030BCF9F7A7BC0220FBF766BF5C
S214024D5008B5D0F8F0304BB11A68022A06D993F893
S214024D6025204AB1186AB0FBF2F008BD40F68C3234
S214024D704C210020F8F7FCF80020F6E7D0F8F020E7
S214024D8008B57AB11368022B0CD9536A13F47F4F15
S214024D90C3F3072106D0126ADBB253438B42B3FB3E
S214024DA0F1F006D2002040F6AB324C21F8F7E0F8DC
S214024DB0002008BD0346B3F83E2108468A4203D0C7
S214024DC0A3F83E11FBF7D2B80020704790F83C31AA
S214024DD00D2B14BF90F82B00FF20704708B500F08B
S214024DE029FBBDE80840FCF7CFBC38B50C464FF4AB
S214024DF000610546FEF758FF60B16CB195F82A319E
S214024E0063B94FF480722846BDE838404FF480718B
S214024E10FEF736BF2202F6E72246F4E738BD4FF425
S214024E208071FEF741BF10B50023F8F779FD0446FE
S214024E3008B9FDF717FE204610BD08B54A024FF422
S214024E400071FEF71DFF002008BD08B58A024FF468
S214024E508061FEF715FF002008BD4FF40071FEF7D3
S214024E6023BF70B58D8806460C463DB90B688A6826
S214024E709B1A236005230020A37170BDF8F7C2FCBD
S214024E8096F82720EB00023A012A98BF033360B156
S214024E90B3F5803F09D84FF22441420901FB0322B1
S214024EA00009B2FBF0F22368E2E70220E5E7B2F57A
S214024EB0805FF8B50F460646154619462ED89A4222
S214024EC02CD33F2A28D9B2FA82F40122C4F11F0356
S214024ED0DBB29A4092B2AA422CBFC4F11904C4F1C2
S214024EE01A04E2B20124931DDBB29C40A4B2AC4287
S214024EF014BF0120002002D096F8013183B996F83B
S214024F00243060F3C71386F824303846FAF70EFDCD
S214024F1000203762B582F8BD0022E3E72120FAE7D7
S214024F200E20F8E770B505460E46144602B31388FF
S214024F303F2B1DD9B3FA83F3C3F11901C9B206296F
S214024F4001D8192B12D0062928BF062101238A1D53
S214024F50D2B2934030462380FAF708FD23882846CB
S214024F60EE616B82FAF78AFD002070BD0021EDE744
S214024F702120FAE70E2070470020704790F82D0097
S214024F80704708B50B46062200F59E711846FFF7D5
S214024F9055FA002008BD0429F8B505460C460AD184
S214024FA00026F7B23846FBF7AFF808B13C4602E0F7
S214024FB00136042EF5D12046FBF7A6F858B195F82F
S214024FC03C31A34209D085F83C4105F59E70BDE808
S214024FD0F840FAF7D1BF2120F8BD0020FCE70022F6
S214024FE0F9F760BCA0F84A30BDF90030C0F894105A
S214024FF0A0F84820A0F84C3000207047F9F78ABD88
S21402500010B5144608460121FCF70EFA2046BDE804
S21402501010400121FCF708BA70B5044615460E4644
S21402502009B9212070BD130617D400F048F931469D
S2140250302046FFF7F9FB4FF6FF739842F1D000F0D7
S2140250403EF920464FF400310022FEF719FE2946AB
S2140250502046BDE87040F9F767BA0E20E2E78021E5
S214025060FEF722BE7FB5531C05AA029202220192C7
S2140250700022ADF8141000921146DBB2FEF71EFEB7
S21402508007B05DF804FB7FB5531C05AA4FF0040C6D
S21402509002920222ADF81410CDE9002C0121002262
S2140250A0DBB2FEF70BFE07B05DF804FB1FB54FF050
S2140250B0080C531C0022CDE9002C01220291DBB21F
S2140250C01146FEF7FBFD05B05DF804FB08B50A04C1
S2140250D04FF48031FEF7D4FD002008BD07B591F8E5
S2140250E02830009391F82B3091F8292091F82A1055
S2140250F0FAF76EF9002003B05DF804FBF8B5144623
S2140251008A0706460D4601F001070CD43FB1A204F9
S2140251104FF48021304602F48022FEF7B1FD6B0781
S2140251200FD40020F8BD3FB104F00100C4F34003E1
S2140251308342EBD02120F5E74FF48021FEF7B4FD41
S214025140F4E7A2064FF08051304602F08052FEF796
S21402515097FDE6E708B50A054FF48011FEF790FDC5
S214025160002008BD08B5CA044FF40021FEF788FDEA
S214025170002008BD09B141F01001F9F7D5B910B504
S2140251800446F9F7CBF901462046BDE81040F9F788
S214025190CBB9002914BF212000207047D0F8EC308C
S2140251A0C3B15869B0B1531EDBB2FD2B10D90368E8
S2140251B013F1020F08BF4FF0FF33FF2A0B6005D131
S2140251C043689A1C08BF4FF0FF334B6000207047BD
S2140251D0012AF4E72120704738B5054610460C46EA
S2140251E0FAF79EFAC5B1D5F8EC30ABB15A699AB166
S2140251F0431EDBB2FD2B11D90B685D1C04BF6FF09A
S21402520001030B601360FF2806D16368591C02D1A4
S2140252106FF0010363605360002038BD0128F3E796
S21402522038B50546FCF7CEFE04460021A878FAF704
S21402523009FB204638BD2DE9F74F01251C469DF88F
S2140252403030064601930368174603F00703063319
S2140252509D4005F1FF380B46A1B1416804EA080BF0
S214025260A5EB0B0A41F00059524509EB0B0114D984
S21402527052461846FFF7E2F849467A1B5A4450440B
S214025280FFF7DCF8019B2BB13C4448EA050804EA28
S2140252900804F46003B0BDE8F08F1846F0E737B5AF
S2140252A0002514460095FFF7C6FF204603B030BD22
S2140252B0F9F718BD00207047002070477047704706
S2140252C010B5490004461AB1032938BF0321033931
S2140252D02268C903B2FA82F314D0B1FA81F01B1A1B
S2140252E0002B0DDDC3F10F00012838BF012003F0AB
S2140252F01F03D9408A4201D201384908216010BDF5
S2140253000F20F7E70F20F9E7012805D9023818BF62
S2140253104FF0FF30C0B27047012070470A4690F83F
S21402532094109B2901D8F9F73FBA2120704708B597
S214025330FBF7C0FDBDE80840FBF7E4BD38B5044600
S214025340FFF7F5FF0546FFF7F2FF431BA342FAD32A
S21402535038BD38B50D460446FBF7ACFD35B1844280
S21402536000D90139204601F0030138BD844238BF16
S2140253700131F7E708B50121FFF7EBFFBDE808406A
S214025380FBF7C0BD0B0C23F48053B3F5284FF7B5DB
S2140253900D468FB2064699B217D04AF601039942D5
S2140253A015D04AF60203994213D0B1F5204F14BF26
S2140253B004240324D6F8EC300BB1196859B9D6F890
S2140253C0E83093B9286803B0F0BD0024F2E7012460
S2140253D0F0E70224EEE723463A466846FBF7F0FD7E
S2140253E0019B002BEBD10098EDE719680029E9D064
S2140253F023463A466846FBF7E3FD019B002BE1D1C4
S214025400F1E700F0D9BC02044FEA901309D4C3F3C3
S2140254100903A3F1C8006FF4FF739842B8BF184699
S21402542007E06FEA83536FEA935313F5007F18B2CF
S214025430EFD17047012200210320F9F77BB808B5A7
S2140254401C20EFF7FBFE4FF0B042936813F0080FF4
S2140254504FF0010302BF9268C2F303129340B0FBFF
S214025460F3F008BD4FF0384359699A6903F50053C3
S2140254700A405A6170470E207047FDF793BBFDF74E
S21402548091BBFDF78FBBFDF78DBB08B50846FDF750
S214025490C9FF08BDFDF786BB38B505460C4600F0C9
S2140254A0CCFFD5F89C301C40D5F898302343C5F87D
S2140254B0983000F0BDFF211E18BF012100204902CE
S2140254C038BD002070470139024410B5904201D120
S2140254D0002005E0037811F8014FA34201D0181B03
S2140254E010BD0130F2E7000008B5054BD3F87C0387
S2140254F0FFF7C2F800F00300C31E5842584108BD29
S214025500B80D0020EFF31182302383F31188084B85
S21402551049B1D3F890130843C3F8900382F3118875
S214025520BFF36F8F7047D3F8901321EA0000F3E7BA
S214025530B80D0020EFF31182302383F31188064B57
S214025540D3F8903382F31188BFF36F8F1840003878
S21402555018BF0120704700BFB80D002008B5E9F754
S21402556086FA38B1044BD3F8940318B10368187856
S214025570C0F3401008BD00BFB80D002008B5E9F71B
S21402558076FA50B1054BD3F8940330B10368188805
S21402559000F00700C31E5842584108BDB80D00204F
S2140255A008B5064BD3F87C03FFF766F8012801D04E
S2140255B0F3F766FDBDE80840F3F75CBDB80D0020C2
S2140255C008B5FFF7CBFF00B9FEE700F025FF00B9EC
S2140255D0FEE701214FF48060FFF794FF00210220CE
S2140255E0FFF790FF00214FF48030FFF78BFF00217A
S2140255F00820FFF787FFF3F73DFD0022014B83F8F3
S214025600B52308BDB80D00202DE9F04F4B4DF1B083
S2140256100EAC0290E7F748FF2146D5F87C03FFF769
S214025620E8F9B4F802C0BCF1020F40F2E88227465D
S21402563050AE0FCF0FC63B68BCF1270F336009D9B7
S2140256402723A288ADF84231262A82BFADF844311C
S2140256500023539330AE3146D5F87C0350AAFFF7A9
S214025660CFF99DF84271002F00F0C9820DF1700843
S2140256700DF1C100A368C8F800001B78A8F8043032
S214025680F3F714FD00F44050B0F5005F40F0BE8220
S214025690207CE7F7ACFF0DF1200900904946404612
S2140256A0F3F769FD009B99F808B03BB395F8D975F6
S2140256B067B1BBF1000F23D0BBF1020F18D14946E8
S2140256C01846E8F70DF8471C18BF0127BBF1010F73
S2140256D095F8DAA595F9DB651BD1E8F76FFCB9F802
S2140256E00030D0F800B0BBF1000F0BD100237DE0F4
S2140256F0B9F800100098E7F79BFFE4E7009FE5E79C
S2140257005F46E3E7BBF806209A4219D0DBF800B002
S214025710E9E7BBF1020FE9D1E8F750FCD0F800B098
S214025720BBF1000FE2D0082249460BEB0200FFF75E
S214025730CAFE28B1DBF800B0F2E700BFB80D0020C1
S2140257409BF804209007C2F3400944BF8DF814A0CA
S2140257504FF00109510717D595F8DC35F31A5BB2FD
S214025760002BC0F2A7817F2E08BF00238221C3EB45
S2140257700323B3FBF1F305A901F80930B9F1000FD1
S21402578040F085824FF00109130740F1958182228D
S2140257908236C6EB0626B6FBF2F609F1010305AA27
S2140257A002F809605FFA83F9009B002B9ED0B5F8D9
S2140257B0DD354A4623F4FF43A5F8DD3509F1040337
S2140257C085F8DD359B2385F8DF35B82385F8E03587
S2140257D0EA2385F8E1350023CA4805A909F1060936
S2140257E085F8E235FEF72AFE5FFA89F34FF0000AE3
S2140257F013AD5146222228460DF1110901938DF868
S2140258009FA0FEF7B7FC8DF834A089F800A08DF8AB
S21402581012A0D8F800A026AE5046F3F747FC00F4D4
S2140258204053B3F5005F0DF12C0B40F0E881800683
S21402583040F1E58159465046F3F743FC9DF8343073
S214025840002B00F0DC81012B06D14FF6FF73BDF86A
S2140258502C209A4200F0D381D8F800000DF15A01AC
S214025860F3F751FC002840F0CA8195F816B0BBF158
S214025870000F00F0C481D8F800A05046F3F79AFC57
S21402588098B149464046E9F7CEFF002840F0B78176
S21402589099F80030052B40F0B28140460DF1120116
S2140258A0EAF799F9002840F0AA815046F3F7FEFB82
S2140258B08146E9F760FF01464846E9F72DFF0029D1
S2140258C000F0048103905046F3F7F2FB039BC9F302
S2140258D0812900EB4300B9F1020FC0B200F0F1805B
S2140258E0B9F1030F00F0F080FF2800F088813AF843
S2140258F000306B8301236B7798F806302022B37151
S2140259004FF0000300210DF2411928A8B380C6F813
S2140259100090FEF72FFC7C4B2A7B9DF811102B6023
S2140259209DF81230012AA977EB7700F0D680022A7A
S2140259300CBF03230023BBF1010F4FEA833300F0B1
S214025940CE80BBF1020F0CBF03200020003918BF27
S214025950012143EAC10343EA802343F4005A4AF092
S214025960020A002A40F0BD806A7F002A00F0C48046
S21402597095F821300DF1180B03F001034AEA032AC9
S2140259804FF4FE0351465846CBF80430CBF800904D
S214025990F3F7C4FA1AF4807FBBF80410BBF806309B
S2140259A003D14A1C9A4298BF91B250460393E9F734
S2140259B0B3FE002840F0AA80DBF80020039B58467E
S2140259C0ABF804100DF15A01CBF80020ABF8063004
S2140259D0F3F7B0FA5046E9F7CEFE002840F0A3806F
S2140259E0DBF80010BBF80630BBF804200DF1180BEC
S2140259F05846069114A9ADF81E30ADF81C20F3F7F0
S214025A0099FAAB7F0699BDF81CA0BDF81EB0D3B1BB
S214025A10EA7F13430AF10102934528BF01F80A30D0
S214025A20184628BF1FFA82FA0393E7F73BFF0138AE
S214025A30039B1AFA80F0834528BF1FFA80FA18469D
S214025A40E7F71BFF03462A88032A09D10AF1010257
S214025A50934522BF95F8200001F80A001FFA82FA41
S214025A6002335AFA83F39B45484628BF1FFA83FA45
S214025A70F3F71CFB002F5BD040F0100080B28DF8CD
S214025A804101000A8DF842014846F3F70FFB019BDD
S214025A90002B50D040F4007080B2D8F800508DF839
S214025AA04101000A8DF842012846F3F7FFFAC105C4
S214025AB044D5FEE7002359E6B9F1000F3FF416AECF
S214025AC072E60230C0B20FE70830FBE700283FF468
S214025AD013AF5046F3F7ECFA06E702232BE7022051
S214025AE034E7022A03D1BBF1020F3FF43DAF298B04
S214025AF06A8B91427FF43CAF43F4015A4AF0020AA1
S214025B0036E700BF9B13002002000020ABF804100B
S214025B105846698BF3F702FADBF80020BBF804104C
S214025B20BBF806304BE75846298BF3F7F7F957E7E9
S214025B3020F01000A2E720F40070ADE74846F3F725
S214025B40B5FAC20500D5FEE7AB7828468DF8433194
S214025B50F3F730FB70B10DF1130529464046E9F71D
S214025B6082FE00284BD130469DF81310A6F804A0FA
S214025B70EAF75AF8019B93B14846F3F797FA83057A
S214025B8040D53046A6F804A0E9F790FE019A4149AE
S214025B904844FEF753FC019B53441FFA83FA4846D7
S214025BA0F3F708FB80B330460099C6F80090A6F8D3
S214025BB004A0EAF74AF810BB3068B6F804A0A38837
S214025BC0EBB1A5686288013B0135013A9BB2A5603C
S214025BD06280A38003B9E568F3F7ECFA18B12B7874
S214025BE043F004032B701FB12B7863F07F032B70F6
S214025BF05246029850A98DF840A1FFF711F871B0ED
S214025C00BDE8F08FFF20C1E74846D8E795F8D925CA
S214025C10012F0CBF00237378002A31D0029850A9B6
S214025C20FEF7FBFF00282FD1207CE7F7E0FC0028D8
S214025C30E5D09DF84831032B1BD150A9E7F750FD5C
S214025C400130DCD00298FEF7E6FFE8B9A388002B05
S214025C50D5D0A2686188013B013201399BB2A260AD
S214025C606180A38003B9E268137863F07F03137040
S214025C70C5E7022BC3D1BDF84011E7F7D9FCDFE731
S214025C8003F00703012BDCE70228B8D0FEE74FF04B
S214025C90020989E595130020174A9368C3F3044363
S214025CA00C2B0AD8DFE803F00B09090909090721BA
S214025CB019091B1D1F001148704700207047936882
S214025CC003F04073B3F1807F11D0B3F1007F10D0A0
S214025CD0002B0B4818BF002070470A4870470A4836
S214025CE070470A4870470A4870470A4870470A4889
S214025CF070470A48704700BF0040015A405DC60020
S214025D0000093D00C0EA210180BA8C010048E80182
S214025D10005A62020024F40080841E0040420F00F3
S214025D200E49D1F82831A0B10022A3B1834204D192
S214025D3083682AB9C1F8283103E01A469B68F4E75B
S214025D40936083681BB15A6941690A445A6100200C
S214025D507047222070470220704700BF7031002033
S214025D600A4B1B6F03F00703013B032B03D8DFE844
S214025D7003F00B030609FEE7054B18687047044B51
S214025D8058687047034870470348704700800050C1
S214025D903C41002080D54302002D310108B5FFF7B3
S214025DA0DFFF044B1B6FC3F301330133B0FBF3F089
S214025DB008BD00BF00800050014B5868704700BF06
S214025DC03C41002038B5164AD2F8803243F001032F
S214025DD0C2F88032134B5B68C3F3080343B14FF03B
S214025DE0A842D36B13F0430FFBD11424204638BDD0
S214025DF04FF0A843DC6B14F04304FBD10A4DD5F8F0
S214025E00E43123B9042105F5F270E4F70AF8D5F86F
S214025E10E431013343F00043C5F8E431E6E700BF5E
S214025E200080005000ED00E0703100202DE9F74FB1
S214025E30002800F0CB80664B1A68904203D359685C
S214025E400A44904204D35B6A002BF5D15B69FFDEFD
S214025E50D3E9054CEFF31188302282F3118810F84B
S214025E60082C30F8067CD207A0F1080600D53FB908
S214025E7088F31188BFF36F8F012003B0BDE8F08F5F
S214025E809968D3F810A0A1EBC7010AF10102996044
S214025E901A6130F804EC7D1CBEF1000F00F08C8015
S214025EA04FEACE020192A6EBCE0292F800B010F8AC
S214025EB0089C1BF0010F09F002096DD1B9F1000F21
S214025EC06DD1B2F80290B2F806E0AEEB090EBEF162
S214025ED0010F71D10237083907EB0905C3F810A084
S214025EE0996030F802ECBEF1000F69D0D3E90017D2
S214025EF006EBCE093944894562D216F83E104F4663
S214025F0011F0010117D130F8066CAEEB0606012E31
S214025F1011D1B9F80260A9F80210B9F806100136D4
S214025F20354400294AD009EBC107196901391961BC
S214025F30996808399960002610F8081C20F8066C43
S214025F4021F0010100F8081C1178013D66F30001FA
S214025F5055801170002F35D0C2F107013944C1F3C4
S214025F60CF01D180B9807CB394422DD861880029B4
S214025F7008BF1446BCF1000F06D0944504D3BCF803
S214025F800210002918BF6246C3E9054288F3118849
S214025F90BFF36F8F002070E7B9F1000F0CD0019F9E
S214025FA07544C91B996010F8081C21F0020100F81C
S214025FB0081C0021918094E7324692E70F46B4E728
S214025FC00027B8E7D780CEE71446D3E7222054E767
S214025FD09819002037B5F8B10024C461EFF3118593
S214025FE0302484F311880E4CD4F8284114B1A04210
S214025FF010D1012485F31188BFF36F8F74B9BDF8F1
S2140260001C5001959DF81850009500F06FF9204637
S21402601003B030BDA468E9E72220F9E70320F7E7DA
S2140260207031002038B50021044640F2E730054BB7
S2140260304FF47A721D680023E4FB0501FDF778FE33
S21402604038BD00BFB40D002010B50F4B1A689AB1C8
S2140260504FF47A71531E1342A0FB01010ED1B2FA1D
S21402606082F2C2F11F04531CD243E04001FA03F34A
S214026070184321FA02F20243104610BD0023FDF730
S21402608057FE0246F8E700BFB40D002030B5104AAE
S2140260904161D2F828318BB9C2F8280183600CE03E
S2140260A0491B41619D681C462B461DB15D698D42A8
S2140260B0F6D92CB1A06083602BB930BD0024F5E779
S2140260C0C2F8280183605A69521A5A61F5E700BF7E
S2140260D07031002010B5EFF31184302383F311885A
S2140260E0F0F728FE074BD3F8FC114FF0B0435B697C
S2140260F0DB0702D5F0F71EFE013184F31188BFF3E9
S2140261006F8F10BD7031002070B52C4CD4F828313A
S214026110002B51D059692A4B002941D0D4F80022CD
S2140261204FF0B045114408229A61EFF3108672B61A
S214026130F0F700FE2B6C6A69150704D41A1A032AB4
S21402614001D898420ED10B1A022B98BFC11C4FF0F1
S214026150B043B1F1FF3F38BF01390822196403F595
S21402616080539A61174A304600F062F992F8283056
S21402617043B14FF0B041CB6B43F00203CB63002335
S21402618082F828300023D4F8282184F804322AB171
S214026190D188890708D5012384F80432002070BD0F
S2140261A008229A615A61EDE79268002AF6D0516990
S2140261B00B44012BECD9F1E72220F0E770310020E6
S2140261C0001000583C41002010B5F0F7B3FD0B4C10
S2140261D0D4F80032D4F82811C31A11B9C4F8000250
S2140261E010BD002BFAD04A699A423ABF9B1A002287
S2140261F0D21A4A6128BF00238968EEE77031002070
S214026200F8B5054628B3EFF3108672B6FFF7DCFF43
S214026210114B2846D3F82871FFF782FD044620B1B9
S214026220304600F005F92046F8BDAF42F8D1FFF738
S2140262306BFF2228F4D10122084B83F828204FF066
S214026240B042D36B23F00303D3630822044B9A6154
S214026250E6E72224E7E700BF703100203C41002039
S2140262600020005810B5EFF31184302383F3118811
S2140262700C4B0D4A1B68183B13F1180F04D184F31C
S2140262801188BFF36F8F10BD19680968914202D05A
S2140262909B69183BF0E71B6953F82030002BEED0C1
S2140262A09847ECE7583300200000045010B5044627
S2140262B0E8F7DDFBB0B1B4F5007F4FF001010ED177
S2140262C02046FFF71FF900211020FFF71BF90021D7
S2140262D00548FFF717F9BDE81040F2F7CBBE4FF4BA
S2140262E08050F2E710BD00BF0A0001002DE9F04120
S2140262F01F469DF81830164603710023BDF81C2071
S214026300C0E9036307608360C28004460D46F0F767
S21402631011FD2844A0613DB96561CEB139462046DB
S2140263203346BDE8F0411847EFF3108672B6FFF722
S2140263304BFF29462046FFF7A9FE064B1B689C42E8
S21402634001D1FFF7E1FE3046BDE8F04100F070B83B
S214026350BDE8F081983200204FF4807370B596B095
S214026360029201242122019310230394049305929E
S214026370069107940893099201AA0A9206AA0B921A
S21402638004220C9211220D920AAA0E900F921093DA
S21402639040F611031193194B12930EAB1393184B3D
S2140263A0149346F611031593FFF70CFD14280446C2
S2140263B020D1EFF3108072B64FF0A8431E681D6915
S2140263C000F036F84FF0A843032212A95A63196068
S2140263D002A919619A63DA6B9207FCD1142C06D1D2
S2140263E0EFF3108072B61E601D6100F021F8054BB7
S2140263F05B6801E00028E5D016B070BD543300207B
S2140264000400002000ED00E00846E7F711B8104649
S214026410E7F70EB80020704708B5E8F728FB20B16A
S214026420BDE808400820FFF785B808BD0020704781
S21402643010B962B6BFF36F8F7047EFF3108072B673
S214026440704780F31188BFF36F8F7047EFF31180A8
S214026450302383F311887047012303FA01F1EFF327
S2140264601183302282F3118800F5005200F5805025
S2140264705165816283F31188BFF36F8F7047EFF324
S2140264801182302383F31188436B82F31188BFF3A2
S2140264906F8F012088401840003818BF01207047CF
S2140264A04FF098435A6CD202FCD5586D00F4702017
S2140264B0704708B528B128220021FDF75BFE0020B0
S2140264C008BD2120FCE7036A042B9FBF00EB830272
S2140264D00133D16003627047036A10B5052B15D8E5
S2140264E04FF09842116CC902FCD504339B00136529
S2140264F003684FF09844136043681360034653F8EA
S214026500081F11600022016A914200D810BD53F89C
S214026510041F01322160F6E708B508B9212008BD3C
S214026520FFF7DAFFFFF7BCFF0028F8D0B0F5802FA0
S21402653017D00BD8B0F5003F15D0B0F5403F14D0B9
S214026540B0F5803F14BF01204820E8E7B0F5202FC1
S2140265500DD0B0F5302F0CD0B0F5E02FDED00120F4
S214026560DDE74B20DBE72A20D9E72C20D7E71020EF
S214026570D5E71120D3E7836882B013B9816002B0F1
S214026580704783680193019B5B68012B019B01D1D5
S2140265905960F4E75B68F5E708B5EFF3118130233D
S2140265A083F31188F0F7C6FB81F31188BFF36F8F70
S2140265B008BD38B50C46EFF31185302383F31188F6
S2140265C01D2836D8DFE800F00F17351B1D1F3521B2
S2140265D023353535252735292B2D2F3535353533BA
S2140265E0353535353531FFF7BBFB206085F311882D
S2140265F0BFF36F8F38BD0120EEF720FEF5E70320CC
S214026600FAE70420F8E70C20F6E70220F4E7062073
S214026610F2E70720F0E70820EEE70520ECE709207E
S214026620EAE70A20E8E70D20E6E71020E4E70B2079
S214026630E2E70020D9E700000000000000000000AA
S214026640F8B500BFF8BC08BC9E467047F8B500BF58
S214026650F8BC08BC9E4670475FF800F0813F0020F9
S214026660000000007AFF809F79FF009F73FF809EE4
S21402667075410200E867020001000800C8670200D0
S21402668001000800FFFFFFFFFFFFFFFFFFFFFFFF06
S21402669000000000000000000000000001000000F2
S2140266A0FFFFFFFF4B60D2273E3CCE3BF6B053CCFB
S2140266B0B0061D65BC86987655BDEBB3E7933AAA3D
S2140266C0D835C65A512563FCC2CAB9F3849E17A7A9
S2140266D0ADFAE6BCFFFFFFFFFFFFFFFF0000000072
S2140266E0FFFFFFFF96C298D84539A1F4A033EB2DE1
S2140266F0817D0377F240A463E5E6BCF847422CE1CD
S214026700F2D1176BF551BF376840B6CBCE5E316B10
S2140267105733CE2B169E0F7C4AEBE78E9B7F1AFED4
S214026720E242E34F0100000014DEF9DEA2F79CD637
S2140267305812631A5CF5D3EDB86802009C68020032
S2140267408068020000000000020000007868020074
S214026750030000007068020004000000686802007F
S214026760050000006068020006000000586802008B
S21402677007000000506802000E0000004868020091
S2140267800F00000040680200100000003868020097
S2140267902600000030680200270000002868020079
S2140267A02800000020680200290000001868020085
S2140267B02A000000106802002B0000000868020091
S2140267C000000000000000005F9C95BCA3508C24D3
S2140267D0B1D0B1559C83EF5B04445CC4581C8E86D2
S2140267E0D8224EDDD09F1157E0EB7A7C3B41B8AE03
S2140267F01656E3FAF19FC46ADA098DEB9C32B1FDB4
S214026800866205165F49B800528A020070942B050C
S214026810668A020070932A057A8A02007092290517
S2140268208E8A0200708428059A8A020070832705E1
S214026830A68A020070822605B28A020070641009D7
S214026840BE8A020070630F09CA8A020070620E09CD
S214026850D68A020090240700E28A020090230600ED
S214026860EE8A020090220500FA8A02001014040042
S214026870068B020010130300128B02001012020095
S21402688002000000000000000000000000000000FF
S21402689000000000000000000000000002000000EF
S2140268A000000000000000001DB300001DB3000041
S2140268B0116B0000779D000002000000B56B00001F
S2140268C0D1D20000CB6B0000CF6B00002B6B000018
S2140268D0B96B000013B779FAC925DDB7ADF3CFE07F
S2140268E0F1B614B80102000000000000FFFFFFFF2F
S2140268F0020000000100000000000000000000008E
S2140269000000000000000000000000000000000080
S2140269100000000000000000000000000000000070
S2140269200000000010141400101C2030401C200030
S214026930001C203040000000D80A00206FD500005E
S21402694071D4000067D40000ADD50000B5D40000B5
S214026950A9D40000523000523100523200523300A5
S2140269605234005235005236005237005238005226
S2140269703900523130005231310052313200523138
S21402698033284C5229004D53500050535000504368
S2140269900078505352004D53502075736564005072
S2140269A0535020757365640043535441434B206231
S2140269B06F74746F6D0049435352005348435352E9
S2140269C000494E545F4143544956453000494E549F
S2140269D05F414354495645310043465352004846A8
S2140269E053520044465352004D4D41522F424641A7
S2140269F0520041465352005265743000526574315B
S214026A000052657432005265743300526574340065
S214026A10526574350044617430004461743100007C
S214026A20505341004B455900534C2D4F50454E5440
S214026A3048524541442F332E312E312E305F47695E
S214026A40744875622D6662323734656665363B2059
S214026A5045465233323B2053657020323020323066
S214026A6032362030303A30303A3030000000000003
S214026A707700000000000000700000000000000028
S214026A80010000006000000000000000010000009D
S214026A90610000000000000001000000630000002A
S214026AA0000000000100000041000000000000009D
S214026AB0010000004300000000000000010000008A
S214026AC0480000000000000001000000470000002F
S214026AD000000000010000000D150000000000008C
S214026AE0010000005200000000000000010000004B
S214026AF05A00000000000000010000005B000000D9
S214026B00000000000100000042000000000000003B
S214026B100100000049000000000000000100000023
S214026B20000000000B000000010000000000000052
S214026B300E000000010000000000000068000000D7
S214026B40000000003000000000000000000000000E
S214026B5066000000000000000100000021000000A6
S214026B6000000000010000003600000000000000E7
S214026B7001000000440000000000000001000000C8
S214026B804500000000000000010000004600000072
S214026B9000000000010000004B00000000000000A2
S214026BA0010000004C000000000000000000000091
S214026BB02200000000000000010000000D19000085
S214026BC000000000010000003E150000000000006A
S214026BD00000000071090000000000000000000034
S214026BE0498F02005DF2000000000000518F020093
S214026BF023DE000000000000548F020023E00000A5
S214026C0000000000598F02006931010000000000F8
S214026C105E8F0200B3DE000000000000648F0200F8
S214026C2095E0000000000000728F0200D9E000002C
S214026C3000000000428B020041D800000000000065
S214026C40488B020051D8000000000000828F02002C
S214026C505DDE0000000000003A8E0200BFDC00008D
S214026C60458E02001DDD000008100000BD16010062
S214026C70000000000413000035DB000000000000E6
S214026C8005130000D10301000000000008100000F8
S214026C90451701000000000004130000D1DA0000CE
S214026CA0000000000513000075040100000000004B
S214026CB00000000013E300000000000001000000D6
S214026CC01BE300000000000002000000D10B0100E0
S214026CD0000000000300000037E300000000000090
S214026CE0040000003DE30000000000000500000074
S214026CF043E300000000000006000000F7E1000089
S214026D00000000000700000021E200000000000072
S214026D1008000000C1E300000000000009000000B7
S214026D200DE30000000000000C00000029E2000055
S214026D30000000000D00000019E200000000000044
S214026D402000000039E400000000000021000000DE
S214026D5065E100000000000022000000C9E100001A
S214026D600000000023000000F90A010000000000F5
S214026D7024000000091A010000000000250000009F
S214026D80191A01000000000026000000BDF00000F5
S214026D90000000002700000033E2000000000000B0
S214026DA029000000D1E10000000000002A000000D7
S214026DB03D1A0100000000002C000000551A0100D8
S214026DC00000000030000000D9E1000000000000D2
S214026DD031000000C3E100000000000032000000A5
S214026DE0BD0A010000000000340000002DE400008F
S214026DF00000000035000000B30A01000000000099
S214026E0036000000A90A010000000000370000005A
S214026E1049E40000000000003800000071E10000B4
S214026E2000000000B0000000A7E300000000000021
S214026E30B1000000ADE30000000000000208000000
S214026E40452A0100000000000408000089E1000055
S214026E50000000000508000091E1000000000000AC
S214026E600009000043E20000000000000B120000D0
S214026E70B3E30000000000000C1200006D1A0100CF
S214026E80000000000D12000059E40000000000009F
S214026E900313000061E40000000000000040000050
S214026EA065DA000000000000014000003BE200003E
S214026EB0000000000240000067DA00000000000048
S214026EC003400000970B01000000000002020300CE
S214026ED00000FFFFFFFF00000000FFFFFFFFFFFFB5
S214026EE0FFFFBCE6FAADA7179E84F3B9CAC2FC63DD
S214026EF025510000000004500100000000000000C0
S214026F000000000000000000080800009041002079
S214026F100000000000000100E1190000E119000075
S214026F200000000000000000193F010604100100E6
S214026F300001010600102700000900000000000002
S214026F4000000000140000006666660000000000F4
S214026F50286F0200186F0200000A0000001A9A004A
S214026F60005A620280841E0004200000114950026A
S214026F70000000000000000000000000000000000A
S214026F8000000000B1841E000000000000000000A7
S214026F9000000000000000001400000066666600A4
S214026FA000000000286F0200186F020000000000B8
S214026FB0001A9A00005A620280841E000420FE0014
S214026FC0114950020000000000000000000000000E
S214026FD00000000000000000B1841E000000000057
S214026FE0000000000000000000000000FC1F01037B
S214026FF0446F02001CC0011000F807001CC00130DC
S214027000F502080050C001008741300C24400601FA
S21402701007C042000000000000000000000000035D
S2140270200000000020380000584001016402FF0002
S214027030804005015C02A0089BC34A74F00300006E
S2140270400000000000000000E040010173000000A4
S214027050F040040111010000640483078813C83A53
S2140270609C200A0028410101031000003C410B014C
S2140270700000000000000000000000000000000009
S21402708000000000000000000100000000000000F8
S2140270900000000000000000000000003C42010169
S2140270A000000000A0800201D5C00000D5C000008C
S2140270B0A8800111F0010000A880013105228D0090
S2140270C0AC800111F0010000AC80013105228D0078
S2140270D0B080010137000001FFFFFFFF20740200AD
S2140270E000000000FC1F0103986F02001CC0011084
S2140270F000F807001CC001301402080050C001004E
S2140271008741300424400601070062003870000000
S21402711000000000000000030068010F40B8244091
S21402712058400101FC006900804005012363E0111C
S2140271309BC34A74F003000003800000BE0A0000EE
S214027140E040010133000000F0400401590B00004A
S214027150640483078813C83A90200A002841010174
S214027160001E00003C410B0100148C00141A21285A
S2140271702E343B42495043557698BA0C2869000093
S214027180010000000721286414171A002004C869A9
S214027190A1203A093C42010129000000A080020118
S2140271A070780300D5C00000A8800111F00100002D
S2140271B0A88001310542CB01AC800111F00100002C
S2140271C0AC80013105228D00B0800101000300026F
S2140271D0FFFFFFFFEC6F02004063598F404B4C00ED
S2140271E00B000B001A00FF7F884100200000000001
S2140271F0E070020000000000E47002004063598F55
S214027200404B4C000B000B001A00FF7F8841002009
S21402721000000000E0700200000000000C400200C7
S214027220018014007F4000002040020000000000A1
S21402723000000000304007000000000000000000D0
S2140272400000000000000000000000000000000037
S214027250A007000050400100000000005C40020051
S2140272600000000000000000A84001000700000027
S214027270B440040000400000FF4C00000041000043
S214027280FF4D000008C001000000000020C00110F1
S214027290FF00000020C001300043000024C00400AC
S2140272A0EC80B3034375A802000000002E02000023
S2140272B054C003000E2D09E654060708D1B6020094
S2140272C064C008000430000040201006C8F24818C7
S2140272D01FE8F600BD4B721511A31805103254763E
S2140272E0980A000088C001000000000008000101A2
S2140272F00407000018000101000000002000010140
S214027300088400001C4002011000000020F913044B
S2140273105C4005014108000001000000B0070800BB
S214027320A700000000000000944007010101103091
S21402733050707F7F00000000000000000000000088
S2140273400000000000000000E44001010000000010
S214027350EC4001017DA8D98B0041020100612000AA
S214027360B75635120C410301F95412002030042995
S21402737088BB4000244101010000000030410301A7
S2140273806406660C0C010000E853FA00684103012B
S2140273906404830788138200000000003042030161
S2140273A0000000000000000E000000004442010140
S2140273B00000000010800101030000003880020176
S2140273C011491000010000009C800101EB40020000
S2140273D0B48001013700000188000202000C00049C
S2140273E04C0000009400010200040000D4000102D8
S2140273F090029608E40001023D09420418010102C7
S21402740060005102FFFFFFFF1C7202000000000036
S214027410D4710200010000000000000000F04902E2
S2140274201C72020000000000F87102000100000059
S2140274300000000000F049020874020020740200F6
S2140274400100000001000000010000000100000031
S214027450010000000100000002000000020000001F
S214027460020000000200000003000000030000000B
S21402747004000000040000000500000005000000F3
S21402748006000000070000000800000009000000D7
S2140274900A0000000C0000000D0000000F000000B3
S2140274A01100000013000000160000001900000082
S2140274B01C0000002000000024000000290000003C
S2140274C02C000000340000003B00000043000000D7
S2140274D04E000000590000006A0000008200000012
S2140274E0970000004D36010065360100C5550100C3
S2140274F0813601009538010095390100DF39010017
S21402750030313233343536373839414243444546D2
S2140275100040504F5354313A000001040103030661
S2140275200105010501090600060B0000070B050B05
S2140275300000000000000000000000000000000044
S2140275400100A0020202020264000000B60000006F
S21402755064000000000100000000000000000000BF
S214027560000000000B000000736C5F6F745F6372B4
S214027570656174655F696E7374616E6365000000B1
S21402758000000000010004000100100004000200D8
S2140275902000240003004000440004000000040011
S2140275A0050000000700000047DA000000000000A7
S2140275B0200000004510010000000000210000002D
S2140275C07316010000000000240000004F130100A3
S2140275D000000000250000007513010000000000F6
S2140275E02A000000BD130100000000002B0000006E
S2140275F0D7130100000000002C0000004BDA000048
S21402760000000000300000004911010000000000E8
S21402761031000000031101000000000032000000EB
S2140276203FDA00000000000034000000810501007F
S2140276300000000035000000A5EB0000000000007E
S2140276403600000045EB0000000000003700000096
S214027650950F01000000000038000000B91001007C
S214027660000000003B000000630F01000000000065
S2140276703C00000063DB0000000000003D0000004C
S2140276805D2A010000000000B200000071E4000064
S2140276900000000000080000EB17010000000000D8
S2140276A00108000071150100000000000308000038
S2140276B02F12010000000000000900000112010064
S2140276C0000000000D120000DD0F010000000000A7
S2140276D0031300000910010000000000041300005C
S2140276E095DB000000000000051300000104010005
S2140276F0000000000340000069DA000000000000FD
S21402770050C300001C250000F4010000F401000034
S21402771050C300007C150000DC050000DC050000FC
S214027720F5DA02001C250000F4010000F401000056
S214027730E5BF00001C250000F4010000F401000073
S214027740193F01060410010000010106001027007F
S214027750000C000000000000000000001400000002
S21402776000004000000000004077020000770200A0
S21402777000000000082F86000048E80140420F0083
S2140277800101000011495002000000000000000044
S2140277900000000000000000000000002A420F0067
S2140277A000000000000000000000000000000000D2
S2140277B01400000000008000000000004077020075
S2140277C01077020000000000004786000048E8012B
S2140277D080841E00010100001149500200000000D2
S2140277E00000000000000000000000000000000092
S2140277F055841E000000000000000000000000008B
S21402780000000000140000000000800000000000DD
S21402781040770200207702000000000080259600D4
S2140278200048E80140420F000108000011495002DA
S2140278300000000000000000000000000000000041
S214027840000000003E420F000000000000000000A2
S214027850000000000000000014000000000080008D
S21402786000000000407702003077020000000000AF
S214027870802596000048E80140420F000102000001
S2140278801149500200000000000000000000000045
S21402789000000000000000003E420F000000000052
S2140278A000000000000000000000000003010000CD
S2140278B0FC1F01035C7702003C4001000000000050
S2140278C048400100A00700005040010000000000F0
S2140278D05C4002000000000000000000B44001000E
S2140278E0FF4C000054C001000E2D09E620400401A2
S2140278F0000000861FC0010000600000008000003B
S2140279005840040118000500800800000900000025
S2140279109100040080400C018C000C000000000066
S2140279201300220000000000000000000002050D07
S2140279301C2F42536269686053402E1F9182208436
S2140279406745332212490200EC40070190382CACFE
S214027950000000005A10080AD007CA4A5110480010
S214027960F9541E804737414A1041020130194A0530
S21402797089BB400028410101FFFF00003041090198
S214027980F15004430C010000E853FA00000008001E
S21402799010161C22282E343A404621436587A90B2E
S2140279A00000C0B4684103015A10080AD007410417
S2140279B0C1030000304202018993A30F5EC25D0E2E
S2140279C0A080020170780300D0000000A880011198
S2140279D0F0010000A88001310542CB01AC80011104
S2140279E0F0010000AC800131053EFD00FFFFFFFF05
S2140279F003020000FC1F0103B07702003C400100B6
S214027A000000000048400100A007000050400100AE
S214027A10000000005C4002000000000000000000C1
S214027A20B4400100FF4C000054C001000A2D09E6D4
S214027A3020400401000000061FC000000060000095
S214027A4000D03200584004016402FF0080080000A3
S214027A50010000001100080080400C01080400002C
S214027A6000000000D9032200000000000000000011
S214027A700102071121374B5A6769625440291505DE
S214027A8000008020434433332392A424EC400701B1
S214027A9090382CAC00000000640483078813C83AB0
S214027AA09D200A00016120804737414A10410201A9
S214027AB02A144A0289BBC00A28410101FFFF0000BE
S214027AC0304109016406660C0C010000E853FA0016
S214027AD00000080012181E242A30363C4248214371
S214027AE06587A90B0000E0C46841030164048307AC
S214027AF088138200C10800003042020145966B10CE
S214027B005C22670EA080020170780300D5C00000D8
S214027B10A8800111F0010000A88001310542CB01C6
S214027B20AC800111F0010000AC80013105228D000D
S214027B30FFFFFFFF03030000FC1F0103047802009F
S214027B403C400100100000004840010020070000F1
S214027B5050400100000400005C4002000D0F0000CF
S214027B6001010000B440010003C0010054C001003E
S214027B700E2D09E620400401300000461FC8010011
S214027B800020001000800000584004011800050084
S214027B90400800000900000092000A0080400C0124
S214027BA08C002C0200000000120012005B808C1B6E
S214027BB0000000000002050E1C2F43536269686134
S214027BC05543320416E4B8C68A674533224A9204FD
S214027BD0EC40070180B0B18C00000000640483070B
S214027BE08813C83A9C200A0001612080B7563512D5
S214027BF010410201A01B0429088840002841010107
S214027C0000000000304109016406660C0C01000009
S214027C104CD4E83B04196F30080E141A20262C3276
S214027C20383E10325476980A1D5F00006841030100
S214027C3064048307881382000000000030420201B9
S214027C40000000000008000EA08002017038030049
S214027C50D0000000A8800111F0010000A8800131C8
S214027C60055AFD01AC800111F0010000AC80013123
S214027C70053EFD00FFFFFFFF03040000FC1F01039B
S214027C80587802003C400100100000004840010005
S214027C902017000050400100010400005C40020072
S214027CA00D0F000001010000B440010003C00100F6
S214027CB054C001000E2D09E62040040130000046A3
S214027CC01FC8010000200010008000005840040178
S214027CD018000500400800000900000092000A0093
S214027CE080400C018C002C020000000012001200E2
S214027CF05B808C1B000000000002050E1C2F435305
S214027D00626968615543320416E4B8C68A67453329
S214027D10224A9204EC40070180B0B18C00000000B9
S214027D20640483078813C83A9C200A0001612080F5
S214027D30B756351210410201A01B042908884000DC
S214027D402841010100000000304109016406660C6A
S214027D500C0100004CD4E83B04196F300A10161CC4
S214027D6022282E343A4010325476980A1D5F80A498
S214027D706841030164048307881382000000000040
S214027D8030420201000000000008000EA08002013E
S214027D9070380300D0000000A8800111F001000036
S214027DA0A8800131055AFD01AC800111F0010000E6
S214027DB0AC800131053EFD00FFFFFFFFB0780200F8
S214027DC0809C2B8F80841E00000000002700FF7F0F
S214027DD0A441002000000000AC7802000000000071
S214027DE0F4790200809C2B8F80841E000000000025
S214027DF02200FF7FA441002000000000F07902006C
S214027E0000000000F4790200809C2B8F80841E0004
S214027E10000023002300B600A4410020000000005A
S214027E20F079020000000000F4790200809C2B8F9B
S214027E3080841E000000240024009D00A44100202F
S214027E4000000000F079020000000000F479020051
S214027E50809C2B8F80841E000000250025007D005C
S214027E60A441002000000000F0790200000000009B
S214027E70F4790200809C2B8F80841E00000026006E
S214027E8026005300A441002000000000F079020002
S214027E9000000000F4790200809C2B8F80841E0074
S214027EA0000027002700FF7FA441002000000000FA
S214027EB0F079020000000000387B0200809C2B8FC5
S214027EC080841E00000000002700FF7FA4410020DF
S214027ED000000000347B0200000000007C7C0200F0
S214027EE0809C2B8F80841E00000000002700FF7FEE
S214027EF0A441002000000000787C02000000000080
S214027F000C400200018101000041000020400200F6
S214027F1000000000010000003040030000000000E6
S214027F2000000000000000004040020000000000C8
S214027F3000000000A840010007000000B84003004F
S214027F40FF4C0000FF4D0000FF4D000008C001007E
S214027F50000000001CC0011000F807001CC0013021
S214027F60F502080020C00110FF00000020C001300A
S214027F700013000024C00400EC80B3034375A8027B
S214027F80000000002E02000050C001008741300CA5
S214027F9058C0020054060708D1B6020064C00800A2
S214027FA00430000040201006C8F248181FE8F60009
S214027FB0BD4B721511A3180510325476980A0000AC
S214027FC088C0010000000000080001010807000048
S214027FD018000101AAAAAA00200001010060DA0026
S214027FE01C400101100000003040030100000003A5
S214027FF0000000000000000068400201294176717E
S21402800000000000E0400201330000000000000013
S2140280100C410101B8551200244101010000000084
S21402802054410501010000000000000000000000AD
S21402803000000000000000003842020100000000BC
S214028040000000004442010100000000108001010F
S21402805003000000388002011149100001000000F0
S2140280609C800101EB400200B08002010003000286
S2140280703700000188000202000C00044C000000D9
S2140280809400010200040000D40001029002960847
S214028090E40001023D094204180101026000510297
S2140280A0FFFFFFFF000000000000000000000000CD
S2140280B00000000050C300007C150000DC05000034
S2140280C0DC050000193F010604100100000101064C
S2140280D000102700000C0000000000000000000056
S2140280E0140000006666660000000000286F0200AA
S2140280F0A480020000000000001A9A00005A6202E1
S21402810080841E000420FE00114950020000000078
S2140281100000000000000000000000000000000058
S214028120B1841E00000000000000000000000000F5
S21402813000000000140000006666660000000000F2
S214028140C4800200B48002000000000000478600DF
S214028150005A620280841E0001010000114950028A
S2140281600000000000000000000000000000000008
S2140281700000000041841E00000000000000000015
S21402818000000000000000001400000066666600A2
S21402819000000000286F0200186F0200000C0000AA
S2140281A0001A9A00005A620280841E000420000010
S2140281B0114950020000000000000000000000000C
S2140281C00000000000000000B1841E000000000055
S2140281D0000000000000000000000000FC1F010379
S2140281E0348102000C4002000CB111000041000074
S2140281F0304004002508000000010000FF000000D7
S21402820001030100504001000B0000005C40020028
S2140282100F0D000001010000B44004000140000000
S214028220FF0C000001410000FF0D00001CC0011001
S21402823000F807001CC00130F502080020C001103B
S214028240FF00000020C001300013000050C00100F3
S2140282508741300C080001010E17000018000101CA
S214028260FFFFFFFF200001012083B8ED1C4008013C
S21402827010000000000000041FC0010000300000D3
S21402828000100A00000000030000000000000000CA
S214028290584006016402FF00410800000100000089
S2140282A0120008007C4E78AB0000000080400C01F3
S2140282B03200AC0800000000DF032A0000000000C5
S2140282C0000000000102071121374B5A6769625409
S2140282D04029150500008020434433332392A4240A
S2140282E0EC40050190A8578B000000006404830749
S2140282F08813C83A9C200A002441020100000000AC
S214028300000000003C410B010000000000000000DD
S2140283100000000000000000000000000000000056
S2140283200000000000000000000000000000000046
S214028330000000003C42010100000000FFFFFFFFBA
S21402834003000000FC1F0103348102000C400200FF
S2140283500CB1110000410000304004002508000066
S21402836000010000FF000000140701005040010059
S2140283700B0000005C4002000F0D0000010100002F
S214028380B440040001400000FF0C00000141000060
S214028390FF0D00001CC0011000F807001CC00130D1
S2140283A0F502080020C00110FF00000020C00130C6
S2140283B00013000050C001008741300C0800010184
S2140283C00E17000018000101FFFFFFFF2000010149
S2140283D02083B8ED1C4008011000000000000004D5
S2140283E01FC001000030000000100A000000000359
S2140283F00000000000000000584006016402FF0072
S21402840041080000010000001200080083B18754F2
S2140284100000000080400C013200AC0800000000A2
S214028420DF032A000000000000000000010207111E
S21402843021374B5A6769625440291505000080208F
S214028440434433332392A424EC40050190A8578B6F
S21402845000000000640483078813C83A9C200A00C0
S2140284602441020100000000000000003C410B0114
S21402847000000000000000000000000000000000F5
S21402848000000000000000000000000000000000E5
S2140284900000000000000000000000003C42010155
S2140284A000000000FFFFFFFFFC1F0103E080020048
S2140284B00C400200018014007F400000304004009F
S2140284C000000000000000000000000000000000A5
S2140284D050400100000000005C4002000000000066
S2140284E000000000A840010007000000B44004009D
S2140284F000400000FF4C000000410000FF4D00005D
S2140285001CC0011000F807001CC00130140208004D
S21402851020C00110FF00000020C001300043000010
S21402852050C0010087413004080001010407000022
S214028530180001010000000020000101088400006C
S2140285401C4008011000000020F913040702620014
S2140285503870000000000000000000030068010FF1
S21402856040B8244058400601FC006900410800005B
S21402857001000000B0070800A70000002F0000005E
S21402858080400C012363E0119BC34A74F003000091
S21402859003800000BE0A00000101103050707F7F89
S2140285A000000000000000000000000000000000C4
S2140285B000000000EC4005017DA8D98B590B000095
S2140285C0640483078813C83A90200A0024410201F3
S2140285D000000000001E00003C410B0100148C004D
S2140285E0141A21282E343B42495043557698BA0C29
S2140285F028690000010000000721286414171A00E9
S2140286002004C869A1203A093C4201012900000061
S214028610FFFFFFFF05020000FC1F01038881020026
S2140286201CC0011000F807001CC00130F50208004B
S21402863050C001008741300C2440060107C052009A
S2140286400000000000000000000000030000000020
S21402865000000000584001016402FF00804005014E
S2140286604B01A0089BC34A74F00300000000000000
S21402867000000000E040010133000000F040040169
S21402868000000000640483078813C83A9C200A008E
S21402869028410101031000003C410B0100000000CC
S2140286A000000000000000000000000000000000C3
S2140286B000000000010000000000000000000000B2
S2140286C000000000000000003C4201010000000023
S2140286D0A080020170780300D5C00000A8800111B6
S2140286E0F0010000A88001310542CB01AC800111E7
S2140286F0F0010000AC80013105228D00B08001013E
S21402870000030002FFFFFFFFA88402004063598FA8
S214028710404B4C000B000B001A00FF7F88410020E4
S21402872000000000E070020000000000DC81020091
S2140287304063598F404B4C001B001B002A00FF7FF2
S214028740AC41002000000000408302000000000050
S214028750A88402004063598F404B4C000B000B006C
S2140287601A00FF7F8841002000000000E07002002F
S21402877000000000448302004063598F404B4C00C7
S2140287801B001B002A00FF7FAC41002000000000F7
S21402879040830200000000002040020000000000AB
S2140287A0000000004040030000000000000000003F
S2140287B0A007000008C001000000000024C004005A
S2140287C0EC80B3034375A802000000002E020000EE
S2140287D054C003000E2D09E654060708D1B602005F
S2140287E064C008000430000040201006C8F2481892
S2140287F01FE8F600BD4B721511A318051032547609
S214028800980A000088C0010000000000E040020153
S2140288103300000000000000004102010061200059
S214028820B75635120C410301F954120020300429C0
S21402883088BB4000304103016406660C0C01000050
S214028840E853FA0068410301640483078813820030
S2140288500000000030420301000000000000000E8D
S21402886000000000444201010000000010800101E7
S21402887003000000388002011149100001000000C8
S2140288809C800301EB40020070780300D5C0000014
S214028890A8800111F0010000A88001310542CB0139
S2140288A0AC800111F0010000AC80013105228D0080
S2140288B0B0800201000300023700000188000202B5
S2140288C0000C00044C0000009400010200040000AA
S2140288D0D400010290029608E40001023D09420417
S2140288E01801010260005102FFFFFFFF1886020016
S2140288F04063598F404B4C000B000B001A00FF7F61
S21402890088410020000000001486020000000000DB
S214028910007F020000000000BC7D02000100000093
S2140289200000000000F0490210890200007F0200E9
S21402893000000000E07D02000600000000000000CB
S21402894000F049022C890200007F020000000000AD
S214028950B87E0200010000000000000000F049029C
S21402896048890200007F020000000000DC7E020050
S214028970010000000000000000F0490264890200C5
S21402898098870200000000005087020002000000E4
S2140289900000000000F04902808902009887020069
S2140289A0000000000887020002000000000000002D
S2140289B000F049029C890200BC8902001C72020077
S2140289C000000000EC880200010000000000000029
S2140289D000F04902BC890200012C2066756E6374A1
S2140289E0696F6E3A2000617373657274696F6E20E8
S2140289F022257322206661696C65643A2066696C7A
S214028A006520222573222C206C696E65202564253C
S214028A107325730A00232D302B2000686C4C0065EA
S214028A206667454647003031323334353637383993
S214028A3041424344454600303132333435363738C6
S214028A403961626364656600554E444546494E4543
S214028A5044004145532D3235362D43434D2A2D4E83
S214028A604F2D544147004145532D3139322D434352
S214028A704D2A2D4E4F2D544147004145532D31323C
S214028A80382D43434D2A2D4E4F2D54414700414524
S214028A90532D3235362D43434D004145532D313942
S214028AA0322D43434D004145532D3132382D434339
S214028AB04D004145532D3235362D47434D00414535
S214028AC0532D3139322D47434D004145532D313216
S214028AD0382D47434D004145532D3235362D4342FE
S214028AE043004145532D3139322D4342430041451F
S214028AF0532D3132382D434243004145532D3235F2
S214028B00362D454342004145532D3139322D4543DA
S214028B1042004145532D3132382D45434200656EA1
S214028B2061626C650064697361626C6500666169A6
S214028B306C65640D0A737461747573202523780D51
S214028B400A0073746172740073746F700066616CED
S214028B5073650075696E7431365F74206F743A3AC5
S214028B605370696E656C3A3A4275666665723A3A51
S214028B7047657444697374616E636528636F6E73C8
S214028B80742075696E74385F742A2C20636F6E7356
S214028B90742075696E74385F742A2C204469726575
S214028BA06374696F6E2920636F6E7374002F6F7023
S214028BB0742F73696C6162732F73646B732F73699E
S214028BC06D706C69636974795F73646B5F3230329F
S214028BD0362E362E312F6F70656E7468726561643C
S214028BE05F737461636B2F7574696C2F7468697236
S214028BF0645F70617274792F6F70656E74687265E7
S214028C0061642F7372632F6C69622F7370696E656D
S214028C106C2F7370696E656C5F6275666665722E20
S214028C20637070002D6E007C20537461727443680A
S214028C30207C20456E644368207C20546172676500
S214028C4074506F776572207C2041637475616C5036
S214028C506F776572207C20526177506F776572530A
S214028C60657474696E67207C0D0A2B2D2D2D2D2DB3
S214028C702D2D2D2D2B2D2D2D2D2D2D2D2B2D2D2D21
S214028C802D2D2D2D2D2D2D2D2D2D2B2D2D2D2D2D0F
S214028C902D2D2D2D2D2D2D2D2B2D2D2D2D2D2D2DFF
S214028CA02D2D2D2D2D2D2D2D2D2D2B0D0A00FFFFBB
S214028CB0FFFFFFFFFFFF002C20002573203D203022
S214028CC0782530386C7825730075696E74385F7451
S214028CD02A206F743A3A5370696E656C3A3A427556
S214028CE0666665723A3A476574557064617465647F
S214028CF04275665074722875696E74385F742A2CD1
S214028D002075696E7431365F742C2044697265630F
S214028D1074696F6E2920636F6E7374006E756D537F
S214028D2065676D656E7473203C3D206B4D617853AC
S214028D3065676D656E74730075696E7431365F743F
S214028D40206F743A3A5370696E656C3A3A427566A9
S214028D506665723A3A4F75744672616D6547657418
S214028D604C656E6774682829006D5772697465448D
S214028D706972656374696F6E20213D206B556E6B58
S214028D806E6F776E006F744572726F72206F743AF0
S214028D903A5370696E656C3A3A4275666665723A1F
S214028DA03A496E4672616D65417070656E642875EB
S214028DB0696E74385F742900656E61626C65640062
S214028DC064697361626C6564006661696C65643AC5
S214028DD020636F6D6D616E6420737472696E6720B6
S214028DE0636F6E7461696E7320746F6F206D616E4F
S214028DF07920617267756D656E74730D0A00726311
S214028E007000646961676E6F7374696373206D6F57
S214028E1064652069732025730D0A00646961676EB4
S214028E206F7374696373206D6F6465206973206461
S214028E30697361626C65640D0A00616464722D6D0B
S214028E4061746368006175746F2D61636B00646999
S214028E506167206665617475726520272573272011
S214028E606973206E6F7420737570706F72746564A8
S214028E700D0A006661696C65643A20636F6D6D6108
S214028E806E6420737472696E6720746F6F206C6FE5
S214028E906E670D0A0030006F744572726F72207230
S214028EA06164696F5363686564756C65527828758A
S214028EB0696E74385F742C2075696E7433325F7411
S214028EC02C2075696E7433325F7429002F6F7074AC
S214028ED02F73696C6162732F73646B732F73696D82
S214028EE0706C69636974795F73646B5F32303236B3
S214028EF02E362E312F6F70656E7468726561642F20
S214028F00706C6174666F726D2D61627374726163E8
S214028F1074696F6E2F65667233322F726164696F81
S214028F202E637070006765740025640D0A00736511
S214028F3074006D6F646500696E0D0A006F75740DBE
S214028F400A00696E006F7574006368616E6E656C08
S214028F50006377006563686F006770696F00706F03
S214028F6077657200706F77657273657474696E6781
S214028F707300726177706F77657273657474696E69
S214028F80670073747265616D0025303278006F7405
S214028F904572726F72206F743A3A5370696E656CDE
S214028FA03A3A4275666665723A3A4F757446726127
S214028FB06D6552656D6F766528290073496E737408
S214028FC0616E6365002F73646B323032362D6669CC
S214028FD0726D776172652F736F757263652F61703C
S214028FE0702E6300B5C70100FDC70100A9C70100C6
S214028FF009C80100F1C70100634A0200A14A020043
S214029000C34A0200E54A0200074B02003DD70100B0
S214029010EDD60100F9D60100EDD701004B4D020056
S2140290206146020065460200694602006D4602007D
S2140290307146020000000000A8010000282F002050
S214029040FFFFFFFFFFFFFFFFFFFFFFFFFFFFFFFF29
S214029050FFFFFFFFFFFFFFFFFFFFFFFFFFFFFFFF19
S21402906000021000303B0020D03000200000020832
S21402907000000000FFFFFFFFFFFFFFFFFFFFFFFFF5
S21402908000000000000000000000000000000000D9
S2140290900000000000000000C5D40100A9D40100B1
S2140290A0151B0200491C0200E11B020020C001B889
S2140290B000000001000001010001010100000000A3
S2140290C000000000010100033F000000FFFFFFFF59
S2140290D0FFFFFFFFFFFFFFFFFFFFFFFFFFFFFFFF99
S2140290E0FFFFFFFFFFFFFFFFFFFFFFFF0001020280
S2140290F00303040506080C0C0C0001020304070710
S214029100C8C8C8C8C8C8C8C8C8C8C8C803040408E5
S2140291100808080800B801B802B800B0030404083A
S214029120080500000000000000000000000000002B
S21402913000000000E706000048703E0F4470000E74
S21402914030707013029890173870260F34704C0FD8
S21402915030703A102C703A102870C2112470DA114E
S2140291602070300F1C7082121870FE1214702C0FB2
S214029170B110086001D80A7104B87F78020C7E78B4
S214029180641000C6881F00A01DB8707803B018606F
S2140291900F3027B30F330111C0480698760229B064
S2140291A0086001D8087109DD047109BB1110166048
S2140291B0A048086004100112FF3221500860D0480F
S2140291C00860008806982E1400C4441F00A000BA47
S2140291D003DF107109DF0672029828031DB8507863
S2140291E000A04413281441158110086002D8147197
S2140291F010880698121900C014C000B80698781B8A
S214029200009106988C020160B83020D806711EBC08
S214029210637C784D5412F03240DE0472404804DB20
S21402922008720DDD0C72044BEF3014480698E40405
S21402923000C4E04000544412086201322140087C17
S214029240811140D91C72B1123032CF4A013AB1DADA
S214029250107208D8067104D80871804C237C5070AE
S214029260684C441200C4A41E00A04414413AF324DD
S2140292700164415C412A047580B800C46040005411
S21402928081D8307140D90472237C084B0698E404D6
S21402929004BA1CB9767900C1204001B8357906B9FE
S2140292A006A901D8067102980A02804C307C029800
S2140292B05E0208D86A7100C1544000B8141110D971
S2140292C05E71584C441280BDA26DFF25784C441244
S2140292D0FC22513A2814104C00C20CC101B82412C8
S2140292E02814086228140862281408622814304CCD
S2140292F0304C00C11C4000B814111814086100C597
S214029300284001B85415FF35047110491814B04CA2
S214029310441208620132067102980401804C08D891
S2140293200C7107BA24D8047106BA187004D80C71E6
S21402933001BA40D80E7102BA0A7005BA20D8047271
S21402934003BA204C4411C04C181408611814911129
S214029350383111429111186110D90472EF3200C1EE
S214029360084001B8141110311E6111422814A111CF
S2140293700861181406985E1B181400C1084001B84C
S21402938014111861FF31181400C1448001B8141179
S2140293901814086118143088024806988603009349
S2140293A008DB047101F800A027B00F3000A0108877
S2140293B0B111186180D90A7100C1884000B808113D
S2140293C0009100A000C4684000B8441000A000C08D
S2140293D08840005004118261041082601050F072BE
S2140293E000A05415504512710698F4040698840499
S2140293F007B8707802B8417800C220C001B82412BB
S21402940006981C1900C5481F00A05415511400C325
S214029410FF010000313D09647F3406989602015828
S21402942051280475015841280E758111086102D928
S2140294300472FF0FCC7007B8727800F8EBBD00C05C
S214029440441F00A00411113D10D91271FF33186396
S21402945000C1781002B8381107B97479581000A004
S21402946006988C020D300472044809DC047208481F
S21402947000C11CC101B8141100C3D01E00A0911572
S21402948004351A7218131CBB08D804716C7B04D8F6
S21402949004716A7B1DBB2F7C5B7B1670044B181312
S2140294A01CBB08D804716F7B04D804716D7B217CC9
S2140294B00C300260069870040698B60B00B8B1111C
S2140294C0186140D9067202984A0401BC00C20840DC
S2140294D001B800DC0A7124150265604A0A702C4A3B
S2140294E0241508654C4A043508D90471202400C1A5
S2140294F03C1F00A0141200DC327120D8067101B89D
S2140295000C70F0DA0C720CDB087102B8069878045C
S214029510482400C3384101B834138F7B0E7102B958
S214029520911308DB047203B928707C4914111110D8
S214029530FD300DDC1C7200C0A01E00A0041080D8F6
S214029540107100C0448001B80410E52004758049FB
S21402955000C3884000B8FFB80120114108710141DC
S21402956018130824014200C1284000B81411014112
S2140295701C655141911520351E655141181328135B
S214029580481300C3844000B8341003D8167107305D
S21402959005DC1071B1108F780A7200C384C40350C0
S2140295A0217B1DB8507800B800C13C1F00A01412E1
S2140295B01C602150F0300152281100A0402407649C
S2140295C000C0FFFF0100013C17B0022001584028EE
S2140295D0067518AC01EC00A0208800C020C001B8B7
S2140295E0041217B4211304123052F871196440247D
S2140295F000C35C1F00A0341014110698E80D196110
S214029600009211592129067600BB11590698C80DF9
S2140296108762313B0472215A412A00A000C2686068
S21402962000B8B8B91F610D49181200A0308801B9F8
S214029630116100C30000C0FF3110312800BC002DAC
S2140296400C75115418AC01EC312DF47019645113D9
S2140296504155312C009300A000C3C00FFEFF50B24C
S214029660313A014250AA00A006983007FFB0867829
S21402967008715CB86B786E7800C2548001B800C07E
S214029680D81F00A004100812B822217A237A52B8F2
S214029690417801B80C6021A809B819604CA800C02E
S2140296A0FFD1C1FF4FB2013A00C0002E3000014286
S2140296B04FAA24B86E78ACB9FFB004D804714CB97E
S2140296C023A906989A0500C0139001000698200563
S2140296D000A00698F40419B81460FFB28C620F3228
S2140296E0826A21400698200549BC21B952B849B27F
S2140296F007DE2A7105DE0871627C607C1D0C6179CA
S214029700677864786B786278657863786078617C6D
S214029710010C010C6878020C69786C78020C00C2A5
S2140297202C8001B8277A287A267A6A78050C41793D
S2140297300A0CB11040D806710298AC06784A2B7A09
S214029740327A584A247A00C400011100404A00C006
S214029750108400000812508800C584100100FBAD7A
S21402976010BD01BB8A6B21B9FAA9C44A1812217A24
S214029770227A00C0341F00A00410FCA882644110A4
S21402978030300129F9A9F8ADFBB08260FBA803309E
S214029790A0652110044820EC237A0410037A184AA4
S2140297A02411DC4A01580029241004753150F8B1FE
S2140297B0115081632A71514031400812FCB1846114
S2140297C0FCA90F310E7117B0112817B111591028C4
S2140297D0FA76C44AF9B11812217A227AA070009554
S2140297E00812F8A800C20C8001B8207A844A00B891
S2140297F00812020CA44A087A020C21B84178784A68
S2140298000B7A127A00C2C81F00A0FFB008D80472F2
S214029810184A241000DC0A7140A80422241041A829
S2140298200698960200C2481F00A02410015100C4E8
S214029830FF01000041391150081200A006983007B7
S21402984000BC00C20C8001B8217A52B84978020CDA
S2140298504878020C49B8417852AC21AC204A087AC2
S214029860067A077A49AC00A059B840785AB101D9AD
S214029870FC72427857B8407858B101D9FC724278E7
S21402988000A000C20C8001B8217A227A21B854784E
S21402989052B8BC4A24119979127107B915614CA9BC
S2140298A0617800BB03BC0C64147009B919614CA939
S2140298B0417801BB126300C4002E300000C0FFD105
S2140298C0C1FF4FB1013941414FA9E44AC8B8081255
S2140298D024AB4CB823A806989A0500C00490010051
S2140298E0FFB18679047108480698200500C08009F1
S2140298F0004040A809B8FFB108D9047103B853A8BC
S214029900B11004D80C7156BB607B57BA627A607A83
S21402991002D80C7156BB607B59BA627A607A04B878
S2140299206E783DB8607800C05638000000C1B0803E
S21402993001B814119979087200C0D604000000C15B
S21402994024C000B814119F79047208484CA82EB897
S214029950FFB108D906714AA804704BA80FB834A8FC
S21402996000C00C5E000046B2014246AA00C12C406E
S21402997001B8141108610631087100B9069842113F
S21402998006983414B11101D90E710698841B02D9B7
S21402999006720698920C06982E14511406988404A1
S2140299A006981C1106985A1700A00698441701D864
S2140299B00A711CB85B7807B8757800B84CA84AA834
S2140299C04BA800C0F321FFFF46B1013946A904B8EF
S2140299D06F7800A0FABC1964415C512C00C0581F75
S2140299E000A00410012C06750698840406986A0FD7
S2140299F0B110186005D8327140BA0698041404B83B
S214029A006578911004D816711CB86E7800C068404C
S214029A1000B8217806986A1101400A721DB8427889
S214029A20069840140298500B1DB8717804B86C78EA
S214029A3041B8427863784478FFB104D90672029836
S214029A40BC0900C004900100FFB186790471084881
S214029A500698200500C32C1F00A000C274C000B8E0
S214029A602414481300BC48121C4B1C4A24144813E6
S214029A7000BC4812084B584A2414481301BC48122A
S214029A804ABA447A427A4BBA447A427AFFB0867825
S214029A900472617A4CBA647A657A3DBA607A4DB9D4
S214029AA042B83FBB5B7966796179020C6479050C32
S214029AB063796079050C627965795A7900C2340156
S214029AC002B8241305B819603140081242B86A7801
S214029AD0020C4A78020C40BCFFB208DA06714ABA97
S214029AE006704BBA627A657A677A667A6A79667BB4
S214029AF00298960A00C32C1F00A000C274C000B8C9
S214029B00241448131C4B1C4A241448133FBC481206
S214029B101C4A00BC4812084B444A2414481301BC91
S214029B2048124ABA647A627A4BBA647A627AFFB3A5
S214029B30867B0472617A4CBA647A657A3DBA607A38
S214029B4001D94E71647800C1708001B800C08000EF
S214029B50080008110698780B42B861784DB97F79EB
S214029B607E796A7868786278020C7B790F0C7A794B
S214029B70140C7479417860787579050CFFB208DAAE
S214029B8006714AB804704BB8657801BC166440701A
S214029B9002D93C710698780B42B84DB9687840787D
S214029BA041787F797E797B790F0C7A79140CFFB233
S214029BB008DA087171794ABA067070794BBA727906
S214029BC0657A6A78020C4A78050C01BC1664020CA7
S214029BD0417940790C0C00C04C0102B84810069836
S214029BE0E40400C4784000B8007C00C0A01E00A0B8
S214029BF0041180D93271911104D92C727F20212050
S214029C000411FD310DDD207200C0448001B804113C
S214029C10E521147600C0244001B804118A7908713F
S214029C20207C104C207C2AB86278511400C0581F41
S214029C3000A00410012C17B00111876801584128B2
S214029C400E7605218769415C412D112D0670069816
S214029C50840442B84DBB7C7B6478020C29B86878D1
S214029C605114404406750698840442B844782AB8CB
S214029C704278FFB101D90C7100C1548001B8CBB84B
S214029C800811911004D8147100C0A01E00A0041080
S214029C9080D8067107B8537800F807B800C1CC1E02
S214029CA000A000C220C001B824122811777800F85C
S214029CB0B1109478387106989602E4B911591128B1
S214029CC0067600B80C70A0B9115901290475A0B81F
S214029CD0826000C3C01F00A03413012B341000C3DF
S214029CE0FFFF00FF42B13139114042A800A01DB06B
S214029CF09178FA7142B86478020C00BA29AA00C4B4
S214029D00548001B842B84DB900C3C04001B83413FC
S214029D10977B047240EC020C44785C7953AA0A0CD6
S214029D20281442B84DB9FFB301DB2671244C00C398
S214029D30FF0FFF0138145479407841785579020CA8
S214029D405B795A79140C5F795E794A784278347076
S214029D5002DB1471527951795079020C5B795A7987
S214029D605F795E791E7004DB1A7100C4FF0700007B
S214029D7000C3342102B848133FBB467B020C5B7912
S214029D805A793DBB407B4CBB447B457B00C3301FAE
S214029D9000A03414403C207100C068C000B84810CF
S214029DA028131C4B1C48341448102813144B4448E0
S214029DB03414481028134AAA4BAA04B86D781DB862
S214029DC051785CB84B784E7800A000C074C000B8DA
S214029DD00411108800B9181068480411108801B9D7
S214029DE00B6118102C4804111088008800C1231C2F
S214029DF0000018104AB864784BB86478260C28B06D
S214029E0000C1FFFF0FF0113871B90B61114028A88D
S214029E1028B97379747900C21010303045AA547983
S214029E200E0C00C0E84001B8041100C23030101019
S214029E3045AA0E0C0410008810880698540D00914E
S214029E40009020888F618F600698540D0090886A73
S214029E5021400112906A035800C13F3F00001138AA
S214029E60FFBC022441281138014245AA28B9537979
S214029E704AB844784BB84478009000911810009184
S214029E802C48181000916848181000A0916843608A
S214029E9091694361115B012B112841603128315BC6
S214029EA000BA302806763128204A416330280676E2
S214029EB03128104A4163302806763128084A416321
S214029EC0302806763128044A41633028067631283F
S214029ED0024A416330280476014A00A0115910D97B
S214029EE006710860086008D90471086004D9047114
S214029EF0046002D90471026001D90471016000A0F5
S214029F0000BA01D806710148112A1F61016001D802
S214029F10F6720138F67200A000C220C001B8241200
S214029F2011592129127300210E7100C238C001B8DE
S214029F3024120121212900A002B020D8147100C0E9
S214029F40B01E00A0041002B9457906986813EA709C
S214029F5003B09F78087200B806A800F80698300783
S214029F6000C5641F00A05088044D1CBC00C0B41E6F
S214029F7000A0811101D91E71407C009501150C4D7F
S214029F805088044DFFBB1863315B04110698E00D40
S214029F903129F87506985A1A54150698841B01D961
S214029FA0087206984A0706700698E6071CBB547B9A
S214029FB00698441701D8067202980C0FFFB90121C1
S214029FC01038F67281129B7AF07100C2448001B892
S214029FD0241400C0C01E00A00410011300200410A8
S214029FE040500C7200B906981A0F18B90A7018B9C0
S214029FF006981A0F00B900B80698100F704A08B8EB
S21402A0000698100F00C2284000B814B80698100F21
S21402A01000C2EC4001B80CB80698100F202210B807
S21402A0200698100F1088308806984A070093009109
S21402A03006981A0F00C0C41E00A00412FFB9012120
S21402A04021411810009500F8312811280410081232
S21402A05000A004B831281128F8B1181000A00698FC
S21402A06072080E700698B60B069872080698641266
S21402A070069804079112211900C02C4001B80A78EC
S21402A080097800F810B901BA0698FA1306981C1156
S21402A09006985A1700C5641F00A081109D78FC72AE
S21402A0A000F8911203321CB900C3A01E00A034139C
S21402A0B000C4B04000541DB84278707903DE0671C1
S21402A0C044783A707179A11020D806710298461029
S21402A0D080DB1C7102D8187205B80814A110103063
S21402A0E00248081400B808149110086008141DB835
S21402A0F06278A11000DC0676517900BA06984417F9
S21402A10001D82272911120311D61911004D80E726D
S21402A11000C1501F00A0141101D90A7120880698A8
S21402A1204211009200C1204000B801DB1871084CB1
S21402A13003DE0471904C441400C3FF1F0000413B31
S21402A140FF233811944900C3384101B83413086319
S21402A15080DB0C7103BA186206982E10087018621B
S21402A16006982E100C490879097914102140081116
S21402A17000A000BD0698700210B903DC047100B995
S21402A18001BA0698FA1302D9067100404E7203B15C
S21402A19018610F3106986A11FFD82872811008D804
S21402A1A0187106DD0A710698700203DC0C720698B6
S21402A1B0AE11069840140C7006DD10710698B411A4
S21402A1C0487020B804A806DD107206987208069831
S21402A1D0040701F840B804A800F800C0A01E00A0BA
S21402A1E00413086301DB2271911001111861113802
S21402A1F01DB910D8087144790298461002DBFA722B
S21402A200A11328DBF47203BD069810110698720893
S21402A2101DBA7F7A0698E40400C5681F00A0069857
S21402A220700200BA03DC1672044DA11002D8047143
S21402A2301C4D00C10CC101B80698A0045415212D6E
S21402A2400698300502989C08911001550335515026
S21402A250011900A000C14C1F00A0141001D84271C1
S21402A26001480860FE200E75811020D8087100C1D2
S21402A270501F00A0141101D9287100C02C4001B84B
S21402A2800412215108610F3118611152281000C0C2
S21402A290084001B80411911221512031115221199E
S21402A2A000A0811380DB067201B800A000C314C0B0
S21402A2B001B8341006302E726C4B34121C4B34101C
S21402A2C0186002302072811080D8DE713410014A84
S21402A2D008620460803021508C480A717F234D2327
S21402A2E03410013000A000BD069810111CB8477843
S21402A2F04578437802B8447800A006987208069813
S21402A300AE1100C5741F00A05415069830050298B9
S21402A3109C08B1138F7B0A7200C384C40350017B6E
S21402A3200698341400C1384101B814118F790E71A1
S21402A33000C1B84000B800BA06982E1050BA069867
S21402A340041406986A11FFD84A71911004D848720C
S21402A350811008601CD8407220D938721112FF3260
S21402A3602151347180218021111400C0D81E00A012
S21402A3700413FFBA3151113A215111531DB9381045
S21402A3807B7940440E7200B900C2AC1E00A01812BF
S21402A390067004B8607806982E1400F800B900C259
S21402A3A0A44000541812644A0AB918121CBA507A09
S21402A3B0517A1DB942795F7900A00698700207DCCF
S21402A3C01072911000200A75069864120298580FAF
S21402A3D00698040701B9911004D8047100B910BA9E
S21402A3E00698FA1300BA0040347100C0A01E00A0FE
S21402A3F00411086101D9127104D9E2728110086051
S21402A40001D8DA711DB8647800C11CC101B806987B
S21402A410A00401B81160002A047600BA00C5781FAD
S21402A42000A05415212D0698641206984A0700C506
S21402A4307C1F00A000F800BC811108D9167280D9D2
S21402A440207201B910BA0698FA1300400E7101BCC8
S21402A45010700698AE110698401420B804A800F8AA
S21402A4600698641281110231127100B900C21440BA
S21402A47000541812244A02B918120698AE1100C5E2
S21402A480801F00A054150698E21A02989C08041130
S21402A490012114711CBA737A0420041228110420B4
S21402A4A004110121F47200A00698E40400B8011A0F
S21402A4B001F80698441701D81671FFB90121103821
S21402A4C00E7281109B78087104B9677900F89110B2
S21402A4D010D8287100C51CC101B854110698E00DA9
S21402A4E000C5C81E00A054155129EA7507B876782B
S21402A4F01DB8447801B804A800F8B110186010D846
S21402A5002E7100C05040005400C3084000B83114F9
S21402A510984C44113411086101D9FA71441228107A
S21402A520086228100862281008622810E87002984C
S21402A530AA0206988C02113804721E6202BB00C17F
S21402A540D81E00A0141120390C72911210DA06726D
S21402A550417B00A00698341400C2A01E00A024125C
S21402A56020DA0472617B1CBA527A00A01CBA727A94
S21402A570811204DAFC7200A01CB86B7800C0684036
S21402A58000B82F7800A00698441701D83A7100C286
S21402A5902C4001B82410036091112031015138314A
S21402A5A011501D6008121DB9457900C2448001B8D9
S21402A5B0241200C0C01E00A00410182000200410A0
S21402A5C020500471657910631EB9637900B902ECF4
S21402A5D000CD114502EC00CC01DB087100BB0298ED
S21402A5E0C81803B841110731FA211C7606219112C8
S21402A5F010DA087102DD10721E7020B80698A40DDB
S21402A6003038147208B80698700400C02C4000B89F
S21402A6102978207800F8056020D80671029802167C
S21402A62002EC00CA05B823DA187104DBDA7120DA04
S21402A630D67110DAD2721EB8617800B801DA0672E4
S21402A64002EC00C8911110D9267100C1B81E00A0F4
S21402A65014111150FF300C720761A1101150023014
S21402A6600A7180DB0A720AB89E701DB97C7918607E
S21402A670911111402111C031114001191EB841112A
S21402A68008D90471667820D904726578A11002D8B8
S21402A6900672C0DA1E711EB8273123DD087210DB7F
S21402A6A01072607825DD0A7121DD087208DB0471FC
S21402A6B0627803B8411107310872A1152035AA71D4
S21402A6C002DD2072A11120D9A07102D91672CCDA4D
S21402A6D09872411140D9927206B8054D5A72029884
S21402A6E0A41421114049C0D94C71A03141154035FE
S21402A6F0026551410461086308DA1E7204DA367292
S21402A7001049A1150235067110DB0E7201340A716A
S21402A71008DB22711EB86778CC3211101A300ADCB8
S21402A7200872CCDE0471FD3100C00D0F0C0D2160E5
S21402A73001D85C7207B80298CE1400BA411108D943
S21402A7400C7102EC00CA05B830DAEC720734F0314C
S21402A750036101DA0471014900C0F300A3E321603A
S21402A76001D8D27100C0981440682160403001447C
S21402A77040DA0471204C04320262204A111006307C
S21402A7801F60014218311D6111420298EC14204AE2
S21402A79000C0051708502160113001422088FFBB17
S21402A7A00DDA507100C1DE1B250180BC04DA10727E
S21402A7B008DA0A7200C120841000E024A02408638C
S21402A7C04143026401DA06711E49024B00C0201F93
S21402A7D000A008633810BC2002DA127101B91159C0
S21402A7E0A11380DB087100C100FCFF01181002985B
S21402A7F0541800C4A01E00A0441080D87C71009299
S21402A800D0DA06710DDA0C711EBD437DEFBD0698D7
S21402A810060304620DDA8672A11105D95C7100C2C4
S21402A8204040005424121424281401D9067202D976
S21402A830327140D91E7102EC00CA2110183204711E
S21402A840FA2220D804720822FE22087502EC00C8FA
S21402A850F87001D90E7102EC00C802D9067204DC47
S21402A860187200C0A01E00A004101D6001D8067158
S21402A8701EB8647807B873780298C81800C0A01E7D
S21402A88000A0041080300A7100C0C41E00A004108C
S21402A89000A00698441701D82E71911010D828727D
S21402A8A08110A0D8227203B084781C7200C12C409A
S21402A8B001B814100DBA487A697A6B7A08111CB876
S21402A8C07B7807B8757800A0641000C6881F00A0C1
S21402A8D0C3B80698760200C4441F00A014BA28140F
S21402A8E0B1108F780A7200C084C4035001789110A8
S21402A8F01030011905BA0698041402D9067101B877
S21402A90004A800C0A01E00A004130698561180DBFF
S21402A910067102984E141DBA7C7A01DB6A7100C277
S21402A920241F00A024111114FF3402EC00C8FF24D7
S21402A930FA7608610698B40D046111380F30046186
S21402A9401114011141100698B40D01D8087203B80B
S21402A9500298CE140C4A01DB227124101128112809
S21402A960041202300471106200C0FFFF000021389A
S21402A97000C2204000B8FF20081241100860069866
S21402A980B40D01D87C7120BC1033767100BB00C1B7
S21402A990201F00A01415C021112C511218620F326C
S21402A9A00E71408851140698EC18414300945112D7
S21402A9B008651C620F320E71411151140698EC188C
S21402A9C01C6441430865513B00C1DC1E00A0141103
S21402A9D0111231100F30127100BA056101D80471DC
S21402A9E0114201600FD8F472311003601E300472F7
S21402A9F001B8003A087204B80298CE140298BA1641
S21402AA0000C0384101B804118F7914717F20692083
S21402AA1004110861303110DD06711DBA637A06989A
S21402AA20040300F830885088FF34087102ECFF24D3
S21402AA30F87002EC00CD1410595001440421FF2294
S21402AA40F2720F4C0095009300A000C1A81E00A051
S21402AA50141100A030880698341B8111086102D9AF
S21402AA6006720298F8191CBB557B086120D906713C
S21402AA700298E8190088A110186006981219082191
S21402AA801415FC251EBB5C7B5D7B00C1084001B82B
S21402AA9014110731FE21307608D82A725113FC238E
S21402AAA0341304DB20711863FF33315B00C110C01E
S21402AAB000B81411086180490C71FF3130295475B1
S21402AAC01EBB7B7B10707B7B7C7B00DD04717D7BF9
S21402AAD001BB3815EC25541300DF5471042505DF3D
S21402AAE054715415211120880698E00D00925129C0
S21402AAF03E7500C1084001B8141102DB0C71073123
S21402AB00315B31292A760C7004DF0872016180D924
S21402AB101E720698121900C010C000B80698781B5C
S21402AB20069812191411FFD9607202983E1A009004
S21402AB30009300A05415A111186110D9A672082519
S21402AB4008D8A071082510D89A7120882111069875
S21402AB50E00DFC255412112AF82554110C2520D894
S21402AB600871F0255411102520290476215918154C
S21402AB7000920298AA1907B97179811010D80A7141
S21402AB801CB8447802B841781CB9747904B967795C
S21402AB9000F88110A0D808711CB9497900A0086095
S21402ABA002D8FA71069812191088069834141062A0
S21402ABB010DA087108211415F025541100C200207D
S21402ABC0FEFF202912750698841B01D90A72069880
S21402ABD072080698040700941CBB41100C200698C5
S21402ABE056134111082114100698561331284411A1
S21402ABF011120861FF31FF320122105210721861E1
S21402AC00181404244413042438140C7018612141C7
S21402AC1018140824081402982E144044147100C113
S21402AC20AC1E00A0141551131C630FDB0C721965C1
S21402AC300698F404411500A000C3784000B8341307
S21402AC40807B0672069804070698341408BB5114D3
S21402AC500698A21A4415FC25541500C3784000B87D
S21402AC603413807B047100A0029830051CB900C31F
S21402AC70A01E00A03413086308DB1A718113A0DB40
S21402AC800671497910706979086302DB087204B9A3
S21402AC90677900F800A08111086102D910711CB909
S21402ACA07579069812191411FF3100A0FFB900A099
S21402ACB0041008211411F421081100A0811110615A
S21402ACC010310E710698121908211411F821141168
S20802ACD000A00000D9
S20C02ACD4FCB5FD7F0100000043
S21002ACDCE8AC0200E03F0020A2000000EE
S21402ACE80100000000000000000000000000000054
S21402ACF80000000000000000000000000000000045
S21402AD080000000000000000000000000000000034
S21402AD180000000000000000000000000000000024
S21402AD280000000000000000000000000000000014
S21402AD38EC40002000000000000100000F000F0099
S21402AD4800000000000000000000000000000000F4
S21402AD5800000000000000000000000000000000E4
S21402AD6800000000000000000000000000000000D4
S21402AD7800000000000000000000000000000000C4
S21402AD8800000000000000000000000000000000B4
S21402AD9800000000000000000000000000000000A4
S21402ADA80000000000000000000000000000000094
S21402ADB80000000000000000000000000000000084
S21402ADC80000000000000000000000000000000074
S21402ADD80000000000000000000000000000000064
S21402ADE8000000000000000001010101C369000024
S21402ADF845C00000E36300005DBD0000D96700009F
S21402AE0865BC0000F36300002164000027640000AC
S21402AE1879C100002D64000001000000030505B595
S21402AE284001800000000000B5000000000001B5E7
S21402AE38000080000000000001000000C0EA2101B6
S21402AE4800F04902FFFFFFFF00400B0000A00000D1
S21402AE5890330020C8000000FE000000000000003A
S21402AE68E474020001000000000000000000000078
S21402AE783C740200000000000E00000040000000C3
S21402AE883874020000000000FFFFFFFFFFFFFFFF0D
S21402AE98407402003BFFC8000A0029002000000098
S21402AEA8FFFFFFFFFFFFFFFFFFFFFFFFFFFFFFFFA3
S21402AEB8FFFFFFFF0000000003000000D03900205B
S21402AEC8C441002000000000D0390020383A002093
S21402AED8A03A002000000000000000000000000069
S21402AEE80000000000000000000000000000000053
S21402AEF80000000000000000000000000000000043
S21402AF080000000000000000000000000000000032
S21402AF18FFFFFFFF0000000000000000FFFF000028
S21402AF2834900200DB470200FFFFFFFF414C02009D
S21402AF383D4C0200FFFFFFFFFFFFFFFF454C0200EC
S21402AF48FFFFFFFF9D0F020004F8FFFF0D00000041
S21402AF58000001FF0D01FF405AB4FF0065700100B2
S20C02AF68AD62000085620000E4
S8040132F7D1
