S0030000FC
S31500004000C80A00208B3201002DB8010031B801002A
S315000040100539010035B801003DB8010089320100BB
S31500004020893201008932010089320100893201009A
S3150000403041B801004466020089320100893201005C
S31500004040893201008932010089320100BB66000015
S31500004050893201008932010089320100893201006A
S315000040608932010089320100D76C010089320100D2
S3150000407019C9000089320100893201008932010024
S31500004080893201008932010089320100893201003A
S3150000409089320100633A0100893201008932010048
S315000040A089320100E9320100C9320100893201007A
S315000040B0893201008932010089320100A1310200F2
S315000040C0AB510200A7510200D1280200C1510200E3
S315000040D0AF51020061310200B35102002118020003
S315000040E0E131020089320100893201008932010082
S315000040F089320100893201008932010089320100CA
S3150000410089320100893201008932010089320100B9
S3150000411089320100893201008932010089320100A9
S315000041208932010089320100893201008932010099
S3090000413089320100C9
S3150000414070B5104A104C114DE3695E0714D4082867
S3150000415001D12B4213D103EA00068E4207D10B4A46
S315000041601A40002A14BF6FF00100002070BD013A0A
S31500004170EAD16FF00200F9E74FF0FF30F6E76FF093
S315000041800100F3E78096980000000350020001004A
S315000041900000000000000000000000000000000019
S315000041A02DE98048B74BCFB05B691A0B03F03F038C
S315000041B0012B8DF8E8208DF8E93015D1B24B9A6DB8
S315000041C0D50311D45A6B6FF3162242F4BC1242F493
S315000041D0A0625A631A6B22F4704242F440421A6398
S315000041E01A6B42F4E0621A63BDF8E830B3F5807FDB
S315000041F00CD14FF000531B68A44B1B68A44B1B68E3
S31500004200A44B1B68A44B1B68A44B1B68A44AD2F89A
S31500004210803043F00303C2F88030EFF3118330227D
S3150000422082F311889F4D95F85120002A40F017829D
S31500004230012285F8512083F31188BFF36F8F6FF049
S3150000424004035024984A994913F0800F03F10100A2
S3150000425040F0FE810B443D2883F800430346F3D12A
S31500004260934BD3F84C21140300F1FE81D3F850414F
S31500004270E4B2904B904A93F90060904B26441A6042
S31500004280874B86F308061B6F03F00703032B01D148
S3150000429021F01AFC13F0FCF8032842D045F60E0371
S315000042A00221794AC2F88030854B9962012103F5D3
S315000042B080539962936DD803FCD4824B8249136173
S315000042C0936903F0004343EA064343EA042343F0B9
S315000042D0407343F03C039361136A23F00D031362AA
S315000042E0936A23F0330343F001039362664A936DA6
S315000042F031EA0303FBD10221714B9962936D590098
S31500004300FCD4136923F4700343F4001313614FF0D4
S3150000431000426B4B9A61022203F580539A62012296
S315000043209A62634BD3F89840684B5A68012A00F0AA
S31500004330A18113F0ADF8042807D1654813F060F8A1
S31500004340574A136F43F480631367624A24F040733D
S31500004350D16811F0060FFBD19168936090684340D5
S3150000436013F4F81F05BF5C4B594A91601A6013F0AD
S315000043708FF8042812D121F0A7FB13F041F8012091
S3150000438010F026FF5549464A884294BF0020012076
S31500004390136F23F4806343EA80231367444B504A28
S315000043A0D3F8C0303E4C23F040739360266F4848E4
S315000043B0C6F38026731C85F8523013F021F8236F5C
S315000043C043F480632367236F23F0070343F002035C
S315000043D0236721F079FB13F013F8236F324923F496
S315000043E0806343EA86232367236F23F4505343F401
S315000043F080632367D1F8FC2012F080721EBFD1F8CB
S31500004400FC3023F08073C1F8FC30D4F8803023F000
S31500004410030343F00203C4F8803032B1224AD2F8D3
S31500004420FC3043F08073C2F8FC301D4BD3F82021DA
S3150000443022F0070242F00102C3F82021D3F88021BE
S3150000444022F0030242F00102C3F88021D3F8402192
S3150000445022F0030242F00102C3F84021D3F86021A2
S3150000446022F0030242F00102C3F86021D3F8402291
S3150000447022F0030242F00102C3F84022D3F80022E0
S3150000448030E000BF00C0075000C0005000400020D0
S315000044900080002000C00020000001200040012014
S315000044A000800050B019002000ED00E000E100E0BF
S315000044B00080E00FF831002000F04902A43F002000
S315000044C000D000502008B00B0300014000C001508E
S315000044D000B4C40400000150A03F002080F0FA029E
S315000044E00040015A22F0070242F00102C3F80022FE
S315000044F0D3F8082222F0070242F00102C3F808228C
S315000045006D4A536A23F0010353624FF0E0221369A8
S3150000451043F004031361694B5A6F42F001025A6774
S31500004520DA6E22F03002DA66EFF31186302383F377
S31500004530118895F85330002B3DD14FF0B044604AB6
S315000045401360604A1360604A136063680BB110F031
S31500004550EDFF012300215D4A5360A1605C494B6079
S315000045600223E3606023E3631F23936153614FF0EB
S31500004570B0439A6A12F00802FBD11A625A685B6865
S315000045800BB110F0D3FF0127514C676010F0CEFF3E
S315000045904FF0B0434FF48062DF604E4BC3F880218A
S315000045A01A601220A7613AA921F08CFE3A9A4A4B6A
S315000045B01A60002A64D186F31188BFF36F8F12F058
S315000045C081F8464A464CD2F8C030464E23F0FF03E7
S315000045D043F0A003B4424449C2F8C0305BD026F091
S315000045E01F03203BB3F1005F56D2404B0A683B489D
S315000045F023F01F0343F00303C0F89820C0F89C3053
S315000046003B4B0132C0F8A0300A60BFF35F8F052232
S31500004610324BC3F894205A6A42F480325A62BFF38E
S315000046204F8FBFF36F8FBFF34F8FBFF36F8F314E37
S315000046303AAC0FCE0FC43368032023602AA921F0B9
S3150000464041FE10B92A9A002A62D1062012F04AFECB
S3150000465003F00F03043B13441C760346F4E583F38F
S315000046601188BFF36F8FFBE5234B1C88FF2C88BF97
S315000046708024FEE521494A609A699207FCD158E6F2
S31500004680002340F2E7311E481FF0E8F91D4B85F87C
S31500004690537018608FE71C4B08681C4FC2F89800CF
S315000046A043F001030130B442C2F89C70C2F8A03056
S315000046B00860AAD099E700BF00C00750004000502C
S315000046C0403100201832002014320020002000580B
S315000046D00010005800E100E08C0D002000ED00E025
S315000046E0803E0020203E00200C3200209F3E00200D
S315000046F0E1FF0020C07302000001E00F00E001505E
S3150000470018FCFFFF880D0020000001200300002098
S315000047109DF8F4308DF8F900032B98BFC0494FF08F
S31500004720010698BFC85C4FF4E1335843430803EBD6
S315000047304213B3FBF0F3203BC3F313033C9340F265
S3150000474001130421012222A8ADF8883010F01EFFC3
S315000047503AA813F07FFB4FF00112B24B0027C3F8C3
S31500004760C425102203F58053C3F8AC25042203F5B3
S31500004770E033AD4C5E6000205A612E7112F0D0FD20
S31500004780AA4817F04EF8B4F85830B4F85A10A26E8A
S3150000479001EB43010139342011F057FF04F16C009D
S315000047A017F03FF8B4F85830B4F85A10E26E01EB3F
S315000047B043010139072011F048FF04F1700017F09A
S315000047C030F8B4F85810226FF1403144304611F0F9
S315000047D03CFF04F1740017F024F8606D626F11302D
S315000047E080B2B4F85810043011F02FFF04F17800AD
S315000047F017F017F8B4F85810A26F01390C2011F011
S3150000480024FF04F17C0017F00CF80521E26F9420D8
S3150000481011F01BFF04F1800017F003F8D4F8802094
S31500004820B4F85A10082011F010FF0920C4E91877CF
S3150000483012F076FD10F06CFE4FF050234FF400326C
S315000048401A67C30709D432463146174601FA07F3F9
S31500004850034002F1010200F05182754B03EB47035E
S315000048601B8D744A062B116873480C918AB24FEA65
S31500004870114140F04A824FF20F03994240F04282C2
S31500004880B2F5406F28BF4FF4C06202804FF000536C
S315000048904CF23C325A80694A536A43F4702353629D
S315000048A0EFF308834FF0CD31654A043B934280F025
S315000048B03D820A2012F034FD012012F031FD022063
S315000048C012F02EFD032012F02BFD00239B6AB3F598
S315000048D0804F5AD21A685B4B9A4256D195F854606B
S315000048E016F0FD0651D1584F3B78002B00F0588248
S315000048F002233B7008214FF48033544A5448C2F8CF
S315000049008011C3601160534A136100239B6ADB69FF
S3150000491098473B788046012B40F0D08202F00CF994
S31500004920013040F0BC82AA6E4B4B1A66EA6E5A669C
S315000049302A6FC3F870216A6FD20700F1BC82474A1A
S315000049405368013313D195F8543083B94449496803
S31500004950C90748BF5360434B5B68DB0744BF01236D
S315000049605360414B5B68D80744BF022353601BF07A
S3150000497053FDAB6D83F31188BFF36F8F3E70B8F1B3
S31500004980000F02D1012385F85430042012F0C8FC30
S31500004990052012F0C5FC3549354811F07DFD06208D
S315000049A012F0BEFC072012F0BBFC11F09FFE08209F
S315000049B012F0B6FC0B2012F0B3FC244B1A689101DE
S315000049C004D44FF00072C3F880211A601A685201AD
S315000049D004D44FF08062C3F880211A600C2012F0D4
S315000049E09FFC0D2012F09CFC0023C4E90233C4E9AD
S315000049F00843C4E90D431F4AE06C2361236484F82D
S31500004A004430A4F8C43084F82830E36184F83C309C
S31500004A102363C4E9003311468368A2F150082BE0F2
S31500004A20A566020000C00350843E0020EC3E002034
S31500004A30AC730200000000201E11002000ED00E013
S31500004A400800002007B0CD5ED20A002000E100E099
S31500004A5000A0004400900044008000440040002074
S31500004A600080055000C0055000000650A06D0200F1
S31500004A70281A0020D43E0020984750BBE06C0368FB
S31500004A80984730BBE06C4146436898470646D0B924
S31500004A9047460146C4F89800C4F8C00084F8BC0034
S31500004AA0A4F89400202208F19C001FF0F9F947F8B9
S31500004AB0846FC7E90166E06CC8F89060C3689847E0
S31500004AC0002800F0FD819B4802F0C9F99A4802F0DF
S31500004AD0C6F901230E206B7112F022FC0F2012F092
S31500004AE01FFC102012F01CFC112012F019FC05F01E
S31500004AF00BF8122012F014FC132012F011FC1420F3
S31500004B0012F00EFC152012F00BFC162012F008FC19
S31500004B10172012F005FC20F0EBFF884B18205B688D
S31500004B2012F0FEFB192012F0FBFB0021084611F0E3
S31500004B30B3FC08B1122809D13AA813F0F9F928B93B
S31500004B404FF0FF309DF8E8101FF07AFC1A2012F0A3
S31500004B50E7FB1B2012F0E4FB12F006FA1C2012F011
S31500004B60DFFB1D2012F0DCFB142200213AA81FF007
S31500004B7097F9734B3AA94FF0FF303B931FF0F2FDC4
S31500004B801E2012F0CDFB1F2012F0CAFB00270123C6
S31500004B903AA94FF0FF30CDE93A778DF8EA301FF0A9
S31500004BA0AFFC202012F0BCFB212012F0B9FB6FF005
S31500004BB00A014FF0FF301FF0D8FD222012F0B0FBA3
S31500004BC0232012F0ADFB17F067FC394640225D4802
S31500004BD01FF066F9302239465B481FF061F9594EDD
S31500004BE05A4B5B4ADFF8AC91DFF8AC81DFF8ACE1F9
S31500004BF0BB4606F1400CA3F118074FF0240A00212A
S31500004C000AFB0BFA534843E9061643F8040C07EB74
S31500004C100A0043E9049843F808EC01770162CBF1F6
S31500004C20000000F01800604442F8140C4A4842F8AC
S31500004C30181C42F8100C494843F8241B42F80C0C87
S31500004C404748203642F8080C464842F8040C4648C5
S31500004C5050440177016242F8241B0BF1010102293D
S31500004C604FF0010B0391C8D1584620F0F9FA0346DC
S31500004C70002840F09881002000213C4A4FF6FF7939
S31500004C80C2E9000141F60B22394F7F21BA80394A29
S31500004C903948C5F8042120223B600493ADF82C90D6
S31500004CA08DF82EB01FF0FCF847F67F714FF0FF38F5
S31500004CB04FF0800A314A049B1180314A31491288EB
S31500004CC0C5F82411A5F814212F4A243912683AA8E8
S31500004CD0C5F81C212D4A0BAE1288CDF8E880A5F840
S31500004CE016212B4AA5F818A11268C5F820211A46E4
S31500004CF017F030FC002800F00481FEE7102A7FF44C
S31500004D00A4ADAEE54FF4C062BFE540F20726B3425C
S31500004D100AD14FF20F06B14206D19A4202BF4FF0B6
S31500004D2000524CF23C3151800380B4E543F804193B
S31500004D30BCE500BF9C3E0020B03E002000ED00E038
S31500004D40006A1800441A0020841A0020A80D0020CA
S31500004D50D00F0020CD1D010071DC00006DD40000D5
S31500004D60A1DC0000A9DC0000B80F002030110020F3
S31500004D704C1100208D2A01007F1300207D13002096
S31500004D80068E0200D81A00200C8E0200048E020045
S31500004D90088E0200711D010061D4000015DC0000C0
S31500004DA04FF0010822962A9687F80080EFF31183C8
S31500004DB0302282F31188AB651BF026FB95F85C3038
S31500004DC04BB911F093FC30B98D498E4814F03EFA78
S31500004DD008B985F85C808C4B5A686A678B4A9A607A
S31500004DE01A6EAA665A6EEA66D3F87031884A2B673D
S31500004DF0884B5968481C39D04FF480138B40136692
S31500004E000423834A4FF0804113664FF48063136690
S31500004E10102313664FF400534FF000081366116613
S31500004E205366D8F82830B3F5804F10D201233AA83C
S31500004E308DF8E830CDE93B8801F067FE3C9B5905CB
S31500004E4005D5D8F828302AA91B6C22A89847229A9B
S31500004E506F4B1A662A9A5A6695F85C20002A3FF428
S31500004E6049AD2A6E1A666A6E5A6643E595F854305D
S31500004E70002BC5D1684B5B6813B94FF480131366DA
S31500004E80664B5A68624B12B94FF400121A66644AAE
S31500004E905268002AB4D14FF480021A66B0E701F0D6
S31500004EA04BFE40F2011398423FF43DAD5D4AD36894
S31500004EB0D807FCD437E500229A6040E501265DE577
S31500004EC0384606F041FC00287FF4FDAD04F01CFED8
S31500004ED0064600287FF4F7AD4FF4844009F061FBE5
S31500004EE0003818BF0120504B504A83F85000504BF1
S31500004EF002201A604F4B1E6102F0CCF902F072F9E3
S31500004F00E7E54D493A9817F0A5FE00B1FEE703998B
S31500004F103A981FF00EFB00B1FEE748493A9818F0A0
S31500004F2091F800B1FEE759463A981FF0EEFC00B141
S31500004F30FEE759463A981FF0F6FC054600B1FEE733
S31500004F40014652463E481EF0ABFF3D4B59463A9845
S31500004F50A3F83C8083F87E8083F83E90A3F87C908B
S31500004F60DFF8E88017F05CFB3A9BC8F8003003B91D
S31500004F70FEE721A3D3E900234FF0FF304FF0FF31C6
S31500004F8009F03AFC2946384609F046FE5946584685
S31500004F9020F04EF93146D8F8000017F019FB00B1A1
S31500004FA0FEE70DF0ABFF10F0B3FA264B4FF40032DC
S31500004FB018604FF0502324201A6712F0B1F925200B
S31500004FC012F0AEF90027204DDFF8848095F8E43022
S31500004FD0002B40F0D780C5E90135C5E903356B6183
S31500004FE04FF6FF73DFF86C90B9F800609E4233D13C
S31500004FF0FEE700BFAFF300800AE020FF22020000B8
S31500005000101A0020D80A00200080004455CEAC00BB
S3150000501000900044004000200080055000C005506C
S315000050200000065000000440B0190020E16B0000AB
S31500005030980B00209C0B002007001100F47302005F
S31500005040B811002024140020D80D00200C110020D7
S31500005050581B0020E0120020FEB9B3460DF1340AB9
S31500005060C6F104013AAA89B20AEB0600CDF8E8B007
S3150000507013F00FF8002840F09D803A9B1E44032E43
S31500005080EED9DAF80030002B00F095806FF0004280
S31500005090934208BF0123B14A1360B9F80030C5E94D
S315000050A0075501336D62A9F8003008F008FA0026AA
S315000050B0AB4B05F13001A86200F18040A94A6B6351
S315000050C0E963A863EE6205F108002D630AF081F931
S315000050D0FB23A54AA5F85830EB6930219B1A1E22FE
S315000050E0DB10B3FBF2F34FF00B0B4FF6FF7A9F4A40
S315000050F0DBB201FB032305F18000C5E91C35C5E9D8
S315000051001266C5E91E662D6485F844B0A5F846A06A
S315000051102E656D650AF090F805F190000AF08CF89E
S3150000512005F1A0000AF088F8914B05F15409C5F87D
S31500005130BC3005F1B803C5F8C4304846C5F8B850C8
S315000051400AF060FE4846C5E91366AE6485F844B0C9
S31500005150A5F846A00AF056FE0C23C5E93766C5F841
S31500005160CC30C5F8C850A5F8CE60A5F8D06085F853
S31500005170DA6085F8E4600AF09FF80123C5F8E800D4
S3150000518085F8E4307B1C022B48F8045B4FF00107DE
S3150000519005F1F0057FF41AAF764ED6F8A881C6F869
S315000051A0B081B8F1000F08D16A21734B734A744875
S315000051B016F080FBFEE701236DE7724D4FF0000A03
S315000051C02B4643F8E98B6B6105F6E903AB614FF4B7
S315000051D0006305F114073846AB83C5E908AAD6F87B
S315000051E0AC910AF05FFE2F662B460427013FC3E908
S315000051F019AA03F10803F9D1C823DFF8ACA10020EE
S31500005200C5E92CA34FF6FF73A5F8B8305E4B002115
S31500005210C5E93037042385F8E0305C4BC5E92277D1
S31500005220C5E92477C5E92677C5E93401C5E936011C
S31500005230A5F8847085F8A870C5F8AC70C5F8BC8070
S31500005240C5F8C870C5F8E47085F8E87085F8ED789B
S3150000525085F8EE78A5F86879A5F86E79A5F87079DD
S31500005260C5F88079C5F88479C5F88879C5F88C7948
S3150000527085F89079C5F8947943E90201D5F800A03C
S31500005280C5F8A079A5F8A479BAF1000F00D1FEE718
S315000052903F4ADFF818B13946C5E90A25A3F1B0003F
S315000052A07822CBF800501EF0FBFD4FF0FF32374B53
S315000052B0C5F87629374AA3F50D607721C5F87279C6
S315000052C0C5F87A79C5F86A79C5F8E978CAE937255B
S315000052D0C6E902250BF0C4FF2C4BA3F6E4000AF046
S315000052E001F82C4A294BC8E93725C9E937252A4A46
S315000052F0A3F80678C3F81828284AC3F81488C3F810
S315000053002428274AC3F81C78C3F82088C3F82878CD
S31500005310C3F82C88C3F83028C3F83478DBF800309B
S31500005320C5E90178AB42C5F80C9016D1262011F0DC
S31500005330F7FFFF2011F0F4FF37711A4B93F8C430D2
S31500005340002B39D0174B1B6893BB164A02F1840019
S3150000535082F8C43006F0F8F92EE0FEE7E4120020E9
S3150000536039F40000D0660200D80D0020F8120020A3
S3150000537025290100B01900205F8D0200207402006B
S31500005380698D0200F81B0020651D0100982500208C
S31500005390111D01001D1101004300010009E000007C
S315000053A09DF30000843E002000F8FF07081100204E
S315000053B093F85020022AC6D0B84B9D6C2F46002F7A
S315000053C05AD1EFF31182302383F31188A36C5B1B50
S315000053D0A36482F31188BFF36F8F94F8943023B1DE
S315000053E0AF4806F01DF984F89470AC4B93F8BC30C6
S315000053F09BB10323AA482AAA3AA912F025FB60B951
S31500005400BDF8A8303A9833B1A4490278D1F8C03033
S315000054101344C1F8C03001F021FEA24D2B7823B110
S3150000542006F07DF92B78002B4BD19F4B1B78002B78
S3150000543047D001239D480DF12A020EA912F004FB64
S315000054400546002840F075820E9F7B885A1E042A66
S3150000545034D80622DFF878B2398802FB03B2B2F8F4
S315000054608A2091422AD1023B032B0AD8DFE813F0A7
S31500005470DE00EF0032014C02884807F0D7FB013FFF
S315000054809DE7042286F8B421002286F8B521012280
S3150000549086F8B6216FF07F023B7986F8B72196F839
S315000054A05020002A40F0C080012B18BF24258048D8
S315000054B0C0F8B85100F5DA7001F07BFE0E9801F0E5
S315000054C0CDFD764A93680BB9D36823B1734801F0D2
S315000054D0EFFE0028F5D0714B5B68002B40F03C8254
S315000054E06E4B302793F844804546EFF3118987F3D6
S315000054F0118870480EF0FAFA89F31188BFF36F8F9E
S31500005500002840F06082EFF31182302383F3118884
S31500005510624B93F84430984540F2748200235F4909
S3150000552081F8443082F31188BFF36F8F0022604BFD
S31500005530D3F8B0315F685A60002F40F067825E4D45
S31500005540D6F8B0312A780993022AD3B200F08F82B6
S31500005550032B00F066820BB901232B70574B1D6895
S31500005560002D00F09E84284609F0CAFE05F58D50F0
S31500005570012314AA1AA9083012F066FA002840F08E
S31500005580818405F5805393F8A62112B9012283F888
S31500005590A62100231A9ABDF850909A428DF8383009
S315000055A008BF99460121C5F8902004220DF1380B59
S315000055B005F1900A85F86F1950465946A5F894905A
S315000055C0A5F89630A5F8989085F89A30A5F89C909D
S315000055D085F8E02085F8A8300AF0EAFFD0B99DF9F1
S315000055E038309DF83880002B14DAD5F88439013329
S315000055F0C5F88439C8F3011385F8713905EB8303BF
S315000056005B682B60002B40F05582062241462846F7
S315000056100CF062F8002385F86F391A9801F01EFD28
S31500005620002800F02F84FEE7122540E7042386F8C1
S31500005630B431002386F8B531022386F8B6316FF00F
S315000056407F0386F8B7312423C6F8B83123E01C4A15
S315000056503B1D07F1240153F8040B8B4242F8040B5F
S31500005660F9D115F0CBF8174B17491A68054601F51D
S31500005670D6701EF079FD06227B88C6F8B85102FB6B
S3150000568003B26FEA43436FEA5343B2F88C20A6F89D
S31500005690B631A6F8B4210D480EE700BF843E0020BF
S315000056A0083F00208C0B00204C3F0020800B002080
S315000056B0B0190020C43E0020E81200200811002086
S315000056C0E019002000400020C0190020641B0020C3
S315000056D0AC730200C24890F85030002B00F00581F0
S315000056E02022002122A81EF0DBFBBE4B07F1040896
S315000056F01B78052B02D1032001F0CCFD2AAA08F164
S31500005700200C1346D8F80000D8F8041008F1080851
S3150000571003C3E0451A46F4D14021B34804F0D3F957
S31500005720B8B9B14B0DF1C80C03F1200E62461868EA
S315000057305968083303C273459446F7D100230DF127
S3150000574068083A93424640213AAB2AA812F02EF94D
S3150000575090B10125A24BC3F8B85106227B8802FB03
S3150000576003BB6FEA43436FEA5343BBF88C20A6F8AA
S31500005770B631A6F8B4218EE79C4B98E803009980D1
S31500005780090C9DF87620186099711C98BDF8741064
S315000057905A73C3F80700A3F80B1007F124023AABBB
S315000057A007F1440E9C46106851680832ACE80300C5
S315000057B072456346F6D18E4B0DF5847C03F1200EBF
S315000057C0624618685968083303C273459446F7D190
S315000057D0002301224FF4844014A905F00FF88046F7
S315000057E0A0BBDDF85090D9F80430D9E9081A1B0A95
S315000057F031D1B9F8003003F4E042B2F5805F10D041
S31500005800B2F5005F0DD044F2010223F440509042FD
S3150000581007D003F44F43B3F5824F02D0B3F5844F5C
S315000058201CD1BAF1100F1CD84AAB524618461EF0CE
S315000058309BFC0021CAF1100250441EF031FB484681
S3150000584008F09AFEB8F1000F00D168B150213AA8CD
S3150000585002F0ECF87DE76FF08608F0E76FF0850858
S31500005860EDE76FF08908EAE7502114AB22AA3AA8BF
S31500005870CDF8508012F09AF8804650213AA802F0EE
S31500005880D5F8B8F1000F02D0202122A8E0E7554B49
S315000058901B78032B03D1574B186804F0E2FF14A8BA
S315000058A001F073FC544B0FA817934FF440730F93FA
S315000058B001F073FC0F9BDFF848E11693002322A941
S315000058C0CDE914E3199320224A4B14A804F02CFDC9
S315000058D08046202122A802F0A9F8B8F1000F7FF433
S315000058E038AF042001F0D6FC34E7112280F8B93134
S315000058F080F8B82180F8BA3180F8BB31402100F534
S31500005900DE7002F093F828E74FF0AA334FF0AA3280
S31500005910CDE91023042386F8B431002386F8B53187
S31500005920052386F8B6316FF07F0386F8B731082372
S315000059308AE61B280DD12A4D95F8FC31002B3FF441
S31500005940C0AD05F2FD1001F034FC002385F8FC31F2
S31500005950B7E505F0E4FEB4E5EFF31185302787F3EC
S31500005960118826480EF0C2F8814685F31188BFF3E8
S315000059706F8F99F84C30A9F10405022B14D12846F3
S3150000598001F02EFA80B109F12C00D9F8A08020F0A0
S31500005990CDFA4FF000034046294689F84C300EF008
S315000059A0ADF8284620F0D8F8EFF3118587F3118873
S315000059B012480EF09BF8814685F31188BFF36F8F6E
S315000059C00028D6D18CE54FF00003013D03744368EF
S315000059D0C068984715F0FF057FF487AD93E500BFD3
S315000059E0B0190020940B00206C1B00209C0B00209B
S315000059F08C1B0020B40C002000024805883E0020C5
S31500005A0000240001A3EB0803DBB288E5B8688742EF
S31500005A1016BF83680027BB600023836043689847EE
S31500005A208AE50CF0D8F9B04BD3E9002390429941AE
S31500005A30FFF494ADDFF8E882D8F8000000B9FEE77D
S31500005A401E22AA4BAA49C31ADB10B3FBF2F330227B
S31500005A50DBB202FB03110B7F0F7667F382030B7732
S31500005A600CF0DAF90123C8F800702B7076E50CF01B
S31500005A70B2F99D4BD3E9002390429941FFF46EADF4
S31500005A80DFF89C82D8F8000000B9FEE7974B4FF08C
S31500005A90300EA0EB030C1E234FEAEC0CBCFBF3FC10
S31500005AA093495FFA8CFC0B233A460EFB0C110CF063
S31500005AB061FBD7E7504622A90AF0EBFF002840F029
S31500005AC05281DDF888B0BBF1010F08D040F2D881D1
S31500005AD0ABF10203032B40F2FD80052288E102238D
S31500005AE08DF83C30B5F896304B4505D050460FA999
S31500005AF00AF05EFD00B1FEE79DF83C300DF1E80AC4
S31500005B00022B40F08E805046D5F8009009F094FBA9
S31500005B1000214FF01E08774BD9F81C201970734BE3
S31500005B20DFF800C2D01AC010B0FBF8F0C0B24022B5
S31500005B300CEB80101EF0B4F9D9F81C206B4B6E48A4
S31500005B40D31ADB10B3FBF8F3DBB24022002100EBE3
S31500005B5083101EF0A5F9012009F11C0B1FF080FB34
S31500005B6048B1584609F09CFB00B1FEE701201FF042
S31500005B7077FB00B9FEE74FF000084FF6FF71D9F842
S31500005B801C0008F05DFE58462AA9CDE92A880AF0CD
S31500005B9063F94FF6FE71D9F81C0008F093FE5046E3
S31500005BA009F04AFBCDF800A0524653464146D9F8C3
S31500005BB01C0012F0BBF84146D9F81C0009F026FA81
S31500005BC0404613F0DDF84FF6FF7A0B2309F1540037
S31500005BD089F84430C9E91388C9F84880A9F846A06D
S31500005BE00AF010F995F871392B4483F86A8983F81D
S31500005BF0728983F876A983F87A89286EC5F8808930
S31500005C00C5F88489C5F88889C5F88C890AF04AF9E7
S31500005C107022802128460BF05FFD002800F0AC8042
S31500005C20FEE7032B54D101238DF8E83000235046BC
S31500005C30CDE93B3300F069FF3C9B9C0245D52F4CD8
S31500005C4063680BB10FF0BAFA01222D4B5A60A36AB2
S31500005C509806FCD402230125A3606362294B5D608C
S31500005C600FF0ACFA254BE5609A6AD106FCD4022205
S31500005C701A639A6AD206FCD40323214A5361A2F519
S31500005C80805293614FF480221F4B1A604AF6E85007
S31500005C901E4B1F4CDA6ED96E22F0030218661D48A1
S31500005CA042F0020241F00301C0F82044DA66D966E8
S31500005CB0DA66D966DA66D966DA66D966DA66BFF36F
S31500005CC04F8FBFF36F8F30BFFEE7134B134A1A6037
S31500005CD00DF0FAFE2A902AA950460AF0DAFE18B309
S31500005CE00BF0F2FA024683E0F0120020D80D0020F5
S31500005CF0F81200206913002084100020004006508E
S31500005D00006006500050065000E100E000400050E0
S31500005D100000FFFF00E003500000002002020FF029
S31500005D2030140020041000202A9BBBF1030F0493BB
S31500005D3043D0ABF10403012B0ED8BBF1050F42D1C2
S31500005D40049B0322BB493AA80BF050FE3A9B0393EF
S31500005D503B9B0593082341E0002241462846049BCD
S31500005D600BF04AFC40B10BF0AFFA9DF838800246C2
S31500005D70414628460BF0ADFC95F8ED2895F8EE382F
S31500005D809A4202D028460BF001FF95F871299DF83A
S31500005D9038302A4492F8E91803F00F0331B18B42E8
S31500005DA01EBFD5F888190131C5F888190F2B0CBF0D
S31500005DB00123013382F8E9382CE441462846049A47
S31500005DC00CF000FACEE7049B03229B4912A80BF0C5
S31500005DD00DFE129B0393139B059307230793059BC5
S31500005DE003F001030693039B3BB9069B2BB90D22D7
S31500005DF0414628460BF06DFCB4E70023B5F896B093
S31500005E0085F89B30A9EB0B0293B21A465046A5F8CB
S31500005E109CB0A5F89E903AA908930AF0FFFE0023CD
S31500005E20059A85F86F3905EB6200059B069AD945F8
S31500005E3088BFA5F896B05B101AB1039AEB589B5829
S31500005E400393039B9847012385F86F3900287FF455
S31500005E5047AF05F1600941464846049B079ADDF8BD
S31500005E60E8A00BF0D2F858B95146089A286E12F0FD
S31500005E7047FE28B948460BF009F900283FF47CAFE5
S31500005E800022B5E705F5805393F8A6314BB105F12D
S31500005E9014000AF09FF820B905F58D50143009F06A
S31500005EA021FA0021084620F057F94FF0000ADFF8E2
S31500005EB0AC91624DEFF3108072B6B9F8028020F013
S31500005EC04DF9B8F1000F3DD14FF4F8501FF0C8F965
S31500005ED060B34FF480701FF0C3F9594D8146002816
S31500005EE000F0C0802B6841461B684FF480701B7819
S31500005EF013F0200F534B0CBF4FF0000999461FF0CB
S31500005F0097F9434600222968C1E90422EFF311817B
S31500005F10302080F3118886F8452281F31188BFF37B
S31500005F206F8F29684A46886A0CF024F9464A099B0D
S31500005F309B1A1E22DB10B3FBF2F3DBB2012B40F2FD
S31500005F40B380FEE785F800A0EFF3108072B6B9F8CB
S31500005F500220BAB1B9F80030013A09EB8301D1F851
S31500005F600C80B9F804100133B3FBF1FC01FB1C33C0
S31500005F70A9F80220A9F8003020F0F0F8B8F1000FD7
S31500005F8002D1FEE79046F7E7DFF8D4B098F80C3078
S31500005F909BF81720C3F3800363F341028BF81720A5
S31500005FA098F80C3003F0FB0388F80C309BF81720A8
S31500005FB0DB0963F300028BF8172098F80C3003F026
S31500005FC07F0388F80C3098F801308BF8063043468A
S31500005FD013F80C2BABF80420CBF8003098F90330FB
S31500005FE01A4A8BF81530137098F80230184A8BF855
S31500005FF016301370D8F80430CBF82830D8F80830AB
S3150000600003930BF0E8FE0022039B8342DBF8280093
S3150000601028BF01F1FF31D218CBE9022118B90A488D
S3150000602009F07AFC0B4809F077FC41460A4812F061
S31500006030FDFC3FE7807402005C74020058130020E8
S315000060402411002088110020D80D00206B13002099
S315000060506A130020C80E0020E415002098150020C1
S31500006060581100204FF400701FF0FAF8804630B146
S3150000607049464FF400701FF0DBF80F2342E74FF458
S3150000608080601FF0EDF8814638B141464FF48060DC
S315000060901FF0CEF8C1460E2334E701464FF4805078
S315000060A01FF0C6F80B232DE7394A52F8230020B11A
S315000060B00368022B01D108F027FDEFF3108072B6BA
S315000060C0344DB5F8028020F049F8B8F1000F24D01D
S315000060D008F075FB08BBEFF3108072B6698861B1F2
S315000060E02B8805EB8302D768AA880133B3FBF2FC41
S315000060F002FB1C332B804B1E6B8020F02FF807B958
S31500006100FEE73B7913B1012B24D0FEE7B968386866
S315000061100BF082FE38461FF01FFD1F49A1F1480013
S3150000612008F01EFBE0B11C49A1F1480008F018FB7D
S315000061300546F0B91949A1F1480008F011FB0546DA
S3150000614000283FF4FAA82846154908F01FFB284600
S315000061501249F2E77A89397A386808F05EFED9E79B
S315000061600E49A1F1480008F0FBFA0028DBD1FFF741
S31500006170E4B80C4B0C4A19780C4B2846002918BF7A
S315000061801A46114608F002FB28460349CEE700BF2F
S315000061902811002034150020D80D00200010002002
S315000061A08DD800000411002073D80000B9D8000073
S315000061B00348044B834202D0034B03B11847704790
S315000061C0CC400020CC40002000000000064B0749D0
S315000061D0C91A891048BF0131491003D0044B0BB1CD
S315000061E001481847704700BFCC400020CC40002033
S315000061F00000000010B5064C237843B9FFF7D8FF1E
S31500006200044B13B10448AFF300800123237010BD83
S31500006210503D00200000000078AA020008B5054B9A
S315000062201BB105490548AFF30080BDE80840FFF7FC
S31500006230CDBF00BF000000000030002078AA020099
S31500006240A3F5803A704700BF174B002B08BF134BCE
S315000062509D46FFF7F5FF00218B460F461348144A6B
S31500006260121A1DF01DFE0E4B002B00D098470D4B49
S31500006270002B00D098470020002104000D000D4897
S31500006280002802D00C48AFF3008015F041FC200036
S315000062902900FDF785FF15F02BFB00BF0000080065
S315000062A00000000000000000C80A0020C80A002004
S315000062B0803D0020000000000000000008B5C36F0C
S315000062C00A462BB1D0F88010007A9847012008BD05
S315000062D01846FCE70246D0F8940068B9937B73B978
S315000062E0D2F8900050B9D2F88C3043B9537B127B68
S315000062F09B1A58425841704700207047184670470D
S3150000630040BA80B24140C1F303135940080380B23A
S315000063104840490101F4FF5148407047024610B514
S3150000632044180020A24200D110BD12F8011BFFF74D
S31500006330E7FFF7E738B5044645180020AC4203D11D
S31500006340831A5842584138BD14F8011BFFF7D8FF8D
S31500006350F4E721B10020012308800B70704722204A
S315000063607047EFF31183302282F31188064A1078C2
S3150000637020B1064A1088003818BF012083F311881F
S31500006380BFF36F8F704700BF803E0020C80A002011
S315000063904FF4E13070474FF4E1307047EFF311836B
S315000063A0302282F3118883F31188BFF36F8F704711
S315000063B03021094A937852684B4303F1A04303F511
S315000063C08023DB6E92689B1AB3F5897F3ABF038000
S315000063D000200120704700BFC80A0020F8B5164605
S315000063E0044600258F1FAF4201DC00200CE020464A
S315000063F003780134142B08D10521B0F80520FFF7E6
S3150000640099FF10B106B13580F8BD0135EBE72DE9EE
S31500006410F3470746EFF31188302383F311880125EC
S31500006420DFF880A01E4E9AF802400DF10600A54046
S315000064305C4304F1A044B56204F58024D4F864906A
S31500006440FFF7B6FF28B1756288F31188BFF36F8F27
S3150000645009E0BDF80630BB4208D3756288F311889F
S31500006460BFF36F8F2E2002B0BDE8F0874A46FB1AB5
S315000064709BB2013B63F30E126266236F43F0020385
S315000064802367636E43F4801363667565236FAAF80A
S31500006490087023F003031A7B60F341021A73D2E7F4
S315000064A000100450C80A00208B7C01F12C02013335
S315000064B08B74036813B9CB62026070471846F8E71D
S315000064C0C06C836A03B11847704701230B74704789
S315000064D0C388B1EB431F3FBF03684A0953F8220044
S315000064E001F01F013ABFC84000F0010000207047CC
S315000064F010B5C38823B9CA885AB9ABB1012017E0D1
S31500006500026802EB830252F8042C002AF3D1013B05
S31500006510F0E70C6804EB820454F8044C0CB9013A19
S31500006520EAE79A42EAD30FD8013B5A1C01D1002070
S3150000653010BD026852F823400A6852F8232094429C
S31500006540DCD803F1FF33F0D24FF0FF30F0E730B57F
S31500006550C38823B9CA885AB9002B3DD136E00268F0
S3150000656002EB830252F8042C002AF3D1013BF0E738
S315000065700C6804EB820555F8045C4DBB013AEAE76A
S31500006580B1F9045003D2B1F90400404226E0B0F953
S315000065900420002A03DD002D0CDA01201EE0002D68
S315000065A008DD3AB14FF0FF3018E003F1FF330BD2AC
S315000065B0504213E0013B016851F8235054F8231070
S315000065C08D42F2D9104609E0591CF4D1002005E0AD
S315000065D0002BD8D09342D3D9B0F9040030BD0022A5
S315000065E0154BB3F90010884202D1B3F90200704787
S315000065F00132042A03F10403F3D110F1910F15D0EF
S3150000660010F1900F0ADA10F1970F12D010F1930FD4
S3150000661014BF4FF0FF306FF06F00704710F1860F18
S3150000662014BF4FF0FF306FF0710070476FF06F00CE
S3150000663070476FF06D007047A06302008A4228D051
S3150000664001F0FE43B3F1A06F14D102F0FE43B3F1A3
S31500006650A06F0FD182EA010333F47E130AD10B0433
S3150000666008D5C1F30541C2F3054291428CBF002013
S315000066700120704721F47F03B3F1106F0BD102F0B4
S31500006680FE42B2F1106F06D104480B1A5842584127
S315000066907047012070470020704700BF00000209C4
S315000066A0037E022B06D1C3695A1C03D00133C36192
S315000066B0002070476FF09600704707B51D48837A33
S315000066C003B9FEE7002369461030CDE9003312F026
S315000066D0BDFDE8B9184AD2F84031D2F840211F2B47
S315000066E04FF001030FD9203A9340019A1A430192C1
S315000066F008236A46114912480EF0ACFB114B124AA8
S315000067001A600DF0E1F99340009A1A430092EFE700
S315000067102D28F3D1084AD2F84031D2F840211F2B58
S315000067204FF0010385BF203A93409340019398BFF1
S315000067300093DDE7C80A00200080004400710800CD
S31500006740D80A0020000000200B020FF008B50DF05B
S31500006750CDF920B110F81A3C2C38013B837408BDE2
S3150000676038B50C46EFF31185302383F311880848BA
S31500006770FFF7ECFF206028B985F31188BFF36F8F10
S315000067801B2038BD85F31188BFF36F8F0020F8E713
S31500006790400B002038B50D48002284780C497C3027
S315000067A012F0D7FC302301250A4AA54003FB042337
S315000067B0196F21F002011967596E21F4801159668B
S315000067C002F500535D651D6538BD00BFC80A00208F
S315000067D081C200000000045010B550F8044C011F9F
S315000067E0606F12F077FC204610BD38B505460C46A2
S315000067F061B1486820B1FFF7EFFF2846FFF760FE5A
S315000068002146A86FBDE8384012F064BC38BD38B5E3
S315000068100446406F0D4612F062FC034620B100208C
S3150000682043F8044B2B6038BD1A20FBE710B50C4625
S3150000683061B1C06F12F053FC206048B100230360C1
S315000068401846226813722268536010BD2220FCE7A6
S315000068501A20FAE7F8B5044600284BD0837C002BB3
S315000068604AD10168856911B1284612F034FCA16845
S3150000687019B1D5F8800012F02DFCE37C022B0AD06A
S31500006880032B0AD0012B0AD1606820B1FFF7A4FFC1
S315000068902846FFF715FE012602E06168E1B90026E9
S315000068A0EFF31187302383F311882146A86E12F087
S315000068B011FCE37C042B13D1B5F86430013BA5F839
S315000068C0643087F31188BFF36F8F1EB1E86C436A9B
S315000068D003B198470020F8BD286F12F0FBFBDEE7F6
S315000068E0052B01D0032BECD1B5F86630013BA5F89A
S315000068F06630E6E72220EEE70420ECE770B51646A0
S315000069001C460D46B1B1806F12F0E9FBA0B1002321
S3150000691003606B68048143600223837234683CB968
S31500006920022330602846EB74FFF794FF204670BDC3
S315000069302646F3E72220FAE71A20F8E770B540F278
S315000069400113012586B0012204216846394EADF8AF
S31500006950003001AC0EF01AFE2A46022101A8ADF85D
S3150000696004500EF013FE0FCE0FC433686946236041
S3150000697003201FF0A7FC4FF4E112009B01A85B0166
S3150000698003F56123B3FBF2F3203BC3F31303039335
S3150000699011F060FA4FF44062274B5A611022A3F5BA
S315000069A0E033C3F8AC254FF00112C3F8C425042226
S315000069B0C3F8BC5503F5E8335D600DEB02005A6180
S315000069C05D6111F0B5FA88BB9DF804601B4C01A807
S315000069D0A67011F0ADFA48BB9DF8043084F89030EB
S315000069E0D4F894301A68127DB24221D9EFF311829D
S315000069F0302181F3118812491B6943F8261082F36E
S31500006A001188BFF36F8F4FF48023C4F898300D4B75
S31500006A10C4E92700C4E92B00C4F8A400C4F8B400F4
S31500006A20C4F8A83084F8A15084F8B15006B070BDFF
S31500006A302120FBE7B063020000800550C80A002051
S31500006A40A5BE00000200040010B5682101200FF069
S31500006A50C1FD044618B1682200211DF021FA204626
S31500006A6010BD10B5242101200FF0B4FD044618B165
S31500006A70242200211DF014FA204610BD0022C188F0
S31500006A80914201D800207047036853F8223033B191
S31500006A9093FAA3F0B0FA80F000EB4210704701328F
S31500006AA0EEE7F0B5C4880546082C8BB017D9083C2C
S31500006AB0082C17D80668A70020363A46314602A8A1
S31500006AC01DF052FB3A46002130461DF0E9F9262317
S31500006AD0009309212346286802AA12F027FA00200B
S31500006AE00BB0F0BD0048FBE780B0FFFF0FF0E5B844
S31500006AF010B504460FF0C2F82046BDE810401FF05E
S31500006B002BB80FF0C0B80FF0BEB800239A6AB2F5E2
S31500006B10804F03D21168074A914203D000230370C5
S31500006B2083607047012202709A6A926842609B6A8B
S31500006B309B69F5E707B0CD5E1FB500239A6AB2F5EB
S31500006B40804F1ED2126BB2F5804F1AD2012201A8D5
S31500006B5002938DF80420FFF7D8FF039BDB0310D5C3
S31500006B60029B1A0E0DD0012A03D1C3F307430A2B49
S31500006B7007D900239B6A1B6B1B6C05B05DF804EB01
S31500006B80184740F2011005B05DF804FB006800B933
S31500006B907047037A8B42F9D190F85030002B08BF2A
S31500006BA00020704708B503683BB901790448FFF730
S31500006BB0EDFF08B190F8500008BD93F85000FBE7D0
S31500006BC0843E0020054A08B502F1B800FFF7EAFF47
S31500006BD005281CBF012382F8C43008BDC80A00205E
S31500006BE0022808B509D1042906D100210948FFF772
S31500006BF0CDFF012380F8A03008BD0328FCD104296D
S31500006C00FAD10022044B5B68002BF5D0C3E926229B
S31500006C101B68F9E7843E0020803E00202DE9F04302
S31500006C201D46062387B0137049681446302900F0C4
S31500006C3081801AD8042906D80139032940D8DFE80B
S31500006C4001F04368495320296ED0A1F5E063FF2B7C
S31500006C5000F2BC80C9B241F4E0635E486360FFF7AE
S31500006C6095FF58B390F8A00028E040F2022399421D
S31500006C707FD00ED8502960D0B1F5007F62D0402970
S31500006C80E3D1516050F8380CC3699847A0600823D7
S31500006C904EE040F20133994270D0B1F5885F72D070
S31500006CA0A1F58053FF2BD0D8C9B241F4805349488F
S31500006CB05360FFF76BFF08B190F85000207207E0B1
S31500006CC000235360A360E2E7012353600623137297
S31500006CD005232DE0042303220921C4E9012301230E
S31500006CE0C4E90313102323E01346042243F8042FB8
S31500006CF0394A116859605168128999609A810E2340
S31500006D00638001234374638804332B6007B0BDE8B6
S31500006D10F083022301215360082210F8333C62807D
S31500006D2013FB0213A360EEE7516050F8302C22816A
S31500006D306380E8E75160C36BC4E7516050F8380CD4
S31500006D40036AA2E7516003A8FFF7DFFE049BE36036
S31500006D50002323619DF80C30012B02D103232372FB
S31500006D60C0E723B923724FF0FF33E360BAE7042389
S31500006D70F5E71A4B5160D3F8C830A3E7174B5160BB
S31500006D8093F8CC309EE7516002F1070802F18709BB
S31500006D9000221646531C6846CDE90066CDE9036617
S31500006DA08DF804208DF8103002960596FFF7FAFE4E
S31500006DB0074603A8FFF7F6FE47EA001708F8017F23
S31500006DC00232C145D2B2E5D18423B1E70023636024
S31500006DD00D2377E7843E0020EC870200C80A0020D6
S31500006DE008B50146FFF776FA50B1D1F8880040B9E8
S31500006DF0D1F8843023B9B1F86800B0FA80F04009C0
S31500006E0008BD0020FCE7EFF31182302383F31188DD
S31500006E108368013B836082F31188BFF36F8F7047ED
S31500006E2008B508B9022008BDEFF31182302383F3B9
S31500006E301188836823B982F31188BFF36F8FF1E756
S31500006E400133836082F31188BFF36F8F21B103682A
S31500006E5013B100200B60E6E7FFF7D5FFE2E738B590
S31500006E600446EFF31185302383F31188037C63B165
S31500006E708068214640300CF041FEA26892F844300A
S31500006E80013B82F844300023237485F31188BFF355
S31500006E906F8F38BD2DE9F041044617460E4600298E
S31500006EA03DD0806E12F01BF90546F8B13422002160
S31500006EB01CF0F6FFEFF31188302383F311887B1E55
S31500006EC0042B2ED8DFE803F0182D03210300B4F8B5
S31500006ED05820B4F86630013A93420ADB2946A06E80
S31500006EE012F0F8F888F31188BFF36F8F1A20BDE807
S31500006EF0F0810133A4F8663088F31188BFF36F8FF1
S31500006F000020EF74AC613560F1E7B4F86430B4F892
S31500006F105A209A42E2D90133A4F86430ECE72220E1
S31500006F20E5E72120E3E72DE9F347914604220446ED
S31500006F308846D0F8A4000DEB02019A46FFF7AAFF97
S31500006F40074660B91AF00E0F667A019D0AF0020331
S31500006F501AD0B20707D42846FFF77CFC212738460B
S31500006F6002B0BDE8F087A3B91AF0040F14D11AF0E5
S31500006F70080613D1324694F85030052B10D0284617
S31500006F80FFF768FC0227EAE716F00106E3D10122C3
S31500006F90F1E706463A46EEE70426FBE70E26F9E752
S31500006FA0C5F80480A5F80C906C61237A6B740A9B73
S31500006FB02B62CAB1A37AE27A1B01DBB21343CAF38E
S31500006FC0001A43EACA0A85F810A0A37A013303F02F
S31500006FD00703A37249464046FFF7A0F92946E88110
S31500006FE0204612F0FAF8BAE766F03F062E74F1E78B
S31500006FF02DE9FF410F4603A9064615469846FFF7B9
S315000070000FFF38BB45B30398D0F8A43090F8A02002
S31500007010B3F85C4040F6F773002C08BF1C46C2EB81
S31500007020423204EBC204A4B2A5420ED80A9B3946EA
S3150000703000932A464346FFF776FF01463046FFF7A0
S31500007040E2FE084604B0BDE8F0813046FFF7DBFEFD
S315000070502B21F6E70221F4E72121F2E710B578B1FA
S31500007060FFF7BAFB044660300CF040FD014610B154
S31500007070A06F12F02FF82046FFF722FA002010BD6D
S315000070802220FCE708B50CF031FD20B110F81E3CBB
S315000070903038013B837408BD8B7C01F1300201332B
S315000070A08B74036813B90B63026070471846F8E7E0
S315000070B038B581624469EFF31185302383F3118873
S315000070C0D4F8A430014603F11000FFF7E5FF85F37D
S315000070D01188BFF36F8FD4F8A420074902F1180076
S315000070E012F037F84FF6FF72B4F8683093421CBFBF
S315000070F00133A4F8683038BD0776000010B50446A1
S31500007100A37C0846013B04F13001A3740CF0F6FCA5
S315000071102046BDE810403321CAE72DE9F7438946EA
S31500007120174601A9032206461D469DF82880FFF74B
S31500007130B1FE38BB306F019C11F0D1FF606028B9F9
S31500007140204603B0BDE8F043FFF784BB012165F09C
S315000071506F05A181C4F814906774257480F80080C7
S315000071606068FFF7DBF8E081EFF31185302383F3E6
S315000071701188214606F10800FFF78EFF85F3118876
S31500007180BFF36F8F03B0BDE8F08310B50446182235
S3150000719000211CF085FE204610BD0368D90444BFBB
S315000071A043F4806303609A0444BF43F400630360BE
S315000071B0704707B50022084B014683F8CC200288A9
S315000071C0064B0432009392B201230548FFF710FFE5
S315000071D003B05DF804FB00BF803E00209D750000F3
S315000071E0800B0020002307B5012219460E4811F036
S315000071F083FA68B90C4801A9FFF712FE40B9019B52
S315000072000A4A09489A65FFF7FEFDFFF709FE18B11D
S31500007210002003B05DF804FB019B054A02485A674B
S31500007220FFF7F1FD0120F4E7800B00209D750000BB
S31500007230C56B000010F1840F12DA10F1950F25DBF3
S315000072409530102822D8DFE800F01D2121211B21CE
S3150000725021211913110F151F170923000F2070473D
S31500007260003818BF012070471D2070472E20704738
S315000072702D20704724207047212070471A20704720
S315000072802F2070472C20704725207047012070471B
S31500007290082070470146054B93F8CC0083F8CC10C4
S315000072A0D3F8D03003B11847704700BFC80A002092
S315000072B02DE9F0470646C06C86B08369984780463C
S315000072C0002800F06781F36823B9B368002B39D131
S315000072D01B2533E0B04B93F8CC3003F0FB03012BB6
S315000072E0F3D1EFF31185302383F3118806F10C00F7
S315000072F0FFF7C8FE044685F31188BFF36F8F002899
S31500007300E3D0237C9F097F2BA36898BF002743BB4C
S31500007310F06E11F0E4FE206028BBEFF311823023FB
S3150000732083F31188A37C0133A374B36844F8303F18
S31500007330B46082F31188BFF36F8F1A25284606B012
S31500007340BDE8F087EFF31185302383F3118806F14A
S315000073500800FFF797FE044685F31188BFF36F8F89
S31500007360CFE74FF00008A189002939D08B1C9BB2CA
S31500007370D4F814C037B9227C9CF80B0022F007021F
S3150000738002432274207C25687F28D4F808A029D8D7
S3150000739041B3BAF1000F28D19CF8A090B9F1000FC3
S315000073A027D07D4A92F8CC2002F0FB02012A1ED09B
S315000073B02946304611F08FFEC4F800A0EFF3118283
S315000073C0302383F31188A37C0133A374F36844F854
S315000073D0303FF46082F31188BFF36F8F0025ADE76D
S315000073E00B46C5E7BAF1000F22D04FF0000908336B
S315000073F09BB21421627CAB701B0A2970287105218F
S3150000740028466A70EB70FEF789FF6871000AA8715A
S31500007410B9F1000F7BD0D6F8800011F060FE21682C
S315000074200546A06030B9304611F055FE256084E768
S31500007430D146DEE70B79584D03F0070923F0070321
S315000074400B71D4F814A0D4E900129AF80800D4F805
S3150000745008C08DF80C00DAF89C00A3890590D5F8D1
S31500007460DB00CDF80D00B5F8DF00ADF8110095F89A
S31500007470E100CDF800C08DF8130003A812F09CF8C7
S31500007480804698B9DAF89C300133CAF89C30D5F8B2
S31500007490E4300133B3F1005FC5F8E43006D195F866
S315000074A0CC30052B02D10320FFF7F4FE4046FFF750
S315000074B0C1FE2268054613794FF0000823F0070342
S315000074C049EA030982F80490A26870B122B1114614
S315000074D0D6F8800011F0FEFD30462168C4F8088019
S315000074E011F0F9FDC4F8008028E7D4F80480B4F858
S315000074F00C90C144C1452BD102F1080512F8011BBD
S31500007500FEF7FEFE9542F9D14FF00008E081EFF359
S315000075101189302383F31188F06C2146436998471B
S315000075200546D0B1A37C0133A3742346B26843F861
S31500007530302FB360B8F1000F05D03046216811F046
S31500007540CAFD0023236089F31188BFF36F8FF5E628
S3150000755018F8011BFEF7D4FECCE7606938B9022F94
S3150000756015D089F31188BFF36F8F0125E6E677B949
S3150000757021468C30FFF790FD6269D37B0133D373CC
S315000075806469237C1BB91EF03BFCC4E9060189F340
S31500007590118821E73425D1E6C80A0020094A13B12B
S315000075A0012382F8C4300121074B83F8CC1092F8EE
S315000075B0CC30042B04D100230520C2F8E43069E660
S315000075C0704700BFC80A0020803E0020EFB506467F
S315000075D00D46843803A91746FFF728F988B906230C
S315000075E0039909228B8105230D7245F48055CB81C1
S315000075F00E600D610F750123009130460C31FFF7C7
S31500007600F7FC04B0E0BD2DE9F047064630274FF001
S31500007610020900F1100833697BB1EFF3118A87F391
S3150000762011884046FFF72EFD4469054694F8503010
S315000076302BB98AF31188BFF36F8FBDE8F087B4F8D2
S315000076406830002BF5D0013BA4F868308AF3118826
S31500007650BFF36F8F037C7F2B4FEA931232D9032A35
S315000076600AD14069D0F864A0BAF1000F04D0AB6A21
S315000076702A6A6968007AD04794F85030062B25D0DC
S31500007680082B23D0032B17D12046FFF7A9FB98B16F
S31500007690637A84F85090DB060ED5EFF3118230231F
S315000076A083F31188D4F8A430596844F8041F5C6049
S315000076B082F31188BFF36F8F002328466B60FFF7B4
S315000076C0C9F8A8E74069D0F858A0CDE72046FEF7EC
S315000076D001FE0028F0D0D4F8A4000922217A8430D3
S315000076E0FFF774FF18B1092384F85030E4E794F8E3
S315000076F05030062BE0D10723F6E7054BD3F8E830E8
S31500007700584043085B4240421843C017704700BFC9
S31500007710C80A0020F8B5C3880E46B2EB830F076887
S315000077204FEA83041AD813469C420CD81546002308
S31500007730AB4215D1A24204D90021121B30191CF00C
S31500007740AFFB0020F8BD23F003003D5803F0030112
S31500007750C900CD40EDB26DB90133E5E72546E6E750
S3150000776023F00301795803F00300C000C140F1542F
S315000077700133DDE76FF00700E4E7034670B51C68E8
S31500007780DB880846B2EB830F4FEA830519D9521BF3
S315000077908E1800211CF084FB30462A460023104434
S315000077A0934210D1002070BD23F00301615803F00D
S315000077B00306F600F140C9B281B901339D42F3D800
S315000077C0ECE71346FAE723F00301615803F00305DB
S315000077D0ED00E94000F8011D0133E1E76FF0070015
S315000077E0E1E71FB54FF001130191039302A901AB25
S315000077F00293FEF7ACFE05B05DF804FB10B50C4C29
S31500007800D4F8E820D4F8E8304240594081EA020032
S31500007810C00FFFF772FFD4F8E830521A434022EA4D
S31500007820030208401043C00FBDE8104065E700BFE3
S31500007830C80A0020013901D20020704750F82130D3
S31500007840002BF7D0B3FA83F00131C0EB411070473B
S31500007850C1880068EEE753098B42F0B402F01F04BA
S3150000786001D805D13CB3F0BC8A0000211CF018BB3E
S315000078701F2A22D834B1002200EB8101C4F1200670
S3150000788081420FD1F0BC704752F8047B45F8047F63
S31500007890B242F9D10022CB1A8B42EBD240F8232018
S315000078A00133F9E751F8045D25FA04F313430B603D
S315000078B005FA06F2E4E71F2AE4D900EB8302051F66
S315000078C000EB8106E4E708B50A46C18811B10068F5
S315000078D0FFF7C1FF002008BD01F18041013900EB2F
S315000078E081018142034600D270471B680A681BBAB1
S315000078F012BA40F8042B41F80439F2E70346C0698E
S3150000790020B15B6A002B14BF0120022070470022C1
S315000079100123C0E90023C0E90223C0E9042370471C
S3150000792038B5002401250146C0E90254C0E90454D3
S315000079300470446085611C30FFF7E9FFC1E90D451D
S31500007940C1E90F44C1E91144C1E91344C1E9154431
S31500007950CC6538BD70B50646FFF7D0FF02280C4649
S3150000796005461DD100212046FEF7B2FD60BB012170
S315000079702046FEF7ADFD024630BB2046FFF768FF06
S31500007980336C591C88421FD1FE2B07D1294620464D
S31500007990FEF79EFD0D4B021E18BF1A46104670BD1F
S315000079A001280FD101462046FFF71BFF00280BDBFD
S315000079B0204606F13401FEF7CAFD0028034AB8BF87
S315000079C00022EBE7024AE9E7004AE7E780B3FFFF58
S315000079D080B0FFFF70B5066C0D460736B3EBD60FC9
S315000079E0114604464FEAD60203D200230D482B6007
S315000079F070BD2A60B0F866307BB1FFF77FFF0228C2
S31500007A0004D104F16000BDE8704083E6012806D188
S31500007A1004F16000BDE87040AFE60348E8E76FF0A8
S31500007A206D00E5E700B1FFFF80B0FFFF10B5034B27
S31500007A300A465B6A00210446984710BDA06302000F
S31500007A4010B5044610B109B1FFF7F0FF2046BDE8B6
S31500007A5010401EF081B810B5044648B1006818B150
S31500007A60E1888900FFF7ECFF00220123C4E9002327
S31500007A7010BD10B50446FFF7EEFF04F10800FFF74E
S31500007A80EAFF04F11000BDE81040E4E700B1F0E7BA
S31500007A90704742F21073994270B504460D4602D9FA
S31500007AA06FF00F0070BDC3888B4213D204212846A5
S31500007AB00EF090FD06460028F2D0216841B1E2881A
S31500007AC092001CF051FBE18820688900FFF7B8FF9F
S31500007AD0E58026600020E5E72DE9F0410D46C988DE
S31500007AE004461646FFF7D5FF014618BB3046FFF79A
S31500007AF004FE03461C4EB4F90420D6F8E800013211
S31500007B00584022EA0002B5F9040001301840024349
S31500007B10013AA280D5F800E02268B5F806807245E1
S31500007B2003D08C46043AE04507D8DB43EA88E08870
S31500007B30824211D30846BDE8F081D6F8E87052F8C3
S31500007B40040F5F4020EA07005EF82C700CF1010C70
S31500007B501F4038431060E6E7256855F822001840B4
S31500007B6045F822000132E2E7C80A0020F8B50546CA
S31500007B708D420E46104601D10020F8BDFFF7BDFD2F
S31500007B80C98804462846FFF784FF10B16FF00F003E
S31500007B90F3E73046E988FFF77CFF0028F6D11E4A56
S31500007BA0B6F90430B5F90410D2F8E8000131013312
S31500007BB0604021EA000023400343013BAB80B6F955
S31500007BC00430D2F8E80001336040214023EA000384
S31500007BD00B43013BB38031682B68EE888B42CBD0D8
S31500007BE0043903EB8606B342C6D0D2F8E8001D6816
S31500007BF051F8047F604025EA00002740384343F8E7
S31500007C00040BD2F8E8700868674020EA07002540B0
S31500007C1028430860E7E700BFC80A002038B50446D5
S31500007C200D4619B9FFF717FF002038BDC2888A42F2
S31500007C3007D10021006892001CF032F90123A380CD
S31500007C40F2E7FFF708FF29462046BDE8384020E75F
S31500007C502DE9F84312F0030318BF012303EB920644
S31500007C608946314680461546FFF7D8FF0446F0B9E7
S31500007C70B8F80620D8F80070B2421BD33FB10146CF
S31500007C80920038461CF00CF923469D4202D120464C
S31500007C90BDE8F88319F80310DA0023F0030002F0B8
S31500007CA0180291403A5801330A433A50EDE76FF013
S31500007CB00F04ECE76FF00704E9E72DE9F84312F04B
S31500007CC0030318BF012303EB92068846314681461B
S31500007CD01446FFF7A3FF0546D0B9B9F80670B742B8
S31500007CE019D397B1D9F80090BE00014632464846EE
S31500007CF01CF0D6F82CB1301B2246414648441CF0F5
S31500007D0033FA39464846FFF7E7FD2846BDE8F883CB
S31500007D106FF00F05F9E76FF00705F6E7884270B5D3
S31500007D2005460E4609D0C988C28841B92AB1012341
S31500007D309200838000681CF0B3F8002070BD4C1ED2
S31500007D406CB9B6F904300134A242AB800ED221469A
S31500007D502846FFF79EFE88B16FF00F00EEE7336806
S31500007D6053F82430002BECD1013CE9E72868121BBC
S31500007D700021920000EB84001CF092F8316828681C
S31500007D80A2001CF0F1F9D8E738B504460D46FFF716
S31500007D90C5FF68B905F1080104F10800FFF7BEFF49
S31500007DA030B905F1100104F11000BDE83840B5E71F
S31500007DB06FF00F0038BD70B50E4601210446FFF77F
S31500007DC068FE054648B9E2880146920020681CF024
S31500007DD067F823681E600123A380284670BD10B58E
S31500007DE001210446FFF7E7FF58B9012104F1080015
S31500007DF0FFF7E1FF014620B904F11000BDE810408D
S31500007E00D9E76FF00F0010BDF8B5C3880646B1EB91
S31500007E10431F0C4617464FEA511514D2012231680A
S31500007E2004F01F0451F82530A24023EA020341F86A
S31500007E302530326807FA04F452F82530234342F815
S31500007E4025300020F8BD002AFBD0691CFFF721FE73
S31500007E500028E3D06FF00F00F4E7F8B504460D46AE
S31500007E60FFF7F6FCE3882844B0EB431F24D81F2D08
S31500007E702368E1884FEA551005F01F0412D96FF008
S31500007E8003060A4606FB0036904202F1FF3521D36F
S31500007E90421A814238BF002200250A4403EB8202BF
S31500007EA09A421DD134B1002503EB8003C4F12007AB
S31500007EB0814218D80020F8BD10F01F0118BF01211B
S31500007EC001EB50112046FFF7E4FD0028CFD06FF0FC
S31500007ED00F00F0E756F8252043F825202A46D3E779
S31500007EE042F8045DDCE71E68013006FA04F22A4314
S31500007EF043F8042B26FA07F5DAE72DE9F843054699
S31500007F000E469046D4887CBBF1882846FFF7C1FD13
S31500007F100746002864D1F28894420BD2AE4209D0BB
S31500007F2028683168121B920001EB840100EB840083
S31500007F301CF01AF9EA88F088824207D92B68121ACF
S31500007F400021920003EB80001BF0AAFF00221346DB
S31500007F50D5F800C0D6F800E0D8F80080944214D1D5
S31500007F6043BB0123AB800DE0D8F8003003EB84035C
S31500007F7053F8043C0BB9013CC5E7F188A142C4D2D1
S31500007F806FF009073846BDE8F8835EF8226058F8B6
S31500007F902200F11A81422CBF4FF000094FF001096F
S31500007FA0091A4CF822109E422CBF4B4609F10103D8
S31500007FB00132D3E72A68E98802EB840402EB8102E6
S31500007FC0944202D1002BCCD0DAE72168C91A34BF1B
S31500007FD001230023003B18BF012344F8041BEFE7ED
S31500007FE06FF00F07CEE738B50C46051D294620462B
S31500007FF0FEF7ADFA002801DA002006E02A462146FF
S315000080002046FFF77AFF0028F0D038BD2DE9F84367
S315000080101446B1F904709288054612FB07F25343E1
S315000080200E461ED521463046FEF762FAB0F1FF3FF6
S3150000803080460DD0224631462846FFF75EFF28B916
S31500008040B8F1000F08BF01270020AF80BDE8F88314
S3150000805032462846FFF751FF0028F7D17F42AF800E
S31500008060F4E7844202D0814212D126460123AB8036
S31500008070B6F80690B9F1000FE6D033684FEA8908E2
S3150000808003EB890353F8043C4BB909F1FF39F1E7D7
S31500008090FFF744FE0028E8D06FF00F00D6E7494608
S315000080A02846FFF7F6FC04460028F5D13168264637
S315000080B02B68181F50F8042FA2182CBF4FF0010C84
S315000080C04FF0000C51F82640013612194CF100040D
S315000080D0B1450260EED14344002CB5D0EA8806F1E2
S315000080E00108B24208D841462846FFF7D2FC0028CC
S315000080F0D2D12B6803EB86031A68464612192CBFA9
S3150000810001240024003C18BF012443F8042BE3E7B4
S3150000811001237BE770B50C460546114620461A46F4
S31500008120FFF7F6FF064630B9043529462046FEF726
S315000081300EFA002801DA304670BD2A46214620464E
S31500008140FFF7DBFE0028F0D00646F4E74FF0FF33DA
S315000081505CE770B50C460646114620461A46FFF700
S31500008160F5FF054688B90436B4F90430002B0CDA5D
S3150000817000212046FFF735FB30B132462146204626
S31500008180FFF7C6FF0028EFD00546284670BDF7B5B5
S315000081900D4601230021083504462846CDE9001383
S315000081A01646FFF71EFB211D07462A466846FFF7BF
S315000081B0CDFF044648B9002F0CBF002206F001028D
S315000081C069462846FFF788FC04466846FFF743FCE5
S315000081D0204603B0F0BD2DE9F34104460F4615468F
S315000081E0CE8836B13B6803EB860353F8043C33B1C3
S315000081F03DB90021204602B0BDE8F041DBE5013E75
S31500008200EFE72046711CFFF744FC28B16FF00F081A
S31500008210404602B0BDE8F08139462046FFF77EFDB4
S3150000822080460028F2D1013D009533463A68E18840
S31500008230206810F07BFEEBE72DE9F047112104469C
S31500008240FFF727FC002840F0B58125682B682A6ACD
S31500008250D5F82C9099182CBF012300236A6AD5F80B
S315000082603080521843F10003914588BF013BA2EBD1
S31500008270090EF04588BF013BD5F834C0AEEB0806C1
S31500008280B44588BF013BAF6BA6EB0C018F4288BF9C
S31500008290013BC91B29602568DEB2002B696880F2A4
S315000082A08B815A4291424FF0FF3228BF0022194477
S315000082B06B6AD5F830905B18A96A42F10002C918BA
S315000082C02CBF4FF0010A4FF0000A5AFA82F2894594
S315000082D088BF013AD5F83480A1EB090EF04588BF76
S315000082E0013AD5F838C0AEEB0806B44588BF013A66
S315000082F0EF6BA6EB0C039F4288BF013ADB1B6B605A
S315000083002568D6B252B2002AA96880F25A81534231
S3150000831099424FF0FF3328BF00231144AA6AD5F8CB
S3150000832034E0521843F10001EB6AD5F838C09B18C7
S315000083302CBF4FF001084FF0000858FA81F19E4516
S3150000834088BF0139A3EB0E06B44588BF0139EF6B30
S31500008350A6EB0C02974288BF0139D21BAA6022689D
S31500008360CEB249B20029D56880F230814B429D4297
S315000083704FF0FF3328BF00230D44D16AD2F83CE00A
S315000083804D1943F100034919156B43F100036918B0
S3150000839043F100036D18516B43F1000349192CBFDB
S315000083A04FF001084FF0000858FA83F38E4588BF56
S315000083B0013BD2F820C0A1EB0E06B44588BF013BB5
S315000083C0576AA6EB0C05AF4288BF013BED1BD56093
S315000083D02168DEB25BB2002B0D6980F2FC805A4246
S315000083E095424FF0FF3228BF00221D440B6B4F6AA7
S315000083F05D1942F100025B194D6B42F10002EB1868
S3150000840042F10002ED188B6B42F100025B192CBFA2
S315000084104FF0010C4FF0000C5CFA82F29F4288BFCD
S31500008420013A8E6ADD1BAE4288BF013AAD1B0D6173
S315000084302568D3B252B2002A696980F2D1805342CC
S3150000844099424FF0FF3328BF002311446E6BEF6A49
S31500008450721843F10001AB6BB61841F10001EA6BEB
S315000084609E1941F100019B1941F10001D2182CBF60
S315000084704FF0010C4FF0000CAE6A5CFA81F19642A7
S3150000848088BF0139931B9F4288BF0139DB1B6B6193
S315000084902268CEB249B20029956980F2A6804B4285
S315000084A09D424FF0FF3328BF00230D44916BD66BDE
S315000084B04D1943F100034D1943F10003751943F1BA
S315000084C000037619556B43F10003891943F1000344
S315000084D06D182CBF4FF0010C4FF0000C176A5CFAB8
S315000084E083F3AF4288BF013B566AE91B8E4288BFC1
S315000084F0013B891B91612168DDB25BB2002BCA6921
S3150000850078DA5D42AA424FF0FF3528BF00251A44AB
S31500008510CB6BD1F828A09A1845F100059A1845F1B9
S3150000852000059B180A6A45F10005D2182CBF0123E5
S31500008530002353FA85F3924588BF013BD1F82C906E
S31500008540A2EB0A08C14588BF013BD1F830E0A8EB91
S31500008550090CE64588BF013B4F6BACEB0E06B742F4
S3150000856088BF013BF61BCE6122685BB223EAE3714A
S31500008570116200250822E188013291423FD8002B82
S3150000858018DA00222568A958C943A9500432242ABA
S31500008590F8D100222568A9580131A95021688D58C3
S315000085A015B90432242AF5D14FF6FF72A2800A6A61
S315000085B0D21A0A62BDE8F08789192CBF012200226F
S315000085C076E689192CBF01230023A7E6AD192CBF37
S315000085D001230023D1E6AD192CBF0122002205E7B5
S315000085E0C9182CBF0123002330E7AD192CBF012386
S315000085F000235BE752192CBF0125002588E7216877
S3150000860041F82250B7E72DE9F04F99B0CDE90312B2
S31500008610824600211046FFF7E4F80028C0F2F681F2
S3150000862005D16FF00B03184619B0BDE8F08F4FF077
S315000086300109DDE90301924BADF83090149315ABB7
S31500008640ADF83890CDF84090CDF848901393FDF7EB
S315000086504FFF013019D1BAF1000F06D050460399E9
S31500008660FFF75CFB002840F0B28100215046FFF77F
S31500008670B8F80028C0F2B98150460499FDF767FFA3
S31500008680002880F2B9810023CDE7002503990BA8C5
S315000086900B95ADF83250FFF741FB0B9E0446BDF833
S315000086A03270002840F09A810D90ADF83A00049996
S315000086B00DA8FFF733FB0D9B0546BDF83A800193E5
S315000086C0002840F09081039B0F90D9880FA80231B3
S315000086D0ADF83890ADF83090FFF7DBF9044628B1D5
S315000086E02C460F9B02936FF00F03A8E001460FA8DC
S315000086F0FFF761FB0F9B02930028F4D1039B1190B7
S31500008700D98811A80231FFF7C4F9119C0246002846
S31500008710E9D10DA8FFF79CF800F01F001F287AD0BA
S31500008720C0F11F0319460BA80593FFF796FB0B9E96
S31500008730BDF832700028D6D105990DA8FFF78DFB3C
S315000087400D9BBDF83A8001930028CCD1C1463D4629
S31500008750A7EB080B4FEA4B130793019B4FEA4B110C
S315000087600DA80D93ADF83A80FFF777FB0D9BBDF88A
S315000087703A8001930028B6D1029B03EB8B0B019B39
S315000087800DA90BA80B96ADF832700D93ADF83A8093
S31500008790FDF7DDFE002842DA09F1FF3307990DA83F
S315000087A00693FFF790F8019B09F1FF3203EB820372
S315000087B00793019A09F18043023B02EB830305F11B
S315000087C0FF3B05F180450893013D029BA5EB09059A
S315000087D003EB8505069B5B4554D3BAF1000F18D011
S315000087E005990BA80B96ADF83270FFF76CF8039B52
S315000087F00BA99B885046ADF83030FFF78FFA01463B
S3150000880000287FF470AF5046FEF7EBFF002800F01B
S31500008810DA80002313E0C1463D46059298E7DBF86F
S3150000882000300BA90133CBF8003008460DAAFFF73C
S315000088308DFC0B9E0346BDF8327000289FD00BA816
S3150000884003930B96ADF83270FFF705F9019B0DA85F
S315000088500D93ADF83A80FFF7FEF8029B0FA80F9331
S31500008860FFF7F9F811A81194FFF7F5F80C2115A8F0
S31500008870FFF7DCF8039B002B3FF4F7AED3E600BF0F
S3150000888001000300079B56F82B101A684FEA8B0964
S31500008890A9F104003318914209934AD200233058B3
S315000088A01BF0DCF8002914BF4FF0FF330346BBF181
S315000088B0010F2B600EBF0023B14459F8083C1593F5
S315000088C0099B1B68169306EB8B031B6817932B6893
S315000088D001332B602B680021013B2B6011A81194FA
S315000088E0FFF769FA119C00287FF4FDAE069B1BB3C7
S315000088F0089B1B682360079B11A91B6808466360D9
S315000089002A68FFF768FC119C00287FF4ECAE13A9D7
S3150000891011A8FDF71CFE0028DCDC019B2A680DA9C6
S3150000892011A80D93ADF83A80FFF755FC30B1119CB4
S31500008930D9E64FF0FF33BAE7069BDBE76FF0070394
S31500008940029A4FEAC50902FB039911A84946FFF7A7
S3150000895084FA119C00287FF4C6AE0BA9084611AA1A
S315000089600B96ADF83270FFF7F1FB0B9E0346BDF890
S31500008970327000287FF463AF01460BA8FEF731FF83
S3150000898000281CDA0DA911A8FFF7C8F90028CED1D6
S31500008990494611A8FFF761FA119C00287FF4A3AE9F
S315000089A00BA9084611AAFFF7B3FB0B9E0346BDF8B9
S315000089B0327000287FF443AF2B68013B2B600BF12C
S315000089C0FF3B043D06E70123AAF8043021E7002413
S315000089D0A046274626460294019484E62C46A846DD
S315000089E0029501957FE602947DE651465046049A2B
S315000089F0FFF78EFB03463EE751465046049AFFF7C3
S31500008A00A5FB034600283FF437AE0CE66FF00903DA
S31500008A1009E62DE9F04F99B001900D461046012167
S31500008A209146FEF7DEFE002840F304820123002271
S31500008A30294614A8CDE91023CDE91223CDE9082350
S31500008A40CDE91423CDE916230F930D930B930793CA
S31500008A5005930393FFF762F988B36FF00F0B14A821
S31500008A60FEF7F9FF16A8FEF7F6FFBBF1000F40F080
S31500008A70C581012112A8FEF7B4FE0446002840F085
S31500008A80C4814A46294610A8FFF7BDFD8346002843
S31500008A9040F0B5810E9010A90EA8FFF73FF90E9C85
S31500008AA028B9494608A8FFF739F900286AD00026F0
S31500008AB0B046B246354637466FF00F0B6CE1494675
S31500008AC016A8FFF72BF90028C7D114A8FDF7D6FF83
S31500008AD0064616A8FDF7D2FF044650B9014616A869
S31500008AE0FDF7F6FC28B9294612A8FFF717F98346C1
S31500008AF0B5E70123ADF85C30ADF85430002114A879
S31500008B00FEF76FFE80B9A642314616A828BF214659
S31500008B10FFF7A3F90028A0D116A912A8FFF7FEF8BF
S31500008B20834600289BD098E714A8FDF7A7FF0146C7
S31500008B3014A8FEF7C8FE16A8FDF7A0FF014616A862
S31500008B40FEF7C1FE16A914A8FDF701FD00280DDBEE
S31500008B5014A9084616AAFFF7D0F9834600287FF421
S31500008B607EAF012114A8FEF7AEFEC7E716A9084698
S31500008B7014AAFFF7C2F9834600287FF470AF0121DB
S31500008B8016A8F0E7494606A8CDF818B0FFF7C6F8CC
S31500008B90DDF818A0002840F0418101210CA8CDF88D
S31500008BA030B0FFF708F90C9E002840F03A8159468C
S31500008BB00AA8CDF828B0FFF7FEF8DDF828800028CF
S31500008BC040F03381594604A8CDF810B0FFF7F3F80A
S31500008BD0049D002840F02C81012102A8CDF808B0A0
S31500008BE0FFF7E9F8029F00287FF466AF2368D807ED
S31500008BF052D5DAF80030DB077CD506A90EA80E940C
S31500008C00CDF818A0FDF7A3FC0028C0F29E800EA99F
S31500008C10084606AAFFF79AFA0E9C8346002840F0FB
S31500008C20BB800CA9084604AA0C960495FFF78EFA99
S31500008C300C9E8346002840F0AF800AA9084602AA87
S31500008C40CDF828800297FFF781FADDF82880834661
S31500008C50002840F0A18000210EA80E94FEF7C1FD69
S31500008C600028C3D1002104A80495FEF7BAFD002808
S31500008C70C0F28880494604A80495FDF768FC0028E0
S31500008C8080F2B180019804A9FFF748F8B0F1000B13
S31500008C9018BF6FF00F0B7FE001210EA80E94FEF7B0
S31500008CA012FE3368DA0703D4D8F80030DB0715D58F
S31500008CB00CA9084608AA0C96FFF72AFA0C9E8346CA
S31500008CC0002869D10AA9084610AACDF82880FFF71E
S31500008CD03DFADDF82880834600285DD101210CA8E5
S31500008CE00C96FEF7F0FD01210AA8CDF82880FEF7C4
S31500008CF0EAFD7BE7012106A8CDF818A0FEF7E3FD03
S31500008D002B68D90702D43B68DA0713D504A90846AD
S31500008D1008AA0495FFF7FCF9049D834600283BD179
S31500008D2002A9084610AA0297FFF710FA029F834687
S31500008D30002831D1012104A80495FEF7C4FD0121C4
S31500008D4002A80297FEF7BFFD53E706A908460EAA3A
S31500008D50FFF7FCF9DDF818A08346E8B904A9084630
S31500008D600CAA04950C96FFF7F1F9049D834698B971
S31500008D7002A908460AAA0297CDF82880FFF7E6F965
S31500008D80029F64E704A94A460846FFF7C1F9049D15
S31500008D90834600283FF466AF10A8FEF75CFE0EA8D7
S31500008DA00E94FEF758FE0CA80C96FEF754FE0AA881
S31500008DB0CDF82880FEF74FFE12A8FEF74CFE08A855
S31500008DC0FEF749FE06A8CDF818A0FEF744FE04A853
S31500008DD00495FEF740FE02A80297FEF73CFE5846B1
S31500008DE019B0BDE8F08F04A94A460846FFF7AEF968
S31500008DF0049D834600283FF43DAFCDE70024264678
S31500008E00A046A24625462746C6E75C465E46D846A5
S31500008E10DA465D465F466FF00D0BBDE75E46D84607
S31500008E2048E6D8465D465F4646E65D465F4643E60B
S31500008E305F4641E66FF0030BD1E72DE9F04F16468A
S31500008E401D46002201238BB0B14281460C46CDE976
S31500008E500623CDE908231ED106A8FEF75FFFC8B199
S31500008E606FF00F03029308A8FEF7F5FD06A8FEF7BC
S31500008E70F2FD029B002B40F0B080D9F84850002D3F
S31500008E8070D12146204609F104020BB0BDE8F04F2F
S31500008E90FFF7B9BB06AEAC4206D1214608A8FEF7DD
S31500008EA03DFF0028DCD108ADB6F80680B8F1000F0A
S31500008EB036D1B8FA88F3EF885B09002F3AD1002F34
S31500008EC008BF43F0010308EB070A51462046049306
S31500008ED0FEF7DFFD01460028C2D12046FEF76BFFF4
S31500008EE002900028BCD132682368014603921846D6
S31500008EF04FEA8A02D5F800B01AF0D2FFABF1040AA5
S31500008F00834600EB870708F10101BB451BD1049B93
S31500008F1033BBB388AA8813FB02F39BB2A380A2E7F4
S31500008F20336803EB880353F8043C002BC1D108F1E6
S31500008F30FF38BBE72A6802EB870252F8042C002AA6
S31500008F40BDD1013FB9E75AF8043F58460093039A4A
S31500008F50434605910BF1040B0FF0E8FF0599D4E7A2
S31500008F600123DBE7B4F90430002B04DA204602992A
S31500008F70FEF737FCA0BB2046FEF76AFCD9F83C306A
S31500008F80B0EB430F2CD82046A847054680B909F117
S31500008F900406B4F90430002B04DA00212046FEF75B
S31500008FA020FC48B931462046FDF7D1FA00280CDAF4
S31500008FB028460BB0BDE8F08F324621462046FFF723
S31500008FC0A7F80028E5D00546F2E7324621462046B6
S31500008FD0FEF793FF0028E5D0F5E76FF00F05E7E70A
S31500008FE0004DE5E780B0FFFF2DE9F74301F11006DC
S31500008FF00546894630460021FEF7F3FB0446A0B33A
S3150000900000230127314668462A1DCDE90037FFF7C0
S3150000901000FD044630BB09F108086B46424641464E
S315000090202846FFF70AFF0446E0B96B466A466946DA
S315000090302846FFF702FF0446A0B96B464A46494652
S315000090402846FFF7FAFE044660B96B46424641469B
S315000090502846FFF7F2FE044620B939463046FEF7A9
S31500009060AAFE04466846FEF7F6FC204603B0BDE8B5
S31500009070F0832DE9F84F1E4603F10805C368044640
S315000090808A469046002B40F0A58002F110031A464E
S315000090902946FFF7D2FE002840F09A8006F1100715
S315000090A02B46424639462046FFF734F8002840F062
S315000090B08F8006F118092B46424649462046FFF79F
S315000090C048F8002840F084804B463A462946204618
S315000090D0FFF7B3FE00287BD1032229463046FFF76F
S315000090E07AF8002872D131462046FEF77CFF002828
S315000090F06ED108F1080B06F110075B465A46394651
S315000091002046FFF79AFE002862D1394620460FF026
S315000091101DFA00285CD13B46424629462046FFF709
S315000091208CFE002854D1294620460FF00FFA00285D
S315000091304ED106F118093B463A4649462046FFF706
S315000091407CFE002844D1494620460FF0FFF900284E
S315000091503ED13346324639462046FFF76EFEB8BB4F
S315000091602B463A4639462046FEF7F3FF80BB2B4690
S315000091703A4639462046FEF7ECFF48BB3B462A46B0
S3150000918029462046FEF7E5FF10BB33462A46294608
S315000091902046FFF752FED8B94B462A4629462046B6
S315000091A0FEF7D7FFA0B95A464946204608F11003F4
S315000091B0FFF743FE60B9494620460FF0C7F938B9B4
S315000091C039465046FEF7AAFD002841D06FF00F0041
S315000091D0BDE8F88F13462946FFF72FFE0028F7D182
S315000091E0032229463046FEF7F6FF0028EED1314627
S315000091F02046FEF7F8FE0028EAD104F10C070146E6
S315000092003846FEF7EEFA00283FF473AF08F1100374
S315000092101A4629462046FFF710FE0028D8D106F147
S3150000922010092B462A4649462046FFF706FE002827
S31500009230CED13B464A4629462046FFF7FEFD00288A
S31500009240C6D12B46324631462046FEF763FF4EE72F
S3150000925029460AF10800FEF761FD0028B6D1494605
S315000092600AF11000BDE8F84FFEF758BD2DE9F14FA1
S315000092709A461B6904460E4691460A9D002B00F04D
S31500009280D38002F1100700213846FEF7AAFA30B95A
S315000092905146304601B0BDE8F04FFEF775BD0AF104
S315000092A0100800214046FEF79CFA08B94946F0E747
S315000092B001214046FEF795FA002840F0B5803B466E
S315000092C03A4629462046FFF7B8FD002840F0AD8013
S315000092D005F108083B462A4641462046FFF7ADFD04
S315000092E0002840F0A28053462A4629462046FFF72A
S315000092F0A4FD002840F099804246414620460AF1E6
S315000093000803FFF79AFD002840F08F804B462A4657
S3150000931029462046FEF71DFF002840F0868009F109
S31500009320080B5B46424641462046FEF712FF0028E0
S315000093307BD100212846FEF754FA014688B94046FB
S31500009340FEF74FFA38B92B464A463146204601B059
S31500009350BDE8F04F8DE6304601B0BDE8F04FFEF7B0
S315000093603EBD2B463A46204606F11001FFF765FD45
S3150000937000285AD105F110072B462A4639462046C1
S31500009380FFF75BFD002850D105F1180A2B463A4637
S3150000939051462046FFF751FD002846D14B463A4636
S315000093A039462046FFF749FD00283ED13946284672
S315000093B0FEF7B4FCE0BB294620460FF0C7F8A0BB79
S315000093C04346424631462046FFF737FD68BB2B46EB
S315000093D0324631462046FEF7BCFE30BB5346324687
S315000093E031462046FEF7B5FEF8B933463A463946C9
S315000093F02046FEF7AEFEC0B943463A4639462046F9
S31500009400FFF71BFD88B95B46524651462046FFF7DB
S3150000941014FD50B953463A46204606F1080101B0FC
S31500009420BDE8F04FFEF795BE034801B0BDE8F08FEA
S315000094306FF00F00F9E700BF80B0FFFF2DE9F043A2
S315000094400E460546012189B006F11000FEF7C9F95E
S315000094500446002840F0E2802846FEF74FFA02282C
S31500009460804660D13046FEF7F3F92B6C07300733A0
S31500009470C008B0EBD30F00F2D18021463046FEF78C
S31500009480B0F90028C0F2CA800123314604A82F781B
S3150000949004940593FEF742FC002841D10435294681
S315000094A004A8FDF754F8002807DA012104A8FEF7FE
S315000094B098F9002810DC5B4C07E004A92A46084608
S315000094C0FEF744FE04460028E9D004A8FEF7C3FAD6
S315000094D0204609B0BDE8F083092F0BD1524904A8F4
S315000094E0FDF735F80028E6D0504904A8FDF72FF817
S315000094F00028E0D0012302934FF0011304A907933B
S31500009500084602AB06AA0693FEF702FE04460028AA
S31500009510DBD1294604A8FDF71AF80028D5D1CAE7F9
S315000095206FF00F04D1E701287AD121463046FEF7C5
S3150000953058F9002872DB06F1080921464846FEF76D
S3150000954050F900286ADB2F1D39463046FCF7FFFF2D
S31500009550002863DA39464846FCF7F9FF00285DDA49
S315000095604B464A46284602A9CDE90248CDE90448B9
S31500009570FFF763FC044600284CD1334632462846A2
S3150000958004A9FFF75AFC0446002843D1EB68002BD8
S3150000959036D1032301934FF0011304A9079308461C
S315000095A001AB06AA0693FEF7D1FD044690BBBDF9B2
S315000095B01430002B04DA002104A8FEF712F9C8B90A
S315000095C004AA334611462846FFF737FC044608BB73
S315000095D004AA1146284605F11403FEF79BFD04462E
S315000095E0C0B904A902A8FCF7B2FF0E4B041E18BFAF
S315000095F01C460FE004A93A460846FEF789FDD4E763
S3150000960004AA1146284605F10C03FEF783FD04461D
S315000096100028D5D002A8FEF71EFA56E7014C57E7F8
S31500009620034C55E780B3FFFFC8630200D063020016
S3150000963080B0FFFF70B5044658B3436C012B11D0C0
S315000096400C30FEF708FA04F11400FEF704FA04F1F0
S315000096501C00FEF71BFA04F13400FEF7FCF9201D8E
S31500009660FEF7F9F9A36D8BB92046BDE8704060217D
S31500009670FEF7DCB906FB0500FEF708FA0135D4E96A
S315000096801603AB42F6D81CF067FAEDE7002518265C
S31500009690F5E770BD10B5044658B1FFF7CBFF04F1EE
S315000096A06000FEF7D8F904F16800BDE81040FEF747
S315000096B0EDB910BDF0B504460E4685B0FFF7BAFF0A
S315000096C02046FEF72DF9032E267005D0092E30D040
S315000096D000233F4D237029E03E4B3F4AA3643F4B96
S315000096E0A260A261A2632262A26203F180026262A8
S315000096F04FF0011203F12001616103F14001636043
S31500009700616303F16001A033E362E1612263201D1E
S31500009710FEF79EF8E06304F13400FEF799F80123A2
S3150000972063640023C4E9163320640025284605B087
S31500009730F0BD2B4B2B49A36404F10C00FEF73BFB59
S3150000974000283FD1271D01213846FEF734FB0028AB
S3150000975038D1FF213846FEF780FB98BB13230193CF
S315000097604FF0011339460393384601AB02AA029320
S31500009770FEF7ECFC054638BB3846FEF769F804F1FF
S315000097803407E063102238461749FEF796FA054675
S31500009790D0B90122FC213846FEF736FB90B9314696
S315000097A004F11C00FEF707FB60B9012104F12C004F
S315000097B0FEF701FB30B904F12400FEF74CF9FE2355
S315000097C02364B2E76FF00F052046FFF733FFADE7DE
S315000097D080B1FFFF3982000001000800D863020053
S315000097E0A36A000042DB01007C640200434213F0DE
S315000097F07F0320D0584210F15F0F80F2C98010F12C
S315000098006C0F48DA10F1700F00F0F28010F16F0F54
S3150000981080F2B68010F5645F00F08E8000F3A580BC
S3150000982010F5685F6DD000F39D8010F56C5F1DD05C
S3150000983010F56A5F64E010F56E5F00F0D680DADC42
S3150000984010F59C4F78D05FDC10F5C44F00F0C48053
S3150000985034DC10F5C74F00F0C280C0F2CF8010F59F
S31500009860C64F69D010F5C54F40F0C8806FF086002E
S315000098707047012300F10E02934040F21752134243
S31500009880F4D100283FD010F1080F14BF6FF0830009
S315000098906FF089007047012300F16C02934041F29A
S315000098A050521342E2D1DB0700F1A58010F16A0F96
S315000098B014BF6FF083006FF08C00704710F5A24F55
S315000098C0D4D010DC10F5C14F1BD005DC10F5C34F0A
S315000098D006D010F5C24FC7E710F5A34F40F08E80B3
S315000098E06FF08C00704710F59E4F00F0848005DC09
S315000098F010F5A14F05D010F59F4FB5E710F59D4F18
S315000099007CD16FF08500704710F5785F6AD01BDC5C
S3150000991010F5994FAAD008DC10F59B4FE0D010F552
S315000099209A4F6BD16FF09300704710F57E5FD7D0DA
S3150000993005DC10F5984F61D16FF09400704720F068
S31500009940800010F57C5F8FE710F5705F4DD055DC19
S3150000995010F5725FD5D051DC10F5765F86D010F524
S31500009960745F81E710F5665FCAE710F5625F42D063
S3150000997010F1720F14BF6FF083006FF0850070470F
S3150000998010F16E0F14BF6FF083006FF096007047F2
S31500009990002833DC10F10E0FBFF66BAF10F13B0F52
S315000099A00ADA10F13D0FBDDA10F1400F14BF6FF067
S315000099B083006FF09300704710F1100F90D010F1F4
S315000099C00F0FB9D010F1210F3FF450AF10F1200F57
S315000099D097D010F1220FCDE76FF0950070476FF02A
S315000099E0960070476FF0910070476FF084007047E3
S315000099F06FF0920070476FF0890070476FF0830038
S31500009A00704741F2052398421AD8B0F5905F09D203
S31500009A1041F2010398420CD0B0F5885F09D06FF08F
S31500009A20850070472923A0F5905080B2C340DB071C
S31500009A30F5D511F0070F14BF6FF0860000207047B0
S31500009A40B0F5105FEBD121F04003802B06D0B1F5C5
S31500009A50807F14BF6FF0860000207047002070479B
S31500009A6070B5046A05460E463CB901200CF0B2FDFD
S31500009A70286228B120466E6270BD6FF08A00FBE74F
S31500009A806FF08C00F8E738B50446006A10B1616AD9
S31500009A90FDF7D6FF237E012B0FD0023B012B0FD8FB
S31500009AA0E369012B14BF6FF09605002528220021DB
S31500009AB020461AF0F5F9284638BDE369002BF1E790
S31500009AC06FF09605F2E713B50C4B0C4693F8ED20B4
S31500009AD0022A10D193F8EC30072B0CD1002301AAEF
S31500009AE001930EF0D6FA20B9019BA34218BF6FF07E
S31500009AF0930002B010BD6FF08800FAE7C80A002094
S31500009B00002303604360704708B5134991F8ED30B0
S31500009B1091F8EC20022B01D1072A1BD0D0075CBF9D
S31500009B2042F0010281F8EC2090075FBF012042F06D
S31500009B30020281F8E80181F8EC202BB90748FFF70B
S31500009B40DFFF022381F8ED3053075CBF42F00402C9
S31500009B5081F8EC20002008BDC80A0020B80B0020C0
S31500009B602DE9F04F00F1780BB9B00546039100F1ED
S31500009B70680600215846CDE90523FDF732FE20B3DD
S31500009B80281DFDF765FEC41D2846FDF7B7FE022811
S31500009B904FEAD40400F031835D4A2846FDF7AEFE55
S31500009BA00128074640F02F8300215846FDF719FE8D
S31500009BB0002840F04183059B002B00F02383039B84
S31500009BC01870069B1F6000221DE305F1600319460D
S31500009BD028460493FDF7BEFE044600283CD105F155
S31500009BE01C0A51462846FFF729FC0446A0BB284616
S31500009BF0FDF784FE022840F0698101220321CDE9A8
S31500009C001024CDE91224CDE909420F94149217AB22
S31500009C10013903F1080323F8042C23F8024C43F816
S31500009C20084CF5D2514609A8FEF778F8F0B16FF066
S31500009C300F040FA8FDF71DFF09A8FDF70CFF00276D
S31500009C400DF15C0808EB07000837FDF704FF202F2D
S31500009C50F8D1002C00F03B812046FFF7C7FD0446F3
S31500009C6000288DD0204639B0BDE8F08F51460FA8A8
S31500009C70FEF78AF80028DAD101213046FEF79BF874
S31500009C8001460028D3D15846FEF795F80028CED1D4
S31500009C9005F17000FDF7DFFE05F1040949460FA83E
S31500009CA0FCF755FC002829DA28460FA911F07CFCA0
S31500009CB004460028BDD1D5F84080B8F1FF3F29D130
S31500009CC03146284611F070FC04460028B1D14A46B8
S31500009CD059465846FEF79DFE04460028A9D15B4624
S31500009CE0324631462846FFF7A8F804460028A0D198
S31500009CF001215846FEF75FF804469AE70FA94A463F
S31500009D000846FEF7FAF804460028C7D091E700BFD8
S31500009D1080B1FFFF41460498FCF7DAFBC7B23A462A
S31500009D2030460FA9FDF722FF002880D13A46584653
S31500009D3013A9FDF71BFF00287FF479AF5B46324677
S31500009D40284617A9FEF7E6F9044600287FF471AF06
S31500009D505B463246284619A9FEF7FBF90446002859
S31500009D607FF467AF284613AB0FAA1BA9FEF7D2F9FB
S31500009D70044600287FF45DAF284613AB0FAA1DA941
S31500009D80FEF7E7F9044600287FF453AF1DAA1146F3
S31500009D90284617ABFFF751F8044600287FF449AF71
S31500009DA01BAA1146284619ABFFF747F804460028B8
S31500009DB07FF43FAF17AB1A4619462846FFF73DF822
S31500009DC0044600287FF435AF19AB1A4619462846D3
S31500009DD0FFF733F8044600287FF42BAF31462846B8
S31500009DE019AB17AAFFF729F8044600287FF421AF1C
S31500009DF017AA1146284619ABFEF7ABF90446002808
S31500009E007FF417AF5946284617AB05F10C02FFF74A
S31500009E1014F8044600287FF40CAF5B4659462846E2
S31500009E2019AAFEF777F9044600287FF402AF284600
S31500009E301BAB1DAA0FA9FEF76DF9044600287FF497
S31500009E40F8AE0FAB1A4619462846FEF7F6FF04464B
S31500009E5000287FF4EEAE28461BAB1DAA13A9FEF719
S31500009E6078F9044600287FF4E4AE13AB1A46194687
S31500009E702846FEF7E2FF044600287FF4DAAE13AB6D
S31500009E801946284609AAFEF7D8FF044600287FF49B
S31500009E90D0AE5B465946284617AAFEF7CEFF0446C3
S31500009EA000287FF4C6AE3A4630460FA9FDF75EFE9F
S31500009EB000287FF4BCAE3A46584613A9FDF756FE75
S31500009EC008F1FF3800283FF4F8AEB0E6B94C284652
S31500009ED0FDF714FD012807907FF4BEAE2B6C182108
S31500009EE0013302204FEA53080CF074FB07460028A2
S31500009EF000F0818100F11809FDF709FD4846FDF7DC
S31500009F0006FD04230022029317AB0799083323F8B2
S31500009F10041C029923F8022C0139029143F8082CFB
S31500009F20F3D151463846FDF72FFF002878D06FF061
S31500009F300F044FF0000A0DF15C0909EB0A000AF163
S31500009F40080AFDF788FDBAF1200FF6D174B901238E
S31500009F5005F1340A21465046CDE90F4309940A9388
S31500009F60FCF7B6FA01285ED0A4F59F44AB6D9F427C
S31500009F700AD04FB13846FDF789FD07F11800FDF705
S31500009F8085FD38461BF0E8FD002C3FF465AE3046F3
S31500009F90FDF77CFD60E6BAFBF8F3012202FA03F155
S31500009FA0182208FB13A3C9B202FB017473B322463D
S31500009FB02146284617ABFFF75CF804460028B8D1BF
S31500009FC00AF1010AD045E6D149462846FFF70CF8C2
S31500009FD004460028ADD117AB00933A464B46494696
S31500009FE02846FFF743F904460028A2D149462846E9
S31500009FF0FEF7FAFF044600289BD107F11000FDF793
S3150000A0002AFD07F12800FDF726FD92E718234908E7
S3150000A010204603FB0171FDF7B7FE0028C7D086E78F
S3150000A020DDF808A0CEE721460498FCF751FA80F047
S3150000A0300100C3B2049909A80793FDF76FFE002833
S3150000A0405ED06FF00F040FA8FDF705FD09A8FDF718
S3150000A05002FD002C8AD101224FF00409CDE90A2421
S3150000A060CDE90C2409940E920FABB9F1010903F165
S3150000A070080323F8042C23F8024C43F8084CF4D1C7
S3150000A08008F1E0036B443A463146284613F8843C0F
S3150000A0900EF01EFA044658B93146284611F040FA29
S3150000A0A0044628B90DF13C0AB8F1000F40F084804F
S3150000A0B009A8FDF7DEFC0DF13C0808EB090009F1E3
S3150000A0C00809FDF7C8FCB9F1200FF6D1002C7FF482
S3150000A0D04DAF31462846079AFEF759F80446002840
S3150000A0E07FF444AF3146284611F01AFA0446002898
S3150000A0F07FF43CAF31462846FEF776FF044635E747
S3150000A1005146049A0FA8FEF721F8044600289AD172
S3150000A110079A0FA909A8FDF7DFFC0446002890D18D
S3150000A120014608F10102484619F0BAFE4B4604936F
S3150000A130029B984539D0194609A8FCF7C9F9049B32
S3150000A14093F800A0029B4AEA000A08EB030109A85B
S3150000A150FCF7BEF9029A049B5FFA8AFA4AEA400AB9
S3150000A160013203F801AB0292E1E799F8010099F890
S3150000A17000A080EA0201CB4303F0010E43F3000383
S3150000A1800AEA0303104001EA0302594009F8011FD5
S3150000A19019F8013C024343EACE1309F8013C0CF1DD
S3150000A1A0010C029B6345E0D24DE700224FF0010C03
S3150000A1B0F7E700BF80B0FFFF5346324631462846D8
S3150000A1C008F1FF38FEF755FF98B917AB3A4628460F
S3150000A1D013F8083009A90EF07BF950B9324631461A
S3150000A1E02846CDF800A009ABFFF740F800283FF459
S3150000A1F05BAF04465CE71F4CB8E6069B1C60059BFC
S3150000A200A3420DD21C4A1046FFF7F0FA0446002876
S3150000A2103FF428AD0021059A039819F041FE21E587
S3150000A220224630460399FDF775FA024600283FF4A8
S3150000A230B4AC6FF00702E6E7069A630001331360D9
S3150000A240059A9A42DED3042303992246304601F842
S3150000A250013BFDF792FA0028EBD1039B611C2246D5
S3150000A260194405F17000FDF788FA00283FF4ABACFD
S3150000A270DFE700BF80B2FFFF00B1FFFF10B5036844
S3150000A28004463BB1064A934207D1702200210430AE
S3150000A29019F006FE0020206010BD6FF08800FBE775
S3150000A2A009000002F8B51F4B064693F8E8210F4651
S3150000A2B0A2B30024F83322461D46197EE1B13CB90B
S3150000A2C0022905D1D96919B91979002918BF1C467F
S3150000A2D00132062A03F12803EFD114B96FF08C007E
S3150000A2E008E02046FCF7DCF92046FFF7CCFB20B15E
S3150000A2F06FF0960000240FE01C46237E002BF7D15A
S3150000A300012323763EB1651BED1003F1CC335D438B
S3150000A31005F18045356000203C60F8BD6FF088008F
S3150000A320E8E700BFC80A00202DE9F04F89B0029384
S3150000A33000230E4602998146154606930B60002AB5
S3150000A34000F012810EF054FB034638BB99F80470F6
S3150000A35007B907A806A9FFF7A5FF8046E8B9069C36
S3150000A360CE46A446BEE80F00ACE80F009EE8030008
S3150000A3708CE803000FB9079B6361636AB3B1D4E944
S3150000A38008AB6388059363681B0A1ED0784A93421C
S3150000A39000F0BB806FF0860300E00346069818B114
S3150000A3A00293FFF770FB029B9846D9E0D9F8043078
S3150000A3B01B0A02D06E4A9342ECD129462046FFF78B
S3150000A3C04FFB03460028DAD0E8E7238803F44F431F
S3150000A3D0B3F5824F19D0208800F4E043B3F5805FCF
S3150000A3E025D1059959B3FFF70CFB03460028D5D1B3
S3150000A3F00731B5EBD10FCDD1AB4511D32A46314646
S3150000A400504619F0B1FE656252E005AB2A46314668
S3150000A41020460BF087FE034628B9AB4580F08680C0
S3150000A4206FF08903BAE710F1860FD4D0B6E7B3F51B
S3150000A430005FD6D0430405D46FF08503AEE7E9008C
S3150000A4400591D0E74B4F00EA0703B3F5824FF3D1EE
S3150000A4500023079307AB6188324600932B460DF025
S3150000A46091FE079D0346C0B923882A6C1F40B7F5A5
S3150000A470824F03D1D9B2412908BF013203F4E04328
S3150000A480B3F5804F04F12401059236D10B465A46A6
S3150000A49051462846FFF764FB034628460393FFF719
S3150000A4A0F9F828461BF058FB039B002B7FF476AF88
S3150000A4B06288059B002A44D163804FF6F872934266
S3150000A4C0BAD8B9F800301BB122889A427FF462AF3D
S3150000A4D0B9F802301BB162889A427FF45BAF2379E8
S3150000A4E09BBB6369029A1360237E012B36D000233F
S3150000A4F0029A13606FF0960350E75B465246284671
S3150000A500FDF768FAFFF772F9C6E7238803F44F43AD
S3150000A510B3F5824F90D105AB2A46314620460BF063
S3150000A52001FE034600283FF478AF37E72A46314656
S3150000A530504619F019FE5146059A20880EF0A8FAE1
S3150000A54061E79A427FF426AFB7E72046D4E90812BE
S3150000A55004F04DF803460028C3D01FE702232376F4
S3150000A560404609B0BDE8F08F6FF08608F8E700BFF7
S3150000A5700200800000CFFFFF00222DE9F0479C4B30
S3150000A5808EB00A60884693F8E8110546002900F067
S3150000A590D88000F14040052836D82822424303F1EE
S3150000A5A0F8011344114493F81021022A04D1D3F878
S3150000A5B00C319D4200F0108141460020FFF772FEEB
S3150000A5C00446002840F010810127D8F80030002109
S3150000A5D05D61D8F8003005465F60D8F800900AAA99
S3150000A5E0D9F8146030460CF003FB0446F0B9DDF8E8
S3150000A5F028A0384651460BF0EDFF074650BB2646CD
S3150000A60025466FF08C0412E0002D40F39D80F83350
S3150000A6101946187E022803D15869854200F0D98070
S3150000A6200132062A03F12803F3D1C5E72E46304648
S3150000A6302946FDF705FAD8F80000002C6ED0FFF782
S3150000A64022FA14F18C0F08BF6FF087040023C8F8B4
S3150000A6500030C9E03046002108AA0CF0C9FA0446C9
S3150000A660002839D1BAF1000F08D0B7F1005F2ED318
S3150000A670CAF1005303F580339F4228D800251022E3
S3150000A68000210AA819F00CFC07AB029305AB019355
S3150000A69006AB00932A46304629460AABCDE9055556
S3150000A6A00CF064F90446A8B9059C5646A24528BF95
S3150000A6B026463A46069B07994E48009609F060FEE4
S3150000A6C00546002846D06FF09104B24504D0002517
S3150000A6D02E461AE02E46F8E700252E465146384605
S3150000A6E0FDF7AEF9002CA2D129464846FFF7B8F986
S3150000A6F0044600289BD12A463146D9F8200019F095
S3150000A70033FD94E72E464BE026466FF09804E5E7C6
S3150000A7106FF08C04E2E76FF09104DFE70830FCF796
S3150000A7203CFDD8F800301A7E012A04BF02221A76B0
S3150000A730D8F80000FBF7B4FF002854D06FF0960459
S3150000A74084E76FF088044FE06FF087044CE06FF009
S3150000A750960449E0A245BAD8BAF1230FB8D908221F
S3150000A760384625491AF045FD04460028B0D1BB6895
S3150000A770002BC9D13D6AAAF124039D42C4D8B5F580
S3150000A780005FC1D2002DBDD0294601200BF022FF6B
S3150000A79006460028BCD02A4607F1240119F0E4FC3D
S3150000A7A0FB68C9F804303B8AA9F800307B8AA9F80F
S3150000A7B002307B69C9F80830BB69C9F80C30FB69FF
S3150000A7C0C9F81030002EA6D0002D08BF6FF09104F6
S3150000A7D084E7282303FB02110846FBF761FF0028E4
S3150000A7E0B5D1C8F80010002420460EB0BDE8F087A9
S3150000A7F0C80A0020D80A00208C6402002DE9F8431C
S3150000A800884617461E46FFF7B7FE044620BBD8F813
S3150000A8100050B5F8009009F4E043B3F5804FAB68FB
S3150000A82008BF27F0010737EA03030DD1A6B1324668
S3150000A8304846E968FBF702FF074668B932464846CC
S3150000A8402969FBF7FBFE50B900232846C8F80030FB
S3150000A85003F092FE6FF084042046BDE8F8833C4680
S3150000A860FAE737B50446C0B101A9FFF785FE0446ED
S3150000A87098B9019D2B7E022B12D103232B762B79BF
S3150000A880FF2B10D01BB1686903F096FE04462846DC
S3150000A89003F072FE002818BF0446204603B030BD00
S3150000A8A06FF09604F3E76FF08404F0E710B5437891
S3150000A8B00446012B03D1BDE810404068D1E7037878
S3150000A8C0012B02D108300BF0D9F90023237010BDFB
S3150000A8D010B5044630B13830FFF7E8FF682120464E
S3150000A8E0FDF7A4F82046BDE810401BF035B970B559
S3150000A8F0044688B038300E461546FFF7D7FF0122CA
S3150000A900224B84F8382093F8EC3013EA020129D060
S3150000A910002184F8392003A8142219F0C1FA4FF453
S3150000A92010534FF6F872ADF808304FF6FF739542A4
S3150000A93098BF2B46ADF80A30154B01A805934FF486
S3150000A94080730193FCF729FC019BEA1D04933146B1
S3150000A95004F13C03D20802A8FFF7E6FC78B1FBF746
S3150000A9603EFE0BE084F8391040342422204619F0CC
S3150000A97097FA2A46314620460BF085F910B9002091
S3150000A98008B070BD6FF00C00FAE700BFC80A0020DF
S3150000A9900044400438B5044640B390F84430012BD7
S3150000A9A011D1C56B4DB12B7A012B02D16868FFF727
S3150000A9B058FF0C212846FDF743F82046BDE83840ED
S3150000A9C04821FDF733B8006C10B15C21FDF738F86B
S3150000A9D0E06B0028F1D02368DA79054B02F07C029F
S3150000A9E01344D3F8F4309B699847E6E738BD00BFB7
S3150000A9F0A06302002DE9F04F43780D46012B174660
S3150000AA00ABB040F0EE820023DFF8FCA20A934FF4CD
S3150000AA108072534640680AA9FFF7F0FEDDF82890D9
S3150000AA20064660B9D9E90842D9F804305FEA132826
S3150000AA3013D0AE4B984500F0C6826FF086064846A6
S3150000AA4003F09AFD1EB9002800F0D782064630466C
S3150000AA502BB0BDE8F04FFBF7C2BD09AB0493102342
S3150000AA602146CDE902734846CDE900850CAB0EF0D0
S3150000AA7068FC10F1860F0646E1D15022414616A821
S3150000AA8019F00EFAB9F8003050460693CDF858A0E2
S3150000AA90069910AB0BAAB9F802B08DF840800EF0FB
S3150000AAA02DFA48B99DF840009DF82CC09049D1F880
S3150000AAB004A0BAF1000F07D1169B03F0FE43B3F1D1
S3150000AAC0806F00F0C380BAE79AF80720894B02F03E
S3150000AAD07C021A44D2F8F420127882420CD19AF8F9
S3150000AAE0052002F00F0E4FEA8E13BBEB8E1F079365
S3150000AAF002D1BCEB121F01D00831D8E74822002151
S3150000AB0018A819F0CDF99AF807207A4B02F07C02C2
S3150000AB101A44D2F8F4205269FAB99DF8A420CDF867
S3150000AB2060A0012A40F0D380279E162200210DF155
S3150000AB30420019F0B5F9327A002A40F0D5809AF829
S3150000AB400630102B00F286800D2B00F28580023B2A
S3150000AB50052B40F28180684804E090472790002842
S3150000AB60DBD16648FEF742FE06460028A4D1169BB6
S3150000AB7003F0FF43B3F1906F09D0219B9DF85D2050
S3150000AB801033B3FBF2F35343102B00F21382189BDE
S3150000AB90002B00F07F819DF8A420012A00F07F8120
S3150000ABA01C7914F01F0400F06C815A7902F0F0024F
S3150000ABB0102A40F0C080102C40F06581DA794D4BA8
S3150000ABC002F07C021344D3F8F4302A465E689DF9FD
S3150000ABD068103B462798B047FEF708FE102C06463D
S3150000ABE000F2EB8100287FF467AF07B12744219A72
S3150000ABF010AD32B1169B424923F480638B4200F0BC
S3150000AC00C9811898002840F054813E48FEF7EEFDB1
S3150000AC10064650B90B9A42B1C4F110039342C0F0F4
S3150000AC20BC812946384619F09FFA10212846FCF7C0
S3150000AC30FDFE002E7FF440AF0B9B23440993169B29
S3150000AC4003F0FE43B3F1806F40F0BA8118A8FFF716
S3150000AC50A1FEF4E6263B7BE74FF41053ADF84030F7
S3150000AC604FF440730BA80B93FCF797FA0B9B214606
S3150000AC701293334653F8042B10A81392079AD2085E
S3150000AC80FFF752FB10F1860F3FF465AF28B18D3008
S3150000AC903FF467AF6FF06F0064E701233372CDF8BE
S3150000ACA064B08DF86830069B002003F4E043B3F5EA
S3150000ACB0005F09BF069B0023C3F30222012304BFE2
S3150000ACC09340DBB28DF85D308DF85C004AE79AF868
S3150000ACD0072002F00302012A18D89AF8052002F08C
S3150000ACE00F02BBEB821F11D006483BE70200800033
S3150000ACF0A4640200A0630200809FFFFF809EFFFF06
S3150000AD0000404004009FFFFF004440040122CDF8AC
S3150000AD1064B08DF868209AF80720A14B02F07C02F7
S3150000AD201344D3F8F4302146DB68079A27989847EE
S3150000AD300028B8D016E7902A14D12798446E14F04C
S3150000AD40100440F0A380836A2BB1C36A026A1033F1
S3150000AD50934200F29C803B461022294600F040FABE
S3150000AD60102439E7BD420AD12199002940F092808A
S3150000AD701023B3FBF4F36343102B40F08E80202A9C
S3150000AD8040F08D809DF96830219EBBB91B9BBBB1FD
S3150000AD90A31B0F2B17D906F1A8030DEB0306343EB0
S3150000ADA005F1100355F8042B9D4246F8042BF9D102
S3150000ADB00024219B2046103321930DE7012B02D15D
S3150000ADC0A31B102BE6E7002E58D016ABA4EB060A01
S3150000ADD006F11C0052462946184419F0C5F9189B7D
S3150000ADE06F4ADB79019703F07C031344D3F8F43000
S3150000ADF01DAA0092D3F808B022469DF9681027983C
S3150000AE0022ABD84700284DD106F110031B1B219019
S3150000AE103FF4E2AE264607EB040B5544B3FBF4F2CF
S3150000AE2004FB123232B99DF9681019B91B99002931
S3150000AE3018BF2246A3EB020A05EB0A011DA80692DB
S3150000AE4019F092F9219B069A13442193BAF1000F47
S3150000AE502AD0189B524ADB79CDE9005B03F07C03CC
S3150000AE601344D3F8F43052469C689DF9681027982D
S3150000AE7022ABA047D8B906EB0A04ADE6BB461023C1
S3150000AE80CCE74848A8E600244748A5E600246FF02A
S3150000AE900C00A1E6002445489EE60C46FBE700248C
S3150000AEA0434899E6002497E63446504694E63446ED
S3150000AEB092E69DF8A430012B01D13D48A6E6002379
S3150000AEC00B93437903F0F00120290BD11C9B002B37
S3150000AED03FF49BAE83794C3B012B11D9102911D13C
S3150000AEE072B14DE003F0B006302E09D003F0E00356
S3150000AEF0402B05D0602903D0902901D0A029E9D1A3
S3150000AF00002083E62029D8D19DF96830012B2FD166
S3150000AF101B9B002BE4D0269911B9017949098900B8
S3150000AF201DA89847189B1E491A79DB79019503F0ED
S3150000AF307C030B44D3F8F4301DA900919E689DF95B
S3150000AF406810279822AB02F01F02B04700287FF452
S3150000AF505DAE9DF96820189BA2B91C9E1BB193F8A3
S3150000AF60048008F01F08414628460BAAB0474DE664
S3150000AF70037903F01F039A42D4D01B9B002BAFD05A
S3150000AF80094843E61BB193F8048008F01F08CDF882
S3150000AF902C80B5E76FF0860647E66FF0890644E633
S3150000AFA0A0630200809CFFFF809DFFFF009FFFFFC4
S3150000AFB0809FFFFF6FF089067EE56FF096067BE5C2
S3150000AFC06FF088063BE509AB04931023CDE9000535
S3150000AFD0CDE90273214648460CAB0EF0B2F906469F
S3150000AFE02DE50178012907D113462A4608302BB0F2
S3150000AFF0BDE8F04F0AF061BE01482BB0BDE8F08F06
S3150000B000809CFFFF2DE9FF4705460C469046002130
S3150000B010102268469A46DDF8309018F041FF6A46DD
S3150000B02005F1100105F13800FFF7E4FC6F4606460E
S3150000B03058B16B6E43F010036B6638461021FCF76F
S3150000B040F5FC304604B0BDE8F08739190446221DE8
S3150000B050904509D2A045F0D91AF804300A5D53404C
S3150000B06009F804300134F5E75AF80430085943402A
S3150000B07049F804301446EAE7F7B5436E1746DA0690
S3150000B08004460E4636D4426A0AB11B072AD5236AFD
S3150000B0902BBB00221046216BD3B2994202F101026A
S3150000B0A023D823461022002120460094FFF7AAFF4A
S3150000B0B0054688B926B13A462146304619F054F875
S3150000B0C00026102231462046666618F0E9FE102258
S3150000B0D03146A01818F0E4FE284603B0F0BDE26A37
S3150000B0E09342D6D06FF00C05F6E7C3F10F03234465
S3150000B0F01874D1E76FF06D05EEE738B5416E04467A
S3150000B10001F00303032B06D1826A32B9436B023B7B
S3150000B110012B1CD80262002038BD056B2378681EFF
S3150000B1200343606A023A003818BF012043EA8013DD
S3150000B1300020520843EAC2032370236AC2B2954232
S3150000B14000F1010006D853B141F0100161666FF0BD
S3150000B1500C00E1E7C2F10F02A3541B0AEEE72246F8
S3150000B160214604F13800FFF745FC0028D4D0636E71
S3150000B17043F010036366CFE72DE9F0411D46073B18
S3150000B180062B0446164627D8A04600F11103C5F142
S3150000B1900F07416307630F2218460021013F18F08D
S3150000B1A07FFE2A46314608F8107F18F0DDFF681C3E
S3150000B1B0226B0021404418F073FE01232A46E377F0
S3150000B1C0E018314618F0D0FF636E204643F00103C5
S3150000B1D06366BDE8F04190E76FF00C00BDE8F081D2
S3150000B1E02DE9F04F04468846914689B09A4600F10B
S3150000B1F0380303930DF1100BB9F1000F01D14B4643
S3150000B20083E0E36A03F00F06C6F110054D4528BF3B
S3150000B2104D462B44E362636B23F00203012B3ED0C1
S3150000B220676B37F0020727D143462A463146204648
S3150000B230CDF800B0FFF7E6FE0346002865D1584674
S3150000B240A319A3F1040C3A1D954269D23B44BD42B1
S3150000B2506FD82A465946504618F086FF7319102BA8
S3150000B26003D0E26A236A9A426FD1224621460398A6
S3150000B270FFF7C0FB034648BB2E44102E61D10021C8
S3150000B280206BCBB2984260D9C3F10F0323441A7CDA
S3150000B29001310132D2B21A74002AF2D055E00023ED
S3150000B2A0A119181D854201EB030214D29D4219D83B
S3150000B2B07319102B03D0E26A236A9A421AD12246E6
S3150000B2C021460398FFF796FB034698B1626E42F05B
S3150000B2D01002626619E058F80320CF587A40CA5027
S3150000B2E00346DEE718F8030011780133414002F8FF
S3150000B2F0011BDBE743462A4631462046CDF800A02F
S3150000B300FFF780FE034600288AD010210DEB0100CE
S3150000B3100393FCF78BFB039B184609B0BDE8F08F3F
S3150000B32050F8047B5CF8021079404CF8021017467E
S3150000B33089E71A781BF8071001374A4003F8012BF2
S3150000B34085E7E26A236A9A4299D0A9EB0509A844DF
S3150000B350AA4451E72DE9F04F5F4F044697F8CC30E9
S3150000B3600E4692468FB0042B11D8DFE803F0B1B336
S3150000B370030C0C00007A012894BF00200120C000B5
S3150000B3800FB0BDE8F08F037A012B00F0A38094F88C
S3150000B390A0000028F4D03268137903F0070123F0E7
S3150000B3A0070313713368D7F8D4000693237A0791FD
S3150000B3B08DF82C30D4F89830CDF82D0043F00043AA
S3150000B3C00D93464BD7F8EC019A889B79ADF831205E
S3150000B3D08DF8333000234FF4007209930AA9404BCD
S3150000B3E0D6F80490BAF80080FFF708FA83460028DA
S3150000B3F05FD10A9D6B68D5E908121B0A0DD0394842
S3150000B400834229D06FF0860BB8F1000F35D0424643
S3150000B4100021484618F044FD2FE009ABCDE904832E
S3150000B420069B28460093CDE90289CDF804900BAB24
S3150000B4300FF0C4F810F1860F83461BD10DF12203DD
S3150000B440298827480DF123020DF058FD031E14BF6D
S3150000B4509B466FF0850BD7E709ABCDE90483069BC6
S3150000B46028460093CDE90289CDF804900BAB0FF086
S3150000B470A5F88346BBF1000FC6D1284603F07CF839
S3150000B480BBF1000F15D10DF014FED4F8982001324F
S3150000B490C4F89820D7F8E4200132B2F1005FC7F86B
S3150000B4A0E42006D197F8CC20052A02D10320FBF729
S3150000B4B0F1FE5846FBF7BEFE10B9099BAAF800300C
S3150000B4C032680799137923F007031943117157E777
S3150000B4D0032055E7002053E7C80A00209C0B0020F4
S3150000B4E000024805020080002DE9F0410446EFF312
S3150000B4F01186302383F31188D0F8A4309D681DBBD4
S3150000B50004F130001AF012FDD4F8A4305D69002D64
S3150000B51036D1A04658F88C7F002F4DD12774274688
S3150000B52057F8905F002D5FD1274657F8945F002D9E
S3150000B53061D1D4F8A430DF68002F63D186F3118877
S3150000B540BFF36F8FBDE8F08115F8203CA5F1300000
S3150000B5507F2B4FEA9317436998BF0027A3422D68B4
S3150000B560CDD1D4F8A4100831FBF7C8FD1FB9637B11
S3150000B57001336373C3E7032F04BF0023A373BEE73E
S3150000B58015F8203CA5F130007F2B4FEA931743694D
S3150000B59098BF0027A3422D68B9D1D4F8A41014315E
S3150000B5A0FBF7ACFD1FB9637B01336373AFE7032F72
S3150000B5B004BF0023A373AAE73D4655F830794046F9
S3150000B5C0AB7C05F13001013BAB7408F097FAAB7C1C
S3150000B5D033B9637B3321013328466373FBF768FD78
S3150000B5E0E37B013BE37397E72846394650F8305929
S3150000B5F0FBF784FD96E72846394650F83059FBF7A5
S3150000B6007DFD94E7384650F830794369A34293D1DB
S3150000B610D4F8A4100C31FBF771FD84F8A1508BE728
S3150000B620F8B50546EFF31183302282F311880468DA
S3150000B63044B1627AD20605D483F31188BFF36F8FC3
S3150000B6400F20F8BDAA68012A05D983F31188BFF334
S3150000B6506F8F0420F5E70022AA6083F31188BFF3F9
S3150000B6606F8F002C47D094F8506030460DF0DBFD0C
S3150000B67008B9042E08D1217A31B1D4F8A40000B15A
S3150000B68084300222FBF7A2FF032304F1840684F828
S3150000B6905030D4F8843083BB04F18807D4F888602E
S3150000B6A0A6BB2046FFF720FF642066811AF050FBF8
S3150000B6B0002200236061C4E906232046C4E908236A
S3150000B6C0C4E90A23C4E92666FBF78AFB88B102238C
S3150000B6D084F85030EFF31182302383F31188D4F8C5
S3150000B6E0A430596844F8041F5C6082F31188BFF3E4
S3150000B6F06F8F00232B600020A3E7304608F0F6F991
S3150000B7000146D4F8A400FBF770F8C2E7384608F003
S3150000B710EDF90146D4F8A400FBF767F8BEE710B5CB
S3150000B720074C04F1B800FFF77BFFFBF75BFD30B178
S3150000B7300122044B83F8CC20002384F8C43010BDCA
S3150000B740C80A0020803E0020F0B5A0F1840602233E
S3150000B7500022314685B004460CF0CEFF2E28054661
S3150000B76070D000286BD1204603A9FBF759FB40B9DE
S3150000B770039B354D20465D66FBF745FBFBF750FB0B
S3150000B78020B12046FFF74CFF022558E0039B2046D8
S3150000B7909D65FBF738FBFBF743FB0028F1D1039BC4
S3150000B7A02A4A20465A67FBF72EFBFBF739FB05466C
S3150000B7B00028E6D1039B20469C67FBF724FB304616
S3150000B7C0FBF734F8039E0623374647F80C4BB38144
S3150000B7D0356109F09DFE4FF050234FF4003210F012
S3150000B7E0400F1A6714BF7323772310F0800F18BF1A
S3150000B7F0732310F4806F18BF732310F0010F18BF66
S3150000B800782310F0020F18BF782310F0080F18BF26
S3150000B810742310F4004F18BF742310F0040F18BFE0
S3150000B820722310F4804F18BF7223736108230C2211
S3150000B830F3813946032320460096FBF7D9FB2846B9
S3150000B84005B0F0BD1225FAE7E7B80000CB640000AA
S3150000B85010B5436F044613B1816F007A98472046AE
S3150000B860BDE8104040E62DE9F0410546302700F1DD
S3150000B87014086B690BB9BDE8F081EFF3118487F307
S3150000B88011884046FBF7FEFB034684F31188BFF39D
S3150000B8906F8F90F824201AB10021FBF709FCE8E726
S3150000B8A0827C446901328274D4F88C2043F8302FAC
S3150000B8B0C4F88C30237C092B06D90A23204684F849
S3150000B8C05030FFF7C5FFD4E7666941F2883076004D
S3150000B8D066611AF03DFA864294BF66616061204651
S3150000B8E00DF0ECFCC5E7F8B5154612681C46A2F14A
S3150000B8F0840000297CD069683E4B99424CD13E4B6E
S3150000B90090F8C510D3F8C830B1B343BB0123022663
S3150000B9100A2780F8C43052F8844C3CB92B68294673
S3150000B92053F8080CBDE8F8400DF0D4BB94F850303D
S3150000B930042B0DD003D8012B0AD02468EDE7053B74
S3150000B940032BFAD8204684F85070FFF781FFF4E7FE
S3150000B9500621204684F85060FAF7B0FCEDE74FF078
S3150000B96000524FF20F015180012B4FF000530FD0C0
S3150000B9704CF23C325A8009E04FF000524FF20F0170
S3150000B9805180002BF0D140F20123138008F09CF87F
S3150000B99040F202221A80F9E7184A21F0FF03934287
S3150000B9A015D1C9B2FBF7F2F80028B7D090F850309D
S3150000B9B0042BB3D1002C14BF0223052380F850308A
S3150000B9C0C36F002BAAD02146FAF778FCA6E70C4AEB
S3150000B9D09342A3D1C9B2FBF7D9F800289ED090F8BC
S3150000B9E05030073B012B9CBF092380F8503095E768
S3150000B9F0F8BD00BFEFBEADDEC80A002000BAFECA21
S3150000BA0000BAEFBE70B50D46EFF31186302383F30F
S3150000BA1011884C6904F18C00FBF734FB04F130000B
S3150000BA201AF084FAD4F8A40029461430FBF734FB44
S3150000BA30D4F8A420044902F12C000DF08AFB86F309
S3150000BA401188BFF36F8F70BD67B800002DE9F04F06
S3150000BA5085B0EFF31188302686F311883B48FAF754
S3150000BA6075FE0446DFF8EC9034B988F31188BFF30D
S3150000BA706F8F05B0BDE8F08F23681B797F2B4FEAE7
S3150000BA80931198BF0021EFF3118A86F31188656937
S3150000BA90BDB9022956D08AF31188BFF36F8F88F398
S3150000BAA01188BFF36F8FEFF3118886F31188B9F809
S3150000BAB0003026480133A9F80030FAF747FE04465D
S3150000BAC0D2E741BB94F824702FB184F824102046A5
S3150000BAD0FBF7EEFADFE795F850000DF0A4FBA8B1EE
S3150000BAE02046FAF7B7FE0428D5D1696905F1300B6F
S3150000BAF05846EF6403911AF019FA23465846CDE9E1
S3150000BB000077134A03991AF087FAC4E76B7B33214F
S3150000BB1001336B73DBE7032914D1AB7B002BBAD05F
S3150000BB2000212046A973FBF7C3FAD5F89430002B01
S3150000BB30B1D005F19400FBF7A5FA014628460DF0B1
S3150000BB404CFBA8E72046FAF785FEA4E7B80C0020D0
S3150000BB5005BA0000C80A002070B5EFF3118630233D
S3150000BB6083F311880F4CB4F8F45165B90123A17819
S3150000BB700D4884F8F6311AF005FB86F31188BFF3F9
S3150000BB806F8F002070BD04F5FC70FAF7DFFD00280A
S3150000BB90F3D0013DA4F8F45186F31188BFF36F8FFB
S3150000BBA0F0E700BFC80A0020000004502DE9F84F56
S3150000BBB0EFF31189302383F31188644DD5F8FC31F6
S3150000BBC02C2BA3F12C0606D189F31188BFF36F8FB6
S3150000BBD01B20BDE8F88F53F82C8CB8F1000F00F04D
S3150000BBE0B380B4895A4F002C00F0A2800D220021A8
S3150000BBF005F5007018F054F9564BB4F5006FC5E919
S3150000BC0080384FF01308C5F80872C5F80C8260D862
S3150000BC10013C0D22002105F50470A4B2D6F804A05B
S3150000BC20240118F03DF94C4B44F0405423400224C3
S3150000BC30C5E9843AC5E98678D6F808A0BAF1000FB6
S3150000BC4012D0A04605EB081808F500731022002153
S3150000BC50184618F025F9414A0134C8E9802A13220A
S3150000BC60C8F80872E4B2C26005EB0418102200217D
S3150000BC7008F500700E3618F013F9394BC8E98167DC
S3150000BC80C8F80032002305EB031191F802220133B4
S3150000BC9022F0100281F80222DAB2A242F3D900247D
S3150000BCA0304B95F890501C702F4B2946A3F5AC727B
S3150000BCB02E4809F0C8FC01232D4AAB4029462B48E3
S3150000BCC0536509F0FBFC89F31188BFF36F8F20469B
S3150000BCD07FE7B4F5805F25D8D6F804A0DFF878B002
S3150000BCE00D22002105F5047018F0DAF8C5E984BACA
S3150000BCF0C5E9867873680D22002105F5087003F5FD
S3150000BD00006A18F0CDF86FF40063E3189BB21B01CC
S3150000BD1043F0405303EA0B030324C5E9883AC5E917
S3150000BD208A7889E789F31188BFF36F8F212050E75E
S3150000BD301022214605F5007018F0B2F80D4BC5F833
S3150000BD400872C5E980389DE7012042E7C80A00204D
S3150000BD503C80055060000030F07F003070000030FD
S3150000BD6010001030803E0020C80C00200000045057
S3150000BD70001004506000103010B5EFF3118430232A
S3150000BD8083F311880A4803882BB984F31188BFF31B
S3150000BD906F8F032010BD013B038000F5FE70FAF79C
S3150000BDA083FBFFF703FF84F31188BFF36F8FF1E77F
S3150000BDB0C80A00202DE9F843EFF311884FF0300947
S3150000BDC089F3118801271D4D1D4CAE78204631465A
S3150000BDD01AF0D8F93422002105F5147018F060F82D
S3150000BDE0184A062182F8CD7007222A81B5F88422E6
S3150000BDF005F5217361F30E1220463146A5F884221B
S3150000BE0005F198026B6009F01EFC04F5805520468A
S3150000BE1009FB0644B74031466F6509F04FFC6F6277
S3150000BE20236F43F002032367636E43F48013636654
S3150000BE3088F31188BFF36F8FBDE8F883C80A002026
S3150000BE4000000450803E002008B5FFF7B3FF002035
S3150000BE5008BD10B5EFF31184302383F31188104B1E
S3150000BE60B3F8F421092A04D984F31188BFF36F8F3C
S3150000BE7010BD817C013201318174D3F8F811A3F829
S3150000BE80F42193F8F62140F82C1FC3F8F801002A94
S3150000BE90EAD0002283F8F621FFF78CFFE4E700BF23
S3150000BEA0C80A00202DE9F04F85B0EFF31189302341
S3150000BEB083F311884FF48872914CD4F804B0BBF820
S3150000BEC00030DBF8085062F30E13ABF8003094F83C
S3150000BED0633213B994F8583223B30723B4F85A825D
S3150000BEE02381A844DBF80C30D4F8A47223F00303B2
S3150000BEF0384603A9D3F808A06360FAF788FC98B916
S3150000BF00039BCBF8083094F8621200293CD0C4E9B0
S3150000BF10945AFAF73FFC89F31188BFF36F8F05B087
S3150000BF20BDE8F08FA846DDE7764E96F8CD1089BBC2
S3150000BF3094F862323BB1D4F85C3234227248C4F8C9
S3150000BF40A83217F0ADFF4FF00008D4F8A8126F48DA
S3150000BF50A1F80C80C1F80480FAF7A6FABB6C07209A
S3150000BF600133BB640123CBF80850C4F8A88286F8D5
S3150000BF70CD30FAF74CFA2E28CDD1C4F850A2C4F829
S3150000BF805C82A4F85A82C4E75E4B93F8CD60002E1B
S3150000BF9000F08D800191FFF7DFFD01990646C4F898
S3150000BFA0A80238B915B12846FAF716FC002384F81A
S3150000BFB06332B0E7D8F8002003681A60B8F80420A6
S3150000BFC09A8098F806209A7131B3CBF80850D6F8C3
S3150000BFD00080002207214046FAF700FA054608BB12
S3150000BFE0D8F800004A4BC4F86402B8F8041098F870
S3150000BFF00620304699809A71FFF72BFF0123C4F87B
S3150000C000A852C4F85C5284F8635284F85832C4F8D3
S3150000C01050A2A4F85A527CE7002DD8D02846FAF749
S3150000C020DBFBD4E74FF0000884F858823368588861
S3150000C030B08180B3B0F5857F30D90623314633779A
S3150000C0403248FAF731FA46460720BB6CC4F8A88294
S3150000C0500133BB642B4B208183F8CD50FAF7D7F917
S3150000C0602E2848D10023D4F8A812C4F850A2A4F868
S3150000C0705A32B6B12548FAF717FABB6C0133BB64DE
S3150000C08000210025C4F85C12C4F8A852FAF782FB16
S3150000C09084F863523FE72E460720DBE745464646CF
S3150000C0A0D8E7002DEDD00846FFF7D3FEE8E70720D6
S3150000C0B00125D4F8A82283F8CD50C2F80480208147
S3150000C0C0FAF7A5F92E280F4B09D183F8CD50C4F8FD
S3150000C0D050A2C4F85C62A4F85A62FAF75BFBD4F883
S3150000C0E0A8120A48FAF7E0F9BB6C0133BB640023D7
S3150000C0F0C4F8A8325AE7002E3FF458AFEFE700BF66
S3150000C100C80A0020803E0020180D0020400B0020A9
S3150000C1102C0D002000232DE9F3470D460A26434C3B
S3150000C120C4E9AD13C4E92113C4F8A412C4F8F83164
S3150000C130A367C4F8FC31C4F8F03184F8BC32C4F803
S3150000C140B03284F88C30C4F88030284601A90CF04F
S3150000C150DEFF20B11927384602B0BDE8F087019806
S3150000C160FFF777FE013EF0D10A2323804FF4805279
S3150000C1702F4B1A604FF440622E4B69465A614FF0BE
S3150000C180FF3203F500539A640122A3F58053DA6463
S3150000C190D4F8A4723846FAF73AFB0028DAD1DFF869
S3150000C1A0A080102231464046DDF800A0DFF89490CA
S3150000C1B017F076FE204B38466946C4E9A139C4F823
S3150000C1C08CA2FAF724FB07460028C3D108F1100316
S3150000C1D00D2231461846DDF800A017F061FE174A19
S3150000C1E020F00303C4E9A52994F88622C4F8903206
S3150000C1F066F30412D4F8A03284F886224FEA980235
S3150000C20062F39F0331463422C4F8A032A8F1340009
S3150000C210C4F89CA2C4F8048017F042FEA86F0CF084
S3150000C2205EFF002896D00723238194E7C80A0020E2
S3150000C23000E100E00080055000111003001100032A
S3150000C2404C0D00202480055013B5EFF311843023E4
S3150000C25083F31188094BB3F8F421092A08D8D3F8D7
S3150000C260A40201A90CF053FF10B90198FFF7F1FDE4
S3150000C27084F31188BFF36F8F02B010BDC80A002087
S3150000C2802DE9F04F89B0EFF311830193302383F347
S3150000C29011880026C74FFD1D0023C74CADF812308C
S3150000C2A0D4F85022ADF81030D4F85C32002A00F0F1
S3150000C2B02E8293B9C14B93F8CD3073B1FFF74CFC86
S3150000C2C0C4F85C0248B9C4F85002019B83F3118894
S3150000C2D0BFF36F8F09B0BDE8F08F94F85832029320
S3150000C2E0002B00F098802B68DFF8DC823B60AB887F
S3150000C2F0D8F80000BB80AB79B8F80420BB7198F879
S3150000C30006302860AA800D2104AA08F10800AB7146
S3150000C310FAF764F848B3BDF81010D4F85C3201316E
S3150000C32089B278581B687A1818609088ADF8101092
S3150000C3309880927908F115009A71D4F85C321A68DF
S3150000C34052889A81C1F107020731D2B2394484F882
S3150000C350802217F009FF0E22002108F1070017F0CE
S3150000C3609FFD002384F8583254E00DF11200FAF7CD
S3150000C3701FF8002840F0CB81BDF81290B9F1000FEC
S3150000C38000F0DC8008F10E034FF0010813F8012BD2
S3150000C390142A40F0C6804FF0000A0DF1180B19461A
S3150000C3A0C8F1070258460393CDF818A0CDF81BA094
S3150000C3B017F0DAFE0DF11F004246D4F85012A0EB3A
S3150000C3C0080017F0D1FE0721584604AAFAF706F826
S3150000C3D0039B002800F0A580D4F85C32BDF810104D
S3150000C3E01B680BEB01025BF8011038461960918857
S3150000C3F0927999809A71D4F85C3251461A685288BB
S3150000C400A4F85A829A810E2217F04AFD84F858A29F
S3150000C41084F880A2029E94F88082B8F1070F00F299
S3150000C420768194F862A2BAF1000F02D0002384F854
S3150000C4306232DFF88891D4F85C3299F8CDB0BBF15E
S3150000C440000F00F07C81002E43D10DF11200029303
S3150000C450F9F7AEFF002840F05A81BDF81210029B92
S3150000C460B8F1000F00F01B81C8F10702D2B28A4270
S3150000C47000F24D81B8F1070F00F04981424650495C
S3150000C480186817F071FED4F85C2294F880321068B0
S3150000C490D4F85012C3F10702184417F065FEB4F839
S3150000C4A05A3294F8802207339B1AD4F85C82A4F897
S3150000C4B05A3284F88062D8F800A0324607215046E6
S3150000C4C0F9F78CFF002800F02281BAF80230A8F8AC
S3150000C4D00C30D4F85C12002900F019818E89002EE8
S3150000C4E040F008813748F9F7DFFFD4F8A422C4F8F2
S3150000C4F05C62936C01339364B4F85A32D81DB3F579
S3150000C500857F80B200F20381F9F781FF002840F0B1
S3150000C510F8810123C4F8500284F8633284F880025B
S3150000C520D3E6B8F1060F06D008F101081FFA88F223
S3150000C5309145BFF42BAF002E7FF46CAF0720F9F7BF
S3150000C54066FF064650B9D4F85C02FFF782FCC4F8D1
S3150000C5505062A4F85A62C4F85C62B6E62B680E21F3
S3150000C5603B60AB883846BB80AB79BB71D4F85032A0
S3150000C5701A682A609A88AA809B7904AAAB71F9F78F
S3150000C5802DFF18B3D4F85C32BDF810201B68B858DC
S3150000C590B918186088889880897906489971D4F8FE
S3150000C5A05C3219684988A4F85A2299810E22002122
S3150000C5B0D5E600BF330D0020C80A0020803E0020CB
S3150000C5C0410D0020400B00202C0D00200720F9F71C
S3150000C5D01EFF064690B9B9F1060F40F29880D4F8CE
S3150000C5E05022A9F1070902EB090352F80920C4F801
S3150000C5F072229A88AA809B79AB71A4E70DF112008A
S3150000C600F9F7D6FE0646002840F08180D4F850920D
S3150000C610BDF812804846414604AAF9F7DFFEF0B19C
S3150000C620D4F85C32BDF810801A6859F8081009EB86
S3150000C630080311609988B54891809B7931469371BA
S3150000C640D4F85C321A6852889A810E2217F028FCB8
S3150000C65008F10703A4F85A3284F85862DAE608F1BA
S3150000C660070080B2F9F7D3FE064600284FD1B8F18D
S3150000C670060F4CD9D4F85012A8F107028B188A5825
S3150000C680D4F85C02C4F872229A88AA809B79AB71AE
S3150000C690FFF7DFFBC4F85062A4F85A825BE706296D
S3150000C6A0029334D9B4F85A628E4230D2D4F850820A
S3150000C6B0891B04AA89B208EB0600F9F78FFE029BD4
S3150000C6C028B3BDF810101A688B1908EB030058F848
S3150000C6D0033013608388938083799371D4F85C3236
S3150000C6E01A6852889A81B4F85A320B440733A4F870
S3150000C6F05A32EEE6B6F5857F11D9062384480B77C4
S3150000C700F9F7D2FED4F8A422936C01339364D4F8DB
S3150000C7105C0208B1FFF79DFBFFF74CFBD5E5002354
S3150000C720B4F85A0289F8CD303044B0F5897FEEDA94
S3150000C73094F880329E4200F2D7800026ACE5002BAA
S3150000C740E5D09A89904542D3D4F8A4A205A95046CB
S3150000C750FAF75DF8D4F85C2203900028D7D1059B40
S3150000C760DFF8B081184641469289029317F0FCFC27
S3150000C770D4F85CB294F88022BBF80C104046521AEA
S3150000C780414417F0A0FCBBF80C1094F88022029BE1
S3150000C790521A84F88022CBF804306FF40073D4F870
S3150000C7A05C12B4F85A228889024408EB0300A4F804
S3150000C7B05A22F9F779FEDAF84820039B0132CAF8C3
S3150000C7C04820C4F85C32012389F8CD3094E6BAF1EA
S3150000C7D0000F2DD0D4F85002B4F85A12A2EB08027A
S3150000C7E00144404417F06FFC94F880224949D4F87C
S3150000C7F0500217F0B9FCD4F85022D4F85C3284F811
S3150000C80080B25A60D4F85432D4F85C124048C4F866
S3150000C8105032F9F749FED4F8A422C4F85CB2936CFE
S3150000C820A4F85AB201339364012389F8CD3063E644
S3150000C8300DF112000292F9F7BBFD00287FF467AFF5
S3150000C840BDF81210B4F85A32029A41441344994280
S3150000C850FFF65DAFD4F8A4B205A95846F9F7D7FF9D
S3150000C860D4F85C2200287FF452AF94F88032928983
S3150000C8707BB393423FF64BAFDDF814801A46254949
S3150000C880404617F071FCD4F85C3294F880029A891D
S3150000C890B4F85A12D4F85032121A1944404417F018
S3150000C8A063FC84F880A2D4F85C321948C3F804808B
S3150000C8B0D4F85C12B4F85A328A891344A4F85A326E
S3150000C8C0F9F7F2FDDBF848300133CBF848300023A6
S3150000C8D077E7DDF81480B4F85A12D4F8503240469F
S3150000C8E0194417F041FCDEE7C01A80B2F9F78FFD54
S3150000C8F018B9012384F86232E7E42E283FF41DAF0D
S3150000C900E3E42E283FF4C8ACDFE400BF330D00207B
S3150000C910400B0020410D002038B5184B184A9B6C7F
S3150000C92003F0010393643BB3164C174894F8901038
S3150000C93019F03BFC0122154B1A70EFF311853023D9
S3150000C94083F3118804F5FE70F9F700FF014604F53C
S3150000C950F870F9F7A9FD85F31188BFF36F8F0022F0
S3150000C9600B4904F52B700CF0F4FBD4F8FC311BB129
S3150000C970BDE83840FFF71AB938BD00BF0080055042
S3150000C98000A00550C80A002000000450803E002088
S3150000C9904DBA000038B50D4619F0D9FC19F0EAF980
S3150000C9A004462D6819F0D3FC19F0E4F9031BAB42D9
S3150000C9B0F8D938BD2DE9F7430627177014464A689B
S3150000C9C01E46A2F58053FF2B81460D46DDF82880D2
S3150000C9D075D80523D1B2638041F4805363602A7A07
S3150000C9E0931E012B27D88438FAF7D0F80223054680
S3150000C9F02372D0B190F8508040460CF014FC30B150
S3150000CA000A2385F850302846FEF722FF0DE0B8F1DC
S3150000CA10040F0AD109233946284685F85030F9F71C
S3150000CA204DFC10B96B7ADB06EDD4638804333360B2
S3150000CA3003B0BDE8F083052A16D18438FAF7A6F8C4
S3150000CA40022323720028F0D090F85030012B01D039
S3150000CA50042BEAD1042380F85030052323726E4B51
S3150000CA600B43C8F80030E0E7092A21D18438FAF7E9
S3150000CA708DF808B92272D8E790F85030053B032BA1
S3150000CA8010D8DFE803F007021107082380F85030BA
S3150000CA902372CAE7082580F85050F9F71BFC18B92D
S3150000CAA02572C2E70923F3E7092323725B4BD7E715
S3150000CAB004236380002363600323A360B5E7A2F524
S3150000CAC0E063FF2B24D84F880C2F03D0002363602C
S3150000CAD003235CE05248D1B2FAF758F890B190F8C7
S3150000CAE05030012B0ED1AB68EA6841F4E061C0E931
S3150000CAF02623234643F8041FAA685A60EA689A6008
S3150000CB00678092E700236360082363800423D4E7E9
S3150000CB1040F203239A4272D0B2F5017F21D2602AF5
S3150000CB206AD007D8042A2FD9212A37D00023636078
S3150000CB300D232CE0B2F5007F26D040F202239A4264
S3150000CB40F4D1042363808B681BB3012BBED1012370
S3150000CB50344AA360C2F8C83040F202236360082357
S3150000CB6048E0B2F5C06F21D00BD840F201339A42AB
S3150000CB700AD0B2F5A06FD9D10B7A80F8383062604E
S3150000CB8037E0B2F5885FD1D1002363601523A36037
S3150000CB90E5E724496260C1F8C830F8E762600B89AE
S3150000CBA0678023810B8920F8283C3EE7CB684361E8
S3150000CBB01C4B8F68D3F8C022974217D8002500F186
S3150000CBC01408294640F2E730D3F8C4C24FF47A720B
S3150000CBD00023E7FB0C0116F041FF43460146CDE971
S3150000CBE00055114A09F1180019F08AF84FF4C0638C
S3150000CBF063600423638018E78B68C360BFE70B7A22
S3150000CC0062600822003B628018BF01230022A260F6
S3150000CC1080F8413009E700BF00BAFECA00BAEFBE8D
S3150000CC20843E0020C80A002095C900002DE9F04F77
S3150000CC300646C06C8FB0036908A998470290002881
S3150000CC4040F06A82DDF820A096F85030DAF800400D
S3150000CC506BB905212046B4F80520F9F76BFB10B136
S3150000CC602378142B03D05046F9F7F4FD54E294F8D8
S3150000CC700480BAF80C30B8F17F0F4FEA981594F893
S3150000CC80019098BF00256788DBB93B1E18BF0123BA
S3150000CC900593736D49460A339F42304628BFAAF86A
S3150000CCA00C30F9F773FF044668B9022D07D0052347
S3150000CCB0014600934A4603463046FAF72EFA08988C
S3150000CCC0D2E70023E4E790F85030042B08D13DB9B1
S3150000CCD0052380F85030C36F13B12946F9F7EEFAF1
S3150000CCE094F8506030460CF09EFA049018B1082E65
S3150000CCF009D1022D07D00523009300234A46214679
S3150000CD00D4F8A400D9E7089B15F0FD0F5C6111D19A
S3150000CD101B7F7BB908F00703EFF3118203923022E1
S3150000CD2082F31188D4F88C202ABB039B83F31188E5
S3150000CD30BFF36F8F059B0898002B95D117B14368F9
S3150000CD40002B91D0027F62B1E37A0092D4F8A4005E
S3150000CD504A462146FAF7E1F9002308980377F9F7DE
S3150000CD6079FD002F00F0FC80022F00F2E5800622FC
S3150000CD70E37A0092C2E752F8302CE17B1279C2F3D3
S3150000CD800212501C114400F0070001F0070188420E
S3150000CD9000F292808342C8D38B42C6D8934298BF92
S3150000CDA008339B1ADBB206930023237419F028F884
S3150000CDB0D4E90626B0EB020A61EB060BBC4991F8F2
S3150000CDC0CE20002A7FD000234FEA5A0646EACB76C9
S3150000CDD04FEA5B02C4E908ABC4E90A6281F8CE30C7
S3150000CDE00520079218F0B4FF0023079A864272F1D5
S3150000CDF000013CBF1A4606464FEA820242EA967294
S3150000CE004FEA860638BFC4E90A0316EB0A0641F262
S3150000CE1088304BEB020A18F09BFF4FF0000BB04234
S3150000CE207BEB0A0307D3052018F092FFB0427BEB99
S3150000CE300A0B38BF3046606104F1300019F076F80D
S3150000CE404FF0010A04F18C063046FAF71BF9817C93
S3150000CE5000296ED1FAF72CF9637B069A01336373C6
S3150000CE60E37B013BE373029B013302939DF8083099
S3150000CE709342E9D3039B83F31188BFF36F8F4FF07F
S3150000CE80300A04F19006D4F89030002B3FF452AFEC
S3150000CE90637B002B3FF44EAFEFF3118B8AF31188BF
S3150000CEA03046FAF7EFF801468BF31188BFF36F8F20
S3150000CEB020460CF092F9E6E78B427FF66FAF83428D
S3150000CEC0BFF46CAF31E7D4E90810514570EB0B03A2
S3150000CED0D4E90A324FEA930343EA8273B4BFAAEB5A
S3150000CEE0010CA1EB0A0C9208DE1842EB020EF618B2
S3150000CEF04FF007034FEAD1014FEA9C0C41EA40711B
S3150000CF0042EB0E0216EB0C06A1FB031C4FEAD00007
S3150000CF1003FB00CC4FEADA0A4AEA4B7A42F10002F6
S3150000CF2011EB0A0A4CEBDB0BC4E90A62C4E908AB55
S3150000CF3056E780F824A08FE7089ABB1E50689FB278
S3150000CF4010FA83F35A78C35D394643EA0222F9F7A9
S3150000CF50F1F928B9002D7FF4B2AE0122E37A08E791
S3150000CF60089E002D40F0E480627AADF82470D70761
S3150000CF70CDE90A55D4F8A400E37A07D50621227A2A
S3150000CF8000912146FAF7C9F830466DE6C8F302115A
S3150000CF9099420CD05A1E914205D00BB9072902D0EE
S3150000CFA00221227AECE720460CF0F5F8ECE718F0BF
S3150000CFB0080F0ED13146204609AAFEF7CBF90346E3
S3150000CFC0D4F8A400002B00F084800421E37A227AAE
S3150000CFD0D6E7227A1AB1062300930B46D1E73146EB
S3150000CFE0204609AAFEF7B6F9D4F8A49030B1042178
S3150000CFF0E37A227A484600912146C3E7BDF8242009
S3150000D000032A64D9D6F80480B8F8023004339A4269
S3150000D0105DD148460AA9F9F709FC09F1840A0746D1
S3150000D02090B90A990D4645F80CAB98F801304B7348
S3150000D03098F80030022B33D0032B3BD0002B42D183
S3150000D0400B73CB8104230B93706830B1D4F8A480A2
S3150000D050F9F7C2FB4046F9F733FA0023304673600E
S3150000D060F9F7F8FBE37A2046013303F00703E3728E
S3150000D0700CF091F8002F4FD10A9F11232946204624
S3150000D080BDF82C200097F9F74EFF002844D0A66D76
S3150000D090002E41D033233A462946207AB0473BE05A
S3150000D0A02A46414650460BABF9F7B8FDCCE700BF20
S3150000D0B0803E0020043100912A46414650460BAB83
S3150000D0C0FFF778FCC0E7D9F87C000CF003F82127BD
S3150000D0D0BAE73146BDF8243004F18402F9F70EFCB4
S3150000D0E0E8B10321E37A227A0091D4F8A40021461C
S3150000D0F0FAF713F83046F9F7ADFB8F4B93F8CC20CF
S3150000D100052A09D1D4F89820013AC4F89820D3F812
S3150000D110E420013AC3F8E4200FB0BDE8F08FE36DD8
S3150000D12013B1216E207A984700254FF0FF3799E713
S3150000D130022D2ED108F03008B8F1100F94F8505097
S3150000D14020D173681B78013B042B1ED8DFE803F05F
S3150000D150141A1A1F03000A253046F9F77BFB049BB5
S3150000D160002BD9D004F1300018F0E0FE204684F8F8
S3150000D1705050FEF76DFBCFE7D4F88C3013B1204644
S3150000D1800CF09CF800230493E6E70C25E4E70B2556
S3150000D190E2E70023CDE90933637A98077FF5F4AE19
S3150000D1A018F037081AD159073FF5EEAEB3898BB19F
S3150000D1B03B463146D4F8A40004F18802F9F79EFBF9
S3150000D1C000287FF4E1AEE36E002BA5D0216F207A14
S3150000D1D09847A1E73046F9F73DFBF4E7B8F1040FAD
S3150000D1E040F09780237A002B7AD1032F78D9D6F88E
S3150000D1F00480B8F8023004339F4271D1D4F8A4A059
S3150000D2000AA950460AF18409F9F710FB002867D1EC
S3150000D2100A9D2F4647F80C9B98F801306B7398F8D7
S3150000D2200030022B26D0032B39D0012B53D12B7380
S3150000D2300423EB81082309933F4BD3F8C8303BB155
S3150000D240012B13D10BA8F9F760FC9DF82C306BB1BC
S3150000D25000232B61394B6B60009505233946204628
S3150000D260BDF82420F9F75FFE05463BE001232B615C
S3150000D2700023F0E7D8F80430202B09D05A1E032AE1
S3150000D28006D923F01002402A02D0B3F5007F19D147
S3150000D2903A464146484609ABF9F7C0FCDCE7D8F800
S3150000D2A00430A3F20222012A03D9212B01D0602BDC
S3150000D2B008D12B1D00933A464146484609ABFFF775
S3150000D2C079FBC9E70D230022C5E904230823EB8176
S3150000D2D00C230993C0E72946DAF87C000BF0FAFE26
S3150000D2E0002701253046F9F7B5FA002F3FF414AFB1
S3150000D2F0099B002B3FF410AF002D3FF40DAF656E78
S3150000D300002D3FF409AF332339460A9A207AA847FD
S3150000D31002E7B8F1310F7FF437AE3046F9F79AFAE3
S3150000D320227A002A7FF4F8AE62810923114620464C
S3150000D3300092F9F7F8FDEFE6C80A0020EFBEADDE71
S3150000D3402DE9F043012906460F4615469846A9B031
S3150000D35077D8130778D1046824F04003802B02D0D5
S3150000D360B4F5807F73D12022002120A816F098FD05
S3150000D370384A394BE408012F08BF134601271F938B
S3150000D38044F00054331D1C931D971E94334C0DF12D
S3150000D390040C1CAB93E807000DF110098CE807009C
S3150000D3A019ABCDF864801A971B9493E8070016AB67
S3150000D3B089E80700CDF858801797189493E8070076
S3150000D3C0309B45F0005E07AC84E807001393149782
S3150000D3D013ABCDF854E093E80700319B0DF1280814
S3150000D3E088E80700109310AB1197CDF848E00DAF11
S3150000D3F093E8070087E8070061461FA808F0E1FAEE
S3150000D40049461FA808F0DDFA41461FA808F0D9FAD8
S3150000D41039461FA818F045FF21461FA818F041FFFE
S3150000D42031681FA8C90818F0E4FE29461FA818F09D
S3150000D430E0FE1FA818F0E6FE18F0C8FE29B0BDE809
S3150000D440F0836FF02000F9E76FF02100F6E76FF048
S3150000D4501F00F3E70302000403020104100000208A
S3150000D460014B1868704700BF880D00204FF0FF3051
S3150000D470704710B5044600B9FEE7037F1BB1436948
S3150000D48098470023237710BD38B5044600B9FEE758
S3150000D490038B428B9A420CD9002201330277038315
S3150000D4A0D0E90253984701462046A847012323772F
S3150000D4B038BD036A01330362BDE83840D9E7014B42
S3150000D4C01B691847900D002010B5EFF31184302228
S3150000D4D082F31188094A02F14801431A1E21DB1022
S3150000D4E0B3FBF1F32420DBB200FB0320FFF7C1FFFF
S3150000D4F084F31188BFF36F8F10BD00BF900D00201D
S3150000D500014BD3F838321847900D002010B5EFF3D1
S3150000D5101184302282F31188094A02F50A714832D1
S3150000D520831A1E22DB10B3FBF2F32420DBB200FBCE
S3150000D5300310FFF79EFF84F31188BFF36F8F10BDB2
S3150000D540900D00202DE9F843064614460D46FFF7D8
S3150000D55090FF3369984700272D1947EB07032C1ACC
S3150000D56063F10005012C75F1000306DA336A3046D3
S3150000D57001333362BDE8F8437BE7D6E90283984777
S3150000D580A04277EB05031CD2F36898473B46024658
S3150000D5902946204616F062FAF368914698473B46BC
S3150000D5A002462946204616F059FA4C4683B2002216
S3150000D5B07383214630463283C04701233377BDE863
S3150000D5C0F8833B46F3E770B50D4C054604F1480376
S3150000D5D0C31A1E20DB10B3FBF0F32420DBB2434357
S3150000D5E0E658E01806B9E550EFF31184302383F3CB
S3150000D5F01188FFF7A7FF84F31188BFF36F8F70BD03
S3150000D600900D002070B50E4C0546A4F5F073C31AB4
S3150000D6101E20DB10B3FBF0F32420DBB24343E658B5
S3150000D620E01806B9E550EFF31184302383F311882F
S3150000D630FFF788FF84F31188BFF36F8F70BD00BFBB
S3150000D640B80F0020FEE710F0010217D10C4B197835
S3150000D65001EA000303F00F0301EA101143EA010097
S3150000D660830709D410F0040009D0012305485B4262
S3150000D67003F0F003184470471346F7E7002070479D
S3150000D6807C3F0020D80D0020114B03F14802821A7E
S3150000D6901E20D210B2FBF0F2D2B203EB4200B0F879
S3150000D6A0700203F51D730144002089B203EB821357
S3150000D6B01A888A4201D19A783AB90130102803F1C2
S3150000D6C00403F5D14FF0FF30704700B2704700BF3A
S3150000D6D0900D002038B504460D46FFF7D5FF80B201
S3150000D6E00F2823D91E21124AA31ADB10B3FBF1F32C
S3150000D6F0DBB202EB831202F22E21002211F8220085
S3150000D70020B10132102AF9D1032038BD0949180188
S3150000D71000FA82F201EB820201EB4301B1F87032AA
S3150000D7201D440123A2F8745282F876320020ECE7F9
S3150000D730D80D0020900D0020154B30B503F148029E
S3150000D740821A1E20D210B2FBF0F24C880D88D2B29B
S3150000D75025448C8803EB4200C988B0F870022C443B
S3150000D76021440144002003F53D7389B203EB821383
S3150000D7701A888A4201D19A783AB90130102803F101
S3150000D7800403F5D14FF0FF3030BD00B2FCE700BF17
S3150000D790900D00207047A0F14103052B03D83738C0
S3150000D7A0087000207047A0F16103052B01D8573897
S3150000D7B0F6E73038C0B20928F2D90720704770B5AD
S3150000D7C0436804460D4623B9BDE870404B680068BF
S3150000D7D018478B689847636801469A68831A002B36
S3150000D7E0B8BF121A2B682068A8BF0022BDE8704097
S3150000D7F0184738B50C461146E2680346944206D0EF
S3150000D8004568AC420BD14260FFF7D9FFE46038BDF2
S3150000D81094420DD01146D268002AF9D1F6E72A467D
S3150000D8200021F9E7CB68002BF0D0DB68CB60EDE791
S3150000D8300029F7D1002DE9D0EA685A60E6E770B50D
S3150000D840466804460D467EB18B689847B368C01A91
S3150000D850002809DB20462A463146FFF7CAFF304634
S3150000D8607368BDE87040184729462046BDE87040F9
S3150000D870A5E701490830E2E7D066020001460068E4
S3150000D880014A1030B5E700BFDC66020001491030DE
S3150000D890D5E700BFDC6602000122024B002083F8B8
S3150000D8A074237047900D00200020024B83F8740308
S3150000D8B0704700BF900D0020704700F01800102838
S3150000D8C005D0A0F1180358425841C0007047042003
S3150000D8D0704700F007030120984010F0220F09D18D
S3150000D8E010F0880F08D100F04400003818BF01205E
S3150000D8F0C0007047042070471020704708B54307E2
S3150000D900024608D0FFF7D9FF12F0180F0CBF0530FA
S3150000D9100630C0B208BDFF20FCE710B58379046A63
S3150000D920022B1CBF02238371A36C2BB1236D1BB189
S3150000D930206C98470023236510BD2DE9F3470E465A
S3150000D940044618B9072002B0BDE8F0870378302BEB
S3150000D95030D1437803F0DF03582B2BD10127023453
S3150000D96000224FF0993915464FF00A08DFF868A0F3
S3150000D97020780FB30DF10701FFF70DFF0028E1D165
S3150000D980B5F1805FDED22B0143EA127312019DF8D6
S3150000D99007100020891853F1000328BF01200A460A
S3150000D9A01D460028CED114F8010F0028E0D1C6E9A3
S3150000D9B00013C8E70027D3E73038C0B20928C1D81A
S3150000D9C091457AEB05038DF80700BBD3A2FB08232C
S3150000D9D008FB0533DBE700BF9999991913B50C4687
S3150000D9E06946FFF7AAFF50B94FF0FF32009B9A42F3
S3150000D9F0019A70EB020202D3236002B010BD072029
S3150000DA00FBE710B5C38802899C1C94420BD80268B8
S3150000DA10D4186478D35C43EA04230B80C3880233AA
S3150000DA20C380002010BD0620FCE770B5C4880389BA
S3150000DA30221D9A4211D805682A19937856782C5DCA
S3150000DA401B04D27843EA0623234343EA02630B60AE
S3150000DA50C3880433C380002070BD0620FCE770B580
S3150000DA60C288038902F108049C421CD80568AC18D8
S3150000DA70A3786678AA5C1B0443EA06231343E2787C
S3150000DA80657943EA0263227942EA0522A579E479B7
S3150000DA9042EA054242EA0462C1E90032C388083319
S3150000DAA0C380002070BD0620FCE700F1B401903071
S3150000DAB0A7E70C20704707B590300DF10601FFF778
S3150000DAC0A0FF00280CBF0C20062003B05DF804FB65
S3150000DAD0FEE7FEE737B5002300220446CDE9002322
S3150000DAE0FFF7EDFC6946054604F19000FFF7B7FF26
S3150000DAF070B9DDE90032AB4272F100010AD35B1B5B
S3150000DB0062F10002C4F89839C4F89C2903B030BD0C
S3150000DB100620FBE70720F9E7074BD3F87823002315
S3150000DB2052F8041F884201D1D8B270470133042B42
S3150000DB30F6D10020704700BF900D002037B504468F
S3150000DB400DF106019030FFF75CFF0546F8B9236832
S3150000DB509A6CF2B1DC69BDF806102046FFF794FD19
S3150000DB6083B20F2B17D80D4B03F14802A41A1E22BD
S3150000DB70E410B4FBF2F4E4B200EB041003EB800310
S3150000DB8083F87652A3F87452284603B030BD0625B2
S3150000DB90FAE70D25F8E70A25F6E700BF900D002005
S3150000DBA013B504460DF106019030FFF72AFF48B978
S3150000DBB023689A6C4AB1BDF80610D86902B0BDE870
S3150000DBC0104087E5062002B010BD0D20FBE713B517
S3150000DBD004460DF106019030FFF713FF60B9236884
S3150000DBE09A6C5AB1BDF80620B3F86010914201D084
S3150000DBF0A3F8602002B010BD0620FBE70D20F9E770
S3150000DC00084608B51146FBF75EFF002818BF6FF0FF
S3150000DC103B0008BD10B518F0F3F8124B8342124BC7
S3150000DC208B411DD3114B1A68D2B14FF47A74A0FB05
S3150000DC30040304FB0131531E13420DD1B2FA82F2E2
S3150000DC40C2F11F04531CD243E04001FA03F3184308
S3150000DC5021FA02F2104310BD002315F0FFFEFAE789
S3150000DC60FEE700BFEFA7C64B378941008C0D0020A9
S3150000DC7007B50A4600B9FEE7037F03B1FEE7074B87
S3150000DC8001900093416801234FF0FF3016F091FB9D
S3150000DC9000B1FEE703B05DF804FB00BF3B61020084
S3150000DCA04FF0FF3016F071BD00B9FEE741684FF046
S3150000DCB0FF3016F08EBB38B5124C94F87433E3B1CE
S3150000DCC0E9B115681049284616F0E6FA014668B922
S3150000DCD0D4F87C0316F0F9FD10B90024204638BDAF
S3150000DCE00124214609480AF0A1F8F7E72846084921
S3150000DCF016F0D2FA18B90121EAE70D24F1E7072454
S3150000DD00EFE700BF900D0020C2880200D188020014
S3150000DD10C988020010B50F4B93F8743393B1B9B1AB
S3150000DD2014680D49204616F0B7FA20B90BF038F8FA
S3150000DD300024204610BD2046084916F0ADFA38B931
S3150000DD400120F3E70D24214605480AF06FF8F0E7B5
S3150000DD500724F8E7900D0020C2880200C988020057
S3150000DD60D188020037B5094D04460DF10601D5F8F4
S3150000DD707C0316F0E2FB38B9034622469DF80610EE
S3150000DD80D5F87C0316F033FB03B030BD900D0020B0
S3150000DD90002330B585B0CDE901330393FF230D4D44
S3150000DDA08DF80430D5F87C0316F023FB044670B9D1
S3150000DDB00DF10201D5F87C0316F0BFFB9DF80210A9
S3150000DDC0D5F87C0301AA16F019FB00B1FEE7204640
S3150000DDD005B030BD900D002008B5054BD3F87C0387
S3150000DDE016F0E0FA00F00300C31E5842584108BD81
S3150000DDF0900D00200139013811F8012F10F8013F6C
S3150000DE003AB9002B14BF01200220831E5842584104
S3150000DE1070479A42F0D00020F7E710B5A1B1146818
S3150000DE200A492046FFF7E6FF30B10020FFF79AFFC8
S3150000DE30003818BF012010BD20460549FFF7DAFF5C
S3150000DE4010B1FFF7A5FFF3E70720F4E7E688020025
S3150000DE50EC88020010B5A1B114680B492046FFF703
S3150000DE60C9FF30B10120FFF77DFF003818BF012040
S3150000DE7010BD20460549FFF7BDFF10B1FFF788FF2B
S3150000DE80F3E70720F4E700BFE6880200EC8802000B
S3150000DE9038B5056804463DB128460AF097FF28467E
S3150000DEA017F05AFE0023236038BD37B503680446D1
S3150000DEB09A6C82B31948DB69A0F50B729B1A1E2275
S3150000DEC0DB10B3FBF2F3DBB24022002100EB831040
S3150000DED015F0E6FF04F19005B4F89830B4F89620F2
S3150000DEE09B1A9BB2012B01D8002012E028460DF1A7
S3150000DEF00601FFF786FD58B923689A6C5AB1BDF83A
S3150000DF000610D869FFF7E6FB0028E5D0032000E0FD
S3150000DF10062003B030BD0D20FBE700BF0410002033
S3150000DF20012973B50D4603D00726304602B070BDF1
S3150000DF3010680028F8D003782D2B21D101306946CE
S3150000DF40FFF7FBFC06460028EED1009C05F10042D7
S3150000DF50013AA242019A4FEA40039341E4D305B144
S3150000DF60644204F18003FF2BDED80A4D04EB8401E2
S3150000DF704900D5F87C0309B20EF0BEFD30B1FEE7CC
S3150000DF802B2B4FF0000508BF0130D8E785F88043FA
S3150000DF90CBE700BF900D002008B5054B00EB8000D5
S3150000DFA04100D3F87C030EF0A7FD00B1FEE708BDE3
S3150000DFB0900D0020012B08B50DD0022B15D0D3B93A
S3150000DFC08A4237BF4368511A5B1A01683CBF521A2E
S3150000DFD0D11888B208BD8A4289BF4368891A9B1A3C
S3150000DFE0026884BF891AC918F3E7C721034B044A9C
S3150000DFF004480DF05FFC0021EBE700BFF18802004A
S3150000E000F78802005189020010B5074BD3F8784310
S3150000E01004F58D500830FDF703FB00B1FEE704F56B
S3150000E020805484F8A60110BD900D0020084B03F51E
S3150000E0306172D2E8AF2FD20707D493F8842322B9AE
S3150000E040C3F88823012283F884230248704700BF5F
S3150000E050900D00201811002008B513468288232A47
S3150000E06005D90A460068012107F027FE00B1FEE740
S3150000E07008BD0EB4034617B505A951F8040B5C6933
S3150000E08001910CB19A69A04703B0BDE8104003B0F6
S3150000E090704770B5012905461446C2B005D112680D
S3150000E0A01649FFF7E6FF00200EE002290BD11449BE
S3150000E0B01068FFF79FFE30B101AE31466068FFF78A
S3150000E0C08DFC034610B1072042B070BD31680A24AA
S3150000E0D0FF2928BFFF2102A88B4206D1002202A9F0
S3150000E0E0CA5428460A460549DBE7B3FBF4F204FBAB
S3150000E0F01232303200F8012B0133EDE7BA8B020001
S3150000E100C889020013B50C4629B90E49FFF7B1FFBD
S3150000E110204602B010BD012904D169461068FFF7F8
S3150000E1200CFC08B10724F3E7009B019AB3F5807F46
S3150000E13072F10002F6D20B3BDBB20F2BF2D80C24A5
S3150000E140E6E700BFCB89020070B586B011B90C2096
S3150000E15006B070BD14681D492046FFF74BFE002827
S3150000E160F5D120461A49FFF745FE0028EFD11023C6
S3150000E170ADF8143044B3204616F0A0F8431C212B0A
S3150000E1804FEA530520D801AE00F001003544AE42F7
S3150000E190DDD0B8B920780DF10301FFF7FCFA98B984
S3150000E1A09DF8032001341201D2B220780DF103014B
S3150000E1B0FFF7F1FA40B99DF8033001341A4306F827
S3150000E1C0012BE4E70022F0E70720C1E7C28802003E
S3150000E1D0C98802000368006E93F844100AF062BD15
S3150000E1E0044B006E93F88C13490001F0FE010AF00F
S3150000E1F059BD00BF900D00203221006E0AF052BDBD
S3150000E200AF21006E0AF04EBDF8B505460E46002455
S3150000E210012707FA04F3334204D10134202CF8D144
S3150000E2200020F8BD286EE1B20AF03CFD0028F4D0CB
S3150000E230F7E7D0F8B010E7E70049E5E700F8FF0791
S3150000E2400049E1E700F8FF070368996C41B190F8CF
S3150000E2507139034493F97619013118BF0121490038
S3150000E260006E0AF01FBD0346002110B400F1100233
S3150000E27053F8044F0CB10131C9B29342F8D1006E84
S3150000E2805DF8044B0AF00EBD0021006E0AF00ABDCF
S3150000E2900421006E0AF006BD90F8E010006E0AF048
S3150000E2A001BD9C21006E0AF0FDBC0221006E0AF041
S3150000E2B0F9BC232070477F2973B51DD9B1F5804F6E
S3150000E2C01CD3B1F5001F1BD3B1F1805F34BF04220C
S3150000E2D0052200246D46561EB442CBB212D102F17D
S3150000E2E00801694403F07F0301F8093C00686946A8
S3150000E2F00AF006FC02B070BD0122EAE70222E8E756
S3150000E3000322E6E763F07F0305F8013BC909013400
S3150000E310E2E72DE9F0470568044695F81C900E469D
S3150000E320B9F1020F25D0AB6AD0F82C80984523D1DD
S3150000E3304B464146EA6A2846FFF73CFED4F828A039
S3150000E34007464B46524641462846FFF733FE87426C
S3150000E35012D9C5F82CA094F825300021204684F85F
S3150000E3602430FFF7A8FF28B931462046BDE8F0471C
S3150000E370A1E70D20BDE8F0870720FBE7022160300A
S3150000E380C7E7D0F8AC10603095E710B500F160042F
S3150000E39004212046FFF78FFF20B92046BDE8104034
S3150000E3A0032188E710BD0321603084E70021603037
S3150000E3B081E710B500F1600405212046FFF77BFFD9
S3150000E3C040BB0C212046FFF776FF18BB18212046DC
S3150000E3D0FFF771FFF0B922212046FFF76CFFC8B99D
S3150000E3E040F201212046FFF766FF98B940212046FA
S3150000E3F0FFF761FF70B941212046FFF75CFF48B97E
S3150000E40042212046FFF757FF20B92046BDE81040BD
S3150000E410432150E710BD0B2160304CE704216030EA
S3150000E42049E750F8603BB3F8581041F0340142E731
S3150000E43030B5164A87B002AC5168054610682246C8
S3150000E44004AB03C3124B134913F801098B4202F8BC
S3150000E450010BF9D10822204604A916F0CAFE60B9BC
S3150000E4600D4B9A6CDB6CCDE900236A46234613F804
S3150000E470011D9A4204F8011BF9D10822286E0DEB02
S3150000E48002010AF03DFB07B030BD00BF528A020010
S3150000E4900900E00F0100E00F0080E00F016808228C
S3150000E4A0006E62310AF02CBB0368006E996C00396D
S3150000E4B018BF01210AF0F8BB90F87139034493F8AC
S3150000E4C06A19006E0AF0F0BB0021006E0AF0ECBB80
S3150000E4D090F87139034493F87A19006E0AF0E4BB98
S3150000E4E02DE9F0431E4BC3B0B3F88E230123120A65
S3150000E4F0934040F2A17213420FD04FF0000902AFD1
S3150000E5004FF480720021384615F0CAFC4D46154C72
S3150000E510154EDFF8608023781BB9002043B0BDE8B4
S3150000E520F083124B05F00302032A18BF43460193FA
S3150000E53056F8043B4FF4807100930D4A234607EBCF
S3150000E54009000DF069FE14F8013B002BFBD16A1C93
S3150000E550D5B212F003021CBF4844C2B29146DAE7B4
S3150000E560900D0020E8660200803D0020518A0200DE
S3150000E5705E8A02005B8A0200034668B1017E8A1E3B
S3150000E580012A0BD80329C26903D1012A01D1FBF75D
S3150000E5907ABA1AB1013ADA61002070476FF0960034
S3150000E5A0704707B500216A4608F022FB8C3018BF79
S3150000E5B0012003B05DF804FB13B500216A4604464A
S3150000E5C008F016FB8C3002D1002002B010BD0021ED
S3150000E5D0204608F030FB014610B16FF09800F4E7D2
S3150000E5E06A46204608F004FB8C30EDD0F5E72DE9AD
S3150000E5F0F04F05461646884687B0002900F0A080F1
S3150000E600002A00F09D80B2F5005F80F09C8002F148
S3150000E61024073946012007F0DDFF0446002800F0F4
S3150000E62095804FF0000A4B4AC0F808A0D2F8E430B3
S3150000E63041460360D2F8E830243040F8203C6B684D
S3150000E640324640F8183C2B8820F8143C6B8820F89A
S3150000E650123CAB6840F8103CEB6840F80C3C2B6968
S3150000E66040F8046C40F8083C15F07EFDD5F814809F
S3150000E6704046FFF796FF01285FD040F26C739F4239
S3150000E6803DD806F1340949460120CDF810A007F01F
S3150000E690A1FF054698B349460DF1100B07F022F885
S3150000E6A02B46012240465146CDE901ABCDF800A0EC
S3150000E6B008F05CF90646D0B9274B3A462146C5E92B
S3150000E6C002802B60686005F1100015F04DFDDDF845
S3150000E6D010A04B462A465146204806F0BBFBC0B95F
S3150000E6E0504607F04BFB013008BF6FF08606284600
S3150000E6F0494606F0F7FF284617F02EFA66B16FF086
S3150000E700980539462046F9F79BF9284607B0BDE833
S3150000E710F08F6FF09106EAE75A464046314608F018
S3150000E72067FA054620B9049B9F42EAD06FF0980528
S3150000E7304046002108F07FFAE3E76FF08A05E0E73C
S3150000E7406FF08605E1E76FF08D05DEE76FF08C056B
S3150000E750DBE700BFD0660200105D175ED80A002016
S3150000E760094B091A891030B559430246002324255E
S3150000E7708B4205FB032004D0046A04B130BD01338B
S3150000E780F6E70020FAE700BF398EE33870B50D468C
S3150000E7900668EFF31182302181F311880021046AA3
S3150000E7A0016282F31188BFF36F8F002C00DC70BD0D
S3150000E7B03046013CA847F8E7022016F051BD08B5DF
S3150000E7C00C4AD2F898335BB9D2F89C336BB9FFF791
S3150000E7D0F3FF40B9BDE808404FF4F85016F040BDCD
S3150000E7E01B68012BF0D1012008BD1B68012BEED15F
S3150000E7F0F9E700BF900D00202DE9F3410F4C844648
S3150000E800D4E9E86586EA020885EA030708EA00080B
S3150000E8100F4058EA07000DD0D4F87C0350B1CDE97B
S3150000E820002386EA080662460B467D4015F066FE22
S3150000E830C4E9E86502B0BDE8F08100BF900D002094
S3150000E84038B5104B0D4603F14802841A1E22E41017
S3150000E850B4FBF2F4E4B203EB4402A2F87012D3F86C
S3150000E8607C03224616F01FF800B1FEE74FF6FF7351
S3150000E8709D4206D00123044A01341178A3400B437C
S3150000E880137038BD900D00207C3F002073B50546FF
S3150000E8900DF106019030FFF7B4F8044670B92D6803
S3150000E8A0AB6C6BB1BDF806606B6D3146D869FFF78E
S3150000E8B0C7FFA5F84660204602B070BD0624FAE7F9
S3150000E8C00D24F8E708B5084B03F14802821A1E200A
S3150000E8D0D210B2FBF0F2D3F87C03D2B215F0E9FF06
S3150000E8E000B1FEE708BD00BF900D002037B5054614
S3150000E8F00DF106019030FFF784F8044668B92B68DD
S3150000E9009A6C62B1BDF80610A3F85E105B6DD8690B
S3150000E910FFF7D8FF204603B030BD0624FAE70D24E2
S3150000E920F8E7074AB2F8B033FF2B07D092F8AE03E8
S3150000E930FF2803D0C01A18BF012070470020704777
S3150000E940900D0020FF2330B585B08DF804300023EC
S3150000E9500546CDE90233FFF7E4FF1B4C0246D0B172
S3150000E960B4F8AE33AB4204D0B4F8B033AB4200D007
S3150000E970FEE716F0ABFC1549D4F87C0315F0F2FF60
S3150000E98000B1FEE74FF48062D4F87C03114615F01F
S3150000E99008FE40B1FEE74FF48061D4F87C0315F021
S3150000E9A000FE00B1FEE7D4F87C03294601AA15F063
S3150000E9B025FD044630B901460B2017F0CDFB204655
S3150000E9C005B030BD0120FBE7900D00203811002076
S3150000E9D0F0B589B0FFF7F0FE00B9FEE73D4CD4F87C
S3150000E9E0941301B9FEE7102016F03AFC8B88002636
S3150000E9F08DF80B3001230DF10B011A46D4F87C0378
S3150000EA0015F089FE9DF80B20D4F89413023A0023E2
S3150000EA1092B20968D4F87C0315F07DFE2E4B05965C
S3150000EA200693D4F89433079693F82C2020208DF87B
S3150000EA3014201B6805AF1D78C5F3401516F010FCB1
S3150000EA4050B10AF0BBF93146202016F0F1FB3146F1
S3150000EA504FF4004016F0ECFBD4F89463D4F87C43F2
S3150000EA607369C3B9102016F0FBFBB17968B11B4B73
S3150000EA70327E20469A711A7C0433DA702A46009751
S3150000EA8015F0B1FC00BB09B0F0BD3B462A46204656
S3150000EA9015F0A7FCF6E7002296210492326920467B
S3150000EAA013440E4AA3F59B7311831432B179039371
S3150000EAB0009201972A4603AB15F097FC20B9012175
S3150000EAC0402016F0B5FBDEE74FF4805017F084FACD
S3150000EAD0D9E700BF900D002020A107007C3F002051
S3150000EAE010B5084A92F8B41351B90124102882F8D7
S3150000EAF0B44300D0FEE716F09BFBBDE8104067E785
S3150000EB0010BD00BF900D0020034670B558B30268D3
S3150000EB10022A28D14279817995001348B1B1012A98
S3150000EB2019D85242A0F5547402F0F0021444284455
S3150000EB301E79FFF7ADF994F8E43076B29BB1206AFE
S3150000EB403146BDE870405430FEF7E7BE2844BDE8C4
S3150000EB507040FFF79DB928441B79FFF799F9002308
S3150000EB6093F8E430FFDE70BD2811002038B5144656
S3150000EB70002A39D0D168936801391C4D9942D5F8DD
S3150000EB807C034FF0FF3118BF002115F039FC10F55A
S3150000EB90007F0CD180232374A368E26801339A4274
S3150000EBA0A3600FD92046BDE8384009F0FDB800281B
S3150000EBB094F91030B8BF033040F387008342B8BFE2
S3150000EBC02074E9E794F91030237102232360A379B6
S3150000EBD013B12046FFF798FFD5F87C030022BDE865
S3150000EBE03840802115F0DDBC38BD00BF900D0020F7
S3150000EBF008B5074BD3F87C0315F09DFC30B1054BE7
S3150000EC00B3FBF0F083B20BB1184608BD0120FCE758
S3150000EC10900D002040420F00F8B506462C4D336893
S3150000EC200C46D5F87C031BB3972115F038FE024637
S3150000EC3000B1FEE73168D5F87C030DF095FD00B113
S3150000EC40FEE73168D5F87C0315F05EFC3179814228
S3150000EC5000D0FEE7D5F87C030DF036FF00B1FEE7E5
S3150000EC600122D5F87C03114615F04DFE20B1FEE7D2
S3150000EC7008F096F900B1FEE70322D5F87C031146A9
S3150000EC8015F031FE7F2C20D0D5F87C0315F0CFFC93
S3150000EC90042814D104EB84046400D5F87C730A219B
S3150000ECA0384615F0C6FC40F6E441384615F0C3FC7C
S3150000ECB02146D5F87C030DF01FFF30B1FEE7D5F8ED
S3150000ECC07C030DF035FF0446E7E7C5F8B863F8BDE9
S3150000ECD0900D002038B50446164D16F0F7FA237D40
S3150000ECE095F8C0239A4223D895F8C1239A421FD398
S3150000ECF0D5F8B83305F56F70834202D07F21FFF750
S3150000ED008BFF8022D5F87C03114615F04AFC10B122
S3150000ED10012000230AE0207DFFF714FE0028F7D12A
S3150000ED20204609F041F80028F2D10123236038BDBE
S3150000ED302120EEE7900D00202DE9F8430546FFF768
S3150000ED403BFD18B17F252846BDE8F8832B4E06F11A
S3150000ED504803ED1A1E23ED10B5FBF3F5EDB2012DB8
S3150000ED6000D9FEE706EB8503D3F89883AF00B8F128
S3150000ED70000F3DD106EB45031820B3F8AE9307F01C
S3150000ED8033FC5FFA89F9A0F814904FF08009C0F8B7
S3150000ED900080457180F8049080F80680C0F80880ED
S3150000EDA00446FFF725FFC0001028D6BF1023012315
S3150000EDB0B3FBF0F384F810902046E360FFF78AFF78
S3150000EDC058B93744C7F898432368012BFCD02579F6
S3150000EDD020466DB2FFF798FEB5E73E44D6F8983365
S3150000EDE0A34205D0204609F0F1FF204616F0B4FEF6
S3150000EDF003483844FFF74CF8A4E700BF900D002005
S3150000EE002811002010B504460068FFF795FFC1B22F
S3150000EE10206EBDE8104009F045BF2DE9F047274EAA
S3150000EE20894606F14803C51A1E23ED10B5FBF3F516
S3150000EE30EDB2012D904600D9FEE706EB8503D3F827
S3150000EE4098A3AF00BAF1000F36D1182007F0CCFB1B
S3150000EE50A0F8149045714FF080090125C0F800A074
S3150000EE60857180F80490C0F808A00446FFF7C0FE3C
S3150000EE70C300B8EBC00F28BFB8FBF3F52046E5602A
S3150000EE8084F81090FFF726FF054628B93744C7F8DF
S3150000EE9098432846BDE8F0873E44D6F89833A34207
S3150000EEA005D0204609F092FF204616F055FE04488C
S3150000EEB03844FEF7EDFFECE70425F8E7900D002057
S3150000EEC02811002038B50F4B0C4693F8C023824218
S3150000EED015D893F8C123824211D303F56F75D3F881
S3150000EEE0B833AB4204D10846FFF756F8002038BDC8
S3150000EEF009F064FF21462846FFF78EFEF6E7072055
S3150000EF00F5E700BF900D002070B504460D46FFF7EB
S3150000EF1053FC68BB1E22184E06F14803E31ADB10A9
S3150000EF20B3FBF2F3DBB2012B00D9FEE706EB83025B
S3150000EF30D2F8982312B11268012A19D006EB4303BE
S3150000EF40A3F8AE5309F0B2FE01462846FFF7BAFF12
S3150000EF5080B92846FFF7F6FC044638B9014620205A
S3150000EF6016F066F986F8CE5386F8FE53204670BD35
S3150000EF700D24FBE70724F9E7900D00200068C3E79E
S3150000EF8010B5836804465BB1406921791C30FFF7F0
S3150000EF90F5FF20B9A37E022B01D00223A37610BD74
S3150000EFA00D20FCE7F0B5012985B003D007242046E3
S3150000EFB005B0F0BD69461068FEF7BFFC03460028A1
S3150000EFC0F4D1009E019AB6F5807F72F10002EDD26F
S3150000EFD0F0B2A0F10B020F2AE8D80093CDE9013375
S3150000EFE0FF23094F8DF8003097F98013FFF76AFF6A
S3150000EFF0044600B1FEE76A46D7F87C03B1B215F0C5
S3150000F000FDF90028D3D0FEE7900D002010B5EFF3F0
S3150000F0101182302383F31188084B03F14804001B47
S3150000F0201E24C010B0FBF4F0C0B203EB8013C3F88B
S3150000F0302C1482F31188BFF36F8F10BD900D002042
S3150000F04008B5302383F311884FF000534FF20F02B7
S3150000F05018805A80BFF35F8F04F036FD2DE9F0412A
S3150000F0606C4A6D4B55686D4C5D65516A99656C4986
S3150000F070D1F80002D865D1F80412586B1966916A66
S3150000F08010F0040F5966D16A4FF000009966116BB3
S3150000F090D966516B1967D26BD8645A67D3E90E12D9
S3150000F0A018BF11465F4A91421A655DD301F12000EF
S3150000F0B0A04259D88869C5F308051864CE69062D9B
S3150000F0C05E6455D1584DA84252D3584DA8424FD2EE
S3150000F0D005884DF6426085424AD11868C3F890000B
S3150000F0E05868C3F8940040F20170A242154604D253
S3150000F0F02E680432B6F1CD3FF7D00022C3E91E22B6
S3150000F100C3E92022C3E92222641BDFF81CC1434D58
S3150000F110DFF818E19C648D422DD8D3E91EC7D3E9E8
S3150000F1202065D3E922414FF0000E013AD2B2FF2A00
S3150000F1303CD1BEF1000F05D0C3E91EC7C3E9206567
S3150000F140C3E92241B3F85430C3F308030C2B3BD870
S3150000F150022B54D9DA1E092A51D8DFE802F03157BA
S3150000F160404350505050504D0021C3E910112D49D5
S3150000F1704FF42060B9E755F8044D6445CBD3744588
S3150000F180C9D2E607C7D50026294F57F8048FA045F0
S3150000F190C1D00136062EF8D132B1013AD2B202F10F
S3150000F1A01E0643F82640B6E70522F8E7E0464FF08C
S3150000F1B0010EBC4637462E4625460C464146B4E768
S3150000F1C040F60120BDE8F0813B2B18D1194B9B6915
S3150000F1D013F0020F40F2025318BF1846F2E740F64A
S3150000F1E00320EFE740F6042240F20173B0F5206FEA
S3150000F1F00CBF10461846E5E740F60520E2E740F664
S3150000F2000722013B4B2B98BF1046DBE740F6022056
S3150000F210D8E700BF00ED00E0803D0020C80A0020CE
S3150000F22000E100E008000020A04100008063020029
S3150000F230F43D00200080015A1022002114F030BE57
S3150000F24070B5144D05F59563D3E8AF4F14F001047E
S3150000F25016D195F8A8349BB9C5F8AC4405F5966661
S3150000F26030191034FFF7E8FFA02CF9D10B220A4B16
S3150000F270013A194603F1100304D1012385F8A83495
S3150000F280064870BDD5F8AC0443F8100CC5F8AC14AC
S3150000F290EEE700BF900D0020401200203C12002037
S3150000F2A008B5FFF789FA014620B9202015F0C0FFFE
S3150000F2B016F00CF8002008BD094AB2F8503503B91B
S3150000F2C0FEE748F24E30D2F85435A3FB003010EB7F
S3150000F2D0530044BF20F000400130C2F85405704787
S3150000F2E0900D0020836853B903685A6812B95860B4
S3150000F2F080607047926882605A6890605860704774
S3150000F300002337B500F58D54083405460C221946FE
S3150000F310204609F0F1F92E2834D0042809D11A4BD9
S3150000F320D3F8780300F58E500C3003B0BDE83040BA
S3150000F330D8E700B1FEE7204601A9F7F771FD58B9F5
S3150000F340019B124A20469A65F7F75DFD204601A902
S3150000F350F7F766FD08B1FEE7FEE7019B0C4A20467B
S3150000F360DA65F7F750FD204601A9F7F759FD00B118
S3150000F370FEE7019B074A20465A67F7F744FD064B0E
S3150000F380C5E9083503B030BD900D0020EDFF000043
S3150000F39095D70000A9F30000B9F30000014BD3F89C
S3150000F3A07803ADE7900D0020024BD3F8780300F503
S3150000F3B08E5097E7900D002000F5805393F8A62114
S3150000F3C032B193F8A7311BB900F58D50143089E797
S3150000F3D070472DE9F041936805460C461646984756
S3150000F3E03246074621462846FEF703FA6868002299
S3150000F3F003466BB1A168D3F808E0A1EB070CAEEBAE
S3150000F400070898EA0C0F14D4A1EB0E01002908DABC
S3150000F41052B9E0606C6031462846BDE8F041FEF71F
S3150000F420CEB91A46DB68E4E7D368E360D460BDE88A
S3150000F430F081BCF1000FEAE701688A6A8B6B086B02
S3150000F440934208BFCA6A03F1804304BF0132CA620D
S3150000F4508B63024A30310830BBE700BFD06602003A
S3150000F46000F44052B2F5005F034622D148F2400252
S3150000F47020F44E5020F03F0090421ED010D8B0F538
S3150000F480446F1AD007D8B0F5046F18BF002814BF10
S3150000F490012000207047B0F5004018BF01207047DA
S3150000F4A04CF6404203F44C43B3F5404F18BF90422C
S3150000F4B0EDE700F44063181EEFE70020704700F404
S3150000F4C04053B3F5005F04D100F44C43B3F54C4F01
S3150000F4D008D0B0F5804F05D3C0F3801080F001004E
S3150000F4E0C0B270470020704710B58388032B12D92D
S3150000F4F0006809F079FC80F480720446C2F30021AA
S3150000F500FFF7AEFF48B98A1CC4F38123022B06D04D
S3150000F510032B16D02BB1FF2012E00A1DF4E70232AE
S3150000F520D2B22046FFF7CBFFC4F3813402EB400290
S3150000F530022CD0B207D0032C08D0002C18BFFF2015
S3150000F54010BD0832ECE70230C0B2F9E70830FBE73D
S3150000F55010B583880446022B07D9006809F0C8FC59
S3150000F56018B12046BDE81040BEE7FF2010BD38B5F3
S3150000F57005460C46FFF7ECFFFF2817BF2B68062051
S3150000F5801B5C00201CBF03F00703237038BD38B591
S3150000F59005460C46FFF7DCFFFF2817BF2B68062041
S3150000F5A01B5C00201CBF03F01803237038BD38B560
S3150000F5B005460C46FFF7CCFFFF281FBF431C2A68F1
S3150000F5C0DBB2D3581ABF00202360062038BD38B5F9
S3150000F5D005460C46FFF7BCFFFF2800D1FEE72A6868
S3150000F5E0431CD9B2545452FA83F3220A5A70220C9D
S3150000F5F0240E9A70DC702B7F43F001032B7738BD05
S3150000F60070B506460D46FFF7A3FFFF28044609D04E
S3150000F6103268105CFEF751F9224402440020537907
S3150000F6202B7070BD0620FCE770B506460D46FFF749
S3150000F6308FFFFF28044600D1FEE73268105CFEF714
S3150000F6403CF922440244557170BD10B50446FFF7DB
S3150000F6507FFFFF2806D02368185CFEF73AF90230D0
S3150000F660C0B210BD0220FCE770B50546FFF73CFFAF
S3150000F670FF28044611D02E68304609F039FC60B1E7
S3150000F680A9888C420BDA305DFEF738F9FF2808D0DE
S3150000F6900444E4B2A142B8BFFF24204670BDFF2453
S3150000F6A0FBE70446F9E7F8B50746FFF7DDFFFF2855
S3150000F6B0044633D03D68284609F096FB8305064686
S3150000F6C01CD53846FFF7C1FFB988A21C93B210FAC1
S3150000F6D082F28A4205EB040720DC2A5D02F07F02F3
S3150000F6E013449CB210FA83F3994217DB3A8802F46A
S3150000F6F0FF42B2F57E5F01D09942E6DC2B7803F03B
S3150000F7000703032B06D106F44056B6F5005F1CBF6F
S3150000F7100134A4B2FE2C01D82819F8BD0020FCE75C
S3150000F7202DE9F047794F054697F874930E4614462F
S3150000F73086B0B9F1000F36D10846FFF7B4FF804610
S3150000F74088B390F800A00AF03C030C2B0ABFCAF35A
S3150000F75040094B4689F00103B6F80490B9F1090F48
S3150000F76021D903B3306809F03FFB10F4405F1AD18A
S3150000F7700AF0C30ABAF1010F21D198F80130E32B40
S3150000F78015D184B197F85835022B0CD1D6E902046D
S3150000F79045F2082103230A185D4987F8583544F1D4
S3150000F7A00003C1E90023002006B0BDE8F08784F01D
S3150000F7B00104F32B14BF002004F00100F4E7BAF1B2
S3150000F7C0800FF0D1B9F10D0FEDD998F8013003F0A3
S3150000F7D0F8025CB9802AE6D113F007033CD198F809
S3150000F7E00630F02B04D184F00100DDE7402AF2E771
S3150000F7F0E02B08D003F11C02D2B20B2A03D95033F6
S3150000F800DBB20F2BCFD8002CCDD097F85835022B72
S3150000F810C9D11E223F4C08F102002B1BDB10B3FBA3
S3150000F820F2F33022DBB202FB0373D3F8681504222D
S3150000F830093115F0DEFC0028B5D1D6E9020545F2FE
S3150000F840082103230A1887F8583504F5A36445F1FF
S3150000F8500003C4E90023A6E7022BA4D198F80330DD
S3150000F860F02BC0D0E02B08D003F11C02D2B20B2A39
S3150000F87003D95033DBB20F2B95D8002C93D097F8D1
S3150000F8805835022B8FD11E23224CE9462C1BE4103F
S3150000F890B4FBF3F400238DF814303023E4B203FBF9
S3150000F8A0047303AD2946D3F8680509F0A8FA40B9F0
S3150000F8B09DF81430012B1AD0022B1FD00BB98DF8EE
S3150000F8C008302946304609F0F4FA08222946484607
S3150000F8D015F08FFC00287FF466AF302303FB047419
S3150000F8E0D4F8683598F80220DB7B9A424DE78DF80C
S3150000F8F00830BDF80C30ADF80030E2E795E80300BB
S3150000F9008DF80830CDE90001DBE700BF900D00203F
S3150000F910F0120020D80D00201E2238B5114C0546E5
S3150000F92004F14803C31ADB10B3FBF2F3DBB204EBBA
S3150000F930831393F82824D3F8303484F8DC2304F5B1
S3150000F94072710122C4F8D833FFF7EAFE95F8E43065
S3150000F9503BB1286A94F8C8155430BDE8384008F021
S3150000F9603DBA38BD900D002010B50446FFF79BFE4A
S3150000F9702368C01AC0B210BD70B505468688FFF769
S3150000F980F3FF04462846FFF760FE0444301B80B2AE
S3150000F99070BD2DE9F04FD0F8009004469BB0484664
S3150000F9A00E4609F0A5FA002800F0CB8107AD2946DE
S3150000F9B02046FFF7ECFD0746002840F0C2819DF87F
S3150000F9C01CA0BAF1080F40F0BC81237FDA0600F1D3
S3150000F9D0B881DFF87C8399F8009008F14803F61A9D
S3150000F9E01E2309F00709F610B9F1020FB6FBF3F66C
S3150000F9F01CD129468DF81C002046FFF701FE9DF814
S3150000FA001C10002900F0AE81F6B208EB861393F8BD
S3150000FA1029345A1E91420FD08B420CD001339942A1
S3150000FA2000F0188150461BB0BDE8F08FF6B208EB27
S3150000FA30861393F829140127C34B07EB860003EBC3
S3150000FA4000130C33A360237FDB0720D4EFF3118070
S3150000FA50302383F3118808EB8613D3F82C747A1CB1
S3150000FA60C3F82C242268127802F00702022A04BF87
S3150000FA7083F82814C3F8307480F31188BFF36F8FAE
S3150000FA802046FFF7D1FD39462046FFF7A0FD0023AB
S3150000FA902068029309F02CFA002800F052812046D3
S3150000FAA00DF10701FFF763FD002840F04A8120466B
S3150000FAB002A9FFF77CFD8146002840F04281A34958
S3150000FAC0029B01EBC60C51F83600DCF804101ABA9A
S3150000FAD09DF8077003AB03C3204605928DF8187096
S3150000FAE0FFF7B3FDA0F10208A3685FFA88F8B8F142
S3150000FAF0030F139340F2B0802046FFF73DFF4E46BA
S3150000FB0082460346721C002B40F0A780F6B2022EF6
S3150000FB1038BF02262046022EC6F10F0718BFFFB2D5
S3150000FB20FFF722FF021E18BF0122013E4FEA6803BB
S3150000FB30F6B2013B46EAC30343EA821303A93A46F7
S3150000FB4083460DF11D008DF81C3014F00DFB524656
S3150000FB500F230BA99F42C0F083802A46294613989B
S3150000FB6016F090FABBF1000F07D04FF002099DF88E
S3150000FB701D308BEA03038DF81D303A4603A90DF1BB
S3150000FB802D008DF82C6014F0EFFA07F1110000211A
S3150000FB90C7F10F02284414F083F90023CDE9153A82
S3150000FBA01793102320468DF86470CDF850B0ADF849
S3150000FBB06090ADF862308DF86580FFF7D5FE83451D
S3150000FBC0064653D3276800EB0708B8454FD1159B67
S3150000FBD01E44149B15969E420AD1BDF8603023B18F
S3150000FBE02A462946139816F04DFA0023ADF86030E0
S3150000FBF02046FFF7C1FE179B169A0344934206461A
S3150000FC004CD82046FFF74FFD4FF00009074606EB9C
S3150000FC100008B84543D1179B1E44169B17969E4273
S3150000FC2013D3BDF8603023B12A462946139816F03F
S3150000FC3029FA9DF864200E2A07D802F11100002146
S3150000FC40C2F10F02284414F02BF9DDE916329A426C
S3150000FC5062D0FEE74F46EFE6FEE716461B0A51E77F
S3150000FC60013B01F8012DDBB2120A73E7FEE7BDF88E
S3150000FC706030102B05D12A462946139816F002FA51
S3150000FC8000235A1C6833ADF860206B4417F8012B2B
S3150000FC9013F84C1C4A4003F84C2C96E7FEE7BDF8D7
S3150000FCA06230102B13D10F219DF864000FAA8142F8
S3150000FCB005DD12F8013D0133DBB2137053B313981F
S3150000FCC00FAA0BA916F0DEF90023ADF862905A1CB4
S3150000FCD0683397F800A06B44ADF8622013F82C3C0B
S3150000FCE08AEA030307F8013BBDF86030102B05D103
S3150000FCF02A462946139816F0C5F900235A1C68337C
S3150000FD00ADF860206B4413F84C2C8AEA020A03F81B
S3150000FD104CAC7EE70139CAE72046FFF796FCA78878
S3150000FD200FAA3F1A0BA91398266816F0ABF9002301
S3150000FD30F0199DF8652093420CDB237F43F01003F6
S3150000FD4023774FF0000A6DE6B81100205913002002
S3150000FD50900D002015F8012B0133E97F4A4000F889
S3150000FD60012BE6E74FF0010A5CE601F1080313F800
S3150000FD70012D8B4200F8012BF9D1704713B50446CB
S3150000FD806846FFF7F2FF246869462046FDF7D4FC73
S3150000FD9080B20F282FD91E21184AA31ADB10B3FBF5
S3150000FDA0F1F3DBB202EB831202F2AE21002211F86C
S3150000FDB0220028B10132102AF9D1032002B010BD69
S3150000FDC00F4901EB43001B0103FA82F201EB8202A9
S3150000FDD0BDF80030BDF80210B0F870020B44BDF853
S3150000FDE004100B44BDF806100B440344A2F8F43289
S3150000FDF0012382F8F6320020E0E700BFD80D00208C
S3150000FE00900D002038B54FF6FE7300250446438159
S3150000FE108381C38AC58003F0FE0343F4FE4343F0A7
S3150000FE200103C3820572C0F80E50C0F812508561F6
S3150000FE302C30FFF701FA04F13C00FFF7FDF904F15D
S3150000FE404C00FFF7F9F9E565A4F8605004F1640089
S3150000FE50BDE83840FDF712BD37B505466846FFF7E1
S3150000FE6084FF1E210D4B2A686C46D21AD210B2FBB3
S3150000FE70F1F20721D2B203F2815303EBC203605CB5
S3150000FE80013903F8010BFAD2054B2146D3F87C035E
S3150000FE9014F015FD00B1FEE703B030BDD80D00200B
S3150000FEA0900D0020036810B55A1E114603628B425E
S3150000FEB011D841620221017700210163A1F5803149
S3150000FEC0C0E90A33C0E90D13934207D8C0E90F23EE
S3150000FED0C0E9113310BD04892144E8E701890A44C9
S3150000FEE0F2E7012B10B5044608460AD0022B0FD0C4
S3150000FEF01BB963681044834200D910BD2289801A59
S3150000FF00F9E72368881A8342F7D922891044FAE769
S3150000FF109C21024B024A03480BF0CCFCF1880200FC
S3150000FF206D8A0200518902002DE9F04790F82420DD
S3150000FF3012B90D20BDE8F087013A0568D2B280F803
S3150000FF40242095F81C90B9F1020FF2D000EBC20400
S3150000FF50AB6AA6689E42ECD1D5F82CA031464B463A
S3150000FF6052462846FEF726F86768804631464B46D5
S3150000FF703A462846FEF71EF880450646D9D94B462E
S3150000FF80524639462846FEF715F80128D1D90236D9
S3150000FF90464512DC841EA4B23C702B7F01223946F2
S3150000FFA02846FFF79EFF240A0470014601222846D0
S3150000FFB02B7FFFF796FF0020BCE70720BAE7134622
S3150000FFC010B501220C78FFF78CFF03782402E018A5
S3150000FFD080B210BDC26B436A9A4205D1836B006A38
S3150000FFE01B1A5842584170470020704710B50E4BF7
S3150000FFF04FF40062D3F87843002104F6A61013F0FC
S315000100004FFF002204F5805383F8A72104F1140061
S31500010010FFF7E0FF30B904F58D501430BDE810400C
S31500010020FFF760B910BD00BF900D002090F8353084
S3150001003033B9C36B426A9B1A18BF012380F8343067
S3150001004070472DE9F04F5C4B85B0D3F8784304F542
S31500010050805898F8A63104F11407002B4DD098F872
S31500010060A731002B49D13846FFF7B4FF05460028D2
S3150001007043D1012388F8A7313846FFF7ABFF029039
S3150001008068BB3846FFF7D2FF94F8483004EB830388
S31500010090DB6CC4E9153308F09DFD4FF6FF73B4F828
S315000100A04A609E4216D13846FFF7C0FF94F848A031
S315000100B04FF00B0904EB8A03D3F84CB05B6B59463E
S315000100C0029E0393039B994221D194F849300BB1C7
S315000100D0A4F84A60AB1CF218B2F5006F38D30026BB
S315000100E004F58D5033462A46009604F6A6110830CB
S315000100F0F6F77EFF08B188F8A76198F8A631002BBC
S3150001010056D1384605B0BDE8F04F08F014BD524649
S3150001011038460291FFF753FF10F4004F029901D0C0
S315000101208B45D2D1C0F30D025346164438460232EE
S31500010130FFF7D7FE09F1FF3313F0FF090146B6B207
S31500010140C0D140F2AE311D4B1D4A1E480BF0B2FB29
S3150001015004F6A619310A09EB050209F805109944B6
S3150001016056709DB209EB060BD9451BD094F8492070
S31500010170032A17D0B2B1012A11D1E16D94F84830A2
S31500010180384691F800A0FFF7ACFEA36DE0659842F2
S3150001019002D1384608F01EFD09F801ABE4E74FF03D
S315000101A0000AF9E735443846ADB208F0C4FC63E706
S315000101B005B0BDE8F08F00BF900D0020C08A020097
S315000101C0DC8A020051890200416AD0E90E23994274
S315000101D009D1017F012906D0531E026893420ED32D
S315000101E04362C3637047016A914207D1027F2AB114
S315000101F042680133934205D20362836370470189E2
S315000102000B44EBE701895B1AF4E7037F022B06D067
S31500010210083350F82330C0E90A3302230377D3E7C2
S31500010220F8B5047F0546022C0E4605D1E6210E4B94
S315000102300E4A0F480BF03EFB2346B4FA84F4C76A14
S3150001024001223946FFF74DFE6409083455F824307A
S31500010250834203D03E70E8620020F8BD2846FFF7CE
S31500010260D4FF0320F9E700BF0D8B0200298B0200A2
S315000102705189020070B5D0E90A239A4204461DD17C
S31500010280037F0021083350F82350AB1A5D425D41CC
S31500010290FFF7C6FFED03014608B1032070BD2046F6
S315000102A0FFF7BEFF06460028F7D1A16A2D0A237F74
S315000102B0012220460D70FFF714FE06700020EDE7BF
S315000102C038B5037F0446022B0D4607D0FFF7D2FF50
S315000102D030B929462046BDE83840A1E70D2038BD92
S315000102E00320FCE738B504460D460068C9B2FFF79E
S315000102F0E7FF20B92068290ABDE83840E0E738BDA4
S3150001030050F8603BB3F84610ECE750F8603BB3F8A1
S315000103105E10E7E7B0F8B4106030E3E738B504469D
S315000103200D460068C9B2FFF7CBFF80B92068C5F357
S315000103300721FFF7C5FF50B92068C5F30741FFF74D
S31500010340BFFF20B92068290EBDE83840B8E738BD9F
S31500010350036893F8441071B10A2906D84FF4FA627A
S31500010360074B11FB02316030D8E7192905D841F254
S315000103708832044BF5E70449F5E70021F3E700BFAE
S3150001038040CB0D00B0DB2300CC3F0D0070B5D1B2E0
S315000103900446006816461D46FFF792FF30BB2068EB
S315000103A0C6F30721FFF78CFF00BB2068C6F30741A0
S315000103B0FFF786FFD0B92068310EFFF781FFA8B994
S315000103C02068E9B2FFF77CFF80B92068C5F30721F1
S315000103D0FFF776FF50B92068C5F30741FFF770FFB5
S315000103E020B92068290EBDE8704069E770BD00F5A7
S315000103F01A6353E902236030C8E738B50446084654
S315000104000D4613F05BFF4FF6FF73984228BF18465F
S31500010410294682B2206808F073FB014618B92068A4
S31500010420BDE838404CE738BD01496030E5E700BF1B
S31500010430BC67020070B590F824500446032D1DD800
S315000104400668337F022B19D03046FFF713FF0146AA
S31500010450B0B9F36A04EBC5056B60B36AAB6020689B
S31500010460FFF72EFF48B901462068FFF729FF20B99B
S3150001047094F82430013384F8243070BD0D20FCE754
S315000104800320FAE72DE9F843074616460C4600F124
S31500010490600500297BD0002A79D1B1F80480D1F812
S315000104A0009028464146FFF71DFF10B10120BDE827
S315000104B0F88342464946386E08F022FB0028F5D1FA
S315000104C094F915102868C9B208F0ECFB0028EDD1A3
S315000104D08021286808F0E6FB0028E7D1002C60D0CF
S315000104E0E17D090101F030012846FFF7FBFE0028F6
S315000104F0DCD12846FFF79EFF01460028D6D104B17C
S31500010500A179286808F0CEFB01460028CED104B1B6
S31500010510A17D286808F0C6FB0028C7D1002C42D06F
S31500010520D4E902232846FFF731FF0028BED1284629
S31500010530FFF7FAFC0028B9D12846FFF77BFF002810
S31500010540B4D131462846FDF7B6FE0028AED128467D
S31500010550FFF7EAFC0028A9D12846FFF76BFF014601
S315000105600028A3D104B1217D286808F09BFB00284F
S315000105709CD1DCB121692846FFF7D0FE002895D130
S315000105802846FFF7D1FC003818BF01208FE700216C
S315000105902846FFF7A7FE002888D1002C90D12146D6
S315000105A090E72146A0E700220023BBE72146E2E7C8
S315000105B010B5C38802895C1C944297BF0268062065
S315000105C0D35C0B709FBFC3880133C380002010BD6D
S315000105D013B50C460DF10701FFF7EAFF48B99DF87F
S315000105E0073013B9207002B010BD012B01D1237061
S315000105F0F9E70620F7E713B504460DF10701903038
S31500010600FFF7E6FF60B923689A6C5AB193F86A203E
S315000106109DF8071061F3000283F86A2002B010BD4D
S315000106200620FBE70D20F9E7002373B505460DF11A
S31500010630070190308DF80730FFF7CAFF0446A8B9C5
S3150001064028689DF80760836C23B15EB14030FEF7E0
S3150001065097FC044695F871391D4485F86A69204668
S3150001066002B070BD1C30FEF71BFEF3E70624F6E769
S3150001067007B590300DF10701FFF7AAFF48B99DF8BC
S31500010680073013B9044A82F82030012003B05DF81F
S3150001069004FB0620FAE700BF7C3F002010B590F866
S315000106A07119044601F67A1101449030FFF790FF63
S315000106B058B9226894F87139926C42B11C4494F885
S315000106C07A29044B83F8D92510BD0620FCE70D20B5
S315000106D0FAE700BF900D0020002337B505460DF15E
S315000106E0070190308DF80730FFF772FF0446B0B965
S315000106F09DF807302D68ABB905F1B800FDF7BEF8D6
S31500010700686D1C30FEF7CCFD012014F0A9FD20B167
S3150001071095F85A300BB185F85A400023AB64204650
S3150001072003B030BD95F85A306BB9012014F098FD2D
S31500010730686D1C30FEF7B4FD95F85A30012B1CBFCD
S31500010740012385F85A30014BE8E700BF8F110100FC
S31500010750002373B500F19006044601A930468DF8D1
S315000107600330FDF762F9054618B10625284602B0A1
S3150001077070BDB4F89620B4F898309A4236D0304617
S315000107800DF10301FFF724FF0028EED123689DF840
S3150001079003109A6C51B30AB90D25E7E7D3F8B020D7
S315000107A001998A42B3F8582038BFC3F8B0109006B1
S315000107B0DCD55B6D154ADB6902F148001B1A1E2068
S315000107C0DB10B3FBF0F3EFF31180302484F31188CF
S315000107D0DBB202EB8313D3F82C248A4238BFC3F869
S315000107E02C1480F31188BFF36F8FBFE723689A6CCF
S315000107F0002AD1D0B3F8582001999206C3F8B01057
S31500010800B4D55B6DD869FEF701FCAFE7900D00200A
S3150001081013B50C460DF10701FFF7CAFE10B99DF895
S315000108200730237002B010BD002307B590300DF1DB
S3150001083007018DF80730FFF7EBFF18B99DF8072080
S31500010840024B1A7403B05DF804FB00BF7C3F002025
S31500010850002337B505460DF1070190308DF80730B5
S31500010860FFF7D6FF044690B90A4A2B6802F1480100
S315000108705B1A1E21DB10B3FBF1F352FA83F39DF8E9
S31500010880072083F8ED2508F011FAFDF785FB2046D0
S3150001089003B030BD900D002007B590300DF1070172
S315000108A0FFF7B6FF00280CBF0C20062003B05DF849
S315000108B004FB002337B505460DF1070190308DF88D
S315000108C00730FFF775FE0446A0B99DF8073023B13E
S315000108D0013B012B09D9072404E02B689B6C5BB112
S315000108E008F04EFA204603B030BD2B689B6C1BB155
S315000108F00120F5E70624F5E70D24F3E7F7B50446ED
S315000109000025012700F19006B4F89620B4F8983036
S315000109109A4204D10020C4F8B05003B0F0BD30466D
S315000109200DF10701FFF744FE38B99DF807301F2B7B
S3150001093005D807FA03F31D43E6E70620EDE707208E
S31500010940EBE70023F7B506460DF1070190308DF868
S315000109500730FFF72DFE0446002847D19DF80730E2
S3150001096013B1022B03D00C24204603B0F0BD356829
S31500010970AB6C002BF8D096F87129324492F976398E
S31500010980013301D00D24EFE7D6F8B03083B3591EF9
S3150001099019422DD1B3FA83F3C3F11F0182F87619F7
S315000109A0AB6C002BEED095F85A30002BEAD0033B06
S315000109B0042BE7D9B5F858309B07D4D56B6DB6F83B
S315000109C0B470DE69FDF7FBFE30B94FF47A7230463A
S315000109D07A4389B2FEF721FA95F85A30052B1CBFE6
S315000109E0052385F85A30034B2B65BDE70624BBE783
S315000109F00724B9E7D511010037B500F19004054682
S31500010A000DF107012046FFF7D3FD18B10624204654
S31500010A1003B030BD20460DF10601FFF7F9FE04468D
S31500010A200028F3D19DF80710A1F10B030F2B15D860
S31500010A300B4A2B6802F148001B1A1E20DB10B3FB80
S31500010A40F0F3DBB202EB03129DF806300A4482F89A
S31500010A50E43508F02BF9FDF79FFAD8E70724D6E726
S31500010A60900D002013B504460DF107019030FFF7F4
S31500010A709FFD60B99DF8073003F0030304EB83047F
S31500010A806368002B14BF23200C2002B010BD062082
S31500010A90FBE7F0B50024C288036807899E18234640
S31500010AA0BF1A9F42C3EBC30E12D0052B10D016F806
S31500010AB003C001330CF07F0505FA0EF51CF0800F1B
S31500010AC044EA0504EDD11A44C28000200C6000E01E
S31500010AD00620F0BD002313B5044601A99030019309
S31500010AE0FFF7D7FFB0B923689DF80420996CA1B12F
S31500010AF083F8442023689A6C6AB194F871291444E6
S31500010B0094F86A293AB103F1400002B0BDE81040F9
S31500010B10FEF736BA062002B010BD0D20FBE72DE91F
S31500010B20F341044601A99030FFF7B3FFB0BB03467A
S31500010B3005464FF0010CDDF804E0194991F80880EB
S31500010B40B8F1000F1FD00A6896451CD1D4E9367654
S31500010B50A3F12002C3F120052CFA05F50CFA02F2E5
S31500010B602A430CFA03F52F431643C4E93676D4E932
S31500010B70347627EA050726EA0206C4E93476BEF189
S31500010B80000F08D1454601331F2B01F10C01D5D1C8
S31500010B90002D08BF072002B0BDE8F0810620FAE764
S31500010BA0006802002DE9F341044601A99030FFF7E0
S31500010BB070FF78BB034606460125DDF804E01649B9
S31500010BC091F80880B8F1000F19D00A68964516D138
S31500010BD0A3F12002C3F1200625FA06F605FA02F270
S31500010BE0324305FA03FCD4E9367627EA0C0726EAEE
S31500010BF00206C4E93676BEF1000F08D14646013336
S31500010C001F2B01F10C01DBD1002E08BF072002B01A
S31500010C10BDE8F0810620FAE70068020030B5C48815
S31500010C200389A5189D42D7BF036806201B190B60CF
S31500010C30DFBFC388D218C280002030BDF7B50E468B
S31500010C400DF1060105461446FCF7DBFE10B1062040
S31500010C5003B0F0BDBDF8067031463A462846FFF7A7
S31500010C60DDFF0028F3D12780F2E72DE9F04F00F1EF
S31500010C70900495B006460DF111012046FFF798FC48
S31500010C8020B10625284615B0BDE8F08F9DF8113034
S31500010C90082B01D00725F5E7204604A9FFF788FCB4
S31500010CA00028EED120460DF1120207A9FFF7C6FF73
S31500010CB00028E6D1BDF81230102BEBD120460DF1FC
S31500010CC0120206A9FFF7BAFF0028DAD1BDF81230E1
S31500010CD0102BDFD120460DF1120205A9FFF7AEFF59
S31500010CE005460028CDD1BDF81230102BD2D1DDE951
S31500010CF0054B079BD6F8009008AE30460CAF039320
S31500010D009DF810A00DF14008FEF796FA3846FEF759
S31500010D1093FA4046FEF790FAD9F84820002A47D0C0
S31500010D20B446039B03F1100E6246186859680833EE
S31500010D3003C273459446F7D15B46BC460BF1100ED0
S31500010D40624618685968083303C273459446F7D159
S31500010D502346444603F1100C2246186859680833A5
S31500010D6003C263451446F7D196E80F0009F18004E2
S31500010D7089F8B4A084E80F0097E80F0009F1900400
S31500010D8084E80F0098E80F0009F1A00484E80F0039
S31500010D90B9F858309B067FF575AFD9F85400CDF8F0
S31500010DA000803B4632465146C06906F0BFFF69E7FF
S31500010DB00D2567E737B50546082201A99030FFF7EB
S31500010DC02DFF044680B92B689A6C7AB10199586D4A
S31500010DD00A681C30C3F862204A68C3F86620FFF728
S31500010DE03BF8204603B030BD0624FAE70D24F8E7A8
S31500010DF037B5036804469A6C7AB31948DB69A0F5DE
S31500010E002B729B1A1E22DB10B3FBF2F3DBB24022DC
S31500010E10002100EB831013F043F804F19005B4F8B8
S31500010E209830B4F896209B1A9BB2072B01D8002064
S31500010E3011E00822284601A9FFF7F0FE50B9206803
S31500010E40836C53B101991C30FEF798FF0028E6D058
S31500010E50032000E0062003B030BD0D20FBE700BFF4
S31500010E608410002030B585B00446082201A99030CF
S31500010E70FFF7D4FE054620BB2468A36C1BB301997A
S31500010E8002A8FEF772FFE46902A92046FCF754FCAA
S31500010E9083B20F2B13D80D4B03F14802A41A1E225D
S31500010EA0E410B4FBF2F4E4B200EB041003EB8003AC
S31500010EB083F8F652A3F8F452284605B030BD0A2548
S31500010EC0FAE70625F8E70D25F6E700BF900D0020A5
S31500010ED0002313B50822044601A990300193FFF7B8
S31500010EE09DFE48B92068836C4BB101991C3002B054
S31500010EF0BDE81040FEF742BF062002B010BD0D202E
S31500010F00FBE72DE9F34100F1900420460DF10201C2
S31500010F10FCF777FD20B10625284602B0BDE8F08131
S31500010F200822204601A9FFF779FE0028F3D18DF8A2
S31500010F3001000DF101012046FFF73AFB05460028A5
S31500010F40E9D19DF80130DDF8048003F00106C3F311
S31500010F504000314646EA4006C3F3800046EA800671
S31500010F6003F008000643BDF80270C3F3C00206F0A1
S31500010F700F06B8F1000F44D019B913F0060F00D1CE
S31500010F80E2B1FDF753F80468002C35D1FEF758F9A4
S31500010F900468002C37D0236803602046FEF74CF91D
S31500010FA0FDF744F80368236004602671E780D8F8EA
S31500010FB00030A360D8F80430E360ADE7FDF736F8FA
S31500010FC002682B4614460CB91725A5E7E188B942F4
S31500010FD002D023462468F6E743B90AB113680360D1
S31500010FE0FEF72EF903682360046095E71A68002A64
S31500010FF0F6D012681A60F3E7E388BB42D5D02468BD
S31500011000C2E7072588E7032586E72DE9F04111F0B8
S315000110100F0804460D4617461E46006829D00023D0
S3150001102084F82430FFF7F1F801230377436AC0E916
S315000110300A332946206807F035FE18BB3946204693
S31500011040FDF739F9F0B925682B7F022B19D028460F
S31500011050FFF710F9C0B9EB6A3146A362AB6A2046C5
S31500011060E36294F8243084F82530BDE8F041FDF7B9
S3150001107022B984F82480FFF7C8F8036A80F81C8037
S31500011080D5E70D20BDE8F0810320FBE72DE9F0410E
S31500011090044694F82470002F33D1246894F81C80F8
S315000110A0B8F1020F38D0A56A434629462046E26ABE
S315000110B0FCF780FF012806462CD9294642462046E0
S315000110C0FEF77DFF023EC6F30D06304386B2C0F33E
S315000110D0072028702946434601222046FEF701FFD4
S315000110E00670E56AA562227F04EB8203196A216311
S315000110F01D62E56815B123462069A84702232377B7
S3150001110005E02046FEF710FF07460028C1D0384605
S31500011110BDE8F081E562E6E70D27F8E730B505465B
S31500011120D2F8A00914460B462A46C1B0A0B1B4F8BC
S31500011130A4190BF0A7F800280CDDB4F8A439D4F8EB
S31500011140A0299842A8BF184602441B1AC4F8A02930
S31500011150A4F8A43941B030BD4FF4807168460BF054
S3150001116091F80028F6DB60344FF46F530622802194
S315000111702046FFF74AFF0028ECD169462046FFF7D3
S315000111803CF90028E6D12046FFF780FFE2E7F8B5F3
S315000111900F4B0C46D3F878731546FCF7BDFC0001DE
S315000111A060F07F0007F1600600F0F001712306226E
S315000111B03046FFF72AFF48B92A4621463846FFF747
S315000111C061F918B93046BDE8F8405FE7F8BD00BFE0
S315000111D0900D00202DE9F041204B0F46D3F87853AE
S315000111E0FCF79AFCFF2204462B1893F9768983F8BB
S315000111F0762905EB80035868240164F07F044030AA
S3150001120005F16006E4B2FDF7BBFE3923062221464D
S315000112103046FFF7FAFEF0B9286E5FFA88F107F05B
S3150001122041FDC0B9286EF9B207F03CFD98B93046C8
S31500011230FFF72CFF78B92146302306223046FFF707
S31500011240E4FE014638B9286E07F02CFD18B9304680
S31500011250BDE8F0411AE7BDE8F08100BF900D00201E
S31500011260002330B5174A146824BB5468A14221D122
S31500011270C3F12004D0E90225A3F1200105FA04F403
S31500011280DA40224325FA01F10A4312F0010FC3F1B4
S315000112902004A3F120020CD1012121FA04F401FA60
S315000112A002F222439940D0E900430C431343C0E9BB
S315000112B0004330BD0133DBB21F2B02F10C02D2D148
S315000112C0F7E700BF006802001C282ED8DFE800F00F
S315000112D00F3011132D1517192D2D2D2D1B1D1F2106
S315000112E02D2D2D272D2D2D25232D2D292B000020AC
S315000112F070470E2070470B2070470C20704709205D
S315000113007047032070470220704704207047112060
S31500011310704712207047132070471420704716201B
S315000113207047172070471820704700F580407047B6
S3150001133001207047024B006E197C07F0B3BC00BF59
S315000113407C3F002010B5074B0446D3F87C030BF015
S31500011350EFFB0A2390FBF3F1206EC9B2BDE8104002
S3150001136007F0A0BC900D0020024608B50C20FFF73F
S31500011370ABFFBDE80840014602F16000FCF7C9BFBA
S31500011380024608B50C20FFF79FFFBDE8084001465D
S3150001139002F16000FCF7BDBF2DE9F04F5B4B8FB04A
S315000113A0D3F81026D3F814160192D3F82426D3F8CD
S315000113B018B60392D3F83026D3F81CA60292D3F8B6
S315000113C03426D3F820960492D3F83826D3F8287613
S315000113D00592D3F83C26D3F82C660692D3F840261C
S315000113E00D910792D3F8442600F160040892D3F8D0
S315000113F0482605460992D3F84C2620460A92D3F888
S3150001140050260B92D3F8542693F858860C92FFF780
S3150001141011F8002877D120460D99FEF77FFF0028A5
S3150001142071D159462046FEF779FF00286BD1514606
S315000114302046FEF773FF002865D149462046FEF790
S315000114406DFF00285FD120460399FEF767FF00284C
S3150001145059D139462046FEF761FF002853D131465E
S315000114602046FEF75BFF00284DD120460299FEF784
S3150001147055FF002847D12046FEF756FD002842D1E8
S315000114802046FEF7D7FF00283DD120460499FEF7F6
S3150001149045FF002837D120460599FEF73FFF90BB4F
S315000114A020460699FEF73AFF68BB20460799FEF7E4
S315000114B035FF40BB20460899FEF730FF18BB204692
S315000114C00999FEF72BFFF0B920460A99FEF726FF88
S315000114D0C8B920460B99FEF721FFA0B920460C9901
S315000114E0FEF71CFF78B92046FEF71EFD58B94146A6
S315000114F0286E07F0D9FB30B9204601990FB0BDE837
S31500011500F04FFEF70BBF0FB0BDE8F08F900D002036
S315000115102DE9F74F9846374B0E46D3F878531746C1
S31500011520FCF7FAFA05EB000999F87249002C40D04C
S3150001153044EA001464F07F04E4B28FB3386807F01C
S3150001154053FCC0F3001B002396F81CA089F87239DE
S3150001155005F160090622214648460AF0010AFFF70D
S3150001156054FD30BB4046FFF7AFFE01464846FCF747
S31500011570A2FEF0B95946286E07F096FBC8B9514646
S31500011580286E07F091FBA0B9B8F1000F0AD03068B8
S3150001159007F0AEFC80B9484603B0BDE8F04F75E5EB
S315000115A0BB46D0E7424639462846FEF76BFF002880
S315000115B0EDD003B0BDE8F08FBAF1000FEBD03046A5
S315000115C00DF10301FEF71CF80028F2D1304601A9FE
S315000115D0FDF7EDFF0028ECD19DF80310286E07F00A
S315000115E061FB0028E5D148460199FEF797FE0028E0
S315000115F0D1D0DEE7900D00202DE9F8430C4614F01A
S315000116000F081746194604F00F0C06D1022A02D11B
S31500011610D030FFF725FE00200CE090F8EE6890F838
S31500011620EDE8A6EB0E030E2B06DDD0300E21FFF7FB
S3150001163017FE0320BDE8F883C4F30112841894F859
S31500011640E948134644453DD133460E2B3ED842F078
S31500011650400203F58F7342EA8C0230F8334042EAC6
S31500011660072222F08002920524F45F74920D24F081
S315000116700304224320F8332000EBC3056B680136CF
S3150001168061F317036B6080F8EE68C4E70F3CE4B2C0
S315000116900E2CFBD804F58F7410F8345015F0400F5A
S315000116A00CD005F003094B4508D1C5F38309C145A3
S315000116B004D125F0400500F83450C5E70EF1010EBE
S315000116C05FFA8EFE7645BFD97446E1E70F3BDBB282
S315000116D0BBE7134602228FE738B511F0300F00F150
S315000116E0600408BFC0F8AC20154600230622204638
S315000116F0FFF78BFC40B929462046FCF7DCFD18B9FB
S315000117002046BDE83840C1E438BD2DE9F04F054615
S31500011710ADF5457D0DF5887B00914FF48072002172
S31500011720584612F0BDFBB5F89610B5F898304C1C2A
S315000117309C4230D8D5F890205B1A51189BB227D01D
S3150001174000204F1E82B2934225D901303E5C002E05
S31500011750F8D14FF48073D5F800902244A5F896206D
S31500011760C5F8A0B9A5F8A43909F1C80721BB84A811
S3150001177012F09CFD0024DFF870820DF5047A5646BE
S315000117801AF8013B33BB23A9002001EB84025DE07B
S315000117900BB10A46DDE70620FFF796FD00990246E2
S315000117A02846FFF799FF0023C5F8A039A5F8A43903
S315000117B00DF5457DBDE8F08F0023CA5C002AD6D021
S315000117C00133B3F5807FF8D138467849FCF751FCEF
S315000117D00320E8E75C2B29D19AF80020A2F109033E
S315000117E0DBB2172B17D828FA03F3D90715D41AF841
S315000117F0013C002BC3D02CB11AF8023C002BBED100
S31500011800202C2CD0C4AA631C02EB8404A4F52174F9
S315000118102660DCB2B3E75C2AE9D1304612F04EFD10
S3150001182051460246304612F04EFCE0E7093BDBB278
S31500011830172BDCD828FA03F3DA0744BF00230AF88A
S31500011840013CD4E70134E4B242F8040B202CF9D967
S315000118503BB138465649FCF70CFC0720A3E70723A2
S3150001186091E7DAB2C4A800EB8202A2F521721268EE
S315000118701C460133002AF4D1134603A8DAB251F803
S3150001188022800133B8F1000F31D114F0FF04494B26
S315000118900AD049490398FCF7ADFA03AE454B50B35C
S315000118A0013C14F0FF0425D193F874234349444BBA
S315000118B03846002A18BF19460A464249FCF7D9FBA1
S315000118C005F160044FF46F53062220460099FFF795
S315000118D09CFB00287FF467AF59462046FEF78DFD35
S315000118E000287FF460AF2046FFF7D0FB5BE740F8A6
S315000118F02280C3E704AE93F87433D6F800A053B937
S3150001190050463149FCF776FA28B938462F49FCF793
S31500011910B0FB0D2047E72E4B196850460193FCF7A3
S3150001192069FA019B2B4AC0B1D3E901A35A1007EB0F
S315000119306300DB0748BFBB5804F1FF3148BF53F8CA
S315000119400AA0012C18BF06F104084246C9B2D047C5
S3150001195023280FD00028B3D025E70C339342DBD1DF
S3150001196050461D4912F098FC70B150461B4912F0C1
S3150001197093FC40B1012C04D0384632681849FCF773
S3150001198078FB23200FE70120164B012C03EBC00344
S3150001199004F1FF3118BF06F104084246D3F820339B
S315000119A0D9F8C800C9B29847D2E700BF178C020020
S315000119B06D8B0200900D0020A28B0200648B020049
S315000119C05C8B0200A68B0200E6880200BF8B020038
S315000119D074690200EC690200DE8B0200E98B0200E9
S315000119E0F28B0200D066020013008000F0B50446B7
S315000119F00C260020013A90420DD370430A1809586B
S31500011A008B4215BF0023D2E90101C4E90033C4E9C1
S31500011A1000012046F0BD85186D0806FB05F7CF5974
S31500011A209F422CBF2A46681CE5E72DE9F0438BB09F
S31500011A3004460E4690461F465249134602A82D22D9
S31500011A40FFF7D4FFDDE9025945BB19F0010F25D196
S31500011A50A8F57053B3F5806F44D204F1600543468F
S31500011A60062231462846FFF7D0FA002856D143F61A
S31500011A700143984536D10DF1070104F19000FEF7B7
S31500011A8097FD804670BB9DF80730082B2AD8DFE802
S31500011A9003F02121322136484B50520004F16007F0
S31500011AA04346062231463846FFF7AFFA002835D1BC
S31500011AB019F0010F4FEA690318BFE35804EB6900F7
S31500011AC018BF5D59A84748BB38460BB0BDE8F0437F
S31500011AD0FFF7DCBA0021206E07F0E4F800284DD0AC
S31500011AE0172812D1002F4BD00D22314620460BB0BC
S31500011AF0BDE8F043F0E5244B93F87816EBE70021B7
S31500011B002846FEF70BFC002838D0FFF7DDFB01461F
S31500011B102846FCF7FEFB1728E4D078B30BB0BDE8E6
S31500011B20F0836FF44071EBE70021206E07F0BCF8FB
S31500011B30D4E70120E9E7144B0DF11009D3F87C260F
S31500011B400492D3F880260592D3F884260692D3F818
S31500011B5088260792D3F88C26D3F8903608920993F3
S31500011B60284659F8041BFEF7D9FB0028CDD108F108
S31500011B7001085FFA88F8B8F1060FF1D12846A4E703
S31500011B803A46B2E7FC690200900D002070B50446A2
S31500011B90002694F8ED5894F8EE38AB4201D10020B6
S31500011BA034E005F58F7514F835305A0616D414F855
S31500011BB0353023F0400304F8353094F8ED3801331D
S31500011BC0DBB20F2B84F8ED38E3D194F8EE3884F8C4
S31500011BD0ED680E2B22D884F8EE38DAE7C3F301025A
S31500011BE0C3F3830141EA021104EBC502537852683B
S31500011BF003F0030361F07F01022BC9B2C2F317029E
S31500011C0005D12046FFF768FD0028D0D070BDB3FA94
S31500011C1083F320465B09FFF708FFF5E70F3BDBB2CD
S31500011C20D7E72DE9F047D0E93432134304461ED0F5
S31500011C3000254FF00109344FDFF8D0A0C5F120018E
S31500011C40D4E93430A5F12002EB4000FA01F10B434F
S31500011C5020FA02F2134313F0010FC5F12008A5F192
S31500011C60200609D101351F2D07F10C07E6D1012305
S31500011C7084F89039BDE8F0873A68002A39D17B6843
S31500011C80772B14D1DAF89436D9070ED4580628D40E
S31500011C9013F0180F27D1990727D49A0627D440F2B3
S31500011CA0847213420CBF0722062202F170031A4600
S31500011CB080212046FFF710FD0028D8D1D4E934321F
S31500011CC009FA06F629FA08F846EA080609FA05F1B4
S31500011CD023EA010322EA0602C4E934321343C1D1DD
S31500011CE0C5E70222E1E70822DFE70122DDE7032259
S31500011CF0DBE794F89039002BE0D0012380212046C0
S31500011D00FFF793FED8E700BF00680200900D0020A0
S31500011D1010B590F8A830044633B1D0F8E4309942B2
S31500011D2004BF002380F8A8302046FFF72FFFC0B973
S31500011D3094F8E81089B101230C222046FFF775FEBD
S31500011D4078B994F8E03084F8E800042B1FBF636C7F
S31500011D50C4F8E430012384F8A8302046BDE81040D9
S31500011D605FE710BD014BD3F878035AE7900D0020C9
S31500011D70F7B50D46044600B9FEE7037F03F0FF06FB
S31500011D8003B1FEE70E4B1B68994215D840F2E730C6
S31500011D9031460C4B4FF47A721F680023E5FB0701AD
S31500011DA011F05CFE0123CDE9006301462346064A94
S31500011DB0606813F0A5FF00B1FEE703B0F0BD00BFF8
S31500011DC0880D00208C0D00203561020000B9FEE768
S31500011DD0406814F0ABB870B5EFF3108672B64FF0E9
S31500011DE0FF3012F0D2FC04460A4BD3F89826C3F80A
S31500011DF09806824288BFD3F89C26304684BF0132BA
S31500011E00C3F89C26D3F89C5614F0A8F92046294617
S31500011E1070BD00BF900D00202DE9F74307460D4622
S31500011E2006F044FF1E23624E804606F148043C1B21
S31500011E30E410B4FBF3F496F85835E4B2032B1AD048
S31500011E40002229463846FDF76BFCA0B1FFF7C3FF18
S31500011E50584C021941F1000306F5AC61C1E90023B2
S31500011E60022386F8583507B9FEE7C6F8A0760020A2
S31500011E7003B0BDE8F083012C00D9FEE730236343AC
S31500011E804D4AD1188D4200D0FEE7C4EBC41102F5CC
S31500011E909E720A442968914200D0FEE72A7F3344A4
S31500011EA012F0020F10D1642283F89425FCF787FC07
S31500011EB038B300264FF0FF310C2001AA019609F034
S31500011EC0EDFB019C84B9FEE793F89425022A04D818
S31500011ED03023502203FB0463E6E7023AD2B24F2ACB
S31500011EE083F89425F4D9E1E7214634482760267121
S31500011EF0A56004F0ADFF0028B9D1204613F02CFEF1
S31500011F00B5E74146A879FCF7DDFF00284DD1FCF77E
S31500011F1053FC804600B1FEE74FF0300901464FF40D
S31500011F20F85013F085F909FB0463C3F89075297F0E
S31500011F301020C1F38001C6F8945313F079F90C23EC
S31500011F4003FB04642B7F2846C3F3C003A96A84F804
S31500011F50FA37FDF71EFDEFF3118489F3118802208C
S31500011F60012113F065F9FCF727FC00B9FEE786F8B5
S31500011F70B483FCF72DFD84F31188BFF36F8F4FF403
S31500011F80805013F06DF900283FF471AF97F8E430F3
S31500011F90002B3FF46CAF3A6A936F002B3FF467AFA7
S31500011FA001212846D26F984761E7072060E700BF05
S31500011FB0900D0020404B4C00F812002034150020F3
S31500011FC010B58379044603F0FB03032B17D18388ED
S31500011FD0DB0608D50423A3712368E169D869FFF7F5
S31500011FE01BFF60B1FEE7C369006899791C30FCF7F5
S31500011FF0C5FF00B1FEE7A379042BEDD0EAE710BDDA
S31500012000C2698379516909B9126922B1072B01D0D5
S3150001201007238371D4E7032BFCD00323F9E72DE9CA
S31500012020F743044600F1640738460D4690461E46BE
S31500012030FBF724FCB4F8049019F0200F2AD0286885
S3150001204006F056FF30B32B7FDA0723D528460DF16C
S315000120500201FDF79CFA00B1FEE79DF80230082B5C
S3150001206018D1284601A9FDF7A2FA00B1FEE72846D4
S315000120700DF10301FDF7C4FA00B1FEE79DF8032057
S3150001208094F860309A4205D1019BE26D934224BFD8
S315000120900133E3650023E3719EB119F0040F10D1FA
S315000120A0237A6A7E9A420CD9013323722B7F0E2E34
S315000120B043F002032B771ED0204603B0BDE8F04360
S315000120C09EE7A379022B4FD1A97EAB798B4206D02D
S315000120D0A37DDB0703D520681C30FCF74FFF246A7C
S315000120E0E76C002F3DD0334642462946206CB8475F
S315000120F00023E36435E0A37994F86160062B1CBFE5
S315000121000623A371FDF7D8F8A37D0546206813F0D1
S31500012110010F00F11C0010D0E3699979FCF72EFF3D
S315000121204FF0FF33B34025EA03054FF4A0735D4337
S31500012130FBF7E6F9002D03DAFEE7FDF7B1F8EFE765
S315000121400544606E39460A4AE5661030FDF741F9E5
S3150001215094F861300133DBB2052B28BF052384F8DF
S31500012160613003B0BDE8F0830223A371ACE700BF81
S31500012170DC6602002DE9F04190F8E47004460D4654
S315000121801E46C7B10D4F97F8747397B1897EAB7927
S315000121908B4206D00A4BCB40DB0700D4FEE7FCF7A7
S315000121A0B3FE334600222946206A5430BDE8F04189
S315000121B035E7006AF9E7BDE8F08100BF900D002020
S315000121C000F8FF072DE9F04FABB0134604460F4662
S315000121D006A890462A491D22FFF708FCDDE90630CC
S315000121E000F00102002B40F0F382002A40F0F08259
S315000121F0B8F1710F46D0B8F56F5F3AD0B8F10C0F50
S3150001220040F0D0820CA904F19000FEF7D1F9002824
S3150001221040F012829DF83030022B1ED003D9DA1E0F
S31500012220012A88BF0323002584F8E0300C2201230C
S315000122303946204684F8E850FFF7F7FB94F8E0307A
S31500012240042B13D0012350B9626C84F8A830C4F86A
S31500012250E42000202BB0BDE8F08F0123E3E7C4F8AA
S31500012260E45084F8A83084F8E870F2E70028F0D04A
S31500012270F9E7394620462BB0BDE8F04FFFF745BADE
S31500012280186C020023689A6C002A00F087821D6F81
S31500012290002D00F0858204F19006304608AA0CA9AB
S315000122A0FEF7CCFC002840F0C781BDF820207F2A2C
S315000122B000F2C281A846AA8058F8060B0C9911F0C3
S315000122C053FF41463046FEF773F9002840F0B481CA
S315000122D0AB79C5E90400AB7640F604732B837F2303
S315000122E0EB762B7F304623F0170343F004032B775D
S315000122F005F11801FEF75CF900284DD1304605F1CC
S315000123001901FEF755F9002846D130460DF11101A4
S31500012310FEF75EF900283FD12B7F9DF8112030464C
S3150001232062F382032B770DF11301FEF751F998BB86
S315000123302B7F9DF81320304662F300032B770DF1B6
S315000123401201FEF745F938BB2B7F9DF81220304666
S3150001235062F341032B7705A9FEF73AF9E0B92B7F22
S315000123609DF81420304662F304132B7705F114010E
S31500012370FBF75BFB80B9304605F11001FBF755FB16
S3150001238050B9304605F11A01FEF712F920B9304667
S3150001239005F11B01FEF73CFA2568AB6C002B00F03A
S315000123A0FD8105F15403039395F85A30052B00F08E
S315000123B0F5812E6F306806F09BFD002800F0CE8176
S315000123C0337FD80600F1CA8130460DF11201FDF7BF
S315000123D0DEF8002840F0C281337FD90704D43046A5
S315000123E095F8B410FDF720F9B5F858309A0600F1C2
S315000123F0B5819DF81230082B40F0B0812B6F05F1A5
S3150001240090029A60286F037FDB070BD4D5F8B06082
S315000124103146FDF7DCF8D5F8B0309E4224BF0136CF
S31500012420C5F8B0604FF000092A2249460DF1360081
S315000124302E6FCDF8149011F033FD24220DF13808DA
S3150001244049464046CDF83080ADF8342011F028FDDC
S31500012450306806F04DFD002800F0798130460DF117
S315000124601301FDF784F8002840F07181304605A973
S31500012470FDF79DF80190002840F06981059BD5F88C
S315000124806200D5F866101ABA9DF813C008AB03C3EB
S315000124900A9240468022B1688DF82CC003F0F3FB06
S315000124A00090002840F0D3803046FDF7CEF8023880
S315000124B05FFA80FBBBF1030F40F2CA803046FDF79D
S315000124C05BFA0346DDF800A002900AF10102002B37
S315000124D040F0BF805FFA8AFABAF1020F38BF4FF0B7
S315000124E0020A3046BAF1020FCAF10F0818BF5FFAA5
S315000124F088F8FDF739FA021E18BF01220AF1FF3AE0
S315000125004FEA6B035FFA8AFA013B4AEAC30343EADD
S31500012510821308A9424681460DF161008DF86030AB
S3150001252011F022FE0F23029A1CA99845C0F094804F
S3150001253018AA11460CA8FBF78FFDB9F1000F07D0B9
S315000125409DF8613089EA03038DF861300223019316
S31500012550424608A90DF171008DF870A011F004FE34
S315000125600CAB08F14100C8F10F020021184411F02B
S3150001257097FC0023029A2593CDE92623019B304639
S31500012580ADF8A03010238DF8A480CDF89090ADF869
S31500012590A2308DF8A5B0FDF7E7F98145804661D3F4
S315000125A0D6F8009000EB090AD1455CD1259B249A07
S315000125B04344934225930AD1BDF8A03023B118AA0A
S315000125C011460CA8FBF748FD0023ADF8A0303046B4
S315000125D0FDF7D2F9279B269A03449342804659D8A0
S315000125E03046FDF760F84FF0000B8146824600EB5E
S315000125F008030193019B9A454DD1279B269A434493
S315000126009342279313D3BDF8A0300DF1300823B1BF
S3150001261018AA11464046FBF71FFD9DF8A42000218C
S3150001262002F141004044C2F10F0211F039FCDDE92B
S3150001263026329A4270D0FEE70620FEF745FE39465D
S31500012640024620462BB0BDE8F04FFFF745B8FEE73E
S31500012650FEE792461B0A38E7013B01F8012DDBB282
S31500012660120A62E7FEE7BDF8A030102B05D118AAC1
S3150001267011460CA8FBF7F0FC00235A1CA833ADF851
S31500012680A0206B4419F8012B13F8481C4A4003F8A3
S31500012690482C89E7FEE7BDF8A230102B12D10F2195
S315000126A09DF8A40020AA814205DD12F8013D0133FF
S315000126B0DBB2137073B320AA1CA90CA8FBF7CCFCE0
S315000126C0ADF8A2B01AF8013BB9F1000F0BD0BDF875
S315000126D0A220511CA832ADF8A2106A4412F8282C87
S315000126E05A400AF8012CBDF8A020102A07D118AAD1
S315000126F011460CA80293FBF7AFFC0022029B511C6A
S31500012700A832ADF8A0106A4412F8481C4B4002F8F2
S31500012710483C6FE70139C6E73046FCF796FFB6F845
S315000127200490D6F80080A9EB000920AA0CA81CA9E0
S31500012730FBF792FC0DF15F0308EB09009DF8A5205C
S31500012740009991421EDB337F43F010033377BDF8C6
S315000127503430232B21D90C9803F090FA00230398E7
S3150001276085F85B3085F85C3085F8B530FFF748FCB5
S315000127706A4BEB64C7F30113234407F00F0783F891
S31500012780727966E513F8012F93F820104A4000F894
S31500012790012B009A01320092D0E7FEE70D204CE7AB
S315000127A003204AE7A8F57053B3F5806F08D243F6C4
S315000127B00143984584F86F291FD0012384F86F39A6
S315000127C00D22394620462BB0BDE8F04FFEF781BFFA
S315000127D0002184F86F19411004EB60000AB16258B8
S315000127E0D35898470123054684F86F3900285DD0F0
S315000127F02846FEF769FD0246E3E704F190063046F6
S315000128000DF11301FDF7D4FE01230028D6D19DF861
S315000128101350092DD2D801A252F825F045280100FE
S3150001282057280100BD2701008D280100BF2801009E
S31500012830BD270100C9280100D9280100012901008D
S315000128401329010030460CA9FDF7B2FE00280CBF82
S315000128500125062516E00023304608A98DF820300B
S315000128608DF83030FDF7A4FE08B106250AE03046A2
S315000128700CA9FDF7ADFE0028F7D19DF82030082BF5
S3150001288028BF0725012384F86F39B1E700233046B5
S315000128900CA98DF83030FDF78BFE0028E5D1012516
S315000128A09DF8303084F86F59002BA1D1434601229F
S315000128B0394620462BB0BDE8F04FFEF79DBE3046A7
S315000128C00CA9FBF7B2F8C1E730460CA9FDF780FE6B
S315000128D0002808BF0125D5E7304605A9FDF768FEA2
S315000128E00028C2D1304608A9FDF762FE0028BCD1F6
S315000128F030460CA9FDF75CFE0028B6D10125C1E7DB
S3150001290018220021064811F0CBFA012384F86F3909
S31500012910CCE730460CA9FDF75BFE97E711150100E0
S315000129200C14002070B5046894F85A3004F154056B
S31500012930033B042B4BD8DFE803F003081B16030007
S315000129402846BDE87040FFF73BBB236F606D997960
S315000129501C30FCF713FB2846216F0E23BDE870409F
S315000129600022FFF75CBB2846BDE87040FFF748BB75
S31500012970B4F858309B0700D5FEE7636DD869FCF7BC
S31500012980DBF97F2807D094F96B307F2B01D0834286
S3150001299001DA84F86B00FAF792FDE36EC01A00289B
S315000129A00EDAD4F8C030D4F8B8008033C4F8C03099
S315000129B004F1B801064A1030BDE87040FCF709BDC4
S315000129C0284694F96B10BDE87040FAF7A6BF70BDB2
S315000129D0DC66020010B50446FFF7FDF902460B4618
S315000129E004F16000BDE81040FDF7D0BC30B500F140
S315000129F0900485B0204602A9FBF731F8002838D1AA
S31500012A00204601A9FBF711F898BB20460DF10301F9
S31500012A10FDF7CEFD044660BBFFF7DDF9DDE90223D4
S31500012A20904271EB030502D3072005B030BD121A9F
S31500012A3063EB01036FF00101914274EB0303F3D3DE
S31500012A409DF8034006F032F901460C4812F008FCE5
S31500012A5088B92046FCF736FA0028E5D10121202065
S31500012A6012F0E6FB40F29441054B064A064808F08F
S31500012A7021FF0620D9E70120D7E700BF400001006A
S31500012A80398C02003B8C0200708C02002DE9F04F5C
S31500012A9012F0C00F824615461F468FB001D012F0C4
S31500012AA0B9FBAB0206D5504611F033FE10B95046BC
S31500012AB012F040FCAE0301D512F0ACFBEC0105F0BF
S31500012AC0807340F15881FBF777FE68B11020002131
S31500012AD012F0AEFB12F0D8FB0446002800F03C8150
S31500012AE00121082012F0A4FB202012F0B9FB05F405
S31500012AF000510446002800F05D8121B101214FF407
S31500012B00004012F095FB15F4404F06D0002148F223
S31500012B10200012F08DFB12F0D9FB280740F1BB8093
S31500012B20B24C0321D4F87C0303AA11F0F6FD014649
S31500012B30002800F08F819DF80C30072B40F08A8128
S31500012B40D4F87C0308AA11F0EDFD002840F082813B
S31500012B509DF81C3013F01102009208D113EA1310EC
S31500012B6003F00F0203D112B10F2B00F27381BDF8EE
S31500012B700E60059806F1010B02781FFA8BFB5A4588
S31500012B8040F06881F21E7B2A00F26481BDF81020B4
S31500012B90002A00F05F81013A411C06F1FF3C92B226
S31500012BA00591ADF80EC0ADF81020002A40F01A814B
S31500012BB0069A92F8008018460193FAF744FD019BA4
S31500012BC0814630B9009A22B9190702D00F2B00F2BB
S31500012BD041819DF82D30002B00F0108108F007038C
S31500012BE0022B40F0378103AAD4F8F813D4F87C03FA
S31500012BF011F09CFDA4F8FCB3FBF7EEF812F044FBD0
S31500012C00002843D0D4F89433D4F8F8231B6892787B
S31500012C109B789A423AD19DF82630002B00F01A8112
S31500012C200236D4F87C0308A9ADF8246011F07CFDC6
S31500012C30002840F00F819DF82E30089E84F80D344F
S31500012C409DF82F30C4F8209484F80E34FFF7C3F8AA
S31500012C504FF00009664B864228BF01F1FF315960EA
S31500012C6019EB060601214FF48070C4F8006412F0D6
S31500012C70DFFA6048494612F0DBFA12F015FB28B17B
S31500012C8018F0100F1CBF012384F8B53312F00CFBAA
S31500012C9008B906F08DF8EE0501D512F0BBFA15F468
S31500012CA0863F01D012F0B6FAAC014FF000060DD501
S31500012CB04E4C12F0AFFA3146042012F0B9FA94F8EC
S31500012CC0B5331BB106F074F884F8B56315F0084FF7
S31500012CD005D012F09FFA0021042012F0A9FAA800EB
S31500012CE001D512F097FAA90705D5082012F0B8FA0E
S31500012CF008B112F0FBFAFA0523D5504608AA03A932
S31500012D0011F04EFB9DF80C30DBB13B48002112F06F
S31500012D108FFA042012F0A4FA28B1FBF75DF800211E
S31500012D20042012F085FAFBF747FD28B112F0ACFA40
S31500012D304FF4007013F050F913F004FA08B112F0D1
S31500012D40D5FABB0540F1D2800022504611460FB09C
S31500012D50BDE8F04F09F01EBF06F02AF801214FF435
S31500012D60807012F065FA2146022012F061FA2146BE
S31500012D704FF48030B6E607F00202134306D012F094
S31500012D8083FA4FF4007013F027F9ADE605F0A84376
S31500012D901A4304D012F078FA4FF48050F3E707F0A3
S31500012DA0040213433FF4A0AE104BD3F87C0311F099
S31500012DB00DFC99E649B101214FF4803012F038FA41
S31500012DC02146402012F034FAA7E607F020030B4310
S31500012DD03FF4A3AE402012F02BFA4FF4006013F03B
S31500012DE0FBF89AE690F80180E5E600BF900D002019
S31500012DF0901100200A0001006000010094F88C3354
S31500012E0013B9BBF1040F25D09DF8263013B3023652
S31500012E10D4F87C0308A9ADF8246011F085FCC8B983
S31500012E20EFF3108072B6B4F80A38B4F80C68009360
S31500012E3013F094F9009BB3420CD0EFF311833022C7
S31500012E4082F31188D4F85868721C0BD183F3118868
S31500012E50BFF36F8F0026FAF7BFFF3146254805F00D
S31500012E60E5FD18E7314651F80C2BC4F8582883F3D1
S31500012E701188BFF36F8FD4F87C0303AA11F056FCB7
S31500012E8086F800B0BDF83430314673709DF92E30A6
S31500012E901948F3709DF82F30B370089BB3609DF805
S31500012EA01C3013F0010F18BF4FF00009C6F804904B
S31500012EB003F0CEFF0028CED018F020080AD0D4F8AF
S31500012EC07C0311F026FCFAF787FF0121042012F09A
S31500012ED0AFF9E0E6FAF780FF94F8B533002B3FF43B
S31500012EE0DAAE05F065FF84F8B583D4E60FB0BDE828
S31500012EF0F08F00BFE415002098150020F8B50025D5
S31500012F00644C04F66403A4F8CC53C4F8C853A4F87B
S31500012F10FC53C4F8F833EFF3108072B60223C4F8F9
S31500012F20A457A4F8A837C4F8AC5713F017F95A4BAD
S31500012F30C4F89055C4F8AC3704F2A463C4F86835F4
S31500012F4004F6E803C4F8743504F22373C4F898351B
S31500012F5004F6F803C4F8A4359C23A4F86C5584F848
S31500012F60DC35C4F8C055A4F89C55FBF75FF805603D
S31500012F70FCF766F9031D00F1B402194610339342BA
S31500012F80056018D194F8C0330B2B18D894F8C133C7
S31500012F900A2B14D9414EC4F8B86303F0E5FF0020AB
S31500012FA0FAF7FAFF0822D4F87C03114611F0F9FA70
S31500012FB0054628B1FEE743F8105C0D46DDE7FEE75E
S31500012FC00146682206F5157010F06AFFEFF31186C7
S31500012FD0302383F31188012012F042F910B12846FB
S31500012FE005F0DEFE86F31188BFF36F8F0822D4F851
S31500012FF07C03114611F0D5FA054600B1FEE7002320
S31500013000002241F20D012648FBF7F6FB2946D4F8CA
S315000130107C0311F0A5FC18222946224810F040FF36
S315000130202148FAF735FF2148FAF732FF204B214EA6
S31500013030C4F8AC33FF23A4F8B033A6F59773C4F8EC
S31500013040F2571D815D604FF6FE73A6F59172C4F8C5
S31500013050FE57C4F8A863A4F8F03755601581A4F8A3
S31500013060FC37EFF3108072B61027C4F80858A4F89D
S315000130700C78C4F8105813F071F80F4B39468C20B0
S31500013080A6F1CC02C4F8103803F0DFFA00B1FEE76E
S31500013090F8BD00BF900D002045D600004C11002060
S315000130A0C00D030098160020281100202C110020C5
S315000130B0C002FF00B016002041610200B0F5802F6A
S315000130C007B54FEA104382B212D20F2A10D800294F
S315000130D014BF042101218DF80500002201A88DF8F5
S315000130E0043002F09FFA10F0FF0002D0022803D04C
S315000130F0072003B05DF804FB0D20FAE70229F7B5B6
S3150001310005460E4614460DD156491068FAF772FE69
S31500013110002856D069466068FAF760FC68B3072054
S3150001312003B0F0BD03294AD14F491068FAF762FE90
S31500013130002846D069466068FAF750FC0028EED1AF
S31500013140A06801A9FAF74AFC0028E8D1DDE90034B4
S31500013150B3F5802F4FEA1341E1D29AB20F2ADED896
S3150001316001223020DBB29A40404B00FB0133002C98
S315000131705ED041F210015A501FE00099B1F5802F3F
S315000131804FEA11438AB2CAD20F2AC8D8EFF3118087
S31500013190302282F31188534303F1A04303F57033C0
S315000131A05A6980F31188BFF36F8FC9B2CA402846A6
S315000131B02F4902F00102FAF75CFF0020B0E701296E
S315000131C0ADD92C492068FAF715FE0028A7D0694623
S315000131D06068FAF703FC07460028A0D1022E2AD11F
S315000131E0009BB3F5802F4FEA13409AB297D20F2A6C
S315000131F095D8EFF31181302484F3118860431B4A7B
S31500013200DBB2072B024492BF5268D268083B9B008F
S3150001321022FA03F303F00F0381F31188BFF36F8FD3
S31500013220012B28460CBF14491449FAF722FFC4E7BB
S3150001323042F210019FE7032EBFD1A4681049204630
S31500013240FAF7D8FD28B13946009803B0BDE8F04039
S3150001325034E720460B49FAF7CDFD0028ADD0012110
S31500013260F2E700BFC98C0200D28C020000C00350F5
S31500013270CD8C0200D68C0200DB8C0200E08C0200B1
S31500013280E68C0200E98C0200FEE700F061BC70B535
S31500013290044601260B4D04B970BD94FAA4F0B0FAA8
S315000132A080F006FA00F224EA0204C200AA580F28A6
S315000132B005EBC001C8BF1038002AECD04968C0B27E
S315000132C09047E8E718300020064BD3F82404D3F8DA
S315000132D0202403F50053104000F05530C3F82004B4
S315000132E0D5E700BF00C00350064BD3F82404D3F83A
S315000132F0202403F50053104000F0AA30C3F820043F
S31500013300C5E700BF00C0035010B5416C4369A1F188
S315000133101404DA1CB2FBF4F203EBC2000330B0FB77
S31500013320F4F0B1F5805F00F1010002D1012828BF58
S315000133300120013010BDF7B507460E4600257C6C0D
S31500013340A819644280EA06031C4003D02C46204695
S3150001335003B0F0BDFB6B01225B6901A99847019B94
S315000133600133F4D10435EAE72DE9F341154690F826
S3150001337042201E46012A14BF042302235D43CF7D4A
S315000133802C1D844605F00205BFB915B1012724F0AD
S315000133900304486808342044DCF83C30012A5B69A0
S315000133A027D101A9984717B1BDF806300193BDF899
S315000133B00430336002B0BDE8F08155B124F0030456
S315000133C000230D7E01F1200ED8B2854203D80020DC
S315000133D0E2E72F46F4E73EF8330003F10108A04285
S315000133E004D901EBC303D8690834D4E74346241A48
S315000133F0EAE70122314602B0BDE8F0411847D01E86
S31500013400009B42424241187E824212D11A688A4288
S315000134100FD85A688A420CD35A6901325A61D3E9E4
S315000134200302824205D2986840F822101A690132D5
S315000134301A610120704700234FF0FF3142689A421A
S3150001344002D8002303727047026842F833100268FB
S3150001345002EBC30251600133F0E7002370B5456802
S315000134609D4211D00468DE0054F83320B2F1FF3FCB
S315000134700BD0C2F31302914207D14FF0FF3244F849
S315000134803320036833445A6070BD0133E8E710B551
S31500013490032A029C07D1A26A5340626C524213422C
S315000134A001D1FFF7DAFF012010BD0023F0B5456811
S315000134B09D4202D14FF0FF300EE00468DE0054F861
S315000134C03340671C09D0C4F31307B94205D1240D53
S315000134D01470036833445868F0BD0133E8E773B5E7
S315000134E0164600F108040D46204609680DF107024B
S315000134F0FFF7DBFF032E05D16B68834202D120461D
S31500013500FFF7ABFF012002B070BD00BF2DE9F0410E
S315000135104668002E3AD0056898464FF0000CAE4634
S3150001352055F83C40C4F31307013401D0B94222D007
S315000135300CF1010CB4450EF1080EF1D100273C4601
S3150001354003E0B44207F108071DD055F834300134C1
S315000135500133F6D16FEA01316FEA1131E9510168A0
S31500013560CB59C3F3130343EA0853CB5103683B44D6
S315000135705A60BDE8F08141EA0851CEF800100368AF
S3150001358003EBCC03F4E7B8F1030F03D10123037274
S31500013590BDE8F08100231C4603E0B44203F10803B1
S315000135A0F4D055F834700134C7F3075CBCF1030F4E
S315000135B0F3D16FF313073943E9500468E158C1F3B6
S315000135C0130141EA0851E15001680B44D0E708B5FF
S315000135D008301346D1E90012FFF798FF012008BD14
S315000135E041F67132034B0020DA63012203F50053E1
S315000135F0DA6070470000035041F671320121044B35
S31500013600DA6303F50052D1600022DA63704700BF26
S3150001361000000350704737B5054601F10C044369B4
S3150001362001A9012220469847BDF8043001220093E2
S3150001363069462046AB69984703B030BD202A0B681E
S315000136401EBF4FF0FF3191408B43590801F05531B0
S315000136505B1A03F033319B0803F033330B440178D3
S3150001366003EB13130A444FF0013103F00F334B43BD
S31500013670A2EB13620270704737B5044600251B2280
S31500013680011D0DF107008DF80750FFF7D7FF63689D
S315000136909DF80720B2EBD36F03D123F0784003B036
S315000136A030BD1B2204F108018DF80750FFF7C6FF54
S315000136B0A0689DF80730B3EBD06F0ABFC0434FF047
S315000136C0FF3020F07840EAE72DE9F04306469946B7
S315000136D089B0036908460F46904698470446002874
S315000136E067D1D9F804305B0A012B22464FEA53030E
S315000136F004F10104F8D899F8035099F802302D0322
S31500013700DB0203F4006305F480551D43B9F800306C
S315000137104FF00009C3F30A0352032B4492B29D18DA
S31500013720294B0DF107001B2228F0784402A90393C7
S3150001373002948DF80790FFF781FF9DF807306FEA35
S31500013740054544EAC36404946FEA08041B2224F085
S31500013750784402A902948DF80790FFF76FFF9DF850
S3150001376007306FEA154544EAC3644FF0FF3301227F
S315000137700594069307A9B369079507F110009847C1
S3150001378001220446B36905A907F1080098470122F9
S31500013790484518BF0446B36904A9381D9847012254
S315000137A0484518BF0446B369384603A9984728B166
S315000137B0044639463046FFF72EFF01E0002CF8D1CA
S315000137C0204609B0BDE8F08301009AB238B5134B23
S315000137D00546D3F820010C4600F00700042816D848
S315000137E0DFE800F003090D111800012305B1286077
S315000137F004B1236038BD0A4B18680423F6E7084B69
S3150001380058680323F2E712F0DDF80523EEE70023FB
S315000138101846EBE702230348E8E700BF00800050A3
S31500013820A03F0020002D310141F67133012270B510
S31500013830194D0446EE69EB63184B0021DA60022349
S31500013840686121202B6106F4803612F0A5FD10B9BE
S31500013850212012F0A1FD0122114BDA600EB10023E5
S31500013860EB63431C14D0A8B90E4B9A6801230A32A4
S3150001387002F01F02934023F0030323449C4201D12B
S31500013880002070BD54F8042B0132F7D03E20F8E732
S315000138906E20F6E77120F4E7000003500010035094
S315000138A0002003500080E00F00F01F03A0F5062062
S315000138B0A0F55060812810B51ED80121104A400993
S315000138C002EB80049940D4F800310B43C4F800316F
S315000138D0D2E945310B44D2F81C110B44D2F8201120
S315000138E00B44D2F824115B1805D1C2E94033C2E971
S315000138F04233C2F8103110BD4FF0FF30FBE700BF75
S3150001390018300020BFF34F8F0549064BCA6802F4F1
S31500013910E0621343CB60BFF34F8F00BFFDE700BFEB
S3150001392000ED00E00400FA0510B5044644EA01037F
S3150001393013F00303084609D1934201D1002010BDBB
S3150001394054F8231040F823100133F5E7214692007D
S3150001395010F00AFCF2E738B5202204460D460C3079
S31500013960002110F09DFA4FF0FF33C4E90035A36042
S3150001397038BD2DE9F74F324D4FEA820BEA698A4687
S3150001398002F4803341F6713201210093EA632D4A34
S315000139908146D16007465246D846B8F1000F01D19B
S315000139A040462BE007F500546FF30C046F61E41BEE
S315000139B0E969444528BF444649073AD4164656F8AC
S315000139C0041B2244A96196420FD104220021212021
S315000139D02A6112F0E1FC88B9212012F0DDFC68B9F8
S315000139E032462744A8EB0408D7E708210846019286
S315000139F012F0D2FC019AC0B104232B610122124BB1
S31500013A00DA60009B13B100220D4BDA63431C13D01D
S31500013A10A0B95A465146484611F0EBFB002814BF9F
S31500013A203D20002003B0BDE8F08F56F8041BA961C4
S31500013A30C9E74FF0FF30E1E76E20F3E77120F1E7C8
S31500013A4000000350001003500020035013B500245A
S31500013A5001AA019407F022FE00B10194019802B077
S31500013A6010BD70B50F4A536D116D0B400E49002BF9
S31500013A700B659DB202DB01263DB970BDD068BDE87C
S31500013A807040C0F3042012F083BAB5FA85F4C4F18C
S31500013A901F04E4B2204606FA04F412F079FA25EA84
S31500013AA00405E9E7000004500020045030B4044640
S31500013AB0EFF3108072B6256885EA02030B406B406E
S31500013AC0236030BC12F04ABBBFF34F8F0549064B4A
S31500013AD0CA6802F4E0621343CB60BFF34F8F00BFA5
S31500013AE0FDE700BF00ED00E00400FA0503460068AB
S31500013AF018B102681A60002303607047036803B9AE
S31500013B0070478B4204D10B68036000230B6070473A
S31500013B101846F3E74FF0FF307047FEE70020704785
S31500013B2001207047012070474FF0FF307047002099
S31500013B30704700207047002070470348034BC01AA6
S31500013B40801004F0E5B800BFA0410000404100002C
S31500013B5008B5254B83F30A886FF00101234B244AEC
S31500013B609A60D3F8882042F47002C3F88820214A6B
S31500013B70116641F2FF7151660221C3F8D010BFF3FD
S31500013B804F8FBFF36F8F08204FF440331A49C1F8A6
S31500013B908001D3600860A2F500521361FFF7CDFFE3
S31500013BA0164B17498B4212D30020164B16498B42EE
S31500013BB018D3F2F749FB186850F82240586840F8C4
S31500013BC02240013298688242F5D30C33EAE700229B
S31500013BD0F8E71C6844F8220001325C68A242F8D377
S31500013BE00833E4E70022F8E70800002000ED00E0D2
S31500013BF00040000000A0004400E100E080AA0200AD
S31500013C008CAA02008CAA02008CAA020070B10122C1
S31500013C10417803788A4030214B4341F2100103F188
S31500013C20A04303F5703300205A5070472220704795
S31500013C3070B10122417803788A4030214B4342F228
S31500013C40100103F1A04303F5703300205A50704769
S31500013C502220704738B505460C46FFF755FB6B6CBD
S31500013C60A3F11402B3F5805F02FB00F005D140F623
S31500013C70E8736969994288BFCC30E31DB3FBF2F35F
S31500013C80013304EBC304204438BD38B50546446905
S31500013C902146FFF7DFFF6A6CE31D143AB3FBF2F32B
S31500013CA0AA69144404EBC3040C34204438BD03460A
S31500013CB00846EFF3108172B6024ADB6BC2F82C118B
S31500013CC0DB681847183000202DE9F04106464068A8
S31500013CD082B0B8B10F4690460024336853F8345089
S31500013CE003EBC403C5F30752C5F31301013506D02F
S31500013CF05B683046CDF80080B84718B1706801346A
S31500013D008442EAD302B0BDE8F081036813F07E0F66
S31500013D1003D1406820F07C40704713F078001CBF47
S31500013D2003F07F03D81F70474BF29A2210B5036840
S31500013D300446B2EB134F13D19BB2012B15D1FFF7FA
S31500013D409BFC013011D04FF6FF72E068B2EB104FC9
S31500013D504FEA10430BD180B2C01A18BF012010BD23
S31500013D6001330CBF03200420F9E70420F7E7022002
S31500013D70F5E7F0B50546002687B0EC69013CB4428B
S31500013D8003D80C46204607B0F0BD01B14C1E6F6C3E
S31500013D902868EB6B05225B6901A907FB04009847BC
S31500013DA001A8FFF7C1FF0128ECD921460136E4E756
S31500013DB0F0B503680646CC1A436C0025B4FBF3F450
S31500013DC087B0F36937685A1E9542706C06D3736CD7
S31500013DD0306803FB0400143007B0F0BD0134B4FBB6
S31500013DE0F3F203FB1244F36B05225B6901A900FBA5
S31500013DF00470984701A8FFF797FF0128E7D9013515
S31500013E00DFE710B423F0030422449B070A44436C02
S31500013E1018BF04325B4281EA0204234202D05DF8F4
S31500013E20044BC5E710465DF8044B70472DE9F04F8A
S31500013E30144605468B469946C36B89B001225B69D8
S31500013E4005A960689847EB6B01225B69584604A98E
S31500013E509847059B581C07D10022A360A27562757D
S31500013E60002009B0BDE8F08F01220021A275227E53
S31500013E70049804EBC202C2F81CB011846168C0F355
S31500013E80D31C594500F07F020BD14FF0FF33C4F824
S31500013E9000C02275A360043A022A24D80023A37520
S31500013EA0DEE72168277D00F07E06614508BF97425F
S31500013EB003F07E03B3FA83FC3246B6FA86F60CBFEC
S31500013EC0012100214FEA5C1C7609B44514BF00218B
S31500013ED001F00101A175002A00F0E8800BB9002369
S31500013EE0A3753A46D7E710F07E0F0FD1EB6B02228E
S31500013EF058465B6906A9984706A8FFF706FF237D82
S31500013F00032B43D8DFE803F0130D044B04A8F4E7B1
S31500013F10CC22237E04EBC3031A840123654AD35CB6
S31500013F200AE0237E04EBC30318840023F6E7237E0D
S31500013F3004EBC30318840123129A1370049B227E97
S31500013F4013F07E0A18BF00264FEAD36704EBC202BC
S31500013F5008BF07F00306B2F8208082F82260BAF1A2
S31500013F60000F1ED000231B2204A906A88DF81830C5
S31500013F70FFF764FB04229DF81830D91B4B424B41D5
S31500013F8063755BBB0023A375002754E0227E013BCA
S31500013F90DBB204EBC202052B1084CCD8BEE70223A8
S31500013FA0BCE7EA6B06A9576958460222B8472022A0
S31500013FB006A90DF10F008DF80FA0FFF73FFB1A229E
S31500013FC007A9FFF73BFB9DF80F30079AB3EB926FFA
S31500013FD00CBF0123002308226375D2E7A77D002FBA
S31500013FE0D2D0B8F1000F09D1E6B10123E375637EA2
S31500013FF0002B50D1012E43D1667615E06B6C0BEB8D
S3150001400002005B428BEA00010B421CBF0023A37531
S315000140106B6C591E01405B1A9845B3D8A37D002BE2
S31500014020E2D1B1E7E37D33B9002743465946284635
S31500014030FFF7E7FEA060A07D10B123694344236129
S31500014040237E012B3FF62AAF01332376B9F1000F08
S315000140503FF407AF00283FF403AFE37D002B3FF4A5
S3150001406000AFFFB9032E1FD0A1684A1C1CD0129BBA
S315000140702246009328460123FFF7D8FEA075F0E6F5
S3150001408095F8343063B9EB6A0133CED1032ECCD126
S315000140900123A376C8E7012ECDD0032EC4D1F7E7BD
S315000140A01F46C2E73846DCE61846DAE6002B3FF43F
S315000140B018AF14E7786D020013B50C46002121767E
S315000140C00093616813462246FFF7B0FE18B1E37DFF
S315000140D003B1A07EA075A07D02B010BD2DE9F3410C
S315000140E0044616461F461B4B0D46816AA3F5987872
S315000140F0E36A8B4201D04B1C02D102B0BDE8F081CC
S315000141001448FFF728FC0122204612490DF1070346
S31500014110FFF7D2FF38B13B4620469DF807200D49EF
S31500014120B0470028E9D0D8F838114A1C05D1D8F88B
S3150001413034112046FFF73CFE0146012DD8D1D8F8AF
S31500014140343181EA0302636C5B421A4218BF4FF0B5
S31500014150FF31CDE7483100202DE9F0410F461646E3
S315000141609846044688B060B390F83450FDB10121F9
S31500014170FFF79DFD00210E9BCDE90511CDE9023723
S315000141809DF83C30CDF804808DF81C30237C0496D4
S315000141908BB90D4901AA04F10800FFF795FDDDE988
S315000141A00553E06B002E08BF1D4605F042F8284670
S315000141B008B0BDE8F0812046044A01ABFFF78EFF47
S315000141C0EDE70546F3E700BFFF33010011440100A7
S315000141D02DE9F041D0E90A369E42044686B028D13F
S315000141E01422C369456802FB1355284606B0BDE88B
S315000141F0F0812068676C331AB3FBF7F3E26B07FBB8
S315000142000300D2F8148001A90522C04701A8FFF7CF
S315000142108BFD012804D0636C1D44013B3340ED1A2C
S3150001422031462046FFF7C4FD0646A36AB342E0D1F4
S31500014230DBE70025F9E72DE9F04F0F469A46002303
S3150001424089B004464FF0FF31104690468DF80B3089
S31500014250FFF781FBB7F5801F20D2394603AA04F187
S315000142600800FFF722F9451C014605D1237CBBB99D
S315000142702D2009B0BDE8F08F4046FFF76CFB012207
S31500014280414620460DF10B03FFF716FF0028EDD03E
S315000142909DF80B308AF800300020EAE7B81CE5D11A
S315000142A0E66A711C2CD12046616AFFF762FD06465B
S315000142B0BB1C18BF0123DFF8C4B00093636A626CAC
S315000142C00193236803A902FB0639E36B48460522DD
S315000142D05B6909F114099847002549464B1C05D02D
S315000142E0636C81EA09025B4213420FD031462046D4
S315000142F0FFF73FFD019BB3422FD085BB0646DDE7A5
S315000143002368F61A636CB6FBF3F6D1E71A48FFF792
S3150001431022FB2046009A18490DF10B03FFF7CCFE4C
S315000143208446B8B1BA1C03D0DBF85C31BB4211D16B
S3150001433045469DF80B30DFF840E08AF80030BEE8CC
S315000143400F000FC5BEE80F000FC59EE8070085E800
S3150001435007006546DBF86411C0E7002D88D0B7F584
S31500014360801F99D239469AF80030D8F8042004F112
S315000143700800FFF7CBF88FE77431002018300020D2
S315000143802DE9F04385B00E4617461C460546DDF875
S315000143903080A8B390F83430A3B3B1F5801F33D27F
S315000143A0DFF868900121FFF782FC314628460DF1BE
S315000143B00F0309F5C472FFF73EFFE8B99DF80F3008
S315000143C0012B14D1D9F8982104EB08039A4215D38D
S315000143D02246009043463946284604F055FA0446DB
S315000143E0E86B04F026FF204605B0BDE8F083022BFA
S315000143F00CBF60242D24F3E72D24F1E76324EFE7B6
S315000144002124F0E71124EEE72924ECE718300020F7
S3150001441073B50D46D11E4A421C461B7E4A419A423D
S3150001442029D129682368994225D36368994222D8FC
S31500014430124E0DF1070306F5DA72FFF7FCFED0B94D
S31500014440D6F8B8216B689A4215D19DF80730DA1E65
S3150001445053425341227E93420DD163690133636115
S31500014460D4E90323934206D22968A26842F82310AD
S31500014470236901332361012002B070BD1830002089
S3150001448070B50025044686B00562E369AB4202D8E1
S31500014490206A06B070BD666C2068E36B05225B6915
S315000144A006FB050001A9984701A8FFF73DFC012875
S315000144B098BF236A05F101059CBF01332362E4E736
S315000144C038B50446456C006804F1400305FB01015B
S315000144D0E06BFFF7F9F805462046FFF7D1FF2846BE
S315000144E038BD2DE9F04100254FF0FF384FF6FF7337
S315000144F0044647462E4686B0C0E90853E369B342EF
S315000145000DD8A5EB0805012D06D94FF6FF73002539
S315000145106362E369AB4223D806B0BDE8F081E26B82
S315000145202368606CD2F814C000FB0630052201A98D
S31500014530E04701A8FFF7F8FB01280FD801A8FFF70C
S315000145409BF8874288BF6662804528BF80468542C0
S3150001455038BF05460746236A013323620136CDE794
S31500014560666C2068E36B06FB050005225B6901A901
S3150001457098470135CDE72DE9F04F95B00D460A92E2
S315000145800A69416C06931439D31DB3FBF1F3013368
S3150001459002EBC302036B04469342C0F00C83002373
S315000145A008939B4BA3F5AE79E36A994819460493A0
S315000145B0FFF7D1F9D5E903370293069B022B40F0A9
S315000145C0C280CC2F40F06A820A9B002B00F0B58096
S315000145D000266868E36B0F9601225B690FA9083014
S315000145E09847B04694F84230012B40F0E682632E9C
S315000145F007D90F9B666C10930A9B002B40F0AA808B
S315000146009EE0612E08D812AB324629462046FEF7B7
S31500014610ABFE9DF8483013B312AB3246294620460D
S315000146208DF84480FEF7A0FE94F84230DDF848A0EC
S31500014630012B71D14FF6FF739A4549D0082212A971
S3150001464011A8FEF7FBFF9DF84420CAF307239A42FF
S315000146503ED15FFA8AFA0F9B53440F9338E094F8E0
S315000146604230012B36D1612E2BD8324629462046BF
S3150001467010ABFEF779FE2946204611AB721CFEF7F8
S3150001468073FE2946204612ABB21CFEF76DFE0823C7
S31500014690102211A90DF13B008DF83B30FEF7CEFF3C
S315000146A0102212A9FEF7CAFF109BDAB24AB99DF889
S315000146B03B20B2EB132F04D1DDE9113203EB0243A8
S315000146C00F9394F84230012B14BF012302231E4499
S315000146D0013687E7302EF4D832462946204610ABFC
S315000146E0FEF742FE2946204611AB721CFEF73CFE40
S315000146F01023202211A90DF13B008DF83B30FEF766
S315000147009DFF109B9AB2002ADBD19DF83B20B2EBAC
S31500014710134FD6D1119BD3E7BAF1FF3FD8D0102260
S3150001472012A911A8FEF78AFF9DF84420CAF3074390
S315000147309A42CDD11FFA8AFA8DE7029B1B68109324
S315000147400823099315E0782F666C3FF655AF0A9B4F
S31500014750002B3AD0E36B01225B69686812A998477E
S31500014760129B13F07E0F14BF04230823782F09939D
S3150001477031D9012200230592082200922A68C9F83C
S315000147806C71C9F85C21069A032A3FD0022A059A60
S3150001479037D1C2F10202D2B289F870210022CDE9E5
S315000147A00B22DDF810A003920792606C411E0AEA03
S315000147B00101421A002F2DD0009E33449A422CD873
S315000147C0236B1B1A0B44236341E1EB7D002B14BFC2
S315000147D0082304230993049A731E1340F31A3A1DFE
S315000147E0934207D257B1082BC3D80022042305925E
S315000147F00093C3E7002304220593BEE7042305972C
S31500014800F6E7002A0CBF07220022C5E7069AC3E78E
S3150001481074310020009B9A42D2D3009BB846D21A2B
S31500014820974228BF904653449742019348D90123A2
S31500014830D9F86C2189F87331974246D1C9F860A13C
S31500014840039399F87331002B41D099F87421039998
S31500014850D31C09EBC3030132C3F860A1A3F8648139
S3150001486083F8661189F87421B8F1000F14D0069BFC
S31500014870022B2FD10C9B7BB90B9B4344032B0BD9EA
S31500014880E36B01229B69019810A998470646002807
S3150001489040F00E8101230C9399F870312E68824AFB
S315000148A0012B02EAC61628F07C4B40F28D809A1E37
S315000148B0012A03D908F1070303F07F031E4389E0A8
S315000148C0039B002B18BF0323BAE70223B8E7C9F8F5
S315000148D060A1C9E70A9B002B31D1029BB8F1030FF6
S315000148E003EB080B28D9DDE90101E36B4FEA9802D6
S315000148F09B6998470646002840F0CA8018F00302D3
S315000149005FD0029B28F0030633440293019B1E44A9
S315000149104FF0FF33029911A811930FF025FCE36BB9
S31500014920304601229B6911A998470646CDF808B081
S31500014930002EB1D0019B6FE04246019EE8E705F1EA
S315000149402003DDF804B00D93EB7D68689BB100236D
S315000149502E7E079AD9B28E4211D90D9903F1010C17
S3150001496031F83310914226D9099905EBC303D86969
S315000149700A44104403E0079B099A13441844E36B65
S3150001498001225B6911A99847119B01220F93079B8D
S31500014990584604330793E36B0FA99B699847019B1C
S315000149A006464344A3EB0B03042B07D9002872D117
S315000149B00BF1040BC8E76346521ACBE7CDF804B0F6
S315000149C0B6E7CDF808B067E7039A43EAC263334313
S315000149D043F060464FF000038DF84430059BCDE966
S315000149E0126B002B49D0202212A911A8FEF726FE30
S315000149F01A2213A9FEF722FE9DF844304BEA83637F
S31500014A001393E36B009A9B695046920812A9984743
S31500014A10061E089B18BF5346009A08935146434603
S31500014A202046FFF7EEF9236B009AC9F864019B1A39
S31500014A3008F1030222F003029B1A2363002E37D1E9
S31500014A400B9BDDF804A04344A7EB08070B935146E3
S31500014A502046FFF7ADF900238246002F7FF4A5AE6D
S31500014A60124A04F10800D2F86431D2F86021E362F7
S31500014A702968069BFEF74AFD12E01B2212A911A81E
S31500014A80FEF7DCFD9DF8443046EAC3661296B8E7A8
S31500014A90CDF808B04EE7CDF804B04BE7702637469F
S31500014AA0384615B0BDE8F08F80FFFF0718300020AB
S31500014AB03D2EF4D104F108030093049B2768E16AB3
S31500014AC02046A3EB070BD4F844A0FFF771F9A36ABC
S31500014AD0BBFBFAFB8342D4F830C0616C5DD0D9F8D8
S31500014AE0642101F1FF3E02EA0E0EACEB010C0EEB66
S31500014AF00C02089B22632268E0629A1AB2FBF1F863
S31500014B00C3453ED10AFB0877049B07F1140BB3EBAF
S31500014B100B0711D0E36BBA0859469B699847824641
S31500014B20E26A049B3A44E262226B0098D21A5A4422
S31500014B302263FEF780FC57462368616CE06B01FB3C
S31500014B400831FEF768FD2046FFF79AFC2046FFF77D
S31500014B50C8FC626A616C2368204601FB0233143388
S31500014B60A362FFF735FB20636FB12A69616CD31D20
S31500014B701439B3FBF1F3013302EBC30290429CD229
S31500014B808DE70027D8E704F10800FEF754FC3B4601
S31500014B9039462046104AFFF7A1FA2A69616CD31DEE
S31500014BA01439B3FBF1F3013302EBC302236B9342D6
S31500014BB0BFF4FAAC73E71C2772E7312E3FF619AD45
S31500014BC03FF42AAD12AB324629462046FEF7CCFB0E
S31500014BD0BDF848301FE500BFCF350100F7B5032A00
S31500014BE01646089C05D1237A012B26D0012003B055
S31500014BF0F0BD2568274F28460DF1070307F5DA7240
S31500014C00FFF719FB60600028EDD1D4F800E0D7F872
S31500014C10B801DEF82810DEF844C04840CCF10003A4
S31500014C201840E0D1237A012B09D1E268D7F8C431C3
S31500014C3013446A69934202D92074207CD7E7DEF8CF
S31500014C400020DEF82C30891A9B1AB3FBFCF3B1FB6A
S31500014C50FCF18B420DD1696CEB6A4A1E13402A6B3B
S31500014C60521A13442B6325682846A96AFFF7A0F850
S31500014C70E862D7F8C421E36808321344E3600122ED
S31500014C80334605492068FFF776FC60600028AAD004
S31500014C900020ACE718300020CC310020032A2DE992
S31500014CA0F34106460D4617461C4606D1237A012BCB
S31500014CB024D0012002B0BDE8F081DFF860800968E8
S31500014CC00DF1070308F5DA72FFF7B5FA60600028FF
S31500014CD0ECD19DF80730032BE8D0D8F8B8216B68E2
S31500014CE09A42E3D1237A2969012BD4F80CC007D162
S31500014CF072690CEB0103934202D92074207CD9E737
S31500014D0008316144E1603B46012229463046FFF7FE
S31500014D1032FC60600028C9D00020CBE718300020A3
S31500014D202DE9F34104461F46164688462C4D4FF0A1
S31500014D30FF3105F5DA70FEF70EFE9DF820300022F0
S31500014D40204605F5DA71C5E97067C5F8B481FFF744
S31500014D5012FC236E0746002B3DD020466169FEF703
S31500014D6079FF626E236B024493422CBF002201221B
S31500014D70984228BF0023257C38BF1B1A002684F8D9
S31500014D805020636584F85850D5B1DFF85880334612
S31500014D903246314620460196CDF80080FFF7DCF910
S31500014DA001230546CDE90083324633463146204686
S31500014DB0FFF7D2F9E36805449D4294BF3546ED1AE3
S31500014DC094F85030E56513B994F858301BB1236E49
S31500014DD004F150009847384602B0BDE8F08100BFA3
S31500014DE018300020FFFF0F007FB50C46054648B37B
S31500014DF090F8343043B3B1F5801F27D20221FEF774
S31500014E0056FF21462846124A0DF10F03FFF713FA02
S31500014E100646A8B99DF80F30032B11D0284603F09A
S31500014E204CFE032321460093324633462846FFF7BC
S31500014E3077FF0446E86B04F0FCF9204604B070BD28
S31500014E402D24F7E72124F8E71124F6E72924F4E7CE
S31500014E50A03100202DE9FF410F4690461E4605462A
S31500014E60002847D090F83430002B45D0B1F5801F8B
S31500014E7044D2234C0221FEF71AFF04F5C4723946C7
S31500014E8028460DF10F03FFF7D6F9024620B16B69EB
S31500014E909E4219D9622410E09DF80F30012BF6D1FC
S31500014EA0D4F898118E42F2D10093414633462846F2
S31500014EB003F0EAFC04460028E9D1E86B04F0B9F9ED
S31500014EC0204604B0BDE8F081284603F0F6FD3146E0
S31500014ED02846FEF7BFFE2C6B844209D301234246C6
S31500014EE00093394633462846FFF71AFF0446E4E79E
S31500014EF01C24E2E72124E3E71124E1E72924DFE783
S31500014F0018300020F0B504460D46466CE36B006888
S31500014F1087B005225B6901A906FB0500984701A830
S31500014F20FEF702FF012804D801A8FEF7A5FB07B08A
S31500014F30F0BD29462046FEF71CFF0646676C206831
S31500014F40E36B05225B6901A907FB0600984701A8E7
S31500014F50FEF792FB431CEAD0B54238BF0130E6E7C3
S31500014F602DE9F04F4FF0FF334FF6FF72002504464F
S31500014F7000F108088BB0C0E90923C3620562056325
S31500014F8040468B46FEF757FA2046FFF779FA002886
S31500014F9042D14FF6FF79676A00264F4514BF3D4659
S31500014FA00025E3699E4239D32046FFF769FA38BBEB
S31500014FB05E202EE02368E26B606C576900FB0530CA
S31500014FC0052205A9B84705A8FEF7AEFE26FA00F3A5
S31500014FD0DB0707460BD529462046FFF793FF024616
S31500014FE0012F2946204608BF0132FFF769FA01352C
S31500014FF0E3699D42DED32046FFF742FA0028C8D076
S315000150002046FFF76EFA4FF6FF72636A93422FD17D
S3150001501067200BB0BDE8F08F1A26E9E7E26B23683B
S31500015020606CD2F814C000FB0530052205A9E047E3
S3150001503005A8FEF779FE022807D04F450DD10BF1E1
S31500015040010229462046FFF73BFAE3690135B5FB24
S31500015050F3F2013603FB1255A3E729462046FFF773
S3150001506051FFB0F1FF3F14BF02465A460132E8E74D
S31500015070E26B666C206855696946052206FB0300EA
S31500015080A847626A616C23684A4D01FB02331433F7
S31500015090A3624FF0FF336FF00101E362204605ABD7
S315000150A005F5DA72FFF7C7F8002849D1D5F8BC51E2
S315000150B029462046E562FEF73EF9206320B92046DF
S315000150C0E16AFEF775FEE06229462046FEF770FEAC
S315000150D00546A36A9D4235D12046FEF715F90026FD
S315000150E007463546E3699D423ED3B74257D9204626
S315000150F0616AFEF73EFE4FF00008054604F1400ADC
S31500015100464512D8626C2368694602FB0539E36B92
S3150001511005225B69484698476846FEF7ADFA53464D
S3150001512002464946E06BFEF7CFFA29462046FEF7CE
S3150001513020FE08F1010847450546E1D1642068E7EC
S31500015140A56AB5E729462046FEF7F5F8236B2946F9
S315000151500344064623632046FEF72AFE0546002E33
S31500015160B7D1C4E90B06B4E7626C236805A902FB53
S315000151700539E36B05225B694846984705A8FEF7A2
S31500015180D3FD012809D8204609F11401FEF7D3F809
S31500015190636C143B984208BF01360135A2E74046CD
S315000151A0FEF749F9002320461946034AFEF796FF02
S315000151B000202EE718300020CF350100034B5A6836
S315000151C012B19A6A002AFAD1704700BF0040065010
S315000151D0002307B50093252853D8DFE800F0135BB9
S315000151E0172229344E6A767A8996ABB9525B5652A2
S315000151F052765B222922345B6A22B94E4E4E4E22EA
S3150001520022227A8910F042FC00903AE010F03EFC2E
S31500015210534BD3F89030C3F304630133B0FBF3F07F
S31500015220F2E710F051FC4E4B1B6FC3F38023F4E7FA
S3150001523010F04AFC4A4B1B6FC3F380230133B0FBCA
S31500015240F3F04008E0E70193454BD3F8803103F0D2
S315000152500303022B0AD0032B0CD0012B03D100210F
S3150001526001A8FEF7B3FA019B00930AE010F0AAFB2E
S315000152700190F8E73B4B0193F5E700216846FEF7FD
S31500015280A5FA009803B05DF804FB4FF0E0231B6913
S315000152905A0702D510F018FCB6E7314BD3F8400196
S315000152A000F0030003282DD0003818BF0120C003E9
S315000152B0AAE72B4BD3F8403103F00303032B4BD062
S315000152C0003B18BF0123DB03CEE7254BD3F8603142
S315000152D0F2E7234BD3F8003203F00700032811D07D
S315000152E05B0709D4013801288CBF00200120DEE7C5
S315000152F01B4BD3F80832EFE7042824D110F0E4FB66
S31500015300800A81E74FF47A707EE7154BD3F80031B6
S3150001531003F00303022B06D0032B07D0012B07D181
S31500015320114B5B68A0E74FF400439DE70F4B9BE7EA
S31500015330002399E70A4BD3F8803003F00303022BCD
S31500015340A8D0032B01D000205EE710F03BFB5BE702
S31500015350034BD3F84032AFE74FF47A7384E700BFCB
S3150001536000800050002D3101A03F002080D543026E
S3150001537038B5174CFF28A26A28D8A36D13F4803FCD
S3150001538018BF0121134B18BF996202219962A56DBD
S3150001539015F08045FBD11049A36991F9E0116FF32E
S315000153A01723014481F3080143EA002343EA014339
S315000153B0A36102210948FEF779FBA36DDB0303D53F
S315000153C001210648FEF772FB284638BD2125FBE779
S315000153D000C0005000D000501830002028C00050F6
S315000153E038B50F4CA26AA36D13F4803F18BF012193
S315000153F00C4B18BF996202219962A36D5900FCD426
S3150001540002210948A569FEF751FBA36DC5F30725DE
S31500015410DB0303D501210448FEF748FB284638BDC6
S3150001542000C0005000D0005028C00050014B83F846
S31500015430E001704718300020014B93F9E0017047F5
S3150001544018300020012313481349826A8B62836D49
S3150001545003F00303032BFAD102238B620D498B6DF3
S315000154605800FCD40D488B6D30EA0303FBD10121B2
S31500015470094B1965A3F58053996D8907FCD4996D7C
S315000154808807FCD5996D8907FCD503210448FEF7E9
S315000154900DBB00BF00C0005000D00050030001004A
S315000154A028C00050114321F0F8014904034B490C6F
S315000154B041F44021063043F8201070470080035024
S315000154C0021E30B54FF0000014BF04250C2547F627
S315000154D00774084952B9831D51F82330234023B17B
S315000154E001308542F6D14FF0FF3030BD00F1120395
S315000154F0F2E700BF008003503AB122F0030202F145
S31500015500A04202F5603209B9106070470002FBE75C
S31500015510044B9868421C02BF034AD2F89400986073
S31500015520704700BFA03F0020004000504FF0B0433D
S315000155305A6812B19A6A002AFAD17047054B5B691B
S31500015540C3F38512827003F03F021B0B4270037096
S31500015550704700BF00C0075007B5014601A8FFF715
S31500015560EDFF9DF8063001220B804FF48073002079
S315000155704B80054B9B680A3303F01F0302FA03F3C2
S315000155804B6003B05DF804FB0080E00FF8B5224BD9
S315000155900446D3F810334B1E0E2B0D4616462AD958
S315000155A071B30022012130276378207899401A4B84
S315000155B007FB00330EB341F2100019503021637816
S315000155C02778072B01FB07F71CD80F219B001348EF
S315000155D09A4099403844FEF769FA5DB901223020B4
S315000155E0637821789A400C4B00FB01338EB141F26E
S315000155F010015A50F8BD0A46D4E742F21000DCE722
S315000156000A46DBE70F21083B9B0005489A40994073
S31500015610E0E742F21001ECE700C0035004C003507A
S315000156200CC0035010B560B1EFF31184302383F33E
S315000156301188FFF7ABFF84F31188BFF36F8F00204A
S3150001564010BD2220FCE7F0B501258D40EFF3118650
S315000156504FF0300C8CF31188174C176823F00303B5
S3150001566044F821700CFB0101547B0C66D47A977ABD
S31500015670240544EA0744177B44EA4754CC650B6783
S315000156801179937943EA014300F500518B6153790E
S31500015690D17941EA034100F580539961117A01B14B
S315000156A01D64527A02B19D6300F50050456386F38D
S315000156B01188BFF36F8FF0BD00400450012303FA38
S315000156C001F1BFF35F8F00F5005300F58050596378
S315000156D08164704738B50A460C46002105460EF02E
S315000156E0DFFB38BD01B1F5E7704710B508B92120D8
S315000156F010BD0029FBD0036813F0704209D1C3F332
S315000157000E030B601BB94368002BF0D00B60002021
S31500015710EEE703F05044B4F1004F05D0B2F1304F3B
S3150001572002D0B2F1404FE2D1DBB2EAE773B50D46E2
S315000157300646F0B1E9B1002301A90193FFF7D5FFB0
S31500015740B8B93468019A14F0704402F1030222F0E8
S31500015750030202D12A6002B070BDB168B4F1204FD4
S31500015760C1F38033C1F340310BD004D8B4F1004FFB
S3150001577009D02120EFE7B4F1304F02D0B4F1404F08
S31500015780F7D10B4401E003EB410353432B60E2E7FE
S315000157902DE9F7430D4690461F460646E8B1E1B1AD
S315000157A00468D1F800904C451BD004F03043B3F1A6
S315000157B0004F12D184EA0903B3F1805F3CD2002382
S315000157C001A90193FFF791FF38B9019AC2F30E02BD
S315000157D0144349EA02039C422ED0212003B0BDE8BE
S315000157E0F08314F0704427D4B4F1805F29D00023EC
S315000157F0304601A90193FFF778FF0028EDD100900B
S3150001580069462846FFF771FF0028E6D1DDE9003237
S315000158109A42E3D0E1E70023B8F1000F06D043F442
S315000158208053B268A9684A401A42D6D1002FDED009
S31500015830AB689B04DBD4D0E7002FECD14FF4C04317
S31500015840EAE7002BF4D1B8F1000FD0D04FF4C043F2
S31500015850E7E737B50C46054650B149B100230B6061
S31500015860036803F070430B60C2683AB1032A02D0A1
S31500015870212003B030BD43F080630B60AB689A0111
S315000158803ED403F08073EA680AB9002BF0D122688E
S3150001589022F0407213432360EA68032A05D12A697C
S315000158A0F62AE5D962F317432360AB681B0442BFAE
S315000158B0236843F400432360EB68032B1FBF23686F
S315000158C02A6862F30E0323602A68AB6802F070420D
S315000158D0B2F1805F1CD213F4D84FC9D100232846F8
S315000158E001A90193FFF701FF0028C1D12B6813F02D
S315000158F0704231D12368019A62F30E032360B8E73F
S3150001590003F04073B3F1407F18BF4FF00073BAE75D
S31500015910580403F4005118D40029A9D0226842F48E
S31500015920005222601A0542BF226842F400622260D8
S315000159302A6802F07042B2F1404FCFD05B0542BFF8
S31500015940236843F480632360C8E7226842F48042F7
S3150001595022600029E6D0E1E703F05043B3F1004F9E
S3150001596005D0B2F1304F02D0B2F1404F80D1019B48
S31500015970013B23707DE737B50C46054608B9212062
S3150001598019E00029FBD001234B60C368ABB901A91B
S315000159900193FFF7CBFE0028F1D1019B6A699A4278
S315000159A008D32A69002AEAD0226043F00053002076
S315000159B0A36000E01D2003B030BD032BDFD100231F
S315000159C0F5E7436882B013B9416002B07047436896
S315000159D00193019B5B68012B019B01D15960F4E79F
S315000159E05B68F5E7F0B5174602780446022A0E46CB
S315000159F093B03FD0032A41D0012A43D11425224A2C
S31500015A000C3432600022990172603046B260326213
S31500015A1010F0EFFB4FF0010C41F00051099709AB73
S31500015A20CDF828C006AF0B9145F0005593E8070065
S31500015A3003AB87E807000C940CAACDF834C00E9589
S31500015A4007CA83E807000F9412AACDF840C0119542
S31500015A5012E907008DE8070019463046FFF7B1FF46
S31500015A603946FFF7AEFF694610F01BFC10F0EAFB62
S31500015A7013B0F0BD2025054A0C34C2E72025044A9F
S31500015A800C34BEE72120F3E7000201030003010302
S31500015A90000401032DE9F047884616461C460546D3
S31500015AA000283FD000293DD00378013B022B39D88D
S31500015AB0436800F12C0903F03F07E318436022BF56
S31500015AC08368013383607FB3C7F1400A544522D30B
S31500015AD05246314609EB07000EF046FB01234A46C2
S31500015AE041462846FFF77EFF90B9403C3C443F2C97
S31500015AF056440BD9324641462846A309FFF772FFA1
S31500015B0030B924F03F031E4404F03F0414B90020C9
S31500015B10BDE8F08700272246314609EB07000EF063
S31500015B2023FBF4E72120F3E73F2CE3D8F3E72DE944
S31500015B30F0430E4617461D46044693B018B9212078
S31500015B4013B0BDE8F0830029F9D0002AF7D0002B65
S31500015B50F5D0002339461A463046FFF719FE0028CC
S31500015B60EDD169463846FFF7C0FD0028E7D1306818
S31500015B703249009A88426B695CD19342DFD32B6824
S31500015B80002BDCD14FF06062636030462260A36077
S31500015B90236201A9FFF75DFE0028D0D101992046B5
S31500015BA021F4F061019110F024FB284602A9FFF7C8
S31500015BB050FE0028C3D14FF001094FF0005820468E
S31500015BC0029910F016FB09A9CDF82890CDF82C8082
S31500015BD0FFF7F7FE304606A9FFF7CDFE0028AFD145
S31500015BE0204606A9FFF7EDFEEB6833B10CA9CDF807
S31500015BF03490CDF83880FFF7E4FE38460FA9FFF759
S31500015C00BAFE00289CD120460FA9FFF7DAFE2846E6
S31500015C1003A9FFF7B0FE002892D1204603A910F090
S31500015C2040FB0325204610F00DFB012888D1013DDC
S31500015C30F8D185E7B3EB420FA1D280E7200000B08F
S31500015C4010F1860F12D010F1850F0ADA10F1950FB7
S31500015C500FD010F1930F0CBF6FF06F004FF0FF30B4
S31500015C607047003818BF0120404270476FF071003D
S31500015C7070470148704700BF00B2FFFF10B12421F1
S31500015C80F1F7D4BE704770B515460E462421044679
S31500015C90F1F7CCFE25F04003802B02D0B5F5807FCD
S31500015CA008D12046314640F8045BEA080EF05CFA5A
S31500015CB0002070BD6FF01F00FBE72DE9F0430129BD
S31500015CC005460E46914698469DB04BD8046824F089
S31500015CD04003802B02D0B4F5807F46D120220021DB
S31500015CE014A80EF0DDF8224A224BE408012E08BF63
S31500015CF0134613932B1D0A93012344F000540B936F
S31500015D000C941D4C07AF0AAA07CA04AE87E8070020
S31500015D10CDF834900DAA0E930F9407CA86E80700B2
S31500015D20CDF84080119310AB129401AC93E80700B3
S31500015D3084E8070013A83946FFF743FE3146FFF70B
S31500015D4040FE214610F0ADFA2968C90810F051FA53
S31500015D50102110F04EFA10F055FA10F037FA1DB076
S31500015D60BDE8F0836FF02000F9E76FF07100F6E708
S31500015D7000010004000101041000002000F01F03CF
S31500015D80A0F50620A0F55060812811D801229A407D
S31500015D90094B400903EB8003D3F814111143C3F8EF
S31500015DA01411D3F8001121EA0201C3F8001170475A
S31500015DB04FF0FF30704700BF183000202DE9F04F3B
S31500015DC0BBB028AE00F130070446884615460FCF12
S31500015DD00FC697E80F0086E80F002822002130A899
S31500015DE00EF05EF830A810F0FAF904F1300B064611
S31500015DF0002840F05A81D4F80090BB4A29F47E135A
S31500015E00934240F0DB809DF8A030014603932A9B24
S31500015E10102218A804932F9F0EF042F81022314643
S31500015E201CA80EF03DF81022314620A80EF038F8D5
S31500015E301022314624A80EF033F8049B1DB1B8F1A7
S31500015E40000F00F03281C9F30742C9F30549B9F1E0
S31500015E50020F00F02A81B9F1100F00F22681D20754
S31500015E6000F12381FA1F062A00F21F81FAB2C2F15C
S31500015E700F0A5FFA8AFABAF1030F049209D8BAF146
S31500015E80020F0CBF4FF480324FF08072934280F0C4
S31500015E900C8150220021584605930EF001F82A1E66
S31500015EA018BF0122FBB2C3F10E0B5FFA8BFBA9F1FE
S31500015EB0020149084BEA821242EAC1028DF86020CA
S31500015EC02BA93A460DF161000EF04EF9059B1CA96E
S31500015ED01A460136564501F8012D4FEA1222F8D32A
S31500015EE0039A6363049B84F84C20C4F848903A46AD
S31500015EF084F85D302BA9261D04F138000DF17009D7
S31500015F000EF032F93146CDF8009018AB20AA30A830
S31500015F1002F02BFB002840F0C880E5B14FF4A063E6
S31500015F20ADF86030D8F80030CDF86600CDF86230B3
S31500015F3098F80430CDF86A00ADF86E008DF8663039
S31500015F403146CDF8009018AB20AA30A802F00DFB1F
S31500015F50002840F0AA8020AB04F15E0C24AE1A465C
S31500015F6003CAB242CCF80000CCF8041013460CF177
S31500015F70080CF4D13A462BA90DF191008DF890B099
S31500015F800EF0F2F8781C5246002130440DF088FFDD
S31500015F90012304F14D028DF89F3028AF334603CB20
S31500015FA0BB42106051601E4602F10802F6D1002084
S31500015FB0636A1D4465623BB0BDE8F08F4B4A93426C
S31500015FC040F0AD802F9B15B1B8F1000F6DD00C2BB1
S31500015FD06BD17822002158469DF8A0600DF060FF34
S31500015FE0002384F8A160C4E90E532BAA002D00F00A
S31500015FF08D80012618923E4A19960DF118091A92BA
S3150001600018AA07CA89E807003A4ACDF870801D9692
S315000160100DF124081E921CAA07CA88E8070004F19C
S31500016020400220920392344A21960CAF229220AA72
S3150001603007CA04F1040B87E807000DF1900A2F4AFD
S31500016040514658463193309232933893FFF701FC0B
S31500016050049050BB30A8249910F0CBF8052110F01C
S31500016060C8F8049B194610F0C4F84FF000530FA965
S3150001607010961193FFF7A5FC584612A9FFF77BFC72
S3150001608098B930A812A9FFF79CFC4946FFF799FC7D
S315000160904146FFF796FC394610F003F910F0D2F8A5
S315000160A030B110210398FFF715FB6FF0920082E7DC
S315000160B0134B04F1700724972596269315AB9AE89E
S315000160C0070083E8070094F8A1000E4A0E493293AF
S315000160D0012808BF0A4630A8309210F0B3F8D8B1AB
S315000160E020213846DFE700BF0001400500024005D8
S315000160F00C00002005000020100000200000020412
S3150001610020000020010002040100030404F17003D1
S3150001611007CA83E80700012084F8A20047E76FF069
S31500016120850048E72DE9F0410E4614461D46BAB0F2
S31500016130002845D0002943D0002B41D0038803F421
S315000161404F42B2F5824F40F09B80DAB2122A0ED04E
S31500016150413A012A00F294802B68002B00F0B680A8
S31500016160DA1DB4EBD20F2BD1FF2B21D0B0E023F0F7
S31500016170FF03B3F5E24F26D143882B60E3B9E30071
S315000161802B60B3F5807F7BD100231846574935191B
S31500016190214415F8012D11F8014D1043121B18BFAA
S315000161A00023AE4243EA0203F3D148B1002B07DADA
S315000161B000203AB0BDE8F081DA1DB4EBD20FE0D091
S315000161C06FF08600F5E7B3F5824F40F08B800B78D0
S315000161D0042BF5D1282200211FA80DF061FE1FA86E
S315000161E00FF0FDFF10B16FF09200E2E7404B2090F7
S315000161F01F9301232190CDF810D005933D4B04AA9E
S31500016200069301AB0090279007CA83E80700194659
S315000162101FA810F046F810F015F80028E3D1009BEE
S31500016220354A23F07F4393422AD94FF0420829AFDA
S315000162304246002138460DF033FE0123202200217B
S31500016240013C17A88DF8A43001360DF029FE202255
S3150001625000211C940FA8E40064081B960DF020FE93
S315000162602022002107A8CDE913780DF019FEB4F517
S31500016270807FCDE90B782C600BD004D8E02C9FD120
S315000162806FF0850095E7B4F5C07FF9D0B4F5047FCA
S31500016290F5E71A4B0FA917930F934FF40053199370
S315000162A04FF480431193402317AA08931FA807AB05
S315000162B0FFF73DFC0446296838460731C9084900FD
S315000162C0FFF710FA002C3FF473AF79E7E3002B6078
S315000162D0B3F5807FD4D14388B3F5807FD0D0FF2337
S315000162E02B6065E76FF0960063E700BF7E6D0200E5
S315000162F00000084304000020010201002000008084
S31500016300F8B5134642880C460732072A4FEAD201EE
S3150001631001D0A14253D1D0E9016705882022184650
S3150001632000210DF0BDFD360A0346002E4AD1002C90
S3150001633045D041F20102954205D0B5F5885F02D0FC
S31500016340B5F5905F02D15C60002011E0B5F5105FF4
S3150001635007D1182C03D0202C01D0102C2FD11C6072
S31500016360F1E705F44F42B2F5824F02D06FF0850096
S31500016370F8BDEAB2122A03D1202CF7D1134A04E060
S31500016380412AF3D1202CF1D1114A25F0FF05B5F5AB
S31500016390E24F1A600CD0B5F5824F10D14FF400527E
S315000163A017F4705F09D017F4864F04D09A60DDE7C1
S315000163B04FF48042F4E742F480629A60C4E76FF0DA
S315000163C08600D5E76FF08B00D2E700BF2000008082
S315000163D0200000B02DE9F0411C46436807461B0A20
S315000163E08846154688B054D1038823F0FF02B2F5DA
S315000163F0824F2BD14688413BDBB20736012B4FEA50
S31500016400D60607D90B78042B19D06FF0860008B091
S31500016410BDE8F081B542F8D1224631463846FFF74C
S315000164206FFF0028F3D1033525F00305C4E90308FE
S3150001643065616EB920212046FFF74CF9E5E7013D7C
S31500016440B5EB460F01F10108E6D0DEE72E46E3E79C
S315000164500146202268460DF023FD31466A4638463C
S31500016460FFF74EFFDDE90076DDE9062C02990028EB
S31500016470E0D12368A568BB42DCD16768B742D9D1B0
S315000164808D42D7D1A1699142D4D1E2696245BED08C
S31500016490D0E76FF08B00BAE72DE9F84F05460E46B7
S315000164A021B10B7D1F2B02D90F2426E0454EEFF3B8
S315000164B01187302383F31188DFF81091D9F8E83179
S315000164C0183B13F1180F11D1DFF80481D8F800A099
S315000164D0C5BB42464FF0FF311C2005F0DFF80446EC
S315000164E0D8B187F31188BFF36F8F06E0AB4207D1AE
S315000164F087F31188BFF36F8F12242046BDE8F88F0A
S315000165001A68B24201D09B69DAE7002DF0D087F311
S315000165101188BFF36F8F2324EFE74FF0010BD8F8F3
S3150001652000500421307D05F1100205F061F90446A1
S3150001653080B1BBF1000F02D028460FF00DFBC8F861
S3150001654000A0CEE7BAF1000F01D1C8F800504FF014
S31500016550000BE6E70421307D05F1140205F048F948
S31500016560044618B128690FF0F7FAE2E72B464FF413
S3150001657000112E60D9F8E82168602873A86043F8F5
S31500016580182F114AC9F8E8313368C2F88011116031
S315000165904FF0F0529A60FF224FF0FF3198619A62F4
S315000165A003F50052986318641165012203F58053BF
S315000165B05A6008232B733268936823F0F85393606B
S315000165C08FE700BFA06D020000E100E01830002057
S315000165D05C0B0020002307B501AA019305F008F919
S315000165E0019803B05DF804FB13B500244FF0FF31A9
S315000165F001AA019405F052F800B10194019802B084
S3150001660010BDF1E7F0E7EFE7EEE7FDF71FBAFDF79B
S315000166101DBAFDF71BBAFDF719BA0FF09DBA0FF0B7
S315000166209BBA0FF099BA0FF097BA0FF095BA0FF01F
S3150001663093BA0FF091BA0FF08FBA0FF08DBA0FF02F
S315000166408BBA0FF089BA0FF087BA002337B50D461A
S315000166501446019302B3073020F00700C2E9021085
S315000166604FF0FF31684301AA05F018F860B90246F8
S31500016670019B013DC4E9003391B2A94202F1010235
S3150001668004D34FF0FF321A6003B030BDE1681944FC
S315000166901960E1680B44EFE72220F5E7FEE70023E6
S315000166A007B5084601AA4FF0FF31019304F0F6FF42
S315000166B0019803B05DF804FB08460FF04DBA084691
S315000166C0114687E7BFF35F8F074B5A6A22F4803280
S315000166D05A62D3F8942022F00102C3F89420BFF342
S315000166E04F8FBFF36F8F704700ED00E000232DE958
S315000166F0F0479A4CDFF87082994E94F83470D8F8C6
S31500016700EC91F568C8F8EC3117B32268AA4240F05B
S31500016710188131696268914240F013817169A268FA
S31500016720914240F00E81B169E268914240F00981DF
S31500016730F1696269914240F00481716AE26B9142AA
S3150001674040F0FF801D46326AA2612846BDE8F08707
S315000167505822394604F11000D4F838A00DF0A0FBF8
S31500016760336904F108006360F369C4F838A0636112
S31500016770336A2560A361D6E90523C4E90223FCF740
S315000167805AFE736A04F14000E3639B68984720B997
S31500016790676C17B16368B3FBF7F794F84330E761A9
S315000167A0002B00F0D0800023656C2366002D00F0DD
S315000167B0D280002F00F0CF802368B3FBF5F205FBF2
S315000167C01233002B40F0C1806668B6FBF5F305FB7A
S315000167D01363002B40F0B9806048FDF756FA8642F4
S315000167E0C0F0B58040F634726369CC3B934200F247
S315000167F0B080B5F5805FC0F0AE8003215748FDF744
S3150001680056FAD4E90001E36B1B6898470546E36B2A
S315000168100220DB689847BDB949465048FEF7A0FB00
S315000168206428054604D149464C48FEF799FB0546BE
S3150001683055B9636C226A143B484802FB03F6FDF71F
S3150001684024FA864238BF5A25002D0CBF01230023A6
S3150001685084F8343056D1D4E90060D8F8F031D8F84C
S31500016860F4710133C8F8F031FFF72CFF1F2837D92F
S315000168704FF0000CF10600F1FF3018BF26F01F01A2
S3150001688006EB00030CBF31462031DA06354A18BF44
S3150001689023F01F035FFA8CF0874237D8D2F8C00085
S315000168A041F0030120F47F4040F48070C2F8C0003B
S315000168B0EFF31186302080F31188D8F8F40143F004
S315000168C00303C2F89800C2F89C10C2F8A03086F300
S315000168D01188BFF36F8FD8F8F4310133C8F8F4315A
S315000168E0BFF35F8F05221F4BC3F894205A6A42F407
S315000168F080325A62BFF34F8FBFF36F8FBFF34F8F53
S31500016900BFF36F8FE06B02F094FC1EE7C2F89800AC
S31500016910D2F89C00D2F8A06020F01F00884226F031
S315000169201F0601D19E42DBD08E4201D39842D7D9B0
S31500016930D2F898000CF1010C20F0FF00C2F8980083
S31500016940A8E75D2501E72125FFE65925FDE65A253C
S31500016950FBE65F25F9E65B25F7E600BFD80A0020CE
S31500016960A03F002000ED00E0183000202DE9F04F97
S31500016970A7B0CDE9022180461D4604460822319F73
S3150001698028FA02F383EA0803990702F1080218BFFD
S315000169909B00202A1C44F3D18123B4FBF3F303EBC0
S315000169A0C313E41A8A4B04F5062493F8F83104F567
S315000169B05064002B3CD1FFF799FE0646002879D199
S315000169C00146402206A80DF06BFA4022314616A870
S315000169D00DF066FADFF814927E4BCB4609F11009E9
S315000169E04B4528BF4B46002603F1FF3A10225B4672
S315000169F0CDE900A6784806A9FDF7AEFB034606AA2F
S31500016A009E4244D101231022CDE900A372485B4680
S31500016A1016A9FDF7A1FB4FF0000B824616AED34532
S31500016A204DD16E4B9945D7D10122694B83F8F82197
S31500016A304FF081090026DFF898B16309A3F5864373
S31500016A40683B0BEB8303D3F8142104F01F01CA4002
S31500016A50D2074AD4D3F80031CB40DB0738D5002E14
S31500016A6008BF26468123A4F50624A4F6FF44B4FBF9
S31500016A70F3F303EBC313E41A04F50624B9F1010990
S31500016A8004F55064D9D1029B23B356BB22E052F8D8
S31500016A90040B05930492FFF771F9DDE90423013034
S31500016AA00BD100224A4B83F8F821494B93F8F83170
S31500016AB0002BBDD16FF091000EE00136A0E756F82C
S31500016AC0040BFCF7F1FE0130EFD00BF1010BA6E749
S31500016AD0029B23B96FF08B0027B0BDE8F08F06B992
S31500016AE02646329B00201E60F6E7309B13B1002339
S31500016AF0309A13600FB100233B604FF0100A002358
S31500016B002A4621463448CDF800A0FDF739FC002875
S31500016B1054D1309B0BB1C3F800A02A68304B9A427E
S31500016B2015D021462C48FEF75FF90028D2D1D5E9C8
S31500016B30022303998B4208BF424593D1029B002B46
S31500016B40CED06B68012BCBD16FF08400C4E7309BAC
S31500016B50002BECD0002FEAD000231F483B6090F8B1
S31500016B603430002BA6D0DFF868A00121FDF79FF88D
S31500016B7016AB214618480AF5C472FDF75CFB0346BD
S31500016B80D0B99DF85820032A16D0022A11D1042221
S31500016B903A60114A0493D06B02F04BFB049B002B25
S31500016BA088D1309A3B681268934283D39B1A3B6023
S31500016BB0BDE7DAF89821EBE72D23EAE7094B98427E
S31500016BC0AFD06328ADD0084B9842B0D072E700BF72
S31500016BD018300020816D0800D80A0020906D080049
S31500016BE0105D175EFFDF00F0FEDF00F0006D0800AC
S31500016BF070B506460D4614468CB0CAB11022002166
S31500016C0008A80DF04DF9002205AB029307AB0193DD
S31500016C1006AB00933046294608ABCDE90622FFF7BD
S31500016C20A5FE18B9099B6360079B23600CB070BD74
S31500016C306FF08600FAE730B58DB00C460546102296
S31500016C40002108A80DF02CF9002205AB029307AB31
S31500016C50019306AB21460093284608ABCDE90622EF
S31500016C60FFF784FE044610BB099B012B22D0059D2C
S31500016C7013482946FEF7B8F8F8B9A5F50623A3F592
S31500016C805063812B05F01F000FD801210D4A5B09C6
S31500016C9002EB8303D3F8142181404A402846C3F806
S31500016CA01421FCF701FE013001D16FF08604204664
S31500016CB00DB030BD6FF08404F9E76FF09104F6E78B
S31500016CC0D80A0020183000204FF0B0439A6A120704
S31500016CD0FCD4186A70472DE9F84FEFF31189302378
S31500016CE083F311884FF0B0435B691907554903F0E7
S31500016CF0010203F00D0314464B6148BF42F0020442
S31500016D004AB1514AD2F8FC310133C2F8FC310FF0D5
S31500016D10F1F80FF08FF8A3072FD5EFF31185302681
S31500016D2086F311884FF0000A0FF0E4F85746DFF8B2
S31500016D301881D8F828410CB1636923B30023012FC8
S31500016D4088F8053204D11AF0020F18BF88F80572C7
S31500016D500FF070F822280CD101223C4B83F8282031
S31500016D604FF0B042D36B23F00303D3630822354BB4
S31500016D709A6185F31188BFF36F8F89F31188BFF389
S31500016D806F8FBDE8F88F23465A693AB91A79217986
S31500016D90914288BF1C469B68002BF5D185F311886B
S31500016DA0BFF36F8F2569DDB1FFF78EFFA369A0EBF6
S31500016DB0030A4FEAEA72AA4572F1000211DB2B447B
S31500016DC0A361E36813B1204621689847B4F806A089
S31500016DD00137EFF3118586F311880FF08BF8A8E7D9
S31500016DE0AA46EFF3118B86F3118820460EF02EFE8C
S31500016DF08BF31188BFF36F8F2369002BE1D0A38B2F
S31500016E00B5EB0A0133B1E28B13449BB2B3F57A7F3A
S31500016E1010D2E383EFF3118586F3118820460EF035
S31500016E20CBFFA36922691344A36185F31188BFF3DC
S31500016E306F8FC6E7A3F57A73E383A3690139013B33
S31500016E40A361E7E70020005818300020A03F00208A
S31500016E5070B504460E46EFF3108572B642888188F6
S31500016E6003888A420FD21344B3FBF1F001FB1033BE
S31500016E70013204EB8303DE606280012328460FF0B2
S31500016E806DF9184670BD82685AB9238804EB8302EE
S31500016E90D660A2880133B3FBF2F102FB11332380E2
S31500016EA0EBE700EB8303D968904703460028ECD152
S31500016EB0E4E72DE9F0432B48DDF81C8090F81242F7
S31500016EC094424BD90C246243D0F808E21EEB02042B
S31500016ED046D06089002843D0B4F90450B4F906605D
S31500016EE08D42B4F908701DDCB142A8BF3146002FAE
S31500016EF036D000F1FF3C1FFA8CFC07FB0C594C1BEA
S31500016F0094FBF7F44E45D8BF6046A4B2A04202D323
S31500016F10B14218BF20465EF802C05CF820200CEB97
S31500016F20800403E02946E2E7013880B218B154F83B
S31500016F3004ED7245F8D0B1421EBF17FB00F14919A5
S31500016F4009B2994203DD10B1013880B2E5E70020AC
S31500016F50C8F80020A8F80410BDE8F0830E20FBE76E
S31500016F600220F9E71830002010B5084C20460DF034
S31500016F7064FB20B994E80700054B83E80700BDE8E8
S31500016F80104001214FF0FF300DF059BBB86D0200E2
S31500016F9020320020FF207047004870470080FFFF25
S31500016FA038B5134C0546616B79B9A26B5AB9616C58
S31500016FB0A1B9A26CCAB13C34E3688BB922780D4BF6
S31500016FC000201A7009E02C34F6E72C342846227882
S31500016FD009680DF066FC0028EED038BD3C34F5E7B3
S31500016FE0284698470028E9D0F7E70220F5E700BFD1
S31500016FF0A03F002008140020F8B5154F97F8143269
S3150001700023BB0222134E144D144CAD1BC4E900657B
S31500017010C7F81C52013D3046ED08C4E9023323612D
S3150001702022776362C4E90566C7F81862F2F768FD5C
S3150001703075802369E26801332361A36808339342AB
S31500017040A36088BFE360012387F81432F8BD00BF4F
S3150001705018300020D04000200000012070190020C7
S3150001706000232DE9F04F9E4E85B0039373680D46BC
S315000170709A42104606D249B922B14FF0FF3103AA0E
S3150001708004F00CFB039805B0BDE8F08F1AB9084669
S315000170900EF062FDF6E7EFF31188302383F31188D2
S315000170A0A1F1080C31F8061C07304FEAC10920F09E
S315000170B00704A14580F0928035F8023C002B76D07A
S315000170C0591A012973D10CEBC30A1CF83330D907BD
S315000170D06DD4BAF80230A9EB040717EBC30766D4DF
S315000170E01F2F3DDD05EB040BC4F3CF0425F8064C39
S315000170F00134584625F8024CFF08F2F701FDABF8BA
S31500017100027035F8023CABF80430BAF806301BB30E
S31500017110BAF802209A1A12FA87F7BFB20AEBC3032A
S31500017120ABF806709F8000225146584601F0A0FA3E
S315000171305046F2F7E5FC002235F8061CB3680395C4
S3150001714003EBC103F168A3EB09038B42B36043D898
S31500017150A2B3083BB36031E00023ABF80630E2E7A7
S315000171603369013B336135F8063CBAF80220013335
S31500017170134425F8063CBAF80620A2B1BAF8021063
S31500017180511A11FA83F39BB20AEBC20225F8023CAB
S31500017190938001226046514601F06AFA5046F2F7A1
S315000171A0AFFC0122C8E7002325F8023CF1E74FF0C6
S315000171B0FF31204603AA04F071FA20B188F3118841
S315000171C0BFF36F8F5EE74A46294603980CF0CCFF62
S315000171D028460EF0C1FCF1E7F360B9E777D935F837
S315000171E0022CA9EB0407531E5B1A002A3ED00CEBB6
S315000171F0C20A1CF83220D20739D4C3BBC4F3CF0369
S3150001720005EB040B25F8063C013325F8023C5846EC
S31500017210F2F776FCBAF8023003EBD703ABF802308B
S3150001722035F8022CABF80420BAF80620DAB1BAF820
S315000172300210511A11FA83F39BB20AEBC202ABF8A0
S315000172400630938000225146584601F011FA504605
S31500017250F2F756FC0023B26803951444A4EB090423
S31500017260BBBBB460AAE7ABF80620EBE79246272F33
S315000172702DD9C4F3CF0205EB040B25F8062C013FEB
S31500017280013225F8022C5846FF080193F2F738FC23
S31500017290ABF8027035F8022CABF80420BAF1000FF6
S315000172A012D0019B013313FA87F7BFB2ABF8067010
S315000172B0AAF8047000223369114601335846336136
S315000172C001F0D6F90123C6E7ABF806A0F2E703956C
S315000172D074E7F36808349C42B46088BFF4606DE7D4
S315000172E07019002000220A4B1A7101221860094BFD
S315000172F0DA644FF48052084BC3F88020BFF34F8FF6
S31500017300BFF36F8F4FF48162044B5A6100BFFDE7F3
S31500017310B019002000A0055000E100E000800550F2
S3150001732073B52E4B1A79002A55D0EFF3108472B635
S315000173305B797BB12A4B1978072908D80123294A99
S315000173408B40D56A1D4202D1126B134202D0012035
S31500017350FFF7C8FF244BD3F80021C2F30033D20450
S3150001736001D50220F4E70126204A2149CD6CD664D5
S31500017370204A06090092204A00F00F00965D125C31
S3150001738068468DF8052040F60D228DF80460ADF8AB
S3150001739006201A4A8E69760603D4013AFAD10320E9
S315000173A0D6E710F8012B0133082BCA63F1D1134B31
S315000173B00F4A9169890603D4013BFAD10420C7E734
S315000173C001210A4B99644FF48051074BC3F8801190
S315000173D0D56484F3108802B070BD00BFB0190020D7
S315000173E0580B00200000045000E100E000A0055009
S315000173F0008005500D0A4053AC730200A0860100BF
S3150001740041F6713210B5104C104BA04294BF0024C6
S315000174100124D969DA639A6801F4803122F44012B1
S3150001742042EA04529A600A4A90420A4AD2F818027B
S315000174308CBF40F0020020F00200C2F8180209B128
S315000174400022DA6310BD00BF005A62020000035039
S3150001745080F0FA0200C0075010F1860F12D010F129
S31500017460850F0ADA10F1930F0FD010F1870F0CBFB9
S315000174706FF073004FF0FF307047003818BF0120DE
S31500017480404270476FF0710070476FF06F007047B0
S31500017490094B186F00F00700431E032B03D8DFE8E2
S315000174A003F00608090400207047062070470220F1
S315000174B070470420704700BF008000500EB417B516
S315000174C004468288E18800688A4234BF891A00210D
S315000174D006AB10440D4A019304F0D4FE002800DAED
S315000174E0FEE7A388E288184480B2904228BF236849
S315000174F0A08028BF9B18204624BF002203F8012C38
S3150001750003B0BDE8104003B0704700BF2D8D0200E7
S315000175102DE9F0430D4690461E46044693B00028D9
S3150001752050D000294ED0002A4CD0002B4AD0264BF1
S315000175300FAF036000233946436003628360284628
S31500017540FEF787F900283AD120460F990EF051FE31
S31500017550102120460EF04DFE4FF001094FF0005369
S3150001756069462046CDF804900293FEF72AFA28468A
S3150001757003A9FEF700FA10BB144D204603A9FEF736
S3150001758020FACDF83C8006ABCDF84090119597E8EE
S31500017590070083E8070019462046FEF712FA0C9603
S315000175A009ABCDF834900CAA0E9507CA83E80700FB
S315000175B0204619460EF075FE20460EF043FE13B026
S315000175C0BDE8F0832120FAE7000100041000002045
S315000175D02DE9F04F894690461F460446A3B0002880
S315000175E000F0BA80002900F0B7803AB12D9B002B3C
S315000175F000F0B2802E9B002B00F0AE8000252E46B7
S31500017600A84540F2A7805EB12D9B2C9A5B5D925DE9
S31500017610013653402E9A06F00F0653550135EFE712
S31500017620A8EB050BBBF10F0F40F292804B4B666046
S3150001763048462360A660266203A9FEF70AF90028D8
S3150001764065D1204603992BF00F0B0EF0D2FD59465A
S3150001765020460EF0CEFD4FF0010A4FF000532046B2
S3150001766004A9CDF814A00693FEF7ABF9484607A97D
S31500017670FEF781F900284AD1204607A9FEF7A1F9AC
S31500017680374B1F970DF1280CCDF880A022A9219325
S3150001769011E907008CE807002D990DF1340E4B19FD
S315000176A01C934BF00053CDF874A01CAA1E9307CA75
S315000176B08EE80700614620460193FEF782F92046CF
S315000176C00DA9FEF77EF92E99019B4A191992CDF85B
S315000176D068A019AA1B9310AB07CA83E80700204AC2
S315000176E01697CDF85CA018920DF14C0A16AA07CA96
S315000176F08AE80700194620460EF0D3FD514620467A
S315000177000EF0CFFD20460EF09DFD5D4400B323B083
S31500017710BDE8F08F8EB93A46494620462C9BFFF7C5
S31500017720F7FE0028F3D107F1100212F8013D0133EB
S31500017730DBB213700BB99742F7D12C9B2D9A9B5D47
S31500017740525D013653402E9A06F00F065355013508
S31500017750A845DFD10020DAE72120D8E7030300049A
S31500017760100000202DE9F3410C4616461F4605463A
S3150001777028B1D02200210CF093FB04B116B96FF0A9
S3150001778086042AE063880733B7EBD30FF7D3238840
S31500017790B3F5105F25D1164B05F12C082046AB62D7
S315000177A03A4643463146FEF715FE0446A8B901900E
S315000177B001A94046FDF799FFB0B9019AA2F110015E
S315000177C01029DCD80B4BCB40DB07D8D52846E96B13
S315000177D00CF0CAFCED6385F85840204602B0BDE8BE
S315000177E0F0816FF08504F8E76FF09204F5E700BFCA
S315000177F000024805010101002DE9F04F93462022C0
S315000178000646BBB00DEB02008A4600211F46449C8A
S315000178100CF046FB2022002110A80CF041FB20228F
S31500017820002118A80CF03CFB2822002120A80CF00E
S3150001783037FB402200212AA80CF032FB002E00F073
S315000178409080BAF1000F00F08C80479B002B00F06E
S315000178508880B6F80090758809F4E042B2F5804F49
S315000178607FD0EA1DBBEBD20F4FEAD20879D3469BF4
S31500017870984500F28D8020A80EF0B1FC28B16FF07A
S31500017880920420463BB0BDE8F08F434A21902092F6
S3150001789001AA2290059201220692404A0DF1080C96
S315000178A0079205AA0190289007CA8CE8070020A82C
S315000178B061460EF0F6FC20A80EF0C4FC0028DED1CD
S315000178C0019A374922F07F428A42019202D86FF02B
S315000178D08504D6E747F21212914512D047F24112BA
S315000178E09145F4D1A0453CD8FF2DF0D1469B0334F8
S315000178F0DD1C459A20232B4924F0030425F00305BA
S315000179000AE0B5F5807FE2D140252B4602342649AF
S31500017910013724F003042AAA109100211993CDE915
S315000179201B12CDE913175A465146304608AB15943A
S315000179301D95FEF74FFD04460028A2D1129B189013
S3150001794043F4005320A812930EF049FC002896D167
S3150001795018AB10AA08A920A8FEF7E9F820B1482813
S31500017960B5D06FF086048CE747F2121399450BD117
S315000179702AAD4246294645980CF0F6FB402221469F
S3150001798028460CF08DFA4023479BC3F8008078E720
S315000179906FF0890475E700BF00000843040000206A
S315000179A001020100200000B0200000802DE9F04115
S315000179B006460D4690461F4696B0002B3CD0202326
S315000179C00CA83B600EF00BFC044620B16FF0920050
S315000179D016B0BDE8F0811A4B29460D9014900E9011
S315000179E00CA80C930EF005FC4FF0010C45F0005568
S315000179F0069606ABCDF81CC0089593E80700114B17
S31500017A008DE8070003ADCDF82480CDF828C00B938F
S31500017A1009AB93E8070085E8070069460CA8FDF75E
S31500017A20D0FF0CA829460EF03CFC0CA80EF00AFC6F
S31500017A300028CDD03C60C9E76FF08600C8E700BFDB
S31500017A4000040003200000202DE9F7439946002396
S31500017A50884601A9054617460193EFF7E1F9044661
S31500017A60D8B9019EB9F1010F15BFD6F88830D6F8FD
S31500017A70843006F1880006F184009BB9727A96F883
S31500017A805030D20603D5012B21D0042B1FD0053B44
S31500017A90022B1CD92846EFF7B6F90224204603B07B
S31500017AA0BDE8F083FCF722F870B14268019BD3F878
S31500017AB0A430C8F8002002893A801A6E026018665E
S31500017AC02846EFF7A0F9E9E7C8F80000388028460C
S31500017AD0EFF799F91B24E1E72DE9F84312F00304C6
S31500017AE018BF012404EB92048C4207460E46154644
S31500017AF04FEA8409C2EB84081AD8424600210CF0E9
S31500017B00CFF9321B0021920007EB09000CF0C8F9EE
S31500017B102A46002007EB0801F6F772F8054620B958
S31500017B201CB121463846EFF7D7FE2846BDE8F88353
S31500017B306FF00305F9E72DE9F041036B826B92B013
S31500017B409A4288BF8363426C436A07680E4602FB0A
S31500017B500377C36B03A905225B6904463846984738
S31500017B6003A8FCF7E1F801280146307070D0656C76
S31500017B70E26B2368606AD2F814C005FB0030052267
S31500017B8008A9E04708A8FCF7CFF801284FF000053F
S31500017B903CD0D4E90A3201219342CDE90D458DF855
S31500017BA03C5010958DF8441043D119462046FCF7F8
S31500017BB0FFF8236B626C14339B1AE06223630E9BFE
S31500017BC01BBB9DF8443003B3636A626C2568D4F825
S31500017BD03C8002FB03550C350122D8F8143001A96B
S31500017BE0284698474FF6FF72019B99B291420CD1F4
S31500017BF06FF30F0343F4254343F0A50302930122D8
S31500017C002846D8F8183002A998470E9DE36B05223D
S31500017C105B6903A93846984703A8FCF785F83070D5
S31500017C202846236BA26B9A4288BFA36312B0BDE8B4
S31500017C30F081237C33B91D490DAA04F10800FCF734
S31500017C4043F8BCE720461A4A0DABFCF747FAB6E7FC
S31500017C50237C23BB2246174904F10800FCF734F8BC
S31500017C60616A2046FDF74EF9616A421C2046FCF71F
S31500017C7027FC054620B9236B626C1344143B23632E
S31500017C802046A16AFCF794F82368A062C01A636CC7
S31500017C90B0FBF3F060622046FCF79AFAB6E70023E0
S31500017CA02046054AFCF71AFADAE700BFDD4B010068
S31500017CB09D4C01008F340100DF34010038B50368A3
S31500017CC004460BB3012B08D0042B14D02046BDE883
S31500017CD03840E82200210CF0E3B882690B4B9A4246
S31500017CE0F4D100F120055830F2F7E0FD682128466D
S31500017CF0EFF79CFEEAE7D02500F118032A4600219A
S31500017D0018460CF0CDF8E1E738BD00BF000150057B
S31500017D10044A054B013800D2704753F8041B42F858
S31500017D20041BF7E7203E0020404100002DE9F04109
S31500017D30069E044688461F4615460AB103B106B992
S31500017D40FEE70021F7F762F9154BDFF858E0E41A70
S31500017D501E23E410B4FBF3F4E4B24FEA841C0EEBE9
S31500017D60841484F801800CF10C08F04495E80F00A6
S31500017D7088E80F000CF11C05754497E80F0085E8AB
S31500017D800F000CF12C05754496E80F0085E80F00ED
S31500017D904FF6FF73A38784F83E30BDE8F08100BF3C
S31500017DA0D80D0020B811002037B5094D0446094900
S31500017DB028680CF00EFBF6F71BFF074B01940093A6
S31500017DC0C2000123034928680CF0F3FA03B030BD61
S31500017DD00C110020981600206DEB000070B5436A67
S31500017DE004460D461BB111B9826A0F489847A3880C
S31500017DF099060ED50C4BDA7D92070AD5197D94F8B2
S31500017E006020914205D11B69E26D934224BF013383
S31500017E10E365206A836C33B12DB92A46BDE870400B
S31500017E200149006C184770BD581100200FB407B501
S31500017E30064A05A99368019113B1D2680448984787
S31500017E4003B05DF804EB04B0704700BFB019002021
S31500017E50D188020070B540F6AA6201242C4B2D4947
S31500017E6041F205054C605A6100222B4E9A60DA6593
S31500017E70DD602A4D1A61DA61DA64AE649A651A65C3
S31500017E805A656C604C604278057C9C68120442EA33
S31500017E9085722243047842EAC4329A6083782BB110
S31500017EA0C2781F4BC3F884218023CB65837BC27BB9
S31500017EB01B0243EA0233427B15491343CB60037B22
S31500017EC0144A5B0193608268164B03EAC203CB61D5
S31500017ED0037942791B07120502F4E00203F0E0433D
S31500017EE013438B65437C023B012B4FF0020394BF86
S31500017EF00D4A0E4AC2F8AC35437C03F0FD03012B53
S31500017F004FF004030CBF034A044AD36570BD00BF9A
S31500017F100080055000900550FFFF010000A00550AC
S31500017F2000800350F8FF7F0000D0035000E00350AB
S31500017F30F0B51E4B1968EFF31184302383F31188D2
S31500017F4001220B684D681E7DB240013A22EA050204
S31500017F5092FAA2F3B3FA83F39E4205D884F3118809
S31500017F60BFF36F8F1A20F0BD0F7BBE4213D0F61BF5
S31500017F7006F1FF3C5FFA8CFC9C450CD90123BB4002
S31500017F80013BB34032EA030314BFB3FA83F3202360
S31500017F90C3F11F03DBB201229A402A434A600370F0
S31500017FA084F31188BFF36F8F0020DCE75C0B0020A0
S31500017FB02DE9F843436E044613F018060D4644D1E5
S31500017FC05907426A3DD4042A3FD9017843F0040394
S31500017FD081EA12210170417843664A4042704FF0AE
S31500017FE0050804F13807E26A0023023202F00F02A3
S31500017FF0C2F11000404528BF404604EB020C03F1D4
S31500018000040E70450CEB030122D2984229D8E36A8B
S3150001801002440344102AE362A8EB0008054402D097
S31500018020626A934227D1224621463846F2F7E2FC9C
S3150001803008B30646636E43F0100363663046BDE837
S31500018040F883C36A05339342C9D96FF00C06F5E785
S31500018050E9585CF8039081EA09014CF8031073466C
S31500018060CDE715F803E091F800C001338CEA0E0C58
S3150001807001F801CBC9E7B8F1000FB4D1E26A636A2E
S315000180809A42DBD1636EC4F82C8043F00803636621
S31500018090D4E72DE9F04399B004460EA80D461646DD
S315000180A00EF09DF820B16FF0920019B0BDE8F08393
S315000180B0019005B15CB335F0030705F0030829D03B
S315000180C04FF0E0634FF000090E930123CDF83C9089
S315000180D0CDF840900B940C9347F000530D930BAAE7
S315000180E005AB07CA83E8070019460EA8CDF85890D4
S315000180F00EF0D7F80EA839460EF07BF80EA80EF052
S31500018100A1F838B13A46494620460BF0C9FE00238C
S315000181103360C8E7B8F1000F02D100203560C4E72B
S315000181204FF0E0634FF000090E9301ABCDF83C90A0
S31500018130CDF84090089301230993114B08AA0A939D
S3150001814002AB07CA83E8070019460EA8CDF8589076
S315000181500EF0A7F80EA804210EF04BF80EA80EF0AB
S3150001816071F808B12A46CEE7019A3C44C3000130B2
S3150001817022FA03F3804504F8013BF7D1CDE700BFAE
S31500018180040000202DE9F74F00F4E048B8F5804FD0
S3150001819082460F4616461D4612D100F44F43B3F5EB
S315000181A0824F02D1C3B2412B0AD0E90705D56B082C
S315000181B047B1FA1DB3EBD20F05D06FF0860787E002
S315000181C02B46F5E7DF0080210120FEF703FA04467E
S315000181D0002800F07381EFF7A3FB0123002204F1CD
S315000181E06809C4E918234846EFF791FB0AF44F439F
S315000181F0B3F5824F0BD15FFA8AFABAF1300F37D055
S3150001820008D8BAF1120F13D0BAF1170F39D06FF09F
S3150001821086051FE0BAF1410FF9D1B7F5807F05D088
S31500018220B7F5E07F00F04581FF2FF0D109212FE05E
S3150001823040F209239F4200F03C8116D8B7F5807FB2
S3150001824025D00FD827F02007C02F14BF6FF0860561
S315000182506FF085052046F1F71DFA20460DF07CFCEE
S315000182602F4635E0B7F5C07FEFE7B7F5047FECE7BA
S3150001827027F08003B3F5807F00F01B81B7F5007FFF
S31500018280E3E7C02F00F01581B7F5807FDDE7032115
S315000182902046F1F70FFAF1F7A9FA0746002840F050
S315000182A00B81B8F5804F7DD1B5B9DFF820B25846BC
S315000182B0F1F79CFA05460028CCD149462046F1F74C
S315000182C0BDF8F1F793FA05460028C3D10C9B1C6053
S315000182D0384603B0BDE8F08F201DEFF7B9FA00F17B
S315000182E007082046EFF70AFB02284FEAD80830D1E3
S315000182F04545DAD12A4631464846EFF7A9FC834679
S315000183000028D4D104F17000EFF7A5FB2378092BDF
S3150001831015D0012104F17800EFF74DFD83460028C1
S31500018320C5D12046EFF7EAFA0128C0D132789AB9C9
S31500018330012DBAD14846EFF752FD8346B7E7E9006A
S315000183405A4648460139EFF75FFD83460028E0D0DB
S31500018350ADE7DFF870B1E4E708F1010A5545019090
S31500018360A3D342464846711CEFF7A7FC8346002873
S315000183709DD1019B04F178001946EFF71CFD834658
S31500018380002894D13378042B8FD14FEA4803013367
S315000183909D428AD1424606EB0A0104F17000EFF7CD
S315000183A08CFCCAE794F8009020464946F1F782F919
S315000183B08046002879D12046EFF7A0FA02288246A6
S315000183C054D1B9F1090F30D1202D70D104F16009D2
S315000183D02A4631464846EFF73BFC0246F0B90146CC
S315000183E04846EFF711FD0246C0B901214846EFF7AD
S315000183F00BFD024690B951464846EFF705FD024688
S3150001840060B9FF214846EFF7FFFC024630B9012269
S31500018410FE214846EFF7F8FC024648B304F1600036
S315000184200192EFF718FB019A38E0B9F10D0F1DD152
S31500018430382D3CD104F160092A4631464846EFF70A
S3150001844007FC02460028E9D101464846EFF7DCFC65
S3150001845002460028E2D101214846EFF7D5FC024643
S315000184600028DBD1012240F2BF11D2E7DFF85480A8
S315000184702046EFF743FA012804F1600910D12A4694
S3150001848031464846EFF719FC02460028C6D149464F
S315000184902046EFF75FFA02460028BFD1104610E7E3
S315000184A0B8F1000FF3D0074AB8E70246F6E7064AE5
S315000184B0F4E76FF08505CDE60546CBE66FF08C0750
S315000184C006E700BF80B1FFFF80B3FFFF80B0FFFF6B
S315000184D02DE9F047C3F34508B8FA88FA0C46154664
S315000184E04FEA5A1A07465246294620461E46EFF7D4
S315000184F0F3FA48BB04F108095246484605F108015A
S31500018500EFF7EAFA00BB08F1FF33D3F1000848EBB5
S3150001851003084246204605F11801EFF7DDFA98B93E
S315000185204246484605F12001EFF7D6FA60B92146E1
S315000185303846F209EFF72BFE30B904F1100001219C
S31500018540BDE8F047EFF737BCBDE8F08738B50C4614
S31500018550054601212046EFF780FC28B92146284629
S31500018560BDE83840EFF73FBD38BD2DE9F0479EB075
S31500018570894615461E460446DDF89880002871D0C6
S3150001858000296FD0002B6DD0B8F1000F6AD0364BA1
S315000185901BAF03600023394643600362836048468C
S315000185A0FDF757F900285AD120461B990DF021FEF7
S315000185B0102120460DF01DFE4FF0010A4FF0005329
S315000185C069462046CDF804A00293FDF7FAF948461C
S315000185D003A9FDF7D0F9002841D1DFF89090204694
S315000185E003A9FDF7EEF91B9506ABCDF870A0CDF802
S315000185F0749097E8070083E80700189618AACDF843
S3150001860064A009AECDF8689007CA86E80700194646
S315000186102046FDF7D6F931462046FDF7D2F9CDF8C9
S3150001862054800CABCDF858A015AACDF85C9007CABA
S3150001863083E80700129512AACDF84CA00FADCDF82C
S31500018640509007CA85E80700194620460DF029FE15
S31500018650204629460DF025FE20460DF0F3FD1EB0FD
S31500018660BDE8F0872120FAE703020004100000208C
S3150001867030B5204DD5E905340AB38B4200D089BB0C
S315000186802B6993B340B92B681A78D20707D5DA88D4
S3150001869022B103EBC203F7E70346F5E713468C4223
S315000186A000D0B1B92A69CAB1002818BF0446227898
S315000186B0D2070ED5A2888AB1A4EBC204F7E78B4292
S315000186C00AD0834228BF03468C4209D0844238BF70
S315000186D00446C5E9053430BD0346F5E71446F8E717
S315000186E00446F6E78C42F4D1DCE78C42D9D11C462C
S315000186F0EFE700BF701900202DE9F7439946614B5A
S315000187000646002914BF8846984698F8C43017468D
S31500018710002B40F0B18011464046EEF737FA054688
S31500018720002861D1A821012003F05EFD044600283E
S3150001873000F0A48040F201138381022380F809909E
S3150001874080F8503007724581C573056064200DF0CD
S31500018750FFFA012F94BF00230123C4E9265584F8AB
S31500018760A030C4E92155D8F80030C4E92355606129
S31500018770C4F8A480C4F894502360C8F80040414668
S3150001878000200A680AB1136803BB0028F7D1EFF38A
S315000187901183302282F3118801223771B26034606D
S315000187A083F31188BFF36F8F40F20113D6F800806F
S315000187B03046A8F80C3001A9EEF732FB0546E8B1C0
S315000187C0022440460DF0C8F9254613E092F808C088
S315000187D01D7AAC4529BF186811461A60106022BF80
S315000187E00B6001201946CCE790F85030012B0CBFE5
S315000187F02E250425284603B0BDE8F083019F3A7B68
S315000188007B7B934201D1012B04D03046EEF7FBFA74
S315000188102124D6E797F85030013B042B2AD8DFE80C
S3150001882003F01F03291F0800397A81B9052387F848
S31500018830503000243046EEF7E6FA0CB1052CC0D1D3
S3150001884098F8093043F0100388F80930D2E7D7F8D1
S31500018850A400A8B190F8953023B9012387F85030C8
S315000188600524E7E701228430EEF7B0FE044600282E
S31500018870F3D0DFE70224DDE70425BBE71925B9E7D5
S31500018880437CFFDE843E00202DE9F04F9A468BB0F3
S315000188909DF85030DFF854B10293DBF81030804672
S315000188A053450D461646C0F09A80D146DBF8043092
S315000188B00193B9F1000F00F08E80D8F83C30012207
S315000188C05B6907A901989847079BDBF80010C3F37A
S315000188D0D312914240F0868013F07E0F1CD1D8F856
S315000188E03C3002225B6908A90198984708A8FBF762
S315000188F00CFA08270446019B029A3B44002A3BD105
S31500018900A6420FD9361B144640460199FBF750FA89
S31500018910A9EB04090190CCE707A8FBF7F6F90427B0
S315000189200446E8E7A41B544528BF5446032C03EB31
S315000189300607AAEB040A1DD9D8F83C302946384661
S315000189405B69A208984724F0030304F003061F4459
S315000189501D44002ED8D0D8F83C3001225B6908A905
S31500018960384698473246284608A935440BF0FCFBA1
S315000189700026C9E72646ECE7274604F003020392E0
S3150001898023442A1904920593049BDD1B059BD81BDE
S31500018990039B9F420FD1002FB6D0D8F83C3001225D
S315000189A008A95B6998473A46284608A90CF021FCB4
S315000189B078B93D44A8E7D8F83C30012208A95B699B
S315000189C098470422284608A90CF013FC08B9043F6D
S315000189D0DAE74FF0360948460BB0BDE8F08F4FF0A5
S315000189E06309F8E74FF06F09F5E700BFA0310020F2
S315000189F00279FF2A02D043691AB93BB16FF08600AA
S31500018A0070476FF04042013B9342F7D2836823F4EB
S31500018A107F4323F00303002BF0D14FF6F87342880E
S31500018A209A428CBF6FF085000020704770B550B335
S31500018A3049B30368994226D3D0E9024204FB0233C3
S31500018A40994220D2EFF31186302383F311880B6804
S31500018A505C1C0ED00468A3420ED3D0E9025205FB7A
S31500018A600245AB4208D21B1BB3FBF2F402FB1433E3
S31500018A7013B943685A1C07D143680B60416086F3FA
S31500018A801188BFF36F8F70BD9942F8D01B68F1E76B
S31500018A9020F0FF03B3F5E24F0ED1C0B241280BD14E
S31500018AA0FF2A09D10B7823F007030B70CB7F03F064
S31500018AB07F0343F04003CB77704773B50025044627
S31500018AC08DF8075020466169FBF7C4F8266B86428C
S31500018AD009D2236AB5EB430F05D220460DF10701F2
S31500018AE0FFF729F850B19DF80730012B04D1204634
S31500018AF00DF10701FFF71FF802B070BD0135E1E77F
S31500018B00F8B5037F0746022B0D46164611D0F7F737
S31500018B10B1FB044610B103242046F8BD2E44AE42F3
S31500018B20FAD0384615F8011BF7F77AFB0028F6D07C
S31500018B30F1E70D24F0E72DE9F0470446F7F74AFA85
S31500018B4020BB2046F7F772FA94F834700B2604EB33
S31500018B508709D9F83880D9F820A04546554508D067
S31500018B603A4629462046F7F72AFA030410D5A845BE
S31500018B700ED0C9F838502046F7F726FB002384F8B3
S31500018B8035304FF6FF736569E386ADB9BDE8F08709
S31500018B90C0F30D002946821C3B462046F7F7A1F992
S31500018BA0013E16F0FF060546D8D140F24531064B87
S31500018BB0064A074802F07EFE23463A464146AC463F
S31500018BC0A069BDE8F0476047C08A0200328D020005
S31500018BD0518902002DE9F843044690F8346000EB10
S31500018BE08607D7F82080656C4545256421D0324635
S31500018BF029462046F7F7E3F9030402D5BB6B9D42EC
S31500018C0017D1C0F30D00821C334629462046F7F7DB
S31500018C1068F9334681466064022229462046F7F701
S31500018C2060F98145A064DED0012384F83530BDE8C2
S31500018C30F8830323F9E770B506460C468D18AC4256
S31500018C4000D170BD304614F8012B0249FEF736FCFF
S31500018C50F5E700BF2D8D02008388C28810B59C1CE4
S31500018C60944204D80268D15283880233838010BDAE
S31500018C7010B50A7A0446012A02D0022A04D010BD90
S31500018C800988BDE81040E7E78388E28803F1080018
S31500018C909042F4D820681844F7F767F8A388083398
S31500018CA0A380ECE7F7F70CBBF7F70ABBF0B5304B3F
S31500018CB085B018680DF102010BF03FFCF5F731FEA6
S31500018CC02C4B2D4E93F9004093F90150C0B9BDF8D4
S31500018CD002300B3BF218F05692F910309842A8BFB9
S31500018CE018467F2D04D07F2C3FD0AC42B8BF2C460E
S31500018CF0A04203DB7F2C14BF2046002005B0F0BD47
S31500018D001E4B02AF93E8070004AB03E907007F237C
S31500018D100021184637F8022F7F2CA2F10B0216F913
S31500018D2002C005D07F2B1CD0A342B8BF23465BB23D
S31500018D30324492F910206245A8BF62468242A8BF1A
S31500018D4002467F2D50B205D07F2B0CD0AB42B8BF67
S31500018D502B465BB24A1C022A4FF00101DAD11C46AE
S31500018D60C6E72346E4E72B46F4E72C46C0E700BFF7
S31500018D700C1100207D1300207F13002038110020E4
S31500018D8008B5054B01461870044B18680BF09DFD9C
S31500018D9000B1FEE708BD00BF1C1100200C11002028
S31500018DA0024B014618680BF0B2BC00BF0C11002043
S31500018DB0014B186803F02ABC0C110020024B01225A
S31500018DC0002118680BF0F0BA0C1100200368012B82
S31500018DD004D1034B034918680BF0FBBA704700BF77
S31500018DE00C110020981600200088704708B5FFF77F
S31500018DF0FBFF10F4807F0CBF0320022008BDF8B5ED
S31500018E000746FFF7F3FF04463846FFF7EDFF064630
S31500018E100D46F6F725FBC6F3812204EB4003022A31
S31500018E20DBB203D0032A06D00020F8BDFB5A2B8003
S31500018E3001232B72F8E7F9182846F6F796FF022365
S31500018E40F7E7F8B50746FFF7CFFF05463846FFF7C0
S31500018E50CDFF044628460E46F6F702FBC5F38123ED
S31500018E6004EB4004022BE4B210D0032B11D02846A8
S31500018E70F6F725FBC5F3813504EB4004022DE4B278
S31500018E8009D0032D0DD095B10620F8BD0234E4B208
S31500018E90EDE70834FBE73B5B3380012333720020A7
S31500018EA0F3E730463919F6F760FF0223F6E7357224
S31500018EB0F5E71FB500230C46006801A98DF80C30B3
S31500018EC0FFF7BFFF38B99DF80C30012B05D0022BF7
S31500018ED008D003B9237204B010BD2372BDF8043063
S31500018EE02380F8E7237201AB03CB20606160F2E7D0
S31500018EF008B5FFF779FFC0F3C00008BD10B500F053
S31500018F00FE44B4F1A06F084C08BF20F47E10A042C5
S31500018F1002D06FF0850010BD0220B1F5105F107010
S31500018F20F7D118700020F6E7004040048B4228BFB5
S31500018F300B462DE9F04FA1EB030B03F00707DB0806
S31500018F404FEA431E02EB431C054613464FF0000849
S31500018F50099C634505F1200511D14FEA870C00EB09
S31500018F600E0503EB8707821ABB4240F0828005EBB0
S31500018F700C03BBF1010B80F08C80BDE8F08F1E68FD
S31500018F8055F8201CA6FB046916EB080649F10009F1
S31500018F90761845F8206C5E6855F81C1CA6FB04A8DB
S31500018FA049F1000616EB0A0648F10008761845F85D
S31500018FB01C6C9E6848F10008A6FB04A618EB0A087B
S31500018FC046F1000955F8186C55F8141C18EB0606FD
S31500018FD045F8186CDE6803F12003A6FB04A849F1E5
S31500018FE0000616EB0A0648F10008761845F8146CD7
S31500018FF053F8106C48F10008A6FB04A618EB0A0802
S3150001900046F1000955F8106C55F80C1C18EB0606CC
S3150001901045F8106C53F80C6CA6FB04A849F1000640
S3150001902016EB0A0648F10008761845F80C6C53F859
S31500019030086C48F10008A6FB04A618EB0A0846F1DD
S31500019040000955F8086C55F8041C18EB060645F896
S31500019050086C53F8046CA6FB04A849F1000616EB4C
S315000190600A0648F10008761848F1000845F8046C2C
S315000190706FE79E465EF8040BA0FB040610EB0800A2
S3150001908046F100089E588019985048F10008734629
S315000190906AE71A6812EB08022CBF4FF001084FF07D
S315000190A00008B8F1000818BF4FF0010843F8042B77
S315000190B05FE7002307B506481A46006801A9F1F7DC
S315000190C09DFB10B90198F5F757FA03B05DF804FB5B
S315000190D0B40C0020AAE409B1C06EFBE77047034651
S315000190E008B900207047EFF31182302181F311880E
S315000190F04068411C04D182F31188BFF36F8FF0E7FA
S315000191000168596082F31188BFF36F8F7047F7B515
S3150001911006460F46C9B1C06EFFF7E1FF0546B0B17D
S315000191200122304601A9EDF7B5FE044630B12946C4
S315000191303046FFF7D0FF204603B0F0BD019BC3E9DF
S315000191400050988118773B60F5E72224F3E71A244B
S31500019150F1E710B5EFF31184302383F31188037C13
S3150001916023B184F31188BFF36F8F10BD8368C2608A
S31500019170416003F140021B6C53B9036010608268C1
S3150001918092F84430013382F8443001230374E8E74E
S315000191901A461B68F0E737B504460522D0F8A40045
S315000191A001A9EDF777FEB0B9019B5C61227A5A7489
S315000191B0E27A62F07F021A74EFF31185302383F3AA
S315000191C01188D4F8A40001990830EDF765FF85F3FD
S315000191D01188BFF36F8F03B030BD0A7C10B57F2AAB
S315000191E04FEA921398BF0023EFF31184302282F3E2
S315000191F011881BB9437B43B990300BE0032B10D187
S31500019200837B73B90123837301E0013B4373D0F878
S31500019210A4000830EDF740FF84F31188BFF36F8F88
S3150001922010BD9430F6E7053803288CBF00200120D5
S31500019230704708B5C36800209847034B1868BDE816
S3150001924008400CF08BBF00BF443100207FB50C46AF
S31500019250054658B390F8343053B3164E0121FAF748
S3150001926026FD3246284614490DF10F03FAF7E3FFAE
S315000192700246B8B99DF80F30012B0ED13369082B80
S3150001928012D1214600902846FFF7FEFA0446E86B04
S31500019290FFF7CFFF204604B070BD022B0CBF602440
S315000192A02D24F4E72D24F2E76324F0E72124F1E7E6
S315000192B01124EFE7A031002000710800F8B505463A
S315000192C0EFF31186302383F311888C30EDF7DAFE44
S315000192D0044620B986F31188BFF36F8FF8BD837CEE
S315000192E000F130073BB101338374D5F88C30036349
S315000192F0C5F88C70EEE705F130000CF017FE86F329
S315000193001188BFF36F8FA6682EB92168D5F8A4001E
S31500019310FFF7E1FE2660EFF31181302383F3118815
S31500019320A37CD5F8A4200133A374936823639760C3
S315000193302B7C01332B74EB7B013BEB7381F311889F
S31500019340CAE72DE9F04792B00446DDE91B65DDE980
S315000193501D789246894629B96FF08604204612B0D7
S31500019360BDE8F087002AF7D0002EF5D00DB9002F01
S31500019370F2D1B8F1000FEFD02388B3F5105F4BD1CE
S315000193802822002108A80AF08BFD20220021684628
S315000193900AF086FD08A80CF022FF10B16FF09204C6
S315000193A0DCE720466B4652464946FDF713F804466C
S315000193B00028D3D1009B103B102BCDD8184A22FA96
S315000193C003F3DB07C8D5AE421FD206F110039D4257
S315000193D01BD20F2FC0D93146102228460AF073FE40
S315000193E02E4632462B46694608A8FEF791F80646F0
S315000193F070B139462846FCF775F90023012EC8F8E5
S315000194000030CBD16FF08B04A8E70F2FE9D8A3E783
S315000194101023C8F80030A1E76FF085049EE700BF6E
S31500019420010101002DE9F04FA7B00F46DDE93398A0
S3150001943015469B460446002800F0B680002900F038
S31500019440B380359B002B00F0AF80319B1BB1309B65
S31500019450002B00F0A9803DB1329B002B00F0A480C7
S31500019460B9F1000F00F0A080A8F104030C2B00F263
S315000194709B803B68103B102B00F296804B4A22FAE8
S3150001948003F3DB0740F19080494B0DF18C0A43EA67
S31500019490082323600023514663602362A360384694
S315000194A0FCF7D7F9034600287AD1204623990CF018
S315000194B0A0FE204631990CF09CFE294620460CF070
S315000194C098FE01264FF00053204602A90396049305
S315000194D0FCF777FA384605A9FCF74DFA034600284A
S315000194E05ED1204605A9FCF76CFA324BCDF88CB05B
S315000194F02496259308AB9AE8070083E807001946E6
S315000195002046FCF75EFA309B20AA2093319B2196D8
S3150001951043F0005322930BAB07CA83E807001946B1
S315000195202046FCF74EFA329B45F000571D931DAAC3
S315000195301E960EAB1F9707CA83E8070019462046F9
S31500019540FCF73FFA359B1AAA1A9348F000531B966B
S315000195501C9311AB07CA83E8070019462046FCF79E
S3150001956030FACDF85C9014AB189617AA199707CA6A
S3150001957083E80700B9F1000F03D1169A42F0804241
S315000195801692194620460CF08CFE20460CF05AFE27
S31500019590034628B1019029464846FCF7A3F8019BEA
S315000195A0184627B0BDE8F08F2123F9E70101010034
S315000195B0000003040C0000202DE9F04FADF5757D88
S315000195C007468846934600211822BAA899460AF00A
S315000195D067FC00219F4BD0221C68B0AE3160C0A849
S315000195E00AF05EFC4FF48072314620469A4BF1F741
S315000195F005F9054650B931684868D1E90823000ADA
S3150001960017D0964CA04220D06FF086053068F4F74B
S31500019610B3FF044635BB924BBB939DF8FC3243F036
S3150001962010038DF8FC3210B320460DF5757DBDE8AB
S31500019630F08F0420BA90C0A8FEF794F810F1860FB7
S31500019640054608D10123BA93E0E70420BA90C0A8E1
S31500019650FEF788F805463368002DD7D11B88ADF88B
S31500019660F032D3E7BAA8FEF729FB2C46DCE7BA9B12
S31500019670002B00F08A809DF8FC2212F00E0F40F0BC
S315000196808480012B04D0042B75D06FF08604A5E0ED
S31500019690744BC09A9A421AD19DF80733022B67D0B0
S315000196A0102B65D8DC0763D40522CDE9CB23DB9BE0
S315000196B0C2A843F00203CDF82893CD95DB93F1F7C9
S315000196C01CFDF0F793F80446002840F08780052337
S315000196D0CDE9BD399DF8FC32BA9A43F002038DF803
S315000196E0FC32002A51D09DF8FC32D9074DD4BB9BE0
S315000196F05D4923F47E138B4203D001F580718B42C1
S31500019700C3D1012A58D0042ABFD1DD9B002B3CD1FD
S3150001971038687968D9AB03C3B86818600C23DD9340
S315000197209DF8FC32BA9A43F001038DF8FC3262B31C
S315000197309DF8FC3203F00901012926D19B0754D576
S31500019740BD9B042BA1D9053BBD93012A52D0042A06
S315000197509BD1B8F1000F98D0CA9BB3B1DDE9D332E2
S31500019760134312D105224146CAA8FCF727FB4BE059
S315000197706FF00C00A5E7CA9B3B4923F47E128A428F
S3150001978006D001F580718A4205D06FF0880425E084
S31500019790D8033FF57AAF13F4701F3FF476AFC3F3E6
S315000197A00543102B3FF671AFDDE9D3321343ECD1FC
S315000197B00523CDE9D7398AE72A4BC09A9A4231D196
S315000197C09DF806130C233A4601F00101C2A8F1F7F0
S315000197D0D3FCF0F70BF804460028A1D0BAA8FEF78F
S315000197E06DFABAA8FEF76AFA1EE71E4BBB999942B3
S315000197F0ABD1CAE71B4BC09A9A4213D14146C2A8C4
S31500019800FEF7D6FBEFF7F2FF04460028E6D19DF8F6
S31500019810FC32BA9A43F004038DF8FC322AB96FF090
S3150001982088060FE06FF08504D8E79DF8FC32DF0764
S31500019830F5D59D072ED5BD9B13B9BE9B994515D967
S315000198406FF08606BAA8FEF739FABAA8FEF736FA15
S315000198503446E9E6B40C0020000248050200800007
S31500019860000250050001500500014005A3EB090364
S31500019870BE93012A13D0042AE2D1282200213046C0
S315000198800AF00EFB30460CF0AAFC054630B36FF029
S315000198909206D7E7A94BBB999942EAD1BFE7A74BF5
S315000198A0C09A9A4240F0BB83DB9BD80613D4CC9B6B
S315000198B023B1CD9BCA9A4B4493420CD85B464A4688
S315000198C05946C2A8F1F78CFCEFF790FF064600282F
S315000198D0B8D14D4620E06FF00C00F5E7CA9B984AD7
S315000198E023F47E13934208D19DF8A633934F4B443C
S315000198F099450BD26FF08906A4E7924A934240F04C
S315000199008E839DF8C833904F102BF0D1BBF1000F19
S315000199100FD1B9F1000F93D19DF8FC32BA9E43F0F5
S3150001992008038DF8FC32002E40F07C836FF088042A
S31500019930AFE3B9F1000FEFD0DDE9D3231A4307D125
S315000199401146CAA8FCF73AFA064600287FF47AAF10
S315000199507A4B9F4200F09C82DDE9D63213EB090374
S3150001996052F100024FF0000128BF012100298ED1DA
S315000199706FF01F0098424FF00F03934187D39DF874
S31500019980C86316F0EF0F00F0098109EB06030DF528
S315000199906E7E0F2BB6440FD84A46594670460AF0DA
S315000199A0E3FB9DF8C883C8445FFA88F88DF8C8833D
S315000199B0D49B4B44D493AFE7102BE6AF0AD1B846FC
S315000199C00DF55E7CB8E80F00ACE80F0098E80F00D3
S315000199D08CE80F00C6F11003DBB21A4659467046F1
S315000199E004930AF0C1FB5F979DF8CA33574F584954
S315000199F04FF00108002B08BF3946CDF880810DF1E3
S31500019A00B00C61915FAA07CA8CE80700DFF84CC168
S31500019A10EEA95C915CAACDF874810DF1BC0ACDF872
S31500019A2078C107CA8AE80700CDF864B159AACDF80A
S31500019A306881CDF86CC10DF1C80C07CA8CE8070026
S31500019A40E6A9569156AACDF85C81589735AF07CA53
S31500019A5087E807009DF8C9033E493F4A404508BFCC
S31500019A600A46002B0CBF032343461A430023ACA925
S31500019A70CBA8B193B092B293B893FBF7EAFE0590E7
S31500019A8000287FF404AFAC99B0A80CF0B2FB059B9B
S31500019A90B0A819460CF0ADFB1021B0A80CF0A9FB3B
S31500019AA04FF0005338A9B0A8CDF8E4803A93FBF7FC
S31500019AB088FF3BA9CBA8FBF75EFF00287FF4E7AE42
S31500019AC03BA9B0A8FBF77DFF2CA9B0A8FBF779FF4E
S31500019AD05146B0A8FBF775FF32A9B0A80CF0E1FB1F
S31500019AE0B0A839460CF0DDFBB0A80CF0ABFB20B1F9
S31500019AF02021E6A8FBF7EEFDC9E6D69BD79A1033DF
S31500019B0042F10002CDE9D6329DF8C8338DF8CA0379
S31500019B104B44102B03D110258DF8C83348E7049B1D
S31500019B20A9EB03070F2F1BD81946103E3A46594495
S31500019B30EEA84E440AF018FBF3B2ECE7000150051B
S31500019B4000014005000240050002500520000020EA
S31500019B500C00002000000304000002041000002095
S31500019B600BF11003059310238DF8C8030693049B8C
S31500019B7017F00F020BEB03061BD0102F5FFA87F8C5
S31500019B8011D927F00F07F9185944EEA808F00F0864
S31500019B900AF0EAFA8DF8C8835E46C4E04F46CDE97D
S31500019BA005B10491E3E73A463146EEA80AF0DCFA3C
S31500019BB0FCE6102F00F04B81A7F1100572199DF8F4
S31500019BC0CAE3EEAB02F110089C46106851680832F0
S31500019BD0ACE8030042456346F6D14FF01003A849AD
S31500019BE08DF8C833A74B4FF00108BEF1000F08BF2F
S31500019BF019460DF5667ACDF84CA10DF1680CCDF834
S31500019C00508153AA559107CA8CE80700509645F032
S31500019C100056CDF844810DF1740C529650AA07CA2C
S31500019C208CE8070005994DAA4D91CDF838814F96DC
S31500019C3020AE07CA86E80700CDF828A14AAACDF8C2
S31500019C402C8123AE4C9307CA8F4B86E807008F4AB7
S31500019C509DF8C913CBA8414508BF1346BEF1000FB5
S31500019C600CBF032242461343B0930023ACA9B19320
S31500019C70B893B293FBF7EDFD079000287FF407AE8A
S31500019C80AC99B0A80CF0B5FA079BB0A819460CF030
S31500019C90B0FA2946B0A80CF0ACFA4FF0005326A949
S31500019CA0B0A8CDF89C802893FBF78BFE29A9CBA8F9
S31500019CB0FBF761FE00287FF4EAAD29A9B0A8FBF7FE
S31500019CC080FE1AA9B0A8FBF77CFE1DA9B0A8FBF778
S31500019CD078FE20A9B0A80CF0E4FAB0A831460CF041
S31500019CE0E0FAB0A80CF0AEFA00287FF401AF059BAC
S31500019CF0D79A2B440593D69B8DF8CA035B1942F17B
S31500019D000002CDE9D632069B0BEB05061F44A7F1EF
S31500019D1010035746DEAD06930FCF0FC597E80F0028
S31500019D20102785E80F00D69BD79ADB1942F100026E
S31500019D30CDE9D632534D9DF8CA3351494FF0010A48
S31500019D40002B08BF29460DF5667CCDF81CC10DF127
S31500019D50200ECDF820A147AA499107CA8EE807002F
S31500019D60049944AA0E44449647F00056CDF814A12E
S31500019D700DF12C08469607CA88E80700059941AAFD
S31500019D804191CDF808A143960EAE07CA86E80700B1
S31500019D90CDF8F8C03EAACDF8FCA0409511AD07CA92
S31500019DA085E807009DF8C9033849374A504508BF79
S31500019DB00A46002B0CBF032353461A430023ACA9C2
S31500019DC0CBA8B193B092B293B893FBF742FD04903E
S31500019DD000287FF45CADAC99B0A80CF00AFA049B9C
S31500019DE0B0A819460CF005FA3946B0A80CF001FAEC
S31500019DF04FF0005314A9B0A8CDF854A01693FBF761
S31500019E00E0FD17A9CBA8FBF7B6FD00287FF43FAD0F
S31500019E1017A9B0A8FBF7D5FD08A9B0A8FBF7D1FD96
S31500019E204146B0A8FBF7CDFD3146B0A80CF039FA92
S31500019E30B0A829460CF035FAB0A80CF003FA0028B0
S31500019E407FF456AE069D8DF8CA033D44B0E5DEADFE
S31500019E500DF5667CBCE80F000FC59CE80F0085E890
S31500019E600F00EEAB06F110051A4630687168083628
S31500019E7003C2AE421346F7D110238DF8C8338BE6E1
S31500019E800C00002020000020000002040000030452
S31500019E9010220021A4A80AF003F810220021A8A884
S31500019EA009F0FEFF10220021ACA809F0F9FFD69BAC
S31500019EB019EB030213462CBF01250025BFF4E7ACBD
S31500019EC0D79A93423FF6E3AC96490BEB09008842D9
S31500019ED03FF6DDAC9DF8A60309EB000ABAF10F0FB8
S31500019EE00ED893420CD00DF2963318444A46594681
S31500019EF00AF03AF99DF8A6334B448DF8A63357E597
S31500019F005F46CDF810B0ACAEBAF1100F4FF01002AB
S31500019F104FF000013046D04628BF4FF0100809F037
S31500019F20BFFF9DF8A633002B62D0102B3FF6AFACD6
S31500019F301A460DF29631304605930AF015F9059B3E
S31500019F403946C3F11002F01805920AF00DF94FF0E7
S31500019F500003059A8DF8A63317449DF87433002B38
S31500019F604DD0049B4246CDE90163A8AB0093CBA932
S31500019F700DF27533B0A8FDF72BFB9DF8742303464C
S31500019F80012A16D110220021304609F089FF4246E6
S31500019F90049930460AF0E8F8A4AB00930DF2863234
S31500019FA03346CBA9B0A8FEF7E0FA034600287FF4B2
S31500019FB06EACD699049808EB0102D692AAEB080278
S31500019FC040440F2A4544049027D8D79851448142EA
S31500019FD021D039460DF29630CDE904230AF0C4F8B2
S31500019FE0049A059B8DF8A623002B3FF4E1AC4EE4C1
S31500019FF03946424630460AF0B7F84744ADE7A4ABC6
S3150001A00000930DF286323346CBA9B0A8FEF7ADFA1E
S3150001A0100028A6D03BE4002AE6D0924674E76FF00A
S3150001A02085060FE49DF8FC32D9074CD59A0707D56A
S3150001A030DDE9BD210A4303D06FF08604002628E03E
S3150001A04013F010033FD0012E0FD0042EF4D1282295
S3150001A0500021B0A809F024FFCA9FC7F30548B8F14B
S3150001A060080F27D96FF08904E8E79DF80723082A26
S3150001A070F8D82D4BC099994240F09682FE99C2A814
S3150001A080F0F7FAFFEFF7B2FB04460028D6D19DF8A8
S3150001A0900763FE9B2121C6F10802981909F000FF0A
S3150001A0A0BAA8FDF70BFE002C7FF49BABFFF701F876
S3150001A0B0FFF7BABAA9EB0509B9F1FF0FBCD8FE9BA8
S3150001A0C0002BB9D017B96FF08804B7E7DDE9D36380
S3150001A0D01E4307D132463146CAA8FBF76FFE08B1C7
S3150001A0E00446D6E7CA9B114A23F47E13934212D043
S3150001A0F002F58072934211D0B3F1052F0C4B14BFB8
S3150001A1004FF0000A9A46B0A80CF069F8064698B1D5
S3150001A1106FF0920492E7DFF810A0F4E7DFF814A0DD
S3150001A120F1E700BF000001200001500500014005D4
S3150001A1300005100500025005804B9A4500F0CA81C2
S3150001A14003F580739A4540F027829DF8C933002BA9
S3150001A15040F0268217F4701F00F023829DF8C87321
S3150001A160102F04D05FFA89F9B945C0F01A8217F0A9
S3150001A1700F0C14BF3B460023D69AD7999B1841F181
S3150001A1800001DDE9D82E52EA0E00CDE9D63115D00F
S3150001A19053EA010012D1DAA94246FE9809F0E4FF1A
S3150001A1A01021DAA8FBF796FA4646B0A80CF017F884
S3150001A1B00028ADD1002C18BF00266AE79DF8CA0316
S3150001A1C05D4440B952EA0E0040F0C280A3F110008E
S3150001A1D0084340F0BD800F2F04D827B11DB94FF0B9
S3150001A1E0210BA6E0A8ADCB9B103B102BF7D8544A08
S3150001A1F022FA03F3DB07F2D5524B0DF52C79B09316
S3150001A20000234946CBA8B193B893B293FBF721FB40
S3150001A2108346002840F08D804FF001094FF0005A27
S3150001A220AC99B0A80BF0E5FF5946B0A80BF0E1FFD9
S3150001A2303946B0A80BF0DDFF83A9B0A8CDF810927E
S3150001A240CDF814A2FBF7BDFB86A9CBA8FBF793FBC0
S3150001A250834600286DD186A9B0A8FBF7B2FBE6AA12
S3150001A2609892394ACDF864920DF5097C98AB9A9289
S3150001A27093E807008CE807006146B0A8FBF7A1FB4D
S3150001A280CDF86CB20DF50C7CCDF870929BABCDF888
S3150001A29074A293E807008CE807006146B0A8FBF7B3
S3150001A2A090FB47EA0A0AEEAA9E929EABCDF87C92F3
S3150001A2B00DF50F7CCDF880A293E807008CE8070026
S3150001A2C06146B0A8FBF77DFBA195A1AACDF88892BE
S3150001A2D092ABCDF88CA207CA83E807001DB99A682C
S3150001A2E042F080429A601946B0A80BF0DAFF0122CB
S3150001A2F00DF52C79CDF89092A592144A0DF5157CA1
S3150001A300A4ABA69293E807008CE807006146B0A8C3
S3150001A3100BF0C7FFB0A80BF095FF834628B942465C
S3150001A3204946FE9809F020FF3EE739462846FBF7E5
S3150001A330D9F94146FE98FBF7D5F9C3E0000150056E
S3150001A34001010100000002040C00002010000020A1
S3150001A350500FD20040EACE0012BAA9925A0FDB0082
S3150001A3601BBAAB93EEAB7793012342EAC102789312
S3150001A37012BA47F0005300BA79930DF5C479AA923F
S3150001A38077AA0DF5287ECEF8000007CA89E80700EE
S3150001A390BCF1000F40F09C80002F00F09980DEA9EF
S3150001A3A04FF0010C7A918249CDF8ECC17AAA7C91E1
S3150001A3B00DF5CA7907CA89E807007E49CDF8F4E1A7
S3150001A3C07DAACDF8F8C10DF5D07E7F9107CA102F71
S3150001A3D08EE80700809580AACDF804C282936BAB04
S3150001A3E007CA83E8070005D100221A609A6842F07D
S3150001A3F080429A604FF0010AFE9AACABAC9248F0EB
S3150001A4000052CDF8B4A2AE9293E807006A4B6EAD46
S3150001A41043EA0823B093002385E80700A4A9CBA843
S3150001A420B193B893B293FBF714FA8346002849D146
S3150001A430A499B0A80BF0DDFE5946B0A80BF0D9FEE1
S3150001A4403946B0A80BF0D5FE4FF0005371A9B0A85C
S3150001A450CDF8C8A17393FBF7B4FA74A9CBA8FBF79F
S3150001A4608AFA834670BB74A9B0A8FBF7AAFA4946D3
S3150001A470B0A8FBF7A6FA62A9B0A8FBF7A2FA68A9E9
S3150001A480B0A8FBF79EFA9DF8C933534503D1294677
S3150001A490B0A8FBF796FA6BA9B0A80BF002FF9DF8DE
S3150001A4A0C9331BB96EA9B0A80BF0FBFEB0A80BF01F
S3150001A4B0C9FE834600283FF477AE9DF8C933002BC9
S3150001A4C03FF437AFBBF1210F6BD06FF092046CE60E
S3150001A4D0E6A965E79DF87433002B61D10DF5247A61
S3150001A4E0014610225046A8AD09F0DAFC1022314689
S3150001A4F0284609F0D5FCDC9FB84552D39DF8A63312
S3150001A5005FFA89F94B454CD89DF88523D8A9C2F144
S3150001A5100E030DF291208DF8903209F025FEACABB9
S3150001A52010223146184609F0BBFC0DF28632CDE900
S3150001A530000253463A460295CBA9B0A8FDF748F862
S3150001A540834690B99DF87433DC9A012B1FD12F46AF
S3150001A5500346FE9902EB010C8C4510D12BB1114635
S3150001A560FE98FBF7BFF84FF02C0B10212846FBF79E
S3150001A570B1F8DC9BBBF1000FA4D11E4615E611F81C
S3150001A580010B17F801EB80EA0E000343E4E72946C5
S3150001A590FE9809F0E9FDE8E708266FF0850404E670
S3150001A5A008266FF0860400E66FF0850446E500BFD5
S3150001A5B02000002010000020020002042DE9F04FC7
S3150001A5C0A1B08946DDE92B540746CDE907232D9E27
S3150001A5D000283AD0B0F800A00AF4E043B3F5005FD2
S3150001A5E036D10AF4E062B2F5806F31D1072C2CD94D
S3150001A5F04FF00808099345B3A4EB080405EB040BD7
S3150001A600424659460AA809F0AFFDB9F1000F1CD020
S3150001A6102A9BD3B1099B0EB92E9AB2B92F9AA2B130
S3150001A620B3F5005F17D10AF4E063A3F580625342E4
S3150001A6305341DB00BAF5105F07D17A8822F0400159
S3150001A64080290AD0B2F5807F07D06FF0860716E021
S3150001A6504FF00008CEE70023ECE7002BF5D02822C7
S3150001A660002116A809F01CFC202200210EA809F0E1
S3150001A67017FC16A80BF0B3FD28B16FF09207384608
S3150001A68021B0BDE8F08F38464946079A0EABFBF775
S3150001A690A1FE07460028F2D12E9B9C4221D8B54245
S3150001A6A007D2B34505D929462246304609F00BFDA6
S3150001A6B035460AABCDE90483052301932A9B22463D
S3150001A6C00093CDE90256089B0EA916A8FEF7AAFE2D
S3150001A6D02128BAD02C2807D00028CED12F9B1C6068
S3150001A6E0CDE76FF08907CAE76FF09407C7E72DE951
S3150001A6F0F04F044689B0104615460491EDF771F8FE
S3150001A70000286FDD2046E988EDF788FA00286CD12C
S3150001A7102B68B4F806900093374D494600982B688C
S3150001A7202B68EDF787F803460733282B34BF4FF024
S3150001A730FA0A4FF01E0ADA08D4F8008023F007035C
S3150001A74001900292059349464046029AFDF7C4F9E3
S3150001A750044618BB059B019A494640469A1AEDF7ED
S3150001A7607AF8BAF1010A43D00499D8F80000EDF756
S3150001A77045F80126C743D5F800B0B14512D84BEAD2
S3150001A780070303932F682B684B462E6803F1FF3BA3
S3150001A79083B9039A2B6817409F42D4D0204609B04B
S3150001A7A0BDE8F08F58F82600ECF7A7FF01364BEA13
S3150001A7B0000BE2E7009B53F82B2058F82B3010468C
S3150001A7C0194607930692EDF719F8079B069A064371
S3150001A7D011461846EDF712F820EA06031F43064311
S3150001A7E05B46D3E76FF00304D8E76FF00F04D5E7B4
S3150001A7F06FF00D04D2E700BFB00B00202DE9F04F3A
S3150001A80001230024ADF50B7D2020CDE91243CDE9CE
S3150001A8101443CDE9164301F0EFFC0790002800F040
S3150001A8206D86202001F0E8FC0590002800F0628684
S3150001A8302AAE3046ECF7A9FC4FF4804361AD2846B9
S3150001A84061932B9FECF7A9FCA14B30462A93619BA0
S3150001A85038942C939F4B0DF1E0092D93FEF7C8F820
S3150001A8608346002834D117F0FF0849460CBF284615
S3150001A8702046EFF717FD834650BB0FCE389CA44602
S3150001A880ACE80F0096E803008CE80300B8F1000F6E
S3150001A89001D1619B6361636A83B1D4E90867636827
S3150001A8A01B0A06932FD06FF0860B206A10B1616ADE
S3150001A8B0EDF7C6F80022C4E9082209E03F0A40F094
S3150001A8C0C68120212046EFF7CBF883460028E4D045
S3150001A8D0389808B1EFF7D7F85846ECF7ABFC069075
S3150001A8E020210798EDF7A2F805982021EDF79EF8AB
S3150001A8F0059801F089FC079801F086FC06980DF58C
S3150001A9000B7DBDE8F08F23885A0440F1AC80002E00
S3150001A910C9D0002FC7D0628808920732072A4FEAAA
S3150001A920D20800F0A08003F4E043B3F5804F00F0B5
S3150001A9309A802022069950A809F0B2FA414620468B
S3150001A94050AAFBF7DDFC8346002840F0DF8547452A
S3150001A95002D26FF08C0BA8E7509B014628222846AD
S3150001A960DDF84CA1099309F09BFA28460BF037FC58
S3150001A97010B16FF0920B98E74FF00072FD1C0DF5C8
S3150001A980807925F00305494650A8CDF888B1CDE96F
S3150001A99054656192CDF88CB1CDF8A4B1FAF759FF9F
S3150001A9A000287FD1409961A80BF023FC012219925E
S3150001A9B04FF0005218A961A81A92FBF702F81BA9D9
S3150001A9C050A8FAF7D8FF002841D161A81BA90BF0BE
S3150001A9D068FC61A80BF036FC002838D1BAF1000FEB
S3150001A9E019D1099BB3F1805F15D2494650A8CDF81C
S3150001A9F000A1CDF84CA1FAF778FE002852D1409873
S3150001AA00830708D085424DD32A1A514602F0030224
S3150001AA10304409F045FA6268120A04D13146089AAF
S3150001AA202088FEF735F8002162686162120A10D1AA
S3150001AA30228822F0FF01B1F5824F05D1413AD2B207
S3150001AA40012A88BF08F10108C4F8248003E04828D8
S3150001AA5028D16FF0850B61A80BF0C1FB002888D1C6
S3150001AA601BF1860F0DD1238803F4E042B2F5805F16
S3150001AA7002D0B2F5005F18D139463046EFF723F818
S3150001AA808346BBF1000F7FF410AF2379002B40F012
S3150001AA90C280277E6369012F089300F0C6806FF09C
S3150001AAA0960B15E76FF0920BD5E703F44F41B1F51D
S3150001AAB0824F09D1B2F5E04F06D1DBB2122B628883
S3150001AAC00AD0412B00F088806FF0850BEDE600BFC0
S3150001AAD04171FF0000000209B2F5807FF4D1032124
S3150001AAE00023012561A8CDE96353CDE96553CDE97D
S3150001AAF06753CDE96953CDE96B53CDE96D53CDE983
S3150001AB006F53CDE97133CDE97333CDE97533CDE9B2
S3150001AB107733CDE97935CDE97B35CDE97D35CDE99C
S3150001AB207F358DF884316293EEF7C4FD0246002825
S3150001AB3043D161A8ECF7E2FE0228804659D1DDF83F
S3150001AB40C49179A84FEAD90AAA441AF0030118BF99
S3150001AB50294601EB9A01EDF761F8002856D15246D4
S3150001AB60BDF8EA117998FCF7B7FF024628BBC9EB95
S3150001AB70CA01013979A8ECF7A6FE0246E8B92A46C8
S3150001AB80494679A8EDF740F90246B0B9014679A8D8
S3150001AB90EDF73AF9024680B9294679A8EDF734F975
S3150001ABA0024650B9B9F1FE0F1BD032463B4604F1BD
S3150001ABB0240161A8ECF70EFF024661A80892EEF7A0
S3150001ABC039FD79A8ECF747FF7BA8ECF75FFF089AF8
S3150001ABD01046EEF70BFE53E7FF2A7FF475AF092106
S3150001ABE07EE7414679A8EDF70FF90246002ADCD047
S3150001ABF0E3E701280DD101466EAA79A8FFF777FD93
S3150001AC0010F10E0F0246F1D1B44AD6E76FF00F02EA
S3150001AC10D3E7B34AD1E72046D4E90812F3F7E7FCB4
S3150001AC20834600283FF435AF52E6022323760023FC
S3150001AC30AC4A0FAC136021461A460898EFF7DEFDC1
S3150001AC40054638B10898EFF70CFE284645E66FF041
S3150001AC50860B3DE625682B88590406D569682A6A5C
S3150001AC60090AD5F824B00A920BD06FF086040F9822
S3150001AC70F3F782FC0FAE0546002C00F091812546C4
S3150001AC80E0E703F4E043B3F5804F2AD1288800F4C6
S3150001AC90E043B3F5804F20F4405244F2010340F003
S3150001ACA059819A4208D000F44F43B3F5824F03D03D
S3150001ACB0B3F5844F40F05081BBF1200F00F2A48020
S3150001ACC0894B5A4618460A9909F04EFA0021CBF1EA
S3150001ACD02002584409F0E4F8824B0024C3F800B07E
S3150001ACE0C5E70A9B002BC0D0BBF1000FBDD030AE2B
S3150001ACF02022304609F0D4F833465A4628460A99A6
S3150001AD00FBF768FB0446002840F0E3802B8803F438
S3150001AD104F4ABAF5824F62D1413BDBB2012B94BF58
S3150001AD20002301230993B4464FF02009BCE80F0024
S3150001AD3038AF0FC79CE80F0087E80F00B3684022C1
S3150001AD40002161A840AF0D93D6F80C8009F0A8F850
S3150001AD504A460021384609F0A3F86B88BAF5824FB6
S3150001AD6003F107034FEAD3030B933AD15B4213F086
S3150001AD70030A36D0B8F1000F12D10B9B9B45FFF4A5
S3150001AD8074AF52464146384609F08AF8DDE90A129F
S3150001AD9007EB0A0009F0E8F9C6E90387C6F814903B
S3150001ADA04FF0400961AB0C9300220D9B38AF23F0A5
S3150001ADB0807323F4804343F40053C7E902320C9BAA
S3150001ADC00DF1400841463846C7E90439C8F8002064
S3150001ADD0FAF7ACFC014668B16FF0920447E70997B0
S3150001ADE0A1E7414B099A4FF0000A13444FF020099D
S3150001ADF00C93D9E7D8F80060099B1E44A6EB4A06D6
S3150001AE00202EC8F8006002D96FF089042FE72822A6
S3150001AE1050A809F045F850A80BF0E1F90028DBD15C
S3150001AE20012339461A4630A8FAF7B2FC002862D146
S3150001AE300D9B13F4C04F5ED02C4B0DF19C08519025
S3150001AE4058905290414630A85093FAF702FD0028D7
S3150001AE5051D1279950A80BF0CCF901234FF000529C
S3150001AE601EA950A81F932092FAF7ABFD21A930A87D
S3150001AE70FAF781FD002840F0458321A950A8FAF789
S3150001AE80A0FD384611A9FAF751FC002833D1119AD1
S3150001AE904A4530D801230C9942F00052279124AF3C
S3150001AEA02893299298E8070087E80700394650A8B1
S3150001AEB00BF0F7F9032750A80BF0C4F9012817D1B5
S3150001AEC0013FF8D16FF08B0450A80BF088F90028E8
S3150001AED082D114F1860F7FF4CAAED7E600B3FFFF25
S3150001AEE080B0FFFF00400020C019002000000102D1
S3150001AEF020B148282BD06FF09204E5E7BAF1000F94
S3150001AF001DD0099A524BA6EB02094FEA5909C9F11C
S3150001AF100007134407F003070DF5C2784A461846A1
S3150001AF2008EB070109F020F909EB470141444A46BC
S3150001AF30484409F019F90B9940A8FAF7D3FB099B84
S3150001AF4013B10422434B1A74434B1E60BCE76FF0E6
S3150001AF508504B9E79A4220D000F44F43B3F5824FF6
S3150001AF601BD10023619361AB69880A9A00935B4602
S3150001AF70FDF708F9044600287FF479AE619D202289
S3150001AF80354B33492846EEF7EBFD04462846EEF7E6
S3150001AF9081FB28460AF0E0FD69E66FF0850466E666
S3150001AFA000287FF44FAE2022294914A8ECF750FE61
S3150001AFB02022274914A8ECF7E0FB2022274912A8F2
S3150001AFC0ECF77BFE2022254912A8ECF7A3FB4FF4F0
S3150001AFD080423146224B08983460EFF70FFC074652
S3150001AFE078BB35682B8823F0FF03B3F5E24F02D017
S3150001AFF0B3F5E44F05D16B880733B3F5847F80F051
S3150001B0001C82D5E908986C68240A40F019820EABB7
S3150001B01003932023059A0293CDE90032494642461D
S3150001B02028460E4BFCF7E8FB10F1860F074640F069
S3150001B0300681288820F0FF03B3F5E24F12D06FF0A6
S3150001B040860720210598EEF73EFD20230E93F9E0B1
S3150001B050C0190020B019002000400020E01900208E
S3150001B0600000020910AE698843464A4600961094CC
S3150001B070FDF788F807460028E3D1109E11AD337815
S3150001B0802C60032B00F0EC80092B00F0ED802746A5
S3150001B090A422002161A808F003FF47F4824020237F
S3150001B0A02146914A0095FDF76DF8D5F800800746CF
S3150001B0B0002840F09C809DF8853198F80010002BFF
S3150001B0C040F0D580012262A8CDE96332CDE965322F
S3150001B0D0CDE96732CDE96932CDE96B32CDE96D3221
S3150001B0E0CDE96F32CDE97133CDE97333CDE97533EE
S3150001B0F0CDE97733CDE97933CDE97B23CDE97D23DD
S3150001B1008DF884318DF886218DF885118DF8883179
S3150001B110CDE97F23CDE98123CDE98323CDE98523BC
S3150001B120CDE987238992EEF7C5FA002840F0A98078
S3150001B1309DF88631012B00F09E806C48EEF756FB98
S3150001B1400746002853D19DF885313178002B40F010
S3150001B1509A80012262A8CDE96332CDE96532CDE953
S3150001B1606732CDE96932CDE96B32CDE96D32CDE990
S3150001B1706F32CDE97133CDE97333CDE97533CDE95D
S3150001B1807733CDE97933CDE97B23CDE97D238DF87D
S3150001B19084318DF886218DF885118DF88831CDE9B8
S3150001B1A07F23CDE98123CDE98323CDE98523CDE92C
S3150001B1B087238992EEF77EFA002874D19DF88631AD
S3150001B1C0012B63D04948EEF711FB074678B99DF884
S3150001B1D08631012B69D04548EEF708FB074630B9A1
S3150001B1E00E9B0734B3EBD40F05D06FF096072021E1
S3150001B1F00598ECF71BFC9DF88631012B0ED162A850
S3150001B200EEF718FA7AA8ECF726FC7CA8ECF731FCE5
S3150001B21082A8ECF72EFC88A8ECF71DFC002340461B
S3150001B220ADF884318DF88631EEF734FA40460AF0EE
S3150001B23093FC3046EEF72EFA30460AF08DFC002FCD
S3150001B2407FF4FFAE0F98F3F797F90446002F00F04D
S3150001B250FA803C460898EFF704FB2046FFF73DBB12
S3150001B2604FF48074122713E7FF24412710E78B421E
S3150001B2703FF45EAF61E708F1680182A8ECF784FD4F
S3150001B2805CE71B485AE78B4298D09BE706F16801B9
S3150001B2907CA8ECF779FD002895D106F160017AA822
S3150001B2A0ECF73CFD8FE712488DE7719B002B92D09E
S3150001B2B00146412250A89DF8885108F0F1FD40222F
S3150001B2C0394640A808F0ECFD1822394638A808F09E
S3150001B2D0E7FD6B1E082B0DD8DFE803F08B0C7B8096
S3150001B2E0830C0C0C860000BFE019002080B0FFFF24
S3150001B2F080B1FFFF4FF0000A6FF0710755463846DF
S3150001B300FAF79EFC00287FF467AF4FF4804330AF15
S3150001B31038463093EBF741FF309B0AF107023A9327
S3150001B32005F48243B3F5824F4FEAD209099363D1FB
S3150001B330EBB2412B60D14A4640A97AA8CDF8C0901C
S3150001B340ECF7E8F94A4650A982A8ECF7E3F94F462B
S3150001B3504123ADF8E2A00DF5A07B0DF1C00AADF8D1
S3150001B360E05038A84A46CDE901B340A95B46CDF87D
S3150001B3700CA00097FCF740FAFAF762FC00287FF46C
S3150001B3802BAF05F48243B3F5824F5946309A88A80C
S3150001B3904DD1EDB2412D4AD1ECF75AFC88A8ECF714
S3150001B3A057FA0730B0F5847FBFF415AF719B62A8D9
S3150001B3B013F0070518BF012505EBD3050E95ECF72C
S3150001B3C09DFA02282A46059988A833D1ECF7A2F9F5
S3150001B3D002E74FF4807A47F2121590E74FF4C07AEC
S3150001B3E0F9E740F2092AF6E74FF0FF0A47F241155D
S3150001B3F085E74FF0C00AEEE74FEA49074A4640A9FA
S3150001B40001377AA83097ECF7B8F904234A460DF2CA
S3150001B410411182A88DF84031ECF7AFF909F101012C
S3150001B42050AB4A46194484A8ECF7A7F990E7ECF724
S3150001B43044FCB3E7ECF7A1F9CEE66FF0890700E625
S3150001B4406FF08507FDE500287FF404AF20220599FA
S3150001B45016A8ECF732FC40AD2022059916A8ECF7A8
S3150001B46059F92B462021079A05984097FCF79EFA31
S3150001B47004460898002C7FF4EEAE409D202D7FF403
S3150001B480EAAEEFF7EEF9044620B129460798ECF744
S3150001B490CDFAE2E6204E96F850301BB10123069311
S3150001B4A0FFF71EBA012561A8EBF76FFE50A8649756
S3150001B4B05095EBF772FE509B079963934FF48443C3
S3150001B4C06693164B1022CDE9613561A850ABEEF7B4
S3150001B4D02BFF044610210798ECF7A8FA1CB986F849
S3150001B4E05050FFF7FDB92046EBF7A4FE031E18BF27
S3150001B4F00123D4E719230693FFF7FDB91923069310
S3150001B500FFF7FCB901283FF4DDACF2E410F1860F38
S3150001B5107FF4CBA9FFF7A7BAB0190020011080006C
S3150001B520F7B5012300220546CDE900230E46021D8B
S3150001B53002216846FFF7DBF8044648BB06F1100214
S3150001B5406B4611462846EDF778FC044600BB06F12A
S3150001B55008076B463A4639462846EDF76EFC04461F
S3150001B560B0B96B466A4669462846EDF766FC04465D
S3150001B57070B96B46324631462846EDF75EFC044605
S3150001B58030B96B463A4639462846EDF756FC04462D
S3150001B5906846ECF760FA034814F10E0F18BF20460F
S3150001B5A003B0F0BD00B3FFFF0022012373B50646C9
S3150001B5B0CDE900230D46021D02216846FFF797F8E3
S3150001B5C0044678B96B462A4629463046EDF735FCDE
S3150001B5D0044638B905F110026B4611463046EDF7BF
S3150001B5E02CFC04466846ECF736FA034814F10E0FB4
S3150001B5F018BF204602B070BD00B3FFFFF8B5044680
S3150001B6004518073549420D40A5F108063046EEF7C3
S3150001B61077FA6188331BA1EBE30125F8061CA088A4
S3150001B620DA1000EBE30080B225F8040CA188D1B151
S3150001B630A4EBC1014F88C880D0194880E188C9B1FF
S3150001B6408A1A92B204EBC10125F8022C8A80A288DB
S3150001B6509AB911498A681344CA688B60934200D922
S3150001B660CB603046F8BD15F8081C41F0020105F81B
S3150001B670081CE3E725F8021CE9E7A4EBC2042278DB
S3150001B680D207EED5044A91680B44D16893608B4288
S3150001B69088BFD360E5E700BF701900202DE9F047A8
S3150001B6A0002390464A1C08BF0821C8F8003000282C
S3150001B6B000F099804D4F7B68984280F09480073066
S3150001B6C020F00705EFF31189302383F311887E6992
S3150001B6D0BEB133787288DB074FEAC20204D5F3881C
S3150001B6E07BB106EBC306F4E79542F8D806F10803E9
S3150001B6F0B3FBF1F001FB103353B12B449A42EED365
S3150001B70043B989F31188BFF36F8F1920BDE8F0871C
S3150001B7102B46F5E770883A69C3EBC000013A272842
S3150001B7203A614ED99D4205F1080A45D03046FFF7E8
S3150001B73065FF0446A2445046EEF7E2F9628805F138
S3150001B7400F01A2EBD102CB08AAF80220AAF8043015
S3150001B750E288002A32D0D31A9BB204EBC202AAF8BD
S3150001B76006309380ED086580BAF804300022E38044
S3150001B77031465046FCF77CFFBB68FA6808339342B2
S3150001B780BB6088BFFB60237843F0010323703B69EC
S3150001B79001333B616288BB68083403EBC203FA6874
S3150001B7A0BB60934288BFFB60C8F8004089F31188EB
S3150001B7B0BFF36F8F0020A9E73446BBE7AAF806203E
S3150001B7C0D0E79D420DD03046FFF718FF0446237897
S3150001B7D0012243F00103314620462370FCF748FF5E
S3150001B7E0D8E73446F3E7212090E700BF701900201F
S3150001B7F0002370B51646136089B180B101FB00F5CF
S3150001B8004FF0FF312846FFF749FF044628B9306853
S3150001B81018B12A46214608F043FB204670BD212473
S3150001B820FBE702464FF0FF31102037E700F00CB876
S3150001B83000F00AB800F008B800F006B800F004B845
S3150001B84000F002B800F000B872B61EF0080F09D079
S3150001B8501EF0040F0DD0DFF850E0AEE8FF1F6FF0C9
S3150001B86002000CE0DFF840E0AEE8FF1F6FF00E00CB
S3150001B87005E0DFF834E0AEE8FF1F6FF00600694629
S3150001B880EFF309828EE8070086460848084C85458D
S3150001B89001D3A54501D384F30888F3F7DFFB84F3CD
S3150001B8A00888F3F7CDFB0000803D0020480000200A
S3150001B8B0C80A00201FB514461A46094B05461B68DF
S3150001B8C0D8684CB1074B00910749CDE901342B46A5
S3150001B8D000F0C6F808F0EFFA044B1C46F3E700BF88
S3150001B8E0244000207D8702008A870200518A0200D7
S3150001B8F008B5064B044613B10021AFF30080044B93
S3150001B9001B6803B198472046F8F707F900000000C5
S3150001B910B0390020002310B50446836081811946A1
S3150001B9204366C28108228361C0E90033C0E904335A
S3150001B9305C3008F0B5FA0D4B246263620C4BA362CE
S3150001B9400C4BE3620C4B23630C4B9C4206D003F178
S3150001B9506802944202D0D0339C4205D104F15800CA
S3150001B960BDE8104008F0A4BA10BD00BF193E0200A0
S3150001B9703B3E0200733E0200993E020078380020E9
S3150001B980024A0349034808F029BA00BF18400020BB
S3150001B990FB3F02002840002041680C4B994210B53C
S3150001B9A0044601D008F029FBA168094B994202D04F
S3150001B9B0204608F022FBE168064B994204D0204656
S3150001B9C0BDE8104008F019BB10BD00BF7838002053
S3150001B9D0E0380020483900200C4B04210C4A0D4860
S3150001B9E010B51A600022FFF795FF0A4B01220921C3
S3150001B9F01C4603F16800FFF78DFF022204F1D00017
S3150001BA001221BDE81040FFF785BF00BFB039002005
S3150001BA1081B9010078380020014808F04ABA00BF10
S3150001BA20513D0020014808F045BA00BF513D0020B4
S3150001BA3010B50446FFF7F0FF236A1BB1BDE81040BD
S3150001BA40FFF7F0BF044B2362044B1B68002BF5D1B3
S3150001BA50FFF7C2FFF2E700BF99B90100B039002034
S3150001BA600EB403B503AB0146054853F8042B006831
S3150001BA70019300F071F802B05DF804EB03B0704772
S3150001BA802440002038B50023054D044608462B60A6
S3150001BA90F8F740F8431C02D12B6803B1236038BD87
S3150001BAA0B439002038B50446064D08461146002231
S3150001BAB02A601A46F8F73BF8431C02D12B6803B1FA
S3150001BAC0236038BDB439002038B50446064D084612
S3150001BAD0114600222A601A46F8F72BF8431C02D1B8
S3150001BAE02B6803B1236038BDB439002038B504464C
S3150001BAF0064D0846114600222A601A46F8F71BF839
S3150001BB00431C02D12B6803B1236038BDB439002030
S3150001BB1070B50D4B00260D4D5B1B9C10A64209D13D
S3150001BB200B4D0AF02DFC0B4B00265B1B9C10A6420D
S3150001BB3005D170BD55F8043B01369847EEE755F837
S3150001BB40043B01369847F2E7C4400020C04000207C
S3150001BB50C4400020C84000202DE9F04F0D469DB09D
S3150001BB6014469846064618B1036A0BB9FFF760FFFB
S3150001BB706B6ED90705D4AB899A0502D4A86D08F076
S3150001BB8098F9AB891B0701D52B699BB92946304624
S3150001BB9000F09AFA70B16B6EDC0704D54FF0FF30F6
S3150001BBA01DB0BDE8F08FAB899805F7D4A86D08F0F4
S3150001BBB081F9F3E70023CDF80C804FF00109DFF896
S3150001BBC0B481099320238DF8293030238DF82A304A
S3150001BBD023469A4613F8012B0AB1252AF9D1BAEB65
S3150001BBE0040B0BD05B4622462946304608F081F904
S3150001BBF0013000F0A780099A5A4409929AF8003058
S3150001BC00002B00F09F8000234FF0FF320AF1010A5A
S3150001BC10049307938DF853301A93CDE905235446BF
S3150001BC200522544814F8011B08F090FA049AD8B971
S3150001BC30D10644BF20238DF85330130744BF2B236D
S3150001BC408DF853309AF800302A2B15D0079A5446AE
S3150001BC5000204FF00A0C214611F8013B303B092B1D
S3150001BC604BD9B0B1079214E0A0EB0803A24609FA3A
S3150001BC7003F313430493D2E7039B191D1B68002B9F
S3150001BC800391BBBF5B4242F0020207930793B8BF21
S3150001BC90049223782E2B0AD163782A2B32D1039B67
S3150001BCA002341A1D1B6843EAE37303920593DFF816
S3150001BCB0D4A003222178504608F048FA38B1A0EB07
S3150001BCC00A004022049B013482401343049314F872
S3150001BCD0011B062228488DF8281008F037FA00289B
S3150001BCE03FD0264B1BBB039B073323F007030833C7
S3150001BCF00393099B3B4409936AE70CFB02320C460A
S3150001BD000120A8E7002301344FF00A0C19460593D8
S3150001BD10204610F8012B303A092A03D9002BC6D048
S3150001BD200591C4E70CFB012104460123F0E703ABAF
S3150001BD302A4604A930460093114BAFF3008007460B
S3150001BD40781CD6D16B6ED90705D4AB899A0502D476
S3150001BD50A86D08F0AFF8AB895B063FF51FAF0998F0
S3150001BD601EE703AB2A4604A930460093044B00F0B4
S3150001BD700BF8E4E7B9870200C38702000000000060
S3150001BD80F33E0200BF8702002DE9FF470F7E914671
S3150001BD9080460C46782F9A460C9E01F1430207D83D
S3150001BDA0622F0AD8002F00F0D280582F00F0B780FA
S3150001BDB004F1420684F842703AE0A7F16303152BB9
S3150001BDC0F6D801A151F823F021BE010035BE0100CC
S3150001BDD0B1BD0100B1BD0100B1BD0100B1BD0100A0
S3150001BDE035BE0100B1BD0100B1BD0100B1BD01000B
S3150001BDF0B1BD010035BF01005FBE0100EBBE010010
S3150001BE00B1BD0100B1BD010057BF0100B1BD0100C7
S3150001BE105FBE0100B1BD0100B1BD0100F3BE01006D
S3150001BE2033681A1D1B68326004F1420684F84230F9
S3150001BE3001239DE033682068191D3160060601D58E
S3150001BE401D6803E04506FBD5B3F90050002D03DA62
S3150001BE502D236D4284F8433059480A2310E02168A6
S3150001BE603368080653F8045B02D4490648BFADB2ED
S3150001BE706F2F5348336059D10823002184F84310AA
S3150001BE806668002EA66005DB21682E4321F00401B9
S3150001BE9021604DD01646B5FBF3F103FB1157C75D83
S3150001BEA006F8017D2F460D46BB42F4D9082B0BD16E
S3150001BEB02368DF0708D5236961689942DEBF30230D
S3150001BEC006F8013C06F1FF36921B22614B4603AA96
S3150001BED021464046CDF800A008F01DF801304CD1AE
S3150001BEE04FF0FF3004B0BDE8F087236843F020032C
S3150001BEF0236078273348236884F845701F06316824
S3150001BF0051F8045B02D45F0648BFADB23160D90770
S3150001BF1044BF43F0200323601DB11023ADE7284839
S3150001BF20E9E7236823F020032360F6E70A23A4E761
S3150001BF301646BBE733682568181D616930602E0611
S3150001BF401B6801D5196002E06806FBD5198000233C
S3150001BF5016462361BAE7336800211A1D32601E684E
S3150001BF606268304608F0F2F808B1801B60606368C9
S3150001BF702361002384F84330A8E723693246494602
S3150001BF804046D0470130ABD023689B0713D4E06805
S3150001BF90039B9842B8BF1846A4E701233246494697
S3150001BFA04046D04701309BD00135E36803995B1ABF
S3150001BFB0AB42F2DCEBE7002504F11906F5E700BF19
S3150001BFC0CA870200DB870200B1F90C202DE9F04196
S3150001BFD0160705460C4651D44B68002B02DC0B6C48
S3150001BFE0002B49DDE66A002E46D0002312F480526A
S3150001BFF02F682B6031D0626DA389590705D5636817
S3150001C000D21A636B0BB1236CD21A0023E66A216A3A
S3150001C0102846B047421CB4F90C3006D129681D29BF
S3150001C02045D8284ACA40D60741D50022D9046260BC
S3150001C0302269226004D5421C01D12B6803B96065CF
S3150001C040616B2F60C1B104F14403994202D02846C5
S3150001C050FAF732FB002363630EE00123216A2846C7
S3150001C060B0470246501CC7D12B68002BC4D01D2BEC
S3150001C07001D0162B19D12F6000201DE00F69002F6A
S3150001C080FAD093070E680F600CBF4B690023A6EB2D
S3150001C09007088B60B8F1000FEEDD43463A46216A88
S3150001C0A02846A66AB047002808DCB4F90C3043F0EC
S3150001C0B040034FF0FF30A381BDE8F0810744A8EBB0
S3150001C0C00008E7E70100402038B5284B05460C4635
S3150001C0D0186818B1036A0BB9FFF7AAFCB4F90C305A
S3150001C0E01A0721D4D80607D409222A6043F040034F
S3150001C0F04FF0FF30A38130E0590712D5616B41B192
S3150001C10004F14403994202D02846FAF7D5FA0023EE
S3150001C11063630022B4F90C30626023F024032269C0
S3150001C120226043F00803A38122693AB99A0501D531
S3150001C130180603D52146284608F047F8B4F90C300D
S3150001C14013F001020AD00022A26062695242A26182
S3150001C150226942B913F08000C8D138BD990758BF8A
S3150001C1606269A260F4E70020F7E700BF24400020DF
S3150001C170024B0146186807F0BFBF00BF24400020EC
S3150001C18038B50023064D0446084611462B60F7F7DD
S3150001C190CBFC431C02D12B6803B1236038BD00BF21
S3150001C1A0B439002038B50023064D04460846114629
S3150001C1B02B60F7F7B3FC431C02D12B6803B1236054
S3150001C1C038BD00BFB439002038B50023054D0446FB
S3150001C1D008462B60F7F7A6FC431C02D12B6803B176
S3150001C1E0236038BDB4390020024B0A46014618685F
S3150001C1F0FAF765BA24400020024B01461868FAF79F
S3150001C2004EBA00BF24400020024B01461868FAF7D7
S3150001C21053BA00BF244000200CB4194B30B50C1E94
S3150001C2209DB01D6808DA8B234FF0FF302B601DB0DF
S3150001C230BDE8304002B070474FF402730290069099
S3150001C24002A9ADF814304FF00003209A28461B933B
S3150001C25014BF04F1FF332346049307934FF6FF738C
S3150001C260ADF8163021AB019300F01AF8431CBCBFA0
S3150001C2708B232B60002CDAD0029B00221A70D6E7A2
S3150001C2802440002007B5009313460A460146034899
S3150001C290006807F0D3FF03B05DF804FB24400020DB
S3150001C2A02DE9F04F98468B899DB007461B060D4632
S3150001C2B0144610D50B6973B94021FAF7F0F92860D5
S3150001C2C0286130B90C233B604FF0FF301DB0BDE84B
S3150001C2D0F08F40236B610023CDF80C804FF00109EC
S3150001C2E0DFF8A081099320238DF8293030238DF8BA
S3150001C2F02A3023469A4613F8012B0AB1252AF9D189
S3150001C300BAEB040B0BD05B4622462946384607F0AA
S3150001C310DDFF013000F0A780099A5A4409929AF884
S3150001C3200030002B00F09F8000234FF0FF320AF10E
S3150001C330010A049307938DF853301A93CDE9052327
S3150001C340544605224F4814F8011B07F0FFFE049AD4
S3150001C350D8B9D00644BF20238DF85330110744BF06
S3150001C3602B238DF853309AF800302A2B15D0079AD3
S3150001C370544600204FF00A0C214611F8013B303B90
S3150001C380092B4BD9B0B1079214E0A0EB0803A246E2
S3150001C39009FA03F313430493D2E7039B191D1B68A0
S3150001C3A0002B0391BBBF5B4242F002020793079346
S3150001C3B0B8BF049223782E2B0AD163782A2B32D167
S3150001C3C0039B02341A1D1B6843EAE3730392059328
S3150001C3D0DFF8C0A003222178504607F0B7FE38B136
S3150001C3E0A0EB0A004022049B0134824013430493CC
S3150001C3F014F8011B062224488DF8281007F0A6FE22
S3150001C400002836D0214B1BBB039B073323F00703C0
S3150001C41008330393099B334409936AE70CFB023201
S3150001C4200C460120A8E7002301344FF00A0C1946F7
S3150001C4300593204610F8012B303A092A03D9002B1F
S3150001C440C6D00591C4E70CFB012104460123F0E7A0
S3150001C45003AB2A4604A9384600930D4BAFF300807F
S3150001C460421C0646D6D1AB895B063FF52DAF09982E
S3150001C4702CE703AB2A4604A938460093044BFFF781
S3150001C48083FCEDE7B9870200C387020000000000C4
S3150001C490CD420200BF870200014807F0CABF00BFB4
S3150001C4A0690345EC1046044A1368591E033102D844
S3150001C4B0002111601847704774400020034B18682B
S3150001C4C0034B002808BF1846704700BFB839002043
S3150001C4D0B08D0200014808F079B900BFC0390020CB
S3150001C4E013B50B4C0229226005D10A4808F06EF9F2
S3150001C4F0002002B010BD0A4600930146064B0548CE
S3150001C50008F045F9003818BF01204000F1E700BFE7
S3150001C51074400020C0390020A5C40100014808F07C
S3150001C52066B900BFC03900200021014808F081B971
S3150001C530C039002008B5064B1B68013305D0FFF74B
S3150001C540EDFF80F00100C0B208BD0020FCE700BF8E
S3150001C550744000202DE9F843DFF860900646D9F8CB
S3150001C560008008461746B8F1000F03D00E24204676
S3150001C570BDE8F88306B3336801331DD1E1B100F09C
S3150001C58075F805460028F1D0C9F8000000F0DAF880
S3150001C590284607F058FF044640B14046C9F80080D6
S3150001C5A000F0D0F8284607F046FFE0E73560002F97
S3150001C5B0DDD02846B847DAE72124D8E7BC39002080
S3150001C5C0024B1868003818BF01207047BC3900209B
S3150001C5D038B50C4601F0EEFDA3780B4A13705A1ECE
S3150001C5E055425541A8420CD0012B04D02846BDE83E
S3150001C5F0384001F0C7BD204601F0B4FD0028F5D052
S3150001C60038BD0020FCE700BF523D0020002108B5DF
S3150001C610024B08465B689847002008BD9040002001
S3150001C62010B5FFF74BFF0D4B0C461A1A53425341F7
S3150001C6308B4201D1002010BD094B1B683BB9094A49
S3150001C640064B002C08BF1346074A1360F2E708F0B1
S3150001C65012FA0028F3D00220EDE700BF888D020010
S3150001C660BC390020B08D0200B8390020F8B5044667
S3150001C67009F079FD002607460E4B1B6893B19E68AB
S3150001C680AEB196F82420D20711D435460FCC0FC58A
S3150001C6900FCC0FC523682B6096F8243043F00103B5
S3150001C6A086F82430384609F059FD3046F8BD1B6836
S3150001C6B0E4E700BF84400020431E033306D8044B41
S3150001C6C0984228BF1846642838BF6420704700BFC7
S3150001C6D040420F0038B5184B05461B680C4603B19E
S3150001C6E0984744B1236833B11B68013303D0E3682B
S3150001C6F00BB1A36843B908F071FC002091224121D6
S3150001C70000F0CCFA212038BD204603F069FA002357
S3150001C7100A4A85F84831C5E93A43136053606369AB
S3150001C72043B1074A42211068B322C31A58425841FD
S3150001C73000F0B4FA0020E6E7143C0020784000201F
S3150001C740783C002010B5044618B9054B054A13601C
S3150001C75010BD00F08FFDD4F8F430002BF6D1F4E7CC
S3150001C7600745020088400020084B10B4002A14BF78
S3150001C77014461C46064B1C6019B15DF8044B07F0C4
S3150001C780CFBE08465DF8044B704700BF074502005F
S3150001C7908840002008B502460868FFF78DFF08604B
S3150001C7A04868FFF789FF48608868FFF785FF88605A
S3150001C7B0C868FFF781FF0B69C860581C03D00B4896
S3150001C7C0834228BF03460B614B69581C03D00748B7
S3150001C7D0834228BF034688694B61FFF76DFFBDE8B9
S3150001C7E008408861104601F049BC00BF40420F0075
S3150001C7F0D0F8EC302DE9F04105460C4613B1C38D56
S3150001C8008B424ED0D5F8E830002B4DD09E68002ED5
S3150001C8104AD0D868002847D0013800B200281DDB6D
S3150001C820002107E0128A0CF10101A24219D209B2D4
S3150001C830884213DB0B1803EBD3735B1003EBC302C4
S3150001C84006EB8202B2F80EE01FFA83FCA6450CF154
S3150001C850FF3EE7D90FFA8EF08842EBDA2120BDE8D8
S3150001C860F0814FF6FF729445F8D09BB203EBC303F8
S3150001C87006EB83062846B6F9122095F83C11D5F841
S3150001C880FC80FAF787FB0746B8F1000F04D00023B6
S3150001C890324628461946C047EC85C5F8EC6085F84E
S3150001C8A045710020BDE8F0810E20BDE8F08100BF92
S3150001C8B02DE9F04782B004460E46904601F080FC11
S3150001C8C0002877D15D4D2F68D4F8E8A0D4F8EC9014
S3150001C8D01FB1574500F090800027AE6002F0BCF80A
S3150001C8E00128064604D001210022084607F0DAFD98
S3150001C8F0204608F04AFA002860D12B68DAF80010C1
S3150001C900D9F800201BB11868884200F081802046C2
S3150001C91008F00CFAB7B1B8F1000F13D1204601F0B7
S3150001C920C7FE0546D4F89830002B3CD1012E05D020
S3150001C93025B1434B002103205B689847284602B086
S3150001C940BDE8F0873F4BC5F800A01A78C5F80490FA
S3150001C9508DF80780002A40D1D4F8FC50002D5FD015
S3150001C960114620460DF10703A847204601F0A0FE17
S3150001C970054617B1B8F1000FD4D0B5FA85F040F2EB
S3150001C98005423321400900F089F94146204601F06C
S3150001C99073FF2D4B49461B68054620469847D4F838
S3150001C9A09830002BC2D000224FF40073204600F0CD
S3150001C9B071FCBBE70023214D6B6084E794F82530B9
S3150001C9C0DA079AD5D4F8A0305B0596D51F4B01221C
S3150001C9D0002120461B6898478FE7D4F8EC30B4F95C
S3150001C9E0461023B1B3F912309942A8BF19464246FF
S3150001C9F0204601F0A9FDB8E76F68002F3FF46DAF3F
S3150001CA004F457FF469AFAB68B34215D0012764E7A0
S3150001CA10696819B1096891423FF47CAF596876E7B4
S3150001CA2094F82A1094F845314246994228BF19468E
S3150001CA30204601F04FFD98E700257FE7784000206A
S3150001CA40904000207C87020088400020183C00208E
S3150001CA50F8B505460E4609F086FB314607462846D7
S3150001CA60FFF7C6FE044620B1384609F077FB20469B
S3150001CA70F8BD01F0CDFF224631462846FFF718FFE3
S3150001CA8004460028F0D1284608F07FF90028EBD0AB
S3150001CA9095F8253013F001030DD0D5F8A0205205E5
S3150001CAA00DD5B5F83621B24205D0B5F838319B1B04
S3150001CAB0B3FA83F35B09034A82F8C430D4E7234609
S3150001CAC0F9E700BF001E00B070B504460E4609F036
S3150001CAD04AFB314605462046FFF7BAFF044620B910
S3150001CAE0044B01465B6803209847284609F036FB4C
S3150001CAF0204670BD9040002070B5044600200D46CA
S3150001CB0008F070FA094B1B784BB9D4F8FC6036B1C2
S3150001CB1029462046B446BDE870401A466047294674
S3150001CB202046BDE8704008F0F0B800BF7C870200DF
S3150001CB3013B56946044607F085FD0C4B1B783BB1DE
S3150001CB409DF800300D2B03D0B4F94C0002B010BD96
S3150001CB50204607F0D1FFFF28024605D020469DF862
S3150001CB600010FAF719FAF1E70148EFE77C870200AE
S3150001CB700080FFFF30B4064DBDF908402D781DB188
S3150001CB80029430BC08F0C4B80E2030BC704700BF18
S3150001CB905B3D00202DE9FF4106460D4690460AB948
S3150001CBA0D0F898804146304607F05CFD18F0010F39
S3150001CBB002D0304605F07EFB02F0FEFC244B044613
S3150001CBC00FCB6F468DE80F006DB1FF2C0DBF2B68A3
S3150001CBD004AB55F8242000930BBF6B6803EB840369
S3150001CBE0019343F8102C18F4803F17D12246394699
S3150001CBF0304608F069F970B96DB1FF2C0FBF009B83
S3150001CC0004AB03EB840353F8103C05BF2B60019B77
S3150001CC1045F824306B6004B0BDE8F081FF2C0BD1E0
S3150001CC20009B01330ED0019B01330BD022463946BE
S3150001CC30304608F067F9DEE704AB03EB840353F8EB
S3150001CC40103CF1E722463946304607F0DBFBD2E7D6
S3150001CC50E48D020008B50B460249194007F0F4FCC1
S3150001CC60002008BD07001100024B1860024B196035
S3150001CC70FEE700BFD83B00208C40002038B5044DAC
S3150001CC80044C054B286021601A60FFF7EDFF38BDA3
S3150001CC90D83B00208C400020DC3B002010B550B969
S3150001CCA00548064B0160064802601868054B186086
S3150001CCB01868FFF7E3FF10BD8C400020BC39002047
S3150001CCC0DC3B0020D83B0020054B1B680BB91846FE
S3150001CCD07047834201D01B69F8E70120704700BF06
S3150001CCE0E43B002018B10A4B1A680AB9104670478E
S3150001CCF01A68824207D1026901201A60054A13683F
S3150001CD00013B1360704702F110031269EDE700BFA2
S3150001CD10E43B0020E03B00202DE9F74F064609F0F1
S3150001CD202BFADFF82081012398F800B0DFF818917B
S3150001CD300190BBF1000F06D089F8003003B0BDE8C1
S3150001CD40F04F09F014BA3D4F88F8003089F800B069
S3150001CD5007F0A3FD08B107F09EFD3D6838495DB9AE
S3150001CD60DFF8E8A0DAF800200024AA423B682ED8B2
S3150001CD704FF0FF31324838E06B7D8BB12B68B342FF
S3150001CD8002D09A1B8A420BD96A6813442B60AB689E
S3150001CD90003A18BF0122003B18BF01236A75AB7523
S3150001CDA02D69DCE7907D20B1107D88429CBF01464C
S3150001CDB014461269002AF5D1002CD9D094E80B004B
S3150001CDC0A275411AE268204698470135CAE71A4614
S3150001CDD0FF21EFE75A7D3AB11A68B24228D0921B79
S3150001CDE0824225D8914226D21B69002BF2D15CB131
S3150001CDF02046FFF777FF38B13B683C602361DAF8DC
S3150001CE0000300133CAF800303B685C7D1CB11868FC
S3150001CE1000F0DEF8044607F03CFD0646002C95D1ED
S3150001CE2099F80030002B91D1019888F8004085E7E8
S3150001CE301C460021D8E711461C46D5E7E43B0020F5
S3150001CE40FCFFFFBF543D0020533D0020E03B002086
S3150001CE5038B5054610B31822002107F021F809F06C
S3150001CE608BF902462846FFF72FFF20B1104609F03D
S3150001CE707EF9022038BD0A4B1C6854B909491D6068
S3150001CE800B68104601332C610B6009F070F92046DE
S3150001CE90F0E719680C6901F11003EEE72120E9E7D3
S3150001CEA0E43B0020E03B002038B50446FFF70CFFC9
S3150001CEB009F062F905462046FFF706FF637D23B9AF
S3150001CEC0284609F054F90E2038BD00236375064B38
S3150001CED01B68A34203D107F0DCFCFFF71DFF2846C0
S3150001CEE009F045F90020EFE7E43B00202DE9F84F72
S3150001CEF0DDF82890984604460D469246FFF7E4FE73
S3150001CF00DDF830B009F038F9074607F0C2FC0646ED
S3150001CF102046FFF7D9FE637D23B12046FFF7C4FF04
S3150001CF200023A375BAF1010F21D175B9B8F1000F2C
S3150001CF301FD1B9F1000F03D05A4631462046C847E2
S3150001CF40384609F014F9002017E035440C4BAA1BAA
S3150001CF509A420ED8012363759DF82C30304684E839
S3150001CF6020032375C4F80CB0FFF7D6FEE8E7AE42FE
S3150001CF70ECD1384609F0FBF82120BDE8F88F00BF57
S3150001CF80FCFFFFBF2DE9F04107468846FFF79CFEEF
S3150001CF9009F0F2F83D68064607F07BFC7B7D7BB124
S3150001CFA085420DD0094B2C1A9C4209D8304609F00E
S3150001CFB0DEF8B8F1010F08BF25462846BDE8F08125
S3150001CFC0304609F0D4F80025F7E700BFFCFFFFBFA4
S3150001CFD00023024A194600F047BA00BF5D48020025
S3150001CFE02DE9F0418AB001AB0C46054624221846CC
S3150001CFF0134907F0B9F80027002C08BF0446384644
S3150001D00004F10C0690B95FFA87F842462846218852
S3150001D01007F0BEFE50B942462846E18807F0C9FE30
S3150001D02020B942463146284607F0D6FE0137032F7E
S3150001D03006F1080604F10204E4D10AB0BDE8F08164
S3150001D040188E0200F0B589B005460E4607F0DCFEE3
S3150001D050044600BB01AC06F10C070FCF0FC497E8DD
S3150001D060070084E8070001A92846FFF793FB284635
S3150001D070311D07F009FB044648B92846074900F067
S3150001D08053FF044618B9284602F01EF804462846FE
S3150001D0903168FFF7A5FF204609B0F0BD108E0200EA
S3150001D0A0024BD868C0F30360704700BF000002B8A6
S3150001D0B02DE9FF478F7881460F2F0C4603D9212092
S3150001D0C004B0BDE8F08727B901223D4B00201A7054
S3150001D0D0F6E70E784D78002E3DD1002DEFD1AE4208
S3150001D0E0E088B24638BFAA4603F00EFDC30943EAFB
S3150001D0F04163C01A61EBD11103F03AFDFF28804666
S3150001D100DDD0A08803F0A8FD2E4B354301461A88D1
S3150001D1104FF60400002D4AD1824208D12A48006EFA
S3150001D12080B290420ABF4FF6050218801A80B1F507
S3150001D130803F254B14D902224FF0080A1A66802235
S3150001D14056464908C3F880204FF6FF7301399942C4
S3150001D15028BF19460EE0082EB1D8082DAFD8BEE774
S3150001D16001224FF0080A1A6680225646C3F880202B
S3150001D1700029E9D1002302930123013FFFB2009365
S3150001D18032465346019709F5827003F0E7FB1DB954
S3150001D1904FF480120D4B5A65404694F9031003F083
S3150001D1A003FDA2680A4B1A600222054B8EE78242F2
S3150001D1B01EBFDFF814C0CCF860201880D8E700BF86
S3150001D1C0553D0020AC40002000C001B800D001B898
S3150001D1D0F43B002010B5054C237823B104F096FBEF
S3150001D1E00020207010BD0E20FCE700BF573D002037
S3150001D1F008B504F075FB0122014B00201A7008BD29
S3150001D200573D0020F8B504460F46164608F0ABFF19
S3150001D2100546A047044620B1284608F09FFF204650
S3150001D220F8BD06F06FFA04220549D1F8D83E23EA83
S3150001D23007033343C1F8D83E024B1A67ECE700BF38
S3150001D240001000B0002002B800F01803182B0AD015
S3150001D25003070AD410F0100F40F2011308BF002390
S3150001D260034A136570470023FAE70123F8E700BF75
S3150001D270001F00B038B10368044A002B08BF1346EB
S3150001D280034A13607047014BFAE700BF7149020078
S3150001D290A040002010B4D0E9564122400B4052EA8A
S3150001D2A0030104D003495DF8044B096808475DF89A
S3150001D2B0044B7047A04000200F2938B505460C469F
S3150001D2C00ED801F0C9FB01280CD1074A2846D36BB9
S3150001D2D023F00F032343D36307F0E7FD002038BD96
S3150001D2E02120FCE70220FAE7001F00B008B50E4B2B
S3150001D2F01A6F12F0A00F13D15B6F5B0712D40B4BA1
S3150001D300D3F8D83E23F07F4323F0FF0353B1FFF751
S3150001D310C7FE6FF4905343FA00F000F0010008BD18
S3150001D3200020FCE70120FAE7000002B8001000B077
S3150001D33070B50D46064620B91A4B1B68EBB10E2097
S3150001D3401AE001F089FB012827D1174BD6F8F00026
S3150001D35093F9004007F0A6FC0022C4F11C04241A2C
S3150001D360641BC4F11C03002BB8BF5B42232B16DCE4
S3150001D3703AB10D4B1D70002070BD0122C1F11C0494
S3150001D380EFE786F8285008F0EEFE054660B200F099
S3150001D390FFFF284608F0E2FEEDE70220ECE7212038
S3150001D3A0EAE700BFBC390020563D002010B504460F
S3150001D3B007F0EBFC10B1012001F076FE204601F0EA
S3150001D3C0E5FA08F0D0FE0A4A0121D2F8A030044657
S3150001D3D023F02003C2F8A0300222064B08469A60C9
S3150001D3E0054B5B689847204608F0B8FE002010BD43
S3150001D3F0001E00B0001002B89040002008B507F0EA
S3150001D400B8FA8022024BD864024B1A6108BD00BFEC
S3150001D410001F00B0000002B8014B1868704700BF3A
S3150001D420003C002037B508F09EFE012300220024AF
S3150001D43000930023054619461046019405F07CFF2A
S3150001D440022003F07DF9064B21461C60054B0220A4
S3150001D4505B689847284608F081FE204603B030BD38
S3150001D460083C0020904000202DE9FF4102290C468E
S3150001D47015469846039005D1FFF7D4FF002004B066
S3150001D480BDE8F08108F06FFE1E4E0746336853B1C2
S3150001D490AB4208D00024384608F060FE002CEDD1DE
S3150001D4A021203460EBE7184B0022C3F80080356079
S3150001D4B0002301254FF000081046194601950095F5
S3150001D4C005F03AFF114B022083F8008003F038F98A
S3150001D4D022464346022003A903F050F90C4B039A56
S3150001D4E004461A600028D5D0DFF82880D8F8003025
S3150001D4F098472128CFD12946D8F8043002209847E9
S3150001D500C9E700BF083C0020043C0020593D00202B
S3150001D510003C002090400020034B5B6E5B055ABF28
S3150001D520024B18780120704700C001B8593D002010
S3150001D53010B590F827300446023B022B05D84B7CE8
S3150001D54003B3012B20D0022B20D0D4F860311B0667
S3150001D55013D58B8A1A2B10D9D4F8A410084607F0D4
S3150001D56021FA0D2814D00F2810D0102810D0112818
S3150001D5700CD001F0FD010D290AD02046BDE810406E
S3150001D58007F092BA034810BD0348FCE70348FAE7DF
S3150001D5900348F8E720A1070048E8010040420F00D0
S3150001D5A080841E000A78022A11D0101F424242418D
S3150001D5B052004B781201022B0BD0191F4B424B41E3
S3150001D5C05B000549054842EA8312FFF71BBE0122AB
S3150001D5D0EFE70123F5E700BFF0FFFF00A1EA010035
S3150001D5E00B78022B10D0181F434243415B004A7847
S3150001D5F0022A0BD0111F4A424A4152000F21044808
S3150001D60043EA8202FFF7FEBD0123F0E70122F5E7B7
S3150001D610CDEA0100D0F8B43010B5994204460ED0D7
S3150001D620C0F8B41002F068FD0649A4F840010123D0
S3150001D630054AD1F8FC1004F5827004F00BFF0020B6
S3150001D64010BD00BF001F00B0581F00B02DE9F74FF5
S3150001D65004468B4615461E46FFF748FE20B3A38AAD
S3150001D66013B3204607F076F878B9002E40F0E6802D
S3150001D670734BD3F8D83E03F03002102A00F0DE8057
S3150001D68003F0C003402B00F0D9806E4F7B69DB07A6
S3150001D69040F1D48008F067FD0646032003F054F9F3
S3150001D6A030B1304608F05AFD022003B0BDE8F08FD4
S3150001D6B07A6912F0060AF4D1304608F04FFD604B44
S3150001D6C04FF400612046D3F8D89ED3F8AC8E06F00D
S3150001D6D081F948B14FF4007601215B4F5246084665
S3150001D6E03E6706F0DFFE3E6794F82530DF0707D573
S3150001D6F0D4F8A0305E0542BF4FF40022534B1A679F
S3150001D70059462046FFF7A4F94D4BC3F8D89EC3F8F6
S3150001D710AC8E0028C9D194F82430980601D4002D86
S3150001D7204DD0C5F3400005F049F8022315F4807F7A
S3150001D7301BBF0021454A444A136717BF444A136772
S3150001D7405161136305F0DEFF4FF4806315F0040F9A
S3150001D75014BF404A404A3C4E53620423284633676D
S3150001D760FFF772FD204607F0F0F938B14FF48073E8
S3150001D77015F0010F16BF354A33671367A90647D55A
S3150001D7804FF6FF72B4F8403093420FD0334A344912
S3150001D790526E100CC2F301120132B3FBF2F3088090
S3150001D7A02C4A2D492F481B0448665366003D18BF75
S3150001D7B0012594F8243065F3451384F82430204676
S3150001D7C007F0E3FAF0B1204607F0BFF9D0B14FF404
S3150001D7D00031204606F0FEF8431C03229BB201A944
S3150001D7E0214807F0F2FB9DF804209DF8053002F070
S3150001D7F00701052915D112070DD443F480731B4A7D
S3150001D800C2F8B830002003B0BDE8F04F07F0EABB1C
S3150001D81001F0DEF8CAE713F0040F09D19DF80630CE
S3150001D820EBE703F03002202A05D113F0010FF4E7EC
S3150001D8304FF48073E3E79DF80630E0E70E2034E706
S3150001D840001000B000C001B8002002B8001002B8F4
S3150001D85000400054005001B8006001B8004001B812
S3150001D860AE4000200000FFFF08400054001E00B03B
S3150001D8702DE9F3410646884615461F4608F073FC16
S3150001D8800446032003F060F838B1204608F066FC30
S3150001D8900E24204602B0BDE8F081042003F054F8BE
S3150001D8A00028F2D1204608F059FC01232A464146B8
S3150001D8B03046FFF7CBFE04460028EAD1DFF8BC80EC
S3150001D8C06FB188F8000039463046FFF7F1FB50B9D1
S3150001D8D098F80030012B08D104F05AFFD9E798F8DF
S3150001D8E00030002BF4D12124D3E720221D4B012047
S3150001D8F01A671D4BDB6CB3F5817F22BF80221B4B60
S3150001D9001A6107F0B1FB08F02EFC194B06461B689D
S3150001D91001938BB903F074F815F080051ED101202F
S3150001D92003F0D6F815B9284604F01CFF114B012166
S3150001D9305B68002098470DE0042002F001FF0023F8
S3150001D9400122042001A902F019FF0028E2D104F006
S3150001D95069FF2124304608F001FC9AE70022064BB4
S3150001D9609A67DCE7001002B8001F00B0000002B899
S3150001D970F43B00209040002000C001B8553D002036
S3150001D98010B50C4619B107F000FA04EB80042046E5
S3150001D99003F062F9024B4042C3F8C80E002010BDE5
S3150001D9A0001000B0838E70B593420C4615461BD30A
S3150001D9B0036D8B4208BF002408F0D5FB0646FFF72E
S3150001D9C06FFB4FF49C53C340DA0703D5074B1B6F1C
S3150001D9D09B0304D401222946204601F0BDFE3046B0
S3150001D9E008F0BCFB002070BD2120FCE7000002B856
S3150001D9F02DE9F0470B460746164611B92120BDE829
S3150001DA00F087002AFAD0032905D8002202F006F889
S3150001DA1003460028F2D01C889978B4F5804F01F0AE
S3150001DA20070080F0C580A0F1070C1A7993F805A0CC
S3150001DA30DD88DCF1000343EB0C030528337394BF47
S3150001DA400023C1F30013C1F3801C73738B0986F89D
S3150001DA5010C003F00203C1F3C00C43EA0C03C1F387
S3150001DA6040117374B174B582002A40F0838097F82F
S3150001DA702A31013BDBB2F374D7F8A030D90600F1A5
S3150001DA808280063801287ED80020B7F81280D7F8A0
S3150001DA901C9008F1FF38474B083C04EA08045B6D0B
S3150001DAA019F80430B060802B1CBF323BDBB2B37374
S3150001DAB097F827300134FF2B04EA080435D1631D9A
S3150001DAC003EA08035A1C02EA080219F8022019F8A7
S3150001DAD0033043EA0223DA041DB24DD5D7F8F030FC
S3150001DAE013B11B68022B05D841F2C2324C2100202A
S3150001DAF0FFF7D4F8D7F8F030C5F30B0093F82430CC
S3150001DB00C0000BB1B0FBF3F082453AD838B1CAEB8D
S3150001DB100A2ABAFBF0FA6FEA0A0A5FFA8AF0D7F81C
S3150001DB20F83013B196F90E109847631CF07303EAA7
S3150001DB30080319F80310013303EA080319F803204F
S3150001DB40013303EA080341EA022119F803200133EC
S3150001DB5003EA080319F8030041EA0241002341EAF6
S3150001DB600061727C384604F01FFD062330600020F8
S3150001DB70B37144E7531E7DE719F804004000C0B2B3
S3150001DB80CDE70020CBE70023F3730B4B5B691A0A41
S3150001DB901B0406D4D3B2323BDBB2B373002333602A
S3150001DBA0E5E762F0FF0352B28032F4D18023F4E755
S3150001DBB0022024E7004000B800C000B838B5054689
S3150001DBC0084B808A9C6A41F21652C4F30C04A042A7
S3150001DBD034BF002001200821FFF760F8A88A001B46
S3150001DBE080B238BD0040005470B506460D46144655
S3150001DBF06BB107F099F8B08AA04228BF204684B2DB
S3150001DC0022462946034801F053FD204670BDFFF721
S3150001DC10D5FFF1E70840005438B5148811F0030523
S3150001DC204FEAC40422D13F2C20D9B4FA84F4C4F1BA
S3150001DC301903DBB2052B01D8192C15D0052B28BFEA
S3150001DC40052301240633DBB29C40C4F3CF031380C2
S3150001DC5003828161448701F0A7FD054A631E2343C0
S3150001DC60C2F8A430284638BD2B46EAE72125F9E754
S3150001DC70001E00B0082310B1024A13677047024A1A
S3150001DC80FBE700BF001002B8002002B82DE9F743F8
S3150001DC90DDF828800746894616461D4608F063FAD0
S3150001DCA00446032002F050FE38B1204608F056FA29
S3150001DCB00E24204603B0BDE8F083484B20465B693D
S3150001DCC013F0060FF2D108F049FA0123324649460C
S3150001DCD03846FFF7BBFC04460028EAD1002D6CD07C
S3150001DCE0B8F1000F69D03E4C2368002B05DAF7F72F
S3150001DCF0E7FB002803462060DADB184604224FF4CE
S3150001DD003C51F7F7CFFBA42200212068F7F7F4FB7B
S3150001DD104FF48072314B414638469A65FFF7C8F990
S3150001DD2000284AD12F4B1B78012B46D020222E4B9F
S3150001DD3001201A672D4BDB6CB3F5817F22BF802250
S3150001DD402B4B1A6107F090F908F00DFA294A07469C
S3150001DD501368B3B129682C790B441360019383B11D
S3150001DD60042002F0EDFC00232246042001A902F062
S3150001DD7005FD30B904F056FD2124384608F0EEF9C8
S3150001DD8097E702F03DFE16F0800018D00022134BF3
S3150001DD909A67687901A9431E58425841FFF76AFFFD
S3150001DDA02B68032001932A79082302F0E7FC48B97E
S3150001DDB004F038FD384608F0D1F9212479E704F05A
S3150001DDC0D1FCE6E70C4D2B68984721280446D4D1AF
S3150001DDD0012100206B6898470024CEE700C001B8F6
S3150001DDE098400020553D0020001002B8001F00B0E9
S3150001DDF0000002B8F43B002090400020054A12685A
S3150001DE001AB190F82A1119B91047084603F062BAF7
S3150001DE1001487047EC3B002000FEFFFF374B2DE920
S3150001DE20F7431C6801F4007900F00103174653EA31
S3150001DE30090206460D463AD04FF0000863B30023A7
S3150001DE40002200210120CDF80480CDF8008005F0E4
S3150001DE5073FA042002F074FC41462046FFF7CEFF18
S3150001DE60012241462086DFF8A880104606F01AFBFB
S3150001DE70D4F8A01094F8270003F0C6FAD8F80000E9
S3150001DE8000F0D4F94FF0FF33C8F8003094F824308D
S3150001DE9043F0040384F82430B9F1000F07D00121BF
S3150001DEA0204607F08FF925F4007506430D432B46EE
S3150001DEB032462046FFF7EEF9FB070FD51049114A06
S3150001DEC0086800211368116001210F4A117003B11E
S3150001DED098470E4B002102205B68984717F00E0FFA
S3150001DEE008D04FF4EC723B21002003B0BDE8F043AB
S3150001DEF0FEF7D4BE03B0BDE8F08300BFBC390020F5
S3150001DF00043C0020083C0020593D002090400020A0
S3150001DF109C40002008B548220021024805F0C0FFB8
S3150001DF20002008BDDC1E00B010B50C46FFF7F2FF5D
S3150001DF30BCB1A378082B16D8E278082A13D843EA8D
S3150001DF40021313F0FF030CBF19466168074AC2F8B2
S3150001DF50DC10217882F82011617882F8233182F869
S3150001DF602111002010BD2120FCE700BF001E00B0DA
S3150001DF7073B52F4A2F49137809784FF0FF350B43B4
S3150001DF8078211370A0F8201164228221C0E946226B
S3150001DF90C0E94412C0F80C216FF47B42C2624FF40F
S3150001DFA000420D23A0F846200722002680F83C31C6
S3150001DFB04FF6FF730446C28700F1540202651E4AFA
S3150001DFC0A0F84030438642630387C384C0F8B45047
S3150001DFD0458580F8286004F087FB2046FFF79AFF05
S3150001DFE094F928102046FFF7A3F9602340F6FF7144
S3150001DFF0124A2046D36402F11C42D162D165104A0D
S3150001E0002946D36440220F4B1A67D4F8A02006F0A4
S3150001E01026FD0E2300220193009340F202231046AF
S3150001E020194605F089F901F021FF304602B070BDAD
S3150001E0305B3D00207C8702004000FFFF004000B8E6
S3150001E040005000B8002002B8012A10B512D8032BDF
S3150001E05010D803EB82020123074C934094F8220166
S3150001E060DBB221B10343002084F8223110BD20EA3E
S3150001E0700303F8E72120F9E7001E00B003462DE966
S3150001E080F0410C68D1F804E0651C08BFD3F80C41D7
S3150001E090B0F8402108BF0C60BEF1FF3F08BFD3F8BE
S3150001E0A018E18E6808BFC1F804E0771C00F582709C
S3150001E0B045D1D3F81451CF688D607E1C45D1D3F874
S3150001E0C01061D1F810C04F69BCF1FF3F08BFD3F80A
S3150001E0D004C1D1F8188008BFC1F810C0B7F1FF3FDD
S3150001E0E008BFD3F80871CE6008BF4F61B8F1FF3F92
S3150001E0F008BFD3F81C81B8F1000F2CD05A32424523
S3150001E10038BF42468A6114B15A2C38BF5A24134982
S3150001E110C3F80C41C3F81061C3F81451C3F818E1F0
S3150001E120C3F81C21C3F804C1C3F808710C4A0723BC
S3150001E130D1F8FC1004F08EF90020BDE8F08102F15F
S3150001E1405A05B54238BF3546B5E702F17806BE42F3
S3150001E15038BF3E46B5E76422D4E700BF001F00B0D2
S3150001E160581F00B038B5054C054B41780078256835
S3150001E170236003F065FB00B1256038BD0C3C00202F
S3150001E180448E0200074B1B684BB10028064B08BFA3
S3150001E1900023064A1360064B1870002070470220C0
S3150001E1A0704700BF0C3C00203C8E0200103C002052
S3150001E1B05A3D0020014B1878704700BF5A3D002098
S3150001E1C04FF40022034B186F03F500531A67C0F38F
S3150001E1D0C0407047000002B8024B586900F00100C8
S3150001E1E0704700BF00C001B870B50C4616461D4603
S3150001E1F01AB113680BB15B688BB907F0B4FF07F06E
S3150001E200ADFF0123AB71B389049AE11A7368B06853
S3150001E21089B2134400FB0133A9802B6070BD1A68D3
S3150001E220032AEAD99B6A5B0EECE700BF431C07D0C1
S3150001E2306FF0FF02034B10401A62A3F58053186278
S3150001E240704700BF00E000B8014B186C704700BF73
S3150001E250001F00B0014B002019647047001F00B079
S3150001E26003282DE9F74F0C46914678D83D4B1E5CA5
S3150001E2703D4B13F800A03D4B13F800B007F073FFB8
S3150001E280804605F00BFA074640B1002300220193B0
S3150001E290009301200023002105F04EF805F006FA4F
S3150001E2A048B10023002201930093002000234FF47C
S3150001E2B0004105F041F8002E49D02D4BDD6C05F0EB
S3150001E2C0080506EB0A002B4B23305844DD64C0B227
S3150001E2D002F07EF95146304605F02CFA5A4651466F
S3150001E2E0304605F093FA244BDD6477B1234B1B6866
S3150001E2F0D3F8A01093F8270003F086F820490868A0
S3150001E300FFF794FF4FF0FF330B60B9F1000F04D014
S3150001E3101C4B002103205B689847D4B14FF48062FF
S3150001E320194B1D6F03F50053C5F380251A67404647
S3150001E33007F014FF00F090FB01280CD11DB14FF43A
S3150001E3408062124B1A67002003B0BDE8F08F354694
S3150001E350B7E72546EBE7002CECD10520F4E72120B1
S3150001E360F2E700BF5C8E0200588E0200548E020056
S3150001E370004000B8006000B8005000B8BC39002069
S3150001E3809C4000209040002000C001B800D001B898
S3150001E390034AD36960F3D223D3610020704700BFDB
S3150001E3A000C000B8064B5A6A920207D4D3F880001F
S3150001E3B000F47060003818BF0120704701207047D3
S3150001E3C0004001B870B514460E4601F00B0323EA6E
S3150001E3D00201394A2340D164A2F58052D3647307FE
S3150001E3E0054610D50121FFF7DDFF60B105F08AF979
S3150001E3F04FF4007314F0040F14BF304A304A5362CD
S3150001E4000422304B1A67F10606D514F0100F14BF1B
S3150001E41000221B222C4B5A6532060CD5230605D544
S3150001E4204FF40012254B1A6203F000F8214695F8C5
S3150001E430270002F0E9FFF00503D5E10525D502F035
S3150001E440ABFFB20503D5A30522D502F0B1FF16F441
S3150001E4508C6F18D014F480621FD095F82530DC0734
S3150001E4600CD5EA8DB5F83631934214D0B5F838316A
S3150001E470981A43424341154A82F8C4302846D5F8D2
S3150001E480F010FEF7BBFF002070BD02F07FFFD8E75A
S3150001E49002F088FFDBE70123EDE77105EED595F87C
S3150001E4A02530DB07EAD5094B114683F8C420084B12
S3150001E4B028461B689847E1E7006000B8005001B89C
S3150001E4C0006001B8002002B8004000B8001E00B08C
S3150001E4D0183C0020F8B5054690F83C010C460D287D
S3150001E4E0164628D0FF2928D01AB14FF0FF32144B17
S3150001E4F01A6006F09FFD074695F83C0101F0FAFC0B
S3150001E500844228BF0446E4B2BC4238BF3C46E0B26E
S3150001E51085F82B0001F092FD0A4B1B784BB9FF28B9
S3150001E5200CBF2124002416B9284601F0F7FC204629
S3150001E530F8BD0024F7E70224F9E72124F7E700BF35
S3150001E540A44000207C8702007FB5204B04461B783F
S3150001E5500E46154643B3D0F8EC3000229BB34FF07C
S3150001E560FF36029602AEB3F9123000960392F8F71F
S3150001E570A0FCB8B902994B1C14D02046C1F38131D5
S3150001E58006F09FFB70B9BDF90C3002990246009363
S3150001E590C1F30D0103462046FEF7ECFA2946204653
S3150001E5A006F052FD04B070BD02A906F04BF83246E2
S3150001E5B09DF808102046F8F7EDFC2A46014620464C
S3150001E5C0FFF788FFEEE71846ECE700BF7C870200FD
S3150001E5D0F8B50D4690F83C1104460D29174603D1AE
S3150001E5E02E4B1B78002B50D02A462046A4F84650C5
S3150001E5F0F8F7D0FCD4F8EC3084F82A00002B40D090
S3150001E600274A1678D4F8FC204EB1002A3FD1B4F936
S3150001E6104600B3F91210884206DC002607E0B2BBB9
S3150001E62094F84521824202D20126B3F91250002202
S3150001E6302946204684F82D70FFF786FF00BB76B188
S3150001E640C4F8EC00204605F0AAFF4FF6FF73984286
S3150001E650014614D02046BDE8F840FEF7F9B9114B42
S3150001E6601B78022B0BD8204601F046FD0E490123EB
S3150001E6700E4AD1F8FC1004F5827003F0EBFE00207F
S3150001E680F8BDFF2384F82B30F9E70220F8E7B4F947
S3150001E6904210B3F912209142BEE700BF7C87020007
S3150001E6A05B3D0020B0400020001F00B0581F00B0A5
S3150001E6B0D0F8A830012B01D10020704770B504466F
S3150001E6C05A498CB006F0F4FCD4F8EC600146E58DAD
S3150001E6D0C4F8F00026B1336813B15B68002B5ED134
S3150001E6E007F041FD07F03AFD0123D4F8F0108DF84B
S3150001E6F00630B389B0687268EB1A9BB200FB03223D
S3150001E7004B48ADF80430036800928B4202D0204694
S3150001E710FEF774FE474D00F09FF90128FBD1AB6867
S3150001E7209E06F8D420469DF80620009906AB03F014
S3150001E73085FB002830D100F08FF90128FBD13D4A35
S3150001E740136FD801FCD493689906F9D4684606A9D3
S3150001E75003F02EFD0546F8B9E28D374B5A6494F85D
S3150001E760243060F3410384F8243000F025FF02468B
S3150001E770D4F8EC104B691E685868531EDBB2FD2BAA
S3150001E7800296039011D8012A2AD0204602A906F042
S3150001E790B9FB00200CB070BD02200CB070BD1A6828
S3150001E7A0032A9DD99B6A5B0EA1E7F31C03D8FF2AB6
S3150001E7B01BD00022E9E7FF2A21D00136E9D1D4F89E
S3150001E7C0EC101E4B4A689A4221D8D4F85C319B055D
S3150001E7D023D494F8243043F0020384F82430D8E794
S3150001E7E0C51CD2D90130D4D1EBE7C61CCDD9013035
S3150001E7F0DFD12A46204602A906F084FBDFE7C31CC7
S3150001E80011D80122204602A906F07CFBD5E7204655
S3150001E81000F06EFE0028BCD0D7E720464FF48031C9
S3150001E82006F0D0FCB5E70130C7D1CAE7FC1F00B03E
S3150001E830F03B0020000002B8008001B800CA9A3BF4
S3150001E84010B5042301240A4A0A49D1F8EC00C2F89A
S3150001E850EC30C2F8E0300C634FF40051D16241074D
S3150001E86042BFC2F8E030A2F58052C2F8EC3010BDCA
S3150001E8700060005400400054F8B504460D46D0F837
S3150001E880F07019B990F82430590645D44FF6FF7344
S3150001E890618E994204D0324B1B680BB120469847D2
S3150001E8A0304E3368BB4253D02F4B1B683BB11FB16F
S3150001E8B03A68002A4ED0BF6839462046984707274E
S3150001E8C0204601F019FC002D38D006200125274BE2
S3150001E8D094F9282093F900302549C3F11C039B1AAA
S3150001E8E0CA6963F3D222D4F8F030CA61214A33608F
S3150001E8F0214B906720461D7006F0D7FA1F4B1B6F00
S3150001E9005A0203D4D4F8A0301B0603D54FF40012E3
S3150001E9101B4B1A620020F8BD4FF6FF72114E65F3CC
S3150001E920861380F82430336842869F4214D00E4BFA
S3150001E9301B68002BBBD101F0DFFB072711493B46C2
S3150001E940114AD1F8FC1004F5827003F083FDBCE78F
S3150001E9500127B5E71746AFE701F0CEFB0127EDE743
S3150001E960FC3B0020F03B0020F83B0020563D0020F8
S3150001E97000C000B8006000B8583D0020000002B891
S3150001E980005001B8001F00B0581F00B010B5044672
S3150001E990D0F824210B4B4FF40061C3F8A82090F85E
S3150001E9A02420D20102F4006205F000F894F8243024
S3150001E9B013F0100F4FF4007314BF034A034A136791
S3150001E9C010BD00BF001E00B0001002B8002002B842
S3150001E9D038B507F0C8FB4FF6FF710A4A13888B4218
S3150001E9E003D107F0BBFB0E2038BD074C074D1B04B6
S3150001E9F06566A4F580546366118007F0AFFB0020BD
S3150001EA00F2E700BFAE400020006001B80000FFFF42
S3150001EA1008B50D4BD3F84C21531C13D012F080428C
S3150001EA2010D10A4B1B681BB111460320FFF718FCD6
S3150001EA304FF080624FF40071054BDA67054AD162E7
S3150001EA4001225A6108BD00BF0080E00FBC390020D9
S3150001EA50001002B8004000B80F4BDB68C3F3036334
S3150001EA60013B0B2B0FD8DFE803F006060C06060662
S3150001EA7006080A0808080220704704207047052086
S3150001EA80704703207047054B5B6913F0060F14BFEF
S3150001EA9004200120704700BF000002B800C001B881
S3150001EAA0094AD368C3F303630B2B08D06FF4905064
S3150001EAB0184100F0010080F0010040007047106F1E
S3150001EAC010F48030EDD17047000002B80C4AD368CB
S3150001EAD0C3F30363062B07D8042BD8B20BD8C31E86
S3150001EAE05842584140007047072B06D1D2F83001F1
S3150001EAF00028ECD17047022070470020704700BF04
S3150001EB00000002B8084BDA68C2F30362931E012BB8
S3150001EB108CBF00230123037040F62203D34003F088
S3150001EB2001030B70704700BF000002B8084BDA689A
S3150001EB3002F03062B2F1407F08D15A6FD20605D495
S3150001EB40986FC0F3C00080F0010070470020704745
S3150001EB50000002B82DE9F84F4FF00108264F08FAD8
S3150001EB6001F8BB69064613EA080F0C4633D006F0D6
S3150001EB7074FA4FF03009824609FB0679DFF894B042
S3150001EB80D9F8645005F00305012D26D11034BB696F
S3150001EB9005FA04F444EA080423EA04033146BB6196
S3150001EBA0154807F0EFFA154BB5405D631449154B4F
S3150001EBB0CA6ADB6C22F4706203F4706313434FF488
S3150001EBC07A52CB62104BC3F83021104B1B681340AD
S3150001EBD00F4AC2F83031BDE8F88F06F03EFAA0EBD5
S3150001EBE00A00584540F2F7624FF051018CBF0020F0
S3150001EBF00120FEF753F8C3E700000450002004503B
S3150001EC00004001B8001F00B0002002B81C3C0020E3
S3150001EC10001002B83F420F002DE9F04FADF5257DFA
S3150001EC2004460E4602F060F94FF424728046002134
S3150001EC30684605F035F94FF0010E1322022103460D
S3150001EC400EFA06F6F6B280F800E006724672C26067
S3150001EC5080F810E04676C26180F82010A948E525C3
S3150001EC6058624FF432705865A748A84FC3E91A0293
S3150001EC700830C3E91E021838DFF8B4C2C3E922021C
S3150001EC80DFF8B0A2DFF8B0B25D635F64A04DA14FBB
S3150001EC90A0F57D500838C3E90AA2C3E90EC2C3E94B
S3150001ECA012B2C3E9167283F8301083F8401083F864
S3150001ECB050101D661D67C3F88050C3F89050C3E914
S3150001ECC026022030C3E92A029348DFF87092C3F87E
S3150001ECD0B40000F56050C3F8C400A520C3F8D40001
S3150001ECE08E48C3E92E72C3F8E4000420C3F8F40089
S3150001ECF0302000FB08F88A48C144C3F80801032004
S3150001ED0083F80C01C820C3E93272C3E936C2C3E9EC
S3150001ED103AB2C3E93E92C3E94672C3F8A05083F8FA
S3150001ED20B01083F8C01083F8D01083F8E01083F890
S3150001ED30F010C3F8005183F81011C3F8140183F8D9
S3150001ED40201183F859616F4E7648C3F86461E52650
S3150001ED50C3F874616D4EC3F82401C3F884614FF0A2
S3150001ED6000404FF432764FF08048C3F83401C3F8BF
S3150001ED7094616D48644EC3E94E02C3E95202C3E988
S3150001ED804AA2C3E95AA2C3E95EC2C3E962B2C3E9B0
S3150001ED90667283F8301183F84011C3F85C2183F859
S3150001EDA0601183F8701183F8801183F89011C3F80C
S3150001EDB0A051C3F8448183F850E1C3E96A62083679
S3150001EDC0C3E96E62183EC3E97262A6F57D56083E36
S3150001EDD0C3E976622036C3E97A624F4EC3E97E7291
S3150001EDE0C3F8F46106F56056C3F80462A526C3F8B4
S3150001EDF014624A4EC3E98272C3F824620426C3E947
S3150001EE0086C2C3E98AB2C3E98E92C3F8B051C3F888
S3150001EE10C051C3F8D051C3F8E05183F8F01183F81B
S3150001EE20001283F8101283F8201283F83012C3F807
S3150001EE303462C3F840523A4DC3E99E02C3F84852C0
S3150001EE40032583F84C52C825C3F85452354DC3E9FE
S3150001EE509672C3F864524FF00045C3E99AA283F84B
S3150001EE605012A42283F8601283F8701283F880127C
S3150001EE70C3F8880283F88C1204F130001946C3F8EE
S3150001EE807452C3F8848201F0B1FFD4F8BC2204F1B4
S3150001EE9040039B0863F39F0225462346C4F8BC2220
S3150001EEA004F11402C3F8945005F118010435954292
S3150001EEB0C3F8D41103F11003F4D11920F6F788F938
S3150001EEC000F59200194B00F578508000B0FBF3F085
S3150001EED094F83231C4F8240143F0400384F8323106
S3150001EEE094F87232C4F8345143F0400384F8723214
S3150001EEF004F12C03C4F86402C4F874320DF5257DBF
S3150001EF00BDE8F08F296E0600448001B80300004079
S3150001EF1008002008548001B8C80A040003000080D4
S3150001EF20284000B8096E0600100002B800F0490238
S3150001EF302C8001B83C0102B8108001B86000045071
S3150001EF402DE9F84F82460C46174605F01EFF0028AC
S3150001EF5066D09AF82530DB0762D501F0C5FF9AF92C
S3150001EF60269005463CB94946FFF7F4FD002F4ED1E0
S3150001EF700020BDE8F88F0124DFF8B4B004FA09F6E1
S3150001EF80DBF818303342F1D14FF47062254B04FAA5
S3150001EF9000F8DA624FF42062A3F58053DA624FF487
S3150001EFA02C5122464846F6F77DFA302303FB05B578
S3150001EFB04FF4803340F6A202EB65DAF83031303394
S3150001EFC023F003032B67184BCBF82880C3F8348052
S3150001EFD0164BDB68C3F3036304FA03F1114211D143
S3150001EFE0022B1DD1124B09F110095C60DA6904FA92
S3150001EFF009F42243DA619A69164326439E61C3F8EE
S3150001F0004880B3E7094BDB68C3F30363E4E74FF4D6
S3150001F0100012084BDA614022074BC3F88421A7E7A7
S3150001F0200220A6E7006001B800200450000002B8E3
S3150001F03000000450002002B800E100E010B50446CB
S3150001F04005F0A3FE30B394F82530DB0722D501F095
S3150001F0504BFF94F92610FFF77DFD002294F8253029
S3150001F060C4F8302123F0010384F825300A4B1146F8
S3150001F07083F8C420094B20461A60094B1A6005F033
S3150001F0800FFE084A92F8493003F0010363F0730357
S3150001F09082F84930002010BD001E00B0183C002047
S3150001F0A0143C0020001F00B0024B1B6803B1184737
S3150001F0B0704700BF243C0020024B1B6803B1184770
S3150001F0C0704700BF203C002010B5FF224FF6FF71AC
S3150001F0D0044605F05DFE68B9FF224FF6FF71204632
S3150001F0E005F067FE30B92046BDE81040FF2202490F
S3150001F0F005F072BE10BD00BF608E02002DE9F04121
S3150001F1001C46184B05461E680F46904646B13068A8
S3150001F11001F0EAFFF3681BB1B368186801F0E4FF78
S3150001F120114B1B682BB1DA681AB19B68186801F09C
S3150001F130DBFF9DF81830640744EA08425B0503F0DB
S3150001F140BC6342EAC7621A432846084942F4C872B8
S3150001F15004F02CFC002228461146FEF723FC002071
S3150001F160BDE8F0815C870200E87202009007E12D9C
S3150001F17008B5FFF7DBFC88B1094BDA6912030DD537
S3150001F180186F10F4003009D19B6F13F0100F4FF078
S3150001F19010030CBF034A044A936708BD0220FCE72B
S3150001F1A0000002B8001002B8002002B838B50446C3
S3150001F1B0E8B1114BDA6912031BD55D6FC5F38115F1
S3150001F1C0032D12D0022D14D12A460C4B2146D3F819
S3150001F1D0B4300B489B1A9BB205F0F7FE0020064B94
S3150001F1E025729B6F1B0A637238BD0822EDE7212049
S3150001F1F0FAE70220F8E700BF000002B8001E00B0DF
S3150001F2003840005438B50546FFF790FC98B10B4BD2
S3150001F2101C6F14F400340ED10220094B094A1B68F5
S3150001F2201B6D90672246AB4214BF2846002000F0B2
S3150001F23093FA204638BD0224FBE700BF000002B85E
S3150001F240BC390020001002B82DE9F04FDFF8F88133
S3150001F2500446D8F800300D468DB02BB14FF00E0B99
S3150001F26058460DB0BDE8F08F05F08FFD10B94FF08F
S3150001F270020BF5E775B194F82530DB0706D50C22AC
S3150001F280294604F5987005F0B4FF30B1EA882B8958
S3150001F2909A4205D12046FFF7D1FE4FF0000BDFE77A
S3150001F2A0FFF7DAFB0128E2D12F68002FD6D017F03D
S3150001F2B00307D3D1AB88B3F5307FCFD301F014FE6A
S3150001F2C0FF28CBD094F92660002E08DA3846F6F7E7
S3150001F2D0F7F846B2002EC0F2A18084F8266000221B
S3150001F2E094F82530114623F0010384F82530204691
S3150001F2F005F0D6FC4FF400224A4B1A674A4B4B4A9B
S3150001F3001A604B4B4B4A1A6001F0EEFD3146FFF78E
S3150001F31021FCD8F80030A3B1A84658F8049B05F1A2
S3150001F32008034F46B4F82EA00393204638F8021F6F
S3150001F330FDF75EFA834670B151462046FDF758FA4D
S3150001F3408EE73D4B0E222046196805F0FBFC8346ED
S3150001F3500028E1D084E70090D4F8EC202046E18D26
S3150001F36004ABFEF741FF20469DF81620049906AB33
S3150001F37002F064FD83460028DED13049089BD1F8AE
S3150001F380EC20183722F07F6222F47F2222F40F62EA
S3150001F39022F00F021A43D1F80C3107996FF31303C8
S3150001F3A00B43E18D47F8181C069947F8083CBDF850
S3150001F3B0143047F8101C47F8043C039B47F80C2C03
S3150001F3C09845B2D151462046FDF712FA83460028E8
S3150001F3D07FF446AF31464846FFF71EFC5A460121E7
S3150001F3E0204605F05DFC164A04F59876C2F8C090F1
S3150001F3F082F8C5B095E8070086E80700114991F83B
S3150001F400492002F0010242F0200281F8492094F8D5
S3150001F410252042F0010284F8252021E74FF0210B37
S3150001F4201EE700BF001002B8183C002041EF0100A2
S3150001F430143C00203DF00100E4720200004001B8D6
S3150001F440001E00B0001F00B0203C0020431EDBB2AE
S3150001F450FD2B12D9FF280B6812D013F0802F1EBF87
S3150001F46042F20102084BC3F8282251F82020064B2C
S3150001F470C3F85022C3F8542270470128F5D100235E
S3150001F4804A681343E9E700BF004001B8F0B5164BDF
S3150001F49085B007460E4614460FCB8DE80F00134A7A
S3150001F4A06D46D2F84832D2F84C22591C08BF0023C7
S3150001F4B0501C15D0002B08BF13463EB1611EC9B2C0
S3150001F4C0FD290FD93360FF2C00D17260CDE90032DE
S3150001F4D029462246384605F015FD002005B0F0BD47
S3150001F4E01A46EAE7012CEFE7708E02000080E00F72
S3150001F4F0F0B51C4B85B0D0F8E8700FCB8DE80F0046
S3150001F500194B6E46D3F84842D3F84C52631C08BFD8
S3150001F51000246A1C12D0002C08BF2C463146FF205D
S3150001F520CDE90045FFF792FF00224FF0240CF96860
S3150001F5300E4E914204D1002005B0F0BD2546EDE7FF
S3150001F540BB680CFB02335868B04209D95B693BB111
S3150001F55018680130586808BF1C60013008BF5D603B
S3150001F5600132E6E7708E02000080E00F00CA9A3B86
S3150001F57030B50C4B85B005461870082378B90A4A90
S3150001F580C2F8FC3349B9094B0FCB8DE80F00084B84
S3150001F5902A4669461868FFF779FF05B030BD054A66
S3150001F5A0EEE700BFB6400020001002B8808E0200D0
S3150001F5B0BC390020002002B8014B1878704700BF03
S3150001F5C0B6400020124BD3F8E020D2031ED54FF4EB
S3150001F5D080321049C1F8E020A1F58051C1F8EC2034
S3150001F5E01A6CD1B2C2F30722C3F88010C3F8802087
S3150001F5F00422C3F880200022C3F88020C3F88020AB
S3150001F600C3F88020C3F88020C3F88020704700BF6C
S3150001F6100040005400600054F0220D4B016D9A64C5
S3150001F620A022A3F580539A64838E0120B3FA83F353
S3150001F630084AC3F11903DBB2C2F8C000C2F8983018
S3150001F6404FF40053C2F89C10C2F8BC30704700BF9B
S3150001F650006000B800400054F8B50D46174606464E
S3150001F66006F081FD01230421084C094A2363A760A2
S3150001F670E6602561C2F8E010064AC2F8843106F058
S3150001F6806DFD0DB102232363F8BD00BF0040005498
S3150001F6900060005400E100E00122044B1A6640F6C6
S3150001F6A0FF729963D863DA65704700BF0040005462
S3150001F6B02DE9F04F042A05460B4683B037D90126BA
S3150001F6C00978141F81615A7803F1040982619A78D5
S3150001F6D08261DB7883610368D0F808B003F0070321
S3150001F6E006339E4006F1FF3A47680AEA0B08A6EB85
S3150001F6F0080247F00057944207EB08000CD8494628
S3150001F700224604F031FD46EA0A0604EB0B023240BA
S3150001F710AA6003B0BDE8F08F4946019204F024FDCA
S3150001F720019A384609EB0201A21B4244E9E7013A74
S3150001F730032AEED8DFE802F00B08050213F8012BC5
S3150001F740826113F8012BAA6113F8012BAA611B78B8
S3150001F750AB6103B0BDE8F08F38B50C4615460146DE
S3150001F7600F4B60B101220F48C3F8C0202246FFF7B4
S3150001F7709FFF1DB104220A4BC3F8C02038BD64B1F6
S3150001F780D3F8A420A24284BF0122C3F8C0200222DA
S3150001F790C3F8A040C3F8C020EBE70122FAE700BF97
S3150001F7A0004000549840005438B5044606F0DBFC8E
S3150001F7B001211A4A638F054611663BB3B3FA83F3F7
S3150001F7C0C3F11903DBB2A069C2F89010936607234F
S3150001F7D0D066C2F88C304FF4A02302F50052C2F86D
S3150001F7E0E030A2F58052C2F8EC3000220C4B1A60D0
S3150001F7F00C4B1B6F5B0209D54FF480020A4B1A674B
S3150001F800D4F8A01094F8270001F0FEFD4FF4E02390
S3150001F8102846E363BDE8384006F0A0BC004000542A
S3150001F820283C0020000002B8002002B82DE9F84368
S3150001F83005460C46C1B1D0F81880478F06F093FCF7
S3150001F840B5F83CC0791EDFF8049101EA0C0323F0F8
S3150001F8500702032C0646D9F800E042445AD1BEF10C
S3150001F860000F04D106F07AFC0E20BDE8F8832EF0D5
S3150001F87001042EF0010EA64551D10023C9F800302E
S3150001F880238894426FEA43436FEA534323803CD172
S3150001F890EB8F08EB07091846083880B202F1080415
S3150001F8A04C4528BF4446082804D9B4F800E0BEF503
S3150001F8B0804F3ED263440F431B1A3B409BB2AB873A
S3150001F8C0E887118894781C4AC1F30C015164536787
S3150001F8D0C2F88C004FF48022184B04F00704C3F8D9
S3150001F8E0E0200122164BC3F88421FFF76BFE042C9E
S3150001F8F00BD14FF48002134B1B6F134B1A67D5F8CC
S3150001F900A01095F8270001F07FFD304606F026FC91
S3150001F9100020AAE7601E012898BF1446A9E7E88FD0
S3150001F9204344E31A48BFDB1908389842A8DC30463D
S3150001F93098E72246B0E700BF00400054006000543B
S3150001F94000E100E0000002B8002002B8283C0020D7
S3150001F950144B10B51968CA8F8B8F488F1344013821
S3150001F960073B8C69034023F007031C4402F108039B
S3150001F9700D4A9BB2CB87C2F88C304FF480220B4BD9
S3150001F980C3F8E02001220A4BC3F88421A07800F0D5
S3150001F9900700042803D1074AD3681B03FCD4064B8E
S3150001F9A01C6010BDBC3900200040005400600054AA
S3150001F9B000E100E0000002B8283C002010B5064C2A
S3150001F9C0216839B1CB0703D4044B1868FFF72EFF22
S3150001F9D00023236010BD00BF283C0020BC39002055
S3150001F9E04FF480320B4B0C49C3F8EC20A3F50053BE
S3150001F9F0C1F8E020D3F888109A6E012302F00702BD
S3150001FA0006329340C1F30C01083B994201D8FFF736
S3150001FA10D9BD704700600054005000542DE9F041F3
S3150001FA2006460C46478F1546D0F8188006F09BFB14
S3150001FA30B28F07F1FF3E02EA0E0323F00701032C02
S3150001FA40B6F83EC0414419D14A4C24689CB9624477
S3150001FA50073A02EA0E0222F0070208EB02044344C7
S3150001FA60E31A48BFDB19634510DB06F077FB002478
S3150001FA702046BDE8F08124F00104F0E7012C03D013
S3150001FA80022CECD1ACF1080C0C46E8E7002D36D07F
S3150001FA908C4237D1384A526CDFF8DCC0718ADCF807
S3150001FAA08870C7F30C079F423FDD2388B3F5804F6B
S3150001FAB0DBD2A77801F1FF3C07F00707C3F30C037C
S3150001FAC09B1A41EA0C0E052F2F7003EA0E0324D868
S3150001FAD01BB223EAE3776F80E7782F74F66902EAAF
S3150001FAE00C02B718AF609FB212FA83F38B4291BF33
S3150001FAF000238B1AAB80EE609CBFAF80EB6006F0F3
S3150001FB002DFBB5E7A4F10802904584BFFF0802EB7F
S3150001FB10C7021288C2F30C02BEE7184F7F6D003F81
S3150001FB2018BF0127A3EBC703D2E7DCF8403001F188
S3150001FB30FF3CA3EB020E41EA0C030EEA030EDFF8CB
S3150001FB4040800FFA8EF3002BD8F80C700FDC07F00B
S3150001FB507067B7F1407F14BF00270127FF002F70A0
S3150001FB60D8F87870A5F802E03F0A2F74B6E708279F
S3150001FB70F5E700BF283C002000400054004000B8D3
S3150001FB80000002B8134B70B51E68134B748A9D6C46
S3150001FB90621E1B6CADB292B242EA04015B1B0B40C2
S3150001FBA0191E18BF0121C90001700C492A40896F2D
S3150001FBB04380090A0174F169D618A64201EB0205D0
S3150001FBC0D2BF0021A31A9BB285608380C160002049
S3150001FBD070BD00BFBC39002000400054000002B8CF
S3150001FBE0054BA822D3F84C013121431C0CBF01203F
S3150001FBF0C0F38070FDF752B80080E00F38B5094DAB
S3150001FC000446286840F6C202003818BF01202B219D
S3150001FC10FDF744F8FA235C432B680A20B4FBF3F49E
S3150001FC20604338BD5C3C0020164B30B51A68431C56
S3150001FC30154B1FD0B2F1407F1CD3144CD4F80021D0
S3150001FC40154661F3050260F30505C3F8D020C3F834
S3150001FC50C850D4F804310E4A1A400E4B03EA50003C
S3150001FC6003EA510110431143074BC3F8CC00C3F813
S3150001FC70D41030BD00200146C3F8C800C3F8D00037
S3150001FC80F2E700BF0080E00F001F00B0000002B8DD
S3150001FC901FF087E1E0FFFF7F014B5880002070478E
S3150001FCA0B040002073B5564E0446317819B91C226E
S3150001FCB0544804F0F5F82378534A544C13704FF026
S3150001FCC0FC62C4F8FC204FF47F02FF21C4F808212E
S3150001FCD04F4A022B4F4D117033D1042307224E494F
S3150001FCE0C4F8FC23C5F8FC33C4F800114FF4C07105
S3150001FCF0C5F80011C4F8FC234FF48052C5F8FC3353
S3150001FD00C5F870214FF40052C4F87021C4F80831C7
S3150001FD104FF4FF13C4F8FC304FF4BB13C5F8FC30A5
S3150001FD208023C4F8703148F2C8023C4BC3F8D8208E
S3150001FD303B4B3C4A0020C3F8C02F0123337002B06D
S3150001FD4070BD394A012BC4F80021384B27D14FF435
S3150001FD50C072C5F80021D3F83802D3F83C12FFF778
S3150001FD6063FF0723C4F8FC330223C5F8FC334FF4C1
S3150001FD708053C5F870314FF40053C4F87031042331
S3150001FD80C4F808310DEB0300F5F7D8FB9DF80530F3
S3150001FD90023B012B9CBF8023C5F87031C3E7244A7F
S3150001FDA0C5F80021D3F83002D3F83412FFF73CFF2F
S3150001FDB00723C4F8FC330123C5F8FC338023C4F8B8
S3150001FDC070314FF4805301A8C4F87031F5F7B6FBD2
S3150001FDD09DF80530012B05D19DF8043053B948F241
S3150001FDE05D1309E0FBD9023B012B9CBF4FF4005385
S3150001FDF0C5F8703148F25813084AC2F8D83097E767
S3150001FE005C3D0020C41F00B0B0400020002002B8B5
S3150001FE10BA400020001002B8C0F10F00001F00B068
S3150001FE20001000B0303C0020C0F70F000080E00F4A
S3150001FE30C0F60F0010B5044601F086F80A4BD3F858
S3150001FE40F83724B983F40023C3F3C04010BD012C55
S3150001FE5005D103F4C023B3FA83F04009F6E7A31EE4
S3150001FE6058425841F2E700BF000002B86FF07F42E6
S3150001FE70154BD3F8FC37934208D0144A03F03F03DD
S3150001FE801370F123124A1370124A13701249134B5D
S3150001FE9009781A68A9B1B2F1A06F12D3D3F850123A
S3150001FEA00F4A104BB1F1FF3F18BF13460E4A1360BC
S3150001FEB041F66A020D4B1B68B3FBF2F30C4A136061
S3150001FEC07047084BF2E700BF000002B8BB400020B4
S3150001FED0BC400020BD400020B94000200080E00F5A
S3150001FEE05082E00FA48E02002C3C0020783C0020BA
S3150001FEF05C3C0020012807D0022802D030B1002046
S3150001FF007047034B18787047024BFBE7024BF9E742
S3150001FF10BB400020BC400020BD400020F0B5054696
S3150001FF2085B001AC0B220021204603F0B9FF95F8FC
S3150001FF303C110846FFF7DEFF95F82B30421ED2B280
S3150001FF40934228BF134600293AD0012936D11946D2
S3150001FF5004204FF00F0C374EB1FBFCF7F75D01386B
S3150001FF60C91BC9B28A4238BF002121540028F3D1E6
S3150001FF7005200F278DF80830B3FBF7F1715C0B44B0
S3150001FF80DBB2934228BF1346235401300B28F3D129
S3150001FF900F2605F1B401E03514F8013BB3FBF6F287
S3150001FFA0501CC2EB02129B1A0133DBB2C0B21B0416
S3150001FFB043EA005341F8043F8D42EDD105B0F0BD4F
S3150001FFC0194604204FF00F0C1B4FB1FBFCF6F6B29D
S3150001FFD0BE5D0138891BC9B28A4238BF002121544E
S3150001FFE00028F2D105200F268DF80830B3FBF6F173
S3150001FFF0795C0B44DBB2934228BF1346235401308C
S315000200000B28F3D10F2605F1B401E03514F8013BB4
S31500020010B3FBF6F2501CC2EB02129B1A0133DBB29F
S31500020020C0B21B0443EA005341F8043F8D42EDD1AE
S31500020030C4E700BF9D8E0200908E020038B5284BA1
S3150002004005461A7827490D2A02D1FF20087038BDC5
S31500020050104604F0EFFF04461046FFF74BFFA84296
S3150002006028BF2846C0B2A04238BF20460B78C0B28D
S315000200708342ECD0087088B1431EDBB2022A1A49C9
S315000200800ED14FF0FC62C1F8FC20A1F50051D1F867
S31500020090FC2042EA4353C1F8FC30D8E70346EDE7B9
S315000200A0124A134C1268B832C4F8C02F4FF47F02BA
S315000200B0C1F808210F49CA6FD202C8D40F22B3FB76
S315000200C0F2F2551CC2EB02129B1A0133D1F8084117
S315000200D01B0443EA05532343C1F80831B7E700BFBF
S315000200E0B0400020BA400020002002B8BC390020EF
S315000200F0001000B0000002B82DE9F04F90F83C5114
S315000201000746D0F8B41087B04DBB1F2938BF1F2150
S3150002011009398C4B8C4E1A6A4C233068C2F3821210
S31500020120D34003F0010A8842534697F82B4087488A
S31500020130DFF83CB2DFF83C9216D190F800C0D44505
S3150002014012D19BF800C0AC450ED1814A92F800C08C
S31500020150A44509D1B9F8040007B0BDE8F08F032918
S3150002016038BF03210239D4E7FF2C3160037015D161
S31500020170284604F05FFF8046764CBAF1000F1ED087
S31500020180D7F8F000002800F0CF800368082B40F271
S31500020190CB8090F83880002D5BD016E099F80000ED
S315000201A0FFF7A8FE00F1FF38A04528BFA046B8F128
S315000201B0010F38BF4FF001085FFA88F8DCE7012D1E
S315000201C02CD0022D01D0D5B3D04640F2712223683D
S315000201D008EB0826B3FBF2F319224B43B3FBF2F307
S315000201E04146012205A8059308EB062604F0FEFE09
S315000201F04FEA4808B8F1030F38BF4FF0030804026C
S3150002020044EA0014A8F10308044300F01F0008FAA8
S3150002021000F0FFF7F3FC00F5FA685FE00F23B8FB86
S31500020220F3F35A1CC3EB0313A8EB03030133DBB24C
S31500020230D2B21B0443EA0253C3F30748C5E70F23AE
S31500020240B8FBF3F344480133006850FA83F313F81A
S31500020250018C40F2712324684FEA0846B4FBF3F49A
S3150002026019234C43B4FBF3F40294BAF1000F5ED1A6
S315000202703A4B5246A3FB041303A8A8F14001039389
S3150002028004F0B4FEDDF80C80354BA4EB0804A3FBA6
S31500020290041352463021009004A8049304F0A6FEEB
S315000202A0049B8246E41A0122102105A801930594B3
S315000202B004F09CFE009B46F480461C02019B44EA25
S315000202C00A14044308EB0300059B46F01006184483
S315000202D0FFF794FC00F50C5808F1280840F6FF7267
S315000202E0204B4046C3F8C020A3F58053C3F8C04054
S315000202F0A3F580531C4CC3F8C460C4F8008002F016
S315000203003BF84FF47A72194B4042986523681049BC
S31500020310B3FBF2F3A9F8043097F82B30B8FBF2F0EE
S315000203208BF800500B7017E74FF0000833E70022F6
S31500020330414602A804F05AFE040244F0110402984F
S31500020340C6E700BF004001B8A44000205D3D002082
S31500020350B7400020783C00202C3C002069C2F5689A
S31500020360911E856B006001B8603C0020001F00B042
S31500020370B8400020B0400020014B1870704700BF03
S31500020380B940002010B50446FCF71AF978B1174BAC
S315000203901B786BB964B1164B1B784BB1154B1B78A6
S315000203A0013B012B04D84FF40042134BDA6710BD10
S315000203B0124BDB6F1B04FAD405F0D5FE4FF4004254
S315000203C00F4B0446DA67A3F5A0435B682BB1FDF732
S315000203D003FF10B1022004F047FE0222094B204619
S315000203E0BDE81040C3F8842405F0B8BE5E3D002087
S315000203F05F3D0020643C0020002002B8000002B8E5
S31500020400001002B800D003500122024B00201A70DD
S31500020410FFF7B8BF5E3D00200022024B01201A7092
S31500020420FFF7B0BF5E3D002037B50446354D00F0FC
S315000204308BFD354B00201C702B78002B0CBF002443
S3150002044004F00104FFF79EFF2B78013B012B08D82D
S31500020450EB7B01A88DF804302B7C8DF80530F3F781
S31500020460E7FB0022294BC3F88424002C42D06A6899
S31500020470002A35D0264B1B6803EB5203B3FBF2F37B
S31500020480013B1B0243F0F8032A78022A2AD0032AE8
S315000204902CD0012A31D1072243F002034FF6FF7016
S315000204A01C49C1F88400A1F58051C1F88430174B6C
S315000204B0C3F8842493070BD5EB7B01A88DF804308F
S315000204C02B7C8DF80530F3F7A1FB0120FFF75AFFCD
S315000204D04FF080439CB1104A0020D36703B030BD71
S315000204E0F823D1E7062243F00103D7E7042243F0BB
S315000204F00503D3E72246F823D0E70022CEE7074AD0
S31500020500EAE700BF643C00205F3D002000C00350C4
S31500020510783C0020006000B8001002B8002002B843
S31500020520F0B5284F06463D4604460FCE85B00FC5A8
S3150002053033682B6000F008FD0022234BC3F88424A5
S31500020540A17A627A42EA0142C3F89024217CE27BD4
S3150002055042EA0142C3F88C24217B627B41EA0240D3
S31500020560C3F888043B78032B29D8DFE803F022027C
S315000205700C178DF8041004218DF805200DEB0100EF
S315000205800022F5F74FF8E37B00228DF80830237C32
S31500020590042102A88DF80930F5F744F8637A01229E
S315000205A08DF80C30A37A042103A88DF80D30F5F7E7
S315000205B039F8064B1878FFF737FF002000E02120B4
S315000205C005B0F0BD643C002000C003505F3D002032
S315000205D0034BDB6F002BBCBF024BC3F8880070478E
S315000205E0000002B8004000B8084B1A6C0A2A81BF04
S315000205F05A6D4FF0FF3302F00F02934083BF9843C8
S31500020600B0FA80F040090120704700BF00C001B86F
S315000206102DE9F04704F08BFD4FF47A752F4BB0FBB2
S31500020620F5F518604FF4FA736B4307462C48190E1A
S315000206301B0218182B4A4FF0000341F1000103F088
S315000206400DFA294BA0F5807182460246196330B92C
S315000206504FF0010A4A222B21FCF720FB52464FF4A7
S315000206607A735A4329020023500803F0F7F91E4B06
S315000206701E4AB7F57A7F9A601D4B4FEA0A661960E1
S315000206801C4BA9468846044618604FEA1A2A06D227
S3150002069001259D222B210020FCF700FBA9464FF4E1
S315000206A07A73A6FB030103FB0A116D0840194FF08A
S315000206B0000341F100014A4603F0D0F90E4B023421
S315000206C019600E4B48F10008A408186044EA8874C1
S315000206D0054B013C9C63BDE8F08700BF783C0020D7
S315000206E020A1070040420F0000C001B8021101001C
S315000206F0883C0020843C0020803C00207C3C00207A
S315000207001022044BC3F884215A600122024BDA609C
S31500020710704700BF00E100E000C001B810B5044612
S31500020720A242A2EB0000A3EB010104D2034B013962
S315000207309B6B0133184401F0030110BD00C001B8E0
S3150002074038B501250A4B02019D504FF480730446C9
S31500020750084A8340536605F006FD074AA54013780A
S3150002076023EA05031370BDE8384005F0F7BC00BF65
S3150002077000E101B800E001B8693D00202DE9F84F1B
S31500020780164604468A461F4605F0EDFC022E00F088
S315000207909280804605F0F0FC604B614AD3F82090C7
S315000207A0157D5A6EEDB2520744BFD3F8209001353B
S315000207B005F0030505F0DBFC4846294600F038FA49
S315000207C08446DAF80000012E04BF01306044ACEB27
S315000207D0000C08BFCAF80000BCF1804F7ED300F0BF
S315000207E03BFA8145A1EB050188BF4C4BDFF854E18A
S315000207F088BF01F1FF3101F0030188BF9B6BA0EBBB
S31500020800090C0EF80410A1B1F90742BF41F61F7296
S31500020810444B5A67BA0742BF424B434A5A677B0761
S3150002082042BF00223D4B9A673D0742BF00223B4B27
S315000208309A6511254FF0010A384B04F11002120194
S3150002084003EB041BCBF80C0138499D501A6A0AFACD
S3150002085004F5586E0B78A2EB0902EDB22B43624502
S315000208600B704FEA041925D34FF48073A340034259
S3150002087020D11EF80420002A4BD10EB32C4AF807C9
S31500020880536607D541F61F7140F20110254B596791
S3150002089050675967B90706D5224B234A244925488A
S315000208A05A6748675A677A0742BF0122224B1A6182
S315000208B03B0719D4404605F051FC0120BDE8F88FEC
S315000208C01E4A42F809A042F89C3C05F04CFC174926
S315000208D00B7823EA05030B7005F040FC404605F051
S315000208E03DFC0020BDE8F88F2120FFF771FE4FF492
S315000208F080310A4A124BD1601A78002ADAD00022D5
S315000209002D201A70FFF764FE1022094B40465A66E4
S31500020910D1E7074A40465366CDE700BF00C001B89B
S31500020920203D002000E001B800001F1F693D0020A5
S3150002093000D001B800000101000002B800E101B8D0
S31500020940603D0020613D0020034B10300001185825
S3150002095000F00100704700BF00C001B82DE9F04168
S315000209609DF818800D46B8F1000F08BF0022214EEF
S31500020970B5F5803FB168074621F4700141F4A00144
S31500020980B1609DF820409DF81C104FEA042444EA09
S31500020990016444EA031444EA084444EA02044FF0B8
S315000209A018014FF436722CBF002001207465FCF743
S315000209B075F93564B8F1000F1AD00F4BBC68D3F83D
S315000209C088305A2C38BF5A245B0606D500F074FCD0
S315000209D018B10A4BB3FBF0F31C44204600F03CF975
S315000209E00130854238BF0022024B34BF5A64586434
S315000209F0BDE8F08100C001B800C000B800093D00A2
S31500020A00F7B52B4F3D6E01F067FE04462846FFF709
S31500020A10EBFD7B6C06460BB100283AD0102720204E
S31500020A20FFF7D6FD234B9F606CB100220020082100
S31500020A30FDF7F4F98022204B5F66A3F580531F670A
S31500020A4003F540531A6102F08BFB20221B4BC3F8BD
S31500020A50842101231A4A8DF80730D36813F0706F88
S31500020A60FBD09DF807306BB91CB116B10122154BAC
S31500020A701A700F4B144A1D665A6741F201429A6771
S31500020A8003B0F0BD0DF107010DF10600FEF73AF8CD
S31500020A90E7E7002CEDD00D4B074A5366A2F58052CC
S31500020AA013672846FFF7A0FD0028E2D03D6EF8E75F
S31500020AB000C001B8001002B800E001B800E100E091
S31500020AC0000002B8603D0020011B01181000002042
S31500020AD010B504462120FFF77BFD1CB14FF480328E
S31500020AE0064BDA60064B1A783AB100222D201A70AC
S31500020AF0FFF76EFD1022034B5A6610BD00C001B807
S31500020B00603D002000D001B8F8B5184D04462B6AA6
S31500020B101B0426D500F01CFC2B6AA0FB044613F02E
S31500020B20787F4FEA9367C3F34450C3F3044505D174
S31500020B3040F239422B21FCF7B1F80120AD01B5FB99
S31500020B40F0F010EB871005D140F23E422B21FCF764
S31500020B50A5F80120024600232046314602F07EFF18
S31500020B60F8BD00F0A9FBA0FB0401F9E700C000B83C
S31500020B700246012030B50B4CA0F12003C0F120053E
S31500020B8024FA05F504FA03F32B4304FA00F5954219
S31500020B908B4100D330BD0F2801D00130ECE7FF2096
S31500020BA0F8E700BF40420F0000220B4B40F0100056
S31500020BB01A700F22094BC3F88820A3F58053C3F895
S31500020BC08800A3F580531B6ADBB2802B02D008464D
S31500020BD000F0F4BB704700BF603D002000E000B8A3
S31500020BE038B505F0C9FA084B084A1D6A147D5A6ED3
S31500020BF0E4B2520744BF1D6A013405F0B8FA28462A
S31500020C0004F0030138BD00BF00C001B8203D00203A
S31500020C100346064A103302EB00111B01D1F80C0100
S31500020C20D158C1F3400104F02ABA00BF00C001B88E
S31500020C30074B084A1B6810B54343146803EB8173DC
S31500020C4000224FF00041E4FB0012981810BD00BFCD
S31500020C50803C00207C3C00200C4A20F040430146A8
S31500020C6010B5002014684FF00042E4FB0320084A46
S31500020C70890F126802FB0300064B9B6B984204D94C
S31500020C8001330131C01A01F0030110BD843C00207A
S31500020C90883C002000C001B8044B01F0F07110300E
S31500020CA041F0030100011950704700BF00C001B8AE
S31500020CB008B52220FFF78CFC4FF48022014BDA6044
S31500020CC008BD00BF00C001B808B5064B4FF0304062
S31500020CD01A680549920003F047FABDE8084001F098
S31500020CE09DBC00BFD88E0200DC8E020070B50C6877
S31500020CF0651C15D0C4F302669E42C4F3074530D183
S31500020D00A4B294422DD804EB8506B24229D2141B12
S31500020D10A50824F003040E59340F04D0012C08D080
S31500020D200022212402E06B1C51F82320C0E9002492
S31500020D3070BD0E4C34F8133042EA03431A686B1C3A
S31500020D4051F8234001EB83014B6822405E4036F0A6
S31500020D50704404D11B0F032B04BF8B681A43002473
S31500020D60E4E7013501EB8501C1E700BFB88E020059
S31500020D7007B501A8F4F7E2FB4822164B5A65164A54
S31500020D80D2F8D43023F4FC33C2F8D430134B1B68A8
S31500020D909DF80530023B012B19D84022104BC3F8AF
S31500020DA0FC23104BD3F85C32DBB2FF2B00D10623B7
S31500020DB0094A1B03D2F8FC139BB20B43C2F8FC335D
S31500020DC0D2F83021084B1A6003B05DF804FB01F03B
S31500020DD051FAECE7008001B8000002B8002000B02A
S31500020DE0001002B80080E00F1C3C00202DE9F047FD
S31500020DF0074688461446234D234EDFF894A088B052
S31500020E001CB9204608B0BDE8F087B4F5006F4FF074
S31500020E1010024FF000016846A14628BF4FF4006950
S31500020E2003F03EF808238DF8003009F1FF339BB238
S31500020E30009A1B0143F0036332402B4013431022F6
S31500020E4000210DEB0200CDE90038029703F028F8E5
S31500020E506B469AF800100D4804AAF4F7F4FB9AF8C8
S31500020E6000100A48F4F72AFCA4EB090408EB8908E7
S31500020E7007EB89079AF80010044805F096F900284E
S31500020E80F8D0BDE7F07F300C0F80CFF3000004509E
S31500020E90BE40002008B5054B4FF030401A680449A1
S31500020EA0FFF7A4FFBDE8084001F0B8BBD88E0200E8
S31500020EB0DC8E020010B5044605F055F9064B074ACA
S31500020EC01C70074BFF2C08BF1346064A136005F039
S31500020ED045F9002010BD00BFBE400020C90C02002B
S31500020EE0950E0200A8400020014B1878704700BFFB
S31500020EF0BE40002000224FF400710F4B10B51A6756
S31500020F005A679A670D4AD162012102F5E8325161A8
S31500020F10DA6812F0706FFBD14FF0304201245A6644
S31500020F2002F5FC5208329C66DA64054B1B68984748
S31500020F30044B5C6110BD00BF000002B8004000B85F
S31500020F40A8400020002002B801230F4A0F49C2F828
S31500020F5080328A6A22F002028A620D4A53600D4A80
S31500020F6053600D4A5360A2F580425360A2F5404297
S31500020F70536002F5C032536002F580425360A2F517
S31500020F8000425360704700BF0080005000C000500E
S31500020F9000D000B800500054005001B808B5FFF761
S31500020FA0D3FF0D4B0D4ADA6701F05CF9FFF7E0FE5D
S31500020FB003220B4BC3F8E02000F0E8F94FF460720D
S31500020FC0084B5A614FF40072DA67FEF7F5FABDE88C
S31500020FD008400021FEF7CCBA000002B80048F00033
S31500020FE0005001B8001002B82DE9F04F804687B0D4
S31500020FF002900D4655F8044B631C08D1029BC8F8B3
S315000210000040A8EB0300801007B0BDE8F08F5FEA4E
S31500021010147B18BF0122324BC4F3016A33F81A104B
S3150002102008BFC4F307424FEAC209A4B22D4B44EAF1
S31500021030014409F104014144994241D398453FD8FC
S315000210400020E1E7059B23BB072017F0420F20FA99
S315000210500AF000F001002BD117F0280F20D1002250
S315000210602244BBF1010F46F8082C4FF0FF3218BF9D
S315000210700022019B043453F8041B08364A4046F802
S315000210800C2C0193049B9C42DCD10399C84429444D
S31500021090AFE740F6F30232210020FBF7FFFDDEE761
S315000210A040F6F7023221FBF7F9FD4FF48052D7E7FB
S315000210B040F6FC023221FBF7F1FD4FF40052CFE776
S315000210C09300039304EB82030493012303FA0BF7C1
S315000210D007F0940308F1080601950593D2E700BFCD
S315000210E0B88E0200003000B0F8B50546F0B1002611
S315000210F0154B34461F46154953F8042BBAB9A000BE
S3150002110000F13040294600F50150FFF76DFF30B976
S3150002111040F6A8223621BDE8F840FBF7BFBD0C4BCE
S315000211200134044447F8265023F81640F8BDAA4273
S31500021130FCD001360C2E02D031F81640DCE740F620
S31500021140C22236210020E6E78C3C0020363D0020F4
S31500021150383D002070B5C0B100296ED0002213467A
S315000211603749384C51F8045B85420FD136498A68B3
S315000211709206FCD49B00354A03F1304303F5015332
S31500021180C2F8B0302022324B9A6070BD01320C2A6E
S3150002119053D034F81230E5E71FD142680830C3E96C
S315000211A000120268531CF0D0C2F3016334F8131024
S315000211B012F47E0F93B243EA014313D00430C2F312
S315000211C00742022A0168E7D946688568033AC3E9F5
S315000211D000169D600C300C33F3E7012AE1D104308E
S315000211E01960DEE7120F00F108054068072A09D8E0
S315000211F0DFE802F007040A0E1114191EC04303F5B4
S31500021200005318602846CCE71A6842401A60F9E78C
S3150002121003F58053F5E703F027FFF3E7012203F511
S3150002122080538240F2E7012203F500538240EDE744
S315000212301A6830EA0202FBD1E4E7064CB1E700BFC6
S315000212408C3C0020363D0020000002B8001E00B093
S31500021250001002B8B88E02000B4B1B68D3F8F030B0
S3150002126023B11A68022A01D9186A7047074B9A6D88
S3150002127090B238B1064BC2F307421B68DB085343F0
S31500021280B3FBF0F0704700BFBC390020004001B844
S31500021290783C0020064BDB68C3F30363984206D111
S315000212A0044AD36B23F0F00343EA0111D16370477A
S315000212B0000002B8001F00B0054B1B68D3F8F030DF
S315000212C013B11A680A2A01D8FFF7C6BF186C70470D
S315000212D0BC3900202DE9F347054603F0BEFE002780
S315000212E08046194EDFF864A004F03DFF0DF10701B8
S315000212F081460DF10600FDF705FC9DF806300BB39D
S31500021300DAF80C3013F4603F1CD0DAF8100003F060
S3150002131010FF04466B1C03D003F09FFEA0EB0807E8
S31500021320484604F01BFF14F5007F07D19DF80630EE
S3150002133013B99DF807300BB1AF42D5D3204602B0A0
S31500021340BDE8F0873446E5E700FEFFFF00C000B8BF
S315000213500B4A10B5136E0B4C116E03F00703E35CD8
S31500021360C1F3CD0101FB0333126E0748C2F34542B6
S3150002137002FB033300688001B0FBF3F010BD00BF2F
S31500021380004001B8B08E0200783C00200122014BD9
S31500021390DA677047001002B80122014BDA6770471C
S315000213A0002002B84022014BDA677047002002B8DB
S315000213B04022014BDA677047001002B810F1800F25
S315000213C004D04D28CEBF7F20323040B2FF22034BDD
S315000213D0C0B21A62A3F580531862704700E000B8E3
S315000213E0084910B5D1F89C3040B11C46CA68D1F8FC
S315000213F09C309C42F9D1C2F30362027003F00F00E3
S3150002140010BD00BF000002B8064B01F080011B6F41
S3150002141003F480030B4302BF4FF40012024B1A621D
S31500021420704700BF000002B8006001B810B504F0B2
S315000214309AFE0E2104460320FFF72CFF40F20122FA
S31500021440034B2046BDE81040DA6204F087BE00BFB7
S31500021450004000B8124B197809BB124A106A58604C
S31500021460D2F88800D860526E1A610F4AD068986125
S31500021470D06BD861D2F8B4001862D2F8B8005862BC
S31500021480106B9862506BD862926B1A6301221A70C3
S31500021490064B074AD3F8A0001060C3F8A0107047A5
S315000214A0C03C0020004001B8004000B8001E00B059
S315000214B0BC3C0020164B1A784AB35968154A116289
S315000214C0D968C2F88810196951669969A2F58032FD
S315000214D0D160D969D163196AC2F8B410596AC2F8DF
S315000214E0B810996A1163D96A5163196B9163012124
S315000214F002F5005291641021A2F58052C2F88410BE
S3150002150000221A70044B1A68044BC3F8A0207047D5
S31500021510C03C0020004001B8BC3C0020001E00B0C8
S31500021520194A38B5136A03F4E071C02921D003F0D1
S31500021530C003802B23D1154B154A01255A6630224A
S3150002154003F580535A660522A3F59033DA6003F554
S3150002155080539D6404F007FE04460E4B29461D6126
S315000215600D4B00205B6898472046BDE8384004F0E2
S31500021570F5BD23F4E07343F080031362DBE7002337
S31500021580C2F88830D7E700BF004001B8005001B862
S315000215900F00FFFF000002B890400020012838B576
S315000215A001D0042831D11E4BD3F8B42022F4804254
S315000215B0C3F8B420D3F8B82022F48042C3F8B82086
S315000215C00122DA6324221A634FF480725A634FF4BB
S315000215D09C729A63102203F50053C3F884200522F5
S315000215E001250F4BDA6003F580539D6404F0BBFDC1
S315000215F004460C4B29461D610B4B00205B6898473D
S315000216002046BDE8384004F0A9BD3F22074B062814
S315000216105A660CBF064A074AA3F580535A66DEE7A6
S31500021620004000B8000002B890400020006001B8F7
S315000216303800FFFF1200FFFF4FF604014FF60502C6
S31500021640044B01201B6C9BB28B4208BF1346024A15
S31500021650136670470080E00F00C001B82DE9F84319
S3150002166004F081FD0C224FF0B04700212B4C2C4D8B
S31500021670637C06465A433A441163D5F8708029675B
S31500021680D5F8000194F810C0E06026480233C0F88D
S315000216908CC00320C5F80001012000FA03F322489A
S315000216A043614FF48070214B586602203B6A013336
S315000216B0A3605363106301333A6A00BF00BF00BFE1
S315000216C000BF00BF00BF00BF00BF686E10F4807984
S315000216D015D19342F0D139B1304604F03FFDCD2207
S315000216E01A214846FBF7DAFA0C21627CA3684A43C0
S315000216F0023302F1B042A36001215363DBE74FF4E8
S3150002170080720A4B30465A660122C5F87080C3F8C9
S315000217100021BDE8F84304F021BD00BF203D0020B2
S3150002172000C001B8008003500020005800E001B854
S315000217302DE9F74F81460E464FF0FF34FFF750FA78
S31500021740002501908A46A0462846DFF8D0B005F16A
S3150002175010031B015BF8037007F00307012F15D175
S315000217602846FFF755FA02460B4601985146FEF700
S31500021770D5FFDBF8643005F10802D340DB0736D526
S31500021780002E3DD00024A046356038460135082D8E
S31500021790DDD148B300221146204DAF68AB6B013351
S315000217A0E8FB034107F44033B3F5003F30D16B6BDE
S315000217B007F44057013342F10006B7F5805F22D1A4
S315000217C02D6B15F5807505FB06F642F1000203FB4B
S315000217D00266A5FB03323244594304FB0212A3FB01
S315000217E004342244C9E9003203B0BDE8F08FA042B6
S315000217F071EB0803C9D206B1356004468846C4E7D0
S315000218003446B046C1E7320242EA13621B02E3E7FC
S315000218102B6B13F5807342F10002DDE700C001B8BD
S3150002182008B503F0B5FC044B5A7C012302329340FF
S31500021830024A536108BD00BF203D00200020005827
S31500021840FF2870B53ED0FF2938D00B2834D802299C
S3150002185032D81F4C1F4B617441F44021207441F46D
S315000218604071063043F820101B4B1D6803F07DFCC7
S315000218706E08ED07024600232846314602F0EEF8CE
S31500021880090241EA1061C0F3C05040EA4100134B1D
S315000218902060186B10F5807005D14FF4D7722B219A
S315000218A0FBF7FCF90220024600230020012102F088
S315000218B0D5F86060002070BD2120FCE70B28FBD81C
S315000218C00021C6E7FF294FF00700C0D1F8E700BFA5
S315000218D0203D002000800350783C002000C001B863
S315000218E010B504F040FC0446FFF7B8FE0222054B91
S315000218F02046BDE81040DA600122034B1A7004F05C
S315000219002DBC00BF00C001B86A3D00200C490B780F
S31500021910ABB10C4B5A7C0123023293400A4A9361C3
S3150002192053614FF48062094BC3F8802100230B7088
S31500021930074BD3F80C01D3F8041100F0ABB870478B
S315000219406A3D0020203D00200020005800E100E012
S3150002195000C001B810B5044603F007FC6043044B0F
S3150002196000F5F42000F59070B0FBF3F010BD00BF57
S3150002197040420F002DE9F74FFFF7ECFF044604F053
S31500021980F2FB00213C4D064668462970FFF7D0FE61
S315000219904FF0B0431F6A394BDB6813F0706F1ED1EC
S315000219A0374B5B6913F0060A19D1F0B1DFF8DC8018
S315000219B0611DD8F80000A1FB00B903F0D6FB53461F
S315000219C002464946584602F049F8DDE9009A0902FC
S315000219D041EA10610002484571EB0A010DD3304617
S315000219E003B0BDE8F04F04F0B9BBFFF737FE0222A1
S315000219F0234BDA6001232B70F1E7FFF72FFE03F08A
S31500021A00B4FB4FEA192141EA0A61A0FB01B9D8F8F1
S31500021A1000204FEA1A2A00FB0A9912B903F087FB43
S31500021A20024600235846494602F018F84FF00C0EBB
S31500021A300122DFF85CC001349CF811303F1B991C6F
S31500021A400EFB03F38A400F49074403F1B0434A6190
S31500021A505F630D4F241ABA614FF0B0473F6A5B6B62
S31500021A60FB1AA342C3D2DCF80C00054BC3F80001F3
S31500021A708A614A61B3E700BF6A3D0020000002B8EE
S31500021A8000C001B80020005800100058783C002021
S31500021A90203D00202DE9F74F0C228D4C0191637CED
S31500021AA08C4E5343002203F1B0431A63217C8A4BC6
S31500021AB00546C3F8AC104FF40031884B90461961C5
S31500021AC00223F3604FF0B0431B6A5F1EDB1B002B41
S31500021AD040F3E88008F10108B8F1020F69D9EC2257
S31500021AE00D210020FBF7DAF84FF080527C4B794E3D
S31500021AF05A66E2684FF00008C6F800214FF4003239
S31500021B001A61754BC3F8AC800C23627C5A4302F10E
S31500021B10B042C2F8308004F026FB434641464FF4F9
S31500021B20807E376AD6F864C003F110021201B258F9
S31500021B3002F00302012A10D10EFA03F212EA0C0F86
S31500021B400BD106EB0314BD42D4F80C4100F2BA8065
S31500021B50A54202D2A74280F0B8800133082BE3D116
S31500021B60604C2268012A08D85F4D2B78142B02BFDD
S31500021B7000235E4E337001332B70A9B1544D012AF6
S31500021B806B8A43EA01036B82544B59660CD8574958
S31500021B900B780133DBB2022B0B7005D10023013225
S31500021BA02260514A0B70137003B0BDE8F04F04F087
S31500021BB0D5BA4FF00C0A4FF00009637C0AFB03F317
S31500021BC003F1B043C3F8309004F0CDFA4FF08053DE
S31500021BD0434A53664FF0B04394F811E01F6A0AFB7A
S31500021BE00EF3013703F1B0435F63316BB368DB0376
S31500021BF04ED5A2682368BA1AA2FB03A2D4F804B08F
S31500021C00AAFB0BC3CC46E2FB0B3C01F58079A9FB90
S31500021C10031B09FB0CBBBAEB010162EB0B02090ABF
S31500021C2041EA0261019A1144B1EB192F4FEA1922D6
S31500021C3003D301334CF1000C891A043A8A4228BFB5
S31500021C400A46EB18B261227D4CF10001D6F820C09B
S31500021C50D2B26545D6F838C084BF02F1FF32D2B29D
S31500021C60BCF1FF3F0ED04FF0000A0CF101099C4572
S31500021C707AEB010B08D20132B3EB0903D2B261F15E
S31500021C800001F4E70A44D2B202F00302227533627B
S31500021C900C2303FB0EFE02230EF1B04ECEF83030BB
S31500021CA004F05CFA4FF0B0431B6A00BF00BF00BFEE
S31500021CB000BF00BF00BF00BF00BF726ED2007FF53B
S31500021CC005AF11E7A542BFF445AF0A4391B244E717
S31500021CD0203D002000C001B80080035000D001B8AA
S31500021CE000E001B8E83B00206C3D00206B3D00207F
S31500021CF037B50446FFF728F9E17822791B4841EA0D
S31500021D000243C0F8CC34E579A37943EA0543C0F827
S31500021D10D03423784BB18DF8041004218DF80520B8
S31500021D200DEB01000022F3F77DFC63785BB1042121
S31500021D30A37900228DF80430E3790DEB01008DF8CA
S31500021D400530F3F76FFC227801235AB1084AC2F82C
S31500021D50C834627802233AB1054A0020C2F8C83470
S31500021D6003B030BD034AF2E7024AF6E700C0035069
S31500021D7000D0035000E0035070B52B4B0D461A7885
S31500021D8012B92A4A926D1A70294AD26F520549D55A
S31500021D901C78284B04F00F06B0FBF3F040434FEAE1
S31500021DA0141405D140F289622B21FAF777FF01203C
S31500021DB0214A0A217243B2FBF0F34843B3FBF1F620
S31500021DC002EB5002B2FBF0F201FB1633042BD2B245
S31500021DD01BD8C3EB8311C3EB81035BB2002B14BF89
S31500021DE06FF0040105210B440A2193FBF1F31C4415
S31500021DF0E3B264B20F2C0FDD013AD2B2053B5CB2FC
S31500021E00002042EA04122A6070BDC3F10A0303EB02
S31500021E1083030521DBB2E6E7002CF1DA0132D2B206
S31500021E200533ECE70220EFE76D3D0020008001B8A4
S31500021E30000002B8403B2500809698004FF0000C47
S31500021E402DE9F84FA2FB0179C94EDFF860E3BE190E
S31500021E50984669F10003B6457CEB030308D240F2CB
S31500021E6043220E216046FAF719FF0220BDE8F88FD9
S31500021E70D0F8F0A00C461546BAF1000F04D0DAF8F5
S31500021E800030032B00F21881BA4BBB4A9E6BA3F5B6
S31500021E908043D3F8EC30C6F314065900B74B48BF5B
S31500021EA046F400161B6ED2F8FCA05A074EBF4FF43A
S31500021EB040039B0503F0E07346EA45661E4303F0C2
S31500021EC011FE012D8346D0D10028CED0AC4B9842CC
S31500021ED000F0008103F5122303F5F863984200F03F
S31500021EE0FD80A84B984200F025810246002300207F
S31500021EF04FF0007101F0B2FD0130A7FB007200FB4A
S31500021F000922C6F31303A3FB0B3B20329209C8F83E
S31500021F100020DB0C9C4A43EA4B33F502146058BF9F
S31500021F205B429A4A9A4DC8F814401C4413602C60CE
S31500021F30BAF1000F00F0BD80F001964A83EAE37021
S31500021F40A0EBE370C6F38153D75C4FEAE07E47F31A
S31500021F50401100FB01F14FEA876707FB0E11A0FB58
S31500021F60070748BF64084FEA540C10EB0C004FF009
S31500021F70000341EB0701224601F070FDDAF800305A
S31500021F800E2B08D97D4B7B4A926BD969D3F80C315B
S31500021F90C90600F1C680B3024CBFC42140F2071144
S31500021FA0C0F31300C8F804007B48DAF81820A0FB37
S31500021FB00460400901FB00F04FF4FA73B0FBF2F043
S31500021FC000FB03F3FA33A4FB0116A3FB02328B4296
S31500021FD0B24138BF0130C0B240F4006CC8F808C044
S31500021FE0002879D0DAF81C70A0FB07321CB1B4FACB
S31500021FF084F10E297FDDE103002A71D1B1FBF3F1F1
S315000220004B0003FB0003A3FB07624FEA044EB645EF
S315000220104FEA144474EB020209D340000344A7FBBF
S315000220200362B64574EB020201F10101F6D2C1F375
S315000220300E014CEA013C4CF00063C8F8083003F08C
S3150002204051FD2C68002C00F08680B4FA84F3D3F19B
S31500022050020358BFDC40514B9C4288BF64080028EB
S315000220606AD0B4FBF0F3642100FB134201FB02F2D7
S315000220705D1E90424FEA550572D85B08013B2D0260
S3150002208045EA0315C8F80C5003F000FD58B3B4FB3B
S31500022090F0F3642100FB134401FB04F4A04228D8A8
S315000220A05A1E52085B08013B120242EA0313C8F8A1
S315000220B010300020BDE8F88F042BDAF828607FF490
S315000220C0FEAEF00154BF06F0E0734FF4400326F073
S315000220D0E076F3E6324810E72120C7E631480CE7FE
S315000220E0034600218FE740F2F2422B21FAF7D6FD92
S315000220F02346013BD4E7C1F10F0601F1110E02FAA4
S315000221000EFEF34043EA0E03A6F1200E22FA0EFE5D
S3150002211043EA0E03F240013304FA01F142F10002EE
S315000221206AE702F4801203F400131A4308BFC0F5EB
S31500022130801030E71C48E0E6631EA51E5B086D08AA
S31500022140013B2D0245EA031540F2CF422B21002026
S31500022150FAF7A4FD96E76FF01F05002892D1F3E780
S31500022160023B013D5B082D0145EA03258AE700BFD4
S31500022170006CCA88008001B8001F00B0004001B898
S3150002218000F04902005A6202FC3C0020F83C0020A2
S31500022190F43C0020C08E0200D34D62103FBE4025A3
S315000221A00A3BB2DF313641DCD694BFD6807C814A07
S315000221B010B50B46044686B039B9827901682148C2
S315000221C06B460068FFF73AFE6B461F4A1968516371
S315000221D01E4AD2F8FC2062B35A6842B11C4A1D4913
S315000221E0C2F80C115968A2F58052C2F80C119A680D
S315000221F042B1174A1849C2F8EC109968A2F5805202
S31500022200C2F8EC101549D868D1F8642122F4EE62BE
S315000222100243C1F86421D1F85C21186922F4EE6206
S315000222200243C1F85C21A1F5FF4158692839FFF73D
S31500022230A3FD0020A2880A4B9A6203F5A033186414
S3150002224006B010BDBC390020008001B8001F00B0E6
S31500022250006001B8FFFF0F00FFF8FF0F000002B891
S31500022260004000B84FF48062014BDA67704700BF46
S31500022270001002B84FF48062034BDA67034B1B78F7
S315000222800BB1034A93657047002002B86D3D0020EA
S31500022290008001B80523064AA2F84A3092F849306E
S315000222A003F0010363F0730382F84930704700BFFD
S315000222B0001F00B070B51D4E0546F36803F070634B
S315000222C0B3F1007F30D103F04EFFF368044603F00A
S315000222D07063B3F1007F22D1284602F056FD30B179
S315000222E0134B93F8C42012B1002283F8C5200F4B7A
S315000222F01B6F9B0510D50E4B0E49D3F8A830096902
S315000223001A789B6843F80C1C32B94FF400320A4B18
S31500022310CF20DA61FEF75CF98022044B1A6120466F
S3150002232003F01CFF002070BD0220FCE7000002B88B
S31500022330001E00B000C000B8001002B810B590B17F
S315000223400468012C0FD902696AB11168094B102C75
S31500022350196051685960916888BFD268996094BFC4
S31500022360D960DA6010BD10220021024801F098FD02
S31500022370F8E700BF043D0020084BC1171A68A2FB0C
S31500022380000302FB013310F1807043F10003400E9B
S3150002239040EAC310803820EAE0707047143D0020FE
S315000223A00722164B70B5DA66154B164A1E68164B8F
S315000223B0F408E005C0184FEA163141F10001002386
S315000223C001F04CFB114B124D18604EF66020FFF7E0
S315000223D0D3FF4042C5F884000E48FEF73DFC024694
S315000223E058B1E301500818184FEA16714FF000036E
S315000223F041F1000101F032FBE86570BD000002B850
S31500022400783C002065CD1D00B2E60E00143D00208A
S31500022410001F00B040420F0010B5044698B10B4BA6
S31500022420D3F8FC00FFF78AFF4FF47A7303FB04F03C
S31500022430074BA0F6AC50DA689B681044C01ABDE898
S315000224401040FFF799BF4EF66020F8E7001F00B074
S31500022450043D00202DE9F0410546084614461E4675
S31500022460FFF76CFF002D00F0838072076CD5286998
S3150002247000287FD04FF47A735843464BA0F6AC50EF
S315000224809B68C01AFFF778FFE061A88B002874D01A
S315000224904FF47A7358433F4BA0F6AC509B68C01A70
S315000224A0FFF76AFF20613C4BE9681F68002967D085
S315000224B04FF47A735943374BA1F6AC519A685B686D
S315000224C0891AC91A354BC8171A68DFF8D880A2FBD1
S315000224D0011302FB003311F1807143F10003490E2F
S315000224E041EAC31180392E4B6161DB6EA361D8F8D4
S315000224F0003053B1384602F048FC30B12246D8F8D3
S3150002250000302449D7F8E40098470021A869FFF76C
S3150002251083FFA062A868002835D04FF47A73584327
S31500022520A0F503501038FFF727FFA060286840B1D6
S315000225304FF47A72174B1B6803F51C53103302FBD8
S315000225400030FFF719FFE060B30711D5284600F007
S3150002255055F860626B69CBB10E4AD0684FF47A7255
S3150002256002FB0300A0F503501038FFF705FF2062B7
S31500022570BDE8F0814EF6602084E74EF660208FE7D4
S315000225804EF660219EE747F23050CCE747F23050D4
S31500022590EBE700BF043D0020BC390020143D0020BB
S315000225A0001F00B0003D002070B5064608461C46D6
S315000225B002F076FD0546D6F8F00000F011F8436801
S315000225C0054A002BA8BF4FF4FA721A44034B60194E
S315000225D092FBF3F2104470BD0CFEFFFF18FCFFFFE6
S315000225E040B10368012B05D90069034B002808BFD7
S315000225F01846704700487047C88E0200406840B1CE
S315000226004FF47A72044B1B6803F51C53103302FB1A
S315000226100030FFF7B1BE00BF043D002070B5124C7A
S3150002262088B001AD0FCC0FC594E8070085E8070016
S315000226308C2200210D4801F033FCD42200210C48E3
S3150002264001F02EFC0B4B0C4A5A63FFF723FE0B4B91
S315000226501B783BB1044E01AD0FCD0FC695E80700BE
S3150002266084E8070008B070BDC41F00B0A01E00B009
S315000226702C1F00B0001F00B0101111115C3D00208C
S31500022680064BD3F8D80E064B5B6F1A0103D4054BE3
S315000226909B6E1B0401D500F580707047001000B0D8
S315000226A0000002B8004000B8012370B5074C237041
S315000226B0074B1E68074B3240D3E9005319402840A6
S315000226C0FBF7ACFB0023237070BD00BF753D0020F5
S315000226D01C3D0020F82F0020024B1879C0F3C000E1
S315000226E0704700BFF82F002010B50446FEF756FCCF
S315000226F000F0BCFD2046FCF78FFFFEF7FBFBFDF763
S3150002270087FFFDF7FDFFFFF74BFE13490723134A29
S31500022710D1F8FC1004F58270FFF79CFE4FF0807131
S315000227200020FEF7B9FA4FF000720D4B4FF400117C
S315000227300120C3F80021FEF7AFFAFEF77DFF20B9AC
S3150002274040F221121421FAF7A9FA02F02AFDBDE895
S3150002275010400120FDF768BE001F00B0581F00B0F0
S3150002276000D001B88023074A1367082340B11367D4
S31500022770054AD2F8A03023F02003C2F8A0307047F1
S31500022780024AF4E7001002B8001E00B0002002B8A8
S3150002279010B503F0E8FC012104460020FFF7E2FF32
S315000227A0044B1961044B5B6898472046BDE810400C
S315000227B003F0D4BC000002B89040002038B5164C95
S315000227C0054620784FF42072B0FA80F03E21400987
S315000227D0FAF764FA55B14FF44062104BD3F8B430AD
S315000227E0C3F3812323700E4BC3F8B42060784FF4F1
S315000227F02072B0FA80F03E214009FAF74FFA55B13D
S315000228004FF44062054BD3F8B830C3F381236370AB
S31500022810034BC3F8B82038BD6E3D0020004000B817
S31500022820006000B8A82238B51B4B1D6F03F5005394
S315000228301A6710229A60A3F5804302F100521A67C2
S315000228405A6600F039FF154B1B7813B90320FDF7C2
S3150002285077FF0024124B9C6700F054FF114A124B7B
S31500022860D2F8D81E0B40C2F8D83E04220F4B1A6784
S315000228700F4BAA06C3F8AC4008D503F58073DB6C90
S31500022880B3F5817F22BF8022034B1A61FCF7A0F8C1
S315000228900022084B1A7038BD000002B8713D0020B4
S315000228A000C001B8001000B0DF0000FF002002B82F
S315000228B0001E00B0703D0020034B187818B9034B78
S315000228C0D868C0F380307047703D0020000002B81F
S315000228D0994B2DE9F04F9A6EDB6E87B002EA030838
S315000228E0964BC3F86880964BD3F8E070D3F8EC3079
S315000228F01F40944BC3F8E070934BD3F80822D3F8E9
S315000229000C3202EA030A914BC3F808A203F52043EC
S31500022910DA691B6A02EA03098D4B09F47702DA6166
S315000229208C4BD3F80422D00605D4D3F8046116F0F2
S31500022930100600F0DD8003F016FC874B5A695E6EC6
S3150002294002F0060BBBF1000218BF01221B6F0192B7
S315000229501E40824A26F0007323F400637107536611
S3150002296004D57F4A137D0133DBB2137503F0F6FB00
S31500022970B8F1000F00F0DD8018F4004427D003F010
S31500022980F2FB0146FFF77CFE0446764B1D682A6879
S315000229902B689A42FCD02A689A42FCD0FFF770FE56
S315000229A0A04240F0A780084603F0D8FB6E4B1C609D
S315000229B06E4B1D6F15F4E05B40F09E8024F07F4461
S315000229C024F0DF040CB9FFF72DFF4FF080740025C9
S315000229D018F0020F12D0654B5D491B6F03F460427B
S315000229E00A67002A00F09C801A0400F19C809D046C
S315000229F040F19C804FF0006300251C43C8F3403829
S31500022A004FEA48085A4B3B40002B4AD017F4206F36
S31500022A100AD040F2C95206210020FAF73FF90020F7
S31500022A2000F0CCFE27F48027F80506D5FF22484B96
S31500022A3044F4C0649A60FEF7F9FC17F0090F0AD055
S31500022A4040F2DE5208210020FAF728F900F0AAFE29
S31500022A5001223B4B1A6317F0106F0CD040F2E7527B
S31500022A6009210020FAF71AF900F09CFE002211460D
S31500022A701046FCF771FE17F4202F0AD040F2EF52EF
S31500022A8007210020FAF70AF9002000F097FE27F442
S31500022A908027F90301D5FCF7A3FF002FB8BF48F042
S31500022AA008087A070DD5264BDB6A13F4005F4FF44C
S31500022AB0005317BF234A2F4AD36244F4000408BFC7
S31500022AC0D3627B0548BF44F0040417F480230293C3
S31500022AD000F0B580FCF73CFF013806284CD8DFE849
S31500022AE010F068016B0168016E01710174017401D5
S31500022AF001963DE704464AE7FFF794FE144BC3F8F6
S31500022B0070B015F4805305D115F4806505D04FF0E9
S31500022B1080645CE74FF0804459E74FF0805457E7F2
S31500022B204FF0007368E74FF0004365E74FF000533C
S31500022B3062E74446454665E7004000B8006000B8D3
S31500022B400040005400600054004001B8006001B823
S31500022B50002002B800E100E000C001B800E001B8C0
S31500022B60203D0020508E0200183D0020000002B8D1
S31500022B70090B0B89005000544FF4C4620321002054
S31500022B80FAF78CF801219B4A936ED2F8880003F07B
S31500022B900703063301FA03F3C0F30C001B1A9BB2B8
S31500022BA0072B12D9944B1B6F58020ED49348936B82
S31500022BB0926D406D58B103F0070306339940C2F394
S31500022BC00C03C91A89B2072901D844F400748C4B44
S31500022BD01B78002B33D0874BD3F8E03013F4A02FA9
S31500022BE02DD1884BDFF85CB21B7883B9F2040ED480
S31500022BF09BF800305BB18449C4F3C003D1F8D81EF8
S31500022C0083F001035B0021FA03F39B0717D104202B
S31500022C10FDF796FD7D4B7E49596700F019FB9BF83F
S31500022C20003043B97B4B1B782BB17B4B7B4A1B682D
S31500022C302340134201D144F4804426F48056BAF16B
S31500022C40000F1DD01AF4805F18BF44F480241AF4D2
S31500022C50807F18BF44F400241AF4005F18BF44F0C2
S31500022C6010041AF4007F18BF44F020041AF4806F8F
S31500022C7018BF44F040041AF4006F18BF44F08004F1
S31500022C80B9F1000F47D019F4001F0AD0644B1B6834
S31500022C903BB1594A6348116F00680022C1F3C06113
S31500022CA0984719F4802F18BF45F4007519F4803F30
S31500022CB018BF44F4805419F4801F18BF44F400343A
S31500022CC019F4800F18BF44F0020419F4003F18BF2C
S31500022CD044F4801419F4000F18BF45F0100519F4D6
S31500022CE0002F18D0504BD3F8A03013F0C00F12D0DB
S31500022CF0414BDA6802F03062B2F1407F05D15A6F79
S31500022D00D00602D49B6F190762D54FF40022474BB7
S31500022D1029F40029DA61002E00F0468132051ED51B
S31500022D204349DFF8E8B091F803A0424ABAF1000F2E
S31500022D3000F08A804FF400600AF1FF3A50665FFAAB
S31500022D408AF2CA703AB93C4A1278002A43D040F64F
S31500022D5001423A4B5A670022134614431D43B300FD
S31500022D6009D52E20FDF734FC4FF00052314B45F0C9
S31500022D7008051A675A66F00608D52B20FDF728FCC7
S31500022D8010222C4B45F400151A675A6616F0306F5E
S31500022D9040F0A080F10440F1FB80019B002B40F043
S31500022DA0DD80274B1B68013300F0548144F0010497
S31500022DB0EEE044F48034E5E644F40064E2E644F4EA
S31500022DC08064DFE644F48074DCE644F00804D9E665
S31500022DD044F400149FE7DBF8782012F4A05F15BFD5
S31500022DE04FF4807240F60142CBF85820CBF8782097
S31500022DF0B1E700BF00400054000002B8004000B82E
S31500022E00773D0020763D0020001000B000C001B8DA
S31500022E1000000101723D0020F82F0020088D0100FC
S31500022E20183C0020BC390020001E00B0002002B869
S31500022E30613D002000E001B8713D002000D001B8DC
S31500022E409C400020733D00200320FDF779FC4FF4DF
S31500022E500061AA4A5166DBF8141011F0060124D06B
S31500022E605046FDF735FEDBF86410DBF87030A34AF6
S31500022E700B4013F0100F1DD010232D20136753663D
S31500022E80FDF7A6FB4FF4001A9D499E4A4B8A13F49E
S31500022E90006F1BD023F400634B82137803F0FF020A
S31500022EA05BB14FF40042534657E741F61F70506735
S31500022EB0CBF878104FF0000AE6E70392FDF7F8FE2A
S31500022EC0FFF7B0FC039A4AF0200346E713784FF463
S31500022ED00052E8E732011BD52920FDF779FB8A4B20
S31500022EE05B6C13B11022894B9A60894B8949DB6866
S31500022EF003F48042C3F380330B70FFF7EDFB28B176
S31500022F00854B7E4985484B660367D2B945F0040571
S31500022F10B30123D50420FDF713FC2720FDF758FB48
S31500022F20FFF780FC4FF00072744B5A667C4BD3F865
S31500022F30D83E590676D40222744B9A6045F00205B1
S31500022F4023E00B6720204B66FDF742FB45F4001594
S31500022F502D2045F00C05FDF73BFBD9E716F0807FE7
S31500022F60DFF8A4A149D00420FDF7EAFB2820FDF7EB
S31500022F702FFBDAF87830002B3BD1FFF753FC5F4B7F
S31500022F80654A45F001051A675A6600225E4B9A6544
S31500022F90720509D5634A9378002B00F0A980013B9C
S31500022FA09370002348EA03085F4BD3F8A0301B0650
S31500022FB003D520462946FCF77FF842462046294695
S31500022FC0FFF772FB029B0BB1FCF7F8FC0122574B91
S31500022FD007F00437C3F8E070554B19F4002FC3F815
S31500022FE084211EBF4FF40022484BDA6107B0BDE8C8
S31500022FF0F08F0023CAF87830C1E7F004C5D5042063
S31500023000FDF79EFB4B4BCAF87430FDF751FEDAF81A
S31500023010643013F0407FB8D12A20FDF7D9FAFFF7C2
S3150002302001FC83E7404BD3F8A020920686D4022106
S31500023030414A9160414A126892F82520D0077FF5ED
S315000230407DAF93F8C430002B3FF478AF8022304B2B
S315000230501A6173E7334A13794BB1013BDBB2137141
S3150002306013B92E4B364A5A6700231C4390E70420B5
S31500023070FDF766FB0320FDF763FB234B2D4A5A67D8
S3150002308003F071F882460DF11700FEF7A9F92D4BF0
S3150002309083461B780BB1FEF7C9F9BBF1030F0ED1BC
S315000230A0DFF86CB00020FEF79BF9032807D1DBF8A6
S315000230B07430D903F6D4DBF85C300C2BF2D99DF8C8
S315000230C01730032B06D101221F4B50461A7003F00C
S315000230D045F8C9E71D4BD3F8E03013F4A02FF2D11F
S315000230E000F0B6F8504603F039F84FF48043BCE7D7
S315000230F00220FDF725FB012354E700BF00E001B8DB
S31500023100203D0020713D002000C001B8002002B819
S31500023110000002B8703D00201000002000D001B867
S31500023120001000B0613D0020001E00B00060005497
S3150002313000E100E000000101001002B8BC390020E5
S315000231400000010D743D0020763D00200040005431
S315000231500122024B1A62DA61704700BF002002B8F0
S315000231600D4B10B5DC691A6A14400C4A24F47F012F
S31500023170D161E20706D5D9684FF0FF30C1F303618A
S3150002318002F019F8630706D5BDE8104004220020B4
S315000231900021FFF789BA10BD000002B8002002B86C
S315000231A00C4A08B5936B526C13400B4A9363DB07C8
S315000231B00FD50A4B40F67A021878122100F0010068
S315000231C0F9F76CFDBDE80840002201200021FFF757
S315000231D06BBA08BD00C000B800E000B8F82F0020A6
S315000231E0054AD2F88430DB07FBD4936FD2F88420E9
S315000231F01340024A93677047008001B800A001B8E5
S3150002320008B502F0B0FF0E4B1A78A2B90D4A126841
S3150002321012F4843F0FD10C4A1021D1671B7863B98F
S31500023220084B1B68DB0508D4074B2022DA67BDE88A
S31500023230084002F093BF054AEEE7044BF5E700BFEC
S31500023240773D0020F82F0020002002B8001002B8B7
S315000232500022044B1A70044B197811B11A70FFF749
S31500023260CFBF7047763D0020773D002008B502F0BB
S315000232707AFF4FF00042224BC3F88020BFF34F8FF4
S31500023280BFF36F8F0122C3F88420BFF34F8FBFF3C2
S315000232906F8F0222C3F88420BFF34F8FBFF36F8F65
S315000232A00422C3F88420BFF34F8FBFF36F8F082227
S315000232B0C3F88420BFF34F8FBFF36F8F1022C3F87A
S315000232C08420BFF34F8FBFF36F8F2022C3F8842071
S315000232D0BFF34F8FBFF36F8F4022C3F88420BFF333
S315000232E04F8FBFF36F8F4FF48072C3F88420BFF302
S315000232F04F8FBFF36F8FBDE8084002F02FBF00BFAC
S3150002330000E100E008B502F02EFF4FF00042094B43
S315000233101A6001225A6004225A6008225A60102258
S315000233205A6020225A6040225A60BDE8084002F0E4
S3150002333015BF00BF00E100E02DE9F047DDF820A04F
S3150002334003EA0108099B06460C4602EA000703EA5D
S315000233500A09BAF1000F40F04E81031F0B4300F039
S315000233600E81052871F1000380F0E48050EA010322
S3150002337000F06081431E0B4300F02481FFF776FFC5
S31500023380AD4AD2E9005323EA040325EA06053D4382
S3150002339043EA0807A94BC2E900571E68DFF8F48220
S315000233A026EA0A0646EA09061E60FFF729FF15F015
S315000233B02A4F0CBF4FF4004348F20203A04AB0075B
S315000233C0D26EA04848BF43F4005383EA020122EAC0
S315000233D00302C2669C4A0B408166D366C5F38042ED
S315000233E01203290348BF42F48072EB0648BF42F437
S315000233F00052964BAC0648BF42F400726806D3F8F8
S315000234000C3248BF42F48062290648BF42F4006289
S315000234108F4882EA030123EA0203C0F80C328D4B7D
S315000234200A40C7F34024A404C0F80812C3F80C22C9
S31500023430EA0448BF44F48034AB0348BF44F4801422
S31500023440A80748BF44F4800415F4001F06D0D8F834
S31500023450000001F0CCFE08B944F40024E90248BF9A
S3150002346044F40034FA0648BF44F4000473077A4B66
S3150002347048BF44F004041A6A44F4001484EA0203BE
S3150002348023F0010375491A400A621C40CB61744B52
S3150002349016F0010F1C62734B734A08BF1A46734B30
S315000234A07C071B6F48BF42F00062714882EA030143
S315000234B023EA020303676F4B0A4041661A676E4AA4
S315000234C005F00103516CA0F5803081EA030221EA7E
S315000234D00301416482631A40684B28025A64D8F891
S315000234E0002048BF664B92F8022158BF654B690718
S315000234F048BF43F4806322B115F4C06F18BF43F48A
S3150002350080733207604A48BF43F00043D2F8EC109A
S315000235105E4883EA010222F4A0221140C0F8EC10B0
S315000235201340C0F8E0205A4ABDE8F047C2F8EC3032
S31500023530FFF7E8BEA0F580630B4306D020F4806354
S31500023540A3F500730B437FF419AF02F00CFE3A4960
S31500023550D1E9003223EA060322EA040242EA080219
S315000235603B43C1E900324B4A126892F80211474ABC
S3150002357009B313F4C06F1ED04FF4807311E002F04A
S31500023580F2FD2D4AD2E9003123F004033B4341EA1E
S31500023590080157EA0807C2E900314FF480633B4A43
S315000235A00BD0C2F8E030A2F58052C2F8EC30BDE88A
S315000235B0F04702F0D3BD4FF48073C2F8EC30C2F884
S315000235C0E030F4E702F0CFFD1B4AD2E9003123F0E6
S315000235D001033B4341EA0801C2E9003101232E4AB5
S315000235E057EA08071BBF9363A2F5805253645364DC
S315000235F008BF9363DBE750EA01037FF4BFAEBAF17B
S31500023600010F7FF4BBAE02F0AEFD0C4A136823F045
S31500023610010343EA090313604FF48063144AB9F1C4
S31500023620000F04D05366A2F580521367BFE71367F3
S315000236305366BCE7BDE8F087F82F00201C3D00204A
S31500023640004000B8006000B8005000B8004001B861
S31500023650006001B8005001B8000002B8002002B8AC
S31500023660001002B804180003041C000300C001B8CD
S3150002367000E001B800D001B800C000B800D000B820
S315000236800D0A0A09090A0A0900400054006000549A
S3150002369000500054BC39002000E000B8024B186804
S315000236A000F00100704700BFF82F0020014B587947
S315000236B0C0097047F82F00200A4B197801F0FF0263
S315000236C029B10021197008499202C1F8B42059782B
S315000236D001F0FF0229B1002159709302024AC2F891
S315000236E0B83070476E3D0020005000B84FF40062BB
S315000236F0034B1A674FF40042A3F5E0339A6670470C
S31500023700001002B8F8B5084C084D236F0423084F81
S315000237102B67236F5B0300D4F8BD042602203E67A5
S3150002372001F0A2FC2E67F4E7000002B8001002B80E
S31500023730002002B838B5044669B940B1164BDA68BA
S3150002374012F0606F04D04FF4C062144BDA6238BDD7
S315000237509B689A06F7D4FDF769FE0F4D0020FDF728
S315000237603FFE032801D0092805D16B6FDB03F5D490
S31500023770EB6D0C2BF2D9FFF7C5FF4FF40072084B25
S31500023780DA62012203F5E8335A61042203F5805313
S315000237901A67002CDBD0D6E7000002B8006001B839
S315000237A0004000B808B503210920FDF773FD202269
S315000237B0014B1A6108BD00BF000002B838B50546C4
S315000237C002F0D1FC0E4B04461868FBF7EDFF35B14B
S315000237D0FFF73EFD2046BDE8384002F0BFBC094B6C
S315000237E01B78002BF6D0084B1D78002DF2D1FFF77F
S315000237F02FFD2A464FF480400021FEF755FFE9E7E8
S31500023800BC390020763D0020753D00202DE9F74F9A
S31500023810574B074615461C6F0191002A40F0A580BA
S3150002382004F0A004003C18BF0124FBF7D1F8A02342
S315000238304FF0000A4F4A03201367FCF781FF04206A
S31500023840FCF77EFFDFF86081FFF702FD4A4B4FF07F
S31500023850040BC8F87430C8F878A0FFF753FF474B3B
S31500023860444AD3F8A010DFF8089141F02001C3F8CA
S31500023870A010FF2191604FF48071C9F810104049E1
S315000238804048D1F8D86E3040C1F8D80EC2F870B0B0
S31500023890C3F8ACA0D8F8143013F0060F04D0FDF725
S315000238A007FA5846FCF74CFF0CB1FFF71FFF47B16A
S315000238B0FDF7BCFDFFF776FF0420FCF741FFFFF79B
S315000238C0FBFED9F81430D90749D5294AD36813F033
S315000238D0706FFBD1274B2C4A1A672C4AD36B23F005
S315000238E0F003D363019B13B12846FFF767FF284B0A
S315000238F0D3F84C315A1C01D05B0002D501221D4B74
S315000239005A6165B3234BDA6E03F500539A6603F5E3
S31500023910D0331B6A174A23F00103D3611E4BD3F837
S315000239200C1203F50053C3F8081203F50053D3F83B
S31500023930841003F500539967184BD3F8EC1003F57E
S315000239400053C3F8E010164B596C03F50053996304
S31500023950144903F5803359664FF60843136700206E
S3150002396003B0BDE8F04FFBF79FBB00245DE700BF45
S31500023970000002B8002002B800000101001E00B0DB
S31500023980001000B0DF0000FF10003000001F00B082
S315000239900080E00F004000B8004001B8004000542B
S315000239A000C000B85000002F00C001B838B5144658
S315000239B00D4602F0D8FB064BD3F8A02054402C400B
S315000239C05440C3F8A040BDE8384002F0C7BB00BF70
S315000239D0001E00B0034BD3F8A03099430CBF012060
S315000239E000207047001E00B02DE9F04115460A433B
S315000239F0012A1C469DF818809DF81C70089E29D83D
S31500023A00B84527D2082F25D8032B23D816B30A4642
S31500023A100021FAF719FBE300FF249C404146E443E8
S31500023A20DFF834C0701E4FEAC50ECAB2974202D8FA
S31500023A300020BDE8F0810EEB01060CEB8606D6F8F7
S31500023A40E02010F8015F22409D401543C6F8E05081
S31500023A500131EAE72120ECE7001E00B053B94AB96A
S31500023A60002908BF00281CBF4FF0FF314FF0FF307E
S31500023A7000F0B2B9ADF1080C6DE904CE00F006F81B
S31500023A80DDF804E0DDE9022304B070472DE9F04FCA
S31500023A908C46099E04460F46002B48D18A4215469B
S31500023AA05ED9B2FA82F33BB1C3F120029F409D4038
S31500023AB09C4020FA02F217434FEA154E1FFA85FC84
S31500023AC0220CB7FBFEF10EFB117701FB0CF042EA6A
S31500023AD00742904207D9AA1801F1FF3702D2904253
S31500023AE000F258813946121AA4B2B2FBFEF00EFB5E
S31500023AF0102200FB0CFC44EA0244A4450BD92C1903
S31500023B0000F1FF322CBF01270027A44502D9002F5E
S31500023B1000F04381104640EA0140A4EB0C04002168
S31500023B201EB1DC400023C6E90043BDE8F08F8B429C
S31500023B3006D90EB1C6E9000100210846BDE8F08F9C
S31500023B40B3FA83F1002951D16345C0F0168182424E
S31500023B5040F213810846002EE7D0C6E90047E4E7A3
S31500023B60002A00F0AF80B2FA82F3002B40F0C28046
S31500023B708A1A4FEA154EAFB20121200CB2FBFEFCA7
S31500023B800EFB1C2240EA024207FB0CF090420ED9C1
S31500023B90AA180CF1FF382CBF4FF001094FF00009AB
S31500023BA0904203D9B9F1000F00F0F080C446121A10
S31500023BB0A4B2B2FBFEF00EFB102200FB07F744EAAA
S31500023BC00244A7420ED92C1900F1FF322CBF4FF046
S31500023BD0010E4FF0000EA74203D9BEF1000F00F00E
S31500023BE0D2801046E41B40EA0C4099E7C1F1200559
S31500023BF08B400CFA01F400FA01F922FA05F72CFAC5
S31500023C0005FC8A401F4320FA05F3380C23431FFAAA
S31500023C1087FE1C0CBCFBF0F800FB18CC44EA0C44F3
S31500023C2008FB0EFCA4450ED93C1908F1FF3A2CBF3D
S31500023C304FF0010B4FF0000BA44503D9BBF1000F67
S31500023C4000F0B880D046A4EB0C041FFA83FCB4FB48
S31500023C50F0F300FB134403FB0EFE4CEA0444A645B4
S31500023C600ED93C1903F1FF302CBF4FF0010C4FF077
S31500023C70000CA64503D9BCF1000F00F09F80034655
S31500023C8043EA0840A4EB0E04A0FB02EC644573462B
S31500023C90E04602D307D1F14505D2BEEB02036CEB37
S31500023CA0070C0138E0465EB1B9EB030264EB080487
S31500023CB004FA05F522FA01F3CC401D43C6E9005485
S31500023CC0002132E742082F464B08AC4642EAC1724F
S31500023CD0AE46C407110C92B241EA034142EA0142DE
S31500023CE0B1FBF5F1B3FBF5F01F23A2EB0C0241EA9F
S31500023CF0004142E79D40C3F1200299409C402CFAC4
S31500023D0002FC4FEA154E20FA02F2AFB2BCFBFEF8F5
S31500023D100A430EFB18CC110C41EA0C4108FB07FCC6
S31500023D208C4550D9691808F1FF302CBF4FF00109B4
S31500023D304FF000098C4502D9B9F1000F30D0A1EB42
S31500023D400C01B1FBFEF808FB07FC0EFB181192B240
S31500023D5042EA0142624534D2AA1808F1FF312CBF69
S31500023D604FF001094FF000096245BED2B9F1000FCA
S31500023D70BBD1A8F102012A44B7E7841A6CEB03020D
S31500023D8001201746E7E62C4402382BE7ACF1020C79
S31500023D902A440CE702392A44A5E62C440238BAE63C
S31500023DA0A5EB0C0CA8F102006144B1FBFEF808FB7E
S31500023DB007FCCAE7A8F102083C4444E7023B3C443C
S31500023DC05EE7414691E7A1EB0C014046B1FBFEF8E6
S31500023DD008FB07FCB9E700BF704700BF2DE9F843AF
S31500023DE00746884614460026D4E90195B9F1010929
S31500023DF005D52468002CF7D13046BDE8F883AB8997
S31500023E00012B07D9B5F90E30013303D029463846BE
S31500023E10C04706436835E9E710B50C46B1F90E10FE
S31500023E20F7F752FE0028ABBF636DA3891B1823F474
S31500023E308053ACBF6365A38110BD2DE9F0411F46D7
S31500023E408B8905460C46DB05164605D5022300225C
S31500023E50B1F90E10F7F726FEA3893246B4F90E1011
S31500023E60284623F48053A3813B46BDE8F041F7F789
S31500023E703DBE10B50C46B1F90E10F7F713FE421C03
S31500023E80B4F90C3015BF606523F4805343F48053B4
S31500023E90A38118BFA38110BDB1F90E10F7F7F2BDC9
S31500023EA002440346934200D1704703F8011BF9E727
S31500023EB0704770477047062008B5F8F759F9012090
S31500023EC0EFF72BFE9368013B002B10B4936008DAE0
S31500023ED09469A34201DB0A2903D15DF8044B00F081
S31500023EE0B4B81368581C1060084619705DF8044B84
S31500023EF07047F8B506460F461446D518AC4201D1AE
S31500023F00002007E03A4614F8011B3046FFF7DAFFB5
S31500023F10431CF3D1F8BD2DE9F047164698468A6848
S31500023F2007460B690C46DDF820909342B8BF13464C
S31500023F30336091F843200AB101333360236899064E
S31500023F4042BF336802333360256815F0060506D191
S31500023F5004F1190AE36832689B1AAB422BDC94F827
S31500023F6043302268003B18BF0123920630D404F185
S31500023F70430241463846C847013023D023681A34E3
S31500023F8054F80A2C03F00603042B0ABF54F80E5CFD
S31500023F90002533684FF0000608BFED1A54F8123CAC
S31500023FA008BF25EAE5759342C4BF9B1AED18B542D0
S31500023FB01AD1002008E00123524641463846C84736
S31500023FC0013003D14FF0FF30BDE8F0870135C1E77C
S31500023FD0E1185A1C30200233224481F8430094F837
S31500023FE0451082F84310C2E701232246414638466D
S31500023FF0C8470130E6D00136D9E738B50B69054620
S315000240000C4613B90025284638BD18B1036A0BB908
S31500024010F7F70EFDB4F90C30002BF3D0626ED00721
S3150002402004D4990502D4A06DFFF743FF2846214622
S31500024030F7F7CAFF636E0546DA07E4D4A3899B0540
S31500024040E1D4A06DFFF736FFDDE7F8B50E4614465C
S31500024050054618B1036A0BB9F7F7EAFCA369A36030
S31500024060A3891A0701D5236943B921462846F8F7D9
S315000240702BF818B14FF0FF373846F8BD2368F6B271
S3150002408022693746981A6369834205DC2146284627
S31500024090FFF7B3FF0028EDD1A368013BA3602368B5
S315000240A05A1C22601E70431C62699A4204D0A3897C
S315000240B0DB07E1D50A2EDFD121462846FFF79DFF11
S315000240C00028D9D0D6E7884210B501EB020402D9FE
S315000240D08442234607D8431EA14207D011F8012B7A
S315000240E003F8012FF8E70244824200D110BD13F80B
S315000240F0011D02F8011DF7E71F2938B505460C46D2
S3150002410004D9162303604FF0FF3038BDC26B12B1DB
S3150002411052F821304BB9284600F016F822460146DD
S315000241202846BDE83840F8F72BB8012B0AD0591CAF
S3150002413003D1162303600120E7E70021204642F857
S31500024140241098470020E0E7EFF7EABCC9B203461D
S31500024150024410B59342184601D1002003E00478C8
S3150002416001338C42F6D110BD0A44431E914200D15E
S31500024170704710B511F8014B914203F8014FF9D17E
S3150002418010BD70B50C46B1F90E1096B01546002951
S315000241901E460ADAA18911F0800113D14FF480621A
S315000241A0002031602A6016B070BD6A46F7F7FAFF42
S315000241B00028EFDB019901F47041A1F50053594241
S315000241C05941EBE700214022EAE78B8973B59E0746
S315000241D005460C4607D504F14703236023610123F4
S315000241E0636102B070BD01AB6A46FFF7CAFF009E6B
S315000241F028463146F2F753FAB4F90C3038B99A0523
S31500024200EFD423F0030343F00203A381E3E743F071
S3150002421080032060A381019BC4E90406002BE0D041
S31500024220B4F90E102846F7F7CFFF0028D9D0A38994
S3150002423023F0030343F00103A381D2E730B514460A
S315000242409BB005461A46002C05DA8B2303604FF015
S31500024250FF301BB030BD4FF40273009104916946E2
S31500024260ADF80C304FF00003199314BF04F1FF337D
S315000242702346029305934FF6FF73ADF80E301E9B4D
S31500024280F8F70EF8431CBCBF8B232B60002CE0D042
S31500024290009B00221A70DCE710F8012B11F8013B93
S315000242A0012A28BF9A42F7D0D01A7047034611F85E
S315000242B0012B03F8012B002AF9D17047034613F8A4
S315000242C0012B002AFBD1181A013870472DE9F04755
S315000242D01F468E6882460C46BE429046334653D8E7
S315000242E0B1F90C0010F4906F2BD065692368096947
S315000242F005EB4505A3EB010905EBD5757B1C6D1096
S315000243004B442A46AB4284BF1D462A46430527D55F
S3150002431011465046F2F7C3F9064658B34A46216992
S31500024320FFF722FFA38923F4906343F08003A3815E
S3150002433026614E4465613B46A5EB090526603E466D
S31500024340A5601F463A4641462068FFF7BCFEA368B1
S3150002435000209B1BA36023683B442360BDE8F087D3
S315000243605046F2F77DFE06460028E1D12169504605
S31500024370F2F7A2F90C234FF0FF30CAF80030A389F6
S3150002438043F04003A381E9E73E46DBE7022070479C
S3150002439002207047002070470120704700207047B6
S315000243A00E207047FAF758BB08461146012200F064
S315000243B079B870B50C4611461A46F8F77FF8059B90
S315000243C0049E0493456933462046AC46BDE87040D8
S315000243D0604710B5F8F772F8BDE8104083690846E1
S315000243E0184700F0B6BBF9F743BAF9F74FBC00F02D
S315000243F0EFB808B500F088FB002008BD00F0D3B87E
S31500024400F9F7FCBC70B504460D4616464FF4881102
S3150002441000F028F9324629462046BDE87040FBF7EF
S3150002442035B8431E042818BF012B94BF0120002073
S31500024430704700F0D5BD4FF4D4720021FFF730BDAE
S315000244400846FCF737BD10B50446F9F791FDE8B901
S31500024450A169D9B1238ACBB1204604F11002F9F73A
S31500024460DBFBB8B9E169A9B1638A9BB1204604F1C5
S31500024470120200F0EDFB88B9216A79B1A28A6AB10B
S315000244802046E38ABDE8104000F0A7BB0023238242
S31500024490A361E6E700236382E361ECE7002363613D
S315000244A0236210BDF9F7DCBE0A7838B50546104618
S315000244B0FFF7B7FF60B14C782046FFF7B2FF38B17D
S315000244C02243530704D42846BDE83840F9F76AB8B0
S315000244D0212038BD10B504460878FFF7A2FF58B16F
S315000244E04A781046FFF79DFF30B1042A04D02046D1
S315000244F0BDE81040F9F774B8212010BD00F072BA79
S31500024500084600F023BD704711B9D0F8E81021B172
S31500024510CB6813B18B68D88970474FF6FF70704726
S3150002452010B5F8F7D7F8044608B900F05DFD204645
S3150002453010BDF8F7C1BE00F0A1BAD0F8EC300BB945
S315000245400E2070474FF6FF72C38D93420B80F7D051
S3150002455000207047F8B506460D46F8F7BBF8D8B9FD
S315000245604FF6FF734FF0240CEF68C1B28F4208D8A2
S315000245701C4621463046F8F76BFA00F035FD204618
S31500024580F8BDAA680CFB0122D4899C4202D2002CF7
S31500024590EFD023460130E8E74FF6FF74EFE7C08D10
S315000245A0704700F05CBA38B504460D4600F0D2F802
S315000245B050B129462046F8F74BFA30B9294620462B
S315000245C0BDE83840F8F7F2BE0E2038BDFEF774B9E2
S315000245D0062AF8B504460F4615461E4623D8F8F7AE
S315000245E085FE10B320463946F8F732FA0446A8B9D2
S315000245F0012102460846FFF755FF204600F0F2FC6D
S31500024600FCF728FF3046F8F71FFE062D284607D08E
S315000246102923EB40DB0703D5FCF782FF2046F8BDD2
S31500024620FCF7BCFFFAE72124F8E70224F6E700F0DC
S315000246303BBBF8F7EFBF00F053BA002070470846BD
S31500024640FBF79ABE00F033BB38B504460D4601F0BF
S315000246508AFD0023C4F89C50C4F89830BDE838405F
S3150002466001F07CBD38B504460D4601F07CFDD4F858
S315000246709C301D40D4F8983023EA0505C4F89850BA
S3150002468001F06CFD284638BD73B50D7806460C461A
S3150002469035B304238DF804302379304601A98DF809
S315000246A00530FFF717FF0546B8B92278A37952BB42
S315000246B08DF80430E379304601A98DF80530FFF70D
S315000246C0F3FE054648B923783BB161883046F9F7CF
S315000246D057F90121304600F01EFA284602B070BD95
S315000246E0294600F018FA2946304600F03CFA2946D7
S315000246F0304600F040FA22782379002AC9D18DF893
S3150002470004306379C9E702228DF80420D3E700F06A
S315000247102ABA00F038BAF9F767BAFBF77FB9084642
S31500024720FBF730BAF9F764B900F031BA0B4610B5A7
S3150002473014461846A1689288FFF716FDE1680346FB
S3150002474031B1A0886288121A92B21844FFF70CFDA2
S31500024750002010BD0346408A18B1188A003818BFD7
S31500024760012070470846FBF7DBBE431C08BF00204A
S31500024770F8F7DEBD10B5044600F06EF820B9204603
S31500024780BDE81040F8F764BB10BD00F066BC2DE929
S31500024790FF41984604460E46174601F0EDFC0546D3
S315000247A02046FFF7E7FF0A9B3A460293002331466B
S315000247B001932046CDF80080F8F798FB0446284678
S315000247C001F0D5FC204604B0BDE8F08138B50446B8
S315000247D001F0D2FC05462046FFF7CCFF2046F8F74B
S315000247E063FB0446284601F0C2FC204638BD38B5B4
S315000247F0044601F0C1FC05462046FFF7BBFF2046F2
S3150002480000F039F80446284601F0B1FC204638BDCE
S3150002481038B5044601F0B0FC05462046FFF7AAFF6C
S31500024820204600F02EF80446284601F0A0FC204659
S3150002483038BD70B504460E4601F09EFC054620467C
S31500024840FFF798FF31462046F8F79CFB04462846B8
S3150002485001F08DFC204670BDF8F736BA10B501F0AE
S315000248608BFC044600F015F8F8F756FA2046BDE828
S31500024870104001F07CBC024608B5F8F725FA507DD7
S3150002488008BD024608B5F8F71FFA507D80F0010010
S3150002489008BD00F0E2BBF8F7C5BD00F0ECB800F0C9
S315000248A0FFBA00F04FBA022A01D800F071BA2120ED
S315000248B07047022A01D800F07CBA21207047022AEA
S315000248C001D800F089BA2120704738B504460D4652
S315000248D000F05BFA28B129462046BDE8384000F0D0
S315000248E08BBA022038BD70B504460D46164600F056
S315000248F04CFA30B1324629462046BDE8704000F0F7
S3150002490093BA022070BD0E20704738B504460D4694
S3150002491000F03BFA28B129462046BDE8384000F0AF
S31500024920AFBA022038BD38B504460D4600F02DFA5E
S3150002493028B129462046BDE8384000F0A9BA02202F
S3150002494038BDFAF715BC0846FAF730BC03469B8E0B
S3150002495008469342114601D3FAF754BC2120704708
S3150002496000F0ADBAFAF770BC00207047002070471D
S315000249707047D0F8A03003F06003402B0DD0602BB7
S3150002498003D0203B58425841704749B10B68012B6E
S3150002499006D9486940F00100704740F2011070479D
S315000249A0002070470D281CD00F281AD0102818D0C6
S315000249B0112816D020F090030D2B11D00F2B0FD0FB
S315000249C020F010030D2B0BD00F2B09D020F0800303
S315000249D00D2B05D0A3F10F02022A98BF1846704785
S315000249E018467047F7B504461046D4E956C7DDE9BE
S315000249F008268CEA020587EA06010540194085EA7F
S31500024A000C057940C4E95651002523F4004106EA13
S31500024A10010320F0010043F40073024043F0020355
S31500024A2001950095FEF788FC94F824309A0713D571
S31500024A30D4F85C319B050FD54FF48811204600F05F
S31500024A40C1FB94F82430024665F3410384F824300E
S31500024A5020460B46F8F71EFC002003B0F0BD30B42A
S31500024A60D0F8A0300A4023EA01031343C0F8A0306D
S31500024A7030BCF9F7A7BC0220FBF766BF08B5D0F831
S31500024A80F0304BB11A68022A06D993F825204AB1AA
S31500024A90186AB0FBF2F008BD40F68C324C210020B9
S31500024AA0F8F7FCF80020F6E7D0F8F02008B57AB15E
S31500024AB01368022B0CD9536A13F47F4FC3F30721F1
S31500024AC006D0126ADBB253438B42B3FBF1F006D235
S31500024AD0002040F6AB324C21F8F7E0F8002008BD82
S31500024AE00346B3F83E2108468A4203D0A3F83E1194
S31500024AF0FBF7D2B80020704790F83C310D2B14BF5B
S31500024B0090F82B00FF20704708B500F029FBBDE89E
S31500024B100840FCF7CFBC38B50C464FF40061054699
S31500024B20FEF758FF60B16CB195F82A3163B94FF4BC
S31500024B3080722846BDE838404FF48071FEF736BFD2
S31500024B402202F6E72246F4E738BD4FF48071FEF7FB
S31500024B5041BF10B50023F8F779FD044608B9FDF701
S31500024B6017FE204610BD08B54A024FF40071FEF743
S31500024B701DFF002008BD08B58A024FF48061FEF7CA
S31500024B8015FF002008BD4FF40071FEF723BF70B574
S31500024B908D8806460C463DB90B688A689B1A2360C7
S31500024BA005230020A37170BDF8F7C2FC96F82720F2
S31500024BB0EB00023A012A98BF033360B1B3F5803F96
S31500024BC009D84FF22441420901FB03220009B2FB34
S31500024BD0F0F22368E2E70220E5E7B2F5805FF8B576
S31500024BE00F460646154619462ED89A422CD33F2A18
S31500024BF028D9B2FA82F40122C4F11F03DBB29A4029
S31500024C0092B2AA422CBFC4F11904C4F11A04E2B248
S31500024C100124931DDBB29C40A4B2AC4214BF012016
S31500024C20002002D096F8013183B996F8243060F359
S31500024C30C71386F824303846FAF70EFD002037628D
S31500024C40B582F8BD0022E3E72120FAE70E20F8E755
S31500024C5070B505460E46144602B313883F2B1DD97E
S31500024C60B3FA83F3C3F11901C9B2062901D8192B84
S31500024C7012D0062928BF062101238A1DD2B29340EB
S31500024C8030462380FAF708FD23882846EE616B82B8
S31500024C90FAF78AFD002070BD0021EDE72120FAE730
S31500024CA00E2070470020704790F82D00704708B517
S31500024CB00B46062200F59E711846FFF755FA0020AC
S31500024CC008BD0429F8B505460C460AD10026F7B2F6
S31500024CD03846FBF7AFF808B13C4602E00136042E2F
S31500024CE0F5D12046FBF7A6F858B195F83C31A34218
S31500024CF009D085F83C4105F59E70BDE8F840FAF703
S31500024D00D1BF2120F8BD0020FCE70022F9F760BCE4
S31500024D10A0F84A30BDF90030C0F89410A0F8482037
S31500024D20A0F84C3000207047F9F78ABD10B514463A
S31500024D3008460121FCF70EFA2046BDE81040012183
S31500024D40FCF708BA70B5044615460E4609B9212085
S31500024D5070BD130617D400F048F931462046FFF716
S31500024D60F9FB4FF6FF739842F1D000F03EF9204668
S31500024D704FF400310022FEF719FE29462046BDE80F
S31500024D807040F9F767BA0E20E2E78021FEF722BEED
S31500024D907FB5531C05AA0292022201920022ADF8A7
S31500024DA0141000921146DBB2FEF71EFE07B05DF844
S31500024DB004FB7FB5531C05AA4FF0040C0292022293
S31500024DC0ADF81410CDE9002C01210022DBB2FEF76A
S31500024DD00BFE07B05DF804FB1FB54FF0080C531C21
S31500024DE00022CDE9002C01220291DBB21146FEF728
S31500024DF0FBFD05B05DF804FB08B50A044FF48031EB
S31500024E00FEF7D4FD002008BD07B591F828300093BF
S31500024E1091F82B3091F8292091F82A10FAF76EF9B9
S31500024E20002003B05DF804FBF8B514468A0706466F
S31500024E300D4601F001070CD43FB1A2044FF48021C4
S31500024E40304602F48022FEF7B1FD6B070FD4002034
S31500024E50F8BD3FB104F00100C4F340038342EBD036
S31500024E602120F5E74FF48021FEF7B4FDF4E7A20610
S31500024E704FF08051304602F08052FEF797FDE6E78A
S31500024E8008B50A054FF48011FEF790FD002008BD13
S31500024E9008B5CA044FF40021FEF788FD002008BDBC
S31500024EA009B141F01001F9F7D5B910B50446F9F781
S31500024EB0CBF901462046BDE81040F9F7CBB90029E7
S31500024EC014BF212000207047D0F8EC30C3B15869D6
S31500024ED0B0B1531EDBB2FD2B10D9036813F1020FDA
S31500024EE008BF4FF0FF33FF2A0B6005D143689A1CB7
S31500024EF008BF4FF0FF334B6000207047012AF4E7EA
S31500024F002120704738B5054610460C46FAF79EFA38
S31500024F10C5B1D5F8EC30ABB15A699AB1431EDBB2D2
S31500024F20FD2B11D90B685D1C04BF6FF001030B60EA
S31500024F301360FF2806D16368591C02D16FF0010382
S31500024F4063605360002038BD0128F3E738B5054693
S31500024F50FCF7CEFE04460021A878FAF709FB2046A4
S31500024F6038BD2DE9F74F01251C469DF8303006461F
S31500024F7001930368174603F0070306339D4005F1C4
S31500024F80FF380B46A1B1416804EA080BA5EB0B0AF0
S31500024F9041F00059524509EB0B0114D95246184605
S31500024FA0FFF7E2F849467A1B5A445044FFF7DCF809
S31500024FB0019B2BB13C4448EA050804EA0804F46064
S31500024FC003B0BDE8F08F1846F0E737B50025144662
S31500024FD00095FFF7C6FF204603B030BDF9F718BDAE
S31500024FE000207047002070477047704710B549008F
S31500024FF004461AB1032938BF032103392268C903BB
S31500025000B2FA82F314D0B1FA81F01B1A002B0DDD2D
S31500025010C3F10F00012838BF012003F01F03D94056
S315000250208A4201D201384908216010BD0F20F7E7F4
S315000250300F20F9E7012805D9023818BF4FF0FF30D3
S31500025040C0B27047012070470A4690F894109B2917
S3150002505001D8F9F73FBA2120704708B5FBF7C0FD22
S31500025060BDE80840FBF7E4BD38B50446FFF7F5FF97
S315000250700546FFF7F2FF431BA342FAD338BD38B504
S315000250800D460446FBF7ACFD35B1844200D9013921
S31500025090204601F0030138BD844238BF0131F7E7EB
S315000250A008B50121FFF7EBFFBDE80840FBF7C0BDDD
S315000250B00B0C23F48053B3F5284FF7B50D468FB288
S315000250C0064699B217D04AF60103994215D04AF616
S315000250D00203994213D0B1F5204F14BF04240324CE
S315000250E0D6F8EC300BB1196859B9D6F8E83093B94D
S315000250F0286803B0F0BD0024F2E70124F0E7022499
S31500025100EEE723463A466846FBF7F0FD019B002B85
S31500025110EBD10098EDE719680029E9D023463A4613
S315000251206846FBF7E3FD019B002BE1D1F1E700F0B6
S31500025130D9BC02044FEA901309D4C3F30903A3F1BD
S31500025140C8006FF4FF739842B8BF184607E06FEACB
S3150002515083536FEA935313F5007F18B2EFD170476A
S31500025160012200210320F9F77BB808B51C20F0F7CD
S315000251702FF84FF0B042936813F0080F4FF0010377
S3150002518002BF9268C2F303129340B0FBF3F008BD6C
S315000251904FF0384359699A6903F500530A405A6138
S315000251A070470E207047FDF793BBFDF791BBFDF7E5
S315000251B08FBBFDF78DBB08B50846FDF7C9FF08BDD5
S315000251C0FDF786BB38B505460C4600F0CCFFD5F890
S315000251D09C301C40D5F898302343C5F8983000F02F
S315000251E0BDFF211E18BF01210020490238BD002043
S315000251F070470139024410B5904201D1002005E002
S31500025200037811F8014FA34201D0181B10BD0130DB
S31500025210F2E7000008B5054BD3F87C03FFF7C2F8A6
S3150002522000F00300C31E5842584108BD900D0020ED
S31500025230EFF31182302383F31188084B49B1D3F877
S3150002524090130843C3F8900382F31188BFF36F8F5C
S315000252507047D3F8901321EA0000F3E7900D00207F
S31500025260EFF31182302383F31188064BD3F8903380
S3150002527082F31188BFF36F8F1840003818BF0120E0
S31500025280704700BF900D002008B5E9F795FA38B1CE
S31500025290044BD3F8940318B103681878C0F340108E
S315000252A008BD00BF900D002008B5E9F785FA50B198
S315000252B0054BD3F8940330B10368188800F0070051
S315000252C0C31E5842584108BD900D002008B5064B32
S315000252D0D3F87C03FFF766F8012801D0F3F76EFDD9
S315000252E0BDE80840F3F764BD900D002008B5FFF74E
S315000252F0CBFF00B9FEE700F025FF00B9FEE701216A
S315000253004FF48060FFF794FF00210220FFF790FF21
S3150002531000214FF48030FFF78BFF00210820FFF7B2
S3150002532087FFF3F745FD0022014B83F8B52308BD3D
S31500025330900D00202DE9F04F4B4DF1B00EAC0290CE
S31500025340E8F7DEF82146D5F87C03FFF7E8F9B4F86A
S3150002535002C0BCF1020F40F2E882274650AE0FCFE0
S315000253600FC63B68BCF1270F336009D92723A288F1
S31500025370ADF84231262A82BFADF844310023539359
S3150002538030AE3146D5F87C0350AAFFF7CFF99DF827
S315000253904271002F00F0C9820DF170080DF1C100B3
S315000253A0A368C8F800001B78A8F80430F3F71CFDC0
S315000253B000F44050B0F5005F40F0BE82207CE8F772
S315000253C042F90DF12009009049464046F3F771FD76
S315000253D0009B99F808B03BB395F8D97567B1BBF154
S315000253E0000F23D0BBF1020F18D149461846E8F741
S315000253F0A3F9471C18BF0127BBF1010F95F8DAA5DF
S3150002540095F9DB651BD1E8F711FEB9F80030D0F843
S3150002541000B0BBF1000F0BD100237DE0B9F80010FC
S315000254200098E8F731F9E4E7009FE5E75F46E3E72E
S31500025430BBF806209A4219D0DBF800B0E9E7BBF1C7
S31500025440020FE9D1E8F7F2FDD0F800B0BBF1000F88
S31500025450E2D0082249460BEB0200FFF7CAFE28B14A
S31500025460DBF800B0F2E700BF900D00209BF80420A5
S315000254709007C2F3400944BF8DF814A04FF001090A
S31500025480510717D595F8DC35F31A5BB2002BC0F23B
S31500025490A7817F2E08BF00238221C3EB0323B3FB20
S315000254A0F1F305A901F80930B9F1000F40F0858240
S315000254B04FF00109130740F1958182228236C6EB2D
S315000254C00626B6FBF2F609F1010305AA02F80960FF
S315000254D05FFA83F9009B002B9ED0B5F8DD354A466C
S315000254E023F4FF43A5F8DD3509F1040385F8DD351C
S315000254F09B2385F8DF35B82385F8E035EA2385F85E
S31500025500E1350023CA4805A909F1060985F8E235FD
S31500025510FEF72AFE5FFA89F34FF0000A13AD5146F1
S31500025520222228460DF1110901938DF89FA0FEF75C
S31500025530B7FC8DF834A089F800A08DF812A0D8F82F
S3150002554000A026AE5046F3F74FFC00F44053B3F5E5
S31500025550005F0DF12C0B40F0E881800640F1E581F9
S3150002556059465046F3F74BFC9DF83430002B00F0B9
S31500025570DC81012B06D14FF6FF73BDF82C209A422F
S3150002558000F0D381D8F800000DF15A01F3F759FC67
S31500025590002840F0CA8195F816B0BBF1000F00F062
S315000255A0C481D8F800A05046F3F7A2FC98B1494648
S315000255B04046E9F7DCFF002840F0B78199F8003051
S315000255C0052B40F0B28140460DF11201E9F7DFFFEB
S315000255D0002840F0AA815046F3F706FC8146E9F717
S315000255E06EFF01464846E9F73BFF002900F00481B9
S315000255F003905046F3F7FAFB039BC9F3812900EBAC
S315000256004300B9F1020FC0B200F0F180B9F1030F05
S3150002561000F0F080FF2800F088813AF800306B83B2
S3150002562001236B7798F806302022B3714FF00003FE
S3150002563000210DF2411928A8B380C6F80090FEF7A2
S315000256402FFC7C4B2A7B9DF811102B609DF81230A3
S31500025650012AA977EB7700F0D680022A0CBF032332
S315000256600023BBF1010F4FEA833300F0CE80BBF17A
S31500025670020F0CBF03200020003918BF012143EAA4
S31500025680C10343EA802343F4005A4AF0020A002A7D
S3150002569040F0BD806A7F002A00F0C48095F8213070
S315000256A00DF1180B03F001034AEA032A4FF4FE0335
S315000256B051465846CBF80430CBF80090F3F7CCFAB3
S315000256C01AF4807FBBF80410BBF8063003D14A1CDB
S315000256D09A4298BF91B250460393E9F7C1FE002859
S315000256E040F0AA80DBF80020039B5846ABF8041072
S315000256F00DF15A01CBF80020ABF80630F3F7B8FAF1
S315000257005046E9F7DCFE002840F0A380DBF80010E3
S31500025710BBF80630BBF804200DF1180B584606916B
S3150002572014A9ADF81E30ADF81C20F3F7A1FAAB7F31
S315000257300699BDF81CA0BDF81EB0D3B1EA7F13438B
S315000257400AF10102934528BF01F80A30184628BF1C
S315000257501FFA82FA0393E8F7D1F80138039B1AFA83
S3150002576080F0834528BF1FFA80FA1846E8F7B1F899
S3150002577003462A88032A09D10AF10102934522BF68
S3150002578095F8200001F80A001FFA82FA02335AFA43
S3150002579083F39B45484628BF1FFA83FAF3F724FB97
S315000257A0002F5BD040F0100080B28DF84101000A54
S315000257B08DF842014846F3F717FB019B002B50D0A8
S315000257C040F4007080B2D8F800508DF84101000A0A
S315000257D08DF842012846F3F707FBC10544D5FEE7DB
S315000257E0002359E6B9F1000F3FF416AE72E6023015
S315000257F0C0B20FE70830FBE700283FF413AF50466C
S31500025800F3F7F4FA06E702232BE7022034E7022A2B
S3150002581003D1BBF1020F3FF43DAF298B6A8B914254
S315000258207FF43CAF43F4015A4AF0020A36E700BF5E
S315000258307313002002000020ABF804105846698B4F
S31500025840F3F70AFADBF80020BBF80410BBF80630BF
S315000258504BE75846298BF3F7FFF957E720F010007C
S31500025860A2E720F40070ADE74846F3F7BDFAC20599
S3150002587000D5FEE7AB7828468DF84331F3F738FBBF
S3150002588070B10DF1130529464046E9F7B9FE002825
S315000258904BD130469DF81310A6F804A0E9F7C4FED2
S315000258A0019B93B14846F3F79FFA830540D53046EC
S315000258B0A6F804A0E9F7D8FE019A41494844FEF742
S315000258C053FC019B53441FFA83FA4846F3F710FB35
S315000258D080B330460099C6F80090A6F804A0EAF70D
S315000258E058F810BB3068B6F804A0A388EBB1A568D7
S315000258F06288013B0135013A9BB2A5606280A380B2
S3150002590003B9E568F3F7F4FA18B12B7843F0040308
S315000259102B701FB12B7863F07F032B7052460298CF
S3150002592050A98DF840A1FFF711F871B0BDE8F08FCC
S31500025930FF20C1E74846D8E795F8D925012F0CBFC5
S3150002594000237378002A31D0029850A9FEF7FBFF94
S3150002595000282FD1207CE7F776FE0028E5D09DF8B7
S315000259604831032B1BD150A9E7F7E6FE0130DCD004
S315000259700298FEF7E6FFE8B9A388002BD5D0A26805
S315000259806188013B013201399BB2A2606180A3802A
S3150002599003B9E268137863F07F031370C5E7022B3D
S315000259A0C3D1BDF84011E7F76FFEDFE703F0070347
S315000259B0012BDCE70228B8D0FEE74FF0020989E5A1
S315000259C06D130020174A9368C3F304430C2B0AD8BD
S315000259D0DFE803F00B0909090909072119091B1D4B
S315000259E01F001148704700207047936803F0407308
S315000259F0B3F1807F11D0B3F1007F10D0002B0B489A
S31500025A0018BF002070470A4870470A4870470A487C
S31500025A1070470A4870470A4870470A4870470A485A
S31500025A20704700BF0040015A405DC60000093D00B4
S31500025A30C0EA210180BA8C010048E801005A6202DC
S31500025A400024F40080841E0040420F000E49D1F863
S31500025A502831A0B10022A3B1834204D183682AB9B6
S31500025A60C1F8283103E01A469B68F4E7936083681D
S31500025A701BB15A6941690A445A61002070472220C3
S31500025A8070470220704700BF183000200A4B1B6F78
S31500025A9003F00703013B032B03D8DFE803F00B03F4
S31500025AA00609FEE7054B18687047044B58687047AD
S31500025AB0034870470348704700800050A03F00200B
S31500025AC080D54302002D310108B5FFF7DFFF044BF5
S31500025AD01B6FC3F301330133B0FBF3F008BD00BF04
S31500025AE000800050014B5868704700BFA03F00205D
S31500025AF038B5164AD2F8803243F00103C2F8803232
S31500025B00134B5B68C3F3080343B14FF0A842D36B50
S31500025B1013F0430FFBD11424204638BD4FF0A8439F
S31500025B20DC6B14F04304FBD10A4DD5F8E43123B9FA
S31500025B30042105F5F270E3F7C6FFD5F8E431013327
S31500025B4043F00043C5F8E431E6E700BF00800050A9
S31500025B5000ED00E0183000202DE9F74F002800F094
S31500025B60CB80664B1A68904203D359680A44904226
S31500025B7004D35B6A002BF5D15B69FFDED3E9054CE2
S31500025B80EFF31188302282F3118810F8082C30F8CE
S31500025B90067CD207A0F1080600D53FB988F3118822
S31500025BA0BFF36F8F012003B0BDE8F08F9968D3F879
S31500025BB010A0A1EBC7010AF1010299601A6130F83F
S31500025BC004EC7D1CBEF1000F00F08C804FEACE0281
S31500025BD00192A6EBCE0292F800B010F8089C1BF0D8
S31500025BE0010F09F002096DD1B9F1000F6DD1B2F8BA
S31500025BF00290B2F806E0AEEB090EBEF1010F71D1CA
S31500025C000237083907EB0905C3F810A0996030F886
S31500025C1002ECBEF1000F69D0D3E9001706EBCE09FC
S31500025C203944894562D216F83E104F4611F00101F9
S31500025C3017D130F8066CAEEB0606012E11D1B9F873
S31500025C400260A9F80210B9F8061001363544002997
S31500025C504AD009EBC10719690139196199680839EE
S31500025C609960002610F8081C20F8066C21F0010144
S31500025C7000F8081C1178013D66F300015580117089
S31500025C80002F35D0C2F107013944C1F3CF01D180CB
S31500025C90B9807CB394422DD86188002908BF144686
S31500025CA0BCF1000F06D0944504D3BCF802100029BB
S31500025CB018BF6246C3E9054288F31188BFF36F8FA6
S31500025CC0002070E7B9F1000F0CD0019F7544C91B83
S31500025CD0996010F8081C21F0020100F8081C002146
S31500025CE0918094E7324692E70F46B4E70027B8E779
S31500025CF0D780CEE71446D3E7222054E77019002056
S31500025D0037B5F8B10024C461EFF31185302484F36A
S31500025D1011880E4CD4F8284114B1A04210D10124A6
S31500025D2085F31188BFF36F8F74B9BDF81C500195C6
S31500025D309DF81850009500F06FF9204603B030BD6B
S31500025D40A468E9E72220F9E70320F7E718300020E4
S31500025D5038B50021044640F2E730054B4FF47A721B
S31500025D601D680023E4FB0501FDF778FE38BD00BF80
S31500025D708C0D002010B50F4B1A689AB14FF47A7148
S31500025D80531E1342A0FB01010ED1B2FA82F2C2F1F6
S31500025D901F04531CD243E04001FA03F3184321FACD
S31500025DA002F20243104610BD0023FDF757FE0246DB
S31500025DB0F8E700BF8C0D002030B5104A4161D2F8D9
S31500025DC028318BB9C2F8280183600CE0491B416176
S31500025DD09D681C462B461DB15D698D42F6D92CB1D4
S31500025DE0A06083602BB930BD0024F5E7C2F8280114
S31500025DF083605A69521A5A61F5E700BF18300020CB
S31500025E0010B5EFF31184302383F31188F0F75CFFAA
S31500025E10074BD3F8FC114FF0B0435B69DB0702D5A1
S31500025E20F0F752FF013184F31188BFF36F8F10BD73
S31500025E301830002070B52C4CD4F82831002B51D0E4
S31500025E4059692A4B002941D0D4F800224FF0B045B7
S31500025E50114408229A61EFF3108672B6F0F734FF06
S31500025E602B6C6A69150704D41A1A032A01D89842B8
S31500025E700ED10B1A022B98BFC11C4FF0B043B1F1E1
S31500025E80FF3F38BF01390822196403F580539A612E
S31500025E90174A304600F062F992F8283043B14FF0C3
S31500025EA0B041CB6B43F00203CB63002382F8283068
S31500025EB00023D4F8282184F804322AB1D18889072C
S31500025EC008D5012384F80432002070BD08229A61A5
S31500025ED05A61EDE79268002AF6D051690B44012B0C
S31500025EE0ECD9F1E72220F0E7183000200010005824
S31500025EF0A03F002010B5F0F7E7FE0B4CD4F80032B5
S31500025F00D4F82811C31A11B9C4F8000210BD002B27
S31500025F10FAD04A699A423ABF9B1A0022D21A4A61B9
S31500025F2028BF00238968EEE718300020F8B5054639
S31500025F3028B3EFF3108672B6FFF7DCFF114B284643
S31500025F40D3F82871FFF782FD044620B1304600F0EF
S31500025F5005F92046F8BDAF42F8D1FFF76BFF2228BC
S31500025F60F4D10122084B83F828204FF0B042D36BBC
S31500025F7023F00303D3630822044B9A61E6E7222443
S31500025F80E7E700BF18300020A03F0020002000589D
S31500025F9010B5EFF31184302383F311880C4B0D4AAD
S31500025FA01B68183B13F1180F04D184F31188BFF351
S31500025FB06F8F10BD19680968914202D09B69183B20
S31500025FC0F0E71B6953F82030002BEED09847ECE738
S31500025FD0003200200000045010B50446E8F7ECFB3E
S31500025FE0B0B1B4F5007F4FF001010ED12046FFF7A4
S31500025FF01FF900211020FFF71BF900210548FFF7C2
S3150002600017F9BDE81040F2F7D3BE4FF48050F2E71D
S3150002601010BD00BF0A0001002DE9F0411F469DF8A0
S315000260201830164603710023BDF81C20C0E903632D
S3150002603007608360C28004460D46F0F745FE284499
S31500026040A0613DB96561CEB1394620463346BDE809
S31500026050F0411847EFF3108672B6FFF74BFF294659
S315000260602046FFF7A9FE064B1B689C4201D1FFF7AB
S31500026070E1FE3046BDE8F04100F070B8BDE8F081BF
S31500026080403100204FF4807370B596B0029201241D
S3150002609021220193102303940493059206910794F7
S315000260A00893099201AA0A9206AA0B9204220C925A
S315000260B011220D920AAA0E900F92109340F6110326
S315000260C01193194B12930EAB1393184B149346F676
S315000260D011031593FFF70CFD1428044620D1EFF3A4
S315000260E0108072B64FF0A8431E681D6900F036F89C
S315000260F04FF0A843032212A95A63196002A9196133
S315000261009A63DA6B9207FCD1142C06D1EFF3108056
S3150002611072B61E601D6100F021F8054B5B6801E056
S315000261200028E5D016B070BDFC3100200400002026
S3150002613000ED00E00846E7F7A7B91046E7F7A4B96D
S315000261400020704708B5E8F737FB20B1BDE80840E4
S315000261500820FFF785B808BD0020704710B962B65F
S31500026160BFF36F8F7047EFF3108072B6704780F3FC
S315000261701188BFF36F8F7047EFF31180302383F3DB
S3150002618011887047012303FA01F1EFF311833022DC
S3150002619082F3118800F5005200F580505165816244
S315000261A083F31188BFF36F8F7047EFF311823023A9
S315000261B083F31188436B82F31188BFF36F8F01203B
S315000261C088401840003818BF012070474FF09843A6
S315000261D05A6CD202FCD5586D00F47020704708B58F
S315000261E028B128220021FDF75BFE002008BD2120F0
S315000261F0FCE7036A042B9FBF00EB83020133D160E5
S3150002620003627047036A10B5052B15D84FF0984202
S31500026210116CC902FCD504339B00136503684FF069
S315000262209844136043681360034653F8081F1160CD
S315000262300022016A914200D810BD53F8041F0132B0
S315000262402160F6E708B508B9212008BDFFF7DAFF95
S31500026250FFF7BCFF0028F8D0B0F5802F17D00BD877
S31500026260B0F5003F15D0B0F5403F14D0B0F5803FF1
S3150002627014BF01204820E8E7B0F5202F0DD0B0F575
S31500026280302F0CD0B0F5E02FDED00120DDE74B2019
S31500026290DBE72A20D9E72C20D7E71020D5E7112003
S315000262A0D3E7836882B013B9816002B0704783680E
S315000262B00193019B5B68012B019B01D15960F4E7B5
S315000262C05B68F5E738B50C46EFF31185302383F3A7
S315000262D011881D2838D8DFE800F00F19371D1F2155
S315000262E03723253737372729372B2D2F313737379E
S315000262F03735373737373733FFF7C8FB0023206088
S3150002630085F31188BFF36F8F184638BD0120EEF76B
S315000263105FFFF3E70320FAE70420F8E70C20F6E72D
S315000263200220F4E70620F2E70720F0E70820EEE76E
S315000263300520ECE70920EAE70A20E8E70D20E6E770
S315000263401020E4E70B20E2E700202123D7E708B577
S31500026350EFF31181302383F31188F0F7B5FC81F353
S315000263601188BFF36F8F08BD000000000000000017
S315000263700000000000000000000000000000000015
S31500026380F8B500BFF8BC08BC9E467047F8B500BF1A
S31500026390F8BC08BC9E4670475FF800F0213E00201C
S315000263A0000000007AFF809F79FF009F73FF809EA6
S315000263B000000000000000000000000000050001CF
S315000263C001000000A13E020044650200010008002F
S315000263D02465020001000800FFFFFFFFFFFFFFFF29
S315000263E0FFFFFFFF000000000000000000000000A9
S315000263F001000000FFFFFFFF4B60D2273E3CCE3B71
S31500026400F6B053CCB0061D65BC86987655BDEBB387
S31500026410E7933AAAD835C65A512563FCC2CAB9F3DC
S31500026420849E17A7ADFAE6BCFFFFFFFFFFFFFFFF43
S3150002643000000000FFFFFFFF96C298D84539A1F47D
S31500026440A033EB2D817D0377F240A463E5E6BCF829
S3150002645047422CE1F2D1176BF551BF376840B6CBF4
S31500026460CE5E316B5733CE2B169E0F7C4AEBE78EF0
S315000264709B7F1AFEE242E34F0100000014DEF9DEC2
S31500026480A2F79CD65812631A5CF5D3ED505341001D
S315000264904B45590014660200F8650200DC650200ED
S315000264A00000000002000000D465020003000000A4
S315000264B0CC65020004000000C4650200050000006D
S315000264C0BC65020006000000B46502000700000079
S315000264D0AC6502000E000000A46502000F00000079
S315000264E09C65020010000000946502002600000070
S315000264F08C65020027000000846502002800000067
S315000265007C65020029000000746502002A00000072
S315000265106C6502002B0000006465020000000000AA
S31500026520000000005F9C95BCA3508C24B1D0B155ED
S315000265309C83EF5B04445CC4581C8E86D8224EDDD5
S31500026540D09F1157E0EB7A7C3B41B8AE1656E3FA80
S31500026550F19FC46ADA098DEB9C32B1FD866205169B
S315000265605F49B800F687020070942B050A8802007C
S3150002657070932A051E88020070922905328802004D
S31500026580708428053E880200708327054A88020027
S31500026590708226055688020070641009628802001D
S315000265A070630F096E88020070620E097A88020013
S315000265B09024070086880200902306009288020033
S315000265C0902205009E88020010140400AA88020088
S315000265D010130300B6880200101202000200000027
S315000265E000000000000000000000000000000000A3
S315000265F00000000000000000020000000000000091
S3150002660000000000EFA80000EFA80000496A0000A1
S31500026610D1A8000002000000ED6A000041D300008C
S31500026620036B0000076B0000636A0000F16A00005A
S315000266300400040003000400020004000100040038
S315000266400000040013B779FAC925DDB7ADF3CFE030
S31500026650F1B614B80102000000000000FFFFFFFFC0
S31500026660020000000100000000000000000000001F
S315000266700000000000000000000000000000000012
S315000266800000000000000000000000000000000002
S315000266900000000010141400101C2030401C2000C2
S315000266A0001C20304010080604000000008005503F
S315000266B00300000000000000406602003C66020083
S315000266C0386602003466020030660200D80A0020EC
S315000266D0C7D50000C9D40000BFD4000005D600000B
S315000266E00DD5000001D50000523000523100523261
S315000266F000523300523400523500523600523700EF
S315000267005238005239005231300052313100523182
S315000267103200523133284C5229004D535000505307
S31500026720500050430078505352004D535020757319
S315000267306564005053502075736564004353544199
S31500026740434B20626F74746F6D004943535200537A
S315000267504843535200494E545F41435449564530CB
S3150002676000494E545F41435449564531004346530E
S315000267705200484653520044465352004D4D415230
S315000267802F42464152004146535200526574300030
S315000267905265743100526574320052657433005288
S315000267A06574340052657435004461743000446186
S315000267B074310000505341004B455900534C2D4F44
S315000267C050454E5448524541442F332E312E312ED8
S315000267D0305F4769744875622D6662323734656682
S315000267E065363B2045465233323B20536570203294
S315000267F03020323032362030303A30303A303000C3
S315000268000000000077000000000000007000000099
S31500026810000000000100000060000000000000000F
S3150002682001000000610000000000000001000000FD
S3150002683063000000000000000100000041000000AB
S3150002684000000000010000004300000000000000FC
S3150002685001000000480000000000000001000000E6
S315000268604700000000000000010000000D150000B6
S3150002687000000000010000005200000000000000BD
S31500026880010000005A0000000000000001000000A4
S315000268905B00000000000000010000004200000052
S315000268A00000000001000000490000000000000096
S315000268B001000000000000000B00000001000000C3
S315000268C0000000000E0000000100000000000000B1
S315000268D06800000000000000300000000000000018
S315000268E00000000066000000000000000100000039
S315000268F02100000000000000010000003600000038
S31500026900000000000100000044000000000000003A
S315000269100100000045000000000000000100000028
S315000269204600000000000000010000004B000000CD
S3150002693000000000010000004C0000000000000002
S31500026940000000002200000000000000010000001C
S315000269500D19000000000000010000003E150000B5
S3150002696000000000000000007109000000000000A5
S3150002697000000000ED8C0200A5EF00000000000000
S31500026980F58C02001BDE000000000000F88C0200FD
S3150002699093E0000000000000FD8C0200FD300100C3
S315000269A000000000028D020021DF0000000000004E
S315000269B0088D020005E1000000000000168D0200AD
S315000269C049E1000000000000E688020099D80000B4
S315000269D000000000EC880200A9D8000000000000B8
S315000269E0268D020055DE000000000000DE8B02004C
S315000269F0B7DC0000E98B020015DD00000000000094
S31500026A0083E3000000000000010000008BE30000A9
S31500026A10000000000200000029040100000000003E
S31500026A2003000000A7E300000000000004000000CD
S31500026A30ADE300000000000005000000B3E3000023
S31500026A40000000000600000067E2000000000000EF
S31500026A500700000091E200000000000008000000AC
S31500026A6031E4000000000000090000007DE30000A0
S31500026A70000000000C00000099E200000000000087
S31500026A800D00000089E20000000000002000000066
S31500026A90A9E400000000000021000000D5E100008A
S31500026AA0000000002200000039E2000000000000A1
S31500026AB02300000051030100000000002400000032
S31500026AC035130100000000002500000045130100F7
S31500026AD0000000002600000005EE00000000000095
S31500026AE027000000A3E200000000000029000000C9
S31500026AF041E20000000000002A00000069130100C4
S31500026B00000000002C0000008113010000000000BC
S31500026B103000000049E200000000000031000000E1
S31500026B2033E20000000000003200000015030100FD
S31500026B3000000000340000009DE400000000000098
S31500026B40350000000B0301000000000036000000C3
S31500026B50010301000000000037000000B9E4000054
S31500026B600000000038000000E1E100000000000023
S31500026B70B000000017E4000000000000B1000000B1
S31500026B801DE400000000000002080000D5290100F3
S31500026B900000000004080000F9E100000000000007
S31500026BA00508000001E200000000000000090000E4
S31500026BB0B3E20000000000000B12000023E4000014
S31500026BC0000000000C1200009913010000000000F2
S31500026BD00D120000C9E400000000000003130000CB
S31500026BE0D1E400000000000000400000D1DA0000FD
S31500026BF00000000001400000ABE2000000000000BF
S31500026C0002400000D3DA000000000000034000004A
S31500026C10EF0301000000000007000000B3DA0000E5
S31500026C200000000020000000D9060100000000005C
S31500026C3021000000D50A0100000000002400000027
S31500026C40290801000000000025000000510801008B
S31500026C50000000002A000000990801000000000060
S31500026C602B000000F9090100000000002C000000C2
S31500026C70B7DA0000000000003000000043090100FE
S31500026C800000000031000000FD08010000000000C5
S31500026C9032000000ABDA0000000000003400000001
S31500026CA0B50D01000000000035000000EDE800000F
S31500026CB000000000360000008DE800000000000021
S31500026CC0370000002906010000000000380000001D
S31500026CD0B3080100000000003B000000F7050100B8
S31500026CE0000000003C000000CFDB000000000000B6
S31500026CF03D000000ED29010000000000B200000086
S31500026D00E1E4000000000000000800006B0C010036
S31500026D100000000001080000510701000000000009
S31500026D2003080000030F0100000000000009000034
S31500026D30650A0100000000000D1200007106010044
S31500026D4000000000031300009D0601000000000081
S31500026D5004130000ABDE0000000000000513000073
S31500026D60F10D01000000000003400000D5DA00002A
S31500026D700000000000000000020203000000FFFF06
S31500026D80FFFF00000000FFFFFFFFFFFFFFFFBCE663
S31500026D90FAADA7179E84F3B9CAC2FC632551000057
S31500026DA00000045001000000000000000000000086
S31500026DB00000000008080000F43F00200000000068
S31500026DC000000100E1190000E119000000000000C6
S31500026DD000000000193F010604100100000101062F
S31500026DE0001027000009000000000000000000005B
S31500026DF0140000006666660000000000D46D020002
S31500026E00C46D0200000A0000001A9A00005A6202CB
S31500026E1080841E0004200000114950020000000078
S31500026E20000000000000000000000000000000005A
S31500026E30B1841E00000000000000000000000000F7
S31500026E4000000000140000006666660000000000F4
S31500026E50D46D0200C46D020000000000001A9A0000
S31500026E60005A620280841E000420FE00114950026C
S31500026E70000000000000000000000000000000000A
S31500026E8000000000B1841E000000000000000000A7
S31500026E900000000000000000FC1F0103F06D02006C
S31500026EA01CC0011000F807001CC00130F5020800E2
S31500026EB050C001008741300C2440060107C0420041
S31500026EC000000000000000000000000300000000B7
S31500026ED020380000584001016402FF00804005018D
S31500026EE05C02A0089BC34A74F00300000000000085
S31500026EF000000000E040010173000000F0400401C0
S31500026F0011010000640483078813C83A9C200A0012
S31500026F1028410101031000003C410B010000000062
S31500026F200000000000000000000000000000000059
S31500026F300000000001000000000000000000000048
S31500026F4000000000000000003C42010100000000B9
S31500026F50A0800201D5C00000D5C00000A8800111A2
S31500026F60F0010000A880013105228D00AC800111DC
S31500026F70F0010000AC80013105228D00B0800101D4
S31500026F8037000001FFFFFFFFCC7202000000000085
S31500026F90FC1F0103446E02001CC0011000F807002A
S31500026FA01CC001301402080050C0010087413004A1
S31500026FB0244006010700620038700000000000004D
S31500026FC0000000030068010F40B824405840010148
S31500026FD0FC006900804005012363E0119BC34A74EB
S31500026FE0F003000003800000BE0A0000E040010139
S31500026FF033000000F0400401590B000064048307CB
S315000270008813C83A90200A0028410101001E000098
S315000270103C410B0100148C00141A21282E343B42E9
S31500027020495043557698BA0C2869000001000000C1
S315000270300721286414171A002004C869A1203A09F6
S315000270403C42010129000000A08002017078030081
S31500027050D5C00000A8800111F0010000A88001310E
S315000270600542CB01AC800111F0010000AC80013178
S3150002707005228D00B080010100030002FFFFFFFF21
S31500027080986E02004063598F404B4C000B000B0078
S315000270901A00FF7FEC3F0020000000008C6F020008
S315000270A000000000906F02004063598F404B4C0075
S315000270B00B000B001A00FF7FEC3F002000000000CF
S315000270C08C6F0200000000000C40020001801400D8
S315000270D07F40000020400200000000000000000087
S315000270E03040070000000000000000000000000021
S315000270F0000000000000000000000000A0070000E1
S3150002710050400100000000005C4002000000000048
S3150002711000000000A840010007000000B44004007F
S3150002712000400000FF4C000000410000FF4D00003F
S3150002713008C001000000000020C00110FF0000008E
S3150002714020C001300043000024C00400EC80B303D9
S315000271504375A802000000002E02000054C003007E
S315000271600E2D09E654060708D1B6020064C00800CF
S315000271700430000040201006C8F248181FE8F60046
S31500027180BD4B721511A3180510325476980A0000E9
S3150002719088C0010000000000080001010407000089
S315000271A0180001010000000020000101088400000F
S315000271B01C4002011000000020F913045C40050186
S315000271C04108000001000000B0070800A700000007
S315000271D000000000944007010101103050707F7FCB
S315000271E00000000000000000000000000000000097
S315000271F000000000E440010100000000EC40010133
S315000272007DA8D98B0041020100612000B7563512D4
S315000272100C410301F95412002030042988BB4000B6
S315000272202441010100000000304103016406660C9E
S315000272300C010000E853FA00684103016404830765
S3150002724088138200000000003042030100000000A3
S315000272500000000E00000000444201010000000090
S31500027260108001010300000038800201114910005C
S31500027270010000009C800101EB400200B480010184
S315000272803700000188000202000C00044C000000D6
S315000272909400010200040000D40001029002960844
S315000272A0E40001023D094204180101026000510294
S315000272B0FFFFFFFFC870020000000000807002009E
S315000272C0010000000000000000F04902C870020040
S315000272D000000000A470020001000000000000008F
S315000272E000F04902B4720200CC72020001000000F2
S315000272F00100000001000000010000000100000082
S31500027300010000000200000002000000020000006E
S315000273100200000003000000030000000400000059
S315000273200400000005000000050000000600000041
S315000273300700000008000000090000000A00000023
S315000273400C0000000D0000000F00000011000000FC
S315000273501300000016000000190000001C000000C7
S315000273602000000024000000290000002C0000007C
S31500027370340000003B000000430000004E00000005
S31500027380590000006A000000820000009700000019
S31500027390E1350100F93501005955010015360100A4
S315000273A0293801002939010073390100303132339D
S315000273B034353637383941424344454600000000E9
S315000273C000000000000000000000000000050001AF
S315000273D0010000000104010303060105010501097C
S315000273E00600060B0000070B050B0000000000005C
S315000273F000000000000000000100A00202020202DA
S3150002740064000000B60000006400000000010000F5
S315000274100000000000000000000000000B00000059
S31500027420736C5F6F745F6372656174655F696E73B7
S3150002743074616E6365000000000000000100040034
S315000274400100100004000200200024000300400096
S3150002745044000400000004000500000008100000BB
S315000274601F0B01000000000004130000A1DB000056
S315000274700000000005130000D10E0100000000000C
S3150002748008100000A50B0100000000000413000014
S315000274903DDB00000000000005130000650E010040
S315000274A00000000050C300001C250000F40100008B
S315000274B0F401000050C300007C150000DC0500004A
S315000274C0DC050000F5DA02001C250000F4010000CC
S315000274D0F4010000E5BF00001C250000F4010000D5
S315000274E0F4010000193F0106041001000001010623
S315000274F000102700000C0000000000000000000041
S31500027500140000000000400000000000E4740200C5
S31500027510A474020000000000082F86000048E8015B
S3150002752040420F0001010000114950020000000014
S315000275300000000000000000000000000000000043
S315000275402A420F00000000000000000000000000B8
S31500027550000000001400000000008000000000008F
S31500027560E4740200B47402000000000000478600C2
S315000275700048E80180841E00010100001149500202
S3150002758000000000000000000000000000000000F3
S315000275900000000055841E000000000000000000EC
S315000275A0000000000000000014000000000080003F
S315000275B000000000E4740200C4740200000000002F
S315000275C0802596000048E80140420F0001080000AD
S315000275D011495002000000000000000000000000F7
S315000275E000000000000000003E420F000000000004
S315000275F0000000000000000000000000140000006F
S315000276000000800000000000E4740200D47402004E
S3150002761000000000802596000048E80140420F0065
S3150002762001020000114950020000000000000000A3
S315000276300000000000000000000000003E420F00B3
S315000276400000000000000000000000000000000032
S3150002765003010000FC1F0103007502003C4001000B
S315000276600000000048400100A00700005040010051
S31500027670000000005C400200000000000000000064
S31500027680B4400100FF4C000054C001000E2D09E673
S3150002769020400401000000861FC0010000600000B7
S315000276A00080000058400401180005008008000010
S315000276B0090000009100040080400C018C000C00BF
S315000276C0000000001300220000000000000000007D
S315000276D00002050D1C2F42536269686053402E1F3B
S315000276E0918220846745332212490200EC40070149
S315000276F090382CAC000000005A10080AD007CA4A7B
S3150002770051104800F9541E804737414A1041020180
S3150002771030194A0589BB400028410101FFFF0000DC
S3150002772030410901F15004430C010000E853FA000C
S315000277300000080010161C22282E343A4046214327
S315000277406587A90B0000C0B4684103015A10080AF4
S31500027750D0074104C1030000304202018993A30FFE
S315000277605EC25D0EA080020170780300D0000000A8
S31500027770A8800111F0010000A88001310542CB0169
S31500027780AC800111F0010000AC800131053EFD0024
S31500027790FFFFFFFF03020000FC1F010354750200F6
S315000277A03C4001000000000048400100A007000024
S315000277B050400100000000005C4002000000000092
S315000277C000000000B4400100FF4C000054C001005C
S315000277D00A2D09E620400401000000061FC0000031
S315000277E00060000000D03200584004016402FF002D
S315000277F080080000010000001100080080400C0112
S315000278000804000000000000D90322000000000066
S31500027810000000000102071121374B5A67696254C2
S315000278204029150500008020434433332392A424C3
S31500027830EC40070190382CAC00000000640483077A
S315000278408813C83A9D200A00016120804737414AC1
S31500027850104102012A144A0289BBC00A28410101C9
S31500027860FFFF0000304109016406660C0C010000AE
S31500027870E853FA000000080012181E242A30363C8B
S31500027880424821436587A90B0000E0C46841030111
S315000278906404830788138200C10800003042020193
S315000278A045966B105C22670EA08002017078030079
S315000278B0D5C00000A8800111F0010000A8800131A6
S315000278C00542CB01AC800111F0010000AC80013110
S315000278D005228D00FFFFFFFF03030000FC1F0103CB
S315000278E0A87502003C40010010000000484001005B
S315000278F02007000050400100000400005C40020026
S315000279000D0F000001010000B440010003C0010098
S3150002791054C001000E2D09E6204004013000004645
S315000279201FC801000020001000800000584004011A
S3150002793018000500400800000900000092000A0035
S3150002794080400C018C002C02000000001200120084
S315000279505B808C1B000000000002050E1C2F4353A7
S31500027960626968615543320416E4B8C68A674533CC
S31500027970224A9204EC40070180B0B18C000000005C
S31500027980640483078813C83A9C200A000161208098
S31500027990B756351210410201A01B0429088840007F
S315000279A02841010100000000304109016406660C0D
S315000279B00C0100004CD4E83B04196F30080E141A6F
S315000279C020262C32383E10325476980A1D5F00006B
S315000279D068410301640483078813820000000000E3
S315000279E030420201000000000008000EA0800201E1
S315000279F070380300D0000000A8800111F0010000D9
S31500027A00A8800131055AFD01AC800111F001000088
S31500027A10AC800131053EFD00FFFFFFFF03040000BD
S31500027A20FC1F0103FC7502003C400100100000002F
S31500027A3048400100201700005040010001040000E8
S31500027A405C4002000D0F000001010000B44001007D
S31500027A5003C0010054C001000E2D09E620400401B6
S31500027A60300000461FC80100002000100080000000
S31500027A7058400401180005004008000009000000F3
S31500027A8092000A0080400C018C002C0200000000CB
S31500027A90120012005B808C1B000000000002050E23
S31500027AA01C2F4353626968615543320416E4B8C613
S31500027AB08A674533224A9204EC40070180B0B18CB2
S31500027AC000000000640483078813C83A9C200A0059
S31500027AD001612080B756351210410201A01B04290C
S31500027AE008884000284101010000000030410901D8
S31500027AF06406660C0C0100004CD4E83B04196F3096
S31500027B000A10161C22282E343A4010325476980A4D
S31500027B101D5F80A468410301640483078813820001
S31500027B200000000030420201000000000008000EC2
S31500027B30A080020170380300D0000000A880011165
S31500027B40F0010000A8800131055AFD01AC80011147
S31500027B50F0010000AC800131053EFD00FFFFFFFF92
S31500027B6054760200809C2B8F80841E000000000049
S31500027B702700FF7F08400020000000005076020028
S31500027B800000000098770200809C2B8F80841E00E4
S31500027B90000000002200FF7F0840002000000000D5
S31500027BA0947702000000000098770200809C2B8FD9
S31500027BB080841E00000023002300B6000840002037
S31500027BC0000000009477020000000000987702008F
S31500027BD0809C2B8F80841E000000240024009D00C0
S31500027BE00840002000000000947702000000000018
S31500027BF098770200809C2B8F80841E00000025004F
S31500027C0025007D0008400020000000009477020055
S31500027C100000000098770200809C2B8F80841E0053
S31500027C200000260026005300084000200000000045
S31500027C30947702000000000098770200809C2B8F48
S31500027C4080841E00000027002700FF7F08400020D6
S31500027C50000000009477020000000000DC780200B9
S31500027C60809C2B8F80841E00000000002700FF7F6F
S31500027C700840002000000000D87802000000000042
S31500027C80207A0200809C2B8F80841E000000000058
S31500027C902700FF7F08400020000000001C7A020037
S31500027CA0000000000C4002000181010000410000BA
S31500027CB020400200000000000100000030400300E6
S31500027CC0000000000000000000000000404002002A
S31500027CD00000000000000000A840010007000000AC
S31500027CE0B8400300FF4C0000FF4D0000FF4D0000AE
S31500027CF008C00100000000001CC0011000F80700C7
S31500027D001CC00130F502080020C00110FF0000006F
S31500027D1020C001300013000024C00400EC80B3032D
S31500027D204375A802000000002E02000050C00100A8
S31500027D308741300C58C0020054060708D1B602002B
S31500027D4064C008000430000040201006C8F248183B
S31500027D501FE8F600BD4B721511A3180510325476B2
S31500027D60980A000088C00100000000000800010116
S31500027D700807000018000101AAAAAA0020000101B2
S31500027D800060DA001C4001011000000030400301CF
S31500027D90000000030000000000000000684002012D
S31500027DA02941767100000000E04002013300000024
S31500027DB0000000000C410101B855120024410101E6
S31500027DC0000000005441050101000000000000000F
S31500027DD0000000000000000000000000384202011E
S31500027DE00000000000000000444201010000000003
S31500027DF010800101030000003880020111491000C1
S31500027E00010000009C800101EB400200B0800201EB
S31500027E10000300023700000188000202000C000481
S31500027E204C0000009400010200040000D40001028C
S31500027E3090029608E40001023D094204180101027B
S31500027E4060005102FFFFFFFF00000000000000007B
S31500027E50000000000000000050C300007C15000076
S31500027E60DC050000DC050000193F010604100100D4
S31500027E700001010600102700000C000000000000AF
S31500027E8000000000140000006666660000000000A4
S31500027E90D46D0200487E020000000000001A9A001B
S31500027EA0005A620280841E000420FE00114950021C
S31500027EB000000000000000000000000000000000BA
S31500027EC000000000B1841E00000000000000000057
S31500027ED00000000000000000140000006666660054
S31500027EE000000000687E0200587E020000000000CA
S31500027EF000478600005A620280841E0001010000CB
S31500027F0011495002000000000000000000000000BD
S31500027F10000000000000000041841E000000000076
S31500027F200000000000000000000000001400000035
S31500027F306666660000000000D46D0200C46D020091
S31500027F40000C0000001A9A00005A620280841E0089
S31500027F500420000011495002000000000000000049
S31500027F60000000000000000000000000B1841E00B6
S31500027F7000000000000000000000000000000000F9
S31500027F80FC1F0103D87E02000C4002000CB1110056
S31500027F9000410000304004002508000000010000F6
S31500027FA0FF00000001030100504001000B00000029
S31500027FB05C4002000F0D000001010000B440040005
S31500027FC001400000FF0C000001410000FF0D00000F
S31500027FD01CC0011000F807001CC00130F5020800A1
S31500027FE020C00110FF00000020C001300013000075
S31500027FF050C001008741300C080001010E17000035
S3150002800018000101FFFFFFFF200001012083B8EDE8
S315000280101C40080110000000000000041FC00100FF
S315000280200030000000100A000000000300000000FB
S3150002803000000000584006016402FF0041080000EB
S3150002804001000000120008007C4E78AB0000000020
S3150002805080400C013200AC0800000000DF032A0059
S3150002806000000000000000000102071121374B5AF0
S315000280706769625440291505000080204344333362
S315000280802392A424EC40050190A8578B000000001F
S31500028090640483078813C83A9C200A00244102011B
S315000280A000000000000000003C410B01000000003F
S315000280B000000000000000000000000000000000B8
S315000280C000000000000000000000000000000000A8
S315000280D000000000000000003C4201010000000018
S315000280E0FFFFFFFF03000000FC1F0103D87E020012
S315000280F00C4002000CB111000041000030400400A7
S315000281002508000000010000FF000000140701001E
S31500028110504001000B0000005C4002000F0D000001
S3150002812001010000B440040001400000FF0C000001
S3150002813001410000FF0D00001CC0011000F80700FD
S315000281401CC00130F502080020C00110FF0000002B
S3150002815020C001300013000050C001008741300CDE
S31500028160080001010E17000018000101FFFFFFFFC2
S31500028170200001012083B8ED1C4008011000000018
S31500028180000000041FC001000030000000100A00B9
S315000281900000000300000000000000005840060135
S315000281A06402FF00410800000100000012000800FE
S315000281B083B187540000000080400C013200AC08F5
S315000281C000000000DF032A0000000000000000009B
S315000281D00102071121374B5A676962544029150576
S315000281E000008020434433332392A424EC4005014B
S315000281F090A8578B00000000640483078813C83ACE
S315000282009C200A0024410201000000000000000038
S315000282103C410B01000000000000000000000000CD
S315000282200000000000000000000000000000000046
S315000282300000000000000000000000000000000036
S315000282403C42010100000000FFFFFFFFFC1F01038B
S31500028250847E02000C400200018014007F40000070
S315000282603040040000000000000000000000000092
S315000282700000000050400100000000005C400200C7
S315000282800000000000000000A840010007000000F6
S31500028290B440040000400000FF4C00000041000012
S315000282A0FF4D00001CC0011000F807001CC0013081
S315000282B01402080020C00110FF00000020C0013097
S315000282C00043000050C0010087413004080001014C
S315000282D0040700001800010100000000200001014F
S315000282E0088400001C4008011000000020F9130455
S315000282F00702620038700000000000000000000360
S315000283000068010F40B8244058400601FC0069008D
S315000283104108000001000000B0070800A7000000A5
S315000283202F00000080400C012363E0119BC34A74B6
S31500028330F003000003800000BE0A000001011030B5
S3150002834050707F7F00000000000000000000000067
S315000283500000000000000000EC4005017DA8D98B5A
S31500028360590B0000640483078813C83A90200A0058
S315000283702441020100000000001E00003C410B01E6
S3150002838000148C00141A21282E343B4249504355BE
S315000283907698BA0C286900000100000007212864BB
S315000283A014171A002004C869A1203A093C420101A7
S315000283B029000000FFFFFFFF05020000FC1F01036A
S315000283C02C7F02001CC0011000F807001CC00130FF
S315000283D0F502080050C001008741300C2440060116
S315000283E007C0520000000000000000000000000369
S315000283F00000000000000000584001016402FF0076
S31500028400804005014B01A0089BC34A74F00300009B
S315000284100000000000000000E040010133000000FF
S31500028420F040040100000000640483078813C83A80
S315000284309C200A0028410101031000003C410B0167
S315000284400000000000000000000000000000000024
S315000284500000000000000000010000000000000013
S315000284600000000000000000000000003C42010184
S3150002847000000000A080020170780300D5C0000051
S31500028480A8800111F0010000A88001310542CB014C
S31500028490AC800111F0010000AC80013105228D0093
S315000284A0B080010100030002FFFFFFFF4C820200C1
S315000284B04063598F404B4C000B000B001A00FF7FA4
S315000284C0EC3F0020000000008C6F0200000000005C
S315000284D0807F02004063598F404B4C001B001B00FB
S315000284E02A00FF7F1040002000000000E480020006
S315000284F0000000004C8202004063598F404B4C0042
S315000285000B000B001A00FF7FEC3F0020000000006A
S315000285108C6F020000000000E88002004063598F61
S31500028520404B4C001B001B002A00FF7F104000201E
S3150002853000000000E480020000000000204002006B
S3150002854000000000000000004040030000000000A0
S3150002855000000000A007000008C0010000000000A3
S3150002856024C00400EC80B3034375A8020000000097
S315000285702E02000054C003000E2D09E65406070819
S31500028580D1B6020064C00800043000004020100684
S31500028590C8F248181FE8F600BD4B721511A318055C
S315000285A010325476980A000088C0010000000000CC
S315000285B0E040020133000000000000000041020119
S315000285C000612000B75635120C410301F95412001E
S315000285D02030042988BB4000304103016406660C42
S315000285E00C010000E853FA006841030164048307A2
S315000285F088138200000000003042030100000000E0
S315000286000000000E000000004442010100000000CC
S315000286101080010103000000388002011149100098
S31500028620010000009C800301EB4002007078030009
S31500028630D5C00000A8800111F0010000A880013118
S315000286400542CB01AC800111F0010000AC80013182
S3150002865005228D00B08002010003000237000001EE
S3150002866088000202000C00044C0000009400010283
S3150002867000040000D400010290029608E400010200
S315000286803D0942041801010260005102FFFFFFFF8B
S31500028690BC8302004063598F404B4C000B000B0019
S315000286A01A00FF7FEC3F002000000000B8830200A2
S315000286B000000000A47C020000000000607B0200B3
S315000286C0010000000000000000F04902B48602002A
S315000286D0A47C020000000000847B02000600000069
S315000286E00000000000F04902D0860200A47C0200CD
S315000286F0000000005C7C0200010000000000000097
S3150002870000F04902EC860200A47C02000000000090
S31500028710807C0200010000000000000000F0490217
S31500028720088702003C85020000000000F484020073
S31500028730020000000000000000F049022487020047
S315000287403C85020000000000AC840200020000002A
S315000287500000000000F04902408702006087020024
S31500028760C8700200000000009086020001000000AE
S315000287700000000000F0490260870200012C20661A
S31500028780756E6374696F6E3A2000617373657274F5
S31500028790696F6E2022257322206661696C65643AD0
S315000287A02066696C6520222573222C206C696E6511
S315000287B0202564257325730A00232D302B2000689B
S315000287C06C4C0065666745464700303132333435B6
S315000287D03637383941424344454600303132333424
S315000287E0353637383961626364656600554E4445ED
S315000287F046494E4544004145532D3235362D4343B5
S315000288004D2A2D4E4F2D544147004145532D3139A6
S31500028810322D43434D2A2D4E4F2D5441470041459B
S31500028820532D3132382D43434D2A2D4E4F2D54416F
S3150002883047004145532D3235362D43434D004145C0
S31500028840532D3139322D43434D004145532D31329B
S31500028850382D43434D004145532D3235362D47437E
S315000288604D004145532D3139322D47434D00414587
S31500028870532D3132382D47434D004145532D323564
S31500028880362D434243004145532D3139322D434261
S3150002889043004145532D3132382D43424300414571
S315000288A0532D3235362D454342004145532D31393C
S315000288B0322D454342004145532D3132382D454331
S315000288C04200656E61626C650064697361626C6523
S315000288D0006661696C65640D0A7374617475732050
S315000288E02523780D0A0073746172740073746F70B5
S315000288F00066616C73650075696E7431365F74204B
S315000289006F743A3A5370696E656C3A3A42756666A6
S3150002891065723A3A47657444697374616E63652891
S31500028920636F6E73742075696E74385F742A2C20B7
S31500028930636F6E73742075696E74385F742A2C20A7
S31500028940446972656374696F6E2920636F6E73740E
S31500028950002F6F70742F73696C6162732F73646B6F
S31500028960732F73696D706C69636974795F73646B75
S315000289705F323032362E362E312F6F70656E746846
S31500028980726561645F737461636B2F7574696C2FB2
S3150002899074686972645F70617274792F6F70656E44
S315000289A07468726561642F7372632F6C69622F73C8
S315000289B070696E656C2F7370696E656C5F62756641
S315000289C06665722E637070002D6E007C2053746192
S315000289D072744368207C20456E644368207C205470
S315000289E06172676574506F776572207C204163748B
S315000289F075616C506F776572207C20526177506F7B
S31500028A0077657253657474696E67207C0D0A2B2D27
S31500028A102D2D2D2D2D2D2D2D2B2D2D2D2D2D2D2D80
S31500028A202B2D2D2D2D2D2D2D2D2D2D2D2D2D2B2D72
S31500028A302D2D2D2D2D2D2D2D2D2D2D2D2B2D2D2D60
S31500028A402D2D2D2D2D2D2D2D2D2D2D2D2D2D2B0D70
S31500028A500A00FFFFFFFFFFFFFFFF002C2000257328
S31500028A60203D2030782530386C7825730075696E84
S31500028A7074385F742A206F743A3A5370696E656C63
S31500028A803A3A4275666665723A3A47657455706453
S31500028A90617465644275665074722875696E7438BD
S31500028AA05F742A2C2075696E7431365F742C2044EB
S31500028AB06972656374696F6E2920636F6E737400E1
S31500028AC06E756D5365676D656E7473203C3D206BE4
S31500028AD04D61785365676D656E74730075696E7462
S31500028AE031365F74206F743A3A5370696E656C3A28
S31500028AF03A4275666665723A3A4F75744672616DA8
S31500028B00654765744C656E6774682829006D5772EF
S31500028B10697465446972656374696F6E20213D20CC
S31500028B206B556E6B6E6F776E006F744572726F72F5
S31500028B30206F743A3A5370696E656C3A3A427566BA
S31500028B406665723A3A496E4672616D654170706544
S31500028B506E642875696E74385F742900656E616289
S31500028B606C65640064697361626C65640066616960
S31500028B706C65643A20636F6D6D616E642073747206
S31500028B80696E6720636F6E7461696E7320746F6FAE
S31500028B90206D616E7920617267756D656E74730DF5
S31500028BA00A0072637000646961676E6F7374696349
S31500028BB073206D6F64652069732025730D0A006446
S31500028BC06961676E6F7374696373206D6F64652084
S31500028BD069732064697361626C65640D0A0061647D
S31500028BE064722D6D61746368006175746F2D6163C3
S31500028BF06B0064696167206665617475726520271A
S31500028C00257327206973206E6F7420737570706FD9
S31500028C10727465640D0A006661696C65643A206364
S31500028C206F6D6D616E6420737472696E6720746F06
S31500028C306F206C6F6E670D0A0030006F744572729A
S31500028C406F7220726164696F5363686564756C65DF
S31500028C5052782875696E74385F742C2075696E7443
S31500028C6033325F742C2075696E7433325F74290057
S31500028C702F6F70742F73696C6162732F73646B73D9
S31500028C802F73696D706C69636974795F73646B5F66
S31500028C90323032362E362E312F6F70656E74687210
S31500028CA06561642F706C6174666F726D2D6162739B
S31500028CB07472616374696F6E2F65667233322F72D6
S31500028CC06164696F2E637070006765740025640DB8
S31500028CD00A00736574006D6F646500696E0D0A00A3
S31500028CE06F75740D0A00696E006F757400636861B2
S31500028CF06E6E656C006377006563686F0067706906
S31500028D006F00706F77657200706F77657273657446
S31500028D1074696E677300726177706F7765727365D7
S31500028D207474696E670073747265616D0025303202
S31500028D3078006F744572726F72206F743A3A53708C
S31500028D40696E656C3A3A4275666665723A3A4F756D
S31500028D50744672616D6552656D6F7665282900737A
S31500028D60496E7374616E6365002F73646B323032C1
S31500028D70362D6669726D776172652F736F757263D0
S31500028D80652F6170702E6300E1C4010029C50100E0
S31500028D90D5C4010035C501001DC501008F4702007B
S31500028DA0CD470200EF470200114802003348020095
S31500028DB069D4010019D4010025D4010019D5010096
S31500028DC0774A02008D430200914302009543020056
S31500028DD0994302009D43020000000000A801000022
S31500028DE0D02D0020FFFFFFFFFFFFFFFFFFFFFFFF6A
S31500028DF0FFFFFFFFFFFFFFFFFFFFFFFFFFFFFFFF7B
S31500028E00FFFFFFFF00021000D8390020782F002054
S31500028E100000020800000000FFFFFFFFFFFFFFFF48
S31500028E20FFFFFFFF0000000000000000000000003E
S31500028E30000000000000000000000000F1D1010067
S31500028E40D5D1010041180200751902000D19020060
S31500028E5020C001B80000000100000101000101016B
S31500028E600000000000000000010100033F000000B6
S31500028E70FFFFFFFFFFFFFFFFFFFFFFFFFFFFFFFFFA
S31500028E80FFFFFFFFFFFFFFFFFFFFFFFFFFFFFFFFEA
S31500028E90000102020303040506080C0C0C00010281
S31500028EA003040707C8C8C8C8C8C8C8C8C8C8C8C845
S31500028EB0030404080808080800B801B802B800B09C
S31500028EC0030404080805000000000000000000007A
S31500028ED00000000000000000E706000048703E0F98
S31500028EE04470000E30707013029890173870260F77
S31500028EF034704C0F30703A102C703A102870C21130
S31500028F002470DA112070300F1C7082121870FE1253
S31500028F1014702C0FB110086001D80A7104B87F785A
S31500028F20020C7E78641000C6881F00A01DB87078F7
S31500028F3003B018600F3027B30F330111C0480698EB
S31500028F40760229B0086001D8087109DD047109BBEF
S31500028F5011101660A048086004100112FF32215059
S31500028F600860D0480860008806982E1400C4441F82
S31500028F7000A000BA03DF107109DF06720298280307
S31500028F801DB8507800A044132814411581100860BA
S31500028F9002D8147110880698121900C014C000B8BD
S31500028FA00698781B009106988C020160B83020D88A
S31500028FB006711EBC637C784D5412F03240DE047298
S31500028FC0404804DB08720DDD0C72044BEF30144886
S31500028FD00698E40400C4E0400054441208620132D8
S31500028FE02140087C811140D91C72B1123032CF4A1D
S31500028FF0013AB1DA107208D8067104D80871804CA9
S31500029000237C5070684C441200C4A41E00A0441471
S31500029010413AF3240164415C412A047580B800C4D4
S315000290206040005481D8307140D90472237C084BC9
S315000290300698E40404BA1CB9767900C1204001B846
S31500029040357906B906A901D8067102980A02804C3A
S31500029050307C02985E0208D86A7100C1544000B89A
S31500029060141110D95E71584C441280BDA26DFF25B1
S31500029070784C4412FC22513A2814104C00C20CC1FE
S3150002908001B82412281408622814086228140862F7
S315000290902814304C304C00C11C4000B8141118146E
S315000290A0086100C5284001B85415FF3504711049FE
S315000290B01814B04C44120862013206710298040177
S315000290C0804C08D80C7107BA24D8047106BA1870F5
S315000290D004D80C7101BA40D80E7102BA0A7005BAE8
S315000290E020D8047203BA204C4411C04C18140861EB
S315000290F018149111383111429111186110D9047264
S31500029100EF3200C1084001B8141110311E6111423C
S315000291102814A1110861181406985E1B181400C1C0
S31500029120084001B814111861FF31181400C14480B7
S3150002913001B81411181408611814308802480698E8
S315000291408603009308DB047101F800A027B00F30F4
S3150002915000A01088B111186180D90A7100C1884037
S3150002916000B80811009100A000C4684000B844107D
S3150002917000A000C088400050041182610410826081
S315000291801050F07200A05415504512710698F4045E
S315000291900698840407B8707802B8417800C220C0E5
S315000291A001B8241206981C1900C5481F00A05415C0
S315000291B0511400C3FF010000313D09647F34069853
S315000291C09602015851280475015841280E758111DD
S315000291D0086102D90472FF0FCC7007B8727800F8E2
S315000291E0EBBD00C0441F00A00411113D10D912713D
S315000291F0FF33186300C1781002B8381107B97479C1
S31500029200581000A006988C020D300472044809DC3E
S315000292100472084800C11CC101B8141100C3D01E53
S3150002922000A0911504351A7218131CBB08D80471D4
S315000292306C7B04D804716A7B1DBB2F7C5B7B16702A
S31500029240044B18131CBB08D804716F7B04D8047135
S315000292506D7B217C0C300260069870040698B60B72
S3150002926000B8B111186140D9067202984A0401BCCD
S3150002927000C2084001B800DC0A7124150265604A82
S315000292800A702C4A241508654C4A043508D904711B
S31500029290202400C13C1F00A0141200DC327120D829
S315000292A0067101B80C70F0DA0C720CDB087102B8A8
S315000292B006987804482400C3384101B834138F7BDA
S315000292C00E7102B9911308DB047203B928707C4946
S315000292D014111110FD300DDC1C7200C0A01E00A07E
S315000292E0041080D8107100C0448001B80410E52033
S315000292F00475804900C3884000B8FFB801201141B7
S315000293000871014118130824014200C1284000B81F
S31500029310141101411C655141911520351E655141BB
S3150002932018132813481300C3844000B8341003D816
S315000293301671073005DC1071B1108F780A7200C3FE
S3150002934084C40350217B1DB8507800B800C13C1F6D
S3150002935000A014121C602150F0300152281100A006
S315000293604024076400C0FFFF0100013C17B0022041
S3150002937001584028067518AC01EC00A0208800C0F0
S3150002938020C001B8041217B4211304123052F87126
S315000293901964402400C35C1F00A0341014110698FF
S315000293A0E80D1961009211592129067600BB11595F
S315000293B00698C80D8762313B0472215A412A00A0E1
S315000293C000C2686000B8B8B91F610D49181200A042
S315000293D0308801B9116100C30000C0FF3110312885
S315000293E000BC002D0C75115418AC01EC312DF47033
S315000293F0196451134155312C009300A000C3C00FCC
S31500029400FEFF50B2313A014250AA00A00698300738
S31500029410FFB0867808715CB86B786E7800C25480AB
S3150002942001B800C0D81F00A004100812B822217A81
S31500029430237A52B8417801B80C6021A809B819609C
S315000294404CA800C0FFD1C1FF4FB2013A00C0002EA6
S31500029450300001424FAA24B86E78ACB9FFB004D8E6
S3150002946004714CB923A906989A0500C0139001000D
S315000294700698200500A00698F40419B81460FFB2F5
S315000294808C620F32826A21400698200549BC21B9B6
S3150002949052B849B207DE2A7105DE0871627C607C29
S315000294A01D0C6179677864786B7862786578637881
S315000294B06078617C010C010C6878020C69786C7822
S315000294C0020C00C22C8001B8277A287A267A6A789A
S315000294D0050C41790A0CB11040D806710298AC0607
S315000294E0784A2B7A327A584A247A00C4000111004B
S315000294F0404A00C0108400000812508800C584103B
S315000295000100FBAD10BD01BB8A6B21B9FAA9C44AA1
S315000295101812217A227A00C0341F00A00410FCA877
S315000295208264411030300129F9A9F8ADFBB082609E
S31500029530FBA80330A0652110044820EC237A04100E
S31500029540037A184A2411DC4A0158002924100475AA
S315000295503150F8B1115081632A71514031400812DD
S31500029560FCB18461FCA90F310E7117B0112817B135
S3150002957011591028FA76C44AF9B11812217A227AB8
S31500029580A07000950812F8A800C20C8001B8207AD3
S31500029590844A00B80812020CA44A087A020C21B8BE
S315000295A04178784A0B7A127A00C2C81F00A0FFB02F
S315000295B008D80472184A241000DC0A7140A8042252
S315000295C0241041A80698960200C2481F00A0241043
S315000295D0015100C4FF01000041391150081200A0D8
S315000295E00698300700BC00C20C8001B8217A52B836
S315000295F04978020C4878020C49B8417852AC21AC41
S31500029600204A087A067A077A49AC00A059B8407807
S315000296105AB101D9FC72427857B8407858B101D98B
S31500029620FC72427800A000C20C8001B8217A227A2C
S3150002963021B8547852B8BC4A24119979127107B9E3
S3150002964015614CA9617800BB03BC0C64147009B99E
S3150002965019614CA9417801BB126300C4002E300087
S3150002966000C0FFD1C1FF4FB1013941414FA9E44AC0
S31500029670C8B8081224AB4CB823A806989A0500C0AD
S3150002968004900100FFB18679047108480698200506
S3150002969000C08009004040A809B8FFB108D904718A
S315000296A003B853A8B11004D80C7156BB607B57BAE5
S315000296B0627A607A02D80C7156BB607B59BA627ABA
S315000296C0607A04B86E783DB8607800C056380000FB
S315000296D000C1B08001B814119979087200C0D6048D
S315000296E0000000C124C000B814119F790472084812
S315000296F04CA82EB8FFB108D906714AA804704BA827
S315000297000FB834A800C00C5E000046B2014246AA59
S3150002971000C12C4001B8141108610631087100B964
S315000297200698421106983414B11101D90E710698A1
S31500029730841B02D906720698920C06982E145114AE
S315000297400698840406981C1106985A1700A00698D3
S31500029750441701D80A711CB85B7807B8757800B847
S315000297604CA84AA84BA800C0F321FFFF46B1013915
S3150002977046A904B86F7800A0FABC1964415C512C62
S3150002978000C0581F00A00410012C06750698840418
S3150002979006986A0FB110186005D8327140BA069859
S315000297A0041404B86578911004D816711CB86E7842
S315000297B000C0684000B8217806986A1101400A7212
S315000297C01DB84278069840140298500B1DB871785D
S315000297D004B86C7841B8427863784478FFB104D90A
S315000297E006720298BC0900C004900100FFB1867996
S315000297F0047108480698200500C32C1F00A000C269
S3150002980074C000B82414481300BC48121C4B1C4AEE
S315000298102414481300BC4812084B584A241448130F
S3150002982001BC48124ABA447A427A4BBA447A427A1C
S31500029830FFB086780472617A4CBA647A657A3DBA68
S31500029840607A4DB942B83FBB5B7966796179020CA1
S315000298506479050C63796079050C627965795A79C0
S3150002986000C2340102B8241305B819603140081247
S3150002987042B86A78020C4A78020C40BCFFB208DA97
S3150002988006714ABA06704BBA627A657A677A667A5E
S315000298906A79667B0298960A00C32C1F00A000C252
S315000298A074C000B8241448131C4B1C4A24144813D1
S315000298B03FBC48121C4A00BC4812084B444A2414B6
S315000298C0481301BC48124ABA647A627A4BBA647A7D
S315000298D0627AFFB3867B0472617A4CBA647A657ADD
S315000298E03DBA607A01D94E71647800C1708001B8C0
S315000298F000C08000080008110698780B42B861780B
S315000299004DB97F797E796A7868786278020C7B79BC
S315000299100F0C7A79140C7479417860787579050C94
S31500029920FFB208DA06714AB804704BB8657801BC12
S315000299301664407002D93C710698780B42B84DB94C
S315000299406878407841787F797E797B790F0C7A79CD
S31500029950140CFFB208DA087171794ABA0670707986
S315000299604BBA7279657A6A78020C4A78050C01BCA0
S315000299701664020C417940790C0C00C04C0102B805
S3150002998048100698E40400C4784000B8007C00C081
S31500029990A01E00A0041180D93271911104D92C7233
S315000299A07F2021200411FD310DDD207200C044808C
S315000299B001B80411E521147600C0244001B804114F
S315000299C08A790871207C104C207C2AB8627851145E
S315000299D000C0581F00A00410012C17B0011187689F
S315000299E0015841280E7605218769415C412D112DCA
S315000299F006700698840442B84DBB7C7B6478020CE0
S31500029A0029B868785114404406750698840442B809
S31500029A1044782AB84278FFB101D90C7100C154804A
S31500029A2001B8CBB80811911004D8147100C0A01E59
S31500029A3000A0041080D8067107B8537800F807B85A
S31500029A4000C1CC1E00A000C220C001B824122811F9
S31500029A50777800F8B1109478387106989602E4B9CE
S31500029A6011591128067600B80C70A0B911590129AE
S31500029A700475A0B8826000C3C01F00A03413012B76
S31500029A80341000C3FFFF00FF42B13139114042A832
S31500029A9000A01DB09178FA7142B86478020C00BA3F
S31500029AA029AA00C4548001B842B84DB900C3C040C7
S31500029AB001B83413977B047240EC020C44785C794B
S31500029AC053AA0A0C281442B84DB9FFB301DB26711A
S31500029AD0244C00C3FF0FFF013814547940784178B3
S31500029AE05579020C5B795A79140C5F795E794A785A
S31500029AF04278347002DB1471527951795079020C32
S31500029B005B795A795F795E791E7004DB1A7100C43B
S31500029B10FF07000000C3342102B848133FBB467B4F
S31500029B20020C5B795A793DBB407B4CBB447B457B3F
S31500029B3000C3301F00A03414403C207100C068C02E
S31500029B4000B8481028131C4B1C483414481028131C
S31500029B50144B44483414481028134AAA4BAA04B892
S31500029B606D781DB851785CB84B784E7800A000C06D
S31500029B7074C000B80411108800B91810684804119E
S31500029B80108801B90B6118102C480411108800883E
S31500029B9000C1231C000018104AB864784BB86478D8
S31500029BA0260C28B000C1FFFF0FF0113871B90B6106
S31500029BB0114028A828B97379747900C21010303080
S31500029BC045AA54790E0C00C0E84001B8041100C23F
S31500029BD03030101045AA0E0C041000881088069822
S31500029BE0540D0091009020888F618F600698540D65
S31500029BF00090886A21400112906A035800C13F3FD3
S31500029C0000001138FFBC022441281138014245AA3E
S31500029C1028B953794AB844784BB8447800900091F1
S31500029C20181000912C48181000916848181000A0CE
S31500029C309168436091694361115B012B1128416070
S31500029C403128315B00BA302806763128204A416332
S31500029C50302806763128104A4163302806763128A4
S31500029C60084A4163302806763128044A416330287F
S31500029C7006763128024A416330280476014A00A05A
S31500029C80115910D906710860086008D90471086074
S31500029C9004D90471046002D90471026001D9047105
S31500029CA0016000A000BA01D806710148112A1F619D
S31500029CB0016001D8F6720138F67200A000C220C017
S31500029CC001B8241211592129127300210E7100C202
S31500029CD038C001B824120121212900A002B020D8DF
S31500029CE0147100C0B01E00A0041002B9457906988E
S31500029CF06813EA7003B09F78087200B806A800F8E5
S31500029D000698300700C5641F00A05088044D1CBC8D
S31500029D1000C0B41E00A0811101D91E71407C0095BD
S31500029D2001150C4D5088044DFFBB1863315B0411BD
S31500029D300698E00D3129F87506985A1A54150698B0
S31500029D40841B01D9087206984A0706700698E60728
S31500029D501CBB547B0698441701D8067202980C0F56
S31500029D60FFB901211038F67281129B7AF07100C296
S31500029D70448001B8241400C0C01E00A004100113C0
S31500029D800020041040500C7200B906981A0F18B938
S31500029D900A7018B906981A0F00B900B80698100F7B
S31500029DA0704A08B80698100F00C2284000B814B8C6
S31500029DB00698100F00C2EC4001B80CB80698100FB6
S31500029DC0202210B80698100F1088308806984A0785
S31500029DD00093009106981A0F00C0C41E00A0041238
S31500029DE0FFB9012121411810009500F831281128E8
S31500029DF00410081200A004B831281128F8B118106E
S31500029E0000A0069872080E700698B60B069872089D
S31500029E1006986412069804079112211900C02C4074
S31500029E2001B80A78097800F810B901BA0698FA1347
S31500029E3006981C1106985A1700C5641F00A08110C7
S31500029E409D78FC7200F8911203321CB900C3A01E61
S31500029E5000A0341300C4B04000541DB84278707993
S31500029E6003DE067144783A707179A11020D8067122
S31500029E700298461080DB1C7102D8187205B80814C5
S31500029E80A11010300248081400B808149110086096
S31500029E9008141DB86278A11000DC0676517900BA62
S31500029EA00698441701D82272911120311D61911032
S31500029EB004D80E7200C1501F00A0141101D90A71F4
S31500029EC0208806984211009200C1204000B801DBAA
S31500029ED01871084C03DE0471904C441400C3FF1F32
S31500029EE00000413BFF233811944900C3384101B8B1
S31500029EF03413086380DB0C7103BA186206982E10BD
S31500029F000870186206982E100C49087909791410FF
S31500029F102140081100A000BD0698700210B903DCAA
S31500029F20047100B901BA0698FA1302D90671004003
S31500029F304E7203B118610F3106986A11FFD8287262
S31500029F40811008D8187106DD0A710698700203DCC2
S31500029F500C720698AE11069840140C7006DD10714C
S31500029F600698B411487020B804A806DD1072069847
S31500029F7072080698040701F840B804A800F800C061
S31500029F80A01E00A00413086301DB227191100111C7
S31500029F90186111381DB910D8087144790298461013
S31500029FA002DBFA72A11328DBF47203BD06981011C4
S31500029FB0069872081DBA7F7A0698E40400C5681FDF
S31500029FC000A00698700200BA03DC1672044DA110B6
S31500029FD002D804711C4D00C10CC101B80698A00438
S31500029FE05415212D0698300502989C0891100155AA
S31500029FF003355150011900A000C14C1F00A01410D6
S3150002A00001D8427101480860FE200E75811020D8E1
S3150002A010087100C1501F00A0141101D9287100C097
S3150002A0202C4001B80412215108610F3118611152F6
S3150002A030281000C0084001B80411911221512031A4
S3150002A0401152211900A0811380DB067201B800A00B
S3150002A05000C314C001B8341006302E726C4B341291
S3150002A0601C4B3410186002302072811080D8DE71C9
S3150002A0703410014A08620460803021508C480A710B
S3150002A0807F234D233410013000A000BD0698101125
S3150002A0901CB847784578437802B8447800A00698F9
S3150002A0A072080698AE1100C5741F00A054150698D2
S3150002A0B0300502989C08B1138F7B0A7200C384C4D0
S3150002A0C00350017B0698341400C1384101B81411BB
S3150002A0D08F790E7100C1B84000B800BA06982E10EA
S3150002A0E050BA0698041406986A11FFD84A7191105C
S3150002A0F004D84872811008601CD8407220D9387280
S3150002A1001112FF322151347180218021111400C0B5
S3150002A110D81E00A00413FFBA3151113A215111532E
S3150002A1201DB938107B7940440E7200B900C2AC1ECC
S3150002A13000A01812067004B8607806982E1400F86B
S3150002A14000B900C2A44000541812644A0AB918128F
S3150002A1501CBA507A517A1DB942795F7900A00698E5
S3150002A160700207DC1072911000200A7506986412BC
S3150002A1700298580F0698040701B9911004D8047181
S3150002A18000B910BA0698FA1300BA0040347100C03A
S3150002A190A01E00A00411086101D9127104D9E2724D
S3150002A1A08110086001D8DA711DB8647800C11CC13B
S3150002A1B001B80698A00401B81160002A047600BA14
S3150002A1C000C5781F00A05415212D06986412069822
S3150002A1D04A0700C57C1F00A000F800BC811108D9FF
S3150002A1E0167280D9207201B910BA0698FA13004085
S3150002A1F00E7101BC10700698AE110698401420B874
S3150002A20004A800F80698641281110231127100B98D
S3150002A21000C2144000541812244A02B918120698B1
S3150002A220AE1100C5801F00A054150698E21A0298C6
S3150002A2309C080411012114711CBA737A04200412B9
S3150002A2402811042004110121F47200A00698E404E6
S3150002A25000B8011A01F80698441701D81671FFB919
S3150002A260012110380E7281109B78087104B9677942
S3150002A27000F8911010D8287100C51CC101B85411FC
S3150002A2800698E00D00C5C81E00A054155129EA75AE
S3150002A29007B876781DB8447801B804A800F8B1105A
S3150002A2A0186010D82E7100C05040005400C30840F8
S3150002A2B000B83114984C44113411086101D9FA716D
S3150002A2C04412281008622810086228100862281012
S3150002A2D0E8700298AA0206988C02113804721E626D
S3150002A2E002BB00C1D81E00A0141120390C729112B3
S3150002A2F010DA0672417B00A00698341400C2A01E32
S3150002A30000A0241220DA0472617B1CBA527A00A0E1
S3150002A3101CBA727A811204DAFC7200A01CB86B783D
S3150002A32000C0684000B82F7800A00698441701D8EC
S3150002A3303A7100C22C4001B82410036091112031F9
S3150002A3400151383111501D6008121DB9457900C2FC
S3150002A350448001B8241200C0C01E00A004101820B8
S3150002A3600020041020500471657910631EB96379C8
S3150002A37000B902EC00CD114502EC00CC01DB0871FC
S3150002A38000BB0298C81803B841110731FA211C769E
S3150002A3900621911210DA087102DD10721E7020B8C1
S3150002A3A00698A40D3038147208B80698700400C0D6
S3150002A3B02C4000B82978207800F8056020D806716C
S3150002A3C00298021602EC00CA05B823DA187104DBF9
S3150002A3D0DA7120DAD67110DAD2721EB8617800B854
S3150002A3E001DA067202EC00C8911110D9267100C179
S3150002A3F0B81E00A014111150FF300C720761A11093
S3150002A400115002300A7180DB0A720AB89E701DB9B9
S3150002A4107C791860911111402111C0311140011946
S3150002A4201EB8411108D90471667820D9047265787C
S3150002A430A11002D80672C0DA1E711EB8273123DDBA
S3150002A440087210DB1072607825DD0A7121DD087250
S3150002A45008DB0471627803B8411107310872A1154D
S3150002A4602035AA7102DD2072A11120D9A07102D96C
S3150002A4701672CCDA9872411140D9927206B8054D1D
S3150002A4805A720298A41421114049C0D94C71A031C4
S3150002A49041154035026551410461086308DA1E72AE
S3150002A4A004DA36721049A1150235067110DB0E72F6
S3150002A4B001340A7108DB22711EB86778CC3211109A
S3150002A4C01A300ADC0872CCDE0471FD3100C00D0FB1
S3150002A4D00C0D216001D85C7207B80298CE1400BA3E
S3150002A4E0411108D90C7102EC00CA05B830DAEC72D7
S3150002A4F00734F031036101DA0471014900C0F30047
S3150002A500A3E3216001D8D27100C09814406821608B
S3150002A5104030014440DA0471204C04320262204A7F
S3150002A520111006301F60014218311D611142029856
S3150002A530EC14204A00C00517085021601130014270
S3150002A5402088FFBB0DDA507100C1DE1B250180BCDD
S3150002A55004DA107208DA0A7200C120841000E024BC
S3150002A560A02408634143026401DA06711E49024BC4
S3150002A57000C0201F00A008633810BC2002DA127146
S3150002A58001B91159A11380DB087100C100FCFF015A
S3150002A59018100298541800C4A01E00A0441080D8B7
S3150002A5A07C710092D0DA06710DDA0C711EBD437D04
S3150002A5B0EFBD0698060304620DDA8672A11105D96B
S3150002A5C05C7100C24040005424121424281401D99C
S3150002A5D0067202D9327140D91E7102EC00CA2110EC
S3150002A5E018320471FA2220D804720822FE22087553
S3150002A5F002EC00C8F87001D90E7102EC00C802D94B
S3150002A600067204DC187200C0A01E00A004101D60B1
S3150002A61001D806711EB8647807B873780298C8180C
S3150002A62000C0A01E00A0041080300A7100C0C41E23
S3150002A63000A0041000A00698441701D82E719110AC
S3150002A64010D828728110A0D8227203B084781C72A6
S3150002A65000C12C4001B814100DBA487A697A6B7A97
S3150002A66008111CB87B7807B8757800A0641000C67C
S3150002A670881F00A0C3B80698760200C4441F00A033
S3150002A68014BA2814B1108F780A7200C084C4035019
S3150002A690017891101030011905BA0698041402D9EE
S3150002A6A0067101B804A800C0A01E00A004130698F3
S3150002A6B0561180DB067102984E141DBA7C7A01DBB4
S3150002A6C06A7100C2241F00A024111114FF3402EC87
S3150002A6D000C8FF24FA7608610698B40D04611138A1
S3150002A6E00F3004611114011141100698B40D01D8FE
S3150002A6F0087203B80298CE140C4A01DB22712410A8
S3150002A70011281128041202300471106200C0FFFFE2
S3150002A7100000213800C2204000B8FF200812411074
S3150002A72008600698B40D01D87C7120BC103376718E
S3150002A73000BB00C1201F00A01415C021112C51120C
S3150002A74018620F320E71408851140698EC18414374
S3150002A7500094511208651C620F320E714111511498
S3150002A7600698EC181C6441430865513B00C1DC1E87
S3150002A77000A01411111231100F30127100BA0561C6
S3150002A78001D80471114201600FD8F47231100360CE
S3150002A7901E30047201B8003A087204B80298CE1448
S3150002A7A00298BA1600C0384101B804118F791471A3
S3150002A7B07F20692004110861303110DD06711DBA4F
S3150002A7C0637A0698040300F830885088FF340871CB
S3150002A7D002ECFF24F87002EC00CD1410595001442B
S3150002A7E00421FF22F2720F4C0095009300A000C1D3
S3150002A7F0A81E00A0141100A030880698341B8111EF
S3150002A800086102D906720298F8191CBB557B0861C9
S3150002A81020D906710298E8190088A11018600698D6
S3150002A820121908211415FC251EBB5C7B5D7B00C139
S3150002A830084001B814110731FE21307608D82A7271
S3150002A8405113FC23341304DB20711863FF33315B8D
S3150002A85000C110C000B81411086180490C71FF31A3
S3150002A860302954751EBB7B7B10707B7B7C7B00DDA5
S3150002A87004717D7B01BB3815EC25541300DF54713E
S3150002A880042505DF54715415211120880698E00D20
S3150002A890009251293E7500C1084001B8141102DB2D
S3150002A8A00C710731315B31292A760C7004DF08728C
S3150002A8B0016180D91E720698121900C010C000B834
S3150002A8C00698781B069812191411FFD9607202981D
S3150002A8D03E1A0090009300A05415A111186110D9D8
S3150002A8E0A672082508D8A071082510D89A71208862
S3150002A8F021110698E00DFC255412112AF82554114F
S3150002A9000C2520D80871F02554111025202904762B
S3150002A9102159181500920298AA1907B9717981105E
S3150002A92010D80A711CB8447802B841781CB97479F7
S3150002A93004B9677900F88110A0D808711CB9497961
S3150002A94000A0086002D8FA710698121910880698B3
S3150002A9503414106210DA087108211415F025541106
S3150002A96000C20020FEFF202912750698841B01D919
S3150002A9700A72069872080698040700941CBB4110D6
S3150002A9800C200698561341110821141006985613E6
S3150002A9903128441111120861FF31FF32012210528F
S3150002A9A010721861181404244413042438140C7009
S3150002A9B01861214118140824081402982E144044E0
S3150002A9C0147100C1AC1E00A0141551131C630FDBD9
S3150002A9D00C7219650698F404411500A000C378406C
S3150002A9E000B83413807B067206980407069834145E
S3150002A9F008BB51140698A21A4415FC25541500C327
S3150002AA00784000B83413807B047100A002983005A8
S3150002AA101CB900C3A01E00A03413086308DB1A7118
S3150002AA208113A0DB0671497910706979086302DB2C
S3150002AA30087204B9677900F800A08111086102D989
S3150002AA4010711CB97579069812191411FF3100A0FC
S3150002AA50FFB900A0041008211411F421081100A066
S3150002AA608111106110310E71069812190821141104
S3150002AA70F821141100A00000C8B7FD7F01000000F4
S3150002AA808CAA0200803E0020930000000100000014
S3150002AA9000000000000000000000000000000000AE
S3150002AAA0000000000000000000000000000000009E
S3150002AAB0000000000000000000000000000000008E
S3150002AAC0000000000000000000000000000000007E
S3150002AAD0000000000000000000000000503F0020BF
S3150002AAE000000000000100000F000F00000000003F
S3150002AAF0000000000000000000000000000000004E
S3150002AB00000000000000000000000000000000003D
S3150002AB10000000000000000000000000000000002D
S3150002AB20000000000000000000000000000000001D
S3150002AB30000000000000000000000000000000000D
S3150002AB4000000000000000000000000000000000FD
S3150002AB500000000000000000010101003D69000044
S3150002AB6015C100005363000049BE00006167000082
S3150002AB7079BD0000636300009163000097630000E3
S3150002AB8049C200009D63000001000000030505B5EF
S3150002AB904001800000000000B5000000000001B581
S3150002ABA0000080000000000001000000C0EA210150
S3150002ABB000F04902FFFFFFFF00400B0000A000006B
S3150002ABC038320020C8000000FE000000000000002D
S3150002ABD09073020001000000000000000000000067
S3150002ABE0E8720200000000000E00000040000000B3
S3150002ABF0E472020000000000FFFFFFFFFFFFFFFFFD
S3150002AC00EC7202003BFFC8000A0029002000000087
S3150002AC10FFFFFFFFFFFFFFFFFFFFFFFFFFFFFFFF3C
S3150002AC20FFFFFFFF0000000003000000783800204D
S3150002AC30284000200000000078380020E03800207C
S3150002AC40483900200000000000000000000000005B
S3150002AC5000000000000000000000000000000000EC
S3150002AC6000000000000000000000000000000000DC
S3150002AC7000000000000000000000000000000000CC
S3150002AC80FFFFFFFF0000000000000000FFFF0000C2
S3150002AC90D88D020007450200FFFFFFFF6D49020043
S3150002ACA069490200FFFFFFFFFFFFFFFF7149020034
S3150002ACB0FFFFFFFFC90C020004F8FFFF0D000000B2
S3150002ACC0000001FF0D01FF405AB4FF00F96F0100B9
S30D0002ACD01D620000F56100009F
S50326CE08
S70500000000FA
