S02B00002F73646B323032362D6669726D776172652F67656E6572617465642F636D616B655F6763632F62756F
S214004000C80A00208B3201002DB8010031B801002B
S2140040100539010035B801003DB8010089320100BC
S214004020893201008932010089320100893201009B
S21400403041B801004466020089320100893201005D
S214004040893201008932010089320100BB66000016
S214004050893201008932010089320100893201006B
S2140040608932010089320100D76C010089320100D3
S21400407019C9000089320100893201008932010025
S214004080893201008932010089320100893201003B
S21400409089320100633A0100893201008932010049
S2140040A089320100E9320100C9320100893201007B
S2140040B0893201008932010089320100A1310200F3
S2140040C0AB510200A7510200D1280200C1510200E4
S2140040D0AF51020061310200B35102002118020004
S2140040E0E131020089320100893201008932010083
S2140040F089320100893201008932010089320100CB
S21400410089320100893201008932010089320100BA
S21400411089320100893201008932010089320100AA
S214004120893201008932010089320100893201009A
S20800413089320100CA
S21400414070B5104A104C114DE3695E0714D4082868
S21400415001D12B4213D103EA00068E4207D10B4A47
S2140041601A40002A14BF6FF00100002070BD013A0B
S214004170EAD16FF00200F9E74FF0FF30F6E76FF094
S2140041800100F3E78096980000000350020001004B
S214004190000000000000000000000000000000001A
S2140041A02DE98048B74BCFB05B691A0B03F03F038D
S2140041B0012B8DF8E8208DF8E93015D1B24B9A6DB9
S2140041C0D50311D45A6B6FF3162242F4BC1242F494
S2140041D0A0625A631A6B22F4704242F440421A6399
S2140041E01A6B42F4E0621A63BDF8E830B3F5807FDC
S2140041F00CD14FF000531B68A44B1B68A44B1B68E4
S214004200A44B1B68A44B1B68A44B1B68A44AD2F89B
S214004210803043F00303C2F88030EFF3118330227E
S21400422082F311889F4D95F85120002A40F017829E
S214004230012285F8512083F31188BFF36F8F6FF04A
S21400424004035024984A994913F0800F03F10100A3
S21400425040F0FE810B443D2883F800430346F3D12B
S214004260934BD3F84C21140300F1FE81D3F8504150
S214004270E4B2904B904A93F90060904B26441A6043
S214004280874B86F308061B6F03F00703032B01D149
S21400429021F01AFC13F0FCF8032842D045F60E0372
S2140042A00221794AC2F88030854B9962012103F5D4
S2140042B080539962936DD803FCD4824B8249136174
S2140042C0936903F0004343EA064343EA042343F0BA
S2140042D0407343F03C039361136A23F00D031362AB
S2140042E0936A23F0330343F001039362664A936DA7
S2140042F031EA0303FBD10221714B9962936D590099
S214004300FCD4136923F4700343F4001313614FF0D5
S21400431000426B4B9A61022203F580539A62012297
S2140043209A62634BD3F89840684B5A68012A00F0AB
S214004330A18113F0ADF8042807D1654813F060F8A2
S214004340574A136F43F480631367624A24F040733E
S214004350D16811F0060FFBD19168936090684340D6
S21400436013F4F81F05BF5C4B594A91601A6013F0AE
S2140043708FF8042812D121F0A7FB13F041F8012092
S21400438010F026FF5549464A884294BF0020012077
S214004390136F23F4806343EA80231367444B504A29
S2140043A0D3F8C0303E4C23F040739360266F4848E5
S2140043B0C6F38026731C85F8523013F021F8236F5D
S2140043C043F480632367236F23F0070343F002035D
S2140043D0236721F079FB13F013F8236F324923F497
S2140043E0806343EA86232367236F23F4505343F402
S2140043F080632367D1F8FC2012F080721EBFD1F8CC
S214004400FC3023F08073C1F8FC30D4F8803023F001
S214004410030343F00203C4F8803032B1224AD2F8D4
S214004420FC3043F08073C2F8FC301D4BD3F82021DB
S21400443022F0070242F00102C3F82021D3F88021BF
S21400444022F0030242F00102C3F88021D3F8402193
S21400445022F0030242F00102C3F84021D3F86021A3
S21400446022F0030242F00102C3F86021D3F8402292
S21400447022F0030242F00102C3F84022D3F80022E1
S21400448030E000BF00C0075000C0005000400020D1
S2140044900080002000C00020000001200040012015
S2140044A000800050B019002000ED00E000E100E0C0
S2140044B00080E00FF831002000F04902A43F002001
S2140044C000D000502008B00B0300014000C001508F
S2140044D000B4C40400000150A03F002080F0FA029F
S2140044E00040015A22F0070242F00102C3F80022FF
S2140044F0D3F8082222F0070242F00102C3F808228D
S2140045006D4A536A23F0010353624FF0E0221369A9
S21400451043F004031361694B5A6F42F001025A6775
S214004520DA6E22F03002DA66EFF31186302383F378
S214004530118895F85330002B3DD14FF0B044604AB7
S2140045401360604A1360604A136063680BB110F032
S214004550EDFF012300215D4A5360A1605C494B607A
S2140045600223E3606023E3631F23936153614FF0EC
S214004570B0439A6A12F00802FBD11A625A685B6866
S2140045800BB110F0D3FF0127514C676010F0CEFF3F
S2140045904FF0B0434FF48062DF604E4BC3F880218B
S2140045A01A601220A7613AA921F08CFE3A9A4A4B6B
S2140045B01A60002A64D186F31188BFF36F8F12F059
S2140045C081F8464A464CD2F8C030464E23F0FF03E8
S2140045D043F0A003B4424449C2F8C0305BD026F092
S2140045E01F03203BB3F1005F56D2404B0A683B489E
S2140045F023F01F0343F00303C0F89820C0F89C3054
S2140046003B4B0132C0F8A0300A60BFF35F8F052233
S214004610324BC3F894205A6A42F480325A62BFF38F
S2140046204F8FBFF36F8FBFF34F8FBFF36F8F314E38
S2140046303AAC0FCE0FC43368032023602AA921F0BA
S21400464041FE10B92A9A002A62D1062012F04AFECC
S21400465003F00F03043B13441C760346F4E583F390
S2140046601188BFF36F8FFBE5234B1C88FF2C88BF98
S2140046708024FEE521494A609A699207FCD158E6F3
S214004680002340F2E7311E481FF0E8F91D4B85F87D
S214004690537018608FE71C4B08681C4FC2F89800D0
S2140046A043F001030130B442C2F89C70C2F8A03057
S2140046B00860AAD099E700BF00C00750004000502D
S2140046C0403100201832002014320020002000580C
S2140046D00010005800E100E08C0D002000ED00E026
S2140046E0803E0020203E00200C3200209F3E00200E
S2140046F0E1FF0020C07302000001E00F00E001505F
S21400470018FCFFFF880D0020000001200300002099
S2140047109DF8F4308DF8F900032B98BFC0494FF090
S214004720010698BFC85C4FF4E1335843430803EBD7
S2140047304213B3FBF0F3203BC3F313033C9340F266
S21400474001130421012222A8ADF8883010F01EFFC4
S2140047503AA813F07FFB4FF00112B24B0027C3F8C4
S214004760C425102203F58053C3F8AC25042203F5B4
S214004770E033AD4C5E6000205A612E7112F0D0FD21
S214004780AA4817F04EF8B4F85830B4F85A10A26E8B
S21400479001EB43010139342011F057FF04F16C009E
S2140047A017F03FF8B4F85830B4F85A10E26E01EB40
S2140047B043010139072011F048FF04F1700017F09B
S2140047C030F8B4F85810226FF1403144304611F0FA
S2140047D03CFF04F1740017F024F8606D626F11302E
S2140047E080B2B4F85810043011F02FFF04F17800AE
S2140047F017F017F8B4F85810A26F01390C2011F012
S21400480024FF04F17C0017F00CF80521E26F9420D9
S21400481011F01BFF04F1800017F003F8D4F8802095
S214004820B4F85A10082011F010FF0920C4E91877D0
S21400483012F076FD10F06CFE4FF050234FF400326D
S2140048401A67C30709D432463146174601FA07F3FA
S214004850034002F1010200F05182754B03EB47035F
S2140048601B8D744A062B116873480C918AB24FEA66
S214004870114140F04A824FF20F03994240F04282C3
S214004880B2F5406F28BF4FF4C06202804FF000536D
S2140048904CF23C325A80694A536A43F4702353629E
S2140048A0EFF308834FF0CD31654A043B934280F026
S2140048B03D820A2012F034FD012012F031FD022064
S2140048C012F02EFD032012F02BFD00239B6AB3F599
S2140048D0804F5AD21A685B4B9A4256D195F854606C
S2140048E016F0FD0651D1584F3B78002B00F0588249
S2140048F002233B7008214FF48033544A5448C2F8D0
S2140049008011C3601160534A136100239B6ADB6900
S21400491098473B788046012B40F0D08202F00CF995
S214004920013040F0BC82AA6E4B4B1A66EA6E5A669D
S2140049302A6FC3F870216A6FD20700F1BC82474A1B
S2140049405368013313D195F8543083B94449496804
S214004950C90748BF5360434B5B68DB0744BF01236E
S2140049605360414B5B68D80744BF022353601BF07B
S21400497053FDAB6D83F31188BFF36F8F3E70B8F1B4
S214004980000F02D1012385F85430042012F0C8FC31
S214004990052012F0C5FC3549354811F07DFD06208E
S2140049A012F0BEFC072012F0BBFC11F09FFE0820A0
S2140049B012F0B6FC0B2012F0B3FC244B1A689101DF
S2140049C004D44FF00072C3F880211A601A685201AE
S2140049D004D44FF08062C3F880211A600C2012F0D5
S2140049E09FFC0D2012F09CFC0023C4E90233C4E9AE
S2140049F00843C4E90D431F4AE06C2361236484F82E
S214004A004430A4F8C43084F82830E36184F83C309D
S214004A102363C4E9003311468368A2F150082BE0F3
S214004A20A566020000C00350843E0020EC3E002035
S214004A30AC730200000000201E11002000ED00E014
S214004A400800002007B0CD5ED20A002000E100E09A
S214004A5000A0004400900044008000440040002075
S214004A600080055000C0055000000650A06D0200F2
S214004A70281A0020D43E0020984750BBE06C0368FC
S214004A80984730BBE06C4146436898470646D0B925
S214004A9047460146C4F89800C4F8C00084F8BC0035
S214004AA0A4F89400202208F19C001FF0F9F947F8BA
S214004AB0846FC7E90166E06CC8F89060C3689847E1
S214004AC0002800F0FD819B4802F0C9F99A4802F0E0
S214004AD0C6F901230E206B7112F022FC0F2012F093
S214004AE01FFC102012F01CFC112012F019FC05F01F
S214004AF00BF8122012F014FC132012F011FC1420F4
S214004B0012F00EFC152012F00BFC162012F008FC1A
S214004B10172012F005FC20F0EBFF884B18205B688E
S214004B2012F0FEFB192012F0FBFB0021084611F0E4
S214004B30B3FC08B1122809D13AA813F0F9F928B93C
S214004B404FF0FF309DF8E8101FF07AFC1A2012F0A4
S214004B50E7FB1B2012F0E4FB12F006FA1C2012F012
S214004B60DFFB1D2012F0DCFB142200213AA81FF008
S214004B7097F9734B3AA94FF0FF303B931FF0F2FDC5
S214004B801E2012F0CDFB1F2012F0CAFB00270123C7
S214004B903AA94FF0FF30CDE93A778DF8EA301FF0AA
S214004BA0AFFC202012F0BCFB212012F0B9FB6FF006
S214004BB00A014FF0FF301FF0D8FD222012F0B0FBA4
S214004BC0232012F0ADFB17F067FC394640225D4803
S214004BD01FF066F9302239465B481FF061F9594EDE
S214004BE05A4B5B4ADFF8AC91DFF8AC81DFF8ACE1FA
S214004BF0BB4606F1400CA3F118074FF0240A00212B
S214004C000AFB0BFA534843E9061643F8040C07EB75
S214004C100A0043E9049843F808EC01770162CBF1F7
S214004C20000000F01800604442F8140C4A4842F8AD
S214004C30181C42F8100C494843F8241B42F80C0C88
S214004C404748203642F8080C464842F8040C4648C6
S214004C5050440177016242F8241B0BF1010102293E
S214004C604FF0010B0391C8D1584620F0F9FA0346DD
S214004C70002840F09881002000213C4A4FF6FF793A
S214004C80C2E9000141F60B22394F7F21BA80394A2A
S214004C903948C5F8042120223B600493ADF82C90D7
S214004CA08DF82EB01FF0FCF847F67F714FF0FF38F6
S214004CB04FF0800A314A049B1180314A31491288EC
S214004CC0C5F82411A5F814212F4A243912683AA8E9
S214004CD0C5F81C212D4A0BAE1288CDF8E880A5F841
S214004CE016212B4AA5F818A11268C5F820211A46E5
S214004CF017F030FC002800F00481FEE7102A7FF44D
S214004D00A4ADAEE54FF4C062BFE540F20726B3425D
S214004D100AD14FF20F06B14206D19A4202BF4FF0B7
S214004D2000524CF23C3151800380B4E543F804193C
S214004D30BCE500BF9C3E0020B03E002000ED00E039
S214004D40006A1800441A0020841A0020A80D0020CB
S214004D50D00F0020CD1D010071DC00006DD40000D6
S214004D60A1DC0000A9DC0000B80F002030110020F4
S214004D704C1100208D2A01007F1300207D13002097
S214004D80068E0200D81A00200C8E0200048E020046
S214004D90088E0200711D010061D4000015DC0000C1
S214004DA04FF0010822962A9687F80080EFF31183C9
S214004DB0302282F31188AB651BF026FB95F85C3039
S214004DC04BB911F093FC30B98D498E4814F03EFA79
S214004DD008B985F85C808C4B5A686A678B4A9A607B
S214004DE01A6EAA665A6EEA66D3F87031884A2B673E
S214004DF0884B5968481C39D04FF480138B40136693
S214004E000423834A4FF0804113664FF48063136691
S214004E10102313664FF400534FF000081366116614
S214004E205366D8F82830B3F5804F10D201233AA83D
S214004E308DF8E830CDE93B8801F067FE3C9B5905CC
S214004E4005D5D8F828302AA91B6C22A89847229A9C
S214004E506F4B1A662A9A5A6695F85C20002A3FF429
S214004E6049AD2A6E1A666A6E5A6643E595F854305E
S214004E70002BC5D1684B5B6813B94FF480131366DB
S214004E80664B5A68624B12B94FF400121A66644AAF
S214004E905268002AB4D14FF480021A66B0E701F0D7
S214004EA04BFE40F2011398423FF43DAD5D4AD36895
S214004EB0D807FCD437E500229A6040E501265DE578
S214004EC0384606F041FC00287FF4FDAD04F01CFED9
S214004ED0064600287FF4F7AD4FF4844009F061FBE6
S214004EE0003818BF0120504B504A83F85000504BF2
S214004EF002201A604F4B1E6102F0CCF902F072F9E4
S214004F00E7E54D493A9817F0A5FE00B1FEE703998C
S214004F103A981FF00EFB00B1FEE748493A9818F0A1
S214004F2091F800B1FEE759463A981FF0EEFC00B142
S214004F30FEE759463A981FF0F6FC054600B1FEE734
S214004F40014652463E481EF0ABFF3D4B59463A9846
S214004F50A3F83C8083F87E8083F83E90A3F87C908C
S214004F60DFF8E88017F05CFB3A9BC8F8003003B91E
S214004F70FEE721A3D3E900234FF0FF304FF0FF31C7
S214004F8009F03AFC2946384609F046FE5946584686
S214004F9020F04EF93146D8F8000017F019FB00B1A2
S214004FA0FEE70DF0ABFF10F0B3FA264B4FF40032DD
S214004FB018604FF0502324201A6712F0B1F925200C
S214004FC012F0AEF90027204DDFF8848095F8E43023
S214004FD0002B40F0D780C5E90135C5E903356B6184
S214004FE04FF6FF73DFF86C90B9F800609E4233D13D
S214004FF0FEE700BFAFF300800AE020FF22020000B9
S214005000101A0020D80A00200080004455CEAC00BC
S21400501000900044004000200080055000C005506D
S2140050200000065000000440B0190020E16B0000AC
S214005030980B00209C0B002007001100F473020060
S214005040B811002024140020D80D00200C110020D8
S214005050581B0020E0120020FEB9B3460DF1340ABA
S214005060C6F104013AAA89B20AEB0600CDF8E8B008
S21400507013F00FF8002840F09D803A9B1E44032E44
S214005080EED9DAF80030002B00F095806FF0004281
S214005090934208BF0123B14A1360B9F80030C5E94E
S2140050A0075501336D62A9F8003008F008FA0026AB
S2140050B0AB4B05F13001A86200F18040A94A6B6352
S2140050C0E963A863EE6205F108002D630AF081F932
S2140050D0FB23A54AA5F85830EB6930219B1A1E22FF
S2140050E0DB10B3FBF2F34FF00B0B4FF6FF7A9F4A41
S2140050F0DBB201FB032305F18000C5E91C35C5E9D9
S2140051001266C5E91E662D6485F844B0A5F846A06B
S2140051102E656D650AF090F805F190000AF08CF89F
S21400512005F1A0000AF088F8914B05F15409C5F87E
S214005130BC3005F1B803C5F8C4304846C5F8B850C9
S2140051400AF060FE4846C5E91366AE6485F844B0CA
S214005150A5F846A00AF056FE0C23C5E93766C5F842
S214005160CC30C5F8C850A5F8CE60A5F8D06085F854
S214005170DA6085F8E4600AF09FF80123C5F8E800D5
S21400518085F8E4307B1C022B48F8045B4FF00107DF
S21400519005F1F0057FF41AAF764ED6F8A881C6F86A
S2140051A0B081B8F1000F08D16A21734B734A744876
S2140051B016F080FBFEE701236DE7724D4FF0000A04
S2140051C02B4643F8E98B6B6105F6E903AB614FF4B8
S2140051D0006305F114073846AB83C5E908AAD6F87C
S2140051E0AC910AF05FFE2F662B460427013FC3E909
S2140051F019AA03F10803F9D1C823DFF8ACA10020EF
S214005200C5E92CA34FF6FF73A5F8B8305E4B002116
S214005210C5E93037042385F8E0305C4BC5E92277D2
S214005220C5E92477C5E92677C5E93401C5E936011D
S214005230A5F8847085F8A870C5F8AC70C5F8BC8071
S214005240C5F8C870C5F8E47085F8E87085F8ED789C
S21400525085F8EE78A5F86879A5F86E79A5F87079DE
S214005260C5F88079C5F88479C5F88879C5F88C7949
S21400527085F89079C5F8947943E90201D5F800A03D
S214005280C5F8A079A5F8A479BAF1000F00D1FEE719
S2140052903F4ADFF818B13946C5E90A25A3F1B00040
S2140052A07822CBF800501EF0FBFD4FF0FF32374B54
S2140052B0C5F87629374AA3F50D607721C5F87279C7
S2140052C0C5F87A79C5F86A79C5F8E978CAE937255C
S2140052D0C6E902250BF0C4FF2C4BA3F6E4000AF047
S2140052E001F82C4A294BC8E93725C9E937252A4A47
S2140052F0A3F80678C3F81828284AC3F81488C3F811
S2140053002428274AC3F81C78C3F82088C3F82878CE
S214005310C3F82C88C3F83028C3F83478DBF800309C
S214005320C5E90178AB42C5F80C9016D1262011F0DD
S214005330F7FFFF2011F0F4FF37711A4B93F8C430D3
S214005340002B39D0174B1B6893BB164A02F184001A
S21400535082F8C43006F0F8F92EE0FEE7E4120020EA
S21400536039F40000D0660200D80D0020F8120020A4
S21400537025290100B01900205F8D0200207402006C
S214005380698D0200F81B0020651D0100982500208D
S214005390111D01001D1101004300010009E000007D
S2140053A09DF30000843E002000F8FF07081100204F
S2140053B093F85020022AC6D0B84B9D6C2F46002F7B
S2140053C05AD1EFF31182302383F31188A36C5B1B51
S2140053D0A36482F31188BFF36F8F94F8943023B1DF
S2140053E0AF4806F01DF984F89470AC4B93F8BC30C7
S2140053F09BB10323AA482AAA3AA912F025FB60B952
S214005400BDF8A8303A9833B1A4490278D1F8C03034
S2140054101344C1F8C03001F021FEA24D2B7823B111
S21400542006F07DF92B78002B4BD19F4B1B78002B79
S21400543047D001239D480DF12A020EA912F004FB65
S2140054400546002840F075820E9F7B885A1E042A67
S21400545034D80622DFF878B2398802FB03B2B2F8F5
S2140054608A2091422AD1023B032B0AD8DFE813F0A8
S214005470DE00EF0032014C02884807F0D7FB013F00
S2140054809DE7042286F8B421002286F8B521012281
S21400549086F8B6216FF07F023B7986F8B72196F83A
S2140054A05020002A40F0C080012B18BF24258048D9
S2140054B0C0F8B85100F5DA7001F07BFE0E9801F0E6
S2140054C0CDFD764A93680BB9D36823B1734801F0D3
S2140054D0EFFE0028F5D0714B5B68002B40F03C8255
S2140054E06E4B302793F844804546EFF3118987F3D7
S2140054F0118870480EF0FAFA89F31188BFF36F8F9F
S214005500002840F06082EFF31182302383F3118885
S214005510624B93F84430984540F2748200235F490A
S21400552081F8443082F31188BFF36F8F0022604BFE
S214005530D3F8B0315F685A60002F40F067825E4D46
S214005540D6F8B0312A780993022AD3B200F08F82B7
S214005550032B00F066820BB901232B70574B1D6896
S214005560002D00F09E84284609F0CAFE05F58D50F1
S214005570012314AA1AA9083012F066FA002840F08F
S214005580818405F5805393F8A62112B9012283F889
S214005590A62100231A9ABDF850909A428DF838300A
S2140055A008BF99460121C5F8902004220DF1380B5A
S2140055B005F1900A85F86F1950465946A5F894905B
S2140055C0A5F89630A5F8989085F89A30A5F89C909E
S2140055D085F8E02085F8A8300AF0EAFFD0B99DF9F2
S2140055E038309DF83880002B14DAD5F8843901332A
S2140055F0C5F88439C8F3011385F8713905EB8303C0
S2140056005B682B60002B40F05582062241462846F8
S2140056100CF062F8002385F86F391A9801F01EFD29
S214005620002800F02F84FEE7122540E7042386F8C2
S214005630B431002386F8B531022386F8B6316FF010
S2140056407F0386F8B7312423C6F8B83123E01C4A16
S2140056503B1D07F1240153F8040B8B4242F8040B60
S214005660F9D115F0CBF8174B17491A68054601F51E
S214005670D6701EF079FD06227B88C6F8B85102FB6C
S21400568003B26FEA43436FEA5343B2F88C20A6F89E
S214005690B631A6F8B4210D480EE700BF843E0020C0
S2140056A0083F00208C0B00204C3F0020800B002081
S2140056B0B0190020C43E0020E81200200811002087
S2140056C0E019002000400020C0190020641B0020C4
S2140056D0AC730200C24890F85030002B00F00581F1
S2140056E02022002122A81EF0DBFBBE4B07F1040897
S2140056F01B78052B02D1032001F0CCFD2AAA08F165
S214005700200C1346D8F80000D8F8041008F1080852
S21400571003C3E0451A46F4D14021B34804F0D3F958
S214005720B8B9B14B0DF1C80C03F1200E62461868EB
S2140057305968083303C273459446F7D100230DF128
S21400574068083A93424640213AAB2AA812F02EF94E
S21400575090B10125A24BC3F8B85106227B8802FB04
S21400576003BB6FEA43436FEA5343BBF88C20A6F8AB
S214005770B631A6F8B4218EE79C4B98E803009980D2
S214005780090C9DF87620186099711C98BDF8741065
S2140057905A73C3F80700A3F80B1007F124023AABBC
S2140057A007F1440E9C46106851680832ACE80300C6
S2140057B072456346F6D18E4B0DF5847C03F1200EC0
S2140057C0624618685968083303C273459446F7D191
S2140057D0002301224FF4844014A905F00FF88046F8
S2140057E0A0BBDDF85090D9F80430D9E9081A1B0A96
S2140057F031D1B9F8003003F4E042B2F5805F10D042
S214005800B2F5005F0DD044F2010223F440509042FE
S21400581007D003F44F43B3F5824F02D0B3F5844F5D
S2140058201CD1BAF1100F1CD84AAB524618461EF0CF
S2140058309BFC0021CAF1100250441EF031FB484682
S21400584008F09AFEB8F1000F00D168B150213AA8CE
S21400585002F0ECF87DE76FF08608F0E76FF0850859
S214005860EDE76FF08908EAE7502114AB22AA3AA8C0
S214005870CDF8508012F09AF8804650213AA802F0EF
S214005880D5F8B8F1000F02D0202122A8E0E7554B4A
S2140058901B78032B03D1574B186804F0E2FF14A8BB
S2140058A001F073FC544B0FA817934FF440730F93FB
S2140058B001F073FC0F9BDFF848E11693002322A942
S2140058C0CDE914E3199320224A4B14A804F02CFDCA
S2140058D08046202122A802F0A9F8B8F1000F7FF434
S2140058E038AF042001F0D6FC34E7112280F8B93135
S2140058F080F8B82180F8BA3180F8BB31402100F535
S214005900DE7002F093F828E74FF0AA334FF0AA3281
S214005910CDE91023042386F8B431002386F8B53188
S214005920052386F8B6316FF07F0386F8B731082373
S2140059308AE61B280DD12A4D95F8FC31002B3FF442
S214005940C0AD05F2FD1001F034FC002385F8FC31F3
S214005950B7E505F0E4FEB4E5EFF31185302787F3ED
S214005960118826480EF0C2F8814685F31188BFF3E9
S2140059706F8F99F84C30A9F10405022B14D12846F4
S21400598001F02EFA80B109F12C00D9F8A08020F0A1
S214005990CDFA4FF000034046294689F84C300EF009
S2140059A0ADF8284620F0D8F8EFF3118587F3118874
S2140059B012480EF09BF8814685F31188BFF36F8F6F
S2140059C00028D6D18CE54FF00003013D03744368F0
S2140059D0C068984715F0FF057FF487AD93E500BFD4
S2140059E0B0190020940B00206C1B00209C0B00209C
S2140059F08C1B0020B40C002000024805883E0020C6
S214005A0000240001A3EB0803DBB288E5B8688742F0
S214005A1016BF83680027BB600023836043689847EF
S214005A208AE50CF0D8F9B04BD3E9002390429941AF
S214005A30FFF494ADDFF8E882D8F8000000B9FEE77E
S214005A401E22AA4BAA49C31ADB10B3FBF2F330227C
S214005A50DBB202FB03110B7F0F7667F382030B7733
S214005A600CF0DAF90123C8F800702B7076E50CF01C
S214005A70B2F99D4BD3E9002390429941FFF46EADF5
S214005A80DFF89C82D8F8000000B9FEE7974B4FF08D
S214005A90300EA0EB030C1E234FEAEC0CBCFBF3FC11
S214005AA093495FFA8CFC0B233A460EFB0C110CF064
S214005AB061FBD7E7504622A90AF0EBFF002840F02A
S214005AC05281DDF888B0BBF1010F08D040F2D881D2
S214005AD0ABF10203032B40F2FD80052288E102238E
S214005AE08DF83C30B5F896304B4505D050460FA99A
S214005AF00AF05EFD00B1FEE79DF83C300DF1E80AC5
S214005B00022B40F08E805046D5F8009009F094FBAA
S214005B1000214FF01E08774BD9F81C201970734BE4
S214005B20DFF800C2D01AC010B0FBF8F0C0B24022B6
S214005B300CEB80101EF0B4F9D9F81C206B4B6E48A5
S214005B40D31ADB10B3FBF8F3DBB24022002100EBE4
S214005B5083101EF0A5F9012009F11C0B1FF080FB35
S214005B6048B1584609F09CFB00B1FEE701201FF043
S214005B7077FB00B9FEE74FF000084FF6FF71D9F843
S214005B801C0008F05DFE58462AA9CDE92A880AF0CE
S214005B9063F94FF6FE71D9F81C0008F093FE5046E4
S214005BA009F04AFBCDF800A0524653464146D9F8C4
S214005BB01C0012F0BBF84146D9F81C0009F026FA82
S214005BC0404613F0DDF84FF6FF7A0B2309F1540038
S214005BD089F84430C9E91388C9F84880A9F846A06E
S214005BE00AF010F995F871392B4483F86A8983F81E
S214005BF0728983F876A983F87A89286EC5F8808931
S214005C00C5F88489C5F88889C5F88C890AF04AF9E8
S214005C107022802128460BF05FFD002800F0AC8043
S214005C20FEE7032B54D101238DF8E83000235046BD
S214005C30CDE93B3300F069FF3C9B9C0245D52F4CD9
S214005C4063680BB10FF0BAFA01222D4B5A60A36AB3
S214005C509806FCD402230125A3606362294B5D608D
S214005C600FF0ACFA254BE5609A6AD106FCD4022206
S214005C701A639A6AD206FCD40323214A5361A2F51A
S214005C80805293614FF480221F4B1A604AF6E85008
S214005C901E4B1F4CDA6ED96E22F0030218661D48A2
S214005CA042F0020241F00301C0F82044DA66D966E9
S214005CB0DA66D966DA66D966DA66D966DA66BFF370
S214005CC04F8FBFF36F8F30BFFEE7134B134A1A6038
S214005CD00DF0FAFE2A902AA950460AF0DAFE18B30A
S214005CE00BF0F2FA024683E0F0120020D80D0020F6
S214005CF0F81200206913002084100020004006508F
S214005D00006006500050065000E100E000400050E1
S214005D100000FFFF00E003500000002002020FF02A
S214005D2030140020041000202A9BBBF1030F0493BC
S214005D3043D0ABF10403012B0ED8BBF1050F42D1C3
S214005D40049B0322BB493AA80BF050FE3A9B0393F0
S214005D503B9B0593082341E0002241462846049BCE
S214005D600BF04AFC40B10BF0AFFA9DF838800246C3
S214005D70414628460BF0ADFC95F8ED2895F8EE3830
S214005D809A4202D028460BF001FF95F871299DF83B
S214005D9038302A4492F8E91803F00F0331B18B42E9
S214005DA01EBFD5F888190131C5F888190F2B0CBF0E
S214005DB00123013382F8E9382CE441462846049A48
S214005DC00CF000FACEE7049B03229B4912A80BF0C6
S214005DD00DFE129B0393139B059307230793059BC6
S214005DE003F001030693039B3BB9069B2BB90D22D8
S214005DF0414628460BF06DFCB4E70023B5F896B094
S214005E0085F89B30A9EB0B0293B21A465046A5F8CC
S214005E109CB0A5F89E903AA908930AF0FFFE0023CE
S214005E20059A85F86F3905EB6200059B069AD945F9
S214005E3088BFA5F896B05B101AB1039AEB589B582A
S214005E400393039B9847012385F86F3900287FF456
S214005E5047AF05F1600941464846049B079ADDF8BE
S214005E60E8A00BF0D2F858B95146089A286E12F0FE
S214005E7047FE28B948460BF009F900283FF47CAFE6
S214005E800022B5E705F5805393F8A6314BB105F12E
S214005E9014000AF09FF820B905F58D50143009F06B
S214005EA021FA0021084620F057F94FF0000ADFF8E3
S214005EB0AC91624DEFF3108072B6B9F8028020F014
S214005EC04DF9B8F1000F3DD14FF4F8501FF0C8F966
S214005ED060B34FF480701FF0C3F9594D8146002817
S214005EE000F0C0802B6841461B684FF480701B781A
S214005EF013F0200F534B0CBF4FF0000999461FF0CC
S214005F0097F9434600222968C1E90422EFF311817C
S214005F10302080F3118886F8452281F31188BFF37C
S214005F206F8F29684A46886A0CF024F9464A099B0E
S214005F309B1A1E22DB10B3FBF2F3DBB2012B40F2FE
S214005F40B380FEE785F800A0EFF3108072B6B9F8CC
S214005F500220BAB1B9F80030013A09EB8301D1F852
S214005F600C80B9F804100133B3FBF1FC01FB1C33C1
S214005F70A9F80220A9F8003020F0F0F8B8F1000FD8
S214005F8002D1FEE79046F7E7DFF8D4B098F80C3079
S214005F909BF81720C3F3800363F341028BF81720A6
S214005FA098F80C3003F0FB0388F80C309BF81720A9
S214005FB0DB0963F300028BF8172098F80C3003F027
S214005FC07F0388F80C3098F801308BF8063043468B
S214005FD013F80C2BABF80420CBF8003098F90330FC
S214005FE01A4A8BF81530137098F80230184A8BF856
S214005FF016301370D8F80430CBF82830D8F80830AC
S21400600003930BF0E8FE0022039B8342DBF8280094
S21400601028BF01F1FF31D218CBE9022118B90A488E
S21400602009F07AFC0B4809F077FC41460A4812F062
S214006030FDFC3FE7807402005C74020058130020E9
S2140060402411002088110020D80D00206B1300209A
S2140060506A130020C80E0020E415002098150020C2
S214006060581100204FF400701FF0FAF8804630B147
S21400607049464FF400701FF0DBF80F2342E74FF459
S21400608080601FF0EDF8814638B141464FF48060DD
S2140060901FF0CEF8C1460E2334E701464FF4805079
S2140060A01FF0C6F80B232DE7394A52F8230020B11B
S2140060B00368022B01D108F027FDEFF3108072B6BB
S2140060C0344DB5F8028020F049F8B8F1000F24D01E
S2140060D008F075FB08BBEFF3108072B6698861B1F3
S2140060E02B8805EB8302D768AA880133B3FBF2FC42
S2140060F002FB1C332B804B1E6B8020F02FF807B959
S214006100FEE73B7913B1012B24D0FEE7B968386867
S2140061100BF082FE38461FF01FFD1F49A1F1480014
S21400612008F01EFBE0B11C49A1F1480008F018FB7E
S2140061300546F0B91949A1F1480008F011FB0546DB
S21400614000283FF4FAA82846154908F01FFB284601
S2140061501249F2E77A89397A386808F05EFED9E79C
S2140061600E49A1F1480008F0FBFA0028DBD1FFF742
S214006170E4B80C4B0C4A19780C4B2846002918BF7B
S2140061801A46114608F002FB28460349CEE700BF30
S2140061902811002034150020D80D00200010002003
S2140061A08DD800000411002073D80000B9D8000074
S2140061B00348044B834202D0034B03B11847704791
S2140061C0CC400020CC40002000000000064B0749D1
S2140061D0C91A891048BF0131491003D0044B0BB1CE
S2140061E001481847704700BFCC400020CC40002034
S2140061F00000000010B5064C237843B9FFF7D8FF1F
S214006200044B13B10448AFF300800123237010BD84
S214006210503D00200000000078AA020008B5054B9B
S2140062201BB105490548AFF30080BDE80840FFF7FD
S214006230CDBF00BF000000000030002078AA02009A
S214006240A3F5803A704700BF174B002B08BF134BCF
S2140062509D46FFF7F5FF00218B460F461348144A6C
S214006260121A1DF01DFE0E4B002B00D098470D4B4A
S214006270002B00D098470020002104000D000D4898
S214006280002802D00C48AFF3008015F041FC200037
S2140062902900FDF785FF15F02BFB00BF0000080066
S2140062A00000000000000000C80A0020C80A002005
S2140062B0803D0020000000000000000008B5C36F0D
S2140062C00A462BB1D0F88010007A9847012008BD06
S2140062D01846FCE70246D0F8940068B9937B73B979
S2140062E0D2F8900050B9D2F88C3043B9537B127B69
S2140062F09B1A58425841704700207047184670470E
S21400630040BA80B24140C1F303135940080380B23B
S2140063104840490101F4FF5148407047024610B515
S21400632044180020A24200D110BD12F8011BFFF74E
S214006330E7FFF7E738B5044645180020AC4203D11E
S214006340831A5842584138BD14F8011BFFF7D8FF8E
S214006350F4E721B10020012308800B70704722204B
S2140063607047EFF31183302282F31188064A1078C3
S21400637020B1064A1088003818BF012083F3118820
S214006380BFF36F8F704700BF803E0020C80A002012
S2140063904FF4E13070474FF4E1307047EFF311836C
S2140063A0302282F3118883F31188BFF36F8F704712
S2140063B03021094A937852684B4303F1A04303F512
S2140063C08023DB6E92689B1AB3F5897F3ABF038001
S2140063D000200120704700BFC80A0020F8B5164606
S2140063E0044600258F1FAF4201DC00200CE020464B
S2140063F003780134142B08D10521B0F80520FFF7E7
S21400640099FF10B106B13580F8BD0135EBE72DE9EF
S214006410F3470746EFF31188302383F311880125ED
S214006420DFF880A01E4E9AF802400DF10600A54047
S2140064305C4304F1A044B56204F58024D4F864906B
S214006440FFF7B6FF28B1756288F31188BFF36F8F28
S21400645009E0BDF80630BB4208D3756288F31188A0
S214006460BFF36F8F2E2002B0BDE8F0874A46FB1AB6
S2140064709BB2013B63F30E126266236F43F0020386
S2140064802367636E43F4801363667565236FAAF80B
S214006490087023F003031A7B60F341021A73D2E7F5
S2140064A000100450C80A00208B7C01F12C02013336
S2140064B08B74036813B9CB62026070471846F8E71E
S2140064C0C06C836A03B11847704701230B7470478A
S2140064D0C388B1EB431F3FBF03684A0953F8220045
S2140064E001F01F013ABFC84000F0010000207047CD
S2140064F010B5C38823B9CA885AB9ABB1012017E0D2
S214006500026802EB830252F8042C002AF3D1013B06
S214006510F0E70C6804EB820454F8044C0CB9013A1A
S214006520EAE79A42EAD30FD8013B5A1C01D1002071
S21400653010BD026852F823400A6852F8232094429D
S214006540DCD803F1FF33F0D24FF0FF30F0E730B580
S214006550C38823B9CA885AB9002B3DD136E00268F1
S21400656002EB830252F8042C002AF3D1013BF0E739
S2140065700C6804EB820555F8045C4DBB013AEAE76B
S214006580B1F9045003D2B1F90400404226E0B0F954
S2140065900420002A03DD002D0CDA01201EE0002D69
S2140065A008DD3AB14FF0FF3018E003F1FF330BD2AD
S2140065B0504213E0013B016851F8235054F8231071
S2140065C08D42F2D9104609E0591CF4D1002005E0AE
S2140065D0002BD8D09342D3D9B0F9040030BD0022A6
S2140065E0154BB3F90010884202D1B3F90200704788
S2140065F00132042A03F10403F3D110F1910F15D0F0
S21400660010F1900F0ADA10F1970F12D010F1930FD5
S21400661014BF4FF0FF306FF06F00704710F1860F19
S21400662014BF4FF0FF306FF0710070476FF06F00CF
S21400663070476FF06D007047A06302008A4228D052
S21400664001F0FE43B3F1A06F14D102F0FE43B3F1A4
S214006650A06F0FD182EA010333F47E130AD10B0434
S21400666008D5C1F30541C2F3054291428CBF002014
S2140066700120704721F47F03B3F1106F0BD102F0B5
S214006680FE42B2F1106F06D104480B1A5842584128
S2140066907047012070470020704700BF00000209C5
S2140066A0037E022B06D1C3695A1C03D00133C36193
S2140066B0002070476FF09600704707B51D48837A34
S2140066C003B9FEE7002369461030CDE9003312F027
S2140066D0BDFDE8B9184AD2F84031D2F840211F2B48
S2140066E04FF001030FD9203A9340019A1A430192C2
S2140066F008236A46114912480EF0ACFB114B124AA9
S2140067001A600DF0E1F99340009A1A430092EFE701
S2140067102D28F3D1084AD2F84031D2F840211F2B59
S2140067204FF0010385BF203A93409340019398BFF2
S2140067300093DDE7C80A00200080004400710800CE
S214006740D80A0020000000200B020FF008B50DF05C
S214006750CDF920B110F81A3C2C38013B837408BDE3
S21400676038B50C46EFF31185302383F311880848BB
S214006770FFF7ECFF206028B985F31188BFF36F8F11
S2140067801B2038BD85F31188BFF36F8F0020F8E714
S214006790400B002038B50D48002284780C497C3028
S2140067A012F0D7FC302301250A4AA54003FB042338
S2140067B0196F21F002011967596E21F4801159668C
S2140067C002F500535D651D6538BD00BFC80A002090
S2140067D081C200000000045010B550F8044C011FA0
S2140067E0606F12F077FC204610BD38B505460C46A3
S2140067F061B1486820B1FFF7EFFF2846FFF760FE5B
S2140068002146A86FBDE8384012F064BC38BD38B5E4
S2140068100446406F0D4612F062FC034620B100208D
S21400682043F8044B2B6038BD1A20FBE710B50C4626
S21400683061B1C06F12F053FC206048B100230360C2
S2140068401846226813722268536010BD2220FCE7A7
S2140068501A20FAE7F8B5044600284BD0837C002BB4
S2140068604AD10168856911B1284612F034FCA16846
S21400687019B1D5F8800012F02DFCE37C022B0AD06B
S214006880032B0AD0012B0AD1606820B1FFF7A4FFC2
S2140068902846FFF715FE012602E06168E1B90026EA
S2140068A0EFF31187302383F311882146A86E12F088
S2140068B011FCE37C042B13D1B5F86430013BA5F83A
S2140068C0643087F31188BFF36F8F1EB1E86C436A9C
S2140068D003B198470020F8BD286F12F0FBFBDEE7F7
S2140068E0052B01D0032BECD1B5F86630013BA5F89B
S2140068F06630E6E72220EEE70420ECE770B51646A1
S2140069001C460D46B1B1806F12F0E9FBA0B1002322
S21400691003606B68048143600223837234683CB969
S214006920022330602846EB74FFF794FF204670BDC4
S2140069302646F3E72220FAE71A20F8E770B540F279
S2140069400113012586B0012204216846394EADF8B0
S214006950003001AC0EF01AFE2A46022101A8ADF85E
S21400696004500EF013FE0FCE0FC433686946236042
S21400697003201FF0A7FC4FF4E112009B01A85B0167
S21400698003F56123B3FBF2F3203BC3F31303039336
S21400699011F060FA4FF44062274B5A611022A3F5BB
S2140069A0E033C3F8AC254FF00112C3F8C425042227
S2140069B0C3F8BC5503F5E8335D600DEB02005A6181
S2140069C05D6111F0B5FA88BB9DF804601B4C01A808
S2140069D0A67011F0ADFA48BB9DF8043084F89030EC
S2140069E0D4F894301A68127DB24221D9EFF311829E
S2140069F0302181F3118812491B6943F8261082F36F
S214006A001188BFF36F8F4FF48023C4F898300D4B76
S214006A10C4E92700C4E92B00C4F8A400C4F8B400F5
S214006A20C4F8A83084F8A15084F8B15006B070BD00
S214006A302120FBE7B063020000800550C80A002052
S214006A40A5BE00000200040010B5682101200FF06A
S214006A50C1FD044618B1682200211DF021FA204627
S214006A6010BD10B5242101200FF0B4FD044618B166
S214006A70242200211DF014FA204610BD0022C188F1
S214006A80914201D800207047036853F8223033B192
S214006A9093FAA3F0B0FA80F000EB42107047013290
S214006AA0EEE7F0B5C4880546082C8BB017D9083C2D
S214006AB0082C17D80668A70020363A46314602A8A2
S214006AC01DF052FB3A46002130461DF0E9F9262318
S214006AD0009309212346286802AA12F027FA00200C
S214006AE00BB0F0BD0048FBE780B0FFFF0FF0E5B845
S214006AF010B504460FF0C2F82046BDE810401FF05F
S214006B002BB80FF0C0B80FF0BEB800239A6AB2F5E3
S214006B10804F03D21168074A914203D000230370C6
S214006B2083607047012202709A6A926842609B6A8C
S214006B309B69F5E707B0CD5E1FB500239A6AB2F5EC
S214006B40804F1ED2126BB2F5804F1AD2012201A8D6
S214006B5002938DF80420FFF7D8FF039BDB0310D5C4
S214006B60029B1A0E0DD0012A03D1C3F307430A2B4A
S214006B7007D900239B6A1B6B1B6C05B05DF804EB02
S214006B80184740F2011005B05DF804FB006800B934
S214006B907047037A8B42F9D190F85030002B08BF2B
S214006BA00020704708B503683BB901790448FFF731
S214006BB0EDFF08B190F8500008BD93F85000FBE7D1
S214006BC0843E0020054A08B502F1B800FFF7EAFF48
S214006BD005281CBF012382F8C43008BDC80A00205F
S214006BE0022808B509D1042906D100210948FFF773
S214006BF0CDFF012380F8A03008BD0328FCD104296E
S214006C00FAD10022044B5B68002BF5D0C3E926229C
S214006C101B68F9E7843E0020803E00202DE9F04303
S214006C201D46062387B0137049681446302900F0C5
S214006C3081801AD8042906D80139032940D8DFE80C
S214006C4001F04368495320296ED0A1F5E063FF2B7D
S214006C5000F2BC80C9B241F4E0635E486360FFF7AF
S214006C6095FF58B390F8A00028E040F2022399421E
S214006C707FD00ED8502960D0B1F5007F62D0402971
S214006C80E3D1516050F8380CC3699847A0600823D8
S214006C904EE040F20133994270D0B1F5885F72D071
S214006CA0A1F58053FF2BD0D8C9B241F48053494890
S214006CB05360FFF76BFF08B190F85000207207E0B2
S214006CC000235360A360E2E7012353600623137298
S214006CD005232DE0042303220921C4E9012301230F
S214006CE0C4E90313102323E01346042243F8042FB9
S214006CF0394A116859605168128999609A810E2341
S214006D00638001234374638804332B6007B0BDE8B7
S214006D10F083022301215360082210F8333C62807E
S214006D2013FB0213A360EEE7516050F8302C22816B
S214006D306380E8E75160C36BC4E7516050F8380CD5
S214006D40036AA2E7516003A8FFF7DFFE049BE36037
S214006D50002323619DF80C30012B02D103232372FC
S214006D60C0E723B923724FF0FF33E360BAE704238A
S214006D70F5E71A4B5160D3F8C830A3E7174B5160BC
S214006D8093F8CC309EE7516002F1070802F18709BC
S214006D9000221646531C6846CDE90066CDE9036618
S214006DA08DF804208DF8103002960596FFF7FAFE4F
S214006DB0074603A8FFF7F6FE47EA001708F8017F24
S214006DC00232C145D2B2E5D18423B1E70023636025
S214006DD00D2377E7843E0020EC870200C80A0020D7
S214006DE008B50146FFF776FA50B1D1F8880040B9E9
S214006DF0D1F8843023B9B1F86800B0FA80F04009C1
S214006E0008BD0020FCE7EFF31182302383F31188DE
S214006E108368013B836082F31188BFF36F8F7047EE
S214006E2008B508B9022008BDEFF31182302383F3BA
S214006E301188836823B982F31188BFF36F8FF1E757
S214006E400133836082F31188BFF36F8F21B103682B
S214006E5013B100200B60E6E7FFF7D5FFE2E738B591
S214006E600446EFF31185302383F31188037C63B166
S214006E708068214640300CF041FEA26892F844300B
S214006E80013B82F844300023237485F31188BFF356
S214006E906F8F38BD2DE9F041044617460E4600298F
S214006EA03DD0806E12F01BF90546F8B13422002161
S214006EB01CF0F6FFEFF31188302383F311887B1E56
S214006EC0042B2ED8DFE803F0182D03210300B4F8B6
S214006ED05820B4F86630013A93420ADB2946A06E81
S214006EE012F0F8F888F31188BFF36F8F1A20BDE808
S214006EF0F0810133A4F8663088F31188BFF36F8FF2
S214006F000020EF74AC613560F1E7B4F86430B4F893
S214006F105A209A42E2D90133A4F86430ECE72220E2
S214006F20E5E72120E3E72DE9F347914604220446EE
S214006F308846D0F8A4000DEB02019A46FFF7AAFF98
S214006F40074660B91AF00E0F667A019D0AF0020332
S214006F501AD0B20707D42846FFF77CFC212738460C
S214006F6002B0BDE8F087A3B91AF0040F14D11AF0E6
S214006F70080613D1324694F85030052B10D0284618
S214006F80FFF768FC0227EAE716F00106E3D10122C4
S214006F90F1E706463A46EEE70426FBE70E26F9E753
S214006FA0C5F80480A5F80C906C61237A6B740A9B74
S214006FB02B62CAB1A37AE27A1B01DBB21343CAF38F
S214006FC0001A43EACA0A85F810A0A37A013303F030
S214006FD00703A37249464046FFF7A0F92946E88111
S214006FE0204612F0FAF8BAE766F03F062E74F1E78C
S214006FF02DE9FF410F4603A9064615469846FFF7BA
S2140070000FFF38BB45B30398D0F8A43090F8A02003
S214007010B3F85C4040F6F773002C08BF1C46C2EB82
S214007020423204EBC204A4B2A5420ED80A9B3946EB
S21400703000932A464346FFF776FF01463046FFF7A1
S214007040E2FE084604B0BDE8F0813046FFF7DBFEFE
S2140070502B21F6E70221F4E72121F2E710B578B1FB
S214007060FFF7BAFB044660300CF040FD014610B155
S214007070A06F12F02FF82046FFF722FA002010BD6E
S2140070802220FCE708B50CF031FD20B110F81E3CBC
S2140070903038013B837408BD8B7C01F1300201332C
S2140070A08B74036813B90B63026070471846F8E7E1
S2140070B038B581624469EFF31185302383F3118874
S2140070C0D4F8A430014603F11000FFF7E5FF85F37E
S2140070D01188BFF36F8FD4F8A420074902F1180077
S2140070E012F037F84FF6FF72B4F8683093421CBFC0
S2140070F00133A4F8683038BD0776000010B50446A2
S214007100A37C0846013B04F13001A3740CF0F6FCA6
S2140071102046BDE810403321CAE72DE9F7438946EB
S214007120174601A9032206461D469DF82880FFF74C
S214007130B1FE38BB306F019C11F0D1FF606028B9FA
S214007140204603B0BDE8F043FFF784BB012165F09D
S2140071506F05A181C4F814906774257480F80080C8
S2140071606068FFF7DBF8E081EFF31185302383F3E7
S2140071701188214606F10800FFF78EFF85F3118877
S214007180BFF36F8F03B0BDE8F08310B50446182236
S21400719000211CF085FE204610BD0368D90444BFBC
S2140071A043F4806303609A0444BF43F400630360BF
S2140071B0704707B50022084B014683F8CC200288AA
S2140071C0064B0432009392B201230548FFF710FFE6
S2140071D003B05DF804FB00BF803E00209D750000F4
S2140071E0800B0020002307B5012219460E4811F037
S2140071F083FA68B90C4801A9FFF712FE40B9019B53
S2140072000A4A09489A65FFF7FEFDFFF709FE18B11E
S214007210002003B05DF804FB019B054A02485A674C
S214007220FFF7F1FD0120F4E7800B00209D750000BC
S214007230C56B000010F1840F12DA10F1950F25DBF4
S2140072409530102822D8DFE800F01D2121211B21CF
S21400725021211913110F151F170923000F2070473E
S214007260003818BF012070471D2070472E20704739
S2140072702D20704724207047212070471A20704721
S2140072802F2070472C20704725207047012070471C
S214007290082070470146054B93F8CC0083F8CC10C5
S2140072A0D3F8D03003B11847704700BFC80A002093
S2140072B02DE9F0470646C06C86B08369984780463D
S2140072C0002800F06781F36823B9B368002B39D132
S2140072D01B2533E0B04B93F8CC3003F0FB03012BB7
S2140072E0F3D1EFF31185302383F3118806F10C00F8
S2140072F0FFF7C8FE044685F31188BFF36F8F00289A
S214007300E3D0237C9F097F2BA36898BF002743BB4D
S214007310F06E11F0E4FE206028BBEFF311823023FC
S21400732083F31188A37C0133A374B36844F8303F19
S214007330B46082F31188BFF36F8F1A25284606B013
S214007340BDE8F087EFF31185302383F3118806F14B
S2140073500800FFF797FE044685F31188BFF36F8F8A
S214007360CFE74FF00008A189002939D08B1C9BB2CB
S214007370D4F814C037B9227C9CF80B0022F0070220
S21400738002432274207C25687F28D4F808A029D8D8
S21400739041B3BAF1000F28D19CF8A090B9F1000FC4
S2140073A027D07D4A92F8CC2002F0FB02012A1ED09C
S2140073B02946304611F08FFEC4F800A0EFF3118284
S2140073C0302383F31188A37C0133A374F36844F855
S2140073D0303FF46082F31188BFF36F8F0025ADE76E
S2140073E00B46C5E7BAF1000F22D04FF0000908336C
S2140073F09BB21421627CAB701B0A29702871052190
S21400740028466A70EB70FEF789FF6871000AA8715B
S214007410B9F1000F7BD0D6F8800011F060FE21682D
S2140074200546A06030B9304611F055FE256084E769
S214007430D146DEE70B79584D03F0070923F0070322
S2140074400B71D4F814A0D4E900129AF80800D4F806
S21400745008C08DF80C00DAF89C00A3890590D5F8D2
S214007460DB00CDF80D00B5F8DF00ADF8110095F89B
S214007470E100CDF800C08DF8130003A812F09CF8C8
S214007480804698B9DAF89C300133CAF89C30D5F8B3
S214007490E4300133B3F1005FC5F8E43006D195F867
S2140074A0CC30052B02D10320FFF7F4FE4046FFF751
S2140074B0C1FE2268054613794FF0000823F0070343
S2140074C049EA030982F80490A26870B122B1114615
S2140074D0D6F8800011F0FEFD30462168C4F808801A
S2140074E011F0F9FDC4F8008028E7D4F80480B4F859
S2140074F00C90C144C1452BD102F1080512F8011BBE
S214007500FEF7FEFE9542F9D14FF00008E081EFF35A
S2140075101189302383F31188F06C2146436998471C
S2140075200546D0B1A37C0133A3742346B26843F862
S214007530302FB360B8F1000F05D03046216811F047
S214007540CAFD0023236089F31188BFF36F8FF5E629
S21400755018F8011BFEF7D4FECCE7606938B9022F95
S21400756015D089F31188BFF36F8F0125E6E677B94A
S21400757021468C30FFF790FD6269D37B0133D373CD
S2140075806469237C1BB91EF03BFCC4E9060189F341
S214007590118821E73425D1E6C80A0020094A13B12C
S2140075A0012382F8C4300121074B83F8CC1092F8EF
S2140075B0CC30042B04D100230520C2F8E43069E661
S2140075C0704700BFC80A0020803E0020EFB5064680
S2140075D00D46843803A91746FFF728F988B906230D
S2140075E0039909228B8105230D7245F48055CB81C2
S2140075F00E600D610F750123009130460C31FFF7C8
S214007600F7FC04B0E0BD2DE9F047064630274FF002
S214007610020900F1100833697BB1EFF3118A87F392
S21400762011884046FFF72EFD4469054694F8503011
S2140076302BB98AF31188BFF36F8FBDE8F087B4F8D3
S2140076406830002BF5D0013BA4F868308AF3118827
S214007650BFF36F8F037C7F2B4FEA931232D9032A36
S2140076600AD14069D0F864A0BAF1000F04D0AB6A22
S2140076702A6A6968007AD04794F85030062B25D0DD
S214007680082B23D0032B17D12046FFF7A9FB98B170
S214007690637A84F85090DB060ED5EFF31182302320
S2140076A083F31188D4F8A430596844F8041F5C604A
S2140076B082F31188BFF36F8F002328466B60FFF7B5
S2140076C0C9F8A8E74069D0F858A0CDE72046FEF7ED
S2140076D001FE0028F0D0D4F8A4000922217A8430D4
S2140076E0FFF774FF18B1092384F85030E4E794F8E4
S2140076F05030062BE0D10723F6E7054BD3F8E830E9
S214007700584043085B4240421843C017704700BFCA
S214007710C80A0020F8B5C3880E46B2EB830F076888
S2140077204FEA83041AD813469C420CD81546002309
S214007730AB4215D1A24204D90021121B30191CF00D
S214007740AFFB0020F8BD23F003003D5803F0030113
S214007750C900CD40EDB26DB90133E5E72546E6E751
S21400776023F00301795803F00300C000C140F15430
S2140077700133DDE76FF00700E4E7034670B51C68E9
S214007780DB880846B2EB830F4FEA830519D9521BF4
S2140077908E1800211CF084FB30462A460023104435
S2140077A0934210D1002070BD23F00301615803F00E
S2140077B00306F600F140C9B281B901339D42F3D801
S2140077C0ECE71346FAE723F00301615803F00305DC
S2140077D0ED00E94000F8011D0133E1E76FF0070016
S2140077E0E1E71FB54FF001130191039302A901AB26
S2140077F00293FEF7ACFE05B05DF804FB10B50C4C2A
S214007800D4F8E820D4F8E8304240594081EA020033
S214007810C00FFFF772FFD4F8E830521A434022EA4E
S214007820030208401043C00FBDE8104065E700BFE4
S214007830C80A0020013901D20020704750F82130D4
S214007840002BF7D0B3FA83F00131C0EB411070473C
S214007850C1880068EEE753098B42F0B402F01F04BB
S21400786001D805D13CB3F0BC8A0000211CF018BB3F
S2140078701F2A22D834B1002200EB8101C4F1200671
S21400788081420FD1F0BC704752F8047B45F8047F64
S214007890B242F9D10022CB1A8B42EBD240F8232019
S2140078A00133F9E751F8045D25FA04F313430B603E
S2140078B005FA06F2E4E71F2AE4D900EB8302051F67
S2140078C000EB8106E4E708B50A46C18811B10068F6
S2140078D0FFF7C1FF002008BD01F18041013900EB30
S2140078E081018142034600D270471B680A681BBAB2
S2140078F012BA40F8042B41F80439F2E70346C0698F
S21400790020B15B6A002B14BF0120022070470022C2
S2140079100123C0E90023C0E90223C0E9042370471D
S21400792038B5002401250146C0E90254C0E90454D4
S2140079300470446085611C30FFF7E9FFC1E90D451E
S214007940C1E90F44C1E91144C1E91344C1E9154432
S214007950CC6538BD70B50646FFF7D0FF02280C464A
S21400796005461DD100212046FEF7B2FD60BB012171
S2140079702046FEF7ADFD024630BB2046FFF768FF07
S214007980336C591C88421FD1FE2B07D1294620464E
S214007990FEF79EFD0D4B021E18BF1A46104670BD20
S2140079A001280FD101462046FFF71BFF00280BDBFE
S2140079B0204606F13401FEF7CAFD0028034AB8BF88
S2140079C00022EBE7024AE9E7004AE7E780B3FFFF59
S2140079D080B0FFFF70B5066C0D460736B3EBD60FCA
S2140079E0114604464FEAD60203D200230D482B6008
S2140079F070BD2A60B0F866307BB1FFF77FFF0228C3
S214007A0004D104F16000BDE8704083E6012806D189
S214007A1004F16000BDE87040AFE60348E8E76FF0A9
S214007A206D00E5E700B1FFFF80B0FFFF10B5034B28
S214007A300A465B6A00210446984710BDA063020010
S214007A4010B5044610B109B1FFF7F0FF2046BDE8B7
S214007A5010401EF081B810B5044648B1006818B151
S214007A60E1888900FFF7ECFF00220123C4E9002328
S214007A7010BD10B50446FFF7EEFF04F10800FFF74F
S214007A80EAFF04F11000BDE81040E4E700B1F0E7BB
S214007A90704742F21073994270B504460D4602D9FB
S214007AA06FF00F0070BDC3888B4213D204212846A6
S214007AB00EF090FD06460028F2D0216841B1E2881B
S214007AC092001CF051FBE18820688900FFF7B8FFA0
S214007AD0E58026600020E5E72DE9F0410D46C988DF
S214007AE004461646FFF7D5FF014618BB3046FFF79B
S214007AF004FE03461C4EB4F90420D6F8E800013212
S214007B00584022EA0002B5F904000130184002434A
S214007B10013AA280D5F800E02268B5F806807245E2
S214007B2003D08C46043AE04507D8DB43EA88E08871
S214007B30824211D30846BDE8F081D6F8E87052F8C4
S214007B40040F5F4020EA07005EF82C700CF1010C71
S214007B501F4038431060E6E7256855F822001840B5
S214007B6045F822000132E2E7C80A0020F8B50546CB
S214007B708D420E46104601D10020F8BDFFF7BDFD30
S214007B80C98804462846FFF784FF10B16FF00F003F
S214007B90F3E73046E988FFF77CFF0028F6D11E4A57
S214007BA0B6F90430B5F90410D2F8E8000131013313
S214007BB0604021EA000023400343013BAB80B6F956
S214007BC00430D2F8E80001336040214023EA000385
S214007BD00B43013BB38031682B68EE888B42CBD0D9
S214007BE0043903EB8606B342C6D0D2F8E8001D6817
S214007BF051F8047F604025EA00002740384343F8E8
S214007C00040BD2F8E8700868674020EA07002540B1
S214007C1028430860E7E700BFC80A002038B50446D6
S214007C200D4619B9FFF717FF002038BDC2888A42F3
S214007C3007D10021006892001CF032F90123A380CE
S214007C40F2E7FFF708FF29462046BDE8384020E760
S214007C502DE9F84312F0030318BF012303EB920645
S214007C608946314680461546FFF7D8FF0446F0B9E8
S214007C70B8F80620D8F80070B2421BD33FB10146D0
S214007C80920038461CF00CF923469D4202D120464D
S214007C90BDE8F88319F80310DA0023F0030002F0B9
S214007CA0180291403A5801330A433A50EDE76FF014
S214007CB00F04ECE76FF00704E9E72DE9F84312F04C
S214007CC0030318BF012303EB92068846314681461C
S214007CD01446FFF7A3FF0546D0B9B9F80670B742B9
S214007CE019D397B1D9F80090BE00014632464846EF
S214007CF01CF0D6F82CB1301B2246414648441CF0F6
S214007D0033FA39464846FFF7E7FD2846BDE8F883CC
S214007D106FF00F05F9E76FF00705F6E7884270B5D4
S214007D2005460E4609D0C988C28841B92AB1012342
S214007D309200838000681CF0B3F8002070BD4C1ED3
S214007D406CB9B6F904300134A242AB800ED221469B
S214007D502846FFF79EFE88B16FF00F00EEE7336807
S214007D6053F82430002BECD1013CE9E72868121BBD
S214007D700021920000EB84001CF092F8316828681D
S214007D80A2001CF0F1F9D8E738B504460D46FFF717
S214007D90C5FF68B905F1080104F10800FFF7BEFF4A
S214007DA030B905F1100104F11000BDE83840B5E720
S214007DB06FF00F0038BD70B50E4601210446FFF780
S214007DC068FE054648B9E2880146920020681CF025
S214007DD067F823681E600123A380284670BD10B58F
S214007DE001210446FFF7E7FF58B9012104F1080016
S214007DF0FFF7E1FF014620B904F11000BDE810408E
S214007E00D9E76FF00F0010BDF8B5C3880646B1EB92
S214007E10431F0C4617464FEA511514D2012231680B
S214007E2004F01F0451F82530A24023EA020341F86B
S214007E302530326807FA04F452F82530234342F816
S214007E4025300020F8BD002AFBD0691CFFF721FE74
S214007E500028E3D06FF00F00F4E7F8B504460D46AF
S214007E60FFF7F6FCE3882844B0EB431F24D81F2D09
S214007E702368E1884FEA551005F01F0412D96FF009
S214007E8003060A4606FB0036904202F1FF3521D370
S214007E90421A814238BF002200250A4403EB8202C0
S214007EA09A421DD134B1002503EB8003C4F12007AC
S214007EB0814218D80020F8BD10F01F0118BF01211C
S214007EC001EB50112046FFF7E4FD0028CFD06FF0FD
S214007ED00F00F0E756F8252043F825202A46D3E77A
S214007EE042F8045DDCE71E68013006FA04F22A4315
S214007EF043F8042B26FA07F5DAE72DE9F84305469A
S214007F000E469046D4887CBBF1882846FFF7C1FD14
S214007F100746002864D1F28894420BD2AE4209D0BC
S214007F2028683168121B920001EB840100EB840084
S214007F301CF01AF9EA88F088824207D92B68121AD0
S214007F400021920003EB80001BF0AAFF00221346DC
S214007F50D5F800C0D6F800E0D8F80080944214D1D6
S214007F6043BB0123AB800DE0D8F8003003EB84035D
S214007F7053F8043C0BB9013CC5E7F188A142C4D2D2
S214007F806FF009073846BDE8F8835EF8226058F8B7
S214007F902200F11A81422CBF4FF000094FF0010970
S214007FA0091A4CF822109E422CBF4B4609F10103D9
S214007FB00132D3E72A68E98802EB840402EB8102E7
S214007FC0944202D1002BCCD0DAE72168C91A34BF1C
S214007FD001230023003B18BF012344F8041BEFE7EE
S214007FE06FF00F07CEE738B50C46051D294620462C
S214007FF0FEF7ADFA002801DA002006E02A46214600
S2140080002046FFF77AFF0028F0D038BD2DE9F84368
S2140080101446B1F904709288054612FB07F25343E2
S2140080200E461ED521463046FEF762FAB0F1FF3FF7
S21400803080460DD0224631462846FFF75EFF28B917
S214008040B8F1000F08BF01270020AF80BDE8F88315
S21400805032462846FFF751FF0028F7D17F42AF800F
S214008060F4E7844202D0814212D126460123AB8037
S214008070B6F80690B9F1000FE6D033684FEA8908E3
S21400808003EB890353F8043C4BB909F1FF39F1E7D8
S214008090FFF744FE0028E8D06FF00F00D6E7494609
S2140080A02846FFF7F6FC04460028F5D13168264638
S2140080B02B68181F50F8042FA2182CBF4FF0010C85
S2140080C04FF0000C51F82640013612194CF100040E
S2140080D0B1450260EED14344002CB5D0EA8806F1E3
S2140080E00108B24208D841462846FFF7D2FC0028CD
S2140080F0D2D12B6803EB86031A68464612192CBFAA
S21400810001240024003C18BF012443F8042BE3E7B5
S21400811001237BE770B50C460546114620461A46F5
S214008120FFF7F6FF064630B9043529462046FEF727
S2140081300EFA002801DA304670BD2A46214620464F
S214008140FFF7DBFE0028F0D00646F4E74FF0FF33DB
S2140081505CE770B50C460646114620461A46FFF701
S214008160F5FF054688B90436B4F90430002B0CDA5E
S21400817000212046FFF735FB30B132462146204627
S214008180FFF7C6FF0028EFD00546284670BDF7B5B6
S2140081900D4601230021083504462846CDE9001384
S2140081A01646FFF71EFB211D07462A466846FFF7C0
S2140081B0CDFF044648B9002F0CBF002206F001028E
S2140081C069462846FFF788FC04466846FFF743FCE6
S2140081D0204603B0F0BD2DE9F34104460F46154690
S2140081E0CE8836B13B6803EB860353F8043C33B1C4
S2140081F03DB90021204602B0BDE8F041DBE5013E76
S214008200EFE72046711CFFF744FC28B16FF00F081B
S214008210404602B0BDE8F08139462046FFF77EFDB5
S21400822080460028F2D1013D009533463A68E18841
S214008230206810F07BFEEBE72DE9F047112104469D
S214008240FFF727FC002840F0B58125682B682A6ACE
S214008250D5F82C9099182CBF012300236A6AD5F80C
S2140082603080521843F10003914588BF013BA2EBD2
S214008270090EF04588BF013BD5F834C0AEEB0806C2
S214008280B44588BF013BAF6BA6EB0C018F4288BF9D
S214008290013BC91B29602568DEB2002B696880F2A5
S2140082A08B815A4291424FF0FF3228BF0022194478
S2140082B06B6AD5F830905B18A96A42F10002C918BB
S2140082C02CBF4FF0010A4FF0000A5AFA82F2894595
S2140082D088BF013AD5F83480A1EB090EF04588BF77
S2140082E0013AD5F838C0AEEB0806B44588BF013A67
S2140082F0EF6BA6EB0C039F4288BF013ADB1B6B605B
S2140083002568D6B252B2002AA96880F25A81534232
S21400831099424FF0FF3328BF00231144AA6AD5F8CC
S21400832034E0521843F10001EB6AD5F838C09B18C8
S2140083302CBF4FF001084FF0000858FA81F19E4517
S21400834088BF0139A3EB0E06B44588BF0139EF6B31
S214008350A6EB0C02974288BF0139D21BAA6022689E
S214008360CEB249B20029D56880F230814B429D4298
S2140083704FF0FF3328BF00230D44D16AD2F83CE00B
S2140083804D1943F100034919156B43F100036918B1
S21400839043F100036D18516B43F1000349192CBFDC
S2140083A04FF001084FF0000858FA83F38E4588BF57
S2140083B0013BD2F820C0A1EB0E06B44588BF013BB6
S2140083C0576AA6EB0C05AF4288BF013BED1BD56094
S2140083D02168DEB25BB2002B0D6980F2FC805A4247
S2140083E095424FF0FF3228BF00221D440B6B4F6AA8
S2140083F05D1942F100025B194D6B42F10002EB1869
S21400840042F10002ED188B6B42F100025B192CBFA3
S2140084104FF0010C4FF0000C5CFA82F29F4288BFCE
S214008420013A8E6ADD1BAE4288BF013AAD1B0D6174
S2140084302568D3B252B2002A696980F2D1805342CD
S21400844099424FF0FF3328BF002311446E6BEF6A4A
S214008450721843F10001AB6BB61841F10001EA6BEC
S2140084609E1941F100019B1941F10001D2182CBF61
S2140084704FF0010C4FF0000CAE6A5CFA81F19642A8
S21400848088BF0139931B9F4288BF0139DB1B6B6194
S2140084902268CEB249B20029956980F2A6804B4286
S2140084A09D424FF0FF3328BF00230D44916BD66BDF
S2140084B04D1943F100034D1943F10003751943F1BB
S2140084C000037619556B43F10003891943F1000345
S2140084D06D182CBF4FF0010C4FF0000C176A5CFAB9
S2140084E083F3AF4288BF013B566AE91B8E4288BFC2
S2140084F0013B891B91612168DDB25BB2002BCA6922
S21400850078DA5D42AA424FF0FF3528BF00251A44AC
S214008510CB6BD1F828A09A1845F100059A1845F1BA
S21400852000059B180A6A45F10005D2182CBF0123E6
S214008530002353FA85F3924588BF013BD1F82C906F
S214008540A2EB0A08C14588BF013BD1F830E0A8EB92
S214008550090CE64588BF013B4F6BACEB0E06B742F5
S21400856088BF013BF61BCE6122685BB223EAE3714B
S214008570116200250822E188013291423FD8002B83
S21400858018DA00222568A958C943A9500432242ABB
S214008590F8D100222568A9580131A95021688D58C4
S2140085A015B90432242AF5D14FF6FF72A2800A6A62
S2140085B0D21A0A62BDE8F08789192CBF0122002270
S2140085C076E689192CBF01230023A7E6AD192CBF38
S2140085D001230023D1E6AD192CBF0122002205E7B6
S2140085E0C9182CBF0123002330E7AD192CBF012387
S2140085F000235BE752192CBF0125002588E7216878
S21400860041F82250B7E72DE9F04F99B0CDE90312B3
S214008610824600211046FFF7E4F80028C0F2F681F3
S21400862005D16FF00B03184619B0BDE8F08F4FF078
S2140086300109DDE90301924BADF83090149315ABB8
S214008640ADF83890CDF84090CDF848901393FDF7EC
S2140086504FFF013019D1BAF1000F06D050460399EA
S214008660FFF75CFB002840F0B28100215046FFF780
S214008670B8F80028C0F2B98150460499FDF767FFA4
S214008680002880F2B9810023CDE7002503990BA8C6
S2140086900B95ADF83250FFF741FB0B9E0446BDF834
S2140086A03270002840F09A810D90ADF83A00049997
S2140086B00DA8FFF733FB0D9B0546BDF83A800193E6
S2140086C0002840F09081039B0F90D9880FA80231B4
S2140086D0ADF83890ADF83090FFF7DBF9044628B1D6
S2140086E02C460F9B02936FF00F03A8E001460FA8DD
S2140086F0FFF761FB0F9B02930028F4D1039B1190B8
S214008700D98811A80231FFF7C4F9119C0246002847
S214008710E9D10DA8FFF79CF800F01F001F287AD0BB
S214008720C0F11F0319460BA80593FFF796FB0B9E97
S214008730BDF832700028D6D105990DA8FFF78DFB3D
S2140087400D9BBDF83A8001930028CCD1C1463D462A
S214008750A7EB080B4FEA4B130793019B4FEA4B110D
S2140087600DA80D93ADF83A80FFF777FB0D9BBDF88B
S2140087703A8001930028B6D1029B03EB8B0B019B3A
S2140087800DA90BA80B96ADF832700D93ADF83A8094
S214008790FDF7DDFE002842DA09F1FF3307990DA840
S2140087A00693FFF790F8019B09F1FF3203EB820373
S2140087B00793019A09F18043023B02EB830305F11C
S2140087C0FF3B05F180450893013D029BA5EB09059B
S2140087D003EB8505069B5B4554D3BAF1000F18D012
S2140087E005990BA80B96ADF83270FFF76CF8039B53
S2140087F00BA99B885046ADF83030FFF78FFA01463C
S21400880000287FF470AF5046FEF7EBFF002800F01C
S214008810DA80002313E0C1463D46059298E7DBF870
S21400882000300BA90133CBF8003008460DAAFFF73D
S2140088308DFC0B9E0346BDF8327000289FD00BA817
S21400884003930B96ADF83270FFF705F9019B0DA860
S2140088500D93ADF83A80FFF7FEF8029B0FA80F9332
S214008860FFF7F9F811A81194FFF7F5F80C2115A8F1
S214008870FFF7DCF8039B002B3FF4F7AED3E600BF10
S21400888001000300079B56F82B101A684FEA8B0965
S214008890A9F104003318914209934AD200233058B4
S2140088A01BF0DCF8002914BF4FF0FF330346BBF182
S2140088B0010F2B600EBF0023B14459F8083C1593F6
S2140088C0099B1B68169306EB8B031B6817932B6894
S2140088D001332B602B680021013B2B6011A81194FB
S2140088E0FFF769FA119C00287FF4FDAE069B1BB3C8
S2140088F0089B1B682360079B11A91B6808466360DA
S2140089002A68FFF768FC119C00287FF4ECAE13A9D8
S21400891011A8FDF71CFE0028DCDC019B2A680DA9C7
S21400892011A80D93ADF83A80FFF755FC30B1119CB5
S214008930D9E64FF0FF33BAE7069BDBE76FF0070395
S214008940029A4FEAC50902FB039911A84946FFF7A8
S21400895084FA119C00287FF4C6AE0BA9084611AA1B
S2140089600B96ADF83270FFF7F1FB0B9E0346BDF891
S214008970327000287FF463AF01460BA8FEF731FF84
S21400898000281CDA0DA911A8FFF7C8F90028CED1D7
S214008990494611A8FFF761FA119C00287FF4A3AEA0
S2140089A00BA9084611AAFFF7B3FB0B9E0346BDF8BA
S2140089B0327000287FF443AF2B68013B2B600BF12D
S2140089C0FF3B043D06E70123AAF8043021E7002414
S2140089D0A046274626460294019484E62C46A846DE
S2140089E0029501957FE602947DE651465046049A2C
S2140089F0FFF78EFB03463EE751465046049AFFF7C4
S214008A00A5FB034600283FF437AE0CE66FF00903DB
S214008A1009E62DE9F04F99B001900D461046012168
S214008A209146FEF7DEFE002840F304820123002272
S214008A30294614A8CDE91023CDE91223CDE9082351
S214008A40CDE91423CDE916230F930D930B930793CB
S214008A5005930393FFF762F988B36FF00F0B14A822
S214008A60FEF7F9FF16A8FEF7F6FFBBF1000F40F081
S214008A70C581012112A8FEF7B4FE0446002840F086
S214008A80C4814A46294610A8FFF7BDFD8346002844
S214008A9040F0B5810E9010A90EA8FFF73FF90E9C86
S214008AA028B9494608A8FFF739F900286AD00026F1
S214008AB0B046B246354637466FF00F0B6CE1494676
S214008AC016A8FFF72BF90028C7D114A8FDF7D6FF84
S214008AD0064616A8FDF7D2FF044650B9014616A86A
S214008AE0FDF7F6FC28B9294612A8FFF717F98346C2
S214008AF0B5E70123ADF85C30ADF85430002114A87A
S214008B00FEF76FFE80B9A642314616A828BF21465A
S214008B10FFF7A3F90028A0D116A912A8FFF7FEF8C0
S214008B20834600289BD098E714A8FDF7A7FF0146C8
S214008B3014A8FEF7C8FE16A8FDF7A0FF014616A863
S214008B40FEF7C1FE16A914A8FDF701FD00280DDBEF
S214008B5014A9084616AAFFF7D0F9834600287FF422
S214008B607EAF012114A8FEF7AEFEC7E716A9084699
S214008B7014AAFFF7C2F9834600287FF470AF0121DC
S214008B8016A8F0E7494606A8CDF818B0FFF7C6F8CD
S214008B90DDF818A0002840F0418101210CA8CDF88E
S214008BA030B0FFF708F90C9E002840F03A8159468D
S214008BB00AA8CDF828B0FFF7FEF8DDF828800028D0
S214008BC040F03381594604A8CDF810B0FFF7F3F80B
S214008BD0049D002840F02C81012102A8CDF808B0A1
S214008BE0FFF7E9F8029F00287FF466AF2368D807EE
S214008BF052D5DAF80030DB077CD506A90EA80E940D
S214008C00CDF818A0FDF7A3FC0028C0F29E800EA9A0
S214008C10084606AAFFF79AFA0E9C8346002840F0FC
S214008C20BB800CA9084604AA0C960495FFF78EFA9A
S214008C300C9E8346002840F0AF800AA9084602AA88
S214008C40CDF828800297FFF781FADDF82880834662
S214008C50002840F0A18000210EA80E94FEF7C1FD6A
S214008C600028C3D1002104A80495FEF7BAFD002809
S214008C70C0F28880494604A80495FDF768FC0028E1
S214008C8080F2B180019804A9FFF748F8B0F1000B14
S214008C9018BF6FF00F0B7FE001210EA80E94FEF7B1
S214008CA012FE3368DA0703D4D8F80030DB0715D590
S214008CB00CA9084608AA0C96FFF72AFA0C9E8346CB
S214008CC0002869D10AA9084610AACDF82880FFF71F
S214008CD03DFADDF82880834600285DD101210CA8E6
S214008CE00C96FEF7F0FD01210AA8CDF82880FEF7C5
S214008CF0EAFD7BE7012106A8CDF818A0FEF7E3FD04
S214008D002B68D90702D43B68DA0713D504A90846AE
S214008D1008AA0495FFF7FCF9049D834600283BD17A
S214008D2002A9084610AA0297FFF710FA029F834688
S214008D30002831D1012104A80495FEF7C4FD0121C5
S214008D4002A80297FEF7BFFD53E706A908460EAA3B
S214008D50FFF7FCF9DDF818A08346E8B904A9084631
S214008D600CAA04950C96FFF7F1F9049D834698B972
S214008D7002A908460AAA0297CDF82880FFF7E6F966
S214008D80029F64E704A94A460846FFF7C1F9049D16
S214008D90834600283FF466AF10A8FEF75CFE0EA8D8
S214008DA00E94FEF758FE0CA80C96FEF754FE0AA882
S214008DB0CDF82880FEF74FFE12A8FEF74CFE08A856
S214008DC0FEF749FE06A8CDF818A0FEF744FE04A854
S214008DD00495FEF740FE02A80297FEF73CFE5846B2
S214008DE019B0BDE8F08F04A94A460846FFF7AEF969
S214008DF0049D834600283FF43DAFCDE70024264679
S214008E00A046A24625462746C6E75C465E46D846A6
S214008E10DA465D465F466FF00D0BBDE75E46D84608
S214008E2048E6D8465D465F4646E65D465F4643E60C
S214008E305F4641E66FF0030BD1E72DE9F04F16468B
S214008E401D46002201238BB0B14281460C46CDE977
S214008E500623CDE908231ED106A8FEF75FFFC8B19A
S214008E606FF00F03029308A8FEF7F5FD06A8FEF7BD
S214008E70F2FD029B002B40F0B080D9F84850002D40
S214008E8070D12146204609F104020BB0BDE8F04F30
S214008E90FFF7B9BB06AEAC4206D1214608A8FEF7DE
S214008EA03DFF0028DCD108ADB6F80680B8F1000F0B
S214008EB036D1B8FA88F3EF885B09002F3AD1002F35
S214008EC008BF43F0010308EB070A51462046049307
S214008ED0FEF7DFFD01460028C2D12046FEF76BFFF5
S214008EE002900028BCD132682368014603921846D7
S214008EF04FEA8A02D5F800B01AF0D2FFABF1040AA6
S214008F00834600EB870708F10101BB451BD1049B94
S214008F1033BBB388AA8813FB02F39BB2A380A2E7F5
S214008F20336803EB880353F8043C002BC1D108F1E7
S214008F30FF38BBE72A6802EB870252F8042C002AA7
S214008F40BDD1013FB9E75AF8043F58460093039A4B
S214008F50434605910BF1040B0FF0E8FF0599D4E7A3
S214008F600123DBE7B4F90430002B04DA204602992B
S214008F70FEF737FCA0BB2046FEF76AFCD9F83C306B
S214008F80B0EB430F2CD82046A847054680B909F118
S214008F900406B4F90430002B04DA00212046FEF75C
S214008FA020FC48B931462046FDF7D1FA00280CDAF5
S214008FB028460BB0BDE8F08F324621462046FFF724
S214008FC0A7F80028E5D00546F2E7324621462046B7
S214008FD0FEF793FF0028E5D0F5E76FF00F05E7E70B
S214008FE0004DE5E780B0FFFF2DE9F74301F11006DD
S214008FF00546894630460021FEF7F3FB0446A0B33B
S21400900000230127314668462A1DCDE90037FFF7C1
S21400901000FD044630BB09F108086B46424641464F
S2140090202846FFF70AFF0446E0B96B466A466946DB
S2140090302846FFF702FF0446A0B96B464A46494653
S2140090402846FFF7FAFE044660B96B46424641469C
S2140090502846FFF7F2FE044620B939463046FEF7AA
S214009060AAFE04466846FEF7F6FC204603B0BDE8B6
S214009070F0832DE9F84F1E4603F10805C368044641
S2140090808A469046002B40F0A58002F110031A464F
S2140090902946FFF7D2FE002840F09A8006F1100716
S2140090A02B46424639462046FFF734F8002840F063
S2140090B08F8006F118092B46424649462046FFF7A0
S2140090C048F8002840F084804B463A462946204619
S2140090D0FFF7B3FE00287BD1032229463046FFF770
S2140090E07AF8002872D131462046FEF77CFF002829
S2140090F06ED108F1080B06F110075B465A46394652
S2140091002046FFF79AFE002862D1394620460FF027
S2140091101DFA00285CD13B46424629462046FFF70A
S2140091208CFE002854D1294620460FF00FFA00285E
S2140091304ED106F118093B463A4649462046FFF707
S2140091407CFE002844D1494620460FF0FFF900284F
S2140091503ED13346324639462046FFF76EFEB8BB50
S2140091602B463A4639462046FEF7F3FF80BB2B4691
S2140091703A4639462046FEF7ECFF48BB3B462A46B1
S21400918029462046FEF7E5FF10BB33462A46294609
S2140091902046FFF752FED8B94B462A4629462046B7
S2140091A0FEF7D7FFA0B95A464946204608F11003F5
S2140091B0FFF743FE60B9494620460FF0C7F938B9B5
S2140091C039465046FEF7AAFD002841D06FF00F0042
S2140091D0BDE8F88F13462946FFF72FFE0028F7D183
S2140091E0032229463046FEF7F6FF0028EED1314628
S2140091F02046FEF7F8FE0028EAD104F10C070146E7
S2140092003846FEF7EEFA00283FF473AF08F1100375
S2140092101A4629462046FFF710FE0028D8D106F148
S21400922010092B462A4649462046FFF706FE002828
S214009230CED13B464A4629462046FFF7FEFD00288B
S214009240C6D12B46324631462046FEF763FF4EE730
S21400925029460AF10800FEF761FD0028B6D1494606
S2140092600AF11000BDE8F84FFEF758BD2DE9F14FA2
S2140092709A461B6904460E4691460A9D002B00F04E
S214009280D38002F1100700213846FEF7AAFA30B95B
S2140092905146304601B0BDE8F04FFEF775BD0AF105
S2140092A0100800214046FEF79CFA08B94946F0E748
S2140092B001214046FEF795FA002840F0B5803B466F
S2140092C03A4629462046FFF7B8FD002840F0AD8014
S2140092D005F108083B462A4641462046FFF7ADFD05
S2140092E0002840F0A28053462A4629462046FFF72B
S2140092F0A4FD002840F099804246414620460AF1E7
S2140093000803FFF79AFD002840F08F804B462A4658
S21400931029462046FEF71DFF002840F0868009F10A
S214009320080B5B46424641462046FEF712FF0028E1
S2140093307BD100212846FEF754FA014688B94046FC
S214009340FEF74FFA38B92B464A463146204601B05A
S214009350BDE8F04F8DE6304601B0BDE8F04FFEF7B1
S2140093603EBD2B463A46204606F11001FFF765FD46
S21400937000285AD105F110072B462A4639462046C2
S214009380FFF75BFD002850D105F1180A2B463A4638
S21400939051462046FFF751FD002846D14B463A4637
S2140093A039462046FFF749FD00283ED13946284673
S2140093B0FEF7B4FCE0BB294620460FF0C7F8A0BB7A
S2140093C04346424631462046FFF737FD68BB2B46EC
S2140093D0324631462046FEF7BCFE30BB5346324688
S2140093E031462046FEF7B5FEF8B933463A463946CA
S2140093F02046FEF7AEFEC0B943463A4639462046FA
S214009400FFF71BFD88B95B46524651462046FFF7DC
S21400941014FD50B953463A46204606F1080101B0FD
S214009420BDE8F04FFEF795BE034801B0BDE8F08FEB
S2140094306FF00F00F9E700BF80B0FFFF2DE9F043A3
S2140094400E460546012189B006F11000FEF7C9F95F
S2140094500446002840F0E2802846FEF74FFA02282D
S214009460804660D13046FEF7F3F92B6C07300733A1
S214009470C008B0EBD30F00F2D18021463046FEF78D
S214009480B0F90028C0F2CA800123314604A82F781C
S21400949004940593FEF742FC002841D10435294682
S2140094A004A8FDF754F8002807DA012104A8FEF7FF
S2140094B098F9002810DC5B4C07E004A92A46084609
S2140094C0FEF744FE04460028E9D004A8FEF7C3FAD7
S2140094D0204609B0BDE8F083092F0BD1524904A8F5
S2140094E0FDF735F80028E6D0504904A8FDF72FF818
S2140094F00028E0D0012302934FF0011304A907933C
S214009500084602AB06AA0693FEF702FE04460028AB
S214009510DBD1294604A8FDF71AF80028D5D1CAE7FA
S2140095206FF00F04D1E701287AD121463046FEF7C6
S21400953058F9002872DB06F1080921464846FEF76E
S21400954050F900286ADB2F1D39463046FCF7FFFF2E
S214009550002863DA39464846FCF7F9FF00285DDA4A
S2140095604B464A46284602A9CDE90248CDE90448BA
S214009570FFF763FC044600284CD1334632462846A3
S21400958004A9FFF75AFC0446002843D1EB68002BD9
S21400959036D1032301934FF0011304A9079308461D
S2140095A001AB06AA0693FEF7D1FD044690BBBDF9B3
S2140095B01430002B04DA002104A8FEF712F9C8B90B
S2140095C004AA334611462846FFF737FC044608BB74
S2140095D004AA1146284605F11403FEF79BFD04462F
S2140095E0C0B904A902A8FCF7B2FF0E4B041E18BFB0
S2140095F01C460FE004A93A460846FEF789FDD4E764
S21400960004AA1146284605F10C03FEF783FD04461E
S2140096100028D5D002A8FEF71EFA56E7014C57E7F9
S214009620034C55E780B3FFFFC8630200D063020017
S21400963080B0FFFF70B5044658B3436C012B11D0C1
S2140096400C30FEF708FA04F11400FEF704FA04F1F1
S2140096501C00FEF71BFA04F13400FEF7FCF9201D8F
S214009660FEF7F9F9A36D8BB92046BDE8704060217E
S214009670FEF7DCB906FB0500FEF708FA0135D4E96B
S2140096801603AB42F6D81CF067FAEDE7002518265D
S214009690F5E770BD10B5044658B1FFF7CBFF04F1EF
S2140096A06000FEF7D8F904F16800BDE81040FEF748
S2140096B0EDB910BDF0B504460E4685B0FFF7BAFF0B
S2140096C02046FEF72DF9032E267005D0092E30D041
S2140096D000233F4D237029E03E4B3F4AA3643F4B97
S2140096E0A260A261A2632262A26203F180026262A9
S2140096F04FF0011203F12001616103F14001636044
S214009700616303F16001A033E362E1612263201D1F
S214009710FEF79EF8E06304F13400FEF799F80123A3
S21400972063640023C4E9163320640025284605B088
S214009730F0BD2B4B2B49A36404F10C00FEF73BFB5A
S21400974000283FD1271D01213846FEF734FB0028AC
S21400975038D1FF213846FEF780FB98BB13230193D0
S2140097604FF0011339460393384601AB02AA029321
S214009770FEF7ECFC054638BB3846FEF769F804F100
S2140097803407E063102238461749FEF796FA054676
S214009790D0B90122FC213846FEF736FB90B9314697
S2140097A004F11C00FEF707FB60B9012104F12C0050
S2140097B0FEF701FB30B904F12400FEF74CF9FE2356
S2140097C02364B2E76FF00F052046FFF733FFADE7DF
S2140097D080B1FFFF3982000001000800D863020054
S2140097E0A36A000042DB01007C640200434213F0DF
S2140097F07F0320D0584210F15F0F80F2C98010F12D
S2140098006C0F48DA10F1700F00F0F28010F16F0F55
S21400981080F2B68010F5645F00F08E8000F3A580BD
S21400982010F5685F6DD000F39D8010F56C5F1DD05D
S21400983010F56A5F64E010F56E5F00F0D680DADC43
S21400984010F59C4F78D05FDC10F5C44F00F0C48054
S21400985034DC10F5C74F00F0C280C0F2CF8010F5A0
S214009860C64F69D010F5C54F40F0C8806FF086002F
S2140098707047012300F10E02934040F21752134244
S214009880F4D100283FD010F1080F14BF6FF083000A
S2140098906FF089007047012300F16C02934041F29B
S2140098A050521342E2D1DB0700F1A58010F16A0F97
S2140098B014BF6FF083006FF08C00704710F5A24F56
S2140098C0D4D010DC10F5C14F1BD005DC10F5C34F0B
S2140098D006D010F5C24FC7E710F5A34F40F08E80B4
S2140098E06FF08C00704710F59E4F00F0848005DC0A
S2140098F010F5A14F05D010F59F4FB5E710F59D4F19
S2140099007CD16FF08500704710F5785F6AD01BDC5D
S21400991010F5994FAAD008DC10F59B4FE0D010F553
S2140099209A4F6BD16FF09300704710F57E5FD7D0DB
S21400993005DC10F5984F61D16FF09400704720F069
S214009940800010F57C5F8FE710F5705F4DD055DC1A
S21400995010F5725FD5D051DC10F5765F86D010F525
S214009960745F81E710F5665FCAE710F5625F42D064
S21400997010F1720F14BF6FF083006FF08500704710
S21400998010F16E0F14BF6FF083006FF096007047F3
S214009990002833DC10F10E0FBFF66BAF10F13B0F53
S2140099A00ADA10F13D0FBDDA10F1400F14BF6FF068
S2140099B083006FF09300704710F1100F90D010F1F5
S2140099C00F0FB9D010F1210F3FF450AF10F1200F58
S2140099D097D010F1220FCDE76FF0950070476FF02B
S2140099E0960070476FF0910070476FF084007047E4
S2140099F06FF0920070476FF0890070476FF0830039
S214009A00704741F2052398421AD8B0F5905F09D204
S214009A1041F2010398420CD0B0F5885F09D06FF090
S214009A20850070472923A0F5905080B2C340DB071D
S214009A30F5D511F0070F14BF6FF0860000207047B1
S214009A40B0F5105FEBD121F04003802B06D0B1F5C6
S214009A50807F14BF6FF0860000207047002070479C
S214009A6070B5046A05460E463CB901200CF0B2FDFE
S214009A70286228B120466E6270BD6FF08A00FBE750
S214009A806FF08C00F8E738B50446006A10B1616ADA
S214009A90FDF7D6FF237E012B0FD0023B012B0FD8FC
S214009AA0E369012B14BF6FF09605002528220021DC
S214009AB020461AF0F5F9284638BDE369002BF1E791
S214009AC06FF09605F2E713B50C4B0C4693F8ED20B5
S214009AD0022A10D193F8EC30072B0CD1002301AAF0
S214009AE001930EF0D6FA20B9019BA34218BF6FF07F
S214009AF0930002B010BD6FF08800FAE7C80A002095
S214009B00002303604360704708B5134991F8ED30B1
S214009B1091F8EC20022B01D1072A1BD0D0075CBF9E
S214009B2042F0010281F8EC2090075FBF012042F06E
S214009B30020281F8E80181F8EC202BB90748FFF70C
S214009B40DFFF022381F8ED3053075CBF42F00402CA
S214009B5081F8EC20002008BDC80A0020B80B0020C1
S214009B602DE9F04F00F1780BB9B00546039100F1EE
S214009B70680600215846CDE90523FDF732FE20B3DE
S214009B80281DFDF765FEC41D2846FDF7B7FE022812
S214009B904FEAD40400F031835D4A2846FDF7AEFE56
S214009BA00128074640F02F8300215846FDF719FE8E
S214009BB0002840F04183059B002B00F02383039B85
S214009BC01870069B1F6000221DE305F1600319460E
S214009BD028460493FDF7BEFE044600283CD105F156
S214009BE01C0A51462846FFF729FC0446A0BB284617
S214009BF0FDF784FE022840F0698101220321CDE9A9
S214009C001024CDE91224CDE909420F94149217AB23
S214009C10013903F1080323F8042C23F8024C43F817
S214009C20084CF5D2514609A8FEF778F8F0B16FF067
S214009C300F040FA8FDF71DFF09A8FDF70CFF00276E
S214009C400DF15C0808EB07000837FDF704FF202F2E
S214009C50F8D1002C00F03B812046FFF7C7FD0446F4
S214009C6000288DD0204639B0BDE8F08F51460FA8A9
S214009C70FEF78AF80028DAD101213046FEF79BF875
S214009C8001460028D3D15846FEF795F80028CED1D5
S214009C9005F17000FDF7DFFE05F1040949460FA83F
S214009CA0FCF755FC002829DA28460FA911F07CFCA1
S214009CB004460028BDD1D5F84080B8F1FF3F29D131
S214009CC03146284611F070FC04460028B1D14A46B9
S214009CD059465846FEF79DFE04460028A9D15B4625
S214009CE0324631462846FFF7A8F804460028A0D199
S214009CF001215846FEF75FF804469AE70FA94A4640
S214009D000846FEF7FAF804460028C7D091E700BFD9
S214009D1080B1FFFF41460498FCF7DAFBC7B23A462B
S214009D2030460FA9FDF722FF002880D13A46584654
S214009D3013A9FDF71BFF00287FF479AF5B46324678
S214009D40284617A9FEF7E6F9044600287FF471AF07
S214009D505B463246284619A9FEF7FBF9044600285A
S214009D607FF467AF284613AB0FAA1BA9FEF7D2F9FC
S214009D70044600287FF45DAF284613AB0FAA1DA942
S214009D80FEF7E7F9044600287FF453AF1DAA1146F4
S214009D90284617ABFFF751F8044600287FF449AF72
S214009DA01BAA1146284619ABFFF747F804460028B9
S214009DB07FF43FAF17AB1A4619462846FFF73DF823
S214009DC0044600287FF435AF19AB1A4619462846D4
S214009DD0FFF733F8044600287FF42BAF31462846B9
S214009DE019AB17AAFFF729F8044600287FF421AF1D
S214009DF017AA1146284619ABFEF7ABF90446002809
S214009E007FF417AF5946284617AB05F10C02FFF74B
S214009E1014F8044600287FF40CAF5B4659462846E3
S214009E2019AAFEF777F9044600287FF402AF284601
S214009E301BAB1DAA0FA9FEF76DF9044600287FF498
S214009E40F8AE0FAB1A4619462846FEF7F6FF04464C
S214009E5000287FF4EEAE28461BAB1DAA13A9FEF71A
S214009E6078F9044600287FF4E4AE13AB1A46194688
S214009E702846FEF7E2FF044600287FF4DAAE13AB6E
S214009E801946284609AAFEF7D8FF044600287FF49C
S214009E90D0AE5B465946284617AAFEF7CEFF0446C4
S214009EA000287FF4C6AE3A4630460FA9FDF75EFEA0
S214009EB000287FF4BCAE3A46584613A9FDF756FE76
S214009EC008F1FF3800283FF4F8AEB0E6B94C284653
S214009ED0FDF714FD012807907FF4BEAE2B6C182109
S214009EE0013302204FEA53080CF074FB07460028A3
S214009EF000F0818100F11809FDF709FD4846FDF7DD
S214009F0006FD04230022029317AB0799083323F8B3
S214009F10041C029923F8022C0139029143F8082CFC
S214009F20F3D151463846FDF72FFF002878D06FF062
S214009F300F044FF0000A0DF15C0909EB0A000AF164
S214009F40080AFDF788FDBAF1200FF6D174B901238F
S214009F5005F1340A21465046CDE90F4309940A9389
S214009F60FCF7B6FA01285ED0A4F59F44AB6D9F427D
S214009F700AD04FB13846FDF789FD07F11800FDF706
S214009F8085FD38461BF0E8FD002C3FF465AE3046F4
S214009F90FDF77CFD60E6BAFBF8F3012202FA03F156
S214009FA0182208FB13A3C9B202FB017473B322463E
S214009FB02146284617ABFFF75CF804460028B8D1C0
S214009FC00AF1010AD045E6D149462846FFF70CF8C3
S214009FD004460028ADD117AB00933A464B46494697
S214009FE02846FFF743F904460028A2D149462846EA
S214009FF0FEF7FAFF044600289BD107F11000FDF794
S21400A0002AFD07F12800FDF726FD92E718234908E8
S21400A010204603FB0171FDF7B7FE0028C7D086E790
S21400A020DDF808A0CEE721460498FCF751FA80F048
S21400A0300100C3B2049909A80793FDF76FFE002834
S21400A0405ED06FF00F040FA8FDF705FD09A8FDF719
S21400A05002FD002C8AD101224FF00409CDE90A2422
S21400A060CDE90C2409940E920FABB9F1010903F166
S21400A070080323F8042C23F8024C43F8084CF4D1C8
S21400A08008F1E0036B443A463146284613F8843C10
S21400A0900EF01EFA044658B93146284611F040FA2A
S21400A0A0044628B90DF13C0AB8F1000F40F0848050
S21400A0B009A8FDF7DEFC0DF13C0808EB090009F1E4
S21400A0C00809FDF7C8FCB9F1200FF6D1002C7FF483
S21400A0D04DAF31462846079AFEF759F80446002841
S21400A0E07FF444AF3146284611F01AFA0446002899
S21400A0F07FF43CAF31462846FEF776FF044635E748
S21400A1005146049A0FA8FEF721F8044600289AD173
S21400A110079A0FA909A8FDF7DFFC0446002890D18E
S21400A120014608F10102484619F0BAFE4B46049370
S21400A130029B984539D0194609A8FCF7C9F9049B33
S21400A14093F800A0029B4AEA000A08EB030109A85C
S21400A150FCF7BEF9029A049B5FFA8AFA4AEA400ABA
S21400A160013203F801AB0292E1E799F8010099F891
S21400A17000A080EA0201CB4303F0010E43F3000384
S21400A1800AEA0303104001EA0302594009F8011FD6
S21400A19019F8013C024343EACE1309F8013C0CF1DE
S21400A1A0010C029B6345E0D24DE700224FF0010C04
S21400A1B0F7E700BF80B0FFFF5346324631462846D9
S21400A1C008F1FF38FEF755FF98B917AB3A46284610
S21400A1D013F8083009A90EF07BF950B9324631461B
S21400A1E02846CDF800A009ABFFF740F800283FF45A
S21400A1F05BAF04465CE71F4CB8E6069B1C60059BFD
S21400A200A3420DD21C4A1046FFF7F0FA0446002877
S21400A2103FF428AD0021059A039819F041FE21E588
S21400A220224630460399FDF775FA024600283FF4A9
S21400A230B4AC6FF00702E6E7069A630001331360DA
S21400A240059A9A42DED3042303992246304601F843
S21400A250013BFDF792FA0028EBD1039B611C2246D6
S21400A260194405F17000FDF788FA00283FF4ABACFE
S21400A270DFE700BF80B2FFFF00B1FFFF10B5036845
S21400A28004463BB1064A934207D1702200210430AF
S21400A29019F006FE0020206010BD6FF08800FBE776
S21400A2A009000002F8B51F4B064693F8E8210F4652
S21400A2B0A2B30024F83322461D46197EE1B13CB90C
S21400A2C0022905D1D96919B91979002918BF1C4680
S21400A2D00132062A03F12803EFD114B96FF08C007F
S21400A2E008E02046FCF7DCF92046FFF7CCFB20B15F
S21400A2F06FF0960000240FE01C46237E002BF7D15B
S21400A300012323763EB1651BED1003F1CC335D438C
S21400A31005F18045356000203C60F8BD6FF0880090
S21400A320E8E700BFC80A00202DE9F04F89B0029385
S21400A33000230E4602998146154606930B60002AB6
S21400A34000F012810EF054FB034638BB99F80470F7
S21400A35007B907A806A9FFF7A5FF8046E8B9069C37
S21400A360CE46A446BEE80F00ACE80F009EE8030009
S21400A3708CE803000FB9079B6361636AB3B1D4E945
S21400A38008AB6388059363681B0A1ED0784A93421D
S21400A39000F0BB806FF0860300E00346069818B115
S21400A3A00293FFF770FB029B9846D9E0D9F8043079
S21400A3B01B0A02D06E4A9342ECD129462046FFF78C
S21400A3C04FFB03460028DAD0E8E7238803F44F4320
S21400A3D0B3F5824F19D0208800F4E043B3F5805FD0
S21400A3E025D1059959B3FFF70CFB03460028D5D1B4
S21400A3F00731B5EBD10FCDD1AB4511D32A46314647
S21400A400504619F0B1FE656252E005AB2A46314669
S21400A41020460BF087FE034628B9AB4580F08680C1
S21400A4206FF08903BAE710F1860FD4D0B6E7B3F51C
S21400A430005FD6D0430405D46FF08503AEE7E9008D
S21400A4400591D0E74B4F00EA0703B3F5824FF3D1EF
S21400A4500023079307AB6188324600932B460DF026
S21400A46091FE079D0346C0B923882A6C1F40B7F5A6
S21400A470824F03D1D9B2412908BF013203F4E04329
S21400A480B3F5804F04F12401059236D10B465A46A7
S21400A49051462846FFF764FB034628460393FFF71A
S21400A4A0F9F828461BF058FB039B002B7FF476AF89
S21400A4B06288059B002A44D163804FF6F872934267
S21400A4C0BAD8B9F800301BB122889A427FF462AF3E
S21400A4D0B9F802301BB162889A427FF45BAF2379E9
S21400A4E09BBB6369029A1360237E012B36D0002340
S21400A4F0029A13606FF0960350E75B465246284672
S21400A500FDF768FAFFF772F9C6E7238803F44F43AE
S21400A510B3F5824F90D105AB2A46314620460BF064
S21400A52001FE034600283FF478AF37E72A46314657
S21400A530504619F019FE5146059A20880EF0A8FAE2
S21400A54061E79A427FF426AFB7E72046D4E90812BF
S21400A55004F04DF803460028C3D01FE702232376F5
S21400A560404609B0BDE8F08F6FF08608F8E700BFF8
S21400A5700200800000CFFFFF00222DE9F0479C4B31
S21400A5808EB00A60884693F8E8110546002900F068
S21400A590D88000F14040052836D82822424303F1EF
S21400A5A0F8011344114493F81021022A04D1D3F879
S21400A5B00C319D4200F0108141460020FFF772FEEC
S21400A5C00446002840F010810127D8F8003000210A
S21400A5D05D61D8F8003005465F60D8F800900AAA9A
S21400A5E0D9F8146030460CF003FB0446F0B9DDF8E9
S21400A5F028A0384651460BF0EDFF074650BB2646CE
S21400A60025466FF08C0412E0002D40F39D80F83351
S21400A6101946187E022803D15869854200F0D98071
S21400A6200132062A03F12803F3D1C5E72E46304649
S21400A6302946FDF705FAD8F80000002C6ED0FFF783
S21400A64022FA14F18C0F08BF6FF087040023C8F8B5
S21400A6500030C9E03046002108AA0CF0C9FA0446CA
S21400A660002839D1BAF1000F08D0B7F1005F2ED319
S21400A670CAF1005303F580339F4228D800251022E4
S21400A68000210AA819F00CFC07AB029305AB019356
S21400A69006AB00932A46304629460AABCDE9055557
S21400A6A00CF064F90446A8B9059C5646A24528BF96
S21400A6B026463A46069B07994E48009609F060FEE5
S21400A6C00546002846D06FF09104B24504D0002518
S21400A6D02E461AE02E46F8E700252E465146384606
S21400A6E0FDF7AEF9002CA2D129464846FFF7B8F987
S21400A6F0044600289BD12A463146D9F8200019F096
S21400A70033FD94E72E464BE026466FF09804E5E7C7
S21400A7106FF08C04E2E76FF09104DFE70830FCF797
S21400A7203CFDD8F800301A7E012A04BF02221A76B1
S21400A730D8F80000FBF7B4FF002854D06FF096045A
S21400A74084E76FF088044FE06FF087044CE06FF00A
S21400A750960449E0A245BAD8BAF1230FB8D9082220
S21400A760384625491AF045FD04460028B0D1BB6896
S21400A770002BC9D13D6AAAF124039D42C4D8B5F581
S21400A780005FC1D2002DBDD0294601200BF022FF6C
S21400A79006460028BCD02A4607F1240119F0E4FC3E
S21400A7A0FB68C9F804303B8AA9F800307B8AA9F810
S21400A7B002307B69C9F80830BB69C9F80C30FB6900
S21400A7C0C9F81030002EA6D0002D08BF6FF09104F7
S21400A7D084E7282303FB02110846FBF761FF0028E5
S21400A7E0B5D1C8F80010002420460EB0BDE8F087AA
S21400A7F0C80A0020D80A00208C6402002DE9F8431D
S21400A800884617461E46FFF7B7FE044620BBD8F814
S21400A8100050B5F8009009F4E043B3F5804FAB68FC
S21400A82008BF27F0010737EA03030DD1A6B1324669
S21400A8304846E968FBF702FF074668B932464846CD
S21400A8402969FBF7FBFE50B900232846C8F80030FC
S21400A85003F092FE6FF084042046BDE8F8833C4681
S21400A860FAE737B50446C0B101A9FFF785FE0446EE
S21400A87098B9019D2B7E022B12D103232B762B79C0
S21400A880FF2B10D01BB1686903F096FE04462846DD
S21400A89003F072FE002818BF0446204603B030BD01
S21400A8A06FF09604F3E76FF08404F0E710B5437892
S21400A8B00446012B03D1BDE810404068D1E7037879
S21400A8C0012B02D108300BF0D9F90023237010BDFC
S21400A8D010B5044630B13830FFF7E8FF682120464F
S21400A8E0FDF7A4F82046BDE810401BF035B970B55A
S21400A8F0044688B038300E461546FFF7D7FF0122CB
S21400A900224B84F8382093F8EC3013EA020129D061
S21400A910002184F8392003A8142219F0C1FA4FF454
S21400A92010534FF6F872ADF808304FF6FF739542A5
S21400A93098BF2B46ADF80A30154B01A805934FF487
S21400A94080730193FCF729FC019BEA1D04933146B2
S21400A95004F13C03D20802A8FFF7E6FC78B1FBF747
S21400A9603EFE0BE084F8391040342422204619F0CD
S21400A97097FA2A46314620460BF085F910B9002092
S21400A98008B070BD6FF00C00FAE700BFC80A0020E0
S21400A9900044400438B5044640B390F84430012BD8
S21400A9A011D1C56B4DB12B7A012B02D16868FFF728
S21400A9B058FF0C212846FDF743F82046BDE83840EE
S21400A9C04821FDF733B8006C10B15C21FDF738F86C
S21400A9D0E06B0028F1D02368DA79054B02F07C02A0
S21400A9E01344D3F8F4309B699847E6E738BD00BFB8
S21400A9F0A06302002DE9F04F43780D46012B174661
S21400AA00ABB040F0EE820023DFF8FCA20A934FF4CE
S21400AA108072534640680AA9FFF7F0FEDDF82890DA
S21400AA20064660B9D9E90842D9F804305FEA132827
S21400AA3013D0AE4B984500F0C6826FF086064846A7
S21400AA4003F09AFD1EB9002800F0D782064630466D
S21400AA502BB0BDE8F04FFBF7C2BD09AB0493102343
S21400AA602146CDE902734846CDE900850CAB0EF0D1
S21400AA7068FC10F1860F0646E1D15022414616A822
S21400AA8019F00EFAB9F8003050460693CDF858A0E3
S21400AA90069910AB0BAAB9F802B08DF840800EF0FC
S21400AAA02DFA48B99DF840009DF82CC09049D1F881
S21400AAB004A0BAF1000F07D1169B03F0FE43B3F1D2
S21400AAC0806F00F0C380BAE79AF80720894B02F03F
S21400AAD07C021A44D2F8F420127882420CD19AF8FA
S21400AAE0052002F00F0E4FEA8E13BBEB8E1F079366
S21400AAF002D1BCEB121F01D00831D8E74822002152
S21400AB0018A819F0CDF99AF807207A4B02F07C02C3
S21400AB101A44D2F8F4205269FAB99DF8A420CDF868
S21400AB2060A0012A40F0D380279E162200210DF156
S21400AB30420019F0B5F9327A002A40F0D5809AF82A
S21400AB400630102B00F286800D2B00F28580023B2B
S21400AB50052B40F28180684804E090472790002843
S21400AB60DBD16648FEF742FE06460028A4D1169BB7
S21400AB7003F0FF43B3F1906F09D0219B9DF85D2051
S21400AB801033B3FBF2F35343102B00F21382189BDF
S21400AB90002B00F07F819DF8A420012A00F07F8121
S21400ABA01C7914F01F0400F06C815A7902F0F00250
S21400ABB0102A40F0C080102C40F06581DA794D4BA9
S21400ABC002F07C021344D3F8F4302A465E689DF9FE
S21400ABD068103B462798B047FEF708FE102C06463E
S21400ABE000F2EB8100287FF467AF07B12744219A73
S21400ABF010AD32B1169B424923F480638B4200F0BD
S21400AC00C9811898002840F054813E48FEF7EEFDB2
S21400AC10064650B90B9A42B1C4F110039342C0F0F5
S21400AC20BC812946384619F09FFA10212846FCF7C1
S21400AC30FDFE002E7FF440AF0B9B23440993169B2A
S21400AC4003F0FE43B3F1806F40F0BA8118A8FFF717
S21400AC50A1FEF4E6263B7BE74FF41053ADF84030F8
S21400AC604FF440730BA80B93FCF797FA0B9B214607
S21400AC701293334653F8042B10A81392079AD2085F
S21400AC80FFF752FB10F1860F3FF465AF28B18D3009
S21400AC903FF467AF6FF06F0064E701233372CDF8BF
S21400ACA064B08DF86830069B002003F4E043B3F5EB
S21400ACB0005F09BF069B0023C3F30222012304BFE3
S21400ACC09340DBB28DF85D308DF85C004AE79AF869
S21400ACD0072002F00302012A18D89AF8052002F08D
S21400ACE00F02BBEB821F11D006483BE70200800034
S21400ACF0A4640200A0630200809FFFFF809EFFFF07
S21400AD0000404004009FFFFF004440040122CDF8AD
S21400AD1064B08DF868209AF80720A14B02F07C02F8
S21400AD201344D3F8F4302146DB68079A27989847EF
S21400AD300028B8D016E7902A14D12798446E14F04D
S21400AD40100440F0A380836A2BB1C36A026A1033F2
S21400AD50934200F29C803B461022294600F040FABF
S21400AD60102439E7BD420AD12199002940F092808B
S21400AD701023B3FBF4F36343102B40F08E80202A9D
S21400AD8040F08D809DF96830219EBBB91B9BBBB1FE
S21400AD90A31B0F2B17D906F1A8030DEB0306343EB1
S21400ADA005F1100355F8042B9D4246F8042BF9D103
S21400ADB00024219B2046103321930DE7012B02D15E
S21400ADC0A31B102BE6E7002E58D016ABA4EB060A02
S21400ADD006F11C0052462946184419F0C5F9189B7E
S21400ADE06F4ADB79019703F07C031344D3F8F43001
S21400ADF01DAA0092D3F808B022469DF9681027983D
S21400AE0022ABD84700284DD106F110031B1B21901A
S21400AE103FF4E2AE264607EB040B5544B3FBF4F2D0
S21400AE2004FB123232B99DF9681019B91B99002932
S21400AE3018BF2246A3EB020A05EB0A011DA80692DC
S21400AE4019F092F9219B069A13442193BAF1000F48
S21400AE502AD0189B524ADB79CDE9005B03F07C03CD
S21400AE601344D3F8F43052469C689DF9681027982E
S21400AE7022ABA047D8B906EB0A04ADE6BB461023C2
S21400AE80CCE74848A8E600244748A5E600246FF02B
S21400AE900C00A1E6002445489EE60C46FBE700248D
S21400AEA0434899E6002497E63446504694E63446EE
S21400AEB092E69DF8A430012B01D13D48A6E600237A
S21400AEC00B93437903F0F00120290BD11C9B002B38
S21400AED03FF49BAE83794C3B012B11D9102911D13D
S21400AEE072B14DE003F0B006302E09D003F0E00357
S21400AEF0402B05D0602903D0902901D0A029E9D1A4
S21400AF00002083E62029D8D19DF96830012B2FD167
S21400AF101B9B002BE4D0269911B9017949098900B9
S21400AF201DA89847189B1E491A79DB79019503F0EE
S21400AF307C030B44D3F8F4301DA900919E689DF95C
S21400AF406810279822AB02F01F02B04700287FF453
S21400AF505DAE9DF96820189BA2B91C9E1BB193F8A4
S21400AF60048008F01F08414628460BAAB0474DE665
S21400AF70037903F01F039A42D4D01B9B002BAFD05B
S21400AF80094843E61BB193F8048008F01F08CDF883
S21400AF902C80B5E76FF0860647E66FF0890644E634
S21400AFA0A0630200809CFFFF809DFFFF009FFFFFC5
S21400AFB0809FFFFF6FF089067EE56FF096067BE5C3
S21400AFC06FF088063BE509AB04931023CDE9000536
S21400AFD0CDE90273214648460CAB0EF0B2F90646A0
S21400AFE02DE50178012907D113462A4608302BB0F3
S21400AFF0BDE8F04F0AF061BE01482BB0BDE8F08F07
S21400B000809CFFFF2DE9FF4705460C469046002131
S21400B010102268469A46DDF8309018F041FF6A46DE
S21400B02005F1100105F13800FFF7E4FC6F4606460F
S21400B03058B16B6E43F010036B6638461021FCF770
S21400B040F5FC304604B0BDE8F08739190446221DE9
S21400B050904509D2A045F0D91AF804300A5D53404D
S21400B06009F804300134F5E75AF80430085943402B
S21400B07049F804301446EAE7F7B5436E1746DA0691
S21400B08004460E4636D4426A0AB11B072AD5236AFE
S21400B0902BBB00221046216BD3B2994202F101026B
S21400B0A023D823461022002120460094FFF7AAFF4B
S21400B0B0054688B926B13A462146304619F054F876
S21400B0C00026102231462046666618F0E9FE102259
S21400B0D03146A01818F0E4FE284603B0F0BDE26A38
S21400B0E09342D6D06FF00C05F6E7C3F10F03234466
S21400B0F01874D1E76FF06D05EEE738B5416E04467B
S21400B10001F00303032B06D1826A32B9436B023B7C
S21400B110012B1CD80262002038BD056B2378681E00
S21400B1200343606A023A003818BF012043EA8013DE
S21400B1300020520843EAC2032370236AC2B2954233
S21400B14000F1010006D853B141F0100161666FF0BE
S21400B1500C00E1E7C2F10F02A3541B0AEEE72246F9
S21400B160214604F13800FFF745FC0028D4D0636E72
S21400B17043F010036366CFE72DE9F0411D46073B19
S21400B180062B0446164627D8A04600F11103C5F143
S21400B1900F07416307630F2218460021013F18F08E
S21400B1A07FFE2A46314608F8107F18F0DDFF681C3F
S21400B1B0226B0021404418F073FE01232A46E377F1
S21400B1C0E018314618F0D0FF636E204643F00103C6
S21400B1D06366BDE8F04190E76FF00C00BDE8F081D3
S21400B1E02DE9F04F04468846914689B09A4600F10C
S21400B1F0380303930DF1100BB9F1000F01D14B4644
S21400B20083E0E36A03F00F06C6F110054D4528BF3C
S21400B2104D462B44E362636B23F00203012B3ED0C2
S21400B220676B37F0020727D143462A463146204649
S21400B230CDF800B0FFF7E6FE0346002865D1584675
S21400B240A319A3F1040C3A1D954269D23B44BD42B2
S21400B2506FD82A465946504618F086FF7319102BA9
S21400B26003D0E26A236A9A426FD1224621460398A7
S21400B270FFF7C0FB034648BB2E44102E61D10021C9
S21400B280206BCBB2984260D9C3F10F0323441A7CDB
S21400B29001310132D2B21A74002AF2D055E00023EE
S21400B2A0A119181D854201EB030214D29D4219D83C
S21400B2B07319102B03D0E26A236A9A421AD12246E7
S21400B2C021460398FFF796FB034698B1626E42F05C
S21400B2D01002626619E058F80320CF587A40CA5028
S21400B2E00346DEE718F8030011780133414002F800
S21400B2F0011BDBE743462A4631462046CDF800A030
S21400B300FFF780FE034600288AD010210DEB0100CF
S21400B3100393FCF78BFB039B184609B0BDE8F08F40
S21400B32050F8047B5CF8021079404CF8021017467F
S21400B33089E71A781BF8071001374A4003F8012BF3
S21400B34085E7E26A236A9A4299D0A9EB0509A844E0
S21400B350AA4451E72DE9F04F5F4F044697F8CC30EA
S21400B3600E4692468FB0042B11D8DFE803F0B1B337
S21400B370030C0C00007A012894BF00200120C000B6
S21400B3800FB0BDE8F08F037A012B00F0A38094F88D
S21400B390A0000028F4D03268137903F0070123F0E8
S21400B3A0070313713368D7F8D4000693237A0791FE
S21400B3B08DF82C30D4F89830CDF82D0043F00043AB
S21400B3C00D93464BD7F8EC019A889B79ADF831205F
S21400B3D08DF8333000234FF4007209930AA9404BCE
S21400B3E0D6F80490BAF80080FFF708FA83460028DB
S21400B3F05FD10A9D6B68D5E908121B0A0DD0394843
S21400B400834229D06FF0860BB8F1000F35D0424644
S21400B4100021484618F044FD2FE009ABCDE904832F
S21400B420069B28460093CDE90289CDF804900BAB25
S21400B4300FF0C4F810F1860F83461BD10DF12203DE
S21400B440298827480DF123020DF058FD031E14BF6E
S21400B4509B466FF0850BD7E709ABCDE90483069BC7
S21400B46028460093CDE90289CDF804900BAB0FF087
S21400B470A5F88346BBF1000FC6D1284603F07CF83A
S21400B480BBF1000F15D10DF014FED4F89820013250
S21400B490C4F89820D7F8E4200132B2F1005FC7F86C
S21400B4A0E42006D197F8CC20052A02D10320FBF72A
S21400B4B0F1FE5846FBF7BEFE10B9099BAAF800300D
S21400B4C032680799137923F007031943117157E778
S21400B4D0032055E7002053E7C80A00209C0B0020F5
S21400B4E000024805020080002DE9F0410446EFF313
S21400B4F01186302383F31188D0F8A4309D681DBBD5
S21400B50004F130001AF012FDD4F8A4305D69002D65
S21400B51036D1A04658F88C7F002F4DD12774274689
S21400B52057F8905F002D5FD1274657F8945F002D9F
S21400B53061D1D4F8A430DF68002F63D186F3118878
S21400B540BFF36F8FBDE8F08115F8203CA5F1300001
S21400B5507F2B4FEA9317436998BF0027A3422D68B5
S21400B560CDD1D4F8A4100831FBF7C8FD1FB9637B12
S21400B57001336373C3E7032F04BF0023A373BEE73F
S21400B58015F8203CA5F130007F2B4FEA931743694E
S21400B59098BF0027A3422D68B9D1D4F8A41014315F
S21400B5A0FBF7ACFD1FB9637B01336373AFE7032F73
S21400B5B004BF0023A373AAE73D4655F830794046FA
S21400B5C0AB7C05F13001013BAB7408F097FAAB7C1D
S21400B5D033B9637B3321013328466373FBF768FD79
S21400B5E0E37B013BE37397E72846394650F830592A
S21400B5F0FBF784FD96E72846394650F83059FBF7A6
S21400B6007DFD94E7384650F830794369A34293D1DC
S21400B610D4F8A4100C31FBF771FD84F8A1508BE729
S21400B620F8B50546EFF31183302282F311880468DB
S21400B63044B1627AD20605D483F31188BFF36F8FC4
S21400B6400F20F8BDAA68012A05D983F31188BFF335
S21400B6506F8F0420F5E70022AA6083F31188BFF3FA
S21400B6606F8F002C47D094F8506030460DF0DBFD0D
S21400B67008B9042E08D1217A31B1D4F8A40000B15B
S21400B68084300222FBF7A2FF032304F1840684F829
S21400B6905030D4F8843083BB04F18807D4F888602F
S21400B6A0A6BB2046FFF720FF642066811AF050FBF9
S21400B6B0002200236061C4E906232046C4E908236B
S21400B6C0C4E90A23C4E92666FBF78AFB88B102238D
S21400B6D084F85030EFF31182302383F31188D4F8C6
S21400B6E0A430596844F8041F5C6082F31188BFF3E5
S21400B6F06F8F00232B600020A3E7304608F0F6F992
S21400B7000146D4F8A400FBF770F8C2E7384608F004
S21400B710EDF90146D4F8A400FBF767F8BEE710B5CC
S21400B720074C04F1B800FFF77BFFFBF75BFD30B179
S21400B7300122044B83F8CC20002384F8C43010BDCB
S21400B740C80A0020803E0020F0B5A0F1840602233F
S21400B7500022314685B004460CF0CEFF2E28054662
S21400B76070D000286BD1204603A9FBF759FB40B9DF
S21400B770039B354D20465D66FBF745FBFBF750FB0C
S21400B78020B12046FFF74CFF022558E0039B2046D9
S21400B7909D65FBF738FBFBF743FB0028F1D1039BC5
S21400B7A02A4A20465A67FBF72EFBFBF739FB05466D
S21400B7B00028E6D1039B20469C67FBF724FB304617
S21400B7C0FBF734F8039E0623374647F80C4BB38145
S21400B7D0356109F09DFE4FF050234FF4003210F013
S21400B7E0400F1A6714BF7323772310F0800F18BF1B
S21400B7F0732310F4806F18BF732310F0010F18BF67
S21400B800782310F0020F18BF782310F0080F18BF27
S21400B810742310F4004F18BF742310F0040F18BFE1
S21400B820722310F4804F18BF7223736108230C2212
S21400B830F3813946032320460096FBF7D9FB2846BA
S21400B84005B0F0BD1225FAE7E7B80000CB640000AB
S21400B85010B5436F044613B1816F007A98472046AF
S21400B860BDE8104040E62DE9F0410546302700F1DE
S21400B87014086B690BB9BDE8F081EFF3118487F308
S21400B88011884046FBF7FEFB034684F31188BFF39E
S21400B8906F8F90F824201AB10021FBF709FCE8E727
S21400B8A0827C446901328274D4F88C2043F8302FAD
S21400B8B0C4F88C30237C092B06D90A23204684F84A
S21400B8C05030FFF7C5FFD4E7666941F2883076004E
S21400B8D066611AF03DFA864294BF66616061204652
S21400B8E00DF0ECFCC5E7F8B5154612681C46A2F14B
S21400B8F0840000297CD069683E4B99424CD13E4B6F
S21400B90090F8C510D3F8C830B1B343BB0123022664
S21400B9100A2780F8C43052F8844C3CB92B68294674
S21400B92053F8080CBDE8F8400DF0D4BB94F850303E
S21400B930042B0DD003D8012B0AD02468EDE7053B75
S21400B940032BFAD8204684F85070FFF781FFF4E7FF
S21400B9500621204684F85060FAF7B0FCEDE74FF079
S21400B96000524FF20F015180012B4FF000530FD0C1
S21400B9704CF23C325A8009E04FF000524FF20F0171
S21400B9805180002BF0D140F20123138008F09CF880
S21400B99040F202221A80F9E7184A21F0FF03934288
S21400B9A015D1C9B2FBF7F2F80028B7D090F850309E
S21400B9B0042BB3D1002C14BF0223052380F850308B
S21400B9C0C36F002BAAD02146FAF778FCA6E70C4AEC
S21400B9D09342A3D1C9B2FBF7D9F800289ED090F8BD
S21400B9E05030073B012B9CBF092380F8503095E769
S21400B9F0F8BD00BFEFBEADDEC80A002000BAFECA22
S21400BA0000BAEFBE70B50D46EFF31186302383F310
S21400BA1011884C6904F18C00FBF734FB04F130000C
S21400BA201AF084FAD4F8A40029461430FBF734FB45
S21400BA30D4F8A420044902F12C000DF08AFB86F30A
S21400BA401188BFF36F8F70BD67B800002DE9F04F07
S21400BA5085B0EFF31188302686F311883B48FAF755
S21400BA6075FE0446DFF8EC9034B988F31188BFF30E
S21400BA706F8F05B0BDE8F08F23681B797F2B4FEAE8
S21400BA80931198BF0021EFF3118A86F31188656938
S21400BA90BDB9022956D08AF31188BFF36F8F88F399
S21400BAA01188BFF36F8FEFF3118886F31188B9F80A
S21400BAB0003026480133A9F80030FAF747FE04465E
S21400BAC0D2E741BB94F824702FB184F824102046A6
S21400BAD0FBF7EEFADFE795F850000DF0A4FBA8B1EF
S21400BAE02046FAF7B7FE0428D5D1696905F1300B70
S21400BAF05846EF6403911AF019FA23465846CDE9E2
S21400BB000077134A03991AF087FAC4E76B7B332150
S21400BB1001336B73DBE7032914D1AB7B002BBAD060
S21400BB2000212046A973FBF7C3FAD5F89430002B02
S21400BB30B1D005F19400FBF7A5FA014628460DF0B2
S21400BB404CFBA8E72046FAF785FEA4E7B80C0020D1
S21400BB5005BA0000C80A002070B5EFF3118630233E
S21400BB6083F311880F4CB4F8F45165B90123A1781A
S21400BB700D4884F8F6311AF005FB86F31188BFF3FA
S21400BB806F8F002070BD04F5FC70FAF7DFFD00280B
S21400BB90F3D0013DA4F8F45186F31188BFF36F8FFC
S21400BBA0F0E700BFC80A0020000004502DE9F84F57
S21400BBB0EFF31189302383F31188644DD5F8FC31F7
S21400BBC02C2BA3F12C0606D189F31188BFF36F8FB7
S21400BBD01B20BDE8F88F53F82C8CB8F1000F00F04E
S21400BBE0B380B4895A4F002C00F0A2800D220021A9
S21400BBF005F5007018F054F9564BB4F5006FC5E91A
S21400BC0080384FF01308C5F80872C5F80C8260D863
S21400BC10013C0D22002105F50470A4B2D6F804A05C
S21400BC20240118F03DF94C4B44F0405423400224C4
S21400BC30C5E9843AC5E98678D6F808A0BAF1000FB7
S21400BC4012D0A04605EB081808F500731022002154
S21400BC50184618F025F9414A0134C8E9802A13220B
S21400BC60C8F80872E4B2C26005EB0418102200217E
S21400BC7008F500700E3618F013F9394BC8E98167DD
S21400BC80C8F80032002305EB031191F802220133B5
S21400BC9022F0100281F80222DAB2A242F3D900247E
S21400BCA0304B95F890501C702F4B2946A3F5AC727C
S21400BCB02E4809F0C8FC01232D4AAB4029462B48E4
S21400BCC0536509F0FBFC89F31188BFF36F8F20469C
S21400BCD07FE7B4F5805F25D8D6F804A0DFF878B003
S21400BCE00D22002105F5047018F0DAF8C5E984BACB
S21400BCF0C5E9867873680D22002105F5087003F5FE
S21400BD00006A18F0CDF86FF40063E3189BB21B01CD
S21400BD1043F0405303EA0B030324C5E9883AC5E918
S21400BD208A7889E789F31188BFF36F8F212050E75F
S21400BD301022214605F5007018F0B2F80D4BC5F834
S21400BD400872C5E980389DE7012042E7C80A00204E
S21400BD503C80055060000030F07F003070000030FE
S21400BD6010001030803E0020C80C00200000045058
S21400BD70001004506000103010B5EFF3118430232B
S21400BD8083F311880A4803882BB984F31188BFF31C
S21400BD906F8F032010BD013B038000F5FE70FAF79D
S21400BDA083FBFFF703FF84F31188BFF36F8FF1E780
S21400BDB0C80A00202DE9F843EFF311884FF0300948
S21400BDC089F3118801271D4D1D4CAE78204631465B
S21400BDD01AF0D8F93422002105F5147018F060F82E
S21400BDE0184A062182F8CD7007222A81B5F88422E7
S21400BDF005F5217361F30E1220463146A5F884221C
S21400BE0005F198026B6009F01EFC04F5805520468B
S21400BE1009FB0644B74031466F6509F04FFC6F6278
S21400BE20236F43F002032367636E43F48013636655
S21400BE3088F31188BFF36F8FBDE8F883C80A002027
S21400BE4000000450803E002008B5FFF7B3FF002036
S21400BE5008BD10B5EFF31184302383F31188104B1F
S21400BE60B3F8F421092A04D984F31188BFF36F8F3D
S21400BE7010BD817C013201318174D3F8F811A3F82A
S21400BE80F42193F8F62140F82C1FC3F8F801002A95
S21400BE90EAD0002283F8F621FFF78CFFE4E700BF24
S21400BEA0C80A00202DE9F04F85B0EFF31189302342
S21400BEB083F311884FF48872914CD4F804B0BBF821
S21400BEC00030DBF8085062F30E13ABF8003094F83D
S21400BED0633213B994F8583223B30723B4F85A825E
S21400BEE02381A844DBF80C30D4F8A47223F00303B3
S21400BEF0384603A9D3F808A06360FAF788FC98B917
S21400BF00039BCBF8083094F8621200293CD0C4E9B1
S21400BF10945AFAF73FFC89F31188BFF36F8F05B088
S21400BF20BDE8F08FA846DDE7764E96F8CD1089BBC3
S21400BF3094F862323BB1D4F85C3234227248C4F8CA
S21400BF40A83217F0ADFF4FF00008D4F8A8126F48DB
S21400BF50A1F80C80C1F80480FAF7A6FABB6C07209B
S21400BF600133BB640123CBF80850C4F8A88286F8D6
S21400BF70CD30FAF74CFA2E28CDD1C4F850A2C4F82A
S21400BF805C82A4F85A82C4E75E4B93F8CD60002E1C
S21400BF9000F08D800191FFF7DFFD01990646C4F899
S21400BFA0A80238B915B12846FAF716FC002384F81B
S21400BFB06332B0E7D8F8002003681A60B8F80420A7
S21400BFC09A8098F806209A7131B3CBF80850D6F8C4
S21400BFD00080002207214046FAF700FA054608BB13
S21400BFE0D8F800004A4BC4F86402B8F8041098F871
S21400BFF00620304699809A71FFF72BFF0123C4F87C
S21400C000A852C4F85C5284F8635284F85832C4F8D4
S21400C01050A2A4F85A527CE7002DD8D02846FAF74A
S21400C020DBFBD4E74FF0000884F858823368588862
S21400C030B08180B3B0F5857F30D90623314633779B
S21400C0403248FAF731FA46460720BB6CC4F8A88295
S21400C0500133BB642B4B208183F8CD50FAF7D7F918
S21400C0602E2848D10023D4F8A812C4F850A2A4F869
S21400C0705A32B6B12548FAF717FABB6C0133BB64DF
S21400C08000210025C4F85C12C4F8A852FAF782FB17
S21400C09084F863523FE72E460720DBE745464646D0
S21400C0A0D8E7002DEDD00846FFF7D3FEE8E70720D7
S21400C0B00125D4F8A82283F8CD50C2F80480208148
S21400C0C0FAF7A5F92E280F4B09D183F8CD50C4F8FE
S21400C0D050A2C4F85C62A4F85A62FAF75BFBD4F884
S21400C0E0A8120A48FAF7E0F9BB6C0133BB640023D8
S21400C0F0C4F8A8325AE7002E3FF458AFEFE700BF67
S21400C100C80A0020803E0020180D0020400B0020AA
S21400C1102C0D002000232DE9F3470D460A26434C3C
S21400C120C4E9AD13C4E92113C4F8A412C4F8F83165
S21400C130A367C4F8FC31C4F8F03184F8BC32C4F804
S21400C140B03284F88C30C4F88030284601A90CF050
S21400C150DEFF20B11927384602B0BDE8F087019807
S21400C160FFF777FE013EF0D10A2323804FF480527A
S21400C1702F4B1A604FF440622E4B69465A614FF0BF
S21400C180FF3203F500539A640122A3F58053DA6464
S21400C190D4F8A4723846FAF73AFB0028DAD1DFF86A
S21400C1A0A080102231464046DDF800A0DFF89490CB
S21400C1B017F076FE204B38466946C4E9A139C4F824
S21400C1C08CA2FAF724FB07460028C3D108F1100317
S21400C1D00D2231461846DDF800A017F061FE174A1A
S21400C1E020F00303C4E9A52994F88622C4F8903207
S21400C1F066F30412D4F8A03284F886224FEA980236
S21400C20062F39F0331463422C4F8A032A8F134000A
S21400C210C4F89CA2C4F8048017F042FEA86F0CF085
S21400C2205EFF002896D00723238194E7C80A0020E3
S21400C23000E100E00080055000111003001100032B
S21400C2404C0D00202480055013B5EFF311843023E5
S21400C25083F31188094BB3F8F421092A08D8D3F8D8
S21400C260A40201A90CF053FF10B90198FFF7F1FDE5
S21400C27084F31188BFF36F8F02B010BDC80A002088
S21400C2802DE9F04F89B0EFF311830193302383F348
S21400C29011880026C74FFD1D0023C74CADF812308D
S21400C2A0D4F85022ADF81030D4F85C32002A00F0F2
S21400C2B02E8293B9C14B93F8CD3073B1FFF74CFC87
S21400C2C0C4F85C0248B9C4F85002019B83F3118895
S21400C2D0BFF36F8F09B0BDE8F08F94F85832029321
S21400C2E0002B00F098802B68DFF8DC823B60AB8880
S21400C2F0D8F80000BB80AB79B8F80420BB7198F87A
S21400C30006302860AA800D2104AA08F10800AB7147
S21400C310FAF764F848B3BDF81010D4F85C3201316F
S21400C32089B278581B687A1818609088ADF8101093
S21400C3309880927908F115009A71D4F85C321A68E0
S21400C34052889A81C1F107020731D2B2394484F883
S21400C350802217F009FF0E22002108F1070017F0CF
S21400C3609FFD002384F8583254E00DF11200FAF7CE
S21400C3701FF8002840F0CB81BDF81290B9F1000FED
S21400C38000F0DC8008F10E034FF0010813F8012BD3
S21400C390142A40F0C6804FF0000A0DF1180B19461B
S21400C3A0C8F1070258460393CDF818A0CDF81BA095
S21400C3B017F0DAFE0DF11F004246D4F85012A0EB3B
S21400C3C0080017F0D1FE0721584604AAFAF706F827
S21400C3D0039B002800F0A580D4F85C32BDF810104E
S21400C3E01B680BEB01025BF8011038461960918858
S21400C3F0927999809A71D4F85C3251461A685288BC
S21400C400A4F85A829A810E2217F04AFD84F858A2A0
S21400C41084F880A2029E94F88082B8F1070F00F29A
S21400C420768194F862A2BAF1000F02D0002384F855
S21400C4306232DFF88891D4F85C3299F8CDB0BBF15F
S21400C440000F00F07C81002E43D10DF11200029304
S21400C450F9F7AEFF002840F05A81BDF81210029B93
S21400C460B8F1000F00F01B81C8F10702D2B28A4271
S21400C47000F24D81B8F1070F00F04981424650495D
S21400C480186817F071FED4F85C2294F880321068B1
S21400C490D4F85012C3F10702184417F065FEB4F83A
S21400C4A05A3294F8802207339B1AD4F85C82A4F898
S21400C4B05A3284F88062D8F800A0324607215046E7
S21400C4C0F9F78CFF002800F02281BAF80230A8F8AD
S21400C4D00C30D4F85C12002900F019818E89002EE9
S21400C4E040F008813748F9F7DFFFD4F8A422C4F8F3
S21400C4F05C62936C01339364B4F85A32D81DB3F57A
S21400C500857F80B200F20381F9F781FF002840F0B2
S21400C510F8810123C4F8500284F8633284F880025C
S21400C520D3E6B8F1060F06D008F101081FFA88F224
S21400C5309145BFF42BAF002E7FF46CAF0720F9F7C0
S21400C54066FF064650B9D4F85C02FFF782FCC4F8D2
S21400C5505062A4F85A62C4F85C62B6E62B680E21F4
S21400C5603B60AB883846BB80AB79BB71D4F85032A1
S21400C5701A682A609A88AA809B7904AAAB71F9F790
S21400C5802DFF18B3D4F85C32BDF810201B68B858DD
S21400C590B918186088889880897906489971D4F8FF
S21400C5A05C3219684988A4F85A2299810E22002123
S21400C5B0D5E600BF330D0020C80A0020803E0020CC
S21400C5C0410D0020400B00202C0D00200720F9F71D
S21400C5D01EFF064690B9B9F1060F40F29880D4F8CF
S21400C5E05022A9F1070902EB090352F80920C4F802
S21400C5F072229A88AA809B79AB71A4E70DF112008B
S21400C600F9F7D6FE0646002840F08180D4F850920E
S21400C610BDF812804846414604AAF9F7DFFEF0B19D
S21400C620D4F85C32BDF810801A6859F8081009EB87
S21400C630080311609988B54891809B7931469371BB
S21400C640D4F85C321A6852889A810E2217F028FCB9
S21400C65008F10703A4F85A3284F85862DAE608F1BB
S21400C660070080B2F9F7D3FE064600284FD1B8F18E
S21400C670060F4CD9D4F85012A8F107028B188A5826
S21400C680D4F85C02C4F872229A88AA809B79AB71AF
S21400C690FFF7DFFBC4F85062A4F85A825BE706296E
S21400C6A0029334D9B4F85A628E4230D2D4F850820B
S21400C6B0891B04AA89B208EB0600F9F78FFE029BD5
S21400C6C028B3BDF810101A688B1908EB030058F849
S21400C6D0033013608388938083799371D4F85C3237
S21400C6E01A6852889A81B4F85A320B440733A4F871
S21400C6F05A32EEE6B6F5857F11D9062384480B77C5
S21400C700F9F7D2FED4F8A422936C01339364D4F8DC
S21400C7105C0208B1FFF79DFBFFF74CFBD5E5002355
S21400C720B4F85A0289F8CD303044B0F5897FEEDA95
S21400C73094F880329E4200F2D7800026ACE5002BAB
S21400C740E5D09A89904542D3D4F8A4A205A95046CC
S21400C750FAF75DF8D4F85C2203900028D7D1059B41
S21400C760DFF8B081184641469289029317F0FCFC28
S21400C770D4F85CB294F88022BBF80C104046521AEB
S21400C780414417F0A0FCBBF80C1094F88022029BE2
S21400C790521A84F88022CBF804306FF40073D4F871
S21400C7A05C12B4F85A228889024408EB0300A4F805
S21400C7B05A22F9F779FEDAF84820039B0132CAF8C4
S21400C7C04820C4F85C32012389F8CD3094E6BAF1EB
S21400C7D0000F2DD0D4F85002B4F85A12A2EB08027B
S21400C7E00144404417F06FFC94F880224949D4F87D
S21400C7F0500217F0B9FCD4F85022D4F85C3284F812
S21400C80080B25A60D4F85432D4F85C124048C4F867
S21400C8105032F9F749FED4F8A422C4F85CB2936CFF
S21400C820A4F85AB201339364012389F8CD3063E645
S21400C8300DF112000292F9F7BBFD00287FF467AFF6
S21400C840BDF81210B4F85A32029A41441344994281
S21400C850FFF65DAFD4F8A4B205A95846F9F7D7FF9E
S21400C860D4F85C2200287FF452AF94F88032928984
S21400C8707BB393423FF64BAFDDF814801A4625494A
S21400C880404617F071FCD4F85C3294F880029A891E
S21400C890B4F85A12D4F85032121A1944404417F019
S21400C8A063FC84F880A2D4F85C321948C3F804808C
S21400C8B0D4F85C12B4F85A328A891344A4F85A326F
S21400C8C0F9F7F2FDDBF848300133CBF848300023A7
S21400C8D077E7DDF81480B4F85A12D4F850324046A0
S21400C8E0194417F041FCDEE7C01A80B2F9F78FFD55
S21400C8F018B9012384F86232E7E42E283FF41DAF0E
S21400C900E3E42E283FF4C8ACDFE400BF330D00207C
S21400C910400B0020410D002038B5184B184A9B6C80
S21400C92003F0010393643BB3164C174894F8901039
S21400C93019F03BFC0122154B1A70EFF311853023DA
S21400C94083F3118804F5FE70F9F700FF014604F53D
S21400C950F870F9F7A9FD85F31188BFF36F8F0022F1
S21400C9600B4904F52B700CF0F4FBD4F8FC311BB12A
S21400C970BDE83840FFF71AB938BD00BF0080055043
S21400C98000A00550C80A002000000450803E002089
S21400C9904DBA000038B50D4619F0D9FC19F0EAF981
S21400C9A004462D6819F0D3FC19F0E4F9031BAB42DA
S21400C9B0F8D938BD2DE9F7430627177014464A689C
S21400C9C01E46A2F58053FF2B81460D46DDF82880D3
S21400C9D075D80523D1B2638041F4805363602A7A08
S21400C9E0931E012B27D88438FAF7D0F80223054681
S21400C9F02372D0B190F8508040460CF014FC30B151
S21400CA000A2385F850302846FEF722FF0DE0B8F1DD
S21400CA10040F0AD109233946284685F85030F9F71D
S21400CA204DFC10B96B7ADB06EDD4638804333360B3
S21400CA3003B0BDE8F083052A16D18438FAF7A6F8C5
S21400CA40022323720028F0D090F85030012B01D03A
S21400CA50042BEAD1042380F85030052323726E4B52
S21400CA600B43C8F80030E0E7092A21D18438FAF7EA
S21400CA708DF808B92272D8E790F85030053B032BA2
S21400CA8010D8DFE803F007021107082380F85030BB
S21400CA902372CAE7082580F85050F9F71BFC18B92E
S21400CAA02572C2E70923F3E7092323725B4BD7E716
S21400CAB004236380002363600323A360B5E7A2F525
S21400CAC0E063FF2B24D84F880C2F03D0002363602D
S21400CAD003235CE05248D1B2FAF758F890B190F8C8
S21400CAE05030012B0ED1AB68EA6841F4E061C0E932
S21400CAF02623234643F8041FAA685A60EA689A6009
S21400CB00678092E700236360082363800423D4E7EA
S21400CB1040F203239A4272D0B2F5017F21D2602AF6
S21400CB206AD007D8042A2FD9212A37D00023636079
S21400CB300D232CE0B2F5007F26D040F202239A4265
S21400CB40F4D1042363808B681BB3012BBED1012371
S21400CB50344AA360C2F8C83040F202236360082358
S21400CB6048E0B2F5C06F21D00BD840F201339A42AC
S21400CB700AD0B2F5A06FD9D10B7A80F8383062604F
S21400CB8037E0B2F5885FD1D1002363601523A36038
S21400CB90E5E724496260C1F8C830F8E762600B89AF
S21400CBA0678023810B8920F8283C3EE7CB684361E9
S21400CBB01C4B8F68D3F8C022974217D8002500F187
S21400CBC01408294640F2E730D3F8C4C24FF47A720C
S21400CBD00023E7FB0C0116F041FF43460146CDE972
S21400CBE00055114A09F1180019F08AF84FF4C0638D
S21400CBF063600423638018E78B68C360BFE70B7A23
S21400CC0062600822003B628018BF01230022A260F7
S21400CC1080F8413009E700BF00BAFECA00BAEFBE8E
S21400CC20843E0020C80A002095C900002DE9F04F78
S21400CC300646C06C8FB0036908A998470290002882
S21400CC4040F06A82DDF820A096F85030DAF800400E
S21400CC506BB905212046B4F80520F9F76BFB10B137
S21400CC602378142B03D05046F9F7F4FD54E294F8D9
S21400CC700480BAF80C30B8F17F0F4FEA981594F894
S21400CC80019098BF00256788DBB93B1E18BF0123BB
S21400CC900593736D49460A339F42304628BFAAF86B
S21400CCA00C30F9F773FF044668B9022D07D0052348
S21400CCB0014600934A4603463046FAF72EFA08988D
S21400CCC0D2E70023E4E790F85030042B08D13DB9B2
S21400CCD0052380F85030C36F13B12946F9F7EEFAF2
S21400CCE094F8506030460CF09EFA049018B1082E66
S21400CCF009D1022D07D00523009300234A4621467A
S21400CD00D4F8A400D9E7089B15F0FD0F5C6111D19B
S21400CD101B7F7BB908F00703EFF3118203923022E2
S21400CD2082F31188D4F88C202ABB039B83F31188E6
S21400CD30BFF36F8F059B0898002B95D117B14368FA
S21400CD40002B91D0027F62B1E37A0092D4F8A4005F
S21400CD504A462146FAF7E1F9002308980377F9F7DF
S21400CD6079FD002F00F0FC80022F00F2E5800622FD
S21400CD70E37A0092C2E752F8302CE17B1279C2F3D4
S21400CD800212501C114400F0070001F0070188420F
S21400CD9000F292808342C8D38B42C6D8934298BF93
S21400CDA008339B1ADBB206930023237419F028F885
S21400CDB0D4E90626B0EB020A61EB060BBC4991F8F3
S21400CDC0CE20002A7FD000234FEA5A0646EACB76CA
S21400CDD04FEA5B02C4E908ABC4E90A6281F8CE30C8
S21400CDE00520079218F0B4FF0023079A864272F1D6
S21400CDF000013CBF1A4606464FEA820242EA967295
S21400CE004FEA860638BFC4E90A0316EB0A0641F263
S21400CE1088304BEB020A18F09BFF4FF0000BB04235
S21400CE207BEB0A0307D3052018F092FFB0427BEB9A
S21400CE300A0B38BF3046606104F1300019F076F80E
S21400CE404FF0010A04F18C063046FAF71BF9817C94
S21400CE5000296ED1FAF72CF9637B069A01336373C7
S21400CE60E37B013BE373029B013302939DF808309A
S21400CE709342E9D3039B83F31188BFF36F8F4FF080
S21400CE80300A04F19006D4F89030002B3FF452AFED
S21400CE90637B002B3FF44EAFEFF3118B8AF31188C0
S21400CEA03046FAF7EFF801468BF31188BFF36F8F21
S21400CEB020460CF092F9E6E78B427FF66FAF83428E
S21400CEC0BFF46CAF31E7D4E90810514570EB0B03A3
S21400CED0D4E90A324FEA930343EA8273B4BFAAEB5B
S21400CEE0010CA1EB0A0C9208DE1842EB020EF618B3
S21400CEF04FF007034FEAD1014FEA9C0C41EA40711C
S21400CF0042EB0E0216EB0C06A1FB031C4FEAD00008
S21400CF1003FB00CC4FEADA0A4AEA4B7A42F10002F7
S21400CF2011EB0A0A4CEBDB0BC4E90A62C4E908AB56
S21400CF3056E780F824A08FE7089ABB1E50689FB279
S21400CF4010FA83F35A78C35D394643EA0222F9F7AA
S21400CF50F1F928B9002D7FF4B2AE0122E37A08E792
S21400CF60089E002D40F0E480627AADF82470D70762
S21400CF70CDE90A55D4F8A400E37A07D50621227A2B
S21400CF8000912146FAF7C9F830466DE6C8F302115B
S21400CF9099420CD05A1E914205D00BB9072902D0EF
S21400CFA00221227AECE720460CF0F5F8ECE718F0C0
S21400CFB0080F0ED13146204609AAFEF7CBF90346E4
S21400CFC0D4F8A400002B00F084800421E37A227AAF
S21400CFD0D6E7227A1AB1062300930B46D1E73146EC
S21400CFE0204609AAFEF7B6F9D4F8A49030B1042179
S21400CFF0E37A227A484600912146C3E7BDF824200A
S21400D000032A64D9D6F80480B8F8023004339A426A
S21400D0105DD148460AA9F9F709FC09F1840A0746D2
S21400D02090B90A990D4645F80CAB98F801304B7349
S21400D03098F80030022B33D0032B3BD0002B42D184
S21400D0400B73CB8104230B93706830B1D4F8A480A3
S21400D050F9F7C2FB4046F9F733FA0023304673600F
S21400D060F9F7F8FBE37A2046013303F00703E3728F
S21400D0700CF091F8002F4FD10A9F11232946204625
S21400D080BDF82C200097F9F74EFF002844D0A66D77
S21400D090002E41D033233A462946207AB0473BE05B
S21400D0A02A46414650460BABF9F7B8FDCCE700BF21
S21400D0B0803E0020043100912A46414650460BAB84
S21400D0C0FFF778FCC0E7D9F87C000CF003F82127BE
S21400D0D0BAE73146BDF8243004F18402F9F70EFCB5
S21400D0E0E8B10321E37A227A0091D4F8A40021461D
S21400D0F0FAF713F83046F9F7ADFB8F4B93F8CC20D0
S21400D100052A09D1D4F89820013AC4F89820D3F813
S21400D110E420013AC3F8E4200FB0BDE8F08FE36DD9
S21400D12013B1216E207A984700254FF0FF3799E714
S21400D130022D2ED108F03008B8F1100F94F8505098
S21400D14020D173681B78013B042B1ED8DFE803F060
S21400D150141A1A1F03000A253046F9F77BFB049BB6
S21400D160002BD9D004F1300018F0E0FE204684F8F9
S21400D1705050FEF76DFBCFE7D4F88C3013B1204645
S21400D1800CF09CF800230493E6E70C25E4E70B2557
S21400D190E2E70023CDE90933637A98077FF5F4AE1A
S21400D1A018F037081AD159073FF5EEAEB3898BB1A0
S21400D1B03B463146D4F8A40004F18802F9F79EFBFA
S21400D1C000287FF4E1AEE36E002BA5D0216F207A15
S21400D1D09847A1E73046F9F73DFBF4E7B8F1040FAE
S21400D1E040F09780237A002B7AD1032F78D9D6F88F
S21400D1F00480B8F8023004339F4271D1D4F8A4A05A
S21400D2000AA950460AF18409F9F710FB002867D1ED
S21400D2100A9D2F4647F80C9B98F801306B7398F8D8
S21400D2200030022B26D0032B39D0012B53D12B7381
S21400D2300423EB81082309933F4BD3F8C8303BB156
S21400D240012B13D10BA8F9F760FC9DF82C306BB1BD
S21400D25000232B61394B6B60009505233946204629
S21400D260BDF82420F9F75FFE05463BE001232B615D
S21400D2700023F0E7D8F80430202B09D05A1E032AE2
S21400D28006D923F01002402A02D0B3F5007F19D148
S21400D2903A464146484609ABF9F7C0FCDCE7D8F801
S21400D2A00430A3F20222012A03D9212B01D0602BDD
S21400D2B008D12B1D00933A464146484609ABFFF776
S21400D2C079FBC9E70D230022C5E904230823EB8177
S21400D2D00C230993C0E72946DAF87C000BF0FAFE27
S21400D2E0002701253046F9F7B5FA002F3FF414AFB2
S21400D2F0099B002B3FF410AF002D3FF40DAF656E79
S21400D300002D3FF409AF332339460A9A207AA847FE
S21400D31002E7B8F1310F7FF437AE3046F9F79AFAE4
S21400D320227A002A7FF4F8AE62810923114620464D
S21400D3300092F9F7F8FDEFE6C80A0020EFBEADDE72
S21400D3402DE9F043012906460F4615469846A9B032
S21400D35077D8130778D1046824F04003802B02D0D6
S21400D360B4F5807F73D12022002120A816F098FD06
S21400D370384A394BE408012F08BF134601271F938C
S21400D38044F00054331D1C931D971E94334C0DF12E
S21400D390040C1CAB93E807000DF110098CE807009D
S21400D3A019ABCDF864801A971B9493E8070016AB68
S21400D3B089E80700CDF858801797189493E8070077
S21400D3C0309B45F0005E07AC84E807001393149783
S21400D3D013ABCDF854E093E80700319B0DF1280815
S21400D3E088E80700109310AB1197CDF848E00DAF12
S21400D3F093E8070087E8070061461FA808F0E1FAEF
S21400D40049461FA808F0DDFA41461FA808F0D9FAD9
S21400D41039461FA818F045FF21461FA818F041FFFF
S21400D42031681FA8C90818F0E4FE29461FA818F09E
S21400D430E0FE1FA818F0E6FE18F0C8FE29B0BDE80A
S21400D440F0836FF02000F9E76FF02100F6E76FF049
S21400D4501F00F3E70302000403020104100000208B
S21400D460014B1868704700BF880D00204FF0FF3052
S21400D470704710B5044600B9FEE7037F1BB1436949
S21400D48098470023237710BD38B5044600B9FEE759
S21400D490038B428B9A420CD9002201330277038316
S21400D4A0D0E90253984701462046A8470123237730
S21400D4B038BD036A01330362BDE83840D9E7014B43
S21400D4C01B691847900D002010B5EFF31184302229
S21400D4D082F31188094A02F14801431A1E21DB1023
S21400D4E0B3FBF1F32420DBB200FB0320FFF7C1FF00
S21400D4F084F31188BFF36F8F10BD00BF900D00201E
S21400D500014BD3F838321847900D002010B5EFF3D2
S21400D5101184302282F31188094A02F50A714832D2
S21400D520831A1E22DB10B3FBF2F32420DBB200FBCF
S21400D5300310FFF79EFF84F31188BFF36F8F10BDB3
S21400D540900D00202DE9F843064614460D46FFF7D9
S21400D55090FF3369984700272D1947EB07032C1ACD
S21400D56063F10005012C75F1000306DA336A3046D4
S21400D57001333362BDE8F8437BE7D6E90283984778
S21400D580A04277EB05031CD2F36898473B46024659
S21400D5902946204616F062FAF368914698473B46BD
S21400D5A002462946204616F059FA4C4683B2002217
S21400D5B07383214630463283C04701233377BDE864
S21400D5C0F8833B46F3E770B50D4C054604F1480377
S21400D5D0C31A1E20DB10B3FBF0F32420DBB2434358
S21400D5E0E658E01806B9E550EFF31184302383F3CC
S21400D5F01188FFF7A7FF84F31188BFF36F8F70BD04
S21400D600900D002070B50E4C0546A4F5F073C31AB5
S21400D6101E20DB10B3FBF0F32420DBB24343E658B6
S21400D620E01806B9E550EFF31184302383F3118830
S21400D630FFF788FF84F31188BFF36F8F70BD00BFBC
S21400D640B80F0020FEE710F0010217D10C4B197836
S21400D65001EA000303F00F0301EA101143EA010098
S21400D660830709D410F0040009D0012305485B4263
S21400D67003F0F003184470471346F7E7002070479E
S21400D6807C3F0020D80D0020114B03F14802821A7F
S21400D6901E20D210B2FBF0F2D2B203EB4200B0F87A
S21400D6A0700203F51D730144002089B203EB821358
S21400D6B01A888A4201D19A783AB90130102803F1C3
S21400D6C00403F5D14FF0FF30704700B2704700BF3B
S21400D6D0900D002038B504460D46FFF7D5FF80B202
S21400D6E00F2823D91E21124AA31ADB10B3FBF1F32D
S21400D6F0DBB202EB831202F22E21002211F8220086
S21400D70020B10132102AF9D1032038BD0949180189
S21400D71000FA82F201EB820201EB4301B1F87032AB
S21400D7201D440123A2F8745282F876320020ECE7FA
S21400D730D80D0020900D0020154B30B503F148029F
S21400D740821A1E20D210B2FBF0F24C880D88D2B29C
S21400D75025448C8803EB4200C988B0F870022C443C
S21400D76021440144002003F53D7389B203EB821384
S21400D7701A888A4201D19A783AB90130102803F102
S21400D7800403F5D14FF0FF3030BD00B2FCE700BF18
S21400D790900D00207047A0F14103052B03D83738C1
S21400D7A0087000207047A0F16103052B01D8573898
S21400D7B0F6E73038C0B20928F2D90720704770B5AE
S21400D7C0436804460D4623B9BDE870404B680068C0
S21400D7D018478B689847636801469A68831A002B37
S21400D7E0B8BF121A2B682068A8BF0022BDE8704098
S21400D7F0184738B50C461146E2680346944206D0F0
S21400D8004568AC420BD14260FFF7D9FFE46038BDF3
S21400D81094420DD01146D268002AF9D1F6E72A467E
S21400D8200021F9E7CB68002BF0D0DB68CB60EDE792
S21400D8300029F7D1002DE9D0EA685A60E6E770B50E
S21400D840466804460D467EB18B689847B368C01A92
S21400D850002809DB20462A463146FFF7CAFF304635
S21400D8607368BDE87040184729462046BDE87040FA
S21400D870A5E701490830E2E7D066020001460068E5
S21400D880014A1030B5E700BFDC66020001491030DF
S21400D890D5E700BFDC6602000122024B002083F8B9
S21400D8A074237047900D00200020024B83F8740309
S21400D8B0704700BF900D0020704700F01800102839
S21400D8C005D0A0F1180358425841C0007047042004
S21400D8D0704700F007030120984010F0220F09D18E
S21400D8E010F0880F08D100F04400003818BF01205F
S21400D8F0C0007047042070471020704708B54307E3
S21400D900024608D0FFF7D9FF12F0180F0CBF0530FB
S21400D9100630C0B208BDFF20FCE710B58379046A64
S21400D920022B1CBF02238371A36C2BB1236D1BB18A
S21400D930206C98470023236510BD2DE9F3470E465B
S21400D940044618B9072002B0BDE8F0870378302BEC
S21400D95030D1437803F0DF03582B2BD10127023454
S21400D96000224FF0993915464FF00A08DFF868A0F4
S21400D97020780FB30DF10701FFF70DFF0028E1D166
S21400D980B5F1805FDED22B0143EA127312019DF8D7
S21400D99007100020891853F1000328BF01200A460B
S21400D9A01D460028CED114F8010F0028E0D1C6E9A4
S21400D9B00013C8E70027D3E73038C0B20928C1D81B
S21400D9C091457AEB05038DF80700BBD3A2FB08232D
S21400D9D008FB0533DBE700BF9999991913B50C4688
S21400D9E06946FFF7AAFF50B94FF0FF32009B9A42F4
S21400D9F0019A70EB020202D3236002B010BD07202A
S21400DA00FBE710B5C38802899C1C94420BD80268B9
S21400DA10D4186478D35C43EA04230B80C3880233AB
S21400DA20C380002010BD0620FCE770B5C4880389BB
S21400DA30221D9A4211D805682A19937856782C5DCB
S21400DA401B04D27843EA0623234343EA02630B60AF
S21400DA50C3880433C380002070BD0620FCE770B581
S21400DA60C288038902F108049C421CD80568AC18D9
S21400DA70A3786678AA5C1B0443EA06231343E2787D
S21400DA80657943EA0263227942EA0522A579E479B8
S21400DA9042EA054242EA0462C1E90032C38808331A
S21400DAA0C380002070BD0620FCE700F1B401903072
S21400DAB0A7E70C20704707B590300DF10601FFF779
S21400DAC0A0FF00280CBF0C20062003B05DF804FB66
S21400DAD0FEE7FEE737B5002300220446CDE9002323
S21400DAE0FFF7EDFC6946054604F19000FFF7B7FF27
S21400DAF070B9DDE90032AB4272F100010AD35B1B5C
S21400DB0062F10002C4F89839C4F89C2903B030BD0D
S21400DB100620FBE70720F9E7074BD3F87823002316
S21400DB2052F8041F884201D1D8B270470133042B43
S21400DB30F6D10020704700BF900D002037B5044690
S21400DB400DF106019030FFF75CFF0546F8B9236833
S21400DB509A6CF2B1DC69BDF806102046FFF794FD1A
S21400DB6083B20F2B17D80D4B03F14802A41A1E22BE
S21400DB70E410B4FBF2F4E4B200EB041003EB800311
S21400DB8083F87652A3F87452284603B030BD0625B3
S21400DB90FAE70D25F8E70A25F6E700BF900D002006
S21400DBA013B504460DF106019030FFF72AFF48B979
S21400DBB023689A6C4AB1BDF80610D86902B0BDE871
S21400DBC0104087E5062002B010BD0D20FBE713B518
S21400DBD004460DF106019030FFF713FF60B9236885
S21400DBE09A6C5AB1BDF80620B3F86010914201D085
S21400DBF0A3F8602002B010BD0620FBE70D20F9E771
S21400DC00084608B51146FBF75EFF002818BF6FF000
S21400DC103B0008BD10B518F0F3F8124B8342124BC8
S21400DC208B411DD3114B1A68D2B14FF47A74A0FB06
S21400DC30040304FB0131531E13420DD1B2FA82F2E3
S21400DC40C2F11F04531CD243E04001FA03F3184309
S21400DC5021FA02F2104310BD002315F0FFFEFAE78A
S21400DC60FEE700BFEFA7C64B378941008C0D0020AA
S21400DC7007B50A4600B9FEE7037F03B1FEE7074B88
S21400DC8001900093416801234FF0FF3016F091FB9E
S21400DC9000B1FEE703B05DF804FB00BF3B61020085
S21400DCA04FF0FF3016F071BD00B9FEE741684FF047
S21400DCB0FF3016F08EBB38B5124C94F87433E3B1CF
S21400DCC0E9B115681049284616F0E6FA014668B923
S21400DCD0D4F87C0316F0F9FD10B90024204638BDB0
S21400DCE00124214609480AF0A1F8F7E72846084922
S21400DCF016F0D2FA18B90121EAE70D24F1E7072455
S21400DD00EFE700BF900D0020C2880200D188020015
S21400DD10C988020010B50F4B93F8743393B1B9B1AC
S21400DD2014680D49204616F0B7FA20B90BF038F8FB
S21400DD300024204610BD2046084916F0ADFA38B932
S21400DD400120F3E70D24214605480AF06FF8F0E7B6
S21400DD500724F8E7900D0020C2880200C988020058
S21400DD60D188020037B5094D04460DF10601D5F8F5
S21400DD707C0316F0E2FB38B9034622469DF80610EF
S21400DD80D5F87C0316F033FB03B030BD900D0020B1
S21400DD90002330B585B0CDE901330393FF230D4D45
S21400DDA08DF80430D5F87C0316F023FB044670B9D2
S21400DDB00DF10201D5F87C0316F0BFFB9DF80210AA
S21400DDC0D5F87C0301AA16F019FB00B1FEE7204641
S21400DDD005B030BD900D002008B5054BD3F87C0388
S21400DDE016F0E0FA00F00300C31E5842584108BD82
S21400DDF0900D00200139013811F8012F10F8013F6D
S21400DE003AB9002B14BF01200220831E5842584105
S21400DE1070479A42F0D00020F7E710B5A1B1146819
S21400DE200A492046FFF7E6FF30B10020FFF79AFFC9
S21400DE30003818BF012010BD20460549FFF7DAFF5D
S21400DE4010B1FFF7A5FFF3E70720F4E7E688020026
S21400DE50EC88020010B5A1B114680B492046FFF704
S21400DE60C9FF30B10120FFF77DFF003818BF012041
S21400DE7010BD20460549FFF7BDFF10B1FFF788FF2C
S21400DE80F3E70720F4E700BFE6880200EC8802000C
S21400DE9038B5056804463DB128460AF097FF28467F
S21400DEA017F05AFE0023236038BD37B503680446D2
S21400DEB09A6C82B31948DB69A0F50B729B1A1E2276
S21400DEC0DB10B3FBF2F3DBB24022002100EB831041
S21400DED015F0E6FF04F19005B4F89830B4F89620F3
S21400DEE09B1A9BB2012B01D8002012E028460DF1A8
S21400DEF00601FFF786FD58B923689A6C5AB1BDF83B
S21400DF000610D869FFF7E6FB0028E5D0032000E0FE
S21400DF10062003B030BD0D20FBE700BF0410002034
S21400DF20012973B50D4603D00726304602B070BDF2
S21400DF3010680028F8D003782D2B21D101306946CF
S21400DF40FFF7FBFC06460028EED1009C05F10042D8
S21400DF50013AA242019A4FEA40039341E4D305B145
S21400DF60644204F18003FF2BDED80A4D04EB8401E3
S21400DF704900D5F87C0309B20EF0BEFD30B1FEE7CD
S21400DF802B2B4FF0000508BF0130D8E785F88043FB
S21400DF90CBE700BF900D002008B5054B00EB8000D6
S21400DFA04100D3F87C030EF0A7FD00B1FEE708BDE4
S21400DFB0900D0020012B08B50DD0022B15D0D3B93B
S21400DFC08A4237BF4368511A5B1A01683CBF521A2F
S21400DFD0D11888B208BD8A4289BF4368891A9B1A3D
S21400DFE0026884BF891AC918F3E7C721034B044A9D
S21400DFF004480DF05FFC0021EBE700BFF18802004B
S21400E000F78802005189020010B5074BD3F8784311
S21400E01004F58D500830FDF703FB00B1FEE704F56C
S21400E020805484F8A60110BD900D0020084B03F51F
S21400E0306172D2E8AF2FD20707D493F8842322B9AF
S21400E040C3F88823012283F884230248704700BF60
S21400E050900D00201811002008B513468288232A48
S21400E06005D90A460068012107F027FE00B1FEE741
S21400E07008BD0EB4034617B505A951F8040B5C6934
S21400E08001910CB19A69A04703B0BDE8104003B0F7
S21400E090704770B5012905461446C2B005D112680E
S21400E0A01649FFF7E6FF00200EE002290BD11449BF
S21400E0B01068FFF79FFE30B101AE31466068FFF78B
S21400E0C08DFC034610B1072042B070BD31680A24AB
S21400E0D0FF2928BFFF2102A88B4206D1002202A9F1
S21400E0E0CA5428460A460549DBE7B3FBF4F204FBAC
S21400E0F01232303200F8012B0133EDE7BA8B020002
S21400E100C889020013B50C4629B90E49FFF7B1FFBE
S21400E110204602B010BD012904D169461068FFF7F9
S21400E1200CFC08B10724F3E7009B019AB3F5807F47
S21400E13072F10002F6D20B3BDBB20F2BF2D80C24A6
S21400E140E6E700BFCB89020070B586B011B90C2097
S21400E15006B070BD14681D492046FFF74BFE002828
S21400E160F5D120461A49FFF745FE0028EFD11023C7
S21400E170ADF8143044B3204616F0A0F8431C212B0B
S21400E1804FEA530520D801AE00F001003544AE42F8
S21400E190DDD0B8B920780DF10301FFF7FCFA98B985
S21400E1A09DF8032001341201D2B220780DF103014C
S21400E1B0FFF7F1FA40B99DF8033001341A4306F828
S21400E1C0012BE4E70022F0E70720C1E7C28802003F
S21400E1D0C98802000368006E93F844100AF062BD16
S21400E1E0044B006E93F88C13490001F0FE010AF010
S21400E1F059BD00BF900D00203221006E0AF052BDBE
S21400E200AF21006E0AF04EBDF8B505460E46002456
S21400E210012707FA04F3334204D10134202CF8D145
S21400E2200020F8BD286EE1B20AF03CFD0028F4D0CC
S21400E230F7E7D0F8B010E7E70049E5E700F8FF0792
S21400E2400049E1E700F8FF070368996C41B190F8D0
S21400E2507139034493F97619013118BF0121490039
S21400E260006E0AF01FBD0346002110B400F1100234
S21400E27053F8044F0CB10131C9B29342F8D1006E85
S21400E2805DF8044B0AF00EBD0021006E0AF00ABDD0
S21400E2900421006E0AF006BD90F8E010006E0AF049
S21400E2A001BD9C21006E0AF0FDBC0221006E0AF042
S21400E2B0F9BC232070477F2973B51DD9B1F5804F6F
S21400E2C01CD3B1F5001F1BD3B1F1805F34BF04220D
S21400E2D0052200246D46561EB442CBB212D102F17E
S21400E2E00801694403F07F0301F8093C00686946A9
S21400E2F00AF006FC02B070BD0122EAE70222E8E757
S21400E3000322E6E763F07F0305F8013BC909013401
S21400E310E2E72DE9F0470568044695F81C900E469E
S21400E320B9F1020F25D0AB6AD0F82C80984523D1DE
S21400E3304B464146EA6A2846FFF73CFED4F828A03A
S21400E34007464B46524641462846FFF733FE87426D
S21400E35012D9C5F82CA094F825300021204684F860
S21400E3602430FFF7A8FF28B931462046BDE8F0471D
S21400E370A1E70D20BDE8F0870720FBE7022160300B
S21400E380C7E7D0F8AC10603095E710B500F1600430
S21400E39004212046FFF78FFF20B92046BDE8104035
S21400E3A0032188E710BD0321603084E70021603038
S21400E3B081E710B500F1600405212046FFF77BFFDA
S21400E3C040BB0C212046FFF776FF18BB18212046DD
S21400E3D0FFF771FFF0B922212046FFF76CFFC8B99E
S21400E3E040F201212046FFF766FF98B940212046FB
S21400E3F0FFF761FF70B941212046FFF75CFF48B97F
S21400E40042212046FFF757FF20B92046BDE81040BE
S21400E410432150E710BD0B2160304CE704216030EB
S21400E42049E750F8603BB3F8581041F0340142E732
S21400E43030B5164A87B002AC5168054610682246C9
S21400E44004AB03C3124B134913F801098B4202F8BD
S21400E450010BF9D10822204604A916F0CAFE60B9BD
S21400E4600D4B9A6CDB6CCDE900236A46234613F805
S21400E470011D9A4204F8011BF9D10822286E0DEB03
S21400E48002010AF03DFB07B030BD00BF528A020011
S21400E4900900E00F0100E00F0080E00F016808228D
S21400E4A0006E62310AF02CBB0368006E996C00396E
S21400E4B018BF01210AF0F8BB90F87139034493F8AD
S21400E4C06A19006E0AF0F0BB0021006E0AF0ECBB81
S21400E4D090F87139034493F87A19006E0AF0E4BB99
S21400E4E02DE9F0431E4BC3B0B3F88E230123120A66
S21400E4F0934040F2A17213420FD04FF0000902AFD2
S21400E5004FF480720021384615F0CAFC4D46154C73
S21400E510154EDFF8608023781BB9002043B0BDE8B5
S21400E520F083124B05F00302032A18BF43460193FB
S21400E53056F8043B4FF4807100930D4A234607EBD0
S21400E54009000DF069FE14F8013B002BFBD16A1C94
S21400E550D5B212F003021CBF4844C2B29146DAE7B5
S21400E560900D0020E8660200803D0020518A0200DF
S21400E5705E8A02005B8A0200034668B1017E8A1E3C
S21400E580012A0BD80329C26903D1012A01D1FBF75E
S21400E5907ABA1AB1013ADA61002070476FF0960035
S21400E5A0704707B500216A4608F022FB8C3018BF7A
S21400E5B0012003B05DF804FB13B500216A4604464B
S21400E5C008F016FB8C3002D1002002B010BD0021EE
S21400E5D0204608F030FB014610B16FF09800F4E7D3
S21400E5E06A46204608F004FB8C30EDD0F5E72DE9AE
S21400E5F0F04F05461646884687B0002900F0A080F2
S21400E600002A00F09D80B2F5005F80F09C8002F149
S21400E61024073946012007F0DDFF0446002800F0F5
S21400E62095804FF0000A4B4AC0F808A0D2F8E430B4
S21400E63041460360D2F8E830243040F8203C6B684E
S21400E640324640F8183C2B8820F8143C6B8820F89B
S21400E650123CAB6840F8103CEB6840F80C3C2B6969
S21400E66040F8046C40F8083C15F07EFDD5F81480A0
S21400E6704046FFF796FF01285FD040F26C739F423A
S21400E6803DD806F1340949460120CDF810A007F020
S21400E690A1FF054698B349460DF1100B07F022F886
S21400E6A02B46012240465146CDE901ABCDF800A0ED
S21400E6B008F05CF90646D0B9274B3A462146C5E92C
S21400E6C002802B60686005F1100015F04DFDDDF846
S21400E6D010A04B462A465146204806F0BBFBC0B960
S21400E6E0504607F04BFB013008BF6FF08606284601
S21400E6F0494606F0F7FF284617F02EFA66B16FF087
S21400E700980539462046F9F79BF9284607B0BDE834
S21400E710F08F6FF09106EAE75A464046314608F019
S21400E72067FA054620B9049B9F42EAD06FF0980529
S21400E7304046002108F07FFAE3E76FF08A05E0E73D
S21400E7406FF08605E1E76FF08D05DEE76FF08C056C
S21400E750DBE700BFD0660200105D175ED80A002017
S21400E760094B091A891030B559430246002324255F
S21400E7708B4205FB032004D0046A04B130BD01338C
S21400E780F6E70020FAE700BF398EE33870B50D468D
S21400E7900668EFF31182302181F311880021046AA4
S21400E7A0016282F31188BFF36F8F002C00DC70BD0E
S21400E7B03046013CA847F8E7022016F051BD08B5E0
S21400E7C00C4AD2F898335BB9D2F89C336BB9FFF792
S21400E7D0F3FF40B9BDE808404FF4F85016F040BDCE
S21400E7E01B68012BF0D1012008BD1B68012BEED160
S21400E7F0F9E700BF900D00202DE9F3410F4C844649
S21400E800D4E9E86586EA020885EA030708EA00080C
S21400E8100F4058EA07000DD0D4F87C0350B1CDE97C
S21400E820002386EA080662460B467D4015F066FE23
S21400E830C4E9E86502B0BDE8F08100BF900D002095
S21400E84038B5104B0D4603F14802841A1E22E41018
S21400E850B4FBF2F4E4B203EB4402A2F87012D3F86D
S21400E8607C03224616F01FF800B1FEE74FF6FF7352
S21400E8709D4206D00123044A01341178A3400B437D
S21400E880137038BD900D00207C3F002073B5054600
S21400E8900DF106019030FFF7B4F8044670B92D6804
S21400E8A0AB6C6BB1BDF806606B6D3146D869FFF78F
S21400E8B0C7FFA5F84660204602B070BD0624FAE7FA
S21400E8C00D24F8E708B5084B03F14802821A1E200B
S21400E8D0D210B2FBF0F2D3F87C03D2B215F0E9FF07
S21400E8E000B1FEE708BD00BF900D002037B5054615
S21400E8F00DF106019030FFF784F8044668B92B68DE
S21400E9009A6C62B1BDF80610A3F85E105B6DD8690C
S21400E910FFF7D8FF204603B030BD0624FAE70D24E3
S21400E920F8E7074AB2F8B033FF2B07D092F8AE03E9
S21400E930FF2803D0C01A18BF012070470020704778
S21400E940900D0020FF2330B585B08DF804300023ED
S21400E9500546CDE90233FFF7E4FF1B4C0246D0B173
S21400E960B4F8AE33AB4204D0B4F8B033AB4200D008
S21400E970FEE716F0ABFC1549D4F87C0315F0F2FF61
S21400E98000B1FEE74FF48062D4F87C03114615F020
S21400E99008FE40B1FEE74FF48061D4F87C0315F022
S21400E9A000FE00B1FEE7D4F87C03294601AA15F064
S21400E9B025FD044630B901460B2017F0CDFB204656
S21400E9C005B030BD0120FBE7900D00203811002077
S21400E9D0F0B589B0FFF7F0FE00B9FEE73D4CD4F87D
S21400E9E0941301B9FEE7102016F03AFC8B88002637
S21400E9F08DF80B3001230DF10B011A46D4F87C0379
S21400EA0015F089FE9DF80B20D4F89413023A0023E3
S21400EA1092B20968D4F87C0315F07DFE2E4B05965D
S21400EA200693D4F89433079693F82C2020208DF87C
S21400EA3014201B6805AF1D78C5F3401516F010FCB2
S21400EA4050B10AF0BBF93146202016F0F1FB3146F2
S21400EA504FF4004016F0ECFBD4F89463D4F87C43F3
S21400EA607369C3B9102016F0FBFBB17968B11B4B74
S21400EA70327E20469A711A7C0433DA702A46009752
S21400EA8015F0B1FC00BB09B0F0BD3B462A46204657
S21400EA9015F0A7FCF6E7002296210492326920467C
S21400EAA013440E4AA3F59B7311831432B179039372
S21400EAB0009201972A4603AB15F097FC20B9012176
S21400EAC0402016F0B5FBDEE74FF4805017F084FACE
S21400EAD0D9E700BF900D002020A107007C3F002052
S21400EAE010B5084A92F8B41351B90124102882F8D8
S21400EAF0B44300D0FEE716F09BFBBDE8104067E786
S21400EB0010BD00BF900D0020034670B558B30268D4
S21400EB10022A28D14279817995001348B1B1012A99
S21400EB2019D85242A0F5547402F0F0021444284456
S21400EB301E79FFF7ADF994F8E43076B29BB1206AFF
S21400EB403146BDE870405430FEF7E7BE2844BDE8C5
S21400EB507040FFF79DB928441B79FFF799F9002309
S21400EB6093F8E430FFDE70BD2811002038B5144657
S21400EB70002A39D0D168936801391C4D9942D5F8DE
S21400EB807C034FF0FF3118BF002115F039FC10F55B
S21400EB90007F0CD180232374A368E26801339A4275
S21400EBA0A3600FD92046BDE8384009F0FDB800281C
S21400EBB094F91030B8BF033040F387008342B8BFE3
S21400EBC02074E9E794F91030237102232360A379B7
S21400EBD013B12046FFF798FFD5F87C030022BDE866
S21400EBE03840802115F0DDBC38BD00BF900D0020F8
S21400EBF008B5074BD3F87C0315F09DFC30B1054BE8
S21400EC00B3FBF0F083B20BB1184608BD0120FCE759
S21400EC10900D002040420F00F8B506462C4D336894
S21400EC200C46D5F87C031BB3972115F038FE024638
S21400EC3000B1FEE73168D5F87C030DF095FD00B114
S21400EC40FEE73168D5F87C0315F05EFC3179814229
S21400EC5000D0FEE7D5F87C030DF036FF00B1FEE7E6
S21400EC600122D5F87C03114615F04DFE20B1FEE7D3
S21400EC7008F096F900B1FEE70322D5F87C031146AA
S21400EC8015F031FE7F2C20D0D5F87C0315F0CFFC94
S21400EC90042814D104EB84046400D5F87C730A219C
S21400ECA0384615F0C6FC40F6E441384615F0C3FC7D
S21400ECB02146D5F87C030DF01FFF30B1FEE7D5F8EE
S21400ECC07C030DF035FF0446E7E7C5F8B863F8BDEA
S21400ECD0900D002038B50446164D16F0F7FA237D41
S21400ECE095F8C0239A4223D895F8C1239A421FD399
S21400ECF0D5F8B83305F56F70834202D07F21FFF751
S21400ED008BFF8022D5F87C03114615F04AFC10B123
S21400ED10012000230AE0207DFFF714FE0028F7D12B
S21400ED20204609F041F80028F2D10123236038BDBF
S21400ED302120EEE7900D00202DE9F8430546FFF769
S21400ED403BFD18B17F252846BDE8F8832B4E06F11B
S21400ED504803ED1A1E23ED10B5FBF3F5EDB2012DB9
S21400ED6000D9FEE706EB8503D3F89883AF00B8F129
S21400ED70000F3DD106EB45031820B3F8AE9307F01D
S21400ED8033FC5FFA89F9A0F814904FF08009C0F8B8
S21400ED900080457180F8049080F80680C0F80880EE
S21400EDA00446FFF725FFC0001028D6BF1023012316
S21400EDB0B3FBF0F384F810902046E360FFF78AFF79
S21400EDC058B93744C7F898432368012BFCD02579F7
S21400EDD020466DB2FFF798FEB5E73E44D6F8983366
S21400EDE0A34205D0204609F0F1FF204616F0B4FEF7
S21400EDF003483844FFF74CF8A4E700BF900D002006
S21400EE002811002010B504460068FFF795FFC1B230
S21400EE10206EBDE8104009F045BF2DE9F047274EAB
S21400EE20894606F14803C51A1E23ED10B5FBF3F517
S21400EE30EDB2012D904600D9FEE706EB8503D3F828
S21400EE4098A3AF00BAF1000F36D1182007F0CCFB1C
S21400EE50A0F8149045714FF080090125C0F800A075
S21400EE60857180F80490C0F808A00446FFF7C0FE3D
S21400EE70C300B8EBC00F28BFB8FBF3F52046E5602B
S21400EE8084F81090FFF726FF054628B93744C7F8E0
S21400EE9098432846BDE8F0873E44D6F89833A34208
S21400EEA005D0204609F092FF204616F055FE04488D
S21400EEB03844FEF7EDFFECE70425F8E7900D002058
S21400EEC02811002038B50F4B0C4693F8C023824219
S21400EED015D893F8C123824211D303F56F75D3F882
S21400EEE0B833AB4204D10846FFF756F8002038BDC9
S21400EEF009F064FF21462846FFF78EFEF6E7072056
S21400EF00F5E700BF900D002070B504460D46FFF7EC
S21400EF1053FC68BB1E22184E06F14803E31ADB10AA
S21400EF20B3FBF2F3DBB2012B00D9FEE706EB83025C
S21400EF30D2F8982312B11268012A19D006EB4303BF
S21400EF40A3F8AE5309F0B2FE01462846FFF7BAFF13
S21400EF5080B92846FFF7F6FC044638B9014620205B
S21400EF6016F066F986F8CE5386F8FE53204670BD36
S21400EF700D24FBE70724F9E7900D00200068C3E79F
S21400EF8010B5836804465BB1406921791C30FFF7F1
S21400EF90F5FF20B9A37E022B01D00223A37610BD75
S21400EFA00D20FCE7F0B5012985B003D007242046E4
S21400EFB005B0F0BD69461068FEF7BFFC03460028A2
S21400EFC0F4D1009E019AB6F5807F72F10002EDD270
S21400EFD0F0B2A0F10B020F2AE8D80093CDE9013376
S21400EFE0FF23094F8DF8003097F98013FFF76AFF6B
S21400EFF0044600B1FEE76A46D7F87C03B1B215F0C6
S21400F000FDF90028D3D0FEE7900D002010B5EFF3F1
S21400F0101182302383F31188084B03F14804001B48
S21400F0201E24C010B0FBF4F0C0B203EB8013C3F88C
S21400F0302C1482F31188BFF36F8F10BD900D002043
S21400F04008B5302383F311884FF000534FF20F02B8
S21400F05018805A80BFF35F8F04F036FD2DE9F0412B
S21400F0606C4A6D4B55686D4C5D65516A99656C4987
S21400F070D1F80002D865D1F80412586B1966916A67
S21400F08010F0040F5966D16A4FF000009966116BB4
S21400F090D966516B1967D26BD8645A67D3E90E12DA
S21400F0A018BF11465F4A91421A655DD301F12000F0
S21400F0B0A04259D88869C5F308051864CE69062D9C
S21400F0C05E6455D1584DA84252D3584DA8424FD2EF
S21400F0D005884DF6426085424AD11868C3F890000C
S21400F0E05868C3F8940040F20170A242154604D254
S21400F0F02E680432B6F1CD3FF7D00022C3E91E22B7
S21400F100C3E92022C3E92222641BDFF81CC1434D59
S21400F110DFF818E19C648D422DD8D3E91EC7D3E9E9
S21400F1202065D3E922414FF0000E013AD2B2FF2A01
S21400F1303CD1BEF1000F05D0C3E91EC7C3E9206568
S21400F140C3E92241B3F85430C3F308030C2B3BD871
S21400F150022B54D9DA1E092A51D8DFE802F03157BB
S21400F160404350505050504D0021C3E910112D49D6
S21400F1704FF42060B9E755F8044D6445CBD3744589
S21400F180C9D2E607C7D50026294F57F8048FA045F1
S21400F190C1D00136062EF8D132B1013AD2B202F110
S21400F1A01E0643F82640B6E70522F8E7E0464FF08D
S21400F1B0010EBC4637462E4625460C464146B4E769
S21400F1C040F60120BDE8F0813B2B18D1194B9B6916
S21400F1D013F0020F40F2025318BF1846F2E740F64B
S21400F1E00320EFE740F6042240F20173B0F5206FEB
S21400F1F00CBF10461846E5E740F60520E2E740F665
S21400F2000722013B4B2B98BF1046DBE740F6022057
S21400F210D8E700BF00ED00E0803D0020C80A0020CF
S21400F22000E100E008000020A0410000806302002A
S21400F230F43D00200080015A1022002114F030BE58
S21400F24070B5144D05F59563D3E8AF4F14F001047F
S21400F25016D195F8A8349BB9C5F8AC4405F5966662
S21400F26030191034FFF7E8FFA02CF9D10B220A4B17
S21400F270013A194603F1100304D1012385F8A83496
S21400F280064870BDD5F8AC0443F8100CC5F8AC14AD
S21400F290EEE700BF900D0020401200203C12002038
S21400F2A008B5FFF789FA014620B9202015F0C0FFFF
S21400F2B016F00CF8002008BD094AB2F8503503B91C
S21400F2C0FEE748F24E30D2F85435A3FB003010EB80
S21400F2D0530044BF20F000400130C2F85405704788
S21400F2E0900D0020836853B903685A6812B95860B5
S21400F2F080607047926882605A6890605860704775
S21400F300002337B500F58D54083405460C221946FF
S21400F310204609F0F1F92E2834D0042809D11A4BDA
S21400F320D3F8780300F58E500C3003B0BDE83040BB
S21400F330D8E700B1FEE7204601A9F7F771FD58B9F6
S21400F340019B124A20469A65F7F75DFD204601A903
S21400F350F7F766FD08B1FEE7FEE7019B0C4A20467C
S21400F360DA65F7F750FD204601A9F7F759FD00B119
S21400F370FEE7019B074A20465A67F7F744FD064B0F
S21400F380C5E9083503B030BD900D0020EDFF000044
S21400F39095D70000A9F30000B9F30000014BD3F89D
S21400F3A07803ADE7900D0020024BD3F8780300F504
S21400F3B08E5097E7900D002000F5805393F8A62115
S21400F3C032B193F8A7311BB900F58D50143089E798
S21400F3D070472DE9F041936805460C461646984757
S21400F3E03246074621462846FEF703FA686800229A
S21400F3F003466BB1A168D3F808E0A1EB070CAEEBAF
S21400F400070898EA0C0F14D4A1EB0E01002908DABD
S21400F41052B9E0606C6031462846BDE8F041FEF720
S21400F420CEB91A46DB68E4E7D368E360D460BDE88B
S21400F430F081BCF1000FEAE701688A6A8B6B086B03
S21400F440934208BFCA6A03F1804304BF0132CA620E
S21400F4508B63024A30310830BBE700BFD06602003B
S21400F46000F44052B2F5005F034622D148F2400253
S21400F47020F44E5020F03F0090421ED010D8B0F539
S21400F480446F1AD007D8B0F5046F18BF002814BF11
S21400F490012000207047B0F5004018BF01207047DB
S21400F4A04CF6404203F44C43B3F5404F18BF90422D
S21400F4B0EDE700F44063181EEFE70020704700F405
S21400F4C04053B3F5005F04D100F44C43B3F54C4F02
S21400F4D008D0B0F5804F05D3C0F3801080F001004F
S21400F4E0C0B270470020704710B58388032B12D92E
S21400F4F0006809F079FC80F480720446C2F30021AB
S21400F500FFF7AEFF48B98A1CC4F38123022B06D04E
S21400F510032B16D02BB1FF2012E00A1DF4E70232AF
S21400F520D2B22046FFF7CBFFC4F3813402EB400291
S21400F530022CD0B207D0032C08D0002C18BFFF2016
S21400F54010BD0832ECE70230C0B2F9E70830FBE73E
S21400F55010B583880446022B07D9006809F0C8FC5A
S21400F56018B12046BDE81040BEE7FF2010BD38B5F4
S21400F57005460C46FFF7ECFFFF2817BF2B68062052
S21400F5801B5C00201CBF03F00703237038BD38B592
S21400F59005460C46FFF7DCFFFF2817BF2B68062042
S21400F5A01B5C00201CBF03F01803237038BD38B561
S21400F5B005460C46FFF7CCFFFF281FBF431C2A68F2
S21400F5C0DBB2D3581ABF00202360062038BD38B5FA
S21400F5D005460C46FFF7BCFFFF2800D1FEE72A6869
S21400F5E0431CD9B2545452FA83F3220A5A70220C9E
S21400F5F0240E9A70DC702B7F43F001032B7738BD06
S21400F60070B506460D46FFF7A3FFFF28044609D04F
S21400F6103268105CFEF751F9224402440020537908
S21400F6202B7070BD0620FCE770B506460D46FFF74A
S21400F6308FFFFF28044600D1FEE73268105CFEF715
S21400F6403CF922440244557170BD10B50446FFF7DC
S21400F6507FFFFF2806D02368185CFEF73AF90230D1
S21400F660C0B210BD0220FCE770B50546FFF73CFFB0
S21400F670FF28044611D02E68304609F039FC60B1E8
S21400F680A9888C420BDA305DFEF738F9FF2808D0DF
S21400F6900444E4B2A142B8BFFF24204670BDFF2454
S21400F6A0FBE70446F9E7F8B50746FFF7DDFFFF2856
S21400F6B0044633D03D68284609F096FB8305064687
S21400F6C01CD53846FFF7C1FFB988A21C93B210FAC2
S21400F6D082F28A4205EB040720DC2A5D02F07F02F4
S21400F6E013449CB210FA83F3994217DB3A8802F46B
S21400F6F0FF42B2F57E5F01D09942E6DC2B7803F03C
S21400F7000703032B06D106F44056B6F5005F1CBF70
S21400F7100134A4B2FE2C01D82819F8BD0020FCE75D
S21400F7202DE9F047794F054697F874930E46144630
S21400F73086B0B9F1000F36D10846FFF7B4FF804611
S21400F74088B390F800A00AF03C030C2B0ABFCAF35B
S21400F75040094B4689F00103B6F80490B9F1090F49
S21400F76021D903B3306809F03FFB10F4405F1AD18B
S21400F7700AF0C30ABAF1010F21D198F80130E32B41
S21400F78015D184B197F85835022B0CD1D6E902046E
S21400F79045F2082103230A185D4987F8583544F1D5
S21400F7A00003C1E90023002006B0BDE8F08784F01E
S21400F7B00104F32B14BF002004F00100F4E7BAF1B3
S21400F7C0800FF0D1B9F10D0FEDD998F8013003F0A4
S21400F7D0F8025CB9802AE6D113F007033CD198F80A
S21400F7E00630F02B04D184F00100DDE7402AF2E772
S21400F7F0E02B08D003F11C02D2B20B2A03D95033F7
S21400F800DBB20F2BCFD8002CCDD097F85835022B73
S21400F810C9D11E223F4C08F102002B1BDB10B3FBA4
S21400F820F2F33022DBB202FB0373D3F8681504222E
S21400F830093115F0DEFC0028B5D1D6E9020545F2FF
S21400F840082103230A1887F8583504F5A36445F100
S21400F8500003C4E90023A6E7022BA4D198F80330DE
S21400F860F02BC0D0E02B08D003F11C02D2B20B2A3A
S21400F87003D95033DBB20F2B95D8002C93D097F8D2
S21400F8805835022B8FD11E23224CE9462C1BE41040
S21400F890B4FBF3F400238DF814303023E4B203FBFA
S21400F8A0047303AD2946D3F8680509F0A8FA40B9F1
S21400F8B09DF81430012B1AD0022B1FD00BB98DF8EF
S21400F8C008302946304609F0F4FA08222946484608
S21400F8D015F08FFC00287FF466AF302303FB04741A
S21400F8E0D4F8683598F80220DB7B9A424DE78DF80D
S21400F8F00830BDF80C30ADF80030E2E795E80300BC
S21400F9008DF80830CDE90001DBE700BF900D002040
S21400F910F0120020D80D00201E2238B5114C0546E6
S21400F92004F14803C31ADB10B3FBF2F3DBB204EBBB
S21400F930831393F82824D3F8303484F8DC2304F5B2
S21400F94072710122C4F8D833FFF7EAFE95F8E43066
S21400F9503BB1286A94F8C8155430BDE8384008F022
S21400F9603DBA38BD900D002010B50446FFF79BFE4B
S21400F9702368C01AC0B210BD70B505468688FFF76A
S21400F980F3FF04462846FFF760FE0444301B80B2AF
S21400F99070BD2DE9F04FD0F8009004469BB0484665
S21400F9A00E4609F0A5FA002800F0CB8107AD2946DF
S21400F9B02046FFF7ECFD0746002840F0C2819DF880
S21400F9C01CA0BAF1080F40F0BC81237FDA0600F1D4
S21400F9D0B881DFF87C8399F8009008F14803F61A9E
S21400F9E01E2309F00709F610B9F1020FB6FBF3F66D
S21400F9F01CD129468DF81C002046FFF701FE9DF815
S21400FA001C10002900F0AE81F6B208EB861393F8BE
S21400FA1029345A1E91420FD08B420CD001339942A2
S21400FA2000F0188150461BB0BDE8F08FF6B208EB28
S21400FA30861393F829140127C34B07EB860003EBC4
S21400FA4000130C33A360237FDB0720D4EFF3118071
S21400FA50302383F3118808EB8613D3F82C747A1CB2
S21400FA60C3F82C242268127802F00702022A04BF88
S21400FA7083F82814C3F8307480F31188BFF36F8FAF
S21400FA802046FFF7D1FD39462046FFF7A0FD0023AC
S21400FA902068029309F02CFA002800F052812046D4
S21400FAA00DF10701FFF763FD002840F04A8120466C
S21400FAB002A9FFF77CFD8146002840F04281A34959
S21400FAC0029B01EBC60C51F83600DCF804101ABA9B
S21400FAD09DF8077003AB03C3204605928DF8187097
S21400FAE0FFF7B3FDA0F10208A3685FFA88F8B8F143
S21400FAF0030F139340F2B0802046FFF73DFF4E46BB
S21400FB0082460346721C002B40F0A780F6B2022EF7
S21400FB1038BF02262046022EC6F10F0718BFFFB2D6
S21400FB20FFF722FF021E18BF0122013E4FEA6803BC
S21400FB30F6B2013B46EAC30343EA821303A93A46F8
S21400FB4083460DF11D008DF81C3014F00DFB524657
S21400FB500F230BA99F42C0F083802A46294613989C
S21400FB6016F090FABBF1000F07D04FF002099DF88F
S21400FB701D308BEA03038DF81D303A4603A90DF1BC
S21400FB802D008DF82C6014F0EFFA07F1110000211B
S21400FB90C7F10F02284414F083F90023CDE9153A83
S21400FBA01793102320468DF86470CDF850B0ADF84A
S21400FBB06090ADF862308DF86580FFF7D5FE83451E
S21400FBC0064653D3276800EB0708B8454FD1159B68
S21400FBD01E44149B15969E420AD1BDF8603023B190
S21400FBE02A462946139816F04DFA0023ADF86030E1
S21400FBF02046FFF7C1FE179B169A0344934206461B
S21400FC004CD82046FFF74FFD4FF00009074606EB9D
S21400FC100008B84543D1179B1E44169B17969E4274
S21400FC2013D3BDF8603023B12A462946139816F040
S21400FC3029FA9DF864200E2A07D802F11100002147
S21400FC40C2F10F02284414F02BF9DDE916329A426D
S21400FC5062D0FEE74F46EFE6FEE716461B0A51E780
S21400FC60013B01F8012DDBB2120A73E7FEE7BDF88F
S21400FC706030102B05D12A462946139816F002FA52
S21400FC8000235A1C6833ADF860206B4417F8012B2C
S21400FC9013F84C1C4A4003F84C2C96E7FEE7BDF8D8
S21400FCA06230102B13D10F219DF864000FAA8142F9
S21400FCB005DD12F8013D0133DBB2137053B3139820
S21400FCC00FAA0BA916F0DEF90023ADF862905A1CB5
S21400FCD0683397F800A06B44ADF8622013F82C3C0C
S21400FCE08AEA030307F8013BBDF86030102B05D104
S21400FCF02A462946139816F0C5F900235A1C68337D
S21400FD00ADF860206B4413F84C2C8AEA020A03F81C
S21400FD104CAC7EE70139CAE72046FFF796FCA78879
S21400FD200FAA3F1A0BA91398266816F0ABF9002302
S21400FD30F0199DF8652093420CDB237F43F01003F7
S21400FD4023774FF0000A6DE6B81100205913002003
S21400FD50900D002015F8012B0133E97F4A4000F88A
S21400FD60012BE6E74FF0010A5CE601F1080313F801
S21400FD70012D8B4200F8012BF9D1704713B50446CC
S21400FD806846FFF7F2FF246869462046FDF7D4FC74
S21400FD9080B20F282FD91E21184AA31ADB10B3FBF6
S21400FDA0F1F3DBB202EB831202F2AE21002211F86D
S21400FDB0220028B10132102AF9D1032002B010BD6A
S21400FDC00F4901EB43001B0103FA82F201EB8202AA
S21400FDD0BDF80030BDF80210B0F870020B44BDF854
S21400FDE004100B44BDF806100B440344A2F8F4328A
S21400FDF0012382F8F6320020E0E700BFD80D00208D
S21400FE00900D002038B54FF6FE730025044643815A
S21400FE108381C38AC58003F0FE0343F4FE4343F0A8
S21400FE200103C3820572C0F80E50C0F812508561F7
S21400FE302C30FFF701FA04F13C00FFF7FDF904F15E
S21400FE404C00FFF7F9F9E565A4F8605004F164008A
S21400FE50BDE83840FDF712BD37B505466846FFF7E2
S21400FE6084FF1E210D4B2A686C46D21AD210B2FBB4
S21400FE70F1F20721D2B203F2815303EBC203605CB6
S21400FE80013903F8010BFAD2054B2146D3F87C035F
S21400FE9014F015FD00B1FEE703B030BDD80D00200C
S21400FEA0900D0020036810B55A1E114603628B425F
S21400FEB011D841620221017700210163A1F580314A
S21400FEC0C0E90A33C0E90D13934207D8C0E90F23EF
S21400FED0C0E9113310BD04892144E8E701890A44CA
S21400FEE0F2E7012B10B5044608460AD0022B0FD0C5
S21400FEF01BB963681044834200D910BD2289801A5A
S21400FF00F9E72368881A8342F7D922891044FAE76A
S21400FF109C21024B024A03480BF0CCFCF1880200FD
S21400FF206D8A0200518902002DE9F04790F82420DE
S21400FF3012B90D20BDE8F087013A0568D2B280F804
S21400FF40242095F81C90B9F1020FF2D000EBC20401
S21400FF50AB6AA6689E42ECD1D5F82CA031464B463B
S21400FF6052462846FEF726F86768804631464B46D6
S21400FF703A462846FEF71EF880450646D9D94B462F
S21400FF80524639462846FEF715F80128D1D90236DA
S21400FF90464512DC841EA4B23C702B7F01223946F3
S21400FFA02846FFF79EFF240A0470014601222846D1
S21400FFB02B7FFFF796FF0020BCE70720BAE7134623
S21400FFC010B501220C78FFF78CFF03782402E018A6
S21400FFD080B210BDC26B436A9A4205D1836B006A39
S21400FFE01B1A5842584170470020704710B50E4BF8
S21400FFF04FF40062D3F87843002104F6A61013F0FD
S2140100004FFF002204F5805383F8A72104F1140062
S214010010FFF7E0FF30B904F58D501430BDE810400D
S214010020FFF760B910BD00BF900D002090F8353085
S21401003033B9C36B426A9B1A18BF012380F8343068
S21401004070472DE9F04F5C4B85B0D3F8784304F543
S214010050805898F8A63104F11407002B4DD098F873
S214010060A731002B49D13846FFF7B4FF05460028D3
S21401007043D1012388F8A7313846FFF7ABFF02903A
S21401008068BB3846FFF7D2FF94F8483004EB830389
S214010090DB6CC4E9153308F09DFD4FF6FF73B4F829
S2140100A04A609E4216D13846FFF7C0FF94F848A032
S2140100B04FF00B0904EB8A03D3F84CB05B6B59463F
S2140100C0029E0393039B994221D194F849300BB1C8
S2140100D0A4F84A60AB1CF218B2F5006F38D30026BC
S2140100E004F58D5033462A46009604F6A6110830CC
S2140100F0F6F77EFF08B188F8A76198F8A631002BBD
S21401010056D1384605B0BDE8F04F08F014BD52464A
S21401011038460291FFF753FF10F4004F029901D0C1
S2140101208B45D2D1C0F30D025346164438460232EF
S214010130FFF7D7FE09F1FF3313F0FF090146B6B208
S214010140C0D140F2AE311D4B1D4A1E480BF0B2FB2A
S21401015004F6A619310A09EB050209F805109944B7
S21401016056709DB209EB060BD9451BD094F8492071
S214010170032A17D0B2B1012A11D1E16D94F84830A3
S214010180384691F800A0FFF7ACFEA36DE0659842F3
S21401019002D1384608F01EFD09F801ABE4E74FF03E
S2140101A0000AF9E735443846ADB208F0C4FC63E707
S2140101B005B0BDE8F08F00BF900D0020C08A020098
S2140101C0DC8A020051890200416AD0E90E23994275
S2140101D009D1017F012906D0531E026893420ED32E
S2140101E04362C3637047016A914207D1027F2AB115
S2140101F042680133934205D20362836370470189E3
S2140102000B44EBE701895B1AF4E7037F022B06D068
S214010210083350F82330C0E90A3302230377D3E7C3
S214010220F8B5047F0546022C0E4605D1E6210E4B95
S2140102300E4A0F480BF03EFB2346B4FA84F4C76A15
S21401024001223946FFF74DFE6409083455F824307B
S214010250834203D03E70E8620020F8BD2846FFF7CF
S214010260D4FF0320F9E700BF0D8B0200298B0200A3
S2140102705189020070B5D0E90A239A4204461DD17D
S214010280037F0021083350F82350AB1A5D425D41CD
S214010290FFF7C6FFED03014608B1032070BD2046F7
S2140102A0FFF7BEFF06460028F7D1A16A2D0A237F75
S2140102B0012220460D70FFF714FE06700020EDE7C0
S2140102C038B5037F0446022B0D4607D0FFF7D2FF51
S2140102D030B929462046BDE83840A1E70D2038BD93
S2140102E00320FCE738B504460D460068C9B2FFF79F
S2140102F0E7FF20B92068290ABDE83840E0E738BDA5
S21401030050F8603BB3F84610ECE750F8603BB3F8A2
S2140103105E10E7E7B0F8B4106030E3E738B504469E
S2140103200D460068C9B2FFF7CBFF80B92068C5F358
S2140103300721FFF7C5FF50B92068C5F30741FFF74E
S214010340BFFF20B92068290EBDE83840B8E738BDA0
S214010350036893F8441071B10A2906D84FF4FA627B
S214010360074B11FB02316030D8E7192905D841F255
S2140103708832044BF5E70449F5E70021F3E700BFAF
S21401038040CB0D00B0DB2300CC3F0D0070B5D1B2E1
S2140103900446006816461D46FFF792FF30BB2068EC
S2140103A0C6F30721FFF78CFF00BB2068C6F30741A1
S2140103B0FFF786FFD0B92068310EFFF781FFA8B995
S2140103C02068E9B2FFF77CFF80B92068C5F30721F2
S2140103D0FFF776FF50B92068C5F30741FFF770FFB6
S2140103E020B92068290EBDE8704069E770BD00F5A8
S2140103F01A6353E902236030C8E738B50446084655
S2140104000D4613F05BFF4FF6FF73984228BF184660
S214010410294682B2206808F073FB014618B92068A5
S214010420BDE838404CE738BD01496030E5E700BF1C
S214010430BC67020070B590F824500446032D1DD801
S2140104400668337F022B19D03046FFF713FF0146AB
S214010450B0B9F36A04EBC5056B60B36AAB6020689C
S214010460FFF72EFF48B901462068FFF729FF20B99C
S21401047094F82430013384F8243070BD0D20FCE755
S2140104800320FAE72DE9F843074616460C4600F125
S214010490600500297BD0002A79D1B1F80480D1F813
S2140104A0009028464146FFF71DFF10B10120BDE828
S2140104B0F88342464946386E08F022FB0028F5D1FB
S2140104C094F915102868C9B208F0ECFB0028EDD1A4
S2140104D08021286808F0E6FB0028E7D1002C60D0D0
S2140104E0E17D090101F030012846FFF7FBFE0028F7
S2140104F0DCD12846FFF79EFF01460028D6D104B17D
S214010500A179286808F0CEFB01460028CED104B1B7
S214010510A17D286808F0C6FB0028C7D1002C42D070
S214010520D4E902232846FFF731FF0028BED128462A
S214010530FFF7FAFC0028B9D12846FFF77BFF002811
S214010540B4D131462846FDF7B6FE0028AED128467E
S214010550FFF7EAFC0028A9D12846FFF76BFF014602
S2140105600028A3D104B1217D286808F09BFB002850
S2140105709CD1DCB121692846FFF7D0FE002895D131
S2140105802846FFF7D1FC003818BF01208FE700216D
S2140105902846FFF7A7FE002888D1002C90D12146D7
S2140105A090E72146A0E700220023BBE72146E2E7C9
S2140105B010B5C38802895C1C944297BF0268062066
S2140105C0D35C0B709FBFC3880133C380002010BD6E
S2140105D013B50C460DF10701FFF7EAFF48B99DF880
S2140105E0073013B9207002B010BD012B01D1237062
S2140105F0F9E70620F7E713B504460DF10701903039
S214010600FFF7E6FF60B923689A6C5AB193F86A203F
S2140106109DF8071061F3000283F86A2002B010BD4E
S2140106200620FBE70D20F9E7002373B505460DF11B
S214010630070190308DF80730FFF7CAFF0446A8B9C6
S21401064028689DF80760836C23B15EB14030FEF7E1
S21401065097FC044695F871391D4485F86A69204669
S21401066002B070BD1C30FEF71BFEF3E70624F6E76A
S21401067007B590300DF10701FFF7AAFF48B99DF8BD
S214010680073013B9044A82F82030012003B05DF820
S21401069004FB0620FAE700BF7C3F002010B590F867
S2140106A07119044601F67A1101449030FFF790FF64
S2140106B058B9226894F87139926C42B11C4494F886
S2140106C07A29044B83F8D92510BD0620FCE70D20B6
S2140106D0FAE700BF900D0020002337B505460DF15F
S2140106E0070190308DF80730FFF772FF0446B0B966
S2140106F09DF807302D68ABB905F1B800FDF7BEF8D7
S214010700686D1C30FEF7CCFD012014F0A9FD20B168
S21401071095F85A300BB185F85A400023AB64204651
S21401072003B030BD95F85A306BB9012014F098FD2E
S214010730686D1C30FEF7B4FD95F85A30012B1CBFCE
S214010740012385F85A30014BE8E700BF8F110100FD
S214010750002373B500F19006044601A930468DF8D2
S2140107600330FDF762F9054618B10625284602B0A2
S21401077070BDB4F89620B4F898309A4236D0304618
S2140107800DF10301FFF724FF0028EED123689DF841
S21401079003109A6C51B30AB90D25E7E7D3F8B020D8
S2140107A001998A42B3F8582038BFC3F8B0109006B2
S2140107B0DCD55B6D154ADB6902F148001B1A1E2069
S2140107C0DB10B3FBF0F3EFF31180302484F31188D0
S2140107D0DBB202EB8313D3F82C248A4238BFC3F86A
S2140107E02C1480F31188BFF36F8FBFE723689A6CD0
S2140107F0002AD1D0B3F8582001999206C3F8B01058
S214010800B4D55B6DD869FEF701FCAFE7900D00200B
S21401081013B50C460DF10701FFF7CAFE10B99DF896
S2140108200730237002B010BD002307B590300DF1DC
S21401083007018DF80730FFF7EBFF18B99DF8072081
S214010840024B1A7403B05DF804FB00BF7C3F002026
S214010850002337B505460DF1070190308DF80730B6
S214010860FFF7D6FF044690B90A4A2B6802F1480101
S2140108705B1A1E21DB10B3FBF1F352FA83F39DF8EA
S214010880072083F8ED2508F011FAFDF785FB2046D1
S21401089003B030BD900D002007B590300DF1070173
S2140108A0FFF7B6FF00280CBF0C20062003B05DF84A
S2140108B004FB002337B505460DF1070190308DF88E
S2140108C00730FFF775FE0446A0B99DF8073023B13F
S2140108D0013B012B09D9072404E02B689B6C5BB113
S2140108E008F04EFA204603B030BD2B689B6C1BB156
S2140108F00120F5E70624F5E70D24F3E7F7B50446EE
S2140109000025012700F19006B4F89620B4F8983037
S2140109109A4204D10020C4F8B05003B0F0BD30466E
S2140109200DF10701FFF744FE38B99DF807301F2B7C
S21401093005D807FA03F31D43E6E70620EDE707208F
S214010940EBE70023F7B506460DF1070190308DF869
S2140109500730FFF72DFE0446002847D19DF80730E3
S21401096013B1022B03D00C24204603B0F0BD35682A
S214010970AB6C002BF8D096F87129324492F976398F
S214010980013301D00D24EFE7D6F8B03083B3591EFA
S21401099019422DD1B3FA83F3C3F11F0182F87619F8
S2140109A0AB6C002BEED095F85A30002BEAD0033B07
S2140109B0042BE7D9B5F858309B07D4D56B6DB6F83C
S2140109C0B470DE69FDF7FBFE30B94FF47A7230463B
S2140109D07A4389B2FEF721FA95F85A30052B1CBFE7
S2140109E0052385F85A30034B2B65BDE70624BBE784
S2140109F00724B9E7D511010037B500F19004054683
S214010A000DF107012046FFF7D3FD18B10624204655
S214010A1003B030BD20460DF10601FFF7F9FE04468E
S214010A200028F3D19DF80710A1F10B030F2B15D861
S214010A300B4A2B6802F148001B1A1E20DB10B3FB81
S214010A40F0F3DBB202EB03129DF806300A4482F89B
S214010A50E43508F02BF9FDF79FFAD8E70724D6E727
S214010A60900D002013B504460DF107019030FFF7F5
S214010A709FFD60B99DF8073003F0030304EB830480
S214010A806368002B14BF23200C2002B010BD062083
S214010A90FBE7F0B50024C288036807899E18234641
S214010AA0BF1A9F42C3EBC30E12D0052B10D016F807
S214010AB003C001330CF07F0505FA0EF51CF0800F1C
S214010AC044EA0504EDD11A44C28000200C6000E01F
S214010AD00620F0BD002313B5044601A9903001930A
S214010AE0FFF7D7FFB0B923689DF80420996CA1B130
S214010AF083F8442023689A6C6AB194F871291444E7
S214010B0094F86A293AB103F1400002B0BDE81040FA
S214010B10FEF736BA062002B010BD0D20FBE72DE920
S214010B20F341044601A99030FFF7B3FFB0BB03467B
S214010B3005464FF0010CDDF804E0194991F80880EC
S214010B40B8F1000F1FD00A6896451CD1D4E9367655
S214010B50A3F12002C3F120052CFA05F50CFA02F2E6
S214010B602A430CFA03F52F431643C4E93676D4E933
S214010B70347627EA050726EA0206C4E93476BEF18A
S214010B80000F08D1454601331F2B01F10C01D5D1C9
S214010B90002D08BF072002B0BDE8F0810620FAE765
S214010BA0006802002DE9F341044601A99030FFF7E1
S214010BB070FF78BB034606460125DDF804E01649BA
S214010BC091F80880B8F1000F19D00A68964516D139
S214010BD0A3F12002C3F1200625FA06F605FA02F271
S214010BE0324305FA03FCD4E9367627EA0C0726EAEF
S214010BF00206C4E93676BEF1000F08D14646013337
S214010C001F2B01F10C01DBD1002E08BF072002B01B
S214010C10BDE8F0810620FAE70068020030B5C48816
S214010C200389A5189D42D7BF036806201B190B60D0
S214010C30DFBFC388D218C280002030BDF7B50E468C
S214010C400DF1060105461446FCF7DBFE10B1062041
S214010C5003B0F0BDBDF8067031463A462846FFF7A8
S214010C60DDFF0028F3D12780F2E72DE9F04F00F1F0
S214010C70900495B006460DF111012046FFF798FC49
S214010C8020B10625284615B0BDE8F08F9DF8113035
S214010C90082B01D00725F5E7204604A9FFF788FCB5
S214010CA00028EED120460DF1120207A9FFF7C6FF74
S214010CB00028E6D1BDF81230102BEBD120460DF1FD
S214010CC0120206A9FFF7BAFF0028DAD1BDF81230E2
S214010CD0102BDFD120460DF1120205A9FFF7AEFF5A
S214010CE005460028CDD1BDF81230102BD2D1DDE952
S214010CF0054B079BD6F8009008AE30460CAF039321
S214010D009DF810A00DF14008FEF796FA3846FEF75A
S214010D1093FA4046FEF790FAD9F84820002A47D0C1
S214010D20B446039B03F1100E6246186859680833EF
S214010D3003C273459446F7D15B46BC460BF1100ED1
S214010D40624618685968083303C273459446F7D15A
S214010D502346444603F1100C2246186859680833A6
S214010D6003C263451446F7D196E80F0009F18004E3
S214010D7089F8B4A084E80F0097E80F0009F1900401
S214010D8084E80F0098E80F0009F1A00484E80F003A
S214010D90B9F858309B067FF575AFD9F85400CDF8F1
S214010DA000803B4632465146C06906F0BFFF69E700
S214010DB00D2567E737B50546082201A99030FFF7EC
S214010DC02DFF044680B92B689A6C7AB10199586D4B
S214010DD00A681C30C3F862204A68C3F86620FFF729
S214010DE03BF8204603B030BD0624FAE70D24F8E7A9
S214010DF037B5036804469A6C7AB31948DB69A0F5DF
S214010E002B729B1A1E22DB10B3FBF2F3DBB24022DD
S214010E10002100EB831013F043F804F19005B4F8B9
S214010E209830B4F896209B1A9BB2072B01D8002065
S214010E3011E00822284601A9FFF7F0FE50B9206804
S214010E40836C53B101991C30FEF798FF0028E6D059
S214010E50032000E0062003B030BD0D20FBE700BFF5
S214010E608410002030B585B00446082201A99030D0
S214010E70FFF7D4FE054620BB2468A36C1BB301997B
S214010E8002A8FEF772FFE46902A92046FCF754FCAB
S214010E9083B20F2B13D80D4B03F14802A41A1E225E
S214010EA0E410B4FBF2F4E4B200EB041003EB8003AD
S214010EB083F8F652A3F8F452284605B030BD0A2549
S214010EC0FAE70625F8E70D25F6E700BF900D0020A6
S214010ED0002313B50822044601A990300193FFF7B9
S214010EE09DFE48B92068836C4BB101991C3002B055
S214010EF0BDE81040FEF742BF062002B010BD0D202F
S214010F00FBE72DE9F34100F1900420460DF10201C3
S214010F10FCF777FD20B10625284602B0BDE8F08132
S214010F200822204601A9FFF779FE0028F3D18DF8A3
S214010F3001000DF101012046FFF73AFB05460028A6
S214010F40E9D19DF80130DDF8048003F00106C3F312
S214010F504000314646EA4006C3F3800046EA800672
S214010F6003F008000643BDF80270C3F3C00206F0A2
S214010F700F06B8F1000F44D019B913F0060F00D1CF
S214010F80E2B1FDF753F80468002C35D1FEF758F9A5
S214010F900468002C37D0236803602046FEF74CF91E
S214010FA0FDF744F80368236004602671E780D8F8EB
S214010FB00030A360D8F80430E360ADE7FDF736F8FB
S214010FC002682B4614460CB91725A5E7E188B942F5
S214010FD002D023462468F6E743B90AB113680360D2
S214010FE0FEF72EF903682360046095E71A68002A65
S214010FF0F6D012681A60F3E7E388BB42D5D02468BE
S214011000C2E7072588E7032586E72DE9F04111F0B9
S2140110100F0804460D4617461E46006829D00023D1
S21401102084F82430FFF7F1F801230377436AC0E917
S2140110300A332946206807F035FE18BB3946204694
S214011040FDF739F9F0B925682B7F022B19D0284610
S214011050FFF710F9C0B9EB6A3146A362AB6A2046C6
S214011060E36294F8243084F82530BDE8F041FDF7BA
S21401107022B984F82480FFF7C8F8036A80F81C8038
S214011080D5E70D20BDE8F0810320FBE72DE9F0410F
S214011090044694F82470002F33D1246894F81C80F9
S2140110A0B8F1020F38D0A56A434629462046E26ABF
S2140110B0FCF780FF012806462CD9294642462046E1
S2140110C0FEF77DFF023EC6F30D06304386B2C0F33F
S2140110D0072028702946434601222046FEF701FFD5
S2140110E00670E56AA562227F04EB8203196A216312
S2140110F01D62E56815B123462069A84702232377B8
S21401110005E02046FEF710FF07460028C1D0384606
S214011110BDE8F081E562E6E70D27F8E730B505465C
S214011120D2F8A00914460B462A46C1B0A0B1B4F8BD
S214011130A4190BF0A7F800280CDDB4F8A439D4F8EC
S214011140A0299842A8BF184602441B1AC4F8A02931
S214011150A4F8A43941B030BD4FF4807168460BF055
S21401116091F80028F6DB60344FF46F530622802195
S2140111702046FFF74AFF0028ECD169462046FFF7D4
S2140111803CF90028E6D12046FFF780FFE2E7F8B5F4
S2140111900F4B0C46D3F878731546FCF7BDFC0001DF
S2140111A060F07F0007F1600600F0F001712306226F
S2140111B03046FFF72AFF48B92A4621463846FFF748
S2140111C061F918B93046BDE8F8405FE7F8BD00BFE1
S2140111D0900D00202DE9F041204B0F46D3F87853AF
S2140111E0FCF79AFCFF2204462B1893F9768983F8BC
S2140111F0762905EB80035868240164F07F044030AB
S21401120005F16006E4B2FDF7BBFE3923062221464E
S2140112103046FFF7FAFEF0B9286E5FFA88F107F05C
S21401122041FDC0B9286EF9B207F03CFD98B93046C9
S214011230FFF72CFF78B92146302306223046FFF708
S214011240E4FE014638B9286E07F02CFD18B9304681
S214011250BDE8F0411AE7BDE8F08100BF900D00201F
S214011260002330B5174A146824BB5468A14221D123
S214011270C3F12004D0E90225A3F1200105FA04F404
S214011280DA40224325FA01F10A4312F0010FC3F1B5
S2140112902004A3F120020CD1012121FA04F401FA61
S2140112A002F222439940D0E900430C431343C0E9BC
S2140112B0004330BD0133DBB21F2B02F10C02D2D149
S2140112C0F7E700BF006802001C282ED8DFE800F010
S2140112D00F3011132D1517192D2D2D2D1B1D1F2107
S2140112E02D2D2D272D2D2D25232D2D292B000020AD
S2140112F070470E2070470B2070470C20704709205E
S2140113007047032070470220704704207047112061
S214011310704712207047132070471420704716201C
S2140113207047172070471820704700F580407047B7
S21401133001207047024B006E197C07F0B3BC00BF5A
S2140113407C3F002010B5074B0446D3F87C030BF016
S214011350EFFB0A2390FBF3F1206EC9B2BDE8104003
S21401136007F0A0BC900D0020024608B50C20FFF740
S214011370ABFFBDE80840014602F16000FCF7C9BFBB
S214011380024608B50C20FFF79FFFBDE8084001465E
S21401139002F16000FCF7BDBF2DE9F04F5B4B8FB04B
S2140113A0D3F81026D3F814160192D3F82426D3F8CE
S2140113B018B60392D3F83026D3F81CA60292D3F8B7
S2140113C03426D3F820960492D3F83826D3F8287614
S2140113D00592D3F83C26D3F82C660692D3F840261D
S2140113E00D910792D3F8442600F160040892D3F8D1
S2140113F0482605460992D3F84C2620460A92D3F889
S21401140050260B92D3F8542693F858860C92FFF781
S21401141011F8002877D120460D99FEF77FFF0028A6
S21401142071D159462046FEF779FF00286BD1514607
S2140114302046FEF773FF002865D149462046FEF791
S2140114406DFF00285FD120460399FEF767FF00284D
S21401145059D139462046FEF761FF002853D131465F
S2140114602046FEF75BFF00284DD120460299FEF785
S21401147055FF002847D12046FEF756FD002842D1E9
S2140114802046FEF7D7FF00283DD120460499FEF7F7
S21401149045FF002837D120460599FEF73FFF90BB50
S2140114A020460699FEF73AFF68BB20460799FEF7E5
S2140114B035FF40BB20460899FEF730FF18BB204693
S2140114C00999FEF72BFFF0B920460A99FEF726FF89
S2140114D0C8B920460B99FEF721FFA0B920460C9902
S2140114E0FEF71CFF78B92046FEF71EFD58B94146A7
S2140114F0286E07F0D9FB30B9204601990FB0BDE838
S214011500F04FFEF70BBF0FB0BDE8F08F900D002037
S2140115102DE9F74F9846374B0E46D3F878531746C2
S214011520FCF7FAFA05EB000999F87249002C40D04D
S21401153044EA001464F07F04E4B28FB3386807F01D
S21401154053FCC0F3001B002396F81CA089F87239DF
S21401155005F160090622214648460AF0010AFFF70E
S21401156054FD30BB4046FFF7AFFE01464846FCF748
S214011570A2FEF0B95946286E07F096FBC8B9514647
S214011580286E07F091FBA0B9B8F1000F0AD03068B9
S21401159007F0AEFC80B9484603B0BDE8F04F75E5EC
S2140115A0BB46D0E7424639462846FEF76BFF002881
S2140115B0EDD003B0BDE8F08FBAF1000FEBD03046A6
S2140115C00DF10301FEF71CF80028F2D1304601A9FF
S2140115D0FDF7EDFF0028ECD19DF80310286E07F00B
S2140115E061FB0028E5D148460199FEF797FE0028E1
S2140115F0D1D0DEE7900D00202DE9F8430C4614F01B
S2140116000F081746194604F00F0C06D1022A02D11C
S214011610D030FFF725FE00200CE090F8EE6890F839
S214011620EDE8A6EB0E030E2B06DDD0300E21FFF7FC
S21401163017FE0320BDE8F883C4F30112841894F85A
S214011640E948134644453DD133460E2B3ED842F079
S214011650400203F58F7342EA8C0230F8334042EAC7
S214011660072222F08002920524F45F74920D24F082
S2140116700304224320F8332000EBC3056B680136D0
S21401168061F317036B6080F8EE68C4E70F3CE4B2C1
S2140116900E2CFBD804F58F7410F8345015F0400F5B
S2140116A00CD005F003094B4508D1C5F38309C145A4
S2140116B004D125F0400500F83450C5E70EF1010EBF
S2140116C05FFA8EFE7645BFD97446E1E70F3BDBB283
S2140116D0BBE7134602228FE738B511F0300F00F151
S2140116E0600408BFC0F8AC20154600230622204639
S2140116F0FFF78BFC40B929462046FCF7DCFD18B9FC
S2140117002046BDE83840C1E438BD2DE9F04F054616
S214011710ADF5457D0DF5887B00914FF48072002173
S214011720584612F0BDFBB5F89610B5F898304C1C2B
S2140117309C4230D8D5F890205B1A51189BB227D01E
S21401174000204F1E82B2934225D901303E5C002E06
S214011750F8D14FF48073D5F800902244A5F896206E
S214011760C5F8A0B9A5F8A43909F1C80721BB84A812
S21401177012F09CFD0024DFF870820DF5047A5646BF
S2140117801AF8013B33BB23A9002001EB84025DE07C
S2140117900BB10A46DDE70620FFF796FD00990246E3
S2140117A02846FFF799FF0023C5F8A039A5F8A43904
S2140117B00DF5457DBDE8F08F0023CA5C002AD6D022
S2140117C00133B3F5807FF8D138467849FCF751FCF0
S2140117D00320E8E75C2B29D19AF80020A2F109033F
S2140117E0DBB2172B17D828FA03F3D90715D41AF842
S2140117F0013C002BC3D02CB11AF8023C002BBED101
S214011800202C2CD0C4AA631C02EB8404A4F52174FA
S2140118102660DCB2B3E75C2AE9D1304612F04EFD11
S21401182051460246304612F04EFCE0E7093BDBB279
S214011830172BDCD828FA03F3DA0744BF00230AF88B
S214011840013CD4E70134E4B242F8040B202CF9D968
S2140118503BB138465649FCF70CFC0720A3E70723A3
S21401186091E7DAB2C4A800EB8202A2F521721268EF
S2140118701C460133002AF4D1134603A8DAB251F804
S21401188022800133B8F1000F31D114F0FF04494B27
S2140118900AD049490398FCF7ADFA03AE454B50B35D
S2140118A0013C14F0FF0425D193F874234349444BBB
S2140118B03846002A18BF19460A464249FCF7D9FBA2
S2140118C005F160044FF46F53062220460099FFF796
S2140118D09CFB00287FF467AF59462046FEF78DFD36
S2140118E000287FF460AF2046FFF7D0FB5BE740F8A7
S2140118F02280C3E704AE93F87433D6F800A053B938
S21401190050463149FCF776FA28B938462F49FCF794
S214011910B0FB0D2047E72E4B196850460193FCF7A4
S21401192069FA019B2B4AC0B1D3E901A35A1007EB10
S2140119306300DB0748BFBB5804F1FF3148BF53F8CB
S2140119400AA0012C18BF06F104084246C9B2D047C6
S21401195023280FD00028B3D025E70C339342DBD1E0
S21401196050461D4912F098FC70B150461B4912F0C2
S21401197093FC40B1012C04D0384632681849FCF774
S21401198078FB23200FE70120164B012C03EBC00345
S21401199004F1FF3118BF06F104084246D3F820339C
S2140119A0D9F8C800C9B29847D2E700BF178C020021
S2140119B06D8B0200900D0020A28B0200648B02004A
S2140119C05C8B0200A68B0200E6880200BF8B020039
S2140119D074690200EC690200DE8B0200E98B0200EA
S2140119E0F28B0200D066020013008000F0B50446B8
S2140119F00C260020013A90420DD370430A1809586C
S214011A008B4215BF0023D2E90101C4E90033C4E9C2
S214011A1000012046F0BD85186D0806FB05F7CF5975
S214011A209F422CBF2A46681CE5E72DE9F0438BB0A0
S214011A3004460E4690461F465249134602A82D22DA
S214011A40FFF7D4FFDDE9025945BB19F0010F25D197
S214011A50A8F57053B3F5806F44D204F16005434690
S214011A60062231462846FFF7D0FA002856D143F61B
S214011A700143984536D10DF1070104F19000FEF7B8
S214011A8097FD804670BB9DF80730082B2AD8DFE803
S214011A9003F02121322136484B50520004F16007F1
S214011AA04346062231463846FFF7AFFA002835D1BD
S214011AB019F0010F4FEA690318BFE35804EB6900F8
S214011AC018BF5D59A84748BB38460BB0BDE8F04380
S214011AD0FFF7DCBA0021206E07F0E4F800284DD0AD
S214011AE0172812D1002F4BD00D22314620460BB0BD
S214011AF0BDE8F043F0E5244B93F87816EBE70021B8
S214011B002846FEF70BFC002838D0FFF7DDFB014620
S214011B102846FCF7FEFB1728E4D078B30BB0BDE8E7
S214011B20F0836FF44071EBE70021206E07F0BCF8FC
S214011B30D4E70120E9E7144B0DF11009D3F87C2610
S214011B400492D3F880260592D3F884260692D3F819
S214011B5088260792D3F88C26D3F8903608920993F4
S214011B60284659F8041BFEF7D9FB0028CDD108F109
S214011B7001085FFA88F8B8F1060FF1D12846A4E704
S214011B803A46B2E7FC690200900D002070B50446A3
S214011B90002694F8ED5894F8EE38AB4201D10020B7
S214011BA034E005F58F7514F835305A0616D414F856
S214011BB0353023F0400304F8353094F8ED3801331E
S214011BC0DBB20F2B84F8ED38E3D194F8EE3884F8C5
S214011BD0ED680E2B22D884F8EE38DAE7C3F301025B
S214011BE0C3F3830141EA021104EBC502537852683C
S214011BF003F0030361F07F01022BC9B2C2F317029F
S214011C0005D12046FFF768FD0028D0D070BDB3FA95
S214011C1083F320465B09FFF708FFF5E70F3BDBB2CE
S214011C20D7E72DE9F047D0E93432134304461ED0F6
S214011C3000254FF00109344FDFF8D0A0C5F120018F
S214011C40D4E93430A5F12002EB4000FA01F10B4350
S214011C5020FA02F2134313F0010FC5F12008A5F193
S214011C60200609D101351F2D07F10C07E6D1012306
S214011C7084F89039BDE8F0873A68002A39D17B6844
S214011C80772B14D1DAF89436D9070ED4580628D40F
S214011C9013F0180F27D1990727D49A0627D440F2B4
S214011CA0847213420CBF0722062202F170031A4601
S214011CB080212046FFF710FD0028D8D1D4E9343220
S214011CC009FA06F629FA08F846EA080609FA05F1B5
S214011CD023EA010322EA0602C4E934321343C1D1DE
S214011CE0C5E70222E1E70822DFE70122DDE703225A
S214011CF0DBE794F89039002BE0D0012380212046C1
S214011D00FFF793FED8E700BF00680200900D0020A1
S214011D1010B590F8A830044633B1D0F8E4309942B3
S214011D2004BF002380F8A8302046FFF72FFFC0B974
S214011D3094F8E81089B101230C222046FFF775FEBE
S214011D4078B994F8E03084F8E800042B1FBF636C80
S214011D50C4F8E430012384F8A8302046BDE81040DA
S214011D605FE710BD014BD3F878035AE7900D0020CA
S214011D70F7B50D46044600B9FEE7037F03F0FF06FC
S214011D8003B1FEE70E4B1B68994215D840F2E730C7
S214011D9031460C4B4FF47A721F680023E5FB0701AE
S214011DA011F05CFE0123CDE9006301462346064A95
S214011DB0606813F0A5FF00B1FEE703B0F0BD00BFF9
S214011DC0880D00208C0D00203561020000B9FEE769
S214011DD0406814F0ABB870B5EFF3108672B64FF0EA
S214011DE0FF3012F0D2FC04460A4BD3F89826C3F80B
S214011DF09806824288BFD3F89C26304684BF0132BB
S214011E00C3F89C26D3F89C5614F0A8F92046294618
S214011E1070BD00BF900D00202DE9F74307460D4623
S214011E2006F044FF1E23624E804606F148043C1B22
S214011E30E410B4FBF3F496F85835E4B2032B1AD049
S214011E40002229463846FDF76BFCA0B1FFF7C3FF19
S214011E50584C021941F1000306F5AC61C1E90023B3
S214011E60022386F8583507B9FEE7C6F8A0760020A3
S214011E7003B0BDE8F083012C00D9FEE730236343AD
S214011E804D4AD1188D4200D0FEE7C4EBC41102F5CD
S214011E909E720A442968914200D0FEE72A7F3344A5
S214011EA012F0020F10D1642283F89425FCF787FC08
S214011EB038B300264FF0FF310C2001AA019609F035
S214011EC0EDFB019C84B9FEE793F89425022A04D819
S214011ED03023502203FB0463E6E7023AD2B24F2ACC
S214011EE083F89425F4D9E1E7214634482760267122
S214011EF0A56004F0ADFF0028B9D1204613F02CFEF2
S214011F00B5E74146A879FCF7DDFF00284DD1FCF77F
S214011F1053FC804600B1FEE74FF0300901464FF40E
S214011F20F85013F085F909FB0463C3F89075297F0F
S214011F301020C1F38001C6F8945313F079F90C23ED
S214011F4003FB04642B7F2846C3F3C003A96A84F805
S214011F50FA37FDF71EFDEFF3118489F3118802208D
S214011F60012113F065F9FCF727FC00B9FEE786F8B6
S214011F70B483FCF72DFD84F31188BFF36F8F4FF404
S214011F80805013F06DF900283FF471AF97F8E430F4
S214011F90002B3FF46CAF3A6A936F002B3FF467AFA8
S214011FA001212846D26F984761E7072060E700BF06
S214011FB0900D0020404B4C00F812002034150020F4
S214011FC010B58379044603F0FB03032B17D18388EE
S214011FD0DB0608D50423A3712368E169D869FFF7F6
S214011FE01BFF60B1FEE7C369006899791C30FCF7F6
S214011FF0C5FF00B1FEE7A379042BEDD0EAE710BDDB
S214012000C2698379516909B9126922B1072B01D0D6
S21401201007238371D4E7032BFCD00323F9E72DE9CB
S214012020F743044600F1640738460D4690461E46BF
S214012030FBF724FCB4F8049019F0200F2AD0286886
S21401204006F056FF30B32B7FDA0723D528460DF16D
S2140120500201FDF79CFA00B1FEE79DF80230082B5D
S21401206018D1284601A9FDF7A2FA00B1FEE72846D5
S2140120700DF10301FDF7C4FA00B1FEE79DF8032058
S21401208094F860309A4205D1019BE26D934224BFD9
S2140120900133E3650023E3719EB119F0040F10D1FB
S2140120A0237A6A7E9A420CD9013323722B7F0E2E35
S2140120B043F002032B771ED0204603B0BDE8F04361
S2140120C09EE7A379022B4FD1A97EAB798B4206D02E
S2140120D0A37DDB0703D520681C30FCF74FFF246A7D
S2140120E0E76C002F3DD0334642462946206CB84760
S2140120F00023E36435E0A37994F86160062B1CBFE6
S2140121000623A371FDF7D8F8A37D0546206813F0D2
S214012110010F00F11C0010D0E3699979FCF72EFF3E
S2140121204FF0FF33B34025EA03054FF4A0735D4338
S214012130FBF7E6F9002D03DAFEE7FDF7B1F8EFE766
S2140121400544606E39460A4AE5661030FDF741F9E6
S21401215094F861300133DBB2052B28BF052384F8E0
S214012160613003B0BDE8F0830223A371ACE700BF82
S214012170DC6602002DE9F04190F8E47004460D4655
S2140121801E46C7B10D4F97F8747397B1897EAB7928
S2140121908B4206D00A4BCB40DB0700D4FEE7FCF7A8
S2140121A0B3FE334600222946206A5430BDE8F0418A
S2140121B035E7006AF9E7BDE8F08100BF900D002021
S2140121C000F8FF072DE9F04FABB0134604460F4663
S2140121D006A890462A491D22FFF708FCDDE90630CD
S2140121E000F00102002B40F0F382002A40F0F0825A
S2140121F0B8F1710F46D0B8F56F5F3AD0B8F10C0F51
S21401220040F0D0820CA904F19000FEF7D1F9002825
S21401221040F012829DF83030022B1ED003D9DA1E10
S214012220012A88BF0323002584F8E0300C2201230D
S2140122303946204684F8E850FFF7F7FB94F8E0307B
S214012240042B13D0012350B9626C84F8A830C4F86B
S214012250E42000202BB0BDE8F08F0123E3E7C4F8AB
S214012260E45084F8A83084F8E870F2E70028F0D04B
S214012270F9E7394620462BB0BDE8F04FFFF745BADF
S214012280186C020023689A6C002A00F087821D6F82
S214012290002D00F0858204F19006304608AA0CA9AC
S2140122A0FEF7CCFC002840F0C781BDF820207F2A2D
S2140122B000F2C281A846AA8058F8060B0C9911F0C4
S2140122C053FF41463046FEF773F9002840F0B481CB
S2140122D0AB79C5E90400AB7640F604732B837F2304
S2140122E0EB762B7F304623F0170343F004032B775E
S2140122F005F11801FEF75CF900284DD1304605F1CD
S2140123001901FEF755F9002846D130460DF11101A5
S214012310FEF75EF900283FD12B7F9DF8112030464D
S21401232062F382032B770DF11301FEF751F998BB87
S2140123302B7F9DF81320304662F300032B770DF1B7
S2140123401201FEF745F938BB2B7F9DF81220304667
S21401235062F341032B7705A9FEF73AF9E0B92B7F23
S2140123609DF81420304662F304132B7705F114010F
S214012370FBF75BFB80B9304605F11001FBF755FB17
S21401238050B9304605F11A01FEF712F920B9304668
S21401239005F11B01FEF73CFA2568AB6C002B00F03B
S2140123A0FD8105F15403039395F85A30052B00F08F
S2140123B0F5812E6F306806F09BFD002800F0CE8177
S2140123C0337FD80600F1CA8130460DF11201FDF7C0
S2140123D0DEF8002840F0C281337FD90704D43046A6
S2140123E095F8B410FDF720F9B5F858309A0600F1C3
S2140123F0B5819DF81230082B40F0B0812B6F05F1A6
S21401240090029A60286F037FDB070BD4D5F8B06083
S2140124103146FDF7DCF8D5F8B0309E4224BF0136D0
S214012420C5F8B0604FF000092A2249460DF1360082
S2140124302E6FCDF8149011F033FD24220DF13808DB
S21401244049464046CDF83080ADF8342011F028FDDD
S214012450306806F04DFD002800F0798130460DF118
S2140124601301FDF784F8002840F07181304605A974
S214012470FDF79DF80190002840F06981059BD5F88D
S2140124806200D5F866101ABA9DF813C008AB03C3EC
S2140124900A9240468022B1688DF82CC003F0F3FB07
S2140124A00090002840F0D3803046FDF7CEF8023881
S2140124B05FFA80FBBBF1030F40F2CA803046FDF79E
S2140124C05BFA0346DDF800A002900AF10102002B38
S2140124D040F0BF805FFA8AFABAF1020F38BF4FF0B8
S2140124E0020A3046BAF1020FCAF10F0818BF5FFAA6
S2140124F088F8FDF739FA021E18BF01220AF1FF3AE1
S2140125004FEA6B035FFA8AFA013B4AEAC30343EADE
S214012510821308A9424681460DF161008DF86030AC
S21401252011F022FE0F23029A1CA99845C0F0948050
S21401253018AA11460CA8FBF78FFDB9F1000F07D0BA
S2140125409DF8613089EA03038DF861300223019317
S214012550424608A90DF171008DF870A011F004FE35
S2140125600CAB08F14100C8F10F020021184411F02C
S21401257097FC0023029A2593CDE92623019B30463A
S214012580ADF8A03010238DF8A480CDF89090ADF86A
S214012590A2308DF8A5B0FDF7E7F98145804661D3F5
S2140125A0D6F8009000EB090AD1455CD1259B249A08
S2140125B04344934225930AD1BDF8A03023B118AA0B
S2140125C011460CA8FBF748FD0023ADF8A0303046B5
S2140125D0FDF7D2F9279B269A03449342804659D8A1
S2140125E03046FDF760F84FF0000B8146824600EB5F
S2140125F008030193019B9A454DD1279B269A434494
S2140126009342279313D3BDF8A0300DF1300823B1C0
S21401261018AA11464046FBF71FFD9DF8A42000218D
S21401262002F141004044C2F10F0211F039FCDDE92C
S21401263026329A4270D0FEE70620FEF745FE39465E
S214012640024620462BB0BDE8F04FFFF745B8FEE73F
S214012650FEE792461B0A38E7013B01F8012DDBB283
S214012660120A62E7FEE7BDF8A030102B05D118AAC2
S21401267011460CA8FBF7F0FC00235A1CA833ADF852
S214012680A0206B4419F8012B13F8481C4A4003F8A4
S214012690482C89E7FEE7BDF8A230102B12D10F2196
S2140126A09DF8A40020AA814205DD12F8013D013300
S2140126B0DBB2137073B320AA1CA90CA8FBF7CCFCE1
S2140126C0ADF8A2B01AF8013BB9F1000F0BD0BDF876
S2140126D0A220511CA832ADF8A2106A4412F8282C88
S2140126E05A400AF8012CBDF8A020102A07D118AAD2
S2140126F011460CA80293FBF7AFFC0022029B511C6B
S214012700A832ADF8A0106A4412F8481C4B4002F8F3
S214012710483C6FE70139C6E73046FCF796FFB6F846
S2140127200490D6F80080A9EB000920AA0CA81CA9E1
S214012730FBF792FC0DF15F0308EB09009DF8A5205D
S214012740009991421EDB337F43F010033377BDF8C7
S2140127503430232B21D90C9803F090FA00230398E8
S21401276085F85B3085F85C3085F8B530FFF748FCB6
S2140127706A4BEB64C7F30113234407F00F0783F892
S214012780727966E513F8012F93F820104A4000F895
S214012790012B009A01320092D0E7FEE70D204CE7AC
S2140127A003204AE7A8F57053B3F5806F08D243F6C5
S2140127B00143984584F86F291FD0012384F86F39A7
S2140127C00D22394620462BB0BDE8F04FFEF781BFFB
S2140127D0002184F86F19411004EB60000AB16258B9
S2140127E0D35898470123054684F86F3900285DD0F1
S2140127F02846FEF769FD0246E3E704F190063046F7
S2140128000DF11301FDF7D4FE01230028D6D19DF862
S2140128101350092DD2D801A252F825F045280100FF
S21401282057280100BD2701008D280100BF2801009F
S214012830BD270100C9280100D9280100012901008E
S2140128401329010030460CA9FDF7B2FE00280CBF83
S2140128500125062516E00023304608A98DF820300C
S2140128608DF83030FDF7A4FE08B106250AE03046A3
S2140128700CA9FDF7ADFE0028F7D19DF82030082BF6
S21401288028BF0725012384F86F39B1E700233046B6
S2140128900CA98DF83030FDF78BFE0028E5D1012517
S2140128A09DF8303084F86F59002BA1D143460122A0
S2140128B0394620462BB0BDE8F04FFEF79DBE3046A8
S2140128C00CA9FBF7B2F8C1E730460CA9FDF780FE6C
S2140128D0002808BF0125D5E7304605A9FDF768FEA3
S2140128E00028C2D1304608A9FDF762FE0028BCD1F7
S2140128F030460CA9FDF75CFE0028B6D10125C1E7DC
S21401290018220021064811F0CBFA012384F86F390A
S214012910CCE730460CA9FDF75BFE97E711150100E1
S2140129200C14002070B5046894F85A3004F154056C
S214012930033B042B4BD8DFE803F003081B16030008
S2140129402846BDE87040FFF73BBB236F606D997961
S2140129501C30FCF713FB2846216F0E23BDE87040A0
S2140129600022FFF75CBB2846BDE87040FFF748BB76
S214012970B4F858309B0700D5FEE7636DD869FCF7BD
S214012980DBF97F2807D094F96B307F2B01D0834287
S21401299001DA84F86B00FAF792FDE36EC01A00289C
S2140129A00EDAD4F8C030D4F8B8008033C4F8C0309A
S2140129B004F1B801064A1030BDE87040FCF709BDC5
S2140129C0284694F96B10BDE87040FAF7A6BF70BDB3
S2140129D0DC66020010B50446FFF7FDF902460B4619
S2140129E004F16000BDE81040FDF7D0BC30B500F141
S2140129F0900485B0204602A9FBF731F8002838D1AB
S214012A00204601A9FBF711F898BB20460DF10301FA
S214012A10FDF7CEFD044660BBFFF7DDF9DDE90223D5
S214012A20904271EB030502D3072005B030BD121AA0
S214012A3063EB01036FF00101914274EB0303F3D3DF
S214012A409DF8034006F032F901460C4812F008FCE6
S214012A5088B92046FCF736FA0028E5D10121202066
S214012A6012F0E6FB40F29441054B064A064808F090
S214012A7021FF0620D9E70120D7E700BF400001006B
S214012A80398C02003B8C0200708C02002DE9F04F5D
S214012A9012F0C00F824615461F468FB001D012F0C5
S214012AA0B9FBAB0206D5504611F033FE10B95046BD
S214012AB012F040FCAE0301D512F0ACFBEC0105F0C0
S214012AC0807340F15881FBF777FE68B11020002132
S214012AD012F0AEFB12F0D8FB0446002800F03C8151
S214012AE00121082012F0A4FB202012F0B9FB05F406
S214012AF000510446002800F05D8121B101214FF408
S214012B00004012F095FB15F4404F06D0002148F224
S214012B10200012F08DFB12F0D9FB280740F1BB8094
S214012B20B24C0321D4F87C0303AA11F0F6FD01464A
S214012B30002800F08F819DF80C30072B40F08A8129
S214012B40D4F87C0308AA11F0EDFD002840F082813C
S214012B509DF81C3013F01102009208D113EA1310ED
S214012B6003F00F0203D112B10F2B00F27381BDF8EF
S214012B700E60059806F1010B02781FFA8BFB5A4589
S214012B8040F06881F21E7B2A00F26481BDF81020B5
S214012B90002A00F05F81013A411C06F1FF3C92B227
S214012BA00591ADF80EC0ADF81020002A40F01A814C
S214012BB0069A92F8008018460193FAF744FD019BA5
S214012BC0814630B9009A22B9190702D00F2B00F2BC
S214012BD041819DF82D30002B00F0108108F007038D
S214012BE0022B40F0378103AAD4F8F813D4F87C03FB
S214012BF011F09CFDA4F8FCB3FBF7EEF812F044FBD1
S214012C00002843D0D4F89433D4F8F8231B6892787C
S214012C109B789A423AD19DF82630002B00F01A8113
S214012C200236D4F87C0308A9ADF8246011F07CFDC7
S214012C30002840F00F819DF82E30089E84F80D3450
S214012C409DF82F30C4F8209484F80E34FFF7C3F8AB
S214012C504FF00009664B864228BF01F1FF315960EB
S214012C6019EB060601214FF48070C4F8006412F0D7
S214012C70DFFA6048494612F0DBFA12F015FB28B17C
S214012C8018F0100F1CBF012384F8B53312F00CFBAB
S214012C9008B906F08DF8EE0501D512F0BBFA15F469
S214012CA0863F01D012F0B6FAAC014FF000060DD502
S214012CB04E4C12F0AFFA3146042012F0B9FA94F8ED
S214012CC0B5331BB106F074F884F8B56315F0084FF8
S214012CD005D012F09FFA0021042012F0A9FAA800EC
S214012CE001D512F097FAA90705D5082012F0B8FA0F
S214012CF008B112F0FBFAFA0523D5504608AA03A933
S214012D0011F04EFB9DF80C30DBB13B48002112F070
S214012D108FFA042012F0A4FA28B1FBF75DF800211F
S214012D20042012F085FAFBF747FD28B112F0ACFA41
S214012D304FF4007013F050F913F004FA08B112F0D2
S214012D40D5FABB0540F1D2800022504611460FB09D
S214012D50BDE8F04F09F01EBF06F02AF801214FF436
S214012D60807012F065FA2146022012F061FA2146BF
S214012D704FF48030B6E607F00202134306D012F095
S214012D8083FA4FF4007013F027F9ADE605F0A84377
S214012D901A4304D012F078FA4FF48050F3E707F0A4
S214012DA0040213433FF4A0AE104BD3F87C0311F09A
S214012DB00DFC99E649B101214FF4803012F038FA42
S214012DC02146402012F034FAA7E607F020030B4311
S214012DD03FF4A3AE402012F02BFA4FF4006013F03C
S214012DE0FBF89AE690F80180E5E600BF900D00201A
S214012DF0901100200A0001006000010094F88C3355
S214012E0013B9BBF1040F25D09DF8263013B3023653
S214012E10D4F87C0308A9ADF8246011F085FCC8B984
S214012E20EFF3108072B6B4F80A38B4F80C68009361
S214012E3013F094F9009BB3420CD0EFF311833022C8
S214012E4082F31188D4F85868721C0BD183F3118869
S214012E50BFF36F8F0026FAF7BFFF3146254805F00E
S214012E60E5FD18E7314651F80C2BC4F8582883F3D2
S214012E701188BFF36F8FD4F87C0303AA11F056FCB8
S214012E8086F800B0BDF83430314673709DF92E30A7
S214012E901948F3709DF82F30B370089BB3609DF806
S214012EA01C3013F0010F18BF4FF00009C6F804904C
S214012EB003F0CEFF0028CED018F020080AD0D4F8B0
S214012EC07C0311F026FCFAF787FF0121042012F09B
S214012ED0AFF9E0E6FAF780FF94F8B533002B3FF43C
S214012EE0DAAE05F065FF84F8B583D4E60FB0BDE829
S214012EF0F08F00BFE415002098150020F8B50025D6
S214012F00644C04F66403A4F8CC53C4F8C853A4F87C
S214012F10FC53C4F8F833EFF3108072B60223C4F8FA
S214012F20A457A4F8A837C4F8AC5713F017F95A4BAE
S214012F30C4F89055C4F8AC3704F2A463C4F86835F5
S214012F4004F6E803C4F8743504F22373C4F898351C
S214012F5004F6F803C4F8A4359C23A4F86C5584F849
S214012F60DC35C4F8C055A4F89C55FBF75FF805603E
S214012F70FCF766F9031D00F1B402194610339342BB
S214012F80056018D194F8C0330B2B18D894F8C133C8
S214012F900A2B14D9414EC4F8B86303F0E5FF0020AC
S214012FA0FAF7FAFF0822D4F87C03114611F0F9FA71
S214012FB0054628B1FEE743F8105C0D46DDE7FEE75F
S214012FC00146682206F5157010F06AFFEFF31186C8
S214012FD0302383F31188012012F042F910B12846FC
S214012FE005F0DEFE86F31188BFF36F8F0822D4F852
S214012FF07C03114611F0D5FA054600B1FEE7002321
S214013000002241F20D012648FBF7F6FB2946D4F8CB
S2140130107C0311F0A5FC18222946224810F040FF37
S2140130202148FAF735FF2148FAF732FF204B214EA7
S214013030C4F8AC33FF23A4F8B033A6F59773C4F8ED
S214013040F2571D815D604FF6FE73A6F59172C4F8C6
S214013050FE57C4F8A863A4F8F03755601581A4F8A4
S214013060FC37EFF3108072B61027C4F80858A4F89E
S2140130700C78C4F8105813F071F80F4B39468C20B1
S214013080A6F1CC02C4F8103803F0DFFA00B1FEE76F
S214013090F8BD00BF900D002045D600004C11002061
S2140130A0C00D030098160020281100202C110020C6
S2140130B0C002FF00B016002041610200B0F5802F6B
S2140130C007B54FEA104382B212D20F2A10D8002950
S2140130D014BF042101218DF80500002201A88DF8F6
S2140130E0043002F09FFA10F0FF0002D0022803D04D
S2140130F0072003B05DF804FB0D20FAE70229F7B5B7
S21401310005460E4614460DD156491068FAF772FE6A
S214013110002856D069466068FAF760FC68B3072055
S21401312003B0F0BD03294AD14F491068FAF762FE91
S214013130002846D069466068FAF750FC0028EED1B0
S214013140A06801A9FAF74AFC0028E8D1DDE90034B5
S214013150B3F5802F4FEA1341E1D29AB20F2ADED897
S21401316001223020DBB29A40404B00FB0133002C99
S2140131705ED041F210015A501FE00099B1F5802F40
S2140131804FEA11438AB2CAD20F2AC8D8EFF3118088
S214013190302282F31188534303F1A04303F57033C1
S2140131A05A6980F31188BFF36F8FC9B2CA402846A7
S2140131B02F4902F00102FAF75CFF0020B0E701296F
S2140131C0ADD92C492068FAF715FE0028A7D0694624
S2140131D06068FAF703FC07460028A0D1022E2AD120
S2140131E0009BB3F5802F4FEA13409AB297D20F2A6D
S2140131F095D8EFF31181302484F3118860431B4A7C
S214013200DBB2072B024492BF5268D268083B9B0090
S21401321022FA03F303F00F0381F31188BFF36F8FD4
S214013220012B28460CBF14491449FAF722FFC4E7BC
S21401323042F210019FE7032EBFD1A4681049204631
S214013240FAF7D8FD28B13946009803B0BDE8F0403A
S21401325034E720460B49FAF7CDFD0028ADD0012111
S214013260F2E700BFC98C0200D28C020000C00350F6
S214013270CD8C0200D68C0200DB8C0200E08C0200B2
S214013280E68C0200E98C0200FEE700F061BC70B536
S214013290044601260B4D04B970BD94FAA4F0B0FAA9
S2140132A080F006FA00F224EA0204C200AA580F28A7
S2140132B005EBC001C8BF1038002AECD04968C0B27F
S2140132C09047E8E718300020064BD3F82404D3F8DB
S2140132D0202403F50053104000F05530C3F82004B5
S2140132E0D5E700BF00C00350064BD3F82404D3F83B
S2140132F0202403F50053104000F0AA30C3F8200440
S214013300C5E700BF00C0035010B5416C4369A1F189
S2140133101404DA1CB2FBF4F203EBC2000330B0FB78
S214013320F4F0B1F5805F00F1010002D1012828BF59
S2140133300120013010BDF7B507460E4600257C6C0E
S214013340A819644280EA06031C4003D02C46204696
S21401335003B0F0BDFB6B01225B6901A99847019B95
S2140133600133F4D10435EAE72DE9F341154690F827
S21401337042201E46012A14BF042302235D43CF7D4B
S2140133802C1D844605F00205BFB915B1012724F0AE
S2140133900304486808342044DCF83C30012A5B69A1
S2140133A027D101A9984717B1BDF806300193BDF89A
S2140133B00430336002B0BDE8F08155B124F0030457
S2140133C000230D7E01F1200ED8B2854203D80020DD
S2140133D0E2E72F46F4E73EF8330003F10108A04286
S2140133E004D901EBC303D8690834D4E74346241A49
S2140133F0EAE70122314602B0BDE8F0411847D01E87
S214013400009B42424241187E824212D11A688A4289
S2140134100FD85A688A420CD35A6901325A61D3E9E5
S2140134200302824205D2986840F822101A690132D6
S2140134301A610120704700234FF0FF3142689A421B
S21401344002D8002303727047026842F833100268FC
S21401345002EBC30251600133F0E7002370B5456803
S2140134609D4211D00468DE0054F83320B2F1FF3FCC
S2140134700BD0C2F31302914207D14FF0FF3244F84A
S2140134803320036833445A6070BD0133E8E710B552
S214013490032A029C07D1A26A5340626C524213422D
S2140134A001D1FFF7DAFF012010BD0023F0B5456812
S2140134B09D4202D14FF0FF300EE00468DE0054F862
S2140134C03340671C09D0C4F31307B94205D1240D54
S2140134D01470036833445868F0BD0133E8E773B5E8
S2140134E0164600F108040D46204609680DF107024C
S2140134F0FFF7DBFF032E05D16B68834202D120461E
S214013500FFF7ABFF012002B070BD00BF2DE9F0410F
S2140135104668002E3AD0056898464FF0000CAE4635
S21401352055F83C40C4F31307013401D0B94222D008
S2140135300CF1010CB4450EF1080EF1D100273C4602
S21401354003E0B44207F108071DD055F834300134C2
S2140135500133F6D16FEA01316FEA1131E9510168A1
S214013560CB59C3F3130343EA0853CB5103683B44D7
S2140135705A60BDE8F08141EA0851CEF800100368B0
S21401358003EBCC03F4E7B8F1030F03D10123037275
S214013590BDE8F08100231C4603E0B44203F10803B2
S2140135A0F4D055F834700134C7F3075CBCF1030F4F
S2140135B0F3D16FF313073943E9500468E158C1F3B7
S2140135C0130141EA0851E15001680B44D0E708B500
S2140135D008301346D1E90012FFF798FF012008BD15
S2140135E041F67132034B0020DA63012203F50053E2
S2140135F0DA6070470000035041F671320121044B36
S214013600DA6303F50052D1600022DA63704700BF27
S21401361000000350704737B5054601F10C044369B5
S21401362001A9012220469847BDF8043001220093E3
S21401363069462046AB69984703B030BD202A0B681F
S2140136401EBF4FF0FF3191408B43590801F05531B1
S2140136505B1A03F033319B0803F033330B440178D4
S21401366003EB13130A444FF0013103F00F334B43BE
S214013670A2EB13620270704737B5044600251B2281
S214013680011D0DF107008DF80750FFF7D7FF63689E
S2140136909DF80720B2EBD36F03D123F0784003B037
S2140136A030BD1B2204F108018DF80750FFF7C6FF55
S2140136B0A0689DF80730B3EBD06F0ABFC0434FF048
S2140136C0FF3020F07840EAE72DE9F04306469946B8
S2140136D089B0036908460F46904698470446002875
S2140136E067D1D9F804305B0A012B22464FEA53030F
S2140136F004F10104F8D899F8035099F802302D0323
S214013700DB0203F4006305F480551D43B9F800306D
S2140137104FF00009C3F30A0352032B4492B29D18DB
S214013720294B0DF107001B2228F0784402A90393C8
S21401373002948DF80790FFF781FF9DF807306FEA36
S214013740054544EAC36404946FEA08041B2224F086
S214013750784402A902948DF80790FFF76FFF9DF851
S21401376007306FEA154544EAC3644FF0FF33012280
S2140137700594069307A9B369079507F110009847C2
S21401378001220446B36905A907F1080098470122FA
S214013790484518BF0446B36904A9381D9847012255
S2140137A0484518BF0446B369384603A9984728B167
S2140137B0044639463046FFF72EFF01E0002CF8D1CB
S2140137C0204609B0BDE8F08301009AB238B5134B24
S2140137D00546D3F820010C4600F00700042816D849
S2140137E0DFE800F003090D111800012305B1286078
S2140137F004B1236038BD0A4B18680423F6E7084B6A
S21401380058680323F2E712F0DDF80523EEE70023FC
S2140138101846EBE702230348E8E700BF00800050A4
S214013820A03F0020002D310141F67133012270B511
S214013830194D0446EE69EB63184B0021DA6002234A
S214013840686121202B6106F4803612F0A5FD10B9BF
S214013850212012F0A1FD0122114BDA600EB10023E6
S214013860EB63431C14D0A8B90E4B9A6801230A32A5
S21401387002F01F02934023F0030323449C4201D12C
S214013880002070BD54F8042B0132F7D03E20F8E733
S2140138906E20F6E77120F4E7000003500010035095
S2140138A0002003500080E00F00F01F03A0F5062063
S2140138B0A0F55060812810B51ED80121104A400994
S2140138C002EB80049940D4F800310B43C4F8003170
S2140138D0D2E945310B44D2F81C110B44D2F8201121
S2140138E00B44D2F824115B1805D1C2E94033C2E972
S2140138F04233C2F8103110BD4FF0FF30FBE700BF76
S21401390018300020BFF34F8F0549064BCA6802F4F2
S214013910E0621343CB60BFF34F8F00BFFDE700BFEC
S21401392000ED00E00400FA0510B5044644EA010380
S21401393013F00303084609D1934201D1002010BDBC
S21401394054F8231040F823100133F5E7214692007E
S21401395010F00AFCF2E738B5202204460D460C307A
S214013960002110F09DFA4FF0FF33C4E90035A36043
S21401397038BD2DE9F74F324D4FEA820BEA698A4688
S21401398002F4803341F6713201210093EA632D4A35
S2140139908146D16007465246D846B8F1000F01D19C
S2140139A040462BE007F500546FF30C046F61E41BEF
S2140139B0E969444528BF444649073AD4164656F8AD
S2140139C0041B2244A96196420FD104220021212022
S2140139D02A6112F0E1FC88B9212012F0DDFC68B9F9
S2140139E032462744A8EB0408D7E708210846019287
S2140139F012F0D2FC019AC0B104232B610122124BB2
S214013A00DA60009B13B100220D4BDA63431C13D01E
S214013A10A0B95A465146484611F0EBFB002814BFA0
S214013A203D20002003B0BDE8F08F56F8041BA961C5
S214013A30C9E74FF0FF30E1E76E20F3E77120F1E7C9
S214013A4000000350001003500020035013B500245B
S214013A5001AA019407F022FE00B10194019802B078
S214013A6010BD70B50F4A536D116D0B400E49002BFA
S214013A700B659DB202DB01263DB970BDD068BDE87D
S214013A807040C0F3042012F083BAB5FA85F4C4F18D
S214013A901F04E4B2204606FA04F412F079FA25EA85
S214013AA00405E9E7000004500020045030B4044641
S214013AB0EFF3108072B6256885EA02030B406B406F
S214013AC0236030BC12F04ABBBFF34F8F0549064B4B
S214013AD0CA6802F4E0621343CB60BFF34F8F00BFA6
S214013AE0FDE700BF00ED00E00400FA0503460068AC
S214013AF018B102681A60002303607047036803B9AF
S214013B0070478B4204D10B68036000230B6070473B
S214013B101846F3E74FF0FF307047FEE70020704786
S214013B2001207047012070474FF0FF30704700209A
S214013B30704700207047002070470348034BC01AA7
S214013B40801004F0E5B800BFA0410000404100002D
S214013B5008B5254B83F30A886FF00101234B244AED
S214013B609A60D3F8882042F47002C3F88820214A6C
S214013B70116641F2FF7151660221C3F8D010BFF3FE
S214013B804F8FBFF36F8F08204FF440331A49C1F8A7
S214013B908001D3600860A2F500521361FFF7CDFFE4
S214013BA0164B17498B4212D30020164B16498B42EF
S214013BB018D3F2F749FB186850F82240586840F8C5
S214013BC02240013298688242F5D30C33EAE700229C
S214013BD0F8E71C6844F8220001325C68A242F8D378
S214013BE00833E4E70022F8E70800002000ED00E0D3
S214013BF00040000000A0004400E100E080AA0200AE
S214013C008CAA02008CAA02008CAA020070B10122C2
S214013C10417803788A4030214B4341F2100103F189
S214013C20A04303F5703300205A5070472220704796
S214013C3070B10122417803788A4030214B4342F229
S214013C40100103F1A04303F5703300205A5070476A
S214013C502220704738B505460C46FFF755FB6B6CBE
S214013C60A3F11402B3F5805F02FB00F005D140F624
S214013C70E8736969994288BFCC30E31DB3FBF2F360
S214013C80013304EBC304204438BD38B50546446906
S214013C902146FFF7DFFF6A6CE31D143AB3FBF2F32C
S214013CA0AA69144404EBC3040C34204438BD03460B
S214013CB00846EFF3108172B6024ADB6BC2F82C118C
S214013CC0DB681847183000202DE9F04106464068A9
S214013CD082B0B8B10F4690460024336853F834508A
S214013CE003EBC403C5F30752C5F31301013506D030
S214013CF05B683046CDF80080B84718B1706801346B
S214013D008442EAD302B0BDE8F081036813F07E0F67
S214013D1003D1406820F07C40704713F078001CBF48
S214013D2003F07F03D81F70474BF29A2210B5036841
S214013D300446B2EB134F13D19BB2012B15D1FFF7FB
S214013D409BFC013011D04FF6FF72E068B2EB104FCA
S214013D504FEA10430BD180B2C01A18BF012010BD24
S214013D6001330CBF03200420F9E70420F7E7022003
S214013D70F5E7F0B50546002687B0EC69013CB4428C
S214013D8003D80C46204607B0F0BD01B14C1E6F6C3F
S214013D902868EB6B05225B6901A907FB04009847BD
S214013DA001A8FFF7C1FF0128ECD921460136E4E757
S214013DB0F0B503680646CC1A436C0025B4FBF3F451
S214013DC087B0F36937685A1E9542706C06D3736CD8
S214013DD0306803FB0400143007B0F0BD0134B4FBB7
S214013DE0F3F203FB1244F36B05225B6901A900FBA6
S214013DF00470984701A8FFF797FF0128E7D9013516
S214013E00DFE710B423F0030422449B070A44436C03
S214013E1018BF04325B4281EA0204234202D05DF8F5
S214013E20044BC5E710465DF8044B70472DE9F04F8B
S214013E30144605468B469946C36B89B001225B69D9
S214013E4005A960689847EB6B01225B69584604A98F
S214013E509847059B581C07D10022A360A27562757E
S214013E60002009B0BDE8F08F01220021A275227E54
S214013E70049804EBC202C2F81CB011846168C0F356
S214013E80D31C594500F07F020BD14FF0FF33C4F825
S214013E9000C02275A360043A022A24D80023A37521
S214013EA0DEE72168277D00F07E06614508BF974260
S214013EB003F07E03B3FA83FC3246B6FA86F60CBFED
S214013EC0012100214FEA5C1C7609B44514BF00218C
S214013ED001F00101A175002A00F0E8800BB900236A
S214013EE0A3753A46D7E710F07E0F0FD1EB6B02228F
S214013EF058465B6906A9984706A8FFF706FF237D83
S214013F00032B43D8DFE803F0130D044B04A8F4E7B2
S214013F10CC22237E04EBC3031A840123654AD35CB7
S214013F200AE0237E04EBC30318840023F6E7237E0E
S214013F3004EBC30318840123129A1370049B227E98
S214013F4013F07E0A18BF00264FEAD36704EBC202BD
S214013F5008BF07F00306B2F8208082F82260BAF1A3
S214013F60000F1ED000231B2204A906A88DF81830C6
S214013F70FFF764FB04229DF81830D91B4B424B41D6
S214013F8063755BBB0023A375002754E0227E013BCB
S214013F90DBB204EBC202052B1084CCD8BEE70223A9
S214013FA0BCE7EA6B06A9576958460222B8472022A1
S214013FB006A90DF10F008DF80FA0FFF73FFB1A229F
S214013FC007A9FFF73BFB9DF80F30079AB3EB926FFB
S214013FD00CBF0123002308226375D2E7A77D002FBB
S214013FE0D2D0B8F1000F09D1E6B10123E375637EA3
S214013FF0002B50D1012E43D1667615E06B6C0BEB8E
S21401400002005B428BEA00010B421CBF0023A37532
S2140140106B6C591E01405B1A9845B3D8A37D002BE3
S214014020E2D1B1E7E37D33B9002743465946284636
S214014030FFF7E7FEA060A07D10B12369434423612A
S214014040237E012B3FF62AAF01332376B9F1000F09
S2140140503FF407AF00283FF403AFE37D002B3FF4A6
S21401406000AFFFB9032E1FD0A1684A1C1CD0129BBB
S2140140702246009328460123FFF7D8FEA075F0E6F6
S21401408095F8343063B9EB6A0133CED1032ECCD127
S2140140900123A376C8E7012ECDD0032EC4D1F7E7BE
S2140140A01F46C2E73846DCE61846DAE6002B3FF440
S2140140B018AF14E7786D020013B50C46002121767F
S2140140C00093616813462246FFF7B0FE18B1E37D00
S2140140D003B1A07EA075A07D02B010BD2DE9F3410D
S2140140E0044616461F461B4B0D46816AA3F5987873
S2140140F0E36A8B4201D04B1C02D102B0BDE8F081CD
S2140141001448FFF728FC0122204612490DF1070347
S214014110FFF7D2FF38B13B4620469DF807200D49F0
S214014120B0470028E9D0D8F838114A1C05D1D8F88C
S21401413034112046FFF73CFE0146012DD8D1D8F8B0
S214014140343181EA0302636C5B421A4218BF4FF0B6
S214014150FF31CDE7483100202DE9F0410F461646E4
S2140141609846044688B060B390F83450FDB10121FA
S214014170FFF79DFD00210E9BCDE90511CDE9023724
S2140141809DF83C30CDF804808DF81C30237C0496D5
S2140141908BB90D4901AA04F10800FFF795FDDDE989
S2140141A00553E06B002E08BF1D4605F042F8284671
S2140141B008B0BDE8F0812046044A01ABFFF78EFF48
S2140141C0EDE70546F3E700BFFF33010011440100A8
S2140141D02DE9F041D0E90A369E42044686B028D140
S2140141E01422C369456802FB1355284606B0BDE88C
S2140141F0F0812068676C331AB3FBF7F3E26B07FBB9
S2140142000300D2F8148001A90522C04701A8FFF7D0
S2140142108BFD012804D0636C1D44013B3340ED1A2D
S21401422031462046FFF7C4FD0646A36AB342E0D1F5
S214014230DBE70025F9E72DE9F04F0F469A46002304
S21401424089B004464FF0FF31104690468DF80B308A
S214014250FFF781FBB7F5801F20D2394603AA04F188
S2140142600800FFF722F9451C014605D1237CBBB99E
S2140142702D2009B0BDE8F08F4046FFF76CFB012208
S214014280414620460DF10B03FFF716FF0028EDD03F
S2140142909DF80B308AF800300020EAE7B81CE5D11B
S2140142A0E66A711C2CD12046616AFFF762FD06465C
S2140142B0BB1C18BF0123DFF8C4B00093636A626CAD
S2140142C00193236803A902FB0639E36B48460522DE
S2140142D05B6909F114099847002549464B1C05D02E
S2140142E0636C81EA09025B4213420FD031462046D5
S2140142F0FFF73FFD019BB3422FD085BB0646DDE7A6
S2140143002368F61A636CB6FBF3F6D1E71A48FFF793
S21401431022FB2046009A18490DF10B03FFF7CCFE4D
S2140143208446B8B1BA1C03D0DBF85C31BB4211D16C
S21401433045469DF80B30DFF840E08AF80030BEE8CD
S2140143400F000FC5BEE80F000FC59EE8070085E801
S21401435007006546DBF86411C0E7002D88D0B7F585
S214014360801F99D239469AF80030D8F8042004F113
S2140143700800FFF7CBF88FE77431002018300020D3
S2140143802DE9F04385B00E4617461C460546DDF876
S2140143903080A8B390F83430A3B3B1F5801F33D280
S2140143A0DFF868900121FFF782FC314628460DF1BF
S2140143B00F0309F5C472FFF73EFFE8B99DF80F3009
S2140143C0012B14D1D9F8982104EB08039A4215D38E
S2140143D02246009043463946284604F055FA0446DC
S2140143E0E86B04F026FF204605B0BDE8F083022BFB
S2140143F00CBF60242D24F3E72D24F1E76324EFE7B7
S2140144002124F0E71124EEE72924ECE718300020F8
S21401441073B50D46D11E4A421C461B7E4A419A423E
S21401442029D129682368994225D36368994222D8FD
S214014430124E0DF1070306F5DA72FFF7FCFED0B94E
S214014440D6F8B8216B689A4215D19DF80730DA1E66
S21401445053425341227E93420DD163690133636116
S214014460D4E90323934206D22968A26842F82310AE
S214014470236901332361012002B070BD183000208A
S21401448070B50025044686B00562E369AB4202D8E2
S214014490206A06B070BD666C2068E36B05225B6916
S2140144A006FB050001A9984701A8FFF73DFC012876
S2140144B098BF236A05F101059CBF01332362E4E737
S2140144C038B50446456C006804F1400305FB01015C
S2140144D0E06BFFF7F9F805462046FFF7D1FF2846BF
S2140144E038BD2DE9F04100254FF0FF384FF6FF7338
S2140144F0044647462E4686B0C0E90853E369B342F0
S2140145000DD8A5EB0805012D06D94FF6FF7300253A
S2140145106362E369AB4223D806B0BDE8F081E26B83
S2140145202368606CD2F814C000FB0630052201A98E
S214014530E04701A8FFF7F8FB01280FD801A8FFF70D
S2140145409BF8874288BF6662804528BF80468542C1
S21401455038BF05460746236A013323620136CDE795
S214014560666C2068E36B06FB050005225B6901A902
S21401457098470135CDE72DE9F04F95B00D460A92E3
S2140145800A69416C06931439D31DB3FBF1F3013369
S21401459002EBC302036B04469342C0F00C83002374
S2140145A008939B4BA3F5AE79E36A994819460493A1
S2140145B0FFF7D1F9D5E903370293069B022B40F0AA
S2140145C0C280CC2F40F06A820A9B002B00F0B58097
S2140145D000266868E36B0F9601225B690FA9083015
S2140145E09847B04694F84230012B40F0E682632E9D
S2140145F007D90F9B666C10930A9B002B40F0AA808C
S2140146009EE0612E08D812AB324629462046FEF7B8
S214014610ABFE9DF8483013B312AB3246294620460E
S2140146208DF84480FEF7A0FE94F84230DDF848A0ED
S214014630012B71D14FF6FF739A4549D0082212A972
S21401464011A8FEF7FBFF9DF84420CAF307239A4200
S2140146503ED15FFA8AFA0F9B53440F9338E094F8E1
S2140146604230012B36D1612E2BD8324629462046C0
S21401467010ABFEF779FE2946204611AB721CFEF7F9
S21401468073FE2946204612ABB21CFEF76DFE0823C8
S214014690102211A90DF13B008DF83B30FEF7CEFF3D
S2140146A0102212A9FEF7CAFF109BDAB24AB99DF88A
S2140146B03B20B2EB132F04D1DDE9113203EB0243A9
S2140146C00F9394F84230012B14BF012302231E449A
S2140146D0013687E7302EF4D832462946204610ABFD
S2140146E0FEF742FE2946204611AB721CFEF73CFE41
S2140146F01023202211A90DF13B008DF83B30FEF767
S2140147009DFF109B9AB2002ADBD19DF83B20B2EBAD
S214014710134FD6D1119BD3E7BAF1FF3FD8D0102261
S21401472012A911A8FEF78AFF9DF84420CAF3074391
S2140147309A42CDD11FFA8AFA8DE7029B1B68109325
S2140147400823099315E0782F666C3FF655AF0A9B50
S214014750002B3AD0E36B01225B69686812A998477F
S214014760129B13F07E0F14BF04230823782F09939E
S21401477031D9012200230592082200922A68C9F83D
S2140147806C71C9F85C21069A032A3FD0022A059A61
S21401479037D1C2F10202D2B289F870210022CDE9E6
S2140147A00B22DDF810A003920792606C411E0AEA04
S2140147B00101421A002F2DD0009E33449A422CD874
S2140147C0236B1B1A0B44236341E1EB7D002B14BFC3
S2140147D0082304230993049A731E1340F31A3A1DFF
S2140147E0934207D257B1082BC3D80022042305925F
S2140147F00093C3E7002304220593BEE7042305972D
S214014800F6E7002A0CBF07220022C5E7069AC3E78F
S21401481074310020009B9A42D2D3009BB846D21A2C
S214014820974228BF904653449742019348D90123A3
S214014830D9F86C2189F87331974246D1C9F860A13D
S214014840039399F87331002B41D099F87421039999
S214014850D31C09EBC3030132C3F860A1A3F864813A
S21401486083F8661189F87421B8F1000F14D0069BFD
S214014870022B2FD10C9B7BB90B9B4344032B0BD9EB
S214014880E36B01229B69019810A998470646002808
S21401489040F00E8101230C9399F870312E68824AFC
S2140148A0012B02EAC61628F07C4B40F28D809A1E38
S2140148B0012A03D908F1070303F07F031E4389E0A9
S2140148C0039B002B18BF0323BAE70223B8E7C9F8F6
S2140148D060A1C9E70A9B002B31D1029BB8F1030FF7
S2140148E003EB080B28D9DDE90101E36B4FEA9802D7
S2140148F09B6998470646002840F0CA8018F00302D4
S2140149005FD0029B28F0030633440293019B1E44AA
S2140149104FF0FF33029911A811930FF025FCE36BBA
S214014920304601229B6911A998470646CDF808B082
S214014930002EB1D0019B6FE04246019EE8E705F1EB
S2140149402003DDF804B00D93EB7D68689BB100236E
S2140149502E7E079AD9B28E4211D90D9903F1010C18
S21401496031F83310914226D9099905EBC303D8696A
S2140149700A44104403E0079B099A13441844E36B66
S21401498001225B6911A99847119B01220F93079B8E
S214014990584604330793E36B0FA99B699847019B1D
S2140149A006464344A3EB0B03042B07D9002872D118
S2140149B00BF1040BC8E76346521ACBE7CDF804B0F7
S2140149C0B6E7CDF808B067E7039A43EAC263334314
S2140149D043F060464FF000038DF84430059BCDE967
S2140149E0126B002B49D0202212A911A8FEF726FE31
S2140149F01A2213A9FEF722FE9DF844304BEA836380
S214014A001393E36B009A9B695046920812A9984744
S214014A10061E089B18BF5346009A08935146434604
S214014A202046FFF7EEF9236B009AC9F864019B1A3A
S214014A3008F1030222F003029B1A2363002E37D1EA
S214014A400B9BDDF804A04344A7EB08070B935146E4
S214014A502046FFF7ADF900238246002F7FF4A5AE6E
S214014A60124A04F10800D2F86431D2F86021E362F8
S214014A702968069BFEF74AFD12E01B2212A911A81F
S214014A80FEF7DCFD9DF8443046EAC3661296B8E7A9
S214014A90CDF808B04EE7CDF804B04BE770263746A0
S214014AA0384615B0BDE8F08F80FFFF0718300020AC
S214014AB03D2EF4D104F108030093049B2768E16AB4
S214014AC02046A3EB070BD4F844A0FFF771F9A36ABD
S214014AD0BBFBFAFB8342D4F830C0616C5DD0D9F8D9
S214014AE0642101F1FF3E02EA0E0EACEB010C0EEB67
S214014AF00C02089B22632268E0629A1AB2FBF1F864
S214014B00C3453ED10AFB0877049B07F1140BB3EBB0
S214014B100B0711D0E36BBA0859469B699847824642
S214014B20E26A049B3A44E262226B0098D21A5A4423
S214014B302263FEF780FC57462368616CE06B01FB3D
S214014B400831FEF768FD2046FFF79AFC2046FFF77E
S214014B50C8FC626A616C2368204601FB0233143389
S214014B60A362FFF735FB20636FB12A69616CD31D21
S214014B701439B3FBF1F3013302EBC30290429CD22A
S214014B808DE70027D8E704F10800FEF754FC3B4602
S214014B9039462046104AFFF7A1FA2A69616CD31DEF
S214014BA01439B3FBF1F3013302EBC302236B9342D7
S214014BB0BFF4FAAC73E71C2772E7312E3FF619AD46
S214014BC03FF42AAD12AB324629462046FEF7CCFB0F
S214014BD0BDF848301FE500BFCF350100F7B5032A01
S214014BE01646089C05D1237A012B26D0012003B056
S214014BF0F0BD2568274F28460DF1070307F5DA7241
S214014C00FFF719FB60600028EDD1D4F800E0D7F873
S214014C10B801DEF82810DEF844C04840CCF10003A5
S214014C201840E0D1237A012B09D1E268D7F8C431C4
S214014C3013446A69934202D92074207CD7E7DEF8D0
S214014C400020DEF82C30891A9B1AB3FBFCF3B1FB6B
S214014C50FCF18B420DD1696CEB6A4A1E13402A6B3C
S214014C60521A13442B6325682846A96AFFF7A0F851
S214014C70E862D7F8C421E36808321344E3600122EE
S214014C80334605492068FFF776FC60600028AAD005
S214014C900020ACE718300020CC310020032A2DE993
S214014CA0F34106460D4617461C4606D1237A012BCC
S214014CB024D0012002B0BDE8F081DFF860800968E9
S214014CC00DF1070308F5DA72FFF7B5FA6060002800
S214014CD0ECD19DF80730032BE8D0D8F8B8216B68E3
S214014CE09A42E3D1237A2969012BD4F80CC007D163
S214014CF072690CEB0103934202D92074207CD9E738
S214014D0008316144E1603B46012229463046FFF7FF
S214014D1032FC60600028C9D00020CBE718300020A4
S214014D202DE9F34104461F46164688462C4D4FF0A2
S214014D30FF3105F5DA70FEF70EFE9DF820300022F1
S214014D40204605F5DA71C5E97067C5F8B481FFF745
S214014D5012FC236E0746002B3DD020466169FEF704
S214014D6079FF626E236B024493422CBF002201221C
S214014D70984228BF0023257C38BF1B1A002684F8DA
S214014D805020636584F85850D5B1DFF85880334613
S214014D903246314620460196CDF80080FFF7DCF911
S214014DA001230546CDE90083324633463146204687
S214014DB0FFF7D2F9E36805449D4294BF3546ED1AE4
S214014DC094F85030E56513B994F858301BB1236E4A
S214014DD004F150009847384602B0BDE8F08100BFA4
S214014DE018300020FFFF0F007FB50C46054648B37C
S214014DF090F8343043B3B1F5801F27D20221FEF775
S214014E0056FF21462846124A0DF10F03FFF713FA03
S214014E100646A8B99DF80F30032B11D0284603F09B
S214014E204CFE032321460093324633462846FFF7BD
S214014E3077FF0446E86B04F0FCF9204604B070BD29
S214014E402D24F7E72124F8E71124F6E72924F4E7CF
S214014E50A03100202DE9FF410F4690461E4605462B
S214014E60002847D090F83430002B45D0B1F5801F8C
S214014E7044D2234C0221FEF71AFF04F5C4723946C8
S214014E8028460DF10F03FFF7D6F9024620B16B69EC
S214014E909E4219D9622410E09DF80F30012BF6D1FD
S214014EA0D4F898118E42F2D10093414633462846F3
S214014EB003F0EAFC04460028E9D1E86B04F0B9F9EE
S214014EC0204604B0BDE8F081284603F0F6FD3146E1
S214014ED02846FEF7BFFE2C6B844209D301234246C7
S214014EE00093394633462846FFF71AFF0446E4E79F
S214014EF01C24E2E72124E3E71124E1E72924DFE784
S214014F0018300020F0B504460D46466CE36B006889
S214014F1087B005225B6901A906FB0500984701A831
S214014F20FEF702FF012804D801A8FEF7A5FB07B08B
S214014F30F0BD29462046FEF71CFF0646676C206832
S214014F40E36B05225B6901A907FB0600984701A8E8
S214014F50FEF792FB431CEAD0B54238BF0130E6E7C4
S214014F602DE9F04F4FF0FF334FF6FF720025044650
S214014F7000F108088BB0C0E90923C3620562056326
S214014F8040468B46FEF757FA2046FFF779FA002887
S214014F9042D14FF6FF79676A00264F4514BF3D465A
S214014FA00025E3699E4239D32046FFF769FA38BBEC
S214014FB05E202EE02368E26B606C576900FB0530CB
S214014FC0052205A9B84705A8FEF7AEFE26FA00F3A6
S214014FD0DB0707460BD529462046FFF793FF024617
S214014FE0012F2946204608BF0132FFF769FA01352D
S214014FF0E3699D42DED32046FFF742FA0028C8D077
S2140150002046FFF76EFA4FF6FF72636A93422FD17E
S21401501067200BB0BDE8F08F1A26E9E7E26B23683C
S214015020606CD2F814C000FB0530052205A9E047E4
S21401503005A8FEF779FE022807D04F450DD10BF1E2
S214015040010229462046FFF73BFAE3690135B5FB25
S214015050F3F2013603FB1255A3E729462046FFF774
S21401506051FFB0F1FF3F14BF02465A460132E8E74E
S214015070E26B666C206855696946052206FB0300EB
S214015080A847626A616C23684A4D01FB02331433F8
S214015090A3624FF0FF336FF00101E362204605ABD8
S2140150A005F5DA72FFF7C7F8002849D1D5F8BC51E3
S2140150B029462046E562FEF73EF9206320B92046E0
S2140150C0E16AFEF775FEE06229462046FEF770FEAD
S2140150D00546A36A9D4235D12046FEF715F90026FE
S2140150E007463546E3699D423ED3B74257D9204627
S2140150F0616AFEF73EFE4FF00008054604F1400ADD
S214015100464512D8626C2368694602FB0539E36B93
S21401511005225B69484698476846FEF7ADFA53464E
S21401512002464946E06BFEF7CFFA29462046FEF7CF
S21401513020FE08F1010847450546E1D1642068E7ED
S214015140A56AB5E729462046FEF7F5F8236B2946FA
S2140151500344064623632046FEF72AFE0546002E34
S214015160B7D1C4E90B06B4E7626C236805A902FB54
S2140151700539E36B05225B694846984705A8FEF7A3
S214015180D3FD012809D8204609F11401FEF7D3F80A
S214015190636C143B984208BF01360135A2E74046CE
S2140151A0FEF749F9002320461946034AFEF796FF03
S2140151B000202EE718300020CF350100034B5A6837
S2140151C012B19A6A002AFAD1704700BF0040065011
S2140151D0002307B50093252853D8DFE800F0135BBA
S2140151E0172229344E6A767A8996ABB9525B5652A3
S2140151F052765B222922345B6A22B94E4E4E4E22EB
S21401520022227A8910F042FC00903AE010F03EFC2F
S214015210534BD3F89030C3F304630133B0FBF3F080
S214015220F2E710F051FC4E4B1B6FC3F38023F4E7FB
S21401523010F04AFC4A4B1B6FC3F380230133B0FBCB
S214015240F3F04008E0E70193454BD3F8803103F0D3
S2140152500303022B0AD0032B0CD0012B03D1002110
S21401526001A8FEF7B3FA019B00930AE010F0AAFB2F
S2140152700190F8E73B4B0193F5E700216846FEF7FE
S214015280A5FA009803B05DF804FB4FF0E0231B6914
S2140152905A0702D510F018FCB6E7314BD3F8400197
S2140152A000F0030003282DD0003818BF0120C003EA
S2140152B0AAE72B4BD3F8403103F00303032B4BD063
S2140152C0003B18BF0123DB03CEE7254BD3F8603143
S2140152D0F2E7234BD3F8003203F00700032811D07E
S2140152E05B0709D4013801288CBF00200120DEE7C6
S2140152F01B4BD3F80832EFE7042824D110F0E4FB67
S214015300800A81E74FF47A707EE7154BD3F80031B7
S21401531003F00303022B06D0032B07D0012B07D182
S214015320114B5B68A0E74FF400439DE70F4B9BE7EB
S214015330002399E70A4BD3F8803003F00303022BCE
S214015340A8D0032B01D000205EE710F03BFB5BE703
S214015350034BD3F84032AFE74FF47A7384E700BFCC
S21401536000800050002D3101A03F002080D543026F
S21401537038B5174CFF28A26A28D8A36D13F4803FCE
S21401538018BF0121134B18BF996202219962A56DBE
S21401539015F08045FBD11049A36991F9E0116FF32F
S2140153A01723014481F3080143EA002343EA01433A
S2140153B0A36102210948FEF779FBA36DDB0303D540
S2140153C001210648FEF772FB284638BD2125FBE77A
S2140153D000C0005000D000501830002028C00050F7
S2140153E038B50F4CA26AA36D13F4803F18BF012194
S2140153F00C4B18BF996202219962A36D5900FCD427
S21401540002210948A569FEF751FBA36DC5F30725DF
S214015410DB0303D501210448FEF748FB284638BDC7
S21401542000C0005000D0005028C00050014B83F847
S214015430E001704718300020014B93F9E0017047F6
S21401544018300020012313481349826A8B62836D4A
S21401545003F00303032BFAD102238B620D498B6DF4
S2140154605800FCD40D488B6D30EA0303FBD10121B3
S214015470094B1965A3F58053996D8907FCD4996D7D
S2140154808807FCD5996D8907FCD503210448FEF7EA
S2140154900DBB00BF00C0005000D00050030001004B
S2140154A028C00050114321F0F8014904034B490C70
S2140154B041F44021063043F8201070470080035025
S2140154C0021E30B54FF0000014BF04250C2547F628
S2140154D00774084952B9831D51F82330234023B17C
S2140154E001308542F6D14FF0FF3030BD00F1120396
S2140154F0F2E700BF008003503AB122F0030202F146
S214015500A04202F5603209B9106070470002FBE75D
S214015510044B9868421C02BF034AD2F89400986074
S214015520704700BFA03F0020004000504FF0B0433E
S2140155305A6812B19A6A002AFAD17047054B5B691C
S214015540C3F38512827003F03F021B0B4270037097
S214015550704700BF00C0075007B5014601A8FFF716
S214015560EDFF9DF8063001220B804FF4807300207A
S2140155704B80054B9B680A3303F01F0302FA03F3C3
S2140155804B6003B05DF804FB0080E00FF8B5224BDA
S2140155900446D3F810334B1E0E2B0D4616462AD959
S2140155A071B30022012130276378207899401A4B85
S2140155B007FB00330EB341F2100019503021637817
S2140155C02778072B01FB07F71CD80F219B001348F0
S2140155D09A4099403844FEF769FA5DB901223020B5
S2140155E0637821789A400C4B00FB01338EB141F26F
S2140155F010015A50F8BD0A46D4E742F21000DCE723
S2140156000A46DBE70F21083B9B0005489A40994074
S214015610E0E742F21001ECE700C0035004C003507B
S2140156200CC0035010B560B1EFF31184302383F33F
S2140156301188FFF7ABFF84F31188BFF36F8F00204B
S21401564010BD2220FCE7F0B501258D40EFF3118651
S2140156504FF0300C8CF31188174C176823F00303B6
S21401566044F821700CFB0101547B0C66D47A977ABE
S214015670240544EA0744177B44EA4754CC650B6784
S2140156801179937943EA014300F500518B6153790F
S214015690D17941EA034100F580539961117A01B14C
S2140156A01D64527A02B19D6300F50050456386F38E
S2140156B01188BFF36F8FF0BD00400450012303FA39
S2140156C001F1BFF35F8F00F5005300F58050596379
S2140156D08164704738B50A460C46002105460EF02F
S2140156E0DFFB38BD01B1F5E7704710B508B92120D9
S2140156F010BD0029FBD0036813F0704209D1C3F333
S2140157000E030B601BB94368002BF0D00B60002022
S214015710EEE703F05044B4F1004F05D0B2F1304F3C
S21401572002D0B2F1404FE2D1DBB2EAE773B50D46E3
S2140157300646F0B1E9B1002301A90193FFF7D5FFB1
S214015740B8B93468019A14F0704402F1030222F0E9
S214015750030202D12A6002B070BDB168B4F1204FD5
S214015760C1F38033C1F340310BD004D8B4F1004FFC
S21401577009D02120EFE7B4F1304F02D0B4F1404F09
S214015780F7D10B4401E003EB410353432B60E2E7FF
S2140157902DE9F7430D4690461F460646E8B1E1B1AE
S2140157A00468D1F800904C451BD004F03043B3F1A7
S2140157B0004F12D184EA0903B3F1805F3CD2002383
S2140157C001A90193FFF791FF38B9019AC2F30E02BE
S2140157D0144349EA02039C422ED0212003B0BDE8BF
S2140157E0F08314F0704427D4B4F1805F29D00023ED
S2140157F0304601A90193FFF778FF0028EDD100900C
S21401580069462846FFF771FF0028E6D1DDE9003238
S2140158109A42E3D0E1E70023B8F1000F06D043F443
S2140158208053B268A9684A401A42D6D1002FDED00A
S214015830AB689B04DBD4D0E7002FECD14FF4C04318
S214015840EAE7002BF4D1B8F1000FD0D04FF4C043F3
S214015850E7E737B50C46054650B149B100230B6062
S214015860036803F070430B60C2683AB1032A02D0A2
S214015870212003B030BD43F080630B60AB689A0112
S2140158803ED403F08073EA680AB9002BF0D122688F
S21401589022F0407213432360EA68032A05D12A697D
S2140158A0F62AE5D962F317432360AB681B0442BFAF
S2140158B0236843F400432360EB68032B1FBF236870
S2140158C02A6862F30E0323602A68AB6802F070420E
S2140158D0B2F1805F1CD213F4D84FC9D100232846F9
S2140158E001A90193FFF701FF0028C1D12B6813F02E
S2140158F0704231D12368019A62F30E032360B8E740
S21401590003F04073B3F1407F18BF4FF00073BAE75E
S214015910580403F4005118D40029A9D0226842F48F
S214015920005222601A0542BF226842F400622260D9
S2140159302A6802F07042B2F1404FCFD05B0542BFF9
S214015940236843F480632360C8E7226842F48042F8
S21401595022600029E6D0E1E703F05043B3F1004F9F
S21401596005D0B2F1304F02D0B2F1404F80D1019B49
S214015970013B23707DE737B50C46054608B9212063
S21401598019E00029FBD001234B60C368ABB901A91C
S2140159900193FFF7CBFE0028F1D1019B6A699A4279
S2140159A008D32A69002AEAD0226043F00053002077
S2140159B0A36000E01D2003B030BD032BDFD1002320
S2140159C0F5E7436882B013B9416002B07047436897
S2140159D00193019B5B68012B019B01D15960F4E7A0
S2140159E05B68F5E7F0B5174602780446022A0E46CC
S2140159F093B03FD0032A41D0012A43D11425224A2D
S214015A000C3432600022990172603046B260326214
S214015A1010F0EFFB4FF0010C41F00051099709AB74
S214015A20CDF828C006AF0B9145F0005593E8070066
S214015A3003AB87E807000C940CAACDF834C00E958A
S214015A4007CA83E807000F9412AACDF840C0119543
S214015A5012E907008DE8070019463046FFF7B1FF47
S214015A603946FFF7AEFF694610F01BFC10F0EAFB63
S214015A7013B0F0BD2025054A0C34C2E72025044AA0
S214015A800C34BEE72120F3E7000201030003010303
S214015A90000401032DE9F047884616461C460546D4
S214015AA000283FD000293DD00378013B022B39D88E
S214015AB0436800F12C0903F03F07E318436022BF57
S214015AC08368013383607FB3C7F1400A544522D30C
S214015AD05246314609EB07000EF046FB01234A46C3
S214015AE041462846FFF77EFF90B9403C3C443F2C98
S214015AF056440BD9324641462846A309FFF772FFA2
S214015B0030B924F03F031E4404F03F0414B90020CA
S214015B10BDE8F08700272246314609EB07000EF064
S214015B2023FBF4E72120F3E73F2CE3D8F3E72DE945
S214015B30F0430E4617461D46044693B018B9212079
S214015B4013B0BDE8F0830029F9D0002AF7D0002B66
S214015B50F5D0002339461A463046FFF719FE0028CD
S214015B60EDD169463846FFF7C0FD0028E7D1306819
S214015B703249009A88426B695CD19342DFD32B6825
S214015B80002BDCD14FF06062636030462260A36078
S214015B90236201A9FFF75DFE0028D0D101992046B6
S214015BA021F4F061019110F024FB284602A9FFF7C9
S214015BB050FE0028C3D14FF001094FF0005820468F
S214015BC0029910F016FB09A9CDF82890CDF82C8083
S214015BD0FFF7F7FE304606A9FFF7CDFE0028AFD146
S214015BE0204606A9FFF7EDFEEB6833B10CA9CDF808
S214015BF03490CDF83880FFF7E4FE38460FA9FFF75A
S214015C00BAFE00289CD120460FA9FFF7DAFE2846E7
S214015C1003A9FFF7B0FE002892D1204603A910F091
S214015C2040FB0325204610F00DFB012888D1013DDD
S214015C30F8D185E7B3EB420FA1D280E7200000B090
S214015C4010F1860F12D010F1850F0ADA10F1950FB8
S214015C500FD010F1930F0CBF6FF06F004FF0FF30B5
S214015C607047003818BF0120404270476FF071003E
S214015C7070470148704700BF00B2FFFF10B12421F2
S214015C80F1F7D4BE704770B515460E46242104467A
S214015C90F1F7CCFE25F04003802B02D0B5F5807FCE
S214015CA008D12046314640F8045BEA080EF05CFA5B
S214015CB0002070BD6FF01F00FBE72DE9F0430129BE
S214015CC005460E46914698469DB04BD8046824F08A
S214015CD04003802B02D0B4F5807F46D120220021DC
S214015CE014A80EF0DDF8224A224BE408012E08BF64
S214015CF0134613932B1D0A93012344F000540B9370
S214015D000C941D4C07AF0AAA07CA04AE87E8070021
S214015D10CDF834900DAA0E930F9407CA86E80700B3
S214015D20CDF84080119310AB129401AC93E80700B4
S214015D3084E8070013A83946FFF743FE3146FFF70C
S214015D4040FE214610F0ADFA2968C90810F051FA54
S214015D50102110F04EFA10F055FA10F037FA1DB077
S214015D60BDE8F0836FF02000F9E76FF07100F6E709
S214015D7000010004000101041000002000F01F03D0
S214015D80A0F50620A0F55060812811D801229A407E
S214015D90094B400903EB8003D3F814111143C3F8F0
S214015DA01411D3F8001121EA0201C3F8001170475B
S214015DB04FF0FF30704700BF183000202DE9F04F3C
S214015DC0BBB028AE00F130070446884615460FCF13
S214015DD00FC697E80F0086E80F002822002130A89A
S214015DE00EF05EF830A810F0FAF904F1300B064612
S214015DF0002840F05A81D4F80090BB4A29F47E135B
S214015E00934240F0DB809DF8A030014603932A9B25
S214015E10102218A804932F9F0EF042F81022314644
S214015E201CA80EF03DF81022314620A80EF038F8D6
S214015E301022314624A80EF033F8049B1DB1B8F1A8
S214015E40000F00F03281C9F30742C9F30549B9F1E1
S214015E50020F00F02A81B9F1100F00F22681D20755
S214015E6000F12381FA1F062A00F21F81FAB2C2F15D
S214015E700F0A5FFA8AFABAF1030F049209D8BAF147
S214015E80020F0CBF4FF480324FF08072934280F0C5
S214015E900C8150220021584605930EF001F82A1E67
S214015EA018BF0122FBB2C3F10E0B5FFA8BFBA9F1FF
S214015EB0020149084BEA821242EAC1028DF86020CB
S214015EC02BA93A460DF161000EF04EF9059B1CA96F
S214015ED01A460136564501F8012D4FEA1222F8D32B
S214015EE0039A6363049B84F84C20C4F848903A46AE
S214015EF084F85D302BA9261D04F138000DF17009D8
S214015F000EF032F93146CDF8009018AB20AA30A831
S214015F1002F02BFB002840F0C880E5B14FF4A063E7
S214015F20ADF86030D8F80030CDF86600CDF86230B4
S214015F3098F80430CDF86A00ADF86E008DF866303A
S214015F403146CDF8009018AB20AA30A802F00DFB20
S214015F50002840F0AA8020AB04F15E0C24AE1A465D
S214015F6003CAB242CCF80000CCF8041013460CF178
S214015F70080CF4D13A462BA90DF191008DF890B09A
S214015F800EF0F2F8781C5246002130440DF088FFDE
S214015F90012304F14D028DF89F3028AF334603CB21
S214015FA0BB42106051601E4602F10802F6D1002085
S214015FB0636A1D4465623BB0BDE8F08F4B4A93426D
S214015FC040F0AD802F9B15B1B8F1000F6DD00C2BB2
S214015FD06BD17822002158469DF8A0600DF060FF35
S214015FE0002384F8A160C4E90E532BAA002D00F00B
S214015FF08D80012618923E4A19960DF118091A92BB
S21401600018AA07CA89E807003A4ACDF870801D9693
S2140160100DF124081E921CAA07CA88E8070004F19D
S214016020400220920392344A21960CAF229220AA73
S21401603007CA04F1040B87E807000DF1900A2F4AFE
S214016040514658463193309232933893FFF701FC0C
S214016050049050BB30A8249910F0CBF8052110F01D
S214016060C8F8049B194610F0C4F84FF000530FA966
S21401607010961193FFF7A5FC584612A9FFF77BFC73
S21401608098B930A812A9FFF79CFC4946FFF799FC7E
S2140160904146FFF796FC394610F003F910F0D2F8A6
S2140160A030B110210398FFF715FB6FF0920082E7DD
S2140160B0134B04F1700724972596269315AB9AE89F
S2140160C0070083E8070094F8A1000E4A0E493293B0
S2140160D0012808BF0A4630A8309210F0B3F8D8B1AC
S2140160E020213846DFE700BF0001400500024005D9
S2140160F00C00002005000020100000200000020413
S21401610020000020010002040100030404F17003D2
S21401611007CA83E80700012084F8A20047E76FF06A
S214016120850048E72DE9F0410E4614461D46BAB0F3
S214016130002845D0002943D0002B41D0038803F422
S2140161404F42B2F5824F40F09B80DAB2122A0ED04F
S214016150413A012A00F294802B68002B00F0B680A9
S214016160DA1DB4EBD20F2BD1FF2B21D0B0E023F0F8
S214016170FF03B3F5E24F26D143882B60E3B9E30072
S2140161802B60B3F5807F7BD100231846574935191C
S214016190214415F8012D11F8014D1043121B18BFAB
S2140161A00023AE4243EA0203F3D148B1002B07DADB
S2140161B000203AB0BDE8F081DA1DB4EBD20FE0D092
S2140161C06FF08600F5E7B3F5824F40F08B800B78D1
S2140161D0042BF5D1282200211FA80DF061FE1FA86F
S2140161E00FF0FDFF10B16FF09200E2E7404B2090F8
S2140161F01F9301232190CDF810D005933D4B04AA9F
S214016200069301AB0090279007CA83E8070019465A
S2140162101FA810F046F810F015F80028E3D1009BEF
S214016220354A23F07F4393422AD94FF0420829AFDB
S2140162304246002138460DF033FE0123202200217C
S214016240013C17A88DF8A43001360DF029FE202256
S21401625000211C940FA8E40064081B960DF020FE94
S2140162602022002107A8CDE913780DF019FEB4F518
S214016270807FCDE90B782C600BD004D8E02C9FD121
S2140162806FF0850095E7B4F5C07FF9D0B4F5047FCB
S214016290F5E71A4B0FA917930F934FF40053199371
S2140162A04FF480431193402317AA08931FA807AB06
S2140162B0FFF73DFC0446296838460731C9084900FE
S2140162C0FFF710FA002C3FF473AF79E7E3002B6079
S2140162D0B3F5807FD4D14388B3F5807FD0D0FF2338
S2140162E02B6065E76FF0960063E700BF7E6D0200E6
S2140162F00000084304000020010201002000008085
S214016300F8B5134642880C460732072A4FEAD201EF
S21401631001D0A14253D1D0E9016705882022184651
S21401632000210DF0BDFD360A0346002E4AD1002C91
S21401633045D041F20102954205D0B5F5885F02D0FD
S214016340B5F5905F02D15C60002011E0B5F5105FF5
S21401635007D1182C03D0202C01D0102C2FD11C6073
S214016360F1E705F44F42B2F5824F02D06FF0850097
S214016370F8BDEAB2122A03D1202CF7D1134A04E061
S214016380412AF3D1202CF1D1114A25F0FF05B5F5AC
S214016390E24F1A600CD0B5F5824F10D14FF400527F
S2140163A017F4705F09D017F4864F04D09A60DDE7C2
S2140163B04FF48042F4E742F480629A60C4E76FF0DB
S2140163C08600D5E76FF08B00D2E700BF2000008083
S2140163D0200000B02DE9F0411C46436807461B0A21
S2140163E08846154688B054D1038823F0FF02B2F5DB
S2140163F0824F2BD14688413BDBB20736012B4FEA51
S214016400D60607D90B78042B19D06FF0860008B092
S214016410BDE8F081B542F8D1224631463846FFF74D
S2140164206FFF0028F3D1033525F00305C4E90308FF
S21401643065616EB920212046FFF74CF9E5E7013D7D
S214016440B5EB460F01F10108E6D0DEE72E46E3E79D
S2140164500146202268460DF023FD31466A4638463D
S214016460FFF74EFFDDE90076DDE9062C02990028EC
S214016470E0D12368A568BB42DCD16768B742D9D1B1
S2140164808D42D7D1A1699142D4D1E2696245BED08D
S214016490D0E76FF08B00BAE72DE9F84F05460E46B8
S2140164A021B10B7D1F2B02D90F2426E0454EEFF3B9
S2140164B01187302383F31188DFF81091D9F8E8317A
S2140164C0183B13F1180F11D1DFF80481D8F800A09A
S2140164D0C5BB42464FF0FF311C2005F0DFF80446ED
S2140164E0D8B187F31188BFF36F8F06E0AB4207D1AF
S2140164F087F31188BFF36F8F12242046BDE8F88F0B
S2140165001A68B24201D09B69DAE7002DF0D087F312
S2140165101188BFF36F8F2324EFE74FF0010BD8F8F4
S21401652000500421307D05F1100205F061F90446A2
S21401653080B1BBF1000F02D028460FF00DFBC8F862
S21401654000A0CEE7BAF1000F01D1C8F800504FF015
S214016550000BE6E70421307D05F1140205F048F949
S214016560044618B128690FF0F7FAE2E72B464FF414
S21401657000112E60D9F8E82168602873A86043F8F6
S214016580182F114AC9F8E8313368C2F88011116032
S2140165904FF0F0529A60FF224FF0FF3198619A62F5
S2140165A003F50052986318641165012203F58053C0
S2140165B05A6008232B733268936823F0F85393606C
S2140165C08FE700BFA06D020000E100E01830002058
S2140165D05C0B0020002307B501AA019305F008F91A
S2140165E0019803B05DF804FB13B500244FF0FF31AA
S2140165F001AA019405F052F800B10194019802B085
S21401660010BDF1E7F0E7EFE7EEE7FDF71FBAFDF79C
S2140166101DBAFDF71BBAFDF719BA0FF09DBA0FF0B8
S2140166209BBA0FF099BA0FF097BA0FF095BA0FF020
S21401663093BA0FF091BA0FF08FBA0FF08DBA0FF030
S2140166408BBA0FF089BA0FF087BA002337B50D461B
S2140166501446019302B3073020F00700C2E9021086
S2140166604FF0FF31684301AA05F018F860B90246F9
S214016670019B013DC4E9003391B2A94202F1010236
S21401668004D34FF0FF321A6003B030BDE1681944FD
S2140166901960E1680B44EFE72220F5E7FEE70023E7
S2140166A007B5084601AA4FF0FF31019304F0F6FF43
S2140166B0019803B05DF804FB08460FF04DBA084692
S2140166C0114687E7BFF35F8F074B5A6A22F4803281
S2140166D05A62D3F8942022F00102C3F89420BFF343
S2140166E04F8FBFF36F8F704700ED00E000232DE959
S2140166F0F0479A4CDFF87082994E94F83470D8F8C7
S214016700EC91F568C8F8EC3117B32268AA4240F05C
S214016710188131696268914240F013817169A268FB
S214016720914240F00E81B169E268914240F00981E0
S214016730F1696269914240F00481716AE26B9142AB
S21401674040F0FF801D46326AA2612846BDE8F08708
S2140167505822394604F11000D4F838A00DF0A0FBF9
S214016760336904F108006360F369C4F838A0636113
S214016770336A2560A361D6E90523C4E90223FCF741
S2140167805AFE736A04F14000E3639B68984720B998
S214016790676C17B16368B3FBF7F794F84330E761AA
S2140167A0002B00F0D0800023656C2366002D00F0DE
S2140167B0D280002F00F0CF802368B3FBF5F205FBF3
S2140167C01233002B40F0C1806668B6FBF5F305FB7B
S2140167D01363002B40F0B9806048FDF756FA8642F5
S2140167E0C0F0B58040F634726369CC3B934200F248
S2140167F0B080B5F5805FC0F0AE8003215748FDF745
S21401680056FAD4E90001E36B1B6898470546E36B2B
S2140168100220DB689847BDB949465048FEF7A0FB01
S2140168206428054604D149464C48FEF799FB0546BF
S21401683055B9636C226A143B484802FB03F6FDF720
S21401684024FA864238BF5A25002D0CBF01230023A7
S21401685084F8343056D1D4E90060D8F8F031D8F84D
S214016860F4710133C8F8F031FFF72CFF1F2837D930
S2140168704FF0000CF10600F1FF3018BF26F01F01A3
S21401688006EB00030CBF31462031DA06354A18BF45
S21401689023F01F035FFA8CF0874237D8D2F8C00086
S2140168A041F0030120F47F4040F48070C2F8C0003C
S2140168B0EFF31186302080F31188D8F8F40143F005
S2140168C00303C2F89800C2F89C10C2F8A03086F301
S2140168D01188BFF36F8FD8F8F4310133C8F8F4315B
S2140168E0BFF35F8F05221F4BC3F894205A6A42F408
S2140168F080325A62BFF34F8FBFF36F8FBFF34F8F54
S214016900BFF36F8FE06B02F094FC1EE7C2F89800AD
S214016910D2F89C00D2F8A06020F01F00884226F032
S2140169201F0601D19E42DBD08E4201D39842D7D9B1
S214016930D2F898000CF1010C20F0FF00C2F8980084
S214016940A8E75D2501E72125FFE65925FDE65A253D
S214016950FBE65F25F9E65B25F7E600BFD80A0020CF
S214016960A03F002000ED00E0183000202DE9F04F98
S214016970A7B0CDE9022180461D4604460822319F74
S21401698028FA02F383EA0803990702F1080218BFFE
S2140169909B00202A1C44F3D18123B4FBF3F303EBC1
S2140169A0C313E41A8A4B04F5062493F8F83104F568
S2140169B05064002B3CD1FFF799FE0646002879D19A
S2140169C00146402206A80DF06BFA4022314616A871
S2140169D00DF066FADFF814927E4BCB4609F11009EA
S2140169E04B4528BF4B46002603F1FF3A10225B4673
S2140169F0CDE900A6784806A9FDF7AEFB034606AA30
S214016A009E4244D101231022CDE900A372485B4681
S214016A1016A9FDF7A1FB4FF0000B824616AED34533
S214016A204DD16E4B9945D7D10122694B83F8F82198
S214016A304FF081090026DFF898B16309A3F5864374
S214016A40683B0BEB8303D3F8142104F01F01CA4003
S214016A50D2074AD4D3F80031CB40DB0738D5002E15
S214016A6008BF26468123A4F50624A4F6FF44B4FBFA
S214016A70F3F303EBC313E41A04F50624B9F1010991
S214016A8004F55064D9D1029B23B356BB22E052F8D9
S214016A90040B05930492FFF771F9DDE90423013035
S214016AA00BD100224A4B83F8F821494B93F8F83171
S214016AB0002BBDD16FF091000EE00136A0E756F82D
S214016AC0040BFCF7F1FE0130EFD00BF1010BA6E74A
S214016AD0029B23B96FF08B0027B0BDE8F08F06B993
S214016AE02646329B00201E60F6E7309B13B100233A
S214016AF0309A13600FB100233B604FF0100A002359
S214016B002A4621463448CDF800A0FDF739FC002876
S214016B1054D1309B0BB1C3F800A02A68304B9A427F
S214016B2015D021462C48FEF75FF90028D2D1D5E9C9
S214016B30022303998B4208BF424593D1029B002B47
S214016B40CED06B68012BCBD16FF08400C4E7309BAD
S214016B50002BECD0002FEAD000231F483B6090F8B2
S214016B603430002BA6D0DFF868A00121FDF79FF88E
S214016B7016AB214618480AF5C472FDF75CFB0346BE
S214016B80D0B99DF85820032A16D0022A11D1042222
S214016B903A60114A0493D06B02F04BFB049B002B26
S214016BA088D1309A3B681268934283D39B1A3B6024
S214016BB0BDE7DAF89821EBE72D23EAE7094B98427F
S214016BC0AFD06328ADD0084B9842B0D072E700BF73
S214016BD018300020816D0800D80A0020906D08004A
S214016BE0105D175EFFDF00F0FEDF00F0006D0800AD
S214016BF070B506460D4614468CB0CAB11022002167
S214016C0008A80DF04DF9002205AB029307AB0193DE
S214016C1006AB00933046294608ABCDE90622FFF7BE
S214016C20A5FE18B9099B6360079B23600CB070BD75
S214016C306FF08600FAE730B58DB00C460546102297
S214016C40002108A80DF02CF9002205AB029307AB32
S214016C50019306AB21460093284608ABCDE90622F0
S214016C60FFF784FE044610BB099B012B22D0059D2D
S214016C7013482946FEF7B8F8F8B9A5F50623A3F593
S214016C805063812B05F01F000FD801210D4A5B09C7
S214016C9002EB8303D3F8142181404A402846C3F807
S214016CA01421FCF701FE013001D16FF08604204665
S214016CB00DB030BD6FF08404F9E76FF09104F6E78C
S214016CC0D80A0020183000204FF0B0439A6A120705
S214016CD0FCD4186A70472DE9F84FEFF31189302379
S214016CE083F311884FF0B0435B691907554903F0E8
S214016CF0010203F00D0314464B6148BF42F0020443
S214016D004AB1514AD2F8FC310133C2F8FC310FF0D6
S214016D10F1F80FF08FF8A3072FD5EFF31185302682
S214016D2086F311884FF0000A0FF0E4F85746DFF8B3
S214016D301881D8F828410CB1636923B30023012FC9
S214016D4088F8053204D11AF0020F18BF88F80572C8
S214016D500FF070F822280CD101223C4B83F8282032
S214016D604FF0B042D36B23F00303D3630822354BB5
S214016D709A6185F31188BFF36F8F89F31188BFF38A
S214016D806F8FBDE8F88F23465A693AB91A79217987
S214016D90914288BF1C469B68002BF5D185F311886C
S214016DA0BFF36F8F2569DDB1FFF78EFFA369A0EBF7
S214016DB0030A4FEAEA72AA4572F1000211DB2B447C
S214016DC0A361E36813B1204621689847B4F806A08A
S214016DD00137EFF3118586F311880FF08BF8A8E7DA
S214016DE0AA46EFF3118B86F3118820460EF02EFE8D
S214016DF08BF31188BFF36F8F2369002BE1D0A38B30
S214016E00B5EB0A0133B1E28B13449BB2B3F57A7F3B
S214016E1010D2E383EFF3118586F3118820460EF036
S214016E20CBFFA36922691344A36185F31188BFF3DD
S214016E306F8FC6E7A3F57A73E383A3690139013B34
S214016E40A361E7E70020005818300020A03F00208B
S214016E5070B504460E46EFF3108572B642888188F7
S214016E6003888A420FD21344B3FBF1F001FB1033BF
S214016E70013204EB8303DE606280012328460FF0B3
S214016E806DF9184670BD82685AB9238804EB8302EF
S214016E90D660A2880133B3FBF2F102FB11332380E3
S214016EA0EBE700EB8303D968904703460028ECD153
S214016EB0E4E72DE9F0432B48DDF81C8090F81242F8
S214016EC094424BD90C246243D0F808E21EEB02042C
S214016ED046D06089002843D0B4F90450B4F906605E
S214016EE08D42B4F908701DDCB142A8BF3146002FAF
S214016EF036D000F1FF3C1FFA8CFC07FB0C594C1BEB
S214016F0094FBF7F44E45D8BF6046A4B2A04202D324
S214016F10B14218BF20465EF802C05CF820200CEB98
S214016F20800403E02946E2E7013880B218B154F83C
S214016F3004ED7245F8D0B1421EBF17FB00F14919A6
S214016F4009B2994203DD10B1013880B2E5E70020AD
S214016F50C8F80020A8F80410BDE8F0830E20FBE76F
S214016F600220F9E71830002010B5084C20460DF035
S214016F7064FB20B994E80700054B83E80700BDE8E9
S214016F80104001214FF0FF300DF059BBB86D0200E3
S214016F9020320020FF207047004870470080FFFF26
S214016FA038B5134C0546616B79B9A26B5AB9616C59
S214016FB0A1B9A26CCAB13C34E3688BB922780D4BF7
S214016FC000201A7009E02C34F6E72C342846227883
S214016FD009680DF066FC0028EED038BD3C34F5E7B4
S214016FE0284698470028E9D0F7E70220F5E700BFD2
S214016FF0A03F002008140020F8B5154F97F814326A
S21401700023BB0222134E144D144CAD1BC4E900657C
S214017010C7F81C52013D3046ED08C4E9023323612E
S21401702022776362C4E90566C7F81862F2F768FD5D
S21401703075802369E26801332361A36808339342AC
S214017040A36088BFE360012387F81432F8BD00BF50
S21401705018300020D04000200000012070190020C8
S21401706000232DE9F04F9E4E85B0039373680D46BD
S2140170709A42104606D249B922B14FF0FF3103AA0F
S21401708004F00CFB039805B0BDE8F08F1AB908466A
S2140170900EF062FDF6E7EFF31188302383F31188D3
S2140170A0A1F1080C31F8061C07304FEAC10920F09F
S2140170B00704A14580F0928035F8023C002B76D07B
S2140170C0591A012973D10CEBC30A1CF83330D907BE
S2140170D06DD4BAF80230A9EB040717EBC30766D4E0
S2140170E01F2F3DDD05EB040BC4F3CF0425F8064C3A
S2140170F00134584625F8024CFF08F2F701FDABF8BB
S214017100027035F8023CABF80430BAF806301BB30F
S214017110BAF802209A1A12FA87F7BFB20AEBC3032B
S214017120ABF806709F8000225146584601F0A0FA3F
S2140171305046F2F7E5FC002235F8061CB3680395C5
S21401714003EBC103F168A3EB09038B42B36043D899
S214017150A2B3083BB36031E00023ABF80630E2E7A8
S2140171603369013B336135F8063CBAF80220013336
S214017170134425F8063CBAF80620A2B1BAF8021064
S214017180511A11FA83F39BB20AEBC20225F8023CAC
S214017190938001226046514601F06AFA5046F2F7A2
S2140171A0AFFC0122C8E7002325F8023CF1E74FF0C7
S2140171B0FF31204603AA04F071FA20B188F3118842
S2140171C0BFF36F8F5EE74A46294603980CF0CCFF63
S2140171D028460EF0C1FCF1E7F360B9E777D935F838
S2140171E0022CA9EB0407531E5B1A002A3ED00CEBB7
S2140171F0C20A1CF83220D20739D4C3BBC4F3CF036A
S21401720005EB040B25F8063C013325F8023C5846ED
S214017210F2F776FCBAF8023003EBD703ABF802308C
S21401722035F8022CABF80420BAF80620DAB1BAF821
S2140172300210511A11FA83F39BB20AEBC202ABF8A1
S2140172400630938000225146584601F011FA504606
S214017250F2F756FC0023B26803951444A4EB090424
S214017260BBBBB460AAE7ABF80620EBE79246272F34
S2140172702DD9C4F3CF0205EB040B25F8062C013FEC
S214017280013225F8022C5846FF080193F2F738FC24
S214017290ABF8027035F8022CABF80420BAF1000FF7
S2140172A012D0019B013313FA87F7BFB2ABF8067011
S2140172B0AAF8047000223369114601335846336137
S2140172C001F0D6F90123C6E7ABF806A0F2E703956D
S2140172D074E7F36808349C42B46088BFF4606DE7D5
S2140172E07019002000220A4B1A7101221860094BFE
S2140172F0DA644FF48052084BC3F88020BFF34F8FF7
S214017300BFF36F8F4FF48162044B5A6100BFFDE7F4
S214017310B019002000A0055000E100E000800550F3
S21401732073B52E4B1A79002A55D0EFF3108472B636
S2140173305B797BB12A4B1978072908D80123294A9A
S2140173408B40D56A1D4202D1126B134202D0012036
S214017350FFF7C8FF244BD3F80021C2F30033D20451
S21401736001D50220F4E70126204A2149CD6CD664D6
S214017370204A06090092204A00F00F00965D125C32
S21401738068468DF8052040F60D228DF80460ADF8AC
S21401739006201A4A8E69760603D4013AFAD10320EA
S2140173A0D6E710F8012B0133082BCA63F1D1134B32
S2140173B00F4A9169890603D4013BFAD10420C7E735
S2140173C001210A4B99644FF48051074BC3F8801191
S2140173D0D56484F3108802B070BD00BFB0190020D8
S2140173E0580B00200000045000E100E000A005500A
S2140173F0008005500D0A4053AC730200A0860100C0
S21401740041F6713210B5104C104BA04294BF0024C7
S2140174100124D969DA639A6801F4803122F44012B2
S21401742042EA04529A600A4A90420A4AD2F818027C
S2140174308CBF40F0020020F00200C2F8180209B129
S2140174400022DA6310BD00BF005A6202000003503A
S21401745080F0FA0200C0075010F1860F12D010F12A
S214017460850F0ADA10F1930F0FD010F1870F0CBFBA
S2140174706FF073004FF0FF307047003818BF0120DF
S214017480404270476FF0710070476FF06F007047B1
S214017490094B186F00F00700431E032B03D8DFE8E3
S2140174A003F00608090400207047062070470220F2
S2140174B070470420704700BF008000500EB417B517
S2140174C004468288E18800688A4234BF891A00210E
S2140174D006AB10440D4A019304F0D4FE002800DAEE
S2140174E0FEE7A388E288184480B2904228BF23684A
S2140174F0A08028BF9B18204624BF002203F8012C39
S21401750003B0BDE8104003B0704700BF2D8D0200E8
S2140175102DE9F0430D4690461E46044693B00028DA
S21401752050D000294ED0002A4CD0002B4AD0264BF2
S2140175300FAF036000233946436003628360284629
S214017540FEF787F900283AD120460F990EF051FE32
S214017550102120460EF04DFE4FF001094FF000536A
S21401756069462046CDF804900293FEF72AFA28468B
S21401757003A9FEF700FA10BB144D204603A9FEF737
S21401758020FACDF83C8006ABCDF84090119597E8EF
S214017590070083E8070019462046FEF712FA0C9604
S2140175A009ABCDF834900CAA0E9507CA83E80700FC
S2140175B0204619460EF075FE20460EF043FE13B027
S2140175C0BDE8F0832120FAE7000100041000002046
S2140175D02DE9F04F894690461F460446A3B0002881
S2140175E000F0BA80002900F0B7803AB12D9B002B3D
S2140175F000F0B2802E9B002B00F0AE8000252E46B8
S214017600A84540F2A7805EB12D9B2C9A5B5D925DEA
S214017610013653402E9A06F00F0653550135EFE713
S214017620A8EB050BBBF10F0F40F292804B4B666047
S21401763048462360A660266203A9FEF70AF90028D9
S21401764065D1204603992BF00F0B0EF0D2FD59465B
S21401765020460EF0CEFD4FF0010A4FF000532046B3
S21401766004A9CDF814A00693FEF7ABF9484607A97E
S214017670FEF781F900284AD1204607A9FEF7A1F9AD
S214017680374B1F970DF1280CCDF880A022A9219326
S21401769011E907008CE807002D990DF1340E4B19FE
S2140176A01C934BF00053CDF874A01CAA1E9307CA76
S2140176B08EE80700614620460193FEF782F92046D0
S2140176C00DA9FEF77EF92E99019B4A191992CDF85C
S2140176D068A019AA1B9310AB07CA83E80700204AC3
S2140176E01697CDF85CA018920DF14C0A16AA07CA97
S2140176F08AE80700194620460EF0D3FD514620467B
S2140177000EF0CFFD20460EF09DFD5D4400B323B084
S214017710BDE8F08F8EB93A46494620462C9BFFF7C6
S214017720F7FE0028F3D107F1100212F8013D0133EC
S214017730DBB213700BB99742F7D12C9B2D9A9B5D48
S214017740525D013653402E9A06F00F065355013509
S214017750A845DFD10020DAE72120D8E7030300049B
S214017760100000202DE9F3410C4616461F4605463B
S21401777028B1D02200210CF093FB04B116B96FF0AA
S21401778086042AE063880733B7EBD30FF7D3238841
S214017790B3F5105F25D1164B05F12C082046AB62D8
S2140177A03A4643463146FEF715FE0446A8B901900F
S2140177B001A94046FDF799FFB0B9019AA2F110015F
S2140177C01029DCD80B4BCB40DB07D8D52846E96B14
S2140177D00CF0CAFCED6385F85840204602B0BDE8BF
S2140177E0F0816FF08504F8E76FF09204F5E700BFCB
S2140177F000024805010101002DE9F04F93462022C1
S2140178000646BBB00DEB02008A4600211F46449C8B
S2140178100CF046FB2022002110A80CF041FB202290
S214017820002118A80CF03CFB2822002120A80CF00F
S21401783037FB402200212AA80CF032FB002E00F074
S2140178409080BAF1000F00F08C80479B002B00F06F
S2140178508880B6F80090758809F4E042B2F5804F4A
S2140178607FD0EA1DBBEBD20F4FEAD20879D3469BF5
S214017870984500F28D8020A80EF0B1FC28B16FF07B
S214017880920420463BB0BDE8F08F434A21902092F7
S21401789001AA2290059201220692404A0DF1080C97
S2140178A0079205AA0190289007CA8CE8070020A82D
S2140178B061460EF0F6FC20A80EF0C4FC0028DED1CE
S2140178C0019A374922F07F428A42019202D86FF02C
S2140178D08504D6E747F21212914512D047F24112BB
S2140178E09145F4D1A0453CD8FF2DF0D1469B0334F9
S2140178F0DD1C459A20232B4924F0030425F00305BB
S2140179000AE0B5F5807FE2D140252B4602342649B0
S214017910013724F003042AAA109100211993CDE916
S2140179201B12CDE913175A465146304608AB15943B
S2140179301D95FEF74FFD04460028A2D1129B189014
S21401794043F4005320A812930EF049FC002896D168
S21401795018AB10AA08A920A8FEF7E9F820B1482814
S214017960B5D06FF086048CE747F2121399450BD118
S2140179702AAD4246294645980CF0F6FB40222146A0
S21401798028460CF08DFA4023479BC3F8008078E721
S2140179906FF0890475E700BF00000843040000206B
S2140179A001020100200000B0200000802DE9F04116
S2140179B006460D4690461F4696B0002B3CD0202327
S2140179C00CA83B600EF00BFC044620B16FF0920051
S2140179D016B0BDE8F0811A4B29460D9014900E9012
S2140179E00CA80C930EF005FC4FF0010C45F0005569
S2140179F0069606ABCDF81CC0089593E80700114B18
S214017A008DE8070003ADCDF82480CDF828C00B9390
S214017A1009AB93E8070085E8070069460CA8FDF75F
S214017A20D0FF0CA829460EF03CFC0CA80EF00AFC70
S214017A300028CDD03C60C9E76FF08600C8E700BFDC
S214017A4000040003200000202DE9F7439946002397
S214017A50884601A9054617460193EFF7E1F9044662
S214017A60D8B9019EB9F1010F15BFD6F88830D6F8FE
S214017A70843006F1880006F184009BB9727A96F884
S214017A805030D20603D5012B21D0042B1FD0053B45
S214017A90022B1CD92846EFF7B6F90224204603B07C
S214017AA0BDE8F083FCF722F870B14268019BD3F879
S214017AB0A430C8F8002002893A801A6E026018665F
S214017AC02846EFF7A0F9E9E7C8F80000388028460D
S214017AD0EFF799F91B24E1E72DE9F84312F00304C7
S214017AE018BF012404EB92048C4207460E46154645
S214017AF04FEA8409C2EB84081AD8424600210CF0EA
S214017B00CFF9321B0021920007EB09000CF0C8F9EF
S214017B102A46002007EB0801F6F772F8054620B959
S214017B201CB121463846EFF7D7FE2846BDE8F88354
S214017B306FF00305F9E72DE9F041036B826B92B014
S214017B409A4288BF8363426C436A07680E4602FB0B
S214017B500377C36B03A905225B6904463846984739
S214017B6003A8FCF7E1F801280146307070D0656C77
S214017B70E26B2368606AD2F814C005FB0030052268
S214017B8008A9E04708A8FCF7CFF801284FF0000540
S214017B903CD0D4E90A3201219342CDE90D458DF856
S214017BA03C5010958DF8441043D119462046FCF7F9
S214017BB0FFF8236B626C14339B1AE06223630E9BFF
S214017BC01BBB9DF8443003B3636A626C2568D4F826
S214017BD03C8002FB03550C350122D8F8143001A96C
S214017BE0284698474FF6FF72019B99B291420CD1F5
S214017BF06FF30F0343F4254343F0A50302930122D9
S214017C002846D8F8183002A998470E9DE36B05223E
S214017C105B6903A93846984703A8FCF785F83070D6
S214017C202846236BA26B9A4288BFA36312B0BDE8B5
S214017C30F081237C33B91D490DAA04F10800FCF735
S214017C4043F8BCE720461A4A0DABFCF747FAB6E7FD
S214017C50237C23BB2246174904F10800FCF734F8BD
S214017C60616A2046FDF74EF9616A421C2046FCF720
S214017C7027FC054620B9236B626C1344143B23632F
S214017C802046A16AFCF794F82368A062C01A636CC8
S214017C90B0FBF3F060622046FCF79AFAB6E70023E1
S214017CA02046054AFCF71AFADAE700BFDD4B010069
S214017CB09D4C01008F340100DF34010038B50368A4
S214017CC004460BB3012B08D0042B14D02046BDE884
S214017CD03840E82200210CF0E3B882690B4B9A4247
S214017CE0F4D100F120055830F2F7E0FD682128466E
S214017CF0EFF79CFEEAE7D02500F118032A4600219B
S214017D0018460CF0CDF8E1E738BD00BF000150057C
S214017D10044A054B013800D2704753F8041B42F859
S214017D20041BF7E7203E0020404100002DE9F0410A
S214017D30069E044688461F4615460AB103B106B993
S214017D40FEE70021F7F762F9154BDFF858E0E41A71
S214017D501E23E410B4FBF3F4E4B24FEA841C0EEBEA
S214017D60841484F801800CF10C08F04495E80F00A7
S214017D7088E80F000CF11C05754497E80F0085E8AC
S214017D800F000CF12C05754496E80F0085E80F00EE
S214017D904FF6FF73A38784F83E30BDE8F08100BF3D
S214017DA0D80D0020B811002037B5094D0446094901
S214017DB028680CF00EFBF6F71BFF074B01940093A7
S214017DC0C2000123034928680CF0F3FA03B030BD62
S214017DD00C110020981600206DEB000070B5436A68
S214017DE004460D461BB111B9826A0F489847A3880D
S214017DF099060ED50C4BDA7D92070AD5197D94F8B3
S214017E006020914205D11B69E26D934224BF013384
S214017E10E365206A836C33B12DB92A46BDE870400C
S214017E200149006C184770BD581100200FB407B502
S214017E30064A05A99368019113B1D2680448984788
S214017E4003B05DF804EB04B0704700BFB019002022
S214017E50D188020070B540F6AA6201242C4B2D4948
S214017E6041F205054C605A6100222B4E9A60DA6594
S214017E70DD602A4D1A61DA61DA64AE649A651A65C4
S214017E805A656C604C604278057C9C68120442EA34
S214017E9085722243047842EAC4329A6083782BB111
S214017EA0C2781F4BC3F884218023CB65837BC27BBA
S214017EB01B0243EA0233427B15491343CB60037B23
S214017EC0144A5B0193608268164B03EAC203CB61D6
S214017ED0037942791B07120502F4E00203F0E0433E
S214017EE013438B65437C023B012B4FF0020394BF87
S214017EF00D4A0E4AC2F8AC35437C03F0FD03012B54
S214017F004FF004030CBF034A044AD36570BD00BF9B
S214017F100080055000900550FFFF010000A00550AD
S214017F2000800350F8FF7F0000D0035000E00350AC
S214017F30F0B51E4B1968EFF31184302383F31188D3
S214017F4001220B684D681E7DB240013A22EA050205
S214017F5092FAA2F3B3FA83F39E4205D884F311880A
S214017F60BFF36F8F1A20F0BD0F7BBE4213D0F61BF6
S214017F7006F1FF3C5FFA8CFC9C450CD90123BB4003
S214017F80013BB34032EA030314BFB3FA83F3202361
S214017F90C3F11F03DBB201229A402A434A600370F1
S214017FA084F31188BFF36F8F0020DCE75C0B0020A1
S214017FB02DE9F843436E044613F018060D4644D1E6
S214017FC05907426A3DD4042A3FD9017843F0040395
S214017FD081EA12210170417843664A4042704FF0AF
S214017FE0050804F13807E26A0023023202F00F02A4
S214017FF0C2F11000404528BF404604EB020C03F1D5
S214018000040E70450CEB030122D2984229D8E36A8C
S21401801002440344102AE362A8EB0008054402D098
S214018020626A934227D1224621463846F2F7E2FC9D
S21401803008B30646636E43F0100363663046BDE838
S214018040F883C36A05339342C9D96FF00C06F5E786
S214018050E9585CF8039081EA09014CF8031073466D
S214018060CDE715F803E091F800C001338CEA0E0C59
S21401807001F801CBC9E7B8F1000FB4D1E26A636A2F
S2140180809A42DBD1636EC4F82C8043F00803636622
S214018090D4E72DE9F04399B004460EA80D461646DE
S2140180A00EF09DF820B16FF0920019B0BDE8F08394
S2140180B0019005B15CB335F0030705F0030829D03C
S2140180C04FF0E0634FF000090E930123CDF83C908A
S2140180D0CDF840900B940C9347F000530D930BAAE8
S2140180E005AB07CA83E8070019460EA8CDF85890D5
S2140180F00EF0D7F80EA839460EF07BF80EA80EF053
S214018100A1F838B13A46494620460BF0C9FE00238D
S2140181103360C8E7B8F1000F02D100203560C4E72C
S2140181204FF0E0634FF000090E9301ABCDF83C90A1
S214018130CDF84090089301230993114B08AA0A939E
S21401814002AB07CA83E8070019460EA8CDF8589077
S2140181500EF0A7F80EA804210EF04BF80EA80EF0AC
S21401816071F808B12A46CEE7019A3C44C3000130B3
S21401817022FA03F3804504F8013BF7D1CDE700BFAF
S214018180040000202DE9F74F00F4E048B8F5804FD1
S21401819082460F4616461D4612D100F44F43B3F5EC
S2140181A0824F02D1C3B2412B0AD0E90705D56B082D
S2140181B047B1FA1DB3EBD20F05D06FF0860787E003
S2140181C02B46F5E7DF0080210120FEF703FA04467F
S2140181D0002800F07381EFF7A3FB0123002204F1CE
S2140181E06809C4E918234846EFF791FB0AF44F43A0
S2140181F0B3F5824F0BD15FFA8AFABAF1300F37D056
S21401820008D8BAF1120F13D0BAF1170F39D06FF0A0
S21401821086051FE0BAF1410FF9D1B7F5807F05D089
S214018220B7F5E07F00F04581FF2FF0D109212FE05F
S21401823040F209239F4200F03C8116D8B7F5807FB3
S21401824025D00FD827F02007C02F14BF6FF0860562
S2140182506FF085052046F1F71DFA20460DF07CFCEF
S2140182602F4635E0B7F5C07FEFE7B7F5047FECE7BB
S21401827027F08003B3F5807F00F01B81B7F5007F00
S214018280E3E7C02F00F01581B7F5807FDDE7032116
S2140182902046F1F70FFAF1F7A9FA0746002840F051
S2140182A00B81B8F5804F7DD1B5B9DFF820B25846BD
S2140182B0F1F79CFA05460028CCD149462046F1F74D
S2140182C0BDF8F1F793FA05460028C3D10C9B1C6054
S2140182D0384603B0BDE8F08F201DEFF7B9FA00F17C
S2140182E007082046EFF70AFB02284FEAD80830D1E4
S2140182F04545DAD12A4631464846EFF7A9FC83467A
S2140183000028D4D104F17000EFF7A5FB2378092BE0
S21401831015D0012104F17800EFF74DFD83460028C2
S214018320C5D12046EFF7EAFA0128C0D132789AB9CA
S214018330012DBAD14846EFF752FD8346B7E7E9006B
S2140183405A4648460139EFF75FFD83460028E0D0DC
S214018350ADE7DFF870B1E4E708F1010A5545019091
S214018360A3D342464846711CEFF7A7FC8346002874
S2140183709DD1019B04F178001946EFF71CFD834659
S214018380002894D13378042B8FD14FEA4803013368
S2140183909D428AD1424606EB0A0104F17000EFF7CE
S2140183A08CFCCAE794F8009020464946F1F782F91A
S2140183B08046002879D12046EFF7A0FA02288246A7
S2140183C054D1B9F1090F30D1202D70D104F16009D3
S2140183D02A4631464846EFF73BFC0246F0B90146CD
S2140183E04846EFF711FD0246C0B901214846EFF7AE
S2140183F00BFD024690B951464846EFF705FD024689
S21401840060B9FF214846EFF7FFFC024630B901226A
S214018410FE214846EFF7F8FC024648B304F1600037
S2140184200192EFF718FB019A38E0B9F10D0F1DD153
S214018430382D3CD104F160092A4631464846EFF70B
S21401844007FC02460028E9D101464846EFF7DCFC66
S21401845002460028E2D101214846EFF7D5FC024644
S2140184600028DBD1012240F2BF11D2E7DFF85480A9
S2140184702046EFF743FA012804F1600910D12A4695
S21401848031464846EFF719FC02460028C6D1494650
S2140184902046EFF75FFA02460028BFD1104610E7E4
S2140184A0B8F1000FF3D0074AB8E70246F6E7064AE6
S2140184B0F4E76FF08505CDE60546CBE66FF08C0751
S2140184C006E700BF80B1FFFF80B3FFFF80B0FFFF6C
S2140184D02DE9F047C3F34508B8FA88FA0C46154665
S2140184E04FEA5A1A07465246294620461E46EFF7D5
S2140184F0F3FA48BB04F108095246484605F108015B
S214018500EFF7EAFA00BB08F1FF33D3F1000848EBB6
S21401851003084246204605F11801EFF7DDFA98B93F
S2140185204246484605F12001EFF7D6FA60B92146E2
S2140185303846F209EFF72BFE30B904F1100001219D
S214018540BDE8F047EFF737BCBDE8F08738B50C4615
S214018550054601212046EFF780FC28B9214628462A
S214018560BDE83840EFF73FBD38BD2DE9F0479EB076
S214018570894615461E460446DDF89880002871D0C7
S21401858000296FD0002B6DD0B8F1000F6AD0364BA2
S2140185901BAF03600023394643600362836048468D
S2140185A0FDF757F900285AD120461B990DF021FEF8
S2140185B0102120460DF01DFE4FF0010A4FF000532A
S2140185C069462046CDF804A00293FDF7FAF948461D
S2140185D003A9FDF7D0F9002841D1DFF89090204695
S2140185E003A9FDF7EEF91B9506ABCDF870A0CDF803
S2140185F0749097E8070083E80700189618AACDF844
S21401860064A009AECDF8689007CA86E80700194647
S2140186102046FDF7D6F931462046FDF7D2F9CDF8CA
S21401862054800CABCDF858A015AACDF85C9007CABB
S21401863083E80700129512AACDF84CA00FADCDF82D
S214018640509007CA85E80700194620460DF029FE16
S214018650204629460DF025FE20460DF0F3FD1EB0FE
S214018660BDE8F0872120FAE703020004100000208D
S21401867030B5204DD5E905340AB38B4200D089BB0D
S2140186802B6993B340B92B681A78D20707D5DA88D5
S21401869022B103EBC203F7E70346F5E713468C4224
S2140186A000D0B1B92A69CAB1002818BF0446227899
S2140186B0D2070ED5A2888AB1A4EBC204F7E78B4293
S2140186C00AD0834228BF03468C4209D0844238BF71
S2140186D00446C5E9053430BD0346F5E71446F8E718
S2140186E00446F6E78C42F4D1DCE78C42D9D11C462D
S2140186F0EFE700BF701900202DE9F7439946614B5B
S2140187000646002914BF8846984698F8C43017468E
S214018710002B40F0B18011464046EEF737FA054689
S214018720002861D1A821012003F05EFD044600283F
S21401873000F0A48040F201138381022380F809909F
S21401874080F8503007724581C573056064200DF0CE
S214018750FFFA012F94BF00230123C4E9265584F8AC
S214018760A030C4E92155D8F80030C4E9235560612A
S214018770C4F8A480C4F894502360C8F80040414669
S21401878000200A680AB1136803BB0028F7D1EFF38B
S2140187901183302282F3118801223771B26034606E
S2140187A083F31188BFF36F8F40F20113D6F8008070
S2140187B03046A8F80C3001A9EEF732FB0546E8B1C1
S2140187C0022440460DF0C8F9254613E092F808C089
S2140187D01D7AAC4529BF186811461A60106022BF81
S2140187E00B6001201946CCE790F85030012B0CBFE6
S2140187F02E250425284603B0BDE8F083019F3A7B69
S2140188007B7B934201D1012B04D03046EEF7FBFA75
S2140188102124D6E797F85030013B042B2AD8DFE80D
S21401882003F01F03291F0800397A81B9052387F849
S214018830503000243046EEF7E6FA0CB1052CC0D1D4
S21401884098F8093043F0100388F80930D2E7D7F8D2
S214018850A400A8B190F8953023B9012387F85030C9
S2140188600524E7E701228430EEF7B0FE044600282F
S214018870F3D0DFE70224DDE70425BBE71925B9E7D6
S214018880437CFFDE843E00202DE9F04F9A468BB0F4
S2140188909DF85030DFF854B10293DBF81030804673
S2140188A053450D461646C0F09A80D146DBF8043093
S2140188B00193B9F1000F00F08E80D8F83C30012208
S2140188C05B6907A901989847079BDBF80010C3F37B
S2140188D0D312914240F0868013F07E0F1CD1D8F857
S2140188E03C3002225B6908A90198984708A8FBF763
S2140188F00CFA08270446019B029A3B44002A3BD106
S214018900A6420FD9361B144640460199FBF750FA8A
S214018910A9EB04090190CCE707A8FBF7F6F90427B1
S2140189200446E8E7A41B544528BF5446032C03EB32
S2140189300607AAEB040A1DD9D8F83C302946384662
S2140189405B69A208984724F0030304F003061F445A
S2140189501D44002ED8D0D8F83C3001225B6908A906
S214018960384698473246284608A935440BF0FCFBA2
S2140189700026C9E72646ECE7274604F003020392E1
S21401898023442A1904920593049BDD1B059BD81BDF
S214018990039B9F420FD1002FB6D0D8F83C3001225E
S2140189A008A95B6998473A46284608A90CF021FCB5
S2140189B078B93D44A8E7D8F83C30012208A95B699C
S2140189C098470422284608A90CF013FC08B9043F6E
S2140189D0DAE74FF0360948460BB0BDE8F08F4FF0A6
S2140189E06309F8E74FF06F09F5E700BFA0310020F3
S2140189F00279FF2A02D043691AB93BB16FF08600AB
S214018A0070476FF04042013B9342F7D2836823F4EC
S214018A107F4323F00303002BF0D14FF6F87342880F
S214018A209A428CBF6FF085000020704770B550B336
S214018A3049B30368994226D3D0E9024204FB0233C4
S214018A40994220D2EFF31186302383F311880B6805
S214018A505C1C0ED00468A3420ED3D0E9025205FB7B
S214018A600245AB4208D21B1BB3FBF2F402FB1433E4
S214018A7013B943685A1C07D143680B60416086F3FB
S214018A801188BFF36F8F70BD9942F8D01B68F1E76C
S214018A9020F0FF03B3F5E24F0ED1C0B241280BD14F
S214018AA0FF2A09D10B7823F007030B70CB7F03F065
S214018AB07F0343F04003CB77704773B50025044628
S214018AC08DF8075020466169FBF7C4F8266B86428D
S214018AD009D2236AB5EB430F05D220460DF10701F3
S214018AE0FFF729F850B19DF80730012B04D1204635
S214018AF00DF10701FFF71FF802B070BD0135E1E780
S214018B00F8B5037F0746022B0D46164611D0F7F738
S214018B10B1FB044610B103242046F8BD2E44AE42F4
S214018B20FAD0384615F8011BF7F77AFB0028F6D07D
S214018B30F1E70D24F0E72DE9F0470446F7F74AFA86
S214018B4020BB2046F7F772FA94F834700B2604EB34
S214018B508709D9F83880D9F820A04546554508D068
S214018B603A4629462046F7F72AFA030410D5A845BF
S214018B700ED0C9F838502046F7F726FB002384F8B4
S214018B8035304FF6FF736569E386ADB9BDE8F0870A
S214018B90C0F30D002946821C3B462046F7F7A1F993
S214018BA0013E16F0FF060546D8D140F24531064B88
S214018BB0064A074802F07EFE23463A464146AC4640
S214018BC0A069BDE8F0476047C08A0200328D020006
S214018BD0518902002DE9F843044690F8346000EB11
S214018BE08607D7F82080656C4545256421D0324636
S214018BF029462046F7F7E3F9030402D5BB6B9D42ED
S214018C0017D1C0F30D00821C334629462046F7F7DC
S214018C1068F9334681466064022229462046F7F702
S214018C2060F98145A064DED0012384F83530BDE8C3
S214018C30F8830323F9E770B506460C468D18AC4257
S214018C4000D170BD304614F8012B0249FEF736FC00
S214018C50F5E700BF2D8D02008388C28810B59C1CE5
S214018C60944204D80268D15283880233838010BDAF
S214018C7010B50A7A0446012A02D0022A04D010BD91
S214018C800988BDE81040E7E78388E28803F1080019
S214018C909042F4D820681844F7F767F8A388083399
S214018CA0A380ECE7F7F70CBBF7F70ABBF0B5304B40
S214018CB085B018680DF102010BF03FFCF5F731FEA7
S214018CC02C4B2D4E93F9004093F90150C0B9BDF8D5
S214018CD002300B3BF218F05692F910309842A8BFBA
S214018CE018467F2D04D07F2C3FD0AC42B8BF2C460F
S214018CF0A04203DB7F2C14BF2046002005B0F0BD48
S214018D001E4B02AF93E8070004AB03E907007F237D
S214018D100021184637F8022F7F2CA2F10B0216F914
S214018D2002C005D07F2B1CD0A342B8BF23465BB23E
S214018D30324492F910206245A8BF62468242A8BF1B
S214018D4002467F2D50B205D07F2B0CD0AB42B8BF68
S214018D502B465BB24A1C022A4FF00101DAD11C46AF
S214018D60C6E72346E4E72B46F4E72C46C0E700BFF8
S214018D700C1100207D1300207F13002038110020E5
S214018D8008B5054B01461870044B18680BF09DFD9D
S214018D9000B1FEE708BD00BF1C1100200C11002029
S214018DA0024B014618680BF0B2BC00BF0C11002044
S214018DB0014B186803F02ABC0C110020024B01225B
S214018DC0002118680BF0F0BA0C1100200368012B83
S214018DD004D1034B034918680BF0FBBA704700BF78
S214018DE00C110020981600200088704708B5FFF780
S214018DF0FBFF10F4807F0CBF0320022008BDF8B5EE
S214018E000746FFF7F3FF04463846FFF7EDFF064631
S214018E100D46F6F725FBC6F3812204EB4003022A32
S214018E20DBB203D0032A06D00020F8BDFB5A2B8004
S214018E3001232B72F8E7F9182846F6F796FF022366
S214018E40F7E7F8B50746FFF7CFFF05463846FFF7C1
S214018E50CDFF044628460E46F6F702FBC5F38123EE
S214018E6004EB4004022BE4B210D0032B11D02846A9
S214018E70F6F725FBC5F3813504EB4004022DE4B279
S214018E8009D0032D0DD095B10620F8BD0234E4B209
S214018E90EDE70834FBE73B5B3380012333720020A8
S214018EA0F3E730463919F6F760FF0223F6E7357225
S214018EB0F5E71FB500230C46006801A98DF80C30B4
S214018EC0FFF7BFFF38B99DF80C30012B05D0022BF8
S214018ED008D003B9237204B010BD2372BDF8043064
S214018EE02380F8E7237201AB03CB20606160F2E7D1
S214018EF008B5FFF779FFC0F3C00008BD10B500F054
S214018F00FE44B4F1A06F084C08BF20F47E10A042C6
S214018F1002D06FF0850010BD0220B1F5105F107011
S214018F20F7D118700020F6E7004040048B4228BFB6
S214018F300B462DE9F04FA1EB030B03F00707DB0807
S214018F404FEA431E02EB431C054613464FF000084A
S214018F50099C634505F1200511D14FEA870C00EB0A
S214018F600E0503EB8707821ABB4240F0828005EBB1
S214018F700C03BBF1010B80F08C80BDE8F08F1E68FE
S214018F8055F8201CA6FB046916EB080649F10009F2
S214018F90761845F8206C5E6855F81C1CA6FB04A8DC
S214018FA049F1000616EB0A0648F10008761845F85E
S214018FB01C6C9E6848F10008A6FB04A618EB0A087C
S214018FC046F1000955F8186C55F8141C18EB0606FE
S214018FD045F8186CDE6803F12003A6FB04A849F1E6
S214018FE0000616EB0A0648F10008761845F8146CD8
S214018FF053F8106C48F10008A6FB04A618EB0A0803
S21401900046F1000955F8106C55F80C1C18EB0606CD
S21401901045F8106C53F80C6CA6FB04A849F1000641
S21401902016EB0A0648F10008761845F80C6C53F85A
S214019030086C48F10008A6FB04A618EB0A0846F1DE
S214019040000955F8086C55F8041C18EB060645F897
S214019050086C53F8046CA6FB04A849F1000616EB4D
S2140190600A0648F10008761848F1000845F8046C2D
S2140190706FE79E465EF8040BA0FB040610EB0800A3
S21401908046F100089E588019985048F1000873462A
S2140190906AE71A6812EB08022CBF4FF001084FF07E
S2140190A00008B8F1000818BF4FF0010843F8042B78
S2140190B05FE7002307B506481A46006801A9F1F7DD
S2140190C09DFB10B90198F5F757FA03B05DF804FB5C
S2140190D0B40C0020AAE409B1C06EFBE77047034652
S2140190E008B900207047EFF31182302181F311880F
S2140190F04068411C04D182F31188BFF36F8FF0E7FB
S2140191000168596082F31188BFF36F8F7047F7B516
S21401911006460F46C9B1C06EFFF7E1FF0546B0B17E
S2140191200122304601A9EDF7B5FE044630B12946C5
S2140191303046FFF7D0FF204603B0F0BD019BC3E9E0
S2140191400050988118773B60F5E72224F3E71A244C
S214019150F1E710B5EFF31184302383F31188037C14
S21401916023B184F31188BFF36F8F10BD8368C2608B
S214019170416003F140021B6C53B9036010608268C2
S21401918092F84430013382F8443001230374E8E74F
S2140191901A461B68F0E737B504460522D0F8A40046
S2140191A001A9EDF777FEB0B9019B5C61227A5A748A
S2140191B0E27A62F07F021A74EFF31185302383F3AB
S2140191C01188D4F8A40001990830EDF765FF85F3FE
S2140191D01188BFF36F8F03B030BD0A7C10B57F2AAC
S2140191E04FEA921398BF0023EFF31184302282F3E3
S2140191F011881BB9437B43B990300BE0032B10D188
S214019200837B73B90123837301E0013B4373D0F879
S214019210A4000830EDF740FF84F31188BFF36F8F89
S21401922010BD9430F6E7053803288CBF00200120D6
S214019230704708B5C36800209847034B1868BDE817
S21401924008400CF08BBF00BF443100207FB50C46B0
S214019250054658B390F8343053B3164E0121FAF749
S21401926026FD3246284614490DF10F03FAF7E3FFAF
S2140192700246B8B99DF80F30012B0ED13369082B81
S21401928012D1214600902846FFF7FEFA0446E86B05
S214019290FFF7CFFF204604B070BD022B0CBF602441
S2140192A02D24F4E72D24F2E76324F0E72124F1E7E7
S2140192B01124EFE7A031002000710800F8B505463B
S2140192C0EFF31186302383F311888C30EDF7DAFE45
S2140192D0044620B986F31188BFF36F8FF8BD837CEF
S2140192E000F130073BB101338374D5F88C3003634A
S2140192F0C5F88C70EEE705F130000CF017FE86F32A
S2140193001188BFF36F8FA6682EB92168D5F8A4001F
S214019310FFF7E1FE2660EFF31181302383F3118816
S214019320A37CD5F8A4200133A374936823639760C4
S2140193302B7C01332B74EB7B013BEB7381F31188A0
S214019340CAE72DE9F04792B00446DDE91B65DDE981
S2140193501D789246894629B96FF08604204612B0D8
S214019360BDE8F087002AF7D0002EF5D00DB9002F02
S214019370F2D1B8F1000FEFD02388B3F5105F4BD1CF
S2140193802822002108A80AF08BFD20220021684629
S2140193900AF086FD08A80CF022FF10B16FF09204C7
S2140193A0DCE720466B4652464946FDF713F804466D
S2140193B00028D3D1009B103B102BCDD8184A22FA97
S2140193C003F3DB07C8D5AE421FD206F110039D4258
S2140193D01BD20F2FC0D93146102228460AF073FE41
S2140193E02E4632462B46694608A8FEF791F80646F1
S2140193F070B139462846FCF775F90023012EC8F8E6
S2140194000030CBD16FF08B04A8E70F2FE9D8A3E784
S2140194101023C8F80030A1E76FF085049EE700BF6F
S214019420010101002DE9F04FA7B00F46DDE93398A1
S21401943015469B460446002800F0B680002900F039
S214019440B380359B002B00F0AF80319B1BB1309B66
S214019450002B00F0A9803DB1329B002B00F0A480C8
S214019460B9F1000F00F0A080A8F104030C2B00F264
S2140194709B803B68103B102B00F296804B4A22FAE9
S21401948003F3DB0740F19080494B0DF18C0A43EA68
S214019490082323600023514663602362A360384695
S2140194A0FCF7D7F9034600287AD1204623990CF019
S2140194B0A0FE204631990CF09CFE294620460CF071
S2140194C098FE01264FF00053204602A90396049306
S2140194D0FCF777FA384605A9FCF74DFA034600284B
S2140194E05ED1204605A9FCF76CFA324BCDF88CB05C
S2140194F02496259308AB9AE8070083E807001946E7
S2140195002046FCF75EFA309B20AA2093319B2196D9
S21401951043F0005322930BAB07CA83E807001946B2
S2140195202046FCF74EFA329B45F000571D931DAAC4
S2140195301E960EAB1F9707CA83E8070019462046FA
S214019540FCF73FFA359B1AAA1A9348F000531B966C
S2140195501C9311AB07CA83E8070019462046FCF79F
S21401956030FACDF85C9014AB189617AA199707CA6B
S21401957083E80700B9F1000F03D1169A42F0804242
S2140195801692194620460CF08CFE20460CF05AFE28
S214019590034628B1019029464846FCF7A3F8019BEB
S2140195A0184627B0BDE8F08F2123F9E70101010035
S2140195B0000003040C0000202DE9F04FADF5757D89
S2140195C007468846934600211822BAA899460AF00B
S2140195D067FC00219F4BD0221C68B0AE3160C0A84A
S2140195E00AF05EFC4FF48072314620469A4BF1F742
S2140195F005F9054650B931684868D1E90823000ADB
S21401960017D0964CA04220D06FF086053068F4F74C
S214019610B3FF044635BB924BBB939DF8FC3243F037
S21401962010038DF8FC3210B320460DF5757DBDE8AC
S214019630F08F0420BA90C0A8FEF794F810F1860FB8
S214019640054608D10123BA93E0E70420BA90C0A8E2
S214019650FEF788F805463368002DD7D11B88ADF88C
S214019660F032D3E7BAA8FEF729FB2C46DCE7BA9B13
S214019670002B00F08A809DF8FC2212F00E0F40F0BD
S2140196808480012B04D0042B75D06FF08604A5E0EE
S214019690744BC09A9A421AD19DF80733022B67D0B1
S2140196A0102B65D8DC0763D40522CDE9CB23DB9BE1
S2140196B0C2A843F00203CDF82893CD95DB93F1F7CA
S2140196C01CFDF0F793F80446002840F08780052338
S2140196D0CDE9BD399DF8FC32BA9A43F002038DF804
S2140196E0FC32002A51D09DF8FC32D9074DD4BB9BE1
S2140196F05D4923F47E138B4203D001F580718B42C2
S214019700C3D1012A58D0042ABFD1DD9B002B3CD1FE
S21401971038687968D9AB03C3B86818600C23DD9341
S2140197209DF8FC32BA9A43F001038DF8FC3262B31D
S2140197309DF8FC3203F00901012926D19B0754D577
S214019740BD9B042BA1D9053BBD93012A52D0042A07
S2140197509BD1B8F1000F98D0CA9BB3B1DDE9D332E3
S214019760134312D105224146CAA8FCF727FB4BE05A
S2140197706FF00C00A5E7CA9B3B4923F47E128A4290
S21401978006D001F580718A4205D06FF0880425E085
S214019790D8033FF57AAF13F4701F3FF476AFC3F3E7
S2140197A00543102B3FF671AFDDE9D3321343ECD1FD
S2140197B00523CDE9D7398AE72A4BC09A9A4231D197
S2140197C09DF806130C233A4601F00101C2A8F1F7F1
S2140197D0D3FCF0F70BF804460028A1D0BAA8FEF790
S2140197E06DFABAA8FEF76AFA1EE71E4BBB999942B4
S2140197F0ABD1CAE71B4BC09A9A4213D14146C2A8C5
S214019800FEF7D6FBEFF7F2FF04460028E6D19DF8F7
S214019810FC32BA9A43F004038DF8FC322AB96FF091
S21401982088060FE06FF08504D8E79DF8FC32DF0765
S214019830F5D59D072ED5BD9B13B9BE9B994515D968
S2140198406FF08606BAA8FEF739FABAA8FEF736FA16
S2140198503446E9E6B40C0020000248050200800008
S214019860000250050001500500014005A3EB090365
S214019870BE93012A13D0042AE2D1282200213046C1
S2140198800AF00EFB30460CF0AAFC054630B36FF02A
S2140198909206D7E7A94BBB999942EAD1BFE7A74BF6
S2140198A0C09A9A4240F0BB83DB9BD80613D4CC9B6C
S2140198B023B1CD9BCA9A4B4493420CD85B464A4689
S2140198C05946C2A8F1F78CFCEFF790FF0646002830
S2140198D0B8D14D4620E06FF00C00F5E7CA9B984AD8
S2140198E023F47E13934208D19DF8A633934F4B443D
S2140198F099450BD26FF08906A4E7924A934240F04D
S2140199008E839DF8C833904F102BF0D1BBF1000F1A
S2140199100FD1B9F1000F93D19DF8FC32BA9E43F0F6
S21401992008038DF8FC32002E40F07C836FF088042B
S214019930AFE3B9F1000FEFD0DDE9D3231A4307D126
S2140199401146CAA8FCF73AFA064600287FF47AAF11
S2140199507A4B9F4200F09C82DDE9D63213EB090375
S21401996052F100024FF0000128BF012100298ED1DB
S2140199706FF01F0098424FF00F03934187D39DF875
S214019980C86316F0EF0F00F0098109EB06030DF529
S2140199906E7E0F2BB6440FD84A46594670460AF0DB
S2140199A0E3FB9DF8C883C8445FFA88F88DF8C8833E
S2140199B0D49B4B44D493AFE7102BE6AF0AD1B846FD
S2140199C00DF55E7CB8E80F00ACE80F0098E80F00D4
S2140199D08CE80F00C6F11003DBB21A4659467046F2
S2140199E004930AF0C1FB5F979DF8CA33574F584955
S2140199F04FF00108002B08BF3946CDF880810DF1E4
S214019A00B00C61915FAA07CA8CE80700DFF84CC169
S214019A10EEA95C915CAACDF874810DF1BC0ACDF873
S214019A2078C107CA8AE80700CDF864B159AACDF80B
S214019A306881CDF86CC10DF1C80C07CA8CE8070027
S214019A40E6A9569156AACDF85C81589735AF07CA54
S214019A5087E807009DF8C9033E493F4A404508BFCD
S214019A600A46002B0CBF032343461A430023ACA926
S214019A70CBA8B193B092B293B893FBF7EAFE0590E8
S214019A8000287FF404AFAC99B0A80CF0B2FB059B9C
S214019A90B0A819460CF0ADFB1021B0A80CF0A9FB3C
S214019AA04FF0005338A9B0A8CDF8E4803A93FBF7FD
S214019AB088FF3BA9CBA8FBF75EFF00287FF4E7AE43
S214019AC03BA9B0A8FBF77DFF2CA9B0A8FBF779FF4F
S214019AD05146B0A8FBF775FF32A9B0A80CF0E1FB20
S214019AE0B0A839460CF0DDFBB0A80CF0ABFB20B1FA
S214019AF02021E6A8FBF7EEFDC9E6D69BD79A1033E0
S214019B0042F10002CDE9D6329DF8C8338DF8CA037A
S214019B104B44102B03D110258DF8C83348E7049B1E
S214019B20A9EB03070F2F1BD81946103E3A46594496
S214019B30EEA84E440AF018FBF3B2ECE7000150051C
S214019B4000014005000240050002500520000020EB
S214019B500C00002000000304000002041000002096
S214019B600BF11003059310238DF8C8030693049B8D
S214019B7017F00F020BEB03061BD0102F5FFA87F8C6
S214019B8011D927F00F07F9185944EEA808F00F0865
S214019B900AF0EAFA8DF8C8835E46C4E04F46CDE97E
S214019BA005B10491E3E73A463146EEA80AF0DCFA3D
S214019BB0FCE6102F00F04B81A7F1100572199DF8F5
S214019BC0CAE3EEAB02F110089C46106851680832F1
S214019BD0ACE8030042456346F6D14FF01003A849AE
S214019BE08DF8C833A74B4FF00108BEF1000F08BF30
S214019BF019460DF5667ACDF84CA10DF1680CCDF835
S214019C00508153AA559107CA8CE80700509645F033
S214019C100056CDF844810DF1740C529650AA07CA2D
S214019C208CE8070005994DAA4D91CDF838814F96DD
S214019C3020AE07CA86E80700CDF828A14AAACDF8C3
S214019C402C8123AE4C9307CA8F4B86E807008F4AB8
S214019C509DF8C913CBA8414508BF1346BEF1000FB6
S214019C600CBF032242461343B0930023ACA9B19321
S214019C70B893B293FBF7EDFD079000287FF407AE8B
S214019C80AC99B0A80CF0B5FA079BB0A819460CF031
S214019C90B0FA2946B0A80CF0ACFA4FF0005326A94A
S214019CA0B0A8CDF89C802893FBF78BFE29A9CBA8FA
S214019CB0FBF761FE00287FF4EAAD29A9B0A8FBF7FF
S214019CC080FE1AA9B0A8FBF77CFE1DA9B0A8FBF779
S214019CD078FE20A9B0A80CF0E4FAB0A831460CF042
S214019CE0E0FAB0A80CF0AEFA00287FF401AF059BAD
S214019CF0D79A2B440593D69B8DF8CA035B1942F17C
S214019D000002CDE9D632069B0BEB05061F44A7F1F0
S214019D1010035746DEAD06930FCF0FC597E80F0029
S214019D20102785E80F00D69BD79ADB1942F100026F
S214019D30CDE9D632534D9DF8CA3351494FF0010A49
S214019D40002B08BF29460DF5667CCDF81CC10DF128
S214019D50200ECDF820A147AA499107CA8EE8070030
S214019D60049944AA0E44449647F00056CDF814A12F
S214019D700DF12C08469607CA88E80700059941AAFE
S214019D804191CDF808A143960EAE07CA86E80700B2
S214019D90CDF8F8C03EAACDF8FCA0409511AD07CA93
S214019DA085E807009DF8C9033849374A504508BF7A
S214019DB00A46002B0CBF032353461A430023ACA9C3
S214019DC0CBA8B193B092B293B893FBF742FD04903F
S214019DD000287FF45CADAC99B0A80CF00AFA049B9D
S214019DE0B0A819460CF005FA3946B0A80CF001FAED
S214019DF04FF0005314A9B0A8CDF854A01693FBF762
S214019E00E0FD17A9CBA8FBF7B6FD00287FF43FAD10
S214019E1017A9B0A8FBF7D5FD08A9B0A8FBF7D1FD97
S214019E204146B0A8FBF7CDFD3146B0A80CF039FA93
S214019E30B0A829460CF035FAB0A80CF003FA0028B1
S214019E407FF456AE069D8DF8CA033D44B0E5DEADFF
S214019E500DF5667CBCE80F000FC59CE80F0085E891
S214019E600F00EEAB06F110051A4630687168083629
S214019E7003C2AE421346F7D110238DF8C8338BE6E2
S214019E800C00002020000020000002040000030453
S214019E9010220021A4A80AF003F810220021A8A885
S214019EA009F0FEFF10220021ACA809F0F9FFD69BAD
S214019EB019EB030213462CBF01250025BFF4E7ACBE
S214019EC0D79A93423FF6E3AC96490BEB09008842DA
S214019ED03FF6DDAC9DF8A60309EB000ABAF10F0FB9
S214019EE00ED893420CD00DF2963318444A46594682
S214019EF00AF03AF99DF8A6334B448DF8A63357E598
S214019F005F46CDF810B0ACAEBAF1100F4FF01002AC
S214019F104FF000013046D04628BF4FF0100809F038
S214019F20BFFF9DF8A633002B62D0102B3FF6AFACD7
S214019F301A460DF29631304605930AF015F9059B3F
S214019F403946C3F11002F01805920AF00DF94FF0E8
S214019F500003059A8DF8A63317449DF87433002B39
S214019F604DD0049B4246CDE90163A8AB0093CBA933
S214019F700DF27533B0A8FDF72BFB9DF8742303464D
S214019F80012A16D110220021304609F089FF4246E7
S214019F90049930460AF0E8F8A4AB00930DF2863235
S214019FA03346CBA9B0A8FEF7E0FA034600287FF4B3
S214019FB06EACD699049808EB0102D692AAEB080279
S214019FC040440F2A4544049027D8D79851448142EB
S214019FD021D039460DF29630CDE904230AF0C4F8B3
S214019FE0049A059B8DF8A623002B3FF4E1AC4EE4C2
S214019FF03946424630460AF0B7F84744ADE7A4ABC7
S21401A00000930DF286323346CBA9B0A8FEF7ADFA1F
S21401A0100028A6D03BE4002AE6D0924674E76FF00B
S21401A02085060FE49DF8FC32D9074CD59A0707D56B
S21401A030DDE9BD210A4303D06FF08604002628E03F
S21401A04013F010033FD0012E0FD0042EF4D1282296
S21401A0500021B0A809F024FFCA9FC7F30548B8F14C
S21401A060080F27D96FF08904E8E79DF80723082A27
S21401A070F8D82D4BC099994240F09682FE99C2A815
S21401A080F0F7FAFFEFF7B2FB04460028D6D19DF8A9
S21401A0900763FE9B2121C6F10802981909F000FF0B
S21401A0A0BAA8FDF70BFE002C7FF49BABFFF701F877
S21401A0B0FFF7BABAA9EB0509B9F1FF0FBCD8FE9BA9
S21401A0C0002BB9D017B96FF08804B7E7DDE9D36381
S21401A0D01E4307D132463146CAA8FBF76FFE08B1C8
S21401A0E00446D6E7CA9B114A23F47E13934212D044
S21401A0F002F58072934211D0B3F1052F0C4B14BFB9
S21401A1004FF0000A9A46B0A80CF069F8064698B1D6
S21401A1106FF0920492E7DFF810A0F4E7DFF814A0DE
S21401A120F1E700BF000001200001500500014005D5
S21401A1300005100500025005804B9A4500F0CA81C3
S21401A14003F580739A4540F027829DF8C933002BAA
S21401A15040F0268217F4701F00F023829DF8C87322
S21401A160102F04D05FFA89F9B945C0F01A8217F0AA
S21401A1700F0C14BF3B460023D69AD7999B1841F182
S21401A1800001DDE9D82E52EA0E00CDE9D63115D010
S21401A19053EA010012D1DAA94246FE9809F0E4FF1B
S21401A1A01021DAA8FBF796FA4646B0A80CF017F885
S21401A1B00028ADD1002C18BF00266AE79DF8CA0317
S21401A1C05D4440B952EA0E0040F0C280A3F110008F
S21401A1D0084340F0BD800F2F04D827B11DB94FF0BA
S21401A1E0210BA6E0A8ADCB9B103B102BF7D8544A09
S21401A1F022FA03F3DB07F2D5524B0DF52C79B09317
S21401A20000234946CBA8B193B893B293FBF721FB41
S21401A2108346002840F08D804FF001094FF0005A28
S21401A220AC99B0A80BF0E5FF5946B0A80BF0E1FFDA
S21401A2303946B0A80BF0DDFF83A9B0A8CDF810927F
S21401A240CDF814A2FBF7BDFB86A9CBA8FBF793FBC1
S21401A250834600286DD186A9B0A8FBF7B2FBE6AA13
S21401A2609892394ACDF864920DF5097C98AB9A928A
S21401A27093E807008CE807006146B0A8FBF7A1FB4E
S21401A280CDF86CB20DF50C7CCDF870929BABCDF889
S21401A29074A293E807008CE807006146B0A8FBF7B4
S21401A2A090FB47EA0A0AEEAA9E929EABCDF87C92F4
S21401A2B00DF50F7CCDF880A293E807008CE8070027
S21401A2C06146B0A8FBF77DFBA195A1AACDF88892BF
S21401A2D092ABCDF88CA207CA83E807001DB99A682D
S21401A2E042F080429A601946B0A80BF0DAFF0122CC
S21401A2F00DF52C79CDF89092A592144A0DF5157CA2
S21401A300A4ABA69293E807008CE807006146B0A8C4
S21401A3100BF0C7FFB0A80BF095FF834628B942465D
S21401A3204946FE9809F020FF3EE739462846FBF7E6
S21401A330D9F94146FE98FBF7D5F9C3E0000150056F
S21401A34001010100000002040C00002010000020A2
S21401A350500FD20040EACE0012BAA9925A0FDB0083
S21401A3601BBAAB93EEAB7793012342EAC102789313
S21401A37012BA47F0005300BA79930DF5C479AA9240
S21401A38077AA0DF5287ECEF8000007CA89E80700EF
S21401A390BCF1000F40F09C80002F00F09980DEA9F0
S21401A3A04FF0010C7A918249CDF8ECC17AAA7C91E2
S21401A3B00DF5CA7907CA89E807007E49CDF8F4E1A8
S21401A3C07DAACDF8F8C10DF5D07E7F9107CA102F72
S21401A3D08EE80700809580AACDF804C282936BAB05
S21401A3E007CA83E8070005D100221A609A6842F07E
S21401A3F080429A604FF0010AFE9AACABAC9248F0EC
S21401A4000052CDF8B4A2AE9293E807006A4B6EAD47
S21401A41043EA0823B093002385E80700A4A9CBA844
S21401A420B193B893B293FBF714FA8346002849D147
S21401A430A499B0A80BF0DDFE5946B0A80BF0D9FEE2
S21401A4403946B0A80BF0D5FE4FF0005371A9B0A85D
S21401A450CDF8C8A17393FBF7B4FA74A9CBA8FBF7A0
S21401A4608AFA834670BB74A9B0A8FBF7AAFA4946D4
S21401A470B0A8FBF7A6FA62A9B0A8FBF7A2FA68A9EA
S21401A480B0A8FBF79EFA9DF8C933534503D1294678
S21401A490B0A8FBF796FA6BA9B0A80BF002FF9DF8DF
S21401A4A0C9331BB96EA9B0A80BF0FBFEB0A80BF020
S21401A4B0C9FE834600283FF477AE9DF8C933002BCA
S21401A4C03FF437AFBBF1210F6BD06FF092046CE60F
S21401A4D0E6A965E79DF87433002B61D10DF5247A62
S21401A4E0014610225046A8AD09F0DAFC102231468A
S21401A4F0284609F0D5FCDC9FB84552D39DF8A63313
S21401A5005FFA89F94B454CD89DF88523D8A9C2F145
S21401A5100E030DF291208DF8903209F025FEACABBA
S21401A52010223146184609F0BBFC0DF28632CDE901
S21401A530000253463A460295CBA9B0A8FDF748F863
S21401A540834690B99DF87433DC9A012B1FD12F46B0
S21401A5500346FE9902EB010C8C4510D12BB1114636
S21401A560FE98FBF7BFF84FF02C0B10212846FBF79F
S21401A570B1F8DC9BBBF1000FA4D11E4615E611F81D
S21401A580010B17F801EB80EA0E000343E4E72946C6
S21401A590FE9809F0E9FDE8E708266FF0850404E671
S21401A5A008266FF0860400E66FF0850446E500BFD6
S21401A5B02000002010000020020002042DE9F04FC8
S21401A5C0A1B08946DDE92B540746CDE907232D9E28
S21401A5D000283AD0B0F800A00AF4E043B3F5005FD3
S21401A5E036D10AF4E062B2F5806F31D1072C2CD94E
S21401A5F04FF00808099345B3A4EB080405EB040BD8
S21401A600424659460AA809F0AFFDB9F1000F1CD021
S21401A6102A9BD3B1099B0EB92E9AB2B92F9AA2B131
S21401A620B3F5005F17D10AF4E063A3F580625342E5
S21401A6305341DB00BAF5105F07D17A8822F040015A
S21401A64080290AD0B2F5807F07D06FF0860716E022
S21401A6504FF00008CEE70023ECE7002BF5D02822C8
S21401A660002116A809F01CFC202200210EA809F0E2
S21401A67017FC16A80BF0B3FD28B16FF09207384609
S21401A68021B0BDE8F08F38464946079A0EABFBF776
S21401A690A1FE07460028F2D12E9B9C4221D8B54246
S21401A6A007D2B34505D929462246304609F00BFDA7
S21401A6B035460AABCDE90483052301932A9B22463E
S21401A6C00093CDE90256089B0EA916A8FEF7AAFE2E
S21401A6D02128BAD02C2807D00028CED12F9B1C6069
S21401A6E0CDE76FF08907CAE76FF09407C7E72DE952
S21401A6F0F04F044689B0104615460491EDF771F8FF
S21401A70000286FDD2046E988EDF788FA00286CD12D
S21401A7102B68B4F806900093374D494600982B688D
S21401A7202B68EDF787F803460733282B34BF4FF025
S21401A730FA0A4FF01E0ADA08D4F8008023F007035D
S21401A74001900292059349464046029AFDF7C4F9E4
S21401A750044618BB059B019A494640469A1AEDF7EE
S21401A7607AF8BAF1010A43D00499D8F80000EDF757
S21401A77045F80126C743D5F800B0B14512D84BEAD3
S21401A780070303932F682B684B462E6803F1FF3BA4
S21401A79083B9039A2B6817409F42D4D0204609B04C
S21401A7A0BDE8F08F58F82600ECF7A7FF01364BEA14
S21401A7B0000BE2E7009B53F82B2058F82B3010468D
S21401A7C0194607930692EDF719F8079B069A064372
S21401A7D011461846EDF712F820EA06031F43064312
S21401A7E05B46D3E76FF00304D8E76FF00F04D5E7B5
S21401A7F06FF00D04D2E700BFB00B00202DE9F04F3B
S21401A80001230024ADF50B7D2020CDE91243CDE9CF
S21401A8101443CDE9164301F0EFFC0790002800F041
S21401A8206D86202001F0E8FC0590002800F0628685
S21401A8302AAE3046ECF7A9FC4FF4804361AD2846BA
S21401A84061932B9FECF7A9FCA14B30462A93619BA1
S21401A85038942C939F4B0DF1E0092D93FEF7C8F821
S21401A8608346002834D117F0FF0849460CBF284616
S21401A8702046EFF717FD834650BB0FCE389CA44603
S21401A880ACE80F0096E803008CE80300B8F1000F6F
S21401A89001D1619B6361636A83B1D4E90867636828
S21401A8A01B0A06932FD06FF0860B206A10B1616ADF
S21401A8B0EDF7C6F80022C4E9082209E03F0A40F095
S21401A8C0C68120212046EFF7CBF883460028E4D046
S21401A8D0389808B1EFF7D7F85846ECF7ABFC069076
S21401A8E020210798EDF7A2F805982021EDF79EF8AC
S21401A8F0059801F089FC079801F086FC06980DF58D
S21401A9000B7DBDE8F08F23885A0440F1AC80002E01
S21401A910C9D0002FC7D0628808920732072A4FEAAB
S21401A920D20800F0A08003F4E043B3F5804F00F0B6
S21401A9309A802022069950A809F0B2FA414620468C
S21401A94050AAFBF7DDFC8346002840F0DF8547452B
S21401A95002D26FF08C0BA8E7509B014628222846AE
S21401A960DDF84CA1099309F09BFA28460BF037FC59
S21401A97010B16FF0920B98E74FF00072FD1C0DF5C9
S21401A980807925F00305494650A8CDF888B1CDE970
S21401A99054656192CDF88CB1CDF8A4B1FAF759FFA0
S21401A9A000287FD1409961A80BF023FC012219925F
S21401A9B04FF0005218A961A81A92FBF702F81BA9DA
S21401A9C050A8FAF7D8FF002841D161A81BA90BF0BF
S21401A9D068FC61A80BF036FC002838D1BAF1000FEC
S21401A9E019D1099BB3F1805F15D2494650A8CDF81D
S21401A9F000A1CDF84CA1FAF778FE002852D1409874
S21401AA00830708D085424DD32A1A514602F0030225
S21401AA10304409F045FA6268120A04D13146089AB0
S21401AA202088FEF735F8002162686162120A10D1AB
S21401AA30228822F0FF01B1F5824F05D1413AD2B208
S21401AA40012A88BF08F10108C4F8248003E04828D9
S21401AA5028D16FF0850B61A80BF0C1FB002888D1C7
S21401AA601BF1860F0DD1238803F4E042B2F5805F17
S21401AA7002D0B2F5005F18D139463046EFF723F819
S21401AA808346BBF1000F7FF410AF2379002B40F013
S21401AA90C280277E6369012F089300F0C6806FF09D
S21401AAA0960B15E76FF0920BD5E703F44F41B1F51E
S21401AAB0824F09D1B2F5E04F06D1DBB2122B628884
S21401AAC00AD0412B00F088806FF0850BEDE600BFC1
S21401AAD04171FF0000000209B2F5807FF4D1032125
S21401AAE00023012561A8CDE96353CDE96553CDE97E
S21401AAF06753CDE96953CDE96B53CDE96D53CDE984
S21401AB006F53CDE97133CDE97333CDE97533CDE9B3
S21401AB107733CDE97935CDE97B35CDE97D35CDE99D
S21401AB207F358DF884316293EEF7C4FD0246002826
S21401AB3043D161A8ECF7E2FE0228804659D1DDF840
S21401AB40C49179A84FEAD90AAA441AF0030118BF9A
S21401AB50294601EB9A01EDF761F8002856D15246D5
S21401AB60BDF8EA117998FCF7B7FF024628BBC9EB96
S21401AB70CA01013979A8ECF7A6FE0246E8B92A46C9
S21401AB80494679A8EDF740F90246B0B9014679A8D9
S21401AB90EDF73AF9024680B9294679A8EDF734F976
S21401ABA0024650B9B9F1FE0F1BD032463B4604F1BE
S21401ABB0240161A8ECF70EFF024661A80892EEF7A1
S21401ABC039FD79A8ECF747FF7BA8ECF75FFF089AF9
S21401ABD01046EEF70BFE53E7FF2A7FF475AF092107
S21401ABE07EE7414679A8EDF70FF90246002ADCD048
S21401ABF0E3E701280DD101466EAA79A8FFF777FD94
S21401AC0010F10E0F0246F1D1B44AD6E76FF00F02EB
S21401AC10D3E7B34AD1E72046D4E90812F3F7E7FCB5
S21401AC20834600283FF435AF52E6022323760023FD
S21401AC30AC4A0FAC136021461A460898EFF7DEFDC2
S21401AC40054638B10898EFF70CFE284645E66FF042
S21401AC50860B3DE625682B88590406D569682A6A5D
S21401AC60090AD5F824B00A920BD06FF086040F9823
S21401AC70F3F782FC0FAE0546002C00F091812546C5
S21401AC80E0E703F4E043B3F5804F2AD1288800F4C7
S21401AC90E043B3F5804F20F4405244F2010340F004
S21401ACA059819A4208D000F44F43B3F5824F03D03E
S21401ACB0B3F5844F40F05081BBF1200F00F2A48021
S21401ACC0894B5A4618460A9909F04EFA0021CBF1EB
S21401ACD02002584409F0E4F8824B0024C3F800B07F
S21401ACE0C5E70A9B002BC0D0BBF1000FBDD030AE2C
S21401ACF02022304609F0D4F833465A4628460A99A7
S21401AD00FBF768FB0446002840F0E3802B8803F439
S21401AD104F4ABAF5824F62D1413BDBB2012B94BF59
S21401AD20002301230993B4464FF02009BCE80F0025
S21401AD3038AF0FC79CE80F0087E80F00B3684022C2
S21401AD40002161A840AF0D93D6F80C8009F0A8F851
S21401AD504A460021384609F0A3F86B88BAF5824FB7
S21401AD6003F107034FEAD3030B933AD15B4213F087
S21401AD70030A36D0B8F1000F12D10B9B9B45FFF4A6
S21401AD8074AF52464146384609F08AF8DDE90A12A0
S21401AD9007EB0A0009F0E8F9C6E90387C6F814903C
S21401ADA04FF0400961AB0C9300220D9B38AF23F0A6
S21401ADB0807323F4804343F40053C7E902320C9BAB
S21401ADC00DF1400841463846C7E90439C8F8002065
S21401ADD0FAF7ACFC014668B16FF0920447E70997B1
S21401ADE0A1E7414B099A4FF0000A13444FF020099E
S21401ADF00C93D9E7D8F80060099B1E44A6EB4A06D7
S21401AE00202EC8F8006002D96FF089042FE72822A7
S21401AE1050A809F045F850A80BF0E1F90028DBD15D
S21401AE20012339461A4630A8FAF7B2FC002862D147
S21401AE300D9B13F4C04F5ED02C4B0DF19C08519026
S21401AE4058905290414630A85093FAF702FD0028D8
S21401AE5051D1279950A80BF0CCF901234FF000529D
S21401AE601EA950A81F932092FAF7ABFD21A930A87E
S21401AE70FAF781FD002840F0458321A950A8FAF78A
S21401AE80A0FD384611A9FAF751FC002833D1119AD2
S21401AE904A4530D801230C9942F00052279124AF3D
S21401AEA02893299298E8070087E80700394650A8B2
S21401AEB00BF0F7F9032750A80BF0C4F9012817D1B6
S21401AEC0013FF8D16FF08B0450A80BF088F90028E9
S21401AED082D114F1860F7FF4CAAED7E600B3FFFF26
S21401AEE080B0FFFF00400020C019002000000102D2
S21401AEF020B148282BD06FF09204E5E7BAF1000F95
S21401AF001DD0099A524BA6EB02094FEA5909C9F11D
S21401AF100007134407F003070DF5C2784A461846A2
S21401AF2008EB070109F020F909EB470141444A46BD
S21401AF30484409F019F90B9940A8FAF7D3FB099B85
S21401AF4013B10422434B1A74434B1E60BCE76FF0E7
S21401AF508504B9E79A4220D000F44F43B3F5824FF7
S21401AF601BD10023619361AB69880A9A00935B4603
S21401AF70FDF708F9044600287FF479AE619D20228A
S21401AF80354B33492846EEF7EBFD04462846EEF7E7
S21401AF9081FB28460AF0E0FD69E66FF0850466E667
S21401AFA000287FF44FAE2022294914A8ECF750FE62
S21401AFB02022274914A8ECF7E0FB2022274912A8F3
S21401AFC0ECF77BFE2022254912A8ECF7A3FB4FF4F1
S21401AFD080423146224B08983460EFF70FFC074653
S21401AFE078BB35682B8823F0FF03B3F5E24F02D018
S21401AFF0B3F5E44F05D16B880733B3F5847F80F052
S21401B0001C82D5E908986C68240A40F019820EABB8
S21401B01003932023059A0293CDE90032494642461E
S21401B02028460E4BFCF7E8FB10F1860F074640F06A
S21401B0300681288820F0FF03B3F5E24F12D06FF0A7
S21401B040860720210598EEF73EFD20230E93F9E0B2
S21401B050C0190020B019002000400020E01900208F
S21401B0600000020910AE698843464A4600961094CD
S21401B070FDF788F807460028E3D1109E11AD337816
S21401B0802C60032B00F0EC80092B00F0ED802746A6
S21401B090A422002161A808F003FF47F48240202380
S21401B0A02146914A0095FDF76DF8D5F800800746D0
S21401B0B0002840F09C809DF8853198F80010002B00
S21401B0C040F0D580012262A8CDE96332CDE9653230
S21401B0D0CDE96732CDE96932CDE96B32CDE96D3222
S21401B0E0CDE96F32CDE97133CDE97333CDE97533EF
S21401B0F0CDE97733CDE97933CDE97B23CDE97D23DE
S21401B1008DF884318DF886218DF885118DF888317A
S21401B110CDE97F23CDE98123CDE98323CDE98523BD
S21401B120CDE987238992EEF7C5FA002840F0A98079
S21401B1309DF88631012B00F09E806C48EEF756FB99
S21401B1400746002853D19DF885313178002B40F011
S21401B1509A80012262A8CDE96332CDE96532CDE954
S21401B1606732CDE96932CDE96B32CDE96D32CDE991
S21401B1706F32CDE97133CDE97333CDE97533CDE95E
S21401B1807733CDE97933CDE97B23CDE97D238DF87E
S21401B19084318DF886218DF885118DF88831CDE9B9
S21401B1A07F23CDE98123CDE98323CDE98523CDE92D
S21401B1B087238992EEF77EFA002874D19DF88631AE
S21401B1C0012B63D04948EEF711FB074678B99DF885
S21401B1D08631012B69D04548EEF708FB074630B9A2
S21401B1E00E9B0734B3EBD40F05D06FF096072021E2
S21401B1F00598ECF71BFC9DF88631012B0ED162A851
S21401B200EEF718FA7AA8ECF726FC7CA8ECF731FCE6
S21401B21082A8ECF72EFC88A8ECF71DFC002340461C
S21401B220ADF884318DF88631EEF734FA40460AF0EF
S21401B23093FC3046EEF72EFA30460AF08DFC002FCE
S21401B2407FF4FFAE0F98F3F797F90446002F00F04E
S21401B250FA803C460898EFF704FB2046FFF73DBB13
S21401B2604FF48074122713E7FF24412710E78B421F
S21401B2703FF45EAF61E708F1680182A8ECF784FD50
S21401B2805CE71B485AE78B4298D09BE706F16801BA
S21401B2907CA8ECF779FD002895D106F160017AA823
S21401B2A0ECF73CFD8FE712488DE7719B002B92D09F
S21401B2B00146412250A89DF8885108F0F1FD402230
S21401B2C0394640A808F0ECFD1822394638A808F09F
S21401B2D0E7FD6B1E082B0DD8DFE803F08B0C7B8097
S21401B2E0830C0C0C860000BFE019002080B0FFFF25
S21401B2F080B1FFFF4FF0000A6FF0710755463846E0
S21401B300FAF79EFC00287FF467AF4FF4804330AF16
S21401B31038463093EBF741FF309B0AF107023A9328
S21401B32005F48243B3F5824F4FEAD209099363D1FC
S21401B330EBB2412B60D14A4640A97AA8CDF8C0901D
S21401B340ECF7E8F94A4650A982A8ECF7E3F94F462C
S21401B3504123ADF8E2A00DF5A07B0DF1C00AADF8D2
S21401B360E05038A84A46CDE901B340A95B46CDF87E
S21401B3700CA00097FCF740FAFAF762FC00287FF46D
S21401B3802BAF05F48243B3F5824F5946309A88A80D
S21401B3904DD1EDB2412D4AD1ECF75AFC88A8ECF715
S21401B3A057FA0730B0F5847FBFF415AF719B62A8DA
S21401B3B013F0070518BF012505EBD3050E95ECF72D
S21401B3C09DFA02282A46059988A833D1ECF7A2F9F6
S21401B3D002E74FF4807A47F2121590E74FF4C07AED
S21401B3E0F9E740F2092AF6E74FF0FF0A47F241155E
S21401B3F085E74FF0C00AEEE74FEA49074A4640A9FB
S21401B40001377AA83097ECF7B8F904234A460DF2CB
S21401B410411182A88DF84031ECF7AFF909F101012D
S21401B42050AB4A46194484A8ECF7A7F990E7ECF725
S21401B43044FCB3E7ECF7A1F9CEE66FF0890700E626
S21401B4406FF08507FDE500287FF404AF20220599FB
S21401B45016A8ECF732FC40AD2022059916A8ECF7A9
S21401B46059F92B462021079A05984097FCF79EFA32
S21401B47004460898002C7FF4EEAE409D202D7FF404
S21401B480EAAEEFF7EEF9044620B129460798ECF745
S21401B490CDFAE2E6204E96F850301BB10123069312
S21401B4A0FFF71EBA012561A8EBF76FFE50A8649757
S21401B4B05095EBF772FE509B079963934FF48443C4
S21401B4C06693164B1022CDE9613561A850ABEEF7B5
S21401B4D02BFF044610210798ECF7A8FA1CB986F84A
S21401B4E05050FFF7FDB92046EBF7A4FE031E18BF28
S21401B4F00123D4E719230693FFF7FDB91923069311
S21401B500FFF7FCB901283FF4DDACF2E410F1860F39
S21401B5107FF4CBA9FFF7A7BAB0190020011080006D
S21401B520F7B5012300220546CDE900230E46021D8C
S21401B53002216846FFF7DBF8044648BB06F1100215
S21401B5406B4611462846EDF778FC044600BB06F12B
S21401B55008076B463A4639462846EDF76EFC044620
S21401B560B0B96B466A4669462846EDF766FC04465E
S21401B57070B96B46324631462846EDF75EFC044606
S21401B58030B96B463A4639462846EDF756FC04462E
S21401B5906846ECF760FA034814F10E0F18BF204610
S21401B5A003B0F0BD00B3FFFF0022012373B50646CA
S21401B5B0CDE900230D46021D02216846FFF797F8E4
S21401B5C0044678B96B462A4629463046EDF735FCDF
S21401B5D0044638B905F110026B4611463046EDF7C0
S21401B5E02CFC04466846ECF736FA034814F10E0FB5
S21401B5F018BF204602B070BD00B3FFFFF8B5044681
S21401B6004518073549420D40A5F108063046EEF7C4
S21401B61077FA6188331BA1EBE30125F8061CA088A5
S21401B620DA1000EBE30080B225F8040CA188D1B152
S21401B630A4EBC1014F88C880D0194880E188C9B100
S21401B6408A1A92B204EBC10125F8022C8A80A288DC
S21401B6509AB911498A681344CA688B60934200D923
S21401B660CB603046F8BD15F8081C41F0020105F81C
S21401B670081CE3E725F8021CE9E7A4EBC2042278DC
S21401B680D207EED5044A91680B44D16893608B4289
S21401B69088BFD360E5E700BF701900202DE9F047A9
S21401B6A0002390464A1C08BF0821C8F8003000282D
S21401B6B000F099804D4F7B68984280F09480073067
S21401B6C020F00705EFF31189302383F311887E6993
S21401B6D0BEB133787288DB074FEAC20204D5F3881D
S21401B6E07BB106EBC306F4E79542F8D806F10803EA
S21401B6F0B3FBF1F001FB103353B12B449A42EED366
S21401B70043B989F31188BFF36F8F1920BDE8F0871D
S21401B7102B46F5E770883A69C3EBC000013A272843
S21401B7203A614ED99D4205F1080A45D03046FFF7E9
S21401B73065FF0446A2445046EEF7E2F9628805F139
S21401B7400F01A2EBD102CB08AAF80220AAF8043016
S21401B750E288002A32D0D31A9BB204EBC202AAF8BE
S21401B76006309380ED086580BAF804300022E38045
S21401B77031465046FCF77CFFBB68FA6808339342B3
S21401B780BB6088BFFB60237843F0010323703B69ED
S21401B79001333B616288BB68083403EBC203FA6875
S21401B7A0BB60934288BFFB60C8F8004089F31188EC
S21401B7B0BFF36F8F0020A9E73446BBE7AAF806203F
S21401B7C0D0E79D420DD03046FFF718FF0446237898
S21401B7D0012243F00103314620462370FCF748FF5F
S21401B7E0D8E73446F3E7212090E700BF7019002020
S21401B7F0002370B51646136089B180B101FB00F5D0
S21401B8004FF0FF312846FFF749FF044628B9306854
S21401B81018B12A46214608F043FB204670BD212474
S21401B820FBE702464FF0FF31102037E700F00CB877
S21401B83000F00AB800F008B800F006B800F004B846
S21401B84000F002B800F000B872B61EF0080F09D07A
S21401B8501EF0040F0DD0DFF850E0AEE8FF1F6FF0CA
S21401B86002000CE0DFF840E0AEE8FF1F6FF00E00CC
S21401B87005E0DFF834E0AEE8FF1F6FF0060069462A
S21401B880EFF309828EE8070086460848084C85458E
S21401B89001D3A54501D384F30888F3F7DFFB84F3CE
S21401B8A00888F3F7CDFB0000803D0020480000200B
S21401B8B0C80A00201FB514461A46094B05461B68E0
S21401B8C0D8684CB1074B00910749CDE901342B46A6
S21401B8D000F0C6F808F0EFFA044B1C46F3E700BF89
S21401B8E0244000207D8702008A870200518A0200D8
S21401B8F008B5064B044613B10021AFF30080044B94
S21401B9001B6803B198472046F8F707F900000000C6
S21401B910B0390020002310B50446836081811946A2
S21401B9204366C28108228361C0E90033C0E904335B
S21401B9305C3008F0B5FA0D4B246263620C4BA362CF
S21401B9400C4BE3620C4B23630C4B9C4206D003F179
S21401B9506802944202D0D0339C4205D104F15800CB
S21401B960BDE8104008F0A4BA10BD00BF193E0200A1
S21401B9703B3E0200733E0200993E020078380020EA
S21401B980024A0349034808F029BA00BF18400020BC
S21401B990FB3F02002840002041680C4B994210B53D
S21401B9A0044601D008F029FBA168094B994202D050
S21401B9B0204608F022FBE168064B994204D0204657
S21401B9C0BDE8104008F019BB10BD00BF7838002054
S21401B9D0E0380020483900200C4B04210C4A0D4861
S21401B9E010B51A600022FFF795FF0A4B01220921C4
S21401B9F01C4603F16800FFF78DFF022204F1D00018
S21401BA001221BDE81040FFF785BF00BFB039002006
S21401BA1081B9010078380020014808F04ABA00BF11
S21401BA20513D0020014808F045BA00BF513D0020B5
S21401BA3010B50446FFF7F0FF236A1BB1BDE81040BE
S21401BA40FFF7F0BF044B2362044B1B68002BF5D1B4
S21401BA50FFF7C2FFF2E700BF99B90100B039002035
S21401BA600EB403B503AB0146054853F8042B006832
S21401BA70019300F071F802B05DF804EB03B0704773
S21401BA802440002038B50023054D044608462B60A7
S21401BA90F8F740F8431C02D12B6803B1236038BD88
S21401BAA0B439002038B50446064D08461146002232
S21401BAB02A601A46F8F73BF8431C02D12B6803B1FB
S21401BAC0236038BDB439002038B50446064D084613
S21401BAD0114600222A601A46F8F72BF8431C02D1B9
S21401BAE02B6803B1236038BDB439002038B504464D
S21401BAF0064D0846114600222A601A46F8F71BF83A
S21401BB00431C02D12B6803B1236038BDB439002031
S21401BB1070B50D4B00260D4D5B1B9C10A64209D13E
S21401BB200B4D0AF02DFC0B4B00265B1B9C10A6420E
S21401BB3005D170BD55F8043B01369847EEE755F838
S21401BB40043B01369847F2E7C4400020C04000207D
S21401BB50C4400020C84000202DE9F04F0D469DB09E
S21401BB6014469846064618B1036A0BB9FFF760FFFC
S21401BB706B6ED90705D4AB899A0502D4A86D08F077
S21401BB8098F9AB891B0701D52B699BB92946304625
S21401BB9000F09AFA70B16B6EDC0704D54FF0FF30F7
S21401BBA01DB0BDE8F08FAB899805F7D4A86D08F0F5
S21401BBB081F9F3E70023CDF80C804FF00109DFF897
S21401BBC0B481099320238DF8293030238DF82A304B
S21401BBD023469A4613F8012B0AB1252AF9D1BAEB66
S21401BBE0040B0BD05B4622462946304608F081F905
S21401BBF0013000F0A780099A5A4409929AF8003059
S21401BC00002B00F09F8000234FF0FF320AF1010A5B
S21401BC10049307938DF853301A93CDE905235446C0
S21401BC200522544814F8011B08F090FA049AD8B972
S21401BC30D10644BF20238DF85330130744BF2B236E
S21401BC408DF853309AF800302A2B15D0079A5446AF
S21401BC5000204FF00A0C214611F8013B303B092B1E
S21401BC604BD9B0B1079214E0A0EB0803A24609FA3B
S21401BC7003F313430493D2E7039B191D1B68002BA0
S21401BC800391BBBF5B4242F0020207930793B8BF22
S21401BC90049223782E2B0AD163782A2B32D1039B68
S21401BCA002341A1D1B6843EAE37303920593DFF817
S21401BCB0D4A003222178504608F048FA38B1A0EB08
S21401BCC00A004022049B013482401343049314F873
S21401BCD0011B062228488DF8281008F037FA00289C
S21401BCE03FD0264B1BBB039B073323F007030833C8
S21401BCF00393099B3B4409936AE70CFB02320C460B
S21401BD000120A8E7002301344FF00A0C19460593D9
S21401BD10204610F8012B303A092A03D9002BC6D049
S21401BD200591C4E70CFB012104460123F0E703ABB0
S21401BD302A4604A930460093114BAFF3008007460C
S21401BD40781CD6D16B6ED90705D4AB899A0502D477
S21401BD50A86D08F0AFF8AB895B063FF51FAF0998F1
S21401BD601EE703AB2A4604A930460093044B00F0B5
S21401BD700BF8E4E7B9870200C38702000000000061
S21401BD80F33E0200BF8702002DE9FF470F7E914672
S21401BD9080460C46782F9A460C9E01F1430207D83E
S21401BDA0622F0AD8002F00F0D280582F00F0B780FB
S21401BDB004F1420684F842703AE0A7F16303152BBA
S21401BDC0F6D801A151F823F021BE010035BE0100CD
S21401BDD0B1BD0100B1BD0100B1BD0100B1BD0100A1
S21401BDE035BE0100B1BD0100B1BD0100B1BD01000C
S21401BDF0B1BD010035BF01005FBE0100EBBE010011
S21401BE00B1BD0100B1BD010057BF0100B1BD0100C8
S21401BE105FBE0100B1BD0100B1BD0100F3BE01006E
S21401BE2033681A1D1B68326004F1420684F84230FA
S21401BE3001239DE033682068191D3160060601D58F
S21401BE401D6803E04506FBD5B3F90050002D03DA63
S21401BE502D236D4284F8433059480A2310E02168A7
S21401BE603368080653F8045B02D4490648BFADB2EE
S21401BE706F2F5348336059D10823002184F84310AB
S21401BE806668002EA66005DB21682E4321F00401BA
S21401BE9021604DD01646B5FBF3F103FB1157C75D84
S21401BEA006F8017D2F460D46BB42F4D9082B0BD16F
S21401BEB02368DF0708D5236961689942DEBF30230E
S21401BEC006F8013C06F1FF36921B22614B4603AA97
S21401BED021464046CDF800A008F01DF801304CD1AF
S21401BEE04FF0FF3004B0BDE8F087236843F020032D
S21401BEF0236078273348236884F845701F06316825
S21401BF0051F8045B02D45F0648BFADB23160D90771
S21401BF1044BF43F0200323601DB11023ADE728483A
S21401BF20E9E7236823F020032360F6E70A23A4E762
S21401BF301646BBE733682568181D616930602E0612
S21401BF401B6801D5196002E06806FBD5198000233D
S21401BF5016462361BAE7336800211A1D32601E684F
S21401BF606268304608F0F2F808B1801B60606368CA
S21401BF702361002384F84330A8E723693246494603
S21401BF804046D0470130ABD023689B0713D4E06806
S21401BF90039B9842B8BF1846A4E701233246494698
S21401BFA04046D04701309BD00135E36803995B1AC0
S21401BFB0AB42F2DCEBE7002504F11906F5E700BF1A
S21401BFC0CA870200DB870200B1F90C202DE9F04197
S21401BFD0160705460C4651D44B68002B02DC0B6C49
S21401BFE0002B49DDE66A002E46D0002312F480526B
S21401BFF02F682B6031D0626DA389590705D5636818
S21401C000D21A636B0BB1236CD21A0023E66A216A3B
S21401C0102846B047421CB4F90C3006D129681D29C0
S21401C02045D8284ACA40D60741D50022D9046260BD
S21401C0302269226004D5421C01D12B6803B96065D0
S21401C040616B2F60C1B104F14403994202D02846C6
S21401C050FAF732FB002363630EE00123216A2846C8
S21401C060B0470246501CC7D12B68002BC4D01D2BED
S21401C07001D0162B19D12F6000201DE00F69002F6B
S21401C080FAD093070E680F600CBF4B690023A6EB2E
S21401C09007088B60B8F1000FEEDD43463A46216A89
S21401C0A02846A66AB047002808DCB4F90C3043F0ED
S21401C0B040034FF0FF30A381BDE8F0810744A8EBB1
S21401C0C00008E7E70100402038B5284B05460C4636
S21401C0D0186818B1036A0BB9FFF7AAFCB4F90C305B
S21401C0E01A0721D4D80607D409222A6043F0400350
S21401C0F04FF0FF30A38130E0590712D5616B41B193
S21401C10004F14403994202D02846FAF7D5FA0023EF
S21401C11063630022B4F90C30626023F024032269C1
S21401C120226043F00803A38122693AB99A0501D532
S21401C130180603D52146284608F047F8B4F90C300E
S21401C14013F001020AD00022A26062695242A26183
S21401C150226942B913F08000C8D138BD990758BF8B
S21401C1606269A260F4E70020F7E700BF24400020E0
S21401C170024B0146186807F0BFBF00BF24400020ED
S21401C18038B50023064D0446084611462B60F7F7DE
S21401C190CBFC431C02D12B6803B1236038BD00BF22
S21401C1A0B439002038B50023064D0446084611462A
S21401C1B02B60F7F7B3FC431C02D12B6803B1236055
S21401C1C038BD00BFB439002038B50023054D0446FC
S21401C1D008462B60F7F7A6FC431C02D12B6803B177
S21401C1E0236038BDB4390020024B0A460146186860
S21401C1F0FAF765BA24400020024B01461868FAF7A0
S21401C2004EBA00BF24400020024B01461868FAF7D8
S21401C21053BA00BF244000200CB4194B30B50C1E95
S21401C2209DB01D6808DA8B234FF0FF302B601DB0E0
S21401C230BDE8304002B070474FF40273029006909A
S21401C24002A9ADF814304FF00003209A28461B933C
S21401C25014BF04F1FF332346049307934FF6FF738D
S21401C260ADF8163021AB019300F01AF8431CBCBFA1
S21401C2708B232B60002CDAD0029B00221A70D6E7A3
S21401C2802440002007B5009313460A46014603489A
S21401C290006807F0D3FF03B05DF804FB24400020DC
S21401C2A02DE9F04F98468B899DB007461B060D4633
S21401C2B0144610D50B6973B94021FAF7F0F92860D6
S21401C2C0286130B90C233B604FF0FF301DB0BDE84C
S21401C2D0F08F40236B610023CDF80C804FF00109ED
S21401C2E0DFF8A081099320238DF8293030238DF8BB
S21401C2F02A3023469A4613F8012B0AB1252AF9D18A
S21401C300BAEB040B0BD05B4622462946384607F0AB
S21401C310DDFF013000F0A780099A5A4409929AF885
S21401C3200030002B00F09F8000234FF0FF320AF10F
S21401C330010A049307938DF853301A93CDE9052328
S21401C340544605224F4814F8011B07F0FFFE049AD5
S21401C350D8B9D00644BF20238DF85330110744BF07
S21401C3602B238DF853309AF800302A2B15D0079AD4
S21401C370544600204FF00A0C214611F8013B303B91
S21401C380092B4BD9B0B1079214E0A0EB0803A246E3
S21401C39009FA03F313430493D2E7039B191D1B68A1
S21401C3A0002B0391BBBF5B4242F002020793079347
S21401C3B0B8BF049223782E2B0AD163782A2B32D168
S21401C3C0039B02341A1D1B6843EAE3730392059329
S21401C3D0DFF8C0A003222178504607F0B7FE38B137
S21401C3E0A0EB0A004022049B0134824013430493CD
S21401C3F014F8011B062224488DF8281007F0A6FE23
S21401C400002836D0214B1BBB039B073323F00703C1
S21401C41008330393099B334409936AE70CFB023202
S21401C4200C460120A8E7002301344FF00A0C1946F8
S21401C4300593204610F8012B303A092A03D9002B20
S21401C440C6D00591C4E70CFB012104460123F0E7A1
S21401C45003AB2A4604A9384600930D4BAFF3008080
S21401C460421C0646D6D1AB895B063FF52DAF09982F
S21401C4702CE703AB2A4604A938460093044BFFF782
S21401C48083FCEDE7B9870200C387020000000000C5
S21401C490CD420200BF870200014807F0CABF00BFB5
S21401C4A0690345EC1046044A1368591E033102D845
S21401C4B0002111601847704774400020034B18682C
S21401C4C0034B002808BF1846704700BFB839002044
S21401C4D0B08D0200014808F079B900BFC0390020CC
S21401C4E013B50B4C0229226005D10A4808F06EF9F3
S21401C4F0002002B010BD0A4600930146064B0548CF
S21401C50008F045F9003818BF01204000F1E700BFE8
S21401C51074400020C0390020A5C40100014808F07D
S21401C52066B900BFC03900200021014808F081B972
S21401C530C039002008B5064B1B68013305D0FFF74C
S21401C540EDFF80F00100C0B208BD0020FCE700BF8F
S21401C550744000202DE9F843DFF860900646D9F8CC
S21401C560008008461746B8F1000F03D00E24204677
S21401C570BDE8F88306B3336801331DD1E1B100F09D
S21401C58075F805460028F1D0C9F8000000F0DAF881
S21401C590284607F058FF044640B14046C9F80080D7
S21401C5A000F0D0F8284607F046FFE0E73560002F98
S21401C5B0DDD02846B847DAE72124D8E7BC39002081
S21401C5C0024B1868003818BF01207047BC3900209C
S21401C5D038B50C4601F0EEFDA3780B4A13705A1ECF
S21401C5E055425541A8420CD0012B04D02846BDE83F
S21401C5F0384001F0C7BD204601F0B4FD0028F5D053
S21401C60038BD0020FCE700BF523D0020002108B5E0
S21401C610024B08465B689847002008BD9040002002
S21401C62010B5FFF74BFF0D4B0C461A1A53425341F8
S21401C6308B4201D1002010BD094B1B683BB9094A4A
S21401C640064B002C08BF1346074A1360F2E708F0B2
S21401C65012FA0028F3D00220EDE700BF888D020011
S21401C660BC390020B08D0200B8390020F8B5044668
S21401C67009F079FD002607460E4B1B6893B19E68AC
S21401C680AEB196F82420D20711D435460FCC0FC58B
S21401C6900FCC0FC523682B6096F8243043F00103B6
S21401C6A086F82430384609F059FD3046F8BD1B6837
S21401C6B0E4E700BF84400020431E033306D8044B42
S21401C6C0984228BF1846642838BF6420704700BFC8
S21401C6D040420F0038B5184B05461B680C4603B19F
S21401C6E0984744B1236833B11B68013303D0E3682C
S21401C6F00BB1A36843B908F071FC002091224121D7
S21401C70000F0CCFA212038BD204603F069FA002358
S21401C7100A4A85F84831C5E93A43136053606369AC
S21401C72043B1074A42211068B322C31A58425841FE
S21401C73000F0B4FA0020E6E7143C00207840002020
S21401C740783C002010B5044618B9054B054A13601D
S21401C75010BD00F08FFDD4F8F430002BF6D1F4E7CD
S21401C7600745020088400020084B10B4002A14BF79
S21401C77014461C46064B1C6019B15DF8044B07F0C5
S21401C780CFBE08465DF8044B704700BF0745020060
S21401C7908840002008B502460868FFF78DFF08604C
S21401C7A04868FFF789FF48608868FFF785FF88605B
S21401C7B0C868FFF781FF0B69C860581C03D00B4897
S21401C7C0834228BF03460B614B69581C03D00748B8
S21401C7D0834228BF034688694B61FFF76DFFBDE8BA
S21401C7E008408861104601F049BC00BF40420F0076
S21401C7F0D0F8EC302DE9F04105460C4613B1C38D57
S21401C8008B424ED0D5F8E830002B4DD09E68002ED6
S21401C8104AD0D868002847D0013800B200281DDB6E
S21401C820002107E0128A0CF10101A24219D209B2D5
S21401C830884213DB0B1803EBD3735B1003EBC302C5
S21401C84006EB8202B2F80EE01FFA83FCA6450CF155
S21401C850FF3EE7D90FFA8EF08842EBDA2120BDE8D9
S21401C860F0814FF6FF729445F8D09BB203EBC303F9
S21401C87006EB83062846B6F9122095F83C11D5F842
S21401C880FC80FAF787FB0746B8F1000F04D00023B7
S21401C890324628461946C047EC85C5F8EC6085F84F
S21401C8A045710020BDE8F0810E20BDE8F08100BF93
S21401C8B02DE9F04782B004460E46904601F080FC12
S21401C8C0002877D15D4D2F68D4F8E8A0D4F8EC9015
S21401C8D01FB1574500F090800027AE6002F0BCF80B
S21401C8E00128064604D001210022084607F0DAFD99
S21401C8F0204608F04AFA002860D12B68DAF80010C2
S21401C900D9F800201BB11868884200F081802046C3
S21401C91008F00CFAB7B1B8F1000F13D1204601F0B8
S21401C920C7FE0546D4F89830002B3CD1012E05D021
S21401C93025B1434B002103205B689847284602B087
S21401C940BDE8F0873F4BC5F800A01A78C5F80490FB
S21401C9508DF80780002A40D1D4F8FC50002D5FD016
S21401C960114620460DF10703A847204601F0A0FE18
S21401C970054617B1B8F1000FD4D0B5FA85F040F2EC
S21401C98005423321400900F089F94146204601F06D
S21401C99073FF2D4B49461B68054620469847D4F839
S21401C9A09830002BC2D000224FF40073204600F0CE
S21401C9B071FCBBE70023214D6B6084E794F82530BA
S21401C9C0DA079AD5D4F8A0305B0596D51F4B01221D
S21401C9D0002120461B6898478FE7D4F8EC30B4F95D
S21401C9E0461023B1B3F912309942A8BF1946424600
S21401C9F0204601F0A9FDB8E76F68002F3FF46DAF40
S21401CA004F457FF469AFAB68B34215D0012764E7A1
S21401CA10696819B1096891423FF47CAF596876E7B5
S21401CA2094F82A1094F845314246994228BF19468F
S21401CA30204601F04FFD98E700257FE7784000206B
S21401CA40904000207C87020088400020183C00208F
S21401CA50F8B505460E4609F086FB314607462846D8
S21401CA60FFF7C6FE044620B1384609F077FB20469C
S21401CA70F8BD01F0CDFF224631462846FFF718FFE4
S21401CA8004460028F0D1284608F07FF90028EBD0AC
S21401CA9095F8253013F001030DD0D5F8A0205205E6
S21401CAA00DD5B5F83621B24205D0B5F838319B1B05
S21401CAB0B3FA83F35B09034A82F8C430D4E723460A
S21401CAC0F9E700BF001E00B070B504460E4609F037
S21401CAD04AFB314605462046FFF7BAFF044620B911
S21401CAE0044B01465B6803209847284609F036FB4D
S21401CAF0204670BD9040002070B5044600200D46CB
S21401CB0008F070FA094B1B784BB9D4F8FC6036B1C3
S21401CB1029462046B446BDE870401A466047294675
S21401CB202046BDE8704008F0F0B800BF7C870200E0
S21401CB3013B56946044607F085FD0C4B1B783BB1DF
S21401CB409DF800300D2B03D0B4F94C0002B010BD97
S21401CB50204607F0D1FFFF28024605D020469DF863
S21401CB600010FAF719FAF1E70148EFE77C870200AF
S21401CB700080FFFF30B4064DBDF908402D781DB189
S21401CB80029430BC08F0C4B80E2030BC704700BF19
S21401CB905B3D00202DE9FF4106460D4690460AB949
S21401CBA0D0F898804146304607F05CFD18F0010F3A
S21401CBB002D0304605F07EFB02F0FEFC244B044614
S21401CBC00FCB6F468DE80F006DB1FF2C0DBF2B68A4
S21401CBD004AB55F8242000930BBF6B6803EB84036A
S21401CBE0019343F8102C18F4803F17D1224639469A
S21401CBF0304608F069F970B96DB1FF2C0FBF009B84
S21401CC0004AB03EB840353F8103C05BF2B60019B78
S21401CC1045F824306B6004B0BDE8F081FF2C0BD1E1
S21401CC20009B01330ED0019B01330BD022463946BF
S21401CC30304608F067F9DEE704AB03EB840353F8EC
S21401CC40103CF1E722463946304607F0DBFBD2E7D7
S21401CC50E48D020008B50B460249194007F0F4FCC2
S21401CC60002008BD07001100024B1860024B196036
S21401CC70FEE700BFD83B00208C40002038B5044DAD
S21401CC80044C054B286021601A60FFF7EDFF38BDA4
S21401CC90D83B00208C400020DC3B002010B550B96A
S21401CCA00548064B0160064802601868054B186087
S21401CCB01868FFF7E3FF10BD8C400020BC39002048
S21401CCC0DC3B0020D83B0020054B1B680BB91846FF
S21401CCD07047834201D01B69F8E70120704700BF07
S21401CCE0E43B002018B10A4B1A680AB9104670478F
S21401CCF01A68824207D1026901201A60054A136840
S21401CD00013B1360704702F110031269EDE700BFA3
S21401CD10E43B0020E03B00202DE9F74F064609F0F2
S21401CD202BFADFF82081012398F800B0DFF818917C
S21401CD300190BBF1000F06D089F8003003B0BDE8C2
S21401CD40F04F09F014BA3D4F88F8003089F800B06A
S21401CD5007F0A3FD08B107F09EFD3D6838495DB9AF
S21401CD60DFF8E8A0DAF800200024AA423B682ED8B3
S21401CD704FF0FF31324838E06B7D8BB12B68B34200
S21401CD8002D09A1B8A420BD96A6813442B60AB689F
S21401CD90003A18BF0122003B18BF01236A75AB7524
S21401CDA02D69DCE7907D20B1107D88429CBF01464D
S21401CDB014461269002AF5D1002CD9D094E80B004C
S21401CDC0A275411AE268204698470135CAE71A4615
S21401CDD0FF21EFE75A7D3AB11A68B24228D0921B7A
S21401CDE0824225D8914226D21B69002BF2D15CB132
S21401CDF02046FFF777FF38B13B683C602361DAF8DD
S21401CE0000300133CAF800303B685C7D1CB11868FD
S21401CE1000F0DEF8044607F03CFD0646002C95D1EE
S21401CE2099F80030002B91D1019888F8004085E7E9
S21401CE301C460021D8E711461C46D5E7E43B0020F6
S21401CE40FCFFFFBF543D0020533D0020E03B002087
S21401CE5038B5054610B31822002107F021F809F06D
S21401CE608BF902462846FFF72FFF20B1104609F03E
S21401CE707EF9022038BD0A4B1C6854B909491D6069
S21401CE800B68104601332C610B6009F070F92046DF
S21401CE90F0E719680C6901F11003EEE72120E9E7D4
S21401CEA0E43B0020E03B002038B50446FFF70CFFCA
S21401CEB009F062F905462046FFF706FF637D23B9B0
S21401CEC0284609F054F90E2038BD00236375064B39
S21401CED01B68A34203D107F0DCFCFFF71DFF2846C1
S21401CEE009F045F90020EFE7E43B00202DE9F84F73
S21401CEF0DDF82890984604460D469246FFF7E4FE74
S21401CF00DDF830B009F038F9074607F0C2FC0646EE
S21401CF102046FFF7D9FE637D23B12046FFF7C4FF05
S21401CF200023A375BAF1010F21D175B9B8F1000F2D
S21401CF301FD1B9F1000F03D05A4631462046C847E3
S21401CF40384609F014F9002017E035440C4BAA1BAB
S21401CF509A420ED8012363759DF82C30304684E83A
S21401CF6020032375C4F80CB0FFF7D6FEE8E7AE42FF
S21401CF70ECD1384609F0FBF82120BDE8F88F00BF58
S21401CF80FCFFFFBF2DE9F04107468846FFF79CFEF0
S21401CF9009F0F2F83D68064607F07BFC7B7D7BB125
S21401CFA085420DD0094B2C1A9C4209D8304609F00F
S21401CFB0DEF8B8F1010F08BF25462846BDE8F08126
S21401CFC0304609F0D4F80025F7E700BFFCFFFFBFA5
S21401CFD00023024A194600F047BA00BF5D48020026
S21401CFE02DE9F0418AB001AB0C46054624221846CD
S21401CFF0134907F0B9F80027002C08BF0446384645
S21401D00004F10C0690B95FFA87F842462846218853
S21401D01007F0BEFE50B942462846E18807F0C9FE31
S21401D02020B942463146284607F0D6FE0137032F7F
S21401D03006F1080604F10204E4D10AB0BDE8F08165
S21401D040188E0200F0B589B005460E4607F0DCFEE4
S21401D050044600BB01AC06F10C070FCF0FC497E8DE
S21401D060070084E8070001A92846FFF793FB284636
S21401D070311D07F009FB044648B92846074900F068
S21401D08053FF044618B9284602F01EF804462846FF
S21401D0903168FFF7A5FF204609B0F0BD108E0200EB
S21401D0A0024BD868C0F30360704700BF000002B8A7
S21401D0B02DE9FF478F7881460F2F0C4603D9212093
S21401D0C004B0BDE8F08727B901223D4B00201A7055
S21401D0D0F6E70E784D78002E3DD1002DEFD1AE4209
S21401D0E0E088B24638BFAA4603F00EFDC30943EAFC
S21401D0F04163C01A61EBD11103F03AFDFF28804667
S21401D100DDD0A08803F0A8FD2E4B354301461A88D2
S21401D1104FF60400002D4AD1824208D12A48006EFB
S21401D12080B290420ABF4FF6050218801A80B1F508
S21401D130803F254B14D902224FF0080A1A66802236
S21401D14056464908C3F880204FF6FF7301399942C5
S21401D15028BF19460EE0082EB1D8082DAFD8BEE775
S21401D16001224FF0080A1A6680225646C3F880202C
S21401D1700029E9D1002302930123013FFFB2009366
S21401D18032465346019709F5827003F0E7FB1DB955
S21401D1904FF480120D4B5A65404694F9031003F084
S21401D1A003FDA2680A4B1A600222054B8EE78242F3
S21401D1B01EBFDFF814C0CCF860201880D8E700BF87
S21401D1C0553D0020AC40002000C001B800D001B899
S21401D1D0F43B002010B5054C237823B104F096FBF0
S21401D1E00020207010BD0E20FCE700BF573D002038
S21401D1F008B504F075FB0122014B00201A7008BD2A
S21401D200573D0020F8B504460F46164608F0ABFF1A
S21401D2100546A047044620B1284608F09FFF204651
S21401D220F8BD06F06FFA04220549D1F8D83E23EA84
S21401D23007033343C1F8D83E024B1A67ECE700BF39
S21401D240001000B0002002B800F01803182B0AD016
S21401D25003070AD410F0100F40F2011308BF002391
S21401D260034A136570470023FAE70123F8E700BF76
S21401D270001F00B038B10368044A002B08BF1346EC
S21401D280034A13607047014BFAE700BF7149020079
S21401D290A040002010B4D0E9564122400B4052EA8B
S21401D2A0030104D003495DF8044B096808475DF89B
S21401D2B0044B7047A04000200F2938B505460C46A0
S21401D2C00ED801F0C9FB01280CD1074A2846D36BBA
S21401D2D023F00F032343D36307F0E7FD002038BD97
S21401D2E02120FCE70220FAE7001F00B008B50E4B2C
S21401D2F01A6F12F0A00F13D15B6F5B0712D40B4BA2
S21401D300D3F8D83E23F07F4323F0FF0353B1FFF752
S21401D310C7FE6FF4905343FA00F000F0010008BD19
S21401D3200020FCE70120FAE7000002B8001000B078
S21401D33070B50D46064620B91A4B1B68EBB10E2098
S21401D3401AE001F089FB012827D1174BD6F8F00027
S21401D35093F9004007F0A6FC0022C4F11C04241A2D
S21401D360641BC4F11C03002BB8BF5B42232B16DCE5
S21401D3703AB10D4B1D70002070BD0122C1F11C0495
S21401D380EFE786F8285008F0EEFE054660B200F09A
S21401D390FFFF284608F0E2FEEDE70220ECE7212039
S21401D3A0EAE700BFBC390020563D002010B5044610
S21401D3B007F0EBFC10B1012001F076FE204601F0EB
S21401D3C0E5FA08F0D0FE0A4A0121D2F8A030044658
S21401D3D023F02003C2F8A0300222064B08469A60CA
S21401D3E0054B5B689847204608F0B8FE002010BD44
S21401D3F0001E00B0001002B89040002008B507F0EB
S21401D400B8FA8022024BD864024B1A6108BD00BFED
S21401D410001F00B0000002B8014B1868704700BF3B
S21401D420003C002037B508F09EFE012300220024B0
S21401D43000930023054619461046019405F07CFF2B
S21401D440022003F07DF9064B21461C60054B0220A5
S21401D4505B689847284608F081FE204603B030BD39
S21401D460083C0020904000202DE9FF4102290C468F
S21401D47015469846039005D1FFF7D4FF002004B067
S21401D480BDE8F08108F06FFE1E4E0746336853B1C3
S21401D490AB4208D00024384608F060FE002CEDD1DF
S21401D4A021203460EBE7184B0022C3F8008035607A
S21401D4B0002301254FF000081046194601950095F6
S21401D4C005F03AFF114B022083F8008003F038F98B
S21401D4D022464346022003A903F050F90C4B039A57
S21401D4E004461A600028D5D0DFF82880D8F8003026
S21401D4F098472128CFD12946D8F8043002209847EA
S21401D500C9E700BF083C0020043C0020593D00202C
S21401D510003C002090400020034B5B6E5B055ABF29
S21401D520024B18780120704700C001B8593D002011
S21401D53010B590F827300446023B022B05D84B7CE9
S21401D54003B3012B20D0022B20D0D4F860311B0668
S21401D55013D58B8A1A2B10D9D4F8A410084607F0D5
S21401D56021FA0D2814D00F2810D0102810D0112819
S21401D5700CD001F0FD010D290AD02046BDE810406F
S21401D58007F092BA034810BD0348FCE70348FAE7E0
S21401D5900348F8E720A1070048E8010040420F00D1
S21401D5A080841E000A78022A11D0101F424242418E
S21401D5B052004B781201022B0BD0191F4B424B41E4
S21401D5C05B000549054842EA8312FFF71BBE0122AC
S21401D5D0EFE70123F5E700BFF0FFFF00A1EA010036
S21401D5E00B78022B10D0181F434243415B004A7848
S21401D5F0022A0BD0111F4A424A4152000F21044809
S21401D60043EA8202FFF7FEBD0123F0E70122F5E7B8
S21401D610CDEA0100D0F8B43010B5994204460ED0D8
S21401D620C0F8B41002F068FD0649A4F840010123D1
S21401D630054AD1F8FC1004F5827004F00BFF0020B7
S21401D64010BD00BF001F00B0581F00B02DE9F74FF6
S21401D65004468B4615461E46FFF748FE20B3A38AAE
S21401D66013B3204607F076F878B9002E40F0E6802E
S21401D670734BD3F8D83E03F03002102A00F0DE8058
S21401D68003F0C003402B00F0D9806E4F7B69DB07A7
S21401D69040F1D48008F067FD0646032003F054F9F4
S21401D6A030B1304608F05AFD022003B0BDE8F08FD5
S21401D6B07A6912F0060AF4D1304608F04FFD604B45
S21401D6C04FF400612046D3F8D89ED3F8AC8E06F00E
S21401D6D081F948B14FF4007601215B4F5246084666
S21401D6E03E6706F0DFFE3E6794F82530DF0707D574
S21401D6F0D4F8A0305E0542BF4FF40022534B1A67A0
S21401D70059462046FFF7A4F94D4BC3F8D89EC3F8F7
S21401D710AC8E0028C9D194F82430980601D4002D87
S21401D7204DD0C5F3400005F049F8022315F4807F7B
S21401D7301BBF0021454A444A136717BF444A136773
S21401D7405161136305F0DEFF4FF4806315F0040F9B
S21401D75014BF404A404A3C4E53620423284633676E
S21401D760FFF772FD204607F0F0F938B14FF48073E9
S21401D77015F0010F16BF354A33671367A90647D55B
S21401D7804FF6FF72B4F8403093420FD0334A344913
S21401D790526E100CC2F301120132B3FBF2F3088091
S21401D7A02C4A2D492F481B0448665366003D18BF76
S21401D7B0012594F8243065F3451384F82430204677
S21401D7C007F0E3FAF0B1204607F0BFF9D0B14FF405
S21401D7D00031204606F0FEF8431C03229BB201A945
S21401D7E0214807F0F2FB9DF804209DF8053002F071
S21401D7F00701052915D112070DD443F480731B4A7E
S21401D800C2F8B830002003B0BDE8F04F07F0EABB1D
S21401D81001F0DEF8CAE713F0040F09D19DF80630CF
S21401D820EBE703F03002202A05D113F0010FF4E7ED
S21401D8304FF48073E3E79DF80630E0E70E2034E707
S21401D840001000B000C001B8002002B8001002B8F5
S21401D85000400054005001B8006001B8004001B813
S21401D860AE4000200000FFFF08400054001E00B03C
S21401D8702DE9F3410646884615461F4608F073FC17
S21401D8800446032003F060F838B1204608F066FC31
S21401D8900E24204602B0BDE8F081042003F054F8BF
S21401D8A00028F2D1204608F059FC01232A464146B9
S21401D8B03046FFF7CBFE04460028EAD1DFF8BC80ED
S21401D8C06FB188F8000039463046FFF7F1FB50B9D2
S21401D8D098F80030012B08D104F05AFFD9E798F8E0
S21401D8E00030002BF4D12124D3E720221D4B012048
S21401D8F01A671D4BDB6CB3F5817F22BF80221B4B61
S21401D9001A6107F0B1FB08F02EFC194B06461B689E
S21401D91001938BB903F074F815F080051ED1012030
S21401D92003F0D6F815B9284604F01CFF114B012167
S21401D9305B68002098470DE0042002F001FF0023F9
S21401D9400122042001A902F019FF0028E2D104F007
S21401D95069FF2124304608F001FC9AE70022064BB5
S21401D9609A67DCE7001002B8001F00B0000002B89A
S21401D970F43B00209040002000C001B8553D002037
S21401D98010B50C4619B107F000FA04EB80042046E6
S21401D99003F062F9024B4042C3F8C80E002010BDE6
S21401D9A0001000B0838E70B593420C4615461BD30B
S21401D9B0036D8B4208BF002408F0D5FB0646FFF72F
S21401D9C06FFB4FF49C53C340DA0703D5074B1B6F1D
S21401D9D09B0304D401222946204601F0BDFE3046B1
S21401D9E008F0BCFB002070BD2120FCE7000002B857
S21401D9F02DE9F0470B460746164611B92120BDE82A
S21401DA00F087002AFAD0032905D8002202F006F88A
S21401DA1003460028F2D01C889978B4F5804F01F0AF
S21401DA20070080F0C580A0F1070C1A7993F805A0CD
S21401DA30DD88DCF1000343EB0C030528337394BF48
S21401DA400023C1F30013C1F3801C73738B0986F89E
S21401DA5010C003F00203C1F3C00C43EA0C03C1F388
S21401DA6040117374B174B582002A40F0838097F830
S21401DA702A31013BDBB2F374D7F8A030D90600F1A6
S21401DA808280063801287ED80020B7F81280D7F8A1
S21401DA901C9008F1FF38474B083C04EA08045B6D0C
S21401DAA019F80430B060802B1CBF323BDBB2B37375
S21401DAB097F827300134FF2B04EA080435D1631D9B
S21401DAC003EA08035A1C02EA080219F8022019F8A8
S21401DAD0033043EA0223DA041DB24DD5D7F8F030FD
S21401DAE013B11B68022B05D841F2C2324C2100202B
S21401DAF0FFF7D4F8D7F8F030C5F30B0093F82430CD
S21401DB00C0000BB1B0FBF3F082453AD838B1CAEB8E
S21401DB100A2ABAFBF0FA6FEA0A0A5FFA8AF0D7F81D
S21401DB20F83013B196F90E109847631CF07303EAA8
S21401DB30080319F80310013303EA080319F8032050
S21401DB40013303EA080341EA022119F803200133ED
S21401DB5003EA080319F8030041EA0241002341EAF7
S21401DB600061727C384604F01FFD062330600020F9
S21401DB70B37144E7531E7DE719F804004000C0B2B4
S21401DB80CDE70020CBE70023F3730B4B5B691A0A42
S21401DB901B0406D4D3B2323BDBB2B373002333602B
S21401DBA0E5E762F0FF0352B28032F4D18023F4E756
S21401DBB0022024E7004000B800C000B838B505468A
S21401DBC0084B808A9C6A41F21652C4F30C04A042A8
S21401DBD034BF002001200821FFF760F8A88A001B47
S21401DBE080B238BD0040005470B506460D46144656
S21401DBF06BB107F099F8B08AA04228BF204684B2DC
S21401DC0022462946034801F053FD204670BDFFF722
S21401DC10D5FFF1E70840005438B5148811F0030524
S21401DC204FEAC40422D13F2C20D9B4FA84F4C4F1BB
S21401DC301903DBB2052B01D8192C15D0052B28BFEB
S21401DC40052301240633DBB29C40C4F3CF031380C3
S21401DC5003828161448701F0A7FD054A631E2343C1
S21401DC60C2F8A430284638BD2B46EAE72125F9E755
S21401DC70001E00B0082310B1024A13677047024A1B
S21401DC80FBE700BF001002B8002002B82DE9F743F9
S21401DC90DDF828800746894616461D4608F063FAD1
S21401DCA00446032002F050FE38B1204608F056FA2A
S21401DCB00E24204603B0BDE8F083484B20465B693E
S21401DCC013F0060FF2D108F049FA0123324649460D
S21401DCD03846FFF7BBFC04460028EAD1002D6CD07D
S21401DCE0B8F1000F69D03E4C2368002B05DAF7F730
S21401DCF0E7FB002803462060DADB184604224FF4CF
S21401DD003C51F7F7CFFBA42200212068F7F7F4FB7C
S21401DD104FF48072314B414638469A65FFF7C8F991
S21401DD2000284AD12F4B1B78012B46D020222E4BA0
S21401DD3001201A672D4BDB6CB3F5817F22BF802251
S21401DD402B4B1A6107F090F908F00DFA294A07469D
S21401DD501368B3B129682C790B441360019383B11E
S21401DD60042002F0EDFC00232246042001A902F063
S21401DD7005FD30B904F056FD2124384608F0EEF9C9
S21401DD8097E702F03DFE16F0800018D00022134BF4
S21401DD909A67687901A9431E58425841FFF76AFFFE
S21401DDA02B68032001932A79082302F0E7FC48B97F
S21401DDB004F038FD384608F0D1F9212479E704F05B
S21401DDC0D1FCE6E70C4D2B68984721280446D4D1B0
S21401DDD0012100206B6898470024CEE700C001B8F7
S21401DDE098400020553D0020001002B8001F00B0EA
S21401DDF0000002B8F43B002090400020054A12685B
S21401DE001AB190F82A1119B91047084603F062BAF8
S21401DE1001487047EC3B002000FEFFFF374B2DE921
S21401DE20F7431C6801F4007900F00103174653EA32
S21401DE30090206460D463AD04FF0000863B30023A8
S21401DE40002200210120CDF80480CDF8008005F0E5
S21401DE5073FA042002F074FC41462046FFF7CEFF19
S21401DE60012241462086DFF8A880104606F01AFBFC
S21401DE70D4F8A01094F8270003F0C6FAD8F80000EA
S21401DE8000F0D4F94FF0FF33C8F8003094F824308E
S21401DE9043F0040384F82430B9F1000F07D00121C0
S21401DEA0204607F08FF925F4007506430D432B46EF
S21401DEB032462046FFF7EEF9FB070FD51049114A07
S21401DEC0086800211368116001210F4A117003B11F
S21401DED098470E4B002102205B68984717F00E0FFB
S21401DEE008D04FF4EC723B21002003B0BDE8F043AC
S21401DEF0FEF7D4BE03B0BDE8F08300BFBC390020F6
S21401DF00043C0020083C0020593D002090400020A1
S21401DF109C40002008B548220021024805F0C0FFB9
S21401DF20002008BDDC1E00B010B50C46FFF7F2FF5E
S21401DF30BCB1A378082B16D8E278082A13D843EA8E
S21401DF40021313F0FF030CBF19466168074AC2F8B3
S21401DF50DC10217882F82011617882F8233182F86A
S21401DF602111002010BD2120FCE700BF001E00B0DB
S21401DF7073B52F4A2F49137809784FF0FF350B43B5
S21401DF8078211370A0F8201164228221C0E946226C
S21401DF90C0E94412C0F80C216FF47B42C2624FF410
S21401DFA000420D23A0F846200722002680F83C31C7
S21401DFB04FF6FF730446C28700F1540202651E4AFB
S21401DFC0A0F84030438642630387C384C0F8B45048
S21401DFD0458580F8286004F087FB2046FFF79AFF06
S21401DFE094F928102046FFF7A3F9602340F6FF7145
S21401DFF0124A2046D36402F11C42D162D165104A0E
S21401E0002946D36440220F4B1A67D4F8A02006F0A5
S21401E01026FD0E2300220193009340F202231046B0
S21401E020194605F089F901F021FF304602B070BDAE
S21401E0305B3D00207C8702004000FFFF004000B8E7
S21401E040005000B8002002B8012A10B512D8032BE0
S21401E05010D803EB82020123074C934094F8220167
S21401E060DBB221B10343002084F8223110BD20EA3F
S21401E0700303F8E72120F9E7001E00B003462DE967
S21401E080F0410C68D1F804E0651C08BFD3F80C41D8
S21401E090B0F8402108BF0C60BEF1FF3F08BFD3F8BF
S21401E0A018E18E6808BFC1F804E0771C00F582709D
S21401E0B045D1D3F81451CF688D607E1C45D1D3F875
S21401E0C01061D1F810C04F69BCF1FF3F08BFD3F80B
S21401E0D004C1D1F8188008BFC1F810C0B7F1FF3FDE
S21401E0E008BFD3F80871CE6008BF4F61B8F1FF3F93
S21401E0F008BFD3F81C81B8F1000F2CD05A32424524
S21401E10038BF42468A6114B15A2C38BF5A24134983
S21401E110C3F80C41C3F81061C3F81451C3F818E1F1
S21401E120C3F81C21C3F804C1C3F808710C4A0723BD
S21401E130D1F8FC1004F08EF90020BDE8F08102F160
S21401E1405A05B54238BF3546B5E702F17806BE42F4
S21401E15038BF3E46B5E76422D4E700BF001F00B0D3
S21401E160581F00B038B5054C054B41780078256836
S21401E170236003F065FB00B1256038BD0C3C002030
S21401E180448E0200074B1B684BB10028064B08BFA4
S21401E1900023064A1360064B1870002070470220C1
S21401E1A0704700BF0C3C00203C8E0200103C002053
S21401E1B05A3D0020014B1878704700BF5A3D002099
S21401E1C04FF40022034B186F03F500531A67C0F390
S21401E1D0C0407047000002B8024B586900F00100C9
S21401E1E0704700BF00C001B870B50C4616461D4604
S21401E1F01AB113680BB15B688BB907F0B4FF07F06F
S21401E200ADFF0123AB71B389049AE11A7368B06854
S21401E21089B2134400FB0133A9802B6070BD1A68D4
S21401E220032AEAD99B6A5B0EECE700BF431C07D0C2
S21401E2306FF0FF02034B10401A62A3F58053186279
S21401E240704700BF00E000B8014B186C704700BF74
S21401E250001F00B0014B002019647047001F00B07A
S21401E26003282DE9F74F0C46914678D83D4B1E5CA6
S21401E2703D4B13F800A03D4B13F800B007F073FFB9
S21401E280804605F00BFA074640B1002300220193B1
S21401E290009301200023002105F04EF805F006FA50
S21401E2A048B10023002201930093002000234FF47D
S21401E2B0004105F041F8002E49D02D4BDD6C05F0EC
S21401E2C0080506EB0A002B4B23305844DD64C0B228
S21401E2D002F07EF95146304605F02CFA5A46514670
S21401E2E0304605F093FA244BDD6477B1234B1B6867
S21401E2F0D3F8A01093F8270003F086F820490868A1
S21401E300FFF794FF4FF0FF330B60B9F1000F04D015
S21401E3101C4B002103205B689847D4B14FF4806200
S21401E320194B1D6F03F50053C5F380251A67404648
S21401E33007F014FF00F090FB01280CD11DB14FF43B
S21401E3408062124B1A67002003B0BDE8F08F354695
S21401E350B7E72546EBE7002CECD10520F4E72120B2
S21401E360F2E700BF5C8E0200588E0200548E020057
S21401E370004000B8006000B8005000B8BC3900206A
S21401E3809C4000209040002000C001B800D001B899
S21401E390034AD36960F3D223D3610020704700BFDC
S21401E3A000C000B8064B5A6A920207D4D3F8800020
S21401E3B000F47060003818BF0120704701207047D4
S21401E3C0004001B870B514460E4601F00B0323EA6F
S21401E3D00201394A2340D164A2F58052D3647307FF
S21401E3E0054610D50121FFF7DDFF60B105F08AF97A
S21401E3F04FF4007314F0040F14BF304A304A5362CE
S21401E4000422304B1A67F10606D514F0100F14BF1C
S21401E41000221B222C4B5A6532060CD5230605D545
S21401E4204FF40012254B1A6203F000F8214695F8C6
S21401E430270002F0E9FFF00503D5E10525D502F036
S21401E440ABFFB20503D5A30522D502F0B1FF16F442
S21401E4508C6F18D014F480621FD095F82530DC0735
S21401E4600CD5EA8DB5F83631934214D0B5F838316B
S21401E470981A43424341154A82F8C4302846D5F8D3
S21401E480F010FEF7BBFF002070BD02F07FFFD8E75B
S21401E49002F088FFDBE70123EDE77105EED595F87D
S21401E4A02530DB07EAD5094B114683F8C420084B13
S21401E4B028461B689847E1E7006000B8005001B89D
S21401E4C0006001B8002002B8004000B8001E00B08D
S21401E4D0183C0020F8B5054690F83C010C460D287E
S21401E4E0164628D0FF2928D01AB14FF0FF32144B18
S21401E4F01A6006F09FFD074695F83C0101F0FAFC0C
S21401E500844228BF0446E4B2BC4238BF3C46E0B26F
S21401E51085F82B0001F092FD0A4B1B784BB9FF28BA
S21401E5200CBF2124002416B9284601F0F7FC20462A
S21401E530F8BD0024F7E70224F9E72124F7E700BF36
S21401E540A44000207C8702007FB5204B04461B7840
S21401E5500E46154643B3D0F8EC3000229BB34FF07D
S21401E560FF36029602AEB3F9123000960392F8F720
S21401E570A0FCB8B902994B1C14D02046C1F38131D6
S21401E58006F09FFB70B9BDF90C3002990246009364
S21401E590C1F30D0103462046FEF7ECFA2946204654
S21401E5A006F052FD04B070BD02A906F04BF83246E3
S21401E5B09DF808102046F8F7EDFC2A46014620464D
S21401E5C0FFF788FFEEE71846ECE700BF7C870200FE
S21401E5D0F8B50D4690F83C1104460D29174603D1AF
S21401E5E02E4B1B78002B50D02A462046A4F84650C6
S21401E5F0F8F7D0FCD4F8EC3084F82A00002B40D091
S21401E600274A1678D4F8FC204EB1002A3FD1B4F937
S21401E6104600B3F91210884206DC002607E0B2BBBA
S21401E62094F84521824202D20126B3F91250002203
S21401E6302946204684F82D70FFF786FF00BB76B189
S21401E640C4F8EC00204605F0AAFF4FF6FF73984287
S21401E650014614D02046BDE8F840FEF7F9B9114B43
S21401E6601B78022B0BD8204601F046FD0E490123EC
S21401E6700E4AD1F8FC1004F5827003F0EBFE002080
S21401E680F8BDFF2384F82B30F9E70220F8E7B4F948
S21401E6904210B3F912209142BEE700BF7C87020008
S21401E6A05B3D0020B0400020001F00B0581F00B0A6
S21401E6B0D0F8A830012B01D10020704770B5044670
S21401E6C05A498CB006F0F4FCD4F8EC600146E58DAE
S21401E6D0C4F8F00026B1336813B15B68002B5ED135
S21401E6E007F041FD07F03AFD0123D4F8F0108DF84C
S21401E6F00630B389B0687268EB1A9BB200FB03223E
S21401E7004B48ADF80430036800928B4202D0204695
S21401E710FEF774FE474D00F09FF90128FBD1AB6868
S21401E7209E06F8D420469DF80620009906AB03F015
S21401E73085FB002830D100F08FF90128FBD13D4A36
S21401E740136FD801FCD493689906F9D4684606A9D4
S21401E75003F02EFD0546F8B9E28D374B5A6494F85E
S21401E760243060F3410384F8243000F025FF02468C
S21401E770D4F8EC104B691E685868531EDBB2FD2BAB
S21401E7800296039011D8012A2AD0204602A906F043
S21401E790B9FB00200CB070BD02200CB070BD1A6829
S21401E7A0032A9DD99B6A5B0EA1E7F31C03D8FF2AB7
S21401E7B01BD00022E9E7FF2A21D00136E9D1D4F89F
S21401E7C0EC101E4B4A689A4221D8D4F85C319B055E
S21401E7D023D494F8243043F0020384F82430D8E795
S21401E7E0C51CD2D90130D4D1EBE7C61CCDD9013036
S21401E7F0DFD12A46204602A906F084FBDFE7C31CC8
S21401E80011D80122204602A906F07CFBD5E7204656
S21401E81000F06EFE0028BCD0D7E720464FF48031CA
S21401E82006F0D0FCB5E70130C7D1CAE7FC1F00B03F
S21401E830F03B0020000002B8008001B800CA9A3BF5
S21401E84010B5042301240A4A0A49D1F8EC00C2F89B
S21401E850EC30C2F8E0300C634FF40051D16241074E
S21401E86042BFC2F8E030A2F58052C2F8EC3010BDCB
S21401E8700060005400400054F8B504460D46D0F838
S21401E880F07019B990F82430590645D44FF6FF7345
S21401E890618E994204D0324B1B680BB120469847D3
S21401E8A0304E3368BB4253D02F4B1B683BB11FB170
S21401E8B03A68002A4ED0BF6839462046984707274F
S21401E8C0204601F019FC002D38D006200125274BE3
S21401E8D094F9282093F900302549C3F11C039B1AAB
S21401E8E0CA6963F3D222D4F8F030CA61214A336090
S21401E8F0214B906720461D7006F0D7FA1F4B1B6F01
S21401E9005A0203D4D4F8A0301B0603D54FF40012E4
S21401E9101B4B1A620020F8BD4FF6FF72114E65F3CD
S21401E920861380F82430336842869F4214D00E4BFB
S21401E9301B68002BBBD101F0DFFB072711493B46C3
S21401E940114AD1F8FC1004F5827003F083FDBCE790
S21401E9500127B5E71746AFE701F0CEFB0127EDE744
S21401E960FC3B0020F03B0020F83B0020563D0020F9
S21401E97000C000B8006000B8583D0020000002B892
S21401E980005001B8001F00B0581F00B010B5044673
S21401E990D0F824210B4B4FF40061C3F8A82090F85F
S21401E9A02420D20102F4006205F000F894F8243025
S21401E9B013F0100F4FF4007314BF034A034A136792
S21401E9C010BD00BF001E00B0001002B8002002B843
S21401E9D038B507F0C8FB4FF6FF710A4A13888B4219
S21401E9E003D107F0BBFB0E2038BD074C074D1B04B7
S21401E9F06566A4F580546366118007F0AFFB0020BE
S21401EA00F2E700BFAE400020006001B80000FFFF43
S21401EA1008B50D4BD3F84C21531C13D012F080428D
S21401EA2010D10A4B1B681BB111460320FFF718FCD7
S21401EA304FF080624FF40071054BDA67054AD162E8
S21401EA4001225A6108BD00BF0080E00FBC390020DA
S21401EA50001002B8004000B80F4BDB68C3F3036335
S21401EA60013B0B2B0FD8DFE803F006060C06060663
S21401EA7006080A0808080220704704207047052087
S21401EA80704703207047054B5B6913F0060F14BFF0
S21401EA9004200120704700BF000002B800C001B882
S21401EAA0094AD368C3F303630B2B08D06FF4905065
S21401EAB0184100F0010080F0010040007047106F1F
S21401EAC010F48030EDD17047000002B80C4AD368CC
S21401EAD0C3F30363062B07D8042BD8B20BD8C31E87
S21401EAE05842584140007047072B06D1D2F83001F2
S21401EAF00028ECD17047022070470020704700BF05
S21401EB00000002B8084BDA68C2F30362931E012BB9
S21401EB108CBF00230123037040F62203D34003F089
S21401EB2001030B70704700BF000002B8084BDA689B
S21401EB3002F03062B2F1407F08D15A6FD20605D496
S21401EB40986FC0F3C00080F0010070470020704746
S21401EB50000002B82DE9F84F4FF00108264F08FAD9
S21401EB6001F8BB69064613EA080F0C4633D006F0D7
S21401EB7074FA4FF03009824609FB0679DFF894B043
S21401EB80D9F8645005F00305012D26D11034BB6970
S21401EB9005FA04F444EA080423EA04033146BB6197
S21401EBA0154807F0EFFA154BB5405D631449154B50
S21401EBB0CA6ADB6C22F4706203F4706313434FF489
S21401EBC07A52CB62104BC3F83021104B1B681340AE
S21401EBD00F4AC2F83031BDE8F88F06F03EFAA0EBD6
S21401EBE00A00584540F2F7624FF051018CBF0020F1
S21401EBF00120FEF753F8C3E700000450002004503C
S21401EC00004001B8001F00B0002002B81C3C0020E4
S21401EC10001002B83F420F002DE9F04FADF5257DFB
S21401EC2004460E4602F060F94FF424728046002135
S21401EC30684605F035F94FF0010E1322022103460E
S21401EC400EFA06F6F6B280F800E006724672C26068
S21401EC5080F810E04676C26180F82010A948E525C4
S21401EC6058624FF432705865A748A84FC3E91A0294
S21401EC700830C3E91E021838DFF8B4C2C3E922021D
S21401EC80DFF8B0A2DFF8B0B25D635F64A04DA14FBC
S21401EC90A0F57D500838C3E90AA2C3E90EC2C3E94C
S21401ECA012B2C3E9167283F8301083F8401083F865
S21401ECB050101D661D67C3F88050C3F89050C3E915
S21401ECC026022030C3E92A029348DFF87092C3F87F
S21401ECD0B40000F56050C3F8C400A520C3F8D40002
S21401ECE08E48C3E92E72C3F8E4000420C3F8F4008A
S21401ECF0302000FB08F88A48C144C3F80801032005
S21401ED0083F80C01C820C3E93272C3E936C2C3E9ED
S21401ED103AB2C3E93E92C3E94672C3F8A05083F8FB
S21401ED20B01083F8C01083F8D01083F8E01083F891
S21401ED30F010C3F8005183F81011C3F8140183F8DA
S21401ED40201183F859616F4E7648C3F86461E52651
S21401ED50C3F874616D4EC3F82401C3F884614FF0A3
S21401ED6000404FF432764FF08048C3F83401C3F8C0
S21401ED7094616D48644EC3E94E02C3E95202C3E989
S21401ED804AA2C3E95AA2C3E95EC2C3E962B2C3E9B1
S21401ED90667283F8301183F84011C3F85C2183F85A
S21401EDA0601183F8701183F8801183F89011C3F80D
S21401EDB0A051C3F8448183F850E1C3E96A6208367A
S21401EDC0C3E96E62183EC3E97262A6F57D56083E37
S21401EDD0C3E976622036C3E97A624F4EC3E97E7292
S21401EDE0C3F8F46106F56056C3F80462A526C3F8B5
S21401EDF014624A4EC3E98272C3F824620426C3E948
S21401EE0086C2C3E98AB2C3E98E92C3F8B051C3F889
S21401EE10C051C3F8D051C3F8E05183F8F01183F81C
S21401EE20001283F8101283F8201283F83012C3F808
S21401EE303462C3F840523A4DC3E99E02C3F84852C1
S21401EE40032583F84C52C825C3F85452354DC3E9FF
S21401EE509672C3F864524FF00045C3E99AA283F84C
S21401EE605012A42283F8601283F8701283F880127D
S21401EE70C3F8880283F88C1204F130001946C3F8EF
S21401EE807452C3F8848201F0B1FFD4F8BC2204F1B5
S21401EE9040039B0863F39F0225462346C4F8BC2221
S21401EEA004F11402C3F8945005F118010435954293
S21401EEB0C3F8D41103F11003F4D11920F6F788F939
S21401EEC000F59200194B00F578508000B0FBF3F086
S21401EED094F83231C4F8240143F0400384F8323107
S21401EEE094F87232C4F8345143F0400384F8723215
S21401EEF004F12C03C4F86402C4F874320DF5257DC0
S21401EF00BDE8F08F296E0600448001B8030000407A
S21401EF1008002008548001B8C80A040003000080D5
S21401EF20284000B8096E0600100002B800F0490239
S21401EF302C8001B83C0102B8108001B86000045072
S21401EF402DE9F84F82460C46174605F01EFF0028AD
S21401EF5066D09AF82530DB0762D501F0C5FF9AF92D
S21401EF60269005463CB94946FFF7F4FD002F4ED1E1
S21401EF700020BDE8F88F0124DFF8B4B004FA09F6E2
S21401EF80DBF818303342F1D14FF47062254B04FAA6
S21401EF9000F8DA624FF42062A3F58053DA624FF488
S21401EFA02C5122464846F6F77DFA302303FB05B579
S21401EFB04FF4803340F6A202EB65DAF83031303395
S21401EFC023F003032B67184BCBF82880C3F8348053
S21401EFD0164BDB68C3F3036304FA03F1114211D144
S21401EFE0022B1DD1124B09F110095C60DA6904FA93
S21401EFF009F42243DA619A69164326439E61C3F8EF
S21401F0004880B3E7094BDB68C3F30363E4E74FF4D7
S21401F0100012084BDA614022074BC3F88421A7E7A8
S21401F0200220A6E7006001B800200450000002B8E4
S21401F03000000450002002B800E100E010B50446CC
S21401F04005F0A3FE30B394F82530DB0722D501F096
S21401F0504BFF94F92610FFF77DFD002294F825302A
S21401F060C4F8302123F0010384F825300A4B1146F9
S21401F07083F8C420094B20461A60094B1A6005F034
S21401F0800FFE084A92F8493003F0010363F0730358
S21401F09082F84930002010BD001E00B0183C002048
S21401F0A0143C0020001F00B0024B1B6803B1184738
S21401F0B0704700BF243C0020024B1B6803B1184771
S21401F0C0704700BF203C002010B5FF224FF6FF71AD
S21401F0D0044605F05DFE68B9FF224FF6FF71204633
S21401F0E005F067FE30B92046BDE81040FF22024910
S21401F0F005F072BE10BD00BF608E02002DE9F04122
S21401F1001C46184B05461E680F46904646B13068A9
S21401F11001F0EAFFF3681BB1B368186801F0E4FF79
S21401F120114B1B682BB1DA681AB19B68186801F09D
S21401F130DBFF9DF81830640744EA08425B0503F0DC
S21401F140BC6342EAC7621A432846084942F4C872B9
S21401F15004F02CFC002228461146FEF723FC002072
S21401F160BDE8F0815C870200E87202009007E12D9D
S21401F17008B5FFF7DBFC88B1094BDA6912030DD538
S21401F180186F10F4003009D19B6F13F0100F4FF079
S21401F19010030CBF034A044A936708BD0220FCE72C
S21401F1A0000002B8001002B8002002B838B50446C4
S21401F1B0E8B1114BDA6912031BD55D6FC5F38115F2
S21401F1C0032D12D0022D14D12A460C4B2146D3F81A
S21401F1D0B4300B489B1A9BB205F0F7FE0020064B95
S21401F1E025729B6F1B0A637238BD0822EDE721204A
S21401F1F0FAE70220F8E700BF000002B8001E00B0E0
S21401F2003840005438B50546FFF790FC98B10B4BD3
S21401F2101C6F14F400340ED10220094B094A1B68F6
S21401F2201B6D90672246AB4214BF2846002000F0B3
S21401F23093FA204638BD0224FBE700BF000002B85F
S21401F240BC390020001002B82DE9F04FDFF8F88134
S21401F2500446D8F800300D468DB02BB14FF00E0B9A
S21401F26058460DB0BDE8F08F05F08FFD10B94FF090
S21401F270020BF5E775B194F82530DB0706D50C22AD
S21401F280294604F5987005F0B4FF30B1EA882B8959
S21401F2909A4205D12046FFF7D1FE4FF0000BDFE77B
S21401F2A0FFF7DAFB0128E2D12F68002FD6D017F03E
S21401F2B00307D3D1AB88B3F5307FCFD301F014FE6B
S21401F2C0FF28CBD094F92660002E08DA3846F6F7E8
S21401F2D0F7F846B2002EC0F2A18084F8266000221C
S21401F2E094F82530114623F0010384F82530204692
S21401F2F005F0D6FC4FF400224A4B1A674A4B4B4A9C
S21401F3001A604B4B4B4A1A6001F0EEFD3146FFF78F
S21401F31021FCD8F80030A3B1A84658F8049B05F1A3
S21401F32008034F46B4F82EA00393204638F8021F70
S21401F330FDF75EFA834670B151462046FDF758FA4E
S21401F3408EE73D4B0E222046196805F0FBFC8346EE
S21401F3500028E1D084E70090D4F8EC202046E18D27
S21401F36004ABFEF741FF20469DF81620049906AB34
S21401F37002F064FD83460028DED13049089BD1F8AF
S21401F380EC20183722F07F6222F47F2222F40F62EB
S21401F39022F00F021A43D1F80C3107996FF31303C9
S21401F3A00B43E18D47F8181C069947F8083CBDF851
S21401F3B0143047F8101C47F8043C039B47F80C2C04
S21401F3C09845B2D151462046FDF712FA83460028E9
S21401F3D07FF446AF31464846FFF71EFC5A460121E8
S21401F3E0204605F05DFC164A04F59876C2F8C090F2
S21401F3F082F8C5B095E8070086E80700114991F83C
S21401F400492002F0010242F0200281F8492094F8D6
S21401F410252042F0010284F8252021E74FF0210B38
S21401F4201EE700BF001002B8183C002041EF0100A3
S21401F430143C00203DF00100E4720200004001B8D7
S21401F440001E00B0001F00B0203C0020431EDBB2AF
S21401F450FD2B12D9FF280B6812D013F0802F1EBF88
S21401F46042F20102084BC3F8282251F82020064B2D
S21401F470C3F85022C3F8542270470128F5D100235F
S21401F4804A681343E9E700BF004001B8F0B5164BE0
S21401F49085B007460E4614460FCB8DE80F00134A7B
S21401F4A06D46D2F84832D2F84C22591C08BF0023C8
S21401F4B0501C15D0002B08BF13463EB1611EC9B2C1
S21401F4C0FD290FD93360FF2C00D17260CDE90032DF
S21401F4D029462246384605F015FD002005B0F0BD48
S21401F4E01A46EAE7012CEFE7708E02000080E00F73
S21401F4F0F0B51C4B85B0D0F8E8700FCB8DE80F0047
S21401F500194B6E46D3F84842D3F84C52631C08BFD9
S21401F51000246A1C12D0002C08BF2C463146FF205E
S21401F520CDE90045FFF792FF00224FF0240CF96861
S21401F5300E4E914204D1002005B0F0BD2546EDE700
S21401F540BB680CFB02335868B04209D95B693BB112
S21401F55018680130586808BF1C60013008BF5D603C
S21401F5600132E6E7708E02000080E00F00CA9A3B87
S21401F57030B50C4B85B005461870082378B90A4A91
S21401F580C2F8FC3349B9094B0FCB8DE80F00084B85
S21401F5902A4669461868FFF779FF05B030BD054A67
S21401F5A0EEE700BFB6400020001002B8808E0200D1
S21401F5B0BC390020002002B8014B1878704700BF04
S21401F5C0B6400020124BD3F8E020D2031ED54FF4EC
S21401F5D080321049C1F8E020A1F58051C1F8EC2035
S21401F5E01A6CD1B2C2F30722C3F88010C3F8802088
S21401F5F00422C3F880200022C3F88020C3F88020AC
S21401F600C3F88020C3F88020C3F88020704700BF6D
S21401F6100040005400600054F0220D4B016D9A64C6
S21401F620A022A3F580539A64838E0120B3FA83F354
S21401F630084AC3F11903DBB2C2F8C000C2F8983019
S21401F6404FF40053C2F89C10C2F8BC30704700BF9C
S21401F650006000B800400054F8B50D46174606464F
S21401F66006F081FD01230421084C094A2363A760A3
S21401F670E6602561C2F8E010064AC2F8843106F059
S21401F6806DFD0DB102232363F8BD00BF0040005499
S21401F6900060005400E100E00122044B1A6640F6C7
S21401F6A0FF729963D863DA65704700BF0040005463
S21401F6B02DE9F04F042A05460B4683B037D90126BB
S21401F6C00978141F81615A7803F1040982619A78D6
S21401F6D08261DB7883610368D0F808B003F0070322
S21401F6E006339E4006F1FF3A47680AEA0B08A6EB86
S21401F6F0080247F00057944207EB08000CD8494629
S21401F700224604F031FD46EA0A0604EB0B023240BB
S21401F710AA6003B0BDE8F08F4946019204F024FDCB
S21401F720019A384609EB0201A21B4244E9E7013A75
S21401F730032AEED8DFE802F00B08050213F8012BC6
S21401F740826113F8012BAA6113F8012BAA611B78B9
S21401F750AB6103B0BDE8F08F38B50C4615460146DF
S21401F7600F4B60B101220F48C3F8C0202246FFF7B5
S21401F7709FFF1DB104220A4BC3F8C02038BD64B1F7
S21401F780D3F8A420A24284BF0122C3F8C0200222DB
S21401F790C3F8A040C3F8C020EBE70122FAE700BF98
S21401F7A0004000549840005438B5044606F0DBFC8F
S21401F7B001211A4A638F054611663BB3B3FA83F3F8
S21401F7C0C3F11903DBB2A069C2F890109366072350
S21401F7D0D066C2F88C304FF4A02302F50052C2F86E
S21401F7E0E030A2F58052C2F8EC3000220C4B1A60D1
S21401F7F00C4B1B6F5B0209D54FF480020A4B1A674C
S21401F800D4F8A01094F8270001F0FEFD4FF4E02391
S21401F8102846E363BDE8384006F0A0BC004000542B
S21401F820283C0020000002B8002002B82DE9F84369
S21401F83005460C46C1B1D0F81880478F06F093FCF8
S21401F840B5F83CC0791EDFF8049101EA0C0323F0F9
S21401F8500702032C0646D9F800E042445AD1BEF10D
S21401F860000F04D106F07AFC0E20BDE8F8832EF0D6
S21401F87001042EF0010EA64551D10023C9F800302F
S21401F880238894426FEA43436FEA534323803CD173
S21401F890EB8F08EB07091846083880B202F1080416
S21401F8A04C4528BF4446082804D9B4F800E0BEF504
S21401F8B0804F3ED263440F431B1A3B409BB2AB873B
S21401F8C0E887118894781C4AC1F30C015164536788
S21401F8D0C2F88C004FF48022184B04F00704C3F8DA
S21401F8E0E0200122164BC3F88421FFF76BFE042C9F
S21401F8F00BD14FF48002134B1B6F134B1A67D5F8CD
S21401F900A01095F8270001F07FFD304606F026FC92
S21401F9100020AAE7601E012898BF1446A9E7E88FD1
S21401F9204344E31A48BFDB1908389842A8DC30463E
S21401F93098E72246B0E700BF00400054006000543C
S21401F94000E100E0000002B8002002B8283C0020D8
S21401F950144B10B51968CA8F8B8F488F1344013822
S21401F960073B8C69034023F007031C4402F108039C
S21401F9700D4A9BB2CB87C2F88C304FF480220B4BDA
S21401F980C3F8E02001220A4BC3F88421A07800F0D6
S21401F9900700042803D1074AD3681B03FCD4064B8F
S21401F9A01C6010BDBC3900200040005400600054AB
S21401F9B000E100E0000002B8283C002010B5064C2B
S21401F9C0216839B1CB0703D4044B1868FFF72EFF23
S21401F9D00023236010BD00BF283C0020BC39002056
S21401F9E04FF480320B4B0C49C3F8EC20A3F50053BF
S21401F9F0C1F8E020D3F888109A6E012302F00702BE
S21401FA0006329340C1F30C01083B994201D8FFF737
S21401FA10D9BD704700600054005000542DE9F041F4
S21401FA2006460C46478F1546D0F8188006F09BFB15
S21401FA30B28F07F1FF3E02EA0E0323F00701032C03
S21401FA40B6F83EC0414419D14A4C24689CB9624478
S21401FA50073A02EA0E0222F0070208EB02044344C8
S21401FA60E31A48BFDB19634510DB06F077FB002479
S21401FA702046BDE8F08124F00104F0E7012C03D014
S21401FA80022CECD1ACF1080C0C46E8E7002D36D080
S21401FA908C4237D1384A526CDFF8DCC0718ADCF808
S21401FAA08870C7F30C079F423FDD2388B3F5804F6C
S21401FAB0DBD2A77801F1FF3C07F00707C3F30C037D
S21401FAC09B1A41EA0C0E052F2F7003EA0E0324D869
S21401FAD01BB223EAE3776F80E7782F74F66902EAB0
S21401FAE00C02B718AF609FB212FA83F38B4291BF34
S21401FAF000238B1AAB80EE609CBFAF80EB6006F0F4
S21401FB002DFBB5E7A4F10802904584BFFF0802EB80
S21401FB10C7021288C2F30C02BEE7184F7F6D003F82
S21401FB2018BF0127A3EBC703D2E7DCF8403001F189
S21401FB30FF3CA3EB020E41EA0C030EEA030EDFF8CC
S21401FB4040800FFA8EF3002BD8F80C700FDC07F00C
S21401FB507067B7F1407F14BF00270127FF002F70A1
S21401FB60D8F87870A5F802E03F0A2F74B6E70827A0
S21401FB70F5E700BF283C002000400054004000B8D4
S21401FB80000002B8134B70B51E68134B748A9D6C47
S21401FB90621E1B6CADB292B242EA04015B1B0B40C3
S21401FBA0191E18BF0121C90001700C492A40896F2E
S21401FBB04380090A0174F169D618A64201EB0205D1
S21401FBC0D2BF0021A31A9BB285608380C16000204A
S21401FBD070BD00BFBC39002000400054000002B8D0
S21401FBE0054BA822D3F84C013121431C0CBF012040
S21401FBF0C0F38070FDF752B80080E00F38B5094DAC
S21401FC000446286840F6C202003818BF01202B219E
S21401FC10FDF744F8FA235C432B680A20B4FBF3F49F
S21401FC20604338BD5C3C0020164B30B51A68431C57
S21401FC30154B1FD0B2F1407F1CD3144CD4F80021D1
S21401FC40154661F3050260F30505C3F8D020C3F835
S21401FC50C850D4F804310E4A1A400E4B03EA50003D
S21401FC6003EA510110431143074BC3F8CC00C3F814
S21401FC70D41030BD00200146C3F8C800C3F8D00038
S21401FC80F2E700BF0080E00F001F00B0000002B8DE
S21401FC901FF087E1E0FFFF7F014B5880002070478F
S21401FCA0B040002073B5564E0446317819B91C226F
S21401FCB0544804F0F5F82378534A544C13704FF027
S21401FCC0FC62C4F8FC204FF47F02FF21C4F808212F
S21401FCD04F4A022B4F4D117033D1042307224E4950
S21401FCE0C4F8FC23C5F8FC33C4F800114FF4C07106
S21401FCF0C5F80011C4F8FC234FF48052C5F8FC3354
S21401FD00C5F870214FF40052C4F87021C4F80831C8
S21401FD104FF4FF13C4F8FC304FF4BB13C5F8FC30A6
S21401FD208023C4F8703148F2C8023C4BC3F8D8208F
S21401FD303B4B3C4A0020C3F8C02F0123337002B06E
S21401FD4070BD394A012BC4F80021384B27D14FF436
S21401FD50C072C5F80021D3F83802D3F83C12FFF779
S21401FD6063FF0723C4F8FC330223C5F8FC334FF4C2
S21401FD708053C5F870314FF40053C4F87031042332
S21401FD80C4F808310DEB0300F5F7D8FB9DF80530F4
S21401FD90023B012B9CBF8023C5F87031C3E7244A80
S21401FDA0C5F80021D3F83002D3F83412FFF73CFF30
S21401FDB00723C4F8FC330123C5F8FC338023C4F8B9
S21401FDC070314FF4805301A8C4F87031F5F7B6FBD3
S21401FDD09DF80530012B05D19DF8043053B948F242
S21401FDE05D1309E0FBD9023B012B9CBF4FF4005386
S21401FDF0C5F8703148F25813084AC2F8D83097E768
S21401FE005C3D0020C41F00B0B0400020002002B8B6
S21401FE10BA400020001002B8C0F10F00001F00B069
S21401FE20001000B0303C0020C0F70F000080E00F4B
S21401FE30C0F60F0010B5044601F086F80A4BD3F859
S21401FE40F83724B983F40023C3F3C04010BD012C56
S21401FE5005D103F4C023B3FA83F04009F6E7A31EE5
S21401FE6058425841F2E700BF000002B86FF07F42E7
S21401FE70154BD3F8FC37934208D0144A03F03F03DE
S21401FE801370F123124A1370124A13701249134B5E
S21401FE9009781A68A9B1B2F1A06F12D3D3F850123B
S21401FEA00F4A104BB1F1FF3F18BF13460E4A1360BD
S21401FEB041F66A020D4B1B68B3FBF2F30C4A136062
S21401FEC07047084BF2E700BF000002B8BB400020B5
S21401FED0BC400020BD400020B94000200080E00F5B
S21401FEE05082E00FA48E02002C3C0020783C0020BB
S21401FEF05C3C0020012807D0022802D030B1002047
S21401FF007047034B18787047024BFBE7024BF9E743
S21401FF10BB400020BC400020BD400020F0B5054697
S21401FF2085B001AC0B220021204603F0B9FF95F8FD
S21401FF303C110846FFF7DEFF95F82B30421ED2B281
S21401FF40934228BF134600293AD0012936D11946D3
S21401FF5004204FF00F0C374EB1FBFCF7F75D01386C
S21401FF60C91BC9B28A4238BF002121540028F3D1E7
S21401FF7005200F278DF80830B3FBF7F1715C0B44B1
S21401FF80DBB2934228BF1346235401300B28F3D12A
S21401FF900F2605F1B401E03514F8013BB3FBF6F288
S21401FFA0501CC2EB02129B1A0133DBB2C0B21B0417
S21401FFB043EA005341F8043F8D42EDD105B0F0BD50
S21401FFC0194604204FF00F0C1B4FB1FBFCF6F6B29E
S21401FFD0BE5D0138891BC9B28A4238BF002121544F
S21401FFE00028F2D105200F268DF80830B3FBF6F174
S21401FFF0795C0B44DBB2934228BF1346235401308D
S2140200000B28F3D10F2605F1B401E03514F8013BB5
S214020010B3FBF6F2501CC2EB02129B1A0133DBB2A0
S214020020C0B21B0443EA005341F8043F8D42EDD1AF
S214020030C4E700BF9D8E0200908E020038B5284BA2
S21402004005461A7827490D2A02D1FF20087038BDC6
S214020050104604F0EFFF04461046FFF74BFFA84297
S21402006028BF2846C0B2A04238BF20460B78C0B28E
S2140200708342ECD0087088B1431EDBB2022A1A49CA
S2140200800ED14FF0FC62C1F8FC20A1F50051D1F868
S214020090FC2042EA4353C1F8FC30D8E70346EDE7BA
S2140200A0124A134C1268B832C4F8C02F4FF47F02BB
S2140200B0C1F808210F49CA6FD202C8D40F22B3FB77
S2140200C0F2F2551CC2EB02129B1A0133D1F8084118
S2140200D01B0443EA05532343C1F80831B7E700BFC0
S2140200E0B0400020BA400020002002B8BC390020F0
S2140200F0001000B0000002B82DE9F04F90F83C5115
S2140201000746D0F8B41087B04DBB1F2938BF1F2151
S21402011009398C4B8C4E1A6A4C233068C2F3821211
S214020120D34003F0010A8842534697F82B4087488B
S214020130DFF83CB2DFF83C9216D190F800C0D44506
S21402014012D19BF800C0AC450ED1814A92F800C08D
S214020150A44509D1B9F8040007B0BDE8F08F032919
S21402016038BF03210239D4E7FF2C3160037015D162
S214020170284604F05FFF8046764CBAF1000F1ED088
S214020180D7F8F000002800F0CF800368082B40F272
S214020190CB8090F83880002D5BD016E099F80000EE
S2140201A0FFF7A8FE00F1FF38A04528BFA046B8F129
S2140201B0010F38BF4FF001085FFA88F8DCE7012D1F
S2140201C02CD0022D01D0D5B3D04640F2712223683E
S2140201D008EB0826B3FBF2F319224B43B3FBF2F308
S2140201E04146012205A8059308EB062604F0FEFE0A
S2140201F04FEA4808B8F1030F38BF4FF0030804026D
S21402020044EA0014A8F10308044300F01F0008FAA9
S21402021000F0FFF7F3FC00F5FA685FE00F23B8FB87
S214020220F3F35A1CC3EB0313A8EB03030133DBB24D
S214020230D2B21B0443EA0253C3F30748C5E70F23AF
S214020240B8FBF3F344480133006850FA83F313F81B
S214020250018C40F2712324684FEA0846B4FBF3F49B
S21402026019234C43B4FBF3F40294BAF1000F5ED1A7
S2140202703A4B5246A3FB041303A8A8F1400103938A
S21402028004F0B4FEDDF80C80354BA4EB0804A3FBA7
S214020290041352463021009004A8049304F0A6FEEC
S2140202A0049B8246E41A0122102105A801930594B4
S2140202B004F09CFE009B46F480461C02019B44EA26
S2140202C00A14044308EB0300059B46F01006184484
S2140202D0FFF794FC00F50C5808F1280840F6FF7268
S2140202E0204B4046C3F8C020A3F58053C3F8C04055
S2140202F0A3F580531C4CC3F8C460C4F8008002F017
S2140203003BF84FF47A72194B4042986523681049BD
S214020310B3FBF2F3A9F8043097F82B30B8FBF2F0EF
S2140203208BF800500B7017E74FF0000833E70022F7
S214020330414602A804F05AFE040244F01104029850
S214020340C6E700BF004001B8A44000205D3D002083
S214020350B7400020783C00202C3C002069C2F5689B
S214020360911E856B006001B8603C0020001F00B043
S214020370B8400020B0400020014B1870704700BF04
S214020380B940002010B50446FCF71AF978B1174BAD
S2140203901B786BB964B1164B1B784BB1154B1B78A7
S2140203A0013B012B04D84FF40042134BDA6710BD11
S2140203B0124BDB6F1B04FAD405F0D5FE4FF4004255
S2140203C00F4B0446DA67A3F5A0435B682BB1FDF733
S2140203D003FF10B1022004F047FE0222094B20461A
S2140203E0BDE81040C3F8842405F0B8BE5E3D002088
S2140203F05F3D0020643C0020002002B8000002B8E6
S214020400001002B800D003500122024B00201A70DE
S214020410FFF7B8BF5E3D00200022024B01201A7093
S214020420FFF7B0BF5E3D002037B50446354D00F0FD
S2140204308BFD354B00201C702B78002B0CBF002444
S21402044004F00104FFF79EFF2B78013B012B08D82E
S214020450EB7B01A88DF804302B7C8DF80530F3F782
S214020460E7FB0022294BC3F88424002C42D06A689A
S214020470002A35D0264B1B6803EB5203B3FBF2F37C
S214020480013B1B0243F0F8032A78022A2AD0032AE9
S2140204902CD0012A31D1072243F002034FF6FF7017
S2140204A01C49C1F88400A1F58051C1F88430174B6D
S2140204B0C3F8842493070BD5EB7B01A88DF8043090
S2140204C02B7C8DF80530F3F7A1FB0120FFF75AFFCE
S2140204D04FF080439CB1104A0020D36703B030BD72
S2140204E0F823D1E7062243F00103D7E7042243F0BC
S2140204F00503D3E72246F823D0E70022CEE7074AD1
S214020500EAE700BF643C00205F3D002000C00350C5
S214020510783C0020006000B8001002B8002002B844
S214020520F0B5284F06463D4604460FCE85B00FC5A9
S21402053033682B6000F008FD0022234BC3F88424A6
S214020540A17A627A42EA0142C3F89024217CE27BD5
S21402055042EA0142C3F88C24217B627B41EA0240D4
S214020560C3F888043B78032B29D8DFE803F022027D
S2140205700C178DF8041004218DF805200DEB0100F0
S2140205800022F5F74FF8E37B00228DF80830237C33
S214020590042102A88DF80930F5F744F8637A01229F
S2140205A08DF80C30A37A042103A88DF80D30F5F7E8
S2140205B039F8064B1878FFF737FF002000E02120B5
S2140205C005B0F0BD643C002000C003505F3D002033
S2140205D0034BDB6F002BBCBF024BC3F8880070478F
S2140205E0000002B8004000B8084B1A6C0A2A81BF05
S2140205F05A6D4FF0FF3302F00F02934083BF9843C9
S214020600B0FA80F040090120704700BF00C001B870
S2140206102DE9F04704F08BFD4FF47A752F4BB0FBB3
S214020620F5F518604FF4FA736B4307462C48190E1B
S2140206301B0218182B4A4FF0000341F1000103F089
S2140206400DFA294BA0F5807182460246196330B92D
S2140206504FF0010A4A222B21FCF720FB52464FF4A8
S2140206607A735A4329020023500803F0F7F91E4B07
S2140206701E4AB7F57A7F9A601D4B4FEA0A661960E2
S2140206801C4BA9468846044618604FEA1A2A06D228
S21402069001259D222B210020FCF700FBA9464FF4E2
S2140206A07A73A6FB030103FB0A116D0840194FF08B
S2140206B0000341F100014A4603F0D0F90E4B023422
S2140206C019600E4B48F10008A408186044EA8874C2
S2140206D0054B013C9C63BDE8F08700BF783C0020D8
S2140206E020A1070040420F0000C001B8021101001D
S2140206F0883C0020843C0020803C00207C3C00207B
S2140207001022044BC3F884215A600122024BDA609D
S214020710704700BF00E100E000C001B810B5044613
S214020720A242A2EB0000A3EB010104D2034B013963
S2140207309B6B0133184401F0030110BD00C001B8E1
S21402074038B501250A4B02019D504FF480730446CA
S214020750084A8340536605F006FD074AA54013780B
S21402076023EA05031370BDE8384005F0F7BC00BF66
S21402077000E101B800E001B8693D00202DE9F84F1C
S214020780164604468A461F4605F0EDFC022E00F089
S2140207909280804605F0F0FC604B614AD3F82090C8
S2140207A0157D5A6EEDB2520744BFD3F8209001353C
S2140207B005F0030505F0DBFC4846294600F038FA4A
S2140207C08446DAF80000012E04BF01306044ACEB28
S2140207D0000C08BFCAF80000BCF1804F7ED300F0C0
S2140207E03BFA8145A1EB050188BF4C4BDFF854E18B
S2140207F088BF01F1FF3101F0030188BF9B6BA0EBBC
S214020800090C0EF80410A1B1F90742BF41F61F7297
S214020810444B5A67BA0742BF424B434A5A677B0762
S21402082042BF00223D4B9A673D0742BF00223B4B28
S2140208309A6511254FF0010A384B04F11002120195
S21402084003EB041BCBF80C0138499D501A6A0AFACE
S21402085004F5586E0B78A2EB0902EDB22B43624503
S2140208600B704FEA041925D34FF48073A34003425A
S21402087020D11EF80420002A4BD10EB32C4AF807CA
S214020880536607D541F61F7140F20110254B596792
S21402089050675967B90706D5224B234A244925488B
S2140208A05A6748675A677A0742BF0122224B1A6183
S2140208B03B0719D4404605F051FC0120BDE8F88FED
S2140208C01E4A42F809A042F89C3C05F04CFC174927
S2140208D00B7823EA05030B7005F040FC404605F052
S2140208E03DFC0020BDE8F88F2120FFF771FE4FF493
S2140208F080310A4A124BD1601A78002ADAD00022D6
S2140209002D201A70FFF764FE1022094B40465A66E5
S214020910D1E7074A40465366CDE700BF00C001B89C
S214020920203D002000E001B800001F1F693D0020A6
S21402093000D001B800000101000002B800E101B8D1
S214020940603D0020613D0020034B10300001185826
S21402095000F00100704700BF00C001B82DE9F04169
S2140209609DF818800D46B8F1000F08BF0022214EF0
S214020970B5F5803FB168074621F4700141F4A00145
S214020980B1609DF820409DF81C104FEA042444EA0A
S214020990016444EA031444EA084444EA02044FF0B9
S2140209A018014FF436722CBF002001207465FCF744
S2140209B075F93564B8F1000F1AD00F4BBC68D3F83E
S2140209C088305A2C38BF5A245B0606D500F074FCD1
S2140209D018B10A4BB3FBF0F31C44204600F03CF976
S2140209E00130854238BF0022024B34BF5A64586435
S2140209F0BDE8F08100C001B800C000B800093D00A3
S214020A00F7B52B4F3D6E01F067FE04462846FFF70A
S214020A10EBFD7B6C06460BB100283AD0102720204F
S214020A20FFF7D6FD234B9F606CB100220020082101
S214020A30FDF7F4F98022204B5F66A3F580531F670B
S214020A4003F540531A6102F08BFB20221B4BC3F8BE
S214020A50842101231A4A8DF80730D36813F0706F89
S214020A60FBD09DF807306BB91CB116B10122154BAD
S214020A701A700F4B144A1D665A6741F201429A6772
S214020A8003B0F0BD0DF107010DF10600FEF73AF8CE
S214020A90E7E7002CEDD00D4B074A5366A2F58052CD
S214020AA013672846FFF7A0FD0028E2D03D6EF8E760
S214020AB000C001B8001002B800E001B800E100E092
S214020AC0000002B8603D0020011B01181000002043
S214020AD010B504462120FFF77BFD1CB14FF480328F
S214020AE0064BDA60064B1A783AB100222D201A70AD
S214020AF0FFF76EFD1022034B5A6610BD00C001B808
S214020B00603D002000D001B8F8B5184D04462B6AA7
S214020B101B0426D500F01CFC2B6AA0FB044613F02F
S214020B20787F4FEA9367C3F34450C3F3044505D175
S214020B3040F239422B21FCF7B1F80120AD01B5FB9A
S214020B40F0F010EB871005D140F23E422B21FCF765
S214020B50A5F80120024600232046314602F07EFF19
S214020B60F8BD00F0A9FBA0FB0401F9E700C000B83D
S214020B700246012030B50B4CA0F12003C0F120053F
S214020B8024FA05F504FA03F32B4304FA00F595421A
S214020B908B4100D330BD0F2801D00130ECE7FF2097
S214020BA0F8E700BF40420F0000220B4B40F0100057
S214020BB01A700F22094BC3F88820A3F58053C3F896
S214020BC08800A3F580531B6ADBB2802B02D008464E
S214020BD000F0F4BB704700BF603D002000E000B8A4
S214020BE038B505F0C9FA084B084A1D6A147D5A6ED4
S214020BF0E4B2520744BF1D6A013405F0B8FA28462B
S214020C0004F0030138BD00BF00C001B8203D00203B
S214020C100346064A103302EB00111B01D1F80C0101
S214020C20D158C1F3400104F02ABA00BF00C001B88F
S214020C30074B084A1B6810B54343146803EB8173DD
S214020C4000224FF00041E4FB0012981810BD00BFCE
S214020C50803C00207C3C00200C4A20F040430146A9
S214020C6010B5002014684FF00042E4FB0320084A47
S214020C70890F126802FB0300064B9B6B984204D94D
S214020C8001330131C01A01F0030110BD843C00207B
S214020C90883C002000C001B8044B01F0F07110300F
S214020CA041F0030100011950704700BF00C001B8AF
S214020CB008B52220FFF78CFC4FF48022014BDA6045
S214020CC008BD00BF00C001B808B5064B4FF0304063
S214020CD01A680549920003F047FABDE8084001F099
S214020CE09DBC00BFD88E0200DC8E020070B50C6878
S214020CF0651C15D0C4F302669E42C4F3074530D184
S214020D00A4B294422DD804EB8506B24229D2141B13
S214020D10A50824F003040E59340F04D0012C08D081
S214020D200022212402E06B1C51F82320C0E9002493
S214020D3070BD0E4C34F8133042EA03431A686B1C3B
S214020D4051F8234001EB83014B6822405E4036F0A7
S214020D50704404D11B0F032B04BF8B681A43002474
S214020D60E4E7013501EB8501C1E700BFB88E02005A
S214020D7007B501A8F4F7E2FB4822164B5A65164A55
S214020D80D2F8D43023F4FC33C2F8D430134B1B68A9
S214020D909DF80530023B012B19D84022104BC3F8B0
S214020DA0FC23104BD3F85C32DBB2FF2B00D10623B8
S214020DB0094A1B03D2F8FC139BB20B43C2F8FC335E
S214020DC0D2F83021084B1A6003B05DF804FB01F03C
S214020DD051FAECE7008001B8000002B8002000B02B
S214020DE0001002B80080E00F1C3C00202DE9F047FE
S214020DF0074688461446234D234EDFF894A088B053
S214020E001CB9204608B0BDE8F087B4F5006F4FF075
S214020E1010024FF000016846A14628BF4FF4006951
S214020E2003F03EF808238DF8003009F1FF339BB239
S214020E30009A1B0143F0036332402B4013431022F7
S214020E4000210DEB0200CDE90038029703F028F8E6
S214020E506B469AF800100D4804AAF4F7F4FB9AF8C9
S214020E6000100A48F4F72AFCA4EB090408EB8908E8
S214020E7007EB89079AF80010044805F096F900284F
S214020E80F8D0BDE7F07F300C0F80CFF3000004509F
S214020E90BE40002008B5054B4FF030401A680449A2
S214020EA0FFF7A4FFBDE8084001F0B8BBD88E0200E9
S214020EB0DC8E020010B5044605F055F9064B074ACB
S214020EC01C70074BFF2C08BF1346064A136005F03A
S214020ED045F9002010BD00BFBE400020C90C02002C
S214020EE0950E0200A8400020014B1878704700BFFC
S214020EF0BE40002000224FF400710F4B10B51A6757
S214020F005A679A670D4AD162012102F5E8325161A9
S214020F10DA6812F0706FFBD14FF0304201245A6645
S214020F2002F5FC5208329C66DA64054B1B68984749
S214020F30044B5C6110BD00BF000002B8004000B860
S214020F40A8400020002002B801230F4A0F49C2F829
S214020F5080328A6A22F002028A620D4A53600D4A81
S214020F6053600D4A5360A2F580425360A2F5404298
S214020F70536002F5C032536002F580425360A2F518
S214020F8000425360704700BF0080005000C000500F
S214020F9000D000B800500054005001B808B5FFF762
S214020FA0D3FF0D4B0D4ADA6701F05CF9FFF7E0FE5E
S214020FB003220B4BC3F8E02000F0E8F94FF460720E
S214020FC0084B5A614FF40072DA67FEF7F5FABDE88D
S214020FD008400021FEF7CCBA000002B80048F00034
S214020FE0005001B8001002B82DE9F04F804687B0D5
S214020FF002900D4655F8044B631C08D1029BC8F8B4
S2140210000040A8EB0300801007B0BDE8F08F5FEA4F
S214021010147B18BF0122324BC4F3016A33F81A104C
S21402102008BFC4F307424FEAC209A4B22D4B44EAF2
S214021030014409F104014144994241D398453FD8FD
S2140210400020E1E7059B23BB072017F0420F20FA9A
S2140210500AF000F001002BD117F0280F20D1002251
S2140210602244BBF1010F46F8082C4FF0FF3218BF9E
S2140210700022019B043453F8041B08364A4046F803
S2140210800C2C0193049B9C42DCD10399C84429444E
S214021090AFE740F6F30232210020FBF7FFFDDEE762
S2140210A040F6F7023221FBF7F9FD4FF48052D7E7FC
S2140210B040F6FC023221FBF7F1FD4FF40052CFE777
S2140210C09300039304EB82030493012303FA0BF7C2
S2140210D007F0940308F1080601950593D2E700BFCE
S2140210E0B88E0200003000B0F8B50546F0B1002612
S2140210F0154B34461F46154953F8042BBAB9A000BF
S21402110000F13040294600F50150FFF76DFF30B977
S21402111040F6A8223621BDE8F840FBF7BFBD0C4BCF
S2140211200134044447F8265023F81640F8BDAA4274
S214021130FCD001360C2E02D031F81640DCE740F621
S214021140C22236210020E6E78C3C0020363D0020F5
S214021150383D002070B5C0B100296ED0002213467B
S2140211603749384C51F8045B85420FD136498A68B4
S2140211709206FCD49B00354A03F1304303F5015333
S214021180C2F8B0302022324B9A6070BD01320C2A6F
S21402119053D034F81230E5E71FD142680830C3E96D
S2140211A000120268531CF0D0C2F3016334F8131025
S2140211B012F47E0F93B243EA014313D00430C2F313
S2140211C00742022A0168E7D946688568033AC3E9F6
S2140211D000169D600C300C33F3E7012AE1D104308F
S2140211E01960DEE7120F00F108054068072A09D8E1
S2140211F0DFE802F007040A0E1114191EC04303F5B5
S214021200005318602846CCE71A6842401A60F9E78D
S21402121003F58053F5E703F027FFF3E7012203F512
S21402122080538240F2E7012203F500538240EDE745
S2140212301A6830EA0202FBD1E4E7064CB1E700BFC7
S2140212408C3C0020363D0020000002B8001E00B094
S214021250001002B8B88E02000B4B1B68D3F8F030B1
S21402126023B11A68022A01D9186A7047074B9A6D89
S21402127090B238B1064BC2F307421B68DB085343F1
S214021280B3FBF0F0704700BFBC390020004001B845
S214021290783C0020064BDB68C3F30363984206D112
S2140212A0044AD36B23F0F00343EA0111D16370477B
S2140212B0000002B8001F00B0054B1B68D3F8F030E0
S2140212C013B11A680A2A01D8FFF7C6BF186C70470E
S2140212D0BC3900202DE9F347054603F0BEFE002781
S2140212E08046194EDFF864A004F03DFF0DF10701B9
S2140212F081460DF10600FDF705FC9DF806300BB39E
S214021300DAF80C3013F4603F1CD0DAF8100003F061
S21402131010FF04466B1C03D003F09FFEA0EB0807E9
S214021320484604F01BFF14F5007F07D19DF80630EF
S21402133013B99DF807300BB1AF42D5D3204602B0A1
S214021340BDE8F0873446E5E700FEFFFF00C000B8C0
S2140213500B4A10B5136E0B4C116E03F00703E35CD9
S214021360C1F3CD0101FB0333126E0748C2F34542B7
S21402137002FB033300688001B0FBF3F010BD00BF30
S214021380004001B8B08E0200783C00200122014BDA
S214021390DA677047001002B80122014BDA6770471D
S2140213A0002002B84022014BDA677047002002B8DC
S2140213B04022014BDA677047001002B810F1800F26
S2140213C004D04D28CEBF7F20323040B2FF22034BDE
S2140213D0C0B21A62A3F580531862704700E000B8E4
S2140213E0084910B5D1F89C3040B11C46CA68D1F8FD
S2140213F09C309C42F9D1C2F30362027003F00F00E4
S21402140010BD00BF000002B8064B01F080011B6F42
S21402141003F480030B4302BF4FF40012024B1A621E
S214021420704700BF000002B8006001B810B504F0B3
S2140214309AFE0E2104460320FFF72CFF40F20122FB
S214021440034B2046BDE81040DA6204F087BE00BFB8
S214021450004000B8124B197809BB124A106A58604D
S214021460D2F88800D860526E1A610F4AD068986126
S214021470D06BD861D2F8B4001862D2F8B8005862BD
S214021480106B9862506BD862926B1A6301221A70C4
S214021490064B074AD3F8A0001060C3F8A0107047A6
S2140214A0C03C0020004001B8004000B8001E00B05A
S2140214B0BC3C0020164B1A784AB35968154A11628A
S2140214C0D968C2F88810196951669969A2F58032FE
S2140214D0D160D969D163196AC2F8B410596AC2F8E0
S2140214E0B810996A1163D96A5163196B9163012125
S2140214F002F5005291641021A2F58052C2F88410BF
S21402150000221A70044B1A68044BC3F8A0207047D6
S214021510C03C0020004001B8BC3C0020001E00B0C9
S214021520194A38B5136A03F4E071C02921D003F0D2
S214021530C003802B23D1154B154A01255A6630224B
S21402154003F580535A660522A3F59033DA6003F555
S21402155080539D6404F007FE04460E4B29461D6127
S2140215600D4B00205B6898472046BDE8384004F0E3
S214021570F5BD23F4E07343F080031362DBE7002338
S214021580C2F88830D7E700BF004001B8005001B863
S2140215900F00FFFF000002B890400020012838B577
S2140215A001D0042831D11E4BD3F8B42022F4804255
S2140215B0C3F8B420D3F8B82022F48042C3F8B82087
S2140215C00122DA6324221A634FF480725A634FF4BC
S2140215D09C729A63102203F50053C3F884200522F6
S2140215E001250F4BDA6003F580539D6404F0BBFDC2
S2140215F004460C4B29461D610B4B00205B6898473E
S2140216002046BDE8384004F0A9BD3F22074B062815
S2140216105A660CBF064A074AA3F580535A66DEE7A7
S214021620004000B8000002B890400020006001B8F8
S2140216303800FFFF1200FFFF4FF604014FF60502C7
S214021640044B01201B6C9BB28B4208BF1346024A16
S214021650136670470080E00F00C001B82DE9F8431A
S21402166004F081FD0C224FF0B04700212B4C2C4D8C
S214021670637C06465A433A441163D5F8708029675C
S214021680D5F8000194F810C0E06026480233C0F88E
S2140216908CC00320C5F80001012000FA03F322489B
S2140216A043614FF48070214B586602203B6A013337
S2140216B0A3605363106301333A6A00BF00BF00BFE2
S2140216C000BF00BF00BF00BF00BF686E10F4807985
S2140216D015D19342F0D139B1304604F03FFDCD2208
S2140216E01A214846FBF7DAFA0C21627CA3684A43C1
S2140216F0023302F1B042A36001215363DBE74FF4E9
S21402170080720A4B30465A660122C5F87080C3F8CA
S2140217100021BDE8F84304F021BD00BF203D0020B3
S21402172000C001B8008003500020005800E001B855
S2140217302DE9F74F81460E464FF0FF34FFF750FA79
S214021740002501908A46A0462846DFF8D0B005F16B
S21402175010031B015BF8037007F00307012F15D176
S2140217602846FFF755FA02460B4601985146FEF701
S214021770D5FFDBF8643005F10802D340DB0736D527
S214021780002E3DD00024A046356038460135082D8F
S214021790DDD148B300221146204DAF68AB6B013352
S2140217A0E8FB034107F44033B3F5003F30D16B6BDF
S2140217B007F44057013342F10006B7F5805F22D1A5
S2140217C02D6B15F5807505FB06F642F1000203FB4C
S2140217D00266A5FB03323244594304FB0212A3FB02
S2140217E004342244C9E9003203B0BDE8F08FA042B7
S2140217F071EB0803C9D206B1356004468846C4E7D1
S2140218003446B046C1E7320242EA13621B02E3E7FD
S2140218102B6B13F5807342F10002DDE700C001B8BE
S21402182008B503F0B5FC044B5A7C01230232934000
S214021830024A536108BD00BF203D00200020005828
S214021840FF2870B53ED0FF2938D00B2834D802299D
S21402185032D81F4C1F4B617441F44021207441F46E
S2140218604071063043F820101B4B1D6803F07DFCC8
S2140218706E08ED07024600232846314602F0EEF8CF
S214021880090241EA1061C0F3C05040EA4100134B1E
S2140218902060186B10F5807005D14FF4D7722B219B
S2140218A0FBF7FCF90220024600230020012102F089
S2140218B0D5F86060002070BD2120FCE70B28FBD81D
S2140218C00021C6E7FF294FF00700C0D1F8E700BFA6
S2140218D0203D002000800350783C002000C001B864
S2140218E010B504F040FC0446FFF7B8FE0222054B92
S2140218F02046BDE81040DA600122034B1A7004F05D
S2140219002DBC00BF00C001B86A3D00200C490B7810
S214021910ABB10C4B5A7C0123023293400A4A9361C4
S21402192053614FF48062094BC3F8802100230B7089
S214021930074BD3F80C01D3F8041100F0ABB870478C
S2140219406A3D0020203D00200020005800E100E013
S21402195000C001B810B5044603F007FC6043044B10
S21402196000F5F42000F59070B0FBF3F010BD00BF58
S21402197040420F002DE9F74FFFF7ECFF044604F054
S214021980F2FB00213C4D064668462970FFF7D0FE62
S2140219904FF0B0431F6A394BDB6813F0706F1ED1ED
S2140219A0374B5B6913F0060A19D1F0B1DFF8DC8019
S2140219B0611DD8F80000A1FB00B903F0D6FB534620
S2140219C002464946584602F049F8DDE9009A0902FD
S2140219D041EA10610002484571EB0A010DD3304618
S2140219E003B0BDE8F04F04F0B9BBFFF737FE0222A2
S2140219F0234BDA6001232B70F1E7FFF72FFE03F08B
S214021A00B4FB4FEA192141EA0A61A0FB01B9D8F8F2
S214021A1000204FEA1A2A00FB0A9912B903F087FB44
S214021A20024600235846494602F018F84FF00C0EBC
S214021A300122DFF85CC001349CF811303F1B991C70
S214021A400EFB03F38A400F49074403F1B0434A6191
S214021A505F630D4F241ABA614FF0B0473F6A5B6B63
S214021A60FB1AA342C3D2DCF80C00054BC3F80001F4
S214021A708A614A61B3E700BF6A3D0020000002B8EF
S214021A8000C001B80020005800100058783C002022
S214021A90203D00202DE9F74F0C228D4C0191637CEE
S214021AA08C4E5343002203F1B0431A63217C8A4BC7
S214021AB00546C3F8AC104FF40031884B90461961C6
S214021AC00223F3604FF0B0431B6A5F1EDB1B002B42
S214021AD040F3E88008F10108B8F1020F69D9EC2258
S214021AE00D210020FBF7DAF84FF080527C4B794E3E
S214021AF05A66E2684FF00008C6F800214FF400323A
S214021B001A61754BC3F8AC800C23627C5A4302F10F
S214021B10B042C2F8308004F026FB434641464FF4FA
S214021B20807E376AD6F864C003F110021201B258FA
S214021B3002F00302012A10D10EFA03F212EA0C0F87
S214021B400BD106EB0314BD42D4F80C4100F2BA8066
S214021B50A54202D2A74280F0B8800133082BE3D117
S214021B60604C2268012A08D85F4D2B78142B02BFDE
S214021B7000235E4E337001332B70A9B1544D012AF7
S214021B806B8A43EA01036B82544B59660CD8574959
S214021B900B780133DBB2022B0B7005D10023013226
S214021BA02260514A0B70137003B0BDE8F04F04F088
S214021BB0D5BA4FF00C0A4FF00009637C0AFB03F318
S214021BC003F1B043C3F8309004F0CDFA4FF08053DF
S214021BD0434A53664FF0B04394F811E01F6A0AFB7B
S214021BE00EF3013703F1B0435F63316BB368DB0377
S214021BF04ED5A2682368BA1AA2FB03A2D4F804B090
S214021C00AAFB0BC3CC46E2FB0B3C01F58079A9FB91
S214021C10031B09FB0CBBBAEB010162EB0B02090AC0
S214021C2041EA0261019A1144B1EB192F4FEA1922D7
S214021C3003D301334CF1000C891A043A8A4228BFB6
S214021C400A46EB18B261227D4CF10001D6F820C09C
S214021C50D2B26545D6F838C084BF02F1FF32D2B29E
S214021C60BCF1FF3F0ED04FF0000A0CF101099C4573
S214021C707AEB010B08D20132B3EB0903D2B261F15F
S214021C800001F4E70A44D2B202F00302227533627C
S214021C900C2303FB0EFE02230EF1B04ECEF83030BC
S214021CA004F05CFA4FF0B0431B6A00BF00BF00BFEF
S214021CB000BF00BF00BF00BF00BF726ED2007FF53C
S214021CC005AF11E7A542BFF445AF0A4391B244E718
S214021CD0203D002000C001B80080035000D001B8AB
S214021CE000E001B8E83B00206C3D00206B3D002080
S214021CF037B50446FFF728F9E17822791B4841EA0E
S214021D000243C0F8CC34E579A37943EA0543C0F828
S214021D10D03423784BB18DF8041004218DF80520B9
S214021D200DEB01000022F3F77DFC63785BB1042122
S214021D30A37900228DF80430E3790DEB01008DF8CB
S214021D400530F3F76FFC227801235AB1084AC2F82D
S214021D50C834627802233AB1054A0020C2F8C83471
S214021D6003B030BD034AF2E7024AF6E700C003506A
S214021D7000D0035000E0035070B52B4B0D461A7886
S214021D8012B92A4A926D1A70294AD26F520549D55B
S214021D901C78284B04F00F06B0FBF3F040434FEAE2
S214021DA0141405D140F289622B21FAF777FF01203D
S214021DB0214A0A217243B2FBF0F34843B3FBF1F621
S214021DC002EB5002B2FBF0F201FB1633042BD2B246
S214021DD01BD8C3EB8311C3EB81035BB2002B14BF8A
S214021DE06FF0040105210B440A2193FBF1F31C4416
S214021DF0E3B264B20F2C0FDD013AD2B2053B5CB2FD
S214021E00002042EA04122A6070BDC3F10A0303EB03
S214021E1083030521DBB2E6E7002CF1DA0132D2B207
S214021E200533ECE70220EFE76D3D0020008001B8A5
S214021E30000002B8403B2500809698004FF0000C48
S214021E402DE9F84FA2FB0179C94EDFF860E3BE190F
S214021E50984669F10003B6457CEB030308D240F2CC
S214021E6043220E216046FAF719FF0220BDE8F88FDA
S214021E70D0F8F0A00C461546BAF1000F04D0DAF8F6
S214021E800030032B00F21881BA4BBB4A9E6BA3F5B7
S214021E908043D3F8EC30C6F314065900B74B48BF5C
S214021EA046F400161B6ED2F8FCA05A074EBF4FF43B
S214021EB040039B0503F0E07346EA45661E4303F0C3
S214021EC011FE012D8346D0D10028CED0AC4B9842CD
S214021ED000F0008103F5122303F5F863984200F040
S214021EE0FD80A84B984200F0258102460023002080
S214021EF04FF0007101F0B2FD0130A7FB007200FB4B
S214021F000922C6F31303A3FB0B3B20329209C8F83F
S214021F100020DB0C9C4A43EA4B33F502146058BFA0
S214021F205B429A4A9A4DC8F814401C4413602C60CF
S214021F30BAF1000F00F0BD80F001964A83EAE37022
S214021F40A0EBE370C6F38153D75C4FEAE07E47F31B
S214021F50401100FB01F14FEA876707FB0E11A0FB59
S214021F60070748BF64084FEA540C10EB0C004FF00A
S214021F70000341EB0701224601F070FDDAF800305B
S214021F800E2B08D97D4B7B4A926BD969D3F80C315C
S214021F90C90600F1C680B3024CBFC42140F2071145
S214021FA0C0F31300C8F804007B48DAF81820A0FB38
S214021FB00460400901FB00F04FF4FA73B0FBF2F044
S214021FC000FB03F3FA33A4FB0116A3FB02328B4297
S214021FD0B24138BF0130C0B240F4006CC8F808C045
S214021FE0002879D0DAF81C70A0FB07321CB1B4FACC
S214021FF084F10E297FDDE103002A71D1B1FBF3F1F2
S2140220004B0003FB0003A3FB07624FEA044EB645F0
S2140220104FEA144474EB020209D340000344A7FBC0
S2140220200362B64574EB020201F10101F6D2C1F376
S2140220300E014CEA013C4CF00063C8F8083003F08D
S21402204051FD2C68002C00F08680B4FA84F3D3F19C
S214022050020358BFDC40514B9C4288BF64080028EC
S2140220606AD0B4FBF0F3642100FB134201FB02F2D8
S2140220705D1E90424FEA550572D85B08013B2D0261
S21402208045EA0315C8F80C5003F000FD58B3B4FB3C
S214022090F0F3642100FB134401FB04F4A04228D8A9
S2140220A05A1E52085B08013B120242EA0313C8F8A2
S2140220B010300020BDE8F88F042BDAF828607FF491
S2140220C0FEAEF00154BF06F0E0734FF4400326F074
S2140220D0E076F3E6324810E72120C7E631480CE7FF
S2140220E0034600218FE740F2F2422B21FAF7D6FD93
S2140220F02346013BD4E7C1F10F0601F1110E02FAA5
S2140221000EFEF34043EA0E03A6F1200E22FA0EFE5E
S21402211043EA0E03F240013304FA01F142F10002EF
S2140221206AE702F4801203F400131A4308BFC0F5EC
S214022130801030E71C48E0E6631EA51E5B086D08AB
S214022140013B2D0245EA031540F2CF422B21002027
S214022150FAF7A4FD96E76FF01F05002892D1F3E781
S214022160023B013D5B082D0145EA03258AE700BFD5
S214022170006CCA88008001B8001F00B0004001B899
S21402218000F04902005A6202FC3C0020F83C0020A3
S214022190F43C0020C08E0200D34D62103FBE4025A4
S2140221A00A3BB2DF313641DCD694BFD6807C814A08
S2140221B010B50B46044686B039B9827901682148C3
S2140221C06B460068FFF73AFE6B461F4A1968516372
S2140221D01E4AD2F8FC2062B35A6842B11C4A1D4914
S2140221E0C2F80C115968A2F58052C2F80C119A680E
S2140221F042B1174A1849C2F8EC109968A2F5805203
S214022200C2F8EC101549D868D1F8642122F4EE62BF
S2140222100243C1F86421D1F85C21186922F4EE6207
S2140222200243C1F85C21A1F5FF4158692839FFF73E
S214022230A3FD0020A2880A4B9A6203F5A033186415
S21402224006B010BDBC390020008001B8001F00B0E7
S214022250006001B8FFFF0F00FFF8FF0F000002B892
S214022260004000B84FF48062014BDA67704700BF47
S214022270001002B84FF48062034BDA67034B1B78F8
S2140222800BB1034A93657047002002B86D3D0020EB
S214022290008001B80523064AA2F84A3092F849306F
S2140222A003F0010363F0730382F84930704700BFFE
S2140222B0001F00B070B51D4E0546F36803F070634C
S2140222C0B3F1007F30D103F04EFFF368044603F00B
S2140222D07063B3F1007F22D1284602F056FD30B17A
S2140222E0134B93F8C42012B1002283F8C5200F4B7B
S2140222F01B6F9B0510D50E4B0E49D3F8A830096903
S2140223001A789B6843F80C1C32B94FF400320A4B19
S214022310CF20DA61FEF75CF98022044B1A61204670
S21402232003F01CFF002070BD0220FCE7000002B88C
S214022330001E00B000C000B8001002B810B590B180
S2140223400468012C0FD902696AB11168094B102C76
S214022350196051685960916888BFD268996094BFC5
S214022360D960DA6010BD10220021024801F098FD03
S214022370F8E700BF043D0020084BC1171A68A2FB0D
S214022380000302FB013310F1807043F10003400E9C
S21402239040EAC310803820EAE0707047143D0020FF
S2140223A00722164B70B5DA66154B164A1E68164B90
S2140223B0F408E005C0184FEA163141F10001002387
S2140223C001F04CFB114B124D18604EF66020FFF7E1
S2140223D0D3FF4042C5F884000E48FEF73DFC024695
S2140223E058B1E301500818184FEA16714FF000036F
S2140223F041F1000101F032FBE86570BD000002B851
S214022400783C002065CD1D00B2E60E00143D00208B
S214022410001F00B040420F0010B5044698B10B4BA7
S214022420D3F8FC00FFF78AFF4FF47A7303FB04F03D
S214022430074BA0F6AC50DA689B681044C01ABDE899
S2140224401040FFF799BF4EF66020F8E7001F00B075
S214022450043D00202DE9F0410546084614461E4676
S214022460FFF76CFF002D00F0838072076CD5286999
S21402247000287FD04FF47A735843464BA0F6AC50F0
S2140224809B68C01AFFF778FFE061A88B002874D01B
S2140224904FF47A7358433F4BA0F6AC509B68C01A71
S2140224A0FFF76AFF20613C4BE9681F68002967D086
S2140224B04FF47A735943374BA1F6AC519A685B686E
S2140224C0891AC91A354BC8171A68DFF8D880A2FBD2
S2140224D0011302FB003311F1807143F10003490E30
S2140224E041EAC31180392E4B6161DB6EA361D8F8D5
S2140224F0003053B1384602F048FC30B12246D8F8D4
S21402250000302449D7F8E40098470021A869FFF76D
S21402251083FFA062A868002835D04FF47A73584328
S214022520A0F503501038FFF727FFA060286840B1D7
S2140225304FF47A72174B1B6803F51C53103302FBD9
S2140225400030FFF719FFE060B30711D5284600F008
S21402255055F860626B69CBB10E4AD0684FF47A7256
S21402256002FB0300A0F503501038FFF705FF2062B8
S214022570BDE8F0814EF6602084E74EF660208FE7D5
S2140225804EF660219EE747F23050CCE747F23050D5
S214022590EBE700BF043D0020BC390020143D0020BC
S2140225A0001F00B0003D002070B5064608461C46D7
S2140225B002F076FD0546D6F8F00000F011F8436802
S2140225C0054A002BA8BF4FF4FA721A44034B60194F
S2140225D092FBF3F2104470BD0CFEFFFF18FCFFFFE7
S2140225E040B10368012B05D90069034B002808BFD8
S2140225F01846704700487047C88E0200406840B1CF
S2140226004FF47A72044B1B6803F51C53103302FB1B
S2140226100030FFF7B1BE00BF043D002070B5124C7B
S21402262088B001AD0FCC0FC594E8070085E8070017
S2140226308C2200210D4801F033FCD42200210C48E4
S21402264001F02EFC0B4B0C4A5A63FFF723FE0B4B92
S2140226501B783BB1044E01AD0FCD0FC695E80700BF
S21402266084E8070008B070BDC41F00B0A01E00B00A
S2140226702C1F00B0001F00B0101111115C3D00208D
S214022680064BD3F8D80E064B5B6F1A0103D4054BE4
S2140226909B6E1B0401D500F580707047001000B0D9
S2140226A0000002B8004000B8012370B5074C237042
S2140226B0074B1E68074B3240D3E9005319402840A7
S2140226C0FBF7ACFB0023237070BD00BF753D0020F6
S2140226D01C3D0020F82F0020024B1879C0F3C000E2
S2140226E0704700BFF82F002010B50446FEF756FCD0
S2140226F000F0BCFD2046FCF78FFFFEF7FBFBFDF764
S21402270087FFFDF7FDFFFFF74BFE13490723134A2A
S214022710D1F8FC1004F58270FFF79CFE4FF0807132
S2140227200020FEF7B9FA4FF000720D4B4FF400117D
S2140227300120C3F80021FEF7AFFAFEF77DFF20B9AD
S21402274040F221121421FAF7A9FA02F02AFDBDE896
S21402275010400120FDF768BE001F00B0581F00B0F1
S21402276000D001B88023074A1367082340B11367D5
S214022770054AD2F8A03023F02003C2F8A0307047F2
S214022780024AF4E7001002B8001E00B0002002B8A9
S21402279010B503F0E8FC012104460020FFF7E2FF33
S2140227A0044B1961044B5B6898472046BDE810400D
S2140227B003F0D4BC000002B89040002038B5164C96
S2140227C0054620784FF42072B0FA80F03E21400988
S2140227D0FAF764FA55B14FF44062104BD3F8B430AE
S2140227E0C3F3812323700E4BC3F8B42060784FF4F2
S2140227F02072B0FA80F03E214009FAF74FFA55B13E
S2140228004FF44062054BD3F8B830C3F381236370AC
S214022810034BC3F8B82038BD6E3D0020004000B818
S214022820006000B8A82238B51B4B1D6F03F5005395
S2140228301A6710229A60A3F5804302F100521A67C3
S2140228405A6600F039FF154B1B7813B90320FDF7C3
S21402285077FF0024124B9C6700F054FF114A124B7C
S214022860D2F8D81E0B40C2F8D83E04220F4B1A6785
S2140228700F4BAA06C3F8AC4008D503F58073DB6C91
S214022880B3F5817F22BF8022034B1A61FCF7A0F8C2
S2140228900022084B1A7038BD000002B8713D0020B5
S2140228A000C001B8001000B0DF0000FF002002B830
S2140228B0001E00B0703D0020034B187818B9034B79
S2140228C0D868C0F380307047703D0020000002B820
S2140228D0994B2DE9F04F9A6EDB6E87B002EA030839
S2140228E0964BC3F86880964BD3F8E070D3F8EC307A
S2140228F01F40944BC3F8E070934BD3F80822D3F8EA
S2140229000C3202EA030A914BC3F808A203F52043ED
S214022910DA691B6A02EA03098D4B09F47702DA6167
S2140229208C4BD3F80422D00605D4D3F8046116F0F3
S214022930100600F0DD8003F016FC874B5A695E6EC7
S21402294002F0060BBBF1000218BF01221B6F0192B8
S2140229501E40824A26F0007323F400637107536612
S21402296004D57F4A137D0133DBB2137503F0F6FB01
S214022970B8F1000F00F0DD8018F4004427D003F011
S214022980F2FB0146FFF77CFE0446764B1D682A687A
S2140229902B689A42FCD02A689A42FCD0FFF770FE57
S2140229A0A04240F0A780084603F0D8FB6E4B1C609E
S2140229B06E4B1D6F15F4E05B40F09E8024F07F4462
S2140229C024F0DF040CB9FFF72DFF4FF080740025CA
S2140229D018F0020F12D0654B5D491B6F03F460427C
S2140229E00A67002A00F09C801A0400F19C809D046D
S2140229F040F19C804FF0006300251C43C8F340382A
S214022A004FEA48085A4B3B40002B4AD017F4206F37
S214022A100AD040F2C95206210020FAF73FF90020F8
S214022A2000F0CCFE27F48027F80506D5FF22484B97
S214022A3044F4C0649A60FEF7F9FC17F0090F0AD056
S214022A4040F2DE5208210020FAF728F900F0AAFE2A
S214022A5001223B4B1A6317F0106F0CD040F2E7527C
S214022A6009210020FAF71AF900F09CFE002211460E
S214022A701046FCF771FE17F4202F0AD040F2EF52F0
S214022A8007210020FAF70AF9002000F097FE27F443
S214022A908027F90301D5FCF7A3FF002FB8BF48F043
S214022AA008087A070DD5264BDB6A13F4005F4FF44D
S214022AB0005317BF234A2F4AD36244F4000408BFC8
S214022AC0D3627B0548BF44F0040417F480230293C4
S214022AD000F0B580FCF73CFF013806284CD8DFE84A
S214022AE010F068016B0168016E01710174017401D6
S214022AF001963DE704464AE7FFF794FE144BC3F8F7
S214022B0070B015F4805305D115F4806505D04FF0EA
S214022B1080645CE74FF0804459E74FF0805457E7F3
S214022B204FF0007368E74FF0004365E74FF000533D
S214022B3062E74446454665E7004000B8006000B8D4
S214022B400040005400600054004001B8006001B824
S214022B50002002B800E100E000C001B800E001B8C1
S214022B60203D0020508E0200183D0020000002B8D2
S214022B70090B0B89005000544FF4C4620321002055
S214022B80FAF78CF801219B4A936ED2F8880003F07C
S214022B900703063301FA03F3C0F30C001B1A9BB2B9
S214022BA0072B12D9944B1B6F58020ED49348936B83
S214022BB0926D406D58B103F0070306339940C2F395
S214022BC00C03C91A89B2072901D844F400748C4B45
S214022BD01B78002B33D0874BD3F8E03013F4A02FAA
S214022BE02DD1884BDFF85CB21B7883B9F2040ED481
S214022BF09BF800305BB18449C4F3C003D1F8D81EF9
S214022C0083F001035B0021FA03F39B0717D104202C
S214022C10FDF796FD7D4B7E49596700F019FB9BF840
S214022C20003043B97B4B1B782BB17B4B7B4A1B682E
S214022C302340134201D144F4804426F48056BAF16C
S214022C40000F1DD01AF4805F18BF44F480241AF4D3
S214022C50807F18BF44F400241AF4005F18BF44F0C3
S214022C6010041AF4007F18BF44F020041AF4806F90
S214022C7018BF44F040041AF4006F18BF44F08004F2
S214022C80B9F1000F47D019F4001F0AD0644B1B6835
S214022C903BB1594A6348116F00680022C1F3C06114
S214022CA0984719F4802F18BF45F4007519F4803F31
S214022CB018BF44F4805419F4801F18BF44F400343B
S214022CC019F4800F18BF44F0020419F4003F18BF2D
S214022CD044F4801419F4000F18BF45F0100519F4D7
S214022CE0002F18D0504BD3F8A03013F0C00F12D0DC
S214022CF0414BDA6802F03062B2F1407F05D15A6F7A
S214022D00D00602D49B6F190762D54FF40022474BB8
S214022D1029F40029DA61002E00F0468132051ED51C
S214022D204349DFF8E8B091F803A0424ABAF1000F2F
S214022D3000F08A804FF400600AF1FF3A50665FFAAC
S214022D408AF2CA703AB93C4A1278002A43D040F650
S214022D5001423A4B5A670022134614431D43B300FE
S214022D6009D52E20FDF734FC4FF00052314B45F0CA
S214022D7008051A675A66F00608D52B20FDF728FCC8
S214022D8010222C4B45F400151A675A6616F0306F5F
S214022D9040F0A080F10440F1FB80019B002B40F044
S214022DA0DD80274B1B68013300F0548144F0010498
S214022DB0EEE044F48034E5E644F40064E2E644F4EB
S214022DC08064DFE644F48074DCE644F00804D9E666
S214022DD044F400149FE7DBF8782012F4A05F15BFD6
S214022DE04FF4807240F60142CBF85820CBF8782098
S214022DF0B1E700BF00400054000002B8004000B82F
S214022E00773D0020763D0020001000B000C001B8DB
S214022E1000000101723D0020F82F0020088D0100FD
S214022E20183C0020BC390020001E00B0002002B86A
S214022E30613D002000E001B8713D002000D001B8DD
S214022E409C400020733D00200320FDF779FC4FF4E0
S214022E500061AA4A5166DBF8141011F0060124D06C
S214022E605046FDF735FEDBF86410DBF87030A34AF7
S214022E700B4013F0100F1DD010232D20136753663E
S214022E80FDF7A6FB4FF4001A9D499E4A4B8A13F49F
S214022E90006F1BD023F400634B82137803F0FF020B
S214022EA05BB14FF40042534657E741F61F70506736
S214022EB0CBF878104FF0000AE6E70392FDF7F8FE2B
S214022EC0FFF7B0FC039A4AF0200346E713784FF464
S214022ED00052E8E732011BD52920FDF779FB8A4B21
S214022EE05B6C13B11022894B9A60894B8949DB6867
S214022EF003F48042C3F380330B70FFF7EDFB28B177
S214022F00854B7E4985484B660367D2B945F0040572
S214022F10B30123D50420FDF713FC2720FDF758FB49
S214022F20FFF780FC4FF00072744B5A667C4BD3F866
S214022F30D83E590676D40222744B9A6045F00205B2
S214022F4023E00B6720204B66FDF742FB45F4001595
S214022F502D2045F00C05FDF73BFBD9E716F0807FE8
S214022F60DFF8A4A149D00420FDF7EAFB2820FDF7EC
S214022F702FFBDAF87830002B3BD1FFF753FC5F4B80
S214022F80654A45F001051A675A6600225E4B9A6545
S214022F90720509D5634A9378002B00F0A980013B9D
S214022FA09370002348EA03085F4BD3F8A0301B0651
S214022FB003D520462946FCF77FF842462046294696
S214022FC0FFF772FB029B0BB1FCF7F8FC0122574B92
S214022FD007F00437C3F8E070554B19F4002FC3F816
S214022FE084211EBF4FF40022484BDA6107B0BDE8C9
S214022FF0F08F0023CAF87830C1E7F004C5D5042064
S214023000FDF79EFB4B4BCAF87430FDF751FEDAF81B
S214023010643013F0407FB8D12A20FDF7D9FAFFF7C3
S21402302001FC83E7404BD3F8A020920686D4022107
S214023030414A9160414A126892F82520D0077FF5EE
S2140230407DAF93F8C430002B3FF478AF8022304B2C
S2140230501A6173E7334A13794BB1013BDBB2137142
S21402306013B92E4B364A5A6700231C4390E70420B6
S214023070FDF766FB0320FDF763FB234B2D4A5A67D9
S21402308003F071F882460DF11700FEF7A9F92D4BF1
S21402309083461B780BB1FEF7C9F9BBF1030F0ED1BD
S2140230A0DFF86CB00020FEF79BF9032807D1DBF8A7
S2140230B07430D903F6D4DBF85C300C2BF2D99DF8C9
S2140230C01730032B06D101221F4B50461A7003F00D
S2140230D045F8C9E71D4BD3F8E03013F4A02FF2D120
S2140230E000F0B6F8504603F039F84FF48043BCE7D8
S2140230F00220FDF725FB012354E700BF00E001B8DC
S214023100203D0020713D002000C001B8002002B81A
S214023110000002B8703D00201000002000D001B868
S214023120001000B0613D0020001E00B00060005498
S21402313000E100E000000101001002B8BC390020E6
S2140231400000010D743D0020763D00200040005432
S2140231500122024B1A62DA61704700BF002002B8F1
S2140231600D4B10B5DC691A6A14400C4A24F47F0130
S214023170D161E20706D5D9684FF0FF30C1F303618B
S21402318002F019F8630706D5BDE8104004220020B5
S2140231900021FFF789BA10BD000002B8002002B86D
S2140231A00C4A08B5936B526C13400B4A9363DB07C9
S2140231B00FD50A4B40F67A021878122100F0010069
S2140231C0F9F76CFDBDE80840002201200021FFF758
S2140231D06BBA08BD00C000B800E000B8F82F0020A7
S2140231E0054AD2F88430DB07FBD4936FD2F88420EA
S2140231F01340024A93677047008001B800A001B8E6
S21402320008B502F0B0FF0E4B1A78A2B90D4A126842
S21402321012F4843F0FD10C4A1021D1671B7863B990
S214023220084B1B68DB0508D4074B2022DA67BDE88B
S214023230084002F093BF054AEEE7044BF5E700BFED
S214023240773D0020F82F0020002002B8001002B8B8
S2140232500022044B1A70044B197811B11A70FFF74A
S214023260CFBF7047763D0020773D002008B502F0BC
S2140232707AFF4FF00042224BC3F88020BFF34F8FF5
S214023280BFF36F8F0122C3F88420BFF34F8FBFF3C3
S2140232906F8F0222C3F88420BFF34F8FBFF36F8F66
S2140232A00422C3F88420BFF34F8FBFF36F8F082228
S2140232B0C3F88420BFF34F8FBFF36F8F1022C3F87B
S2140232C08420BFF34F8FBFF36F8F2022C3F8842072
S2140232D0BFF34F8FBFF36F8F4022C3F88420BFF334
S2140232E04F8FBFF36F8F4FF48072C3F88420BFF303
S2140232F04F8FBFF36F8FBDE8084002F02FBF00BFAD
S21402330000E100E008B502F02EFF4FF00042094B44
S2140233101A6001225A6004225A6008225A60102259
S2140233205A6020225A6040225A60BDE8084002F0E5
S21402333015BF00BF00E100E02DE9F047DDF820A050
S21402334003EA0108099B06460C4602EA000703EA5E
S2140233500A09BAF1000F40F04E81031F0B4300F03A
S2140233600E81052871F1000380F0E48050EA010323
S21402337000F06081431E0B4300F02481FFF776FFC6
S214023380AD4AD2E9005323EA040325EA06053D4383
S21402339043EA0807A94BC2E900571E68DFF8F48221
S2140233A026EA0A0646EA09061E60FFF729FF15F016
S2140233B02A4F0CBF4FF4004348F20203A04AB0075C
S2140233C0D26EA04848BF43F4005383EA020122EAC1
S2140233D00302C2669C4A0B408166D366C5F38042EE
S2140233E01203290348BF42F48072EB0648BF42F438
S2140233F00052964BAC0648BF42F400726806D3F8F9
S2140234000C3248BF42F48062290648BF42F400628A
S2140234108F4882EA030123EA0203C0F80C328D4B7E
S2140234200A40C7F34024A404C0F80812C3F80C22CA
S214023430EA0448BF44F48034AB0348BF44F4801423
S214023440A80748BF44F4800415F4001F06D0D8F835
S214023450000001F0CCFE08B944F40024E90248BF9B
S21402346044F40034FA0648BF44F4000473077A4B67
S21402347048BF44F004041A6A44F4001484EA0203BF
S21402348023F0010375491A400A621C40CB61744B53
S21402349016F0010F1C62734B734A08BF1A46734B31
S2140234A07C071B6F48BF42F00062714882EA030144
S2140234B023EA020303676F4B0A4041661A676E4AA5
S2140234C005F00103516CA0F5803081EA030221EA7F
S2140234D00301416482631A40684B28025A64D8F892
S2140234E0002048BF664B92F8022158BF654B690719
S2140234F048BF43F4806322B115F4C06F18BF43F48B
S21402350080733207604A48BF43F00043D2F8EC109B
S2140235105E4883EA010222F4A0221140C0F8EC10B1
S2140235201340C0F8E0205A4ABDE8F047C2F8EC3033
S214023530FFF7E8BEA0F580630B4306D020F4806355
S214023540A3F500730B437FF419AF02F00CFE3A4961
S214023550D1E9003223EA060322EA040242EA08021A
S2140235603B43C1E900324B4A126892F80211474ABD
S21402357009B313F4C06F1ED04FF4807311E002F04B
S214023580F2FD2D4AD2E9003123F004033B4341EA1F
S214023590080157EA0807C2E900314FF480633B4A44
S2140235A00BD0C2F8E030A2F58052C2F8EC30BDE88B
S2140235B0F04702F0D3BD4FF48073C2F8EC30C2F885
S2140235C0E030F4E702F0CFFD1B4AD2E9003123F0E7
S2140235D001033B4341EA0801C2E9003101232E4AB6
S2140235E057EA08071BBF9363A2F5805253645364DD
S2140235F008BF9363DBE750EA01037FF4BFAEBAF17C
S214023600010F7FF4BBAE02F0AEFD0C4A136823F046
S214023610010343EA090313604FF48063144AB9F1C5
S214023620000F04D05366A2F580521367BFE71367F4
S2140236305366BCE7BDE8F087F82F00201C3D00204B
S214023640004000B8006000B8005000B8004001B862
S214023650006001B8005001B8000002B8002002B8AD
S214023660001002B804180003041C000300C001B8CE
S21402367000E001B800D001B800C000B800D000B821
S2140236800D0A0A09090A0A0900400054006000549B
S21402369000500054BC39002000E000B8024B186805
S2140236A000F00100704700BFF82F0020014B587948
S2140236B0C0097047F82F00200A4B197801F0FF0264
S2140236C029B10021197008499202C1F8B42059782C
S2140236D001F0FF0229B1002159709302024AC2F892
S2140236E0B83070476E3D0020005000B84FF40062BC
S2140236F0034B1A674FF40042A3F5E0339A6670470D
S214023700001002B8F8B5084C084D236F0423084F82
S2140237102B67236F5B0300D4F8BD042602203E67A6
S21402372001F0A2FC2E67F4E7000002B8001002B80F
S214023730002002B838B5044669B940B1164BDA68BB
S21402374012F0606F04D04FF4C062144BDA6238BDD8
S2140237509B689A06F7D4FDF769FE0F4D0020FDF729
S2140237603FFE032801D0092805D16B6FDB03F5D491
S214023770EB6D0C2BF2D9FFF7C5FF4FF40072084B26
S214023780DA62012203F5E8335A61042203F5805314
S2140237901A67002CDBD0D6E7000002B8006001B83A
S2140237A0004000B808B503210920FDF773FD20226A
S2140237B0014B1A6108BD00BF000002B838B50546C5
S2140237C002F0D1FC0E4B04461868FBF7EDFF35B14C
S2140237D0FFF73EFD2046BDE8384002F0BFBC094B6D
S2140237E01B78002BF6D0084B1D78002DF2D1FFF780
S2140237F02FFD2A464FF480400021FEF755FFE9E7E9
S214023800BC390020763D0020753D00202DE9F74F9B
S214023810574B074615461C6F0191002A40F0A580BB
S21402382004F0A004003C18BF0124FBF7D1F8A02343
S2140238304FF0000A4F4A03201367FCF781FF04206B
S214023840FCF77EFFDFF86081FFF702FD4A4B4FF080
S214023850040BC8F87430C8F878A0FFF753FF474B3C
S214023860444AD3F8A010DFF8089141F02001C3F8CB
S214023870A010FF2191604FF48071C9F810104049E2
S2140238804048D1F8D86E3040C1F8D80EC2F870B0B1
S214023890C3F8ACA0D8F8143013F0060F04D0FDF726
S2140238A007FA5846FCF74CFF0CB1FFF71FFF47B16B
S2140238B0FDF7BCFDFFF776FF0420FCF741FFFFF79C
S2140238C0FBFED9F81430D90749D5294AD36813F034
S2140238D0706FFBD1274B2C4A1A672C4AD36B23F006
S2140238E0F003D363019B13B12846FFF767FF284B0B
S2140238F0D3F84C315A1C01D05B0002D501221D4B75
S2140239005A6165B3234BDA6E03F500539A6603F5E4
S214023910D0331B6A174A23F00103D3611E4BD3F838
S2140239200C1203F50053C3F8081203F50053D3F83C
S214023930841003F500539967184BD3F8EC1003F57F
S2140239400053C3F8E010164B596C03F50053996305
S214023950144903F5803359664FF60843136700206F
S21402396003B0BDE8F04FFBF79FBB00245DE700BF46
S214023970000002B8002002B800000101001E00B0DC
S214023980001000B0DF0000FF10003000001F00B083
S2140239900080E00F004000B8004001B8004000542C
S2140239A000C000B85000002F00C001B838B5144659
S2140239B00D4602F0D8FB064BD3F8A02054402C400C
S2140239C05440C3F8A040BDE8384002F0C7BB00BF71
S2140239D0001E00B0034BD3F8A03099430CBF012061
S2140239E000207047001E00B02DE9F04115460A433C
S2140239F0012A1C469DF818809DF81C70089E29D83E
S214023A00B84527D2082F25D8032B23D816B30A4643
S214023A100021FAF719FBE300FF249C404146E443E9
S214023A20DFF834C0701E4FEAC50ECAB2974202D8FB
S214023A300020BDE8F0810EEB01060CEB8606D6F8F8
S214023A40E02010F8015F22409D401543C6F8E05082
S214023A500131EAE72120ECE7001E00B053B94AB96B
S214023A60002908BF00281CBF4FF0FF314FF0FF307F
S214023A7000F0B2B9ADF1080C6DE904CE00F006F81C
S214023A80DDF804E0DDE9022304B070472DE9F04FCB
S214023A908C46099E04460F46002B48D18A4215469C
S214023AA05ED9B2FA82F33BB1C3F120029F409D4039
S214023AB09C4020FA02F217434FEA154E1FFA85FC85
S214023AC0220CB7FBFEF10EFB117701FB0CF042EA6B
S214023AD00742904207D9AA1801F1FF3702D2904254
S214023AE000F258813946121AA4B2B2FBFEF00EFB5F
S214023AF0102200FB0CFC44EA0244A4450BD92C1904
S214023B0000F1FF322CBF01270027A44502D9002F5F
S214023B1000F04381104640EA0140A4EB0C04002169
S214023B201EB1DC400023C6E90043BDE8F08F8B429D
S214023B3006D90EB1C6E9000100210846BDE8F08F9D
S214023B40B3FA83F1002951D16345C0F0168182424F
S214023B5040F213810846002EE7D0C6E90047E4E7A4
S214023B60002A00F0AF80B2FA82F3002B40F0C28047
S214023B708A1A4FEA154EAFB20121200CB2FBFEFCA8
S214023B800EFB1C2240EA024207FB0CF090420ED9C2
S214023B90AA180CF1FF382CBF4FF001094FF00009AC
S214023BA0904203D9B9F1000F00F0F080C446121A11
S214023BB0A4B2B2FBFEF00EFB102200FB07F744EAAB
S214023BC00244A7420ED92C1900F1FF322CBF4FF047
S214023BD0010E4FF0000EA74203D9BEF1000F00F00F
S214023BE0D2801046E41B40EA0C4099E7C1F120055A
S214023BF08B400CFA01F400FA01F922FA05F72CFAC6
S214023C0005FC8A401F4320FA05F3380C23431FFAAB
S214023C1087FE1C0CBCFBF0F800FB18CC44EA0C44F4
S214023C2008FB0EFCA4450ED93C1908F1FF3A2CBF3E
S214023C304FF0010B4FF0000BA44503D9BBF1000F68
S214023C4000F0B880D046A4EB0C041FFA83FCB4FB49
S214023C50F0F300FB134403FB0EFE4CEA0444A645B5
S214023C600ED93C1903F1FF302CBF4FF0010C4FF078
S214023C70000CA64503D9BCF1000F00F09F80034656
S214023C8043EA0840A4EB0E04A0FB02EC644573462C
S214023C90E04602D307D1F14505D2BEEB02036CEB38
S214023CA0070C0138E0465EB1B9EB030264EB080488
S214023CB004FA05F522FA01F3CC401D43C6E9005486
S214023CC0002132E742082F464B08AC4642EAC17250
S214023CD0AE46C407110C92B241EA034142EA0142DF
S214023CE0B1FBF5F1B3FBF5F01F23A2EB0C0241EAA0
S214023CF0004142E79D40C3F1200299409C402CFAC5
S214023D0002FC4FEA154E20FA02F2AFB2BCFBFEF8F6
S214023D100A430EFB18CC110C41EA0C4108FB07FCC7
S214023D208C4550D9691808F1FF302CBF4FF00109B5
S214023D304FF000098C4502D9B9F1000F30D0A1EB43
S214023D400C01B1FBFEF808FB07FC0EFB181192B241
S214023D5042EA0142624534D2AA1808F1FF312CBF6A
S214023D604FF001094FF000096245BED2B9F1000FCB
S214023D70BBD1A8F102012A44B7E7841A6CEB03020E
S214023D8001201746E7E62C4402382BE7ACF1020C7A
S214023D902A440CE702392A44A5E62C440238BAE63D
S214023DA0A5EB0C0CA8F102006144B1FBFEF808FB7F
S214023DB007FCCAE7A8F102083C4444E7023B3C443D
S214023DC05EE7414691E7A1EB0C014046B1FBFEF8E7
S214023DD008FB07FCB9E700BF704700BF2DE9F843B0
S214023DE00746884614460026D4E90195B9F101092A
S214023DF005D52468002CF7D13046BDE8F883AB8998
S214023E00012B07D9B5F90E30013303D029463846BF
S214023E10C04706436835E9E710B50C46B1F90E10FF
S214023E20F7F752FE0028ABBF636DA3891B1823F475
S214023E308053ACBF6365A38110BD2DE9F0411F46D8
S214023E408B8905460C46DB05164605D5022300225D
S214023E50B1F90E10F7F726FEA3893246B4F90E1012
S214023E60284623F48053A3813B46BDE8F041F7F78A
S214023E703DBE10B50C46B1F90E10F7F713FE421C04
S214023E80B4F90C3015BF606523F4805343F48053B5
S214023E90A38118BFA38110BDB1F90E10F7F7F2BDCA
S214023EA002440346934200D1704703F8011BF9E728
S214023EB0704770477047062008B5F8F759F9012091
S214023EC0EFF72BFE9368013B002B10B4936008DAE1
S214023ED09469A34201DB0A2903D15DF8044B00F082
S214023EE0B4B81368581C1060084619705DF8044B85
S214023EF07047F8B506460F461446D518AC4201D1AF
S214023F00002007E03A4614F8011B3046FFF7DAFFB6
S214023F10431CF3D1F8BD2DE9F047164698468A6849
S214023F2007460B690C46DDF820909342B8BF13464D
S214023F30336091F843200AB101333360236899064F
S214023F4042BF336802333360256815F0060506D192
S214023F5004F1190AE36832689B1AAB422BDC94F828
S214023F6043302268003B18BF0123920630D404F186
S214023F70430241463846C847013023D023681A34E4
S214023F8054F80A2C03F00603042B0ABF54F80E5CFE
S214023F90002533684FF0000608BFED1A54F8123CAD
S214023FA008BF25EAE5759342C4BF9B1AED18B542D1
S214023FB01AD1002008E00123524641463846C84737
S214023FC0013003D14FF0FF30BDE8F0870135C1E77D
S214023FD0E1185A1C30200233224481F8430094F838
S214023FE0451082F84310C2E701232246414638466E
S214023FF0C8470130E6D00136D9E738B50B69054621
S2140240000C4613B90025284638BD18B1036A0BB909
S214024010F7F70EFDB4F90C30002BF3D0626ED00722
S21402402004D4990502D4A06DFFF743FF2846214623
S214024030F7F7CAFF636E0546DA07E4D4A3899B0541
S214024040E1D4A06DFFF736FFDDE7F8B50E4614465D
S214024050054618B1036A0BB9F7F7EAFCA369A36031
S214024060A3891A0701D5236943B921462846F8F7DA
S2140240702BF818B14FF0FF373846F8BD2368F6B272
S21402408022693746981A6369834205DC2146284628
S214024090FFF7B3FF0028EDD1A368013BA3602368B6
S2140240A05A1C22601E70431C62699A4204D0A3897D
S2140240B0DB07E1D50A2EDFD121462846FFF79DFF12
S2140240C00028D9D0D6E7884210B501EB020402D9FF
S2140240D08442234607D8431EA14207D011F8012B7B
S2140240E003F8012FF8E70244824200D110BD13F80C
S2140240F0011D02F8011DF7E71F2938B505460C46D3
S21402410004D9162303604FF0FF3038BDC26B12B1DC
S21402411052F821304BB9284600F016F822460146DE
S2140241202846BDE83840F8F72BB8012B0AD0591CB0
S21402413003D1162303600120E7E70021204642F858
S214024140241098470020E0E7EFF7EABCC9B203461E
S214024150024410B59342184601D1002003E00478C9
S21402416001338C42F6D110BD0A44431E914200D15F
S214024170704710B511F8014B914203F8014FF9D17F
S21402418010BD70B50C46B1F90E1096B01546002952
S2140241901E460ADAA18911F0800113D14FF480621B
S2140241A0002031602A6016B070BD6A46F7F7FAFF43
S2140241B00028EFDB019901F47041A1F50053594242
S2140241C05941EBE700214022EAE78B8973B59E0747
S2140241D005460C4607D504F14703236023610123F5
S2140241E0636102B070BD01AB6A46FFF7CAFF009E6C
S2140241F028463146F2F753FAB4F90C3038B99A0524
S214024200EFD423F0030343F00203A381E3E743F072
S21402421080032060A381019BC4E90406002BE0D042
S214024220B4F90E102846F7F7CFFF0028D9D0A38995
S21402423023F0030343F00103A381D2E730B514460B
S2140242409BB005461A46002C05DA8B2303604FF016
S214024250FF301BB030BD4FF40273009104916946E3
S214024260ADF80C304FF00003199314BF04F1FF337E
S2140242702346029305934FF6FF73ADF80E301E9B4E
S214024280F8F70EF8431CBCBF8B232B60002CE0D043
S214024290009B00221A70DCE710F8012B11F8013B94
S2140242A0012A28BF9A42F7D0D01A7047034611F85F
S2140242B0012B03F8012B002AF9D17047034613F8A5
S2140242C0012B002AFBD1181A013870472DE9F04756
S2140242D01F468E6882460C46BE429046334653D8E8
S2140242E0B1F90C0010F4906F2BD065692368096948
S2140242F005EB4505A3EB010905EBD5757B1C6D1097
S2140243004B442A46AB4284BF1D462A46430527D560
S21402431011465046F2F7C3F9064658B34A46216993
S214024320FFF722FFA38923F4906343F08003A3815F
S21402433026614E4465613B46A5EB090526603E466E
S214024340A5601F463A4641462068FFF7BCFEA368B2
S21402435000209B1BA36023683B442360BDE8F087D4
S2140243605046F2F77DFE06460028E1D12169504606
S214024370F2F7A2F90C234FF0FF30CAF80030A389F7
S21402438043F04003A381E9E73E46DBE7022070479D
S21402439002207047002070470120704700207047B7
S2140243A00E207047FAF758BB08461146012200F065
S2140243B079B870B50C4611461A46F8F77FF8059B91
S2140243C0049E0493456933462046AC46BDE87040D9
S2140243D0604710B5F8F772F8BDE8104083690846E2
S2140243E0184700F0B6BBF9F743BAF9F74FBC00F02E
S2140243F0EFB808B500F088FB002008BD00F0D3B87F
S214024400F9F7FCBC70B504460D4616464FF4881103
S21402441000F028F9324629462046BDE87040FBF7F0
S21402442035B8431E042818BF012B94BF0120002074
S214024430704700F0D5BD4FF4D4720021FFF730BDAF
S2140244400846FCF737BD10B50446F9F791FDE8B902
S214024450A169D9B1238ACBB1204604F11002F9F73B
S214024460DBFBB8B9E169A9B1638A9BB1204604F1C6
S214024470120200F0EDFB88B9216A79B1A28A6AB10C
S2140244802046E38ABDE8104000F0A7BB0023238243
S214024490A361E6E700236382E361ECE7002363613E
S2140244A0236210BDF9F7DCBE0A7838B50546104619
S2140244B0FFF7B7FF60B14C782046FFF7B2FF38B17E
S2140244C02243530704D42846BDE83840F9F76AB8B1
S2140244D0212038BD10B504460878FFF7A2FF58B170
S2140244E04A781046FFF79DFF30B1042A04D02046D2
S2140244F0BDE81040F9F774B8212010BD00F072BA7A
S214024500084600F023BD704711B9D0F8E81021B173
S214024510CB6813B18B68D88970474FF6FF70704727
S21402452010B5F8F7D7F8044608B900F05DFD204646
S21402453010BDF8F7C1BE00F0A1BAD0F8EC300BB946
S2140245400E2070474FF6FF72C38D93420B80F7D052
S21402455000207047F8B506460D46F8F7BBF8D8B9FE
S2140245604FF6FF734FF0240CEF68C1B28F4208D8A3
S2140245701C4621463046F8F76BFA00F035FD204619
S214024580F8BDAA680CFB0122D4899C4202D2002CF8
S214024590EFD023460130E8E74FF6FF74EFE7C08D11
S2140245A0704700F05CBA38B504460D4600F0D2F803
S2140245B050B129462046F8F74BFA30B9294620462C
S2140245C0BDE83840F8F7F2BE0E2038BDFEF774B9E3
S2140245D0062AF8B504460F4615461E4623D8F8F7AF
S2140245E085FE10B320463946F8F732FA0446A8B9D3
S2140245F0012102460846FFF755FF204600F0F2FC6E
S214024600FCF728FF3046F8F71FFE062D284607D08F
S2140246102923EB40DB0703D5FCF782FF2046F8BDD3
S214024620FCF7BCFFFAE72124F8E70224F6E700F0DD
S2140246303BBBF8F7EFBF00F053BA002070470846BE
S214024640FBF79ABE00F033BB38B504460D4601F0C0
S2140246508AFD0023C4F89C50C4F89830BDE8384060
S21402466001F07CBD38B504460D4601F07CFDD4F859
S2140246709C301D40D4F8983023EA0505C4F89850BB
S21402468001F06CFD284638BD73B50D7806460C461B
S21402469035B304238DF804302379304601A98DF80A
S2140246A00530FFF717FF0546B8B92278A37952BB43
S2140246B08DF80430E379304601A98DF80530FFF70E
S2140246C0F3FE054648B923783BB161883046F9F7D0
S2140246D057F90121304600F01EFA284602B070BD96
S2140246E0294600F018FA2946304600F03CFA2946D8
S2140246F0304600F040FA22782379002AC9D18DF894
S21402470004306379C9E702228DF80420D3E700F06B
S2140247102ABA00F038BAF9F767BAFBF77FB9084643
S214024720FBF730BAF9F764B900F031BA0B4610B5A8
S21402473014461846A1689288FFF716FDE1680346FC
S21402474031B1A0886288121A92B21844FFF70CFDA3
S214024750002010BD0346408A18B1188A003818BFD8
S214024760012070470846FBF7DBBE431C08BF00204B
S214024770F8F7DEBD10B5044600F06EF820B9204604
S214024780BDE81040F8F764BB10BD00F066BC2DE92A
S214024790FF41984604460E46174601F0EDFC0546D4
S2140247A02046FFF7E7FF0A9B3A460293002331466C
S2140247B001932046CDF80080F8F798FB0446284679
S2140247C001F0D5FC204604B0BDE8F08138B50446B9
S2140247D001F0D2FC05462046FFF7CCFF2046F8F74C
S2140247E063FB0446284601F0C2FC204638BD38B5B5
S2140247F0044601F0C1FC05462046FFF7BBFF2046F3
S21402480000F039F80446284601F0B1FC204638BDCF
S21402481038B5044601F0B0FC05462046FFF7AAFF6D
S214024820204600F02EF80446284601F0A0FC20465A
S21402483038BD70B504460E4601F09EFC054620467D
S214024840FFF798FF31462046F8F79CFB04462846B9
S21402485001F08DFC204670BDF8F736BA10B501F0AF
S2140248608BFC044600F015F8F8F756FA2046BDE829
S214024870104001F07CBC024608B5F8F725FA507DD8
S21402488008BD024608B5F8F71FFA507D80F0010011
S21402489008BD00F0E2BBF8F7C5BD00F0ECB800F0CA
S2140248A0FFBA00F04FBA022A01D800F071BA2120EE
S2140248B07047022A01D800F07CBA21207047022AEB
S2140248C001D800F089BA2120704738B504460D4653
S2140248D000F05BFA28B129462046BDE8384000F0D1
S2140248E08BBA022038BD70B504460D46164600F057
S2140248F04CFA30B1324629462046BDE8704000F0F8
S21402490093BA022070BD0E20704738B504460D4695
S21402491000F03BFA28B129462046BDE8384000F0B0
S214024920AFBA022038BD38B504460D4600F02DFA5F
S21402493028B129462046BDE8384000F0A9BA022030
S21402494038BDFAF715BC0846FAF730BC03469B8E0C
S21402495008469342114601D3FAF754BC2120704709
S21402496000F0ADBAFAF770BC00207047002070471E
S2140249707047D0F8A03003F06003402B0DD0602BB8
S21402498003D0203B58425841704749B10B68012B6F
S21402499006D9486940F00100704740F2011070479E
S2140249A0002070470D281CD00F281AD0102818D0C7
S2140249B0112816D020F090030D2B11D00F2B0FD0FC
S2140249C020F010030D2B0BD00F2B09D020F0800304
S2140249D00D2B05D0A3F10F02022A98BF1846704786
S2140249E018467047F7B504461046D4E956C7DDE9BF
S2140249F008268CEA020587EA06010540194085EA80
S214024A000C057940C4E95651002523F4004106EA14
S214024A10010320F0010043F40073024043F0020356
S214024A2001950095FEF788FC94F824309A0713D572
S214024A30D4F85C319B050FD54FF48811204600F060
S214024A40C1FB94F82430024665F3410384F824300F
S214024A5020460B46F8F71EFC002003B0F0BD30B42B
S214024A60D0F8A0300A4023EA01031343C0F8A0306E
S214024A7030BCF9F7A7BC0220FBF766BF08B5D0F832
S214024A80F0304BB11A68022A06D993F825204AB1AB
S214024A90186AB0FBF2F008BD40F68C324C210020BA
S214024AA0F8F7FCF80020F6E7D0F8F02008B57AB15F
S214024AB01368022B0CD9536A13F47F4FC3F30721F2
S214024AC006D0126ADBB253438B42B3FBF1F006D236
S214024AD0002040F6AB324C21F8F7E0F8002008BD83
S214024AE00346B3F83E2108468A4203D0A3F83E1195
S214024AF0FBF7D2B80020704790F83C310D2B14BF5C
S214024B0090F82B00FF20704708B500F029FBBDE89F
S214024B100840FCF7CFBC38B50C464FF4006105469A
S214024B20FEF758FF60B16CB195F82A3163B94FF4BD
S214024B3080722846BDE838404FF48071FEF736BFD3
S214024B402202F6E72246F4E738BD4FF48071FEF7FC
S214024B5041BF10B50023F8F779FD044608B9FDF702
S214024B6017FE204610BD08B54A024FF40071FEF744
S214024B701DFF002008BD08B58A024FF48061FEF7CB
S214024B8015FF002008BD4FF40071FEF723BF70B575
S214024B908D8806460C463DB90B688A689B1A2360C8
S214024BA005230020A37170BDF8F7C2FC96F82720F3
S214024BB0EB00023A012A98BF033360B1B3F5803F97
S214024BC009D84FF22441420901FB03220009B2FB35
S214024BD0F0F22368E2E70220E5E7B2F5805FF8B577
S214024BE00F460646154619462ED89A422CD33F2A19
S214024BF028D9B2FA82F40122C4F11F03DBB29A402A
S214024C0092B2AA422CBFC4F11904C4F11A04E2B249
S214024C100124931DDBB29C40A4B2AC4214BF012017
S214024C20002002D096F8013183B996F8243060F35A
S214024C30C71386F824303846FAF70EFD002037628E
S214024C40B582F8BD0022E3E72120FAE70E20F8E756
S214024C5070B505460E46144602B313883F2B1DD97F
S214024C60B3FA83F3C3F11901C9B2062901D8192B85
S214024C7012D0062928BF062101238A1DD2B29340EC
S214024C8030462380FAF708FD23882846EE616B82B9
S214024C90FAF78AFD002070BD0021EDE72120FAE731
S214024CA00E2070470020704790F82D00704708B518
S214024CB00B46062200F59E711846FFF755FA0020AD
S214024CC008BD0429F8B505460C460AD10026F7B2F7
S214024CD03846FBF7AFF808B13C4602E00136042E30
S214024CE0F5D12046FBF7A6F858B195F83C31A34219
S214024CF009D085F83C4105F59E70BDE8F840FAF704
S214024D00D1BF2120F8BD0020FCE70022F9F760BCE5
S214024D10A0F84A30BDF90030C0F89410A0F8482038
S214024D20A0F84C3000207047F9F78ABD10B514463B
S214024D3008460121FCF70EFA2046BDE81040012184
S214024D40FCF708BA70B5044615460E4609B9212086
S214024D5070BD130617D400F048F931462046FFF717
S214024D60F9FB4FF6FF739842F1D000F03EF9204669
S214024D704FF400310022FEF719FE29462046BDE810
S214024D807040F9F767BA0E20E2E78021FEF722BEEE
S214024D907FB5531C05AA0292022201920022ADF8A8
S214024DA0141000921146DBB2FEF71EFE07B05DF845
S214024DB004FB7FB5531C05AA4FF0040C0292022294
S214024DC0ADF81410CDE9002C01210022DBB2FEF76B
S214024DD00BFE07B05DF804FB1FB54FF0080C531C22
S214024DE00022CDE9002C01220291DBB21146FEF729
S214024DF0FBFD05B05DF804FB08B50A044FF48031EC
S214024E00FEF7D4FD002008BD07B591F828300093C0
S214024E1091F82B3091F8292091F82A10FAF76EF9BA
S214024E20002003B05DF804FBF8B514468A07064670
S214024E300D4601F001070CD43FB1A2044FF48021C5
S214024E40304602F48022FEF7B1FD6B070FD4002035
S214024E50F8BD3FB104F00100C4F340038342EBD037
S214024E602120F5E74FF48021FEF7B4FDF4E7A20611
S214024E704FF08051304602F08052FEF797FDE6E78B
S214024E8008B50A054FF48011FEF790FD002008BD14
S214024E9008B5CA044FF40021FEF788FD002008BDBD
S214024EA009B141F01001F9F7D5B910B50446F9F782
S214024EB0CBF901462046BDE81040F9F7CBB90029E8
S214024EC014BF212000207047D0F8EC30C3B15869D7
S214024ED0B0B1531EDBB2FD2B10D9036813F1020FDB
S214024EE008BF4FF0FF33FF2A0B6005D143689A1CB8
S214024EF008BF4FF0FF334B6000207047012AF4E7EB
S214024F002120704738B5054610460C46FAF79EFA39
S214024F10C5B1D5F8EC30ABB15A699AB1431EDBB2D3
S214024F20FD2B11D90B685D1C04BF6FF001030B60EB
S214024F301360FF2806D16368591C02D16FF0010383
S214024F4063605360002038BD0128F3E738B5054694
S214024F50FCF7CEFE04460021A878FAF709FB2046A5
S214024F6038BD2DE9F74F01251C469DF83030064620
S214024F7001930368174603F0070306339D4005F1C5
S214024F80FF380B46A1B1416804EA080BA5EB0B0AF1
S214024F9041F00059524509EB0B0114D95246184606
S214024FA0FFF7E2F849467A1B5A445044FFF7DCF80A
S214024FB0019B2BB13C4448EA050804EA0804F46065
S214024FC003B0BDE8F08F1846F0E737B50025144663
S214024FD00095FFF7C6FF204603B030BDF9F718BDAF
S214024FE000207047002070477047704710B5490090
S214024FF004461AB1032938BF032103392268C903BC
S214025000B2FA82F314D0B1FA81F01B1A002B0DDD2E
S214025010C3F10F00012838BF012003F01F03D94057
S2140250208A4201D201384908216010BD0F20F7E7F5
S2140250300F20F9E7012805D9023818BF4FF0FF30D4
S214025040C0B27047012070470A4690F894109B2918
S21402505001D8F9F73FBA2120704708B5FBF7C0FD23
S214025060BDE80840FBF7E4BD38B50446FFF7F5FF98
S2140250700546FFF7F2FF431BA342FAD338BD38B505
S2140250800D460446FBF7ACFD35B1844200D9013922
S214025090204601F0030138BD844238BF0131F7E7EC
S2140250A008B50121FFF7EBFFBDE80840FBF7C0BDDE
S2140250B00B0C23F48053B3F5284FF7B50D468FB289
S2140250C0064699B217D04AF60103994215D04AF617
S2140250D00203994213D0B1F5204F14BF04240324CF
S2140250E0D6F8EC300BB1196859B9D6F8E83093B94E
S2140250F0286803B0F0BD0024F2E70124F0E702249A
S214025100EEE723463A466846FBF7F0FD019B002B86
S214025110EBD10098EDE719680029E9D023463A4614
S2140251206846FBF7E3FD019B002BE1D1F1E700F0B7
S214025130D9BC02044FEA901309D4C3F30903A3F1BE
S214025140C8006FF4FF739842B8BF184607E06FEACC
S21402515083536FEA935313F5007F18B2EFD170476B
S214025160012200210320F9F77BB808B51C20F0F7CE
S2140251702FF84FF0B042936813F0080F4FF0010378
S21402518002BF9268C2F303129340B0FBF3F008BD6D
S2140251904FF0384359699A6903F500530A405A6139
S2140251A070470E207047FDF793BBFDF791BBFDF7E6
S2140251B08FBBFDF78DBB08B50846FDF7C9FF08BDD6
S2140251C0FDF786BB38B505460C4600F0CCFFD5F891
S2140251D09C301C40D5F898302343C5F8983000F030
S2140251E0BDFF211E18BF01210020490238BD002044
S2140251F070470139024410B5904201D1002005E003
S214025200037811F8014FA34201D0181B10BD0130DC
S214025210F2E7000008B5054BD3F87C03FFF7C2F8A7
S21402522000F00300C31E5842584108BD900D0020EE
S214025230EFF31182302383F31188084B49B1D3F878
S21402524090130843C3F8900382F31188BFF36F8F5D
S2140252507047D3F8901321EA0000F3E7900D002080
S214025260EFF31182302383F31188064BD3F8903381
S21402527082F31188BFF36F8F1840003818BF0120E1
S214025280704700BF900D002008B5E9F795FA38B1CF
S214025290044BD3F8940318B103681878C0F340108F
S2140252A008BD00BF900D002008B5E9F785FA50B199
S2140252B0054BD3F8940330B10368188800F0070052
S2140252C0C31E5842584108BD900D002008B5064B33
S2140252D0D3F87C03FFF766F8012801D0F3F76EFDDA
S2140252E0BDE80840F3F764BD900D002008B5FFF74F
S2140252F0CBFF00B9FEE700F025FF00B9FEE701216B
S2140253004FF48060FFF794FF00210220FFF790FF22
S21402531000214FF48030FFF78BFF00210820FFF7B3
S21402532087FFF3F745FD0022014B83F8B52308BD3E
S214025330900D00202DE9F04F4B4DF1B00EAC0290CF
S214025340E8F7DEF82146D5F87C03FFF7E8F9B4F86B
S21402535002C0BCF1020F40F2E882274650AE0FCFE1
S2140253600FC63B68BCF1270F336009D92723A288F2
S214025370ADF84231262A82BFADF84431002353935A
S21402538030AE3146D5F87C0350AAFFF7CFF99DF828
S2140253904271002F00F0C9820DF170080DF1C100B4
S2140253A0A368C8F800001B78A8F80430F3F71CFDC1
S2140253B000F44050B0F5005F40F0BE82207CE8F773
S2140253C042F90DF12009009049464046F3F771FD77
S2140253D0009B99F808B03BB395F8D97567B1BBF155
S2140253E0000F23D0BBF1020F18D149461846E8F742
S2140253F0A3F9471C18BF0127BBF1010F95F8DAA5E0
S21402540095F9DB651BD1E8F711FEB9F80030D0F844
S21402541000B0BBF1000F0BD100237DE0B9F80010FD
S2140254200098E8F731F9E4E7009FE5E75F46E3E72F
S214025430BBF806209A4219D0DBF800B0E9E7BBF1C8
S214025440020FE9D1E8F7F2FDD0F800B0BBF1000F89
S214025450E2D0082249460BEB0200FFF7CAFE28B14B
S214025460DBF800B0F2E700BF900D00209BF80420A6
S2140254709007C2F3400944BF8DF814A04FF001090B
S214025480510717D595F8DC35F31A5BB2002BC0F23C
S214025490A7817F2E08BF00238221C3EB0323B3FB21
S2140254A0F1F305A901F80930B9F1000F40F0858241
S2140254B04FF00109130740F1958182228236C6EB2E
S2140254C00626B6FBF2F609F1010305AA02F8096000
S2140254D05FFA83F9009B002B9ED0B5F8DD354A466D
S2140254E023F4FF43A5F8DD3509F1040385F8DD351D
S2140254F09B2385F8DF35B82385F8E035EA2385F85F
S214025500E1350023CA4805A909F1060985F8E235FE
S214025510FEF72AFE5FFA89F34FF0000A13AD5146F2
S214025520222228460DF1110901938DF89FA0FEF75D
S214025530B7FC8DF834A089F800A08DF812A0D8F830
S21402554000A026AE5046F3F74FFC00F44053B3F5E6
S214025550005F0DF12C0B40F0E881800640F1E581FA
S21402556059465046F3F74BFC9DF83430002B00F0BA
S214025570DC81012B06D14FF6FF73BDF82C209A4230
S21402558000F0D381D8F800000DF15A01F3F759FC68
S214025590002840F0CA8195F816B0BBF1000F00F063
S2140255A0C481D8F800A05046F3F7A2FC98B1494649
S2140255B04046E9F7DCFF002840F0B78199F8003052
S2140255C0052B40F0B28140460DF11201E9F7DFFFEC
S2140255D0002840F0AA815046F3F706FC8146E9F718
S2140255E06EFF01464846E9F73BFF002900F00481BA
S2140255F003905046F3F7FAFB039BC9F3812900EBAD
S2140256004300B9F1020FC0B200F0F180B9F1030F06
S21402561000F0F080FF2800F088813AF800306B83B3
S21402562001236B7798F806302022B3714FF00003FF
S21402563000210DF2411928A8B380C6F80090FEF7A3
S2140256402FFC7C4B2A7B9DF811102B609DF81230A4
S214025650012AA977EB7700F0D680022A0CBF032333
S2140256600023BBF1010F4FEA833300F0CE80BBF17B
S214025670020F0CBF03200020003918BF012143EAA5
S214025680C10343EA802343F4005A4AF0020A002A7E
S21402569040F0BD806A7F002A00F0C48095F8213071
S2140256A00DF1180B03F001034AEA032A4FF4FE0336
S2140256B051465846CBF80430CBF80090F3F7CCFAB4
S2140256C01AF4807FBBF80410BBF8063003D14A1CDC
S2140256D09A4298BF91B250460393E9F7C1FE00285A
S2140256E040F0AA80DBF80020039B5846ABF8041073
S2140256F00DF15A01CBF80020ABF80630F3F7B8FAF2
S2140257005046E9F7DCFE002840F0A380DBF80010E4
S214025710BBF80630BBF804200DF1180B584606916C
S21402572014A9ADF81E30ADF81C20F3F7A1FAAB7F32
S2140257300699BDF81CA0BDF81EB0D3B1EA7F13438C
S2140257400AF10102934528BF01F80A30184628BF1D
S2140257501FFA82FA0393E8F7D1F80138039B1AFA84
S21402576080F0834528BF1FFA80FA1846E8F7B1F89A
S21402577003462A88032A09D10AF10102934522BF69
S21402578095F8200001F80A001FFA82FA02335AFA44
S21402579083F39B45484628BF1FFA83FAF3F724FB98
S2140257A0002F5BD040F0100080B28DF84101000A55
S2140257B08DF842014846F3F717FB019B002B50D0A9
S2140257C040F4007080B2D8F800508DF84101000A0B
S2140257D08DF842012846F3F707FBC10544D5FEE7DC
S2140257E0002359E6B9F1000F3FF416AE72E6023016
S2140257F0C0B20FE70830FBE700283FF413AF50466D
S214025800F3F7F4FA06E702232BE7022034E7022A2C
S21402581003D1BBF1020F3FF43DAF298B6A8B914255
S2140258207FF43CAF43F4015A4AF0020A36E700BF5F
S2140258307313002002000020ABF804105846698B50
S214025840F3F70AFADBF80020BBF80410BBF80630C0
S2140258504BE75846298BF3F7FFF957E720F010007D
S214025860A2E720F40070ADE74846F3F7BDFAC2059A
S21402587000D5FEE7AB7828468DF84331F3F738FBC0
S21402588070B10DF1130529464046E9F7B9FE002826
S2140258904BD130469DF81310A6F804A0E9F7C4FED3
S2140258A0019B93B14846F3F79FFA830540D53046ED
S2140258B0A6F804A0E9F7D8FE019A41494844FEF743
S2140258C053FC019B53441FFA83FA4846F3F710FB36
S2140258D080B330460099C6F80090A6F804A0EAF70E
S2140258E058F810BB3068B6F804A0A388EBB1A568D8
S2140258F06288013B0135013A9BB2A5606280A380B3
S21402590003B9E568F3F7F4FA18B12B7843F0040309
S2140259102B701FB12B7863F07F032B7052460298D0
S21402592050A98DF840A1FFF711F871B0BDE8F08FCD
S214025930FF20C1E74846D8E795F8D925012F0CBFC6
S21402594000237378002A31D0029850A9FEF7FBFF95
S21402595000282FD1207CE7F776FE0028E5D09DF8B8
S2140259604831032B1BD150A9E7F7E6FE0130DCD005
S2140259700298FEF7E6FFE8B9A388002BD5D0A26806
S2140259806188013B013201399BB2A2606180A3802B
S21402599003B9E268137863F07F031370C5E7022B3E
S2140259A0C3D1BDF84011E7F76FFEDFE703F0070348
S2140259B0012BDCE70228B8D0FEE74FF0020989E5A2
S2140259C06D130020174A9368C3F304430C2B0AD8BE
S2140259D0DFE803F00B0909090909072119091B1D4C
S2140259E01F001148704700207047936803F0407309
S2140259F0B3F1807F11D0B3F1007F10D0002B0B489B
S214025A0018BF002070470A4870470A4870470A487D
S214025A1070470A4870470A4870470A4870470A485B
S214025A20704700BF0040015A405DC60000093D00B5
S214025A30C0EA210180BA8C010048E801005A6202DD
S214025A400024F40080841E0040420F000E49D1F864
S214025A502831A0B10022A3B1834204D183682AB9B7
S214025A60C1F8283103E01A469B68F4E7936083681E
S214025A701BB15A6941690A445A61002070472220C4
S214025A8070470220704700BF183000200A4B1B6F79
S214025A9003F00703013B032B03D8DFE803F00B03F5
S214025AA00609FEE7054B18687047044B58687047AE
S214025AB0034870470348704700800050A03F00200C
S214025AC080D54302002D310108B5FFF7DFFF044BF6
S214025AD01B6FC3F301330133B0FBF3F008BD00BF05
S214025AE000800050014B5868704700BFA03F00205E
S214025AF038B5164AD2F8803243F00103C2F8803233
S214025B00134B5B68C3F3080343B14FF0A842D36B51
S214025B1013F0430FFBD11424204638BD4FF0A843A0
S214025B20DC6B14F04304FBD10A4DD5F8E43123B9FB
S214025B30042105F5F270E3F7C6FFD5F8E431013328
S214025B4043F00043C5F8E431E6E700BF00800050AA
S214025B5000ED00E0183000202DE9F74F002800F095
S214025B60CB80664B1A68904203D359680A44904227
S214025B7004D35B6A002BF5D15B69FFDED3E9054CE3
S214025B80EFF31188302282F3118810F8082C30F8CF
S214025B90067CD207A0F1080600D53FB988F3118823
S214025BA0BFF36F8F012003B0BDE8F08F9968D3F87A
S214025BB010A0A1EBC7010AF1010299601A6130F840
S214025BC004EC7D1CBEF1000F00F08C804FEACE0282
S214025BD00192A6EBCE0292F800B010F8089C1BF0D9
S214025BE0010F09F002096DD1B9F1000F6DD1B2F8BB
S214025BF00290B2F806E0AEEB090EBEF1010F71D1CB
S214025C000237083907EB0905C3F810A0996030F887
S214025C1002ECBEF1000F69D0D3E9001706EBCE09FD
S214025C203944894562D216F83E104F4611F00101FA
S214025C3017D130F8066CAEEB0606012E11D1B9F874
S214025C400260A9F80210B9F8061001363544002998
S214025C504AD009EBC10719690139196199680839EF
S214025C609960002610F8081C20F8066C21F0010145
S214025C7000F8081C1178013D66F30001558011708A
S214025C80002F35D0C2F107013944C1F3CF01D180CC
S214025C90B9807CB394422DD86188002908BF144687
S214025CA0BCF1000F06D0944504D3BCF802100029BC
S214025CB018BF6246C3E9054288F31188BFF36F8FA7
S214025CC0002070E7B9F1000F0CD0019F7544C91B84
S214025CD0996010F8081C21F0020100F8081C002147
S214025CE0918094E7324692E70F46B4E70027B8E77A
S214025CF0D780CEE71446D3E7222054E77019002057
S214025D0037B5F8B10024C461EFF31185302484F36B
S214025D1011880E4CD4F8284114B1A04210D10124A7
S214025D2085F31188BFF36F8F74B9BDF81C500195C7
S214025D309DF81850009500F06FF9204603B030BD6C
S214025D40A468E9E72220F9E70320F7E718300020E5
S214025D5038B50021044640F2E730054B4FF47A721C
S214025D601D680023E4FB0501FDF778FE38BD00BF81
S214025D708C0D002010B50F4B1A689AB14FF47A7149
S214025D80531E1342A0FB01010ED1B2FA82F2C2F1F7
S214025D901F04531CD243E04001FA03F3184321FACE
S214025DA002F20243104610BD0023FDF757FE0246DC
S214025DB0F8E700BF8C0D002030B5104A4161D2F8DA
S214025DC028318BB9C2F8280183600CE0491B416177
S214025DD09D681C462B461DB15D698D42F6D92CB1D5
S214025DE0A06083602BB930BD0024F5E7C2F8280115
S214025DF083605A69521A5A61F5E700BF18300020CC
S214025E0010B5EFF31184302383F31188F0F75CFFAB
S214025E10074BD3F8FC114FF0B0435B69DB0702D5A2
S214025E20F0F752FF013184F31188BFF36F8F10BD74
S214025E301830002070B52C4CD4F82831002B51D0E5
S214025E4059692A4B002941D0D4F800224FF0B045B8
S214025E50114408229A61EFF3108672B6F0F734FF07
S214025E602B6C6A69150704D41A1A032A01D89842B9
S214025E700ED10B1A022B98BFC11C4FF0B043B1F1E2
S214025E80FF3F38BF01390822196403F580539A612F
S214025E90174A304600F062F992F8283043B14FF0C4
S214025EA0B041CB6B43F00203CB63002382F8283069
S214025EB00023D4F8282184F804322AB1D18889072D
S214025EC008D5012384F80432002070BD08229A61A6
S214025ED05A61EDE79268002AF6D051690B44012B0D
S214025EE0ECD9F1E72220F0E7183000200010005825
S214025EF0A03F002010B5F0F7E7FE0B4CD4F80032B6
S214025F00D4F82811C31A11B9C4F8000210BD002B28
S214025F10FAD04A699A423ABF9B1A0022D21A4A61BA
S214025F2028BF00238968EEE718300020F8B505463A
S214025F3028B3EFF3108672B6FFF7DCFF114B284644
S214025F40D3F82871FFF782FD044620B1304600F0F0
S214025F5005F92046F8BDAF42F8D1FFF76BFF2228BD
S214025F60F4D10122084B83F828204FF0B042D36BBD
S214025F7023F00303D3630822044B9A61E6E7222444
S214025F80E7E700BF18300020A03F0020002000589E
S214025F9010B5EFF31184302383F311880C4B0D4AAE
S214025FA01B68183B13F1180F04D184F31188BFF352
S214025FB06F8F10BD19680968914202D09B69183B21
S214025FC0F0E71B6953F82030002BEED09847ECE739
S214025FD0003200200000045010B50446E8F7ECFB3F
S214025FE0B0B1B4F5007F4FF001010ED12046FFF7A5
S214025FF01FF900211020FFF71BF900210548FFF7C3
S21402600017F9BDE81040F2F7D3BE4FF48050F2E71E
S21402601010BD00BF0A0001002DE9F0411F469DF8A1
S2140260201830164603710023BDF81C20C0E903632E
S21402603007608360C28004460D46F0F745FE28449A
S214026040A0613DB96561CEB1394620463346BDE80A
S214026050F0411847EFF3108672B6FFF74BFF29465A
S2140260602046FFF7A9FE064B1B689C4201D1FFF7AC
S214026070E1FE3046BDE8F04100F070B8BDE8F081C0
S214026080403100204FF4807370B596B0029201241E
S21402609021220193102303940493059206910794F8
S2140260A00893099201AA0A9206AA0B9204220C925B
S2140260B011220D920AAA0E900F92109340F6110327
S2140260C01193194B12930EAB1393184B149346F677
S2140260D011031593FFF70CFD1428044620D1EFF3A5
S2140260E0108072B64FF0A8431E681D6900F036F89D
S2140260F04FF0A843032212A95A63196002A9196134
S2140261009A63DA6B9207FCD1142C06D1EFF3108057
S21402611072B61E601D6100F021F8054B5B6801E057
S2140261200028E5D016B070BDFC3100200400002027
S21402613000ED00E00846E7F7A7B91046E7F7A4B96E
S2140261400020704708B5E8F737FB20B1BDE80840E5
S2140261500820FFF785B808BD0020704710B962B660
S214026160BFF36F8F7047EFF3108072B6704780F3FD
S2140261701188BFF36F8F7047EFF31180302383F3DC
S21402618011887047012303FA01F1EFF311833022DD
S21402619082F3118800F5005200F580505165816245
S2140261A083F31188BFF36F8F7047EFF311823023AA
S2140261B083F31188436B82F31188BFF36F8F01203C
S2140261C088401840003818BF012070474FF09843A7
S2140261D05A6CD202FCD5586D00F47020704708B590
S2140261E028B128220021FDF75BFE002008BD2120F1
S2140261F0FCE7036A042B9FBF00EB83020133D160E6
S21402620003627047036A10B5052B15D84FF0984203
S214026210116CC902FCD504339B00136503684FF06A
S2140262209844136043681360034653F8081F1160CE
S2140262300022016A914200D810BD53F8041F0132B1
S2140262402160F6E708B508B9212008BDFFF7DAFF96
S214026250FFF7BCFF0028F8D0B0F5802F17D00BD878
S214026260B0F5003F15D0B0F5403F14D0B0F5803FF2
S21402627014BF01204820E8E7B0F5202F0DD0B0F576
S214026280302F0CD0B0F5E02FDED00120DDE74B201A
S214026290DBE72A20D9E72C20D7E71020D5E7112004
S2140262A0D3E7836882B013B9816002B0704783680F
S2140262B00193019B5B68012B019B01D15960F4E7B6
S2140262C05B68F5E738B50C46EFF31185302383F3A8
S2140262D011881D2838D8DFE800F00F19371D1F2156
S2140262E03723253737372729372B2D2F313737379F
S2140262F03735373737373733FFF7C8FB0023206089
S21402630085F31188BFF36F8F184638BD0120EEF76C
S2140263105FFFF3E70320FAE70420F8E70C20F6E72E
S2140263200220F4E70620F2E70720F0E70820EEE76F
S2140263300520ECE70920EAE70A20E8E70D20E6E771
S2140263401020E4E70B20E2E700202123D7E708B578
S214026350EFF31181302383F31188F0F7B5FC81F354
S2140263601188BFF36F8F08BD000000000000000018
S2140263700000000000000000000000000000000016
S214026380F8B500BFF8BC08BC9E467047F8B500BF1B
S214026390F8BC08BC9E4670475FF800F0213E00201D
S2140263A0000000007AFF809F79FF009F73FF809EA7
S2140263B000000000000000000000000000050001D0
S2140263C001000000A13E0200446502000100080030
S2140263D02465020001000800FFFFFFFFFFFFFFFF2A
S2140263E0FFFFFFFF000000000000000000000000AA
S2140263F001000000FFFFFFFF4B60D2273E3CCE3B72
S214026400F6B053CCB0061D65BC86987655BDEBB388
S214026410E7933AAAD835C65A512563FCC2CAB9F3DD
S214026420849E17A7ADFAE6BCFFFFFFFFFFFFFFFF44
S21402643000000000FFFFFFFF96C298D84539A1F47E
S214026440A033EB2D817D0377F240A463E5E6BCF82A
S21402645047422CE1F2D1176BF551BF376840B6CBF5
S214026460CE5E316B5733CE2B169E0F7C4AEBE78EF1
S2140264709B7F1AFEE242E34F0100000014DEF9DEC3
S214026480A2F79CD65812631A5CF5D3ED505341001E
S2140264904B45590014660200F8650200DC650200EE
S2140264A00000000002000000D465020003000000A5
S2140264B0CC65020004000000C4650200050000006E
S2140264C0BC65020006000000B4650200070000007A
S2140264D0AC6502000E000000A46502000F0000007A
S2140264E09C65020010000000946502002600000071
S2140264F08C65020027000000846502002800000068
S2140265007C65020029000000746502002A00000073
S2140265106C6502002B0000006465020000000000AB
S214026520000000005F9C95BCA3508C24B1D0B155EE
S2140265309C83EF5B04445CC4581C8E86D8224EDDD6
S214026540D09F1157E0EB7A7C3B41B8AE1656E3FA81
S214026550F19FC46ADA098DEB9C32B1FD866205169C
S2140265605F49B800F687020070942B050A8802007D
S21402657070932A051E88020070922905328802004E
S214026580708428053E880200708327054A88020028
S214026590708226055688020070641009628802001E
S2140265A070630F096E88020070620E097A88020014
S2140265B09024070086880200902306009288020034
S2140265C0902205009E88020010140400AA88020089
S2140265D010130300B6880200101202000200000028
S2140265E000000000000000000000000000000000A4
S2140265F00000000000000000020000000000000092
S21402660000000000EFA80000EFA80000496A0000A2
S214026610D1A8000002000000ED6A000041D300008D
S214026620036B0000076B0000636A0000F16A00005B
S2140266300400040003000400020004000100040039
S2140266400000040013B779FAC925DDB7ADF3CFE031
S214026650F1B614B80102000000000000FFFFFFFFC1
S2140266600200000001000000000000000000000020
S2140266700000000000000000000000000000000013
S2140266800000000000000000000000000000000003
S2140266900000000010141400101C2030401C2000C3
S2140266A0001C203040100806040000000080055040
S2140266B00300000000000000406602003C66020084
S2140266C0386602003466020030660200D80A0020ED
S2140266D0C7D50000C9D40000BFD4000005D600000C
S2140266E00DD5000001D50000523000523100523262
S2140266F000523300523400523500523600523700F0
S2140267005238005239005231300052313100523183
S2140267103200523133284C5229004D535000505308
S214026720500050430078505352004D53502075731A
S214026730656400505350207573656400435354419A
S214026740434B20626F74746F6D004943535200537B
S2140267504843535200494E545F41435449564530CC
S21402676000494E545F41435449564531004346530F
S2140267705200484653520044465352004D4D415231
S2140267802F42464152004146535200526574300031
S2140267905265743100526574320052657433005289
S2140267A06574340052657435004461743000446187
S2140267B074310000505341004B455900534C2D4F45
S2140267C050454E5448524541442F332E312E312ED9
S2140267D0305F4769744875622D6662323734656683
S2140267E065363B2045465233323B20536570203295
S2140267F03020323032362030303A30303A303000C4
S214026800000000007700000000000000700000009A
S2140268100000000001000000600000000000000010
S21402682001000000610000000000000001000000FE
S21402683063000000000000000100000041000000AC
S21402684000000000010000004300000000000000FD
S21402685001000000480000000000000001000000E7
S2140268604700000000000000010000000D150000B7
S21402687000000000010000005200000000000000BE
S214026880010000005A0000000000000001000000A5
S2140268905B00000000000000010000004200000053
S2140268A00000000001000000490000000000000097
S2140268B001000000000000000B00000001000000C4
S2140268C0000000000E0000000100000000000000B2
S2140268D06800000000000000300000000000000019
S2140268E0000000006600000000000000010000003A
S2140268F02100000000000000010000003600000039
S214026900000000000100000044000000000000003B
S2140269100100000045000000000000000100000029
S2140269204600000000000000010000004B000000CE
S21402693000000000010000004C0000000000000003
S214026940000000002200000000000000010000001D
S2140269500D19000000000000010000003E150000B6
S21402696000000000000000007109000000000000A6
S21402697000000000ED8C0200A5EF00000000000001
S214026980F58C02001BDE000000000000F88C0200FE
S21402699093E0000000000000FD8C0200FD300100C4
S2140269A000000000028D020021DF0000000000004F
S2140269B0088D020005E1000000000000168D0200AE
S2140269C049E1000000000000E688020099D80000B5
S2140269D000000000EC880200A9D8000000000000B9
S2140269E0268D020055DE000000000000DE8B02004D
S2140269F0B7DC0000E98B020015DD00000000000095
S214026A0083E3000000000000010000008BE30000AA
S214026A10000000000200000029040100000000003F
S214026A2003000000A7E300000000000004000000CE
S214026A30ADE300000000000005000000B3E3000024
S214026A40000000000600000067E2000000000000F0
S214026A500700000091E200000000000008000000AD
S214026A6031E4000000000000090000007DE30000A1
S214026A70000000000C00000099E200000000000088
S214026A800D00000089E20000000000002000000067
S214026A90A9E400000000000021000000D5E100008B
S214026AA0000000002200000039E2000000000000A2
S214026AB02300000051030100000000002400000033
S214026AC035130100000000002500000045130100F8
S214026AD0000000002600000005EE00000000000096
S214026AE027000000A3E200000000000029000000CA
S214026AF041E20000000000002A00000069130100C5
S214026B00000000002C0000008113010000000000BD
S214026B103000000049E200000000000031000000E2
S214026B2033E20000000000003200000015030100FE
S214026B3000000000340000009DE400000000000099
S214026B40350000000B0301000000000036000000C4
S214026B50010301000000000037000000B9E4000055
S214026B600000000038000000E1E100000000000024
S214026B70B000000017E4000000000000B1000000B2
S214026B801DE400000000000002080000D5290100F4
S214026B900000000004080000F9E100000000000008
S214026BA00508000001E200000000000000090000E5
S214026BB0B3E20000000000000B12000023E4000015
S214026BC0000000000C1200009913010000000000F3
S214026BD00D120000C9E400000000000003130000CC
S214026BE0D1E400000000000000400000D1DA0000FE
S214026BF00000000001400000ABE2000000000000C0
S214026C0002400000D3DA000000000000034000004B
S214026C10EF0301000000000007000000B3DA0000E6
S214026C200000000020000000D9060100000000005D
S214026C3021000000D50A0100000000002400000028
S214026C40290801000000000025000000510801008C
S214026C50000000002A000000990801000000000061
S214026C602B000000F9090100000000002C000000C3
S214026C70B7DA0000000000003000000043090100FF
S214026C800000000031000000FD08010000000000C6
S214026C9032000000ABDA0000000000003400000002
S214026CA0B50D01000000000035000000EDE8000010
S214026CB000000000360000008DE800000000000022
S214026CC0370000002906010000000000380000001E
S214026CD0B3080100000000003B000000F7050100B9
S214026CE0000000003C000000CFDB000000000000B7
S214026CF03D000000ED29010000000000B200000087
S214026D00E1E4000000000000000800006B0C010037
S214026D10000000000108000051070100000000000A
S214026D2003080000030F0100000000000009000035
S214026D30650A0100000000000D1200007106010045
S214026D4000000000031300009D0601000000000082
S214026D5004130000ABDE0000000000000513000074
S214026D60F10D01000000000003400000D5DA00002B
S214026D700000000000000000020203000000FFFF07
S214026D80FFFF00000000FFFFFFFFFFFFFFFFBCE664
S214026D90FAADA7179E84F3B9CAC2FC632551000058
S214026DA00000045001000000000000000000000087
S214026DB00000000008080000F43F00200000000069
S214026DC000000100E1190000E119000000000000C7
S214026DD000000000193F0106041001000001010630
S214026DE0001027000009000000000000000000005C
S214026DF0140000006666660000000000D46D020003
S214026E00C46D0200000A0000001A9A00005A6202CC
S214026E1080841E0004200000114950020000000079
S214026E20000000000000000000000000000000005B
S214026E30B1841E00000000000000000000000000F8
S214026E4000000000140000006666660000000000F5
S214026E50D46D0200C46D020000000000001A9A0001
S214026E60005A620280841E000420FE00114950026D
S214026E70000000000000000000000000000000000B
S214026E8000000000B1841E000000000000000000A8
S214026E900000000000000000FC1F0103F06D02006D
S214026EA01CC0011000F807001CC00130F5020800E3
S214026EB050C001008741300C2440060107C0420042
S214026EC000000000000000000000000300000000B8
S214026ED020380000584001016402FF00804005018E
S214026EE05C02A0089BC34A74F00300000000000086
S214026EF000000000E040010173000000F0400401C1
S214026F0011010000640483078813C83A9C200A0013
S214026F1028410101031000003C410B010000000063
S214026F20000000000000000000000000000000005A
S214026F300000000001000000000000000000000049
S214026F4000000000000000003C42010100000000BA
S214026F50A0800201D5C00000D5C00000A8800111A3
S214026F60F0010000A880013105228D00AC800111DD
S214026F70F0010000AC80013105228D00B0800101D5
S214026F8037000001FFFFFFFFCC7202000000000086
S214026F90FC1F0103446E02001CC0011000F807002B
S214026FA01CC001301402080050C0010087413004A2
S214026FB0244006010700620038700000000000004E
S214026FC0000000030068010F40B824405840010149
S214026FD0FC006900804005012363E0119BC34A74EC
S214026FE0F003000003800000BE0A0000E04001013A
S214026FF033000000F0400401590B000064048307CC
S2140270008813C83A90200A0028410101001E000099
S2140270103C410B0100148C00141A21282E343B42EA
S214027020495043557698BA0C2869000001000000C2
S2140270300721286414171A002004C869A1203A09F7
S2140270403C42010129000000A08002017078030082
S214027050D5C00000A8800111F0010000A88001310F
S2140270600542CB01AC800111F0010000AC80013179
S21402707005228D00B080010100030002FFFFFFFF22
S214027080986E02004063598F404B4C000B000B0079
S2140270901A00FF7FEC3F0020000000008C6F020009
S2140270A000000000906F02004063598F404B4C0076
S2140270B00B000B001A00FF7FEC3F002000000000D0
S2140270C08C6F0200000000000C40020001801400D9
S2140270D07F40000020400200000000000000000088
S2140270E03040070000000000000000000000000022
S2140270F0000000000000000000000000A0070000E2
S21402710050400100000000005C4002000000000049
S21402711000000000A840010007000000B440040080
S21402712000400000FF4C000000410000FF4D000040
S21402713008C001000000000020C00110FF0000008F
S21402714020C001300043000024C00400EC80B303DA
S2140271504375A802000000002E02000054C003007F
S2140271600E2D09E654060708D1B6020064C00800D0
S2140271700430000040201006C8F248181FE8F60047
S214027180BD4B721511A3180510325476980A0000EA
S21402719088C001000000000008000101040700008A
S2140271A01800010100000000200001010884000010
S2140271B01C4002011000000020F913045C40050187
S2140271C04108000001000000B0070800A700000008
S2140271D000000000944007010101103050707F7FCC
S2140271E00000000000000000000000000000000098
S2140271F000000000E440010100000000EC40010134
S2140272007DA8D98B0041020100612000B7563512D5
S2140272100C410301F95412002030042988BB4000B7
S2140272202441010100000000304103016406660C9F
S2140272300C010000E853FA00684103016404830766
S21402724088138200000000003042030100000000A4
S2140272500000000E00000000444201010000000091
S214027260108001010300000038800201114910005D
S214027270010000009C800101EB400200B480010185
S2140272803700000188000202000C00044C000000D7
S2140272909400010200040000D40001029002960845
S2140272A0E40001023D094204180101026000510295
S2140272B0FFFFFFFFC870020000000000807002009F
S2140272C0010000000000000000F04902C870020041
S2140272D000000000A4700200010000000000000090
S2140272E000F04902B4720200CC72020001000000F3
S2140272F00100000001000000010000000100000083
S214027300010000000200000002000000020000006F
S214027310020000000300000003000000040000005A
S2140273200400000005000000050000000600000042
S2140273300700000008000000090000000A00000024
S2140273400C0000000D0000000F00000011000000FD
S2140273501300000016000000190000001C000000C8
S2140273602000000024000000290000002C0000007D
S214027370340000003B000000430000004E00000006
S214027380590000006A00000082000000970000001A
S214027390E1350100F93501005955010015360100A5
S2140273A0293801002939010073390100303132339E
S2140273B034353637383941424344454600000000EA
S2140273C000000000000000000000000000050001B0
S2140273D0010000000104010303060105010501097D
S2140273E00600060B0000070B050B0000000000005D
S2140273F000000000000000000100A00202020202DB
S21402740064000000B60000006400000000010000F6
S2140274100000000000000000000000000B0000005A
S214027420736C5F6F745F6372656174655F696E73B8
S21402743074616E6365000000000000000100040035
S2140274400100100004000200200024000300400097
S21402745044000400000004000500000008100000BC
S2140274601F0B01000000000004130000A1DB000057
S2140274700000000005130000D10E0100000000000D
S21402748008100000A50B0100000000000413000015
S2140274903DDB00000000000005130000650E010041
S2140274A00000000050C300001C250000F40100008C
S2140274B0F401000050C300007C150000DC0500004B
S2140274C0DC050000F5DA02001C250000F4010000CD
S2140274D0F4010000E5BF00001C250000F4010000D6
S2140274E0F4010000193F0106041001000001010624
S2140274F000102700000C0000000000000000000042
S214027500140000000000400000000000E4740200C6
S214027510A474020000000000082F86000048E8015C
S21402752040420F0001010000114950020000000015
S2140275300000000000000000000000000000000044
S2140275402A420F00000000000000000000000000B9
S2140275500000000014000000000080000000000090
S214027560E4740200B47402000000000000478600C3
S2140275700048E80180841E00010100001149500203
S21402758000000000000000000000000000000000F4
S2140275900000000055841E000000000000000000ED
S2140275A00000000000000000140000000000800040
S2140275B000000000E4740200C47402000000000030
S2140275C0802596000048E80140420F0001080000AE
S2140275D011495002000000000000000000000000F8
S2140275E000000000000000003E420F000000000005
S2140275F00000000000000000000000001400000070
S2140276000000800000000000E4740200D47402004F
S21402761000000000802596000048E80140420F0066
S21402762001020000114950020000000000000000A4
S2140276300000000000000000000000003E420F00B4
S2140276400000000000000000000000000000000033
S21402765003010000FC1F0103007502003C4001000C
S2140276600000000048400100A00700005040010052
S214027670000000005C400200000000000000000065
S214027680B4400100FF4C000054C001000E2D09E674
S21402769020400401000000861FC0010000600000B8
S2140276A00080000058400401180005008008000011
S2140276B0090000009100040080400C018C000C00C0
S2140276C0000000001300220000000000000000007E
S2140276D00002050D1C2F42536269686053402E1F3C
S2140276E0918220846745332212490200EC4007014A
S2140276F090382CAC000000005A10080AD007CA4A7C
S21402770051104800F9541E804737414A1041020181
S21402771030194A0589BB400028410101FFFF0000DD
S21402772030410901F15004430C010000E853FA000D
S2140277300000080010161C22282E343A4046214328
S2140277406587A90B0000C0B4684103015A10080AF5
S214027750D0074104C1030000304202018993A30FFF
S2140277605EC25D0EA080020170780300D0000000A9
S214027770A8800111F0010000A88001310542CB016A
S214027780AC800111F0010000AC800131053EFD0025
S214027790FFFFFFFF03020000FC1F010354750200F7
S2140277A03C4001000000000048400100A007000025
S2140277B050400100000000005C4002000000000093
S2140277C000000000B4400100FF4C000054C001005D
S2140277D00A2D09E620400401000000061FC0000032
S2140277E00060000000D03200584004016402FF002E
S2140277F080080000010000001100080080400C0113
S2140278000804000000000000D90322000000000067
S214027810000000000102071121374B5A67696254C3
S2140278204029150500008020434433332392A424C4
S214027830EC40070190382CAC00000000640483077B
S2140278408813C83A9D200A00016120804737414AC2
S214027850104102012A144A0289BBC00A28410101CA
S214027860FFFF0000304109016406660C0C010000AF
S214027870E853FA000000080012181E242A30363C8C
S214027880424821436587A90B0000E0C46841030112
S2140278906404830788138200C10800003042020194
S2140278A045966B105C22670EA0800201707803007A
S2140278B0D5C00000A8800111F0010000A8800131A7
S2140278C00542CB01AC800111F0010000AC80013111
S2140278D005228D00FFFFFFFF03030000FC1F0103CC
S2140278E0A87502003C40010010000000484001005C
S2140278F02007000050400100000400005C40020027
S2140279000D0F000001010000B440010003C0010099
S21402791054C001000E2D09E6204004013000004646
S2140279201FC801000020001000800000584004011B
S21402793018000500400800000900000092000A0036
S21402794080400C018C002C02000000001200120085
S2140279505B808C1B000000000002050E1C2F4353A8
S214027960626968615543320416E4B8C68A674533CD
S214027970224A9204EC40070180B0B18C000000005D
S214027980640483078813C83A9C200A000161208099
S214027990B756351210410201A01B04290888400080
S2140279A02841010100000000304109016406660C0E
S2140279B00C0100004CD4E83B04196F30080E141A70
S2140279C020262C32383E10325476980A1D5F00006C
S2140279D068410301640483078813820000000000E4
S2140279E030420201000000000008000EA0800201E2
S2140279F070380300D0000000A8800111F0010000DA
S214027A00A8800131055AFD01AC800111F001000089
S214027A10AC800131053EFD00FFFFFFFF03040000BE
S214027A20FC1F0103FC7502003C4001001000000030
S214027A3048400100201700005040010001040000E9
S214027A405C4002000D0F000001010000B44001007E
S214027A5003C0010054C001000E2D09E620400401B7
S214027A60300000461FC80100002000100080000001
S214027A7058400401180005004008000009000000F4
S214027A8092000A0080400C018C002C0200000000CC
S214027A90120012005B808C1B000000000002050E24
S214027AA01C2F4353626968615543320416E4B8C614
S214027AB08A674533224A9204EC40070180B0B18CB3
S214027AC000000000640483078813C83A9C200A005A
S214027AD001612080B756351210410201A01B04290D
S214027AE008884000284101010000000030410901D9
S214027AF06406660C0C0100004CD4E83B04196F3097
S214027B000A10161C22282E343A4010325476980A4E
S214027B101D5F80A468410301640483078813820002
S214027B200000000030420201000000000008000EC3
S214027B30A080020170380300D0000000A880011166
S214027B40F0010000A8800131055AFD01AC80011148
S214027B50F0010000AC800131053EFD00FFFFFFFF93
S214027B6054760200809C2B8F80841E00000000004A
S214027B702700FF7F08400020000000005076020029
S214027B800000000098770200809C2B8F80841E00E5
S214027B90000000002200FF7F0840002000000000D6
S214027BA0947702000000000098770200809C2B8FDA
S214027BB080841E00000023002300B6000840002038
S214027BC00000000094770200000000009877020090
S214027BD0809C2B8F80841E000000240024009D00C1
S214027BE00840002000000000947702000000000019
S214027BF098770200809C2B8F80841E000000250050
S214027C0025007D0008400020000000009477020056
S214027C100000000098770200809C2B8F80841E0054
S214027C200000260026005300084000200000000046
S214027C30947702000000000098770200809C2B8F49
S214027C4080841E00000027002700FF7F08400020D7
S214027C50000000009477020000000000DC780200BA
S214027C60809C2B8F80841E00000000002700FF7F70
S214027C700840002000000000D87802000000000043
S214027C80207A0200809C2B8F80841E000000000059
S214027C902700FF7F08400020000000001C7A020038
S214027CA0000000000C4002000181010000410000BB
S214027CB020400200000000000100000030400300E7
S214027CC0000000000000000000000000404002002B
S214027CD00000000000000000A840010007000000AD
S214027CE0B8400300FF4C0000FF4D0000FF4D0000AF
S214027CF008C00100000000001CC0011000F80700C8
S214027D001CC00130F502080020C00110FF00000070
S214027D1020C001300013000024C00400EC80B3032E
S214027D204375A802000000002E02000050C00100A9
S214027D308741300C58C0020054060708D1B602002C
S214027D4064C008000430000040201006C8F248183C
S214027D501FE8F600BD4B721511A3180510325476B3
S214027D60980A000088C00100000000000800010117
S214027D700807000018000101AAAAAA0020000101B3
S214027D800060DA001C4001011000000030400301D0
S214027D90000000030000000000000000684002012E
S214027DA02941767100000000E04002013300000025
S214027DB0000000000C410101B855120024410101E7
S214027DC00000000054410501010000000000000010
S214027DD0000000000000000000000000384202011F
S214027DE00000000000000000444201010000000004
S214027DF010800101030000003880020111491000C2
S214027E00010000009C800101EB400200B0800201EC
S214027E10000300023700000188000202000C000482
S214027E204C0000009400010200040000D40001028D
S214027E3090029608E40001023D094204180101027C
S214027E4060005102FFFFFFFF00000000000000007C
S214027E50000000000000000050C300007C15000077
S214027E60DC050000DC050000193F010604100100D5
S214027E700001010600102700000C000000000000B0
S214027E8000000000140000006666660000000000A5
S214027E90D46D0200487E020000000000001A9A001C
S214027EA0005A620280841E000420FE00114950021D
S214027EB000000000000000000000000000000000BB
S214027EC000000000B1841E00000000000000000058
S214027ED00000000000000000140000006666660055
S214027EE000000000687E0200587E020000000000CB
S214027EF000478600005A620280841E0001010000CC
S214027F0011495002000000000000000000000000BE
S214027F10000000000000000041841E000000000077
S214027F200000000000000000000000001400000036
S214027F306666660000000000D46D0200C46D020092
S214027F40000C0000001A9A00005A620280841E008A
S214027F50042000001149500200000000000000004A
S214027F60000000000000000000000000B1841E00B7
S214027F7000000000000000000000000000000000FA
S214027F80FC1F0103D87E02000C4002000CB1110057
S214027F9000410000304004002508000000010000F7
S214027FA0FF00000001030100504001000B0000002A
S214027FB05C4002000F0D000001010000B440040006
S214027FC001400000FF0C000001410000FF0D000010
S214027FD01CC0011000F807001CC00130F5020800A2
S214027FE020C00110FF00000020C001300013000076
S214027FF050C001008741300C080001010E17000036
S21402800018000101FFFFFFFF200001012083B8EDE9
S2140280101C40080110000000000000041FC0010000
S2140280200030000000100A000000000300000000FC
S21402803000000000584006016402FF0041080000EC
S21402804001000000120008007C4E78AB0000000021
S21402805080400C013200AC0800000000DF032A005A
S21402806000000000000000000102071121374B5AF1
S2140280706769625440291505000080204344333363
S2140280802392A424EC40050190A8578B0000000020
S214028090640483078813C83A9C200A00244102011C
S2140280A000000000000000003C410B010000000040
S2140280B000000000000000000000000000000000B9
S2140280C000000000000000000000000000000000A9
S2140280D000000000000000003C4201010000000019
S2140280E0FFFFFFFF03000000FC1F0103D87E020013
S2140280F00C4002000CB111000041000030400400A8
S2140281002508000000010000FF000000140701001F
S214028110504001000B0000005C4002000F0D000002
S21402812001010000B440040001400000FF0C000002
S21402813001410000FF0D00001CC0011000F80700FE
S2140281401CC00130F502080020C00110FF0000002C
S21402815020C001300013000050C001008741300CDF
S214028160080001010E17000018000101FFFFFFFFC3
S214028170200001012083B8ED1C4008011000000019
S214028180000000041FC001000030000000100A00BA
S2140281900000000300000000000000005840060136
S2140281A06402FF00410800000100000012000800FF
S2140281B083B187540000000080400C013200AC08F6
S2140281C000000000DF032A0000000000000000009C
S2140281D00102071121374B5A676962544029150577
S2140281E000008020434433332392A424EC4005014C
S2140281F090A8578B00000000640483078813C83ACF
S2140282009C200A0024410201000000000000000039
S2140282103C410B01000000000000000000000000CE
S2140282200000000000000000000000000000000047
S2140282300000000000000000000000000000000037
S2140282403C42010100000000FFFFFFFFFC1F01038C
S214028250847E02000C400200018014007F40000071
S2140282603040040000000000000000000000000093
S2140282700000000050400100000000005C400200C8
S2140282800000000000000000A840010007000000F7
S214028290B440040000400000FF4C00000041000013
S2140282A0FF4D00001CC0011000F807001CC0013082
S2140282B01402080020C00110FF00000020C0013098
S2140282C00043000050C0010087413004080001014D
S2140282D00407000018000101000000002000010150
S2140282E0088400001C4008011000000020F9130456
S2140282F00702620038700000000000000000000361
S2140283000068010F40B8244058400601FC0069008E
S2140283104108000001000000B0070800A7000000A6
S2140283202F00000080400C012363E0119BC34A74B7
S214028330F003000003800000BE0A000001011030B6
S21402834050707F7F00000000000000000000000068
S2140283500000000000000000EC4005017DA8D98B5B
S214028360590B0000640483078813C83A90200A0059
S2140283702441020100000000001E00003C410B01E7
S21402838000148C00141A21282E343B4249504355BF
S2140283907698BA0C286900000100000007212864BC
S2140283A014171A002004C869A1203A093C420101A8
S2140283B029000000FFFFFFFF05020000FC1F01036B
S2140283C02C7F02001CC0011000F807001CC0013000
S2140283D0F502080050C001008741300C2440060117
S2140283E007C052000000000000000000000000036A
S2140283F00000000000000000584001016402FF0077
S214028400804005014B01A0089BC34A74F00300009C
S2140284100000000000000000E04001013300000000
S214028420F040040100000000640483078813C83A81
S2140284309C200A0028410101031000003C410B0168
S2140284400000000000000000000000000000000025
S2140284500000000000000000010000000000000014
S2140284600000000000000000000000003C42010185
S21402847000000000A080020170780300D5C0000052
S214028480A8800111F0010000A88001310542CB014D
S214028490AC800111F0010000AC80013105228D0094
S2140284A0B080010100030002FFFFFFFF4C820200C2
S2140284B04063598F404B4C000B000B001A00FF7FA5
S2140284C0EC3F0020000000008C6F0200000000005D
S2140284D0807F02004063598F404B4C001B001B00FC
S2140284E02A00FF7F1040002000000000E480020007
S2140284F0000000004C8202004063598F404B4C0043
S2140285000B000B001A00FF7FEC3F0020000000006B
S2140285108C6F020000000000E88002004063598F62
S214028520404B4C001B001B002A00FF7F104000201F
S21402853000000000E480020000000000204002006C
S21402854000000000000000004040030000000000A1
S21402855000000000A007000008C0010000000000A4
S21402856024C00400EC80B3034375A8020000000098
S2140285702E02000054C003000E2D09E6540607081A
S214028580D1B6020064C00800043000004020100685
S214028590C8F248181FE8F600BD4B721511A318055D
S2140285A010325476980A000088C0010000000000CD
S2140285B0E04002013300000000000000004102011A
S2140285C000612000B75635120C410301F95412001F
S2140285D02030042988BB4000304103016406660C43
S2140285E00C010000E853FA006841030164048307A3
S2140285F088138200000000003042030100000000E1
S2140286000000000E000000004442010100000000CD
S2140286101080010103000000388002011149100099
S214028620010000009C800301EB400200707803000A
S214028630D5C00000A8800111F0010000A880013119
S2140286400542CB01AC800111F0010000AC80013183
S21402865005228D00B08002010003000237000001EF
S21402866088000202000C00044C0000009400010284
S21402867000040000D400010290029608E400010201
S2140286803D0942041801010260005102FFFFFFFF8C
S214028690BC8302004063598F404B4C000B000B001A
S2140286A01A00FF7FEC3F002000000000B8830200A3
S2140286B000000000A47C020000000000607B0200B4
S2140286C0010000000000000000F04902B48602002B
S2140286D0A47C020000000000847B0200060000006A
S2140286E00000000000F04902D0860200A47C0200CE
S2140286F0000000005C7C0200010000000000000098
S21402870000F04902EC860200A47C02000000000091
S214028710807C0200010000000000000000F0490218
S214028720088702003C85020000000000F484020074
S214028730020000000000000000F049022487020048
S2140287403C85020000000000AC840200020000002B
S2140287500000000000F04902408702006087020025
S214028760C8700200000000009086020001000000AF
S2140287700000000000F0490260870200012C20661B
S214028780756E6374696F6E3A2000617373657274F6
S214028790696F6E2022257322206661696C65643AD1
S2140287A02066696C6520222573222C206C696E6512
S2140287B0202564257325730A00232D302B2000689C
S2140287C06C4C0065666745464700303132333435B7
S2140287D03637383941424344454600303132333425
S2140287E0353637383961626364656600554E4445EE
S2140287F046494E4544004145532D3235362D4343B6
S2140288004D2A2D4E4F2D544147004145532D3139A7
S214028810322D43434D2A2D4E4F2D5441470041459C
S214028820532D3132382D43434D2A2D4E4F2D544170
S21402883047004145532D3235362D43434D004145C1
S214028840532D3139322D43434D004145532D31329C
S214028850382D43434D004145532D3235362D47437F
S2140288604D004145532D3139322D47434D00414588
S214028870532D3132382D47434D004145532D323565
S214028880362D434243004145532D3139322D434262
S21402889043004145532D3132382D43424300414572
S2140288A0532D3235362D454342004145532D31393D
S2140288B0322D454342004145532D3132382D454332
S2140288C04200656E61626C650064697361626C6524
S2140288D0006661696C65640D0A7374617475732051
S2140288E02523780D0A0073746172740073746F70B6
S2140288F00066616C73650075696E7431365F74204C
S2140289006F743A3A5370696E656C3A3A42756666A7
S21402891065723A3A47657444697374616E63652892
S214028920636F6E73742075696E74385F742A2C20B8
S214028930636F6E73742075696E74385F742A2C20A8
S214028940446972656374696F6E2920636F6E73740F
S214028950002F6F70742F73696C6162732F73646B70
S214028960732F73696D706C69636974795F73646B76
S2140289705F323032362E362E312F6F70656E746847
S214028980726561645F737461636B2F7574696C2FB3
S21402899074686972645F70617274792F6F70656E45
S2140289A07468726561642F7372632F6C69622F73C9
S2140289B070696E656C2F7370696E656C5F62756642
S2140289C06665722E637070002D6E007C2053746193
S2140289D072744368207C20456E644368207C205471
S2140289E06172676574506F776572207C204163748C
S2140289F075616C506F776572207C20526177506F7C
S214028A0077657253657474696E67207C0D0A2B2D28
S214028A102D2D2D2D2D2D2D2D2B2D2D2D2D2D2D2D81
S214028A202B2D2D2D2D2D2D2D2D2D2D2D2D2D2B2D73
S214028A302D2D2D2D2D2D2D2D2D2D2D2D2B2D2D2D61
S214028A402D2D2D2D2D2D2D2D2D2D2D2D2D2D2B0D71
S214028A500A00FFFFFFFFFFFFFFFF002C2000257329
S214028A60203D2030782530386C7825730075696E85
S214028A7074385F742A206F743A3A5370696E656C64
S214028A803A3A4275666665723A3A47657455706454
S214028A90617465644275665074722875696E7438BE
S214028AA05F742A2C2075696E7431365F742C2044EC
S214028AB06972656374696F6E2920636F6E737400E2
S214028AC06E756D5365676D656E7473203C3D206BE5
S214028AD04D61785365676D656E74730075696E7463
S214028AE031365F74206F743A3A5370696E656C3A29
S214028AF03A4275666665723A3A4F75744672616DA9
S214028B00654765744C656E6774682829006D5772F0
S214028B10697465446972656374696F6E20213D20CD
S214028B206B556E6B6E6F776E006F744572726F72F6
S214028B30206F743A3A5370696E656C3A3A427566BB
S214028B406665723A3A496E4672616D654170706545
S214028B506E642875696E74385F742900656E61628A
S214028B606C65640064697361626C65640066616961
S214028B706C65643A20636F6D6D616E642073747207
S214028B80696E6720636F6E7461696E7320746F6FAF
S214028B90206D616E7920617267756D656E74730DF6
S214028BA00A0072637000646961676E6F737469634A
S214028BB073206D6F64652069732025730D0A006447
S214028BC06961676E6F7374696373206D6F64652085
S214028BD069732064697361626C65640D0A0061647E
S214028BE064722D6D61746368006175746F2D6163C4
S214028BF06B0064696167206665617475726520271B
S214028C00257327206973206E6F7420737570706FDA
S214028C10727465640D0A006661696C65643A206365
S214028C206F6D6D616E6420737472696E6720746F07
S214028C306F206C6F6E670D0A0030006F744572729B
S214028C406F7220726164696F5363686564756C65E0
S214028C5052782875696E74385F742C2075696E7444
S214028C6033325F742C2075696E7433325F74290058
S214028C702F6F70742F73696C6162732F73646B73DA
S214028C802F73696D706C69636974795F73646B5F67
S214028C90323032362E362E312F6F70656E74687211
S214028CA06561642F706C6174666F726D2D6162739C
S214028CB07472616374696F6E2F65667233322F72D7
S214028CC06164696F2E637070006765740025640DB9
S214028CD00A00736574006D6F646500696E0D0A00A4
S214028CE06F75740D0A00696E006F757400636861B3
S214028CF06E6E656C006377006563686F0067706907
S214028D006F00706F77657200706F77657273657447
S214028D1074696E677300726177706F7765727365D8
S214028D207474696E670073747265616D0025303203
S214028D3078006F744572726F72206F743A3A53708D
S214028D40696E656C3A3A4275666665723A3A4F756E
S214028D50744672616D6552656D6F7665282900737B
S214028D60496E7374616E6365002F73646B323032C2
S214028D70362D6669726D776172652F736F757263D1
S214028D80652F6170702E6300E1C4010029C50100E1
S214028D90D5C4010035C501001DC501008F4702007C
S214028DA0CD470200EF470200114802003348020096
S214028DB069D4010019D4010025D4010019D5010097
S214028DC0774A02008D430200914302009543020057
S214028DD0994302009D43020000000000A801000023
S214028DE0D02D0020FFFFFFFFFFFFFFFFFFFFFFFF6B
S214028DF0FFFFFFFFFFFFFFFFFFFFFFFFFFFFFFFF7C
S214028E00FFFFFFFF00021000D8390020782F002055
S214028E100000020800000000FFFFFFFFFFFFFFFF49
S214028E20FFFFFFFF0000000000000000000000003F
S214028E30000000000000000000000000F1D1010068
S214028E40D5D1010041180200751902000D19020061
S214028E5020C001B80000000100000101000101016C
S214028E600000000000000000010100033F000000B7
S214028E70FFFFFFFFFFFFFFFFFFFFFFFFFFFFFFFFFB
S214028E80FFFFFFFFFFFFFFFFFFFFFFFFFFFFFFFFEB
S214028E90000102020303040506080C0C0C00010282
S214028EA003040707C8C8C8C8C8C8C8C8C8C8C8C846
S214028EB0030404080808080800B801B802B800B09D
S214028EC0030404080805000000000000000000007B
S214028ED00000000000000000E706000048703E0F99
S214028EE04470000E30707013029890173870260F78
S214028EF034704C0F30703A102C703A102870C21131
S214028F002470DA112070300F1C7082121870FE1254
S214028F1014702C0FB110086001D80A7104B87F785B
S214028F20020C7E78641000C6881F00A01DB87078F8
S214028F3003B018600F3027B30F330111C0480698EC
S214028F40760229B0086001D8087109DD047109BBF0
S214028F5011101660A048086004100112FF3221505A
S214028F600860D0480860008806982E1400C4441F83
S214028F7000A000BA03DF107109DF06720298280308
S214028F801DB8507800A044132814411581100860BB
S214028F9002D8147110880698121900C014C000B8BE
S214028FA00698781B009106988C020160B83020D88B
S214028FB006711EBC637C784D5412F03240DE047299
S214028FC0404804DB08720DDD0C72044BEF30144887
S214028FD00698E40400C4E0400054441208620132D9
S214028FE02140087C811140D91C72B1123032CF4A1E
S214028FF0013AB1DA107208D8067104D80871804CAA
S214029000237C5070684C441200C4A41E00A0441472
S214029010413AF3240164415C412A047580B800C4D5
S2140290206040005481D8307140D90472237C084BCA
S2140290300698E40404BA1CB9767900C1204001B847
S214029040357906B906A901D8067102980A02804C3B
S214029050307C02985E0208D86A7100C1544000B89B
S214029060141110D95E71584C441280BDA26DFF25B2
S214029070784C4412FC22513A2814104C00C20CC1FF
S21402908001B82412281408622814086228140862F8
S2140290902814304C304C00C11C4000B8141118146F
S2140290A0086100C5284001B85415FF3504711049FF
S2140290B01814B04C44120862013206710298040178
S2140290C0804C08D80C7107BA24D8047106BA1870F6
S2140290D004D80C7101BA40D80E7102BA0A7005BAE9
S2140290E020D8047203BA204C4411C04C18140861EC
S2140290F018149111383111429111186110D9047265
S214029100EF3200C1084001B8141110311E6111423D
S2140291102814A1110861181406985E1B181400C1C1
S214029120084001B814111861FF31181400C14480B8
S21402913001B81411181408611814308802480698E9
S2140291408603009308DB047101F800A027B00F30F5
S21402915000A01088B111186180D90A7100C1884038
S21402916000B80811009100A000C4684000B844107E
S21402917000A000C088400050041182610410826082
S2140291801050F07200A05415504512710698F4045F
S2140291900698840407B8707802B8417800C220C0E6
S2140291A001B8241206981C1900C5481F00A05415C1
S2140291B0511400C3FF010000313D09647F34069854
S2140291C09602015851280475015841280E758111DE
S2140291D0086102D90472FF0FCC7007B8727800F8E3
S2140291E0EBBD00C0441F00A00411113D10D912713E
S2140291F0FF33186300C1781002B8381107B97479C2
S214029200581000A006988C020D300472044809DC3F
S2140292100472084800C11CC101B8141100C3D01E54
S21402922000A0911504351A7218131CBB08D80471D5
S2140292306C7B04D804716A7B1DBB2F7C5B7B16702B
S214029240044B18131CBB08D804716F7B04D8047136
S2140292506D7B217C0C300260069870040698B60B73
S21402926000B8B111186140D9067202984A0401BCCE
S21402927000C2084001B800DC0A7124150265604A83
S2140292800A702C4A241508654C4A043508D904711C
S214029290202400C13C1F00A0141200DC327120D82A
S2140292A0067101B80C70F0DA0C720CDB087102B8A9
S2140292B006987804482400C3384101B834138F7BDB
S2140292C00E7102B9911308DB047203B928707C4947
S2140292D014111110FD300DDC1C7200C0A01E00A07F
S2140292E0041080D8107100C0448001B80410E52034
S2140292F00475804900C3884000B8FFB801201141B8
S2140293000871014118130824014200C1284000B820
S214029310141101411C655141911520351E655141BC
S21402932018132813481300C3844000B8341003D817
S2140293301671073005DC1071B1108F780A7200C3FF
S21402934084C40350217B1DB8507800B800C13C1F6E
S21402935000A014121C602150F0300152281100A007
S2140293604024076400C0FFFF0100013C17B0022042
S21402937001584028067518AC01EC00A0208800C0F1
S21402938020C001B8041217B4211304123052F87127
S2140293901964402400C35C1F00A034101411069800
S2140293A0E80D1961009211592129067600BB115960
S2140293B00698C80D8762313B0472215A412A00A0E2
S2140293C000C2686000B8B8B91F610D49181200A043
S2140293D0308801B9116100C30000C0FF3110312886
S2140293E000BC002D0C75115418AC01EC312DF47034
S2140293F0196451134155312C009300A000C3C00FCD
S214029400FEFF50B2313A014250AA00A00698300739
S214029410FFB0867808715CB86B786E7800C25480AC
S21402942001B800C0D81F00A004100812B822217A82
S214029430237A52B8417801B80C6021A809B819609D
S2140294404CA800C0FFD1C1FF4FB2013A00C0002EA7
S214029450300001424FAA24B86E78ACB9FFB004D8E7
S21402946004714CB923A906989A0500C0139001000E
S2140294700698200500A00698F40419B81460FFB2F6
S2140294808C620F32826A21400698200549BC21B9B7
S21402949052B849B207DE2A7105DE0871627C607C2A
S2140294A01D0C6179677864786B7862786578637882
S2140294B06078617C010C010C6878020C69786C7823
S2140294C0020C00C22C8001B8277A287A267A6A789B
S2140294D0050C41790A0CB11040D806710298AC0608
S2140294E0784A2B7A327A584A247A00C4000111004C
S2140294F0404A00C0108400000812508800C584103C
S2140295000100FBAD10BD01BB8A6B21B9FAA9C44AA2
S2140295101812217A227A00C0341F00A00410FCA878
S2140295208264411030300129F9A9F8ADFBB082609F
S214029530FBA80330A0652110044820EC237A04100F
S214029540037A184A2411DC4A0158002924100475AB
S2140295503150F8B1115081632A71514031400812DE
S214029560FCB18461FCA90F310E7117B0112817B136
S21402957011591028FA76C44AF9B11812217A227AB9
S214029580A07000950812F8A800C20C8001B8207AD4
S214029590844A00B80812020CA44A087A020C21B8BF
S2140295A04178784A0B7A127A00C2C81F00A0FFB030
S2140295B008D80472184A241000DC0A7140A8042253
S2140295C0241041A80698960200C2481F00A0241044
S2140295D0015100C4FF01000041391150081200A0D9
S2140295E00698300700BC00C20C8001B8217A52B837
S2140295F04978020C4878020C49B8417852AC21AC42
S214029600204A087A067A077A49AC00A059B8407808
S2140296105AB101D9FC72427857B8407858B101D98C
S214029620FC72427800A000C20C8001B8217A227A2D
S21402963021B8547852B8BC4A24119979127107B9E4
S21402964015614CA9617800BB03BC0C64147009B99F
S21402965019614CA9417801BB126300C4002E300088
S21402966000C0FFD1C1FF4FB1013941414FA9E44AC1
S214029670C8B8081224AB4CB823A806989A0500C0AE
S21402968004900100FFB18679047108480698200507
S21402969000C08009004040A809B8FFB108D904718B
S2140296A003B853A8B11004D80C7156BB607B57BAE6
S2140296B0627A607A02D80C7156BB607B59BA627ABB
S2140296C0607A04B86E783DB8607800C056380000FC
S2140296D000C1B08001B814119979087200C0D6048E
S2140296E0000000C124C000B814119F790472084813
S2140296F04CA82EB8FFB108D906714AA804704BA828
S2140297000FB834A800C00C5E000046B2014246AA5A
S21402971000C12C4001B8141108610631087100B965
S2140297200698421106983414B11101D90E710698A2
S214029730841B02D906720698920C06982E145114AF
S2140297400698840406981C1106985A1700A00698D4
S214029750441701D80A711CB85B7807B8757800B848
S2140297604CA84AA84BA800C0F321FFFF46B1013916
S21402977046A904B86F7800A0FABC1964415C512C63
S21402978000C0581F00A00410012C06750698840419
S21402979006986A0FB110186005D8327140BA06985A
S2140297A0041404B86578911004D816711CB86E7843
S2140297B000C0684000B8217806986A1101400A7213
S2140297C01DB84278069840140298500B1DB871785E
S2140297D004B86C7841B8427863784478FFB104D90B
S2140297E006720298BC0900C004900100FFB1867997
S2140297F0047108480698200500C32C1F00A000C26A
S21402980074C000B82414481300BC48121C4B1C4AEF
S2140298102414481300BC4812084B584A2414481310
S21402982001BC48124ABA447A427A4BBA447A427A1D
S214029830FFB086780472617A4CBA647A657A3DBA69
S214029840607A4DB942B83FBB5B7966796179020CA2
S2140298506479050C63796079050C627965795A79C1
S21402986000C2340102B8241305B819603140081248
S21402987042B86A78020C4A78020C40BCFFB208DA98
S21402988006714ABA06704BBA627A657A677A667A5F
S2140298906A79667B0298960A00C32C1F00A000C253
S2140298A074C000B8241448131C4B1C4A24144813D2
S2140298B03FBC48121C4A00BC4812084B444A2414B7
S2140298C0481301BC48124ABA647A627A4BBA647A7E
S2140298D0627AFFB3867B0472617A4CBA647A657ADE
S2140298E03DBA607A01D94E71647800C1708001B8C1
S2140298F000C08000080008110698780B42B861780C
S2140299004DB97F797E796A7868786278020C7B79BD
S2140299100F0C7A79140C7479417860787579050C95
S214029920FFB208DA06714AB804704BB8657801BC13
S2140299301664407002D93C710698780B42B84DB94D
S2140299406878407841787F797E797B790F0C7A79CE
S214029950140CFFB208DA087171794ABA0670707987
S2140299604BBA7279657A6A78020C4A78050C01BCA1
S2140299701664020C417940790C0C00C04C0102B806
S21402998048100698E40400C4784000B8007C00C082
S214029990A01E00A0041180D93271911104D92C7234
S2140299A07F2021200411FD310DDD207200C044808D
S2140299B001B80411E521147600C0244001B8041150
S2140299C08A790871207C104C207C2AB8627851145F
S2140299D000C0581F00A00410012C17B001118768A0
S2140299E0015841280E7605218769415C412D112DCB
S2140299F006700698840442B84DBB7C7B6478020CE1
S214029A0029B868785114404406750698840442B80A
S214029A1044782AB84278FFB101D90C7100C154804B
S214029A2001B8CBB80811911004D8147100C0A01E5A
S214029A3000A0041080D8067107B8537800F807B85B
S214029A4000C1CC1E00A000C220C001B824122811FA
S214029A50777800F8B1109478387106989602E4B9CF
S214029A6011591128067600B80C70A0B911590129AF
S214029A700475A0B8826000C3C01F00A03413012B77
S214029A80341000C3FFFF00FF42B13139114042A833
S214029A9000A01DB09178FA7142B86478020C00BA40
S214029AA029AA00C4548001B842B84DB900C3C040C8
S214029AB001B83413977B047240EC020C44785C794C
S214029AC053AA0A0C281442B84DB9FFB301DB26711B
S214029AD0244C00C3FF0FFF013814547940784178B4
S214029AE05579020C5B795A79140C5F795E794A785B
S214029AF04278347002DB1471527951795079020C33
S214029B005B795A795F795E791E7004DB1A7100C43C
S214029B10FF07000000C3342102B848133FBB467B50
S214029B20020C5B795A793DBB407B4CBB447B457B40
S214029B3000C3301F00A03414403C207100C068C02F
S214029B4000B8481028131C4B1C483414481028131D
S214029B50144B44483414481028134AAA4BAA04B893
S214029B606D781DB851785CB84B784E7800A000C06E
S214029B7074C000B80411108800B91810684804119F
S214029B80108801B90B6118102C480411108800883F
S214029B9000C1231C000018104AB864784BB86478D9
S214029BA0260C28B000C1FFFF0FF0113871B90B6107
S214029BB0114028A828B97379747900C21010303081
S214029BC045AA54790E0C00C0E84001B8041100C240
S214029BD03030101045AA0E0C041000881088069823
S214029BE0540D0091009020888F618F600698540D66
S214029BF00090886A21400112906A035800C13F3FD4
S214029C0000001138FFBC022441281138014245AA3F
S214029C1028B953794AB844784BB8447800900091F2
S214029C20181000912C48181000916848181000A0CF
S214029C309168436091694361115B012B1128416071
S214029C403128315B00BA302806763128204A416333
S214029C50302806763128104A4163302806763128A5
S214029C60084A4163302806763128044A4163302880
S214029C7006763128024A416330280476014A00A05B
S214029C80115910D906710860086008D90471086075
S214029C9004D90471046002D90471026001D9047106
S214029CA0016000A000BA01D806710148112A1F619E
S214029CB0016001D8F6720138F67200A000C220C018
S214029CC001B8241211592129127300210E7100C203
S214029CD038C001B824120121212900A002B020D8E0
S214029CE0147100C0B01E00A0041002B9457906988F
S214029CF06813EA7003B09F78087200B806A800F8E6
S214029D000698300700C5641F00A05088044D1CBC8E
S214029D1000C0B41E00A0811101D91E71407C0095BE
S214029D2001150C4D5088044DFFBB1863315B0411BE
S214029D300698E00D3129F87506985A1A54150698B1
S214029D40841B01D9087206984A0706700698E60729
S214029D501CBB547B0698441701D8067202980C0F57
S214029D60FFB901211038F67281129B7AF07100C297
S214029D70448001B8241400C0C01E00A004100113C1
S214029D800020041040500C7200B906981A0F18B939
S214029D900A7018B906981A0F00B900B80698100F7C
S214029DA0704A08B80698100F00C2284000B814B8C7
S214029DB00698100F00C2EC4001B80CB80698100FB7
S214029DC0202210B80698100F1088308806984A0786
S214029DD00093009106981A0F00C0C41E00A0041239
S214029DE0FFB9012121411810009500F831281128E9
S214029DF00410081200A004B831281128F8B118106F
S214029E0000A0069872080E700698B60B069872089E
S214029E1006986412069804079112211900C02C4075
S214029E2001B80A78097800F810B901BA0698FA1348
S214029E3006981C1106985A1700C5641F00A08110C8
S214029E409D78FC7200F8911203321CB900C3A01E62
S214029E5000A0341300C4B04000541DB84278707994
S214029E6003DE067144783A707179A11020D8067123
S214029E700298461080DB1C7102D8187205B80814C6
S214029E80A11010300248081400B808149110086097
S214029E9008141DB86278A11000DC0676517900BA63
S214029EA00698441701D82272911120311D61911033
S214029EB004D80E7200C1501F00A0141101D90A71F5
S214029EC0208806984211009200C1204000B801DBAB
S214029ED01871084C03DE0471904C441400C3FF1F33
S214029EE00000413BFF233811944900C3384101B8B2
S214029EF03413086380DB0C7103BA186206982E10BE
S214029F000870186206982E100C4908790979141000
S214029F102140081100A000BD0698700210B903DCAB
S214029F20047100B901BA0698FA1302D90671004004
S214029F304E7203B118610F3106986A11FFD8287263
S214029F40811008D8187106DD0A710698700203DCC3
S214029F500C720698AE11069840140C7006DD10714D
S214029F600698B411487020B804A806DD1072069848
S214029F7072080698040701F840B804A800F800C062
S214029F80A01E00A00413086301DB227191100111C8
S214029F90186111381DB910D8087144790298461014
S214029FA002DBFA72A11328DBF47203BD06981011C5
S214029FB0069872081DBA7F7A0698E40400C5681FE0
S214029FC000A00698700200BA03DC1672044DA110B7
S214029FD002D804711C4D00C10CC101B80698A00439
S214029FE05415212D0698300502989C0891100155AB
S214029FF003355150011900A000C14C1F00A01410D7
S21402A00001D8427101480860FE200E75811020D8E2
S21402A010087100C1501F00A0141101D9287100C098
S21402A0202C4001B80412215108610F3118611152F7
S21402A030281000C0084001B80411911221512031A5
S21402A0401152211900A0811380DB067201B800A00C
S21402A05000C314C001B8341006302E726C4B341292
S21402A0601C4B3410186002302072811080D8DE71CA
S21402A0703410014A08620460803021508C480A710C
S21402A0807F234D233410013000A000BD0698101126
S21402A0901CB847784578437802B8447800A00698FA
S21402A0A072080698AE1100C5741F00A054150698D3
S21402A0B0300502989C08B1138F7B0A7200C384C4D1
S21402A0C00350017B0698341400C1384101B81411BC
S21402A0D08F790E7100C1B84000B800BA06982E10EB
S21402A0E050BA0698041406986A11FFD84A7191105D
S21402A0F004D84872811008601CD8407220D9387281
S21402A1001112FF322151347180218021111400C0B6
S21402A110D81E00A00413FFBA3151113A215111532F
S21402A1201DB938107B7940440E7200B900C2AC1ECD
S21402A13000A01812067004B8607806982E1400F86C
S21402A14000B900C2A44000541812644A0AB9181290
S21402A1501CBA507A517A1DB942795F7900A00698E6
S21402A160700207DC1072911000200A7506986412BD
S21402A1700298580F0698040701B9911004D8047182
S21402A18000B910BA0698FA1300BA0040347100C03B
S21402A190A01E00A00411086101D9127104D9E2724E
S21402A1A08110086001D8DA711DB8647800C11CC13C
S21402A1B001B80698A00401B81160002A047600BA15
S21402A1C000C5781F00A05415212D06986412069823
S21402A1D04A0700C57C1F00A000F800BC811108D900
S21402A1E0167280D9207201B910BA0698FA13004086
S21402A1F00E7101BC10700698AE110698401420B875
S21402A20004A800F80698641281110231127100B98E
S21402A21000C2144000541812244A02B918120698B2
S21402A220AE1100C5801F00A054150698E21A0298C7
S21402A2309C080411012114711CBA737A04200412BA
S21402A2402811042004110121F47200A00698E404E7
S21402A25000B8011A01F80698441701D81671FFB91A
S21402A260012110380E7281109B78087104B9677943
S21402A27000F8911010D8287100C51CC101B85411FD
S21402A2800698E00D00C5C81E00A054155129EA75AF
S21402A29007B876781DB8447801B804A800F8B1105B
S21402A2A0186010D82E7100C05040005400C30840F9
S21402A2B000B83114984C44113411086101D9FA716E
S21402A2C04412281008622810086228100862281013
S21402A2D0E8700298AA0206988C02113804721E626E
S21402A2E002BB00C1D81E00A0141120390C729112B4
S21402A2F010DA0672417B00A00698341400C2A01E33
S21402A30000A0241220DA0472617B1CBA527A00A0E2
S21402A3101CBA727A811204DAFC7200A01CB86B783E
S21402A32000C0684000B82F7800A00698441701D8ED
S21402A3303A7100C22C4001B82410036091112031FA
S21402A3400151383111501D6008121DB9457900C2FD
S21402A350448001B8241200C0C01E00A004101820B9
S21402A3600020041020500471657910631EB96379C9
S21402A37000B902EC00CD114502EC00CC01DB0871FD
S21402A38000BB0298C81803B841110731FA211C769F
S21402A3900621911210DA087102DD10721E7020B8C2
S21402A3A00698A40D3038147208B80698700400C0D7
S21402A3B02C4000B82978207800F8056020D806716D
S21402A3C00298021602EC00CA05B823DA187104DBFA
S21402A3D0DA7120DAD67110DAD2721EB8617800B855
S21402A3E001DA067202EC00C8911110D9267100C17A
S21402A3F0B81E00A014111150FF300C720761A11094
S21402A400115002300A7180DB0A720AB89E701DB9BA
S21402A4107C791860911111402111C0311140011947
S21402A4201EB8411108D90471667820D9047265787D
S21402A430A11002D80672C0DA1E711EB8273123DDBB
S21402A440087210DB1072607825DD0A7121DD087251
S21402A45008DB0471627803B8411107310872A1154E
S21402A4602035AA7102DD2072A11120D9A07102D96D
S21402A4701672CCDA9872411140D9927206B8054D1E
S21402A4805A720298A41421114049C0D94C71A031C5
S21402A49041154035026551410461086308DA1E72AF
S21402A4A004DA36721049A1150235067110DB0E72F7
S21402A4B001340A7108DB22711EB86778CC3211109B
S21402A4C01A300ADC0872CCDE0471FD3100C00D0FB2
S21402A4D00C0D216001D85C7207B80298CE1400BA3F
S21402A4E0411108D90C7102EC00CA05B830DAEC72D8
S21402A4F00734F031036101DA0471014900C0F30048
S21402A500A3E3216001D8D27100C09814406821608C
S21402A5104030014440DA0471204C04320262204A80
S21402A520111006301F60014218311D611142029857
S21402A530EC14204A00C00517085021601130014271
S21402A5402088FFBB0DDA507100C1DE1B250180BCDE
S21402A55004DA107208DA0A7200C120841000E024BD
S21402A560A02408634143026401DA06711E49024BC5
S21402A57000C0201F00A008633810BC2002DA127147
S21402A58001B91159A11380DB087100C100FCFF015B
S21402A59018100298541800C4A01E00A0441080D8B8
S21402A5A07C710092D0DA06710DDA0C711EBD437D05
S21402A5B0EFBD0698060304620DDA8672A11105D96C
S21402A5C05C7100C24040005424121424281401D99D
S21402A5D0067202D9327140D91E7102EC00CA2110ED
S21402A5E018320471FA2220D804720822FE22087554
S21402A5F002EC00C8F87001D90E7102EC00C802D94C
S21402A600067204DC187200C0A01E00A004101D60B2
S21402A61001D806711EB8647807B873780298C8180D
S21402A62000C0A01E00A0041080300A7100C0C41E24
S21402A63000A0041000A00698441701D82E719110AD
S21402A64010D828728110A0D8227203B084781C72A7
S21402A65000C12C4001B814100DBA487A697A6B7A98
S21402A66008111CB87B7807B8757800A0641000C67D
S21402A670881F00A0C3B80698760200C4441F00A034
S21402A68014BA2814B1108F780A7200C084C403501A
S21402A690017891101030011905BA0698041402D9EF
S21402A6A0067101B804A800C0A01E00A004130698F4
S21402A6B0561180DB067102984E141DBA7C7A01DBB5
S21402A6C06A7100C2241F00A024111114FF3402EC88
S21402A6D000C8FF24FA7608610698B40D04611138A2
S21402A6E00F3004611114011141100698B40D01D8FF
S21402A6F0087203B80298CE140C4A01DB22712410A9
S21402A70011281128041202300471106200C0FFFFE3
S21402A7100000213800C2204000B8FF200812411075
S21402A72008600698B40D01D87C7120BC103376718F
S21402A73000BB00C1201F00A01415C021112C51120D
S21402A74018620F320E71408851140698EC18414375
S21402A7500094511208651C620F320E714111511499
S21402A7600698EC181C6441430865513B00C1DC1E88
S21402A77000A01411111231100F30127100BA0561C7
S21402A78001D80471114201600FD8F47231100360CF
S21402A7901E30047201B8003A087204B80298CE1449
S21402A7A00298BA1600C0384101B804118F791471A4
S21402A7B07F20692004110861303110DD06711DBA50
S21402A7C0637A0698040300F830885088FF340871CC
S21402A7D002ECFF24F87002EC00CD1410595001442C
S21402A7E00421FF22F2720F4C0095009300A000C1D4
S21402A7F0A81E00A0141100A030880698341B8111F0
S21402A800086102D906720298F8191CBB557B0861CA
S21402A81020D906710298E8190088A11018600698D7
S21402A820121908211415FC251EBB5C7B5D7B00C13A
S21402A830084001B814110731FE21307608D82A7272
S21402A8405113FC23341304DB20711863FF33315B8E
S21402A85000C110C000B81411086180490C71FF31A4
S21402A860302954751EBB7B7B10707B7B7C7B00DDA6
S21402A87004717D7B01BB3815EC25541300DF54713F
S21402A880042505DF54715415211120880698E00D21
S21402A890009251293E7500C1084001B8141102DB2E
S21402A8A00C710731315B31292A760C7004DF08728D
S21402A8B0016180D91E720698121900C010C000B835
S21402A8C00698781B069812191411FFD9607202981E
S21402A8D03E1A0090009300A05415A111186110D9D9
S21402A8E0A672082508D8A071082510D89A71208863
S21402A8F021110698E00DFC255412112AF825541150
S21402A9000C2520D80871F02554111025202904762C
S21402A9102159181500920298AA1907B9717981105F
S21402A92010D80A711CB8447802B841781CB97479F8
S21402A93004B9677900F88110A0D808711CB9497962
S21402A94000A0086002D8FA710698121910880698B4
S21402A9503414106210DA087108211415F025541107
S21402A96000C20020FEFF202912750698841B01D91A
S21402A9700A72069872080698040700941CBB4110D7
S21402A9800C200698561341110821141006985613E7
S21402A9903128441111120861FF31FF320122105290
S21402A9A010721861181404244413042438140C700A
S21402A9B01861214118140824081402982E144044E1
S21402A9C0147100C1AC1E00A0141551131C630FDBDA
S21402A9D00C7219650698F404411500A000C378406D
S21402A9E000B83413807B067206980407069834145F
S21402A9F008BB51140698A21A4415FC25541500C328
S21402AA00784000B83413807B047100A002983005A9
S21402AA101CB900C3A01E00A03413086308DB1A7119
S21402AA208113A0DB0671497910706979086302DB2D
S21402AA30087204B9677900F800A08111086102D98A
S21402AA4010711CB97579069812191411FF3100A0FD
S21402AA50FFB900A0041008211411F421081100A067
S21402AA608111106110310E71069812190821141105
S20C02AA70F821141100A00000F9
S20C02AA78C8B7FD7F01000000D3
S21002AA808CAA0200803E0020930000001A
S21402AA8C01000000000000000000000000000000B2
S21402AA9C00000000000000000000000000000000A3
S21402AAAC0000000000000000000000000000000093
S21402AABC0000000000000000000000000000000083
S21402AACC0000000000000000000000000000000073
S21402AADC503F002000000000000100000F000F0095
S21402AAEC0000000000000000000000000000000053
S21402AAFC0000000000000000000000000000000043
S21402AB0C0000000000000000000000000000000032
S21402AB1C0000000000000000000000000000000022
S21402AB2C0000000000000000000000000000000012
S21402AB3C0000000000000000000000000000000002
S21402AB4C00000000000000000000000001010100EF
S21402AB5C3D69000015C100005363000049BE0000A9
S21402AB6C6167000079BD000063630000916300001A
S21402AB7C9763000049C200009D63000001000000BC
S21402AB8C030505B54001800000000000B50000007A
S21402AB9C000001B50000800000000000010000006B
S21402ABACC0EA210100F04902FFFFFFFF00400B0044
S21402ABBC00A0000038320020C8000000FE00000092
S21402ABCC000000009073020001000000000000006C
S21402ABDC00000000E8720200000000000E000000F8
S21402ABEC40000000E472020000000000FFFFFFFFBE
S21402ABFCFFFFFFFFEC7202003BFFC8000A002900B1
S21402AC0C20000000FFFFFFFFFFFFFFFFFFFFFFFF1D
S21402AC1CFFFFFFFFFFFFFFFF000000000300000026
S21402AC2C78380020284000200000000078380020E9
S21402AC3CE038002048390020000000000000000028
S21402AC4C00000000000000000000000000000000F1
S21402AC5C00000000000000000000000000000000E1
S21402AC6C00000000000000000000000000000000D1
S21402AC7C00000000FFFFFFFF0000000000000000C5
S21402AC8CFFFF0000D88D020007450200FFFFFFFF02
S21402AC9C6D49020069490200FFFFFFFFFFFFFFFF3D
S21402ACAC71490200FFFFFFFFC90C020004F8FFFF08
S21402ACBC0D000000000001FF0D01FF405AB4FF001A
S21002ACCCF96F01001D620000F561000037
S80401328B3D
