:10400000C80A00208B3201002DB8010031B8010030
:104010000539010035B801003DB8010089320100C1
:1040200089320100893201008932010089320100A0
:1040300041B8010044660200893201008932010062
:10404000893201008932010089320100BB6600001B
:104050008932010089320100893201008932010070
:104060008932010089320100D76C010089320100D8
:1040700019C900008932010089320100893201002A
:104080008932010089320100893201008932010040
:1040900089320100633A010089320100893201004E
:1040A00089320100E9320100C93201008932010080
:1040B000893201008932010089320100A1310200F8
:1040C000AB510200A7510200D1280200C1510200E9
:1040D000AF51020061310200B35102002118020009
:1040E000E131020089320100893201008932010088
:1040F00089320100893201008932010089320100D0
:1041000089320100893201008932010089320100BF
:1041100089320100893201008932010089320100AF
:10412000893201008932010089320100893201009F
:0441300089320100CF
:1041400070B5104A104C114DE3695E0714D408286D
:1041500001D12B4213D103EA00068E4207D10B4A4C
:104160001A40002A14BF6FF00100002070BD013A10
:10417000EAD16FF00200F9E74FF0FF30F6E76FF099
:104180000100F3E780969800000003500200010050
:10419000000000000000000000000000000000001F
:1041A0002DE98048B74BCFB05B691A0B03F03F0392
:1041B000012B8DF8E8208DF8E93015D1B24B9A6DBE
:1041C000D50311D45A6B6FF3162242F4BC1242F499
:1041D000A0625A631A6B22F4704242F440421A639E
:1041E0001A6B42F4E0621A63BDF8E830B3F5807FE1
:1041F0000CD14FF000531B68A44B1B68A44B1B68E9
:10420000A44B1B68A44B1B68A44B1B68A44AD2F8A0
:10421000803043F00303C2F88030EFF31183302283
:1042200082F311889F4D95F85120002A40F01782A3
:10423000012285F8512083F31188BFF36F8F6FF04F
:1042400004035024984A994913F0800F03F10100A8
:1042500040F0FE810B443D2883F800430346F3D130
:10426000934BD3F84C21140300F1FE81D3F8504155
:10427000E4B2904B904A93F90060904B26441A6048
:10428000874B86F308061B6F03F00703032B01D14E
:1042900021F01AFC13F0FCF8032842D045F60E0377
:1042A0000221794AC2F88030854B9962012103F5D9
:1042B00080539962936DD803FCD4824B8249136179
:1042C000936903F0004343EA064343EA042343F0BF
:1042D000407343F03C039361136A23F00D031362B0
:1042E000936A23F0330343F001039362664A936DAC
:1042F00031EA0303FBD10221714B9962936D59009E
:10430000FCD4136923F4700343F4001313614FF0DA
:1043100000426B4B9A61022203F580539A6201229C
:104320009A62634BD3F89840684B5A68012A00F0B0
:10433000A18113F0ADF8042807D1654813F060F8A7
:10434000574A136F43F480631367624A24F0407343
:10435000D16811F0060FFBD19168936090684340DB
:1043600013F4F81F05BF5C4B594A91601A6013F0B3
:104370008FF8042812D121F0A7FB13F041F8012097
:1043800010F026FF5549464A884294BF002001207C
:10439000136F23F4806343EA80231367444B504A2E
:1043A000D3F8C0303E4C23F040739360266F4848EA
:1043B000C6F38026731C85F8523013F021F8236F62
:1043C00043F480632367236F23F0070343F0020362
:1043D000236721F079FB13F013F8236F324923F49C
:1043E000806343EA86232367236F23F4505343F407
:1043F00080632367D1F8FC2012F080721EBFD1F8D1
:10440000FC3023F08073C1F8FC30D4F8803023F006
:10441000030343F00203C4F8803032B1224AD2F8D9
:10442000FC3043F08073C2F8FC301D4BD3F82021E0
:1044300022F0070242F00102C3F82021D3F88021C4
:1044400022F0030242F00102C3F88021D3F8402198
:1044500022F0030242F00102C3F84021D3F86021A8
:1044600022F0030242F00102C3F86021D3F8402297
:1044700022F0030242F00102C3F84022D3F80022E6
:1044800030E000BF00C0075000C0005000400020D6
:104490000080002000C0002000000120004001201A
:1044A00000800050B019002000ED00E000E100E0C5
:1044B0000080E00FF831002000F04902A43F002006
:1044C00000D000502008B00B0300014000C0015094
:1044D00000B4C40400000150A03F002080F0FA02A4
:1044E0000040015A22F0070242F00102C3F8002204
:1044F000D3F8082222F0070242F00102C3F8082292
:104500006D4A536A23F0010353624FF0E0221369AE
:1045100043F004031361694B5A6F42F001025A677A
:10452000DA6E22F03002DA66EFF31186302383F37D
:10453000118895F85330002B3DD14FF0B044604ABC
:104540001360604A1360604A136063680BB110F037
:10455000EDFF012300215D4A5360A1605C494B607F
:104560000223E3606023E3631F23936153614FF0F1
:10457000B0439A6A12F00802FBD11A625A685B686B
:104580000BB110F0D3FF0127514C676010F0CEFF44
:104590004FF0B0434FF48062DF604E4BC3F8802190
:1045A0001A601220A7613AA921F08CFE3A9A4A4B70
:1045B0001A60002A64D186F31188BFF36F8F12F05E
:1045C00081F8464A464CD2F8C030464E23F0FF03ED
:1045D00043F0A003B4424449C2F8C0305BD026F097
:1045E0001F03203BB3F1005F56D2404B0A683B48A3
:1045F00023F01F0343F00303C0F89820C0F89C3059
:104600003B4B0132C0F8A0300A60BFF35F8F052238
:10461000324BC3F894205A6A42F480325A62BFF394
:104620004F8FBFF36F8FBFF34F8FBFF36F8F314E3D
:104630003AAC0FCE0FC43368032023602AA921F0BF
:1046400041FE10B92A9A002A62D1062012F04AFED1
:1046500003F00F03043B13441C760346F4E583F395
:104660001188BFF36F8FFBE5234B1C88FF2C88BF9D
:104670008024FEE521494A609A699207FCD158E6F8
:10468000002340F2E7311E481FF0E8F91D4B85F882
:10469000537018608FE71C4B08681C4FC2F89800D5
:1046A00043F001030130B442C2F89C70C2F8A0305C
:1046B0000860AAD099E700BF00C007500040005032
:1046C0004031002018320020143200200020005811
:1046D0000010005800E100E08C0D002000ED00E02B
:1046E000803E0020203E00200C3200209F3E002013
:1046F000E1FF0020C07302000001E00F00E0015064
:1047000018FCFFFF880D002000000120030000209E
:104710009DF8F4308DF8F900032B98BFC0494FF095
:10472000010698BFC85C4FF4E1335843430803EBDC
:104730004213B3FBF0F3203BC3F313033C9340F26B
:1047400001130421012222A8ADF8883010F01EFFC9
:104750003AA813F07FFB4FF00112B24B0027C3F8C9
:10476000C425102203F58053C3F8AC25042203F5B9
:10477000E033AD4C5E6000205A612E7112F0D0FD26
:10478000AA4817F04EF8B4F85830B4F85A10A26E90
:1047900001EB43010139342011F057FF04F16C00A3
:1047A00017F03FF8B4F85830B4F85A10E26E01EB45
:1047B00043010139072011F048FF04F1700017F0A0
:1047C00030F8B4F85810226FF1403144304611F0FF
:1047D0003CFF04F1740017F024F8606D626F113033
:1047E00080B2B4F85810043011F02FFF04F17800B3
:1047F00017F017F8B4F85810A26F01390C2011F017
:1048000024FF04F17C0017F00CF80521E26F9420DE
:1048100011F01BFF04F1800017F003F8D4F880209A
:10482000B4F85A10082011F010FF0920C4E91877D5
:1048300012F076FD10F06CFE4FF050234FF4003272
:104840001A67C30709D432463146174601FA07F3FF
:10485000034002F1010200F05182754B03EB470364
:104860001B8D744A062B116873480C918AB24FEA6B
:10487000114140F04A824FF20F03994240F04282C8
:10488000B2F5406F28BF4FF4C06202804FF0005372
:104890004CF23C325A80694A536A43F470235362A3
:1048A000EFF308834FF0CD31654A043B934280F02B
:1048B0003D820A2012F034FD012012F031FD022069
:1048C00012F02EFD032012F02BFD00239B6AB3F59E
:1048D000804F5AD21A685B4B9A4256D195F8546071
:1048E00016F0FD0651D1584F3B78002B00F058824E
:1048F00002233B7008214FF48033544A5448C2F8D5
:104900008011C3601160534A136100239B6ADB6905
:1049100098473B788046012B40F0D08202F00CF99A
:10492000013040F0BC82AA6E4B4B1A66EA6E5A66A2
:104930002A6FC3F870216A6FD20700F1BC82474A20
:104940005368013313D195F8543083B94449496809
:10495000C90748BF5360434B5B68DB0744BF012373
:104960005360414B5B68D80744BF022353601BF080
:1049700053FDAB6D83F31188BFF36F8F3E70B8F1B9
:10498000000F02D1012385F85430042012F0C8FC36
:10499000052012F0C5FC3549354811F07DFD062093
:1049A00012F0BEFC072012F0BBFC11F09FFE0820A5
:1049B00012F0B6FC0B2012F0B3FC244B1A689101E4
:1049C00004D44FF00072C3F880211A601A685201B3
:1049D00004D44FF08062C3F880211A600C2012F0DA
:1049E0009FFC0D2012F09CFC0023C4E90233C4E9B3
:1049F0000843C4E90D431F4AE06C2361236484F833
:104A00004430A4F8C43084F82830E36184F83C30A2
:104A10002363C4E9003311468368A2F150082BE0F8
:104A2000A566020000C00350843E0020EC3E00203A
:104A3000AC730200000000201E11002000ED00E019
:104A40000800002007B0CD5ED20A002000E100E09F
:104A500000A000440090004400800044004000207A
:104A60000080055000C0055000000650A06D0200F7
:104A7000281A0020D43E0020984750BBE06C036801
:104A8000984730BBE06C4146436898470646D0B92A
:104A900047460146C4F89800C4F8C00084F8BC003A
:104AA000A4F89400202208F19C001FF0F9F947F8BF
:104AB000846FC7E90166E06CC8F89060C3689847E6
:104AC000002800F0FD819B4802F0C9F99A4802F0E5
:104AD000C6F901230E206B7112F022FC0F2012F098
:104AE0001FFC102012F01CFC112012F019FC05F024
:104AF0000BF8122012F014FC132012F011FC1420F9
:104B000012F00EFC152012F00BFC162012F008FC1F
:104B1000172012F005FC20F0EBFF884B18205B6893
:104B200012F0FEFB192012F0FBFB0021084611F0E9
:104B3000B3FC08B1122809D13AA813F0F9F928B941
:104B40004FF0FF309DF8E8101FF07AFC1A2012F0A9
:104B5000E7FB1B2012F0E4FB12F006FA1C2012F017
:104B6000DFFB1D2012F0DCFB142200213AA81FF00D
:104B700097F9734B3AA94FF0FF303B931FF0F2FDCA
:104B80001E2012F0CDFB1F2012F0CAFB00270123CC
:104B90003AA94FF0FF30CDE93A778DF8EA301FF0AF
:104BA000AFFC202012F0BCFB212012F0B9FB6FF00B
:104BB0000A014FF0FF301FF0D8FD222012F0B0FBA9
:104BC000232012F0ADFB17F067FC394640225D4808
:104BD0001FF066F9302239465B481FF061F9594EE3
:104BE0005A4B5B4ADFF8AC91DFF8AC81DFF8ACE1FF
:104BF000BB4606F1400CA3F118074FF0240A002130
:104C00000AFB0BFA534843E9061643F8040C07EB7A
:104C10000A0043E9049843F808EC01770162CBF1FC
:104C2000000000F01800604442F8140C4A4842F8B2
:104C3000181C42F8100C494843F8241B42F80C0C8D
:104C40004748203642F8080C464842F8040C4648CB
:104C500050440177016242F8241B0BF10101022943
:104C60004FF0010B0391C8D1584620F0F9FA0346E2
:104C7000002840F09881002000213C4A4FF6FF793F
:104C8000C2E9000141F60B22394F7F21BA80394A2F
:104C90003948C5F8042120223B600493ADF82C90DC
:104CA0008DF82EB01FF0FCF847F67F714FF0FF38FB
:104CB0004FF0800A314A049B1180314A31491288F1
:104CC000C5F82411A5F814212F4A243912683AA8EE
:104CD000C5F81C212D4A0BAE1288CDF8E880A5F846
:104CE00016212B4AA5F818A11268C5F820211A46EA
:104CF00017F030FC002800F00481FEE7102A7FF452
:104D0000A4ADAEE54FF4C062BFE540F20726B34262
:104D10000AD14FF20F06B14206D19A4202BF4FF0BC
:104D200000524CF23C3151800380B4E543F8041941
:104D3000BCE500BF9C3E0020B03E002000ED00E03E
:104D4000006A1800441A0020841A0020A80D0020D0
:104D5000D00F0020CD1D010071DC00006DD40000DB
:104D6000A1DC0000A9DC0000B80F002030110020F9
:104D70004C1100208D2A01007F1300207D1300209C
:104D8000068E0200D81A00200C8E0200048E02004B
:104D9000088E0200711D010061D4000015DC0000C6
:104DA0004FF0010822962A9687F80080EFF31183CE
:104DB000302282F31188AB651BF026FB95F85C303E
:104DC0004BB911F093FC30B98D498E4814F03EFA7E
:104DD00008B985F85C808C4B5A686A678B4A9A6080
:104DE0001A6EAA665A6EEA66D3F87031884A2B6743
:104DF000884B5968481C39D04FF480138B40136698
:104E00000423834A4FF0804113664FF48063136696
:104E1000102313664FF400534FF000081366116619
:104E20005366D8F82830B3F5804F10D201233AA842
:104E30008DF8E830CDE93B8801F067FE3C9B5905D1
:104E400005D5D8F828302AA91B6C22A89847229AA1
:104E50006F4B1A662A9A5A6695F85C20002A3FF42E
:104E600049AD2A6E1A666A6E5A6643E595F8543063
:104E7000002BC5D1684B5B6813B94FF480131366E0
:104E8000664B5A68624B12B94FF400121A66644AB4
:104E90005268002AB4D14FF480021A66B0E701F0DC
:104EA0004BFE40F2011398423FF43DAD5D4AD3689A
:104EB000D807FCD437E500229A6040E501265DE57D
:104EC000384606F041FC00287FF4FDAD04F01CFEDE
:104ED000064600287FF4F7AD4FF4844009F061FBEB
:104EE000003818BF0120504B504A83F85000504BF7
:104EF00002201A604F4B1E6102F0CCF902F072F9E9
:104F0000E7E54D493A9817F0A5FE00B1FEE7039991
:104F10003A981FF00EFB00B1FEE748493A9818F0A6
:104F200091F800B1FEE759463A981FF0EEFC00B147
:104F3000FEE759463A981FF0F6FC054600B1FEE739
:104F4000014652463E481EF0ABFF3D4B59463A984B
:104F5000A3F83C8083F87E8083F83E90A3F87C9091
:104F6000DFF8E88017F05CFB3A9BC8F8003003B923
:104F7000FEE721A3D3E900234FF0FF304FF0FF31CC
:104F800009F03AFC2946384609F046FE594658468B
:104F900020F04EF93146D8F8000017F019FB00B1A7
:104FA000FEE70DF0ABFF10F0B3FA264B4FF40032E2
:104FB00018604FF0502324201A6712F0B1F9252011
:104FC00012F0AEF90027204DDFF8848095F8E43028
:104FD000002B40F0D780C5E90135C5E903356B6189
:104FE0004FF6FF73DFF86C90B9F800609E4233D142
:104FF000FEE700BFAFF300800AE020FF22020000BE
:10500000101A0020D80A00200080004455CEAC00C1
:1050100000900044004000200080055000C0055072
:105020000000065000000440B0190020E16B0000B1
:10503000980B00209C0B002007001100F473020065
:10504000B811002024140020D80D00200C110020DD
:10505000581B0020E0120020FEB9B3460DF1340ABF
:10506000C6F104013AAA89B20AEB0600CDF8E8B00D
:1050700013F00FF8002840F09D803A9B1E44032E49
:10508000EED9DAF80030002B00F095806FF0004286
:10509000934208BF0123B14A1360B9F80030C5E953
:1050A000075501336D62A9F8003008F008FA0026B0
:1050B000AB4B05F13001A86200F18040A94A6B6357
:1050C000E963A863EE6205F108002D630AF081F937
:1050D000FB23A54AA5F85830EB6930219B1A1E2204
:1050E000DB10B3FBF2F34FF00B0B4FF6FF7A9F4A46
:1050F000DBB201FB032305F18000C5E91C35C5E9DE
:105100001266C5E91E662D6485F844B0A5F846A070
:105110002E656D650AF090F805F190000AF08CF8A4
:1051200005F1A0000AF088F8914B05F15409C5F883
:10513000BC3005F1B803C5F8C4304846C5F8B850CE
:105140000AF060FE4846C5E91366AE6485F844B0CF
:10515000A5F846A00AF056FE0C23C5E93766C5F847
:10516000CC30C5F8C850A5F8CE60A5F8D06085F859
:10517000DA6085F8E4600AF09FF80123C5F8E800DA
:1051800085F8E4307B1C022B48F8045B4FF00107E4
:1051900005F1F0057FF41AAF764ED6F8A881C6F86F
:1051A000B081B8F1000F08D16A21734B734A74487B
:1051B00016F080FBFEE701236DE7724D4FF0000A09
:1051C0002B4643F8E98B6B6105F6E903AB614FF4BD
:1051D000006305F114073846AB83C5E908AAD6F881
:1051E000AC910AF05FFE2F662B460427013FC3E90E
:1051F00019AA03F10803F9D1C823DFF8ACA10020F4
:10520000C5E92CA34FF6FF73A5F8B8305E4B00211B
:10521000C5E93037042385F8E0305C4BC5E92277D7
:10522000C5E92477C5E92677C5E93401C5E9360122
:10523000A5F8847085F8A870C5F8AC70C5F8BC8076
:10524000C5F8C870C5F8E47085F8E87085F8ED78A1
:1052500085F8EE78A5F86879A5F86E79A5F87079E3
:10526000C5F88079C5F88479C5F88879C5F88C794E
:1052700085F89079C5F8947943E90201D5F800A042
:10528000C5F8A079A5F8A479BAF1000F00D1FEE71E
:105290003F4ADFF818B13946C5E90A25A3F1B00045
:1052A0007822CBF800501EF0FBFD4FF0FF32374B59
:1052B000C5F87629374AA3F50D607721C5F87279CC
:1052C000C5F87A79C5F86A79C5F8E978CAE9372561
:1052D000C6E902250BF0C4FF2C4BA3F6E4000AF04C
:1052E00001F82C4A294BC8E93725C9E937252A4A4C
:1052F000A3F80678C3F81828284AC3F81488C3F816
:105300002428274AC3F81C78C3F82088C3F82878D3
:10531000C3F82C88C3F83028C3F83478DBF80030A1
:10532000C5E90178AB42C5F80C9016D1262011F0E2
:10533000F7FFFF2011F0F4FF37711A4B93F8C430D8
:10534000002B39D0174B1B6893BB164A02F184001F
:1053500082F8C43006F0F8F92EE0FEE7E4120020EF
:1053600039F40000D0660200D80D0020F8120020A9
:1053700025290100B01900205F8D02002074020071
:10538000698D0200F81B0020651D01009825002092
:10539000111D01001D1101004300010009E0000082
:1053A0009DF30000843E002000F8FF070811002054
:1053B00093F85020022AC6D0B84B9D6C2F46002F80
:1053C0005AD1EFF31182302383F31188A36C5B1B56
:1053D000A36482F31188BFF36F8F94F8943023B1E4
:1053E000AF4806F01DF984F89470AC4B93F8BC30CC
:1053F0009BB10323AA482AAA3AA912F025FB60B957
:10540000BDF8A8303A9833B1A4490278D1F8C03039
:105410001344C1F8C03001F021FEA24D2B7823B116
:1054200006F07DF92B78002B4BD19F4B1B78002B7E
:1054300047D001239D480DF12A020EA912F004FB6A
:105440000546002840F075820E9F7B885A1E042A6C
:1054500034D80622DFF878B2398802FB03B2B2F8FA
:105460008A2091422AD1023B032B0AD8DFE813F0AD
:10547000DE00EF0032014C02884807F0D7FB013F05
:105480009DE7042286F8B421002286F8B521012286
:1054900086F8B6216FF07F023B7986F8B72196F83F
:1054A0005020002A40F0C080012B18BF24258048DE
:1054B000C0F8B85100F5DA7001F07BFE0E9801F0EB
:1054C000CDFD764A93680BB9D36823B1734801F0D8
:1054D000EFFE0028F5D0714B5B68002B40F03C825A
:1054E0006E4B302793F844804546EFF3118987F3DC
:1054F000118870480EF0FAFA89F31188BFF36F8FA4
:10550000002840F06082EFF31182302383F311888A
:10551000624B93F84430984540F2748200235F490F
:1055200081F8443082F31188BFF36F8F0022604B03
:10553000D3F8B0315F685A60002F40F067825E4D4B
:10554000D6F8B0312A780993022AD3B200F08F82BC
:10555000032B00F066820BB901232B70574B1D689B
:10556000002D00F09E84284609F0CAFE05F58D50F6
:10557000012314AA1AA9083012F066FA002840F094
:10558000818405F5805393F8A62112B9012283F88E
:10559000A62100231A9ABDF850909A428DF838300F
:1055A00008BF99460121C5F8902004220DF1380B5F
:1055B00005F1900A85F86F1950465946A5F8949060
:1055C000A5F89630A5F8989085F89A30A5F89C90A3
:1055D00085F8E02085F8A8300AF0EAFFD0B99DF9F7
:1055E00038309DF83880002B14DAD5F8843901332F
:1055F000C5F88439C8F3011385F8713905EB8303C5
:105600005B682B60002B40F05582062241462846FD
:105610000CF062F8002385F86F391A9801F01EFD2E
:10562000002800F02F84FEE7122540E7042386F8C7
:10563000B431002386F8B531022386F8B6316FF015
:105640007F0386F8B7312423C6F8B83123E01C4A1B
:105650003B1D07F1240153F8040B8B4242F8040B65
:10566000F9D115F0CBF8174B17491A68054601F523
:10567000D6701EF079FD06227B88C6F8B85102FB71
:1056800003B26FEA43436FEA5343B2F88C20A6F8A3
:10569000B631A6F8B4210D480EE700BF843E0020C5
:1056A000083F00208C0B00204C3F0020800B002086
:1056B000B0190020C43E0020E8120020081100208C
:1056C000E019002000400020C0190020641B0020C9
:1056D000AC730200C24890F85030002B00F00581F6
:1056E0002022002122A81EF0DBFBBE4B07F104089C
:1056F0001B78052B02D1032001F0CCFD2AAA08F16A
:10570000200C1346D8F80000D8F8041008F1080857
:1057100003C3E0451A46F4D14021B34804F0D3F95D
:10572000B8B9B14B0DF1C80C03F1200E62461868F0
:105730005968083303C273459446F7D100230DF12D
:1057400068083A93424640213AAB2AA812F02EF953
:1057500090B10125A24BC3F8B85106227B8802FB09
:1057600003BB6FEA43436FEA5343BBF88C20A6F8B0
:10577000B631A6F8B4218EE79C4B98E803009980D7
:10578000090C9DF87620186099711C98BDF874106A
:105790005A73C3F80700A3F80B1007F124023AABC1
:1057A00007F1440E9C46106851680832ACE80300CB
:1057B00072456346F6D18E4B0DF5847C03F1200EC5
:1057C000624618685968083303C273459446F7D196
:1057D000002301224FF4844014A905F00FF88046FD
:1057E000A0BBDDF85090D9F80430D9E9081A1B0A9B
:1057F00031D1B9F8003003F4E042B2F5805F10D047
:10580000B2F5005F0DD044F2010223F44050904203
:1058100007D003F44F43B3F5824F02D0B3F5844F62
:105820001CD1BAF1100F1CD84AAB524618461EF0D4
:105830009BFC0021CAF1100250441EF031FB484687
:1058400008F09AFEB8F1000F00D168B150213AA8D3
:1058500002F0ECF87DE76FF08608F0E76FF085085E
:10586000EDE76FF08908EAE7502114AB22AA3AA8C5
:10587000CDF8508012F09AF8804650213AA802F0F4
:10588000D5F8B8F1000F02D0202122A8E0E7554B4F
:105890001B78032B03D1574B186804F0E2FF14A8C0
:1058A00001F073FC544B0FA817934FF440730F9300
:1058B00001F073FC0F9BDFF848E11693002322A947
:1058C000CDE914E3199320224A4B14A804F02CFDCF
:1058D0008046202122A802F0A9F8B8F1000F7FF439
:1058E00038AF042001F0D6FC34E7112280F8B9313A
:1058F00080F8B82180F8BA3180F8BB31402100F53A
:10590000DE7002F093F828E74FF0AA334FF0AA3286
:10591000CDE91023042386F8B431002386F8B5318D
:10592000052386F8B6316FF07F0386F8B731082378
:105930008AE61B280DD12A4D95F8FC31002B3FF447
:10594000C0AD05F2FD1001F034FC002385F8FC31F8
:10595000B7E505F0E4FEB4E5EFF31185302787F3F2
:10596000118826480EF0C2F8814685F31188BFF3EE
:105970006F8F99F84C30A9F10405022B14D12846F9
:1059800001F02EFA80B109F12C00D9F8A08020F0A6
:10599000CDFA4FF000034046294689F84C300EF00E
:1059A000ADF8284620F0D8F8EFF3118587F3118879
:1059B00012480EF09BF8814685F31188BFF36F8F74
:1059C0000028D6D18CE54FF00003013D03744368F5
:1059D000C068984715F0FF057FF487AD93E500BFD9
:1059E000B0190020940B00206C1B00209C0B0020A1
:1059F0008C1B0020B40C002000024805883E0020CB
:105A000000240001A3EB0803DBB288E5B8688742F5
:105A100016BF83680027BB600023836043689847F4
:105A20008AE50CF0D8F9B04BD3E9002390429941B4
:105A3000FFF494ADDFF8E882D8F8000000B9FEE783
:105A40001E22AA4BAA49C31ADB10B3FBF2F3302281
:105A5000DBB202FB03110B7F0F7667F382030B7738
:105A60000CF0DAF90123C8F800702B7076E50CF021
:105A7000B2F99D4BD3E9002390429941FFF46EADFA
:105A8000DFF89C82D8F8000000B9FEE7974B4FF092
:105A9000300EA0EB030C1E234FEAEC0CBCFBF3FC16
:105AA00093495FFA8CFC0B233A460EFB0C110CF069
:105AB00061FBD7E7504622A90AF0EBFF002840F02F
:105AC0005281DDF888B0BBF1010F08D040F2D881D7
:105AD000ABF10203032B40F2FD80052288E1022393
:105AE0008DF83C30B5F896304B4505D050460FA99F
:105AF0000AF05EFD00B1FEE79DF83C300DF1E80ACA
:105B0000022B40F08E805046D5F8009009F094FBAF
:105B100000214FF01E08774BD9F81C201970734BE9
:105B2000DFF800C2D01AC010B0FBF8F0C0B24022BB
:105B30000CEB80101EF0B4F9D9F81C206B4B6E48AA
:105B4000D31ADB10B3FBF8F3DBB24022002100EBE9
:105B500083101EF0A5F9012009F11C0B1FF080FB3A
:105B600048B1584609F09CFB00B1FEE701201FF048
:105B700077FB00B9FEE74FF000084FF6FF71D9F848
:105B80001C0008F05DFE58462AA9CDE92A880AF0D3
:105B900063F94FF6FE71D9F81C0008F093FE5046E9
:105BA00009F04AFBCDF800A0524653464146D9F8C9
:105BB0001C0012F0BBF84146D9F81C0009F026FA87
:105BC000404613F0DDF84FF6FF7A0B2309F154003D
:105BD00089F84430C9E91388C9F84880A9F846A073
:105BE0000AF010F995F871392B4483F86A8983F823
:105BF000728983F876A983F87A89286EC5F8808936
:105C0000C5F88489C5F88889C5F88C890AF04AF9ED
:105C10007022802128460BF05FFD002800F0AC8048
:105C2000FEE7032B54D101238DF8E83000235046C2
:105C3000CDE93B3300F069FF3C9B9C0245D52F4CDE
:105C400063680BB10FF0BAFA01222D4B5A60A36AB8
:105C50009806FCD402230125A3606362294B5D6092
:105C60000FF0ACFA254BE5609A6AD106FCD402220B
:105C70001A639A6AD206FCD40323214A5361A2F51F
:105C8000805293614FF480221F4B1A604AF6E8500D
:105C90001E4B1F4CDA6ED96E22F0030218661D48A7
:105CA00042F0020241F00301C0F82044DA66D966EE
:105CB000DA66D966DA66D966DA66D966DA66BFF375
:105CC0004F8FBFF36F8F30BFFEE7134B134A1A603D
:105CD0000DF0FAFE2A902AA950460AF0DAFE18B30F
:105CE0000BF0F2FA024683E0F0120020D80D0020FB
:105CF000F812002069130020841000200040065094
:105D0000006006500050065000E100E000400050E6
:105D10000000FFFF00E003500000002002020FF02F
:105D200030140020041000202A9BBBF1030F0493C1
:105D300043D0ABF10403012B0ED8BBF1050F42D1C8
:105D4000049B0322BB493AA80BF050FE3A9B0393F5
:105D50003B9B0593082341E0002241462846049BD3
:105D60000BF04AFC40B10BF0AFFA9DF838800246C8
:105D7000414628460BF0ADFC95F8ED2895F8EE3835
:105D80009A4202D028460BF001FF95F871299DF840
:105D900038302A4492F8E91803F00F0331B18B42EE
:105DA0001EBFD5F888190131C5F888190F2B0CBF13
:105DB0000123013382F8E9382CE441462846049A4D
:105DC0000CF000FACEE7049B03229B4912A80BF0CB
:105DD0000DFE129B0393139B059307230793059BCB
:105DE00003F001030693039B3BB9069B2BB90D22DD
:105DF000414628460BF06DFCB4E70023B5F896B099
:105E000085F89B30A9EB0B0293B21A465046A5F8D1
:105E10009CB0A5F89E903AA908930AF0FFFE0023D3
:105E2000059A85F86F3905EB6200059B069AD945FE
:105E300088BFA5F896B05B101AB1039AEB589B582F
:105E40000393039B9847012385F86F3900287FF45B
:105E500047AF05F1600941464846049B079ADDF8C3
:105E6000E8A00BF0D2F858B95146089A286E12F003
:105E700047FE28B948460BF009F900283FF47CAFEB
:105E80000022B5E705F5805393F8A6314BB105F133
:105E900014000AF09FF820B905F58D50143009F070
:105EA00021FA0021084620F057F94FF0000ADFF8E8
:105EB000AC91624DEFF3108072B6B9F8028020F019
:105EC0004DF9B8F1000F3DD14FF4F8501FF0C8F96B
:105ED00060B34FF480701FF0C3F9594D814600281C
:105EE00000F0C0802B6841461B684FF480701B781F
:105EF00013F0200F534B0CBF4FF0000999461FF0D1
:105F000097F9434600222968C1E90422EFF3118181
:105F1000302080F3118886F8452281F31188BFF381
:105F20006F8F29684A46886A0CF024F9464A099B13
:105F30009B1A1E22DB10B3FBF2F3DBB2012B40F203
:105F4000B380FEE785F800A0EFF3108072B6B9F8D1
:105F50000220BAB1B9F80030013A09EB8301D1F857
:105F60000C80B9F804100133B3FBF1FC01FB1C33C6
:105F7000A9F80220A9F8003020F0F0F8B8F1000FDD
:105F800002D1FEE79046F7E7DFF8D4B098F80C307E
:105F90009BF81720C3F3800363F341028BF81720AB
:105FA00098F80C3003F0FB0388F80C309BF81720AE
:105FB000DB0963F300028BF8172098F80C3003F02C
:105FC0007F0388F80C3098F801308BF80630434690
:105FD00013F80C2BABF80420CBF8003098F9033001
:105FE0001A4A8BF81530137098F80230184A8BF85B
:105FF00016301370D8F80430CBF82830D8F80830B1
:1060000003930BF0E8FE0022039B8342DBF8280099
:1060100028BF01F1FF31D218CBE9022118B90A4893
:1060200009F07AFC0B4809F077FC41460A4812F067
:10603000FDFC3FE7807402005C74020058130020EE
:106040002411002088110020D80D00206B1300209F
:106050006A130020C80E0020E415002098150020C7
:10606000581100204FF400701FF0FAF8804630B14C
:1060700049464FF400701FF0DBF80F2342E74FF45E
:1060800080601FF0EDF8814638B141464FF48060E2
:106090001FF0CEF8C1460E2334E701464FF480507E
:1060A0001FF0C6F80B232DE7394A52F8230020B120
:1060B0000368022B01D108F027FDEFF3108072B6C0
:1060C000344DB5F8028020F049F8B8F1000F24D023
:1060D00008F075FB08BBEFF3108072B6698861B1F8
:1060E0002B8805EB8302D768AA880133B3FBF2FC47
:1060F00002FB1C332B804B1E6B8020F02FF807B95E
:10610000FEE73B7913B1012B24D0FEE7B96838686C
:106110000BF082FE38461FF01FFD1F49A1F1480019
:1061200008F01EFBE0B11C49A1F1480008F018FB83
:106130000546F0B91949A1F1480008F011FB0546E0
:1061400000283FF4FAA82846154908F01FFB284606
:106150001249F2E77A89397A386808F05EFED9E7A1
:106160000E49A1F1480008F0FBFA0028DBD1FFF747
:10617000E4B80C4B0C4A19780C4B2846002918BF80
:106180001A46114608F002FB28460349CEE700BF35
:106190002811002034150020D80D00200010002008
:1061A0008DD800000411002073D80000B9D8000079
:1061B0000348044B834202D0034B03B11847704796
:1061C000CC400020CC40002000000000064B0749D6
:1061D000C91A891048BF0131491003D0044B0BB1D3
:1061E00001481847704700BFCC400020CC40002039
:1061F0000000000010B5064C237843B9FFF7D8FF24
:10620000044B13B10448AFF300800123237010BD89
:10621000503D00200000000078AA020008B5054BA0
:106220001BB105490548AFF30080BDE80840FFF702
:10623000CDBF00BF000000000030002078AA02009F
:10624000A3F5803A704700BF174B002B08BF134BD4
:106250009D46FFF7F5FF00218B460F461348144A71
:10626000121A1DF01DFE0E4B002B00D098470D4B4F
:10627000002B00D098470020002104000D000D489D
:10628000002802D00C48AFF3008015F041FC20003C
:106290002900FDF785FF15F02BFB00BF000008006B
:1062A0000000000000000000C80A0020C80A00200A
:1062B000803D0020000000000000000008B5C36F12
:1062C0000A462BB1D0F88010007A9847012008BD0B
:1062D0001846FCE70246D0F8940068B9937B73B97E
:1062E000D2F8900050B9D2F88C3043B9537B127B6E
:1062F0009B1A584258417047002070471846704713
:1063000040BA80B24140C1F303135940080380B240
:106310004840490101F4FF5148407047024610B51A
:1063200044180020A24200D110BD12F8011BFFF753
:10633000E7FFF7E738B5044645180020AC4203D123
:10634000831A5842584138BD14F8011BFFF7D8FF93
:10635000F4E721B10020012308800B707047222050
:106360007047EFF31183302282F31188064A1078C8
:1063700020B1064A1088003818BF012083F3118825
:10638000BFF36F8F704700BF803E0020C80A002017
:106390004FF4E13070474FF4E1307047EFF3118371
:1063A000302282F3118883F31188BFF36F8F704717
:1063B0003021094A937852684B4303F1A04303F517
:1063C0008023DB6E92689B1AB3F5897F3ABF038006
:1063D00000200120704700BFC80A0020F8B516460B
:1063E000044600258F1FAF4201DC00200CE0204650
:1063F00003780134142B08D10521B0F80520FFF7EC
:1064000099FF10B106B13580F8BD0135EBE72DE9F4
:10641000F3470746EFF31188302383F311880125F2
:10642000DFF880A01E4E9AF802400DF10600A5404C
:106430005C4304F1A044B56204F58024D4F8649070
:10644000FFF7B6FF28B1756288F31188BFF36F8F2D
:1064500009E0BDF80630BB4208D3756288F31188A5
:10646000BFF36F8F2E2002B0BDE8F0874A46FB1ABB
:106470009BB2013B63F30E126266236F43F002038B
:106480002367636E43F4801363667565236FAAF810
:10649000087023F003031A7B60F341021A73D2E7FA
:1064A00000100450C80A00208B7C01F12C0201333B
:1064B0008B74036813B9CB62026070471846F8E723
:1064C000C06C836A03B11847704701230B7470478F
:1064D000C388B1EB431F3FBF03684A0953F822004A
:1064E00001F01F013ABFC84000F0010000207047D2
:1064F00010B5C38823B9CA885AB9ABB1012017E0D7
:10650000026802EB830252F8042C002AF3D1013B0B
:10651000F0E70C6804EB820454F8044C0CB9013A1F
:10652000EAE79A42EAD30FD8013B5A1C01D1002076
:1065300010BD026852F823400A6852F823209442A2
:10654000DCD803F1FF33F0D24FF0FF30F0E730B585
:10655000C38823B9CA885AB9002B3DD136E00268F6
:1065600002EB830252F8042C002AF3D1013BF0E73E
:106570000C6804EB820555F8045C4DBB013AEAE770
:10658000B1F9045003D2B1F90400404226E0B0F959
:106590000420002A03DD002D0CDA01201EE0002D6E
:1065A00008DD3AB14FF0FF3018E003F1FF330BD2B2
:1065B000504213E0013B016851F8235054F8231076
:1065C0008D42F2D9104609E0591CF4D1002005E0B3
:1065D000002BD8D09342D3D9B0F9040030BD0022AB
:1065E000154BB3F90010884202D1B3F9020070478D
:1065F0000132042A03F10403F3D110F1910F15D0F5
:1066000010F1900F0ADA10F1970F12D010F1930FDA
:1066100014BF4FF0FF306FF06F00704710F1860F1E
:1066200014BF4FF0FF306FF0710070476FF06F00D4
:1066300070476FF06D007047A06302008A4228D057
:1066400001F0FE43B3F1A06F14D102F0FE43B3F1A9
:10665000A06F0FD182EA010333F47E130AD10B0439
:1066600008D5C1F30541C2F3054291428CBF002019
:106670000120704721F47F03B3F1106F0BD102F0BA
:10668000FE42B2F1106F06D104480B1A584258412D
:106690007047012070470020704700BF00000209CA
:1066A000037E022B06D1C3695A1C03D00133C36198
:1066B000002070476FF09600704707B51D48837A39
:1066C00003B9FEE7002369461030CDE9003312F02C
:1066D000BDFDE8B9184AD2F84031D2F840211F2B4D
:1066E0004FF001030FD9203A9340019A1A430192C7
:1066F00008236A46114912480EF0ACFB114B124AAE
:106700001A600DF0E1F99340009A1A430092EFE706
:106710002D28F3D1084AD2F84031D2F840211F2B5E
:106720004FF0010385BF203A93409340019398BFF7
:106730000093DDE7C80A00200080004400710800D3
:10674000D80A0020000000200B020FF008B50DF061
:10675000CDF920B110F81A3C2C38013B837408BDE8
:1067600038B50C46EFF31185302383F311880848C0
:10677000FFF7ECFF206028B985F31188BFF36F8F16
:106780001B2038BD85F31188BFF36F8F0020F8E719
:10679000400B002038B50D48002284780C497C302D
:1067A00012F0D7FC302301250A4AA54003FB04233D
:1067B000196F21F002011967596E21F48011596691
:1067C00002F500535D651D6538BD00BFC80A002095
:1067D00081C200000000045010B550F8044C011FA5
:1067E000606F12F077FC204610BD38B505460C46A8
:1067F00061B1486820B1FFF7EFFF2846FFF760FE60
:106800002146A86FBDE8384012F064BC38BD38B5E9
:106810000446406F0D4612F062FC034620B1002092
:1068200043F8044B2B6038BD1A20FBE710B50C462B
:1068300061B1C06F12F053FC206048B100230360C7
:106840001846226813722268536010BD2220FCE7AC
:106850001A20FAE7F8B5044600284BD0837C002BB9
:106860004AD10168856911B1284612F034FCA1684B
:1068700019B1D5F8800012F02DFCE37C022B0AD070
:10688000032B0AD0012B0AD1606820B1FFF7A4FFC7
:106890002846FFF715FE012602E06168E1B90026EF
:1068A000EFF31187302383F311882146A86E12F08D
:1068B00011FCE37C042B13D1B5F86430013BA5F83F
:1068C000643087F31188BFF36F8F1EB1E86C436AA1
:1068D00003B198470020F8BD286F12F0FBFBDEE7FC
:1068E000052B01D0032BECD1B5F86630013BA5F8A0
:1068F0006630E6E72220EEE70420ECE770B51646A6
:106900001C460D46B1B1806F12F0E9FBA0B1002327
:1069100003606B68048143600223837234683CB96E
:10692000022330602846EB74FFF794FF204670BDC9
:106930002646F3E72220FAE71A20F8E770B540F27E
:106940000113012586B0012204216846394EADF8B5
:10695000003001AC0EF01AFE2A46022101A8ADF863
:1069600004500EF013FE0FCE0FC433686946236047
:1069700003201FF0A7FC4FF4E112009B01A85B016C
:1069800003F56123B3FBF2F3203BC3F3130303933B
:1069900011F060FA4FF44062274B5A611022A3F5C0
:1069A000E033C3F8AC254FF00112C3F8C42504222C
:1069B000C3F8BC5503F5E8335D600DEB02005A6186
:1069C0005D6111F0B5FA88BB9DF804601B4C01A80D
:1069D000A67011F0ADFA48BB9DF8043084F89030F1
:1069E000D4F894301A68127DB24221D9EFF31182A3
:1069F000302181F3118812491B6943F8261082F374
:106A00001188BFF36F8F4FF48023C4F898300D4B7B
:106A1000C4E92700C4E92B00C4F8A400C4F8B400FA
:106A2000C4F8A83084F8A15084F8B15006B070BD05
:106A30002120FBE7B063020000800550C80A002057
:106A4000A5BE00000200040010B5682101200FF06F
:106A5000C1FD044618B1682200211DF021FA20462C
:106A600010BD10B5242101200FF0B4FD044618B16B
:106A7000242200211DF014FA204610BD0022C188F6
:106A8000914201D800207047036853F8223033B197
:106A900093FAA3F0B0FA80F000EB42107047013295
:106AA000EEE7F0B5C4880546082C8BB017D9083C32
:106AB000082C17D80668A70020363A46314602A8A7
:106AC0001DF052FB3A46002130461DF0E9F926231D
:106AD000009309212346286802AA12F027FA002011
:106AE0000BB0F0BD0048FBE780B0FFFF0FF0E5B84A
:106AF00010B504460FF0C2F82046BDE810401FF064
:106B00002BB80FF0C0B80FF0BEB800239A6AB2F5E8
:106B1000804F03D21168074A914203D000230370CB
:106B200083607047012202709A6A926842609B6A91
:106B30009B69F5E707B0CD5E1FB500239A6AB2F5F1
:106B4000804F1ED2126BB2F5804F1AD2012201A8DB
:106B500002938DF80420FFF7D8FF039BDB0310D5C9
:106B6000029B1A0E0DD0012A03D1C3F307430A2B4F
:106B700007D900239B6A1B6B1B6C05B05DF804EB07
:106B8000184740F2011005B05DF804FB006800B939
:106B90007047037A8B42F9D190F85030002B08BF30
:106BA0000020704708B503683BB901790448FFF736
:106BB000EDFF08B190F8500008BD93F85000FBE7D6
:106BC000843E0020054A08B502F1B800FFF7EAFF4D
:106BD00005281CBF012382F8C43008BDC80A002064
:106BE000022808B509D1042906D100210948FFF778
:106BF000CDFF012380F8A03008BD0328FCD1042973
:106C0000FAD10022044B5B68002BF5D0C3E92622A1
:106C10001B68F9E7843E0020803E00202DE9F04308
:106C20001D46062387B0137049681446302900F0CA
:106C300081801AD8042906D80139032940D8DFE811
:106C400001F04368495320296ED0A1F5E063FF2B82
:106C500000F2BC80C9B241F4E0635E486360FFF7B4
:106C600095FF58B390F8A00028E040F20223994223
:106C70007FD00ED8502960D0B1F5007F62D0402976
:106C8000E3D1516050F8380CC3699847A0600823DD
:106C90004EE040F20133994270D0B1F5885F72D076
:106CA000A1F58053FF2BD0D8C9B241F48053494895
:106CB0005360FFF76BFF08B190F85000207207E0B7
:106CC00000235360A360E2E701235360062313729D
:106CD00005232DE0042303220921C4E90123012314
:106CE000C4E90313102323E01346042243F8042FBE
:106CF000394A116859605168128999609A810E2346
:106D0000638001234374638804332B6007B0BDE8BC
:106D1000F083022301215360082210F8333C628083
:106D200013FB0213A360EEE7516050F8302C228170
:106D30006380E8E75160C36BC4E7516050F8380CDA
:106D4000036AA2E7516003A8FFF7DFFE049BE3603C
:106D5000002323619DF80C30012B02D10323237201
:106D6000C0E723B923724FF0FF33E360BAE704238F
:106D7000F5E71A4B5160D3F8C830A3E7174B5160C1
:106D800093F8CC309EE7516002F1070802F18709C1
:106D900000221646531C6846CDE90066CDE903661D
:106DA0008DF804208DF8103002960596FFF7FAFE54
:106DB000074603A8FFF7F6FE47EA001708F8017F29
:106DC0000232C145D2B2E5D18423B1E7002363602A
:106DD0000D2377E7843E0020EC870200C80A0020DC
:106DE00008B50146FFF776FA50B1D1F8880040B9EE
:106DF000D1F8843023B9B1F86800B0FA80F04009C6
:106E000008BD0020FCE7EFF31182302383F31188E3
:106E10008368013B836082F31188BFF36F8F7047F3
:106E200008B508B9022008BDEFF31182302383F3BF
:106E30001188836823B982F31188BFF36F8FF1E75C
:106E40000133836082F31188BFF36F8F21B1036830
:106E500013B100200B60E6E7FFF7D5FFE2E738B596
:106E60000446EFF31185302383F31188037C63B16B
:106E70008068214640300CF041FEA26892F8443010
:106E8000013B82F844300023237485F31188BFF35B
:106E90006F8F38BD2DE9F041044617460E46002994
:106EA0003DD0806E12F01BF90546F8B13422002166
:106EB0001CF0F6FFEFF31188302383F311887B1E5B
:106EC000042B2ED8DFE803F0182D03210300B4F8BB
:106ED0005820B4F86630013A93420ADB2946A06E86
:106EE00012F0F8F888F31188BFF36F8F1A20BDE80D
:106EF000F0810133A4F8663088F31188BFF36F8FF7
:106F00000020EF74AC613560F1E7B4F86430B4F898
:106F10005A209A42E2D90133A4F86430ECE72220E7
:106F2000E5E72120E3E72DE9F347914604220446F3
:106F30008846D0F8A4000DEB02019A46FFF7AAFF9D
:106F4000074660B91AF00E0F667A019D0AF0020337
:106F50001AD0B20707D42846FFF77CFC2127384611
:106F600002B0BDE8F087A3B91AF0040F14D11AF0EB
:106F7000080613D1324694F85030052B10D028461D
:106F8000FFF768FC0227EAE716F00106E3D10122C9
:106F9000F1E706463A46EEE70426FBE70E26F9E758
:106FA000C5F80480A5F80C906C61237A6B740A9B79
:106FB0002B62CAB1A37AE27A1B01DBB21343CAF394
:106FC000001A43EACA0A85F810A0A37A013303F035
:106FD0000703A37249464046FFF7A0F92946E88116
:106FE000204612F0FAF8BAE766F03F062E74F1E791
:106FF0002DE9FF410F4603A9064615469846FFF7BF
:107000000FFF38BB45B30398D0F8A43090F8A02008
:10701000B3F85C4040F6F773002C08BF1C46C2EB87
:10702000423204EBC204A4B2A5420ED80A9B3946F0
:1070300000932A464346FFF776FF01463046FFF7A6
:10704000E2FE084604B0BDE8F0813046FFF7DBFE03
:107050002B21F6E70221F4E72121F2E710B578B100
:10706000FFF7BAFB044660300CF040FD014610B15A
:10707000A06F12F02FF82046FFF722FA002010BD73
:107080002220FCE708B50CF031FD20B110F81E3CC1
:107090003038013B837408BD8B7C01F13002013331
:1070A0008B74036813B90B63026070471846F8E7E6
:1070B00038B581624469EFF31185302383F3118879
:1070C000D4F8A430014603F11000FFF7E5FF85F383
:1070D0001188BFF36F8FD4F8A420074902F118007C
:1070E00012F037F84FF6FF72B4F8683093421CBFC5
:1070F0000133A4F8683038BD0776000010B50446A7
:10710000A37C0846013B04F13001A3740CF0F6FCAB
:107110002046BDE810403321CAE72DE9F7438946F0
:10712000174601A9032206461D469DF82880FFF751
:10713000B1FE38BB306F019C11F0D1FF606028B9FF
:10714000204603B0BDE8F043FFF784BB012165F0A2
:107150006F05A181C4F814906774257480F80080CD
:107160006068FFF7DBF8E081EFF31185302383F3EC
:107170001188214606F10800FFF78EFF85F311887C
:10718000BFF36F8F03B0BDE8F08310B5044618223B
:1071900000211CF085FE204610BD0368D90444BFC1
:1071A00043F4806303609A0444BF43F400630360C4
:1071B000704707B50022084B014683F8CC200288AF
:1071C000064B0432009392B201230548FFF710FFEB
:1071D00003B05DF804FB00BF803E00209D750000F9
:1071E000800B0020002307B5012219460E4811F03C
:1071F00083FA68B90C4801A9FFF712FE40B9019B58
:107200000A4A09489A65FFF7FEFDFFF709FE18B123
:10721000002003B05DF804FB019B054A02485A6751
:10722000FFF7F1FD0120F4E7800B00209D750000C1
:10723000C56B000010F1840F12DA10F1950F25DBF9
:107240009530102822D8DFE800F01D2121211B21D4
:1072500021211913110F151F170923000F20704743
:10726000003818BF012070471D2070472E2070473E
:107270002D20704724207047212070471A20704726
:107280002F2070472C207047252070470120704721
:10729000082070470146054B93F8CC0083F8CC10CA
:1072A000D3F8D03003B11847704700BFC80A002098
:1072B0002DE9F0470646C06C86B083699847804642
:1072C000002800F06781F36823B9B368002B39D137
:1072D0001B2533E0B04B93F8CC3003F0FB03012BBC
:1072E000F3D1EFF31185302383F3118806F10C00FD
:1072F000FFF7C8FE044685F31188BFF36F8F00289F
:10730000E3D0237C9F097F2BA36898BF002743BB52
:10731000F06E11F0E4FE206028BBEFF31182302301
:1073200083F31188A37C0133A374B36844F8303F1E
:10733000B46082F31188BFF36F8F1A25284606B018
:10734000BDE8F087EFF31185302383F3118806F150
:107350000800FFF797FE044685F31188BFF36F8F8F
:10736000CFE74FF00008A189002939D08B1C9BB2D0
:10737000D4F814C037B9227C9CF80B0022F0070225
:1073800002432274207C25687F28D4F808A029D8DD
:1073900041B3BAF1000F28D19CF8A090B9F1000FC9
:1073A00027D07D4A92F8CC2002F0FB02012A1ED0A1
:1073B0002946304611F08FFEC4F800A0EFF3118289
:1073C000302383F31188A37C0133A374F36844F85A
:1073D000303FF46082F31188BFF36F8F0025ADE773
:1073E0000B46C5E7BAF1000F22D04FF00009083371
:1073F0009BB21421627CAB701B0A29702871052195
:1074000028466A70EB70FEF789FF6871000AA87160
:10741000B9F1000F7BD0D6F8800011F060FE216832
:107420000546A06030B9304611F055FE256084E76E
:10743000D146DEE70B79584D03F0070923F0070327
:107440000B71D4F814A0D4E900129AF80800D4F80B
:1074500008C08DF80C00DAF89C00A3890590D5F8D7
:10746000DB00CDF80D00B5F8DF00ADF8110095F8A0
:10747000E100CDF800C08DF8130003A812F09CF8CD
:10748000804698B9DAF89C300133CAF89C30D5F8B8
:10749000E4300133B3F1005FC5F8E43006D195F86C
:1074A000CC30052B02D10320FFF7F4FE4046FFF756
:1074B000C1FE2268054613794FF0000823F0070348
:1074C00049EA030982F80490A26870B122B111461A
:1074D000D6F8800011F0FEFD30462168C4F808801F
:1074E00011F0F9FDC4F8008028E7D4F80480B4F85E
:1074F0000C90C144C1452BD102F1080512F8011BC3
:10750000FEF7FEFE9542F9D14FF00008E081EFF35F
:107510001189302383F31188F06C21464369984721
:107520000546D0B1A37C0133A3742346B26843F867
:10753000302FB360B8F1000F05D03046216811F04C
:10754000CAFD0023236089F31188BFF36F8FF5E62E
:1075500018F8011BFEF7D4FECCE7606938B9022F9A
:1075600015D089F31188BFF36F8F0125E6E677B94F
:1075700021468C30FFF790FD6269D37B0133D373D2
:107580006469237C1BB91EF03BFCC4E9060189F346
:10759000118821E73425D1E6C80A0020094A13B131
:1075A000012382F8C4300121074B83F8CC1092F8F4
:1075B000CC30042B04D100230520C2F8E43069E666
:1075C000704700BFC80A0020803E0020EFB5064685
:1075D0000D46843803A91746FFF728F988B9062312
:1075E000039909228B8105230D7245F48055CB81C7
:1075F0000E600D610F750123009130460C31FFF7CD
:10760000F7FC04B0E0BD2DE9F047064630274FF007
:10761000020900F1100833697BB1EFF3118A87F397
:1076200011884046FFF72EFD4469054694F8503016
:107630002BB98AF31188BFF36F8FBDE8F087B4F8D8
:107640006830002BF5D0013BA4F868308AF311882C
:10765000BFF36F8F037C7F2B4FEA931232D9032A3B
:107660000AD14069D0F864A0BAF1000F04D0AB6A27
:107670002A6A6968007AD04794F85030062B25D0E2
:10768000082B23D0032B17D12046FFF7A9FB98B175
:10769000637A84F85090DB060ED5EFF31182302325
:1076A00083F31188D4F8A430596844F8041F5C604F
:1076B00082F31188BFF36F8F002328466B60FFF7BA
:1076C000C9F8A8E74069D0F858A0CDE72046FEF7F2
:1076D00001FE0028F0D0D4F8A4000922217A8430D9
:1076E000FFF774FF18B1092384F85030E4E794F8E9
:1076F0005030062BE0D10723F6E7054BD3F8E830EE
:10770000584043085B4240421843C017704700BFCF
:10771000C80A0020F8B5C3880E46B2EB830F07688D
:107720004FEA83041AD813469C420CD8154600230E
:10773000AB4215D1A24204D90021121B30191CF012
:10774000AFFB0020F8BD23F003003D5803F0030118
:10775000C900CD40EDB26DB90133E5E72546E6E756
:1077600023F00301795803F00300C000C140F15435
:107770000133DDE76FF00700E4E7034670B51C68EE
:10778000DB880846B2EB830F4FEA830519D9521BF9
:107790008E1800211CF084FB30462A46002310443A
:1077A000934210D1002070BD23F00301615803F013
:1077B0000306F600F140C9B281B901339D42F3D806
:1077C000ECE71346FAE723F00301615803F00305E1
:1077D000ED00E94000F8011D0133E1E76FF007001B
:1077E000E1E71FB54FF001130191039302A901AB2B
:1077F0000293FEF7ACFE05B05DF804FB10B50C4C2F
:10780000D4F8E820D4F8E8304240594081EA020038
:10781000C00FFFF772FFD4F8E830521A434022EA53
:10782000030208401043C00FBDE8104065E700BFE9
:10783000C80A0020013901D20020704750F82130D9
:10784000002BF7D0B3FA83F00131C0EB4110704741
:10785000C1880068EEE753098B42F0B402F01F04C0
:1078600001D805D13CB3F0BC8A0000211CF018BB44
:107870001F2A22D834B1002200EB8101C4F1200676
:1078800081420FD1F0BC704752F8047B45F8047F69
:10789000B242F9D10022CB1A8B42EBD240F823201E
:1078A0000133F9E751F8045D25FA04F313430B6043
:1078B00005FA06F2E4E71F2AE4D900EB8302051F6C
:1078C00000EB8106E4E708B50A46C18811B10068FB
:1078D000FFF7C1FF002008BD01F18041013900EB35
:1078E00081018142034600D270471B680A681BBAB7
:1078F00012BA40F8042B41F80439F2E70346C06994
:1079000020B15B6A002B14BF0120022070470022C7
:107910000123C0E90023C0E90223C0E90423704722
:1079200038B5002401250146C0E90254C0E90454D9
:107930000470446085611C30FFF7E9FFC1E90D4523
:10794000C1E90F44C1E91144C1E91344C1E9154437
:10795000CC6538BD70B50646FFF7D0FF02280C464F
:1079600005461DD100212046FEF7B2FD60BB012176
:107970002046FEF7ADFD024630BB2046FFF768FF0C
:10798000336C591C88421FD1FE2B07D12946204653
:10799000FEF79EFD0D4B021E18BF1A46104670BD25
:1079A00001280FD101462046FFF71BFF00280BDB03
:1079B000204606F13401FEF7CAFD0028034AB8BF8D
:1079C0000022EBE7024AE9E7004AE7E780B3FFFF5E
:1079D00080B0FFFF70B5066C0D460736B3EBD60FCF
:1079E000114604464FEAD60203D200230D482B600D
:1079F00070BD2A60B0F866307BB1FFF77FFF0228C8
:107A000004D104F16000BDE8704083E6012806D18E
:107A100004F16000BDE87040AFE60348E8E76FF0AE
:107A20006D00E5E700B1FFFF80B0FFFF10B5034B2D
:107A30000A465B6A00210446984710BDA063020015
:107A400010B5044610B109B1FFF7F0FF2046BDE8BC
:107A500010401EF081B810B5044648B1006818B156
:107A6000E1888900FFF7ECFF00220123C4E900232D
:107A700010BD10B50446FFF7EEFF04F10800FFF754
:107A8000EAFF04F11000BDE81040E4E700B1F0E7C0
:107A9000704742F21073994270B504460D4602D900
:107AA0006FF00F0070BDC3888B4213D204212846AB
:107AB0000EF090FD06460028F2D0216841B1E28820
:107AC00092001CF051FBE18820688900FFF7B8FFA5
:107AD000E58026600020E5E72DE9F0410D46C988E4
:107AE00004461646FFF7D5FF014618BB3046FFF7A0
:107AF00004FE03461C4EB4F90420D6F8E800013217
:107B0000584022EA0002B5F904000130184002434F
:107B1000013AA280D5F800E02268B5F806807245E7
:107B200003D08C46043AE04507D8DB43EA88E08876
:107B3000824211D30846BDE8F081D6F8E87052F8C9
:107B4000040F5F4020EA07005EF82C700CF1010C76
:107B50001F4038431060E6E7256855F822001840BA
:107B600045F822000132E2E7C80A0020F8B50546D0
:107B70008D420E46104601D10020F8BDFFF7BDFD35
:107B8000C98804462846FFF784FF10B16FF00F0044
:107B9000F3E73046E988FFF77CFF0028F6D11E4A5C
:107BA000B6F90430B5F90410D2F8E8000131013318
:107BB000604021EA000023400343013BAB80B6F95B
:107BC0000430D2F8E80001336040214023EA00038A
:107BD0000B43013BB38031682B68EE888B42CBD0DE
:107BE000043903EB8606B342C6D0D2F8E8001D681C
:107BF00051F8047F604025EA00002740384343F8ED
:107C0000040BD2F8E8700868674020EA07002540B6
:107C100028430860E7E700BFC80A002038B50446DB
:107C20000D4619B9FFF717FF002038BDC2888A42F8
:107C300007D10021006892001CF032F90123A380D3
:107C4000F2E7FFF708FF29462046BDE8384020E765
:107C50002DE9F84312F0030318BF012303EB92064A
:107C60008946314680461546FFF7D8FF0446F0B9ED
:107C7000B8F80620D8F80070B2421BD33FB10146D5
:107C8000920038461CF00CF923469D4202D1204652
:107C9000BDE8F88319F80310DA0023F0030002F0BE
:107CA000180291403A5801330A433A50EDE76FF019
:107CB0000F04ECE76FF00704E9E72DE9F84312F051
:107CC000030318BF012303EB920688463146814621
:107CD0001446FFF7A3FF0546D0B9B9F80670B742BE
:107CE00019D397B1D9F80090BE00014632464846F4
:107CF0001CF0D6F82CB1301B2246414648441CF0FB
:107D000033FA39464846FFF7E7FD2846BDE8F883D1
:107D10006FF00F05F9E76FF00705F6E7884270B5D9
:107D200005460E4609D0C988C28841B92AB1012347
:107D30009200838000681CF0B3F8002070BD4C1ED8
:107D40006CB9B6F904300134A242AB800ED22146A0
:107D50002846FFF79EFE88B16FF00F00EEE733680C
:107D600053F82430002BECD1013CE9E72868121BC2
:107D70000021920000EB84001CF092F83168286822
:107D8000A2001CF0F1F9D8E738B504460D46FFF71C
:107D9000C5FF68B905F1080104F10800FFF7BEFF4F
:107DA00030B905F1100104F11000BDE83840B5E725
:107DB0006FF00F0038BD70B50E4601210446FFF785
:107DC00068FE054648B9E2880146920020681CF02A
:107DD00067F823681E600123A380284670BD10B594
:107DE00001210446FFF7E7FF58B9012104F108001B
:107DF000FFF7E1FF014620B904F11000BDE8104093
:107E0000D9E76FF00F0010BDF8B5C3880646B1EB97
:107E1000431F0C4617464FEA511514D20122316810
:107E200004F01F0451F82530A24023EA020341F870
:107E30002530326807FA04F452F82530234342F81B
:107E400025300020F8BD002AFBD0691CFFF721FE79
:107E50000028E3D06FF00F00F4E7F8B504460D46B4
:107E6000FFF7F6FCE3882844B0EB431F24D81F2D0E
:107E70002368E1884FEA551005F01F0412D96FF00E
:107E800003060A4606FB0036904202F1FF3521D375
:107E9000421A814238BF002200250A4403EB8202C5
:107EA0009A421DD134B1002503EB8003C4F12007B1
:107EB000814218D80020F8BD10F01F0118BF012121
:107EC00001EB50112046FFF7E4FD0028CFD06FF002
:107ED0000F00F0E756F8252043F825202A46D3E77F
:107EE00042F8045DDCE71E68013006FA04F22A431A
:107EF00043F8042B26FA07F5DAE72DE9F84305469F
:107F00000E469046D4887CBBF1882846FFF7C1FD19
:107F10000746002864D1F28894420BD2AE4209D0C1
:107F200028683168121B920001EB840100EB840089
:107F30001CF01AF9EA88F088824207D92B68121AD5
:107F40000021920003EB80001BF0AAFF00221346E1
:107F5000D5F800C0D6F800E0D8F80080944214D1DB
:107F600043BB0123AB800DE0D8F8003003EB840362
:107F700053F8043C0BB9013CC5E7F188A142C4D2D7
:107F80006FF009073846BDE8F8835EF8226058F8BC
:107F90002200F11A81422CBF4FF000094FF0010975
:107FA000091A4CF822109E422CBF4B4609F10103DE
:107FB0000132D3E72A68E98802EB840402EB8102EC
:107FC000944202D1002BCCD0DAE72168C91A34BF21
:107FD00001230023003B18BF012344F8041BEFE7F3
:107FE0006FF00F07CEE738B50C46051D2946204631
:107FF000FEF7ADFA002801DA002006E02A46214605
:108000002046FFF77AFF0028F0D038BD2DE9F8436D
:108010001446B1F904709288054612FB07F25343E7
:108020000E461ED521463046FEF762FAB0F1FF3FFC
:1080300080460DD0224631462846FFF75EFF28B91C
:10804000B8F1000F08BF01270020AF80BDE8F8831A
:1080500032462846FFF751FF0028F7D17F42AF8014
:10806000F4E7844202D0814212D126460123AB803C
:10807000B6F80690B9F1000FE6D033684FEA8908E8
:1080800003EB890353F8043C4BB909F1FF39F1E7DD
:10809000FFF744FE0028E8D06FF00F00D6E749460E
:1080A0002846FFF7F6FC04460028F5D1316826463D
:1080B0002B68181F50F8042FA2182CBF4FF0010C8A
:1080C0004FF0000C51F82640013612194CF1000413
:1080D000B1450260EED14344002CB5D0EA8806F1E8
:1080E0000108B24208D841462846FFF7D2FC0028D2
:1080F000D2D12B6803EB86031A68464612192CBFAF
:1081000001240024003C18BF012443F8042BE3E7BA
:1081100001237BE770B50C460546114620461A46FA
:10812000FFF7F6FF064630B9043529462046FEF72C
:108130000EFA002801DA304670BD2A462146204654
:10814000FFF7DBFE0028F0D00646F4E74FF0FF33E0
:108150005CE770B50C460646114620461A46FFF706
:10816000F5FF054688B90436B4F90430002B0CDA63
:1081700000212046FFF735FB30B13246214620462C
:10818000FFF7C6FF0028EFD00546284670BDF7B5BB
:108190000D4601230021083504462846CDE9001389
:1081A0001646FFF71EFB211D07462A466846FFF7C5
:1081B000CDFF044648B9002F0CBF002206F0010293
:1081C00069462846FFF788FC04466846FFF743FCEB
:1081D000204603B0F0BD2DE9F34104460F46154695
:1081E000CE8836B13B6803EB860353F8043C33B1C9
:1081F0003DB90021204602B0BDE8F041DBE5013E7B
:10820000EFE72046711CFFF744FC28B16FF00F0820
:10821000404602B0BDE8F08139462046FFF77EFDBA
:1082200080460028F2D1013D009533463A68E18846
:10823000206810F07BFEEBE72DE9F04711210446A2
:10824000FFF727FC002840F0B58125682B682A6AD3
:10825000D5F82C9099182CBF012300236A6AD5F811
:108260003080521843F10003914588BF013BA2EBD7
:10827000090EF04588BF013BD5F834C0AEEB0806C7
:10828000B44588BF013BAF6BA6EB0C018F4288BFA2
:10829000013BC91B29602568DEB2002B696880F2AA
:1082A0008B815A4291424FF0FF3228BF002219447D
:1082B0006B6AD5F830905B18A96A42F10002C918C0
:1082C0002CBF4FF0010A4FF0000A5AFA82F289459A
:1082D00088BF013AD5F83480A1EB090EF04588BF7C
:1082E000013AD5F838C0AEEB0806B44588BF013A6C
:1082F000EF6BA6EB0C039F4288BF013ADB1B6B6060
:108300002568D6B252B2002AA96880F25A81534237
:1083100099424FF0FF3328BF00231144AA6AD5F8D1
:1083200034E0521843F10001EB6AD5F838C09B18CD
:108330002CBF4FF001084FF0000858FA81F19E451C
:1083400088BF0139A3EB0E06B44588BF0139EF6B36
:10835000A6EB0C02974288BF0139D21BAA602268A3
:10836000CEB249B20029D56880F230814B429D429D
:108370004FF0FF3328BF00230D44D16AD2F83CE010
:108380004D1943F100034919156B43F100036918B6
:1083900043F100036D18516B43F1000349192CBFE1
:1083A0004FF001084FF0000858FA83F38E4588BF5C
:1083B000013BD2F820C0A1EB0E06B44588BF013BBB
:1083C000576AA6EB0C05AF4288BF013BED1BD56099
:1083D0002168DEB25BB2002B0D6980F2FC805A424C
:1083E00095424FF0FF3228BF00221D440B6B4F6AAD
:1083F0005D1942F100025B194D6B42F10002EB186E
:1084000042F10002ED188B6B42F100025B192CBFA8
:108410004FF0010C4FF0000C5CFA82F29F4288BFD3
:10842000013A8E6ADD1BAE4288BF013AAD1B0D6179
:108430002568D3B252B2002A696980F2D1805342D2
:1084400099424FF0FF3328BF002311446E6BEF6A4F
:10845000721843F10001AB6BB61841F10001EA6BF1
:108460009E1941F100019B1941F10001D2182CBF66
:108470004FF0010C4FF0000CAE6A5CFA81F19642AD
:1084800088BF0139931B9F4288BF0139DB1B6B6199
:108490002268CEB249B20029956980F2A6804B428B
:1084A0009D424FF0FF3328BF00230D44916BD66BE4
:1084B0004D1943F100034D1943F10003751943F1C0
:1084C00000037619556B43F10003891943F100034A
:1084D0006D182CBF4FF0010C4FF0000C176A5CFABE
:1084E00083F3AF4288BF013B566AE91B8E4288BFC7
:1084F000013B891B91612168DDB25BB2002BCA6927
:1085000078DA5D42AA424FF0FF3528BF00251A44B1
:10851000CB6BD1F828A09A1845F100059A1845F1BF
:1085200000059B180A6A45F10005D2182CBF0123EB
:10853000002353FA85F3924588BF013BD1F82C9074
:10854000A2EB0A08C14588BF013BD1F830E0A8EB97
:10855000090CE64588BF013B4F6BACEB0E06B742FA
:1085600088BF013BF61BCE6122685BB223EAE37150
:10857000116200250822E188013291423FD8002B88
:1085800018DA00222568A958C943A9500432242AC0
:10859000F8D100222568A9580131A95021688D58C9
:1085A00015B90432242AF5D14FF6FF72A2800A6A67
:1085B000D21A0A62BDE8F08789192CBF0122002275
:1085C00076E689192CBF01230023A7E6AD192CBF3D
:1085D00001230023D1E6AD192CBF0122002205E7BB
:1085E000C9182CBF0123002330E7AD192CBF01238C
:1085F00000235BE752192CBF0125002588E721687D
:1086000041F82250B7E72DE9F04F99B0CDE90312B8
:10861000824600211046FFF7E4F80028C0F2F681F8
:1086200005D16FF00B03184619B0BDE8F08F4FF07D
:108630000109DDE90301924BADF83090149315ABBD
:10864000ADF83890CDF84090CDF848901393FDF7F1
:108650004FFF013019D1BAF1000F06D050460399EF
:10866000FFF75CFB002840F0B28100215046FFF785
:10867000B8F80028C0F2B98150460499FDF767FFA9
:10868000002880F2B9810023CDE7002503990BA8CB
:108690000B95ADF83250FFF741FB0B9E0446BDF839
:1086A0003270002840F09A810D90ADF83A0004999C
:1086B0000DA8FFF733FB0D9B0546BDF83A800193EB
:1086C000002840F09081039B0F90D9880FA80231B9
:1086D000ADF83890ADF83090FFF7DBF9044628B1DB
:1086E0002C460F9B02936FF00F03A8E001460FA8E2
:1086F000FFF761FB0F9B02930028F4D1039B1190BD
:10870000D98811A80231FFF7C4F9119C024600284C
:10871000E9D10DA8FFF79CF800F01F001F287AD0C0
:10872000C0F11F0319460BA80593FFF796FB0B9E9C
:10873000BDF832700028D6D105990DA8FFF78DFB42
:108740000D9BBDF83A8001930028CCD1C1463D462F
:10875000A7EB080B4FEA4B130793019B4FEA4B1112
:108760000DA80D93ADF83A80FFF777FB0D9BBDF890
:108770003A8001930028B6D1029B03EB8B0B019B3F
:108780000DA90BA80B96ADF832700D93ADF83A8099
:10879000FDF7DDFE002842DA09F1FF3307990DA845
:1087A0000693FFF790F8019B09F1FF3203EB820378
:1087B0000793019A09F18043023B02EB830305F121
:1087C000FF3B05F180450893013D029BA5EB0905A0
:1087D00003EB8505069B5B4554D3BAF1000F18D017
:1087E00005990BA80B96ADF83270FFF76CF8039B58
:1087F0000BA99B885046ADF83030FFF78FFA014641
:1088000000287FF470AF5046FEF7EBFF002800F021
:10881000DA80002313E0C1463D46059298E7DBF875
:1088200000300BA90133CBF8003008460DAAFFF742
:108830008DFC0B9E0346BDF8327000289FD00BA81C
:1088400003930B96ADF83270FFF705F9019B0DA865
:108850000D93ADF83A80FFF7FEF8029B0FA80F9337
:10886000FFF7F9F811A81194FFF7F5F80C2115A8F6
:10887000FFF7DCF8039B002B3FF4F7AED3E600BF15
:1088800001000300079B56F82B101A684FEA8B096A
:10889000A9F104003318914209934AD200233058B9
:1088A0001BF0DCF8002914BF4FF0FF330346BBF187
:1088B000010F2B600EBF0023B14459F8083C1593FB
:1088C000099B1B68169306EB8B031B6817932B6899
:1088D00001332B602B680021013B2B6011A8119400
:1088E000FFF769FA119C00287FF4FDAE069B1BB3CD
:1088F000089B1B682360079B11A91B6808466360DF
:108900002A68FFF768FC119C00287FF4ECAE13A9DD
:1089100011A8FDF71CFE0028DCDC019B2A680DA9CC
:1089200011A80D93ADF83A80FFF755FC30B1119CBA
:10893000D9E64FF0FF33BAE7069BDBE76FF007039A
:10894000029A4FEAC50902FB039911A84946FFF7AD
:1089500084FA119C00287FF4C6AE0BA9084611AA20
:108960000B96ADF83270FFF7F1FB0B9E0346BDF896
:10897000327000287FF463AF01460BA8FEF731FF89
:1089800000281CDA0DA911A8FFF7C8F90028CED1DC
:10899000494611A8FFF761FA119C00287FF4A3AEA5
:1089A0000BA9084611AAFFF7B3FB0B9E0346BDF8BF
:1089B000327000287FF443AF2B68013B2B600BF132
:1089C000FF3B043D06E70123AAF8043021E7002419
:1089D000A046274626460294019484E62C46A846E3
:1089E000029501957FE602947DE651465046049A31
:1089F000FFF78EFB03463EE751465046049AFFF7C9
:108A0000A5FB034600283FF437AE0CE66FF00903E0
:108A100009E62DE9F04F99B001900D46104601216D
:108A20009146FEF7DEFE002840F304820123002277
:108A3000294614A8CDE91023CDE91223CDE9082356
:108A4000CDE91423CDE916230F930D930B930793D0
:108A500005930393FFF762F988B36FF00F0B14A827
:108A6000FEF7F9FF16A8FEF7F6FFBBF1000F40F086
:108A7000C581012112A8FEF7B4FE0446002840F08B
:108A8000C4814A46294610A8FFF7BDFD8346002849
:108A900040F0B5810E9010A90EA8FFF73FF90E9C8B
:108AA00028B9494608A8FFF739F900286AD00026F6
:108AB000B046B246354637466FF00F0B6CE149467B
:108AC00016A8FFF72BF90028C7D114A8FDF7D6FF89
:108AD000064616A8FDF7D2FF044650B9014616A86F
:108AE000FDF7F6FC28B9294612A8FFF717F98346C7
:108AF000B5E70123ADF85C30ADF85430002114A87F
:108B0000FEF76FFE80B9A642314616A828BF21465F
:108B1000FFF7A3F90028A0D116A912A8FFF7FEF8C5
:108B2000834600289BD098E714A8FDF7A7FF0146CD
:108B300014A8FEF7C8FE16A8FDF7A0FF014616A868
:108B4000FEF7C1FE16A914A8FDF701FD00280DDBF4
:108B500014A9084616AAFFF7D0F9834600287FF427
:108B60007EAF012114A8FEF7AEFEC7E716A908469E
:108B700014AAFFF7C2F9834600287FF470AF0121E1
:108B800016A8F0E7494606A8CDF818B0FFF7C6F8D2
:108B9000DDF818A0002840F0418101210CA8CDF893
:108BA00030B0FFF708F90C9E002840F03A81594692
:108BB0000AA8CDF828B0FFF7FEF8DDF828800028D5
:108BC00040F03381594604A8CDF810B0FFF7F3F810
:108BD000049D002840F02C81012102A8CDF808B0A6
:108BE000FFF7E9F8029F00287FF466AF2368D807F3
:108BF00052D5DAF80030DB077CD506A90EA80E9412
:108C0000CDF818A0FDF7A3FC0028C0F29E800EA9A5
:108C1000084606AAFFF79AFA0E9C8346002840F001
:108C2000BB800CA9084604AA0C960495FFF78EFA9F
:108C30000C9E8346002840F0AF800AA9084602AA8D
:108C4000CDF828800297FFF781FADDF82880834667
:108C5000002840F0A18000210EA80E94FEF7C1FD6F
:108C60000028C3D1002104A80495FEF7BAFD00280E
:108C7000C0F28880494604A80495FDF768FC0028E6
:108C800080F2B180019804A9FFF748F8B0F1000B19
:108C900018BF6FF00F0B7FE001210EA80E94FEF7B6
:108CA00012FE3368DA0703D4D8F80030DB0715D595
:108CB0000CA9084608AA0C96FFF72AFA0C9E8346D0
:108CC000002869D10AA9084610AACDF82880FFF724
:108CD0003DFADDF82880834600285DD101210CA8EB
:108CE0000C96FEF7F0FD01210AA8CDF82880FEF7CA
:108CF000EAFD7BE7012106A8CDF818A0FEF7E3FD09
:108D00002B68D90702D43B68DA0713D504A90846B3
:108D100008AA0495FFF7FCF9049D834600283BD17F
:108D200002A9084610AA0297FFF710FA029F83468D
:108D3000002831D1012104A80495FEF7C4FD0121CA
:108D400002A80297FEF7BFFD53E706A908460EAA40
:108D5000FFF7FCF9DDF818A08346E8B904A9084636
:108D60000CAA04950C96FFF7F1F9049D834698B977
:108D700002A908460AAA0297CDF82880FFF7E6F96B
:108D8000029F64E704A94A460846FFF7C1F9049D1B
:108D9000834600283FF466AF10A8FEF75CFE0EA8DD
:108DA0000E94FEF758FE0CA80C96FEF754FE0AA887
:108DB000CDF82880FEF74FFE12A8FEF74CFE08A85B
:108DC000FEF749FE06A8CDF818A0FEF744FE04A859
:108DD0000495FEF740FE02A80297FEF73CFE5846B7
:108DE00019B0BDE8F08F04A94A460846FFF7AEF96E
:108DF000049D834600283FF43DAFCDE7002426467E
:108E0000A046A24625462746C6E75C465E46D846AB
:108E1000DA465D465F466FF00D0BBDE75E46D8460D
:108E200048E6D8465D465F4646E65D465F4643E611
:108E30005F4641E66FF0030BD1E72DE9F04F164690
:108E40001D46002201238BB0B14281460C46CDE97C
:108E50000623CDE908231ED106A8FEF75FFFC8B19F
:108E60006FF00F03029308A8FEF7F5FD06A8FEF7C2
:108E7000F2FD029B002B40F0B080D9F84850002D45
:108E800070D12146204609F104020BB0BDE8F04F35
:108E9000FFF7B9BB06AEAC4206D1214608A8FEF7E3
:108EA0003DFF0028DCD108ADB6F80680B8F1000F10
:108EB00036D1B8FA88F3EF885B09002F3AD1002F3A
:108EC00008BF43F0010308EB070A5146204604930C
:108ED000FEF7DFFD01460028C2D12046FEF76BFFFA
:108EE00002900028BCD132682368014603921846DC
:108EF0004FEA8A02D5F800B01AF0D2FFABF1040AAB
:108F0000834600EB870708F10101BB451BD1049B99
:108F100033BBB388AA8813FB02F39BB2A380A2E7FA
:108F2000336803EB880353F8043C002BC1D108F1EC
:108F3000FF38BBE72A6802EB870252F8042C002AAC
:108F4000BDD1013FB9E75AF8043F58460093039A50
:108F5000434605910BF1040B0FF0E8FF0599D4E7A8
:108F60000123DBE7B4F90430002B04DA2046029930
:108F7000FEF737FCA0BB2046FEF76AFCD9F83C3070
:108F8000B0EB430F2CD82046A847054680B909F11D
:108F90000406B4F90430002B04DA00212046FEF761
:108FA00020FC48B931462046FDF7D1FA00280CDAFA
:108FB00028460BB0BDE8F08F324621462046FFF729
:108FC000A7F80028E5D00546F2E7324621462046BC
:108FD000FEF793FF0028E5D0F5E76FF00F05E7E710
:108FE000004DE5E780B0FFFF2DE9F74301F11006E2
:108FF0000546894630460021FEF7F3FB0446A0B340
:1090000000230127314668462A1DCDE90037FFF7C6
:1090100000FD044630BB09F108086B464246414654
:109020002846FFF70AFF0446E0B96B466A466946E0
:109030002846FFF702FF0446A0B96B464A46494658
:109040002846FFF7FAFE044660B96B4642464146A1
:109050002846FFF7F2FE044620B939463046FEF7AF
:10906000AAFE04466846FEF7F6FC204603B0BDE8BB
:10907000F0832DE9F84F1E4603F10805C368044646
:109080008A469046002B40F0A58002F110031A4654
:109090002946FFF7D2FE002840F09A8006F110071B
:1090A0002B46424639462046FFF734F8002840F068
:1090B0008F8006F118092B46424649462046FFF7A5
:1090C00048F8002840F084804B463A46294620461E
:1090D000FFF7B3FE00287BD1032229463046FFF775
:1090E0007AF8002872D131462046FEF77CFF00282E
:1090F0006ED108F1080B06F110075B465A46394657
:109100002046FFF79AFE002862D1394620460FF02C
:109110001DFA00285CD13B46424629462046FFF70F
:109120008CFE002854D1294620460FF00FFA002863
:109130004ED106F118093B463A4649462046FFF70C
:109140007CFE002844D1494620460FF0FFF9002854
:109150003ED13346324639462046FFF76EFEB8BB55
:109160002B463A4639462046FEF7F3FF80BB2B4696
:109170003A4639462046FEF7ECFF48BB3B462A46B6
:1091800029462046FEF7E5FF10BB33462A4629460E
:109190002046FFF752FED8B94B462A4629462046BC
:1091A000FEF7D7FFA0B95A464946204608F11003FA
:1091B000FFF743FE60B9494620460FF0C7F938B9BA
:1091C00039465046FEF7AAFD002841D06FF00F0047
:1091D000BDE8F88F13462946FFF72FFE0028F7D188
:1091E000032229463046FEF7F6FF0028EED131462D
:1091F0002046FEF7F8FE0028EAD104F10C070146EC
:109200003846FEF7EEFA00283FF473AF08F110037A
:109210001A4629462046FFF710FE0028D8D106F14D
:1092200010092B462A4649462046FFF706FE00282D
:10923000CED13B464A4629462046FFF7FEFD002890
:10924000C6D12B46324631462046FEF763FF4EE735
:1092500029460AF10800FEF761FD0028B6D149460B
:109260000AF11000BDE8F84FFEF758BD2DE9F14FA7
:109270009A461B6904460E4691460A9D002B00F053
:10928000D38002F1100700213846FEF7AAFA30B960
:109290005146304601B0BDE8F04FFEF775BD0AF10A
:1092A000100800214046FEF79CFA08B94946F0E74D
:1092B00001214046FEF795FA002840F0B5803B4674
:1092C0003A4629462046FFF7B8FD002840F0AD8019
:1092D00005F108083B462A4641462046FFF7ADFD0A
:1092E000002840F0A28053462A4629462046FFF730
:1092F000A4FD002840F099804246414620460AF1EC
:109300000803FFF79AFD002840F08F804B462A465D
:1093100029462046FEF71DFF002840F0868009F10F
:10932000080B5B46424641462046FEF712FF0028E6
:109330007BD100212846FEF754FA014688B9404601
:10934000FEF74FFA38B92B464A463146204601B05F
:10935000BDE8F04F8DE6304601B0BDE8F04FFEF7B6
:109360003EBD2B463A46204606F11001FFF765FD4B
:1093700000285AD105F110072B462A4639462046C7
:10938000FFF75BFD002850D105F1180A2B463A463D
:1093900051462046FFF751FD002846D14B463A463C
:1093A00039462046FFF749FD00283ED13946284678
:1093B000FEF7B4FCE0BB294620460FF0C7F8A0BB7F
:1093C0004346424631462046FFF737FD68BB2B46F1
:1093D000324631462046FEF7BCFE30BB534632468D
:1093E00031462046FEF7B5FEF8B933463A463946CF
:1093F0002046FEF7AEFEC0B943463A4639462046FF
:10940000FFF71BFD88B95B46524651462046FFF7E1
:1094100014FD50B953463A46204606F1080101B002
:10942000BDE8F04FFEF795BE034801B0BDE8F08FF0
:109430006FF00F00F9E700BF80B0FFFF2DE9F043A8
:109440000E460546012189B006F11000FEF7C9F964
:109450000446002840F0E2802846FEF74FFA022832
:10946000804660D13046FEF7F3F92B6C07300733A6
:10947000C008B0EBD30F00F2D18021463046FEF792
:10948000B0F90028C0F2CA800123314604A82F7821
:1094900004940593FEF742FC002841D10435294687
:1094A00004A8FDF754F8002807DA012104A8FEF704
:1094B00098F9002810DC5B4C07E004A92A4608460E
:1094C000FEF744FE04460028E9D004A8FEF7C3FADC
:1094D000204609B0BDE8F083092F0BD1524904A8FA
:1094E000FDF735F80028E6D0504904A8FDF72FF81D
:1094F0000028E0D0012302934FF0011304A9079341
:10950000084602AB06AA0693FEF702FE04460028B0
:10951000DBD1294604A8FDF71AF80028D5D1CAE7FF
:109520006FF00F04D1E701287AD121463046FEF7CB
:1095300058F9002872DB06F1080921464846FEF773
:1095400050F900286ADB2F1D39463046FCF7FFFF33
:10955000002863DA39464846FCF7F9FF00285DDA4F
:109560004B464A46284602A9CDE90248CDE90448BF
:10957000FFF763FC044600284CD1334632462846A8
:1095800004A9FFF75AFC0446002843D1EB68002BDE
:1095900036D1032301934FF0011304A90793084622
:1095A00001AB06AA0693FEF7D1FD044690BBBDF9B8
:1095B0001430002B04DA002104A8FEF712F9C8B910
:1095C00004AA334611462846FFF737FC044608BB79
:1095D00004AA1146284605F11403FEF79BFD044634
:1095E000C0B904A902A8FCF7B2FF0E4B041E18BFB5
:1095F0001C460FE004A93A460846FEF789FDD4E769
:1096000004AA1146284605F10C03FEF783FD044623
:109610000028D5D002A8FEF71EFA56E7014C57E7FE
:10962000034C55E780B3FFFFC8630200D06302001C
:1096300080B0FFFF70B5044658B3436C012B11D0C6
:109640000C30FEF708FA04F11400FEF704FA04F1F6
:109650001C00FEF71BFA04F13400FEF7FCF9201D94
:10966000FEF7F9F9A36D8BB92046BDE87040602183
:10967000FEF7DCB906FB0500FEF708FA0135D4E970
:109680001603AB42F6D81CF067FAEDE70025182662
:10969000F5E770BD10B5044658B1FFF7CBFF04F1F4
:1096A0006000FEF7D8F904F16800BDE81040FEF74D
:1096B000EDB910BDF0B504460E4685B0FFF7BAFF10
:1096C0002046FEF72DF9032E267005D0092E30D046
:1096D00000233F4D237029E03E4B3F4AA3643F4B9C
:1096E000A260A261A2632262A26203F180026262AE
:1096F0004FF0011203F12001616103F14001636049
:10970000616303F16001A033E362E1612263201D24
:10971000FEF79EF8E06304F13400FEF799F80123A8
:1097200063640023C4E9163320640025284605B08D
:10973000F0BD2B4B2B49A36404F10C00FEF73BFB5F
:1097400000283FD1271D01213846FEF734FB0028B1
:1097500038D1FF213846FEF780FB98BB13230193D5
:109760004FF0011339460393384601AB02AA029326
:10977000FEF7ECFC054638BB3846FEF769F804F105
:109780003407E063102238461749FEF796FA05467B
:10979000D0B90122FC213846FEF736FB90B931469C
:1097A00004F11C00FEF707FB60B9012104F12C0055
:1097B000FEF701FB30B904F12400FEF74CF9FE235B
:1097C0002364B2E76FF00F052046FFF733FFADE7E4
:1097D00080B1FFFF3982000001000800D863020059
:1097E000A36A000042DB01007C640200434213F0E4
:1097F0007F0320D0584210F15F0F80F2C98010F132
:109800006C0F48DA10F1700F00F0F28010F16F0F5A
:1098100080F2B68010F5645F00F08E8000F3A580C2
:1098200010F5685F6DD000F39D8010F56C5F1DD062
:1098300010F56A5F64E010F56E5F00F0D680DADC48
:1098400010F59C4F78D05FDC10F5C44F00F0C48059
:1098500034DC10F5C74F00F0C280C0F2CF8010F5A5
:10986000C64F69D010F5C54F40F0C8806FF0860034
:109870007047012300F10E02934040F21752134249
:10988000F4D100283FD010F1080F14BF6FF083000F
:109890006FF089007047012300F16C02934041F2A0
:1098A00050521342E2D1DB0700F1A58010F16A0F9C
:1098B00014BF6FF083006FF08C00704710F5A24F5B
:1098C000D4D010DC10F5C14F1BD005DC10F5C34F10
:1098D00006D010F5C24FC7E710F5A34F40F08E80B9
:1098E0006FF08C00704710F59E4F00F0848005DC0F
:1098F00010F5A14F05D010F59F4FB5E710F59D4F1E
:109900007CD16FF08500704710F5785F6AD01BDC62
:1099100010F5994FAAD008DC10F59B4FE0D010F558
:109920009A4F6BD16FF09300704710F57E5FD7D0E0
:1099300005DC10F5984F61D16FF09400704720F06E
:10994000800010F57C5F8FE710F5705F4DD055DC1F
:1099500010F5725FD5D051DC10F5765F86D010F52A
:10996000745F81E710F5665FCAE710F5625F42D069
:1099700010F1720F14BF6FF083006FF08500704715
:1099800010F16E0F14BF6FF083006FF096007047F8
:10999000002833DC10F10E0FBFF66BAF10F13B0F58
:1099A0000ADA10F13D0FBDDA10F1400F14BF6FF06D
:1099B00083006FF09300704710F1100F90D010F1FA
:1099C0000F0FB9D010F1210F3FF450AF10F1200F5D
:1099D00097D010F1220FCDE76FF0950070476FF030
:1099E000960070476FF0910070476FF084007047E9
:1099F0006FF0920070476FF0890070476FF083003E
:109A0000704741F2052398421AD8B0F5905F09D209
:109A100041F2010398420CD0B0F5885F09D06FF095
:109A2000850070472923A0F5905080B2C340DB0722
:109A3000F5D511F0070F14BF6FF0860000207047B6
:109A4000B0F5105FEBD121F04003802B06D0B1F5CB
:109A5000807F14BF6FF086000020704700207047A1
:109A600070B5046A05460E463CB901200CF0B2FD03
:109A7000286228B120466E6270BD6FF08A00FBE755
:109A80006FF08C00F8E738B50446006A10B1616ADF
:109A9000FDF7D6FF237E012B0FD0023B012B0FD801
:109AA000E369012B14BF6FF09605002528220021E1
:109AB00020461AF0F5F9284638BDE369002BF1E796
:109AC0006FF09605F2E713B50C4B0C4693F8ED20BA
:109AD000022A10D193F8EC30072B0CD1002301AAF5
:109AE00001930EF0D6FA20B9019BA34218BF6FF084
:109AF000930002B010BD6FF08800FAE7C80A00209A
:109B0000002303604360704708B5134991F8ED30B6
:109B100091F8EC20022B01D1072A1BD0D0075CBFA3
:109B200042F0010281F8EC2090075FBF012042F073
:109B3000020281F8E80181F8EC202BB90748FFF711
:109B4000DFFF022381F8ED3053075CBF42F00402CF
:109B500081F8EC20002008BDC80A0020B80B0020C6
:109B60002DE9F04F00F1780BB9B00546039100F1F3
:109B7000680600215846CDE90523FDF732FE20B3E3
:109B8000281DFDF765FEC41D2846FDF7B7FE022817
:109B90004FEAD40400F031835D4A2846FDF7AEFE5B
:109BA0000128074640F02F8300215846FDF719FE93
:109BB000002840F04183059B002B00F02383039B8A
:109BC0001870069B1F6000221DE305F16003194613
:109BD00028460493FDF7BEFE044600283CD105F15B
:109BE0001C0A51462846FFF729FC0446A0BB28461C
:109BF000FDF784FE022840F0698101220321CDE9AE
:109C00001024CDE91224CDE909420F94149217AB28
:109C1000013903F1080323F8042C23F8024C43F81C
:109C2000084CF5D2514609A8FEF778F8F0B16FF06C
:109C30000F040FA8FDF71DFF09A8FDF70CFF002773
:109C40000DF15C0808EB07000837FDF704FF202F33
:109C5000F8D1002C00F03B812046FFF7C7FD0446F9
:109C600000288DD0204639B0BDE8F08F51460FA8AE
:109C7000FEF78AF80028DAD101213046FEF79BF87A
:109C800001460028D3D15846FEF795F80028CED1DA
:109C900005F17000FDF7DFFE05F1040949460FA844
:109CA000FCF755FC002829DA28460FA911F07CFCA6
:109CB00004460028BDD1D5F84080B8F1FF3F29D136
:109CC0003146284611F070FC04460028B1D14A46BE
:109CD00059465846FEF79DFE04460028A9D15B462A
:109CE000324631462846FFF7A8F804460028A0D19E
:109CF00001215846FEF75FF804469AE70FA94A4645
:109D00000846FEF7FAF804460028C7D091E700BFDE
:109D100080B1FFFF41460498FCF7DAFBC7B23A4630
:109D200030460FA9FDF722FF002880D13A46584659
:109D300013A9FDF71BFF00287FF479AF5B4632467D
:109D4000284617A9FEF7E6F9044600287FF471AF0C
:109D50005B463246284619A9FEF7FBF9044600285F
:109D60007FF467AF284613AB0FAA1BA9FEF7D2F901
:109D7000044600287FF45DAF284613AB0FAA1DA947
:109D8000FEF7E7F9044600287FF453AF1DAA1146F9
:109D9000284617ABFFF751F8044600287FF449AF77
:109DA0001BAA1146284619ABFFF747F804460028BE
:109DB0007FF43FAF17AB1A4619462846FFF73DF828
:109DC000044600287FF435AF19AB1A4619462846D9
:109DD000FFF733F8044600287FF42BAF31462846BE
:109DE00019AB17AAFFF729F8044600287FF421AF22
:109DF00017AA1146284619ABFEF7ABF9044600280E
:109E00007FF417AF5946284617AB05F10C02FFF750
:109E100014F8044600287FF40CAF5B4659462846E8
:109E200019AAFEF777F9044600287FF402AF284606
:109E30001BAB1DAA0FA9FEF76DF9044600287FF49D
:109E4000F8AE0FAB1A4619462846FEF7F6FF044651
:109E500000287FF4EEAE28461BAB1DAA13A9FEF71F
:109E600078F9044600287FF4E4AE13AB1A4619468D
:109E70002846FEF7E2FF044600287FF4DAAE13AB73
:109E80001946284609AAFEF7D8FF044600287FF4A1
:109E9000D0AE5B465946284617AAFEF7CEFF0446C9
:109EA00000287FF4C6AE3A4630460FA9FDF75EFEA5
:109EB00000287FF4BCAE3A46584613A9FDF756FE7B
:109EC00008F1FF3800283FF4F8AEB0E6B94C284658
:109ED000FDF714FD012807907FF4BEAE2B6C18210E
:109EE000013302204FEA53080CF074FB07460028A8
:109EF00000F0818100F11809FDF709FD4846FDF7E2
:109F000006FD04230022029317AB0799083323F8B8
:109F1000041C029923F8022C0139029143F8082C01
:109F2000F3D151463846FDF72FFF002878D06FF067
:109F30000F044FF0000A0DF15C0909EB0A000AF169
:109F4000080AFDF788FDBAF1200FF6D174B9012394
:109F500005F1340A21465046CDE90F4309940A938E
:109F6000FCF7B6FA01285ED0A4F59F44AB6D9F4282
:109F70000AD04FB13846FDF789FD07F11800FDF70B
:109F800085FD38461BF0E8FD002C3FF465AE3046F9
:109F9000FDF77CFD60E6BAFBF8F3012202FA03F15B
:109FA000182208FB13A3C9B202FB017473B3224643
:109FB0002146284617ABFFF75CF804460028B8D1C5
:109FC0000AF1010AD045E6D149462846FFF70CF8C8
:109FD00004460028ADD117AB00933A464B4649469C
:109FE0002846FFF743F904460028A2D149462846EF
:109FF000FEF7FAFF044600289BD107F11000FDF799
:10A000002AFD07F12800FDF726FD92E718234908ED
:10A01000204603FB0171FDF7B7FE0028C7D086E795
:10A02000DDF808A0CEE721460498FCF751FA80F04D
:10A030000100C3B2049909A80793FDF76FFE002839
:10A040005ED06FF00F040FA8FDF705FD09A8FDF71E
:10A0500002FD002C8AD101224FF00409CDE90A2427
:10A06000CDE90C2409940E920FABB9F1010903F16B
:10A07000080323F8042C23F8024C43F8084CF4D1CD
:10A0800008F1E0036B443A463146284613F8843C15
:10A090000EF01EFA044658B93146284611F040FA2F
:10A0A000044628B90DF13C0AB8F1000F40F0848055
:10A0B00009A8FDF7DEFC0DF13C0808EB090009F1E9
:10A0C0000809FDF7C8FCB9F1200FF6D1002C7FF488
:10A0D0004DAF31462846079AFEF759F80446002846
:10A0E0007FF444AF3146284611F01AFA044600289E
:10A0F0007FF43CAF31462846FEF776FF044635E74D
:10A100005146049A0FA8FEF721F8044600289AD178
:10A11000079A0FA909A8FDF7DFFC0446002890D193
:10A12000014608F10102484619F0BAFE4B46049375
:10A13000029B984539D0194609A8FCF7C9F9049B38
:10A1400093F800A0029B4AEA000A08EB030109A861
:10A15000FCF7BEF9029A049B5FFA8AFA4AEA400ABF
:10A16000013203F801AB0292E1E799F8010099F896
:10A1700000A080EA0201CB4303F0010E43F3000389
:10A180000AEA0303104001EA0302594009F8011FDB
:10A1900019F8013C024343EACE1309F8013C0CF1E3
:10A1A000010C029B6345E0D24DE700224FF0010C09
:10A1B000F7E700BF80B0FFFF5346324631462846DE
:10A1C00008F1FF38FEF755FF98B917AB3A46284615
:10A1D00013F8083009A90EF07BF950B93246314620
:10A1E0002846CDF800A009ABFFF740F800283FF45F
:10A1F0005BAF04465CE71F4CB8E6069B1C60059B02
:10A20000A3420DD21C4A1046FFF7F0FA044600287C
:10A210003FF428AD0021059A039819F041FE21E58D
:10A22000224630460399FDF775FA024600283FF4AE
:10A23000B4AC6FF00702E6E7069A630001331360DF
:10A24000059A9A42DED3042303992246304601F848
:10A25000013BFDF792FA0028EBD1039B611C2246DB
:10A26000194405F17000FDF788FA00283FF4ABAC03
:10A27000DFE700BF80B2FFFF00B1FFFF10B503684A
:10A2800004463BB1064A934207D1702200210430B4
:10A2900019F006FE0020206010BD6FF08800FBE77B
:10A2A00009000002F8B51F4B064693F8E8210F4657
:10A2B000A2B30024F83322461D46197EE1B13CB911
:10A2C000022905D1D96919B91979002918BF1C4685
:10A2D0000132062A03F12803EFD114B96FF08C0084
:10A2E00008E02046FCF7DCF92046FFF7CCFB20B164
:10A2F0006FF0960000240FE01C46237E002BF7D160
:10A30000012323763EB1651BED1003F1CC335D4391
:10A3100005F18045356000203C60F8BD6FF0880095
:10A32000E8E700BFC80A00202DE9F04F89B002938A
:10A3300000230E4602998146154606930B60002ABB
:10A3400000F012810EF054FB034638BB99F80470FC
:10A3500007B907A806A9FFF7A5FF8046E8B9069C3C
:10A36000CE46A446BEE80F00ACE80F009EE803000E
:10A370008CE803000FB9079B6361636AB3B1D4E94A
:10A3800008AB6388059363681B0A1ED0784A934222
:10A3900000F0BB806FF0860300E00346069818B11A
:10A3A0000293FFF770FB029B9846D9E0D9F804307E
:10A3B0001B0A02D06E4A9342ECD129462046FFF791
:10A3C0004FFB03460028DAD0E8E7238803F44F4325
:10A3D000B3F5824F19D0208800F4E043B3F5805FD5
:10A3E00025D1059959B3FFF70CFB03460028D5D1B9
:10A3F0000731B5EBD10FCDD1AB4511D32A4631464C
:10A40000504619F0B1FE656252E005AB2A4631466E
:10A4100020460BF087FE034628B9AB4580F08680C6
:10A420006FF08903BAE710F1860FD4D0B6E7B3F521
:10A43000005FD6D0430405D46FF08503AEE7E90092
:10A440000591D0E74B4F00EA0703B3F5824FF3D1F4
:10A450000023079307AB6188324600932B460DF02B
:10A4600091FE079D0346C0B923882A6C1F40B7F5AB
:10A47000824F03D1D9B2412908BF013203F4E0432E
:10A48000B3F5804F04F12401059236D10B465A46AC
:10A4900051462846FFF764FB034628460393FFF71F
:10A4A000F9F828461BF058FB039B002B7FF476AF8E
:10A4B0006288059B002A44D163804FF6F87293426C
:10A4C000BAD8B9F800301BB122889A427FF462AF43
:10A4D000B9F802301BB162889A427FF45BAF2379EE
:10A4E0009BBB6369029A1360237E012B36D0002345
:10A4F000029A13606FF0960350E75B465246284677
:10A50000FDF768FAFFF772F9C6E7238803F44F43B3
:10A51000B3F5824F90D105AB2A46314620460BF069
:10A5200001FE034600283FF478AF37E72A4631465C
:10A53000504619F019FE5146059A20880EF0A8FAE7
:10A5400061E79A427FF426AFB7E72046D4E90812C4
:10A5500004F04DF803460028C3D01FE702232376FA
:10A56000404609B0BDE8F08F6FF08608F8E700BFFD
:10A570000200800000CFFFFF00222DE9F0479C4B36
:10A580008EB00A60884693F8E8110546002900F06D
:10A59000D88000F14040052836D82822424303F1F4
:10A5A000F8011344114493F81021022A04D1D3F87E
:10A5B0000C319D4200F0108141460020FFF772FEF1
:10A5C0000446002840F010810127D8F8003000210F
:10A5D0005D61D8F8003005465F60D8F800900AAA9F
:10A5E000D9F8146030460CF003FB0446F0B9DDF8EE
:10A5F00028A0384651460BF0EDFF074650BB2646D3
:10A6000025466FF08C0412E0002D40F39D80F83356
:10A610001946187E022803D15869854200F0D98076
:10A620000132062A03F12803F3D1C5E72E4630464E
:10A630002946FDF705FAD8F80000002C6ED0FFF788
:10A6400022FA14F18C0F08BF6FF087040023C8F8BA
:10A650000030C9E03046002108AA0CF0C9FA0446CF
:10A66000002839D1BAF1000F08D0B7F1005F2ED31E
:10A67000CAF1005303F580339F4228D800251022E9
:10A6800000210AA819F00CFC07AB029305AB01935B
:10A6900006AB00932A46304629460AABCDE905555C
:10A6A0000CF064F90446A8B9059C5646A24528BF9B
:10A6B00026463A46069B07994E48009609F060FEEA
:10A6C0000546002846D06FF09104B24504D000251D
:10A6D0002E461AE02E46F8E700252E46514638460B
:10A6E000FDF7AEF9002CA2D129464846FFF7B8F98C
:10A6F000044600289BD12A463146D9F8200019F09B
:10A7000033FD94E72E464BE026466FF09804E5E7CC
:10A710006FF08C04E2E76FF09104DFE70830FCF79C
:10A720003CFDD8F800301A7E012A04BF02221A76B6
:10A73000D8F80000FBF7B4FF002854D06FF096045F
:10A7400084E76FF088044FE06FF087044CE06FF00F
:10A75000960449E0A245BAD8BAF1230FB8D9082225
:10A76000384625491AF045FD04460028B0D1BB689B
:10A77000002BC9D13D6AAAF124039D42C4D8B5F586
:10A78000005FC1D2002DBDD0294601200BF022FF71
:10A7900006460028BCD02A4607F1240119F0E4FC43
:10A7A000FB68C9F804303B8AA9F800307B8AA9F815
:10A7B00002307B69C9F80830BB69C9F80C30FB6905
:10A7C000C9F81030002EA6D0002D08BF6FF09104FC
:10A7D00084E7282303FB02110846FBF761FF0028EA
:10A7E000B5D1C8F80010002420460EB0BDE8F087AF
:10A7F000C80A0020D80A00208C6402002DE9F84322
:10A80000884617461E46FFF7B7FE044620BBD8F819
:10A810000050B5F8009009F4E043B3F5804FAB6801
:10A8200008BF27F0010737EA03030DD1A6B132466E
:10A830004846E968FBF702FF074668B932464846D2
:10A840002969FBF7FBFE50B900232846C8F8003001
:10A8500003F092FE6FF084042046BDE8F8833C4686
:10A86000FAE737B50446C0B101A9FFF785FE0446F3
:10A8700098B9019D2B7E022B12D103232B762B79C5
:10A88000FF2B10D01BB1686903F096FE04462846E2
:10A8900003F072FE002818BF0446204603B030BD06
:10A8A0006FF09604F3E76FF08404F0E710B5437897
:10A8B0000446012B03D1BDE810404068D1E703787E
:10A8C000012B02D108300BF0D9F90023237010BD01
:10A8D00010B5044630B13830FFF7E8FF6821204654
:10A8E000FDF7A4F82046BDE810401BF035B970B55F
:10A8F000044688B038300E461546FFF7D7FF0122D0
:10A90000224B84F8382093F8EC3013EA020129D066
:10A91000002184F8392003A8142219F0C1FA4FF459
:10A9200010534FF6F872ADF808304FF6FF739542AA
:10A9300098BF2B46ADF80A30154B01A805934FF48C
:10A9400080730193FCF729FC019BEA1D04933146B7
:10A9500004F13C03D20802A8FFF7E6FC78B1FBF74C
:10A960003EFE0BE084F8391040342422204619F0D2
:10A9700097FA2A46314620460BF085F910B9002097
:10A9800008B070BD6FF00C00FAE700BFC80A0020E5
:10A990000044400438B5044640B390F84430012BDD
:10A9A00011D1C56B4DB12B7A012B02D16868FFF72D
:10A9B00058FF0C212846FDF743F82046BDE83840F3
:10A9C0004821FDF733B8006C10B15C21FDF738F871
:10A9D000E06B0028F1D02368DA79054B02F07C02A5
:10A9E0001344D3F8F4309B699847E6E738BD00BFBD
:10A9F000A06302002DE9F04F43780D46012B174666
:10AA0000ABB040F0EE820023DFF8FCA20A934FF4D3
:10AA10008072534640680AA9FFF7F0FEDDF82890DF
:10AA2000064660B9D9E90842D9F804305FEA13282C
:10AA300013D0AE4B984500F0C6826FF086064846AC
:10AA400003F09AFD1EB9002800F0D7820646304672
:10AA50002BB0BDE8F04FFBF7C2BD09AB0493102348
:10AA60002146CDE902734846CDE900850CAB0EF0D6
:10AA700068FC10F1860F0646E1D15022414616A827
:10AA800019F00EFAB9F8003050460693CDF858A0E8
:10AA9000069910AB0BAAB9F802B08DF840800EF001
:10AAA0002DFA48B99DF840009DF82CC09049D1F886
:10AAB00004A0BAF1000F07D1169B03F0FE43B3F1D7
:10AAC000806F00F0C380BAE79AF80720894B02F044
:10AAD0007C021A44D2F8F420127882420CD19AF8FF
:10AAE000052002F00F0E4FEA8E13BBEB8E1F07936B
:10AAF00002D1BCEB121F01D00831D8E74822002157
:10AB000018A819F0CDF99AF807207A4B02F07C02C8
:10AB10001A44D2F8F4205269FAB99DF8A420CDF86D
:10AB200060A0012A40F0D380279E162200210DF15B
:10AB3000420019F0B5F9327A002A40F0D5809AF82F
:10AB40000630102B00F286800D2B00F28580023B30
:10AB5000052B40F28180684804E090472790002848
:10AB6000DBD16648FEF742FE06460028A4D1169BBC
:10AB700003F0FF43B3F1906F09D0219B9DF85D2056
:10AB80001033B3FBF2F35343102B00F21382189BE4
:10AB9000002B00F07F819DF8A420012A00F07F8126
:10ABA0001C7914F01F0400F06C815A7902F0F00255
:10ABB000102A40F0C080102C40F06581DA794D4BAE
:10ABC00002F07C021344D3F8F4302A465E689DF903
:10ABD00068103B462798B047FEF708FE102C064643
:10ABE00000F2EB8100287FF467AF07B12744219A78
:10ABF00010AD32B1169B424923F480638B4200F0C2
:10AC0000C9811898002840F054813E48FEF7EEFDB7
:10AC1000064650B90B9A42B1C4F110039342C0F0FA
:10AC2000BC812946384619F09FFA10212846FCF7C6
:10AC3000FDFE002E7FF440AF0B9B23440993169B2F
:10AC400003F0FE43B3F1806F40F0BA8118A8FFF71C
:10AC5000A1FEF4E6263B7BE74FF41053ADF84030FD
:10AC60004FF440730BA80B93FCF797FA0B9B21460C
:10AC70001293334653F8042B10A81392079AD20864
:10AC8000FFF752FB10F1860F3FF465AF28B18D300E
:10AC90003FF467AF6FF06F0064E701233372CDF8C4
:10ACA00064B08DF86830069B002003F4E043B3F5F0
:10ACB000005F09BF069B0023C3F30222012304BFE8
:10ACC0009340DBB28DF85D308DF85C004AE79AF86E
:10ACD000072002F00302012A18D89AF8052002F092
:10ACE0000F02BBEB821F11D006483BE70200800039
:10ACF000A4640200A0630200809FFFFF809EFFFF0C
:10AD000000404004009FFFFF004440040122CDF8B2
:10AD100064B08DF868209AF80720A14B02F07C02FD
:10AD20001344D3F8F4302146DB68079A27989847F4
:10AD30000028B8D016E7902A14D12798446E14F052
:10AD4000100440F0A380836A2BB1C36A026A1033F7
:10AD5000934200F29C803B461022294600F040FAC4
:10AD6000102439E7BD420AD12199002940F0928090
:10AD70001023B3FBF4F36343102B40F08E80202AA2
:10AD800040F08D809DF96830219EBBB91B9BBBB103
:10AD9000A31B0F2B17D906F1A8030DEB0306343EB6
:10ADA00005F1100355F8042B9D4246F8042BF9D108
:10ADB0000024219B2046103321930DE7012B02D163
:10ADC000A31B102BE6E7002E58D016ABA4EB060A07
:10ADD00006F11C0052462946184419F0C5F9189B83
:10ADE0006F4ADB79019703F07C031344D3F8F43006
:10ADF0001DAA0092D3F808B022469DF96810279842
:10AE000022ABD84700284DD106F110031B1B21901F
:10AE10003FF4E2AE264607EB040B5544B3FBF4F2D5
:10AE200004FB123232B99DF9681019B91B99002937
:10AE300018BF2246A3EB020A05EB0A011DA80692E1
:10AE400019F092F9219B069A13442193BAF1000F4D
:10AE50002AD0189B524ADB79CDE9005B03F07C03D2
:10AE60001344D3F8F43052469C689DF96810279833
:10AE700022ABA047D8B906EB0A04ADE6BB461023C7
:10AE8000CCE74848A8E600244748A5E600246FF030
:10AE90000C00A1E6002445489EE60C46FBE7002492
:10AEA000434899E6002497E63446504694E63446F3
:10AEB00092E69DF8A430012B01D13D48A6E600237F
:10AEC0000B93437903F0F00120290BD11C9B002B3D
:10AED0003FF49BAE83794C3B012B11D9102911D142
:10AEE00072B14DE003F0B006302E09D003F0E0035C
:10AEF000402B05D0602903D0902901D0A029E9D1A9
:10AF0000002083E62029D8D19DF96830012B2FD16C
:10AF10001B9B002BE4D0269911B9017949098900BE
:10AF20001DA89847189B1E491A79DB79019503F0F3
:10AF30007C030B44D3F8F4301DA900919E689DF961
:10AF40006810279822AB02F01F02B04700287FF458
:10AF50005DAE9DF96820189BA2B91C9E1BB193F8A9
:10AF6000048008F01F08414628460BAAB0474DE66A
:10AF7000037903F01F039A42D4D01B9B002BAFD060
:10AF8000094843E61BB193F8048008F01F08CDF888
:10AF90002C80B5E76FF0860647E66FF0890644E639
:10AFA000A0630200809CFFFF809DFFFF009FFFFFCA
:10AFB000809FFFFF6FF089067EE56FF096067BE5C8
:10AFC0006FF088063BE509AB04931023CDE900053B
:10AFD000CDE90273214648460CAB0EF0B2F90646A5
:10AFE0002DE50178012907D113462A4608302BB0F8
:10AFF000BDE8F04F0AF061BE01482BB0BDE8F08F0C
:10B00000809CFFFF2DE9FF4705460C469046002136
:10B01000102268469A46DDF8309018F041FF6A46E3
:10B0200005F1100105F13800FFF7E4FC6F46064614
:10B0300058B16B6E43F010036B6638461021FCF775
:10B04000F5FC304604B0BDE8F08739190446221DEE
:10B05000904509D2A045F0D91AF804300A5D534052
:10B0600009F804300134F5E75AF804300859434030
:10B0700049F804301446EAE7F7B5436E1746DA0696
:10B0800004460E4636D4426A0AB11B072AD5236A03
:10B090002BBB00221046216BD3B2994202F1010270
:10B0A00023D823461022002120460094FFF7AAFF50
:10B0B000054688B926B13A462146304619F054F87B
:10B0C0000026102231462046666618F0E9FE10225E
:10B0D0003146A01818F0E4FE284603B0F0BDE26A3D
:10B0E0009342D6D06FF00C05F6E7C3F10F0323446B
:10B0F0001874D1E76FF06D05EEE738B5416E044680
:10B1000001F00303032B06D1826A32B9436B023B81
:10B11000012B1CD80262002038BD056B2378681E05
:10B120000343606A023A003818BF012043EA8013E3
:10B130000020520843EAC2032370236AC2B2954238
:10B1400000F1010006D853B141F0100161666FF0C3
:10B150000C00E1E7C2F10F02A3541B0AEEE72246FE
:10B16000214604F13800FFF745FC0028D4D0636E77
:10B1700043F010036366CFE72DE9F0411D46073B1E
:10B18000062B0446164627D8A04600F11103C5F148
:10B190000F07416307630F2218460021013F18F093
:10B1A0007FFE2A46314608F8107F18F0DDFF681C44
:10B1B000226B0021404418F073FE01232A46E377F6
:10B1C000E018314618F0D0FF636E204643F00103CB
:10B1D0006366BDE8F04190E76FF00C00BDE8F081D8
:10B1E0002DE9F04F04468846914689B09A4600F111
:10B1F000380303930DF1100BB9F1000F01D14B4649
:10B2000083E0E36A03F00F06C6F110054D4528BF41
:10B210004D462B44E362636B23F00203012B3ED0C7
:10B22000676B37F0020727D143462A46314620464E
:10B23000CDF800B0FFF7E6FE0346002865D158467A
:10B24000A319A3F1040C3A1D954269D23B44BD42B7
:10B250006FD82A465946504618F086FF7319102BAE
:10B2600003D0E26A236A9A426FD1224621460398AC
:10B27000FFF7C0FB034648BB2E44102E61D10021CE
:10B28000206BCBB2984260D9C3F10F0323441A7CE0
:10B2900001310132D2B21A74002AF2D055E00023F3
:10B2A000A119181D854201EB030214D29D4219D841
:10B2B0007319102B03D0E26A236A9A421AD12246EC
:10B2C00021460398FFF796FB034698B1626E42F061
:10B2D0001002626619E058F80320CF587A40CA502D
:10B2E0000346DEE718F8030011780133414002F805
:10B2F000011BDBE743462A4631462046CDF800A035
:10B30000FFF780FE034600288AD010210DEB0100D4
:10B310000393FCF78BFB039B184609B0BDE8F08F45
:10B3200050F8047B5CF8021079404CF80210174684
:10B3300089E71A781BF8071001374A4003F8012BF8
:10B3400085E7E26A236A9A4299D0A9EB0509A844E5
:10B35000AA4451E72DE9F04F5F4F044697F8CC30EF
:10B360000E4692468FB0042B11D8DFE803F0B1B33C
:10B37000030C0C00007A012894BF00200120C000BB
:10B380000FB0BDE8F08F037A012B00F0A38094F892
:10B39000A0000028F4D03268137903F0070123F0ED
:10B3A000070313713368D7F8D4000693237A079103
:10B3B0008DF82C30D4F89830CDF82D0043F00043B0
:10B3C0000D93464BD7F8EC019A889B79ADF8312064
:10B3D0008DF8333000234FF4007209930AA9404BD3
:10B3E000D6F80490BAF80080FFF708FA83460028E0
:10B3F0005FD10A9D6B68D5E908121B0A0DD0394848
:10B40000834229D06FF0860BB8F1000F35D0424649
:10B410000021484618F044FD2FE009ABCDE9048334
:10B42000069B28460093CDE90289CDF804900BAB2A
:10B430000FF0C4F810F1860F83461BD10DF12203E3
:10B44000298827480DF123020DF058FD031E14BF73
:10B450009B466FF0850BD7E709ABCDE90483069BCC
:10B4600028460093CDE90289CDF804900BAB0FF08C
:10B47000A5F88346BBF1000FC6D1284603F07CF83F
:10B48000BBF1000F15D10DF014FED4F89820013255
:10B49000C4F89820D7F8E4200132B2F1005FC7F871
:10B4A000E42006D197F8CC20052A02D10320FBF72F
:10B4B000F1FE5846FBF7BEFE10B9099BAAF8003012
:10B4C00032680799137923F007031943117157E77D
:10B4D000032055E7002053E7C80A00209C0B0020FA
:10B4E00000024805020080002DE9F0410446EFF318
:10B4F0001186302383F31188D0F8A4309D681DBBDA
:10B5000004F130001AF012FDD4F8A4305D69002D6A
:10B5100036D1A04658F88C7F002F4DD1277427468E
:10B5200057F8905F002D5FD1274657F8945F002DA4
:10B5300061D1D4F8A430DF68002F63D186F311887D
:10B54000BFF36F8FBDE8F08115F8203CA5F1300006
:10B550007F2B4FEA9317436998BF0027A3422D68BA
:10B56000CDD1D4F8A4100831FBF7C8FD1FB9637B17
:10B5700001336373C3E7032F04BF0023A373BEE744
:10B5800015F8203CA5F130007F2B4FEA9317436953
:10B5900098BF0027A3422D68B9D1D4F8A410143164
:10B5A000FBF7ACFD1FB9637B01336373AFE7032F78
:10B5B00004BF0023A373AAE73D4655F830794046FF
:10B5C000AB7C05F13001013BAB7408F097FAAB7C22
:10B5D00033B9637B3321013328466373FBF768FD7E
:10B5E000E37B013BE37397E72846394650F830592F
:10B5F000FBF784FD96E72846394650F83059FBF7AB
:10B600007DFD94E7384650F830794369A34293D1E1
:10B61000D4F8A4100C31FBF771FD84F8A1508BE72E
:10B62000F8B50546EFF31183302282F311880468E0
:10B6300044B1627AD20605D483F31188BFF36F8FC9
:10B640000F20F8BDAA68012A05D983F31188BFF33A
:10B650006F8F0420F5E70022AA6083F31188BFF3FF
:10B660006F8F002C47D094F8506030460DF0DBFD12
:10B6700008B9042E08D1217A31B1D4F8A40000B160
:10B6800084300222FBF7A2FF032304F1840684F82E
:10B690005030D4F8843083BB04F18807D4F8886034
:10B6A000A6BB2046FFF720FF642066811AF050FBFE
:10B6B000002200236061C4E906232046C4E9082370
:10B6C000C4E90A23C4E92666FBF78AFB88B1022392
:10B6D00084F85030EFF31182302383F31188D4F8CB
:10B6E000A430596844F8041F5C6082F31188BFF3EA
:10B6F0006F8F00232B600020A3E7304608F0F6F997
:10B700000146D4F8A400FBF770F8C2E7384608F009
:10B71000EDF90146D4F8A400FBF767F8BEE710B5D1
:10B72000074C04F1B800FFF77BFFFBF75BFD30B17E
:10B730000122044B83F8CC20002384F8C43010BDD0
:10B74000C80A0020803E0020F0B5A0F18406022344
:10B750000022314685B004460CF0CEFF2E28054667
:10B7600070D000286BD1204603A9FBF759FB40B9E4
:10B77000039B354D20465D66FBF745FBFBF750FB11
:10B7800020B12046FFF74CFF022558E0039B2046DE
:10B790009D65FBF738FBFBF743FB0028F1D1039BCA
:10B7A0002A4A20465A67FBF72EFBFBF739FB054672
:10B7B0000028E6D1039B20469C67FBF724FB30461C
:10B7C000FBF734F8039E0623374647F80C4BB3814A
:10B7D000356109F09DFE4FF050234FF4003210F018
:10B7E000400F1A6714BF7323772310F0800F18BF20
:10B7F000732310F4806F18BF732310F0010F18BF6C
:10B80000782310F0020F18BF782310F0080F18BF2C
:10B81000742310F4004F18BF742310F0040F18BFE6
:10B82000722310F4804F18BF7223736108230C2217
:10B83000F3813946032320460096FBF7D9FB2846BF
:10B8400005B0F0BD1225FAE7E7B80000CB640000B0
:10B8500010B5436F044613B1816F007A98472046B4
:10B86000BDE8104040E62DE9F0410546302700F1E3
:10B8700014086B690BB9BDE8F081EFF3118487F30D
:10B8800011884046FBF7FEFB034684F31188BFF3A3
:10B890006F8F90F824201AB10021FBF709FCE8E72C
:10B8A000827C446901328274D4F88C2043F8302FB2
:10B8B000C4F88C30237C092B06D90A23204684F84F
:10B8C0005030FFF7C5FFD4E7666941F28830760053
:10B8D00066611AF03DFA864294BF66616061204657
:10B8E0000DF0ECFCC5E7F8B5154612681C46A2F150
:10B8F000840000297CD069683E4B99424CD13E4B74
:10B9000090F8C510D3F8C830B1B343BB0123022669
:10B910000A2780F8C43052F8844C3CB92B68294679
:10B9200053F8080CBDE8F8400DF0D4BB94F8503043
:10B93000042B0DD003D8012B0AD02468EDE7053B7A
:10B94000032BFAD8204684F85070FFF781FFF4E704
:10B950000621204684F85060FAF7B0FCEDE74FF07E
:10B9600000524FF20F015180012B4FF000530FD0C6
:10B970004CF23C325A8009E04FF000524FF20F0176
:10B980005180002BF0D140F20123138008F09CF885
:10B9900040F202221A80F9E7184A21F0FF0393428D
:10B9A00015D1C9B2FBF7F2F80028B7D090F85030A3
:10B9B000042BB3D1002C14BF0223052380F8503090
:10B9C000C36F002BAAD02146FAF778FCA6E70C4AF1
:10B9D0009342A3D1C9B2FBF7D9F800289ED090F8C2
:10B9E0005030073B012B9CBF092380F8503095E76E
:10B9F000F8BD00BFEFBEADDEC80A002000BAFECA27
:10BA000000BAEFBE70B50D46EFF31186302383F315
:10BA100011884C6904F18C00FBF734FB04F1300011
:10BA20001AF084FAD4F8A40029461430FBF734FB4A
:10BA3000D4F8A420044902F12C000DF08AFB86F30F
:10BA40001188BFF36F8F70BD67B800002DE9F04F0C
:10BA500085B0EFF31188302686F311883B48FAF75A
:10BA600075FE0446DFF8EC9034B988F31188BFF313
:10BA70006F8F05B0BDE8F08F23681B797F2B4FEAED
:10BA8000931198BF0021EFF3118A86F3118865693D
:10BA9000BDB9022956D08AF31188BFF36F8F88F39E
:10BAA0001188BFF36F8FEFF3118886F31188B9F80F
:10BAB000003026480133A9F80030FAF747FE044663
:10BAC000D2E741BB94F824702FB184F824102046AB
:10BAD000FBF7EEFADFE795F850000DF0A4FBA8B1F4
:10BAE0002046FAF7B7FE0428D5D1696905F1300B75
:10BAF0005846EF6403911AF019FA23465846CDE9E7
:10BB00000077134A03991AF087FAC4E76B7B332155
:10BB100001336B73DBE7032914D1AB7B002BBAD065
:10BB200000212046A973FBF7C3FAD5F89430002B07
:10BB3000B1D005F19400FBF7A5FA014628460DF0B7
:10BB40004CFBA8E72046FAF785FEA4E7B80C0020D6
:10BB500005BA0000C80A002070B5EFF31186302343
:10BB600083F311880F4CB4F8F45165B90123A1781F
:10BB70000D4884F8F6311AF005FB86F31188BFF3FF
:10BB80006F8F002070BD04F5FC70FAF7DFFD002810
:10BB9000F3D0013DA4F8F45186F31188BFF36F8F01
:10BBA000F0E700BFC80A0020000004502DE9F84F5C
:10BBB000EFF31189302383F31188644DD5F8FC31FC
:10BBC0002C2BA3F12C0606D189F31188BFF36F8FBC
:10BBD0001B20BDE8F88F53F82C8CB8F1000F00F053
:10BBE000B380B4895A4F002C00F0A2800D220021AE
:10BBF00005F5007018F054F9564BB4F5006FC5E91F
:10BC000080384FF01308C5F80872C5F80C8260D868
:10BC1000013C0D22002105F50470A4B2D6F804A061
:10BC2000240118F03DF94C4B44F0405423400224C9
:10BC3000C5E9843AC5E98678D6F808A0BAF1000FBC
:10BC400012D0A04605EB081808F500731022002159
:10BC5000184618F025F9414A0134C8E9802A132210
:10BC6000C8F80872E4B2C26005EB04181022002183
:10BC700008F500700E3618F013F9394BC8E98167E2
:10BC8000C8F80032002305EB031191F802220133BA
:10BC900022F0100281F80222DAB2A242F3D9002483
:10BCA000304B95F890501C702F4B2946A3F5AC7281
:10BCB0002E4809F0C8FC01232D4AAB4029462B48E9
:10BCC000536509F0FBFC89F31188BFF36F8F2046A1
:10BCD0007FE7B4F5805F25D8D6F804A0DFF878B008
:10BCE0000D22002105F5047018F0DAF8C5E984BAD0
:10BCF000C5E9867873680D22002105F5087003F503
:10BD0000006A18F0CDF86FF40063E3189BB21B01D2
:10BD100043F0405303EA0B030324C5E9883AC5E91D
:10BD20008A7889E789F31188BFF36F8F212050E764
:10BD30001022214605F5007018F0B2F80D4BC5F839
:10BD40000872C5E980389DE7012042E7C80A002053
:10BD50003C80055060000030F07F00307000003003
:10BD600010001030803E0020C80C0020000004505D
:10BD7000001004506000103010B5EFF31184302330
:10BD800083F311880A4803882BB984F31188BFF321
:10BD90006F8F032010BD013B038000F5FE70FAF7A2
:10BDA00083FBFFF703FF84F31188BFF36F8FF1E785
:10BDB000C80A00202DE9F843EFF311884FF030094D
:10BDC00089F3118801271D4D1D4CAE782046314660
:10BDD0001AF0D8F93422002105F5147018F060F833
:10BDE000184A062182F8CD7007222A81B5F88422EC
:10BDF00005F5217361F30E1220463146A5F8842221
:10BE000005F198026B6009F01EFC04F58055204690
:10BE100009FB0644B74031466F6509F04FFC6F627D
:10BE2000236F43F002032367636E43F4801363665A
:10BE300088F31188BFF36F8FBDE8F883C80A00202C
:10BE400000000450803E002008B5FFF7B3FF00203B
:10BE500008BD10B5EFF31184302383F31188104B24
:10BE6000B3F8F421092A04D984F31188BFF36F8F42
:10BE700010BD817C013201318174D3F8F811A3F82F
:10BE8000F42193F8F62140F82C1FC3F8F801002A9A
:10BE9000EAD0002283F8F621FFF78CFFE4E700BF29
:10BEA000C80A00202DE9F04F85B0EFF31189302347
:10BEB00083F311884FF48872914CD4F804B0BBF826
:10BEC0000030DBF8085062F30E13ABF8003094F842
:10BED000633213B994F8583223B30723B4F85A8263
:10BEE0002381A844DBF80C30D4F8A47223F00303B8
:10BEF000384603A9D3F808A06360FAF788FC98B91C
:10BF0000039BCBF8083094F8621200293CD0C4E9B6
:10BF1000945AFAF73FFC89F31188BFF36F8F05B08D
:10BF2000BDE8F08FA846DDE7764E96F8CD1089BBC8
:10BF300094F862323BB1D4F85C3234227248C4F8CF
:10BF4000A83217F0ADFF4FF00008D4F8A8126F48E0
:10BF5000A1F80C80C1F80480FAF7A6FABB6C0720A0
:10BF60000133BB640123CBF80850C4F8A88286F8DB
:10BF7000CD30FAF74CFA2E28CDD1C4F850A2C4F82F
:10BF80005C82A4F85A82C4E75E4B93F8CD60002E21
:10BF900000F08D800191FFF7DFFD01990646C4F89E
:10BFA000A80238B915B12846FAF716FC002384F820
:10BFB0006332B0E7D8F8002003681A60B8F80420AC
:10BFC0009A8098F806209A7131B3CBF80850D6F8C9
:10BFD0000080002207214046FAF700FA054608BB18
:10BFE000D8F800004A4BC4F86402B8F8041098F876
:10BFF0000620304699809A71FFF72BFF0123C4F881
:10C00000A852C4F85C5284F8635284F85832C4F8D9
:10C0100050A2A4F85A527CE7002DD8D02846FAF74F
:10C02000DBFBD4E74FF0000884F858823368588867
:10C03000B08180B3B0F5857F30D9062331463377A0
:10C040003248FAF731FA46460720BB6CC4F8A8829A
:10C050000133BB642B4B208183F8CD50FAF7D7F91D
:10C060002E2848D10023D4F8A812C4F850A2A4F86E
:10C070005A32B6B12548FAF717FABB6C0133BB64E4
:10C0800000210025C4F85C12C4F8A852FAF782FB1C
:10C0900084F863523FE72E460720DBE745464646D5
:10C0A000D8E7002DEDD00846FFF7D3FEE8E70720DC
:10C0B0000125D4F8A82283F8CD50C2F8048020814D
:10C0C000FAF7A5F92E280F4B09D183F8CD50C4F803
:10C0D00050A2C4F85C62A4F85A62FAF75BFBD4F889
:10C0E000A8120A48FAF7E0F9BB6C0133BB640023DD
:10C0F000C4F8A8325AE7002E3FF458AFEFE700BF6C
:10C10000C80A0020803E0020180D0020400B0020AF
:10C110002C0D002000232DE9F3470D460A26434C41
:10C12000C4E9AD13C4E92113C4F8A412C4F8F8316A
:10C13000A367C4F8FC31C4F8F03184F8BC32C4F809
:10C14000B03284F88C30C4F88030284601A90CF055
:10C15000DEFF20B11927384602B0BDE8F08701980C
:10C16000FFF777FE013EF0D10A2323804FF480527F
:10C170002F4B1A604FF440622E4B69465A614FF0C4
:10C18000FF3203F500539A640122A3F58053DA6469
:10C19000D4F8A4723846FAF73AFB0028DAD1DFF86F
:10C1A000A080102231464046DDF800A0DFF89490D0
:10C1B00017F076FE204B38466946C4E9A139C4F829
:10C1C0008CA2FAF724FB07460028C3D108F110031C
:10C1D0000D2231461846DDF800A017F061FE174A1F
:10C1E00020F00303C4E9A52994F88622C4F890320C
:10C1F00066F30412D4F8A03284F886224FEA98023B
:10C2000062F39F0331463422C4F8A032A8F134000F
:10C21000C4F89CA2C4F8048017F042FEA86F0CF08A
:10C220005EFF002896D00723238194E7C80A0020E8
:10C2300000E100E000800550001110030011000330
:10C240004C0D00202480055013B5EFF311843023EA
:10C2500083F31188094BB3F8F421092A08D8D3F8DD
:10C26000A40201A90CF053FF10B90198FFF7F1FDEA
:10C2700084F31188BFF36F8F02B010BDC80A00208D
:10C280002DE9F04F89B0EFF311830193302383F34D
:10C2900011880026C74FFD1D0023C74CADF8123092
:10C2A000D4F85022ADF81030D4F85C32002A00F0F7
:10C2B0002E8293B9C14B93F8CD3073B1FFF74CFC8C
:10C2C000C4F85C0248B9C4F85002019B83F311889A
:10C2D000BFF36F8F09B0BDE8F08F94F85832029326
:10C2E000002B00F098802B68DFF8DC823B60AB8885
:10C2F000D8F80000BB80AB79B8F80420BB7198F87F
:10C3000006302860AA800D2104AA08F10800AB714C
:10C31000FAF764F848B3BDF81010D4F85C32013174
:10C3200089B278581B687A1818609088ADF8101098
:10C330009880927908F115009A71D4F85C321A68E5
:10C3400052889A81C1F107020731D2B2394484F888
:10C35000802217F009FF0E22002108F1070017F0D4
:10C360009FFD002384F8583254E00DF11200FAF7D3
:10C370001FF8002840F0CB81BDF81290B9F1000FF2
:10C3800000F0DC8008F10E034FF0010813F8012BD8
:10C39000142A40F0C6804FF0000A0DF1180B194620
:10C3A000C8F1070258460393CDF818A0CDF81BA09A
:10C3B00017F0DAFE0DF11F004246D4F85012A0EB40
:10C3C000080017F0D1FE0721584604AAFAF706F82C
:10C3D000039B002800F0A580D4F85C32BDF8101053
:10C3E0001B680BEB01025BF801103846196091885D
:10C3F000927999809A71D4F85C3251461A685288C1
:10C40000A4F85A829A810E2217F04AFD84F858A2A5
:10C4100084F880A2029E94F88082B8F1070F00F29F
:10C42000768194F862A2BAF1000F02D0002384F85A
:10C430006232DFF88891D4F85C3299F8CDB0BBF164
:10C44000000F00F07C81002E43D10DF11200029309
:10C45000F9F7AEFF002840F05A81BDF81210029B98
:10C46000B8F1000F00F01B81C8F10702D2B28A4276
:10C4700000F24D81B8F1070F00F049814246504962
:10C48000186817F071FED4F85C2294F880321068B6
:10C49000D4F85012C3F10702184417F065FEB4F83F
:10C4A0005A3294F8802207339B1AD4F85C82A4F89D
:10C4B0005A3284F88062D8F800A0324607215046EC
:10C4C000F9F78CFF002800F02281BAF80230A8F8B2
:10C4D0000C30D4F85C12002900F019818E89002EEE
:10C4E00040F008813748F9F7DFFFD4F8A422C4F8F8
:10C4F0005C62936C01339364B4F85A32D81DB3F57F
:10C50000857F80B200F20381F9F781FF002840F0B7
:10C51000F8810123C4F8500284F8633284F8800261
:10C52000D3E6B8F1060F06D008F101081FFA88F229
:10C530009145BFF42BAF002E7FF46CAF0720F9F7C5
:10C5400066FF064650B9D4F85C02FFF782FCC4F8D7
:10C550005062A4F85A62C4F85C62B6E62B680E21F9
:10C560003B60AB883846BB80AB79BB71D4F85032A6
:10C570001A682A609A88AA809B7904AAAB71F9F795
:10C580002DFF18B3D4F85C32BDF810201B68B858E2
:10C59000B918186088889880897906489971D4F804
:10C5A0005C3219684988A4F85A2299810E22002128
:10C5B000D5E600BF330D0020C80A0020803E0020D1
:10C5C000410D0020400B00202C0D00200720F9F722
:10C5D0001EFF064690B9B9F1060F40F29880D4F8D4
:10C5E0005022A9F1070902EB090352F80920C4F807
:10C5F00072229A88AA809B79AB71A4E70DF1120090
:10C60000F9F7D6FE0646002840F08180D4F8509213
:10C61000BDF812804846414604AAF9F7DFFEF0B1A2
:10C62000D4F85C32BDF810801A6859F8081009EB8C
:10C63000080311609988B54891809B7931469371C0
:10C64000D4F85C321A6852889A810E2217F028FCBE
:10C6500008F10703A4F85A3284F85862DAE608F1C0
:10C66000070080B2F9F7D3FE064600284FD1B8F193
:10C67000060F4CD9D4F85012A8F107028B188A582B
:10C68000D4F85C02C4F872229A88AA809B79AB71B4
:10C69000FFF7DFFBC4F85062A4F85A825BE7062973
:10C6A000029334D9B4F85A628E4230D2D4F8508210
:10C6B000891B04AA89B208EB0600F9F78FFE029BDA
:10C6C00028B3BDF810101A688B1908EB030058F84E
:10C6D000033013608388938083799371D4F85C323C
:10C6E0001A6852889A81B4F85A320B440733A4F876
:10C6F0005A32EEE6B6F5857F11D9062384480B77CA
:10C70000F9F7D2FED4F8A422936C01339364D4F8E1
:10C710005C0208B1FFF79DFBFFF74CFBD5E500235A
:10C72000B4F85A0289F8CD303044B0F5897FEEDA9A
:10C7300094F880329E4200F2D7800026ACE5002BB0
:10C74000E5D09A89904542D3D4F8A4A205A95046D1
:10C75000FAF75DF8D4F85C2203900028D7D1059B46
:10C76000DFF8B081184641469289029317F0FCFC2D
:10C77000D4F85CB294F88022BBF80C104046521AF0
:10C78000414417F0A0FCBBF80C1094F88022029BE7
:10C79000521A84F88022CBF804306FF40073D4F876
:10C7A0005C12B4F85A228889024408EB0300A4F80A
:10C7B0005A22F9F779FEDAF84820039B0132CAF8C9
:10C7C0004820C4F85C32012389F8CD3094E6BAF1F0
:10C7D000000F2DD0D4F85002B4F85A12A2EB080280
:10C7E0000144404417F06FFC94F880224949D4F882
:10C7F000500217F0B9FCD4F85022D4F85C3284F817
:10C8000080B25A60D4F85432D4F85C124048C4F86C
:10C810005032F9F749FED4F8A422C4F85CB2936C04
:10C82000A4F85AB201339364012389F8CD3063E64A
:10C830000DF112000292F9F7BBFD00287FF467AFFB
:10C84000BDF81210B4F85A32029A41441344994286
:10C85000FFF65DAFD4F8A4B205A95846F9F7D7FFA3
:10C86000D4F85C2200287FF452AF94F88032928989
:10C870007BB393423FF64BAFDDF814801A4625494F
:10C88000404617F071FCD4F85C3294F880029A8923
:10C89000B4F85A12D4F85032121A1944404417F01E
:10C8A00063FC84F880A2D4F85C321948C3F8048091
:10C8B000D4F85C12B4F85A328A891344A4F85A3274
:10C8C000F9F7F2FDDBF848300133CBF848300023AC
:10C8D00077E7DDF81480B4F85A12D4F850324046A5
:10C8E000194417F041FCDEE7C01A80B2F9F78FFD5A
:10C8F00018B9012384F86232E7E42E283FF41DAF13
:10C90000E3E42E283FF4C8ACDFE400BF330D002081
:10C91000400B0020410D002038B5184B184A9B6C85
:10C9200003F0010393643BB3164C174894F890103E
:10C9300019F03BFC0122154B1A70EFF311853023DF
:10C9400083F3118804F5FE70F9F700FF014604F542
:10C95000F870F9F7A9FD85F31188BFF36F8F0022F6
:10C960000B4904F52B700CF0F4FBD4F8FC311BB12F
:10C97000BDE83840FFF71AB938BD00BF0080055048
:10C9800000A00550C80A002000000450803E00208E
:10C990004DBA000038B50D4619F0D9FC19F0EAF986
:10C9A00004462D6819F0D3FC19F0E4F9031BAB42DF
:10C9B000F8D938BD2DE9F7430627177014464A68A1
:10C9C0001E46A2F58053FF2B81460D46DDF82880D8
:10C9D00075D80523D1B2638041F4805363602A7A0D
:10C9E000931E012B27D88438FAF7D0F80223054686
:10C9F0002372D0B190F8508040460CF014FC30B156
:10CA00000A2385F850302846FEF722FF0DE0B8F1E2
:10CA1000040F0AD109233946284685F85030F9F722
:10CA20004DFC10B96B7ADB06EDD4638804333360B8
:10CA300003B0BDE8F083052A16D18438FAF7A6F8CA
:10CA4000022323720028F0D090F85030012B01D03F
:10CA5000042BEAD1042380F85030052323726E4B57
:10CA60000B43C8F80030E0E7092A21D18438FAF7EF
:10CA70008DF808B92272D8E790F85030053B032BA7
:10CA800010D8DFE803F007021107082380F85030C0
:10CA90002372CAE7082580F85050F9F71BFC18B933
:10CAA0002572C2E70923F3E7092323725B4BD7E71B
:10CAB00004236380002363600323A360B5E7A2F52A
:10CAC000E063FF2B24D84F880C2F03D00023636032
:10CAD00003235CE05248D1B2FAF758F890B190F8CD
:10CAE0005030012B0ED1AB68EA6841F4E061C0E937
:10CAF0002623234643F8041FAA685A60EA689A600E
:10CB0000678092E700236360082363800423D4E7EF
:10CB100040F203239A4272D0B2F5017F21D2602AFB
:10CB20006AD007D8042A2FD9212A37D0002363607E
:10CB30000D232CE0B2F5007F26D040F202239A426A
:10CB4000F4D1042363808B681BB3012BBED1012376
:10CB5000344AA360C2F8C83040F20223636008235D
:10CB600048E0B2F5C06F21D00BD840F201339A42B1
:10CB70000AD0B2F5A06FD9D10B7A80F83830626054
:10CB800037E0B2F5885FD1D1002363601523A3603D
:10CB9000E5E724496260C1F8C830F8E762600B89B4
:10CBA000678023810B8920F8283C3EE7CB684361EE
:10CBB0001C4B8F68D3F8C022974217D8002500F18C
:10CBC0001408294640F2E730D3F8C4C24FF47A7211
:10CBD0000023E7FB0C0116F041FF43460146CDE977
:10CBE0000055114A09F1180019F08AF84FF4C06392
:10CBF00063600423638018E78B68C360BFE70B7A28
:10CC000062600822003B628018BF01230022A260FC
:10CC100080F8413009E700BF00BAFECA00BAEFBE93
:10CC2000843E0020C80A002095C900002DE9F04F7D
:10CC30000646C06C8FB0036908A998470290002887
:10CC400040F06A82DDF820A096F85030DAF8004013
:10CC50006BB905212046B4F80520F9F76BFB10B13C
:10CC60002378142B03D05046F9F7F4FD54E294F8DE
:10CC70000480BAF80C30B8F17F0F4FEA981594F899
:10CC8000019098BF00256788DBB93B1E18BF0123C0
:10CC90000593736D49460A339F42304628BFAAF870
:10CCA0000C30F9F773FF044668B9022D07D005234D
:10CCB000014600934A4603463046FAF72EFA089892
:10CCC000D2E70023E4E790F85030042B08D13DB9B7
:10CCD000052380F85030C36F13B12946F9F7EEFAF7
:10CCE00094F8506030460CF09EFA049018B1082E6B
:10CCF00009D1022D07D00523009300234A4621467F
:10CD0000D4F8A400D9E7089B15F0FD0F5C6111D1A0
:10CD10001B7F7BB908F00703EFF3118203923022E7
:10CD200082F31188D4F88C202ABB039B83F31188EB
:10CD3000BFF36F8F059B0898002B95D117B14368FF
:10CD4000002B91D0027F62B1E37A0092D4F8A40064
:10CD50004A462146FAF7E1F9002308980377F9F7E4
:10CD600079FD002F00F0FC80022F00F2E580062202
:10CD7000E37A0092C2E752F8302CE17B1279C2F3D9
:10CD80000212501C114400F0070001F00701884214
:10CD900000F292808342C8D38B42C6D8934298BF98
:10CDA00008339B1ADBB206930023237419F028F88A
:10CDB000D4E90626B0EB020A61EB060BBC4991F8F8
:10CDC000CE20002A7FD000234FEA5A0646EACB76CF
:10CDD0004FEA5B02C4E908ABC4E90A6281F8CE30CD
:10CDE0000520079218F0B4FF0023079A864272F1DB
:10CDF00000013CBF1A4606464FEA820242EA96729A
:10CE00004FEA860638BFC4E90A0316EB0A0641F268
:10CE100088304BEB020A18F09BFF4FF0000BB0423A
:10CE20007BEB0A0307D3052018F092FFB0427BEB9F
:10CE30000A0B38BF3046606104F1300019F076F813
:10CE40004FF0010A04F18C063046FAF71BF9817C99
:10CE500000296ED1FAF72CF9637B069A01336373CC
:10CE6000E37B013BE373029B013302939DF808309F
:10CE70009342E9D3039B83F31188BFF36F8F4FF085
:10CE8000300A04F19006D4F89030002B3FF452AFF2
:10CE9000637B002B3FF44EAFEFF3118B8AF31188C5
:10CEA0003046FAF7EFF801468BF31188BFF36F8F26
:10CEB00020460CF092F9E6E78B427FF66FAF834293
:10CEC000BFF46CAF31E7D4E90810514570EB0B03A8
:10CED000D4E90A324FEA930343EA8273B4BFAAEB60
:10CEE000010CA1EB0A0C9208DE1842EB020EF618B8
:10CEF0004FF007034FEAD1014FEA9C0C41EA407121
:10CF000042EB0E0216EB0C06A1FB031C4FEAD0000D
:10CF100003FB00CC4FEADA0A4AEA4B7A42F10002FC
:10CF200011EB0A0A4CEBDB0BC4E90A62C4E908AB5B
:10CF300056E780F824A08FE7089ABB1E50689FB27E
:10CF400010FA83F35A78C35D394643EA0222F9F7AF
:10CF5000F1F928B9002D7FF4B2AE0122E37A08E797
:10CF6000089E002D40F0E480627AADF82470D70767
:10CF7000CDE90A55D4F8A400E37A07D50621227A30
:10CF800000912146FAF7C9F830466DE6C8F3021160
:10CF900099420CD05A1E914205D00BB9072902D0F4
:10CFA0000221227AECE720460CF0F5F8ECE718F0C5
:10CFB000080F0ED13146204609AAFEF7CBF90346E9
:10CFC000D4F8A400002B00F084800421E37A227AB4
:10CFD000D6E7227A1AB1062300930B46D1E73146F1
:10CFE000204609AAFEF7B6F9D4F8A49030B104217E
:10CFF000E37A227A484600912146C3E7BDF824200F
:10D00000032A64D9D6F80480B8F8023004339A426F
:10D010005DD148460AA9F9F709FC09F1840A0746D7
:10D0200090B90A990D4645F80CAB98F801304B734E
:10D0300098F80030022B33D0032B3BD0002B42D189
:10D040000B73CB8104230B93706830B1D4F8A480A8
:10D05000F9F7C2FB4046F9F733FA00233046736014
:10D06000F9F7F8FBE37A2046013303F00703E37294
:10D070000CF091F8002F4FD10A9F1123294620462A
:10D08000BDF82C200097F9F74EFF002844D0A66D7C
:10D09000002E41D033233A462946207AB0473BE060
:10D0A0002A46414650460BABF9F7B8FDCCE700BF26
:10D0B000803E0020043100912A46414650460BAB89
:10D0C000FFF778FCC0E7D9F87C000CF003F82127C3
:10D0D000BAE73146BDF8243004F18402F9F70EFCBA
:10D0E000E8B10321E37A227A0091D4F8A400214622
:10D0F000FAF713F83046F9F7ADFB8F4B93F8CC20D5
:10D10000052A09D1D4F89820013AC4F89820D3F818
:10D11000E420013AC3F8E4200FB0BDE8F08FE36DDE
:10D1200013B1216E207A984700254FF0FF3799E719
:10D13000022D2ED108F03008B8F1100F94F850509D
:10D1400020D173681B78013B042B1ED8DFE803F065
:10D15000141A1A1F03000A253046F9F77BFB049BBB
:10D16000002BD9D004F1300018F0E0FE204684F8FE
:10D170005050FEF76DFBCFE7D4F88C3013B120464A
:10D180000CF09CF800230493E6E70C25E4E70B255C
:10D19000E2E70023CDE90933637A98077FF5F4AE1F
:10D1A00018F037081AD159073FF5EEAEB3898BB1A5
:10D1B0003B463146D4F8A40004F18802F9F79EFBFF
:10D1C00000287FF4E1AEE36E002BA5D0216F207A1A
:10D1D0009847A1E73046F9F73DFBF4E7B8F1040FB3
:10D1E00040F09780237A002B7AD1032F78D9D6F894
:10D1F0000480B8F8023004339F4271D1D4F8A4A05F
:10D200000AA950460AF18409F9F710FB002867D1F2
:10D210000A9D2F4647F80C9B98F801306B7398F8DD
:10D220000030022B26D0032B39D0012B53D12B7386
:10D230000423EB81082309933F4BD3F8C8303BB15B
:10D24000012B13D10BA8F9F760FC9DF82C306BB1C2
:10D2500000232B61394B6B6000950523394620462E
:10D26000BDF82420F9F75FFE05463BE001232B6162
:10D270000023F0E7D8F80430202B09D05A1E032AE7
:10D2800006D923F01002402A02D0B3F5007F19D14D
:10D290003A464146484609ABF9F7C0FCDCE7D8F806
:10D2A0000430A3F20222012A03D9212B01D0602BE2
:10D2B00008D12B1D00933A464146484609ABFFF77B
:10D2C00079FBC9E70D230022C5E904230823EB817C
:10D2D0000C230993C0E72946DAF87C000BF0FAFE2C
:10D2E000002701253046F9F7B5FA002F3FF414AFB7
:10D2F000099B002B3FF410AF002D3FF40DAF656E7E
:10D30000002D3FF409AF332339460A9A207AA84703
:10D3100002E7B8F1310F7FF437AE3046F9F79AFAE9
:10D32000227A002A7FF4F8AE628109231146204652
:10D330000092F9F7F8FDEFE6C80A0020EFBEADDE77
:10D340002DE9F043012906460F4615469846A9B037
:10D3500077D8130778D1046824F04003802B02D0DB
:10D36000B4F5807F73D12022002120A816F098FD0B
:10D37000384A394BE408012F08BF134601271F9391
:10D3800044F00054331D1C931D971E94334C0DF133
:10D39000040C1CAB93E807000DF110098CE80700A2
:10D3A00019ABCDF864801A971B9493E8070016AB6D
:10D3B00089E80700CDF858801797189493E807007C
:10D3C000309B45F0005E07AC84E807001393149788
:10D3D00013ABCDF854E093E80700319B0DF128081A
:10D3E00088E80700109310AB1197CDF848E00DAF17
:10D3F00093E8070087E8070061461FA808F0E1FAF4
:10D4000049461FA808F0DDFA41461FA808F0D9FADE
:10D4100039461FA818F045FF21461FA818F041FF04
:10D4200031681FA8C90818F0E4FE29461FA818F0A3
:10D43000E0FE1FA818F0E6FE18F0C8FE29B0BDE80F
:10D44000F0836FF02000F9E76FF02100F6E76FF04E
:10D450001F00F3E703020004030201041000002090
:10D46000014B1868704700BF880D00204FF0FF3057
:10D47000704710B5044600B9FEE7037F1BB143694E
:10D4800098470023237710BD38B5044600B9FEE75E
:10D49000038B428B9A420CD900220133027703831B
:10D4A000D0E90253984701462046A8470123237735
:10D4B00038BD036A01330362BDE83840D9E7014B48
:10D4C0001B691847900D002010B5EFF3118430222E
:10D4D00082F31188094A02F14801431A1E21DB1028
:10D4E000B3FBF1F32420DBB200FB0320FFF7C1FF05
:10D4F00084F31188BFF36F8F10BD00BF900D002023
:10D50000014BD3F838321847900D002010B5EFF3D7
:10D510001184302282F31188094A02F50A714832D7
:10D52000831A1E22DB10B3FBF2F32420DBB200FBD4
:10D530000310FFF79EFF84F31188BFF36F8F10BDB8
:10D54000900D00202DE9F843064614460D46FFF7DE
:10D5500090FF3369984700272D1947EB07032C1AD2
:10D5600063F10005012C75F1000306DA336A3046D9
:10D5700001333362BDE8F8437BE7D6E9028398477D
:10D58000A04277EB05031CD2F36898473B4602465E
:10D590002946204616F062FAF368914698473B46C2
:10D5A00002462946204616F059FA4C4683B200221C
:10D5B0007383214630463283C04701233377BDE869
:10D5C000F8833B46F3E770B50D4C054604F148037C
:10D5D000C31A1E20DB10B3FBF0F32420DBB243435D
:10D5E000E658E01806B9E550EFF31184302383F3D1
:10D5F0001188FFF7A7FF84F31188BFF36F8F70BD09
:10D60000900D002070B50E4C0546A4F5F073C31ABA
:10D610001E20DB10B3FBF0F32420DBB24343E658BB
:10D62000E01806B9E550EFF31184302383F3118835
:10D63000FFF788FF84F31188BFF36F8F70BD00BFC1
:10D64000B80F0020FEE710F0010217D10C4B19783B
:10D6500001EA000303F00F0301EA101143EA01009D
:10D66000830709D410F0040009D0012305485B4268
:10D6700003F0F003184470471346F7E700207047A3
:10D680007C3F0020D80D0020114B03F14802821A84
:10D690001E20D210B2FBF0F2D2B203EB4200B0F87F
:10D6A000700203F51D730144002089B203EB82135D
:10D6B0001A888A4201D19A783AB90130102803F1C8
:10D6C0000403F5D14FF0FF30704700B2704700BF40
:10D6D000900D002038B504460D46FFF7D5FF80B207
:10D6E0000F2823D91E21124AA31ADB10B3FBF1F332
:10D6F000DBB202EB831202F22E21002211F822008B
:10D7000020B10132102AF9D1032038BD094918018E
:10D7100000FA82F201EB820201EB4301B1F87032B0
:10D720001D440123A2F8745282F876320020ECE7FF
:10D73000D80D0020900D0020154B30B503F14802A4
:10D74000821A1E20D210B2FBF0F24C880D88D2B2A1
:10D7500025448C8803EB4200C988B0F870022C4441
:10D7600021440144002003F53D7389B203EB821389
:10D770001A888A4201D19A783AB90130102803F107
:10D780000403F5D14FF0FF3030BD00B2FCE700BF1D
:10D79000900D00207047A0F14103052B03D83738C6
:10D7A000087000207047A0F16103052B01D857389D
:10D7B000F6E73038C0B20928F2D90720704770B5B3
:10D7C000436804460D4623B9BDE870404B680068C5
:10D7D00018478B689847636801469A68831A002B3C
:10D7E000B8BF121A2B682068A8BF0022BDE870409D
:10D7F000184738B50C461146E2680346944206D0F5
:10D800004568AC420BD14260FFF7D9FFE46038BDF8
:10D8100094420DD01146D268002AF9D1F6E72A4683
:10D820000021F9E7CB68002BF0D0DB68CB60EDE797
:10D830000029F7D1002DE9D0EA685A60E6E770B513
:10D84000466804460D467EB18B689847B368C01A97
:10D85000002809DB20462A463146FFF7CAFF30463A
:10D860007368BDE87040184729462046BDE87040FF
:10D87000A5E701490830E2E7D066020001460068EA
:10D88000014A1030B5E700BFDC66020001491030E4
:10D89000D5E700BFDC6602000122024B002083F8BE
:10D8A00074237047900D00200020024B83F874030E
:10D8B000704700BF900D0020704700F0180010283E
:10D8C00005D0A0F1180358425841C0007047042009
:10D8D000704700F007030120984010F0220F09D193
:10D8E00010F0880F08D100F04400003818BF012064
:10D8F000C0007047042070471020704708B54307E8
:10D90000024608D0FFF7D9FF12F0180F0CBF053000
:10D910000630C0B208BDFF20FCE710B58379046A69
:10D92000022B1CBF02238371A36C2BB1236D1BB18F
:10D93000206C98470023236510BD2DE9F3470E4660
:10D94000044618B9072002B0BDE8F0870378302BF1
:10D9500030D1437803F0DF03582B2BD10127023459
:10D9600000224FF0993915464FF00A08DFF868A0F9
:10D9700020780FB30DF10701FFF70DFF0028E1D16B
:10D98000B5F1805FDED22B0143EA127312019DF8DC
:10D9900007100020891853F1000328BF01200A4610
:10D9A0001D460028CED114F8010F0028E0D1C6E9A9
:10D9B0000013C8E70027D3E73038C0B20928C1D820
:10D9C00091457AEB05038DF80700BBD3A2FB082332
:10D9D00008FB0533DBE700BF9999991913B50C468D
:10D9E0006946FFF7AAFF50B94FF0FF32009B9A42F9
:10D9F000019A70EB020202D3236002B010BD07202F
:10DA0000FBE710B5C38802899C1C94420BD80268BE
:10DA1000D4186478D35C43EA04230B80C3880233B0
:10DA2000C380002010BD0620FCE770B5C4880389C0
:10DA3000221D9A4211D805682A19937856782C5DD0
:10DA40001B04D27843EA0623234343EA02630B60B4
:10DA5000C3880433C380002070BD0620FCE770B586
:10DA6000C288038902F108049C421CD80568AC18DE
:10DA7000A3786678AA5C1B0443EA06231343E27882
:10DA8000657943EA0263227942EA0522A579E479BD
:10DA900042EA054242EA0462C1E90032C38808331F
:10DAA000C380002070BD0620FCE700F1B401903077
:10DAB000A7E70C20704707B590300DF10601FFF77E
:10DAC000A0FF00280CBF0C20062003B05DF804FB6B
:10DAD000FEE7FEE737B5002300220446CDE9002328
:10DAE000FFF7EDFC6946054604F19000FFF7B7FF2C
:10DAF00070B9DDE90032AB4272F100010AD35B1B61
:10DB000062F10002C4F89839C4F89C2903B030BD12
:10DB10000620FBE70720F9E7074BD3F8782300231B
:10DB200052F8041F884201D1D8B270470133042B48
:10DB3000F6D10020704700BF900D002037B5044695
:10DB40000DF106019030FFF75CFF0546F8B9236838
:10DB50009A6CF2B1DC69BDF806102046FFF794FD1F
:10DB600083B20F2B17D80D4B03F14802A41A1E22C3
:10DB7000E410B4FBF2F4E4B200EB041003EB800316
:10DB800083F87652A3F87452284603B030BD0625B8
:10DB9000FAE70D25F8E70A25F6E700BF900D00200B
:10DBA00013B504460DF106019030FFF72AFF48B97E
:10DBB00023689A6C4AB1BDF80610D86902B0BDE876
:10DBC000104087E5062002B010BD0D20FBE713B51D
:10DBD00004460DF106019030FFF713FF60B923688A
:10DBE0009A6C5AB1BDF80620B3F86010914201D08A
:10DBF000A3F8602002B010BD0620FBE70D20F9E776
:10DC0000084608B51146FBF75EFF002818BF6FF005
:10DC10003B0008BD10B518F0F3F8124B8342124BCD
:10DC20008B411DD3114B1A68D2B14FF47A74A0FB0B
:10DC3000040304FB0131531E13420DD1B2FA82F2E8
:10DC4000C2F11F04531CD243E04001FA03F318430E
:10DC500021FA02F2104310BD002315F0FFFEFAE78F
:10DC6000FEE700BFEFA7C64B378941008C0D0020AF
:10DC700007B50A4600B9FEE7037F03B1FEE7074B8D
:10DC800001900093416801234FF0FF3016F091FBA3
:10DC900000B1FEE703B05DF804FB00BF3B6102008A
:10DCA0004FF0FF3016F071BD00B9FEE741684FF04C
:10DCB000FF3016F08EBB38B5124C94F87433E3B1D4
:10DCC000E9B115681049284616F0E6FA014668B928
:10DCD000D4F87C0316F0F9FD10B90024204638BDB5
:10DCE0000124214609480AF0A1F8F7E72846084927
:10DCF00016F0D2FA18B90121EAE70D24F1E707245A
:10DD0000EFE700BF900D0020C2880200D18802001A
:10DD1000C988020010B50F4B93F8743393B1B9B1B1
:10DD200014680D49204616F0B7FA20B90BF038F800
:10DD30000024204610BD2046084916F0ADFA38B937
:10DD40000120F3E70D24214605480AF06FF8F0E7BB
:10DD50000724F8E7900D0020C2880200C98802005D
:10DD6000D188020037B5094D04460DF10601D5F8FA
:10DD70007C0316F0E2FB38B9034622469DF80610F4
:10DD8000D5F87C0316F033FB03B030BD900D0020B6
:10DD9000002330B585B0CDE901330393FF230D4D4A
:10DDA0008DF80430D5F87C0316F023FB044670B9D7
:10DDB0000DF10201D5F87C0316F0BFFB9DF80210AF
:10DDC000D5F87C0301AA16F019FB00B1FEE7204646
:10DDD00005B030BD900D002008B5054BD3F87C038D
:10DDE00016F0E0FA00F00300C31E5842584108BD87
:10DDF000900D00200139013811F8012F10F8013F72
:10DE00003AB9002B14BF01200220831E584258410A
:10DE100070479A42F0D00020F7E710B5A1B114681E
:10DE20000A492046FFF7E6FF30B10020FFF79AFFCE
:10DE3000003818BF012010BD20460549FFF7DAFF62
:10DE400010B1FFF7A5FFF3E70720F4E7E68802002B
:10DE5000EC88020010B5A1B114680B492046FFF709
:10DE6000C9FF30B10120FFF77DFF003818BF012046
:10DE700010BD20460549FFF7BDFF10B1FFF788FF31
:10DE8000F3E70720F4E700BFE6880200EC88020011
:10DE900038B5056804463DB128460AF097FF284684
:10DEA00017F05AFE0023236038BD37B503680446D7
:10DEB0009A6C82B31948DB69A0F50B729B1A1E227B
:10DEC000DB10B3FBF2F3DBB24022002100EB831046
:10DED00015F0E6FF04F19005B4F89830B4F89620F8
:10DEE0009B1A9BB2012B01D8002012E028460DF1AD
:10DEF0000601FFF786FD58B923689A6C5AB1BDF840
:10DF00000610D869FFF7E6FB0028E5D0032000E003
:10DF1000062003B030BD0D20FBE700BF0410002039
:10DF2000012973B50D4603D00726304602B070BDF7
:10DF300010680028F8D003782D2B21D101306946D4
:10DF4000FFF7FBFC06460028EED1009C05F10042DD
:10DF5000013AA242019A4FEA40039341E4D305B14A
:10DF6000644204F18003FF2BDED80A4D04EB8401E8
:10DF70004900D5F87C0309B20EF0BEFD30B1FEE7D2
:10DF80002B2B4FF0000508BF0130D8E785F8804300
:10DF9000CBE700BF900D002008B5054B00EB8000DB
:10DFA0004100D3F87C030EF0A7FD00B1FEE708BDE9
:10DFB000900D0020012B08B50DD0022B15D0D3B940
:10DFC0008A4237BF4368511A5B1A01683CBF521A34
:10DFD000D11888B208BD8A4289BF4368891A9B1A42
:10DFE000026884BF891AC918F3E7C721034B044AA2
:10DFF00004480DF05FFC0021EBE700BFF188020050
:10E00000F78802005189020010B5074BD3F8784316
:10E0100004F58D500830FDF703FB00B1FEE704F571
:10E02000805484F8A60110BD900D0020084B03F524
:10E030006172D2E8AF2FD20707D493F8842322B9B4
:10E04000C3F88823012283F884230248704700BF65
:10E05000900D00201811002008B513468288232A4D
:10E0600005D90A460068012107F027FE00B1FEE746
:10E0700008BD0EB4034617B505A951F8040B5C6939
:10E0800001910CB19A69A04703B0BDE8104003B0FC
:10E09000704770B5012905461446C2B005D1126813
:10E0A0001649FFF7E6FF00200EE002290BD11449C4
:10E0B0001068FFF79FFE30B101AE31466068FFF790
:10E0C0008DFC034610B1072042B070BD31680A24B0
:10E0D000FF2928BFFF2102A88B4206D1002202A9F6
:10E0E000CA5428460A460549DBE7B3FBF4F204FBB1
:10E0F0001232303200F8012B0133EDE7BA8B020007
:10E10000C889020013B50C4629B90E49FFF7B1FFC3
:10E11000204602B010BD012904D169461068FFF7FE
:10E120000CFC08B10724F3E7009B019AB3F5807F4C
:10E1300072F10002F6D20B3BDBB20F2BF2D80C24AB
:10E14000E6E700BFCB89020070B586B011B90C209C
:10E1500006B070BD14681D492046FFF74BFE00282D
:10E16000F5D120461A49FFF745FE0028EFD11023CC
:10E17000ADF8143044B3204616F0A0F8431C212B10
:10E180004FEA530520D801AE00F001003544AE42FD
:10E19000DDD0B8B920780DF10301FFF7FCFA98B98A
:10E1A0009DF8032001341201D2B220780DF1030151
:10E1B000FFF7F1FA40B99DF8033001341A4306F82D
:10E1C000012BE4E70022F0E70720C1E7C288020044
:10E1D000C98802000368006E93F844100AF062BD1B
:10E1E000044B006E93F88C13490001F0FE010AF015
:10E1F00059BD00BF900D00203221006E0AF052BDC3
:10E20000AF21006E0AF04EBDF8B505460E4600245B
:10E21000012707FA04F3334204D10134202CF8D14A
:10E220000020F8BD286EE1B20AF03CFD0028F4D0D1
:10E23000F7E7D0F8B010E7E70049E5E700F8FF0797
:10E240000049E1E700F8FF070368996C41B190F8D5
:10E250007139034493F97619013118BF012149003E
:10E26000006E0AF01FBD0346002110B400F1100239
:10E2700053F8044F0CB10131C9B29342F8D1006E8A
:10E280005DF8044B0AF00EBD0021006E0AF00ABDD5
:10E290000421006E0AF006BD90F8E010006E0AF04E
:10E2A00001BD9C21006E0AF0FDBC0221006E0AF047
:10E2B000F9BC232070477F2973B51DD9B1F5804F74
:10E2C0001CD3B1F5001F1BD3B1F1805F34BF042212
:10E2D000052200246D46561EB442CBB212D102F183
:10E2E0000801694403F07F0301F8093C00686946AE
:10E2F0000AF006FC02B070BD0122EAE70222E8E75C
:10E300000322E6E763F07F0305F8013BC909013406
:10E31000E2E72DE9F0470568044695F81C900E46A3
:10E32000B9F1020F25D0AB6AD0F82C80984523D1E3
:10E330004B464146EA6A2846FFF73CFED4F828A03F
:10E3400007464B46524641462846FFF733FE874272
:10E3500012D9C5F82CA094F825300021204684F865
:10E360002430FFF7A8FF28B931462046BDE8F04722
:10E37000A1E70D20BDE8F0870720FBE70221603010
:10E38000C7E7D0F8AC10603095E710B500F1600435
:10E3900004212046FFF78FFF20B92046BDE810403A
:10E3A000032188E710BD0321603084E7002160303D
:10E3B00081E710B500F1600405212046FFF77BFFDF
:10E3C00040BB0C212046FFF776FF18BB18212046E2
:10E3D000FFF771FFF0B922212046FFF76CFFC8B9A3
:10E3E00040F201212046FFF766FF98B94021204600
:10E3F000FFF761FF70B941212046FFF75CFF48B984
:10E4000042212046FFF757FF20B92046BDE81040C3
:10E41000432150E710BD0B2160304CE704216030F0
:10E4200049E750F8603BB3F8581041F0340142E737
:10E4300030B5164A87B002AC5168054610682246CE
:10E4400004AB03C3124B134913F801098B4202F8C2
:10E45000010BF9D10822204604A916F0CAFE60B9C2
:10E460000D4B9A6CDB6CCDE900236A46234613F80A
:10E47000011D9A4204F8011BF9D10822286E0DEB08
:10E4800002010AF03DFB07B030BD00BF528A020016
:10E490000900E00F0100E00F0080E00F0168082292
:10E4A000006E62310AF02CBB0368006E996C003973
:10E4B00018BF01210AF0F8BB90F87139034493F8B2
:10E4C0006A19006E0AF0F0BB0021006E0AF0ECBB86
:10E4D00090F87139034493F87A19006E0AF0E4BB9E
:10E4E0002DE9F0431E4BC3B0B3F88E230123120A6B
:10E4F000934040F2A17213420FD04FF0000902AFD7
:10E500004FF480720021384615F0CAFC4D46154C78
:10E51000154EDFF8608023781BB9002043B0BDE8BA
:10E52000F083124B05F00302032A18BF4346019300
:10E5300056F8043B4FF4807100930D4A234607EBD5
:10E5400009000DF069FE14F8013B002BFBD16A1C99
:10E55000D5B212F003021CBF4844C2B29146DAE7BA
:10E56000900D0020E8660200803D0020518A0200E4
:10E570005E8A02005B8A0200034668B1017E8A1E41
:10E58000012A0BD80329C26903D1012A01D1FBF763
:10E590007ABA1AB1013ADA61002070476FF096003A
:10E5A000704707B500216A4608F022FB8C3018BF7F
:10E5B000012003B05DF804FB13B500216A46044650
:10E5C00008F016FB8C3002D1002002B010BD0021F3
:10E5D000204608F030FB014610B16FF09800F4E7D8
:10E5E0006A46204608F004FB8C30EDD0F5E72DE9B3
:10E5F000F04F05461646884687B0002900F0A080F7
:10E60000002A00F09D80B2F5005F80F09C8002F14E
:10E6100024073946012007F0DDFF0446002800F0FA
:10E6200095804FF0000A4B4AC0F808A0D2F8E430B9
:10E6300041460360D2F8E830243040F8203C6B6853
:10E64000324640F8183C2B8820F8143C6B8820F8A0
:10E65000123CAB6840F8103CEB6840F80C3C2B696E
:10E6600040F8046C40F8083C15F07EFDD5F81480A5
:10E670004046FFF796FF01285FD040F26C739F423F
:10E680003DD806F1340949460120CDF810A007F025
:10E69000A1FF054698B349460DF1100B07F022F88B
:10E6A0002B46012240465146CDE901ABCDF800A0F2
:10E6B00008F05CF90646D0B9274B3A462146C5E931
:10E6C00002802B60686005F1100015F04DFDDDF84B
:10E6D00010A04B462A465146204806F0BBFBC0B965
:10E6E000504607F04BFB013008BF6FF08606284606
:10E6F000494606F0F7FF284617F02EFA66B16FF08C
:10E70000980539462046F9F79BF9284607B0BDE839
:10E71000F08F6FF09106EAE75A464046314608F01E
:10E7200067FA054620B9049B9F42EAD06FF098052E
:10E730004046002108F07FFAE3E76FF08A05E0E742
:10E740006FF08605E1E76FF08D05DEE76FF08C0571
:10E75000DBE700BFD0660200105D175ED80A00201C
:10E76000094B091A891030B5594302460023242564
:10E770008B4205FB032004D0046A04B130BD013391
:10E78000F6E70020FAE700BF398EE33870B50D4692
:10E790000668EFF31182302181F311880021046AA9
:10E7A000016282F31188BFF36F8F002C00DC70BD13
:10E7B0003046013CA847F8E7022016F051BD08B5E5
:10E7C0000C4AD2F898335BB9D2F89C336BB9FFF797
:10E7D000F3FF40B9BDE808404FF4F85016F040BDD3
:10E7E0001B68012BF0D1012008BD1B68012BEED165
:10E7F000F9E700BF900D00202DE9F3410F4C84464E
:10E80000D4E9E86586EA020885EA030708EA000811
:10E810000F4058EA07000DD0D4F87C0350B1CDE981
:10E82000002386EA080662460B467D4015F066FE28
:10E83000C4E9E86502B0BDE8F08100BF900D00209A
:10E8400038B5104B0D4603F14802841A1E22E4101D
:10E85000B4FBF2F4E4B203EB4402A2F87012D3F872
:10E860007C03224616F01FF800B1FEE74FF6FF7357
:10E870009D4206D00123044A01341178A3400B4382
:10E88000137038BD900D00207C3F002073B5054605
:10E890000DF106019030FFF7B4F8044670B92D6809
:10E8A000AB6C6BB1BDF806606B6D3146D869FFF794
:10E8B000C7FFA5F84660204602B070BD0624FAE7FF
:10E8C0000D24F8E708B5084B03F14802821A1E2010
:10E8D000D210B2FBF0F2D3F87C03D2B215F0E9FF0C
:10E8E00000B1FEE708BD00BF900D002037B505461A
:10E8F0000DF106019030FFF784F8044668B92B68E3
:10E900009A6C62B1BDF80610A3F85E105B6DD86911
:10E91000FFF7D8FF204603B030BD0624FAE70D24E8
:10E92000F8E7074AB2F8B033FF2B07D092F8AE03EE
:10E93000FF2803D0C01A18BF01207047002070477D
:10E94000900D0020FF2330B585B08DF804300023F2
:10E950000546CDE90233FFF7E4FF1B4C0246D0B178
:10E96000B4F8AE33AB4204D0B4F8B033AB4200D00D
:10E97000FEE716F0ABFC1549D4F87C0315F0F2FF66
:10E9800000B1FEE74FF48062D4F87C03114615F025
:10E9900008FE40B1FEE74FF48061D4F87C0315F027
:10E9A00000FE00B1FEE7D4F87C03294601AA15F069
:10E9B00025FD044630B901460B2017F0CDFB20465B
:10E9C00005B030BD0120FBE7900D0020381100207C
:10E9D000F0B589B0FFF7F0FE00B9FEE73D4CD4F882
:10E9E000941301B9FEE7102016F03AFC8B8800263C
:10E9F0008DF80B3001230DF10B011A46D4F87C037E
:10EA000015F089FE9DF80B20D4F89413023A0023E8
:10EA100092B20968D4F87C0315F07DFE2E4B059662
:10EA20000693D4F89433079693F82C2020208DF881
:10EA300014201B6805AF1D78C5F3401516F010FCB7
:10EA400050B10AF0BBF93146202016F0F1FB3146F7
:10EA50004FF4004016F0ECFBD4F89463D4F87C43F8
:10EA60007369C3B9102016F0FBFBB17968B11B4B79
:10EA7000327E20469A711A7C0433DA702A46009757
:10EA800015F0B1FC00BB09B0F0BD3B462A4620465C
:10EA900015F0A7FCF6E70022962104923269204681
:10EAA00013440E4AA3F59B7311831432B179039377
:10EAB000009201972A4603AB15F097FC20B901217B
:10EAC000402016F0B5FBDEE74FF4805017F084FAD3
:10EAD000D9E700BF900D002020A107007C3F002057
:10EAE00010B5084A92F8B41351B90124102882F8DD
:10EAF000B44300D0FEE716F09BFBBDE8104067E78B
:10EB000010BD00BF900D0020034670B558B30268D9
:10EB1000022A28D14279817995001348B1B1012A9E
:10EB200019D85242A0F5547402F0F002144428445B
:10EB30001E79FFF7ADF994F8E43076B29BB1206A04
:10EB40003146BDE870405430FEF7E7BE2844BDE8CA
:10EB50007040FFF79DB928441B79FFF799F900230E
:10EB600093F8E430FFDE70BD2811002038B514465C
:10EB7000002A39D0D168936801391C4D9942D5F8E3
:10EB80007C034FF0FF3118BF002115F039FC10F560
:10EB9000007F0CD180232374A368E26801339A427A
:10EBA000A3600FD92046BDE8384009F0FDB8002821
:10EBB00094F91030B8BF033040F387008342B8BFE8
:10EBC0002074E9E794F91030237102232360A379BC
:10EBD00013B12046FFF798FFD5F87C030022BDE86B
:10EBE0003840802115F0DDBC38BD00BF900D0020FD
:10EBF00008B5074BD3F87C0315F09DFC30B1054BED
:10EC0000B3FBF0F083B20BB1184608BD0120FCE75E
:10EC1000900D002040420F00F8B506462C4D336899
:10EC20000C46D5F87C031BB3972115F038FE02463D
:10EC300000B1FEE73168D5F87C030DF095FD00B119
:10EC4000FEE73168D5F87C0315F05EFC317981422E
:10EC500000D0FEE7D5F87C030DF036FF00B1FEE7EB
:10EC60000122D5F87C03114615F04DFE20B1FEE7D8
:10EC700008F096F900B1FEE70322D5F87C031146AF
:10EC800015F031FE7F2C20D0D5F87C0315F0CFFC99
:10EC9000042814D104EB84046400D5F87C730A21A1
:10ECA000384615F0C6FC40F6E441384615F0C3FC82
:10ECB0002146D5F87C030DF01FFF30B1FEE7D5F8F3
:10ECC0007C030DF035FF0446E7E7C5F8B863F8BDEF
:10ECD000900D002038B50446164D16F0F7FA237D46
:10ECE00095F8C0239A4223D895F8C1239A421FD39E
:10ECF000D5F8B83305F56F70834202D07F21FFF756
:10ED00008BFF8022D5F87C03114615F04AFC10B128
:10ED1000012000230AE0207DFFF714FE0028F7D130
:10ED2000204609F041F80028F2D10123236038BDC4
:10ED30002120EEE7900D00202DE9F8430546FFF76E
:10ED40003BFD18B17F252846BDE8F8832B4E06F120
:10ED50004803ED1A1E23ED10B5FBF3F5EDB2012DBE
:10ED600000D9FEE706EB8503D3F89883AF00B8F12E
:10ED7000000F3DD106EB45031820B3F8AE9307F022
:10ED800033FC5FFA89F9A0F814904FF08009C0F8BD
:10ED90000080457180F8049080F80680C0F80880F3
:10EDA0000446FFF725FFC0001028D6BF102301231B
:10EDB000B3FBF0F384F810902046E360FFF78AFF7E
:10EDC00058B93744C7F898432368012BFCD02579FC
:10EDD00020466DB2FFF798FEB5E73E44D6F898336B
:10EDE000A34205D0204609F0F1FF204616F0B4FEFC
:10EDF00003483844FFF74CF8A4E700BF900D00200B
:10EE00002811002010B504460068FFF795FFC1B235
:10EE1000206EBDE8104009F045BF2DE9F047274EB0
:10EE2000894606F14803C51A1E23ED10B5FBF3F51C
:10EE3000EDB2012D904600D9FEE706EB8503D3F82D
:10EE400098A3AF00BAF1000F36D1182007F0CCFB21
:10EE5000A0F8149045714FF080090125C0F800A07A
:10EE6000857180F80490C0F808A00446FFF7C0FE42
:10EE7000C300B8EBC00F28BFB8FBF3F52046E56030
:10EE800084F81090FFF726FF054628B93744C7F8E5
:10EE900098432846BDE8F0873E44D6F89833A3420D
:10EEA00005D0204609F092FF204616F055FE044892
:10EEB0003844FEF7EDFFECE70425F8E7900D00205D
:10EEC0002811002038B50F4B0C4693F8C02382421E
:10EED00015D893F8C123824211D303F56F75D3F887
:10EEE000B833AB4204D10846FFF756F8002038BDCE
:10EEF00009F064FF21462846FFF78EFEF6E707205B
:10EF0000F5E700BF900D002070B504460D46FFF7F1
:10EF100053FC68BB1E22184E06F14803E31ADB10AF
:10EF2000B3FBF2F3DBB2012B00D9FEE706EB830261
:10EF3000D2F8982312B11268012A19D006EB4303C4
:10EF4000A3F8AE5309F0B2FE01462846FFF7BAFF18
:10EF500080B92846FFF7F6FC044638B90146202060
:10EF600016F066F986F8CE5386F8FE53204670BD3B
:10EF70000D24FBE70724F9E7900D00200068C3E7A4
:10EF800010B5836804465BB1406921791C30FFF7F6
:10EF9000F5FF20B9A37E022B01D00223A37610BD7A
:10EFA0000D20FCE7F0B5012985B003D007242046E9
:10EFB00005B0F0BD69461068FEF7BFFC03460028A7
:10EFC000F4D1009E019AB6F5807F72F10002EDD275
:10EFD000F0B2A0F10B020F2AE8D80093CDE901337B
:10EFE000FF23094F8DF8003097F98013FFF76AFF70
:10EFF000044600B1FEE76A46D7F87C03B1B215F0CB
:10F00000FDF90028D3D0FEE7900D002010B5EFF3F6
:10F010001182302383F31188084B03F14804001B4D
:10F020001E24C010B0FBF4F0C0B203EB8013C3F891
:10F030002C1482F31188BFF36F8F10BD900D002048
:10F0400008B5302383F311884FF000534FF20F02BD
:10F0500018805A80BFF35F8F04F036FD2DE9F04130
:10F060006C4A6D4B55686D4C5D65516A99656C498C
:10F07000D1F80002D865D1F80412586B1966916A6C
:10F0800010F0040F5966D16A4FF000009966116BB9
:10F09000D966516B1967D26BD8645A67D3E90E12DF
:10F0A00018BF11465F4A91421A655DD301F12000F5
:10F0B000A04259D88869C5F308051864CE69062DA1
:10F0C0005E6455D1584DA84252D3584DA8424FD2F4
:10F0D00005884DF6426085424AD11868C3F8900011
:10F0E0005868C3F8940040F20170A242154604D259
:10F0F0002E680432B6F1CD3FF7D00022C3E91E22BC
:10F10000C3E92022C3E92222641BDFF81CC1434D5E
:10F11000DFF818E19C648D422DD8D3E91EC7D3E9EE
:10F120002065D3E922414FF0000E013AD2B2FF2A06
:10F130003CD1BEF1000F05D0C3E91EC7C3E920656D
:10F14000C3E92241B3F85430C3F308030C2B3BD876
:10F15000022B54D9DA1E092A51D8DFE802F03157C0
:10F16000404350505050504D0021C3E910112D49DB
:10F170004FF42060B9E755F8044D6445CBD374458E
:10F18000C9D2E607C7D50026294F57F8048FA045F6
:10F19000C1D00136062EF8D132B1013AD2B202F115
:10F1A0001E0643F82640B6E70522F8E7E0464FF092
:10F1B000010EBC4637462E4625460C464146B4E76E
:10F1C00040F60120BDE8F0813B2B18D1194B9B691B
:10F1D00013F0020F40F2025318BF1846F2E740F650
:10F1E0000320EFE740F6042240F20173B0F5206FF0
:10F1F0000CBF10461846E5E740F60520E2E740F66A
:10F200000722013B4B2B98BF1046DBE740F602205C
:10F21000D8E700BF00ED00E0803D0020C80A0020D4
:10F2200000E100E008000020A0410000806302002F
:10F23000F43D00200080015A1022002114F030BE5D
:10F2400070B5144D05F59563D3E8AF4F14F0010484
:10F2500016D195F8A8349BB9C5F8AC4405F5966667
:10F2600030191034FFF7E8FFA02CF9D10B220A4B1C
:10F27000013A194603F1100304D1012385F8A8349B
:10F28000064870BDD5F8AC0443F8100CC5F8AC14B2
:10F29000EEE700BF900D0020401200203C1200203D
:10F2A00008B5FFF789FA014620B9202015F0C0FF04
:10F2B00016F00CF8002008BD094AB2F8503503B921
:10F2C000FEE748F24E30D2F85435A3FB003010EB85
:10F2D000530044BF20F000400130C2F8540570478D
:10F2E000900D0020836853B903685A6812B95860BA
:10F2F00080607047926882605A689060586070477A
:10F30000002337B500F58D54083405460C22194604
:10F31000204609F0F1F92E2834D0042809D11A4BDF
:10F32000D3F8780300F58E500C3003B0BDE83040C0
:10F33000D8E700B1FEE7204601A9F7F771FD58B9FB
:10F34000019B124A20469A65F7F75DFD204601A908
:10F35000F7F766FD08B1FEE7FEE7019B0C4A204681
:10F36000DA65F7F750FD204601A9F7F759FD00B11E
:10F37000FEE7019B074A20465A67F7F744FD064B14
:10F38000C5E9083503B030BD900D0020EDFF000049
:10F3900095D70000A9F30000B9F30000014BD3F8A2
:10F3A0007803ADE7900D0020024BD3F8780300F509
:10F3B0008E5097E7900D002000F5805393F8A6211A
:10F3C00032B193F8A7311BB900F58D50143089E79D
:10F3D00070472DE9F041936805460C46164698475C
:10F3E0003246074621462846FEF703FA686800229F
:10F3F00003466BB1A168D3F808E0A1EB070CAEEBB4
:10F40000070898EA0C0F14D4A1EB0E01002908DAC2
:10F4100052B9E0606C6031462846BDE8F041FEF725
:10F42000CEB91A46DB68E4E7D368E360D460BDE890
:10F43000F081BCF1000FEAE701688A6A8B6B086B08
:10F44000934208BFCA6A03F1804304BF0132CA6213
:10F450008B63024A30310830BBE700BFD066020040
:10F4600000F44052B2F5005F034622D148F2400258
:10F4700020F44E5020F03F0090421ED010D8B0F53E
:10F48000446F1AD007D8B0F5046F18BF002814BF16
:10F49000012000207047B0F5004018BF01207047E0
:10F4A0004CF6404203F44C43B3F5404F18BF904232
:10F4B000EDE700F44063181EEFE70020704700F40A
:10F4C0004053B3F5005F04D100F44C43B3F54C4F07
:10F4D00008D0B0F5804F05D3C0F3801080F0010054
:10F4E000C0B270470020704710B58388032B12D933
:10F4F000006809F079FC80F480720446C2F30021B0
:10F50000FFF7AEFF48B98A1CC4F38123022B06D053
:10F51000032B16D02BB1FF2012E00A1DF4E70232B4
:10F52000D2B22046FFF7CBFFC4F3813402EB400296
:10F53000022CD0B207D0032C08D0002C18BFFF201B
:10F5400010BD0832ECE70230C0B2F9E70830FBE743
:10F5500010B583880446022B07D9006809F0C8FC5F
:10F5600018B12046BDE81040BEE7FF2010BD38B5F9
:10F5700005460C46FFF7ECFFFF2817BF2B68062057
:10F580001B5C00201CBF03F00703237038BD38B597
:10F5900005460C46FFF7DCFFFF2817BF2B68062047
:10F5A0001B5C00201CBF03F01803237038BD38B566
:10F5B00005460C46FFF7CCFFFF281FBF431C2A68F7
:10F5C000DBB2D3581ABF00202360062038BD38B5FF
:10F5D00005460C46FFF7BCFFFF2800D1FEE72A686E
:10F5E000431CD9B2545452FA83F3220A5A70220CA3
:10F5F000240E9A70DC702B7F43F001032B7738BD0B
:10F6000070B506460D46FFF7A3FFFF28044609D054
:10F610003268105CFEF751F922440244002053790D
:10F620002B7070BD0620FCE770B506460D46FFF74F
:10F630008FFFFF28044600D1FEE73268105CFEF71A
:10F640003CF922440244557170BD10B50446FFF7E1
:10F650007FFFFF2806D02368185CFEF73AF90230D6
:10F66000C0B210BD0220FCE770B50546FFF73CFFB5
:10F67000FF28044611D02E68304609F039FC60B1ED
:10F68000A9888C420BDA305DFEF738F9FF2808D0E4
:10F690000444E4B2A142B8BFFF24204670BDFF2459
:10F6A000FBE70446F9E7F8B50746FFF7DDFFFF285B
:10F6B000044633D03D68284609F096FB830506468C
:10F6C0001CD53846FFF7C1FFB988A21C93B210FAC7
:10F6D00082F28A4205EB040720DC2A5D02F07F02F9
:10F6E00013449CB210FA83F3994217DB3A8802F470
:10F6F000FF42B2F57E5F01D09942E6DC2B7803F041
:10F700000703032B06D106F44056B6F5005F1CBF75
:10F710000134A4B2FE2C01D82819F8BD0020FCE762
:10F720002DE9F047794F054697F874930E46144635
:10F7300086B0B9F1000F36D10846FFF7B4FF804616
:10F7400088B390F800A00AF03C030C2B0ABFCAF360
:10F7500040094B4689F00103B6F80490B9F1090F4E
:10F7600021D903B3306809F03FFB10F4405F1AD190
:10F770000AF0C30ABAF1010F21D198F80130E32B46
:10F7800015D184B197F85835022B0CD1D6E9020473
:10F7900045F2082103230A185D4987F8583544F1DA
:10F7A0000003C1E90023002006B0BDE8F08784F023
:10F7B0000104F32B14BF002004F00100F4E7BAF1B8
:10F7C000800FF0D1B9F10D0FEDD998F8013003F0A9
:10F7D000F8025CB9802AE6D113F007033CD198F80F
:10F7E0000630F02B04D184F00100DDE7402AF2E777
:10F7F000E02B08D003F11C02D2B20B2A03D95033FC
:10F80000DBB20F2BCFD8002CCDD097F85835022B78
:10F81000C9D11E223F4C08F102002B1BDB10B3FBA9
:10F82000F2F33022DBB202FB0373D3F86815042233
:10F83000093115F0DEFC0028B5D1D6E9020545F204
:10F84000082103230A1887F8583504F5A36445F105
:10F850000003C4E90023A6E7022BA4D198F80330E3
:10F86000F02BC0D0E02B08D003F11C02D2B20B2A3F
:10F8700003D95033DBB20F2B95D8002C93D097F8D7
:10F880005835022B8FD11E23224CE9462C1BE41045
:10F89000B4FBF3F400238DF814303023E4B203FBFF
:10F8A000047303AD2946D3F8680509F0A8FA40B9F6
:10F8B0009DF81430012B1AD0022B1FD00BB98DF8F4
:10F8C00008302946304609F0F4FA0822294648460D
:10F8D00015F08FFC00287FF466AF302303FB04741F
:10F8E000D4F8683598F80220DB7B9A424DE78DF812
:10F8F0000830BDF80C30ADF80030E2E795E80300C1
:10F900008DF80830CDE90001DBE700BF900D002045
:10F91000F0120020D80D00201E2238B5114C0546EB
:10F9200004F14803C31ADB10B3FBF2F3DBB204EBC0
:10F93000831393F82824D3F8303484F8DC2304F5B7
:10F9400072710122C4F8D833FFF7EAFE95F8E4306B
:10F950003BB1286A94F8C8155430BDE8384008F027
:10F960003DBA38BD900D002010B50446FFF79BFE50
:10F970002368C01AC0B210BD70B505468688FFF76F
:10F98000F3FF04462846FFF760FE0444301B80B2B4
:10F9900070BD2DE9F04FD0F8009004469BB048466A
:10F9A0000E4609F0A5FA002800F0CB8107AD2946E4
:10F9B0002046FFF7ECFD0746002840F0C2819DF885
:10F9C0001CA0BAF1080F40F0BC81237FDA0600F1D9
:10F9D000B881DFF87C8399F8009008F14803F61AA3
:10F9E0001E2309F00709F610B9F1020FB6FBF3F672
:10F9F0001CD129468DF81C002046FFF701FE9DF81A
:10FA00001C10002900F0AE81F6B208EB861393F8C3
:10FA100029345A1E91420FD08B420CD001339942A7
:10FA200000F0188150461BB0BDE8F08FF6B208EB2D
:10FA3000861393F829140127C34B07EB860003EBC9
:10FA400000130C33A360237FDB0720D4EFF3118076
:10FA5000302383F3118808EB8613D3F82C747A1CB7
:10FA6000C3F82C242268127802F00702022A04BF8D
:10FA700083F82814C3F8307480F31188BFF36F8FB4
:10FA80002046FFF7D1FD39462046FFF7A0FD0023B1
:10FA90002068029309F02CFA002800F052812046D9
:10FAA0000DF10701FFF763FD002840F04A81204671
:10FAB00002A9FFF77CFD8146002840F04281A3495E
:10FAC000029B01EBC60C51F83600DCF804101ABAA0
:10FAD0009DF8077003AB03C3204605928DF818709C
:10FAE000FFF7B3FDA0F10208A3685FFA88F8B8F148
:10FAF000030F139340F2B0802046FFF73DFF4E46C0
:10FB000082460346721C002B40F0A780F6B2022EFC
:10FB100038BF02262046022EC6F10F0718BFFFB2DB
:10FB2000FFF722FF021E18BF0122013E4FEA6803C1
:10FB3000F6B2013B46EAC30343EA821303A93A46FD
:10FB400083460DF11D008DF81C3014F00DFB52465C
:10FB50000F230BA99F42C0F083802A4629461398A1
:10FB600016F090FABBF1000F07D04FF002099DF894
:10FB70001D308BEA03038DF81D303A4603A90DF1C1
:10FB80002D008DF82C6014F0EFFA07F11100002120
:10FB9000C7F10F02284414F083F90023CDE9153A88
:10FBA0001793102320468DF86470CDF850B0ADF84F
:10FBB0006090ADF862308DF86580FFF7D5FE834523
:10FBC000064653D3276800EB0708B8454FD1159B6D
:10FBD0001E44149B15969E420AD1BDF8603023B195
:10FBE0002A462946139816F04DFA0023ADF86030E6
:10FBF0002046FFF7C1FE179B169A03449342064620
:10FC00004CD82046FFF74FFD4FF00009074606EBA2
:10FC10000008B84543D1179B1E44169B17969E4279
:10FC200013D3BDF8603023B12A462946139816F045
:10FC300029FA9DF864200E2A07D802F1110000214C
:10FC4000C2F10F02284414F02BF9DDE916329A4272
:10FC500062D0FEE74F46EFE6FEE716461B0A51E785
:10FC6000013B01F8012DDBB2120A73E7FEE7BDF894
:10FC70006030102B05D12A462946139816F002FA57
:10FC800000235A1C6833ADF860206B4417F8012B31
:10FC900013F84C1C4A4003F84C2C96E7FEE7BDF8DD
:10FCA0006230102B13D10F219DF864000FAA8142FE
:10FCB00005DD12F8013D0133DBB2137053B3139825
:10FCC0000FAA0BA916F0DEF90023ADF862905A1CBA
:10FCD000683397F800A06B44ADF8622013F82C3C11
:10FCE0008AEA030307F8013BBDF86030102B05D109
:10FCF0002A462946139816F0C5F900235A1C683382
:10FD0000ADF860206B4413F84C2C8AEA020A03F821
:10FD10004CAC7EE70139CAE72046FFF796FCA7887E
:10FD20000FAA3F1A0BA91398266816F0ABF9002307
:10FD3000F0199DF8652093420CDB237F43F01003FC
:10FD400023774FF0000A6DE6B81100205913002008
:10FD5000900D002015F8012B0133E97F4A4000F88F
:10FD6000012BE6E74FF0010A5CE601F1080313F806
:10FD7000012D8B4200F8012BF9D1704713B50446D1
:10FD80006846FFF7F2FF246869462046FDF7D4FC79
:10FD900080B20F282FD91E21184AA31ADB10B3FBFB
:10FDA000F1F3DBB202EB831202F2AE21002211F872
:10FDB000220028B10132102AF9D1032002B010BD6F
:10FDC0000F4901EB43001B0103FA82F201EB8202AF
:10FDD000BDF80030BDF80210B0F870020B44BDF859
:10FDE00004100B44BDF806100B440344A2F8F4328F
:10FDF000012382F8F6320020E0E700BFD80D002092
:10FE0000900D002038B54FF6FE730025044643815F
:10FE10008381C38AC58003F0FE0343F4FE4343F0AD
:10FE20000103C3820572C0F80E50C0F812508561FC
:10FE30002C30FFF701FA04F13C00FFF7FDF904F163
:10FE40004C00FFF7F9F9E565A4F8605004F164008F
:10FE5000BDE83840FDF712BD37B505466846FFF7E7
:10FE600084FF1E210D4B2A686C46D21AD210B2FBB9
:10FE7000F1F20721D2B203F2815303EBC203605CBB
:10FE8000013903F8010BFAD2054B2146D3F87C0364
:10FE900014F015FD00B1FEE703B030BDD80D002011
:10FEA000900D0020036810B55A1E114603628B4264
:10FEB00011D841620221017700210163A1F580314F
:10FEC000C0E90A33C0E90D13934207D8C0E90F23F4
:10FED000C0E9113310BD04892144E8E701890A44CF
:10FEE000F2E7012B10B5044608460AD0022B0FD0CA
:10FEF0001BB963681044834200D910BD2289801A5F
:10FF0000F9E72368881A8342F7D922891044FAE76F
:10FF10009C21024B024A03480BF0CCFCF188020002
:10FF20006D8A0200518902002DE9F04790F82420E3
:10FF300012B90D20BDE8F087013A0568D2B280F809
:10FF4000242095F81C90B9F1020FF2D000EBC20406
:10FF5000AB6AA6689E42ECD1D5F82CA031464B4640
:10FF600052462846FEF726F86768804631464B46DB
:10FF70003A462846FEF71EF880450646D9D94B4634
:10FF8000524639462846FEF715F80128D1D90236DF
:10FF9000464512DC841EA4B23C702B7F01223946F8
:10FFA0002846FFF79EFF240A0470014601222846D6
:10FFB0002B7FFFF796FF0020BCE70720BAE7134628
:10FFC00010B501220C78FFF78CFF03782402E018AB
:10FFD00080B210BDC26B436A9A4205D1836B006A3E
:10FFE0001B1A5842584170470020704710B50E4BFD
:10FFF0004FF40062D3F87843002104F6A61013F002
:020000021000EC
:100000004FFF002204F5805383F8A72104F1140068
:10001000FFF7E0FF30B904F58D501430BDE8104013
:10002000FFF760B910BD00BF900D002090F835308B
:1000300033B9C36B426A9B1A18BF012380F834306E
:1000400070472DE9F04F5C4B85B0D3F8784304F549
:10005000805898F8A63104F11407002B4DD098F879
:10006000A731002B49D13846FFF7B4FF05460028D9
:1000700043D1012388F8A7313846FFF7ABFF029040
:1000800068BB3846FFF7D2FF94F8483004EB83038F
:10009000DB6CC4E9153308F09DFD4FF6FF73B4F82F
:1000A0004A609E4216D13846FFF7C0FF94F848A038
:1000B0004FF00B0904EB8A03D3F84CB05B6B594645
:1000C000029E0393039B994221D194F849300BB1CE
:1000D000A4F84A60AB1CF218B2F5006F38D30026C2
:1000E00004F58D5033462A46009604F6A6110830D2
:1000F000F6F77EFF08B188F8A76198F8A631002BC3
:1001000056D1384605B0BDE8F04F08F014BD524650
:1001100038460291FFF753FF10F4004F029901D0C7
:100120008B45D2D1C0F30D025346164438460232F5
:10013000FFF7D7FE09F1FF3313F0FF090146B6B20E
:10014000C0D140F2AE311D4B1D4A1E480BF0B2FB30
:1001500004F6A619310A09EB050209F805109944BD
:1001600056709DB209EB060BD9451BD094F8492077
:10017000032A17D0B2B1012A11D1E16D94F84830A9
:10018000384691F800A0FFF7ACFEA36DE0659842F9
:1001900002D1384608F01EFD09F801ABE4E74FF044
:1001A000000AF9E735443846ADB208F0C4FC63E70D
:1001B00005B0BDE8F08F00BF900D0020C08A02009E
:1001C000DC8A020051890200416AD0E90E2399427B
:1001D00009D1017F012906D0531E026893420ED334
:1001E0004362C3637047016A914207D1027F2AB11B
:1001F00042680133934205D20362836370470189E9
:100200000B44EBE701895B1AF4E7037F022B06D06E
:10021000083350F82330C0E90A3302230377D3E7C9
:10022000F8B5047F0546022C0E4605D1E6210E4B9B
:100230000E4A0F480BF03EFB2346B4FA84F4C76A1B
:1002400001223946FFF74DFE6409083455F8243081
:10025000834203D03E70E8620020F8BD2846FFF7D5
:10026000D4FF0320F9E700BF0D8B0200298B0200A9
:100270005189020070B5D0E90A239A4204461DD183
:10028000037F0021083350F82350AB1A5D425D41D3
:10029000FFF7C6FFED03014608B1032070BD2046FD
:1002A000FFF7BEFF06460028F7D1A16A2D0A237F7B
:1002B000012220460D70FFF714FE06700020EDE7C6
:1002C00038B5037F0446022B0D4607D0FFF7D2FF57
:1002D00030B929462046BDE83840A1E70D2038BD99
:1002E0000320FCE738B504460D460068C9B2FFF7A5
:1002F000E7FF20B92068290ABDE83840E0E738BDAB
:1003000050F8603BB3F84610ECE750F8603BB3F8A8
:100310005E10E7E7B0F8B4106030E3E738B50446A4
:100320000D460068C9B2FFF7CBFF80B92068C5F35E
:100330000721FFF7C5FF50B92068C5F30741FFF754
:10034000BFFF20B92068290EBDE83840B8E738BDA6
:10035000036893F8441071B10A2906D84FF4FA6281
:10036000074B11FB02316030D8E7192905D841F25B
:100370008832044BF5E70449F5E70021F3E700BFB5
:1003800040CB0D00B0DB2300CC3F0D0070B5D1B2E7
:100390000446006816461D46FFF792FF30BB2068F2
:1003A000C6F30721FFF78CFF00BB2068C6F30741A7
:1003B000FFF786FFD0B92068310EFFF781FFA8B99B
:1003C0002068E9B2FFF77CFF80B92068C5F30721F8
:1003D000FFF776FF50B92068C5F30741FFF770FFBC
:1003E00020B92068290EBDE8704069E770BD00F5AE
:1003F0001A6353E902236030C8E738B5044608465B
:100400000D4613F05BFF4FF6FF73984228BF184666
:10041000294682B2206808F073FB014618B92068AB
:10042000BDE838404CE738BD01496030E5E700BF22
:10043000BC67020070B590F824500446032D1DD807
:100440000668337F022B19D03046FFF713FF0146B1
:10045000B0B9F36A04EBC5056B60B36AAB602068A2
:10046000FFF72EFF48B901462068FFF729FF20B9A2
:1004700094F82430013384F8243070BD0D20FCE75B
:100480000320FAE72DE9F843074616460C4600F12B
:10049000600500297BD0002A79D1B1F80480D1F819
:1004A000009028464146FFF71DFF10B10120BDE82E
:1004B000F88342464946386E08F022FB0028F5D101
:1004C00094F915102868C9B208F0ECFB0028EDD1AA
:1004D0008021286808F0E6FB0028E7D1002C60D0D6
:1004E000E17D090101F030012846FFF7FBFE0028FD
:1004F000DCD12846FFF79EFF01460028D6D104B183
:10050000A179286808F0CEFB01460028CED104B1BD
:10051000A17D286808F0C6FB0028C7D1002C42D076
:10052000D4E902232846FFF731FF0028BED1284630
:10053000FFF7FAFC0028B9D12846FFF77BFF002817
:10054000B4D131462846FDF7B6FE0028AED1284684
:10055000FFF7EAFC0028A9D12846FFF76BFF014608
:100560000028A3D104B1217D286808F09BFB002856
:100570009CD1DCB121692846FFF7D0FE002895D137
:100580002846FFF7D1FC003818BF01208FE7002173
:100590002846FFF7A7FE002888D1002C90D12146DD
:1005A00090E72146A0E700220023BBE72146E2E7CF
:1005B00010B5C38802895C1C944297BF026806206C
:1005C000D35C0B709FBFC3880133C380002010BD74
:1005D00013B50C460DF10701FFF7EAFF48B99DF886
:1005E000073013B9207002B010BD012B01D1237068
:1005F000F9E70620F7E713B504460DF1070190303F
:10060000FFF7E6FF60B923689A6C5AB193F86A2045
:100610009DF8071061F3000283F86A2002B010BD54
:100620000620FBE70D20F9E7002373B505460DF121
:10063000070190308DF80730FFF7CAFF0446A8B9CC
:1006400028689DF80760836C23B15EB14030FEF7E7
:1006500097FC044695F871391D4485F86A6920466F
:1006600002B070BD1C30FEF71BFEF3E70624F6E770
:1006700007B590300DF10701FFF7AAFF48B99DF8C3
:10068000073013B9044A82F82030012003B05DF826
:1006900004FB0620FAE700BF7C3F002010B590F86D
:1006A0007119044601F67A1101449030FFF790FF6A
:1006B00058B9226894F87139926C42B11C4494F88C
:1006C0007A29044B83F8D92510BD0620FCE70D20BC
:1006D000FAE700BF900D0020002337B505460DF165
:1006E000070190308DF80730FFF772FF0446B0B96C
:1006F0009DF807302D68ABB905F1B800FDF7BEF8DD
:10070000686D1C30FEF7CCFD012014F0A9FD20B16E
:1007100095F85A300BB185F85A400023AB64204657
:1007200003B030BD95F85A306BB9012014F098FD34
:10073000686D1C30FEF7B4FD95F85A30012B1CBFD4
:10074000012385F85A30014BE8E700BF8F11010003
:10075000002373B500F19006044601A930468DF8D8
:100760000330FDF762F9054618B10625284602B0A8
:1007700070BDB4F89620B4F898309A4236D030461E
:100780000DF10301FFF724FF0028EED123689DF847
:1007900003109A6C51B30AB90D25E7E7D3F8B020DE
:1007A00001998A42B3F8582038BFC3F8B0109006B8
:1007B000DCD55B6D154ADB6902F148001B1A1E206F
:1007C000DB10B3FBF0F3EFF31180302484F31188D6
:1007D000DBB202EB8313D3F82C248A4238BFC3F870
:1007E0002C1480F31188BFF36F8FBFE723689A6CD6
:1007F000002AD1D0B3F8582001999206C3F8B0105E
:10080000B4D55B6DD869FEF701FCAFE7900D002011
:1008100013B50C460DF10701FFF7CAFE10B99DF89C
:100820000730237002B010BD002307B590300DF1E2
:1008300007018DF80730FFF7EBFF18B99DF8072087
:10084000024B1A7403B05DF804FB00BF7C3F00202C
:10085000002337B505460DF1070190308DF80730BC
:10086000FFF7D6FF044690B90A4A2B6802F1480107
:100870005B1A1E21DB10B3FBF1F352FA83F39DF8F0
:10088000072083F8ED2508F011FAFDF785FB2046D7
:1008900003B030BD900D002007B590300DF1070179
:1008A000FFF7B6FF00280CBF0C20062003B05DF850
:1008B00004FB002337B505460DF1070190308DF894
:1008C0000730FFF775FE0446A0B99DF8073023B145
:1008D000013B012B09D9072404E02B689B6C5BB119
:1008E00008F04EFA204603B030BD2B689B6C1BB15C
:1008F0000120F5E70624F5E70D24F3E7F7B50446F4
:100900000025012700F19006B4F89620B4F898303D
:100910009A4204D10020C4F8B05003B0F0BD304674
:100920000DF10701FFF744FE38B99DF807301F2B82
:1009300005D807FA03F31D43E6E70620EDE7072095
:10094000EBE70023F7B506460DF1070190308DF86F
:100950000730FFF72DFE0446002847D19DF80730E9
:1009600013B1022B03D00C24204603B0F0BD356830
:10097000AB6C002BF8D096F87129324492F9763995
:10098000013301D00D24EFE7D6F8B03083B3591E00
:1009900019422DD1B3FA83F3C3F11F0182F87619FE
:1009A000AB6C002BEED095F85A30002BEAD0033B0D
:1009B000042BE7D9B5F858309B07D4D56B6DB6F842
:1009C000B470DE69FDF7FBFE30B94FF47A72304641
:1009D0007A4389B2FEF721FA95F85A30052B1CBFED
:1009E000052385F85A30034B2B65BDE70624BBE78A
:1009F0000724B9E7D511010037B500F19004054689
:100A00000DF107012046FFF7D3FD18B1062420465B
:100A100003B030BD20460DF10601FFF7F9FE044694
:100A20000028F3D19DF80710A1F10B030F2B15D867
:100A30000B4A2B6802F148001B1A1E20DB10B3FB87
:100A4000F0F3DBB202EB03129DF806300A4482F8A1
:100A5000E43508F02BF9FDF79FFAD8E70724D6E72D
:100A6000900D002013B504460DF107019030FFF7FB
:100A70009FFD60B99DF8073003F0030304EB830486
:100A80006368002B14BF23200C2002B010BD062089
:100A9000FBE7F0B50024C288036807899E18234647
:100AA000BF1A9F42C3EBC30E12D0052B10D016F80D
:100AB00003C001330CF07F0505FA0EF51CF0800F22
:100AC00044EA0504EDD11A44C28000200C6000E025
:100AD0000620F0BD002313B5044601A99030019310
:100AE000FFF7D7FFB0B923689DF80420996CA1B136
:100AF00083F8442023689A6C6AB194F871291444ED
:100B000094F86A293AB103F1400002B0BDE8104000
:100B1000FEF736BA062002B010BD0D20FBE72DE926
:100B2000F341044601A99030FFF7B3FFB0BB034681
:100B300005464FF0010CDDF804E0194991F80880F2
:100B4000B8F1000F1FD00A6896451CD1D4E936765B
:100B5000A3F12002C3F120052CFA05F50CFA02F2EC
:100B60002A430CFA03F52F431643C4E93676D4E939
:100B7000347627EA050726EA0206C4E93476BEF190
:100B8000000F08D1454601331F2B01F10C01D5D1CF
:100B9000002D08BF072002B0BDE8F0810620FAE76B
:100BA000006802002DE9F341044601A99030FFF7E7
:100BB00070FF78BB034606460125DDF804E01649C0
:100BC00091F80880B8F1000F19D00A68964516D13F
:100BD000A3F12002C3F1200625FA06F605FA02F277
:100BE000324305FA03FCD4E9367627EA0C0726EAF5
:100BF0000206C4E93676BEF1000F08D1464601333D
:100C00001F2B01F10C01DBD1002E08BF072002B021
:100C1000BDE8F0810620FAE70068020030B5C4881C
:100C20000389A5189D42D7BF036806201B190B60D6
:100C3000DFBFC388D218C280002030BDF7B50E4692
:100C40000DF1060105461446FCF7DBFE10B1062047
:100C500003B0F0BDBDF8067031463A462846FFF7AE
:100C6000DDFF0028F3D12780F2E72DE9F04F00F1F6
:100C7000900495B006460DF111012046FFF798FC4F
:100C800020B10625284615B0BDE8F08F9DF811303B
:100C9000082B01D00725F5E7204604A9FFF788FCBB
:100CA0000028EED120460DF1120207A9FFF7C6FF7A
:100CB0000028E6D1BDF81230102BEBD120460DF103
:100CC000120206A9FFF7BAFF0028DAD1BDF81230E8
:100CD000102BDFD120460DF1120205A9FFF7AEFF60
:100CE00005460028CDD1BDF81230102BD2D1DDE958
:100CF000054B079BD6F8009008AE30460CAF039327
:100D00009DF810A00DF14008FEF796FA3846FEF760
:100D100093FA4046FEF790FAD9F84820002A47D0C7
:100D2000B446039B03F1100E6246186859680833F5
:100D300003C273459446F7D15B46BC460BF1100ED7
:100D4000624618685968083303C273459446F7D160
:100D50002346444603F1100C2246186859680833AC
:100D600003C263451446F7D196E80F0009F18004E9
:100D700089F8B4A084E80F0097E80F0009F1900407
:100D800084E80F0098E80F0009F1A00484E80F0040
:100D9000B9F858309B067FF575AFD9F85400CDF8F7
:100DA00000803B4632465146C06906F0BFFF69E706
:100DB0000D2567E737B50546082201A99030FFF7F2
:100DC0002DFF044680B92B689A6C7AB10199586D51
:100DD0000A681C30C3F862204A68C3F86620FFF72F
:100DE0003BF8204603B030BD0624FAE70D24F8E7AF
:100DF00037B5036804469A6C7AB31948DB69A0F5E5
:100E00002B729B1A1E22DB10B3FBF2F3DBB24022E3
:100E1000002100EB831013F043F804F19005B4F8BF
:100E20009830B4F896209B1A9BB2072B01D800206B
:100E300011E00822284601A9FFF7F0FE50B920680A
:100E4000836C53B101991C30FEF798FF0028E6D05F
:100E5000032000E0062003B030BD0D20FBE700BFFB
:100E60008410002030B585B00446082201A99030D6
:100E7000FFF7D4FE054620BB2468A36C1BB3019981
:100E800002A8FEF772FFE46902A92046FCF754FCB1
:100E900083B20F2B13D80D4B03F14802A41A1E2264
:100EA000E410B4FBF2F4E4B200EB041003EB8003B3
:100EB00083F8F652A3F8F452284605B030BD0A254F
:100EC000FAE70625F8E70D25F6E700BF900D0020AC
:100ED000002313B50822044601A990300193FFF7BF
:100EE0009DFE48B92068836C4BB101991C3002B05B
:100EF000BDE81040FEF742BF062002B010BD0D2035
:100F0000FBE72DE9F34100F1900420460DF10201C9
:100F1000FCF777FD20B10625284602B0BDE8F08138
:100F20000822204601A9FFF779FE0028F3D18DF8A9
:100F300001000DF101012046FFF73AFB05460028AC
:100F4000E9D19DF80130DDF8048003F00106C3F318
:100F50004000314646EA4006C3F3800046EA800678
:100F600003F008000643BDF80270C3F3C00206F0A8
:100F70000F06B8F1000F44D019B913F0060F00D1D5
:100F8000E2B1FDF753F80468002C35D1FEF758F9AB
:100F90000468002C37D0236803602046FEF74CF924
:100FA000FDF744F80368236004602671E780D8F8F1
:100FB0000030A360D8F80430E360ADE7FDF736F801
:100FC00002682B4614460CB91725A5E7E188B942FB
:100FD00002D023462468F6E743B90AB113680360D8
:100FE000FEF72EF903682360046095E71A68002A6B
:100FF000F6D012681A60F3E7E388BB42D5D02468C4
:10100000C2E7072588E7032586E72DE9F04111F0BF
:101010000F0804460D4617461E46006829D00023D7
:1010200084F82430FFF7F1F801230377436AC0E91D
:101030000A332946206807F035FE18BB394620469A
:10104000FDF739F9F0B925682B7F022B19D0284616
:10105000FFF710F9C0B9EB6A3146A362AB6A2046CC
:10106000E36294F8243084F82530BDE8F041FDF7C0
:1010700022B984F82480FFF7C8F8036A80F81C803E
:10108000D5E70D20BDE8F0810320FBE72DE9F04115
:10109000044694F82470002F33D1246894F81C80FF
:1010A000B8F1020F38D0A56A434629462046E26AC5
:1010B000FCF780FF012806462CD9294642462046E7
:1010C000FEF77DFF023EC6F30D06304386B2C0F345
:1010D000072028702946434601222046FEF701FFDB
:1010E0000670E56AA562227F04EB8203196A216318
:1010F0001D62E56815B123462069A84702232377BE
:1011000005E02046FEF710FF07460028C1D038460C
:10111000BDE8F081E562E6E70D27F8E730B5054662
:10112000D2F8A00914460B462A46C1B0A0B1B4F8C3
:10113000A4190BF0A7F800280CDDB4F8A439D4F8F2
:10114000A0299842A8BF184602441B1AC4F8A02937
:10115000A4F8A43941B030BD4FF4807168460BF05B
:1011600091F80028F6DB60344FF46F53062280219B
:101170002046FFF74AFF0028ECD169462046FFF7DA
:101180003CF90028E6D12046FFF780FFE2E7F8B5FA
:101190000F4B0C46D3F878731546FCF7BDFC0001E5
:1011A00060F07F0007F1600600F0F0017123062275
:1011B0003046FFF72AFF48B92A4621463846FFF74E
:1011C00061F918B93046BDE8F8405FE7F8BD00BFE7
:1011D000900D00202DE9F041204B0F46D3F87853B5
:1011E000FCF79AFCFF2204462B1893F9768983F8C2
:1011F000762905EB80035868240164F07F044030B1
:1012000005F16006E4B2FDF7BBFE39230622214654
:101210003046FFF7FAFEF0B9286E5FFA88F107F062
:1012200041FDC0B9286EF9B207F03CFD98B93046CF
:10123000FFF72CFF78B92146302306223046FFF70E
:10124000E4FE014638B9286E07F02CFD18B9304687
:10125000BDE8F0411AE7BDE8F08100BF900D002025
:10126000002330B5174A146824BB5468A14221D129
:10127000C3F12004D0E90225A3F1200105FA04F40A
:10128000DA40224325FA01F10A4312F0010FC3F1BB
:101290002004A3F120020CD1012121FA04F401FA67
:1012A00002F222439940D0E900430C431343C0E9C2
:1012B000004330BD0133DBB21F2B02F10C02D2D14F
:1012C000F7E700BF006802001C282ED8DFE800F016
:1012D0000F3011132D1517192D2D2D2D1B1D1F210D
:1012E0002D2D2D272D2D2D25232D2D292B000020B3
:1012F00070470E2070470B2070470C207047092064
:101300007047032070470220704704207047112067
:101310007047122070471320704714207047162022
:101320007047172070471820704700F580407047BD
:1013300001207047024B006E197C07F0B3BC00BF60
:101340007C3F002010B5074B0446D3F87C030BF01C
:10135000EFFB0A2390FBF3F1206EC9B2BDE8104009
:1013600007F0A0BC900D0020024608B50C20FFF746
:10137000ABFFBDE80840014602F16000FCF7C9BFC1
:10138000024608B50C20FFF79FFFBDE80840014664
:1013900002F16000FCF7BDBF2DE9F04F5B4B8FB051
:1013A000D3F81026D3F814160192D3F82426D3F8D4
:1013B00018B60392D3F83026D3F81CA60292D3F8BD
:1013C0003426D3F820960492D3F83826D3F828761A
:1013D0000592D3F83C26D3F82C660692D3F8402623
:1013E0000D910792D3F8442600F160040892D3F8D7
:1013F000482605460992D3F84C2620460A92D3F88F
:1014000050260B92D3F8542693F858860C92FFF787
:1014100011F8002877D120460D99FEF77FFF0028AC
:1014200071D159462046FEF779FF00286BD151460D
:101430002046FEF773FF002865D149462046FEF797
:101440006DFF00285FD120460399FEF767FF002853
:1014500059D139462046FEF761FF002853D1314665
:101460002046FEF75BFF00284DD120460299FEF78B
:1014700055FF002847D12046FEF756FD002842D1EF
:101480002046FEF7D7FF00283DD120460499FEF7FD
:1014900045FF002837D120460599FEF73FFF90BB56
:1014A00020460699FEF73AFF68BB20460799FEF7EB
:1014B00035FF40BB20460899FEF730FF18BB204699
:1014C0000999FEF72BFFF0B920460A99FEF726FF8F
:1014D000C8B920460B99FEF721FFA0B920460C9908
:1014E000FEF71CFF78B92046FEF71EFD58B94146AD
:1014F000286E07F0D9FB30B9204601990FB0BDE83E
:10150000F04FFEF70BBF0FB0BDE8F08F900D00203D
:101510002DE9F74F9846374B0E46D3F878531746C8
:10152000FCF7FAFA05EB000999F87249002C40D053
:1015300044EA001464F07F04E4B28FB3386807F023
:1015400053FCC0F3001B002396F81CA089F87239E5
:1015500005F160090622214648460AF0010AFFF714
:1015600054FD30BB4046FFF7AFFE01464846FCF74E
:10157000A2FEF0B95946286E07F096FBC8B951464D
:10158000286E07F091FBA0B9B8F1000F0AD03068BF
:1015900007F0AEFC80B9484603B0BDE8F04F75E5F2
:1015A000BB46D0E7424639462846FEF76BFF002887
:1015B000EDD003B0BDE8F08FBAF1000FEBD03046AC
:1015C0000DF10301FEF71CF80028F2D1304601A905
:1015D000FDF7EDFF0028ECD19DF80310286E07F011
:1015E00061FB0028E5D148460199FEF797FE0028E7
:1015F000D1D0DEE7900D00202DE9F8430C4614F021
:101600000F081746194604F00F0C06D1022A02D122
:10161000D030FFF725FE00200CE090F8EE6890F83F
:10162000EDE8A6EB0E030E2B06DDD0300E21FFF702
:1016300017FE0320BDE8F883C4F30112841894F860
:10164000E948134644453DD133460E2B3ED842F07F
:10165000400203F58F7342EA8C0230F8334042EACD
:10166000072222F08002920524F45F74920D24F088
:101670000304224320F8332000EBC3056B680136D6
:1016800061F317036B6080F8EE68C4E70F3CE4B2C7
:101690000E2CFBD804F58F7410F8345015F0400F61
:1016A0000CD005F003094B4508D1C5F38309C145AA
:1016B00004D125F0400500F83450C5E70EF1010EC5
:1016C0005FFA8EFE7645BFD97446E1E70F3BDBB289
:1016D000BBE7134602228FE738B511F0300F00F157
:1016E000600408BFC0F8AC2015460023062220463F
:1016F000FFF78BFC40B929462046FCF7DCFD18B902
:101700002046BDE83840C1E438BD2DE9F04F05461C
:10171000ADF5457D0DF5887B00914FF48072002179
:10172000584612F0BDFBB5F89610B5F898304C1C31
:101730009C4230D8D5F890205B1A51189BB227D024
:1017400000204F1E82B2934225D901303E5C002E0C
:10175000F8D14FF48073D5F800902244A5F8962074
:10176000C5F8A0B9A5F8A43909F1C80721BB84A818
:1017700012F09CFD0024DFF870820DF5047A5646C5
:101780001AF8013B33BB23A9002001EB84025DE082
:101790000BB10A46DDE70620FFF796FD00990246E9
:1017A0002846FFF799FF0023C5F8A039A5F8A4390A
:1017B0000DF5457DBDE8F08F0023CA5C002AD6D028
:1017C0000133B3F5807FF8D138467849FCF751FCF6
:1017D0000320E8E75C2B29D19AF80020A2F1090345
:1017E000DBB2172B17D828FA03F3D90715D41AF848
:1017F000013C002BC3D02CB11AF8023C002BBED107
:10180000202C2CD0C4AA631C02EB8404A4F5217400
:101810002660DCB2B3E75C2AE9D1304612F04EFD17
:1018200051460246304612F04EFCE0E7093BDBB27F
:10183000172BDCD828FA03F3DA0744BF00230AF891
:10184000013CD4E70134E4B242F8040B202CF9D96E
:101850003BB138465649FCF70CFC0720A3E70723A9
:1018600091E7DAB2C4A800EB8202A2F521721268F5
:101870001C460133002AF4D1134603A8DAB251F80A
:1018800022800133B8F1000F31D114F0FF04494B2D
:101890000AD049490398FCF7ADFA03AE454B50B363
:1018A000013C14F0FF0425D193F874234349444BC1
:1018B0003846002A18BF19460A464249FCF7D9FBA8
:1018C00005F160044FF46F53062220460099FFF79C
:1018D0009CFB00287FF467AF59462046FEF78DFD3C
:1018E00000287FF460AF2046FFF7D0FB5BE740F8AD
:1018F0002280C3E704AE93F87433D6F800A053B93E
:1019000050463149FCF776FA28B938462F49FCF79A
:10191000B0FB0D2047E72E4B196850460193FCF7AA
:1019200069FA019B2B4AC0B1D3E901A35A1007EB16
:101930006300DB0748BFBB5804F1FF3148BF53F8D1
:101940000AA0012C18BF06F104084246C9B2D047CC
:1019500023280FD00028B3D025E70C339342DBD1E6
:1019600050461D4912F098FC70B150461B4912F0C8
:1019700093FC40B1012C04D0384632681849FCF77A
:1019800078FB23200FE70120164B012C03EBC0034B
:1019900004F1FF3118BF06F104084246D3F82033A2
:1019A000D9F8C800C9B29847D2E700BF178C020027
:1019B0006D8B0200900D0020A28B0200648B020050
:1019C0005C8B0200A68B0200E6880200BF8B02003F
:1019D00074690200EC690200DE8B0200E98B0200F0
:1019E000F28B0200D066020013008000F0B50446BE
:1019F0000C260020013A90420DD370430A18095872
:101A00008B4215BF0023D2E90101C4E90033C4E9C8
:101A100000012046F0BD85186D0806FB05F7CF597B
:101A20009F422CBF2A46681CE5E72DE9F0438BB0A6
:101A300004460E4690461F465249134602A82D22E0
:101A4000FFF7D4FFDDE9025945BB19F0010F25D19D
:101A5000A8F57053B3F5806F44D204F16005434696
:101A6000062231462846FFF7D0FA002856D143F621
:101A70000143984536D10DF1070104F19000FEF7BE
:101A800097FD804670BB9DF80730082B2AD8DFE809
:101A900003F02121322136484B50520004F16007F7
:101AA0004346062231463846FFF7AFFA002835D1C3
:101AB00019F0010F4FEA690318BFE35804EB6900FE
:101AC00018BF5D59A84748BB38460BB0BDE8F04386
:101AD000FFF7DCBA0021206E07F0E4F800284DD0B3
:101AE000172812D1002F4BD00D22314620460BB0C3
:101AF000BDE8F043F0E5244B93F87816EBE70021BE
:101B00002846FEF70BFC002838D0FFF7DDFB014626
:101B10002846FCF7FEFB1728E4D078B30BB0BDE8ED
:101B2000F0836FF44071EBE70021206E07F0BCF802
:101B3000D4E70120E9E7144B0DF11009D3F87C2616
:101B40000492D3F880260592D3F884260692D3F81F
:101B500088260792D3F88C26D3F8903608920993FA
:101B6000284659F8041BFEF7D9FB0028CDD108F10F
:101B700001085FFA88F8B8F1060FF1D12846A4E70A
:101B80003A46B2E7FC690200900D002070B50446A9
:101B9000002694F8ED5894F8EE38AB4201D10020BD
:101BA00034E005F58F7514F835305A0616D414F85C
:101BB000353023F0400304F8353094F8ED38013324
:101BC000DBB20F2B84F8ED38E3D194F8EE3884F8CB
:101BD000ED680E2B22D884F8EE38DAE7C3F3010261
:101BE000C3F3830141EA021104EBC5025378526842
:101BF00003F0030361F07F01022BC9B2C2F31702A5
:101C000005D12046FFF768FD0028D0D070BDB3FA9B
:101C100083F320465B09FFF708FFF5E70F3BDBB2D4
:101C2000D7E72DE9F047D0E93432134304461ED0FC
:101C300000254FF00109344FDFF8D0A0C5F1200195
:101C4000D4E93430A5F12002EB4000FA01F10B4356
:101C500020FA02F2134313F0010FC5F12008A5F199
:101C6000200609D101351F2D07F10C07E6D101230C
:101C700084F89039BDE8F0873A68002A39D17B684A
:101C8000772B14D1DAF89436D9070ED4580628D415
:101C900013F0180F27D1990727D49A0627D440F2BA
:101CA000847213420CBF0722062202F170031A4607
:101CB00080212046FFF710FD0028D8D1D4E9343226
:101CC00009FA06F629FA08F846EA080609FA05F1BB
:101CD00023EA010322EA0602C4E934321343C1D1E4
:101CE000C5E70222E1E70822DFE70122DDE7032260
:101CF000DBE794F89039002BE0D0012380212046C7
:101D0000FFF793FED8E700BF00680200900D0020A7
:101D100010B590F8A830044633B1D0F8E4309942B9
:101D200004BF002380F8A8302046FFF72FFFC0B97A
:101D300094F8E81089B101230C222046FFF775FEC4
:101D400078B994F8E03084F8E800042B1FBF636C86
:101D5000C4F8E430012384F8A8302046BDE81040E0
:101D60005FE710BD014BD3F878035AE7900D0020D0
:101D7000F7B50D46044600B9FEE7037F03F0FF0602
:101D800003B1FEE70E4B1B68994215D840F2E730CD
:101D900031460C4B4FF47A721F680023E5FB0701B4
:101DA00011F05CFE0123CDE9006301462346064A9B
:101DB000606813F0A5FF00B1FEE703B0F0BD00BFFF
:101DC000880D00208C0D00203561020000B9FEE76F
:101DD000406814F0ABB870B5EFF3108672B64FF0F0
:101DE000FF3012F0D2FC04460A4BD3F89826C3F811
:101DF0009806824288BFD3F89C26304684BF0132C1
:101E0000C3F89C26D3F89C5614F0A8F9204629461E
:101E100070BD00BF900D00202DE9F74307460D4629
:101E200006F044FF1E23624E804606F148043C1B28
:101E3000E410B4FBF3F496F85835E4B2032B1AD04F
:101E4000002229463846FDF76BFCA0B1FFF7C3FF1F
:101E5000584C021941F1000306F5AC61C1E90023B9
:101E6000022386F8583507B9FEE7C6F8A0760020A9
:101E700003B0BDE8F083012C00D9FEE730236343B3
:101E80004D4AD1188D4200D0FEE7C4EBC41102F5D3
:101E90009E720A442968914200D0FEE72A7F3344AB
:101EA00012F0020F10D1642283F89425FCF787FC0E
:101EB00038B300264FF0FF310C2001AA019609F03B
:101EC000EDFB019C84B9FEE793F89425022A04D81F
:101ED0003023502203FB0463E6E7023AD2B24F2AD2
:101EE00083F89425F4D9E1E7214634482760267128
:101EF000A56004F0ADFF0028B9D1204613F02CFEF8
:101F0000B5E74146A879FCF7DDFF00284DD1FCF785
:101F100053FC804600B1FEE74FF0300901464FF414
:101F2000F85013F085F909FB0463C3F89075297F15
:101F30001020C1F38001C6F8945313F079F90C23F3
:101F400003FB04642B7F2846C3F3C003A96A84F80B
:101F5000FA37FDF71EFDEFF3118489F31188022093
:101F6000012113F065F9FCF727FC00B9FEE786F8BC
:101F7000B483FCF72DFD84F31188BFF36F8F4FF40A
:101F8000805013F06DF900283FF471AF97F8E430FA
:101F9000002B3FF46CAF3A6A936F002B3FF467AFAE
:101FA00001212846D26F984761E7072060E700BF0C
:101FB000900D0020404B4C00F812002034150020FA
:101FC00010B58379044603F0FB03032B17D18388F4
:101FD000DB0608D50423A3712368E169D869FFF7FC
:101FE0001BFF60B1FEE7C369006899791C30FCF7FC
:101FF000C5FF00B1FEE7A379042BEDD0EAE710BDE1
:10200000C2698379516909B9126922B1072B01D0DC
:1020100007238371D4E7032BFCD00323F9E72DE9D1
:10202000F743044600F1640738460D4690461E46C5
:10203000FBF724FCB4F8049019F0200F2AD028688C
:1020400006F056FF30B32B7FDA0723D528460DF173
:102050000201FDF79CFA00B1FEE79DF80230082B63
:1020600018D1284601A9FDF7A2FA00B1FEE72846DB
:102070000DF10301FDF7C4FA00B1FEE79DF803205E
:1020800094F860309A4205D1019BE26D934224BFDF
:102090000133E3650023E3719EB119F0040F10D101
:1020A000237A6A7E9A420CD9013323722B7F0E2E3B
:1020B00043F002032B771ED0204603B0BDE8F04367
:1020C0009EE7A379022B4FD1A97EAB798B4206D034
:1020D000A37DDB0703D520681C30FCF74FFF246A83
:1020E000E76C002F3DD0334642462946206CB84766
:1020F0000023E36435E0A37994F86160062B1CBFEC
:102100000623A371FDF7D8F8A37D0546206813F0D8
:10211000010F00F11C0010D0E3699979FCF72EFF44
:102120004FF0FF33B34025EA03054FF4A0735D433E
:10213000FBF7E6F9002D03DAFEE7FDF7B1F8EFE76C
:102140000544606E39460A4AE5661030FDF741F9EC
:1021500094F861300133DBB2052B28BF052384F8E6
:10216000613003B0BDE8F0830223A371ACE700BF88
:10217000DC6602002DE9F04190F8E47004460D465B
:102180001E46C7B10D4F97F8747397B1897EAB792E
:102190008B4206D00A4BCB40DB0700D4FEE7FCF7AE
:1021A000B3FE334600222946206A5430BDE8F04190
:1021B00035E7006AF9E7BDE8F08100BF900D002027
:1021C00000F8FF072DE9F04FABB0134604460F4669
:1021D00006A890462A491D22FFF708FCDDE90630D3
:1021E00000F00102002B40F0F382002A40F0F08260
:1021F000B8F1710F46D0B8F56F5F3AD0B8F10C0F57
:1022000040F0D0820CA904F19000FEF7D1F900282B
:1022100040F012829DF83030022B1ED003D9DA1E16
:10222000012A88BF0323002584F8E0300C22012313
:102230003946204684F8E850FFF7F7FB94F8E03081
:10224000042B13D0012350B9626C84F8A830C4F871
:10225000E42000202BB0BDE8F08F0123E3E7C4F8B1
:10226000E45084F8A83084F8E870F2E70028F0D051
:10227000F9E7394620462BB0BDE8F04FFFF745BAE5
:10228000186C020023689A6C002A00F087821D6F88
:10229000002D00F0858204F19006304608AA0CA9B2
:1022A000FEF7CCFC002840F0C781BDF820207F2A33
:1022B00000F2C281A846AA8058F8060B0C9911F0CA
:1022C00053FF41463046FEF773F9002840F0B481D1
:1022D000AB79C5E90400AB7640F604732B837F230A
:1022E000EB762B7F304623F0170343F004032B7764
:1022F00005F11801FEF75CF900284DD1304605F1D3
:102300001901FEF755F9002846D130460DF11101AB
:10231000FEF75EF900283FD12B7F9DF81120304653
:1023200062F382032B770DF11301FEF751F998BB8D
:102330002B7F9DF81320304662F300032B770DF1BD
:102340001201FEF745F938BB2B7F9DF8122030466D
:1023500062F341032B7705A9FEF73AF9E0B92B7F29
:102360009DF81420304662F304132B7705F1140115
:10237000FBF75BFB80B9304605F11001FBF755FB1D
:1023800050B9304605F11A01FEF712F920B930466E
:1023900005F11B01FEF73CFA2568AB6C002B00F041
:1023A000FD8105F15403039395F85A30052B00F095
:1023B000F5812E6F306806F09BFD002800F0CE817D
:1023C000337FD80600F1CA8130460DF11201FDF7C6
:1023D000DEF8002840F0C281337FD90704D43046AC
:1023E00095F8B410FDF720F9B5F858309A0600F1C9
:1023F000B5819DF81230082B40F0B0812B6F05F1AC
:1024000090029A60286F037FDB070BD4D5F8B06089
:102410003146FDF7DCF8D5F8B0309E4224BF0136D6
:10242000C5F8B0604FF000092A2249460DF1360088
:102430002E6FCDF8149011F033FD24220DF13808E1
:1024400049464046CDF83080ADF8342011F028FDE3
:10245000306806F04DFD002800F0798130460DF11E
:102460001301FDF784F8002840F07181304605A97A
:10247000FDF79DF80190002840F06981059BD5F893
:102480006200D5F866101ABA9DF813C008AB03C3F2
:102490000A9240468022B1688DF82CC003F0F3FB0D
:1024A0000090002840F0D3803046FDF7CEF8023887
:1024B0005FFA80FBBBF1030F40F2CA803046FDF7A4
:1024C0005BFA0346DDF800A002900AF10102002B3E
:1024D00040F0BF805FFA8AFABAF1020F38BF4FF0BE
:1024E000020A3046BAF1020FCAF10F0818BF5FFAAC
:1024F00088F8FDF739FA021E18BF01220AF1FF3AE7
:102500004FEA6B035FFA8AFA013B4AEAC30343EAE4
:10251000821308A9424681460DF161008DF86030B2
:1025200011F022FE0F23029A1CA99845C0F0948056
:1025300018AA11460CA8FBF78FFDB9F1000F07D0C0
:102540009DF8613089EA03038DF86130022301931D
:10255000424608A90DF171008DF870A011F004FE3B
:102560000CAB08F14100C8F10F020021184411F032
:1025700097FC0023029A2593CDE92623019B304640
:10258000ADF8A03010238DF8A480CDF89090ADF870
:10259000A2308DF8A5B0FDF7E7F98145804661D3FB
:1025A000D6F8009000EB090AD1455CD1259B249A0E
:1025B0004344934225930AD1BDF8A03023B118AA11
:1025C00011460CA8FBF748FD0023ADF8A0303046BB
:1025D000FDF7D2F9279B269A03449342804659D8A7
:1025E0003046FDF760F84FF0000B8146824600EB65
:1025F00008030193019B9A454DD1279B269A43449A
:102600009342279313D3BDF8A0300DF1300823B1C6
:1026100018AA11464046FBF71FFD9DF8A420002193
:1026200002F141004044C2F10F0211F039FCDDE932
:1026300026329A4270D0FEE70620FEF745FE394664
:10264000024620462BB0BDE8F04FFFF745B8FEE745
:10265000FEE792461B0A38E7013B01F8012DDBB289
:10266000120A62E7FEE7BDF8A030102B05D118AAC8
:1026700011460CA8FBF7F0FC00235A1CA833ADF858
:10268000A0206B4419F8012B13F8481C4A4003F8AA
:10269000482C89E7FEE7BDF8A230102B12D10F219C
:1026A0009DF8A40020AA814205DD12F8013D013306
:1026B000DBB2137073B320AA1CA90CA8FBF7CCFCE7
:1026C000ADF8A2B01AF8013BB9F1000F0BD0BDF87C
:1026D000A220511CA832ADF8A2106A4412F8282C8E
:1026E0005A400AF8012CBDF8A020102A07D118AAD8
:1026F00011460CA80293FBF7AFFC0022029B511C71
:10270000A832ADF8A0106A4412F8481C4B4002F8F9
:10271000483C6FE70139C6E73046FCF796FFB6F84C
:102720000490D6F80080A9EB000920AA0CA81CA9E7
:10273000FBF792FC0DF15F0308EB09009DF8A52063
:10274000009991421EDB337F43F010033377BDF8CD
:102750003430232B21D90C9803F090FA00230398EE
:1027600085F85B3085F85C3085F8B530FFF748FCBC
:102770006A4BEB64C7F30113234407F00F0783F898
:10278000727966E513F8012F93F820104A4000F89B
:10279000012B009A01320092D0E7FEE70D204CE7B2
:1027A00003204AE7A8F57053B3F5806F08D243F6CB
:1027B0000143984584F86F291FD0012384F86F39AD
:1027C0000D22394620462BB0BDE8F04FFEF781BF01
:1027D000002184F86F19411004EB60000AB16258BF
:1027E000D35898470123054684F86F3900285DD0F7
:1027F0002846FEF769FD0246E3E704F190063046FD
:102800000DF11301FDF7D4FE01230028D6D19DF868
:102810001350092DD2D801A252F825F04528010005
:1028200057280100BD2701008D280100BF280100A5
:10283000BD270100C9280100D92801000129010094
:102840001329010030460CA9FDF7B2FE00280CBF89
:102850000125062516E00023304608A98DF8203012
:102860008DF83030FDF7A4FE08B106250AE03046A9
:102870000CA9FDF7ADFE0028F7D19DF82030082BFC
:1028800028BF0725012384F86F39B1E700233046BC
:102890000CA98DF83030FDF78BFE0028E5D101251D
:1028A0009DF8303084F86F59002BA1D143460122A6
:1028B000394620462BB0BDE8F04FFEF79DBE3046AE
:1028C0000CA9FBF7B2F8C1E730460CA9FDF780FE72
:1028D000002808BF0125D5E7304605A9FDF768FEA9
:1028E0000028C2D1304608A9FDF762FE0028BCD1FD
:1028F00030460CA9FDF75CFE0028B6D10125C1E7E2
:1029000018220021064811F0CBFA012384F86F3910
:10291000CCE730460CA9FDF75BFE97E711150100E7
:102920000C14002070B5046894F85A3004F1540572
:10293000033B042B4BD8DFE803F003081B1603000E
:102940002846BDE87040FFF73BBB236F606D997967
:102950001C30FCF713FB2846216F0E23BDE87040A6
:102960000022FFF75CBB2846BDE87040FFF748BB7C
:10297000B4F858309B0700D5FEE7636DD869FCF7C3
:10298000DBF97F2807D094F96B307F2B01D083428D
:1029900001DA84F86B00FAF792FDE36EC01A0028A2
:1029A0000EDAD4F8C030D4F8B8008033C4F8C030A0
:1029B00004F1B801064A1030BDE87040FCF709BDCB
:1029C000284694F96B10BDE87040FAF7A6BF70BDB9
:1029D000DC66020010B50446FFF7FDF902460B461F
:1029E00004F16000BDE81040FDF7D0BC30B500F147
:1029F000900485B0204602A9FBF731F8002838D1B1
:102A0000204601A9FBF711F898BB20460DF1030100
:102A1000FDF7CEFD044660BBFFF7DDF9DDE90223DB
:102A2000904271EB030502D3072005B030BD121AA6
:102A300063EB01036FF00101914274EB0303F3D3E5
:102A40009DF8034006F032F901460C4812F008FCEC
:102A500088B92046FCF736FA0028E5D1012120206C
:102A600012F0E6FB40F29441054B064A064808F096
:102A700021FF0620D9E70120D7E700BF4000010071
:102A8000398C02003B8C0200708C02002DE9F04F63
:102A900012F0C00F824615461F468FB001D012F0CB
:102AA000B9FBAB0206D5504611F033FE10B95046C3
:102AB00012F040FCAE0301D512F0ACFBEC0105F0C6
:102AC000807340F15881FBF777FE68B11020002138
:102AD00012F0AEFB12F0D8FB0446002800F03C8157
:102AE0000121082012F0A4FB202012F0B9FB05F40C
:102AF00000510446002800F05D8121B101214FF40E
:102B0000004012F095FB15F4404F06D0002148F22A
:102B1000200012F08DFB12F0D9FB280740F1BB809A
:102B2000B24C0321D4F87C0303AA11F0F6FD014650
:102B3000002800F08F819DF80C30072B40F08A812F
:102B4000D4F87C0308AA11F0EDFD002840F0828142
:102B50009DF81C3013F01102009208D113EA1310F3
:102B600003F00F0203D112B10F2B00F27381BDF8F5
:102B70000E60059806F1010B02781FFA8BFB5A458F
:102B800040F06881F21E7B2A00F26481BDF81020BB
:102B9000002A00F05F81013A411C06F1FF3C92B22D
:102BA0000591ADF80EC0ADF81020002A40F01A8152
:102BB000069A92F8008018460193FAF744FD019BAB
:102BC000814630B9009A22B9190702D00F2B00F2C2
:102BD00041819DF82D30002B00F0108108F0070393
:102BE000022B40F0378103AAD4F8F813D4F87C0301
:102BF00011F09CFDA4F8FCB3FBF7EEF812F044FBD7
:102C0000002843D0D4F89433D4F8F8231B68927882
:102C10009B789A423AD19DF82630002B00F01A8119
:102C20000236D4F87C0308A9ADF8246011F07CFDCD
:102C3000002840F00F819DF82E30089E84F80D3456
:102C40009DF82F30C4F8209484F80E34FFF7C3F8B1
:102C50004FF00009664B864228BF01F1FF315960F1
:102C600019EB060601214FF48070C4F8006412F0DD
:102C7000DFFA6048494612F0DBFA12F015FB28B182
:102C800018F0100F1CBF012384F8B53312F00CFBB1
:102C900008B906F08DF8EE0501D512F0BBFA15F46F
:102CA000863F01D012F0B6FAAC014FF000060DD508
:102CB0004E4C12F0AFFA3146042012F0B9FA94F8F3
:102CC000B5331BB106F074F884F8B56315F0084FFE
:102CD00005D012F09FFA0021042012F0A9FAA800F2
:102CE00001D512F097FAA90705D5082012F0B8FA15
:102CF00008B112F0FBFAFA0523D5504608AA03A939
:102D000011F04EFB9DF80C30DBB13B48002112F076
:102D10008FFA042012F0A4FA28B1FBF75DF8002125
:102D2000042012F085FAFBF747FD28B112F0ACFA47
:102D30004FF4007013F050F913F004FA08B112F0D8
:102D4000D5FABB0540F1D2800022504611460FB0A3
:102D5000BDE8F04F09F01EBF06F02AF801214FF43C
:102D6000807012F065FA2146022012F061FA2146C5
:102D70004FF48030B6E607F00202134306D012F09B
:102D800083FA4FF4007013F027F9ADE605F0A8437D
:102D90001A4304D012F078FA4FF48050F3E707F0AA
:102DA000040213433FF4A0AE104BD3F87C0311F0A0
:102DB0000DFC99E649B101214FF4803012F038FA48
:102DC0002146402012F034FAA7E607F020030B4317
:102DD0003FF4A3AE402012F02BFA4FF4006013F042
:102DE000FBF89AE690F80180E5E600BF900D002020
:102DF000901100200A0001006000010094F88C335B
:102E000013B9BBF1040F25D09DF8263013B3023659
:102E1000D4F87C0308A9ADF8246011F085FCC8B98A
:102E2000EFF3108072B6B4F80A38B4F80C68009367
:102E300013F094F9009BB3420CD0EFF311833022CE
:102E400082F31188D4F85868721C0BD183F311886F
:102E5000BFF36F8F0026FAF7BFFF3146254805F014
:102E6000E5FD18E7314651F80C2BC4F8582883F3D8
:102E70001188BFF36F8FD4F87C0303AA11F056FCBE
:102E800086F800B0BDF83430314673709DF92E30AD
:102E90001948F3709DF82F30B370089BB3609DF80C
:102EA0001C3013F0010F18BF4FF00009C6F8049052
:102EB00003F0CEFF0028CED018F020080AD0D4F8B6
:102EC0007C0311F026FCFAF787FF0121042012F0A1
:102ED000AFF9E0E6FAF780FF94F8B533002B3FF442
:102EE000DAAE05F065FF84F8B583D4E60FB0BDE82F
:102EF000F08F00BFE415002098150020F8B50025DC
:102F0000644C04F66403A4F8CC53C4F8C853A4F882
:102F1000FC53C4F8F833EFF3108072B60223C4F800
:102F2000A457A4F8A837C4F8AC5713F017F95A4BB4
:102F3000C4F89055C4F8AC3704F2A463C4F86835FB
:102F400004F6E803C4F8743504F22373C4F8983522
:102F500004F6F803C4F8A4359C23A4F86C5584F84F
:102F6000DC35C4F8C055A4F89C55FBF75FF8056044
:102F7000FCF766F9031D00F1B402194610339342C1
:102F8000056018D194F8C0330B2B18D894F8C133CE
:102F90000A2B14D9414EC4F8B86303F0E5FF0020B2
:102FA000FAF7FAFF0822D4F87C03114611F0F9FA77
:102FB000054628B1FEE743F8105C0D46DDE7FEE765
:102FC0000146682206F5157010F06AFFEFF31186CE
:102FD000302383F31188012012F042F910B1284602
:102FE00005F0DEFE86F31188BFF36F8F0822D4F858
:102FF0007C03114611F0D5FA054600B1FEE7002327
:10300000002241F20D012648FBF7F6FB2946D4F8D1
:103010007C0311F0A5FC18222946224810F040FF3D
:103020002148FAF735FF2148FAF732FF204B214EAD
:10303000C4F8AC33FF23A4F8B033A6F59773C4F8F3
:10304000F2571D815D604FF6FE73A6F59172C4F8CC
:10305000FE57C4F8A863A4F8F03755601581A4F8AA
:10306000FC37EFF3108072B61027C4F80858A4F8A4
:103070000C78C4F8105813F071F80F4B39468C20B7
:10308000A6F1CC02C4F8103803F0DFFA00B1FEE775
:10309000F8BD00BF900D002045D600004C11002067
:1030A000C00D030098160020281100202C110020CC
:1030B000C002FF00B016002041610200B0F5802F71
:1030C00007B54FEA104382B212D20F2A10D8002956
:1030D00014BF042101218DF80500002201A88DF8FC
:1030E000043002F09FFA10F0FF0002D0022803D053
:1030F000072003B05DF804FB0D20FAE70229F7B5BD
:1031000005460E4614460DD156491068FAF772FE70
:10311000002856D069466068FAF760FC68B307205B
:1031200003B0F0BD03294AD14F491068FAF762FE97
:10313000002846D069466068FAF750FC0028EED1B6
:10314000A06801A9FAF74AFC0028E8D1DDE90034BB
:10315000B3F5802F4FEA1341E1D29AB20F2ADED89D
:1031600001223020DBB29A40404B00FB0133002C9F
:103170005ED041F210015A501FE00099B1F5802F46
:103180004FEA11438AB2CAD20F2AC8D8EFF311808E
:10319000302282F31188534303F1A04303F57033C7
:1031A0005A6980F31188BFF36F8FC9B2CA402846AD
:1031B0002F4902F00102FAF75CFF0020B0E7012975
:1031C000ADD92C492068FAF715FE0028A7D069462A
:1031D0006068FAF703FC07460028A0D1022E2AD126
:1031E000009BB3F5802F4FEA13409AB297D20F2A73
:1031F00095D8EFF31181302484F3118860431B4A82
:10320000DBB2072B024492BF5268D268083B9B0096
:1032100022FA03F303F00F0381F31188BFF36F8FDA
:10322000012B28460CBF14491449FAF722FFC4E7C2
:1032300042F210019FE7032EBFD1A4681049204637
:10324000FAF7D8FD28B13946009803B0BDE8F04040
:1032500034E720460B49FAF7CDFD0028ADD0012117
:10326000F2E700BFC98C0200D28C020000C00350FC
:10327000CD8C0200D68C0200DB8C0200E08C0200B8
:10328000E68C0200E98C0200FEE700F061BC70B53C
:10329000044601260B4D04B970BD94FAA4F0B0FAAF
:1032A00080F006FA00F224EA0204C200AA580F28AD
:1032B00005EBC001C8BF1038002AECD04968C0B285
:1032C0009047E8E718300020064BD3F82404D3F8E1
:1032D000202403F50053104000F05530C3F82004BB
:1032E000D5E700BF00C00350064BD3F82404D3F841
:1032F000202403F50053104000F0AA30C3F8200446
:10330000C5E700BF00C0035010B5416C4369A1F18F
:103310001404DA1CB2FBF4F203EBC2000330B0FB7E
:10332000F4F0B1F5805F00F1010002D1012828BF5F
:103330000120013010BDF7B507460E4600257C6C14
:10334000A819644280EA06031C4003D02C4620469C
:1033500003B0F0BDFB6B01225B6901A99847019B9B
:103360000133F4D10435EAE72DE9F341154690F82D
:1033700042201E46012A14BF042302235D43CF7D51
:103380002C1D844605F00205BFB915B1012724F0B4
:103390000304486808342044DCF83C30012A5B69A7
:1033A00027D101A9984717B1BDF806300193BDF8A0
:1033B0000430336002B0BDE8F08155B124F003045D
:1033C00000230D7E01F1200ED8B2854203D80020E3
:1033D000E2E72F46F4E73EF8330003F10108A0428C
:1033E00004D901EBC303D8690834D4E74346241A4F
:1033F000EAE70122314602B0BDE8F0411847D01E8D
:10340000009B42424241187E824212D11A688A428F
:103410000FD85A688A420CD35A6901325A61D3E9EB
:103420000302824205D2986840F822101A690132DC
:103430001A610120704700234FF0FF3142689A4221
:1034400002D8002303727047026842F83310026802
:1034500002EBC30251600133F0E7002370B5456809
:103460009D4211D00468DE0054F83320B2F1FF3FD2
:103470000BD0C2F31302914207D14FF0FF3244F850
:103480003320036833445A6070BD0133E8E710B558
:10349000032A029C07D1A26A5340626C5242134233
:1034A00001D1FFF7DAFF012010BD0023F0B5456818
:1034B0009D4202D14FF0FF300EE00468DE0054F868
:1034C0003340671C09D0C4F31307B94205D1240D5A
:1034D0001470036833445868F0BD0133E8E773B5EE
:1034E000164600F108040D46204609680DF1070252
:1034F000FFF7DBFF032E05D16B68834202D1204624
:10350000FFF7ABFF012002B070BD00BF2DE9F04115
:103510004668002E3AD0056898464FF0000CAE463B
:1035200055F83C40C4F31307013401D0B94222D00E
:103530000CF1010CB4450EF1080EF1D100273C4608
:1035400003E0B44207F108071DD055F834300134C8
:103550000133F6D16FEA01316FEA1131E9510168A7
:10356000CB59C3F3130343EA0853CB5103683B44DD
:103570005A60BDE8F08141EA0851CEF800100368B6
:1035800003EBCC03F4E7B8F1030F03D1012303727B
:10359000BDE8F08100231C4603E0B44203F10803B8
:1035A000F4D055F834700134C7F3075CBCF1030F55
:1035B000F3D16FF313073943E9500468E158C1F3BD
:1035C000130141EA0851E15001680B44D0E708B506
:1035D00008301346D1E90012FFF798FF012008BD1B
:1035E00041F67132034B0020DA63012203F50053E8
:1035F000DA6070470000035041F671320121044B3C
:10360000DA6303F50052D1600022DA63704700BF2D
:1036100000000350704737B5054601F10C044369BB
:1036200001A9012220469847BDF8043001220093E9
:1036300069462046AB69984703B030BD202A0B6825
:103640001EBF4FF0FF3191408B43590801F05531B7
:103650005B1A03F033319B0803F033330B440178DA
:1036600003EB13130A444FF0013103F00F334B43C4
:10367000A2EB13620270704737B5044600251B2287
:10368000011D0DF107008DF80750FFF7D7FF6368A4
:103690009DF80720B2EBD36F03D123F0784003B03D
:1036A00030BD1B2204F108018DF80750FFF7C6FF5B
:1036B000A0689DF80730B3EBD06F0ABFC0434FF04E
:1036C000FF3020F07840EAE72DE9F04306469946BE
:1036D00089B0036908460F4690469847044600287B
:1036E00067D1D9F804305B0A012B22464FEA530315
:1036F00004F10104F8D899F8035099F802302D0329
:10370000DB0203F4006305F480551D43B9F8003073
:103710004FF00009C3F30A0352032B4492B29D18E1
:10372000294B0DF107001B2228F0784402A90393CE
:1037300002948DF80790FFF781FF9DF807306FEA3C
:10374000054544EAC36404946FEA08041B2224F08C
:10375000784402A902948DF80790FFF76FFF9DF857
:1037600007306FEA154544EAC3644FF0FF33012286
:103770000594069307A9B369079507F110009847C8
:1037800001220446B36905A907F108009847012200
:10379000484518BF0446B36904A9381D984701225B
:1037A000484518BF0446B369384603A9984728B16D
:1037B000044639463046FFF72EFF01E0002CF8D1D1
:1037C000204609B0BDE8F08301009AB238B5134B2A
:1037D0000546D3F820010C4600F00700042816D84F
:1037E000DFE800F003090D111800012305B128607E
:1037F00004B1236038BD0A4B18680423F6E7084B70
:1038000058680323F2E712F0DDF80523EEE7002302
:103810001846EBE702230348E8E700BF00800050AA
:10382000A03F0020002D310141F67133012270B517
:10383000194D0446EE69EB63184B0021DA60022350
:10384000686121202B6106F4803612F0A5FD10B9C5
:10385000212012F0A1FD0122114BDA600EB10023EC
:10386000EB63431C14D0A8B90E4B9A6801230A32AB
:1038700002F01F02934023F0030323449C4201D132
:10388000002070BD54F8042B0132F7D03E20F8E739
:103890006E20F6E77120F4E700000350001003509B
:1038A000002003500080E00F00F01F03A0F5062069
:1038B000A0F55060812810B51ED80121104A40099A
:1038C00002EB80049940D4F800310B43C4F8003176
:1038D000D2E945310B44D2F81C110B44D2F8201127
:1038E0000B44D2F824115B1805D1C2E94033C2E978
:1038F0004233C2F8103110BD4FF0FF30FBE700BF7C
:1039000018300020BFF34F8F0549064BCA6802F4F8
:10391000E0621343CB60BFF34F8F00BFFDE700BFF2
:1039200000ED00E00400FA0510B5044644EA010386
:1039300013F00303084609D1934201D1002010BDC2
:1039400054F8231040F823100133F5E72146920084
:1039500010F00AFCF2E738B5202204460D460C3080
:10396000002110F09DFA4FF0FF33C4E90035A36049
:1039700038BD2DE9F74F324D4FEA820BEA698A468E
:1039800002F4803341F6713201210093EA632D4A3B
:103990008146D16007465246D846B8F1000F01D1A2
:1039A00040462BE007F500546FF30C046F61E41BF5
:1039B000E969444528BF444649073AD4164656F8B3
:1039C000041B2244A96196420FD104220021212028
:1039D0002A6112F0E1FC88B9212012F0DDFC68B9FF
:1039E00032462744A8EB0408D7E70821084601928D
:1039F00012F0D2FC019AC0B104232B610122124BB8
:103A0000DA60009B13B100220D4BDA63431C13D024
:103A1000A0B95A465146484611F0EBFB002814BFA6
:103A20003D20002003B0BDE8F08F56F8041BA961CB
:103A3000C9E74FF0FF30E1E76E20F3E77120F1E7CF
:103A400000000350001003500020035013B5002461
:103A500001AA019407F022FE00B10194019802B07E
:103A600010BD70B50F4A536D116D0B400E49002B00
:103A70000B659DB202DB01263DB970BDD068BDE883
:103A80007040C0F3042012F083BAB5FA85F4C4F193
:103A90001F04E4B2204606FA04F412F079FA25EA8B
:103AA0000405E9E7000004500020045030B4044647
:103AB000EFF3108072B6256885EA02030B406B4075
:103AC000236030BC12F04ABBBFF34F8F0549064B51
:103AD000CA6802F4E0621343CB60BFF34F8F00BFAC
:103AE000FDE700BF00ED00E00400FA0503460068B2
:103AF00018B102681A60002303607047036803B9B5
:103B000070478B4204D10B68036000230B60704741
:103B10001846F3E74FF0FF307047FEE7002070478C
:103B200001207047012070474FF0FF3070470020A0
:103B3000704700207047002070470348034BC01AAD
:103B4000801004F0E5B800BFA04100004041000033
:103B500008B5254B83F30A886FF00101234B244AF3
:103B60009A60D3F8882042F47002C3F88820214A72
:103B7000116641F2FF7151660221C3F8D010BFF304
:103B80004F8FBFF36F8F08204FF440331A49C1F8AD
:103B90008001D3600860A2F500521361FFF7CDFFEA
:103BA000164B17498B4212D30020164B16498B42F5
:103BB00018D3F2F749FB186850F82240586840F8CB
:103BC0002240013298688242F5D30C33EAE70022A2
:103BD000F8E71C6844F8220001325C68A242F8D37E
:103BE0000833E4E70022F8E70800002000ED00E0D9
:103BF0000040000000A0004400E100E080AA0200B4
:103C00008CAA02008CAA02008CAA020070B10122C8
:103C1000417803788A4030214B4341F2100103F18F
:103C2000A04303F5703300205A507047222070479C
:103C300070B10122417803788A4030214B4342F22F
:103C4000100103F1A04303F5703300205A50704770
:103C50002220704738B505460C46FFF755FB6B6CC4
:103C6000A3F11402B3F5805F02FB00F005D140F62A
:103C7000E8736969994288BFCC30E31DB3FBF2F366
:103C8000013304EBC304204438BD38B5054644690C
:103C90002146FFF7DFFF6A6CE31D143AB3FBF2F332
:103CA000AA69144404EBC3040C34204438BD034611
:103CB0000846EFF3108172B6024ADB6BC2F82C1192
:103CC000DB681847183000202DE9F04106464068AF
:103CD00082B0B8B10F4690460024336853F8345090
:103CE00003EBC403C5F30752C5F31301013506D036
:103CF0005B683046CDF80080B84718B17068013471
:103D00008442EAD302B0BDE8F081036813F07E0F6D
:103D100003D1406820F07C40704713F078001CBF4E
:103D200003F07F03D81F70474BF29A2210B5036847
:103D30000446B2EB134F13D19BB2012B15D1FFF701
:103D40009BFC013011D04FF6FF72E068B2EB104FD0
:103D50004FEA10430BD180B2C01A18BF012010BD2A
:103D600001330CBF03200420F9E70420F7E7022009
:103D7000F5E7F0B50546002687B0EC69013CB44292
:103D800003D80C46204607B0F0BD01B14C1E6F6C45
:103D90002868EB6B05225B6901A907FB04009847C3
:103DA00001A8FFF7C1FF0128ECD921460136E4E75D
:103DB000F0B503680646CC1A436C0025B4FBF3F457
:103DC00087B0F36937685A1E9542706C06D3736CDE
:103DD000306803FB0400143007B0F0BD0134B4FBBD
:103DE000F3F203FB1244F36B05225B6901A900FBAC
:103DF0000470984701A8FFF797FF0128E7D901351C
:103E0000DFE710B423F0030422449B070A44436C09
:103E100018BF04325B4281EA0204234202D05DF8FB
:103E2000044BC5E710465DF8044B70472DE9F04F91
:103E3000144605468B469946C36B89B001225B69DF
:103E400005A960689847EB6B01225B69584604A995
:103E50009847059B581C07D10022A360A275627584
:103E6000002009B0BDE8F08F01220021A275227E5A
:103E7000049804EBC202C2F81CB011846168C0F35C
:103E8000D31C594500F07F020BD14FF0FF33C4F82B
:103E900000C02275A360043A022A24D80023A37527
:103EA000DEE72168277D00F07E06614508BF974266
:103EB00003F07E03B3FA83FC3246B6FA86F60CBFF3
:103EC000012100214FEA5C1C7609B44514BF002192
:103ED00001F00101A175002A00F0E8800BB9002370
:103EE000A3753A46D7E710F07E0F0FD1EB6B022295
:103EF00058465B6906A9984706A8FFF706FF237D89
:103F0000032B43D8DFE803F0130D044B04A8F4E7B8
:103F1000CC22237E04EBC3031A840123654AD35CBD
:103F20000AE0237E04EBC30318840023F6E7237E14
:103F300004EBC30318840123129A1370049B227E9E
:103F400013F07E0A18BF00264FEAD36704EBC202C3
:103F500008BF07F00306B2F8208082F82260BAF1A9
:103F6000000F1ED000231B2204A906A88DF81830CC
:103F7000FFF764FB04229DF81830D91B4B424B41DC
:103F800063755BBB0023A375002754E0227E013BD1
:103F9000DBB204EBC202052B1084CCD8BEE70223AF
:103FA000BCE7EA6B06A9576958460222B8472022A7
:103FB00006A90DF10F008DF80FA0FFF73FFB1A22A5
:103FC00007A9FFF73BFB9DF80F30079AB3EB926F01
:103FD0000CBF0123002308226375D2E7A77D002FC1
:103FE000D2D0B8F1000F09D1E6B10123E375637EA9
:103FF000002B50D1012E43D1667615E06B6C0BEB94
:1040000002005B428BEA00010B421CBF0023A37538
:104010006B6C591E01405B1A9845B3D8A37D002BE9
:10402000E2D1B1E7E37D33B900274346594628463C
:10403000FFF7E7FEA060A07D10B123694344236130
:10404000237E012B3FF62AAF01332376B9F1000F0F
:104050003FF407AF00283FF403AFE37D002B3FF4AC
:1040600000AFFFB9032E1FD0A1684A1C1CD0129BC1
:104070002246009328460123FFF7D8FEA075F0E6FC
:1040800095F8343063B9EB6A0133CED1032ECCD12D
:104090000123A376C8E7012ECDD0032EC4D1F7E7C4
:1040A0001F46C2E73846DCE61846DAE6002B3FF446
:1040B00018AF14E7786D020013B50C460021217685
:1040C0000093616813462246FFF7B0FE18B1E37D06
:1040D00003B1A07EA075A07D02B010BD2DE9F34113
:1040E000044616461F461B4B0D46816AA3F5987879
:1040F000E36A8B4201D04B1C02D102B0BDE8F081D3
:104100001448FFF728FC0122204612490DF107034D
:10411000FFF7D2FF38B13B4620469DF807200D49F6
:10412000B0470028E9D0D8F838114A1C05D1D8F892
:1041300034112046FFF73CFE0146012DD8D1D8F8B6
:10414000343181EA0302636C5B421A4218BF4FF0BC
:10415000FF31CDE7483100202DE9F0410F461646EA
:104160009846044688B060B390F83450FDB1012100
:10417000FFF79DFD00210E9BCDE90511CDE902372A
:104180009DF83C30CDF804808DF81C30237C0496DB
:104190008BB90D4901AA04F10800FFF795FDDDE98F
:1041A0000553E06B002E08BF1D4605F042F8284677
:1041B00008B0BDE8F0812046044A01ABFFF78EFF4E
:1041C000EDE70546F3E700BFFF33010011440100AE
:1041D0002DE9F041D0E90A369E42044686B028D146
:1041E0001422C369456802FB1355284606B0BDE892
:1041F000F0812068676C331AB3FBF7F3E26B07FBBF
:104200000300D2F8148001A90522C04701A8FFF7D6
:104210008BFD012804D0636C1D44013B3340ED1A33
:1042200031462046FFF7C4FD0646A36AB342E0D1FB
:10423000DBE70025F9E72DE9F04F0F469A4600230A
:1042400089B004464FF0FF31104690468DF80B3090
:10425000FFF781FBB7F5801F20D2394603AA04F18E
:104260000800FFF722F9451C014605D1237CBBB9A4
:104270002D2009B0BDE8F08F4046FFF76CFB01220E
:10428000414620460DF10B03FFF716FF0028EDD045
:104290009DF80B308AF800300020EAE7B81CE5D121
:1042A000E66A711C2CD12046616AFFF762FD064662
:1042B000BB1C18BF0123DFF8C4B00093636A626CB3
:1042C0000193236803A902FB0639E36B48460522E4
:1042D0005B6909F114099847002549464B1C05D034
:1042E000636C81EA09025B4213420FD031462046DB
:1042F000FFF73FFD019BB3422FD085BB0646DDE7AC
:104300002368F61A636CB6FBF3F6D1E71A48FFF799
:1043100022FB2046009A18490DF10B03FFF7CCFE53
:104320008446B8B1BA1C03D0DBF85C31BB4211D172
:1043300045469DF80B30DFF840E08AF80030BEE8D3
:104340000F000FC5BEE80F000FC59EE8070085E807
:1043500007006546DBF86411C0E7002D88D0B7F58B
:10436000801F99D239469AF80030D8F8042004F119
:104370000800FFF7CBF88FE77431002018300020D9
:104380002DE9F04385B00E4617461C460546DDF87C
:104390003080A8B390F83430A3B3B1F5801F33D286
:1043A000DFF868900121FFF782FC314628460DF1C5
:1043B0000F0309F5C472FFF73EFFE8B99DF80F300F
:1043C000012B14D1D9F8982104EB08039A4215D394
:1043D0002246009043463946284604F055FA0446E2
:1043E000E86B04F026FF204605B0BDE8F083022B01
:1043F0000CBF60242D24F3E72D24F1E76324EFE7BD
:104400002124F0E71124EEE72924ECE718300020FE
:1044100073B50D46D11E4A421C461B7E4A419A4244
:1044200029D129682368994225D36368994222D803
:10443000124E0DF1070306F5DA72FFF7FCFED0B954
:10444000D6F8B8216B689A4215D19DF80730DA1E6C
:1044500053425341227E93420DD16369013363611C
:10446000D4E90323934206D22968A26842F82310B4
:10447000236901332361012002B070BD1830002090
:1044800070B50025044686B00562E369AB4202D8E8
:10449000206A06B070BD666C2068E36B05225B691C
:1044A00006FB050001A9984701A8FFF73DFC01287C
:1044B00098BF236A05F101059CBF01332362E4E73D
:1044C00038B50446456C006804F1400305FB010162
:1044D000E06BFFF7F9F805462046FFF7D1FF2846C5
:1044E00038BD2DE9F04100254FF0FF384FF6FF733E
:1044F000044647462E4686B0C0E90853E369B342F6
:104500000DD8A5EB0805012D06D94FF6FF73002540
:104510006362E369AB4223D806B0BDE8F081E26B89
:104520002368606CD2F814C000FB0630052201A994
:10453000E04701A8FFF7F8FB01280FD801A8FFF713
:104540009BF8874288BF6662804528BF80468542C7
:1045500038BF05460746236A013323620136CDE79B
:10456000666C2068E36B06FB050005225B6901A908
:1045700098470135CDE72DE9F04F95B00D460A92E9
:104580000A69416C06931439D31DB3FBF1F301336F
:1045900002EBC302036B04469342C0F00C8300237A
:1045A00008939B4BA3F5AE79E36A994819460493A7
:1045B000FFF7D1F9D5E903370293069B022B40F0B0
:1045C000C280CC2F40F06A820A9B002B00F0B5809D
:1045D00000266868E36B0F9601225B690FA908301B
:1045E0009847B04694F84230012B40F0E682632EA3
:1045F00007D90F9B666C10930A9B002B40F0AA8092
:104600009EE0612E08D812AB324629462046FEF7BE
:10461000ABFE9DF8483013B312AB32462946204614
:104620008DF84480FEF7A0FE94F84230DDF848A0F3
:10463000012B71D14FF6FF739A4549D0082212A978
:1046400011A8FEF7FBFF9DF84420CAF307239A4206
:104650003ED15FFA8AFA0F9B53440F9338E094F8E7
:104660004230012B36D1612E2BD8324629462046C6
:1046700010ABFEF779FE2946204611AB721CFEF7FF
:1046800073FE2946204612ABB21CFEF76DFE0823CE
:10469000102211A90DF13B008DF83B30FEF7CEFF43
:1046A000102212A9FEF7CAFF109BDAB24AB99DF890
:1046B0003B20B2EB132F04D1DDE9113203EB0243AF
:1046C0000F9394F84230012B14BF012302231E44A0
:1046D000013687E7302EF4D832462946204610AB03
:1046E000FEF742FE2946204611AB721CFEF73CFE47
:1046F0001023202211A90DF13B008DF83B30FEF76D
:104700009DFF109B9AB2002ADBD19DF83B20B2EBB3
:10471000134FD6D1119BD3E7BAF1FF3FD8D0102267
:1047200012A911A8FEF78AFF9DF84420CAF3074397
:104730009A42CDD11FFA8AFA8DE7029B1B6810932B
:104740000823099315E0782F666C3FF655AF0A9B56
:10475000002B3AD0E36B01225B69686812A9984785
:10476000129B13F07E0F14BF04230823782F0993A4
:1047700031D9012200230592082200922A68C9F843
:104780006C71C9F85C21069A032A3FD0022A059A67
:1047900037D1C2F10202D2B289F870210022CDE9EC
:1047A0000B22DDF810A003920792606C411E0AEA0A
:1047B0000101421A002F2DD0009E33449A422CD87A
:1047C000236B1B1A0B44236341E1EB7D002B14BFC9
:1047D000082304230993049A731E1340F31A3A1D05
:1047E000934207D257B1082BC3D800220423059265
:1047F0000093C3E7002304220593BEE70423059733
:10480000F6E7002A0CBF07220022C5E7069AC3E795
:1048100074310020009B9A42D2D3009BB846D21A32
:10482000974228BF904653449742019348D90123A9
:10483000D9F86C2189F87331974246D1C9F860A143
:10484000039399F87331002B41D099F8742103999F
:10485000D31C09EBC3030132C3F860A1A3F8648140
:1048600083F8661189F87421B8F1000F14D0069B03
:10487000022B2FD10C9B7BB90B9B4344032B0BD9F1
:10488000E36B01229B69019810A99847064600280E
:1048900040F00E8101230C9399F870312E68824A02
:1048A000012B02EAC61628F07C4B40F28D809A1E3E
:1048B000012A03D908F1070303F07F031E4389E0AF
:1048C000039B002B18BF0323BAE70223B8E7C9F8FC
:1048D00060A1C9E70A9B002B31D1029BB8F1030FFD
:1048E00003EB080B28D9DDE90101E36B4FEA9802DD
:1048F0009B6998470646002840F0CA8018F00302DA
:104900005FD0029B28F0030633440293019B1E44B0
:104910004FF0FF33029911A811930FF025FCE36BC0
:10492000304601229B6911A998470646CDF808B088
:10493000002EB1D0019B6FE04246019EE8E705F1F1
:104940002003DDF804B00D93EB7D68689BB1002374
:104950002E7E079AD9B28E4211D90D9903F1010C1E
:1049600031F83310914226D9099905EBC303D86970
:104970000A44104403E0079B099A13441844E36B6C
:1049800001225B6911A99847119B01220F93079B94
:10499000584604330793E36B0FA99B699847019B23
:1049A00006464344A3EB0B03042B07D9002872D11E
:1049B0000BF1040BC8E76346521ACBE7CDF804B0FD
:1049C000B6E7CDF808B067E7039A43EAC26333431A
:1049D00043F060464FF000038DF84430059BCDE96D
:1049E000126B002B49D0202212A911A8FEF726FE37
:1049F0001A2213A9FEF722FE9DF844304BEA836386
:104A00001393E36B009A9B695046920812A998474A
:104A1000061E089B18BF5346009A0893514643460A
:104A20002046FFF7EEF9236B009AC9F864019B1A40
:104A300008F1030222F003029B1A2363002E37D1F0
:104A40000B9BDDF804A04344A7EB08070B935146EA
:104A50002046FFF7ADF900238246002F7FF4A5AE74
:104A6000124A04F10800D2F86431D2F86021E362FE
:104A70002968069BFEF74AFD12E01B2212A911A825
:104A8000FEF7DCFD9DF8443046EAC3661296B8E7AF
:104A9000CDF808B04EE7CDF804B04BE770263746A6
:104AA000384615B0BDE8F08F80FFFF0718300020B2
:104AB0003D2EF4D104F108030093049B2768E16ABA
:104AC0002046A3EB070BD4F844A0FFF771F9A36AC3
:104AD000BBFBFAFB8342D4F830C0616C5DD0D9F8DF
:104AE000642101F1FF3E02EA0E0EACEB010C0EEB6D
:104AF0000C02089B22632268E0629A1AB2FBF1F86A
:104B0000C3453ED10AFB0877049B07F1140BB3EBB6
:104B10000B0711D0E36BBA0859469B699847824648
:104B2000E26A049B3A44E262226B0098D21A5A4429
:104B30002263FEF780FC57462368616CE06B01FB43
:104B40000831FEF768FD2046FFF79AFC2046FFF784
:104B5000C8FC626A616C2368204601FB023314338F
:104B6000A362FFF735FB20636FB12A69616CD31D27
:104B70001439B3FBF1F3013302EBC30290429CD230
:104B80008DE70027D8E704F10800FEF754FC3B4608
:104B900039462046104AFFF7A1FA2A69616CD31DF5
:104BA0001439B3FBF1F3013302EBC302236B9342DD
:104BB000BFF4FAAC73E71C2772E7312E3FF619AD4C
:104BC0003FF42AAD12AB324629462046FEF7CCFB15
:104BD000BDF848301FE500BFCF350100F7B5032A07
:104BE0001646089C05D1237A012B26D0012003B05C
:104BF000F0BD2568274F28460DF1070307F5DA7247
:104C0000FFF719FB60600028EDD1D4F800E0D7F879
:104C1000B801DEF82810DEF844C04840CCF10003AB
:104C20001840E0D1237A012B09D1E268D7F8C431CA
:104C300013446A69934202D92074207CD7E7DEF8D6
:104C40000020DEF82C30891A9B1AB3FBFCF3B1FB71
:104C5000FCF18B420DD1696CEB6A4A1E13402A6B42
:104C6000521A13442B6325682846A96AFFF7A0F857
:104C7000E862D7F8C421E36808321344E3600122F4
:104C8000334605492068FFF776FC60600028AAD00B
:104C90000020ACE718300020CC310020032A2DE999
:104CA000F34106460D4617461C4606D1237A012BD2
:104CB00024D0012002B0BDE8F081DFF860800968EF
:104CC0000DF1070308F5DA72FFF7B5FA6060002806
:104CD000ECD19DF80730032BE8D0D8F8B8216B68E9
:104CE0009A42E3D1237A2969012BD4F80CC007D169
:104CF00072690CEB0103934202D92074207CD9E73E
:104D000008316144E1603B46012229463046FFF705
:104D100032FC60600028C9D00020CBE718300020AA
:104D20002DE9F34104461F46164688462C4D4FF0A8
:104D3000FF3105F5DA70FEF70EFE9DF820300022F7
:104D4000204605F5DA71C5E97067C5F8B481FFF74B
:104D500012FC236E0746002B3DD020466169FEF70A
:104D600079FF626E236B024493422CBF0022012222
:104D7000984228BF0023257C38BF1B1A002684F8E0
:104D80005020636584F85850D5B1DFF85880334619
:104D90003246314620460196CDF80080FFF7DCF917
:104DA00001230546CDE9008332463346314620468D
:104DB000FFF7D2F9E36805449D4294BF3546ED1AEA
:104DC00094F85030E56513B994F858301BB1236E50
:104DD00004F150009847384602B0BDE8F08100BFAA
:104DE00018300020FFFF0F007FB50C46054648B382
:104DF00090F8343043B3B1F5801F27D20221FEF77B
:104E000056FF21462846124A0DF10F03FFF713FA09
:104E10000646A8B99DF80F30032B11D0284603F0A1
:104E20004CFE032321460093324633462846FFF7C3
:104E300077FF0446E86B04F0FCF9204604B070BD2F
:104E40002D24F7E72124F8E71124F6E72924F4E7D5
:104E5000A03100202DE9FF410F4690461E46054631
:104E6000002847D090F83430002B45D0B1F5801F92
:104E700044D2234C0221FEF71AFF04F5C4723946CE
:104E800028460DF10F03FFF7D6F9024620B16B69F2
:104E90009E4219D9622410E09DF80F30012BF6D103
:104EA000D4F898118E42F2D10093414633462846F9
:104EB00003F0EAFC04460028E9D1E86B04F0B9F9F4
:104EC000204604B0BDE8F081284603F0F6FD3146E7
:104ED0002846FEF7BFFE2C6B844209D301234246CD
:104EE0000093394633462846FFF71AFF0446E4E7A5
:104EF0001C24E2E72124E3E71124E1E72924DFE78A
:104F000018300020F0B504460D46466CE36B00688F
:104F100087B005225B6901A906FB0500984701A837
:104F2000FEF702FF012804D801A8FEF7A5FB07B091
:104F3000F0BD29462046FEF71CFF0646676C206838
:104F4000E36B05225B6901A907FB0600984701A8EE
:104F5000FEF792FB431CEAD0B54238BF0130E6E7CA
:104F60002DE9F04F4FF0FF334FF6FF720025044656
:104F700000F108088BB0C0E90923C362056205632C
:104F800040468B46FEF757FA2046FFF779FA00288D
:104F900042D14FF6FF79676A00264F4514BF3D4660
:104FA0000025E3699E4239D32046FFF769FA38BBF2
:104FB0005E202EE02368E26B606C576900FB0530D1
:104FC000052205A9B84705A8FEF7AEFE26FA00F3AC
:104FD000DB0707460BD529462046FFF793FF02461D
:104FE000012F2946204608BF0132FFF769FA013533
:104FF000E3699D42DED32046FFF742FA0028C8D07D
:105000002046FFF76EFA4FF6FF72636A93422FD184
:1050100067200BB0BDE8F08F1A26E9E7E26B236842
:10502000606CD2F814C000FB0530052205A9E047EA
:1050300005A8FEF779FE022807D04F450DD10BF1E8
:10504000010229462046FFF73BFAE3690135B5FB2B
:10505000F3F2013603FB1255A3E729462046FFF77A
:1050600051FFB0F1FF3F14BF02465A460132E8E754
:10507000E26B666C206855696946052206FB0300F1
:10508000A847626A616C23684A4D01FB02331433FE
:10509000A3624FF0FF336FF00101E362204605ABDE
:1050A00005F5DA72FFF7C7F8002849D1D5F8BC51E9
:1050B00029462046E562FEF73EF9206320B92046E6
:1050C000E16AFEF775FEE06229462046FEF770FEB3
:1050D0000546A36A9D4235D12046FEF715F9002604
:1050E00007463546E3699D423ED3B74257D920462D
:1050F000616AFEF73EFE4FF00008054604F1400AE3
:10510000464512D8626C2368694602FB0539E36B99
:1051100005225B69484698476846FEF7ADFA534654
:1051200002464946E06BFEF7CFFA29462046FEF7D5
:1051300020FE08F1010847450546E1D1642068E7F3
:10514000A56AB5E729462046FEF7F5F8236B294600
:105150000344064623632046FEF72AFE0546002E3A
:10516000B7D1C4E90B06B4E7626C236805A902FB5A
:105170000539E36B05225B694846984705A8FEF7A9
:10518000D3FD012809D8204609F11401FEF7D3F810
:10519000636C143B984208BF01360135A2E74046D4
:1051A000FEF749F9002320461946034AFEF796FF09
:1051B00000202EE718300020CF350100034B5A683D
:1051C00012B19A6A002AFAD1704700BF0040065017
:1051D000002307B50093252853D8DFE800F0135BC0
:1051E000172229344E6A767A8996ABB9525B5652A9
:1051F00052765B222922345B6A22B94E4E4E4E22F1
:1052000022227A8910F042FC00903AE010F03EFC35
:10521000534BD3F89030C3F304630133B0FBF3F086
:10522000F2E710F051FC4E4B1B6FC3F38023F4E701
:1052300010F04AFC4A4B1B6FC3F380230133B0FBD1
:10524000F3F04008E0E70193454BD3F8803103F0D9
:105250000303022B0AD0032B0CD0012B03D1002116
:1052600001A8FEF7B3FA019B00930AE010F0AAFB35
:105270000190F8E73B4B0193F5E700216846FEF704
:10528000A5FA009803B05DF804FB4FF0E0231B691A
:105290005A0702D510F018FCB6E7314BD3F840019D
:1052A00000F0030003282DD0003818BF0120C003F0
:1052B000AAE72B4BD3F8403103F00303032B4BD069
:1052C000003B18BF0123DB03CEE7254BD3F8603149
:1052D000F2E7234BD3F8003203F00700032811D084
:1052E0005B0709D4013801288CBF00200120DEE7CC
:1052F0001B4BD3F80832EFE7042824D110F0E4FB6D
:10530000800A81E74FF47A707EE7154BD3F80031BD
:1053100003F00303022B06D0032B07D0012B07D188
:10532000114B5B68A0E74FF400439DE70F4B9BE7F1
:10533000002399E70A4BD3F8803003F00303022BD4
:10534000A8D0032B01D000205EE710F03BFB5BE709
:10535000034BD3F84032AFE74FF47A7384E700BFD2
:1053600000800050002D3101A03F002080D5430275
:1053700038B5174CFF28A26A28D8A36D13F4803FD4
:1053800018BF0121134B18BF996202219962A56DC4
:1053900015F08045FBD11049A36991F9E0116FF335
:1053A0001723014481F3080143EA002343EA014340
:1053B000A36102210948FEF779FBA36DDB0303D546
:1053C00001210648FEF772FB284638BD2125FBE780
:1053D00000C0005000D000501830002028C00050FD
:1053E00038B50F4CA26AA36D13F4803F18BF01219A
:1053F0000C4B18BF996202219962A36D5900FCD42D
:1054000002210948A569FEF751FBA36DC5F30725E5
:10541000DB0303D501210448FEF748FB284638BDCD
:1054200000C0005000D0005028C00050014B83F84D
:10543000E001704718300020014B93F9E0017047FC
:1054400018300020012313481349826A8B62836D50
:1054500003F00303032BFAD102238B620D498B6DFA
:105460005800FCD40D488B6D30EA0303FBD10121B9
:10547000094B1965A3F58053996D8907FCD4996D83
:105480008807FCD5996D8907FCD503210448FEF7F0
:105490000DBB00BF00C0005000D000500300010051
:1054A00028C00050114321F0F8014904034B490C76
:1054B00041F44021063043F820107047008003502B
:1054C000021E30B54FF0000014BF04250C2547F62E
:1054D0000774084952B9831D51F82330234023B182
:1054E00001308542F6D14FF0FF3030BD00F112039C
:1054F000F2E700BF008003503AB122F0030202F14C
:10550000A04202F5603209B9106070470002FBE763
:10551000044B9868421C02BF034AD2F8940098607A
:10552000704700BFA03F0020004000504FF0B04344
:105530005A6812B19A6A002AFAD17047054B5B6922
:10554000C3F38512827003F03F021B0B427003709D
:10555000704700BF00C0075007B5014601A8FFF71C
:10556000EDFF9DF8063001220B804FF48073002080
:105570004B80054B9B680A3303F01F0302FA03F3C9
:105580004B6003B05DF804FB0080E00FF8B5224BE0
:105590000446D3F810334B1E0E2B0D4616462AD95F
:1055A00071B30022012130276378207899401A4B8B
:1055B00007FB00330EB341F210001950302163781D
:1055C0002778072B01FB07F71CD80F219B001348F6
:1055D0009A4099403844FEF769FA5DB901223020BB
:1055E000637821789A400C4B00FB01338EB141F275
:1055F00010015A50F8BD0A46D4E742F21000DCE729
:105600000A46DBE70F21083B9B0005489A4099407A
:10561000E0E742F21001ECE700C0035004C0035081
:105620000CC0035010B560B1EFF31184302383F345
:105630001188FFF7ABFF84F31188BFF36F8F002051
:1056400010BD2220FCE7F0B501258D40EFF3118657
:105650004FF0300C8CF31188174C176823F00303BC
:1056600044F821700CFB0101547B0C66D47A977AC4
:10567000240544EA0744177B44EA4754CC650B678A
:105680001179937943EA014300F500518B61537915
:10569000D17941EA034100F580539961117A01B152
:1056A0001D64527A02B19D6300F50050456386F394
:1056B0001188BFF36F8FF0BD00400450012303FA3F
:1056C00001F1BFF35F8F00F5005300F5805059637F
:1056D0008164704738B50A460C46002105460EF035
:1056E000DFFB38BD01B1F5E7704710B508B92120DF
:1056F00010BD0029FBD0036813F0704209D1C3F339
:105700000E030B601BB94368002BF0D00B60002028
:10571000EEE703F05044B4F1004F05D0B2F1304F42
:1057200002D0B2F1404FE2D1DBB2EAE773B50D46E9
:105730000646F0B1E9B1002301A90193FFF7D5FFB7
:10574000B8B93468019A14F0704402F1030222F0EF
:10575000030202D12A6002B070BDB168B4F1204FDB
:10576000C1F38033C1F340310BD004D8B4F1004F02
:1057700009D02120EFE7B4F1304F02D0B4F1404F0F
:10578000F7D10B4401E003EB410353432B60E2E705
:105790002DE9F7430D4690461F460646E8B1E1B1B4
:1057A0000468D1F800904C451BD004F03043B3F1AD
:1057B000004F12D184EA0903B3F1805F3CD2002389
:1057C00001A90193FFF791FF38B9019AC2F30E02C4
:1057D000144349EA02039C422ED0212003B0BDE8C5
:1057E000F08314F0704427D4B4F1805F29D00023F3
:1057F000304601A90193FFF778FF0028EDD1009012
:1058000069462846FFF771FF0028E6D1DDE900323E
:105810009A42E3D0E1E70023B8F1000F06D043F449
:105820008053B268A9684A401A42D6D1002FDED010
:10583000AB689B04DBD4D0E7002FECD14FF4C0431E
:10584000EAE7002BF4D1B8F1000FD0D04FF4C043F9
:10585000E7E737B50C46054650B149B100230B6068
:10586000036803F070430B60C2683AB1032A02D0A8
:10587000212003B030BD43F080630B60AB689A0118
:105880003ED403F08073EA680AB9002BF0D1226895
:1058900022F0407213432360EA68032A05D12A6983
:1058A000F62AE5D962F317432360AB681B0442BFB5
:1058B000236843F400432360EB68032B1FBF236876
:1058C0002A6862F30E0323602A68AB6802F0704214
:1058D000B2F1805F1CD213F4D84FC9D100232846FF
:1058E00001A90193FFF701FF0028C1D12B6813F034
:1058F000704231D12368019A62F30E032360B8E746
:1059000003F04073B3F1407F18BF4FF00073BAE764
:10591000580403F4005118D40029A9D0226842F495
:10592000005222601A0542BF226842F400622260DF
:105930002A6802F07042B2F1404FCFD05B0542BFFF
:10594000236843F480632360C8E7226842F48042FE
:1059500022600029E6D0E1E703F05043B3F1004FA5
:1059600005D0B2F1304F02D0B2F1404F80D1019B4F
:10597000013B23707DE737B50C46054608B9212069
:1059800019E00029FBD001234B60C368ABB901A922
:105990000193FFF7CBFE0028F1D1019B6A699A427F
:1059A00008D32A69002AEAD0226043F0005300207D
:1059B000A36000E01D2003B030BD032BDFD1002326
:1059C000F5E7436882B013B9416002B0704743689D
:1059D0000193019B5B68012B019B01D15960F4E7A6
:1059E0005B68F5E7F0B5174602780446022A0E46D2
:1059F00093B03FD0032A41D0012A43D11425224A33
:105A00000C3432600022990172603046B26032621A
:105A100010F0EFFB4FF0010C41F00051099709AB7A
:105A2000CDF828C006AF0B9145F0005593E807006C
:105A300003AB87E807000C940CAACDF834C00E9590
:105A400007CA83E807000F9412AACDF840C0119549
:105A500012E907008DE8070019463046FFF7B1FF4D
:105A60003946FFF7AEFF694610F01BFC10F0EAFB69
:105A700013B0F0BD2025054A0C34C2E72025044AA6
:105A80000C34BEE72120F3E7000201030003010309
:105A9000000401032DE9F047884616461C460546DA
:105AA00000283FD000293DD00378013B022B39D894
:105AB000436800F12C0903F03F07E318436022BF5D
:105AC0008368013383607FB3C7F1400A544522D312
:105AD0005246314609EB07000EF046FB01234A46C9
:105AE00041462846FFF77EFF90B9403C3C443F2C9E
:105AF00056440BD9324641462846A309FFF772FFA8
:105B000030B924F03F031E4404F03F0414B90020D0
:105B1000BDE8F08700272246314609EB07000EF06A
:105B200023FBF4E72120F3E73F2CE3D8F3E72DE94B
:105B3000F0430E4617461D46044693B018B921207F
:105B400013B0BDE8F0830029F9D0002AF7D0002B6C
:105B5000F5D0002339461A463046FFF719FE0028D3
:105B6000EDD169463846FFF7C0FD0028E7D130681F
:105B70003249009A88426B695CD19342DFD32B682B
:105B8000002BDCD14FF06062636030462260A3607E
:105B9000236201A9FFF75DFE0028D0D101992046BC
:105BA00021F4F061019110F024FB284602A9FFF7CF
:105BB00050FE0028C3D14FF001094FF00058204695
:105BC000029910F016FB09A9CDF82890CDF82C8089
:105BD000FFF7F7FE304606A9FFF7CDFE0028AFD14C
:105BE000204606A9FFF7EDFEEB6833B10CA9CDF80E
:105BF0003490CDF83880FFF7E4FE38460FA9FFF760
:105C0000BAFE00289CD120460FA9FFF7DAFE2846ED
:105C100003A9FFF7B0FE002892D1204603A910F097
:105C200040FB0325204610F00DFB012888D1013DE3
:105C3000F8D185E7B3EB420FA1D280E7200000B096
:105C400010F1860F12D010F1850F0ADA10F1950FBE
:105C50000FD010F1930F0CBF6FF06F004FF0FF30BB
:105C60007047003818BF0120404270476FF0710044
:105C700070470148704700BF00B2FFFF10B12421F8
:105C8000F1F7D4BE704770B515460E462421044680
:105C9000F1F7CCFE25F04003802B02D0B5F5807FD4
:105CA00008D12046314640F8045BEA080EF05CFA61
:105CB000002070BD6FF01F00FBE72DE9F0430129C4
:105CC00005460E46914698469DB04BD8046824F090
:105CD0004003802B02D0B4F5807F46D120220021E2
:105CE00014A80EF0DDF8224A224BE408012E08BF6A
:105CF000134613932B1D0A93012344F000540B9376
:105D00000C941D4C07AF0AAA07CA04AE87E8070027
:105D1000CDF834900DAA0E930F9407CA86E80700B9
:105D2000CDF84080119310AB129401AC93E80700BA
:105D300084E8070013A83946FFF743FE3146FFF712
:105D400040FE214610F0ADFA2968C90810F051FA5A
:105D5000102110F04EFA10F055FA10F037FA1DB07D
:105D6000BDE8F0836FF02000F9E76FF07100F6E70F
:105D700000010004000101041000002000F01F03D6
:105D8000A0F50620A0F55060812811D801229A4084
:105D9000094B400903EB8003D3F814111143C3F8F6
:105DA0001411D3F8001121EA0201C3F80011704761
:105DB0004FF0FF30704700BF183000202DE9F04F42
:105DC000BBB028AE00F130070446884615460FCF19
:105DD0000FC697E80F0086E80F002822002130A8A0
:105DE0000EF05EF830A810F0FAF904F1300B064618
:105DF000002840F05A81D4F80090BB4A29F47E1361
:105E0000934240F0DB809DF8A030014603932A9B2B
:105E1000102218A804932F9F0EF042F8102231464A
:105E20001CA80EF03DF81022314620A80EF038F8DC
:105E30001022314624A80EF033F8049B1DB1B8F1AE
:105E4000000F00F03281C9F30742C9F30549B9F1E7
:105E5000020F00F02A81B9F1100F00F22681D2075B
:105E600000F12381FA1F062A00F21F81FAB2C2F163
:105E70000F0A5FFA8AFABAF1030F049209D8BAF14D
:105E8000020F0CBF4FF480324FF08072934280F0CB
:105E90000C8150220021584605930EF001F82A1E6D
:105EA00018BF0122FBB2C3F10E0B5FFA8BFBA9F105
:105EB000020149084BEA821242EAC1028DF86020D1
:105EC0002BA93A460DF161000EF04EF9059B1CA975
:105ED0001A460136564501F8012D4FEA1222F8D331
:105EE000039A6363049B84F84C20C4F848903A46B4
:105EF00084F85D302BA9261D04F138000DF17009DE
:105F00000EF032F93146CDF8009018AB20AA30A837
:105F100002F02BFB002840F0C880E5B14FF4A063ED
:105F2000ADF86030D8F80030CDF86600CDF86230BA
:105F300098F80430CDF86A00ADF86E008DF8663040
:105F40003146CDF8009018AB20AA30A802F00DFB26
:105F5000002840F0AA8020AB04F15E0C24AE1A4663
:105F600003CAB242CCF80000CCF8041013460CF17E
:105F7000080CF4D13A462BA90DF191008DF890B0A0
:105F80000EF0F2F8781C5246002130440DF088FFE4
:105F9000012304F14D028DF89F3028AF334603CB27
:105FA000BB42106051601E4602F10802F6D100208B
:105FB000636A1D4465623BB0BDE8F08F4B4A934273
:105FC00040F0AD802F9B15B1B8F1000F6DD00C2BB8
:105FD0006BD17822002158469DF8A0600DF060FF3B
:105FE000002384F8A160C4E90E532BAA002D00F011
:105FF0008D80012618923E4A19960DF118091A92C1
:1060000018AA07CA89E807003A4ACDF870801D9699
:106010000DF124081E921CAA07CA88E8070004F1A3
:10602000400220920392344A21960CAF229220AA79
:1060300007CA04F1040B87E807000DF1900A2F4A04
:10604000514658463193309232933893FFF701FC12
:10605000049050BB30A8249910F0CBF8052110F023
:10606000C8F8049B194610F0C4F84FF000530FA96C
:1060700010961193FFF7A5FC584612A9FFF77BFC79
:1060800098B930A812A9FFF79CFC4946FFF799FC84
:106090004146FFF796FC394610F003F910F0D2F8AC
:1060A00030B110210398FFF715FB6FF0920082E7E3
:1060B000134B04F1700724972596269315AB9AE8A5
:1060C000070083E8070094F8A1000E4A0E493293B6
:1060D000012808BF0A4630A8309210F0B3F8D8B1B2
:1060E00020213846DFE700BF0001400500024005DF
:1060F0000C00002005000020100000200000020419
:1061000020000020010002040100030404F17003D8
:1061100007CA83E80700012084F8A20047E76FF070
:10612000850048E72DE9F0410E4614461D46BAB0F9
:10613000002845D0002943D0002B41D0038803F428
:106140004F42B2F5824F40F09B80DAB2122A0ED055
:10615000413A012A00F294802B68002B00F0B680AF
:10616000DA1DB4EBD20F2BD1FF2B21D0B0E023F0FE
:10617000FF03B3F5E24F26D143882B60E3B9E30078
:106180002B60B3F5807F7BD1002318465749351922
:10619000214415F8012D11F8014D1043121B18BFB1
:1061A0000023AE4243EA0203F3D148B1002B07DAE1
:1061B00000203AB0BDE8F081DA1DB4EBD20FE0D098
:1061C0006FF08600F5E7B3F5824F40F08B800B78D7
:1061D000042BF5D1282200211FA80DF061FE1FA875
:1061E0000FF0FDFF10B16FF09200E2E7404B2090FE
:1061F0001F9301232190CDF810D005933D4B04AAA5
:10620000069301AB0090279007CA83E80700194660
:106210001FA810F046F810F015F80028E3D1009BF5
:10622000354A23F07F4393422AD94FF0420829AFE1
:106230004246002138460DF033FE01232022002182
:10624000013C17A88DF8A43001360DF029FE20225C
:1062500000211C940FA8E40064081B960DF020FE9A
:106260002022002107A8CDE913780DF019FEB4F51E
:10627000807FCDE90B782C600BD004D8E02C9FD127
:106280006FF0850095E7B4F5C07FF9D0B4F5047FD1
:10629000F5E71A4B0FA917930F934FF40053199377
:1062A0004FF480431193402317AA08931FA807AB0C
:1062B000FFF73DFC0446296838460731C908490004
:1062C000FFF710FA002C3FF473AF79E7E3002B607F
:1062D000B3F5807FD4D14388B3F5807FD0D0FF233E
:1062E0002B6065E76FF0960063E700BF7E6D0200EC
:1062F000000008430400002001020100200000808B
:10630000F8B5134642880C460732072A4FEAD201F5
:1063100001D0A14253D1D0E9016705882022184657
:1063200000210DF0BDFD360A0346002E4AD1002C97
:1063300045D041F20102954205D0B5F5885F02D003
:10634000B5F5905F02D15C60002011E0B5F5105FFB
:1063500007D1182C03D0202C01D0102C2FD11C6079
:10636000F1E705F44F42B2F5824F02D06FF085009D
:10637000F8BDEAB2122A03D1202CF7D1134A04E067
:10638000412AF3D1202CF1D1114A25F0FF05B5F5B2
:10639000E24F1A600CD0B5F5824F10D14FF4005285
:1063A00017F4705F09D017F4864F04D09A60DDE7C8
:1063B0004FF48042F4E742F480629A60C4E76FF0E1
:1063C0008600D5E76FF08B00D2E700BF2000008089
:1063D000200000B02DE9F0411C46436807461B0A27
:1063E0008846154688B054D1038823F0FF02B2F5E1
:1063F000824F2BD14688413BDBB20736012B4FEA57
:10640000D60607D90B78042B19D06FF0860008B098
:10641000BDE8F081B542F8D1224631463846FFF753
:106420006FFF0028F3D1033525F00305C4E9030805
:1064300065616EB920212046FFF74CF9E5E7013D83
:10644000B5EB460F01F10108E6D0DEE72E46E3E7A3
:106450000146202268460DF023FD31466A46384643
:10646000FFF74EFFDDE90076DDE9062C02990028F2
:10647000E0D12368A568BB42DCD16768B742D9D1B7
:106480008D42D7D1A1699142D4D1E2696245BED093
:10649000D0E76FF08B00BAE72DE9F84F05460E46BE
:1064A00021B10B7D1F2B02D90F2426E0454EEFF3BF
:1064B0001187302383F31188DFF81091D9F8E83180
:1064C000183B13F1180F11D1DFF80481D8F800A0A0
:1064D000C5BB42464FF0FF311C2005F0DFF80446F3
:1064E000D8B187F31188BFF36F8F06E0AB4207D1B5
:1064F00087F31188BFF36F8F12242046BDE8F88F11
:106500001A68B24201D09B69DAE7002DF0D087F318
:106510001188BFF36F8F2324EFE74FF0010BD8F8FA
:1065200000500421307D05F1100205F061F90446A8
:1065300080B1BBF1000F02D028460FF00DFBC8F868
:1065400000A0CEE7BAF1000F01D1C8F800504FF01B
:10655000000BE6E70421307D05F1140205F048F94F
:10656000044618B128690FF0F7FAE2E72B464FF41A
:1065700000112E60D9F8E82168602873A86043F8FC
:10658000182F114AC9F8E8313368C2F88011116038
:106590004FF0F0529A60FF224FF0FF3198619A62FB
:1065A00003F50052986318641165012203F58053C6
:1065B0005A6008232B733268936823F0F853936072
:1065C0008FE700BFA06D020000E100E0183000205E
:1065D0005C0B0020002307B501AA019305F008F920
:1065E000019803B05DF804FB13B500244FF0FF31B0
:1065F00001AA019405F052F800B10194019802B08B
:1066000010BDF1E7F0E7EFE7EEE7FDF71FBAFDF7A2
:106610001DBAFDF71BBAFDF719BA0FF09DBA0FF0BE
:106620009BBA0FF099BA0FF097BA0FF095BA0FF026
:1066300093BA0FF091BA0FF08FBA0FF08DBA0FF036
:106640008BBA0FF089BA0FF087BA002337B50D4621
:106650001446019302B3073020F00700C2E902108C
:106660004FF0FF31684301AA05F018F860B90246FF
:10667000019B013DC4E9003391B2A94202F101023C
:1066800004D34FF0FF321A6003B030BDE168194403
:106690001960E1680B44EFE72220F5E7FEE70023ED
:1066A00007B5084601AA4FF0FF31019304F0F6FF49
:1066B000019803B05DF804FB08460FF04DBA084698
:1066C000114687E7BFF35F8F074B5A6A22F4803287
:1066D0005A62D3F8942022F00102C3F89420BFF349
:1066E0004F8FBFF36F8F704700ED00E000232DE95F
:1066F000F0479A4CDFF87082994E94F83470D8F8CD
:10670000EC91F568C8F8EC3117B32268AA4240F062
:10671000188131696268914240F013817169A26801
:10672000914240F00E81B169E268914240F00981E6
:10673000F1696269914240F00481716AE26B9142B1
:1067400040F0FF801D46326AA2612846BDE8F0870E
:106750005822394604F11000D4F838A00DF0A0FBFF
:10676000336904F108006360F369C4F838A0636119
:10677000336A2560A361D6E90523C4E90223FCF747
:106780005AFE736A04F14000E3639B68984720B99E
:10679000676C17B16368B3FBF7F794F84330E761B0
:1067A000002B00F0D0800023656C2366002D00F0E4
:1067B000D280002F00F0CF802368B3FBF5F205FBF9
:1067C0001233002B40F0C1806668B6FBF5F305FB81
:1067D0001363002B40F0B9806048FDF756FA8642FB
:1067E000C0F0B58040F634726369CC3B934200F24E
:1067F000B080B5F5805FC0F0AE8003215748FDF74B
:1068000056FAD4E90001E36B1B6898470546E36B31
:106810000220DB689847BDB949465048FEF7A0FB07
:106820006428054604D149464C48FEF799FB0546C5
:1068300055B9636C226A143B484802FB03F6FDF726
:1068400024FA864238BF5A25002D0CBF01230023AD
:1068500084F8343056D1D4E90060D8F8F031D8F853
:10686000F4710133C8F8F031FFF72CFF1F2837D936
:106870004FF0000CF10600F1FF3018BF26F01F01A9
:1068800006EB00030CBF31462031DA06354A18BF4B
:1068900023F01F035FFA8CF0874237D8D2F8C0008C
:1068A00041F0030120F47F4040F48070C2F8C00042
:1068B000EFF31186302080F31188D8F8F40143F00B
:1068C0000303C2F89800C2F89C10C2F8A03086F307
:1068D0001188BFF36F8FD8F8F4310133C8F8F43161
:1068E000BFF35F8F05221F4BC3F894205A6A42F40E
:1068F00080325A62BFF34F8FBFF36F8FBFF34F8F5A
:10690000BFF36F8FE06B02F094FC1EE7C2F89800B3
:10691000D2F89C00D2F8A06020F01F00884226F038
:106920001F0601D19E42DBD08E4201D39842D7D9B7
:10693000D2F898000CF1010C20F0FF00C2F898008A
:10694000A8E75D2501E72125FFE65925FDE65A2543
:10695000FBE65F25F9E65B25F7E600BFD80A0020D5
:10696000A03F002000ED00E0183000202DE9F04F9E
:10697000A7B0CDE9022180461D4604460822319F7A
:1069800028FA02F383EA0803990702F1080218BF04
:106990009B00202A1C44F3D18123B4FBF3F303EBC7
:1069A000C313E41A8A4B04F5062493F8F83104F56E
:1069B0005064002B3CD1FFF799FE0646002879D1A0
:1069C0000146402206A80DF06BFA4022314616A877
:1069D0000DF066FADFF814927E4BCB4609F11009F0
:1069E0004B4528BF4B46002603F1FF3A10225B4679
:1069F000CDE900A6784806A9FDF7AEFB034606AA36
:106A00009E4244D101231022CDE900A372485B4687
:106A100016A9FDF7A1FB4FF0000B824616AED34539
:106A20004DD16E4B9945D7D10122694B83F8F8219E
:106A30004FF081090026DFF898B16309A3F586437A
:106A4000683B0BEB8303D3F8142104F01F01CA4009
:106A5000D2074AD4D3F80031CB40DB0738D5002E1B
:106A600008BF26468123A4F50624A4F6FF44B4FB00
:106A7000F3F303EBC313E41A04F50624B9F1010997
:106A800004F55064D9D1029B23B356BB22E052F8DF
:106A9000040B05930492FFF771F9DDE9042301303B
:106AA0000BD100224A4B83F8F821494B93F8F83177
:106AB000002BBDD16FF091000EE00136A0E756F833
:106AC000040BFCF7F1FE0130EFD00BF1010BA6E750
:106AD000029B23B96FF08B0027B0BDE8F08F06B999
:106AE0002646329B00201E60F6E7309B13B1002340
:106AF000309A13600FB100233B604FF0100A00235F
:106B00002A4621463448CDF800A0FDF739FC00287C
:106B100054D1309B0BB1C3F800A02A68304B9A4285
:106B200015D021462C48FEF75FF90028D2D1D5E9CF
:106B3000022303998B4208BF424593D1029B002B4D
:106B4000CED06B68012BCBD16FF08400C4E7309BB3
:106B5000002BECD0002FEAD000231F483B6090F8B8
:106B60003430002BA6D0DFF868A00121FDF79FF894
:106B700016AB214618480AF5C472FDF75CFB0346C4
:106B8000D0B99DF85820032A16D0022A11D1042228
:106B90003A60114A0493D06B02F04BFB049B002B2C
:106BA00088D1309A3B681268934283D39B1A3B602A
:106BB000BDE7DAF89821EBE72D23EAE7094B984285
:106BC000AFD06328ADD0084B9842B0D072E700BF79
:106BD00018300020816D0800D80A0020906D080050
:106BE000105D175EFFDF00F0FEDF00F0006D0800B3
:106BF00070B506460D4614468CB0CAB1102200216D
:106C000008A80DF04DF9002205AB029307AB0193E4
:106C100006AB00933046294608ABCDE90622FFF7C4
:106C2000A5FE18B9099B6360079B23600CB070BD7B
:106C30006FF08600FAE730B58DB00C46054610229D
:106C4000002108A80DF02CF9002205AB029307AB38
:106C5000019306AB21460093284608ABCDE90622F6
:106C6000FFF784FE044610BB099B012B22D0059D33
:106C700013482946FEF7B8F8F8B9A5F50623A3F599
:106C80005063812B05F01F000FD801210D4A5B09CD
:106C900002EB8303D3F8142181404A402846C3F80D
:106CA0001421FCF701FE013001D16FF0860420466B
:106CB0000DB030BD6FF08404F9E76FF09104F6E792
:106CC000D80A0020183000204FF0B0439A6A12070B
:106CD000FCD4186A70472DE9F84FEFF3118930237F
:106CE00083F311884FF0B0435B691907554903F0EE
:106CF000010203F00D0314464B6148BF42F0020449
:106D00004AB1514AD2F8FC310133C2F8FC310FF0DC
:106D1000F1F80FF08FF8A3072FD5EFF31185302688
:106D200086F311884FF0000A0FF0E4F85746DFF8B9
:106D30001881D8F828410CB1636923B30023012FCF
:106D400088F8053204D11AF0020F18BF88F80572CE
:106D50000FF070F822280CD101223C4B83F8282038
:106D60004FF0B042D36B23F00303D3630822354BBB
:106D70009A6185F31188BFF36F8F89F31188BFF390
:106D80006F8FBDE8F88F23465A693AB91A7921798D
:106D9000914288BF1C469B68002BF5D185F3118872
:106DA000BFF36F8F2569DDB1FFF78EFFA369A0EBFD
:106DB000030A4FEAEA72AA4572F1000211DB2B4482
:106DC000A361E36813B1204621689847B4F806A090
:106DD0000137EFF3118586F311880FF08BF8A8E7E0
:106DE000AA46EFF3118B86F3118820460EF02EFE93
:106DF0008BF31188BFF36F8F2369002BE1D0A38B36
:106E0000B5EB0A0133B1E28B13449BB2B3F57A7F41
:106E100010D2E383EFF3118586F3118820460EF03C
:106E2000CBFFA36922691344A36185F31188BFF3E3
:106E30006F8FC6E7A3F57A73E383A3690139013B3A
:106E4000A361E7E70020005818300020A03F002091
:106E500070B504460E46EFF3108572B642888188FD
:106E600003888A420FD21344B3FBF1F001FB1033C5
:106E7000013204EB8303DE606280012328460FF0B9
:106E80006DF9184670BD82685AB9238804EB8302F5
:106E9000D660A2880133B3FBF2F102FB11332380E9
:106EA000EBE700EB8303D968904703460028ECD159
:106EB000E4E72DE9F0432B48DDF81C8090F81242FE
:106EC00094424BD90C246243D0F808E21EEB020432
:106ED00046D06089002843D0B4F90450B4F9066064
:106EE0008D42B4F908701DDCB142A8BF3146002FB5
:106EF00036D000F1FF3C1FFA8CFC07FB0C594C1BF1
:106F000094FBF7F44E45D8BF6046A4B2A04202D32A
:106F1000B14218BF20465EF802C05CF820200CEB9E
:106F2000800403E02946E2E7013880B218B154F842
:106F300004ED7245F8D0B1421EBF17FB00F14919AC
:106F400009B2994203DD10B1013880B2E5E70020B3
:106F5000C8F80020A8F80410BDE8F0830E20FBE775
:106F60000220F9E71830002010B5084C20460DF03B
:106F700064FB20B994E80700054B83E80700BDE8EF
:106F8000104001214FF0FF300DF059BBB86D0200E9
:106F900020320020FF207047004870470080FFFF2C
:106FA00038B5134C0546616B79B9A26B5AB9616C5F
:106FB000A1B9A26CCAB13C34E3688BB922780D4BFD
:106FC00000201A7009E02C34F6E72C342846227889
:106FD00009680DF066FC0028EED038BD3C34F5E7BA
:106FE000284698470028E9D0F7E70220F5E700BFD8
:106FF000A03F002008140020F8B5154F97F8143270
:1070000023BB0222134E144D144CAD1BC4E9006582
:10701000C7F81C52013D3046ED08C4E90233236134
:1070200022776362C4E90566C7F81862F2F768FD63
:1070300075802369E26801332361A36808339342B2
:10704000A36088BFE360012387F81432F8BD00BF56
:1070500018300020D04000200000012070190020CE
:1070600000232DE9F04F9E4E85B0039373680D46C3
:107070009A42104606D249B922B14FF0FF3103AA15
:1070800004F00CFB039805B0BDE8F08F1AB9084670
:107090000EF062FDF6E7EFF31188302383F31188D9
:1070A000A1F1080C31F8061C07304FEAC10920F0A5
:1070B0000704A14580F0928035F8023C002B76D081
:1070C000591A012973D10CEBC30A1CF83330D907C4
:1070D0006DD4BAF80230A9EB040717EBC30766D4E6
:1070E0001F2F3DDD05EB040BC4F3CF0425F8064C40
:1070F0000134584625F8024CFF08F2F701FDABF8C1
:10710000027035F8023CABF80430BAF806301BB315
:10711000BAF802209A1A12FA87F7BFB20AEBC30331
:10712000ABF806709F8000225146584601F0A0FA45
:107130005046F2F7E5FC002235F8061CB3680395CB
:1071400003EBC103F168A3EB09038B42B36043D89F
:10715000A2B3083BB36031E00023ABF80630E2E7AE
:107160003369013B336135F8063CBAF8022001333C
:10717000134425F8063CBAF80620A2B1BAF802106A
:10718000511A11FA83F39BB20AEBC20225F8023CB2
:10719000938001226046514601F06AFA5046F2F7A8
:1071A000AFFC0122C8E7002325F8023CF1E74FF0CD
:1071B000FF31204603AA04F071FA20B188F3118848
:1071C000BFF36F8F5EE74A46294603980CF0CCFF69
:1071D00028460EF0C1FCF1E7F360B9E777D935F83E
:1071E000022CA9EB0407531E5B1A002A3ED00CEBBD
:1071F000C20A1CF83220D20739D4C3BBC4F3CF0370
:1072000005EB040B25F8063C013325F8023C5846F3
:10721000F2F776FCBAF8023003EBD703ABF8023092
:1072200035F8022CABF80420BAF80620DAB1BAF827
:107230000210511A11FA83F39BB20AEBC202ABF8A7
:107240000630938000225146584601F011FA50460C
:10725000F2F756FC0023B26803951444A4EB09042A
:10726000BBBBB460AAE7ABF80620EBE79246272F3A
:107270002DD9C4F3CF0205EB040B25F8062C013FF2
:10728000013225F8022C5846FF080193F2F738FC2A
:10729000ABF8027035F8022CABF80420BAF1000FFD
:1072A00012D0019B013313FA87F7BFB2ABF8067017
:1072B000AAF804700022336911460133584633613D
:1072C00001F0D6F90123C6E7ABF806A0F2E7039573
:1072D00074E7F36808349C42B46088BFF4606DE7DB
:1072E0007019002000220A4B1A7101221860094B04
:1072F000DA644FF48052084BC3F88020BFF34F8FFD
:10730000BFF36F8F4FF48162044B5A6100BFFDE7FA
:10731000B019002000A0055000E100E000800550F9
:1073200073B52E4B1A79002A55D0EFF3108472B63C
:107330005B797BB12A4B1978072908D80123294AA0
:107340008B40D56A1D4202D1126B134202D001203C
:10735000FFF7C8FF244BD3F80021C2F30033D20457
:1073600001D50220F4E70126204A2149CD6CD664DC
:10737000204A06090092204A00F00F00965D125C38
:1073800068468DF8052040F60D228DF80460ADF8B2
:1073900006201A4A8E69760603D4013AFAD10320F0
:1073A000D6E710F8012B0133082BCA63F1D1134B38
:1073B0000F4A9169890603D4013BFAD10420C7E73B
:1073C00001210A4B99644FF48051074BC3F8801197
:1073D000D56484F3108802B070BD00BFB0190020DE
:1073E000580B00200000045000E100E000A0055010
:1073F000008005500D0A4053AC730200A0860100C6
:1074000041F6713210B5104C104BA04294BF0024CD
:107410000124D969DA639A6801F4803122F44012B8
:1074200042EA04529A600A4A90420A4AD2F8180282
:107430008CBF40F0020020F00200C2F8180209B12F
:107440000022DA6310BD00BF005A62020000035040
:1074500080F0FA0200C0075010F1860F12D010F130
:10746000850F0ADA10F1930F0FD010F1870F0CBFC0
:107470006FF073004FF0FF307047003818BF0120E5
:10748000404270476FF0710070476FF06F007047B7
:10749000094B186F00F00700431E032B03D8DFE8E9
:1074A00003F00608090400207047062070470220F8
:1074B00070470420704700BF008000500EB417B51D
:1074C00004468288E18800688A4234BF891A002114
:1074D00006AB10440D4A019304F0D4FE002800DAF4
:1074E000FEE7A388E288184480B2904228BF236850
:1074F000A08028BF9B18204624BF002203F8012C3F
:1075000003B0BDE8104003B0704700BF2D8D0200EE
:107510002DE9F0430D4690461E46044693B00028E0
:1075200050D000294ED0002A4CD0002B4AD0264BF8
:107530000FAF03600023394643600362836028462F
:10754000FEF787F900283AD120460F990EF051FE38
:10755000102120460EF04DFE4FF001094FF0005370
:1075600069462046CDF804900293FEF72AFA284691
:1075700003A9FEF700FA10BB144D204603A9FEF73D
:1075800020FACDF83C8006ABCDF84090119597E8F5
:10759000070083E8070019462046FEF712FA0C960A
:1075A00009ABCDF834900CAA0E9507CA83E8070002
:1075B000204619460EF075FE20460EF043FE13B02D
:1075C000BDE8F0832120FAE700010004100000204C
:1075D0002DE9F04F894690461F460446A3B0002887
:1075E00000F0BA80002900F0B7803AB12D9B002B43
:1075F00000F0B2802E9B002B00F0AE8000252E46BE
:10760000A84540F2A7805EB12D9B2C9A5B5D925DF0
:10761000013653402E9A06F00F0653550135EFE719
:10762000A8EB050BBBF10F0F40F292804B4B66604D
:1076300048462360A660266203A9FEF70AF90028DF
:1076400065D1204603992BF00F0B0EF0D2FD594661
:1076500020460EF0CEFD4FF0010A4FF000532046B9
:1076600004A9CDF814A00693FEF7ABF9484607A984
:10767000FEF781F900284AD1204607A9FEF7A1F9B3
:10768000374B1F970DF1280CCDF880A022A921932C
:1076900011E907008CE807002D990DF1340E4B1904
:1076A0001C934BF00053CDF874A01CAA1E9307CA7C
:1076B0008EE80700614620460193FEF782F92046D6
:1076C0000DA9FEF77EF92E99019B4A191992CDF862
:1076D00068A019AA1B9310AB07CA83E80700204AC9
:1076E0001697CDF85CA018920DF14C0A16AA07CA9D
:1076F0008AE80700194620460EF0D3FD5146204681
:107700000EF0CFFD20460EF09DFD5D4400B323B08A
:10771000BDE8F08F8EB93A46494620462C9BFFF7CC
:10772000F7FE0028F3D107F1100212F8013D0133F2
:10773000DBB213700BB99742F7D12C9B2D9A9B5D4E
:10774000525D013653402E9A06F00F06535501350F
:10775000A845DFD10020DAE72120D8E703030004A1
:10776000100000202DE9F3410C4616461F46054641
:1077700028B1D02200210CF093FB04B116B96FF0B0
:1077800086042AE063880733B7EBD30FF7D3238847
:10779000B3F5105F25D1164B05F12C082046AB62DE
:1077A0003A4643463146FEF715FE0446A8B9019015
:1077B00001A94046FDF799FFB0B9019AA2F1100165
:1077C0001029DCD80B4BCB40DB07D8D52846E96B1A
:1077D0000CF0CAFCED6385F85840204602B0BDE8C5
:1077E000F0816FF08504F8E76FF09204F5E700BFD1
:1077F00000024805010101002DE9F04F93462022C7
:107800000646BBB00DEB02008A4600211F46449C91
:107810000CF046FB2022002110A80CF041FB202296
:10782000002118A80CF03CFB2822002120A80CF015
:1078300037FB402200212AA80CF032FB002E00F07A
:107840009080BAF1000F00F08C80479B002B00F075
:107850008880B6F80090758809F4E042B2F5804F50
:107860007FD0EA1DBBEBD20F4FEAD20879D3469BFB
:10787000984500F28D8020A80EF0B1FC28B16FF081
:10788000920420463BB0BDE8F08F434A21902092FD
:1078900001AA2290059201220692404A0DF1080C9D
:1078A000079205AA0190289007CA8CE8070020A833
:1078B00061460EF0F6FC20A80EF0C4FC0028DED1D4
:1078C000019A374922F07F428A42019202D86FF032
:1078D0008504D6E747F21212914512D047F24112C1
:1078E0009145F4D1A0453CD8FF2DF0D1469B0334FF
:1078F000DD1C459A20232B4924F0030425F00305C1
:107900000AE0B5F5807FE2D140252B4602342649B6
:10791000013724F003042AAA109100211993CDE91C
:107920001B12CDE913175A465146304608AB159441
:107930001D95FEF74FFD04460028A2D1129B18901A
:1079400043F4005320A812930EF049FC002896D16E
:1079500018AB10AA08A920A8FEF7E9F820B148281A
:10796000B5D06FF086048CE747F2121399450BD11E
:107970002AAD4246294645980CF0F6FB40222146A6
:1079800028460CF08DFA4023479BC3F8008078E727
:107990006FF0890475E700BF000008430400002071
:1079A00001020100200000B0200000802DE9F0411C
:1079B00006460D4690461F4696B0002B3CD020232D
:1079C0000CA83B600EF00BFC044620B16FF0920057
:1079D00016B0BDE8F0811A4B29460D9014900E9018
:1079E0000CA80C930EF005FC4FF0010C45F000556F
:1079F000069606ABCDF81CC0089593E80700114B1E
:107A00008DE8070003ADCDF82480CDF828C00B9396
:107A100009AB93E8070085E8070069460CA8FDF765
:107A2000D0FF0CA829460EF03CFC0CA80EF00AFC76
:107A30000028CDD03C60C9E76FF08600C8E700BFE2
:107A400000040003200000202DE9F743994600239D
:107A5000884601A9054617460193EFF7E1F9044668
:107A6000D8B9019EB9F1010F15BFD6F88830D6F804
:107A7000843006F1880006F184009BB9727A96F88A
:107A80005030D20603D5012B21D0042B1FD0053B4B
:107A9000022B1CD92846EFF7B6F90224204603B082
:107AA000BDE8F083FCF722F870B14268019BD3F87F
:107AB000A430C8F8002002893A801A6E0260186665
:107AC0002846EFF7A0F9E9E7C8F800003880284613
:107AD000EFF799F91B24E1E72DE9F84312F00304CD
:107AE00018BF012404EB92048C4207460E4615464B
:107AF0004FEA8409C2EB84081AD8424600210CF0F0
:107B0000CFF9321B0021920007EB09000CF0C8F9F5
:107B10002A46002007EB0801F6F772F8054620B95F
:107B20001CB121463846EFF7D7FE2846BDE8F8835A
:107B30006FF00305F9E72DE9F041036B826B92B01A
:107B40009A4288BF8363426C436A07680E4602FB11
:107B50000377C36B03A905225B690446384698473F
:107B600003A8FCF7E1F801280146307070D0656C7D
:107B7000E26B2368606AD2F814C005FB003005226E
:107B800008A9E04708A8FCF7CFF801284FF0000546
:107B90003CD0D4E90A3201219342CDE90D458DF85C
:107BA0003C5010958DF8441043D119462046FCF7FF
:107BB000FFF8236B626C14339B1AE06223630E9B05
:107BC0001BBB9DF8443003B3636A626C2568D4F82C
:107BD0003C8002FB03550C350122D8F8143001A972
:107BE000284698474FF6FF72019B99B291420CD1FB
:107BF0006FF30F0343F4254343F0A50302930122DF
:107C00002846D8F8183002A998470E9DE36B052244
:107C10005B6903A93846984703A8FCF785F83070DC
:107C20002846236BA26B9A4288BFA36312B0BDE8BB
:107C3000F081237C33B91D490DAA04F10800FCF73B
:107C400043F8BCE720461A4A0DABFCF747FAB6E703
:107C5000237C23BB2246174904F10800FCF734F8C3
:107C6000616A2046FDF74EF9616A421C2046FCF726
:107C700027FC054620B9236B626C1344143B236335
:107C80002046A16AFCF794F82368A062C01A636CCE
:107C9000B0FBF3F060622046FCF79AFAB6E70023E7
:107CA0002046054AFCF71AFADAE700BFDD4B01006F
:107CB0009D4C01008F340100DF34010038B50368AA
:107CC00004460BB3012B08D0042B14D02046BDE88A
:107CD0003840E82200210CF0E3B882690B4B9A424D
:107CE000F4D100F120055830F2F7E0FD6821284674
:107CF000EFF79CFEEAE7D02500F118032A460021A1
:107D000018460CF0CDF8E1E738BD00BF0001500582
:107D1000044A054B013800D2704753F8041B42F85F
:107D2000041BF7E7203E0020404100002DE9F04110
:107D3000069E044688461F4615460AB103B106B999
:107D4000FEE70021F7F762F9154BDFF858E0E41A77
:107D50001E23E410B4FBF3F4E4B24FEA841C0EEBF0
:107D6000841484F801800CF10C08F04495E80F00AD
:107D700088E80F000CF11C05754497E80F0085E8B2
:107D80000F000CF12C05754496E80F0085E80F00F4
:107D90004FF6FF73A38784F83E30BDE8F08100BF43
:107DA000D80D0020B811002037B5094D0446094907
:107DB00028680CF00EFBF6F71BFF074B01940093AD
:107DC000C2000123034928680CF0F3FA03B030BD68
:107DD0000C110020981600206DEB000070B5436A6E
:107DE00004460D461BB111B9826A0F489847A38813
:107DF00099060ED50C4BDA7D92070AD5197D94F8B9
:107E00006020914205D11B69E26D934224BF01338A
:107E1000E365206A836C33B12DB92A46BDE8704012
:107E20000149006C184770BD581100200FB407B508
:107E3000064A05A99368019113B1D268044898478E
:107E400003B05DF804EB04B0704700BFB019002028
:107E5000D188020070B540F6AA6201242C4B2D494E
:107E600041F205054C605A6100222B4E9A60DA659A
:107E7000DD602A4D1A61DA61DA64AE649A651A65CA
:107E80005A656C604C604278057C9C68120442EA3A
:107E900085722243047842EAC4329A6083782BB117
:107EA000C2781F4BC3F884218023CB65837BC27BC0
:107EB0001B0243EA0233427B15491343CB60037B29
:107EC000144A5B0193608268164B03EAC203CB61DC
:107ED000037942791B07120502F4E00203F0E04344
:107EE00013438B65437C023B012B4FF0020394BF8D
:107EF0000D4A0E4AC2F8AC35437C03F0FD03012B5A
:107F00004FF004030CBF034A044AD36570BD00BFA1
:107F10000080055000900550FFFF010000A00550B3
:107F200000800350F8FF7F0000D0035000E00350B2
:107F3000F0B51E4B1968EFF31184302383F31188D9
:107F400001220B684D681E7DB240013A22EA05020B
:107F500092FAA2F3B3FA83F39E4205D884F3118810
:107F6000BFF36F8F1A20F0BD0F7BBE4213D0F61BFC
:107F700006F1FF3C5FFA8CFC9C450CD90123BB4009
:107F8000013BB34032EA030314BFB3FA83F3202367
:107F9000C3F11F03DBB201229A402A434A600370F7
:107FA00084F31188BFF36F8F0020DCE75C0B0020A7
:107FB0002DE9F843436E044613F018060D4644D1EC
:107FC0005907426A3DD4042A3FD9017843F004039B
:107FD00081EA12210170417843664A4042704FF0B5
:107FE000050804F13807E26A0023023202F00F02AA
:107FF000C2F11000404528BF404604EB020C03F1DB
:10800000040E70450CEB030122D2984229D8E36A92
:1080100002440344102AE362A8EB0008054402D09E
:10802000626A934227D1224621463846F2F7E2FCA3
:1080300008B30646636E43F0100363663046BDE83E
:10804000F883C36A05339342C9D96FF00C06F5E78C
:10805000E9585CF8039081EA09014CF80310734673
:10806000CDE715F803E091F800C001338CEA0E0C5F
:1080700001F801CBC9E7B8F1000FB4D1E26A636A35
:108080009A42DBD1636EC4F82C8043F00803636628
:10809000D4E72DE9F04399B004460EA80D461646E4
:1080A0000EF09DF820B16FF0920019B0BDE8F0839A
:1080B000019005B15CB335F0030705F0030829D042
:1080C0004FF0E0634FF000090E930123CDF83C9090
:1080D000CDF840900B940C9347F000530D930BAAEE
:1080E00005AB07CA83E8070019460EA8CDF85890DB
:1080F0000EF0D7F80EA839460EF07BF80EA80EF059
:10810000A1F838B13A46494620460BF0C9FE002393
:108110003360C8E7B8F1000F02D100203560C4E732
:108120004FF0E0634FF000090E9301ABCDF83C90A7
:10813000CDF84090089301230993114B08AA0A93A4
:1081400002AB07CA83E8070019460EA8CDF858907D
:108150000EF0A7F80EA804210EF04BF80EA80EF0B2
:1081600071F808B12A46CEE7019A3C44C3000130B9
:1081700022FA03F3804504F8013BF7D1CDE700BFB5
:10818000040000202DE9F74F00F4E048B8F5804FD7
:1081900082460F4616461D4612D100F44F43B3F5F2
:1081A000824F02D1C3B2412B0AD0E90705D56B0833
:1081B00047B1FA1DB3EBD20F05D06FF0860787E009
:1081C0002B46F5E7DF0080210120FEF703FA044685
:1081D000002800F07381EFF7A3FB0123002204F1D4
:1081E0006809C4E918234846EFF791FB0AF44F43A6
:1081F000B3F5824F0BD15FFA8AFABAF1300F37D05C
:1082000008D8BAF1120F13D0BAF1170F39D06FF0A6
:1082100086051FE0BAF1410FF9D1B7F5807F05D08F
:10822000B7F5E07F00F04581FF2FF0D109212FE065
:1082300040F209239F4200F03C8116D8B7F5807FB9
:1082400025D00FD827F02007C02F14BF6FF0860568
:108250006FF085052046F1F71DFA20460DF07CFCF5
:108260002F4635E0B7F5C07FEFE7B7F5047FECE7C1
:1082700027F08003B3F5807F00F01B81B7F5007F06
:10828000E3E7C02F00F01581B7F5807FDDE703211C
:108290002046F1F70FFAF1F7A9FA0746002840F057
:1082A0000B81B8F5804F7DD1B5B9DFF820B25846C3
:1082B000F1F79CFA05460028CCD149462046F1F753
:1082C000BDF8F1F793FA05460028C3D10C9B1C605A
:1082D000384603B0BDE8F08F201DEFF7B9FA00F182
:1082E00007082046EFF70AFB02284FEAD80830D1EA
:1082F0004545DAD12A4631464846EFF7A9FC834680
:108300000028D4D104F17000EFF7A5FB2378092BE6
:1083100015D0012104F17800EFF74DFD83460028C8
:10832000C5D12046EFF7EAFA0128C0D132789AB9D0
:10833000012DBAD14846EFF752FD8346B7E7E90071
:108340005A4648460139EFF75FFD83460028E0D0E2
:10835000ADE7DFF870B1E4E708F1010A5545019097
:10836000A3D342464846711CEFF7A7FC834600287A
:108370009DD1019B04F178001946EFF71CFD83465F
:10838000002894D13378042B8FD14FEA480301336E
:108390009D428AD1424606EB0A0104F17000EFF7D4
:1083A0008CFCCAE794F8009020464946F1F782F920
:1083B0008046002879D12046EFF7A0FA02288246AD
:1083C00054D1B9F1090F30D1202D70D104F16009D9
:1083D0002A4631464846EFF73BFC0246F0B90146D3
:1083E0004846EFF711FD0246C0B901214846EFF7B4
:1083F0000BFD024690B951464846EFF705FD02468F
:1084000060B9FF214846EFF7FFFC024630B9012270
:10841000FE214846EFF7F8FC024648B304F160003D
:108420000192EFF718FB019A38E0B9F10D0F1DD159
:10843000382D3CD104F160092A4631464846EFF711
:1084400007FC02460028E9D101464846EFF7DCFC6C
:1084500002460028E2D101214846EFF7D5FC02464A
:108460000028DBD1012240F2BF11D2E7DFF85480AF
:108470002046EFF743FA012804F1600910D12A469B
:1084800031464846EFF719FC02460028C6D1494656
:108490002046EFF75FFA02460028BFD1104610E7EA
:1084A000B8F1000FF3D0074AB8E70246F6E7064AEC
:1084B000F4E76FF08505CDE60546CBE66FF08C0757
:1084C00006E700BF80B1FFFF80B3FFFF80B0FFFF72
:1084D0002DE9F047C3F34508B8FA88FA0C4615466B
:1084E0004FEA5A1A07465246294620461E46EFF7DB
:1084F000F3FA48BB04F108095246484605F1080161
:10850000EFF7EAFA00BB08F1FF33D3F1000848EBBC
:1085100003084246204605F11801EFF7DDFA98B945
:108520004246484605F12001EFF7D6FA60B92146E8
:108530003846F209EFF72BFE30B904F110000121A3
:10854000BDE8F047EFF737BCBDE8F08738B50C461B
:10855000054601212046EFF780FC28B92146284630
:10856000BDE83840EFF73FBD38BD2DE9F0479EB07C
:10857000894615461E460446DDF89880002871D0CD
:1085800000296FD0002B6DD0B8F1000F6AD0364BA8
:108590001BAF036000233946436003628360484693
:1085A000FDF757F900285AD120461B990DF021FEFE
:1085B000102120460DF01DFE4FF0010A4FF0005330
:1085C00069462046CDF804A00293FDF7FAF9484623
:1085D00003A9FDF7D0F9002841D1DFF8909020469B
:1085E00003A9FDF7EEF91B9506ABCDF870A0CDF809
:1085F000749097E8070083E80700189618AACDF84A
:1086000064A009AECDF8689007CA86E8070019464D
:108610002046FDF7D6F931462046FDF7D2F9CDF8D0
:1086200054800CABCDF858A015AACDF85C9007CAC1
:1086300083E80700129512AACDF84CA00FADCDF833
:10864000509007CA85E80700194620460DF029FE1C
:10865000204629460DF025FE20460DF0F3FD1EB004
:10866000BDE8F0872120FAE7030200041000002093
:1086700030B5204DD5E905340AB38B4200D089BB13
:108680002B6993B340B92B681A78D20707D5DA88DB
:1086900022B103EBC203F7E70346F5E713468C422A
:1086A00000D0B1B92A69CAB1002818BF044622789F
:1086B000D2070ED5A2888AB1A4EBC204F7E78B4299
:1086C0000AD0834228BF03468C4209D0844238BF77
:1086D0000446C5E9053430BD0346F5E71446F8E71E
:1086E0000446F6E78C42F4D1DCE78C42D9D11C4633
:1086F000EFE700BF701900202DE9F7439946614B61
:108700000646002914BF8846984698F8C430174694
:10871000002B40F0B18011464046EEF737FA05468F
:10872000002861D1A821012003F05EFD0446002845
:1087300000F0A48040F201138381022380F80990A5
:1087400080F8503007724581C573056064200DF0D4
:10875000FFFA012F94BF00230123C4E9265584F8B2
:10876000A030C4E92155D8F80030C4E92355606130
:10877000C4F8A480C4F894502360C8F8004041466F
:1087800000200A680AB1136803BB0028F7D1EFF391
:108790001183302282F3118801223771B260346074
:1087A00083F31188BFF36F8F40F20113D6F8008076
:1087B0003046A8F80C3001A9EEF732FB0546E8B1C7
:1087C000022440460DF0C8F9254613E092F808C08F
:1087D0001D7AAC4529BF186811461A60106022BF87
:1087E0000B6001201946CCE790F85030012B0CBFEC
:1087F0002E250425284603B0BDE8F083019F3A7B6F
:108800007B7B934201D1012B04D03046EEF7FBFA7B
:108810002124D6E797F85030013B042B2AD8DFE813
:1088200003F01F03291F0800397A81B9052387F84F
:10883000503000243046EEF7E6FA0CB1052CC0D1DA
:1088400098F8093043F0100388F80930D2E7D7F8D8
:10885000A400A8B190F8953023B9012387F85030CF
:108860000524E7E701228430EEF7B0FE0446002835
:10887000F3D0DFE70224DDE70425BBE71925B9E7DC
:10888000437CFFDE843E00202DE9F04F9A468BB0FA
:108890009DF85030DFF854B10293DBF81030804679
:1088A00053450D461646C0F09A80D146DBF8043099
:1088B0000193B9F1000F00F08E80D8F83C3001220E
:1088C0005B6907A901989847079BDBF80010C3F381
:1088D000D312914240F0868013F07E0F1CD1D8F85D
:1088E0003C3002225B6908A90198984708A8FBF769
:1088F0000CFA08270446019B029A3B44002A3BD10C
:10890000A6420FD9361B144640460199FBF750FA90
:10891000A9EB04090190CCE707A8FBF7F6F90427B7
:108920000446E8E7A41B544528BF5446032C03EB38
:108930000607AAEB040A1DD9D8F83C302946384668
:108940005B69A208984724F0030304F003061F4460
:108950001D44002ED8D0D8F83C3001225B6908A90C
:10896000384698473246284608A935440BF0FCFBA8
:108970000026C9E72646ECE7274604F003020392E7
:1089800023442A1904920593049BDD1B059BD81BE5
:10899000039B9F420FD1002FB6D0D8F83C30012264
:1089A00008A95B6998473A46284608A90CF021FCBB
:1089B00078B93D44A8E7D8F83C30012208A95B69A2
:1089C00098470422284608A90CF013FC08B9043F74
:1089D000DAE74FF0360948460BB0BDE8F08F4FF0AC
:1089E0006309F8E74FF06F09F5E700BFA0310020F9
:1089F0000279FF2A02D043691AB93BB16FF08600B1
:108A000070476FF04042013B9342F7D2836823F4F2
:108A10007F4323F00303002BF0D14FF6F873428815
:108A20009A428CBF6FF085000020704770B550B33C
:108A300049B30368994226D3D0E9024204FB0233CA
:108A4000994220D2EFF31186302383F311880B680B
:108A50005C1C0ED00468A3420ED3D0E9025205FB81
:108A60000245AB4208D21B1BB3FBF2F402FB1433EA
:108A700013B943685A1C07D143680B60416086F301
:108A80001188BFF36F8F70BD9942F8D01B68F1E772
:108A900020F0FF03B3F5E24F0ED1C0B241280BD155
:108AA000FF2A09D10B7823F007030B70CB7F03F06B
:108AB0007F0343F04003CB77704773B5002504462E
:108AC0008DF8075020466169FBF7C4F8266B864293
:108AD00009D2236AB5EB430F05D220460DF10701F9
:108AE000FFF729F850B19DF80730012B04D120463B
:108AF0000DF10701FFF71FF802B070BD0135E1E786
:108B0000F8B5037F0746022B0D46164611D0F7F73E
:108B1000B1FB044610B103242046F8BD2E44AE42FA
:108B2000FAD0384615F8011BF7F77AFB0028F6D083
:108B3000F1E70D24F0E72DE9F0470446F7F74AFA8C
:108B400020BB2046F7F772FA94F834700B2604EB3A
:108B50008709D9F83880D9F820A04546554508D06E
:108B60003A4629462046F7F72AFA030410D5A845C5
:108B70000ED0C9F838502046F7F726FB002384F8BA
:108B800035304FF6FF736569E386ADB9BDE8F08710
:108B9000C0F30D002946821C3B462046F7F7A1F999
:108BA000013E16F0FF060546D8D140F24531064B8E
:108BB000064A074802F07EFE23463A464146AC4646
:108BC000A069BDE8F0476047C08A0200328D02000C
:108BD000518902002DE9F843044690F8346000EB17
:108BE0008607D7F82080656C4545256421D032463C
:108BF00029462046F7F7E3F9030402D5BB6B9D42F3
:108C000017D1C0F30D00821C334629462046F7F7E2
:108C100068F9334681466064022229462046F7F708
:108C200060F98145A064DED0012384F83530BDE8C9
:108C3000F8830323F9E770B506460C468D18AC425D
:108C400000D170BD304614F8012B0249FEF736FC06
:108C5000F5E700BF2D8D02008388C28810B59C1CEB
:108C6000944204D80268D15283880233838010BDB5
:108C700010B50A7A0446012A02D0022A04D010BD97
:108C80000988BDE81040E7E78388E28803F108001F
:108C90009042F4D820681844F7F767F8A38808339F
:108CA000A380ECE7F7F70CBBF7F70ABBF0B5304B46
:108CB00085B018680DF102010BF03FFCF5F731FEAD
:108CC0002C4B2D4E93F9004093F90150C0B9BDF8DB
:108CD00002300B3BF218F05692F910309842A8BFC0
:108CE00018467F2D04D07F2C3FD0AC42B8BF2C4615
:108CF000A04203DB7F2C14BF2046002005B0F0BD4E
:108D00001E4B02AF93E8070004AB03E907007F2383
:108D10000021184637F8022F7F2CA2F10B0216F91A
:108D200002C005D07F2B1CD0A342B8BF23465BB244
:108D3000324492F910206245A8BF62468242A8BF21
:108D400002467F2D50B205D07F2B0CD0AB42B8BF6E
:108D50002B465BB24A1C022A4FF00101DAD11C46B5
:108D6000C6E72346E4E72B46F4E72C46C0E700BFFE
:108D70000C1100207D1300207F13002038110020EB
:108D800008B5054B01461870044B18680BF09DFDA3
:108D900000B1FEE708BD00BF1C1100200C1100202F
:108DA000024B014618680BF0B2BC00BF0C1100204A
:108DB000014B186803F02ABC0C110020024B012261
:108DC000002118680BF0F0BA0C1100200368012B89
:108DD00004D1034B034918680BF0FBBA704700BF7E
:108DE0000C110020981600200088704708B5FFF786
:108DF000FBFF10F4807F0CBF0320022008BDF8B5F4
:108E00000746FFF7F3FF04463846FFF7EDFF064637
:108E10000D46F6F725FBC6F3812204EB4003022A38
:108E2000DBB203D0032A06D00020F8BDFB5A2B800A
:108E300001232B72F8E7F9182846F6F796FF02236C
:108E4000F7E7F8B50746FFF7CFFF05463846FFF7C7
:108E5000CDFF044628460E46F6F702FBC5F38123F4
:108E600004EB4004022BE4B210D0032B11D02846AF
:108E7000F6F725FBC5F3813504EB4004022DE4B27F
:108E800009D0032D0DD095B10620F8BD0234E4B20F
:108E9000EDE70834FBE73B5B3380012333720020AE
:108EA000F3E730463919F6F760FF0223F6E735722B
:108EB000F5E71FB500230C46006801A98DF80C30BA
:108EC000FFF7BFFF38B99DF80C30012B05D0022BFE
:108ED00008D003B9237204B010BD2372BDF804306A
:108EE0002380F8E7237201AB03CB20606160F2E7D7
:108EF00008B5FFF779FFC0F3C00008BD10B500F05A
:108F0000FE44B4F1A06F084C08BF20F47E10A042CC
:108F100002D06FF0850010BD0220B1F5105F107017
:108F2000F7D118700020F6E7004040048B4228BFBC
:108F30000B462DE9F04FA1EB030B03F00707DB080D
:108F40004FEA431E02EB431C054613464FF0000850
:108F5000099C634505F1200511D14FEA870C00EB10
:108F60000E0503EB8707821ABB4240F0828005EBB7
:108F70000C03BBF1010B80F08C80BDE8F08F1E6804
:108F800055F8201CA6FB046916EB080649F10009F8
:108F9000761845F8206C5E6855F81C1CA6FB04A8E2
:108FA00049F1000616EB0A0648F10008761845F864
:108FB0001C6C9E6848F10008A6FB04A618EB0A0882
:108FC00046F1000955F8186C55F8141C18EB060604
:108FD00045F8186CDE6803F12003A6FB04A849F1EC
:108FE000000616EB0A0648F10008761845F8146CDE
:108FF00053F8106C48F10008A6FB04A618EB0A0809
:1090000046F1000955F8106C55F80C1C18EB0606D3
:1090100045F8106C53F80C6CA6FB04A849F1000647
:1090200016EB0A0648F10008761845F80C6C53F860
:10903000086C48F10008A6FB04A618EB0A0846F1E4
:10904000000955F8086C55F8041C18EB060645F89D
:10905000086C53F8046CA6FB04A849F1000616EB53
:109060000A0648F10008761848F1000845F8046C33
:109070006FE79E465EF8040BA0FB040610EB0800A9
:1090800046F100089E588019985048F10008734630
:109090006AE71A6812EB08022CBF4FF001084FF084
:1090A0000008B8F1000818BF4FF0010843F8042B7E
:1090B0005FE7002307B506481A46006801A9F1F7E3
:1090C0009DFB10B90198F5F757FA03B05DF804FB62
:1090D000B40C0020AAE409B1C06EFBE77047034658
:1090E00008B900207047EFF31182302181F3118815
:1090F0004068411C04D182F31188BFF36F8FF0E701
:109100000168596082F31188BFF36F8F7047F7B51C
:1091100006460F46C9B1C06EFFF7E1FF0546B0B184
:109120000122304601A9EDF7B5FE044630B12946CB
:109130003046FFF7D0FF204603B0F0BD019BC3E9E6
:109140000050988118773B60F5E72224F3E71A2452
:10915000F1E710B5EFF31184302383F31188037C1A
:1091600023B184F31188BFF36F8F10BD8368C26091
:10917000416003F140021B6C53B9036010608268C8
:1091800092F84430013382F8443001230374E8E755
:109190001A461B68F0E737B504460522D0F8A4004C
:1091A00001A9EDF777FEB0B9019B5C61227A5A7490
:1091B000E27A62F07F021A74EFF31185302383F3B1
:1091C0001188D4F8A40001990830EDF765FF85F304
:1091D0001188BFF36F8F03B030BD0A7C10B57F2AB2
:1091E0004FEA921398BF0023EFF31184302282F3E9
:1091F00011881BB9437B43B990300BE0032B10D18E
:10920000837B73B90123837301E0013B4373D0F87F
:10921000A4000830EDF740FF84F31188BFF36F8F8F
:1092200010BD9430F6E7053803288CBF00200120DC
:10923000704708B5C36800209847034B1868BDE81D
:1092400008400CF08BBF00BF443100207FB50C46B6
:10925000054658B390F8343053B3164E0121FAF74F
:1092600026FD3246284614490DF10F03FAF7E3FFB5
:109270000246B8B99DF80F30012B0ED13369082B87
:1092800012D1214600902846FFF7FEFA0446E86B0B
:10929000FFF7CFFF204604B070BD022B0CBF602447
:1092A0002D24F4E72D24F2E76324F0E72124F1E7ED
:1092B0001124EFE7A031002000710800F8B5054641
:1092C000EFF31186302383F311888C30EDF7DAFE4B
:1092D000044620B986F31188BFF36F8FF8BD837CF5
:1092E00000F130073BB101338374D5F88C30036350
:1092F000C5F88C70EEE705F130000CF017FE86F330
:109300001188BFF36F8FA6682EB92168D5F8A40025
:10931000FFF7E1FE2660EFF31181302383F311881C
:10932000A37CD5F8A4200133A374936823639760CA
:109330002B7C01332B74EB7B013BEB7381F31188A6
:10934000CAE72DE9F04792B00446DDE91B65DDE987
:109350001D789246894629B96FF08604204612B0DE
:10936000BDE8F087002AF7D0002EF5D00DB9002F08
:10937000F2D1B8F1000FEFD02388B3F5105F4BD1D5
:109380002822002108A80AF08BFD2022002168462F
:109390000AF086FD08A80CF022FF10B16FF09204CD
:1093A000DCE720466B4652464946FDF713F8044673
:1093B0000028D3D1009B103B102BCDD8184A22FA9D
:1093C00003F3DB07C8D5AE421FD206F110039D425E
:1093D0001BD20F2FC0D93146102228460AF073FE47
:1093E0002E4632462B46694608A8FEF791F80646F7
:1093F00070B139462846FCF775F90023012EC8F8EC
:109400000030CBD16FF08B04A8E70F2FE9D8A3E78A
:109410001023C8F80030A1E76FF085049EE700BF75
:10942000010101002DE9F04FA7B00F46DDE93398A7
:1094300015469B460446002800F0B680002900F03F
:10944000B380359B002B00F0AF80319B1BB1309B6C
:10945000002B00F0A9803DB1329B002B00F0A480CE
:10946000B9F1000F00F0A080A8F104030C2B00F26A
:109470009B803B68103B102B00F296804B4A22FAEF
:1094800003F3DB0740F19080494B0DF18C0A43EA6E
:10949000082323600023514663602362A36038469B
:1094A000FCF7D7F9034600287AD1204623990CF01F
:1094B000A0FE204631990CF09CFE294620460CF077
:1094C00098FE01264FF00053204602A9039604930C
:1094D000FCF777FA384605A9FCF74DFA0346002851
:1094E0005ED1204605A9FCF76CFA324BCDF88CB062
:1094F0002496259308AB9AE8070083E807001946ED
:109500002046FCF75EFA309B20AA2093319B2196DF
:1095100043F0005322930BAB07CA83E807001946B8
:109520002046FCF74EFA329B45F000571D931DAACA
:109530001E960EAB1F9707CA83E807001946204600
:10954000FCF73FFA359B1AAA1A9348F000531B9672
:109550001C9311AB07CA83E8070019462046FCF7A5
:1095600030FACDF85C9014AB189617AA199707CA71
:1095700083E80700B9F1000F03D1169A42F0804248
:109580001692194620460CF08CFE20460CF05AFE2E
:10959000034628B1019029464846FCF7A3F8019BF1
:1095A000184627B0BDE8F08F2123F9E7010101003B
:1095B000000003040C0000202DE9F04FADF5757D8F
:1095C00007468846934600211822BAA899460AF011
:1095D00067FC00219F4BD0221C68B0AE3160C0A850
:1095E0000AF05EFC4FF48072314620469A4BF1F748
:1095F00005F9054650B931684868D1E90823000AE1
:1096000017D0964CA04220D06FF086053068F4F752
:10961000B3FF044635BB924BBB939DF8FC3243F03D
:1096200010038DF8FC3210B320460DF5757DBDE8B2
:10963000F08F0420BA90C0A8FEF794F810F1860FBE
:10964000054608D10123BA93E0E70420BA90C0A8E8
:10965000FEF788F805463368002DD7D11B88ADF892
:10966000F032D3E7BAA8FEF729FB2C46DCE7BA9B19
:10967000002B00F08A809DF8FC2212F00E0F40F0C3
:109680008480012B04D0042B75D06FF08604A5E0F4
:10969000744BC09A9A421AD19DF80733022B67D0B7
:1096A000102B65D8DC0763D40522CDE9CB23DB9BE7
:1096B000C2A843F00203CDF82893CD95DB93F1F7D0
:1096C0001CFDF0F793F80446002840F0878005233E
:1096D000CDE9BD399DF8FC32BA9A43F002038DF80A
:1096E000FC32002A51D09DF8FC32D9074DD4BB9BE7
:1096F0005D4923F47E138B4203D001F580718B42C8
:10970000C3D1012A58D0042ABFD1DD9B002B3CD104
:1097100038687968D9AB03C3B86818600C23DD9347
:109720009DF8FC32BA9A43F001038DF8FC3262B323
:109730009DF8FC3203F00901012926D19B0754D57D
:10974000BD9B042BA1D9053BBD93012A52D0042A0D
:109750009BD1B8F1000F98D0CA9BB3B1DDE9D332E9
:10976000134312D105224146CAA8FCF727FB4BE060
:109770006FF00C00A5E7CA9B3B4923F47E128A4296
:1097800006D001F580718A4205D06FF0880425E08B
:10979000D8033FF57AAF13F4701F3FF476AFC3F3ED
:1097A0000543102B3FF671AFDDE9D3321343ECD103
:1097B0000523CDE9D7398AE72A4BC09A9A4231D19D
:1097C0009DF806130C233A4601F00101C2A8F1F7F7
:1097D000D3FCF0F70BF804460028A1D0BAA8FEF796
:1097E0006DFABAA8FEF76AFA1EE71E4BBB999942BA
:1097F000ABD1CAE71B4BC09A9A4213D14146C2A8CB
:10980000FEF7D6FBEFF7F2FF04460028E6D19DF8FD
:10981000FC32BA9A43F004038DF8FC322AB96FF097
:1098200088060FE06FF08504D8E79DF8FC32DF076B
:10983000F5D59D072ED5BD9B13B9BE9B994515D96E
:109840006FF08606BAA8FEF739FABAA8FEF736FA1C
:109850003446E9E6B40C002000024805020080000E
:10986000000250050001500500014005A3EB09036B
:10987000BE93012A13D0042AE2D1282200213046C7
:109880000AF00EFB30460CF0AAFC054630B36FF030
:109890009206D7E7A94BBB999942EAD1BFE7A74BFC
:1098A000C09A9A4240F0BB83DB9BD80613D4CC9B72
:1098B00023B1CD9BCA9A4B4493420CD85B464A468F
:1098C0005946C2A8F1F78CFCEFF790FF0646002836
:1098D000B8D14D4620E06FF00C00F5E7CA9B984ADE
:1098E00023F47E13934208D19DF8A633934F4B4443
:1098F00099450BD26FF08906A4E7924A934240F053
:109900008E839DF8C833904F102BF0D1BBF1000F20
:109910000FD1B9F1000F93D19DF8FC32BA9E43F0FC
:1099200008038DF8FC32002E40F07C836FF0880431
:10993000AFE3B9F1000FEFD0DDE9D3231A4307D12C
:109940001146CAA8FCF73AFA064600287FF47AAF17
:109950007A4B9F4200F09C82DDE9D63213EB09037B
:1099600052F100024FF0000128BF012100298ED1E1
:109970006FF01F0098424FF00F03934187D39DF87B
:10998000C86316F0EF0F00F0098109EB06030DF52F
:109990006E7E0F2BB6440FD84A46594670460AF0E1
:1099A000E3FB9DF8C883C8445FFA88F88DF8C88344
:1099B000D49B4B44D493AFE7102BE6AF0AD1B84603
:1099C0000DF55E7CB8E80F00ACE80F0098E80F00DA
:1099D0008CE80F00C6F11003DBB21A4659467046F8
:1099E00004930AF0C1FB5F979DF8CA33574F58495B
:1099F0004FF00108002B08BF3946CDF880810DF1EA
:109A0000B00C61915FAA07CA8CE80700DFF84CC16F
:109A1000EEA95C915CAACDF874810DF1BC0ACDF879
:109A200078C107CA8AE80700CDF864B159AACDF811
:109A30006881CDF86CC10DF1C80C07CA8CE807002D
:109A4000E6A9569156AACDF85C81589735AF07CA5A
:109A500087E807009DF8C9033E493F4A404508BFD3
:109A60000A46002B0CBF032343461A430023ACA92C
:109A7000CBA8B193B092B293B893FBF7EAFE0590EE
:109A800000287FF404AFAC99B0A80CF0B2FB059BA2
:109A9000B0A819460CF0ADFB1021B0A80CF0A9FB42
:109AA0004FF0005338A9B0A8CDF8E4803A93FBF703
:109AB00088FF3BA9CBA8FBF75EFF00287FF4E7AE49
:109AC0003BA9B0A8FBF77DFF2CA9B0A8FBF779FF55
:109AD0005146B0A8FBF775FF32A9B0A80CF0E1FB26
:109AE000B0A839460CF0DDFBB0A80CF0ABFB20B100
:109AF0002021E6A8FBF7EEFDC9E6D69BD79A1033E6
:109B000042F10002CDE9D6329DF8C8338DF8CA0380
:109B10004B44102B03D110258DF8C83348E7049B24
:109B2000A9EB03070F2F1BD81946103E3A4659449C
:109B3000EEA84E440AF018FBF3B2ECE70001500522
:109B400000014005000240050002500520000020F1
:109B50000C0000200000030400000204100000209C
:109B60000BF11003059310238DF8C8030693049B93
:109B700017F00F020BEB03061BD0102F5FFA87F8CC
:109B800011D927F00F07F9185944EEA808F00F086B
:109B90000AF0EAFA8DF8C8835E46C4E04F46CDE984
:109BA00005B10491E3E73A463146EEA80AF0DCFA43
:109BB000FCE6102F00F04B81A7F1100572199DF8FB
:109BC000CAE3EEAB02F110089C46106851680832F7
:109BD000ACE8030042456346F6D14FF01003A849B4
:109BE0008DF8C833A74B4FF00108BEF1000F08BF36
:109BF00019460DF5667ACDF84CA10DF1680CCDF83B
:109C0000508153AA559107CA8CE80700509645F039
:109C10000056CDF844810DF1740C529650AA07CA33
:109C20008CE8070005994DAA4D91CDF838814F96E3
:109C300020AE07CA86E80700CDF828A14AAACDF8C9
:109C40002C8123AE4C9307CA8F4B86E807008F4ABE
:109C50009DF8C913CBA8414508BF1346BEF1000FBC
:109C60000CBF032242461343B0930023ACA9B19327
:109C7000B893B293FBF7EDFD079000287FF407AE91
:109C8000AC99B0A80CF0B5FA079BB0A819460CF037
:109C9000B0FA2946B0A80CF0ACFA4FF0005326A950
:109CA000B0A8CDF89C802893FBF78BFE29A9CBA800
:109CB000FBF761FE00287FF4EAAD29A9B0A8FBF705
:109CC00080FE1AA9B0A8FBF77CFE1DA9B0A8FBF77F
:109CD00078FE20A9B0A80CF0E4FAB0A831460CF048
:109CE000E0FAB0A80CF0AEFA00287FF401AF059BB3
:109CF000D79A2B440593D69B8DF8CA035B1942F182
:109D00000002CDE9D632069B0BEB05061F44A7F1F6
:109D100010035746DEAD06930FCF0FC597E80F002F
:109D2000102785E80F00D69BD79ADB1942F1000275
:109D3000CDE9D632534D9DF8CA3351494FF0010A4F
:109D4000002B08BF29460DF5667CCDF81CC10DF12E
:109D5000200ECDF820A147AA499107CA8EE8070036
:109D6000049944AA0E44449647F00056CDF814A135
:109D70000DF12C08469607CA88E80700059941AA04
:109D80004191CDF808A143960EAE07CA86E80700B8
:109D9000CDF8F8C03EAACDF8FCA0409511AD07CA99
:109DA00085E807009DF8C9033849374A504508BF80
:109DB0000A46002B0CBF032353461A430023ACA9C9
:109DC000CBA8B193B092B293B893FBF742FD049045
:109DD00000287FF45CADAC99B0A80CF00AFA049BA3
:109DE000B0A819460CF005FA3946B0A80CF001FAF3
:109DF0004FF0005314A9B0A8CDF854A01693FBF768
:109E0000E0FD17A9CBA8FBF7B6FD00287FF43FAD16
:109E100017A9B0A8FBF7D5FD08A9B0A8FBF7D1FD9D
:109E20004146B0A8FBF7CDFD3146B0A80CF039FA99
:109E3000B0A829460CF035FAB0A80CF003FA0028B7
:109E40007FF456AE069D8DF8CA033D44B0E5DEAD05
:109E50000DF5667CBCE80F000FC59CE80F0085E897
:109E60000F00EEAB06F110051A463068716808362F
:109E700003C2AE421346F7D110238DF8C8338BE6E8
:109E80000C00002020000020000002040000030459
:109E900010220021A4A80AF003F810220021A8A88B
:109EA00009F0FEFF10220021ACA809F0F9FFD69BB3
:109EB00019EB030213462CBF01250025BFF4E7ACC4
:109EC000D79A93423FF6E3AC96490BEB09008842E0
:109ED0003FF6DDAC9DF8A60309EB000ABAF10F0FBF
:109EE0000ED893420CD00DF2963318444A46594688
:109EF0000AF03AF99DF8A6334B448DF8A63357E59E
:109F00005F46CDF810B0ACAEBAF1100F4FF01002B2
:109F10004FF000013046D04628BF4FF0100809F03E
:109F2000BFFF9DF8A633002B62D0102B3FF6AFACDD
:109F30001A460DF29631304605930AF015F9059B45
:109F40003946C3F11002F01805920AF00DF94FF0EE
:109F50000003059A8DF8A63317449DF87433002B3F
:109F60004DD0049B4246CDE90163A8AB0093CBA939
:109F70000DF27533B0A8FDF72BFB9DF87423034653
:109F8000012A16D110220021304609F089FF4246ED
:109F9000049930460AF0E8F8A4AB00930DF286323B
:109FA0003346CBA9B0A8FEF7E0FA034600287FF4B9
:109FB0006EACD699049808EB0102D692AAEB08027F
:109FC00040440F2A4544049027D8D79851448142F1
:109FD00021D039460DF29630CDE904230AF0C4F8B9
:109FE000049A059B8DF8A623002B3FF4E1AC4EE4C8
:109FF0003946424630460AF0B7F84744ADE7A4ABCD
:10A0000000930DF286323346CBA9B0A8FEF7ADFA25
:10A010000028A6D03BE4002AE6D0924674E76FF011
:10A0200085060FE49DF8FC32D9074CD59A0707D571
:10A03000DDE9BD210A4303D06FF08604002628E045
:10A0400013F010033FD0012E0FD0042EF4D128229C
:10A050000021B0A809F024FFCA9FC7F30548B8F152
:10A06000080F27D96FF08904E8E79DF80723082A2D
:10A07000F8D82D4BC099994240F09682FE99C2A81B
:10A08000F0F7FAFFEFF7B2FB04460028D6D19DF8AF
:10A090000763FE9B2121C6F10802981909F000FF11
:10A0A000BAA8FDF70BFE002C7FF49BABFFF701F87D
:10A0B000FFF7BABAA9EB0509B9F1FF0FBCD8FE9BAF
:10A0C000002BB9D017B96FF08804B7E7DDE9D36387
:10A0D0001E4307D132463146CAA8FBF76FFE08B1CE
:10A0E0000446D6E7CA9B114A23F47E13934212D04A
:10A0F00002F58072934211D0B3F1052F0C4B14BFBF
:10A100004FF0000A9A46B0A80CF069F8064698B1DC
:10A110006FF0920492E7DFF810A0F4E7DFF814A0E4
:10A12000F1E700BF000001200001500500014005DB
:10A130000005100500025005804B9A4500F0CA81C9
:10A1400003F580739A4540F027829DF8C933002BB0
:10A1500040F0268217F4701F00F023829DF8C87328
:10A16000102F04D05FFA89F9B945C0F01A8217F0B0
:10A170000F0C14BF3B460023D69AD7999B1841F188
:10A180000001DDE9D82E52EA0E00CDE9D63115D016
:10A1900053EA010012D1DAA94246FE9809F0E4FF21
:10A1A0001021DAA8FBF796FA4646B0A80CF017F88B
:10A1B0000028ADD1002C18BF00266AE79DF8CA031D
:10A1C0005D4440B952EA0E0040F0C280A3F1100095
:10A1D000084340F0BD800F2F04D827B11DB94FF0C0
:10A1E000210BA6E0A8ADCB9B103B102BF7D8544A0F
:10A1F00022FA03F3DB07F2D5524B0DF52C79B0931D
:10A2000000234946CBA8B193B893B293FBF721FB47
:10A210008346002840F08D804FF001094FF0005A2E
:10A22000AC99B0A80BF0E5FF5946B0A80BF0E1FFE0
:10A230003946B0A80BF0DDFF83A9B0A8CDF8109285
:10A24000CDF814A2FBF7BDFB86A9CBA8FBF793FBC7
:10A25000834600286DD186A9B0A8FBF7B2FBE6AA19
:10A260009892394ACDF864920DF5097C98AB9A9290
:10A2700093E807008CE807006146B0A8FBF7A1FB54
:10A28000CDF86CB20DF50C7CCDF870929BABCDF88F
:10A2900074A293E807008CE807006146B0A8FBF7BA
:10A2A00090FB47EA0A0AEEAA9E929EABCDF87C92FA
:10A2B0000DF50F7CCDF880A293E807008CE807002D
:10A2C0006146B0A8FBF77DFBA195A1AACDF88892C5
:10A2D00092ABCDF88CA207CA83E807001DB99A6833
:10A2E00042F080429A601946B0A80BF0DAFF0122D2
:10A2F0000DF52C79CDF89092A592144A0DF5157CA8
:10A30000A4ABA69293E807008CE807006146B0A8CA
:10A310000BF0C7FFB0A80BF095FF834628B9424663
:10A320004946FE9809F020FF3EE739462846FBF7EC
:10A33000D9F94146FE98FBF7D5F9C3E00001500575
:10A3400001010100000002040C00002010000020A8
:10A35000500FD20040EACE0012BAA9925A0FDB0089
:10A360001BBAAB93EEAB7793012342EAC102789319
:10A3700012BA47F0005300BA79930DF5C479AA9246
:10A3800077AA0DF5287ECEF8000007CA89E80700F5
:10A39000BCF1000F40F09C80002F00F09980DEA9F6
:10A3A0004FF0010C7A918249CDF8ECC17AAA7C91E8
:10A3B0000DF5CA7907CA89E807007E49CDF8F4E1AE
:10A3C0007DAACDF8F8C10DF5D07E7F9107CA102F78
:10A3D0008EE80700809580AACDF804C282936BAB0B
:10A3E00007CA83E8070005D100221A609A6842F084
:10A3F00080429A604FF0010AFE9AACABAC9248F0F2
:10A400000052CDF8B4A2AE9293E807006A4B6EAD4D
:10A4100043EA0823B093002385E80700A4A9CBA84A
:10A42000B193B893B293FBF714FA8346002849D14D
:10A43000A499B0A80BF0DDFE5946B0A80BF0D9FEE8
:10A440003946B0A80BF0D5FE4FF0005371A9B0A863
:10A45000CDF8C8A17393FBF7B4FA74A9CBA8FBF7A6
:10A460008AFA834670BB74A9B0A8FBF7AAFA4946DA
:10A47000B0A8FBF7A6FA62A9B0A8FBF7A2FA68A9F0
:10A48000B0A8FBF79EFA9DF8C933534503D129467E
:10A49000B0A8FBF796FA6BA9B0A80BF002FF9DF8E5
:10A4A000C9331BB96EA9B0A80BF0FBFEB0A80BF026
:10A4B000C9FE834600283FF477AE9DF8C933002BD0
:10A4C0003FF437AFBBF1210F6BD06FF092046CE615
:10A4D000E6A965E79DF87433002B61D10DF5247A68
:10A4E000014610225046A8AD09F0DAFC1022314690
:10A4F000284609F0D5FCDC9FB84552D39DF8A63319
:10A500005FFA89F94B454CD89DF88523D8A9C2F14B
:10A510000E030DF291208DF8903209F025FEACABC0
:10A5200010223146184609F0BBFC0DF28632CDE907
:10A53000000253463A460295CBA9B0A8FDF748F869
:10A54000834690B99DF87433DC9A012B1FD12F46B6
:10A550000346FE9902EB010C8C4510D12BB111463C
:10A56000FE98FBF7BFF84FF02C0B10212846FBF7A5
:10A57000B1F8DC9BBBF1000FA4D11E4615E611F823
:10A58000010B17F801EB80EA0E000343E4E72946CC
:10A59000FE9809F0E9FDE8E708266FF0850404E677
:10A5A00008266FF0860400E66FF0850446E500BFDC
:10A5B0002000002010000020020002042DE9F04FCE
:10A5C000A1B08946DDE92B540746CDE907232D9E2E
:10A5D00000283AD0B0F800A00AF4E043B3F5005FD9
:10A5E00036D10AF4E062B2F5806F31D1072C2CD954
:10A5F0004FF00808099345B3A4EB080405EB040BDE
:10A60000424659460AA809F0AFFDB9F1000F1CD027
:10A610002A9BD3B1099B0EB92E9AB2B92F9AA2B137
:10A62000B3F5005F17D10AF4E063A3F580625342EB
:10A630005341DB00BAF5105F07D17A8822F0400160
:10A6400080290AD0B2F5807F07D06FF0860716E028
:10A650004FF00008CEE70023ECE7002BF5D02822CE
:10A66000002116A809F01CFC202200210EA809F0E8
:10A6700017FC16A80BF0B3FD28B16FF0920738460F
:10A6800021B0BDE8F08F38464946079A0EABFBF77C
:10A69000A1FE07460028F2D12E9B9C4221D8B5424C
:10A6A00007D2B34505D929462246304609F00BFDAD
:10A6B00035460AABCDE90483052301932A9B224644
:10A6C0000093CDE90256089B0EA916A8FEF7AAFE34
:10A6D0002128BAD02C2807D00028CED12F9B1C606F
:10A6E000CDE76FF08907CAE76FF09407C7E72DE958
:10A6F000F04F044689B0104615460491EDF771F805
:10A7000000286FDD2046E988EDF788FA00286CD133
:10A710002B68B4F806900093374D494600982B6893
:10A720002B68EDF787F803460733282B34BF4FF02B
:10A73000FA0A4FF01E0ADA08D4F8008023F0070363
:10A7400001900292059349464046029AFDF7C4F9EA
:10A75000044618BB059B019A494640469A1AEDF7F4
:10A760007AF8BAF1010A43D00499D8F80000EDF75D
:10A7700045F80126C743D5F800B0B14512D84BEAD9
:10A78000070303932F682B684B462E6803F1FF3BAA
:10A7900083B9039A2B6817409F42D4D0204609B052
:10A7A000BDE8F08F58F82600ECF7A7FF01364BEA1A
:10A7B000000BE2E7009B53F82B2058F82B30104693
:10A7C000194607930692EDF719F8079B069A064378
:10A7D00011461846EDF712F820EA06031F43064318
:10A7E0005B46D3E76FF00304D8E76FF00F04D5E7BB
:10A7F0006FF00D04D2E700BFB00B00202DE9F04F41
:10A8000001230024ADF50B7D2020CDE91243CDE9D5
:10A810001443CDE9164301F0EFFC0790002800F047
:10A820006D86202001F0E8FC0590002800F062868B
:10A830002AAE3046ECF7A9FC4FF4804361AD2846C0
:10A8400061932B9FECF7A9FCA14B30462A93619BA7
:10A8500038942C939F4B0DF1E0092D93FEF7C8F827
:10A860008346002834D117F0FF0849460CBF28461C
:10A870002046EFF717FD834650BB0FCE389CA44609
:10A88000ACE80F0096E803008CE80300B8F1000F75
:10A8900001D1619B6361636A83B1D4E9086763682E
:10A8A0001B0A06932FD06FF0860B206A10B1616AE5
:10A8B000EDF7C6F80022C4E9082209E03F0A40F09B
:10A8C000C68120212046EFF7CBF883460028E4D04C
:10A8D000389808B1EFF7D7F85846ECF7ABFC06907C
:10A8E00020210798EDF7A2F805982021EDF79EF8B2
:10A8F000059801F089FC079801F086FC06980DF593
:10A900000B7DBDE8F08F23885A0440F1AC80002E07
:10A91000C9D0002FC7D0628808920732072A4FEAB1
:10A92000D20800F0A08003F4E043B3F5804F00F0BC
:10A930009A802022069950A809F0B2FA4146204692
:10A9400050AAFBF7DDFC8346002840F0DF85474531
:10A9500002D26FF08C0BA8E7509B014628222846B4
:10A96000DDF84CA1099309F09BFA28460BF037FC5F
:10A9700010B16FF0920B98E74FF00072FD1C0DF5CF
:10A98000807925F00305494650A8CDF888B1CDE976
:10A9900054656192CDF88CB1CDF8A4B1FAF759FFA6
:10A9A00000287FD1409961A80BF023FC0122199265
:10A9B0004FF0005218A961A81A92FBF702F81BA9E0
:10A9C00050A8FAF7D8FF002841D161A81BA90BF0C5
:10A9D00068FC61A80BF036FC002838D1BAF1000FF2
:10A9E00019D1099BB3F1805F15D2494650A8CDF823
:10A9F00000A1CDF84CA1FAF778FE002852D140987A
:10AA0000830708D085424DD32A1A514602F003022B
:10AA1000304409F045FA6268120A04D13146089AB6
:10AA20002088FEF735F8002162686162120A10D1B1
:10AA3000228822F0FF01B1F5824F05D1413AD2B20E
:10AA4000012A88BF08F10108C4F8248003E04828DF
:10AA500028D16FF0850B61A80BF0C1FB002888D1CD
:10AA60001BF1860F0DD1238803F4E042B2F5805F1D
:10AA700002D0B2F5005F18D139463046EFF723F81F
:10AA80008346BBF1000F7FF410AF2379002B40F019
:10AA9000C280277E6369012F089300F0C6806FF0A3
:10AAA000960B15E76FF0920BD5E703F44F41B1F524
:10AAB000824F09D1B2F5E04F06D1DBB2122B62888A
:10AAC0000AD0412B00F088806FF0850BEDE600BFC7
:10AAD0004171FF0000000209B2F5807FF4D103212B
:10AAE0000023012561A8CDE96353CDE96553CDE984
:10AAF0006753CDE96953CDE96B53CDE96D53CDE98A
:10AB00006F53CDE97133CDE97333CDE97533CDE9B9
:10AB10007733CDE97935CDE97B35CDE97D35CDE9A3
:10AB20007F358DF884316293EEF7C4FD024600282C
:10AB300043D161A8ECF7E2FE0228804659D1DDF846
:10AB4000C49179A84FEAD90AAA441AF0030118BFA0
:10AB5000294601EB9A01EDF761F8002856D15246DB
:10AB6000BDF8EA117998FCF7B7FF024628BBC9EB9C
:10AB7000CA01013979A8ECF7A6FE0246E8B92A46CF
:10AB8000494679A8EDF740F90246B0B9014679A8DF
:10AB9000EDF73AF9024680B9294679A8EDF734F97C
:10ABA000024650B9B9F1FE0F1BD032463B4604F1C4
:10ABB000240161A8ECF70EFF024661A80892EEF7A7
:10ABC00039FD79A8ECF747FF7BA8ECF75FFF089AFF
:10ABD0001046EEF70BFE53E7FF2A7FF475AF09210D
:10ABE0007EE7414679A8EDF70FF90246002ADCD04E
:10ABF000E3E701280DD101466EAA79A8FFF777FD9A
:10AC000010F10E0F0246F1D1B44AD6E76FF00F02F1
:10AC1000D3E7B34AD1E72046D4E90812F3F7E7FCBB
:10AC2000834600283FF435AF52E602232376002303
:10AC3000AC4A0FAC136021461A460898EFF7DEFDC8
:10AC4000054638B10898EFF70CFE284645E66FF048
:10AC5000860B3DE625682B88590406D569682A6A63
:10AC6000090AD5F824B00A920BD06FF086040F9829
:10AC7000F3F782FC0FAE0546002C00F091812546CB
:10AC8000E0E703F4E043B3F5804F2AD1288800F4CD
:10AC9000E043B3F5804F20F4405244F2010340F00A
:10ACA00059819A4208D000F44F43B3F5824F03D044
:10ACB000B3F5844F40F05081BBF1200F00F2A48027
:10ACC000894B5A4618460A9909F04EFA0021CBF1F1
:10ACD0002002584409F0E4F8824B0024C3F800B085
:10ACE000C5E70A9B002BC0D0BBF1000FBDD030AE32
:10ACF0002022304609F0D4F833465A4628460A99AD
:10AD0000FBF768FB0446002840F0E3802B8803F43F
:10AD10004F4ABAF5824F62D1413BDBB2012B94BF5F
:10AD2000002301230993B4464FF02009BCE80F002B
:10AD300038AF0FC79CE80F0087E80F00B3684022C8
:10AD4000002161A840AF0D93D6F80C8009F0A8F857
:10AD50004A460021384609F0A3F86B88BAF5824FBD
:10AD600003F107034FEAD3030B933AD15B4213F08D
:10AD7000030A36D0B8F1000F12D10B9B9B45FFF4AC
:10AD800074AF52464146384609F08AF8DDE90A12A6
:10AD900007EB0A0009F0E8F9C6E90387C6F8149042
:10ADA0004FF0400961AB0C9300220D9B38AF23F0AC
:10ADB000807323F4804343F40053C7E902320C9BB1
:10ADC0000DF1400841463846C7E90439C8F800206B
:10ADD000FAF7ACFC014668B16FF0920447E70997B7
:10ADE000A1E7414B099A4FF0000A13444FF02009A4
:10ADF0000C93D9E7D8F80060099B1E44A6EB4A06DD
:10AE0000202EC8F8006002D96FF089042FE72822AD
:10AE100050A809F045F850A80BF0E1F90028DBD163
:10AE2000012339461A4630A8FAF7B2FC002862D14D
:10AE30000D9B13F4C04F5ED02C4B0DF19C0851902C
:10AE400058905290414630A85093FAF702FD0028DE
:10AE500051D1279950A80BF0CCF901234FF00052A3
:10AE60001EA950A81F932092FAF7ABFD21A930A884
:10AE7000FAF781FD002840F0458321A950A8FAF790
:10AE8000A0FD384611A9FAF751FC002833D1119AD8
:10AE90004A4530D801230C9942F00052279124AF43
:10AEA0002893299298E8070087E80700394650A8B8
:10AEB0000BF0F7F9032750A80BF0C4F9012817D1BC
:10AEC000013FF8D16FF08B0450A80BF088F90028EF
:10AED00082D114F1860F7FF4CAAED7E600B3FFFF2C
:10AEE00080B0FFFF00400020C019002000000102D8
:10AEF00020B148282BD06FF09204E5E7BAF1000F9B
:10AF00001DD0099A524BA6EB02094FEA5909C9F123
:10AF10000007134407F003070DF5C2784A461846A8
:10AF200008EB070109F020F909EB470141444A46C3
:10AF3000484409F019F90B9940A8FAF7D3FB099B8B
:10AF400013B10422434B1A74434B1E60BCE76FF0ED
:10AF50008504B9E79A4220D000F44F43B3F5824FFD
:10AF60001BD10023619361AB69880A9A00935B4609
:10AF7000FDF708F9044600287FF479AE619D202290
:10AF8000354B33492846EEF7EBFD04462846EEF7ED
:10AF900081FB28460AF0E0FD69E66FF0850466E66D
:10AFA00000287FF44FAE2022294914A8ECF750FE68
:10AFB0002022274914A8ECF7E0FB2022274912A8F9
:10AFC000ECF77BFE2022254912A8ECF7A3FB4FF4F7
:10AFD00080423146224B08983460EFF70FFC074659
:10AFE00078BB35682B8823F0FF03B3F5E24F02D01E
:10AFF000B3F5E44F05D16B880733B3F5847F80F058
:10B000001C82D5E908986C68240A40F019820EABBE
:10B0100003932023059A0293CDE900324946424624
:10B0200028460E4BFCF7E8FB10F1860F074640F070
:10B030000681288820F0FF03B3F5E24F12D06FF0AD
:10B04000860720210598EEF73EFD20230E93F9E0B8
:10B05000C0190020B019002000400020E019002095
:10B060000000020910AE698843464A4600961094D3
:10B07000FDF788F807460028E3D1109E11AD33781C
:10B080002C60032B00F0EC80092B00F0ED802746AC
:10B09000A422002161A808F003FF47F48240202386
:10B0A0002146914A0095FDF76DF8D5F800800746D6
:10B0B000002840F09C809DF8853198F80010002B06
:10B0C00040F0D580012262A8CDE96332CDE9653236
:10B0D000CDE96732CDE96932CDE96B32CDE96D3228
:10B0E000CDE96F32CDE97133CDE97333CDE97533F5
:10B0F000CDE97733CDE97933CDE97B23CDE97D23E4
:10B100008DF884318DF886218DF885118DF8883180
:10B11000CDE97F23CDE98123CDE98323CDE98523C3
:10B12000CDE987238992EEF7C5FA002840F0A9807F
:10B130009DF88631012B00F09E806C48EEF756FB9F
:10B140000746002853D19DF885313178002B40F017
:10B150009A80012262A8CDE96332CDE96532CDE95A
:10B160006732CDE96932CDE96B32CDE96D32CDE997
:10B170006F32CDE97133CDE97333CDE97533CDE964
:10B180007733CDE97933CDE97B23CDE97D238DF884
:10B1900084318DF886218DF885118DF88831CDE9BF
:10B1A0007F23CDE98123CDE98323CDE98523CDE933
:10B1B00087238992EEF77EFA002874D19DF88631B4
:10B1C000012B63D04948EEF711FB074678B99DF88B
:10B1D0008631012B69D04548EEF708FB074630B9A8
:10B1E0000E9B0734B3EBD40F05D06FF096072021E8
:10B1F0000598ECF71BFC9DF88631012B0ED162A857
:10B20000EEF718FA7AA8ECF726FC7CA8ECF731FCEC
:10B2100082A8ECF72EFC88A8ECF71DFC0023404622
:10B22000ADF884318DF88631EEF734FA40460AF0F5
:10B2300093FC3046EEF72EFA30460AF08DFC002FD4
:10B240007FF4FFAE0F98F3F797F90446002F00F054
:10B25000FA803C460898EFF704FB2046FFF73DBB19
:10B260004FF48074122713E7FF24412710E78B4225
:10B270003FF45EAF61E708F1680182A8ECF784FD56
:10B280005CE71B485AE78B4298D09BE706F16801C0
:10B290007CA8ECF779FD002895D106F160017AA829
:10B2A000ECF73CFD8FE712488DE7719B002B92D0A5
:10B2B0000146412250A89DF8885108F0F1FD402236
:10B2C000394640A808F0ECFD1822394638A808F0A5
:10B2D000E7FD6B1E082B0DD8DFE803F08B0C7B809D
:10B2E000830C0C0C860000BFE019002080B0FFFF2B
:10B2F00080B1FFFF4FF0000A6FF0710755463846E6
:10B30000FAF79EFC00287FF467AF4FF4804330AF1C
:10B3100038463093EBF741FF309B0AF107023A932E
:10B3200005F48243B3F5824F4FEAD209099363D102
:10B33000EBB2412B60D14A4640A97AA8CDF8C09023
:10B34000ECF7E8F94A4650A982A8ECF7E3F94F4632
:10B350004123ADF8E2A00DF5A07B0DF1C00AADF8D8
:10B36000E05038A84A46CDE901B340A95B46CDF884
:10B370000CA00097FCF740FAFAF762FC00287FF473
:10B380002BAF05F48243B3F5824F5946309A88A813
:10B390004DD1EDB2412D4AD1ECF75AFC88A8ECF71B
:10B3A00057FA0730B0F5847FBFF415AF719B62A8E0
:10B3B00013F0070518BF012505EBD3050E95ECF733
:10B3C0009DFA02282A46059988A833D1ECF7A2F9FC
:10B3D00002E74FF4807A47F2121590E74FF4C07AF3
:10B3E000F9E740F2092AF6E74FF0FF0A47F2411564
:10B3F00085E74FF0C00AEEE74FEA49074A4640A901
:10B4000001377AA83097ECF7B8F904234A460DF2D1
:10B41000411182A88DF84031ECF7AFF909F1010133
:10B4200050AB4A46194484A8ECF7A7F990E7ECF72B
:10B4300044FCB3E7ECF7A1F9CEE66FF0890700E62C
:10B440006FF08507FDE500287FF404AF2022059901
:10B4500016A8ECF732FC40AD2022059916A8ECF7AF
:10B4600059F92B462021079A05984097FCF79EFA38
:10B4700004460898002C7FF4EEAE409D202D7FF40A
:10B48000EAAEEFF7EEF9044620B129460798ECF74B
:10B49000CDFAE2E6204E96F850301BB10123069318
:10B4A000FFF71EBA012561A8EBF76FFE50A864975D
:10B4B0005095EBF772FE509B079963934FF48443CA
:10B4C0006693164B1022CDE9613561A850ABEEF7BB
:10B4D0002BFF044610210798ECF7A8FA1CB986F850
:10B4E0005050FFF7FDB92046EBF7A4FE031E18BF2E
:10B4F0000123D4E719230693FFF7FDB91923069317
:10B50000FFF7FCB901283FF4DDACF2E410F1860F3F
:10B510007FF4CBA9FFF7A7BAB01900200110800073
:10B52000F7B5012300220546CDE900230E46021D92
:10B5300002216846FFF7DBF8044648BB06F110021B
:10B540006B4611462846EDF778FC044600BB06F131
:10B5500008076B463A4639462846EDF76EFC044626
:10B56000B0B96B466A4669462846EDF766FC044664
:10B5700070B96B46324631462846EDF75EFC04460C
:10B5800030B96B463A4639462846EDF756FC044634
:10B590006846ECF760FA034814F10E0F18BF204616
:10B5A00003B0F0BD00B3FFFF0022012373B50646D0
:10B5B000CDE900230D46021D02216846FFF797F8EA
:10B5C000044678B96B462A4629463046EDF735FCE5
:10B5D000044638B905F110026B4611463046EDF7C6
:10B5E0002CFC04466846ECF736FA034814F10E0FBB
:10B5F00018BF204602B070BD00B3FFFFF8B5044687
:10B600004518073549420D40A5F108063046EEF7CA
:10B6100077FA6188331BA1EBE30125F8061CA088AB
:10B62000DA1000EBE30080B225F8040CA188D1B158
:10B63000A4EBC1014F88C880D0194880E188C9B106
:10B640008A1A92B204EBC10125F8022C8A80A288E2
:10B650009AB911498A681344CA688B60934200D929
:10B66000CB603046F8BD15F8081C41F0020105F822
:10B67000081CE3E725F8021CE9E7A4EBC2042278E2
:10B68000D207EED5044A91680B44D16893608B428F
:10B6900088BFD360E5E700BF701900202DE9F047AF
:10B6A000002390464A1C08BF0821C8F80030002833
:10B6B00000F099804D4F7B68984280F0948007306D
:10B6C00020F00705EFF31189302383F311887E6999
:10B6D000BEB133787288DB074FEAC20204D5F38823
:10B6E0007BB106EBC306F4E79542F8D806F10803F0
:10B6F000B3FBF1F001FB103353B12B449A42EED36C
:10B7000043B989F31188BFF36F8F1920BDE8F08723
:10B710002B46F5E770883A69C3EBC000013A272849
:10B720003A614ED99D4205F1080A45D03046FFF7EF
:10B7300065FF0446A2445046EEF7E2F9628805F13F
:10B740000F01A2EBD102CB08AAF80220AAF804301C
:10B75000E288002A32D0D31A9BB204EBC202AAF8C4
:10B7600006309380ED086580BAF804300022E3804B
:10B7700031465046FCF77CFFBB68FA6808339342B9
:10B78000BB6088BFFB60237843F0010323703B69F3
:10B7900001333B616288BB68083403EBC203FA687B
:10B7A000BB60934288BFFB60C8F8004089F31188F2
:10B7B000BFF36F8F0020A9E73446BBE7AAF8062045
:10B7C000D0E79D420DD03046FFF718FF044623789E
:10B7D000012243F00103314620462370FCF748FF65
:10B7E000D8E73446F3E7212090E700BF7019002026
:10B7F000002370B51646136089B180B101FB00F5D6
:10B800004FF0FF312846FFF749FF044628B930685A
:10B8100018B12A46214608F043FB204670BD21247A
:10B82000FBE702464FF0FF31102037E700F00CB87D
:10B8300000F00AB800F008B800F006B800F004B84C
:10B8400000F002B800F000B872B61EF0080F09D080
:10B850001EF0040F0DD0DFF850E0AEE8FF1F6FF0D0
:10B8600002000CE0DFF840E0AEE8FF1F6FF00E00D2
:10B8700005E0DFF834E0AEE8FF1F6FF00600694630
:10B88000EFF309828EE8070086460848084C854594
:10B8900001D3A54501D384F30888F3F7DFFB84F3D4
:10B8A0000888F3F7CDFB0000803D00204800002011
:10B8B000C80A00201FB514461A46094B05461B68E6
:10B8C000D8684CB1074B00910749CDE901342B46AC
:10B8D00000F0C6F808F0EFFA044B1C46F3E700BF8F
:10B8E000244000207D8702008A870200518A0200DE
:10B8F00008B5064B044613B10021AFF30080044B9A
:10B900001B6803B198472046F8F707F900000000CC
:10B91000B0390020002310B50446836081811946A8
:10B920004366C28108228361C0E90033C0E9043361
:10B930005C3008F0B5FA0D4B246263620C4BA362D5
:10B940000C4BE3620C4B23630C4B9C4206D003F17F
:10B950006802944202D0D0339C4205D104F15800D1
:10B96000BDE8104008F0A4BA10BD00BF193E0200A7
:10B970003B3E0200733E0200993E020078380020F0
:10B98000024A0349034808F029BA00BF18400020C2
:10B99000FB3F02002840002041680C4B994210B543
:10B9A000044601D008F029FBA168094B994202D056
:10B9B000204608F022FBE168064B994204D020465D
:10B9C000BDE8104008F019BB10BD00BF783800205A
:10B9D000E0380020483900200C4B04210C4A0D4867
:10B9E00010B51A600022FFF795FF0A4B01220921CA
:10B9F0001C4603F16800FFF78DFF022204F1D0001E
:10BA00001221BDE81040FFF785BF00BFB03900200C
:10BA100081B9010078380020014808F04ABA00BF17
:10BA2000513D0020014808F045BA00BF513D0020BB
:10BA300010B50446FFF7F0FF236A1BB1BDE81040C4
:10BA4000FFF7F0BF044B2362044B1B68002BF5D1BA
:10BA5000FFF7C2FFF2E700BF99B90100B03900203B
:10BA60000EB403B503AB0146054853F8042B006838
:10BA7000019300F071F802B05DF804EB03B0704779
:10BA80002440002038B50023054D044608462B60AD
:10BA9000F8F740F8431C02D12B6803B1236038BD8E
:10BAA000B439002038B50446064D08461146002238
:10BAB0002A601A46F8F73BF8431C02D12B6803B101
:10BAC000236038BDB439002038B50446064D084619
:10BAD000114600222A601A46F8F72BF8431C02D1BF
:10BAE0002B6803B1236038BDB439002038B5044653
:10BAF000064D0846114600222A601A46F8F71BF840
:10BB0000431C02D12B6803B1236038BDB439002037
:10BB100070B50D4B00260D4D5B1B9C10A64209D144
:10BB20000B4D0AF02DFC0B4B00265B1B9C10A64214
:10BB300005D170BD55F8043B01369847EEE755F83E
:10BB4000043B01369847F2E7C4400020C040002083
:10BB5000C4400020C84000202DE9F04F0D469DB0A4
:10BB600014469846064618B1036A0BB9FFF760FF02
:10BB70006B6ED90705D4AB899A0502D4A86D08F07D
:10BB800098F9AB891B0701D52B699BB9294630462B
:10BB900000F09AFA70B16B6EDC0704D54FF0FF30FD
:10BBA0001DB0BDE8F08FAB899805F7D4A86D08F0FB
:10BBB00081F9F3E70023CDF80C804FF00109DFF89D
:10BBC000B481099320238DF8293030238DF82A3051
:10BBD00023469A4613F8012B0AB1252AF9D1BAEB6C
:10BBE000040B0BD05B4622462946304608F081F90B
:10BBF000013000F0A780099A5A4409929AF800305F
:10BC0000002B00F09F8000234FF0FF320AF1010A61
:10BC1000049307938DF853301A93CDE905235446C6
:10BC20000522544814F8011B08F090FA049AD8B978
:10BC3000D10644BF20238DF85330130744BF2B2374
:10BC40008DF853309AF800302A2B15D0079A5446B5
:10BC500000204FF00A0C214611F8013B303B092B24
:10BC60004BD9B0B1079214E0A0EB0803A24609FA41
:10BC700003F313430493D2E7039B191D1B68002BA6
:10BC80000391BBBF5B4242F0020207930793B8BF28
:10BC9000049223782E2B0AD163782A2B32D1039B6E
:10BCA00002341A1D1B6843EAE37303920593DFF81D
:10BCB000D4A003222178504608F048FA38B1A0EB0E
:10BCC0000A004022049B013482401343049314F879
:10BCD000011B062228488DF8281008F037FA0028A2
:10BCE0003FD0264B1BBB039B073323F007030833CE
:10BCF0000393099B3B4409936AE70CFB02320C4611
:10BD00000120A8E7002301344FF00A0C19460593DF
:10BD1000204610F8012B303A092A03D9002BC6D04F
:10BD20000591C4E70CFB012104460123F0E703ABB6
:10BD30002A4604A930460093114BAFF30080074612
:10BD4000781CD6D16B6ED90705D4AB899A0502D47D
:10BD5000A86D08F0AFF8AB895B063FF51FAF0998F7
:10BD60001EE703AB2A4604A930460093044B00F0BB
:10BD70000BF8E4E7B9870200C38702000000000067
:10BD8000F33E0200BF8702002DE9FF470F7E914678
:10BD900080460C46782F9A460C9E01F1430207D844
:10BDA000622F0AD8002F00F0D280582F00F0B78001
:10BDB00004F1420684F842703AE0A7F16303152BC0
:10BDC000F6D801A151F823F021BE010035BE0100D3
:10BDD000B1BD0100B1BD0100B1BD0100B1BD0100A7
:10BDE00035BE0100B1BD0100B1BD0100B1BD010012
:10BDF000B1BD010035BF01005FBE0100EBBE010017
:10BE0000B1BD0100B1BD010057BF0100B1BD0100CE
:10BE10005FBE0100B1BD0100B1BD0100F3BE010074
:10BE200033681A1D1B68326004F1420684F8423000
:10BE300001239DE033682068191D3160060601D595
:10BE40001D6803E04506FBD5B3F90050002D03DA69
:10BE50002D236D4284F8433059480A2310E02168AD
:10BE60003368080653F8045B02D4490648BFADB2F4
:10BE70006F2F5348336059D10823002184F84310B1
:10BE80006668002EA66005DB21682E4321F00401C0
:10BE900021604DD01646B5FBF3F103FB1157C75D8A
:10BEA00006F8017D2F460D46BB42F4D9082B0BD175
:10BEB0002368DF0708D5236961689942DEBF302314
:10BEC00006F8013C06F1FF36921B22614B4603AA9D
:10BED00021464046CDF800A008F01DF801304CD1B5
:10BEE0004FF0FF3004B0BDE8F087236843F0200333
:10BEF000236078273348236884F845701F0631682B
:10BF000051F8045B02D45F0648BFADB23160D90777
:10BF100044BF43F0200323601DB11023ADE7284840
:10BF2000E9E7236823F020032360F6E70A23A4E768
:10BF30001646BBE733682568181D616930602E0618
:10BF40001B6801D5196002E06806FBD51980002343
:10BF500016462361BAE7336800211A1D32601E6855
:10BF60006268304608F0F2F808B1801B60606368D0
:10BF70002361002384F84330A8E723693246494609
:10BF80004046D0470130ABD023689B0713D4E0680C
:10BF9000039B9842B8BF1846A4E70123324649469E
:10BFA0004046D04701309BD00135E36803995B1AC6
:10BFB000AB42F2DCEBE7002504F11906F5E700BF20
:10BFC000CA870200DB870200B1F90C202DE9F0419D
:10BFD000160705460C4651D44B68002B02DC0B6C4F
:10BFE000002B49DDE66A002E46D0002312F4805271
:10BFF0002F682B6031D0626DA389590705D563681E
:10C00000D21A636B0BB1236CD21A0023E66A216A41
:10C010002846B047421CB4F90C3006D129681D29C6
:10C0200045D8284ACA40D60741D50022D9046260C3
:10C030002269226004D5421C01D12B6803B96065D6
:10C04000616B2F60C1B104F14403994202D02846CC
:10C05000FAF732FB002363630EE00123216A2846CE
:10C06000B0470246501CC7D12B68002BC4D01D2BF3
:10C0700001D0162B19D12F6000201DE00F69002F71
:10C08000FAD093070E680F600CBF4B690023A6EB34
:10C0900007088B60B8F1000FEEDD43463A46216A8F
:10C0A0002846A66AB047002808DCB4F90C3043F0F3
:10C0B00040034FF0FF30A381BDE8F0810744A8EBB7
:10C0C0000008E7E70100402038B5284B05460C463C
:10C0D000186818B1036A0BB9FFF7AAFCB4F90C3061
:10C0E0001A0721D4D80607D409222A6043F0400356
:10C0F0004FF0FF30A38130E0590712D5616B41B199
:10C1000004F14403994202D02846FAF7D5FA0023F5
:10C1100063630022B4F90C30626023F024032269C7
:10C12000226043F00803A38122693AB99A0501D538
:10C13000180603D52146284608F047F8B4F90C3014
:10C1400013F001020AD00022A26062695242A26189
:10C15000226942B913F08000C8D138BD990758BF91
:10C160006269A260F4E70020F7E700BF24400020E6
:10C17000024B0146186807F0BFBF00BF24400020F3
:10C1800038B50023064D0446084611462B60F7F7E4
:10C19000CBFC431C02D12B6803B1236038BD00BF28
:10C1A000B439002038B50023064D04460846114630
:10C1B0002B60F7F7B3FC431C02D12B6803B123605B
:10C1C00038BD00BFB439002038B50023054D044602
:10C1D00008462B60F7F7A6FC431C02D12B6803B17D
:10C1E000236038BDB4390020024B0A460146186866
:10C1F000FAF765BA24400020024B01461868FAF7A6
:10C200004EBA00BF24400020024B01461868FAF7DE
:10C2100053BA00BF244000200CB4194B30B50C1E9B
:10C220009DB01D6808DA8B234FF0FF302B601DB0E6
:10C23000BDE8304002B070474FF4027302900690A0
:10C2400002A9ADF814304FF00003209A28461B9342
:10C2500014BF04F1FF332346049307934FF6FF7393
:10C26000ADF8163021AB019300F01AF8431CBCBFA7
:10C270008B232B60002CDAD0029B00221A70D6E7A9
:10C280002440002007B5009313460A4601460348A0
:10C29000006807F0D3FF03B05DF804FB24400020E2
:10C2A0002DE9F04F98468B899DB007461B060D4639
:10C2B000144610D50B6973B94021FAF7F0F92860DC
:10C2C000286130B90C233B604FF0FF301DB0BDE852
:10C2D000F08F40236B610023CDF80C804FF00109F3
:10C2E000DFF8A081099320238DF8293030238DF8C1
:10C2F0002A3023469A4613F8012B0AB1252AF9D190
:10C30000BAEB040B0BD05B4622462946384607F0B1
:10C31000DDFF013000F0A780099A5A4409929AF88B
:10C320000030002B00F09F8000234FF0FF320AF115
:10C33000010A049307938DF853301A93CDE905232E
:10C34000544605224F4814F8011B07F0FFFE049ADB
:10C35000D8B9D00644BF20238DF85330110744BF0D
:10C360002B238DF853309AF800302A2B15D0079ADA
:10C37000544600204FF00A0C214611F8013B303B97
:10C38000092B4BD9B0B1079214E0A0EB0803A246E9
:10C3900009FA03F313430493D2E7039B191D1B68A7
:10C3A000002B0391BBBF5B4242F00202079307934D
:10C3B000B8BF049223782E2B0AD163782A2B32D16E
:10C3C000039B02341A1D1B6843EAE373039205932F
:10C3D000DFF8C0A003222178504607F0B7FE38B13D
:10C3E000A0EB0A004022049B0134824013430493D3
:10C3F00014F8011B062224488DF8281007F0A6FE29
:10C40000002836D0214B1BBB039B073323F00703C7
:10C4100008330393099B334409936AE70CFB023208
:10C420000C460120A8E7002301344FF00A0C1946FE
:10C430000593204610F8012B303A092A03D9002B26
:10C44000C6D00591C4E70CFB012104460123F0E7A7
:10C4500003AB2A4604A9384600930D4BAFF3008086
:10C46000421C0646D6D1AB895B063FF52DAF099835
:10C470002CE703AB2A4604A938460093044BFFF788
:10C4800083FCEDE7B9870200C387020000000000CB
:10C49000CD420200BF870200014807F0CABF00BFBB
:10C4A000690345EC1046044A1368591E033102D84B
:10C4B000002111601847704774400020034B186832
:10C4C000034B002808BF1846704700BFB83900204A
:10C4D000B08D0200014808F079B900BFC0390020D2
:10C4E00013B50B4C0229226005D10A4808F06EF9F9
:10C4F000002002B010BD0A4600930146064B0548D5
:10C5000008F045F9003818BF01204000F1E700BFEE
:10C5100074400020C0390020A5C40100014808F083
:10C5200066B900BFC03900200021014808F081B978
:10C53000C039002008B5064B1B68013305D0FFF752
:10C54000EDFF80F00100C0B208BD0020FCE700BF95
:10C55000744000202DE9F843DFF860900646D9F8D2
:10C56000008008461746B8F1000F03D00E2420467D
:10C57000BDE8F88306B3336801331DD1E1B100F0A3
:10C5800075F805460028F1D0C9F8000000F0DAF887
:10C59000284607F058FF044640B14046C9F80080DD
:10C5A00000F0D0F8284607F046FFE0E73560002F9E
:10C5B000DDD02846B847DAE72124D8E7BC39002087
:10C5C000024B1868003818BF01207047BC390020A2
:10C5D00038B50C4601F0EEFDA3780B4A13705A1ED5
:10C5E00055425541A8420CD0012B04D02846BDE845
:10C5F000384001F0C7BD204601F0B4FD0028F5D059
:10C6000038BD0020FCE700BF523D0020002108B5E6
:10C61000024B08465B689847002008BD9040002008
:10C6200010B5FFF74BFF0D4B0C461A1A53425341FE
:10C630008B4201D1002010BD094B1B683BB9094A50
:10C64000064B002C08BF1346074A1360F2E708F0B8
:10C6500012FA0028F3D00220EDE700BF888D020017
:10C66000BC390020B08D0200B8390020F8B504466E
:10C6700009F079FD002607460E4B1B6893B19E68B2
:10C68000AEB196F82420D20711D435460FCC0FC591
:10C690000FCC0FC523682B6096F8243043F00103BC
:10C6A00086F82430384609F059FD3046F8BD1B683D
:10C6B000E4E700BF84400020431E033306D8044B48
:10C6C000984228BF1846642838BF6420704700BFCE
:10C6D00040420F0038B5184B05461B680C4603B1A5
:10C6E000984744B1236833B11B68013303D0E36832
:10C6F0000BB1A36843B908F071FC002091224121DD
:10C7000000F0CCFA212038BD204603F069FA00235E
:10C710000A4A85F84831C5E93A43136053606369B2
:10C7200043B1074A42211068B322C31A5842584104
:10C7300000F0B4FA0020E6E7143C00207840002026
:10C74000783C002010B5044618B9054B054A136023
:10C7500010BD00F08FFDD4F8F430002BF6D1F4E7D3
:10C760000745020088400020084B10B4002A14BF7F
:10C7700014461C46064B1C6019B15DF8044B07F0CB
:10C78000CFBE08465DF8044B704700BF0745020066
:10C790008840002008B502460868FFF78DFF086052
:10C7A0004868FFF789FF48608868FFF785FF886061
:10C7B000C868FFF781FF0B69C860581C03D00B489D
:10C7C000834228BF03460B614B69581C03D00748BE
:10C7D000834228BF034688694B61FFF76DFFBDE8C0
:10C7E00008408861104601F049BC00BF40420F007C
:10C7F000D0F8EC302DE9F04105460C4613B1C38D5D
:10C800008B424ED0D5F8E830002B4DD09E68002EDC
:10C810004AD0D868002847D0013800B200281DDB74
:10C82000002107E0128A0CF10101A24219D209B2DB
:10C83000884213DB0B1803EBD3735B1003EBC302CB
:10C8400006EB8202B2F80EE01FFA83FCA6450CF15B
:10C85000FF3EE7D90FFA8EF08842EBDA2120BDE8DF
:10C86000F0814FF6FF729445F8D09BB203EBC303FF
:10C8700006EB83062846B6F9122095F83C11D5F848
:10C88000FC80FAF787FB0746B8F1000F04D00023BD
:10C89000324628461946C047EC85C5F8EC6085F855
:10C8A00045710020BDE8F0810E20BDE8F08100BF99
:10C8B0002DE9F04782B004460E46904601F080FC18
:10C8C000002877D15D4D2F68D4F8E8A0D4F8EC901B
:10C8D0001FB1574500F090800027AE6002F0BCF811
:10C8E0000128064604D001210022084607F0DAFD9F
:10C8F000204608F04AFA002860D12B68DAF80010C8
:10C90000D9F800201BB11868884200F081802046C9
:10C9100008F00CFAB7B1B8F1000F13D1204601F0BE
:10C92000C7FE0546D4F89830002B3CD1012E05D027
:10C9300025B1434B002103205B689847284602B08D
:10C94000BDE8F0873F4BC5F800A01A78C5F8049001
:10C950008DF80780002A40D1D4F8FC50002D5FD01C
:10C96000114620460DF10703A847204601F0A0FE1E
:10C97000054617B1B8F1000FD4D0B5FA85F040F2F2
:10C9800005423321400900F089F94146204601F073
:10C9900073FF2D4B49461B68054620469847D4F83F
:10C9A0009830002BC2D000224FF40073204600F0D4
:10C9B00071FCBBE70023214D6B6084E794F82530C0
:10C9C000DA079AD5D4F8A0305B0596D51F4B012223
:10C9D000002120461B6898478FE7D4F8EC30B4F963
:10C9E000461023B1B3F912309942A8BF1946424606
:10C9F000204601F0A9FDB8E76F68002F3FF46DAF46
:10CA00004F457FF469AFAB68B34215D0012764E7A7
:10CA1000696819B1096891423FF47CAF596876E7BB
:10CA200094F82A1094F845314246994228BF194695
:10CA3000204601F04FFD98E700257FE77840002071
:10CA4000904000207C87020088400020183C002095
:10CA5000F8B505460E4609F086FB314607462846DE
:10CA6000FFF7C6FE044620B1384609F077FB2046A2
:10CA7000F8BD01F0CDFF224631462846FFF718FFEA
:10CA800004460028F0D1284608F07FF90028EBD0B2
:10CA900095F8253013F001030DD0D5F8A0205205EC
:10CAA0000DD5B5F83621B24205D0B5F838319B1B0B
:10CAB000B3FA83F35B09034A82F8C430D4E7234610
:10CAC000F9E700BF001E00B070B504460E4609F03D
:10CAD0004AFB314605462046FFF7BAFF044620B917
:10CAE000044B01465B6803209847284609F036FB53
:10CAF000204670BD9040002070B5044600200D46D1
:10CB000008F070FA094B1B784BB9D4F8FC6036B1C9
:10CB100029462046B446BDE870401A46604729467B
:10CB20002046BDE8704008F0F0B800BF7C870200E6
:10CB300013B56946044607F085FD0C4B1B783BB1E5
:10CB40009DF800300D2B03D0B4F94C0002B010BD9D
:10CB5000204607F0D1FFFF28024605D020469DF869
:10CB60000010FAF719FAF1E70148EFE77C870200B5
:10CB70000080FFFF30B4064DBDF908402D781DB18F
:10CB8000029430BC08F0C4B80E2030BC704700BF1F
:10CB90005B3D00202DE9FF4106460D4690460AB94F
:10CBA000D0F898804146304607F05CFD18F0010F40
:10CBB00002D0304605F07EFB02F0FEFC244B04461A
:10CBC0000FCB6F468DE80F006DB1FF2C0DBF2B68AA
:10CBD00004AB55F8242000930BBF6B6803EB840370
:10CBE000019343F8102C18F4803F17D122463946A0
:10CBF000304608F069F970B96DB1FF2C0FBF009B8A
:10CC000004AB03EB840353F8103C05BF2B60019B7E
:10CC100045F824306B6004B0BDE8F081FF2C0BD1E7
:10CC2000009B01330ED0019B01330BD022463946C5
:10CC3000304608F067F9DEE704AB03EB840353F8F2
:10CC4000103CF1E722463946304607F0DBFBD2E7DD
:10CC5000E48D020008B50B460249194007F0F4FCC8
:10CC6000002008BD07001100024B1860024B19603C
:10CC7000FEE700BFD83B00208C40002038B5044DB3
:10CC8000044C054B286021601A60FFF7EDFF38BDAA
:10CC9000D83B00208C400020DC3B002010B550B970
:10CCA0000548064B0160064802601868054B18608D
:10CCB0001868FFF7E3FF10BD8C400020BC3900204E
:10CCC000DC3B0020D83B0020054B1B680BB9184605
:10CCD0007047834201D01B69F8E70120704700BF0D
:10CCE000E43B002018B10A4B1A680AB91046704795
:10CCF0001A68824207D1026901201A60054A136846
:10CD0000013B1360704702F110031269EDE700BFA9
:10CD1000E43B0020E03B00202DE9F74F064609F0F8
:10CD20002BFADFF82081012398F800B0DFF8189182
:10CD30000190BBF1000F06D089F8003003B0BDE8C8
:10CD4000F04F09F014BA3D4F88F8003089F800B070
:10CD500007F0A3FD08B107F09EFD3D6838495DB9B5
:10CD6000DFF8E8A0DAF800200024AA423B682ED8B9
:10CD70004FF0FF31324838E06B7D8BB12B68B34206
:10CD800002D09A1B8A420BD96A6813442B60AB68A5
:10CD9000003A18BF0122003B18BF01236A75AB752A
:10CDA0002D69DCE7907D20B1107D88429CBF014653
:10CDB00014461269002AF5D1002CD9D094E80B0052
:10CDC000A275411AE268204698470135CAE71A461B
:10CDD000FF21EFE75A7D3AB11A68B24228D0921B80
:10CDE000824225D8914226D21B69002BF2D15CB138
:10CDF0002046FFF777FF38B13B683C602361DAF8E3
:10CE000000300133CAF800303B685C7D1CB1186803
:10CE100000F0DEF8044607F03CFD0646002C95D1F4
:10CE200099F80030002B91D1019888F8004085E7EF
:10CE30001C460021D8E711461C46D5E7E43B0020FC
:10CE4000FCFFFFBF543D0020533D0020E03B00208D
:10CE500038B5054610B31822002107F021F809F073
:10CE60008BF902462846FFF72FFF20B1104609F044
:10CE70007EF9022038BD0A4B1C6854B909491D606F
:10CE80000B68104601332C610B6009F070F92046E5
:10CE9000F0E719680C6901F11003EEE72120E9E7DA
:10CEA000E43B0020E03B002038B50446FFF70CFFD0
:10CEB00009F062F905462046FFF706FF637D23B9B6
:10CEC000284609F054F90E2038BD00236375064B3F
:10CED0001B68A34203D107F0DCFCFFF71DFF2846C7
:10CEE00009F045F90020EFE7E43B00202DE9F84F79
:10CEF000DDF82890984604460D469246FFF7E4FE7A
:10CF0000DDF830B009F038F9074607F0C2FC0646F4
:10CF10002046FFF7D9FE637D23B12046FFF7C4FF0B
:10CF20000023A375BAF1010F21D175B9B8F1000F33
:10CF30001FD1B9F1000F03D05A4631462046C847E9
:10CF4000384609F014F9002017E035440C4BAA1BB1
:10CF50009A420ED8012363759DF82C30304684E840
:10CF600020032375C4F80CB0FFF7D6FEE8E7AE4205
:10CF7000ECD1384609F0FBF82120BDE8F88F00BF5E
:10CF8000FCFFFFBF2DE9F04107468846FFF79CFEF6
:10CF900009F0F2F83D68064607F07BFC7B7D7BB12B
:10CFA00085420DD0094B2C1A9C4209D8304609F015
:10CFB000DEF8B8F1010F08BF25462846BDE8F0812C
:10CFC000304609F0D4F80025F7E700BFFCFFFFBFAB
:10CFD0000023024A194600F047BA00BF5D4802002C
:10CFE0002DE9F0418AB001AB0C46054624221846D3
:10CFF000134907F0B9F80027002C08BF044638464B
:10D0000004F10C0690B95FFA87F842462846218859
:10D0100007F0BEFE50B942462846E18807F0C9FE37
:10D0200020B942463146284607F0D6FE0137032F85
:10D0300006F1080604F10204E4D10AB0BDE8F0816B
:10D04000188E0200F0B589B005460E4607F0DCFEEA
:10D05000044600BB01AC06F10C070FCF0FC497E8E4
:10D06000070084E8070001A92846FFF793FB28463C
:10D07000311D07F009FB044648B92846074900F06E
:10D0800053FF044618B9284602F01EF80446284605
:10D090003168FFF7A5FF204609B0F0BD108E0200F1
:10D0A000024BD868C0F30360704700BF000002B8AD
:10D0B0002DE9FF478F7881460F2F0C4603D9212099
:10D0C00004B0BDE8F08727B901223D4B00201A705B
:10D0D000F6E70E784D78002E3DD1002DEFD1AE420F
:10D0E000E088B24638BFAA4603F00EFDC30943EA02
:10D0F0004163C01A61EBD11103F03AFDFF2880466D
:10D10000DDD0A08803F0A8FD2E4B354301461A88D8
:10D110004FF60400002D4AD1824208D12A48006E01
:10D1200080B290420ABF4FF6050218801A80B1F50E
:10D13000803F254B14D902224FF0080A1A6680223C
:10D1400056464908C3F880204FF6FF7301399942CB
:10D1500028BF19460EE0082EB1D8082DAFD8BEE77B
:10D1600001224FF0080A1A6680225646C3F8802032
:10D170000029E9D1002302930123013FFFB200936C
:10D1800032465346019709F5827003F0E7FB1DB95B
:10D190004FF480120D4B5A65404694F9031003F08A
:10D1A00003FDA2680A4B1A600222054B8EE78242F9
:10D1B0001EBFDFF814C0CCF860201880D8E700BF8D
:10D1C000553D0020AC40002000C001B800D001B89F
:10D1D000F43B002010B5054C237823B104F096FBF6
:10D1E0000020207010BD0E20FCE700BF573D00203E
:10D1F00008B504F075FB0122014B00201A7008BD30
:10D20000573D0020F8B504460F46164608F0ABFF20
:10D210000546A047044620B1284608F09FFF204657
:10D22000F8BD06F06FFA04220549D1F8D83E23EA8A
:10D2300007033343C1F8D83E024B1A67ECE700BF3F
:10D24000001000B0002002B800F01803182B0AD01C
:10D2500003070AD410F0100F40F2011308BF002397
:10D26000034A136570470023FAE70123F8E700BF7C
:10D27000001F00B038B10368044A002B08BF1346F2
:10D28000034A13607047014BFAE700BF714902007F
:10D29000A040002010B4D0E9564122400B4052EA91
:10D2A000030104D003495DF8044B096808475DF8A1
:10D2B000044B7047A04000200F2938B505460C46A6
:10D2C0000ED801F0C9FB01280CD1074A2846D36BC0
:10D2D00023F00F032343D36307F0E7FD002038BD9D
:10D2E0002120FCE70220FAE7001F00B008B50E4B32
:10D2F0001A6F12F0A00F13D15B6F5B0712D40B4BA8
:10D30000D3F8D83E23F07F4323F0FF0353B1FFF758
:10D31000C7FE6FF4905343FA00F000F0010008BD1F
:10D320000020FCE70120FAE7000002B8001000B07E
:10D3300070B50D46064620B91A4B1B68EBB10E209E
:10D340001AE001F089FB012827D1174BD6F8F0002D
:10D3500093F9004007F0A6FC0022C4F11C04241A33
:10D36000641BC4F11C03002BB8BF5B42232B16DCEB
:10D370003AB10D4B1D70002070BD0122C1F11C049B
:10D38000EFE786F8285008F0EEFE054660B200F0A0
:10D39000FFFF284608F0E2FEEDE70220ECE721203F
:10D3A000EAE700BFBC390020563D002010B5044616
:10D3B00007F0EBFC10B1012001F076FE204601F0F1
:10D3C000E5FA08F0D0FE0A4A0121D2F8A03004465E
:10D3D00023F02003C2F8A0300222064B08469A60D0
:10D3E000054B5B689847204608F0B8FE002010BD4A
:10D3F000001E00B0001002B89040002008B507F0F1
:10D40000B8FA8022024BD864024B1A6108BD00BFF3
:10D41000001F00B0000002B8014B1868704700BF41
:10D42000003C002037B508F09EFE012300220024B6
:10D4300000930023054619461046019405F07CFF31
:10D44000022003F07DF9064B21461C60054B0220AB
:10D450005B689847284608F081FE204603B030BD3F
:10D46000083C0020904000202DE9FF4102290C4695
:10D4700015469846039005D1FFF7D4FF002004B06D
:10D48000BDE8F08108F06FFE1E4E0746336853B1C9
:10D49000AB4208D00024384608F060FE002CEDD1E5
:10D4A00021203460EBE7184B0022C3F80080356080
:10D4B000002301254FF000081046194601950095FC
:10D4C00005F03AFF114B022083F8008003F038F991
:10D4D00022464346022003A903F050F90C4B039A5D
:10D4E00004461A600028D5D0DFF82880D8F800302C
:10D4F00098472128CFD12946D8F8043002209847F0
:10D50000C9E700BF083C0020043C0020593D002032
:10D51000003C002090400020034B5B6E5B055ABF2F
:10D52000024B18780120704700C001B8593D002017
:10D5300010B590F827300446023B022B05D84B7CEF
:10D5400003B3012B20D0022B20D0D4F860311B066E
:10D5500013D58B8A1A2B10D9D4F8A410084607F0DB
:10D5600021FA0D2814D00F2810D0102810D011281F
:10D570000CD001F0FD010D290AD02046BDE8104075
:10D5800007F092BA034810BD0348FCE70348FAE7E6
:10D590000348F8E720A1070048E8010040420F00D7
:10D5A00080841E000A78022A11D0101F4242424194
:10D5B00052004B781201022B0BD0191F4B424B41EA
:10D5C0005B000549054842EA8312FFF71BBE0122B2
:10D5D000EFE70123F5E700BFF0FFFF00A1EA01003C
:10D5E0000B78022B10D0181F434243415B004A784E
:10D5F000022A0BD0111F4A424A4152000F2104480F
:10D6000043EA8202FFF7FEBD0123F0E70122F5E7BE
:10D61000CDEA0100D0F8B43010B5994204460ED0DE
:10D62000C0F8B41002F068FD0649A4F840010123D7
:10D63000054AD1F8FC1004F5827004F00BFF0020BD
:10D6400010BD00BF001F00B0581F00B02DE9F74FFC
:10D6500004468B4615461E46FFF748FE20B3A38AB4
:10D6600013B3204607F076F878B9002E40F0E68034
:10D67000734BD3F8D83E03F03002102A00F0DE805E
:10D6800003F0C003402B00F0D9806E4F7B69DB07AD
:10D6900040F1D48008F067FD0646032003F054F9FA
:10D6A00030B1304608F05AFD022003B0BDE8F08FDB
:10D6B0007A6912F0060AF4D1304608F04FFD604B4B
:10D6C0004FF400612046D3F8D89ED3F8AC8E06F014
:10D6D00081F948B14FF4007601215B4F524608466C
:10D6E0003E6706F0DFFE3E6794F82530DF0707D57A
:10D6F000D4F8A0305E0542BF4FF40022534B1A67A6
:10D7000059462046FFF7A4F94D4BC3F8D89EC3F8FD
:10D71000AC8E0028C9D194F82430980601D4002D8D
:10D720004DD0C5F3400005F049F8022315F4807F81
:10D730001BBF0021454A444A136717BF444A136779
:10D740005161136305F0DEFF4FF4806315F0040FA1
:10D7500014BF404A404A3C4E536204232846336774
:10D76000FFF772FD204607F0F0F938B14FF48073EF
:10D7700015F0010F16BF354A33671367A90647D561
:10D780004FF6FF72B4F8403093420FD0334A344919
:10D79000526E100CC2F301120132B3FBF2F3088097
:10D7A0002C4A2D492F481B0448665366003D18BF7C
:10D7B000012594F8243065F3451384F8243020467D
:10D7C00007F0E3FAF0B1204607F0BFF9D0B14FF40B
:10D7D0000031204606F0FEF8431C03229BB201A94B
:10D7E000214807F0F2FB9DF804209DF8053002F077
:10D7F0000701052915D112070DD443F480731B4A84
:10D80000C2F8B830002003B0BDE8F04F07F0EABB23
:10D8100001F0DEF8CAE713F0040F09D19DF80630D5
:10D82000EBE703F03002202A05D113F0010FF4E7F3
:10D830004FF48073E3E79DF80630E0E70E2034E70D
:10D84000001000B000C001B8002002B8001002B8FB
:10D8500000400054005001B8006001B8004001B819
:10D86000AE4000200000FFFF08400054001E00B042
:10D870002DE9F3410646884615461F4608F073FC1D
:10D880000446032003F060F838B1204608F066FC37
:10D890000E24204602B0BDE8F081042003F054F8C5
:10D8A0000028F2D1204608F059FC01232A464146BF
:10D8B0003046FFF7CBFE04460028EAD1DFF8BC80F3
:10D8C0006FB188F8000039463046FFF7F1FB50B9D8
:10D8D00098F80030012B08D104F05AFFD9E798F8E6
:10D8E0000030002BF4D12124D3E720221D4B01204E
:10D8F0001A671D4BDB6CB3F5817F22BF80221B4B67
:10D900001A6107F0B1FB08F02EFC194B06461B68A4
:10D9100001938BB903F074F815F080051ED1012036
:10D9200003F0D6F815B9284604F01CFF114B01216D
:10D930005B68002098470DE0042002F001FF0023FF
:10D940000122042001A902F019FF0028E2D104F00D
:10D9500069FF2124304608F001FC9AE70022064BBB
:10D960009A67DCE7001002B8001F00B0000002B8A0
:10D97000F43B00209040002000C001B8553D00203D
:10D9800010B50C4619B107F000FA04EB80042046EC
:10D9900003F062F9024B4042C3F8C80E002010BDEC
:10D9A000001000B0838E70B593420C4615461BD311
:10D9B000036D8B4208BF002408F0D5FB0646FFF735
:10D9C0006FFB4FF49C53C340DA0703D5074B1B6F23
:10D9D0009B0304D401222946204601F0BDFE3046B7
:10D9E00008F0BCFB002070BD2120FCE7000002B85D
:10D9F0002DE9F0470B460746164611B92120BDE830
:10DA0000F087002AFAD0032905D8002202F006F890
:10DA100003460028F2D01C889978B4F5804F01F0B5
:10DA2000070080F0C580A0F1070C1A7993F805A0D3
:10DA3000DD88DCF1000343EB0C030528337394BF4E
:10DA40000023C1F30013C1F3801C73738B0986F8A4
:10DA500010C003F00203C1F3C00C43EA0C03C1F38E
:10DA600040117374B174B582002A40F0838097F836
:10DA70002A31013BDBB2F374D7F8A030D90600F1AC
:10DA80008280063801287ED80020B7F81280D7F8A7
:10DA90001C9008F1FF38474B083C04EA08045B6D12
:10DAA00019F80430B060802B1CBF323BDBB2B3737B
:10DAB00097F827300134FF2B04EA080435D1631DA1
:10DAC00003EA08035A1C02EA080219F8022019F8AE
:10DAD000033043EA0223DA041DB24DD5D7F8F03003
:10DAE00013B11B68022B05D841F2C2324C21002031
:10DAF000FFF7D4F8D7F8F030C5F30B0093F82430D3
:10DB0000C0000BB1B0FBF3F082453AD838B1CAEB94
:10DB10000A2ABAFBF0FA6FEA0A0A5FFA8AF0D7F823
:10DB2000F83013B196F90E109847631CF07303EAAE
:10DB3000080319F80310013303EA080319F8032056
:10DB4000013303EA080341EA022119F803200133F3
:10DB500003EA080319F8030041EA0241002341EAFD
:10DB60000061727C384604F01FFD062330600020FF
:10DB7000B37144E7531E7DE719F804004000C0B2BA
:10DB8000CDE70020CBE70023F3730B4B5B691A0A48
:10DB90001B0406D4D3B2323BDBB2B3730023336031
:10DBA000E5E762F0FF0352B28032F4D18023F4E75C
:10DBB000022024E7004000B800C000B838B5054690
:10DBC000084B808A9C6A41F21652C4F30C04A042AE
:10DBD00034BF002001200821FFF760F8A88A001B4D
:10DBE00080B238BD0040005470B506460D4614465C
:10DBF0006BB107F099F8B08AA04228BF204684B2E2
:10DC000022462946034801F053FD204670BDFFF728
:10DC1000D5FFF1E70840005438B5148811F003052A
:10DC20004FEAC40422D13F2C20D9B4FA84F4C4F1C1
:10DC30001903DBB2052B01D8192C15D0052B28BFF1
:10DC4000052301240633DBB29C40C4F3CF031380C9
:10DC500003828161448701F0A7FD054A631E2343C7
:10DC6000C2F8A430284638BD2B46EAE72125F9E75B
:10DC7000001E00B0082310B1024A13677047024A21
:10DC8000FBE700BF001002B8002002B82DE9F743FF
:10DC9000DDF828800746894616461D4608F063FAD7
:10DCA0000446032002F050FE38B1204608F056FA30
:10DCB0000E24204603B0BDE8F083484B20465B6944
:10DCC00013F0060FF2D108F049FA01233246494613
:10DCD0003846FFF7BBFC04460028EAD1002D6CD083
:10DCE000B8F1000F69D03E4C2368002B05DAF7F736
:10DCF000E7FB002803462060DADB184604224FF4D5
:10DD00003C51F7F7CFFBA42200212068F7F7F4FB82
:10DD10004FF48072314B414638469A65FFF7C8F997
:10DD200000284AD12F4B1B78012B46D020222E4BA6
:10DD300001201A672D4BDB6CB3F5817F22BF802257
:10DD40002B4B1A6107F090F908F00DFA294A0746A3
:10DD50001368B3B129682C790B441360019383B124
:10DD6000042002F0EDFC00232246042001A902F069
:10DD700005FD30B904F056FD2124384608F0EEF9CF
:10DD800097E702F03DFE16F0800018D00022134BFA
:10DD90009A67687901A9431E58425841FFF76AFF04
:10DDA0002B68032001932A79082302F0E7FC48B985
:10DDB00004F038FD384608F0D1F9212479E704F061
:10DDC000D1FCE6E70C4D2B68984721280446D4D1B6
:10DDD000012100206B6898470024CEE700C001B8FD
:10DDE00098400020553D0020001002B8001F00B0F0
:10DDF000000002B8F43B002090400020054A126861
:10DE00001AB190F82A1119B91047084603F062BAFE
:10DE100001487047EC3B002000FEFFFF374B2DE927
:10DE2000F7431C6801F4007900F00103174653EA38
:10DE3000090206460D463AD04FF0000863B30023AE
:10DE4000002200210120CDF80480CDF8008005F0EB
:10DE500073FA042002F074FC41462046FFF7CEFF1F
:10DE6000012241462086DFF8A880104606F01AFB02
:10DE7000D4F8A01094F8270003F0C6FAD8F80000F0
:10DE800000F0D4F94FF0FF33C8F8003094F8243094
:10DE900043F0040384F82430B9F1000F07D00121C6
:10DEA000204607F08FF925F4007506430D432B46F5
:10DEB00032462046FFF7EEF9FB070FD51049114A0D
:10DEC000086800211368116001210F4A117003B125
:10DED00098470E4B002102205B68984717F00E0F01
:10DEE00008D04FF4EC723B21002003B0BDE8F043B2
:10DEF000FEF7D4BE03B0BDE8F08300BFBC390020FC
:10DF0000043C0020083C0020593D002090400020A7
:10DF10009C40002008B548220021024805F0C0FFBF
:10DF2000002008BDDC1E00B010B50C46FFF7F2FF64
:10DF3000BCB1A378082B16D8E278082A13D843EA94
:10DF4000021313F0FF030CBF19466168074AC2F8B9
:10DF5000DC10217882F82011617882F8233182F870
:10DF60002111002010BD2120FCE700BF001E00B0E1
:10DF700073B52F4A2F49137809784FF0FF350B43BB
:10DF800078211370A0F8201164228221C0E9462272
:10DF9000C0E94412C0F80C216FF47B42C2624FF416
:10DFA00000420D23A0F846200722002680F83C31CD
:10DFB0004FF6FF730446C28700F1540202651E4A01
:10DFC000A0F84030438642630387C384C0F8B4504E
:10DFD000458580F8286004F087FB2046FFF79AFF0C
:10DFE00094F928102046FFF7A3F9602340F6FF714B
:10DFF000124A2046D36402F11C42D162D165104A14
:10E000002946D36440220F4B1A67D4F8A02006F0AB
:10E0100026FD0E2300220193009340F202231046B6
:10E02000194605F089F901F021FF304602B070BDB4
:10E030005B3D00207C8702004000FFFF004000B8ED
:10E04000005000B8002002B8012A10B512D8032BE6
:10E0500010D803EB82020123074C934094F822016D
:10E06000DBB221B10343002084F8223110BD20EA45
:10E070000303F8E72120F9E7001E00B003462DE96D
:10E08000F0410C68D1F804E0651C08BFD3F80C41DE
:10E09000B0F8402108BF0C60BEF1FF3F08BFD3F8C5
:10E0A00018E18E6808BFC1F804E0771C00F58270A3
:10E0B00045D1D3F81451CF688D607E1C45D1D3F87B
:10E0C0001061D1F810C04F69BCF1FF3F08BFD3F811
:10E0D00004C1D1F8188008BFC1F810C0B7F1FF3FE4
:10E0E00008BFD3F80871CE6008BF4F61B8F1FF3F99
:10E0F00008BFD3F81C81B8F1000F2CD05A3242452A
:10E1000038BF42468A6114B15A2C38BF5A24134989
:10E11000C3F80C41C3F81061C3F81451C3F818E1F7
:10E12000C3F81C21C3F804C1C3F808710C4A0723C3
:10E13000D1F8FC1004F08EF90020BDE8F08102F166
:10E140005A05B54238BF3546B5E702F17806BE42FA
:10E1500038BF3E46B5E76422D4E700BF001F00B0D9
:10E16000581F00B038B5054C054B4178007825683C
:10E17000236003F065FB00B1256038BD0C3C002036
:10E18000448E0200074B1B684BB10028064B08BFAA
:10E190000023064A1360064B1870002070470220C7
:10E1A000704700BF0C3C00203C8E0200103C002059
:10E1B0005A3D0020014B1878704700BF5A3D00209F
:10E1C0004FF40022034B186F03F500531A67C0F396
:10E1D000C0407047000002B8024B586900F00100CF
:10E1E000704700BF00C001B870B50C4616461D460A
:10E1F0001AB113680BB15B688BB907F0B4FF07F075
:10E20000ADFF0123AB71B389049AE11A7368B0685A
:10E2100089B2134400FB0133A9802B6070BD1A68DA
:10E22000032AEAD99B6A5B0EECE700BF431C07D0C8
:10E230006FF0FF02034B10401A62A3F5805318627F
:10E24000704700BF00E000B8014B186C704700BF7A
:10E25000001F00B0014B002019647047001F00B080
:10E2600003282DE9F74F0C46914678D83D4B1E5CAC
:10E270003D4B13F800A03D4B13F800B007F073FFBF
:10E28000804605F00BFA074640B1002300220193B7
:10E29000009301200023002105F04EF805F006FA56
:10E2A00048B10023002201930093002000234FF483
:10E2B000004105F041F8002E49D02D4BDD6C05F0F2
:10E2C000080506EB0A002B4B23305844DD64C0B22E
:10E2D00002F07EF95146304605F02CFA5A46514676
:10E2E000304605F093FA244BDD6477B1234B1B686D
:10E2F000D3F8A01093F8270003F086F820490868A7
:10E30000FFF794FF4FF0FF330B60B9F1000F04D01B
:10E310001C4B002103205B689847D4B14FF4806206
:10E32000194B1D6F03F50053C5F380251A6740464E
:10E3300007F014FF00F090FB01280CD11DB14FF441
:10E340008062124B1A67002003B0BDE8F08F35469B
:10E35000B7E72546EBE7002CECD10520F4E72120B8
:10E36000F2E700BF5C8E0200588E0200548E02005D
:10E37000004000B8006000B8005000B8BC39002070
:10E380009C4000209040002000C001B800D001B89F
:10E39000034AD36960F3D223D3610020704700BFE2
:10E3A00000C000B8064B5A6A920207D4D3F8800026
:10E3B00000F47060003818BF0120704701207047DA
:10E3C000004001B870B514460E4601F00B0323EA75
:10E3D0000201394A2340D164A2F58052D364730705
:10E3E000054610D50121FFF7DDFF60B105F08AF980
:10E3F0004FF4007314F0040F14BF304A304A5362D4
:10E400000422304B1A67F10606D514F0100F14BF22
:10E4100000221B222C4B5A6532060CD5230605D54B
:10E420004FF40012254B1A6203F000F8214695F8CC
:10E43000270002F0E9FFF00503D5E10525D502F03C
:10E44000ABFFB20503D5A30522D502F0B1FF16F448
:10E450008C6F18D014F480621FD095F82530DC073B
:10E460000CD5EA8DB5F83631934214D0B5F8383171
:10E47000981A43424341154A82F8C4302846D5F8D9
:10E48000F010FEF7BBFF002070BD02F07FFFD8E761
:10E4900002F088FFDBE70123EDE77105EED595F883
:10E4A0002530DB07EAD5094B114683F8C420084B19
:10E4B00028461B689847E1E7006000B8005001B8A3
:10E4C000006001B8002002B8004000B8001E00B093
:10E4D000183C0020F8B5054690F83C010C460D2884
:10E4E000164628D0FF2928D01AB14FF0FF32144B1E
:10E4F0001A6006F09FFD074695F83C0101F0FAFC12
:10E50000844228BF0446E4B2BC4238BF3C46E0B275
:10E5100085F82B0001F092FD0A4B1B784BB9FF28C0
:10E520000CBF2124002416B9284601F0F7FC204630
:10E53000F8BD0024F7E70224F9E72124F7E700BF3C
:10E54000A44000207C8702007FB5204B04461B7846
:10E550000E46154643B3D0F8EC3000229BB34FF083
:10E56000FF36029602AEB3F9123000960392F8F726
:10E57000A0FCB8B902994B1C14D02046C1F38131DC
:10E5800006F09FFB70B9BDF90C300299024600936A
:10E59000C1F30D0103462046FEF7ECFA294620465A
:10E5A00006F052FD04B070BD02A906F04BF83246E9
:10E5B0009DF808102046F8F7EDFC2A460146204653
:10E5C000FFF788FFEEE71846ECE700BF7C87020004
:10E5D000F8B50D4690F83C1104460D29174603D1B5
:10E5E0002E4B1B78002B50D02A462046A4F84650CC
:10E5F000F8F7D0FCD4F8EC3084F82A00002B40D097
:10E60000274A1678D4F8FC204EB1002A3FD1B4F93D
:10E610004600B3F91210884206DC002607E0B2BBC0
:10E6200094F84521824202D20126B3F91250002209
:10E630002946204684F82D70FFF786FF00BB76B18F
:10E64000C4F8EC00204605F0AAFF4FF6FF7398428D
:10E65000014614D02046BDE8F840FEF7F9B9114B49
:10E660001B78022B0BD8204601F046FD0E490123F2
:10E670000E4AD1F8FC1004F5827003F0EBFE002086
:10E68000F8BDFF2384F82B30F9E70220F8E7B4F94E
:10E690004210B3F912209142BEE700BF7C8702000E
:10E6A0005B3D0020B0400020001F00B0581F00B0AC
:10E6B000D0F8A830012B01D10020704770B5044676
:10E6C0005A498CB006F0F4FCD4F8EC600146E58DB4
:10E6D000C4F8F00026B1336813B15B68002B5ED13B
:10E6E00007F041FD07F03AFD0123D4F8F0108DF852
:10E6F0000630B389B0687268EB1A9BB200FB032244
:10E700004B48ADF80430036800928B4202D020469B
:10E71000FEF774FE474D00F09FF90128FBD1AB686E
:10E720009E06F8D420469DF80620009906AB03F01B
:10E7300085FB002830D100F08FF90128FBD13D4A3C
:10E74000136FD801FCD493689906F9D4684606A9DA
:10E7500003F02EFD0546F8B9E28D374B5A6494F864
:10E76000243060F3410384F8243000F025FF024692
:10E77000D4F8EC104B691E685868531EDBB2FD2BB1
:10E780000296039011D8012A2AD0204602A906F049
:10E79000B9FB00200CB070BD02200CB070BD1A682F
:10E7A000032A9DD99B6A5B0EA1E7F31C03D8FF2ABD
:10E7B0001BD00022E9E7FF2A21D00136E9D1D4F8A5
:10E7C000EC101E4B4A689A4221D8D4F85C319B0564
:10E7D00023D494F8243043F0020384F82430D8E79B
:10E7E000C51CD2D90130D4D1EBE7C61CCDD901303C
:10E7F000DFD12A46204602A906F084FBDFE7C31CCE
:10E8000011D80122204602A906F07CFBD5E720465C
:10E8100000F06EFE0028BCD0D7E720464FF48031D0
:10E8200006F0D0FCB5E70130C7D1CAE7FC1F00B045
:10E83000F03B0020000002B8008001B800CA9A3BFB
:10E8400010B5042301240A4A0A49D1F8EC00C2F8A1
:10E85000EC30C2F8E0300C634FF40051D162410754
:10E8600042BFC2F8E030A2F58052C2F8EC3010BDD1
:10E870000060005400400054F8B504460D46D0F83E
:10E88000F07019B990F82430590645D44FF6FF734B
:10E89000618E994204D0324B1B680BB120469847D9
:10E8A000304E3368BB4253D02F4B1B683BB11FB176
:10E8B0003A68002A4ED0BF68394620469847072755
:10E8C000204601F019FC002D38D006200125274BE9
:10E8D00094F9282093F900302549C3F11C039B1AB1
:10E8E000CA6963F3D222D4F8F030CA61214A336096
:10E8F000214B906720461D7006F0D7FA1F4B1B6F07
:10E900005A0203D4D4F8A0301B0603D54FF40012EA
:10E910001B4B1A620020F8BD4FF6FF72114E65F3D3
:10E92000861380F82430336842869F4214D00E4B01
:10E930001B68002BBBD101F0DFFB072711493B46C9
:10E94000114AD1F8FC1004F5827003F083FDBCE796
:10E950000127B5E71746AFE701F0CEFB0127EDE74A
:10E96000FC3B0020F03B0020F83B0020563D0020FF
:10E9700000C000B8006000B8583D0020000002B898
:10E98000005001B8001F00B0581F00B010B5044679
:10E99000D0F824210B4B4FF40061C3F8A82090F865
:10E9A0002420D20102F4006205F000F894F824302B
:10E9B00013F0100F4FF4007314BF034A034A136798
:10E9C00010BD00BF001E00B0001002B8002002B849
:10E9D00038B507F0C8FB4FF6FF710A4A13888B421F
:10E9E00003D107F0BBFB0E2038BD074C074D1B04BD
:10E9F0006566A4F580546366118007F0AFFB0020C4
:10EA0000F2E700BFAE400020006001B80000FFFF49
:10EA100008B50D4BD3F84C21531C13D012F0804293
:10EA200010D10A4B1B681BB111460320FFF718FCDD
:10EA30004FF080624FF40071054BDA67054AD162EE
:10EA400001225A6108BD00BF0080E00FBC390020E0
:10EA5000001002B8004000B80F4BDB68C3F303633B
:10EA6000013B0B2B0FD8DFE803F006060C06060669
:10EA700006080A080808022070470420704705208D
:10EA8000704703207047054B5B6913F0060F14BFF6
:10EA900004200120704700BF000002B800C001B888
:10EAA000094AD368C3F303630B2B08D06FF490506B
:10EAB000184100F0010080F0010040007047106F25
:10EAC00010F48030EDD17047000002B80C4AD368D2
:10EAD000C3F30363062B07D8042BD8B20BD8C31E8D
:10EAE0005842584140007047072B06D1D2F83001F8
:10EAF0000028ECD17047022070470020704700BF0B
:10EB0000000002B8084BDA68C2F30362931E012BBF
:10EB10008CBF00230123037040F62203D34003F08F
:10EB200001030B70704700BF000002B8084BDA68A1
:10EB300002F03062B2F1407F08D15A6FD20605D49C
:10EB4000986FC0F3C00080F001007047002070474C
:10EB5000000002B82DE9F84F4FF00108264F08FADF
:10EB600001F8BB69064613EA080F0C4633D006F0DD
:10EB700074FA4FF03009824609FB0679DFF894B049
:10EB8000D9F8645005F00305012D26D11034BB6976
:10EB900005FA04F444EA080423EA04033146BB619D
:10EBA000154807F0EFFA154BB5405D631449154B56
:10EBB000CA6ADB6C22F4706203F4706313434FF48F
:10EBC0007A52CB62104BC3F83021104B1B681340B4
:10EBD0000F4AC2F83031BDE8F88F06F03EFAA0EBDC
:10EBE0000A00584540F2F7624FF051018CBF0020F7
:10EBF0000120FEF753F8C3E7000004500020045042
:10EC0000004001B8001F00B0002002B81C3C0020EA
:10EC1000001002B83F420F002DE9F04FADF5257D01
:10EC200004460E4602F060F94FF42472804600213B
:10EC3000684605F035F94FF0010E13220221034614
:10EC40000EFA06F6F6B280F800E006724672C2606E
:10EC500080F810E04676C26180F82010A948E525CA
:10EC600058624FF432705865A748A84FC3E91A029A
:10EC70000830C3E91E021838DFF8B4C2C3E9220223
:10EC8000DFF8B0A2DFF8B0B25D635F64A04DA14FC2
:10EC9000A0F57D500838C3E90AA2C3E90EC2C3E952
:10ECA00012B2C3E9167283F8301083F8401083F86B
:10ECB00050101D661D67C3F88050C3F89050C3E91B
:10ECC00026022030C3E92A029348DFF87092C3F885
:10ECD000B40000F56050C3F8C400A520C3F8D40008
:10ECE0008E48C3E92E72C3F8E4000420C3F8F40090
:10ECF000302000FB08F88A48C144C3F8080103200B
:10ED000083F80C01C820C3E93272C3E936C2C3E9F3
:10ED10003AB2C3E93E92C3E94672C3F8A05083F801
:10ED2000B01083F8C01083F8D01083F8E01083F897
:10ED3000F010C3F8005183F81011C3F8140183F8E0
:10ED4000201183F859616F4E7648C3F86461E52657
:10ED5000C3F874616D4EC3F82401C3F884614FF0A9
:10ED600000404FF432764FF08048C3F83401C3F8C6
:10ED700094616D48644EC3E94E02C3E95202C3E98F
:10ED80004AA2C3E95AA2C3E95EC2C3E962B2C3E9B7
:10ED9000667283F8301183F84011C3F85C2183F860
:10EDA000601183F8701183F8801183F89011C3F813
:10EDB000A051C3F8448183F850E1C3E96A62083680
:10EDC000C3E96E62183EC3E97262A6F57D56083E3D
:10EDD000C3E976622036C3E97A624F4EC3E97E7298
:10EDE000C3F8F46106F56056C3F80462A526C3F8BB
:10EDF00014624A4EC3E98272C3F824620426C3E94E
:10EE000086C2C3E98AB2C3E98E92C3F8B051C3F88F
:10EE1000C051C3F8D051C3F8E05183F8F01183F822
:10EE2000001283F8101283F8201283F83012C3F80E
:10EE30003462C3F840523A4DC3E99E02C3F84852C7
:10EE4000032583F84C52C825C3F85452354DC3E905
:10EE50009672C3F864524FF00045C3E99AA283F852
:10EE60005012A42283F8601283F8701283F8801283
:10EE7000C3F8880283F88C1204F130001946C3F8F5
:10EE80007452C3F8848201F0B1FFD4F8BC2204F1BB
:10EE900040039B0863F39F0225462346C4F8BC2227
:10EEA00004F11402C3F8945005F118010435954299
:10EEB000C3F8D41103F11003F4D11920F6F788F93F
:10EEC00000F59200194B00F578508000B0FBF3F08C
:10EED00094F83231C4F8240143F0400384F832310D
:10EEE00094F87232C4F8345143F0400384F872321B
:10EEF00004F12C03C4F86402C4F874320DF5257DC6
:10EF0000BDE8F08F296E0600448001B80300004080
:10EF100008002008548001B8C80A040003000080DB
:10EF2000284000B8096E0600100002B800F049023F
:10EF30002C8001B83C0102B8108001B86000045078
:10EF40002DE9F84F82460C46174605F01EFF0028B3
:10EF500066D09AF82530DB0762D501F0C5FF9AF933
:10EF6000269005463CB94946FFF7F4FD002F4ED1E7
:10EF70000020BDE8F88F0124DFF8B4B004FA09F6E8
:10EF8000DBF818303342F1D14FF47062254B04FAAC
:10EF900000F8DA624FF42062A3F58053DA624FF48E
:10EFA0002C5122464846F6F77DFA302303FB05B57F
:10EFB0004FF4803340F6A202EB65DAF8303130339B
:10EFC00023F003032B67184BCBF82880C3F8348059
:10EFD000164BDB68C3F3036304FA03F1114211D14A
:10EFE000022B1DD1124B09F110095C60DA6904FA99
:10EFF00009F42243DA619A69164326439E61C3F8F5
:10F000004880B3E7094BDB68C3F30363E4E74FF4DD
:10F010000012084BDA614022074BC3F88421A7E7AE
:10F020000220A6E7006001B800200450000002B8EA
:10F0300000000450002002B800E100E010B50446D2
:10F0400005F0A3FE30B394F82530DB0722D501F09C
:10F050004BFF94F92610FFF77DFD002294F8253030
:10F06000C4F8302123F0010384F825300A4B1146FF
:10F0700083F8C420094B20461A60094B1A6005F03A
:10F080000FFE084A92F8493003F0010363F073035E
:10F0900082F84930002010BD001E00B0183C00204E
:10F0A000143C0020001F00B0024B1B6803B118473E
:10F0B000704700BF243C0020024B1B6803B1184777
:10F0C000704700BF203C002010B5FF224FF6FF71B3
:10F0D000044605F05DFE68B9FF224FF6FF71204639
:10F0E00005F067FE30B92046BDE81040FF22024916
:10F0F00005F072BE10BD00BF608E02002DE9F04128
:10F100001C46184B05461E680F46904646B13068AF
:10F1100001F0EAFFF3681BB1B368186801F0E4FF7F
:10F12000114B1B682BB1DA681AB19B68186801F0A3
:10F13000DBFF9DF81830640744EA08425B0503F0E2
:10F14000BC6342EAC7621A432846084942F4C872BF
:10F1500004F02CFC002228461146FEF723FC002078
:10F16000BDE8F0815C870200E87202009007E12DA3
:10F1700008B5FFF7DBFC88B1094BDA6912030DD53E
:10F18000186F10F4003009D19B6F13F0100F4FF07F
:10F1900010030CBF034A044A936708BD0220FCE732
:10F1A000000002B8001002B8002002B838B50446CA
:10F1B000E8B1114BDA6912031BD55D6FC5F38115F8
:10F1C000032D12D0022D14D12A460C4B2146D3F820
:10F1D000B4300B489B1A9BB205F0F7FE0020064B9B
:10F1E00025729B6F1B0A637238BD0822EDE7212050
:10F1F000FAE70220F8E700BF000002B8001E00B0E6
:10F200003840005438B50546FFF790FC98B10B4BD9
:10F210001C6F14F400340ED10220094B094A1B68FC
:10F220001B6D90672246AB4214BF2846002000F0B9
:10F2300093FA204638BD0224FBE700BF000002B865
:10F24000BC390020001002B82DE9F04FDFF8F8813A
:10F250000446D8F800300D468DB02BB14FF00E0BA0
:10F2600058460DB0BDE8F08F05F08FFD10B94FF096
:10F27000020BF5E775B194F82530DB0706D50C22B3
:10F28000294604F5987005F0B4FF30B1EA882B895F
:10F290009A4205D12046FFF7D1FE4FF0000BDFE781
:10F2A000FFF7DAFB0128E2D12F68002FD6D017F044
:10F2B0000307D3D1AB88B3F5307FCFD301F014FE71
:10F2C000FF28CBD094F92660002E08DA3846F6F7EE
:10F2D000F7F846B2002EC0F2A18084F82660002222
:10F2E00094F82530114623F0010384F82530204698
:10F2F00005F0D6FC4FF400224A4B1A674A4B4B4AA2
:10F300001A604B4B4B4A1A6001F0EEFD3146FFF795
:10F3100021FCD8F80030A3B1A84658F8049B05F1A9
:10F3200008034F46B4F82EA00393204638F8021F76
:10F33000FDF75EFA834670B151462046FDF758FA54
:10F340008EE73D4B0E222046196805F0FBFC8346F4
:10F350000028E1D084E70090D4F8EC202046E18D2D
:10F3600004ABFEF741FF20469DF81620049906AB3A
:10F3700002F064FD83460028DED13049089BD1F8B5
:10F38000EC20183722F07F6222F47F2222F40F62F1
:10F3900022F00F021A43D1F80C3107996FF31303CF
:10F3A0000B43E18D47F8181C069947F8083CBDF857
:10F3B000143047F8101C47F8043C039B47F80C2C0A
:10F3C0009845B2D151462046FDF712FA83460028EF
:10F3D0007FF446AF31464846FFF71EFC5A460121EE
:10F3E000204605F05DFC164A04F59876C2F8C090F8
:10F3F00082F8C5B095E8070086E80700114991F842
:10F40000492002F0010242F0200281F8492094F8DC
:10F41000252042F0010284F8252021E74FF0210B3E
:10F420001EE700BF001002B8183C002041EF0100A9
:10F43000143C00203DF00100E4720200004001B8DD
:10F44000001E00B0001F00B0203C0020431EDBB2B5
:10F45000FD2B12D9FF280B6812D013F0802F1EBF8E
:10F4600042F20102084BC3F8282251F82020064B33
:10F47000C3F85022C3F8542270470128F5D1002365
:10F480004A681343E9E700BF004001B8F0B5164BE6
:10F4900085B007460E4614460FCB8DE80F00134A81
:10F4A0006D46D2F84832D2F84C22591C08BF0023CE
:10F4B000501C15D0002B08BF13463EB1611EC9B2C7
:10F4C000FD290FD93360FF2C00D17260CDE90032E5
:10F4D00029462246384605F015FD002005B0F0BD4E
:10F4E0001A46EAE7012CEFE7708E02000080E00F79
:10F4F000F0B51C4B85B0D0F8E8700FCB8DE80F004D
:10F50000194B6E46D3F84842D3F84C52631C08BFDF
:10F5100000246A1C12D0002C08BF2C463146FF2064
:10F52000CDE90045FFF792FF00224FF0240CF96867
:10F530000E4E914204D1002005B0F0BD2546EDE706
:10F54000BB680CFB02335868B04209D95B693BB118
:10F5500018680130586808BF1C60013008BF5D6042
:10F560000132E6E7708E02000080E00F00CA9A3B8D
:10F5700030B50C4B85B005461870082378B90A4A97
:10F58000C2F8FC3349B9094B0FCB8DE80F00084B8B
:10F590002A4669461868FFF779FF05B030BD054A6D
:10F5A000EEE700BFB6400020001002B8808E0200D7
:10F5B000BC390020002002B8014B1878704700BF0A
:10F5C000B6400020124BD3F8E020D2031ED54FF4F2
:10F5D00080321049C1F8E020A1F58051C1F8EC203B
:10F5E0001A6CD1B2C2F30722C3F88010C3F880208E
:10F5F0000422C3F880200022C3F88020C3F88020B2
:10F60000C3F88020C3F88020C3F88020704700BF73
:10F610000040005400600054F0220D4B016D9A64CC
:10F62000A022A3F580539A64838E0120B3FA83F35A
:10F63000084AC3F11903DBB2C2F8C000C2F898301F
:10F640004FF40053C2F89C10C2F8BC30704700BFA2
:10F65000006000B800400054F8B50D461746064655
:10F6600006F081FD01230421084C094A2363A760A9
:10F67000E6602561C2F8E010064AC2F8843106F05F
:10F680006DFD0DB102232363F8BD00BF004000549F
:10F690000060005400E100E00122044B1A6640F6CD
:10F6A000FF729963D863DA65704700BF0040005469
:10F6B0002DE9F04F042A05460B4683B037D90126C1
:10F6C0000978141F81615A7803F1040982619A78DC
:10F6D0008261DB7883610368D0F808B003F0070328
:10F6E00006339E4006F1FF3A47680AEA0B08A6EB8C
:10F6F000080247F00057944207EB08000CD849462F
:10F70000224604F031FD46EA0A0604EB0B023240C1
:10F71000AA6003B0BDE8F08F4946019204F024FDD1
:10F72000019A384609EB0201A21B4244E9E7013A7B
:10F73000032AEED8DFE802F00B08050213F8012BCC
:10F74000826113F8012BAA6113F8012BAA611B78BF
:10F75000AB6103B0BDE8F08F38B50C4615460146E5
:10F760000F4B60B101220F48C3F8C0202246FFF7BB
:10F770009FFF1DB104220A4BC3F8C02038BD64B1FD
:10F78000D3F8A420A24284BF0122C3F8C0200222E1
:10F79000C3F8A040C3F8C020EBE70122FAE700BF9E
:10F7A000004000549840005438B5044606F0DBFC95
:10F7B00001211A4A638F054611663BB3B3FA83F3FE
:10F7C000C3F11903DBB2A069C2F890109366072356
:10F7D000D066C2F88C304FF4A02302F50052C2F874
:10F7E000E030A2F58052C2F8EC3000220C4B1A60D7
:10F7F0000C4B1B6F5B0209D54FF480020A4B1A6752
:10F80000D4F8A01094F8270001F0FEFD4FF4E02397
:10F810002846E363BDE8384006F0A0BC0040005431
:10F82000283C0020000002B8002002B82DE9F8436F
:10F8300005460C46C1B1D0F81880478F06F093FCFE
:10F84000B5F83CC0791EDFF8049101EA0C0323F0FF
:10F850000702032C0646D9F800E042445AD1BEF113
:10F86000000F04D106F07AFC0E20BDE8F8832EF0DC
:10F8700001042EF0010EA64551D10023C9F8003035
:10F88000238894426FEA43436FEA534323803CD179
:10F89000EB8F08EB07091846083880B202F108041C
:10F8A0004C4528BF4446082804D9B4F800E0BEF50A
:10F8B000804F3ED263440F431B1A3B409BB2AB8741
:10F8C000E887118894781C4AC1F30C01516453678E
:10F8D000C2F88C004FF48022184B04F00704C3F8E0
:10F8E000E0200122164BC3F88421FFF76BFE042CA5
:10F8F0000BD14FF48002134B1B6F134B1A67D5F8D3
:10F90000A01095F8270001F07FFD304606F026FC98
:10F910000020AAE7601E012898BF1446A9E7E88FD7
:10F920004344E31A48BFDB1908389842A8DC304644
:10F9300098E72246B0E700BF004000540060005442
:10F9400000E100E0000002B8002002B8283C0020DE
:10F95000144B10B51968CA8F8B8F488F1344013828
:10F96000073B8C69034023F007031C4402F10803A2
:10F970000D4A9BB2CB87C2F88C304FF480220B4BE0
:10F98000C3F8E02001220A4BC3F88421A07800F0DC
:10F990000700042803D1074AD3681B03FCD4064B95
:10F9A0001C6010BDBC3900200040005400600054B1
:10F9B00000E100E0000002B8283C002010B5064C31
:10F9C000216839B1CB0703D4044B1868FFF72EFF29
:10F9D0000023236010BD00BF283C0020BC3900205C
:10F9E0004FF480320B4B0C49C3F8EC20A3F50053C5
:10F9F000C1F8E020D3F888109A6E012302F00702C4
:10FA000006329340C1F30C01083B994201D8FFF73D
:10FA1000D9BD704700600054005000542DE9F041FA
:10FA200006460C46478F1546D0F8188006F09BFB1B
:10FA3000B28F07F1FF3E02EA0E0323F00701032C09
:10FA4000B6F83EC0414419D14A4C24689CB962447E
:10FA5000073A02EA0E0222F0070208EB02044344CE
:10FA6000E31A48BFDB19634510DB06F077FB00247F
:10FA70002046BDE8F08124F00104F0E7012C03D01A
:10FA8000022CECD1ACF1080C0C46E8E7002D36D086
:10FA90008C4237D1384A526CDFF8DCC0718ADCF80E
:10FAA0008870C7F30C079F423FDD2388B3F5804F72
:10FAB000DBD2A77801F1FF3C07F00707C3F30C0383
:10FAC0009B1A41EA0C0E052F2F7003EA0E0324D86F
:10FAD0001BB223EAE3776F80E7782F74F66902EAB6
:10FAE0000C02B718AF609FB212FA83F38B4291BF3A
:10FAF00000238B1AAB80EE609CBFAF80EB6006F0FA
:10FB00002DFBB5E7A4F10802904584BFFF0802EB86
:10FB1000C7021288C2F30C02BEE7184F7F6D003F88
:10FB200018BF0127A3EBC703D2E7DCF8403001F18F
:10FB3000FF3CA3EB020E41EA0C030EEA030EDFF8D2
:10FB400040800FFA8EF3002BD8F80C700FDC07F012
:10FB50007067B7F1407F14BF00270127FF002F70A7
:10FB6000D8F87870A5F802E03F0A2F74B6E70827A6
:10FB7000F5E700BF283C002000400054004000B8DA
:10FB8000000002B8134B70B51E68134B748A9D6C4D
:10FB9000621E1B6CADB292B242EA04015B1B0B40C9
:10FBA000191E18BF0121C90001700C492A40896F34
:10FBB0004380090A0174F169D618A64201EB0205D7
:10FBC000D2BF0021A31A9BB285608380C160002050
:10FBD00070BD00BFBC39002000400054000002B8D6
:10FBE000054BA822D3F84C013121431C0CBF012046
:10FBF000C0F38070FDF752B80080E00F38B5094DB2
:10FC00000446286840F6C202003818BF01202B21A4
:10FC1000FDF744F8FA235C432B680A20B4FBF3F4A5
:10FC2000604338BD5C3C0020164B30B51A68431C5D
:10FC3000154B1FD0B2F1407F1CD3144CD4F80021D7
:10FC4000154661F3050260F30505C3F8D020C3F83B
:10FC5000C850D4F804310E4A1A400E4B03EA500043
:10FC600003EA510110431143074BC3F8CC00C3F81A
:10FC7000D41030BD00200146C3F8C800C3F8D0003E
:10FC8000F2E700BF0080E00F001F00B0000002B8E4
:10FC90001FF087E1E0FFFF7F014B58800020704795
:10FCA000B040002073B5564E0446317819B91C2275
:10FCB000544804F0F5F82378534A544C13704FF02D
:10FCC000FC62C4F8FC204FF47F02FF21C4F8082135
:10FCD0004F4A022B4F4D117033D1042307224E4956
:10FCE000C4F8FC23C5F8FC33C4F800114FF4C0710C
:10FCF000C5F80011C4F8FC234FF48052C5F8FC335A
:10FD0000C5F870214FF40052C4F87021C4F80831CE
:10FD10004FF4FF13C4F8FC304FF4BB13C5F8FC30AC
:10FD20008023C4F8703148F2C8023C4BC3F8D82095
:10FD30003B4B3C4A0020C3F8C02F0123337002B074
:10FD400070BD394A012BC4F80021384B27D14FF43C
:10FD5000C072C5F80021D3F83802D3F83C12FFF77F
:10FD600063FF0723C4F8FC330223C5F8FC334FF4C8
:10FD70008053C5F870314FF40053C4F87031042338
:10FD8000C4F808310DEB0300F5F7D8FB9DF80530FA
:10FD9000023B012B9CBF8023C5F87031C3E7244A86
:10FDA000C5F80021D3F83002D3F83412FFF73CFF36
:10FDB0000723C4F8FC330123C5F8FC338023C4F8BF
:10FDC00070314FF4805301A8C4F87031F5F7B6FBD9
:10FDD0009DF80530012B05D19DF8043053B948F248
:10FDE0005D1309E0FBD9023B012B9CBF4FF400538C
:10FDF000C5F8703148F25813084AC2F8D83097E76E
:10FE00005C3D0020C41F00B0B0400020002002B8BC
:10FE1000BA400020001002B8C0F10F00001F00B06F
:10FE2000001000B0303C0020C0F70F000080E00F51
:10FE3000C0F60F0010B5044601F086F80A4BD3F85F
:10FE4000F83724B983F40023C3F3C04010BD012C5C
:10FE500005D103F4C023B3FA83F04009F6E7A31EEB
:10FE600058425841F2E700BF000002B86FF07F42ED
:10FE7000154BD3F8FC37934208D0144A03F03F03E4
:10FE80001370F123124A1370124A13701249134B64
:10FE900009781A68A9B1B2F1A06F12D3D3F8501241
:10FEA0000F4A104BB1F1FF3F18BF13460E4A1360C3
:10FEB00041F66A020D4B1B68B3FBF2F30C4A136068
:10FEC0007047084BF2E700BF000002B8BB400020BB
:10FED000BC400020BD400020B94000200080E00F61
:10FEE0005082E00FA48E02002C3C0020783C0020C1
:10FEF0005C3C0020012807D0022802D030B100204D
:10FF00007047034B18787047024BFBE7024BF9E749
:10FF1000BB400020BC400020BD400020F0B505469D
:10FF200085B001AC0B220021204603F0B9FF95F803
:10FF30003C110846FFF7DEFF95F82B30421ED2B287
:10FF4000934228BF134600293AD0012936D11946D9
:10FF500004204FF00F0C374EB1FBFCF7F75D013872
:10FF6000C91BC9B28A4238BF002121540028F3D1ED
:10FF700005200F278DF80830B3FBF7F1715C0B44B7
:10FF8000DBB2934228BF1346235401300B28F3D130
:10FF90000F2605F1B401E03514F8013BB3FBF6F28E
:10FFA000501CC2EB02129B1A0133DBB2C0B21B041D
:10FFB00043EA005341F8043F8D42EDD105B0F0BD56
:10FFC000194604204FF00F0C1B4FB1FBFCF6F6B2A4
:10FFD000BE5D0138891BC9B28A4238BF0021215455
:10FFE0000028F2D105200F268DF80830B3FBF6F17A
:10FFF000795C0B44DBB2934228BF13462354013093
:020000022000DC
:100000000B28F3D10F2605F1B401E03514F8013BBC
:10001000B3FBF6F2501CC2EB02129B1A0133DBB2A7
:10002000C0B21B0443EA005341F8043F8D42EDD1B6
:10003000C4E700BF9D8E0200908E020038B5284BA9
:1000400005461A7827490D2A02D1FF20087038BDCD
:10005000104604F0EFFF04461046FFF74BFFA8429E
:1000600028BF2846C0B2A04238BF20460B78C0B295
:100070008342ECD0087088B1431EDBB2022A1A49D1
:100080000ED14FF0FC62C1F8FC20A1F50051D1F86F
:10009000FC2042EA4353C1F8FC30D8E70346EDE7C1
:1000A000124A134C1268B832C4F8C02F4FF47F02C2
:1000B000C1F808210F49CA6FD202C8D40F22B3FB7E
:1000C000F2F2551CC2EB02129B1A0133D1F808411F
:1000D0001B0443EA05532343C1F80831B7E700BFC7
:1000E000B0400020BA400020002002B8BC390020F7
:1000F000001000B0000002B82DE9F04F90F83C511C
:100100000746D0F8B41087B04DBB1F2938BF1F2158
:1001100009398C4B8C4E1A6A4C233068C2F3821218
:10012000D34003F0010A8842534697F82B40874892
:10013000DFF83CB2DFF83C9216D190F800C0D4450D
:1001400012D19BF800C0AC450ED1814A92F800C094
:10015000A44509D1B9F8040007B0BDE8F08F032920
:1001600038BF03210239D4E7FF2C3160037015D169
:10017000284604F05FFF8046764CBAF1000F1ED08F
:10018000D7F8F000002800F0CF800368082B40F279
:10019000CB8090F83880002D5BD016E099F80000F5
:1001A000FFF7A8FE00F1FF38A04528BFA046B8F130
:1001B000010F38BF4FF001085FFA88F8DCE7012D26
:1001C0002CD0022D01D0D5B3D04640F27122236845
:1001D00008EB0826B3FBF2F319224B43B3FBF2F30F
:1001E0004146012205A8059308EB062604F0FEFE11
:1001F0004FEA4808B8F1030F38BF4FF00308040274
:1002000044EA0014A8F10308044300F01F0008FAB0
:1002100000F0FFF7F3FC00F5FA685FE00F23B8FB8E
:10022000F3F35A1CC3EB0313A8EB03030133DBB254
:10023000D2B21B0443EA0253C3F30748C5E70F23B6
:10024000B8FBF3F344480133006850FA83F313F822
:10025000018C40F2712324684FEA0846B4FBF3F4A2
:1002600019234C43B4FBF3F40294BAF1000F5ED1AE
:100270003A4B5246A3FB041303A8A8F14001039391
:1002800004F0B4FEDDF80C80354BA4EB0804A3FBAE
:10029000041352463021009004A8049304F0A6FEF3
:1002A000049B8246E41A0122102105A801930594BB
:1002B00004F09CFE009B46F480461C02019B44EA2D
:1002C0000A14044308EB0300059B46F0100618448B
:1002D000FFF794FC00F50C5808F1280840F6FF726F
:1002E000204B4046C3F8C020A3F58053C3F8C0405C
:1002F000A3F580531C4CC3F8C460C4F8008002F01E
:100300003BF84FF47A72194B4042986523681049C4
:10031000B3FBF2F3A9F8043097F82B30B8FBF2F0F6
:100320008BF800500B7017E74FF0000833E70022FE
:10033000414602A804F05AFE040244F01104029857
:10034000C6E700BF004001B8A44000205D3D00208A
:10035000B7400020783C00202C3C002069C2F568A2
:10036000911E856B006001B8603C0020001F00B04A
:10037000B8400020B0400020014B1870704700BF0B
:10038000B940002010B50446FCF71AF978B1174BB4
:100390001B786BB964B1164B1B784BB1154B1B78AE
:1003A000013B012B04D84FF40042134BDA6710BD18
:1003B000124BDB6F1B04FAD405F0D5FE4FF400425C
:1003C0000F4B0446DA67A3F5A0435B682BB1FDF73A
:1003D00003FF10B1022004F047FE0222094B204621
:1003E000BDE81040C3F8842405F0B8BE5E3D00208F
:1003F0005F3D0020643C0020002002B8000002B8ED
:10040000001002B800D003500122024B00201A70E5
:10041000FFF7B8BF5E3D00200022024B01201A709A
:10042000FFF7B0BF5E3D002037B50446354D00F004
:100430008BFD354B00201C702B78002B0CBF00244B
:1004400004F00104FFF79EFF2B78013B012B08D835
:10045000EB7B01A88DF804302B7C8DF80530F3F789
:10046000E7FB0022294BC3F88424002C42D06A68A1
:10047000002A35D0264B1B6803EB5203B3FBF2F383
:10048000013B1B0243F0F8032A78022A2AD0032AF0
:100490002CD0012A31D1072243F002034FF6FF701E
:1004A0001C49C1F88400A1F58051C1F88430174B74
:1004B000C3F8842493070BD5EB7B01A88DF8043097
:1004C0002B7C8DF80530F3F7A1FB0120FFF75AFFD5
:1004D0004FF080439CB1104A0020D36703B030BD79
:1004E000F823D1E7062243F00103D7E7042243F0C3
:1004F0000503D3E72246F823D0E70022CEE7074AD8
:10050000EAE700BF643C00205F3D002000C00350CC
:10051000783C0020006000B8001002B8002002B84B
:10052000F0B5284F06463D4604460FCE85B00FC5B0
:1005300033682B6000F008FD0022234BC3F88424AD
:10054000A17A627A42EA0142C3F89024217CE27BDC
:1005500042EA0142C3F88C24217B627B41EA0240DB
:10056000C3F888043B78032B29D8DFE803F0220284
:100570000C178DF8041004218DF805200DEB0100F7
:100580000022F5F74FF8E37B00228DF80830237C3A
:10059000042102A88DF80930F5F744F8637A0122A6
:1005A0008DF80C30A37A042103A88DF80D30F5F7EF
:1005B00039F8064B1878FFF737FF002000E02120BC
:1005C00005B0F0BD643C002000C003505F3D00203A
:1005D000034BDB6F002BBCBF024BC3F88800704796
:1005E000000002B8004000B8084B1A6C0A2A81BF0C
:1005F0005A6D4FF0FF3302F00F02934083BF9843D0
:10060000B0FA80F040090120704700BF00C001B877
:100610002DE9F04704F08BFD4FF47A752F4BB0FBBA
:10062000F5F518604FF4FA736B4307462C48190E22
:100630001B0218182B4A4FF0000341F1000103F090
:100640000DFA294BA0F5807182460246196330B934
:100650004FF0010A4A222B21FCF720FB52464FF4AF
:100660007A735A4329020023500803F0F7F91E4B0E
:100670001E4AB7F57A7F9A601D4B4FEA0A661960E9
:100680001C4BA9468846044618604FEA1A2A06D22F
:1006900001259D222B210020FCF700FBA9464FF4E9
:1006A0007A73A6FB030103FB0A116D0840194FF092
:1006B000000341F100014A4603F0D0F90E4B023429
:1006C00019600E4B48F10008A408186044EA8874C9
:1006D000054B013C9C63BDE8F08700BF783C0020DF
:1006E00020A1070040420F0000C001B80211010024
:1006F000883C0020843C0020803C00207C3C002082
:100700001022044BC3F884215A600122024BDA60A4
:10071000704700BF00E100E000C001B810B504461A
:10072000A242A2EB0000A3EB010104D2034B01396A
:100730009B6B0133184401F0030110BD00C001B8E8
:1007400038B501250A4B02019D504FF480730446D1
:10075000084A8340536605F006FD074AA540137812
:1007600023EA05031370BDE8384005F0F7BC00BF6D
:1007700000E101B800E001B8693D00202DE9F84F23
:10078000164604468A461F4605F0EDFC022E00F090
:100790009280804605F0F0FC604B614AD3F82090CF
:1007A000157D5A6EEDB2520744BFD3F82090013543
:1007B00005F0030505F0DBFC4846294600F038FA51
:1007C0008446DAF80000012E04BF01306044ACEB2F
:1007D000000C08BFCAF80000BCF1804F7ED300F0C7
:1007E0003BFA8145A1EB050188BF4C4BDFF854E192
:1007F00088BF01F1FF3101F0030188BF9B6BA0EBC3
:10080000090C0EF80410A1B1F90742BF41F61F729E
:10081000444B5A67BA0742BF424B434A5A677B0769
:1008200042BF00223D4B9A673D0742BF00223B4B2F
:100830009A6511254FF0010A384B04F1100212019C
:1008400003EB041BCBF80C0138499D501A6A0AFAD5
:1008500004F5586E0B78A2EB0902EDB22B4362450A
:100860000B704FEA041925D34FF48073A340034261
:1008700020D11EF80420002A4BD10EB32C4AF807D1
:10088000536607D541F61F7140F20110254B596799
:1008900050675967B90706D5224B234A2449254892
:1008A0005A6748675A677A0742BF0122224B1A618A
:1008B0003B0719D4404605F051FC0120BDE8F88FF4
:1008C0001E4A42F809A042F89C3C05F04CFC17492E
:1008D0000B7823EA05030B7005F040FC404605F059
:1008E0003DFC0020BDE8F88F2120FFF771FE4FF49A
:1008F00080310A4A124BD1601A78002ADAD00022DD
:100900002D201A70FFF764FE1022094B40465A66EC
:10091000D1E7074A40465366CDE700BF00C001B8A3
:10092000203D002000E001B800001F1F693D0020AD
:1009300000D001B800000101000002B800E101B8D8
:10094000603D0020613D0020034B1030000118582D
:1009500000F00100704700BF00C001B82DE9F04170
:100960009DF818800D46B8F1000F08BF0022214EF7
:10097000B5F5803FB168074621F4700141F4A0014C
:10098000B1609DF820409DF81C104FEA042444EA11
:10099000016444EA031444EA084444EA02044FF0C0
:1009A00018014FF436722CBF002001207465FCF74B
:1009B00075F93564B8F1000F1AD00F4BBC68D3F845
:1009C00088305A2C38BF5A245B0606D500F074FCD8
:1009D00018B10A4BB3FBF0F31C44204600F03CF97D
:1009E0000130854238BF0022024B34BF5A6458643C
:1009F000BDE8F08100C001B800C000B800093D00AA
:100A0000F7B52B4F3D6E01F067FE04462846FFF711
:100A1000EBFD7B6C06460BB100283AD01027202056
:100A2000FFF7D6FD234B9F606CB100220020082108
:100A3000FDF7F4F98022204B5F66A3F580531F6712
:100A400003F540531A6102F08BFB20221B4BC3F8C5
:100A5000842101231A4A8DF80730D36813F0706F90
:100A6000FBD09DF807306BB91CB116B10122154BB4
:100A70001A700F4B144A1D665A6741F201429A6779
:100A800003B0F0BD0DF107010DF10600FEF73AF8D5
:100A9000E7E7002CEDD00D4B074A5366A2F58052D4
:100AA00013672846FFF7A0FD0028E2D03D6EF8E767
:100AB00000C001B8001002B800E001B800E100E099
:100AC000000002B8603D0020011B0118100000204A
:100AD00010B504462120FFF77BFD1CB14FF4803296
:100AE000064BDA60064B1A783AB100222D201A70B4
:100AF000FFF76EFD1022034B5A6610BD00C001B80F
:100B0000603D002000D001B8F8B5184D04462B6AAE
:100B10001B0426D500F01CFC2B6AA0FB044613F036
:100B2000787F4FEA9367C3F34450C3F3044505D17C
:100B300040F239422B21FCF7B1F80120AD01B5FBA1
:100B4000F0F010EB871005D140F23E422B21FCF76C
:100B5000A5F80120024600232046314602F07EFF20
:100B6000F8BD00F0A9FBA0FB0401F9E700C000B844
:100B70000246012030B50B4CA0F12003C0F1200546
:100B800024FA05F504FA03F32B4304FA00F5954221
:100B90008B4100D330BD0F2801D00130ECE7FF209E
:100BA000F8E700BF40420F0000220B4B40F010005E
:100BB0001A700F22094BC3F88820A3F58053C3F89D
:100BC0008800A3F580531B6ADBB2802B02D0084655
:100BD00000F0F4BB704700BF603D002000E000B8AB
:100BE00038B505F0C9FA084B084A1D6A147D5A6EDB
:100BF000E4B2520744BF1D6A013405F0B8FA284632
:100C000004F0030138BD00BF00C001B8203D002042
:100C10000346064A103302EB00111B01D1F80C0108
:100C2000D158C1F3400104F02ABA00BF00C001B896
:100C3000074B084A1B6810B54343146803EB8173E4
:100C400000224FF00041E4FB0012981810BD00BFD5
:100C5000803C00207C3C00200C4A20F040430146B0
:100C600010B5002014684FF00042E4FB0320084A4E
:100C7000890F126802FB0300064B9B6B984204D954
:100C800001330131C01A01F0030110BD843C002082
:100C9000883C002000C001B8044B01F0F071103016
:100CA00041F0030100011950704700BF00C001B8B6
:100CB00008B52220FFF78CFC4FF48022014BDA604C
:100CC00008BD00BF00C001B808B5064B4FF030406A
:100CD0001A680549920003F047FABDE8084001F0A0
:100CE0009DBC00BFD88E0200DC8E020070B50C687F
:100CF000651C15D0C4F302669E42C4F3074530D18B
:100D0000A4B294422DD804EB8506B24229D2141B1A
:100D1000A50824F003040E59340F04D0012C08D088
:100D20000022212402E06B1C51F82320C0E900249A
:100D300070BD0E4C34F8133042EA03431A686B1C42
:100D400051F8234001EB83014B6822405E4036F0AE
:100D5000704404D11B0F032B04BF8B681A4300247B
:100D6000E4E7013501EB8501C1E700BFB88E020061
:100D700007B501A8F4F7E2FB4822164B5A65164A5C
:100D8000D2F8D43023F4FC33C2F8D430134B1B68B0
:100D90009DF80530023B012B19D84022104BC3F8B7
:100DA000FC23104BD3F85C32DBB2FF2B00D10623BF
:100DB000094A1B03D2F8FC139BB20B43C2F8FC3365
:100DC000D2F83021084B1A6003B05DF804FB01F043
:100DD00051FAECE7008001B8000002B8002000B032
:100DE000001002B80080E00F1C3C00202DE9F04705
:100DF000074688461446234D234EDFF894A088B05A
:100E00001CB9204608B0BDE8F087B4F5006F4FF07C
:100E100010024FF000016846A14628BF4FF4006958
:100E200003F03EF808238DF8003009F1FF339BB240
:100E3000009A1B0143F0036332402B4013431022FE
:100E400000210DEB0200CDE90038029703F028F8ED
:100E50006B469AF800100D4804AAF4F7F4FB9AF8D0
:100E600000100A48F4F72AFCA4EB090408EB8908EF
:100E700007EB89079AF80010044805F096F9002856
:100E8000F8D0BDE7F07F300C0F80CFF300000450A6
:100E9000BE40002008B5054B4FF030401A680449A9
:100EA000FFF7A4FFBDE8084001F0B8BBD88E0200F0
:100EB000DC8E020010B5044605F055F9064B074AD2
:100EC0001C70074BFF2C08BF1346064A136005F041
:100ED00045F9002010BD00BFBE400020C90C020033
:100EE000950E0200A8400020014B1878704700BF03
:100EF000BE40002000224FF400710F4B10B51A675E
:100F00005A679A670D4AD162012102F5E8325161B0
:100F1000DA6812F0706FFBD14FF0304201245A664C
:100F200002F5FC5208329C66DA64054B1B68984750
:100F3000044B5C6110BD00BF000002B8004000B867
:100F4000A8400020002002B801230F4A0F49C2F830
:100F500080328A6A22F002028A620D4A53600D4A88
:100F600053600D4A5360A2F580425360A2F540429F
:100F7000536002F5C032536002F580425360A2F51F
:100F800000425360704700BF0080005000C0005016
:100F900000D000B800500054005001B808B5FFF769
:100FA000D3FF0D4B0D4ADA6701F05CF9FFF7E0FE65
:100FB00003220B4BC3F8E02000F0E8F94FF4607215
:100FC000084B5A614FF40072DA67FEF7F5FABDE894
:100FD00008400021FEF7CCBA000002B80048F0003B
:100FE000005001B8001002B82DE9F04F804687B0DC
:100FF00002900D4655F8044B631C08D1029BC8F8BB
:101000000040A8EB0300801007B0BDE8F08F5FEA56
:10101000147B18BF0122324BC4F3016A33F81A1053
:1010200008BFC4F307424FEAC209A4B22D4B44EAF9
:10103000014409F104014144994241D398453FD804
:101040000020E1E7059B23BB072017F0420F20FAA1
:101050000AF000F001002BD117F0280F20D1002258
:101060002244BBF1010F46F8082C4FF0FF3218BFA5
:101070000022019B043453F8041B08364A4046F80A
:101080000C2C0193049B9C42DCD10399C844294455
:10109000AFE740F6F30232210020FBF7FFFDDEE769
:1010A00040F6F7023221FBF7F9FD4FF48052D7E703
:1010B00040F6FC023221FBF7F1FD4FF40052CFE77E
:1010C0009300039304EB82030493012303FA0BF7C9
:1010D00007F0940308F1080601950593D2E700BFD5
:1010E000B88E0200003000B0F8B50546F0B1002619
:1010F000154B34461F46154953F8042BBAB9A000C6
:1011000000F13040294600F50150FFF76DFF30B97E
:1011100040F6A8223621BDE8F840FBF7BFBD0C4BD6
:101120000134044447F8265023F81640F8BDAA427B
:10113000FCD001360C2E02D031F81640DCE740F628
:10114000C22236210020E6E78C3C0020363D0020FC
:10115000383D002070B5C0B100296ED00022134682
:101160003749384C51F8045B85420FD136498A68BB
:101170009206FCD49B00354A03F1304303F501533A
:10118000C2F8B0302022324B9A6070BD01320C2A76
:1011900053D034F81230E5E71FD142680830C3E974
:1011A00000120268531CF0D0C2F3016334F813102C
:1011B00012F47E0F93B243EA014313D00430C2F31A
:1011C0000742022A0168E7D946688568033AC3E9FD
:1011D00000169D600C300C33F3E7012AE1D1043096
:1011E0001960DEE7120F00F108054068072A09D8E8
:1011F000DFE802F007040A0E1114191EC04303F5BC
:10120000005318602846CCE71A6842401A60F9E794
:1012100003F58053F5E703F027FFF3E7012203F519
:1012200080538240F2E7012203F500538240EDE74C
:101230001A6830EA0202FBD1E4E7064CB1E700BFCE
:101240008C3C0020363D0020000002B8001E00B09B
:10125000001002B8B88E02000B4B1B68D3F8F030B8
:1012600023B11A68022A01D9186A7047074B9A6D90
:1012700090B238B1064BC2F307421B68DB085343F8
:10128000B3FBF0F0704700BFBC390020004001B84C
:10129000783C0020064BDB68C3F30363984206D119
:1012A000044AD36B23F0F00343EA0111D163704782
:1012B000000002B8001F00B0054B1B68D3F8F030E7
:1012C00013B11A680A2A01D8FFF7C6BF186C704715
:1012D000BC3900202DE9F347054603F0BEFE002788
:1012E0008046194EDFF864A004F03DFF0DF10701C0
:1012F00081460DF10600FDF705FC9DF806300BB3A5
:10130000DAF80C3013F4603F1CD0DAF8100003F068
:1013100010FF04466B1C03D003F09FFEA0EB0807F0
:10132000484604F01BFF14F5007F07D19DF80630F6
:1013300013B99DF807300BB1AF42D5D3204602B0A8
:10134000BDE8F0873446E5E700FEFFFF00C000B8C7
:101350000B4A10B5136E0B4C116E03F00703E35CE0
:10136000C1F3CD0101FB0333126E0748C2F34542BE
:1013700002FB033300688001B0FBF3F010BD00BF37
:10138000004001B8B08E0200783C00200122014BE1
:10139000DA677047001002B80122014BDA67704724
:1013A000002002B84022014BDA677047002002B8E3
:1013B0004022014BDA677047001002B810F1800F2D
:1013C00004D04D28CEBF7F20323040B2FF22034BE5
:1013D000C0B21A62A3F580531862704700E000B8EB
:1013E000084910B5D1F89C3040B11C46CA68D1F804
:1013F0009C309C42F9D1C2F30362027003F00F00EB
:1014000010BD00BF000002B8064B01F080011B6F49
:1014100003F480030B4302BF4FF40012024B1A6225
:10142000704700BF000002B8006001B810B504F0BA
:101430009AFE0E2104460320FFF72CFF40F2012202
:10144000034B2046BDE81040DA6204F087BE00BFBF
:10145000004000B8124B197809BB124A106A586054
:10146000D2F88800D860526E1A610F4AD06898612D
:10147000D06BD861D2F8B4001862D2F8B8005862C4
:10148000106B9862506BD862926B1A6301221A70CB
:10149000064B074AD3F8A0001060C3F8A0107047AD
:1014A000C03C0020004001B8004000B8001E00B061
:1014B000BC3C0020164B1A784AB35968154A116291
:1014C000D968C2F88810196951669969A2F5803205
:1014D000D160D969D163196AC2F8B410596AC2F8E7
:1014E000B810996A1163D96A5163196B916301212C
:1014F00002F5005291641021A2F58052C2F88410C6
:1015000000221A70044B1A68044BC3F8A0207047DD
:10151000C03C0020004001B8BC3C0020001E00B0D0
:10152000194A38B5136A03F4E071C02921D003F0D9
:10153000C003802B23D1154B154A01255A66302252
:1015400003F580535A660522A3F59033DA6003F55C
:1015500080539D6404F007FE04460E4B29461D612E
:101560000D4B00205B6898472046BDE8384004F0EA
:10157000F5BD23F4E07343F080031362DBE700233F
:10158000C2F88830D7E700BF004001B8005001B86A
:101590000F00FFFF000002B890400020012838B57E
:1015A00001D0042831D11E4BD3F8B42022F480425C
:1015B000C3F8B420D3F8B82022F48042C3F8B8208E
:1015C0000122DA6324221A634FF480725A634FF4C3
:1015D0009C729A63102203F50053C3F884200522FD
:1015E00001250F4BDA6003F580539D6404F0BBFDC9
:1015F00004460C4B29461D610B4B00205B68984745
:101600002046BDE8384004F0A9BD3F22074B06281C
:101610005A660CBF064A074AA3F580535A66DEE7AE
:10162000004000B8000002B890400020006001B8FF
:101630003800FFFF1200FFFF4FF604014FF60502CE
:10164000044B01201B6C9BB28B4208BF1346024A1D
:10165000136670470080E00F00C001B82DE9F84321
:1016600004F081FD0C224FF0B04700212B4C2C4D93
:10167000637C06465A433A441163D5F87080296763
:10168000D5F8000194F810C0E06026480233C0F895
:101690008CC00320C5F80001012000FA03F32248A2
:1016A00043614FF48070214B586602203B6A01333E
:1016B000A3605363106301333A6A00BF00BF00BFE9
:1016C00000BF00BF00BF00BF00BF686E10F480798C
:1016D00015D19342F0D139B1304604F03FFDCD220F
:1016E0001A214846FBF7DAFA0C21627CA3684A43C8
:1016F000023302F1B042A36001215363DBE74FF4F0
:1017000080720A4B30465A660122C5F87080C3F8D1
:101710000021BDE8F84304F021BD00BF203D0020BA
:1017200000C001B8008003500020005800E001B85C
:101730002DE9F74F81460E464FF0FF34FFF750FA80
:10174000002501908A46A0462846DFF8D0B005F172
:1017500010031B015BF8037007F00307012F15D17D
:101760002846FFF755FA02460B4601985146FEF708
:10177000D5FFDBF8643005F10802D340DB0736D52E
:10178000002E3DD00024A046356038460135082D96
:10179000DDD148B300221146204DAF68AB6B013359
:1017A000E8FB034107F44033B3F5003F30D16B6BE6
:1017B00007F44057013342F10006B7F5805F22D1AC
:1017C0002D6B15F5807505FB06F642F1000203FB53
:1017D0000266A5FB03323244594304FB0212A3FB09
:1017E00004342244C9E9003203B0BDE8F08FA042BE
:1017F00071EB0803C9D206B1356004468846C4E7D8
:101800003446B046C1E7320242EA13621B02E3E704
:101810002B6B13F5807342F10002DDE700C001B8C5
:1018200008B503F0B5FC044B5A7C01230232934007
:10183000024A536108BD00BF203D0020002000582F
:10184000FF2870B53ED0FF2938D00B2834D80229A4
:1018500032D81F4C1F4B617441F44021207441F475
:101860004071063043F820101B4B1D6803F07DFCCF
:101870006E08ED07024600232846314602F0EEF8D6
:10188000090241EA1061C0F3C05040EA4100134B25
:101890002060186B10F5807005D14FF4D7722B21A2
:1018A000FBF7FCF90220024600230020012102F090
:1018B000D5F86060002070BD2120FCE70B28FBD824
:1018C0000021C6E7FF294FF00700C0D1F8E700BFAD
:1018D000203D002000800350783C002000C001B86B
:1018E00010B504F040FC0446FFF7B8FE0222054B99
:1018F0002046BDE81040DA600122034B1A7004F064
:101900002DBC00BF00C001B86A3D00200C490B7817
:10191000ABB10C4B5A7C0123023293400A4A9361CB
:1019200053614FF48062094BC3F8802100230B7090
:10193000074BD3F80C01D3F8041100F0ABB8704793
:101940006A3D0020203D00200020005800E100E01A
:1019500000C001B810B5044603F007FC6043044B17
:1019600000F5F42000F59070B0FBF3F010BD00BF5F
:1019700040420F002DE9F74FFFF7ECFF044604F05B
:10198000F2FB00213C4D064668462970FFF7D0FE69
:101990004FF0B0431F6A394BDB6813F0706F1ED1F4
:1019A000374B5B6913F0060A19D1F0B1DFF8DC8020
:1019B000611DD8F80000A1FB00B903F0D6FB534627
:1019C00002464946584602F049F8DDE9009A090204
:1019D00041EA10610002484571EB0A010DD330461F
:1019E00003B0BDE8F04F04F0B9BBFFF737FE0222A9
:1019F000234BDA6001232B70F1E7FFF72FFE03F092
:101A0000B4FB4FEA192141EA0A61A0FB01B9D8F8F9
:101A100000204FEA1A2A00FB0A9912B903F087FB4B
:101A2000024600235846494602F018F84FF00C0EC3
:101A30000122DFF85CC001349CF811303F1B991C77
:101A40000EFB03F38A400F49074403F1B0434A6198
:101A50005F630D4F241ABA614FF0B0473F6A5B6B6A
:101A6000FB1AA342C3D2DCF80C00054BC3F80001FB
:101A70008A614A61B3E700BF6A3D0020000002B8F6
:101A800000C001B80020005800100058783C002029
:101A9000203D00202DE9F74F0C228D4C0191637CF5
:101AA0008C4E5343002203F1B0431A63217C8A4BCE
:101AB0000546C3F8AC104FF40031884B90461961CD
:101AC0000223F3604FF0B0431B6A5F1EDB1B002B49
:101AD00040F3E88008F10108B8F1020F69D9EC225F
:101AE0000D210020FBF7DAF84FF080527C4B794E45
:101AF0005A66E2684FF00008C6F800214FF4003241
:101B00001A61754BC3F8AC800C23627C5A4302F116
:101B1000B042C2F8308004F026FB434641464FF401
:101B2000807E376AD6F864C003F110021201B25801
:101B300002F00302012A10D10EFA03F212EA0C0F8E
:101B40000BD106EB0314BD42D4F80C4100F2BA806D
:101B5000A54202D2A74280F0B8800133082BE3D11E
:101B6000604C2268012A08D85F4D2B78142B02BFE5
:101B700000235E4E337001332B70A9B1544D012AFE
:101B80006B8A43EA01036B82544B59660CD8574960
:101B90000B780133DBB2022B0B7005D1002301322D
:101BA0002260514A0B70137003B0BDE8F04F04F08F
:101BB000D5BA4FF00C0A4FF00009637C0AFB03F31F
:101BC00003F1B043C3F8309004F0CDFA4FF08053E6
:101BD000434A53664FF0B04394F811E01F6A0AFB82
:101BE0000EF3013703F1B0435F63316BB368DB037E
:101BF0004ED5A2682368BA1AA2FB03A2D4F804B097
:101C0000AAFB0BC3CC46E2FB0B3C01F58079A9FB98
:101C1000031B09FB0CBBBAEB010162EB0B02090AC7
:101C200041EA0261019A1144B1EB192F4FEA1922DE
:101C300003D301334CF1000C891A043A8A4228BFBD
:101C40000A46EB18B261227D4CF10001D6F820C0A3
:101C5000D2B26545D6F838C084BF02F1FF32D2B2A5
:101C6000BCF1FF3F0ED04FF0000A0CF101099C457A
:101C70007AEB010B08D20132B3EB0903D2B261F166
:101C80000001F4E70A44D2B202F003022275336283
:101C90000C2303FB0EFE02230EF1B04ECEF83030C3
:101CA00004F05CFA4FF0B0431B6A00BF00BF00BFF6
:101CB00000BF00BF00BF00BF00BF726ED2007FF543
:101CC00005AF11E7A542BFF445AF0A4391B244E71F
:101CD000203D002000C001B80080035000D001B8B2
:101CE00000E001B8E83B00206C3D00206B3D002087
:101CF00037B50446FFF728F9E17822791B4841EA15
:101D00000243C0F8CC34E579A37943EA0543C0F82F
:101D1000D03423784BB18DF8041004218DF80520C0
:101D20000DEB01000022F3F77DFC63785BB1042129
:101D3000A37900228DF80430E3790DEB01008DF8D2
:101D40000530F3F76FFC227801235AB1084AC2F834
:101D5000C834627802233AB1054A0020C2F8C83478
:101D600003B030BD034AF2E7024AF6E700C0035071
:101D700000D0035000E0035070B52B4B0D461A788D
:101D800012B92A4A926D1A70294AD26F520549D562
:101D90001C78284B04F00F06B0FBF3F040434FEAE9
:101DA000141405D140F289622B21FAF777FF012044
:101DB000214A0A217243B2FBF0F34843B3FBF1F628
:101DC00002EB5002B2FBF0F201FB1633042BD2B24D
:101DD0001BD8C3EB8311C3EB81035BB2002B14BF91
:101DE0006FF0040105210B440A2193FBF1F31C441D
:101DF000E3B264B20F2C0FDD013AD2B2053B5CB204
:101E0000002042EA04122A6070BDC3F10A0303EB0A
:101E100083030521DBB2E6E7002CF1DA0132D2B20E
:101E20000533ECE70220EFE76D3D0020008001B8AC
:101E3000000002B8403B2500809698004FF0000C4F
:101E40002DE9F84FA2FB0179C94EDFF860E3BE1916
:101E5000984669F10003B6457CEB030308D240F2D3
:101E600043220E216046FAF719FF0220BDE8F88FE1
:101E7000D0F8F0A00C461546BAF1000F04D0DAF8FD
:101E80000030032B00F21881BA4BBB4A9E6BA3F5BE
:101E90008043D3F8EC30C6F314065900B74B48BF63
:101EA00046F400161B6ED2F8FCA05A074EBF4FF442
:101EB00040039B0503F0E07346EA45661E4303F0CA
:101EC00011FE012D8346D0D10028CED0AC4B9842D4
:101ED00000F0008103F5122303F5F863984200F047
:101EE000FD80A84B984200F0258102460023002087
:101EF0004FF0007101F0B2FD0130A7FB007200FB52
:101F00000922C6F31303A3FB0B3B20329209C8F846
:101F10000020DB0C9C4A43EA4B33F502146058BFA7
:101F20005B429A4A9A4DC8F814401C4413602C60D6
:101F3000BAF1000F00F0BD80F001964A83EAE37029
:101F4000A0EBE370C6F38153D75C4FEAE07E47F322
:101F5000401100FB01F14FEA876707FB0E11A0FB60
:101F6000070748BF64084FEA540C10EB0C004FF011
:101F7000000341EB0701224601F070FDDAF8003062
:101F80000E2B08D97D4B7B4A926BD969D3F80C3163
:101F9000C90600F1C680B3024CBFC42140F207114C
:101FA000C0F31300C8F804007B48DAF81820A0FB3F
:101FB0000460400901FB00F04FF4FA73B0FBF2F04B
:101FC00000FB03F3FA33A4FB0116A3FB02328B429E
:101FD000B24138BF0130C0B240F4006CC8F808C04C
:101FE000002879D0DAF81C70A0FB07321CB1B4FAD3
:101FF00084F10E297FDDE103002A71D1B1FBF3F1F9
:102000004B0003FB0003A3FB07624FEA044EB645F7
:102010004FEA144474EB020209D340000344A7FBC7
:102020000362B64574EB020201F10101F6D2C1F37D
:102030000E014CEA013C4CF00063C8F8083003F094
:1020400051FD2C68002C00F08680B4FA84F3D3F1A3
:10205000020358BFDC40514B9C4288BF64080028F3
:102060006AD0B4FBF0F3642100FB134201FB02F2DF
:102070005D1E90424FEA550572D85B08013B2D0268
:1020800045EA0315C8F80C5003F000FD58B3B4FB43
:10209000F0F3642100FB134401FB04F4A04228D8B0
:1020A0005A1E52085B08013B120242EA0313C8F8A9
:1020B00010300020BDE8F88F042BDAF828607FF498
:1020C000FEAEF00154BF06F0E0734FF4400326F07B
:1020D000E076F3E6324810E72120C7E631480CE706
:1020E000034600218FE740F2F2422B21FAF7D6FD9A
:1020F0002346013BD4E7C1F10F0601F1110E02FAAC
:102100000EFEF34043EA0E03A6F1200E22FA0EFE65
:1021100043EA0E03F240013304FA01F142F10002F6
:102120006AE702F4801203F400131A4308BFC0F5F3
:10213000801030E71C48E0E6631EA51E5B086D08B2
:10214000013B2D0245EA031540F2CF422B2100202E
:10215000FAF7A4FD96E76FF01F05002892D1F3E788
:10216000023B013D5B082D0145EA03258AE700BFDC
:10217000006CCA88008001B8001F00B0004001B8A0
:1021800000F04902005A6202FC3C0020F83C0020AA
:10219000F43C0020C08E0200D34D62103FBE4025AB
:1021A0000A3BB2DF313641DCD694BFD6807C814A0F
:1021B00010B50B46044686B039B9827901682148CA
:1021C0006B460068FFF73AFE6B461F4A1968516379
:1021D0001E4AD2F8FC2062B35A6842B11C4A1D491B
:1021E000C2F80C115968A2F58052C2F80C119A6815
:1021F00042B1174A1849C2F8EC109968A2F580520A
:10220000C2F8EC101549D868D1F8642122F4EE62C6
:102210000243C1F86421D1F85C21186922F4EE620E
:102220000243C1F85C21A1F5FF4158692839FFF745
:10223000A3FD0020A2880A4B9A6203F5A03318641C
:1022400006B010BDBC390020008001B8001F00B0EE
:10225000006001B8FFFF0F00FFF8FF0F000002B899
:10226000004000B84FF48062014BDA67704700BF4E
:10227000001002B84FF48062034BDA67034B1B78FF
:102280000BB1034A93657047002002B86D3D0020F2
:10229000008001B80523064AA2F84A3092F8493076
:1022A00003F0010363F0730382F84930704700BF05
:1022B000001F00B070B51D4E0546F36803F0706353
:1022C000B3F1007F30D103F04EFFF368044603F012
:1022D0007063B3F1007F22D1284602F056FD30B181
:1022E000134B93F8C42012B1002283F8C5200F4B82
:1022F0001B6F9B0510D50E4B0E49D3F8A83009690A
:102300001A789B6843F80C1C32B94FF400320A4B20
:10231000CF20DA61FEF75CF98022044B1A61204677
:1023200003F01CFF002070BD0220FCE7000002B893
:10233000001E00B000C000B8001002B810B590B187
:102340000468012C0FD902696AB11168094B102C7D
:10235000196051685960916888BFD268996094BFCC
:10236000D960DA6010BD10220021024801F098FD0A
:10237000F8E700BF043D0020084BC1171A68A2FB14
:10238000000302FB013310F1807043F10003400EA3
:1023900040EAC310803820EAE0707047143D002006
:1023A0000722164B70B5DA66154B164A1E68164B97
:1023B000F408E005C0184FEA163141F1000100238E
:1023C00001F04CFB114B124D18604EF66020FFF7E8
:1023D000D3FF4042C5F884000E48FEF73DFC02469C
:1023E00058B1E301500818184FEA16714FF0000376
:1023F00041F1000101F032FBE86570BD000002B858
:10240000783C002065CD1D00B2E60E00143D002092
:10241000001F00B040420F0010B5044698B10B4BAE
:10242000D3F8FC00FFF78AFF4FF47A7303FB04F044
:10243000074BA0F6AC50DA689B681044C01ABDE8A0
:102440001040FFF799BF4EF66020F8E7001F00B07C
:10245000043D00202DE9F0410546084614461E467D
:10246000FFF76CFF002D00F0838072076CD52869A0
:1024700000287FD04FF47A735843464BA0F6AC50F7
:102480009B68C01AFFF778FFE061A88B002874D022
:102490004FF47A7358433F4BA0F6AC509B68C01A78
:1024A000FFF76AFF20613C4BE9681F68002967D08D
:1024B0004FF47A735943374BA1F6AC519A685B6875
:1024C000891AC91A354BC8171A68DFF8D880A2FBD9
:1024D000011302FB003311F1807143F10003490E37
:1024E00041EAC31180392E4B6161DB6EA361D8F8DC
:1024F000003053B1384602F048FC30B12246D8F8DB
:1025000000302449D7F8E40098470021A869FFF774
:1025100083FFA062A868002835D04FF47A7358432F
:10252000A0F503501038FFF727FFA060286840B1DE
:102530004FF47A72174B1B6803F51C53103302FBE0
:102540000030FFF719FFE060B30711D5284600F00F
:1025500055F860626B69CBB10E4AD0684FF47A725D
:1025600002FB0300A0F503501038FFF705FF2062BF
:10257000BDE8F0814EF6602084E74EF660208FE7DC
:102580004EF660219EE747F23050CCE747F23050DC
:10259000EBE700BF043D0020BC390020143D0020C3
:1025A000001F00B0003D002070B5064608461C46DE
:1025B00002F076FD0546D6F8F00000F011F8436809
:1025C000054A002BA8BF4FF4FA721A44034B601956
:1025D00092FBF3F2104470BD0CFEFFFF18FCFFFFEE
:1025E00040B10368012B05D90069034B002808BFDF
:1025F0001846704700487047C88E0200406840B1D6
:102600004FF47A72044B1B6803F51C53103302FB22
:102610000030FFF7B1BE00BF043D002070B5124C82
:1026200088B001AD0FCC0FC594E8070085E807001E
:102630008C2200210D4801F033FCD42200210C48EB
:1026400001F02EFC0B4B0C4A5A63FFF723FE0B4B99
:102650001B783BB1044E01AD0FCD0FC695E80700C6
:1026600084E8070008B070BDC41F00B0A01E00B011
:102670002C1F00B0001F00B0101111115C3D002094
:10268000064BD3F8D80E064B5B6F1A0103D4054BEB
:102690009B6E1B0401D500F580707047001000B0E0
:1026A000000002B8004000B8012370B5074C237049
:1026B000074B1E68074B3240D3E9005319402840AE
:1026C000FBF7ACFB0023237070BD00BF753D0020FD
:1026D0001C3D0020F82F0020024B1879C0F3C000E9
:1026E000704700BFF82F002010B50446FEF756FCD7
:1026F00000F0BCFD2046FCF78FFFFEF7FBFBFDF76B
:1027000087FFFDF7FDFFFFF74BFE13490723134A31
:10271000D1F8FC1004F58270FFF79CFE4FF0807139
:102720000020FEF7B9FA4FF000720D4B4FF4001184
:102730000120C3F80021FEF7AFFAFEF77DFF20B9B4
:1027400040F221121421FAF7A9FA02F02AFDBDE89D
:1027500010400120FDF768BE001F00B0581F00B0F8
:1027600000D001B88023074A1367082340B11367DC
:10277000054AD2F8A03023F02003C2F8A0307047F9
:10278000024AF4E7001002B8001E00B0002002B8B0
:1027900010B503F0E8FC012104460020FFF7E2FF3A
:1027A000044B1961044B5B6898472046BDE8104014
:1027B00003F0D4BC000002B89040002038B5164C9D
:1027C000054620784FF42072B0FA80F03E2140098F
:1027D000FAF764FA55B14FF44062104BD3F8B430B5
:1027E000C3F3812323700E4BC3F8B42060784FF4F9
:1027F0002072B0FA80F03E214009FAF74FFA55B145
:102800004FF44062054BD3F8B830C3F381236370B3
:10281000034BC3F8B82038BD6E3D0020004000B81F
:10282000006000B8A82238B51B4B1D6F03F500539C
:102830001A6710229A60A3F5804302F100521A67CA
:102840005A6600F039FF154B1B7813B90320FDF7CA
:1028500077FF0024124B9C6700F054FF114A124B83
:10286000D2F8D81E0B40C2F8D83E04220F4B1A678C
:102870000F4BAA06C3F8AC4008D503F58073DB6C98
:10288000B3F5817F22BF8022034B1A61FCF7A0F8C9
:102890000022084B1A7038BD000002B8713D0020BC
:1028A00000C001B8001000B0DF0000FF002002B837
:1028B000001E00B0703D0020034B187818B9034B80
:1028C000D868C0F380307047703D0020000002B827
:1028D000994B2DE9F04F9A6EDB6E87B002EA030840
:1028E000964BC3F86880964BD3F8E070D3F8EC3081
:1028F0001F40944BC3F8E070934BD3F80822D3F8F1
:102900000C3202EA030A914BC3F808A203F52043F4
:10291000DA691B6A02EA03098D4B09F47702DA616E
:102920008C4BD3F80422D00605D4D3F8046116F0FA
:10293000100600F0DD8003F016FC874B5A695E6ECE
:1029400002F0060BBBF1000218BF01221B6F0192BF
:102950001E40824A26F0007323F400637107536619
:1029600004D57F4A137D0133DBB2137503F0F6FB08
:10297000B8F1000F00F0DD8018F4004427D003F018
:10298000F2FB0146FFF77CFE0446764B1D682A6881
:102990002B689A42FCD02A689A42FCD0FFF770FE5E
:1029A000A04240F0A780084603F0D8FB6E4B1C60A5
:1029B0006E4B1D6F15F4E05B40F09E8024F07F4469
:1029C00024F0DF040CB9FFF72DFF4FF080740025D1
:1029D00018F0020F12D0654B5D491B6F03F4604283
:1029E0000A67002A00F09C801A0400F19C809D0474
:1029F00040F19C804FF0006300251C43C8F3403831
:102A00004FEA48085A4B3B40002B4AD017F4206F3E
:102A10000AD040F2C95206210020FAF73FF90020FF
:102A200000F0CCFE27F48027F80506D5FF22484B9E
:102A300044F4C0649A60FEF7F9FC17F0090F0AD05D
:102A400040F2DE5208210020FAF728F900F0AAFE31
:102A500001223B4B1A6317F0106F0CD040F2E75283
:102A600009210020FAF71AF900F09CFE0022114615
:102A70001046FCF771FE17F4202F0AD040F2EF52F7
:102A800007210020FAF70AF9002000F097FE27F44A
:102A90008027F90301D5FCF7A3FF002FB8BF48F04A
:102AA00008087A070DD5264BDB6A13F4005F4FF454
:102AB000005317BF234A2F4AD36244F4000408BFCF
:102AC000D3627B0548BF44F0040417F480230293CB
:102AD00000F0B580FCF73CFF013806284CD8DFE851
:102AE00010F068016B0168016E01710174017401DD
:102AF00001963DE704464AE7FFF794FE144BC3F8FE
:102B000070B015F4805305D115F4806505D04FF0F1
:102B100080645CE74FF0804459E74FF0805457E7FA
:102B20004FF0007368E74FF0004365E74FF0005344
:102B300062E74446454665E7004000B8006000B8DB
:102B40000040005400600054004001B8006001B82B
:102B5000002002B800E100E000C001B800E001B8C8
:102B6000203D0020508E0200183D0020000002B8D9
:102B7000090B0B89005000544FF4C462032100205C
:102B8000FAF78CF801219B4A936ED2F8880003F083
:102B90000703063301FA03F3C0F30C001B1A9BB2C0
:102BA000072B12D9944B1B6F58020ED49348936B8A
:102BB000926D406D58B103F0070306339940C2F39C
:102BC0000C03C91A89B2072901D844F400748C4B4C
:102BD0001B78002B33D0874BD3F8E03013F4A02FB1
:102BE0002DD1884BDFF85CB21B7883B9F2040ED488
:102BF0009BF800305BB18449C4F3C003D1F8D81E00
:102C000083F001035B0021FA03F39B0717D1042033
:102C1000FDF796FD7D4B7E49596700F019FB9BF847
:102C2000003043B97B4B1B782BB17B4B7B4A1B6835
:102C30002340134201D144F4804426F48056BAF173
:102C4000000F1DD01AF4805F18BF44F480241AF4DA
:102C5000807F18BF44F400241AF4005F18BF44F0CA
:102C600010041AF4007F18BF44F020041AF4806F97
:102C700018BF44F040041AF4006F18BF44F08004F9
:102C8000B9F1000F47D019F4001F0AD0644B1B683C
:102C90003BB1594A6348116F00680022C1F3C0611B
:102CA000984719F4802F18BF45F4007519F4803F38
:102CB00018BF44F4805419F4801F18BF44F4003442
:102CC00019F4800F18BF44F0020419F4003F18BF34
:102CD00044F4801419F4000F18BF45F0100519F4DE
:102CE000002F18D0504BD3F8A03013F0C00F12D0E3
:102CF000414BDA6802F03062B2F1407F05D15A6F81
:102D0000D00602D49B6F190762D54FF40022474BBF
:102D100029F40029DA61002E00F0468132051ED523
:102D20004349DFF8E8B091F803A0424ABAF1000F36
:102D300000F08A804FF400600AF1FF3A50665FFAB3
:102D40008AF2CA703AB93C4A1278002A43D040F657
:102D500001423A4B5A670022134614431D43B30005
:102D600009D52E20FDF734FC4FF00052314B45F0D1
:102D700008051A675A66F00608D52B20FDF728FCCF
:102D800010222C4B45F400151A675A6616F0306F66
:102D900040F0A080F10440F1FB80019B002B40F04B
:102DA000DD80274B1B68013300F0548144F001049F
:102DB000EEE044F48034E5E644F40064E2E644F4F2
:102DC0008064DFE644F48074DCE644F00804D9E66D
:102DD00044F400149FE7DBF8782012F4A05F15BFDD
:102DE0004FF4807240F60142CBF85820CBF878209F
:102DF000B1E700BF00400054000002B8004000B836
:102E0000773D0020763D0020001000B000C001B8E2
:102E100000000101723D0020F82F0020088D010004
:102E2000183C0020BC390020001E00B0002002B871
:102E3000613D002000E001B8713D002000D001B8E4
:102E40009C400020733D00200320FDF779FC4FF4E7
:102E50000061AA4A5166DBF8141011F0060124D073
:102E60005046FDF735FEDBF86410DBF87030A34AFE
:102E70000B4013F0100F1DD010232D201367536645
:102E8000FDF7A6FB4FF4001A9D499E4A4B8A13F4A6
:102E9000006F1BD023F400634B82137803F0FF0212
:102EA0005BB14FF40042534657E741F61F7050673D
:102EB000CBF878104FF0000AE6E70392FDF7F8FE32
:102EC000FFF7B0FC039A4AF0200346E713784FF46B
:102ED0000052E8E732011BD52920FDF779FB8A4B28
:102EE0005B6C13B11022894B9A60894B8949DB686E
:102EF00003F48042C3F380330B70FFF7EDFB28B17E
:102F0000854B7E4985484B660367D2B945F0040579
:102F1000B30123D50420FDF713FC2720FDF758FB50
:102F2000FFF780FC4FF00072744B5A667C4BD3F86D
:102F3000D83E590676D40222744B9A6045F00205B9
:102F400023E00B6720204B66FDF742FB45F400159C
:102F50002D2045F00C05FDF73BFBD9E716F0807FEF
:102F6000DFF8A4A149D00420FDF7EAFB2820FDF7F3
:102F70002FFBDAF87830002B3BD1FFF753FC5F4B87
:102F8000654A45F001051A675A6600225E4B9A654C
:102F9000720509D5634A9378002B00F0A980013BA4
:102FA0009370002348EA03085F4BD3F8A0301B0658
:102FB00003D520462946FCF77FF84246204629469D
:102FC000FFF772FB029B0BB1FCF7F8FC0122574B99
:102FD00007F00437C3F8E070554B19F4002FC3F81D
:102FE00084211EBF4FF40022484BDA6107B0BDE8D0
:102FF000F08F0023CAF87830C1E7F004C5D504206B
:10300000FDF79EFB4B4BCAF87430FDF751FEDAF822
:10301000643013F0407FB8D12A20FDF7D9FAFFF7CA
:1030200001FC83E7404BD3F8A020920686D402210E
:10303000414A9160414A126892F82520D0077FF5F5
:103040007DAF93F8C430002B3FF478AF8022304B33
:103050001A6173E7334A13794BB1013BDBB2137149
:1030600013B92E4B364A5A6700231C4390E70420BD
:10307000FDF766FB0320FDF763FB234B2D4A5A67E0
:1030800003F071F882460DF11700FEF7A9F92D4BF8
:1030900083461B780BB1FEF7C9F9BBF1030F0ED1C4
:1030A000DFF86CB00020FEF79BF9032807D1DBF8AE
:1030B0007430D903F6D4DBF85C300C2BF2D99DF8D0
:1030C0001730032B06D101221F4B50461A7003F014
:1030D00045F8C9E71D4BD3F8E03013F4A02FF2D127
:1030E00000F0B6F8504603F039F84FF48043BCE7DF
:1030F0000220FDF725FB012354E700BF00E001B8E3
:10310000203D0020713D002000C001B8002002B821
:10311000000002B8703D00201000002000D001B86F
:10312000001000B0613D0020001E00B0006000549F
:1031300000E100E000000101001002B8BC390020ED
:103140000000010D743D0020763D00200040005439
:103150000122024B1A62DA61704700BF002002B8F8
:103160000D4B10B5DC691A6A14400C4A24F47F0137
:10317000D161E20706D5D9684FF0FF30C1F3036192
:1031800002F019F8630706D5BDE8104004220020BC
:103190000021FFF789BA10BD000002B8002002B874
:1031A0000C4A08B5936B526C13400B4A9363DB07D0
:1031B0000FD50A4B40F67A021878122100F0010070
:1031C000F9F76CFDBDE80840002201200021FFF75F
:1031D0006BBA08BD00C000B800E000B8F82F0020AE
:1031E000054AD2F88430DB07FBD4936FD2F88420F1
:1031F0001340024A93677047008001B800A001B8ED
:1032000008B502F0B0FF0E4B1A78A2B90D4A126849
:1032100012F4843F0FD10C4A1021D1671B7863B997
:10322000084B1B68DB0508D4074B2022DA67BDE892
:10323000084002F093BF054AEEE7044BF5E700BFF4
:10324000773D0020F82F0020002002B8001002B8BF
:103250000022044B1A70044B197811B11A70FFF751
:10326000CFBF7047763D0020773D002008B502F0C3
:103270007AFF4FF00042224BC3F88020BFF34F8FFC
:10328000BFF36F8F0122C3F88420BFF34F8FBFF3CA
:103290006F8F0222C3F88420BFF34F8FBFF36F8F6D
:1032A0000422C3F88420BFF34F8FBFF36F8F08222F
:1032B000C3F88420BFF34F8FBFF36F8F1022C3F882
:1032C0008420BFF34F8FBFF36F8F2022C3F8842079
:1032D000BFF34F8FBFF36F8F4022C3F88420BFF33B
:1032E0004F8FBFF36F8F4FF48072C3F88420BFF30A
:1032F0004F8FBFF36F8FBDE8084002F02FBF00BFB4
:1033000000E100E008B502F02EFF4FF00042094B4B
:103310001A6001225A6004225A6008225A60102260
:103320005A6020225A6040225A60BDE8084002F0EC
:1033300015BF00BF00E100E02DE9F047DDF820A057
:1033400003EA0108099B06460C4602EA000703EA65
:103350000A09BAF1000F40F04E81031F0B4300F041
:103360000E81052871F1000380F0E48050EA01032A
:1033700000F06081431E0B4300F02481FFF776FFCD
:10338000AD4AD2E9005323EA040325EA06053D438A
:1033900043EA0807A94BC2E900571E68DFF8F48228
:1033A00026EA0A0646EA09061E60FFF729FF15F01D
:1033B0002A4F0CBF4FF4004348F20203A04AB00763
:1033C000D26EA04848BF43F4005383EA020122EAC8
:1033D0000302C2669C4A0B408166D366C5F38042F5
:1033E0001203290348BF42F48072EB0648BF42F43F
:1033F0000052964BAC0648BF42F400726806D3F800
:103400000C3248BF42F48062290648BF42F4006291
:103410008F4882EA030123EA0203C0F80C328D4B85
:103420000A40C7F34024A404C0F80812C3F80C22D1
:10343000EA0448BF44F48034AB0348BF44F480142A
:10344000A80748BF44F4800415F4001F06D0D8F83C
:10345000000001F0CCFE08B944F40024E90248BFA2
:1034600044F40034FA0648BF44F4000473077A4B6E
:1034700048BF44F004041A6A44F4001484EA0203C6
:1034800023F0010375491A400A621C40CB61744B5A
:1034900016F0010F1C62734B734A08BF1A46734B38
:1034A0007C071B6F48BF42F00062714882EA03014B
:1034B00023EA020303676F4B0A4041661A676E4AAC
:1034C00005F00103516CA0F5803081EA030221EA86
:1034D0000301416482631A40684B28025A64D8F899
:1034E000002048BF664B92F8022158BF654B690720
:1034F00048BF43F4806322B115F4C06F18BF43F492
:1035000080733207604A48BF43F00043D2F8EC10A2
:103510005E4883EA010222F4A0221140C0F8EC10B8
:103520001340C0F8E0205A4ABDE8F047C2F8EC303A
:10353000FFF7E8BEA0F580630B4306D020F480635C
:10354000A3F500730B437FF419AF02F00CFE3A4968
:10355000D1E9003223EA060322EA040242EA080221
:103560003B43C1E900324B4A126892F80211474AC4
:1035700009B313F4C06F1ED04FF4807311E002F052
:10358000F2FD2D4AD2E9003123F004033B4341EA26
:10359000080157EA0807C2E900314FF480633B4A4B
:1035A0000BD0C2F8E030A2F58052C2F8EC30BDE892
:1035B000F04702F0D3BD4FF48073C2F8EC30C2F88C
:1035C000E030F4E702F0CFFD1B4AD2E9003123F0EE
:1035D00001033B4341EA0801C2E9003101232E4ABD
:1035E00057EA08071BBF9363A2F5805253645364E4
:1035F00008BF9363DBE750EA01037FF4BFAEBAF183
:10360000010F7FF4BBAE02F0AEFD0C4A136823F04D
:10361000010343EA090313604FF48063144AB9F1CC
:10362000000F04D05366A2F580521367BFE71367FB
:103630005366BCE7BDE8F087F82F00201C3D002052
:10364000004000B8006000B8005000B8004001B869
:10365000006001B8005001B8000002B8002002B8B4
:10366000001002B804180003041C000300C001B8D5
:1036700000E001B800D001B800C000B800D000B828
:103680000D0A0A09090A0A090040005400600054A2
:1036900000500054BC39002000E000B8024B18680C
:1036A00000F00100704700BFF82F0020014B58794F
:1036B000C0097047F82F00200A4B197801F0FF026B
:1036C00029B10021197008499202C1F8B420597833
:1036D00001F0FF0229B1002159709302024AC2F899
:1036E000B83070476E3D0020005000B84FF40062C3
:1036F000034B1A674FF40042A3F5E0339A66704714
:10370000001002B8F8B5084C084D236F0423084F89
:103710002B67236F5B0300D4F8BD042602203E67AD
:1037200001F0A2FC2E67F4E7000002B8001002B816
:10373000002002B838B5044669B940B1164BDA68C2
:1037400012F0606F04D04FF4C062144BDA6238BDDF
:103750009B689A06F7D4FDF769FE0F4D0020FDF730
:103760003FFE032801D0092805D16B6FDB03F5D498
:10377000EB6D0C2BF2D9FFF7C5FF4FF40072084B2D
:10378000DA62012203F5E8335A61042203F580531B
:103790001A67002CDBD0D6E7000002B8006001B841
:1037A000004000B808B503210920FDF773FD202271
:1037B000014B1A6108BD00BF000002B838B50546CC
:1037C00002F0D1FC0E4B04461868FBF7EDFF35B153
:1037D000FFF73EFD2046BDE8384002F0BFBC094B74
:1037E0001B78002BF6D0084B1D78002DF2D1FFF787
:1037F0002FFD2A464FF480400021FEF755FFE9E7F0
:10380000BC390020763D0020753D00202DE9F74FA2
:10381000574B074615461C6F0191002A40F0A580C2
:1038200004F0A004003C18BF0124FBF7D1F8A0234A
:103830004FF0000A4F4A03201367FCF781FF042072
:10384000FCF77EFFDFF86081FFF702FD4A4B4FF087
:10385000040BC8F87430C8F878A0FFF753FF474B43
:10386000444AD3F8A010DFF8089141F02001C3F8D2
:10387000A010FF2191604FF48071C9F810104049E9
:103880004048D1F8D86E3040C1F8D80EC2F870B0B8
:10389000C3F8ACA0D8F8143013F0060F04D0FDF72D
:1038A00007FA5846FCF74CFF0CB1FFF71FFF47B172
:1038B000FDF7BCFDFFF776FF0420FCF741FFFFF7A3
:1038C000FBFED9F81430D90749D5294AD36813F03B
:1038D000706FFBD1274B2C4A1A672C4AD36B23F00D
:1038E000F003D363019B13B12846FFF767FF284B12
:1038F000D3F84C315A1C01D05B0002D501221D4B7C
:103900005A6165B3234BDA6E03F500539A6603F5EB
:10391000D0331B6A174A23F00103D3611E4BD3F83F
:103920000C1203F50053C3F8081203F50053D3F843
:10393000841003F500539967184BD3F8EC1003F586
:103940000053C3F8E010164B596C03F5005399630C
:10395000144903F5803359664FF608431367002076
:1039600003B0BDE8F04FFBF79FBB00245DE700BF4D
:10397000000002B8002002B800000101001E00B0E3
:10398000001000B0DF0000FF10003000001F00B08A
:103990000080E00F004000B8004001B80040005433
:1039A00000C000B85000002F00C001B838B5144660
:1039B0000D4602F0D8FB064BD3F8A02054402C4013
:1039C0005440C3F8A040BDE8384002F0C7BB00BF78
:1039D000001E00B0034BD3F8A03099430CBF012068
:1039E00000207047001E00B02DE9F04115460A4343
:1039F000012A1C469DF818809DF81C70089E29D845
:103A0000B84527D2082F25D8032B23D816B30A464A
:103A10000021FAF719FBE300FF249C404146E443F0
:103A2000DFF834C0701E4FEAC50ECAB2974202D802
:103A30000020BDE8F0810EEB01060CEB8606D6F8FF
:103A4000E02010F8015F22409D401543C6F8E05089
:103A50000131EAE72120ECE7001E00B053B94AB972
:103A6000002908BF00281CBF4FF0FF314FF0FF3086
:103A700000F0B2B9ADF1080C6DE904CE00F006F823
:103A8000DDF804E0DDE9022304B070472DE9F04FD2
:103A90008C46099E04460F46002B48D18A421546A3
:103AA0005ED9B2FA82F33BB1C3F120029F409D4040
:103AB0009C4020FA02F217434FEA154E1FFA85FC8C
:103AC000220CB7FBFEF10EFB117701FB0CF042EA72
:103AD0000742904207D9AA1801F1FF3702D290425B
:103AE00000F258813946121AA4B2B2FBFEF00EFB66
:103AF000102200FB0CFC44EA0244A4450BD92C190B
:103B000000F1FF322CBF01270027A44502D9002F66
:103B100000F04381104640EA0140A4EB0C04002170
:103B20001EB1DC400023C6E90043BDE8F08F8B42A4
:103B300006D90EB1C6E9000100210846BDE8F08FA4
:103B4000B3FA83F1002951D16345C0F01681824256
:103B500040F213810846002EE7D0C6E90047E4E7AB
:103B6000002A00F0AF80B2FA82F3002B40F0C2804E
:103B70008A1A4FEA154EAFB20121200CB2FBFEFCAF
:103B80000EFB1C2240EA024207FB0CF090420ED9C9
:103B9000AA180CF1FF382CBF4FF001094FF00009B3
:103BA000904203D9B9F1000F00F0F080C446121A18
:103BB000A4B2B2FBFEF00EFB102200FB07F744EAB2
:103BC0000244A7420ED92C1900F1FF322CBF4FF04E
:103BD000010E4FF0000EA74203D9BEF1000F00F016
:103BE000D2801046E41B40EA0C4099E7C1F1200561
:103BF0008B400CFA01F400FA01F922FA05F72CFACD
:103C000005FC8A401F4320FA05F3380C23431FFAB2
:103C100087FE1C0CBCFBF0F800FB18CC44EA0C44FB
:103C200008FB0EFCA4450ED93C1908F1FF3A2CBF45
:103C30004FF0010B4FF0000BA44503D9BBF1000F6F
:103C400000F0B880D046A4EB0C041FFA83FCB4FB50
:103C5000F0F300FB134403FB0EFE4CEA0444A645BC
:103C60000ED93C1903F1FF302CBF4FF0010C4FF07F
:103C7000000CA64503D9BCF1000F00F09F8003465D
:103C800043EA0840A4EB0E04A0FB02EC6445734633
:103C9000E04602D307D1F14505D2BEEB02036CEB3F
:103CA000070C0138E0465EB1B9EB030264EB08048F
:103CB00004FA05F522FA01F3CC401D43C6E900548D
:103CC000002132E742082F464B08AC4642EAC17257
:103CD000AE46C407110C92B241EA034142EA0142E6
:103CE000B1FBF5F1B3FBF5F01F23A2EB0C0241EAA7
:103CF000004142E79D40C3F1200299409C402CFACC
:103D000002FC4FEA154E20FA02F2AFB2BCFBFEF8FD
:103D10000A430EFB18CC110C41EA0C4108FB07FCCE
:103D20008C4550D9691808F1FF302CBF4FF00109BC
:103D30004FF000098C4502D9B9F1000F30D0A1EB4A
:103D40000C01B1FBFEF808FB07FC0EFB181192B248
:103D500042EA0142624534D2AA1808F1FF312CBF71
:103D60004FF001094FF000096245BED2B9F1000FD2
:103D7000BBD1A8F102012A44B7E7841A6CEB030215
:103D800001201746E7E62C4402382BE7ACF1020C81
:103D90002A440CE702392A44A5E62C440238BAE644
:103DA000A5EB0C0CA8F102006144B1FBFEF808FB86
:103DB00007FCCAE7A8F102083C4444E7023B3C4444
:103DC0005EE7414691E7A1EB0C014046B1FBFEF8EE
:103DD00008FB07FCB9E700BF704700BF2DE9F843B7
:103DE0000746884614460026D4E90195B9F1010931
:103DF00005D52468002CF7D13046BDE8F883AB899F
:103E0000012B07D9B5F90E30013303D029463846C6
:103E1000C04706436835E9E710B50C46B1F90E1006
:103E2000F7F752FE0028ABBF636DA3891B1823F47C
:103E30008053ACBF6365A38110BD2DE9F0411F46DF
:103E40008B8905460C46DB05164605D50223002264
:103E5000B1F90E10F7F726FEA3893246B4F90E1019
:103E6000284623F48053A3813B46BDE8F041F7F791
:103E70003DBE10B50C46B1F90E10F7F713FE421C0B
:103E8000B4F90C3015BF606523F4805343F48053BC
:103E9000A38118BFA38110BDB1F90E10F7F7F2BDD1
:103EA00002440346934200D1704703F8011BF9E72F
:103EB000704770477047062008B5F8F759F9012098
:103EC000EFF72BFE9368013B002B10B4936008DAE8
:103ED0009469A34201DB0A2903D15DF8044B00F089
:103EE000B4B81368581C1060084619705DF8044B8C
:103EF0007047F8B506460F461446D518AC4201D1B6
:103F0000002007E03A4614F8011B3046FFF7DAFFBD
:103F1000431CF3D1F8BD2DE9F047164698468A6850
:103F200007460B690C46DDF820909342B8BF134654
:103F3000336091F843200AB1013333602368990656
:103F400042BF336802333360256815F0060506D199
:103F500004F1190AE36832689B1AAB422BDC94F82F
:103F600043302268003B18BF0123920630D404F18D
:103F7000430241463846C847013023D023681A34EB
:103F800054F80A2C03F00603042B0ABF54F80E5C05
:103F9000002533684FF0000608BFED1A54F8123CB4
:103FA00008BF25EAE5759342C4BF9B1AED18B542D8
:103FB0001AD1002008E00123524641463846C8473E
:103FC000013003D14FF0FF30BDE8F0870135C1E784
:103FD000E1185A1C30200233224481F8430094F83F
:103FE000451082F84310C2E7012322464146384675
:103FF000C8470130E6D00136D9E738B50B69054628
:104000000C4613B90025284638BD18B1036A0BB910
:10401000F7F70EFDB4F90C30002BF3D0626ED00729
:1040200004D4990502D4A06DFFF743FF284621462A
:10403000F7F7CAFF636E0546DA07E4D4A3899B0548
:10404000E1D4A06DFFF736FFDDE7F8B50E46144664
:10405000054618B1036A0BB9F7F7EAFCA369A36038
:10406000A3891A0701D5236943B921462846F8F7E1
:104070002BF818B14FF0FF373846F8BD2368F6B279
:1040800022693746981A6369834205DC214628462F
:10409000FFF7B3FF0028EDD1A368013BA3602368BD
:1040A0005A1C22601E70431C62699A4204D0A38984
:1040B000DB07E1D50A2EDFD121462846FFF79DFF19
:1040C0000028D9D0D6E7884210B501EB020402D906
:1040D0008442234607D8431EA14207D011F8012B82
:1040E00003F8012FF8E70244824200D110BD13F813
:1040F000011D02F8011DF7E71F2938B505460C46DA
:1041000004D9162303604FF0FF3038BDC26B12B1E3
:1041100052F821304BB9284600F016F822460146E5
:104120002846BDE83840F8F72BB8012B0AD0591CB7
:1041300003D1162303600120E7E70021204642F85F
:10414000241098470020E0E7EFF7EABCC9B2034625
:10415000024410B59342184601D1002003E00478D0
:1041600001338C42F6D110BD0A44431E914200D166
:10417000704710B511F8014B914203F8014FF9D186
:1041800010BD70B50C46B1F90E1096B01546002959
:104190001E460ADAA18911F0800113D14FF4806222
:1041A000002031602A6016B070BD6A46F7F7FAFF4A
:1041B0000028EFDB019901F47041A1F50053594249
:1041C0005941EBE700214022EAE78B8973B59E074E
:1041D00005460C4607D504F14703236023610123FC
:1041E000636102B070BD01AB6A46FFF7CAFF009E73
:1041F00028463146F2F753FAB4F90C3038B99A052B
:10420000EFD423F0030343F00203A381E3E743F079
:1042100080032060A381019BC4E90406002BE0D049
:10422000B4F90E102846F7F7CFFF0028D9D0A3899C
:1042300023F0030343F00103A381D2E730B5144612
:104240009BB005461A46002C05DA8B2303604FF01D
:10425000FF301BB030BD4FF40273009104916946EA
:10426000ADF80C304FF00003199314BF04F1FF3385
:104270002346029305934FF6FF73ADF80E301E9B55
:10428000F8F70EF8431CBCBF8B232B60002CE0D04A
:10429000009B00221A70DCE710F8012B11F8013B9B
:1042A000012A28BF9A42F7D0D01A7047034611F866
:1042B000012B03F8012B002AF9D17047034613F8AC
:1042C000012B002AFBD1181A013870472DE9F0475D
:1042D0001F468E6882460C46BE429046334653D8EF
:1042E000B1F90C0010F4906F2BD06569236809694F
:1042F00005EB4505A3EB010905EBD5757B1C6D109E
:104300004B442A46AB4284BF1D462A46430527D567
:1043100011465046F2F7C3F9064658B34A4621699A
:10432000FFF722FFA38923F4906343F08003A38166
:1043300026614E4465613B46A5EB090526603E4675
:10434000A5601F463A4641462068FFF7BCFEA368B9
:1043500000209B1BA36023683B442360BDE8F087DB
:104360005046F2F77DFE06460028E1D1216950460D
:10437000F2F7A2F90C234FF0FF30CAF80030A389FE
:1043800043F04003A381E9E73E46DBE702207047A4
:1043900002207047002070470120704700207047BE
:1043A0000E207047FAF758BB08461146012200F06C
:1043B00079B870B50C4611461A46F8F77FF8059B98
:1043C000049E0493456933462046AC46BDE87040E0
:1043D000604710B5F8F772F8BDE8104083690846E9
:1043E000184700F0B6BBF9F743BAF9F74FBC00F035
:1043F000EFB808B500F088FB002008BD00F0D3B886
:10440000F9F7FCBC70B504460D4616464FF488110A
:1044100000F028F9324629462046BDE87040FBF7F7
:1044200035B8431E042818BF012B94BF012000207B
:10443000704700F0D5BD4FF4D4720021FFF730BDB6
:104440000846FCF737BD10B50446F9F791FDE8B909
:10445000A169D9B1238ACBB1204604F11002F9F742
:10446000DBFBB8B9E169A9B1638A9BB1204604F1CD
:10447000120200F0EDFB88B9216A79B1A28A6AB113
:104480002046E38ABDE8104000F0A7BB002323824A
:10449000A361E6E700236382E361ECE70023636145
:1044A000236210BDF9F7DCBE0A7838B50546104620
:1044B000FFF7B7FF60B14C782046FFF7B2FF38B185
:1044C0002243530704D42846BDE83840F9F76AB8B8
:1044D000212038BD10B504460878FFF7A2FF58B177
:1044E0004A781046FFF79DFF30B1042A04D02046D9
:1044F000BDE81040F9F774B8212010BD00F072BA81
:10450000084600F023BD704711B9D0F8E81021B17A
:10451000CB6813B18B68D88970474FF6FF7070472E
:1045200010B5F8F7D7F8044608B900F05DFD20464D
:1045300010BDF8F7C1BE00F0A1BAD0F8EC300BB94D
:104540000E2070474FF6FF72C38D93420B80F7D059
:1045500000207047F8B506460D46F8F7BBF8D8B905
:104560004FF6FF734FF0240CEF68C1B28F4208D8AA
:104570001C4621463046F8F76BFA00F035FD204620
:10458000F8BDAA680CFB0122D4899C4202D2002CFF
:10459000EFD023460130E8E74FF6FF74EFE7C08D18
:1045A000704700F05CBA38B504460D4600F0D2F80A
:1045B00050B129462046F8F74BFA30B92946204633
:1045C000BDE83840F8F7F2BE0E2038BDFEF774B9EA
:1045D000062AF8B504460F4615461E4623D8F8F7B6
:1045E00085FE10B320463946F8F732FA0446A8B9DA
:1045F000012102460846FFF755FF204600F0F2FC75
:10460000FCF728FF3046F8F71FFE062D284607D096
:104610002923EB40DB0703D5FCF782FF2046F8BDDA
:10462000FCF7BCFFFAE72124F8E70224F6E700F0E4
:104630003BBBF8F7EFBF00F053BA002070470846C5
:10464000FBF79ABE00F033BB38B504460D4601F0C7
:104650008AFD0023C4F89C50C4F89830BDE8384067
:1046600001F07CBD38B504460D4601F07CFDD4F860
:104670009C301D40D4F8983023EA0505C4F89850C2
:1046800001F06CFD284638BD73B50D7806460C4622
:1046900035B304238DF804302379304601A98DF811
:1046A0000530FFF717FF0546B8B92278A37952BB4A
:1046B0008DF80430E379304601A98DF80530FFF715
:1046C000F3FE054648B923783BB161883046F9F7D7
:1046D00057F90121304600F01EFA284602B070BD9D
:1046E000294600F018FA2946304600F03CFA2946DF
:1046F000304600F040FA22782379002AC9D18DF89B
:1047000004306379C9E702228DF80420D3E700F072
:104710002ABA00F038BAF9F767BAFBF77FB908464A
:10472000FBF730BAF9F764B900F031BA0B4610B5AF
:1047300014461846A1689288FFF716FDE168034603
:1047400031B1A0886288121A92B21844FFF70CFDAA
:10475000002010BD0346408A18B1188A003818BFDF
:10476000012070470846FBF7DBBE431C08BF002052
:10477000F8F7DEBD10B5044600F06EF820B920460B
:10478000BDE81040F8F764BB10BD00F066BC2DE931
:10479000FF41984604460E46174601F0EDFC0546DB
:1047A0002046FFF7E7FF0A9B3A4602930023314673
:1047B00001932046CDF80080F8F798FB0446284680
:1047C00001F0D5FC204604B0BDE8F08138B50446C0
:1047D00001F0D2FC05462046FFF7CCFF2046F8F753
:1047E00063FB0446284601F0C2FC204638BD38B5BC
:1047F000044601F0C1FC05462046FFF7BBFF2046FA
:1048000000F039F80446284601F0B1FC204638BDD6
:1048100038B5044601F0B0FC05462046FFF7AAFF74
:10482000204600F02EF80446284601F0A0FC204661
:1048300038BD70B504460E4601F09EFC0546204684
:10484000FFF798FF31462046F8F79CFB04462846C0
:1048500001F08DFC204670BDF8F736BA10B501F0B6
:104860008BFC044600F015F8F8F756FA2046BDE830
:10487000104001F07CBC024608B5F8F725FA507DDF
:1048800008BD024608B5F8F71FFA507D80F0010018
:1048900008BD00F0E2BBF8F7C5BD00F0ECB800F0D1
:1048A000FFBA00F04FBA022A01D800F071BA2120F5
:1048B0007047022A01D800F07CBA21207047022AF2
:1048C00001D800F089BA2120704738B504460D465A
:1048D00000F05BFA28B129462046BDE8384000F0D8
:1048E0008BBA022038BD70B504460D46164600F05E
:1048F0004CFA30B1324629462046BDE8704000F0FF
:1049000093BA022070BD0E20704738B504460D469C
:1049100000F03BFA28B129462046BDE8384000F0B7
:10492000AFBA022038BD38B504460D4600F02DFA66
:1049300028B129462046BDE8384000F0A9BA022037
:1049400038BDFAF715BC0846FAF730BC03469B8E13
:1049500008469342114601D3FAF754BC2120704710
:1049600000F0ADBAFAF770BC002070470020704725
:104970007047D0F8A03003F06003402B0DD0602BBF
:1049800003D0203B58425841704749B10B68012B76
:1049900006D9486940F00100704740F201107047A5
:1049A000002070470D281CD00F281AD0102818D0CE
:1049B000112816D020F090030D2B11D00F2B0FD003
:1049C00020F010030D2B0BD00F2B09D020F080030B
:1049D0000D2B05D0A3F10F02022A98BF184670478D
:1049E00018467047F7B504461046D4E956C7DDE9C6
:1049F00008268CEA020587EA06010540194085EA87
:104A00000C057940C4E95651002523F4004106EA1B
:104A1000010320F0010043F40073024043F002035D
:104A200001950095FEF788FC94F824309A0713D579
:104A3000D4F85C319B050FD54FF48811204600F067
:104A4000C1FB94F82430024665F3410384F8243016
:104A500020460B46F8F71EFC002003B0F0BD30B432
:104A6000D0F8A0300A4023EA01031343C0F8A03075
:104A700030BCF9F7A7BC0220FBF766BF08B5D0F839
:104A8000F0304BB11A68022A06D993F825204AB1B2
:104A9000186AB0FBF2F008BD40F68C324C210020C1
:104AA000F8F7FCF80020F6E7D0F8F02008B57AB166
:104AB0001368022B0CD9536A13F47F4FC3F30721F9
:104AC00006D0126ADBB253438B42B3FBF1F006D23D
:104AD000002040F6AB324C21F8F7E0F8002008BD8A
:104AE0000346B3F83E2108468A4203D0A3F83E119C
:104AF000FBF7D2B80020704790F83C310D2B14BF63
:104B000090F82B00FF20704708B500F029FBBDE8A6
:104B10000840FCF7CFBC38B50C464FF400610546A1
:104B2000FEF758FF60B16CB195F82A3163B94FF4C4
:104B300080722846BDE838404FF48071FEF736BFDA
:104B40002202F6E72246F4E738BD4FF48071FEF703
:104B500041BF10B50023F8F779FD044608B9FDF709
:104B600017FE204610BD08B54A024FF40071FEF74B
:104B70001DFF002008BD08B58A024FF48061FEF7D2
:104B800015FF002008BD4FF40071FEF723BF70B57C
:104B90008D8806460C463DB90B688A689B1A2360CF
:104BA00005230020A37170BDF8F7C2FC96F82720FA
:104BB000EB00023A012A98BF033360B1B3F5803F9E
:104BC00009D84FF22441420901FB03220009B2FB3C
:104BD000F0F22368E2E70220E5E7B2F5805FF8B57E
:104BE0000F460646154619462ED89A422CD33F2A20
:104BF00028D9B2FA82F40122C4F11F03DBB29A4031
:104C000092B2AA422CBFC4F11904C4F11A04E2B250
:104C10000124931DDBB29C40A4B2AC4214BF01201E
:104C2000002002D096F8013183B996F8243060F361
:104C3000C71386F824303846FAF70EFD0020376295
:104C4000B582F8BD0022E3E72120FAE70E20F8E75D
:104C500070B505460E46144602B313883F2B1DD986
:104C6000B3FA83F3C3F11901C9B2062901D8192B8C
:104C700012D0062928BF062101238A1DD2B29340F3
:104C800030462380FAF708FD23882846EE616B82C0
:104C9000FAF78AFD002070BD0021EDE72120FAE738
:104CA0000E2070470020704790F82D00704708B51F
:104CB0000B46062200F59E711846FFF755FA0020B4
:104CC00008BD0429F8B505460C460AD10026F7B2FE
:104CD0003846FBF7AFF808B13C4602E00136042E37
:104CE000F5D12046FBF7A6F858B195F83C31A34220
:104CF00009D085F83C4105F59E70BDE8F840FAF70B
:104D0000D1BF2120F8BD0020FCE70022F9F760BCEC
:104D1000A0F84A30BDF90030C0F89410A0F848203F
:104D2000A0F84C3000207047F9F78ABD10B5144642
:104D300008460121FCF70EFA2046BDE8104001218B
:104D4000FCF708BA70B5044615460E4609B921208D
:104D500070BD130617D400F048F931462046FFF71E
:104D6000F9FB4FF6FF739842F1D000F03EF9204670
:104D70004FF400310022FEF719FE29462046BDE817
:104D80007040F9F767BA0E20E2E78021FEF722BEF5
:104D90007FB5531C05AA0292022201920022ADF8AF
:104DA000141000921146DBB2FEF71EFE07B05DF84C
:104DB00004FB7FB5531C05AA4FF0040C029202229B
:104DC000ADF81410CDE9002C01210022DBB2FEF772
:104DD0000BFE07B05DF804FB1FB54FF0080C531C29
:104DE0000022CDE9002C01220291DBB21146FEF730
:104DF000FBFD05B05DF804FB08B50A044FF48031F3
:104E0000FEF7D4FD002008BD07B591F828300093C7
:104E100091F82B3091F8292091F82A10FAF76EF9C1
:104E2000002003B05DF804FBF8B514468A07064677
:104E30000D4601F001070CD43FB1A2044FF48021CC
:104E4000304602F48022FEF7B1FD6B070FD400203C
:104E5000F8BD3FB104F00100C4F340038342EBD03E
:104E60002120F5E74FF48021FEF7B4FDF4E7A20618
:104E70004FF08051304602F08052FEF797FDE6E792
:104E800008B50A054FF48011FEF790FD002008BD1B
:104E900008B5CA044FF40021FEF788FD002008BDC4
:104EA00009B141F01001F9F7D5B910B50446F9F789
:104EB000CBF901462046BDE81040F9F7CBB90029EF
:104EC00014BF212000207047D0F8EC30C3B15869DE
:104ED000B0B1531EDBB2FD2B10D9036813F1020FE2
:104EE00008BF4FF0FF33FF2A0B6005D143689A1CBF
:104EF00008BF4FF0FF334B6000207047012AF4E7F2
:104F00002120704738B5054610460C46FAF79EFA40
:104F1000C5B1D5F8EC30ABB15A699AB1431EDBB2DA
:104F2000FD2B11D90B685D1C04BF6FF001030B60F2
:104F30001360FF2806D16368591C02D16FF001038A
:104F400063605360002038BD0128F3E738B505469B
:104F5000FCF7CEFE04460021A878FAF709FB2046AC
:104F600038BD2DE9F74F01251C469DF83030064627
:104F700001930368174603F0070306339D4005F1CC
:104F8000FF380B46A1B1416804EA080BA5EB0B0AF8
:104F900041F00059524509EB0B0114D9524618460D
:104FA000FFF7E2F849467A1B5A445044FFF7DCF811
:104FB000019B2BB13C4448EA050804EA0804F4606C
:104FC00003B0BDE8F08F1846F0E737B5002514466A
:104FD0000095FFF7C6FF204603B030BDF9F718BDB6
:104FE00000207047002070477047704710B5490097
:104FF00004461AB1032938BF032103392268C903C3
:10500000B2FA82F314D0B1FA81F01B1A002B0DDD35
:10501000C3F10F00012838BF012003F01F03D9405E
:105020008A4201D201384908216010BD0F20F7E7FC
:105030000F20F9E7012805D9023818BF4FF0FF30DB
:10504000C0B27047012070470A4690F894109B291F
:1050500001D8F9F73FBA2120704708B5FBF7C0FD2A
:10506000BDE80840FBF7E4BD38B50446FFF7F5FF9F
:105070000546FFF7F2FF431BA342FAD338BD38B50C
:105080000D460446FBF7ACFD35B1844200D9013929
:10509000204601F0030138BD844238BF0131F7E7F3
:1050A00008B50121FFF7EBFFBDE80840FBF7C0BDE5
:1050B0000B0C23F48053B3F5284FF7B50D468FB290
:1050C000064699B217D04AF60103994215D04AF61E
:1050D0000203994213D0B1F5204F14BF04240324D6
:1050E000D6F8EC300BB1196859B9D6F8E83093B955
:1050F000286803B0F0BD0024F2E70124F0E70224A1
:10510000EEE723463A466846FBF7F0FD019B002B8D
:10511000EBD10098EDE719680029E9D023463A461B
:105120006846FBF7E3FD019B002BE1D1F1E700F0BE
:10513000D9BC02044FEA901309D4C3F30903A3F1C5
:10514000C8006FF4FF739842B8BF184607E06FEAD3
:1051500083536FEA935313F5007F18B2EFD1704772
:10516000012200210320F9F77BB808B51C20F0F7D5
:105170002FF84FF0B042936813F0080F4FF001037F
:1051800002BF9268C2F303129340B0FBF3F008BD74
:105190004FF0384359699A6903F500530A405A6140
:1051A00070470E207047FDF793BBFDF791BBFDF7ED
:1051B0008FBBFDF78DBB08B50846FDF7C9FF08BDDD
:1051C000FDF786BB38B505460C4600F0CCFFD5F898
:1051D0009C301C40D5F898302343C5F8983000F037
:1051E000BDFF211E18BF01210020490238BD00204B
:1051F00070470139024410B5904201D1002005E00A
:10520000037811F8014FA34201D0181B10BD0130E3
:10521000F2E7000008B5054BD3F87C03FFF7C2F8AE
:1052200000F00300C31E5842584108BD900D0020F5
:10523000EFF31182302383F31188084B49B1D3F87F
:1052400090130843C3F8900382F31188BFF36F8F64
:105250007047D3F8901321EA0000F3E7900D002087
:10526000EFF31182302383F31188064BD3F8903388
:1052700082F31188BFF36F8F1840003818BF0120E8
:10528000704700BF900D002008B5E9F795FA38B1D6
:10529000044BD3F8940318B103681878C0F3401096
:1052A00008BD00BF900D002008B5E9F785FA50B1A0
:1052B000054BD3F8940330B10368188800F0070059
:1052C000C31E5842584108BD900D002008B5064B3A
:1052D000D3F87C03FFF766F8012801D0F3F76EFDE1
:1052E000BDE80840F3F764BD900D002008B5FFF756
:1052F000CBFF00B9FEE700F025FF00B9FEE7012172
:105300004FF48060FFF794FF00210220FFF790FF29
:1053100000214FF48030FFF78BFF00210820FFF7BA
:1053200087FFF3F745FD0022014B83F8B52308BD45
:10533000900D00202DE9F04F4B4DF1B00EAC0290D6
:10534000E8F7DEF82146D5F87C03FFF7E8F9B4F872
:1053500002C0BCF1020F40F2E882274650AE0FCFE8
:105360000FC63B68BCF1270F336009D92723A288F9
:10537000ADF84231262A82BFADF844310023539361
:1053800030AE3146D5F87C0350AAFFF7CFF99DF82F
:105390004271002F00F0C9820DF170080DF1C100BB
:1053A000A368C8F800001B78A8F80430F3F71CFDC8
:1053B00000F44050B0F5005F40F0BE82207CE8F77A
:1053C00042F90DF12009009049464046F3F771FD7E
:1053D000009B99F808B03BB395F8D97567B1BBF15C
:1053E000000F23D0BBF1020F18D149461846E8F749
:1053F000A3F9471C18BF0127BBF1010F95F8DAA5E7
:1054000095F9DB651BD1E8F711FEB9F80030D0F84B
:1054100000B0BBF1000F0BD100237DE0B9F8001004
:105420000098E8F731F9E4E7009FE5E75F46E3E736
:10543000BBF806209A4219D0DBF800B0E9E7BBF1CF
:10544000020FE9D1E8F7F2FDD0F800B0BBF1000F90
:10545000E2D0082249460BEB0200FFF7CAFE28B152
:10546000DBF800B0F2E700BF900D00209BF80420AD
:105470009007C2F3400944BF8DF814A04FF0010912
:10548000510717D595F8DC35F31A5BB2002BC0F243
:10549000A7817F2E08BF00238221C3EB0323B3FB28
:1054A000F1F305A901F80930B9F1000F40F0858248
:1054B0004FF00109130740F1958182228236C6EB35
:1054C0000626B6FBF2F609F1010305AA02F8096007
:1054D0005FFA83F9009B002B9ED0B5F8DD354A4674
:1054E00023F4FF43A5F8DD3509F1040385F8DD3524
:1054F0009B2385F8DF35B82385F8E035EA2385F866
:10550000E1350023CA4805A909F1060985F8E23505
:10551000FEF72AFE5FFA89F34FF0000A13AD5146F9
:10552000222228460DF1110901938DF89FA0FEF764
:10553000B7FC8DF834A089F800A08DF812A0D8F837
:1055400000A026AE5046F3F74FFC00F44053B3F5ED
:10555000005F0DF12C0B40F0E881800640F1E58101
:1055600059465046F3F74BFC9DF83430002B00F0C1
:10557000DC81012B06D14FF6FF73BDF82C209A4237
:1055800000F0D381D8F800000DF15A01F3F759FC6F
:10559000002840F0CA8195F816B0BBF1000F00F06A
:1055A000C481D8F800A05046F3F7A2FC98B1494650
:1055B0004046E9F7DCFF002840F0B78199F8003059
:1055C000052B40F0B28140460DF11201E9F7DFFFF3
:1055D000002840F0AA815046F3F706FC8146E9F71F
:1055E0006EFF01464846E9F73BFF002900F00481C1
:1055F00003905046F3F7FAFB039BC9F3812900EBB4
:105600004300B9F1020FC0B200F0F180B9F1030F0D
:1056100000F0F080FF2800F088813AF800306B83BA
:1056200001236B7798F806302022B3714FF0000306
:1056300000210DF2411928A8B380C6F80090FEF7AA
:105640002FFC7C4B2A7B9DF811102B609DF81230AB
:10565000012AA977EB7700F0D680022A0CBF03233A
:105660000023BBF1010F4FEA833300F0CE80BBF182
:10567000020F0CBF03200020003918BF012143EAAC
:10568000C10343EA802343F4005A4AF0020A002A85
:1056900040F0BD806A7F002A00F0C48095F8213078
:1056A0000DF1180B03F001034AEA032A4FF4FE033D
:1056B00051465846CBF80430CBF80090F3F7CCFABB
:1056C0001AF4807FBBF80410BBF8063003D14A1CE3
:1056D0009A4298BF91B250460393E9F7C1FE002861
:1056E00040F0AA80DBF80020039B5846ABF804107A
:1056F0000DF15A01CBF80020ABF80630F3F7B8FAF9
:105700005046E9F7DCFE002840F0A380DBF80010EB
:10571000BBF80630BBF804200DF1180B5846069173
:1057200014A9ADF81E30ADF81C20F3F7A1FAAB7F39
:105730000699BDF81CA0BDF81EB0D3B1EA7F134393
:105740000AF10102934528BF01F80A30184628BF24
:105750001FFA82FA0393E8F7D1F80138039B1AFA8B
:1057600080F0834528BF1FFA80FA1846E8F7B1F8A1
:1057700003462A88032A09D10AF10102934522BF70
:1057800095F8200001F80A001FFA82FA02335AFA4B
:1057900083F39B45484628BF1FFA83FAF3F724FB9F
:1057A000002F5BD040F0100080B28DF84101000A5C
:1057B0008DF842014846F3F717FB019B002B50D0B0
:1057C00040F4007080B2D8F800508DF84101000A12
:1057D0008DF842012846F3F707FBC10544D5FEE7E3
:1057E000002359E6B9F1000F3FF416AE72E602301D
:1057F000C0B20FE70830FBE700283FF413AF504674
:10580000F3F7F4FA06E702232BE7022034E7022A33
:1058100003D1BBF1020F3FF43DAF298B6A8B91425C
:105820007FF43CAF43F4015A4AF0020A36E700BF66
:105830007313002002000020ABF804105846698B57
:10584000F3F70AFADBF80020BBF80410BBF80630C7
:105850004BE75846298BF3F7FFF957E720F0100084
:10586000A2E720F40070ADE74846F3F7BDFAC205A1
:1058700000D5FEE7AB7828468DF84331F3F738FBC7
:1058800070B10DF1130529464046E9F7B9FE00282D
:105890004BD130469DF81310A6F804A0E9F7C4FEDA
:1058A000019B93B14846F3F79FFA830540D53046F4
:1058B000A6F804A0E9F7D8FE019A41494844FEF74A
:1058C00053FC019B53441FFA83FA4846F3F710FB3D
:1058D00080B330460099C6F80090A6F804A0EAF715
:1058E00058F810BB3068B6F804A0A388EBB1A568DF
:1058F0006288013B0135013A9BB2A5606280A380BA
:1059000003B9E568F3F7F4FA18B12B7843F0040310
:105910002B701FB12B7863F07F032B7052460298D7
:1059200050A98DF840A1FFF711F871B0BDE8F08FD4
:10593000FF20C1E74846D8E795F8D925012F0CBFCD
:1059400000237378002A31D0029850A9FEF7FBFF9C
:1059500000282FD1207CE7F776FE0028E5D09DF8BF
:105960004831032B1BD150A9E7F7E6FE0130DCD00C
:105970000298FEF7E6FFE8B9A388002BD5D0A2680D
:105980006188013B013201399BB2A2606180A38032
:1059900003B9E268137863F07F031370C5E7022B45
:1059A000C3D1BDF84011E7F76FFEDFE703F007034F
:1059B000012BDCE70228B8D0FEE74FF0020989E5A9
:1059C0006D130020174A9368C3F304430C2B0AD8C5
:1059D000DFE803F00B0909090909072119091B1D53
:1059E0001F001148704700207047936803F0407310
:1059F000B3F1807F11D0B3F1007F10D0002B0B48A2
:105A000018BF002070470A4870470A4870470A4884
:105A100070470A4870470A4870470A4870470A4862
:105A2000704700BF0040015A405DC60000093D00BC
:105A3000C0EA210180BA8C010048E801005A6202E4
:105A40000024F40080841E0040420F000E49D1F86B
:105A50002831A0B10022A3B1834204D183682AB9BE
:105A6000C1F8283103E01A469B68F4E79360836825
:105A70001BB15A6941690A445A61002070472220CB
:105A800070470220704700BF183000200A4B1B6F80
:105A900003F00703013B032B03D8DFE803F00B03FC
:105AA0000609FEE7054B18687047044B58687047B5
:105AB000034870470348704700800050A03F002013
:105AC00080D54302002D310108B5FFF7DFFF044BFD
:105AD0001B6FC3F301330133B0FBF3F008BD00BF0C
:105AE00000800050014B5868704700BFA03F002065
:105AF00038B5164AD2F8803243F00103C2F880323A
:105B0000134B5B68C3F3080343B14FF0A842D36B58
:105B100013F0430FFBD11424204638BD4FF0A843A7
:105B2000DC6B14F04304FBD10A4DD5F8E43123B902
:105B3000042105F5F270E3F7C6FFD5F8E43101332F
:105B400043F00043C5F8E431E6E700BF00800050B1
:105B500000ED00E0183000202DE9F74F002800F09C
:105B6000CB80664B1A68904203D359680A4490422E
:105B700004D35B6A002BF5D15B69FFDED3E9054CEA
:105B8000EFF31188302282F3118810F8082C30F8D6
:105B9000067CD207A0F1080600D53FB988F311882A
:105BA000BFF36F8F012003B0BDE8F08F9968D3F881
:105BB00010A0A1EBC7010AF1010299601A6130F847
:105BC00004EC7D1CBEF1000F00F08C804FEACE0289
:105BD0000192A6EBCE0292F800B010F8089C1BF0E0
:105BE000010F09F002096DD1B9F1000F6DD1B2F8C2
:105BF0000290B2F806E0AEEB090EBEF1010F71D1D2
:105C00000237083907EB0905C3F810A0996030F88E
:105C100002ECBEF1000F69D0D3E9001706EBCE0904
:105C20003944894562D216F83E104F4611F0010101
:105C300017D130F8066CAEEB0606012E11D1B9F87B
:105C40000260A9F80210B9F806100136354400299F
:105C50004AD009EBC10719690139196199680839F6
:105C60009960002610F8081C20F8066C21F001014C
:105C700000F8081C1178013D66F300015580117091
:105C8000002F35D0C2F107013944C1F3CF01D180D3
:105C9000B9807CB394422DD86188002908BF14468E
:105CA000BCF1000F06D0944504D3BCF802100029C3
:105CB00018BF6246C3E9054288F31188BFF36F8FAE
:105CC000002070E7B9F1000F0CD0019F7544C91B8B
:105CD000996010F8081C21F0020100F8081C00214E
:105CE000918094E7324692E70F46B4E70027B8E781
:105CF000D780CEE71446D3E7222054E7701900205E
:105D000037B5F8B10024C461EFF31185302484F372
:105D100011880E4CD4F8284114B1A04210D10124AE
:105D200085F31188BFF36F8F74B9BDF81C500195CE
:105D30009DF81850009500F06FF9204603B030BD73
:105D4000A468E9E72220F9E70320F7E718300020EC
:105D500038B50021044640F2E730054B4FF47A7223
:105D60001D680023E4FB0501FDF778FE38BD00BF88
:105D70008C0D002010B50F4B1A689AB14FF47A7150
:105D8000531E1342A0FB01010ED1B2FA82F2C2F1FE
:105D90001F04531CD243E04001FA03F3184321FAD5
:105DA00002F20243104610BD0023FDF757FE0246E3
:105DB000F8E700BF8C0D002030B5104A4161D2F8E1
:105DC00028318BB9C2F8280183600CE0491B41617E
:105DD0009D681C462B461DB15D698D42F6D92CB1DC
:105DE000A06083602BB930BD0024F5E7C2F828011C
:105DF00083605A69521A5A61F5E700BF18300020D3
:105E000010B5EFF31184302383F31188F0F75CFFB2
:105E1000074BD3F8FC114FF0B0435B69DB0702D5A9
:105E2000F0F752FF013184F31188BFF36F8F10BD7B
:105E30001830002070B52C4CD4F82831002B51D0EC
:105E400059692A4B002941D0D4F800224FF0B045BF
:105E5000114408229A61EFF3108672B6F0F734FF0E
:105E60002B6C6A69150704D41A1A032A01D89842C0
:105E70000ED10B1A022B98BFC11C4FF0B043B1F1E9
:105E8000FF3F38BF01390822196403F580539A6136
:105E9000174A304600F062F992F8283043B14FF0CB
:105EA000B041CB6B43F00203CB63002382F8283070
:105EB0000023D4F8282184F804322AB1D188890734
:105EC00008D5012384F80432002070BD08229A61AD
:105ED0005A61EDE79268002AF6D051690B44012B14
:105EE000ECD9F1E72220F0E718300020001000582C
:105EF000A03F002010B5F0F7E7FE0B4CD4F80032BD
:105F0000D4F82811C31A11B9C4F8000210BD002B2F
:105F1000FAD04A699A423ABF9B1A0022D21A4A61C1
:105F200028BF00238968EEE718300020F8B5054641
:105F300028B3EFF3108672B6FFF7DCFF114B28464B
:105F4000D3F82871FFF782FD044620B1304600F0F7
:105F500005F92046F8BDAF42F8D1FFF76BFF2228C4
:105F6000F4D10122084B83F828204FF0B042D36BC4
:105F700023F00303D3630822044B9A61E6E722244B
:105F8000E7E700BF18300020A03F002000200058A5
:105F900010B5EFF31184302383F311880C4B0D4AB5
:105FA0001B68183B13F1180F04D184F31188BFF359
:105FB0006F8F10BD19680968914202D09B69183B28
:105FC000F0E71B6953F82030002BEED09847ECE740
:105FD000003200200000045010B50446E8F7ECFB46
:105FE000B0B1B4F5007F4FF001010ED12046FFF7AC
:105FF0001FF900211020FFF71BF900210548FFF7CA
:1060000017F9BDE81040F2F7D3BE4FF48050F2E725
:1060100010BD00BF0A0001002DE9F0411F469DF8A8
:106020001830164603710023BDF81C20C0E9036335
:1060300007608360C28004460D46F0F745FE2844A1
:10604000A0613DB96561CEB1394620463346BDE811
:10605000F0411847EFF3108672B6FFF74BFF294661
:106060002046FFF7A9FE064B1B689C4201D1FFF7B3
:10607000E1FE3046BDE8F04100F070B8BDE8F081C7
:10608000403100204FF4807370B596B00292012425
:1060900021220193102303940493059206910794FF
:1060A0000893099201AA0A9206AA0B9204220C9262
:1060B00011220D920AAA0E900F92109340F611032E
:1060C0001193194B12930EAB1393184B149346F67E
:1060D00011031593FFF70CFD1428044620D1EFF3AC
:1060E000108072B64FF0A8431E681D6900F036F8A4
:1060F0004FF0A843032212A95A63196002A919613B
:106100009A63DA6B9207FCD1142C06D1EFF310805E
:1061100072B61E601D6100F021F8054B5B6801E05E
:106120000028E5D016B070BDFC310020040000202E
:1061300000ED00E00846E7F7A7B91046E7F7A4B975
:106140000020704708B5E8F737FB20B1BDE80840EC
:106150000820FFF785B808BD0020704710B962B667
:10616000BFF36F8F7047EFF3108072B6704780F304
:106170001188BFF36F8F7047EFF31180302383F3E3
:1061800011887047012303FA01F1EFF311833022E4
:1061900082F3118800F5005200F58050516581624C
:1061A00083F31188BFF36F8F7047EFF311823023B1
:1061B00083F31188436B82F31188BFF36F8F012043
:1061C00088401840003818BF012070474FF09843AE
:1061D0005A6CD202FCD5586D00F47020704708B597
:1061E00028B128220021FDF75BFE002008BD2120F8
:1061F000FCE7036A042B9FBF00EB83020133D160ED
:1062000003627047036A10B5052B15D84FF098420A
:10621000116CC902FCD504339B00136503684FF071
:106220009844136043681360034653F8081F1160D5
:106230000022016A914200D810BD53F8041F0132B8
:106240002160F6E708B508B9212008BDFFF7DAFF9D
:10625000FFF7BCFF0028F8D0B0F5802F17D00BD87F
:10626000B0F5003F15D0B0F5403F14D0B0F5803FF9
:1062700014BF01204820E8E7B0F5202F0DD0B0F57D
:10628000302F0CD0B0F5E02FDED00120DDE74B2021
:10629000DBE72A20D9E72C20D7E71020D5E711200B
:1062A000D3E7836882B013B9816002B07047836816
:1062B0000193019B5B68012B019B01D15960F4E7BD
:1062C0005B68F5E738B50C46EFF31185302383F3AF
:1062D00011881D2838D8DFE800F00F19371D1F215D
:1062E0003723253737372729372B2D2F31373737A6
:1062F0003735373737373733FFF7C8FB0023206090
:1063000085F31188BFF36F8F184638BD0120EEF773
:106310005FFFF3E70320FAE70420F8E70C20F6E735
:106320000220F4E70620F2E70720F0E70820EEE776
:106330000520ECE70920EAE70A20E8E70D20E6E778
:106340001020E4E70B20E2E700202123D7E708B57F
:10635000EFF31181302383F31188F0F7B5FC81F35B
:106360001188BFF36F8F08BD00000000000000001F
:10637000000000000000000000000000000000001D
:10638000F8B500BFF8BC08BC9E467047F8B500BF22
:10639000F8BC08BC9E4670475FF800F0213E002024
:1063A000000000007AFF809F79FF009F73FF809EAE
:1063B00000000000000000000000000000050001D7
:1063C00001000000A13E0200446502000100080037
:1063D0002465020001000800FFFFFFFFFFFFFFFF31
:1063E000FFFFFFFF000000000000000000000000B1
:1063F00001000000FFFFFFFF4B60D2273E3CCE3B79
:10640000F6B053CCB0061D65BC86987655BDEBB38F
:10641000E7933AAAD835C65A512563FCC2CAB9F3E4
:10642000849E17A7ADFAE6BCFFFFFFFFFFFFFFFF4B
:1064300000000000FFFFFFFF96C298D84539A1F485
:10644000A033EB2D817D0377F240A463E5E6BCF831
:1064500047422CE1F2D1176BF551BF376840B6CBFC
:10646000CE5E316B5733CE2B169E0F7C4AEBE78EF8
:106470009B7F1AFEE242E34F0100000014DEF9DECA
:10648000A2F79CD65812631A5CF5D3ED5053410025
:106490004B45590014660200F8650200DC650200F5
:1064A0000000000002000000D465020003000000AC
:1064B000CC65020004000000C46502000500000075
:1064C000BC65020006000000B46502000700000081
:1064D000AC6502000E000000A46502000F00000081
:1064E0009C65020010000000946502002600000078
:1064F0008C6502002700000084650200280000006F
:106500007C65020029000000746502002A0000007A
:106510006C6502002B0000006465020000000000B2
:10652000000000005F9C95BCA3508C24B1D0B155F5
:106530009C83EF5B04445CC4581C8E86D8224EDDDD
:10654000D09F1157E0EB7A7C3B41B8AE1656E3FA88
:10655000F19FC46ADA098DEB9C32B1FD86620516A3
:106560005F49B800F687020070942B050A88020084
:1065700070932A051E880200709229053288020055
:10658000708428053E880200708327054A8802002F
:106590007082260556880200706410096288020025
:1065A00070630F096E88020070620E097A8802001B
:1065B000902407008688020090230600928802003B
:1065C000902205009E88020010140400AA88020090
:1065D00010130300B688020010120200020000002F
:1065E00000000000000000000000000000000000AB
:1065F0000000000000000000020000000000000099
:1066000000000000EFA80000EFA80000496A0000A9
:10661000D1A8000002000000ED6A000041D3000094
:10662000036B0000076B0000636A0000F16A000062
:106630000400040003000400020004000100040040
:106640000000040013B779FAC925DDB7ADF3CFE038
:10665000F1B614B80102000000000000FFFFFFFFC8
:106660000200000001000000000000000000000027
:10667000000000000000000000000000000000001A
:10668000000000000000000000000000000000000A
:106690000000000010141400101C2030401C2000CA
:1066A000001C203040100806040000000080055047
:1066B0000300000000000000406602003C6602008B
:1066C000386602003466020030660200D80A0020F4
:1066D000C7D50000C9D40000BFD4000005D6000013
:1066E0000DD5000001D50000523000523100523269
:1066F00000523300523400523500523600523700F7
:10670000523800523900523130005231310052318A
:106710003200523133284C5229004D53500050530F
:10672000500050430078505352004D535020757321
:1067300065640050535020757365640043535441A1
:10674000434B20626F74746F6D0049435352005382
:106750004843535200494E545F41435449564530D3
:1067600000494E545F414354495645310043465316
:106770005200484653520044465352004D4D415238
:106780002F42464152004146535200526574300038
:106790005265743100526574320052657433005290
:1067A000657434005265743500446174300044618E
:1067B00074310000505341004B455900534C2D4F4C
:1067C00050454E5448524541442F332E312E312EE0
:1067D000305F4769744875622D666232373465668A
:1067E00065363B2045465233323B2053657020329C
:1067F0003020323032362030303A30303A303000CB
:1068000000000000770000000000000070000000A1
:106810000000000001000000600000000000000017
:106820000100000061000000000000000100000005
:1068300063000000000000000100000041000000B3
:106840000000000001000000430000000000000004
:1068500001000000480000000000000001000000EE
:106860004700000000000000010000000D150000BE
:1068700000000000010000005200000000000000C5
:10688000010000005A0000000000000001000000AC
:106890005B0000000000000001000000420000005A
:1068A000000000000100000049000000000000009E
:1068B00001000000000000000B00000001000000CB
:1068C000000000000E0000000100000000000000B9
:1068D0006800000000000000300000000000000020
:1068E0000000000066000000000000000100000041
:1068F0002100000000000000010000003600000040
:106900000000000001000000440000000000000042
:106910000100000045000000000000000100000030
:106920004600000000000000010000004B000000D5
:1069300000000000010000004C000000000000000A
:106940000000000022000000000000000100000024
:106950000D19000000000000010000003E150000BD
:1069600000000000000000007109000000000000AD
:1069700000000000ED8C0200A5EF00000000000008
:10698000F58C02001BDE000000000000F88C020005
:1069900093E0000000000000FD8C0200FD300100CB
:1069A00000000000028D020021DF00000000000056
:1069B000088D020005E1000000000000168D0200B5
:1069C00049E1000000000000E688020099D80000BC
:1069D00000000000EC880200A9D8000000000000C0
:1069E000268D020055DE000000000000DE8B020054
:1069F000B7DC0000E98B020015DD0000000000009C
:106A000083E3000000000000010000008BE30000B1
:106A10000000000002000000290401000000000046
:106A200003000000A7E300000000000004000000D5
:106A3000ADE300000000000005000000B3E300002B
:106A4000000000000600000067E2000000000000F7
:106A50000700000091E200000000000008000000B4
:106A600031E4000000000000090000007DE30000A8
:106A7000000000000C00000099E20000000000008F
:106A80000D00000089E2000000000000200000006E
:106A9000A9E400000000000021000000D5E1000092
:106AA000000000002200000039E2000000000000A9
:106AB000230000005103010000000000240000003A
:106AC00035130100000000002500000045130100FF
:106AD000000000002600000005EE0000000000009D
:106AE00027000000A3E200000000000029000000D1
:106AF00041E20000000000002A00000069130100CC
:106B0000000000002C0000008113010000000000C4
:106B10003000000049E200000000000031000000E9
:106B200033E2000000000000320000001503010005
:106B300000000000340000009DE4000000000000A0
:106B4000350000000B0301000000000036000000CB
:106B5000010301000000000037000000B9E400005C
:106B60000000000038000000E1E10000000000002B
:106B7000B000000017E4000000000000B1000000B9
:106B80001DE400000000000002080000D5290100FB
:106B90000000000004080000F9E10000000000000F
:106BA0000508000001E200000000000000090000EC
:106BB000B3E20000000000000B12000023E400001C
:106BC000000000000C1200009913010000000000FA
:106BD0000D120000C9E400000000000003130000D3
:106BE000D1E400000000000000400000D1DA000005
:106BF0000000000001400000ABE2000000000000C7
:106C000002400000D3DA0000000000000340000052
:106C1000EF0301000000000007000000B3DA0000ED
:106C20000000000020000000D90601000000000064
:106C300021000000D50A010000000000240000002F
:106C40002908010000000000250000005108010093
:106C5000000000002A000000990801000000000068
:106C60002B000000F9090100000000002C000000CA
:106C7000B7DA000000000000300000004309010006
:106C80000000000031000000FD08010000000000CD
:106C900032000000ABDA0000000000003400000009
:106CA000B50D01000000000035000000EDE8000017
:106CB00000000000360000008DE800000000000029
:106CC0003700000029060100000000003800000025
:106CD000B3080100000000003B000000F7050100C0
:106CE000000000003C000000CFDB000000000000BE
:106CF0003D000000ED29010000000000B20000008E
:106D0000E1E4000000000000000800006B0C01003E
:106D10000000000001080000510701000000000011
:106D200003080000030F010000000000000900003C
:106D3000650A0100000000000D120000710601004C
:106D400000000000031300009D0601000000000089
:106D500004130000ABDE000000000000051300007B
:106D6000F10D01000000000003400000D5DA000032
:106D70000000000000000000020203000000FFFF0E
:106D8000FFFF00000000FFFFFFFFFFFFFFFFBCE66B
:106D9000FAADA7179E84F3B9CAC2FC63255100005F
:106DA000000004500100000000000000000000008E
:106DB0000000000008080000F43F00200000000070
:106DC00000000100E1190000E119000000000000CE
:106DD00000000000193F0106041001000001010637
:106DE0000010270000090000000000000000000063
:106DF000140000006666660000000000D46D02000A
:106E0000C46D0200000A0000001A9A00005A6202D3
:106E100080841E0004200000114950020000000080
:106E20000000000000000000000000000000000062
:106E3000B1841E00000000000000000000000000FF
:106E400000000000140000006666660000000000FC
:106E5000D46D0200C46D020000000000001A9A0008
:106E6000005A620280841E000420FE001149500274
:106E70000000000000000000000000000000000012
:106E800000000000B1841E000000000000000000AF
:106E90000000000000000000FC1F0103F06D020074
:106EA0001CC0011000F807001CC00130F5020800EA
:106EB00050C001008741300C2440060107C0420049
:106EC00000000000000000000000000300000000BF
:106ED00020380000584001016402FF008040050195
:106EE0005C02A0089BC34A74F0030000000000008D
:106EF00000000000E040010173000000F0400401C8
:106F000011010000640483078813C83A9C200A001A
:106F100028410101031000003C410B01000000006A
:106F20000000000000000000000000000000000061
:106F30000000000001000000000000000000000050
:106F400000000000000000003C42010100000000C1
:106F5000A0800201D5C00000D5C00000A8800111AA
:106F6000F0010000A880013105228D00AC800111E4
:106F7000F0010000AC80013105228D00B0800101DC
:106F800037000001FFFFFFFFCC720200000000008D
:106F9000FC1F0103446E02001CC0011000F8070032
:106FA0001CC001301402080050C0010087413004A9
:106FB0002440060107006200387000000000000055
:106FC000000000030068010F40B824405840010150
:106FD000FC006900804005012363E0119BC34A74F3
:106FE000F003000003800000BE0A0000E040010141
:106FF00033000000F0400401590B000064048307D3
:107000008813C83A90200A0028410101001E0000A0
:107010003C410B0100148C00141A21282E343B42F1
:10702000495043557698BA0C2869000001000000C9
:107030000721286414171A002004C869A1203A09FE
:107040003C42010129000000A08002017078030089
:10705000D5C00000A8800111F0010000A880013116
:107060000542CB01AC800111F0010000AC80013180
:1070700005228D00B080010100030002FFFFFFFF29
:10708000986E02004063598F404B4C000B000B0080
:107090001A00FF7FEC3F0020000000008C6F020010
:1070A00000000000906F02004063598F404B4C007D
:1070B0000B000B001A00FF7FEC3F002000000000D7
:1070C0008C6F0200000000000C40020001801400E0
:1070D0007F4000002040020000000000000000008F
:1070E0003040070000000000000000000000000029
:1070F000000000000000000000000000A0070000E9
:1071000050400100000000005C4002000000000050
:1071100000000000A840010007000000B440040087
:1071200000400000FF4C000000410000FF4D000047
:1071300008C001000000000020C00110FF00000096
:1071400020C001300043000024C00400EC80B303E1
:107150004375A802000000002E02000054C0030086
:107160000E2D09E654060708D1B6020064C00800D7
:107170000430000040201006C8F248181FE8F6004E
:10718000BD4B721511A3180510325476980A0000F1
:1071900088C0010000000000080001010407000091
:1071A0001800010100000000200001010884000017
:1071B0001C4002011000000020F913045C4005018E
:1071C0004108000001000000B0070800A70000000F
:1071D00000000000944007010101103050707F7FD3
:1071E000000000000000000000000000000000009F
:1071F00000000000E440010100000000EC4001013B
:107200007DA8D98B0041020100612000B7563512DC
:107210000C410301F95412002030042988BB4000BE
:107220002441010100000000304103016406660CA6
:107230000C010000E853FA0068410301640483076D
:1072400088138200000000003042030100000000AB
:107250000000000E00000000444201010000000098
:107260001080010103000000388002011149100064
:10727000010000009C800101EB400200B48001018C
:107280003700000188000202000C00044C000000DE
:107290009400010200040000D4000102900296084C
:1072A000E40001023D09420418010102600051029C
:1072B000FFFFFFFFC87002000000000080700200A6
:1072C000010000000000000000F04902C870020048
:1072D00000000000A4700200010000000000000097
:1072E00000F04902B4720200CC72020001000000FA
:1072F000010000000100000001000000010000008A
:107300000100000002000000020000000200000076
:107310000200000003000000030000000400000061
:107320000400000005000000050000000600000049
:107330000700000008000000090000000A0000002B
:107340000C0000000D0000000F0000001100000004
:107350001300000016000000190000001C000000CF
:107360002000000024000000290000002C00000084
:10737000340000003B000000430000004E0000000D
:10738000590000006A000000820000009700000021
:10739000E1350100F93501005955010015360100AC
:1073A00029380100293901007339010030313233A5
:1073B00034353637383941424344454600000000F1
:1073C00000000000000000000000000000050001B7
:1073D0000100000001040103030601050105010984
:1073E0000600060B0000070B050B00000000000064
:1073F00000000000000000000100A00202020202E2
:1074000064000000B60000006400000000010000FD
:107410000000000000000000000000000B00000061
:10742000736C5F6F745F6372656174655F696E73BF
:1074300074616E636500000000000000010004003C
:10744000010010000400020020002400030040009E
:1074500044000400000004000500000008100000C3
:107460001F0B01000000000004130000A1DB00005E
:107470000000000005130000D10E01000000000014
:1074800008100000A50B010000000000041300001C
:107490003DDB00000000000005130000650E010048
:1074A0000000000050C300001C250000F401000093
:1074B000F401000050C300007C150000DC05000052
:1074C000DC050000F5DA02001C250000F4010000D4
:1074D000F4010000E5BF00001C250000F4010000DD
:1074E000F4010000193F010604100100000101062B
:1074F00000102700000C0000000000000000000049
:10750000140000000000400000000000E4740200CD
:10751000A474020000000000082F86000048E80163
:1075200040420F000101000011495002000000001C
:10753000000000000000000000000000000000004B
:107540002A420F00000000000000000000000000C0
:107550000000000014000000000080000000000097
:10756000E4740200B47402000000000000478600CA
:107570000048E80180841E0001010000114950020A
:1075800000000000000000000000000000000000FB
:107590000000000055841E000000000000000000F4
:1075A0000000000000000000140000000000800047
:1075B00000000000E4740200C47402000000000037
:1075C000802596000048E80140420F0001080000B5
:1075D00011495002000000000000000000000000FF
:1075E00000000000000000003E420F00000000000C
:1075F0000000000000000000000000001400000077
:107600000000800000000000E4740200D474020056
:1076100000000000802596000048E80140420F006D
:1076200001020000114950020000000000000000AB
:107630000000000000000000000000003E420F00BB
:10764000000000000000000000000000000000003A
:1076500003010000FC1F0103007502003C40010013
:107660000000000048400100A00700005040010059
:10767000000000005C40020000000000000000006C
:10768000B4400100FF4C000054C001000E2D09E67B
:1076900020400401000000861FC0010000600000BF
:1076A0000080000058400401180005008008000018
:1076B000090000009100040080400C018C000C00C7
:1076C0000000000013002200000000000000000085
:1076D0000002050D1C2F42536269686053402E1F43
:1076E000918220846745332212490200EC40070151
:1076F00090382CAC000000005A10080AD007CA4A83
:1077000051104800F9541E804737414A1041020188
:1077100030194A0589BB400028410101FFFF0000E4
:1077200030410901F15004430C010000E853FA0014
:107730000000080010161C22282E343A404621432F
:107740006587A90B0000C0B4684103015A10080AFC
:10775000D0074104C1030000304202018993A30F06
:107760005EC25D0EA080020170780300D0000000B0
:10777000A8800111F0010000A88001310542CB0171
:10778000AC800111F0010000AC800131053EFD002C
:10779000FFFFFFFF03020000FC1F010354750200FE
:1077A0003C4001000000000048400100A00700002C
:1077B00050400100000000005C400200000000009A
:1077C00000000000B4400100FF4C000054C0010064
:1077D0000A2D09E620400401000000061FC0000039
:1077E0000060000000D03200584004016402FF0035
:1077F00080080000010000001100080080400C011A
:107800000804000000000000D9032200000000006E
:10781000000000000102071121374B5A67696254CA
:107820004029150500008020434433332392A424CB
:10783000EC40070190382CAC000000006404830782
:107840008813C83A9D200A00016120804737414AC9
:10785000104102012A144A0289BBC00A28410101D1
:10786000FFFF0000304109016406660C0C010000B6
:10787000E853FA000000080012181E242A30363C93
:10788000424821436587A90B0000E0C46841030119
:107890006404830788138200C1080000304202019B
:1078A00045966B105C22670EA08002017078030081
:1078B000D5C00000A8800111F0010000A8800131AE
:1078C0000542CB01AC800111F0010000AC80013118
:1078D00005228D00FFFFFFFF03030000FC1F0103D3
:1078E000A87502003C400100100000004840010063
:1078F0002007000050400100000400005C4002002E
:107900000D0F000001010000B440010003C00100A0
:1079100054C001000E2D09E620400401300000464D
:107920001FC8010000200010008000005840040122
:1079300018000500400800000900000092000A003D
:1079400080400C018C002C0200000000120012008C
:107950005B808C1B000000000002050E1C2F4353AF
:10796000626968615543320416E4B8C68A674533D4
:10797000224A9204EC40070180B0B18C0000000064
:10798000640483078813C83A9C200A0001612080A0
:10799000B756351210410201A01B04290888400087
:1079A0002841010100000000304109016406660C15
:1079B0000C0100004CD4E83B04196F30080E141A77
:1079C00020262C32383E10325476980A1D5F000073
:1079D00068410301640483078813820000000000EB
:1079E00030420201000000000008000EA0800201E9
:1079F00070380300D0000000A8800111F0010000E1
:107A0000A8800131055AFD01AC800111F001000090
:107A1000AC800131053EFD00FFFFFFFF03040000C5
:107A2000FC1F0103FC7502003C4001001000000037
:107A300048400100201700005040010001040000F0
:107A40005C4002000D0F000001010000B440010085
:107A500003C0010054C001000E2D09E620400401BE
:107A6000300000461FC80100002000100080000008
:107A700058400401180005004008000009000000FB
:107A800092000A0080400C018C002C0200000000D3
:107A9000120012005B808C1B000000000002050E2B
:107AA0001C2F4353626968615543320416E4B8C61B
:107AB0008A674533224A9204EC40070180B0B18CBA
:107AC00000000000640483078813C83A9C200A0061
:107AD00001612080B756351210410201A01B042914
:107AE00008884000284101010000000030410901E0
:107AF0006406660C0C0100004CD4E83B04196F309E
:107B00000A10161C22282E343A4010325476980A55
:107B10001D5F80A468410301640483078813820009
:107B20000000000030420201000000000008000ECA
:107B3000A080020170380300D0000000A88001116D
:107B4000F0010000A8800131055AFD01AC8001114F
:107B5000F0010000AC800131053EFD00FFFFFFFF9A
:107B600054760200809C2B8F80841E000000000051
:107B70002700FF7F08400020000000005076020030
:107B80000000000098770200809C2B8F80841E00EC
:107B9000000000002200FF7F0840002000000000DD
:107BA000947702000000000098770200809C2B8FE1
:107BB00080841E00000023002300B600084000203F
:107BC0000000000094770200000000009877020097
:107BD000809C2B8F80841E000000240024009D00C8
:107BE0000840002000000000947702000000000020
:107BF00098770200809C2B8F80841E000000250057
:107C000025007D000840002000000000947702005D
:107C10000000000098770200809C2B8F80841E005B
:107C2000000026002600530008400020000000004D
:107C3000947702000000000098770200809C2B8F50
:107C400080841E00000027002700FF7F08400020DE
:107C5000000000009477020000000000DC780200C1
:107C6000809C2B8F80841E00000000002700FF7F77
:107C70000840002000000000D8780200000000004A
:107C8000207A0200809C2B8F80841E000000000060
:107C90002700FF7F08400020000000001C7A02003F
:107CA000000000000C4002000181010000410000C2
:107CB00020400200000000000100000030400300EE
:107CC0000000000000000000000000004040020032
:107CD0000000000000000000A840010007000000B4
:107CE000B8400300FF4C0000FF4D0000FF4D0000B6
:107CF00008C00100000000001CC0011000F80700CF
:107D00001CC00130F502080020C00110FF00000077
:107D100020C001300013000024C00400EC80B30335
:107D20004375A802000000002E02000050C00100B0
:107D30008741300C58C0020054060708D1B6020033
:107D400064C008000430000040201006C8F2481843
:107D50001FE8F600BD4B721511A3180510325476BA
:107D6000980A000088C0010000000000080001011E
:107D70000807000018000101AAAAAA0020000101BA
:107D80000060DA001C4001011000000030400301D7
:107D90000000000300000000000000006840020135
:107DA0002941767100000000E0400201330000002C
:107DB000000000000C410101B855120024410101EE
:107DC0000000000054410501010000000000000017
:107DD0000000000000000000000000003842020126
:107DE000000000000000000044420101000000000B
:107DF00010800101030000003880020111491000C9
:107E0000010000009C800101EB400200B0800201F3
:107E1000000300023700000188000202000C000489
:107E20004C0000009400010200040000D400010294
:107E300090029608E40001023D0942041801010283
:107E400060005102FFFFFFFF000000000000000083
:107E5000000000000000000050C300007C1500007E
:107E6000DC050000DC050000193F010604100100DC
:107E70000001010600102700000C000000000000B7
:107E800000000000140000006666660000000000AC
:107E9000D46D0200487E020000000000001A9A0023
:107EA000005A620280841E000420FE001149500224
:107EB00000000000000000000000000000000000C2
:107EC00000000000B1841E0000000000000000005F
:107ED000000000000000000014000000666666005C
:107EE00000000000687E0200587E020000000000D2
:107EF00000478600005A620280841E0001010000D3
:107F000011495002000000000000000000000000C5
:107F1000000000000000000041841E00000000007E
:107F2000000000000000000000000000140000003D
:107F30006666660000000000D46D0200C46D020099
:107F4000000C0000001A9A00005A620280841E0091
:107F50000420000011495002000000000000000051
:107F6000000000000000000000000000B1841E00BE
:107F70000000000000000000000000000000000001
:107F8000FC1F0103D87E02000C4002000CB111005E
:107F900000410000304004002508000000010000FE
:107FA000FF00000001030100504001000B00000031
:107FB0005C4002000F0D000001010000B44004000D
:107FC00001400000FF0C000001410000FF0D000017
:107FD0001CC0011000F807001CC00130F5020800A9
:107FE00020C00110FF00000020C00130001300007D
:107FF00050C001008741300C080001010E1700003D
:1080000018000101FFFFFFFF200001012083B8EDF0
:108010001C40080110000000000000041FC0010007
:108020000030000000100A00000000030000000003
:1080300000000000584006016402FF0041080000F3
:1080400001000000120008007C4E78AB0000000028
:1080500080400C013200AC0800000000DF032A0061
:1080600000000000000000000102071121374B5AF8
:10807000676962544029150500008020434433336A
:108080002392A424EC40050190A8578B0000000027
:10809000640483078813C83A9C200A002441020123
:1080A00000000000000000003C410B010000000047
:1080B00000000000000000000000000000000000C0
:1080C00000000000000000000000000000000000B0
:1080D00000000000000000003C4201010000000020
:1080E000FFFFFFFF03000000FC1F0103D87E02001A
:1080F0000C4002000CB111000041000030400400AF
:108100002508000000010000FF0000001407010026
:10811000504001000B0000005C4002000F0D000009
:1081200001010000B440040001400000FF0C000009
:1081300001410000FF0D00001CC0011000F8070005
:108140001CC00130F502080020C00110FF00000033
:1081500020C001300013000050C001008741300CE6
:10816000080001010E17000018000101FFFFFFFFCA
:10817000200001012083B8ED1C4008011000000020
:10818000000000041FC001000030000000100A00C1
:10819000000000030000000000000000584006013D
:1081A0006402FF0041080000010000001200080006
:1081B00083B187540000000080400C013200AC08FD
:1081C00000000000DF032A000000000000000000A3
:1081D0000102071121374B5A67696254402915057E
:1081E00000008020434433332392A424EC40050153
:1081F00090A8578B00000000640483078813C83AD6
:108200009C200A0024410201000000000000000040
:108210003C410B01000000000000000000000000D5
:10822000000000000000000000000000000000004E
:10823000000000000000000000000000000000003E
:108240003C42010100000000FFFFFFFFFC1F010393
:10825000847E02000C400200018014007F40000078
:10826000304004000000000000000000000000009A
:108270000000000050400100000000005C400200CF
:108280000000000000000000A840010007000000FE
:10829000B440040000400000FF4C0000004100001A
:1082A000FF4D00001CC0011000F807001CC0013089
:1082B0001402080020C00110FF00000020C001309F
:1082C0000043000050C00100874130040800010154
:1082D0000407000018000101000000002000010157
:1082E000088400001C4008011000000020F913045D
:1082F0000702620038700000000000000000000368
:108300000068010F40B8244058400601FC00690095
:108310004108000001000000B0070800A7000000AD
:108320002F00000080400C012363E0119BC34A74BE
:10833000F003000003800000BE0A000001011030BD
:1083400050707F7F0000000000000000000000006F
:108350000000000000000000EC4005017DA8D98B62
:10836000590B0000640483078813C83A90200A0060
:108370002441020100000000001E00003C410B01EE
:1083800000148C00141A21282E343B4249504355C6
:108390007698BA0C286900000100000007212864C3
:1083A00014171A002004C869A1203A093C420101AF
:1083B00029000000FFFFFFFF05020000FC1F010372
:1083C0002C7F02001CC0011000F807001CC0013007
:1083D000F502080050C001008741300C244006011E
:1083E00007C0520000000000000000000000000371
:1083F0000000000000000000584001016402FF007E
:10840000804005014B01A0089BC34A74F0030000A3
:108410000000000000000000E04001013300000007
:10842000F040040100000000640483078813C83A88
:108430009C200A0028410101031000003C410B016F
:10844000000000000000000000000000000000002C
:10845000000000000000000001000000000000001B
:108460000000000000000000000000003C4201018C
:1084700000000000A080020170780300D5C0000059
:10848000A8800111F0010000A88001310542CB0154
:10849000AC800111F0010000AC80013105228D009B
:1084A000B080010100030002FFFFFFFF4C820200C9
:1084B0004063598F404B4C000B000B001A00FF7FAC
:1084C000EC3F0020000000008C6F02000000000064
:1084D000807F02004063598F404B4C001B001B0003
:1084E0002A00FF7F1040002000000000E48002000E
:1084F000000000004C8202004063598F404B4C004A
:108500000B000B001A00FF7FEC3F00200000000072
:108510008C6F020000000000E88002004063598F69
:10852000404B4C001B001B002A00FF7F1040002026
:1085300000000000E4800200000000002040020073
:1085400000000000000000004040030000000000A8
:1085500000000000A007000008C0010000000000AB
:1085600024C00400EC80B3034375A802000000009F
:108570002E02000054C003000E2D09E65406070821
:10858000D1B6020064C0080004300000402010068C
:10859000C8F248181FE8F600BD4B721511A3180564
:1085A00010325476980A000088C0010000000000D4
:1085B000E040020133000000000000000041020121
:1085C00000612000B75635120C410301F954120026
:1085D0002030042988BB4000304103016406660C4A
:1085E0000C010000E853FA006841030164048307AA
:1085F00088138200000000003042030100000000E8
:108600000000000E000000004442010100000000D4
:1086100010800101030000003880020111491000A0
:10862000010000009C800301EB4002007078030011
:10863000D5C00000A8800111F0010000A880013120
:108640000542CB01AC800111F0010000AC8001318A
:1086500005228D00B08002010003000237000001F6
:1086600088000202000C00044C000000940001028B
:1086700000040000D400010290029608E400010208
:108680003D0942041801010260005102FFFFFFFF93
:10869000BC8302004063598F404B4C000B000B0021
:1086A0001A00FF7FEC3F002000000000B8830200AA
:1086B00000000000A47C020000000000607B0200BB
:1086C000010000000000000000F04902B486020032
:1086D000A47C020000000000847B02000600000071
:1086E0000000000000F04902D0860200A47C0200D5
:1086F000000000005C7C020001000000000000009F
:1087000000F04902EC860200A47C02000000000098
:10871000807C0200010000000000000000F049021F
:10872000088702003C85020000000000F48402007B
:10873000020000000000000000F04902248702004F
:108740003C85020000000000AC8402000200000032
:108750000000000000F0490240870200608702002C
:10876000C8700200000000009086020001000000B6
:108770000000000000F0490260870200012C206622
:10878000756E6374696F6E3A2000617373657274FD
:10879000696F6E2022257322206661696C65643AD8
:1087A0002066696C6520222573222C206C696E6519
:1087B000202564257325730A00232D302B200068A3
:1087C0006C4C0065666745464700303132333435BE
:1087D000363738394142434445460030313233342C
:1087E000353637383961626364656600554E4445F5
:1087F00046494E4544004145532D3235362D4343BD
:108800004D2A2D4E4F2D544147004145532D3139AE
:10881000322D43434D2A2D4E4F2D544147004145A3
:10882000532D3132382D43434D2A2D4E4F2D544177
:1088300047004145532D3235362D43434D004145C8
:10884000532D3139322D43434D004145532D3132A3
:10885000382D43434D004145532D3235362D474386
:108860004D004145532D3139322D47434D0041458F
:10887000532D3132382D47434D004145532D32356C
:10888000362D434243004145532D3139322D434269
:1088900043004145532D3132382D43424300414579
:1088A000532D3235362D454342004145532D313944
:1088B000322D454342004145532D3132382D454339
:1088C0004200656E61626C650064697361626C652B
:1088D000006661696C65640D0A7374617475732058
:1088E0002523780D0A0073746172740073746F70BD
:1088F0000066616C73650075696E7431365F742053
:108900006F743A3A5370696E656C3A3A42756666AE
:1089100065723A3A47657444697374616E63652899
:10892000636F6E73742075696E74385F742A2C20BF
:10893000636F6E73742075696E74385F742A2C20AF
:10894000446972656374696F6E2920636F6E737416
:10895000002F6F70742F73696C6162732F73646B77
:10896000732F73696D706C69636974795F73646B7D
:108970005F323032362E362E312F6F70656E74684E
:10898000726561645F737461636B2F7574696C2FBA
:1089900074686972645F70617274792F6F70656E4C
:1089A0007468726561642F7372632F6C69622F73D0
:1089B00070696E656C2F7370696E656C5F62756649
:1089C0006665722E637070002D6E007C205374619A
:1089D00072744368207C20456E644368207C205478
:1089E0006172676574506F776572207C2041637493
:1089F00075616C506F776572207C20526177506F83
:108A000077657253657474696E67207C0D0A2B2D2F
:108A10002D2D2D2D2D2D2D2D2B2D2D2D2D2D2D2D88
:108A20002B2D2D2D2D2D2D2D2D2D2D2D2D2D2B2D7A
:108A30002D2D2D2D2D2D2D2D2D2D2D2D2B2D2D2D68
:108A40002D2D2D2D2D2D2D2D2D2D2D2D2D2D2B0D78
:108A50000A00FFFFFFFFFFFFFFFF002C2000257330
:108A6000203D2030782530386C7825730075696E8C
:108A700074385F742A206F743A3A5370696E656C6B
:108A80003A3A4275666665723A3A4765745570645B
:108A9000617465644275665074722875696E7438C5
:108AA0005F742A2C2075696E7431365F742C2044F3
:108AB0006972656374696F6E2920636F6E737400E9
:108AC0006E756D5365676D656E7473203C3D206BEC
:108AD0004D61785365676D656E74730075696E746A
:108AE00031365F74206F743A3A5370696E656C3A30
:108AF0003A4275666665723A3A4F75744672616DB0
:108B0000654765744C656E6774682829006D5772F7
:108B1000697465446972656374696F6E20213D20D4
:108B20006B556E6B6E6F776E006F744572726F72FD
:108B3000206F743A3A5370696E656C3A3A427566C2
:108B40006665723A3A496E4672616D65417070654C
:108B50006E642875696E74385F742900656E616291
:108B60006C65640064697361626C65640066616968
:108B70006C65643A20636F6D6D616E64207374720E
:108B8000696E6720636F6E7461696E7320746F6FB6
:108B9000206D616E7920617267756D656E74730DFD
:108BA0000A0072637000646961676E6F7374696351
:108BB00073206D6F64652069732025730D0A00644E
:108BC0006961676E6F7374696373206D6F6465208C
:108BD00069732064697361626C65640D0A00616485
:108BE00064722D6D61746368006175746F2D6163CB
:108BF0006B00646961672066656174757265202722
:108C0000257327206973206E6F7420737570706FE1
:108C1000727465640D0A006661696C65643A20636C
:108C20006F6D6D616E6420737472696E6720746F0E
:108C30006F206C6F6E670D0A0030006F74457272A2
:108C40006F7220726164696F5363686564756C65E7
:108C500052782875696E74385F742C2075696E744B
:108C600033325F742C2075696E7433325F7429005F
:108C70002F6F70742F73696C6162732F73646B73E1
:108C80002F73696D706C69636974795F73646B5F6E
:108C9000323032362E362E312F6F70656E74687218
:108CA0006561642F706C6174666F726D2D616273A3
:108CB0007472616374696F6E2F65667233322F72DE
:108CC0006164696F2E637070006765740025640DC0
:108CD0000A00736574006D6F646500696E0D0A00AB
:108CE0006F75740D0A00696E006F757400636861BA
:108CF0006E6E656C006377006563686F006770690E
:108D00006F00706F77657200706F7765727365744E
:108D100074696E677300726177706F7765727365DF
:108D20007474696E670073747265616D002530320A
:108D300078006F744572726F72206F743A3A537094
:108D4000696E656C3A3A4275666665723A3A4F7575
:108D5000744672616D6552656D6F76652829007382
:108D6000496E7374616E6365002F73646B323032C9
:108D7000362D6669726D776172652F736F757263D8
:108D8000652F6170702E6300E1C4010029C50100E8
:108D9000D5C4010035C501001DC501008F47020083
:108DA000CD470200EF47020011480200334802009D
:108DB00069D4010019D4010025D4010019D501009E
:108DC000774A02008D43020091430200954302005E
:108DD000994302009D43020000000000A80100002A
:108DE000D02D0020FFFFFFFFFFFFFFFFFFFFFFFF72
:108DF000FFFFFFFFFFFFFFFFFFFFFFFFFFFFFFFF83
:108E0000FFFFFFFF00021000D8390020782F00205C
:108E10000000020800000000FFFFFFFFFFFFFFFF50
:108E2000FFFFFFFF00000000000000000000000046
:108E3000000000000000000000000000F1D101006F
:108E4000D5D1010041180200751902000D19020068
:108E500020C001B800000001000001010001010173
:108E60000000000000000000010100033F000000BE
:108E7000FFFFFFFFFFFFFFFFFFFFFFFFFFFFFFFF02
:108E8000FFFFFFFFFFFFFFFFFFFFFFFFFFFFFFFFF2
:108E9000000102020303040506080C0C0C00010289
:108EA00003040707C8C8C8C8C8C8C8C8C8C8C8C84D
:108EB000030404080808080800B801B802B800B0A4
:108EC0000304040808050000000000000000000082
:108ED0000000000000000000E706000048703E0FA0
:108EE0004470000E30707013029890173870260F7F
:108EF00034704C0F30703A102C703A102870C21138
:108F00002470DA112070300F1C7082121870FE125B
:108F100014702C0FB110086001D80A7104B87F7862
:108F2000020C7E78641000C6881F00A01DB87078FF
:108F300003B018600F3027B30F330111C0480698F3
:108F4000760229B0086001D8087109DD047109BBF7
:108F500011101660A048086004100112FF32215061
:108F60000860D0480860008806982E1400C4441F8A
:108F700000A000BA03DF107109DF0672029828030F
:108F80001DB8507800A044132814411581100860C2
:108F900002D8147110880698121900C014C000B8C5
:108FA0000698781B009106988C020160B83020D892
:108FB00006711EBC637C784D5412F03240DE0472A0
:108FC000404804DB08720DDD0C72044BEF3014488E
:108FD0000698E40400C4E0400054441208620132E0
:108FE0002140087C811140D91C72B1123032CF4A25
:108FF000013AB1DA107208D8067104D80871804CB1
:10900000237C5070684C441200C4A41E00A0441479
:10901000413AF3240164415C412A047580B800C4DC
:109020006040005481D8307140D90472237C084BD1
:109030000698E40404BA1CB9767900C1204001B84E
:10904000357906B906A901D8067102980A02804C42
:10905000307C02985E0208D86A7100C1544000B8A2
:10906000141110D95E71584C441280BDA26DFF25B9
:10907000784C4412FC22513A2814104C00C20CC106
:1090800001B82412281408622814086228140862FF
:109090002814304C304C00C11C4000B81411181476
:1090A000086100C5284001B85415FF350471104906
:1090B0001814B04C4412086201320671029804017F
:1090C000804C08D80C7107BA24D8047106BA1870FD
:1090D00004D80C7101BA40D80E7102BA0A7005BAF0
:1090E00020D8047203BA204C4411C04C18140861F3
:1090F00018149111383111429111186110D904726C
:10910000EF3200C1084001B8141110311E61114244
:109110002814A1110861181406985E1B181400C1C8
:10912000084001B814111861FF31181400C14480BF
:1091300001B81411181408611814308802480698F0
:109140008603009308DB047101F800A027B00F30FC
:1091500000A01088B111186180D90A7100C188403F
:1091600000B80811009100A000C4684000B8441085
:1091700000A000C088400050041182610410826089
:109180001050F07200A05415504512710698F40466
:109190000698840407B8707802B8417800C220C0ED
:1091A00001B8241206981C1900C5481F00A05415C8
:1091B000511400C3FF010000313D09647F3406985B
:1091C0009602015851280475015841280E758111E5
:1091D000086102D90472FF0FCC7007B8727800F8EA
:1091E000EBBD00C0441F00A00411113D10D9127145
:1091F000FF33186300C1781002B8381107B97479C9
:10920000581000A006988C020D300472044809DC46
:109210000472084800C11CC101B8141100C3D01E5B
:1092200000A0911504351A7218131CBB08D80471DC
:109230006C7B04D804716A7B1DBB2F7C5B7B167032
:10924000044B18131CBB08D804716F7B04D804713D
:109250006D7B217C0C300260069870040698B60B7A
:1092600000B8B111186140D9067202984A0401BCD5
:1092700000C2084001B800DC0A7124150265604A8A
:109280000A702C4A241508654C4A043508D9047123
:10929000202400C13C1F00A0141200DC327120D831
:1092A000067101B80C70F0DA0C720CDB087102B8B0
:1092B00006987804482400C3384101B834138F7BE2
:1092C0000E7102B9911308DB047203B928707C494E
:1092D00014111110FD300DDC1C7200C0A01E00A086
:1092E000041080D8107100C0448001B80410E5203B
:1092F0000475804900C3884000B8FFB801201141BF
:109300000871014118130824014200C1284000B827
:10931000141101411C655141911520351E655141C3
:1093200018132813481300C3844000B8341003D81E
:109330001671073005DC1071B1108F780A7200C306
:1093400084C40350217B1DB8507800B800C13C1F75
:1093500000A014121C602150F0300152281100A00E
:109360004024076400C0FFFF0100013C17B0022049
:1093700001584028067518AC01EC00A0208800C0F8
:1093800020C001B8041217B4211304123052F8712E
:109390001964402400C35C1F00A034101411069807
:1093A000E80D1961009211592129067600BB115967
:1093B0000698C80D8762313B0472215A412A00A0E9
:1093C00000C2686000B8B8B91F610D49181200A04A
:1093D000308801B9116100C30000C0FF311031288D
:1093E00000BC002D0C75115418AC01EC312DF4703B
:1093F000196451134155312C009300A000C3C00FD4
:10940000FEFF50B2313A014250AA00A00698300740
:10941000FFB0867808715CB86B786E7800C25480B3
:1094200001B800C0D81F00A004100812B822217A89
:10943000237A52B8417801B80C6021A809B81960A4
:109440004CA800C0FFD1C1FF4FB2013A00C0002EAE
:10945000300001424FAA24B86E78ACB9FFB004D8EE
:1094600004714CB923A906989A0500C01390010015
:109470000698200500A00698F40419B81460FFB2FD
:109480008C620F32826A21400698200549BC21B9BE
:1094900052B849B207DE2A7105DE0871627C607C31
:1094A0001D0C6179677864786B7862786578637889
:1094B0006078617C010C010C6878020C69786C782A
:1094C000020C00C22C8001B8277A287A267A6A78A2
:1094D000050C41790A0CB11040D806710298AC060F
:1094E000784A2B7A327A584A247A00C40001110053
:1094F000404A00C0108400000812508800C5841043
:109500000100FBAD10BD01BB8A6B21B9FAA9C44AA9
:109510001812217A227A00C0341F00A00410FCA87F
:109520008264411030300129F9A9F8ADFBB08260A6
:10953000FBA80330A0652110044820EC237A041016
:10954000037A184A2411DC4A0158002924100475B2
:109550003150F8B1115081632A71514031400812E5
:10956000FCB18461FCA90F310E7117B0112817B13D
:1095700011591028FA76C44AF9B11812217A227AC0
:10958000A07000950812F8A800C20C8001B8207ADB
:10959000844A00B80812020CA44A087A020C21B8C6
:1095A0004178784A0B7A127A00C2C81F00A0FFB037
:1095B00008D80472184A241000DC0A7140A804225A
:1095C000241041A80698960200C2481F00A024104B
:1095D000015100C4FF01000041391150081200A0E0
:1095E0000698300700BC00C20C8001B8217A52B83E
:1095F0004978020C4878020C49B8417852AC21AC49
:10960000204A087A067A077A49AC00A059B840780F
:109610005AB101D9FC72427857B8407858B101D993
:10962000FC72427800A000C20C8001B8217A227A34
:1096300021B8547852B8BC4A24119979127107B9EB
:1096400015614CA9617800BB03BC0C64147009B9A6
:1096500019614CA9417801BB126300C4002E30008F
:1096600000C0FFD1C1FF4FB1013941414FA9E44AC8
:10967000C8B8081224AB4CB823A806989A0500C0B5
:1096800004900100FFB1867904710848069820050E
:1096900000C08009004040A809B8FFB108D9047192
:1096A00003B853A8B11004D80C7156BB607B57BAED
:1096B000627A607A02D80C7156BB607B59BA627AC2
:1096C000607A04B86E783DB8607800C05638000003
:1096D00000C1B08001B814119979087200C0D60495
:1096E000000000C124C000B814119F79047208481A
:1096F0004CA82EB8FFB108D906714AA804704BA82F
:109700000FB834A800C00C5E000046B2014246AA61
:1097100000C12C4001B8141108610631087100B96C
:109720000698421106983414B11101D90E710698A9
:10973000841B02D906720698920C06982E145114B6
:109740000698840406981C1106985A1700A00698DB
:10975000441701D80A711CB85B7807B8757800B84F
:109760004CA84AA84BA800C0F321FFFF46B101391D
:1097700046A904B86F7800A0FABC1964415C512C6A
:1097800000C0581F00A00410012C06750698840420
:1097900006986A0FB110186005D8327140BA069861
:1097A000041404B86578911004D816711CB86E784A
:1097B00000C0684000B8217806986A1101400A721A
:1097C0001DB84278069840140298500B1DB8717865
:1097D00004B86C7841B8427863784478FFB104D912
:1097E00006720298BC0900C004900100FFB186799E
:1097F000047108480698200500C32C1F00A000C271
:1098000074C000B82414481300BC48121C4B1C4AF6
:109810002414481300BC4812084B584A2414481317
:1098200001BC48124ABA447A427A4BBA447A427A24
:10983000FFB086780472617A4CBA647A657A3DBA70
:10984000607A4DB942B83FBB5B7966796179020CA9
:109850006479050C63796079050C627965795A79C8
:1098600000C2340102B8241305B81960314008124F
:1098700042B86A78020C4A78020C40BCFFB208DA9F
:1098800006714ABA06704BBA627A657A677A667A66
:109890006A79667B0298960A00C32C1F00A000C25A
:1098A00074C000B8241448131C4B1C4A24144813D9
:1098B0003FBC48121C4A00BC4812084B444A2414BE
:1098C000481301BC48124ABA647A627A4BBA647A85
:1098D000627AFFB3867B0472617A4CBA647A657AE5
:1098E0003DBA607A01D94E71647800C1708001B8C8
:1098F00000C08000080008110698780B42B8617813
:109900004DB97F797E796A7868786278020C7B79C4
:109910000F0C7A79140C7479417860787579050C9C
:10992000FFB208DA06714AB804704BB8657801BC1A
:109930001664407002D93C710698780B42B84DB954
:109940006878407841787F797E797B790F0C7A79D5
:10995000140CFFB208DA087171794ABA067070798E
:109960004BBA7279657A6A78020C4A78050C01BCA8
:109970001664020C417940790C0C00C04C0102B80D
:1099800048100698E40400C4784000B8007C00C089
:10999000A01E00A0041180D93271911104D92C723B
:1099A0007F2021200411FD310DDD207200C0448094
:1099B00001B80411E521147600C0244001B8041157
:1099C0008A790871207C104C207C2AB86278511466
:1099D00000C0581F00A00410012C17B001118768A7
:1099E000015841280E7605218769415C412D112DD2
:1099F00006700698840442B84DBB7C7B6478020CE8
:109A000029B868785114404406750698840442B811
:109A100044782AB84278FFB101D90C7100C1548052
:109A200001B8CBB80811911004D8147100C0A01E61
:109A300000A0041080D8067107B8537800F807B862
:109A400000C1CC1E00A000C220C001B82412281101
:109A5000777800F8B1109478387106989602E4B9D6
:109A600011591128067600B80C70A0B911590129B6
:109A70000475A0B8826000C3C01F00A03413012B7E
:109A8000341000C3FFFF00FF42B13139114042A83A
:109A900000A01DB09178FA7142B86478020C00BA47
:109AA00029AA00C4548001B842B84DB900C3C040CF
:109AB00001B83413977B047240EC020C44785C7953
:109AC00053AA0A0C281442B84DB9FFB301DB267122
:109AD000244C00C3FF0FFF013814547940784178BB
:109AE0005579020C5B795A79140C5F795E794A7862
:109AF0004278347002DB1471527951795079020C3A
:109B00005B795A795F795E791E7004DB1A7100C443
:109B1000FF07000000C3342102B848133FBB467B57
:109B2000020C5B795A793DBB407B4CBB447B457B47
:109B300000C3301F00A03414403C207100C068C036
:109B400000B8481028131C4B1C4834144810281324
:109B5000144B44483414481028134AAA4BAA04B89A
:109B60006D781DB851785CB84B784E7800A000C075
:109B700074C000B80411108800B9181068480411A6
:109B8000108801B90B6118102C4804111088008846
:109B900000C1231C000018104AB864784BB86478E0
:109BA000260C28B000C1FFFF0FF0113871B90B610E
:109BB000114028A828B97379747900C21010303088
:109BC00045AA54790E0C00C0E84001B8041100C247
:109BD0003030101045AA0E0C04100088108806982A
:109BE000540D0091009020888F618F600698540D6D
:109BF0000090886A21400112906A035800C13F3FDB
:109C000000001138FFBC022441281138014245AA46
:109C100028B953794AB844784BB8447800900091F9
:109C2000181000912C48181000916848181000A0D6
:109C30009168436091694361115B012B1128416078
:109C40003128315B00BA302806763128204A41633A
:109C5000302806763128104A4163302806763128AC
:109C6000084A4163302806763128044A4163302887
:109C700006763128024A416330280476014A00A062
:109C8000115910D906710860086008D9047108607C
:109C900004D90471046002D90471026001D904710D
:109CA000016000A000BA01D806710148112A1F61A5
:109CB000016001D8F6720138F67200A000C220C01F
:109CC00001B8241211592129127300210E7100C20A
:109CD00038C001B824120121212900A002B020D8E7
:109CE000147100C0B01E00A0041002B94579069896
:109CF0006813EA7003B09F78087200B806A800F8ED
:109D00000698300700C5641F00A05088044D1CBC95
:109D100000C0B41E00A0811101D91E71407C0095C5
:109D200001150C4D5088044DFFBB1863315B0411C5
:109D30000698E00D3129F87506985A1A54150698B8
:109D4000841B01D9087206984A0706700698E60730
:109D50001CBB547B0698441701D8067202980C0F5E
:109D6000FFB901211038F67281129B7AF07100C29E
:109D7000448001B8241400C0C01E00A004100113C8
:109D80000020041040500C7200B906981A0F18B940
:109D90000A7018B906981A0F00B900B80698100F83
:109DA000704A08B80698100F00C2284000B814B8CE
:109DB0000698100F00C2EC4001B80CB80698100FBE
:109DC000202210B80698100F1088308806984A078D
:109DD0000093009106981A0F00C0C41E00A0041240
:109DE000FFB9012121411810009500F831281128F0
:109DF0000410081200A004B831281128F8B1181076
:109E000000A0069872080E700698B60B06987208A5
:109E100006986412069804079112211900C02C407C
:109E200001B80A78097800F810B901BA0698FA134F
:109E300006981C1106985A1700C5641F00A08110CF
:109E40009D78FC7200F8911203321CB900C3A01E69
:109E500000A0341300C4B04000541DB8427870799B
:109E600003DE067144783A707179A11020D806712A
:109E70000298461080DB1C7102D8187205B80814CD
:109E8000A11010300248081400B80814911008609E
:109E900008141DB86278A11000DC0676517900BA6A
:109EA0000698441701D82272911120311D6191103A
:109EB00004D80E7200C1501F00A0141101D90A71FC
:109EC000208806984211009200C1204000B801DBB2
:109ED0001871084C03DE0471904C441400C3FF1F3A
:109EE0000000413BFF233811944900C3384101B8B9
:109EF0003413086380DB0C7103BA186206982E10C5
:109F00000870186206982E100C4908790979141007
:109F10002140081100A000BD0698700210B903DCB2
:109F2000047100B901BA0698FA1302D9067100400B
:109F30004E7203B118610F3106986A11FFD828726A
:109F4000811008D8187106DD0A710698700203DCCA
:109F50000C720698AE11069840140C7006DD107154
:109F60000698B411487020B804A806DD107206984F
:109F700072080698040701F840B804A800F800C069
:109F8000A01E00A00413086301DB227191100111CF
:109F9000186111381DB910D808714479029846101B
:109FA00002DBFA72A11328DBF47203BD06981011CC
:109FB000069872081DBA7F7A0698E40400C5681FE7
:109FC00000A00698700200BA03DC1672044DA110BE
:109FD00002D804711C4D00C10CC101B80698A00440
:109FE0005415212D0698300502989C0891100155B2
:109FF00003355150011900A000C14C1F00A01410DE
:10A0000001D8427101480860FE200E75811020D8E9
:10A01000087100C1501F00A0141101D9287100C09F
:10A020002C4001B80412215108610F3118611152FE
:10A03000281000C0084001B80411911221512031AC
:10A040001152211900A0811380DB067201B800A013
:10A0500000C314C001B8341006302E726C4B341299
:10A060001C4B3410186002302072811080D8DE71D1
:10A070003410014A08620460803021508C480A7113
:10A080007F234D233410013000A000BD069810112D
:10A090001CB847784578437802B8447800A0069801
:10A0A00072080698AE1100C5741F00A054150698DA
:10A0B000300502989C08B1138F7B0A7200C384C4D8
:10A0C0000350017B0698341400C1384101B81411C3
:10A0D0008F790E7100C1B84000B800BA06982E10F2
:10A0E00050BA0698041406986A11FFD84A71911064
:10A0F00004D84872811008601CD8407220D9387288
:10A100001112FF322151347180218021111400C0BD
:10A11000D81E00A00413FFBA3151113A2151115336
:10A120001DB938107B7940440E7200B900C2AC1ED4
:10A1300000A01812067004B8607806982E1400F873
:10A1400000B900C2A44000541812644A0AB9181297
:10A150001CBA507A517A1DB942795F7900A00698ED
:10A16000700207DC1072911000200A7506986412C4
:10A170000298580F0698040701B9911004D8047189
:10A1800000B910BA0698FA1300BA0040347100C042
:10A19000A01E00A00411086101D9127104D9E27255
:10A1A0008110086001D8DA711DB8647800C11CC143
:10A1B00001B80698A00401B81160002A047600BA1C
:10A1C00000C5781F00A05415212D0698641206982A
:10A1D0004A0700C57C1F00A000F800BC811108D907
:10A1E000167280D9207201B910BA0698FA1300408D
:10A1F0000E7101BC10700698AE110698401420B87C
:10A2000004A800F80698641281110231127100B995
:10A2100000C2144000541812244A02B918120698B9
:10A22000AE1100C5801F00A054150698E21A0298CE
:10A230009C080411012114711CBA737A04200412C1
:10A240002811042004110121F47200A00698E404EE
:10A2500000B8011A01F80698441701D81671FFB921
:10A26000012110380E7281109B78087104B967794A
:10A2700000F8911010D8287100C51CC101B8541104
:10A280000698E00D00C5C81E00A054155129EA75B6
:10A2900007B876781DB8447801B804A800F8B11062
:10A2A000186010D82E7100C05040005400C3084000
:10A2B00000B83114984C44113411086101D9FA7175
:10A2C000441228100862281008622810086228101A
:10A2D000E8700298AA0206988C02113804721E6275
:10A2E00002BB00C1D81E00A0141120390C729112BB
:10A2F00010DA0672417B00A00698341400C2A01E3A
:10A3000000A0241220DA0472617B1CBA527A00A0E9
:10A310001CBA727A811204DAFC7200A01CB86B7845
:10A3200000C0684000B82F7800A00698441701D8F4
:10A330003A7100C22C4001B8241003609111203101
:10A340000151383111501D6008121DB9457900C204
:10A35000448001B8241200C0C01E00A004101820C0
:10A360000020041020500471657910631EB96379D0
:10A3700000B902EC00CD114502EC00CC01DB087104
:10A3800000BB0298C81803B841110731FA211C76A6
:10A390000621911210DA087102DD10721E7020B8C9
:10A3A0000698A40D3038147208B80698700400C0DE
:10A3B0002C4000B82978207800F8056020D8067174
:10A3C0000298021602EC00CA05B823DA187104DB01
:10A3D000DA7120DAD67110DAD2721EB8617800B85C
:10A3E00001DA067202EC00C8911110D9267100C181
:10A3F000B81E00A014111150FF300C720761A1109B
:10A40000115002300A7180DB0A720AB89E701DB9C1
:10A410007C791860911111402111C031114001194E
:10A420001EB8411108D90471667820D90472657884
:10A43000A11002D80672C0DA1E711EB8273123DDC2
:10A44000087210DB1072607825DD0A7121DD087258
:10A4500008DB0471627803B8411107310872A11555
:10A460002035AA7102DD2072A11120D9A07102D974
:10A470001672CCDA9872411140D9927206B8054D25
:10A480005A720298A41421114049C0D94C71A031CC
:10A4900041154035026551410461086308DA1E72B6
:10A4A00004DA36721049A1150235067110DB0E72FE
:10A4B00001340A7108DB22711EB86778CC321110A2
:10A4C0001A300ADC0872CCDE0471FD3100C00D0FB9
:10A4D0000C0D216001D85C7207B80298CE1400BA46
:10A4E000411108D90C7102EC00CA05B830DAEC72DF
:10A4F0000734F031036101DA0471014900C0F3004F
:10A50000A3E3216001D8D27100C098144068216093
:10A510004030014440DA0471204C04320262204A87
:10A52000111006301F60014218311D61114202985E
:10A53000EC14204A00C00517085021601130014278
:10A540002088FFBB0DDA507100C1DE1B250180BCE5
:10A5500004DA107208DA0A7200C120841000E024C4
:10A56000A02408634143026401DA06711E49024BCC
:10A5700000C0201F00A008633810BC2002DA12714E
:10A5800001B91159A11380DB087100C100FCFF0162
:10A5900018100298541800C4A01E00A0441080D8BF
:10A5A0007C710092D0DA06710DDA0C711EBD437D0C
:10A5B000EFBD0698060304620DDA8672A11105D973
:10A5C0005C7100C24040005424121424281401D9A4
:10A5D000067202D9327140D91E7102EC00CA2110F4
:10A5E00018320471FA2220D804720822FE2208755B
:10A5F00002EC00C8F87001D90E7102EC00C802D953
:10A60000067204DC187200C0A01E00A004101D60B9
:10A6100001D806711EB8647807B873780298C81814
:10A6200000C0A01E00A0041080300A7100C0C41E2B
:10A6300000A0041000A00698441701D82E719110B4
:10A6400010D828728110A0D8227203B084781C72AE
:10A6500000C12C4001B814100DBA487A697A6B7A9F
:10A6600008111CB87B7807B8757800A0641000C684
:10A67000881F00A0C3B80698760200C4441F00A03B
:10A6800014BA2814B1108F780A7200C084C4035021
:10A69000017891101030011905BA0698041402D9F6
:10A6A000067101B804A800C0A01E00A004130698FB
:10A6B000561180DB067102984E141DBA7C7A01DBBC
:10A6C0006A7100C2241F00A024111114FF3402EC8F
:10A6D00000C8FF24FA7608610698B40D04611138A9
:10A6E0000F3004611114011141100698B40D01D806
:10A6F000087203B80298CE140C4A01DB22712410B0
:10A7000011281128041202300471106200C0FFFFEA
:10A710000000213800C2204000B8FF20081241107C
:10A7200008600698B40D01D87C7120BC1033767196
:10A7300000BB00C1201F00A01415C021112C511214
:10A7400018620F320E71408851140698EC1841437C
:10A750000094511208651C620F320E7141115114A0
:10A760000698EC181C6441430865513B00C1DC1E8F
:10A7700000A01411111231100F30127100BA0561CE
:10A7800001D80471114201600FD8F47231100360D6
:10A790001E30047201B8003A087204B80298CE1450
:10A7A0000298BA1600C0384101B804118F791471AB
:10A7B0007F20692004110861303110DD06711DBA57
:10A7C000637A0698040300F830885088FF340871D3
:10A7D00002ECFF24F87002EC00CD14105950014433
:10A7E0000421FF22F2720F4C0095009300A000C1DB
:10A7F000A81E00A0141100A030880698341B8111F7
:10A80000086102D906720298F8191CBB557B0861D1
:10A8100020D906710298E8190088A11018600698DE
:10A82000121908211415FC251EBB5C7B5D7B00C141
:10A83000084001B814110731FE21307608D82A7279
:10A840005113FC23341304DB20711863FF33315B95
:10A8500000C110C000B81411086180490C71FF31AB
:10A86000302954751EBB7B7B10707B7B7C7B00DDAD
:10A8700004717D7B01BB3815EC25541300DF547146
:10A88000042505DF54715415211120880698E00D28
:10A89000009251293E7500C1084001B8141102DB35
:10A8A0000C710731315B31292A760C7004DF087294
:10A8B000016180D91E720698121900C010C000B83C
:10A8C0000698781B069812191411FFD96072029825
:10A8D0003E1A0090009300A05415A111186110D9E0
:10A8E000A672082508D8A071082510D89A7120886A
:10A8F00021110698E00DFC255412112AF825541157
:10A900000C2520D80871F025541110252029047633
:10A910002159181500920298AA1907B97179811066
:10A9200010D80A711CB8447802B841781CB97479FF
:10A9300004B9677900F88110A0D808711CB9497969
:10A9400000A0086002D8FA710698121910880698BB
:10A950003414106210DA087108211415F02554110E
:10A9600000C20020FEFF202912750698841B01D921
:10A970000A72069872080698040700941CBB4110DE
:10A980000C200698561341110821141006985613EE
:10A990003128441111120861FF31FF320122105297
:10A9A00010721861181404244413042438140C7011
:10A9B0001861214118140824081402982E144044E8
:10A9C000147100C1AC1E00A0141551131C630FDBE1
:10A9D0000C7219650698F404411500A000C3784074
:10A9E00000B83413807B0672069804070698341466
:10A9F00008BB51140698A21A4415FC25541500C32F
:10AA0000784000B83413807B047100A002983005B0
:10AA10001CB900C3A01E00A03413086308DB1A7120
:10AA20008113A0DB0671497910706979086302DB34
:10AA3000087204B9677900F800A08111086102D991
:10AA400010711CB97579069812191411FF3100A004
:10AA5000FFB900A0041008211411F421081100A06E
:10AA60008111106110310E7106981219082114110C
:08AA7000F821141100A0000000
:08AA7800C8B7FD7F01000000DA
:0CAA80008CAA0200803E00209300000021
:10AA8C0001000000000000000000000000000000B9
:10AA9C0000000000000000000000000000000000AA
:10AAAC00000000000000000000000000000000009A
:10AABC00000000000000000000000000000000008A
:10AACC00000000000000000000000000000000007A
:10AADC00503F002000000000000100000F000F009C
:10AAEC00000000000000000000000000000000005A
:10AAFC00000000000000000000000000000000004A
:10AB0C000000000000000000000000000000000039
:10AB1C000000000000000000000000000000000029
:10AB2C000000000000000000000000000000000019
:10AB3C000000000000000000000000000000000009
:10AB4C0000000000000000000000000001010100F6
:10AB5C003D69000015C100005363000049BE0000B0
:10AB6C006167000079BD0000636300009163000021
:10AB7C009763000049C200009D63000001000000C3
:10AB8C00030505B54001800000000000B500000081
:10AB9C00000001B500008000000000000100000072
:10ABAC00C0EA210100F04902FFFFFFFF00400B004B
:10ABBC0000A0000038320020C8000000FE00000099
:10ABCC000000000090730200010000000000000073
:10ABDC0000000000E8720200000000000E000000FF
:10ABEC0040000000E472020000000000FFFFFFFFC5
:10ABFC00FFFFFFFFEC7202003BFFC8000A002900B8
:10AC0C0020000000FFFFFFFFFFFFFFFFFFFFFFFF24
:10AC1C00FFFFFFFFFFFFFFFF00000000030000002D
:10AC2C0078380020284000200000000078380020F0
:10AC3C00E03800204839002000000000000000002F
:10AC4C0000000000000000000000000000000000F8
:10AC5C0000000000000000000000000000000000E8
:10AC6C0000000000000000000000000000000000D8
:10AC7C0000000000FFFFFFFF0000000000000000CC
:10AC8C00FFFF0000D88D020007450200FFFFFFFF09
:10AC9C006D49020069490200FFFFFFFFFFFFFFFF44
:10ACAC0071490200FFFFFFFFC90C020004F8FFFF0F
:10ACBC000D000000000001FF0D01FF405AB4FF0021
:0CACCC00F96F01001D620000F56100003E
:040000031000328B2C
:00000001FF
