#0 building with "desktop-linux" instance using docker driver

#1 [internal] load build definition from Dockerfile.apt-packages-check
#1 transferring dockerfile: 1.81kB done
#1 WARN: FromPlatformFlagConstDisallowed: FROM --platform flag should not use constant value "linux/amd64" (line 4)
#1 WARN: FromPlatformFlagConstDisallowed: FROM --platform flag should not use constant value "linux/amd64" (line 17)
#1 DONE 0.0s

#2 [internal] load metadata for ghcr.io/nabucasa/silabs-firmware-builder@sha256:aaeedf3cceb95dc15a9d3333093e76957ef20d06f94d3f7b23d5bd88d337a85d
#2 DONE 0.0s

#3 [internal] load .dockerignore
#3 transferring context: 2B done
#3 DONE 0.0s

#4 [sdk2026-builder 1/3] FROM ghcr.io/nabucasa/silabs-firmware-builder@sha256:aaeedf3cceb95dc15a9d3333093e76957ef20d06f94d3f7b23d5bd88d337a85d
#4 resolve ghcr.io/nabucasa/silabs-firmware-builder@sha256:aaeedf3cceb95dc15a9d3333093e76957ef20d06f94d3f7b23d5bd88d337a85d 0.0s done
#4 DONE 0.0s

#5 [internal] load build context
#5 transferring context: 167B done
#5 DONE 0.0s

#6 [sdk2026-builder 2/3] COPY review/sdk2026/recipe/pin-debian-snapshot.sh /pin-debian-snapshot.sh
#6 CACHED

#7 [sdk2026-builder 3/3] RUN sh /pin-debian-snapshot.sh && apt-get update && apt-get install -y --no-install-recommends     build-essential cmake ninja-build git patch pkg-config     libmbedtls-dev libreadline-dev libncurses-dev libboost-dev     libboost-filesystem-dev libboost-system-dev libjsoncpp-dev     libdbus-1-dev libnetfilter-queue-dev libsystemd-dev libprotobuf-dev protobuf-compiler nodejs npm     && rm -rf /var/lib/apt/lists/*
#7 0.236 Get:1 https://snapshot.debian.org/archive/debian/20260914T000000Z trixie InRelease [140 kB]
#7 0.259 Get:2 https://snapshot.debian.org/archive/debian/20260914T000000Z trixie-updates InRelease [47.3 kB]
#7 0.268 Get:3 https://snapshot.debian.org/archive/debian-security/20260914T000000Z trixie-security InRelease [43.4 kB]
#7 0.305 Get:4 https://snapshot.debian.org/archive/debian/20260914T000000Z trixie/main amd64 Packages [9678 kB]
#7 1.010 Get:5 https://snapshot.debian.org/archive/debian/20260914T000000Z trixie-updates/main amd64 Packages [4412 B]
#7 1.021 Get:6 https://snapshot.debian.org/archive/debian-security/20260914T000000Z trixie-security/main amd64 Packages [261 kB]
#7 1.445 Fetched 10.2 MB in 1s (7973 kB/s)
#7 1.445 Reading package lists...
#7 1.779 Reading package lists...
#7 2.108 Building dependency tree...
#7 2.176 Reading state information...
#7 2.273 cmake is already the newest version (3.31.6-2).
#7 2.273 ninja-build is already the newest version (1.12.1-1).
#7 2.273 git is already the newest version (1:2.47.3-0+deb13u1).
#7 2.273 The following additional packages will be installed:
#7 2.273   binutils binutils-common binutils-x86-64-linux-gnu bzip2 cpp cpp-14
#7 2.273   cpp-14-x86-64-linux-gnu cpp-x86-64-linux-gnu dpkg-dev eslint g++ g++-14
#7 2.273   g++-14-x86-64-linux-gnu g++-x86-64-linux-gnu gcc gcc-14
#7 2.273   gcc-14-x86-64-linux-gnu gcc-x86-64-linux-gnu gyp handlebars libasan8
#7 2.273   libbinutils libboost-atomic1.83-dev libboost-atomic1.83.0
#7 2.273   libboost-filesystem1.83-dev libboost-filesystem1.83.0
#7 2.273   libboost-system1.83-dev libboost-system1.83.0 libboost1.83-dev libc-bin
#7 2.273   libc-dev-bin libc6 libc6-dev libcap-dev libcap2 libcares2 libcc1-0
#7 2.273   libcrypt-dev libctf-nobfd0 libctf0 libdbus-1-3 libdpkg-perl libgcc-14-dev
#7 2.273   libgomp1 libgprofng0 libhwasan0 libicu76 libisl23 libitm1 libjansson4
#7 2.273   libjs-events libjs-inherits libjs-is-typedarray libjs-prettify
#7 2.273   libjs-regenerate libjs-source-map libjs-sprintf-js
#7 2.273   libjs-typedarray-to-buffer libjs-util liblsan0 libmbedcrypto16 libmbedtls21
#7 2.273   libmbedx509-7 libmnl0 libmpc3 libmpfr6 libncurses6 libnetfilter-queue1
#7 2.273   libnfnetlink-dev libnfnetlink0 libnode-dev libnode115 libpkgconf3
#7 2.273   libprotobuf-lite32t64 libprotobuf32t64 libprotoc32t64 libpython3-stdlib
#7 2.273   libpython3.13-minimal libpython3.13-stdlib libquadmath0 libreadline8t64
#7 2.273   libsframe1 libssl-dev libssl3t64 libstdc++-14-dev libtsan2 libubsan1
#7 2.273   libuv1-dev linux-libc-dev make media-types netbase node-abbrev node-acorn
#7 2.273   node-agent-base node-ajv node-ajv-keywords node-ampproject-remapping
#7 2.273   node-ansi-escapes node-ansi-regex node-ansi-styles node-anymatch node-aproba
#7 2.273   node-archy node-are-we-there-yet node-argparse node-arrify node-assert
#7 2.273   node-async node-async-each node-babel-helper-define-polyfill-provider
#7 2.273   node-babel-plugin-add-module-exports node-babel-plugin-lodash
#7 2.273   node-babel-plugin-polyfill-corejs2 node-babel-plugin-polyfill-corejs3
#7 2.273   node-babel-plugin-polyfill-regenerator node-babel7 node-babel7-runtime
#7 2.273   node-balanced-match node-base64-js node-binary-extensions
#7 2.273   node-brace-expansion node-braces node-browserslist node-builtins
#7 2.273   node-cacache node-camelcase node-caniuse-lite node-chalk node-chokidar
#7 2.273   node-chownr node-chrome-trace-event node-ci-info node-cjs-module-lexer
#7 2.273   node-cli-table node-cliui node-clone node-clone-deep node-color-convert
#7 2.273   node-color-name node-colors node-columnify node-commander node-commondir
#7 2.273   node-concat-stream node-console-control-strings node-convert-source-map
#7 2.273   node-copy-concurrently node-core-js node-core-js-compat node-core-js-pure
#7 2.273   node-core-util-is node-corepack node-css-loader node-css-selector-tokenizer
#7 2.273   node-data-uri-to-buffer node-debbundle-es-to-primitive node-debug
#7 2.273   node-decamelize node-decompress-response node-deep-equal node-deep-is
#7 2.273   node-defaults node-define-properties node-define-property node-defined
#7 2.273   node-del node-delegates node-depd node-diff node-doctrine
#7 2.273   node-electron-to-chromium node-encoding node-enhanced-resolve node-envinfo
#7 2.273   node-err-code node-errno node-error-ex node-es-abstract node-es-module-lexer
#7 2.273   node-es6-error node-escape-string-regexp node-escodegen node-eslint-scope
#7 2.273   node-eslint-utils node-eslint-visitor-keys node-espree node-esprima
#7 2.273   node-esquery node-esrecurse node-estraverse node-esutils node-events
#7 2.273   node-execa node-fancy-log node-fast-deep-equal node-fast-levenshtein
#7 2.273   node-fetch node-file-entry-cache node-fill-range node-find-cache-dir
#7 2.273   node-find-up node-flat-cache node-flatted node-for-in node-for-own
#7 2.273   node-foreground-child node-fs-readdir-recursive node-fs-write-stream-atomic
#7 2.273   node-fs.realpath node-function-bind node-functional-red-black-tree
#7 2.273   node-gauge node-get-caller-file node-get-stream node-glob node-glob-parent
#7 2.273   node-globals node-globby node-got node-graceful-fs node-gyp node-has-flag
#7 2.273   node-has-unicode node-hosted-git-info node-http-proxy-agent
#7 2.273   node-https-proxy-agent node-iconv-lite node-icss-utils node-ieee754
#7 2.273   node-iferr node-ignore node-imurmurhash node-indent-string node-inflight
#7 2.273   node-inherits node-ini node-interpret node-ip node-ip-regex node-is-arrayish
#7 2.273   node-is-binary-path node-is-buffer node-is-descriptor node-is-extendable
#7 2.273   node-is-extglob node-is-glob node-is-number node-is-path-cwd
#7 2.273   node-is-path-inside node-is-plain-obj node-is-plain-object node-is-stream
#7 2.273   node-is-typedarray node-is-windows node-isarray node-isexe node-isobject
#7 2.273   node-istanbul node-jest-debbundle node-jest-worker node-js-tokens
#7 2.273   node-js-yaml node-jsesc node-json-buffer node-json-parse-better-errors
#7 2.273   node-json-schema node-json-schema-traverse node-json-stable-stringify
#7 2.273   node-json5 node-jsonify node-jsonparse node-kind-of node-levn
#7 2.273   node-loader-runner node-locate-path node-lodash node-lodash-packages
#7 2.273   node-lowercase-keys node-lru-cache node-make-dir node-memfs node-memory-fs
#7 2.273   node-merge-stream node-micromatch node-mime node-mime-types node-mimic-fn
#7 2.273   node-mimic-response node-minimatch node-minimist node-minipass node-mkdirp
#7 2.273   node-move-concurrently node-ms node-mute-stream node-n3 node-negotiator
#7 2.273   node-neo-async node-nopt node-normalize-package-data node-normalize-path
#7 2.273   node-npm-bundled node-npm-package-arg node-npm-run-path node-npmlog
#7 2.273   node-object-assign node-object-inspect node-once node-optimist
#7 2.273   node-optionator node-osenv node-p-cancelable node-p-limit node-p-locate
#7 2.273   node-p-map node-parse-json node-path-dirname node-path-exists
#7 2.273   node-path-is-absolute node-path-is-inside node-path-type node-picocolors
#7 2.273   node-pify node-pkg-dir node-postcss node-postcss-modules-extract-imports
#7 2.273   node-postcss-modules-values node-postcss-value-parser node-prelude-ls
#7 2.273   node-process-nextick-args node-progress node-promise-inflight
#7 2.273   node-promise-retry node-promzard node-prr node-punycode node-quick-lru
#7 2.273   node-randombytes node-read node-read-package-json node-read-pkg
#7 2.273   node-readable-stream node-readdirp node-rechoir node-regenerate
#7 2.273   node-regenerate-unicode-properties node-regenerator-runtime
#7 2.273   node-regenerator-transform node-regexpp node-regexpu-core node-regjsgen
#7 2.273   node-regjsparser node-repeat-string node-require-directory node-resolve
#7 2.273   node-resolve-cwd node-resolve-from node-resumer node-retry node-rimraf
#7 2.273   node-run-queue node-safe-buffer node-schema-utils node-semver
#7 2.273   node-serialize-javascript node-set-blocking node-set-immediate-shim
#7 2.273   node-shebang-command node-shebang-regex node-signal-exit node-slash
#7 2.273   node-slice-ansi node-source-list-map node-source-map node-source-map-support
#7 2.273   node-spdx-correct node-spdx-exceptions node-spdx-expression-parse
#7 2.273   node-spdx-license-ids node-sprintf-js node-ssri node-string-decoder
#7 2.273   node-string-width node-strip-ansi node-strip-bom node-strip-eof
#7 2.273   node-strip-json-comments node-supports-color node-tapable node-tape node-tar
#7 2.273   node-terser node-text-table node-through node-time-stamp
#7 2.273   node-to-fast-properties node-to-regex-range node-tslib node-type-check
#7 2.273   node-typedarray node-typedarray-to-buffer node-undici
#7 2.273   node-unicode-canonical-property-names-ecmascript
#7 2.273   node-unicode-match-property-ecmascript
#7 2.273   node-unicode-match-property-value-ecmascript
#7 2.273   node-unicode-property-aliases-ecmascript node-unique-filename node-uri-js
#7 2.273   node-util node-util-deprecate node-uuid node-v8-compile-cache node-v8flags
#7 2.273   node-validate-npm-package-license node-validate-npm-package-name
#7 2.273   node-watchpack node-wcwidth.js node-webassemblyjs node-webpack-sources
#7 2.273   node-which node-wide-align node-wordwrap node-wrap-ansi node-wrappy
#7 2.273   node-write node-write-file-atomic node-xtend node-y18n node-yallist
#7 2.274   node-yargs node-yargs-parser openssl openssl-provider-legacy pkgconf
#7 2.274   pkgconf-bin python3 python3-minimal python3-packaging python3.13
#7 2.274   python3.13-minimal readline-common rpcsvc-proto sgml-base terser webpack
#7 2.274   xml-core xz-utils zlib1g-dev
#7 2.275 Suggested packages:
#7 2.275   binutils-doc gprofng-gui binutils-gold bzip2-doc cpp-doc gcc-14-locales
#7 2.275   cpp-14-doc debian-keyring debian-tag2upload-keyring node-babel-eslint
#7 2.275   node-esprima-fb node-inquirer g++-multilib g++-14-multilib gcc-14-doc
#7 2.275   gcc-multilib manpages-dev autoconf automake libtool flex bison gdb gcc-doc
#7 2.275   gcc-14-multilib gdb-x86-64-linux-gnu libboost-doc libboost1.83-doc
#7 2.275   libboost-chrono1.83-dev libboost-container1.83-dev libboost-context1.83-dev
#7 2.275   libboost-contract1.83-dev libboost-coroutine1.83-dev
#7 2.275   libboost-date-time1.83-dev libboost-exception1.83-dev libboost-fiber1.83-dev
#7 2.275   libboost-graph-parallel1.83-dev libboost-graph1.83-dev
#7 2.275   libboost-iostreams1.83-dev libboost-json1.83-dev libboost-locale1.83-dev
#7 2.275   libboost-log1.83-dev libboost-math1.83-dev libboost-mpi-python1.83-dev
#7 2.275   libboost-mpi1.83-dev libboost-nowide1.83-dev libboost-numpy1.83-dev
#7 2.275   libboost-program-options1.83-dev libboost-python1.83-dev
#7 2.275   libboost-random1.83-dev libboost-regex1.83-dev
#7 2.275   libboost-serialization1.83-dev libboost-stacktrace1.83-dev
#7 2.275   libboost-test1.83-dev libboost-thread1.83-dev libboost-timer1.83-dev
#7 2.275   libboost-type-erasure1.83-dev libboost-url1.83-dev libboost-wave1.83-dev
#7 2.275   libboost1.83-tools-dev libmpfrc++-dev libntl-dev libc-devtools glibc-doc sq
#7 2.275   | sqop | rsop | gosop | pgpainless-cli | gpg-sq | gnupg sensible-utils bzr
#7 2.275   libjs-angularjs libmbedtls-doc ncurses-doc libnetfilter-queue-doc
#7 2.275   readline-doc libssl-doc libstdc++-14-doc libuv1-doc make-doc
#7 2.275   node-babel-plugin-polyfill-es-shims node-babel7-debug javascript-common
#7 2.275   livescript chai node-jest-diff node-opener ed diffutils-doc protobuf-mode-el
#7 2.275   python3-doc python3-tk python3-venv python3.13-venv python3.13-doc
#7 2.275   binfmt-support sgml-base-doc debhelper
#7 2.275 Recommended packages:
#7 2.275   fakeroot sq | sqop | rsop | gosop | pgpainless-cli | gpg-sq | gnupg
#7 2.275   libalgorithm-merge-perl manpages manpages-dev dbus libfile-fcntllock-perl
#7 2.275   liblocale-gettext-perl javascript-common libgpm2 node-re2
#7 2.275   node-require-from-string nodejs-doc node-tap
#7 3.612 The following NEW packages will be installed:
#7 3.612   binutils binutils-common binutils-x86-64-linux-gnu build-essential bzip2 cpp
#7 3.612   cpp-14 cpp-14-x86-64-linux-gnu cpp-x86-64-linux-gnu dpkg-dev eslint g++
#7 3.612   g++-14 g++-14-x86-64-linux-gnu g++-x86-64-linux-gnu gcc gcc-14
#7 3.612   gcc-14-x86-64-linux-gnu gcc-x86-64-linux-gnu gyp handlebars libasan8
#7 3.612   libbinutils libboost-atomic1.83-dev libboost-atomic1.83.0 libboost-dev
#7 3.612   libboost-filesystem-dev libboost-filesystem1.83-dev
#7 3.612   libboost-filesystem1.83.0 libboost-system-dev libboost-system1.83-dev
#7 3.612   libboost-system1.83.0 libboost1.83-dev libc-dev-bin libc6-dev libcap-dev
#7 3.612   libcares2 libcc1-0 libcrypt-dev libctf-nobfd0 libctf0 libdbus-1-3
#7 3.612   libdbus-1-dev libdpkg-perl libgcc-14-dev libgomp1 libgprofng0 libhwasan0
#7 3.612   libicu76 libisl23 libitm1 libjansson4 libjs-events libjs-inherits
#7 3.612   libjs-is-typedarray libjs-prettify libjs-regenerate libjs-source-map
#7 3.612   libjs-sprintf-js libjs-typedarray-to-buffer libjs-util libjsoncpp-dev
#7 3.612   liblsan0 libmbedcrypto16 libmbedtls-dev libmbedtls21 libmbedx509-7 libmnl0
#7 3.612   libmpc3 libmpfr6 libncurses-dev libncurses6 libnetfilter-queue-dev
#7 3.612   libnetfilter-queue1 libnfnetlink-dev libnfnetlink0 libnode-dev libnode115
#7 3.612   libpkgconf3 libprotobuf-dev libprotobuf-lite32t64 libprotobuf32t64
#7 3.612   libprotoc32t64 libpython3-stdlib libpython3.13-minimal libpython3.13-stdlib
#7 3.613   libquadmath0 libreadline-dev libreadline8t64 libsframe1 libssl-dev
#7 3.613   libstdc++-14-dev libsystemd-dev libtsan2 libubsan1 libuv1-dev linux-libc-dev
#7 3.613   make media-types netbase node-abbrev node-acorn node-agent-base node-ajv
#7 3.613   node-ajv-keywords node-ampproject-remapping node-ansi-escapes
#7 3.613   node-ansi-regex node-ansi-styles node-anymatch node-aproba node-archy
#7 3.613   node-are-we-there-yet node-argparse node-arrify node-assert node-async
#7 3.613   node-async-each node-babel-helper-define-polyfill-provider
#7 3.613   node-babel-plugin-add-module-exports node-babel-plugin-lodash
#7 3.613   node-babel-plugin-polyfill-corejs2 node-babel-plugin-polyfill-corejs3
#7 3.613   node-babel-plugin-polyfill-regenerator node-babel7 node-babel7-runtime
#7 3.613   node-balanced-match node-base64-js node-binary-extensions
#7 3.613   node-brace-expansion node-braces node-browserslist node-builtins
#7 3.613   node-cacache node-camelcase node-caniuse-lite node-chalk node-chokidar
#7 3.613   node-chownr node-chrome-trace-event node-ci-info node-cjs-module-lexer
#7 3.613   node-cli-table node-cliui node-clone node-clone-deep node-color-convert
#7 3.613   node-color-name node-colors node-columnify node-commander node-commondir
#7 3.613   node-concat-stream node-console-control-strings node-convert-source-map
#7 3.613   node-copy-concurrently node-core-js node-core-js-compat node-core-js-pure
#7 3.613   node-core-util-is node-corepack node-css-loader node-css-selector-tokenizer
#7 3.613   node-data-uri-to-buffer node-debbundle-es-to-primitive node-debug
#7 3.613   node-decamelize node-decompress-response node-deep-equal node-deep-is
#7 3.613   node-defaults node-define-properties node-define-property node-defined
#7 3.613   node-del node-delegates node-depd node-diff node-doctrine
#7 3.613   node-electron-to-chromium node-encoding node-enhanced-resolve node-envinfo
#7 3.613   node-err-code node-errno node-error-ex node-es-abstract node-es-module-lexer
#7 3.613   node-es6-error node-escape-string-regexp node-escodegen node-eslint-scope
#7 3.613   node-eslint-utils node-eslint-visitor-keys node-espree node-esprima
#7 3.613   node-esquery node-esrecurse node-estraverse node-esutils node-events
#7 3.613   node-execa node-fancy-log node-fast-deep-equal node-fast-levenshtein
#7 3.613   node-fetch node-file-entry-cache node-fill-range node-find-cache-dir
#7 3.613   node-find-up node-flat-cache node-flatted node-for-in node-for-own
#7 3.613   node-foreground-child node-fs-readdir-recursive node-fs-write-stream-atomic
#7 3.613   node-fs.realpath node-function-bind node-functional-red-black-tree
#7 3.613   node-gauge node-get-caller-file node-get-stream node-glob node-glob-parent
#7 3.613   node-globals node-globby node-got node-graceful-fs node-gyp node-has-flag
#7 3.613   node-has-unicode node-hosted-git-info node-http-proxy-agent
#7 3.613   node-https-proxy-agent node-iconv-lite node-icss-utils node-ieee754
#7 3.613   node-iferr node-ignore node-imurmurhash node-indent-string node-inflight
#7 3.613   node-inherits node-ini node-interpret node-ip node-ip-regex node-is-arrayish
#7 3.613   node-is-binary-path node-is-buffer node-is-descriptor node-is-extendable
#7 3.613   node-is-extglob node-is-glob node-is-number node-is-path-cwd
#7 3.613   node-is-path-inside node-is-plain-obj node-is-plain-object node-is-stream
#7 3.613   node-is-typedarray node-is-windows node-isarray node-isexe node-isobject
#7 3.613   node-istanbul node-jest-debbundle node-jest-worker node-js-tokens
#7 3.613   node-js-yaml node-jsesc node-json-buffer node-json-parse-better-errors
#7 3.613   node-json-schema node-json-schema-traverse node-json-stable-stringify
#7 3.613   node-json5 node-jsonify node-jsonparse node-kind-of node-levn
#7 3.613   node-loader-runner node-locate-path node-lodash node-lodash-packages
#7 3.613   node-lowercase-keys node-lru-cache node-make-dir node-memfs node-memory-fs
#7 3.613   node-merge-stream node-micromatch node-mime node-mime-types node-mimic-fn
#7 3.613   node-mimic-response node-minimatch node-minimist node-minipass node-mkdirp
#7 3.613   node-move-concurrently node-ms node-mute-stream node-n3 node-negotiator
#7 3.613   node-neo-async node-nopt node-normalize-package-data node-normalize-path
#7 3.613   node-npm-bundled node-npm-package-arg node-npm-run-path node-npmlog
#7 3.613   node-object-assign node-object-inspect node-once node-optimist
#7 3.613   node-optionator node-osenv node-p-cancelable node-p-limit node-p-locate
#7 3.613   node-p-map node-parse-json node-path-dirname node-path-exists
#7 3.613   node-path-is-absolute node-path-is-inside node-path-type node-picocolors
#7 3.613   node-pify node-pkg-dir node-postcss node-postcss-modules-extract-imports
#7 3.613   node-postcss-modules-values node-postcss-value-parser node-prelude-ls
#7 3.613   node-process-nextick-args node-progress node-promise-inflight
#7 3.613   node-promise-retry node-promzard node-prr node-punycode node-quick-lru
#7 3.613   node-randombytes node-read node-read-package-json node-read-pkg
#7 3.613   node-readable-stream node-readdirp node-rechoir node-regenerate
#7 3.613   node-regenerate-unicode-properties node-regenerator-runtime
#7 3.613   node-regenerator-transform node-regexpp node-regexpu-core node-regjsgen
#7 3.613   node-regjsparser node-repeat-string node-require-directory node-resolve
#7 3.613   node-resolve-cwd node-resolve-from node-resumer node-retry node-rimraf
#7 3.613   node-run-queue node-safe-buffer node-schema-utils node-semver
#7 3.613   node-serialize-javascript node-set-blocking node-set-immediate-shim
#7 3.613   node-shebang-command node-shebang-regex node-signal-exit node-slash
#7 3.613   node-slice-ansi node-source-list-map node-source-map node-source-map-support
#7 3.613   node-spdx-correct node-spdx-exceptions node-spdx-expression-parse
#7 3.613   node-spdx-license-ids node-sprintf-js node-ssri node-string-decoder
#7 3.613   node-string-width node-strip-ansi node-strip-bom node-strip-eof
#7 3.613   node-strip-json-comments node-supports-color node-tapable node-tape node-tar
#7 3.613   node-terser node-text-table node-through node-time-stamp
#7 3.613   node-to-fast-properties node-to-regex-range node-tslib node-type-check
#7 3.613   node-typedarray node-typedarray-to-buffer node-undici
#7 3.613   node-unicode-canonical-property-names-ecmascript
#7 3.613   node-unicode-match-property-ecmascript
#7 3.613   node-unicode-match-property-value-ecmascript
#7 3.613   node-unicode-property-aliases-ecmascript node-unique-filename node-uri-js
#7 3.613   node-util node-util-deprecate node-uuid node-v8-compile-cache node-v8flags
#7 3.613   node-validate-npm-package-license node-validate-npm-package-name
#7 3.613   node-watchpack node-wcwidth.js node-webassemblyjs node-webpack-sources
#7 3.613   node-which node-wide-align node-wordwrap node-wrap-ansi node-wrappy
#7 3.613   node-write node-write-file-atomic node-xtend node-y18n node-yallist
#7 3.613   node-yargs node-yargs-parser nodejs npm patch pkg-config pkgconf pkgconf-bin
#7 3.613   protobuf-compiler python3 python3-minimal python3-packaging python3.13
#7 3.613   python3.13-minimal readline-common rpcsvc-proto sgml-base terser webpack
#7 3.613   xml-core xz-utils zlib1g-dev
#7 3.614 The following packages will be upgraded:
#7 3.614   libc-bin libc6 libcap2 libssl3t64 openssl openssl-provider-legacy
#7 4.321 6 upgraded, 460 newly installed, 0 to remove and 28 not upgraded.
#7 4.321 Need to get 149 MB of archives.
#7 4.321 After this operation, 747 MB of additional disk space will be used.
#7 4.321 Get:1 https://snapshot.debian.org/archive/debian/20260914T000000Z trixie/main amd64 libc6 amd64 2.41-12+deb13u4 [2847 kB]
#7 4.532 Get:2 https://snapshot.debian.org/archive/debian/20260914T000000Z trixie/main amd64 libc-bin amd64 2.41-12+deb13u4 [638 kB]
#7 4.582 Get:3 https://snapshot.debian.org/archive/debian/20260914T000000Z trixie/main amd64 openssl-provider-legacy amd64 3.5.7-1~deb13u2 [316 kB]
#7 4.603 Get:4 https://snapshot.debian.org/archive/debian/20260914T000000Z trixie/main amd64 libssl3t64 amd64 3.5.7-1~deb13u2 [2454 kB]
#7 4.760 Get:5 https://snapshot.debian.org/archive/debian/20260914T000000Z trixie/main amd64 libpython3.13-minimal amd64 3.13.5-2+deb13u5 [863 kB]
#7 4.817 Get:6 https://snapshot.debian.org/archive/debian/20260914T000000Z trixie/main amd64 python3.13-minimal amd64 3.13.5-2+deb13u5 [2225 kB]
#7 4.992 Get:7 https://snapshot.debian.org/archive/debian/20260914T000000Z trixie/main amd64 python3-minimal amd64 3.13.5-1 [27.2 kB]
#7 4.993 Get:8 https://snapshot.debian.org/archive/debian/20260914T000000Z trixie/main amd64 media-types all 13.0.0 [29.3 kB]
#7 4.996 Get:9 https://snapshot.debian.org/archive/debian/20260914T000000Z trixie/main amd64 netbase all 6.5 [12.4 kB]
#7 4.997 Get:10 https://snapshot.debian.org/archive/debian/20260914T000000Z trixie/main amd64 readline-common all 8.2-6 [69.4 kB]
#7 5.002 Get:11 https://snapshot.debian.org/archive/debian/20260914T000000Z trixie/main amd64 libreadline8t64 amd64 8.2-6 [169 kB]
#7 5.013 Get:12 https://snapshot.debian.org/archive/debian/20260914T000000Z trixie/main amd64 libpython3.13-stdlib amd64 3.13.5-2+deb13u5 [1959 kB]
#7 5.160 Get:13 https://snapshot.debian.org/archive/debian/20260914T000000Z trixie/main amd64 python3.13 amd64 3.13.5-2+deb13u5 [757 kB]
#7 5.217 Get:14 https://snapshot.debian.org/archive/debian/20260914T000000Z trixie/main amd64 libpython3-stdlib amd64 3.13.5-1 [10.2 kB]
#7 5.217 Get:15 https://snapshot.debian.org/archive/debian/20260914T000000Z trixie/main amd64 python3 amd64 3.13.5-1 [28.2 kB]
#7 5.219 Get:16 https://snapshot.debian.org/archive/debian/20260914T000000Z trixie/main amd64 libcap2 amd64 1:2.75-10+deb13u1+b3 [29.0 kB]
#7 5.223 Get:17 https://snapshot.debian.org/archive/debian/20260914T000000Z trixie/main amd64 bzip2 amd64 1.0.8-6 [40.5 kB]
#7 5.226 Get:18 https://snapshot.debian.org/archive/debian/20260914T000000Z trixie/main amd64 xz-utils amd64 5.8.1-1+deb13u1 [659 kB]
#7 5.279 Get:19 https://snapshot.debian.org/archive/debian/20260914T000000Z trixie/main amd64 libsframe1 amd64 2.44-3 [78.4 kB]
#7 5.284 Get:20 https://snapshot.debian.org/archive/debian/20260914T000000Z trixie/main amd64 binutils-common amd64 2.44-3 [2509 kB]
#7 5.437 Get:21 https://snapshot.debian.org/archive/debian/20260914T000000Z trixie/main amd64 libbinutils amd64 2.44-3 [534 kB]
#7 5.470 Get:22 https://snapshot.debian.org/archive/debian/20260914T000000Z trixie/main amd64 libgprofng0 amd64 2.44-3 [808 kB]
#7 5.529 Get:23 https://snapshot.debian.org/archive/debian/20260914T000000Z trixie/main amd64 libctf-nobfd0 amd64 2.44-3 [156 kB]
#7 5.539 Get:24 https://snapshot.debian.org/archive/debian/20260914T000000Z trixie/main amd64 libctf0 amd64 2.44-3 [88.6 kB]
#7 5.545 Get:25 https://snapshot.debian.org/archive/debian/20260914T000000Z trixie/main amd64 libjansson4 amd64 2.14-2+b3 [39.8 kB]
#7 5.548 Get:26 https://snapshot.debian.org/archive/debian/20260914T000000Z trixie/main amd64 binutils-x86-64-linux-gnu amd64 2.44-3 [1014 kB]
#7 5.632 Get:27 https://snapshot.debian.org/archive/debian/20260914T000000Z trixie/main amd64 binutils amd64 2.44-3 [265 kB]
#7 5.649 Get:28 https://snapshot.debian.org/archive/debian/20260914T000000Z trixie/main amd64 libc-dev-bin amd64 2.41-12+deb13u4 [60.0 kB]
#7 5.652 Get:29 https://snapshot.debian.org/archive/debian/20260914T000000Z trixie/main amd64 linux-libc-dev all 6.12.107-1 [2919 kB]
#7 5.841 Get:30 https://snapshot.debian.org/archive/debian/20260914T000000Z trixie/main amd64 libcrypt-dev amd64 1:4.4.38-1 [119 kB]
#7 5.848 Get:31 https://snapshot.debian.org/archive/debian/20260914T000000Z trixie/main amd64 rpcsvc-proto amd64 1.4.3-1 [63.3 kB]
#7 5.849 Get:32 https://snapshot.debian.org/archive/debian/20260914T000000Z trixie/main amd64 libc6-dev amd64 2.41-12+deb13u4 [1995 kB]
#7 5.986 Get:33 https://snapshot.debian.org/archive/debian/20260914T000000Z trixie/main amd64 libisl23 amd64 0.27-1 [659 kB]
#7 6.029 Get:34 https://snapshot.debian.org/archive/debian/20260914T000000Z trixie/main amd64 libmpfr6 amd64 4.2.2-1 [729 kB]
#7 6.069 Get:35 https://snapshot.debian.org/archive/debian/20260914T000000Z trixie/main amd64 libmpc3 amd64 1.3.1-1+b3 [52.2 kB]
#7 6.072 Get:36 https://snapshot.debian.org/archive/debian/20260914T000000Z trixie/main amd64 cpp-14-x86-64-linux-gnu amd64 14.2.0-19 [11.0 MB]
#7 6.846 Get:37 https://snapshot.debian.org/archive/debian/20260914T000000Z trixie/main amd64 cpp-14 amd64 14.2.0-19 [1280 B]
#7 6.846 Get:38 https://snapshot.debian.org/archive/debian/20260914T000000Z trixie/main amd64 cpp-x86-64-linux-gnu amd64 4:14.2.0-1 [4840 B]
#7 6.846 Get:39 https://snapshot.debian.org/archive/debian/20260914T000000Z trixie/main amd64 cpp amd64 4:14.2.0-1 [1568 B]
#7 6.846 Get:40 https://snapshot.debian.org/archive/debian/20260914T000000Z trixie/main amd64 libcc1-0 amd64 14.2.0-19 [42.8 kB]
#7 6.847 Get:41 https://snapshot.debian.org/archive/debian/20260914T000000Z trixie/main amd64 libgomp1 amd64 14.2.0-19 [137 kB]
#7 6.856 Get:42 https://snapshot.debian.org/archive/debian/20260914T000000Z trixie/main amd64 libitm1 amd64 14.2.0-19 [26.0 kB]
#7 6.857 Get:43 https://snapshot.debian.org/archive/debian/20260914T000000Z trixie/main amd64 libasan8 amd64 14.2.0-19 [2725 kB]
#7 7.042 Get:44 https://snapshot.debian.org/archive/debian/20260914T000000Z trixie/main amd64 liblsan0 amd64 14.2.0-19 [1204 kB]
#7 7.125 Get:45 https://snapshot.debian.org/archive/debian/20260914T000000Z trixie/main amd64 libtsan2 amd64 14.2.0-19 [2460 kB]
#7 7.308 Get:46 https://snapshot.debian.org/archive/debian/20260914T000000Z trixie/main amd64 libubsan1 amd64 14.2.0-19 [1074 kB]
#7 7.380 Get:47 https://snapshot.debian.org/archive/debian/20260914T000000Z trixie/main amd64 libhwasan0 amd64 14.2.0-19 [1488 kB]
#7 7.491 Get:48 https://snapshot.debian.org/archive/debian/20260914T000000Z trixie/main amd64 libquadmath0 amd64 14.2.0-19 [145 kB]
#7 7.500 Get:49 https://snapshot.debian.org/archive/debian/20260914T000000Z trixie/main amd64 libgcc-14-dev amd64 14.2.0-19 [2672 kB]
#7 7.700 Get:50 https://snapshot.debian.org/archive/debian/20260914T000000Z trixie/main amd64 gcc-14-x86-64-linux-gnu amd64 14.2.0-19 [21.4 MB]
#7 9.237 Get:51 https://snapshot.debian.org/archive/debian/20260914T000000Z trixie/main amd64 gcc-14 amd64 14.2.0-19 [540 kB]
#7 9.278 Get:52 https://snapshot.debian.org/archive/debian/20260914T000000Z trixie/main amd64 gcc-x86-64-linux-gnu amd64 4:14.2.0-1 [1436 B]
#7 9.278 Get:53 https://snapshot.debian.org/archive/debian/20260914T000000Z trixie/main amd64 gcc amd64 4:14.2.0-1 [5136 B]
#7 9.279 Get:54 https://snapshot.debian.org/archive/debian/20260914T000000Z trixie/main amd64 libstdc++-14-dev amd64 14.2.0-19 [2376 kB]
#7 9.456 Get:55 https://snapshot.debian.org/archive/debian/20260914T000000Z trixie/main amd64 g++-14-x86-64-linux-gnu amd64 14.2.0-19 [12.1 MB]
#7 10.24 Get:56 https://snapshot.debian.org/archive/debian/20260914T000000Z trixie/main amd64 g++-14 amd64 14.2.0-19 [22.5 kB]
#7 10.24 Get:57 https://snapshot.debian.org/archive/debian/20260914T000000Z trixie/main amd64 g++-x86-64-linux-gnu amd64 4:14.2.0-1 [1200 B]
#7 10.24 Get:58 https://snapshot.debian.org/archive/debian/20260914T000000Z trixie/main amd64 g++ amd64 4:14.2.0-1 [1344 B]
#7 10.24 Get:59 https://snapshot.debian.org/archive/debian/20260914T000000Z trixie/main amd64 make amd64 4.4.1-2 [463 kB]
#7 10.27 Get:60 https://snapshot.debian.org/archive/debian/20260914T000000Z trixie/main amd64 libdpkg-perl all 1.22.22 [651 kB]
#7 10.31 Get:61 https://snapshot.debian.org/archive/debian/20260914T000000Z trixie/main amd64 patch amd64 2.8-2 [134 kB]
#7 10.32 Get:62 https://snapshot.debian.org/archive/debian/20260914T000000Z trixie/main amd64 dpkg-dev all 1.22.22 [1337 kB]
#7 10.43 Get:63 https://snapshot.debian.org/archive/debian/20260914T000000Z trixie/main amd64 build-essential amd64 12.12 [4624 B]
#7 10.43 Get:64 https://snapshot.debian.org/archive/debian/20260914T000000Z trixie/main amd64 node-fast-deep-equal all 3.1.3-3 [5768 B]
#7 10.43 Get:65 https://snapshot.debian.org/archive/debian/20260914T000000Z trixie/main amd64 node-json-schema-traverse all 1.0.0-3 [6308 B]
#7 10.43 Get:66 https://snapshot.debian.org/archive/debian/20260914T000000Z trixie/main amd64 node-jsonify all 0.0.1-1 [8704 B]
#7 10.43 Get:67 https://snapshot.debian.org/archive/debian/20260914T000000Z trixie/main amd64 node-json-stable-stringify all 1.0.2+repack1+~cs1.0.34-2 [9496 B]
#7 10.43 Get:68 https://snapshot.debian.org/archive/debian/20260914T000000Z trixie/main amd64 node-punycode all 2.3.1+~2.1.4-1 [10.8 kB]
#7 10.43 Get:69 https://snapshot.debian.org/archive/debian/20260914T000000Z trixie/main amd64 node-uri-js all 4.4.0+dfsg-8 [47.3 kB]
#7 10.43 Get:70 https://snapshot.debian.org/archive/debian/20260914T000000Z trixie/main amd64 libcares2 amd64 1.34.5-1+deb13u1 [98.3 kB]
#7 10.44 Get:71 https://snapshot.debian.org/archive/debian/20260914T000000Z trixie/main amd64 libicu76 amd64 76.1-4 [9722 kB]
#7 11.12 Get:72 https://snapshot.debian.org/archive/debian/20260914T000000Z trixie/main amd64 node-xtend all 4.0.2-3 [3932 B]
#7 11.12 Get:73 https://snapshot.debian.org/archive/debian/20260914T000000Z trixie/main amd64 node-acorn all 8.8.1+ds+~cs25.17.7-2 [128 kB]
#7 11.13 Get:74 https://snapshot.debian.org/archive/debian/20260914T000000Z trixie/main amd64 node-cjs-module-lexer all 1.2.3+dfsg-1 [30.6 kB]
#7 11.13 Get:75 https://snapshot.debian.org/archive/debian/20260914T000000Z trixie/main amd64 node-balanced-match all 2.0.0-1 [4872 B]
#7 11.14 Get:76 https://snapshot.debian.org/archive/debian/20260914T000000Z trixie/main amd64 node-brace-expansion all 2.0.1+~1.1.0-2 [8012 B]
#7 11.14 Get:77 https://snapshot.debian.org/archive/debian/20260914T000000Z trixie/main amd64 node-minimatch all 9.0.3-6 [76.8 kB]
#7 11.14 Get:78 https://snapshot.debian.org/archive/debian/20260914T000000Z trixie/main amd64 node-undici all 7.3.0+dfsg1+~cs24.12.11-1 [333 kB]
#7 11.16 Get:79 https://snapshot.debian.org/archive/debian/20260914T000000Z trixie/main amd64 libnode115 amd64 20.19.2+dfsg-1+deb13u2 [12.1 MB]
#7 12.04 Get:80 https://snapshot.debian.org/archive/debian/20260914T000000Z trixie/main amd64 node-corepack all 0.24.0-5 [712 kB]
#7 12.07 Get:81 https://snapshot.debian.org/archive/debian/20260914T000000Z trixie/main amd64 nodejs amd64 20.19.2+dfsg-1+deb13u2 [353 kB]
#7 12.10 Get:82 https://snapshot.debian.org/archive/debian/20260914T000000Z trixie/main amd64 node-ajv all 8.12.0~ds+~2.1.1-5 [182 kB]
#7 12.11 Get:83 https://snapshot.debian.org/archive/debian/20260914T000000Z trixie/main amd64 libjs-inherits all 2.0.4-6 [3548 B]
#7 12.11 Get:84 https://snapshot.debian.org/archive/debian/20260914T000000Z trixie/main amd64 node-inherits all 2.0.4-6 [4548 B]
#7 12.11 Get:85 https://snapshot.debian.org/archive/debian/20260914T000000Z trixie/main amd64 node-core-util-is all 1.0.3-1 [4072 B]
#7 12.11 Get:86 https://snapshot.debian.org/archive/debian/20260914T000000Z trixie/main amd64 node-safe-buffer all 5.2.1+~cs2.1.2-3 [15.5 kB]
#7 12.11 Get:87 https://snapshot.debian.org/archive/debian/20260914T000000Z trixie/main amd64 node-string-decoder all 1.3.0-6 [7180 B]
#7 12.11 Get:88 https://snapshot.debian.org/archive/debian/20260914T000000Z trixie/main amd64 node-process-nextick-args all 2.0.1-3 [3816 B]
#7 12.11 Get:89 https://snapshot.debian.org/archive/debian/20260914T000000Z trixie/main amd64 node-util-deprecate all 1.0.2-3 [4436 B]
#7 12.11 Get:90 https://snapshot.debian.org/archive/debian/20260914T000000Z trixie/main amd64 node-isarray all 2.0.5-4 [4040 B]
#7 12.11 Get:91 https://snapshot.debian.org/archive/debian/20260914T000000Z trixie/main amd64 node-readable-stream all 3.6.0+~cs3.0.0-4 [32.0 kB]
#7 12.12 Get:92 https://snapshot.debian.org/archive/debian/20260914T000000Z trixie/main amd64 node-typedarray all 0.0.7-1 [11.4 kB]
#7 12.12 Get:93 https://snapshot.debian.org/archive/debian/20260914T000000Z trixie/main amd64 node-concat-stream all 2.0.0+~2.0.0-2 [6388 B]
#7 12.12 Get:94 https://snapshot.debian.org/archive/debian/20260914T000000Z trixie/main amd64 node-ms all 2.1.3+~cs0.7.31-3 [5648 B]
#7 12.12 Get:95 https://snapshot.debian.org/archive/debian/20260914T000000Z trixie/main amd64 node-debug all 4.3.4+~cs4.1.7-1 [18.1 kB]
#7 12.13 Get:96 https://snapshot.debian.org/archive/debian/20260914T000000Z trixie/main amd64 node-esutils all 2.0.3+~2.0.0-1 [12.4 kB]
#7 12.13 Get:97 https://snapshot.debian.org/archive/debian/20260914T000000Z trixie/main amd64 node-doctrine all 3.0.0-4 [19.9 kB]
#7 12.13 Get:98 https://snapshot.debian.org/archive/debian/20260914T000000Z trixie/main amd64 node-eslint-visitor-keys all 3.3.0+~1.0.0-1 [17.1 kB]
#7 12.13 Get:99 https://snapshot.debian.org/archive/debian/20260914T000000Z trixie/main amd64 node-estraverse all 5.3.0+ds+~5.1.1-1 [11.6 kB]
#7 12.13 Get:100 https://snapshot.debian.org/archive/debian/20260914T000000Z trixie/main amd64 node-object-assign all 4.1.1-7 [4684 B]
#7 12.13 Get:101 https://snapshot.debian.org/archive/debian/20260914T000000Z trixie/main amd64 node-esrecurse all 4.3.0-2 [6048 B]
#7 12.13 Get:102 https://snapshot.debian.org/archive/debian/20260914T000000Z trixie/main amd64 node-eslint-scope all 7.1.1+~3.7.4-1 [35.6 kB]
#7 12.13 Get:103 https://snapshot.debian.org/archive/debian/20260914T000000Z trixie/main amd64 node-espree all 9.4.1~dfsg-2 [41.1 kB]
#7 12.14 Get:104 https://snapshot.debian.org/archive/debian/20260914T000000Z trixie/main amd64 node-esquery all 1.4.2~ds-1 [24.9 kB]
#7 12.14 Get:105 https://snapshot.debian.org/archive/debian/20260914T000000Z trixie/main amd64 node-eslint-utils all 3.0.0-3 [15.5 kB]
#7 12.14 Get:106 https://snapshot.debian.org/archive/debian/20260914T000000Z trixie/main amd64 node-flatted all 3.2.7~ds-1+deb13u1 [10.3 kB]
#7 12.14 Get:107 https://snapshot.debian.org/archive/debian/20260914T000000Z trixie/main amd64 node-fs.realpath all 1.0.0-3 [6172 B]
#7 12.14 Get:108 https://snapshot.debian.org/archive/debian/20260914T000000Z trixie/main amd64 node-wrappy all 1.0.2-3 [3776 B]
#7 12.14 Get:109 https://snapshot.debian.org/archive/debian/20260914T000000Z trixie/main amd64 node-once all 1.4.1-1 [4624 B]
#7 12.14 Get:110 https://snapshot.debian.org/archive/debian/20260914T000000Z trixie/main amd64 node-inflight all 1.0.6-2 [3952 B]
#7 12.14 Get:111 https://snapshot.debian.org/archive/debian/20260914T000000Z trixie/main amd64 node-glob all 8.1.0+~cs8.5.15-1 [134 kB]
#7 12.15 Get:112 https://snapshot.debian.org/archive/debian/20260914T000000Z trixie/main amd64 node-rimraf all 3.0.2-2 [11.1 kB]
#7 12.15 Get:113 https://snapshot.debian.org/archive/debian/20260914T000000Z trixie/main amd64 node-write all 2.0.0~6.0.1+~3.0.4+~2.0.0+~1.0.0+~2.0.1-1 [17.9 kB]
#7 12.16 Get:114 https://snapshot.debian.org/archive/debian/20260914T000000Z trixie/main amd64 node-flat-cache all 3.0.4~6.0.1+~3.0.4+~2.0.0+~1.0.0+~2.0.1-1 [20.2 kB]
#7 12.16 Get:115 https://snapshot.debian.org/archive/debian/20260914T000000Z trixie/main amd64 node-file-entry-cache all 6.0.1+~3.0.4+~2.0.0+~1.0.0+~2.0.1-1 [15.3 kB]
#7 12.16 Get:116 https://snapshot.debian.org/archive/debian/20260914T000000Z trixie/main amd64 node-functional-red-black-tree all 1.0.1+20181105-7 [14.1 kB]
#7 12.16 Get:117 https://snapshot.debian.org/archive/debian/20260914T000000Z trixie/main amd64 node-is-extglob all 2.1.1-5 [4612 B]
#7 12.16 Get:118 https://snapshot.debian.org/archive/debian/20260914T000000Z trixie/main amd64 node-is-glob all 4.0.3-2 [6620 B]
#7 12.16 Get:119 https://snapshot.debian.org/archive/debian/20260914T000000Z trixie/main amd64 node-path-dirname all 1.0.2-2 [4312 B]
#7 12.16 Get:120 https://snapshot.debian.org/archive/debian/20260914T000000Z trixie/main amd64 node-glob-parent all 6.0.2+~5.1.1-2 [8784 B]
#7 12.16 Get:121 https://snapshot.debian.org/archive/debian/20260914T000000Z trixie/main amd64 node-globals all 13.23.0-1 [11.3 kB]
#7 12.16 Get:122 https://snapshot.debian.org/archive/debian/20260914T000000Z trixie/main amd64 node-resolve-from all 5.0.0+~3.1.0+~3.3.0+~2.0.0-1 [7292 B]
#7 12.16 Get:123 https://snapshot.debian.org/archive/debian/20260914T000000Z trixie/main amd64 node-imurmurhash all 0.1.4+dfsg+~0.1.1-2 [8412 B]
#7 12.17 Get:124 https://snapshot.debian.org/archive/debian/20260914T000000Z trixie/main amd64 node-ignore all 5.2.1-1 [26.4 kB]
#7 12.17 Get:125 https://snapshot.debian.org/archive/debian/20260914T000000Z trixie/main amd64 node-prelude-ls all 1.2.1+dfsg-3 [11.3 kB]
#7 12.17 Get:126 https://snapshot.debian.org/archive/debian/20260914T000000Z trixie/main amd64 node-type-check all 0.4.0+dfsg-3 [9184 B]
#7 12.17 Get:127 https://snapshot.debian.org/archive/debian/20260914T000000Z trixie/main amd64 node-levn all 0.4.1+dfsg-2 [10.2 kB]
#7 12.17 Get:128 https://snapshot.debian.org/archive/debian/20260914T000000Z trixie/main amd64 node-lodash all 4.17.21+dfsg+~cs8.31.198.20210220-9+deb13u1 [462 kB]
#7 12.20 Get:129 https://snapshot.debian.org/archive/debian/20260914T000000Z trixie/main amd64 node-memfs all 3.4.12+~cs1.0.3-1 [46.8 kB]
#7 12.20 Get:130 https://snapshot.debian.org/archive/debian/20260914T000000Z trixie/main amd64 node-mkdirp all 2.1.6+~cs5.2.1-2 [24.1 kB]
#7 12.20 Get:131 https://snapshot.debian.org/archive/debian/20260914T000000Z trixie/main amd64 node-deep-is all 0.1.4-1 [5136 B]
#7 12.21 Get:132 https://snapshot.debian.org/archive/debian/20260914T000000Z trixie/main amd64 node-fast-levenshtein all 2.0.6+ds-3 [6040 B]
#7 12.21 Get:133 https://snapshot.debian.org/archive/debian/20260914T000000Z trixie/main amd64 node-optionator all 0.9.1+dfsg+~cs1.2.3-1 [17.6 kB]
#7 12.21 Get:134 https://snapshot.debian.org/archive/debian/20260914T000000Z trixie/main amd64 node-progress all 2.0.3-2 [8256 B]
#7 12.21 Get:135 https://snapshot.debian.org/archive/debian/20260914T000000Z trixie/main amd64 libjs-regenerate all 1.4.2-3 [14.3 kB]
#7 12.21 Get:136 https://snapshot.debian.org/archive/debian/20260914T000000Z trixie/main amd64 node-regenerate all 1.4.2-3 [7388 B]
#7 12.21 Get:137 https://snapshot.debian.org/archive/debian/20260914T000000Z trixie/main amd64 node-regenerate-unicode-properties all 10.1.0+ds-1 [50.7 kB]
#7 12.21 Get:138 https://snapshot.debian.org/archive/debian/20260914T000000Z trixie/main amd64 node-regexpp all 3.2.0-5 [27.0 kB]
#7 12.21 Get:139 https://snapshot.debian.org/archive/debian/20260914T000000Z trixie/main amd64 node-lru-cache all 10.0.1-3 [62.6 kB]
#7 12.22 Get:140 https://snapshot.debian.org/archive/debian/20260914T000000Z trixie/main amd64 node-semver all 7.6.1+~7.5.8-2 [49.5 kB]
#7 12.22 Get:141 https://snapshot.debian.org/archive/debian/20260914T000000Z trixie/main amd64 node-strip-json-comments all 4.0.0-4 [5668 B]
#7 12.22 Get:142 https://snapshot.debian.org/archive/debian/20260914T000000Z trixie/main amd64 node-json-schema all 0.4.0+~7.0.11-1 [13.1 kB]
#7 12.22 Get:143 https://snapshot.debian.org/archive/debian/20260914T000000Z trixie/main amd64 node-v8-compile-cache all 2.4.0-2 [8544 B]
#7 12.22 Get:144 https://snapshot.debian.org/archive/debian/20260914T000000Z trixie/main amd64 eslint all 6.4.0~dfsg+~6.1.9-12 [606 kB]
#7 12.25 Get:145 https://snapshot.debian.org/archive/debian/20260914T000000Z trixie/main amd64 python3-packaging all 25.0-1 [56.6 kB]
#7 12.26 Get:146 https://snapshot.debian.org/archive/debian/20260914T000000Z trixie/main amd64 gyp all 0.16.2-2 [255 kB]
#7 12.28 Get:147 https://snapshot.debian.org/archive/debian/20260914T000000Z trixie/main amd64 node-neo-async all 2.6.2+~cs3.0.0-3 [41.8 kB]
#7 12.28 Get:148 https://snapshot.debian.org/archive/debian/20260914T000000Z trixie/main amd64 node-arrify all 2.0.1-3 [3700 B]
#7 12.28 Get:149 https://snapshot.debian.org/archive/debian/20260914T000000Z trixie/main amd64 node-is-plain-obj all 3.0.0-2 [3972 B]
#7 12.28 Get:150 https://snapshot.debian.org/archive/debian/20260914T000000Z trixie/main amd64 node-is-buffer all 2.0.5-2 [4112 B]
#7 12.28 Get:151 https://snapshot.debian.org/archive/debian/20260914T000000Z trixie/main amd64 node-kind-of all 6.0.3+dfsg-2 [10.2 kB]
#7 12.28 Get:152 https://snapshot.debian.org/archive/debian/20260914T000000Z trixie/main amd64 node-minimist all 1.2.8+~cs5.3.5-1 [15.9 kB]
#7 12.28 Get:153 https://snapshot.debian.org/archive/debian/20260914T000000Z trixie/main amd64 node-wordwrap all 1.0.0-4 [4628 B]
#7 12.28 Get:154 https://snapshot.debian.org/archive/debian/20260914T000000Z trixie/main amd64 node-optimist all 0.6.1+~0.0.30-2 [13.5 kB]
#7 12.28 Get:155 https://snapshot.debian.org/archive/debian/20260914T000000Z trixie/main amd64 libjs-source-map all 0.7.0++dfsg2+really.0.6.1-15 [29.6 kB]
#7 12.29 Get:156 https://snapshot.debian.org/archive/debian/20260914T000000Z trixie/main amd64 node-source-map all 0.7.0++dfsg2+really.0.6.1-15 [41.7 kB]
#7 12.29 Get:157 https://snapshot.debian.org/archive/debian/20260914T000000Z trixie/main amd64 handlebars all 3:4.7.7+~4.1.0-1 [199 kB]
#7 12.30 Get:158 https://snapshot.debian.org/archive/debian/20260914T000000Z trixie/main amd64 libboost1.83-dev amd64 1.83.0-4.2 [10.6 MB]
#7 12.98 Get:159 https://snapshot.debian.org/archive/debian/20260914T000000Z trixie/main amd64 libboost-atomic1.83.0 amd64 1.83.0-4.2 [234 kB]
#7 12.99 Get:160 https://snapshot.debian.org/archive/debian/20260914T000000Z trixie/main amd64 libboost-atomic1.83-dev amd64 1.83.0-4.2 [236 kB]
#7 13.00 Get:161 https://snapshot.debian.org/archive/debian/20260914T000000Z trixie/main amd64 libboost-dev amd64 1.83.0.2+b2 [3836 B]
#7 13.00 Get:162 https://snapshot.debian.org/archive/debian/20260914T000000Z trixie/main amd64 libboost-filesystem1.83.0 amd64 1.83.0-4.2 [282 kB]
#7 13.01 Get:163 https://snapshot.debian.org/archive/debian/20260914T000000Z trixie/main amd64 libboost-system1.83.0 amd64 1.83.0-4.2 [231 kB]
#7 13.01 Get:164 https://snapshot.debian.org/archive/debian/20260914T000000Z trixie/main amd64 libboost-system1.83-dev amd64 1.83.0-4.2 [232 kB]
#7 13.02 Get:165 https://snapshot.debian.org/archive/debian/20260914T000000Z trixie/main amd64 libboost-filesystem1.83-dev amd64 1.83.0-4.2 [297 kB]
#7 13.02 Get:166 https://snapshot.debian.org/archive/debian/20260914T000000Z trixie/main amd64 libboost-filesystem-dev amd64 1.83.0.2+b2 [3628 B]
#7 13.02 Get:167 https://snapshot.debian.org/archive/debian/20260914T000000Z trixie/main amd64 libboost-system-dev amd64 1.83.0.2+b2 [3736 B]
#7 13.02 Get:168 https://snapshot.debian.org/archive/debian/20260914T000000Z trixie/main amd64 libcap-dev amd64 1:2.75-10+deb13u1+b3 [546 kB]
#7 13.04 Get:169 https://snapshot.debian.org/archive/debian/20260914T000000Z trixie/main amd64 libdbus-1-3 amd64 1.16.2-2 [178 kB]
#7 13.04 Get:170 https://snapshot.debian.org/archive/debian/20260914T000000Z trixie/main amd64 libsystemd-dev amd64 257.13-1~deb13u1 [1359 kB]
#7 13.09 Get:171 https://snapshot.debian.org/archive/debian/20260914T000000Z trixie/main amd64 libpkgconf3 amd64 1.8.1-4 [36.4 kB]
#7 13.09 Get:172 https://snapshot.debian.org/archive/debian/20260914T000000Z trixie/main amd64 pkgconf-bin amd64 1.8.1-4 [30.2 kB]
#7 13.09 Get:173 https://snapshot.debian.org/archive/debian/20260914T000000Z trixie/main amd64 pkgconf amd64 1.8.1-4 [26.2 kB]
#7 13.09 Get:174 https://snapshot.debian.org/archive/debian/20260914T000000Z trixie/main amd64 sgml-base all 1.31+nmu1 [10.9 kB]
#7 13.09 Get:175 https://snapshot.debian.org/archive/debian/20260914T000000Z trixie/main amd64 xml-core all 0.19 [20.1 kB]
#7 13.09 Get:176 https://snapshot.debian.org/archive/debian/20260914T000000Z trixie/main amd64 libdbus-1-dev amd64 1.16.2-2 [215 kB]
#7 13.11 Get:177 https://snapshot.debian.org/archive/debian/20260914T000000Z trixie/main amd64 libjs-events all 3.3.0+~3.0.0-3 [11.3 kB]
#7 13.11 Get:178 https://snapshot.debian.org/archive/debian/20260914T000000Z trixie/main amd64 libjs-is-typedarray all 1.0.0-4 [3816 B]
#7 13.11 Get:179 https://snapshot.debian.org/archive/debian/20260914T000000Z trixie/main amd64 libjs-prettify all 2015.12.04+dfsg-1.1 [41.7 kB]
#7 13.11 Get:180 https://snapshot.debian.org/archive/debian/20260914T000000Z trixie/main amd64 libjs-sprintf-js all 1.1.2+ds1+~1.1.2-1 [12.8 kB]
#7 13.11 Get:181 https://snapshot.debian.org/archive/debian/20260914T000000Z trixie/main amd64 libjs-typedarray-to-buffer all 4.0.0-2 [4668 B]
#7 13.11 Get:182 https://snapshot.debian.org/archive/debian/20260914T000000Z trixie/main amd64 node-lodash-packages all 4.17.21+dfsg+~cs8.31.198.20210220-9+deb13u1 [179 kB]
#7 13.12 Get:183 https://snapshot.debian.org/archive/debian/20260914T000000Z trixie/main amd64 node-function-bind all 1.1.2+~cs2.1.14-1 [24.6 kB]
#7 13.12 Get:184 https://snapshot.debian.org/archive/debian/20260914T000000Z trixie/main amd64 node-object-inspect all 1.12.2+~cs1.8.1-1 [20.8 kB]
#7 13.12 Get:185 https://snapshot.debian.org/archive/debian/20260914T000000Z trixie/main amd64 node-es-abstract all 1.20.4+~cs26.27.47-2 [137 kB]
#7 13.13 Get:186 https://snapshot.debian.org/archive/debian/20260914T000000Z trixie/main amd64 node-resolve all 1.22.8+~cs5.34.15-2 [29.8 kB]
#7 13.13 Get:187 https://snapshot.debian.org/archive/debian/20260914T000000Z trixie/main amd64 node-define-properties all 1.2.1+~cs2.2.3-1 [9080 B]
#7 13.13 Get:188 https://snapshot.debian.org/archive/debian/20260914T000000Z trixie/main amd64 node-debbundle-es-to-primitive all 1.2.1+~cs9.7.25-2 [39.9 kB]
#7 13.13 Get:189 https://snapshot.debian.org/archive/debian/20260914T000000Z trixie/main amd64 node-isobject all 4.0.0-2 [5332 B]
#7 13.13 Get:190 https://snapshot.debian.org/archive/debian/20260914T000000Z trixie/main amd64 node-is-descriptor all 3.0.0-2 [5556 B]
#7 13.13 Get:191 https://snapshot.debian.org/archive/debian/20260914T000000Z trixie/main amd64 node-define-property all 2.0.2+really+2.0.2-3 [6820 B]
#7 13.13 Get:192 https://snapshot.debian.org/archive/debian/20260914T000000Z trixie/main amd64 node-defined all 1.0.1+~1.0.0-1 [6776 B]
#7 13.13 Get:193 https://snapshot.debian.org/archive/debian/20260914T000000Z trixie/main amd64 node-abbrev all 1.1.1+~1.1.2-1 [5692 B]
#7 13.13 Get:194 https://snapshot.debian.org/archive/debian/20260914T000000Z trixie/main amd64 node-archy all 1.0.0-6 [4556 B]
#7 13.14 Get:195 https://snapshot.debian.org/archive/debian/20260914T000000Z trixie/main amd64 node-async all 3.2.6+dfsg-2 [96.4 kB]
#7 13.14 Get:196 https://snapshot.debian.org/archive/debian/20260914T000000Z trixie/main amd64 node-convert-source-map all 1.9.0+~1.5.2-1 [8176 B]
#7 13.14 Get:197 https://snapshot.debian.org/archive/debian/20260914T000000Z trixie/main amd64 node-decamelize all 4.0.0-2 [4080 B]
#7 13.14 Get:198 https://snapshot.debian.org/archive/debian/20260914T000000Z trixie/main amd64 node-es6-error all 4.1.1-5 [6148 B]
#7 13.14 Get:199 https://snapshot.debian.org/archive/debian/20260914T000000Z trixie/main amd64 node-esprima all 4.0.1+ds+~4.0.3-2 [69.3 kB]
#7 13.15 Get:200 https://snapshot.debian.org/archive/debian/20260914T000000Z trixie/main amd64 node-escodegen all 2.1.0+dfsg+~0.0.8-1 [23.0 kB]
#7 13.15 Get:201 https://snapshot.debian.org/archive/debian/20260914T000000Z trixie/main amd64 node-commondir all 1.0.1+~1.0.0-1 [4388 B]
#7 13.15 Get:202 https://snapshot.debian.org/archive/debian/20260914T000000Z trixie/main amd64 node-is-number all 7.0.0-4 [6020 B]
#7 13.15 Get:203 https://snapshot.debian.org/archive/debian/20260914T000000Z trixie/main amd64 node-repeat-string all 1.6.1+repack-1 [5600 B]
#7 13.15 Get:204 https://snapshot.debian.org/archive/debian/20260914T000000Z trixie/main amd64 node-to-regex-range all 5.0.1-4 [10.5 kB]
#7 13.15 Get:205 https://snapshot.debian.org/archive/debian/20260914T000000Z trixie/main amd64 node-fill-range all 7.1.1+~7.0.3-1 [8768 B]
#7 13.15 Get:206 https://snapshot.debian.org/archive/debian/20260914T000000Z trixie/main amd64 node-braces all 3.0.3+~3.0.5-1 [20.6 kB]
#7 13.16 Get:207 https://snapshot.debian.org/archive/debian/20260914T000000Z trixie/main amd64 node-normalize-path all 3.0.0+~3.0.0-1 [6608 B]
#7 13.16 Get:208 https://snapshot.debian.org/archive/debian/20260914T000000Z trixie/main amd64 node-anymatch all 3.1.3+~cs4.6.1-2 [33.4 kB]
#7 13.16 Get:209 https://snapshot.debian.org/archive/debian/20260914T000000Z trixie/main amd64 node-micromatch all 4.0.7+~4.0.9-1 [26.0 kB]
#7 13.16 Get:210 https://snapshot.debian.org/archive/debian/20260914T000000Z trixie/main amd64 node-pify all 5.0.0+~cs5.0.1-1 [7072 B]
#7 13.16 Get:211 https://snapshot.debian.org/archive/debian/20260914T000000Z trixie/main amd64 node-path-type all 4.0.0-3 [3944 B]
#7 13.17 Get:212 https://snapshot.debian.org/archive/debian/20260914T000000Z trixie/main amd64 node-n3 all 1.16.3+~1.2.3+~1.10.4-1 [37.0 kB]
#7 13.17 Get:213 https://snapshot.debian.org/archive/debian/20260914T000000Z trixie/main amd64 node-slash all 4.0.0-3 [4292 B]
#7 13.17 Get:214 https://snapshot.debian.org/archive/debian/20260914T000000Z trixie/main amd64 node-globby all 13.1.3+~cs16.25.40-3 [40.5 kB]
#7 13.17 Get:215 https://snapshot.debian.org/archive/debian/20260914T000000Z trixie/main amd64 node-graceful-fs all 4.2.10-1 [14.4 kB]
#7 13.17 Get:216 https://snapshot.debian.org/archive/debian/20260914T000000Z trixie/main amd64 node-is-path-cwd all 2.2.0-2 [3672 B]
#7 13.17 Get:217 https://snapshot.debian.org/archive/debian/20260914T000000Z trixie/main amd64 node-path-is-inside all 1.0.2+~1.0.0-1 [5072 B]
#7 13.17 Get:218 https://snapshot.debian.org/archive/debian/20260914T000000Z trixie/main amd64 node-is-path-inside all 3.0.3-2 [3980 B]
#7 13.18 Get:219 https://snapshot.debian.org/archive/debian/20260914T000000Z trixie/main amd64 node-escape-string-regexp all 4.0.0-2 [4296 B]
#7 13.18 Get:220 https://snapshot.debian.org/archive/debian/20260914T000000Z trixie/main amd64 node-indent-string all 4.0.0-2 [4144 B]
#7 13.18 Get:221 https://snapshot.debian.org/archive/debian/20260914T000000Z trixie/main amd64 node-p-map all 4.0.0+~3.1.0+~3.0.1-2 [7904 B]
#7 13.18 Get:222 https://snapshot.debian.org/archive/debian/20260914T000000Z trixie/main amd64 node-del all 7.1.0-1 [8020 B]
#7 13.18 Get:223 https://snapshot.debian.org/archive/debian/20260914T000000Z trixie/main amd64 node-make-dir all 3.1.0-3 [6040 B]
#7 13.18 Get:224 https://snapshot.debian.org/archive/debian/20260914T000000Z trixie/main amd64 node-p-limit all 4.0.0+~cs4.0.0-5 [7576 B]
#7 13.18 Get:225 https://snapshot.debian.org/archive/debian/20260914T000000Z trixie/main amd64 node-p-locate all 6.0.0-12 [5752 B]
#7 13.18 Get:226 https://snapshot.debian.org/archive/debian/20260914T000000Z trixie/main amd64 node-locate-path all 7.1.1-2 [5584 B]
#7 13.19 Get:227 https://snapshot.debian.org/archive/debian/20260914T000000Z trixie/main amd64 node-path-exists all 5.0.0-8 [4732 B]
#7 13.19 Get:228 https://snapshot.debian.org/archive/debian/20260914T000000Z trixie/main amd64 node-find-up all 6.3.0-7 [9388 B]
#7 13.19 Get:229 https://snapshot.debian.org/archive/debian/20260914T000000Z trixie/main amd64 node-pkg-dir all 5.0.0-2 [4260 B]
#7 13.19 Get:230 https://snapshot.debian.org/archive/debian/20260914T000000Z trixie/main amd64 node-find-cache-dir all 3.3.2+~3.2.1-1 [6152 B]
#7 13.19 Get:231 https://snapshot.debian.org/archive/debian/20260914T000000Z trixie/main amd64 node-signal-exit all 4.1.0-7 [14.4 kB]
#7 13.19 Get:232 https://snapshot.debian.org/archive/debian/20260914T000000Z trixie/main amd64 node-foreground-child all 3.1.1-2 [13.3 kB]
#7 13.19 Get:233 https://snapshot.debian.org/archive/debian/20260914T000000Z trixie/main amd64 node-is-stream all 3.0.0-4 [5076 B]
#7 13.19 Get:234 https://snapshot.debian.org/archive/debian/20260914T000000Z trixie/main amd64 node-is-windows all 1.0.2+~cs1.0.0-1 [5936 B]
#7 13.19 Get:235 https://snapshot.debian.org/archive/debian/20260914T000000Z trixie/main amd64 node-ampproject-remapping all 2.2.0+~cs5.15.37-1 [59.4 kB]
#7 13.20 Get:236 https://snapshot.debian.org/archive/debian/20260914T000000Z trixie/main amd64 node-sprintf-js all 1.1.2+ds1+~1.1.2-1 [4024 B]
#7 13.20 Get:237 https://snapshot.debian.org/archive/debian/20260914T000000Z trixie/main amd64 node-argparse all 2.0.1-2 [34.6 kB]
#7 13.20 Get:238 https://snapshot.debian.org/archive/debian/20260914T000000Z trixie/main amd64 node-js-yaml all 4.1.0+dfsg+~4.0.5-7 [66.6 kB]
#7 13.21 Get:239 https://snapshot.debian.org/archive/debian/20260914T000000Z trixie/main amd64 node-nopt all 5.0.0-4 [12.1 kB]
#7 13.21 Get:240 https://snapshot.debian.org/archive/debian/20260914T000000Z trixie/main amd64 node-npm-run-path all 5.1.0+~4.0.0-8 [6276 B]
#7 13.21 Get:241 https://snapshot.debian.org/archive/debian/20260914T000000Z trixie/main amd64 node-shebang-regex all 3.0.0-2 [3528 B]
#7 13.21 Get:242 https://snapshot.debian.org/archive/debian/20260914T000000Z trixie/main amd64 node-shebang-command all 2.0.0-1 [3500 B]
#7 13.21 Get:243 https://snapshot.debian.org/archive/debian/20260914T000000Z trixie/main amd64 node-strip-bom all 4.0.0-2 [4144 B]
#7 13.21 Get:244 https://snapshot.debian.org/archive/debian/20260914T000000Z trixie/main amd64 node-has-flag all 5.0.1-1 [4404 B]
#7 13.21 Get:245 https://snapshot.debian.org/archive/debian/20260914T000000Z trixie/main amd64 node-supports-color all 8.1.1+~8.1.1-1 [6920 B]
#7 13.21 Get:246 https://snapshot.debian.org/archive/debian/20260914T000000Z trixie/main amd64 node-util all 0.12.5+~1.0.10-1 [5700 B]
#7 13.21 Get:247 https://snapshot.debian.org/archive/debian/20260914T000000Z trixie/main amd64 node-assert all 2.0.0+~cs3.9.8-2 [26.8 kB]
#7 13.22 Get:248 https://snapshot.debian.org/archive/debian/20260914T000000Z trixie/main amd64 node-babel-plugin-add-module-exports all 1.0.4+dfsg1~cs5.8.0-4 [8672 B]
#7 13.22 Get:249 https://snapshot.debian.org/archive/debian/20260914T000000Z trixie/main amd64 node-regenerator-runtime all 0.15.2+~0.10.8-1 [10.7 kB]
#7 13.22 Get:250 https://snapshot.debian.org/archive/debian/20260914T000000Z trixie/main amd64 node-babel7-runtime all 7.20.15+ds1+~cs214.269.168-8 [116 kB]
#7 13.23 Get:251 https://snapshot.debian.org/archive/debian/20260914T000000Z trixie/main amd64 node-babel-helper-define-polyfill-provider all 0.3.3~0~20220913+ds1-1 [27.4 kB]
#7 13.23 Get:252 https://snapshot.debian.org/archive/debian/20260914T000000Z trixie/main amd64 node-babel-plugin-polyfill-corejs2 all 0.3.3~0~20220913+ds1-1 [17.1 kB]
#7 13.23 Get:253 https://snapshot.debian.org/archive/debian/20260914T000000Z trixie/main amd64 node-caniuse-lite all 1.0.30001723+dfsg+~1.0.5-1 [255 kB]
#7 13.25 Get:254 https://snapshot.debian.org/archive/debian/20260914T000000Z trixie/main amd64 node-electron-to-chromium all 1.5.166-1 [20.9 kB]
#7 13.25 Get:255 https://snapshot.debian.org/archive/debian/20260914T000000Z trixie/main amd64 node-picocolors all 1.0.0-4 [6652 B]
#7 13.25 Get:256 https://snapshot.debian.org/archive/debian/20260914T000000Z trixie/main amd64 node-browserslist all 4.25.0+~cs6.3.22-1 [72.3 kB]
#7 13.26 Get:257 https://snapshot.debian.org/archive/debian/20260914T000000Z trixie/main amd64 node-core-js-compat all 3.33.2-1 [78.5 kB]
#7 13.26 Get:258 https://snapshot.debian.org/archive/debian/20260914T000000Z trixie/main amd64 node-babel-plugin-polyfill-corejs3 all 0.6.0~0~20220913+ds1-1 [29.5 kB]
#7 13.27 Get:259 https://snapshot.debian.org/archive/debian/20260914T000000Z trixie/main amd64 node-babel-plugin-polyfill-regenerator all 0.4.1~0~20220913+ds1-1 [5036 B]
#7 13.27 Get:260 https://snapshot.debian.org/archive/debian/20260914T000000Z trixie/main amd64 node-color-name all 1.1.4+~1.1.1-2 [5920 B]
#7 13.27 Get:261 https://snapshot.debian.org/archive/debian/20260914T000000Z trixie/main amd64 node-color-convert all 2.0.1+~cs2.0.0-2 [13.1 kB]
#7 13.27 Get:262 https://snapshot.debian.org/archive/debian/20260914T000000Z trixie/main amd64 node-ansi-styles all 6.2.1-3 [8716 B]
#7 13.27 Get:263 https://snapshot.debian.org/archive/debian/20260914T000000Z trixie/main amd64 node-chalk all 5.3.0-1 [18.2 kB]
#7 13.27 Get:264 https://snapshot.debian.org/archive/debian/20260914T000000Z trixie/main amd64 node-for-in all 1.0.2-4 [4840 B]
#7 13.27 Get:265 https://snapshot.debian.org/archive/debian/20260914T000000Z trixie/main amd64 node-for-own all 1.0.0-3 [4800 B]
#7 13.27 Get:266 https://snapshot.debian.org/archive/debian/20260914T000000Z trixie/main amd64 node-is-plain-object all 5.0.0-7 [6108 B]
#7 13.27 Get:267 https://snapshot.debian.org/archive/debian/20260914T000000Z trixie/main amd64 node-is-extendable all 1.0.1-3 [5228 B]
#7 13.27 Get:268 https://snapshot.debian.org/archive/debian/20260914T000000Z trixie/main amd64 node-clone-deep all 4.0.1+~cs7.0.2-1 [6720 B]
#7 13.28 Get:269 https://snapshot.debian.org/archive/debian/20260914T000000Z trixie/main amd64 node-commander all 9.4.1-1 [65.3 kB]
#7 13.28 Get:270 https://snapshot.debian.org/archive/debian/20260914T000000Z trixie/main amd64 node-core-js all 3.33.2-1 [301 kB]
#7 13.30 Get:271 https://snapshot.debian.org/archive/debian/20260914T000000Z trixie/main amd64 node-core-js-pure all 3.33.2-1 [282 kB]
#7 13.32 Get:272 https://snapshot.debian.org/archive/debian/20260914T000000Z trixie/main amd64 node-fs-readdir-recursive all 1.1.0+~1.1.0-1 [4540 B]
#7 13.32 Get:273 https://snapshot.debian.org/archive/debian/20260914T000000Z trixie/main amd64 node-js-tokens all 8.0.0-2 [14.9 kB]
#7 13.32 Get:274 https://snapshot.debian.org/archive/debian/20260914T000000Z trixie/main amd64 node-jsesc all 3.0.2+~3.0.1-1 [17.6 kB]
#7 13.32 Get:275 https://snapshot.debian.org/archive/debian/20260914T000000Z trixie/main amd64 node-json5 all 2.2.3+dfsg-1 [25.6 kB]
#7 13.32 Get:276 https://snapshot.debian.org/archive/debian/20260914T000000Z trixie/main amd64 node-quick-lru all 6.1.1-4 [8076 B]
#7 13.32 Get:277 https://snapshot.debian.org/archive/debian/20260914T000000Z trixie/main amd64 node-regenerator-transform all 0.15.2+~0.10.8-1 [24.9 kB]
#7 13.32 Get:278 https://snapshot.debian.org/archive/debian/20260914T000000Z trixie/main amd64 node-regjsgen all 0.7.1+ds-1 [6968 B]
#7 13.33 Get:279 https://snapshot.debian.org/archive/debian/20260914T000000Z trixie/main amd64 node-regjsparser all 0.9.1+ds-2 [22.1 kB]
#7 13.33 Get:280 https://snapshot.debian.org/archive/debian/20260914T000000Z trixie/main amd64 node-unicode-canonical-property-names-ecmascript all 2.0.0-2 [4540 B]
#7 13.33 Get:281 https://snapshot.debian.org/archive/debian/20260914T000000Z trixie/main amd64 node-unicode-property-aliases-ecmascript all 2.1.0+ds-1 [5256 B]
#7 13.33 Get:282 https://snapshot.debian.org/archive/debian/20260914T000000Z trixie/main amd64 node-unicode-match-property-ecmascript all 2.0.0-2 [4440 B]
#7 13.33 Get:283 https://snapshot.debian.org/archive/debian/20260914T000000Z trixie/main amd64 node-unicode-match-property-value-ecmascript all 2.1.0+ds-1 [7272 B]
#7 13.33 Get:284 https://snapshot.debian.org/archive/debian/20260914T000000Z trixie/main amd64 node-regexpu-core all 5.2.2-3 [13.9 kB]
#7 13.33 Get:285 https://snapshot.debian.org/archive/debian/20260914T000000Z trixie/main amd64 node-source-map-support all 0.5.21+ds+~0.5.10-1 [15.3 kB]
#7 13.33 Get:286 https://snapshot.debian.org/archive/debian/20260914T000000Z trixie/main amd64 node-to-fast-properties all 3.0.1-3 [4332 B]
#7 13.33 Get:287 https://snapshot.debian.org/archive/debian/20260914T000000Z trixie/main amd64 node-v8flags all 3.2.0+~3.1.1-1 [7612 B]
#7 13.33 Get:288 https://snapshot.debian.org/archive/debian/20260914T000000Z trixie/main amd64 node-babel7 all 7.20.15+ds1+~cs214.269.168-8 [709 kB]
#7 13.37 Get:289 https://snapshot.debian.org/archive/debian/20260914T000000Z trixie/main amd64 node-is-arrayish all 0.3.2-3 [3960 B]
#7 13.37 Get:290 https://snapshot.debian.org/archive/debian/20260914T000000Z trixie/main amd64 node-error-ex all 1.3.2-4 [5656 B]
#7 13.37 Get:291 https://snapshot.debian.org/archive/debian/20260914T000000Z trixie/main amd64 node-json-parse-better-errors all 1.0.2+~cs3.3.1-3 [7724 B]
#7 13.37 Get:292 https://snapshot.debian.org/archive/debian/20260914T000000Z trixie/main amd64 node-parse-json all 5.2.0+~cs5.1.7-2 [7304 B]
#7 13.38 Get:293 https://snapshot.debian.org/archive/debian/20260914T000000Z trixie/main amd64 node-hosted-git-info all 6.1.1-2 [12.6 kB]
#7 13.38 Get:294 https://snapshot.debian.org/archive/debian/20260914T000000Z trixie/main amd64 node-spdx-license-ids all 3.0.12-1 [6276 B]
#7 13.38 Get:295 https://snapshot.debian.org/archive/debian/20260914T000000Z trixie/main amd64 node-spdx-exceptions all 2.3.0-2 [3992 B]
#7 13.38 Get:296 https://snapshot.debian.org/archive/debian/20260914T000000Z trixie/main amd64 node-spdx-expression-parse all 3.0.1+~3.0.1-1 [7532 B]
#7 13.38 Get:297 https://snapshot.debian.org/archive/debian/20260914T000000Z trixie/main amd64 node-spdx-correct all 3.1.1-2 [5464 B]
#7 13.38 Get:298 https://snapshot.debian.org/archive/debian/20260914T000000Z trixie/main amd64 node-validate-npm-package-license all 3.0.4-2 [4280 B]
#7 13.39 Get:299 https://snapshot.debian.org/archive/debian/20260914T000000Z trixie/main amd64 node-normalize-package-data all 4.0.1+~2.4.1-1 [13.6 kB]
#7 13.39 Get:300 https://snapshot.debian.org/archive/debian/20260914T000000Z trixie/main amd64 node-read-pkg all 5.2.0-2 [24.0 kB]
#7 13.39 Get:301 https://snapshot.debian.org/archive/debian/20260914T000000Z trixie/main amd64 node-uuid all 8.3.2+~8.3.4-1 [44.5 kB]
#7 13.39 Get:302 https://snapshot.debian.org/archive/debian/20260914T000000Z trixie/main amd64 node-isexe all 2.0.0+~2.0.1-5 [6084 B]
#7 13.39 Get:303 https://snapshot.debian.org/archive/debian/20260914T000000Z trixie/main amd64 node-which all 2.0.2+~cs1.3.2-3 [8368 B]
#7 13.40 Get:304 https://snapshot.debian.org/archive/debian/20260914T000000Z trixie/main amd64 node-is-typedarray all 1.0.0-4 [3292 B]
#7 13.40 Get:305 https://snapshot.debian.org/archive/debian/20260914T000000Z trixie/main amd64 node-typedarray-to-buffer all 4.0.0-2 [3380 B]
#7 13.40 Get:306 https://snapshot.debian.org/archive/debian/20260914T000000Z trixie/main amd64 node-write-file-atomic all 4.0.2+~4.0.0-2 [9308 B]
#7 13.40 Get:307 https://snapshot.debian.org/archive/debian/20260914T000000Z trixie/main amd64 node-slice-ansi all 5.0.0+~cs9.0.0-5 [8788 B]
#7 13.40 Get:308 https://snapshot.debian.org/archive/debian/20260914T000000Z trixie/main amd64 node-ansi-regex all 5.0.1-1 [4912 B]
#7 13.40 Get:309 https://snapshot.debian.org/archive/debian/20260914T000000Z trixie/main amd64 node-strip-ansi all 6.0.1-2 [4120 B]
#7 13.40 Get:310 https://snapshot.debian.org/archive/debian/20260914T000000Z trixie/main amd64 node-clone all 2.1.2+~2.1.2-1 [9140 B]
#7 13.40 Get:311 https://snapshot.debian.org/archive/debian/20260914T000000Z trixie/main amd64 node-defaults all 1.0.4+~1.0.3-1 [4400 B]
#7 13.40 Get:312 https://snapshot.debian.org/archive/debian/20260914T000000Z trixie/main amd64 node-wcwidth.js all 1.0.2-2 [7088 B]
#7 13.41 Get:313 https://snapshot.debian.org/archive/debian/20260914T000000Z trixie/main amd64 node-string-width all 4.2.3+~cs13.2.3-1 [10.7 kB]
#7 13.41 Get:314 https://snapshot.debian.org/archive/debian/20260914T000000Z trixie/main amd64 node-wrap-ansi all 8.0.1+~8.0.1-3 [11.8 kB]
#7 13.41 Get:315 https://snapshot.debian.org/archive/debian/20260914T000000Z trixie/main amd64 node-cliui all 7.0.4+repack+1+~cs1.4.2-2 [21.6 kB]
#7 13.41 Get:316 https://snapshot.debian.org/archive/debian/20260914T000000Z trixie/main amd64 node-get-caller-file all 2.0.5+~cs1.1.1-4 [5728 B]
#7 13.41 Get:317 https://snapshot.debian.org/archive/debian/20260914T000000Z trixie/main amd64 node-require-directory all 2.1.1+~2.1.2-1 [7092 B]
#7 13.41 Get:318 https://snapshot.debian.org/archive/debian/20260914T000000Z trixie/main amd64 node-y18n all 5.0.8+~5.0.0-3 [10.2 kB]
#7 13.41 Get:319 https://snapshot.debian.org/archive/debian/20260914T000000Z trixie/main amd64 node-camelcase all 7.0.0-3 [6032 B]
#7 13.41 Get:320 https://snapshot.debian.org/archive/debian/20260914T000000Z trixie/main amd64 node-yargs-parser all 21.1.1+~21.0.0-4 [28.4 kB]
#7 13.42 Get:321 https://snapshot.debian.org/archive/debian/20260914T000000Z trixie/main amd64 node-yargs all 16.2.0+~16.0.4-7 [128 kB]
#7 13.43 Get:322 https://snapshot.debian.org/archive/debian/20260914T000000Z trixie/main amd64 node-istanbul all 0.4.5+repack10+~cs98.25.59-3 [211 kB]
#7 13.44 Get:323 https://snapshot.debian.org/archive/debian/20260914T000000Z trixie/main amd64 node-through all 2.3.8+~cs0.0.30-1 [5452 B]
#7 13.44 Get:324 https://snapshot.debian.org/archive/debian/20260914T000000Z trixie/main amd64 node-resumer all 0.0.0-6 [4144 B]
#7 13.45 Get:325 https://snapshot.debian.org/archive/debian/20260914T000000Z trixie/main amd64 node-tape all 5.6.1+~cs8.20.19-3 [71.0 kB]
#7 13.45 Get:326 https://snapshot.debian.org/archive/debian/20260914T000000Z trixie/main amd64 node-deep-equal all 2.2.3+~cs43.15.94-1 [131 kB]
#7 13.46 Get:327 https://snapshot.debian.org/archive/debian/20260914T000000Z trixie/main amd64 libjs-util all 0.12.5+~1.0.10-1 [16.0 kB]
#7 13.46 Get:328 https://snapshot.debian.org/archive/debian/20260914T000000Z trixie/main amd64 libjsoncpp-dev amd64 1.9.6-3 [25.0 kB]
#7 13.46 Get:329 https://snapshot.debian.org/archive/debian/20260914T000000Z trixie/main amd64 libmbedcrypto16 amd64 3.6.6-0.1~deb13u1 [365 kB]
#7 13.49 Get:330 https://snapshot.debian.org/archive/debian/20260914T000000Z trixie/main amd64 libmbedx509-7 amd64 3.6.6-0.1~deb13u1 [155 kB]
#7 13.49 Get:331 https://snapshot.debian.org/archive/debian/20260914T000000Z trixie/main amd64 libmbedtls21 amd64 3.6.6-0.1~deb13u1 [246 kB]
#7 13.51 Get:332 https://snapshot.debian.org/archive/debian/20260914T000000Z trixie/main amd64 libmbedtls-dev amd64 3.6.6-0.1~deb13u1 [844 kB]
#7 13.58 Get:333 https://snapshot.debian.org/archive/debian/20260914T000000Z trixie/main amd64 libmnl0 amd64 1.0.5-3 [11.9 kB]
#7 13.58 Get:334 https://snapshot.debian.org/archive/debian/20260914T000000Z trixie/main amd64 libncurses6 amd64 6.5+20250216-2 [105 kB]
#7 13.58 Get:335 https://snapshot.debian.org/archive/debian/20260914T000000Z trixie/main amd64 libncurses-dev amd64 6.5+20250216-2 [353 kB]
#7 13.60 Get:336 https://snapshot.debian.org/archive/debian/20260914T000000Z trixie/main amd64 libnfnetlink0 amd64 1.0.2-3 [14.4 kB]
#7 13.61 Get:337 https://snapshot.debian.org/archive/debian/20260914T000000Z trixie/main amd64 libnetfilter-queue1 amd64 1.0.5-4+b1 [14.7 kB]
#7 13.61 Get:338 https://snapshot.debian.org/archive/debian/20260914T000000Z trixie/main amd64 libnfnetlink-dev amd64 1.0.2-3 [7940 B]
#7 13.61 Get:339 https://snapshot.debian.org/archive/debian/20260914T000000Z trixie/main amd64 pkg-config amd64 1.8.1-4 [14.0 kB]
#7 13.61 Get:340 https://snapshot.debian.org/archive/debian/20260914T000000Z trixie/main amd64 libnetfilter-queue-dev amd64 1.0.5-4+b1 [18.2 kB]
#7 13.61 Get:341 https://snapshot.debian.org/archive/debian/20260914T000000Z trixie/main amd64 libssl-dev amd64 3.5.7-1~deb13u2 [2965 kB]
#7 13.81 Get:342 https://snapshot.debian.org/archive/debian/20260914T000000Z trixie/main amd64 libuv1-dev amd64 1.50.0-2 [189 kB]
#7 13.83 Get:343 https://snapshot.debian.org/archive/debian/20260914T000000Z trixie/main amd64 libnode-dev amd64 20.19.2+dfsg-1+deb13u2 [537 kB]
#7 13.84 Get:344 https://snapshot.debian.org/archive/debian/20260914T000000Z trixie/main amd64 zlib1g-dev amd64 1:1.3.dfsg+really1.3.1-1+b1 [920 kB]
#7 13.86 Get:345 https://snapshot.debian.org/archive/debian/20260914T000000Z trixie/main amd64 libprotobuf32t64 amd64 3.21.12-11+deb13u1 [981 kB]
#7 13.90 Get:346 https://snapshot.debian.org/archive/debian/20260914T000000Z trixie/main amd64 libprotobuf-lite32t64 amd64 3.21.12-11+deb13u1 [275 kB]
#7 13.90 Get:347 https://snapshot.debian.org/archive/debian/20260914T000000Z trixie/main amd64 libprotobuf-dev amd64 3.21.12-11+deb13u1 [1329 kB]
#7 13.95 Get:348 https://snapshot.debian.org/archive/debian/20260914T000000Z trixie/main amd64 libprotoc32t64 amd64 3.21.12-11+deb13u1 [922 kB]
#7 14.01 Get:349 https://snapshot.debian.org/archive/debian/20260914T000000Z trixie/main amd64 libreadline-dev amd64 8.2-6 [153 kB]
#7 14.02 Get:350 https://snapshot.debian.org/archive/debian/20260914T000000Z trixie/main amd64 node-agent-base all 7.1.1~0~2024040606-6+deb13u1 [11.6 kB]
#7 14.02 Get:351 https://snapshot.debian.org/archive/debian/20260914T000000Z trixie/main amd64 node-ajv-keywords all 5.1.0-4 [32.3 kB]
#7 14.02 Get:352 https://snapshot.debian.org/archive/debian/20260914T000000Z trixie/main amd64 node-ansi-escapes all 5.0.0+really.4.3.1-1 [8896 B]
#7 14.02 Get:353 https://snapshot.debian.org/archive/debian/20260914T000000Z trixie/main amd64 node-aproba all 2.0.0-3 [5844 B]
#7 14.02 Get:354 https://snapshot.debian.org/archive/debian/20260914T000000Z trixie/main amd64 node-delegates all 1.0.0-3 [4528 B]
#7 14.02 Get:355 https://snapshot.debian.org/archive/debian/20260914T000000Z trixie/main amd64 node-are-we-there-yet all 3.0.1+~1.1.0-1 [10.0 kB]
#7 14.03 Get:356 https://snapshot.debian.org/archive/debian/20260914T000000Z trixie/main amd64 node-async-each all 1.0.3-3 [4292 B]
#7 14.03 Get:357 https://snapshot.debian.org/archive/debian/20260914T000000Z trixie/main amd64 node-babel-plugin-lodash all 3.3.4+~cs2.0.1-7 [11.0 kB]
#7 14.03 Get:358 https://snapshot.debian.org/archive/debian/20260914T000000Z trixie/main amd64 node-base64-js all 1.5.1+dfsg+~1.3.0-2 [7140 B]
#7 14.03 Get:359 https://snapshot.debian.org/archive/debian/20260914T000000Z trixie/main amd64 node-binary-extensions all 2.2.0-2 [4408 B]
#7 14.03 Get:360 https://snapshot.debian.org/archive/debian/20260914T000000Z trixie/main amd64 node-builtins all 5.0.1-1 [4072 B]
#7 14.03 Get:361 https://snapshot.debian.org/archive/debian/20260914T000000Z trixie/main amd64 node-chownr all 2.0.0-3 [4312 B]
#7 14.03 Get:362 https://snapshot.debian.org/archive/debian/20260914T000000Z trixie/main amd64 node-iconv-lite all 0.6.3-3 [115 kB]
#7 14.04 Get:363 https://snapshot.debian.org/archive/debian/20260914T000000Z trixie/main amd64 node-encoding all 0.1.13-2 [4400 B]
#7 14.04 Get:364 https://snapshot.debian.org/archive/debian/20260914T000000Z trixie/main amd64 node-jsonparse all 1.3.1-10 [8020 B]
#7 14.04 Get:365 https://snapshot.debian.org/archive/debian/20260914T000000Z trixie/main amd64 node-yallist all 4.0.0+~4.0.1-1 [8172 B]
#7 14.05 Get:366 https://snapshot.debian.org/archive/debian/20260914T000000Z trixie/main amd64 node-minipass all 5.0.0+~cs10.3.21-3 [46.9 kB]
#7 14.05 Get:367 https://snapshot.debian.org/archive/debian/20260914T000000Z trixie/main amd64 node-iferr all 1.0.2+~1.0.2-1 [4588 B]
#7 14.05 Get:368 https://snapshot.debian.org/archive/debian/20260914T000000Z trixie/main amd64 node-fs-write-stream-atomic all 1.0.10-6 [5316 B]
#7 14.05 Get:369 https://snapshot.debian.org/archive/debian/20260914T000000Z trixie/main amd64 node-run-queue all 2.0.0-3 [5156 B]
#7 14.05 Get:370 https://snapshot.debian.org/archive/debian/20260914T000000Z trixie/main amd64 node-copy-concurrently all 1.0.5-9 [7100 B]
#7 14.05 Get:371 https://snapshot.debian.org/archive/debian/20260914T000000Z trixie/main amd64 node-move-concurrently all 1.0.1-5 [5152 B]
#7 14.05 Get:372 https://snapshot.debian.org/archive/debian/20260914T000000Z trixie/main amd64 node-promise-inflight all 1.0.1+~1.0.0-1 [4864 B]
#7 14.05 Get:373 https://snapshot.debian.org/archive/debian/20260914T000000Z trixie/main amd64 node-ssri all 9.0.1-3 [18.1 kB]
#7 14.05 Get:374 https://snapshot.debian.org/archive/debian/20260914T000000Z trixie/main amd64 node-unique-filename all 1.1.1+ds-2 [4032 B]
#7 14.05 Get:375 https://snapshot.debian.org/archive/debian/20260914T000000Z trixie/main amd64 node-cacache all 17.0.3+~cs10.3.7-2 [45.2 kB]
#7 14.06 Get:376 https://snapshot.debian.org/archive/debian/20260914T000000Z trixie/main amd64 node-is-binary-path all 2.1.0-5 [3684 B]
#7 14.06 Get:377 https://snapshot.debian.org/archive/debian/20260914T000000Z trixie/main amd64 node-path-is-absolute all 2.0.0-2 [4068 B]
#7 14.06 Get:378 https://snapshot.debian.org/archive/debian/20260914T000000Z trixie/main amd64 node-set-immediate-shim all 2.0.0-2 [3740 B]
#7 14.06 Get:379 https://snapshot.debian.org/archive/debian/20260914T000000Z trixie/main amd64 node-readdirp all 3.6.0-1 [11.5 kB]
#7 14.06 Get:380 https://snapshot.debian.org/archive/debian/20260914T000000Z trixie/main amd64 node-chokidar all 3.6.0-3 [32.4 kB]
#7 14.06 Get:381 https://snapshot.debian.org/archive/debian/20260914T000000Z trixie/main amd64 node-tslib all 2.4.1-1 [19.5 kB]
#7 14.07 Get:382 https://snapshot.debian.org/archive/debian/20260914T000000Z trixie/main amd64 node-chrome-trace-event all 1.0.3-2 [6984 B]
#7 14.07 Get:383 https://snapshot.debian.org/archive/debian/20260914T000000Z trixie/main amd64 node-ci-info all 4.0.0+~cs1.1.0-1 [12.5 kB]
#7 14.07 Get:384 https://snapshot.debian.org/archive/debian/20260914T000000Z trixie/main amd64 node-colors all 1.4.0-4 [11.9 kB]
#7 14.07 Get:385 https://snapshot.debian.org/archive/debian/20260914T000000Z trixie/main amd64 node-cli-table all 0.3.11+~cs0.13.4-3 [23.6 kB]
#7 14.07 Get:386 https://snapshot.debian.org/archive/debian/20260914T000000Z trixie/main amd64 node-columnify all 1.6.0+~1.5.1-1 [12.4 kB]
#7 14.07 Get:387 https://snapshot.debian.org/archive/debian/20260914T000000Z trixie/main amd64 node-console-control-strings all 1.1.0-3 [5564 B]
#7 14.07 Get:388 https://snapshot.debian.org/archive/debian/20260914T000000Z trixie/main amd64 node-css-selector-tokenizer all 0.8.0+~cs4.8.3-1 [13.0 kB]
#7 14.07 Get:389 https://snapshot.debian.org/archive/debian/20260914T000000Z trixie/main amd64 node-postcss all 8.4.49+~cs9.2.32-1 [189 kB]
#7 14.09 Get:390 https://snapshot.debian.org/archive/debian/20260914T000000Z trixie/main amd64 node-icss-utils all 5.1.0+~5.1.0-1 [7564 B]
#7 14.09 Get:391 https://snapshot.debian.org/archive/debian/20260914T000000Z trixie/main amd64 node-postcss-modules-extract-imports all 3.0.0-2 [6584 B]
#7 14.09 Get:392 https://snapshot.debian.org/archive/debian/20260914T000000Z trixie/main amd64 node-postcss-modules-values all 4.0.0+~4.0.0-1 [7180 B]
#7 14.09 Get:393 https://snapshot.debian.org/archive/debian/20260914T000000Z trixie/main amd64 node-postcss-value-parser all 4.2.0-1 [10.4 kB]
#7 14.09 Get:394 https://snapshot.debian.org/archive/debian/20260914T000000Z trixie/main amd64 node-prr all 1.0.1-3 [4352 B]
#7 14.09 Get:395 https://snapshot.debian.org/archive/debian/20260914T000000Z trixie/main amd64 node-errno all 1.0.0-3 [7736 B]
#7 14.09 Get:396 https://snapshot.debian.org/archive/debian/20260914T000000Z trixie/main amd64 node-memory-fs all 0.5.0+~0.3.3-2 [7676 B]
#7 14.09 Get:397 https://snapshot.debian.org/archive/debian/20260914T000000Z trixie/main amd64 node-tapable all 2.2.1-3 [13.5 kB]
#7 14.09 Get:398 https://snapshot.debian.org/archive/debian/20260914T000000Z trixie/main amd64 node-enhanced-resolve all 5.15.0-1 [36.4 kB]
#7 14.10 Get:399 https://snapshot.debian.org/archive/debian/20260914T000000Z trixie/main amd64 node-es-module-lexer all 1.1.0+dfsg-3 [19.8 kB]
#7 14.10 Get:400 https://snapshot.debian.org/archive/debian/20260914T000000Z trixie/main amd64 node-events all 3.3.0+~3.0.0-3 [5888 B]
#7 14.10 Get:401 https://snapshot.debian.org/archive/debian/20260914T000000Z trixie/main amd64 node-resolve-cwd all 3.0.0-2 [4212 B]
#7 14.10 Get:402 https://snapshot.debian.org/archive/debian/20260914T000000Z trixie/main amd64 node-jest-debbundle all 29.6.2~ds1+~cs73.45.28-5 [135 kB]
#7 14.11 Get:403 https://snapshot.debian.org/archive/debian/20260914T000000Z trixie/main amd64 node-interpret all 2.2.0-3 [7660 B]
#7 14.11 Get:404 https://snapshot.debian.org/archive/debian/20260914T000000Z trixie/main amd64 node-merge-stream all 2.0.0+~1.1.2-2 [5124 B]
#7 14.11 Get:405 https://snapshot.debian.org/archive/debian/20260914T000000Z trixie/main amd64 node-jest-worker all 29.6.2~ds1+~cs73.45.28-5 [116 kB]
#7 14.12 Get:406 https://snapshot.debian.org/archive/debian/20260914T000000Z trixie/main amd64 node-loader-runner all 4.3.0-1 [7644 B]
#7 14.12 Get:407 https://snapshot.debian.org/archive/debian/20260914T000000Z trixie/main amd64 node-mime all 3.0.0+dfsg+~cs6.97.2-2 [40.3 kB]
#7 14.12 Get:408 https://snapshot.debian.org/archive/debian/20260914T000000Z trixie/main amd64 node-mime-types all 2.1.35-2 [8752 B]
#7 14.12 Get:409 https://snapshot.debian.org/archive/debian/20260914T000000Z trixie/main amd64 node-rechoir all 0.8.0+~0.6.1-2 [6628 B]
#7 14.13 Get:410 https://snapshot.debian.org/archive/debian/20260914T000000Z trixie/main amd64 node-schema-utils all 4.2.0~ds-3 [22.0 kB]
#7 14.13 Get:411 https://snapshot.debian.org/archive/debian/20260914T000000Z trixie/main amd64 node-randombytes all 2.1.0+~2.0.0-2 [4852 B]
#7 14.13 Get:412 https://snapshot.debian.org/archive/debian/20260914T000000Z trixie/main amd64 node-serialize-javascript all 6.0.2-1 [13.0 kB]
#7 14.13 Get:413 https://snapshot.debian.org/archive/debian/20260914T000000Z trixie/main amd64 node-watchpack all 2.4.0+~cs2.8.1-1 [20.2 kB]
#7 14.13 Get:414 https://snapshot.debian.org/archive/debian/20260914T000000Z trixie/main amd64 node-webassemblyjs all 1.11.4+dfsg+~cs10.11.17-2 [139 kB]
#7 14.14 Get:415 https://snapshot.debian.org/archive/debian/20260914T000000Z trixie/main amd64 node-source-list-map all 2.0.1+dfsg+~0.1.2-1 [10.1 kB]
#7 14.14 Get:416 https://snapshot.debian.org/archive/debian/20260914T000000Z trixie/main amd64 node-webpack-sources all 3.2.3+~3.2.0-2 [23.2 kB]
#7 14.14 Get:417 https://snapshot.debian.org/archive/debian/20260914T000000Z trixie/main amd64 node-terser all 5.38.0-1 [220 kB]
#7 14.16 Get:418 https://snapshot.debian.org/archive/debian/20260914T000000Z trixie/main amd64 terser all 5.38.0-1 [19.4 kB]
#7 14.16 Get:419 https://snapshot.debian.org/archive/debian/20260914T000000Z trixie/main amd64 node-get-stream all 8.0.1-11 [11.6 kB]
#7 14.16 Get:420 https://snapshot.debian.org/archive/debian/20260914T000000Z trixie/main amd64 node-mimic-fn all 4.0.0-5 [5492 B]
#7 14.16 Get:421 https://snapshot.debian.org/archive/debian/20260914T000000Z trixie/main amd64 node-strip-eof all 3.0.0-5 [4656 B]
#7 14.16 Get:422 https://snapshot.debian.org/archive/debian/20260914T000000Z trixie/main amd64 node-execa all 8.0.1+dfsg1+~cs12.0.0-1 [43.9 kB]
#7 14.16 Get:423 https://snapshot.debian.org/archive/debian/20260914T000000Z trixie/main amd64 node-envinfo all 7.11.0+~cs14.3.0-3 [32.6 kB]
#7 14.16 Get:424 https://snapshot.debian.org/archive/debian/20260914T000000Z trixie/main amd64 webpack all 5.97.1+dfsg1+~cs11.18.27-3 [810 kB]
#7 14.22 Get:425 https://snapshot.debian.org/archive/debian/20260914T000000Z trixie/main amd64 node-css-loader all 6.8.1+~cs14.0.17-1 [74.5 kB]
#7 14.23 Get:426 https://snapshot.debian.org/archive/debian/20260914T000000Z trixie/main amd64 node-data-uri-to-buffer all 6.0.2~0~2024040606-6+deb13u1 [9180 B]
#7 14.23 Get:427 https://snapshot.debian.org/archive/debian/20260914T000000Z trixie/main amd64 node-mimic-response all 3.1.0-9 [5424 B]
#7 14.23 Get:428 https://snapshot.debian.org/archive/debian/20260914T000000Z trixie/main amd64 node-decompress-response all 6.0.0-3 [4656 B]
#7 14.23 Get:429 https://snapshot.debian.org/archive/debian/20260914T000000Z trixie/main amd64 node-depd all 2.0.0-2 [11.2 kB]
#7 14.23 Get:430 https://snapshot.debian.org/archive/debian/20260914T000000Z trixie/main amd64 node-diff all 5.0.0~dfsg+~5.0.1-4 [69.7 kB]
#7 14.23 Get:431 https://snapshot.debian.org/archive/debian/20260914T000000Z trixie/main amd64 node-err-code all 2.0.3+dfsg-3 [4884 B]
#7 14.23 Get:432 https://snapshot.debian.org/archive/debian/20260914T000000Z trixie/main amd64 node-time-stamp all 2.2.0-2 [6016 B]
#7 14.23 Get:433 https://snapshot.debian.org/archive/debian/20260914T000000Z trixie/main amd64 node-fancy-log all 1.3.3+~cs1.3.1-2 [7940 B]
#7 14.23 Get:434 https://snapshot.debian.org/archive/debian/20260914T000000Z trixie/main amd64 node-fetch all 3.3.2+~cs11.4.11-3 [213 kB]
#7 14.24 Get:435 https://snapshot.debian.org/archive/debian/20260914T000000Z trixie/main amd64 node-has-unicode all 2.0.1-5 [3992 B]
#7 14.24 Get:436 https://snapshot.debian.org/archive/debian/20260914T000000Z trixie/main amd64 node-wide-align all 1.1.3-4 [4244 B]
#7 14.24 Get:437 https://snapshot.debian.org/archive/debian/20260914T000000Z trixie/main amd64 node-gauge all 4.0.4-2 [19.7 kB]
#7 14.24 Get:438 https://snapshot.debian.org/archive/debian/20260914T000000Z trixie/main amd64 node-lowercase-keys all 2.0.0-2 [3768 B]
#7 14.24 Get:439 https://snapshot.debian.org/archive/debian/20260914T000000Z trixie/main amd64 node-json-buffer all 3.0.1+~3.0.0-1 [4536 B]
#7 14.24 Get:440 https://snapshot.debian.org/archive/debian/20260914T000000Z trixie/main amd64 node-p-cancelable all 2.1.1-1 [7272 B]
#7 14.25 Get:441 https://snapshot.debian.org/archive/debian/20260914T000000Z trixie/main amd64 node-got all 11.8.5+~cs58.13.36-5 [121 kB]
#7 14.25 Get:442 https://snapshot.debian.org/archive/debian/20260914T000000Z trixie/main amd64 node-https-proxy-agent all 7.0.4~0~2024040606-6+deb13u1 [13.7 kB]
#7 14.25 Get:443 https://snapshot.debian.org/archive/debian/20260914T000000Z trixie/main amd64 node-set-blocking all 2.0.0-2 [4248 B]
#7 14.26 Get:444 https://snapshot.debian.org/archive/debian/20260914T000000Z trixie/main amd64 node-npmlog all 7.0.1+~4.1.4-1 [11.4 kB]
#7 14.26 Get:445 https://snapshot.debian.org/archive/debian/20260914T000000Z trixie/main amd64 node-osenv all 0.1.5+~0.1.1-1 [5884 B]
#7 14.26 Get:446 https://snapshot.debian.org/archive/debian/20260914T000000Z trixie/main amd64 node-tar all 6.2.1+~cs7.0.8-1+deb13u1 [52.7 kB]
#7 14.26 Get:447 https://snapshot.debian.org/archive/debian/20260914T000000Z trixie/main amd64 node-gyp all 11.1.0+~5.0.0-1 [67.6 kB]
#7 14.27 Get:448 https://snapshot.debian.org/archive/debian/20260914T000000Z trixie/main amd64 node-http-proxy-agent all 7.0.2~0~2024040606-6+deb13u1 [10.8 kB]
#7 14.27 Get:449 https://snapshot.debian.org/archive/debian/20260914T000000Z trixie/main amd64 node-ieee754 all 1.2.1-3 [5268 B]
#7 14.27 Get:450 https://snapshot.debian.org/archive/debian/20260914T000000Z trixie/main amd64 node-ini all 3.0.1-2 [6928 B]
#7 14.27 Get:451 https://snapshot.debian.org/archive/debian/20260914T000000Z trixie/main amd64 node-ip all 2.0.1+~1.1.3-3 [8616 B]
#7 14.27 Get:452 https://snapshot.debian.org/archive/debian/20260914T000000Z trixie/main amd64 node-ip-regex all 4.3.0+~4.1.1-1 [5188 B]
#7 14.27 Get:453 https://snapshot.debian.org/archive/debian/20260914T000000Z trixie/main amd64 node-mute-stream all 0.0.8+~0.0.1-3 [6232 B]
#7 14.27 Get:454 https://snapshot.debian.org/archive/debian/20260914T000000Z trixie/main amd64 node-negotiator all 0.6.3+~0.6.1-1 [10.8 kB]
#7 14.27 Get:455 https://snapshot.debian.org/archive/debian/20260914T000000Z trixie/main amd64 node-read-package-json all 5.0.2+~2.0.0-2 [11.6 kB]
#7 14.27 Get:456 https://snapshot.debian.org/archive/debian/20260914T000000Z trixie/main amd64 node-npm-bundled all 2.0.1-2 [6408 B]
#7 14.28 Get:457 https://snapshot.debian.org/archive/debian/20260914T000000Z trixie/main amd64 node-validate-npm-package-name all 5.0.0+~4.0.0-1 [7444 B]
#7 14.28 Get:458 https://snapshot.debian.org/archive/debian/20260914T000000Z trixie/main amd64 node-npm-package-arg all 10.0.0+~3.0.0-2 [11.4 kB]
#7 14.28 Get:459 https://snapshot.debian.org/archive/debian/20260914T000000Z trixie/main amd64 node-retry all 0.13.1.+~cs2.19.16-1 [14.2 kB]
#7 14.28 Get:460 https://snapshot.debian.org/archive/debian/20260914T000000Z trixie/main amd64 node-promise-retry all 2.0.1-4 [5016 B]
#7 14.28 Get:461 https://snapshot.debian.org/archive/debian/20260914T000000Z trixie/main amd64 node-read all 1.0.7-5 [5388 B]
#7 14.28 Get:462 https://snapshot.debian.org/archive/debian/20260914T000000Z trixie/main amd64 node-promzard all 0.3.0-2 [6788 B]
#7 14.28 Get:463 https://snapshot.debian.org/archive/debian/20260914T000000Z trixie/main amd64 node-text-table all 0.2.0-4 [4736 B]
#7 14.28 Get:464 https://snapshot.debian.org/archive/debian/20260914T000000Z trixie/main amd64 npm all 9.2.0~ds1-3 [669 kB]
#7 14.32 Get:465 https://snapshot.debian.org/archive/debian/20260914T000000Z trixie/main amd64 openssl amd64 3.5.7-1~deb13u2 [1507 kB]
#7 14.42 Get:466 https://snapshot.debian.org/archive/debian/20260914T000000Z trixie/main amd64 protobuf-compiler amd64 3.21.12-11+deb13u1 [85.0 kB]
#7 19.82 Preconfiguring packages ...
#7 19.85 Fetched 149 MB in 11s (13.7 MB/s)
#7 19.88 (Reading database ... 
(Reading database ... 5%
(Reading database ... 10%
(Reading database ... 15%
(Reading database ... 20%
(Reading database ... 25%
(Reading database ... 30%
(Reading database ... 35%
(Reading database ... 40%
(Reading database ... 45%
(Reading database ... 50%
(Reading database ... 55%
(Reading database ... 60%
(Reading database ... 65%
(Reading database ... 70%
(Reading database ... 75%
(Reading database ... 80%
(Reading database ... 85%
(Reading database ... 90%
(Reading database ... 95%
(Reading database ... 100%
(Reading database ... 13748 files and directories currently installed.)
#7 19.89 Preparing to unpack .../libc6_2.41-12+deb13u4_amd64.deb ...
#7 19.96 Unpacking libc6:amd64 (2.41-12+deb13u4) over (2.41-12+deb13u3) ...
#7 20.55 Setting up libc6:amd64 (2.41-12+deb13u4) ...
#7 20.63 (Reading database ... 
(Reading database ... 5%
(Reading database ... 10%
(Reading database ... 15%
(Reading database ... 20%
(Reading database ... 25%
(Reading database ... 30%
(Reading database ... 35%
(Reading database ... 40%
(Reading database ... 45%
(Reading database ... 50%
(Reading database ... 55%
(Reading database ... 60%
(Reading database ... 65%
(Reading database ... 70%
(Reading database ... 75%
(Reading database ... 80%
(Reading database ... 85%
(Reading database ... 90%
(Reading database ... 95%
(Reading database ... 100%
(Reading database ... 13748 files and directories currently installed.)
#7 20.64 Preparing to unpack .../libc-bin_2.41-12+deb13u4_amd64.deb ...
#7 20.65 Unpacking libc-bin (2.41-12+deb13u4) over (2.41-12+deb13u3) ...
#7 20.74 Setting up libc-bin (2.41-12+deb13u4) ...
#7 20.79 (Reading database ... 
(Reading database ... 5%
(Reading database ... 10%
(Reading database ... 15%
(Reading database ... 20%
(Reading database ... 25%
(Reading database ... 30%
(Reading database ... 35%
(Reading database ... 40%
(Reading database ... 45%
(Reading database ... 50%
(Reading database ... 55%
(Reading database ... 60%
(Reading database ... 65%
(Reading database ... 70%
(Reading database ... 75%
(Reading database ... 80%
(Reading database ... 85%
(Reading database ... 90%
(Reading database ... 95%
(Reading database ... 100%
(Reading database ... 13748 files and directories currently installed.)
#7 20.80 Preparing to unpack .../openssl-provider-legacy_3.5.7-1~deb13u2_amd64.deb ...
#7 20.80 Unpacking openssl-provider-legacy (3.5.7-1~deb13u2) over (3.5.6-1~deb13u2) ...
#7 20.83 Setting up openssl-provider-legacy (3.5.7-1~deb13u2) ...
#7 20.86 (Reading database ... 
(Reading database ... 5%
(Reading database ... 10%
(Reading database ... 15%
(Reading database ... 20%
(Reading database ... 25%
(Reading database ... 30%
(Reading database ... 35%
(Reading database ... 40%
(Reading database ... 45%
(Reading database ... 50%
(Reading database ... 55%
(Reading database ... 60%
(Reading database ... 65%
(Reading database ... 70%
(Reading database ... 75%
(Reading database ... 80%
(Reading database ... 85%
(Reading database ... 90%
(Reading database ... 95%
(Reading database ... 100%
(Reading database ... 13748 files and directories currently installed.)
#7 20.87 Preparing to unpack .../libssl3t64_3.5.7-1~deb13u2_amd64.deb ...
#7 20.88 Unpacking libssl3t64:amd64 (3.5.7-1~deb13u2) over (3.5.6-1~deb13u2) ...
#7 20.98 Setting up libssl3t64:amd64 (3.5.7-1~deb13u2) ...
#7 21.01 Selecting previously unselected package libpython3.13-minimal:amd64.
#7 21.01 (Reading database ... 
(Reading database ... 5%
(Reading database ... 10%
(Reading database ... 15%
(Reading database ... 20%
(Reading database ... 25%
(Reading database ... 30%
(Reading database ... 35%
(Reading database ... 40%
(Reading database ... 45%
(Reading database ... 50%
(Reading database ... 55%
(Reading database ... 60%
(Reading database ... 65%
(Reading database ... 70%
(Reading database ... 75%
(Reading database ... 80%
(Reading database ... 85%
(Reading database ... 90%
(Reading database ... 95%
(Reading database ... 100%
(Reading database ... 13748 files and directories currently installed.)
#7 21.02 Preparing to unpack .../libpython3.13-minimal_3.13.5-2+deb13u5_amd64.deb ...
#7 21.02 Unpacking libpython3.13-minimal:amd64 (3.13.5-2+deb13u5) ...
#7 21.10 Selecting previously unselected package python3.13-minimal.
#7 21.10 Preparing to unpack .../python3.13-minimal_3.13.5-2+deb13u5_amd64.deb ...
#7 21.10 Unpacking python3.13-minimal (3.13.5-2+deb13u5) ...
#7 21.19 Setting up libpython3.13-minimal:amd64 (3.13.5-2+deb13u5) ...
#7 21.20 Setting up python3.13-minimal (3.13.5-2+deb13u5) ...
#7 21.63 Selecting previously unselected package python3-minimal.
#7 21.63 (Reading database ... 
(Reading database ... 5%
(Reading database ... 10%
(Reading database ... 15%
(Reading database ... 20%
(Reading database ... 25%
(Reading database ... 30%
(Reading database ... 35%
(Reading database ... 40%
(Reading database ... 45%
(Reading database ... 50%
(Reading database ... 55%
(Reading database ... 60%
(Reading database ... 65%
(Reading database ... 70%
(Reading database ... 75%
(Reading database ... 80%
(Reading database ... 85%
(Reading database ... 90%
(Reading database ... 95%
(Reading database ... 100%
(Reading database ... 14073 files and directories currently installed.)
#7 21.64 Preparing to unpack .../0-python3-minimal_3.13.5-1_amd64.deb ...
#7 21.64 Unpacking python3-minimal (3.13.5-1) ...
#7 21.66 Selecting previously unselected package media-types.
#7 21.66 Preparing to unpack .../1-media-types_13.0.0_all.deb ...
#7 21.67 Unpacking media-types (13.0.0) ...
#7 21.69 Selecting previously unselected package netbase.
#7 21.69 Preparing to unpack .../2-netbase_6.5_all.deb ...
#7 21.69 Unpacking netbase (6.5) ...
#7 21.72 Selecting previously unselected package readline-common.
#7 21.72 Preparing to unpack .../3-readline-common_8.2-6_all.deb ...
#7 21.72 Unpacking readline-common (8.2-6) ...
#7 21.75 Selecting previously unselected package libreadline8t64:amd64.
#7 21.75 Preparing to unpack .../4-libreadline8t64_8.2-6_amd64.deb ...
#7 21.76 Adding 'diversion of /lib/x86_64-linux-gnu/libhistory.so.8 to /lib/x86_64-linux-gnu/libhistory.so.8.usr-is-merged by libreadline8t64'
#7 21.76 Adding 'diversion of /lib/x86_64-linux-gnu/libhistory.so.8.2 to /lib/x86_64-linux-gnu/libhistory.so.8.2.usr-is-merged by libreadline8t64'
#7 21.77 Adding 'diversion of /lib/x86_64-linux-gnu/libreadline.so.8 to /lib/x86_64-linux-gnu/libreadline.so.8.usr-is-merged by libreadline8t64'
#7 21.77 Adding 'diversion of /lib/x86_64-linux-gnu/libreadline.so.8.2 to /lib/x86_64-linux-gnu/libreadline.so.8.2.usr-is-merged by libreadline8t64'
#7 21.77 Unpacking libreadline8t64:amd64 (8.2-6) ...
#7 21.80 Selecting previously unselected package libpython3.13-stdlib:amd64.
#7 21.80 Preparing to unpack .../5-libpython3.13-stdlib_3.13.5-2+deb13u5_amd64.deb ...
#7 21.81 Unpacking libpython3.13-stdlib:amd64 (3.13.5-2+deb13u5) ...
#7 21.91 Selecting previously unselected package python3.13.
#7 21.91 Preparing to unpack .../6-python3.13_3.13.5-2+deb13u5_amd64.deb ...
#7 21.91 Unpacking python3.13 (3.13.5-2+deb13u5) ...
#7 21.94 Selecting previously unselected package libpython3-stdlib:amd64.
#7 21.94 Preparing to unpack .../7-libpython3-stdlib_3.13.5-1_amd64.deb ...
#7 21.94 Unpacking libpython3-stdlib:amd64 (3.13.5-1) ...
#7 21.96 Setting up python3-minimal (3.13.5-1) ...
#7 22.07 Selecting previously unselected package python3.
#7 22.07 (Reading database ... 
(Reading database ... 5%
(Reading database ... 10%
(Reading database ... 15%
(Reading database ... 20%
(Reading database ... 25%
(Reading database ... 30%
(Reading database ... 35%
(Reading database ... 40%
(Reading database ... 45%
(Reading database ... 50%
(Reading database ... 55%
(Reading database ... 60%
(Reading database ... 65%
(Reading database ... 70%
(Reading database ... 75%
(Reading database ... 80%
(Reading database ... 85%
(Reading database ... 90%
(Reading database ... 95%
(Reading database ... 100%
(Reading database ... 14566 files and directories currently installed.)
#7 22.08 Preparing to unpack .../python3_3.13.5-1_amd64.deb ...
#7 22.09 Unpacking python3 (3.13.5-1) ...
#7 22.11 Preparing to unpack .../libcap2_1%3a2.75-10+deb13u1+b3_amd64.deb ...
#7 22.12 Unpacking libcap2:amd64 (1:2.75-10+deb13u1+b3) over (1:2.75-10+deb13u1+b1) ...
#7 22.15 Setting up libcap2:amd64 (1:2.75-10+deb13u1+b3) ...
#7 22.25 Selecting previously unselected package bzip2.
#7 22.25 (Reading database ... 
(Reading database ... 5%
(Reading database ... 10%
(Reading database ... 15%
(Reading database ... 20%
(Reading database ... 25%
(Reading database ... 30%
(Reading database ... 35%
(Reading database ... 40%
(Reading database ... 45%
(Reading database ... 50%
(Reading database ... 55%
(Reading database ... 60%
(Reading database ... 65%
(Reading database ... 70%
(Reading database ... 75%
(Reading database ... 80%
(Reading database ... 85%
(Reading database ... 90%
(Reading database ... 95%
(Reading database ... 100%
(Reading database ... 14587 files and directories currently installed.)
#7 22.26 Preparing to unpack .../000-bzip2_1.0.8-6_amd64.deb ...
#7 22.26 Unpacking bzip2 (1.0.8-6) ...
#7 22.28 Selecting previously unselected package xz-utils.
#7 22.29 Preparing to unpack .../001-xz-utils_5.8.1-1+deb13u1_amd64.deb ...
#7 22.29 Unpacking xz-utils (5.8.1-1+deb13u1) ...
#7 22.32 Selecting previously unselected package libsframe1:amd64.
#7 22.32 Preparing to unpack .../002-libsframe1_2.44-3_amd64.deb ...
#7 22.33 Unpacking libsframe1:amd64 (2.44-3) ...
#7 22.35 Selecting previously unselected package binutils-common:amd64.
#7 22.36 Preparing to unpack .../003-binutils-common_2.44-3_amd64.deb ...
#7 22.36 Unpacking binutils-common:amd64 (2.44-3) ...
#7 22.46 Selecting previously unselected package libbinutils:amd64.
#7 22.46 Preparing to unpack .../004-libbinutils_2.44-3_amd64.deb ...
#7 22.46 Unpacking libbinutils:amd64 (2.44-3) ...
#7 22.50 Selecting previously unselected package libgprofng0:amd64.
#7 22.50 Preparing to unpack .../005-libgprofng0_2.44-3_amd64.deb ...
#7 22.51 Unpacking libgprofng0:amd64 (2.44-3) ...
#7 22.56 Selecting previously unselected package libctf-nobfd0:amd64.
#7 22.56 Preparing to unpack .../006-libctf-nobfd0_2.44-3_amd64.deb ...
#7 22.56 Unpacking libctf-nobfd0:amd64 (2.44-3) ...
#7 22.59 Selecting previously unselected package libctf0:amd64.
#7 22.59 Preparing to unpack .../007-libctf0_2.44-3_amd64.deb ...
#7 22.59 Unpacking libctf0:amd64 (2.44-3) ...
#7 22.62 Selecting previously unselected package libjansson4:amd64.
#7 22.62 Preparing to unpack .../008-libjansson4_2.14-2+b3_amd64.deb ...
#7 22.62 Unpacking libjansson4:amd64 (2.14-2+b3) ...
#7 22.64 Selecting previously unselected package binutils-x86-64-linux-gnu.
#7 22.64 Preparing to unpack .../009-binutils-x86-64-linux-gnu_2.44-3_amd64.deb ...
#7 22.64 Unpacking binutils-x86-64-linux-gnu (2.44-3) ...
#7 22.72 Selecting previously unselected package binutils.
#7 22.72 Preparing to unpack .../010-binutils_2.44-3_amd64.deb ...
#7 22.72 Unpacking binutils (2.44-3) ...
#7 22.75 Selecting previously unselected package libc-dev-bin.
#7 22.75 Preparing to unpack .../011-libc-dev-bin_2.41-12+deb13u4_amd64.deb ...
#7 22.76 Unpacking libc-dev-bin (2.41-12+deb13u4) ...
#7 22.78 Selecting previously unselected package linux-libc-dev.
#7 22.78 Preparing to unpack .../012-linux-libc-dev_6.12.107-1_all.deb ...
#7 22.79 Unpacking linux-libc-dev (6.12.107-1) ...
#7 23.07 Selecting previously unselected package libcrypt-dev:amd64.
#7 23.07 Preparing to unpack .../013-libcrypt-dev_1%3a4.4.38-1_amd64.deb ...
#7 23.08 Unpacking libcrypt-dev:amd64 (1:4.4.38-1) ...
#7 23.10 Selecting previously unselected package rpcsvc-proto.
#7 23.10 Preparing to unpack .../014-rpcsvc-proto_1.4.3-1_amd64.deb ...
#7 23.11 Unpacking rpcsvc-proto (1.4.3-1) ...
#7 23.13 Selecting previously unselected package libc6-dev:amd64.
#7 23.13 Preparing to unpack .../015-libc6-dev_2.41-12+deb13u4_amd64.deb ...
#7 23.14 Unpacking libc6-dev:amd64 (2.41-12+deb13u4) ...
#7 23.25 Selecting previously unselected package libisl23:amd64.
#7 23.25 Preparing to unpack .../016-libisl23_0.27-1_amd64.deb ...
#7 23.25 Unpacking libisl23:amd64 (0.27-1) ...
#7 23.30 Selecting previously unselected package libmpfr6:amd64.
#7 23.30 Preparing to unpack .../017-libmpfr6_4.2.2-1_amd64.deb ...
#7 23.30 Unpacking libmpfr6:amd64 (4.2.2-1) ...
#7 23.34 Selecting previously unselected package libmpc3:amd64.
#7 23.34 Preparing to unpack .../018-libmpc3_1.3.1-1+b3_amd64.deb ...
#7 23.34 Unpacking libmpc3:amd64 (1.3.1-1+b3) ...
#7 23.36 Selecting previously unselected package cpp-14-x86-64-linux-gnu.
#7 23.36 Preparing to unpack .../019-cpp-14-x86-64-linux-gnu_14.2.0-19_amd64.deb ...
#7 23.36 Unpacking cpp-14-x86-64-linux-gnu (14.2.0-19) ...
#7 23.67 Selecting previously unselected package cpp-14.
#7 23.67 Preparing to unpack .../020-cpp-14_14.2.0-19_amd64.deb ...
#7 23.68 Unpacking cpp-14 (14.2.0-19) ...
#7 23.70 Selecting previously unselected package cpp-x86-64-linux-gnu.
#7 23.70 Preparing to unpack .../021-cpp-x86-64-linux-gnu_4%3a14.2.0-1_amd64.deb ...
#7 23.70 Unpacking cpp-x86-64-linux-gnu (4:14.2.0-1) ...
#7 23.72 Selecting previously unselected package cpp.
#7 23.73 Preparing to unpack .../022-cpp_4%3a14.2.0-1_amd64.deb ...
#7 23.73 Unpacking cpp (4:14.2.0-1) ...
#7 23.76 Selecting previously unselected package libcc1-0:amd64.
#7 23.76 Preparing to unpack .../023-libcc1-0_14.2.0-19_amd64.deb ...
#7 23.76 Unpacking libcc1-0:amd64 (14.2.0-19) ...
#7 23.78 Selecting previously unselected package libgomp1:amd64.
#7 23.78 Preparing to unpack .../024-libgomp1_14.2.0-19_amd64.deb ...
#7 23.79 Unpacking libgomp1:amd64 (14.2.0-19) ...
#7 23.82 Selecting previously unselected package libitm1:amd64.
#7 23.82 Preparing to unpack .../025-libitm1_14.2.0-19_amd64.deb ...
#7 23.82 Unpacking libitm1:amd64 (14.2.0-19) ...
#7 23.85 Selecting previously unselected package libasan8:amd64.
#7 23.85 Preparing to unpack .../026-libasan8_14.2.0-19_amd64.deb ...
#7 23.85 Unpacking libasan8:amd64 (14.2.0-19) ...
#7 23.96 Selecting previously unselected package liblsan0:amd64.
#7 23.96 Preparing to unpack .../027-liblsan0_14.2.0-19_amd64.deb ...
#7 23.96 Unpacking liblsan0:amd64 (14.2.0-19) ...
#7 24.02 Selecting previously unselected package libtsan2:amd64.
#7 24.03 Preparing to unpack .../028-libtsan2_14.2.0-19_amd64.deb ...
#7 24.03 Unpacking libtsan2:amd64 (14.2.0-19) ...
#7 24.13 Selecting previously unselected package libubsan1:amd64.
#7 24.14 Preparing to unpack .../029-libubsan1_14.2.0-19_amd64.deb ...
#7 24.14 Unpacking libubsan1:amd64 (14.2.0-19) ...
#7 24.20 Selecting previously unselected package libhwasan0:amd64.
#7 24.20 Preparing to unpack .../030-libhwasan0_14.2.0-19_amd64.deb ...
#7 24.20 Unpacking libhwasan0:amd64 (14.2.0-19) ...
#7 24.27 Selecting previously unselected package libquadmath0:amd64.
#7 24.27 Preparing to unpack .../031-libquadmath0_14.2.0-19_amd64.deb ...
#7 24.27 Unpacking libquadmath0:amd64 (14.2.0-19) ...
#7 24.30 Selecting previously unselected package libgcc-14-dev:amd64.
#7 24.30 Preparing to unpack .../032-libgcc-14-dev_14.2.0-19_amd64.deb ...
#7 24.30 Unpacking libgcc-14-dev:amd64 (14.2.0-19) ...
#7 24.40 Selecting previously unselected package gcc-14-x86-64-linux-gnu.
#7 24.40 Preparing to unpack .../033-gcc-14-x86-64-linux-gnu_14.2.0-19_amd64.deb ...
#7 24.40 Unpacking gcc-14-x86-64-linux-gnu (14.2.0-19) ...
#7 24.75 Selecting previously unselected package gcc-14.
#7 24.75 Preparing to unpack .../034-gcc-14_14.2.0-19_amd64.deb ...
#7 24.75 Unpacking gcc-14 (14.2.0-19) ...
#7 24.78 Selecting previously unselected package gcc-x86-64-linux-gnu.
#7 24.78 Preparing to unpack .../035-gcc-x86-64-linux-gnu_4%3a14.2.0-1_amd64.deb ...
#7 24.78 Unpacking gcc-x86-64-linux-gnu (4:14.2.0-1) ...
#7 24.80 Selecting previously unselected package gcc.
#7 24.81 Preparing to unpack .../036-gcc_4%3a14.2.0-1_amd64.deb ...
#7 24.81 Unpacking gcc (4:14.2.0-1) ...
#7 24.83 Selecting previously unselected package libstdc++-14-dev:amd64.
#7 24.83 Preparing to unpack .../037-libstdc++-14-dev_14.2.0-19_amd64.deb ...
#7 24.83 Unpacking libstdc++-14-dev:amd64 (14.2.0-19) ...
#7 25.00 Selecting previously unselected package g++-14-x86-64-linux-gnu.
#7 25.00 Preparing to unpack .../038-g++-14-x86-64-linux-gnu_14.2.0-19_amd64.deb ...
#7 25.00 Unpacking g++-14-x86-64-linux-gnu (14.2.0-19) ...
#7 25.31 Selecting previously unselected package g++-14.
#7 25.31 Preparing to unpack .../039-g++-14_14.2.0-19_amd64.deb ...
#7 25.31 Unpacking g++-14 (14.2.0-19) ...
#7 25.33 Selecting previously unselected package g++-x86-64-linux-gnu.
#7 25.34 Preparing to unpack .../040-g++-x86-64-linux-gnu_4%3a14.2.0-1_amd64.deb ...
#7 25.34 Unpacking g++-x86-64-linux-gnu (4:14.2.0-1) ...
#7 25.36 Selecting previously unselected package g++.
#7 25.36 Preparing to unpack .../041-g++_4%3a14.2.0-1_amd64.deb ...
#7 25.36 Unpacking g++ (4:14.2.0-1) ...
#7 25.38 Selecting previously unselected package make.
#7 25.38 Preparing to unpack .../042-make_4.4.1-2_amd64.deb ...
#7 25.39 Unpacking make (4.4.1-2) ...
#7 25.42 Selecting previously unselected package libdpkg-perl.
#7 25.42 Preparing to unpack .../043-libdpkg-perl_1.22.22_all.deb ...
#7 25.42 Unpacking libdpkg-perl (1.22.22) ...
#7 25.47 Selecting previously unselected package patch.
#7 25.47 Preparing to unpack .../044-patch_2.8-2_amd64.deb ...
#7 25.48 Unpacking patch (2.8-2) ...
#7 25.50 Selecting previously unselected package dpkg-dev.
#7 25.50 Preparing to unpack .../045-dpkg-dev_1.22.22_all.deb ...
#7 25.50 Unpacking dpkg-dev (1.22.22) ...
#7 25.55 Selecting previously unselected package build-essential.
#7 25.55 Preparing to unpack .../046-build-essential_12.12_amd64.deb ...
#7 25.55 Unpacking build-essential (12.12) ...
#7 25.57 Selecting previously unselected package node-fast-deep-equal.
#7 25.58 Preparing to unpack .../047-node-fast-deep-equal_3.1.3-3_all.deb ...
#7 25.58 Unpacking node-fast-deep-equal (3.1.3-3) ...
#7 25.60 Selecting previously unselected package node-json-schema-traverse.
#7 25.60 Preparing to unpack .../048-node-json-schema-traverse_1.0.0-3_all.deb ...
#7 25.60 Unpacking node-json-schema-traverse (1.0.0-3) ...
#7 25.63 Selecting previously unselected package node-jsonify.
#7 25.63 Preparing to unpack .../049-node-jsonify_0.0.1-1_all.deb ...
#7 25.63 Unpacking node-jsonify (0.0.1-1) ...
#7 25.65 Selecting previously unselected package node-json-stable-stringify.
#7 25.65 Preparing to unpack .../050-node-json-stable-stringify_1.0.2+repack1+~cs1.0.34-2_all.deb ...
#7 25.65 Unpacking node-json-stable-stringify (1.0.2+repack1+~cs1.0.34-2) ...
#7 25.67 Selecting previously unselected package node-punycode.
#7 25.68 Preparing to unpack .../051-node-punycode_2.3.1+~2.1.4-1_all.deb ...
#7 25.68 Unpacking node-punycode (2.3.1+~2.1.4-1) ...
#7 25.70 Selecting previously unselected package node-uri-js.
#7 25.70 Preparing to unpack .../052-node-uri-js_4.4.0+dfsg-8_all.deb ...
#7 25.70 Unpacking node-uri-js (4.4.0+dfsg-8) ...
#7 25.73 Selecting previously unselected package libcares2:amd64.
#7 25.73 Preparing to unpack .../053-libcares2_1.34.5-1+deb13u1_amd64.deb ...
#7 25.74 Unpacking libcares2:amd64 (1.34.5-1+deb13u1) ...
#7 25.76 Selecting previously unselected package libicu76:amd64.
#7 25.77 Preparing to unpack .../054-libicu76_76.1-4_amd64.deb ...
#7 25.77 Unpacking libicu76:amd64 (76.1-4) ...
#7 26.02 Selecting previously unselected package node-xtend.
#7 26.02 Preparing to unpack .../055-node-xtend_4.0.2-3_all.deb ...
#7 26.02 Unpacking node-xtend (4.0.2-3) ...
#7 26.04 Selecting previously unselected package node-acorn.
#7 26.04 Preparing to unpack .../056-node-acorn_8.8.1+ds+~cs25.17.7-2_all.deb ...
#7 26.04 Unpacking node-acorn (8.8.1+ds+~cs25.17.7-2) ...
#7 26.09 Selecting previously unselected package node-cjs-module-lexer.
#7 26.10 Preparing to unpack .../057-node-cjs-module-lexer_1.2.3+dfsg-1_all.deb ...
#7 26.10 Unpacking node-cjs-module-lexer (1.2.3+dfsg-1) ...
#7 26.12 Selecting previously unselected package node-balanced-match.
#7 26.12 Preparing to unpack .../058-node-balanced-match_2.0.0-1_all.deb ...
#7 26.12 Unpacking node-balanced-match (2.0.0-1) ...
#7 26.15 Selecting previously unselected package node-brace-expansion.
#7 26.15 Preparing to unpack .../059-node-brace-expansion_2.0.1+~1.1.0-2_all.deb ...
#7 26.15 Unpacking node-brace-expansion (2.0.1+~1.1.0-2) ...
#7 26.17 Selecting previously unselected package node-minimatch.
#7 26.17 Preparing to unpack .../060-node-minimatch_9.0.3-6_all.deb ...
#7 26.17 Unpacking node-minimatch (9.0.3-6) ...
#7 26.21 Selecting previously unselected package node-undici.
#7 26.21 Preparing to unpack .../061-node-undici_7.3.0+dfsg1+~cs24.12.11-1_all.deb ...
#7 26.21 Unpacking node-undici (7.3.0+dfsg1+~cs24.12.11-1) ...
#7 26.27 Selecting previously unselected package libnode115:amd64.
#7 26.27 Preparing to unpack .../062-libnode115_20.19.2+dfsg-1+deb13u2_amd64.deb ...
#7 26.28 Unpacking libnode115:amd64 (20.19.2+dfsg-1+deb13u2) ...
#7 ...

#4 [sdk2026-builder 1/3] FROM ghcr.io/nabucasa/silabs-firmware-builder@sha256:aaeedf3cceb95dc15a9d3333093e76957ef20d06f94d3f7b23d5bd88d337a85d
#4 CACHED

#7 [sdk2026-builder 3/3] RUN sh /pin-debian-snapshot.sh && apt-get update && apt-get install -y --no-install-recommends     build-essential cmake ninja-build git patch pkg-config     libmbedtls-dev libreadline-dev libncurses-dev libboost-dev     libboost-filesystem-dev libboost-system-dev libjsoncpp-dev     libdbus-1-dev libnetfilter-queue-dev libsystemd-dev libprotobuf-dev protobuf-compiler nodejs npm     && rm -rf /var/lib/apt/lists/*
#7 26.55 Selecting previously unselected package node-corepack.
#7 26.55 Preparing to unpack .../063-node-corepack_0.24.0-5_all.deb ...
#7 26.56 Unpacking node-corepack (0.24.0-5) ...
#7 26.61 Selecting previously unselected package nodejs.
#7 26.61 Preparing to unpack .../064-nodejs_20.19.2+dfsg-1+deb13u2_amd64.deb ...
#7 26.62 Unpacking nodejs (20.19.2+dfsg-1+deb13u2) ...
#7 26.69 Selecting previously unselected package node-ajv.
#7 26.69 Preparing to unpack .../065-node-ajv_8.12.0~ds+~2.1.1-5_all.deb ...
#7 26.70 Unpacking node-ajv (8.12.0~ds+~2.1.1-5) ...
#7 26.80 Selecting previously unselected package libjs-inherits.
#7 26.80 Preparing to unpack .../066-libjs-inherits_2.0.4-6_all.deb ...
#7 26.80 Unpacking libjs-inherits (2.0.4-6) ...
#7 26.83 Selecting previously unselected package node-inherits.
#7 26.83 Preparing to unpack .../067-node-inherits_2.0.4-6_all.deb ...
#7 26.83 Unpacking node-inherits (2.0.4-6) ...
#7 26.85 Selecting previously unselected package node-core-util-is.
#7 26.86 Preparing to unpack .../068-node-core-util-is_1.0.3-1_all.deb ...
#7 26.86 Unpacking node-core-util-is (1.0.3-1) ...
#7 26.88 Selecting previously unselected package node-safe-buffer.
#7 26.88 Preparing to unpack .../069-node-safe-buffer_5.2.1+~cs2.1.2-3_all.deb ...
#7 26.89 Unpacking node-safe-buffer (5.2.1+~cs2.1.2-3) ...
#7 26.91 Selecting previously unselected package node-string-decoder.
#7 26.91 Preparing to unpack .../070-node-string-decoder_1.3.0-6_all.deb ...
#7 26.91 Unpacking node-string-decoder (1.3.0-6) ...
#7 26.93 Selecting previously unselected package node-process-nextick-args.
#7 26.94 Preparing to unpack .../071-node-process-nextick-args_2.0.1-3_all.deb ...
#7 26.94 Unpacking node-process-nextick-args (2.0.1-3) ...
#7 26.96 Selecting previously unselected package node-util-deprecate.
#7 26.96 Preparing to unpack .../072-node-util-deprecate_1.0.2-3_all.deb ...
#7 26.96 Unpacking node-util-deprecate (1.0.2-3) ...
#7 26.98 Selecting previously unselected package node-isarray.
#7 26.99 Preparing to unpack .../073-node-isarray_2.0.5-4_all.deb ...
#7 26.99 Unpacking node-isarray (2.0.5-4) ...
#7 27.01 Selecting previously unselected package node-readable-stream.
#7 27.01 Preparing to unpack .../074-node-readable-stream_3.6.0+~cs3.0.0-4_all.deb ...
#7 27.02 Unpacking node-readable-stream (3.6.0+~cs3.0.0-4) ...
#7 27.05 Selecting previously unselected package node-typedarray.
#7 27.05 Preparing to unpack .../075-node-typedarray_0.0.7-1_all.deb ...
#7 27.05 Unpacking node-typedarray (0.0.7-1) ...
#7 27.08 Selecting previously unselected package node-concat-stream.
#7 27.08 Preparing to unpack .../076-node-concat-stream_2.0.0+~2.0.0-2_all.deb ...
#7 27.08 Unpacking node-concat-stream (2.0.0+~2.0.0-2) ...
#7 27.10 Selecting previously unselected package node-ms.
#7 27.11 Preparing to unpack .../077-node-ms_2.1.3+~cs0.7.31-3_all.deb ...
#7 27.11 Unpacking node-ms (2.1.3+~cs0.7.31-3) ...
#7 27.13 Selecting previously unselected package node-debug.
#7 27.13 Preparing to unpack .../078-node-debug_4.3.4+~cs4.1.7-1_all.deb ...
#7 27.14 Unpacking node-debug (4.3.4+~cs4.1.7-1) ...
#7 27.16 Selecting previously unselected package node-esutils.
#7 27.16 Preparing to unpack .../079-node-esutils_2.0.3+~2.0.0-1_all.deb ...
#7 27.17 Unpacking node-esutils (2.0.3+~2.0.0-1) ...
#7 27.19 Selecting previously unselected package node-doctrine.
#7 27.19 Preparing to unpack .../080-node-doctrine_3.0.0-4_all.deb ...
#7 27.20 Unpacking node-doctrine (3.0.0-4) ...
#7 27.22 Selecting previously unselected package node-eslint-visitor-keys.
#7 27.22 Preparing to unpack .../081-node-eslint-visitor-keys_3.3.0+~1.0.0-1_all.deb ...
#7 27.22 Unpacking node-eslint-visitor-keys (3.3.0+~1.0.0-1) ...
#7 27.25 Selecting previously unselected package node-estraverse.
#7 27.25 Preparing to unpack .../082-node-estraverse_5.3.0+ds+~5.1.1-1_all.deb ...
#7 27.26 Unpacking node-estraverse (5.3.0+ds+~5.1.1-1) ...
#7 27.28 Selecting previously unselected package node-object-assign.
#7 27.28 Preparing to unpack .../083-node-object-assign_4.1.1-7_all.deb ...
#7 27.28 Unpacking node-object-assign (4.1.1-7) ...
#7 27.32 Selecting previously unselected package node-esrecurse.
#7 27.32 Preparing to unpack .../084-node-esrecurse_4.3.0-2_all.deb ...
#7 27.32 Unpacking node-esrecurse (4.3.0-2) ...
#7 27.34 Selecting previously unselected package node-eslint-scope.
#7 27.34 Preparing to unpack .../085-node-eslint-scope_7.1.1+~3.7.4-1_all.deb ...
#7 27.35 Unpacking node-eslint-scope (7.1.1+~3.7.4-1) ...
#7 27.37 Selecting previously unselected package node-espree.
#7 27.37 Preparing to unpack .../086-node-espree_9.4.1~dfsg-2_all.deb ...
#7 27.38 Unpacking node-espree (9.4.1~dfsg-2) ...
#7 27.40 Selecting previously unselected package node-esquery.
#7 27.40 Preparing to unpack .../087-node-esquery_1.4.2~ds-1_all.deb ...
#7 27.41 Unpacking node-esquery (1.4.2~ds-1) ...
#7 27.43 Selecting previously unselected package node-eslint-utils.
#7 27.43 Preparing to unpack .../088-node-eslint-utils_3.0.0-3_all.deb ...
#7 27.43 Unpacking node-eslint-utils (3.0.0-3) ...
#7 27.46 Selecting previously unselected package node-flatted.
#7 27.46 Preparing to unpack .../089-node-flatted_3.2.7~ds-1+deb13u1_all.deb ...
#7 27.46 Unpacking node-flatted (3.2.7~ds-1+deb13u1) ...
#7 27.49 Selecting previously unselected package node-fs.realpath.
#7 27.49 Preparing to unpack .../090-node-fs.realpath_1.0.0-3_all.deb ...
#7 27.49 Unpacking node-fs.realpath (1.0.0-3) ...
#7 27.51 Selecting previously unselected package node-wrappy.
#7 27.52 Preparing to unpack .../091-node-wrappy_1.0.2-3_all.deb ...
#7 27.52 Unpacking node-wrappy (1.0.2-3) ...
#7 27.54 Selecting previously unselected package node-once.
#7 27.54 Preparing to unpack .../092-node-once_1.4.1-1_all.deb ...
#7 27.54 Unpacking node-once (1.4.1-1) ...
#7 27.57 Selecting previously unselected package node-inflight.
#7 27.57 Preparing to unpack .../093-node-inflight_1.0.6-2_all.deb ...
#7 27.57 Unpacking node-inflight (1.0.6-2) ...
#7 27.59 Selecting previously unselected package node-glob.
#7 27.59 Preparing to unpack .../094-node-glob_8.1.0+~cs8.5.15-1_all.deb ...
#7 27.60 Unpacking node-glob (8.1.0+~cs8.5.15-1) ...
#7 27.63 Selecting previously unselected package node-rimraf.
#7 27.63 Preparing to unpack .../095-node-rimraf_3.0.2-2_all.deb ...
#7 27.63 Unpacking node-rimraf (3.0.2-2) ...
#7 27.65 Selecting previously unselected package node-write.
#7 27.65 Preparing to unpack .../096-node-write_2.0.0~6.0.1+~3.0.4+~2.0.0+~1.0.0+~2.0.1-1_all.deb ...
#7 27.66 Unpacking node-write (2.0.0~6.0.1+~3.0.4+~2.0.0+~1.0.0+~2.0.1-1) ...
#7 27.68 Selecting previously unselected package node-flat-cache.
#7 27.68 Preparing to unpack .../097-node-flat-cache_3.0.4~6.0.1+~3.0.4+~2.0.0+~1.0.0+~2.0.1-1_all.deb ...
#7 27.68 Unpacking node-flat-cache (3.0.4~6.0.1+~3.0.4+~2.0.0+~1.0.0+~2.0.1-1) ...
#7 27.70 Selecting previously unselected package node-file-entry-cache.
#7 27.71 Preparing to unpack .../098-node-file-entry-cache_6.0.1+~3.0.4+~2.0.0+~1.0.0+~2.0.1-1_all.deb ...
#7 27.71 Unpacking node-file-entry-cache (6.0.1+~3.0.4+~2.0.0+~1.0.0+~2.0.1-1) ...
#7 27.73 Selecting previously unselected package node-functional-red-black-tree.
#7 27.73 Preparing to unpack .../099-node-functional-red-black-tree_1.0.1+20181105-7_all.deb ...
#7 27.73 Unpacking node-functional-red-black-tree (1.0.1+20181105-7) ...
#7 27.75 Selecting previously unselected package node-is-extglob.
#7 27.76 Preparing to unpack .../100-node-is-extglob_2.1.1-5_all.deb ...
#7 27.76 Unpacking node-is-extglob (2.1.1-5) ...
#7 27.78 Selecting previously unselected package node-is-glob.
#7 27.78 Preparing to unpack .../101-node-is-glob_4.0.3-2_all.deb ...
#7 27.79 Unpacking node-is-glob (4.0.3-2) ...
#7 27.81 Selecting previously unselected package node-path-dirname.
#7 27.81 Preparing to unpack .../102-node-path-dirname_1.0.2-2_all.deb ...
#7 27.81 Unpacking node-path-dirname (1.0.2-2) ...
#7 27.83 Selecting previously unselected package node-glob-parent.
#7 27.83 Preparing to unpack .../103-node-glob-parent_6.0.2+~5.1.1-2_all.deb ...
#7 27.84 Unpacking node-glob-parent (6.0.2+~5.1.1-2) ...
#7 27.86 Selecting previously unselected package node-globals.
#7 27.86 Preparing to unpack .../104-node-globals_13.23.0-1_all.deb ...
#7 27.86 Unpacking node-globals (13.23.0-1) ...
#7 27.88 Selecting previously unselected package node-resolve-from.
#7 27.89 Preparing to unpack .../105-node-resolve-from_5.0.0+~3.1.0+~3.3.0+~2.0.0-1_all.deb ...
#7 27.89 Unpacking node-resolve-from (5.0.0+~3.1.0+~3.3.0+~2.0.0-1) ...
#7 27.91 Selecting previously unselected package node-imurmurhash.
#7 27.91 Preparing to unpack .../106-node-imurmurhash_0.1.4+dfsg+~0.1.1-2_all.deb ...
#7 27.91 Unpacking node-imurmurhash (0.1.4+dfsg+~0.1.1-2) ...
#7 27.94 Selecting previously unselected package node-ignore.
#7 27.94 Preparing to unpack .../107-node-ignore_5.2.1-1_all.deb ...
#7 27.94 Unpacking node-ignore (5.2.1-1) ...
#7 27.96 Selecting previously unselected package node-prelude-ls.
#7 27.97 Preparing to unpack .../108-node-prelude-ls_1.2.1+dfsg-3_all.deb ...
#7 27.97 Unpacking node-prelude-ls (1.2.1+dfsg-3) ...
#7 27.99 Selecting previously unselected package node-type-check.
#7 27.99 Preparing to unpack .../109-node-type-check_0.4.0+dfsg-3_all.deb ...
#7 27.99 Unpacking node-type-check (0.4.0+dfsg-3) ...
#7 28.01 Selecting previously unselected package node-levn.
#7 28.02 Preparing to unpack .../110-node-levn_0.4.1+dfsg-2_all.deb ...
#7 28.02 Unpacking node-levn (0.4.1+dfsg-2) ...
#7 28.04 Selecting previously unselected package node-lodash.
#7 28.04 Preparing to unpack .../111-node-lodash_4.17.21+dfsg+~cs8.31.198.20210220-9+deb13u1_all.deb ...
#7 28.05 Unpacking node-lodash (4.17.21+dfsg+~cs8.31.198.20210220-9+deb13u1) ...
#7 28.32 Selecting previously unselected package node-memfs.
#7 28.32 Preparing to unpack .../112-node-memfs_3.4.12+~cs1.0.3-1_all.deb ...
#7 28.32 Unpacking node-memfs (3.4.12+~cs1.0.3-1) ...
#7 28.35 Selecting previously unselected package node-mkdirp.
#7 28.35 Preparing to unpack .../113-node-mkdirp_2.1.6+~cs5.2.1-2_all.deb ...
#7 28.36 Unpacking node-mkdirp (2.1.6+~cs5.2.1-2) ...
#7 28.39 Selecting previously unselected package node-deep-is.
#7 28.39 Preparing to unpack .../114-node-deep-is_0.1.4-1_all.deb ...
#7 28.39 Unpacking node-deep-is (0.1.4-1) ...
#7 28.41 Selecting previously unselected package node-fast-levenshtein.
#7 28.41 Preparing to unpack .../115-node-fast-levenshtein_2.0.6+ds-3_all.deb ...
#7 28.42 Unpacking node-fast-levenshtein (2.0.6+ds-3) ...
#7 28.44 Selecting previously unselected package node-optionator.
#7 28.44 Preparing to unpack .../116-node-optionator_0.9.1+dfsg+~cs1.2.3-1_all.deb ...
#7 28.44 Unpacking node-optionator (0.9.1+dfsg+~cs1.2.3-1) ...
#7 28.47 Selecting previously unselected package node-progress.
#7 28.47 Preparing to unpack .../117-node-progress_2.0.3-2_all.deb ...
#7 28.47 Unpacking node-progress (2.0.3-2) ...
#7 28.49 Selecting previously unselected package libjs-regenerate.
#7 28.49 Preparing to unpack .../118-libjs-regenerate_1.4.2-3_all.deb ...
#7 28.50 Unpacking libjs-regenerate (1.4.2-3) ...
#7 28.52 Selecting previously unselected package node-regenerate.
#7 28.52 Preparing to unpack .../119-node-regenerate_1.4.2-3_all.deb ...
#7 28.52 Unpacking node-regenerate (1.4.2-3) ...
#7 28.54 Selecting previously unselected package node-regenerate-unicode-properties.
#7 28.55 Preparing to unpack .../120-node-regenerate-unicode-properties_10.1.0+ds-1_all.deb ...
#7 28.55 Unpacking node-regenerate-unicode-properties (10.1.0+ds-1) ...
#7 28.61 Selecting previously unselected package node-regexpp.
#7 28.61 Preparing to unpack .../121-node-regexpp_3.2.0-5_all.deb ...
#7 28.61 Unpacking node-regexpp (3.2.0-5) ...
#7 28.64 Selecting previously unselected package node-lru-cache.
#7 28.64 Preparing to unpack .../122-node-lru-cache_10.0.1-3_all.deb ...
#7 28.64 Unpacking node-lru-cache (10.0.1-3) ...
#7 28.66 Selecting previously unselected package node-semver.
#7 28.67 Preparing to unpack .../123-node-semver_7.6.1+~7.5.8-2_all.deb ...
#7 28.67 Unpacking node-semver (7.6.1+~7.5.8-2) ...
#7 28.70 Selecting previously unselected package node-strip-json-comments.
#7 28.70 Preparing to unpack .../124-node-strip-json-comments_4.0.0-4_all.deb ...
#7 28.70 Unpacking node-strip-json-comments (4.0.0-4) ...
#7 28.73 Selecting previously unselected package node-json-schema.
#7 28.73 Preparing to unpack .../125-node-json-schema_0.4.0+~7.0.11-1_all.deb ...
#7 28.73 Unpacking node-json-schema (0.4.0+~7.0.11-1) ...
#7 28.75 Selecting previously unselected package node-v8-compile-cache.
#7 28.76 Preparing to unpack .../126-node-v8-compile-cache_2.4.0-2_all.deb ...
#7 28.76 Unpacking node-v8-compile-cache (2.4.0-2) ...
#7 28.78 Selecting previously unselected package eslint.
#7 28.78 Preparing to unpack .../127-eslint_6.4.0~dfsg+~6.1.9-12_all.deb ...
#7 28.78 Unpacking eslint (6.4.0~dfsg+~6.1.9-12) ...
#7 28.86 Selecting previously unselected package python3-packaging.
#7 28.87 Preparing to unpack .../128-python3-packaging_25.0-1_all.deb ...
#7 28.87 Unpacking python3-packaging (25.0-1) ...
#7 28.90 Selecting previously unselected package gyp.
#7 28.90 Preparing to unpack .../129-gyp_0.16.2-2_all.deb ...
#7 28.90 Unpacking gyp (0.16.2-2) ...
#7 28.93 Selecting previously unselected package node-neo-async.
#7 28.93 Preparing to unpack .../130-node-neo-async_2.6.2+~cs3.0.0-3_all.deb ...
#7 28.94 Unpacking node-neo-async (2.6.2+~cs3.0.0-3) ...
#7 28.98 Selecting previously unselected package node-arrify.
#7 28.98 Preparing to unpack .../131-node-arrify_2.0.1-3_all.deb ...
#7 28.98 Unpacking node-arrify (2.0.1-3) ...
#7 29.00 Selecting previously unselected package node-is-plain-obj.
#7 29.00 Preparing to unpack .../132-node-is-plain-obj_3.0.0-2_all.deb ...
#7 29.01 Unpacking node-is-plain-obj (3.0.0-2) ...
#7 29.03 Selecting previously unselected package node-is-buffer.
#7 29.03 Preparing to unpack .../133-node-is-buffer_2.0.5-2_all.deb ...
#7 29.04 Unpacking node-is-buffer (2.0.5-2) ...
#7 29.06 Selecting previously unselected package node-kind-of.
#7 29.06 Preparing to unpack .../134-node-kind-of_6.0.3+dfsg-2_all.deb ...
#7 29.06 Unpacking node-kind-of (6.0.3+dfsg-2) ...
#7 29.09 Selecting previously unselected package node-minimist.
#7 29.09 Preparing to unpack .../135-node-minimist_1.2.8+~cs5.3.5-1_all.deb ...
#7 29.09 Unpacking node-minimist (1.2.8+~cs5.3.5-1) ...
#7 29.11 Selecting previously unselected package node-wordwrap.
#7 29.12 Preparing to unpack .../136-node-wordwrap_1.0.0-4_all.deb ...
#7 29.12 Unpacking node-wordwrap (1.0.0-4) ...
#7 29.14 Selecting previously unselected package node-optimist.
#7 29.14 Preparing to unpack .../137-node-optimist_0.6.1+~0.0.30-2_all.deb ...
#7 29.15 Unpacking node-optimist (0.6.1+~0.0.30-2) ...
#7 29.17 Selecting previously unselected package libjs-source-map.
#7 29.17 Preparing to unpack .../138-libjs-source-map_0.7.0++dfsg2+really.0.6.1-15_all.deb ...
#7 29.17 Unpacking libjs-source-map (0.7.0++dfsg2+really.0.6.1-15) ...
#7 29.20 Selecting previously unselected package node-source-map.
#7 29.20 Preparing to unpack .../139-node-source-map_0.7.0++dfsg2+really.0.6.1-15_all.deb ...
#7 29.21 Unpacking node-source-map (0.7.0++dfsg2+really.0.6.1-15) ...
#7 29.23 Selecting previously unselected package handlebars.
#7 29.23 Preparing to unpack .../140-handlebars_3%3a4.7.7+~4.1.0-1_all.deb ...
#7 29.23 Unpacking handlebars (3:4.7.7+~4.1.0-1) ...
#7 29.29 Selecting previously unselected package libboost1.83-dev:amd64.
#7 29.29 Preparing to unpack .../141-libboost1.83-dev_1.83.0-4.2_amd64.deb ...
#7 29.30 Unpacking libboost1.83-dev:amd64 (1.83.0-4.2) ...
#7 31.83 Selecting previously unselected package libboost-atomic1.83.0:amd64.
#7 31.84 Preparing to unpack .../142-libboost-atomic1.83.0_1.83.0-4.2_amd64.deb ...
#7 31.84 Unpacking libboost-atomic1.83.0:amd64 (1.83.0-4.2) ...
#7 31.88 Selecting previously unselected package libboost-atomic1.83-dev:amd64.
#7 31.88 Preparing to unpack .../143-libboost-atomic1.83-dev_1.83.0-4.2_amd64.deb ...
#7 31.88 Unpacking libboost-atomic1.83-dev:amd64 (1.83.0-4.2) ...
#7 31.93 Selecting previously unselected package libboost-dev:amd64.
#7 31.93 Preparing to unpack .../144-libboost-dev_1.83.0.2+b2_amd64.deb ...
#7 31.93 Unpacking libboost-dev:amd64 (1.83.0.2+b2) ...
#7 31.96 Selecting previously unselected package libboost-filesystem1.83.0:amd64.
#7 31.97 Preparing to unpack .../145-libboost-filesystem1.83.0_1.83.0-4.2_amd64.deb ...
#7 31.97 Unpacking libboost-filesystem1.83.0:amd64 (1.83.0-4.2) ...
#7 32.01 Selecting previously unselected package libboost-system1.83.0:amd64.
#7 32.02 Preparing to unpack .../146-libboost-system1.83.0_1.83.0-4.2_amd64.deb ...
#7 32.02 Unpacking libboost-system1.83.0:amd64 (1.83.0-4.2) ...
#7 32.06 Selecting previously unselected package libboost-system1.83-dev:amd64.
#7 32.06 Preparing to unpack .../147-libboost-system1.83-dev_1.83.0-4.2_amd64.deb ...
#7 32.07 Unpacking libboost-system1.83-dev:amd64 (1.83.0-4.2) ...
#7 32.11 Selecting previously unselected package libboost-filesystem1.83-dev:amd64.
#7 32.12 Preparing to unpack .../148-libboost-filesystem1.83-dev_1.83.0-4.2_amd64.deb ...
#7 32.12 Unpacking libboost-filesystem1.83-dev:amd64 (1.83.0-4.2) ...
#7 32.17 Selecting previously unselected package libboost-filesystem-dev:amd64.
#7 32.17 Preparing to unpack .../149-libboost-filesystem-dev_1.83.0.2+b2_amd64.deb ...
#7 32.17 Unpacking libboost-filesystem-dev:amd64 (1.83.0.2+b2) ...
#7 32.20 Selecting previously unselected package libboost-system-dev:amd64.
#7 32.20 Preparing to unpack .../150-libboost-system-dev_1.83.0.2+b2_amd64.deb ...
#7 32.21 Unpacking libboost-system-dev:amd64 (1.83.0.2+b2) ...
#7 32.23 Selecting previously unselected package libcap-dev:amd64.
#7 32.24 Preparing to unpack .../151-libcap-dev_1%3a2.75-10+deb13u1+b3_amd64.deb ...
#7 32.24 Unpacking libcap-dev:amd64 (1:2.75-10+deb13u1+b3) ...
#7 32.29 Selecting previously unselected package libdbus-1-3:amd64.
#7 32.29 Preparing to unpack .../152-libdbus-1-3_1.16.2-2_amd64.deb ...
#7 32.29 Unpacking libdbus-1-3:amd64 (1.16.2-2) ...
#7 32.32 Selecting previously unselected package libsystemd-dev:amd64.
#7 32.32 Preparing to unpack .../153-libsystemd-dev_257.13-1~deb13u1_amd64.deb ...
#7 32.33 Unpacking libsystemd-dev:amd64 (257.13-1~deb13u1) ...
#7 32.40 Selecting previously unselected package libpkgconf3:amd64.
#7 32.41 Preparing to unpack .../154-libpkgconf3_1.8.1-4_amd64.deb ...
#7 32.41 Unpacking libpkgconf3:amd64 (1.8.1-4) ...
#7 32.43 Selecting previously unselected package pkgconf-bin.
#7 32.44 Preparing to unpack .../155-pkgconf-bin_1.8.1-4_amd64.deb ...
#7 32.44 Unpacking pkgconf-bin (1.8.1-4) ...
#7 32.47 Selecting previously unselected package pkgconf:amd64.
#7 32.47 Preparing to unpack .../156-pkgconf_1.8.1-4_amd64.deb ...
#7 32.48 Unpacking pkgconf:amd64 (1.8.1-4) ...
#7 32.51 Selecting previously unselected package sgml-base.
#7 32.51 Preparing to unpack .../157-sgml-base_1.31+nmu1_all.deb ...
#7 32.52 Unpacking sgml-base (1.31+nmu1) ...
#7 32.56 Selecting previously unselected package xml-core.
#7 32.56 Preparing to unpack .../158-xml-core_0.19_all.deb ...
#7 32.56 Unpacking xml-core (0.19) ...
#7 32.60 Selecting previously unselected package libdbus-1-dev:amd64.
#7 32.60 Preparing to unpack .../159-libdbus-1-dev_1.16.2-2_amd64.deb ...
#7 32.60 Unpacking libdbus-1-dev:amd64 (1.16.2-2) ...
#7 32.63 Selecting previously unselected package libjs-events.
#7 32.63 Preparing to unpack .../160-libjs-events_3.3.0+~3.0.0-3_all.deb ...
#7 32.64 Unpacking libjs-events (3.3.0+~3.0.0-3) ...
#7 32.66 Selecting previously unselected package libjs-is-typedarray.
#7 32.66 Preparing to unpack .../161-libjs-is-typedarray_1.0.0-4_all.deb ...
#7 32.67 Unpacking libjs-is-typedarray (1.0.0-4) ...
#7 32.69 Selecting previously unselected package libjs-prettify.
#7 32.69 Preparing to unpack .../162-libjs-prettify_2015.12.04+dfsg-1.1_all.deb ...
#7 32.70 Unpacking libjs-prettify (2015.12.04+dfsg-1.1) ...
#7 32.72 Selecting previously unselected package libjs-sprintf-js.
#7 32.72 Preparing to unpack .../163-libjs-sprintf-js_1.1.2+ds1+~1.1.2-1_all.deb ...
#7 32.73 Unpacking libjs-sprintf-js (1.1.2+ds1+~1.1.2-1) ...
#7 32.75 Selecting previously unselected package libjs-typedarray-to-buffer.
#7 32.75 Preparing to unpack .../164-libjs-typedarray-to-buffer_4.0.0-2_all.deb ...
#7 32.76 Unpacking libjs-typedarray-to-buffer (4.0.0-2) ...
#7 32.78 Selecting previously unselected package node-lodash-packages.
#7 32.78 Preparing to unpack .../165-node-lodash-packages_4.17.21+dfsg+~cs8.31.198.20210220-9+deb13u1_all.deb ...
#7 32.79 Unpacking node-lodash-packages (4.17.21+dfsg+~cs8.31.198.20210220-9+deb13u1) ...
#7 33.17 Selecting previously unselected package node-function-bind.
#7 33.17 Preparing to unpack .../166-node-function-bind_1.1.2+~cs2.1.14-1_all.deb ...
#7 33.17 Unpacking node-function-bind (1.1.2+~cs2.1.14-1) ...
#7 33.20 Selecting previously unselected package node-object-inspect.
#7 33.21 Preparing to unpack .../167-node-object-inspect_1.12.2+~cs1.8.1-1_all.deb ...
#7 33.22 Unpacking node-object-inspect (1.12.2+~cs1.8.1-1) ...
#7 33.25 Selecting previously unselected package node-es-abstract.
#7 33.25 Preparing to unpack .../168-node-es-abstract_1.20.4+~cs26.27.47-2_all.deb ...
#7 33.25 Unpacking node-es-abstract (1.20.4+~cs26.27.47-2) ...
#7 33.53 Selecting previously unselected package node-resolve.
#7 33.53 Preparing to unpack .../169-node-resolve_1.22.8+~cs5.34.15-2_all.deb ...
#7 33.53 Unpacking node-resolve (1.22.8+~cs5.34.15-2) ...
#7 33.57 Selecting previously unselected package node-define-properties.
#7 33.57 Preparing to unpack .../170-node-define-properties_1.2.1+~cs2.2.3-1_all.deb ...
#7 33.57 Unpacking node-define-properties (1.2.1+~cs2.2.3-1) ...
#7 33.60 Selecting previously unselected package node-debbundle-es-to-primitive.
#7 33.60 Preparing to unpack .../171-node-debbundle-es-to-primitive_1.2.1+~cs9.7.25-2_all.deb ...
#7 33.61 Unpacking node-debbundle-es-to-primitive (1.2.1+~cs9.7.25-2) ...
#7 33.64 Selecting previously unselected package node-isobject.
#7 33.65 Preparing to unpack .../172-node-isobject_4.0.0-2_all.deb ...
#7 33.65 Unpacking node-isobject (4.0.0-2) ...
#7 33.67 Selecting previously unselected package node-is-descriptor.
#7 33.68 Preparing to unpack .../173-node-is-descriptor_3.0.0-2_all.deb ...
#7 33.68 Unpacking node-is-descriptor (3.0.0-2) ...
#7 33.71 Selecting previously unselected package node-define-property.
#7 33.71 Preparing to unpack .../174-node-define-property_2.0.2+really+2.0.2-3_all.deb ...
#7 33.71 Unpacking node-define-property (2.0.2+really+2.0.2-3) ...
#7 33.74 Selecting previously unselected package node-defined.
#7 33.74 Preparing to unpack .../175-node-defined_1.0.1+~1.0.0-1_all.deb ...
#7 33.74 Unpacking node-defined (1.0.1+~1.0.0-1) ...
#7 33.77 Selecting previously unselected package node-abbrev.
#7 33.77 Preparing to unpack .../176-node-abbrev_1.1.1+~1.1.2-1_all.deb ...
#7 33.78 Unpacking node-abbrev (1.1.1+~1.1.2-1) ...
#7 33.80 Selecting previously unselected package node-archy.
#7 33.80 Preparing to unpack .../177-node-archy_1.0.0-6_all.deb ...
#7 33.81 Unpacking node-archy (1.0.0-6) ...
#7 33.83 Selecting previously unselected package node-async.
#7 33.83 Preparing to unpack .../178-node-async_3.2.6+dfsg-2_all.deb ...
#7 33.84 Unpacking node-async (3.2.6+dfsg-2) ...
#7 33.89 Selecting previously unselected package node-convert-source-map.
#7 33.90 Preparing to unpack .../179-node-convert-source-map_1.9.0+~1.5.2-1_all.deb ...
#7 33.90 Unpacking node-convert-source-map (1.9.0+~1.5.2-1) ...
#7 33.93 Selecting previously unselected package node-decamelize.
#7 33.93 Preparing to unpack .../180-node-decamelize_4.0.0-2_all.deb ...
#7 33.93 Unpacking node-decamelize (4.0.0-2) ...
#7 33.96 Selecting previously unselected package node-es6-error.
#7 33.96 Preparing to unpack .../181-node-es6-error_4.1.1-5_all.deb ...
#7 33.97 Unpacking node-es6-error (4.1.1-5) ...
#7 34.00 Selecting previously unselected package node-esprima.
#7 34.00 Preparing to unpack .../182-node-esprima_4.0.1+ds+~4.0.3-2_all.deb ...
#7 34.01 Unpacking node-esprima (4.0.1+ds+~4.0.3-2) ...
#7 34.04 Selecting previously unselected package node-escodegen.
#7 34.04 Preparing to unpack .../183-node-escodegen_2.1.0+dfsg+~0.0.8-1_all.deb ...
#7 34.05 Unpacking node-escodegen (2.1.0+dfsg+~0.0.8-1) ...
#7 34.07 Selecting previously unselected package node-commondir.
#7 34.08 Preparing to unpack .../184-node-commondir_1.0.1+~1.0.0-1_all.deb ...
#7 34.08 Unpacking node-commondir (1.0.1+~1.0.0-1) ...
#7 34.10 Selecting previously unselected package node-is-number.
#7 34.11 Preparing to unpack .../185-node-is-number_7.0.0-4_all.deb ...
#7 34.11 Unpacking node-is-number (7.0.0-4) ...
#7 34.14 Selecting previously unselected package node-repeat-string.
#7 34.14 Preparing to unpack .../186-node-repeat-string_1.6.1+repack-1_all.deb ...
#7 34.15 Unpacking node-repeat-string (1.6.1+repack-1) ...
#7 34.17 Selecting previously unselected package node-to-regex-range.
#7 34.18 Preparing to unpack .../187-node-to-regex-range_5.0.1-4_all.deb ...
#7 34.18 Unpacking node-to-regex-range (5.0.1-4) ...
#7 34.21 Selecting previously unselected package node-fill-range.
#7 34.21 Preparing to unpack .../188-node-fill-range_7.1.1+~7.0.3-1_all.deb ...
#7 34.22 Unpacking node-fill-range (7.1.1+~7.0.3-1) ...
#7 34.25 Selecting previously unselected package node-braces.
#7 34.25 Preparing to unpack .../189-node-braces_3.0.3+~3.0.5-1_all.deb ...
#7 34.25 Unpacking node-braces (3.0.3+~3.0.5-1) ...
#7 34.28 Selecting previously unselected package node-normalize-path.
#7 34.29 Preparing to unpack .../190-node-normalize-path_3.0.0+~3.0.0-1_all.deb ...
#7 34.29 Unpacking node-normalize-path (3.0.0+~3.0.0-1) ...
#7 34.32 Selecting previously unselected package node-anymatch.
#7 34.33 Preparing to unpack .../191-node-anymatch_3.1.3+~cs4.6.1-2_all.deb ...
#7 34.33 Unpacking node-anymatch (3.1.3+~cs4.6.1-2) ...
#7 34.37 Selecting previously unselected package node-micromatch.
#7 34.37 Preparing to unpack .../192-node-micromatch_4.0.7+~4.0.9-1_all.deb ...
#7 34.37 Unpacking node-micromatch (4.0.7+~4.0.9-1) ...
#7 34.40 Selecting previously unselected package node-pify.
#7 34.41 Preparing to unpack .../193-node-pify_5.0.0+~cs5.0.1-1_all.deb ...
#7 34.41 Unpacking node-pify (5.0.0+~cs5.0.1-1) ...
#7 34.43 Selecting previously unselected package node-path-type.
#7 34.44 Preparing to unpack .../194-node-path-type_4.0.0-3_all.deb ...
#7 34.44 Unpacking node-path-type (4.0.0-3) ...
#7 34.47 Selecting previously unselected package node-n3.
#7 34.48 Preparing to unpack .../195-node-n3_1.16.3+~1.2.3+~1.10.4-1_all.deb ...
#7 34.48 Unpacking node-n3 (1.16.3+~1.2.3+~1.10.4-1) ...
#7 34.52 Selecting previously unselected package node-slash.
#7 34.52 Preparing to unpack .../196-node-slash_4.0.0-3_all.deb ...
#7 34.52 Unpacking node-slash (4.0.0-3) ...
#7 34.55 Selecting previously unselected package node-globby.
#7 34.56 Preparing to unpack .../197-node-globby_13.1.3+~cs16.25.40-3_all.deb ...
#7 34.56 Unpacking node-globby (13.1.3+~cs16.25.40-3) ...
#7 34.63 Selecting previously unselected package node-graceful-fs.
#7 34.63 Preparing to unpack .../198-node-graceful-fs_4.2.10-1_all.deb ...
#7 34.64 Unpacking node-graceful-fs (4.2.10-1) ...
#7 34.68 Selecting previously unselected package node-is-path-cwd.
#7 34.68 Preparing to unpack .../199-node-is-path-cwd_2.2.0-2_all.deb ...
#7 34.69 Unpacking node-is-path-cwd (2.2.0-2) ...
#7 34.72 Selecting previously unselected package node-path-is-inside.
#7 34.72 Preparing to unpack .../200-node-path-is-inside_1.0.2+~1.0.0-1_all.deb ...
#7 34.73 Unpacking node-path-is-inside (1.0.2+~1.0.0-1) ...
#7 34.76 Selecting previously unselected package node-is-path-inside.
#7 34.76 Preparing to unpack .../201-node-is-path-inside_3.0.3-2_all.deb ...
#7 34.76 Unpacking node-is-path-inside (3.0.3-2) ...
#7 34.79 Selecting previously unselected package node-escape-string-regexp.
#7 34.79 Preparing to unpack .../202-node-escape-string-regexp_4.0.0-2_all.deb ...
#7 34.80 Unpacking node-escape-string-regexp (4.0.0-2) ...
#7 34.83 Selecting previously unselected package node-indent-string.
#7 34.83 Preparing to unpack .../203-node-indent-string_4.0.0-2_all.deb ...
#7 34.83 Unpacking node-indent-string (4.0.0-2) ...
#7 34.86 Selecting previously unselected package node-p-map.
#7 34.86 Preparing to unpack .../204-node-p-map_4.0.0+~3.1.0+~3.0.1-2_all.deb ...
#7 34.87 Unpacking node-p-map (4.0.0+~3.1.0+~3.0.1-2) ...
#7 34.89 Selecting previously unselected package node-del.
#7 34.90 Preparing to unpack .../205-node-del_7.1.0-1_all.deb ...
#7 34.90 Unpacking node-del (7.1.0-1) ...
#7 34.92 Selecting previously unselected package node-make-dir.
#7 34.93 Preparing to unpack .../206-node-make-dir_3.1.0-3_all.deb ...
#7 34.93 Unpacking node-make-dir (3.1.0-3) ...
#7 34.95 Selecting previously unselected package node-p-limit.
#7 34.95 Preparing to unpack .../207-node-p-limit_4.0.0+~cs4.0.0-5_all.deb ...
#7 34.96 Unpacking node-p-limit (4.0.0+~cs4.0.0-5) ...
#7 34.98 Selecting previously unselected package node-p-locate.
#7 34.99 Preparing to unpack .../208-node-p-locate_6.0.0-12_all.deb ...
#7 34.99 Unpacking node-p-locate (6.0.0-12) ...
#7 35.01 Selecting previously unselected package node-locate-path.
#7 35.02 Preparing to unpack .../209-node-locate-path_7.1.1-2_all.deb ...
#7 35.02 Unpacking node-locate-path (7.1.1-2) ...
#7 35.04 Selecting previously unselected package node-path-exists.
#7 35.05 Preparing to unpack .../210-node-path-exists_5.0.0-8_all.deb ...
#7 35.05 Unpacking node-path-exists (5.0.0-8) ...
#7 35.08 Selecting previously unselected package node-find-up.
#7 35.08 Preparing to unpack .../211-node-find-up_6.3.0-7_all.deb ...
#7 35.08 Unpacking node-find-up (6.3.0-7) ...
#7 35.11 Selecting previously unselected package node-pkg-dir.
#7 35.11 Preparing to unpack .../212-node-pkg-dir_5.0.0-2_all.deb ...
#7 35.11 Unpacking node-pkg-dir (5.0.0-2) ...
#7 35.14 Selecting previously unselected package node-find-cache-dir.
#7 35.14 Preparing to unpack .../213-node-find-cache-dir_3.3.2+~3.2.1-1_all.deb ...
#7 35.14 Unpacking node-find-cache-dir (3.3.2+~3.2.1-1) ...
#7 35.17 Selecting previously unselected package node-signal-exit.
#7 35.17 Preparing to unpack .../214-node-signal-exit_4.1.0-7_all.deb ...
#7 35.18 Unpacking node-signal-exit (4.1.0-7) ...
#7 35.21 Selecting previously unselected package node-foreground-child.
#7 35.22 Preparing to unpack .../215-node-foreground-child_3.1.1-2_all.deb ...
#7 35.22 Unpacking node-foreground-child (3.1.1-2) ...
#7 35.25 Selecting previously unselected package node-is-stream.
#7 35.26 Preparing to unpack .../216-node-is-stream_3.0.0-4_all.deb ...
#7 35.26 Unpacking node-is-stream (3.0.0-4) ...
#7 35.29 Selecting previously unselected package node-is-windows.
#7 35.29 Preparing to unpack .../217-node-is-windows_1.0.2+~cs1.0.0-1_all.deb ...
#7 35.29 Unpacking node-is-windows (1.0.2+~cs1.0.0-1) ...
#7 35.32 Selecting previously unselected package node-ampproject-remapping.
#7 35.32 Preparing to unpack .../218-node-ampproject-remapping_2.2.0+~cs5.15.37-1_all.deb ...
#7 35.33 Unpacking node-ampproject-remapping (2.2.0+~cs5.15.37-1) ...
#7 35.39 Selecting previously unselected package node-sprintf-js.
#7 35.39 Preparing to unpack .../219-node-sprintf-js_1.1.2+ds1+~1.1.2-1_all.deb ...
#7 35.40 Unpacking node-sprintf-js (1.1.2+ds1+~1.1.2-1) ...
#7 35.43 Selecting previously unselected package node-argparse.
#7 35.43 Preparing to unpack .../220-node-argparse_2.0.1-2_all.deb ...
#7 35.44 Unpacking node-argparse (2.0.1-2) ...
#7 35.46 Selecting previously unselected package node-js-yaml.
#7 35.47 Preparing to unpack .../221-node-js-yaml_4.1.0+dfsg+~4.0.5-7_all.deb ...
#7 35.47 Unpacking node-js-yaml (4.1.0+dfsg+~4.0.5-7) ...
#7 35.50 Selecting previously unselected package node-nopt.
#7 35.51 Preparing to unpack .../222-node-nopt_5.0.0-4_all.deb ...
#7 35.51 Unpacking node-nopt (5.0.0-4) ...
#7 35.54 Selecting previously unselected package node-npm-run-path.
#7 35.54 Preparing to unpack .../223-node-npm-run-path_5.1.0+~4.0.0-8_all.deb ...
#7 35.55 Unpacking node-npm-run-path (5.1.0+~4.0.0-8) ...
#7 35.57 Selecting previously unselected package node-shebang-regex.
#7 35.57 Preparing to unpack .../224-node-shebang-regex_3.0.0-2_all.deb ...
#7 35.58 Unpacking node-shebang-regex (3.0.0-2) ...
#7 35.60 Selecting previously unselected package node-shebang-command.
#7 35.61 Preparing to unpack .../225-node-shebang-command_2.0.0-1_all.deb ...
#7 35.61 Unpacking node-shebang-command (2.0.0-1) ...
#7 35.64 Selecting previously unselected package node-strip-bom.
#7 35.64 Preparing to unpack .../226-node-strip-bom_4.0.0-2_all.deb ...
#7 35.65 Unpacking node-strip-bom (4.0.0-2) ...
#7 35.67 Selecting previously unselected package node-has-flag.
#7 35.68 Preparing to unpack .../227-node-has-flag_5.0.1-1_all.deb ...
#7 35.68 Unpacking node-has-flag (5.0.1-1) ...
#7 35.71 Selecting previously unselected package node-supports-color.
#7 35.72 Preparing to unpack .../228-node-supports-color_8.1.1+~8.1.1-1_all.deb ...
#7 35.72 Unpacking node-supports-color (8.1.1+~8.1.1-1) ...
#7 35.76 Selecting previously unselected package node-util.
#7 35.77 Preparing to unpack .../229-node-util_0.12.5+~1.0.10-1_all.deb ...
#7 35.77 Unpacking node-util (0.12.5+~1.0.10-1) ...
#7 35.80 Selecting previously unselected package node-assert.
#7 35.80 Preparing to unpack .../230-node-assert_2.0.0+~cs3.9.8-2_all.deb ...
#7 35.81 Unpacking node-assert (2.0.0+~cs3.9.8-2) ...
#7 35.84 Selecting previously unselected package node-babel-plugin-add-module-exports.
#7 35.85 Preparing to unpack .../231-node-babel-plugin-add-module-exports_1.0.4+dfsg1~cs5.8.0-4_all.deb ...
#7 35.85 Unpacking node-babel-plugin-add-module-exports (1.0.4+dfsg1~cs5.8.0-4) ...
#7 35.88 Selecting previously unselected package node-regenerator-runtime.
#7 35.88 Preparing to unpack .../232-node-regenerator-runtime_0.15.2+~0.10.8-1_all.deb ...
#7 35.88 Unpacking node-regenerator-runtime (0.15.2+~0.10.8-1) ...
#7 35.90 Selecting previously unselected package node-babel7-runtime.
#7 35.91 Preparing to unpack .../233-node-babel7-runtime_7.20.15+ds1+~cs214.269.168-8_all.deb ...
#7 35.91 Unpacking node-babel7-runtime (7.20.15+ds1+~cs214.269.168-8) ...
#7 35.96 Selecting previously unselected package node-babel-helper-define-polyfill-provider.
#7 35.96 Preparing to unpack .../234-node-babel-helper-define-polyfill-provider_0.3.3~0~20220913+ds1-1_all.deb ...
#7 35.96 Unpacking node-babel-helper-define-polyfill-provider (0.3.3~0~20220913+ds1-1) ...
#7 35.99 Selecting previously unselected package node-babel-plugin-polyfill-corejs2.
#7 35.99 Preparing to unpack .../235-node-babel-plugin-polyfill-corejs2_0.3.3~0~20220913+ds1-1_all.deb ...
#7 36.00 Unpacking node-babel-plugin-polyfill-corejs2 (0.3.3~0~20220913+ds1-1) ...
#7 36.02 Selecting previously unselected package node-caniuse-lite.
#7 36.03 Preparing to unpack .../236-node-caniuse-lite_1.0.30001723+dfsg+~1.0.5-1_all.deb ...
#7 36.03 Unpacking node-caniuse-lite (1.0.30001723+dfsg+~1.0.5-1) ...
#7 36.19 Selecting previously unselected package node-electron-to-chromium.
#7 36.20 Preparing to unpack .../237-node-electron-to-chromium_1.5.166-1_all.deb ...
#7 36.20 Unpacking node-electron-to-chromium (1.5.166-1) ...
#7 36.22 Selecting previously unselected package node-picocolors.
#7 36.23 Preparing to unpack .../238-node-picocolors_1.0.0-4_all.deb ...
#7 36.23 Unpacking node-picocolors (1.0.0-4) ...
#7 36.25 Selecting previously unselected package node-browserslist.
#7 36.26 Preparing to unpack .../239-node-browserslist_4.25.0+~cs6.3.22-1_all.deb ...
#7 36.26 Unpacking node-browserslist (4.25.0+~cs6.3.22-1) ...
#7 36.29 Selecting previously unselected package node-core-js-compat.
#7 36.30 Preparing to unpack .../240-node-core-js-compat_3.33.2-1_all.deb ...
#7 36.30 Unpacking node-core-js-compat (3.33.2-1) ...
#7 36.33 Selecting previously unselected package node-babel-plugin-polyfill-corejs3.
#7 36.33 Preparing to unpack .../241-node-babel-plugin-polyfill-corejs3_0.6.0~0~20220913+ds1-1_all.deb ...
#7 36.34 Unpacking node-babel-plugin-polyfill-corejs3 (0.6.0~0~20220913+ds1-1) ...
#7 36.37 Selecting previously unselected package node-babel-plugin-polyfill-regenerator.
#7 36.37 Preparing to unpack .../242-node-babel-plugin-polyfill-regenerator_0.4.1~0~20220913+ds1-1_all.deb ...
#7 36.37 Unpacking node-babel-plugin-polyfill-regenerator (0.4.1~0~20220913+ds1-1) ...
#7 36.39 Selecting previously unselected package node-color-name.
#7 36.40 Preparing to unpack .../243-node-color-name_1.1.4+~1.1.1-2_all.deb ...
#7 36.40 Unpacking node-color-name (1.1.4+~1.1.1-2) ...
#7 36.42 Selecting previously unselected package node-color-convert.
#7 36.43 Preparing to unpack .../244-node-color-convert_2.0.1+~cs2.0.0-2_all.deb ...
#7 36.43 Unpacking node-color-convert (2.0.1+~cs2.0.0-2) ...
#7 36.46 Selecting previously unselected package node-ansi-styles.
#7 36.46 Preparing to unpack .../245-node-ansi-styles_6.2.1-3_all.deb ...
#7 36.46 Unpacking node-ansi-styles (6.2.1-3) ...
#7 36.48 Selecting previously unselected package node-chalk.
#7 36.49 Preparing to unpack .../246-node-chalk_5.3.0-1_all.deb ...
#7 36.49 Unpacking node-chalk (5.3.0-1) ...
#7 36.52 Selecting previously unselected package node-for-in.
#7 36.52 Preparing to unpack .../247-node-for-in_1.0.2-4_all.deb ...
#7 36.53 Unpacking node-for-in (1.0.2-4) ...
#7 36.55 Selecting previously unselected package node-for-own.
#7 36.55 Preparing to unpack .../248-node-for-own_1.0.0-3_all.deb ...
#7 36.55 Unpacking node-for-own (1.0.0-3) ...
#7 36.58 Selecting previously unselected package node-is-plain-object.
#7 36.58 Preparing to unpack .../249-node-is-plain-object_5.0.0-7_all.deb ...
#7 36.59 Unpacking node-is-plain-object (5.0.0-7) ...
#7 36.61 Selecting previously unselected package node-is-extendable.
#7 36.61 Preparing to unpack .../250-node-is-extendable_1.0.1-3_all.deb ...
#7 36.62 Unpacking node-is-extendable (1.0.1-3) ...
#7 36.65 Selecting previously unselected package node-clone-deep.
#7 36.66 Preparing to unpack .../251-node-clone-deep_4.0.1+~cs7.0.2-1_all.deb ...
#7 36.66 Unpacking node-clone-deep (4.0.1+~cs7.0.2-1) ...
#7 36.69 Selecting previously unselected package node-commander.
#7 36.70 Preparing to unpack .../252-node-commander_9.4.1-1_all.deb ...
#7 36.70 Unpacking node-commander (9.4.1-1) ...
#7 36.73 Selecting previously unselected package node-core-js.
#7 36.74 Preparing to unpack .../253-node-core-js_3.33.2-1_all.deb ...
#7 36.74 Unpacking node-core-js (3.33.2-1) ...
#7 37.19 Selecting previously unselected package node-core-js-pure.
#7 37.19 Preparing to unpack .../254-node-core-js-pure_3.33.2-1_all.deb ...
#7 37.19 Unpacking node-core-js-pure (3.33.2-1) ...
#7 37.71 Selecting previously unselected package node-fs-readdir-recursive.
#7 37.73 Preparing to unpack .../255-node-fs-readdir-recursive_1.1.0+~1.1.0-1_all.deb ...
#7 37.73 Unpacking node-fs-readdir-recursive (1.1.0+~1.1.0-1) ...
#7 37.77 Selecting previously unselected package node-js-tokens.
#7 37.78 Preparing to unpack .../256-node-js-tokens_8.0.0-2_all.deb ...
#7 37.78 Unpacking node-js-tokens (8.0.0-2) ...
#7 37.83 Selecting previously unselected package node-jsesc.
#7 37.83 Preparing to unpack .../257-node-jsesc_3.0.2+~3.0.1-1_all.deb ...
#7 37.84 Unpacking node-jsesc (3.0.2+~3.0.1-1) ...
#7 37.89 Selecting previously unselected package node-json5.
#7 37.89 Preparing to unpack .../258-node-json5_2.2.3+dfsg-1_all.deb ...
#7 37.90 Unpacking node-json5 (2.2.3+dfsg-1) ...
#7 37.96 Selecting previously unselected package node-quick-lru.
#7 38.00 Preparing to unpack .../259-node-quick-lru_6.1.1-4_all.deb ...
#7 38.01 Unpacking node-quick-lru (6.1.1-4) ...
#7 38.16 Selecting previously unselected package node-regenerator-transform.
#7 38.17 Preparing to unpack .../260-node-regenerator-transform_0.15.2+~0.10.8-1_all.deb ...
#7 38.18 Unpacking node-regenerator-transform (0.15.2+~0.10.8-1) ...
#7 38.29 Selecting previously unselected package node-regjsgen.
#7 38.30 Preparing to unpack .../261-node-regjsgen_0.7.1+ds-1_all.deb ...
#7 38.32 Unpacking node-regjsgen (0.7.1+ds-1) ...
#7 38.47 Selecting previously unselected package node-regjsparser.
#7 38.48 Preparing to unpack .../262-node-regjsparser_0.9.1+ds-2_all.deb ...
#7 38.53 Unpacking node-regjsparser (0.9.1+ds-2) ...
#7 38.62 Selecting previously unselected package node-unicode-canonical-property-names-ecmascript.
#7 38.63 Preparing to unpack .../263-node-unicode-canonical-property-names-ecmascript_2.0.0-2_all.deb ...
#7 38.64 Unpacking node-unicode-canonical-property-names-ecmascript (2.0.0-2) ...
#7 38.71 Selecting previously unselected package node-unicode-property-aliases-ecmascript.
#7 38.72 Preparing to unpack .../264-node-unicode-property-aliases-ecmascript_2.1.0+ds-1_all.deb ...
#7 38.72 Unpacking node-unicode-property-aliases-ecmascript (2.1.0+ds-1) ...
#7 38.76 Selecting previously unselected package node-unicode-match-property-ecmascript.
#7 38.77 Preparing to unpack .../265-node-unicode-match-property-ecmascript_2.0.0-2_all.deb ...
#7 38.78 Unpacking node-unicode-match-property-ecmascript (2.0.0-2) ...
#7 38.85 Selecting previously unselected package node-unicode-match-property-value-ecmascript.
#7 38.86 Preparing to unpack .../266-node-unicode-match-property-value-ecmascript_2.1.0+ds-1_all.deb ...
#7 38.87 Unpacking node-unicode-match-property-value-ecmascript (2.1.0+ds-1) ...
#7 38.96 Selecting previously unselected package node-regexpu-core.
#7 38.97 Preparing to unpack .../267-node-regexpu-core_5.2.2-3_all.deb ...
#7 39.00 Unpacking node-regexpu-core (5.2.2-3) ...
#7 39.19 Selecting previously unselected package node-source-map-support.
#7 39.19 Preparing to unpack .../268-node-source-map-support_0.5.21+ds+~0.5.10-1_all.deb ...
#7 39.21 Unpacking node-source-map-support (0.5.21+ds+~0.5.10-1) ...
#7 39.31 Selecting previously unselected package node-to-fast-properties.
#7 39.32 Preparing to unpack .../269-node-to-fast-properties_3.0.1-3_all.deb ...
#7 39.34 Unpacking node-to-fast-properties (3.0.1-3) ...
#7 39.46 Selecting previously unselected package node-v8flags.
#7 39.47 Preparing to unpack .../270-node-v8flags_3.2.0+~3.1.1-1_all.deb ...
#7 39.48 Unpacking node-v8flags (3.2.0+~3.1.1-1) ...
#7 39.54 Selecting previously unselected package node-babel7.
#7 39.55 Preparing to unpack .../271-node-babel7_7.20.15+ds1+~cs214.269.168-8_all.deb ...
#7 39.58 Unpacking node-babel7 (7.20.15+ds1+~cs214.269.168-8) ...
#7 40.32 Selecting previously unselected package node-is-arrayish.
#7 40.33 Preparing to unpack .../272-node-is-arrayish_0.3.2-3_all.deb ...
#7 40.33 Unpacking node-is-arrayish (0.3.2-3) ...
#7 40.36 Selecting previously unselected package node-error-ex.
#7 40.37 Preparing to unpack .../273-node-error-ex_1.3.2-4_all.deb ...
#7 40.37 Unpacking node-error-ex (1.3.2-4) ...
#7 40.40 Selecting previously unselected package node-json-parse-better-errors.
#7 40.40 Preparing to unpack .../274-node-json-parse-better-errors_1.0.2+~cs3.3.1-3_all.deb ...
#7 40.40 Unpacking node-json-parse-better-errors (1.0.2+~cs3.3.1-3) ...
#7 40.43 Selecting previously unselected package node-parse-json.
#7 40.43 Preparing to unpack .../275-node-parse-json_5.2.0+~cs5.1.7-2_all.deb ...
#7 40.44 Unpacking node-parse-json (5.2.0+~cs5.1.7-2) ...
#7 40.47 Selecting previously unselected package node-hosted-git-info.
#7 40.47 Preparing to unpack .../276-node-hosted-git-info_6.1.1-2_all.deb ...
#7 40.47 Unpacking node-hosted-git-info (6.1.1-2) ...
#7 40.50 Selecting previously unselected package node-spdx-license-ids.
#7 40.50 Preparing to unpack .../277-node-spdx-license-ids_3.0.12-1_all.deb ...
#7 40.51 Unpacking node-spdx-license-ids (3.0.12-1) ...
#7 40.53 Selecting previously unselected package node-spdx-exceptions.
#7 40.53 Preparing to unpack .../278-node-spdx-exceptions_2.3.0-2_all.deb ...
#7 40.54 Unpacking node-spdx-exceptions (2.3.0-2) ...
#7 40.56 Selecting previously unselected package node-spdx-expression-parse.
#7 40.57 Preparing to unpack .../279-node-spdx-expression-parse_3.0.1+~3.0.1-1_all.deb ...
#7 40.57 Unpacking node-spdx-expression-parse (3.0.1+~3.0.1-1) ...
#7 40.60 Selecting previously unselected package node-spdx-correct.
#7 40.60 Preparing to unpack .../280-node-spdx-correct_3.1.1-2_all.deb ...
#7 40.61 Unpacking node-spdx-correct (3.1.1-2) ...
#7 40.64 Selecting previously unselected package node-validate-npm-package-license.
#7 40.64 Preparing to unpack .../281-node-validate-npm-package-license_3.0.4-2_all.deb ...
#7 40.65 Unpacking node-validate-npm-package-license (3.0.4-2) ...
#7 40.68 Selecting previously unselected package node-normalize-package-data.
#7 40.68 Preparing to unpack .../282-node-normalize-package-data_4.0.1+~2.4.1-1_all.deb ...
#7 40.69 Unpacking node-normalize-package-data (4.0.1+~2.4.1-1) ...
#7 40.71 Selecting previously unselected package node-read-pkg.
#7 40.72 Preparing to unpack .../283-node-read-pkg_5.2.0-2_all.deb ...
#7 40.72 Unpacking node-read-pkg (5.2.0-2) ...
#7 40.75 Selecting previously unselected package node-uuid.
#7 40.75 Preparing to unpack .../284-node-uuid_8.3.2+~8.3.4-1_all.deb ...
#7 40.76 Unpacking node-uuid (8.3.2+~8.3.4-1) ...
#7 40.80 Selecting previously unselected package node-isexe.
#7 40.81 Preparing to unpack .../285-node-isexe_2.0.0+~2.0.1-5_all.deb ...
#7 40.81 Unpacking node-isexe (2.0.0+~2.0.1-5) ...
#7 40.84 Selecting previously unselected package node-which.
#7 40.84 Preparing to unpack .../286-node-which_2.0.2+~cs1.3.2-3_all.deb ...
#7 40.84 Unpacking node-which (2.0.2+~cs1.3.2-3) ...
#7 40.87 Selecting previously unselected package node-is-typedarray.
#7 40.88 Preparing to unpack .../287-node-is-typedarray_1.0.0-4_all.deb ...
#7 40.88 Unpacking node-is-typedarray (1.0.0-4) ...
#7 40.91 Selecting previously unselected package node-typedarray-to-buffer.
#7 40.92 Preparing to unpack .../288-node-typedarray-to-buffer_4.0.0-2_all.deb ...
#7 40.92 Unpacking node-typedarray-to-buffer (4.0.0-2) ...
#7 40.95 Selecting previously unselected package node-write-file-atomic.
#7 40.95 Preparing to unpack .../289-node-write-file-atomic_4.0.2+~4.0.0-2_all.deb ...
#7 40.96 Unpacking node-write-file-atomic (4.0.2+~4.0.0-2) ...
#7 40.98 Selecting previously unselected package node-slice-ansi.
#7 40.99 Preparing to unpack .../290-node-slice-ansi_5.0.0+~cs9.0.0-5_all.deb ...
#7 40.99 Unpacking node-slice-ansi (5.0.0+~cs9.0.0-5) ...
#7 41.01 Selecting previously unselected package node-ansi-regex.
#7 41.02 Preparing to unpack .../291-node-ansi-regex_5.0.1-1_all.deb ...
#7 41.02 Unpacking node-ansi-regex (5.0.1-1) ...
#7 41.05 Selecting previously unselected package node-strip-ansi.
#7 41.05 Preparing to unpack .../292-node-strip-ansi_6.0.1-2_all.deb ...
#7 41.06 Unpacking node-strip-ansi (6.0.1-2) ...
#7 41.08 Selecting previously unselected package node-clone.
#7 41.08 Preparing to unpack .../293-node-clone_2.1.2+~2.1.2-1_all.deb ...
#7 41.08 Unpacking node-clone (2.1.2+~2.1.2-1) ...
#7 41.11 Selecting previously unselected package node-defaults.
#7 41.11 Preparing to unpack .../294-node-defaults_1.0.4+~1.0.3-1_all.deb ...
#7 41.11 Unpacking node-defaults (1.0.4+~1.0.3-1) ...
#7 41.14 Selecting previously unselected package node-wcwidth.js.
#7 41.15 Preparing to unpack .../295-node-wcwidth.js_1.0.2-2_all.deb ...
#7 41.15 Unpacking node-wcwidth.js (1.0.2-2) ...
#7 41.18 Selecting previously unselected package node-string-width.
#7 41.18 Preparing to unpack .../296-node-string-width_4.2.3+~cs13.2.3-1_all.deb ...
#7 41.19 Unpacking node-string-width (4.2.3+~cs13.2.3-1) ...
#7 41.22 Selecting previously unselected package node-wrap-ansi.
#7 41.22 Preparing to unpack .../297-node-wrap-ansi_8.0.1+~8.0.1-3_all.deb ...
#7 41.23 Unpacking node-wrap-ansi (8.0.1+~8.0.1-3) ...
#7 41.26 Selecting previously unselected package node-cliui.
#7 41.27 Preparing to unpack .../298-node-cliui_7.0.4+repack+1+~cs1.4.2-2_all.deb ...
#7 41.27 Unpacking node-cliui (7.0.4+repack+1+~cs1.4.2-2) ...
#7 41.30 Selecting previously unselected package node-get-caller-file.
#7 41.30 Preparing to unpack .../299-node-get-caller-file_2.0.5+~cs1.1.1-4_all.deb ...
#7 41.30 Unpacking node-get-caller-file (2.0.5+~cs1.1.1-4) ...
#7 41.33 Selecting previously unselected package node-require-directory.
#7 41.33 Preparing to unpack .../300-node-require-directory_2.1.1+~2.1.2-1_all.deb ...
#7 41.33 Unpacking node-require-directory (2.1.1+~2.1.2-1) ...
#7 41.36 Selecting previously unselected package node-y18n.
#7 41.36 Preparing to unpack .../301-node-y18n_5.0.8+~5.0.0-3_all.deb ...
#7 41.36 Unpacking node-y18n (5.0.8+~5.0.0-3) ...
#7 41.39 Selecting previously unselected package node-camelcase.
#7 41.40 Preparing to unpack .../302-node-camelcase_7.0.0-3_all.deb ...
#7 41.40 Unpacking node-camelcase (7.0.0-3) ...
#7 41.43 Selecting previously unselected package node-yargs-parser.
#7 41.43 Preparing to unpack .../303-node-yargs-parser_21.1.1+~21.0.0-4_all.deb ...
#7 41.44 Unpacking node-yargs-parser (21.1.1+~21.0.0-4) ...
#7 41.47 Selecting previously unselected package node-yargs.
#7 41.48 Preparing to unpack .../304-node-yargs_16.2.0+~16.0.4-7_all.deb ...
#7 41.48 Unpacking node-yargs (16.2.0+~16.0.4-7) ...
#7 41.53 Selecting previously unselected package node-istanbul.
#7 41.54 Preparing to unpack .../305-node-istanbul_0.4.5+repack10+~cs98.25.59-3_all.deb ...
#7 41.54 Unpacking node-istanbul (0.4.5+repack10+~cs98.25.59-3) ...
#7 41.64 Selecting previously unselected package node-through.
#7 41.65 Preparing to unpack .../306-node-through_2.3.8+~cs0.0.30-1_all.deb ...
#7 41.65 Unpacking node-through (2.3.8+~cs0.0.30-1) ...
#7 41.68 Selecting previously unselected package node-resumer.
#7 41.68 Preparing to unpack .../307-node-resumer_0.0.0-6_all.deb ...
#7 41.69 Unpacking node-resumer (0.0.0-6) ...
#7 41.71 Selecting previously unselected package node-tape.
#7 41.72 Preparing to unpack .../308-node-tape_5.6.1+~cs8.20.19-3_all.deb ...
#7 41.72 Unpacking node-tape (5.6.1+~cs8.20.19-3) ...
#7 41.76 Selecting previously unselected package node-deep-equal.
#7 41.76 Preparing to unpack .../309-node-deep-equal_2.2.3+~cs43.15.94-1_all.deb ...
#7 41.77 Unpacking node-deep-equal (2.2.3+~cs43.15.94-1) ...
#7 41.84 Selecting previously unselected package libjs-util.
#7 41.85 Preparing to unpack .../310-libjs-util_0.12.5+~1.0.10-1_all.deb ...
#7 41.85 Unpacking libjs-util (0.12.5+~1.0.10-1) ...
#7 41.88 Selecting previously unselected package libjsoncpp-dev:amd64.
#7 41.89 Preparing to unpack .../311-libjsoncpp-dev_1.9.6-3_amd64.deb ...
#7 41.89 Unpacking libjsoncpp-dev:amd64 (1.9.6-3) ...
#7 41.93 Selecting previously unselected package libmbedcrypto16:amd64.
#7 41.93 Preparing to unpack .../312-libmbedcrypto16_3.6.6-0.1~deb13u1_amd64.deb ...
#7 41.93 Unpacking libmbedcrypto16:amd64 (3.6.6-0.1~deb13u1) ...
#7 41.97 Selecting previously unselected package libmbedx509-7:amd64.
#7 41.97 Preparing to unpack .../313-libmbedx509-7_3.6.6-0.1~deb13u1_amd64.deb ...
#7 41.98 Unpacking libmbedx509-7:amd64 (3.6.6-0.1~deb13u1) ...
#7 42.01 Selecting previously unselected package libmbedtls21:amd64.
#7 42.01 Preparing to unpack .../314-libmbedtls21_3.6.6-0.1~deb13u1_amd64.deb ...
#7 42.02 Unpacking libmbedtls21:amd64 (3.6.6-0.1~deb13u1) ...
#7 42.05 Selecting previously unselected package libmbedtls-dev:amd64.
#7 42.05 Preparing to unpack .../315-libmbedtls-dev_3.6.6-0.1~deb13u1_amd64.deb ...
#7 42.05 Unpacking libmbedtls-dev:amd64 (3.6.6-0.1~deb13u1) ...
#7 42.12 Selecting previously unselected package libmnl0:amd64.
#7 42.13 Preparing to unpack .../316-libmnl0_1.0.5-3_amd64.deb ...
#7 42.13 Unpacking libmnl0:amd64 (1.0.5-3) ...
#7 42.17 Selecting previously unselected package libncurses6:amd64.
#7 42.17 Preparing to unpack .../317-libncurses6_6.5+20250216-2_amd64.deb ...
#7 42.18 Unpacking libncurses6:amd64 (6.5+20250216-2) ...
#7 42.21 Selecting previously unselected package libncurses-dev:amd64.
#7 42.21 Preparing to unpack .../318-libncurses-dev_6.5+20250216-2_amd64.deb ...
#7 42.21 Unpacking libncurses-dev:amd64 (6.5+20250216-2) ...
#7 42.28 Selecting previously unselected package libnfnetlink0:amd64.
#7 42.28 Preparing to unpack .../319-libnfnetlink0_1.0.2-3_amd64.deb ...
#7 42.29 Unpacking libnfnetlink0:amd64 (1.0.2-3) ...
#7 42.34 Selecting previously unselected package libnetfilter-queue1:amd64.
#7 42.35 Preparing to unpack .../320-libnetfilter-queue1_1.0.5-4+b1_amd64.deb ...
#7 42.35 Unpacking libnetfilter-queue1:amd64 (1.0.5-4+b1) ...
#7 42.38 Selecting previously unselected package libnfnetlink-dev:amd64.
#7 42.39 Preparing to unpack .../321-libnfnetlink-dev_1.0.2-3_amd64.deb ...
#7 42.39 Unpacking libnfnetlink-dev:amd64 (1.0.2-3) ...
#7 42.43 Selecting previously unselected package pkg-config:amd64.
#7 42.43 Preparing to unpack .../322-pkg-config_1.8.1-4_amd64.deb ...
#7 42.44 Unpacking pkg-config:amd64 (1.8.1-4) ...
#7 42.47 Selecting previously unselected package libnetfilter-queue-dev:amd64.
#7 42.47 Preparing to unpack .../323-libnetfilter-queue-dev_1.0.5-4+b1_amd64.deb ...
#7 42.48 Unpacking libnetfilter-queue-dev:amd64 (1.0.5-4+b1) ...
#7 42.51 Selecting previously unselected package libssl-dev:amd64.
#7 42.52 Preparing to unpack .../324-libssl-dev_3.5.7-1~deb13u2_amd64.deb ...
#7 42.52 Unpacking libssl-dev:amd64 (3.5.7-1~deb13u2) ...
#7 42.66 Selecting previously unselected package libuv1-dev:amd64.
#7 42.66 Preparing to unpack .../325-libuv1-dev_1.50.0-2_amd64.deb ...
#7 42.67 Unpacking libuv1-dev:amd64 (1.50.0-2) ...
#7 42.70 Selecting previously unselected package libnode-dev.
#7 42.71 Preparing to unpack .../326-libnode-dev_20.19.2+dfsg-1+deb13u2_amd64.deb ...
#7 42.71 Unpacking libnode-dev (20.19.2+dfsg-1+deb13u2) ...
#7 42.82 Selecting previously unselected package zlib1g-dev:amd64.
#7 42.82 Preparing to unpack .../327-zlib1g-dev_1%3a1.3.dfsg+really1.3.1-1+b1_amd64.deb ...
#7 42.82 Unpacking zlib1g-dev:amd64 (1:1.3.dfsg+really1.3.1-1+b1) ...
#7 42.87 Selecting previously unselected package libprotobuf32t64:amd64.
#7 42.87 Preparing to unpack .../328-libprotobuf32t64_3.21.12-11+deb13u1_amd64.deb ...
#7 42.88 Unpacking libprotobuf32t64:amd64 (3.21.12-11+deb13u1) ...
#7 42.94 Selecting previously unselected package libprotobuf-lite32t64:amd64.
#7 42.95 Preparing to unpack .../329-libprotobuf-lite32t64_3.21.12-11+deb13u1_amd64.deb ...
#7 42.95 Unpacking libprotobuf-lite32t64:amd64 (3.21.12-11+deb13u1) ...
#7 42.99 Selecting previously unselected package libprotobuf-dev:amd64.
#7 42.99 Preparing to unpack .../330-libprotobuf-dev_3.21.12-11+deb13u1_amd64.deb ...
#7 43.00 Unpacking libprotobuf-dev:amd64 (3.21.12-11+deb13u1) ...
#7 43.09 Selecting previously unselected package libprotoc32t64:amd64.
#7 43.09 Preparing to unpack .../331-libprotoc32t64_3.21.12-11+deb13u1_amd64.deb ...
#7 43.10 Unpacking libprotoc32t64:amd64 (3.21.12-11+deb13u1) ...
#7 43.15 Selecting previously unselected package libreadline-dev:amd64.
#7 43.16 Preparing to unpack .../332-libreadline-dev_8.2-6_amd64.deb ...
#7 43.16 Unpacking libreadline-dev:amd64 (8.2-6) ...
#7 43.20 Selecting previously unselected package node-agent-base.
#7 43.20 Preparing to unpack .../333-node-agent-base_7.1.1~0~2024040606-6+deb13u1_all.deb ...
#7 43.20 Unpacking node-agent-base (7.1.1~0~2024040606-6+deb13u1) ...
#7 43.24 Selecting previously unselected package node-ajv-keywords.
#7 43.24 Preparing to unpack .../334-node-ajv-keywords_5.1.0-4_all.deb ...
#7 43.25 Unpacking node-ajv-keywords (5.1.0-4) ...
#7 43.31 Selecting previously unselected package node-ansi-escapes.
#7 43.31 Preparing to unpack .../335-node-ansi-escapes_5.0.0+really.4.3.1-1_all.deb ...
#7 43.31 Unpacking node-ansi-escapes (5.0.0+really.4.3.1-1) ...
#7 43.34 Selecting previously unselected package node-aproba.
#7 43.35 Preparing to unpack .../336-node-aproba_2.0.0-3_all.deb ...
#7 43.35 Unpacking node-aproba (2.0.0-3) ...
#7 43.38 Selecting previously unselected package node-delegates.
#7 43.39 Preparing to unpack .../337-node-delegates_1.0.0-3_all.deb ...
#7 43.39 Unpacking node-delegates (1.0.0-3) ...
#7 43.42 Selecting previously unselected package node-are-we-there-yet.
#7 43.42 Preparing to unpack .../338-node-are-we-there-yet_3.0.1+~1.1.0-1_all.deb ...
#7 43.43 Unpacking node-are-we-there-yet (3.0.1+~1.1.0-1) ...
#7 43.46 Selecting previously unselected package node-async-each.
#7 43.46 Preparing to unpack .../339-node-async-each_1.0.3-3_all.deb ...
#7 43.47 Unpacking node-async-each (1.0.3-3) ...
#7 43.49 Selecting previously unselected package node-babel-plugin-lodash.
#7 43.49 Preparing to unpack .../340-node-babel-plugin-lodash_3.3.4+~cs2.0.1-7_all.deb ...
#7 43.50 Unpacking node-babel-plugin-lodash (3.3.4+~cs2.0.1-7) ...
#7 43.53 Selecting previously unselected package node-base64-js.
#7 43.53 Preparing to unpack .../341-node-base64-js_1.5.1+dfsg+~1.3.0-2_all.deb ...
#7 43.54 Unpacking node-base64-js (1.5.1+dfsg+~1.3.0-2) ...
#7 43.57 Selecting previously unselected package node-binary-extensions.
#7 43.57 Preparing to unpack .../342-node-binary-extensions_2.2.0-2_all.deb ...
#7 43.58 Unpacking node-binary-extensions (2.2.0-2) ...
#7 43.61 Selecting previously unselected package node-builtins.
#7 43.61 Preparing to unpack .../343-node-builtins_5.0.1-1_all.deb ...
#7 43.61 Unpacking node-builtins (5.0.1-1) ...
#7 43.65 Selecting previously unselected package node-chownr.
#7 43.65 Preparing to unpack .../344-node-chownr_2.0.0-3_all.deb ...
#7 43.66 Unpacking node-chownr (2.0.0-3) ...
#7 43.69 Selecting previously unselected package node-iconv-lite.
#7 43.69 Preparing to unpack .../345-node-iconv-lite_0.6.3-3_all.deb ...
#7 43.69 Unpacking node-iconv-lite (0.6.3-3) ...
#7 43.73 Selecting previously unselected package node-encoding.
#7 43.74 Preparing to unpack .../346-node-encoding_0.1.13-2_all.deb ...
#7 43.74 Unpacking node-encoding (0.1.13-2) ...
#7 43.77 Selecting previously unselected package node-jsonparse.
#7 43.78 Preparing to unpack .../347-node-jsonparse_1.3.1-10_all.deb ...
#7 43.78 Unpacking node-jsonparse (1.3.1-10) ...
#7 43.81 Selecting previously unselected package node-yallist.
#7 43.82 Preparing to unpack .../348-node-yallist_4.0.0+~4.0.1-1_all.deb ...
#7 43.82 Unpacking node-yallist (4.0.0+~4.0.1-1) ...
#7 43.85 Selecting previously unselected package node-minipass.
#7 43.85 Preparing to unpack .../349-node-minipass_5.0.0+~cs10.3.21-3_all.deb ...
#7 43.85 Unpacking node-minipass (5.0.0+~cs10.3.21-3) ...
#7 43.89 Selecting previously unselected package node-iferr.
#7 43.90 Preparing to unpack .../350-node-iferr_1.0.2+~1.0.2-1_all.deb ...
#7 43.90 Unpacking node-iferr (1.0.2+~1.0.2-1) ...
#7 43.93 Selecting previously unselected package node-fs-write-stream-atomic.
#7 43.93 Preparing to unpack .../351-node-fs-write-stream-atomic_1.0.10-6_all.deb ...
#7 43.94 Unpacking node-fs-write-stream-atomic (1.0.10-6) ...
#7 43.97 Selecting previously unselected package node-run-queue.
#7 43.98 Preparing to unpack .../352-node-run-queue_2.0.0-3_all.deb ...
#7 43.98 Unpacking node-run-queue (2.0.0-3) ...
#7 44.01 Selecting previously unselected package node-copy-concurrently.
#7 44.02 Preparing to unpack .../353-node-copy-concurrently_1.0.5-9_all.deb ...
#7 44.02 Unpacking node-copy-concurrently (1.0.5-9) ...
#7 44.06 Selecting previously unselected package node-move-concurrently.
#7 44.06 Preparing to unpack .../354-node-move-concurrently_1.0.1-5_all.deb ...
#7 44.06 Unpacking node-move-concurrently (1.0.1-5) ...
#7 44.09 Selecting previously unselected package node-promise-inflight.
#7 44.10 Preparing to unpack .../355-node-promise-inflight_1.0.1+~1.0.0-1_all.deb ...
#7 44.10 Unpacking node-promise-inflight (1.0.1+~1.0.0-1) ...
#7 44.13 Selecting previously unselected package node-ssri.
#7 44.14 Preparing to unpack .../356-node-ssri_9.0.1-3_all.deb ...
#7 44.14 Unpacking node-ssri (9.0.1-3) ...
#7 44.18 Selecting previously unselected package node-unique-filename.
#7 44.18 Preparing to unpack .../357-node-unique-filename_1.1.1+ds-2_all.deb ...
#7 44.18 Unpacking node-unique-filename (1.1.1+ds-2) ...
#7 44.22 Selecting previously unselected package node-cacache.
#7 44.22 Preparing to unpack .../358-node-cacache_17.0.3+~cs10.3.7-2_all.deb ...
#7 44.23 Unpacking node-cacache (17.0.3+~cs10.3.7-2) ...
#7 44.26 Selecting previously unselected package node-is-binary-path.
#7 44.26 Preparing to unpack .../359-node-is-binary-path_2.1.0-5_all.deb ...
#7 44.26 Unpacking node-is-binary-path (2.1.0-5) ...
#7 44.29 Selecting previously unselected package node-path-is-absolute.
#7 44.29 Preparing to unpack .../360-node-path-is-absolute_2.0.0-2_all.deb ...
#7 44.29 Unpacking node-path-is-absolute (2.0.0-2) ...
#7 44.32 Selecting previously unselected package node-set-immediate-shim.
#7 44.32 Preparing to unpack .../361-node-set-immediate-shim_2.0.0-2_all.deb ...
#7 44.33 Unpacking node-set-immediate-shim (2.0.0-2) ...
#7 44.36 Selecting previously unselected package node-readdirp.
#7 44.36 Preparing to unpack .../362-node-readdirp_3.6.0-1_all.deb ...
#7 44.37 Unpacking node-readdirp (3.6.0-1) ...
#7 44.40 Selecting previously unselected package node-chokidar.
#7 44.41 Preparing to unpack .../363-node-chokidar_3.6.0-3_all.deb ...
#7 44.42 Unpacking node-chokidar (3.6.0-3) ...
#7 44.45 Selecting previously unselected package node-tslib.
#7 44.46 Preparing to unpack .../364-node-tslib_2.4.1-1_all.deb ...
#7 44.46 Unpacking node-tslib (2.4.1-1) ...
#7 44.49 Selecting previously unselected package node-chrome-trace-event.
#7 44.50 Preparing to unpack .../365-node-chrome-trace-event_1.0.3-2_all.deb ...
#7 44.50 Unpacking node-chrome-trace-event (1.0.3-2) ...
#7 44.54 Selecting previously unselected package node-ci-info.
#7 44.54 Preparing to unpack .../366-node-ci-info_4.0.0+~cs1.1.0-1_all.deb ...
#7 44.55 Unpacking node-ci-info (4.0.0+~cs1.1.0-1) ...
#7 44.58 Selecting previously unselected package node-colors.
#7 44.59 Preparing to unpack .../367-node-colors_1.4.0-4_all.deb ...
#7 44.59 Unpacking node-colors (1.4.0-4) ...
#7 44.62 Selecting previously unselected package node-cli-table.
#7 44.62 Preparing to unpack .../368-node-cli-table_0.3.11+~cs0.13.4-3_all.deb ...
#7 44.63 Unpacking node-cli-table (0.3.11+~cs0.13.4-3) ...
#7 44.67 Selecting previously unselected package node-columnify.
#7 44.68 Preparing to unpack .../369-node-columnify_1.6.0+~1.5.1-1_all.deb ...
#7 44.68 Unpacking node-columnify (1.6.0+~1.5.1-1) ...
#7 44.72 Selecting previously unselected package node-console-control-strings.
#7 44.72 Preparing to unpack .../370-node-console-control-strings_1.1.0-3_all.deb ...
#7 44.73 Unpacking node-console-control-strings (1.1.0-3) ...
#7 44.76 Selecting previously unselected package node-css-selector-tokenizer.
#7 44.77 Preparing to unpack .../371-node-css-selector-tokenizer_0.8.0+~cs4.8.3-1_all.deb ...
#7 44.77 Unpacking node-css-selector-tokenizer (0.8.0+~cs4.8.3-1) ...
#7 44.81 Selecting previously unselected package node-postcss.
#7 44.81 Preparing to unpack .../372-node-postcss_8.4.49+~cs9.2.32-1_all.deb ...
#7 44.82 Unpacking node-postcss (8.4.49+~cs9.2.32-1) ...
#7 44.87 Selecting previously unselected package node-icss-utils.
#7 44.88 Preparing to unpack .../373-node-icss-utils_5.1.0+~5.1.0-1_all.deb ...
#7 44.88 Unpacking node-icss-utils (5.1.0+~5.1.0-1) ...
#7 44.92 Selecting previously unselected package node-postcss-modules-extract-imports.
#7 44.93 Preparing to unpack .../374-node-postcss-modules-extract-imports_3.0.0-2_all.deb ...
#7 44.93 Unpacking node-postcss-modules-extract-imports (3.0.0-2) ...
#7 44.97 Selecting previously unselected package node-postcss-modules-values.
#7 44.98 Preparing to unpack .../375-node-postcss-modules-values_4.0.0+~4.0.0-1_all.deb ...
#7 44.98 Unpacking node-postcss-modules-values (4.0.0+~4.0.0-1) ...
#7 45.02 Selecting previously unselected package node-postcss-value-parser.
#7 45.02 Preparing to unpack .../376-node-postcss-value-parser_4.2.0-1_all.deb ...
#7 45.02 Unpacking node-postcss-value-parser (4.2.0-1) ...
#7 45.06 Selecting previously unselected package node-prr.
#7 45.06 Preparing to unpack .../377-node-prr_1.0.1-3_all.deb ...
#7 45.06 Unpacking node-prr (1.0.1-3) ...
#7 45.09 Selecting previously unselected package node-errno.
#7 45.10 Preparing to unpack .../378-node-errno_1.0.0-3_all.deb ...
#7 45.10 Unpacking node-errno (1.0.0-3) ...
#7 45.13 Selecting previously unselected package node-memory-fs.
#7 45.14 Preparing to unpack .../379-node-memory-fs_0.5.0+~0.3.3-2_all.deb ...
#7 45.14 Unpacking node-memory-fs (0.5.0+~0.3.3-2) ...
#7 45.18 Selecting previously unselected package node-tapable.
#7 45.19 Preparing to unpack .../380-node-tapable_2.2.1-3_all.deb ...
#7 45.19 Unpacking node-tapable (2.2.1-3) ...
#7 45.22 Selecting previously unselected package node-enhanced-resolve.
#7 45.23 Preparing to unpack .../381-node-enhanced-resolve_5.15.0-1_all.deb ...
#7 45.23 Unpacking node-enhanced-resolve (5.15.0-1) ...
#7 45.26 Selecting previously unselected package node-es-module-lexer.
#7 45.26 Preparing to unpack .../382-node-es-module-lexer_1.1.0+dfsg-3_all.deb ...
#7 45.26 Unpacking node-es-module-lexer (1.1.0+dfsg-3) ...
#7 45.29 Selecting previously unselected package node-events.
#7 45.29 Preparing to unpack .../383-node-events_3.3.0+~3.0.0-3_all.deb ...
#7 45.30 Unpacking node-events (3.3.0+~3.0.0-3) ...
#7 45.32 Selecting previously unselected package node-resolve-cwd.
#7 45.33 Preparing to unpack .../384-node-resolve-cwd_3.0.0-2_all.deb ...
#7 45.33 Unpacking node-resolve-cwd (3.0.0-2) ...
#7 45.35 Selecting previously unselected package node-jest-debbundle.
#7 45.36 Preparing to unpack .../385-node-jest-debbundle_29.6.2~ds1+~cs73.45.28-5_all.deb ...
#7 45.36 Unpacking node-jest-debbundle (29.6.2~ds1+~cs73.45.28-5) ...
#7 45.42 Selecting previously unselected package node-interpret.
#7 45.42 Preparing to unpack .../386-node-interpret_2.2.0-3_all.deb ...
#7 45.43 Unpacking node-interpret (2.2.0-3) ...
#7 45.46 Selecting previously unselected package node-merge-stream.
#7 45.46 Preparing to unpack .../387-node-merge-stream_2.0.0+~1.1.2-2_all.deb ...
#7 45.47 Unpacking node-merge-stream (2.0.0+~1.1.2-2) ...
#7 45.49 Selecting previously unselected package node-jest-worker.
#7 45.50 Preparing to unpack .../388-node-jest-worker_29.6.2~ds1+~cs73.45.28-5_all.deb ...
#7 45.50 Unpacking node-jest-worker (29.6.2~ds1+~cs73.45.28-5) ...
#7 45.54 Selecting previously unselected package node-loader-runner.
#7 45.54 Preparing to unpack .../389-node-loader-runner_4.3.0-1_all.deb ...
#7 45.55 Unpacking node-loader-runner (4.3.0-1) ...
#7 45.58 Selecting previously unselected package node-mime.
#7 45.58 Preparing to unpack .../390-node-mime_3.0.0+dfsg+~cs6.97.2-2_all.deb ...
#7 45.59 Unpacking node-mime (3.0.0+dfsg+~cs6.97.2-2) ...
#7 45.61 Selecting previously unselected package node-mime-types.
#7 45.62 Preparing to unpack .../391-node-mime-types_2.1.35-2_all.deb ...
#7 45.62 Unpacking node-mime-types (2.1.35-2) ...
#7 45.64 Selecting previously unselected package node-rechoir.
#7 45.65 Preparing to unpack .../392-node-rechoir_0.8.0+~0.6.1-2_all.deb ...
#7 45.65 Unpacking node-rechoir (0.8.0+~0.6.1-2) ...
#7 45.67 Selecting previously unselected package node-schema-utils.
#7 45.68 Preparing to unpack .../393-node-schema-utils_4.2.0~ds-3_all.deb ...
#7 45.68 Unpacking node-schema-utils (4.2.0~ds-3) ...
#7 45.70 Selecting previously unselected package node-randombytes.
#7 45.71 Preparing to unpack .../394-node-randombytes_2.1.0+~2.0.0-2_all.deb ...
#7 45.71 Unpacking node-randombytes (2.1.0+~2.0.0-2) ...
#7 45.73 Selecting previously unselected package node-serialize-javascript.
#7 45.74 Preparing to unpack .../395-node-serialize-javascript_6.0.2-1_all.deb ...
#7 45.74 Unpacking node-serialize-javascript (6.0.2-1) ...
#7 45.77 Selecting previously unselected package node-watchpack.
#7 45.77 Preparing to unpack .../396-node-watchpack_2.4.0+~cs2.8.1-1_all.deb ...
#7 45.78 Unpacking node-watchpack (2.4.0+~cs2.8.1-1) ...
#7 45.80 Selecting previously unselected package node-webassemblyjs.
#7 45.81 Preparing to unpack .../397-node-webassemblyjs_1.11.4+dfsg+~cs10.11.17-2_all.deb ...
#7 45.81 Unpacking node-webassemblyjs (1.11.4+dfsg+~cs10.11.17-2) ...
#7 45.93 Selecting previously unselected package node-source-list-map.
#7 45.93 Preparing to unpack .../398-node-source-list-map_2.0.1+dfsg+~0.1.2-1_all.deb ...
#7 45.93 Unpacking node-source-list-map (2.0.1+dfsg+~0.1.2-1) ...
#7 45.96 Selecting previously unselected package node-webpack-sources.
#7 45.96 Preparing to unpack .../399-node-webpack-sources_3.2.3+~3.2.0-2_all.deb ...
#7 45.96 Unpacking node-webpack-sources (3.2.3+~3.2.0-2) ...
#7 45.99 Selecting previously unselected package node-terser.
#7 46.00 Preparing to unpack .../400-node-terser_5.38.0-1_all.deb ...
#7 46.00 Unpacking node-terser (5.38.0-1) ...
#7 46.04 Selecting previously unselected package terser.
#7 46.04 Preparing to unpack .../401-terser_5.38.0-1_all.deb ...
#7 46.04 Unpacking terser (5.38.0-1) ...
#7 46.07 Selecting previously unselected package node-get-stream.
#7 46.07 Preparing to unpack .../402-node-get-stream_8.0.1-11_all.deb ...
#7 46.08 Unpacking node-get-stream (8.0.1-11) ...
#7 46.10 Selecting previously unselected package node-mimic-fn.
#7 46.11 Preparing to unpack .../403-node-mimic-fn_4.0.0-5_all.deb ...
#7 46.11 Unpacking node-mimic-fn (4.0.0-5) ...
#7 46.13 Selecting previously unselected package node-strip-eof.
#7 46.14 Preparing to unpack .../404-node-strip-eof_3.0.0-5_all.deb ...
#7 46.14 Unpacking node-strip-eof (3.0.0-5) ...
#7 46.17 Selecting previously unselected package node-execa.
#7 46.17 Preparing to unpack .../405-node-execa_8.0.1+dfsg1+~cs12.0.0-1_all.deb ...
#7 46.17 Unpacking node-execa (8.0.1+dfsg1+~cs12.0.0-1) ...
#7 46.20 Selecting previously unselected package node-envinfo.
#7 46.21 Preparing to unpack .../406-node-envinfo_7.11.0+~cs14.3.0-3_all.deb ...
#7 46.21 Unpacking node-envinfo (7.11.0+~cs14.3.0-3) ...
#7 46.24 Selecting previously unselected package webpack.
#7 46.25 Preparing to unpack .../407-webpack_5.97.1+dfsg1+~cs11.18.27-3_all.deb ...
#7 46.25 Unpacking webpack (5.97.1+dfsg1+~cs11.18.27-3) ...
#7 46.43 Selecting previously unselected package node-css-loader.
#7 46.43 Preparing to unpack .../408-node-css-loader_6.8.1+~cs14.0.17-1_all.deb ...
#7 46.44 Unpacking node-css-loader (6.8.1+~cs14.0.17-1) ...
#7 46.49 Selecting previously unselected package node-data-uri-to-buffer.
#7 46.49 Preparing to unpack .../409-node-data-uri-to-buffer_6.0.2~0~2024040606-6+deb13u1_all.deb ...
#7 46.50 Unpacking node-data-uri-to-buffer (6.0.2~0~2024040606-6+deb13u1) ...
#7 46.53 Selecting previously unselected package node-mimic-response.
#7 46.53 Preparing to unpack .../410-node-mimic-response_3.1.0-9_all.deb ...
#7 46.54 Unpacking node-mimic-response (3.1.0-9) ...
#7 46.56 Selecting previously unselected package node-decompress-response.
#7 46.57 Preparing to unpack .../411-node-decompress-response_6.0.0-3_all.deb ...
#7 46.57 Unpacking node-decompress-response (6.0.0-3) ...
#7 46.59 Selecting previously unselected package node-depd.
#7 46.60 Preparing to unpack .../412-node-depd_2.0.0-2_all.deb ...
#7 46.60 Unpacking node-depd (2.0.0-2) ...
#7 46.62 Selecting previously unselected package node-diff.
#7 46.63 Preparing to unpack .../413-node-diff_5.0.0~dfsg+~5.0.1-4_all.deb ...
#7 46.63 Unpacking node-diff (5.0.0~dfsg+~5.0.1-4) ...
#7 46.66 Selecting previously unselected package node-err-code.
#7 46.66 Preparing to unpack .../414-node-err-code_2.0.3+dfsg-3_all.deb ...
#7 46.67 Unpacking node-err-code (2.0.3+dfsg-3) ...
#7 46.69 Selecting previously unselected package node-time-stamp.
#7 46.69 Preparing to unpack .../415-node-time-stamp_2.2.0-2_all.deb ...
#7 46.69 Unpacking node-time-stamp (2.2.0-2) ...
#7 46.72 Selecting previously unselected package node-fancy-log.
#7 46.72 Preparing to unpack .../416-node-fancy-log_1.3.3+~cs1.3.1-2_all.deb ...
#7 46.73 Unpacking node-fancy-log (1.3.3+~cs1.3.1-2) ...
#7 46.75 Selecting previously unselected package node-fetch.
#7 46.76 Preparing to unpack .../417-node-fetch_3.3.2+~cs11.4.11-3_all.deb ...
#7 46.76 Unpacking node-fetch (3.3.2+~cs11.4.11-3) ...
#7 46.82 Selecting previously unselected package node-has-unicode.
#7 46.83 Preparing to unpack .../418-node-has-unicode_2.0.1-5_all.deb ...
#7 46.84 Unpacking node-has-unicode (2.0.1-5) ...
#7 46.86 Selecting previously unselected package node-wide-align.
#7 46.87 Preparing to unpack .../419-node-wide-align_1.1.3-4_all.deb ...
#7 46.87 Unpacking node-wide-align (1.1.3-4) ...
#7 46.89 Selecting previously unselected package node-gauge.
#7 46.90 Preparing to unpack .../420-node-gauge_4.0.4-2_all.deb ...
#7 46.90 Unpacking node-gauge (4.0.4-2) ...
#7 46.93 Selecting previously unselected package node-lowercase-keys.
#7 46.93 Preparing to unpack .../421-node-lowercase-keys_2.0.0-2_all.deb ...
#7 46.93 Unpacking node-lowercase-keys (2.0.0-2) ...
#7 46.96 Selecting previously unselected package node-json-buffer.
#7 46.96 Preparing to unpack .../422-node-json-buffer_3.0.1+~3.0.0-1_all.deb ...
#7 46.96 Unpacking node-json-buffer (3.0.1+~3.0.0-1) ...
#7 46.99 Selecting previously unselected package node-p-cancelable.
#7 46.99 Preparing to unpack .../423-node-p-cancelable_2.1.1-1_all.deb ...
#7 46.99 Unpacking node-p-cancelable (2.1.1-1) ...
#7 47.02 Selecting previously unselected package node-got.
#7 47.02 Preparing to unpack .../424-node-got_11.8.5+~cs58.13.36-5_all.deb ...
#7 47.03 Unpacking node-got (11.8.5+~cs58.13.36-5) ...
#7 47.08 Selecting previously unselected package node-https-proxy-agent.
#7 47.08 Preparing to unpack .../425-node-https-proxy-agent_7.0.4~0~2024040606-6+deb13u1_all.deb ...
#7 47.08 Unpacking node-https-proxy-agent (7.0.4~0~2024040606-6+deb13u1) ...
#7 47.11 Selecting previously unselected package node-set-blocking.
#7 47.11 Preparing to unpack .../426-node-set-blocking_2.0.0-2_all.deb ...
#7 47.11 Unpacking node-set-blocking (2.0.0-2) ...
#7 47.14 Selecting previously unselected package node-npmlog.
#7 47.14 Preparing to unpack .../427-node-npmlog_7.0.1+~4.1.4-1_all.deb ...
#7 47.14 Unpacking node-npmlog (7.0.1+~4.1.4-1) ...
#7 47.17 Selecting previously unselected package node-osenv.
#7 47.18 Preparing to unpack .../428-node-osenv_0.1.5+~0.1.1-1_all.deb ...
#7 47.18 Unpacking node-osenv (0.1.5+~0.1.1-1) ...
#7 47.20 Selecting previously unselected package node-tar.
#7 47.21 Preparing to unpack .../429-node-tar_6.2.1+~cs7.0.8-1+deb13u1_all.deb ...
#7 47.21 Unpacking node-tar (6.2.1+~cs7.0.8-1+deb13u1) ...
#7 47.24 Selecting previously unselected package node-gyp.
#7 47.24 Preparing to unpack .../430-node-gyp_11.1.0+~5.0.0-1_all.deb ...
#7 47.25 Unpacking node-gyp (11.1.0+~5.0.0-1) ...
#7 47.28 Selecting previously unselected package node-http-proxy-agent.
#7 47.28 Preparing to unpack .../431-node-http-proxy-agent_7.0.2~0~2024040606-6+deb13u1_all.deb ...
#7 47.28 Unpacking node-http-proxy-agent (7.0.2~0~2024040606-6+deb13u1) ...
#7 47.31 Selecting previously unselected package node-ieee754.
#7 47.31 Preparing to unpack .../432-node-ieee754_1.2.1-3_all.deb ...
#7 47.31 Unpacking node-ieee754 (1.2.1-3) ...
#7 47.34 Selecting previously unselected package node-ini.
#7 47.34 Preparing to unpack .../433-node-ini_3.0.1-2_all.deb ...
#7 47.34 Unpacking node-ini (3.0.1-2) ...
#7 47.37 Selecting previously unselected package node-ip.
#7 47.37 Preparing to unpack .../434-node-ip_2.0.1+~1.1.3-3_all.deb ...
#7 47.37 Unpacking node-ip (2.0.1+~1.1.3-3) ...
#7 47.40 Selecting previously unselected package node-ip-regex.
#7 47.41 Preparing to unpack .../435-node-ip-regex_4.3.0+~4.1.1-1_all.deb ...
#7 47.41 Unpacking node-ip-regex (4.3.0+~4.1.1-1) ...
#7 47.43 Selecting previously unselected package node-mute-stream.
#7 47.43 Preparing to unpack .../436-node-mute-stream_0.0.8+~0.0.1-3_all.deb ...
#7 47.44 Unpacking node-mute-stream (0.0.8+~0.0.1-3) ...
#7 47.46 Selecting previously unselected package node-negotiator.
#7 47.47 Preparing to unpack .../437-node-negotiator_0.6.3+~0.6.1-1_all.deb ...
#7 47.47 Unpacking node-negotiator (0.6.3+~0.6.1-1) ...
#7 47.50 Selecting previously unselected package node-read-package-json.
#7 47.50 Preparing to unpack .../438-node-read-package-json_5.0.2+~2.0.0-2_all.deb ...
#7 47.50 Unpacking node-read-package-json (5.0.2+~2.0.0-2) ...
#7 47.53 Selecting previously unselected package node-npm-bundled.
#7 47.53 Preparing to unpack .../439-node-npm-bundled_2.0.1-2_all.deb ...
#7 47.54 Unpacking node-npm-bundled (2.0.1-2) ...
#7 47.56 Selecting previously unselected package node-validate-npm-package-name.
#7 47.56 Preparing to unpack .../440-node-validate-npm-package-name_5.0.0+~4.0.0-1_all.deb ...
#7 47.57 Unpacking node-validate-npm-package-name (5.0.0+~4.0.0-1) ...
#7 47.59 Selecting previously unselected package node-npm-package-arg.
#7 47.59 Preparing to unpack .../441-node-npm-package-arg_10.0.0+~3.0.0-2_all.deb ...
#7 47.60 Unpacking node-npm-package-arg (10.0.0+~3.0.0-2) ...
#7 47.62 Selecting previously unselected package node-retry.
#7 47.62 Preparing to unpack .../442-node-retry_0.13.1.+~cs2.19.16-1_all.deb ...
#7 47.63 Unpacking node-retry (0.13.1.+~cs2.19.16-1) ...
#7 47.66 Selecting previously unselected package node-promise-retry.
#7 47.66 Preparing to unpack .../443-node-promise-retry_2.0.1-4_all.deb ...
#7 47.66 Unpacking node-promise-retry (2.0.1-4) ...
#7 47.69 Selecting previously unselected package node-read.
#7 47.69 Preparing to unpack .../444-node-read_1.0.7-5_all.deb ...
#7 47.69 Unpacking node-read (1.0.7-5) ...
#7 47.72 Selecting previously unselected package node-promzard.
#7 47.72 Preparing to unpack .../445-node-promzard_0.3.0-2_all.deb ...
#7 47.72 Unpacking node-promzard (0.3.0-2) ...
#7 47.75 Selecting previously unselected package node-text-table.
#7 47.75 Preparing to unpack .../446-node-text-table_0.2.0-4_all.deb ...
#7 47.75 Unpacking node-text-table (0.2.0-4) ...
#7 47.78 Selecting previously unselected package npm.
#7 47.79 Preparing to unpack .../447-npm_9.2.0~ds1-3_all.deb ...
#7 47.79 Unpacking npm (9.2.0~ds1-3) ...
#7 47.96 Preparing to unpack .../448-openssl_3.5.7-1~deb13u2_amd64.deb ...
#7 47.97 Unpacking openssl (3.5.7-1~deb13u2) over (3.5.6-1~deb13u2) ...
#7 48.03 Selecting previously unselected package protobuf-compiler.
#7 48.04 Preparing to unpack .../449-protobuf-compiler_3.21.12-11+deb13u1_amd64.deb ...
#7 48.04 Unpacking protobuf-compiler (3.21.12-11+deb13u1) ...
#7 48.09 Setting up libprotobuf-lite32t64:amd64 (3.21.12-11+deb13u1) ...
#7 48.09 Setting up media-types (13.0.0) ...
#7 48.10 Setting up libuv1-dev:amd64 (1.50.0-2) ...
#7 48.11 Setting up node-colors (1.4.0-4) ...
#7 48.12 Setting up node-fs.realpath (1.0.0-3) ...
#7 48.13 Setting up node-ampproject-remapping (2.2.0+~cs5.15.37-1) ...
#7 48.14 Setting up node-diff (5.0.0~dfsg+~5.0.1-4) ...
#7 48.15 Setting up libjsoncpp-dev:amd64 (1.9.6-3) ...
#7 48.16 Setting up libprotobuf32t64:amd64 (3.21.12-11+deb13u1) ...
#7 48.17 Setting up node-lru-cache (10.0.1-3) ...
#7 48.18 Setting up node-abbrev (1.1.1+~1.1.2-1) ...
#7 48.19 Setting up node-path-is-inside (1.0.2+~1.0.0-1) ...
#7 48.20 Setting up libjs-sprintf-js (1.1.2+ds1+~1.1.2-1) ...
#7 48.21 Setting up node-pify (5.0.0+~cs5.0.1-1) ...
#7 48.22 Setting up node-p-limit (4.0.0+~cs4.0.0-5) ...
#7 48.23 Setting up node-yallist (4.0.0+~4.0.1-1) ...
#7 48.24 Setting up libjs-inherits (2.0.4-6) ...
#7 48.25 Setting up node-p-cancelable (2.1.1-1) ...
#7 48.26 Setting up node-is-windows (1.0.2+~cs1.0.0-1) ...
#7 48.27 Setting up node-ansi-regex (5.0.1-1) ...
#7 48.28 Setting up node-loader-runner (4.3.0-1) ...
#7 48.29 Setting up node-object-inspect (1.12.2+~cs1.8.1-1) ...
#7 48.30 Setting up node-slash (4.0.0-3) ...
#7 48.30 Setting up node-util-deprecate (1.0.2-3) ...
#7 48.31 Setting up node-ieee754 (1.2.1-3) ...
#7 48.32 Setting up node-fs-readdir-recursive (1.1.0+~1.1.0-1) ...
#7 48.33 Setting up node-v8flags (3.2.0+~3.1.1-1) ...
#7 48.34 Setting up node-retry (0.13.1.+~cs2.19.16-1) ...
#7 48.35 Setting up node-get-caller-file (2.0.5+~cs1.1.1-4) ...
#7 48.36 Setting up node-arrify (2.0.1-3) ...
#7 48.37 Setting up node-eslint-visitor-keys (3.3.0+~1.0.0-1) ...
#7 48.38 Setting up node-caniuse-lite (1.0.30001723+dfsg+~1.0.5-1) ...
#7 48.38 Setting up node-isobject (4.0.0-2) ...
#7 48.39 Setting up node-delegates (1.0.0-3) ...
#7 48.40 Setting up node-depd (2.0.0-2) ...
#7 48.41 Setting up node-isexe (2.0.0+~2.0.1-5) ...
#7 48.42 Setting up node-resolve (1.22.8+~cs5.34.15-2) ...
#7 48.43 Setting up node-jsonparse (1.3.1-10) ...
#7 48.44 Setting up node-core-js-pure (3.33.2-1) ...
#7 48.45 Setting up node-es-module-lexer (1.1.0+dfsg-3) ...
#7 48.45 Setting up node-path-exists (5.0.0-8) ...
#7 48.46 Setting up libboost-system1.83.0:amd64 (1.83.0-4.2) ...
#7 48.48 Setting up node-unicode-match-property-value-ecmascript (2.1.0+ds-1) ...
#7 48.48 Setting up node-escape-string-regexp (4.0.0-2) ...
#7 48.49 Setting up node-through (2.3.8+~cs0.0.30-1) ...
#7 48.50 Setting up binutils-common:amd64 (2.44-3) ...
#7 48.51 Setting up libjs-source-map (0.7.0++dfsg2+really.0.6.1-15) ...
#7 48.52 Setting up node-p-locate (6.0.0-12) ...
#7 48.53 Setting up node-negotiator (0.6.3+~0.6.1-1) ...
#7 48.53 Setting up node-tslib (2.4.1-1) ...
#7 48.54 Setting up node-strip-bom (4.0.0-2) ...
#7 48.55 Setting up linux-libc-dev (6.12.107-1) ...
#7 48.56 Setting up libctf-nobfd0:amd64 (2.44-3) ...
#7 48.57 Setting up node-ci-info (4.0.0+~cs1.1.0-1) ...
#7 48.58 Setting up node-color-name (1.1.4+~1.1.1-2) ...
#7 48.59 Setting up node-chrome-trace-event (1.0.3-2) ...
#7 48.60 Setting up node-json-buffer (3.0.1+~3.0.0-1) ...
#7 48.61 Setting up node-electron-to-chromium (1.5.166-1) ...
#7 48.62 Setting up node-cjs-module-lexer (1.2.3+dfsg-1) ...
#7 48.62 Setting up node-console-control-strings (1.1.0-3) ...
#7 48.63 Setting up node-source-list-map (2.0.1+dfsg+~0.1.2-1) ...
#7 48.64 Setting up node-camelcase (7.0.0-3) ...
#7 48.65 Setting up node-resumer (0.0.0-6) ...
#7 48.66 Setting up node-uuid (8.3.2+~8.3.4-1) ...
#7 48.67 Setting up libboost-filesystem1.83.0:amd64 (1.83.0-4.2) ...
#7 48.68 Setting up libgomp1:amd64 (14.2.0-19) ...
#7 48.69 Setting up bzip2 (1.0.8-6) ...
#7 48.70 Setting up node-terser (5.38.0-1) ...
#7 48.71 Setting up node-path-type (4.0.0-3) ...
#7 48.72 Setting up node-indent-string (4.0.0-2) ...
#7 48.73 Setting up libsframe1:amd64 (2.44-3) ...
#7 48.74 Setting up node-typedarray (0.0.7-1) ...
#7 48.75 Setting up libjansson4:amd64 (2.14-2+b3) ...
#7 48.76 Setting up node-function-bind (1.1.2+~cs2.1.14-1) ...
#7 48.77 Setting up node-clone (2.1.2+~2.1.2-1) ...
#7 48.78 Setting up node-p-map (4.0.0+~3.1.0+~3.0.1-2) ...
#7 48.79 Setting up node-iferr (1.0.2+~1.0.2-1) ...
#7 48.80 Setting up node-chownr (2.0.0-3) ...
#7 48.81 Setting up node-has-flag (5.0.1-1) ...
#7 48.82 Setting up node-estraverse (5.3.0+ds+~5.1.1-1) ...
#7 48.83 Setting up node-regjsgen (0.7.1+ds-1) ...
#7 48.84 Setting up libboost-atomic1.83.0:amd64 (1.83.0-4.2) ...
#7 48.85 Setting up node-lodash-packages (4.17.21+dfsg+~cs8.31.198.20210220-9+deb13u1) ...
#7 48.86 Setting up node-json-schema-traverse (1.0.0-3) ...
#7 48.88 Setting up node-inherits (2.0.4-6) ...
#7 48.89 Setting up node-path-is-absolute (2.0.0-2) ...
#7 48.91 Setting up node-locate-path (7.1.1-2) ...
#7 48.91 Setting up node-ini (3.0.1-2) ...
#7 48.93 Setting up node-postcss-value-parser (4.2.0-1) ...
#7 48.94 Setting up node-is-descriptor (3.0.0-2) ...
#7 48.95 Setting up node-safe-buffer (5.2.1+~cs2.1.2-3) ...
#7 48.96 Setting up node-promise-inflight (1.0.1+~1.0.0-1) ...
#7 48.97 Setting up libpkgconf3:amd64 (1.8.1-4) ...
#7 48.98 Setting up rpcsvc-proto (1.4.3-1) ...
#7 48.99 Setting up node-rechoir (0.8.0+~0.6.1-2) ...
#7 49.01 Setting up node-json-parse-better-errors (1.0.2+~cs3.3.1-3) ...
#7 49.02 Setting up node-unicode-canonical-property-names-ecmascript (2.0.0-2) ...
#7 49.03 Setting up node-sprintf-js (1.1.2+ds1+~1.1.2-1) ...
#7 49.05 Setting up node-flatted (3.2.7~ds-1+deb13u1) ...
#7 49.07 Setting up node-y18n (5.0.8+~5.0.0-3) ...
#7 49.08 Setting up node-fast-deep-equal (3.1.3-3) ...
#7 49.09 Setting up node-shebang-regex (3.0.0-2) ...
#7 49.10 Setting up node-err-code (2.0.3+dfsg-3) ...
#7 49.11 Setting up node-resolve-from (5.0.0+~3.1.0+~3.3.0+~2.0.0-1) ...
#7 49.12 Setting up make (4.4.1-2) ...
#7 49.14 Setting up libmpfr6:amd64 (4.2.2-1) ...
#7 49.14 Setting up node-balanced-match (2.0.0-1) ...
#7 49.15 Setting up node-convert-source-map (1.9.0+~1.5.2-1) ...
#7 49.16 Setting up node-brace-expansion (2.0.1+~1.1.0-2) ...
#7 49.17 Setting up libncurses6:amd64 (6.5+20250216-2) ...
#7 49.18 Setting up node-is-stream (3.0.0-4) ...
#7 49.19 Setting up node-spdx-exceptions (2.3.0-2) ...
#7 49.20 Setting up libdbus-1-3:amd64 (1.16.2-2) ...
#7 49.21 Setting up xz-utils (5.8.1-1+deb13u1) ...
#7 49.22 update-alternatives: using /usr/bin/xz to provide /usr/bin/lzma (lzma) in auto mode
#7 49.22 update-alternatives: warning: skip creation of /usr/share/man/man1/lzma.1.gz because associated file /usr/share/man/man1/xz.1.gz (of link group lzma) doesn't exist
#7 49.22 update-alternatives: warning: skip creation of /usr/share/man/man1/unlzma.1.gz because associated file /usr/share/man/man1/unxz.1.gz (of link group lzma) doesn't exist
#7 49.22 update-alternatives: warning: skip creation of /usr/share/man/man1/lzcat.1.gz because associated file /usr/share/man/man1/xzcat.1.gz (of link group lzma) doesn't exist
#7 49.22 update-alternatives: warning: skip creation of /usr/share/man/man1/lzmore.1.gz because associated file /usr/share/man/man1/xzmore.1.gz (of link group lzma) doesn't exist
#7 49.22 update-alternatives: warning: skip creation of /usr/share/man/man1/lzless.1.gz because associated file /usr/share/man/man1/xzless.1.gz (of link group lzma) doesn't exist
#7 49.22 update-alternatives: warning: skip creation of /usr/share/man/man1/lzdiff.1.gz because associated file /usr/share/man/man1/xzdiff.1.gz (of link group lzma) doesn't exist
#7 49.22 update-alternatives: warning: skip creation of /usr/share/man/man1/lzcmp.1.gz because associated file /usr/share/man/man1/xzcmp.1.gz (of link group lzma) doesn't exist
#7 49.22 update-alternatives: warning: skip creation of /usr/share/man/man1/lzgrep.1.gz because associated file /usr/share/man/man1/xzgrep.1.gz (of link group lzma) doesn't exist
#7 49.22 update-alternatives: warning: skip creation of /usr/share/man/man1/lzegrep.1.gz because associated file /usr/share/man/man1/xzegrep.1.gz (of link group lzma) doesn't exist
#7 49.22 update-alternatives: warning: skip creation of /usr/share/man/man1/lzfgrep.1.gz because associated file /usr/share/man/man1/xzfgrep.1.gz (of link group lzma) doesn't exist
#7 49.23 Setting up node-get-stream (8.0.1-11) ...
#7 49.24 Setting up libquadmath0:amd64 (14.2.0-19) ...
#7 49.24 Setting up node-js-tokens (8.0.0-2) ...
#7 49.25 Setting up node-core-js (3.33.2-1) ...
#7 49.26 Setting up node-interpret (2.2.0-3) ...
#7 49.27 Setting up node-set-blocking (2.0.0-2) ...
#7 49.28 Setting up node-prr (1.0.1-3) ...
#7 49.29 Setting up libssl-dev:amd64 (3.5.7-1~deb13u2) ...
#7 49.30 Setting up libcares2:amd64 (1.34.5-1+deb13u1) ...
#7 49.30 Setting up libmpc3:amd64 (1.3.1-1+b3) ...
#7 49.31 Setting up libmnl0:amd64 (1.0.5-3) ...
#7 49.32 Setting up node-repeat-string (1.6.1+repack-1) ...
#7 49.33 Setting up node-globals (13.23.0-1) ...
#7 49.34 Setting up node-deep-is (0.1.4-1) ...
#7 49.35 Setting up patch (2.8-2) ...
#7 49.35 Setting up node-async (3.2.6+dfsg-2) ...
#7 49.36 Setting up node-signal-exit (4.1.0-7) ...
#7 49.37 Setting up node-randombytes (2.1.0+~2.0.0-2) ...
#7 49.38 Setting up pkgconf-bin (1.8.1-4) ...
#7 49.39 Setting up node-source-map (0.7.0++dfsg2+really.0.6.1-15) ...
#7 49.40 Setting up node-wrappy (1.0.2-3) ...
#7 49.41 Setting up node-text-table (0.2.0-4) ...
#7 49.42 Setting up libdpkg-perl (1.22.22) ...
#7 49.43 Setting up node-require-directory (2.1.1+~2.1.2-1) ...
#7 49.43 Setting up node-ip (2.0.1+~1.1.3-3) ...
#7 49.44 Setting up node-quick-lru (6.1.1-4) ...
#7 49.46 Setting up node-regenerator-runtime (0.15.2+~0.10.8-1) ...
#7 49.47 Setting up node-punycode (2.3.1+~2.1.4-1) ...
#7 49.48 Setting up libubsan1:amd64 (14.2.0-19) ...
#7 49.49 Setting up node-to-fast-properties (3.0.1-3) ...
#7 49.50 Setting up node-defaults (1.0.4+~1.0.3-1) ...
#7 49.51 Setting up node-mute-stream (0.0.8+~0.0.1-3) ...
#7 49.52 Setting up node-memfs (3.4.12+~cs1.0.3-1) ...
#7 49.53 Setting up node-mimic-response (3.1.0-9) ...
#7 49.54 Setting up node-commander (9.4.1-1) ...
#7 49.55 Setting up node-undici (7.3.0+dfsg1+~cs24.12.11-1) ...
#7 49.56 Setting up libjs-typedarray-to-buffer (4.0.0-2) ...
#7 49.58 Setting up node-graceful-fs (4.2.10-1) ...
#7 49.58 Setting up node-merge-stream (2.0.0+~1.1.2-2) ...
#7 49.59 Setting up node-is-path-cwd (2.2.0-2) ...
#7 49.60 Setting up libhwasan0:amd64 (14.2.0-19) ...
#7 49.62 Setting up libcrypt-dev:amd64 (1:4.4.38-1) ...
#7 49.63 Setting up libnfnetlink0:amd64 (1.0.2-3) ...
#7 49.64 Setting up node-jsonify (0.0.1-1) ...
#7 49.65 Setting up libasan8:amd64 (14.2.0-19) ...
#7 49.65 Setting up node-json-stable-stringify (1.0.2+repack1+~cs1.0.34-2) ...
#7 49.66 Setting up node-fast-levenshtein (2.0.6+ds-3) ...
#7 49.67 Setting up libjs-regenerate (1.4.2-3) ...
#7 49.68 Setting up node-hosted-git-info (6.1.1-2) ...
#7 49.69 Setting up node-aproba (2.0.0-3) ...
#7 49.70 Setting up node-unicode-property-aliases-ecmascript (2.1.0+ds-1) ...
#7 49.70 Setting up node-binary-extensions (2.2.0-2) ...
#7 49.71 Setting up node-is-plain-object (5.0.0-7) ...
#7 49.73 Setting up node-eslint-utils (3.0.0-3) ...
#7 49.74 Setting up node-mimic-fn (4.0.0-5) ...
#7 49.75 Setting up node-path-dirname (1.0.2-2) ...
#7 49.75 Setting up node-ip-regex (4.3.0+~4.1.1-1) ...
#7 49.76 Setting up node-spdx-license-ids (3.0.12-1) ...
#7 49.78 Setting up node-string-decoder (1.3.0-6) ...
#7 49.79 Setting up node-esutils (2.0.3+~2.0.0-1) ...
#7 49.79 Setting up netbase (6.5) ...
#7 49.82 Setting up node-time-stamp (2.2.0-2) ...
#7 49.83 Setting up node-commondir (1.0.1+~1.0.0-1) ...
#7 49.84 Setting up sgml-base (1.31+nmu1) ...
#7 49.87 Setting up libjs-prettify (2015.12.04+dfsg-1.1) ...
#7 49.87 Setting up libjs-events (3.3.0+~3.0.0-3) ...
#7 49.88 Setting up node-run-queue (2.0.0-3) ...
#7 49.89 Setting up node-core-util-is (1.0.3-1) ...
#7 49.90 Setting up node-json-schema (0.4.0+~7.0.11-1) ...
#7 49.90 Setting up node-uri-js (4.4.0+dfsg-8) ...
#7 49.91 Setting up node-prelude-ls (1.2.1+dfsg-3) ...
#7 49.92 Setting up libicu76:amd64 (76.1-4) ...
#7 49.93 Setting up node-minimatch (9.0.3-6) ...
#7 49.94 Setting up libmbedcrypto16:amd64 (3.6.6-0.1~deb13u1) ...
#7 49.94 Setting up libtsan2:amd64 (14.2.0-19) ...
#7 49.95 Setting up libprotoc32t64:amd64 (3.21.12-11+deb13u1) ...
#7 49.96 Setting up libbinutils:amd64 (2.44-3) ...
#7 49.97 Setting up node-imurmurhash (0.1.4+dfsg+~0.1.1-2) ...
#7 49.98 Setting up node-xtend (4.0.2-3) ...
#7 49.98 Setting up libisl23:amd64 (0.27-1) ...
#7 49.99 Setting up node-set-immediate-shim (2.0.0-2) ...
#7 50.00 Setting up node-foreground-child (3.1.1-2) ...
#7 50.01 Setting up libc-dev-bin (2.41-12+deb13u4) ...
#7 50.02 Setting up node-wordwrap (1.0.0-4) ...
#7 50.03 Setting up node-read (1.0.7-5) ...
#7 50.04 Setting up node-regexpp (3.2.0-5) ...
#7 50.04 Setting up openssl (3.5.7-1~deb13u2) ...
#7 50.05 Setting up libcap-dev:amd64 (1:2.75-10+deb13u1+b3) ...
#7 50.06 Setting up node-is-arrayish (0.3.2-3) ...
#7 50.07 Setting up node-base64-js (1.5.1+dfsg+~1.3.0-2) ...
#7 50.08 Setting up node-esquery (1.4.2~ds-1) ...
#7 50.09 Setting up node-npm-run-path (5.1.0+~4.0.0-8) ...
#7 50.09 Setting up readline-common (8.2-6) ...
#7 50.10 Setting up node-is-buffer (2.0.5-2) ...
#7 50.11 Setting up node-color-convert (2.0.1+~cs2.0.0-2) ...
#7 50.12 Setting up libcc1-0:amd64 (14.2.0-19) ...
#7 50.13 Setting up libsystemd-dev:amd64 (257.13-1~deb13u1) ...
#7 50.14 Setting up node-data-uri-to-buffer (6.0.2~0~2024040606-6+deb13u1) ...
#7 50.14 Setting up liblsan0:amd64 (14.2.0-19) ...
#7 50.15 Setting up node-async-each (1.0.3-3) ...
#7 50.16 Setting up libitm1:amd64 (14.2.0-19) ...
#7 50.17 Setting up node-isarray (2.0.5-4) ...
#7 50.18 Setting up node-osenv (0.1.5+~0.1.1-1) ...
#7 50.18 Setting up node-is-plain-obj (3.0.0-2) ...
#7 50.19 Setting up node-is-extglob (2.1.1-5) ...
#7 50.20 Setting up node-tapable (2.2.1-3) ...
#7 50.21 Setting up node-shebang-command (2.0.0-1) ...
#7 50.22 Setting up libjs-is-typedarray (1.0.0-4) ...
#7 50.22 Setting up node-lowercase-keys (2.0.0-2) ...
#7 50.23 Setting up node-babel-plugin-add-module-exports (1.0.4+dfsg1~cs5.8.0-4) ...
#7 50.24 Setting up node-decompress-response (6.0.0-3) ...
#7 50.25 Setting up node-strip-eof (3.0.0-5) ...
#7 50.26 Setting up node-process-nextick-args (2.0.1-3) ...
#7 50.26 Setting up node-has-unicode (2.0.1-5) ...
#7 50.27 Setting up libctf0:amd64 (2.44-3) ...
#7 50.28 Setting up node-readable-stream (3.6.0+~cs3.0.0-4) ...
#7 50.29 Setting up node-promise-retry (2.0.1-4) ...
#7 50.30 Setting up node-supports-color (8.1.1+~8.1.1-1) ...
#7 50.30 Setting up node-error-ex (1.3.2-4) ...
#7 50.31 Setting up protobuf-compiler (3.21.12-11+deb13u1) ...
#7 50.32 Setting up node-once (1.4.1-1) ...
#7 50.33 Setting up node-webpack-sources (3.2.3+~3.2.0-2) ...
#7 50.34 Setting up node-n3 (1.16.3+~1.2.3+~1.10.4-1) ...
#7 50.35 Setting up node-serialize-javascript (6.0.2-1) ...
#7 50.36 Setting up node-are-we-there-yet (3.0.1+~1.1.0-1) ...
#7 50.36 Setting up node-find-up (6.3.0-7) ...
#7 50.37 Setting up node-kind-of (6.0.3+dfsg-2) ...
#7 50.38 Setting up node-is-binary-path (2.1.0-5) ...
#7 50.39 Setting up node-events (3.3.0+~3.0.0-3) ...
#7 50.40 Setting up node-minimist (1.2.8+~cs5.3.5-1) ...
#7 50.40 Setting up node-fancy-log (1.3.3+~cs1.3.1-2) ...
#7 50.41 Setting up pkgconf:amd64 (1.8.1-4) ...
#7 50.42 Setting up node-define-property (2.0.2+really+2.0.2-3) ...
#7 50.43 Setting up node-promzard (0.3.0-2) ...
#7 50.44 Setting up node-wcwidth.js (1.0.2-2) ...
#7 50.46 Setting up node-resolve-cwd (3.0.0-2) ...
#7 50.47 Setting up node-fetch (3.3.2+~cs11.4.11-3) ...
#7 50.47 Setting up node-babel7-runtime (7.20.15+ds1+~cs214.269.168-8) ...
#7 50.48 Setting up node-iconv-lite (0.6.3-3) ...
#7 50.49 Setting up node-type-check (0.4.0+dfsg-3) ...
#7 50.50 Setting up libgprofng0:amd64 (2.44-3) ...
#7 50.51 Setting up libmbedx509-7:amd64 (3.6.6-0.1~deb13u1) ...
#7 50.52 Setting up node-ansi-styles (6.2.1-3) ...
#7 50.52 Setting up node-pkg-dir (5.0.0-2) ...
#7 50.53 Setting up node-got (11.8.5+~cs58.13.36-5) ...
#7 50.54 Setting up node-optimist (0.6.1+~0.0.30-2) ...
#7 50.55 Setting up pkg-config:amd64 (1.8.1-4) ...
#7 50.55 Setting up libnetfilter-queue1:amd64 (1.0.5-4+b1) ...
#7 50.56 Setting up cpp-14-x86-64-linux-gnu (14.2.0-19) ...
#7 50.57 Setting up node-spdx-expression-parse (3.0.1+~3.0.1-1) ...
#7 50.57 Setting up cpp-14 (14.2.0-19) ...
#7 50.58 Setting up libmbedtls21:amd64 (3.6.6-0.1~deb13u1) ...
#7 50.59 Setting up libreadline8t64:amd64 (8.2-6) ...
#7 50.60 Setting up node-concat-stream (2.0.0+~2.0.0-2) ...
#7 50.61 Setting up node-is-typedarray (1.0.0-4) ...
#7 50.62 Setting up node-inflight (1.0.6-2) ...
#7 50.63 Setting up xml-core (0.19) ...
#7 50.76 Setting up libc6-dev:amd64 (2.41-12+deb13u4) ...
#7 50.77 Setting up libgcc-14-dev:amd64 (14.2.0-19) ...
#7 50.78 Setting up node-encoding (0.1.13-2) ...
#7 50.79 Setting up libstdc++-14-dev:amd64 (14.2.0-19) ...
#7 50.79 Setting up libpython3.13-stdlib:amd64 (3.13.5-2+deb13u5) ...
#7 50.80 Setting up node-slice-ansi (5.0.0+~cs9.0.0-5) ...
#7 50.81 Setting up libpython3-stdlib:amd64 (3.13.5-1) ...
#7 50.82 Setting up binutils-x86-64-linux-gnu (2.44-3) ...
#7 50.82 Setting up node-fs-write-stream-atomic (1.0.10-6) ...
#7 50.83 Setting up cpp-x86-64-linux-gnu (4:14.2.0-1) ...
#7 50.84 Setting up libnfnetlink-dev:amd64 (1.0.2-3) ...
#7 50.85 Setting up libboost1.83-dev:amd64 (1.83.0-4.2) ...
#7 50.85 Setting up libncurses-dev:amd64 (6.5+20250216-2) ...
#7 50.86 Setting up node-regenerator-transform (0.15.2+~0.10.8-1) ...
#7 50.87 Setting up python3.13 (3.13.5-2+deb13u5) ...
#7 51.42 Setting up python3 (3.13.5-1) ...
#7 51.49 Setting up binutils (2.44-3) ...
#7 51.50 Setting up libmbedtls-dev:amd64 (3.6.6-0.1~deb13u1) ...
#7 51.51 Setting up libreadline-dev:amd64 (8.2-6) ...
#7 51.51 Setting up dpkg-dev (1.22.22) ...
#7 51.53 Setting up node-levn (0.4.1+dfsg-2) ...
#7 51.53 Setting up node-spdx-correct (3.1.1-2) ...
#7 51.54 Setting up python3-packaging (25.0-1) ...
#7 51.62 Setting up node-glob (8.1.0+~cs8.5.15-1) ...
#7 51.63 Setting up libnetfilter-queue-dev:amd64 (1.0.5-4+b1) ...
#7 51.64 Setting up node-typedarray-to-buffer (4.0.0-2) ...
#7 51.65 Setting up libboost-atomic1.83-dev:amd64 (1.83.0-4.2) ...
#7 51.65 Setting up zlib1g-dev:amd64 (1:1.3.dfsg+really1.3.1-1+b1) ...
#7 51.66 Setting up node-minipass (5.0.0+~cs10.3.21-3) ...
#7 51.67 Setting up cpp (4:14.2.0-1) ...
#7 51.68 Setting up libboost-dev:amd64 (1.83.0.2+b2) ...
#7 51.69 Setting up libboost-system1.83-dev:amd64 (1.83.0-4.2) ...
#7 51.70 Setting up gcc-14-x86-64-linux-gnu (14.2.0-19) ...
#7 51.71 Setting up gyp (0.16.2-2) ...
#7 51.87 Setting up node-validate-npm-package-license (3.0.4-2) ...
#7 51.87 Setting up node-optionator (0.9.1+dfsg+~cs1.2.3-1) ...
#7 51.88 Setting up node-ssri (9.0.1-3) ...
#7 51.89 Setting up gcc-x86-64-linux-gnu (4:14.2.0-1) ...
#7 51.90 Setting up node-write-file-atomic (4.0.2+~4.0.0-2) ...
#7 51.91 Setting up libboost-system-dev:amd64 (1.83.0.2+b2) ...
#7 51.91 Setting up libboost-filesystem1.83-dev:amd64 (1.83.0-4.2) ...
#7 51.92 Setting up gcc-14 (14.2.0-19) ...
#7 51.93 Setting up libprotobuf-dev:amd64 (3.21.12-11+deb13u1) ...
#7 51.94 Setting up g++-14-x86-64-linux-gnu (14.2.0-19) ...
#7 51.95 Setting up g++-x86-64-linux-gnu (4:14.2.0-1) ...
#7 51.95 Setting up g++-14 (14.2.0-19) ...
#7 51.96 Setting up libboost-filesystem-dev:amd64 (1.83.0.2+b2) ...
#7 51.97 Setting up gcc (4:14.2.0-1) ...
#7 51.99 Setting up g++ (4:14.2.0-1) ...
#7 51.99 update-alternatives: using /usr/bin/g++ to provide /usr/bin/c++ (c++) in auto mode
#7 52.00 Setting up build-essential (12.12) ...
#7 52.01 Setting up node-corepack (0.24.0-5) ...
#7 52.02 Setting up node-define-properties (1.2.1+~cs2.2.3-1) ...
#7 52.04 Setting up node-acorn (8.8.1+ds+~cs25.17.7-2) ...
#7 52.04 Setting up node-espree (9.4.1~dfsg-2) ...
#7 52.05 Setting up node-debbundle-es-to-primitive (1.2.1+~cs9.7.25-2) ...
#7 52.07 Setting up libnode115:amd64 (20.19.2+dfsg-1+deb13u2) ...
#7 52.08 Setting up libnode-dev (20.19.2+dfsg-1+deb13u2) ...
#7 52.09 Setting up nodejs (20.19.2+dfsg-1+deb13u2) ...
#7 52.09 update-alternatives: using /usr/bin/nodejs to provide /usr/bin/js (js) in auto mode
#7 52.09 update-alternatives: warning: skip creation of /usr/share/man/man1/js.1.gz because associated file /usr/share/man/man1/nodejs.1.gz (of link group js) doesn't exist
#7 52.10 Setting up node-argparse (2.0.1-2) ...
#7 52.11 Setting up terser (5.38.0-1) ...
#7 52.13 Setting up node-mime (3.0.0+dfsg+~cs6.97.2-2) ...
#7 52.15 Setting up node-source-map-support (0.5.21+ds+~0.5.10-1) ...
#7 52.16 Setting up node-unique-filename (1.1.1+ds-2) ...
#7 52.17 Setting up node-unicode-match-property-ecmascript (2.0.0-2) ...
#7 52.18 Setting up node-defined (1.0.1+~1.0.0-1) ...
#7 52.19 Setting up node-mime-types (2.1.35-2) ...
#7 52.20 Setting up node-ansi-escapes (5.0.0+really.4.3.1-1) ...
#7 52.20 Setting up node-strip-ansi (6.0.1-2) ...
#7 52.21 Setting up node-write (2.0.0~6.0.1+~3.0.4+~2.0.0+~1.0.0+~2.0.1-1) ...
#7 52.22 Setting up node-ignore (5.2.1-1) ...
#7 52.23 Setting up node-chalk (5.3.0-1) ...
#7 52.24 Setting up node-which (2.0.2+~cs1.3.2-3) ...
#7 52.25 Setting up node-css-selector-tokenizer (0.8.0+~cs4.8.3-1) ...
#7 52.25 Setting up node-esprima (4.0.1+ds+~4.0.3-2) ...
#7 52.27 Setting up node-is-path-inside (3.0.3-2) ...
#7 52.28 Setting up node-neo-async (2.6.2+~cs3.0.0-3) ...
#7 52.29 Setting up node-mkdirp (2.1.6+~cs5.2.1-2) ...
#7 52.30 Setting up node-es6-error (4.1.1-5) ...
#7 52.31 Setting up node-archy (1.0.0-6) ...
#7 52.32 Setting up node-js-yaml (4.1.0+dfsg+~4.0.5-7) ...
#7 52.32 Setting up node-nopt (5.0.0-4) ...
#7 52.33 Setting up node-lodash (4.17.21+dfsg+~cs8.31.198.20210220-9+deb13u1) ...
#7 52.34 Setting up node-progress (2.0.3-2) ...
#7 52.35 Setting up node-json5 (2.2.3+dfsg-1) ...
#7 52.35 Setting up node-ms (2.1.3+~cs0.7.31-3) ...
#7 52.36 Setting up node-rimraf (3.0.2-2) ...
#7 52.37 Setting up node-string-width (4.2.3+~cs13.2.3-1) ...
#7 52.38 Setting up node-regenerate (1.4.2-3) ...
#7 52.39 Setting up node-semver (7.6.1+~7.5.8-2) ...
#7 52.39 Setting up node-picocolors (1.0.0-4) ...
#7 52.40 Setting up node-es-abstract (1.20.4+~cs26.27.47-2) ...
#7 52.41 Setting up node-builtins (5.0.1-1) ...
#7 52.42 Setting up handlebars (3:4.7.7+~4.1.0-1) ...
#7 52.43 Setting up node-object-assign (4.1.1-7) ...
#7 52.44 Setting up node-is-glob (4.0.3-2) ...
#7 52.45 Setting up node-v8-compile-cache (2.4.0-2) ...
#7 52.46 Setting up node-flat-cache (3.0.4~6.0.1+~3.0.4+~2.0.0+~1.0.0+~2.0.1-1) ...
#7 52.47 Setting up node-is-number (7.0.0-4) ...
#7 52.48 Setting up node-babel-plugin-polyfill-corejs2 (0.3.3~0~20220913+ds1-1) ...
#7 52.49 Setting up node-for-in (1.0.2-4) ...
#7 52.50 Setting up node-webassemblyjs (1.11.4+dfsg+~cs10.11.17-2) ...
#7 52.50 Setting up node-execa (8.0.1+dfsg1+~cs12.0.0-1) ...
#7 52.51 Setting up node-strip-json-comments (4.0.0-4) ...
#7 52.52 Setting up node-is-extendable (1.0.1-3) ...
#7 52.53 Setting up node-columnify (1.6.0+~1.5.1-1) ...
#7 52.54 Setting up node-doctrine (3.0.0-4) ...
#7 52.55 Setting up node-copy-concurrently (1.0.5-9) ...
#7 52.56 Setting up node-ajv (8.12.0~ds+~2.1.1-5) ...
#7 52.57 Setting up node-jsesc (3.0.2+~3.0.1-1) ...
#7 52.58 Setting up node-regjsparser (0.9.1+ds-2) ...
#7 52.59 Setting up node-errno (1.0.0-3) ...
#7 52.60 Setting up node-decamelize (4.0.0-2) ...
#7 52.61 Setting up node-move-concurrently (1.0.1-5) ...
#7 52.61 Setting up node-normalize-path (3.0.0+~3.0.0-1) ...
#7 52.62 Setting up node-functional-red-black-tree (1.0.1+20181105-7) ...
#7 52.63 Setting up node-debug (4.3.4+~cs4.1.7-1) ...
#7 52.64 Setting up node-agent-base (7.1.1~0~2024040606-6+deb13u1) ...
#7 52.64 Setting up node-browserslist (4.25.0+~cs6.3.22-1) ...
#7 52.65 Setting up node-yargs-parser (21.1.1+~21.0.0-4) ...
#7 52.66 Setting up node-make-dir (3.1.0-3) ...
#7 52.67 Setting up node-validate-npm-package-name (5.0.0+~4.0.0-1) ...
#7 52.68 Setting up node-esrecurse (4.3.0-2) ...
#7 52.69 Setting up node-file-entry-cache (6.0.1+~3.0.4+~2.0.0+~1.0.0+~2.0.1-1) ...
#7 52.70 Setting up node-wrap-ansi (8.0.1+~8.0.1-3) ...
#7 52.71 Setting up node-normalize-package-data (4.0.1+~2.4.1-1) ...
#7 52.71 Setting up node-for-own (1.0.0-3) ...
#7 52.72 Setting up node-eslint-scope (7.1.1+~3.7.4-1) ...
#7 52.73 Setting up node-escodegen (2.1.0+dfsg+~0.0.8-1) ...
#7 52.74 Setting up node-memory-fs (0.5.0+~0.3.3-2) ...
#7 52.74 Setting up node-babel-helper-define-polyfill-provider (0.3.3~0~20220913+ds1-1) ...
#7 52.75 Setting up node-cli-table (0.3.11+~cs0.13.4-3) ...
#7 52.76 Setting up node-tar (6.2.1+~cs7.0.8-1+deb13u1) ...
#7 52.76 Setting up node-regenerate-unicode-properties (10.1.0+ds-1) ...
#7 52.77 Setting up node-glob-parent (6.0.2+~5.1.1-2) ...
#7 52.78 Setting up node-enhanced-resolve (5.15.0-1) ...
#7 52.79 Setting up node-postcss (8.4.49+~cs9.2.32-1) ...
#7 52.79 Setting up node-wide-align (1.1.3-4) ...
#7 52.80 Setting up node-npm-package-arg (10.0.0+~3.0.0-2) ...
#7 52.81 Setting up node-anymatch (3.1.3+~cs4.6.1-2) ...
#7 52.82 Setting up node-postcss-modules-extract-imports (3.0.0-2) ...
#7 52.83 Setting up node-read-pkg (5.2.0-2) ...
#7 52.83 Setting up node-https-proxy-agent (7.0.4~0~2024040606-6+deb13u1) ...
#7 52.84 Setting up node-cliui (7.0.4+repack+1+~cs1.4.2-2) ...
#7 52.86 Setting up node-regexpu-core (5.2.2-3) ...
#7 52.87 Setting up node-yargs (16.2.0+~16.0.4-7) ...
#7 52.88 Setting up node-to-regex-range (5.0.1-4) ...
#7 52.88 Setting up node-cacache (17.0.3+~cs10.3.7-2) ...
#7 52.89 Setting up node-envinfo (7.11.0+~cs14.3.0-3) ...
#7 52.90 Setting up node-ajv-keywords (5.1.0-4) ...
#7 52.91 Setting up node-read-package-json (5.0.2+~2.0.0-2) ...
#7 52.92 Setting up node-core-js-compat (3.33.2-1) ...
#7 52.93 Setting up node-http-proxy-agent (7.0.2~0~2024040606-6+deb13u1) ...
#7 52.93 Setting up node-clone-deep (4.0.1+~cs7.0.2-1) ...
#7 52.94 Setting up eslint (6.4.0~dfsg+~6.1.9-12) ...
#7 52.95 Setting up node-babel-plugin-polyfill-regenerator (0.4.1~0~20220913+ds1-1) ...
#7 52.96 Setting up node-gauge (4.0.4-2) ...
#7 52.96 Setting up node-readdirp (3.6.0-1) ...
#7 52.97 Setting up node-icss-utils (5.1.0+~5.1.0-1) ...
#7 52.98 Setting up node-npm-bundled (2.0.1-2) ...
#7 52.98 Setting up node-schema-utils (4.2.0~ds-3) ...
#7 52.99 Setting up node-jest-worker (29.6.2~ds1+~cs73.45.28-5) ...
#7 53.00 Setting up node-npmlog (7.0.1+~4.1.4-1) ...
#7 53.01 Setting up node-babel-plugin-polyfill-corejs3 (0.6.0~0~20220913+ds1-1) ...
#7 53.02 Setting up node-postcss-modules-values (4.0.0+~4.0.0-1) ...
#7 53.02 Setting up node-fill-range (7.1.1+~7.0.3-1) ...
#7 53.03 Setting up node-gyp (11.1.0+~5.0.0-1) ...
#7 53.04 Setting up node-braces (3.0.3+~3.0.5-1) ...
#7 53.05 Setting up node-chokidar (3.6.0-3) ...
#7 53.06 Setting up node-watchpack (2.4.0+~cs2.8.1-1) ...
#7 53.07 Setting up node-micromatch (4.0.7+~4.0.9-1) ...
#7 53.07 Setting up node-globby (13.1.3+~cs16.25.40-3) ...
#7 53.08 Setting up node-del (7.1.0-1) ...
#7 53.09 Setting up node-find-cache-dir (3.3.2+~3.2.1-1) ...
#7 53.10 Setting up node-istanbul (0.4.5+repack10+~cs98.25.59-3) ...
#7 53.10 Setting up node-tape (5.6.1+~cs8.20.19-3) ...
#7 53.11 Setting up node-babel7 (7.20.15+ds1+~cs214.269.168-8) ...
#7 53.12 update-alternatives: using /usr/bin/babeljs-7 to provide /usr/bin/babeljs (babeljs) in auto mode
#7 53.12 update-alternatives: using /usr/bin/babeljs-7-external-helpers to provide /usr/bin/babeljs-external-helpers (babeljs-external-helpers) in auto mode
#7 53.13 update-alternatives: using /usr/bin/babeljs-7-node to provide /usr/bin/babeljs-node (babeljs-node) in auto mode
#7 53.13 update-alternatives: using /usr/bin/babeljs-7-parser to provide /usr/bin/babeljs-parser (babeljs-parser) in auto mode
#7 53.13 Setting up node-deep-equal (2.2.3+~cs43.15.94-1) ...
#7 53.14 Setting up libjs-util (0.12.5+~1.0.10-1) ...
#7 53.15 Setting up node-babel-plugin-lodash (3.3.4+~cs2.0.1-7) ...
#7 53.16 Setting up node-jest-debbundle (29.6.2~ds1+~cs73.45.28-5) ...
#7 53.16 Setting up node-util (0.12.5+~1.0.10-1) ...
#7 53.17 Setting up webpack (5.97.1+dfsg1+~cs11.18.27-3) ...
#7 53.18 Setting up node-assert (2.0.0+~cs3.9.8-2) ...
#7 53.19 Setting up node-css-loader (6.8.1+~cs14.0.17-1) ...
#7 53.20 Setting up node-parse-json (5.2.0+~cs5.1.7-2) ...
#7 53.20 Setting up npm (9.2.0~ds1-3) ...
#7 53.22 Processing triggers for libc-bin (2.41-12+deb13u4) ...
#7 53.23 Processing triggers for sgml-base (1.31+nmu1) ...
#7 53.25 Setting up libdbus-1-dev:amd64 (1.16.2-2) ...
#7 DONE 53.6s

#8 exporting to image
#8 exporting layers
#8 exporting layers 17.4s done
#8 exporting manifest sha256:522b00114a1f62324c8e0a79e4608eec5b033a6ec06e52990f2b4a93fc98d324 done
#8 exporting config sha256:264ca7bd3a943708ad61d55170dfdbe7987e9ac54bf6f7eb4d0699b10ff867c8 0.0s done
#8 exporting attestation manifest sha256:88d76b9e77a56f2ea362a0242ff80bfcce503bb8e21104da5d43605ea7eb79f1 0.0s done
#8 exporting manifest list sha256:7b64dce0b8dadca4a9b8c048d0401a397827eaf4397602320dc09807a4c4e95f done
#8 naming to docker.io/local/sdk2026-apt-check:builder done
#8 unpacking to docker.io/local/sdk2026-apt-check:builder
#8 unpacking to docker.io/local/sdk2026-apt-check:builder 10.4s done
#8 DONE 27.9s

 2 warnings found (use docker --debug to expand):
 - FromPlatformFlagConstDisallowed: FROM --platform flag should not use constant value "linux/amd64" (line 4)
 - FromPlatformFlagConstDisallowed: FROM --platform flag should not use constant value "linux/amd64" (line 17)
